Season,Player_ID,games_bx,minutes_bx,pir_bx
2016,P000046   ,22,531.65,281
2016,P000357   ,27,688.8666666666667,323
2016,P000399   ,30,338.1166666666667,146
2016,P000436   ,32,515.2,173
2016,P000464   ,33,497.78333333333336,145
2016,P000494   ,30,872.4833333333333,326
2016,P000497   ,22,30.416666666666668,-9
2016,P000529   ,29,845.2,331
2016,P000556   ,27,574.5833333333334,227
2016,P000622   ,28,484.5833333333333,153
2016,P000659   ,13,197.93333333333334,45
2016,P000880   ,18,326.1166666666667,101
2016,P000925   ,34,833.4166666666666,398
2016,P000956   ,9,121.05,20
2016,P001098   ,30,446.3333333333333,189
2016,P001108   ,22,174.85,46
2016,P001133   ,24,496.2,289
2016,P001142   ,9,0.0,0
2016,P001215   ,9,139.36666666666667,86
2016,P001255   ,37,860.1,358
2016,P001274   ,29,735.3666666666667,254
2016,P001324   ,34,860.15,363
2016,P001389   ,26,348.98333333333335,26
2016,P001392   ,29,734.85,319
2016,P001438   ,34,555.5166666666667,291
2016,P001633   ,33,248.13333333333333,79
2016,P001832   ,15,300.3,126
2016,P001833   ,33,716.0333333333333,272
2016,P001844   ,11,160.35,61
2016,P001887   ,28,951.7833333333333,611
2016,P001926   ,29,756.8666666666667,285
2016,P001932   ,33,898.2833333333333,385
2016,P001960   ,36,614.15,226
2016,P001972   ,24,521.3333333333334,144
2016,P002026   ,30,523.2166666666667,139
2016,P002081   ,12,48.43333333333333,0
2016,P002100   ,28,758.4,582
2016,P002104   ,29,408.8833333333333,36
2016,P002276   ,10,38.46666666666666,9
2016,P002329   ,30,734.6166666666667,279
2016,P002358   ,7,0.0,0
2016,P002429   ,33,911.7666666666667,253
2016,P002506   ,27,124.10000000000001,58
2016,P002507   ,29,632.7666666666667,377
2016,P002543   ,30,754.1166666666667,301
2016,P002553   ,28,442.73333333333335,121
2016,P002744   ,33,617.65,263
2016,P002753   ,10,0.06666666666666667,0
2016,P002812   ,35,716.2166666666667,352
2016,P002821   ,22,615.85,367
2016,P002849   ,30,874.7166666666667,507
2016,P002871   ,1,0.0,0
2016,P002946   ,32,387.7,79
2016,P002969   ,34,207.88333333333333,53
2016,P002980   ,16,343.3666666666667,134
2016,P003024   ,35,892.9833333333333,360
2016,P003034   ,29,618.3666666666667,409
2016,P003048   ,35,1015.4333333333333,511
2016,P003151   ,29,217.35,26
2016,P003210   ,30,542.2333333333333,265
2016,P003240   ,15,29.916666666666664,1
2016,P003269   ,4,14.833333333333334,3
2016,P003328   ,34,293.6166666666667,75
2016,P003367   ,30,888.6666666666666,319
2016,P003413   ,34,736.65,299
2016,P003443   ,19,515.2,211
2016,P003452   ,33,446.93333333333334,109
2016,P003453   ,30,287.18333333333334,114
2016,P003469   ,30,551.8,293
2016,P003472   ,26,461.6666666666667,209
2016,P003479   ,30,618.9166666666666,420
2016,P003482   ,33,490.6333333333333,114
2016,P003508   ,17,291.93333333333334,137
2016,P003514   ,23,440.8833333333333,110
2016,P003521   ,35,275.2,60
2016,P003527   ,30,369.53333333333336,85
2016,P003537   ,37,875.7166666666667,181
2016,P003540   ,33,454.3333333333333,144
2016,P003608   ,26,557.95,295
2016,P003703   ,16,102.66666666666667,38
2016,P003783   ,23,30.21666666666667,-6
2016,P003941   ,37,455.9,208
2016,P004004   ,29,544.1,187
2016,P004007   ,30,67.5,8
2016,P004088   ,35,649.3333333333334,220
2016,P004094   ,1,0.0,0
2016,P004119   ,30,587.6,430
2016,P004132   ,30,592.2333333333333,320
2016,P004159   ,30,748.35,313
2016,P004160   ,24,353.0833333333333,100
2016,P004161   ,10,58.65,17
2016,P004170   ,32,399.0,40
2016,P004178   ,27,608.9833333333333,241
2016,P004183   ,16,227.81666666666666,121
2016,P004218   ,31,30.483333333333334,-1
2016,P004222   ,17,140.1,41
2016,P004223   ,22,224.86666666666667,49
2016,P004259   ,30,518.8833333333333,248
2016,P004290   ,18,42.0,-7
2016,P004292   ,12,2.5166666666666666,-2
2016,P004300   ,24,79.23333333333333,31
2016,P004418   ,30,619.1833333333334,301
2016,P004425   ,35,1024.05,533
2016,P004429   ,31,281.0,78
2016,P004499   ,16,117.38333333333334,19
2016,P004512   ,9,0.0,0
2016,P004554   ,20,437.06666666666666,264
2016,P004588   ,17,48.13333333333333,12
2016,P004664   ,16,8.616666666666667,6
2016,P004862   ,27,526.15,181
2016,P004863   ,23,551.4333333333334,215
2016,P004866   ,33,791.55,274
2016,P004888   ,34,956.6166666666667,417
2016,P004902   ,29,372.56666666666666,124
2016,P004903   ,22,573.3833333333333,322
2016,P004941   ,34,244.6,39
2016,P004945   ,23,397.05,133
2016,P004997   ,29,551.95,211
2016,P005000   ,6,3.2333333333333334,0
2016,P005001   ,25,547.8833333333333,250
2016,P005014   ,30,783.8333333333334,283
2016,P005094   ,35,503.8333333333333,167
2016,P005099   ,33,927.4166666666666,429
2016,P005154   ,30,619.0333333333333,310
2016,P005159   ,36,738.4666666666667,289
2016,P005160   ,35,622.9833333333333,348
2016,P005161   ,36,569.1,138
2016,P005193   ,9,164.26666666666665,76
2016,P005348   ,5,1.15,-1
2016,P005460   ,6,15.483333333333334,5
2016,P005618   ,11,16.833333333333332,-3
2016,P005681   ,8,0.0,0
2016,P005713   ,4,3.3333333333333335,1
2016,P005717   ,6,0.0,0
2016,P005757   ,35,723.5666666666667,428
2016,P005763   ,13,13.933333333333334,3
2016,P005800   ,35,857.9,482
2016,P005813   ,17,114.86666666666666,31
2016,P005815   ,16,251.41666666666666,69
2016,P005836   ,27,356.8666666666667,120
2016,P005838   ,34,1137.3666666666666,601
2016,P005846   ,17,15.850000000000001,4
2016,P005881   ,25,358.6666666666667,118
2016,P005918   ,33,660.5333333333333,181
2016,P005927   ,36,742.4499999999999,492
2016,P005929   ,35,695.2333333333333,464
2016,P005938   ,34,764.0166666666667,269
2016,P005942   ,25,467.0333333333333,58
2016,P005945   ,17,320.05,75
2016,P005984   ,34,289.3833333333333,131
2016,P005985   ,25,563.8,328
2016,P006013   ,3,0.0,0
2016,P006195   ,23,189.26666666666665,50
2016,P006302   ,2,0.0,0
2016,P006338   ,15,245.41666666666666,35
2016,P006360   ,20,45.13333333333333,-3
2016,P006385   ,30,334.4,146
2016,P006399   ,30,60.08333333333333,38
2016,P006420   ,30,346.7833333333333,64
2016,P006421   ,30,814.1666666666666,301
2016,P006433   ,30,625.0333333333333,216
2016,P006435   ,15,129.86666666666667,17
2016,P006450   ,32,652.0333333333333,298
2016,P006476   ,10,78.66666666666667,30
2016,P006503   ,31,993.85,641
2016,P006533   ,26,672.2166666666667,378
2016,P006536   ,30,774.2166666666667,309
2016,P006546   ,32,464.0833333333333,107
2016,P006555   ,27,406.2,183
2016,P006590   ,30,606.6,251
2016,P006594   ,12,8.366666666666667,0
2016,P006599   ,30,694.3666666666667,285
2016,P006614   ,33,933.0166666666667,515
2016,P006641   ,6,0.08333333333333333,0
2016,P006648   ,2,0.0,0
2016,P006657   ,6,78.31666666666666,18
2016,P006661   ,31,781.6333333333333,345
2016,P006668   ,14,222.08333333333331,69
2016,P006702   ,3,0.0,0
2016,P006705   ,2,0.0,0
2016,P006781   ,2,0.0,0
2016,P006919   ,1,8.1,1
2016,P007032   ,29,282.9166666666667,105
2016,P007050   ,14,306.05,104
2016,P007051   ,7,0.0,0
2016,P007121   ,10,182.68333333333334,56
2016,P007122   ,35,0.0,0
2016,P007148   ,5,36.75,42
2016,P007182   ,37,670.0166666666667,399
2016,P007199   ,4,5.316666666666666,0
2016,P007200   ,33,954.55,478
2016,P007201   ,33,772.75,494
2016,P007230   ,27,64.03333333333333,17
2016,P007355   ,14,12.983333333333334,-1
2016,P007356   ,8,65.2,24
2016,P007394   ,5,59.61666666666667,5
2016,P007395   ,16,0.0,0
2016,P007400   ,35,607.95,173
2016,P007423   ,8,16.183333333333334,-6
2016,P007427   ,29,547.8833333333333,226
2016,P007434   ,11,89.41666666666667,28
2016,P007595   ,16,223.2,56
2016,P007615   ,17,63.78333333333333,6
2016,P007616   ,17,156.63333333333333,56
2016,P007759   ,8,33.833333333333336,-5
2016,P007764   ,1,0.0,0
2016,P007765   ,6,119.91666666666666,91
2016,P007768   ,7,21.583333333333336,7
2016,PAAX      ,34,381.4,214
2016,PABN      ,30,723.8,293
2016,PADI      ,17,246.88333333333333,55
2016,PAMM      ,33,813.4333333333334,477
2016,PAPR      ,27,99.01666666666667,5
2016,PAQU      ,33,597.45,333
2016,PARN      ,12,22.416666666666668,2
2016,PATS      ,28,322.3833333333333,96
2016,PBAE      ,33,420.1166666666667,123
2016,PBCQ      ,32,434.4166666666667,218
2016,PBEZ      ,33,291.05,71
2016,PBMT      ,32,748.65,268
2016,PBVE      ,26,125.2,32
2016,PBWI      ,30,708.3833333333333,503
2016,PBWZ      ,15,242.51666666666665,93
2016,PCBX      ,4,26.21666666666667,5
2016,PCCD      ,33,779.1333333333333,289
2016,PCHX      ,30,471.7833333333333,225
2016,PCPR      ,21,579.6,266
2016,PJAN      ,10,202.01666666666665,62
2016,PJBX      ,27,504.76666666666665,197
2016,PJCC      ,30,484.15000000000003,202
2016,PJDR      ,29,802.2333333333333,496
2016,PJDU      ,29,451.81666666666666,225
2016,PJEA      ,28,628.7666666666667,281
2016,PJLX      ,35,670.9,266
2016,PJPF      ,26,50.35,19
2016,PJUG      ,2,19.85,7
2016,PJUO      ,33,883.4666666666667,393
2016,PJUP      ,19,438.3333333333333,89
2016,PJYB      ,10,147.45,28
2016,PKIW      ,29,426.23333333333335,136
2016,PKJP      ,29,381.18333333333334,135
2016,PKLT      ,35,919.1166666666667,436
2016,PKNO      ,30,376.56666666666666,46
2016,PKPD      ,30,630.3333333333334,139
2016,PKRH      ,22,457.75,144
2016,PLEM      ,29,474.3833333333333,165
2016,PLHI      ,35,696.8,254
2016,PLHK      ,30,480.4666666666667,292
2016,PLIM      ,19,11.816666666666666,-1
2016,PLKX      ,30,367.18333333333334,91
2016,PLLH      ,35,452.18333333333334,176
2016,PLLM      ,25,201.25,29
2016,PLOO      ,20,79.25,20
2016,PLQV      ,22,71.75,12
2016,PLRU      ,30,800.7,350
2016,PLSK      ,29,474.71666666666664,82
2016,PLUO      ,30,703.95,120
2016,PTFH      ,19,291.1,143
2016,PTGB      ,33,919.5833333333334,556
2017,P000046   ,34,675.2666666666667,241
2017,P000129   ,11,87.98333333333333,-3
2017,P000229   ,9,131.01666666666665,48
2017,P000399   ,35,461.6,180
2017,P000436   ,28,515.9166666666666,148
2017,P000464   ,32,562.1166666666667,185
2017,P000494   ,24,68.45,13
2017,P000518   ,20,440.2,177
2017,P000529   ,29,799.1,326
2017,P000556   ,25,383.95,130
2017,P000577   ,11,36.06666666666667,-2
2017,P000848   ,24,601.95,400
2017,P000925   ,34,904.85,546
2017,P001133   ,33,842.25,601
2017,P001255   ,28,674.6,315
2017,P001324   ,27,236.83333333333334,130
2017,P001351   ,29,446.8833333333333,202
2017,P001386   ,23,333.45,185
2017,P001392   ,36,652.7166666666667,260
2017,P001438   ,29,672.0166666666667,417
2017,P001612   ,32,282.05,74
2017,P001792   ,32,103.71666666666667,7
2017,P001832   ,3,40.55,7
2017,P001833   ,30,666.7666666666667,249
2017,P001844   ,27,623.4833333333333,306
2017,P001926   ,35,868.8333333333334,445
2017,P001932   ,31,897.55,574
2017,P001933   ,26,118.15,10
2017,P001948   ,16,304.1666666666667,187
2017,P001960   ,36,573.6666666666666,254
2017,P001988   ,10,239.04999999999998,50
2017,P002008   ,14,307.2,134
2017,P002091   ,32,591.2,185
2017,P002100   ,32,825.1166666666667,606
2017,P002276   ,11,46.13333333333333,31
2017,P002329   ,35,950.5166666666667,382
2017,P002361   ,16,295.3333333333333,83
2017,P002429   ,31,725.2166666666667,201
2017,P002506   ,30,290.35,68
2017,P002507   ,29,519.4,359
2017,P002543   ,19,228.93333333333334,68
2017,P002553   ,17,219.48333333333335,73
2017,P002561   ,15,110.1,17
2017,P002580   ,36,805.6833333333334,308
2017,P002582   ,34,519.9833333333333,198
2017,P002742   ,24,485.26666666666665,320
2017,P002744   ,12,161.45,31
2017,P002763   ,30,667.5333333333333,230
2017,P002812   ,31,674.35,375
2017,P002820   ,29,446.2166666666667,119
2017,P002822   ,27,500.03333333333336,152
2017,P002849   ,36,953.65,432
2017,P002936   ,18,379.3666666666667,113
2017,P002969   ,34,141.93333333333334,13
2017,P002972   ,30,781.3,431
2017,P002980   ,34,862.95,356
2017,P003024   ,31,672.1666666666666,350
2017,P003034   ,30,486.5,273
2017,P003048   ,30,845.4166666666666,466
2017,P003067   ,24,498.34999999999997,223
2017,P003120   ,29,597.0833333333334,447
2017,P003198   ,27,312.31666666666666,117
2017,P003210   ,31,392.84999999999997,140
2017,P003264   ,27,131.1,64
2017,P003443   ,7,182.45,82
2017,P003469   ,18,151.9,68
2017,P003479   ,2,9.533333333333333,1
2017,P003514   ,14,392.81666666666666,135
2017,P003515   ,10,113.75,-1
2017,P003521   ,17,264.1166666666667,51
2017,P003527   ,20,47.6,7
2017,P003537   ,31,612.5833333333334,127
2017,P003540   ,27,237.86666666666667,90
2017,P003571   ,7,33.33333333333333,3
2017,P003573   ,21,154.36666666666667,38
2017,P003608   ,27,504.8,124
2017,P003703   ,30,354.55,81
2017,P003733   ,27,478.5,172
2017,P003842   ,30,632.9666666666667,321
2017,P003941   ,29,630.25,407
2017,P003945   ,5,16.716666666666665,-2
2017,P004004   ,36,597.5833333333334,257
2017,P004007   ,27,395.4,158
2017,P004094   ,29,34.06666666666666,9
2017,P004117   ,26,596.0666666666667,256
2017,P004119   ,30,599.3833333333333,328
2017,P004159   ,28,667.8666666666667,271
2017,P004161   ,24,72.0,11
2017,P004165   ,34,759.1166666666667,239
2017,P004170   ,24,242.13333333333333,5
2017,P004178   ,30,585.3333333333334,211
2017,P004185   ,21,131.13333333333333,23
2017,P004195   ,30,367.4666666666667,106
2017,P004213   ,30,573.7,110
2017,P004222   ,11,191.01666666666668,118
2017,P004251   ,34,726.6166666666667,359
2017,P004259   ,5,32.766666666666666,9
2017,P004264   ,6,47.11666666666667,14
2017,P004292   ,21,52.93333333333334,12
2017,P004418   ,32,573.15,363
2017,P004425   ,19,388.25,107
2017,P004429   ,8,90.75,19
2017,P004479   ,20,113.1,15
2017,P004499   ,3,1.9666666666666666,0
2017,P004535   ,1,1.2333333333333334,7
2017,P004623   ,1,1.3666666666666667,-2
2017,P004624   ,1,0.0,0
2017,P004628   ,1,0.0,0
2017,P004664   ,34,223.26666666666668,64
2017,P004720   ,4,13.5,2
2017,P004804   ,6,0.0,0
2017,P004866   ,20,331.01666666666665,103
2017,P004887   ,34,609.3833333333333,371
2017,P004888   ,36,953.9666666666667,490
2017,P004903   ,25,653.7666666666667,247
2017,P004941   ,35,465.6166666666667,135
2017,P004974   ,29,760.0,269
2017,P005001   ,15,304.4166666666667,113
2017,P005014   ,34,726.8,150
2017,P005094   ,28,679.1166666666667,269
2017,P005099   ,27,644.0333333333333,237
2017,P005112   ,29,744.8,414
2017,P005145   ,29,142.75,41
2017,P005159   ,28,686.3666666666667,377
2017,P005160   ,30,579.1,347
2017,P005161   ,31,681.5666666666667,190
2017,P005216   ,30,776.8333333333334,364
2017,P005327   ,4,7.933333333333334,1
2017,P005348   ,5,3.1666666666666665,2
2017,P005363   ,23,99.4,24
2017,P005368   ,22,110.96666666666667,37
2017,P005458   ,10,103.83333333333333,26
2017,P005519   ,18,36.1,-4
2017,P005713   ,10,16.116666666666667,-3
2017,P005718   ,33,752.0166666666667,234
2017,P005757   ,21,375.8666666666667,202
2017,P005781   ,30,701.3166666666667,295
2017,P005791   ,30,504.66666666666663,306
2017,P005800   ,17,359.96666666666664,218
2017,P005836   ,29,615.7,323
2017,P005838   ,36,941.9833333333333,463
2017,P005856   ,30,708.1166666666667,244
2017,P005881   ,33,372.9166666666667,83
2017,P005917   ,29,508.25,227
2017,P005918   ,29,697.8833333333333,272
2017,P005927   ,18,416.1333333333333,256
2017,P005928   ,30,696.4333333333333,310
2017,P005929   ,33,854.25,711
2017,P005938   ,31,674.7,247
2017,P005942   ,20,363.43333333333334,120
2017,P005961   ,1,0.0,0
2017,P005985   ,12,305.25,188
2017,P006084   ,1,0.0,0
2017,P006183   ,27,38.35,16
2017,P006357   ,10,0.9166666666666666,-2
2017,P006385   ,18,125.46666666666667,43
2017,P006399   ,33,242.7,92
2017,P006420   ,22,155.66666666666666,13
2017,P006433   ,36,993.7,511
2017,P006450   ,36,890.1333333333333,497
2017,P006477   ,30,651.4,363
2017,P006505   ,36,804.7333333333333,367
2017,P006536   ,14,131.88333333333333,30
2017,P006543   ,14,45.416666666666664,-1
2017,P006546   ,34,696.2166666666667,160
2017,P006586   ,1,0.36666666666666664,0
2017,P006590   ,33,703.1833333333333,349
2017,P006599   ,30,558.1166666666667,219
2017,P006614   ,34,1026.7,424
2017,P006625   ,25,112.58333333333334,27
2017,P006643   ,19,32.266666666666666,11
2017,P006693   ,5,10.9,-7
2017,P006737   ,1,0.18333333333333332,0
2017,P006919   ,24,114.7,27
2017,P007032   ,30,502.3833333333333,123
2017,P007185   ,11,157.21666666666667,59
2017,P007201   ,34,720.8333333333334,387
2017,P007400   ,30,599.15,254
2017,P007516   ,7,13.383333333333333,1
2017,P007636   ,1,0.0,0
2017,P007865   ,34,374.68333333333334,127
2017,P007866   ,9,12.433333333333334,2
2017,P007870   ,36,625.0333333333333,352
2017,P007872   ,16,268.06666666666666,105
2017,P007929   ,20,35.28333333333333,10
2017,P007946   ,24,605.1166666666667,252
2017,P007947   ,33,317.21666666666664,94
2017,P007948   ,23,81.3,14
2017,P007960   ,26,375.43333333333334,179
2017,P007961   ,28,330.59999999999997,93
2017,P007969   ,13,272.8,74
2017,P007988   ,29,613.8666666666667,303
2017,P007989   ,28,686.5666666666667,310
2017,P007990   ,30,359.7,83
2017,P007991   ,22,49.46666666666667,-6
2017,P007992   ,15,149.51666666666668,21
2017,P007993   ,30,528.9666666666667,154
2017,P007994   ,24,347.3833333333333,104
2017,P007995   ,12,5.733333333333333,-4
2017,P007996   ,3,45.88333333333333,16
2017,P007997   ,26,225.0,78
2017,P007998   ,36,575.3333333333334,220
2017,P008001   ,32,829.4333333333334,419
2017,P008002   ,30,644.4333333333333,243
2017,P008003   ,19,286.25,154
2017,P008004   ,30,592.5333333333333,304
2017,P008014   ,29,423.1333333333333,136
2017,P008015   ,18,40.85,4
2017,P008025   ,4,0.0,0
2017,P008032   ,6,7.9,1
2017,P008038   ,33,174.56666666666666,40
2017,P008041   ,24,89.33333333333333,44
2017,P008042   ,2,1.1333333333333333,-1
2017,P008049   ,27,695.8333333333334,346
2017,P008052   ,26,231.51666666666665,79
2017,P008062   ,5,2.3166666666666664,3
2017,P008066   ,19,234.0,89
2017,P008152   ,14,244.05,93
2017,P008200   ,1,0.0,0
2017,P008348   ,12,118.93333333333334,50
2017,PAAX      ,36,543.6166666666667,380
2017,PABN      ,28,604.35,185
2017,PADI      ,28,342.5,123
2017,PAGP      ,18,195.85,51
2017,PAMM      ,28,716.5333333333333,383
2017,PBAE      ,19,327.06666666666666,112
2017,PBCQ      ,30,105.26666666666667,23
2017,PBCV      ,2,10.0,0
2017,PBFX      ,34,398.8666666666667,93
2017,PBGV      ,34,348.15000000000003,87
2017,PBMT      ,31,599.9,278
2017,PBTG      ,21,26.216666666666665,-2
2017,PBWI      ,35,777.85,480
2017,PCCD      ,35,832.3,339
2017,PCHX      ,29,752.1,255
2017,PCPR      ,26,734.3333333333334,247
2017,PCVM      ,36,936.7,498
2017,PJBX      ,22,323.9,98
2017,PJCC      ,23,283.3833333333333,59
2017,PJJS      ,30,570.5666666666666,275
2017,PJLX      ,36,673.3,230
2017,PJUG      ,29,498.7166666666667,226
2017,PJUJ      ,33,480.71666666666664,180
2017,PJUO      ,24,629.9333333333333,286
2017,PJZH      ,16,127.73333333333333,10
2017,PKIW      ,27,327.3,143
2017,PKLT      ,30,709.2666666666667,418
2017,PKPD      ,36,806.8333333333334,237
2017,PKVZ      ,34,1097.1666666666667,693
2017,PLBJ      ,30,546.6,416
2017,PLDX      ,29,511.4166666666667,240
2017,PLEM      ,28,579.2,212
2017,PLHI      ,31,450.3666666666667,146
2017,PLHK      ,29,558.2,359
2017,PLIM      ,11,2.216666666666667,-1
2017,PLLH      ,35,228.81666666666666,26
2017,PLME      ,33,782.1666666666666,237
2017,PLRQ      ,24,518.1,195
2017,PLTF      ,9,6.466666666666667,1
2017,PLUO      ,30,611.3,76
2017,PLUR      ,25,398.3833333333333,278
2017,PTFX      ,34,269.53333333333336,136
2017,PTGB      ,4,71.96666666666667,26
2018,P000007   ,30,692.1,300
2018,P000046   ,20,414.5,166
2018,P000202   ,27,311.1666666666667,69
2018,P000229   ,30,791.9166666666666,262
2018,P000399   ,22,235.83333333333334,107
2018,P000436   ,23,366.9,112
2018,P000464   ,19,341.23333333333335,79
2018,P000494   ,33,116.06666666666666,23
2018,P000529   ,30,942.4333333333333,411
2018,P000531   ,30,699.3166666666666,189
2018,P000532   ,23,57.68333333333334,17
2018,P000554   ,28,406.01666666666665,123
2018,P000556   ,35,744.5833333333334,261
2018,P000848   ,16,352.01666666666665,156
2018,P000925   ,31,776.95,545
2018,P001133   ,21,489.8333333333333,260
2018,P001255   ,30,704.4,242
2018,P001287   ,19,290.2833333333333,92
2018,P001288   ,29,758.85,351
2018,P001324   ,35,604.9666666666667,302
2018,P001392   ,35,493.21666666666664,191
2018,P001433   ,30,632.05,189
2018,P001792   ,27,96.41666666666667,22
2018,P001833   ,36,1047.2,545
2018,P001844   ,35,606.0833333333334,221
2018,P001887   ,25,496.5833333333333,248
2018,P001926   ,34,878.3833333333333,502
2018,P001932   ,33,1023.2666666666667,523
2018,P001933   ,30,119.66666666666667,17
2018,P001948   ,30,380.06666666666666,207
2018,P001960   ,31,503.18333333333334,191
2018,P002008   ,30,511.6166666666667,264
2018,P002100   ,34,826.9333333333333,558
2018,P002276   ,17,51.93333333333334,-2
2018,P002328   ,34,705.4666666666667,316
2018,P002329   ,34,852.05,294
2018,P002507   ,35,709.65,463
2018,P002543   ,27,464.2,159
2018,P002551   ,29,370.35,131
2018,P002561   ,14,238.81666666666666,84
2018,P002580   ,36,1032.1666666666667,517
2018,P002582   ,26,356.56666666666666,86
2018,P002644   ,29,542.3166666666667,276
2018,P002661   ,27,188.91666666666666,74
2018,P002741   ,30,340.25,131
2018,P002744   ,29,494.15,157
2018,P002812   ,36,703.0166666666667,302
2018,P002834   ,12,209.78333333333333,11
2018,P002849   ,36,934.3333333333334,333
2018,P002925   ,24,49.85,7
2018,P002968   ,25,31.866666666666667,16
2018,P002969   ,34,374.55,136
2018,P002971   ,23,295.8833333333333,86
2018,P002980   ,33,685.6833333333333,300
2018,P003024   ,12,231.36666666666667,68
2018,P003048   ,35,912.75,474
2018,P003067   ,30,451.1,127
2018,P003091   ,24,35.55,13
2018,P003120   ,21,502.1333333333333,392
2018,P003151   ,30,538.7666666666667,259
2018,P003204   ,30,409.53333333333336,159
2018,P003210   ,33,355.8,130
2018,P003332   ,9,156.65,80
2018,P003452   ,35,340.05,142
2018,P003453   ,17,234.06666666666666,98
2018,P003469   ,30,291.35,133
2018,P003479   ,8,34.05,10
2018,P003490   ,30,711.7833333333333,295
2018,P003521   ,36,369.85,85
2018,P003537   ,30,322.95,44
2018,P003540   ,34,379.3333333333333,151
2018,P003573   ,26,391.3,127
2018,P003608   ,27,396.68333333333334,158
2018,P003921   ,22,370.15,169
2018,P003941   ,28,728.6,560
2018,P004004   ,36,796.9833333333333,367
2018,P004094   ,28,254.7,62
2018,P004096   ,21,124.63333333333333,41
2018,P004117   ,29,726.6333333333333,248
2018,P004119   ,30,549.0666666666667,301
2018,P004165   ,28,697.6333333333333,235
2018,P004178   ,30,547.2,264
2018,P004179   ,23,361.3333333333333,138
2018,P004194   ,22,396.5,223
2018,P004222   ,30,490.6,217
2018,P004251   ,29,598.9,353
2018,P004264   ,22,522.25,178
2018,P004292   ,7,0.0,0
2018,P004429   ,5,5.25,3
2018,P004499   ,15,4.016666666666667,-6
2018,P004628   ,4,0.2833333333333333,0
2018,P004834   ,25,72.66666666666666,47
2018,P004863   ,23,491.8833333333333,235
2018,P004866   ,35,890.3166666666667,368
2018,P004887   ,34,870.7166666666667,602
2018,P004888   ,35,944.5,614
2018,P004941   ,23,149.7,20
2018,P004974   ,29,619.0166666666667,251
2018,P004997   ,28,509.73333333333335,96
2018,P005014   ,28,690.2333333333333,200
2018,P005094   ,32,722.9166666666666,320
2018,P005099   ,28,561.7166666666667,286
2018,P005128   ,28,177.8,86
2018,P005145   ,28,216.05,59
2018,P005159   ,32,353.23333333333335,141
2018,P005160   ,36,644.6833333333333,339
2018,P005161   ,28,716.0666666666666,291
2018,P005348   ,9,10.183333333333334,-3
2018,P005357   ,6,31.483333333333334,1
2018,P005368   ,8,46.1,13
2018,P005415   ,22,13.316666666666666,2
2018,P005504   ,21,117.13333333333334,32
2018,P005692   ,29,45.56666666666667,8
2018,P005718   ,25,264.98333333333335,49
2018,P005757   ,33,746.5,456
2018,P005771   ,30,745.6333333333333,305
2018,P005781   ,26,643.7833333333333,216
2018,P005788   ,23,456.8,176
2018,P005789   ,35,671.9166666666666,257
2018,P005791   ,34,659.9333333333334,454
2018,P005836   ,24,416.6166666666667,199
2018,P005844   ,29,316.5833333333333,136
2018,P005884   ,25,72.63333333333333,22
2018,P005917   ,35,601.6333333333333,203
2018,P005922   ,29,490.73333333333335,220
2018,P005927   ,32,609.35,449
2018,P005928   ,34,800.8333333333334,441
2018,P005938   ,36,541.0833333333334,176
2018,P005942   ,30,444.6166666666667,116
2018,P005985   ,30,1017.7833333333333,607
2018,P006135   ,2,4.716666666666667,1
2018,P006245   ,1,0.0,0
2018,P006399   ,32,346.3833333333333,113
2018,P006402   ,18,367.75,161
2018,P006433   ,35,712.7166666666667,215
2018,P006450   ,32,810.8333333333334,461
2018,P006468   ,5,68.36666666666667,4
2018,P006497   ,16,310.26666666666665,24
2018,P006505   ,34,844.7,339
2018,P006546   ,34,620.2666666666667,168
2018,P006555   ,28,641.8333333333334,326
2018,P006561   ,3,45.13333333333333,19
2018,P006586   ,5,1.9833333333333334,-3
2018,P006590   ,35,687.55,243
2018,P006599   ,32,347.3666666666667,165
2018,P006614   ,35,875.05,305
2018,P006625   ,30,444.1,110
2018,P006640   ,29,322.8833333333333,78
2018,P006661   ,29,717.8666666666667,320
2018,P006693   ,6,0.0,0
2018,P006710   ,1,1.5166666666666666,1
2018,P006809   ,13,313.68333333333334,212
2018,P006900   ,12,25.366666666666667,3
2018,P006961   ,15,45.916666666666664,12
2018,P007032   ,29,531.9166666666666,166
2018,P007050   ,29,636.9166666666666,225
2018,P007056   ,16,329.51666666666665,157
2018,P007057   ,11,62.45,-2
2018,P007109   ,23,162.18333333333334,49
2018,P007200   ,35,747.7333333333333,485
2018,P007201   ,34,801.3833333333333,382
2018,P007230   ,10,5.7666666666666675,5
2018,P007265   ,6,0.0,0
2018,P007360   ,29,586.8833333333333,303
2018,P007398   ,29,285.03333333333336,80
2018,P007400   ,10,269.6,145
2018,P007424   ,20,350.1666666666667,91
2018,P007432   ,27,701.1333333333333,373
2018,P007497   ,2,1.0333333333333334,-1
2018,P007519   ,25,69.76666666666667,23
2018,P007524   ,8,12.933333333333334,6
2018,P007553   ,12,73.71666666666667,18
2018,P007560   ,1,2.7333333333333334,1
2018,P007634   ,1,8.55,1
2018,P007647   ,8,76.15,9
2018,P007675   ,19,52.31666666666666,24
2018,P007768   ,14,11.283333333333333,2
2018,P007831   ,33,807.2,303
2018,P007852   ,16,108.61666666666667,39
2018,P007865   ,31,349.65,112
2018,P007866   ,32,368.18333333333334,109
2018,P007868   ,30,654.1333333333333,163
2018,P007870   ,34,824.1,573
2018,P007916   ,29,666.1166666666667,152
2018,P007947   ,34,767.1666666666666,328
2018,P007982   ,30,788.9333333333334,263
2018,P007989   ,15,400.5833333333333,228
2018,P007990   ,30,300.34999999999997,118
2018,P007992   ,5,63.333333333333336,10
2018,P007994   ,18,264.8833333333333,75
2018,P008000   ,9,0.0,0
2018,P008001   ,13,317.51666666666665,141
2018,P008002   ,16,355.6,149
2018,P008004   ,24,432.83333333333337,210
2018,P008032   ,28,5.8,-1
2018,P008072   ,1,7.333333333333333,7
2018,P008137   ,4,0.0,0
2018,P008152   ,20,552.25,260
2018,P008232   ,4,4.85,0
2018,P008348   ,5,27.316666666666666,8
2018,P008796   ,6,107.13333333333333,4
2018,P008829   ,36,585.0666666666667,154
2018,P008847   ,29,611.4666666666667,413
2018,P008850   ,1,0.0,0
2018,P008854   ,1,0.0,0
2018,P008855   ,34,573.1833333333334,191
2018,P008856   ,3,1.2166666666666666,0
2018,P008857   ,29,798.4166666666666,263
2018,P008858   ,3,30.549999999999997,20
2018,P008946   ,12,228.53333333333333,107
2018,P008977   ,20,62.53333333333333,-5
2018,P008987   ,30,514.0833333333334,324
2018,P008989   ,34,699.3,235
2018,P008991   ,26,560.35,359
2018,P008995   ,21,71.56666666666666,23
2018,P009003   ,20,186.58333333333334,52
2018,P009004   ,30,703.5666666666667,295
2018,P009005   ,32,455.98333333333335,168
2018,P009006   ,29,753.1333333333333,412
2018,P009022   ,19,215.53333333333333,98
2018,P009030   ,2,40.25,17
2018,P009033   ,1,0.7,0
2018,P009035   ,29,262.21666666666664,82
2018,P009037   ,13,162.41666666666666,20
2018,P009227   ,15,318.3666666666667,94
2018,P009298   ,15,129.7,50
2018,P009449   ,8,194.15,82
2018,P009465   ,7,66.36666666666667,20
2018,P009472   ,7,150.46666666666667,64
2018,P009473   ,5,89.11666666666667,31
2018,PAAX      ,29,204.11666666666667,115
2018,PAMM      ,30,765.05,379
2018,PBFX      ,28,317.4666666666667,98
2018,PBGV      ,25,224.11666666666667,28
2018,PBMT      ,31,635.1166666666667,324
2018,PBOG      ,25,39.75,4
2018,PBWI      ,20,272.98333333333335,128
2018,PCCD      ,34,718.65,287
2018,PCPR      ,36,885.1,430
2018,PCVM      ,35,764.9666666666667,317
2018,PJLX      ,34,606.1,264
2018,PJPF      ,28,363.78333333333336,134
2018,PJUG      ,33,454.6666666666667,137
2018,PJUJ      ,34,661.6,291
2018,PJUO      ,25,549.6666666666666,225
2018,PKIW      ,28,155.2,34
2018,PKLS      ,20,105.05,13
2018,PKLT      ,35,738.1,387
2018,PKPD      ,34,784.6333333333333,181
2018,PKVZ      ,13,411.8666666666667,303
2018,PLEM      ,29,446.3833333333333,137
2018,PLEV      ,28,556.2166666666667,167
2018,PLHI      ,26,191.16666666666666,40
2018,PLHK      ,36,511.93333333333334,350
2018,PLIM      ,9,0.0,0
2018,PLME      ,26,620.4833333333333,209
2018,PLXL      ,18,270.56666666666666,92
2018,PTFX      ,29,214.4,109
2018,PTGB      ,27,577.2666666666667,251
2019,P000007   ,15,321.68333333333334,99
2019,P000046   ,23,337.0,178
2019,P000229   ,17,343.5833333333333,59
2019,P000436   ,23,353.9666666666667,66
2019,P000464   ,14,119.5,35
2019,P000518   ,25,427.15,204
2019,P000529   ,26,713.35,312
2019,P000556   ,18,361.28333333333336,135
2019,P000726   ,18,259.76666666666665,87
2019,P000796   ,28,778.45,629
2019,P000848   ,17,279.9,105
2019,P000925   ,19,455.8666666666667,218
2019,P000981   ,7,1.9333333333333333,0
2019,P001133   ,28,855.5166666666667,519
2019,P001255   ,26,622.7,244
2019,P001288   ,26,724.9,376
2019,P001324   ,28,321.55,109
2019,P001389   ,18,315.03333333333336,39
2019,P001392   ,25,408.3,182
2019,P001557   ,28,529.2,213
2019,P001792   ,28,232.33333333333334,78
2019,P001833   ,15,170.11666666666667,78
2019,P001844   ,23,459.28333333333336,194
2019,P001926   ,25,724.3166666666666,388
2019,P001932   ,28,902.3666666666667,498
2019,P001954   ,3,6.483333333333333,1
2019,P001960   ,24,294.93333333333334,100
2019,P002008   ,7,74.76666666666667,27
2019,P002084   ,28,335.1,113
2019,P002100   ,24,687.5666666666667,397
2019,P002276   ,1,0.0,0
2019,P002328   ,10,257.55,110
2019,P002329   ,28,725.1,272
2019,P002361   ,21,406.53333333333336,87
2019,P002429   ,18,386.7,121
2019,P002507   ,28,462.35,209
2019,P002536   ,27,569.95,241
2019,P002543   ,24,263.48333333333335,75
2019,P002580   ,24,735.9166666666666,385
2019,P002742   ,26,612.5833333333334,469
2019,P002763   ,28,454.56666666666666,138
2019,P002812   ,28,654.5,318
2019,P002829   ,17,218.13333333333333,30
2019,P002925   ,21,60.53333333333333,27
2019,P002936   ,15,163.98333333333332,67
2019,P002968   ,28,244.93333333333334,130
2019,P002969   ,26,362.9166666666667,71
2019,P002972   ,22,299.3833333333333,105
2019,P002980   ,25,504.5,167
2019,P003048   ,10,231.55,136
2019,P003120   ,19,320.06666666666666,198
2019,P003151   ,22,542.0666666666666,236
2019,P003210   ,28,535.9666666666667,276
2019,P003242   ,23,155.11666666666667,35
2019,P003264   ,9,41.71666666666667,6
2019,P003367   ,28,489.48333333333335,241
2019,P003370   ,21,110.13333333333334,10
2019,P003413   ,12,210.58333333333334,38
2019,P003417   ,3,38.916666666666664,7
2019,P003425   ,28,579.4,212
2019,P003469   ,27,354.7,180
2019,P003478   ,27,370.46666666666664,122
2019,P003479   ,19,245.66666666666666,103
2019,P003490   ,27,657.5,243
2019,P003501   ,4,5.8,1
2019,P003514   ,5,86.91666666666666,30
2019,P003521   ,27,198.35,52
2019,P003526   ,27,617.1,256
2019,P003540   ,28,286.5,99
2019,P003573   ,12,189.36666666666667,45
2019,P003733   ,26,499.26666666666665,205
2019,P003842   ,23,248.38333333333333,92
2019,P003941   ,24,592.8166666666667,461
2019,P003958   ,16,226.68333333333334,113
2019,P004007   ,23,322.53333333333336,116
2019,P004117   ,20,392.06666666666666,141
2019,P004165   ,28,634.2,108
2019,P004172   ,18,438.1666666666667,220
2019,P004178   ,24,410.9,117
2019,P004194   ,21,265.48333333333335,126
2019,P004218   ,5,12.983333333333333,7
2019,P004251   ,12,178.91666666666666,58
2019,P004302   ,24,272.23333333333335,64
2019,P004331   ,26,584.1333333333333,285
2019,P004397   ,8,140.4,34
2019,P004425   ,6,86.38333333333333,32
2019,P004571   ,8,106.5,37
2019,P004655   ,24,264.03333333333336,116
2019,P004761   ,28,400.9666666666667,105
2019,P004810   ,20,307.23333333333335,85
2019,P004834   ,7,3.7333333333333334,-1
2019,P004863   ,24,534.1333333333333,229
2019,P004866   ,26,593.5666666666667,160
2019,P004884   ,27,546.0833333333334,234
2019,P004888   ,4,77.13333333333334,51
2019,P004941   ,27,166.26666666666668,35
2019,P004945   ,27,529.1,221
2019,P004974   ,28,614.4666666666667,194
2019,P005014   ,24,427.65,79
2019,P005056   ,28,616.9166666666666,228
2019,P005094   ,28,837.9166666666666,382
2019,P005099   ,28,567.1833333333333,221
2019,P005145   ,28,320.45,124
2019,P005154   ,26,421.06666666666666,217
2019,P005160   ,27,633.1333333333333,383
2019,P005161   ,27,751.5166666666667,302
2019,P005196   ,12,29.283333333333335,10
2019,P005199   ,27,490.25,244
2019,P005247   ,27,528.95,182
2019,P005255   ,27,322.98333333333335,64
2019,P005348   ,3,0.0,0
2019,P005415   ,5,0.0,0
2019,P005458   ,16,106.46666666666667,4
2019,P005553   ,27,354.7,87
2019,P005618   ,25,253.53333333333333,64
2019,P005670   ,27,184.96666666666667,14
2019,P005686   ,17,37.416666666666664,-4
2019,P005692   ,13,20.85,-8
2019,P005718   ,21,627.8666666666667,193
2019,P005757   ,19,455.3,286
2019,P005771   ,18,376.85,127
2019,P005775   ,26,638.6666666666666,285
2019,P005789   ,28,522.9666666666667,241
2019,P005791   ,28,642.0833333333334,407
2019,P005836   ,20,398.34999999999997,227
2019,P005844   ,28,475.68333333333334,236
2019,P005856   ,27,755.0666666666666,353
2019,P005859   ,3,44.18333333333334,14
2019,P005884   ,24,252.91666666666666,124
2019,P005909   ,9,8.05,2
2019,P005917   ,28,409.95,124
2019,P005927   ,26,559.4166666666666,372
2019,P005928   ,28,668.0666666666666,431
2019,P005938   ,28,399.2,144
2019,P005945   ,24,410.26666666666665,155
2019,P005985   ,28,803.8166666666667,584
2019,P006058   ,14,273.45,56
2019,P006068   ,25,352.48333333333335,81
2019,P006135   ,2,0.21666666666666667,0
2019,P006158   ,23,16.366666666666667,5
2019,P006251   ,17,188.51666666666665,29
2019,P006399   ,21,164.03333333333333,59
2019,P006435   ,27,312.0833333333333,127
2019,P006436   ,25,673.3166666666666,367
2019,P006450   ,23,611.6333333333333,269
2019,P006477   ,27,396.51666666666665,190
2019,P006505   ,16,150.65,29
2019,P006533   ,27,480.23333333333335,236
2019,P006546   ,24,448.05,93
2019,P006555   ,15,288.7833333333333,103
2019,P006568   ,28,378.5,203
2019,P006589   ,28,721.7166666666667,464
2019,P006590   ,26,548.9333333333333,206
2019,P006599   ,27,260.8,106
2019,P006614   ,28,718.3666666666667,293
2019,P006625   ,23,408.56666666666666,132
2019,P006661   ,26,676.3,411
2019,P006693   ,3,1.95,-2
2019,P006713   ,2,0.43333333333333335,0
2019,P006726   ,27,391.56666666666666,182
2019,P006754   ,25,617.25,259
2019,P006768   ,1,0.0,0
2019,P006819   ,13,118.18333333333334,33
2019,P006961   ,19,64.28333333333333,4
2019,P007025   ,28,384.3666666666667,50
2019,P007027   ,22,387.03333333333336,145
2019,P007032   ,28,682.4,171
2019,P007056   ,28,624.6166666666667,390
2019,P007069   ,7,32.56666666666666,10
2019,P007109   ,27,158.5,35
2019,P007125   ,17,364.23333333333335,167
2019,P007200   ,25,749.6166666666667,644
2019,P007201   ,28,625.4,264
2019,P007360   ,28,420.4166666666667,124
2019,P007400   ,9,120.35,37
2019,P007432   ,21,426.5333333333333,231
2019,P007519   ,20,64.23333333333333,20
2019,P007524   ,6,3.616666666666667,2
2019,P007533   ,1,0.0,0
2019,P007566   ,7,1.4333333333333333,0
2019,P007581   ,9,10.766666666666666,2
2019,P007630   ,20,166.91666666666666,89
2019,P007632   ,5,11.9,4
2019,P007675   ,28,372.4,102
2019,P007831   ,26,660.25,221
2019,P007851   ,25,265.0,39
2019,P007853   ,3,78.01666666666667,31
2019,P007866   ,28,389.31666666666666,201
2019,P007869   ,10,189.38333333333333,53
2019,P007870   ,28,561.8333333333334,289
2019,P007942   ,12,166.43333333333334,86
2019,P007947   ,16,370.1333333333333,110
2019,P007960   ,24,449.7,175
2019,P007990   ,12,161.41666666666666,86
2019,P007994   ,10,188.8,59
2019,P008001   ,25,471.93333333333334,258
2019,P008003   ,4,43.65,18
2019,P008004   ,28,595.1833333333333,305
2019,P008032   ,28,30.35,9
2019,P008099   ,17,221.55,37
2019,P008177   ,4,6.083333333333333,5
2019,P008211   ,9,25.183333333333334,5
2019,P008232   ,3,1.8166666666666667,-2
2019,P008250   ,8,4.566666666666666,1
2019,P008253   ,1,1.95,-1
2019,P008282   ,1,3.15,-1
2019,P008348   ,13,237.83333333333331,150
2019,P008780   ,27,695.8,229
2019,P008800   ,12,217.93333333333334,63
2019,P008801   ,24,251.53333333333333,110
2019,P008807   ,2,2.8833333333333333,-3
2019,P008820   ,26,510.5833333333333,261
2019,P008829   ,28,370.06666666666666,135
2019,P008847   ,26,432.25,282
2019,P008851   ,24,117.01666666666667,5
2019,P008855   ,28,719.3666666666667,356
2019,P008962   ,28,622.4166666666666,184
2019,P008966   ,21,318.3333333333333,182
2019,P008985   ,15,55.2,6
2019,P008987   ,28,627.2333333333333,369
2019,P008989   ,27,546.5666666666667,192
2019,P008991   ,11,215.38333333333333,117
2019,P008995   ,10,31.05,4
2019,P009005   ,24,481.7,213
2019,P009006   ,28,729.5333333333333,349
2019,P009035   ,27,456.75,204
2019,P009051   ,28,622.2333333333333,317
2019,P009101   ,2,4.333333333333333,-2
2019,P009105   ,1,0.3333333333333333,0
2019,P009328   ,1,2.15,0
2019,P009472   ,26,281.85,146
2019,P009580   ,7,150.16666666666666,88
2019,P009600   ,22,217.8,107
2019,P009601   ,19,278.35,122
2019,P009622   ,27,682.9,352
2019,P009723   ,16,201.26666666666668,49
2019,P009733   ,27,644.1666666666666,345
2019,P009748   ,28,664.4166666666666,358
2019,P009752   ,7,75.53333333333333,20
2019,P009753   ,28,162.68333333333334,81
2019,P009754   ,18,394.0833333333333,159
2019,P009766   ,22,163.4,80
2019,P009767   ,27,299.8333333333333,62
2019,P009815   ,1,0.0,0
2019,P009816   ,28,440.0833333333333,94
2019,P009817   ,11,16.583333333333332,1
2019,P009818   ,28,207.81666666666666,75
2019,P009834   ,10,204.41666666666669,56
2019,P009835   ,28,675.5166666666667,470
2019,P009836   ,23,450.55,149
2019,P009842   ,27,574.9166666666666,339
2019,P009846   ,27,532.6833333333333,206
2019,P009847   ,27,525.6833333333333,136
2019,P009848   ,14,48.93333333333333,6
2019,P009849   ,28,527.4,207
2019,P009862   ,24,468.0,193
2019,P009863   ,26,402.1166666666667,103
2019,P009864   ,2,0.75,-1
2019,P009888   ,7,175.65,56
2019,P009902   ,11,190.73333333333332,35
2019,P009903   ,25,172.76666666666668,38
2019,P009917   ,27,617.8666666666667,214
2019,P009918   ,7,3.1666666666666665,-1
2019,P009923   ,6,1.35,0
2019,P009946   ,11,120.21666666666667,77
2019,P010063   ,3,22.950000000000003,11
2019,P010093   ,12,224.91666666666669,37
2019,P010150   ,10,69.38333333333333,4
2019,P010254   ,7,120.66666666666666,17
2019,P010355   ,3,49.5,0
2019,P010356   ,1,0.0,0
2019,P010357   ,2,46.18333333333334,13
2019,PAAX      ,10,55.71666666666667,17
2019,PAJG      ,28,543.75,239
2019,PAMM      ,27,626.95,346
2019,PBFX      ,26,191.81666666666666,27
2019,PBGV      ,16,49.18333333333334,16
2019,PBMT      ,25,499.01666666666665,233
2019,PBOG      ,25,156.51666666666668,15
2019,PBWI      ,28,371.4666666666667,132
2019,PCCD      ,28,629.6833333333333,206
2019,PCPR      ,27,629.9333333333333,293
2019,PCVM      ,28,715.0833333333334,383
2019,PJAN      ,25,255.66666666666666,33
2019,PJDZ      ,13,181.91666666666666,27
2019,PJFO      ,7,127.43333333333334,110
2019,PJLX      ,28,568.4333333333333,189
2019,PJUG      ,21,112.25,26
2019,PJUO      ,22,540.2666666666667,213
2019,PKIR      ,23,495.25,145
2019,PKIW      ,16,82.86666666666667,5
2019,PKLT      ,3,40.06666666666666,22
2019,PKPD      ,28,619.0333333333333,160
2019,PKRH      ,15,214.55,67
2019,PKVZ      ,26,809.1999999999999,504
2019,PLBJ      ,25,378.26666666666665,227
2019,PLEM      ,21,208.48333333333332,52
2019,PLHI      ,21,270.9666666666667,81
2019,PLHK      ,28,524.9666666666667,317
2019,PLKY      ,20,257.1,51
2019,PLRQ      ,15,289.18333333333334,126
2019,PLUO      ,25,405.95,46
2019,PTFK      ,26,395.68333333333334,116
2019,PTFX      ,24,143.58333333333334,54
2019,PTGB      ,16,296.05,79
2020,P000007   ,16,307.81666666666666,98
2020,P000046   ,28,358.23333333333335,82
2020,P000436   ,22,344.6666666666667,54
2020,P000518   ,29,319.78333333333336,119
2020,P000529   ,30,572.45,161
2020,P000556   ,16,189.23333333333332,41
2020,P000726   ,30,264.1,89
2020,P000796   ,33,853.4,644
2020,P000848   ,25,653.3333333333334,372
2020,P000925   ,31,874.3333333333334,558
2020,P000981   ,7,2.1333333333333333,0
2020,P001133   ,37,920.65,449
2020,P001255   ,14,303.76666666666665,82
2020,P001261   ,30,283.3833333333333,38
2020,P001288   ,31,965.4666666666667,552
2020,P001324   ,24,253.41666666666669,96
2020,P001389   ,23,238.5,48
2020,P001392   ,33,395.05,151
2020,P001557   ,24,480.8,199
2020,P001792   ,34,664.1,219
2020,P001833   ,41,842.6333333333333,347
2020,P001844   ,29,699.9166666666666,315
2020,P001926   ,34,940.7666666666667,455
2020,P001932   ,41,1030.6666666666667,423
2020,P001954   ,11,167.85,43
2020,P001960   ,34,460.15,221
2020,P002084   ,34,984.0333333333333,545
2020,P002100   ,32,880.25,602
2020,P002328   ,34,940.5333333333333,467
2020,P002329   ,28,549.2,131
2020,P002361   ,26,471.3833333333333,120
2020,P002429   ,37,827.3833333333333,168
2020,P002534   ,22,391.95,226
2020,P002536   ,31,508.3666666666667,205
2020,P002543   ,29,278.9166666666667,79
2020,P002580   ,40,1198.6833333333334,701
2020,P002661   ,32,657.9833333333333,362
2020,P002742   ,29,651.0166666666667,395
2020,P002812   ,40,971.0333333333333,401
2020,P002925   ,37,89.68333333333334,34
2020,P002936   ,16,271.3666666666667,45
2020,P002968   ,38,482.4166666666667,248
2020,P002969   ,30,382.0833333333333,48
2020,P002972   ,9,100.46666666666667,32
2020,P002980   ,23,500.1333333333333,96
2020,P003024   ,28,650.0,320
2020,P003048   ,36,758.0500000000001,389
2020,P003108   ,8,181.58333333333334,102
2020,P003120   ,32,622.8166666666666,396
2020,P003151   ,22,512.8833333333333,236
2020,P003210   ,33,605.3166666666666,275
2020,P003240   ,32,493.9166666666667,123
2020,P003370   ,25,69.75,11
2020,P003469   ,31,731.3333333333334,458
2020,P003478   ,39,728.3666666666667,182
2020,P003479   ,32,447.4,194
2020,P003490   ,29,633.8,239
2020,P003514   ,34,592.0166666666667,226
2020,P003521   ,38,194.11666666666667,45
2020,P003526   ,34,836.3,354
2020,P003540   ,34,181.45,2
2020,P003573   ,39,626.7333333333333,197
2020,P003733   ,39,761.1833333333334,325
2020,P003941   ,20,470.7166666666667,357
2020,P003958   ,31,588.7666666666667,292
2020,P004004   ,21,540.25,227
2020,P004007   ,33,596.8333333333334,224
2020,P004117   ,33,404.75,103
2020,P004119   ,20,238.9,68
2020,P004172   ,34,879.9,480
2020,P004194   ,32,666.1,383
2020,P004218   ,26,82.91666666666667,6
2020,P004251   ,10,132.93333333333334,30
2020,P004302   ,29,522.5,151
2020,P004331   ,32,797.5333333333333,368
2020,P004397   ,34,636.1166666666667,154
2020,P004499   ,30,679.2833333333333,293
2020,P004549   ,34,647.1833333333333,227
2020,P004554   ,34,676.8333333333334,386
2020,P004571   ,32,549.2833333333333,147
2020,P004655   ,32,389.1333333333333,200
2020,P004761   ,18,217.43333333333334,43
2020,P004834   ,20,118.25,41
2020,P004862   ,27,548.1166666666667,211
2020,P004863   ,8,184.65,56
2020,P004866   ,34,906.4,417
2020,P004884   ,30,589.5166666666667,280
2020,P004888   ,31,813.25,443
2020,P004941   ,36,271.0333333333333,34
2020,P004974   ,39,514.5166666666667,128
2020,P005014   ,34,540.75,76
2020,P005056   ,39,857.3666666666667,371
2020,P005099   ,41,651.8333333333334,198
2020,P005146   ,33,278.31666666666666,72
2020,P005160   ,27,565.4666666666667,290
2020,P005161   ,27,825.9833333333333,285
2020,P005216   ,29,602.1333333333333,315
2020,P005255   ,3,5.133333333333334,-1
2020,P005275   ,15,57.949999999999996,6
2020,P005404   ,8,5.683333333333334,2
2020,P005553   ,9,56.4,12
2020,P005618   ,9,13.016666666666667,4
2020,P005670   ,36,117.51666666666667,15
2020,P005683   ,21,160.53333333333333,21
2020,P005686   ,10,32.766666666666666,-1
2020,P005718   ,16,398.1,89
2020,P005757   ,13,245.6,126
2020,P005771   ,33,845.25,259
2020,P005775   ,39,727.9166666666666,303
2020,P005789   ,39,734.0666666666666,321
2020,P005791   ,36,935.8166666666667,653
2020,P005836   ,38,810.7666666666667,418
2020,P005844   ,32,701.25,435
2020,P005856   ,39,1029.4666666666667,523
2020,P005893   ,38,539.1833333333334,187
2020,P005917   ,39,569.6333333333333,216
2020,P005928   ,10,256.56666666666666,136
2020,P005938   ,41,621.0833333333334,234
2020,P005985   ,27,840.8833333333333,532
2020,P006068   ,28,433.78333333333336,142
2020,P006135   ,10,6.800000000000001,-1
2020,P006158   ,32,90.0,12
2020,P006251   ,31,315.48333333333335,37
2020,P006399   ,34,344.95,133
2020,P006433   ,39,1129.15,576
2020,P006435   ,35,598.4333333333333,274
2020,P006436   ,34,979.5666666666667,439
2020,P006450   ,39,1036.2666666666667,537
2020,P006477   ,31,594.15,291
2020,P006482   ,10,18.5,3
2020,P006487   ,12,15.966666666666667,1
2020,P006505   ,33,740.9166666666666,297
2020,P006533   ,8,113.25,47
2020,P006540   ,6,11.766666666666666,-2
2020,P006546   ,32,474.4,65
2020,P006568   ,34,375.18333333333334,260
2020,P006586   ,20,62.1,16
2020,P006589   ,31,773.15,435
2020,P006590   ,38,811.6333333333333,356
2020,P006614   ,41,902.25,341
2020,P006625   ,11,148.31666666666666,18
2020,P006643   ,23,83.9,7
2020,P006661   ,34,917.75,463
2020,P006693   ,7,4.7,1
2020,P006710   ,30,99.78333333333333,15
2020,P006754   ,34,912.0666666666666,543
2020,P006768   ,26,260.8666666666667,47
2020,P006785   ,8,0.4666666666666667,0
2020,P006819   ,23,83.71666666666667,26
2020,P006919   ,25,399.76666666666665,75
2020,P006961   ,29,150.01666666666665,37
2020,P006985   ,20,221.61666666666667,61
2020,P007025   ,32,431.1666666666667,66
2020,P007032   ,27,578.35,206
2020,P007056   ,16,416.2166666666667,230
2020,P007109   ,41,654.0,244
2020,P007125   ,26,529.0166666666667,305
2020,P007186   ,26,82.71666666666667,5
2020,P007200   ,35,1004.5,596
2020,P007201   ,37,728.35,422
2020,P007230   ,34,520.8333333333334,180
2020,P007265   ,34,88.11666666666667,-4
2020,P007360   ,15,173.21666666666667,89
2020,P007432   ,13,113.96666666666667,41
2020,P007487   ,3,0.0,0
2020,P007491   ,6,0.06666666666666667,0
2020,P007519   ,31,648.55,212
2020,P007527   ,2,0.36666666666666664,0
2020,P007566   ,1,9.216666666666667,1
2020,P007630   ,39,634.25,238
2020,P007645   ,1,0.0,0
2020,P007674   ,10,5.233333333333333,-1
2020,P007679   ,12,19.166666666666664,2
2020,P007831   ,36,951.1,540
2020,P007851   ,16,18.96666666666667,2
2020,P007853   ,33,770.4833333333333,322
2020,P007866   ,34,688.6,384
2020,P007869   ,32,778.7666666666667,284
2020,P007870   ,35,749.7666666666667,487
2020,P007889   ,5,24.616666666666667,2
2020,P007942   ,39,815.1333333333333,606
2020,P007947   ,33,806.8,326
2020,P007948   ,26,218.38333333333333,100
2020,P007960   ,33,745.4833333333333,273
2020,P007989   ,30,788.7333333333333,309
2020,P007990   ,24,240.31666666666666,98
2020,P007994   ,4,29.05,8
2020,P008004   ,41,513.8833333333333,178
2020,P008097   ,5,8.033333333333333,-4
2020,P008099   ,26,261.1666666666667,51
2020,P008137   ,8,9.433333333333334,0
2020,P008140   ,16,68.48333333333333,7
2020,P008186   ,21,28.133333333333333,13
2020,P008198   ,23,222.56666666666666,19
2020,P008211   ,29,191.86666666666667,15
2020,P008250   ,21,60.31666666666666,8
2020,P008253   ,10,2.4166666666666665,-1
2020,P008275   ,4,0.0,0
2020,P008780   ,31,512.65,226
2020,P008811   ,31,682.8666666666667,438
2020,P008829   ,34,773.3833333333333,411
2020,P008847   ,28,808.4,461
2020,P008850   ,34,45.166666666666664,3
2020,P008855   ,34,821.2666666666667,361
2020,P008930   ,27,471.5,146
2020,P008962   ,33,881.45,325
2020,P008966   ,33,615.5333333333333,386
2020,P008977   ,13,50.583333333333336,-1
2020,P008985   ,37,295.5,79
2020,P008987   ,36,887.6,439
2020,P008989   ,37,719.1333333333333,217
2020,P008991   ,13,191.96666666666667,63
2020,P008995   ,35,236.0,18
2020,P009004   ,16,332.1,177
2020,P009005   ,32,773.5166666666667,331
2020,P009006   ,34,687.0333333333333,329
2020,P009022   ,9,158.1,41
2020,P009035   ,26,423.1333333333333,181
2020,P009051   ,11,207.31666666666666,98
2020,P009088   ,2,0.0,0
2020,P009101   ,3,1.8833333333333333,2
2020,P009105   ,5,1.1333333333333333,0
2020,P009212   ,5,27.483333333333334,-3
2020,P009299   ,1,2.15,3
2020,P009540   ,24,549.6166666666667,262
2020,P009578   ,23,340.6,86
2020,P009580   ,33,471.68333333333334,267
2020,P009622   ,37,850.7333333333333,317
2020,P009733   ,31,566.3666666666667,252
2020,P009748   ,15,392.01666666666665,180
2020,P009752   ,10,54.31666666666666,-1
2020,P009753   ,33,266.06666666666666,149
2020,P009754   ,29,791.1333333333333,479
2020,P009766   ,8,81.30000000000001,30
2020,P009782   ,18,89.85,16
2020,P009818   ,33,490.0,182
2020,P009834   ,10,52.75,-2
2020,P009835   ,9,180.66666666666666,115
2020,P009846   ,34,795.0666666666666,299
2020,P009848   ,23,144.71666666666667,8
2020,P009849   ,34,741.0,329
2020,P009862   ,36,889.4333333333334,418
2020,P009863   ,39,1066.3833333333332,524
2020,P009866   ,31,699.7333333333333,298
2020,P009877   ,34,345.34999999999997,65
2020,P009902   ,26,430.3833333333333,129
2020,P009903   ,20,23.53333333333333,12
2020,P009917   ,38,734.75,222
2020,P009923   ,1,0.0,0
2020,P009947   ,3,5.683333333333334,-2
2020,P009960   ,32,599.7166666666667,281
2020,P010063   ,10,2.2,-2
2020,P010093   ,3,47.916666666666664,11
2020,P010327   ,1,0.0,0
2020,P010356   ,2,0.0,0
2020,P010357   ,30,753.9666666666667,329
2020,P010385   ,28,578.8166666666666,341
2020,P010386   ,22,279.65,68
2020,P010387   ,2,0.0,0
2020,P010389   ,21,372.8333333333333,66
2020,P010390   ,32,215.75,88
2020,P010391   ,33,779.0166666666667,234
2020,P010392   ,29,260.9,74
2020,P010393   ,32,121.0,40
2020,P010516   ,14,49.45,12
2020,P010560   ,36,872.0,430
2020,P010568   ,34,596.7666666666667,254
2020,P010569   ,35,541.5666666666666,135
2020,P010603   ,23,307.4,93
2020,P010623   ,33,376.2,93
2020,P010628   ,1,4.516666666666667,0
2020,P010652   ,10,169.75,68
2020,P010653   ,18,77.33333333333333,16
2020,P010654   ,2,24.116666666666667,-4
2020,P010771   ,2,0.0,0
2020,P010776   ,15,234.63333333333333,96
2020,P010781   ,15,301.73333333333335,174
2020,P010782   ,2,0.0,0
2020,P010791   ,5,47.71666666666666,16
2020,PAAX      ,11,21.316666666666666,4
2020,PADF      ,8,68.38333333333334,42
2020,PAMM      ,31,561.0333333333333,276
2020,PBFX      ,29,589.6666666666666,122
2020,PBGV      ,27,256.15,56
2020,PBMT      ,28,431.2,127
2020,PBWI      ,34,540.0333333333333,243
2020,PCCD      ,37,611.1333333333333,238
2020,PCPR      ,36,933.4666666666667,428
2020,PCVM      ,37,737.9,399
2020,PJAN      ,10,156.61666666666667,17
2020,PJFO      ,16,181.5,72
2020,PJLX      ,39,862.1,189
2020,PJUO      ,34,588.25,160
2020,PKIR      ,31,657.4666666666667,170
2020,PKIW      ,23,19.666666666666664,-3
2020,PKLT      ,15,163.31666666666666,23
2020,PKPD      ,25,464.6333333333333,112
2020,PKVZ      ,23,748.4,451
2020,PLEM      ,37,512.15,123
2020,PLHK      ,31,287.8,179
2020,PLKY      ,18,117.43333333333334,21
2020,PLLH      ,38,161.81666666666666,17
2020,PLRQ      ,33,741.9833333333333,304
2020,PLRU      ,25,427.51666666666665,107
2020,PLUO      ,33,539.7333333333333,53
2020,PTFK      ,30,560.1333333333333,227
2020,PTFX      ,8,12.933333333333334,1
2020,PTGB      ,26,460.1666666666667,203
2021,P000007   ,25,166.53333333333333,14
2021,P000046   ,23,470.3666666666667,128
2021,P000726   ,3,0.36666666666666664,-1
2021,P000796   ,38,928.4333333333333,765
2021,P000848   ,26,613.45,343
2021,P000925   ,22,627.0166666666667,400
2021,P000956   ,33,488.0833333333333,182
2021,P001108   ,17,324.9166666666667,76
2021,P001133   ,15,372.23333333333335,212
2021,P001255   ,37,866.4166666666666,245
2021,P001261   ,27,381.98333333333335,128
2021,P001288   ,32,962.1333333333333,454
2021,P001392   ,28,561.8333333333334,187
2021,P001518   ,36,444.9,107
2021,P001557   ,28,458.4166666666667,143
2021,P001792   ,22,76.68333333333334,28
2021,P001833   ,40,989.65,428
2021,P001844   ,22,474.05,197
2021,P001926   ,37,921.1666666666666,549
2021,P001932   ,29,710.9333333333333,343
2021,P002008   ,22,274.51666666666665,105
2021,P002072   ,14,7.35,5
2021,P002084   ,30,670.55,271
2021,P002100   ,21,464.40000000000003,297
2021,P002279   ,10,3.6,1
2021,P002328   ,16,309.85,119
2021,P002329   ,32,879.4499999999999,359
2021,P002429   ,6,96.78333333333333,20
2021,P002534   ,22,475.7,153
2021,P002536   ,36,309.3333333333333,126
2021,P002543   ,22,368.15,90
2021,P002553   ,31,618.3,329
2021,P002580   ,36,1026.9833333333333,594
2021,P002812   ,36,857.4,425
2021,P002849   ,32,800.7666666666667,430
2021,P002925   ,30,55.983333333333334,10
2021,P002968   ,32,484.05,174
2021,P002969   ,29,246.71666666666667,40
2021,P002980   ,29,605.4,134
2021,P003024   ,32,687.7333333333333,241
2021,P003048   ,37,664.2666666666667,370
2021,P003091   ,21,110.73333333333333,9
2021,P003108   ,25,740.7833333333333,357
2021,P003120   ,17,324.18333333333334,147
2021,P003151   ,13,322.1333333333333,143
2021,P003210   ,32,760.95,350
2021,P003240   ,25,221.08333333333334,4
2021,P003332   ,28,414.51666666666665,229
2021,P003370   ,16,38.733333333333334,0
2021,P003469   ,38,1147.2833333333333,675
2021,P003478   ,14,189.83333333333331,65
2021,P003479   ,33,582.4166666666666,272
2021,P003490   ,9,89.06666666666666,45
2021,P003514   ,9,118.78333333333333,19
2021,P003521   ,8,21.933333333333334,4
2021,P003526   ,11,279.6166666666667,117
2021,P003573   ,22,422.48333333333335,100
2021,P003733   ,30,563.4166666666666,163
2021,P003842   ,8,58.050000000000004,46
2021,P003941   ,16,306.9,218
2021,P003958   ,24,428.93333333333334,188
2021,P004004   ,28,574.6666666666666,274
2021,P004007   ,31,655.3666666666667,211
2021,P004056   ,17,163.35,39
2021,P004058   ,36,584.3666666666667,184
2021,P004172   ,20,514.0166666666667,192
2021,P004183   ,18,99.13333333333334,47
2021,P004194   ,13,199.88333333333333,116
2021,P004197   ,32,425.51666666666665,107
2021,P004289   ,23,123.85,67
2021,P004302   ,23,254.16666666666666,39
2021,P004331   ,28,678.9166666666666,219
2021,P004381   ,25,360.1666666666667,168
2021,P004499   ,32,820.2,355
2021,P004508   ,32,216.33333333333334,23
2021,P004554   ,31,653.8,482
2021,P004571   ,28,480.4666666666667,87
2021,P004588   ,1,0.0,0
2021,P004645   ,13,85.16666666666667,31
2021,P004720   ,27,261.35,49
2021,P004761   ,31,346.8333333333333,43
2021,P004863   ,4,86.31666666666666,19
2021,P004866   ,32,962.0166666666667,374
2021,P004887   ,37,665.05,433
2021,P004888   ,20,563.8,304
2021,P004941   ,21,154.21666666666667,29
2021,P004996   ,3,0.0,0
2021,P005056   ,6,21.383333333333333,3
2021,P005059   ,11,62.699999999999996,21
2021,P005094   ,36,821.9166666666666,286
2021,P005099   ,31,584.6666666666666,204
2021,P005145   ,25,95.03333333333333,25
2021,P005146   ,32,475.05,125
2021,P005160   ,35,742.6166666666667,356
2021,P005161   ,23,668.5166666666667,253
2021,P005686   ,8,39.166666666666664,6
2021,P005718   ,3,28.583333333333332,1
2021,P005757   ,21,153.55,69
2021,P005771   ,35,690.7166666666667,188
2021,P005775   ,23,469.73333333333335,227
2021,P005789   ,37,744.75,269
2021,P005791   ,35,804.2333333333333,644
2021,P005836   ,14,167.56666666666666,50
2021,P005844   ,30,823.9333333333333,505
2021,P005856   ,35,959.4333333333333,361
2021,P005917   ,15,188.46666666666667,74
2021,P005938   ,29,380.43333333333334,126
2021,P005985   ,38,1185.1,686
2021,P006135   ,6,1.6166666666666665,0
2021,P006158   ,30,233.61666666666667,32
2021,P006251   ,24,259.03333333333336,38
2021,P006302   ,24,53.55,-11
2021,P006336   ,30,668.3,254
2021,P006360   ,25,24.316666666666666,-9
2021,P006399   ,21,150.55,82
2021,P006435   ,38,776.9333333333333,372
2021,P006436   ,29,833.8833333333333,343
2021,P006450   ,15,332.4166666666667,112
2021,P006477   ,36,915.3333333333334,461
2021,P006481   ,1,21.666666666666668,8
2021,P006505   ,18,325.96666666666664,133
2021,P006546   ,25,300.73333333333335,49
2021,P006555   ,31,734.8,325
2021,P006568   ,29,353.43333333333334,212
2021,P006589   ,29,689.8833333333333,408
2021,P006590   ,37,776.7833333333333,292
2021,P006599   ,35,272.35,83
2021,P006614   ,36,628.3833333333333,146
2021,P006625   ,31,655.6833333333334,215
2021,P006661   ,35,1015.9499999999999,528
2021,P006693   ,8,1.4333333333333333,1
2021,P006707   ,5,17.883333333333333,10
2021,P006710   ,13,28.166666666666668,7
2021,P006754   ,28,803.9499999999999,268
2021,P006768   ,35,358.8,69
2021,P006819   ,11,8.116666666666667,-1
2021,P006919   ,24,426.45,172
2021,P006961   ,18,72.38333333333333,4
2021,P006985   ,11,64.7,14
2021,P007025   ,28,356.9166666666667,46
2021,P007032   ,33,797.5666666666667,490
2021,P007056   ,29,705.2,317
2021,P007057   ,5,0.0,0
2021,P007109   ,39,535.0666666666666,172
2021,P007186   ,12,39.88333333333333,7
2021,P007200   ,39,1243.85,728
2021,P007201   ,20,425.2166666666667,205
2021,P007230   ,29,486.45,222
2021,P007265   ,30,220.48333333333335,-3
2021,P007338   ,25,270.1333333333333,24
2021,P007339   ,3,0.0,0
2021,P007400   ,32,911.6833333333333,482
2021,P007432   ,32,518.35,225
2021,P007519   ,37,620.85,273
2021,P007831   ,24,715.5833333333334,340
2021,P007853   ,37,611.5166666666667,278
2021,P007866   ,13,227.2,119
2021,P007869   ,31,727.5833333333334,263
2021,P007870   ,36,716.5,372
2021,P007942   ,35,576.9833333333333,277
2021,P007960   ,30,520.0,205
2021,P007982   ,29,480.4166666666667,163
2021,P007990   ,34,396.01666666666665,99
2021,P008004   ,35,315.9,62
2021,P008084   ,24,168.06666666666666,7
2021,P008099   ,32,458.2833333333333,68
2021,P008163   ,12,13.55,-4
2021,P008186   ,31,320.8833333333333,143
2021,P008211   ,31,426.73333333333335,58
2021,P008253   ,33,87.98333333333333,0
2021,P008262   ,2,0.0,0
2021,P008811   ,37,848.9666666666667,488
2021,P008823   ,26,55.25,4
2021,P008829   ,14,286.1,124
2021,P008847   ,22,558.25,222
2021,P008850   ,12,62.05,18
2021,P008855   ,37,827.4166666666666,279
2021,P008923   ,27,180.16666666666666,42
2021,P008961   ,22,263.81666666666666,41
2021,P008962   ,37,701.4166666666666,147
2021,P008989   ,20,485.8,237
2021,P008995   ,22,218.4,39
2021,P009005   ,12,279.45,122
2021,P009006   ,35,860.4333333333333,319
2021,P009035   ,23,362.3,177
2021,P009051   ,17,284.9,127
2021,P009056   ,2,9.883333333333333,-1
2021,P009088   ,11,22.833333333333332,1
2021,P009132   ,18,95.11666666666666,15
2021,P009212   ,12,59.21666666666667,14
2021,P009213   ,5,14.516666666666666,6
2021,P009461   ,2,0.0,0
2021,P009537   ,3,0.11666666666666667,0
2021,P009540   ,32,438.56666666666666,200
2021,P009553   ,14,227.35,71
2021,P009601   ,30,775.2333333333333,301
2021,P009622   ,24,704.7,416
2021,P009733   ,24,588.8833333333333,293
2021,P009754   ,23,626.3333333333334,332
2021,P009818   ,24,360.4166666666667,104
2021,P009846   ,36,678.1833333333334,186
2021,P009847   ,23,10.116666666666667,-1
2021,P009849   ,38,918.3666666666667,392
2021,P009863   ,31,841.5166666666667,465
2021,P009866   ,25,559.75,253
2021,P009877   ,21,83.25,22
2021,P009903   ,21,22.616666666666667,4
2021,P009917   ,29,578.4833333333333,151
2021,P009960   ,23,463.93333333333334,226
2021,P010035   ,1,3.1333333333333333,4
2021,P010062   ,5,2.6333333333333333,1
2021,P010100   ,1,22.883333333333333,7
2021,P010106   ,21,46.11666666666667,6
2021,P010107   ,3,16.066666666666666,-2
2021,P010182   ,4,0.0,0
2021,P010185   ,2,2.033333333333333,1
2021,P010190   ,1,0.0,0
2021,P010319   ,3,0.11666666666666667,0
2021,P010356   ,2,0.0,0
2021,P010357   ,36,993.3833333333333,485
2021,P010385   ,24,415.3666666666667,180
2021,P010391   ,29,760.7833333333333,268
2021,P010392   ,36,388.48333333333335,88
2021,P010394   ,17,375.8833333333333,147
2021,P010413   ,19,316.1166666666667,49
2021,P010428   ,26,106.66666666666667,15
2021,P010444   ,31,590.8833333333333,315
2021,P010467   ,27,286.93333333333334,85
2021,P010516   ,25,68.45,-3
2021,P010549   ,15,82.58333333333334,14
2021,P010560   ,29,777.6,320
2021,P010568   ,31,853.3666666666667,456
2021,P010581   ,28,503.23333333333335,160
2021,P010588   ,25,769.7666666666667,313
2021,P010612   ,24,574.2833333333333,165
2021,P010623   ,14,97.0,22
2021,P010628   ,7,21.783333333333335,0
2021,P010641   ,14,76.51666666666667,32
2021,P010683   ,15,260.8,8
2021,P010718   ,8,28.233333333333334,-2
2021,P010781   ,24,506.8333333333333,193
2021,P010791   ,24,260.01666666666665,182
2021,P010798   ,12,14.966666666666665,-2
2021,P010857   ,1,1.9,-1
2021,P010985   ,2,2.283333333333333,-1
2021,P010988   ,1,0.0,0
2021,P011192   ,33,694.4,219
2021,P011193   ,31,450.6166666666667,189
2021,P011194   ,40,204.8,114
2021,P011196   ,35,646.6333333333333,440
2021,P011199   ,28,633.6666666666666,357
2021,P011200   ,5,96.05,28
2021,P011201   ,27,310.5833333333333,86
2021,P011202   ,19,217.28333333333333,40
2021,P011204   ,33,322.6166666666667,41
2021,P011205   ,36,974.1166666666667,323
2021,P011206   ,30,287.46666666666664,47
2021,P011212   ,27,744.0,364
2021,P011217   ,20,266.21666666666664,26
2021,P011218   ,34,832.0,338
2021,P011219   ,31,182.75,71
2021,P011220   ,28,167.0,25
2021,P011221   ,30,341.5,185
2021,P011223   ,18,255.91666666666669,82
2021,P011225   ,37,700.7833333333333,252
2021,P011226   ,35,836.8,391
2021,P011234   ,3,0.0,0
2021,P011235   ,3,0.0,0
2021,P011236   ,31,802.2833333333333,360
2021,P011237   ,1,0.0,0
2021,P011238   ,2,0.0,0
2021,P011239   ,32,652.1666666666666,342
2021,P011242   ,31,26.0,0
2021,P011243   ,25,298.53333333333336,45
2021,P011244   ,33,608.15,319
2021,P011263   ,3,0.55,0
2021,P011264   ,20,261.5833333333333,52
2021,P011281   ,7,39.983333333333334,4
2021,P011284   ,8,53.9,12
2021,P011286   ,29,733.6,306
2021,P011302   ,25,424.26666666666665,202
2021,P011305   ,5,36.15,1
2021,P011307   ,4,50.083333333333336,11
2021,P011313   ,13,209.56666666666666,35
2021,P011317   ,4,36.050000000000004,-2
2021,P011396   ,6,25.116666666666667,3
2021,PAMM      ,37,333.81666666666666,116
2021,PBMT      ,34,629.2333333333333,255
2021,PBWI      ,19,216.36666666666667,74
2021,PCCD      ,26,398.3,114
2021,PCPR      ,27,571.9166666666666,209
2021,PCVM      ,34,687.7666666666667,310
2021,PJBX      ,18,309.83333333333337,102
2021,PJLX      ,24,440.01666666666665,110
2021,PKIR      ,26,517.6333333333333,105
2021,PKLT      ,27,522.35,261
2021,PKPD      ,31,625.4833333333333,151
2021,PKVZ      ,24,600.15,240
2021,PLCZ      ,38,725.4666666666667,411
2021,PLEM      ,19,242.56666666666666,47
2021,PLHI      ,19,372.98333333333335,99
2021,PLHK      ,40,722.55,449
2021,PLME      ,21,267.8666666666667,54
2021,PLRU      ,22,157.0,11
2021,PLUO      ,26,405.68333333333334,55
2021,PTFK      ,18,209.88333333333333,47
2021,PTGB      ,37,711.4166666666666,231
2022,P000464   ,2,0.0,0
2022,P000556   ,30,531.3166666666667,157
2022,P000796   ,29,724.05,475
2022,P000848   ,27,565.5,303
2022,P000925   ,38,761.5666666666666,441
2022,P000956   ,38,340.5833333333333,131
2022,P001133   ,23,520.25,265
2022,P001255   ,38,962.7166666666667,392
2022,P001261   ,4,29.18333333333333,0
2022,P001288   ,17,414.31666666666666,146
2022,P001392   ,33,367.18333333333334,89
2022,P001413   ,8,59.483333333333334,22
2022,P001518   ,33,300.15,76
2022,P001557   ,26,504.0,174
2022,P001833   ,16,233.56666666666666,34
2022,P001844   ,32,701.9333333333333,257
2022,P001926   ,36,822.2666666666667,529
2022,P001932   ,39,1000.9333333333334,391
2022,P002084   ,37,532.25,232
2022,P002100   ,30,687.9833333333333,450
2022,P002328   ,28,483.48333333333335,206
2022,P002329   ,37,1042.4833333333333,434
2022,P002553   ,31,586.1,316
2022,P002580   ,31,969.8833333333333,540
2022,P002581   ,33,614.3166666666667,318
2022,P002661   ,28,500.3,185
2022,P002676   ,37,834.2166666666667,274
2022,P002742   ,27,624.5166666666667,341
2022,P002812   ,34,639.4666666666667,262
2022,P002849   ,32,809.5666666666666,362
2022,P002925   ,26,63.95,11
2022,P002939   ,36,880.15,454
2022,P002968   ,36,617.9333333333333,184
2022,P002969   ,37,198.43333333333334,69
2022,P003048   ,29,394.3333333333333,197
2022,P003091   ,30,215.51666666666668,41
2022,P003108   ,40,800.65,358
2022,P003120   ,29,503.06666666666666,259
2022,P003198   ,32,230.06666666666666,79
2022,P003204   ,16,47.56666666666666,4
2022,P003210   ,32,508.35,199
2022,P003211   ,36,569.8,112
2022,P003240   ,25,206.3,40
2022,P003332   ,24,302.45,114
2022,P003469   ,40,1169.7333333333333,859
2022,P003478   ,35,615.1833333333334,223
2022,P003479   ,26,194.58333333333334,99
2022,P003521   ,4,23.183333333333337,10
2022,P003526   ,30,638.8833333333333,208
2022,P003527   ,10,117.11666666666666,40
2022,P003733   ,34,345.01666666666665,69
2022,P003842   ,38,1146.5333333333333,727
2022,P003958   ,28,498.06666666666666,296
2022,P003983   ,24,322.48333333333335,124
2022,P004004   ,38,906.7833333333333,486
2022,P004007   ,31,734.7,252
2022,P004056   ,5,31.75,7
2022,P004058   ,26,390.43333333333334,125
2022,P004119   ,27,445.73333333333335,202
2022,P004172   ,27,679.6166666666667,350
2022,P004194   ,3,54.766666666666666,32
2022,P004197   ,41,391.35,83
2022,P004233   ,36,119.83333333333333,16
2022,P004264   ,15,389.53333333333336,124
2022,P004267   ,27,207.16666666666666,62
2022,P004429   ,5,34.66666666666667,-6
2022,P004508   ,25,500.18333333333334,173
2022,P004554   ,34,486.1,310
2022,P004571   ,1,10.933333333333334,2
2022,P004603   ,34,694.1666666666666,453
2022,P004655   ,34,527.9166666666666,233
2022,P004720   ,30,537.1666666666666,76
2022,P004761   ,34,675.3333333333334,218
2022,P004790   ,35,480.23333333333335,221
2022,P004862   ,12,155.55,45
2022,P004866   ,38,855.9666666666667,294
2022,P004887   ,33,468.68333333333334,263
2022,P004888   ,34,1125.9833333333333,633
2022,P005056   ,29,189.93333333333334,38
2022,P005059   ,15,49.06666666666667,17
2022,P005094   ,30,215.83333333333334,70
2022,P005099   ,27,361.1666666666667,111
2022,P005145   ,34,329.28333333333336,83
2022,P005160   ,24,429.8833333333333,225
2022,P005161   ,38,783.2,192
2022,P005348   ,21,20.46666666666667,-6
2022,P005356   ,32,581.7,235
2022,P005460   ,16,211.38333333333333,77
2022,P005478   ,33,234.35,20
2022,P005504   ,37,485.6166666666667,261
2022,P005757   ,9,48.66666666666667,22
2022,P005775   ,30,753.3166666666667,333
2022,P005789   ,30,299.15,103
2022,P005791   ,40,1000.1833333333334,718
2022,P005844   ,33,783.1,377
2022,P005928   ,9,257.0833333333333,168
2022,P005985   ,38,1153.45,621
2022,P006068   ,30,592.3166666666667,148
2022,P006158   ,36,150.25,10
2022,P006251   ,27,239.08333333333334,78
2022,P006302   ,40,134.51666666666668,50
2022,P006433   ,16,401.28333333333336,123
2022,P006435   ,39,924.9333333333334,432
2022,P006436   ,34,905.1166666666667,460
2022,P006450   ,32,634.3333333333334,279
2022,P006477   ,20,464.6333333333333,276
2022,P006509   ,28,364.26666666666665,135
2022,P006540   ,41,975.8166666666667,650
2022,P006555   ,23,486.73333333333335,178
2022,P006568   ,34,677.9333333333333,424
2022,P006586   ,33,256.1333333333333,38
2022,P006589   ,33,741.6333333333333,425
2022,P006590   ,30,757.7666666666667,337
2022,P006592   ,34,527.7166666666667,164
2022,P006614   ,16,196.35,43
2022,P006625   ,27,583.9,194
2022,P006643   ,33,530.4166666666666,155
2022,P006661   ,27,591.65,253
2022,P006707   ,11,30.2,1
2022,P006739   ,29,483.85,142
2022,P006754   ,13,311.31666666666666,182
2022,P006760   ,30,609.05,204
2022,P006768   ,6,27.383333333333333,-3
2022,P006832   ,33,431.1666666666667,94
2022,P006919   ,27,602.55,269
2022,P006961   ,13,122.28333333333333,15
2022,P007025   ,19,199.23333333333335,29
2022,P007032   ,26,570.6,276
2022,P007056   ,31,654.4166666666666,206
2022,P007109   ,37,864.9333333333333,347
2022,P007122   ,5,11.183333333333334,3
2022,P007200   ,17,487.31666666666666,240
2022,P007201   ,34,471.26666666666665,195
2022,P007230   ,23,429.28333333333336,223
2022,P007265   ,28,164.28333333333333,3
2022,P007400   ,38,827.0,325
2022,P007513   ,26,144.88333333333333,12
2022,P007519   ,39,576.4166666666666,259
2022,P007673   ,38,304.4,59
2022,P007831   ,11,219.04999999999998,84
2022,P007853   ,41,724.6666666666666,363
2022,P007870   ,34,607.0166666666667,378
2022,P007947   ,29,703.0,355
2022,P007982   ,26,410.4666666666667,171
2022,P007990   ,39,658.4499999999999,251
2022,P007993   ,33,708.7666666666667,238
2022,P008084   ,29,265.0,34
2022,P008099   ,41,203.7,25
2022,P008108   ,13,3.5500000000000003,0
2022,P008211   ,28,357.9,77
2022,P008253   ,2,1.0333333333333334,0
2022,P008282   ,7,7.6499999999999995,-1
2022,P008296   ,4,1.2,0
2022,P008384   ,27,393.3666666666667,108
2022,P008780   ,7,27.5,8
2022,P008811   ,41,881.65,490
2022,P008829   ,38,489.53333333333336,166
2022,P008847   ,32,704.5333333333333,263
2022,P008850   ,30,132.63333333333333,9
2022,P008855   ,41,1028.9166666666667,472
2022,P008962   ,39,1188.1666666666667,523
2022,P008966   ,36,432.06666666666666,187
2022,P008967   ,10,183.7,67
2022,P008987   ,39,1205.7833333333333,549
2022,P008989   ,34,431.2,132
2022,P008991   ,39,362.68333333333334,170
2022,P009005   ,31,806.6833333333334,488
2022,P009006   ,34,997.2333333333333,411
2022,P009035   ,41,395.71666666666664,188
2022,P009101   ,11,69.39999999999999,1
2022,P009105   ,4,1.75,-1
2022,P009132   ,1,0.0,0
2022,P009212   ,36,86.23333333333333,0
2022,P009213   ,23,84.76666666666667,22
2022,P009540   ,24,327.0833333333333,130
2022,P009549   ,20,342.48333333333335,120
2022,P009601   ,14,282.3666666666667,84
2022,P009622   ,35,1105.9333333333334,564
2022,P009733   ,31,404.48333333333335,205
2022,P009754   ,34,861.4666666666667,455
2022,P009783   ,39,1017.2333333333333,512
2022,P009818   ,31,606.8333333333334,248
2022,P009846   ,34,771.3833333333333,336
2022,P009849   ,13,278.6333333333333,79
2022,P009862   ,37,1031.9833333333333,554
2022,P009863   ,34,953.9,597
2022,P009866   ,30,560.85,262
2022,P009903   ,6,0.0,0
2022,P009917   ,21,184.43333333333334,18
2022,P009960   ,16,357.31666666666666,118
2022,P010057   ,2,1.3,2
2022,P010185   ,11,2.2166666666666663,0
2022,P010190   ,1,1.45,-1
2022,P010307   ,3,1.3833333333333333,0
2022,P010357   ,29,689.6833333333334,330
2022,P010385   ,29,483.26666666666665,195
2022,P010390   ,37,652.9,287
2022,P010391   ,32,789.2666666666667,231
2022,P010392   ,41,590.7333333333333,198
2022,P010393   ,30,400.81666666666666,110
2022,P010444   ,34,681.75,364
2022,P010458   ,6,49.88333333333333,3
2022,P010516   ,21,51.68333333333334,1
2022,P010560   ,29,661.0333333333333,270
2022,P010568   ,28,641.5833333333334,415
2022,P010588   ,41,918.7166666666667,266
2022,P010612   ,39,628.0833333333334,131
2022,P010641   ,27,122.85,52
2022,P010677   ,14,154.18333333333334,70
2022,P010718   ,22,236.7,45
2022,P010750   ,2,2.1666666666666665,-1
2022,P010781   ,30,598.1166666666667,242
2022,P010791   ,31,410.6333333333333,241
2022,P010798   ,3,1.6166666666666667,-1
2022,P010807   ,2,0.0,0
2022,P010824   ,3,0.16666666666666666,-2
2022,P010985   ,4,8.1,0
2022,P011050   ,9,27.583333333333332,4
2022,P011051   ,30,322.1,151
2022,P011052   ,39,509.3666666666667,190
2022,P011064   ,26,254.65,101
2022,P011078   ,34,916.2333333333333,581
2022,P011157   ,36,838.0,576
2022,P011192   ,31,763.6,333
2022,P011193   ,30,595.8,215
2022,P011194   ,34,770.45,429
2022,P011196   ,41,764.05,504
2022,P011199   ,39,843.8333333333334,455
2022,P011201   ,28,98.35,43
2022,P011205   ,25,750.4166666666666,183
2022,P011209   ,29,207.9,57
2022,P011212   ,41,1066.15,491
2022,P011214   ,25,451.7833333333333,220
2022,P011218   ,17,445.8666666666667,296
2022,P011219   ,38,586.8166666666667,320
2022,P011220   ,23,49.483333333333334,15
2022,P011221   ,18,91.6,32
2022,P011224   ,12,297.51666666666665,197
2022,P011225   ,33,896.35,340
2022,P011226   ,41,1015.0666666666666,455
2022,P011231   ,41,659.35,167
2022,P011234   ,4,4.883333333333333,-2
2022,P011239   ,26,310.5,131
2022,P011244   ,29,330.45,83
2022,P011248   ,5,79.08333333333333,32
2022,P011261   ,10,7.9,-6
2022,P011286   ,27,832.6666666666666,345
2022,P011302   ,38,873.5833333333334,544
2022,P011386   ,1,0.0,0
2022,P011396   ,16,0.9166666666666666,0
2022,P011442   ,9,2.4333333333333336,1
2022,P011620   ,4,6.716666666666667,-1
2022,P011631   ,5,6.15,3
2022,P011649   ,1,0.0,0
2022,P011934   ,31,392.6166666666667,191
2022,P011935   ,36,76.43333333333334,34
2022,P011936   ,31,708.1666666666666,224
2022,P011937   ,13,63.68333333333334,10
2022,P011938   ,34,737.4833333333333,199
2022,P011939   ,15,237.61666666666667,71
2022,P011940   ,30,561.8333333333334,260
2022,P011941   ,34,643.9666666666667,233
2022,P011948   ,33,677.3,278
2022,P011949   ,32,616.0,234
2022,P011963   ,3,58.38333333333333,6
2022,P011964   ,15,67.66666666666667,36
2022,P011965   ,25,368.6,99
2022,P011967   ,38,733.85,219
2022,P011970   ,31,552.8166666666667,277
2022,P011971   ,32,688.1166666666667,245
2022,P011972   ,34,588.0166666666667,135
2022,P011973   ,28,396.85,176
2022,P011974   ,3,9.2,-4
2022,P011982   ,24,565.3666666666667,259
2022,P011983   ,35,784.4166666666666,309
2022,P011987   ,39,522.3,167
2022,P012017   ,10,0.0,0
2022,P012023   ,12,6.050000000000001,6
2022,P012056   ,23,364.51666666666665,107
2022,P012058   ,3,0.0,0
2022,P012068   ,26,370.8333333333333,104
2022,P012080   ,24,516.85,144
2022,P012088   ,1,0.0,0
2022,P012201   ,18,201.95000000000002,74
2022,P012203   ,14,88.91666666666667,25
2022,P012259   ,13,106.01666666666667,25
2022,P012298   ,1,1.4333333333333333,-1
2022,P012378   ,3,0.0,0
2022,P012405   ,3,1.5,0
2022,P012406   ,6,128.4,74
2022,PBCN      ,32,355.2,158
2022,PBMT      ,20,347.75,85
2022,PCCD      ,8,56.13333333333333,10
2022,PCVM      ,40,592.55,271
2022,PJBX      ,13,12.166666666666668,-3
2022,PJDR      ,26,506.8,273
2022,PJDU      ,7,13.5,-7
2022,PKIR      ,31,545.8666666666667,161
2022,PLCZ      ,41,729.75,408
2022,PLHK      ,34,498.51666666666665,220
2022,PLKX      ,5,0.0,0
2022,PLME      ,30,474.93333333333334,80
2022,PLRQ      ,7,97.56666666666666,41
2022,PLUO      ,25,460.3,35
2022,PTFK      ,30,322.98333333333335,73
2022,PTGB      ,30,485.5,147
2023,P000229   ,34,478.28333333333336,145
2023,P000556   ,22,310.15,67
2023,P000796   ,21,556.95,396
2023,P000848   ,30,654.85,388
2023,P000925   ,38,831.4833333333333,565
2023,P000956   ,30,366.7,134
2023,P001133   ,33,904.8166666666666,574
2023,P001255   ,38,953.15,354
2023,P001288   ,20,502.9166666666667,205
2023,P001392   ,36,487.0,143
2023,P001518   ,24,152.93333333333334,0
2023,P001557   ,32,405.2,80
2023,P001844   ,32,770.5333333333333,343
2023,P001926   ,35,891.9,549
2023,P001932   ,40,900.5833333333334,398
2023,P002084   ,25,263.98333333333335,111
2023,P002100   ,21,459.45,287
2023,P002328   ,41,1013.0333333333333,358
2023,P002329   ,34,951.95,365
2023,P002553   ,31,608.95,381
2023,P002581   ,36,205.53333333333333,94
2023,P002676   ,22,459.5833333333333,126
2023,P002812   ,34,419.45,120
2023,P002849   ,34,830.55,326
2023,P002939   ,39,976.1833333333333,442
2023,P002968   ,38,428.1166666666667,116
2023,P002969   ,20,40.88333333333333,6
2023,P003048   ,36,694.4333333333334,241
2023,P003108   ,38,885.7166666666667,506
2023,P003196   ,38,616.9666666666667,483
2023,P003198   ,38,361.65,99
2023,P003204   ,19,93.26666666666667,28
2023,P003210   ,32,363.7,110
2023,P003211   ,33,589.3666666666667,143
2023,P003274   ,18,13.266666666666666,-8
2023,P003478   ,27,467.6,178
2023,P003479   ,6,20.53333333333333,6
2023,P003526   ,30,479.43333333333334,77
2023,P003527   ,34,398.55,110
2023,P003583   ,28,691.3666666666667,441
2023,P003733   ,37,307.95,97
2023,P003842   ,41,1218.2666666666667,805
2023,P003941   ,28,488.85,387
2023,P003958   ,29,726.95,477
2023,P003960   ,32,656.8166666666666,308
2023,P003983   ,24,446.68333333333334,210
2023,P004004   ,39,794.4833333333333,354
2023,P004007   ,30,374.15000000000003,123
2023,P004058   ,28,281.0833333333333,58
2023,P004093   ,12,1.55,0
2023,P004172   ,30,362.06666666666666,80
2023,P004194   ,32,764.5666666666667,402
2023,P004197   ,35,309.3333333333333,86
2023,P004233   ,32,165.26666666666665,33
2023,P004508   ,22,410.85,120
2023,P004554   ,32,428.5,194
2023,P004603   ,39,705.3833333333333,306
2023,P004720   ,25,132.03333333333333,10
2023,P004761   ,37,955.6166666666667,321
2023,P004790   ,38,277.7166666666667,66
2023,P004863   ,27,458.01666666666665,190
2023,P004866   ,39,958.5833333333334,324
2023,P004887   ,37,678.95,496
2023,P004888   ,25,708.0833333333334,367
2023,P005094   ,13,232.6,92
2023,P005099   ,26,523.1666666666666,213
2023,P005145   ,40,372.45,76
2023,P005161   ,21,273.43333333333334,86
2023,P005356   ,25,410.4166666666667,155
2023,P005460   ,18,141.51666666666665,70
2023,P005478   ,15,93.56666666666666,20
2023,P005504   ,34,513.9333333333334,302
2023,P005553   ,12,62.6,19
2023,P005670   ,31,362.3833333333333,73
2023,P005775   ,3,47.18333333333334,11
2023,P005791   ,34,778.0333333333333,508
2023,P005836   ,1,10.166666666666666,0
2023,P005844   ,38,607.1,273
2023,P005928   ,37,935.75,619
2023,P005985   ,39,1235.1666666666667,758
2023,P006068   ,14,176.56666666666666,64
2023,P006158   ,1,11.683333333333334,-2
2023,P006245   ,13,27.0,4
2023,P006251   ,33,530.3,103
2023,P006302   ,18,116.18333333333334,3
2023,P006372   ,16,124.13333333333334,30
2023,P006433   ,17,285.6666666666667,53
2023,P006435   ,33,749.6333333333333,392
2023,P006436   ,34,864.2833333333333,334
2023,P006509   ,31,495.28333333333336,169
2023,P006540   ,38,798.6166666666667,550
2023,P006543   ,17,143.91666666666666,31
2023,P006544   ,14,17.016666666666666,12
2023,P006568   ,32,611.1166666666667,397
2023,P006589   ,29,245.31666666666666,84
2023,P006590   ,31,718.2333333333333,297
2023,P006643   ,27,331.8833333333333,57
2023,P006661   ,41,1011.8666666666667,513
2023,P006701   ,23,135.75,61
2023,P006721   ,13,10.716666666666667,5
2023,P006739   ,34,579.5833333333334,167
2023,P006760   ,31,617.6333333333333,222
2023,P006819   ,26,104.26666666666667,20
2023,P006860   ,32,120.38333333333334,31
2023,P006919   ,17,375.1333333333333,186
2023,P006961   ,34,503.05,173
2023,P007025   ,31,316.0,64
2023,P007032   ,21,405.93333333333334,163
2023,P007056   ,28,741.6666666666666,298
2023,P007109   ,31,711.0666666666666,324
2023,P007200   ,35,1107.5833333333333,698
2023,P007201   ,34,687.2,321
2023,P007230   ,36,969.6833333333333,513
2023,P007400   ,32,888.1833333333333,416
2023,P007464   ,30,340.3333333333333,72
2023,P007513   ,32,497.3666666666667,108
2023,P007519   ,36,558.5833333333334,198
2023,P007550   ,16,174.21666666666667,35
2023,P007553   ,39,181.21666666666667,74
2023,P007639   ,29,249.41666666666666,122
2023,P007673   ,21,264.4,53
2023,P007831   ,29,882.7666666666667,487
2023,P007853   ,33,522.9,218
2023,P007866   ,38,1070.1,510
2023,P007870   ,28,626.05,343
2023,P007946   ,17,117.96666666666667,30
2023,P007947   ,32,418.4,129
2023,P007960   ,31,598.2333333333333,200
2023,P007975   ,33,636.5666666666667,354
2023,P007982   ,32,703.7666666666667,265
2023,P007990   ,32,428.65,160
2023,P008072   ,19,122.53333333333333,34
2023,P008084   ,27,102.0,22
2023,P008099   ,23,223.26666666666668,84
2023,P008173   ,25,512.3333333333334,153
2023,P008211   ,34,574.0833333333334,158
2023,P008296   ,2,0.0,0
2023,P008384   ,25,436.45,201
2023,P008780   ,17,285.35,97
2023,P008811   ,36,811.8333333333334,484
2023,P008829   ,40,1017.4,575
2023,P008847   ,26,472.9,200
2023,P008850   ,39,199.06666666666666,1
2023,P008855   ,40,1056.0666666666666,373
2023,P008962   ,37,1165.7333333333333,578
2023,P008966   ,32,328.3333333333333,83
2023,P008967   ,30,658.95,239
2023,P008985   ,30,593.45,277
2023,P008987   ,29,871.8166666666667,380
2023,P009005   ,28,594.2166666666667,277
2023,P009035   ,33,840.9333333333333,482
2023,P009048   ,39,1150.8666666666666,582
2023,P009101   ,9,49.266666666666666,7
2023,P009212   ,18,111.93333333333334,61
2023,P009213   ,28,256.75,76
2023,P009513   ,28,249.83333333333334,65
2023,P009549   ,31,691.4333333333334,322
2023,P009622   ,38,1113.6166666666668,499
2023,P009664   ,26,599.0833333333334,235
2023,P009754   ,20,450.1166666666667,177
2023,P009783   ,40,1138.5,562
2023,P009846   ,24,520.2333333333333,276
2023,P009849   ,39,668.95,286
2023,P009862   ,28,815.5333333333333,397
2023,P009863   ,30,826.5666666666667,572
2023,P009917   ,8,96.66666666666667,6
2023,P009960   ,32,385.95,141
2023,P009992   ,39,441.23333333333335,119
2023,P010184   ,8,11.299999999999999,1
2023,P010357   ,28,636.9166666666666,383
2023,P010390   ,34,634.6333333333333,252
2023,P010391   ,34,739.5166666666667,252
2023,P010392   ,38,485.1333333333333,141
2023,P010393   ,33,421.7833333333333,148
2023,P010400   ,11,10.183333333333334,0
2023,P010444   ,33,732.4666666666667,338
2023,P010516   ,18,87.46666666666667,-14
2023,P010560   ,27,534.5333333333333,216
2023,P010568   ,33,851.25,438
2023,P010588   ,36,910.4,304
2023,P010612   ,41,945.3166666666666,345
2023,P010623   ,21,105.63333333333333,18
2023,P010631   ,11,1.0833333333333333,0
2023,P010641   ,32,107.48333333333333,57
2023,P010750   ,2,16.533333333333335,-2
2023,P010754   ,2,2.4333333333333336,2
2023,P010781   ,36,675.3166666666667,297
2023,P010788   ,9,0.0,0
2023,P010791   ,28,464.3833333333333,252
2023,P010868   ,4,6.183333333333334,-4
2023,P010985   ,2,30.75,9
2023,P011050   ,28,115.66666666666667,54
2023,P011051   ,31,491.6166666666667,194
2023,P011052   ,40,405.56666666666666,144
2023,P011064   ,12,110.38333333333334,34
2023,P011078   ,35,909.3666666666667,337
2023,P011085   ,31,390.48333333333335,143
2023,P011157   ,36,674.0333333333333,438
2023,P011192   ,28,274.1666666666667,106
2023,P011193   ,38,717.4,296
2023,P011194   ,25,343.68333333333334,172
2023,P011196   ,39,517.6166666666667,302
2023,P011199   ,39,925.3666666666667,651
2023,P011201   ,8,34.06666666666667,0
2023,P011204   ,41,1131.2666666666667,447
2023,P011205   ,32,770.55,291
2023,P011209   ,41,178.18333333333334,62
2023,P011212   ,37,918.8166666666666,379
2023,P011214   ,40,625.1666666666666,345
2023,P011218   ,34,931.1666666666666,622
2023,P011219   ,35,504.3,208
2023,P011221   ,36,224.35,103
2023,P011224   ,28,645.85,275
2023,P011225   ,33,923.4833333333333,453
2023,P011226   ,38,1023.9,449
2023,P011231   ,39,764.0,251
2023,P011244   ,37,542.3166666666667,153
2023,P011375   ,2,0.0,0
2023,P011386   ,33,261.4166666666667,27
2023,P011433   ,17,15.283333333333333,0
2023,P011442   ,4,1.3666666666666667,3
2023,P011520   ,1,0.0,0
2023,P011630   ,1,0.0,0
2023,P011631   ,10,26.483333333333334,14
2023,P011649   ,9,26.483333333333334,-2
2023,P011666   ,5,2.9333333333333336,-3
2023,P011826   ,13,85.16666666666667,19
2023,P011926   ,15,23.650000000000002,6
2023,P011934   ,28,539.4166666666666,188
2023,P011941   ,29,241.68333333333334,70
2023,P011948   ,39,898.4,430
2023,P011964   ,21,132.35,38
2023,P011965   ,26,165.76666666666665,17
2023,P011970   ,22,361.98333333333335,143
2023,P011971   ,40,613.3833333333333,233
2023,P011980   ,37,402.05,102
2023,P011981   ,34,596.2166666666667,323
2023,P011982   ,27,598.95,384
2023,P011983   ,33,293.2833333333333,65
2023,P011987   ,34,775.8,275
2023,P012023   ,12,6.333333333333333,0
2023,P012044   ,29,554.6333333333333,255
2023,P012080   ,28,787.8,310
2023,P012095   ,14,26.75,7
2023,P012096   ,27,523.4333333333333,284
2023,P012123   ,10,35.083333333333336,1
2023,P012197   ,5,1.5666666666666667,1
2023,P012201   ,35,840.9833333333333,623
2023,P012298   ,2,0.0,0
2023,P012365   ,3,0.8,-1
2023,P012415   ,7,4.883333333333333,-3
2023,P012417   ,4,0.0,0
2023,P012515   ,15,59.9,3
2023,P012709   ,34,286.6,120
2023,P012710   ,34,308.65,101
2023,P012711   ,14,82.8,13
2023,P012712   ,31,508.5333333333333,180
2023,P012713   ,14,9.766666666666666,-1
2023,P012714   ,17,135.93333333333334,60
2023,P012715   ,29,527.6833333333333,193
2023,P012720   ,29,699.5666666666667,251
2023,P012721   ,27,416.65,160
2023,P012724   ,2,2.4166666666666665,0
2023,P012729   ,30,644.6,280
2023,P012730   ,20,223.08333333333334,64
2023,P012731   ,32,348.4166666666667,139
2023,P012732   ,7,120.9,42
2023,P012738   ,33,431.25,89
2023,P012739   ,21,288.01666666666665,115
2023,P012740   ,30,471.28333333333336,47
2023,P012742   ,33,693.0833333333334,326
2023,P012743   ,31,516.4166666666666,284
2023,P012744   ,40,552.3,176
2023,P012745   ,38,912.1333333333333,364
2023,P012765   ,29,268.71666666666664,67
2023,P012766   ,1,0.0,0
2023,P012774   ,35,960.7666666666667,411
2023,P012779   ,1,0.0,0
2023,P012784   ,8,3.3666666666666667,3
2023,P012786   ,16,218.1,84
2023,P012787   ,23,309.0,99
2023,P012788   ,22,340.26666666666665,194
2023,P012795   ,18,335.53333333333336,69
2023,P012800   ,7,126.9,44
2023,P012801   ,13,210.13333333333333,58
2023,P012878   ,18,236.08333333333334,173
2023,PBCN      ,35,796.4666666666667,321
2023,PBMT      ,26,369.51666666666665,118
2023,PCVM      ,32,486.35,145
2023,PJDR      ,27,569.6833333333334,295
2023,PKIR      ,31,501.5833333333333,117
2023,PLCZ      ,39,692.6333333333333,394
2023,PLFW      ,13,224.7,104
2023,PLHK      ,27,414.3833333333333,184
2023,PLUO      ,22,303.2,23
2023,PTGB      ,33,595.9333333333333,170
2024,P000229   ,24,330.6,39
2024,P000796   ,30,824.6166666666667,659
2024,P000848   ,27,501.51666666666665,225
2024,P000925   ,24,508.1666666666667,279
2024,P001133   ,28,768.7666666666667,490
2024,P001255   ,38,713.2166666666667,237
2024,P001288   ,16,411.2,189
2024,P001392   ,22,462.4,218
2024,P001518   ,33,483.6,104
2024,P001557   ,25,454.81666666666666,133
2024,P001844   ,31,481.05,91
2024,P001926   ,40,848.1,476
2024,P001932   ,14,227.76666666666668,58
2024,P002084   ,33,536.0166666666667,198
2024,P002100   ,33,658.9833333333333,419
2024,P002328   ,5,45.83333333333333,11
2024,P002329   ,34,760.4833333333333,278
2024,P002553   ,28,313.5833333333333,185
2024,P002581   ,34,453.8,279
2024,P002676   ,33,726.4333333333333,216
2024,P002849   ,38,656.5166666666667,257
2024,P002939   ,39,924.5,379
2024,P002968   ,34,431.31666666666666,175
2024,P002969   ,12,33.03333333333333,6
2024,P003048   ,34,533.7666666666667,184
2024,P003091   ,6,6.9,5
2024,P003108   ,38,1028.35,544
2024,P003196   ,38,538.45,366
2024,P003210   ,19,97.48333333333333,-2
2024,P003469   ,38,1154.95,902
2024,P003478   ,38,629.25,154
2024,P003481   ,5,0.0,0
2024,P003526   ,33,641.6,106
2024,P003583   ,31,357.2166666666667,175
2024,P003733   ,39,735.9833333333333,259
2024,P003842   ,19,483.5833333333333,381
2024,P003941   ,31,576.0166666666667,418
2024,P004004   ,36,793.3833333333333,427
2024,P004007   ,28,299.15,62
2024,P004058   ,33,222.46666666666667,31
2024,P004088   ,39,773.0833333333334,332
2024,P004132   ,15,342.0833333333333,189
2024,P004194   ,21,384.6666666666667,252
2024,P004197   ,36,520.25,92
2024,P004233   ,24,124.26666666666667,35
2024,P004508   ,36,859.0666666666667,251
2024,P004512   ,28,257.1,4
2024,P004554   ,26,411.85,237
2024,P004761   ,21,481.1166666666667,110
2024,P004790   ,30,168.16666666666666,65
2024,P004866   ,35,951.5,407
2024,P004887   ,39,833.1,523
2024,P004888   ,24,658.3333333333334,369
2024,P005145   ,34,218.65,60
2024,P005161   ,30,274.9166666666667,61
2024,P005216   ,18,331.96666666666664,203
2024,P005353   ,31,451.96666666666664,290
2024,P005460   ,31,274.93333333333334,124
2024,P005504   ,34,442.73333333333335,185
2024,P005670   ,25,112.68333333333334,13
2024,P005738   ,29,274.35,57
2024,P005763   ,3,35.95,16
2024,P005791   ,40,930.5333333333333,611
2024,P005793   ,36,473.06666666666666,120
2024,P005844   ,33,478.73333333333335,255
2024,P005928   ,39,1003.8666666666667,683
2024,P005985   ,41,1203.0,715
2024,P006085   ,27,454.93333333333334,176
2024,P006240   ,12,114.3,44
2024,P006251   ,33,627.7333333333333,143
2024,P006273   ,12,2.25,2
2024,P006372   ,22,56.483333333333334,38
2024,P006435   ,4,88.1,53
2024,P006436   ,35,537.2333333333333,170
2024,P006509   ,28,415.9666666666667,121
2024,P006540   ,36,762.5166666666667,437
2024,P006544   ,13,4.116666666666666,3
2024,P006568   ,38,302.8833333333333,150
2024,P006590   ,33,622.7166666666667,268
2024,P006591   ,22,418.1333333333333,129
2024,P006640   ,16,57.516666666666666,9
2024,P006661   ,1,2.0833333333333335,0
2024,P006701   ,11,31.416666666666668,17
2024,P006721   ,26,171.21666666666667,60
2024,P006739   ,30,708.4666666666667,215
2024,P006760   ,31,749.4,293
2024,P006835   ,27,735.3666666666667,421
2024,P006919   ,25,438.46666666666664,118
2024,P006961   ,37,831.95,311
2024,P007025   ,30,386.5333333333333,13
2024,P007027   ,33,910.5833333333334,679
2024,P007029   ,34,562.45,238
2024,P007032   ,29,497.98333333333335,231
2024,P007056   ,28,735.2333333333333,454
2024,P007109   ,39,707.5166666666667,260
2024,P007182   ,36,491.95,188
2024,P007200   ,28,733.55,434
2024,P007201   ,36,851.15,330
2024,P007230   ,27,610.2833333333333,288
2024,P007464   ,33,464.3666666666667,169
2024,P007483   ,8,29.6,6
2024,P007513   ,30,720.35,134
2024,P007519   ,30,685.0,436
2024,P007550   ,19,190.83333333333331,65
2024,P007579   ,15,228.06666666666666,129
2024,P007630   ,29,380.6166666666667,103
2024,P007632   ,22,103.33333333333333,24
2024,P007639   ,36,237.36666666666667,119
2024,P007736   ,22,125.96666666666667,20
2024,P007831   ,28,771.55,372
2024,P007853   ,39,624.45,275
2024,P007855   ,7,7.85,0
2024,P007866   ,39,629.7,220
2024,P007870   ,34,617.6833333333333,355
2024,P007929   ,26,102.35,11
2024,P007947   ,34,583.15,173
2024,P007960   ,30,351.3833333333333,124
2024,P007975   ,34,866.7,528
2024,P007982   ,35,801.7166666666667,300
2024,P007990   ,34,574.9,172
2024,P008062   ,24,419.15,154
2024,P008072   ,33,462.75,186
2024,P008099   ,41,830.2,330
2024,P008104   ,27,328.1166666666667,128
2024,P008161   ,25,42.61666666666667,-5
2024,P008173   ,28,559.9333333333334,239
2024,P008174   ,6,9.716666666666667,0
2024,P008211   ,23,418.56666666666666,136
2024,P008232   ,32,345.18333333333334,128
2024,P008384   ,27,533.3166666666666,201
2024,P008780   ,24,522.7333333333333,258
2024,P008811   ,35,608.0333333333333,293
2024,P008829   ,40,657.2833333333333,360
2024,P008850   ,28,133.88333333333333,22
2024,P008855   ,26,526.0166666666667,188
2024,P008962   ,39,1222.35,713
2024,P008967   ,21,505.9166666666667,203
2024,P008985   ,26,560.0666666666666,221
2024,P008987   ,34,939.9,661
2024,P008991   ,32,289.26666666666665,90
2024,P009005   ,28,654.5166666666667,240
2024,P009035   ,18,436.8666666666667,298
2024,P009048   ,35,888.1,349
2024,P009213   ,31,349.45,106
2024,P009513   ,15,70.03333333333333,6
2024,P009549   ,34,915.1333333333333,461
2024,P009622   ,39,566.75,289
2024,P009664   ,39,311.23333333333335,118
2024,P009754   ,35,741.9166666666666,314
2024,P009783   ,39,719.5333333333333,265
2024,P009818   ,10,117.58333333333334,34
2024,P009846   ,38,1027.2333333333333,549
2024,P009849   ,30,202.38333333333333,39
2024,P009862   ,37,1001.85,610
2024,P009863   ,27,654.0666666666666,298
2024,P009992   ,36,660.45,304
2024,P010106   ,25,389.4166666666667,184
2024,P010316   ,27,389.55,73
2024,P010390   ,38,768.6166666666667,341
2024,P010391   ,34,895.8166666666667,437
2024,P010392   ,29,119.36666666666666,61
2024,P010400   ,3,13.583333333333334,3
2024,P010545   ,34,725.1833333333334,410
2024,P010560   ,34,288.76666666666665,119
2024,P010588   ,18,251.98333333333332,102
2024,P010612   ,35,735.6666666666666,233
2024,P010781   ,27,647.7166666666667,191
2024,P010784   ,25,26.483333333333334,0
2024,P010788   ,4,5.25,-1
2024,P010791   ,5,96.78333333333333,59
2024,P011050   ,31,128.96666666666667,66
2024,P011051   ,29,435.1333333333333,226
2024,P011052   ,10,59.7,23
2024,P011064   ,27,594.6666666666666,211
2024,P011078   ,39,1026.8666666666666,458
2024,P011085   ,34,617.65,318
2024,P011193   ,26,628.7666666666667,303
2024,P011194   ,32,644.65,470
2024,P011196   ,34,731.05,488
2024,P011199   ,4,77.33333333333333,42
2024,P011202   ,20,302.0833333333333,86
2024,P011204   ,41,1101.4666666666667,436
2024,P011205   ,32,751.1166666666667,281
2024,P011209   ,41,235.38333333333333,41
2024,P011212   ,35,880.7166666666667,468
2024,P011214   ,20,439.3666666666667,247
2024,P011218   ,1,0.0,0
2024,P011219   ,33,770.9,394
2024,P011221   ,10,27.683333333333334,14
2024,P011224   ,33,679.8666666666667,382
2024,P011225   ,27,572.4333333333334,183
2024,P011226   ,35,929.6833333333334,428
2024,P011231   ,40,962.6,365
2024,P011244   ,25,386.51666666666665,140
2024,P011247   ,33,468.4,158
2024,P011330   ,2,2.6166666666666667,0
2024,P011433   ,19,65.71666666666667,16
2024,P011442   ,24,25.616666666666667,16
2024,P011626   ,6,34.31666666666667,5
2024,P011631   ,30,406.48333333333335,71
2024,P011649   ,38,226.36666666666667,35
2024,P011666   ,24,77.65,32
2024,P011816   ,23,165.23333333333335,57
2024,P011836   ,29,353.23333333333335,91
2024,P011925   ,3,22.35,0
2024,P011934   ,28,583.9,319
2024,P011941   ,21,244.08333333333334,70
2024,P011948   ,32,714.85,197
2024,P011949   ,6,72.7,21
2024,P011965   ,16,12.35,3
2024,P011981   ,32,724.2833333333333,512
2024,P011983   ,31,512.0,219
2024,P011987   ,35,1008.8833333333333,586
2024,P012044   ,35,568.5666666666667,262
2024,P012058   ,22,115.23333333333333,42
2024,P012080   ,26,648.4666666666667,190
2024,P012099   ,9,5.9,-1
2024,P012100   ,9,22.4,0
2024,P012103   ,6,2.466666666666667,2
2024,P012113   ,1,2.4333333333333336,-3
2024,P012115   ,2,0.0,0
2024,P012116   ,2,0.0,0
2024,P012123   ,32,161.4,28
2024,P012126   ,4,7.166666666666667,4
2024,P012167   ,10,35.766666666666666,5
2024,P012168   ,8,4.75,1
2024,P012181   ,4,1.65,-2
2024,P012199   ,3,0.95,-2
2024,P012201   ,33,930.7166666666667,614
2024,P012262   ,1,0.0,0
2024,P012263   ,15,34.233333333333334,7
2024,P012294   ,1,0.0,0
2024,P012317   ,16,13.966666666666667,-1
2024,P012365   ,2,0.0,0
2024,P012443   ,2,0.0,0
2024,P012515   ,40,266.05,91
2024,P012585   ,34,634.3333333333334,259
2024,P012591   ,29,226.21666666666667,67
2024,P012597   ,25,535.3,161
2024,P012604   ,32,636.7166666666667,350
2024,P012608   ,37,1011.1833333333333,842
2024,P012609   ,33,625.4666666666667,239
2024,P012610   ,38,1001.1833333333333,430
2024,P012611   ,32,202.01666666666668,31
2024,P012612   ,9,43.916666666666664,15
2024,P012613   ,38,969.5,361
2024,P012622   ,32,416.9666666666667,77
2024,P012640   ,38,758.7666666666667,401
2024,P012710   ,39,646.7333333333333,268
2024,P012712   ,40,1092.85,611
2024,P012715   ,28,214.46666666666667,46
2024,P012720   ,34,875.9166666666666,390
2024,P012721   ,13,256.8,126
2024,P012731   ,15,272.65,99
2024,P012742   ,18,332.3,159
2024,P012745   ,39,1061.35,485
2024,P012774   ,40,1233.0833333333333,749
2024,P012786   ,19,286.05,97
2024,P012788   ,38,630.35,422
2024,P012795   ,37,724.1166666666667,313
2024,P012878   ,19,230.95,114
2024,P012885   ,7,0.0,0
2024,P013250   ,16,168.58333333333334,33
2024,P013363   ,39,622.4,253
2024,P013364   ,23,133.38333333333333,21
2024,P013365   ,32,314.68333333333334,102
2024,P013367   ,34,842.55,396
2024,P013368   ,21,99.53333333333333,34
2024,P013369   ,34,916.7833333333333,588
2024,P013370   ,24,276.51666666666665,108
2024,P013371   ,34,555.95,148
2024,P013372   ,7,102.03333333333333,19
2024,P013373   ,38,393.65,133
2024,P013374   ,31,491.45,245
2024,P013377   ,14,22.566666666666666,5
2024,P013378   ,29,275.31666666666666,89
2024,P013379   ,24,480.9166666666667,283
2024,P013380   ,37,954.2833333333333,466
2024,P013381   ,33,375.9,108
2024,P013382   ,33,914.95,401
2024,P013383   ,34,528.8166666666667,224
2024,P013384   ,33,480.3833333333333,196
2024,P013385   ,21,159.8,62
2024,P013386   ,28,457.4166666666667,268
2024,P013389   ,22,366.6666666666667,186
2024,P013396   ,18,141.81666666666666,43
2024,P013403   ,19,423.55,214
2024,P013405   ,26,646.0166666666667,262
2024,P013406   ,1,0.0,0
2024,P013505   ,2,7.1,8
2024,P013514   ,11,5.583333333333334,-1
2024,P013666   ,2,20.65,1
2024,P013667   ,13,166.58333333333334,67
2024,P013695   ,9,139.46666666666667,28
2024,P013696   ,13,69.96666666666667,30
2024,P013699   ,8,151.73333333333332,71
2024,P013774   ,7,99.05,39
2024,P013775   ,7,85.86666666666667,42
2024,PBCN      ,31,412.0833333333333,74
2024,PJDR      ,21,234.33333333333334,75
2024,PKIR      ,15,171.1,25
2024,PLCZ      ,37,427.1666666666667,218
2024,PLHK      ,14,38.0,-2
2024,PLMG      ,15,60.45,31
2024,PLUO      ,14,53.583333333333336,13
2024,PTGB      ,40,683.9333333333334,204
2025,P000229   ,23,330.21666666666664,90
2025,P000796   ,31,590.5166666666667,393
2025,P000848   ,36,470.4166666666667,174
2025,P000925   ,38,804.25,358
2025,P000956   ,3,4.0,0
2025,P001133   ,34,848.25,522
2025,P001255   ,38,515.2333333333333,82
2025,P001288   ,33,764.6166666666667,352
2025,P001518   ,38,622.8333333333334,168
2025,P001557   ,34,423.01666666666665,118
2025,P001844   ,34,498.7166666666667,153
2025,P001926   ,38,810.4833333333333,477
2025,P001932   ,36,596.2166666666667,184
2025,P002100   ,30,564.45,400
2025,P002328   ,27,110.61666666666667,9
2025,P002329   ,42,779.2,279
2025,P002580   ,40,963.8166666666666,450
2025,P002661   ,35,363.1,90
2025,P002676   ,38,685.25,289
2025,P002849   ,35,831.15,354
2025,P002939   ,37,921.7333333333333,405
2025,P002968   ,10,54.88333333333333,10
2025,P002969   ,15,41.78333333333333,1
2025,P003048   ,30,186.11666666666667,80
2025,P003091   ,32,269.81666666666666,64
2025,P003108   ,44,994.9,544
2025,P003196   ,40,528.0333333333333,273
2025,P003458   ,30,540.5833333333334,160
2025,P003469   ,39,1085.5833333333333,863
2025,P003526   ,35,612.7833333333333,130
2025,P003527   ,36,507.71666666666664,73
2025,P003733   ,42,654.0333333333333,158
2025,P003836   ,16,8.933333333333334,-1
2025,P003842   ,14,317.25,170
2025,P003941   ,40,861.35,778
2025,P003983   ,23,374.48333333333335,218
2025,P004004   ,35,771.4,390
2025,P004007   ,26,312.51666666666665,112
2025,P004088   ,39,1065.0333333333333,496
2025,P004093   ,1,0.0,0
2025,P004132   ,38,779.9166666666666,462
2025,P004161   ,3,2.9833333333333334,-2
2025,P004197   ,34,572.5166666666667,144
2025,P004292   ,23,95.63333333333333,34
2025,P004451   ,4,16.916666666666664,0
2025,P004508   ,35,930.5333333333333,421
2025,P004512   ,20,57.983333333333334,-4
2025,P004655   ,9,83.26666666666667,23
2025,P004761   ,19,389.35,79
2025,P004846   ,26,57.81666666666667,18
2025,P004863   ,20,351.06666666666666,145
2025,P004866   ,39,903.2833333333333,243
2025,P004887   ,14,259.1166666666667,154
2025,P004888   ,33,843.5833333333334,485
2025,P005353   ,22,240.36666666666667,159
2025,P005356   ,12,84.73333333333333,3
2025,P005379   ,2,15.45,-5
2025,P005422   ,37,777.4333333333334,202
2025,P005504   ,41,409.7,215
2025,P005596   ,9,49.45,3
2025,P005670   ,14,41.300000000000004,6
2025,P005683   ,14,68.28333333333333,2
2025,P005713   ,27,550.0,184
2025,P005791   ,39,887.55,603
2025,P005844   ,5,73.88333333333333,26
2025,P005928   ,44,1073.0666666666666,635
2025,P005942   ,26,107.36666666666666,8
2025,P005985   ,39,1167.5,743
2025,P006020   ,3,0.0,0
2025,P006085   ,17,333.8333333333333,223
2025,P006240   ,8,35.55,4
2025,P006277   ,10,17.2,11
2025,P006372   ,33,203.81666666666666,38
2025,P006435   ,20,336.7,145
2025,P006482   ,18,158.71666666666667,12
2025,P006509   ,20,89.69999999999999,14
2025,P006540   ,18,480.35,281
2025,P006568   ,35,134.85,86
2025,P006590   ,28,260.51666666666665,98
2025,P006591   ,24,393.8333333333333,62
2025,P006643   ,38,598.4166666666666,199
2025,P006661   ,7,88.95,35
2025,P006725   ,18,337.7166666666667,135
2025,P006739   ,24,458.03333333333336,165
2025,P006760   ,38,1055.7666666666667,544
2025,P006835   ,36,1008.3833333333333,565
2025,P006904   ,17,136.86666666666667,35
2025,P006961   ,41,997.8,341
2025,P007027   ,38,646.55,426
2025,P007029   ,41,331.28333333333336,95
2025,P007032   ,41,738.9,288
2025,P007056   ,36,718.2666666666667,345
2025,P007109   ,35,664.2833333333333,211
2025,P007182   ,43,711.3666666666667,210
2025,P007200   ,12,364.25,181
2025,P007201   ,29,299.1,145
2025,P007230   ,13,310.45,130
2025,P007464   ,40,746.25,274
2025,P007513   ,22,249.66666666666669,36
2025,P007527   ,40,819.8333333333334,383
2025,P007579   ,5,69.01666666666667,36
2025,P007630   ,41,499.76666666666665,256
2025,P007632   ,1,6.216666666666667,3
2025,P007673   ,2,3.1666666666666665,1
2025,P007705   ,6,0.0,0
2025,P007736   ,32,328.5,68
2025,P007831   ,36,941.4,448
2025,P007853   ,28,311.71666666666664,135
2025,P007866   ,39,401.2,166
2025,P007929   ,34,307.5833333333333,70
2025,P007947   ,31,659.6333333333333,307
2025,P007960   ,31,299.0,73
2025,P007975   ,42,1166.6,806
2025,P007982   ,31,745.9333333333333,340
2025,P007990   ,32,386.9,121
2025,P007993   ,34,588.3333333333334,210
2025,P008072   ,28,468.53333333333336,172
2025,P008099   ,43,1045.5333333333333,475
2025,P008104   ,12,56.36666666666667,21
2025,P008161   ,41,309.8833333333333,86
2025,P008173   ,37,572.45,232
2025,P008176   ,20,49.766666666666666,11
2025,P008192   ,42,953.1333333333333,535
2025,P008232   ,32,325.8666666666667,78
2025,P008325   ,34,304.1166666666667,162
2025,P008384   ,12,39.9,7
2025,P008811   ,3,13.433333333333334,11
2025,P008829   ,43,652.9166666666666,365
2025,P008855   ,37,888.8,353
2025,P008858   ,20,83.73333333333333,32
2025,P008962   ,16,456.85,206
2025,P008985   ,29,655.4833333333333,309
2025,P008987   ,30,738.6833333333333,452
2025,P009005   ,41,836.5333333333333,358
2025,P009035   ,15,216.78333333333333,114
2025,P009048   ,39,1206.4833333333333,585
2025,P009299   ,28,73.46666666666667,15
2025,P009513   ,29,433.4166666666667,122
2025,P009549   ,30,726.1166666666667,260
2025,P009556   ,13,129.06666666666666,3
2025,P009622   ,12,173.7,82
2025,P009664   ,28,454.1666666666667,223
2025,P009733   ,15,289.1333333333333,148
2025,P009754   ,34,798.1,366
2025,P009783   ,40,674.9333333333333,347
2025,P009846   ,38,1120.2,744
2025,P009849   ,43,1082.15,588
2025,P009862   ,39,1059.7666666666667,517
2025,P009863   ,42,1085.5666666666666,689
2025,P009877   ,3,0.0,0
2025,P009948   ,34,266.35,43
2025,P009992   ,38,590.5833333333334,223
2025,P010035   ,32,168.23333333333332,25
2025,P010042   ,38,873.7,679
2025,P010105   ,5,9.633333333333333,-2
2025,P010106   ,1,5.266666666666667,-2
2025,P010162   ,22,42.3,4
2025,P010316   ,35,549.3,105
2025,P010318   ,19,219.7,93
2025,P010319   ,36,572.2333333333333,223
2025,P010390   ,40,697.1166666666667,290
2025,P010391   ,38,1065.55,406
2025,P010392   ,14,20.933333333333334,0
2025,P010393   ,44,858.35,409
2025,P010431   ,32,566.8166666666667,185
2025,P010444   ,40,662.4666666666667,295
2025,P010465   ,15,365.56666666666666,268
2025,P010545   ,42,561.6,259
2025,P010550   ,19,137.25,43
2025,P010568   ,42,859.0166666666667,496
2025,P010581   ,37,702.5166666666667,255
2025,P010750   ,33,345.6666666666667,144
2025,P010781   ,16,390.2,198
2025,P010788   ,1,0.0,0
2025,P011051   ,31,511.1,221
2025,P011052   ,28,155.29999999999998,51
2025,P011064   ,31,253.98333333333332,70
2025,P011078   ,44,828.65,435
2025,P011085   ,36,418.93333333333334,158
2025,P011157   ,40,512.3833333333333,283
2025,P011193   ,38,738.3333333333334,336
2025,P011194   ,38,892.8833333333333,584
2025,P011196   ,42,579.9,436
2025,P011199   ,26,560.2166666666667,357
2025,P011201   ,35,435.1333333333333,131
2025,P011204   ,42,993.2833333333333,349
2025,P011205   ,35,883.8333333333334,295
2025,P011209   ,33,132.83333333333334,26
2025,P011212   ,42,1073.8166666666666,493
2025,P011214   ,9,88.45,39
2025,P011217   ,40,962.1333333333333,542
2025,P011218   ,1,2.0166666666666666,0
2025,P011219   ,38,870.45,536
2025,P011221   ,15,22.683333333333334,9
2025,P011226   ,42,1172.3333333333333,572
2025,P011231   ,43,1019.7666666666667,453
2025,P011244   ,36,557.0,271
2025,P011247   ,39,649.4333333333334,262
2025,P011284   ,35,460.05,264
2025,P011286   ,29,852.0333333333333,404
2025,P011305   ,12,161.56666666666666,22
2025,P011442   ,14,80.33333333333333,36
2025,P011686   ,6,0.85,0
2025,P011816   ,29,267.3,86
2025,P011823   ,37,345.81666666666666,114
2025,P011836   ,37,828.1833333333333,339
2025,P011927   ,42,769.3,253
2025,P011935   ,9,37.483333333333334,38
2025,P011948   ,23,474.81666666666666,159
2025,P011949   ,22,285.2833333333333,90
2025,P011980   ,17,110.46666666666667,20
2025,P011981   ,36,640.7666666666667,434
2025,P011982   ,39,894.1833333333334,306
2025,P011983   ,41,561.6666666666666,119
2025,P011987   ,36,915.2666666666667,395
2025,P012044   ,29,269.1166666666667,38
2025,P012080   ,36,914.7666666666667,590
2025,P012096   ,14,140.03333333333333,77
2025,P012167   ,24,9.4,0
2025,P012185   ,1,0.0,0
2025,P012201   ,36,941.7666666666667,648
2025,P012268   ,26,176.88333333333333,8
2025,P012336   ,3,0.0,0
2025,P012365   ,8,10.216666666666667,0
2025,P012403   ,38,652.6166666666667,268
2025,P012515   ,39,276.7833333333333,118
2025,P012585   ,34,677.8166666666667,416
2025,P012593   ,36,912.7833333333333,406
2025,P012597   ,9,146.86666666666667,50
2025,P012606   ,38,1122.95,597
2025,P012608   ,44,692.6166666666667,341
2025,P012609   ,40,995.5833333333334,340
2025,P012610   ,35,668.1166666666667,272
2025,P012611   ,37,591.1666666666666,180
2025,P012612   ,13,94.85,24
2025,P012613   ,36,669.0333333333333,178
2025,P012618   ,36,538.9666666666667,151
2025,P012640   ,37,823.8833333333333,650
2025,P012687   ,38,822.5333333333333,415
2025,P012710   ,36,879.65,409
2025,P012712   ,44,1076.3833333333332,542
2025,P012720   ,37,1040.9166666666667,408
2025,P012731   ,32,756.8,328
2025,P012738   ,44,838.5,482
2025,P012742   ,26,570.5333333333333,185
2025,P012745   ,19,288.6333333333333,76
2025,P012774   ,37,1100.0333333333333,579
2025,P012788   ,42,1003.5,704
2025,P012795   ,34,774.8833333333333,209
2025,P012796   ,36,800.95,625
2025,P012878   ,42,992.75,720
2025,P012885   ,9,51.56666666666666,15
2025,P012925   ,3,0.0,0
2025,P012934   ,1,0.0,0
2025,P012943   ,12,12.200000000000001,-6
2025,P012948   ,5,0.0,0
2025,P012977   ,8,18.15,9
2025,P012997   ,16,10.95,0
2025,P013013   ,3,0.0,0
2025,P013016   ,2,0.0,0
2025,P013027   ,12,25.333333333333336,3
2025,P013028   ,7,49.516666666666666,-6
2025,P013269   ,39,515.9166666666666,110
2025,P013283   ,15,21.666666666666668,1
2025,P013284   ,42,967.85,176
2025,P013289   ,38,520.4333333333333,221
2025,P013290   ,37,714.9333333333333,291
2025,P013304   ,14,103.01666666666667,46
2025,P013363   ,34,922.4,541
2025,P013367   ,29,644.5333333333333,392
2025,P013369   ,15,420.96666666666664,251
2025,P013370   ,24,504.4,254
2025,P013371   ,31,548.6333333333333,258
2025,P013373   ,36,503.56666666666666,164
2025,P013374   ,33,611.65,345
2025,P013378   ,36,487.25,154
2025,P013380   ,39,855.45,351
2025,P013381   ,38,454.98333333333335,105
2025,P013382   ,13,123.08333333333334,8
2025,P013383   ,36,610.0,204
2025,P013384   ,38,856.6333333333333,401
2025,P013385   ,11,13.316666666666666,6
2025,P013386   ,30,433.48333333333335,214
2025,P013389   ,33,453.1333333333333,215
2025,P013402   ,41,929.4,429
2025,P013403   ,29,636.7166666666667,354
2025,P013422   ,1,0.0,0
2025,P013555   ,1,0.8,0
2025,P013579   ,2,0.0,0
2025,P013667   ,37,640.7166666666667,361
2025,P013699   ,37,729.6166666666667,318
2025,P014004   ,15,82.6,21
2025,P014005   ,37,829.9333333333333,322
2025,P014006   ,43,769.95,342
2025,P014007   ,24,427.4,136
2025,P014008   ,36,683.0166666666667,517
2025,P014009   ,23,459.06666666666666,183
2025,P014010   ,34,549.9333333333334,293
2025,P014011   ,20,356.18333333333334,172
2025,P014012   ,24,436.9166666666667,301
2025,P014013   ,30,767.1833333333333,376
2025,P014014   ,38,481.93333333333334,194
2025,P014015   ,32,263.01666666666665,35
2025,P014016   ,35,331.26666666666665,107
2025,P014025   ,36,270.3833333333333,117
2025,P014026   ,38,449.45,179
2025,P014027   ,37,713.2666666666667,375
2025,P014028   ,12,79.65,6
2025,P014029   ,34,474.8666666666667,341
2025,P014031   ,20,188.03333333333333,60
2025,P014086   ,13,287.75,161
2025,P014088   ,36,727.5333333333333,211
2025,P014094   ,26,89.51666666666667,28
2025,P014102   ,37,556.5333333333333,266
2025,P014105   ,3,2.6333333333333333,2
2025,P014106   ,1,0.0,0
2025,P014107   ,13,65.35,-5
2025,P014108   ,31,298.0333333333333,180
2025,P014115   ,43,741.8166666666666,334
2025,P014117   ,44,890.0,634
2025,P014119   ,30,402.8833333333333,165
2025,P014120   ,23,168.8,50
2025,P014121   ,9,16.1,3
2025,P014122   ,11,14.533333333333333,-4
2025,P014123   ,31,325.8,132
2025,P014124   ,41,977.3,596
2025,P014127   ,36,885.1833333333333,376
2025,P014128   ,4,1.1333333333333333,-2
2025,P014133   ,2,24.683333333333334,5
2025,P014134   ,39,445.76666666666665,169
2025,P014141   ,16,40.0,-4
2025,P014152   ,31,687.5,336
2025,P014157   ,8,88.85000000000001,43
2025,P014162   ,11,253.71666666666667,108
2025,P014163   ,32,640.15,346
2025,P014168   ,34,578.7666666666667,225
2025,P014169   ,32,210.83333333333334,85
2025,P014177   ,7,12.783333333333333,4
2025,P014178   ,26,554.65,208
2025,P014190   ,25,442.95,126
2025,P014207   ,23,465.2,255
2025,P014209   ,1,0.0,0
2025,P014212   ,11,92.33333333333334,10
2025,P014213   ,10,233.35,108
2025,P014219   ,15,115.1,41
2025,P014220   ,16,139.23333333333332,68
2025,P014316   ,16,249.08333333333334,108
2025,P014416   ,14,170.6,73
2025,PKLT      ,26,486.73333333333335,226
2025,PLCZ      ,30,338.8666666666667,198
2025,PTGB      ,40,426.25,76
