Season,Gamecode,Phase,Round,Date,HomeTeam,AwayTeam,Played,SourceEndpoint
2016,263,FF,37,2017-05-21T18:00:00.000Z,ULK,OLY,result,v2_games
2016,262,FF,37,2017-05-21T15:00:00.000Z,MAD,CSK,result,v2_games
2016,260,FF,36,2017-05-19T18:30:00.000Z,ULK,MAD,result,v2_games
2016,261,FF,36,2017-05-19T15:30:00.000Z,CSK,OLY,result,v2_games
2016,259,PO,35,2017-05-02T18:00:00.000Z,OLY,IST,result,v2_games
2016,255,PO,34,2017-04-28T18:15:00.000Z,IST,OLY,result,v2_games
2016,253,PO,34,2017-04-28T16:30:00.000Z,DAR,MAD,result,v2_games
2016,249,PO,33,2017-04-26T18:15:00.000Z,DAR,MAD,result,v2_games
2016,251,PO,33,2017-04-26T16:30:00.000Z,IST,OLY,result,v2_games
2016,252,PO,33,2017-04-25T19:00:00.000Z,BAS,CSK,result,v2_games
2016,250,PO,33,2017-04-25T17:45:00.000Z,ULK,PAN,result,v2_games
2016,245,PO,32,2017-04-21T19:00:00.000Z,MAD,DAR,result,v2_games
2016,247,PO,32,2017-04-21T18:00:00.000Z,OLY,IST,result,v2_games
2016,246,PO,32,2017-04-20T18:00:00.000Z,PAN,ULK,result,v2_games
2016,248,PO,32,2017-04-20T17:00:00.000Z,CSK,BAS,result,v2_games
2016,241,PO,31,2017-04-19T19:00:00.000Z,MAD,DAR,result,v2_games
2016,243,PO,31,2017-04-19T18:00:00.000Z,OLY,IST,result,v2_games
2016,242,PO,31,2017-04-18T18:00:00.000Z,PAN,ULK,result,v2_games
2016,244,PO,31,2017-04-18T17:00:00.000Z,CSK,BAS,result,v2_games
2016,240,RS,30,2017-04-07T19:00:00.000Z,MAD,IST,result,v2_games
2016,239,RS,30,2017-04-07T18:45:00.000Z,MIL,UNK,result,v2_games
2016,237,RS,30,2017-04-07T17:00:00.000Z,CSK,OLY,result,v2_games
2016,238,RS,30,2017-04-07T17:00:00.000Z,DAR,RED,result,v2_games
2016,235,RS,30,2017-04-06T19:00:00.000Z,BAS,ZAL,result,v2_games
2016,236,RS,30,2017-04-06T18:05:00.000Z,TEL,PAN,result,v2_games
2016,233,RS,30,2017-04-06T18:00:00.000Z,BAM,GAL,result,v2_games
2016,234,RS,30,2017-04-06T17:45:00.000Z,ULK,BAR,result,v2_games
2016,231,RS,29,2017-03-31T19:00:00.000Z,MAD,ULK,result,v2_games
2016,230,RS,29,2017-03-31T18:45:00.000Z,PAN,CSK,result,v2_games
2016,232,RS,29,2017-03-31T17:00:00.000Z,ZAL,MIL,result,v2_games
2016,229,RS,29,2017-03-31T17:00:00.000Z,GAL,BAS,result,v2_games
2016,228,RS,29,2017-03-31T17:00:00.000Z,RED,UNK,result,v2_games
2016,227,RS,29,2017-03-30T19:00:00.000Z,BAR,TEL,result,v2_games
2016,226,RS,29,2017-03-30T18:45:00.000Z,BAM,DAR,result,v2_games
2016,225,RS,29,2017-03-30T17:00:00.000Z,IST,OLY,result,v2_games
2016,222,RS,28,2017-03-24T20:00:00.000Z,BAR,RED,result,v2_games
2016,223,RS,28,2017-03-24T19:00:00.000Z,OLY,MAD,result,v2_games
2016,221,RS,28,2017-03-24T17:15:00.000Z,DAR,GAL,result,v2_games
2016,224,RS,28,2017-03-24T16:00:00.000Z,UNK,CSK,result,v2_games
2016,219,RS,28,2017-03-23T20:00:00.000Z,BAS,PAN,result,v2_games
2016,218,RS,28,2017-03-23T19:45:00.000Z,MIL,BAM,result,v2_games
2016,220,RS,28,2017-03-23T19:05:00.000Z,TEL,ZAL,result,v2_games
2016,217,RS,28,2017-03-23T17:30:00.000Z,IST,ULK,result,v2_games
2016,216,RS,27,2017-03-22T20:00:00.000Z,MAD,BAR,result,v2_games
2016,215,RS,27,2017-03-22T18:00:00.000Z,GAL,UNK,result,v2_games
2016,213,RS,27,2017-03-22T18:00:00.000Z,RED,OLY,result,v2_games
2016,214,RS,27,2017-03-22T16:00:00.000Z,CSK,DAR,result,v2_games
2016,211,RS,27,2017-03-21T19:15:00.000Z,PAN,MIL,result,v2_games
2016,209,RS,27,2017-03-21T19:00:00.000Z,BAM,BAS,result,v2_games
2016,212,RS,27,2017-03-21T18:00:00.000Z,ZAL,IST,result,v2_games
2016,210,RS,27,2017-03-21T17:45:00.000Z,ULK,TEL,result,v2_games
2016,206,RS,26,2017-03-17T20:00:00.000Z,BAS,CSK,result,v2_games
2016,207,RS,26,2017-03-17T19:00:00.000Z,OLY,GAL,result,v2_games
2016,205,RS,26,2017-03-17T17:00:00.000Z,DAR,BAR,result,v2_games
2016,208,RS,26,2017-03-17T16:00:00.000Z,UNK,ZAL,result,v2_games
2016,203,RS,26,2017-03-16T19:45:00.000Z,MIL,RED,result,v2_games
2016,202,RS,26,2017-03-16T19:45:00.000Z,BAM,ULK,result,v2_games
2016,204,RS,26,2017-03-16T19:15:00.000Z,PAN,MAD,result,v2_games
2016,201,RS,26,2017-03-16T17:00:00.000Z,IST,TEL,result,v2_games
2016,196,RS,25,2017-03-10T20:00:00.000Z,MAD,RED,result,v2_games
2016,200,RS,25,2017-03-10T19:45:00.000Z,OLY,DAR,result,v2_games
2016,198,RS,25,2017-03-10T18:00:00.000Z,IST,BAM,result,v2_games
2016,199,RS,25,2017-03-09T20:00:00.000Z,BAR,UNK,result,v2_games
2016,195,RS,25,2017-03-09T19:05:00.000Z,TEL,MIL,result,v2_games
2016,197,RS,25,2017-03-09T18:00:00.000Z,ZAL,PAN,result,v2_games
2016,194,RS,25,2017-03-09T17:45:00.000Z,ULK,BAS,result,v2_games
2016,193,RS,25,2017-03-09T17:00:00.000Z,CSK,GAL,result,v2_games
2016,191,RS,24,2017-03-03T20:00:00.000Z,BAR,CSK,result,v2_games
2016,190,RS,24,2017-03-03T17:15:00.000Z,DAR,PAN,result,v2_games
2016,192,RS,24,2017-03-03T16:00:00.000Z,UNK,IST,result,v2_games
2016,186,RS,24,2017-03-02T20:00:00.000Z,BAS,MIL,result,v2_games
2016,187,RS,24,2017-03-02T19:05:00.000Z,TEL,OLY,result,v2_games
2016,189,RS,24,2017-03-02T18:00:00.000Z,RED,BAM,result,v2_games
2016,185,RS,24,2017-03-02T17:45:00.000Z,GAL,MAD,result,v2_games
2016,188,RS,24,2017-03-02T17:00:00.000Z,ZAL,ULK,result,v2_games
2016,184,RS,23,2017-02-24T20:00:00.000Z,MAD,DAR,result,v2_games
2016,183,RS,23,2017-02-24T19:15:00.000Z,PAN,UNK,result,v2_games
2016,182,RS,23,2017-02-24T19:00:00.000Z,BAM,ZAL,result,v2_games
2016,181,RS,23,2017-02-24T17:00:00.000Z,IST,BAS,result,v2_games
2016,179,RS,23,2017-02-23T19:45:00.000Z,MIL,BAR,result,v2_games
2016,177,RS,23,2017-02-23T18:00:00.000Z,RED,GAL,result,v2_games
2016,180,RS,23,2017-02-23T17:45:00.000Z,ULK,OLY,result,v2_games
2016,178,RS,23,2017-02-23T17:00:00.000Z,CSK,TEL,result,v2_games
2016,175,RS,22,2017-02-10T20:00:00.000Z,BAR,GAL,result,v2_games
2016,176,RS,22,2017-02-10T19:00:00.000Z,OLY,ZAL,result,v2_games
2016,174,RS,22,2017-02-10T17:00:00.000Z,DAR,ULK,result,v2_games
2016,171,RS,22,2017-02-09T19:15:00.000Z,PAN,BAM,result,v2_games
2016,170,RS,22,2017-02-09T19:05:00.000Z,TEL,BAS,result,v2_games
2016,173,RS,22,2017-02-09T18:00:00.000Z,CSK,RED,result,v2_games
2016,169,RS,22,2017-02-09T17:30:00.000Z,IST,MIL,result,v2_games
2016,172,RS,22,2017-02-09T16:00:00.000Z,UNK,MAD,result,v2_games
2016,166,RS,21,2017-02-03T19:45:00.000Z,RED,IST,result,v2_games
2016,168,RS,21,2017-02-03T19:30:00.000Z,BAS,MAD,result,v2_games
2016,167,RS,21,2017-02-03T17:00:00.000Z,GAL,PAN,result,v2_games
2016,162,RS,21,2017-02-02T19:45:00.000Z,MIL,DAR,result,v2_games
2016,161,RS,21,2017-02-02T19:00:00.000Z,BAM,TEL,result,v2_games
2016,165,RS,21,2017-02-02T18:00:00.000Z,ZAL,BAR,result,v2_games
2016,163,RS,21,2017-02-02T17:45:00.000Z,ULK,CSK,result,v2_games
2016,164,RS,21,2017-02-02T16:00:00.000Z,UNK,OLY,result,v2_games
2016,160,RS,20,2017-01-27T20:00:00.000Z,MAD,MIL,result,v2_games
2016,159,RS,20,2017-01-27T19:00:00.000Z,OLY,BAM,result,v2_games
2016,154,RS,20,2017-01-27T18:00:00.000Z,BAR,BAS,result,v2_games
2016,158,RS,20,2017-01-27T17:45:00.000Z,DAR,ZAL,result,v2_games
2016,157,RS,20,2017-01-27T17:00:00.000Z,CSK,IST,result,v2_games
2016,156,RS,20,2017-01-26T19:05:00.000Z,TEL,UNK,result,v2_games
2016,153,RS,20,2017-01-26T18:00:00.000Z,RED,PAN,result,v2_games
2016,155,RS,20,2017-01-26T17:45:00.000Z,ULK,GAL,result,v2_games
2016,151,RS,19,2017-01-25T19:45:00.000Z,MIL,OLY,result,v2_games
2016,150,RS,19,2017-01-25T19:00:00.000Z,BAM,MAD,result,v2_games
2016,149,RS,19,2017-01-25T18:30:00.000Z,IST,DAR,result,v2_games
2016,146,RS,19,2017-01-24T20:30:00.000Z,BAS,RED,result,v2_games
2016,147,RS,19,2017-01-24T18:45:00.000Z,PAN,BAR,result,v2_games
2016,152,RS,19,2017-01-24T18:00:00.000Z,ZAL,CSK,result,v2_games
2016,145,RS,19,2017-01-24T17:00:00.000Z,GAL,TEL,result,v2_games
2016,148,RS,19,2017-01-24T16:00:00.000Z,UNK,ULK,result,v2_games
2016,143,RS,18,2017-01-20T19:00:00.000Z,OLY,BAS,result,v2_games
2016,144,RS,18,2017-01-20T17:00:00.000Z,ZAL,MAD,result,v2_games
2016,141,RS,18,2017-01-20T17:00:00.000Z,DAR,UNK,result,v2_games
2016,137,RS,18,2017-01-19T20:00:00.000Z,BAR,IST,result,v2_games
2016,142,RS,18,2017-01-19T19:15:00.000Z,MIL,GAL,result,v2_games
2016,139,RS,18,2017-01-19T19:05:00.000Z,TEL,RED,result,v2_games
2016,138,RS,18,2017-01-19T17:30:00.000Z,ULK,PAN,result,v2_games
2016,140,RS,18,2017-01-19T17:00:00.000Z,CSK,BAM,result,v2_games
2016,136,RS,17,2017-01-13T20:00:00.000Z,MAD,TEL,result,v2_games
2016,135,RS,17,2017-01-13T19:45:00.000Z,PAN,IST,result,v2_games
2016,133,RS,17,2017-01-13T17:00:00.000Z,CSK,MIL,result,v2_games
2016,134,RS,17,2017-01-13T17:00:00.000Z,GAL,ZAL,result,v2_games
2016,131,RS,17,2017-01-12T20:00:00.000Z,BAR,OLY,result,v2_games
2016,129,RS,17,2017-01-12T19:45:00.000Z,RED,ULK,result,v2_games
2016,130,RS,17,2017-01-12T17:00:00.000Z,DAR,BAS,result,v2_games
2016,132,RS,17,2017-01-12T16:00:00.000Z,UNK,BAM,result,v2_games
2016,127,RS,16,2017-01-06T20:00:00.000Z,MAD,CSK,result,v2_games
2016,126,RS,16,2017-01-06T19:00:00.000Z,OLY,PAN,result,v2_games
2016,128,RS,16,2017-01-06T18:00:00.000Z,ZAL,RED,result,v2_games
2016,125,RS,16,2017-01-06T17:45:00.000Z,ULK,MIL,result,v2_games
2016,123,RS,16,2017-01-05T20:00:00.000Z,BAS,UNK,result,v2_games
2016,124,RS,16,2017-01-05T19:05:00.000Z,TEL,DAR,result,v2_games
2016,122,RS,16,2017-01-05T19:00:00.000Z,BAM,BAR,result,v2_games
2016,121,RS,16,2017-01-05T17:30:00.000Z,IST,GAL,result,v2_games
2016,118,RS,15,2016-12-30T20:00:00.000Z,BAR,DAR,result,v2_games
2016,119,RS,15,2016-12-30T17:00:00.000Z,GAL,BAM,result,v2_games
2016,120,RS,15,2016-12-30T16:00:00.000Z,UNK,PAN,result,v2_games
2016,116,RS,15,2016-12-29T20:00:00.000Z,BAS,TEL,result,v2_games
2016,115,RS,15,2016-12-29T19:45:00.000Z,MIL,ZAL,result,v2_games
2016,117,RS,15,2016-12-29T19:00:00.000Z,OLY,ULK,result,v2_games
2016,114,RS,15,2016-12-29T18:00:00.000Z,RED,CSK,result,v2_games
2016,113,RS,15,2016-12-29T17:00:00.000Z,IST,MAD,result,v2_games
2016,111,RS,14,2016-12-23T20:00:00.000Z,BAR,MIL,result,v2_games
2016,112,RS,14,2016-12-23T19:15:00.000Z,PAN,BAS,result,v2_games
2016,110,RS,14,2016-12-23T17:45:00.000Z,DAR,TEL,result,v2_games
2016,109,RS,14,2016-12-23T17:00:00.000Z,CSK,ULK,result,v2_games
2016,105,RS,14,2016-12-22T19:00:00.000Z,BAM,OLY,result,v2_games
2016,106,RS,14,2016-12-22T18:00:00.000Z,RED,MAD,result,v2_games
2016,108,RS,14,2016-12-22T18:00:00.000Z,ZAL,UNK,result,v2_games
2016,107,RS,14,2016-12-22T17:00:00.000Z,GAL,IST,result,v2_games
2016,103,RS,13,2016-12-21T19:30:00.000Z,BAS,BAR,result,v2_games
2016,104,RS,13,2016-12-21T19:05:00.000Z,TEL,CSK,result,v2_games
2016,101,RS,13,2016-12-21T19:00:00.000Z,MIL,PAN,result,v2_games
2016,102,RS,13,2016-12-21T17:45:00.000Z,ULK,DAR,result,v2_games
2016,99,RS,13,2016-12-20T19:45:00.000Z,MAD,BAM,result,v2_games
2016,98,RS,13,2016-12-20T19:00:00.000Z,OLY,RED,result,v2_games
2016,97,RS,13,2016-12-20T17:30:00.000Z,IST,ZAL,result,v2_games
2016,100,RS,13,2016-12-20T16:00:00.000Z,UNK,GAL,result,v2_games
2016,96,RS,12,2016-12-16T19:45:00.000Z,PAN,ULK,result,v2_games
2016,94,RS,12,2016-12-16T17:30:00.000Z,CSK,BAR,result,v2_games
2016,95,RS,12,2016-12-16T17:00:00.000Z,GAL,MIL,result,v2_games
2016,89,RS,12,2016-12-15T19:45:00.000Z,BAM,IST,result,v2_games
2016,90,RS,12,2016-12-15T19:00:00.000Z,RED,TEL,result,v2_games
2016,93,RS,12,2016-12-15T18:00:00.000Z,ZAL,OLY,result,v2_games
2016,91,RS,12,2016-12-15T17:00:00.000Z,DAR,MAD,result,v2_games
2016,92,RS,12,2016-12-15T16:00:00.000Z,UNK,BAS,result,v2_games
2016,87,RS,11,2016-12-09T20:00:00.000Z,BAS,DAR,result,v2_games
2016,88,RS,11,2016-12-09T19:45:00.000Z,OLY,UNK,result,v2_games
2016,84,RS,11,2016-12-09T18:00:00.000Z,PAN,GAL,result,v2_games
2016,86,RS,11,2016-12-09T17:00:00.000Z,IST,BAR,result,v2_games
2016,85,RS,11,2016-12-08T20:00:00.000Z,MAD,ZAL,result,v2_games
2016,81,RS,11,2016-12-08T19:00:00.000Z,MIL,CSK,result,v2_games
2016,82,RS,11,2016-12-08T17:45:00.000Z,ULK,RED,result,v2_games
2016,83,RS,11,2016-12-07T17:45:00.000Z,TEL,BAM,result,v2_games
2016,78,RS,10,2016-12-02T20:00:00.000Z,BAR,PAN,result,v2_games
2016,79,RS,10,2016-12-02T20:00:00.000Z,BAS,GAL,result,v2_games
2016,76,RS,10,2016-12-02T18:00:00.000Z,RED,ZAL,result,v2_games
2016,77,RS,10,2016-12-02T17:00:00.000Z,DAR,OLY,result,v2_games
2016,75,RS,10,2016-12-01T19:05:00.000Z,TEL,IST,result,v2_games
2016,73,RS,10,2016-12-01T19:00:00.000Z,BAM,CSK,result,v2_games
2016,74,RS,10,2016-12-01T17:45:00.000Z,ULK,MAD,result,v2_games
2016,80,RS,10,2016-12-01T16:00:00.000Z,UNK,MIL,result,v2_games
2016,72,RS,9,2016-11-25T19:45:00.000Z,PAN,DAR,result,v2_games
2016,71,RS,9,2016-11-25T17:00:00.000Z,GAL,BAR,result,v2_games
2016,70,RS,9,2016-11-25T17:00:00.000Z,CSK,BAS,result,v2_games
2016,68,RS,9,2016-11-24T20:00:00.000Z,MAD,UNK,result,v2_games
2016,66,RS,9,2016-11-24T19:45:00.000Z,MIL,ULK,result,v2_games
2016,69,RS,9,2016-11-24T18:00:00.000Z,ZAL,BAM,result,v2_games
2016,67,RS,9,2016-11-24T17:45:00.000Z,OLY,TEL,result,v2_games
2016,65,RS,9,2016-11-24T17:00:00.000Z,IST,RED,result,v2_games
2016,62,RS,8,2016-11-18T20:00:00.000Z,BAR,MAD,result,v2_games
2016,64,RS,8,2016-11-18T19:15:00.000Z,PAN,OLY,result,v2_games
2016,61,RS,8,2016-11-18T17:00:00.000Z,CSK,ZAL,result,v2_games
2016,63,RS,8,2016-11-18T17:00:00.000Z,GAL,DAR,result,v2_games
2016,59,RS,8,2016-11-17T19:30:00.000Z,BAS,BAM,result,v2_games
2016,57,RS,8,2016-11-17T18:00:00.000Z,RED,MIL,result,v2_games
2016,58,RS,8,2016-11-17T17:45:00.000Z,ULK,IST,result,v2_games
2016,60,RS,8,2016-11-17T16:00:00.000Z,UNK,TEL,result,v2_games
2016,55,RS,7,2016-11-16T20:00:00.000Z,MAD,PAN,result,v2_games
2016,56,RS,7,2016-11-16T18:00:00.000Z,ZAL,GAL,result,v2_games
2016,54,RS,7,2016-11-16T18:00:00.000Z,OLY,BAR,result,v2_games
2016,53,RS,7,2016-11-16T17:15:00.000Z,DAR,CSK,result,v2_games
2016,51,RS,7,2016-11-15T19:45:00.000Z,MIL,BAS,result,v2_games
2016,52,RS,7,2016-11-15T19:05:00.000Z,TEL,ULK,result,v2_games
2016,50,RS,7,2016-11-15T19:00:00.000Z,BAM,RED,result,v2_games
2016,49,RS,7,2016-11-15T17:00:00.000Z,IST,UNK,result,v2_games
2016,48,RS,6,2016-11-11T20:00:00.000Z,BAS,ULK,result,v2_games
2016,46,RS,6,2016-11-11T17:30:00.000Z,CSK,MAD,result,v2_games
2016,47,RS,6,2016-11-11T17:00:00.000Z,GAL,OLY,result,v2_games
2016,43,RS,6,2016-11-10T20:00:00.000Z,BAR,ZAL,result,v2_games
2016,42,RS,6,2016-11-10T19:45:00.000Z,MIL,IST,result,v2_games
2016,44,RS,6,2016-11-10T19:15:00.000Z,PAN,TEL,result,v2_games
2016,41,RS,6,2016-11-10T17:00:00.000Z,DAR,BAM,result,v2_games
2016,45,RS,6,2016-11-10T16:00:00.000Z,UNK,RED,result,v2_games
2016,39,RS,5,2016-11-04T18:00:00.000Z,RED,BAS,result,v2_games
2016,37,RS,5,2016-11-04T17:45:00.000Z,IST,PAN,result,v2_games
2016,40,RS,5,2016-11-04T17:00:00.000Z,ZAL,DAR,result,v2_games
2016,36,RS,5,2016-11-03T20:00:00.000Z,MAD,GAL,result,v2_games
2016,35,RS,5,2016-11-03T19:00:00.000Z,OLY,CSK,result,v2_games
2016,38,RS,5,2016-11-03T19:00:00.000Z,BAM,MIL,result,v2_games
2016,34,RS,5,2016-11-02T17:45:00.000Z,TEL,BAR,result,v2_games
2016,33,RS,5,2016-11-02T17:00:00.000Z,ULK,UNK,result,v2_games
2016,29,RS,4,2016-10-28T19:00:00.000Z,BAR,BAM,result,v2_games
2016,31,RS,4,2016-10-28T18:15:00.000Z,PAN,RED,result,v2_games
2016,30,RS,4,2016-10-28T17:00:00.000Z,GAL,ULK,result,v2_games
2016,32,RS,4,2016-10-28T17:00:00.000Z,ZAL,TEL,result,v2_games
2016,28,RS,4,2016-10-27T19:00:00.000Z,BAS,OLY,result,v2_games
2016,27,RS,4,2016-10-27T18:45:00.000Z,MIL,MAD,result,v2_games
2016,26,RS,4,2016-10-27T17:15:00.000Z,DAR,IST,result,v2_games
2016,25,RS,4,2016-10-27T17:00:00.000Z,CSK,UNK,result,v2_games
2016,24,RS,3,2016-10-26T18:05:00.000Z,TEL,GAL,result,v2_games
2016,21,RS,3,2016-10-26T18:00:00.000Z,BAM,PAN,result,v2_games
2016,23,RS,3,2016-10-26T17:45:00.000Z,ULK,ZAL,result,v2_games
2016,22,RS,3,2016-10-26T17:00:00.000Z,RED,BAR,result,v2_games
2016,19,RS,3,2016-10-25T19:00:00.000Z,MAD,BAS,result,v2_games
2016,18,RS,3,2016-10-25T18:00:00.000Z,OLY,MIL,result,v2_games
2016,17,RS,3,2016-10-25T18:00:00.000Z,IST,CSK,result,v2_games
2016,20,RS,3,2016-10-25T16:00:00.000Z,UNK,DAR,result,v2_games
2016,14,RS,2,2016-10-21T19:00:00.000Z,BAR,ULK,result,v2_games
2016,16,RS,2,2016-10-21T17:00:00.000Z,ZAL,BAS,result,v2_games
2016,15,RS,2,2016-10-21T17:00:00.000Z,GAL,RED,result,v2_games
2016,13,RS,2,2016-10-21T17:00:00.000Z,CSK,PAN,result,v2_games
2016,10,RS,2,2016-10-20T18:45:00.000Z,DAR,MIL,result,v2_games
2016,11,RS,2,2016-10-20T18:05:00.000Z,TEL,MAD,result,v2_games
2016,9,RS,2,2016-10-20T18:00:00.000Z,BAM,UNK,result,v2_games
2016,12,RS,2,2016-10-20T16:45:00.000Z,OLY,IST,result,v2_games
2016,6,RS,1,2016-10-14T19:00:00.000Z,BAS,IST,result,v2_games
2016,7,RS,1,2016-10-14T18:15:00.000Z,PAN,ZAL,result,v2_games
2016,5,RS,1,2016-10-14T17:30:00.000Z,ULK,BAM,result,v2_games
2016,8,RS,1,2016-10-14T16:00:00.000Z,UNK,BAR,result,v2_games
2016,1,RS,1,2016-10-13T19:00:00.000Z,RED,DAR,result,v2_games
2016,2,RS,1,2016-10-13T18:00:00.000Z,MIL,TEL,result,v2_games
2016,3,RS,1,2016-10-13T17:00:00.000Z,GAL,CSK,result,v2_games
2016,4,RS,1,2016-10-12T19:00:00.000Z,MAD,OLY,result,v2_games
2017,260,FF,36,2018-05-20T18:00:00.000Z,MAD,ULK,result,v2_games
2017,259,FF,36,2018-05-20T15:00:00.000Z,CSK,ZAL,result,v2_games
2017,257,FF,35,2018-05-18T19:00:00.000Z,CSK,MAD,result,v2_games
2017,258,FF,35,2018-05-18T16:00:00.000Z,ULK,ZAL,result,v2_games
2017,254,PO,34,2018-04-27T19:00:00.000Z,MAD,PAN,result,v2_games
2017,253,PO,34,2018-04-27T17:00:00.000Z,KHI,CSK,result,v2_games
2017,256,PO,34,2018-04-26T19:00:00.000Z,BAS,ULK,result,v2_games
2017,255,PO,34,2018-04-26T17:00:00.000Z,ZAL,OLY,result,v2_games
2017,249,PO,33,2018-04-25T17:00:00.000Z,KHI,CSK,result,v2_games
2017,250,PO,33,2018-04-25T16:45:00.000Z,MAD,PAN,result,v2_games
2017,252,PO,33,2018-04-24T19:00:00.000Z,BAS,ULK,result,v2_games
2017,251,PO,33,2018-04-24T17:00:00.000Z,ZAL,OLY,result,v2_games
2017,247,PO,32,2018-04-20T18:15:00.000Z,OLY,ZAL,result,v2_games
2017,248,PO,32,2018-04-20T17:45:00.000Z,ULK,BAS,result,v2_games
2017,246,PO,32,2018-04-19T18:15:00.000Z,PAN,MAD,result,v2_games
2017,245,PO,32,2018-04-19T17:00:00.000Z,CSK,KHI,result,v2_games
2017,243,PO,31,2018-04-18T18:15:00.000Z,OLY,ZAL,result,v2_games
2017,244,PO,31,2018-04-18T17:15:00.000Z,ULK,BAS,result,v2_games
2017,242,PO,31,2018-04-17T18:15:00.000Z,PAN,MAD,result,v2_games
2017,241,PO,31,2018-04-17T17:00:00.000Z,CSK,KHI,result,v2_games
2017,239,RS,30,2018-04-06T19:00:00.000Z,MAD,BAM,result,v2_games
2017,240,RS,30,2018-04-06T18:30:00.000Z,PAM,TEL,result,v2_games
2017,238,RS,30,2018-04-06T16:00:00.000Z,OLY,ZAL,result,v2_games
2017,233,RS,30,2018-04-05T19:00:00.000Z,BAS,IST,result,v2_games
2017,235,RS,30,2018-04-05T19:00:00.000Z,BAR,KHI,result,v2_games
2017,234,RS,30,2018-04-05T18:45:00.000Z,MIL,PAN,result,v2_games
2017,236,RS,30,2018-04-05T17:15:00.000Z,ULK,MAL,result,v2_games
2017,237,RS,30,2018-04-05T17:00:00.000Z,CSK,RED,result,v2_games
2017,230,RS,29,2018-03-30T18:15:00.000Z,PAN,PAM,result,v2_games
2017,229,RS,29,2018-03-30T17:00:00.000Z,RED,MAD,result,v2_games
2017,232,RS,29,2018-03-30T17:00:00.000Z,ZAL,CSK,result,v2_games
2017,231,RS,29,2018-03-30T16:00:00.000Z,MAL,OLY,result,v2_games
2017,226,RS,29,2018-03-29T19:00:00.000Z,BAS,TEL,result,v2_games
2017,227,RS,29,2018-03-29T18:00:00.000Z,BAM,MIL,result,v2_games
2017,225,RS,29,2018-03-29T17:45:00.000Z,IST,BAR,result,v2_games
2017,228,RS,29,2018-03-29T15:45:00.000Z,KHI,ULK,result,v2_games
2017,222,RS,28,2018-03-23T20:00:00.000Z,BAR,BAS,result,v2_games
2017,224,RS,28,2018-03-23T19:00:00.000Z,OLY,IST,result,v2_games
2017,221,RS,28,2018-03-23T18:00:00.000Z,BAM,MAL,result,v2_games
2017,223,RS,28,2018-03-23T17:00:00.000Z,KHI,CSK,result,v2_games
2017,220,RS,28,2018-03-22T19:45:00.000Z,MAD,ZAL,result,v2_games
2017,218,RS,28,2018-03-22T19:45:00.000Z,MIL,PAM,result,v2_games
2017,219,RS,28,2018-03-22T19:05:00.000Z,TEL,PAN,result,v2_games
2017,217,RS,28,2018-03-22T18:00:00.000Z,RED,ULK,result,v2_games
2017,216,RS,27,2018-03-21T19:45:00.000Z,MAL,BAR,result,v2_games
2017,214,RS,27,2018-03-21T19:30:00.000Z,BAS,BAM,result,v2_games
2017,213,RS,27,2018-03-21T17:45:00.000Z,IST,KHI,result,v2_games
2017,215,RS,27,2018-03-21T17:00:00.000Z,CSK,OLY,result,v2_games
2017,211,RS,27,2018-03-20T19:30:00.000Z,PAM,MAD,result,v2_games
2017,210,RS,27,2018-03-20T19:15:00.000Z,PAN,RED,result,v2_games
2017,212,RS,27,2018-03-20T18:00:00.000Z,ZAL,MIL,result,v2_games
2017,209,RS,27,2018-03-20T17:45:00.000Z,ULK,TEL,result,v2_games
2017,208,RS,26,2018-03-16T20:00:00.000Z,MAL,PAN,result,v2_games
2017,207,RS,26,2018-03-16T17:45:00.000Z,ULK,CSK,result,v2_games
2017,201,RS,26,2018-03-15T19:45:00.000Z,BAS,ZAL,result,v2_games
2017,203,RS,26,2018-03-15T19:05:00.000Z,TEL,KHI,result,v2_games
2017,204,RS,26,2018-03-15T19:00:00.000Z,OLY,BAR,result,v2_games
2017,202,RS,26,2018-03-15T19:00:00.000Z,BAM,IST,result,v2_games
2017,205,RS,26,2018-03-15T17:45:00.000Z,RED,PAM,result,v2_games
2017,206,RS,26,2018-03-13T19:45:00.000Z,MIL,MAD,result,v2_games
2017,197,RS,25,2018-03-09T20:00:00.000Z,BAR,RED,result,v2_games
2017,199,RS,25,2018-03-09T19:00:00.000Z,OLY,BAM,result,v2_games
2017,200,RS,25,2018-03-09T18:00:00.000Z,ZAL,ULK,result,v2_games
2017,198,RS,25,2018-03-09T17:00:00.000Z,CSK,MAL,result,v2_games
2017,195,RS,25,2018-03-08T20:00:00.000Z,MAD,PAN,result,v2_games
2017,196,RS,25,2018-03-08T19:30:00.000Z,PAM,BAS,result,v2_games
2017,193,RS,25,2018-03-08T17:30:00.000Z,IST,TEL,result,v2_games
2017,194,RS,25,2018-03-08T17:00:00.000Z,KHI,MIL,result,v2_games
2017,191,RS,24,2018-03-02T20:00:00.000Z,MAD,ULK,result,v2_games
2017,190,RS,24,2018-03-02T19:15:00.000Z,PAN,OLY,result,v2_games
2017,189,RS,24,2018-03-02T18:00:00.000Z,RED,MAL,result,v2_games
2017,185,RS,24,2018-03-01T20:00:00.000Z,BAS,KHI,result,v2_games
2017,186,RS,24,2018-03-01T19:45:00.000Z,MIL,IST,result,v2_games
2017,192,RS,24,2018-03-01T19:30:00.000Z,PAM,BAM,result,v2_games
2017,187,RS,24,2018-03-01T19:05:00.000Z,TEL,CSK,result,v2_games
2017,188,RS,24,2018-03-01T18:00:00.000Z,ZAL,BAR,result,v2_games
2017,183,RS,23,2018-02-23T20:00:00.000Z,BAR,MAD,result,v2_games
2017,182,RS,23,2018-02-23T19:45:00.000Z,BAM,RED,result,v2_games
2017,181,RS,23,2018-02-23T17:30:00.000Z,IST,ZAL,result,v2_games
2017,184,RS,23,2018-02-23T17:00:00.000Z,KHI,PAN,result,v2_games
2017,180,RS,23,2018-02-22T19:45:00.000Z,MAL,TEL,result,v2_games
2017,179,RS,23,2018-02-22T19:00:00.000Z,OLY,PAM,result,v2_games
2017,178,RS,23,2018-02-22T17:45:00.000Z,ULK,MIL,result,v2_games
2017,177,RS,23,2018-02-22T17:00:00.000Z,CSK,BAS,result,v2_games
2017,175,RS,22,2018-02-09T19:45:00.000Z,MAD,OLY,result,v2_games
2017,176,RS,22,2018-02-09T18:00:00.000Z,ZAL,KHI,result,v2_games
2017,173,RS,22,2018-02-09T18:00:00.000Z,RED,MIL,result,v2_games
2017,174,RS,22,2018-02-09T17:45:00.000Z,ULK,BAM,result,v2_games
2017,171,RS,22,2018-02-08T19:45:00.000Z,MAL,IST,result,v2_games
2017,172,RS,22,2018-02-08T19:30:00.000Z,PAM,CSK,result,v2_games
2017,170,RS,22,2018-02-08T19:15:00.000Z,PAN,BAS,result,v2_games
2017,169,RS,22,2018-02-08T19:05:00.000Z,TEL,BAR,result,v2_games
2017,166,RS,21,2018-02-02T19:30:00.000Z,BAS,RED,result,v2_games
2017,167,RS,21,2018-02-02T19:00:00.000Z,BAM,PAN,result,v2_games
2017,168,RS,21,2018-02-02T17:00:00.000Z,KHI,MAL,result,v2_games
2017,164,RS,21,2018-02-01T19:00:00.000Z,OLY,ULK,result,v2_games
2017,165,RS,21,2018-02-01T18:00:00.000Z,ZAL,TEL,result,v2_games
2017,163,RS,21,2018-02-01T18:00:00.000Z,BAR,MIL,result,v2_games
2017,161,RS,21,2018-02-01T17:00:00.000Z,IST,PAM,result,v2_games
2017,162,RS,21,2018-02-01T17:00:00.000Z,CSK,MAD,result,v2_games
2017,159,RS,20,2018-01-26T19:45:00.000Z,MIL,TEL,result,v2_games
2017,154,RS,20,2018-01-26T19:30:00.000Z,PAM,KHI,result,v2_games
2017,157,RS,20,2018-01-26T18:00:00.000Z,RED,OLY,result,v2_games
2017,160,RS,20,2018-01-26T17:45:00.000Z,ULK,BAR,result,v2_games
2017,158,RS,20,2018-01-26T17:00:00.000Z,CSK,BAM,result,v2_games
2017,155,RS,20,2018-01-25T19:45:00.000Z,MAD,IST,result,v2_games
2017,153,RS,20,2018-01-25T19:45:00.000Z,MAL,BAS,result,v2_games
2017,156,RS,20,2018-01-25T19:15:00.000Z,PAN,ZAL,result,v2_games
2017,152,RS,19,2018-01-19T19:45:00.000Z,MAL,MAD,result,v2_games
2017,150,RS,19,2018-01-19T19:30:00.000Z,BAS,MIL,result,v2_games
2017,151,RS,19,2018-01-19T19:15:00.000Z,PAN,CSK,result,v2_games
2017,149,RS,19,2018-01-19T17:30:00.000Z,IST,ULK,result,v2_games
2017,145,RS,19,2018-01-18T20:00:00.000Z,BAR,BAM,result,v2_games
2017,147,RS,19,2018-01-18T19:05:00.000Z,TEL,RED,result,v2_games
2017,148,RS,19,2018-01-18T18:00:00.000Z,ZAL,PAM,result,v2_games
2017,146,RS,19,2018-01-18T17:00:00.000Z,KHI,OLY,result,v2_games
2017,142,RS,18,2018-01-17T19:45:00.000Z,MIL,MAL,result,v2_games
2017,144,RS,18,2018-01-17T19:45:00.000Z,MAD,BAS,result,v2_games
2017,143,RS,18,2018-01-17T17:45:00.000Z,ULK,PAN,result,v2_games
2017,141,RS,18,2018-01-17T17:00:00.000Z,CSK,IST,result,v2_games
2017,140,RS,18,2018-01-16T19:30:00.000Z,PAM,BAR,result,v2_games
2017,137,RS,18,2018-01-16T19:00:00.000Z,BAM,ZAL,result,v2_games
2017,139,RS,18,2018-01-16T19:00:00.000Z,OLY,TEL,result,v2_games
2017,138,RS,18,2018-01-16T18:00:00.000Z,RED,KHI,result,v2_games
2017,135,RS,17,2018-01-12T19:30:00.000Z,BAS,OLY,result,v2_games
2017,136,RS,17,2018-01-12T18:00:00.000Z,ZAL,MAL,result,v2_games
2017,129,RS,17,2018-01-12T17:30:00.000Z,IST,RED,result,v2_games
2017,134,RS,17,2018-01-12T17:00:00.000Z,KHI,MAD,result,v2_games
2017,130,RS,17,2018-01-11T19:45:00.000Z,MIL,CSK,result,v2_games
2017,133,RS,17,2018-01-11T19:45:00.000Z,PAM,ULK,result,v2_games
2017,131,RS,17,2018-01-11T19:05:00.000Z,TEL,BAM,result,v2_games
2017,132,RS,17,2018-01-11T19:00:00.000Z,PAN,BAR,result,v2_games
2017,128,RS,16,2018-01-05T19:45:00.000Z,MAD,TEL,result,v2_games
2017,127,RS,16,2018-01-05T19:00:00.000Z,OLY,MIL,result,v2_games
2017,124,RS,16,2018-01-05T19:00:00.000Z,BAM,KHI,result,v2_games
2017,125,RS,16,2018-01-05T18:00:00.000Z,RED,ZAL,result,v2_games
2017,126,RS,16,2018-01-05T17:45:00.000Z,ULK,BAS,result,v2_games
2017,123,RS,16,2018-01-04T20:00:00.000Z,BAR,CSK,result,v2_games
2017,122,RS,16,2018-01-04T19:45:00.000Z,MAL,PAM,result,v2_games
2017,121,RS,16,2018-01-04T19:15:00.000Z,PAN,IST,result,v2_games
2017,119,RS,15,2017-12-29T19:45:00.000Z,MIL,RED,result,v2_games
2017,118,RS,15,2017-12-29T19:30:00.000Z,BAS,CSK,result,v2_games
2017,117,RS,15,2017-12-29T17:30:00.000Z,IST,BAM,result,v2_games
2017,120,RS,15,2017-12-29T17:00:00.000Z,KHI,BAR,result,v2_games
2017,115,RS,15,2017-12-28T20:00:00.000Z,PAM,PAN,result,v2_games
2017,114,RS,15,2017-12-28T19:05:00.000Z,TEL,MAL,result,v2_games
2017,116,RS,15,2017-12-28T18:00:00.000Z,ZAL,OLY,result,v2_games
2017,113,RS,15,2017-12-28T17:45:00.000Z,ULK,MAD,result,v2_games
2017,112,RS,14,2017-12-22T19:45:00.000Z,MAL,MIL,result,v2_games
2017,110,RS,14,2017-12-22T19:30:00.000Z,BAS,BAR,result,v2_games
2017,109,RS,14,2017-12-22T17:30:00.000Z,IST,OLY,result,v2_games
2017,111,RS,14,2017-12-22T17:00:00.000Z,CSK,KHI,result,v2_games
2017,108,RS,14,2017-12-21T19:45:00.000Z,PAM,ZAL,result,v2_games
2017,107,RS,14,2017-12-21T19:05:00.000Z,TEL,ULK,result,v2_games
2017,105,RS,14,2017-12-21T19:00:00.000Z,BAM,MAD,result,v2_games
2017,106,RS,14,2017-12-21T18:00:00.000Z,RED,PAN,result,v2_games
2017,102,RS,13,2017-12-20T20:00:00.000Z,BAR,MAL,result,v2_games
2017,101,RS,13,2017-12-20T19:45:00.000Z,MIL,BAS,result,v2_games
2017,104,RS,13,2017-12-20T19:00:00.000Z,OLY,CSK,result,v2_games
2017,103,RS,13,2017-12-20T17:00:00.000Z,KHI,IST,result,v2_games
2017,99,RS,13,2017-12-19T19:45:00.000Z,MAD,PAM,result,v2_games
2017,98,RS,13,2017-12-19T19:15:00.000Z,PAN,TEL,result,v2_games
2017,100,RS,13,2017-12-19T18:00:00.000Z,ZAL,BAM,result,v2_games
2017,97,RS,13,2017-12-19T17:45:00.000Z,ULK,RED,result,v2_games
2017,96,RS,12,2017-12-15T19:30:00.000Z,PAM,RED,result,v2_games
2017,95,RS,12,2017-12-15T19:15:00.000Z,PAN,MIL,result,v2_games
2017,93,RS,12,2017-12-15T17:30:00.000Z,IST,BAS,result,v2_games
2017,94,RS,12,2017-12-15T17:30:00.000Z,CSK,TEL,result,v2_games
2017,91,RS,12,2017-12-14T19:45:00.000Z,MAD,BAR,result,v2_games
2017,92,RS,12,2017-12-14T19:00:00.000Z,MAL,KHI,result,v2_games
2017,89,RS,12,2017-12-14T19:00:00.000Z,BAM,OLY,result,v2_games
2017,90,RS,12,2017-12-14T17:45:00.000Z,ULK,ZAL,result,v2_games
2017,87,RS,11,2017-12-08T20:00:00.000Z,BAR,ULK,result,v2_games
2017,88,RS,11,2017-12-08T19:00:00.000Z,OLY,MAD,result,v2_games
2017,86,RS,11,2017-12-08T18:00:00.000Z,RED,IST,result,v2_games
2017,83,RS,11,2017-12-07T19:45:00.000Z,MIL,KHI,result,v2_games
2017,81,RS,11,2017-12-07T19:30:00.000Z,BAS,MAL,result,v2_games
2017,84,RS,11,2017-12-07T19:05:00.000Z,TEL,PAM,result,v2_games
2017,82,RS,11,2017-12-07T19:00:00.000Z,BAM,CSK,result,v2_games
2017,85,RS,11,2017-12-07T18:00:00.000Z,ZAL,PAN,result,v2_games
2017,80,RS,10,2017-12-01T20:00:00.000Z,MAD,RED,result,v2_games
2017,79,RS,10,2017-12-01T19:00:00.000Z,PAN,MAL,result,v2_games
2017,78,RS,10,2017-12-01T17:00:00.000Z,CSK,BAR,result,v2_games
2017,74,RS,10,2017-11-30T19:30:00.000Z,BAS,ULK,result,v2_games
2017,77,RS,10,2017-11-30T19:30:00.000Z,PAM,OLY,result,v2_games
2017,76,RS,10,2017-11-30T19:05:00.000Z,TEL,ZAL,result,v2_games
2017,73,RS,10,2017-11-30T17:30:00.000Z,IST,MIL,result,v2_games
2017,75,RS,10,2017-11-30T17:00:00.000Z,KHI,BAM,result,v2_games
2017,72,RS,9,2017-11-24T19:45:00.000Z,MAL,CSK,result,v2_games
2017,70,RS,9,2017-11-24T19:00:00.000Z,PAN,MAD,result,v2_games
2017,71,RS,9,2017-11-24T17:45:00.000Z,ULK,KHI,result,v2_games
2017,66,RS,9,2017-11-23T20:00:00.000Z,RED,BAS,result,v2_games
2017,67,RS,9,2017-11-23T20:00:00.000Z,BAR,TEL,result,v2_games
2017,69,RS,9,2017-11-23T19:45:00.000Z,MIL,OLY,result,v2_games
2017,65,RS,9,2017-11-23T19:00:00.000Z,BAM,PAM,result,v2_games
2017,68,RS,9,2017-11-23T18:00:00.000Z,ZAL,IST,result,v2_games
2017,63,RS,8,2017-11-17T20:00:00.000Z,BAR,PAM,result,v2_games
2017,62,RS,8,2017-11-17T19:45:00.000Z,MIL,BAM,result,v2_games
2017,64,RS,8,2017-11-17T19:00:00.000Z,OLY,RED,result,v2_games
2017,61,RS,8,2017-11-17T17:00:00.000Z,CSK,ULK,result,v2_games
2017,59,RS,8,2017-11-16T20:00:00.000Z,MAD,MAL,result,v2_games
2017,60,RS,8,2017-11-16T18:00:00.000Z,ZAL,BAS,result,v2_games
2017,57,RS,8,2017-11-16T17:30:00.000Z,IST,PAN,result,v2_games
2017,58,RS,8,2017-11-16T17:00:00.000Z,KHI,TEL,result,v2_games
2017,56,RS,7,2017-11-15T19:45:00.000Z,PAM,MIL,result,v2_games
2017,53,RS,7,2017-11-15T19:00:00.000Z,BAM,BAR,result,v2_games
2017,54,RS,7,2017-11-15T18:00:00.000Z,RED,CSK,result,v2_games
2017,55,RS,7,2017-11-15T17:45:00.000Z,ULK,OLY,result,v2_games
2017,52,RS,7,2017-11-14T19:45:00.000Z,MAL,ZAL,result,v2_games
2017,49,RS,7,2017-11-14T19:30:00.000Z,BAS,MAD,result,v2_games
2017,51,RS,7,2017-11-14T19:15:00.000Z,PAN,KHI,result,v2_games
2017,50,RS,7,2017-11-14T19:05:00.000Z,TEL,IST,result,v2_games
2017,48,RS,6,2017-11-10T19:45:00.000Z,MAL,RED,result,v2_games
2017,45,RS,6,2017-11-10T19:00:00.000Z,BAM,ULK,result,v2_games
2017,47,RS,6,2017-11-10T19:00:00.000Z,OLY,PAN,result,v2_games
2017,46,RS,6,2017-11-10T17:00:00.000Z,KHI,BAS,result,v2_games
2017,43,RS,6,2017-11-09T20:00:00.000Z,BAR,IST,result,v2_games
2017,42,RS,6,2017-11-09T19:45:00.000Z,MIL,ZAL,result,v2_games
2017,44,RS,6,2017-11-09T19:05:00.000Z,TEL,MAD,result,v2_games
2017,41,RS,6,2017-11-09T17:00:00.000Z,CSK,PAM,result,v2_games
2017,40,RS,5,2017-11-03T20:00:00.000Z,BAR,OLY,result,v2_games
2017,38,RS,5,2017-11-03T17:30:00.000Z,IST,MAL,result,v2_games
2017,34,RS,5,2017-11-03T17:00:00.000Z,CSK,ZAL,result,v2_games
2017,37,RS,5,2017-11-02T20:00:00.000Z,MAD,KHI,result,v2_games
2017,36,RS,5,2017-11-02T19:05:00.000Z,TEL,MIL,result,v2_games
2017,39,RS,5,2017-11-02T19:00:00.000Z,BAS,PAN,result,v2_games
2017,35,RS,5,2017-11-02T17:45:00.000Z,ULK,PAM,result,v2_games
2017,33,RS,5,2017-11-02T17:00:00.000Z,RED,BAM,result,v2_games
2017,32,RS,4,2017-10-27T19:00:00.000Z,PAM,MAL,result,v2_games
2017,31,RS,4,2017-10-27T18:30:00.000Z,PAN,ULK,result,v2_games
2017,30,RS,4,2017-10-27T18:00:00.000Z,BAM,BAS,result,v2_games
2017,29,RS,4,2017-10-27T16:45:00.000Z,IST,CSK,result,v2_games
2017,26,RS,4,2017-10-26T19:00:00.000Z,MIL,BAR,result,v2_games
2017,27,RS,4,2017-10-26T18:15:00.000Z,OLY,KHI,result,v2_games
2017,28,RS,4,2017-10-26T17:00:00.000Z,ZAL,MAD,result,v2_games
2017,25,RS,4,2017-10-26T17:00:00.000Z,RED,TEL,result,v2_games
2017,24,RS,3,2017-10-25T19:00:00.000Z,MAL,BAM,result,v2_games
2017,21,RS,3,2017-10-25T18:30:00.000Z,BAS,PAM,result,v2_games
2017,23,RS,3,2017-10-25T17:45:00.000Z,ULK,IST,result,v2_games
2017,22,RS,3,2017-10-25T17:00:00.000Z,CSK,PAN,result,v2_games
2017,20,RS,3,2017-10-24T19:00:00.000Z,MAD,MIL,result,v2_games
2017,17,RS,3,2017-10-24T19:00:00.000Z,BAR,ZAL,result,v2_games
2017,19,RS,3,2017-10-24T18:05:00.000Z,TEL,OLY,result,v2_games
2017,18,RS,3,2017-10-24T17:00:00.000Z,KHI,RED,result,v2_games
2017,16,RS,2,2017-10-20T19:00:00.000Z,PAM,IST,result,v2_games
2017,15,RS,2,2017-10-20T18:00:00.000Z,OLY,MAL,result,v2_games
2017,14,RS,2,2017-10-20T17:00:00.000Z,KHI,ZAL,result,v2_games
2017,9,RS,2,2017-10-20T17:00:00.000Z,RED,BAR,result,v2_games
2017,13,RS,2,2017-10-19T19:00:00.000Z,MAD,CSK,result,v2_games
2017,10,RS,2,2017-10-19T18:45:00.000Z,MIL,ULK,result,v2_games
2017,12,RS,2,2017-10-19T18:15:00.000Z,PAN,BAM,result,v2_games
2017,11,RS,2,2017-10-19T18:05:00.000Z,TEL,BAS,result,v2_games
2017,6,RS,1,2017-10-13T19:00:00.000Z,BAR,PAN,result,v2_games
2017,8,RS,1,2017-10-13T17:00:00.000Z,ZAL,RED,result,v2_games
2017,7,RS,1,2017-10-13T17:00:00.000Z,KHI,PAM,result,v2_games
2017,5,RS,1,2017-10-12T19:00:00.000Z,MAL,ULK,result,v2_games
2017,2,RS,1,2017-10-12T18:00:00.000Z,BAM,TEL,result,v2_games
2017,4,RS,1,2017-10-12T18:00:00.000Z,OLY,BAS,result,v2_games
2017,1,RS,1,2017-10-12T17:00:00.000Z,IST,MAD,result,v2_games
2017,3,RS,1,2017-10-12T17:00:00.000Z,CSK,MIL,result,v2_games
2018,260,FF,37,2019-05-19T18:30:00.000Z,IST,CSK,result,v2_games
2018,259,FF,37,2019-05-19T15:30:00.000Z,ULK,MAD,result,v2_games
2018,258,FF,36,2019-05-17T19:00:00.000Z,CSK,MAD,result,v2_games
2018,257,FF,36,2019-05-17T16:00:00.000Z,ULK,IST,result,v2_games
2018,256,PO,35,2019-05-01T17:00:00.000Z,IST,BAR,result,v2_games
2018,254,PO,34,2019-04-26T19:00:00.000Z,BAR,IST,result,v2_games
2018,255,PO,34,2019-04-26T18:30:00.000Z,BAS,CSK,result,v2_games
2018,253,PO,34,2019-04-25T17:00:00.000Z,ZAL,ULK,result,v2_games
2018,250,PO,33,2019-04-24T19:00:00.000Z,BAR,IST,result,v2_games
2018,252,PO,33,2019-04-24T18:30:00.000Z,BAS,CSK,result,v2_games
2018,251,PO,33,2019-04-23T18:00:00.000Z,PAN,MAD,result,v2_games
2018,249,PO,33,2019-04-23T17:00:00.000Z,ZAL,ULK,result,v2_games
2018,247,PO,32,2019-04-19T19:15:00.000Z,MAD,PAN,result,v2_games
2018,246,PO,32,2019-04-19T17:15:00.000Z,IST,BAR,result,v2_games
2018,245,PO,32,2019-04-18T17:45:00.000Z,ULK,ZAL,result,v2_games
2018,248,PO,32,2019-04-18T17:00:00.000Z,CSK,BAS,result,v2_games
2018,243,PO,31,2019-04-17T19:15:00.000Z,MAD,PAN,result,v2_games
2018,242,PO,31,2019-04-17T17:00:00.000Z,IST,BAR,result,v2_games
2018,241,PO,31,2019-04-16T17:45:00.000Z,ULK,ZAL,result,v2_games
2018,244,PO,31,2019-04-16T17:00:00.000Z,CSK,BAS,result,v2_games
2018,240,RS,30,2019-04-05T19:00:00.000Z,BAR,KHI,result,v2_games
2018,239,RS,30,2019-04-05T18:30:00.000Z,OLY,DAR,result,v2_games
2018,238,RS,30,2019-04-05T18:00:00.000Z,MUN,CAN,result,v2_games
2018,237,RS,30,2019-04-05T17:45:00.000Z,ULK,TEL,result,v2_games
2018,236,RS,30,2019-04-04T19:00:00.000Z,MAD,ZAL,result,v2_games
2018,235,RS,30,2019-04-04T18:00:00.000Z,PAN,BUD,result,v2_games
2018,234,RS,30,2019-04-04T17:30:00.000Z,IST,MIL,result,v2_games
2018,233,RS,30,2019-04-04T17:00:00.000Z,CSK,BAS,result,v2_games
2018,232,RS,29,2019-03-29T19:30:00.000Z,OLY,ZAL,result,v2_games
2018,231,RS,29,2019-03-29T19:30:00.000Z,BAS,IST,result,v2_games
2018,230,RS,29,2019-03-29T17:15:00.000Z,DAR,MUN,result,v2_games
2018,229,RS,29,2019-03-29T17:00:00.000Z,KHI,CSK,result,v2_games
2018,228,RS,29,2019-03-28T20:00:00.000Z,BAR,BUD,result,v2_games
2018,227,RS,29,2019-03-28T19:45:00.000Z,MIL,ULK,result,v2_games
2018,226,RS,29,2019-03-28T19:05:00.000Z,TEL,CAN,result,v2_games
2018,225,RS,29,2019-03-28T19:00:00.000Z,PAN,MAD,result,v2_games
2018,224,RS,28,2019-03-22T19:45:00.000Z,MIL,PAN,result,v2_games
2018,223,RS,28,2019-03-22T19:30:00.000Z,BAS,MAD,result,v2_games
2018,222,RS,28,2019-03-22T18:00:00.000Z,ZAL,DAR,result,v2_games
2018,221,RS,28,2019-03-22T17:00:00.000Z,KHI,TEL,result,v2_games
2018,220,RS,28,2019-03-21T20:30:00.000Z,CAN,OLY,result,v2_games
2018,219,RS,28,2019-03-21T19:00:00.000Z,MUN,BAR,result,v2_games
2018,218,RS,28,2019-03-21T19:00:00.000Z,BUD,IST,result,v2_games
2018,217,RS,28,2019-03-21T17:00:00.000Z,CSK,ULK,result,v2_games
2018,216,RS,27,2019-03-20T20:00:00.000Z,MAD,MIL,result,v2_games
2018,215,RS,27,2019-03-20T19:05:00.000Z,TEL,ZAL,result,v2_games
2018,214,RS,27,2019-03-20T19:00:00.000Z,PAN,BAS,result,v2_games
2018,213,RS,27,2019-03-20T17:15:00.000Z,DAR,KHI,result,v2_games
2018,212,RS,27,2019-03-19T20:00:00.000Z,BAR,CAN,result,v2_games
2018,211,RS,27,2019-03-19T19:00:00.000Z,OLY,MUN,result,v2_games
2018,210,RS,27,2019-03-19T17:45:00.000Z,ULK,BUD,result,v2_games
2018,209,RS,27,2019-03-19T17:00:00.000Z,IST,CSK,result,v2_games
2018,208,RS,26,2019-03-15T19:30:00.000Z,BAS,BUD,result,v2_games
2018,207,RS,26,2019-03-15T17:45:00.000Z,ULK,BAR,result,v2_games
2018,206,RS,26,2019-03-15T17:00:00.000Z,CSK,PAN,result,v2_games
2018,205,RS,26,2019-03-14T20:30:00.000Z,CAN,DAR,result,v2_games
2018,204,RS,26,2019-03-14T19:45:00.000Z,MIL,OLY,result,v2_games
2018,203,RS,26,2019-03-14T19:05:00.000Z,TEL,IST,result,v2_games
2018,202,RS,26,2019-03-14T18:00:00.000Z,ZAL,MUN,result,v2_games
2018,201,RS,26,2019-03-14T17:00:00.000Z,KHI,MAD,result,v2_games
2018,200,RS,25,2019-03-08T19:30:00.000Z,BAS,KHI,result,v2_games
2018,199,RS,25,2019-03-08T18:00:00.000Z,BUD,OLY,result,v2_games
2018,198,RS,25,2019-03-08T17:30:00.000Z,IST,BAR,result,v2_games
2018,197,RS,25,2019-03-08T17:00:00.000Z,CSK,MIL,result,v2_games
2018,196,RS,25,2019-03-07T20:00:00.000Z,MAD,ULK,result,v2_games
2018,195,RS,25,2019-03-07T19:30:00.000Z,MUN,TEL,result,v2_games
2018,194,RS,25,2019-03-07T18:00:00.000Z,ZAL,CAN,result,v2_games
2018,193,RS,25,2019-03-07T17:15:00.000Z,DAR,PAN,result,v2_games
2018,192,RS,24,2019-03-01T20:00:00.000Z,BAR,MAD,result,v2_games
2018,191,RS,24,2019-03-01T19:30:00.000Z,OLY,CSK,result,v2_games
2018,189,RS,24,2019-03-01T18:00:00.000Z,BUD,MUN,result,v2_games
2018,188,RS,24,2019-02-28T20:00:00.000Z,CAN,PAN,result,v2_games
2018,190,RS,24,2019-02-28T19:30:00.000Z,BAS,ZAL,result,v2_games
2018,187,RS,24,2019-02-28T19:05:00.000Z,TEL,DAR,result,v2_games
2018,186,RS,24,2019-02-28T17:45:00.000Z,ULK,IST,result,v2_games
2018,185,RS,24,2019-02-28T17:00:00.000Z,KHI,MIL,result,v2_games
2018,184,RS,23,2019-02-22T20:00:00.000Z,MAD,MUN,result,v2_games
2018,183,RS,23,2019-02-22T19:00:00.000Z,PAN,KHI,result,v2_games
2018,182,RS,23,2019-02-22T18:00:00.000Z,ZAL,BUD,result,v2_games
2018,181,RS,23,2019-02-22T17:15:00.000Z,DAR,ULK,result,v2_games
2018,180,RS,23,2019-02-21T20:00:00.000Z,BAR,BAS,result,v2_games
2018,179,RS,23,2019-02-21T19:45:00.000Z,MIL,TEL,result,v2_games
2018,178,RS,23,2019-02-21T17:30:00.000Z,IST,OLY,result,v2_games
2018,177,RS,23,2019-02-21T17:00:00.000Z,CSK,CAN,result,v2_games
2018,176,RS,22,2019-02-08T19:45:00.000Z,MIL,DAR,result,v2_games
2018,175,RS,22,2019-02-08T19:30:00.000Z,BAS,MUN,result,v2_games
2018,174,RS,22,2019-02-08T17:45:00.000Z,ULK,PAN,result,v2_games
2018,173,RS,22,2019-02-08T17:00:00.000Z,CSK,MAD,result,v2_games
2018,172,RS,22,2019-02-07T20:00:00.000Z,BAR,ZAL,result,v2_games
2018,171,RS,22,2019-02-07T19:05:00.000Z,TEL,OLY,result,v2_games
2018,170,RS,22,2019-02-07T18:00:00.000Z,BUD,KHI,result,v2_games
2018,169,RS,22,2019-02-07T17:30:00.000Z,IST,CAN,result,v2_games
2018,168,RS,21,2019-02-01T20:00:00.000Z,CAN,MIL,result,v2_games
2018,167,RS,21,2019-02-01T19:30:00.000Z,PAN,IST,result,v2_games
2018,166,RS,21,2019-02-01T17:15:00.000Z,DAR,MAD,result,v2_games
2018,165,RS,21,2019-02-01T17:00:00.000Z,CSK,BUD,result,v2_games
2018,164,RS,21,2019-01-31T19:45:00.000Z,BAS,TEL,result,v2_games
2018,163,RS,21,2019-01-31T19:30:00.000Z,MUN,ULK,result,v2_games
2018,162,RS,21,2019-01-31T19:00:00.000Z,OLY,BAR,result,v2_games
2018,161,RS,21,2019-01-31T17:00:00.000Z,KHI,ZAL,result,v2_games
2018,160,RS,20,2019-01-25T20:00:00.000Z,BAR,CSK,result,v2_games
2018,159,RS,20,2019-01-25T18:00:00.000Z,BUD,CAN,result,v2_games
2018,158,RS,20,2019-01-25T17:15:00.000Z,DAR,BAS,result,v2_games
2018,157,RS,20,2019-01-25T17:00:00.000Z,KHI,MUN,result,v2_games
2018,156,RS,20,2019-01-24T20:00:00.000Z,MAD,IST,result,v2_games
2018,155,RS,20,2019-01-24T19:45:00.000Z,MIL,ZAL,result,v2_games
2018,154,RS,20,2019-01-24T19:30:00.000Z,TEL,PAN,result,v2_games
2018,153,RS,20,2019-01-24T17:30:00.000Z,ULK,OLY,result,v2_games
2018,152,RS,19,2019-01-18T20:00:00.000Z,BAS,MIL,result,v2_games
2018,151,RS,19,2019-01-18T18:00:00.000Z,ZAL,PAN,result,v2_games
2018,150,RS,19,2019-01-18T18:00:00.000Z,BUD,MAD,result,v2_games
2018,149,RS,19,2019-01-18T17:30:00.000Z,IST,DAR,result,v2_games
2018,148,RS,19,2019-01-17T20:00:00.000Z,CAN,ULK,result,v2_games
2018,147,RS,19,2019-01-17T19:05:00.000Z,TEL,BAR,result,v2_games
2018,146,RS,19,2019-01-17T19:00:00.000Z,OLY,KHI,result,v2_games
2018,145,RS,19,2019-01-17T17:00:00.000Z,CSK,MUN,result,v2_games
2018,144,RS,18,2019-01-11T20:00:00.000Z,BAR,PAN,result,v2_games
2018,143,RS,18,2019-01-11T19:30:00.000Z,MUN,MIL,result,v2_games
2018,139,RS,18,2019-01-11T19:30:00.000Z,BAS,CAN,result,v2_games
2018,142,RS,18,2019-01-11T18:00:00.000Z,BUD,DAR,result,v2_games
2018,141,RS,18,2019-01-11T17:00:00.000Z,CSK,TEL,result,v2_games
2018,140,RS,18,2019-01-10T20:00:00.000Z,MAD,OLY,result,v2_games
2018,138,RS,18,2019-01-10T17:45:00.000Z,ULK,ZAL,result,v2_games
2018,137,RS,18,2019-01-10T17:00:00.000Z,IST,KHI,result,v2_games
2018,136,RS,17,2019-01-09T19:45:00.000Z,MIL,BAR,result,v2_games
2018,135,RS,17,2019-01-09T19:05:00.000Z,TEL,BUD,result,v2_games
2018,134,RS,17,2019-01-09T19:00:00.000Z,PAN,MUN,result,v2_games
2018,133,RS,17,2019-01-09T17:15:00.000Z,DAR,CSK,result,v2_games
2018,132,RS,17,2019-01-08T20:30:00.000Z,CAN,MAD,result,v2_games
2018,131,RS,17,2019-01-08T19:00:00.000Z,OLY,BAS,result,v2_games
2018,130,RS,17,2019-01-08T18:30:00.000Z,ZAL,IST,result,v2_games
2018,129,RS,17,2019-01-08T17:00:00.000Z,KHI,ULK,result,v2_games
2018,128,RS,16,2019-01-04T20:00:00.000Z,BAR,DAR,result,v2_games
2018,127,RS,16,2019-01-04T19:00:00.000Z,OLY,PAN,result,v2_games
2018,126,RS,16,2019-01-04T18:00:00.000Z,ZAL,CSK,result,v2_games
2018,125,RS,16,2019-01-04T17:45:00.000Z,ULK,BAS,result,v2_games
2018,124,RS,16,2019-01-03T20:30:00.000Z,CAN,KHI,result,v2_games
2018,122,RS,16,2019-01-03T19:45:00.000Z,MIL,BUD,result,v2_games
2018,123,RS,16,2019-01-03T19:45:00.000Z,MAD,TEL,result,v2_games
2018,121,RS,16,2019-01-03T17:30:00.000Z,IST,MUN,result,v2_games
2018,120,RS,15,2018-12-28T20:00:00.000Z,CAN,ZAL,result,v2_games
2018,119,RS,15,2018-12-28T19:30:00.000Z,MUN,BUD,result,v2_games
2018,118,RS,15,2018-12-28T19:00:00.000Z,PAN,CSK,result,v2_games
2018,117,RS,15,2018-12-28T17:30:00.000Z,ULK,MAD,result,v2_games
2018,116,RS,15,2018-12-27T20:00:00.000Z,BAR,IST,result,v2_games
2018,115,RS,15,2018-12-27T19:05:00.000Z,TEL,MIL,result,v2_games
2018,114,RS,15,2018-12-27T17:15:00.000Z,DAR,OLY,result,v2_games
2018,113,RS,15,2018-12-27T17:00:00.000Z,KHI,BAS,result,v2_games
2018,111,RS,14,2018-12-21T19:00:00.000Z,PAN,MIL,result,v2_games
2018,112,RS,14,2018-12-21T19:00:00.000Z,MUN,MAD,result,v2_games
2018,110,RS,14,2018-12-21T18:00:00.000Z,ZAL,TEL,result,v2_games
2018,109,RS,14,2018-12-21T17:00:00.000Z,KHI,DAR,result,v2_games
2018,108,RS,14,2018-12-20T20:00:00.000Z,BAS,BAR,result,v2_games
2018,107,RS,14,2018-12-20T19:00:00.000Z,OLY,CAN,result,v2_games
2018,106,RS,14,2018-12-20T19:00:00.000Z,BUD,ULK,result,v2_games
2018,105,RS,14,2018-12-20T17:00:00.000Z,CSK,IST,result,v2_games
2018,104,RS,13,2018-12-19T20:00:00.000Z,MAD,PAN,result,v2_games
2018,103,RS,13,2018-12-19T19:45:00.000Z,MIL,MUN,result,v2_games
2018,102,RS,13,2018-12-19T19:05:00.000Z,TEL,KHI,result,v2_games
2018,101,RS,13,2018-12-19T17:15:00.000Z,DAR,ZAL,result,v2_games
2018,100,RS,13,2018-12-18T20:30:00.000Z,CAN,BAS,result,v2_games
2018,99,RS,13,2018-12-18T19:45:00.000Z,BAR,OLY,result,v2_games
2018,98,RS,13,2018-12-18T17:45:00.000Z,ULK,CSK,result,v2_games
2018,97,RS,13,2018-12-18T17:00:00.000Z,IST,BUD,result,v2_games
2018,96,RS,12,2018-12-14T20:00:00.000Z,CAN,BUD,result,v2_games
2018,94,RS,12,2018-12-14T19:30:00.000Z,MUN,ZAL,result,v2_games
2018,95,RS,12,2018-12-14T19:30:00.000Z,PAN,DAR,result,v2_games
2018,93,RS,12,2018-12-13T20:00:00.000Z,MAD,BAR,result,v2_games
2018,92,RS,12,2018-12-13T19:05:00.000Z,TEL,BAS,result,v2_games
2018,90,RS,12,2018-12-13T18:30:00.000Z,ULK,MIL,result,v2_games
2018,89,RS,12,2018-12-13T17:00:00.000Z,CSK,KHI,result,v2_games
2018,91,RS,12,2018-12-13T16:45:00.000Z,OLY,IST,result,v2_games
2018,88,RS,11,2018-12-07T19:30:00.000Z,PAN,ULK,result,v2_games
2018,87,RS,11,2018-12-07T19:30:00.000Z,BAS,CSK,result,v2_games
2018,86,RS,11,2018-12-07T17:30:00.000Z,IST,MAD,result,v2_games
2018,85,RS,11,2018-12-06T19:45:00.000Z,MIL,CAN,result,v2_games
2018,84,RS,11,2018-12-06T19:30:00.000Z,MUN,KHI,result,v2_games
2018,81,RS,11,2018-12-06T18:00:00.000Z,DAR,TEL,result,v2_games
2018,82,RS,11,2018-12-06T18:00:00.000Z,BUD,BAR,result,v2_games
2018,83,RS,11,2018-12-06T18:00:00.000Z,ZAL,OLY,result,v2_games
2018,80,RS,10,2018-11-30T20:00:00.000Z,BAR,ULK,result,v2_games
2018,75,RS,10,2018-11-30T19:30:00.000Z,OLY,BUD,result,v2_games
2018,79,RS,10,2018-11-30T17:30:00.000Z,IST,BAS,result,v2_games
2018,78,RS,10,2018-11-30T17:00:00.000Z,KHI,PAN,result,v2_games
2018,77,RS,10,2018-11-29T20:00:00.000Z,MAD,CSK,result,v2_games
2018,76,RS,10,2018-11-29T19:05:00.000Z,TEL,MUN,result,v2_games
2018,74,RS,10,2018-11-29T18:00:00.000Z,ZAL,MIL,result,v2_games
2018,73,RS,10,2018-11-29T17:15:00.000Z,DAR,CAN,result,v2_games
2018,72,RS,9,2018-11-23T20:00:00.000Z,BAR,MIL,result,v2_games
2018,71,RS,9,2018-11-23T19:30:00.000Z,BUD,CSK,result,v2_games
2018,70,RS,9,2018-11-23T19:30:00.000Z,BAS,PAN,result,v2_games
2018,69,RS,9,2018-11-23T17:45:00.000Z,ZAL,KHI,result,v2_games
2018,68,RS,9,2018-11-22T20:30:00.000Z,CAN,MUN,result,v2_games
2018,67,RS,9,2018-11-22T19:05:00.000Z,TEL,ULK,result,v2_games
2018,66,RS,9,2018-11-22T18:45:00.000Z,OLY,MAD,result,v2_games
2018,65,RS,9,2018-11-22T17:15:00.000Z,DAR,IST,result,v2_games
2018,64,RS,8,2018-11-21T19:45:00.000Z,MIL,BAS,result,v2_games
2018,63,RS,8,2018-11-21T19:00:00.000Z,PAN,BAR,result,v2_games
2018,62,RS,8,2018-11-21T17:45:00.000Z,CSK,ZAL,result,v2_games
2018,61,RS,8,2018-11-21T17:00:00.000Z,KHI,BUD,result,v2_games
2018,60,RS,8,2018-11-20T20:00:00.000Z,MAD,CAN,result,v2_games
2018,59,RS,8,2018-11-20T19:30:00.000Z,MUN,OLY,result,v2_games
2018,58,RS,8,2018-11-20T18:00:00.000Z,ULK,DAR,result,v2_games
2018,57,RS,8,2018-11-20T17:00:00.000Z,IST,TEL,result,v2_games
2018,56,RS,7,2018-11-16T20:00:00.000Z,CAN,TEL,result,v2_games
2018,52,RS,7,2018-11-16T19:30:00.000Z,MUN,CSK,result,v2_games
2018,55,RS,7,2018-11-16T18:00:00.000Z,ZAL,BAR,result,v2_games
2018,54,RS,7,2018-11-16T17:30:00.000Z,IST,PAN,result,v2_games
2018,53,RS,7,2018-11-15T20:00:00.000Z,MAD,KHI,result,v2_games
2018,51,RS,7,2018-11-15T19:00:00.000Z,OLY,ULK,result,v2_games
2018,50,RS,7,2018-11-15T18:00:00.000Z,BUD,BAS,result,v2_games
2018,49,RS,7,2018-11-15T17:15:00.000Z,DAR,MIL,result,v2_games
2018,48,RS,6,2018-11-09T19:30:00.000Z,BAS,ULK,result,v2_games
2018,47,RS,6,2018-11-09T19:00:00.000Z,PAN,OLY,result,v2_games
2018,46,RS,6,2018-11-09T18:00:00.000Z,BUD,ZAL,result,v2_games
2018,45,RS,6,2018-11-09T17:00:00.000Z,KHI,BAR,result,v2_games
2018,44,RS,6,2018-11-08T20:45:00.000Z,CAN,IST,result,v2_games
2018,43,RS,6,2018-11-08T19:45:00.000Z,MIL,CSK,result,v2_games
2018,42,RS,6,2018-11-08T19:05:00.000Z,TEL,MAD,result,v2_games
2018,41,RS,6,2018-11-08T19:00:00.000Z,MUN,DAR,result,v2_games
2018,40,RS,5,2018-11-02T19:45:00.000Z,MIL,IST,result,v2_games
2018,38,RS,5,2018-11-02T18:00:00.000Z,ZAL,MAD,result,v2_games
2018,37,RS,5,2018-11-02T18:00:00.000Z,BUD,PAN,result,v2_games
2018,36,RS,5,2018-11-02T17:00:00.000Z,KHI,CAN,result,v2_games
2018,35,RS,5,2018-11-01T20:00:00.000Z,BAR,TEL,result,v2_games
2018,34,RS,5,2018-11-01T17:45:00.000Z,ULK,MUN,result,v2_games
2018,39,RS,5,2018-11-01T17:30:00.000Z,BAS,DAR,result,v2_games
2018,33,RS,5,2018-11-01T17:00:00.000Z,CSK,OLY,result,v2_games
2018,32,RS,4,2018-10-26T19:30:00.000Z,CAN,CSK,result,v2_games
2018,30,RS,4,2018-10-26T18:00:00.000Z,PAN,ZAL,result,v2_games
2018,29,RS,4,2018-10-26T17:15:00.000Z,DAR,BAR,result,v2_games
2018,26,RS,4,2018-10-25T19:00:00.000Z,OLY,TEL,result,v2_games
2018,28,RS,4,2018-10-25T19:00:00.000Z,MAD,BUD,result,v2_games
2018,27,RS,4,2018-10-25T18:45:00.000Z,MIL,KHI,result,v2_games
2018,31,RS,4,2018-10-25T18:00:00.000Z,MUN,BAS,result,v2_games
2018,25,RS,4,2018-10-25T17:30:00.000Z,IST,ULK,result,v2_games
2018,24,RS,3,2018-10-19T19:00:00.000Z,MAD,BAS,result,v2_games
2018,23,RS,3,2018-10-19T18:00:00.000Z,OLY,MIL,result,v2_games
2018,22,RS,3,2018-10-19T17:45:00.000Z,ZAL,ULK,result,v2_games
2018,21,RS,3,2018-10-19T17:00:00.000Z,KHI,IST,result,v2_games
2018,20,RS,3,2018-10-18T19:00:00.000Z,BAR,MUN,result,v2_games
2018,19,RS,3,2018-10-18T18:00:00.000Z,PAN,CAN,result,v2_games
2018,17,RS,3,2018-10-18T18:00:00.000Z,BUD,TEL,result,v2_games
2018,18,RS,3,2018-10-18T17:00:00.000Z,CSK,DAR,result,v2_games
2018,16,RS,2,2018-10-17T18:45:00.000Z,BAS,OLY,result,v2_games
2018,15,RS,2,2018-10-17T18:45:00.000Z,MIL,MAD,result,v2_games
2018,14,RS,2,2018-10-17T17:45:00.000Z,ULK,KHI,result,v2_games
2018,13,RS,2,2018-10-17T17:00:00.000Z,IST,ZAL,result,v2_games
2018,12,RS,2,2018-10-16T19:00:00.000Z,CAN,BAR,result,v2_games
2018,11,RS,2,2018-10-16T18:30:00.000Z,MUN,PAN,result,v2_games
2018,10,RS,2,2018-10-16T18:05:00.000Z,TEL,CSK,result,v2_games
2018,9,RS,2,2018-10-16T17:15:00.000Z,DAR,BUD,result,v2_games
2018,7,RS,1,2018-10-12T17:45:00.000Z,ULK,CAN,result,v2_games
2018,6,RS,1,2018-10-12T17:00:00.000Z,ZAL,BAS,result,v2_games
2018,5,RS,1,2018-10-12T17:00:00.000Z,KHI,OLY,result,v2_games
2018,1,RS,1,2018-10-12T16:45:00.000Z,BUD,MIL,result,v2_games
2018,4,RS,1,2018-10-11T19:00:00.000Z,MAD,DAR,result,v2_games
2018,8,RS,1,2018-10-11T18:30:00.000Z,MUN,IST,result,v2_games
2018,3,RS,1,2018-10-11T18:00:00.000Z,PAN,TEL,result,v2_games
2018,2,RS,1,2018-10-11T17:00:00.000Z,CSK,BAR,result,v2_games
2019,305,RS,34,2020-04-10T19:00:00.000Z,BAS,PAN,suspended,v2_games
2019,306,RS,34,2020-04-10T19:00:00.000Z,MAD,DYR,suspended,v2_games
2019,304,RS,34,2020-04-10T18:45:00.000Z,BER,KHI,suspended,v2_games
2019,303,RS,34,2020-04-10T17:30:00.000Z,IST,ULK,suspended,v2_games
2019,302,RS,34,2020-04-10T17:00:00.000Z,ZAL,MUN,suspended,v2_games
2019,301,RS,34,2020-04-09T19:00:00.000Z,PAM,RED,suspended,v2_games
2019,299,RS,34,2020-04-09T18:45:00.000Z,MIL,CSK,suspended,v2_games
2019,300,RS,34,2020-04-09T18:45:00.000Z,ASV,TEL,suspended,v2_games
2019,298,RS,34,2020-04-09T18:00:00.000Z,OLY,BAR,suspended,v2_games
2019,297,RS,33,2020-04-03T19:00:00.000Z,BAS,PAM,suspended,v2_games
2019,296,RS,33,2020-04-03T18:30:00.000Z,MUN,RED,suspended,v2_games
2019,293,RS,33,2020-04-03T17:00:00.000Z,KHI,IST,suspended,v2_games
2019,295,RS,33,2020-04-03T17:00:00.000Z,PAN,TEL,suspended,v2_games
2019,294,RS,33,2020-04-03T17:00:00.000Z,ZAL,CSK,suspended,v2_games
2019,292,RS,33,2020-04-02T19:00:00.000Z,BAR,MAD,suspended,v2_games
2019,291,RS,33,2020-04-02T18:00:00.000Z,BER,ASV,suspended,v2_games
2019,290,RS,33,2020-04-02T17:45:00.000Z,ULK,OLY,suspended,v2_games
2019,289,RS,33,2020-04-02T17:00:00.000Z,DYR,MIL,suspended,v2_games
2019,288,RS,32,2020-03-27T20:00:00.000Z,BAR,BAS,suspended,v2_games
2019,287,RS,32,2020-03-27T19:45:00.000Z,MIL,ASV,suspended,v2_games
2019,286,RS,32,2020-03-27T18:00:00.000Z,RED,DYR,suspended,v2_games
2019,285,RS,32,2020-03-27T17:30:00.000Z,IST,PAN,suspended,v2_games
2019,284,RS,32,2020-03-27T17:00:00.000Z,KHI,OLY,suspended,v2_games
2019,283,RS,32,2020-03-26T20:00:00.000Z,MAD,MUN,suspended,v2_games
2019,281,RS,32,2020-03-26T19:00:00.000Z,BER,PAM,suspended,v2_games
2019,280,RS,32,2020-03-26T17:45:00.000Z,ULK,CSK,suspended,v2_games
2019,282,RS,32,2020-03-26T17:30:00.000Z,TEL,ZAL,suspended,v2_games
2019,279,RS,31,2020-03-25T20:00:00.000Z,BAS,MIL,suspended,v2_games
2019,278,RS,31,2020-03-25T19:45:00.000Z,ASV,BAR,suspended,v2_games
2019,277,RS,31,2020-03-25T19:00:00.000Z,PAN,KHI,suspended,v2_games
2019,276,RS,31,2020-03-25T17:00:00.000Z,DYR,IST,suspended,v2_games
2019,275,RS,31,2020-03-24T20:00:00.000Z,PAM,MAD,suspended,v2_games
2019,274,RS,31,2020-03-24T19:30:00.000Z,MUN,BER,suspended,v2_games
2019,273,RS,31,2020-03-24T19:00:00.000Z,OLY,RED,suspended,v2_games
2019,272,RS,31,2020-03-24T18:00:00.000Z,ZAL,ULK,suspended,v2_games
2019,271,RS,31,2020-03-24T17:00:00.000Z,CSK,TEL,suspended,v2_games
2019,270,RS,30,2020-03-20T20:00:00.000Z,PAM,ZAL,suspended,v2_games
2019,269,RS,30,2020-03-20T19:30:00.000Z,OLY,MAD,suspended,v2_games
2019,268,RS,30,2020-03-20T19:30:00.000Z,MUN,ULK,suspended,v2_games
2019,267,RS,30,2020-03-20T18:00:00.000Z,RED,MIL,suspended,v2_games
2019,266,RS,30,2020-03-20T17:30:00.000Z,IST,BAS,suspended,v2_games
2019,265,RS,30,2020-03-19T20:00:00.000Z,BAR,KHI,suspended,v2_games
2019,264,RS,30,2020-03-19T19:05:00.000Z,TEL,DYR,suspended,v2_games
2019,263,RS,30,2020-03-19T19:00:00.000Z,BER,PAN,suspended,v2_games
2019,262,RS,30,2020-03-19T17:00:00.000Z,CSK,ASV,suspended,v2_games
2019,261,RS,29,2020-03-13T20:00:00.000Z,BAR,ZAL,suspended,v2_games
2019,260,RS,29,2020-03-13T19:45:00.000Z,ASV,DYR,suspended,v2_games
2019,256,RS,29,2020-03-13T19:45:00.000Z,MIL,OLY,suspended,v2_games
2019,259,RS,29,2020-03-13T17:30:00.000Z,ULK,PAN,suspended,v2_games
2019,258,RS,29,2020-03-13T17:00:00.000Z,KHI,MUN,suspended,v2_games
2019,257,RS,29,2020-03-12T20:00:00.000Z,MAD,RED,suspended,v2_games
2019,255,RS,29,2020-03-12T19:05:00.000Z,TEL,BAS,suspended,v2_games
2019,254,RS,29,2020-03-12T17:30:00.000Z,IST,PAM,suspended,v2_games
2019,253,RS,29,2020-03-12T17:00:00.000Z,CSK,BER,suspended,v2_games
2019,252,RS,28,2020-03-06T20:00:00.000Z,BAS,BER,result,v2_games
2019,251,RS,28,2020-03-06T20:00:00.000Z,BAR,MUN,result,v2_games
2019,250,RS,28,2020-03-06T18:00:00.000Z,RED,TEL,result,v2_games
2019,249,RS,28,2020-03-06T17:30:00.000Z,IST,OLY,result,v2_games
2019,248,RS,28,2020-03-06T17:00:00.000Z,KHI,ULK,result,v2_games
2019,246,RS,28,2020-03-05T20:00:00.000Z,MAD,ASV,result,v2_games
2019,247,RS,28,2020-03-05T20:00:00.000Z,PAM,MIL,result,v2_games
2019,245,RS,28,2020-03-05T19:00:00.000Z,PAN,CSK,result,v2_games
2019,244,RS,28,2020-03-05T17:00:00.000Z,DYR,ZAL,result,v2_games
2019,243,RS,27,2020-03-04T19:30:00.000Z,MUN,BAS,result,v2_games
2019,242,RS,27,2020-03-04T19:15:00.000Z,TEL,IST,result,v2_games
2019,241,RS,27,2020-03-04T19:00:00.000Z,BER,BAR,result,v2_games
2019,240,RS,27,2020-03-04T17:45:00.000Z,ULK,RED,result,v2_games
2019,239,RS,27,2020-03-03T19:45:00.000Z,ASV,PAM,result,v2_games
2019,238,RS,27,2020-03-03T19:45:00.000Z,MIL,MAD,result,v2_games
2019,237,RS,27,2020-03-03T19:00:00.000Z,OLY,PAN,result,v2_games
2019,236,RS,27,2020-03-03T18:00:00.000Z,ZAL,KHI,result,v2_games
2019,235,RS,27,2020-03-03T17:00:00.000Z,CSK,DYR,result,v2_games
2019,233,RS,26,2020-02-28T20:00:00.000Z,PAM,ULK,result,v2_games
2019,232,RS,26,2020-02-28T18:00:00.000Z,ZAL,MIL,result,v2_games
2019,230,RS,26,2020-02-28T17:00:00.000Z,KHI,ASV,result,v2_games
2019,229,RS,26,2020-02-27T20:00:00.000Z,BAS,RED,result,v2_games
2019,228,RS,26,2020-02-27T19:05:00.000Z,TEL,OLY,result,v2_games
2019,227,RS,26,2020-02-27T19:00:00.000Z,BER,IST,result,v2_games
2019,231,RS,26,2020-02-27T17:00:00.000Z,DYR,MUN,result,v2_games
2019,226,RS,26,2020-02-27T17:00:00.000Z,CSK,BAR,result,v2_games
2019,234,RS,26,2020-02-24T20:00:00.000Z,MAD,PAN,result,v2_games
2019,225,RS,25,2020-02-21T20:00:00.000Z,PAM,TEL,result,v2_games
2019,223,RS,25,2020-02-21T19:30:00.000Z,MUN,IST,result,v2_games
2019,224,RS,25,2020-02-21T19:30:00.000Z,PAN,BAR,result,v2_games
2019,222,RS,25,2020-02-21T18:00:00.000Z,RED,CSK,result,v2_games
2019,221,RS,25,2020-02-20T20:00:00.000Z,BAS,ZAL,result,v2_games
2019,220,RS,25,2020-02-20T19:45:00.000Z,MIL,KHI,result,v2_games
2019,218,RS,25,2020-02-20T17:45:00.000Z,ULK,MAD,result,v2_games
2019,219,RS,25,2020-02-20T17:15:00.000Z,OLY,ASV,result,v2_games
2019,217,RS,25,2020-02-20T17:00:00.000Z,DYR,BER,result,v2_games
2019,216,RS,24,2020-02-07T20:00:00.000Z,BAR,MIL,result,v2_games
2019,215,RS,24,2020-02-07T19:30:00.000Z,PAN,DYR,result,v2_games
2019,214,RS,24,2020-02-07T19:30:00.000Z,MUN,PAM,result,v2_games
2019,213,RS,24,2020-02-07T17:45:00.000Z,ULK,TEL,result,v2_games
2019,212,RS,24,2020-02-07T17:00:00.000Z,KHI,RED,result,v2_games
2019,211,RS,24,2020-02-06T20:00:00.000Z,BAS,ASV,result,v2_games
2019,209,RS,24,2020-02-06T19:00:00.000Z,BER,MAD,result,v2_games
2019,210,RS,24,2020-02-06T19:00:00.000Z,OLY,CSK,result,v2_games
2019,208,RS,24,2020-02-06T17:30:00.000Z,IST,ZAL,result,v2_games
2019,207,RS,23,2020-02-05T20:00:00.000Z,PAM,BAR,result,v2_games
2019,206,RS,23,2020-02-05T19:05:00.000Z,TEL,KHI,result,v2_games
2019,205,RS,23,2020-02-05T18:00:00.000Z,RED,PAN,result,v2_games
2019,204,RS,23,2020-02-05T17:00:00.000Z,DYR,ULK,result,v2_games
2019,203,RS,23,2020-02-04T20:00:00.000Z,MAD,BAS,result,v2_games
2019,202,RS,23,2020-02-04T19:45:00.000Z,ASV,MUN,result,v2_games
2019,201,RS,23,2020-02-04T19:45:00.000Z,MIL,BER,result,v2_games
2019,200,RS,23,2020-02-04T18:00:00.000Z,ZAL,OLY,result,v2_games
2019,199,RS,23,2020-02-04T17:00:00.000Z,CSK,IST,result,v2_games
2019,198,RS,22,2020-01-31T20:00:00.000Z,PAM,PAN,result,v2_games
2019,196,RS,22,2020-01-31T18:00:00.000Z,RED,IST,result,v2_games
2019,197,RS,22,2020-01-30T20:15:00.000Z,MIL,MUN,result,v2_games
2019,195,RS,22,2020-01-30T20:00:00.000Z,BAR,DYR,result,v2_games
2019,194,RS,22,2020-01-30T19:45:00.000Z,ASV,ZAL,result,v2_games
2019,193,RS,22,2020-01-30T19:05:00.000Z,TEL,MAD,result,v2_games
2019,192,RS,22,2020-01-30T19:00:00.000Z,OLY,BAS,result,v2_games
2019,191,RS,22,2020-01-30T18:30:00.000Z,BER,ULK,result,v2_games
2019,190,RS,22,2020-01-30T17:00:00.000Z,KHI,CSK,result,v2_games
2019,189,RS,21,2020-01-24T20:00:00.000Z,MAD,IST,result,v2_games
2019,188,RS,21,2020-01-24T19:30:00.000Z,PAN,ASV,result,v2_games
2019,187,RS,21,2020-01-24T18:00:00.000Z,ZAL,BER,result,v2_games
2019,186,RS,21,2020-01-24T17:45:00.000Z,ULK,MIL,result,v2_games
2019,184,RS,21,2020-01-23T20:00:00.000Z,BAS,KHI,result,v2_games
2019,185,RS,21,2020-01-23T20:00:00.000Z,BAR,RED,result,v2_games
2019,183,RS,21,2020-01-23T19:30:00.000Z,MUN,TEL,result,v2_games
2019,181,RS,21,2020-01-23T17:00:00.000Z,CSK,PAM,result,v2_games
2019,182,RS,21,2020-01-23T17:00:00.000Z,DYR,OLY,result,v2_games
2019,180,RS,20,2020-01-17T19:30:00.000Z,PAN,ZAL,result,v2_games
2019,179,RS,20,2020-01-17T18:30:00.000Z,OLY,MUN,result,v2_games
2019,178,RS,20,2020-01-17T18:00:00.000Z,RED,BER,result,v2_games
2019,177,RS,20,2020-01-17T17:30:00.000Z,IST,ASV,result,v2_games
2019,176,RS,20,2020-01-17T17:00:00.000Z,DYR,PAM,result,v2_games
2019,175,RS,20,2020-01-17T17:00:00.000Z,CSK,BAS,result,v2_games
2019,174,RS,20,2020-01-16T19:05:00.000Z,TEL,MIL,result,v2_games
2019,173,RS,20,2020-01-16T17:45:00.000Z,ULK,BAR,result,v2_games
2019,172,RS,20,2020-01-16T17:00:00.000Z,KHI,MAD,result,v2_games
2019,171,RS,19,2020-01-15T19:00:00.000Z,PAN,MUN,result,v2_games
2019,170,RS,19,2020-01-15T18:00:00.000Z,RED,ZAL,result,v2_games
2019,169,RS,19,2020-01-15T17:00:00.000Z,DYR,BAS,result,v2_games
2019,168,RS,19,2020-01-14T19:05:00.000Z,TEL,BAR,result,v2_games
2019,167,RS,19,2020-01-14T19:00:00.000Z,OLY,BER,result,v2_games
2019,166,RS,19,2020-01-14T17:45:00.000Z,ULK,ASV,result,v2_games
2019,165,RS,19,2020-01-14T17:30:00.000Z,IST,MIL,result,v2_games
2019,164,RS,19,2020-01-14T17:00:00.000Z,KHI,PAM,result,v2_games
2019,163,RS,19,2020-01-14T17:00:00.000Z,CSK,MAD,result,v2_games
2019,161,RS,18,2020-01-10T20:00:00.000Z,PAM,OLY,result,v2_games
2019,162,RS,18,2020-01-10T20:00:00.000Z,BAR,IST,result,v2_games
2019,160,RS,18,2020-01-10T19:45:00.000Z,ASV,RED,result,v2_games
2019,159,RS,18,2020-01-10T19:30:00.000Z,MUN,CSK,result,v2_games
2019,158,RS,18,2020-01-10T17:00:00.000Z,KHI,DYR,result,v2_games
2019,156,RS,18,2020-01-09T20:00:00.000Z,MAD,ZAL,result,v2_games
2019,157,RS,18,2020-01-09T20:00:00.000Z,BAS,ULK,result,v2_games
2019,155,RS,18,2020-01-09T19:45:00.000Z,MIL,PAN,result,v2_games
2019,154,RS,18,2020-01-09T19:00:00.000Z,BER,TEL,result,v2_games
2019,153,RS,17,2020-01-03T20:00:00.000Z,PAM,BER,result,v2_games
2019,151,RS,17,2020-01-03T19:45:00.000Z,ASV,MAD,result,v2_games
2019,152,RS,17,2020-01-03T19:45:00.000Z,MIL,DYR,result,v2_games
2019,150,RS,17,2020-01-03T17:30:00.000Z,IST,KHI,result,v2_games
2019,149,RS,17,2020-01-03T17:00:00.000Z,CSK,PAN,result,v2_games
2019,148,RS,17,2020-01-02T20:00:00.000Z,BAS,BAR,result,v2_games
2019,147,RS,17,2020-01-02T19:00:00.000Z,OLY,ULK,result,v2_games
2019,145,RS,17,2020-01-02T18:00:00.000Z,ZAL,TEL,result,v2_games
2019,146,RS,17,2020-01-02T18:00:00.000Z,RED,MUN,result,v2_games
2019,144,RS,16,2019-12-27T20:00:00.000Z,BAR,OLY,result,v2_games
2019,143,RS,16,2019-12-27T19:30:00.000Z,MUN,ZAL,result,v2_games
2019,142,RS,16,2019-12-27T17:45:00.000Z,ULK,PAM,result,v2_games
2019,141,RS,16,2019-12-27T17:00:00.000Z,DYR,RED,result,v2_games
2019,140,RS,16,2019-12-26T19:45:00.000Z,ASV,KHI,result,v2_games
2019,139,RS,16,2019-12-26T19:00:00.000Z,PAN,MAD,result,v2_games
2019,138,RS,16,2019-12-26T19:00:00.000Z,BER,BAS,result,v2_games
2019,137,RS,16,2019-12-26T17:30:00.000Z,IST,TEL,result,v2_games
2019,136,RS,16,2019-12-26T17:00:00.000Z,CSK,MIL,result,v2_games
2019,135,RS,15,2019-12-20T19:45:00.000Z,ASV,BER,result,v2_games
2019,134,RS,15,2019-12-20T19:30:00.000Z,MUN,BAR,result,v2_games
2019,133,RS,15,2019-12-20T18:00:00.000Z,RED,OLY,result,v2_games
2019,132,RS,15,2019-12-20T17:30:00.000Z,IST,CSK,result,v2_games
2019,131,RS,15,2019-12-20T17:00:00.000Z,KHI,ZAL,result,v2_games
2019,130,RS,15,2019-12-19T20:00:00.000Z,BAS,MAD,result,v2_games
2019,129,RS,15,2019-12-19T19:45:00.000Z,MIL,PAM,result,v2_games
2019,128,RS,15,2019-12-19T19:05:00.000Z,TEL,PAN,result,v2_games
2019,127,RS,15,2019-12-19T17:45:00.000Z,ULK,DYR,result,v2_games
2019,124,RS,14,2019-12-18T19:00:00.000Z,BER,MUN,result,v2_games
2019,125,RS,14,2019-12-18T19:00:00.000Z,OLY,KHI,result,v2_games
2019,123,RS,14,2019-12-18T17:00:00.000Z,CSK,RED,result,v2_games
2019,122,RS,14,2019-12-17T20:00:00.000Z,PAM,BAS,result,v2_games
2019,126,RS,14,2019-12-17T20:00:00.000Z,BAR,ASV,result,v2_games
2019,121,RS,14,2019-12-17T19:00:00.000Z,MAD,MIL,result,v2_games
2019,120,RS,14,2019-12-17T19:00:00.000Z,PAN,ULK,result,v2_games
2019,119,RS,14,2019-12-17T18:00:00.000Z,ZAL,IST,result,v2_games
2019,118,RS,14,2019-12-17T17:00:00.000Z,DYR,TEL,result,v2_games
2019,117,RS,13,2019-12-13T20:00:00.000Z,BAR,PAN,result,v2_games
2019,116,RS,13,2019-12-13T19:45:00.000Z,ASV,MIL,result,v2_games
2019,115,RS,13,2019-12-13T19:30:00.000Z,MUN,DYR,result,v2_games
2019,114,RS,13,2019-12-13T18:00:00.000Z,ZAL,PAM,result,v2_games
2019,113,RS,13,2019-12-12T20:00:00.000Z,MAD,OLY,result,v2_games
2019,112,RS,13,2019-12-12T19:05:00.000Z,TEL,CSK,result,v2_games
2019,111,RS,13,2019-12-12T18:00:00.000Z,RED,BAS,result,v2_games
2019,110,RS,13,2019-12-12T17:45:00.000Z,ULK,IST,result,v2_games
2019,109,RS,13,2019-12-12T17:00:00.000Z,KHI,BER,result,v2_games
2019,108,RS,12,2019-12-06T20:00:00.000Z,BAS,IST,result,v2_games
2019,107,RS,12,2019-12-06T19:30:00.000Z,PAN,OLY,result,v2_games
2019,106,RS,12,2019-12-06T17:45:00.000Z,ULK,BER,result,v2_games
2019,105,RS,12,2019-12-06T17:00:00.000Z,DYR,ASV,result,v2_games
2019,104,RS,12,2019-12-06T17:00:00.000Z,KHI,BAR,result,v2_games
2019,103,RS,12,2019-12-05T20:00:00.000Z,MAD,PAM,result,v2_games
2019,102,RS,12,2019-12-05T19:45:00.000Z,MIL,RED,result,v2_games
2019,101,RS,12,2019-12-05T19:05:00.000Z,TEL,MUN,result,v2_games
2019,100,RS,12,2019-12-05T17:00:00.000Z,CSK,ZAL,result,v2_games
2019,99,RS,11,2019-11-29T20:00:00.000Z,BAR,CSK,result,v2_games
2019,98,RS,11,2019-11-29T19:30:00.000Z,OLY,MIL,result,v2_games
2019,97,RS,11,2019-11-29T17:30:00.000Z,IST,MUN,result,v2_games
2019,96,RS,11,2019-11-29T17:00:00.000Z,DYR,MAD,result,v2_games
2019,95,RS,11,2019-11-28T19:05:00.000Z,TEL,ASV,result,v2_games
2019,94,RS,11,2019-11-28T19:00:00.000Z,PAN,BAS,result,v2_games
2019,93,RS,11,2019-11-28T19:00:00.000Z,BER,ZAL,result,v2_games
2019,92,RS,11,2019-11-28T18:00:00.000Z,RED,PAM,result,v2_games
2019,91,RS,11,2019-11-28T17:45:00.000Z,ULK,KHI,result,v2_games
2019,88,RS,10,2019-11-22T20:00:00.000Z,BAR,TEL,result,v2_games
2019,89,RS,10,2019-11-22T20:00:00.000Z,BAS,DYR,result,v2_games
2019,90,RS,10,2019-11-22T20:00:00.000Z,MAD,CSK,result,v2_games
2019,87,RS,10,2019-11-22T19:45:00.000Z,ASV,ULK,result,v2_games
2019,85,RS,10,2019-11-22T19:30:00.000Z,MUN,PAN,result,v2_games
2019,84,RS,10,2019-11-21T20:00:00.000Z,PAM,KHI,result,v2_games
2019,86,RS,10,2019-11-21T19:45:00.000Z,MIL,IST,result,v2_games
2019,83,RS,10,2019-11-21T19:00:00.000Z,BER,OLY,result,v2_games
2019,82,RS,10,2019-11-21T18:00:00.000Z,ZAL,RED,result,v2_games
2019,80,RS,9,2019-11-20T20:00:00.000Z,BAR,ULK,result,v2_games
2019,81,RS,9,2019-11-20T20:00:00.000Z,BAS,CSK,result,v2_games
2019,77,RS,9,2019-11-19T20:00:00.000Z,MAD,KHI,result,v2_games
2019,78,RS,9,2019-11-19T20:00:00.000Z,PAM,DYR,result,v2_games
2019,76,RS,9,2019-11-19T19:45:00.000Z,ASV,IST,result,v2_games
2019,79,RS,9,2019-11-19T19:45:00.000Z,MIL,TEL,result,v2_games
2019,75,RS,9,2019-11-19T19:30:00.000Z,MUN,OLY,result,v2_games
2019,74,RS,9,2019-11-19T19:00:00.000Z,BER,RED,result,v2_games
2019,73,RS,9,2019-11-19T17:30:00.000Z,ZAL,PAN,result,v2_games
2019,71,RS,8,2019-11-15T20:00:00.000Z,PAM,MUN,result,v2_games
2019,70,RS,8,2019-11-15T19:30:00.000Z,OLY,ZAL,result,v2_games
2019,69,RS,8,2019-11-15T18:00:00.000Z,RED,ASV,result,v2_games
2019,68,RS,8,2019-11-15T17:00:00.000Z,CSK,ULK,result,v2_games
2019,67,RS,8,2019-11-14T20:00:00.000Z,MAD,BAR,result,v2_games
2019,72,RS,8,2019-11-14T20:00:00.000Z,BAS,TEL,result,v2_games
2019,66,RS,8,2019-11-14T19:00:00.000Z,PAN,BER,result,v2_games
2019,65,RS,8,2019-11-14T17:30:00.000Z,IST,DYR,result,v2_games
2019,64,RS,8,2019-11-14T17:00:00.000Z,KHI,MIL,result,v2_games
2019,59,RS,7,2019-11-08T19:45:00.000Z,ASV,CSK,result,v2_games
2019,63,RS,7,2019-11-08T19:30:00.000Z,PAN,PAM,result,v2_games
2019,62,RS,7,2019-11-08T18:00:00.000Z,ZAL,BAR,result,v2_games
2019,61,RS,7,2019-11-08T17:45:00.000Z,ULK,MUN,result,v2_games
2019,58,RS,7,2019-11-07T19:45:00.000Z,MIL,BAS,result,v2_games
2019,57,RS,7,2019-11-07T19:05:00.000Z,TEL,BER,result,v2_games
2019,56,RS,7,2019-11-07T19:00:00.000Z,OLY,IST,result,v2_games
2019,55,RS,7,2019-11-07T18:00:00.000Z,RED,MAD,result,v2_games
2019,60,RS,7,2019-11-07T17:00:00.000Z,DYR,KHI,result,v2_games
2019,54,RS,6,2019-11-01T20:00:00.000Z,MAD,BER,result,v2_games
2019,53,RS,6,2019-11-01T20:00:00.000Z,BAS,MUN,result,v2_games
2019,52,RS,6,2019-11-01T19:30:00.000Z,OLY,TEL,result,v2_games
2019,48,RS,6,2019-11-01T19:00:00.000Z,MIL,BAR,result,v2_games
2019,49,RS,6,2019-11-01T18:00:00.000Z,PAM,ASV,result,v2_games
2019,51,RS,6,2019-11-01T17:45:00.000Z,ULK,ZAL,result,v2_games
2019,50,RS,6,2019-11-01T17:00:00.000Z,DYR,CSK,result,v2_games
2019,47,RS,6,2019-10-31T19:00:00.000Z,PAN,IST,result,v2_games
2019,46,RS,6,2019-10-31T18:00:00.000Z,RED,KHI,result,v2_games
2019,41,RS,5,2019-10-30T20:00:00.000Z,BAR,PAM,result,v2_games
2019,45,RS,5,2019-10-30T19:30:00.000Z,MUN,MAD,result,v2_games
2019,44,RS,5,2019-10-30T19:05:00.000Z,TEL,ULK,result,v2_games
2019,43,RS,5,2019-10-30T18:00:00.000Z,ZAL,DYR,result,v2_games
2019,42,RS,5,2019-10-30T17:00:00.000Z,CSK,OLY,result,v2_games
2019,40,RS,5,2019-10-29T19:45:00.000Z,ASV,BAS,result,v2_games
2019,39,RS,5,2019-10-29T19:00:00.000Z,BER,MIL,result,v2_games
2019,38,RS,5,2019-10-29T17:30:00.000Z,IST,RED,result,v2_games
2019,37,RS,5,2019-10-29T17:00:00.000Z,KHI,PAN,result,v2_games
2019,36,RS,4,2019-10-25T19:00:00.000Z,BAS,OLY,result,v2_games
2019,35,RS,4,2019-10-25T18:45:00.000Z,MIL,ULK,result,v2_games
2019,34,RS,4,2019-10-25T18:00:00.000Z,BER,CSK,result,v2_games
2019,33,RS,4,2019-10-25T17:00:00.000Z,ZAL,ASV,result,v2_games
2019,32,RS,4,2019-10-24T19:00:00.000Z,RED,BAR,result,v2_games
2019,31,RS,4,2019-10-24T18:30:00.000Z,MUN,KHI,result,v2_games
2019,30,RS,4,2019-10-24T18:05:00.000Z,TEL,PAM,result,v2_games
2019,29,RS,4,2019-10-24T17:15:00.000Z,IST,MAD,result,v2_games
2019,28,RS,4,2019-10-24T17:00:00.000Z,DYR,PAN,result,v2_games
2019,27,RS,3,2019-10-18T19:00:00.000Z,PAM,IST,result,v2_games
2019,26,RS,3,2019-10-18T19:00:00.000Z,BAR,BER,result,v2_games
2019,25,RS,3,2019-10-18T18:30:00.000Z,OLY,DYR,result,v2_games
2019,23,RS,3,2019-10-17T18:30:00.000Z,MUN,ASV,result,v2_games
2019,24,RS,3,2019-10-17T18:30:00.000Z,PAN,MIL,result,v2_games
2019,22,RS,3,2019-10-17T18:15:00.000Z,TEL,RED,result,v2_games
2019,21,RS,3,2019-10-17T17:45:00.000Z,ULK,BAS,result,v2_games
2019,19,RS,3,2019-10-17T17:00:00.000Z,CSK,KHI,result,v2_games
2019,20,RS,3,2019-10-17T17:00:00.000Z,ZAL,MAD,result,v2_games
2019,18,RS,2,2019-10-11T18:45:00.000Z,MIL,ZAL,result,v2_games
2019,17,RS,2,2019-10-11T18:30:00.000Z,OLY,PAM,result,v2_games
2019,16,RS,2,2019-10-11T17:30:00.000Z,IST,BER,result,v2_games
2019,15,RS,2,2019-10-11T17:00:00.000Z,KHI,BAS,result,v2_games
2019,12,RS,2,2019-10-11T17:00:00.000Z,DYR,BAR,result,v2_games
2019,14,RS,2,2019-10-10T19:00:00.000Z,MAD,TEL,result,v2_games
2019,13,RS,2,2019-10-10T18:45:00.000Z,ASV,PAN,result,v2_games
2019,10,RS,2,2019-10-10T17:00:00.000Z,RED,ULK,result,v2_games
2019,11,RS,2,2019-10-10T17:00:00.000Z,CSK,MUN,result,v2_games
2019,9,RS,1,2019-10-04T19:00:00.000Z,PAM,CSK,result,v2_games
2019,3,RS,1,2019-10-04T18:45:00.000Z,ASV,OLY,result,v2_games
2019,7,RS,1,2019-10-04T18:00:00.000Z,BER,DYR,result,v2_games
2019,6,RS,1,2019-10-04T17:30:00.000Z,IST,BAR,result,v2_games
2019,5,RS,1,2019-10-04T17:00:00.000Z,ZAL,BAS,result,v2_games
2019,4,RS,1,2019-10-03T19:00:00.000Z,MAD,ULK,result,v2_games
2019,2,RS,1,2019-10-03T18:30:00.000Z,MUN,MIL,result,v2_games
2019,8,RS,1,2019-10-03T18:00:00.000Z,PAN,RED,result,v2_games
2019,1,RS,1,2019-10-03T17:00:00.000Z,KHI,TEL,result,v2_games
2020,328,FF,41,2021-05-30T18:30:00.000Z,BAR,IST,result,v2_games
2020,327,FF,41,2021-05-30T15:30:00.000Z,MIL,CSK,result,v2_games
2020,325,FF,40,2021-05-28T19:00:00.000Z,BAR,MIL,result,v2_games
2020,326,FF,40,2021-05-28T16:00:00.000Z,CSK,IST,result,v2_games
2020,322,PO,39,2021-05-04T19:00:00.000Z,BAR,DYR,result,v2_games
2020,323,PO,39,2021-05-04T18:45:00.000Z,MIL,MUN,result,v2_games
2020,324,PO,39,2021-05-04T16:45:00.000Z,IST,MAD,result,v2_games
2020,320,PO,38,2021-04-30T18:45:00.000Z,MUN,MIL,result,v2_games
2020,319,PO,38,2021-04-30T17:00:00.000Z,DYR,BAR,result,v2_games
2020,321,PO,38,2021-04-29T19:00:00.000Z,MAD,IST,result,v2_games
2020,316,PO,37,2021-04-28T18:45:00.000Z,MUN,MIL,result,v2_games
2020,318,PO,37,2021-04-28T17:45:00.000Z,ULK,CSK,result,v2_games
2020,315,PO,37,2021-04-28T17:00:00.000Z,DYR,BAR,result,v2_games
2020,317,PO,37,2021-04-27T17:00:00.000Z,MAD,IST,result,v2_games
2020,311,PO,36,2021-04-23T19:00:00.000Z,BAR,DYR,result,v2_games
2020,314,PO,36,2021-04-23T17:00:00.000Z,CSK,ULK,result,v2_games
2020,312,PO,36,2021-04-22T18:45:00.000Z,MIL,MUN,result,v2_games
2020,313,PO,36,2021-04-22T17:00:00.000Z,IST,MAD,result,v2_games
2020,307,PO,35,2021-04-21T19:00:00.000Z,BAR,DYR,result,v2_games
2020,310,PO,35,2021-04-21T17:00:00.000Z,CSK,ULK,result,v2_games
2020,308,PO,35,2021-04-20T18:45:00.000Z,MIL,MUN,result,v2_games
2020,309,PO,35,2021-04-20T17:00:00.000Z,IST,MAD,result,v2_games
2020,221,RS,25,2021-04-14T17:00:00.000Z,CSK,PAN,result,v2_games
2020,47,RS,6,2021-04-12T17:00:00.000Z,DYR,PAN,result,v2_games
2020,306,RS,34,2021-04-09T19:00:00.000Z,BAR,MUN,result,v2_games
2020,305,RS,34,2021-04-09T18:45:00.000Z,MIL,IST,result,v2_games
2020,304,RS,34,2021-04-09T18:00:00.000Z,OLY,KHI,result,v2_games
2020,303,RS,34,2021-04-09T17:00:00.000Z,DYR,TEL,result,v2_games
2020,302,RS,34,2021-04-08T19:00:00.000Z,PAM,BAS,result,v2_games
2020,301,RS,34,2021-04-08T18:00:00.000Z,BER,RED,result,v2_games
2020,300,RS,34,2021-04-08T17:45:00.000Z,ULK,MAD,result,v2_games
2020,298,RS,34,2021-04-08T17:00:00.000Z,CSK,ASV,result,v2_games
2020,299,RS,34,2021-04-08T17:00:00.000Z,ZAL,PAN,result,v2_games
2020,209,RS,24,2021-04-06T15:00:00.000Z,TEL,KHI,result,v2_games
2020,265,RS,30,2021-04-04T18:05:00.000Z,TEL,ASV,result,v2_games
2020,297,RS,33,2021-04-02T19:00:00.000Z,MAD,OLY,result,v2_games
2020,294,RS,33,2021-04-02T17:45:00.000Z,ULK,BAR,result,v2_games
2020,295,RS,33,2021-04-02T17:00:00.000Z,BER,PAM,result,v2_games
2020,293,RS,33,2021-04-02T17:00:00.000Z,DYR,ASV,result,v2_games
2020,292,RS,33,2021-04-02T17:00:00.000Z,CSK,KHI,result,v2_games
2020,290,RS,33,2021-04-01T18:45:00.000Z,RED,TEL,result,v2_games
2020,296,RS,33,2021-04-01T18:30:00.000Z,MUN,ZAL,result,v2_games
2020,289,RS,33,2021-04-01T18:00:00.000Z,PAN,MIL,result,v2_games
2020,291,RS,33,2021-04-01T17:00:00.000Z,BAS,IST,result,v2_games
2020,288,RS,32,2021-03-31T19:00:00.000Z,PAM,OLY,result,v2_games
2020,285,RS,32,2021-03-31T17:00:00.000Z,KHI,ASV,result,v2_games
2020,287,RS,32,2021-03-30T19:00:00.000Z,MUN,ULK,result,v2_games
2020,283,RS,32,2021-03-30T18:05:00.000Z,TEL,BAR,result,v2_games
2020,282,RS,32,2021-03-30T18:00:00.000Z,PAN,BAS,result,v2_games
2020,286,RS,32,2021-03-30T17:00:00.000Z,ZAL,BER,result,v2_games
2020,284,RS,32,2021-03-30T17:00:00.000Z,MAD,IST,result,v2_games
2020,281,RS,32,2021-03-30T17:00:00.000Z,DYR,CSK,result,v2_games
2020,280,RS,32,2021-03-30T17:00:00.000Z,RED,MIL,result,v2_games
2020,278,RS,31,2021-03-26T20:00:00.000Z,BAR,BER,result,v2_games
2020,277,RS,31,2021-03-26T19:00:00.000Z,OLY,ULK,result,v2_games
2020,279,RS,31,2021-03-26T18:00:00.000Z,BAS,MIL,result,v2_games
2020,275,RS,31,2021-03-26T17:00:00.000Z,KHI,DYR,result,v2_games
2020,274,RS,31,2021-03-25T20:00:00.000Z,PAM,MUN,result,v2_games
2020,273,RS,31,2021-03-25T19:45:00.000Z,ASV,MAD,result,v2_games
2020,276,RS,31,2021-03-25T19:00:00.000Z,ZAL,TEL,result,v2_games
2020,272,RS,31,2021-03-25T17:30:00.000Z,IST,PAN,result,v2_games
2020,271,RS,31,2021-03-25T17:00:00.000Z,CSK,RED,result,v2_games
2020,269,RS,30,2021-03-19T19:45:00.000Z,MIL,BAR,result,v2_games
2020,268,RS,30,2021-03-19T19:30:00.000Z,MUN,IST,result,v2_games
2020,267,RS,30,2021-03-19T19:00:00.000Z,PAN,RED,result,v2_games
2020,266,RS,30,2021-03-19T17:00:00.000Z,KHI,PAM,result,v2_games
2020,270,RS,30,2021-03-18T20:00:00.000Z,MAD,CSK,result,v2_games
2020,264,RS,30,2021-03-18T19:30:00.000Z,BER,OLY,result,v2_games
2020,263,RS,30,2021-03-18T17:45:00.000Z,ULK,ZAL,result,v2_games
2020,262,RS,30,2021-03-18T17:00:00.000Z,DYR,BAS,result,v2_games
2020,201,RS,23,2021-03-16T17:30:00.000Z,TEL,IST,result,v2_games
2020,261,RS,29,2021-03-12T20:00:00.000Z,PAM,ULK,result,v2_games
2020,259,RS,29,2021-03-12T19:00:00.000Z,OLY,DYR,result,v2_games
2020,260,RS,29,2021-03-12T18:00:00.000Z,BAS,MUN,result,v2_games
2020,258,RS,29,2021-03-12T17:30:00.000Z,IST,ZAL,result,v2_games
2020,257,RS,29,2021-03-11T20:00:00.000Z,MAD,BAR,result,v2_games
2020,256,RS,29,2021-03-11T19:45:00.000Z,ASV,BER,result,v2_games
2020,255,RS,29,2021-03-11T19:45:00.000Z,RED,KHI,result,v2_games
2020,254,RS,29,2021-03-11T19:00:00.000Z,PAN,TEL,result,v2_games
2020,253,RS,29,2021-03-11T17:00:00.000Z,CSK,MIL,result,v2_games
2020,252,RS,28,2021-03-05T20:00:00.000Z,BAR,BAS,result,v2_games
2020,251,RS,28,2021-03-05T19:45:00.000Z,ASV,ULK,result,v2_games
2020,250,RS,28,2021-03-05T19:00:00.000Z,OLY,RED,result,v2_games
2020,249,RS,28,2021-03-05T18:00:00.000Z,ZAL,MIL,result,v2_games
2020,248,RS,28,2021-03-05T17:00:00.000Z,KHI,BER,result,v2_games
2020,247,RS,28,2021-03-04T19:30:00.000Z,MUN,PAN,result,v2_games
2020,246,RS,28,2021-03-04T19:05:00.000Z,TEL,PAM,result,v2_games
2020,245,RS,28,2021-03-04T17:30:00.000Z,IST,CSK,result,v2_games
2020,244,RS,28,2021-03-04T17:00:00.000Z,DYR,MAD,result,v2_games
2020,242,RS,27,2021-03-03T19:45:00.000Z,MIL,ULK,result,v2_games
2020,243,RS,27,2021-03-03T18:00:00.000Z,BAS,OLY,result,v2_games
2020,240,RS,27,2021-03-02T19:45:00.000Z,RED,MUN,result,v2_games
2020,239,RS,27,2021-03-02T19:05:00.000Z,TEL,CSK,result,v2_games
2020,238,RS,27,2021-03-02T19:00:00.000Z,PAN,BAR,result,v2_games
2020,241,RS,27,2021-03-02T18:00:00.000Z,ZAL,ASV,result,v2_games
2020,237,RS,27,2021-03-02T17:30:00.000Z,IST,PAM,result,v2_games
2020,235,RS,27,2021-03-02T17:00:00.000Z,KHI,MAD,result,v2_games
2020,236,RS,27,2021-03-02T17:00:00.000Z,DYR,BER,result,v2_games
2020,234,RS,26,2021-02-26T20:00:00.000Z,BAR,ASV,result,v2_games
2020,232,RS,26,2021-02-26T19:00:00.000Z,BER,PAN,result,v2_games
2020,233,RS,26,2021-02-26T18:00:00.000Z,BAS,RED,result,v2_games
2020,231,RS,26,2021-02-26T17:45:00.000Z,ULK,IST,result,v2_games
2020,230,RS,26,2021-02-25T20:00:00.000Z,MAD,ZAL,result,v2_games
2020,229,RS,26,2021-02-25T19:45:00.000Z,MIL,KHI,result,v2_games
2020,228,RS,26,2021-02-25T19:30:00.000Z,MUN,TEL,result,v2_games
2020,227,RS,26,2021-02-25T19:00:00.000Z,OLY,CSK,result,v2_games
2020,226,RS,26,2021-02-25T17:00:00.000Z,DYR,PAM,result,v2_games
2020,208,RS,24,2021-02-23T18:00:00.000Z,ZAL,RED,result,v2_games
2020,38,RS,5,2021-02-22T17:00:00.000Z,DYR,MIL,result,v2_games
2020,225,RS,25,2021-02-19T20:00:00.000Z,PAM,MAD,result,v2_games
2020,224,RS,25,2021-02-19T19:45:00.000Z,ASV,MUN,result,v2_games
2020,223,RS,25,2021-02-19T19:45:00.000Z,RED,DYR,result,v2_games
2020,222,RS,25,2021-02-19T17:45:00.000Z,ULK,BER,result,v2_games
2020,220,RS,25,2021-02-18T20:00:00.000Z,BAR,ZAL,result,v2_games
2020,219,RS,25,2021-02-18T19:45:00.000Z,MIL,TEL,result,v2_games
2020,218,RS,25,2021-02-18T17:30:00.000Z,IST,OLY,result,v2_games
2020,217,RS,25,2021-02-18T17:00:00.000Z,KHI,BAS,result,v2_games
2020,216,RS,24,2021-02-05T20:00:00.000Z,MAD,BAS,result,v2_games
2020,215,RS,24,2021-02-05T19:45:00.000Z,ASV,MIL,result,v2_games
2020,214,RS,24,2021-02-05T19:30:00.000Z,MUN,BER,result,v2_games
2020,213,RS,24,2021-02-05T19:00:00.000Z,OLY,PAN,result,v2_games
2020,212,RS,24,2021-02-05T17:45:00.000Z,ULK,DYR,result,v2_games
2020,211,RS,24,2021-02-04T20:00:00.000Z,PAM,CSK,result,v2_games
2020,210,RS,24,2021-02-04T20:00:00.000Z,BAR,IST,result,v2_games
2020,207,RS,23,2021-01-29T20:00:00.000Z,BAS,ZAL,result,v2_games
2020,206,RS,23,2021-01-29T19:45:00.000Z,RED,ASV,result,v2_games
2020,205,RS,23,2021-01-29T19:00:00.000Z,PAN,PAM,result,v2_games
2020,204,RS,23,2021-01-29T19:00:00.000Z,BER,MAD,result,v2_games
2020,203,RS,23,2021-01-29T17:00:00.000Z,CSK,MUN,result,v2_games
2020,202,RS,23,2021-01-28T19:45:00.000Z,MIL,DYR,result,v2_games
2020,200,RS,23,2021-01-28T19:00:00.000Z,OLY,BAR,result,v2_games
2020,199,RS,23,2021-01-28T17:00:00.000Z,KHI,ULK,result,v2_games
2020,197,RS,22,2021-01-27T20:00:00.000Z,MAD,PAN,result,v2_games
2020,198,RS,22,2021-01-27T20:00:00.000Z,PAM,ZAL,result,v2_games
2020,196,RS,22,2021-01-27T19:45:00.000Z,ASV,BAS,result,v2_games
2020,195,RS,22,2021-01-27T19:00:00.000Z,BER,CSK,result,v2_games
2020,194,RS,22,2021-01-26T20:00:00.000Z,BAR,DYR,result,v2_games
2020,193,RS,22,2021-01-26T19:45:00.000Z,MIL,OLY,result,v2_games
2020,192,RS,22,2021-01-26T18:00:00.000Z,ULK,TEL,result,v2_games
2020,190,RS,22,2021-01-26T17:00:00.000Z,KHI,MUN,result,v2_games
2020,191,RS,22,2021-01-26T16:00:00.000Z,IST,RED,result,v2_games
2020,189,RS,21,2021-01-22T20:00:00.000Z,BAS,BER,result,v2_games
2020,187,RS,21,2021-01-22T18:00:00.000Z,RED,BAR,result,v2_games
2020,188,RS,21,2021-01-22T18:00:00.000Z,ZAL,OLY,result,v2_games
2020,186,RS,21,2021-01-22T17:00:00.000Z,CSK,ULK,result,v2_games
2020,185,RS,21,2021-01-21T19:45:00.000Z,ASV,PAM,result,v2_games
2020,184,RS,21,2021-01-21T19:45:00.000Z,MIL,MUN,result,v2_games
2020,183,RS,21,2021-01-21T19:05:00.000Z,TEL,MAD,result,v2_games
2020,182,RS,21,2021-01-21T19:00:00.000Z,PAN,KHI,result,v2_games
2020,181,RS,21,2021-01-21T17:00:00.000Z,DYR,IST,result,v2_games
2020,87,RS,10,2021-01-19T19:45:00.000Z,ASV,OLY,result,v2_games
2020,171,RS,19,2021-01-18T18:00:00.000Z,MAD,RED,result,v2_games
2020,180,RS,20,2021-01-15T20:00:00.000Z,PAM,RED,result,v2_games
2020,178,RS,20,2021-01-15T19:30:00.000Z,OLY,ASV,result,v2_games
2020,179,RS,20,2021-01-15T19:30:00.000Z,MUN,MAD,result,v2_games
2020,175,RS,20,2021-01-15T17:00:00.000Z,CSK,BAR,result,v2_games
2020,176,RS,20,2021-01-15T17:00:00.000Z,DYR,ZAL,result,v2_games
2020,177,RS,20,2021-01-15T17:00:00.000Z,ULK,PAN,result,v2_games
2020,174,RS,20,2021-01-14T19:05:00.000Z,TEL,BAS,result,v2_games
2020,173,RS,20,2021-01-14T19:00:00.000Z,BER,MIL,result,v2_games
2020,172,RS,20,2021-01-14T17:30:00.000Z,IST,KHI,result,v2_games
2020,169,RS,19,2021-01-13T19:00:00.000Z,PAN,ASV,result,v2_games
2020,170,RS,19,2021-01-13T18:30:00.000Z,MUN,DYR,result,v2_games
2020,168,RS,19,2021-01-13T17:00:00.000Z,CSK,ZAL,result,v2_games
2020,167,RS,19,2021-01-12T19:45:00.000Z,MIL,PAM,result,v2_games
2020,166,RS,19,2021-01-12T19:05:00.000Z,TEL,OLY,result,v2_games
2020,165,RS,19,2021-01-12T17:45:00.000Z,ULK,BAS,result,v2_games
2020,164,RS,19,2021-01-12T17:30:00.000Z,IST,BER,result,v2_games
2020,163,RS,19,2021-01-12T17:00:00.000Z,KHI,BAR,result,v2_games
2020,162,RS,18,2021-01-08T20:00:00.000Z,MAD,MIL,result,v2_games
2020,160,RS,18,2021-01-08T19:45:00.000Z,ASV,IST,result,v2_games
2020,159,RS,18,2021-01-08T19:00:00.000Z,OLY,MUN,result,v2_games
2020,154,RS,18,2021-01-08T18:00:00.000Z,ZAL,KHI,result,v2_games
2020,161,RS,18,2021-01-07T20:00:00.000Z,BAS,CSK,result,v2_games
2020,158,RS,18,2021-01-07T20:00:00.000Z,BAR,PAM,result,v2_games
2020,156,RS,18,2021-01-07T19:00:00.000Z,BER,TEL,result,v2_games
2020,157,RS,18,2021-01-07T19:00:00.000Z,PAN,DYR,result,v2_games
2020,155,RS,18,2021-01-07T18:00:00.000Z,RED,ULK,result,v2_games
2020,39,RS,5,2021-01-05T18:00:00.000Z,BER,BAS,result,v2_games
2020,153,RS,17,2020-12-30T19:45:00.000Z,MIL,CSK,result,v2_games
2020,152,RS,17,2020-12-30T18:30:00.000Z,MUN,BAR,result,v2_games
2020,151,RS,17,2020-12-30T18:00:00.000Z,RED,PAN,result,v2_games
2020,150,RS,17,2020-12-30T17:45:00.000Z,ULK,ASV,result,v2_games
2020,149,RS,17,2020-12-29T20:00:00.000Z,BAS,PAM,result,v2_games
2020,148,RS,17,2020-12-29T19:05:00.000Z,TEL,DYR,result,v2_games
2020,147,RS,17,2020-12-29T19:00:00.000Z,BER,ZAL,result,v2_games
2020,146,RS,17,2020-12-29T17:30:00.000Z,IST,MAD,result,v2_games
2020,145,RS,17,2020-12-29T17:00:00.000Z,KHI,OLY,result,v2_games
2020,144,RS,16,2020-12-23T20:00:00.000Z,PAM,KHI,result,v2_games
2020,143,RS,16,2020-12-23T19:45:00.000Z,MIL,BAS,result,v2_games
2020,141,RS,16,2020-12-23T17:45:00.000Z,ULK,OLY,result,v2_games
2020,142,RS,16,2020-12-23T17:00:00.000Z,ZAL,MUN,result,v2_games
2020,140,RS,16,2020-12-22T20:00:00.000Z,MAD,BER,result,v2_games
2020,139,RS,16,2020-12-22T19:45:00.000Z,ASV,CSK,result,v2_games
2020,138,RS,16,2020-12-22T19:15:00.000Z,TEL,PAN,result,v2_games
2020,137,RS,16,2020-12-22T17:30:00.000Z,IST,BAR,result,v2_games
2020,136,RS,16,2020-12-22T17:00:00.000Z,DYR,RED,result,v2_games
2020,135,RS,15,2020-12-18T20:00:00.000Z,BAR,TEL,result,v2_games
2020,134,RS,15,2020-12-18T19:45:00.000Z,ASV,KHI,result,v2_games
2020,132,RS,15,2020-12-18T19:00:00.000Z,OLY,MAD,result,v2_games
2020,133,RS,15,2020-12-18T18:30:00.000Z,MUN,BAS,result,v2_games
2020,131,RS,15,2020-12-18T18:00:00.000Z,RED,PAM,result,v2_games
2020,130,RS,15,2020-12-18T17:00:00.000Z,CSK,DYR,result,v2_games
2020,129,RS,15,2020-12-17T19:00:00.000Z,PAN,BER,result,v2_games
2020,128,RS,15,2020-12-17T18:00:00.000Z,ZAL,ULK,result,v2_games
2020,127,RS,15,2020-12-17T17:30:00.000Z,IST,MIL,result,v2_games
2020,125,RS,14,2020-12-16T19:45:00.000Z,ASV,TEL,result,v2_games
2020,124,RS,14,2020-12-16T19:30:00.000Z,OLY,PAM,result,v2_games
2020,126,RS,14,2020-12-16T18:00:00.000Z,BAR,KHI,result,v2_games
2020,123,RS,14,2020-12-16T16:00:00.000Z,DYR,MUN,result,v2_games
2020,122,RS,14,2020-12-15T19:00:00.000Z,PAN,MAD,result,v2_games
2020,120,RS,14,2020-12-15T18:00:00.000Z,RED,BER,result,v2_games
2020,121,RS,14,2020-12-15T18:00:00.000Z,ZAL,BAS,result,v2_games
2020,119,RS,14,2020-12-15T17:45:00.000Z,ULK,MIL,result,v2_games
2020,118,RS,14,2020-12-15T17:00:00.000Z,CSK,IST,result,v2_games
2020,117,RS,13,2020-12-11T20:00:00.000Z,BAR,MIL,result,v2_games
2020,116,RS,13,2020-12-11T19:30:00.000Z,MUN,ASV,result,v2_games
2020,115,RS,13,2020-12-11T19:00:00.000Z,PAN,ZAL,result,v2_games
2020,114,RS,13,2020-12-11T17:00:00.000Z,KHI,CSK,result,v2_games
2020,112,RS,13,2020-12-10T20:00:00.000Z,PAM,IST,result,v2_games
2020,111,RS,13,2020-12-10T20:00:00.000Z,BAS,TEL,result,v2_games
2020,113,RS,13,2020-12-10T20:00:00.000Z,MAD,DYR,result,v2_games
2020,110,RS,13,2020-12-10T19:00:00.000Z,BER,ULK,result,v2_games
2020,109,RS,13,2020-12-10T18:00:00.000Z,RED,OLY,result,v2_games
2020,31,RS,4,2020-12-08T20:00:00.000Z,PAM,DYR,result,v2_games
2020,80,RS,9,2020-12-08T18:00:00.000Z,BAR,OLY,result,v2_games
2020,43,RS,5,2020-12-08T17:30:00.000Z,IST,ASV,result,v2_games
2020,68,RS,8,2020-12-08T15:30:00.000Z,KHI,MIL,result,v2_games
2020,108,RS,12,2020-12-04T20:00:00.000Z,MAD,ASV,result,v2_games
2020,107,RS,12,2020-12-04T19:30:00.000Z,MUN,KHI,result,v2_games
2020,106,RS,12,2020-12-04T18:00:00.000Z,ZAL,BAR,result,v2_games
2020,105,RS,12,2020-12-04T16:30:00.000Z,IST,BAS,result,v2_games
2020,104,RS,12,2020-12-03T20:00:00.000Z,PAM,BER,result,v2_games
2020,103,RS,12,2020-12-03T19:45:00.000Z,MIL,PAN,result,v2_games
2020,102,RS,12,2020-12-03T19:05:00.000Z,TEL,RED,result,v2_games
2020,100,RS,12,2020-12-03T17:00:00.000Z,CSK,OLY,result,v2_games
2020,101,RS,12,2020-12-03T17:00:00.000Z,DYR,ULK,result,v2_games
2020,21,RS,3,2020-12-01T19:45:00.000Z,ASV,PAN,result,v2_games
2020,53,RS,6,2020-12-01T19:45:00.000Z,MIL,BER,result,v2_games
2020,99,RS,11,2020-11-27T19:45:00.000Z,ASV,BAR,result,v2_games
2020,98,RS,11,2020-11-27T19:00:00.000Z,PAN,MUN,result,v2_games
2020,97,RS,11,2020-11-27T17:45:00.000Z,ULK,PAM,result,v2_games
2020,96,RS,11,2020-11-26T19:05:00.000Z,TEL,MIL,result,v2_games
2020,95,RS,11,2020-11-26T19:00:00.000Z,OLY,BAS,result,v2_games
2020,94,RS,11,2020-11-26T19:00:00.000Z,BER,KHI,result,v2_games
2020,92,RS,11,2020-11-26T18:00:00.000Z,RED,IST,result,v2_games
2020,93,RS,11,2020-11-26T18:00:00.000Z,ZAL,DYR,result,v2_games
2020,91,RS,11,2020-11-26T17:00:00.000Z,CSK,MAD,result,v2_games
2020,22,RS,3,2020-11-23T18:30:00.000Z,BAS,DYR,result,v2_games
2020,89,RS,10,2020-11-20T20:00:00.000Z,MAD,ULK,result,v2_games
2020,90,RS,10,2020-11-20T20:00:00.000Z,PAM,TEL,result,v2_games
2020,88,RS,10,2020-11-20T20:00:00.000Z,BAR,RED,result,v2_games
2020,86,RS,10,2020-11-20T19:45:00.000Z,MIL,ZAL,result,v2_games
2020,85,RS,10,2020-11-20T19:00:00.000Z,BER,DYR,result,v2_games
2020,84,RS,10,2020-11-19T19:30:00.000Z,BAS,PAN,result,v2_games
2020,83,RS,10,2020-11-19T19:30:00.000Z,MUN,CSK,result,v2_games
2020,82,RS,10,2020-11-19T17:00:00.000Z,KHI,IST,result,v2_games
2020,79,RS,9,2020-11-18T19:45:00.000Z,MIL,RED,result,v2_games
2020,78,RS,9,2020-11-18T19:00:00.000Z,BER,ASV,result,v2_games
2020,81,RS,9,2020-11-18T17:30:00.000Z,MAD,TEL,result,v2_games
2020,77,RS,9,2020-11-17T20:00:00.000Z,PAM,PAN,result,v2_games
2020,76,RS,9,2020-11-17T19:30:00.000Z,BAS,ULK,result,v2_games
2020,75,RS,9,2020-11-17T18:00:00.000Z,ZAL,CSK,result,v2_games
2020,74,RS,9,2020-11-17T17:30:00.000Z,IST,MUN,result,v2_games
2020,73,RS,9,2020-11-17T17:00:00.000Z,DYR,KHI,result,v2_games
2020,72,RS,8,2020-11-13T19:45:00.000Z,ASV,DYR,result,v2_games
2020,71,RS,8,2020-11-13T19:30:00.000Z,MUN,PAM,result,v2_games
2020,70,RS,8,2020-11-13T19:00:00.000Z,PAN,IST,result,v2_games
2020,69,RS,8,2020-11-13T18:00:00.000Z,RED,MAD,result,v2_games
2020,67,RS,8,2020-11-12T20:00:00.000Z,BAR,ULK,result,v2_games
2020,66,RS,8,2020-11-12T19:05:00.000Z,TEL,ZAL,result,v2_games
2020,65,RS,8,2020-11-12T19:00:00.000Z,OLY,BER,result,v2_games
2020,64,RS,8,2020-11-12T17:00:00.000Z,CSK,BAS,result,v2_games
2020,29,RS,4,2020-11-11T19:45:00.000Z,ASV,RED,result,v2_games
2020,63,RS,7,2020-11-06T20:00:00.000Z,PAM,MIL,result,v2_games
2020,61,RS,7,2020-11-06T19:30:00.000Z,MUN,RED,result,v2_games
2020,62,RS,7,2020-11-06T19:30:00.000Z,PAN,CSK,result,v2_games
2020,60,RS,7,2020-11-06T18:00:00.000Z,ZAL,MAD,result,v2_games
2020,59,RS,7,2020-11-06T17:45:00.000Z,ULK,KHI,result,v2_games
2020,58,RS,7,2020-11-05T19:30:00.000Z,BAS,ASV,result,v2_games
2020,57,RS,7,2020-11-05T18:00:00.000Z,BER,BAR,result,v2_games
2020,56,RS,7,2020-11-05T17:30:00.000Z,IST,TEL,result,v2_games
2020,55,RS,7,2020-11-05T17:00:00.000Z,DYR,OLY,result,v2_games
2020,54,RS,6,2020-10-30T19:30:00.000Z,BAS,BAR,result,v2_games
2020,52,RS,6,2020-10-30T19:00:00.000Z,OLY,IST,result,v2_games
2020,51,RS,6,2020-10-30T17:00:00.000Z,KHI,RED,result,v2_games
2020,50,RS,6,2020-10-29T20:00:00.000Z,MAD,MUN,result,v2_games
2020,48,RS,6,2020-10-29T19:05:00.000Z,TEL,ULK,result,v2_games
2020,49,RS,6,2020-10-29T17:00:00.000Z,ASV,ZAL,result,v2_games
2020,46,RS,6,2020-10-29T17:00:00.000Z,CSK,PAM,result,v2_games
2020,45,RS,5,2020-10-23T19:00:00.000Z,BAR,MAD,result,v2_games
2020,44,RS,5,2020-10-23T18:30:00.000Z,MUN,OLY,result,v2_games
2020,42,RS,5,2020-10-23T17:00:00.000Z,KHI,TEL,result,v2_games
2020,41,RS,5,2020-10-22T18:45:00.000Z,RED,CSK,result,v2_games
2020,40,RS,5,2020-10-22T18:00:00.000Z,PAN,ULK,result,v2_games
2020,37,RS,5,2020-10-22T17:00:00.000Z,ZAL,PAM,result,v2_games
2020,36,RS,4,2020-10-16T19:00:00.000Z,BAS,KHI,result,v2_games
2020,35,RS,4,2020-10-16T18:45:00.000Z,MIL,MAD,result,v2_games
2020,34,RS,4,2020-10-16T18:00:00.000Z,OLY,TEL,result,v2_games
2020,33,RS,4,2020-10-16T17:45:00.000Z,ULK,MUN,result,v2_games
2020,32,RS,4,2020-10-16T17:00:00.000Z,CSK,BER,result,v2_games
2020,30,RS,4,2020-10-15T19:00:00.000Z,BAR,PAN,result,v2_games
2020,28,RS,4,2020-10-15T17:00:00.000Z,ZAL,IST,result,v2_games
2020,27,RS,3,2020-10-14T19:00:00.000Z,MAD,KHI,result,v2_games
2020,24,RS,3,2020-10-14T17:45:00.000Z,ULK,CSK,result,v2_games
2020,25,RS,3,2020-10-14T16:30:00.000Z,OLY,MIL,result,v2_games
2020,26,RS,3,2020-10-14T16:30:00.000Z,TEL,MUN,result,v2_games
2020,23,RS,3,2020-10-13T19:00:00.000Z,PAM,BAR,result,v2_games
2020,20,RS,3,2020-10-13T18:00:00.000Z,BER,IST,result,v2_games
2020,19,RS,3,2020-10-13T17:00:00.000Z,RED,ZAL,result,v2_games
2020,15,RS,2,2020-10-10T17:00:00.000Z,KHI,ZAL,result,v2_games
2020,18,RS,2,2020-10-09T18:45:00.000Z,MIL,ASV,result,v2_games
2020,17,RS,2,2020-10-09T18:00:00.000Z,PAN,OLY,result,v2_games
2020,16,RS,2,2020-10-09T18:00:00.000Z,BER,MUN,result,v2_games
2020,14,RS,2,2020-10-09T17:00:00.000Z,RED,BAS,result,v2_games
2020,11,RS,2,2020-10-09T17:00:00.000Z,DYR,BAR,result,v2_games
2020,13,RS,2,2020-10-08T19:00:00.000Z,MAD,PAM,result,v2_games
2020,12,RS,2,2020-10-08T17:30:00.000Z,IST,ULK,result,v2_games
2020,10,RS,2,2020-10-08T17:00:00.000Z,CSK,TEL,result,v2_games
2020,9,RS,1,2020-10-02T19:00:00.000Z,BAS,MAD,result,v2_games
2020,8,RS,1,2020-10-02T18:30:00.000Z,MUN,MIL,result,v2_games
2020,7,RS,1,2020-10-02T17:45:00.000Z,ULK,RED,result,v2_games
2020,6,RS,1,2020-10-02T17:00:00.000Z,KHI,PAN,result,v2_games
2020,4,RS,1,2020-10-01T19:00:00.000Z,BAR,CSK,result,v2_games
2020,5,RS,1,2020-10-01T19:00:00.000Z,PAM,ASV,result,v2_games
2020,3,RS,1,2020-10-01T18:05:00.000Z,TEL,BER,result,v2_games
2020,2,RS,1,2020-10-01T18:00:00.000Z,OLY,ZAL,result,v2_games
2020,1,RS,1,2020-10-01T17:30:00.000Z,IST,DYR,result,v2_games
2021,330,FF,41,2022-05-21T17:00:00.000Z,MAD,IST,result,v2_games
2021,329,FF,41,2022-05-21T14:00:00.000Z,BAR,OLY,result,v2_games
2021,327,FF,40,2022-05-19T19:00:00.000Z,BAR,MAD,result,v2_games
2021,328,FF,40,2022-05-19T16:00:00.000Z,OLY,IST,result,v2_games
2021,326,PO,39,2022-05-04T18:30:00.000Z,OLY,MCO,result,v2_games
2021,323,PO,39,2022-05-03T18:00:00.000Z,BAR,MUN,result,v2_games
2021,322,PO,38,2022-04-29T19:00:00.000Z,MCO,OLY,result,v2_games
2021,319,PO,38,2022-04-29T18:45:00.000Z,MUN,BAR,result,v2_games
2021,321,PO,38,2022-04-28T17:30:00.000Z,IST,MIL,result,v2_games
2021,318,PO,37,2022-04-27T19:00:00.000Z,MCO,OLY,result,v2_games
2021,315,PO,37,2022-04-27T18:30:00.000Z,MUN,BAR,result,v2_games
2021,316,PO,37,2022-04-26T18:15:00.000Z,TEL,MAD,result,v2_games
2021,317,PO,37,2022-04-26T17:30:00.000Z,IST,MIL,result,v2_games
2021,312,PO,36,2022-04-22T18:45:00.000Z,MAD,TEL,result,v2_games
2021,314,PO,36,2022-04-22T16:00:00.000Z,OLY,MCO,result,v2_games
2021,313,PO,36,2022-04-21T18:30:00.000Z,MIL,IST,result,v2_games
2021,311,PO,36,2022-04-21T18:00:00.000Z,BAR,MUN,result,v2_games
2021,308,PO,35,2022-04-20T19:00:00.000Z,MAD,TEL,result,v2_games
2021,310,PO,35,2022-04-20T18:00:00.000Z,OLY,MCO,result,v2_games
2021,307,PO,35,2022-04-19T19:00:00.000Z,BAR,MUN,result,v2_games
2021,309,PO,35,2022-04-19T17:00:00.000Z,MIL,IST,result,v2_games
2021,201,RS,23,2022-04-13T16:30:00.000Z,TEL,ULK,result,v2_games
2021,298,RS,34,2022-04-08T19:00:00.000Z,RED,IST,result,v2_games
2021,303,RS,34,2022-04-08T19:00:00.000Z,MCO,BER,result,v2_games
2021,302,RS,34,2022-04-08T18:45:00.000Z,MAD,MUN,result,v2_games
2021,304,RS,34,2022-04-08T17:00:00.000Z,DYR,ZAL,cancelled,v2_games
2021,305,RS,34,2022-04-08T17:00:00.000Z,ULK,PAN,result,v2_games
2021,301,RS,34,2022-04-07T19:00:00.000Z,ASV,MIL,result,v2_games
2021,300,RS,34,2022-04-07T18:00:00.000Z,OLY,UNK,cancelled,v2_games
2021,306,RS,34,2022-04-07T18:00:00.000Z,BAR,TEL,result,v2_games
2021,299,RS,34,2022-04-07T17:00:00.000Z,CSK,BAS,cancelled,v2_games
2021,164,RS,19,2022-04-06T18:00:00.000Z,BER,PAN,result,v2_games
2021,168,RS,19,2022-04-06T17:30:00.000Z,IST,MUN,result,v2_games
2021,232,RS,26,2022-04-04T17:45:00.000Z,ULK,MUN,result,v2_games
2021,181,RS,21,2022-04-03T16:00:00.000Z,ZAL,RED,result,v2_games
2021,297,RS,33,2022-04-01T18:30:00.000Z,BAS,ZAL,result,v2_games
2021,293,RS,33,2022-04-01T18:30:00.000Z,MUN,RED,result,v2_games
2021,296,RS,33,2022-04-01T18:00:00.000Z,OLY,BAR,result,v2_games
2021,295,RS,33,2022-04-01T17:30:00.000Z,IST,BER,result,v2_games
2021,294,RS,33,2022-04-01T17:00:00.000Z,DYR,CSK,cancelled,v2_games
2021,292,RS,33,2022-03-31T18:45:00.000Z,MIL,MCO,result,v2_games
2021,291,RS,33,2022-03-31T18:05:00.000Z,TEL,ASV,result,v2_games
2021,290,RS,33,2022-03-31T18:00:00.000Z,PAN,MAD,result,v2_games
2021,289,RS,33,2022-03-31T16:00:00.000Z,UNK,ULK,cancelled,v2_games
2021,268,RS,30,2022-03-29T18:30:00.000Z,MIL,MUN,result,v2_games
2021,171,RS,19,2022-03-29T18:30:00.000Z,MIL,DYR,cancelled,v2_games
2021,187,RS,21,2022-03-29T18:00:00.000Z,ULK,BER,result,v2_games
2021,188,RS,21,2022-03-29T16:00:00.000Z,PAN,TEL,result,v2_games
2021,288,RS,32,2022-03-25T20:00:00.000Z,BAR,ULK,result,v2_games
2021,287,RS,32,2022-03-25T19:00:00.000Z,BER,RED,result,v2_games
2021,286,RS,32,2022-03-25T19:00:00.000Z,ASV,OLY,result,v2_games
2021,285,RS,32,2022-03-25T18:00:00.000Z,MCO,BAS,result,v2_games
2021,284,RS,32,2022-03-25T17:00:00.000Z,CSK,ZAL,cancelled,v2_games
2021,283,RS,32,2022-03-24T19:30:00.000Z,MUN,DYR,cancelled,v2_games
2021,282,RS,32,2022-03-24T19:05:00.000Z,TEL,MAD,result,v2_games
2021,281,RS,32,2022-03-24T17:30:00.000Z,IST,MIL,result,v2_games
2021,280,RS,32,2022-03-24T16:00:00.000Z,UNK,PAN,cancelled,v2_games
2021,278,RS,31,2022-03-23T20:00:00.000Z,MCO,OLY,result,v2_games
2021,279,RS,31,2022-03-23T19:30:00.000Z,BAS,ULK,result,v2_games
2021,276,RS,31,2022-03-23T18:00:00.000Z,RED,CSK,cancelled,v2_games
2021,277,RS,31,2022-03-23T18:00:00.000Z,ZAL,ASV,result,v2_games
2021,275,RS,31,2022-03-22T19:05:00.000Z,TEL,MIL,result,v2_games
2021,274,RS,31,2022-03-22T19:00:00.000Z,PAN,MUN,result,v2_games
2021,273,RS,31,2022-03-22T19:00:00.000Z,BER,BAR,result,v2_games
2021,272,RS,31,2022-03-22T17:30:00.000Z,IST,MAD,result,v2_games
2021,271,RS,31,2022-03-22T17:00:00.000Z,DYR,UNK,cancelled,v2_games
2021,156,RS,18,2022-03-20T19:30:00.000Z,OLY,CSK,cancelled,v2_games
2021,270,RS,30,2022-03-18T20:00:00.000Z,BAR,RED,result,v2_games
2021,269,RS,30,2022-03-18T19:30:00.000Z,BAS,BER,result,v2_games
2021,267,RS,30,2022-03-18T17:45:00.000Z,ULK,DYR,cancelled,v2_games
2021,265,RS,30,2022-03-17T19:45:00.000Z,MAD,ASV,result,v2_games
2021,264,RS,30,2022-03-17T19:00:00.000Z,OLY,PAN,result,v2_games
2021,263,RS,30,2022-03-17T18:00:00.000Z,ZAL,IST,result,v2_games
2021,266,RS,30,2022-03-17T17:00:00.000Z,CSK,MCO,cancelled,v2_games
2021,262,RS,30,2022-03-17T16:00:00.000Z,UNK,TEL,cancelled,v2_games
2021,169,RS,19,2022-03-15T18:00:00.000Z,ZAL,OLY,result,v2_games
2021,261,RS,29,2022-03-11T19:30:00.000Z,MUN,UNK,cancelled,v2_games
2021,260,RS,29,2022-03-11T19:00:00.000Z,MCO,IST,result,v2_games
2021,259,RS,29,2022-03-11T18:00:00.000Z,ZAL,BAR,result,v2_games
2021,258,RS,29,2022-03-11T17:00:00.000Z,DYR,PAN,cancelled,v2_games
2021,257,RS,29,2022-03-10T19:45:00.000Z,MAD,MIL,result,v2_games
2021,255,RS,29,2022-03-10T19:00:00.000Z,ASV,BAS,result,v2_games
2021,256,RS,29,2022-03-10T19:00:00.000Z,BER,OLY,result,v2_games
2021,254,RS,29,2022-03-10T18:00:00.000Z,RED,TEL,result,v2_games
2021,253,RS,29,2022-03-10T17:45:00.000Z,ULK,CSK,cancelled,v2_games
2021,177,RS,20,2022-03-08T20:00:00.000Z,BAS,IST,result,v2_games
2021,182,RS,21,2022-03-08T19:00:00.000Z,OLY,DYR,cancelled,v2_games
2021,174,RS,20,2022-03-08T18:00:00.000Z,RED,MAD,result,v2_games
2021,252,RS,28,2022-03-04T19:45:00.000Z,MUN,OLY,result,v2_games
2021,251,RS,28,2022-03-04T19:00:00.000Z,PAN,MIL,result,v2_games
2021,250,RS,28,2022-03-04T17:00:00.000Z,CSK,MAD,cancelled,v2_games
2021,249,RS,28,2022-03-03T20:00:00.000Z,BAR,MCO,result,v2_games
2021,248,RS,28,2022-03-03T19:05:00.000Z,TEL,DYR,cancelled,v2_games
2021,247,RS,28,2022-03-03T19:00:00.000Z,BER,ZAL,result,v2_games
2021,246,RS,28,2022-03-03T18:00:00.000Z,RED,BAS,result,v2_games
2021,245,RS,28,2022-03-03T17:30:00.000Z,IST,ULK,result,v2_games
2021,244,RS,28,2022-03-03T16:00:00.000Z,UNK,ASV,cancelled,v2_games
2021,165,RS,19,2022-03-01T19:05:00.000Z,TEL,BAS,result,v2_games
2021,161,RS,18,2022-03-01T19:00:00.000Z,PAN,ZAL,result,v2_games
2021,184,RS,21,2022-03-01T18:00:00.000Z,MIL,UNK,cancelled,v2_games
2021,172,RS,20,2022-03-01T17:00:00.000Z,DYR,ASV,cancelled,v2_games
2021,163,RS,19,2022-02-27T20:00:00.000Z,RED,ULK,result,v2_games
2021,167,RS,19,2022-02-27T15:00:00.000Z,CSK,BAR,cancelled,v2_games
2021,242,RS,27,2022-02-25T19:00:00.000Z,PAN,RED,result,v2_games
2021,241,RS,27,2022-02-25T19:00:00.000Z,MCO,ULK,result,v2_games
2021,240,RS,27,2022-02-25T17:00:00.000Z,DYR,BAR,cancelled,v2_games
2021,238,RS,27,2022-02-24T20:00:00.000Z,ASV,BER,result,v2_games
2021,237,RS,27,2022-02-24T19:45:00.000Z,OLY,MIL,result,v2_games
2021,239,RS,27,2022-02-24T19:30:00.000Z,BAS,UNK,cancelled,v2_games
2021,243,RS,27,2022-02-24T18:00:00.000Z,MUN,CSK,cancelled,v2_games
2021,236,RS,27,2022-02-24T18:00:00.000Z,ZAL,MAD,result,v2_games
2021,235,RS,27,2022-02-24T17:30:00.000Z,IST,TEL,result,v2_games
2021,175,RS,20,2022-02-22T19:00:00.000Z,MCO,UNK,result,v2_games
2021,234,RS,26,2022-02-11T19:45:00.000Z,MAD,BAR,result,v2_games
2021,233,RS,26,2022-02-11T19:00:00.000Z,ASV,PAN,result,v2_games
2021,231,RS,26,2022-02-11T16:00:00.000Z,UNK,RED,result,v2_games
2021,230,RS,26,2022-02-10T19:30:00.000Z,MIL,BAS,result,v2_games
2021,229,RS,26,2022-02-10T19:05:00.000Z,TEL,CSK,result,v2_games
2021,228,RS,26,2022-02-10T19:00:00.000Z,OLY,IST,result,v2_games
2021,227,RS,26,2022-02-10T19:00:00.000Z,BER,DYR,result,v2_games
2021,226,RS,26,2022-02-10T19:00:00.000Z,MCO,ZAL,result,v2_games
2021,146,RS,17,2022-02-08T18:00:00.000Z,ZAL,MIL,result,v2_games
2021,154,RS,18,2022-02-08T17:45:00.000Z,ULK,MAD,result,v2_games
2021,225,RS,25,2022-02-04T19:45:00.000Z,MAD,DYR,result,v2_games
2021,224,RS,25,2022-02-04T19:30:00.000Z,BAS,OLY,result,v2_games
2021,223,RS,25,2022-02-04T18:00:00.000Z,ZAL,UNK,result,v2_games
2021,222,RS,25,2022-02-04T17:30:00.000Z,IST,ASV,result,v2_games
2021,221,RS,25,2022-02-04T17:00:00.000Z,CSK,BER,result,v2_games
2021,220,RS,25,2022-02-03T20:00:00.000Z,BAR,PAN,result,v2_games
2021,219,RS,25,2022-02-03T19:30:00.000Z,MUN,TEL,result,v2_games
2021,218,RS,25,2022-02-03T19:30:00.000Z,MIL,ULK,result,v2_games
2021,217,RS,25,2022-02-03T18:00:00.000Z,RED,MCO,result,v2_games
2021,216,RS,24,2022-02-02T19:45:00.000Z,MAD,OLY,result,v2_games
2021,215,RS,24,2022-02-02T19:00:00.000Z,BER,UNK,result,v2_games
2021,214,RS,24,2022-02-02T17:00:00.000Z,CSK,IST,result,v2_games
2021,213,RS,24,2022-02-01T20:00:00.000Z,BAR,MUN,result,v2_games
2021,212,RS,24,2022-02-01T19:30:00.000Z,BAS,DYR,result,v2_games
2021,211,RS,24,2022-02-01T19:00:00.000Z,PAN,MCO,result,v2_games
2021,209,RS,24,2022-02-01T18:00:00.000Z,RED,MIL,result,v2_games
2021,210,RS,24,2022-02-01T18:00:00.000Z,ZAL,TEL,result,v2_games
2021,208,RS,24,2022-02-01T17:45:00.000Z,ULK,ASV,result,v2_games
2021,206,RS,23,2022-01-28T19:30:00.000Z,MIL,ZAL,result,v2_games
2021,207,RS,23,2022-01-28T19:30:00.000Z,MUN,BER,result,v2_games
2021,205,RS,23,2022-01-28T19:00:00.000Z,PAN,BAS,result,v2_games
2021,204,RS,23,2022-01-28T18:00:00.000Z,MCO,MAD,result,v2_games
2021,203,RS,23,2022-01-28T16:00:00.000Z,UNK,CSK,result,v2_games
2021,202,RS,23,2022-01-27T20:00:00.000Z,BAR,ASV,result,v2_games
2021,200,RS,23,2022-01-27T19:00:00.000Z,OLY,RED,result,v2_games
2021,199,RS,23,2022-01-27T17:00:00.000Z,DYR,IST,result,v2_games
2021,160,RS,18,2022-01-25T20:00:00.000Z,ASV,MUN,result,v2_games
2021,166,RS,19,2022-01-25T19:45:00.000Z,MAD,UNK,result,v2_games
2021,180,RS,20,2022-01-25T19:15:00.000Z,TEL,BER,result,v2_games
2021,197,RS,22,2022-01-21T20:00:00.000Z,ASV,RED,result,v2_games
2021,198,RS,22,2022-01-21T19:30:00.000Z,BAS,MUN,result,v2_games
2021,196,RS,22,2022-01-21T17:30:00.000Z,IST,PAN,result,v2_games
2021,195,RS,22,2022-01-21T17:00:00.000Z,CSK,MIL,result,v2_games
2021,194,RS,22,2022-01-20T19:05:00.000Z,TEL,OLY,result,v2_games
2021,193,RS,22,2022-01-20T19:00:00.000Z,BER,MAD,result,v2_games
2021,192,RS,22,2022-01-20T17:45:00.000Z,ULK,ZAL,result,v2_games
2021,191,RS,22,2022-01-20T17:00:00.000Z,DYR,MCO,result,v2_games
2021,190,RS,22,2022-01-20T16:00:00.000Z,UNK,BAR,result,v2_games
2021,157,RS,18,2022-01-18T19:30:00.000Z,MIL,BER,result,v2_games
2021,170,RS,19,2022-01-18T19:00:00.000Z,ASV,MCO,result,v2_games
2021,189,RS,21,2022-01-14T19:45:00.000Z,MAD,BAS,result,v2_games
2021,186,RS,21,2022-01-14T17:00:00.000Z,CSK,ASV,result,v2_games
2021,185,RS,21,2022-01-13T20:00:00.000Z,BAR,IST,result,v2_games
2021,183,RS,21,2022-01-13T19:30:00.000Z,MUN,MCO,result,v2_games
2021,179,RS,20,2022-01-12T19:00:00.000Z,PAN,CSK,result,v2_games
2021,178,RS,20,2022-01-11T20:00:00.000Z,BAR,MIL,result,v2_games
2021,176,RS,20,2022-01-11T19:30:00.000Z,MUN,ZAL,result,v2_games
2021,173,RS,20,2022-01-11T17:45:00.000Z,ULK,OLY,result,v2_games
2021,162,RS,18,2021-12-30T19:30:00.000Z,BAS,BAR,result,v2_games
2021,159,RS,18,2021-12-30T18:00:00.000Z,RED,DYR,result,v2_games
2021,158,RS,18,2021-12-30T16:00:00.000Z,UNK,IST,result,v2_games
2021,155,RS,18,2021-12-29T18:00:00.000Z,MCO,TEL,result,v2_games
2021,150,RS,17,2021-12-23T20:00:00.000Z,ASV,ULK,result,v2_games
2021,153,RS,17,2021-12-23T19:45:00.000Z,MAD,CSK,result,v2_games
2021,151,RS,17,2021-12-23T19:00:00.000Z,PAN,OLY,result,v2_games
2021,152,RS,17,2021-12-23T18:00:00.000Z,MUN,BAS,result,v2_games
2021,149,RS,17,2021-12-23T17:00:00.000Z,DYR,TEL,result,v2_games
2021,148,RS,17,2021-12-22T20:00:00.000Z,BAR,UNK,result,v2_games
2021,147,RS,17,2021-12-22T19:00:00.000Z,BER,MCO,result,v2_games
2021,145,RS,17,2021-12-22T17:30:00.000Z,IST,RED,result,v2_games
2021,141,RS,16,2021-12-17T19:45:00.000Z,RED,MUN,result,v2_games
2021,143,RS,16,2021-12-17T19:00:00.000Z,OLY,ASV,result,v2_games
2021,144,RS,16,2021-12-17T18:00:00.000Z,BER,CSK,result,v2_games
2021,142,RS,16,2021-12-17T18:00:00.000Z,MCO,DYR,result,v2_games
2021,140,RS,16,2021-12-17T16:00:00.000Z,UNK,ZAL,result,v2_games
2021,139,RS,16,2021-12-16T19:30:00.000Z,MIL,MAD,result,v2_games
2021,138,RS,16,2021-12-16T19:05:00.000Z,TEL,IST,result,v2_games
2021,137,RS,16,2021-12-16T19:00:00.000Z,PAN,BAR,result,v2_games
2021,136,RS,16,2021-12-16T17:45:00.000Z,ULK,BAS,result,v2_games
2021,134,RS,15,2021-12-15T20:00:00.000Z,ASV,DYR,result,v2_games
2021,135,RS,15,2021-12-15T19:30:00.000Z,OLY,MUN,result,v2_games
2021,133,RS,15,2021-12-15T18:00:00.000Z,ZAL,MCO,result,v2_games
2021,132,RS,15,2021-12-15T17:00:00.000Z,CSK,UNK,result,v2_games
2021,131,RS,15,2021-12-14T19:45:00.000Z,MAD,BER,result,v2_games
2021,130,RS,15,2021-12-14T19:30:00.000Z,MIL,PAN,result,v2_games
2021,129,RS,15,2021-12-14T18:00:00.000Z,RED,BAR,result,v2_games
2021,128,RS,15,2021-12-14T17:45:00.000Z,ULK,TEL,result,v2_games
2021,127,RS,15,2021-12-14T17:30:00.000Z,IST,BAS,result,v2_games
2021,126,RS,14,2021-12-10T20:00:00.000Z,BAR,MAD,result,v2_games
2021,125,RS,14,2021-12-10T19:00:00.000Z,PAN,BER,result,v2_games
2021,124,RS,14,2021-12-10T19:00:00.000Z,MCO,MIL,result,v2_games
2021,123,RS,14,2021-12-10T18:00:00.000Z,ZAL,CSK,result,v2_games
2021,122,RS,14,2021-12-09T19:30:00.000Z,BAS,ASV,result,v2_games
2021,120,RS,14,2021-12-09T19:05:00.000Z,TEL,UNK,result,v2_games
2021,121,RS,14,2021-12-09T18:45:00.000Z,MUN,IST,result,v2_games
2021,119,RS,14,2021-12-09T18:00:00.000Z,RED,OLY,result,v2_games
2021,118,RS,14,2021-12-09T17:00:00.000Z,DYR,ULK,result,v2_games
2021,117,RS,13,2021-12-03T19:00:00.000Z,BER,MIL,result,v2_games
2021,115,RS,13,2021-12-03T18:00:00.000Z,DYR,RED,result,v2_games
2021,116,RS,13,2021-12-03T17:30:00.000Z,IST,BAR,result,v2_games
2021,114,RS,13,2021-12-03T16:00:00.000Z,UNK,OLY,result,v2_games
2021,113,RS,13,2021-12-02T19:45:00.000Z,MAD,TEL,result,v2_games
2021,112,RS,13,2021-12-02T18:30:00.000Z,MUN,ASV,result,v2_games
2021,111,RS,13,2021-12-02T18:00:00.000Z,ZAL,BAS,result,v2_games
2021,110,RS,13,2021-12-02T17:45:00.000Z,ULK,MCO,result,v2_games
2021,109,RS,13,2021-12-02T17:00:00.000Z,CSK,PAN,result,v2_games
2021,108,RS,12,2021-11-26T20:00:00.000Z,BAR,ZAL,result,v2_games
2021,107,RS,12,2021-11-26T19:30:00.000Z,MIL,OLY,result,v2_games
2021,106,RS,12,2021-11-26T19:00:00.000Z,MCO,ASV,result,v2_games
2021,105,RS,12,2021-11-26T18:00:00.000Z,RED,UNK,result,v2_games
2021,103,RS,12,2021-11-25T19:30:00.000Z,BER,TEL,result,v2_games
2021,104,RS,12,2021-11-25T19:30:00.000Z,BAS,MAD,result,v2_games
2021,102,RS,12,2021-11-25T19:30:00.000Z,PAN,DYR,result,v2_games
2021,101,RS,12,2021-11-25T17:45:00.000Z,ULK,IST,result,v2_games
2021,100,RS,12,2021-11-25T17:00:00.000Z,CSK,MUN,result,v2_games
2021,98,RS,11,2021-11-19T20:00:00.000Z,ASV,BAR,result,v2_games
2021,99,RS,11,2021-11-19T19:30:00.000Z,BAS,CSK,result,v2_games
2021,97,RS,11,2021-11-19T19:00:00.000Z,OLY,TEL,result,v2_games
2021,96,RS,11,2021-11-19T18:45:00.000Z,ZAL,ULK,result,v2_games
2021,94,RS,11,2021-11-19T17:45:00.000Z,DYR,MIL,result,v2_games
2021,95,RS,11,2021-11-19T17:15:00.000Z,IST,MCO,result,v2_games
2021,93,RS,11,2021-11-19T16:00:00.000Z,UNK,BER,result,v2_games
2021,92,RS,11,2021-11-18T19:45:00.000Z,MAD,RED,result,v2_games
2021,91,RS,11,2021-11-18T19:30:00.000Z,MUN,PAN,result,v2_games
2021,90,RS,10,2021-11-17T20:00:00.000Z,BAR,CSK,result,v2_games
2021,89,RS,10,2021-11-17T19:05:00.000Z,TEL,MCO,result,v2_games
2021,88,RS,10,2021-11-17T17:30:00.000Z,IST,OLY,result,v2_games
2021,86,RS,10,2021-11-17T17:00:00.000Z,UNK,MIL,result,v2_games
2021,87,RS,10,2021-11-17T16:00:00.000Z,DYR,BER,result,v2_games
2021,85,RS,10,2021-11-16T19:30:00.000Z,BAS,RED,result,v2_games
2021,84,RS,10,2021-11-16T19:30:00.000Z,MUN,ULK,result,v2_games
2021,83,RS,10,2021-11-16T19:00:00.000Z,ASV,MAD,result,v2_games
2021,82,RS,10,2021-11-16T18:00:00.000Z,ZAL,PAN,result,v2_games
2021,81,RS,9,2021-11-12T19:45:00.000Z,MAD,ZAL,result,v2_games
2021,80,RS,9,2021-11-12T19:00:00.000Z,MCO,MUN,result,v2_games
2021,79,RS,9,2021-11-12T17:45:00.000Z,ULK,MIL,result,v2_games
2021,78,RS,9,2021-11-12T17:00:00.000Z,DYR,OLY,result,v2_games
2021,77,RS,9,2021-11-11T20:00:00.000Z,BAR,BAS,result,v2_games
2021,75,RS,9,2021-11-11T19:00:00.000Z,BER,IST,result,v2_games
2021,76,RS,9,2021-11-11T19:00:00.000Z,PAN,UNK,result,v2_games
2021,74,RS,9,2021-11-11T18:00:00.000Z,RED,ASV,result,v2_games
2021,73,RS,9,2021-11-11T17:00:00.000Z,CSK,TEL,result,v2_games
2021,72,RS,8,2021-11-05T19:45:00.000Z,MUN,MAD,result,v2_games
2021,71,RS,8,2021-11-05T19:30:00.000Z,BAS,TEL,result,v2_games
2021,70,RS,8,2021-11-05T19:00:00.000Z,OLY,MCO,result,v2_games
2021,69,RS,8,2021-11-05T18:00:00.000Z,ZAL,BER,result,v2_games
2021,68,RS,8,2021-11-05T17:30:00.000Z,IST,DYR,result,v2_games
2021,66,RS,8,2021-11-04T20:00:00.000Z,ASV,UNK,result,v2_games
2021,67,RS,8,2021-11-04T19:30:00.000Z,MIL,BAR,result,v2_games
2021,65,RS,8,2021-11-04T17:00:00.000Z,RED,PAN,result,v2_games
2021,64,RS,8,2021-11-04T17:00:00.000Z,CSK,ULK,result,v2_games
2021,63,RS,7,2021-10-29T18:00:00.000Z,PAN,ASV,result,v2_games
2021,61,RS,7,2021-10-29T18:00:00.000Z,MCO,CSK,result,v2_games
2021,62,RS,7,2021-10-29T17:30:00.000Z,IST,ZAL,result,v2_games
2021,60,RS,7,2021-10-29T17:00:00.000Z,DYR,BAS,result,v2_games
2021,59,RS,7,2021-10-29T16:00:00.000Z,UNK,MAD,result,v2_games
2021,58,RS,7,2021-10-28T18:30:00.000Z,MIL,RED,result,v2_games
2021,57,RS,7,2021-10-28T18:05:00.000Z,TEL,BAR,result,v2_games
2021,56,RS,7,2021-10-28T18:00:00.000Z,OLY,ULK,result,v2_games
2021,55,RS,7,2021-10-28T18:00:00.000Z,BER,MUN,result,v2_games
2021,53,RS,6,2021-10-27T18:00:00.000Z,ASV,CSK,result,v2_games
2021,54,RS,6,2021-10-27T18:00:00.000Z,PAN,IST,result,v2_games
2021,52,RS,6,2021-10-27T17:00:00.000Z,DYR,MAD,result,v2_games
2021,51,RS,6,2021-10-27T16:00:00.000Z,UNK,BAS,result,v2_games
2021,50,RS,6,2021-10-26T18:45:00.000Z,MUN,MIL,result,v2_games
2021,49,RS,6,2021-10-26T18:05:00.000Z,TEL,ZAL,result,v2_games
2021,48,RS,6,2021-10-26T18:00:00.000Z,OLY,BER,result,v2_games
2021,47,RS,6,2021-10-26T17:45:00.000Z,ULK,BAR,result,v2_games
2021,46,RS,6,2021-10-26T17:00:00.000Z,MCO,RED,result,v2_games
2021,45,RS,5,2021-10-22T19:00:00.000Z,BAR,DYR,result,v2_games
2021,44,RS,5,2021-10-22T18:30:00.000Z,BAS,MCO,result,v2_games
2021,43,RS,5,2021-10-22T17:00:00.000Z,CSK,OLY,result,v2_games
2021,42,RS,5,2021-10-22T17:00:00.000Z,RED,BER,result,v2_games
2021,41,RS,5,2021-10-21T19:00:00.000Z,MAD,ULK,result,v2_games
2021,40,RS,5,2021-10-21T18:30:00.000Z,MIL,ASV,result,v2_games
2021,39,RS,5,2021-10-21T18:05:00.000Z,TEL,PAN,result,v2_games
2021,37,RS,5,2021-10-21T17:00:00.000Z,IST,UNK,result,v2_games
2021,38,RS,5,2021-10-21T17:00:00.000Z,ZAL,MUN,result,v2_games
2021,36,RS,4,2021-10-15T19:00:00.000Z,MAD,PAN,result,v2_games
2021,35,RS,4,2021-10-15T18:30:00.000Z,MIL,IST,result,v2_games
2021,34,RS,4,2021-10-15T18:00:00.000Z,OLY,ZAL,result,v2_games
2021,32,RS,4,2021-10-15T17:00:00.000Z,CSK,RED,result,v2_games
2021,33,RS,4,2021-10-15T17:00:00.000Z,MCO,BAR,result,v2_games
2021,31,RS,4,2021-10-14T18:00:00.000Z,ASV,TEL,result,v2_games
2021,30,RS,4,2021-10-14T18:00:00.000Z,BER,BAS,result,v2_games
2021,29,RS,4,2021-10-14T17:45:00.000Z,ULK,UNK,result,v2_games
2021,28,RS,4,2021-10-14T17:00:00.000Z,DYR,MUN,result,v2_games
2021,27,RS,3,2021-10-13T19:00:00.000Z,BAR,OLY,result,v2_games
2021,26,RS,3,2021-10-13T18:45:00.000Z,MAD,MCO,result,v2_games
2021,25,RS,3,2021-10-13T17:00:00.000Z,RED,ZAL,result,v2_games
2021,24,RS,3,2021-10-12T18:30:00.000Z,BAS,PAN,result,v2_games
2021,23,RS,3,2021-10-12T18:30:00.000Z,MIL,TEL,result,v2_games
2021,22,RS,3,2021-10-12T18:00:00.000Z,ASV,IST,result,v2_games
2021,21,RS,3,2021-10-12T18:00:00.000Z,BER,ULK,result,v2_games
2021,20,RS,3,2021-10-12T17:00:00.000Z,CSK,DYR,result,v2_games
2021,19,RS,3,2021-10-12T16:00:00.000Z,UNK,MUN,result,v2_games
2021,18,RS,2,2021-10-08T18:30:00.000Z,BAS,MIL,result,v2_games
2021,17,RS,2,2021-10-08T18:00:00.000Z,OLY,MAD,result,v2_games
2021,16,RS,2,2021-10-08T18:00:00.000Z,BER,ASV,result,v2_games
2021,15,RS,2,2021-10-08T17:30:00.000Z,IST,CSK,result,v2_games
2021,14,RS,2,2021-10-08T16:00:00.000Z,UNK,MCO,result,v2_games
2021,13,RS,2,2021-10-07T18:30:00.000Z,MUN,BAR,result,v2_games
2021,12,RS,2,2021-10-07T18:05:00.000Z,TEL,RED,result,v2_games
2021,11,RS,2,2021-10-07T18:00:00.000Z,PAN,ULK,result,v2_games
2021,10,RS,2,2021-10-07T17:00:00.000Z,ZAL,DYR,result,v2_games
2021,9,RS,1,2021-10-01T19:00:00.000Z,BAR,BER,result,v2_games
2021,7,RS,1,2021-10-01T18:00:00.000Z,ASV,ZAL,result,v2_games
2021,8,RS,1,2021-10-01T18:00:00.000Z,OLY,BAS,result,v2_games
2021,6,RS,1,2021-10-01T17:45:00.000Z,ULK,RED,result,v2_games
2021,5,RS,1,2021-10-01T16:00:00.000Z,UNK,DYR,result,v2_games
2021,4,RS,1,2021-09-30T18:45:00.000Z,MAD,IST,result,v2_games
2021,3,RS,1,2021-09-30T18:30:00.000Z,MIL,CSK,result,v2_games
2021,2,RS,1,2021-09-30T18:05:00.000Z,TEL,MUN,result,v2_games
2021,1,RS,1,2021-09-30T17:00:00.000Z,MCO,PAN,result,v2_games
2022,330,FF,41,2023-05-21T17:00:00.000Z,OLY,MAD,result,v2_games
2022,329,FF,41,2023-05-21T14:00:00.000Z,MCO,BAR,result,v2_games
2022,328,FF,40,2023-05-19T18:00:00.000Z,BAR,MAD,result,v2_games
2022,327,FF,40,2023-05-19T15:00:00.000Z,OLY,MCO,result,v2_games
2022,325,PO,39,2023-05-10T19:00:00.000Z,MAD,PAR,result,v2_games
2022,324,PO,39,2023-05-10T18:00:00.000Z,MCO,TEL,result,v2_games
2022,323,PO,39,2023-05-09T18:30:00.000Z,OLY,ULK,result,v2_games
2022,319,PO,38,2023-05-05T17:45:00.000Z,ULK,OLY,result,v2_games
2022,321,PO,38,2023-05-04T18:30:00.000Z,PAR,MAD,result,v2_games
2022,320,PO,38,2023-05-04T18:05:00.000Z,TEL,MCO,result,v2_games
2022,315,PO,37,2023-05-03T17:45:00.000Z,ULK,OLY,result,v2_games
2022,318,PO,37,2023-05-03T17:00:00.000Z,ZAL,BAR,result,v2_games
2022,317,PO,37,2023-05-02T18:30:00.000Z,PAR,MAD,result,v2_games
2022,316,PO,37,2023-05-02T18:05:00.000Z,TEL,MCO,result,v2_games
2022,311,PO,36,2023-04-28T18:30:00.000Z,OLY,ULK,result,v2_games
2022,314,PO,36,2023-04-28T18:00:00.000Z,BAR,ZAL,result,v2_games
2022,313,PO,36,2023-04-27T18:45:00.000Z,MAD,PAR,result,v2_games
2022,312,PO,36,2023-04-27T18:15:00.000Z,MCO,TEL,result,v2_games
2022,307,PO,35,2023-04-26T18:45:00.000Z,OLY,ULK,result,v2_games
2022,310,PO,35,2023-04-26T18:00:00.000Z,BAR,ZAL,result,v2_games
2022,309,PO,35,2023-04-25T18:45:00.000Z,MAD,PAR,result,v2_games
2022,308,PO,35,2023-04-25T18:15:00.000Z,MCO,TEL,result,v2_games
2022,306,RS,34,2023-04-14T18:30:00.000Z,MUN,ZAL,result,v2_games
2022,304,RS,34,2023-04-14T18:30:00.000Z,BAR,PAM,result,v2_games
2022,305,RS,34,2023-04-14T18:30:00.000Z,PAR,PAN,result,v2_games
2022,303,RS,34,2023-04-14T17:30:00.000Z,IST,MCO,result,v2_games
2022,302,RS,34,2023-04-13T18:45:00.000Z,VIR,MIL,result,v2_games
2022,301,RS,34,2023-04-13T18:05:00.000Z,TEL,MAD,result,v2_games
2022,300,RS,34,2023-04-13T18:00:00.000Z,OLY,BAS,result,v2_games
2022,298,RS,34,2023-04-13T17:00:00.000Z,RED,ULK,result,v2_games
2022,299,RS,34,2023-04-13T17:00:00.000Z,BER,ASV,result,v2_games
2022,294,RS,33,2023-04-07T19:00:00.000Z,MCO,PAR,result,v2_games
2022,297,RS,33,2023-04-07T18:30:00.000Z,MIL,BAR,result,v2_games
2022,296,RS,33,2023-04-07T18:00:00.000Z,PAN,BER,result,v2_games
2022,291,RS,33,2023-04-06T19:00:00.000Z,BAS,ASV,result,v2_games
2022,293,RS,33,2023-04-06T18:45:00.000Z,MAD,MUN,result,v2_games
2022,292,RS,33,2023-04-06T18:30:00.000Z,PAM,VIR,result,v2_games
2022,290,RS,33,2023-04-06T17:45:00.000Z,ULK,IST,result,v2_games
2022,289,RS,33,2023-04-06T17:00:00.000Z,RED,OLY,result,v2_games
2022,295,RS,33,2023-04-06T17:00:00.000Z,ZAL,TEL,result,v2_games
2022,284,RS,32,2023-03-31T19:00:00.000Z,ASV,RED,result,v2_games
2022,285,RS,32,2023-03-31T18:30:00.000Z,OLY,PAN,result,v2_games
2022,288,RS,32,2023-03-31T18:30:00.000Z,PAR,MAD,result,v2_games
2022,286,RS,32,2023-03-31T18:30:00.000Z,BAS,ULK,result,v2_games
2022,287,RS,32,2023-03-31T17:00:00.000Z,MUN,MCO,result,v2_games
2022,283,RS,32,2023-03-31T17:00:00.000Z,ZAL,PAM,result,v2_games
2022,282,RS,32,2023-03-30T18:30:00.000Z,BAR,BER,result,v2_games
2022,281,RS,32,2023-03-30T18:05:00.000Z,TEL,MIL,result,v2_games
2022,280,RS,32,2023-03-30T17:30:00.000Z,IST,VIR,result,v2_games
2022,279,RS,31,2023-03-29T18:45:00.000Z,MAD,ULK,result,v2_games
2022,278,RS,31,2023-03-29T18:00:00.000Z,OLY,ASV,result,v2_games
2022,276,RS,31,2023-03-29T17:00:00.000Z,RED,PAM,result,v2_games
2022,277,RS,31,2023-03-29T16:00:00.000Z,ZAL,MCO,result,v2_games
2022,275,RS,31,2023-03-28T18:30:00.000Z,BAS,BER,result,v2_games
2022,274,RS,31,2023-03-28T18:30:00.000Z,PAR,BAR,result,v2_games
2022,271,RS,31,2023-03-28T17:30:00.000Z,IST,MIL,result,v2_games
2022,272,RS,31,2023-03-28T17:30:00.000Z,PAN,MUN,result,v2_games
2022,273,RS,31,2023-03-28T16:00:00.000Z,TEL,VIR,result,v2_games
2022,268,RS,30,2023-03-24T20:00:00.000Z,MIL,MUN,result,v2_games
2022,269,RS,30,2023-03-24T19:00:00.000Z,PAR,OLY,result,v2_games
2022,270,RS,30,2023-03-24T18:00:00.000Z,VIR,MAD,result,v2_games
2022,267,RS,30,2023-03-24T18:00:00.000Z,MCO,PAM,result,v2_games
2022,266,RS,30,2023-03-24T17:45:00.000Z,ULK,ZAL,result,v2_games
2022,264,RS,30,2023-03-23T19:00:00.000Z,ASV,TEL,result,v2_games
2022,263,RS,30,2023-03-23T19:00:00.000Z,BER,IST,result,v2_games
2022,265,RS,30,2023-03-23T18:30:00.000Z,PAN,BAR,result,v2_games
2022,262,RS,30,2023-03-23T18:00:00.000Z,RED,BAS,result,v2_games
2022,208,RS,24,2023-03-21T17:15:00.000Z,ULK,MIL,result,v2_games
2022,260,RS,29,2023-03-17T19:30:00.000Z,MUN,BER,result,v2_games
2022,258,RS,29,2023-03-17T19:30:00.000Z,BAR,RED,result,v2_games
2022,259,RS,29,2023-03-16T20:00:00.000Z,ASV,PAN,result,v2_games
2022,257,RS,29,2023-03-16T19:45:00.000Z,MAD,MIL,result,v2_games
2022,261,RS,29,2023-03-16T19:30:00.000Z,PAM,ULK,result,v2_games
2022,256,RS,29,2023-03-16T19:05:00.000Z,TEL,BAS,result,v2_games
2022,255,RS,29,2023-03-16T18:00:00.000Z,ZAL,OLY,result,v2_games
2022,254,RS,29,2023-03-16T18:00:00.000Z,MCO,VIR,result,v2_games
2022,253,RS,29,2023-03-16T17:30:00.000Z,IST,PAR,result,v2_games
2022,213,RS,24,2023-03-14T17:30:00.000Z,IST,MAD,result,v2_games
2022,252,RS,28,2023-03-10T19:30:00.000Z,BAS,MCO,result,v2_games
2022,251,RS,28,2023-03-10T19:00:00.000Z,PAN,RED,result,v2_games
2022,249,RS,28,2023-03-10T17:45:00.000Z,ULK,BAR,result,v2_games
2022,248,RS,28,2023-03-10T17:30:00.000Z,IST,TEL,result,v2_games
2022,247,RS,28,2023-03-09T19:45:00.000Z,MAD,PAM,result,v2_games
2022,246,RS,28,2023-03-09T19:30:00.000Z,MIL,PAR,result,v2_games
2022,245,RS,28,2023-03-09T19:00:00.000Z,OLY,MUN,result,v2_games
2022,244,RS,28,2023-03-09T18:00:00.000Z,ZAL,ASV,result,v2_games
2022,250,RS,28,2023-03-09T17:00:00.000Z,BER,VIR,result,v2_games
2022,241,RS,27,2023-03-08T20:00:00.000Z,MCO,PAN,result,v2_games
2022,242,RS,27,2023-03-08T19:30:00.000Z,RED,IST,result,v2_games
2022,243,RS,27,2023-03-08T17:30:00.000Z,TEL,ULK,result,v2_games
2022,237,RS,27,2023-03-07T20:00:00.000Z,MUN,ASV,result,v2_games
2022,240,RS,27,2023-03-07T19:45:00.000Z,MAD,BAS,result,v2_games
2022,239,RS,27,2023-03-07T19:30:00.000Z,VIR,PAR,result,v2_games
2022,238,RS,27,2023-03-07T19:30:00.000Z,PAM,MIL,result,v2_games
2022,235,RS,27,2023-03-07T19:00:00.000Z,BER,ZAL,result,v2_games
2022,236,RS,27,2023-03-07T19:00:00.000Z,OLY,BAR,result,v2_games
2022,234,RS,26,2023-03-03T19:30:00.000Z,BAS,PAM,result,v2_games
2022,232,RS,26,2023-03-03T19:30:00.000Z,MIL,OLY,result,v2_games
2022,231,RS,26,2023-03-03T19:00:00.000Z,ASV,MAD,result,v2_games
2022,230,RS,26,2023-03-03T17:45:00.000Z,ULK,VIR,result,v2_games
2022,226,RS,26,2023-03-02T20:00:00.000Z,MCO,TEL,result,v2_games
2022,233,RS,26,2023-03-02T20:00:00.000Z,PAR,BER,result,v2_games
2022,228,RS,26,2023-03-02T19:00:00.000Z,PAN,IST,result,v2_games
2022,227,RS,26,2023-03-02T18:00:00.000Z,BAR,ZAL,result,v2_games
2022,229,RS,26,2023-03-02T18:00:00.000Z,MUN,RED,result,v2_games
2022,225,RS,25,2023-02-24T19:45:00.000Z,BAR,MCO,result,v2_games
2022,224,RS,25,2023-02-24T19:30:00.000Z,VIR,BAS,result,v2_games
2022,223,RS,25,2023-02-24T19:30:00.000Z,PAM,OLY,result,v2_games
2022,222,RS,25,2023-02-24T19:00:00.000Z,ASV,IST,result,v2_games
2022,221,RS,25,2023-02-24T18:00:00.000Z,RED,BER,result,v2_games
2022,219,RS,25,2023-02-23T20:00:00.000Z,PAR,ULK,result,v2_games
2022,220,RS,25,2023-02-23T19:45:00.000Z,MAD,ZAL,result,v2_games
2022,218,RS,25,2023-02-23T19:30:00.000Z,MIL,PAN,result,v2_games
2022,217,RS,25,2023-02-23T19:05:00.000Z,TEL,MUN,result,v2_games
2022,216,RS,24,2023-02-10T19:00:00.000Z,PAN,PAM,result,v2_games
2022,214,RS,24,2023-02-10T18:00:00.000Z,MCO,ASV,result,v2_games
2022,215,RS,24,2023-02-10T18:00:00.000Z,ZAL,BAS,result,v2_games
2022,212,RS,24,2023-02-09T19:30:00.000Z,VIR,BAR,result,v2_games
2022,211,RS,24,2023-02-09T19:30:00.000Z,MUN,PAR,result,v2_games
2022,210,RS,24,2023-02-09T19:05:00.000Z,TEL,RED,result,v2_games
2022,209,RS,24,2023-02-08T19:00:00.000Z,BER,OLY,result,v2_games
2022,206,RS,23,2023-02-03T20:00:00.000Z,ASV,VIR,result,v2_games
2022,207,RS,23,2023-02-03T19:30:00.000Z,BAS,PAN,result,v2_games
2022,205,RS,23,2023-02-03T19:00:00.000Z,OLY,IST,result,v2_games
2022,204,RS,23,2023-02-03T18:00:00.000Z,ZAL,PAR,result,v2_games
2022,203,RS,23,2023-02-03T18:00:00.000Z,MCO,MAD,result,v2_games
2022,202,RS,23,2023-02-03T17:45:00.000Z,ULK,BER,result,v2_games
2022,200,RS,23,2023-02-02T19:30:00.000Z,MIL,RED,result,v2_games
2022,199,RS,23,2023-02-02T19:30:00.000Z,BAR,MUN,result,v2_games
2022,201,RS,23,2023-02-02T19:30:00.000Z,PAM,TEL,result,v2_games
2022,198,RS,22,2023-02-01T19:45:00.000Z,MAD,PAN,result,v2_games
2022,197,RS,22,2023-02-01T19:00:00.000Z,BER,MCO,result,v2_games
2022,196,RS,22,2023-02-01T17:30:00.000Z,IST,ZAL,result,v2_games
2022,195,RS,22,2023-01-31T20:00:00.000Z,VIR,RED,result,v2_games
2022,194,RS,22,2023-01-31T19:30:00.000Z,PAM,MUN,result,v2_games
2022,193,RS,22,2023-01-31T19:30:00.000Z,PAR,ASV,result,v2_games
2022,191,RS,22,2023-01-31T19:30:00.000Z,BAR,TEL,result,v2_games
2022,192,RS,22,2023-01-31T18:00:00.000Z,MIL,BAS,result,v2_games
2022,190,RS,22,2023-01-31T17:45:00.000Z,ULK,OLY,result,v2_games
2022,189,RS,21,2023-01-27T19:45:00.000Z,MUN,VIR,result,v2_games
2022,188,RS,21,2023-01-27T19:30:00.000Z,BAS,IST,result,v2_games
2022,187,RS,21,2023-01-27T19:30:00.000Z,OLY,TEL,result,v2_games
2022,186,RS,21,2023-01-27T18:00:00.000Z,RED,PAR,result,v2_games
2022,185,RS,21,2023-01-26T20:00:00.000Z,MCO,MIL,result,v2_games
2022,183,RS,21,2023-01-26T20:00:00.000Z,PAN,ZAL,result,v2_games
2022,182,RS,21,2023-01-26T20:00:00.000Z,ASV,ULK,result,v2_games
2022,181,RS,21,2023-01-26T19:00:00.000Z,BER,PAM,result,v2_games
2022,184,RS,21,2023-01-26T18:00:00.000Z,MAD,BAR,result,v2_games
2022,180,RS,20,2023-01-20T19:30:00.000Z,MIL,ASV,result,v2_games
2022,179,RS,20,2023-01-20T19:00:00.000Z,OLY,MAD,result,v2_games
2022,178,RS,20,2023-01-20T18:00:00.000Z,ZAL,RED,result,v2_games
2022,177,RS,20,2023-01-20T17:30:00.000Z,IST,MUN,result,v2_games
2022,176,RS,20,2023-01-19T19:45:00.000Z,PAM,PAR,result,v2_games
2022,175,RS,20,2023-01-19T19:30:00.000Z,VIR,PAN,result,v2_games
2022,174,RS,20,2023-01-19T19:30:00.000Z,BAS,BAR,result,v2_games
2022,173,RS,20,2023-01-19T19:05:00.000Z,TEL,BER,result,v2_games
2022,172,RS,20,2023-01-19T17:45:00.000Z,ULK,MCO,result,v2_games
2022,171,RS,19,2023-01-13T19:30:00.000Z,PAR,BAS,result,v2_games
2022,168,RS,19,2023-01-13T19:30:00.000Z,BAR,IST,result,v2_games
2022,167,RS,19,2023-01-13T19:30:00.000Z,MIL,ZAL,result,v2_games
2022,170,RS,19,2023-01-13T19:00:00.000Z,PAN,TEL,result,v2_games
2022,169,RS,19,2023-01-13T19:00:00.000Z,ASV,PAM,result,v2_games
2022,166,RS,19,2023-01-12T19:30:00.000Z,VIR,OLY,result,v2_games
2022,165,RS,19,2023-01-12T19:00:00.000Z,BER,MAD,result,v2_games
2022,164,RS,19,2023-01-12T18:00:00.000Z,RED,MCO,result,v2_games
2022,163,RS,19,2023-01-12T17:45:00.000Z,ULK,MUN,result,v2_games
2022,162,RS,18,2023-01-11T19:30:00.000Z,PAM,IST,result,v2_games
2022,161,RS,18,2023-01-11T19:05:00.000Z,TEL,PAR,result,v2_games
2022,160,RS,18,2023-01-11T19:00:00.000Z,ASV,BAR,result,v2_games
2022,157,RS,18,2023-01-10T19:30:00.000Z,PAN,ULK,result,v2_games
2022,159,RS,18,2023-01-10T19:30:00.000Z,VIR,ZAL,result,v2_games
2022,158,RS,18,2023-01-10T19:30:00.000Z,MUN,BAS,result,v2_games
2022,156,RS,18,2023-01-10T19:00:00.000Z,BER,MIL,result,v2_games
2022,155,RS,18,2023-01-10T18:00:00.000Z,RED,MAD,result,v2_games
2022,154,RS,18,2023-01-10T18:00:00.000Z,MCO,OLY,result,v2_games
2022,153,RS,17,2023-01-06T19:45:00.000Z,MAD,TEL,result,v2_games
2022,152,RS,17,2023-01-06T19:30:00.000Z,PAM,RED,result,v2_games
2022,151,RS,17,2023-01-06T19:00:00.000Z,OLY,MIL,result,v2_games
2022,150,RS,17,2023-01-06T17:30:00.000Z,IST,ASV,result,v2_games
2022,149,RS,17,2023-01-05T20:00:00.000Z,PAR,MCO,result,v2_games
2022,148,RS,17,2023-01-05T19:30:00.000Z,MUN,PAN,result,v2_games
2022,147,RS,17,2023-01-05T19:30:00.000Z,BAR,VIR,result,v2_games
2022,146,RS,17,2023-01-05T18:00:00.000Z,BER,BAS,result,v2_games
2022,145,RS,17,2023-01-05T18:00:00.000Z,ZAL,ULK,result,v2_games
2022,144,RS,16,2022-12-30T19:30:00.000Z,VIR,ULK,result,v2_games
2022,143,RS,16,2022-12-30T19:00:00.000Z,PAN,OLY,result,v2_games
2022,142,RS,16,2022-12-30T19:00:00.000Z,ASV,BER,result,v2_games
2022,141,RS,16,2022-12-30T18:00:00.000Z,RED,BAR,result,v2_games
2022,136,RS,16,2022-12-29T20:00:00.000Z,MCO,ZAL,result,v2_games
2022,139,RS,16,2022-12-29T19:30:00.000Z,PAR,MUN,result,v2_games
2022,138,RS,16,2022-12-29T19:30:00.000Z,MIL,PAM,result,v2_games
2022,137,RS,16,2022-12-29T19:05:00.000Z,TEL,IST,result,v2_games
2022,140,RS,16,2022-12-29T18:00:00.000Z,BAS,MAD,result,v2_games
2022,135,RS,15,2022-12-23T19:30:00.000Z,MIL,MCO,result,v2_games
2022,134,RS,15,2022-12-23T19:30:00.000Z,PAM,BAR,result,v2_games
2022,133,RS,15,2022-12-23T18:00:00.000Z,ZAL,MUN,result,v2_games
2022,132,RS,15,2022-12-23T17:30:00.000Z,IST,PAN,result,v2_games
2022,131,RS,15,2022-12-22T20:00:00.000Z,MAD,ASV,result,v2_games
2022,130,RS,15,2022-12-22T19:30:00.000Z,BAS,VIR,result,v2_games
2022,129,RS,15,2022-12-22T19:00:00.000Z,OLY,RED,result,v2_games
2022,128,RS,15,2022-12-22T19:00:00.000Z,BER,TEL,result,v2_games
2022,127,RS,15,2022-12-22T17:45:00.000Z,ULK,PAR,result,v2_games
2022,123,RS,14,2022-12-16T20:00:00.000Z,MCO,BER,result,v2_games
2022,126,RS,14,2022-12-16T19:30:00.000Z,VIR,TEL,result,v2_games
2022,125,RS,14,2022-12-16T19:30:00.000Z,PAR,IST,result,v2_games
2022,124,RS,14,2022-12-16T19:30:00.000Z,BAR,PAN,result,v2_games
2022,122,RS,14,2022-12-16T17:45:00.000Z,ULK,BAS,result,v2_games
2022,120,RS,14,2022-12-15T20:00:00.000Z,ASV,OLY,result,v2_games
2022,121,RS,14,2022-12-15T19:30:00.000Z,MUN,PAM,result,v2_games
2022,118,RS,14,2022-12-15T18:00:00.000Z,RED,MIL,result,v2_games
2022,119,RS,14,2022-12-15T18:00:00.000Z,ZAL,MAD,result,v2_games
2022,117,RS,13,2022-12-14T19:30:00.000Z,VIR,BER,result,v2_games
2022,116,RS,13,2022-12-14T18:00:00.000Z,MCO,BAR,result,v2_games
2022,115,RS,13,2022-12-14T17:30:00.000Z,IST,BAS,result,v2_games
2022,114,RS,13,2022-12-13T19:45:00.000Z,PAM,PAN,result,v2_games
2022,112,RS,13,2022-12-13T19:30:00.000Z,MIL,TEL,result,v2_games
2022,113,RS,13,2022-12-13T19:30:00.000Z,MUN,MAD,result,v2_games
2022,110,RS,13,2022-12-13T19:00:00.000Z,ASV,PAR,result,v2_games
2022,109,RS,13,2022-12-13T18:00:00.000Z,RED,ZAL,result,v2_games
2022,111,RS,13,2022-12-13T18:00:00.000Z,OLY,ULK,result,v2_games
2022,106,RS,12,2022-12-09T19:30:00.000Z,BAR,ASV,result,v2_games
2022,108,RS,12,2022-12-09T19:30:00.000Z,BAS,MUN,result,v2_games
2022,107,RS,12,2022-12-09T19:00:00.000Z,OLY,VIR,result,v2_games
2022,105,RS,12,2022-12-09T18:00:00.000Z,ZAL,IST,result,v2_games
2022,104,RS,12,2022-12-08T20:00:00.000Z,MAD,MCO,result,v2_games
2022,103,RS,12,2022-12-08T19:30:00.000Z,PAR,RED,result,v2_games
2022,102,RS,12,2022-12-08T19:05:00.000Z,TEL,PAM,result,v2_games
2022,101,RS,12,2022-12-08T19:00:00.000Z,PAN,MIL,result,v2_games
2022,100,RS,12,2022-12-08T19:00:00.000Z,BER,ULK,result,v2_games
2022,99,RS,11,2022-12-02T19:30:00.000Z,MUN,TEL,result,v2_games
2022,98,RS,11,2022-12-02T18:00:00.000Z,ZAL,PAN,result,v2_games
2022,96,RS,11,2022-12-02T17:45:00.000Z,ULK,MAD,result,v2_games
2022,97,RS,11,2022-12-02T17:00:00.000Z,RED,VIR,result,v2_games
2022,95,RS,11,2022-12-01T19:45:00.000Z,PAR,PAM,result,v2_games
2022,94,RS,11,2022-12-01T19:30:00.000Z,BAS,MIL,result,v2_games
2022,93,RS,11,2022-12-01T19:00:00.000Z,ASV,MCO,result,v2_games
2022,92,RS,11,2022-12-01T17:30:00.000Z,BER,BAR,result,v2_games
2022,91,RS,11,2022-12-01T17:30:00.000Z,IST,OLY,result,v2_games
2022,90,RS,10,2022-11-25T19:45:00.000Z,PAM,ZAL,result,v2_games
2022,89,RS,10,2022-11-25T19:30:00.000Z,VIR,IST,result,v2_games
2022,87,RS,10,2022-11-25T19:30:00.000Z,BAR,BAS,result,v2_games
2022,88,RS,10,2022-11-25T19:00:00.000Z,PAN,ASV,result,v2_games
2022,86,RS,10,2022-11-25T18:00:00.000Z,MCO,MUN,result,v2_games
2022,85,RS,10,2022-11-24T19:45:00.000Z,MAD,PAR,result,v2_games
2022,84,RS,10,2022-11-24T19:30:00.000Z,MIL,ULK,result,v2_games
2022,83,RS,10,2022-11-24T19:00:00.000Z,OLY,BER,result,v2_games
2022,82,RS,10,2022-11-24T16:30:00.000Z,RED,TEL,result,v2_games
2022,81,RS,9,2022-11-23T19:30:00.000Z,BAS,ZAL,result,v2_games
2022,80,RS,9,2022-11-23T19:00:00.000Z,PAN,VIR,result,v2_games
2022,79,RS,9,2022-11-23T19:00:00.000Z,ASV,MUN,result,v2_games
2022,78,RS,9,2022-11-22T19:45:00.000Z,BAR,PAR,result,v2_games
2022,77,RS,9,2022-11-22T19:30:00.000Z,PAM,MAD,result,v2_games
2022,76,RS,9,2022-11-22T19:30:00.000Z,MIL,IST,result,v2_games
2022,75,RS,9,2022-11-22T19:05:00.000Z,TEL,OLY,result,v2_games
2022,74,RS,9,2022-11-22T19:00:00.000Z,BER,RED,result,v2_games
2022,73,RS,9,2022-11-22T18:00:00.000Z,MCO,ULK,result,v2_games
2022,72,RS,8,2022-11-18T19:30:00.000Z,PAR,TEL,result,v2_games
2022,71,RS,8,2022-11-18T18:00:00.000Z,ZAL,MIL,result,v2_games
2022,70,RS,8,2022-11-18T18:00:00.000Z,MCO,BAS,result,v2_games
2022,69,RS,8,2022-11-18T17:45:00.000Z,ULK,PAN,result,v2_games
2022,68,RS,8,2022-11-17T19:45:00.000Z,MAD,BER,result,v2_games
2022,67,RS,8,2022-11-17T19:30:00.000Z,VIR,PAM,result,v2_games
2022,66,RS,8,2022-11-17T19:30:00.000Z,MUN,OLY,result,v2_games
2022,65,RS,8,2022-11-17T18:00:00.000Z,RED,ASV,result,v2_games
2022,64,RS,8,2022-11-17T17:30:00.000Z,IST,BAR,result,v2_games
2022,63,RS,7,2022-11-11T20:00:00.000Z,PAM,MCO,result,v2_games
2022,61,RS,7,2022-11-11T19:30:00.000Z,PAN,BAS,result,v2_games
2022,57,RS,7,2022-11-10T20:00:00.000Z,ASV,ZAL,result,v2_games
2022,58,RS,7,2022-11-10T19:05:00.000Z,TEL,BAR,result,v2_games
2022,56,RS,7,2022-11-10T19:00:00.000Z,OLY,PAR,result,v2_games
2022,55,RS,7,2022-11-10T19:00:00.000Z,BER,MUN,result,v2_games
2022,59,RS,7,2022-11-10T18:45:00.000Z,MAD,IST,result,v2_games
2022,60,RS,7,2022-11-10T17:00:00.000Z,ULK,RED,result,v2_games
2022,62,RS,7,2022-11-09T19:30:00.000Z,MIL,VIR,result,v2_games
2022,46,RS,6,2022-11-04T20:00:00.000Z,MCO,RED,result,v2_games
2022,54,RS,6,2022-11-04T20:00:00.000Z,VIR,ASV,result,v2_games
2022,51,RS,6,2022-11-04T19:30:00.000Z,BAR,ULK,result,v2_games
2022,52,RS,6,2022-11-04T19:00:00.000Z,OLY,PAM,result,v2_games
2022,50,RS,6,2022-11-04T18:00:00.000Z,ZAL,BER,result,v2_games
2022,49,RS,6,2022-11-03T19:30:00.000Z,MUN,IST,result,v2_games
2022,48,RS,6,2022-11-03T19:30:00.000Z,MIL,MAD,result,v2_games
2022,47,RS,6,2022-11-03T19:30:00.000Z,PAN,PAR,result,v2_games
2022,53,RS,6,2022-11-03T19:15:00.000Z,BAS,TEL,result,v2_games
2022,44,RS,5,2022-10-28T18:30:00.000Z,BAR,MIL,result,v2_games
2022,45,RS,5,2022-10-28T18:00:00.000Z,ASV,BAS,result,v2_games
2022,43,RS,5,2022-10-28T17:30:00.000Z,IST,ULK,result,v2_games
2022,42,RS,5,2022-10-28T17:00:00.000Z,RED,MUN,result,v2_games
2022,41,RS,5,2022-10-27T18:45:00.000Z,MAD,VIR,result,v2_games
2022,38,RS,5,2022-10-27T18:30:00.000Z,PAR,ZAL,result,v2_games
2022,39,RS,5,2022-10-27T18:30:00.000Z,PAM,BER,result,v2_games
2022,37,RS,5,2022-10-27T18:05:00.000Z,TEL,PAN,result,v2_games
2022,40,RS,5,2022-10-27T16:45:00.000Z,OLY,MCO,result,v2_games
2022,35,RS,4,2022-10-21T18:45:00.000Z,MAD,RED,result,v2_games
2022,36,RS,4,2022-10-21T18:30:00.000Z,BAS,OLY,result,v2_games
2022,34,RS,4,2022-10-21T18:00:00.000Z,PAN,MCO,result,v2_games
2022,33,RS,4,2022-10-21T17:30:00.000Z,IST,BER,result,v2_games
2022,32,RS,4,2022-10-20T18:30:00.000Z,PAR,VIR,result,v2_games
2022,31,RS,4,2022-10-20T18:30:00.000Z,MUN,MIL,result,v2_games
2022,30,RS,4,2022-10-20T18:05:00.000Z,TEL,ASV,result,v2_games
2022,29,RS,4,2022-10-20T17:45:00.000Z,ULK,PAM,result,v2_games
2022,28,RS,4,2022-10-20T17:00:00.000Z,ZAL,BAR,result,v2_games
2022,27,RS,3,2022-10-19T18:45:00.000Z,MAD,OLY,result,v2_games
2022,26,RS,3,2022-10-19T18:30:00.000Z,BAS,RED,result,v2_games
2022,25,RS,3,2022-10-19T18:00:00.000Z,BER,PAN,result,v2_games
2022,24,RS,3,2022-10-18T18:45:00.000Z,PAR,MIL,result,v2_games
2022,23,RS,3,2022-10-18T18:30:00.000Z,MUN,BAR,result,v2_games
2022,22,RS,3,2022-10-18T18:05:00.000Z,TEL,MCO,result,v2_games
2022,21,RS,3,2022-10-18T17:45:00.000Z,ULK,ASV,result,v2_games
2022,20,RS,3,2022-10-18T17:00:00.000Z,IST,PAM,result,v2_games
2022,19,RS,3,2022-10-18T17:00:00.000Z,ZAL,VIR,result,v2_games
2022,18,RS,2,2022-10-14T19:00:00.000Z,PAM,ASV,result,v2_games
2022,16,RS,2,2022-10-14T18:30:00.000Z,MIL,BER,result,v2_games
2022,17,RS,2,2022-10-14T18:30:00.000Z,BAS,PAR,result,v2_games
2022,14,RS,2,2022-10-14T18:00:00.000Z,ULK,TEL,result,v2_games
2022,15,RS,2,2022-10-14T18:00:00.000Z,OLY,ZAL,result,v2_games
2022,13,RS,2,2022-10-13T18:30:00.000Z,VIR,MUN,result,v2_games
2022,12,RS,2,2022-10-13T18:30:00.000Z,BAR,MAD,result,v2_games
2022,11,RS,2,2022-10-13T17:00:00.000Z,RED,PAN,result,v2_games
2022,10,RS,2,2022-10-13T17:00:00.000Z,MCO,IST,result,v2_games
2022,9,RS,1,2022-10-07T18:30:00.000Z,VIR,MCO,result,v2_games
2022,8,RS,1,2022-10-07T18:30:00.000Z,BAR,OLY,result,v2_games
2022,7,RS,1,2022-10-07T18:00:00.000Z,BER,PAR,result,v2_games
2022,6,RS,1,2022-10-07T17:30:00.000Z,IST,RED,result,v2_games
2022,4,RS,1,2022-10-06T18:30:00.000Z,MUN,ULK,result,v2_games
2022,5,RS,1,2022-10-06T18:30:00.000Z,PAM,BAS,result,v2_games
2022,3,RS,1,2022-10-06T18:05:00.000Z,TEL,ZAL,result,v2_games
2022,1,RS,1,2022-10-06T18:00:00.000Z,PAN,MAD,result,v2_games
2022,2,RS,1,2022-10-06T18:00:00.000Z,ASV,MIL,result,v2_games
2023,333,FF,43,2024-05-26T18:00:00.000Z,MAD,PAN,result,v2_games
2023,332,FF,43,2024-05-26T15:00:00.000Z,OLY,ULK,result,v2_games
2023,330,FF,42,2024-05-24T19:00:00.000Z,MAD,OLY,result,v2_games
2023,331,FF,42,2024-05-24T16:00:00.000Z,PAN,ULK,result,v2_games
2023,327,PO,41,2024-05-08T19:00:00.000Z,BAR,OLY,result,v2_games
2023,328,PO,41,2024-05-08T17:00:00.000Z,MCO,ULK,result,v2_games
2023,329,PO,41,2024-05-07T18:15:00.000Z,PAN,TEL,result,v2_games
2023,324,PO,40,2024-05-03T17:45:00.000Z,ULK,MCO,result,v2_games
2023,325,PO,40,2024-05-02T18:45:00.000Z,TEL,PAN,result,v2_games
2023,323,PO,40,2024-05-02T16:45:00.000Z,OLY,BAR,result,v2_games
2023,318,PO,39,2024-05-01T18:30:00.000Z,BAS,MAD,result,v2_games
2023,320,PO,39,2024-05-01T17:45:00.000Z,ULK,MCO,result,v2_games
2023,319,PO,39,2024-04-30T18:30:00.000Z,OLY,BAR,result,v2_games
2023,321,PO,39,2024-04-30T17:00:00.000Z,TEL,PAN,result,v2_games
2023,315,PO,38,2024-04-26T19:00:00.000Z,BAR,OLY,result,v2_games
2023,316,PO,38,2024-04-26T17:00:00.000Z,MCO,ULK,result,v2_games
2023,314,PO,38,2024-04-25T19:00:00.000Z,MAD,BAS,result,v2_games
2023,317,PO,38,2024-04-25T18:15:00.000Z,PAN,TEL,result,v2_games
2023,311,PO,37,2024-04-24T19:00:00.000Z,BAR,OLY,result,v2_games
2023,312,PO,37,2024-04-24T17:00:00.000Z,MCO,ULK,result,v2_games
2023,310,PO,37,2024-04-23T19:00:00.000Z,MAD,BAS,result,v2_games
2023,313,PO,37,2024-04-23T17:30:00.000Z,PAN,TEL,result,v2_games
2023,309,PI,36,2024-04-19T18:30:00.000Z,BAS,VIR,result,v2_games
2023,308,PI,35,2024-04-16T18:00:00.000Z,IST,VIR,result,v2_games
2023,307,PI,35,2024-04-16T17:00:00.000Z,TEL,BAS,result,v2_games
2023,304,RS,34,2024-04-12T19:00:00.000Z,ASV,BAR,result,v2_games
2023,303,RS,34,2024-04-12T18:30:00.000Z,VIR,BAS,result,v2_games
2023,306,RS,34,2024-04-12T18:30:00.000Z,PAR,PAM,result,v2_games
2023,305,RS,34,2024-04-12T18:15:00.000Z,OLY,ULK,result,v2_games
2023,301,RS,34,2024-04-11T18:15:00.000Z,PAN,BER,result,v2_games
2023,300,RS,34,2024-04-11T18:05:00.000Z,TEL,MIL,result,v2_games
2023,298,RS,34,2024-04-11T17:30:00.000Z,IST,RED,result,v2_games
2023,299,RS,34,2024-04-11T17:00:00.000Z,MCO,MUN,result,v2_games
2023,302,RS,34,2024-04-11T17:00:00.000Z,ZAL,MAD,result,v2_games
2023,297,RS,33,2024-04-05T18:30:00.000Z,MAD,BAS,result,v2_games
2023,294,RS,33,2024-04-05T18:30:00.000Z,MIL,VIR,result,v2_games
2023,295,RS,33,2024-04-05T18:30:00.000Z,MUN,PAN,result,v2_games
2023,296,RS,33,2024-04-05T17:45:00.000Z,ULK,IST,result,v2_games
2023,293,RS,33,2024-04-04T18:45:00.000Z,PAM,ASV,result,v2_games
2023,289,RS,33,2024-04-04T18:30:00.000Z,BER,PAR,result,v2_games
2023,292,RS,33,2024-04-04T18:30:00.000Z,BAR,TEL,result,v2_games
2023,291,RS,33,2024-04-04T17:00:00.000Z,RED,OLY,result,v2_games
2023,290,RS,33,2024-04-04T17:00:00.000Z,MCO,ZAL,result,v2_games
2023,288,RS,32,2024-03-29T19:30:00.000Z,VIR,PAN,result,v2_games
2023,287,RS,32,2024-03-29T19:30:00.000Z,MAD,RED,result,v2_games
2023,286,RS,32,2024-03-29T17:45:00.000Z,ULK,BER,result,v2_games
2023,281,RS,32,2024-03-28T20:00:00.000Z,ASV,MCO,result,v2_games
2023,280,RS,32,2024-03-28T19:30:00.000Z,MUN,BAR,result,v2_games
2023,284,RS,32,2024-03-28T19:30:00.000Z,PAR,OLY,result,v2_games
2023,282,RS,32,2024-03-28T19:30:00.000Z,BAS,IST,result,v2_games
2023,285,RS,32,2024-03-28T18:00:00.000Z,ZAL,MIL,result,v2_games
2023,283,RS,32,2024-03-27T19:30:00.000Z,TEL,PAM,result,v2_games
2023,276,RS,31,2024-03-22T19:30:00.000Z,MIL,ULK,result,v2_games
2023,278,RS,31,2024-03-22T19:30:00.000Z,MUN,TEL,result,v2_games
2023,279,RS,31,2024-03-22T19:15:00.000Z,PAN,BAR,result,v2_games
2023,275,RS,31,2024-03-22T18:00:00.000Z,MCO,PAM,result,v2_games
2023,277,RS,31,2024-03-22T18:00:00.000Z,RED,VIR,result,v2_games
2023,273,RS,31,2024-03-21T19:30:00.000Z,PAR,MAD,result,v2_games
2023,272,RS,31,2024-03-21T19:15:00.000Z,OLY,ASV,result,v2_games
2023,274,RS,31,2024-03-21T18:00:00.000Z,ZAL,BAS,result,v2_games
2023,271,RS,31,2024-03-21T17:30:00.000Z,IST,BER,result,v2_games
2023,270,RS,30,2024-03-20T19:30:00.000Z,PAM,MUN,result,v2_games
2023,268,RS,30,2024-03-20T19:00:00.000Z,RED,PAN,result,v2_games
2023,267,RS,30,2024-03-20T18:00:00.000Z,MCO,MIL,result,v2_games
2023,269,RS,30,2024-03-20T17:45:00.000Z,ULK,BAR,result,v2_games
2023,265,RS,30,2024-03-19T19:30:00.000Z,PAR,BAS,result,v2_games
2023,264,RS,30,2024-03-19T19:05:00.000Z,TEL,ASV,result,v2_games
2023,262,RS,30,2024-03-19T19:00:00.000Z,BER,MAD,result,v2_games
2023,266,RS,30,2024-03-19T18:00:00.000Z,ZAL,VIR,result,v2_games
2023,263,RS,30,2024-03-19T17:30:00.000Z,IST,OLY,result,v2_games
2023,260,RS,29,2024-03-15T19:30:00.000Z,MUN,ZAL,result,v2_games
2023,259,RS,29,2024-03-15T19:30:00.000Z,VIR,MAD,result,v2_games
2023,261,RS,29,2024-03-15T19:00:00.000Z,ASV,IST,result,v2_games
2023,254,RS,29,2024-03-14T19:30:00.000Z,BAR,PAR,result,v2_games
2023,256,RS,29,2024-03-14T19:30:00.000Z,BAS,MIL,result,v2_games
2023,253,RS,29,2024-03-14T19:00:00.000Z,BER,MCO,result,v2_games
2023,257,RS,29,2024-03-14T18:00:00.000Z,RED,TEL,result,v2_games
2023,258,RS,29,2024-03-14T17:45:00.000Z,ULK,PAM,result,v2_games
2023,255,RS,29,2024-03-14T17:45:00.000Z,OLY,PAN,result,v2_games
2023,252,RS,28,2024-03-08T19:30:00.000Z,BAS,BER,result,v2_games
2023,250,RS,28,2024-03-08T19:30:00.000Z,MIL,PAR,result,v2_games
2023,251,RS,28,2024-03-08T19:15:00.000Z,PAN,ASV,result,v2_games
2023,247,RS,28,2024-03-07T20:00:00.000Z,OLY,VIR,result,v2_games
2023,248,RS,28,2024-03-07T19:45:00.000Z,MAD,ULK,result,v2_games
2023,249,RS,28,2024-03-07T19:30:00.000Z,PAM,BAR,result,v2_games
2023,246,RS,28,2024-03-07T19:05:00.000Z,TEL,ZAL,result,v2_games
2023,245,RS,28,2024-03-07T18:00:00.000Z,MCO,RED,result,v2_games
2023,244,RS,28,2024-03-07T17:30:00.000Z,IST,MUN,result,v2_games
2023,241,RS,27,2024-03-01T19:30:00.000Z,MUN,RED,result,v2_games
2023,240,RS,27,2024-03-01T19:30:00.000Z,BAR,MCO,result,v2_games
2023,243,RS,27,2024-03-01T19:00:00.000Z,ASV,MIL,result,v2_games
2023,239,RS,27,2024-03-01T18:00:00.000Z,ZAL,OLY,result,v2_games
2023,242,RS,27,2024-03-01T17:45:00.000Z,ULK,BAS,result,v2_games
2023,237,RS,27,2024-02-29T19:45:00.000Z,MAD,PAN,result,v2_games
2023,236,RS,27,2024-02-29T19:30:00.000Z,PAR,IST,result,v2_games
2023,238,RS,27,2024-02-29T19:30:00.000Z,VIR,PAM,result,v2_games
2023,235,RS,27,2024-02-29T19:00:00.000Z,BER,TEL,result,v2_games
2023,232,RS,26,2024-02-09T19:30:00.000Z,BAR,BER,result,v2_games
2023,234,RS,26,2024-02-09T19:30:00.000Z,VIR,MCO,result,v2_games
2023,233,RS,26,2024-02-09T19:15:00.000Z,PAN,ULK,result,v2_games
2023,231,RS,26,2024-02-09T19:00:00.000Z,RED,ZAL,result,v2_games
2023,229,RS,26,2024-02-08T19:30:00.000Z,PAR,MUN,result,v2_games
2023,228,RS,26,2024-02-08T19:30:00.000Z,PAM,OLY,result,v2_games
2023,226,RS,26,2024-02-08T19:30:00.000Z,MIL,MAD,result,v2_games
2023,230,RS,26,2024-02-08T19:30:00.000Z,BAS,ASV,result,v2_games
2023,227,RS,26,2024-02-08T17:30:00.000Z,IST,TEL,result,v2_games
2023,222,RS,25,2024-02-02T19:30:00.000Z,MCO,ULK,result,v2_games
2023,224,RS,25,2024-02-02T19:30:00.000Z,VIR,PAR,result,v2_games
2023,223,RS,25,2024-02-02T19:00:00.000Z,RED,BAR,result,v2_games
2023,225,RS,25,2024-02-02T18:00:00.000Z,ZAL,PAN,result,v2_games
2023,221,RS,25,2024-02-02T17:30:00.000Z,IST,MIL,result,v2_games
2023,219,RS,25,2024-02-01T19:45:00.000Z,MAD,ASV,result,v2_games
2023,220,RS,25,2024-02-01T19:30:00.000Z,BAS,TEL,result,v2_games
2023,218,RS,25,2024-02-01T19:30:00.000Z,MUN,OLY,result,v2_games
2023,217,RS,25,2024-02-01T19:00:00.000Z,BER,PAM,result,v2_games
2023,214,RS,24,2024-01-31T19:30:00.000Z,BAR,VIR,result,v2_games
2023,215,RS,24,2024-01-31T19:15:00.000Z,PAN,MIL,result,v2_games
2023,213,RS,24,2024-01-31T18:00:00.000Z,MCO,PAR,result,v2_games
2023,216,RS,24,2024-01-31T18:00:00.000Z,ZAL,IST,result,v2_games
2023,212,RS,24,2024-01-30T19:30:00.000Z,MAD,TEL,result,v2_games
2023,211,RS,24,2024-01-30T19:15:00.000Z,OLY,BER,result,v2_games
2023,209,RS,24,2024-01-30T19:00:00.000Z,MUN,BAS,result,v2_games
2023,210,RS,24,2024-01-30T19:00:00.000Z,ASV,ULK,result,v2_games
2023,208,RS,24,2024-01-30T19:00:00.000Z,RED,PAM,result,v2_games
2023,207,RS,23,2024-01-26T19:30:00.000Z,BAS,PAM,result,v2_games
2023,206,RS,23,2024-01-26T19:30:00.000Z,PAR,ZAL,result,v2_games
2023,205,RS,23,2024-01-26T19:30:00.000Z,MIL,BAR,result,v2_games
2023,204,RS,23,2024-01-26T17:30:00.000Z,IST,MCO,result,v2_games
2023,203,RS,23,2024-01-25T19:45:00.000Z,MAD,OLY,result,v2_games
2023,200,RS,23,2024-01-25T19:30:00.000Z,MUN,ASV,result,v2_games
2023,202,RS,23,2024-01-25T19:05:00.000Z,TEL,PAN,result,v2_games
2023,199,RS,23,2024-01-25T19:00:00.000Z,BER,RED,result,v2_games
2023,201,RS,23,2024-01-25T17:45:00.000Z,ULK,VIR,result,v2_games
2023,197,RS,22,2024-01-19T19:30:00.000Z,PAM,MIL,result,v2_games
2023,196,RS,22,2024-01-19T19:15:00.000Z,PAN,PAR,result,v2_games
2023,195,RS,22,2024-01-19T19:00:00.000Z,MCO,MAD,result,v2_games
2023,198,RS,22,2024-01-19T18:00:00.000Z,ZAL,ULK,result,v2_games
2023,192,RS,22,2024-01-18T19:30:00.000Z,VIR,ASV,result,v2_games
2023,194,RS,22,2024-01-18T19:15:00.000Z,OLY,TEL,result,v2_games
2023,190,RS,22,2024-01-18T19:00:00.000Z,BER,MUN,result,v2_games
2023,191,RS,22,2024-01-18T18:00:00.000Z,RED,BAS,result,v2_games
2023,193,RS,22,2024-01-18T17:30:00.000Z,IST,BAR,result,v2_games
2023,186,RS,21,2024-01-12T20:00:00.000Z,ASV,BER,result,v2_games
2023,189,RS,21,2024-01-12T19:30:00.000Z,PAR,TEL,result,v2_games
2023,188,RS,21,2024-01-12T19:30:00.000Z,BAS,OLY,result,v2_games
2023,187,RS,21,2024-01-12T19:30:00.000Z,BAR,ZAL,result,v2_games
2023,185,RS,21,2024-01-12T17:30:00.000Z,IST,VIR,result,v2_games
2023,184,RS,21,2024-01-11T19:45:00.000Z,MAD,PAM,result,v2_games
2023,183,RS,21,2024-01-11T19:30:00.000Z,MIL,RED,result,v2_games
2023,182,RS,21,2024-01-11T19:15:00.000Z,PAN,MCO,result,v2_games
2023,181,RS,21,2024-01-11T17:45:00.000Z,ULK,MUN,result,v2_games
2023,180,RS,20,2024-01-10T20:00:00.000Z,TEL,VIR,result,v2_games
2023,179,RS,20,2024-01-10T19:30:00.000Z,BAR,OLY,result,v2_games
2023,176,RS,20,2024-01-09T19:30:00.000Z,PAM,ZAL,result,v2_games
2023,177,RS,20,2024-01-09T19:30:00.000Z,MIL,BER,result,v2_games
2023,175,RS,20,2024-01-09T19:30:00.000Z,ASV,RED,result,v2_games
2023,174,RS,20,2024-01-09T19:15:00.000Z,PAN,IST,result,v2_games
2023,178,RS,20,2024-01-09T19:00:00.000Z,MUN,MAD,result,v2_games
2023,173,RS,20,2024-01-09T18:00:00.000Z,MCO,BAS,result,v2_games
2023,172,RS,20,2024-01-09T17:30:00.000Z,ULK,PAR,result,v2_games
2023,170,RS,19,2024-01-05T19:45:00.000Z,MAD,IST,result,v2_games
2023,171,RS,19,2024-01-05T19:30:00.000Z,PAM,PAN,result,v2_games
2023,169,RS,19,2024-01-05T19:30:00.000Z,BAR,BAS,result,v2_games
2023,168,RS,19,2024-01-05T19:30:00.000Z,MIL,MUN,result,v2_games
2023,167,RS,19,2024-01-05T18:00:00.000Z,BER,VIR,result,v2_games
2023,166,RS,19,2024-01-04T19:15:00.000Z,OLY,MCO,result,v2_games
2023,164,RS,19,2024-01-04T19:00:00.000Z,ASV,ZAL,result,v2_games
2023,163,RS,19,2024-01-04T19:00:00.000Z,RED,PAR,result,v2_games
2023,165,RS,19,2024-01-04T17:45:00.000Z,ULK,TEL,result,v2_games
2023,159,RS,18,2024-01-03T20:00:00.000Z,BAR,MAD,result,v2_games
2023,160,RS,18,2024-01-03T19:30:00.000Z,BAS,PAN,result,v2_games
2023,162,RS,18,2024-01-03T19:30:00.000Z,VIR,MUN,result,v2_games
2023,161,RS,18,2024-01-03T18:30:00.000Z,PAM,IST,result,v2_games
2023,157,RS,18,2024-01-02T19:45:00.000Z,PAR,ASV,result,v2_games
2023,156,RS,18,2024-01-02T19:15:00.000Z,OLY,MIL,result,v2_games
2023,155,RS,18,2024-01-02T19:05:00.000Z,TEL,MCO,result,v2_games
2023,158,RS,18,2024-01-02T18:00:00.000Z,ZAL,BER,result,v2_games
2023,154,RS,18,2024-01-02T17:45:00.000Z,ULK,RED,result,v2_games
2023,152,RS,17,2023-12-29T20:00:00.000Z,MCO,BAR,result,v2_games
2023,151,RS,17,2023-12-29T19:00:00.000Z,BER,OLY,result,v2_games
2023,147,RS,17,2023-12-28T19:30:00.000Z,MUN,PAM,result,v2_games
2023,146,RS,17,2023-12-28T19:30:00.000Z,MIL,BAS,result,v2_games
2023,150,RS,17,2023-12-28T19:15:00.000Z,PAN,RED,result,v2_games
2023,148,RS,17,2023-12-28T19:00:00.000Z,ASV,MAD,result,v2_games
2023,149,RS,17,2023-12-28T18:00:00.000Z,ZAL,TEL,result,v2_games
2023,153,RS,17,2023-12-28T17:30:00.000Z,PAR,VIR,result,v2_games
2023,145,RS,17,2023-12-28T17:30:00.000Z,IST,ULK,result,v2_games
2023,141,RS,16,2023-12-22T19:45:00.000Z,MIL,PAN,result,v2_games
2023,142,RS,16,2023-12-22T19:30:00.000Z,MUN,MCO,result,v2_games
2023,139,RS,16,2023-12-22T19:15:00.000Z,BER,ULK,result,v2_games
2023,143,RS,16,2023-12-22T18:45:00.000Z,ASV,OLY,result,v2_games
2023,144,RS,16,2023-12-22T18:00:00.000Z,ZAL,BAR,result,v2_games
2023,140,RS,16,2023-12-22T17:15:00.000Z,IST,BAS,result,v2_games
2023,137,RS,16,2023-12-21T19:45:00.000Z,MAD,PAR,result,v2_games
2023,138,RS,16,2023-12-21T19:30:00.000Z,PAM,VIR,result,v2_games
2023,136,RS,16,2023-12-21T19:05:00.000Z,TEL,RED,result,v2_games
2023,134,RS,15,2023-12-20T19:30:00.000Z,MUN,IST,result,v2_games
2023,133,RS,15,2023-12-20T19:30:00.000Z,MIL,ASV,result,v2_games
2023,132,RS,15,2023-12-20T18:00:00.000Z,MCO,PAN,result,v2_games
2023,135,RS,15,2023-12-20T17:30:00.000Z,ULK,ZAL,result,v2_games
2023,130,RS,15,2023-12-19T20:00:00.000Z,PAM,PAR,result,v2_games
2023,131,RS,15,2023-12-19T19:30:00.000Z,VIR,OLY,result,v2_games
2023,129,RS,15,2023-12-19T19:05:00.000Z,TEL,BAS,result,v2_games
2023,127,RS,15,2023-12-19T19:00:00.000Z,BER,BAR,result,v2_games
2023,128,RS,15,2023-12-19T18:00:00.000Z,RED,MAD,result,v2_games
2023,125,RS,14,2023-12-15T19:30:00.000Z,BAR,MIL,result,v2_games
2023,126,RS,14,2023-12-15T19:15:00.000Z,OLY,PAM,result,v2_games
2023,123,RS,14,2023-12-15T17:45:00.000Z,ULK,MCO,result,v2_games
2023,118,RS,14,2023-12-14T20:00:00.000Z,ASV,PAN,result,v2_games
2023,119,RS,14,2023-12-14T19:45:00.000Z,MAD,MUN,result,v2_games
2023,120,RS,14,2023-12-14T19:30:00.000Z,BAS,VIR,result,v2_games
2023,122,RS,14,2023-12-14T19:05:00.000Z,TEL,IST,result,v2_games
2023,124,RS,14,2023-12-14T18:00:00.000Z,RED,BER,result,v2_games
2023,121,RS,14,2023-12-14T18:00:00.000Z,ZAL,PAR,result,v2_games
2023,114,RS,13,2023-12-08T20:00:00.000Z,ASV,PAM,result,v2_games
2023,116,RS,13,2023-12-08T19:30:00.000Z,VIR,TEL,result,v2_games
2023,113,RS,13,2023-12-08T19:30:00.000Z,BAR,ULK,result,v2_games
2023,115,RS,13,2023-12-08T19:30:00.000Z,BAS,RED,result,v2_games
2023,112,RS,13,2023-12-08T19:15:00.000Z,OLY,MUN,result,v2_games
2023,117,RS,13,2023-12-08T18:00:00.000Z,ZAL,MCO,result,v2_games
2023,111,RS,13,2023-12-07T19:30:00.000Z,PAR,MIL,result,v2_games
2023,110,RS,13,2023-12-07T19:15:00.000Z,PAN,MAD,result,v2_games
2023,109,RS,13,2023-12-07T19:00:00.000Z,BER,IST,result,v2_games
2023,108,RS,12,2023-12-06T19:30:00.000Z,VIR,BAR,result,v2_games
2023,107,RS,12,2023-12-06T19:30:00.000Z,PAM,RED,result,v2_games
2023,106,RS,12,2023-12-06T19:30:00.000Z,BAS,ULK,result,v2_games
2023,105,RS,12,2023-12-06T19:15:00.000Z,ASV,TEL,result,v2_games
2023,102,RS,12,2023-12-05T19:30:00.000Z,MUN,MIL,result,v2_games
2023,104,RS,12,2023-12-05T19:30:00.000Z,PAR,MCO,result,v2_games
2023,103,RS,12,2023-12-05T19:15:00.000Z,OLY,MAD,result,v2_games
2023,100,RS,12,2023-12-05T19:00:00.000Z,BER,ZAL,result,v2_games
2023,101,RS,12,2023-12-05T17:30:00.000Z,IST,PAN,result,v2_games
2023,98,RS,11,2023-12-01T19:30:00.000Z,BAR,ASV,result,v2_games
2023,99,RS,11,2023-12-01T19:30:00.000Z,PAM,BAS,result,v2_games
2023,97,RS,11,2023-12-01T19:00:00.000Z,RED,IST,result,v2_games
2023,95,RS,11,2023-11-30T19:45:00.000Z,PAR,PAN,result,v2_games
2023,92,RS,11,2023-11-30T19:30:00.000Z,MUN,VIR,result,v2_games
2023,96,RS,11,2023-11-30T19:30:00.000Z,MIL,ZAL,result,v2_games
2023,94,RS,11,2023-11-30T19:05:00.000Z,TEL,BER,result,v2_games
2023,91,RS,11,2023-11-30T18:00:00.000Z,MCO,OLY,result,v2_games
2023,93,RS,11,2023-11-30T17:45:00.000Z,ULK,MAD,result,v2_games
2023,48,RS,6,2023-11-28T19:15:00.000Z,TEL,MAD,result,v2_games
2023,88,RS,10,2023-11-24T19:30:00.000Z,RED,MIL,result,v2_games
2023,90,RS,10,2023-11-24T19:30:00.000Z,BAS,MCO,result,v2_games
2023,89,RS,10,2023-11-24T19:15:00.000Z,OLY,ZAL,result,v2_games
2023,87,RS,10,2023-11-24T17:30:00.000Z,IST,PAR,result,v2_games
2023,85,RS,10,2023-11-23T19:45:00.000Z,MAD,BER,result,v2_games
2023,86,RS,10,2023-11-23T19:30:00.000Z,VIR,ULK,result,v2_games
2023,84,RS,10,2023-11-23T19:15:00.000Z,PAN,PAM,result,v2_games
2023,83,RS,10,2023-11-23T19:05:00.000Z,TEL,BAR,result,v2_games
2023,82,RS,10,2023-11-23T19:00:00.000Z,ASV,MUN,result,v2_games
2023,80,RS,9,2023-11-17T19:45:00.000Z,PAR,BER,result,v2_games
2023,77,RS,9,2023-11-17T19:30:00.000Z,BAR,PAM,result,v2_games
2023,79,RS,9,2023-11-17T19:15:00.000Z,PAN,VIR,result,v2_games
2023,78,RS,9,2023-11-17T19:00:00.000Z,ASV,BAS,result,v2_games
2023,81,RS,9,2023-11-17T18:00:00.000Z,ZAL,MUN,result,v2_games
2023,76,RS,9,2023-11-16T19:45:00.000Z,MAD,MCO,result,v2_games
2023,73,RS,9,2023-11-16T19:30:00.000Z,MIL,IST,result,v2_games
2023,75,RS,9,2023-11-16T19:15:00.000Z,OLY,RED,result,v2_games
2023,74,RS,9,2023-11-16T19:05:00.000Z,TEL,ULK,result,v2_games
2023,72,RS,8,2023-11-15T19:30:00.000Z,BAS,BAR,result,v2_games
2023,70,RS,8,2023-11-15T19:30:00.000Z,MUN,PAR,result,v2_games
2023,71,RS,8,2023-11-15T19:15:00.000Z,PAN,ZAL,result,v2_games
2023,69,RS,8,2023-11-15T19:00:00.000Z,BER,ASV,result,v2_games
2023,65,RS,8,2023-11-14T19:45:00.000Z,RED,ULK,result,v2_games
2023,67,RS,8,2023-11-14T19:30:00.000Z,PAM,MAD,result,v2_games
2023,68,RS,8,2023-11-14T19:30:00.000Z,VIR,MIL,result,v2_games
2023,66,RS,8,2023-11-14T19:05:00.000Z,TEL,OLY,result,v2_games
2023,64,RS,8,2023-11-14T18:00:00.000Z,MCO,IST,result,v2_games
2023,62,RS,7,2023-11-10T20:00:00.000Z,MCO,ASV,result,v2_games
2023,63,RS,7,2023-11-10T19:30:00.000Z,BAR,RED,result,v2_games
2023,61,RS,7,2023-11-10T19:00:00.000Z,BER,PAN,result,v2_games
2023,59,RS,7,2023-11-09T19:45:00.000Z,MAD,VIR,result,v2_games
2023,58,RS,7,2023-11-09T19:30:00.000Z,PAR,ULK,result,v2_games
2023,56,RS,7,2023-11-09T19:30:00.000Z,MIL,PAM,result,v2_games
2023,57,RS,7,2023-11-09T19:05:00.000Z,TEL,MUN,result,v2_games
2023,55,RS,7,2023-11-09T17:30:00.000Z,IST,ZAL,result,v2_games
2023,60,RS,7,2023-11-09T17:15:00.000Z,OLY,BAS,result,v2_games
2023,52,RS,6,2023-11-03T19:30:00.000Z,BAS,PAR,result,v2_games
2023,51,RS,6,2023-11-03T19:30:00.000Z,BAR,PAN,result,v2_games
2023,54,RS,6,2023-11-03T19:30:00.000Z,VIR,IST,result,v2_games
2023,46,RS,6,2023-11-02T19:30:00.000Z,MIL,MCO,result,v2_games
2023,53,RS,6,2023-11-02T19:30:00.000Z,PAM,BER,result,v2_games
2023,49,RS,6,2023-11-02T18:00:00.000Z,ZAL,ASV,result,v2_games
2023,50,RS,6,2023-11-02T17:45:00.000Z,ULK,OLY,result,v2_games
2023,47,RS,6,2023-11-02T17:30:00.000Z,RED,MUN,result,v2_games
2023,12,RS,2,2023-10-31T19:30:00.000Z,MIL,TEL,result,v2_games
2023,43,RS,5,2023-10-27T18:30:00.000Z,MUN,ULK,result,v2_games
2023,44,RS,5,2023-10-27T18:15:00.000Z,PAN,BAS,result,v2_games
2023,42,RS,5,2023-10-27T18:00:00.000Z,ASV,VIR,result,v2_games
2023,45,RS,5,2023-10-27T17:00:00.000Z,ZAL,PAM,result,v2_games
2023,38,RS,5,2023-10-26T19:00:00.000Z,OLY,IST,result,v2_games
2023,41,RS,5,2023-10-26T19:00:00.000Z,MCO,TEL,result,v2_games
2023,40,RS,5,2023-10-26T18:45:00.000Z,MAD,BAR,result,v2_games
2023,37,RS,5,2023-10-26T18:00:00.000Z,BER,MIL,result,v2_games
2023,39,RS,5,2023-10-26T16:30:00.000Z,PAR,RED,result,v2_games
2023,34,RS,4,2023-10-20T18:30:00.000Z,BAR,MUN,result,v2_games
2023,36,RS,4,2023-10-20T18:30:00.000Z,VIR,RED,result,v2_games
2023,35,RS,4,2023-10-20T18:15:00.000Z,PAN,TEL,result,v2_games
2023,32,RS,4,2023-10-20T17:30:00.000Z,IST,PAM,result,v2_games
2023,33,RS,4,2023-10-20T17:00:00.000Z,MCO,BER,result,v2_games
2023,30,RS,4,2023-10-19T18:45:00.000Z,MAD,MIL,result,v2_games
2023,31,RS,4,2023-10-19T18:30:00.000Z,BAS,ZAL,result,v2_games
2023,29,RS,4,2023-10-19T18:15:00.000Z,OLY,PAR,result,v2_games
2023,28,RS,4,2023-10-19T17:45:00.000Z,ULK,ASV,result,v2_games
2023,26,RS,3,2023-10-18T18:30:00.000Z,PAM,TEL,result,v2_games
2023,27,RS,3,2023-10-18T18:30:00.000Z,VIR,BER,result,v2_games
2023,25,RS,3,2023-10-18T18:00:00.000Z,RED,MCO,result,v2_games
2023,23,RS,3,2023-10-17T18:45:00.000Z,MAD,ZAL,result,v2_games
2023,20,RS,3,2023-10-17T18:45:00.000Z,MIL,OLY,result,v2_games
2023,24,RS,3,2023-10-17T18:30:00.000Z,BAS,MUN,result,v2_games
2023,19,RS,3,2023-10-17T17:30:00.000Z,IST,ASV,result,v2_games
2023,21,RS,3,2023-10-17T17:15:00.000Z,ULK,PAN,result,v2_games
2023,22,RS,3,2023-10-17T16:30:00.000Z,PAR,BAR,result,v2_games
2023,17,RS,2,2023-10-13T18:30:00.000Z,PAM,ULK,result,v2_games
2023,16,RS,2,2023-10-13T18:15:00.000Z,OLY,BAR,result,v2_games
2023,15,RS,2,2023-10-13T17:00:00.000Z,MCO,VIR,result,v2_games
2023,18,RS,2,2023-10-13T17:00:00.000Z,ZAL,RED,result,v2_games
2023,13,RS,2,2023-10-12T18:15:00.000Z,PAN,MUN,result,v2_games
2023,14,RS,2,2023-10-12T18:00:00.000Z,ASV,PAR,result,v2_games
2023,10,RS,2,2023-10-12T18:00:00.000Z,BER,BAS,result,v2_games
2023,11,RS,2,2023-10-12T17:30:00.000Z,IST,MAD,result,v2_games
2023,8,RS,1,2023-10-06T18:30:00.000Z,BAS,MAD,result,v2_games
2023,9,RS,1,2023-10-06T18:30:00.000Z,PAM,MCO,result,v2_games
2023,7,RS,1,2023-10-06T18:15:00.000Z,PAN,OLY,result,v2_games
2023,6,RS,1,2023-10-06T17:45:00.000Z,ULK,MIL,result,v2_games
2023,2,RS,1,2023-10-05T18:30:00.000Z,BAR,IST,result,v2_games
2023,3,RS,1,2023-10-05T18:30:00.000Z,MUN,BER,result,v2_games
2023,5,RS,1,2023-10-05T18:30:00.000Z,VIR,ZAL,result,v2_games
2023,4,RS,1,2023-10-05T18:05:00.000Z,TEL,PAR,result,v2_games
2023,1,RS,1,2023-10-05T17:00:00.000Z,RED,ASV,result,v2_games
2024,330,FF,43,2025-05-25T17:00:00.000Z,MCO,ULK,result,v2_games
2024,329,FF,43,2025-05-25T14:00:00.000Z,OLY,PAN,result,v2_games
2024,327,FF,42,2025-05-23T18:00:00.000Z,OLY,MCO,result,v2_games
2024,328,FF,42,2025-05-23T15:00:00.000Z,ULK,PAN,result,v2_games
2024,326,PO,41,2025-05-06T18:45:00.000Z,PAN,IST,result,v2_games
2024,325,PO,41,2025-05-06T17:00:00.000Z,MCO,BAR,result,v2_games
2024,323,PO,40,2025-05-02T18:45:00.000Z,BAR,MCO,result,v2_games
2024,324,PO,40,2025-05-02T17:30:00.000Z,IST,PAN,result,v2_games
2024,322,PO,40,2025-05-01T19:00:00.000Z,MAD,OLY,result,v2_games
2024,320,PO,39,2025-04-30T17:45:00.000Z,IST,PAN,result,v2_games
2024,319,PO,39,2025-04-30T17:00:00.000Z,BAR,MCO,result,v2_games
2024,318,PO,39,2025-04-29T19:00:00.000Z,MAD,OLY,result,v2_games
2024,321,PO,39,2025-04-29T18:30:00.000Z,PRS,ULK,result,v2_games
2024,314,PO,38,2025-04-25T18:30:00.000Z,OLY,MAD,result,v2_games
2024,315,PO,38,2025-04-25T17:00:00.000Z,MCO,BAR,result,v2_games
2024,316,PO,38,2025-04-24T18:30:00.000Z,PAN,IST,result,v2_games
2024,317,PO,38,2025-04-24T17:45:00.000Z,ULK,PRS,result,v2_games
2024,310,PO,37,2025-04-23T18:30:00.000Z,OLY,MAD,result,v2_games
2024,311,PO,37,2025-04-23T17:00:00.000Z,MCO,BAR,result,v2_games
2024,312,PO,37,2025-04-22T18:30:00.000Z,PAN,IST,result,v2_games
2024,313,PO,37,2025-04-22T17:45:00.000Z,ULK,PRS,result,v2_games
2024,309,PI,36,2025-04-18T18:45:00.000Z,MAD,MUN,result,v2_games
2024,307,PI,35,2025-04-15T19:00:00.000Z,MAD,PRS,result,v2_games
2024,308,PI,35,2025-04-15T18:30:00.000Z,MUN,RED,result,v2_games
2024,306,RS,34,2025-04-11T18:30:00.000Z,BAR,VIR,result,v2_games
2024,305,RS,34,2025-04-11T18:15:00.000Z,PAN,RED,result,v2_games
2024,303,RS,34,2025-04-11T17:30:00.000Z,IST,ZAL,result,v2_games
2024,302,RS,34,2025-04-10T18:45:00.000Z,PRS,BER,result,v2_games
2024,300,RS,34,2025-04-10T18:30:00.000Z,MIL,BAS,result,v2_games
2024,301,RS,34,2025-04-10T18:30:00.000Z,PAR,MAD,result,v2_games
2024,299,RS,34,2025-04-10T18:15:00.000Z,OLY,TEL,result,v2_games
2024,304,RS,34,2025-04-10T18:00:00.000Z,ASV,MCO,result,v2_games
2024,298,RS,34,2025-04-10T18:00:00.000Z,MUN,ULK,result,v2_games
2024,296,RS,33,2025-04-04T18:30:00.000Z,BAS,ASV,result,v2_games
2024,297,RS,33,2025-04-04T18:30:00.000Z,VIR,MIL,result,v2_games
2024,295,RS,33,2025-04-04T18:00:00.000Z,RED,IST,result,v2_games
2024,294,RS,33,2025-04-04T18:00:00.000Z,BER,OLY,result,v2_games
2024,292,RS,33,2025-04-03T19:00:00.000Z,MAD,PRS,result,v2_games
2024,293,RS,33,2025-04-03T18:30:00.000Z,TEL,MUN,result,v2_games
2024,291,RS,33,2025-04-03T17:00:00.000Z,ZAL,PAR,result,v2_games
2024,289,RS,33,2025-04-03T17:00:00.000Z,MCO,PAN,result,v2_games
2024,290,RS,33,2025-04-02T17:45:00.000Z,ULK,BAR,result,v2_games
2024,288,RS,32,2025-03-28T19:15:00.000Z,PAN,PRS,result,v2_games
2024,286,RS,32,2025-03-28T19:00:00.000Z,BER,VIR,result,v2_games
2024,287,RS,32,2025-03-28T19:00:00.000Z,RED,MAD,result,v2_games
2024,285,RS,32,2025-03-28T17:45:00.000Z,ULK,BAS,result,v2_games
2024,284,RS,32,2025-03-28T17:30:00.000Z,IST,TEL,result,v2_games
2024,283,RS,32,2025-03-27T19:30:00.000Z,MUN,PAR,result,v2_games
2024,282,RS,32,2025-03-27T19:30:00.000Z,MIL,BAR,result,v2_games
2024,281,RS,32,2025-03-27T19:15:00.000Z,OLY,MCO,result,v2_games
2024,280,RS,32,2025-03-27T19:00:00.000Z,ASV,ZAL,result,v2_games
2024,279,RS,31,2025-03-26T19:05:00.000Z,TEL,PAN,result,v2_games
2024,278,RS,31,2025-03-26T19:00:00.000Z,RED,VIR,result,v2_games
2024,277,RS,31,2025-03-26T17:30:00.000Z,IST,BAS,result,v2_games
2024,274,RS,31,2025-03-25T19:45:00.000Z,ASV,OLY,result,v2_games
2024,275,RS,31,2025-03-25T19:45:00.000Z,PAR,BER,result,v2_games
2024,276,RS,31,2025-03-25T19:45:00.000Z,MAD,MIL,result,v2_games
2024,273,RS,31,2025-03-25T19:30:00.000Z,BAR,MUN,result,v2_games
2024,272,RS,31,2025-03-25T18:00:00.000Z,MCO,ZAL,result,v2_games
2024,271,RS,31,2025-03-25T17:45:00.000Z,ULK,PRS,result,v2_games
2024,270,RS,30,2025-03-21T19:45:00.000Z,PAR,IST,result,v2_games
2024,269,RS,30,2025-03-21T19:30:00.000Z,BAR,ZAL,result,v2_games
2024,268,RS,30,2025-03-21T19:15:00.000Z,PAN,BER,result,v2_games
2024,266,RS,30,2025-03-20T19:45:00.000Z,MAD,ASV,result,v2_games
2024,265,RS,30,2025-03-20T19:30:00.000Z,BAS,MUN,result,v2_games
2024,267,RS,30,2025-03-20T19:15:00.000Z,TEL,VIR,result,v2_games
2024,264,RS,30,2025-03-20T18:00:00.000Z,OLY,RED,result,v2_games
2024,263,RS,30,2025-03-20T18:00:00.000Z,MCO,ULK,result,v2_games
2024,262,RS,30,2025-03-18T19:30:00.000Z,PRS,MIL,result,v2_games
2024,261,RS,29,2025-03-14T19:45:00.000Z,BAR,PAR,result,v2_games
2024,260,RS,29,2025-03-14T19:30:00.000Z,MUN,IST,result,v2_games
2024,259,RS,29,2025-03-14T19:15:00.000Z,OLY,PAN,result,v2_games
2024,256,RS,29,2025-03-13T19:45:00.000Z,VIR,MAD,result,v2_games
2024,257,RS,29,2025-03-13T19:05:00.000Z,TEL,MCO,result,v2_games
2024,255,RS,29,2025-03-13T19:00:00.000Z,BER,BAS,result,v2_games
2024,258,RS,29,2025-03-13T18:00:00.000Z,RED,MIL,result,v2_games
2024,254,RS,29,2025-03-13T18:00:00.000Z,ZAL,PRS,result,v2_games
2024,253,RS,29,2025-03-13T17:45:00.000Z,ULK,ASV,result,v2_games
2024,252,RS,28,2025-03-07T19:30:00.000Z,BER,BAR,result,v2_games
2024,251,RS,28,2025-03-07T19:15:00.000Z,OLY,PAR,result,v2_games
2024,250,RS,28,2025-03-07T19:00:00.000Z,ASV,TEL,result,v2_games
2024,249,RS,28,2025-03-07T17:30:00.000Z,IST,VIR,result,v2_games
2024,245,RS,28,2025-03-06T19:45:00.000Z,PAN,MAD,result,v2_games
2024,248,RS,28,2025-03-06T19:30:00.000Z,MUN,RED,result,v2_games
2024,247,RS,28,2025-03-06T19:30:00.000Z,MIL,ULK,result,v2_games
2024,246,RS,28,2025-03-06T19:30:00.000Z,BAS,ZAL,result,v2_games
2024,244,RS,28,2025-03-05T19:30:00.000Z,PRS,MCO,result,v2_games
2024,146,RS,17,2025-03-03T19:30:00.000Z,PRS,ULK,result,v2_games
2024,243,RS,27,2025-02-28T20:00:00.000Z,ASV,PAN,result,v2_games
2024,242,RS,27,2025-02-28T19:30:00.000Z,PAR,BAS,result,v2_games
2024,241,RS,27,2025-02-28T19:00:00.000Z,VIR,OLY,result,v2_games
2024,240,RS,27,2025-02-28T17:30:00.000Z,IST,BER,result,v2_games
2024,239,RS,27,2025-02-27T20:00:00.000Z,TEL,ULK,result,v2_games
2024,238,RS,27,2025-02-27T19:45:00.000Z,MAD,BAR,result,v2_games
2024,237,RS,27,2025-02-27T19:30:00.000Z,PRS,MUN,result,v2_games
2024,236,RS,27,2025-02-27T19:30:00.000Z,MIL,MCO,result,v2_games
2024,235,RS,27,2025-02-27T19:00:00.000Z,RED,ZAL,result,v2_games
2024,234,RS,26,2025-02-07T19:30:00.000Z,VIR,PRS,result,v2_games
2024,233,RS,26,2025-02-07T19:30:00.000Z,BAR,OLY,result,v2_games
2024,232,RS,26,2025-02-07T19:30:00.000Z,BAS,TEL,result,v2_games
2024,231,RS,26,2025-02-07T18:00:00.000Z,MCO,PAR,result,v2_games
2024,230,RS,26,2025-02-06T19:30:00.000Z,MUN,ASV,result,v2_games
2024,229,RS,26,2025-02-06T19:15:00.000Z,PAN,IST,result,v2_games
2024,228,RS,26,2025-02-06T18:00:00.000Z,ZAL,MIL,result,v2_games
2024,227,RS,26,2025-02-06T18:00:00.000Z,BER,RED,result,v2_games
2024,226,RS,26,2025-02-06T17:30:00.000Z,ULK,MAD,result,v2_games
2024,225,RS,25,2025-02-05T19:30:00.000Z,VIR,PAR,result,v2_games
2024,224,RS,25,2025-02-05T19:30:00.000Z,PRS,OLY,result,v2_games
2024,223,RS,25,2025-02-05T19:30:00.000Z,BAR,TEL,result,v2_games
2024,222,RS,25,2025-02-05T18:00:00.000Z,MCO,BAS,result,v2_games
2024,221,RS,25,2025-02-04T19:45:00.000Z,MUN,MIL,result,v2_games
2024,220,RS,25,2025-02-04T19:15:00.000Z,PAN,ULK,result,v2_games
2024,219,RS,25,2025-02-04T19:00:00.000Z,RED,ASV,result,v2_games
2024,218,RS,25,2025-02-04T18:00:00.000Z,ZAL,BER,result,v2_games
2024,217,RS,25,2025-02-04T17:30:00.000Z,IST,MAD,result,v2_games
2024,216,RS,24,2025-01-31T19:30:00.000Z,PAR,RED,result,v2_games
2024,215,RS,24,2025-01-31T19:15:00.000Z,OLY,IST,result,v2_games
2024,214,RS,24,2025-01-31T18:00:00.000Z,MCO,MAD,result,v2_games
2024,213,RS,24,2025-01-31T17:30:00.000Z,ULK,VIR,result,v2_games
2024,211,RS,24,2025-01-30T19:30:00.000Z,PRS,ASV,result,v2_games
2024,210,RS,24,2025-01-30T19:30:00.000Z,MIL,PAN,result,v2_games
2024,209,RS,24,2025-01-30T19:30:00.000Z,BAS,BAR,result,v2_games
2024,212,RS,24,2025-01-30T19:05:00.000Z,TEL,BER,result,v2_games
2024,208,RS,24,2025-01-30T18:00:00.000Z,ZAL,MUN,result,v2_games
2024,206,RS,23,2025-01-24T19:15:00.000Z,OLY,ULK,result,v2_games
2024,205,RS,23,2025-01-24T19:00:00.000Z,ASV,BAR,result,v2_games
2024,204,RS,23,2025-01-24T19:00:00.000Z,BER,MUN,result,v2_games
2024,202,RS,23,2025-01-23T19:45:00.000Z,MAD,BAS,result,v2_games
2024,201,RS,23,2025-01-23T19:30:00.000Z,VIR,MCO,result,v2_games
2024,200,RS,23,2025-01-23T19:15:00.000Z,PAN,ZAL,result,v2_games
2024,203,RS,23,2025-01-23T19:05:00.000Z,TEL,RED,result,v2_games
2024,199,RS,23,2025-01-23T17:30:00.000Z,IST,MIL,result,v2_games
2024,207,RS,23,2025-01-22T19:30:00.000Z,PAR,PRS,result,v2_games
2024,198,RS,22,2025-01-17T19:45:00.000Z,BAR,IST,result,v2_games
2024,197,RS,22,2025-01-17T19:30:00.000Z,MUN,VIR,result,v2_games
2024,196,RS,22,2025-01-17T19:30:00.000Z,BAS,PAN,result,v2_games
2024,195,RS,22,2025-01-17T19:00:00.000Z,RED,MCO,result,v2_games
2024,194,RS,22,2025-01-17T17:45:00.000Z,ULK,ZAL,result,v2_games
2024,193,RS,22,2025-01-16T19:45:00.000Z,MAD,OLY,result,v2_games
2024,192,RS,22,2025-01-16T19:30:00.000Z,PRS,TEL,result,v2_games
2024,191,RS,22,2025-01-16T19:30:00.000Z,MIL,PAR,result,v2_games
2024,190,RS,22,2025-01-16T19:00:00.000Z,ASV,BER,result,v2_games
2024,189,RS,21,2025-01-15T19:30:00.000Z,MUN,MCO,result,v2_games
2024,188,RS,21,2025-01-15T19:30:00.000Z,BAR,PAN,result,v2_games
2024,187,RS,21,2025-01-15T19:00:00.000Z,RED,ULK,result,v2_games
2024,186,RS,21,2025-01-15T18:00:00.000Z,ZAL,VIR,result,v2_games
2024,185,RS,21,2025-01-14T19:45:00.000Z,MAD,TEL,result,v2_games
2024,184,RS,21,2025-01-14T19:30:00.000Z,PRS,IST,result,v2_games
2024,183,RS,21,2025-01-14T19:30:00.000Z,MIL,BER,result,v2_games
2024,182,RS,21,2025-01-14T19:30:00.000Z,BAS,OLY,result,v2_games
2024,181,RS,21,2025-01-14T19:00:00.000Z,ASV,PAR,result,v2_games
2024,180,RS,20,2025-01-10T19:45:00.000Z,VIR,BAS,result,v2_games
2024,179,RS,20,2025-01-10T19:15:00.000Z,OLY,MUN,result,v2_games
2024,178,RS,20,2025-01-10T19:00:00.000Z,RED,PRS,result,v2_games
2024,177,RS,20,2025-01-10T18:00:00.000Z,ZAL,MAD,result,v2_games
2024,176,RS,20,2025-01-10T17:30:00.000Z,IST,ASV,result,v2_games
2024,174,RS,20,2025-01-09T19:15:00.000Z,PAN,PAR,result,v2_games
2024,175,RS,20,2025-01-09T19:05:00.000Z,TEL,MIL,result,v2_games
2024,173,RS,20,2025-01-09T18:00:00.000Z,MCO,BAR,result,v2_games
2024,172,RS,20,2025-01-09T17:45:00.000Z,ULK,BER,result,v2_games
2024,171,RS,19,2025-01-03T20:00:00.000Z,MAD,MUN,result,v2_games
2024,170,RS,19,2025-01-03T19:30:00.000Z,PAR,TEL,result,v2_games
2024,169,RS,19,2025-01-03T19:15:00.000Z,PRS,BAR,result,v2_games
2024,168,RS,19,2025-01-03T19:15:00.000Z,PAN,VIR,result,v2_games
2024,167,RS,19,2025-01-03T17:45:00.000Z,ULK,IST,result,v2_games
2024,166,RS,19,2025-01-02T19:30:00.000Z,BAS,RED,result,v2_games
2024,165,RS,19,2025-01-02T19:00:00.000Z,ASV,MIL,result,v2_games
2024,164,RS,19,2025-01-02T19:00:00.000Z,BER,MCO,result,v2_games
2024,163,RS,19,2025-01-02T18:00:00.000Z,ZAL,OLY,result,v2_games
2024,162,RS,18,2024-12-27T19:30:00.000Z,VIR,ASV,result,v2_games
2024,161,RS,18,2024-12-27T19:30:00.000Z,MUN,PAN,result,v2_games
2024,160,RS,18,2024-12-27T19:30:00.000Z,BAS,PRS,result,v2_games
2024,159,RS,18,2024-12-27T19:30:00.000Z,PAR,ULK,result,v2_games
2024,158,RS,18,2024-12-27T19:30:00.000Z,BAR,RED,result,v2_games
2024,156,RS,18,2024-12-26T19:30:00.000Z,MIL,OLY,result,v2_games
2024,157,RS,18,2024-12-26T19:05:00.000Z,TEL,ZAL,result,v2_games
2024,155,RS,18,2024-12-26T18:00:00.000Z,BER,MAD,result,v2_games
2024,154,RS,18,2024-12-26T18:00:00.000Z,MCO,IST,result,v2_games
2024,153,RS,17,2024-12-20T20:00:00.000Z,MIL,MUN,result,v2_games
2024,152,RS,17,2024-12-20T19:30:00.000Z,RED,TEL,result,v2_games
2024,151,RS,17,2024-12-20T19:15:00.000Z,OLY,BER,result,v2_games
2024,150,RS,17,2024-12-20T19:00:00.000Z,VIR,BAR,result,v2_games
2024,149,RS,17,2024-12-20T18:00:00.000Z,ZAL,ASV,result,v2_games
2024,148,RS,17,2024-12-20T17:30:00.000Z,IST,PAR,result,v2_games
2024,147,RS,17,2024-12-19T19:45:00.000Z,MAD,MCO,result,v2_games
2024,145,RS,17,2024-12-19T17:45:00.000Z,PAN,BAS,result,v2_games
2024,143,RS,16,2024-12-18T19:15:00.000Z,OLY,VIR,result,v2_games
2024,142,RS,16,2024-12-18T17:30:00.000Z,IST,RED,result,v2_games
2024,144,RS,16,2024-12-17T19:45:00.000Z,PAR,ASV,result,v2_games
2024,140,RS,16,2024-12-17T19:45:00.000Z,BER,ZAL,result,v2_games
2024,139,RS,16,2024-12-17T19:30:00.000Z,PRS,MAD,result,v2_games
2024,138,RS,16,2024-12-17T19:30:00.000Z,BAR,ULK,result,v2_games
2024,137,RS,16,2024-12-17T19:15:00.000Z,PAN,MIL,result,v2_games
2024,141,RS,16,2024-12-17T19:05:00.000Z,TEL,BAS,result,v2_games
2024,136,RS,16,2024-12-17T18:00:00.000Z,MCO,MUN,result,v2_games
2024,135,RS,15,2024-12-13T20:00:00.000Z,ASV,PRS,result,v2_games
2024,134,RS,15,2024-12-13T19:30:00.000Z,BAR,MIL,result,v2_games
2024,133,RS,15,2024-12-13T19:30:00.000Z,RED,OLY,result,v2_games
2024,132,RS,15,2024-12-13T17:30:00.000Z,IST,PAN,result,v2_games
2024,131,RS,15,2024-12-12T19:45:00.000Z,MAD,ZAL,result,v2_games
2024,130,RS,15,2024-12-12T19:45:00.000Z,MUN,TEL,result,v2_games
2024,129,RS,15,2024-12-12T19:30:00.000Z,BAS,VIR,result,v2_games
2024,128,RS,15,2024-12-12T18:00:00.000Z,BER,PAR,result,v2_games
2024,127,RS,15,2024-12-12T17:45:00.000Z,ULK,MCO,result,v2_games
2024,126,RS,14,2024-12-06T19:45:00.000Z,MIL,ASV,result,v2_games
2024,125,RS,14,2024-12-06T19:30:00.000Z,VIR,RED,result,v2_games
2024,124,RS,14,2024-12-06T19:15:00.000Z,OLY,PRS,result,v2_games
2024,123,RS,14,2024-12-06T18:00:00.000Z,MCO,BER,result,v2_games
2024,121,RS,14,2024-12-05T19:45:00.000Z,MAD,ULK,result,v2_games
2024,120,RS,14,2024-12-05T19:30:00.000Z,PAR,PAN,result,v2_games
2024,119,RS,14,2024-12-05T19:30:00.000Z,MUN,BAS,result,v2_games
2024,122,RS,14,2024-12-05T19:05:00.000Z,TEL,BAR,result,v2_games
2024,118,RS,14,2024-12-05T18:00:00.000Z,ZAL,IST,result,v2_games
2024,117,RS,13,2024-12-04T19:45:00.000Z,VIR,BER,result,v2_games
2024,116,RS,13,2024-12-04T19:30:00.000Z,MIL,RED,result,v2_games
2024,115,RS,13,2024-12-04T18:00:00.000Z,MCO,OLY,result,v2_games
2024,113,RS,13,2024-12-03T19:30:00.000Z,PAR,ZAL,result,v2_games
2024,112,RS,13,2024-12-03T19:30:00.000Z,BAS,ULK,result,v2_games
2024,111,RS,13,2024-12-03T19:15:00.000Z,PAN,BAR,result,v2_games
2024,114,RS,13,2024-12-03T19:05:00.000Z,TEL,PRS,result,v2_games
2024,110,RS,13,2024-12-03T19:00:00.000Z,ASV,MAD,result,v2_games
2024,109,RS,13,2024-12-03T17:30:00.000Z,IST,MUN,result,v2_games
2024,108,RS,12,2024-11-29T20:00:00.000Z,ASV,IST,result,v2_games
2024,106,RS,12,2024-11-29T19:15:00.000Z,PAN,MCO,result,v2_games
2024,105,RS,12,2024-11-29T19:00:00.000Z,RED,MUN,result,v2_games
2024,104,RS,12,2024-11-29T17:45:00.000Z,ULK,MIL,result,v2_games
2024,107,RS,12,2024-11-28T19:45:00.000Z,BAR,MAD,result,v2_games
2024,103,RS,12,2024-11-28T19:30:00.000Z,PAR,OLY,result,v2_games
2024,102,RS,12,2024-11-28T19:30:00.000Z,PRS,VIR,result,v2_games
2024,101,RS,12,2024-11-28T19:00:00.000Z,BER,TEL,result,v2_games
2024,100,RS,12,2024-11-28T18:00:00.000Z,ZAL,BAS,result,v2_games
2024,99,RS,11,2024-11-22T19:30:00.000Z,MUN,BAR,result,v2_games
2024,98,RS,11,2024-11-22T18:00:00.000Z,ZAL,PAN,result,v2_games
2024,96,RS,11,2024-11-21T19:45:00.000Z,MAD,BER,result,v2_games
2024,95,RS,11,2024-11-21T19:30:00.000Z,MIL,TEL,result,v2_games
2024,94,RS,11,2024-11-21T19:15:00.000Z,OLY,BAS,result,v2_games
2024,93,RS,11,2024-11-21T19:00:00.000Z,RED,PAR,result,v2_games
2024,92,RS,11,2024-11-21T18:00:00.000Z,MCO,ASV,result,v2_games
2024,97,RS,11,2024-11-21T17:30:00.000Z,IST,PRS,result,v2_games
2024,91,RS,11,2024-11-20T19:30:00.000Z,VIR,ULK,result,v2_games
2024,90,RS,10,2024-11-15T19:30:00.000Z,VIR,PAN,result,v2_games
2024,89,RS,10,2024-11-15T19:30:00.000Z,PAR,MIL,result,v2_games
2024,88,RS,10,2024-11-15T19:30:00.000Z,BAR,PRS,result,v2_games
2024,87,RS,10,2024-11-15T18:00:00.000Z,ZAL,ULK,result,v2_games
2024,85,RS,10,2024-11-14T19:45:00.000Z,MAD,IST,result,v2_games
2024,84,RS,10,2024-11-14T19:30:00.000Z,MUN,BER,result,v2_games
2024,83,RS,10,2024-11-14T19:30:00.000Z,BAS,MCO,result,v2_games
2024,82,RS,10,2024-11-14T19:00:00.000Z,ASV,RED,result,v2_games
2024,86,RS,10,2024-11-14T18:00:00.000Z,TEL,OLY,result,v2_games
2024,81,RS,9,2024-11-13T19:30:00.000Z,PRS,ZAL,result,v2_games
2024,80,RS,9,2024-11-13T17:00:00.000Z,PAR,BAR,result,v2_games
2024,79,RS,9,2024-11-12T19:45:00.000Z,MAD,VIR,result,v2_games
2024,78,RS,9,2024-11-12T19:30:00.000Z,BAS,IST,result,v2_games
2024,77,RS,9,2024-11-12T19:15:00.000Z,PAN,TEL,result,v2_games
2024,76,RS,9,2024-11-12T19:00:00.000Z,OLY,ASV,result,v2_games
2024,75,RS,9,2024-11-12T19:00:00.000Z,BER,MIL,result,v2_games
2024,74,RS,9,2024-11-12T18:00:00.000Z,MCO,RED,result,v2_games
2024,73,RS,9,2024-11-12T17:45:00.000Z,ULK,MUN,result,v2_games
2024,72,RS,8,2024-11-08T19:30:00.000Z,VIR,TEL,result,v2_games
2024,71,RS,8,2024-11-08T19:30:00.000Z,BAR,BAS,result,v2_games
2024,70,RS,8,2024-11-08T19:15:00.000Z,PAN,OLY,result,v2_games
2024,69,RS,8,2024-11-08T19:00:00.000Z,ASV,ULK,result,v2_games
2024,64,RS,8,2024-11-08T17:00:00.000Z,IST,MCO,result,v2_games
2024,68,RS,8,2024-11-07T19:45:00.000Z,PRS,PAR,result,v2_games
2024,67,RS,8,2024-11-07T19:45:00.000Z,MUN,ZAL,result,v2_games
2024,66,RS,8,2024-11-07T19:30:00.000Z,MIL,MAD,result,v2_games
2024,65,RS,8,2024-11-07T18:00:00.000Z,RED,BER,result,v2_games
2024,63,RS,7,2024-11-01T19:45:00.000Z,PRS,BAS,result,v2_games
2024,62,RS,7,2024-11-01T19:00:00.000Z,ASV,MUN,result,v2_games
2024,61,RS,7,2024-11-01T19:00:00.000Z,RED,PAN,result,v2_games
2024,60,RS,7,2024-11-01T18:00:00.000Z,ZAL,MCO,result,v2_games
2024,59,RS,7,2024-11-01T17:45:00.000Z,ULK,PAR,result,v2_games
2024,57,RS,7,2024-10-31T19:30:00.000Z,MIL,VIR,result,v2_games
2024,56,RS,7,2024-10-31T19:15:00.000Z,OLY,BAR,result,v2_games
2024,58,RS,7,2024-10-31T19:05:00.000Z,TEL,MAD,result,v2_games
2024,55,RS,7,2024-10-31T19:00:00.000Z,BER,IST,result,v2_games
2024,53,RS,6,2024-10-30T19:45:00.000Z,PAR,MCO,result,v2_games
2024,51,RS,6,2024-10-30T19:15:00.000Z,PAN,ASV,result,v2_games
2024,48,RS,6,2024-10-30T18:00:00.000Z,ZAL,RED,result,v2_games
2024,54,RS,6,2024-10-29T20:00:00.000Z,VIR,MUN,result,v2_games
2024,52,RS,6,2024-10-29T19:30:00.000Z,BAS,MIL,result,v2_games
2024,50,RS,6,2024-10-29T19:15:00.000Z,OLY,MAD,result,v2_games
2024,49,RS,6,2024-10-29T18:30:00.000Z,BER,PRS,result,v2_games
2024,47,RS,6,2024-10-29T18:30:00.000Z,ULK,TEL,result,v2_games
2024,46,RS,6,2024-10-29T17:30:00.000Z,IST,BAR,result,v2_games
2024,45,RS,5,2024-10-25T18:45:00.000Z,MUN,OLY,result,v2_games
2024,44,RS,5,2024-10-25T18:30:00.000Z,BAR,ASV,result,v2_games
2024,43,RS,5,2024-10-25T17:45:00.000Z,ULK,PAN,result,v2_games
2024,42,RS,5,2024-10-24T18:45:00.000Z,MAD,RED,result,v2_games
2024,41,RS,5,2024-10-24T18:30:00.000Z,BAS,BER,result,v2_games
2024,40,RS,5,2024-10-24T18:30:00.000Z,MIL,IST,result,v2_games
2024,39,RS,5,2024-10-24T17:00:00.000Z,ZAL,TEL,result,v2_games
2024,38,RS,5,2024-10-24T17:00:00.000Z,MCO,PRS,result,v2_games
2024,37,RS,5,2024-10-23T18:30:00.000Z,PAR,VIR,result,v2_games
2024,36,RS,4,2024-10-18T18:30:00.000Z,ASV,BAS,result,v2_games
2024,35,RS,4,2024-10-18T18:00:00.000Z,RED,BAR,result,v2_games
2024,34,RS,4,2024-10-18T17:30:00.000Z,IST,OLY,result,v2_games
2024,33,RS,4,2024-10-18T17:00:00.000Z,MCO,VIR,result,v2_games
2024,31,RS,4,2024-10-17T18:45:00.000Z,MAD,PAN,result,v2_games
2024,30,RS,4,2024-10-17T18:45:00.000Z,MUN,PRS,result,v2_games
2024,29,RS,4,2024-10-17T18:30:00.000Z,MIL,ZAL,result,v2_games
2024,32,RS,4,2024-10-17T18:05:00.000Z,TEL,PAR,result,v2_games
2024,28,RS,4,2024-10-17T17:30:00.000Z,BER,ULK,result,v2_games
2024,25,RS,3,2024-10-16T18:30:00.000Z,BAR,MCO,result,v2_games
2024,26,RS,3,2024-10-15T18:45:00.000Z,PAR,MUN,result,v2_games
2024,24,RS,3,2024-10-15T18:30:00.000Z,VIR,ZAL,result,v2_games
2024,23,RS,3,2024-10-15T18:30:00.000Z,PRS,PAN,result,v2_games
2024,22,RS,3,2024-10-15T18:30:00.000Z,BAS,MAD,result,v2_games
2024,21,RS,3,2024-10-15T18:15:00.000Z,OLY,MIL,result,v2_games
2024,27,RS,3,2024-10-15T18:05:00.000Z,TEL,IST,result,v2_games
2024,20,RS,3,2024-10-15T17:45:00.000Z,ULK,RED,result,v2_games
2024,19,RS,3,2024-10-15T17:30:00.000Z,BER,ASV,result,v2_games
2024,17,RS,2,2024-10-11T18:30:00.000Z,BAR,BER,result,v2_games
2024,16,RS,2,2024-10-11T18:30:00.000Z,MIL,PRS,result,v2_games
2024,18,RS,2,2024-10-11T18:15:00.000Z,OLY,ZAL,result,v2_games
2024,15,RS,2,2024-10-10T18:45:00.000Z,MAD,PAR,result,v2_games
2024,14,RS,2,2024-10-10T18:15:00.000Z,PAN,MUN,result,v2_games
2024,13,RS,2,2024-10-10T18:00:00.000Z,ASV,VIR,result,v2_games
2024,12,RS,2,2024-10-10T17:30:00.000Z,IST,ULK,result,v2_games
2024,11,RS,2,2024-10-09T18:00:00.000Z,RED,BAS,result,v2_games
2024,10,RS,2,2024-10-09T17:00:00.000Z,MCO,TEL,result,v2_games
2024,8,RS,1,2024-10-04T19:00:00.000Z,PRS,RED,result,v2_games
2024,9,RS,1,2024-10-04T19:00:00.000Z,VIR,IST,result,v2_games
2024,7,RS,1,2024-10-04T17:30:00.000Z,ULK,OLY,result,v2_games
2024,6,RS,1,2024-10-03T19:00:00.000Z,TEL,ASV,result,v2_games
2024,5,RS,1,2024-10-03T18:45:00.000Z,MUN,MAD,result,v2_games
2024,4,RS,1,2024-10-03T18:30:00.000Z,BAS,PAR,result,v2_games
2024,3,RS,1,2024-10-03T17:00:00.000Z,ZAL,BAR,result,v2_games
2024,2,RS,1,2024-10-03T17:00:00.000Z,MCO,MIL,result,v2_games
2024,1,RS,1,2024-10-03T16:45:00.000Z,BER,PAN,result,v2_games
2025,406,FF,47,2026-05-24T18:00:00.000Z,OLY,MAD,result,v2_games
2025,405,FF,46,2026-05-22T18:00:00.000Z,PAM,MAD,result,v2_games
2025,404,FF,46,2026-05-22T15:00:00.000Z,OLY,ULK,result,v2_games
2025,403,PO,45,2026-05-13T19:00:00.000Z,PAM,PAN,result,v2_games
2025,399,PO,44,2026-05-08T18:15:00.000Z,PAN,PAM,result,v2_games
2025,397,PO,44,2026-05-08T17:00:00.000Z,ZAL,ULK,result,v2_games
2025,398,PO,44,2026-05-07T18:00:00.000Z,HTA,MAD,result,v2_games
2025,395,PO,43,2026-05-06T18:15:00.000Z,PAN,PAM,result,v2_games
2025,393,PO,43,2026-05-06T17:00:00.000Z,ZAL,ULK,result,v2_games
2025,392,PO,43,2026-05-05T17:45:00.000Z,MCO,OLY,result,v2_games
2025,394,PO,43,2026-05-05T16:00:00.000Z,HTA,MAD,result,v2_games
2025,390,PO,42,2026-05-01T18:45:00.000Z,MAD,HTA,result,v2_games
2025,391,PO,42,2026-04-30T18:45:00.000Z,PAM,PAN,result,v2_games
2025,388,PO,42,2026-04-30T18:00:00.000Z,OLY,MCO,result,v2_games
2025,389,PO,42,2026-04-30T17:45:00.000Z,ULK,ZAL,result,v2_games
2025,386,PO,41,2026-04-29T18:45:00.000Z,MAD,HTA,result,v2_games
2025,387,PO,41,2026-04-28T18:45:00.000Z,PAM,PAN,result,v2_games
2025,384,PO,41,2026-04-28T18:00:00.000Z,OLY,MCO,result,v2_games
2025,385,PO,41,2026-04-28T17:45:00.000Z,ULK,ZAL,result,v2_games
2025,383,PI,40,2026-04-24T17:30:00.000Z,MCO,BAR,result,v2_games
2025,382,PI,39,2026-04-21T18:45:00.000Z,BAR,RED,result,v2_games
2025,381,PI,39,2026-04-21T18:00:00.000Z,PAN,MCO,result,v2_games
2025,379,RS,38,2026-04-17T18:30:00.000Z,BAR,MUN,result,v2_games
2025,376,RS,38,2026-04-17T18:15:00.000Z,PAN,IST,result,v2_games
2025,378,RS,38,2026-04-17T18:00:00.000Z,DUB,PAM,result,v2_games
2025,377,RS,38,2026-04-17T17:30:00.000Z,MCO,HTA,result,v2_games
2025,380,RS,38,2026-04-17T17:00:00.000Z,ZAL,PRS,result,v2_games
2025,374,RS,38,2026-04-16T18:45:00.000Z,MAD,RED,result,v2_games
2025,373,RS,38,2026-04-16T18:30:00.000Z,PAR,BAS,result,v2_games
2025,375,RS,38,2026-04-16T18:15:00.000Z,OLY,MIL,result,v2_games
2025,372,RS,38,2026-04-16T18:05:00.000Z,TEL,VIR,result,v2_games
2025,371,RS,38,2026-04-16T18:00:00.000Z,ASV,ULK,result,v2_games
2025,293,RS,30,2026-04-12T19:15:00.000Z,TEL,HTA,result,v2_games
2025,368,RS,37,2026-04-10T18:45:00.000Z,ASV,RED,result,v2_games
2025,370,RS,37,2026-04-10T18:30:00.000Z,VIR,BAS,result,v2_games
2025,369,RS,37,2026-04-10T18:30:00.000Z,PAR,ZAL,result,v2_games
2025,367,RS,37,2026-04-10T18:00:00.000Z,DUB,IST,result,v2_games
2025,366,RS,37,2026-04-10T17:30:00.000Z,MCO,BAR,result,v2_games
2025,364,RS,37,2026-04-09T19:00:00.000Z,PRS,TEL,result,v2_games
2025,365,RS,37,2026-04-09T18:45:00.000Z,PAM,PAN,result,v2_games
2025,361,RS,37,2026-04-09T18:30:00.000Z,MIL,MUN,result,v2_games
2025,362,RS,37,2026-04-09T17:45:00.000Z,ULK,MAD,result,v2_games
2025,363,RS,37,2026-04-09T16:30:00.000Z,HTA,OLY,result,v2_games
2025,359,RS,36,2026-04-08T17:30:00.000Z,IST,PAR,result,v2_games
2025,360,RS,36,2026-04-08T17:30:00.000Z,MCO,ASV,result,v2_games
2025,351,RS,36,2026-04-07T19:00:00.000Z,BAS,TEL,result,v2_games
2025,356,RS,36,2026-04-07T18:30:00.000Z,PAM,MIL,result,v2_games
2025,357,RS,36,2026-04-07T18:30:00.000Z,VIR,MUN,result,v2_games
2025,353,RS,36,2026-04-07T18:30:00.000Z,BAR,PAN,result,v2_games
2025,355,RS,36,2026-04-07T18:15:00.000Z,OLY,MAD,result,v2_games
2025,352,RS,36,2026-04-07T18:00:00.000Z,RED,PRS,result,v2_games
2025,358,RS,36,2026-04-07T17:00:00.000Z,ZAL,DUB,result,v2_games
2025,354,RS,36,2026-04-07T16:00:00.000Z,HTA,ULK,result,v2_games
2025,346,RS,35,2026-04-03T18:30:00.000Z,BAS,MAD,result,v2_games
2025,350,RS,35,2026-04-03T18:30:00.000Z,VIR,PAM,result,v2_games
2025,349,RS,35,2026-04-03T18:00:00.000Z,ASV,OLY,result,v2_games
2025,341,RS,35,2026-04-02T19:00:00.000Z,TEL,IST,result,v2_games
2025,344,RS,35,2026-04-02T18:45:00.000Z,PRS,MIL,result,v2_games
2025,347,RS,35,2026-04-02T18:00:00.000Z,DUB,MCO,result,v2_games
2025,342,RS,35,2026-04-02T18:00:00.000Z,RED,PAR,result,v2_games
2025,343,RS,35,2026-04-02T17:00:00.000Z,HTA,PAN,result,v2_games
2025,345,RS,35,2026-04-02T17:00:00.000Z,ZAL,BAR,result,v2_games
2025,348,RS,35,2026-04-01T17:00:00.000Z,MUN,ULK,result,v2_games
2025,328,RS,33,2026-03-31T18:45:00.000Z,VIR,PRS,result,v2_games
2025,337,RS,34,2026-03-27T20:00:00.000Z,BAR,RED,result,v2_games
2025,336,RS,34,2026-03-27T19:30:00.000Z,BAS,HTA,result,v2_games
2025,340,RS,34,2026-03-27T19:30:00.000Z,PAR,PAM,result,v2_games
2025,339,RS,34,2026-03-27T19:15:00.000Z,PAN,MCO,result,v2_games
2025,338,RS,34,2026-03-27T17:45:00.000Z,ULK,ZAL,result,v2_games
2025,335,RS,34,2026-03-26T19:45:00.000Z,MAD,IST,result,v2_games
2025,333,RS,34,2026-03-26T19:30:00.000Z,TEL,DUB,result,v2_games
2025,332,RS,34,2026-03-26T19:30:00.000Z,MUN,ASV,result,v2_games
2025,331,RS,34,2026-03-26T19:30:00.000Z,MIL,VIR,result,v2_games
2025,330,RS,33,2026-03-25T19:30:00.000Z,BAS,RED,result,v2_games
2025,326,RS,33,2026-03-24T20:00:00.000Z,MAD,HTA,result,v2_games
2025,325,RS,33,2026-03-24T19:45:00.000Z,PAR,ASV,result,v2_games
2025,327,RS,33,2026-03-24T19:30:00.000Z,PAM,OLY,result,v2_games
2025,323,RS,33,2026-03-24T19:30:00.000Z,BAR,IST,result,v2_games
2025,322,RS,33,2026-03-24T18:30:00.000Z,DUB,PAN,result,v2_games
2025,329,RS,33,2026-03-24T18:00:00.000Z,ZAL,MUN,result,v2_games
2025,321,RS,33,2026-03-24T18:00:00.000Z,MCO,MIL,result,v2_games
2025,324,RS,33,2026-03-24T17:30:00.000Z,TEL,ULK,result,v2_games
2025,318,RS,32,2026-03-20T19:45:00.000Z,ASV,TEL,result,v2_games
2025,319,RS,32,2026-03-20T19:15:00.000Z,PAN,RED,result,v2_games
2025,320,RS,32,2026-03-20T18:00:00.000Z,ZAL,MAD,result,v2_games
2025,317,RS,32,2026-03-20T17:45:00.000Z,ULK,MIL,result,v2_games
2025,314,RS,32,2026-03-19T19:45:00.000Z,PRS,PAR,result,v2_games
2025,311,RS,32,2026-03-19T19:30:00.000Z,MUN,DUB,result,v2_games
2025,313,RS,32,2026-03-19T19:15:00.000Z,OLY,BAS,result,v2_games
2025,312,RS,32,2026-03-19T19:05:00.000Z,HTA,VIR,result,v2_games
2025,316,RS,32,2026-03-19T17:30:00.000Z,IST,MCO,result,v2_games
2025,315,RS,32,2026-03-19T17:00:00.000Z,PAM,BAR,result,v2_games
2025,134,RS,14,2026-03-17T19:15:00.000Z,OLY,ULK,result,v2_games
2025,294,RS,30,2026-03-17T19:00:00.000Z,PAR,DUB,result,v2_games
2025,205,RS,21,2026-03-17T15:00:00.000Z,HTA,PRS,result,v2_games
2025,310,RS,31,2026-03-13T19:30:00.000Z,BAR,HTA,result,v2_games
2025,309,RS,31,2026-03-13T19:30:00.000Z,MIL,TEL,result,v2_games
2025,307,RS,31,2026-03-13T19:00:00.000Z,RED,ULK,result,v2_games
2025,302,RS,31,2026-03-12T20:00:00.000Z,PRS,ASV,result,v2_games
2025,305,RS,31,2026-03-12T20:00:00.000Z,PAN,ZAL,result,v2_games
2025,303,RS,31,2026-03-12T19:45:00.000Z,MAD,PAM,result,v2_games
2025,301,RS,31,2026-03-12T19:30:00.000Z,MUN,IST,result,v2_games
2025,308,RS,31,2026-03-12T19:00:00.000Z,DUB,BAS,result,v2_games
2025,306,RS,31,2026-03-12T18:00:00.000Z,MCO,OLY,result,v2_games
2025,304,RS,31,2026-03-11T19:45:00.000Z,VIR,PAR,result,v2_games
2025,334,RS,34,2026-03-10T19:45:00.000Z,PRS,OLY,result,v2_games
2025,298,RS,30,2026-03-06T19:30:00.000Z,BAS,PRS,result,v2_games
2025,300,RS,30,2026-03-06T19:15:00.000Z,OLY,PAN,result,v2_games
2025,299,RS,30,2026-03-06T19:00:00.000Z,RED,MUN,result,v2_games
2025,297,RS,30,2026-03-06T17:30:00.000Z,IST,ASV,result,v2_games
2025,295,RS,30,2026-03-05T19:45:00.000Z,MAD,VIR,result,v2_games
2025,296,RS,30,2026-03-05T19:30:00.000Z,PAM,ZAL,result,v2_games
2025,291,RS,30,2026-03-05T19:30:00.000Z,MIL,BAR,result,v2_games
2025,292,RS,30,2026-03-05T17:45:00.000Z,ULK,MCO,result,v2_games
2025,290,RS,29,2026-02-26T19:45:00.000Z,MAD,MUN,result,v2_games
2025,289,RS,29,2026-02-26T19:45:00.000Z,PAN,PRS,result,v2_games
2025,285,RS,29,2026-02-26T19:30:00.000Z,BAS,PAM,result,v2_games
2025,288,RS,29,2026-02-26T19:05:00.000Z,HTA,MIL,result,v2_games
2025,284,RS,29,2026-02-26T18:30:00.000Z,MCO,TEL,result,v2_games
2025,287,RS,29,2026-02-26T17:00:00.000Z,DUB,ASV,result,v2_games
2025,286,RS,29,2026-02-25T19:30:00.000Z,RED,IST,result,v2_games
2025,282,RS,29,2026-02-25T19:30:00.000Z,VIR,BAR,result,v2_games
2025,283,RS,29,2026-02-25T18:00:00.000Z,ZAL,OLY,result,v2_games
2025,281,RS,29,2026-02-25T17:45:00.000Z,ULK,PAR,result,v2_games
2025,278,RS,28,2026-02-13T19:30:00.000Z,MIL,DUB,result,v2_games
2025,276,RS,28,2026-02-13T19:30:00.000Z,PAR,MAD,result,v2_games
2025,279,RS,28,2026-02-13T19:15:00.000Z,PAN,ULK,result,v2_games
2025,277,RS,28,2026-02-13T18:30:00.000Z,MCO,BAS,result,v2_games
2025,280,RS,28,2026-02-13T18:00:00.000Z,ZAL,HTA,result,v2_games
2025,275,RS,28,2026-02-12T19:30:00.000Z,BAR,PRS,result,v2_games
2025,274,RS,28,2026-02-12T19:30:00.000Z,PAM,ASV,result,v2_games
2025,272,RS,28,2026-02-12T19:15:00.000Z,OLY,RED,result,v2_games
2025,273,RS,28,2026-02-12T19:05:00.000Z,TEL,MUN,result,v2_games
2025,271,RS,28,2026-02-12T17:30:00.000Z,IST,VIR,result,v2_games
2025,267,RS,27,2026-02-06T19:30:00.000Z,BAS,BAR,result,v2_games
2025,270,RS,27,2026-02-06T19:15:00.000Z,OLY,VIR,result,v2_games
2025,269,RS,27,2026-02-06T19:00:00.000Z,ASV,MIL,result,v2_games
2025,268,RS,27,2026-02-06T19:00:00.000Z,RED,TEL,result,v2_games
2025,266,RS,27,2026-02-06T17:30:00.000Z,IST,ZAL,result,v2_games
2025,264,RS,27,2026-02-05T19:45:00.000Z,PRS,ULK,result,v2_games
2025,265,RS,27,2026-02-05T19:30:00.000Z,PAR,PAN,result,v2_games
2025,262,RS,27,2026-02-05T19:30:00.000Z,MUN,MCO,result,v2_games
2025,263,RS,27,2026-02-05T19:00:00.000Z,HTA,PAM,result,v2_games
2025,261,RS,27,2026-02-05T16:00:00.000Z,DUB,MAD,result,v2_games
2025,260,RS,26,2026-02-04T19:30:00.000Z,VIR,ASV,result,v2_games
2025,256,RS,26,2026-02-03T19:30:00.000Z,MUN,PRS,result,v2_games
2025,255,RS,26,2026-02-03T19:30:00.000Z,BAR,ULK,result,v2_games
2025,254,RS,26,2026-02-03T19:30:00.000Z,MIL,BAS,result,v2_games
2025,258,RS,26,2026-02-03T19:15:00.000Z,PAN,MAD,result,v2_games
2025,257,RS,26,2026-02-03T19:05:00.000Z,TEL,PAR,result,v2_games
2025,252,RS,26,2026-02-03T19:00:00.000Z,RED,HTA,result,v2_games
2025,259,RS,26,2026-02-03T18:00:00.000Z,ZAL,MCO,result,v2_games
2025,251,RS,26,2026-02-03T17:30:00.000Z,IST,PAM,result,v2_games
2025,253,RS,26,2026-02-03T16:00:00.000Z,DUB,OLY,result,v2_games
2025,250,RS,25,2026-01-30T19:45:00.000Z,ASV,PAN,result,v2_games
2025,248,RS,25,2026-01-30T19:30:00.000Z,BAS,ZAL,result,v2_games
2025,249,RS,25,2026-01-30T19:00:00.000Z,RED,DUB,result,v2_games
2025,247,RS,25,2026-01-30T18:30:00.000Z,MCO,VIR,result,v2_games
2025,245,RS,25,2026-01-29T19:45:00.000Z,PAM,TEL,result,v2_games
2025,246,RS,25,2026-01-29T19:30:00.000Z,MIL,PAR,result,v2_games
2025,244,RS,25,2026-01-29T19:15:00.000Z,OLY,BAR,result,v2_games
2025,243,RS,25,2026-01-29T19:05:00.000Z,HTA,MUN,result,v2_games
2025,242,RS,25,2026-01-29T17:45:00.000Z,ULK,IST,result,v2_games
2025,241,RS,25,2026-01-27T20:00:00.000Z,PRS,MAD,result,v2_games
2025,238,RS,24,2026-01-23T19:45:00.000Z,ASV,BAR,result,v2_games
2025,240,RS,24,2026-01-23T19:30:00.000Z,VIR,RED,result,v2_games
2025,239,RS,24,2026-01-23T19:30:00.000Z,PAR,HTA,result,v2_games
2025,237,RS,24,2026-01-23T17:45:00.000Z,ULK,BAS,result,v2_games
2025,234,RS,24,2026-01-22T20:00:00.000Z,PRS,DUB,result,v2_games
2025,235,RS,24,2026-01-22T19:45:00.000Z,MAD,MCO,result,v2_games
2025,236,RS,24,2026-01-22T19:30:00.000Z,MIL,ZAL,result,v2_games
2025,232,RS,24,2026-01-22T19:30:00.000Z,MUN,PAM,result,v2_games
2025,233,RS,24,2026-01-22T19:05:00.000Z,TEL,PAN,result,v2_games
2025,231,RS,24,2026-01-22T17:30:00.000Z,IST,OLY,result,v2_games
2025,230,RS,23,2026-01-21T19:30:00.000Z,VIR,ULK,result,v2_games
2025,227,RS,23,2026-01-20T19:45:00.000Z,MAD,MIL,result,v2_games
2025,226,RS,23,2026-01-20T19:30:00.000Z,MUN,PAR,result,v2_games
2025,228,RS,23,2026-01-20T19:30:00.000Z,PAM,PRS,result,v2_games
2025,222,RS,23,2026-01-20T19:30:00.000Z,BAR,DUB,result,v2_games
2025,225,RS,23,2026-01-20T19:15:00.000Z,PAN,BAS,result,v2_games
2025,229,RS,23,2026-01-20T19:00:00.000Z,ASV,ZAL,result,v2_games
2025,221,RS,23,2026-01-20T17:45:00.000Z,MCO,RED,result,v2_games
2025,223,RS,23,2026-01-20T17:30:00.000Z,HTA,IST,result,v2_games
2025,224,RS,23,2026-01-20T17:15:00.000Z,OLY,TEL,result,v2_games
2025,220,RS,22,2026-01-16T19:45:00.000Z,MAD,BAR,result,v2_games
2025,218,RS,22,2026-01-16T19:00:00.000Z,ASV,HTA,result,v2_games
2025,217,RS,22,2026-01-16T17:45:00.000Z,ULK,PAM,result,v2_games
2025,214,RS,22,2026-01-15T19:45:00.000Z,PRS,MCO,result,v2_games
2025,216,RS,22,2026-01-15T19:30:00.000Z,MIL,RED,result,v2_games
2025,213,RS,22,2026-01-15T19:05:00.000Z,TEL,ZAL,result,v2_games
2025,212,RS,22,2026-01-15T18:30:00.000Z,MUN,PAN,result,v2_games
2025,211,RS,22,2026-01-15T17:30:00.000Z,IST,BAS,result,v2_games
2025,215,RS,22,2026-01-15T16:00:00.000Z,DUB,VIR,result,v2_games
2025,219,RS,22,2026-01-14T18:30:00.000Z,PAR,OLY,result,v2_games
2025,208,RS,21,2026-01-09T19:30:00.000Z,BAR,PAR,result,v2_games
2025,207,RS,21,2026-01-09T19:30:00.000Z,MIL,IST,result,v2_games
2025,206,RS,21,2026-01-09T19:30:00.000Z,BAS,ASV,result,v2_games
2025,209,RS,21,2026-01-09T19:15:00.000Z,OLY,MUN,result,v2_games
2025,210,RS,21,2026-01-09T18:00:00.000Z,ZAL,RED,result,v2_games
2025,202,RS,21,2026-01-08T19:45:00.000Z,MAD,TEL,result,v2_games
2025,203,RS,21,2026-01-08T19:30:00.000Z,PAM,MCO,result,v2_games
2025,204,RS,21,2026-01-08T19:15:00.000Z,PAN,VIR,result,v2_games
2025,201,RS,21,2026-01-08T16:00:00.000Z,DUB,ULK,result,v2_games
2025,200,RS,20,2026-01-07T19:30:00.000Z,MUN,BAS,result,v2_games
2025,199,RS,20,2026-01-07T17:30:00.000Z,IST,PRS,result,v2_games
2025,198,RS,20,2026-01-06T19:30:00.000Z,VIR,ZAL,result,v2_games
2025,193,RS,20,2026-01-06T19:30:00.000Z,BAR,TEL,result,v2_games
2025,197,RS,20,2026-01-06T19:15:00.000Z,PAN,MIL,result,v2_games
2025,195,RS,20,2026-01-06T19:05:00.000Z,HTA,DUB,result,v2_games
2025,196,RS,20,2026-01-06T19:00:00.000Z,ASV,MAD,result,v2_games
2025,192,RS,20,2026-01-06T19:00:00.000Z,RED,PAM,result,v2_games
2025,191,RS,20,2026-01-06T18:30:00.000Z,MCO,PAR,result,v2_games
2025,194,RS,20,2026-01-06T17:45:00.000Z,ULK,OLY,result,v2_games
2025,187,RS,19,2026-01-02T20:00:00.000Z,MUN,TEL,result,v2_games
2025,189,RS,19,2026-01-02T19:45:00.000Z,MAD,DUB,result,v2_games
2025,190,RS,19,2026-01-02T19:30:00.000Z,VIR,MIL,result,v2_games
2025,188,RS,19,2026-01-02T19:15:00.000Z,PAN,OLY,result,v2_games
2025,186,RS,19,2026-01-02T19:00:00.000Z,BAS,ULK,result,v2_games
2025,185,RS,19,2026-01-02T17:00:00.000Z,IST,RED,result,v2_games
2025,184,RS,19,2025-12-30T19:30:00.000Z,PAM,PAR,result,v2_games
2025,181,RS,19,2025-12-30T19:30:00.000Z,BAR,MCO,result,v2_games
2025,183,RS,19,2025-12-30T19:15:00.000Z,ASV,PRS,result,v2_games
2025,182,RS,19,2025-12-30T19:05:00.000Z,HTA,ZAL,result,v2_games
2025,180,RS,18,2025-12-26T19:30:00.000Z,VIR,OLY,result,v2_games
2025,178,RS,18,2025-12-26T18:30:00.000Z,MCO,MAD,result,v2_games
2025,179,RS,18,2025-12-26T17:00:00.000Z,PAR,TEL,result,v2_games
2025,174,RS,18,2025-12-23T19:45:00.000Z,PRS,RED,result,v2_games
2025,173,RS,18,2025-12-23T19:45:00.000Z,ASV,IST,result,v2_games
2025,175,RS,18,2025-12-23T19:00:00.000Z,PAM,BAS,result,v2_games
2025,171,RS,18,2025-12-23T18:30:00.000Z,MUN,HTA,result,v2_games
2025,176,RS,18,2025-12-23T18:00:00.000Z,ZAL,PAN,result,v2_games
2025,172,RS,18,2025-12-23T17:45:00.000Z,ULK,BAR,result,v2_games
2025,177,RS,18,2025-12-23T16:00:00.000Z,DUB,MIL,result,v2_games
2025,167,RS,17,2025-12-19T19:45:00.000Z,RED,VIR,result,v2_games
2025,168,RS,17,2025-12-19T19:30:00.000Z,BAR,BAS,result,v2_games
2025,169,RS,17,2025-12-19T19:15:00.000Z,OLY,ASV,result,v2_games
2025,166,RS,17,2025-12-19T18:30:00.000Z,MCO,MUN,result,v2_games
2025,170,RS,17,2025-12-19T18:00:00.000Z,ZAL,PAR,result,v2_games
2025,165,RS,17,2025-12-19T17:30:00.000Z,IST,DUB,result,v2_games
2025,164,RS,17,2025-12-18T19:45:00.000Z,MAD,PRS,result,v2_games
2025,161,RS,17,2025-12-18T19:30:00.000Z,MIL,ULK,result,v2_games
2025,163,RS,17,2025-12-18T19:15:00.000Z,PAN,HTA,result,v2_games
2025,162,RS,17,2025-12-18T19:05:00.000Z,TEL,PAM,result,v2_games
2025,159,RS,16,2025-12-17T19:30:00.000Z,PAR,VIR,result,v2_games
2025,157,RS,16,2025-12-17T19:30:00.000Z,BAS,MCO,result,v2_games
2025,158,RS,16,2025-12-17T19:00:00.000Z,ASV,MUN,result,v2_games
2025,160,RS,16,2025-12-17T18:00:00.000Z,ZAL,IST,result,v2_games
2025,156,RS,16,2025-12-16T20:00:00.000Z,PRS,BAR,result,v2_games
2025,152,RS,16,2025-12-16T19:30:00.000Z,MIL,MAD,result,v2_games
2025,155,RS,16,2025-12-16T19:15:00.000Z,OLY,PAM,result,v2_games
2025,154,RS,16,2025-12-16T19:05:00.000Z,HTA,RED,result,v2_games
2025,153,RS,16,2025-12-16T17:45:00.000Z,ULK,PAN,result,v2_games
2025,151,RS,16,2025-12-16T16:00:00.000Z,DUB,TEL,result,v2_games
2025,150,RS,15,2025-12-12T19:30:00.000Z,VIR,HTA,result,v2_games
2025,149,RS,15,2025-12-12T19:30:00.000Z,PAR,RED,result,v2_games
2025,148,RS,15,2025-12-12T19:30:00.000Z,BAR,OLY,result,v2_games
2025,147,RS,15,2025-12-12T18:30:00.000Z,MCO,ULK,result,v2_games
2025,142,RS,15,2025-12-12T16:00:00.000Z,DUB,MUN,result,v2_games
2025,145,RS,15,2025-12-11T20:00:00.000Z,MAD,BAS,result,v2_games
2025,144,RS,15,2025-12-11T19:45:00.000Z,PRS,ZAL,result,v2_games
2025,146,RS,15,2025-12-11T19:30:00.000Z,PAM,IST,result,v2_games
2025,143,RS,15,2025-12-11T19:30:00.000Z,MIL,PAN,result,v2_games
2025,141,RS,15,2025-12-11T19:05:00.000Z,TEL,ASV,result,v2_games
2025,140,RS,14,2025-12-05T19:30:00.000Z,VIR,DUB,result,v2_games
2025,138,RS,14,2025-12-05T19:30:00.000Z,BAS,MIL,result,v2_games
2025,139,RS,14,2025-12-05T19:15:00.000Z,PAN,PAM,result,v2_games
2025,137,RS,14,2025-12-05T19:00:00.000Z,RED,BAR,result,v2_games
2025,132,RS,14,2025-12-04T19:45:00.000Z,PAR,MUN,result,v2_games
2025,133,RS,14,2025-12-04T19:05:00.000Z,HTA,ASV,result,v2_games
2025,131,RS,14,2025-12-04T18:30:00.000Z,MCO,PRS,result,v2_games
2025,135,RS,14,2025-12-04T18:00:00.000Z,ZAL,TEL,result,v2_games
2025,136,RS,14,2025-12-04T17:15:00.000Z,IST,MAD,result,v2_games
2025,129,RS,13,2025-11-26T19:30:00.000Z,BAR,ASV,result,v2_games
2025,128,RS,13,2025-11-26T18:30:00.000Z,RED,OLY,result,v2_games
2025,127,RS,13,2025-11-26T18:30:00.000Z,MCO,IST,result,v2_games
2025,130,RS,13,2025-11-26T17:00:00.000Z,TEL,MIL,result,v2_games
2025,124,RS,13,2025-11-25T19:30:00.000Z,PAM,MUN,result,v2_games
2025,123,RS,13,2025-11-25T19:15:00.000Z,PAN,PAR,result,v2_games
2025,125,RS,13,2025-11-25T18:00:00.000Z,ZAL,BAS,result,v2_games
2025,122,RS,13,2025-11-25T18:00:00.000Z,HTA,MAD,result,v2_games
2025,126,RS,13,2025-11-25T17:45:00.000Z,ULK,VIR,result,v2_games
2025,121,RS,13,2025-11-25T16:00:00.000Z,DUB,PRS,result,v2_games
2025,119,RS,12,2025-11-21T20:00:00.000Z,PAM,RED,result,v2_games
2025,120,RS,12,2025-11-21T19:30:00.000Z,VIR,TEL,result,v2_games
2025,118,RS,12,2025-11-21T19:30:00.000Z,PAR,ULK,result,v2_games
2025,116,RS,12,2025-11-21T19:30:00.000Z,BAS,MUN,result,v2_games
2025,117,RS,12,2025-11-21T19:15:00.000Z,OLY,PRS,result,v2_games
2025,115,RS,12,2025-11-20T19:45:00.000Z,MAD,ZAL,result,v2_games
2025,113,RS,12,2025-11-20T19:30:00.000Z,MIL,HTA,result,v2_games
2025,114,RS,12,2025-11-20T19:15:00.000Z,PAN,DUB,result,v2_games
2025,112,RS,12,2025-11-20T17:30:00.000Z,IST,BAR,result,v2_games
2025,111,RS,12,2025-11-19T19:00:00.000Z,ASV,MCO,result,v2_games
2025,109,RS,11,2025-11-14T19:30:00.000Z,BAR,VIR,result,v2_games
2025,108,RS,11,2025-11-14T19:30:00.000Z,MIL,OLY,result,v2_games
2025,110,RS,11,2025-11-14T19:00:00.000Z,ASV,PAR,result,v2_games
2025,106,RS,11,2025-11-14T17:00:00.000Z,IST,MUN,result,v2_games
2025,107,RS,11,2025-11-14T16:00:00.000Z,DUB,ZAL,result,v2_games
2025,102,RS,11,2025-11-13T20:00:00.000Z,TEL,BAS,result,v2_games
2025,104,RS,11,2025-11-13T19:45:00.000Z,MAD,PAN,result,v2_games
2025,103,RS,11,2025-11-13T19:45:00.000Z,PRS,PAM,result,v2_games
2025,105,RS,11,2025-11-13T19:00:00.000Z,RED,MCO,result,v2_games
2025,101,RS,11,2025-11-13T19:00:00.000Z,ULK,HTA,result,v2_games
2025,99,RS,10,2025-11-12T19:30:00.000Z,MUN,BAR,result,v2_games
2025,98,RS,10,2025-11-12T19:30:00.000Z,MIL,ASV,result,v2_games
2025,100,RS,10,2025-11-12T19:15:00.000Z,OLY,ZAL,result,v2_games
2025,93,RS,10,2025-11-11T20:00:00.000Z,PRS,PAN,result,v2_games
2025,97,RS,10,2025-11-11T19:30:00.000Z,PAR,MCO,result,v2_games
2025,95,RS,10,2025-11-11T19:30:00.000Z,VIR,IST,result,v2_games
2025,94,RS,10,2025-11-11T19:30:00.000Z,PAM,MAD,result,v2_games
2025,92,RS,10,2025-11-11T19:05:00.000Z,HTA,BAS,result,v2_games
2025,91,RS,10,2025-11-11T19:00:00.000Z,ULK,TEL,result,v2_games
2025,96,RS,10,2025-11-11T16:00:00.000Z,DUB,RED,result,v2_games
2025,88,RS,9,2025-11-07T19:30:00.000Z,BAR,MAD,result,v2_games
2025,89,RS,9,2025-11-07T19:15:00.000Z,OLY,PAR,result,v2_games
2025,90,RS,9,2025-11-07T18:00:00.000Z,ZAL,PAM,result,v2_games
2025,87,RS,9,2025-11-07T17:30:00.000Z,IST,MIL,result,v2_games
2025,81,RS,9,2025-11-06T20:00:00.000Z,PRS,MUN,result,v2_games
2025,86,RS,9,2025-11-06T20:00:00.000Z,TEL,MCO,result,v2_games
2025,82,RS,9,2025-11-06T19:30:00.000Z,BAS,VIR,result,v2_games
2025,84,RS,9,2025-11-06T18:00:00.000Z,DUB,HTA,result,v2_games
2025,85,RS,9,2025-11-06T17:45:00.000Z,ULK,ASV,result,v2_games
2025,83,RS,9,2025-11-05T19:00:00.000Z,RED,PAN,result,v2_games
2025,80,RS,8,2025-10-31T19:30:00.000Z,PAR,BAR,result,v2_games
2025,78,RS,8,2025-10-31T19:30:00.000Z,BAS,IST,result,v2_games
2025,79,RS,8,2025-10-31T19:15:00.000Z,OLY,HTA,result,v2_games
2025,77,RS,8,2025-10-31T18:00:00.000Z,MCO,PAN,result,v2_games
2025,74,RS,8,2025-10-30T20:00:00.000Z,MAD,ULK,result,v2_games
2025,75,RS,8,2025-10-30T19:30:00.000Z,PAM,DUB,result,v2_games
2025,72,RS,8,2025-10-30T19:30:00.000Z,MUN,VIR,result,v2_games
2025,71,RS,8,2025-10-30T19:30:00.000Z,MIL,PRS,result,v2_games
2025,73,RS,8,2025-10-30T19:05:00.000Z,TEL,RED,result,v2_games
2025,76,RS,8,2025-10-30T18:00:00.000Z,ZAL,ASV,result,v2_games
2025,70,RS,7,2025-10-29T19:15:00.000Z,OLY,MCO,result,v2_games
2025,69,RS,7,2025-10-29T18:00:00.000Z,HTA,PAR,result,v2_games
2025,67,RS,7,2025-10-28T20:00:00.000Z,PAM,ULK,result,v2_games
2025,66,RS,7,2025-10-28T19:45:00.000Z,PRS,IST,result,v2_games
2025,63,RS,7,2025-10-28T19:30:00.000Z,BAR,MIL,result,v2_games
2025,61,RS,7,2025-10-28T19:30:00.000Z,BAS,DUB,result,v2_games
2025,65,RS,7,2025-10-28T19:15:00.000Z,PAN,TEL,result,v2_games
2025,64,RS,7,2025-10-28T19:00:00.000Z,MUN,MAD,result,v2_games
2025,68,RS,7,2025-10-28T18:00:00.000Z,ZAL,VIR,result,v2_games
2025,62,RS,7,2025-10-28T18:00:00.000Z,RED,ASV,result,v2_games
2025,58,RS,6,2025-10-24T18:45:00.000Z,MUN,OLY,result,v2_games
2025,59,RS,6,2025-10-24T18:30:00.000Z,PAR,PRS,result,v2_games
2025,60,RS,6,2025-10-24T18:00:00.000Z,VIR,PAN,result,v2_games
2025,57,RS,6,2025-10-24T17:30:00.000Z,IST,ULK,result,v2_games
2025,52,RS,6,2025-10-23T19:00:00.000Z,RED,BAS,result,v2_games
2025,54,RS,6,2025-10-23T18:30:00.000Z,BAR,ZAL,result,v2_games
2025,53,RS,6,2025-10-23T18:30:00.000Z,MIL,PAM,result,v2_games
2025,55,RS,6,2025-10-23T18:05:00.000Z,HTA,MCO,result,v2_games
2025,56,RS,6,2025-10-23T17:30:00.000Z,ASV,DUB,result,v2_games
2025,51,RS,6,2025-10-22T18:05:00.000Z,TEL,MAD,result,v2_games
2025,50,RS,5,2025-10-17T18:45:00.000Z,PRS,HTA,result,v2_games
2025,47,RS,5,2025-10-17T18:45:00.000Z,BAS,PAR,result,v2_games
2025,49,RS,5,2025-10-17T18:00:00.000Z,ASV,VIR,result,v2_games
2025,46,RS,5,2025-10-17T17:30:00.000Z,MCO,PAM,result,v2_games
2025,45,RS,5,2025-10-17T17:30:00.000Z,IST,PAN,result,v2_games
2025,48,RS,5,2025-10-17T17:00:00.000Z,RED,MAD,result,v2_games
2025,43,RS,5,2025-10-16T19:00:00.000Z,TEL,OLY,result,v2_games
2025,42,RS,5,2025-10-16T17:45:00.000Z,ULK,MUN,result,v2_games
2025,44,RS,5,2025-10-16T17:00:00.000Z,ZAL,MIL,result,v2_games
2025,41,RS,5,2025-10-16T16:00:00.000Z,DUB,BAR,result,v2_games
2025,38,RS,4,2025-10-15T18:45:00.000Z,MAD,PAR,result,v2_games
2025,37,RS,4,2025-10-15T18:45:00.000Z,PRS,BAS,result,v2_games
2025,40,RS,4,2025-10-15T18:30:00.000Z,VIR,MCO,result,v2_games
2025,39,RS,4,2025-10-15T18:30:00.000Z,PAM,HTA,result,v2_games
2025,36,RS,4,2025-10-15T18:15:00.000Z,PAN,ASV,result,v2_games
2025,32,RS,4,2025-10-14T18:30:00.000Z,MUN,MIL,result,v2_games
2025,34,RS,4,2025-10-14T18:15:00.000Z,OLY,IST,result,v2_games
2025,31,RS,4,2025-10-14T18:00:00.000Z,RED,ZAL,result,v2_games
2025,33,RS,4,2025-10-14T17:45:00.000Z,ULK,DUB,result,v2_games
2025,35,RS,4,2025-10-14T17:00:00.000Z,TEL,BAR,result,v2_games
2025,29,RS,3,2025-10-10T18:30:00.000Z,MUN,ZAL,result,v2_games
2025,28,RS,3,2025-10-10T18:30:00.000Z,BAR,PAM,result,v2_games
2025,27,RS,3,2025-10-10T18:15:00.000Z,OLY,DUB,result,v2_games
2025,30,RS,3,2025-10-10T17:45:00.000Z,ULK,RED,result,v2_games
2025,25,RS,3,2025-10-09T19:00:00.000Z,MAD,ASV,result,v2_games
2025,24,RS,3,2025-10-09T18:45:00.000Z,PRS,VIR,result,v2_games
2025,26,RS,3,2025-10-09T18:30:00.000Z,PAR,IST,result,v2_games
2025,23,RS,3,2025-10-09T18:30:00.000Z,MIL,MCO,result,v2_games
2025,22,RS,3,2025-10-09T18:30:00.000Z,BAS,PAN,result,v2_games
2025,21,RS,3,2025-10-08T18:05:00.000Z,HTA,TEL,result,v2_games
2025,15,RS,2,2025-10-03T19:30:00.000Z,TEL,PRS,result,v2_games
2025,19,RS,2,2025-10-03T18:30:00.000Z,PAM,VIR,result,v2_games
2025,18,RS,2,2025-10-03T18:15:00.000Z,PAN,BAR,result,v2_games
2025,17,RS,2,2025-10-03T18:00:00.000Z,ASV,BAS,result,v2_games
2025,16,RS,2,2025-10-03T17:30:00.000Z,MCO,DUB,result,v2_games
2025,14,RS,2,2025-10-03T17:30:00.000Z,IST,HTA,result,v2_games
2025,20,RS,2,2025-10-03T17:00:00.000Z,ZAL,ULK,result,v2_games
2025,13,RS,2,2025-10-02T18:45:00.000Z,MAD,OLY,result,v2_games
2025,12,RS,2,2025-10-02T18:30:00.000Z,PAR,MIL,result,v2_games
2025,11,RS,2,2025-10-02T18:30:00.000Z,MUN,RED,result,v2_games
2025,10,RS,1,2025-10-01T18:00:00.000Z,ASV,PAM,result,v2_games
2025,8,RS,1,2025-10-01T17:45:00.000Z,ULK,PRS,result,v2_games
2025,9,RS,1,2025-10-01T17:30:00.000Z,MCO,ZAL,result,v2_games
2025,7,RS,1,2025-09-30T18:45:00.000Z,VIR,MAD,result,v2_games
2025,2,RS,1,2025-09-30T18:30:00.000Z,BAS,OLY,result,v2_games
2025,6,RS,1,2025-09-30T18:15:00.000Z,PAN,MUN,result,v2_games
2025,3,RS,1,2025-09-30T18:00:00.000Z,RED,MIL,result,v2_games
2025,1,RS,1,2025-09-30T17:45:00.000Z,IST,TEL,result,v2_games
2025,4,RS,1,2025-09-30T16:00:00.000Z,DUB,PAR,result,v2_games
2025,5,RS,1,2025-09-30T16:00:00.000Z,HTA,BAR,result,v2_games
