season,player_code,player_name,team,is_traded,age,age_c,age_c2,pir_lag_raw,pir_lag_shrunk,shrink_w,games_lag,min_lag,el_seasons,league_pir_mean,pir_lag1_season,pir_lag2_season,pir_per_game,min_per_game,games,sum_pir
2018,2100,"DE COLO, NANDO",CSK,False,31,4,16,21.24047976011994,15.46299768079611,0.5652173913043478,52.0,26.76127936031984,2,7.952270977675135,2017.0,2016.0,15.285714285714286,24.573214285714283,28.0,428.0
2018,1887,"LANGFORD, KEITH",PAN,False,35,8,64,21.821428571428573,13.663100575103023,0.4117647058823529,28.0,34.02797619047619,1,7.952270977675135,2016.0,,10.409090909090908,20.059848484848484,22.0,229.0
2018,KVZ,"SHVED, ALEXEY",KHI,False,30,3,9,20.0,13.115583415814363,0.42857142857142855,30.0,32.28944444444444,1,7.952270977675135,2017.0,,23.214285714285715,32.00119047619047,14.0,325.0
2018,1932,"CALATHES, NICK",PAN,False,29,2,4,16.022222222222222,12.694407276017238,0.5876288659793815,57.0,28.360148148148145,2,7.952270977675135,2017.0,2016.0,16.666666666666668,31.063333333333333,30.0,500.0
2018,1133,"SHENGELIA, TORNIKE",BAS,False,27,0,0,15.916912972085385,12.37707208568083,0.5555555555555556,50.0,23.687006020799124,2,7.952270977675135,2017.0,2016.0,14.9375,25.37708333333333,16.0,239.0
2018,3048,"DUNSTON, BRYANT",IST,False,32,5,25,15.293333333333333,12.356908391070053,0.6,60.0,28.62366666666667,2,7.952270977675135,2017.0,2016.0,12.655172413793103,25.135632183908044,29.0,367.0
2018,BWI,"JANKUNAS, PAULIUS",ZAL,False,34,7,49,15.272183908045978,12.314643330118365,0.5959595959595959,59.0,22.772237547892722,2,7.952270977675135,2017.0,2016.0,7.529411764705882,16.0578431372549,17.0,128.0
2018,925,"VESELY, JAN",ULK,False,28,1,1,14.658620689655173,11.893115653787115,0.5876288659793815,57.0,25.880833333333335,2,7.952270977675135,2017.0,2016.0,19.28,26.184,25.0,482.0
2018,AMM,"PRINTEZIS, GEORGIOS",OLY,False,33,6,36,14.984,11.85878710118895,0.5555555555555556,50.0,25.2772,2,7.952270977675135,2017.0,2016.0,12.633333333333333,25.56833333333333,30.0,379.0
2018,TGB,"LLULL, SERGIO",MAD,False,31,4,16,16.703703703703702,11.478967747865752,0.40298507462686567,27.0,27.409259259259255,1,7.952270977675135,2016.0,,9.76,21.57266666666667,25.0,244.0
2018,6614,"SINGLETON, CHRIS",BAR,False,29,2,4,13.813333333333334,11.468908391070055,0.6,60.0,29.424777777777777,2,7.952270977675135,2017.0,2016.0,8.6,24.38222222222222,30.0,258.0
2018,KLT,"HEURTEL, THOMAS",BAR,False,29,2,4,13.719999999999999,11.412908391070054,0.6,60.0,24.696444444444445,2,7.952270977675135,2017.0,2016.0,11.8,21.10388888888889,30.0,354.0
2018,2849,"MELLI, NICOLO",ULK,False,27,0,0,13.620000000000001,11.352908391070056,0.6,60.0,27.204555555555554,2,7.952270977675135,2017.0,2016.0,9.333333333333334,25.912222222222223,30.0,280.0
2018,4888,"CLYBURN, WILL",CSK,False,28,1,1,13.526666666666666,11.296908391070055,0.6,60.0,27.14311111111111,2,7.952270977675135,2017.0,2016.0,18.0,26.93735632183908,29.0,522.0
2018,5927,"AYON, GUSTAVO",MAD,False,33,6,36,14.343333333333334,11.225741940329334,0.5121951219512195,42.0,21.777944444444444,2,7.952270977675135,2017.0,2016.0,14.76923076923077,19.775641025641026,26.0,384.0
2018,848,"NEDOVIC, NEMANJA",MIL,False,27,0,0,16.666666666666668,11.22016936104696,0.375,24.0,25.08125,1,7.952270977675135,2017.0,,10.4,23.467777777777776,15.0,156.0
2018,3120,"GUDAITIS, ARTURAS",MIL,False,25,-2,4,15.413793103448276,11.08827303053631,0.42028985507246375,29.0,20.692528735632184,1,7.952270977675135,2017.0,,18.666666666666668,23.815873015873017,21.0,392.0
2018,7200,"LARKIN, SHANE",IST,False,26,-1,1,14.866666666666667,10.915583415814362,0.42857142857142855,30.0,29.087222222222223,1,7.952270977675135,2016.0,,11.464285714285714,20.47619047619048,28.0,321.0
2018,7201,"VOIGTMANN, JOHANNES",BAS,False,26,-1,1,12.879999999999999,10.908908391070053,0.6,60.0,21.899,2,7.952270977675135,2017.0,2016.0,11.96551724137931,24.109195402298848,29.0,347.0
2018,2507,"TOMIC, ANTE",BAR,False,31,4,16,12.892857142857142,10.85550202319446,0.5876288659793815,57.0,19.879244663382593,2,7.952270977675135,2017.0,2016.0,13.366666666666667,20.37444444444445,30.0,401.0
2018,4119,"TYUS, ALEX",TEL,False,30,3,9,12.293333333333333,10.556908391070053,0.6,60.0,19.848999999999997,2,7.952270977675135,2017.0,2016.0,10.033333333333331,18.302222222222223,30.0,301.0
2018,5985,"JAMES, MIKE",MIL,False,28,1,1,13.804545454545455,10.460388610619557,0.42857142857142855,30.0,24.547045454545454,2,7.952270977675135,2017.0,2016.0,20.23333333333333,33.94777777777777,30.0,607.0
2018,1926,"SLOUKAS, KOSTAS",ULK,False,28,1,1,11.905747126436783,10.205327277507042,0.5698924731182796,53.0,25.221791187739463,2,7.952270977675135,2017.0,2016.0,15.48148148148148,26.927777777777777,27.0,418.0
2018,CVM,"RODRIGUEZ, SERGIO",CSK,False,32,5,25,13.166666666666666,10.187011987242933,0.42857142857142855,30.0,25.51055555555556,1,7.952270977675135,2017.0,,9.20689655172414,22.06149425287356,29.0,267.0
2018,5757,"RANDOLPH, ANTHONY",MAD,False,29,2,4,12.214285714285715,10.160302708690255,0.5180722891566265,43.0,20.174714285714284,2,7.952270977675135,2017.0,2016.0,14.586206896551724,22.477586206896557,29.0,423.0
2018,LHK,"PLEISS, TIBOR",IST,False,29,2,4,11.59901477832512,10.095202901768426,0.5876288659793815,57.0,18.419178981937602,2,7.952270977675135,2017.0,2016.0,10.3,14.849444444444446,30.0,309.0
2018,6450,"HIGGINS, CORY",CSK,False,29,2,4,11.446666666666667,10.005678753680469,0.5876288659793815,57.0,22.25,2,7.952270977675135,2017.0,2016.0,14.423076923076923,24.657051282051285,26.0,375.0
2018,5159,"GREEN, ERICK",ULK,False,26,-1,1,11.416502463054186,9.987953396918495,0.5876288659793815,57.0,23.017840722495894,2,7.952270977675135,2017.0,2016.0,4.636363636363637,12.712121212121213,22.0,102.0
2018,529,"MICOV, VLADIMIR",MIL,False,33,6,36,11.310344827586206,9.939702439867402,0.5918367346938775,58.0,28.170344827586206,2,7.952270977675135,2017.0,2016.0,13.7,31.31444444444444,30.0,411.0
2018,6433,"PANGOS, KEVIN",BAR,False,25,-2,4,11.22,9.912908391070054,0.6,60.0,24.869777777777777,2,7.952270977675135,2017.0,2016.0,6.433333333333334,20.17277777777777,30.0,193.0
2018,3024,"GRANGER, JAYSON",BAS,False,29,2,4,11.053793103448276,9.800652850610643,0.5959595959595959,59.0,23.660973180076628,2,7.952270977675135,2017.0,2016.0,5.666666666666667,19.280555555555555,12.0,68.0
2018,JUO,"SPANOULIS, VASSILIS",OLY,False,36,9,81,11.346153846153847,9.767603674768399,0.5348837209302325,46.0,25.978679487179484,2,7.952270977675135,2017.0,2016.0,9.0,22.066666666666663,25.0,225.0
2018,3941,"MILUTINOV, NIKOLA",OLY,False,24,-3,9,11.054641909814324,9.748380464703086,0.5789473684210527,55.0,18.52785587975243,2,7.952270977675135,2017.0,2016.0,20.0,26.02142857142857,28.0,560.0
2018,1255,"PAPANIKOLAOU, KOSTAS",OLY,False,28,1,1,11.032,9.735271990600058,0.5789473684210527,55.0,23.649733333333334,2,7.952270977675135,2017.0,2016.0,8.066666666666666,23.446666666666665,30.0,242.0
2018,2812,"HINES, KYLE",CSK,False,32,5,25,10.828505747126437,9.666390688762274,0.5959595959595959,59.0,21.00218390804598,2,7.952270977675135,2017.0,2016.0,8.3,19.59333333333333,30.0,249.0
2018,8001,"GILL, ANTHONY",KHI,False,26,-1,1,12.107142857142858,9.663100575103021,0.4117647058823529,28.0,25.39047619047619,1,7.952270977675135,2017.0,,12.076923076923077,26.664102564102564,13.0,157.0
2018,5099,"HANGA, ADAM",BAR,False,29,2,4,10.882564102564103,9.661608633860366,0.5833333333333334,56.0,26.01211965811966,2,7.952270977675135,2017.0,2016.0,10.272727272727272,20.641666666666666,22.0,226.0
2018,2329,"ULANOVAS, EDGARAS",ZAL,False,26,-1,1,10.671724137931035,9.572955184292287,0.5959595959595959,59.0,25.93937164750958,2,7.952270977675135,2017.0,2016.0,8.066666666666666,24.912777777777777,30.0,242.0
2018,CPR,"SIMON, KRUNOSLAV",IST,False,33,6,36,10.766666666666666,9.472691637245273,0.5402298850574713,47.0,28.005201465201466,2,7.952270977675135,2017.0,2016.0,13.066666666666666,24.80111111111111,30.0,392.0
2018,2980,"GIST, JAMES",PAN,False,32,5,25,10.906666666666666,9.46549803789031,0.5121951219512195,42.0,25.037,2,7.952270977675135,2017.0,2016.0,9.666666666666666,21.741111111111117,30.0,290.0
2018,4251,"THOMAS, MALCOLM",KHI,False,30,3,9,11.466666666666669,9.458440558671505,0.42857142857142855,30.0,21.68,1,7.952270977675135,2017.0,,12.1,20.596666666666668,30.0,363.0
2018,5160,"HUNTER, OTHELLO",CSK,False,32,5,25,10.273333333333333,9.285647224542611,0.574468085106383,54.0,17.851611111111108,2,7.952270977675135,2017.0,2016.0,9.4,18.128888888888888,30.0,282.0
2018,5928,"CAMPAZZO, FACUNDO",MAD,False,27,0,0,11.107142857142858,9.251335869220668,0.4117647058823529,28.0,24.242261904761904,1,7.952270977675135,2017.0,,11.172413793103448,23.08505747126437,29.0,324.0
2018,5791,"TAVARES, WALTER",MAD,False,26,-1,1,11.478260869565217,9.239537128682624,0.36507936507936506,23.0,19.018115942028988,1,7.952270977675135,2017.0,,13.551724137931034,19.48390804597701,29.0,393.0
2018,7989,"COLE, NORRIS",BUD,False,30,3,9,11.071428571428571,9.236629986867726,0.4117647058823529,28.0,24.555952380952384,1,7.952270977675135,2017.0,,15.2,26.63888888888889,15.0,228.0
2018,1948,"SERAPHIN, KEVIN",BAR,False,29,2,4,12.466666666666669,9.183469801945552,0.2727272727272727,15.0,20.27777777777778,1,7.952270977675135,2017.0,,7.916666666666667,13.999305555555551,24.0,190.0
2018,4887,"POIRIER, VINCENT",BAS,False,25,-2,4,10.666666666666666,9.115583415814363,0.42857142857142855,30.0,17.339444444444442,1,7.952270977675135,2017.0,,16.366666666666667,25.491666666666667,30.0,491.0
2018,6661,"WILBEKIN, SCOTTIE",TEL,False,25,-2,4,10.77777777777778,9.090908046373215,0.40298507462686567,27.0,24.820987654320987,1,7.952270977675135,2016.0,,11.03448275862069,24.78850574712644,29.0,320.0
2018,CCD,"DATOME, LUIGI",ULK,False,31,4,16,9.79704433497537,9.036313053614448,0.5876288659793815,57.0,24.67262725779967,2,7.952270977675135,2017.0,2016.0,8.2,20.462777777777777,30.0,246.0
2018,6505,"WHITE, AARON",ZAL,False,26,-1,1,10.466666666666669,9.029869130100078,0.42857142857142855,30.0,23.381666666666668,1,7.952270977675135,2017.0,,10.566666666666666,25.100555555555555,30.0,317.0
2018,8004,"TARCZEWSKI, KALEB",MIL,False,25,-2,4,10.133333333333333,8.887011987242934,0.42857142857142855,30.0,19.684444444444445,1,7.952270977675135,2017.0,,8.75,18.15972222222222,24.0,210.0
2018,AAX,"REYES, FELIPE",MAD,False,38,11,121,9.52183908045977,8.867852370966173,0.5833333333333334,56.0,15.01252447850149,2,7.952270977675135,2017.0,2016.0,5.238095238095238,8.957142857142857,21.0,110.0
2018,5781,"KANE, DEANDRE",TEL,False,29,2,4,9.833333333333334,8.758440558671506,0.42857142857142855,30.0,23.377222222222223,1,7.952270977675135,2017.0,,8.64,25.75133333333333,25.0,216.0
2018,46,"STRELNIEKS, JANIS",OLY,False,29,2,4,9.309090909090909,8.719169199779703,0.5652173913043478,52.0,22.340363636363637,2,7.952270977675135,2017.0,2016.0,8.3,20.775,20.0,166.0
2018,BMT,"FERNANDEZ, RUDY",MAD,False,33,6,36,9.299692307692307,8.707419195596847,0.5604395604395604,51.0,21.325425641025642,2,7.952270977675135,2017.0,2016.0,10.576923076923077,20.097435897435897,26.0,275.0
2018,4117,"BROOKS, JEFF",MIL,False,29,2,4,9.846153846153848,8.698346047075841,0.3939393939393939,26.0,22.887179487179488,1,7.952270977675135,2017.0,,8.551724137931034,25.12528735632184,29.0,248.0
2018,6590,"BEAUBOIS, RODRIGUE",IST,False,30,3,9,9.140996168582376,8.645694005704359,0.5833333333333334,56.0,20.56248616432525,2,7.952270977675135,2017.0,2016.0,8.714285714285714,21.935119047619047,28.0,244.0
2018,1844,"HACKETT, DANIEL",CSK,False,31,4,16,9.27972027972028,8.590136226709815,0.4805194805194805,37.0,20.218986013986015,2,7.952270977675135,2017.0,2016.0,6.965517241379311,17.202298850574714,29.0,202.0
2018,4974,"ROLL, MICHAEL",TEL,False,31,4,16,9.275862068965518,8.508562885608773,0.42028985507246375,29.0,26.24137931034483,1,7.952270977675135,2017.0,,8.655172413793103,21.51781609195402,29.0,251.0
2018,3067,"JERRELLS, CURTIS",MIL,False,31,4,16,9.291666666666666,8.45454436104696,0.375,24.0,20.646527777777777,1,7.952270977675135,2017.0,,4.233333333333333,15.07,30.0,127.0
2018,4863,"JOVIC, STEFAN",MUN,False,28,1,1,9.304347826086955,8.445886335031831,0.36507936507936506,23.0,23.88840579710145,1,7.952270977675135,2016.0,,10.217391304347826,21.4731884057971,23.0,235.0
2018,1392,"CAUSEUR, FABIEN",MAD,False,31,4,16,8.780000000000001,8.445564031383894,0.5959595959595959,59.0,21.41494252873563,2,7.952270977675135,2017.0,2016.0,4.866666666666666,14.391111111111112,30.0,146.0
2018,2008,"KUZMINSKAS, MINDAUGAS",MIL,False,29,2,4,9.571428571428571,8.372052576055655,0.25925925925925924,14.0,21.942857142857143,1,7.952270977675135,2017.0,,8.8,17.05388888888889,30.0,264.0
2018,1833,"MOERMAN, ADRIEN",IST,False,30,3,9,8.55241379310345,8.309931847475848,0.5959595959595959,59.0,22.663609195402298,2,7.952270977675135,2017.0,2016.0,15.733333333333333,27.93277777777778,30.0,472.0
2018,6599,"MOTUM, BROCK",IST,False,28,1,1,8.331034482758621,8.17799872312893,0.5959595959595959,59.0,20.750750957854407,2,7.952270977675135,2017.0,2016.0,5.551724137931035,11.56896551724138,29.0,161.0
2018,7870,"DAVIES, BRANDON",ZAL,False,27,0,0,8.466666666666667,8.17272627295722,0.42857142857142855,30.0,15.979444444444445,1,7.952270977675135,2017.0,,17.466666666666665,24.457222222222224,30.0,524.0
2018,5917,"ORIOLA, PIERRE",BAR,False,26,-1,1,8.407407407407407,8.1356841657762,0.40298507462686567,27.0,18.78703703703704,1,7.952270977675135,2017.0,,6.233333333333333,17.441111111111113,30.0,187.0
2018,5938,"ANDERSON, JAMES",IST,False,29,2,4,8.142222222222223,8.063891812099712,0.5876288659793815,57.0,22.71059259259259,2,7.952270977675135,2017.0,2016.0,4.633333333333334,14.683333333333334,30.0,139.0
2018,8002,"MCCALLUM, RAY",DAR,False,27,0,0,8.1,8.015583415814362,0.42857142857142855,30.0,21.54777777777777,1,7.952270977675135,2017.0,,9.3125,22.0375,16.0,149.0
2018,7400,"NUNNALLY, JAMES",MIL,False,28,1,1,8.003333333333334,7.981604671351121,0.574468085106383,54.0,20.56363888888889,2,7.952270977675135,2017.0,2016.0,14.5,26.860000000000003,10.0,145.0
2018,2580,"MICIC, VASILIJE",IST,False,24,-3,9,8.0,7.972726272957219,0.42857142857142855,30.0,22.389444444444443,1,7.952270977675135,2017.0,,13.666666666666666,27.503888888888888,30.0,410.0
2018,5836,"THOMPKINS, TREY",MAD,False,28,1,1,7.936231884057971,7.943869547685193,0.5238095238095238,44.0,18.1359972394755,2,7.952270977675135,2017.0,2016.0,8.473684210526315,17.01578947368421,19.0,161.0
2018,4178,"KOPONEN, PETTERI",MUN,False,30,3,9,7.93588761174968,7.94271401421862,0.5833333333333334,56.0,21.147134951043,2,7.952270977675135,2017.0,2016.0,8.8,18.30666666666667,30.0,264.0
2018,7050,"CLARKE, COTY",BUD,False,26,-1,1,7.428571428571429,7.816497020500099,0.25925925925925924,14.0,21.789285714285715,1,7.952270977675135,2016.0,,7.758620689655173,21.92816091954023,29.0,225.0
2018,5718,"TIMMA, JANIS",OLY,False,26,-1,1,7.620689655172414,7.81291071169573,0.42028985507246375,29.0,22.908045977011497,1,7.952270977675135,2017.0,,2.130434782608696,11.521014492753622,23.0,49.0
2018,5094,"THOMAS, DESHAUN",PAN,False,27,0,0,7.6709523809523805,7.785776297982077,0.5918367346938775,58.0,20.338944444444444,2,7.952270977675135,2017.0,2016.0,10.0,21.83505747126437,29.0,290.0
2018,6586,"KALAITZAKIS, GEORGIOS",PAN,False,19,-8,64,0.0,7.758313148951351,0.024390243902439025,1.0,0.3666666666666666,1,7.952270977675135,2017.0,,-3.0,1.9833333333333327,1.0,-3.0
2018,JLX,"KURBANOV, NIKITA",CSK,False,32,5,25,7.613333333333333,7.748908391070054,0.6,60.0,19.087333333333333,2,7.952270977675135,2017.0,2016.0,7.357142857142857,16.61547619047619,28.0,206.0
2018,4222,"OMIC, ALEN",MIL;BUD,True,26,-1,1,7.401069518716578,7.725305671045142,0.4117647058823529,28.0,13.715561497326204,2,7.952270977675135,2017.0,2016.0,7.482758620689655,16.917241379310347,29.0,217.0
2018,4997,"DIEBLER, JON",DAR,False,30,3,9,7.275862068965517,7.667983175463846,0.42028985507246375,29.0,18.99827586206897,1,7.952270977675135,2016.0,,3.4285714285714284,18.24047619047619,28.0,96.0
2018,1324,"MUHAMMED, ALI",ULK,False,35,8,64,7.4093306288032466,7.661861023627381,0.5348837209302325,46.0,17.163847194050035,2,7.952270977675135,2017.0,2016.0,9.0,17.77183908045977,29.0,261.0
2018,3608,"LOJESKI, MATT",PAN,False,33,6,36,7.408026755852843,7.652630900492076,0.550561797752809,49.0,19.808461538461536,2,7.952270977675135,2017.0,2016.0,5.909090909090909,15.9,22.0,130.0
2018,LME,"MARKOVIC, STEFAN",KHI,False,30,3,9,7.172413793103448,7.624504914594281,0.42028985507246375,29.0,23.639080459770117,1,7.952270977675135,2017.0,,7.925925925925926,23.77037037037037,27.0,214.0
2018,8152,"DOUGLAS, TONEY",DAR,False,32,5,25,6.642857142857143,7.612793316796396,0.25925925925925924,14.0,18.010714285714286,1,7.952270977675135,2017.0,,13.0,27.5625,20.0,260.0
2018,5348,"ARNA, EGEHAN",ULK,False,21,-6,36,0.7999999999999999,7.61168664540489,0.047619047619047616,2.0,2.36,2,7.952270977675135,2017.0,2016.0,-2.0,4.216666666666667,2.0,-4.0
2018,8032,"GONZALEZ, MIGUEL",BAS,False,19,-8,64,0.5,7.597400931119176,0.047619047619047616,2.0,3.95,1,7.952270977675135,2017.0,,-0.1666666666666666,0.9666666666666668,6.0,-1.0
2018,4165,"JANNING, MATT",BAS,False,30,3,9,6.966666666666667,7.529869130100077,0.42857142857142855,30.0,22.28833333333333,1,7.952270977675135,2017.0,,8.76,26.360666666666667,25.0,219.0
2018,6555,"WOLTERS, NATE",ZAL,False,27,0,0,6.814814814814815,7.49389312100008,0.40298507462686567,27.0,15.08148148148148,1,7.952270977675135,2016.0,,11.208333333333334,23.125694444444445,24.0,269.0
2018,3469,"VEZENKOV, SASHA",OLY,False,23,-4,16,7.0317948717948715,7.475397814387769,0.5180722891566265,43.0,14.368102564102564,2,7.952270977675135,2017.0,2016.0,4.75,10.405357142857143,28.0,133.0
2018,229,"JACKSON, EDWIN",BUD,False,29,2,4,5.333333333333333,7.471241614428682,0.1836734693877551,9.0,14.557407407407409,1,7.952270977675135,2017.0,,8.733333333333333,26.397222222222226,30.0,262.0
2018,LEM,"RADOSEVIC, LEON",MUN,False,28,1,1,6.9,7.338446240697973,0.5833333333333334,56.0,18.880952380952383,2,7.952270977675135,2017.0,2016.0,4.724137931034483,15.392528735632183,29.0,137.0
2018,7866,"MITOGLOU, KONSTANTINOS",PAN,False,22,-5,25,0.5,7.274791797886486,0.09090909090909091,4.0,3.1083333333333334,1,7.952270977675135,2017.0,,4.36,14.503333333333332,25.0,109.0
2018,8348,"PAYNE, ADREIAN",PAN,False,27,0,0,3.875,7.272725814729279,0.16666666666666666,8.0,10.258333333333333,1,7.952270977675135,2017.0,,2.0,6.829166666666666,4.0,8.0
2018,4094,"DEMIR, BERK",DAR,False,23,-4,16,1.8,7.268685313489009,0.1111111111111111,5.0,6.813333333333334,1,7.952270977675135,2017.0,,2.2142857142857144,9.132142857142856,28.0,62.0
2018,7768,"LEVI, NIMROD",TEL,False,23,-4,16,1.4,7.224240869044564,0.1111111111111111,5.0,4.3166666666666655,1,7.952270977675135,2016.0,,0.4,2.2566666666666664,5.0,2.0
2018,JUG,"RIBAS, PAU",BAR,False,31,4,16,6.242857142857143,7.219665048467424,0.42857142857142855,30.0,14.656785714285713,2,7.952270977675135,2017.0,2016.0,4.954545454545454,17.561363636363637,22.0,109.0
2018,4264,"BOST, DEE",KHI,False,29,2,4,2.333333333333333,7.219366067543595,0.13043478260869565,6.0,7.852777777777778,1,7.952270977675135,2017.0,,7.739130434782608,23.562318840579707,23.0,178.0
2018,4004,"GUDURIC, MARKO",ULK,False,23,-4,16,6.719310344827586,7.217476257089222,0.5959595959595959,59.0,17.540954022988508,2,7.952270977675135,2017.0,2016.0,9.566666666666666,21.000555555555557,30.0,287.0
2018,556,"CLAVER, VICTOR",BAR,False,30,3,9,6.612962962962962,7.201669782616665,0.5604395604395604,51.0,18.392824074074078,2,7.952270977675135,2017.0,2016.0,7.5,21.325,30.0,225.0
2018,2582,"TOUPANE, AXEL",OLY,False,26,-1,1,6.107142857142857,7.1925123398089035,0.4117647058823529,28.0,15.6,1,7.952270977675135,2017.0,,3.3076923076923075,13.59871794871795,26.0,86.0
2018,2543,"WESTERMANN, LEO",ZAL,False,26,-1,1,6.4,7.148082398879583,0.5180722891566265,43.0,18.201333333333334,2,7.952270977675135,2017.0,2016.0,6.739130434782608,16.722463768115944,23.0,155.0
2018,JUJ,"HUERTAS, MARCELINHO",BAS,False,35,8,64,5.84,7.139859063184699,0.38461538461538464,25.0,15.452,1,7.952270977675135,2017.0,,9.366666666666667,19.521666666666665,30.0,281.0
2018,5014,"JENKINS, CHARLES",KHI,False,29,2,4,6.586666666666668,7.132908391070055,0.6,60.0,23.15111111111111,2,7.952270977675135,2017.0,2016.0,7.137931034482759,24.441954022988508,29.0,207.0
2018,4866,"KALINIC, NIKOLA",ULK,False,27,0,0,6.275824175824176,7.103699139701193,0.5061728395061729,41.0,19.08763736263736,2,7.952270977675135,2017.0,2016.0,10.933333333333334,25.732222222222223,30.0,328.0
2018,1960,"CARROLL, JAYCEE",MAD,False,35,8,64,6.52,7.092908391070054,0.6,60.0,16.066777777777776,2,7.952270977675135,2017.0,2016.0,6.807692307692308,16.830128205128204,26.0,177.0
2018,7994,"GARINO, PATRICIO",BAS,False,25,-2,4,5.157894736842105,7.052387103508566,0.3220338983050847,19.0,15.996491228070177,1,7.952270977675135,2017.0,,3.571428571428572,12.747619047619049,14.0,50.0
2018,464,"PAPPAS, NIKOS",PAN,False,28,1,1,6.381868131868132,7.050124661998772,0.574468085106383,54.0,17.9364652014652,2,7.952270977675135,2017.0,2016.0,4.157894736842105,17.959649122807015,19.0,79.0
2018,JPF,"SAVAS, OGUZ",DAR,False,31,4,16,2.375,7.022725814729279,0.16666666666666666,8.0,6.41875,1,7.952270977675135,2016.0,,4.962962962962963,13.473456790123455,27.0,134.0
2018,3479,"KUZMIC, OGNJEN",MAD,False,28,1,1,5.86,7.022372765375074,0.4444444444444444,32.0,11.138888888888888,2,7.952270977675135,2017.0,2016.0,2.0,6.81,5.0,10.0
2018,2744,"TILLIE, KIM",CAN,False,30,3,9,5.944827586206896,7.015464061656624,0.4666666666666667,35.0,17.535229885057472,2,7.952270977675135,2017.0,2016.0,5.413793103448276,17.03965517241379,29.0,157.0
2018,3210,"LEKAVICIUS, LUKAS",PAN,False,24,-3,9,6.293333333333333,6.956908391070054,0.6,60.0,14.986444444444444,2,7.952270977675135,2017.0,2016.0,3.933333333333333,10.916666666666666,30.0,118.0
2018,LHI,"VORONTSEVICH, ANDREY",CSK,False,31,4,16,6.136,6.900745674810583,0.5789473684210527,55.0,17.148888888888887,2,7.952270977675135,2017.0,2016.0,1.8666666666666667,10.412222222222224,15.0,28.0
2018,KIW,"CINCIARINI, ANDREA",MIL,False,32,5,25,5.957608695652174,6.8746948023293974,0.5402298850574713,47.0,15.57786231884058,2,7.952270977675135,2017.0,2016.0,2.4285714285714284,11.228571428571428,14.0,34.0
2018,2561,"RADICEVIC, NIKOLA",CAN,False,24,-3,9,1.8888888888888888,6.838588553204192,0.1836734693877551,9.0,12.344444444444443,1,7.952270977675135,2017.0,,6.0,16.915476190476188,14.0,84.0
2018,KPD,"MILAKNIS, ARTURAS",ZAL,False,32,5,25,6.033333333333333,6.800908391070054,0.6,60.0,21.937111111111108,2,7.952270977675135,2017.0,2016.0,5.633333333333334,23.13,30.0,169.0
2018,3573,"ZUBKOV, ANDREY",KHI,False,27,0,0,2.7857142857142856,6.612793316796396,0.25925925925925924,14.0,10.409523809523808,1,7.952270977675135,2017.0,,5.08,15.732,25.0,127.0
2018,2276,"KULAGIN, MIKHAIL",CSK,False,24,-3,9,2.0666666666666664,6.594054598211642,0.23076923076923078,12.0,5.893888888888889,2,7.952270977675135,2017.0,2016.0,-0.2222222222222222,5.77037037037037,9.0,-2.0
2018,3453,"THOMPSON, DEON",ZAL,False,30,3,9,4.384615384615385,6.546830895560689,0.3939393939393939,26.0,11.04551282051282,1,7.952270977675135,2016.0,,6.230769230769231,13.12051282051282,13.0,81.0
2018,494,"GULER, SINAN",ULK,False,35,8,64,5.126666666666667,6.539468822170901,0.5,40.0,15.726777777777777,2,7.952270977675135,2017.0,2016.0,1.2142857142857142,4.902380952380953,14.0,17.0
2018,436,"BERTANS, DAIRIS",MIL,False,29,2,4,5.514285714285714,6.530112907364639,0.5833333333333334,56.0,17.448452380952382,2,7.952270977675135,2017.0,2016.0,5.090909090909091,16.63181818181818,22.0,112.0
2018,5368,"YUSTA, SANTI",MAD,False,21,-6,36,2.4285714285714284,6.520200724203804,0.25925925925925924,14.0,6.958333333333335,1,7.952270977675135,2017.0,,2.4,8.423333333333334,5.0,12.0
2018,TFX,"VOUGIOUKAS, IAN",PAN,False,33,6,36,4.517241379310345,6.508562885608773,0.42028985507246375,29.0,8.53735632183908,1,7.952270977675135,2017.0,,4.555555555555555,8.518518518518519,18.0,82.0
2018,5942,"DANGUBIC, NEMANJA",MUN,False,25,-2,4,5.0,6.440132184231773,0.5121951219512195,42.0,19.848333333333333,2,7.952270977675135,2017.0,2016.0,3.8666666666666663,14.820555555555556,30.0,116.0
2018,7947,"VILDOZA, LUCA",BAS,False,23,-4,16,3.4,6.434847318450091,0.3333333333333333,20.0,13.1475,1,7.952270977675135,2017.0,,10.366666666666667,22.546666666666667,30.0,311.0
2018,7992,"JEFFERSON, CORY",CAN,False,28,1,1,1.6153846153846154,6.397940360509536,0.24528301886792453,13.0,11.501282051282052,1,7.952270977675135,2017.0,,2.0,12.666666666666668,5.0,10.0
2018,6625,"ZOOSMAN, YOVEL",TEL,False,20,-7,49,1.9285714285714288,6.390571094574174,0.25925925925925924,14.0,8.041666666666666,1,7.952270977675135,2017.0,,3.6666666666666665,14.77,30.0,110.0
2018,7230,"SEDEKERSKIS, TADAS",BAS,False,20,-7,49,1.3076923076923077,6.322468662396329,0.24528301886792453,13.0,5.002564102564103,1,7.952270977675135,2016.0,,2.5,2.8833333333333333,2.0,5.0
2018,6399,"DUVERIOGLU, AHMET",ULK,False,25,-2,4,3.942857142857143,6.301335869220669,0.4117647058823529,28.0,8.934761904761904,2,7.952270977675135,2017.0,2016.0,3.76,11.014666666666669,25.0,94.0
2018,4499,"FONTECCHIO, SIMONE",MIL,False,23,-4,16,0.76,6.29251613667318,0.23076923076923078,12.0,5.285333333333333,2,7.952270977675135,2017.0,2016.0,-1.2,0.8033333333333333,5.0,-6.0
2018,7865,"ANTETOKOUNMPO, THANASIS",PAN,False,26,-1,1,3.896551724137931,6.247693320391383,0.42028985507246375,29.0,11.021264367816093,1,7.952270977675135,2017.0,,4.269230769230769,12.437820512820512,26.0,111.0
2018,5161,"PAPAPETROU, IOANNIS",PAN,False,24,-3,9,5.02911877394636,6.247098858833349,0.5833333333333334,56.0,19.07544061302682,2,7.952270977675135,2017.0,2016.0,10.48,25.262666666666668,25.0,262.0
2018,399,"KAVALIAUSKAS, ANTANAS",ZAL,False,34,7,49,5.0344827586206895,6.225416725581688,0.5918367346938775,58.0,12.543678160919539,2,7.952270977675135,2017.0,2016.0,6.277777777777778,11.893518518518515,18.0,113.0
2018,6546,"TAYLOR, JEFFERY",MAD,False,29,2,4,4.871428571428571,6.210925269796642,0.5652173913043478,52.0,18.527341269841273,2,7.952270977675135,2017.0,2016.0,4.366666666666666,17.934444444444445,30.0,131.0
2018,5145,"COHEN, JAKE",TEL,False,28,1,1,2.1578947368421053,6.086285408593311,0.3220338983050847,19.0,7.565789473684211,1,7.952270977675135,2017.0,,2.36,8.682,25.0,59.0
2018,3452,"BLAZIC, JAKA",BAR,False,28,1,1,3.2333333333333334,5.9298691301000765,0.42857142857142855,30.0,14.166111111111112,1,7.952270977675135,2016.0,,6.045454545454546,13.98560606060606,22.0,133.0
2018,1933,"BOGRIS, GEORGIOS",OLY,False,29,2,4,0.5333333333333333,5.928924347400098,0.2727272727272727,15.0,7.031111111111112,1,7.952270977675135,2017.0,,0.7391304347826086,5.246376811594204,23.0,17.0
2018,4429,"AGRAVANIS, DIMITRIS",OLY,False,24,-3,9,2.802777777777778,5.92368274741254,0.3939393939393939,26.0,11.07847222222222,2,7.952270977675135,2017.0,2016.0,3.0,5.25,1.0,3.0
2018,3540,"DIOP, ILIMANE",BAS,False,23,-4,16,4.291428571428571,5.900590068679808,0.5604395604395604,51.0,11.539015873015874,2,7.952270977675135,2017.0,2016.0,5.066666666666666,12.171111111111111,30.0,152.0
2018,7990,"DIBARTOLOMEO, JOHN",TEL,False,27,0,0,2.9642857142857144,5.89839469275008,0.4117647058823529,28.0,12.846428571428572,1,7.952270977675135,2017.0,,4.068965517241379,10.28793103448276,29.0,118.0
2018,BFX,"MONIA, SERGEY",KHI,False,35,8,64,2.9655172413793105,5.856388972565296,0.42028985507246375,29.0,12.574137931034482,1,7.952270977675135,2017.0,,3.730769230769231,12.321794871794872,26.0,97.0
2018,3537,"MANTZARIS, VANGELIS",OLY,False,28,1,1,4.142222222222222,5.713376348182186,0.5876288659793815,57.0,21.117111111111114,2,7.952270977675135,2017.0,2016.0,1.6296296296296295,11.924074074074074,27.0,44.0
2018,7032,"LO, MAODO",MUN,False,26,-1,1,4.075384615384615,5.690753933005665,0.5833333333333334,56.0,14.36023076923077,2,7.952270977675135,2017.0,2016.0,5.724137931034483,18.27586206896552,29.0,166.0
2018,BGV,"VIALTSEV, EGOR",KHI,False,33,6,36,2.076923076923077,5.6377399864697795,0.3939393939393939,26.0,10.83525641025641,1,7.952270977675135,2017.0,,1.4736842105263157,11.79561403508772,19.0,28.0
2018,1792,"ZAITCEV, VIACHESLAV",KHI,False,29,2,4,0.3888888888888889,5.605014467362162,0.3103448275862069,18.0,5.727777777777778,1,7.952270977675135,2017.0,,1.4666666666666666,6.494444444444445,15.0,22.0
2018,3151,"ERIKSSON, MARCUS",CAN,False,25,-2,4,1.181818181818182,5.549852243661378,0.3548387096774194,22.0,9.879545454545454,1,7.952270977675135,2016.0,,8.931034482758621,18.64712643678161,29.0,259.0
2018,3521,"BALBAY, DOGUS",IST,False,29,2,4,2.990760869565217,5.502917886329733,0.4936708860759494,39.0,13.767853260869565,2,7.952270977675135,2017.0,2016.0,3.466666666666667,11.442222222222222,30.0,104.0
2018,4941,"ANTONOV, SEMEN",CSK,False,29,2,4,2.6654285714285715,4.939339283792685,0.5698924731182796,53.0,11.328261904761906,2,7.952270977675135,2017.0,2016.0,0.9523809523809524,7.128571428571428,21.0,20.0
2018,2969,"MAHMUTOGLU, MELIH",ULK,False,28,1,1,1.6670588235294117,4.932104098410306,0.4805194805194805,37.0,9.014666666666667,2,7.952270977675135,2017.0,2016.0,4.04,11.839333333333332,25.0,101.0
2019,KVZ,"SHVED, ALEXEY",KHI,False,31,4,16,21.92857142857143,15.200230791172887,0.5238095238095238,44.0,32.11649206349206,2,7.799056090034489,2018.0,2017.0,19.384615384615383,31.17115384615385,26.0,504.0
2019,925,"VESELY, JAN",ULK,False,29,2,4,18.168,13.708239178509459,0.5698924731182796,53.0,26.488733333333336,3,7.799056090034489,2018.0,2017.0,12.11111111111111,25.381481481481483,18.0,218.0
2019,3941,"MILUTINOV, NIKOLA",OLY,False,25,-2,4,17.907692307692308,13.606144981029406,0.574468085106383,54.0,24.659780219780217,3,7.799056090034489,2018.0,2017.0,19.20833333333333,24.65902777777778,24.0,461.0
2019,1932,"CALATHES, NICK",PAN,False,30,3,9,17.348148148148148,13.410378227276537,0.5876288659793815,57.0,30.207876543209874,3,7.799056090034489,2018.0,2017.0,17.785714285714285,32.19166666666667,28.0,498.0
2019,2100,"DE COLO, NANDO",ULK,False,32,5,25,17.267980295566502,13.363269282975981,0.5876288659793815,57.0,25.281399835796385,3,7.799056090034489,2018.0,2017.0,16.541666666666668,28.69027777777778,24.0,397.0
2019,3120,"GUDAITIS, ARTURAS",MIL,False,26,-1,1,17.36551724137931,13.113756729670502,0.5555555555555556,50.0,22.566535303776682,2,7.799056090034489,2018.0,2017.0,10.421052631578949,16.898245614035087,19.0,198.0
2019,4888,"CLYBURN, WILL",CSK,False,29,2,4,16.439999999999998,12.948709531327065,0.5959595959595959,59.0,26.644191570881226,3,7.799056090034489,2018.0,2017.0,12.75,19.28333333333333,4.0,51.0
2019,5985,"JAMES, MIKE",CSK,False,29,2,4,17.84,12.690797994889483,0.48717948717948717,38.0,30.863666666666663,3,7.799056090034489,2018.0,2017.0,20.857142857142858,28.63630952380953,28.0,584.0
2019,1133,"SHENGELIA, TORNIKE",BAS,False,28,1,1,16.424568965517242,12.365504082937123,0.5294117647058824,45.0,25.458433908045976,3,7.799056090034489,2018.0,2017.0,18.535714285714285,30.411309523809525,28.0,519.0
2019,1926,"SLOUKAS, KOSTAS",ULK,False,29,2,4,14.337164750957854,11.612952808906453,0.5833333333333334,56.0,26.01137931034483,3,7.799056090034489,2018.0,2017.0,15.52,29.052666666666667,25.0,388.0
2019,7870,"DAVIES, BRANDON",BAR,False,28,1,1,13.866666666666665,11.439622436013794,0.6,60.0,21.066111111111113,2,7.799056090034489,2018.0,2017.0,10.321428571428571,20.10119047619048,28.0,289.0
2019,6450,"HIGGINS, CORY",BAR,False,30,3,9,13.973846153846154,11.401016960591294,0.5833333333333334,56.0,24.276452991452995,3,7.799056090034489,2018.0,2017.0,11.695652173913045,26.592753623188404,23.0,269.0
2019,3048,"DUNSTON, BRYANT",IST,False,33,6,36,13.806436781609195,11.379212259760829,0.5959595959595959,59.0,26.353601532567048,3,7.799056090034489,2018.0,2017.0,15.11111111111111,25.727777777777774,9.0,136.0
2019,5927,"AYON, GUSTAVO",DYR,False,34,7,49,14.894871794871797,11.25599194623728,0.48717948717948717,38.0,21.07482905982906,3,7.799056090034489,2018.0,2017.0,14.307692307692308,21.400641025641026,26.0,372.0
2019,AMM,"PRINTEZIS, GEORGIOS",OLY,False,34,7,49,13.483999999999998,11.09033940633031,0.5789473684210527,55.0,25.517266666666664,3,7.799056090034489,2018.0,2017.0,13.84,25.038,25.0,346.0
2019,2507,"TOMIC, ANTE",BAR,False,32,5,25,13.14857142857143,10.965095780189005,0.5918367346938775,58.0,19.658952380952385,3,7.799056090034489,2018.0,2017.0,7.464285714285714,16.5125,28.0,209.0
2019,8847,"MICKEY, JORDAN",MAD,False,25,-2,4,15.392857142857142,10.925915347079112,0.4117647058823529,28.0,22.552380952380958,1,7.799056090034489,2018.0,,10.846153846153848,16.58653846153846,26.0,282.0
2019,1833,"MOERMAN, ADRIEN",IST,False,31,4,16,12.76,10.775622436013796,0.6,60.0,25.663222222222224,3,7.799056090034489,2018.0,2017.0,6.5,14.176388888888887,12.0,78.0
2019,7200,"LARKIN, SHANE",IST,False,27,0,0,12.825238095238095,10.773735235971317,0.5918367346938775,58.0,23.92060317460318,2,7.799056090034489,2018.0,2016.0,25.76,29.944666666666667,25.0,644.0
2019,5757,"RANDOLPH, ANTHONY",MAD,False,30,3,9,13.418390804597703,10.742517130996173,0.5238095238095238,44.0,21.406996168582378,3,7.799056090034489,2018.0,2017.0,15.052631578947368,23.96315789473684,19.0,286.0
2019,529,"MICOV, VLADIMIR",MIL,False,34,7,49,12.71655172413793,10.729684801267853,0.5959595959595959,59.0,29.796942528735627,3,7.799056090034489,2018.0,2017.0,12.0,27.59038461538461,26.0,312.0
2019,KLT,"HEURTEL, THOMAS",BAR,False,30,3,9,12.653333333333334,10.711622436013796,0.6,60.0,22.11922222222222,3,7.799056090034489,2018.0,2017.0,7.333333333333333,13.355555555555556,3.0,22.0
2019,6533,"COLOM, QUINO",PAM,False,31,4,16,15.12,10.614803747713532,0.38461538461538464,25.0,26.808666666666667,1,7.799056090034489,2016.0,,9.076923076923077,18.47051282051282,26.0,236.0
2019,2972,"ROCHESTIE, TAYLOR",OLY,False,34,7,49,14.366666666666667,10.613746337162564,0.42857142857142855,30.0,26.01,1,7.799056090034489,2017.0,,5.0,14.3515873015873,21.0,105.0
2019,5791,"TAVARES, WALTER",MAD,False,27,0,0,12.722338830584707,10.581781117302004,0.5652173913043478,52.0,19.2975912043978,2,7.799056090034489,2018.0,2017.0,14.535714285714286,22.93154761904762,28.0,407.0
2019,9006,"WILLIAMS, DERRICK",ULK,False,28,1,1,14.20689655172414,10.492206429005503,0.42028985507246375,29.0,26.03908045977012,1,7.799056090034489,2018.0,,12.464285714285714,26.09047619047619,28.0,349.0
2019,TGB,"LLULL, SERGIO",MAD,False,32,5,25,12.537481481481482,10.477296528678442,0.5652173913043478,52.0,23.907303703703704,2,7.799056090034489,2018.0,2016.0,4.9375,18.565625,16.0,79.0
2019,LBJ,"STIMAC, VLADIMIR",ULK;RED,True,32,5,25,13.866666666666667,10.399460622876852,0.42857142857142855,30.0,18.22,1,7.799056090034489,2017.0,,10.80952380952381,18.012698412698413,21.0,227.0
2019,848,"NEDOVIC, NEMANJA",MIL,False,28,1,1,12.906666666666668,10.320534729131388,0.4936708860759494,39.0,24.113166666666665,2,7.799056090034489,2018.0,2017.0,6.176470588235294,16.523529411764706,17.0,105.0
2019,4251,"THOMAS, MALCOLM",ULK,False,31,4,16,11.846666666666668,10.227622436013796,0.6,60.0,21.03,2,7.799056090034489,2018.0,2017.0,4.833333333333333,14.90972222222222,12.0,58.0
2019,7432,"EVANS, JEREMY",KHI,False,32,5,25,13.814814814814817,10.223317068677307,0.40298507462686567,27.0,25.9679012345679,1,7.799056090034489,2018.0,,11.0,20.311111111111117,21.0,231.0
2019,7201,"VOIGTMANN, JOHANNES",CSK,False,27,0,0,11.792643678160918,10.179072935483573,0.5959595959595959,59.0,22.84973946360153,3,7.799056090034489,2018.0,2017.0,9.428571428571429,22.335714285714285,28.0,264.0
2019,8991,"BLACK, TARIK",TEL,False,28,1,1,13.807692307692308,10.166094600020902,0.3939393939393939,26.0,21.513461538461534,1,7.799056090034489,2018.0,,10.636363636363637,19.67121212121212,11.0,117.0
2019,CPR,"SIMON, KRUNOSLAV",IST,False,34,7,49,11.64,10.039606704181038,0.5833333333333334,56.0,26.178102564102563,3,7.799056090034489,2018.0,2017.0,10.851851851851851,23.33086419753086,27.0,293.0
2019,7400,"NUNNALLY, JAMES",ULK,False,29,2,4,12.666666666666666,10.035525814433058,0.4594594594594595,34.0,24.988500000000002,3,7.799056090034489,2018.0,2017.0,4.111111111111111,13.372222222222222,9.0,37.0
2019,8001,"GILL, ANTHONY",KHI,False,27,0,0,12.089010989010989,9.970514742602841,0.5061728395061729,41.0,26.154652014652015,2,7.799056090034489,2018.0,2017.0,10.32,18.91733333333333,25.0,258.0
2019,2580,"MICIC, VASILIJE",IST,False,25,-2,4,11.399999999999999,9.959622436013795,0.6,60.0,25.45811111111111,2,7.799056090034489,2018.0,2017.0,16.041666666666668,30.57986111111111,24.0,385.0
2019,2742,"DUBLJEVIC, BOJAN",PAM,False,28,1,1,13.333333333333334,9.874410056271556,0.375,24.0,20.177777777777777,1,7.799056090034489,2017.0,,18.03846153846154,23.48397435897436,26.0,469.0
2019,LHK,"PLEISS, TIBOR",IST,False,30,3,9,11.131724137931034,9.785191593326369,0.5959595959595959,59.0,16.62277011494253,3,7.799056090034489,2018.0,2017.0,11.321428571428571,18.748809523809523,28.0,317.0
2019,5928,"CAMPAZZO, FACUNDO",MAD,False,28,1,1,11.146305418719212,9.765996417199739,0.5876288659793815,57.0,23.547939244663382,2,7.799056090034489,2018.0,2017.0,15.392857142857142,23.895238095238096,28.0,431.0
2019,6477,"RUBIT, AUGUSTINE",OLY,False,30,3,9,12.1,9.642317765733992,0.42857142857142855,30.0,21.68,1,7.799056090034489,2017.0,,7.3076923076923075,15.289102564102564,26.0,190.0
2019,6661,"WILBEKIN, SCOTTIE",TEL,False,26,-1,1,10.931800766283526,9.626490484513095,0.5833333333333334,56.0,24.801498510004258,2,7.799056090034489,2018.0,2016.0,15.807692307692308,26.05,26.0,411.0
2019,1288,"LUCIC, VLADIMIR",MUN,False,30,3,9,12.10344827586207,9.608148457991007,0.42028985507246375,29.0,26.167241379310347,1,7.799056090034489,2018.0,,14.461538461538462,27.765384615384612,26.0,376.0
2019,CVM,"RODRIGUEZ, SERGIO",MIL,False,33,6,36,10.79080459770115,9.582017321876236,0.5959595959595959,59.0,23.441118773946357,2,7.799056090034489,2018.0,2017.0,13.678571428571429,25.645833333333336,28.0,383.0
2019,6505,"WHITE, AARON",MIL,False,27,0,0,10.526666666666667,9.435622436013796,0.6,60.0,24.413,2,7.799056090034489,2018.0,2017.0,1.9333333333333331,10.176666666666668,15.0,29.0
2019,2980,"GIST, JAMES",RED,False,33,6,36,10.226666666666667,9.255622436013796,0.6,60.0,23.378222222222227,3,7.799056090034489,2018.0,2017.0,6.68,20.26,25.0,167.0
2019,6614,"SINGLETON, CHRIS",IST,False,30,3,9,10.093333333333334,9.175622436013796,0.6,60.0,26.723333333333333,3,7.799056090034489,2018.0,2017.0,10.464285714285714,25.65595238095238,28.0,293.0
2019,BWI,"JANKUNAS, PAULIUS",ZAL,False,35,8,64,10.227991886409736,9.09825430670032,0.5348837209302325,46.0,18.510567951318457,3,7.799056090034489,2018.0,2017.0,4.888888888888889,13.683950617283948,27.0,132.0
2019,8987,"LEDAY, ZACH",ZAL,False,25,-2,4,10.8,9.085174908591137,0.42857142857142855,30.0,17.102777777777778,1,7.799056090034489,2018.0,,13.178571428571429,22.36547619047619,28.0,369.0
2019,BMT,"FERNANDEZ, RUDY",MAD,False,34,7,49,10.074153846153846,9.074110876431053,0.5604395604395604,51.0,19.708061538461536,3,7.799056090034489,2018.0,2017.0,9.32,19.960666666666665,25.0,233.0
2019,3842,"LESSORT, MATHIAS",MUN,False,24,-3,9,10.7,9.042317765733994,0.42857142857142855,30.0,21.09888888888889,1,7.799056090034489,2017.0,,4.181818181818182,11.290151515151514,22.0,92.0
2019,4425,"BROWN, DERRICK",RED,False,32,5,25,10.04561403508772,9.035925071018852,0.550561797752809,49.0,24.25590643274854,2,7.799056090034489,2017.0,2016.0,5.333333333333333,14.397222222222224,6.0,32.0
2019,3367,"RICE, TYRESE",PAN,False,32,5,25,10.633333333333333,9.013746337162566,0.42857142857142855,30.0,29.62222222222222,1,7.799056090034489,2016.0,,8.607142857142858,17.445833333333333,28.0,241.0
2019,5094,"THOMAS, DESHAUN",PAN,False,28,1,1,9.842857142857143,9.000052584992131,0.5876288659793815,57.0,22.80270114942529,3,7.799056090034489,2018.0,2017.0,13.642857142857142,29.92559523809524,28.0,382.0
2019,JUO,"SPANOULIS, VASSILIS",OLY,False,37,10,100,10.0,8.964261689427994,0.5294117647058824,45.0,23.587666666666664,3,7.799056090034489,2018.0,2017.0,9.681818181818182,24.64848484848485,22.0,213.0
2019,2812,"HINES, KYLE",CSK,False,33,6,36,9.68344827586207,8.922077695729714,0.5959595959595959,59.0,20.43967816091954,3,7.799056090034489,2018.0,2017.0,11.357142857142858,23.375,28.0,318.0
2019,7360,"ERIC, MICHAEL",BAS,False,31,4,16,10.448275862068966,8.912496284077964,0.42028985507246375,29.0,20.30632183908046,1,7.799056090034489,2018.0,,4.428571428571429,14.979166666666668,28.0,124.0
2019,4863,"JOVIC, STEFAN",KHI,False,29,2,4,9.852173913043478,8.897235390713716,0.5348837209302325,46.0,22.43927536231884,2,7.799056090034489,2018.0,2016.0,9.956521739130435,23.2231884057971,23.0,229.0
2019,5099,"HANGA, ADAM",BAR,False,30,3,9,9.80979020979021,8.895820155355793,0.5454545454545454,48.0,22.27782051282051,3,7.799056090034489,2018.0,2017.0,7.892857142857143,20.256547619047616,28.0,221.0
2019,5160,"HUNTER, OTHELLO",TEL,False,33,6,36,9.706666666666667,8.89491748512106,0.574468085106383,54.0,18.13233333333333,3,7.799056090034489,2018.0,2017.0,14.185185185185183,23.301234567901236,27.0,383.0
2019,5154,"IVERSON, COLTON",DYR,False,30,3,9,10.333333333333334,8.885174908591136,0.42857142857142855,30.0,20.60111111111111,1,7.799056090034489,2016.0,,8.346153846153847,16.31025641025641,26.0,217.0
2019,5771,"CALOIARO, ANGELO",TEL,False,30,3,9,10.166666666666666,8.813746337162565,0.42857142857142855,30.0,24.787777777777777,1,7.799056090034489,2018.0,,7.055555555555555,20.950000000000003,18.0,127.0
2019,2329,"ULANOVAS, EDGARAS",ZAL,False,27,0,0,9.47448275862069,8.797542690505054,0.5959595959595959,59.0,25.737321839080458,3,7.799056090034489,2018.0,2017.0,9.714285714285714,25.825,28.0,272.0
2019,1255,"PAPANIKOLAOU, KOSTAS",OLY,False,29,2,4,9.448,8.753707827382943,0.5789473684210527,55.0,23.861600000000003,3,7.799056090034489,2018.0,2017.0,9.384615384615383,23.911538461538463,26.0,244.0
2019,7,"DEDOVIC, NIHAD",MUN,False,29,2,4,10.0,8.742317765733993,0.42857142857142855,30.0,23.00333333333333,1,7.799056090034489,2018.0,,7.071428571428571,22.90595238095238,14.0,99.0
2019,6555,"WOLTERS, NATE",TEL,False,28,1,1,9.450925925925926,8.724829294764856,0.5604395604395604,51.0,19.90800925925926,2,7.799056090034489,2018.0,2016.0,6.866666666666666,19.31888888888889,15.0,103.0
2019,3490,"BARTHEL, DANILO",MUN,False,28,1,1,9.833333333333334,8.670889194305422,0.42857142857142855,30.0,23.72611111111111,1,7.799056090034489,2018.0,,9.0,24.35185185185185,27.0,243.0
2019,8004,"TARCZEWSKI, KALEB",MIL,False,26,-1,1,9.303333333333335,8.663215357461485,0.574468085106383,54.0,18.76961111111111,2,7.799056090034489,2018.0,2017.0,10.892857142857142,21.256547619047616,28.0,305.0
2019,4194,"LAUVERGNE, JOFFREY",ULK,False,28,1,1,10.136363636363637,8.62842328389322,0.3548387096774194,22.0,17.977272727272727,1,7.799056090034489,2018.0,,6.631578947368421,13.86754385964912,19.0,126.0
2019,5836,"THOMPKINS, TREY",MAD,False,29,2,4,9.39725400457666,8.6176452657756,0.5121951219512195,42.0,18.988604118993138,3,7.799056090034489,2018.0,2017.0,11.35,19.9175,20.0,227.0
2019,6590,"BEAUBOIS, RODRIGUE",IST,False,31,4,16,9.159605911330049,8.598554438630849,0.5876288659793815,57.0,21.436473727422005,3,7.799056090034489,2018.0,2017.0,7.923076923076923,21.22820512820513,26.0,206.0
2019,4117,"BROOKS, JEFF",MIL,False,30,3,9,9.06949602122016,8.534573944931456,0.5789473684210527,55.0,24.2300442086649,2,7.799056090034489,2018.0,2017.0,7.421052631578948,20.529824561403508,19.0,141.0
2019,CCD,"DATOME, LUIGI",ULK,False,32,5,25,8.975172413793103,8.499973899143159,0.5959595959595959,59.0,22.046402298850573,3,7.799056090034489,2018.0,2017.0,7.357142857142857,22.417261904761904,28.0,206.0
2019,2328,"GRIGONIS, MARIUS",ZAL,False,25,-2,4,9.433333333333334,8.49946062287685,0.42857142857142855,30.0,20.64333333333333,1,7.799056090034489,2018.0,,11.0,25.755000000000003,10.0,110.0
2019,2008,"KUZMINSKAS, MINDAUGAS",OLY,False,30,3,9,9.108571428571429,8.48499269593479,0.5238095238095238,44.0,19.009476190476192,2,7.799056090034489,2018.0,2017.0,4.5,12.794444444444444,6.0,27.0
2019,4974,"ROLL, MICHAEL",MIL,False,32,5,25,8.903448275862068,8.452675955116117,0.5918367346938775,58.0,23.407241379310342,2,7.799056090034489,2018.0,2017.0,6.928571428571429,21.90952380952381,28.0,194.0
2019,7831,"SHIELDS, SHAVON",BAS,False,25,-2,4,9.310344827586206,8.434235414512747,0.42028985507246375,29.0,24.595402298850573,1,7.799056090034489,2018.0,,8.5,25.35576923076923,26.0,221.0
2019,1844,"HACKETT, DANIEL",CSK,False,32,5,25,8.887002652519895,8.428919889368146,0.5789473684210527,55.0,19.91343059239611,3,7.799056090034489,2018.0,2017.0,8.434782608695652,20.05579710144928,23.0,194.0
2019,7056,"BOOKER, DEVIN",KHI,False,28,1,1,9.8125,8.374325778596063,0.2857142857142857,16.0,20.532291666666666,1,7.799056090034489,2018.0,,13.928571428571429,22.34345238095238,28.0,390.0
2019,4866,"KALINIC, NIKOLA",ULK,False,28,1,1,8.867692307692307,8.352686901592154,0.5180722891566265,43.0,21.95728205128205,3,7.799056090034489,2018.0,2017.0,6.153846153846154,22.906410256410258,26.0,160.0
2019,5161,"PAPAPETROU, IOANNIS",PAN,False,25,-2,4,8.702814814814815,8.30987623882337,0.5652173913043478,52.0,23.59685925925926,3,7.799056090034489,2018.0,2017.0,11.185185185185183,27.908024691358023,27.0,302.0
2019,518,"SAN EMETERIO, FERNANDO",PAM,False,35,8,64,8.85,8.14937072668966,0.3333333333333333,20.0,22.16,1,7.799056090034489,2017.0,,8.5,17.756249999999998,24.0,204.0
2019,3413,"JACKSON, AARON",TEL,False,33,6,36,8.620689655172415,8.14438034204898,0.42028985507246375,29.0,21.35172413793104,1,7.799056090034489,2016.0,,3.1666666666666665,17.527777777777775,12.0,38.0
2019,8003,"ROBINSON, THOMAS",KHI,False,28,1,1,8.875,8.10646863573892,0.2857142857142857,16.0,15.926041666666665,1,7.799056090034489,2017.0,,4.5,10.6625,4.0,18.0
2019,4178,"KOPONEN, PETTERI",MUN,False,31,4,16,8.190344827586207,8.032248367969352,0.5959595959595959,59.0,19.057563218390804,3,7.799056090034489,2018.0,2017.0,4.875,17.120833333333334,24.0,117.0
2019,9472,"WILEY, JACOB",PAN,False,25,-2,4,9.142857142857142,7.999196672369778,0.14893617021276595,7.0,21.63809523809524,1,7.799056090034489,2018.0,,6.083333333333333,11.785416666666668,24.0,146.0
2019,5856,"THOMAS, WILL",DYR,False,33,6,36,8.133333333333333,7.942317765733993,0.42857142857142855,30.0,23.637222222222224,1,7.799056090034489,2017.0,,13.074074074074074,27.9283950617284,27.0,353.0
2019,4165,"JANNING, MATT",BAS,False,31,4,16,8.042666666666666,7.940093792295223,0.5789473684210527,55.0,24.73173333333333,2,7.799056090034489,2018.0,2017.0,3.857142857142857,22.685714285714287,28.0,108.0
2019,LRQ,"VAN ROSSOM, SAM",PAM,False,33,6,36,8.125,7.9212850562715555,0.375,24.0,21.629166666666663,1,7.799056090034489,2017.0,,9.0,20.72738095238095,14.0,126.0
2019,46,"STRELNIEKS, JANIS",CSK,False,30,3,9,7.780000000000001,7.788469373348662,0.5555555555555556,50.0,20.672111111111107,3,7.799056090034489,2018.0,2017.0,8.476190476190476,16.095238095238095,21.0,178.0
2019,3514,"DRAGIC, ZORAN",BAS,False,30,3,9,7.698757763975156,7.750860790499484,0.4805194805194805,37.0,24.519927536231883,2,7.799056090034489,2017.0,2016.0,6.0,17.383333333333333,5.0,30.0
2019,2763,"DOORNEKAMP, AARON",PAM,False,34,7,49,7.666666666666667,7.742317765733993,0.42857142857142855,30.0,22.25111111111111,1,7.799056090034489,2017.0,,4.928571428571429,16.198809523809523,28.0,138.0
2019,5789,"KURIC, KYLE",BAR,False,30,3,9,7.566666666666666,7.699460622876851,0.42857142857142855,30.0,19.915000000000003,1,7.799056090034489,2018.0,,8.925925925925926,19.36913580246914,27.0,241.0
2019,7947,"VILDOZA, LUCA",BAS,False,24,-3,9,7.58,7.677358262237551,0.5555555555555556,50.0,18.787,2,7.799056090034489,2018.0,2017.0,6.875,23.133333333333333,16.0,110.0
2019,7960,"DAVIDOVAC, DEJAN",RED,False,24,-3,9,7.458333333333333,7.6712850562715555,0.375,24.0,15.643055555555554,1,7.799056090034489,2017.0,,7.291666666666667,18.779166666666665,24.0,175.0
2019,6135,"LOPATIN, ANDREI",CSK,False,21,-6,36,1.0,7.633225453692185,0.024390243902439025,1.0,4.716666666666667,1,7.799056090034489,2018.0,,0.0,0.2166666666666666,1.0,0.0
2019,1324,"MUHAMMED, ALI",ULK,False,36,9,81,7.470588235294118,7.623363981684989,0.5348837209302325,46.0,15.07133874239351,3,7.799056090034489,2018.0,2017.0,4.954545454545454,14.525,22.0,109.0
2019,AAX,"REYES, FELIPE",MAD,False,39,12,144,7.446305418719213,7.6030834948593355,0.5555555555555556,50.0,11.84600985221675,3,7.799056090034489,2018.0,2017.0,2.4285714285714284,7.95952380952381,7.0,17.0
2019,229,"JACKSON, EDWIN",ASV,False,30,3,9,7.373333333333333,7.588889159511134,0.4936708860759494,39.0,21.6612962962963,2,7.799056090034489,2018.0,2017.0,3.4705882352941178,20.15196078431373,17.0,59.0
2019,7524,"VENSKUS, ERIKAS",ZAL,False,19,-8,64,3.0,7.570529609556656,0.047619047619047616,2.0,6.466666666666667,1,7.799056090034489,2018.0,,1.0,1.808333333333333,2.0,2.0
2019,JLX,"KURBANOV, NIKITA",CSK,False,33,6,36,7.294285714285714,7.500314439081133,0.5918367346938775,58.0,17.451063492063493,3,7.799056090034489,2018.0,2017.0,6.75,20.301190476190477,28.0,189.0
2019,2429,"RIVERS, KC",ZAL,False,32,5,25,7.288571428571428,7.496932514882882,0.5918367346938775,58.0,25.59307142857143,2,7.799056090034489,2017.0,2016.0,6.722222222222222,21.37222222222222,18.0,121.0
2019,JAN,"PONKRASHOV, ANTON",DYR,False,33,6,36,6.2,7.479244872027592,0.2,10.0,20.30166666666667,1,7.799056090034489,2016.0,,1.5,11.62121212121212,22.0,33.0
2019,4945,"PAUL, BRANDON",OLY,False,28,1,1,6.722222222222222,7.4648662689893035,0.3103448275862069,18.0,18.35,1,7.799056090034489,2016.0,,8.185185185185185,19.67037037037037,27.0,221.0
2019,3733,"ABALDE, ALBERTO",PAM,False,24,-3,9,6.88,7.445572978482764,0.38461538461538464,25.0,19.1,1,7.799056090034489,2017.0,,8.91304347826087,21.707246376811597,23.0,205.0
2019,8232,"POKUSEVSKI, ALEKSEJ",OLY,False,18,-9,81,0.0,7.427672466699513,0.047619047619047616,2.0,2.925,1,7.799056090034489,2018.0,,-2.0,1.8166666666666669,1.0,-2.0
2019,5917,"ORIOLA, PIERRE",BAR,False,27,0,0,7.1029629629629625,7.390011675157407,0.5876288659793815,57.0,17.979481481481486,2,7.799056090034489,2018.0,2017.0,4.428571428571429,14.605357142857144,28.0,124.0
2019,KRH,"PERPEROGLOU, STRATOS",RED,False,35,8,64,6.545454545454546,7.354229735506122,0.3548387096774194,22.0,20.897727272727277,1,7.799056090034489,2016.0,,5.153846153846154,16.503846153846155,13.0,67.0
2019,2936,"SASTRE, JOAN",PAM,False,28,1,1,6.277777777777778,7.326935234506545,0.3103448275862069,18.0,20.909259259259255,1,7.799056090034489,2017.0,,5.583333333333333,13.665277777777776,12.0,67.0
2019,4834,"PUSTOVYI, ARTEM",BAR,False,27,0,0,5.222222222222222,7.325760073497543,0.1836734693877551,9.0,8.074074074074074,1,7.799056090034489,2018.0,,-1.0,3.733333333333333,1.0,-1.0
2019,6693,"SAYBIR, YIGITCAN",IST,False,20,-7,49,-3.5,7.261005800032846,0.047619047619047616,2.0,5.45,1,7.799056090034489,2017.0,,-2.0,1.95,1.0,-2.0
2019,6961,"BIBEROVIC, TARIK",ULK,False,18,-9,81,2.8,7.24360541336399,0.1111111111111111,5.0,5.913333333333332,1,7.799056090034489,2018.0,,0.6666666666666666,10.713888888888889,6.0,4.0
2019,8989,"HILLIARD, DARRUN",CSK,False,26,-1,1,6.4,7.199460622876851,0.42857142857142855,30.0,20.162222222222223,1,7.799056090034489,2018.0,,7.111111111111111,20.28024691358025,27.0,192.0
2019,1960,"CARROLL, JAYCEE",MAD,False,36,9,81,6.751282051282052,7.187854567428901,0.5833333333333334,56.0,16.2178547008547,3,7.799056090034489,2018.0,2017.0,4.545454545454546,13.406060606060606,22.0,100.0
2019,5618,"SIMANIC, BORISA",RED,False,21,-6,36,-1.0,7.1851684558460365,0.06976744186046512,3.0,5.611111111111111,1,7.799056090034489,2016.0,,3.2,12.676666666666666,20.0,64.0
2019,556,"CLAVER, VICTOR",BAR,False,31,4,16,6.666666666666667,7.148534506397655,0.574468085106383,54.0,19.194166666666668,3,7.799056090034489,2018.0,2017.0,7.9411764705882355,21.193137254901963,17.0,135.0
2019,8855,"WALKUP, THOMAS",ZAL,False,27,0,0,6.1,7.070889194305422,0.42857142857142855,30.0,16.611666666666668,1,7.799056090034489,2018.0,,12.714285714285714,25.76309523809524,28.0,356.0
2019,2361,"VIVES, GUILLEM",PAM,False,26,-1,1,5.1875,7.052897207167492,0.2857142857142857,16.0,18.39583333333333,1,7.799056090034489,2017.0,,4.35,20.42666666666667,20.0,87.0
2019,5458,"GARCIA, SERGI",BAS,False,22,-5,25,3.25,7.040880075028742,0.16666666666666666,8.0,12.979166666666664,1,7.799056090034489,2017.0,,0.2666666666666666,7.031111111111112,15.0,4.0
2019,5844,"PAPAGIANNIS, GEORGIOS",PAN,False,22,-5,25,5.608695652173913,6.9994006920853895,0.36507936507936506,23.0,11.716666666666663,1,7.799056090034489,2018.0,,8.74074074074074,17.543827160493827,27.0,236.0
2019,7675,"AVDIJA, DENI",TEL,False,18,-9,81,3.0,6.999213408362075,0.16666666666666666,8.0,6.414583333333334,1,7.799056090034489,2018.0,,3.923076923076923,14.284615384615384,26.0,102.0
2019,2968,"SANLI, SERTAC",IST,False,28,1,1,2.2857142857142856,6.977920076625097,0.14893617021276595,7.0,4.138095238095238,1,7.799056090034489,2018.0,,6.238095238095238,11.663492063492065,21.0,131.0
2019,7109,"SMITS, ROLANDS",BAR,False,24,-3,9,3.909090909090909,6.960043992183913,0.21568627450980393,11.0,11.524242424242424,1,7.799056090034489,2018.0,,2.1875,9.90625,16.0,35.0
2019,6599,"MOTUM, BROCK",PAM,False,29,2,4,6.3517241379310345,6.9424718734834645,0.5918367346938775,58.0,14.611954022988508,3,7.799056090034489,2018.0,2017.0,5.3,12.94,20.0,106.0
2019,9005,"DECK, GABRIEL",MAD,False,24,-3,9,5.615384615384615,6.938821872748175,0.3939393939393939,26.0,14.662179487179484,1,7.799056090034489,2018.0,,8.875,20.070833333333333,24.0,213.0
2019,JUG,"RIBAS, PAU",BAR,False,32,5,25,6.2012987012987,6.911413096292384,0.5555555555555556,50.0,17.661341991341992,3,7.799056090034489,2018.0,2017.0,2.1666666666666665,9.354166666666666,12.0,26.0
2019,3479,"KUZMIC, OGNJEN",RED,False,29,2,4,1.4,6.846005183008076,0.14893617021276595,7.0,5.992666666666666,3,7.799056090034489,2018.0,2017.0,5.421052631578948,12.929824561403509,19.0,103.0
2019,KPD,"MILAKNIS, ARTURAS",ZAL,False,33,6,36,6.166666666666668,6.8196224360137965,0.6,60.0,22.873111111111108,3,7.799056090034489,2018.0,2017.0,5.714285714285714,22.07261904761905,28.0,160.0
2019,5014,"JENKINS, CHARLES",RED,False,30,3,9,6.149425287356323,6.815942783387905,0.5959595959595959,59.0,23.14072796934866,3,7.799056090034489,2018.0,2017.0,3.4347826086956523,18.680434782608696,23.0,79.0
2019,5938,"ANDERSON, JAMES",IST,False,30,3,9,6.083703703703704,6.791065512499904,0.5876288659793815,57.0,18.01172839506173,3,7.799056090034489,2018.0,2017.0,5.142857142857143,14.292857142857144,28.0,144.0
2019,5945,"RENFROE, ALEX",DYR,False,33,6,36,4.411764705882353,6.788811291252273,0.2982456140350877,17.0,17.707843137254905,1,7.799056090034489,2016.0,,7.045454545454546,18.64848484848485,22.0,155.0
2019,2543,"WESTERMANN, LEO",ULK,False,27,0,0,5.643478260869564,6.777992907798473,0.47368421052631576,36.0,15.453478260869566,3,7.799056090034489,2018.0,2017.0,3.409090909090909,11.931060606060605,22.0,75.0
2019,8995,"UKHOV, IVAN",CSK,False,24,-3,9,2.4,6.719244872027591,0.2,10.0,6.533333333333333,1,7.799056090034489,2018.0,,0.6666666666666666,5.175,6.0,4.0
2019,3264,"JOVANOVIC, NIKOLA",RED,False,25,-2,4,4.0,6.713611492881778,0.2857142857142857,16.0,8.06875,1,7.799056090034489,2017.0,,1.0,6.952777777777778,6.0,6.0
2019,7519,"JOKUBAITIS, ROKAS",ZAL,False,19,-8,64,2.3,6.699244872027592,0.2,10.0,6.423333333333334,1,7.799056090034489,2018.0,,2.0,6.423333333333334,10.0,20.0
2019,3151,"ERIKSSON, MARCUS",BER,False,26,-1,1,5.831347962382445,6.6962746118998275,0.5604395604395604,51.0,15.140094043887146,2,7.799056090034489,2018.0,2016.0,10.727272727272728,24.684848484848487,22.0,236.0
2019,LEM,"RADOSEVIC, LEON",MUN,False,29,2,4,5.863054187192118,6.661405487333302,0.5876288659793815,57.0,17.524088669950736,3,7.799056090034489,2018.0,2017.0,2.736842105263158,11.025438596491226,19.0,52.0
2019,8348,"PAYNE, ADREIAN",ASV,False,28,1,1,2.75,6.63388930002653,0.23076923076923078,12.0,8.200833333333332,2,7.799056090034489,2018.0,2017.0,11.538461538461538,18.217948717948715,13.0,150.0
2019,1392,"CAUSEUR, FABIEN",MAD,False,32,5,25,5.84,6.623622436013796,0.6,60.0,16.172444444444444,3,7.799056090034489,2018.0,2017.0,7.28,16.332,25.0,182.0
2019,4218,"CHARALAMPOPOULOS, VASILIS",OLY,False,22,-5,25,-0.1428571428571428,6.616217948965523,0.14893617021276595,7.0,4.211904761904761,1,7.799056090034489,2016.0,,3.5,6.491666666666666,2.0,7.0
2019,8829,"PETERS, ALEC",IST,False,24,-3,9,4.933333333333334,6.570889194305423,0.42857142857142855,30.0,17.566111111111113,1,7.799056090034489,2018.0,,5.0,13.706172839506172,27.0,135.0
2019,8032,"GONZALEZ, MIGUEL",BAS,False,20,-7,49,0.10000000000000005,6.515880075028742,0.16666666666666666,8.0,2.16,2,7.799056090034489,2018.0,2017.0,1.5,5.058333333333334,6.0,9.0
2019,2925,"TUNCER, BUGRAHAN",IST,False,26,-1,1,1.0,6.439244872027592,0.2,10.0,4.715,1,7.799056090034489,2018.0,,3.0,6.725925925925925,9.0,27.0
2019,464,"PAPPAS, NIKOS",PAN,False,29,2,4,5.2518796992481205,6.422995281218865,0.5402298850574713,47.0,18.14864661654135,3,7.799056090034489,2018.0,2017.0,3.5,11.95,10.0,35.0
2019,5884,"DELLA VALLE, AMEDEO",MIL,False,26,-1,1,1.8333333333333333,6.422350838488068,0.23076923076923078,12.0,6.052777777777778,1,7.799056090034489,2018.0,,5.904761904761905,11.996031746031743,21.0,124.0
2019,3469,"VEZENKOV, SASHA",OLY,False,24,-3,9,4.9423076923076925,6.353047641802407,0.5061728395061729,41.0,10.91706043956044,3,7.799056090034489,2018.0,2017.0,6.923076923076923,13.642307692307693,26.0,180.0
2019,436,"BERTANS, DAIRIS",KHI,False,30,3,9,5.1688311688311686,6.3378200226993116,0.5555555555555556,50.0,17.335043290043288,3,7.799056090034489,2018.0,2017.0,3.142857142857143,16.9031746031746,21.0,66.0
2019,6435,"LAPROVITTOLA, NICOLAS",MAD,False,29,2,4,0.7272727272727273,6.273769482379992,0.21568627450980393,11.0,9.345454545454546,1,7.799056090034489,2016.0,,5.521739130434782,13.525362318840578,23.0,127.0
2019,9035,"BOLOMBOY, JOEL",CSK,False,25,-2,4,3.3181818181818183,6.209068445183542,0.3548387096774194,22.0,10.125757575757577,1,7.799056090034489,2018.0,,7.555555555555555,16.87962962962963,27.0,204.0
2019,7032,"LO, MAODO",MUN,False,27,0,0,5.0744827586206895,6.175320468282831,0.5959595959595959,59.0,17.63729501915709,3,7.799056090034489,2018.0,2017.0,6.107142857142857,24.3,28.0,171.0
2019,7994,"GARINO, PATRICIO",BAS,False,26,-1,1,4.2060150375939855,6.174804655369604,0.4520547945205479,33.0,14.047167919799499,2,7.799056090034489,2018.0,2017.0,5.9,18.98,10.0,59.0
2019,3540,"DIOP, ILIMANE",BAS,False,24,-3,9,4.7542857142857144,6.09264631901045,0.5604395604395604,51.0,11.310603174603173,3,7.799056090034489,2018.0,2017.0,3.6666666666666665,10.61975308641975,27.0,99.0
2019,6546,"TAYLOR, JEFFERY",MAD,False,30,3,9,4.8342857142857145,6.0443960717341945,0.5918367346938775,58.0,19.113523809523812,3,7.799056090034489,2018.0,2017.0,3.875,18.62708333333333,24.0,93.0
2019,TFX,"VOUGIOUKAS, IAN",PAN,False,34,7,49,4.540229885057471,6.03854078389748,0.5402298850574713,47.0,8.526053639846744,2,7.799056090034489,2018.0,2017.0,3.0,7.976851851851852,18.0,54.0
2019,3573,"ZUBKOV, ANDREY",DYR,False,28,1,1,4.162285714285714,6.003688436183828,0.4936708860759494,39.0,13.603009523809522,2,7.799056090034489,2018.0,2017.0,3.75,15.697222222222225,12.0,45.0
2019,5692,"BURNS, CHRISTIAN",MIL,False,34,7,49,0.5714285714285714,5.925226733358881,0.25925925925925924,14.0,3.111904761904762,1,7.799056090034489,2018.0,,-2.0,5.4625,4.0,-8.0
2019,KIW,"CINCIARINI, ANDREA",MIL,False,33,6,36,3.84047619047619,5.870517164608651,0.48717948717948717,38.0,12.192142857142857,3,7.799056090034489,2018.0,2017.0,0.3846153846153846,6.374358974358974,13.0,5.0
2019,4007,"DOBRIC, OGNJEN",RED,False,25,-2,4,3.892307692307692,5.870408146852906,0.4936708860759494,39.0,11.232692307692307,2,7.799056090034489,2017.0,2016.0,5.2727272727272725,14.615151515151515,22.0,116.0
2019,BOG,"KING, ALEX",MUN,False,34,7,49,0.2857142857142857,5.851152659284807,0.25925925925925924,14.0,2.8392857142857144,1,7.799056090034489,2018.0,,0.8333333333333334,8.695370370370371,18.0,15.0
2019,5718,"TIMMA, JANIS",KHI,False,27,0,0,4.326536731634183,5.836327757025622,0.5652173913043478,52.0,16.075827086456773,2,7.799056090034489,2018.0,2017.0,9.19047619047619,29.8984126984127,21.0,193.0
2019,7866,"MITOGLOU, KONSTANTINOS",PAN,False,23,-4,16,2.8160000000000003,5.704728168135936,0.42028985507246375,29.0,9.945333333333332,2,7.799056090034489,2018.0,2017.0,7.178571428571429,13.904166666666669,28.0,201.0
2019,3210,"LEKAVICIUS, LUKAS",ZAL,False,25,-2,4,4.199999999999999,5.639622436013795,0.6,60.0,11.712222222222223,3,7.799056090034489,2018.0,2017.0,10.22222222222222,19.92469135802469,27.0,276.0
2019,LHI,"VORONTSEVICH, ANDREY",CSK,False,32,5,25,3.2640000000000002,5.531528045017245,0.5,40.0,12.495333333333335,3,7.799056090034489,2018.0,2017.0,4.05,13.598333333333333,20.0,81.0
2019,6399,"DUVERIOGLU, AHMET",ULK,False,26,-1,1,3.513142857142857,5.506590872441291,0.5348837209302325,46.0,10.429434920634922,3,7.799056090034489,2018.0,2017.0,3.4705882352941178,9.7078431372549,17.0,59.0
2019,3521,"BALBAY, DOGUS",IST,False,30,3,9,3.3550000000000004,5.422002832574181,0.5348837209302325,46.0,13.468250000000001,3,7.799056090034489,2018.0,2017.0,2.08,7.894,25.0,52.0
2019,7990,"DIBARTOLOMEO, JOHN",TEL,False,28,1,1,3.6270935960591126,5.347490500791227,0.5876288659793815,57.0,11.311330049261084,2,7.799056090034489,2018.0,2017.0,7.166666666666667,13.53472222222222,12.0,86.0
2019,1389,"VORONOV, EVGENY",DYR,False,33,6,36,1.0434782608695652,5.332734025418723,0.36507936507936506,23.0,15.216666666666663,1,7.799056090034489,2016.0,,2.1666666666666665,17.55740740740741,18.0,39.0
2019,6625,"ZOOSMAN, YOVEL",TEL,False,21,-6,36,2.9714285714285715,5.27029881838377,0.5238095238095238,44.0,12.078666666666667,2,7.799056090034489,2018.0,2017.0,5.739130434782608,17.6768115942029,23.0,132.0
2019,BFX,"MONIA, SERGEY",KHI,False,36,9,81,3.424668435013263,5.266515868706411,0.5789473684210527,55.0,12.422732095490716,2,7.799056090034489,2018.0,2017.0,1.588235294117647,11.26862745098039,17.0,27.0
2019,2969,"MAHMUTOGLU, MELIH",ULK,False,29,2,4,2.7039999999999997,5.101673454133877,0.5294117647058824,45.0,9.8956,3,7.799056090034489,2018.0,2017.0,3.380952380952381,17.234126984126984,21.0,71.0
2019,LUO,"LAZIC, BRANKO",RED,False,30,3,9,3.12,4.991622436013795,0.6,60.0,21.678666666666665,2,7.799056090034489,2017.0,2016.0,1.84,16.238,25.0,46.0
2019,5145,"COHEN, JAKE",TEL,False,29,2,4,2.279157894736842,4.907680844878579,0.5238095238095238,44.0,8.235515789473684,2,7.799056090034489,2018.0,2017.0,5.166666666666667,13.352083333333333,24.0,124.0
2019,1792,"ZAITCEV, VIACHESLAV",KHI,False,30,3,9,1.0355555555555553,4.7415832456809985,0.4520547945205479,33.0,6.187777777777779,2,7.799056090034489,2018.0,2017.0,4.105263157894737,12.175438596491228,19.0,78.0
2019,4941,"ANTONOV, SEMEN",CSK,False,30,3,9,1.9857142857142858,4.5984521752964,0.550561797752809,49.0,9.516428571428571,3,7.799056090034489,2018.0,2017.0,1.6666666666666667,7.917460317460318,21.0,35.0
2019,BGV,"VIALTSEV, EGOR",KHI,False,34,7,49,1.7149797570850205,4.578074502002417,0.5294117647058824,45.0,11.411470985155196,2,7.799056090034489,2018.0,2017.0,3.2,9.836666666666666,5.0,16.0
2020,5985,"JAMES, MIKE",CSK,False,30,3,9,20.607619047619046,15.432271772360098,0.5918367346938775,58.0,30.760896825396827,4,7.928018223234624,2019.0,2018.0,19.703703703703702,31.180864197530862,27.0,532.0
2020,7200,"LARKIN, SHANE",IST,False,28,1,1,20.041714285714285,14.831522430884325,0.5698924731182796,53.0,26.157276190476193,3,7.928018223234624,2019.0,2018.0,17.035714285714285,28.228571428571428,28.0,477.0
2020,3941,"MILUTINOV, NIKOLA",CSK,False,26,-1,1,19.525,14.482834010102009,0.5652173913043478,52.0,25.203988095238095,4,7.928018223234624,2019.0,2018.0,17.85,23.53583333333333,20.0,357.0
2020,KVZ,"SHVED, ALEXEY",KHI,False,32,5,25,20.916483516483517,14.42225086985907,0.5,40.0,31.5031684981685,3,7.928018223234624,2019.0,2018.0,19.608695652173918,32.53913043478261,23.0,451.0
2020,796,"MIROTIC, NIKOLA",BAR,False,29,2,4,22.464285714285715,13.913540131314484,0.4117647058823529,28.0,27.8375,1,7.928018223234624,2019.0,,21.96153846153846,25.53076923076923,26.0,571.0
2020,1932,"CALATHES, NICK",BAR,False,31,4,16,17.33809523809524,13.49724747692764,0.5918367346938775,58.0,31.740333333333336,4,7.928018223234624,2019.0,2018.0,10.5,24.98186274509804,34.0,357.0
2020,1133,"SHENGELIA, TORNIKE",CSK,False,29,2,4,17.09642857142857,12.730518881812406,0.5238095238095238,44.0,28.397619047619045,4,7.928018223234624,2019.0,2018.0,12.3125,24.6734375,32.0,394.0
2020,2100,"DE COLO, NANDO",ULK,False,33,6,36,16.039285714285715,12.512647674698284,0.5652173913043478,52.0,27.04345238095238,4,7.928018223234624,2019.0,2018.0,19.03448275862069,27.127011494252876,29.0,552.0
2020,2742,"DUBLJEVIC, BOJAN",PAM,False,29,2,4,16.156410256410258,12.49934713055442,0.5555555555555556,50.0,22.16149572649573,2,7.928018223234624,2019.0,2017.0,13.620689655172416,22.448850574712644,29.0,395.0
2020,1926,"SLOUKAS, KOSTAS",OLY,False,30,3,9,15.50459259259259,12.210429823306518,0.5652173913043478,52.0,28.20271111111111,4,7.928018223234624,2019.0,2018.0,13.382352941176473,27.72843137254902,34.0,455.0
2020,2580,"MICIC, VASILIJE",IST,False,26,-1,1,15.091666666666667,12.043305626908351,0.574468085106383,54.0,29.34947222222222,3,7.928018223234624,2019.0,2018.0,17.060606060606062,30.14343434343434,33.0,563.0
2020,5757,"RANDOLPH, ANTHONY",MAD,False,31,4,16,14.866061705989111,11.712405577464343,0.5454545454545454,48.0,23.36892921960073,4,7.928018223234624,2019.0,2018.0,9.692307692307692,18.892307692307693,13.0,126.0
2020,925,"VESELY, JAN",ULK,False,30,3,9,14.978666666666665,11.580763802362068,0.5180722891566265,43.0,25.70248888888889,4,7.928018223234624,2019.0,2018.0,18.4,28.587777777777777,30.0,552.0
2020,5791,"TAVARES, WALTER",MAD,False,28,1,1,14.142118226600985,11.57960276129527,0.5876288659793815,57.0,21.552491789819378,3,7.928018223234624,2019.0,2018.0,18.529411764705884,26.225,34.0,630.0
2020,9835,"MONROE, GREG",KHI,False,30,3,9,16.785714285714285,11.575304837196837,0.4117647058823529,28.0,24.161309523809525,1,7.928018223234624,2019.0,,12.77777777777778,20.18518518518518,9.0,115.0
2020,6589,"SIKMA, LUKE",BER,False,31,4,16,16.571428571428573,11.48706954307919,0.4117647058823529,28.0,25.77559523809524,1,7.928018223234624,2019.0,,14.03225806451613,24.94032258064516,31.0,435.0
2020,6661,"WILBEKIN, SCOTTIE",TEL,False,27,0,0,13.898408488063662,11.384559955504066,0.5789473684210527,55.0,25.545402298850576,3,7.928018223234624,2019.0,2018.0,13.617647058823527,27.051470588235293,34.0,463.0
2020,5928,"CAMPAZZO, FACUNDO",MAD,False,29,2,4,13.704679802955665,11.322551316472762,0.5876288659793815,57.0,23.571165845648604,3,7.928018223234624,2019.0,2018.0,13.6,25.756666666666668,10.0,136.0
2020,1288,"LUCIC, VLADIMIR",MUN,False,31,4,16,13.518302387267905,11.164498528727576,0.5789473684210527,55.0,27.126127320954907,2,7.928018223234624,2019.0,2018.0,17.653846153846153,30.86474358974359,26.0,459.0
2020,AMM,"PRINTEZIS, GEORGIOS",OLY,False,35,8,64,13.357333333333333,11.071305918554929,0.5789473684210527,55.0,25.250133333333334,4,7.928018223234624,2019.0,2018.0,8.903225806451612,18.162365591397847,31.0,276.0
2020,4888,"CLYBURN, WILL",CSK,False,30,3,9,14.85,11.057133273005272,0.4520547945205479,33.0,22.34494252873563,4,7.928018223234624,2019.0,2018.0,13.115384615384617,25.85448717948718,26.0,341.0
2020,7870,"DAVIES, BRANDON",BAR,False,29,2,4,13.179523809523808,11.036052141650671,0.5918367346938775,58.0,21.84360317460318,3,7.928018223234624,2019.0,2018.0,13.178571428571429,20.497619047619047,28.0,369.0
2020,9006,"WILLIAMS, DERRICK",PAM,False,29,2,4,13.161330049261085,11.003263316879039,0.5876288659793815,57.0,26.06991789819376,2,7.928018223234624,2019.0,2018.0,9.676470588235292,20.20686274509804,34.0,329.0
2020,3048,"DUNSTON, BRYANT",IST,False,34,7,49,14.128735632183908,10.948880550671454,0.48717948717948717,38.0,25.490919540229882,4,7.928018223234624,2019.0,2018.0,11.379310344827584,21.54597701149425,29.0,330.0
2020,7989,"COLE, NORRIS",ASV,False,32,5,25,13.548571428571428,10.839871088650078,0.5180722891566265,43.0,25.805714285714288,2,7.928018223234624,2018.0,2017.0,10.3,26.25777777777778,30.0,309.0
2020,3120,"GUDAITIS, ARTURAS",DYR,False,27,0,0,13.719298245614038,10.82365823442433,0.5,40.0,19.66529657477026,3,7.928018223234624,2019.0,2018.0,13.0,20.455,30.0,390.0
2020,529,"MICOV, VLADIMIR",MIL,False,35,8,64,12.68,10.700007593014426,0.5833333333333334,56.0,29.080008547008543,4,7.928018223234624,2019.0,2018.0,5.478260869565218,19.30217391304348,23.0,126.0
2020,8847,"MICKEY, JORDAN",KHI,False,26,-1,1,12.664835164835166,10.649168381175361,0.574468085106383,54.0,18.97287545787546,2,7.928018223234624,2019.0,2018.0,16.464285714285715,28.87142857142857,28.0,461.0
2020,6450,"HIGGINS, CORY",BAR,False,31,4,16,12.786622073578597,10.60297989364872,0.550561797752809,49.0,25.818472686733557,4,7.928018223234624,2019.0,2018.0,13.375,26.138541666666665,32.0,428.0
2020,6436,"GIEDRAITIS, ROKAS",BAS,False,28,1,1,14.68,10.524934291221307,0.38461538461538464,25.0,26.97266666666667,1,7.928018223234624,2019.0,,12.911764705882351,28.840196078431376,34.0,439.0
2020,5160,"HUNTER, OTHELLO",TEL,False,34,7,49,12.271111111111109,10.4801449717806,0.5876288659793815,57.0,21.232296296296298,4,7.928018223234624,2019.0,2018.0,10.74074074074074,20.94320987654321,27.0,290.0
2020,8987,"LEDAY, ZACH",MIL,False,26,-1,1,12.227142857142857,10.472398108608884,0.5918367346938775,58.0,20.260396825396825,2,7.928018223234624,2019.0,2018.0,12.724137931034482,24.18103448275862,29.0,369.0
2020,CVM,"RODRIGUEZ, SERGIO",MIL,False,34,7,49,11.889901477832513,10.256135187276683,0.5876288659793815,57.0,24.212097701149425,3,7.928018223234624,2019.0,2018.0,11.166666666666666,20.07888888888889,30.0,335.0
2020,7432,"EVANS, JEREMY",MIL,False,33,6,36,12.125925925925927,10.217786061066244,0.5454545454545454,48.0,22.573827160493828,2,7.928018223234624,2019.0,2018.0,4.6,10.153333333333332,5.0,23.0
2020,7056,"BOOKER, DEVIN",KHI,False,29,2,4,12.282142857142858,10.208750174329413,0.5238095238095238,44.0,21.618988095238095,2,7.928018223234624,2019.0,2018.0,15.333333333333334,27.61444444444444,15.0,230.0
2020,CPR,"SIMON, KRUNOSLAV",IST,False,35,8,64,11.737777777777776,10.166742909924931,0.5876288659793815,57.0,23.918962962962958,4,7.928018223234624,2019.0,2018.0,12.964285714285714,26.495238095238097,28.0,363.0
2020,9622,"BROWN, LORENZO",ULK,False,30,3,9,13.037037037037036,9.98687655118485,0.40298507462686567,27.0,25.25555555555556,1,7.928018223234624,2019.0,,9.117647058823527,22.96372549019608,34.0,310.0
2020,9748,"JEREBKO, JONAS",KHI,False,33,6,36,12.785714285714286,9.928246013667426,0.4117647058823529,28.0,23.69345238095238,1,7.928018223234624,2019.0,,12.0,26.134444444444444,15.0,180.0
2020,6533,"COLOM, QUINO",RED,False,32,5,25,11.494153846153846,9.926621704211332,0.5604395604395604,51.0,21.80577435897436,2,7.928018223234624,2019.0,2016.0,5.875,14.15625,8.0,47.0
2020,9733,"JEKIRI, TONYE",BAS,False,26,-1,1,12.77777777777778,9.882398939244553,0.40298507462686567,27.0,23.89444444444444,1,7.928018223234624,2019.0,,8.4,18.84555555555556,30.0,252.0
2020,5216,"MCCOLLUM, ERRICK",KHI,False,32,5,25,12.551724137931034,9.871314912020072,0.42028985507246375,29.0,26.473563218390805,1,7.928018223234624,2017.0,,11.25,21.57619047619048,28.0,315.0
2020,8991,"BLACK, TARIK",DYR,False,29,2,4,11.904895104895106,9.838985036500048,0.4805194805194805,37.0,20.408111888111883,2,7.928018223234624,2019.0,2018.0,4.25,13.097916666666665,8.0,34.0
2020,5856,"THOMAS, WILL",DYR,False,34,7,49,11.097777777777777,9.790660435698125,0.5876288659793815,57.0,26.211925925925925,2,7.928018223234624,2019.0,2017.0,13.235294117647058,25.72058823529412,34.0,450.0
2020,LHK,"PLEISS, TIBOR",IST,False,31,4,16,10.912857142857142,9.694555543011216,0.5918367346938775,58.0,17.189063492063493,4,7.928018223234624,2019.0,2018.0,8.947368421052632,13.808771929824562,19.0,170.0
2020,5161,"PAPAPETROU, IOANNIS",PAN,False,26,-1,1,10.903111111111109,9.609592464208289,0.5652173913043478,52.0,26.849881481481482,4,7.928018223234624,2019.0,2018.0,10.555555555555555,30.66604938271605,27.0,285.0
2020,LRU,"SIMONOVIC, MARKO",RED,False,34,7,49,11.7,9.544581841848355,0.42857142857142855,30.0,26.723333333333336,1,7.928018223234624,2016.0,,4.652173913043479,18.63115942028985,23.0,107.0
2020,4119,"TYUS, ALEX",MAD,False,32,5,25,10.393333333333333,9.40720728929385,0.6,60.0,18.97311111111111,3,7.928018223234624,2018.0,2017.0,3.1875,9.821875,16.0,51.0
2020,7201,"VOIGTMANN, JOHANNES",CSK,False,28,1,1,10.443349753694582,9.406099638040992,0.5876288659793815,57.0,23.04510673234811,4,7.928018223234624,2019.0,2018.0,11.3125,19.147916666666667,32.0,362.0
2020,9051,"NNOKO, LANDRY",RED,False,26,-1,1,11.321428571428571,9.325304837196837,0.4117647058823529,28.0,22.151190476190475,1,7.928018223234624,2019.0,,9.8,20.831666666666663,10.0,98.0
2020,JFO,"CASSPI, OMRI",TEL,False,32,5,25,18.33333333333333,9.285233237595325,0.13043478260869565,6.0,21.23888888888889,1,7.928018223234624,2019.0,,4.5,11.34375,16.0,72.0
2020,4172,"PONITKA, MATEUSZ",DYR,False,27,0,0,12.22222222222222,9.260702222920429,0.3103448275862069,18.0,24.342592592592595,1,7.928018223234624,2019.0,,14.117647058823527,25.96764705882353,34.0,480.0
2020,2812,"HINES, KYLE",MIL,False,34,7,49,10.134285714285713,9.233768370999554,0.5918367346938775,58.0,21.862333333333332,4,7.928018223234624,2019.0,2018.0,10.090909090909092,24.45404040404041,33.0,333.0
2020,8855,"WALKUP, THOMAS",ZAL,False,28,1,1,10.068571428571428,9.19487624271967,0.5918367346938775,58.0,22.10252380952381,2,7.928018223234624,2019.0,2018.0,10.617647058823527,24.154901960784315,34.0,361.0
2020,2328,"GRIGONIS, MARIUS",ZAL,False,26,-1,1,10.373333333333333,9.15067577828398,0.5,40.0,23.710333333333335,2,7.928018223234624,2019.0,2018.0,13.735294117647058,27.63333333333333,34.0,467.0
2020,4554,"ZIZIC, ANTE",TEL,False,23,-4,16,12.1875,9.14501301659616,0.2857142857142857,16.0,21.886458333333334,1,7.928018223234624,2016.0,,11.352941176470589,19.87745098039216,34.0,386.0
2020,4331,"DELANEY, MALCOLM",MIL,False,31,4,16,10.961538461538462,9.123041347414924,0.3939393939393939,26.0,22.466666666666665,1,7.928018223234624,2019.0,,10.538461538461538,24.66730769230769,26.0,274.0
2020,5775,"BARON, BILLY",DYR,False,30,3,9,10.961538461538462,9.123041347414924,0.3939393939393939,26.0,24.602564102564106,1,7.928018223234624,2019.0,,8.117647058823529,18.353431372549014,34.0,276.0
2020,8004,"TARCZEWSKI, KALEB",MIL,False,27,0,0,10.035714285714285,9.119324693331823,0.5652173913043478,52.0,20.01781746031746,3,7.928018223234624,2019.0,2018.0,4.78125,13.938020833333333,32.0,153.0
2020,3151,"ERIKSSON, MARCUS",BER,False,27,0,0,10.008777429467084,9.094157998156113,0.5604395604395604,51.0,22.269759665621734,3,7.928018223234624,2019.0,2018.0,10.727272727272728,23.312878787878788,22.0,236.0
2020,1833,"MOERMAN, ADRIEN",IST,False,32,5,25,10.193333333333333,9.088301572309572,0.5121951219512195,42.0,19.678944444444443,4,7.928018223234624,2019.0,2018.0,9.0,21.264705882352946,34.0,306.0
2020,4863,"JOVIC, STEFAN",KHI,False,30,3,9,10.060869565217391,9.068845685225407,0.5348837209302325,46.0,22.5231884057971,3,7.928018223234624,2019.0,2018.0,7.0,23.08125,8.0,56.0
2020,5836,"THOMPKINS, TREY",MAD,False,30,3,9,10.199473684210526,9.049369653336651,0.4936708860759494,39.0,18.756815789473684,4,7.928018223234624,2019.0,2018.0,11.242424242424242,21.956565656565655,33.0,371.0
2020,BMT,"FERNANDEZ, RUDY",MAD,False,35,8,64,9.82276923076923,8.989911645039733,0.5604395604395604,51.0,20.015374358974356,4,7.928018223234624,2019.0,2018.0,4.304347826086956,14.402173913043478,23.0,99.0
2020,6614,"SINGLETON, CHRIS",IST,False,31,4,16,9.718571428571428,8.987733385576814,0.5918367346938775,58.0,25.146460317460317,4,7.928018223234624,2019.0,2018.0,7.970588235294118,21.742156862745095,34.0,271.0
2020,6754,"HENRY, PIERRIA",BAS,False,27,0,0,10.36,8.863395829682846,0.38461538461538464,25.0,24.65,1,7.928018223234624,2019.0,,15.970588235294118,26.79656862745098,34.0,543.0
2020,6433,"PANGOS, KEVIN",DYR,False,27,0,0,9.42,8.823207289293851,0.6,60.0,23.136555555555553,3,7.928018223234624,2018.0,2017.0,14.323529411764708,28.32107843137255,34.0,487.0
2020,3490,"BARTHEL, DANILO",ULK,False,29,2,4,9.333333333333332,8.753821947725617,0.5876288659793815,57.0,24.101555555555557,2,7.928018223234624,2019.0,2018.0,8.346153846153847,21.347435897435897,26.0,217.0
2020,9004,"O'BRYANT, JOHNNY",RED,False,27,0,0,9.833333333333334,8.744581841848357,0.42857142857142855,30.0,23.38555555555556,1,7.928018223234624,2018.0,,11.0625,20.69375,16.0,177.0
2020,JUO,"SPANOULIS, VASSILIS",OLY,False,38,11,121,9.409090909090908,8.728137950076524,0.5402298850574713,47.0,23.615757575757577,4,7.928018223234624,2019.0,2018.0,4.705882352941177,17.272058823529413,34.0,160.0
2020,6477,"RUBIT, AUGUSTINE",ZAL,False,31,4,16,9.224615384615383,8.6843665673734,0.5833333333333334,56.0,17.84546153846154,2,7.928018223234624,2019.0,2017.0,9.387096774193548,19.101612903225806,31.0,291.0
2020,9580,"ELLIS, OCTAVIUS",OLY,False,27,0,0,12.571428571428571,8.619589977220956,0.14893617021276595,7.0,21.452380952380956,1,7.928018223234624,2019.0,,8.090909090909092,14.293434343434342,33.0,267.0
2020,2329,"ULANOVAS, EDGARAS",ULK,False,28,1,1,9.055238095238096,8.59514835156321,0.5918367346938775,58.0,25.46011111111111,4,7.928018223234624,2019.0,2018.0,4.678571428571429,19.57857142857143,28.0,131.0
2020,3526,"LIGHTY, DAVID",ASV,False,32,5,25,9.48148148148148,8.554040730289326,0.40298507462686567,27.0,22.892592592592592,1,7.928018223234624,2019.0,,10.727272727272728,25.31212121212121,33.0,354.0
2020,7125,"SIVA, PEYTON",BER,False,30,3,9,9.823529411764708,8.493346121568159,0.2982456140350877,17.0,21.19019607843137,1,7.928018223234624,2019.0,,11.73076923076923,20.308333333333334,26.0,305.0
2020,1255,"PAPANIKOLAOU, KOSTAS",OLY,False,30,3,9,8.857435897435895,8.470178533185365,0.5833333333333334,56.0,23.725589743589744,4,7.928018223234624,2019.0,2018.0,5.857142857142857,21.69761904761905,14.0,82.0
2020,KLT,"HEURTEL, THOMAS",BAR,False,31,4,16,9.120000000000001,8.466859300402533,0.4520547945205479,33.0,16.45488888888889,4,7.928018223234624,2019.0,2018.0,1.9166666666666667,13.526388888888889,12.0,23.0
2020,7831,"SHIELDS, SHAVON",MIL,False,26,-1,1,8.824137931034482,8.446824369855594,0.5789473684210527,55.0,25.051622458001766,2,7.928018223234624,2019.0,2018.0,14.96551724137931,26.9948275862069,29.0,434.0
2020,5099,"HANGA, ADAM",BAR,False,31,4,16,8.844805194805193,8.437344318551608,0.5555555555555556,50.0,20.410595238095233,4,7.928018223234624,2019.0,2018.0,4.970588235294118,16.840686274509807,34.0,169.0
2020,2972,"ROCHESTIE, TAYLOR",RED,False,35,8,64,8.746666666666666,8.386821197026208,0.5604395604395604,51.0,19.01495238095238,2,7.928018223234624,2019.0,2017.0,3.555555555555556,11.274074074074075,9.0,32.0
2020,2536,"JEAN-CHARLES, LIVIO",OLY,False,27,0,0,8.925925925925926,8.330160133274402,0.40298507462686567,27.0,21.14753086419753,1,7.928018223234624,2019.0,,7.068965517241379,17.529885057471265,29.0,205.0
2020,518,"SAN EMETERIO, FERNANDO",PAM,False,36,9,81,8.64,8.300961058683153,0.5238095238095238,44.0,19.51775,2,7.928018223234624,2019.0,2017.0,4.958333333333333,13.28263888888889,24.0,119.0
2020,LRQ,"VAN ROSSOM, SAM",PAM,False,34,7,49,8.649999999999999,8.279752934992114,0.48717948717948717,38.0,21.088095238095235,2,7.928018223234624,2019.0,2017.0,9.212121212121213,22.514646464646464,33.0,304.0
2020,4004,"GUDURIC, MARKO",ULK,False,25,-2,4,8.5,8.27120728929385,0.6,60.0,19.28188888888889,3,7.928018223234624,2018.0,2017.0,10.166666666666666,25.327777777777776,18.0,183.0
2020,4884,"LABEYRIE, LOUIS",PAM,False,28,1,1,8.666666666666666,8.225682521334104,0.40298507462686567,27.0,20.26234567901235,1,7.928018223234624,2019.0,,9.655172413793103,20.25919540229885,29.0,280.0
2020,9754,"LOYD, JORDAN",RED,False,27,0,0,8.833333333333334,8.208978084989397,0.3103448275862069,18.0,21.89351851851852,1,7.928018223234624,2019.0,,16.517241379310345,27.34942528735632,29.0,479.0
2020,5789,"KURIC, KYLE",BAR,False,31,4,16,8.382222222222222,8.194921604083007,0.5876288659793815,57.0,19.587481481481483,2,7.928018223234624,2019.0,2018.0,7.53125,17.877604166666668,32.0,241.0
2020,8966,"TOBEY, MIKE",PAM,False,26,-1,1,8.666666666666666,8.182307031629263,0.3442622950819672,21.0,15.253968253968251,1,7.928018223234624,2019.0,,11.696969696969695,18.68282828282828,33.0,386.0
2020,46,"STRELNIEKS, JANIS",CSK,False,31,4,16,8.405714285714286,8.169814995600873,0.5061728395061729,41.0,17.967142857142857,4,7.928018223234624,2019.0,2018.0,3.2857142857142856,14.33015873015873,21.0,69.0
2020,8780,"HERMANNSSON, MARTIN",PAM,False,26,-1,1,8.481481481481481,8.151055655662462,0.40298507462686567,27.0,25.77037037037037,1,7.928018223234624,2019.0,,7.793103448275862,17.71206896551724,29.0,226.0
2020,5771,"CALOIARO, ANGELO",TEL,False,31,4,16,8.3,8.130917374197557,0.5454545454545454,48.0,22.485111111111113,2,7.928018223234624,2019.0,2018.0,7.848484848484849,25.58333333333333,33.0,259.0
2020,7947,"VILDOZA, LUCA",BAS,False,25,-2,4,8.271666666666668,8.111830181349438,0.5348837209302325,46.0,22.898666666666664,3,7.928018223234624,2019.0,2018.0,10.1875,25.18125,32.0,326.0
2020,6590,"BEAUBOIS, RODRIGUE",IST,False,32,5,25,8.239560439560439,8.106989283677112,0.574468085106383,54.0,21.5109706959707,4,7.928018223234624,2019.0,2018.0,9.161290322580646,21.127956989247316,31.0,284.0
2020,9862,"PUNTER, KEVIN",MIL,False,27,0,0,8.391304347826088,8.097154427450555,0.36507936507936506,23.0,20.30434782608696,1,7.928018223234624,2019.0,,12.586206896551724,25.76609195402299,29.0,365.0
2020,7853,"MCKISSIC, SHAQUIELLE",OLY,False,30,3,9,10.333333333333334,8.095830905334534,0.06976744186046512,3.0,26.00555555555556,1,7.928018223234624,2019.0,,9.757575757575758,23.40858585858586,33.0,322.0
2020,7,"DEDOVIC, NIHAD",MUN,False,30,3,9,8.242857142857144,8.0929338477988,0.5238095238095238,44.0,22.94490476190476,2,7.928018223234624,2019.0,2018.0,6.533333333333333,20.52111111111111,15.0,98.0
2020,3733,"ABALDE, ALBERTO",MAD,False,25,-2,4,8.099826086956522,8.021731603446568,0.5454545454545454,48.0,20.66434782608696,2,7.928018223234624,2019.0,2017.0,8.205882352941176,19.250980392156865,34.0,279.0
2020,5056,"ZIPSER, PAUL",MUN,False,26,-1,1,8.142857142857142,8.016481307785073,0.4117647058823529,28.0,22.104166666666664,1,7.928018223234624,2019.0,,9.411764705882351,22.21078431372549,34.0,320.0
2020,4866,"KALINIC, NIKOLA",PAM,False,29,2,4,8.065641025641026,8.008298191305027,0.5833333333333334,56.0,24.036735042735046,4,7.928018223234624,2019.0,2018.0,12.264705882352942,26.65882352941176,34.0,417.0
2020,3024,"GRANGER, JAYSON",BER,False,31,4,16,8.075862068965517,8.002852762431743,0.5061728395061729,41.0,20.585574712643677,3,7.928018223234624,2018.0,2017.0,11.428571428571429,23.285714285714285,28.0,320.0
2020,4194,"LAUVERGNE, JOFFREY",ZAL,False,29,2,4,8.033492822966508,7.981406600876689,0.5061728395061729,41.0,15.511435406698563,2,7.928018223234624,2019.0,2018.0,11.96875,20.909375,32.0,383.0
2020,9917,"HOLLINS, AUSTIN",DYR,False,29,2,4,7.925925925925926,7.927175058647537,0.40298507462686567,27.0,22.80987654320988,1,7.928018223234624,2019.0,,6.0606060606060606,18.67171717171717,33.0,200.0
2020,848,"NEDOVIC, NEMANJA",PAN,False,29,2,4,7.865882352941177,7.9004022808819805,0.4444444444444444,32.0,19.301228758169934,3,7.928018223234624,2019.0,2018.0,14.88,26.093333333333334,25.0,372.0
2020,4117,"BROOKS, JEFF",MIL,False,31,4,16,7.873321234119782,7.898183501899256,0.5454545454545454,48.0,22.368009679370843,3,7.928018223234624,2019.0,2018.0,3.8461538461538463,13.832051282051282,26.0,100.0
2020,2980,"GIST, JAMES",MUN,False,34,7,49,7.874666666666666,7.897130479958438,0.5789473684210527,55.0,20.852444444444448,4,7.928018223234624,2019.0,2018.0,3.9444444444444446,21.7787037037037,18.0,71.0
2020,1844,"HACKETT, DANIEL",CSK,False,33,6,36,7.847076461769117,7.882268531971512,0.5652173913043478,52.0,18.914397801099454,4,7.928018223234624,2019.0,2018.0,9.92,23.44,25.0,248.0
2020,10357,"YABUSELE, GUERSCHON",ASV,False,25,-2,4,6.5,7.8600173554615465,0.047619047619047616,2.0,23.091666666666665,1,7.928018223234624,2019.0,,10.966666666666669,25.13222222222222,30.0,329.0
2020,556,"CLAVER, VICTOR",BAR,False,32,5,25,7.764705882352941,7.839792016091646,0.5402298850574713,47.0,21.245882352941177,4,7.928018223234624,2019.0,2018.0,3.2,13.876666666666669,10.0,32.0
2020,4251,"THOMAS, MALCOLM",MUN,False,32,5,25,7.74,7.831716206455915,0.5121951219512195,42.0,17.1845,3,7.928018223234624,2019.0,2018.0,3.0,13.093333333333334,10.0,30.0
2020,9846,"BRYANT, ELIJAH",TEL,False,25,-2,4,7.62962962962963,7.8077720735729095,0.40298507462686567,27.0,19.766049382716048,1,7.928018223234624,2019.0,,8.794117647058824,23.325490196078437,34.0,299.0
2020,3210,"LEKAVICIUS, LUKAS",ZAL,False,26,-1,1,7.706666666666665,7.797945659065824,0.5876288659793815,57.0,16.321481481481477,4,7.928018223234624,2019.0,2018.0,8.333333333333334,18.34292929292929,33.0,275.0
2020,1557,"GIFFEY, NIELS",BER,False,29,2,4,7.607142857142857,7.795893072490955,0.4117647058823529,28.0,18.86428571428572,1,7.928018223234624,2019.0,,8.291666666666666,20.03333333333333,24.0,199.0
2020,CCD,"DATOME, LUIGI",MIL,False,33,6,36,7.694285714285714,7.789686738346494,0.5918367346938775,58.0,21.635468253968252,4,7.928018223234624,2019.0,2018.0,7.096774193548387,17.294086021505375,31.0,220.0
2020,3514,"DRAGIC, ZORAN",BAS,False,31,4,16,7.457142857142857,7.776380393476258,0.3220338983050847,19.0,21.653333333333336,3,7.928018223234624,2019.0,2017.0,6.848484848484849,17.97020202020202,33.0,226.0
2020,1954,"VALIEV, EVGENY",KHI,False,30,3,9,1.0,7.75904216900939,0.024390243902439025,1.0,6.483333333333333,1,7.928018223234624,2019.0,,3.909090909090909,15.259090909090908,11.0,43.0
2020,6710,"KHOMENKO, ALEXANDER",CSK,False,21,-6,36,1.0,7.75904216900939,0.024390243902439025,1.0,1.5166666666666666,1,7.928018223234624,2018.0,,0.8,5.655555555555555,15.0,12.0
2020,7942,"REYNOLDS, JALEN",MUN,False,28,1,1,7.166666666666667,7.75232171018048,0.23076923076923078,12.0,13.952777777777778,1,7.928018223234624,2019.0,,16.323529411764707,21.44607843137255,34.0,555.0
2020,4974,"ROLL, MICHAEL",MIL,False,33,6,36,7.619211822660099,7.746554668257842,0.5876288659793815,57.0,21.752840722495897,3,7.928018223234624,2019.0,2018.0,4.1,16.256666666666668,30.0,123.0
2020,9105,"JIMENEZ, MILLAN",PAM,False,18,-9,81,0.0,7.7346519251069505,0.024390243902439025,1.0,0.3333333333333333,1,7.928018223234624,2019.0,,0.0,1.1333333333333333,1.0,0.0
2020,981,"CANDAN, BERKAY",ULK,False,27,0,0,0.0,7.7346519251069505,0.024390243902439025,1.0,1.933333333333333,1,7.928018223234624,2019.0,,0.0,0.6833333333333333,1.0,0.0
2020,9005,"DECK, GABRIEL",MAD,False,25,-2,4,7.571153846153846,7.729760235967525,0.5555555555555556,50.0,17.907371794871793,2,7.928018223234624,2019.0,2018.0,10.34375,24.109895833333333,32.0,331.0
2020,8253,"GEORGE, JASON",MUN,False,19,-8,64,-1.0,7.7102616812045115,0.024390243902439025,1.0,1.95,1,7.928018223234624,2019.0,,-1.0,1.2666666666666666,1.0,-1.0
2020,9849,"DORSEY, TYLER",TEL,False,24,-3,9,7.392857142857143,7.707657778373308,0.4117647058823529,28.0,18.87142857142857,1,7.928018223234624,2019.0,,9.676470588235292,21.88235294117647,34.0,329.0
2020,9101,"FERRANDO, GUILLEM",PAM,False,18,-9,81,-2.0,7.6858714373020725,0.024390243902439025,1.0,4.333333333333333,1,7.928018223234624,2019.0,,2.0,1.8833333333333333,1.0,2.0
2020,5844,"PAPAGIANNIS, GEORGIOS",PAN,False,23,-4,16,7.487922705314009,7.683520713278726,0.5555555555555556,50.0,15.212962962962962,2,7.928018223234624,2019.0,2018.0,13.59375,21.8828125,32.0,435.0
2020,3958,"THIEMANN, JOHANNES",BER,False,26,-1,1,7.0625,7.680727302310446,0.2857142857142857,16.0,14.230208333333332,1,7.928018223234624,2019.0,,9.419354838709678,18.96021505376344,31.0,292.0
2020,6568,"FALL, YOUSSOUPHA",BAS,False,25,-2,4,7.25,7.648834248961544,0.4117647058823529,28.0,13.553571428571429,1,7.928018223234624,2019.0,,8.125,11.724479166666663,32.0,260.0
2020,10063,"NIKOLAIDIS, ALEXANDROS",OLY,False,18,-9,81,3.6666666666666665,7.630714626264767,0.06976744186046512,3.0,7.649999999999999,1,7.928018223234624,2019.0,,-2.0,2.2,1.0,-2.0
2020,7960,"DAVIDOVAC, DEJAN",RED,False,25,-2,4,7.358333333333333,7.617281010561193,0.5454545454545454,48.0,17.52472222222222,2,7.928018223234624,2019.0,2017.0,8.272727272727273,22.6510101010101,33.0,273.0
2020,6135,"LOPATIN, ANDREI",CSK,False,22,-5,25,0.4,7.569541164985356,0.047619047619047616,2.0,2.0166666666666666,2,7.928018223234624,2019.0,2018.0,-0.5,3.4,2.0,-1.0
2020,7566,"BRENNEKE, LORENZ",BER,False,20,-7,49,0.0,7.550493545937737,0.047619047619047616,2.0,0.7166666666666666,1,7.928018223234624,2019.0,,1.0,9.216666666666669,1.0,1.0
2020,4862,"SEELEY, DENNIS",MUN,False,31,4,16,6.961538461538462,7.547283771657348,0.3939393939393939,26.0,20.236538461538466,1,7.928018223234624,2016.0,,6.954545454545454,20.82348484848485,22.0,153.0
2020,4571,"SISKO, ZAN MARK",MUN,False,23,-4,16,5.285714285714286,7.534483594242234,0.14893617021276595,7.0,15.357142857142858,1,7.928018223234624,2019.0,,4.7407407407407405,16.317283950617284,27.0,128.0
2020,7630,"GARUBA, USMAN",MAD,False,18,-9,81,6.357142857142857,7.520754239433055,0.25925925925925924,14.0,11.922619047619047,1,7.928018223234624,2019.0,,5.088235294117647,14.244117647058824,34.0,173.0
2020,6586,"KALAITZAKIS, GEORGIOS",PAN,False,21,-6,36,-1.7999999999999998,7.464779260223452,0.047619047619047616,2.0,1.3366666666666662,2,7.928018223234624,2018.0,2017.0,1.1428571428571428,4.435714285714286,14.0,16.0
2020,9834,"BRAY, TJ",MUN,False,28,1,1,5.6,7.4624145785877,0.2,10.0,20.441666666666663,1,7.928018223234624,2019.0,,-0.2222222222222222,5.861111111111111,9.0,-2.0
2020,7869,"SANT-ROOS, HOWARD",PAN,False,29,2,4,5.3,7.402414578587701,0.2,10.0,18.938333333333333,1,7.928018223234624,2019.0,,8.875,24.367708333333333,32.0,284.0
2020,TGB,"LLULL, SERGIO",MAD,False,33,6,36,6.8665,7.390706529992407,0.5061728395061729,41.0,19.768441666666668,3,7.928018223234624,2019.0,2018.0,7.952380952380952,17.594444444444445,21.0,167.0
2020,2429,"RIVERS, KC",DYR,False,33,6,36,6.919047619047619,7.388336272157854,0.5348837209302325,46.0,22.67738095238095,3,7.928018223234624,2019.0,2017.0,4.5625,21.453645833333333,32.0,146.0
2020,JLX,"KURBANOV, NIKITA",CSK,False,34,7,49,6.992857142857143,7.382507593014426,0.5833333333333334,56.0,18.826904761904764,4,7.928018223234624,2019.0,2018.0,4.735294117647059,22.016176470588235,34.0,161.0
2020,8962,"HAYES-DAVIS, NIGEL",ZAL,False,26,-1,1,6.571428571428571,7.3694224842556615,0.4117647058823529,28.0,22.30059523809524,1,7.928018223234624,2019.0,,9.848484848484848,26.71060606060606,33.0,325.0
2020,726,"MORASCHINI, RICCARDO",MIL,False,29,2,4,5.8,7.347649616897909,0.2727272727272727,15.0,17.11777777777778,1,7.928018223234624,2019.0,,3.391304347826087,10.713768115942027,23.0,78.0
2020,KIR,"KAHUDI, CHARLES",ASV,False,34,7,49,6.304347826086956,7.335249665545793,0.36507936507936506,23.0,21.40217391304348,1,7.928018223234624,2019.0,,5.483870967741935,21.20860215053764,31.0,170.0
2020,4397,"JAGODIC-KURIDZA, MARKO",RED,False,33,6,36,4.25,7.3150151860288535,0.16666666666666666,8.0,17.425,1,7.928018223234624,2019.0,,4.529411764705882,18.7093137254902,34.0,154.0
2020,7360,"ERIC, MICHAEL",CSK,False,32,5,25,6.8364532019704445,7.286583107646395,0.5876288659793815,57.0,17.110028735632184,2,7.928018223234624,2019.0,2018.0,10.666666666666666,15.907407407407408,9.0,96.0
2020,9022,"WALTON JR, DERRICK",ASV,False,25,-2,4,5.764705882352941,7.282819805778684,0.2982456140350877,17.0,12.619607843137254,1,7.928018223234624,2018.0,,5.125,19.6375,8.0,41.0
2020,8989,"HILLIARD, DARRUN",CSK,False,27,0,0,6.826666666666667,7.280832257003969,0.5876288659793815,57.0,20.23303703703704,2,7.928018223234624,2019.0,2018.0,6.59375,20.22083333333333,32.0,211.0
2020,8250,"GRANT, SASHA",MUN,False,18,-9,81,0.25,7.230016566576931,0.09090909090909091,4.0,1.1416666666666666,1,7.928018223234624,2019.0,,0.7272727272727273,5.456060606060606,11.0,8.0
2020,6693,"SAYBIR, YIGITCAN",IST,False,21,-6,36,-2.6,7.193505323939186,0.06976744186046512,3.0,3.35,2,7.928018223234624,2019.0,2017.0,0.5,2.35,2.0,1.0
2020,9752,"PEREZ, ALEX",ULK,False,27,0,0,2.857142857142857,7.172781466582659,0.14893617021276595,7.0,10.647619047619049,1,7.928018223234624,2019.0,,-0.1666666666666666,6.719444444444445,6.0,-1.0
2020,1324,"MUHAMMED, ALI",ULK,False,37,10,100,6.572727272727272,7.168459558664569,0.5604395604395604,51.0,15.823735632183908,4,7.928018223234624,2019.0,2018.0,5.647058823529412,15.024509803921566,17.0,96.0
2020,5718,"TIMMA, JANIS",KHI,False,28,1,1,6.366459627329192,7.110058958712731,0.5238095238095238,44.0,22.547453416149068,3,7.928018223234624,2019.0,2018.0,5.5625,24.88125,16.0,89.0
2020,2936,"SASTRE, JOAN",PAM,False,29,2,4,5.861111111111111,7.042200889467404,0.42857142857142855,30.0,16.56287037037037,2,7.928018223234624,2019.0,2017.0,2.8125,16.960416666666667,16.0,45.0
2020,8985,"BOLMARO, LEANDRO",BAR,False,20,-7,49,1.0,7.024363672377934,0.13043478260869565,6.0,9.2,1,7.928018223234624,2019.0,,2.333333333333333,7.932638888888889,24.0,56.0
2020,6158,"LUKOSIUNAS, KAROLIS",ZAL,False,23,-4,16,0.8333333333333334,7.002624541943152,0.13043478260869565,6.0,2.727777777777778,1,7.928018223234624,2019.0,,0.75,5.6875,16.0,12.0
2020,8211,"DELOW, MALTE",BER,False,19,-8,64,0.8333333333333334,7.002624541943152,0.13043478260869565,6.0,4.197222222222222,1,7.928018223234624,2019.0,,0.6521739130434783,8.342028985507246,23.0,15.0
2020,1392,"CAUSEUR, FABIEN",MAD,False,33,6,36,6.314666666666667,6.993972585221596,0.5789473684210527,55.0,15.555644444444447,4,7.928018223234624,2019.0,2018.0,5.833333333333333,14.484027777777778,24.0,140.0
2020,9766,"KOUFOS, KOSTA",OLY,False,31,4,16,4.705882352941177,6.967030332094473,0.2982456140350877,17.0,9.552941176470588,1,7.928018223234624,2019.0,,3.75,10.1625,8.0,30.0
2020,7990,"DIBARTOLOMEO, JOHN",TEL,False,29,2,4,5.927586206896551,6.915453869285724,0.5061728395061729,41.0,12.236005747126436,3,7.928018223234624,2019.0,2018.0,4.260869565217392,10.44855072463768,23.0,98.0
2020,9902,"MACK, SHELVIN",PAN,False,30,3,9,3.1818181818181817,6.904328018223235,0.21568627450980393,11.0,17.248484848484846,1,7.928018223234624,2019.0,,4.961538461538462,16.476282051282052,26.0,129.0
2020,BWI,"JANKUNAS, PAULIUS",ZAL,False,36,9,81,5.9450980392156865,6.8893457458913705,0.5238095238095238,44.0,14.633507625272328,4,7.928018223234624,2019.0,2018.0,7.147058823529412,15.883333333333333,34.0,243.0
2020,TFK,"DIOT, ANTOINE",ASV,False,31,4,16,5.043478260869565,6.874932205228332,0.36507936507936506,23.0,17.203623188405796,1,7.928018223234624,2019.0,,7.566666666666666,18.737777777777776,30.0,227.0
2020,6819,"NIKIC, KRESIMIR",BER,False,21,-6,36,3.0,6.865112331948725,0.21568627450980393,11.0,10.834848484848486,1,7.928018223234624,2019.0,,2.6,8.271666666666667,10.0,26.0
2020,7866,"MITOGLOU, KONSTANTINOS",PAN,False,24,-3,9,6.051142857142857,6.85840107911781,0.5698924731182796,53.0,14.143833333333333,3,7.928018223234624,2019.0,2018.0,11.294117647058824,20.311764705882357,34.0,384.0
2020,3469,"VEZENKOV, SASHA",OLY,False,25,-2,4,6.0538461538461545,6.8513661833731625,0.574468085106383,54.0,12.347527472527473,4,7.928018223234624,2019.0,2018.0,14.774193548387096,23.591397849462368,31.0,458.0
2020,4218,"CHARALAMPOPOULOS, VASILIS",OLY,False,23,-4,16,2.042857142857143,6.847070269695903,0.1836734693877551,9.0,5.579761904761904,2,7.928018223234624,2019.0,2016.0,0.5454545454545454,7.537878787878788,11.0,6.0
2020,7994,"GARINO, PATRICIO",ZAL,False,27,0,0,4.968571428571429,6.818225675235926,0.375,24.0,16.48704761904762,3,7.928018223234624,2019.0,2018.0,2.0,7.2625,4.0,8.0
2020,10093,"SYKES, KEIFER",PAN,False,27,0,0,3.083333333333333,6.8100140178727875,0.23076923076923078,12.0,18.82638888888889,1,7.928018223234624,2019.0,,3.6666666666666665,15.97222222222222,3.0,11.0
2020,9035,"BOLOMBOY, JOEL",CSK,False,26,-1,1,5.86060606060606,6.7897800662818195,0.550561797752809,49.0,14.178080808080809,2,7.928018223234624,2019.0,2018.0,7.25,16.933333333333334,24.0,174.0
2020,3240,"BOCHORIDIS, ELEFTHERIOS",PAN,False,26,-1,1,0.1428571428571428,6.768526147433723,0.14893617021276595,7.0,4.130952380952381,1,7.928018223234624,2016.0,,3.967741935483871,15.868279569892474,31.0,123.0
2020,7032,"LO, MAODO",BER,False,28,1,1,5.953940886699507,6.767993396610896,0.5876288659793815,57.0,21.89034482758621,4,7.928018223234624,2019.0,2018.0,7.62962962962963,21.56851851851852,27.0,206.0
2020,4655,"BAKO, ISMAEL",ASV,False,25,-2,4,4.833333333333333,6.7675113895216406,0.375,24.0,11.0,1,7.928018223234624,2019.0,,7.407407407407407,14.375308641975309,27.0,200.0
2020,3478,"ABRINES, ALEX",BAR,False,27,0,0,4.88,6.755703521990538,0.38461538461538464,25.0,14.818666666666664,1,7.928018223234624,2019.0,,5.59375,19.934375,32.0,179.0
2020,9903,"BILIGHA, PAUL",MIL,False,30,3,9,2.923076923076923,6.700391111875189,0.24528301886792453,13.0,13.366666666666667,1,7.928018223234624,2019.0,,1.7142857142857142,3.361904761904761,7.0,12.0
2020,4007,"DOBRIC, OGNJEN",RED,False,26,-1,1,5.594405594405595,6.655138607509699,0.5454545454545454,48.0,14.852424242424243,3,7.928018223234624,2019.0,2017.0,7.0,18.619791666666668,32.0,224.0
2020,4834,"PUSTOVYI, ARTEM",BAR,False,28,1,1,1.488888888888889,6.640192356365478,0.2,10.0,5.46962962962963,2,7.928018223234624,2019.0,2018.0,2.7333333333333334,7.883333333333334,15.0,41.0
2020,4499,"FONTECCHIO, SIMONE",BER,False,25,-2,4,-0.72,6.640015509135851,0.14893617021276595,7.0,0.8753333333333333,3,7.928018223234624,2018.0,2017.0,10.10344827586207,23.423563218390804,29.0,293.0
2020,9753,"GEBEN, MARTINAS",ZAL,False,26,-1,1,4.05,6.635345482156416,0.3333333333333333,20.0,8.134166666666667,1,7.928018223234624,2019.0,,4.515151515151516,8.062626262626262,33.0,149.0
2020,KPD,"MILAKNIS, ARTURAS",ZAL,False,34,7,49,5.681904761904762,6.598685766529195,0.5918367346938775,58.0,22.49557142857143,4,7.928018223234624,2019.0,2018.0,4.48,18.54533333333333,25.0,112.0
2020,6505,"WHITE, AARON",PAN,False,28,1,1,5.386666666666667,6.582596810933941,0.5294117647058824,45.0,16.146222222222224,3,7.928018223234624,2019.0,2018.0,9.0,22.391414141414145,33.0,297.0
2020,2968,"SANLI, SERTAC",IST,False,29,2,4,4.6571428571428575,6.581187190138015,0.4117647058823529,28.0,8.653333333333334,2,7.928018223234624,2019.0,2018.0,6.7407407407407405,13.546296296296296,27.0,182.0
2020,1960,"CARROLL, JAYCEE",MAD,False,37,10,100,5.450349650349651,6.5765626380246385,0.5454545454545454,48.0,14.775687645687645,4,7.928018223234624,2019.0,2018.0,7.730769230769231,14.692307692307692,26.0,201.0
2020,9863,"BALDWIN IV, WADE",MUN,False,24,-3,9,4.291666666666667,6.5643863895216406,0.375,24.0,16.79652777777778,1,7.928018223234624,2019.0,,13.411764705882351,27.27549019607844,34.0,456.0
2020,2661,"PREPELIC, KLEMEN",PAM,False,28,1,1,3.3529411764705883,6.563521560164649,0.2982456140350877,17.0,8.99705882352941,1,7.928018223234624,2018.0,,11.3125,20.561979166666667,32.0,362.0
2020,6643,"PUERTO, JOSEP",PAM,False,21,-6,36,1.1,6.5624145785877,0.2,10.0,3.2266666666666666,1,7.928018223234624,2017.0,,0.4117647058823529,4.935294117647059,17.0,7.0
2020,6961,"BIBEROVIC, TARIK",ULK,False,19,-8,64,1.5199999999999998,6.545896645674215,0.21568627450980393,11.0,8.793666666666667,2,7.928018223234624,2019.0,2018.0,1.1538461538461535,7.297435897435897,13.0,15.0
2020,3479,"KUZMIC, OGNJEN",RED,False,30,3,9,4.052631578947369,6.474748231626904,0.375,24.0,10.481894736842104,4,7.928018223234624,2019.0,2018.0,6.0625,13.91875,32.0,194.0
2020,2084,"POLONARA, ACHILLE",BAS,False,29,2,4,4.185185185185185,6.419712372080372,0.40298507462686567,27.0,12.522222222222224,1,7.928018223234624,2019.0,,16.515151515151516,29.788888888888884,33.0,545.0
2020,2361,"VIVES, GUILLEM",PAM,False,27,0,0,4.6850000000000005,6.391851696439277,0.47368421052631576,36.0,19.614333333333335,2,7.928018223234624,2019.0,2017.0,4.615384615384615,18.091666666666665,26.0,120.0
2020,5686,"GECIM, TOLGA",IST,False,24,-3,9,-0.4444444444444444,6.39021895774255,0.1836734693877551,9.0,4.157407407407407,1,7.928018223234624,2019.0,,-0.1666666666666666,5.461111111111111,6.0,-1.0
2020,LKY,"KHVOSTOV, DMITRY",DYR,False,31,4,16,2.833333333333333,6.346909119472155,0.3103448275862069,18.0,14.22777777777778,1,7.928018223234624,2019.0,,1.7692307692307692,7.751282051282052,13.0,23.0
2020,9848,"COHEN, SANDY",TEL,False,25,-2,4,0.5454545454545454,6.335700567242842,0.21568627450980393,11.0,4.448484848484848,1,7.928018223234624,2019.0,,0.4444444444444444,8.039814814814815,18.0,8.0
2020,8099,"STRAZEL, MATTHEW",ASV,False,18,-9,81,2.3125,6.323584445167588,0.2857142857142857,16.0,13.909375,1,7.928018223234624,2019.0,,2.55,13.058333333333334,20.0,51.0
2020,7230,"SEDEKERSKIS, TADAS",BAS,False,22,-5,25,2.023076923076923,6.317579686827979,0.2727272727272727,15.0,3.7310256410256413,2,7.928018223234624,2018.0,2016.0,5.625,16.276041666666668,32.0,180.0
2020,4761,"MARINKOVIC, VANJA",PAM,False,23,-4,16,3.888888888888889,6.300309387005745,0.40298507462686567,27.0,14.887654320987652,1,7.928018223234624,2019.0,,2.8666666666666667,14.495555555555551,15.0,43.0
2020,5917,"ORIOLA, PIERRE",BAR,False,28,1,1,5.150476190476191,6.2841668160918775,0.5918367346938775,58.0,15.73965873015873,3,7.928018223234624,2019.0,2018.0,6.8125,16.696354166666666,32.0,218.0
2020,2543,"WESTERMANN, LEO",BAR;ULK,True,28,1,1,4.741106719367589,6.2408297800109,0.5294117647058824,45.0,13.84762187088274,4,7.928018223234624,2019.0,2018.0,3.5217391304347827,11.939855072463768,23.0,81.0
2020,5014,"JENKINS, CHARLES",OLY,False,31,4,16,4.916041979010496,6.225596867803596,0.5652173913043478,52.0,20.98504247876062,4,7.928018223234624,2019.0,2018.0,2.235294117647059,15.875,34.0,76.0
2020,9818,"BENTIL, BENJAMIN",PAN,False,25,-2,4,3.260869565217391,6.224138554434681,0.36507936507936506,23.0,9.078985507246376,1,7.928018223234624,2019.0,,5.870967741935484,15.870967741935484,31.0,182.0
2020,6625,"ZOOSMAN, YOVEL",TEL,False,22,-5,25,4.910144927536232,6.2081549471914546,0.5698924731182796,53.0,16.51408695652174,3,7.928018223234624,2019.0,2018.0,1.6363636363636365,13.574242424242424,11.0,18.0
2020,8829,"PETERS, ALEC",BAS,False,25,-2,4,4.973333333333334,6.191760092055516,0.5876288659793815,57.0,15.250148148148147,2,7.928018223234624,2019.0,2018.0,12.454545454545457,23.496464646464645,33.0,411.0
2020,6251,"SCHNEIDER, TIM",BER,False,23,-4,16,1.8125,6.180727302310446,0.2857142857142857,16.0,11.844791666666667,1,7.928018223234624,2019.0,,1.3214285714285714,11.231547619047618,28.0,37.0
2020,3573,"ZUBKOV, ANDREY",DYR,False,29,2,4,4.282,6.176035440641362,0.4805194805194805,37.0,15.711133333333335,3,7.928018223234624,2019.0,2018.0,5.235294117647059,15.882352941176473,34.0,178.0
2020,5938,"ANDERSON, JAMES",IST,False,31,4,16,4.939047619047619,6.159035620756601,0.5918367346938775,58.0,14.449047619047619,4,7.928018223234624,2019.0,2018.0,6.588235294117647,16.46078431372549,34.0,224.0
2020,4302,"KARASEV, SERGEY",KHI,False,27,0,0,2.909090909090909,6.1471085311191125,0.3548387096774194,22.0,12.328787878787876,1,7.928018223234624,2019.0,,5.392857142857143,18.660714285714285,28.0,151.0
2020,7948,"AUGUSTE, ZACH",PAN,False,27,0,0,1.0,6.1318653505441665,0.25925925925925924,14.0,5.807142857142857,1,7.928018223234624,2017.0,,4.761904761904762,10.3515873015873,21.0,100.0
2020,AAX,"REYES, FELIPE",MAD,False,40,13,169,3.552380952380952,6.126285229353701,0.4117647058823529,28.0,8.358571428571429,4,7.928018223234624,2019.0,2018.0,0.0,3.788888888888889,3.0,0.0
2020,6068,"NOUA, AMINE",ASV,False,23,-4,16,3.24,6.124934291221307,0.38461538461538464,25.0,14.099333333333332,1,7.928018223234624,2019.0,,5.071428571428571,15.527976190476192,28.0,142.0
2020,6919,"OLINDE, LOUIS",BER,False,22,-5,25,1.48,6.0857273023104455,0.2857142857142857,16.0,7.827999999999999,2,7.928018223234624,2017.0,2016.0,3.0,15.990666666666666,25.0,75.0
2020,2925,"TUNCER, BUGRAHAN",IST,False,27,0,0,2.1999999999999997,6.083402185243813,0.3220338983050847,19.0,5.921555555555555,2,7.928018223234624,2019.0,2018.0,2.2857142857142856,6.116666666666667,14.0,32.0
2020,8995,"UKHOV, IVAN",CSK,False,25,-2,4,1.3599999999999999,6.051441588024732,0.2857142857142857,16.0,5.718333333333334,2,7.928018223234624,2019.0,2018.0,-0.0476190476190476,8.524603174603175,21.0,-1.0
2020,5553,"LOMAZS, RIHARDS",ASV,False,24,-3,9,3.2222222222222223,6.031652670587835,0.40298507462686567,27.0,13.174074074074074,1,7.928018223234624,2019.0,,2.0,9.233333333333333,6.0,12.0
2020,7519,"JOKUBAITIS, ROKAS",ZAL,False,20,-7,49,2.12,5.9920121488230835,0.3333333333333333,20.0,6.423333333333334,2,7.928018223234624,2019.0,2018.0,6.838709677419355,20.92096774193548,31.0,212.0
2020,5255,"KONIARIS, ANTONIOS",OLY,False,23,-4,16,2.6666666666666665,5.9550113895216406,0.375,24.0,13.374305555555551,1,7.928018223234624,2019.0,,-1.0,5.133333333333334,1.0,-1.0
2020,6435,"LAPROVITTOLA, NICOLAS",MAD,False,30,3,9,3.60395256916996,5.9412853551508595,0.4594594594594595,34.0,11.853399209486165,2,7.928018223234624,2019.0,2016.0,7.586206896551724,18.01264367816092,29.0,220.0
2020,JAN,"PONKRASHOV, ANTON",KHI,False,34,7,49,3.3800000000000003,5.906676790685903,0.4444444444444444,32.0,15.093393939393941,2,7.928018223234624,2019.0,2016.0,1.8888888888888888,17.29074074074074,9.0,17.0
2020,BGV,"VIALTSEV, EGOR",KHI,False,35,8,64,2.5094736842105263,5.896064021100588,0.375,24.0,10.620245614035088,3,7.928018223234624,2019.0,2018.0,3.294117647058824,15.126470588235293,17.0,56.0
2020,7109,"SMITS, ROLANDS",BAR,False,25,-2,4,2.8761363636363635,5.89218523503831,0.40298507462686567,27.0,10.553446969696969,2,7.928018223234624,2019.0,2018.0,6.794117647058823,16.45392156862745,34.0,231.0
2020,TFX,"VOUGIOUKAS, IAN",PAN,False,35,8,64,3.622222222222222,5.888430643807697,0.47368421052631576,36.0,8.19351851851852,3,7.928018223234624,2019.0,2018.0,0.3333333333333333,4.311111111111111,3.0,1.0
2020,436,"BERTANS, DAIRIS",KHI,False,31,4,16,3.9220779220779223,5.852651561189586,0.5180722891566265,43.0,16.79463203463203,4,7.928018223234624,2019.0,2018.0,2.7,17.183333333333334,20.0,54.0
2020,3540,"DIOP, ILIMANE",BAS,False,25,-2,4,4.226666666666667,5.752997205457577,0.5876288659793815,57.0,11.240296296296295,4,7.928018223234624,2019.0,2018.0,0.074074074074074,6.72037037037037,27.0,2.0
2020,3370,"PUSHKOV, ANTON",DYR,False,32,5,25,0.5882352941176471,5.738960156655876,0.2982456140350877,17.0,6.537254901960785,1,7.928018223234624,2019.0,,0.8461538461538461,5.342307692307693,13.0,11.0
2020,6546,"TAYLOR, JEFFERY",MAD,False,31,4,16,4.071666666666666,5.712667329036011,0.574468085106383,54.0,18.350027777777775,4,7.928018223234624,2019.0,2018.0,2.185185185185185,15.62716049382716,27.0,59.0
2020,6399,"DUVERIOGLU, AHMET",ULK,False,27,0,0,3.5863529411764707,5.704238444619472,0.5121951219512195,42.0,10.230572549019607,4,7.928018223234624,2019.0,2018.0,4.517241379310345,11.54942528735632,29.0,131.0
2020,1792,"ZAITCEV, VIACHESLAV",KHI,False,31,4,16,3.0498245614035087,5.686686000231139,0.4594594594594595,34.0,9.903040935672514,3,7.928018223234624,2019.0,2018.0,6.441176470588236,19.473529411764705,34.0,219.0
2020,8977,"AMAIZE, ROBIN",MUN,False,26,-1,1,-0.3333333333333333,5.6749223441706365,0.2727272727272727,15.0,4.168888888888889,1,7.928018223234624,2018.0,,-0.125,6.233333333333333,8.0,-1.0
2020,2969,"MAHMUTOGLU, MELIH",ULK,False,30,3,9,3.6445714285714286,5.636872263298496,0.5348837209302325,46.0,15.076209523809524,4,7.928018223234624,2019.0,2018.0,2.0,13.500666666666666,25.0,50.0
2020,5618,"SIMANIC, BORISA",RED,False,22,-5,25,1.52,5.588582998879127,0.36507936507936506,23.0,9.850444444444443,2,7.928018223234624,2019.0,2016.0,1.3333333333333333,4.3388888888888895,3.0,4.0
2020,7851,"TRUSHKIN, VLADISLAV",DYR,False,27,0,0,1.625,5.5643863895216406,0.375,24.0,11.083333333333334,1,7.928018223234624,2019.0,,0.3333333333333333,3.0444444444444443,6.0,2.0
2020,LEM,"RADOSEVIC, LEON",MUN,False,30,3,9,3.5317604355716883,5.5300594299639325,0.5454545454545454,48.0,12.772274652147608,4,7.928018223234624,2019.0,2018.0,3.8125,14.032291666666667,32.0,122.0
2020,7025,"MATTISSECK, JONAS",BER,False,20,-7,49,1.7857142857142858,5.398834248961544,0.4117647058823529,28.0,13.727380952380951,1,7.928018223234624,2019.0,,2.129032258064516,13.811827956989248,31.0,66.0
2020,5670,"FLACCADORI, DIEGO",MUN,False,24,-3,9,0.6363636363636364,5.3406569182158865,0.3548387096774194,22.0,8.543939393939395,1,7.928018223234624,2019.0,,0.7647058823529411,5.495098039215687,17.0,13.0
2020,KIW,"CINCIARINI, ANDREA",MIL,False,34,7,49,1.2021978021978021,5.217612978936203,0.40298507462686567,27.0,8.316043956043956,4,7.928018223234624,2019.0,2018.0,-0.4285714285714285,2.595238095238096,7.0,-3.0
2020,LLH,"FRIDZON, VITALY",DYR,False,35,8,64,3.145,5.1803269035040955,0.574468085106383,54.0,9.98638888888889,2,7.928018223234624,2017.0,2016.0,0.7037037037037037,4.933333333333333,27.0,19.0
2020,BFX,"MONIA, SERGEY",KHI,False,37,10,100,2.4452488687782807,5.087547352853627,0.5180722891566265,43.0,11.689894419306182,3,7.928018223234624,2019.0,2018.0,4.6923076923076925,22.67948717948718,26.0,122.0
2020,3521,"BALBAY, DOGUS",IST,False,31,4,16,2.634666666666667,4.8634462694321225,0.5789473684210527,55.0,9.313288888888888,4,7.928018223234624,2019.0,2018.0,1.84,7.423999999999999,25.0,46.0
2020,1389,"VORONOV, EVGENY",KHI,False,34,7,49,1.717391304347826,4.78436756058822,0.5061728395061729,41.0,16.621111111111112,2,7.928018223234624,2019.0,2016.0,2.4,11.975,20.0,48.0
2020,4941,"ANTONOV, SEMEN",CSK,False,31,4,16,1.380952380952381,4.574643035724207,0.5121951219512195,42.0,7.601904761904762,4,7.928018223234624,2019.0,2018.0,1.0740740740740742,8.62716049382716,27.0,29.0
2020,LUO,"LAZIC, BRANKO",RED,False,31,4,16,2.1173333333333337,4.563937497502298,0.5789473684210527,55.0,17.893466666666665,3,7.928018223234624,2019.0,2017.0,1.606060606060606,16.325252525252527,33.0,53.0
2022,796,"MIROTIC, NIKOLA",BAR,False,31,4,16,22.162637362637362,16.141149739331105,0.574468085106383,54.0,26.45346153846154,2,8.012141447867657,2020.0,2019.0,17.166666666666668,24.99791666666667,24.0,412.0
2022,7200,"LARKIN, SHANE",IST,False,30,3,9,20.52542857142857,15.143369593552908,0.5698924731182796,53.0,28.915009523809523,4,8.012141447867657,2020.0,2019.0,14.117647058823527,28.6656862745098,17.0,240.0
2022,5985,"JAMES, MIKE",MCO,False,32,5,25,20.165079365079364,15.048052873621804,0.5789473684210527,55.0,30.16304232804233,4,8.012141447867657,2020.0,2019.0,16.774193548387096,30.96075268817204,31.0,520.0
2022,2100,"DE COLO, NANDO",ASV,False,35,8,64,18.03735632183908,13.725435945937393,0.5698924731182796,53.0,27.752318007662836,4,8.012141447867657,2020.0,2019.0,15.517241379310343,23.723563218390805,29.0,450.0
2022,5791,"TAVARES, WALTER",MAD,False,30,3,9,16.931932773109246,13.433975390661564,0.6078431372549019,62.0,24.90761904761905,4,8.012141447867657,2020.0,2019.0,16.235294117647058,24.04019607843137,34.0,552.0
2022,2580,"MICIC, VASILIJE",IST,False,28,1,1,16.653030303030306,13.089777166880761,0.5876288659793815,57.0,30.318005050505047,4,8.012141447867657,2020.0,2019.0,17.419354838709676,31.28655913978494,31.0,540.0
2022,1288,"LUCIC, VLADIMIR",MUN,False,33,6,36,16.376923076923077,12.740061499072894,0.5652173913043478,52.0,29.624999999999996,3,8.012141447867657,2020.0,2019.0,8.588235294117647,24.37156862745098,17.0,146.0
2022,925,"VESELY, JAN",BAR,False,32,5,25,15.884444444444444,12.306124900545905,0.5454545454545454,48.0,27.30525925925926,4,8.012141447867657,2020.0,2019.0,11.303030303030305,20.07171717171717,33.0,373.0
2022,2742,"DUBLJEVIC, BOJAN",PAM,False,31,4,16,15.387798408488067,12.282258635595262,0.5789473684210527,55.0,22.86290008841733,3,8.012141447867657,2020.0,2019.0,12.62962962962963,23.12962962962963,27.0,341.0
2022,6589,"SIKMA, LUKE",BER,False,33,6,36,15.047926267281108,12.205184926103957,0.5959595959595959,59.0,25.274431643625192,2,8.012141447867657,2020.0,2019.0,12.87878787878788,22.47373737373737,33.0,425.0
2022,1133,"SHENGELIA, TORNIKE",VIR,False,31,4,16,14.801785714285714,12.08592800771849,0.6,60.0,26.968586309523808,4,8.012141447867657,2020.0,2019.0,11.521739130434783,22.619565217391305,23.0,265.0
2022,6661,"WILBEKIN, SCOTTIE",ULK,False,29,2,4,14.493665158371039,11.901055674169687,0.6,60.0,26.650882352941178,4,8.012141447867657,2020.0,2019.0,10.12,23.666,25.0,253.0
2022,1926,"SLOUKAS, KOSTAS",OLY,False,32,5,25,14.237411764705884,11.722151030629831,0.5959595959595959,59.0,28.25812549019608,4,8.012141447867657,2020.0,2019.0,14.79310344827586,22.742528735632185,29.0,429.0
2022,4887,"POIRIER, VINCENT",MAD,False,29,2,4,14.086666666666666,11.656856579147064,0.6,60.0,22.230777777777778,2,8.012141447867657,2018.0,2017.0,8.0,14.390860215053763,31.0,248.0
2022,8847,"MICKEY, JORDAN",VIR,False,28,1,1,14.217032967032967,11.576653597175389,0.574468085106383,54.0,23.957472527472525,3,8.012141447867657,2020.0,2019.0,8.21875,22.016666666666666,32.0,263.0
2022,JDR,"TEODOSIC, MILOS",VIR,False,35,8,64,17.458333333333332,11.554463404917286,0.375,24.0,29.00486111111111,1,8.012141447867657,2016.0,,10.5,19.49230769230769,26.0,273.0
2022,7056,"BOOKER, DEVIN",ULK,False,31,4,16,14.771428571428572,11.51394080103777,0.5180722891566265,43.0,25.50604761904762,3,8.012141447867657,2020.0,2019.0,6.645161290322581,21.11021505376344,31.0,206.0
2022,6754,"HENRY, PIERRIA",BAS,False,29,2,4,13.72635294117647,11.417580620647655,0.5959595959595959,59.0,25.937941176470588,2,8.012141447867657,2020.0,2019.0,14.0,23.9474358974359,13.0,182.0
2022,6436,"GIEDRAITIS, ROKAS",BAS,False,30,3,9,13.61905882352941,11.353637661645873,0.5959595959595959,59.0,28.093184313725494,2,8.012141447867657,2020.0,2019.0,13.529411764705882,26.621078431372556,34.0,460.0
2022,1932,"CALATHES, NICK",ULK,False,33,6,36,13.414285714285715,11.29579776667079,0.6078431372549019,62.0,27.86578431372549,4,8.012141447867657,2020.0,2019.0,10.852941176470589,25.94117647058824,34.0,369.0
2022,5928,"CAMPAZZO, FACUNDO",RED,False,31,4,16,14.317142857142859,11.083808801104293,0.48717948717948717,38.0,25.01209523809524,4,8.012141447867657,2020.0,2019.0,18.666666666666668,28.564814814814813,9.0,168.0
2022,4172,"PONITKA, MATEUSZ",PAN,False,29,2,4,13.359477124183005,11.034548569263288,0.5652173913043478,52.0,25.317625272331156,2,8.012141447867657,2020.0,2019.0,12.962962962962964,25.17098765432099,27.0,350.0
2022,9754,"LOYD, JORDAN",MCO,False,29,2,4,13.44367816091954,10.946419902045111,0.5402298850574713,47.0,25.1670625798212,2,8.012141447867657,2020.0,2019.0,13.074074074074074,25.412345679012347,27.0,353.0
2022,8987,"LEDAY, ZACH",PAR,False,28,1,1,12.90591133004926,10.887861894098084,0.5876288659793815,57.0,23.454811165845648,3,8.012141447867657,2020.0,2019.0,13.852941176470589,30.551470588235293,34.0,471.0
2022,6450,"HIGGINS, CORY",BAR,False,33,6,36,12.703260869565218,10.728052692008351,0.5789473684210527,55.0,26.32022644927536,4,8.012141447867657,2020.0,2019.0,8.71875,19.822916666666668,32.0,279.0
2022,8811,"FALL, MOUSTAPHA",OLY,False,30,3,9,14.129032258064516,10.682896590347976,0.43661971830985913,31.0,21.995698924731183,1,8.012141447867657,2020.0,,11.727272727272728,21.285858585858584,33.0,387.0
2022,7831,"SHIELDS, SHAVON",MIL,False,28,1,1,12.379310344827585,10.540502388212879,0.5789473684210527,55.0,26.33920424403183,3,8.012141447867657,2020.0,2019.0,8.4,21.905,10.0,84.0
2022,CVM,"RODRIGUEZ, SERGIO",MAD,False,36,9,81,12.17142857142857,10.473760357730239,0.5918367346938775,58.0,22.305666666666667,4,8.012141447867657,2020.0,2019.0,5.909090909090909,14.413131313131313,33.0,195.0
2022,5094,"THOMAS, DESHAUN",MIL,False,31,4,16,12.185714285714285,10.46465332165382,0.5876288659793815,57.0,26.68938013136289,4,8.012141447867657,2019.0,2018.0,3.1818181818181817,9.81060606060606,22.0,70.0
2022,2328,"GRIGONIS, MARIUS",PAN,False,28,1,1,12.641176470588235,10.436874078816532,0.5238095238095238,44.0,26.881999999999998,3,8.012141447867657,2020.0,2019.0,7.62962962962963,17.90679012345679,27.0,206.0
2022,3048,"DUNSTON, BRYANT",IST,False,36,9,81,12.872030651340994,10.379779777764924,0.48717948717948717,38.0,23.218697318007663,4,8.012141447867657,2020.0,2019.0,6.793103448275862,13.597701149425289,29.0,197.0
2022,5160,"HUNTER, OTHELLO",MUN,False,36,9,81,12.118518518518517,10.371124020369216,0.574468085106383,54.0,21.88641975308642,4,8.012141447867657,2020.0,2019.0,9.375,17.911805555555556,24.0,225.0
2022,7870,"DAVIES, BRANDON",MIL,False,31,4,16,12.035714285714285,10.35922560327819,0.5833333333333334,56.0,20.33904761904762,4,8.012141447867657,2020.0,2019.0,11.454545454545457,18.39444444444445,33.0,378.0
2022,3120,"GUDAITIS, ARTURAS",PAN,False,29,2,4,11.96842105263158,10.190317859479254,0.550561797752809,49.0,19.032298245614033,4,8.012141447867657,2020.0,2019.0,8.931034482758621,17.347126436781608,29.0,259.0
2022,5844,"PAPAGIANNIS, GEORGIOS",PAN,False,25,-2,4,11.652546296296297,10.181675650466543,0.5959595959595959,59.0,20.14721836419753,3,8.012141447867657,2020.0,2019.0,11.424242424242424,23.73030303030303,33.0,377.0
2022,2084,"POLONARA, ACHILLE",IST;ZAL,True,31,4,16,11.583164983164982,10.154755569046053,0.6,60.0,22.88222222222222,2,8.012141447867657,2020.0,2019.0,6.46875,14.909895833333334,32.0,207.0
2022,3469,"VEZENKOV, SASHA",OLY,False,27,0,0,11.633746898263027,10.140301351708235,0.5876288659793815,57.0,19.611761786600496,4,8.012141447867657,2020.0,2019.0,22.151515151515152,28.674242424242426,33.0,731.0
2022,4888,"CLYBURN, WILL",IST,False,32,5,25,12.96923076923077,10.136608299880418,0.42857142857142855,30.0,23.22602564102564,4,8.012141447867657,2020.0,2019.0,18.61764705882353,33.11715686274509,34.0,633.0
2022,8855,"WALKUP, THOMAS",OLY,False,30,3,9,11.456302521008402,10.105651119776738,0.6078431372549019,62.0,24.798179271708683,3,8.012141447867657,2020.0,2019.0,12.882352941176473,25.10441176470588,34.0,438.0
2022,4554,"ZIZIC, ANTE",IST,False,25,-2,4,11.686764705882354,10.053598813431378,0.5555555555555556,50.0,20.681053921568633,2,8.012141447867657,2020.0,2016.0,10.0,15.680645161290323,31.0,310.0
2022,6433,"PANGOS, KEVIN",MIL,False,29,2,4,11.167450980392159,9.953870390959658,0.6153846153846154,64.0,25.061758169934638,4,8.012141447867657,2020.0,2018.0,7.6875,25.08020833333333,16.0,123.0
2022,10560,"PIERRE, DYSHAWN",ULK,False,29,2,4,12.029411764705882,9.857914296144681,0.4594594594594595,34.0,23.758333333333333,1,8.012141447867657,2020.0,,9.125,20.18888888888889,24.0,219.0
2022,848,"NEDOVIC, NEMANJA",RED,False,31,4,16,11.398588235294119,9.74666297313487,0.5121951219512195,42.0,22.26541176470588,4,8.012141447867657,2020.0,2019.0,11.22222222222222,20.944444444444443,27.0,303.0
2022,10385,"LAMMERS, BEN",BER,False,27,0,0,12.178571428571429,9.727730263451562,0.4117647058823529,28.0,20.707738095238096,1,8.012141447867657,2020.0,,6.724137931034483,16.664367816091954,29.0,195.0
2022,5757,"RANDOLPH, ANTHONY",MAD,False,33,6,36,11.836437246963563,9.71182846968806,0.4444444444444444,32.0,20.920647773279352,4,8.012141447867657,2020.0,2019.0,9.0,6.866666666666666,1.0,9.0
2022,9006,"WILLIAMS, DERRICK",PAN,False,31,4,16,10.79159663865546,9.701614210895537,0.6078431372549019,62.0,22.5603081232493,3,8.012141447867657,2020.0,2019.0,12.088235294117649,29.330392156862743,34.0,411.0
2022,9862,"PUNTER, KEVIN",PAR,False,29,2,4,10.90824587706147,9.64907003828155,0.5652173913043478,52.0,23.58139430284858,2,8.012141447867657,2020.0,2019.0,14.176470588235292,27.50588235294118,34.0,482.0
2022,9622,"BROWN, LORENZO",TEL,False,32,5,25,10.685403050108931,9.626685583874764,0.6039603960396039,61.0,23.880457516339874,2,8.012141447867657,2020.0,2019.0,16.733333333333334,31.53444444444444,30.0,502.0
2022,5161,"PAPAPETROU, IOANNIS",PAR,False,28,1,1,10.807407407407407,9.617932531007513,0.574468085106383,54.0,29.56283950617284,4,8.012141447867657,2020.0,2019.0,4.9393939393939394,20.514141414141417,33.0,163.0
2022,2812,"HINES, KYLE",MIL,False,36,9,81,10.5974025974026,9.573536795606582,0.6039603960396039,61.0,24.022424242424243,4,8.012141447867657,2020.0,2019.0,7.705882352941177,18.807843137254903,34.0,262.0
2022,7201,"VOIGTMANN, JOHANNES",MIL,False,30,3,9,10.558928571428572,9.540213722004207,0.6,60.0,20.423035714285714,4,8.012141447867657,2020.0,2019.0,6.5,15.708888888888888,30.0,195.0
2022,8966,"TOBEY, MIKE",BAR,False,28,1,1,10.484848484848484,9.43263272443111,0.574468085106383,54.0,17.31128427128427,2,8.012141447867657,2020.0,2019.0,6.037037037037037,14.40925925925926,27.0,163.0
2022,3526,"LIGHTY, DAVID",ASV,False,34,7,49,10.228956228956228,9.3422303165208,0.6,60.0,24.344309764309763,2,8.012141447867657,2020.0,2019.0,7.428571428571429,22.817261904761903,28.0,208.0
2022,2849,"MELLI, NICOLO",MIL,False,31,4,16,10.173333333333334,9.308856579147063,0.6,60.0,25.890666666666668,3,8.012141447867657,2018.0,2017.0,11.3125,25.29895833333333,32.0,362.0
2022,9733,"JEKIRI, TONYE",ULK,False,28,1,1,10.151111111111113,9.269061765443709,0.5876288659793815,57.0,20.865111111111112,2,8.012141447867657,2020.0,2019.0,6.8,13.075333333333331,25.0,170.0
2022,9540,"MARTIN, HASSAN",RED,False,27,0,0,10.916666666666666,9.101338404917286,0.375,24.0,22.900694444444444,1,8.012141447867657,2020.0,,5.652173913043479,14.221014492753625,23.0,130.0
2022,4866,"KALINIC, NIKOLA",BAR,False,31,4,16,9.820361990950227,9.097073773717199,0.6,60.0,25.157858220211157,4,8.012141447867657,2020.0,2019.0,8.272727272727273,23.43131313131313,33.0,273.0
2022,4004,"GUDURIC, MARKO",ULK,False,27,0,0,9.926666666666666,9.056427930848935,0.5454545454545454,48.0,23.59688888888889,4,8.012141447867657,2020.0,2018.0,13.0,24.391414141414145,33.0,429.0
2022,9863,"BALDWIN IV, WADE",TEL,False,26,-1,1,9.763725490196077,9.04879322802121,0.5918367346938775,58.0,23.083905228758177,2,8.012141447867657,2020.0,2019.0,16.448275862068964,27.672988505747124,29.0,477.0
2022,4194,"LAUVERGNE, JOFFREY",ASV,False,31,4,16,9.833881578947368,9.033116686165078,0.5604395604395604,51.0,18.092642543859647,3,8.012141447867657,2020.0,2019.0,10.666666666666666,18.25555555555556,3.0,32.0
2022,LHK,"PLEISS, TIBOR",IST,False,33,6,36,9.896992481203007,9.030394304956868,0.5402298850574713,47.0,15.784786967418547,4,8.012141447867657,2020.0,2019.0,6.666666666666667,15.106565656565657,33.0,220.0
2022,9005,"DECK, GABRIEL",MAD,False,27,0,0,9.75625,9.02953810327819,0.5833333333333334,56.0,22.49427083333333,3,8.012141447867657,2020.0,2019.0,15.357142857142858,25.401785714285715,28.0,430.0
2022,7853,"MCKISSIC, SHAQUIELLE",OLY,False,32,5,25,9.987878787878788,8.948017029978192,0.47368421052631576,36.0,24.447373737373738,2,8.012141447867657,2020.0,2019.0,8.5,17.77058823529412,34.0,289.0
2022,8829,"PETERS, ALEC",OLY,False,27,0,0,9.472727272727273,8.888492942783426,0.6,60.0,19.580347923681256,3,8.012141447867657,2020.0,2019.0,4.838709677419355,14.008064516129032,31.0,150.0
2022,9866,"WALDEN, COREY",MUN,False,30,3,9,9.933333333333334,8.835509398781518,0.42857142857142855,30.0,23.357777777777777,1,8.012141447867657,2020.0,,9.03448275862069,19.339655172413792,29.0,262.0
2022,3108,"HEZONJA, MARIO",MAD,False,27,0,0,12.75,8.801784539889715,0.16666666666666666,8.0,22.697916666666664,1,8.012141447867657,2020.0,,8.8125,18.821875,32.0,282.0
2022,5775,"BARON, BILLY",MIL,False,32,5,25,9.255203619909501,8.757978751092764,0.6,60.0,20.853084464555053,2,8.012141447867657,2020.0,2019.0,11.1,25.11055555555556,30.0,333.0
2022,1844,"HACKETT, DANIEL",VIR,False,35,8,64,9.325913043478261,8.72874413638253,0.5454545454545454,48.0,22.086318840579715,4,8.012141447867657,2020.0,2019.0,8.03125,21.935416666666665,32.0,257.0
2022,3210,"LEKAVICIUS, LUKAS",ZAL,False,28,1,1,9.088888888888889,8.658189912480395,0.6,60.0,18.97563411896745,4,8.012141447867657,2020.0,2019.0,6.310344827586207,15.975862068965515,29.0,183.0
2022,LRQ,"VAN ROSSOM, SAM",PAM,False,36,9,81,9.127272727272727,8.61456869076465,0.5402298850574713,47.0,21.79974025974026,3,8.012141447867657,2020.0,2019.0,6.833333333333333,16.26111111111111,6.0,41.0
2022,6614,"SINGLETON, CHRIS",IST,False,33,6,36,8.968067226890756,8.593194372371894,0.6078431372549019,62.0,23.30767507002801,4,8.012141447867657,2020.0,2019.0,3.3076923076923075,15.103846153846153,13.0,43.0
2022,10781,"LUNDBERG, IFFE",VIR,False,28,1,1,10.8,8.569713158294126,0.2,10.0,20.21333333333333,1,8.012141447867657,2020.0,,8.344827586206897,20.62471264367816,29.0,242.0
2022,5056,"ZIPSER, PAUL",MUN,False,28,1,1,8.904201680672267,8.55437413839595,0.6078431372549019,62.0,22.16813725490196,2,8.012141447867657,2020.0,2019.0,1.9,9.496666666666666,20.0,38.0
2022,10357,"YABUSELE, GUERSCHON",MAD,False,27,0,0,9.180000000000001,8.53118969325981,0.4444444444444444,32.0,24.316,2,8.012141447867657,2020.0,2019.0,11.555555555555555,23.21975308641975,27.0,312.0
2022,7947,"VILDOZA, LUCA",RED,False,27,0,0,8.8625,8.47597338539439,0.5454545454545454,48.0,24.36208333333333,4,8.012141447867657,2020.0,2019.0,12.241379310344827,24.24137931034483,29.0,355.0
2022,9849,"DORSEY, TYLER",ULK,False,26,-1,1,8.763025210084031,8.468560989607022,0.6078431372549019,62.0,20.67798319327731,2,8.012141447867657,2020.0,2019.0,3.875,20.01458333333333,8.0,31.0
2022,6590,"BEAUBOIS, RODRIGUE",IST,False,34,7,49,8.666004962779157,8.396370523640394,0.5876288659793815,57.0,21.168056244830442,4,8.012141447867657,2020.0,2019.0,11.233333333333333,25.258888888888887,30.0,337.0
2022,3332,"IVANOVIC, NIKOLA",RED,False,28,1,1,10.0,8.34345120655638,0.16666666666666666,8.0,19.58125,1,8.012141447867657,2018.0,,6.0,15.918421052631578,19.0,114.0
2022,7982,"WILLIAMS-GOSS, NIGEL",MAD,False,28,1,1,8.766666666666667,8.335509398781518,0.42857142857142855,30.0,26.264444444444443,1,8.012141447867657,2018.0,,6.947368421052632,14.334210526315792,19.0,132.0
2022,6477,"RUBIT, AUGUSTINE",MUN,False,33,6,36,8.555334987593053,8.331337651623818,0.5876288659793815,57.0,17.57660876757651,3,8.012141447867657,2020.0,2019.0,13.8,23.231666666666666,20.0,276.0
2022,8962,"HAYES-DAVIS, NIGEL",ULK,False,28,1,1,8.537662337662336,8.329535252595136,0.6039603960396039,61.0,24.94660173160173,2,8.012141447867657,2020.0,2019.0,13.676470588235292,29.383823529411764,34.0,465.0
2022,9960,"POYTHRESS, ALEX",TEL,False,29,2,4,8.74074074074074,8.305756088279198,0.40298507462686567,27.0,18.667901234567903,1,8.012141447867657,2020.0,,8.0,25.95151515151515,11.0,88.0
2022,6555,"WOLTERS, NATE",PAN,False,31,4,16,8.603333333333332,8.303995669806408,0.4936708860759494,39.0,20.841611111111114,3,8.012141447867657,2019.0,2018.0,7.739130434782608,21.16231884057971,23.0,178.0
2022,3733,"ABALDE, ALBERTO",MAD,False,27,0,0,8.488746803069052,8.292208512264354,0.5876288659793815,57.0,20.23348678601876,3,8.012141447867657,2020.0,2019.0,2.9166666666666665,14.375694444444443,24.0,70.0
2022,3958,"THIEMANN, JOHANNES",BER,False,28,1,1,8.476612903225806,8.263062808808266,0.5402298850574713,47.0,17.0682123655914,2,8.012141447867657,2020.0,2019.0,10.571428571428571,17.788095238095238,28.0,296.0
2022,9846,"BRYANT, ELIJAH",IST,False,27,0,0,8.328322440087145,8.203102245148735,0.6039603960396039,61.0,21.90171387073348,2,8.012141447867657,2020.0,2019.0,9.882352941176473,22.687745098039212,34.0,336.0
2022,7400,"NUNNALLY, JAMES",PAR,False,32,5,25,8.266666666666667,8.094107196294456,0.3220338983050847,19.0,18.767333333333333,4,8.012141447867657,2019.0,2018.0,8.78125,22.076041666666665,32.0,281.0
2022,2661,"PREPELIC, KLEMEN",PAM,False,30,3,9,8.128676470588236,8.076301179477863,0.550561797752809,49.0,15.936011029411766,2,8.012141447867657,2020.0,2018.0,6.851851851851852,18.52962962962963,27.0,185.0
2022,5789,"KURIC, KYLE",BAR,False,33,6,36,8.08912037037037,8.05801777541978,0.5959595959595959,59.0,18.474216820987657,3,8.012141447867657,2020.0,2019.0,3.882352941176471,12.069607843137254,17.0,66.0
2022,8780,"HERMANNSSON, MARTIN",PAM,False,28,1,1,8.06845466155811,8.044990822520422,0.5833333333333334,56.0,20.93538952745849,2,8.012141447867657,2020.0,2019.0,2.0,6.875,4.0,8.0
2022,1557,"GIFFEY, NIELS",MUN,False,31,4,16,8.017857142857142,8.015372058079105,0.5652173913043478,52.0,19.565714285714286,2,8.012141447867657,2020.0,2019.0,6.6923076923076925,19.384615384615383,26.0,174.0
2022,1833,"MOERMAN, ADRIEN",MCO,False,34,7,49,8.0,8.005647185054723,0.5348837209302325,46.0,18.429379084967323,4,8.012141447867657,2020.0,2019.0,2.125,14.597916666666665,16.0,34.0
2022,JDU,"RADULJICA, MIROSLAV",RED,False,34,7,49,7.758620689655173,7.905589245140671,0.42028985507246375,29.0,15.545402298850574,1,8.012141447867657,2016.0,,-2.333333333333333,4.5,3.0,-7.0
2022,6568,"FALL, YOUSSOUPHA",ASV,False,27,0,0,7.775,7.869856579147063,0.6,60.0,12.45611607142857,2,8.012141447867657,2020.0,2019.0,12.470588235294118,19.93921568627451,34.0,424.0
2022,8282,"ILYASOGLU, OMERCAN",IST,False,21,-6,36,-1.0,7.792333119870885,0.024390243902439025,1.0,3.15,1,8.012141447867657,2019.0,,-0.3333333333333333,2.5500000000000003,3.0,-1.0
2022,LME,"MARKOVIC, STEFAN",RED,False,34,7,49,7.624521072796935,7.786029562409736,0.5833333333333334,56.0,23.717854406130268,2,8.012141447867657,2018.0,2017.0,2.7586206896551726,16.377011494252873,29.0,80.0
2022,10568,"JONES, CHRIS",PAM,False,29,2,4,7.470588235294118,7.763319701550086,0.4594594594594595,34.0,17.49313725490196,1,8.012141447867657,2020.0,,14.821428571428571,22.91369047619048,28.0,415.0
2022,10391,"WEILER-BABB, NICK",MUN,False,27,0,0,7.3125,7.70118969325981,0.4444444444444444,32.0,24.069791666666667,1,8.012141447867657,2020.0,,7.451612903225806,25.46021505376344,31.0,231.0
2022,9035,"BOLOMBOY, JOEL",OLY,False,28,1,1,7.372222222222222,7.653505398330106,0.5604395604395604,51.0,16.911851851851853,3,8.012141447867657,2020.0,2019.0,5.9,12.122777777777776,30.0,177.0
2022,9101,"FERRANDO, GUILLEM",PAM,False,20,-7,49,0.3999999999999999,7.649658521778721,0.047619047619047616,2.0,2.8633333333333333,2,8.012141447867657,2020.0,2019.0,0.1428571428571428,9.914285714285716,7.0,1.0
2022,10791,"KOUMADJE, KHALIFA",BER,False,26,-1,1,4.0,7.647401316243324,0.09090909090909091,4.0,11.929166666666667,1,8.012141447867657,2020.0,,7.774193548387097,13.246236559139785,31.0,241.0
2022,1255,"PAPANIKOLAOU, KOSTAS",OLY,False,32,5,25,7.268131868131867,7.640136657999762,0.5,40.0,22.583186813186813,4,8.012141447867657,2020.0,2019.0,10.193548387096774,24.694086021505377,31.0,316.0
2022,9105,"JIMENEZ, MILLAN",PAM,False,20,-7,49,0.0,7.630610902731102,0.047619047619047616,2.0,0.8133333333333332,2,8.012141447867657,2020.0,2019.0,-1.0,1.75,1.0,-1.0
2022,8991,"BLACK, TARIK",OLY,False,31,4,16,6.804545454545455,7.623254602560507,0.3220338983050847,19.0,15.727234848484846,3,8.012141447867657,2020.0,2019.0,5.428571428571429,10.498214285714283,28.0,152.0
2022,8253,"GEORGE, JASON",MUN,False,21,-6,36,-1.0,7.582991855112055,0.047619047619047616,2.0,1.54,2,8.012141447867657,2020.0,2019.0,0.0,1.0333333333333334,1.0,0.0
2022,5460,"HARRIS, ELIAS",MUN,False,33,6,36,1.6666666666666667,7.569433904993169,0.06976744186046512,3.0,5.161111111111111,1,8.012141447867657,2016.0,,5.133333333333334,14.092222222222222,15.0,77.0
2022,CCD,"DATOME, LUIGI",MIL,False,35,8,64,7.200921658986175,7.52868723025142,0.5959595959595959,59.0,19.34335637480799,4,8.012141447867657,2020.0,2019.0,1.6666666666666667,9.355555555555556,6.0,10.0
2022,9601,"CAVANAUGH, TYLER",ZAL,False,28,1,1,6.421052631578948,7.4997569138085804,0.3220338983050847,19.0,14.65,1,8.012141447867657,2019.0,,6.0,20.16904761904762,14.0,84.0
2022,7032,"LO, MAODO",BER,False,30,3,9,7.020634920634921,7.4381113531539675,0.5789473684210527,55.0,22.66111111111111,4,8.012141447867657,2020.0,2019.0,10.615384615384617,21.946153846153848,26.0,276.0
2022,4862,"SEELEY, DENNIS",MUN,False,33,6,36,6.957342657342657,7.43679665303584,0.5454545454545454,48.0,20.588706293706295,2,8.012141447867657,2020.0,2016.0,3.75,12.9625,12.0,45.0
2022,5348,"ARNA, EGEHAN",IST,False,25,-2,4,-0.3999999999999999,7.425247858481542,0.06976744186046512,3.0,3.7966666666666664,3,8.012141447867657,2018.0,2017.0,-1.0,3.411111111111111,6.0,-6.0
2022,TGB,"LLULL, SERGIO",MAD,False,35,8,64,6.74642857142857,7.40394175399433,0.4805194805194805,37.0,17.982916666666668,4,8.012141447867657,2020.0,2019.0,5.565217391304348,18.065942028985507,23.0,128.0
2022,4720,"LAZAREVIC, STEFAN",RED,False,26,-1,1,0.5,7.329219498061507,0.09090909090909091,4.0,3.125,1,8.012141447867657,2017.0,,2.533333333333333,17.905555555555555,30.0,76.0
2022,3842,"LESSORT, MATHIAS",PAR,False,27,0,0,6.789090909090909,7.320852012906887,0.5652173913043478,52.0,15.213646464646464,2,8.012141447867657,2019.0,2017.0,19.529411764705884,30.353431372549025,34.0,664.0
2022,6435,"LAPROVITTOLA, NICOLAS",BAR,False,32,5,25,6.760419790104947,7.304646597827865,0.5652173913043478,52.0,16.217731134432782,3,8.012141447867657,2020.0,2019.0,11.705882352941176,23.697549019607845,34.0,398.0
2022,8989,"HILLIARD, DARRUN",TEL,False,29,2,4,6.800694444444444,7.290167981181096,0.5959595959595959,59.0,20.244598765432098,3,8.012141447867657,2020.0,2019.0,3.6666666666666665,12.52530864197531,27.0,99.0
2022,9917,"HOLLINS, AUSTIN",TEL,False,31,4,16,6.806734006734007,7.288896983187467,0.6,60.0,20.326980920314256,2,8.012141447867657,2020.0,2019.0,0.9473684210526316,9.706140350877192,19.0,18.0
2022,2329,"ULANOVAS, EDGARAS",ZAL,False,30,3,9,6.692857142857143,7.242558936611524,0.5833333333333334,56.0,22.077142857142857,4,8.012141447867657,2020.0,2019.0,11.794117647058824,28.20686274509804,34.0,401.0
2022,6540,"MUSA, DZANAN",MAD,False,23,-4,16,-0.5,7.238310407152415,0.09090909090909091,4.0,2.941666666666667,1,8.012141447867657,2020.0,,16.61764705882353,23.86127450980392,34.0,565.0
2022,2968,"SANLI, SERTAC",BAR,False,31,4,16,6.5396825396825395,7.208982043403047,0.5454545454545454,48.0,12.793174603174602,3,8.012141447867657,2020.0,2019.0,5.516129032258065,17.912365591397847,31.0,171.0
2022,TFK,"DIOT, ANTOINE",ASV,False,33,6,36,6.557391304347826,7.183090290807968,0.5698924731182796,53.0,18.124115942028983,2,8.012141447867657,2020.0,2019.0,2.92,12.919333333333332,25.0,73.0
2022,1392,"CAUSEUR, FABIEN",MAD,False,35,8,64,6.412,7.131164695670857,0.550561797752809,49.0,15.223216666666666,4,8.012141447867657,2020.0,2019.0,3.28,13.032666666666666,25.0,82.0
2022,4655,"BAKO, ISMAEL",VIR,False,27,0,0,6.377777777777778,7.096179391004099,0.5604395604395604,51.0,13.025185185185185,2,8.012141447867657,2020.0,2019.0,6.852941176470588,15.526960784313724,34.0,233.0
2022,956,"ANDJUSIC, DANILO",PAR,False,31,4,16,2.5,7.093451206556382,0.16666666666666666,8.0,15.13125,1,8.012141447867657,2016.0,,5.208333333333333,12.711805555555555,24.0,125.0
2022,BMT,"FERNANDEZ, RUDY",MAD,False,37,10,100,6.310608695652174,7.084032673931939,0.5454545454545454,48.0,16.625571014492753,4,8.012141447867657,2020.0,2019.0,4.538461538461538,17.212820512820514,13.0,59.0
2022,4429,"AGRAVANIS, DIMITRIS",PAN,False,28,1,1,2.75,7.0456256717287,0.1836734693877551,9.0,7.6875,3,8.012141447867657,2018.0,2017.0,-1.5,8.666666666666666,4.0,-6.0
2022,4007,"DOBRIC, OGNJEN",RED,False,28,1,1,6.309090909090909,7.0337932660171845,0.574468085106383,54.0,17.017935606060608,4,8.012141447867657,2020.0,2019.0,8.129032258064516,23.700000000000003,31.0,252.0
2022,4264,"BOST, DEE",ASV,False,33,6,36,5.576811594202899,6.988597016617252,0.42028985507246375,29.0,17.278502415458934,2,8.012141447867657,2018.0,2017.0,8.266666666666667,25.96888888888889,15.0,124.0
2022,3204,"PAULI,  ORIOL",BAR,False,28,1,1,5.482758620689655,6.949067506010236,0.42028985507246375,29.0,14.052873563218393,1,8.012141447867657,2018.0,,0.3333333333333333,3.963888888888889,12.0,4.0
2022,3198,"DIEZ, DANIEL",BAS,False,29,2,4,5.086956521739131,6.944216792296926,0.36507936507936506,23.0,13.578985507246376,1,8.012141447867657,2017.0,,3.16,9.202666666666666,25.0,79.0
2022,JBX,"KALNIETIS, MANTAS",ZAL,False,36,9,81,5.97076923076923,6.920244680582452,0.5348837209302325,46.0,17.542641025641025,2,8.012141447867657,2017.0,2016.0,-1.5,6.083333333333333,2.0,-3.0
2022,4119,"TYUS, ALEX",ASV,False,34,7,49,5.925833333333332,6.8962092005586,0.5348837209302325,46.0,13.21401388888889,4,8.012141447867657,2020.0,2018.0,8.08,17.829333333333334,25.0,202.0
2022,5099,"HANGA, ADAM",MAD,False,33,6,36,6.139495798319328,6.873866641279458,0.6078431372549019,62.0,18.20703081232493,4,8.012141447867657,2020.0,2019.0,4.55,13.049166666666665,20.0,91.0
2022,10516,"GAZI, ERTEN",IST,False,25,-2,4,1.0,6.843451206556382,0.16666666666666666,8.0,5.964583333333334,1,8.012141447867657,2020.0,,0.0909090909090909,4.698484848484848,11.0,1.0
2022,556,"CLAVER, VICTOR",PAM,False,34,7,49,5.096470588235294,6.837169608911331,0.40298507462686567,27.0,16.803254901960784,4,8.012141447867657,2020.0,2019.0,5.233333333333333,17.71055555555556,30.0,157.0
2022,10390,"HAYES, KEVARRIUS",ZAL,False,25,-2,4,4.4,6.808094298578439,0.3333333333333333,20.0,10.8375,1,8.012141447867657,2020.0,,7.882352941176471,18.19656862745098,34.0,268.0
2022,3091,"BIRSEN, METECAN",ULK,False,27,0,0,1.4444444444444444,6.805829753361353,0.1836734693877551,9.0,3.95,1,8.012141447867657,2018.0,,1.6521739130434785,8.792028985507246,23.0,38.0
2022,7990,"DIBARTOLOMEO, JOHN",TEL,False,31,4,16,5.423188405797102,6.803963361568065,0.4666666666666667,35.0,11.683019323671495,4,8.012141447867657,2020.0,2019.0,6.264705882352941,16.721078431372547,34.0,213.0
2022,7993,"M'BAYE, AMATH",IST,False,33,6,36,5.133333333333334,6.778366541638661,0.42857142857142855,30.0,17.665555555555557,1,8.012141447867657,2017.0,,7.212121212121212,21.477777777777774,33.0,238.0
2022,3479,"KUZMIC, OGNJEN",RED,False,32,5,25,5.805921052631579,6.775688259328756,0.5604395604395604,51.0,13.523179824561403,4,8.012141447867657,2020.0,2019.0,4.714285714285714,9.265873015873016,21.0,99.0
2022,KIR,"KAHUDI, CHARLES",ASV,False,36,9,81,5.812061711079943,6.748265854393864,0.574468085106383,54.0,21.286030855539977,2,8.012141447867657,2020.0,2019.0,5.551724137931035,18.822988505747126,29.0,161.0
2022,4571,"SISKO, ZAN MARK",MUN,False,25,-2,4,4.958730158730159,6.609222747453131,0.4594594594594595,34.0,15.933227513227514,2,8.012141447867657,2020.0,2019.0,2.0,10.933333333333334,1.0,2.0
2022,8850,"RAIESTE, SANDER",BAS,False,23,-4,16,0.3,6.469713158294126,0.2,10.0,4.516666666666666,1,8.012141447867657,2020.0,,0.4736842105263157,6.980701754385964,19.0,9.0
2022,10392,"LARENTZAKIS, GIANNOULIS",OLY,False,29,2,4,3.523809523809524,6.466977998601743,0.3442622950819672,21.0,12.423809523809522,1,8.012141447867657,2020.0,,6.029411764705882,15.88137254901961,34.0,205.0
2022,7519,"JOKUBAITIS, ROKAS",BAR,False,22,-5,25,4.903225806451613,6.4384927898669435,0.5061728395061729,41.0,15.121913978494621,3,8.012141447867657,2020.0,2019.0,6.294117647058823,14.475,34.0,214.0
2022,3478,"ABRINES, ALEX",BAR,False,29,2,4,5.308249999999999,6.423256782625838,0.5876288659793815,57.0,17.888091666666664,2,8.012141447867657,2020.0,2019.0,6.133333333333334,16.961111111111112,30.0,184.0
2022,7230,"SEDEKERSKIS, TADAS",BAS,False,24,-3,9,4.375,6.341022404252788,0.4594594594594595,34.0,10.918958333333332,3,8.012141447867657,2020.0,2018.0,9.695652173913045,18.66449275362319,23.0,223.0
2022,10393,"PRADILLA, JAIME",PAM,False,21,-6,36,2.3529411764705883,6.3243097879773025,0.2982456140350877,17.0,7.176470588235294,1,8.012141447867657,2020.0,,3.6666666666666665,13.360555555555557,30.0,110.0
2022,7109,"SMITS, ROLANDS",ZAL,False,27,0,0,4.951470588235294,6.3117687480719,0.5555555555555556,50.0,13.83485294117647,3,8.012141447867657,2020.0,2019.0,9.970588235294118,23.75,34.0,339.0
2022,5504,"BIRUTIS, LAURYNAS",ZAL,False,25,-2,4,1.8823529411764703,6.1839589107843205,0.2982456140350877,17.0,6.949019607843137,1,8.012141447867657,2018.0,,6.735294117647059,12.800490196078428,34.0,229.0
2022,9818,"BENTIL, BENJAMIN",RED,False,27,0,0,4.826928471248246,6.182338248533101,0.574468085106383,54.0,13.15417484805984,2,8.012141447867657,2020.0,2019.0,8.266666666666667,20.227777777777774,30.0,248.0
2022,2553,"MITROVIC, LUKA",RED,False,29,2,4,4.4660714285714285,6.154676199664872,0.5238095238095238,44.0,14.51252976190476,2,8.012141447867657,2017.0,2016.0,10.193548387096774,18.906451612903226,31.0,316.0
2022,2925,"TUNCER, BUGRAHAN",IST,False,29,2,4,2.571428571428571,6.0258494453581495,0.36507936507936506,23.0,6.3603703703703705,3,8.012141447867657,2020.0,2019.0,1.5714285714285714,9.135714285714286,7.0,11.0
2022,6068,"NOUA, AMINE",ASV,False,25,-2,4,4.338857142857143,5.918764370818654,0.5698924731182796,53.0,14.956519047619047,2,8.012141447867657,2020.0,2019.0,4.933333333333334,19.74388888888889,30.0,148.0
2022,6625,"ZOOSMAN, YOVEL",BER,False,24,-3,9,3.2774703557312255,5.836752027156324,0.4594594594594595,34.0,15.215270092226614,4,8.012141447867657,2020.0,2019.0,7.185185185185185,21.625925925925927,27.0,194.0
2022,5145,"COHEN, JAKE",TEL,False,32,5,25,4.0440000000000005,5.827434358592205,0.550561797752809,49.0,11.48405,3,8.012141447867657,2019.0,2018.0,3.1818181818181817,12.591666666666669,22.0,70.0
2022,6768,"MARTINEZ, SERGI",BAR,False,23,-4,16,1.9583333333333333,5.741963404917286,0.375,24.0,10.84375,1,8.012141447867657,2020.0,,-3.0,11.85,1.0,-3.0
2022,6961,"BIBEROVIC, TARIK",ULK,False,21,-6,36,0.9589743589743587,5.7407825548342215,0.3220338983050847,19.0,8.664017094017094,3,8.012141447867657,2020.0,2019.0,1.6,11.87,10.0,16.0
2022,6586,"KALAITZAKIS, GEORGIOS",PAN,False,23,-4,16,-0.5142857142857146,5.686752221825829,0.2727272727272727,15.0,3.4547619047619045,3,8.012141447867657,2020.0,2018.0,1.4615384615384617,9.851282051282052,26.0,38.0
2022,4761,"MARINKOVIC, VANJA",BAS,False,25,-2,4,3.2755555555555556,5.586085259122434,0.5121951219512195,42.0,14.652395061728392,2,8.012141447867657,2020.0,2019.0,6.411764705882353,19.862745098039216,34.0,218.0
2022,1261,"LACOMBE, PAUL",ASV,False,32,5,25,1.52,5.515163967918558,0.38461538461538464,25.0,11.335333333333333,1,8.012141447867657,2020.0,,0.0,9.727777777777778,3.0,0.0
2022,6158,"LUKOSIUNAS, KAROLIS",ZAL,False,25,-2,4,0.7833333333333333,5.447080504000639,0.3548387096774194,22.0,4.503611111111111,2,8.012141447867657,2020.0,2019.0,0.5714285714285714,6.86031746031746,21.0,12.0
2022,8099,"STRAZEL, MATTHEW",MCO,False,20,-7,49,2.455,5.379811288351399,0.47368421052631576,36.0,13.39875,2,8.012141447867657,2020.0,2019.0,0.8571428571428571,8.126984126984127,21.0,18.0
2022,3240,"BOCHORIDIS, ELEFTHERIOS",PAN,False,28,1,1,2.4377880184331793,5.296430802758552,0.48717948717948717,38.0,11.173348694316438,2,8.012141447867657,2020.0,2016.0,2.3529411764705883,12.13529411764706,17.0,40.0
2022,6919,"OLINDE, LOUIS",BER,False,24,-3,9,2.52,5.2660707239338285,0.5,40.0,12.653066666666664,3,8.012141447867657,2020.0,2017.0,9.962962962962964,22.316666666666663,27.0,269.0
2022,3527,"ABASS, AWUDU",VIR,False,29,2,4,1.8982608695652177,5.248332419319978,0.4520547945205479,33.0,9.265275362318842,2,8.012141447867657,2017.0,2016.0,5.714285714285714,16.73095238095238,7.0,40.0
2022,7265,"KURUCS, ARTURS",BAS,False,22,-5,25,-0.1904761904761904,5.188289474011579,0.3442622950819672,21.0,4.196031746031745,1,8.012141447867657,2020.0,,0.1304347826086956,7.142753623188406,23.0,3.0
2022,2969,"MAHMUTOGLU, MELIH",ULK,False,32,5,25,2.552380952380952,5.091804438653838,0.5348837209302325,46.0,14.994050793650793,4,8.012141447867657,2020.0,2019.0,4.0,10.994117647058824,17.0,68.0
2022,6643,"PUERTO, JOSEP",PAM,False,23,-4,16,0.6870588235294118,5.060242479850753,0.40298507462686567,27.0,4.251843137254902,2,8.012141447867657,2020.0,2017.0,4.696969696969697,16.07323232323232,33.0,155.0
2022,8211,"DELOW, MALTE",BER,False,21,-6,36,0.7246376811594204,4.949277545917819,0.42028985507246375,29.0,6.684106280193237,2,8.012141447867657,2020.0,2019.0,3.08,14.316,25.0,77.0
2022,3521,"BALBAY, DOGUS",IST,False,33,6,36,1.9360000000000002,4.636507310163403,0.5555555555555556,50.0,7.611999999999999,4,8.012141447867657,2020.0,2019.0,2.5,5.795833333333333,4.0,10.0
2022,6251,"SCHNEIDER, TIM",BER,False,25,-2,4,1.5178571428571428,4.610373478576435,0.5238095238095238,44.0,11.476845238095237,2,8.012141447867657,2020.0,2019.0,3.391304347826087,10.394927536231885,23.0,78.0
2022,7025,"MATTISSECK, JONAS",BER,False,22,-5,25,1.991705069124424,4.424204616091387,0.5959595959595959,59.0,13.77804915514593,2,8.012141447867657,2020.0,2019.0,1.8125,12.45208333333333,16.0,29.0
2022,LUO,"LAZIC, BRANKO",RED,False,33,6,36,1.6996363636363636,4.276169051077708,0.5918367346938775,58.0,16.290351515151514,4,8.012141447867657,2020.0,2019.0,1.4,18.412,25.0,35.0
2023,796,"MIROTIC, NIKOLA",MIL,False,32,5,25,19.084615384615383,14.191818113886246,0.5555555555555556,50.0,25.211057692307694,3,8.075821525474826,2022.0,2020.0,18.857142857142858,26.52142857142857,21.0,396.0
2023,5985,"JAMES, MIKE",MCO,False,33,6,36,17.94599761051374,13.917354310497856,0.5918367346938775,58.0,31.04879729191557,4,8.075821525474826,2022.0,2020.0,20.08823529411765,31.27745098039216,34.0,683.0
2023,5791,"TAVARES, WALTER",MAD,False,31,4,16,17.152941176470588,13.791045009435122,0.6296296296296297,68.0,24.914117647058823,4,8.075821525474826,2022.0,2020.0,14.758620689655173,22.893103448275863,29.0,428.0
2023,3941,"MILUTINOV, NIKOLA",OLY,False,29,2,4,18.39333333333333,13.480232472448328,0.5238095238095238,44.0,23.98511111111111,4,8.075821525474826,2020.0,2019.0,15.047619047619047,18.975396825396825,21.0,316.0
2023,2100,"DE COLO, NANDO",ASV,False,36,9,81,16.924137931034483,13.312580214479521,0.5918367346938775,58.0,25.08494252873563,4,8.075821525474826,2022.0,2020.0,13.666666666666666,21.878571428571423,21.0,287.0
2023,4888,"CLYBURN, WILL",IST,False,33,6,36,16.416742081447964,13.080373859058708,0.6,60.0,30.212088989441924,4,8.075821525474826,2022.0,2020.0,14.5,28.293055555555554,24.0,348.0
2023,9863,"BALDWIN IV, WADE",TEL,False,27,0,0,15.233671399594318,12.453923875664417,0.6116504854368932,63.0,27.51398918187965,3,8.075821525474826,2022.0,2020.0,19.51851851851852,28.24135802469136,27.0,527.0
2023,11078,"THOMPSON, DARIUS",IST,False,28,1,1,17.08823529411765,12.216660284040447,0.4594594594594595,34.0,26.948039215686272,1,8.075821525474826,2022.0,,9.911764705882351,26.375980392156865,34.0,337.0
2023,7200,"LARKIN, SHANE",IST,False,31,4,16,15.28487394957983,11.892378691177475,0.5294117647058824,45.0,28.49084033613445,4,8.075821525474826,2022.0,2020.0,20.11764705882353,31.68774509803922,34.0,684.0
2023,1926,"SLOUKAS, KOSTAS",PAN,False,33,6,36,14.228803245436104,11.83929578137347,0.6116504854368932,63.0,24.73688979039892,4,8.075821525474826,2022.0,2020.0,15.22222222222222,26.43148148148148,27.0,411.0
2023,9754,"LOYD, JORDAN",MCO,False,30,3,9,14.451340996168582,11.794874550046183,0.5833333333333334,56.0,26.187177522349934,3,8.075821525474826,2022.0,2020.0,8.466666666666667,21.523333333333333,15.0,127.0
2023,925,"VESELY, JAN",BAR,False,33,6,36,14.14181818181818,11.78609132498581,0.6116504854368932,63.0,23.478141414141415,4,8.075821525474826,2022.0,2020.0,16.151515151515152,21.613131313131312,33.0,533.0
2023,11157,"MOTLEY, JOHNATHAN",ULK,False,28,1,1,16.451612903225808,11.732857197450606,0.43661971830985913,31.0,23.198387096774194,1,8.075821525474826,2022.0,,12.787878787878787,19.560606060606062,33.0,422.0
2023,9622,"BROWN, LORENZO",TEL,False,33,6,36,13.687058823529412,11.528890631969958,0.6153846153846154,64.0,28.106156862745095,3,8.075821525474826,2022.0,2020.0,11.5,28.88020833333333,32.0,368.0
2023,9862,"PUNTER, KEVIN",PAR,False,30,3,9,13.540365111561865,11.418212262596024,0.6116504854368932,63.0,26.809966193373903,3,8.075821525474826,2022.0,2020.0,14.178571428571429,29.12619047619048,28.0,397.0
2023,6436,"GIEDRAITIS, ROKAS",RED,False,31,4,16,13.28235294117647,11.354007972398083,0.6296296296296297,68.0,27.508725490196085,3,8.075821525474826,2022.0,2020.0,9.823529411764708,25.420098039215684,34.0,334.0
2023,8987,"LEDAY, ZACH",PAR,False,29,2,4,13.401419878296146,11.333226343219904,0.6116504854368932,63.0,28.003296146044622,4,8.075821525474826,2022.0,2020.0,13.10344827586207,30.06264367816092,29.0,380.0
2023,6589,"SIKMA, LUKE",OLY,False,34,7,49,13.34017595307918,11.315424250154429,0.6153846153846154,64.0,23.46037145650049,3,8.075821525474826,2022.0,2020.0,3.8947368421052633,10.859649122807015,19.0,74.0
2023,4172,"PONITKA, MATEUSZ",PAR,False,30,3,9,13.424836601307188,11.306414789096351,0.6039603960396039,61.0,25.48965141612201,3,8.075821525474826,2022.0,2020.0,3.076923076923077,13.925641025641026,26.0,80.0
2023,9005,"DECK, GABRIEL",MAD,False,28,1,1,13.351785714285715,11.241400038761359,0.6,60.0,24.88502976190476,4,8.075821525474826,2022.0,2020.0,10.08,21.359333333333336,25.0,252.0
2023,3842,"LESSORT, MATHIAS",PAN,False,28,1,1,13.390374331550802,11.175977329019146,0.5833333333333334,56.0,22.72811942959002,3,8.075821525474826,2022.0,2019.0,19.058823529411764,28.83676470588236,34.0,648.0
2023,JDR,"TEODOSIC, MILOS",RED,False,36,9,81,13.283333333333333,10.968883640951773,0.5555555555555556,50.0,23.29732905982906,2,8.075821525474826,2022.0,2016.0,10.925925925925926,21.09938271604938,27.0,295.0
2023,8811,"FALL, MOUSTAPHA",OLY,False,31,4,16,12.687976539589444,10.914070764929976,0.6153846153846154,64.0,21.569794721407625,2,8.075821525474826,2022.0,2020.0,14.586206896551724,23.399425287356323,29.0,423.0
2023,11218,"EVANS, KEENAN",ZAL,False,27,0,0,17.41176470588235,10.860225631912158,0.2982456140350877,17.0,26.22745098039216,1,8.075821525474826,2022.0,,18.294117647058822,27.387254901960784,34.0,622.0
2023,5928,"CAMPAZZO, FACUNDO",MAD,False,32,5,25,16.64,10.833777305406661,0.3220338983050847,19.0,27.441555555555553,4,8.075821525474826,2022.0,2020.0,16.1875,25.359895833333333,32.0,518.0
2023,5844,"PAPAGIANNIS, GEORGIOS",ULK,False,26,-1,1,12.292045454545455,10.685864910137596,0.6190476190476191,65.0,22.99130681818182,4,8.075821525474826,2022.0,2020.0,6.612903225806452,15.65,31.0,205.0
2023,848,"NEDOVIC, NEMANJA",RED,False,32,5,25,12.685333333333332,10.6811977646992,0.5652173913043478,52.0,23.003999999999998,4,8.075821525474826,2022.0,2020.0,12.933333333333334,21.828333333333333,30.0,388.0
2023,9783,"COLSON, BONZIE",TEL,False,27,0,0,13.676470588235292,10.649092716472879,0.4594594594594595,34.0,25.903431372549026,1,8.075821525474826,2022.0,,14.705882352941176,28.0406862745098,34.0,500.0
2023,8962,"HAYES-DAVIS, NIGEL",ULK,False,29,2,4,12.145276292335113,10.623984790705098,0.6261682242990654,67.0,28.31453654188948,3,8.075821525474826,2022.0,2020.0,16.4,31.290000000000003,30.0,492.0
2023,7870,"DAVIES, BRANDON",PAM,False,32,5,25,12.144155844155847,10.532934331806928,0.6039603960396039,61.0,19.235714285714288,4,8.075821525474826,2022.0,2020.0,12.25,22.35892857142857,28.0,343.0
2023,8855,"WALKUP, THOMAS",OLY,False,31,4,16,11.976470588235294,10.531785750175862,0.6296296296296297,68.0,24.724607843137257,4,8.075821525474826,2022.0,2020.0,10.363636363636363,26.904545454545456,33.0,342.0
2023,4603,"KOTSAR, MAIK",BAS,False,27,0,0,13.323529411764708,10.486930554310717,0.4594594594594595,34.0,20.416666666666664,1,8.075821525474826,2022.0,,8.058823529411764,18.162745098039213,34.0,274.0
2023,10568,"JONES, CHRIS",PAM,False,30,3,9,11.88109243697479,10.388829334425784,0.6078431372549019,62.0,20.745469187675074,2,8.075821525474826,2022.0,2020.0,13.272727272727272,25.795454545454547,33.0,438.0
2023,11196,"HALL, DONTA",MCO,False,26,-1,1,12.911764705882351,10.297741365121528,0.4594594594594595,34.0,18.898529411764702,1,8.075821525474826,2022.0,,8.363636363636363,14.257070707070708,33.0,276.0
2023,1133,"SHENGELIA, TORNIKE",VIR,False,32,5,25,11.838043478260872,10.253950024456222,0.5789473684210527,55.0,23.441114130434784,4,8.075821525474826,2022.0,2020.0,17.580645161290324,27.741935483870968,31.0,545.0
2023,1288,"LUCIC, VLADIMIR",MUN,False,34,7,49,12.214479638009049,10.219945607872074,0.5180722891566265,43.0,26.968838612368025,4,8.075821525474826,2022.0,2020.0,10.25,25.145833333333336,20.0,205.0
2023,4004,"GUDURIC, MARKO",ULK,False,28,1,1,11.866666666666667,10.200361110098825,0.5604395604395604,51.0,24.765959595959597,4,8.075821525474826,2022.0,2020.0,9.7,21.379444444444445,30.0,291.0
2023,11194,"PETRUSEV, FILIP",OLY,False,23,-4,16,12.617647058823527,10.162606229986391,0.4594594594594595,34.0,22.66029411764706,1,8.075821525474826,2022.0,,6.933333333333334,15.22222222222222,15.0,104.0
2023,11212,"OKOBO, ELIE",MCO,False,26,-1,1,12.588235294117649,10.14909271647288,0.4594594594594595,34.0,25.931372549019606,1,8.075821525474826,2022.0,,10.34375,24.469270833333333,32.0,331.0
2023,8847,"MICKEY, JORDAN",VIR,False,29,2,4,11.516964285714286,10.140507181618503,0.6,60.0,24.75857142857143,4,8.075821525474826,2022.0,2020.0,8.333333333333334,19.04305555555556,24.0,200.0
2023,6661,"WILBEKIN, SCOTTIE",ULK,False,30,3,9,11.51905882352941,10.127851834416447,0.5959595959595959,59.0,25.020188235294118,4,8.075821525474826,2022.0,2020.0,12.882352941176473,24.69558823529412,34.0,438.0
2023,2939,"SATORANSKY, TOMAS",BAR,False,32,5,25,12.774193548387096,10.127223394633704,0.43661971830985913,31.0,24.017204301075267,1,8.075821525474826,2022.0,,11.352941176470589,25.34313725490196,34.0,386.0
2023,7947,"VILDOZA, LUCA",PAN,False,28,1,1,11.419827586206896,10.095468750273403,0.6039603960396039,61.0,24.617327586206898,4,8.075821525474826,2022.0,2020.0,4.208333333333333,15.383333333333333,24.0,101.0
2023,4887,"POIRIER, VINCENT",MAD,False,30,3,9,11.346666666666668,10.051282452333265,0.6039603960396039,61.0,18.831182795698926,3,8.075821525474826,2022.0,2018.0,13.625,18.63020833333333,32.0,436.0
2023,11224,"NAPIER, SHABAZZ",RED;MIL,True,32,5,25,16.416666666666668,10.000631942672943,0.23076923076923078,12.0,24.793055555555554,1,8.075821525474826,2022.0,,9.821428571428571,23.06607142857143,28.0,275.0
2023,10357,"YABUSELE, GUERSCHON",MAD,False,28,1,1,11.32,9.982194443494773,0.5876288659793815,57.0,23.98474074074074,3,8.075821525474826,2022.0,2020.0,14.363636363636363,23.21060606060606,22.0,316.0
2023,5836,"THOMPKINS, TREY",RED,False,33,6,36,11.285454545454545,9.904967225033161,0.5698924731182796,53.0,21.14093939393939,4,8.075821525474826,2020.0,2019.0,0.0,10.166666666666666,1.0,0.0
2023,11199,"NEBO, JOSH",TEL,False,26,-1,1,11.941176470588236,9.851795419175582,0.4594594594594595,34.0,22.034803921568624,1,8.075821525474826,2022.0,,16.727272727272727,23.288888888888888,33.0,552.0
2023,1932,"CALATHES, NICK",ULK,False,34,7,49,10.711764705882352,9.735489453879564,0.6296296296296297,68.0,25.55745098039216,4,8.075821525474826,2022.0,2020.0,10.0,22.27258064516129,31.0,310.0
2023,6568,"FALL, YOUSSOUPHA",ASV,False,28,1,1,10.73235294117647,9.729888256006038,0.6226415094339622,66.0,16.65332107843137,3,8.075821525474826,2022.0,2020.0,12.806451612903226,19.71344086021505,31.0,397.0
2023,11226,"DIALLO, ALPHA",MCO,False,26,-1,1,11.558823529411764,9.676119743499907,0.4594594594594595,34.0,25.403921568627453,1,8.075821525474826,2022.0,,11.757575757575758,26.91262626262626,33.0,388.0
2023,4554,"ZIZIC, ANTE",VIR;IST,True,26,-1,1,10.541176470588237,9.601993634354557,0.6190476190476191,65.0,17.359367488931056,3,8.075821525474826,2022.0,2020.0,6.75,14.436904761904762,28.0,189.0
2023,2084,"POLONARA, ACHILLE",VIR,False,32,5,25,10.487310606060607,9.568648099170785,0.6190476190476191,65.0,20.861493055555556,3,8.075821525474826,2022.0,2020.0,4.631578947368421,12.13859649122807,19.0,88.0
2023,2849,"MELLI, NICOLO",MIL,False,32,5,25,10.520833333333334,9.56200517338882,0.6078431372549019,62.0,25.54426388888889,4,8.075821525474826,2022.0,2018.0,9.588235294117649,24.427941176470583,34.0,326.0
2023,7831,"SHIELDS, SHAVON",MIL,False,29,2,4,11.026206896551724,9.532340885879876,0.4936708860759494,39.0,23.94093103448276,4,8.075821525474826,2022.0,2020.0,16.79310344827586,30.44022988505747,29.0,487.0
2023,4194,"LAUVERGNE, JOFFREY",ASV,False,32,5,25,11.1875,9.527938146919908,0.4666666666666667,35.0,19.317083333333336,4,8.075821525474826,2022.0,2020.0,12.96774193548387,24.66344086021505,31.0,402.0
2023,6590,"BEAUBOIS, RODRIGUE",IST,False,35,8,64,10.404516129032258,9.48226084049466,0.6039603960396039,61.0,23.606516129032258,4,8.075821525474826,2022.0,2020.0,9.566666666666666,23.231111111111108,30.0,287.0
2023,10560,"PIERRE, DYSHAWN",ULK,False,30,3,9,10.286764705882353,9.384338917960914,0.5918367346938775,58.0,21.616666666666667,2,8.075821525474826,2022.0,2020.0,8.5,21.61083333333333,20.0,170.0
2023,6433,"PANGOS, KEVIN",PAM;MIL,True,30,3,9,10.341911764705884,9.334760547269859,0.5555555555555556,50.0,26.376556372549018,4,8.075821525474826,2022.0,2020.0,3.117647058823529,16.80392156862745,17.0,53.0
2023,3958,"THIEMANN, JOHANNES",BER,False,29,2,4,10.110599078341014,9.288466733748614,0.5959595959595959,59.0,18.256943164362518,3,8.075821525474826,2022.0,2020.0,16.448275862068964,24.98333333333333,29.0,477.0
2023,6435,"LAPROVITTOLA, NICOLAS",BAR,False,33,6,36,10.058012170385394,9.288229395662844,0.6116504854368932,63.0,21.423586883029074,4,8.075821525474826,2022.0,2020.0,12.392857142857142,22.64761904761905,28.0,347.0
2023,10444,"COSTELLO, MATTHEW",BAS,False,30,3,9,10.705882352941176,9.284227851608014,0.4594594594594595,34.0,20.051470588235293,1,8.075821525474826,2022.0,,9.928571428571429,22.13630952380953,28.0,278.0
2023,2328,"GRIGONIS, MARIUS",PAN,False,29,2,4,10.071895424836601,9.28137110825768,0.6039603960396039,61.0,21.797407407407405,4,8.075821525474826,2022.0,2020.0,9.764705882352942,26.94215686274509,34.0,332.0
2023,11192,"SMITH, JALEEN",VIR;PAR,True,29,2,4,10.741935483870968,9.239899450971732,0.43661971830985913,31.0,24.63225806451613,1,8.075821525474826,2022.0,,5.3,13.708333333333334,20.0,106.0
2023,3108,"HEZONJA, MARIO",MAD,False,28,1,1,10.3875,9.231660762737413,0.5,40.0,20.372291666666662,2,8.075821525474826,2022.0,2020.0,13.757575757575758,22.664646464646463,33.0,454.0
2023,5775,"BARON, BILLY",MIL,False,33,6,36,9.907058823529411,9.202736785816109,0.6153846153846154,64.0,22.407705882352943,3,8.075821525474826,2022.0,2020.0,3.6666666666666665,15.727777777777776,3.0,11.0
2023,4866,"KALINIC, NIKOLA",BAR,False,32,5,25,9.869518716577542,9.198977710557834,0.6261682242990654,67.0,24.72231729055258,4,8.075821525474826,2022.0,2020.0,9.147058823529411,24.90245098039216,34.0,311.0
2023,7056,"BOOKER, DEVIN",MUN,False,32,5,25,10.120430107526882,9.169449371688717,0.5348837209302325,46.0,23.711906810035842,4,8.075821525474826,2022.0,2020.0,10.642857142857142,26.48809523809524,28.0,298.0
2023,7946,"THEODORE, JORDAN",BAS,False,34,7,49,10.956521739130435,9.127505730460207,0.36507936507936506,23.0,26.265942028985503,1,8.075821525474826,2017.0,,2.6,10.855,10.0,26.0
2023,11982,"OJELEYE, SEMI",PAM,False,29,2,4,10.791666666666666,9.094263453421766,0.375,24.0,23.556944444444444,1,8.075821525474826,2022.0,,14.22222222222222,22.183333333333334,27.0,384.0
2023,11225,"LEE, PARIS",ASV,False,28,1,1,10.303030303030305,9.082641931767029,0.4520547945205479,33.0,27.16212121212121,1,8.075821525474826,2022.0,,13.727272727272728,27.98434343434343,33.0,453.0
2023,7866,"MITOGLOU, KONSTANTINOS",PAN,False,27,0,0,9.647899159663865,9.031398126648556,0.6078431372549019,62.0,17.74872549019608,4,8.075821525474826,2020.0,2019.0,14.580645161290322,28.60537634408602,31.0,452.0
2023,LCZ,"MOTIEJUNAS, DONATAS",MCO,False,33,6,36,9.970588235294118,8.946390013770177,0.4594594594594595,34.0,17.219117647058823,1,8.075821525474826,2022.0,,9.323529411764708,16.923529411764704,34.0,317.0
2023,9846,"BRYANT, ELIJAH",IST,False,28,1,1,9.447058823529414,8.93919315758327,0.6296296296296297,68.0,22.942843137254904,3,8.075821525474826,2022.0,2020.0,11.869565217391305,21.972463768115944,23.0,273.0
2023,6540,"MUSA, DZANAN",MAD,False,24,-3,9,9.770588235294118,8.901477102053455,0.48717948717948717,38.0,15.493431372549018,2,8.075821525474826,2022.0,2020.0,14.848484848484848,21.11969696969697,33.0,490.0
2023,7032,"LO, MAODO",MIL,False,31,4,16,9.421082621082622,8.842475698240559,0.5698924731182796,53.0,21.795099715099717,4,8.075821525474826,2022.0,2020.0,7.761904761904762,19.33015873015873,21.0,163.0
2023,2581,"JAITEH, MAM",MCO,False,29,2,4,9.636363636363637,8.781272068753328,0.4520547945205479,33.0,18.61565656565657,1,8.075821525474826,2022.0,,4.0,8.023484848484848,22.0,88.0
2023,10781,"LUNDBERG, IFFE",VIR,False,29,2,4,9.326896551724138,8.693440842230816,0.4936708860759494,39.0,20.46016091954023,2,8.075821525474826,2022.0,2020.0,8.242424242424242,18.911616161616163,33.0,272.0
2023,7853,"MCKISSIC, SHAQUIELLE",OLY,False,33,6,36,9.003030303030304,8.656410199271246,0.6261682242990654,67.0,20.025787284610814,3,8.075821525474826,2022.0,2020.0,4.96,14.515333333333333,25.0,124.0
2023,11219,"SORKIN, ROMAN",TEL,False,27,0,0,9.375,8.653234180819346,0.4444444444444444,32.0,16.754166666666666,1,8.075821525474826,2022.0,,7.071428571428571,17.030357142857145,28.0,198.0
2023,2329,"ULANOVAS, EDGARAS",ZAL,False,31,4,16,8.947899159663866,8.605907930570124,0.6078431372549019,62.0,24.755546218487392,4,8.075821525474826,2022.0,2020.0,10.735294117647058,27.998529411764707,34.0,365.0
2023,1844,"HACKETT, DANIEL",VIR,False,36,9,81,8.78675,8.493583618752506,0.5876288659793815,57.0,22.53725,4,8.075821525474826,2022.0,2020.0,10.8,24.061111111111117,30.0,324.0
2023,11214,"RIVERO, JASIEL",TEL,False,30,3,9,9.166666666666666,8.484888453421766,0.375,24.0,18.82430555555556,1,8.075821525474826,2022.0,,8.735294117647058,15.52450980392157,34.0,297.0
2023,3526,"LIGHTY, DAVID",ASV,False,35,8,64,8.748051948051948,8.481822077724374,0.6039603960396039,61.0,23.815205627705627,3,8.075821525474826,2022.0,2020.0,2.655172413793104,16.532183908045976,29.0,77.0
2023,7109,"SMITS, ROLANDS",ZAL,False,28,1,1,8.7,8.468822787212899,0.6296296296296297,68.0,20.83156862745098,4,8.075821525474826,2022.0,2020.0,10.451612903225806,22.937634408602158,31.0,324.0
2023,11970,"HARPER, JARED",PAM,False,26,-1,1,8.935483870967742,8.451167056605534,0.43661971830985913,31.0,17.832795698924734,1,8.075821525474826,2022.0,,6.545454545454546,16.453787878787878,22.0,144.0
2023,2812,"HINES, KYLE",MIL,False,37,10,100,8.659893048128342,8.44154855367843,0.6261682242990654,67.0,21.066322043969105,4,8.075821525474826,2022.0,2020.0,3.5294117647058822,12.336764705882352,34.0,120.0
2023,3048,"DUNSTON, BRYANT",VIR,False,37,10,100,8.62758620689655,8.402376132846868,0.5918367346938775,58.0,16.777011494252875,4,8.075821525474826,2022.0,2020.0,6.970588235294118,19.45735294117647,34.0,237.0
2023,11983,"BRAZDEIKIS, IGNAS",OLY,False,24,-3,9,8.6875,8.347678625263793,0.4444444444444444,32.0,22.3859375,1,8.075821525474826,2022.0,,2.3846153846153846,10.976923076923075,26.0,62.0
2023,7201,"VOIGTMANN, JOHANNES",MIL,False,31,4,16,8.425,8.288067264892089,0.6078431372549019,62.0,17.0845,4,8.075821525474826,2022.0,2020.0,9.441176470588236,20.21176470588236,34.0,321.0
2023,1255,"PAPANIKOLAOU, KOSTAS",OLY,False,33,6,36,8.458986175115207,8.27867339881385,0.5294117647058824,45.0,23.495499231950845,4,8.075821525474826,2022.0,2020.0,9.441176470588236,25.47892156862745,34.0,321.0
2023,11948,"HOWARD, MARKUS",BAS,False,24,-3,9,8.424242424242424,8.233326863273877,0.4520547945205479,33.0,20.524242424242424,1,8.075821525474826,2022.0,,11.5,23.132843137254905,34.0,391.0
2023,8966,"TOBEY, MIKE",RED,False,29,2,4,8.301010101010101,8.210934670795991,0.6,60.0,16.118686868686865,3,8.075821525474826,2022.0,2020.0,2.7666666666666666,10.944444444444445,30.0,83.0
2023,9960,"POYTHRESS, ALEX",MIL,False,30,3,9,8.296296296296296,8.183232311259644,0.48717948717948717,38.0,23.03806958473625,2,8.075821525474826,2022.0,2020.0,4.7,12.865,30.0,141.0
2023,4863,"JOVIC, STEFAN",PAM,False,33,6,36,8.182608695652174,8.122446909636766,0.43661971830985913,31.0,23.138025362318842,4,8.075821525474826,2020.0,2019.0,7.037037037037037,16.96358024691358,27.0,190.0
2023,7230,"SEDEKERSKIS, TADAS",BAS,False,25,-2,4,8.067391304347826,8.070940871138141,0.5789473684210527,55.0,17.70911231884058,4,8.075821525474826,2022.0,2020.0,14.9,27.44222222222222,30.0,447.0
2023,8072,"DIOP, KHALIFA",BAS,False,21,-6,36,7.0,8.049581976073,0.024390243902439025,1.0,7.333333333333333,1,8.075821525474826,2018.0,,2.6153846153846154,9.425641025641024,13.0,34.0
2023,CVM,"RODRIGUEZ, SERGIO",MAD,False,37,10,100,8.012121212121212,8.036859197889605,0.6116504854368932,63.0,16.679434343434345,4,8.075821525474826,2022.0,2020.0,3.333333333333333,14.997530864197527,27.0,90.0
2023,2553,"MITROVIC, LUKA",RED,False,30,3,9,7.941129032258065,8.00305661534623,0.5402298850574713,47.0,16.830954301075266,3,8.075821525474826,2022.0,2017.0,12.290322580645162,19.64354838709677,31.0,381.0
2023,7960,"DAVIDOVAC, DEJAN",RED,False,28,1,1,7.880303030303031,7.960929213879028,0.5876288659793815,57.0,21.102272727272727,3,8.075821525474826,2020.0,2019.0,6.451612903225806,19.29784946236559,31.0,200.0
2023,8829,"PETERS, ALEC",OLY,False,28,1,1,7.885043988269796,7.958419964117884,0.6153846153846154,64.0,17.803424568263278,4,8.075821525474826,2022.0,2020.0,14.727272727272728,25.976262626262628,33.0,486.0
2023,11971,"WEBB III, JAMES",TEL,False,30,3,9,7.65625,7.889345291930459,0.4444444444444444,32.0,21.503125,1,8.075821525474826,2022.0,,6.242424242424242,15.82777777777778,33.0,206.0
2023,BCN,"BELINELLI, MARCO",VIR,False,37,10,100,7.523809523809524,7.8857846068687385,0.3442622950819672,21.0,16.914285714285715,1,8.075821525474826,2022.0,,9.363636363636363,22.9479797979798,33.0,309.0
2023,5356,"LOPEZ-AROSTEGUI, XABI",PAM,False,26,-1,1,7.580645161290323,7.859617760830888,0.43661971830985913,31.0,18.76451612903226,1,8.075821525474826,2022.0,,6.2,16.416666666666668,25.0,155.0
2023,7982,"WILLIAMS-GOSS, NIGEL",OLY,False,29,2,4,7.675087719298245,7.855192800725922,0.550561797752809,49.0,19.106304093567253,2,8.075821525474826,2022.0,2018.0,8.0,20.88,25.0,200.0
2023,12023,"PAPAS, GEORGE",OLY,False,25,-2,4,3.0,7.834115738547453,0.047619047619047616,2.0,3.025,1,8.075821525474826,2022.0,,0.0,3.1666666666666665,2.0,0.0
2023,4007,"DOBRIC, OGNJEN",VIR,False,29,2,4,7.67741935483871,7.832138644406134,0.6116504854368932,63.0,21.66791666666667,4,8.075821525474826,2022.0,2020.0,4.555555555555555,13.839506172839506,27.0,123.0
2023,2676,"BUTKEVICIUS, ARNAS",ZAL,False,31,4,16,7.5,7.811254878635042,0.4594594594594595,34.0,22.12549019607843,1,8.075821525474826,2022.0,,5.727272727272728,20.89015151515152,22.0,126.0
2023,8967,"THOMAS, MATT",BER,False,29,2,4,6.7,7.800657220379861,0.2,10.0,18.37,1,8.075821525474826,2022.0,,7.966666666666667,21.99833333333333,30.0,239.0
2023,LHK,"PLEISS, TIBOR",IST,False,34,7,49,7.578947368421053,7.794979610618345,0.5652173913043478,52.0,14.587448165869219,4,8.075821525474826,2022.0,2020.0,7.954545454545454,17.691666666666663,22.0,175.0
2023,11205,"HALL, DEVON",MIL,False,28,1,1,7.32,7.785120938753739,0.38461538461538464,25.0,30.016666666666666,1,8.075821525474826,2022.0,,9.09375,24.0796875,32.0,291.0
2023,11442,"SAMODUROV, ALEXANDROS",PAN,False,18,-9,81,0.5,7.715068119499834,0.047619047619047616,2.0,1.2166666666666666,1,8.075821525474826,2022.0,,3.0,1.3666666666666667,1.0,3.0
2023,4790,"CORNELIE, PETR",MCO,False,28,1,1,7.225806451612903,7.704688183366098,0.43661971830985913,31.0,15.314516129032258,1,8.075821525474826,2022.0,,2.4615384615384617,10.230128205128205,26.0,64.0
2023,10985,"TOPIC, NIKOLA",RED,False,18,-9,81,0.0,7.69125859569031,0.047619047619047616,2.0,4.05,1,8.075821525474826,2022.0,,4.5,15.375,2.0,9.0
2023,11193,"BLATT, TAMIR",TEL,False,26,-1,1,7.166666666666667,7.6861837288427575,0.42857142857142855,30.0,19.86,1,8.075821525474826,2022.0,,7.5,18.2828125,32.0,240.0
2023,5094,"THOMAS, DESHAUN",ASV,False,32,5,25,7.3662337662337665,7.681606103674238,0.5555555555555556,50.0,17.85660173160173,4,8.075821525474826,2022.0,2019.0,9.2,23.26,10.0,92.0
2023,10750,"DE LARREA, SERGIO",PAM,False,18,-9,81,-0.5,7.667449071880786,0.047619047619047616,2.0,1.0833333333333333,1,8.075821525474826,2022.0,,-2.0,16.533333333333335,1.0,-2.0
2023,1557,"GIFFEY, NIELS",MUN,False,32,5,25,7.332051282051282,7.662615834683968,0.5555555555555556,50.0,19.644102564102564,3,8.075821525474826,2022.0,2020.0,2.5806451612903225,13.070967741935483,31.0,80.0
2023,10391,"WEILER-BABB, NICK",MUN,False,28,1,1,7.395967741935484,7.659988628746879,0.6116504854368932,63.0,24.904045698924733,2,8.075821525474826,2022.0,2020.0,7.411764705882353,21.75049019607843,34.0,252.0
2023,11964,"ILIC, DALIBOR",RED,False,23,-4,16,5.142857142857143,7.638997042957298,0.14893617021276595,7.0,9.666666666666668,1,8.075821525474826,2022.0,,2.533333333333333,8.823333333333332,15.0,38.0
2023,4508,"OBST, ANDREAS",MUN,False,27,0,0,6.92,7.6312747849075855,0.38461538461538464,25.0,20.00733333333333,1,8.075821525474826,2022.0,,5.454545454545454,18.675,22.0,120.0
2023,11631,"RAPIEQUE, ELIAS",BER,False,19,-8,64,1.0,7.582159558581234,0.06976744186046512,3.0,2.0500000000000003,1,8.075821525474826,2022.0,,2.333333333333333,4.413888888888889,6.0,14.0
2023,6919,"OLINDE, LOUIS",BER,False,25,-2,4,7.177777777777778,7.568231581124321,0.5652173913043478,52.0,19.786266666666663,4,8.075821525474826,2022.0,2020.0,10.941176470588236,22.00686274509804,17.0,186.0
2023,5161,"PAPAPETROU, IOANNIS",PAN,False,29,2,4,7.185858585858586,7.541843761705082,0.6,60.0,24.57490460157127,4,8.075821525474826,2022.0,2020.0,3.4444444444444446,13.046296296296298,9.0,31.0
2023,6760,"BONGA, ISAAC",MUN,False,24,-3,9,6.8,7.5290408716999,0.42857142857142855,30.0,20.301666666666662,1,8.075821525474826,2022.0,,7.161290322580645,19.923655913978493,31.0,222.0
2023,11941,"GILLESPIE, FREDDIE",MUN;RED,True,26,-1,1,6.852941176470588,7.513957581337744,0.4594594594594595,34.0,18.940196078431374,1,8.075821525474826,2022.0,,2.5,8.631547619047618,28.0,70.0
2023,9549,"CORDINIER, ISAIA",VIR,False,27,0,0,6.315789473684211,7.509031542694797,0.3220338983050847,19.0,18.025438596491227,1,8.075821525474826,2022.0,,10.655172413793103,22.77298850574713,29.0,309.0
2023,3210,"LEKAVICIUS, LUKAS",ZAL,False,29,2,4,7.119540229885058,7.494552502665359,0.6078431372549019,62.0,16.922688958551028,4,8.075821525474826,2022.0,2020.0,3.6666666666666665,12.123333333333331,30.0,110.0
2023,12201,"MONEKE, CHIMA",BAS,False,28,1,1,5.363636363636363,7.490840412137118,0.21568627450980393,11.0,13.445454545454544,1,8.075821525474826,2022.0,,18.87878787878788,25.224747474747478,33.0,623.0
2023,7400,"NUNNALLY, JAMES",PAR,False,33,6,36,6.913194444444445,7.487331274582905,0.5061728395061729,41.0,18.594513888888887,4,8.075821525474826,2022.0,2019.0,13.0,27.755729166666665,32.0,416.0
2023,10588,"BROWN III, JOHN",MCO,False,31,4,16,6.794117647058823,7.486930554310717,0.4594594594594595,34.0,22.139705882352946,1,8.075821525474826,2022.0,,8.606060606060606,25.02171717171717,33.0,284.0
2023,10754,"MARI, LUCAS",PAM,False,18,-9,81,-1.3333333333333333,7.419368860906815,0.06976744186046512,3.0,3.0666666666666664,1,8.075821525474826,2022.0,,2.0,2.433333333333333,1.0,2.0
2023,7553,"BALCEROWSKI, ALEKSANDER",PAN,False,23,-4,16,3.0,7.413757848238979,0.13043478260869565,6.0,12.286111111111111,1,8.075821525474826,2018.0,,3.1739130434782608,7.669565217391304,23.0,73.0
2023,3983,"AVRAMOVIC, ALEKSA",PAR,False,29,2,4,5.75,7.300547683649885,0.3333333333333333,20.0,13.955000000000002,1,8.075821525474826,2022.0,,8.75,18.611805555555552,24.0,210.0
2023,12080,"LUWAWU-CABARROT, TIMOTHE",ASV,False,28,1,1,6.0,7.297388453421766,0.375,24.0,21.535416666666663,1,8.075821525474826,2022.0,,11.071428571428571,28.135714285714283,28.0,310.0
2023,TGB,"LLULL, SERGIO",MAD,False,36,9,81,6.520082815734989,7.2609107727539595,0.5238095238095238,44.0,17.87734299516908,4,8.075821525474826,2022.0,2020.0,5.107142857142857,18.348809523809525,28.0,143.0
2023,11050,"KOPRIVICA, BALSA",PAR,False,23,-4,16,0.6,7.245174689310955,0.1111111111111111,5.0,5.293333333333333,1,8.075821525474826,2022.0,,3.857142857142857,8.261904761904763,14.0,54.0
2023,11934,"WETZELL, YANNI",BER,False,27,0,0,6.161290322580645,7.239899450971732,0.43661971830985913,31.0,12.66505376344086,1,8.075821525474826,2022.0,,6.962962962962963,20.02283950617284,27.0,188.0
2023,10791,"KOUMADJE, KHALIFA",BER,False,27,0,0,6.264516129032257,7.230545673801627,0.4666666666666667,35.0,12.719408602150537,2,8.075821525474826,2022.0,2020.0,9.0,16.623214285714287,28.0,252.0
2023,11064,"MANNION, NICCOLO",BAS,False,22,-5,25,5.315789473684211,7.186997644389712,0.3220338983050847,19.0,13.40263157894737,1,8.075821525474826,2022.0,,4.25,13.797916666666667,8.0,34.0
2023,10390,"HAYES, KEVARRIUS",ZAL,False,26,-1,1,6.489411764705883,7.164479748011816,0.574468085106383,54.0,15.252941176470586,2,8.075821525474826,2022.0,2020.0,7.411764705882353,18.6656862745098,34.0,252.0
2023,6509,"TONUT, STEFANO",MIL,False,30,3,9,5.625,7.156763453421766,0.375,24.0,15.177777777777775,1,8.075821525474826,2022.0,,5.827586206896552,17.07873563218391,29.0,169.0
2023,9035,"BOLOMBOY, JOEL",RED,False,29,2,4,6.44,7.1360942661595,0.574468085106383,54.0,14.046999999999999,4,8.075821525474826,2022.0,2020.0,14.606060606060606,25.48282828282828,33.0,482.0
2023,11221,"ANTETOKOUNMPO, KOSTAS",PAN,False,26,-1,1,3.3,7.1206572203798615,0.2,10.0,8.873333333333333,1,8.075821525474826,2022.0,,4.083333333333333,8.115972222222222,24.0,98.0
2023,9849,"DORSEY, TYLER",ULK,False,27,0,0,6.1955882352941165,7.112775206113975,0.5121951219512195,42.0,20.761691176470585,3,8.075821525474826,2022.0,2020.0,7.806451612903226,17.838709677419356,31.0,242.0
2023,7519,"JOKUBAITIS, ROKAS",BAR,False,23,-4,16,6.511954459203036,7.107713341592289,0.6190476190476191,65.0,17.05338709677419,4,8.075821525474826,2022.0,2020.0,5.903225806451613,16.051612903225806,31.0,183.0
2023,11965,"MITROU-LONG, NAZ",OLY;ZAL,True,30,3,9,4.714285714285714,6.918571492114641,0.3442622950819672,21.0,17.552380952380954,1,8.075821525474826,2022.0,,1.125,9.385416666666666,16.0,18.0
2023,4058,"JARAMAZ, OGNJEN",PAR,False,28,1,1,5.0,6.892813246446047,0.38461538461538464,25.0,15.617333333333333,1,8.075821525474826,2022.0,,2.636363636363636,12.77651515151515,22.0,58.0
2023,9101,"FERRANDO, GUILLEM",PAM,False,21,-6,36,0.8857142857142857,6.8774703188480695,0.16666666666666666,8.0,6.701904761904762,3,8.075821525474826,2022.0,2020.0,1.1666666666666667,8.21111111111111,6.0,7.0
2023,6543,"RADONCIC, DINO",MUN,False,24,-3,9,-0.1428571428571428,6.851763000404107,0.14893617021276595,7.0,6.488095238095236,1,8.075821525474826,2017.0,,1.9375,8.994791666666666,16.0,31.0
2023,2968,"SANLI, SERTAC",ULK,False,32,5,25,6.005973715651136,6.8508095563954985,0.5918367346938775,58.0,16.165937873357226,4,8.075821525474826,2022.0,2020.0,3.1785714285714284,13.016666666666664,28.0,89.0
2023,11051,"SMAILAGIC, ALEN",PAR,False,23,-4,16,4.76,6.800505554138354,0.38461538461538464,25.0,10.451333333333334,1,8.075821525474826,2022.0,,6.258064516129032,15.858602150537637,31.0,194.0
2023,3527,"ABASS, AWUDU",VIR,False,30,3,9,3.708571428571428,6.773308338679075,0.2982456140350877,17.0,11.942571428571428,3,8.075821525474826,2022.0,2017.0,3.2758620689655173,12.205172413793104,29.0,95.0
2023,3478,"ABRINES, ALEX",BAR,False,30,3,9,5.9175,6.7639005982254226,0.6078431372549019,62.0,18.15041666666667,3,8.075821525474826,2022.0,2020.0,6.363636363636363,16.803787878787876,22.0,140.0
2023,6739,"PAJOLA, ALESSANDRO",VIR,False,24,-3,9,4.896551724137931,6.739606681434681,0.42028985507246375,29.0,16.68448275862069,1,8.075821525474826,2022.0,,5.1875,17.061979166666667,32.0,166.0
2023,5460,"HARRIS, ELIAS",MUN,False,34,7,49,3.746666666666667,6.732290707224019,0.3103448275862069,18.0,10.51977777777778,2,8.075821525474826,2022.0,2016.0,5.0,10.108333333333334,14.0,70.0
2023,229,"JACKSON, EDWIN",ASV,False,34,7,49,5.575686274509804,6.72517374621786,0.5402298850574713,47.0,22.65006535947713,3,8.075821525474826,2019.0,2018.0,4.67741935483871,15.428494623655917,31.0,145.0
2023,11987,"EDWARDS, CARSEN",MUN,False,25,-2,4,4.689655172413793,6.652650159695551,0.42028985507246375,29.0,15.750574712643678,1,8.075821525474826,2022.0,,8.088235294117647,22.81764705882353,34.0,275.0
2023,11201,"HAZER, SEHMUS",ULK,False,24,-3,9,2.8125,6.572015375339162,0.2857142857142857,16.0,6.034375,1,8.075821525474826,2022.0,,0.2,6.073333333333333,5.0,1.0
2023,KIR,"KAHUDI, CHARLES",ASV,False,37,10,100,5.524582869855395,6.545078332103168,0.6,60.0,19.77723396366333,3,8.075821525474826,2022.0,2020.0,4.0344827586206895,17.29597701149425,29.0,117.0
2023,7990,"DIBARTOLOMEO, JOHN",TEL,False,32,5,25,5.463171355498721,6.540552868890929,0.5876288659793815,57.0,14.212067348678602,4,8.075821525474826,2022.0,2020.0,5.916666666666667,14.865972222222224,24.0,142.0
2023,10641,"NNAJI, JAMES",BAR,False,19,-8,64,2.2666666666666666,6.491506563981692,0.2727272727272727,15.0,5.966666666666667,1,8.075821525474826,2022.0,,2.833333333333333,5.698148148148148,18.0,51.0
2023,3479,"KUZMIC, OGNJEN",RED,False,33,6,36,5.253571428571429,6.467442437992244,0.5698924731182796,53.0,11.12702380952381,4,8.075821525474826,2022.0,2020.0,2.0,6.844444444444444,3.0,6.0
2023,11052,"MADAR, YAM",ULK,False,23,-4,16,4.515151515151516,6.466203575602645,0.4520547945205479,33.0,13.012121212121212,1,8.075821525474826,2022.0,,5.178571428571429,14.070833333333336,28.0,145.0
2023,6302,"LOUNTZIS, MICHALIS",OLY,False,25,-2,4,2.833333333333333,6.44884243136195,0.3103448275862069,18.0,7.423148148148148,1,8.075821525474826,2022.0,,0.2142857142857142,8.298809523809524,14.0,3.0
2023,8384,"PROCIDA, GABRIELE",BER,False,21,-6,36,4.0,6.433326283865568,0.40298507462686567,27.0,14.569135802469136,1,8.075821525474826,2022.0,,8.04,17.458666666666662,25.0,201.0
2023,11231,"BLOSSOMGAME, JARON",MCO,False,30,3,9,4.28125,6.389345291930459,0.4444444444444444,32.0,18.036979166666665,1,8.075821525474826,2022.0,,5.970588235294118,18.46617647058824,34.0,203.0
2023,9213,"NDIAYE, ELI",MAD,False,19,-8,64,0.75,6.385247327288328,0.23076923076923078,12.0,4.920833333333333,1,8.075821525474826,2022.0,,3.2857142857142856,11.38095238095238,21.0,69.0
2023,4761,"MARINKOVIC, VANJA",BAS,False,26,-1,1,4.993725490196079,6.378937191444954,0.550561797752809,49.0,17.71586928104575,3,8.075821525474826,2022.0,2020.0,8.625,25.77864583333333,32.0,276.0
2023,8780,"HERMANNSSON, MARTIN",BER;PAM,True,29,2,4,4.317241379310345,6.37673734981143,0.4520547945205479,33.0,11.209827586206895,3,8.075821525474826,2022.0,2020.0,6.0625,17.834375,16.0,97.0
2023,BMT,"FERNANDEZ, RUDY",MAD,False,38,11,121,4.444816053511705,6.355871565071243,0.47368421052631576,36.0,16.0885618729097,4,8.075821525474826,2022.0,2020.0,5.2631578947368425,16.95263157894737,19.0,100.0
2023,956,"ANDJUSIC, DANILO",PAR,False,32,5,25,4.125,6.319900847486014,0.4444444444444444,32.0,13.679583333333333,2,8.075821525474826,2022.0,2016.0,4.785714285714286,13.096428571428572,28.0,134.0
2023,10392,"LARENTZAKIS, GIANNOULIS",OLY,False,30,3,9,5.027170868347339,6.310813250295754,0.5789473684210527,55.0,14.498347338935574,2,8.075821525474826,2022.0,2020.0,4.290322580645161,13.676881720430108,31.0,133.0
2023,3733,"ABALDE, ALBERTO",MAD,False,28,1,1,5.0323529411764705,6.274585016400289,0.5918367346938775,58.0,16.325808823529414,4,8.075821525474826,2022.0,2020.0,4.136363636363637,13.392424242424244,22.0,91.0
2023,10623,"ALOCEN, CARLOS",MAD,False,23,-4,16,3.208333333333333,6.250513453421766,0.375,24.0,13.629166666666668,1,8.075821525474826,2020.0,,1.5,8.802777777777779,12.0,18.0
2023,6068,"NOUA, AMINE",ULK,False,26,-1,1,4.988571428571428,6.248673508940162,0.5918367346938775,58.0,18.05752380952381,3,8.075821525474826,2022.0,2020.0,6.4,16.54,10.0,64.0
2023,556,"CLAVER, VICTOR",PAM,False,35,8,64,4.42,6.247910762737413,0.5,40.0,16.177000000000003,4,8.075821525474826,2022.0,2020.0,3.1904761904761907,14.769047619047615,21.0,67.0
2023,6819,"NIKIC, KRESIMIR",BER,False,24,-3,9,2.7600000000000002,6.245784606868739,0.3442622950819672,21.0,9.296939393939395,2,8.075821525474826,2020.0,2019.0,1.1764705882352942,6.133333333333334,17.0,20.0
2023,5504,"BIRUTIS, LAURYNAS",ZAL,False,26,-1,1,4.794117647058823,6.23662484636256,0.5604395604395604,51.0,10.459901960784311,2,8.075821525474826,2022.0,2018.0,8.882352941176471,15.115686274509802,34.0,302.0
2023,9212,"VUKCEVIC, TRISTAN",PAR,False,20,-7,49,0.0,6.212170404211404,0.23076923076923078,12.0,6.615277777777778,1,8.075821525474826,2022.0,,5.083333333333333,9.327777777777778,12.0,61.0
2023,5099,"HANGA, ADAM",RED,False,34,7,49,4.7182352941176475,6.14699539256751,0.574468085106383,54.0,14.565774509803923,4,8.075821525474826,2022.0,2020.0,8.192307692307692,20.12179487179487,26.0,213.0
2023,7513,"GIEDRAITIS, DOVYDAS",ZAL,False,23,-4,16,0.3571428571428571,6.074682611462833,0.25925925925925924,14.0,8.796428571428573,1,8.075821525474826,2022.0,,3.6,16.57888888888889,30.0,108.0
2023,11244,"DA SILVA, OSCAR",BAR,False,25,-2,4,3.074074074074074,6.060191955507358,0.40298507462686567,27.0,12.238888888888887,1,8.075821525474826,2022.0,,4.65625,15.169270833333334,32.0,149.0
2023,1392,"CAUSEUR, FABIEN",MAD,False,36,9,81,4.301333333333333,5.997732520812655,0.550561797752809,49.0,13.613211111111111,4,8.075821525474826,2022.0,2020.0,4.620689655172414,16.420114942528734,29.0,134.0
2023,5145,"COHEN, JAKE",TEL,False,33,6,36,3.9757575757575756,5.882764063998158,0.5348837209302325,46.0,12.895833333333334,4,8.075821525474826,2022.0,2019.0,1.7666666666666666,9.945555555555556,30.0,53.0
2023,8084,"MANTZOUKAS, ELEFTHERIOS",PAN,False,20,-7,49,1.619047619047619,5.852997721622837,0.3442622950819672,21.0,12.61904761904762,1,8.075821525474826,2022.0,,1.6923076923076923,7.821794871794872,13.0,22.0
2023,11209,"KALAITZAKIS, PANAGIOTIS",PAN,False,24,-3,9,2.28,5.8466594002922,0.38461538461538464,25.0,8.316,1,8.075821525474826,2022.0,,1.5217391304347827,6.031884057971014,23.0,35.0
2023,3211,"DIMSA, TOMAS",ZAL,False,29,2,4,3.090909090909091,5.822367959164287,0.4520547945205479,33.0,15.407070707070703,1,8.075821525474826,2022.0,,4.333333333333333,17.85959595959596,33.0,143.0
2023,3198,"DIEZ, DANIEL",BAS,False,30,3,9,3.9307826086956523,5.81489120723164,0.5454545454545454,48.0,10.953194202898551,2,8.075821525474826,2022.0,2017.0,3.88,12.398,25.0,97.0
2023,1518,"RICCI, GIAMPAOLO",MIL,False,32,5,25,2.6206896551724137,5.783084942304248,0.42028985507246375,29.0,10.35,1,8.075821525474826,2022.0,,0.0,6.951515151515152,22.0,0.0
2023,4233,"MENCO, RAFI",TEL,False,29,2,4,0.85,5.667214350316551,0.3333333333333333,20.0,5.628333333333333,1,8.075821525474826,2022.0,,1.65,8.263333333333334,20.0,33.0
2023,6961,"BIBEROVIC, TARIK",ULK,False,22,-5,25,1.4215384615384614,5.646480089434565,0.36507936507936506,23.0,10.040974358974358,4,8.075821525474826,2022.0,2020.0,5.8,15.83,25.0,145.0
2023,5478,"WIMBERG, NIKLAS",MUN,False,27,0,0,0.9523809523809524,5.623489524901526,0.3442622950819672,21.0,11.15952380952381,1,8.075821525474826,2022.0,,1.6666666666666667,7.797222222222222,12.0,20.0
2023,10516,"GAZI, ERTEN",IST,False,26,-1,1,0.4545454545454546,5.621512282294181,0.3220338983050847,19.0,5.204924242424243,2,8.075821525474826,2022.0,2020.0,-1.4,8.746666666666666,10.0,-14.0
2023,10612,"CANAAN, ISAIAH",OLY,False,32,5,25,2.46875,5.583789736374904,0.4444444444444444,32.0,15.445833333333333,1,8.075821525474826,2022.0,,9.441176470588236,23.71078431372549,34.0,321.0
2023,4197,"OUATTARA, YAKUBA",MCO,False,31,4,16,2.1379310344827585,5.580186391579609,0.42028985507246375,29.0,10.518390804597702,1,8.075821525474826,2022.0,,3.4166666666666665,11.85625,24.0,82.0
2023,2969,"MAHMUTOGLU, MELIH",ULK,False,33,6,36,3.2,5.578449524621867,0.5121951219512195,42.0,11.996737254901962,4,8.075821525474826,2022.0,2020.0,0.6666666666666666,4.542592592592593,9.0,6.0
2023,5553,"LOMAZS, RIHARDS",VIR,False,27,0,0,2.488888888888889,5.550221840442827,0.4520547945205479,33.0,10.80962962962963,2,8.075821525474826,2020.0,2019.0,2.375,7.825,8.0,19.0
2023,10393,"PRADILLA, JAIME",PAM,False,22,-5,25,3.1411764705882352,5.409978794674024,0.5402298850574713,47.0,10.886921568627452,2,8.075821525474826,2022.0,2020.0,4.774193548387097,13.605913978494623,31.0,148.0
2023,7673,"TRIFUNOVIC, UROS",PAR,False,23,-4,16,1.8333333333333333,5.400469443128472,0.42857142857142855,30.0,8.853333333333333,1,8.075821525474826,2022.0,,2.789473684210526,13.915789473684208,19.0,53.0
2023,8985,"BOLMARO, LEANDRO",MUN,False,23,-4,16,1.7999999999999998,5.386183728842758,0.42857142857142855,30.0,8.439583333333331,2,8.075821525474826,2020.0,2019.0,9.233333333333333,19.78166666666667,30.0,277.0
2023,6643,"PUERTO, JOSEP",PAM,False,24,-3,9,2.9828877005347594,5.246413844952566,0.5555555555555556,50.0,11.618057040998217,3,8.075821525474826,2022.0,2020.0,2.28,13.275333333333332,25.0,57.0
2023,9917,"HOLLINS, AUSTIN",ZAL,False,32,5,25,2.9926634768740032,5.20273219365697,0.5652173913043478,52.0,13.292371079213183,3,8.075821525474826,2022.0,2020.0,0.75,12.083333333333336,8.0,6.0
2023,3204,"PAULI,  ORIOL",BAR,False,29,2,4,2.393103448275862,5.199383980225967,0.5061728395061729,41.0,7.99948275862069,2,8.075821525474826,2022.0,2018.0,2.0,6.661904761904763,14.0,28.0
2023,4720,"LAZAREVIC, STEFAN",RED,False,27,0,0,1.7199999999999998,5.155579202959366,0.4594594594594595,34.0,11.993333333333332,2,8.075821525474826,2022.0,2017.0,0.5263157894736842,6.949122807017544,19.0,10.0
2023,6251,"SCHNEIDER, TIM",BER,False,26,-1,1,2.5633540372670804,4.986416669446309,0.5604395604395604,51.0,10.729575569358177,3,8.075821525474826,2022.0,2020.0,3.121212121212121,16.074747474747475,33.0,103.0
2023,8850,"RAIESTE, SANDER",BAS,False,24,-3,9,0.4042105263157894,4.8515212504659555,0.42028985507246375,29.0,5.995087719298245,2,8.075821525474826,2022.0,2020.0,-0.24,6.6113333333333335,25.0,-6.0
2023,8211,"DELOW, MALTE",BER,False,22,-5,25,2.108869565217391,4.821120456243498,0.5454545454545454,48.0,11.9264115942029,3,8.075821525474826,2022.0,2020.0,4.647058823529412,16.88480392156863,34.0,158.0
2023,8099,"STRAZEL, MATTHEW",MCO,False,21,-6,36,1.5342857142857143,4.764673769193918,0.5061728395061729,41.0,10.09952380952381,3,8.075821525474826,2022.0,2020.0,5.071428571428571,13.898809523809522,14.0,71.0
2023,7025,"MATTISSECK, JONAS",BER,False,23,-4,16,1.9391129032258063,4.7605881318460455,0.5402298850574713,47.0,12.995981182795697,3,8.075821525474826,2022.0,2020.0,2.423076923076923,12.153846153846152,26.0,63.0
2023,6158,"LUKOSIUNAS, KAROLIS",ZAL,False,26,-1,1,0.6428571428571428,4.504137341619575,0.4805194805194805,37.0,6.391190476190475,3,8.075821525474826,2022.0,2020.0,-2.0,11.683333333333334,1.0,-2.0
2023,5670,"FLACCADORI, DIEGO",MIL,False,27,0,0,0.7133689839572193,4.441193055611704,0.4936708860759494,39.0,6.7146345811051695,2,8.075821525474826,2020.0,2019.0,2.8461538461538463,13.937820512820512,26.0,74.0
2023,LUO,"LAZIC, BRANKO",RED,False,34,7,49,1.4824242424242424,4.173606806934685,0.5918367346938775,58.0,17.57730101010101,4,8.075821525474826,2022.0,2020.0,1.0454545454545454,13.78181818181818,22.0,23.0
2024,3842,"LESSORT, MATHIAS",PAN,False,29,2,4,19.247058823529414,15.22587932786508,0.6296296296296297,68.0,29.443431372549025,4,8.389874185235714,2023.0,2022.0,20.529411764705884,26.571568627450976,17.0,349.0
2024,3469,"VEZENKOV, SASHA",OLY,False,29,2,4,19.200586510263932,15.042620231406925,0.6153846153846154,64.0,26.6411045943304,4,8.389874185235714,2022.0,2020.0,24.46875,30.4046875,32.0,783.0
2024,5985,"JAMES, MIKE",MCO,False,34,7,49,18.762618595825426,14.811096915600775,0.6190476190476191,65.0,31.150771663504113,4,8.389874185235714,2023.0,2022.0,17.058823529411764,29.15392156862745,34.0,580.0
2024,9863,"BALDWIN IV, WADE",ULK,False,28,1,1,18.2904214559387,14.16519342647912,0.5833333333333334,56.0,28.014010217113665,4,8.389874185235714,2023.0,2022.0,10.909090909090908,24.07878787878788,22.0,240.0
2024,7200,"LARKIN, SHANE",IST,False,32,5,25,17.71764705882353,13.617527114389326,0.5604395604395604,51.0,30.478921568627452,4,8.389874185235714,2023.0,2022.0,15.0,24.88188405797101,23.0,345.0
2024,796,"MIROTIC, NIKOLA",MIL,False,33,6,36,18.180952380952384,13.573386171203362,0.5294117647058824,45.0,25.91202380952381,4,8.389874185235714,2023.0,2022.0,21.966666666666665,27.487222222222226,30.0,659.0
2024,4888,"CLYBURN, WILL",VIR,False,34,7,49,16.147058823529413,12.980861011980965,0.5918367346938775,58.0,30.22269607843137,4,8.389874185235714,2023.0,2022.0,15.375,27.43055555555556,24.0,369.0
2024,6540,"MUSA, DZANAN",MAD,False,25,-2,4,15.55614973262032,12.877168219579344,0.6261682242990654,67.0,22.216327985739753,3,8.389874185235714,2023.0,2022.0,12.93103448275862,22.34597701149425,29.0,375.0
2024,5928,"CAMPAZZO, FACUNDO",MAD,False,33,6,36,17.179166666666667,12.838775317811875,0.5061728395061729,41.0,26.641863425925926,4,8.389874185235714,2023.0,2022.0,17.96969696969697,25.927777777777777,33.0,593.0
2024,8962,"HAYES-DAVIS, NIGEL",ULK,False,30,3,9,15.310588235294116,12.648775139117808,0.6153846153846154,64.0,30.527529411764707,4,8.389874185235714,2023.0,2022.0,17.823529411764707,31.16127450980392,34.0,606.0
2024,5791,"TAVARES, WALTER",MAD,False,32,5,25,15.349290060851926,12.64660428391359,0.6116504854368932,63.0,23.351940500338067,4,8.389874185235714,2023.0,2022.0,16.441176470588236,23.886764705882356,34.0,559.0
2024,11199,"NEBO, JOSH",MIL,False,27,0,0,14.81283422459893,12.411727667827634,0.6261682242990654,67.0,22.787254901960782,2,8.389874185235714,2023.0,2022.0,10.5,19.33333333333333,4.0,42.0
2024,3941,"MILUTINOV, NIKOLA",OLY,False,30,3,9,16.16857142857143,12.327239456553793,0.5061728395061729,41.0,20.799571428571426,4,8.389874185235714,2023.0,2020.0,14.458333333333334,19.686111111111103,24.0,347.0
2024,1133,"SHENGELIA, TORNIKE",VIR,False,33,6,36,15.157082748948106,12.277419530347089,0.574468085106383,54.0,25.692987377279103,4,8.389874185235714,2023.0,2022.0,17.5,27.45595238095238,28.0,490.0
2024,1926,"SLOUKAS, KOSTAS",PAN,False,34,7,49,15.050574712643675,12.275282826223691,0.5833333333333334,56.0,24.95590038314176,4,8.389874185235714,2023.0,2022.0,12.181818181818182,21.57828282828283,33.0,402.0
2024,9783,"COLSON, BONZIE",ULK,False,28,1,1,14.294117647058822,12.10736080934656,0.6296296296296297,68.0,27.18578431372549,2,8.389874185235714,2023.0,2022.0,7.235294117647059,19.42892156862745,34.0,246.0
2024,925,"VESELY, JAN",BAR,False,34,7,49,14.212121212121215,12.015046862353103,0.6226415094339622,66.0,20.996565656565657,4,8.389874185235714,2023.0,2022.0,12.181818181818182,21.95151515151515,22.0,268.0
2024,9862,"PUNTER, KEVIN",BAR,False,31,4,16,14.177731092436973,11.907983285691381,0.6078431372549019,62.0,28.478067226890758,4,8.389874185235714,2023.0,2022.0,16.53125,26.930208333333333,32.0,529.0
2024,2100,"DE COLO, NANDO",ASV,False,37,10,100,14.406896551724138,11.732664388840394,0.5555555555555556,50.0,22.616568144499176,4,8.389874185235714,2023.0,2022.0,13.09375,20.593229166666667,32.0,419.0
2024,9622,"BROWN, LORENZO",PAN,False,34,7,49,13.593333333333334,11.552761118393091,0.6078431372549019,62.0,29.941902777777774,4,8.389874185235714,2023.0,2022.0,8.375,15.603645833333331,32.0,268.0
2024,8811,"FALL, MOUSTAPHA",OLY,False,32,5,25,13.442633228840126,11.461159094093299,0.6078431372549019,62.0,22.553998606757226,3,8.389874185235714,2023.0,2022.0,9.06896551724138,17.717816091954024,29.0,263.0
2024,8987,"LEDAY, ZACH",MIL,False,30,3,9,13.403245436105477,11.456305144505569,0.6116504854368932,63.0,30.258174442190672,4,8.389874185235714,2023.0,2022.0,19.44117647058824,27.644117647058824,34.0,661.0
2024,3583,"IBAKA, SERGE",MAD,False,35,8,64,15.75,11.420514226609242,0.4117647058823529,28.0,24.691666666666663,1,8.389874185235714,2023.0,,6.375,11.96736111111111,24.0,153.0
2024,7866,"MITOGLOU, KONSTANTINOS",PAN,False,28,1,1,13.266034155597723,11.408449404983624,0.6190476190476191,65.0,25.287931688804555,4,8.389874185235714,2023.0,2020.0,5.65625,15.424479166666666,32.0,181.0
2024,11078,"THOMPSON, DARIUS",IST,False,29,2,4,12.78235294117647,11.155508957494707,0.6296296296296297,68.0,26.604803921568628,2,8.389874185235714,2023.0,2022.0,12.411764705882351,26.70637254901961,34.0,422.0
2024,12201,"MONEKE, CHIMA",BAS,False,29,2,4,13.472727272727273,11.052321040588435,0.5238095238095238,44.0,20.513030303030305,2,8.389874185235714,2023.0,2022.0,18.60606060606061,28.20353535353536,33.0,614.0
2024,6568,"FALL, YOUSSOUPHA",BAR,False,29,2,4,12.672106261859582,11.040779756479061,0.6190476190476191,65.0,19.803750790638833,4,8.389874185235714,2023.0,2022.0,3.875,9.763888888888888,24.0,93.0
2024,7230,"SEDEKERSKIS, TADAS",BAS,False,26,-1,1,12.818260869565218,10.913578424692314,0.5698924731182796,53.0,23.931130434782606,4,8.389874185235714,2023.0,2022.0,11.52,24.41133333333333,25.0,288.0
2024,7831,"SHIELDS, SHAVON",MIL,False,30,3,9,13.435862068965516,10.880931494925111,0.4936708860759494,39.0,27.02613793103448,4,8.389874185235714,2023.0,2022.0,13.285714285714286,27.55535714285714,28.0,372.0
2024,11225,"LEE, PARIS",ASV,False,29,2,4,12.35757575757576,10.860329881221025,0.6226415094339622,66.0,27.65545454545454,2,8.389874185235714,2023.0,2022.0,7.038461538461538,22.016666666666666,26.0,183.0
2024,9048,"MILLER-MCINTYRE, CODI",RED,False,30,3,9,13.5,10.737769829857143,0.4594594594594595,34.0,29.006372549019613,1,8.389874185235714,2023.0,,9.588235294117649,24.93235294117647,34.0,326.0
2024,848,"NEDOVIC, NEMANJA",RED,False,33,6,36,12.248888888888889,10.657542619341188,0.5876288659793815,57.0,21.474777777777778,4,8.389874185235714,2023.0,2022.0,8.346153846153847,18.2775641025641,26.0,217.0
2024,6435,"LAPROVITTOLA, NICOLAS",BAR,False,34,7,49,12.118067226890755,10.656030739967209,0.6078431372549019,62.0,23.06759103641457,4,8.389874185235714,2023.0,2022.0,13.25,22.025,4.0,53.0
2024,2939,"SATORANSKY, TOMAS",BAR,False,33,6,36,11.921442125237192,10.576082909998533,0.6190476190476191,65.0,24.812764073371284,2,8.389874185235714,2023.0,2022.0,10.147058823529411,23.27745098039216,34.0,345.0
2024,9005,"DECK, GABRIEL",MAD,False,29,2,4,12.190857142857144,10.556025763235024,0.5698924731182796,53.0,22.976314285714288,4,8.389874185235714,2023.0,2022.0,9.043478260869565,23.88478260869565,23.0,208.0
2024,3196,"HERNANGOMEZ, WILLY",BAR,False,30,3,9,13.151515151515152,10.542396813827787,0.4520547945205479,33.0,16.216161616161617,1,8.389874185235714,2023.0,,10.137931034482758,15.43103448275862,29.0,294.0
2024,7870,"DAVIES, BRANDON",PAR,False,33,6,36,11.931818181818183,10.529068084161759,0.6039603960396039,61.0,20.773134920634924,4,8.389874185235714,2023.0,2022.0,10.757575757575758,18.717676767676767,33.0,355.0
2024,3108,"HEZONJA, MARIO",MAD,False,29,2,4,11.779545454545454,10.48824211385603,0.6190476190476191,65.0,21.127537878787876,3,8.389874185235714,2023.0,2022.0,14.25,26.874479166666667,32.0,456.0
2024,11226,"DIALLO, ALPHA",MCO,False,27,0,0,11.678074866310162,10.448840966843079,0.6261682242990654,67.0,26.309144385026737,2,8.389874185235714,2023.0,2022.0,11.642857142857142,26.270833333333336,28.0,326.0
2024,11224,"NAPIER, SHABAZZ",MUN,False,33,6,36,12.459523809523809,10.42469899737976,0.5,40.0,23.756865079365078,2,8.389874185235714,2023.0,2022.0,11.419354838709678,20.751075268817203,31.0,354.0
2024,6661,"WILBEKIN, SCOTTIE",ULK,False,31,4,16,11.777411764705883,10.408709712394703,0.5959595959595959,59.0,24.283752941176473,4,8.389874185235714,2023.0,2022.0,0.0,2.083333333333333,1.0,0.0
2024,5216,"MCCOLLUM, ERRICK",ULK,False,36,9,81,11.770689655172415,10.376538945920167,0.5876288659793815,57.0,23.53513957307061,2,8.389874185235714,2020.0,2017.0,12.923076923076923,18.31923076923077,13.0,168.0
2024,8855,"WALKUP, THOMAS",OLY,False,32,5,25,11.371122994652406,10.256637458421867,0.6261682242990654,67.0,26.18449197860963,4,8.389874185235714,2023.0,2022.0,8.0,21.306666666666665,20.0,160.0
2024,2553,"MITROVIC, LUKA",RED,False,31,4,16,11.451612903225806,10.250931053033613,0.6078431372549019,62.0,19.34870967741935,4,8.389874185235714,2023.0,2022.0,7.5,12.530555555555551,24.0,180.0
2024,6436,"GIEDRAITIS, ROKAS",RED,False,32,5,25,11.305882352941179,10.22587932786508,0.6296296296296297,68.0,25.900490196078433,4,8.389874185235714,2023.0,2022.0,4.909090909090909,15.589393939393942,33.0,162.0
2024,4887,"POIRIER, VINCENT",IST,False,31,4,16,11.375,10.21572783892649,0.6116504854368932,63.0,16.9344690860215,4,8.389874185235714,2023.0,2022.0,13.5,21.14166666666667,34.0,459.0
2024,11212,"OKOBO, ELIE",MCO,False,27,0,0,11.24154411764706,10.165442256359759,0.6226415094339622,66.0,25.054111519607844,2,8.389874185235714,2023.0,2022.0,14.321428571428571,24.775,28.0,401.0
2024,2329,"ULANOVAS, EDGARAS",ZAL,False,32,5,25,11.158823529411764,10.133286735272486,0.6296296296296297,68.0,28.081862745098043,4,8.389874185235714,2023.0,2022.0,8.176470588235293,22.367156862745095,34.0,278.0
2024,4194,"LAUVERGNE, JOFFREY",ASV,False,33,6,36,12.047311827956989,10.070318507567112,0.4594594594594595,34.0,22.100286738351254,4,8.389874185235714,2023.0,2022.0,13.263157894736842,20.24561403508772,19.0,252.0
2024,9035,"BOLOMBOY, JOEL",RED,False,30,3,9,11.123636363636365,10.06198114872349,0.6116504854368932,63.0,20.138808080808076,4,8.389874185235714,2023.0,2022.0,16.555555555555557,24.27037037037037,18.0,298.0
2024,4004,"GUDURIC, MARKO",ULK,False,29,2,4,11.02,9.998591916596393,0.6116504854368932,63.0,22.584232323232328,4,8.389874185235714,2023.0,2022.0,11.935483870967742,22.13118279569893,31.0,370.0
2024,9846,"BRYANT, ELIJAH",IST,False,29,2,4,11.074680306905371,9.967543761886954,0.5876288659793815,57.0,22.258576300085252,4,8.389874185235714,2023.0,2022.0,14.969696969696969,26.714141414141416,33.0,494.0
2024,8829,"PETERS, ALEC",OLY,False,29,2,4,10.771847507331378,9.855703921909969,0.6153846153846154,64.0,21.188983382209187,4,8.389874185235714,2023.0,2022.0,8.705882352941176,16.336764705882356,34.0,296.0
2024,11204,"GRANT, JERIAN",PAN,False,32,5,25,11.352941176470589,9.751283343370657,0.4594594594594595,34.0,28.74215686274509,1,8.389874185235714,2023.0,,10.470588235294118,26.37254901960784,34.0,356.0
2024,JDR,"TEODOSIC, MILOS",RED,False,37,10,100,10.755555555555556,9.73805819197713,0.5698924731182796,53.0,20.456552706552703,3,8.389874185235714,2023.0,2022.0,3.947368421052632,12.333333333333332,19.0,75.0
2024,1932,"CALATHES, NICK",MCO,False,35,8,64,10.341176470588236,9.59782321902537,0.6190476190476191,65.0,23.74001897533207,4,8.389874185235714,2023.0,2022.0,5.0,18.47121212121212,11.0,55.0
2024,7182,"BIRCH, KHEM",ULK,False,32,5,25,11.166666666666666,9.579928105848978,0.42857142857142855,30.0,18.235,1,8.389874185235714,2016.0,,5.258064516129032,12.88602150537634,31.0,163.0
2024,11948,"HOWARD, MARKUS",BAS,False,25,-2,4,10.26969696969697,9.566959480178742,0.6261682242990654,67.0,22.08940285204991,2,8.389874185235714,2023.0,2022.0,6.15625,22.3390625,32.0,197.0
2024,2849,"MELLI, NICOLO",ULK,False,33,6,36,10.27794117647059,9.565463066570636,0.6226415094339622,66.0,24.776348039215684,4,8.389874185235714,2023.0,2022.0,6.705882352941177,17.25,34.0,228.0
2024,7109,"SMITS, ROLANDS",IST,False,29,2,4,10.25920303605313,9.547077759551257,0.6190476190476191,65.0,23.262580645161293,4,8.389874185235714,2023.0,2022.0,6.882352941176471,18.15196078431373,34.0,234.0
2024,6919,"OLINDE, LOUIS",BER,False,26,-1,1,10.549891067538127,9.521311599775073,0.5238095238095238,44.0,22.130784313725492,4,8.389874185235714,2023.0,2022.0,5.130434782608695,19.063768115942025,23.0,118.0
2024,11196,"HALL, DONTA",BAS,False,27,0,0,10.182887700534758,9.512602274254743,0.6261682242990654,67.0,16.113654188948306,2,8.389874185235714,2023.0,2022.0,14.352941176470589,21.501470588235293,34.0,488.0
2024,6590,"BEAUBOIS, RODRIGUE",IST,False,36,9,81,10.233333333333333,9.495949674094286,0.6,60.0,24.04222222222222,4,8.389874185235714,2023.0,2022.0,8.121212121212121,18.870202020202026,33.0,268.0
2024,7975,"FRANCISCO, SYLVAIN",ZAL,False,27,0,0,10.727272727272728,9.446506402868884,0.4520547945205479,33.0,19.28989898989899,1,8.389874185235714,2023.0,,15.558823529411764,25.49117647058824,34.0,529.0
2024,12774,"NUNN, KENDRICK",PAN,False,29,2,4,10.857142857142858,9.405808344256302,0.4117647058823529,28.0,26.85952380952381,1,8.389874185235714,2023.0,,20.33333333333333,31.27929292929293,33.0,671.0
2024,9754,"LOYD, JORDAN",MCO;TEL,True,31,4,16,10.30962962962963,9.373163559193573,0.5121951219512195,42.0,23.07893827160494,4,8.389874185235714,2023.0,2022.0,10.821428571428571,22.84523809523809,28.0,303.0
2024,4132,"THEIS, DANIEL",MCO,False,32,5,25,10.666666666666666,9.365642391563265,0.42857142857142855,30.0,19.741111111111117,1,8.389874185235714,2016.0,,17.0,23.98125,8.0,136.0
2024,1255,"PAPANIKOLAOU, KOSTAS",OLY,False,34,7,49,9.742125237191651,9.226981979303675,0.6190476190476191,65.0,25.16498734977862,4,8.389874185235714,2023.0,2022.0,6.636363636363637,18.982323232323232,33.0,219.0
2024,1844,"HACKETT, DANIEL",VIR,False,37,10,100,9.6925,9.18166634715126,0.6078431372549019,62.0,23.210833333333333,4,8.389874185235714,2023.0,2022.0,2.935483870967742,15.51774193548387,31.0,91.0
2024,LCZ,"MOTIEJUNAS, DONATAS",MCO,False,34,7,49,9.582352941176472,9.140694142679894,0.6296296296296297,68.0,17.04176470588235,2,8.389874185235714,2023.0,2022.0,7.517241379310345,14.729885057471265,29.0,218.0
2024,12742,"DOZIER, PJ",IST,False,28,1,1,9.87878787878788,9.062944759033268,0.4520547945205479,33.0,21.002525252525253,1,8.389874185235714,2023.0,,9.76923076923077,17.5025641025641,13.0,127.0
2024,12878,"WRIGHT, MOSES",OLY,False,26,-1,1,11.090909090909092,8.972450341361345,0.21568627450980393,11.0,15.442424242424243,1,8.389874185235714,2023.0,,6.133333333333334,13.055555555555554,15.0,92.0
2024,1288,"LUCIC, VLADIMIR",MUN,False,35,8,64,9.58529411764706,8.964296750160646,0.4805194805194805,37.0,24.836127450980392,4,8.389874185235714,2023.0,2022.0,11.5,25.060714285714287,14.0,161.0
2024,11981,"JONES, TYRIQUE",PAR,False,27,0,0,9.484848484848484,8.884862567252444,0.4520547945205479,33.0,17.552525252525253,1,8.389874185235714,2023.0,,16.0,22.633854166666666,32.0,512.0
2024,11194,"PETRUSEV, FILIP",OLY;RED,True,24,-3,9,9.207058823529412,8.839784828790672,0.550561797752809,49.0,18.197450980392155,2,8.389874185235714,2023.0,2022.0,14.129032258064516,19.549462365591395,31.0,438.0
2024,12745,"PARKER, JABARI",BAR,False,29,2,4,9.303030303030305,8.802670786430529,0.4520547945205479,33.0,23.15252525252525,1,8.389874185235714,2023.0,,12.823529411764708,27.29264705882353,34.0,436.0
2024,7056,"BOOKER, DEVIN",MUN,False,33,6,36,9.043778801843317,8.779574916345295,0.5959595959595959,59.0,24.33694316436252,4,8.389874185235714,2023.0,2022.0,16.384615384615383,25.807692307692307,26.0,426.0
2024,12788,"OTURU, DAN",IST,False,25,-2,4,9.476190476190476,8.763851924744731,0.3442622950819672,21.0,15.72777777777778,1,8.389874185235714,2023.0,,11.212121212121213,16.82020202020202,33.0,370.0
2024,9664,"WILLIS, DEREK",IST,False,29,2,4,9.36,8.762999498606593,0.38461538461538464,25.0,23.46333333333333,1,8.389874185235714,2023.0,,4.863636363636363,11.837878787878788,22.0,107.0
2024,12080,"LUWAWU-CABARROT, TIMOTHE",BAS,False,29,2,4,9.042857142857143,8.758951509108694,0.5652173913043478,52.0,25.495595238095234,2,8.389874185235714,2023.0,2022.0,7.3076923076923075,24.941025641025643,26.0,190.0
2024,2328,"GRIGONIS, MARIUS",PAN,False,30,3,9,8.910675381263617,8.704417481846626,0.6039603960396039,61.0,23.32801016702977,4,8.389874185235714,2023.0,2022.0,2.75,11.458333333333334,4.0,11.0
2024,11214,"RIVERO, JASIEL",TEL,False,31,4,16,8.9078431372549,8.696427238471559,0.5918367346938775,58.0,16.844428104575165,2,8.389874185235714,2023.0,2022.0,12.35,21.968333333333334,20.0,247.0
2024,12044,"DOS SANTOS, YAGO",RED,False,25,-2,4,9.107142857142858,8.685220108962184,0.4117647058823529,28.0,19.808333333333334,1,8.389874185235714,2023.0,,7.617647058823529,16.507843137254902,34.0,259.0
2024,9549,"CORDINIER, ISAIA",VIR,False,28,1,1,8.919419237749546,8.678716941152349,0.5454545454545454,48.0,20.873968542044768,2,8.389874185235714,2023.0,2022.0,13.558823529411764,26.9156862745098,34.0,461.0
2024,7032,"LO, MAODO",PRS,False,32,5,25,8.903296703296704,8.66724037315372,0.5402298850574713,47.0,20.376556776556775,4,8.389874185235714,2023.0,2022.0,8.142857142857142,17.583333333333332,28.0,228.0
2024,4866,"KALINIC, NIKOLA",RED,False,33,6,36,8.797326203208556,8.64500769181684,0.6261682242990654,67.0,24.313995840760548,4,8.389874185235714,2023.0,2022.0,11.205882352941176,26.897549019607847,34.0,381.0
2024,10560,"PIERRE, DYSHAWN",ULK,False,31,4,16,8.75,8.578511516778912,0.5238095238095238,44.0,21.042055555555553,3,8.389874185235714,2023.0,2022.0,4.9,11.788333333333334,20.0,98.0
2024,BCN,"BELINELLI, MARCO",VIR,False,38,11,121,8.627705627705627,8.526500758569494,0.574468085106383,54.0,20.534502164502168,2,8.389874185235714,2023.0,2022.0,2.466666666666667,13.73611111111111,30.0,74.0
2024,12720,"BROWN, STERLING",PAR,False,29,2,4,8.620689655172415,8.486883585643891,0.42028985507246375,29.0,24.122413793103448,1,8.389874185235714,2023.0,,11.470588235294118,25.762254901960784,34.0,390.0
2024,5844,"PAPAGIANNIS, GEORGIOS",MCO,False,27,0,0,8.53743890518084,8.480683243663485,0.6153846153846154,64.0,18.882121212121213,4,8.389874185235714,2023.0,2022.0,8.357142857142858,16.420833333333334,28.0,234.0
2024,10791,"KOUMADJE, KHALIFA",BER,False,28,1,1,8.509677419354839,8.461272072236,0.5959595959595959,59.0,15.272423195084485,3,8.389874185235714,2023.0,2022.0,11.8,19.356666666666666,5.0,59.0
2024,11205,"HALL, DEVON",ULK,False,29,2,4,8.38425,8.386569251643593,0.5876288659793815,57.0,26.454479166666665,2,8.389874185235714,2023.0,2022.0,7.62962962962963,23.3141975308642,27.0,206.0
2024,10781,"LUNDBERG, IFFE",PAR,False,30,3,9,8.283385579937304,8.32514581730923,0.6078431372549019,62.0,19.59685475444096,3,8.389874185235714,2023.0,2022.0,7.346153846153846,24.91217948717949,26.0,191.0
2024,7201,"VOIGTMANN, JOHANNES",MUN,False,32,5,25,8.264705882352942,8.312847537307853,0.6153846153846154,64.0,18.41061437908497,4,8.389874185235714,2023.0,2022.0,9.617647058823527,24.02450980392157,34.0,327.0
2024,12786,"DAUM, MIKE",RED,False,29,2,4,7.636363636363637,8.227352302145658,0.21568627450980393,11.0,19.827272727272728,1,8.389874185235714,2023.0,,5.105263157894737,15.055263157894736,19.0,97.0
2024,4554,"ZIZIC, ANTE",VIR,False,27,0,0,8.05,8.18732290312554,0.5959595959595959,59.0,14.934400921658987,4,8.389874185235714,2023.0,2022.0,9.48,16.474,25.0,237.0
2024,5504,"BIRUTIS, LAURYNAS",ZAL,False,27,0,0,8.023529411764706,8.159212661198413,0.6296296296296297,68.0,14.189607843137253,3,8.389874185235714,2023.0,2022.0,5.441176470588236,13.02156862745098,34.0,185.0
2024,11219,"SORKIN, ROMAN",TEL,False,28,1,1,7.992857142857143,8.151663959808571,0.6,60.0,16.919880952380954,2,8.389874185235714,2023.0,2022.0,11.93939393939394,23.36060606060606,33.0,394.0
2024,10588,"BROWN III, JOHN",RED,False,32,5,25,7.881283422459893,8.071410810413472,0.6261682242990654,67.0,23.868912655971478,2,8.389874185235714,2023.0,2022.0,6.6875,15.059375,16.0,107.0
2024,5763,"KORKMAZ, FURKAN",MCO,False,27,0,0,1.5,8.061784938319727,0.047619047619047616,2.0,6.966666666666667,1,8.389874185235714,2016.0,,5.333333333333333,11.983333333333334,3.0,16.0
2024,8062,"MCDOWELL-WHITE, WILL",BER,False,26,-1,1,1.5,8.061784938319727,0.047619047619047616,2.0,1.1583333333333334,1,8.389874185235714,2017.0,,7.0,19.05227272727273,22.0,154.0
2024,11949,"HOMMES, DAULTON",PRS,False,28,1,1,7.548387096774194,8.02246432971026,0.43661971830985913,31.0,19.870967741935484,1,8.389874185235714,2022.0,,3.5,12.116666666666667,6.0,21.0
2024,10400,"ONCEL, RIDVAN",IST,False,27,0,0,0.0,7.990356366891156,0.047619047619047616,2.0,5.091666666666667,1,8.389874185235714,2023.0,,1.5,6.791666666666667,2.0,3.0
2024,4761,"MARINKOVIC, VANJA",PAR,False,27,0,0,7.739705882352942,7.985052411742667,0.6226415094339622,66.0,23.41228553921568,4,8.389874185235714,2023.0,2022.0,5.238095238095238,22.91031746031746,21.0,110.0
2024,7982,"WILLIAMS-GOSS, NIGEL",OLY,False,30,3,9,7.578947368421053,7.965102995475654,0.5238095238095238,44.0,18.261684210526315,3,8.389874185235714,2023.0,2022.0,8.666666666666666,22.44611111111111,30.0,260.0
2024,11442,"SAMODUROV, ALEXANDROS",PAN,False,19,-8,64,1.9999999999999998,7.944069009521594,0.06976744186046512,3.0,1.3066666666666666,2,8.389874185235714,2023.0,2022.0,1.6,2.556666666666666,5.0,8.0
2024,8967,"THOMAS, MATT",BER,False,30,3,9,7.460000000000001,7.924937092617857,0.5,40.0,20.546999999999997,2,8.389874185235714,2023.0,2022.0,9.666666666666666,24.09126984126984,21.0,203.0
2024,11666,"SARR, DAME",BAR,False,18,-9,81,-1.5,7.918927795462585,0.047619047619047616,2.0,1.4666666666666666,1,8.389874185235714,2023.0,,2.1333333333333333,5.176666666666667,15.0,32.0
2024,7632,"NAKIC, MARIO",PAR,False,23,-4,16,1.3333333333333333,7.897557381614617,0.06976744186046512,3.0,3.966666666666667,1,8.389874185235714,2019.0,,2.0,8.611111111111109,12.0,24.0
2024,10390,"HAYES, KEVARRIUS",PRS,False,27,0,0,7.6000000000000005,7.892545994531746,0.6296296296296297,68.0,18.47803921568627,3,8.389874185235714,2023.0,2022.0,8.470588235294118,19.893627450980397,34.0,288.0
2024,7929,"BITIM, ONURALP",MUN,False,25,-2,4,2.5,7.854431077487012,0.09090909090909091,4.0,8.820833333333333,1,8.389874185235714,2017.0,,0.9166666666666666,8.529166666666667,12.0,11.0
2024,LHK,"PLEISS, TIBOR",PAN,False,35,8,64,7.4393939393939394,7.839596148169424,0.5789473684210527,55.0,16.65762626262626,4,8.389874185235714,2023.0,2022.0,0.0,5.544444444444444,6.0,0.0
2024,7947,"VILDOZA, LUCA",OLY,False,29,2,4,7.421551724137931,7.838034503104719,0.5698924731182796,53.0,18.92655172413793,4,8.389874185235714,2023.0,2022.0,5.851851851851852,17.892592592592592,27.0,158.0
2024,10391,"WEILER-BABB, NICK",MUN,False,29,2,4,7.427703984819734,7.794245013549632,0.6190476190476191,65.0,23.234380139152435,3,8.389874185235714,2023.0,2022.0,12.875,26.303125,32.0,412.0
2024,12715,"MANEK, BRADY",ZAL,False,26,-1,1,6.892857142857143,7.773455403079831,0.4117647058823529,28.0,18.84583333333333,1,8.389874185235714,2023.0,,1.9166666666666667,8.936111111111112,24.0,46.0
2024,11193,"BLATT, TAMIR",TEL,False,27,0,0,7.366666666666667,7.767924517085902,0.6078431372549019,62.0,18.913687499999998,2,8.389874185235714,2023.0,2022.0,11.653846153846152,24.183333333333334,26.0,303.0
2024,7027,"MALEDON, THEO",ASV,False,23,-4,16,6.590909090909091,7.751531732410138,0.3548387096774194,22.0,17.683333333333334,1,8.389874185235714,2019.0,,20.57575757575757,27.593434343434343,33.0,679.0
2024,9818,"BENTIL, BENJAMIN",ASV,False,29,2,4,7.308387096774194,7.736698814976776,0.6039603960396039,61.0,18.48505376344086,3,8.389874185235714,2022.0,2020.0,3.7777777777777777,13.064814814814811,9.0,34.0
2024,8232,"POKUSEVSKI, ALEKSEJ",PAR,False,23,-4,16,-1.2,7.720813195568105,0.06976744186046512,3.0,2.26,2,8.389874185235714,2019.0,2018.0,4.7407407407407405,12.784567901234569,27.0,128.0
2024,12731,"NDIAYE, MBAYE",ASV,False,25,-2,4,6.318181818181818,7.654757538861751,0.3548387096774194,22.0,15.837121212121213,1,8.389874185235714,2023.0,,7.071428571428571,19.475,14.0,99.0
2024,12123,"KHARCHENKOV, IVAN",MUN,False,18,-9,81,0.25,7.649885622941557,0.09090909090909091,4.0,8.770833333333334,1,8.389874185235714,2023.0,,0.5238095238095238,6.614285714285715,21.0,11.0
2024,7960,"DAVIDOVAC, DEJAN",RED,False,29,2,4,7.180058651026393,7.6453723180299775,0.6153846153846154,64.0,20.639113717823395,4,8.389874185235714,2023.0,2020.0,4.592592592592593,12.943827160493823,27.0,124.0
2024,4088,"OSMAN, CEDI",PAN,False,29,2,4,6.566666666666666,7.608499534420408,0.42857142857142855,30.0,18.500555555555557,1,8.389874185235714,2016.0,,6.75,18.3140625,32.0,216.0
2024,6721,"CARUSO, GUGLIELMO",MIL,False,25,-2,4,1.0,7.568777053542856,0.1111111111111111,5.0,2.143333333333333,1,8.389874185235714,2023.0,,2.727272727272727,7.782575757575757,22.0,60.0
2024,6760,"BONGA, ISAAC",PAR,False,25,-2,4,7.016774193548388,7.56057617045426,0.6039603960396039,61.0,20.07486021505376,2,8.389874185235714,2023.0,2022.0,9.766666666666667,24.98,30.0,293.0
2024,8173,"SPAGNOLO, MATTEO",BER,False,21,-6,36,6.12,7.516845652452748,0.38461538461538464,25.0,20.493333333333336,1,8.389874185235714,2023.0,,8.851851851851851,20.73827160493827,27.0,239.0
2024,3048,"DUNSTON, BRYANT",ZAL,False,38,11,121,6.899594320486816,7.478343782525222,0.6116504854368932,63.0,17.113492224475998,4,8.389874185235714,2023.0,2022.0,5.382352941176471,15.699019607843136,34.0,183.0
2024,11433,"MAYER, OMER",TEL,False,18,-9,81,0.0,7.4576659424317455,0.1111111111111111,5.0,3.056666666666666,1,8.389874185235714,2023.0,,2.0,8.214583333333334,8.0,16.0
2024,12721,"BEAN, JUSTIN",BER,False,28,1,1,5.925925925925926,7.396939812081023,0.40298507462686567,27.0,15.43148148148148,1,8.389874185235714,2023.0,,9.692307692307692,19.753846153846155,13.0,126.0
2024,6544,"MORAITIS, DIMITRIS",PAN,False,25,-2,4,1.7142857142857142,7.395637604455927,0.14893617021276595,7.0,2.4309523809523808,1,8.389874185235714,2023.0,,3.0,4.116666666666666,1.0,3.0
2024,11987,"EDWARDS, CARSEN",MUN,False,26,-1,1,6.728803245436105,7.373879338562167,0.6116504854368932,63.0,19.990818120351587,2,8.389874185235714,2023.0,2022.0,16.941176470588236,28.64950980392157,34.0,576.0
2024,12515,"TARPEY, TERRY",MCO,False,30,3,9,0.5,7.360760161074533,0.13043478260869565,6.0,9.983333333333333,1,8.389874185235714,2023.0,,4.2631578947368425,11.829824561403507,19.0,81.0
2024,11934,"WETZELL, YANNI",BER,False,28,1,1,6.6422939068100355,7.355591979636843,0.5918367346938775,58.0,17.079725209080046,2,8.389874185235714,2023.0,2022.0,11.392857142857142,20.853571428571428,28.0,319.0
2024,12712,"HERNANGOMEZ, JUANCHO",PAN,False,29,2,4,5.814814814814815,7.352163692678038,0.40298507462686567,27.0,16.556790123456793,1,8.389874185235714,2023.0,,15.382352941176473,27.25686274509804,34.0,523.0
2024,8072,"DIOP, KHALIFA",BAS,False,22,-5,25,4.36923076923077,7.347485151456653,0.25925925925925924,14.0,8.588717948717948,2,8.389874185235714,2023.0,2018.0,5.8125,14.4609375,32.0,186.0
2024,9849,"DORSEY, TYLER",OLY,False,28,1,1,6.233870967741935,7.325518166472962,0.4936708860759494,39.0,18.709059139784948,4,8.389874185235714,2023.0,2022.0,2.0,10.119166666666668,20.0,40.0
2024,10612,"CANAAN, ISAIAH",RED,False,33,6,36,6.652205882352941,7.307929770233233,0.6226415094339622,66.0,20.40480392156863,2,8.389874185235714,2023.0,2022.0,6.764705882352941,20.91127450980392,34.0,230.0
2024,8985,"BOLMARO, LEANDRO",MIL,False,24,-3,9,6.473333333333333,7.288882632015197,0.574468085106383,54.0,15.042055555555557,3,8.389874185235714,2023.0,2020.0,8.84,22.40266666666667,25.0,221.0
2024,8384,"PROCIDA, GABRIELE",BER,False,22,-5,25,6.4239999999999995,7.278727906624223,0.5652173913043478,52.0,16.302854320987652,2,8.389874185235714,2023.0,2022.0,7.730769230769231,20.512179487179488,26.0,201.0
2024,11649,"GONZALEZ, HUGO",MAD,False,18,-9,81,-0.3333333333333333,7.25206450890062,0.13043478260869565,6.0,4.413888888888889,1,8.389874185235714,2023.0,,1.037037037037037,7.993827160493827,27.0,28.0
2024,2676,"BUTKEVICIUS, ARNAS",ZAL,False,32,5,25,6.436363636363637,7.250326365060335,0.5833333333333334,56.0,21.384286987522284,2,8.389874185235714,2023.0,2022.0,6.545454545454546,22.01313131313131,33.0,216.0
2024,3478,"ABRINES, ALEX",BAR,False,31,4,16,6.2715151515151515,7.192540818350178,0.5652173913043478,52.0,16.86671717171717,4,8.389874185235714,2023.0,2022.0,4.625,17.583333333333332,32.0,148.0
2024,7853,"MCKISSIC, SHAQUIELLE",OLY,False,34,7,49,6.376,7.189686539489177,0.5959595959595959,59.0,15.817435294117647,4,8.389874185235714,2023.0,2022.0,8.666666666666666,17.79040404040404,33.0,286.0
2024,11631,"RAPIEQUE, ELIAS",BER,False,20,-7,49,1.7999999999999998,7.179489130804664,0.1836734693877551,9.0,3.4683333333333333,2,8.389874185235714,2023.0,2022.0,2.6296296296296298,15.05493827160494,27.0,71.0
2024,2581,"JAITEH, MAM",MCO,False,30,3,9,6.254545454545455,7.153631235888722,0.5789473684210527,55.0,12.260353535353536,2,8.389874185235714,2023.0,2022.0,8.958333333333334,14.361805555555556,24.0,215.0
2024,4508,"OBST, ANDREAS",MUN,False,28,1,1,6.040727272727272,7.120794818708164,0.5402298850574713,47.0,19.207933333333333,2,8.389874185235714,2023.0,2022.0,7.323529411764706,24.16813725490196,34.0,249.0
2024,8780,"HERMANNSSON, MARTIN",BER,False,30,3,9,4.4375,7.072416123490477,0.3333333333333333,20.0,13.450625,4,8.389874185235714,2023.0,2022.0,10.75,21.780555555555555,24.0,258.0
2024,7639,"BRANKOVIC, DANKO",MUN,False,24,-3,9,4.88,7.039922575529671,0.38461538461538464,25.0,9.976666666666665,1,8.389874185235714,2023.0,,4.833333333333333,9.390277777777778,24.0,116.0
2024,7990,"DIBARTOLOMEO, JOHN",TEL,False,33,6,36,6.055882352941177,7.008532080408335,0.5918367346938775,58.0,15.608014705882352,4,8.389874185235714,2023.0,2022.0,5.212121212121212,17.421212121212122,33.0,172.0
2024,5460,"HARRIS, ELIAS",MUN,False,35,8,64,5.053333333333334,6.987559914146308,0.42028985507246375,29.0,11.70188888888889,3,8.389874185235714,2023.0,2022.0,4.538461538461538,9.724358974358974,26.0,118.0
2024,12710,"OSMANI, ERCAN",IST,False,26,-1,1,4.409090909090909,6.977338184023041,0.3548387096774194,22.0,13.509090909090908,1,8.389874185235714,2023.0,,7.294117647058823,17.0328431372549,34.0,248.0
2024,12795,"ANDERSON, JUSTIN",BAR,False,31,4,16,3.8333333333333335,6.975775300162562,0.3103448275862069,18.0,18.640740740740743,1,8.389874185235714,2023.0,,8.28125,18.9796875,32.0,265.0
2024,4007,"DOBRIC, OGNJEN",RED,False,30,3,9,5.984946236559139,6.966549480916925,0.5918367346938775,58.0,17.783703703703708,4,8.389874185235714,2023.0,2022.0,2.423076923076923,11.423076923076923,26.0,63.0
2024,7519,"JOKUBAITIS, ROKAS",TEL,False,24,-3,9,6.059582542694497,6.947312692234009,0.6190476190476191,65.0,15.420967741935485,4,8.389874185235714,2023.0,2022.0,15.571428571428571,24.464285714285715,28.0,436.0
2024,11064,"MANNION, NICCOLO",MIL,False,23,-4,16,4.6763157894736835,6.8933655779883285,0.40298507462686567,27.0,13.639802631578949,2,8.389874185235714,2023.0,2022.0,7.814814814814815,22.02469135802469,27.0,211.0
2024,6509,"TONUT, STEFANO",MIL,False,31,4,16,5.74655172413793,6.8834646106316,0.5698924731182796,53.0,16.318352490421457,2,8.389874185235714,2023.0,2022.0,4.481481481481482,15.40617283950617,27.0,121.0
2024,7630,"GARUBA, USMAN",MAD,False,22,-5,25,5.595798319327731,6.86583280383136,0.5454545454545454,48.0,13.315518207282913,2,8.389874185235714,2020.0,2019.0,4.380952380952381,14.357142857142858,21.0,92.0
2024,7550,"SAMAR, ZIGA",BER,False,23,-4,16,2.5,6.862869766841269,0.25925925925925924,14.0,12.445238095238096,1,8.389874185235714,2023.0,,4.642857142857143,13.63095238095238,14.0,65.0
2024,6701,"BORTOLANI, GIORDANO",MIL,False,24,-3,9,3.388888888888889,6.837844265679803,0.3103448275862069,18.0,7.541666666666667,1,8.389874185235714,2023.0,,4.25,7.854166666666667,4.0,17.0
2024,11051,"SMAILAGIC, ALEN",ZAL,False,24,-3,9,5.658838709677418,6.796770157826708,0.5833333333333334,56.0,13.695694623655914,2,8.389874185235714,2023.0,2022.0,7.793103448275862,15.004597701149423,29.0,226.0
2024,6372,"YILMAZ, ERKAN",IST,False,27,0,0,2.142857142857143,6.770277174248676,0.25925925925925924,14.0,8.866666666666667,1,8.389874185235714,2023.0,,1.7777777777777777,2.224074074074074,9.0,16.0
2024,8991,"BLACK, TARIK",ASV,False,33,6,36,4.957142857142857,6.763843556139099,0.47368421052631576,36.0,11.538095238095234,4,8.389874185235714,2022.0,2020.0,3.2142857142857144,10.33095238095238,28.0,90.0
2024,11085,"ROGKAVOPOULOS, NIKOLAOS",BAS,False,23,-4,16,3.9583333333333335,6.728046365772321,0.375,24.0,11.956944444444444,1,8.389874185235714,2023.0,,9.636363636363637,18.716666666666665,33.0,318.0
2024,2084,"POLONARA, ACHILLE",VIR,False,33,6,36,5.366447368421053,6.695426188998926,0.5604395604395604,51.0,13.247116228070176,4,8.389874185235714,2023.0,2022.0,6.0,16.242929292929293,33.0,198.0
2024,TGB,"LLULL, SERGIO",MAD,False,37,10,100,5.290372670807454,6.6527909189077885,0.5604395604395604,51.0,18.235662525879917,4,8.389874185235714,2023.0,2022.0,5.176470588235294,16.550980392156863,34.0,176.0
2024,11050,"KOPRIVICA, BALSA",PAR,False,24,-3,9,2.5542857142857143,6.510616881031476,0.3220338983050847,19.0,7.07447619047619,2,8.389874185235714,2023.0,2022.0,4.125,8.060416666666667,16.0,66.0
2024,9992,"BRIZUELA, DARIO",BAR,False,30,3,9,3.966666666666667,6.494213820134694,0.42857142857142855,30.0,13.936666666666667,1,8.389874185235714,2023.0,,8.419354838709678,17.966129032258067,31.0,261.0
2024,11231,"BLOSSOMGAME, JARON",MCO,False,31,4,16,5.294852941176471,6.462785486104487,0.6226415094339622,66.0,18.29449754901961,2,8.389874185235714,2023.0,2022.0,9.030303030303031,22.954545454545453,33.0,298.0
2024,6961,"BIBEROVIC, TARIK",ULK,False,23,-4,16,4.12,6.397266232125714,0.4666666666666667,35.0,14.245999999999999,4,8.389874185235714,2023.0,2022.0,7.78125,22.43125,32.0,249.0
2024,9513,"HOLLATZ, JUSTUS",IST,False,23,-4,16,2.9130434782608696,6.390396308086167,0.36507936507936506,23.0,10.170289855072465,1,8.389874185235714,2023.0,,0.5454545454545454,6.366666666666666,11.0,6.0
2024,6739,"PAJOLA, ALESSANDRO",VIR,False,25,-2,4,5.071120689655173,6.38547850968707,0.6039603960396039,61.0,16.910980603448273,2,8.389874185235714,2023.0,2022.0,7.166666666666667,23.61555555555556,30.0,215.0
2024,11983,"BRAZDEIKIS, IGNAS",ZAL,False,25,-2,4,4.905769230769231,6.32785288565351,0.5918367346938775,58.0,15.540528846153846,2,8.389874185235714,2023.0,2022.0,7.551724137931035,17.655172413793103,29.0,219.0
2024,11052,"MADAR, YAM",MUN,False,24,-3,9,4.913203463203463,6.29010275905782,0.6039603960396039,61.0,13.647348484848486,2,8.389874185235714,2023.0,2022.0,4.6,11.94,5.0,23.0
2024,10392,"LARENTZAKIS, GIANNOULIS",OLY,False,31,4,16,4.98595825426945,6.282688132732789,0.6190476190476191,65.0,14.55867805186591,3,8.389874185235714,2023.0,2022.0,3.857142857142857,7.264285714285714,14.0,54.0
2024,11221,"ANTETOKOUNMPO, KOSTAS",PAN,False,27,0,0,3.7699999999999996,6.267229289316603,0.4594594594594595,34.0,8.418916666666666,2,8.389874185235714,2023.0,2022.0,3.5,6.920833333333333,4.0,14.0
2024,3210,"LEKAVICIUS, LUKAS",ZAL,False,30,3,9,4.724137931034482,6.205243488287506,0.5959595959595959,59.0,13.664344827586206,4,8.389874185235714,2023.0,2022.0,-0.1428571428571428,6.963095238095237,14.0,-2.0
2024,7464,"PARRA, JOEL",BAR,False,24,-3,9,2.769230769230769,6.175681324385281,0.3939393939393939,26.0,13.08974358974359,1,8.389874185235714,2023.0,,4.884615384615385,13.658333333333331,26.0,127.0
2024,KIR,"KAHUDI, CHARLES",ASV,False,38,11,121,4.641379310344828,6.171377218463556,0.5918367346938775,58.0,17.906781609195402,4,8.389874185235714,2023.0,2022.0,1.7857142857142858,12.221428571428572,14.0,25.0
2024,5161,"PAPAPETROU, IOANNIS",PAN,False,30,3,9,4.042424242424243,6.16313153160057,0.5121951219512195,42.0,16.033434343434344,4,8.389874185235714,2023.0,2022.0,2.44,10.98,25.0,61.0
2024,3526,"LIGHTY, DAVID",ASV,False,36,9,81,4.5645320197044335,6.141992706521457,0.5876288659793815,57.0,19.046215106732348,4,8.389874185235714,2023.0,2022.0,3.212121212121212,19.44242424242424,33.0,106.0
2024,229,"JACKSON, EDWIN",ASV,False,35,8,64,4.194686907020873,6.101590215300346,0.5454545454545454,48.0,17.31788108791904,4,8.389874185235714,2023.0,2019.0,1.7727272727272727,15.02727272727273,22.0,39.0
2024,6640,"OZDEMIROGLU, DOGUS",IST,False,28,1,1,2.7857142857142856,6.082278932491596,0.4117647058823529,28.0,11.531547619047618,1,8.389874185235714,2018.0,,0.875,6.735416666666667,8.0,7.0
2024,8099,"STRAZEL, MATTHEW",MCO,False,22,-5,25,3.3857142857142857,6.054599565459047,0.4666666666666667,35.0,11.590079365079365,4,8.389874185235714,2023.0,2022.0,7.676470588235294,20.10833333333333,34.0,261.0
2024,4790,"CORNELIE, PETR",MCO,False,29,2,4,4.367245657568239,6.026061545266167,0.5876288659793815,57.0,12.263883374689826,2,8.389874185235714,2023.0,2022.0,4.0625,10.417708333333334,16.0,65.0
2024,1557,"GIFFEY, NIELS",MUN,False,33,6,36,4.22531017369727,5.942656157836835,0.5876288659793815,57.0,15.596426799007443,4,8.389874185235714,2023.0,2022.0,5.043478260869565,17.746376811594203,23.0,116.0
2024,1392,"CAUSEUR, FABIEN",MIL,False,37,10,100,4.084413793103448,5.916524598266115,0.574468085106383,54.0,15.065135632183907,4,8.389874185235714,2023.0,2022.0,9.909090909090908,21.018181818181816,22.0,218.0
2024,2969,"MAHMUTOGLU, MELIH",ULK,False,34,7,49,2.0,5.8726510213549785,0.3939393939393939,26.0,7.123202614379085,4,8.389874185235714,2023.0,2022.0,1.0,5.505555555555556,6.0,6.0
2024,11941,"GILLESPIE, FREDDIE",MIL,False,27,0,0,4.241176470588235,5.868116750842149,0.6078431372549019,62.0,12.75500700280112,2,8.389874185235714,2023.0,2022.0,3.5,12.204166666666666,20.0,70.0
2024,3733,"ABALDE, ALBERTO",MAD,False,29,2,4,3.6484848484848484,5.853782214415483,0.5348837209302325,46.0,13.785732323232324,4,8.389874185235714,2023.0,2022.0,5.878787878787879,18.52070707070707,33.0,194.0
2024,2968,"SANLI, SERTAC",ULK,False,33,6,36,4.113594470046083,5.841384253961086,0.5959595959595959,59.0,14.974946236559138,4,8.389874185235714,2023.0,2022.0,6.172413793103448,14.440229885057471,29.0,179.0
2024,4058,"JARAMAZ, OGNJEN",BAS,False,29,2,4,3.581818181818181,5.792418643159575,0.5402298850574713,47.0,13.912842424242424,2,8.389874185235714,2023.0,2022.0,1.4090909090909092,10.112121212121211,22.0,31.0
2024,11244,"DA SILVA, OSCAR",MUN,False,26,-1,1,4.02337962962963,5.787619854116937,0.5959595959595959,59.0,13.997118055555555,2,8.389874185235714,2023.0,2022.0,5.6,15.460666666666668,25.0,140.0
2024,8211,"DELOW, MALTE",BER,False,23,-4,16,4.020235294117647,5.785745957195655,0.5959595959595959,59.0,15.857282352941176,4,8.389874185235714,2023.0,2022.0,5.913043478260869,18.19855072463768,23.0,136.0
2024,9213,"NDIAYE, ELI",MAD,False,20,-7,49,2.2714285714285714,5.624001510500977,0.4520547945205479,33.0,8.796904761904761,2,8.389874185235714,2023.0,2022.0,4.416666666666667,14.553472222222224,24.0,106.0
2024,11965,"MITROU-LONG, NAZ",OLY,False,31,4,16,2.560714285714286,5.58884929845269,0.4805194805194805,37.0,12.652202380952382,2,8.389874185235714,2023.0,2022.0,0.75,3.0875,4.0,3.0
2024,6251,"SCHNEIDER, TIM",BER,False,27,0,0,3.2292490118577075,5.379509500765209,0.5833333333333334,56.0,13.80281949934124,4,8.389874185235714,2023.0,2022.0,4.46875,19.616666666666667,32.0,143.0
2024,3091,"BIRSEN, METECAN",ULK,False,29,2,4,1.569082125603865,5.3584110476215585,0.4444444444444444,32.0,6.855217391304348,2,8.389874185235714,2022.0,2018.0,2.5,3.45,2.0,5.0
2024,4197,"OUATTARA, YAKUBA",PRS,False,32,5,25,2.905172413793103,5.264183928392075,0.5698924731182796,53.0,11.321106321839082,2,8.389874185235714,2023.0,2022.0,2.838709677419355,14.696774193548388,31.0,88.0
2024,7025,"MATTISSECK, JONAS",BER,False,24,-3,9,2.1788461538461537,5.208615925255695,0.5121951219512195,42.0,12.273141025641024,4,8.389874185235714,2023.0,2022.0,0.4482758620689655,13.328735632183909,29.0,13.0
2024,7513,"GIEDRAITIS, DOVYDAS",ZAL,False,24,-3,9,2.302857142857143,5.201436686846939,0.5238095238095238,44.0,13.465904761904763,2,8.389874185235714,2023.0,2022.0,4.466666666666667,24.011666666666667,30.0,134.0
2024,5670,"FLACCADORI, DIEGO",MIL,False,28,1,1,2.013574660633484,5.086490094176728,0.5180722891566265,43.0,10.560731523378582,3,8.389874185235714,2023.0,2020.0,1.0,8.667948717948718,13.0,13.0
2024,5145,"COHEN, JAKE",TEL,False,34,7,49,2.3327272727272725,4.966269408600509,0.5652173913043478,52.0,11.004000000000001,4,8.389874185235714,2023.0,2022.0,2.608695652173913,9.506521739130434,23.0,60.0
2024,4233,"MENCO, RAFI",TEL,False,30,3,9,1.3299999999999998,4.859937092617857,0.5,40.0,7.209333333333333,2,8.389874185235714,2023.0,2022.0,2.5,8.876190476190477,14.0,35.0
2024,11209,"KALAITZAKIS, PANAGIOTIS",PAN,False,25,-2,4,1.8250434782608695,4.809057435976708,0.5454545454545454,48.0,6.945530434782608,2,8.389874185235714,2023.0,2022.0,1.1111111111111112,7.254320987654321,27.0,30.0
2024,LUO,"LAZIC, BRANKO",RED,False,35,8,64,1.187272727272727,4.498813627485594,0.5402298850574713,47.0,15.633890909090908,4,8.389874185235714,2023.0,2022.0,1.3,5.358333333333333,10.0,13.0
2024,1518,"RICCI, GIAMPAOLO",MIL,False,33,6,36,1.0482758620689656,4.275352048076328,0.5604395604395604,51.0,8.31090909090909,2,8.389874185235714,2023.0,2022.0,3.25,15.1125,32.0,104.0
2024,8850,"RAIESTE, SANDER",BAS,False,25,-2,4,0.045473684210526305,4.018997732317758,0.5238095238095238,44.0,6.759080701754386,3,8.389874185235714,2023.0,2022.0,1.5714285714285714,9.563095238095238,14.0,22.0
2025,3469,"VEZENKOV, SASHA",OLY,False,30,3,9,23.541856060606058,17.810472455910908,0.6190476190476191,65.0,29.71250946969697,4,8.496974098281289,2024.0,2022.0,23.11764705882353,28.36911764705882,34.0,786.0
2025,796,"MIROTIC, NIKOLA",MCO,False,34,7,49,20.72285714285714,15.348842617768854,0.5604395604395604,51.0,27.100904761904765,4,8.496974098281289,2024.0,2023.0,12.67741935483871,19.048924731182797,31.0,393.0
2025,12608,"SHORTS, TJ",PAN,False,28,1,1,23.060606060606062,15.080533752482898,0.4520547945205479,33.0,27.11767676767677,1,8.496974098281289,2024.0,,7.648648648648648,16.08243243243243,37.0,283.0
2025,3842,"LESSORT, MATHIAS",PAN,False,30,3,9,19.941176470588236,14.910757845398368,0.5604395604395604,51.0,27.47764705882353,4,8.496974098281289,2024.0,2023.0,13.0,21.016666666666666,8.0,104.0
2025,12201,"MONEKE, CHIMA",RED,False,30,3,9,18.71515151515152,14.859235508785392,0.6226415094339622,66.0,27.012020202020206,3,8.496974098281289,2024.0,2023.0,18.764705882352946,26.83578431372549,34.0,638.0
2025,5985,"JAMES, MIKE",MCO,False,35,8,64,18.27058823529412,14.65073114751159,0.6296296296296297,68.0,30.003333333333337,4,8.496974098281289,2024.0,2023.0,18.88235294117647,29.73235294117647,34.0,642.0
2025,5928,"CAMPAZZO, FACUNDO",MAD,False,34,7,49,17.256818181818183,13.919734721423175,0.6190476190476191,65.0,25.700625,4,8.496974098281289,2024.0,2023.0,14.526315789473683,24.260964912280706,38.0,552.0
2025,2580,"MICIC, VASILIJE",HTA,False,31,4,16,17.275855327468232,13.899362547011716,0.6153846153846154,64.0,30.829309221244703,4,8.496974098281289,2022.0,2020.0,10.77777777777778,23.76111111111111,36.0,388.0
2025,8962,"HAYES-DAVIS, NIGEL",PAN,False,31,4,16,17.254117647058823,13.885985512913617,0.6153846153846154,64.0,31.212764705882353,4,8.496974098281289,2024.0,2023.0,14.4,27.31,10.0,144.0
2025,1133,"SHENGELIA, TORNIKE",BAR,False,34,7,49,17.532258064516128,13.88163828017882,0.5959595959595959,59.0,27.570345622119813,4,8.496974098281289,2024.0,2023.0,15.5,24.91614583333333,32.0,496.0
2025,11218,"EVANS, KEENAN",OLY,False,29,2,4,17.941176470588232,13.789878724519246,0.5604395604395604,51.0,26.923333333333332,2,8.496974098281289,2023.0,2022.0,0.0,2.0166666666666666,1.0,0.0
2025,8987,"LEDAY, ZACH",MIL,False,31,4,16,16.90608519269777,13.640410981273893,0.6116504854368932,63.0,28.611528059499662,4,8.496974098281289,2024.0,2023.0,15.066666666666666,24.622777777777777,30.0,452.0
2025,7200,"LARKIN, SHANE",IST,False,33,6,36,17.04705882352941,13.521250689406475,0.5876288659793815,57.0,27.604228473998294,4,8.496974098281289,2024.0,2023.0,15.083333333333334,30.354166666666668,12.0,181.0
2025,12774,"NUNN, KENDRICK",PAN,False,30,3,9,16.54285714285714,13.356368808371656,0.6039603960396039,61.0,29.51138528138528,2,8.496974098281289,2024.0,2023.0,16.806451612903224,29.66075268817204,31.0,521.0
2025,5791,"TAVARES, WALTER",MAD,False,33,6,36,15.768154158215012,12.944394911638808,0.6116504854368932,63.0,23.489300202839758,4,8.496974098281289,2024.0,2023.0,15.789473684210526,23.28333333333333,38.0,600.0
2025,9862,"PUNTER, KEVIN",BAR,False,32,5,25,15.59017857142857,12.752896782169657,0.6,60.0,27.80860119047619,4,8.496974098281289,2024.0,2023.0,13.35135135135135,27.059009009009003,37.0,494.0
2025,9035,"BOLOMBOY, JOEL",RED,False,31,4,16,15.775757575757577,12.576292310932836,0.5604395604395604,51.0,24.755353535353535,4,8.496974098281289,2024.0,2023.0,8.285714285714286,14.586904761904762,14.0,116.0
2025,13369,"JONES, CARLIK",PAR,False,28,1,1,17.294117647058822,12.538904917989885,0.4594594594594595,34.0,26.964215686274507,1,8.496974098281289,2024.0,,16.733333333333334,28.06444444444444,15.0,251.0
2025,7027,"MALEDON, THEO",MAD,False,24,-3,9,14.981818181818179,12.251357515065804,0.5789473684210527,55.0,23.62939393939394,2,8.496974098281289,2024.0,2019.0,11.21875,17.410416666666666,32.0,359.0
2025,7831,"SHIELDS, SHAVON",MIL,False,31,4,16,14.688669950738916,12.135393310550203,0.5876288659793815,57.0,28.709306239737273,4,8.496974098281289,2024.0,2023.0,12.8,26.897142857142857,35.0,448.0
2025,4888,"CLYBURN, WILL",BAR,False,35,8,64,15.025,12.057715499218768,0.5454545454545454,48.0,27.775555555555556,4,8.496974098281289,2024.0,2023.0,14.258064516129032,25.134946236559134,31.0,442.0
2025,11157,"MOTLEY, JOHNATHAN",HTA,False,30,3,9,14.253372434017596,12.039373074119016,0.6153846153846154,64.0,21.015718475073314,2,8.496974098281289,2023.0,2022.0,8.9375,15.559375,32.0,286.0
2025,3108,"HEZONJA, MARIO",MAD,False,30,3,9,14.053030303030303,11.936437463125916,0.6190476190476191,65.0,25.190546085858585,4,8.496974098281289,2024.0,2023.0,11.710526315789474,22.12938596491228,38.0,445.0
2025,6835,"HOARD, JAYLEN",TEL,False,26,-1,1,17.541666666666668,11.888733811425805,0.375,24.0,30.64027777777778,1,8.496974098281289,2024.0,,16.142857142857142,28.810952380952376,35.0,565.0
2025,3941,"MILUTINOV, NIKOLA",OLY,False,31,4,16,14.69404761904762,11.777777726922288,0.5294117647058824,45.0,19.401825396825394,4,8.496974098281289,2024.0,2023.0,20.085714285714285,21.83857142857143,35.0,703.0
2025,10568,"JONES, CHRIS",HTA,False,32,5,25,13.892207792207792,11.755481576791354,0.6039603960396039,61.0,24.642748917748918,3,8.496974098281289,2023.0,2022.0,11.63157894736842,20.022368421052636,38.0,442.0
2025,9863,"BALDWIN IV, WADE",ULK,False,29,2,4,14.352861952861954,11.72100224293806,0.550561797752809,49.0,25.74381593714927,4,8.496974098281289,2024.0,2023.0,16.37837837837838,25.46306306306306,37.0,606.0
2025,7056,"BOOKER, DEVIN",MIL,False,34,7,49,14.087912087912088,11.708789539133026,0.574468085106383,54.0,26.07985347985348,4,8.496974098281289,2024.0,2023.0,9.583333333333334,19.951851851851853,36.0,345.0
2025,7975,"FRANCISCO, SYLVAIN",ZAL,False,28,1,1,13.626203208556149,11.708734382285172,0.6261682242990654,67.0,23.01066547831254,2,8.496974098281289,2024.0,2023.0,19.5,27.17719298245613,38.0,741.0
2025,6540,"MUSA, DZANAN",DUB,False,26,-1,1,13.69801462904911,11.6583908914931,0.6078431372549019,62.0,21.85546499477534,4,8.496974098281289,2024.0,2023.0,15.61111111111111,26.686111111111117,18.0,281.0
2025,4887,"POIRIER, VINCENT",IST,False,32,5,25,13.55,11.643197772936336,0.6226415094339622,66.0,20.137083333333333,4,8.496974098281289,2024.0,2023.0,11.0,18.508333333333333,14.0,154.0
2025,11987,"EDWARDS, CARSEN",VIR,False,27,0,0,13.399999999999999,11.584064480844921,0.6296296296296297,68.0,26.316764705882356,3,8.496974098281289,2024.0,2023.0,10.97222222222222,25.42407407407408,36.0,395.0
2025,925,"VESELY, JAN",BAR,False,35,8,64,13.76969696969697,11.549603129100893,0.5789473684210527,55.0,21.816161616161615,4,8.496974098281289,2024.0,2023.0,9.333333333333334,21.015740740740743,36.0,336.0
2025,9846,"BRYANT, ELIJAH",HTA,False,30,3,9,13.729644268774702,11.549365031069113,0.5833333333333334,56.0,24.817470355731224,4,8.496974098281289,2024.0,2023.0,20.58823529411765,29.66127450980392,34.0,700.0
2025,11981,"JONES, TYRIQUE",OLY;PAR,True,28,1,1,13.393939393939394,11.528428805117258,0.6190476190476191,65.0,20.601322601010104,2,8.496974098281289,2024.0,2023.0,14.344827586206897,20.67241379310345,29.0,416.0
2025,1926,"SLOUKAS, KOSTAS",PAN,False,35,8,64,13.397979797979797,11.437577518100394,0.6,60.0,23.519562289562288,4,8.496974098281289,2024.0,2023.0,12.72972972972973,21.3490990990991,37.0,471.0
2025,4132,"THEIS, DANIEL",MCO,False,33,6,36,14.466666666666665,11.405285862366473,0.48717948717948717,38.0,22.285194444444446,2,8.496974098281289,2024.0,2016.0,12.794117647058824,21.144117647058824,34.0,435.0
2025,2100,"DE COLO, NANDO",ASV;ULK,True,38,11,121,13.322916666666666,11.247242443705215,0.5698924731182796,53.0,21.10736607142857,4,8.496974098281289,2024.0,2023.0,14.48,19.595333333333333,25.0,362.0
2025,11212,"OKOBO, ELIE",MCO,False,28,1,1,12.730357142857141,11.037003925026799,0.6,60.0,24.652708333333333,3,8.496974098281289,2024.0,2023.0,12.486486486486486,25.60135135135135,37.0,462.0
2025,7230,"SEDEKERSKIS, TADAS",BAS,False,27,0,0,12.872,11.02988383085528,0.5789473684210527,55.0,25.623688888888886,4,8.496974098281289,2024.0,2023.0,10.0,23.88076923076923,13.0,130.0
2025,11982,"OJELEYE, SEMI",RED,False,31,4,16,12.849999999999998,10.936582021222543,0.5604395604395604,51.0,22.732777777777777,2,8.496974098281289,2023.0,2022.0,7.736842105263157,22.987280701754383,38.0,294.0
2025,9549,"CORDINIER, ISAIA",IST,False,29,2,4,12.3973630831643,10.882648914277693,0.6116504854368932,63.0,25.25860716700473,3,8.496974098281289,2024.0,2023.0,8.666666666666666,24.20388888888889,30.0,260.0
2025,11196,"HALL, DONTA",OLY,False,28,1,1,11.957219251336898,10.663669661409568,0.6261682242990654,67.0,18.60371063576946,3,8.496974098281289,2024.0,2023.0,12.030303030303031,15.705050505050504,33.0,397.0
2025,11199,"NEBO, JOSH",MIL,False,28,1,1,12.990909090909092,10.656397406427114,0.4805194805194805,37.0,20.91555555555555,3,8.496974098281289,2024.0,2023.0,13.73076923076923,21.546794871794877,26.0,357.0
2025,6435,"LAPROVITTOLA, NICOLAS",BAR,False,35,8,64,12.907142857142857,10.457049102219763,0.4444444444444444,32.0,22.274047619047618,4,8.496974098281289,2024.0,2023.0,7.25,16.835,20.0,145.0
2025,11226,"DIALLO, ALPHA",MCO,False,28,1,1,11.688744588744587,10.424677067769023,0.6039603960396039,61.0,26.527550505050506,3,8.496974098281289,2024.0,2023.0,13.894736842105264,28.00175438596491,38.0,528.0
2025,12712,"HERNANGOMEZ, JUANCHO",PAN,False,30,3,9,11.55533769063181,10.344104584750415,0.6039603960396039,61.0,22.976833696441542,2,8.496974098281289,2024.0,2023.0,13.078947368421051,25.72850877192982,38.0,497.0
2025,11078,"THOMPSON, DARIUS",PAM,False,30,3,9,11.411764705882351,10.33221262899307,0.6296296296296297,68.0,26.574215686274513,3,8.496974098281289,2024.0,2023.0,10.657894736842104,19.254824561403503,38.0,405.0
2025,12745,"PARKER, JABARI",PAR,False,30,3,9,11.415329768270947,10.324355686031822,0.6261682242990654,67.0,25.636598336304218,2,8.496974098281289,2024.0,2023.0,5.066666666666666,19.24222222222222,15.0,76.0
2025,10545,"SAKO, NEAL",PAM,False,27,0,0,12.424242424242424,10.272314574400706,0.4520547945205479,33.0,21.975252525252525,1,8.496974098281289,2024.0,,6.527777777777778,13.21574074074074,36.0,235.0
2025,3196,"HERNANGOMEZ, WILLY",BAR,False,31,4,16,11.343364681295716,10.227133080113587,0.6078431372549019,62.0,15.745085336119818,2,8.496974098281289,2024.0,2023.0,6.918918918918919,13.652702702702705,37.0,256.0
2025,11286,"BACON, DWAYNE",DUB,False,30,3,9,12.77777777777778,10.222074088526142,0.40298507462686567,27.0,30.839506172839503,1,8.496974098281289,2022.0,,13.93103448275862,29.380459770114943,29.0,404.0
2025,13380,"FOURNIER, EVAN",OLY,False,33,6,36,12.34375,10.206652276822938,0.4444444444444444,32.0,25.538541666666667,1,8.496974098281289,2024.0,,7.735294117647059,21.60686274509804,34.0,263.0
2025,9048,"MILLER-MCINTYRE, CODI",RED,False,31,4,16,11.15294117647059,10.169249666030108,0.6296296296296297,68.0,26.561960784313726,2,8.496974098281289,2024.0,2023.0,15.105263157894736,30.9640350877193,38.0,574.0
2025,13382,"RANDOLPH, LEVI",HTA,False,33,6,36,12.151515151515152,10.14902690316783,0.4520547945205479,33.0,27.725757575757576,1,8.496974098281289,2024.0,,0.875,10.179166666666667,8.0,7.0
2025,8811,"FALL, MOUSTAPHA",OLY,False,33,6,36,11.27586206896552,10.141622080931139,0.5918367346938775,58.0,19.990459770114946,4,8.496974098281289,2024.0,2023.0,5.5,6.716666666666667,2.0,11.0
2025,8829,"PETERS, ALEC",OLY,False,30,3,9,11.114438502673796,10.135947136545756,0.6261682242990654,67.0,20.192563874034462,4,8.496974098281289,2024.0,2023.0,7.342105263157895,14.823245614035088,38.0,279.0
2025,4004,"GUDURIC, MARKO",MIL,False,30,3,9,11.041290322580645,10.033640332759118,0.6039603960396039,61.0,21.830487455197137,4,8.496974098281289,2024.0,2023.0,11.142857142857142,22.04,35.0,390.0
2025,11194,"PETRUSEV, FILIP",DUB,False,25,-2,4,11.250752688172042,9.969925437060063,0.5348837209302325,46.0,17.818566308243724,3,8.496974098281289,2024.0,2023.0,15.36842105263158,23.4969298245614,38.0,584.0
2025,11204,"GRANT, JERIAN",PAN,False,33,6,36,10.823529411764707,9.961842258622701,0.6296296296296297,68.0,27.320392156862738,2,8.496974098281289,2024.0,2023.0,8.277777777777779,23.65277777777778,36.0,298.0
2025,13367,"FORREST, TRENT",BAS,False,27,0,0,11.647058823529411,9.944310323395293,0.4594594594594595,34.0,24.780882352941177,1,8.496974098281289,2024.0,,14.51851851851852,23.8716049382716,27.0,392.0
2025,11214,"RIVERO, JASIEL",RED,False,32,5,25,10.904117647058822,9.879801243323701,0.574468085106383,54.0,19.390803921568626,3,8.496974098281289,2024.0,2023.0,4.75,10.75,8.0,38.0
2025,10391,"WEILER-BABB, NICK",IST,False,30,3,9,10.689705882352941,9.862259926099487,0.6226415094339622,66.0,24.482071078431375,4,8.496974098281289,2024.0,2023.0,10.972972972972974,28.798648648648648,37.0,406.0
2025,2939,"SATORANSKY, TOMAS",BAR,False,34,7,49,10.629411764705882,9.839620036400477,0.6296296296296297,68.0,24.103725490196084,3,8.496974098281289,2024.0,2023.0,11.142857142857142,25.07380952380953,35.0,390.0
2025,12610,"WARD, TYSON",OLY,False,28,1,1,11.117647058823527,9.701067080152047,0.4594594594594595,34.0,26.01421568627451,1,8.496974098281289,2024.0,,8.15625,19.85833333333333,32.0,261.0
2025,4866,"KALINIC, NIKOLA",RED,False,34,7,49,10.38235294117647,9.68406448084492,0.6296296296296297,68.0,26.09950980392157,4,8.496974098281289,2024.0,2023.0,6.473684210526316,23.227631578947367,38.0,246.0
2025,12788,"OTURU, DAN",HTA,False,26,-1,1,10.517748917748918,9.657844739252054,0.574468085106383,54.0,16.383232323232324,2,8.496974098281289,2024.0,2023.0,16.07894736842105,23.29868421052632,38.0,611.0
2025,1288,"LUCIC, VLADIMIR",MUN,False,36,9,81,11.0,9.647013026097994,0.4594594594594595,34.0,25.094761904761906,4,8.496974098281289,2024.0,2023.0,10.666666666666666,23.17020202020202,33.0,352.0
2025,12720,"BROWN, STERLING",PAR,False,30,3,9,10.330628803245435,9.618529888696251,0.6116504854368932,63.0,25.10631845841785,2,8.496974098281289,2024.0,2023.0,11.027027027027026,28.132882882882885,37.0,408.0
2025,9783,"COLSON, BONZIE",ULK,False,29,2,4,10.223529411764705,9.584064480844921,0.6296296296296297,68.0,22.873627450980393,3,8.496974098281289,2024.0,2023.0,9.542857142857144,17.985714285714284,35.0,334.0
2025,10444,"COSTELLO, MATTHEW",PAM,False,32,5,25,10.239495798319329,9.556153955167156,0.6078431372549019,62.0,21.302373949579838,2,8.496974098281289,2023.0,2022.0,7.823529411764706,16.76421568627451,34.0,266.0
2025,848,"NEDOVIC, NEMANJA",MCO,False,34,7,49,10.181025641025641,9.479337498215495,0.5833333333333334,56.0,19.697871794871794,4,8.496974098281289,2024.0,2023.0,5.6875,13.42083333333333,32.0,182.0
2025,11219,"SORKIN, ROMAN",TEL,False,29,2,4,9.992207792207791,9.4000360322369,0.6039603960396039,61.0,20.828506493506495,3,8.496974098281289,2024.0,2023.0,14.105263157894736,22.906578947368423,38.0,536.0
2025,12640,"HIFI, NADIR",PRS,False,23,-4,16,10.441176470588236,9.390256269341236,0.4594594594594595,34.0,19.724019607843136,1,8.496974098281289,2024.0,,17.56756756756757,22.26711711711712,37.0,650.0
2025,13403,"WALKER IV, LONNIE",TEL,False,27,0,0,11.263157894736842,9.387779049682228,0.3220338983050847,19.0,22.292105263157897,1,8.496974098281289,2024.0,,12.642857142857142,22.739880952380958,28.0,354.0
2025,11193,"BLATT, TAMIR",TEL,False,28,1,1,9.99230769230769,9.381967449847934,0.5918367346938775,58.0,21.823124999999997,3,8.496974098281289,2024.0,2023.0,8.842105263157896,19.42982456140351,38.0,336.0
2025,12096,"CABOCLO, BRUNO",HTA;DUB,True,30,3,9,10.51851851851852,9.311626327332114,0.40298507462686567,27.0,19.386419753086415,1,8.496974098281289,2023.0,,7.0,12.73030303030303,11.0,77.0
2025,9754,"LOYD, JORDAN",IST,False,32,5,25,9.87952380952381,9.213234792057534,0.5180722891566265,43.0,22.316476190476187,4,8.496974098281289,2024.0,2023.0,10.764705882352942,23.473529411764705,34.0,366.0
2025,12742,"DOZIER, PJ",IST,False,29,2,4,9.813053613053615,9.200923606182766,0.5348837209302325,46.0,18.90254856254856,2,8.496974098281289,2024.0,2023.0,7.115384615384615,21.943589743589744,26.0,185.0
2025,9622,"BROWN, LORENZO",MIL,False,35,8,64,9.625,9.191143883954343,0.6153846153846154,64.0,20.914270833333333,4,8.496974098281289,2024.0,2023.0,6.833333333333333,14.475,12.0,82.0
2025,7201,"VOIGTMANN, JOHANNES",MUN,False,33,6,36,9.54705882352941,9.158138554918995,0.6296296296296297,68.0,22.499411764705886,4,8.496974098281289,2024.0,2023.0,6.304347826086956,13.004347826086958,23.0,145.0
2025,9005,"DECK, GABRIEL",MAD,False,30,3,9,9.45808695652174,9.021217475503352,0.5454545454545454,48.0,22.874602898550727,4,8.496974098281289,2024.0,2023.0,8.942857142857143,20.197142857142858,35.0,313.0
2025,12613,"JANTUNEN, MIKAEL",ULK,False,25,-2,4,9.588235294117649,8.998364377449345,0.4594594594594595,34.0,25.14901960784314,1,8.496974098281289,2024.0,,5.129032258064516,19.01881720430108,31.0,159.0
2025,7866,"MITOGLOU, KONSTANTINOS",PAN,False,29,2,4,9.22600806451613,8.942888077628814,0.6116504854368932,63.0,20.696838037634407,4,8.496974098281289,2024.0,2023.0,5.892857142857143,14.05,28.0,165.0
2025,2329,"ULANOVAS, EDGARAS",ZAL,False,33,6,36,9.2,8.939620036400477,0.6296296296296297,68.0,24.61970588235294,4,8.496974098281289,2024.0,2023.0,6.289473684210527,18.398245614035087,38.0,239.0
2025,13386,"MCCORMACK, DAVID",MUN,False,26,-1,1,9.571428571428571,8.939396528400758,0.4117647058823529,28.0,16.336309523809526,1,8.496974098281289,2024.0,,7.642857142857143,15.48154761904762,28.0,214.0
2025,8985,"BOLMARO, LEANDRO",MIL,False,25,-2,4,8.997333333333334,8.78665576067984,0.5789473684210527,55.0,21.354266666666668,4,8.496974098281289,2024.0,2023.0,10.655172413793103,22.60287356321839,29.0,309.0
2025,8855,"WALKUP, THOMAS",OLY,False,33,6,36,8.945454545454545,8.752559729466048,0.5698924731182796,53.0,23.545818181818184,4,8.496974098281289,2024.0,2023.0,9.09375,24.1671875,32.0,291.0
2025,5353,"YURTSEVEN, OMER",PAN,False,27,0,0,9.083333333333334,8.716858811425805,0.375,24.0,13.613194444444444,1,8.496974098281289,2024.0,,8.368421052631579,12.650877192982456,19.0,159.0
2025,12080,"LUWAWU-CABARROT, TIMOTHE",BAS,False,30,3,9,8.813186813186814,8.678628211099356,0.574468085106383,54.0,26.2189010989011,3,8.496974098281289,2024.0,2023.0,16.38888888888889,25.41018518518519,36.0,590.0
2025,13389,"LEE, SABEN",OLY;IST,True,26,-1,1,9.133333333333333,8.670526616931847,0.2727272727272727,15.0,19.36888888888889,1,8.496974098281289,2024.0,,7.962962962962963,16.782716049382717,27.0,215.0
2025,6760,"BONGA, ISAAC",PAR,False,26,-1,1,8.724516129032258,8.6344004732893,0.6039603960396039,61.0,22.957462365591397,3,8.496974098281289,2024.0,2023.0,14.31578947368421,27.78333333333334,38.0,544.0
2025,6590,"BEAUBOIS, RODRIGUE",IST,False,37,10,100,8.69939393939394,8.6207842923599,0.6116504854368932,63.0,20.61456565656566,4,8.496974098281289,2024.0,2023.0,4.666666666666667,12.405555555555557,21.0,98.0
2025,2661,"PREPELIC, KLEMEN",DUB,False,33,6,36,8.636111111111111,8.579894136230376,0.5959595959595959,59.0,19.342569444444443,3,8.496974098281289,2022.0,2020.0,3.333333333333333,13.44814814814815,27.0,90.0
2025,13699,"CLARK III, JIMMY",TEL,False,24,-3,9,8.875,8.559978415234408,0.16666666666666666,8.0,18.966666666666665,1,8.496974098281289,2024.0,,8.594594594594595,19.71936936936937,37.0,318.0
2025,7579,"SAMANIC, LUKA",BAS,False,25,-2,4,8.6,8.5250720714773,0.2727272727272727,15.0,15.204444444444444,1,8.496974098281289,2024.0,,7.2,13.803333333333333,5.0,36.0
2025,7982,"WILLIAMS-GOSS, NIGEL",ZAL,False,31,4,16,8.399999999999999,8.440831199276332,0.5789473684210527,55.0,21.819666666666667,4,8.496974098281289,2024.0,2023.0,10.851851851851851,23.16358024691358,27.0,293.0
2025,13383,"GABRIEL, WENYEN",MUN,False,28,1,1,8.346153846153847,8.437560059564419,0.3939393939393939,26.0,16.992948717948718,1,8.496974098281289,2024.0,,5.666666666666667,16.944444444444443,36.0,204.0
2025,7109,"SMITS, ROLANDS",IST,False,30,3,9,8.310056925996205,8.381263467819094,0.6190476190476191,65.0,20.0662302340291,4,8.496974098281289,2024.0,2023.0,6.0285714285714285,18.97952380952381,35.0,211.0
2025,11948,"HOWARD, MARKUS",BAS,False,26,-1,1,8.29375,8.370438338974072,0.6226415094339622,66.0,22.656574754901964,3,8.496974098281289,2024.0,2023.0,6.913043478260869,20.644202898550724,23.0,159.0
2025,8858,"ENNIS, TYLER",HTA,False,31,4,16,6.666666666666667,8.369278230959338,0.06976744186046512,3.0,10.183333333333334,1,8.496974098281289,2018.0,,3.2,8.373333333333333,10.0,32.0
2025,9299,"RUBSTAVICIUS, MANTAS",ZAL,False,23,-4,16,3.0,8.362901559298818,0.024390243902439025,1.0,2.15,1,8.496974098281289,2020.0,,0.8823529411764706,4.32156862745098,17.0,15.0
2025,12878,"WRIGHT, MOSES",ZAL,False,27,0,0,8.116363636363637,8.347036643586456,0.3939393939393939,26.0,14.01030303030303,2,8.496974098281289,2024.0,2023.0,17.36842105263158,23.20131578947368,38.0,660.0
2025,LCZ,"MOTIEJUNAS, DONATAS",RED,False,35,8,64,8.239756592292089,8.339646885880128,0.6116504854368932,63.0,15.607342799188642,3,8.496974098281289,2024.0,2023.0,7.333333333333333,12.550617283950617,27.0,198.0
2025,11205,"HALL, DEVON",ULK,False,30,3,9,8.215277777777779,8.329094472930713,0.5959595959595959,59.0,23.62039351851852,3,8.496974098281289,2024.0,2023.0,9.2,25.12222222222222,30.0,276.0
2025,12044,"DOS SANTOS, YAGO",RED,False,26,-1,1,8.21344537815126,8.324633111535585,0.6078431372549019,62.0,17.828039215686275,2,8.496974098281289,2024.0,2023.0,1.52,10.764666666666669,25.0,38.0
2025,7527,"BADIO, BRANCOU",PAM,False,26,-1,1,0.0,8.289730827591502,0.024390243902439025,1.0,0.3666666666666666,1,8.496974098281289,2020.0,,8.941176470588236,19.23235294117647,34.0,304.0
2025,12365,"HRABAR, VIT",BAS,False,19,-8,64,-1.0,8.265340583689063,0.024390243902439025,1.0,0.8,1,8.496974098281289,2023.0,,0.0,2.554166666666667,4.0,0.0
2025,13374,"DIOUF, MOUHAMET",VIR,False,24,-3,9,7.903225806451613,8.237731886355656,0.43661971830985913,31.0,15.853225806451611,1,8.496974098281289,2024.0,,10.454545454545457,18.534848484848485,33.0,345.0
2025,7032,"LO, MAODO",ZAL,False,33,6,36,7.9904761904761905,8.218115699602077,0.550561797752809,49.0,18.282063492063493,4,8.496974098281289,2024.0,2023.0,7.918918918918919,18.37702702702703,37.0,293.0
2025,10390,"HAYES, KEVARRIUS",MCO,False,28,1,1,8.047058823529412,8.21369411047455,0.6296296296296297,68.0,19.40245098039216,4,8.496974098281289,2024.0,2023.0,7.2,17.36190476190476,35.0,252.0
2025,8384,"PROCIDA, GABRIELE",MAD,False,23,-4,16,7.854461538461537,8.13688464167901,0.5604395604395604,51.0,19.290774358974357,3,8.496974098281289,2024.0,2023.0,0.4,7.403333333333333,5.0,2.0
2025,12609,"MALCOLM, COLLIN",HTA,False,28,1,1,7.586206896551724,8.114187883061618,0.42028985507246375,29.0,19.054597701149422,1,8.496974098281289,2024.0,,8.710526315789474,25.293859649122805,38.0,331.0
2025,2849,"MELLI, NICOLO",ULK,False,34,7,49,7.858823529411765,8.095175591956034,0.6296296296296297,68.0,20.12117647058823,4,8.496974098281289,2024.0,2023.0,9.766666666666667,22.817777777777778,30.0,293.0
2025,12585,"MORGAN, MATTHEW",VIR,False,28,1,1,7.617647058823529,8.09295897204394,0.4594594594594595,34.0,18.65686274509804,1,8.496974098281289,2024.0,,12.235294117647058,19.93578431372549,34.0,416.0
2025,8173,"SPAGNOLO, MATTEO",BAS,False,22,-5,25,7.759111111111111,8.079921105532927,0.5652173913043478,52.0,20.640296296296295,2,8.496974098281289,2024.0,2023.0,6.27027027027027,15.471621621621622,37.0,232.0
2025,11231,"BLOSSOMGAME, JARON",MCO,False,32,5,25,7.806417112299465,8.064569256591735,0.6261682242990654,67.0,21.159197860962568,3,8.496974098281289,2024.0,2023.0,10.36842105263158,22.92061403508772,38.0,394.0
2025,10106,"NUNEZ, JUAN",BAR,False,21,-6,36,7.36,8.0596763681731,0.38461538461538464,25.0,15.576666666666668,1,8.496974098281289,2024.0,,-2.0,5.266666666666667,1.0,-2.0
2025,13363,"NWORA, JORDAN",RED,False,27,0,0,7.515151515151516,8.053136492208925,0.4520547945205479,33.0,17.92070707070707,1,8.496974098281289,2024.0,,16.181818181818183,27.206565656565655,33.0,534.0
2025,13667,"FERNANDO, BRUNO",PAR;MAD,True,27,0,0,6.0,8.038346202678603,0.1836734693877551,9.0,14.34074074074074,1,8.496974098281289,2024.0,,9.756756756756756,17.316666666666666,37.0,361.0
2025,1255,"PAPANIKOLAOU, KOSTAS",OLY,False,35,8,64,7.758288770053476,8.034432817989106,0.6261682242990654,67.0,21.580962566844917,4,8.496974098281289,2024.0,2023.0,2.290322580645161,14.136559139784946,31.0,71.0
2025,10781,"LUNDBERG, IFFE",TEL,False,31,4,16,7.704662004662004,8.02478810309404,0.5959595959595959,59.0,22.511954156954157,4,8.496974098281289,2024.0,2023.0,12.375,24.3875,16.0,198.0
2025,3983,"AVRAMOVIC, ALEKSA",DUB,False,31,4,16,7.550000000000001,8.000940046800615,0.5238095238095238,44.0,16.74908333333333,2,8.496974098281289,2023.0,2022.0,9.909090909090908,17.0219696969697,22.0,218.0
2025,5844,"PAPAGIANNIS, GEORGIOS",IST,False,28,1,1,7.659447004608295,7.9978417899307175,0.5959595959595959,59.0,16.1125,4,8.496974098281289,2024.0,2023.0,5.2,14.776666666666667,5.0,26.0
2025,7182,"BIRCH, KHEM",ULK,False,33,6,36,7.621505376344086,7.96822566225981,0.6039603960396039,61.0,15.025612903225804,2,8.496974098281289,2024.0,2016.0,4.184210526315789,15.98815789473684,38.0,159.0
2025,11935,"MAKOUNDOU, YOAN",MCO,False,25,-2,4,4.857142857142857,7.954871573005352,0.14893617021276595,7.0,9.797619047619047,1,8.496974098281289,2022.0,,7.6,7.496666666666665,5.0,38.0
2025,6568,"FALL, YOUSSOUPHA",BAR,False,30,3,9,7.44758064516129,7.889430520159184,0.5789473684210527,55.0,13.743709677419353,4,8.496974098281289,2024.0,2023.0,5.0625,8.071875,16.0,81.0
2025,9733,"JEKIRI, TONYE",PAR,False,31,4,16,7.44,7.885041725592123,0.5789473684210527,55.0,15.383422222222222,3,8.496974098281289,2022.0,2020.0,9.866666666666667,19.27555555555556,15.0,148.0
2025,12167,"BOSNJAKOVIC, MITAR",PAR,False,19,-8,64,1.25,7.838158271164807,0.09090909090909091,4.0,8.941666666666666,1,8.496974098281289,2024.0,,0.0,3.1333333333333333,3.0,0.0
2025,11085,"ROGKAVOPOULOS, NIKOLAOS",PAN,False,24,-3,9,7.365151515151515,7.831882477266886,0.5876288659793815,57.0,16.012777777777778,2,8.496974098281289,2024.0,2023.0,4.321428571428571,12.192261904761905,28.0,121.0
2025,7029,"SIRVYDIS, DEIVIDAS",ZAL,False,25,-2,4,7.0,7.809175188260156,0.4594594594594595,34.0,16.54264705882353,1,8.496974098281289,2024.0,,3.9166666666666665,13.349305555555556,24.0,94.0
2025,4863,"JOVIC, STEFAN",MUN,False,35,8,64,7.022222222222222,7.808756556120391,0.4666666666666667,35.0,19.410648148148148,4,8.496974098281289,2023.0,2020.0,7.631578947368421,18.477192982456145,19.0,145.0
2025,10750,"DE LARREA, SERGIO",PAM,False,20,-7,49,-1.4,7.80648753328492,0.06976744186046512,3.0,10.353333333333333,2,8.496974098281289,2023.0,2022.0,3.923076923076923,10.739743589743588,26.0,102.0
2025,1932,"CALATHES, NICK",MCO;PAR,True,36,9,81,7.0,7.730231267454288,0.5121951219512195,42.0,19.99175953079179,4,8.496974098281289,2024.0,2023.0,5.935483870967742,19.232795698924733,31.0,184.0
2025,7853,"MCKISSIC, SHAQUIELLE",OLY,False,35,8,64,7.183999999999999,7.719907795216852,0.5918367346938775,58.0,16.480375757575757,4,8.496974098281289,2024.0,2023.0,4.636363636363637,11.561363636363636,22.0,102.0
2025,12612,"SHAHRVIN, ENZO",PRS,False,22,-5,25,2.5,7.71476008546199,0.13043478260869565,6.0,7.319444444444443,1,8.496974098281289,2024.0,,2.1818181818181817,8.622727272727273,11.0,24.0
2025,11051,"SMAILAGIC, ALEN",VIR,False,25,-2,4,7.17908787541713,7.706242364562794,0.6,60.0,15.346199480904708,3,8.496974098281289,2024.0,2023.0,7.129032258064516,16.48709677419355,31.0,221.0
2025,12597,"BALDWIN, KAMAR",MUN,False,28,1,1,6.44,7.705830214326947,0.38461538461538464,25.0,21.412,1,8.496974098281289,2024.0,,5.555555555555555,16.31851851851852,9.0,50.0
2025,6085,"DIMITRIJEVIC, NENO",MUN,False,27,0,0,6.518518518518518,7.699686028824649,0.40298507462686567,27.0,16.84938271604938,1,8.496974098281289,2024.0,,13.9375,20.86458333333333,16.0,223.0
2025,6591,"NTILIKINA, FRANK",OLY;PAR,True,27,0,0,6.142857142857143,7.6865403923155995,0.3442622950819672,21.0,19.91111111111111,1,8.496974098281289,2024.0,,3.0,16.534057971014494,23.0,69.0
2025,12731,"NDIAYE, MBAYE",ASV,False,26,-1,1,6.77012987012987,7.678995253367459,0.47368421052631576,36.0,18.019848484848488,2,8.496974098281289,2024.0,2023.0,10.25,23.65,32.0,328.0
2025,6240,"PLAVSIC, UROS",RED,False,27,0,0,4.4,7.677579278625031,0.2,10.0,11.43,1,8.496974098281289,2024.0,,0.5714285714285714,5.078571428571428,7.0,4.0
2025,11442,"SAMODUROV, ALEXANDROS",PAN,False,20,-7,49,2.16,7.670412259375034,0.13043478260869565,6.0,2.080666666666666,3,8.496974098281289,2024.0,2023.0,2.769230769230769,6.179487179487179,13.0,36.0
2025,4655,"BAKO, ISMAEL",PRS,False,30,3,9,7.074727668845316,7.637993581493227,0.6039603960396039,61.0,15.066299927378358,3,8.496974098281289,2022.0,2020.0,2.555555555555556,9.251851851851852,9.0,23.0
2025,6961,"BIBEROVIC, TARIK",ULK,False,24,-3,9,6.98875,7.61069808176548,0.5876288659793815,57.0,19.79075,4,8.496974098281289,2024.0,2023.0,7.888888888888889,23.86111111111111,36.0,284.0
2025,13370,"WASHINGTON, DUANE",PAR,False,25,-2,4,5.684210526315789,7.591168880190703,0.3220338983050847,19.0,14.553508771929824,1,8.496974098281289,2024.0,,11.043478260869565,21.930434782608696,23.0,254.0
2025,5713,"KURUCS, RODIONS",BAS,False,27,0,0,-0.04999999999999993,7.547310309583367,0.1111111111111111,5.0,3.7508333333333335,2,8.496974098281289,2017.0,2016.0,7.076923076923077,21.153846153846157,26.0,184.0
2025,8104,"ZAGARS, ARTURS",ULK,False,25,-2,4,5.818181818181818,7.54643490211696,0.3548387096774194,22.0,14.91439393939394,1,8.496974098281289,2024.0,,4.2,11.273333333333332,5.0,21.0
2025,11064,"MANNION, NICCOLO",MIL,False,24,-3,9,6.388888888888889,7.513201000564836,0.4666666666666667,35.0,18.73398148148148,3,8.496974098281289,2024.0,2023.0,3.1818181818181817,11.544696969696968,22.0,70.0
2025,9664,"WILLIS, DEREK",PRS,False,30,3,9,6.662181818181818,7.505764475698816,0.5402298850574713,47.0,16.488060606060607,2,8.496974098281289,2024.0,2023.0,7.964285714285714,16.220238095238095,28.0,223.0
2025,8099,"STRAZEL, MATTHEW",MCO,False,23,-4,16,6.634453781512605,7.481053925498371,0.5454545454545454,48.0,17.624523809523808,4,8.496974098281289,2024.0,2023.0,11.157894736842104,23.953508771929823,38.0,424.0
2025,5356,"LOPEZ-AROSTEGUI, XABI",PAM,False,28,1,1,6.752258064516129,7.479223078584946,0.5833333333333334,56.0,17.355806451612903,2,8.496974098281289,2023.0,2022.0,0.3,8.473333333333333,10.0,3.0
2025,6482,"KRAMER, DAVID",MAD,False,28,1,1,0.5,7.453890520244599,0.13043478260869565,6.0,2.9166666666666665,1,8.496974098281289,2020.0,,0.8571428571428571,11.336904761904762,14.0,12.0
2025,13384,"BROOKS, ARMONI",MIL,False,27,0,0,6.125,7.442763387934049,0.4444444444444444,32.0,15.011979166666666,1,8.496974098281289,2024.0,,10.526315789473683,22.54298245614035,38.0,400.0
2025,5504,"BIRUTIS, LAURYNAS",ZAL,False,28,1,1,6.81764705882353,7.439620036400477,0.6296296296296297,68.0,13.85921568627451,4,8.496974098281289,2024.0,2023.0,5.378378378378378,10.552702702702703,37.0,199.0
2025,4761,"MARINKOVIC, VANJA",PAR,False,28,1,1,6.592857142857143,7.411832177448174,0.5698924731182796,53.0,24.05764880952381,4,8.496974098281289,2024.0,2023.0,4.157894736842105,20.492105263157896,19.0,79.0
2025,4088,"OSMAN, CEDI",PAN,False,30,3,9,6.676666666666667,7.3905127182802435,0.6078431372549019,62.0,18.388659722222222,2,8.496974098281289,2024.0,2016.0,12.515151515151516,27.366666666666667,33.0,413.0
2025,12795,"ANDERSON, JUSTIN",DUB,False,32,5,25,6.502083333333333,7.3887014510879805,0.5555555555555556,50.0,18.844108796296297,2,8.496974098281289,2024.0,2023.0,6.333333333333333,23.48131313131313,33.0,209.0
2025,4508,"OBST, ANDREAS",MUN,False,29,2,4,6.575935828877005,7.37636844112879,0.5833333333333334,56.0,21.970882352941175,3,8.496974098281289,2024.0,2023.0,12.028571428571428,26.586666666666662,35.0,421.0
2025,9992,"BRIZUELA, DARIO",BAR,False,31,4,16,6.6382795698924735,7.374396214798935,0.6039603960396039,61.0,16.354344086021506,2,8.496974098281289,2024.0,2023.0,6.222222222222222,15.601388888888888,36.0,224.0
2025,KLT,"HEURTEL, THOMAS",ASV,False,36,9,81,4.083333333333334,7.29325388965912,0.2727272727272727,15.0,13.458055555555555,4,8.496974098281289,2020.0,2019.0,9.04,19.46933333333333,25.0,226.0
2025,6739,"PAJOLA, ALESSANDRO",VIR,False,26,-1,1,6.375,7.207146705208348,0.6078431372549019,62.0,20.994125000000004,3,8.496974098281289,2024.0,2023.0,6.875,19.084722222222226,24.0,165.0
2025,7993,"M'BAYE, AMATH",PRS,False,36,9,81,6.380606060606061,7.202496560674111,0.6116504854368932,63.0,19.952888888888886,2,8.496974098281289,2022.0,2017.0,6.176470588235294,17.30392156862745,34.0,210.0
2025,2676,"BUTKEVICIUS, ARNAS",ZAL,False,33,6,36,6.218181818181819,7.177673304539491,0.5789473684210527,55.0,21.563939393939393,3,8.496974098281289,2024.0,2023.0,7.735294117647059,17.905392156862746,34.0,263.0
2025,12710,"OSMANI, ERCAN",IST,False,27,0,0,6.140106951871657,7.122134929542337,0.5833333333333334,56.0,15.623342245989303,2,8.496974098281289,2024.0,2023.0,11.36111111111111,24.43472222222222,36.0,409.0
2025,13378,"RATHAN-MAYES, XAVIER",MUN,False,31,4,16,4.428571428571429,7.09637645788937,0.3442622950819672,21.0,12.80952380952381,1,8.496974098281289,2024.0,,4.8125,15.2265625,32.0,154.0
2025,2328,"GRIGONIS, MARIUS",PAN,False,31,4,16,5.555882352941177,7.06413453003867,0.48717948717948717,38.0,17.651862745098036,4,8.496974098281289,2024.0,2023.0,0.1333333333333333,5.386666666666667,15.0,2.0
2025,7736,"LAKIC, ARIJAN",PAR,False,25,-2,4,1.818181818181818,7.056450273161795,0.21568627450980393,11.0,11.451515151515151,1,8.496974098281289,2024.0,,2.72,13.14,25.0,68.0
2025,1844,"HACKETT, DANIEL",VIR,False,38,11,121,6.081290322580646,7.037996768402683,0.6039603960396039,61.0,18.93508960573477,4,8.496974098281289,2024.0,2023.0,4.5,14.66813725490196,34.0,153.0
2025,12611,"HERRERA, SEBASTIAN",PRS,False,28,1,1,2.4615384615384617,7.016584225117954,0.24528301886792453,13.0,11.816666666666666,1,8.496974098281289,2024.0,,5.0,16.421296296296294,36.0,180.0
2025,11816,"AKELE, NICOLA",VIR,False,30,3,9,3.3529411764705883,6.96278884089915,0.2982456140350877,17.0,9.719607843137254,1,8.496974098281289,2024.0,,3.185185185185185,9.9,27.0,86.0
2025,6661,"WILBEKIN, SCOTTIE",ULK,False,32,5,25,5.1529411764705895,6.936425401436296,0.4666666666666667,35.0,11.12823529411765,4,8.496974098281289,2024.0,2023.0,5.833333333333333,14.825,6.0,35.0
2025,3048,"DUNSTON, BRYANT",MIL,False,39,12,144,6.017647058823529,6.935916332696774,0.6296296296296297,68.0,17.20235294117647,4,8.496974098281289,2024.0,2023.0,4.705882352941177,10.948039215686276,17.0,80.0
2025,13385,"DIOP, OUSMANE",MIL,False,25,-2,4,3.4444444444444446,6.9289476539870964,0.3103448275862069,18.0,8.877777777777778,1,8.496974098281289,2024.0,,3.0,6.658333333333333,2.0,6.0
2025,11949,"HOMMES, DAULTON",PRS,False,29,2,4,5.119354838709677,6.873962246279344,0.4805194805194805,37.0,15.218387096774194,2,8.496974098281289,2024.0,2022.0,4.285714285714286,13.584920634920636,21.0,90.0
2025,11052,"MADAR, YAM",HTA,False,25,-2,4,4.831428571428571,6.83994666833417,0.4520547945205479,33.0,12.792333333333335,3,8.496974098281289,2024.0,2023.0,3.142857142857143,10.304761904761904,14.0,44.0
2025,11836,"MIKE, ISIAHA",MUN,False,28,1,1,3.9565217391304346,6.839348633829388,0.36507936507936506,23.0,15.357971014492753,1,8.496974098281289,2024.0,,9.16216216216216,22.383333333333333,37.0,339.0
2025,11247,"FELIZ, ANDRES",MAD,False,28,1,1,4.333333333333333,6.819089013899276,0.40298507462686567,27.0,13.803703703703704,1,8.496974098281289,2024.0,,6.090909090909091,15.703535353535354,33.0,201.0
2025,11983,"BRAZDEIKIS, IGNAS",ZAL,False,26,-1,1,5.484880636604775,6.753130515205412,0.5789473684210527,55.0,14.983872679045092,3,8.496974098281289,2024.0,2023.0,3.4444444444444446,15.33425925925926,36.0,124.0
2025,7990,"DIBARTOLOMEO, JOHN",TEL,False,34,7,49,5.493939393939394,6.732304220472134,0.5876288659793815,57.0,16.399116161616163,4,8.496974098281289,2024.0,2023.0,4.481481481481482,14.329629629629627,27.0,121.0
2025,4292,"TOLIOPOULOS, VASSILIS",PAN,False,29,2,4,0.72,6.702287767908683,0.23076923076923078,12.0,3.1959999999999997,2,8.496974098281289,2017.0,2016.0,2.75,9.258333333333333,8.0,22.0
2025,8161,"BEGARIN, JUHANN",MCO,False,23,-4,16,-0.5,6.697579278625032,0.2,10.0,4.261666666666667,1,8.496974098281289,2024.0,,4.5,12.789814814814816,18.0,81.0
2025,5683,"RADANOV, ALEKSA",MUN;PAR,True,27,0,0,1.5,6.682943776504658,0.25925925925925924,14.0,11.395238095238096,1,8.496974098281289,2020.0,,0.2,6.828333333333333,10.0,2.0
2025,7632,"NAKIC, MARIO",PAR,False,24,-3,9,1.7333333333333334,6.652344798750028,0.2727272727272727,15.0,6.753333333333332,2,8.496974098281289,2024.0,2019.0,3.0,6.216666666666667,1.0,3.0
2025,7947,"VILDOZA, LUCA",VIR,False,30,3,9,5.194444444444445,6.646105830746354,0.5604395604395604,51.0,16.88888888888889,4,8.496974098281289,2024.0,2023.0,9.903225806451612,21.278494623655916,31.0,307.0
2025,7960,"DAVIDOVAC, DEJAN",RED,False,30,3,9,5.3362007168458785,6.62631230110523,0.5918367346938775,58.0,15.48543608124253,4,8.496974098281289,2024.0,2023.0,3.4761904761904763,14.238095238095235,21.0,73.0
2025,13371,"HARRISON, SHAQUILLE",ASV,False,32,5,25,4.352941176470588,6.59295897204394,0.4594594594594595,34.0,16.351470588235294,1,8.496974098281289,2024.0,,8.89655172413793,18.9183908045977,29.0,258.0
2025,5942,"DANGUBIC, NEMANJA",DUB,False,32,5,25,4.986666666666666,6.582260953764222,0.5454545454545454,48.0,16.96862962962963,3,8.496974098281289,2018.0,2017.0,0.5714285714285714,7.669047619047618,14.0,8.0
2025,3733,"ABALDE, ALBERTO",MAD,False,30,3,9,5.181818181818182,6.5776733045394895,0.5789473684210527,55.0,16.46939393939394,4,8.496974098281289,2024.0,2023.0,4.111111111111111,15.84675925925926,36.0,148.0
2025,11244,"DA SILVA, OSCAR",MUN,False,27,0,0,5.2225,6.572798597229397,0.5876288659793815,57.0,15.344108333333335,3,8.496974098281289,2024.0,2023.0,7.742857142857143,15.914285714285716,35.0,271.0
2025,4161,"SEGEV, ITAY",HTA,False,30,3,9,1.704761904761905,6.556342042990036,0.2857142857142857,16.0,8.151428571428571,2,8.496974098281289,2017.0,2016.0,-2.0,2.9833333333333334,1.0,-2.0
2025,11221,"ANTETOKOUNMPO, KOSTAS",OLY,False,28,1,1,3.7333333333333334,6.535474959773307,0.4117647058823529,28.0,7.398888888888889,3,8.496974098281289,2024.0,2023.0,2.25,5.670833333333333,4.0,9.0
2025,7929,"BITIM, ONURALP",ULK,False,26,-1,1,1.5499999999999998,6.512124355915207,0.2857142857142857,16.0,8.645833333333332,2,8.496974098281289,2024.0,2017.0,2.5,10.982142857142858,28.0,70.0
2025,956,"ANDJUSIC, DANILO",DUB,False,34,7,49,4.954761904761905,6.494854162813811,0.5652173913043478,52.0,12.942579365079364,3,8.496974098281289,2023.0,2022.0,0.0,4.0,1.0,0.0
2025,3527,"ABASS, AWUDU",DUB,False,32,5,25,4.251231527093596,6.4858328803502765,0.47368421052631576,36.0,14.015484400656815,4,8.496974098281289,2023.0,2022.0,2.3548387096774195,16.37795698924731,31.0,73.0
2025,6509,"TONUT, STEFANO",MIL,False,32,5,25,5.01992337164751,6.468694507744917,0.5833333333333334,56.0,16.075197956577266,3,8.496974098281289,2024.0,2023.0,1.4,8.97,10.0,14.0
2025,TGB,"LLULL, SERGIO",MAD,False,38,11,121,5.148739495798319,6.461772673242621,0.6078431372549019,62.0,17.270112044817928,4,8.496974098281289,2024.0,2023.0,2.3529411764705883,11.603921568627452,34.0,80.0
2025,2968,"SANLI, SERTAC",DUB,False,34,7,49,4.97487684729064,6.427288084812558,0.5876288659793815,57.0,13.870804597701149,4,8.496974098281289,2024.0,2023.0,1.4285714285714286,7.84047619047619,7.0,10.0
2025,2969,"MAHMUTOGLU, MELIH",ULK,False,35,8,64,0.8666666666666667,6.415981162386392,0.2727272727272727,15.0,5.120370370370371,4,8.496974098281289,2024.0,2023.0,0.1428571428571428,5.969047619047619,7.0,1.0
2025,8072,"DIOP, KHALIFA",BAS,False,23,-4,16,4.533653846153846,6.398745729507937,0.5294117647058824,45.0,12.44681891025641,3,8.496974098281289,2024.0,2023.0,6.142857142857143,16.733333333333334,28.0,172.0
2025,12515,"TARPEY, TERRY",MCO,False,31,4,16,2.7578947368421054,6.289635882343141,0.38461538461538464,25.0,11.091228070175436,2,8.496974098281289,2024.0,2023.0,2.71875,6.980729166666666,32.0,87.0
2025,7630,"GARUBA, USMAN",MAD,False,23,-4,16,4.663865546218487,6.277805989192299,0.5789473684210527,55.0,14.311932773109245,3,8.496974098281289,2024.0,2020.0,5.6,11.531428571428572,35.0,196.0
2025,13373,"CAVALIERE, LEOPOLD",PRS,False,29,2,4,3.6176470588235294,6.255121134206102,0.4594594594594595,34.0,10.979901960784314,1,8.496974098281289,2024.0,,4.555555555555555,13.987962962962962,36.0,164.0
2025,12738,"REUVERS, NATHAN",PAM,False,27,0,0,3.0689655172413794,6.215637158423936,0.42028985507246375,29.0,14.870689655172416,1,8.496974098281289,2023.0,,11.421052631578949,19.0390350877193,38.0,434.0
2025,10316,"AJINCA, MELVIN",ASV,False,21,-6,36,2.703703703703704,6.162372595988829,0.40298507462686567,27.0,14.42777777777778,1,8.496974098281289,2024.0,,3.3870967741935485,17.719354838709677,31.0,105.0
2025,9849,"DORSEY, TYLER",OLY,False,29,2,4,4.322580645161291,6.157478866312939,0.5604395604395604,51.0,13.206983870967743,4,8.496974098281289,2024.0,2023.0,15.078947368421051,26.17982456140351,38.0,573.0
2025,13381,"RAYMAN, WILLIAM",TEL,False,28,1,1,3.272727272727273,6.135328273030843,0.4520547945205479,33.0,11.39090909090909,1,8.496974098281289,2024.0,,2.763157894736842,11.973245614035088,38.0,105.0
2025,10392,"LARENTZAKIS, GIANNOULIS",OLY,False,32,5,25,4.030414746543778,6.132325029714371,0.5294117647058824,45.0,9.829324116743472,4,8.496974098281289,2024.0,2023.0,0.0,2.9904761904761905,7.0,0.0
2025,6372,"YILMAZ, ERKAN",IST,False,28,1,1,1.9238095238095239,6.097247348870961,0.36507936507936506,23.0,4.881111111111111,2,8.496974098281289,2024.0,2023.0,1.6521739130434785,8.86159420289855,23.0,38.0
2025,3091,"BIRSEN, METECAN",ULK,False,30,3,9,2.1608695652173915,6.060010816333636,0.38461538461538464,25.0,5.586811594202898,3,8.496974098281289,2024.0,2022.0,2.6666666666666665,11.24236111111111,24.0,64.0
2025,11201,"HAZER, SEHMUS",IST,False,26,-1,1,1.245,6.000392851331993,0.3442622950819672,21.0,6.05775,2,8.496974098281289,2023.0,2022.0,3.9696969696969697,13.185858585858586,33.0,131.0
2025,10393,"PRADILLA, JAIME",PAM,False,24,-3,9,4.3311827956989255,5.981001133355307,0.6039603960396039,61.0,13.507770609318996,3,8.496974098281289,2023.0,2022.0,9.236842105263158,20.48991228070176,38.0,351.0
2025,7464,"PARRA, JOEL",BAR,False,25,-2,4,4.038461538461538,5.976945260122299,0.5652173913043478,52.0,13.430897435897435,2,8.496974098281289,2024.0,2023.0,7.0,19.03684210526316,38.0,266.0
2025,1557,"GIFFEY, NIELS",MUN,False,34,7,49,4.0583450210378675,5.947123351779748,0.574468085106383,54.0,15.876213183730716,4,8.496974098281289,2024.0,2023.0,3.6875,13.219270833333333,32.0,118.0
2025,11980,"SESTINA, NATHAN",PAM;MIL,True,28,1,1,2.25,5.924690646047817,0.4117647058823529,28.0,10.024404761904762,1,8.496974098281289,2023.0,,1.5384615384615383,8.4974358974359,13.0,20.0
2025,7513,"GIEDRAITIS, DOVYDAS",ZAL,False,25,-2,4,4.12,5.870789639312516,0.6,60.0,21.038555555555558,3,8.496974098281289,2024.0,2023.0,2.176470588235294,13.903921568627451,17.0,37.0
2025,8232,"POKUSEVSKI, ALEKSEJ",PAR,False,24,-3,9,2.0444444444444443,5.8400501231719995,0.4117647058823529,28.0,8.397407407407409,3,8.496974098281289,2024.0,2019.0,2.888888888888889,12.069135802469136,27.0,78.0
2025,4512,"KRATZER, LEON",MUN,False,28,1,1,0.3478260869565217,5.521888316369071,0.36507936507936506,23.0,9.76304347826087,1,8.496974098281289,2024.0,,-0.4444444444444444,6.442592592592592,9.0,-4.0
2025,4007,"DOBRIC, OGNJEN",RED,False,31,4,16,3.276068376068376,5.521619224331994,0.5698924731182796,53.0,12.389648622981955,4,8.496974098281289,2024.0,2023.0,4.48,12.500666666666666,25.0,112.0
2025,6643,"PUERTO, JOSEP",PAM,False,26,-1,1,3.246787878787879,5.389721029601516,0.5918367346938775,58.0,14.394492929292928,4,8.496974098281289,2023.0,2022.0,5.457142857142857,16.14190476190476,35.0,191.0
2025,4197,"OUATTARA, YAKUBA",PRS,False,33,6,36,3.06989247311828,5.354979473186916,0.5789473684210527,55.0,13.560564516129032,3,8.496974098281289,2024.0,2023.0,4.235294117647059,16.83872549019608,34.0,144.0
2025,229,"JACKSON, EDWIN",ASV,False,36,9,81,2.9346041055718475,5.3270213067371985,0.5698924731182796,53.0,15.187761485826005,4,8.496974098281289,2024.0,2023.0,4.285714285714286,15.724603174603171,21.0,90.0
2025,9513,"HOLLATZ, JUSTUS",MUN,False,24,-3,9,1.4924901185770751,5.278697675173947,0.4594594594594595,34.0,7.8881159420289855,2,8.496974098281289,2024.0,2023.0,4.6923076923076925,16.669871794871796,26.0,122.0
2025,5670,"FLACCADORI, DIEGO",MIL,False,29,2,4,1.7384615384615385,5.16049321431964,0.4936708860759494,39.0,10.775897435897436,4,8.496974098281289,2024.0,2023.0,0.8571428571428571,5.9,7.0,6.0
2025,3526,"LIGHTY, DAVID",ASV,False,37,10,100,2.989341692789969,5.149197538080683,0.6078431372549019,62.0,18.278328108672934,4,8.496974098281289,2024.0,2023.0,3.939393939393939,18.56919191919192,33.0,130.0
2025,7673,"TRIFUNOVIC, UROS",TEL,False,25,-2,4,2.407017543859649,5.144076669442408,0.550561797752809,49.0,11.890807017543858,2,8.496974098281289,2023.0,2022.0,1.0,3.1666666666666665,1.0,1.0
2025,1518,"RICCI, GIAMPAOLO",MIL,False,34,7,49,1.95,4.735946424800548,0.574468085106383,54.0,11.848106060606062,3,8.496974098281289,2024.0,2023.0,4.421052631578948,16.416666666666668,38.0,168.0
2025,11209,"KALAITZAKIS, PANAGIOTIS",PAN,False,26,-1,1,1.2753623188405796,4.484967554147561,0.5555555555555556,50.0,6.765346215780998,3,8.496974098281289,2024.0,2023.0,1.04,5.119333333333333,25.0,26.0
