Season,Player_ID,Team,minutes,poss,pts,fga,fta,pir,tm_poss,tm_min,games,usage,ts,ppm,usage_odd,ts_odd,ppm_odd,min_odd,usage_even,ts_even,ppm_even,min_even
2016,P000046   ,BAM,531.65,220.28,258,178,37,281,1707.36,4447.516666666666,22,21.58597784276772,66.39901173563928,0.5285432145208314,20.38307411433051,68.70928338762215,0.5932666060054596,274.75,22.869821789509366,64.03581840899625,0.45932269365511874,256.9
2016,P000357   ,GAL,688.8666666666667,261.12,250,209,23,323,2161.0,5400.0,27,18.944099031183384,57.046367287331144,0.4688860930997774,18.06388196931471,56.457633445315416,0.4459611069558713,356.53333333333336,19.909091855255635,57.60986066452305,0.49348044132397195,332.3333333333333
2016,P000399   ,ZAL,338.1166666666667,150.16,159,98,39,146,2409.36,5999.766666666666,30,22.11822854898691,69.0343869399097,0.4318036180805442,18.277110959026526,70.38288288288288,0.2748414376321353,141.9,24.772968382957743,68.4329482672024,0.5453155525354625,196.21666666666667
2016,P000436   ,DAR,449.01666666666665,163.24,186,121,46,164,2315.36,5625.0,28,17.664368695716714,65.84536958368733,0.36524256709105085,16.741041220967784,63.682678311499274,0.4086398131932283,256.95,18.865096121243482,68.87755102040816,0.30718500520652553,192.06666666666666
2016,P000464   ,PAN,445.45,159.44,148,112,51,146,2427.84,6125.1,30,18.060153582235493,55.04314192204701,0.3277584465147604,18.867062670630343,59.24170616113744,0.3741231488698363,256.6,16.924763371657257,47.961630695443645,0.2647603918453799,188.85
2016,P000494   ,GAL,872.4833333333333,386.16,315,300,39,326,2408.04,6000.0,30,22.056047864022755,49.65947786606129,0.37364610594280695,23.181837489745917,50.50195886385896,0.3622873830853625,422.31666666666666,20.9925939812611,48.764629388816644,0.3843021103295076,450.16666666666663
2016,P000497   ,DAR,30.166666666666668,10.0,3,6,0,-8,1504.68,3625.0,18,15.972265977663502,25.0,-0.26519337016574585,10.976667470246289,0.0,-0.3836317135549872,13.033333333333333,19.853263583461136,30.0,-0.17509727626459146,17.133333333333333
2016,P000529   ,GAL,845.2,347.88,326,276,52,331,2314.64,5800.0,29,20.627400848041813,54.53693790149893,0.3916232844297208,19.800043767012227,56.88448074679113,0.36707587039645806,414.0833333333333,21.483727893841827,52.546983184965384,0.41520083504078553,431.1166666666667
2016,P000556   ,BAR,574.5833333333334,170.84,163,122,36,227,2121.96,5425.0,27,15.202992578549875,59.12652350551364,0.39506889050036254,14.129924480287002,52.672955974842765,0.3649386084583902,293.2,16.30716149566906,64.65517241379311,0.42646449090801397,281.3833333333333
2016,P000622   ,TEL,484.5833333333333,173.76,143,126,29,153,2302.6,5625.0,28,17.519243826131277,51.52781781493226,0.31573516766981946,17.948569893129868,58.55986119144014,0.3609148772469749,238.28333333333333,17.096110636439708,44.54022988505748,0.27202598457166055,246.3
2016,P000659   ,DAR,157.98333333333332,39.36,42,23,19,51,733.8,1800.0,9,12.222741030070605,66.96428571428572,0.32281886274923516,10.567475648476783,71.16336633663366,0.327313769751693,88.6,14.354058910680303,62.5,0.31707902954600053,69.38333333333333
2016,P000880   ,MIL,207.76666666666665,117.08,97,83,32,85,785.08,1825.0,9,26.199064992725596,49.95879686856201,0.40911278678004176,25.038530465050638,49.559471365638764,0.4091490268504049,117.31666666666666,27.671254849596465,50.46948356807511,0.40906578220011053,90.45
2016,P000880   ,PAN,118.35000000000001,48.96,29,38,9,16,725.6,1825.0,9,20.809839817892943,34.55672068636797,0.13519222644697929,23.935972091471175,46.423658872077034,0.2630221763795771,64.63333333333334,16.891179645788434,7.763975155279502,-0.01861619609059882,53.71666666666667
2016,P000925   ,ULK,706.2166666666667,293.96,292,201,109,345,2273.48,5850.0,29,21.421259372304426,58.6439588688946,0.48851863214783,21.653929655114695,61.35887458844658,0.5153209572802505,372.5833333333333,21.18697743703386,55.49774540409296,0.4585872714556899,333.6333333333333
2016,P000956   ,UNK,121.05,48.84,40,36,11,20,733.04,1825.0,9,20.089820314743,48.97159647404505,0.16522098306484925,19.520697604788772,45.04504504504504,0.13055641902393533,53.61666666666667,20.53606390253425,51.99306759098787,0.19278299555116163,67.43333333333334
2016,P001098   ,ZAL,446.3333333333333,148.68,139,101,47,189,2409.36,5999.766666666666,30,16.590363080624847,57.11702827087442,0.4234503360716953,16.911922816743566,57.993730407523515,0.43566135189759714,222.65,16.276242028580608,56.15065653075328,0.41129573057149243,223.68333333333334
2016,P001108   ,CSK,174.85,86.4,67,67,10,46,1766.56,4224.266666666666,21,23.63203032179665,46.9187675070028,0.2630826422647984,23.517846043550644,43.386491557223266,0.24080267558528426,99.66666666666667,23.713828227429328,52.155771905424196,0.29261804477942804,75.18333333333334
2016,P001133   ,BAS,434.5833333333333,227.92,224,158,68,248,1777.8,4200.016666666666,21,24.780352339555485,59.59982971477224,0.5706615532118888,25.098699953488012,58.77742946708464,0.5299684542586751,237.75,24.373941177126987,60.57781919850885,0.619813717188823,196.83333333333334
2016,P001142   ,PAN,0.0,0.0,0,0,0,0,738.3199999999999,1875.0,9,,,,,,,0.0,,,,0.0
2016,P001215   ,BAR,139.36666666666667,69.68,69,45,22,86,731.48,1800.0,9,24.606467657312326,63.09436722750549,0.6170772542453958,21.344750247559556,67.24683544303797,0.6735132553140674,69.78333333333333,27.84913672271727,59.523809523809526,0.5604790419161677,69.58333333333333
2016,P001255   ,OLY,670.95,253.72,245,189,63,309,2473.64,6025.0,30,18.421080369817144,56.52454780361757,0.4605410239213056,17.586162119563514,51.08736407949006,0.42462239954402964,350.9,19.334785428805972,61.79571065067249,0.4999218872051242,320.05
2016,P001274   ,TEL,735.3666666666667,290.56,257,240,24,254,2380.44,5825.0,29,19.33751096320557,51.285121328224776,0.3454059199492317,20.491026078649046,51.45797598627788,0.38348868175765644,375.5,18.096716800587473,51.066522053506866,0.3056687662097073,359.8666666666667
2016,P001324   ,ULK,762.9833333333333,354.36,329,280,44,312,2255.08,5825.0,29,23.993500521309826,54.950561197220736,0.4089211210380305,23.05659818469901,47.91431792559189,0.2894990788665672,379.9666666666667,24.888107325182556,61.29319105691057,0.5273921935511945,383.01666666666665
2016,P001389   ,UNK,348.98333333333335,102.48,68,72,17,26,2086.32,5225.0,26,14.708547905668944,42.778057372924,0.07450212522087969,14.153546508809697,47.71880819366853,0.11820719093744869,203.03333333333333,15.511652822493804,36.96604600219058,0.013703323055841042,145.95
2016,P001392   ,BAM,734.85,278.56,287,215,49,319,2279.36,5872.516666666666,29,19.532659810853517,60.66114305038891,0.43410219772742736,18.104078956974593,54.8683160415004,0.33291151562347904,342.43333333333334,20.776980794946553,64.92077464788733,0.5224039074113399,392.4166666666667
2016,P001438   ,CSK,476.73333333333335,142.16,169,109,39,247,2431.2,5849.266666666666,29,14.348702314833286,66.97844007609385,0.5181093553349182,16.913287386158505,70.25450689289502,0.6087560806115359,239.83333333333331,11.66811770652537,62.10567823343849,0.4263402279442803,236.9
2016,P001633   ,BAS,227.61666666666667,74.64,62,49,6,67,2537.16,6000.016666666666,30,15.509656103803115,60.03098373353989,0.29435454345756756,15.828272957091839,62.5,0.3420389765345353,125.71666666666667,15.103094445255909,57.283142389525366,0.2355250245338567,101.9
2016,P001832   ,BAR,300.3,116.36,117,94,19,126,1180.88,3000.0,15,19.687649252041908,57.15123094958968,0.4195804195804196,21.015184093487314,60.471037555697,0.4671280276816609,173.4,17.973897685742212,51.872469635627525,0.35460992907801414,126.9
2016,P001833   ,DAR,673.85,274.44,253,242,26,260,2396.76,5825.0,29,19.79636967872049,49.91319444444444,0.3858425465608073,19.5967607532194,54.062403459993824,0.4560835662792408,339.85,19.987521764876412,45.579219102936435,0.3143712574850299,334.0
2016,P001844   ,OLY,160.35,59.68,55,48,22,61,914.96,2200.0,11,17.8982437620948,47.67683772538142,0.3804178359837855,18.547360823567395,44.642857142857146,0.299079754601227,86.93333333333334,17.077421063110513,52.26480836236934,0.4767309875141884,73.41666666666667
2016,P001887   ,UNK,951.7833333333333,626.88,609,470,202,611,2261.0,5625.0,28,32.77164780032597,54.483967935871746,0.6419528253979372,32.912151106723876,52.92415473652148,0.6339673006339673,449.54999999999995,32.65394276966204,55.86686470429382,0.6491006836131944,502.23333333333335
2016,P001926   ,ULK,625.3833333333333,261.16,245,171,64,260,1884.68,4850.0,24,21.492872843989684,61.50833500702952,0.4157450097273672,22.462487976534277,54.41234665611397,0.3681938738363929,320.48333333333335,20.518665394680795,68.82137030995106,0.465726467694326,304.9
2016,P001932   ,PAN,827.0666666666666,384.64,304,299,56,374,2427.84,6125.1,30,23.46589078219336,46.96576442961315,0.45220054812187654,23.747419086451043,50.46863734679164,0.4961089494163424,411.2,23.188880972507846,43.25699745547074,0.4087848669445335,415.8666666666667
2016,P001960   ,MAD,516.5333333333333,224.96,261,192,34,189,2506.68,6039.833333333333,30,20.987610933219894,63.055662930034785,0.3659008776458441,20.037874704538453,59.02929602098819,0.27640539457871544,249.63333333333333,21.832900779186904,66.24523727052303,0.44960659423004873,266.9
2016,P001972   ,BAR,521.3333333333334,125.4,128,101,10,144,1857.16,4800.0,24,12.433802204603689,60.72106261859582,0.27621483375959077,12.485529702377073,64.33166547533953,0.29343532509875225,265.81666666666666,12.382301787463334,56.63430420711974,0.25830017611375644,255.51666666666668
2016,P002026   ,UNK,523.2166666666667,127.16,159,112,14,139,2414.04,6025.0,30,12.131417092213587,67.2816519972918,0.2656643200713535,13.1666593149563,77.28706624605678,0.3764797205511353,257.65,11.141288266815927,55.697589481373264,0.15815237856156647,265.56666666666666
2016,P002081   ,MIL,48.43333333333333,8.32,8,7,3,0,1030.48,2425.0,12,8.085020735898246,48.07692307692307,0.0,9.684034251796241,75.18796992481202,0.11703511053315994,25.633333333333333,6.3039380701124,0.0,-0.13157894736842107,22.799999999999997
2016,P002100   ,CSK,629.9166666666666,415.36,463,290,119,522,1918.44,4624.266666666666,23,31.788220485479055,67.61888071036336,0.8286810424659347,30.65446405517854,65.64119900833897,0.8181955416897297,331.2166666666667,33.078899927122094,69.74769529354683,0.8403080013391363,298.7
2016,P002104   ,GAL,408.8833333333333,125.8,97,94,20,36,2320.4,5800.0,29,15.380709340534626,47.17898832684825,0.08804467452003424,14.922399078021197,45.50735863671572,0.08974258049279697,211.71666666666667,15.864316424033804,48.866301798279906,0.08622147083685545,197.16666666666666
2016,P002276   ,CSK,37.08333333333333,24.2,22,17,5,7,736.72,1799.2666666666667,9,31.875695612865293,57.29166666666667,0.18876404494382024,32.25665065102175,69.83240223463687,0.33007334963325186,27.266666666666666,29.907942792582105,20.491803278688526,-0.2037351443123939,9.816666666666666
2016,P002329   ,ZAL,734.6166666666667,230.12,232,159,73,279,2409.36,5999.766666666666,30,15.60113693190849,60.69485140226036,0.37978991310660887,14.711294033264537,64.30697278911565,0.38937750832550594,390.3666666666667,16.610956832769794,57.1929101401484,0.36891793754538854,344.25
2016,P002358   ,MAD,0.0,0.0,0,0,0,0,561.64,1400.0,7,,,,,,,0.0,,,,0.0
2016,P002429   ,PAN,809.9,311.08,329,269,32,222,2427.84,6125.1,30,19.380447825107744,58.110781404549954,0.2741079145573528,20.55426969234782,59.954448017148984,0.2971522905489063,403.83333333333337,18.204701977981927,56.05381165919282,0.2511902807420785,406.06666666666666
2016,P002506   ,BAM,124.10000000000001,54.0,74,50,0,58,2123.64,5472.516666666666,27,22.426328012273213,74.0,0.467365028203062,22.183682115227064,81.48148148148148,0.6160458452722063,69.8,22.748617104832626,65.21739130434783,0.27624309392265195,54.3
2016,P002507   ,BAR,632.7666666666667,296.92,256,200,93,377,2289.36,5825.0,29,23.878535844583546,53.12966959986717,0.5957962387399253,23.38494335949184,55.55555555555556,0.6313934707062797,340.51666666666665,24.467231994046287,50.38896746817539,0.5543199315654406,292.25
2016,P002543   ,ZAL,754.1166666666667,297.36,247,207,44,301,2409.36,5999.766666666666,30,19.638425676802147,54.559109383283264,0.3991424845846133,19.82858047358583,57.2289156626506,0.4787784679089027,386.4,19.453355498857814,51.74291938997821,0.3154602728550061,367.7166666666667
2016,P002553   ,RED,442.73333333333335,156.32,116,109,28,121,2239.8,5625.0,28,17.734363557397558,47.80745136828223,0.2733022135220599,16.731466993876783,39.39277478862414,0.19258545979778527,207.7,18.63940486558846,54.12817551963048,0.3446319670968657,235.03333333333333
2016,P002744   ,BAS,558.8166666666667,170.44,209,141,26,257,2537.16,6000.016666666666,30,14.42569586141044,68.55156127000787,0.45990038474156697,13.579664645799935,70.75471698113208,0.4141905276427157,277.65,15.266800708502203,66.68283220174588,0.5050385299347955,281.1666666666667
2016,P002753   ,TEL,0.06666666666666667,0.0,0,0,0,0,836.16,2025.0,10,0.0,,0.0,,,,0.0,0.0,,0.0,0.06666666666666667
2016,P002812   ,CSK,598.25,230.56,250,142,99,283,2519.96,6049.266666666666,30,18.50292269667049,67.36365596033627,0.4730463852904304,20.288365498481447,68.11989100817438,0.48081841432225064,293.25,16.745228703208753,66.42512077294687,0.46557377049180326,305.0
2016,P002821   ,ULK,457.2166666666667,218.72,232,157,63,262,1295.52,3425.0,17,25.293730893444096,62.797747942832395,0.5730324791309737,26.828808835677556,65.63706563706565,0.6129712628526233,252.86666666666667,23.56094987854589,59.171597633136095,0.5236114509420112,204.35
2016,P002849   ,BAM,874.7166666666667,338.12,346,255,73,507,2355.44,6072.516666666666,30,19.931047487804598,60.25355252159376,0.5796162566926433,19.388566552603244,62.37307803887438,0.5981436919903746,436.35,20.46936833242588,58.29536317341195,0.5611740552049274,438.3666666666667
2016,P002871   ,OLY,0.0,0.0,0,0,0,0,82.28,200.0,1,,,,,,,0.0,,,,
2016,P002946   ,MAD,337.65,80.48,69,58,17,81,2168.64,5239.833333333333,26,11.518109917326123,52.68784361637141,0.23989338071968017,12.753770788063958,38.75968992248062,0.17920735209649624,145.08333333333334,10.577369045737841,65.17960602549246,0.2856153712999827,192.56666666666666
2016,P002969   ,ULK,205.13333333333333,67.64,79,61,6,53,2262.28,5850.0,29,17.053238555787523,62.067881835323696,0.25836854078648036,12.99305131615612,65.9090909090909,0.19157088122605362,104.4,21.184287485291517,60.03842459173871,0.32759761747187294,100.73333333333333
2016,P002980   ,PAN,287.1,114.0,114,85,25,128,1069.12,2700.4333333333334,13,20.058971471154482,59.375,0.4458376872169975,18.19461944157003,55.21201413427562,0.35202086049543674,153.4,22.09727707249455,63.09148264984227,0.5534779356768886,133.7
2016,P003024   ,IST,761.1333333333333,322.28000000000003,281,248,62,303,2637.48,6100.0,30,19.585888084632597,51.03894216797443,0.3980905666987825,18.94822594527096,46.73264216148288,0.3329369797859691,378.45,20.174198739902078,54.74452554744525,0.4625234092591786,382.68333333333334
2016,P003034   ,UNK,618.3666666666667,273.0,327,216,75,409,2327.88,5825.0,29,22.094384755237563,65.66265060240964,0.6614198695488114,22.65432314518616,65.62693020382952,0.6790518898142217,312.2,21.52479366292627,65.70137261466354,0.6434403919433859,306.1666666666667
2016,P003048   ,IST,879.65,299.48,322,217,117,448,2637.48,6100.0,30,15.748114836317358,59.96722288438617,0.5092934689933496,15.5961276026982,63.374805598755835,0.5569136745607334,436.3333333333333,15.878799754409657,56.83442951100944,0.46242339937591637,443.31666666666666
2016,P003151   ,BAR,217.35,61.0,44,50,0,26,2276.36,5825.0,29,14.363331046640097,44.0,0.1196227283183805,11.116137538519832,52.77777777777778,0.07516442217350454,106.43333333333334,17.439254144679314,39.0625,0.1622839969947408,110.91666666666666
2016,P003210   ,ZAL,542.2333333333333,285.76,256,212,54,265,2409.36,5999.766666666666,30,26.246892095112376,54.29250084832033,0.488719493453003,28.577502742570097,58.949624866023576,0.49986670221274326,250.06666666666666,24.25431975488107,50.080775444264944,0.4791785510553337,292.1666666666667
2016,P003240   ,PAN,29.916666666666664,11.88,12,9,2,1,1211.96,3074.6666666666665,15,20.14851239838854,60.72874493927125,0.033426183844011144,16.588377153342957,75.0,-0.10968921389396709,9.116666666666667,21.788267019780502,57.10659898477157,0.09615384615384615,20.8
2016,P003269   ,RED,14.833333333333334,5.0,2,4,0,3,310.04,800.0,4,17.395363265921468,25.0,0.20224719101123595,17.36176418673156,25.0,0.20224719101123595,14.833333333333334,,,,0.0
2016,P003328   ,DAR,288.96666666666664,66.0,48,47,25,75,2484.08,6025.0,30,11.079436072929026,41.37931034482759,0.25954550697889034,11.787545853362149,37.764350453172206,0.23356040595022937,119.88333333333334,10.605331018023204,44.41624365482234,0.2779694430754066,169.08333333333334
2016,P003367   ,BAR,888.6666666666666,473.12,389,364,73,319,2358.64,6025.0,30,27.199304829090295,49.10128243966475,0.35896474118529637,27.761724615168117,45.94880677444188,0.33420635213397765,451.81666666666666,26.633333003347246,52.58126195028681,0.3845713631681355,436.85
2016,P003413   ,CSK,619.2,213.04,209,149,41,250,2438.2,5849.266666666666,29,16.507917724425134,62.559865900383144,0.40374677002583975,15.861734795966871,62.224669603524234,0.4468457943925233,342.40000000000003,17.291495202184535,62.95907660020987,0.3504335260115607,276.8
2016,P003443   ,TEL,515.2,249.28,221,175,37,211,1564.0,3825.0,19,23.66662165811504,57.768716018402344,0.40954968944099374,23.974386670274313,57.53800675675676,0.3543148570661656,248.36666666666667,23.35479663445641,57.995028997514495,0.46096189881324173,266.8333333333333
2016,P003452   ,BAS,421.78333333333336,166.12,142,138,23,97,2537.16,6000.016666666666,30,18.62803753339286,47.934107480421275,0.22997589599715493,19.154209079258774,51.36035535813436,0.2579412467160258,209.35,18.107160574485807,44.689800210304945,0.2024164443747058,212.43333333333334
2016,P003453   ,GAL,152.03333333333333,58.84,55,48,11,57,1238.92,3000.0,15,18.7431177282775,52.043906131718394,0.3749177811883359,17.763533764223475,54.26917510853835,0.3973509933774835,85.56666666666666,20.004146517765584,49.6031746031746,0.34603811434302906,66.46666666666667
2016,P003453   ,RED,135.15,52.8,56,41,20,57,1187.08,3025.0,15,19.911008562519054,56.22489959839358,0.42175360710321863,18.005208448350007,51.8018018018018,0.5494209534069485,61.88333333333333,21.582709710379667,59.78260869565217,0.31392174704276615,73.26666666666667
2016,P003469   ,BAR,551.8,175.52,226,142,33,293,2358.64,6025.0,30,16.250633716136257,72.19524661385125,0.5309894889452701,16.13218221053668,66.45758661887695,0.40397437573539025,254.96666666666667,16.33635484386154,76.4850379633765,0.6400898371701291,296.8333333333333
2016,P003472   ,GAL,461.6666666666667,212.04,217,167,41,209,2069.4,5200.0,26,23.08225164412224,58.63597060095115,0.4527075812274368,22.463110369701123,50.8177570093458,0.38700760193503797,217.05,23.693055463937657,65.36604987932422,0.5110036110921851,244.61666666666667
2016,P003479   ,RED,618.9166666666666,287.08,284,205,82,420,2404.2,6025.0,30,23.248086550031996,58.901609424257515,0.6786050895381716,24.563986690616783,55.66495001514693,0.6775527515639911,314.3666666666667,21.847243332153198,62.820983125458554,0.6796913478903299,304.55
2016,P003482   ,PAN,476.5,136.04,123,111,16,111,2427.84,6125.1,30,14.405450188101339,52.1009827177228,0.23294858342077648,13.0564506083569,54.723502304147466,0.1978293721665064,242.63333333333333,15.81757454254258,50.03032140691329,0.2693842645381984,233.86666666666667
2016,P003508   ,BAR,291.93333333333334,111.36,93,62,44,137,1318.72,3400.0,17,19.669886592818884,57.15339233038348,0.46928522493720026,19.796147929049695,52.18216318785579,0.4031890660592255,146.33333333333334,19.542313356746345,62.49999999999999,0.5357142857142857,145.6
2016,P003514   ,MIL,440.8833333333333,177.52,162,137,33,110,1960.32,4625.0,23,18.9993336545407,53.45828933474129,0.24949911163195101,19.43414727517828,55.043522785458265,0.2539404553415061,228.4,18.531698425716666,51.77111716621253,0.24472507647658642,212.48333333333332
2016,P003521   ,IST,222.15,55.32,47,48,3,62,2637.48,6100.0,30,11.518780684572386,47.64801297648013,0.2790907044789557,12.334551743697272,42.857142857142854,0.062467464862051014,96.05,10.858140182593575,51.20056497175141,0.4440919904837431,126.1
2016,P003527   ,MIL,369.53333333333336,107.0,105,81,25,85,2563.96,6025.0,30,13.608365320764007,57.06521739130435,0.23001984484935953,14.83909308428461,62.5,0.29158175262580344,212.63333333333333,12.004515123965636,47.96511627906977,0.14659018483110262,156.9
2016,P003537   ,OLY,705.5333333333333,206.24,165,164,21,134,2473.64,6025.0,30,14.239866402410039,47.62179635188178,0.18992724180289144,14.110885163156365,47.77070063694268,0.17359652806943862,357.15,14.371890779037264,47.48908296943232,0.20666889920107162,348.3833333333333
2016,P003540   ,BAS,414.53333333333336,119.84,120,83,36,129,2537.16,6000.016666666666,30,13.673413207568709,60.70416835289356,0.311193309745899,13.48656385673758,62.5638406537283,0.25536969217064237,168.38333333333333,13.81520816658948,59.483914209115284,0.34938045906967297,246.15
2016,P003608   ,OLY,557.95,228.88,258,180,52,295,2151.68,5200.0,26,19.82751189488119,63.58438485804417,0.5287212115780984,20.216062331306915,58.58585858585859,0.48522669383596534,261.73333333333335,19.47855779532481,68.34809395456296,0.56715242221347,296.21666666666664
2016,P003703   ,BAM,102.66666666666667,37.839999999999996,33,26,11,38,1275.56,3225.6,16,18.640659788641848,53.50194552529183,0.3701298701298701,17.32325228237678,56.014150943396224,0.4469560750064218,64.88333333333333,20.93235764880646,50.43227665706051,0.23820026466696076,37.78333333333333
2016,P003783   ,ULK,30.21666666666667,10.879999999999999,2,7,2,-6,1777.56,4625.0,23,18.73698915872296,12.690355329949238,-0.1985659128516271,11.760029541194205,0.0,-0.4419889502762431,9.05,21.469564520600553,17.006802721088437,-0.09448818897637795,21.166666666666668
2016,P003941   ,OLY,359.4166666666667,130.92000000000002,124,84,43,158,2473.64,6025.0,30,17.744278140308914,60.24096385542168,0.4396012056573151,17.4883794924301,58.752025931928685,0.4112327463112803,175.08333333333334,17.97539552191717,61.61314413741598,0.4665461121157323,184.33333333333334
2016,P004004   ,RED,544.1,259.24,225,174,71,187,2321.6,5825.0,29,23.90902230315783,54.81387643734165,0.34368682227531705,26.312487222596854,61.12469437652812,0.4384057971014493,276.0,21.34791826610864,46.84744268077601,0.24617679970160386,268.1
2016,P004007   ,RED,67.5,28.32,21,22,3,8,2404.2,6025.0,30,21.02838551054174,45.02572898799314,0.11851851851851852,23.292021069219516,44.64285714285714,0.15360983102918588,32.55,18.88632841930438,45.45454545454545,0.08583690987124463,34.95
2016,P004088   ,IST,555.0166666666667,218.8,221,181,45,197,2637.48,6100.0,30,18.235259519810562,55.02988047808765,0.3549442959670881,18.839446241678917,59.25076452599389,0.40899795501022496,293.4,17.634242559778464,50.43677204658902,0.2943237561317449,261.6166666666667
2016,P004094   ,IST,0.0,0.0,0,0,0,0,78.8,200.0,1,,,,,,,0.0,,,,
2016,P004119   ,GAL,587.6,255.44,300,189,76,430,2408.04,6000.0,30,21.66330268074381,67.43391476353175,0.731790333560245,22.205908088070842,66.43167028199566,0.6855144272806761,285.9166666666667,21.15006895206036,68.4257602862254,0.77564775426772,301.68333333333334
2016,P004132   ,BAM,592.2333333333333,250.20000000000002,287,194,55,320,2355.44,6072.516666666666,30,21.78317211069612,65.7653528872594,0.5403275735914899,21.456916455868125,65.29850746268657,0.542433110367893,318.93333333333334,22.167130891171023,66.26277925028398,0.5378704720087816,273.3
2016,P004159   ,MIL,748.35,351.44,303,238,101,313,2563.96,6025.0,30,22.071011072849846,53.63971108908087,0.4182534910135632,23.647306326163633,50.37153472420691,0.38895070388466935,344.51666666666665,20.720493685785772,56.850084222347,0.4432521667354519,403.8333333333333
2016,P004160   ,TEL,353.0833333333333,156.72,162,126,38,100,1962.2,4800.0,24,21.71576667315304,56.75448430493274,0.28321925890960586,22.905835426290263,54.49779249448123,0.22383776544863213,174.23333333333332,20.439097117074496,59.08314350797267,0.34106793402292424,178.85
2016,P004161   ,TEL,58.65,17.08,19,11,7,17,807.9200000000001,2000.0,10,14.41821449322635,67.4715909090909,0.2898550724637681,19.83610907495422,78.64238410596026,0.7094594594594594,29.6,8.683131852836198,0.0,-0.13769363166953527,29.05
2016,P004170   ,DAR,365.15,90.04,85,75,16,48,2312.16,5625.0,28,11.997722703246078,51.80399804973183,0.1314528276050938,11.30030734493187,62.5638406537283,0.21278635100162946,173.88333333333333,12.680153094739055,41.9776119402985,0.057511327988846284,191.26666666666668
2016,P004178   ,BAR,608.9833333333333,261.68,274,205,47,241,2126.2400000000002,5425.0,27,21.927169723893645,60.70542360864941,0.39574153644051563,23.1959955933463,61.706629055007056,0.43368517668655343,290.53333333333336,20.794499254169185,59.69351389878831,0.3611241953210865,318.45
2016,P004183   ,TEL,227.81666666666666,105.03999999999999,122,66,41,121,1330.24,3225.0,16,22.356248675579767,72.58448357924799,0.5311288316628868,21.656889740213096,69.81740064446831,0.421875,106.66666666666667,23.017083264236366,74.7863247863248,0.6273215022699133,121.15
2016,P004218   ,PAN,30.483333333333334,7.0,4,6,0,-1,2267.32,5725.1,28,11.596737814814583,33.333333333333336,-0.03280481137233461,9.443502134590933,50.0,0.14084507042253522,21.3,16.570151930212162,0.0,-0.4355716878402904,9.183333333333334
2016,P004222   ,IST,140.1,56.04,50,40,16,41,1517.48,3475.0,17,18.31984606057411,53.14625850340136,0.2926481084939329,18.37251766872387,56.35245901639344,0.27901785714285715,89.6,18.42932401954121,47.86036036036035,0.31683168316831684,50.5
2016,P004223   ,OLY,181.88333333333333,76.28,75,56,12,45,1232.04,3025.0,15,20.5943621801162,61.19451697127937,0.24741134426830386,20.068551492157063,60.84840055632823,0.2756183745583039,94.33333333333333,21.284885085789544,61.500615006150056,0.21701884637350086,87.55
2016,P004259   ,UNK,518.8833333333333,192.36,208,148,44,248,2414.04,6025.0,30,18.504937903327527,62.141491395793494,0.4779494427135194,21.054041589576123,57.51014884979702,0.4435564435564436,250.25,16.15991324513969,67.36146415861718,0.5099888323613352,268.6333333333333
2016,P004290   ,OLY,42.0,13.879999999999999,3,7,2,-7,1435.76,3625.0,18,16.687694189505077,19.03553299492386,-0.16666666666666666,18.195328748755564,25.510204081632654,-0.12072434607645875,33.13333333333333,11.319227689094774,0.0,-0.3383458646616541,8.866666666666667
2016,P004292   ,OLY,0.1,0.0,0,0,0,0,398.03999999999996,1000.0,5,0.0,,0.0,0.0,,0.0,0.05,0.0,,0.0,0.05
2016,P004300   ,GAL,79.23333333333333,32.519999999999996,34,25,8,31,1900.68,4800.0,24,20.73026424951346,59.60729312762973,0.3912494741270509,17.562096609127554,59.241706161137444,0.3875730544447862,54.18333333333334,27.56087285526804,60.13745704467354,0.3992015968063872,25.05
2016,P004418   ,MIL,619.1833333333334,257.88,261,166,102,301,2563.96,6025.0,30,19.5737575695812,61.88353566009105,0.48612419584937144,18.484568927602147,63.93475634313331,0.49813200498132004,321.2,20.73990310106715,60.05736823234134,0.47318082666815814,297.98333333333335
2016,P004425   ,IST,894.9166666666666,395.8,390,301,95,499,2637.48,6100.0,30,20.458031790972022,56.88448074679113,0.5575938169289506,20.273364121322498,57.41431569130334,0.5543525335643136,461.8,20.669393191022593,56.35365568792338,0.5610497556470543,433.1166666666667
2016,P004429   ,OLY,192.25,77.92,74,67,18,62,1992.24,4825.0,24,19.632167608761527,49.386011745862255,0.32249674902470743,19.564375842309257,65.17960602549246,0.4101457096600108,92.65,19.726980351311788,35.89108910891089,0.24096385542168677,99.6
2016,P004499   ,MIL,117.38333333333334,35.0,33,30,0,19,1352.08,3200.0,16,14.11364506953293,55.0,0.16186284253869088,11.955824934840754,72.72727272727273,0.13490725126475547,59.3,16.317374135632434,44.73684210526316,0.18938307030129126,58.08333333333333
2016,P004512   ,BAM,0.0,0.0,0,0,0,0,707.16,1826.4666666666667,9,,,,,,,0.0,,,,0.0
2016,P004554   ,DAR,350.18333333333334,128.48,132,88,42,194,1352.0,3225.0,16,17.50342663563943,61.98347107438016,0.5539955261529674,19.420672048767916,51.96523053665911,0.5106665192881619,150.78333333333333,16.09528131573769,71.88200149365197,0.5867602808425275,199.4
2016,P004588   ,BAR,48.13333333333333,15.76,11,8,4,12,1350.32,3425.0,17,16.60979016526133,56.352459016393446,0.24930747922437674,5.661273177510023,106.38297872340426,0.4710500490677134,16.983333333333334,22.40337396500485,44.41624365482234,0.12841091492776888,31.15
2016,P004664   ,ZAL,8.616666666666667,4.88,6,3,2,6,1287.84,3199.7666666666664,16,28.142775403939073,77.31958762886597,0.6963249516441006,49.73016432959991,53.19148936170213,1.0434782608695652,1.9166666666666665,21.98788028038945,100.0,0.5970149253731343,6.7
2016,P004862   ,TEL,526.15,205.32,189,137,53,181,2230.88,5425.0,27,18.97908229817918,58.94461077844311,0.3440083626342298,18.597525129207586,60.19467213114754,0.4463157894736842,237.5,19.367546641512803,57.75778210116732,0.2598302442404296,288.65
2016,P004863   ,RED,551.4333333333334,223.64000000000001,173,162,31,215,1848.2,4600.0,23,20.188094546940306,49.24846276474607,0.3898930061053013,18.863042263392984,51.08423686405337,0.4120879120879121,303.3333333333333,21.82088391234738,47.03963873557451,0.36275695284159615,248.1
2016,P004866   ,ULK,652.75,214.96,187,161,34,197,2192.84,5650.0,28,16.97001678056276,53.13707660832007,0.3018000765990042,16.013457834628767,46.73512374934176,0.27507733097657977,301.73333333333335,17.78033587234448,58.0,0.3247709035658326,351.01666666666665
2016,P004888   ,DAR,856.5333333333333,442.64,397,349,106,379,2484.08,6025.0,30,25.0684716438665,50.17187342028107,0.4424813200498132,25.53730711705757,46.75495349777598,0.4151759386671909,423.9166666666667,24.606525334992362,53.589484327603635,0.46923758523712294,432.6166666666667
2016,P004902   ,DAR,302.31666666666666,76.4,85,67,10,100,2075.2,5025.0,25,12.238758668337026,59.52380952380952,0.33077898450851756,11.812949651407857,54.179566563467496,0.22275737507525586,166.1,12.755246407050818,65.87009803921569,0.4624984705738407,136.21666666666667
2016,P004903   ,TEL,573.3833333333333,304.24,345,250,46,322,1816.52,4425.0,22,25.850820627410084,63.832149200710475,0.5615789320698776,25.23030709476086,66.996795805418,0.5777880290623918,289.03333333333336,26.584899450804468,60.56274450797473,0.5451028661860383,284.35
2016,P004941   ,CSK,216.83333333333334,49.88,52,41,2,34,2433.12,5849.266666666666,29,11.060335143404313,62.082139446036294,0.1568024596464258,11.732703441799057,62.0,0.11573436208321851,120.96666666666667,10.147653926833634,62.203791469194314,0.2086230876216968,95.86666666666667
2016,P004945   ,IST,329.3,162.12,172,125,48,121,1561.8000000000002,3650.0,18,23.01136101806892,58.85573501231864,0.36744609778317644,23.957530698122582,59.978189749182114,0.35506644518272423,160.53333333333333,22.134588553048374,57.72402418911489,0.3792218052538021,168.76666666666665
2016,P004997   ,GAL,551.95,151.24,189,121,21,211,2330.44,5800.0,29,13.639140220128184,72.5583538083538,0.3822810037141045,14.344147745927172,71.5894465894466,0.3396298416332761,262.05,13.01016183103051,73.44300822561692,0.4208347706105554,289.9
2016,P005000   ,DAR,3.2333333333333334,0.0,0,0,0,0,509.28,1225.0,6,0.0,,0.0,0.0,,0.0,2.25,0.0,,0.0,0.9833333333333333
2016,P005001   ,MIL,547.8833333333333,292.8,301,243,45,250,2127.28,5025.0,25,25.247849210671465,57.26788432267884,0.45630152404709035,24.941561374425977,53.742653881843495,0.4430611497619919,273.1,25.533547820107657,60.6832484267306,0.4694607872869533,274.78333333333336
2016,P005014   ,RED,783.8333333333334,292.24,282,239,46,283,2404.2,6025.0,30,18.68669016972796,54.38975466748958,0.3610461407612162,18.733198821867102,56.43100511073254,0.45912607150324064,398.5833333333333,18.630960898134617,51.96012166272389,0.25957170668397145,385.25
2016,P005094   ,IST,434.98333333333335,237.08,235,208,32,143,2637.48,6100.0,30,25.211167462793494,52.90886167146974,0.32874822790145214,24.4958246418876,61.585835257890686,0.4467434751939807,212.65,25.82779162474416,45.27758970886933,0.21589205397301348,222.33333333333334
2016,P005099   ,BAS,840.7666666666667,322.12,317,255,73,406,2537.16,6000.016666666666,30,18.12077641572037,55.20339927556422,0.4828925980256116,17.424778741250634,55.597579425113466,0.47449774333985706,417.2833333333333,18.811584572665467,54.86702814355796,0.49116454799480497,423.48333333333335
2016,P005154   ,TEL,619.0333333333333,233.88,240,160,77,310,2459.48,6025.0,30,18.510698259158172,61.893955023726015,0.5007807872489365,19.400557176868627,63.2335087009308,0.5328185328185328,302.1666666666667,17.64378120879056,60.50084175084176,0.47022932884494,316.8666666666667
2016,P005159   ,OLY,600.3666666666667,282.76,291,233,54,242,2385.96,5825.0,29,22.9966284386,56.66770525003895,0.4030870023874299,23.735294611066646,57.5973669775096,0.462182701752572,322.3833333333333,22.159951090171432,55.44536602957086,0.3345524312009113,277.98333333333335
2016,P005160   ,MAD,562.5166666666667,205.68,240,158,47,313,2506.68,6039.833333333333,30,17.62027667234478,67.15916722632639,0.5564279576901425,16.72292106063902,63.372093023255815,0.4937580473604657,297.7166666666667,18.628240873120212,70.67328441950798,0.6268882175226586,264.8
2016,P005161   ,OLY,464.2,147.16,128,126,14,102,2401.84,5825.0,29,15.376818746012948,48.426150121065376,0.2197328737613098,15.373624062994036,43.07542262678803,0.12952435777505936,231.61666666666667,15.364343326477272,53.08607021517554,0.3095664636331064,232.58333333333334
2016,P005193   ,GAL,164.26666666666665,90.48,98,76,17,76,742.32,1800.0,9,26.712497008326302,58.69669381887877,0.4626623376623377,25.326414209419486,55.235350624399615,0.44187898089171973,83.73333333333333,28.343348587737836,62.141491395793494,0.48427152317880795,80.53333333333333
2016,P005348   ,ULK,1.15,0.0,0,0,0,-1,391.76,1000.0,5,0.0,,-0.8695652173913044,0.0,,-0.8695652173913044,1.15,,,,
2016,P005460   ,BAM,15.483333333333334,7.88,7,5,2,5,468.6,1225.0,6,26.608816220544718,59.523809523809526,0.3229278794402583,32.189405087239855,64.43298969072166,0.31690140845070425,9.466666666666667,17.541423340325537,50.0,0.3324099722991689,6.0166666666666675
2016,P005618   ,RED,16.833333333333332,5.0,2,5,0,-3,888.64,2200.0,11,14.707088281748593,20.0,-0.17821782178217824,14.461037145584081,20.0,-0.17821782178217824,16.833333333333332,,,,0.0
2016,P005681   ,BAR,0.0,0.0,0,0,0,0,618.6800000000001,1600.0,8,,,,,,,0.0,,,,0.0
2016,P005713   ,BAR,3.3333333333333335,2.0,2,2,0,1,311.88,825.0,4,31.742978068487876,50.0,0.3,,,,0.0,33.01398239254272,50.0,0.3,3.3333333333333335
2016,P005717   ,UNK,0.0,0.0,0,0,0,0,484.88,1200.0,6,,,,,,,0.0,,,,0.0
2016,P005757   ,MAD,582.5833333333334,276.92,292,212,68,365,2424.2,5839.833333333333,29,22.90120151770086,60.350529100529094,0.6265198111858102,19.38157215273296,56.20676402767102,0.5499477897667943,287.3,26.201672263323903,63.479396401625074,0.7010216176553592,295.28333333333336
2016,P005763   ,IST,13.933333333333334,5.0,2,5,0,3,1157.3600000000001,2650.0,13,16.433208989407667,20.0,0.21531100478468898,,,,0.0,16.216841514249378,20.0,0.21531100478468898,13.933333333333334
2016,P005800   ,IST,735.5166666666667,317.88,269,234,77,408,2637.48,6100.0,30,19.99131405288163,50.20904882783336,0.5547121071355736,18.7393964449781,48.9961759082218,0.6005434782608695,368.0,21.17877226504164,51.278449002528795,0.5088204616570677,367.51666666666665
2016,P005813   ,GAL,114.86666666666666,28.88,22,23,2,31,1366.64,3400.0,17,12.510018597874316,46.06365159128978,0.2698781195589089,12.372817243987305,35.714285714285715,0.22010271460014671,68.15,12.698281774881488,60.72874493927125,0.34249018908312523,46.71666666666667
2016,P005815   ,UNK,251.41666666666666,123.12,114,93,23,69,1269.72,3200.0,16,24.68348952382957,55.27540729247478,0.2744448127278754,22.459888582859797,58.42259006815969,0.27409776153494747,109.45,26.271112465848248,53.191489361702125,0.27471237379666585,141.96666666666667
2016,P005836   ,MAD,261.78333333333336,109.72,119,91,13,77,1835.44,4439.833333333333,22,20.276840109153447,61.51778329197684,0.2941363723180747,17.95029626043839,70.04669779853235,0.3320029027576198,183.73333333333332,25.831336221918047,47.60609357997824,0.20499679692504802,78.05000000000001
2016,P005838   ,DAR,987.0333333333333,497.0,485,345,150,525,2484.08,6025.0,30,24.425644833135408,59.00243309002433,0.5318969301948601,24.57171632379683,58.898066453914026,0.5225285810356423,495.66666666666663,24.274586544427066,59.114793856103475,0.5413472627365851,491.3666666666667
2016,P005846   ,ZAL,15.850000000000001,7.4399999999999995,5,5,1,4,1348.28,3400.0,17,23.674046119654818,45.955882352941174,0.25236593059936907,18.931066779811346,0.0,-0.5607476635514019,5.35,25.978987583572106,72.67441860465117,0.6666666666666666,10.5
2016,P005881   ,PAN,332.98333333333335,105.04,114,90,16,113,1775.28,4450.1,22,15.814851639916116,58.73866446826051,0.33935632414034733,16.581258770626498,58.09450038729667,0.35917736796369604,172.61666666666667,14.965502647722237,59.47136563876652,0.31802120141342755,160.36666666666667
2016,P005918   ,PAN,622.4,222.24,211,191,21,180,2427.84,6125.1,30,18.01672132822244,52.68677586895725,0.2892030848329049,17.34452795737209,57.477438762354964,0.3182935001116819,298.4666666666667,18.650833482757406,48.525569242254576,0.2623996707141387,323.93333333333334
2016,P005927   ,MAD,596.2833333333333,252.56,283,185,49,397,2506.68,6039.833333333333,30,20.4111724799842,68.50309837335399,0.6657908712301199,21.24003784788707,71.54427645788337,0.7158812312721329,305.9166666666667,19.570317562301323,64.96227996647109,0.6130180231890713,290.3666666666667
2016,P005929   ,MAD,567.7,243.4,240,166,60,403,2416.64,5839.833333333333,29,20.721451248639074,62.37006237006237,0.7098819799189713,21.29141309413648,67.58109731678014,0.8744354110207768,276.75,20.19825071462432,56.74448767833982,0.5533596837944664,290.95
2016,P005938   ,DAR,668.1,309.68,288,258,47,239,2484.08,6025.0,30,22.48501363432827,51.672168795751396,0.35773087861098635,23.535567179952878,53.22128851540616,0.3679230321932653,315.28333333333336,21.55462680915068,50.04415660877245,0.34862298644243944,352.81666666666666
2016,P005942   ,RED,467.0333333333333,157.36,124,122,19,58,2003.12,5025.0,25,16.90462585739026,47.56060141147591,0.12418813789165656,14.479773100462754,44.64285714285714,0.09159606136936112,218.35,19.074250393128622,49.467275494672755,0.15280477179813684,248.68333333333334
2016,P005945   ,BAR,320.05,85.08,67,58,7,75,1326.56,3400.0,17,13.626730430172843,54.84610347085789,0.23433838462740195,13.814026771372395,55.693069306930695,0.24805888877684784,165.28333333333333,13.424962619005123,53.89429763560501,0.21968554813698044,154.76666666666665
2016,P005984   ,OLY,238.43333333333334,79.96,68,48,34,103,2253.84,5425.0,27,16.14404914843093,54.00254129606099,0.431986579057738,15.109864402040188,49.93342210386152,0.3596643133075796,125.11666666666666,17.288718265325027,57.71567436208991,0.5118399764671275,113.31666666666666
2016,P005985   ,PAN,481.25,269.64,284,214,56,289,1775.28,4450.1,22,28.089659935846228,59.50385517934965,0.6005194805194806,26.32313716240992,57.67844268204758,0.5636743215031316,239.5,29.882965025664628,61.09022556390977,0.6370217166494312,241.75
2016,P006013   ,TEL,0.0,0.0,0,0,0,0,228.04000000000002,600.0,3,,,,,,,,,,,0.0
2016,P006195   ,TEL,189.26666666666665,66.96,64,49,9,50,1867.16,4625.0,23,17.526754735325156,60.42296072507553,0.2641775272983445,18.556759123710556,54.41952506596306,0.22802379378717777,100.86666666666667,16.260112351448427,68.46289752650176,0.30542986425339363,88.4
2016,P006302   ,PAN,0.0,0.0,0,0,0,0,148.48000000000002,400.0,2,,,,,,,0.0,,,,0.0
2016,P006338   ,BAM,245.41666666666666,72.84,59,52,11,35,1177.28,3046.05,15,15.35865345966254,51.90007037297677,0.14261460101867574,16.344544749088882,58.56760374832664,0.17701601573475698,118.63333333333333,14.407609662915588,44.510385756676556,0.11042460891284343,126.78333333333333
2016,P006360   ,UNK,45.13333333333333,19.64,11,11,6,-3,1602.36,4025.0,20,21.86149506287679,40.32258064516129,-0.06646971935007386,23.643783948190183,45.81151832460733,-0.10948905109489052,27.4,19.450606026454107,33.333333333333336,0.0,17.733333333333334
2016,P006385   ,MIL,334.4,126.36,139,106,19,146,2563.96,6025.0,30,17.759026277459114,60.772997551591466,0.43660287081339716,15.591385939136401,65.65656565656566,0.45678691928367504,192.65,20.707508741324865,55.49490538573508,0.4091710758377425,141.75
2016,P006399   ,ULK,56.06666666666666,20.639999999999997,28,15,6,36,1952.28,5050.0,25,19.04514242525834,79.36507936507937,0.6420927467300833,14.611756478705702,68.02721088435375,0.24473147518694766,24.516666666666666,22.451851410377145,85.03401360544218,0.9508716323296355,31.55
2016,P006420   ,BAM,346.7833333333333,88.72,83,67,13,64,2355.44,6072.516666666666,30,13.191372418664784,57.06820682068207,0.18455327534002983,13.933696717214737,60.21194605009634,0.2002595957722974,179.76666666666668,12.395394201764514,52.88461538461539,0.16764793932741243,167.01666666666668
2016,P006421   ,BAM,814.1666666666666,346.76,366,278,54,301,2355.44,6072.516666666666,30,21.960505956185276,60.64422057264051,0.36970317297850563,21.531317645978366,59.27835051546392,0.35470560228535153,420.06666666666666,22.418353048848576,62.090611353711786,0.38568891144379597,394.1
2016,P006433   ,ZAL,625.0333333333333,288.76,260,231,29,216,2409.36,5999.766666666666,30,23.008934860548404,53.331145388907125,0.3455815689829876,22.51815875920334,56.0740013097577,0.3804156393096161,331.21666666666664,23.58141013444663,50.57565789473684,0.3063134607748596,293.81666666666666
2016,P006435   ,BAS,103.8,61.64,32,44,6,8,1012.88,2400.0,12,28.14158265813775,34.305317324185246,0.07707129094412332,30.902372693539768,44.742729306487696,0.056285178236397754,35.53333333333333,26.57285978939158,27.816411682892905,0.087890625,68.26666666666667
2016,P006450   ,CSK,541.8,250.35999999999999,246,179,69,234,2277.68,5449.266666666666,27,22.11063883521292,58.75047764615972,0.43189368770764125,22.80582149147893,54.347826086956516,0.43494704992435707,264.4,21.427944153334952,63.66208569118835,0.42898341744772883,277.40000000000003
2016,P006476   ,BAR,78.66666666666667,27.92,21,13,18,30,801.12,2025.0,10,17.94246529435062,50.19120458891013,0.3813559322033898,19.653126299185026,7.267441860465117,0.11583011583011583,25.9,16.97324247402702,71.22507122507123,0.5116866708780796,52.766666666666666
2016,P006503   ,ULK,822.0333333333333,292.12,308,217,98,511,2039.28,5250.0,26,18.297185986498516,59.20344456404736,0.6216292932160091,17.919363799214516,58.26100932176149,0.606009166525208,392.73333333333335,18.625746135407322,60.06780660377358,0.6359189378057303,429.3
2016,P006533   ,UNK,672.2166666666667,328.52,282,229,83,378,2101.32,5225.0,26,24.303937211719344,53.103344380837605,0.5623186968487343,25.370698506802963,50.17974835230677,0.5178418210265987,330.2166666666667,23.272361804905525,56.06060606060606,0.6052631578947368,342.0
2016,P006536   ,TEL,774.2166666666667,321.16,302,239,64,309,2459.48,6025.0,30,20.323695742229564,56.52043719119628,0.3991130820399113,18.777915148447175,53.68098159509202,0.3992065459955368,403.3,22.030613946734654,59.22784439894706,0.3990114580993035,370.9166666666667
2016,P006546   ,MAD,357.8833333333333,100.24,108,80,21,93,2167.32,5239.833333333333,26,13.543284902935902,60.51098162259077,0.2598612210683184,14.415289858145531,60.24096385542168,0.25869502730669736,173.95,12.723827361313967,60.804490177736206,0.26096411743385284,183.93333333333334
2016,P006555   ,RED,406.2,217.08,192,170,32,183,2170.12,5425.0,27,26.719349611009267,52.15123859191655,0.45051698670605617,27.291000517440395,50.304164716892835,0.3982300884955752,188.33333333333334,26.241678870834072,53.75253549695741,0.49571603427172584,217.86666666666667
2016,P006590   ,BAS,549.0833333333334,313.04,314,254,41,219,2277.68,5400.0,27,27.032898921694883,57.71210116159388,0.39884656245257244,28.40830207692056,58.17136600054749,0.4288453716078796,286.81666666666666,25.559381618568732,57.17916137229987,0.3660396542958821,262.26666666666665
2016,P006594   ,UNK,8.366666666666667,3.0,3,2,0,0,972.36,2400.0,12,17.700394276282502,75.0,0.0,,,,0.0,17.926494203169327,75.0,0.0,8.366666666666667
2016,P006599   ,ZAL,694.3666666666667,283.2,323,230,55,285,2409.36,5999.766666666666,30,20.31267151288411,63.53265145554682,0.41044596994863425,21.679969447707304,65.30672145582624,0.4213323211235529,351.26666666666665,18.9474514533556,61.48236092265943,0.3993004954823666,343.1
2016,P006614   ,PAN,846.2833333333333,323.59999999999997,368,230,115,481,2427.84,6125.1,30,19.293714233597555,65.57377049180327,0.5683675679933828,18.83727888150882,59.59657701711492,0.5054181149049275,407.5833333333333,19.73059389498092,70.79882447234839,0.6268520629131525,438.7
2016,P006641   ,DAR,0.08333333333333333,0.0,0,0,0,0,504.0,1200.0,6,0.0,,0.0,,,,0.0,0.0,,0.0,0.08333333333333333
2016,P006648   ,IST,0.0,0.0,0,0,0,0,157.0,400.0,2,,,,,,,0.0,,,,0.0
2016,P006657   ,TEL,78.31666666666666,36.760000000000005,28,30,4,18,482.64,1200.0,6,23.34045067514921,44.08060453400503,0.2298361353479464,25.399531973659087,39.14988814317674,0.09626955475330927,41.55,19.535103017877862,50.43227665706051,0.38077969174977333,36.766666666666666
2016,P006661   ,DAR,672.1666666666666,303.84,304,230,61,291,2245.16,5425.0,27,21.844917947130725,59.18081295748326,0.43292834118522194,21.805403240105335,63.598519888991675,0.42425416505230534,344.1333333333333,21.894863085918637,54.672750157331656,0.44202824916167055,328.03333333333336
2016,P006668   ,UNK,222.08333333333331,69.52,51,49,8,69,1099.84,2800.0,14,15.938678578388478,48.55293221629855,0.3106941838649156,15.927320843064214,44.435857805255026,0.24023194808780893,120.71666666666667,16.021006441475823,52.55255255255255,0.39460703715882933,101.36666666666666
2016,P006702   ,MIL,0.0,0.0,0,0,0,0,256.44,600.0,3,,,,,,,0.0,,,,0.0
2016,P006705   ,MIL,0.0,0.0,0,0,0,0,176.48000000000002,400.0,2,,,,,,,0.0,,,,0.0
2016,P006781   ,TEL,0.0,0.0,0,0,0,0,169.16,400.0,2,,,,,,,0.0,,,,
2016,P006919   ,BAM,8.1,2.0,2,2,0,1,85.24,200.0,1,11.586747078691394,50.0,0.1234567901234568,11.586747078691394,50.0,0.1234567901234568,8.1,,,,
2016,P007032   ,BAM,282.9166666666667,149.28,139,118,12,105,2270.2,5872.516666666666,29,27.298150775709715,56.37573004542505,0.37113402061855666,33.78189743642841,64.44099378881987,0.46173219532671056,119.11666666666666,22.598950586576713,47.55434782608695,0.3052503052503052,163.8
2016,P007050   ,UNK,306.05,105.24,86,77,21,104,1123.12,2825.0,14,17.29859147131141,49.860853432282006,0.3398137559222349,16.999048094292974,49.86702127659575,0.31612223393045313,126.53333333333333,17.312560356459837,49.85754985754986,0.35651285860180115,179.51666666666665
2016,P007051   ,UNK,0.0,0.0,0,0,0,0,558.52,1400.0,7,,,,,,,0.0,,,,0.0
2016,P007121   ,IST,182.68333333333334,81.84,80,68,11,56,918.6800000000001,2050.0,10,19.993383127496283,54.91488193300384,0.3065413739622297,21.078116902103226,57.91083916083916,0.41735974595493724,110.21666666666667,18.415589907015963,49.852289512555394,0.13799448022079117,72.46666666666667
2016,P007122   ,IST,0.0,0.0,0,0,0,0,2637.48,6100.0,30,,,,,,,0.0,,,,0.0
2016,P007148   ,CSK,36.75,18.04,24,10,16,42,421.8,1000.0,5,23.27569244862478,70.42253521126761,1.1428571428571428,15.899222006181677,102.45901639344262,0.7699901283316881,16.883333333333333,29.789773048965852,57.56578947368421,1.4597315436241611,19.866666666666667
2016,P007182   ,OLY,546.05,204.76,220,138,79,335,2473.64,6025.0,30,18.266833123283885,63.67214633016902,0.6134969325153374,17.89015514941614,63.338301043219076,0.6090587857372309,259.4166666666667,18.587630608520502,63.963573287077196,0.617513664379579,286.6333333333333
2016,P007199   ,BAS,5.316666666666666,1.0,0,1,0,0,342.0,800.0166666666667,4,8.799611358595024,0.0,0.0,8.34277109313244,0.0,0.0,5.316666666666666,,,,0.0
2016,P007200   ,BAS,873.4166666666666,449.24,393,314,121,446,2537.16,6000.016666666666,30,24.32716720966585,53.507243219692846,0.5106382978723405,23.450524644778778,54.82216888500982,0.5212139288643651,447.0333333333333,25.248281935712715,52.19660722053066,0.4995504827424462,426.3833333333333
2016,P007201   ,BAS,698.2,273.68,301,212,72,447,2537.16,6000.016666666666,30,18.539491291145726,61.76132632961261,0.6402177026639931,18.658589390361012,62.76307877330127,0.6504712597902562,376.65,18.38942725019489,60.55676066522054,0.6282071217540041,321.55
2016,P007230   ,BAS,64.03333333333333,17.52,17,10,8,17,2037.24,4800.016666666666,24,12.893135235757155,62.8698224852071,0.26548672566371684,13.307039742398237,51.54639175257732,0.1838879159369527,38.06666666666667,12.28156738875474,78.125,0.3851091142490372,25.96666666666667
2016,P007355   ,GAL,12.983333333333334,2.0,0,2,0,-1,1119.44,2800.0,14,7.70603530263206,0.0,-0.07702182284980744,12.273598977200086,0.0,-0.24291497975708504,4.116666666666666,5.600246037475912,0.0,0.0,8.866666666666667
2016,P007356   ,GAL,65.2,60.68,49,45,22,24,674.8000000000001,1600.0,8,44.133958346213,44.80614484272129,0.36809815950920244,46.43597848180524,37.674919268030145,0.12325390304026296,40.56666666666666,38.98756172947385,59.93150684931507,0.7713125845737483,24.633333333333333
2016,P007394   ,BAS,59.61666666666667,24.0,19,21,0,5,424.56,1000.0166666666667,5,18.964513719253702,45.23809523809524,0.08386916410399776,18.453339500849467,55.55555555555556,0.2830188679245283,24.733333333333334,19.864118537498992,37.5,-0.05733397037744864,34.88333333333333
2016,P007395   ,RED,0.0,0.0,0,0,0,0,1291.4,3225.0,16,,,,,,,0.0,,,,0.0
2016,P007400   ,ULK,543.1166666666667,192.8,176,151,20,154,2342.44,6050.0,30,18.337105941753418,55.068836045056315,0.2835486543713751,18.613655740873938,42.54331683168317,0.12407137933675423,217.61666666666667,18.099164653146318,63.5771332492644,0.3901689708141321,325.5
2016,P007423   ,ULK,16.183333333333334,6.0,0,3,0,-6,638.8,1625.0,8,18.862607347582074,0.0,-0.3707518022657055,23.736195918561112,0.0,-0.3448275862068966,8.7,13.4085367141988,0.0,-0.40089086859688194,7.483333333333333
2016,P007427   ,BAS,479.7166666666667,167.12,163,135,23,183,2195.16,5200.0,26,16.504819476457314,56.160418963616316,0.3814751763193551,16.77884972788663,61.34526558891455,0.42669827394621823,224.98333333333335,16.25559541750658,51.42405063291139,0.34153362993980635,254.73333333333332
2016,P007434   ,BAR,89.41666666666667,39.28,36,23,12,28,855.44,2200.0,11,22.595196672985235,63.64922206506365,0.3131407269338304,22.865709503911148,72.63922518159806,0.503693754197448,49.63333333333333,22.499022160319253,51.02040816326531,0.07540846250523671,39.78333333333333
2016,P007595   ,GAL,223.2,93.16,86,65,14,56,1250.16,3200.0,16,21.367300827787947,60.42720629567173,0.2508960573476703,21.8147934378026,58.19838056680162,0.2835203780271707,112.86666666666666,20.897005359421822,63.21112515802781,0.21752265861027192,110.33333333333333
2016,P007615   ,ULK,61.06666666666666,20.0,12,18,0,7,929.48,2425.0,12,17.089425782138974,33.333333333333336,0.1146288209606987,13.899412653291698,37.5,0.15526802218114602,45.083333333333336,26.103167962895032,25.0,0.0,15.983333333333334
2016,P007616   ,IST,90.53333333333333,35.96,36,29,9,37,1041.2,2425.0,12,18.502003183140335,54.61165048543689,0.40868924889543445,15.57523864954483,44.41624365482234,0.22913256955810146,30.55,19.797165879410944,57.81499202551834,0.5001389274798556,59.983333333333334
2016,P007759   ,BAR,33.833333333333336,18.0,5,9,0,-5,630.48,1625.0,8,27.424566035542234,27.77777777777778,-0.14778325123152708,16.531950405067224,0.0,0.0,12.683333333333334,33.79255890207859,31.25,-0.2364066193853428,21.15
2016,P007764   ,GAL,0.0,0.0,0,0,0,0,82.96000000000001,200.0,1,,,,,,,,,,,0.0
2016,P007765   ,TEL,119.91666666666666,51.6,55,41,15,91,483.56,1200.0,6,21.356546544331763,57.773109243697476,0.7588603196664351,23.59149677417143,55.732484076433124,0.880093131548312,71.58333333333333,17.85858492633911,61.7283950617284,0.5793103448275863,48.33333333333333
2016,P007768   ,TEL,21.583333333333336,8.0,11,6,0,7,562.6,1400.0,7,18.447170953392067,91.66666666666667,0.3243243243243243,18.851251840942563,100.0,0.384,10.416666666666666,18.014028424635683,83.33333333333333,0.26865671641791045,11.166666666666668
2016,PAAX      ,MAD,357.0833333333333,153.16,156,103,64,207,2348.88,5639.833333333333,28,20.59734356575295,59.46935041171089,0.5796966161026839,22.49134458464181,63.405797101449274,0.7215104517869183,148.3,19.24186816613137,56.076093128904034,0.47896543466113195,208.78333333333333
2016,PABN      ,BAM,723.8,270.2,232,183,80,293,2355.44,6072.516666666666,30,19.24834663433984,53.16223648029331,0.4048079579994474,19.671245147805312,50.47401685393258,0.39215686274509803,367.2,18.814406046449765,56.09896432681243,0.41783510936623663,356.6
2016,PADI      ,BAR,246.88333333333333,129.04,91,94,16,55,1352.76,3425.0,17,26.466858796252396,45.031670625494854,0.2227772902180517,27.028820719387042,47.600913937547595,0.21542553191489364,125.33333333333333,25.916624058697014,42.250618301731244,0.23035787741670094,121.55
2016,PAMM      ,OLY,625.8,310.16,324,263,64,383,2146.2,5225.0,26,24.13216739083153,55.63951092182992,0.6120166187280282,24.750379046715178,52.931596091205215,0.5710320214137008,336.23333333333335,23.4520411005977,58.92639902676399,0.6596063082767354,289.56666666666666
2016,PAPR      ,MAD,87.4,44.88,32,37,2,2,2021.2,4800.0,24,24.389525944892604,42.23864836325237,0.02288329519450801,28.6387330909852,45.833333333333336,0.045627376425855515,21.916666666666664,22.753143892184102,40.57187017001546,0.015271061338763044,65.48333333333333
2016,PAQU      ,PAN,544.1333333333333,283.08,243,181,107,310,2427.84,6125.1,30,26.2498588415546,53.27078218169064,0.5697133055623622,26.66414355085605,55.9593023255814,0.7498744629805277,298.7166666666667,25.71691779900291,49.182139699381075,0.3504244482173175,245.41666666666666
2016,PARN      ,DAR,22.416666666666668,11.2,6,6,5,2,959.56,2400.0,12,24.992867703769434,36.58536585365854,0.08921933085501858,23.33858267716535,29.069767441860467,-0.047999999999999994,20.833333333333336,42.19964909743446,75.75757575757575,1.8947368421052633,1.5833333333333333
2016,PATS      ,UNK,322.3833333333333,99.84,111,83,11,96,2247.84,5625.0,28,15.499551026360066,63.18306010928961,0.2977821434110531,14.34535311242284,60.97560975609756,0.2652073247737318,158.36666666666667,16.591541322949173,65.11528608027326,0.3292348338583478,164.01666666666665
2016,PBAE      ,ULK,398.3,127.39999999999999,123,101,35,124,2189.6,5650.0,28,16.507175958180323,52.83505154639175,0.31132312327391415,18.508427161261935,64.37464629315222,0.4155883696148577,218.96666666666667,14.135019376942575,34.99562554680665,0.18401486988847582,179.33333333333334
2016,PBCQ      ,CSK,377.7,140.8,106,111,20,187,2361.92,5650.0,28,17.83482818392127,44.24040066777963,0.4951019327508605,18.983890392297713,38.67676102699144,0.3990393497136523,180.43333333333334,16.77423130113293,49.96612466124661,0.582967218654951,197.26666666666665
2016,PBEZ      ,PAN,273.28333333333336,51.2,43,43,5,62,2427.84,6125.1,30,9.45322362081829,47.56637168141592,0.22687076904311762,9.974896444482178,64.28571428571429,0.21517241379310345,120.83333333333333,9.04617251000778,33.057851239669425,0.23614299770416533,152.45
2016,PBMT      ,MAD,641.3166666666667,231.56,192,187,24,241,2180.24,5239.833333333333,26,17.35538211764214,48.59283255719781,0.3757893916162062,18.7404252022236,49.105576990529634,0.3850267379679144,358.4166666666667,15.664024102363864,47.89272030651341,0.3640862495581478,282.9
2016,PBVE      ,ZAL,125.2,40.519999999999996,39,28,8,32,2101.56,5199.766666666666,26,16.015376963947528,61.86548223350254,0.25559105431309903,16.619396547257523,64.31767337807607,0.25395411004678103,74.81666666666666,15.186893956509556,58.651026392961874,0.25802183261660605,50.38333333333333
2016,PBWI      ,ZAL,708.3833333333333,359.24,390,256,121,503,2409.36,5999.766666666666,30,25.256840033083655,63.05781916957702,0.7100675246453192,24.39935385139702,65.19493932352181,0.7314734487009726,365.01666666666665,26.165983195541205,60.912389839294974,0.6873119114649063,343.3666666666667
2016,PBWZ      ,BAS,242.51666666666665,143.84,132,107,36,93,1262.4,3000.0166666666664,15,28.1899795823248,53.72842722240313,0.3834787987079926,26.176268370577045,50.53191489361702,0.29073792053163505,120.38333333333333,30.175740162982628,56.441902468392534,0.47489082969432317,122.13333333333333
2016,PCBX      ,BAS,26.21666666666667,5.0,0,2,0,5,343.92,800.0,4,8.872685393652214,0.0,0.19071837253655435,30.788177339901484,0.0,-0.4597701149425288,4.35,4.44212795697651,,0.3201219512195122,21.866666666666667
2016,PCCD      ,ULK,700.3666666666667,256.8,269,207,45,260,2182.96,5650.0,28,18.980262607724338,59.30335097001763,0.37123411546332874,19.08269694794813,64.67013888888889,0.44552334713694125,350.15000000000003,18.881456006938187,53.763440860215056,0.2969590253652501,350.21666666666664
2016,PCHX      ,RED,471.7833333333333,256.32,223,195,78,225,2404.2,6025.0,30,27.23054628258604,48.622012907727196,0.47691383756667965,27.987278142684623,50.83022704168079,0.49885678653086674,240.55,26.41157771608451,46.27965492451474,0.4540867810292634,231.23333333333332
2016,PCPR      ,MIL,579.6,235.12,230,175,48,266,1803.2,4225.0,21,19.009644995814508,58.637568835406896,0.45893719806763283,18.94518640004576,57.70859805167302,0.46076913918323603,279.9666666666667,19.07084720530151,59.50039339103068,0.45722549783068195,299.6333333333333
2016,PJAN      ,UNK,202.01666666666665,91.64,64,62,6,62,834.28,2025.0,10,22.02120452052534,49.504950495049506,0.3069053708439898,23.480843368713195,58.249370277078086,0.27636124362559633,101.31666666666666,20.570494239447253,41.05839416058394,0.33763654419066536,100.7
2016,PJBX      ,MIL,504.76666666666665,217.2,188,161,30,197,2303.6,5425.0,27,20.26710985875156,53.96096440872561,0.3902793369873869,20.504238822419303,46.529175050301816,0.2752096323371318,232.55,20.034440815667914,60.20278833967046,0.4885813996204005,272.21666666666664
2016,PJCC      ,MAD,431.05,125.92,159,109,18,182,2094.36,5039.833333333333,25,14.059241827848574,67.99521040027369,0.42222479990720335,14.31638400051373,59.294871794871796,0.31689355054675294,224.05,13.787109667550002,77.95304475421864,0.5362318840579711,207.0
2016,PJDR      ,CSK,697.1166666666667,388.28000000000003,386,269,87,418,2049.92,4850.0,24,26.355689146441108,62.809164280135384,0.599612690367466,22.164191961797293,65.26583890480738,0.6364266297105698,312.68333333333334,29.924143159327564,61.109887689936144,0.5696696436313188,384.43333333333334
2016,PJDU      ,MIL,451.81666666666666,258.48,234,174,67,225,2475.92,5825.0,29,26.91869583270378,57.49950855120897,0.49798959755062894,27.390087286594344,58.400188768286924,0.42426307718521045,195.63333333333333,26.51883810315661,56.85646900269542,0.5542905471342138,256.18333333333334
2016,PJEA      ,MIL,628.7666666666667,235.16,234,187,39,281,2389.32,5600.0,28,17.531442262605516,57.307993730407524,0.4469066426337274,18.052123693377997,61.40029325513196,0.5133428396822164,327.26666666666665,16.985180139259825,52.609427609427605,0.3747927031509121,301.5
2016,PJLX      ,CSK,590.85,181.12,189,120,73,247,2519.96,6049.266666666666,30,14.717303563258842,62.12200894031028,0.41804180418041803,13.472202640654844,46.1514392991239,0.2813203300825206,266.6,15.811220496246653,73.69614512471655,0.5304548959136469,324.25
2016,PJPF      ,DAR,50.35,17.44,19,15,1,19,2135.68,5200.0,26,16.867245434193194,61.52849740932643,0.3773584905660377,16.997098759513513,58.333333333333336,0.27235587834770764,36.71666666666667,16.090532195560364,72.67441860465117,0.6601466992665037,13.633333333333333
2016,PJUG      ,BAR,19.85,8.0,9,7,0,7,154.56,400.0,2,20.860386647266505,64.28571428571429,0.3526448362720403,32.0728695596395,90.0,1.0968921389396709,9.116666666666667,10.283410801694707,0.0,-0.27950310559006214,10.733333333333333
2016,PJUO      ,OLY,679.7166666666667,401.32,308,252,103,289,2168.8,5225.0,26,28.448519529364294,51.79604466568008,0.425177157148812,29.077885044193895,45.78754578754579,0.32856504246759055,298.26666666666665,27.95673452757155,56.531152273273996,0.5007209332809018,381.45
2016,PJUP      ,UNK,438.3333333333333,113.16,89,85,14,89,1524.04,3800.0,19,12.873767671537019,48.81526985519965,0.20304182509505705,12.90915304734562,57.619943555973656,0.21963245181532945,223.1,12.83353354441843,41.118421052631575,0.18584481957565432,215.23333333333335
2016,PJYB      ,DAR,147.45,54.32,40,33,28,28,829.0,2000.0,10,17.77544349641534,44.1306266548985,0.18989487962021026,14.734211510529747,59.78260869565218,0.16857575102658312,77.11666666666666,21.078867140418524,33.43239227340267,0.2132701421800948,70.33333333333333
2016,PKIW      ,MIL,426.23333333333335,144.6,127,101,40,136,2475.92,5825.0,29,15.96284144312443,53.541315345699836,0.3190740595917729,17.394944270844917,53.32114564290067,0.3770364623739333,214.83333333333331,14.54661235068845,53.814199395770395,0.26017029328287605,211.4
2016,PKJP      ,TEL,381.18333333333334,145.52,108,98,33,135,2369.0,5800.0,29,18.693116432818577,47.99146818343406,0.3541602903239911,16.35182227601195,49.5049504950495,0.37037037037037035,180.9,20.943626593047753,46.845721424109925,0.3395190147291337,200.28333333333333
2016,PKLT      ,IST,788.3333333333334,425.88,395,315,77,402,2637.48,6100.0,30,24.98895014816661,56.609722540701675,0.5099365750528541,26.13393588571649,57.61016187050359,0.5192211682476285,400.6,23.871367976827035,55.56855404773046,0.500343878954608,387.73333333333335
2016,PKNO      ,ZAL,376.56666666666666,102.0,74,73,25,46,2409.36,5999.766666666666,30,13.490279826883528,44.04761904761905,0.12215632468797026,13.354281286153562,37.4251497005988,0.09168704156479218,163.6,13.55959946084729,48.41897233201581,0.14556268586633275,212.96666666666667
2016,PKPD      ,ZAL,630.3333333333334,211.24,220,183,21,139,2409.36,5999.766666666666,30,16.69046918322965,57.220141489804405,0.22051824431517714,17.363502120667196,63.0460683081811,0.2633248730964467,315.2,16.031535929214325,50.80856643356643,0.17770255976306326,315.1333333333333
2016,PKRH      ,BAR,457.75,171.68,140,139,22,144,1733.3600000000001,4425.0,22,19.14898910390246,47.080979284369114,0.3145821955215729,20.202310106172558,42.28486646884273,0.2125906394199077,202.26666666666668,18.322061974407312,51.05807086614173,0.39532911474982063,255.48333333333332
2016,PLEM      ,BAM,474.3833333333333,175.04,170,129,41,165,2280.48,5872.516666666666,29,19.003599456964366,57.80739934711644,0.34781997681200155,21.284027151210193,64.91002570694087,0.4869538834951457,219.73333333333332,17.036045024769987,49.82668977469671,0.22776359709405067,254.64999999999998
2016,PLHI      ,CSK,584.2666666666667,197.0,234,171,25,219,2519.96,6049.266666666666,30,16.188037230152,64.28571428571429,0.37482884527612964,19.196656415468937,55.02846299810246,0.3184637404580153,279.46666666666664,13.366600094243278,77.02349869451697,0.42650918635170604,304.8
2016,PLHK      ,GAL,480.4666666666667,200.44,215,155,51,292,2408.04,6000.0,30,20.789243228192355,60.58385933273219,0.607742472596087,21.217051295424294,65.78947368421053,0.6313890559230307,221.73333333333332,20.444515385764152,56.17977528089887,0.5874774542643648,258.73333333333335
2016,PLIM      ,ULK,11.816666666666666,5.0,4,5,0,-1,1501.24,3825.0,19,21.56186522855258,40.0,-0.08462623413258111,,,,0.0,21.277812919095187,40.0,-0.08462623413258111,11.816666666666666
2016,PLKX      ,TEL,367.18333333333334,93.6,75,74,15,91,2459.48,6025.0,30,12.489258086062486,46.52605459057072,0.24783259951885978,11.57570103377188,49.115913555992144,0.2736362041747062,190.03333333333333,13.486774739462826,43.88164493480441,0.22015241320914478,177.15
2016,PLLH      ,CSK,391.9166666666667,160.92,180,119,43,159,2519.96,6049.266666666666,30,19.713120172548322,65.25522041763341,0.40569849032532423,19.025980903858546,63.27479338842976,0.4848199576370911,212.45,20.49640694303715,67.79100529100529,0.31203566121842496,179.46666666666667
2016,PLLM      ,BAM,201.25,63.72,54,43,13,29,1955.04,5046.05,25,16.344279324684752,55.41871921182266,0.14409937888198757,14.386641784634088,59.523809523809526,0.2947920078611202,101.76666666666667,18.35955449387726,51.58730158730159,-0.010051934997487017,99.48333333333333
2016,PLOO      ,CSK,76.0,21.84,22,17,11,18,1324.1200000000001,3249.266666666667,16,14.103504691099708,50.366300366300365,0.23684210526315788,14.059551333887617,42.29323308270676,-0.08163265306122448,36.75,14.155145842723106,58.03571428571429,0.535031847133758,39.25
2016,PLQV      ,IST,71.75,24.0,21,21,0,12,1480.1200000000001,3450.0,17,15.593424433709629,50.0,0.1672473867595819,14.461005753039785,30.0,-0.1629696695337257,36.81666666666666,16.797357621655586,68.18181818181819,0.515267175572519,34.93333333333334
2016,PLRU      ,RED,800.7,335.56,378,279,74,350,2404.2,6025.0,30,21.004715874026168,60.66247271793555,0.4371175221681029,20.22450094024002,59.94965553789083,0.38216560509554137,413.43333333333334,21.84319912679881,61.33250311332503,0.4957824066104321,387.26666666666665
2016,PLSK      ,UNK,474.71666666666664,89.64,76,63,6,82,2340.52,5825.0,29,9.398984581529147,57.8915295551493,0.17273461362918233,8.668928594668413,50.56890012642225,0.10484454085321764,276.6,10.42961832047738,64.70588235294117,0.26751913855472365,198.11666666666667
2016,PLUO      ,RED,703.95,128.24,131,105,21,120,2404.2,6025.0,30,9.130575462209784,57.33543417366947,0.17046665246111228,9.012438388624961,50.3875968992248,0.1271249076127125,338.25,9.252548991163927,63.05874840357599,0.21055509980858628,365.7
2016,PTFH      ,GAL,291.1,101.36,92,82,19,143,1538.44,3800.0,19,17.201147720911788,50.90748118636565,0.4912401236688423,17.09966080364822,54.173354735152486,0.552012545739676,159.41666666666666,17.26231022764387,46.89042448173741,0.4176686495380331,131.68333333333334
2016,PTGB      ,MAD,740.0500000000001,457.2,434,346,105,451,2259.08,5439.833333333333,27,29.752888698179685,55.32891381947986,0.6094182825484764,30.94366627590328,58.870484933147075,0.6429349800217944,367.06666666666666,28.63099549841416,51.627033792240304,0.5764332633272264,372.98333333333335
2017,P000046   ,OLY,614.5333333333333,215.44,227,165,51,210,2428.92,6126.0,30,17.683762473862764,60.552710200597524,0.34172271642438706,18.289000471260255,62.089490968801314,0.31736250192574333,324.55,17.04090272885869,58.888888888888886,0.36898672337490657,289.98333333333335
2017,P000129   ,OLY,72.5,32.96,17,25,9,0,598.2,1475.0,7,22.419442234750232,29.350828729281766,0.0,23.941322096382194,19.40993788819876,-0.17472335468841002,28.616666666666667,21.426880319506875,37.3134328358209,0.1139384732244588,43.88333333333333
2017,P000229   ,BAR,131.01666666666665,44.76,41,35,4,48,728.3199999999999,1800.0,9,16.886661454547813,55.767138193688794,0.36636560234066917,17.680658596005053,67.90744466800805,0.3423680456490728,70.1,15.975888837118898,41.46919431279621,0.39398084815321477,60.916666666666664
2017,P000399   ,ZAL,379.53333333333336,149.8,161,105,45,146,2318.36,5875.0,29,20.00409370104557,64.50320512820512,0.38468294396627434,19.93617963274048,66.59178433889602,0.4520396912899669,181.4,20.022775415713443,62.419974391805376,0.3230148048452221,198.13333333333333
2017,P000436   ,MIL,515.9166666666666,181.32,199,156,28,148,2234.04,5650.0,28,17.77680265014841,59.11359315589354,0.28686803424325635,17.478371936847378,67.98358132375577,0.36210526315789476,237.5,18.062173991782156,51.46082337317397,0.2226878180185573,278.4166666666667
2017,P000464   ,PAN,516.1,262.12,253,196,73,193,2250.32,5675.066666666667,28,25.616688278353273,55.453270208662104,0.37395853516760313,27.078155565259156,60.03430531732419,0.4258223010782039,244.23333333333335,24.296284884876872,50.6635581061693,0.32736635605689063,271.8666666666667
2017,P000494   ,ULK,68.45,30.88,23,21,2,13,1859.64,4875.0,24,23.652637497688588,52.55941499085923,0.18991964937910882,26.833958859733333,53.5264483627204,0.06376195536663125,47.05,16.984706646617163,50.0,0.46728971962616817,21.400000000000002
2017,P000518   ,PAM,440.2,195.76,188,151,29,177,1565.2,4049.8,20,23.012703957602152,57.40107474352712,0.4020899591094957,22.88173263000901,63.60745115856428,0.4591946212717259,233.01666666666668,23.21639571035129,50.18489170628632,0.3378650148821495,207.18333333333334
2017,P000529   ,MIL,799.1,303.0,316,239,50,326,2318.2,5875.0,29,19.21889716302681,60.53639846743295,0.4079589538230509,18.01740410571839,60.48982000590144,0.41623785020011433,437.25,20.674745453069526,60.58673469387755,0.39795495371010087,361.85
2017,P000556   ,BAR,383.95,108.4,111,93,10,130,2030.04,5000.0,25,13.907530303873456,56.98151950718685,0.3385857533533012,13.111713012131144,61.162079510703364,0.3379416282642089,227.85,15.084243760186983,52.12954747116238,0.33952594490711085,156.1
2017,P000577   ,RED,36.06666666666667,9.0,0,6,0,-2,907.04,2200.0,11,12.104942761961556,0.0,-0.055452865064695,11.368687678275231,0.0,0.0495049504950495,20.200000000000003,12.634824102190459,0.0,-0.18907563025210083,15.866666666666667
2017,P000848   ,MAL,601.95,407.68,404,312,97,400,2008.6399999999999,4850.0,24,32.706089045766674,56.952746137363256,0.6645070188553867,30.039483254263455,53.763440860215056,0.6241375650143296,314.03333333333336,35.68612015628178,60.05338078291815,0.7085383502170767,287.9166666666667
2017,P000925   ,ULK,755.4833333333333,315.24,360,224,121,462,2173.7200000000003,5700.0,28,21.88354523547644,64.92569614774203,0.6115290432173663,18.907231337190648,64.71631205673759,0.5393942188004242,361.51666666666665,24.599776359237644,65.06932619800536,0.6777223115322786,393.96666666666664
2017,P001133   ,BAS,742.8333333333334,362.44,402,263,126,541,2339.52,5800.0,29,24.19223346896883,63.12021102876523,0.7282925734799192,24.496754410936987,62.75100401606425,0.7713498622589532,363.0,23.91374720253287,63.49006789036962,0.6871434839842037,379.8333333333333
2017,P001255   ,OLY,613.1,207.32,206,136,78,288,2001.64,5076.0,25,17.15045008713471,60.47440112728981,0.4697439243190344,16.390834510607846,64.4218276310091,0.5064897043036987,341.56666666666666,18.113712588303322,55.79784504874294,0.4235207463785908,271.5333333333333
2017,P001324   ,ULK,186.35,94.64,106,84,6,88,1623.28,4225.0,21,26.4367829619154,61.172668513388736,0.4722296753420982,29.736263302632477,58.9622641509434,0.46997389033942555,89.36666666666667,23.447268322986385,63.75,0.4743083003952569,96.98333333333333
2017,P001351   ,PAM,446.8833333333333,171.76,201,124,54,202,2253.56,5849.8,29,19.953990540241335,68.01570113697889,0.4520195427591094,17.92919844912998,62.74768824306473,0.3921252218815556,206.56666666666666,21.638344446370173,71.6743119266055,0.5035023233233927,240.31666666666666
2017,P001386   ,MAL,333.45,163.0,150,100,75,185,1897.52,4625.0,23,23.829353136748274,56.390977443609025,0.5548058179637128,25.768701129473136,59.36319481921208,0.703305149884704,173.46666666666667,21.663512759110922,52.649456521739125,0.393791019897906,159.98333333333335
2017,P001392   ,MAD,565.3333333333334,200.48,217,151,42,219,2472.68,6025.0,30,17.281665359806684,64.01935331602549,0.38738207547169806,18.192980261080695,66.02506714413607,0.37410407318920813,286.01666666666665,16.31620453295603,61.78232651023465,0.4009785786741452,279.31666666666666
2017,P001438   ,MAL,672.0166666666667,223.16,266,190,39,417,2423.48,5875.0,29,16.10032842767358,64.20158331724271,0.6205203243967163,16.1081044610724,62.43358129649309,0.6254071661237784,358.1666666666667,16.08354618422605,66.32003395585738,0.6149434443205353,313.85
2017,P001612   ,KHI,254.33333333333331,80.16,70,54,14,66,2240.32,5576.716666666666,28,15.691083917425761,58.17819148936171,0.2595019659239843,12.747688295297195,46.1335676625659,0.21258503401360546,117.6,18.165289149727542,65.50802139037434,0.29985372988785963,136.73333333333332
2017,P001792   ,KHI,103.1,25.759999999999998,16,18,4,7,2240.44,5576.716666666666,28,12.438340782940406,40.48582995951417,0.06789524733268672,14.4945900256205,50.872093023255815,0.09164969450101833,65.46666666666667,9.114531759561888,16.666666666666668,0.026572187776793623,37.63333333333333
2017,P001832   ,IST,40.55,19.880000000000003,15,16,2,7,244.60000000000002,600.0,3,24.051951246807743,44.43127962085308,0.17262638717632553,6.971361646356765,0.0,0.0,7.266666666666667,27.396806390459876,47.22921914357683,0.21031547320981472,33.28333333333333
2017,P001833   ,BAR,666.7666666666667,239.36,228,204,19,249,2443.2799999999997,6000.0,30,17.631355493133253,53.682426068939535,0.37344398340248963,19.352196168268833,52.95950155763239,0.3977962461480997,356.9666666666667,15.660473176702718,54.7879942829919,0.34538411878631375,309.8
2017,P001844   ,BAM,623.4833333333333,233.32,249,163,78,306,2101.64,5400.0,27,19.230587353573075,63.09547942428543,0.4907909861263332,17.569199243024386,59.13628472222222,0.46402257407117103,318.95,20.97174894618441,66.56523392925067,0.5188266199649737,304.53333333333336
2017,P001926   ,ULK,714.4666666666667,309.92,292,224,68,366,2240.0,5900.0,29,22.85081112784761,57.49842470069313,0.5122702248763646,22.86558340734959,62.38779174147217,0.5574403674513284,319.31666666666666,22.817322532735147,53.67667695761998,0.4757686954321144,395.15
2017,P001932   ,PAN,779.0333333333333,423.96,384,325,84,496,2195.36,5475.066666666667,27,27.144541049699676,53.04453530776882,0.6366864918060845,27.09479148774915,52.17028380634391,0.6454305188482404,359.45,27.211942525461627,53.7994233937397,0.6291956305858988,419.5833333333333
2017,P001933   ,OLY,105.46666666666667,26.52,14,18,8,8,1848.32,4676.0,23,12.722885973083617,32.5278810408922,0.07585335018963338,11.587669541829158,29.069767441860467,-0.020891364902506964,47.86666666666667,13.625971264108694,34.15300546448087,0.15625,57.6
2017,P001948   ,BAR,304.1666666666667,178.2,182,126,55,187,1317.8,3200.0,16,28.4529009536442,60.58588548601865,0.6147945205479451,28.499556071492627,59.4421582075903,0.711864406779661,177.0,28.429919459024898,62.18112244897959,0.47968545216251635,127.16666666666667
2017,P001960   ,MAD,457.98333333333335,222.28,273,192,37,200,2472.68,6025.0,30,23.65210755440119,65.53677741501825,0.4366971141599039,22.373520045092434,65.99378881987577,0.43156245549067085,234.03333333333333,25.015596088695354,65.08931965032308,0.4420629604822505,223.95
2017,P001988   ,BAM,239.04999999999998,57.64,68,55,6,50,770.96,2000.0,10,12.51017455491701,58.986814712005554,0.20916126333403054,12.770860833115732,59.6862210095498,0.174140182847192,114.85,12.286847918498632,58.26271186440678,0.24154589371980678,124.19999999999999
2017,P002008   ,MIL,307.2,145.16,153,115,39,134,1130.1200000000001,2825.0,14,23.623793361914366,57.884382566585955,0.4361979166666667,24.185796783279365,51.82273052180128,0.28467973529778995,133.48333333333335,23.205736934185246,62.33595800524934,0.5526240046052,173.71666666666667
2017,P002091   ,OLY,533.8166666666666,200.56,195,146,49,162,2264.88,5726.0,28,18.99714486321742,58.1881117211745,0.3034749758031784,20.86577311499663,51.64835164835165,0.23279480982063352,262.0333333333333,17.224323146933074,65.96133751306165,0.3716195498865518,271.7833333333333
2017,P002100   ,CSK,763.9666666666667,420.96,498,305,109,587,2373.2,5825.3,29,27.05081617100924,70.5462375339982,0.7683581308084995,28.27875287555979,70.65091498725967,0.7241194350080458,372.8666666666667,25.879877464626496,70.44597293099623,0.8105343901815392,391.1
2017,P002276   ,CSK,34.88333333333333,15.0,16,14,0,16,798.48,2025.0,10,21.810431697913565,57.142857142857146,0.4586717630195891,22.958334449363477,50.0,0.4528301886792453,13.25,21.11016186364399,61.111111111111114,0.4622496147919877,21.633333333333333
2017,P002329   ,ZAL,783.25,205.84,218,146,61,336,2317.88,5875.0,29,13.322210394982646,63.064105531127055,0.42898180657516755,15.108713649357101,65.24317912218268,0.46174195358531406,415.81666666666666,11.372335615791428,59.98883928571428,0.3919078290846412,367.43333333333334
2017,P002361   ,PAM,295.3333333333333,80.76,70,62,4,83,1233.08,3249.8,16,14.413824151250838,54.89335006273526,0.281038374717833,13.575377135769157,67.37385321100916,0.3244867300951427,166.41666666666669,15.497532995671495,39.819944598337955,0.22495151906916613,128.91666666666666
2017,P002429   ,PAN,688.7833333333333,264.08,262,228,32,202,2249.68,5650.066666666667,28,19.25820041423042,54.114342366159946,0.2932707430977327,18.88566203839295,54.229088639201,0.3177578853634532,355.6166666666667,19.640016001970398,53.98525280898876,0.2671335667833917,333.1666666666667
2017,P002506   ,BAM,290.35,90.08,107,86,7,68,2335.24,6000.0,30,15.942494365653538,60.0583744948361,0.23420010332357497,15.326237790610902,64.31244153414406,0.2809502055733211,145.93333333333334,16.571071035250117,56.13126079447323,0.1869590305828044,144.41666666666666
2017,P002507   ,BAR,519.4,247.84,272,178,86,359,2367.24,5800.0,29,23.382188305357225,63.009636767976275,0.6911821332306508,24.181191427181034,68.01032565528197,0.7451359183110252,241.56666666666666,22.674147867760478,58.63446838082001,0.6442711457708459,277.8333333333333
2017,P002543   ,CSK,176.15,64.88,60,52,2,52,1246.12,3000.3,15,17.73629913815071,56.732223903177,0.2952029520295203,17.579166897279393,50.27422303473492,0.3196125907990314,68.83333333333334,17.794681203184208,61.29032258064516,0.279546513433763,107.31666666666666
2017,P002553   ,BAM,219.48333333333335,77.6,67,55,15,73,1325.52,3400.0,17,18.137724532538712,54.383116883116884,0.3325992862024451,21.869234519972196,50.047664442326024,0.3710320186890202,121.28333333333333,13.470035278726366,63.645621181262726,0.285132382892057,98.2
2017,P002561   ,RED,110.1,56.68,34,38,22,17,1242.76,2999.9833333333336,15,24.854446375142643,35.65436241610738,0.15440508628519528,22.586468796475238,40.98360655737705,0.14814814814814814,60.75,27.63644496586536,30.06872852233677,0.16210739614994935,49.35
2017,P002580   ,ZAL,670.6833333333334,279.96,219,187,59,240,2392.68,6075.0,30,21.196791562642094,51.41810668670173,0.35784398996048805,21.7630786700041,54.272915230875256,0.414252607184241,345.2,20.629239513353294,47.99752270850537,0.2980183317118132,325.48333333333335
2017,P002582   ,ZAL,436.8,192.12,196,131,73,171,2238.2799999999997,5675.0,28,22.303416555922947,60.078469838155954,0.3914835164835165,22.10712280712883,55.36130536130536,0.3093049231033594,193.98333333333335,22.410182261480003,63.505503810330225,0.4571350126981948,242.81666666666666
2017,P002742   ,PAM,485.26666666666665,252.8,258,189,70,320,1865.2,4849.916666666667,24,27.091651143361506,58.68971792538671,0.6594312405550213,28.42890951653948,55.105501130369255,0.5677682340952104,228.96666666666667,25.944271049374265,62.038014783526926,0.74131876706984,256.3
2017,P002744   ,OLY,98.55,25.759999999999998,24,17,4,24,666.28,1650.0,8,12.946321651946255,63.96588486140725,0.24353120243531204,11.353988027918382,74.34944237918216,0.2645356847616423,60.483333333333334,15.421318650227498,50.0,0.21015761821366027,38.06666666666666
2017,P002763   ,PAM,667.5333333333333,195.24,178,157,46,230,2324.48,6049.8,30,15.224429985237256,50.21439855563078,0.3445520822930191,16.38553207882798,46.2602259446825,0.3005147706719844,359.3833333333333,13.93361055889764,55.65987124463519,0.39591108226513066,308.15
2017,P002812   ,CSK,630.5666666666667,195.48,239,153,67,341,2366.36,5825.3,29,15.26296110645265,65.48662867163524,0.5407834223185494,15.981403309185636,69.27465362673186,0.6185244962773988,320.1166666666667,14.519590158597888,61.07685009487667,0.46062167820905137,310.45
2017,P002820   ,MAL,446.2166666666667,186.92,141,151,18,119,2412.2,5875.0,29,20.404903171016645,44.36194311603323,0.26668658723340677,19.578724492611695,41.86893203883495,0.2888346026727978,231.96666666666667,21.3221470424514,47.04652378463147,0.2427071178529755,214.25
2017,P002822   ,MAL,500.03333333333336,197.16,174,151,39,152,2245.56,5475.0,27,19.22690182221344,51.73644148430067,0.30397973468435435,18.95601931659082,47.47626186906546,0.24647637934697925,235.31666666666666,19.49426862568076,55.60599182932365,0.35509664421079135,264.7166666666667
2017,P002849   ,ULK,775.75,235.6,245,177,65,343,2316.12,6100.0,30,15.997505780069616,59.58171206225681,0.4421527553980019,14.349038245794784,53.05197901764426,0.3713363688607931,377.01666666666665,17.526735906665337,64.0814985211962,0.5091121885972245,398.73333333333335
2017,P002936   ,PAM,379.3666666666667,108.6,100,77,15,113,1423.56,3649.9166666666665,18,14.67938377666302,59.80861244019139,0.2978648624901151,13.332316455259338,57.915057915057915,0.3265940902021773,171.46666666666667,15.767783271085783,60.92916984006092,0.2741702741702742,207.9
2017,P002969   ,ULK,140.6,43.32,35,39,3,14,2165.16,5700.0,28,16.222507493360457,43.40277777777778,0.09957325746799431,16.486271808883675,51.52329749103943,0.15971606033717836,75.13333333333333,15.96603162302318,33.333333333333336,0.03054989816700611,65.46666666666667
2017,P002972   ,RED,781.3,386.2,403,308,55,431,2460.52,5999.983333333334,30,24.107245206037334,60.656231186032514,0.5516446947395367,22.459078705851585,58.090705487122065,0.48219518692833674,375.3666666666667,25.688811373169447,62.592436087048384,0.6158646740022993,405.93333333333334
2017,P002980   ,PAN,774.0166666666667,282.64,304,215,81,332,2426.12,6075.066666666667,30,18.287404784658804,60.644749441429944,0.4289313322279882,18.75370220718932,53.07017543859649,0.357534442484626,349.6166666666667,17.93581597023268,66.96428571428572,0.48774740810556083,424.4
2017,P003024   ,BAS,654.75,311.72,277,235,38,339,2338.52,5800.0,29,23.61598482997673,55.02145240743683,0.5177548682703322,24.63002661351531,58.765544434334245,0.5766184391171191,315.6333333333333,22.659044984130247,50.90120160213618,0.4629675136383742,339.1166666666667
2017,P003034   ,TEL,486.5,197.96,229,149,59,273,2532.04,5999.433333333333,30,19.282541101918866,65.44352994970279,0.5611510791366906,21.10293392619843,71.19565217391305,0.6390683803166939,234.71666666666667,17.615584573464698,59.06460945033751,0.4885152578274972,251.78333333333333
2017,P003048   ,IST,845.4166666666666,257.56,307,183,99,466,2456.2400000000002,6000.0,30,14.883945035207258,67.75247175141243,0.5512074913750616,15.086028521349718,73.57723577235772,0.6676222088111043,441.8666666666667,14.668698526239464,60.8342989571263,0.4237393135918721,403.55
2017,P003067   ,MIL,498.34999999999997,225.4,229,182,35,223,1923.3600000000001,4875.0,24,22.92785808841751,58.00405268490375,0.4474766730209692,24.841129920823736,58.51880276285495,0.4653078031706815,242.85,21.104795090309697,57.42808072133963,0.43052837573385516,255.5
2017,P003120   ,MIL,597.0833333333334,228.36,299,146,144,447,2327.12,5900.0,29,19.39314811149276,71.40810087886894,0.7486392184228889,18.803815120854992,78.125,0.8311938382541719,311.6,20.043505220298,64.05124099279423,0.6585323136201763,285.48333333333335
2017,P003198   ,MAL,312.31666666666666,90.4,96,78,10,117,2251.8,5475.0,27,14.075297209268179,58.252427184466015,0.37461977693580234,15.093738047888156,65.60773480662984,0.44370860927152317,151.0,13.123447852920375,50.05133470225873,0.30994937493542724,161.31666666666666
2017,P003210   ,PAN,387.16666666666663,125.36,118,88,19,138,2426.12,6075.066666666667,30,16.215479289508103,61.228725612287256,0.3564356435643565,13.991416211853394,51.75983436853002,0.28029678483099757,181.95,18.273490524953047,67.56756756756756,0.4239421749370584,205.21666666666667
2017,P003264   ,RED,131.1,57.92,57,46,18,64,2219.44,5399.983333333334,27,21.498337062166595,52.85608308605341,0.48817696414950423,21.60350769106754,59.665871121718375,0.513126491646778,83.8,21.18064820706501,41.66666666666667,0.4439746300211417,47.3
2017,P003443   ,IST,182.45,102.72,93,84,13,82,556.84,1400.0,7,28.309927004807637,51.827909050378956,0.44943820224719105,28.54050911660838,54.391619661563254,0.469947216073557,97.88333333333333,28.02519688226629,48.65269461077845,0.42569964525029563,84.56666666666666
2017,P003469   ,BAR,151.9,42.72,46,35,13,68,1475.4,3600.0,18,13.724489126613927,56.483300589390964,0.4476629361421988,13.657391536448767,57.444852941176464,0.4314772960756112,81.11666666666667,13.796605416048283,55.379746835443036,0.4662114433717919,70.78333333333333
2017,P003479   ,MAD,9.533333333333333,4.0,2,3,0,1,158.39999999999998,400.0,2,21.19093028183938,33.333333333333336,0.1048951048951049,15.353121801432957,50.0,0.0,6.666666666666667,34.779382781886895,0.0,0.3488372093023256,2.8666666666666667
2017,P003514   ,IST,392.81666666666666,153.96,148,119,34,135,1140.32,2800.0,14,19.247719542373673,55.240370259779034,0.34367177224320083,18.754276274841008,60.5456774984672,0.4184965125290622,193.55,19.693530872718387,50.20372526193248,0.2709936433589829,199.26666666666668
2017,P003515   ,IST,113.75,30.439999999999998,16,24,1,-1,850.2,2000.0,10,12.590185631822894,32.733224222585925,-0.008791208791208791,15.22101586552143,19.23076923076923,-0.29022895840051594,51.68333333333334,10.360830305428644,48.07692307692308,0.2255639097744361,62.06666666666666
2017,P003521   ,IST,264.1166666666667,60.519999999999996,33,50,8,51,1409.28,3400.0,17,11.05642529577367,30.829596412556054,0.19309648513914304,12.838612000377104,23.291925465838506,0.13941330235259947,114.76666666666667,9.677682130091656,37.82420749279539,0.23434884499497824,149.35
2017,P003527   ,MIL,47.6,18.32,9,15,3,7,1630.52,4100.0,20,19.355582185772768,27.573529411764707,0.14705882352941177,13.584352588112882,0.0,0.0,14.866666666666667,21.93025842039339,31.424581005586592,0.21384928716904275,32.733333333333334
2017,P003537   ,OLY,529.95,145.6,119,105,40,106,2188.72,5525.0,27,13.87070547179812,48.531810766721044,0.2000188697046891,15.213678008035718,42.043984476067266,0.09577320904099094,261.0333333333333,12.597814424409234,55.13495720868993,0.30120855283545084,268.9166666666667
2017,P003540   ,BAS,210.41666666666669,72.96,82,48,34,90,1862.56,4600.0,23,17.127037332201564,65.12071156289707,0.42772277227722766,16.993575821096613,69.88396624472574,0.5448354143019296,117.46666666666667,17.262535744736446,57.9073482428115,0.2797202797202797,92.95
2017,P003571   ,CSK,33.33333333333333,6.4399999999999995,9,5,1,3,564.04,1400.0,7,9.590809162470748,82.72058823529412,0.09000000000000001,8.993379973001872,75.0,0.07326007326007326,27.299999999999997,12.023880763182433,104.16666666666667,0.16574585635359115,6.033333333333333
2017,P003573   ,KHI,144.73333333333332,51.84,47,41,11,39,1529.88,3776.7166666666667,19,17.684120346646893,51.2652705061082,0.2694610778443114,18.942623993080424,60.08010680907877,0.33812670034978626,85.76666666666667,15.827385349719359,34.63476070528967,0.1695873374788016,58.96666666666667
2017,P003608   ,PAN,431.8666666666667,125.4,130,107,10,110,1864.56,4650.066666666667,23,14.483071131849728,58.348294434470375,0.2547082432849645,14.607710313753689,59.24950625411455,0.33519553072625696,226.73333333333335,14.327674034047712,57.266982622432856,0.16574585635359115,205.13333333333333
2017,P003703   ,BAM,354.55,91.04,74,63,16,81,2335.24,6000.0,30,13.194850816720422,52.826956025128496,0.22845860950500635,12.571805437221071,49.22434367541766,0.2665876777251185,168.8,13.773717094285292,56.13362541073384,0.19380888290713325,185.75
2017,P003733   ,PAM,478.5,185.12,190,143,23,172,2101.16,5449.916666666667,27,20.069295719146933,62.04284221525601,0.3594566353187043,18.39694232333269,48.5359643539147,0.23529411764705882,225.25,21.504707316289718,71.44439521488702,0.4698914116485686,253.25
2017,P003842   ,RED,632.9666666666667,272.28,255,182,87,321,2460.52,5999.983333333334,30,20.979157448133062,57.88087888142364,0.5071357101479804,21.961383864904658,59.85799207397622,0.4982571252819356,325.1333333333333,19.90325841255493,55.4659136748689,0.5165132647536546,307.8333333333333
2017,P003941   ,OLY,588.05,201.88,241,140,77,384,2128.0,5326.0,26,17.184566296278067,69.30066712675408,0.6530056967944903,16.92147903413635,69.44444444444444,0.6370343710635235,277.85,17.36958112480471,69.17837377607492,0.6673114119922631,310.2
2017,P003945   ,RED,16.716666666666665,4.4399999999999995,4,2,1,-2,410.79999999999995,1000.0,5,12.931021929343421,81.9672131147541,-0.11964107676969093,16.628882151112197,100.0,0.3448275862068965,2.9000000000000004,12.298081910349726,69.44444444444444,-0.21712907117008445,13.816666666666666
2017,P004004   ,ULK,502.1166666666667,181.8,196,138,20,207,2316.12,6100.0,30,19.071638919823634,66.7574931880109,0.41225478806386295,19.99791374121926,65.02187651920272,0.4341873655388226,255.65,18.134129753336833,68.9708617482951,0.3895050040573438,246.46666666666667
2017,P004007   ,RED,395.4,156.12,168,135,23,158,2208.04,5399.983333333334,27,19.312449274334053,57.88313120176406,0.3995953464845726,19.92567562590993,55.14705882352941,0.35581158929176554,196.73333333333332,18.674908663047198,60.90487238979119,0.4429530201342282,198.66666666666666
2017,P004094   ,IST,34.06666666666666,4.0,2,3,0,9,2372.88,5800.0,29,5.740008871282677,33.333333333333336,0.264187866927593,5.186751584163602,100.0,0.7407407407407408,9.45,5.9408793392554,0.0,0.08124576844955991,24.616666666666667
2017,P004117   ,MAL,596.0666666666667,222.04,229,180,41,256,2177.48,5275.0,26,18.048232115593184,57.81660270652394,0.42948216083212165,16.61290607670414,63.04447501146264,0.42983852626790997,293.1333333333333,19.4992240862055,53.70036101083033,0.42913732394366194,302.93333333333334
2017,P004119   ,TEL,599.3833333333333,224.08,250,180,57,328,2532.04,5999.433333333333,30,17.716098995694946,60.95182367856446,0.5472290965714762,17.10506437230825,56.94548170276325,0.5036304650084968,323.65,18.45700187099613,65.33278889342589,0.5984042553191489,275.73333333333335
2017,P004159   ,BAM,667.8666666666667,359.56,327,260,99,271,2172.64,5600.0,28,27.753122661850984,53.860851232046386,0.4057696146935516,28.27329175957975,56.988041853512705,0.4407528327251777,347.1333333333333,27.16903694566241,50.34965034965035,0.36790688006651423,320.73333333333335
2017,P004161   ,TEL,72.0,27.72,15,18,13,11,2031.48,4799.433333333333,24,18.191484369359614,31.618887015177066,0.1527777777777778,18.53459483345475,40.98360655737705,0.26301369863013696,30.416666666666668,17.917545868481316,25.071633237822347,0.07214428857715431,41.583333333333336
2017,P004165   ,BAS,667.65,232.36,241,204,19,209,2418.2,6000.0,30,17.270366090919048,56.743266151817664,0.31303826855388306,17.315335089155095,57.23709740007761,0.32588259870482555,319.1333333333333,17.238176887724364,56.27745241581259,0.3012768399407011,348.51666666666665
2017,P004170   ,IST,242.13333333333333,36.64,33,33,6,5,1956.24,4800.0,24,7.425915146759107,46.2962962962963,0.02064977973568282,9.301045934173656,38.50710900473934,-0.03169014084507042,94.66666666666667,6.221298714161759,53.304904051172706,0.054249547920433995,147.46666666666667
2017,P004178   ,BAR,585.3333333333334,203.04,230,171,16,211,2443.2799999999997,6000.0,30,17.036734442419128,64.59222646596271,0.3604783599088838,17.46253564612587,66.12235510579578,0.39410616012781824,281.65,16.64102445972295,63.131313131313135,0.3292903792327534,303.68333333333334
2017,P004185   ,BAS,131.13333333333333,27.52,27,22,8,23,1385.44,3400.0,17,10.300457608280007,52.89968652037618,0.17539400101677682,9.786071916249433,63.775510204081634,0.20192307692307693,69.33333333333333,10.871763754045308,43.604651162790695,0.14563106796116507,61.8
2017,P004195   ,PAN,319.45,136.92000000000002,136,115,18,88,2078.48,5250.066666666667,26,21.652745032762272,55.320533680442566,0.27547347002660827,21.779554961958524,53.32114564290067,0.21481849825957233,167.58333333333334,21.523701950122142,57.61173184357542,0.3424056189640035,151.86666666666667
2017,P004213   ,MAL,573.7,146.92,115,113,18,110,2495.36,6075.0,30,12.469215724765153,47.55210056235528,0.19173784207774097,12.921119111718054,38.67676102699144,0.07970647773279352,263.4666666666667,12.10022870110129,56.515957446808514,0.2868808423767057,310.23333333333335
2017,P004222   ,RED,191.01666666666668,78.64,92,54,31,118,894.0,2200.0,11,20.262237444874327,68.00709639266707,0.6177471424832038,22.7178764905454,74.317738791423,0.9063444108761329,93.78333333333333,17.60070495945261,58.27067669172932,0.3393897840246829,97.23333333333333
2017,P004251   ,KHI,651.4,218.0,234,172,50,344,2396.08,5976.716666666666,30,16.69552533662588,60.30927835051546,0.5280933374270802,16.391274039960006,58.92255892255892,0.4986732088319231,332.8833333333333,17.013307406057127,61.64106709781729,0.558840458374758,318.51666666666665
2017,P004259   ,PAM,32.766666666666666,11.440000000000001,13,9,1,9,391.0,999.9166666666666,5,17.857094910147705,68.85593220338984,0.2746693794506612,0.0,,0.24193548387096772,4.133333333333334,20.239834967499494,68.85593220338984,0.27939464493597205,28.633333333333333
2017,P004264   ,ZAL,47.11666666666667,16.76,13,12,4,14,493.44,1225.0,6,17.661646518631485,47.23837209302326,0.29713477184294307,15.716296123739108,65.40697674418605,0.437375745526839,25.15,19.861555613101263,29.069767441860467,0.13657056145675264,21.96666666666667
2017,P004292   ,OLY,52.93333333333334,18.88,15,17,2,12,1687.16,4301.0,21,18.185109246826954,41.946308724832214,0.22670025188916876,18.758841085817654,39.41441441441441,-0.08270158511371467,24.183333333333337,17.694361778082484,44.44444444444444,0.48695652173913045,28.75
2017,P004418   ,OLY,479.15,236.4,236,146,110,306,2267.48,5701.0,28,24.809245191057318,60.699588477366255,0.6386309089011792,23.838506563328473,67.62054096432772,0.7168090436123065,259.48333333333335,25.969697914493697,53.0532698137722,0.5462822458270107,219.66666666666666
2017,P004425   ,IST,388.25,159.8,136,135,20,107,1533.64,3800.0,19,20.396491826246304,47.28789986091794,0.2755956213779781,21.7993081248675,44.83695652173913,0.32798448245459355,189.03333333333333,19.056243296294703,49.857549857549856,0.2258847151342759,199.21666666666667
2017,P004429   ,OLY,90.75,36.4,28,28,10,19,647.3199999999999,1625.0,8,20.138127467367468,43.20987654320988,0.209366391184573,19.195293665755255,53.76344086021505,0.47529234251225955,44.18333333333333,21.030175123073303,34.24657534246575,-0.04294917680744453,46.56666666666666
2017,P004479   ,MAL,113.1,42.0,24,30,0,15,1647.72,4050.0,20,18.25527128202424,40.0,0.13262599469496023,21.449299743449554,38.46153846153846,-0.07822685788787485,38.349999999999994,16.62336050375432,41.1764705882353,0.2408026755852843,74.75
2017,P004499   ,MIL,1.9666666666666666,0.0,0,0,0,0,239.39999999999998,600.0,3,0.0,,0.0,0.0,,0.0,1.9166666666666665,0.0,,0.0,0.05
2017,P004535   ,BAR,1.2333333333333334,1.88,5,1,2,7,91.36,200.0,1,66.73924362190562,132.97872340425533,5.675675675675675,66.73924362190562,132.97872340425533,5.675675675675675,1.2333333333333334,,,,
2017,P004623   ,CSK,1.3666666666666667,0.0,0,0,0,-2,86.64,200.0,1,0.0,,-1.4634146341463414,,,,,0.0,,-1.4634146341463414,1.3666666666666667
2017,P004624   ,CSK,0.0,0.0,0,0,0,0,84.04,200.0,1,,,,,,,0.0,,,,
2017,P004628   ,KHI,0.0,0.0,0,0,0,0,81.16,200.0,1,,,,,,,,,,,0.0
2017,P004664   ,ZAL,218.76666666666668,83.92,69,62,18,61,2231.48,5675.0,28,19.51134411160278,49.34210526315789,0.27883589821727867,16.591674547009173,64.62333825701626,0.405982905982906,93.6,21.561795472927898,39.68253968253968,0.18375499334221038,125.16666666666667
2017,P004720   ,RED,13.5,3.44,3,2,1,2,330.2,800.0,4,12.347174551898961,61.47540983606557,0.14814814814814814,13.587310357946368,0.0,-0.2745995423340961,7.283333333333333,10.996220685494723,104.16666666666667,0.6434316353887399,6.216666666666667
2017,P004804   ,KHI,0.0,0.0,0,0,0,0,484.76,1200.0,6,,,,,,,0.0,,,,0.0
2017,P004866   ,ULK,210.83333333333334,66.84,65,48,11,75,1079.96,2825.0,14,16.58585803280373,61.50643451930355,0.3557312252964427,15.212733170350495,56.81818181818182,0.29783827061649315,104.08333333333334,17.938591674473823,64.85084306095979,0.41217798594847777,106.75
2017,P004887   ,BAS,522.1833333333334,223.32,234,172,53,320,2418.2,6000.0,30,21.222358283669806,59.901699774728655,0.612811592352622,20.760884778882467,58.2219522073714,0.5907534246575343,272.5333333333333,21.71999541991401,61.61971830985915,0.6368916483076307,249.65
2017,P004888   ,CSK,785.1333333333333,363.48,350,266,117,423,2453.0,6025.3,30,22.74302486473995,55.12158246188736,0.5387619937165662,22.76213029295293,56.01346644996517,0.5953241744998795,414.9,22.721004985260166,54.06336088154271,0.47537588907895917,370.23333333333335
2017,P004903   ,MIL,653.7666666666667,330.76,308,278,54,247,2020.04,5100.0,25,25.54644142134905,51.033934252386004,0.3778106358027839,25.003352328992904,51.152551152551155,0.33986928104575165,344.25,26.153218154697743,50.90958457778985,0.4200096925313661,309.51666666666665
2017,P004941   ,CSK,367.75,101.16,107,86,14,99,2368.96,5825.3,29,13.52840833905963,58.05121527777778,0.26920462270564244,12.02587746661572,55.668016194331976,0.25259612685938815,178.15,14.93774126941377,59.840425531914896,0.2848101265822785,189.6
2017,P004974   ,TEL,760.0,251.8,265,206,45,269,2447.16,5799.433333333333,29,15.703458975574412,58.680248007085915,0.3539473684210526,15.844233311360655,60.31827515400411,0.36843009275163174,388.1333333333333,15.55472301729971,56.92251193536541,0.33883112226604517,371.8666666666667
2017,P005001   ,BAR,304.4166666666667,144.16,133,126,14,113,1220.32,3000.0,15,23.283800462366777,50.317796610169495,0.3712017519846701,23.99990486200765,62.134502923976605,0.5827107790821772,156.16666666666666,22.516941549848717,37.641154328732746,0.14839797639123103,148.25
2017,P005014   ,KHI,635.6666666666666,155.8,168,126,20,140,2396.08,5976.716666666666,30,12.22726612355153,62.31454005934717,0.22024121657052964,13.532108882819676,71.31537242472267,0.30632977337848394,319.9166666666667,10.937974688090716,50.77860528097495,0.1330166270783848,315.75
2017,P005094   ,TEL,679.1166666666667,330.8,322,285,45,269,2360.2,5599.433333333333,28,23.112471035910104,52.821522309711284,0.3961027805728029,22.069401783389793,50.9567387687188,0.3575440824500562,341.21666666666664,24.137083272739762,54.496761335326354,0.43503995264871265,337.9
2017,P005099   ,BAR,644.0333333333333,238.32,225,181,53,237,2195.24,5400.0,27,18.205134523520186,55.06068911511355,0.3679933750841054,18.051831695758484,53.6639526276832,0.3759136790810999,335.18333333333334,18.369608545197217,56.629260182876145,0.3593977659057795,308.85
2017,P005112   ,TEL,744.8,452.04,420,324,116,414,2452.0,5799.433333333333,29,28.70994024037022,55.994027303754265,0.5558539205155747,29.608732488239927,54.11570568821588,0.5483093794134751,401.23333333333335,27.739742756510417,58.28402366863905,0.5646647909187931,343.56666666666666
2017,P005145   ,TEL,142.75,38.96,39,31,9,41,2441.24,5800.0,29,12.968517822228153,55.77803203661327,0.287215411558669,11.281421781470803,44.44444444444444,0.18640776699029127,42.916666666666664,13.54897115619291,59.70724191063174,0.330550918196995,99.83333333333333
2017,P005159   ,PAM,686.3666666666667,364.8,403,283,120,377,2162.12,5649.8,28,27.776781441322907,60.00595592614651,0.5492690981496771,27.875220255285623,57.787253141831236,0.5661667502393217,365.6166666666667,27.697142818264773,62.51586697131251,0.5300077942322681,320.75
2017,P005160   ,CSK,434.3,157.24,176,121,46,244,1949.16,4825.3,24,17.925861255419935,62.30529595015576,0.5618236242228873,16.61136800914937,66.97772426249247,0.6006419073819349,218.1,19.260288307477843,58.155080213903744,0.5226641998149861,216.2
2017,P005161   ,OLY,570.65,203.2,183,171,30,163,2179.56,5501.0,27,17.97449483729782,49.674267100977204,0.28563918338736527,16.43057844415432,40.7064128256513,0.18771117507195595,266.3666666666667,19.290747617728442,56.53507090839402,0.3713644081722079,304.28333333333336
2017,P005216   ,IST,776.8333333333334,443.88,423,340,102,364,2456.2400000000002,6000.0,30,27.915677425071753,54.95219289129079,0.4685689766144604,25.729856987287405,59.87706655362442,0.49706675122879335,420.4666666666667,30.494219433569285,50.214110929853184,0.4349452810775418,356.3666666666667
2017,P005327   ,BAR,7.933333333333334,1.0,0,0,0,1,324.2,800.0,4,6.220872062581973,,0.12605042016806722,,,,0.0,6.132348341915214,,0.12605042016806722,7.933333333333334
2017,P005348   ,ULK,3.1666666666666665,2.0,2,2,0,2,402.4,1050.0,5,32.96013393324266,50.0,0.6315789473684211,33.72072428028394,50.0,0.6315789473684211,3.1666666666666665,,,,0.0
2017,P005363   ,MAL,99.4,32.8,29,19,20,24,1906.0,4650.0,23,16.100802084279017,52.15827338129496,0.2414486921529175,14.141560135201683,48.07692307692307,0.15362106803218725,45.56666666666667,17.78483234063062,54.59770114942529,0.31578947368421056,53.83333333333333
2017,P005368   ,MAD,100.41666666666667,37.64,34,28,6,34,1619.6,4000.0,20,18.515098753956973,55.48302872062663,0.3385892116182572,17.14447479378027,37.5,0.14819388700216116,53.983333333333334,20.174903683355033,75.13661202185791,0.5599425699928212,46.43333333333334
2017,P005458   ,PAM,103.83333333333333,39.32,35,30,3,26,790.92,1999.9166666666667,10,19.15076162599599,55.87484035759898,0.2504012841091493,20.195361247947453,51.96304849884527,0.2770935960591133,54.13333333333333,18.06709758701867,60.714285714285715,0.22132796780684103,49.7
2017,P005519   ,ZAL,33.11666666666667,7.88,5,4,2,-2,1125.0,2850.0,14,12.05596376446905,51.22950819672131,-0.06039255158530448,7.140362489897015,100.0,0.27713625866050806,7.216666666666667,13.237264601091713,38.65979381443299,-0.15444015444015444,25.9
2017,P005713   ,BAR,16.116666666666667,3.0,0,2,0,-3,796.08,2000.0,10,9.352964999022614,0.0,-0.18614270941054809,28.01026296034867,0.0,-1.2962962962962963,5.4,0.0,,0.37325038880248834,10.716666666666667
2017,P005718   ,BAS,665.3333333333334,206.32,227,163,28,221,2341.72,5800.0,29,15.361197430304642,64.73876340406115,0.3321643286573146,16.80102577514944,60.742971887550205,0.2834875791524598,342.1666666666667,13.822635952950348,69.99471737982039,0.3837029396596183,323.1666666666667
2017,P005757   ,MAD,297.01666666666665,139.88,141,116,27,175,1247.72,3000.0,15,22.646908095037926,55.129809196121364,0.5891925256719601,22.926314468094283,45.49522673031026,0.4595688806215122,152.31666666666666,22.401775558373682,65.74621959237344,0.7256392536281964,144.7
2017,P005781   ,TEL,701.3166666666667,238.04,221,172,66,295,2532.04,5999.433333333333,30,16.084421551483125,54.964186231595704,0.420637372561135,16.715140858835912,51.12767584097859,0.3781947111833358,338.45,15.497539229326083,59.12863070539419,0.46022414109865883,362.8666666666667
2017,P005791   ,MAD,437.41666666666663,139.68,164,101,47,264,1973.68,4825.0,24,15.613111913420742,67.38987508218277,0.6035435321013527,16.601033715096868,73.43651295009475,0.6205287713841369,214.33333333333334,14.655367121943057,60.829335161069224,0.5872245050429585,223.08333333333331
2017,P005800   ,KHI,315.85,138.12,148,106,23,200,1171.0,3000.0,15,22.40629470014831,63.72717878057182,0.6332119677061896,23.98884696574898,60.46931407942238,0.6848841231407817,144.55,21.078203615163773,66.699604743083,0.5896088733216579,171.3
2017,P005836   ,MAD,504.8,196.24,216,171,21,248,1895.0,4625.0,23,18.975826785811357,59.920106524633816,0.491283676703645,18.76178620693928,59.38653136531365,0.4481260184682238,245.46666666666667,19.17850717546273,60.41488451668093,0.532133676092545,259.3333333333333
2017,P005838   ,ULK,797.0333333333333,353.2,341,263,105,381,2316.12,6100.0,30,23.34226440129102,55.14230271668823,0.4780226673915771,23.276340094902782,54.33417085427136,0.49572219426270764,397.4,23.408767258585108,56.0,0.46042205354908666,399.6333333333333
2017,P005856   ,PAM,708.1166666666667,179.92,185,146,43,244,2324.48,6049.8,30,13.22573527025473,56.0878001455251,0.34457598794925504,14.588340824949693,52.55077940481814,0.3313597691427434,334.98333333333335,12.013761825681485,59.82053838484547,0.3564409505092014,373.1333333333333
2017,P005881   ,PAN,317.3333333333333,93.28,81,80,12,65,2349.56,5875.066666666667,29,14.700398186479688,47.490619136960596,0.20483193277310927,13.3677849442368,39.10191725529768,0.1277003298925189,156.61666666666667,16.02808347329695,54.77651183172655,0.279995851913305,160.71666666666667
2017,P005917   ,BAR,508.25,189.72,224,144,63,227,2361.8,5800.0,29,18.333720223143434,65.22245515956207,0.4466305951795376,18.52149985820915,60.01091107474087,0.38908659549228947,210.75,18.19318392803585,69.10569105691056,0.48739495798319327,297.5
2017,P005918   ,RED,697.8833333333333,365.56,325,294,74,272,2380.84,5799.983333333334,29,25.521275325089473,49.761146496815286,0.3897499582069591,25.02347175758134,47.992471769134255,0.35104546326491465,347.5333333333333,26.04807941323142,51.44771476429768,0.4281432852861424,350.35
2017,P005927   ,MAD,276.28333333333336,109.68,115,88,22,181,995.6,2400.0,12,19.139434601708817,58.86568386568386,0.6551245701876093,18.560045451112565,57.72142316426949,0.667574931880109,146.8,20.08786478417261,60.21409455842997,0.6410091388853135,129.48333333333332
2017,P005928   ,MAD,681.7833333333333,276.48,236,200,42,311,2298.2,5625.0,28,19.850984147236627,54.009520322226294,0.45615664800645367,17.92547317106734,64.12952060555088,0.4981733643307872,351.2833333333333,21.933061367967984,46.206225680933855,0.4114977307110439,330.5
2017,P005929   ,MAD,690.8333333333334,430.4,456,297,160,612,2229.24,5425.0,27,30.32298067840481,62.05770277626566,0.8858866103739444,31.930756811433938,64.1795936202753,0.9217707701637355,329.8,28.82740734123968,59.95008680555556,0.8531068230080324,361.03333333333336
2017,P005938   ,KHI,621.1166666666667,249.07999999999998,252,210,32,223,2165.84,5376.716666666666,27,19.910696425465073,56.22991788646912,0.3590307779000188,19.128948407535574,56.93493150684932,0.3492808922805988,340.7,20.8668140122667,55.46234153616704,0.37087667161961363,280.4166666666667
2017,P005942   ,RED,363.43333333333334,127.0,134,98,25,120,1639.44,3999.9833333333336,20,17.05185433221328,61.46788990825688,0.3301843529303861,15.759938444232894,55.50986842105263,0.23392925066565232,175.26666666666668,18.25981159650837,66.26905235255136,0.41984056687333926,188.16666666666666
2017,P005961   ,CSK,0.0,0.0,0,0,0,0,84.04,200.0,1,,,,,,,0.0,,,,
2017,P005985   ,PAN,208.9,121.44,118,102,26,114,694.92,1650.0,8,27.605934135097964,52.0098730606488,0.5457156534226902,26.613877492434483,53.57142857142857,0.6457304163726182,94.46666666666667,28.466525769652975,50.76142131979695,0.4631517623070201,114.43333333333334
2017,P006084   ,BAR,0.0,0.0,0,0,0,0,81.48,200.0,1,,,,,,,0.0,,,,
2017,P006183   ,ZAL,37.55,10.76,14,7,4,16,1977.12,5050.0,25,14.63830104545131,79.90867579908677,0.426098535286285,26.53578953187673,75.0,0.34285714285714286,5.833333333333333,12.387102867829562,81.36094674556213,0.44140830267997894,31.71666666666667
2017,P006357   ,CSK,0.9166666666666666,0.0,0,0,0,-2,585.08,1400.0,7,0.0,,-2.181818181818182,,,,0.0,0.0,,-2.181818181818182,0.9166666666666666
2017,P006385   ,MIL,125.46666666666667,48.08,42,42,7,43,1438.56,3625.0,18,19.312839229594452,46.58385093167702,0.3427205100956429,19.999714908938387,47.286184210526315,0.28664822730701534,66.28333333333333,18.541025653196634,45.761078998073216,0.4055195719515629,59.18333333333334
2017,P006399   ,ULK,201.58333333333334,55.8,62,40,20,66,2075.64,5500.0,27,14.66966614894233,63.52459016393443,0.3274080198429103,15.569739465719314,53.87931034482759,0.3132137030995106,102.16666666666667,13.753339572858158,76.33587786259541,0.34199497066219614,99.41666666666667
2017,P006420   ,BAM,155.66666666666666,38.08,29,26,7,13,1708.52,4400.0,22,12.59980776028601,49.86244841815681,0.0835117773019272,13.048307079257704,49.734748010610076,0.24216524216524216,70.2,12.257049493445859,50.0,-0.046801872074883,85.46666666666667
2017,P006433   ,ZAL,829.4666666666667,387.92,373,291,43,417,2392.68,6075.0,30,23.74842933380503,60.176819824470826,0.5027326796334994,22.502858512022904,64.8961661341853,0.5403712115279192,425.6333333333333,25.047070517151404,55.736472945891784,0.46306231943871234,403.8333333333333
2017,P006450   ,CSK,712.4666666666667,348.24,408,265,96,399,2453.0,6025.3,30,24.011828155798554,66.39760447858352,0.560026200056143,23.544509229481545,65.28755868544602,0.457061601746991,328.18333333333334,24.41176442287363,67.28293938684764,0.6479594049529428,384.2833333333333
2017,P006477   ,BAM,651.4,283.08,304,201,107,363,2335.24,6000.0,30,22.33115354691762,61.27055788455338,0.5572612833896223,23.287963853869513,60.99444101297097,0.5961083084525893,323.76666666666665,21.376806435547817,61.57219973009447,0.5188727235731,327.6333333333333
2017,P006505   ,ZAL,700.45,262.56,281,199,74,314,2392.68,6075.0,30,19.034570537576975,60.67541889790983,0.4482832464844029,18.383813201536817,65.81336238198983,0.5009596928982726,347.3333333333333,19.656859951915326,56.01317957166392,0.3964695332043234,353.1166666666667
2017,P006536   ,CSK,83.96666666666667,22.08,23,15,7,24,655.28,1600.0,8,12.841484197573717,63.60619469026549,0.28582770940849545,12.240797292090823,57.142857142857146,0.09995835068721366,40.016666666666666,13.381586803628537,67.68953068592057,0.4550625711035267,43.95
2017,P006543   ,MAD,45.416666666666664,11.0,7,9,0,-1,1153.12,2825.0,14,11.867284991782965,38.888888888888886,-0.022018348623853212,12.252724772604193,20.0,-0.2175226586102719,27.583333333333336,11.116296142761035,62.5,0.28037383177570097,17.833333333333332
2017,P006546   ,MAD,581.7,171.35999999999999,171,131,44,155,2317.84,5625.0,28,14.298137155207739,56.86352753391859,0.26646037476362383,15.350717959652128,51.377350240489726,0.2369263607257204,312.3333333333333,12.997108761511958,65.38722826086956,0.3007053582477416,269.3666666666667
2017,P006586   ,PAN,0.36666666666666664,0.0,0,0,0,0,81.68,200.0,1,0.0,,0.0,0.0,,0.0,0.36666666666666664,,,,
2017,P006590   ,BAS,598.9666666666667,324.04,352,271,41,285,2344.92,5800.0,29,26.762453639651515,60.89122612787157,0.4758194668595915,26.721281123687593,60.908084163898124,0.5103075363298412,295.9,26.79149715114004,60.87437742114001,0.442146942366916,303.06666666666666
2017,P006599   ,IST,558.1166666666667,240.20000000000002,251,204,30,219,2456.2400000000002,6000.0,30,21.02608703350245,57.78084714548803,0.39239107713441035,20.435923715077656,56.282722513089006,0.38792376454714117,296.45,21.69943327961893,59.45419103313841,0.397452229299363,261.6666666666667
2017,P006614   ,PAN,906.05,302.96,308,207,109,370,2426.12,6075.066666666667,30,16.745645505557714,60.40163162849074,0.4083659842172066,17.786117574990882,57.970008331019166,0.4031402503713134,471.3,15.552476609442976,63.559322033898304,0.4140310523289247,434.75
2017,P006625   ,TEL,112.58333333333334,26.32,25,20,3,27,2119.28,4999.433333333333,25,11.029967162569434,58.630393996247655,0.2398223538119911,7.721709520200583,34.013605442176875,0.1410105757931845,42.55,12.973724553120118,68.00518134715026,0.29985721085197525,70.03333333333333
2017,P006643   ,PAM,32.266666666666666,9.76,9,8,4,11,1445.1200000000001,3799.883333333333,19,15.907138484653279,46.10655737704918,0.34090909090909094,10.15216615869032,50.0,0.38369304556354916,20.85,26.3505682857898,43.40277777777778,0.2627737226277372,11.416666666666668
2017,P006693   ,IST,10.9,6.0,0,5,0,-7,401.6,1000.0,5,27.41328264921963,0.0,-0.6422018348623852,22.749275182815705,0.0,-0.594059405940594,6.733333333333333,35.27682508574228,0.0,-0.72,4.166666666666667
2017,P006737   ,MAL,0.18333333333333332,0.0,0,0,0,0,77.47999999999999,200.0,1,0.0,,0.0,,,,,0.0,,0.0,0.18333333333333332
2017,P006919   ,BAM,114.7,35.6,32,20,15,27,1856.96,4800.0,24,16.045574238500034,60.150375939849624,0.23539668700959024,17.199346440062676,53.05039787798408,0.1817180616740088,60.53333333333333,14.769230769230766,69.44444444444444,0.29538461538461536,54.16666666666667
2017,P007032   ,BAM,502.3833333333333,219.16,207,180,14,123,2335.24,6000.0,30,22.416912344984052,55.597335625268585,0.2448329628769532,22.77027764284136,60.82967690466693,0.2962962962962963,263.25,22.01142521928197,49.48765719608757,0.1881795372177307,239.13333333333333
2017,P007185   ,BAS,157.21666666666667,43.76,52,41,4,59,889.72,2200.0,11,13.765058219276943,60.804490177736206,0.3752782783843952,8.520009099369718,42.857142857142854,0.2150109496316942,83.71666666666667,20.01837569952947,69.54102920723226,0.5578231292517006,73.5
2017,P007201   ,BAS,625.8166666666667,212.24,259,160,46,346,2418.2,6000.0,30,16.82941969803462,71.84864624944518,0.5528775733042158,17.48647875030443,72.12605415002218,0.565459293743613,293.56666666666666,16.254084473884134,71.57123834886818,0.5417607223476298,332.25
2017,P007400   ,ULK,534.35,197.4,247,153,35,238,1859.72,4900.0,24,19.46703674658886,73.33729216152018,0.4454009544306166,21.315620726713302,73.95833333333333,0.5189812590100913,277.4666666666667,17.53465366152156,72.51381215469613,0.3659248686174009,256.8833333333333
2017,P007516   ,ZAL,13.383333333333333,4.2,4,2,5,1,526.4399999999999,1400.0,7,16.691453096023263,47.61904761904762,0.07471980074719801,15.664529852722271,113.63636363636364,0.3314917127071823,3.0166666666666666,16.82023291631765,30.12048192771084,0.0,10.366666666666667
2017,P007636   ,PAM,0.0,0.0,0,0,0,0,77.4,200.0,1,,,,,,,0.0,,,,
2017,P007865   ,PAN,321.6166666666667,105.2,103,79,30,113,2426.12,6075.066666666667,30,16.38120929690372,55.85683297180043,0.35134995076954967,16.843616667817926,53.29457364341085,0.36183885318833414,168.58333333333334,15.82230418452761,59.11330049261083,0.33979525157917667,153.03333333333333
2017,P007866   ,PAN,12.433333333333334,6.64,3,4,6,2,710.64,1825.0,9,27.429867998004443,22.59036144578313,0.16085790884718498,33.087760113739165,0.0,-0.4444444444444444,4.5,24.219678897583563,39.8936170212766,0.5042016806722689,7.933333333333334
2017,P007870   ,ZAL,478.3833333333333,227.96,253,158,84,254,2392.68,6075.0,30,24.197709923953568,64.88510463684858,0.5309549524439954,24.09928236855161,63.972380178716485,0.5124288293292598,240.03333333333333,24.298971324414254,65.8167495854063,0.5496119152506818,238.35
2017,P007872   ,IST,268.06666666666666,107.2,112,76,30,105,1330.68,3200.0,16,19.23349973285934,62.780269058295964,0.3916936085550858,18.692516801724725,59.523809523809526,0.3348475016223232,128.41666666666666,19.743791935600765,65.57035803497085,0.4439670605084139,139.65
2017,P007929   ,IST,35.28333333333333,10.879999999999999,10,5,2,10,1629.96,4000.0,20,15.134648116475306,85.03401360544218,0.28341993386868214,16.205616866806036,0.0,-0.08333333333333333,12.0,14.642732231675833,102.45901639344262,0.4724409448818898,23.28333333333333
2017,P007946   ,MIL,605.1166666666667,297.88,267,233,52,252,1937.8,4900.0,24,24.895414095533063,52.17289354384868,0.4164486187236621,25.428559231571853,46.08812949640288,0.3402955772481867,305.6166666666667,24.324758784829463,58.804312316236526,0.4941569282136895,299.5
2017,P007947   ,BAS,263.95,107.04,84,68,16,68,2326.52,5800.0,29,20.219743081345715,55.970149253731336,0.2576245501041864,17.953956016883534,58.55397148676171,0.2640785464394538,147.68333333333334,23.095400807544745,53.13199105145414,0.24942660550458715,116.26666666666667
2017,P007948   ,PAN,81.3,28.959999999999997,21,16,9,14,1812.72,4625.066666666667,23,18.17712853857432,52.60521042084168,0.17220172201722017,22.87345614970761,49.734748010610076,0.2891566265060241,48.416666666666664,10.847718465945528,61.47540983606557,0.0,32.88333333333333
2017,P007960   ,RED,375.43333333333334,131.36,156,92,44,179,2124.04,5199.983333333334,26,17.131664729687795,70.04310344827586,0.4767823847997869,15.919517908075612,66.67852062588905,0.4516680923866553,194.83333333333331,18.45744097258888,73.47605224963716,0.5038759689922481,180.6
2017,P007961   ,RED,330.59999999999997,129.35999999999999,107,108,19,93,2292.4,5599.983333333334,28,19.11716497544742,45.97799931247852,0.2813067150635209,18.75496362760041,42.223786066150595,0.28846153846153844,169.86666666666667,19.49680771344562,49.56317204301075,0.27374533388635425,160.73333333333332
2017,P007969   ,IST,272.8,153.92,103,127,18,74,1090.48,2600.0,13,26.905206370419673,38.170767862437,0.27126099706744866,26.808840401294834,38.898862956313586,0.30723117272386663,133.45,26.969746695526307,37.45593419506463,0.23681377825618946,139.35
2017,P007988   ,TEL,613.8666666666667,206.92000000000002,199,158,43,303,2444.36,5799.433333333333,29,15.994799706223484,56.240108523626496,0.4935925282363162,15.563833845999323,54.61711711711712,0.5005771854339385,317.6333333333333,16.44459329638093,57.87562414888788,0.486103296950602,296.23333333333335
2017,P007989   ,TEL,686.5666666666667,411.08,353,316,82,310,2366.6,5599.433333333333,28,28.333018643060957,50.130652124517155,0.45152206632033787,28.066779134239688,44.50363825363825,0.35531370038412297,312.4,28.490669872889782,54.50141299959628,0.53184855233853,374.1666666666667
2017,P007990   ,TEL,359.7,112.44,93,89,26,83,2532.04,5999.433333333333,30,14.81324017502338,46.2962962962963,0.2307478454267445,14.119373036903605,56.980056980056986,0.32210834553440704,204.9,15.774222241532671,32.74616079494128,0.10981912144702842,154.8
2017,P007991   ,IST,49.46666666666667,14.0,6,10,0,-6,1793.76,4400.0,22,13.884611306617657,30.0,-0.12129380053908355,12.960250910457628,40.0,-0.07518796992481204,26.599999999999998,14.948845052231263,20.0,-0.1749271137026239,22.866666666666667
2017,P007992   ,MIL,149.51666666666668,50.28,45,41,12,21,1201.8799999999999,3075.0,15,17.207574962714844,48.617113223854794,0.1404525693902575,18.307971023896723,57.88712011577424,0.20914496616772607,81.28333333333333,15.82997860954316,34.87124463519313,0.05862237420615535,68.23333333333333
2017,P007993   ,MIL,528.9666666666667,173.92,183,134,43,154,2411.48,6100.0,30,16.634026445746855,59.83520795187025,0.2911336568151742,17.765313709518686,53.20480721081623,0.25250890255746195,257.4166666666667,15.554686506757166,67.08652792990142,0.3277481126864297,271.55
2017,P007994   ,BAS,303.93333333333334,99.0,95,70,25,98,1629.12,4000.0,20,15.995350943169909,58.641975308641975,0.32243913138846236,15.34397623270992,61.39489194499018,0.332355816226784,153.45,16.67615193747721,55.85898709036743,0.31232694650570386,150.48333333333332
2017,P007995   ,BAS,5.733333333333333,3.0,0,3,0,-4,808.6,2000.0,10,25.88453197890123,0.0,-0.6976744186046512,22.578630079250996,0.0,-0.7003891050583658,4.283333333333333,34.647333454599,0.0,-0.6896551724137931,1.45
2017,P007996   ,BAS,45.88333333333333,21.080000000000002,15,17,7,16,243.56,600.0,3,22.635543470486255,37.35059760956175,0.34871049763893935,22.74576011050572,40.48582995951417,0.4299363057324841,20.933333333333334,22.366606656262203,34.31372549019608,0.280561122244489,24.95
2017,P007997   ,BAR,225.0,98.6,79,74,15,78,2109.8,5200.0,26,21.601626273159116,49.007444168734494,0.3466666666666667,22.596092800122722,46.47283126787416,0.3581815398744834,108.88333333333333,20.668606022779016,51.75983436853002,0.33586909717238406,116.11666666666667
2017,P007998   ,ULK,502.3666666666667,175.68,169,126,47,208,2316.12,6100.0,30,18.420451951844633,57.60839923643305,0.41404020967420874,19.017488263030828,64.28950159066808,0.4829436565733998,260.9,17.79971845313684,50.533408197641776,0.33959138597459965,241.46666666666667
2017,P008001   ,KHI,711.9333333333334,265.76,309,197,79,339,2228.88,5576.716666666666,28,18.679798025742272,66.66379012771833,0.47616818054124915,18.31953984104266,64.26123381568927,0.41806681162285037,337.26666666666665,18.973470783550802,68.65530303030303,0.5284697508896797,374.6666666666667
2017,P008002   ,MAL,644.4333333333333,329.48,276,256,67,243,2495.36,6075.0,30,24.893968166381658,48.33963850357293,0.37707546681839343,26.065996142695926,48.70515561891185,0.42155247601511775,343.96666666666664,23.47789365752443,47.814207650273225,0.32615930774351004,300.4666666666667
2017,P008003   ,KHI,229.53333333333333,147.12,117,109,48,114,1223.0,3000.0,15,31.444938228916243,44.95849984629572,0.49665988963113566,33.951840282099326,38.46153846153846,0.32757857459052675,112.95,28.887019667886264,52.570093457943926,0.6604717655468191,116.58333333333334
2017,P008004   ,MIL,592.5333333333333,175.8,200,101,95,304,2411.48,6100.0,30,15.010053844304927,70.02801120448179,0.5130513051305131,15.606462844633505,69.92502883506344,0.5335205335205335,284.9,14.457742549260503,70.12527233115469,0.4940947014844512,307.6333333333333
2017,P008014   ,OLY,418.55,174.92000000000002,158,138,43,137,2251.68,5676.0,28,21.069674896795416,50.344124394595966,0.3273205112889738,21.88071921693743,43.373493975903614,0.33857892226990943,209.7,20.27227540798851,58.17099567099567,0.31601627962652623,208.85
2017,P008015   ,TEL,40.85,13.879999999999999,9,13,2,4,1507.96,3599.4333333333334,18,16.220779231882805,32.4207492795389,0.09791921664626682,13.637786014305728,33.333333333333336,0.047132757266300083,21.216666666666665,18.862085532513674,31.725888324873097,0.15280135823429541,19.633333333333333
2017,P008025   ,OLY,0.0,0.0,0,0,0,0,321.96000000000004,825.0,4,,,,,,,0.0,,,,0.0
2017,P008032   ,BAS,7.9,2.0,3,1,0,1,471.92,1200.0,6,12.874956278794302,150.0,0.12658227848101264,13.038517955125768,150.0,0.12658227848101264,7.9,,,,0.0
2017,P008038   ,MAD,144.8,49.519999999999996,51,40,8,35,2385.0,5825.0,29,16.705120631942272,58.59374999999999,0.24171270718232044,18.91738110257667,65.25285481239804,0.27522935779816515,72.66666666666666,14.402747769936452,50.0,0.2079482439926063,72.13333333333333
2017,P008041   ,PAM,89.33333333333333,30.28,33,22,12,44,1841.48,4799.883333333333,24,17.66997773367885,60.483870967741936,0.49253731343283585,19.099776744132278,57.09134615384615,0.3703703703703704,51.3,15.800068503160695,65.78947368421052,0.6573181419807187,38.03333333333333
2017,P008042   ,BAM,1.1333333333333333,0.0,0,0,0,-1,157.88,400.0,2,0.0,,-0.8823529411764706,,,,0.0,0.0,,-0.8823529411764706,1.1333333333333333
2017,P008049   ,BAM,695.8333333333334,303.2,314,252,55,346,2108.16,5400.0,27,22.322567978796506,56.84286748732803,0.4972455089820359,21.877657609553687,59.095178459611766,0.4613283423541909,329.48333333333335,22.73343962777412,54.90433845324711,0.5295482462126382,366.35
2017,P008052   ,OLY,206.6,84.28,97,73,12,71,1866.16,4726.0,23,20.661842483507453,61.95707715891671,0.3436592449177154,16.48842835974689,54.0,0.22062879205736347,90.65,23.7661070905508,65.69069069069069,0.4398447606727037,115.95
2017,P008062   ,BAM,2.3166666666666664,1.0,3,1,0,3,365.2,1000.0,5,23.639357955037944,150.0,1.2949640287769786,23.19477035244454,150.0,1.2949640287769786,2.3166666666666664,,,,0.0
2017,P008066   ,RED,234.0,137.64,117,101,31,89,1552.96,3800.0,19,28.786053564541096,51.02930914166085,0.3803418803418803,29.48905574667177,43.10344827586207,0.2105810477057065,128.21666666666667,27.718706850720327,60.975609756097555,0.5861036710256814,105.78333333333333
2017,P008152   ,IST,244.05,116.88000000000001,110,86,27,93,1125.56,2800.0,14,23.827625581523,56.19125459746629,0.3810694529809465,26.03558761203006,67.59192501802451,0.615222821085842,126.78333333333333,21.52684052392429,41.27358490566038,0.12791358726549176,117.26666666666667
2017,P008200   ,BAR,0.0,0.0,0,0,0,0,77.24,200.0,1,,,,,,,,,,,0.0
2017,P008348   ,PAN,83.06666666666666,46.6,32,30,15,31,694.92,1650.0,8,26.64024792996716,43.71584699453552,0.37319422150882825,27.87324527476688,40.137614678899084,0.34662045060658575,57.7,23.479005008884005,52.68199233716475,0.4336399474375821,25.366666666666667
2017,PAAX      ,MAD,469.2,230.68,247,148,97,312,2472.68,6025.0,30,23.959131441245862,64.76819802810992,0.6649616368286445,24.089354894163716,60.913185913185906,0.6634865568083261,230.6,23.844568248821737,68.81720430107526,0.6663872590108969,238.6
2017,PABN      ,BAM,604.35,195.36,170,133,44,185,2180.2,5600.0,28,16.606144303446833,55.78892097663428,0.30611400678414824,17.020964517293063,56.90841715193224,0.3047920076762432,295.2833333333333,16.20943586283143,54.6875,0.3073770491803279,309.06666666666666
2017,PADI      ,BAR,342.5,172.84,152,134,36,123,2287.7599999999998,5600.0,28,24.70536315253323,50.720768820074746,0.35912408759124087,21.726335269112415,43.890449438202246,0.22149837133550487,153.5,27.102350911874723,54.90956072351421,0.4708994708994709,189.0
2017,PAGP      ,ZAL,126.36666666666667,50.519999999999996,35,36,8,29,970.2,2450.0,12,20.19136231745042,44.28137651821862,0.22949089949881296,19.268074555499336,54.6448087431694,0.2068965517241379,53.16666666666667,20.868953032284015,38.18327974276527,0.2459016393442623,73.2
2017,PAMM      ,OLY,636.0166666666667,306.12,314,243,73,369,2018.56,5076.0,25,24.206564361517604,57.066007560337304,0.5801734755378528,24.943575141526235,62.683284457478,0.6196377502383222,314.7,23.527294890315186,51.542675893886965,0.5415218631671768,321.31666666666666
2017,PBAE      ,RED,327.06666666666666,128.4,111,101,35,112,1556.48,3799.9833333333336,19,19.16888631896429,47.68041237113402,0.3424378312270689,21.43619429681397,50.7416081186573,0.4412944637603637,124.63333333333334,17.77033715147334,45.273173726212406,0.2815741808002635,202.43333333333334
2017,PBCQ      ,CSK,94.65,24.88,22,18,2,25,1970.24,4825.3,24,12.875524840798542,58.26271186440678,0.2641310089804543,8.286601270420725,70.0,0.2119392440833628,47.18333333333333,17.45119212689249,54.034582132564836,0.31601123595505615,47.46666666666667
2017,PBCV      ,BAS,10.0,2.0,0,1,0,0,150.44,400.0,2,10.635469290082424,0.0,0.0,0.0,,0.0,5.783333333333333,24.588299657607926,0.0,0.0,4.216666666666667
2017,PBFX      ,KHI,365.65,97.2,91,79,5,86,2396.08,5976.716666666666,30,13.261481286383695,56.03448275862069,0.23519759332695203,13.490620905250642,44.04761904761905,0.15924657534246575,194.66666666666666,13.027792582303436,68.87755102040816,0.32166877863339505,170.98333333333335
2017,PBGV      ,KHI,280.7166666666667,85.03999999999999,83,63,16,54,2396.08,5976.716666666666,30,15.112851079153716,59.25185608223872,0.1923647806210295,15.845297507246528,54.28403755868545,0.1680244399185336,130.93333333333334,14.463732213781183,63.95995550611791,0.21364192722821854,149.78333333333333
2017,PBMT      ,MAD,479.1,180.84,191,147,36,233,2085.36,5025.0,25,18.19086497852134,58.64652419552935,0.4863285326654143,17.95716536473276,53.304904051172706,0.4500764693030369,228.85,18.42032008742779,63.2118451025057,0.5194805194805194,250.25
2017,PBTG      ,MIL,26.216666666666665,7.76,1,2,4,-2,1699.48,4300.0,21,14.978442005318676,13.297872340425533,-0.07628734901462175,13.854589334757698,28.40909090909091,0.0,10.066666666666666,15.686943819406885,0.0,-0.12383900928792571,16.15
2017,PBWI      ,ZAL,645.5,303.12,351,227,98,414,2302.72,5850.0,29,23.859595377240737,64.97112394491337,0.6413632842757552,24.191306400663837,62.1414913957935,0.6302402260951484,353.8333333333333,23.507412255334692,68.32147477360931,0.6548571428571428,291.6666666666667
2017,PCCD      ,ULK,705.2333333333333,253.8,278,205,45,294,2241.28,5900.0,29,18.94718423279527,61.83274021352313,0.4168833010351184,20.426301521373528,62.562147828969174,0.45099985817614524,352.55,17.503533079872323,60.987322320399535,0.3827796417938661,352.68333333333334
2017,PCHX      ,RED,752.1,290.56,267,237,74,255,2386.24,5799.983333333334,29,18.780314379196177,49.525152099718056,0.33905065815715996,18.910115408367194,46.11237230419977,0.2981018302263366,392.48333333333335,18.63298223773082,53.265940902021775,0.3837419474440376,359.6166666666667
2017,PCPR      ,IST,734.3333333333334,280.36,240,216,44,247,2136.16,5200.0,26,18.587559409338688,50.98572399728076,0.336359509759419,18.545951413539843,51.33637548891786,0.3281770788821468,390.03333333333336,18.648311481654805,50.60369318181818,0.3456288120824862,344.3
2017,PCVM      ,CSK,764.3166666666666,370.56,404,283,49,395,2453.0,6025.3,30,23.81750859417922,66.32519043866562,0.5168015002507687,25.064011806464453,68.87985546522131,0.609036517433464,403.9166666666667,22.41929644520003,62.77463904582549,0.4134295227524972,360.4
2017,PJBX      ,MIL,323.9,115.24,90,79,21,98,1759.32,4475.0,22,18.099663348416694,50.99728014505893,0.3025625192960791,16.290949096295964,51.455823293172685,0.2630575676706062,174.86666666666667,20.30381647080525,50.6198347107438,0.3489152314918363,149.03333333333333
2017,PJCC      ,MAD,283.3833333333333,72.52,66,61,8,59,1895.36,4625.0,23,12.489168147810446,51.14693118412895,0.20819855319649475,11.603721514797204,47.03328509406657,0.15877016129032256,132.26666666666668,13.291558549924302,54.22993492407809,0.2514613433329657,151.11666666666667
2017,PJJS      ,MAL,570.5666666666666,170.6,162,113,65,275,2495.36,6075.0,30,14.558468785870513,57.20338983050848,0.4819769819477713,14.810983275121,57.68222338751966,0.5148514851485149,303.0,14.243441615337519,56.644213104715256,0.4447489722187617,267.56666666666666
2017,PJLX      ,CSK,562.1333333333333,157.6,166,116,40,216,2453.0,6025.3,30,13.772982546252853,62.125748502994014,0.38425047438330173,14.14842726451517,64.58966565349544,0.3979340298157061,283.96666666666664,13.389470820111221,59.73451327433629,0.37028160575194724,278.1666666666667
2017,PJUG      ,BAR,498.7166666666667,174.48,188,128,17,226,2361.8,5800.0,29,17.183302726412077,69.38293475051668,0.4531631186712562,15.36768774006706,78.9382373351839,0.5078098121516549,242.21666666666667,18.8917406166307,62.30729701952723,0.4015594541910331,256.5
2017,PJUJ      ,BAS,386.3,167.4,137,114,35,146,2332.4,5800.0,29,21.551906883828934,52.93663060278207,0.3779446026404349,22.208712267291528,58.98366606170598,0.469291618522798,187.51666666666665,20.9258068666235,46.61820480404551,0.29177496436656325,198.78333333333333
2017,PJUO      ,OLY,515.3833333333333,312.68,261,215,72,231,1624.76,4100.0,20,30.619237187777557,52.902545808334686,0.4482100701743039,31.05669165271814,54.227359088030404,0.4928680590932246,261.73333333333335,30.187927888081713,51.51213027583915,0.40212891780011834,253.64999999999998
2017,PJZH      ,PAM,127.73333333333333,42.44,33,34,1,10,1235.32,3249.883333333333,16,17.48193185784289,47.90940766550523,0.07828810020876827,18.420276478335502,40.90909090909091,0.0,78.93333333333334,16.262834367666454,60.28938906752412,0.20491803278688525,48.8
2017,PKIW      ,MIL,327.3,110.2,109,76,30,143,2176.28,5500.0,27,17.018195306335123,61.09865470852018,0.436908035441491,16.72738235141109,66.40625,0.5073705862187179,145.85,17.265996278190467,57.08661417322835,0.3802700468448609,181.45
2017,PKLT      ,BAR,709.2666666666667,354.96,340,260,59,418,2443.2799999999997,6000.0,30,24.57977323609605,59.44887396838719,0.5893411034871698,24.10603397376297,57.63172966781214,0.5992865636147443,350.4166666666667,25.039677578721104,61.18403062619633,0.5796293716037341,358.85
2017,PKPD      ,ZAL,674.6333333333333,209.36,254,176,19,209,2392.68,6075.0,30,15.758597840712461,68.88696029507484,0.3097979149167449,15.623332166994484,71.26696832579185,0.3025915014730114,333.78333333333336,15.885315584035489,66.69445602334306,0.31685492151973005,340.85
2017,PKVZ      ,KHI,970.6833333333333,681.92,643,517,168,600,2396.08,5976.716666666666,30,35.04670595449557,54.406687876531514,0.6181212547861472,34.56797962294349,55.32064834390415,0.639225181598063,481.8333333333333,35.49778492442209,53.56212555352956,0.5973202413828372,488.85
2017,PLBJ      ,IST,546.6,257.4,283,192,85,416,2456.2400000000002,6000.0,30,23.006436832779812,61.68265039232781,0.7610684229784119,21.483969812031166,58.98645876077144,0.6952491309385864,258.9,24.36012607550075,63.674954517889624,0.8202989224887035,287.7
2017,PLDX      ,MAL,511.4166666666667,233.4,272,192,35,240,2416.7599999999998,5875.0,29,22.18862123941962,65.57377049180327,0.46928466677529734,22.807317905495786,64.76008344923504,0.4665686994856723,272.2,21.45514902653979,66.5872672152447,0.47237511321674913,239.21666666666667
2017,PLEM      ,BAM,579.2,205.2,202,149,55,212,2177.36,5600.0,28,18.22370118448475,58.314087759815244,0.3660220994475138,17.98734182386532,59.30232558139535,0.3310154588816735,290.01666666666665,18.463187550229694,57.3394495412844,0.40112961788945883,289.18333333333334
2017,PLHI      ,CSK,389.5,118.39999999999999,127,106,10,134,2123.4,5225.3,26,14.960759882877301,57.518115942028984,0.34403080872913994,14.184492196136496,55.91357088703563,0.3152101400933956,199.86666666666667,15.780768431834613,58.986814712005554,0.37440674986816663,189.63333333333333
2017,PLHK      ,PAM,558.2,273.16,292,209,64,359,2247.76,5849.8,29,25.471137908168284,61.56181480856806,0.6431386599785023,25.66648466337077,63.68885869565217,0.5449982072427394,278.9,25.25195440754118,59.46398659966499,0.7411385606874329,279.3
2017,PLIM      ,ULK,2.216666666666667,0.0,0,0,0,-1,808.1600000000001,2225.0,11,0.0,,-0.45112781954887216,0.0,,-0.45112781954887216,2.216666666666667,,,,0.0
2017,PLLH      ,CSK,189.9,86.6,80,70,15,41,2368.96,5825.3,29,22.4276356161774,52.21932114882507,0.21590310689836756,21.640314856962505,33.1858407079646,-0.0599880023995201,83.35,23.039246398421653,65.61387900355872,0.4317221961520413,106.55
2017,PLME      ,KHI,685.5333333333333,197.4,138,141,35,208,2323.24,5776.716666666666,29,14.319754017384868,44.11764705882353,0.3034134007585335,13.828260935926005,47.450424929178475,0.3343465045592705,329.0,14.762411030835363,41.375291375291376,0.27486910994764396,356.53333333333336
2017,PLRQ      ,PAM,518.1,183.32,172,127,28,195,1859.8400000000001,4849.883333333333,24,18.453636411347173,61.7283950617284,0.37637521713954836,18.14419381687656,65.23058252427184,0.3853516951769283,269.8833333333333,18.79569647394374,58.58310626702997,0.3666151883435171,248.21666666666667
2017,PLTF      ,KHI,6.466666666666667,2.88,3,1,2,1,699.52,1800.0,9,22.919987549636392,79.7872340425532,0.15463917525773196,23.307151752757157,79.7872340425532,0.15463917525773196,6.466666666666667,,,,0.0
2017,PLUO      ,RED,611.3,125.92,100,105,18,76,2460.52,5999.983333333334,30,10.046006606120462,44.279135671271696,0.12432520857189597,10.62665490678642,37.87878787878788,0.05643778011398219,301.21666666666664,9.472020327045916,51.38266068759342,0.19027143241064232,310.0833333333333
2017,PLUR      ,BAM,298.23333333333335,145.32,156,101,53,216,1199.04,3000.0,15,24.38298017423663,62.74131274131275,0.724265116798927,20.706021829827787,71.48530579825258,0.7557354925775979,148.2,27.952078055037433,56.787452677122765,0.6931792934903355,150.03333333333333
2017,PLUR      ,MAL,100.15,49.8,49,33,20,62,825.04,2025.0,10,24.409473252547244,58.61244019138756,0.6190713929106341,22.061828949733165,77.09251101321586,0.8343868520859671,26.366666666666667,25.604856469234655,53.484107579462105,0.5421278518183872,73.78333333333333
2017,PTFX      ,PAN,247.58333333333334,100.56,115,59,49,131,2426.12,6075.066666666667,30,20.341015219289904,71.37537239324726,0.5291147761696399,17.810065575281822,68.43575418994413,0.5844155844155844,112.93333333333334,22.57631447765966,73.7265415549598,0.48273301151132564,134.65
2018,P000007   ,MUN,692.1,291.84,297,231,61,300,2324.2,6049.916666666667,30,21.952392485187637,57.59385665529011,0.43346337234503685,21.24122482415747,55.69118095819346,0.41309540536743006,355.85,22.70043104855451,59.56137582833701,0.4550185873605948,336.25
2018,P000046   ,OLY,414.5,150.72,175,115,38,166,1594.56,4025.0,20,18.356985524002354,66.4287883389007,0.40048250904704463,17.151718597221098,68.23821339950372,0.3618494527585437,223.85,19.773028808191327,64.69363474122547,0.4458431681091004,190.65
2018,P000202   ,BUD,311.1666666666667,63.2,82,59,5,69,2154.6,5400.0,27,10.180781358860461,66.99346405228758,0.22174611676486342,10.945489716397995,76.49513212795549,0.360270202651989,133.23333333333332,9.599953744374192,58.56966707768188,0.11802173098538778,177.93333333333334
2018,P000229   ,BUD,791.9166666666666,300.6,293,237,40,262,2399.04,6000.0,30,18.98686445008394,57.54124116260802,0.33084289171840475,19.527805138380074,56.78282514001244,0.32455373860941206,400.55,18.45104356797935,58.314820691843856,0.33727961843113874,391.3666666666667
2018,P000399   ,ZAL,214.08333333333334,88.44,100,64,26,113,1452.48,3675.0,18,20.90465736550261,66.2778366914104,0.5278318411833398,19.728541241759757,59.69609261939218,0.3058438012015292,91.55,21.773485137857723,70.0836820083682,0.6936887921653971,122.53333333333333
2018,P000436   ,MIL,366.9,108.48,141,94,17,112,1938.92,4625.35,23,14.106415489136344,69.47181710681907,0.30526028890705914,13.246724008171162,63.76195536663124,0.21633802816901407,147.91666666666669,14.612357643419095,72.83834586466165,0.365324606134409,218.98333333333335
2018,P000464   ,PAN,341.23333333333335,146.24,130,111,46,79,1542.48,3825.0,19,21.25478045230784,49.52758305394696,0.23151313861482856,20.079898839021716,60.76975016880486,0.3164621158332488,164.31666666666666,22.320872324151654,40.27777777777778,0.15261422515308526,176.91666666666666
2018,P000494   ,ULK,68.63333333333333,22.88,21,19,2,17,2045.6,5475.0,27,17.84490878490096,52.816901408450704,0.24769305488101023,18.957394834142438,50.355450236966824,0.31815346225826574,53.43333333333334,14.055970876028345,66.66666666666667,0.0,15.2
2018,P000529   ,MIL,942.4333333333333,404.64,418,327,81,411,2515.2,6025.35,30,20.571119358879066,57.632914184866536,0.4361051179570615,19.84670993158777,58.73631386861313,0.45542806707855255,472.0833333333333,21.28090800582159,56.599743699273816,0.41671095992346124,470.35
2018,P000531   ,BUD,699.3166666666666,296.48,228,225,42,189,2399.04,6000.0,30,21.206318510149124,46.821094135041896,0.27026382897590506,20.500804558807612,49.26752703174049,0.24639507209855804,357.15,21.936483811896142,44.64285714285714,0.29517778860204574,342.1666666666667
2018,P000532   ,BUD,57.68333333333334,18.0,14,13,0,17,1828.56,4600.0,23,15.700040338485286,53.84615384615385,0.29471251083501876,13.772764594516364,42.857142857142854,0.1797304043934099,33.38333333333333,18.379143348128544,66.66666666666667,0.45267489711934156,24.3
2018,P000554   ,CAN,406.01666666666665,161.76,114,111,29,123,2359.96,5625.0,28,18.992194852190668,46.05688429217841,0.30294322893148884,20.775193563593575,42.14246873300707,0.28452017360552967,207.36666666666667,17.11703638196433,51.79282868525896,0.32217467908381575,198.65
2018,P000556   ,BAR,640.75,159.88,167,111,52,225,2423.68,6025.0,30,12.405586250516558,62.369285927696446,0.351150994927819,11.129482234699998,61.88981868898187,0.34697076149813544,308.3833333333333,13.605699117195414,62.72869837950863,0.35502958579881655,332.3666666666667
2018,P000848   ,MIL,352.01666666666665,173.64,172,128,31,156,1321.08,3200.0,16,23.896671153127105,60.71731149392827,0.44316083518772786,24.081833135595225,70.87938491110043,0.512212473322267,210.85,23.702533208236634,46.23287671232877,0.3400236127508855,141.16666666666666
2018,P000925   ,ULK,653.6,273.92,324,175,118,482,1891.16,5025.0,25,22.271501009023673,71.39079851930195,0.737454100367197,22.78113284040048,68.36596893990547,0.7601479754725586,328.8833333333333,21.745570480832235,74.69568424935449,0.7144690242775754,324.71666666666664
2018,P001133   ,BAS,406.0333333333333,196.84,196,134,86,239,1400.16,3400.0,17,23.5441444758337,57.029795158286774,0.5886216238404073,23.973764928538795,55.83992554676593,0.6030150753768844,199.0,23.12293636036142,58.22077317186773,0.5747866688133956,207.03333333333333
2018,P001255   ,OLY,704.4,222.48,208,160,42,242,2414.52,6025.0,30,15.762600491896256,58.26983415508741,0.3435547984099943,15.958205490755931,62.33303650934995,0.3885152093163337,332.0333333333333,15.583544742262145,54.151624548736464,0.30346432727598244,372.3666666666667
2018,P001287   ,PAN,290.2833333333333,93.32,91,66,28,92,1542.48,3825.0,19,15.94389854572567,58.09499489274771,0.3169317333639548,16.431940648009476,52.576235541535226,0.3146067415730337,133.5,15.515319739348977,63.30685203574975,0.31891144892101625,156.78333333333333
2018,P001288   ,MUN,758.85,249.36,291,199,69,351,2253.4,5849.916666666667,29,17.06130457559468,63.437391001046386,0.4625420043486855,17.0874226073418,59.4124251497006,0.3757062146892655,354.0,17.03184000921363,66.94970607446113,0.5384710386562924,404.85
2018,P001324   ,ULK,515.3833333333333,227.32,270,183,28,261,2278.8,6075.0,30,23.51675228165725,69.11734589391767,0.5064191701969408,22.324680053362616,70.2075702075702,0.4899974677133452,263.26666666666665,24.76242968078006,68.01319043693321,0.5235671316189595,252.11666666666667
2018,P001392   ,MAD,431.73333333333335,183.12,156,139,23,146,2479.76,6000.0,30,20.525407796642057,52.3068669527897,0.33817171093267445,20.59587178415512,52.903543307086615,0.3943092366577598,230.78333333333333,20.4426180201967,51.59198113207547,0.27369992535456583,200.95
2018,P001433   ,CAN,632.05,301.15999999999997,248,229,64,189,2513.56,6025.0,30,22.84250050524783,48.219007621714105,0.2990269757139467,22.342238191636383,45.94313453536755,0.25985563575791226,300.1666666666667,23.282532798436673,50.070521861777145,0.3344548787224426,331.8833333333333
2018,P001792   ,KHI,96.41666666666667,30.28,27,21,12,22,2159.4,5425.0,27,15.77976019940236,51.36986301369863,0.2281763180639585,15.416666681486738,50.9656652360515,0.22494376405898525,66.68333333333334,16.444429849316474,52.35602094240837,0.23542600896860985,29.733333333333334
2018,P001833   ,IST,809.6833333333334,320.40000000000003,357,270,35,454,2307.56,5800.0,29,19.892176074807118,62.543798177995804,0.5607130359605607,17.226476309019684,60.01655629139073,0.49853372434017595,409.2,22.503302762845546,64.3985419198056,0.6242457031087436,400.48333333333335
2018,P001844   ,CSK,497.8666666666667,179.48,186,123,67,202,2417.52,5825.0,29,17.37236159431969,60.99160545645331,0.4057311194429566,16.91032962586471,60.843699296917244,0.46068534053746624,234.43333333333334,17.778312081617734,61.130922058074376,0.3568265215740858,263.43333333333334
2018,P001887   ,PAN,441.31666666666666,241.04,244,192,66,229,1838.64,4425.0,22,26.289683402854124,55.19363011219689,0.5189017712149251,24.655173889797286,58.702944465150956,0.5945087361016564,220.35,27.905015213323516,51.88181498417165,0.44350580781414994,220.96666666666667
2018,P001926   ,ULK,726.05,279.56,323,197,74,418,2120.96,5675.0,28,20.604965206156592,70.3519776964628,0.5757179257626885,20.902573018242435,61.9533527696793,0.52332393143849,384.0833333333333,20.290243165718294,80.12820512820512,0.6345647723949703,341.96666666666664
2018,P001932   ,PAN,932.9,492.04,368,369,66,500,2485.72,6025.0,30,25.568200130913247,46.22650989850266,0.5359631257369493,24.95394280551141,46.3743676222597,0.5719160299681032,449.3666666666667,26.14431144656497,46.091799500672174,0.5025506686888185,483.5333333333333
2018,P001933   ,OLY,119.66666666666667,43.2,40,32,5,17,2414.52,6025.0,30,18.016349276293468,58.47953216374268,0.14206128133704735,17.481886734482817,54.034582132564836,0.09247842170160296,54.06666666666666,18.443751815051236,61.51574803149606,0.1829268292682927,65.6
2018,P001948   ,BAR,335.98333333333335,193.6,203,136,40,190,2113.6,5225.0,26,28.48925606154764,66.08072916666667,0.5655042412818095,28.271763905879,59.79643765903308,0.4704743465634076,172.16666666666666,28.724146121528683,72.66666666666667,0.6653779631702106,163.81666666666666
2018,P001960   ,MAD,439.5833333333333,231.8,257,200,45,177,2170.64,5200.0,26,25.264909748591418,58.46223839854413,0.402654028436019,26.957548462340903,60.987322320399535,0.4928777418509132,190.71666666666667,23.962049591703135,56.18948824343015,0.333511920707206,248.86666666666667
2018,P002008   ,MIL,511.6166666666667,227.16,255,171,64,264,2515.2,6025.35,30,21.272911176639834,64.01887929303074,0.5160113366126983,20.963563081903033,57.2394243349324,0.4627143152241272,242.05,21.51840350739432,69.80640357408787,0.5638679361938914,269.56666666666666
2018,P002100   ,CSK,690.05,362.12,391,261,98,428,2329.44,5625.0,28,25.343870759685526,64.28383532815994,0.6202449097891457,25.6948751625971,59.061004784689,0.5617209277862515,316.8833333333333,25.0309965821131,68.38459732331533,0.6699419383653417,373.1666666666667
2018,P002276   ,CSK,51.93333333333334,22.88,16,17,2,-2,1401.08,3425.0,17,21.53959133597764,44.742729306487696,-0.03851091142490372,21.412885640122354,14.285714285714286,-0.27993779160186627,21.433333333333334,21.472790479443987,64.33823529411764,0.13114754098360656,30.5
2018,P002328   ,ZAL,618.3,241.64,266,164,81,283,2364.56,6075.0,30,20.08147088454504,66.61991584852736,0.4577066149118551,21.277254391339874,68.48693759071118,0.50625,320.0,18.807113919491822,64.31767337807605,0.4056319141803553,298.3
2018,P002329   ,ZAL,749.3833333333333,221.6,210,160,65,242,2364.56,6075.0,30,15.19468375072041,55.67338282078473,0.3229321886884772,15.059095860566451,56.24172915747684,0.30666666666666664,375.0,15.330251556585619,55.14705882352941,0.33922450251524733,374.3833333333333
2018,P002507   ,BAR,611.2333333333333,278.72,291,190,88,401,2423.68,6025.0,30,22.671114527604598,63.614900314795385,0.6560506080602061,22.357089855088603,60.70640176600442,0.588936170212766,293.75,22.9734226836995,66.25,0.7181479342747651,317.48333333333335
2018,P002543   ,ZAL,382.6166666666667,172.28,156,113,37,155,1832.6,4675.0,23,22.972851640111546,60.334158415841586,0.40510519667203904,23.381120634908864,52.15123859191656,0.30612244897959184,173.13333333333333,22.63570908207606,67.72673733804476,0.48691224441085207,209.48333333333335
2018,P002551   ,BUD,370.35,124.8,140,106,20,131,2319.0,5800.0,29,16.856192291093475,60.97560975609756,0.3537194545700013,16.009657394689658,77.74706288873531,0.4226060707697468,198.76666666666665,17.83038274553401,43.921293042867184,0.2739193783389995,171.58333333333334
2018,P002561   ,CAN,238.81666666666666,92.8,74,59,20,84,1156.12,2800.0,14,18.82211648040417,54.57227138643068,0.3517342452369321,18.013335339491395,50.84151472650772,0.23843586075345732,104.85,19.449197972895277,57.28105906313645,0.44040806170689223,133.96666666666667
2018,P002580   ,IST,813.7833333333333,382.76,360,276,54,413,2307.56,5800.0,29,23.644097520498477,60.0480384307446,0.5075060929403814,24.859981013318617,69.88971531161836,0.6326331216414265,409.4,22.43273346713486,49.374130737134905,0.38082677327618186,404.3833333333333
2018,P002582   ,OLY,356.56666666666666,130.88,126,102,27,86,2086.4,5225.0,26,18.384476239252905,55.3213909378293,0.24118911844442367,16.703558832778466,36.641541038525965,0.07880379874722165,164.96666666666667,19.805645445562178,68.81427707199032,0.38100208768267224,191.6
2018,P002644   ,CAN,542.3166666666667,181.12,191,126,48,276,2438.96,5825.0,29,15.952718640938965,64.91299619358347,0.5089277482405729,17.068891527702277,59.03908794788273,0.5237359833478815,248.21666666666667,15.01073858885352,70.80610021786492,0.4964297857871472,294.1
2018,P002661   ,MAD,150.95,75.36,61,57,19,57,1892.0,4600.0,23,24.275851250746683,46.66462668298654,0.3776084796290163,21.84184207198611,38.4963768115942,0.2899426155240109,55.18333333333333,25.763775352996515,50.83179297597042,0.42812391228680824,95.76666666666667
2018,P002741   ,BUD,340.25,141.07999999999998,121,92,57,131,2399.04,6000.0,30,20.74011088638247,51.67406901264093,0.38501102130786186,20.225032546029386,57.45341614906832,0.43992932862190814,188.66666666666666,21.42469433058921,44.60895975702354,0.3166575041231446,151.58333333333334
2018,P002744   ,CAN,494.15,190.56,189,151,24,157,2429.48,5825.0,29,18.49207054676635,58.49220103986135,0.3177172923201457,17.012830274219382,64.68797564687975,0.4135188866799205,251.5,20.019959997212325,52.58704061895551,0.2184215948897589,242.65
2018,P002812   ,CSK,586.8,211.88,221,148,77,249,2494.24,6025.0,30,17.44410396263284,60.75434352320211,0.4243353783231084,18.027994622995895,62.70729684908789,0.47246714357012143,300.55,16.844408985644456,58.548009367681495,0.3737991266375546,286.25
2018,P002834   ,TEL,209.78333333333333,109.56,60,80,24,11,1023.48,2400.0,12,24.49305279852997,33.12720848056537,0.052435052037816794,25.245707042019696,35.79952267303102,-0.023748268355432416,84.21666666666667,24.01732817975043,31.55680224403927,0.10353066100345103,125.56666666666666
2018,P002849   ,ULK,777.3666666666667,234.92000000000002,223,181,43,280,2278.8,6075.0,30,16.112545066982936,55.772308923569426,0.3601903863470692,15.464983735323818,47.031772575250834,0.3065996882037069,384.8666666666667,16.74836925144003,63.79508825786647,0.41273885350318473,392.5
2018,P002925   ,IST,47.15,22.0,10,17,0,10,1358.6000000000001,3400.0,17,23.353839232233167,29.41176470588235,0.21208907741251326,22.491881081521168,31.25,0.4008016032064128,24.950000000000003,23.96978934913306,27.77777777777778,0.0,22.2
2018,P002968   ,IST,28.966666666666665,12.2,18,9,5,16,1433.92,3600.0,18,21.147979616788852,80.35714285714286,0.5523590333716917,29.322672677961318,101.35135135135134,1.4224137931034482,7.733333333333333,18.10657492668704,66.5680473372781,0.23547880690737832,21.233333333333334
2018,P002969   ,ULK,296.98333333333335,101.04,132,91,16,101,2128.84,5675.0,28,18.139031700635346,67.31946144430844,0.3400864246029519,18.86512264309858,64.1785150078989,0.295160736757808,145.68333333333334,17.43943722966319,70.67510548523207,0.38334434897554526,151.3
2018,P002971   ,DAR,295.8833333333333,126.32,101,87,28,86,1905.96,4600.0,23,20.607516664334927,50.845751107531214,0.29065510054638655,18.66236865257695,46.81647940074907,0.213261429096703,135.98333333333335,22.362523613870064,53.886925795053,0.35647279549718575,159.9
2018,P002980   ,PAN,650.2333333333333,236.4,244,166,85,290,2485.72,6025.0,30,17.62434896071199,59.9803343166175,0.44599374583482854,16.563240807260293,54.7739852398524,0.35975576214313215,302.98333333333335,18.557780654834797,63.849845731916346,0.5212383009359252,347.25
2018,P003024   ,BAS,231.36666666666667,103.16,86,81,14,68,997.12,2400.0,12,21.463688351424874,49.33455713630106,0.2939057772655237,21.503196436482998,56.67506297229219,0.34290271132376393,125.4,21.371487710616133,40.48582995951417,0.23592324630386913,105.96666666666667
2018,P003048   ,IST,702.6833333333334,208.0,245,148,75,355,2224.84,5600.0,28,14.901257542257921,67.67955801104972,0.5052062332487369,13.974667660564252,69.84987489574645,0.5310199789695058,380.4,15.96430689447354,65.2327221438646,0.4747375497750426,322.28333333333336
2018,P003067   ,MIL,451.1,205.32,186,168,28,127,2515.2,6025.35,30,21.807113252422834,51.57497781721384,0.28153402793172244,22.244291780258127,55.753791257805524,0.32704582944846877,232.38333333333333,21.36604307597028,47.44042365401589,0.233178389087861,218.71666666666667
2018,P003091   ,IST,35.55,11.0,13,10,0,13,1902.0,4800.0,24,15.617582203055191,65.0,0.3656821378340366,11.494552899010056,50.0,0.0,8.95,16.762934544155275,68.75,0.48872180451127817,26.6
2018,P003120   ,MIL,502.1333333333333,207.51999999999998,263,122,133,392,1777.24,4225.35,21,19.651129231595213,72.84511411477952,0.7806691449814126,18.67492817772893,72.89293849658314,0.7813917325385512,257.23333333333335,20.63584336030916,72.79982743744607,0.7799101674152715,244.9
2018,P003151   ,CAN,538.7666666666667,268.52,302,237,33,259,2513.56,6025.0,30,23.89316656545844,60.034987277353686,0.48072758770030316,23.180956481144214,58.86651510230595,0.3782824263940748,272.28333333333336,24.616560932347355,61.15612340292925,0.5854024641941334,266.48333333333335
2018,P003204   ,CAN,409.53333333333336,184.44,152,127,51,159,2513.56,6025.0,30,21.59054711305783,50.856531049250535,0.3882467849584893,22.69711072800941,54.71570397111913,0.4643962848297214,226.1,20.255291069950143,45.23026315789474,0.29438488097401416,183.43333333333334
2018,P003210   ,PAN,325.5,132.56,117,99,24,118,2485.72,6025.0,30,19.742236162947393,53.39539978094195,0.36251920122887865,19.066777866675714,50.83732057416268,0.36726804123711343,155.2,20.3632171539285,55.55555555555556,0.35819142689371697,170.3
2018,P003332   ,BUD,156.65,61.84,56,50,11,80,704.52,1800.0,9,20.171967326240633,51.05762217359591,0.5106926268751995,23.75788039281749,52.490234375,0.662275235891045,93.61666666666667,14.611076514372435,46.829971181556196,0.2855631940772078,63.03333333333333
2018,P003452   ,BAR,305.68333333333334,109.92,121,79,43,133,2423.68,6025.0,30,17.877909192843433,61.78513071895425,0.4350907802191811,18.366197702164158,63.747228381374725,0.43616809400517825,167.36666666666667,17.26422793301194,59.36073059360731,0.4337872032775033,138.31666666666666
2018,P003453   ,ZAL,170.56666666666666,63.48,67,49,17,81,1025.0,2600.0,13,18.88088008884779,59.313031161473084,0.4748876294703928,19.945402690397547,53.52209944751381,0.3929878636100944,86.51666666666667,17.7935628961848,65.40697674418605,0.5591909577632362,84.05
2018,P003469   ,OLY,291.35,100.24,105,84,21,133,2414.52,6025.0,30,17.17047364844214,56.30630630630631,0.4564956238201476,17.761793087132038,61.663879598662206,0.5170098478066248,148.93333333333334,16.557968931063368,50.66079295154185,0.3932124049151551,142.41666666666666
2018,P003479   ,MAD,34.05,17.2,11,11,5,10,679.84,1600.0,8,23.776865179299335,41.66666666666667,0.2936857562408223,19.792337537896046,25.510204081632654,0.4358353510895884,13.766666666666667,26.690276086385015,54.6448087431694,0.19720624486442073,20.28333333333333
2018,P003490   ,MUN,711.7833333333333,244.84,244,179,61,295,2324.2,6049.916666666667,30,17.907726282066147,59.26933540614069,0.4144519633783689,17.652571734706594,60.96352101506741,0.3962637984715539,353.3,18.151110356997727,57.64100609756097,0.43237714445115993,358.48333333333335
2018,P003521   ,IST,325.6666666666667,62.0,64,50,0,91,2307.56,5800.0,29,9.570251867418904,64.0,0.27942681678607983,9.71627411979583,60.714285714285715,0.2638058389025677,189.53333333333333,9.426246800686949,68.18181818181819,0.3011753183153771,136.13333333333333
2018,P003537   ,OLY,322.95,66.64,37,48,6,44,2414.52,6025.0,30,10.298072365342898,36.532385466034754,0.13624400061929093,9.485600005574641,54.347826086956516,0.16194331983805668,172.9,11.233030556152935,18.086816720257236,0.10663112295901366,150.05
2018,P003540   ,BAS,365.1333333333333,126.96,129,81,59,152,2487.64,6025.0,30,16.842825429562794,60.302916978309646,0.416286288113931,16.78710763072585,53.686471009305656,0.3551841211804649,191.45,16.914475746621164,67.54111198120596,0.4836388062565972,173.68333333333334
2018,P003573   ,KHI,391.3,113.67999999999999,113,88,22,127,2075.8,5225.0,26,14.625307293642505,57.84193284193284,0.3245591617684641,15.877953595021866,62.03263086335826,0.3749121299695384,213.38333333333333,13.074190389570058,51.49330587023687,0.26416861826697896,177.91666666666666
2018,P003608   ,PAN,349.8,129.68,140,105,22,130,1972.28,4800.0,24,18.044957310728062,61.03941402162539,0.3716409376786735,18.739122880013323,59.776029055690074,0.3746747614917606,192.16666666666669,17.266704125313563,62.757201646090536,0.3679424825544513,157.63333333333333
2018,P003921   ,CAN,370.15,168.88,158,132,52,169,1857.6,4425.0,22,21.73659606535656,51.00723140495868,0.456571660137782,23.860026467138315,47.66031195840555,0.5259539360605019,193.93333333333334,19.386341685725274,55.9462915601023,0.38021375200983637,176.21666666666667
2018,P003941   ,OLY,728.6,270.44,327,190,101,560,2249.4,5600.0,28,18.48132448580975,69.74065859068419,0.7685973099094153,17.910469768977062,70.109439124487,0.7875066737853711,374.59999999999997,19.084626703535065,69.37351038474634,0.748587570621469,354.0
2018,P004004   ,ULK,630.0166666666667,223.32,266,161,53,287,2278.8,6075.0,30,18.899296904179295,72.15711805555556,0.45554350414010214,22.105030132517822,66.40784634246016,0.4185809086268504,293.85,16.0958935566655,78.66728366496993,0.48785324739712443,336.1666666666667
2018,P004094   ,DAR,254.7,81.84,67,63,11,62,2319.24,5600.0,28,15.517044503571894,49.38089622641509,0.24342363564978406,13.517398444365229,54.52342487883683,0.26942074539739563,111.35,17.197490037710267,46.425255338904364,0.22322985699337286,143.35
2018,P004096   ,DAR,124.63333333333333,55.4,48,40,10,41,1737.24,4200.0,21,21.49290009184086,54.054054054054056,0.32896496389408936,22.37107929363565,48.732943469785575,0.3721204961606615,56.43333333333334,20.835485660164572,58.62646566164155,0.29325513196480946,68.19999999999999
2018,P004117   ,MIL,726.6333333333333,170.56,175,136,24,248,2427.44,5825.35,29,11.26588687807859,59.702510917030565,0.3413000596357631,13.41430562225419,65.78947368421053,0.34877384196185285,367.0,9.109922638000489,51.62007623888183,0.333673185652053,359.6333333333333
2018,P004119   ,TEL,549.0666666666667,185.6,219,146,40,301,2487.56,6000.0,30,16.30649322295347,66.93154034229829,0.5482030111704711,15.358987044010378,68.88270980788676,0.5517072273646785,271.8833333333333,17.224805025930767,65.10416666666666,0.5447657988094522,277.18333333333334
2018,P004165   ,BAS,658.0166666666667,262.52,269,220,33,219,2050.6,5025.0,25,19.552874396261945,57.351185399965885,0.3328183176717915,19.056843148872474,52.6673462453279,0.29793850629482876,332.2833333333333,20.049564481402335,62.07191780821918,0.368399508800655,325.7333333333333
2018,P004178   ,MUN,547.2,229.44,271,190,26,264,2324.2,6049.916666666667,30,21.828753501802293,67.26568705321684,0.48245614035087714,22.508441952349543,63.632857693790974,0.40888262248854423,283.7,21.118119334626325,71.12157183790421,0.5616698292220114,263.5
2018,P004179   ,DAR,361.3333333333333,142.64,133,110,31,138,1917.12,4600.0,23,18.94400641552735,53.78518278874151,0.3819188191881919,17.604927215523578,57.32248520710059,0.43644716692189894,174.13333333333333,20.23028512286325,51.03507763082231,0.33119658119658124,187.2
2018,P004194   ,ULK,396.5,180.28,187,145,37,223,1666.84,4475.0,22,24.413693006192176,57.973710317460316,0.562421185372005,23.82919201085556,56.61801711122295,0.5656697009102731,205.06666666666666,25.037706317640893,59.29095354523228,0.5589413198676649,191.43333333333334
2018,P004222   ,BUD,315.71666666666664,123.44,133,95,26,159,1164.28,3000.0,15,20.148940636927247,62.47651258925216,0.5036161114923718,19.681019780256516,61.195826645264845,0.4734350341925303,158.41666666666666,20.641372961252248,63.60424028268551,0.5340114431023522,157.3
2018,P004222   ,MIL,174.88333333333333,51.64,35,38,6,58,1241.1599999999999,3025.35,15,14.395132313776971,43.061023622047244,0.3316496712093777,18.698945862374025,34.496753246753244,0.2159136345461815,83.36666666666667,10.554910801988072,56.25,0.437078856310326,91.51666666666667
2018,P004251   ,KHI,598.9,232.84,254,171,61,353,2310.72,5825.0,29,19.6011647767942,64.19328750505458,0.5894139255301386,19.57653280630799,62.890015600624025,0.6016172506738544,309.1666666666667,19.62725004260117,65.59613769941225,0.5763920846755637,289.73333333333335
2018,P004264   ,KHI,522.25,195.36,176,158,19,178,1738.16,4425.0,22,19.046304237956257,52.89733108920413,0.340832934418382,19.17011811115598,58.465855940130965,0.3936269915651359,266.75,18.915900932989864,47.006432459178626,0.2857142857142857,255.5
2018,P004292   ,OLY,0.0,0.0,0,0,0,0,578.76,1400.0,7,,,,,,,0.0,,,,0.0
2018,P004429   ,OLY,5.25,2.88,3,2,2,3,412.28000000000003,1025.0,5,27.276885334516066,52.083333333333336,0.5714285714285714,,,,0.0,27.515704492798623,52.083333333333336,0.5714285714285714,5.25
2018,P004499   ,MIL,4.016666666666667,2.0,0,2,0,-6,1266.68,3000.35,15,23.588439186990865,0.0,-1.4937759336099585,0.0,,-0.47619047619047616,2.1,49.4275924386081,0.0,-2.608695652173913,1.9166666666666667
2018,P004628   ,KHI,0.2833333333333333,0.0,0,0,0,0,314.96000000000004,800.0,4,0.0,,0.0,0.0,,0.0,0.2833333333333333,,,,0.0
2018,P004834   ,BAR,72.66666666666666,26.72,34,18,13,47,1925.84,4800.0,24,18.329568662901107,71.66947723440136,0.6467889908256882,23.97026222832791,77.31958762886597,0.5638474295190713,30.15,14.281445883628315,66.2251655629139,0.7056056448451588,42.516666666666666
2018,P004863   ,MUN,491.8833333333333,201.88,190,149,27,235,1778.48,4649.916666666667,23,21.46136636310567,59.050223769269024,0.47775556534408564,22.936752036428636,54.89524576954069,0.4286743515850144,277.6,19.645654923268754,65.74675324675324,0.5413393482149802,214.28333333333333
2018,P004866   ,ULK,770.9666666666667,277.48,295,214,67,328,2278.8,6075.0,30,19.189610138397473,60.57992442911122,0.42543992390505425,18.3346957390023,71.02770957558752,0.4809722880661983,386.7166666666667,20.050910674446932,51.37515451174289,0.36955107351984384,384.25
2018,P004887   ,BAS,763.75,310.44,340,241,76,491,2487.64,6025.0,30,19.689104635445304,61.944322984987615,0.6428805237315875,19.097844270602508,58.16605839416058,0.6009752668804639,379.3833333333333,20.26153931077459,65.42121466554715,0.6842424768016651,384.3666666666667
2018,P004888   ,CSK,782.1833333333334,385.32,397,288,128,522,2413.88,5825.0,29,23.775148745850412,57.64986059479554,0.6673627239990624,22.74171400263821,59.08040071923966,0.7001385970402825,372.78333333333336,24.704614915833414,56.46871686108165,0.6375183194919395,409.4
2018,P004941   ,CSK,149.7,37.96,29,34,9,20,1925.16,4600.0,23,12.117845225936371,38.19810326659642,0.13360053440213762,12.933692075390736,39.45182724252492,0.1565703634669152,89.41666666666667,10.943726668886361,36.023054755043226,0.09952999723527786,60.28333333333333
2018,P004974   ,TEL,619.0166666666667,264.24,264,222,21,251,2409.28,5800.0,29,20.552607674725106,57.08354955889984,0.4054818125521661,19.610110413767927,50.2132954141486,0.31242023584664863,326.48333333333335,21.610360583052294,63.59501347708895,0.5093436645396535,292.53333333333336
2018,P004997   ,DAR,509.73333333333335,133.72,119,110,13,96,2319.52,5600.0,28,12.666984362229524,51.41721396474248,0.1883337692911326,12.42868697973597,55.98208573256558,0.2292802104867506,266.05,12.917256450037558,46.05263157894736,0.1436290267423569,243.68333333333334
2018,P005014   ,KHI,690.2333333333333,167.88,193,141,27,200,2226.48,5625.0,28,12.289571932290542,63.1214024071167,0.2897570869754189,13.33455807304668,65.46275395033861,0.33835112084634383,357.6166666666667,11.158272619668807,59.89421281891724,0.23751064789296988,332.6166666666667
2018,P005094   ,PAN,638.2166666666667,295.08,299,242,57,290,2403.0,5825.0,29,22.41526037508346,55.9757376067096,0.45439114198417463,23.607843367907076,55.65419284348539,0.4455953486099575,341.1166666666667,21.03642749446625,56.36604774535809,0.4644900706832716,297.1
2018,P005099   ,BAR,452.1166666666667,186.68,189,150,47,226,1847.6,4625.0,23,20.67193136502345,55.36676822123271,0.49987097725513324,20.84965678150856,57.10132890365449,0.5307955230882648,248.68333333333334,20.45147180102851,53.11995696611081,0.46206783549074226,203.43333333333334
2018,P005128   ,MUN,177.8,66.52,67,47,8,86,2167.76,5649.916666666667,28,19.50209750693736,66.31037212984955,0.48368953880764903,21.21873091789518,73.1981981981982,0.47339449541284406,90.83333333333333,17.74624172466726,58.62646566164155,0.4944423150632426,86.96666666666667
2018,P005145   ,TEL,216.05,75.16,73,60,14,59,2315.4,5600.0,28,16.827689676781947,55.16928657799275,0.27308493404304557,16.330224909349184,69.04069767441861,0.36926147704590817,100.2,17.250446237227774,45.289855072463766,0.18990073370738025,115.85
2018,P005159   ,ULK,279.6666666666667,95.4,113,85,10,102,1978.8,5275.0,26,18.18688105840864,63.19910514541387,0.36471990464839094,17.308378180404073,61.33464180569186,0.3044949250845819,137.93333333333334,19.040661341163812,64.76151315789474,0.42333019755409224,141.73333333333332
2018,P005160   ,CSK,543.8666666666667,217.8,238,173,45,282,2494.24,6025.0,30,19.347027131781545,61.72199170124481,0.5185094385878892,20.28349636319596,60.55008210180624,0.5018100112345526,267.0333333333333,18.451322800054,62.919463087248324,0.5346177001806142,276.8333333333333
2018,P005161   ,PAN,633.5666666666666,214.12,226,172,48,262,2094.24,5025.0,25,16.218269995489198,58.512841756420876,0.4135318566843795,17.92919734567275,59.54579025110783,0.46274101094319964,319.8333333333333,14.454853898400136,57.193396226415096,0.3633659158521037,313.73333333333335
2018,P005348   ,ULK,8.433333333333334,3.0,0,2,0,-4,604.72,1600.0,8,18.824247932077927,0.0,-0.4743083003952569,12.58787913118458,,-0.2390438247011952,4.183333333333334,25.10696613697942,0.0,-0.7058823529411765,4.25
2018,P005357   ,BUD,31.483333333333334,8.76,5,5,4,1,477.68,1200.0,6,13.979691324372725,36.98224852071006,0.03176283748014823,23.45814041456399,25.0,0.09302325581395349,10.75,9.04265680952942,54.34782608695652,0.0,20.733333333333334
2018,P005368   ,MAD,42.11666666666667,19.52,20,13,8,12,596.36,1400.0,7,21.76082453310007,60.53268765133172,0.2849228333992877,31.563124275856445,50.0,0.3314917127071823,6.033333333333333,19.830127867271024,62.8698224852071,0.27713625866050806,36.083333333333336
2018,P005415   ,BAS,13.316666666666666,5.88,2,5,2,2,1822.68,4425.0,22,21.439499354441917,17.006802721088437,0.15018773466833543,14.744893462346182,0.0,-0.15113350125944586,6.616666666666666,27.987123824662113,25.77319587628866,0.4477611940298508,6.699999999999999
2018,P005504   ,ZAL,117.13333333333334,47.48,46,29,17,32,1644.04,4275.0,21,21.080647327999706,63.04824561403508,0.2731929425156517,19.644904160817305,62.625250501002,0.2421796165489405,66.06666666666666,22.938037718429587,63.559322033898304,0.31331592689295035,51.06666666666667
2018,P005692   ,MIL,45.56666666666667,14.64,14,10,6,8,2433.16,5825.35,29,15.384208887679824,55.379746835443036,0.1755669348939283,14.62799038290681,28.571428571428573,0.03773584905660377,26.5,16.465247629342052,88.65248226950354,0.36713286713286714,19.066666666666666
2018,P005718   ,OLY,264.98333333333335,87.52,79,66,8,49,2000.32,5025.0,25,16.594162343924964,56.81818181818182,0.18491729039562235,18.535662381076783,39.01170351105331,0.05265467310223782,113.95,15.1124519775363,70.94943240454077,0.2847053630545134,151.03333333333333
2018,P005757   ,MAD,651.85,314.32,375,259,78,423,2391.32,5800.0,29,23.390776488736098,63.92336015273422,0.6489222980747105,23.09637554848586,57.49153498871332,0.5060687101419461,324.06666666666666,23.689479895883814,69.93929796780154,0.7901560990491686,327.78333333333336
2018,P005771   ,TEL,745.6333333333333,210.32,221,163,53,305,2487.56,6000.0,30,13.607017383447058,59.306569343065696,0.40904823639858734,13.559810241115223,56.58897355445988,0.38220114381364206,358.45,13.645121832997344,61.804697156983934,0.4339029744737635,387.18333333333334
2018,P005781   ,TEL,643.7833333333333,234.76,200,180,54,216,2139.88,5200.0,26,17.722634918656244,49.07734589713389,0.3355166075543014,17.438662102381738,45.588235294117645,0.28177113283496263,347.8,18.071746255904564,52.57468553459119,0.39867109634551495,295.98333333333335
2018,P005788   ,CAN,456.8,157.48,148,117,42,176,1935.88,4625.0,23,16.472617366717415,54.620608207853564,0.38528896672504376,17.160494659658,52.34861346915676,0.40418832832979423,227.61666666666667,15.789147679602204,57.098765432098766,0.3665187986328267,229.18333333333334
2018,P005789   ,BAR,598.45,233.08,251,198,32,227,2423.68,6025.0,30,19.36372498508216,59.17578272350056,0.37931322583340293,18.5828447680137,53.191489361702125,0.31774346396120184,298.98333333333335,20.151724842328697,65.0749063670412,0.4407836153161176,299.46666666666664
2018,P005791   ,MAD,566.0333333333333,185.16,226,119,64,393,2395.84,5800.0,29,15.838182488655306,76.7871704267464,0.6943054001531124,15.485430987427069,73.09582309582309,0.6601466992665037,313.56666666666666,16.274314749778572,81.35644768856447,0.7367309215738052,252.46666666666667
2018,P005836   ,MAD,323.3,147.56,159,120,24,161,1568.8,3800.0,19,22.11102896837859,60.89154411764706,0.49798948345190225,21.543697455707292,54.34782608695652,0.4378698224852071,169.0,22.73222292285334,67.82334384858045,0.5638366817887233,154.3
2018,P005844   ,PAN,268.48333333333335,79.96,97,61,9,129,2154.88,5225.0,26,14.442708782829211,74.6613300492611,0.48047675212614066,14.425259182257593,74.462890625,0.55503585905831,160.35,14.418352802291935,75.0,0.36991368680641185,108.13333333333333
2018,P005884   ,MIL,72.63333333333333,23.759999999999998,25,20,4,22,2102.04,5025.35,25,15.641046056013822,57.444852941176464,0.3028912345112437,15.393885205365018,70.0,0.222104706504495,31.516666666666666,15.819308849874355,46.7687074829932,0.36481556546412647,41.11666666666667
2018,P005917   ,BAR,522.2333333333333,174.52,178,129,58,187,2423.68,6025.0,30,16.614695389313727,57.59772197773751,0.3580774877130274,18.09527026661455,56.63615560640732,0.3679157633942397,269.0833333333333,15.021545814418864,58.84982121573301,0.3476199881493186,253.15
2018,P005922   ,DAR,490.73333333333335,178.04,188,113,66,220,2401.92,5800.0,29,17.521507858242682,66.17854125598423,0.44830865371552775,18.871448557550643,68.01962533452274,0.4975913165436917,273.31666666666666,15.703055115641657,63.02521008403362,0.3863549252587198,217.41666666666669
2018,P005927   ,MAD,514.1666666666666,189.68,209,136,47,384,2216.6,5400.0,27,17.97438540577353,66.6964513658412,0.746839546191248,18.973548250484388,68.38905775075987,0.7586586036283672,242.53333333333333,17.087787547928116,64.97683993823983,0.7362866609399926,271.6333333333333
2018,P005928   ,MAD,667.4666666666667,284.72,237,195,63,324,2395.84,5800.0,29,20.653258029725887,53.20581896551724,0.4854174990011985,21.453435095072845,49.62107542403464,0.4625822368421053,324.26666666666665,19.898386990939187,56.757239899892745,0.506993006993007,343.2
2018,P005938   ,IST,431.8666666666667,129.44,141,109,26,141,2307.56,5800.0,29,15.066896561552907,58.535370308867485,0.3264896573016363,16.078238245789034,64.04720782959124,0.38069437513367077,233.78333333333333,13.943111722125156,51.02040816326531,0.2625157761884728,198.08333333333334
2018,P005942   ,MUN,444.6166666666667,126.28,125,97,37,116,2324.2,6049.916666666667,30,14.786137014192517,55.173022598870055,0.2608989016756007,14.258854950833452,65.78947368421052,0.2864060878588724,240.91666666666666,15.418852885022071,44.98269896193772,0.23073146784486992,203.7
2018,P005985   ,MIL,1017.7833333333333,623.3199999999999,595,468,178,607,2515.2,6025.35,30,29.342389497232237,54.45526431395518,0.5963941244862201,28.435162496678725,56.47648419429453,0.6276192047516912,505.0833333333333,30.20863399203531,52.62791021887634,0.5656329237370782,512.7
2018,P006135   ,CSK,4.716666666666667,0.0,0,0,0,1,160.4,400.0,2,0.0,,0.21201413427561838,0.0,,0.21201413427561838,4.716666666666667,,,,0.0
2018,P006245   ,MUN,0.0,0.0,0,0,0,0,79.16,200.0,1,,,,,,,0.0,,,,
2018,P006399   ,ULK,275.3666666666667,84.92,77,55,18,94,1987.16,5275.0,26,16.372622221345456,61.18881118881119,0.3413630311100351,16.521631892188708,63.4765625,0.33017660609163035,130.23333333333335,16.247868233125295,59.00621118012422,0.35140101056499773,145.13333333333333
2018,P006402   ,CAN,367.75,191.12,167,126,48,161,1529.92,3625.0,18,24.627636786276287,56.756389342033714,0.43779741672331746,25.095484064928513,54.10958904109589,0.39831697054698456,178.25,24.193470576398788,59.36319481921208,0.47493403693931396,189.5
2018,P006433   ,BAR,606.1833333333334,263.2,215,190,55,193,2423.68,6025.0,30,21.587068082668896,50.18674136321195,0.31838552693079647,22.276670547775897,53.01724137931034,0.34076698624426843,319.8666666666667,20.798087686404948,46.84317718940937,0.2933814541009372,286.31666666666666
2018,P006450   ,CSK,640.0833333333334,331.92,388,258,93,375,2173.24,5225.0,26,24.934777846539085,64.90030777465542,0.5858612159875016,24.45191888811928,63.75692218012241,0.6092745120162473,295.43333333333334,25.3449060457063,65.8708560118753,0.5657913825620194,344.65
2018,P006468   ,BUD,68.36666666666667,14.0,6,9,0,4,404.52,1000.0,5,10.124500988657521,33.333333333333336,0.058508044856167715,11.440738563233914,0.0,-0.23300970873786409,25.75,9.378964994087832,60.0,0.23464998044583496,42.61666666666667
2018,P006497   ,BUD,310.26666666666665,90.52,75,72,8,24,1312.1200000000001,3200.0,16,14.23035859353426,49.65572033898305,0.07735281478298238,13.610709738948916,44.59148446490219,0.0,146.4,14.715631154463876,53.974484789008834,0.14646053702196907,163.86666666666667
2018,P006505   ,ZAL,751.0166666666667,231.52,256,170,83,317,2364.56,6075.0,30,15.840353822096588,61.97946930079411,0.4220944941301791,15.864759282722838,67.51543209876543,0.49169316197214635,372.18333333333334,15.816174558884802,56.39828860365616,0.3537175538935328,378.8333333333333
2018,P006546   ,MAD,538.0333333333333,136.56,149,106,24,131,2479.76,6000.0,30,12.28247591153577,63.91557995881949,0.24347933833095844,12.006144109437825,63.21112515802781,0.264685395867193,287.1333333333333,12.598050613774786,64.75225225225225,0.219210840972499,250.9
2018,P006555   ,ZAL,556.0166666666667,278.08,261,228,32,269,1910.92,4875.0,24,25.517848507175835,53.907799074686054,0.4837984472887504,26.961355208382066,55.97615979381443,0.5129782261040717,270.9666666666667,24.15794977178592,51.72998643147897,0.456060340291177,285.05
2018,P006561   ,BUD,45.13333333333333,14.440000000000001,12,13,1,19,239.16,600.0,3,16.053232102610245,44.642857142857146,0.42097488921713444,17.447751570026718,55.147058823529406,0.5535055350553506,18.066666666666666,15.018623092634867,37.5,0.33251231527093594,27.066666666666666
2018,P006586   ,PAN,1.9833333333333334,2.0,0,2,0,-3,399.56,1000.0,5,50.47569132768734,0.0,-1.5126050420168067,47.298469106216594,0.0,-1.5126050420168067,1.9833333333333334,,,,0.0
2018,P006590   ,IST,583.6,269.24,272,226,21,214,2231.2,5600.0,28,23.158147731553832,57.813297058323414,0.3666895133653187,21.861463594006285,59.33952528379773,0.363904857338748,316.01666666666665,24.70847925390785,56.32145258910558,0.36997819993771414,267.5833333333333
2018,P006599   ,IST,323.6333333333333,166.76,182,142,29,151,2227.2,5600.0,28,25.911791760932804,58.800723701214785,0.46657740241013496,28.18740483145024,62.00280767430978,0.5294636729091087,169.98333333333335,23.53871947503002,54.84988452655889,0.397006182883176,153.65
2018,P006614   ,BAR,732.4666666666667,265.4,239,204,60,258,2423.68,6025.0,30,18.014608191321194,51.86631944444444,0.35223445890597976,16.7345186696298,54.25115617218072,0.37417072091994696,376.8333333333333,19.379586399881873,49.593082400813834,0.32899053332083605,355.6333333333333
2018,P006625   ,TEL,444.1,102.72,91,74,13,110,2487.56,6000.0,30,11.157885972959022,57.07476166583041,0.24769196126998422,12.217364787913082,55.528134254689036,0.2042205582028591,220.35,10.124290682971349,58.6734693877551,0.2905027932960894,223.75
2018,P006640   ,DAR,322.8833333333333,115.0,93,80,25,78,2408.28,5800.0,29,17.155493771543664,51.0989010989011,0.2415733236979301,15.541716730155855,63.496015936254985,0.3449691991786448,162.33333333333331,18.854107922933835,41.30605822187254,0.13702896293989414,160.54999999999998
2018,P006661   ,TEL,717.8666666666667,395.8,373,317,70,320,2405.28,5800.0,29,26.59036820332564,53.62277170787809,0.44576523031203563,28.612235543998224,58.779761904761905,0.5242868157286045,389.1,24.240024076673734,46.51162790697675,0.3528338233803103,328.76666666666665
2018,P006693   ,IST,0.0,0.0,0,0,0,0,238.0,600.0,3,,,,,,,0.0,,,,0.0
2018,P006710   ,CSK,1.5166666666666666,2.0,2,2,0,1,80.68,200.0,1,65.37834995941094,50.0,0.6593406593406593,65.37834995941094,50.0,0.6593406593406593,1.5166666666666666,,,,
2018,P006809   ,BUD,313.68333333333334,141.8,157,93,70,212,1079.08,2600.0,13,21.783842427906023,63.408723747980616,0.6758408161096647,22.971261742546297,51.64418212478921,0.5239786856127887,112.6,21.11130032986407,70.71765322158198,0.7608785743887276,201.08333333333334
2018,P006900   ,ZAL,21.016666666666666,8.0,4,6,0,4,872.36,2200.0,11,19.199197822607342,33.333333333333336,0.19032513877874704,19.343024905219178,50.0,0.22670025188916876,13.233333333333334,19.1019413302974,0.0,0.1284796573875803,7.783333333333333
2018,P006961   ,ULK,29.566666666666666,18.64,16,14,6,14,688.36,1800.0,9,32.97087081737926,48.07692307692307,0.47350620067643745,29.721433011271753,78.125,0.7703281027104136,11.683333333333334,35.25290198446933,32.16911764705882,0.27958993476234856,17.883333333333333
2018,P007032   ,MUN,531.9166666666666,210.48,193,155,42,166,2239.4,5799.916666666667,29,20.49685893265176,55.62600876181693,0.3120789597368009,20.292034857857743,55.858310626702995,0.29274412769220043,239.11666666666667,20.656234527231224,55.455635491606714,0.32786885245901637,292.8
2018,P007050   ,BUD,636.9166666666666,210.72,197,167,38,225,2311.64,5800.0,29,16.60201999330251,53.614195514914,0.3532644249640194,16.65364677218823,55.509007121910344,0.3188035029026862,338.76666666666665,16.553359645084512,51.563916591115145,0.392419922857622,298.15
2018,P007056   ,MUN,329.51666666666665,141.92,143,114,18,157,1239.36,3199.9166666666665,16,22.240134304113106,58.64501312335958,0.476455414495979,20.380478909959223,59.00508351488744,0.4880988249472733,165.95,24.105079512607784,58.348294434470375,0.46464234766659873,163.56666666666666
2018,P007057   ,MUN,62.45,15.879999999999999,9,11,2,-2,861.8,2250.0,11,13.277737530010084,37.878787878787875,-0.032025620496397116,16.321349835587377,20.0,-0.1741654571843251,22.96666666666667,11.493315214200512,50.872093023255815,0.05065428450823132,39.483333333333334
2018,P007109   ,BAR,126.76666666666667,51.96,50,41,9,43,1463.08,3625.0,18,20.311126202478953,55.604982206405694,0.3392058900867736,23.026238103110316,78.6042944785276,0.7023411371237459,59.8,17.822636997963386,23.834745762711865,0.014932802389248382,66.96666666666667
2018,P007200   ,IST,552.0166666666667,265.84,278,189,61,315,2229.6,5600.0,28,24.191299871895495,64.3995552260934,0.5706349445970834,24.833923139007887,66.26277925028398,0.5759940542549238,269.1,23.516788598942426,62.61343012704174,0.5655375552282769,282.9166666666667
2018,P007201   ,BAS,699.1666666666666,227.72,218,172,38,347,2487.64,6025.0,30,15.776838352701333,57.757524374735056,0.4963051251489869,15.803397450090118,60.09137862534763,0.5330618666419878,360.18333333333334,15.755013003505987,55.08859609268514,0.45724961895865085,338.98333333333335
2018,P007230   ,BAS,5.7666666666666675,3.0,4,3,0,5,686.8,1600.0,8,24.23907810706266,66.66666666666667,0.8670520231213872,,,,0.0,24.018061582309894,66.66666666666667,0.8670520231213872,5.7666666666666675
2018,P007265   ,BAS,0.0,0.0,0,0,0,0,490.0,1225.0,6,,,,,,,0.0,,,,0.0
2018,P007360   ,DAR,586.8833333333333,346.24,321,239,96,303,2404.8,5800.0,29,28.458007450863757,57.068695775849804,0.516286598699344,28.104243310880708,59.03962214641827,0.5719373592416069,318.21666666666664,28.83786485277094,54.73602484472049,0.45037220843672454,268.6666666666667
2018,P007398   ,BUD,285.03333333333336,106.8,102,83,20,80,2320.2,5800.0,29,18.733036001124635,55.55555555555556,0.28066892761080575,19.453193222589928,50.403225806451616,0.21590768085370393,134.31666666666666,18.096555556644272,60.43256997455471,0.3383832798849939,150.71666666666667
2018,P007400   ,MIL,269.6,121.84,141,95,36,145,833.12,2025.0,10,21.969363029339068,63.60519667989895,0.537833827893175,23.484931030452962,71.83908045977012,0.7100591715976331,140.83333333333334,20.340020596710158,52.904564315352694,0.3494693243593063,128.76666666666665
2018,P007424   ,DAR,350.1666666666667,124.12,97,98,23,91,1666.96,4000.0,20,17.011075541423416,44.85756566777654,0.2598762494050452,15.97552425330031,44.07616361071933,0.2240995998221432,187.41666666666666,18.19936012978193,45.719844357976655,0.3010752688172043,162.75
2018,P007432   ,DAR,701.1333333333333,229.48000000000002,263,187,42,373,2230.68,5400.0,27,15.846403431176679,63.99649600934398,0.5319958162974232,15.84359387279901,61.71702284450995,0.5508044644151326,344.95,15.839673431473592,66.54973173751547,0.5137803565579524,356.18333333333334
2018,P007497   ,ULK,1.0333333333333334,1.0,0,1,0,-1,157.4,400.0,2,49.186375374021395,0.0,-0.9677419354838709,,,,0.0,50.66711704104035,0.0,-0.9677419354838709,1.0333333333333334
2018,P007519   ,ZAL,64.23333333333333,35.4,29,20,10,23,1657.0,4225.0,21,28.104573730543223,59.42622950819673,0.35806953814218995,26.48057999910463,47.04301075268817,0.3002502085070892,39.96666666666667,30.681517735583004,78.78151260504202,0.4532967032967033,24.266666666666666
2018,P007524   ,ZAL,12.933333333333334,5.0,4,4,0,6,606.32,1600.0,8,20.40363837679535,50.0,0.4639175257731959,20.11174083206294,50.0,0.4639175257731959,12.933333333333334,,,,0.0
2018,P007553   ,CAN,73.71666666666667,17.0,18,16,0,18,977.6,2400.0,12,11.323046136232527,56.25,0.2441781596201673,12.633835749396498,44.44444444444444,0.20330368487928843,39.35,9.87886550794892,71.42857142857143,0.2909796314258002,34.36666666666667
2018,P007560   ,CAN,2.7333333333333334,2.0,2,2,0,1,78.28,200.0,1,37.38923439311041,50.0,0.36585365853658536,37.38923439311041,50.0,0.36585365853658536,2.7333333333333334,,,,
2018,P007634   ,MAD,8.55,4.0,3,3,0,1,83.92,200.0,1,22.299154304572998,50.0,0.11695906432748537,,,,,22.299154304572998,50.0,0.11695906432748537,8.55
2018,P007647   ,DAR,76.15,28.96,21,17,9,9,647.76,1600.0,8,18.78730569130968,50.095419847328245,0.11818778726198292,17.898693707992628,45.12635379061372,0.15026833631484793,46.583333333333336,20.0901916572717,55.668016194331976,0.06764374295377677,29.566666666666666
2018,P007675   ,TEL,52.31666666666666,28.880000000000003,31,27,2,24,1573.88,3800.0,19,26.65625284667709,55.59540889526542,0.4587448231920994,26.460778416350866,64.8414985590778,0.6111443978430198,27.816666666666666,26.88232263267546,46.42857142857143,0.2857142857142857,24.5
2018,P007768   ,TEL,11.283333333333333,2.0,3,2,0,2,1139.44,2800.0,14,8.711423818961679,75.0,0.17725258493353027,0.0,,0.0,1.5833333333333333,9.977180762285117,75.0,0.2061855670103093,9.7
2018,P007831   ,BAS,713.2666666666667,269.2,282,214,55,270,2398.36,5825.0,29,18.333048192334175,59.193954659949625,0.37854005047200673,18.321852689513907,65.70614312856239,0.43618954740901633,375.98333333333335,18.378425615731484,51.841258491240616,0.31427583139793447,337.28333333333336
2018,P007852   ,CAN,108.61666666666667,44.239999999999995,47,30,21,39,1351.08,3225.0,16,19.44452314982958,59.88786952089704,0.3590609176001227,17.348520568474136,67.95716639209225,0.47189451769604446,72.05,23.56156743271122,46.79144385026738,0.13673655423883316,36.56666666666667
2018,P007865   ,PAN,323.3833333333333,107.76,122,84,29,111,2333.72,5625.0,28,16.06363116265437,63.042579578338156,0.343245889810854,16.312638070658064,57.58807588075881,0.2616279069767442,149.06666666666666,15.84502171879046,67.64481707317073,0.4130413997514103,174.31666666666666
2018,P007866   ,PAN,358.5833333333333,120.8,114,95,20,109,2397.32,5825.0,29,16.371058147164327,54.91329479768786,0.3039739716476877,16.650894158797296,47.956630525437866,0.2447730749617542,163.41666666666666,16.13615995410095,60.88825214899713,0.35354397950469685,195.16666666666666
2018,P007868   ,DAR,654.1333333333333,241.4,205,197,35,163,2485.64,6000.0,30,17.81615581145552,48.25800376647834,0.24918467183041174,19.456227145864034,47.55688176053712,0.29662461643368565,293.3,16.494758031426475,48.972993533662994,0.21062355658198614,360.8333333333333
2018,P007870   ,ZAL,734.7166666666667,406.32,433,282,153,524,2364.56,6075.0,30,28.41673959215445,61.977556395282264,0.7132000998117187,25.538264643540746,61.335607452112306,0.6633739634781821,367.81666666666666,31.291448909098207,62.47460381958554,0.7631507222676479,366.9
2018,P007916   ,KHI,666.1166666666667,289.04,255,233,41,152,2310.72,5825.0,29,21.876923617780268,50.7887189292543,0.22818825531063128,21.348254634278657,45.35966602440591,0.1450747134774409,344.65,22.447783942443273,56.13535736875395,0.31729572791372873,321.4666666666667
2018,P007947   ,BAS,677.4,297.32,290,224,53,311,2487.64,6025.0,30,21.260743467044442,58.62849749312632,0.45910835547682316,21.505758706498774,63.77139166935744,0.5409216821959204,330.9166666666667,21.022090959155463,53.467271548930654,0.380970705661648,346.48333333333335
2018,P007982   ,OLY,788.9333333333334,317.88,277,252,52,263,2414.52,6025.0,30,20.108475126532305,50.38562281722934,0.3333615007605205,20.888410767758085,49.78615343491045,0.3212471949923231,423.35,19.220330838842866,51.10188438198659,0.34739001595623437,365.5833333333333
2018,P007989   ,BUD,400.5833333333333,265.4,249,203,35,228,1231.44,3000.0,15,32.280929880525285,57.005494505494504,0.5691699604743083,33.5883787044145,57.96275180539719,0.5701357466063349,184.16666666666666,31.20574900511004,56.11523506539413,0.5683480939545629,216.41666666666669
2018,P007990   ,TEL,300.34999999999997,138.24,137,122,21,118,2487.56,6000.0,30,22.203107935605303,52.194452910697954,0.39287497919094394,22.729795930190004,64.31956668923493,0.4908129876667506,132.43333333333334,21.768012701818336,42.26718403547672,0.31563275434243176,167.91666666666666
2018,P007992   ,CAN,63.333333333333336,23.439999999999998,17,22,1,10,416.16,1000.0,5,17.786681235961876,37.878787878787875,0.15789473684210525,15.702769015071855,37.202380952380956,0.11829652996845426,42.266666666666666,21.930401677237118,38.888888888888886,0.23734177215189875,21.066666666666666
2018,P007994   ,BAS,178.46666666666667,59.6,66,49,15,50,1164.12,2800.0,14,16.064951693283263,59.352517985611506,0.28016436309301457,12.060132380987994,70.53291536050156,0.3064903846153846,55.46666666666667,17.74197829029433,56.02240896358543,0.2682926829268293,123.0
2018,P008000   ,BUD,0.0,0.0,0,0,0,0,688.76,1800.0,9,,,,,,,0.0,,,,0.0
2018,P008001   ,KHI,317.51666666666665,126.32,134,98,28,141,1007.9200000000001,2625.0,13,20.722341706563135,60.7324147933285,0.44407117736601753,18.98623883661311,64.22018348623853,0.4310239863630829,136.88333333333333,22.01342578822714,58.45323741007194,0.4539582948883558,180.63333333333333
2018,P008002   ,DAR,355.6,203.32,151,155,28,149,1340.6,3200.0,16,27.296006170196947,45.123117379870905,0.41901012373453317,27.979695899867057,44.81434058898848,0.40069384215091064,192.16666666666669,26.370768390169506,45.51630434782609,0.4405466041199266,163.43333333333334
2018,P008004   ,MIL,432.83333333333337,128.16,153,87,39,210,2019.52,4800.0,24,14.075209703772504,73.4447004608295,0.4851752021563342,12.020661096377246,76.80872150644203,0.412054617435566,206.28333333333333,15.870074373667395,71.3166144200627,0.5517545795630103,226.55
2018,P008032   ,BAS,5.8,2.0,0,1,0,-1,2059.68,5025.0,25,16.825512901903746,0.0,-0.1724137931034483,36.10805179751613,0.0,-0.7317073170731707,1.3666666666666667,10.872733148396197,,0.0,4.433333333333334
2018,P008072   ,CAN,7.333333333333333,2.88,3,2,2,7,84.08,200.0,1,18.683504887120492,52.083333333333336,0.9545454545454546,18.683504887120492,52.083333333333336,0.9545454545454546,7.333333333333333,,,,
2018,P008137   ,KHI,0.0,0.0,0,0,0,0,335.6,800.0,4,,,,,,,0.0,,,,0.0
2018,P008152   ,DAR,552.25,320.32,290,251,53,260,1638.92,4000.0,20,28.312652801190488,52.857976086322545,0.4708012675418741,28.153179592524932,52.083333333333336,0.5151586925627665,281.46666666666664,28.470888698298378,53.750784682988076,0.4246937896226996,270.7833333333333
2018,P008232   ,OLY,4.85,4.88,1,3,2,0,339.12,800.0,4,47.47277975986361,12.88659793814433,0.0,103.78999089077205,26.595744680851066,3.5294117647058822,0.85,35.57874762808349,0.0,-0.75,4.0
2018,P008348   ,PAN,27.316666666666666,14.64,10,8,6,8,426.64,1000.0,5,25.123595850121962,46.992481203007515,0.2928615009151922,22.115016299645607,40.98360655737705,0.28402366863905326,14.083333333333334,28.156113230793046,52.083333333333336,0.30226700251889166,13.233333333333334
2018,P008796   ,CAN,107.13333333333333,41.76,13,30,4,4,486.96,1200.0,6,19.211170449146984,20.465994962216623,0.0373366521468575,18.98790598163611,17.77251184834123,-0.03718624109079641,53.78333333333333,19.42477914079384,23.521505376344084,0.11246485473289598,53.349999999999994
2018,P008829   ,CSK,525.9833333333333,168.68,177,138,22,148,2494.24,6025.0,30,15.493174648228997,59.92686890574214,0.2813777369371653,16.30304267774283,61.92881192881193,0.32765242438790204,277.73333333333335,14.609665895855354,57.346559206447616,0.229607250755287,248.25
2018,P008847   ,KHI,611.4666666666667,365.16,386,284,89,413,2310.72,5825.0,29,30.108492642389336,59.72273796261913,0.6754252071522023,30.164220376286,59.81476717262671,0.6877376156159565,293.71666666666664,30.074320422601467,59.63740458015267,0.6640440597954367,317.75
2018,P008850   ,BAS,0.0,0.0,0,0,0,0,79.0,200.0,1,,,,,,,,,,,0.0
2018,P008854   ,PAN,0.0,0.0,0,0,0,0,83.72,200.0,1,,,,,,,0.0,,,,
2018,P008855   ,ZAL,499.35,156.24,153,119,21,183,2364.56,6075.0,30,16.077299989258627,59.65377417342482,0.3664764193451487,16.254868278684995,59.89421281891724,0.3782673372529574,235.28333333333333,15.916458929400582,59.41213258286429,0.35597071446604395,264.06666666666666
2018,P008856   ,ZAL,1.2166666666666666,0.0,0,0,0,0,222.64,600.0,3,0.0,,0.0,0.0,,0.0,1.0833333333333333,0.0,,0.0,0.13333333333333333
2018,P008857   ,BUD,798.4166666666666,395.2,340,328,55,263,2317.32,5800.0,29,24.777604766428706,48.26802952867689,0.3294019413422399,23.608834109644448,54.04624277456647,0.40934010152284267,410.41666666666663,26.02297566227326,42.689732142857146,0.24484536082474226,388.0
2018,P008858   ,ULK,30.549999999999997,14.64,19,9,6,20,226.28,600.0,3,25.413526743078915,81.61512027491409,0.6546644844517185,21.999724627763793,79.90867579908677,0.6803685329553508,23.516666666666666,36.82796510399372,86.80555555555556,0.5687203791469194,7.033333333333333
2018,P008946   ,CAN,228.53333333333333,117.68,123,96,22,107,1030.4,2400.0,12,23.98769360110743,58.194549583648744,0.46820303383897316,23.75315710404696,55.865921787709496,0.3817097415506958,125.75,24.186460687532712,60.9504132231405,0.5740230257823902,102.78333333333333
2018,P008977   ,MUN,62.53333333333333,14.879999999999999,12,11,2,-5,1546.72,4049.9166666666665,20,12.461081409662441,50.505050505050505,-0.07995735607675906,11.844707644119477,91.66666666666667,0.08372093023255815,35.83333333333333,13.31737571046167,8.503401360544219,-0.299625468164794,26.7
2018,P008987   ,OLY,514.0833333333334,258.2,292,186,105,324,2414.52,6025.0,30,25.065648981870094,62.876830318690786,0.6302480142648728,27.066736141684295,60.810810810810814,0.5533262935586061,236.75,23.355999163186322,64.76897689768977,0.6959134615384616,277.3333333333333
2018,P008989   ,BAS,606.8666666666667,295.24,271,226,71,192,2487.64,6025.0,30,23.56575880945574,52.67454517182398,0.31637921564319454,23.683577541585002,58.269002375296914,0.39357900911951366,312.51666666666665,23.451252585072215,46.523016650342804,0.23441481229828434,294.35
2018,P008991   ,TEL,560.35,238.76,286,167,79,359,2166.68,5200.0,26,20.452234272157106,70.87628865979381,0.6406710091906843,19.244116805804023,72.23360655737706,0.7153293203202619,285.18333333333334,21.70840002832443,69.60445468509985,0.5632949727437917,275.16666666666663
2018,P008995   ,CSK,65.33333333333333,17.44,19,14,1,24,1248.36,3000.0,15,12.829894045477465,65.78947368421053,0.3673469387755102,14.960515805474198,70.68452380952381,0.42580645161290326,51.666666666666664,3.6382231726518808,0.0,0.14634146341463417,13.666666666666666
2018,P009003   ,TEL,186.58333333333334,88.24,81,64,21,52,1642.8,4000.0,20,23.030212472893204,55.29765155652649,0.2786958463599821,22.338208383687782,69.18819188191881,0.32132963988919666,90.25,23.686578703879743,44.20432220039293,0.2387543252595156,96.33333333333333
2018,P009004   ,TEL,703.5666666666667,387.64,319,303,56,295,2487.56,6000.0,30,26.57853326734872,48.681479672811626,0.41929217795044293,25.682595714279273,51.356068743286784,0.45779547962954076,347.31666666666666,27.43968771997184,46.45175733154242,0.3817543859649123,356.25
2018,P009005   ,MAD,381.2166666666667,113.03999999999999,125,75,41,146,2222.36,5400.0,27,14.410186881446181,67.17540842648324,0.3829843046386569,15.018904268180576,63.747228381374725,0.36153175295330214,210.21666666666667,13.653041021146478,71.94244604316546,0.4093567251461988,171.0
2018,P009006   ,MUN,753.1333333333333,374.0,388,276,125,412,2254.0,5850.0,29,25.77695910505094,58.610271903323266,0.5470478888200407,25.765106514531613,58.132227249874305,0.5318954487296654,364.73333333333335,25.786553730038033,59.052827554107516,0.5612770339855819,388.4
2018,P009022   ,ZAL,215.53333333333333,99.84,78,59,36,98,1497.04,3875.0,19,23.980510529333404,52.11117049706039,0.4546860501082586,24.57204224891359,51.401869158878505,0.518397139877849,111.88333333333333,23.265974120492466,53.05867665418227,0.38591413410516157,103.65
2018,P009030   ,TEL,40.25,25.64,18,20,6,17,169.32,400.0,2,30.097738414380938,39.75265017667844,0.422360248447205,34.99173368453498,30.918727915194346,0.2952755905511811,16.933333333333334,26.61850944269296,48.58657243816254,0.5146533238027162,23.316666666666666
2018,P009033   ,BUD,0.7,0.0,0,0,0,0,78.84,200.0,1,0.0,,0.0,0.0,,0.0,0.7,,,,
2018,P009035   ,CSK,223.76666666666665,58.04,66,47,16,73,1891.24,4625.0,23,12.686069880362236,61.065877128053295,0.32623268285416357,14.174390336988727,73.43342036553524,0.5529522024367385,106.7,11.353468035523496,44.871794871794876,0.11958997722095673,117.06666666666666
2018,P009037   ,KHI,162.41666666666666,61.52,47,50,8,20,1016.88,2625.0,13,19.55578849038492,43.90881913303438,0.12314007183170858,19.70466584874821,40.22277227722772,0.06316897701351114,94.98333333333333,19.17390863409934,49.528301886792455,0.20761245674740483,67.43333333333334
2018,P009227   ,PAN,287.8666666666667,127.16,123,111,14,83,1023.88,2400.0,12,20.70862757969607,52.49231819733698,0.2883279295970357,21.12589884621703,57.00594844679445,0.3477454503303582,143.78333333333333,20.283270556721863,47.66949152542373,0.22903412377096585,144.08333333333334
2018,P009298   ,BAS,117.0,59.48,58,46,17,55,936.96,2200.0,11,23.873534631731346,54.225878833208675,0.4700854700854701,22.125205905569793,52.08333333333333,0.4330254041570439,57.733333333333334,25.578731024716227,56.100981767180926,0.5061867266591676,59.266666666666666
2018,P009449   ,OLY,194.15,99.48,93,70,17,82,644.36,1600.0,8,25.446015488708003,60.01548786783686,0.4223538501158898,24.65309195047414,67.80962128966223,0.5127345844504021,99.46666666666667,26.276719797299087,52.083333333333336,0.3274071466291146,94.68333333333334
2018,P009465   ,BUD,66.36666666666667,21.96,20,16,9,20,570.88,1400.0,7,16.22914099997072,50.100200400801604,0.3013561024610748,17.568118355237093,48.426150121065376,0.31317163033466383,54.28333333333333,13.482815778944529,58.139534883720934,0.2482758620689655,12.083333333333334
2018,P009472   ,CAN,150.46666666666667,67.4,70,50,10,64,577.6800000000001,1400.0,7,21.71152334269472,64.33823529411765,0.4253433761630483,19.219219219219216,56.262230919765166,0.27536970933197347,65.36666666666667,23.57198422485965,69.19905771495877,0.5405405405405406,85.1
2018,P009473   ,KHI,89.11666666666667,38.96,35,32,9,31,411.91999999999996,1000.0,5,21.22643848075798,48.66518353726362,0.34785861230596593,24.202085992710156,41.18217054263566,0.2223869532987398,44.96666666666667,18.222771709258577,58.746736292428196,0.4756511891279728,44.150000000000006
2018,PAAX      ,MAD,188.1,79.76,87,51,29,110,1980.96,4800.0,24,20.54905604061994,68.22459222082811,0.5847953216374269,18.604669841140282,73.30246913580247,0.580347329083315,75.81666666666666,21.824110313439153,64.74630021141648,0.5877987234674188,112.28333333333333
2018,PAMM      ,OLY,765.05,338.04,319,277,66,379,2414.52,6025.0,30,22.051316026504455,52.11737027839498,0.49539245800928045,22.39927616166277,48.031865042174324,0.4554544341509203,408.3833333333333,21.664785687739315,57.27165237954478,0.5411214953271027,356.6666666666667
2018,PBFX      ,KHI,317.4666666666667,108.32,107,89,3,98,2239.2,5625.0,28,17.142342040618992,59.23383525243579,0.3086938261234775,16.84714030006612,62.012756909992916,0.38387069618654773,197.98333333333332,17.625502537651773,54.60448642266824,0.1841260984795648,119.48333333333333
2018,PBGV      ,KHI,224.11666666666667,66.84,57,51,11,28,1983.6,5025.0,25,15.110340427708593,51.03868194842406,0.12493492972410203,14.39135586506563,49.283154121863795,0.11196118678857997,89.31666666666666,15.57743444185476,52.207637231503575,0.13353115727002965,134.8
2018,PBMT      ,MAD,523.5333333333333,211.6,237,175,40,275,2145.96,5200.0,26,19.587681860300567,61.52647975077882,0.5252769642174965,19.9909865468121,60.91211995002082,0.49450549450549447,254.8,19.205133613400804,62.13753106876553,0.5544529893326717,268.73333333333335
2018,PBOG      ,MUN,39.75,12.32,8,10,3,4,1931.3600000000001,5049.916666666667,25,16.20781792979935,35.3356890459364,0.10062893081761007,13.980237126346626,25.0,0.03797468354430379,26.333333333333336,20.60656043291853,46.992481203007515,0.2236024844720497,13.416666666666666
2018,PBWI      ,ZAL,272.98333333333335,105.28,106,72,37,128,1317.04,3450.0,17,20.205047199458868,60.0362483008609,0.46889309481653335,19.512830201860144,58.11195445920304,0.450281425891182,133.25,20.865417921981287,61.79531656548136,0.48664122137404575,139.73333333333335
2018,PCCD      ,ULK,614.8833333333333,240.48,264,192,42,246,2278.8,6075.0,30,20.85241256802206,62.71379703534778,0.4000758951562627,20.237418664244036,62.54848719937936,0.373134328358209,321.59999999999997,21.5267303866158,62.8725782414307,0.4296186850031255,293.28333333333336
2018,PCPR      ,IST,713.5166666666667,240.52,277,177,58,381,2307.56,5800.0,29,16.945409181323676,68.38830732767134,0.5339749129896522,18.439551323993676,68.67112100965107,0.5292901447277739,362.75,15.443855154922346,68.06669480793583,0.5388197282143875,350.76666666666665
2018,PCVM      ,CSK,638.7833333333333,325.28,290,248,37,267,2414.52,5825.0,29,24.569646227792823,54.86605115786288,0.41798210139066455,24.77809977728664,54.8116539140671,0.385568992561858,329.3833333333333,24.351502157837736,54.92365222810844,0.4524886877828055,309.4
2018,PJLX      ,CSK,466.23333333333335,126.92,150,88,43,206,2320.36,5625.0,28,13.198479297069749,70.14590347923681,0.44183885036104953,12.917205374537712,72.47740963855422,0.4249812708574542,244.71666666666667,13.510265154949797,67.84386617100373,0.46046196674441353,221.51666666666665
2018,PJPF      ,DAR,363.78333333333336,158.84,141,121,36,134,2323.8,5600.0,28,21.04439067719468,51.520023384975154,0.3683511247537453,22.099076071598816,45.34461910519952,0.2623160588611644,156.3,20.32657210196167,57.300509337860774,0.4482287733954534,207.48333333333335
2018,PJUG      ,BAR,388.35,139.84,117,110,11,109,2269.56,5625.0,28,17.84920837637617,50.940438871473354,0.28067464915668855,18.52398329433673,62.14488636363637,0.4233870967741935,181.86666666666667,17.26064262784228,40.157211209842785,0.15497618855436276,206.48333333333332
2018,PJUJ      ,BAS,583.65,268.28,245,180,37,281,2487.64,6025.0,30,22.26564719542337,62.410841654778885,0.4814529255546989,23.696508581886235,60.40715372907153,0.4920795416245366,296.7,20.811008835946044,64.72136902150066,0.4704652378463147,286.95
2018,PJUO      ,OLY,549.6666666666666,321.04,255,220,66,225,2000.36,5025.0,25,29.34388729373771,51.19659492451012,0.4093389933292905,28.609262574884077,46.16845012081464,0.3654485049833887,270.9,30.057206869859087,55.57224391709222,0.4519909123520268,278.76666666666665
2018,PKIW      ,MIL,155.2,52.519999999999996,45,36,8,34,2355.48,5625.35,28,16.16341500381913,56.9331983805668,0.21907216494845363,16.27592150118086,56.81818181818182,0.16974538192710933,100.15,16.11367335193063,57.12365591397849,0.30881017257039056,55.05
2018,PKLS      ,KHI,105.05,16.64,15,12,6,13,1595.92,4000.0,20,7.940285805911214,51.22950819672131,0.12375059495478344,7.742849366607687,50.67567567567567,0.1422924901185771,63.25,8.246414075506532,52.083333333333336,0.09569377990430622,41.8
2018,PKLT      ,BAR,632.1166666666667,340.16,315,244,64,354,2423.68,6025.0,30,26.754557309095226,57.87037037037037,0.5600232024678988,27.119962737464032,52.54679349493709,0.5166629389398345,298.06666666666666,26.440189494804248,62.76445698166431,0.598712767549768,334.05
2018,PKPD      ,ZAL,693.9,203.96,222,166,34,169,2364.56,6075.0,30,15.103376724179585,61.3395225464191,0.243550943940049,16.254653648294155,54.85232067510549,0.1694277108433735,354.1333333333333,13.909764690310157,68.47725162488393,0.32080839792014126,339.76666666666665
2018,PKVZ      ,KHI,411.8666666666667,309.16,301,221,89,303,1042.8,2600.0,13,37.430788413245565,57.8490159901599,0.7356749757202978,36.960414789755276,56.78651059085841,0.7226277372262774,228.33333333333334,38.032357458095,59.15637860082305,0.7519070105339629,183.53333333333333
2018,PLEM      ,MUN,446.3833333333333,144.56,134,106,24,137,2242.16,5849.916666666667,29,16.89869794628313,57.48112560054907,0.30691110032483293,17.39180274442392,58.44763092269327,0.38109862497382563,238.78333333333333,16.343306248712135,56.29770992366412,0.22157996146435455,207.6
2018,PLEV      ,CAN,556.2166666666667,194.96,173,147,34,167,2350.44,5625.0,28,16.77663558922089,53.40824895035811,0.30024271117370327,15.594678034131748,52.43838489774515,0.30893838588371425,288.0833333333333,18.03757855898156,54.271708683473385,0.29090004972650424,268.1333333333333
2018,PLHI      ,CSK,156.18333333333334,46.519999999999996,33,37,8,28,1672.28,4025.0,20,14.338109843634943,40.72063178677196,0.17927649130295592,16.83310455821312,43.10344827586207,0.23364485981308414,85.6,11.438118422597357,36.666666666666664,0.11334120425029515,70.58333333333334
2018,PLHK      ,IST,431.8833333333333,217.4,260,176,35,304,2307.56,5800.0,29,25.304518750576083,67.92058516196447,0.7038937984795277,26.997886587808164,68.64439324116744,0.7286892758936756,218.2,23.6145746901581,67.0563961485557,0.6785742141798612,213.68333333333334
2018,PLIM      ,ULK,0.0,0.0,0,0,0,0,455.48,1250.0,6,,,,,,,0.0,,,,0.0
2018,PLME      ,KHI,620.4833333333333,188.72,161,131,38,209,2064.4,5225.0,26,15.396083131935162,54.494990522610344,0.33683418840151497,15.373090089476749,59.79498861047836,0.3492751968953316,292.0333333333333,15.426530315676724,49.69024264326278,0.325772568123002,328.45
2018,PLXL      ,CAN,270.56666666666666,104.36,123,90,19,92,1483.16,3625.0,18,18.854272580030447,62.52541683611224,0.340027103609708,17.292447601237342,41.067761806981515,0.07627118644067797,118.0,19.933932254953945,76.5993265993266,0.5440244701769719,152.56666666666666
2018,PTFX      ,PAN,154.33333333333334,52.92,64,38,18,82,2158.64,5225.0,26,16.599544437586452,69.68641114982579,0.531317494600432,17.53045038260319,65.14084507042254,0.4633640987003202,88.48333333333333,15.254278759349248,77.05479452054794,0.6226271829916478,65.85
2018,PTGB      ,MAD,539.3166666666667,286.36,266,236,44,244,2057.16,5000.0,25,25.810739101510503,52.08333333333333,0.45242436416452914,26.012118455107235,56.03810591202018,0.47994704032658464,302.1166666666667,25.553892648742078,47.06927175843695,0.4173693086003373,237.2
2019,P000007   ,MUN,321.68333333333334,143.36,119,113,19,99,1223.8799999999999,3025.0,15,22.03007465056078,49.02768622280817,0.30775607481477646,23.120435169839844,48.68913857677903,0.35783741734733565,128.55,21.368409509846327,49.293702177751626,0.2744218156713842,193.13333333333333
2019,P000046   ,CSK,337.0,133.72,151,100,38,178,1950.36,4650.0,23,18.920588228313388,64.68471555860178,0.5281899109792285,18.628768964855,59.483914209115284,0.47175305765870706,171.7,19.26295535377421,70.12622720897616,0.5868118572292801,165.3
2019,P000229   ,ASV,343.5833333333333,156.96,98,121,34,59,1357.72,3425.0,17,23.048212920107915,36.040011768167105,0.171719621634732,20.777706456222035,35.2112676056338,0.17818068146295715,213.26666666666668,26.757912607442453,37.11201079622132,0.1611459265890779,130.31666666666666
2019,P000436   ,KHI,353.9666666666667,88.4,96,73,10,66,1900.68,4625.0,23,12.154095006085846,62.01550387596899,0.18645823523872304,12.88756887041111,61.611374407582936,0.22363026462914648,178.86666666666667,11.407857835019303,62.49999999999999,0.14848657909765847,175.1
2019,P000464   ,PAN,119.5,50.52,44,40,8,35,1226.36,2900.0,14,19.99426543919953,50.55147058823529,0.2928870292887029,23.811070264091146,56.03448275862069,0.35853002688975205,55.78333333333333,16.65424468170337,44.29133858267716,0.23541721161391577,63.71666666666667
2019,P000518   ,PAM,427.15,158.6,175,121,40,204,2027.8,5025.0,25,18.401944448231852,63.131313131313135,0.4775839868898514,17.234879563638955,66.04073838319542,0.4638801642908916,206.95,19.490498454956057,60.71805702217529,0.4904632152588556,220.2
2019,P000529   ,MIL,713.35,301.64,314,243,56,312,2093.0,5250.0,26,21.213207361844685,58.66088775967718,0.4373729585757342,22.270325543523104,57.47984472977008,0.4317806087717592,342.76666666666665,20.236424254193448,59.844404548174744,0.44254553631661797,370.5833333333333
2019,P000556   ,BAR,361.28333333333336,81.28,97,69,12,135,1495.6,3600.0,18,10.830607258803214,65.29348411416262,0.3736679429810398,11.899351419306848,61.10520722635494,0.40037535189239915,159.85,9.984258106872483,69.59606986899563,0.3524739367863644,201.43333333333334
2019,P000726   ,MIL,259.76666666666665,82.56,79,58,24,87,1454.52,3650.0,18,15.951055481209918,57.613768961493584,0.3349159502117285,15.56150114218106,59.457964601769916,0.35260930888575454,141.8,16.393336336464454,55.55555555555556,0.3136479231421305,117.96666666666667
2019,P000796   ,BAR,778.45,478.32,533,358,153,629,2332.4,5600.0,28,29.505488366584345,62.65870403460924,0.808015929089858,30.10191436201077,62.67409470752089,0.8281284123170999,381.5833333333333,28.932066441974456,62.64291158536585,0.788677977490341,396.8666666666667
2019,P000848   ,MIL,279.9,145.4,135,110,35,105,1360.32,3425.0,17,26.158389144760427,53.827751196172244,0.37513397642015006,23.8729830713745,54.01234567901234,0.3188010899182561,122.33333333333333,28.02047110405916,53.69766177270255,0.41887031944150627,157.56666666666666
2019,P000925   ,ULK,455.8666666666667,153.12,155,110,48,218,1446.6399999999999,3800.0,19,17.646037833054653,59.106162294081756,0.4782100029248318,17.800635603055508,64.7223955084217,0.5070550064136422,220.88333333333333,17.51010709979431,53.73134328358209,0.4510958223987517,234.98333333333335
2019,P000981   ,ULK,1.9333333333333333,0.0,0,0,0,0,539.76,1425.0,7,0.0,,0.0,0.0,,0.0,1.9333333333333333,,,,0.0
2019,P001133   ,BAS,855.5166666666667,438.04,444,319,91,519,2292.88,5599.766666666666,28,25.009435906636707,61.831550802139034,0.6066509516666342,23.963844536018197,59.92720883534136,0.5493987267153972,424.1,25.993907472676984,63.351362179487175,0.6629322001158973,431.41666666666663
2019,P001255   ,OLY,622.7,228.12,222,158,48,244,2126.04,5270.0,26,18.161582039640255,61.9696292987941,0.39184197848080937,17.88617477098083,61.121764141898375,0.3528840446770625,308.8833333333333,18.427151840860958,62.709030100334445,0.4301874767645653,313.81666666666666
2019,P001288   ,MUN,724.9,257.68,295,190,72,376,2064.64,5225.0,26,17.991797957979884,66.53735113677372,0.518692233411505,18.86388408920202,68.72852233676976,0.5789740985271711,360.98333333333335,17.1154743035536,64.11474164133739,0.45889626746049916,363.9166666666667
2019,P001324   ,ULK,321.55,120.36,120,92,19,109,2169.72,5650.0,28,19.494334617564483,59.78477481068155,0.3389830508474576,18.69729213869755,54.40283400809716,0.2930127723516153,133.1,20.021567207428564,63.28073635765943,0.3714513133457151,188.45
2019,P001389   ,DYR,315.03333333333336,139.88,107,107,27,39,1474.36,3650.0,18,21.984593282411993,45.00336473755047,0.12379642365887207,23.21987929459446,59.08170155300473,0.30423280423280424,151.2,20.850015494826334,31.01945003353454,-0.042726347914547304,163.83333333333334
2019,P001392   ,MAD,408.3,163.8,187,134,20,182,2040.88,5000.0,25,19.65699140429287,65.47619047619047,0.4457506735243693,19.398840812612722,60.310166570936246,0.398251578436134,205.9,19.933959126053693,70.39365773646801,0.49407114624505927,202.4
2019,P001557   ,BER,529.2,228.68,246,179,47,213,2408.16,5750.0,28,20.635778137652714,61.59855769230769,0.4024943310657596,18.654307039588712,63.45177664974619,0.39399624765478425,266.5,22.682365238538978,59.93150684931506,0.4111153406928055,262.7
2019,P001792   ,KHI,232.33333333333334,58.16,53,40,14,78,2316.44,5625.0,28,12.157501763887575,57.40901213171578,0.33572453371592537,13.1861113030961,61.83745583038869,0.4488549618320611,109.16666666666666,11.24580771965818,53.14625850340136,0.2354533152909337,123.16666666666667
2019,P001833   ,IST,170.11666666666667,58.4,62,43,10,78,1184.88,3000.0,15,17.383725844037933,65.40084388185655,0.4585088664641912,15.67181955894927,79.40573770491804,0.6503719447396387,78.41666666666667,18.754799347372774,55.59540889526542,0.2944383860414395,91.69999999999999
2019,P001844   ,CSK,459.28333333333336,202.84,191,153,36,194,1952.28,4650.0,23,21.038450930510912,56.56242596541104,0.42239721304931593,22.72675609629335,61.00217864923747,0.5190930787589498,223.46666666666667,19.361177394226367,51.272066458982344,0.3307654251183829,235.81666666666666
2019,P001926   ,ULK,724.3166666666666,296.64,289,195,81,388,1958.44,5050.0,25,21.12089594539669,62.65175164758932,0.5356773050461355,20.12914351867019,59.43396226415094,0.4636912383391256,364.4666666666667,22.09831062130631,65.38831835686779,0.6085869112130053,359.85
2019,P001932   ,PAN,902.3666666666667,472.24,373,338,96,498,2407.0,5700.0,28,24.786116528084747,49.04796970334525,0.5518820878430793,23.549763182106243,54.50262927256792,0.6531041213122138,444.0333333333333,25.99344187402507,44.01052205584784,0.4538181818181818,458.33333333333337
2019,P001954   ,KHI,6.483333333333333,0.0,0,0,0,1,243.64,600.0,3,0.0,,0.15424164524421594,0.0,,0.15424164524421594,6.483333333333333,,,,0.0
2019,P001960   ,MAD,294.93333333333334,158.28,166,142,12,100,1973.44,4800.0,24,26.106550322826003,56.355241716458444,0.33905967450271246,26.457334980805967,46.756282875511396,0.1592279855247286,138.16666666666666,25.791524735219074,64.68797564687975,0.49755475228577506,156.76666666666665
2019,P002008   ,OLY,74.76666666666667,37.4,35,30,10,27,579.08,1425.0,7,24.61896991525999,50.872093023255815,0.3611234953187695,21.833297045484027,40.697674418604656,0.24580090126997134,40.68333333333333,28.049386724020742,61.04651162790698,0.4987775061124695,34.08333333333333
2019,P002084   ,BAS,335.1,108.32,85,89,28,113,2292.88,5599.766666666666,28,15.788934536145822,41.94630872483222,0.3372127723067741,16.131294323832773,42.82218597063622,0.37214885954381755,166.6,15.459195074995668,41.12471308339709,0.3026706231454006,168.5
2019,P002100   ,ULK,687.5666666666667,361.6,382,253,90,397,1862.3999999999999,4850.0,24,27.39128326950114,65.27682843472317,0.577398555291608,29.045624183758527,65.55269922879178,0.6502806270563188,344.4666666666667,25.76102475936085,64.96350364963503,0.5042261731273681,343.1
2019,P002276   ,CSK,0.0,0.0,0,0,0,0,88.12,200.0,1,,,,,,,,,,,0.0
2019,P002328   ,ZAL,257.55,109.44,115,85,26,110,791.36,2025.0,10,21.746804922398947,59.622563251762756,0.42710153368278003,21.608845316947004,55.55555555555556,0.41445664240779573,135.11666666666667,21.865096751196763,64.07471763683753,0.4410563572011979,122.43333333333334
2019,P002329   ,ZAL,725.1,239.0,232,171,75,272,2219.2,5700.0,28,16.932005599605535,56.86274509803921,0.3751206730106192,17.113018908170403,61.36606189967983,0.42259171755895336,373.8833333333333,16.69734546453674,51.332459589340324,0.32458596308071935,351.2166666666667
2019,P002361   ,PAM,406.53333333333336,143.12,113,104,23,87,1708.76,4225.0,21,17.409239757893403,49.509288468279,0.21400459166939978,18.69326029853191,47.752808988764045,0.1793478260869565,184.0,16.34924972485951,51.0540184453228,0.24266027561414022,222.53333333333333
2019,P002429   ,ZAL,386.7,145.4,167,133,10,121,1427.84,3675.0,18,19.35521630985072,60.77147016011644,0.31290405999482807,19.93852934021535,62.99332119004251,0.34172331434870473,181.43333333333334,18.850430677756556,58.7248322147651,0.2874309840857421,205.26666666666668
2019,P002507   ,BAR,462.35,171.72,159,117,38,209,2332.4,5600.0,28,17.83466712087668,59.45258749626085,0.45203849897263976,20.08802184203265,61.802232854864435,0.5165620895957974,228.43333333333334,15.647477552657177,56.42954856361149,0.3890274314214464,233.91666666666666
2019,P002536   ,ASV,569.95,241.16,245,194,39,241,2175.64,5425.016666666666,27,21.10146241779503,58.01288122750521,0.42284410913238,20.61682019817345,53.37732919254658,0.3186932434747844,291.81666666666666,21.61468224771435,62.43063263041065,0.5321188878235859,278.1333333333333
2019,P002543   ,ULK,263.48333333333335,92.08,84,66,7,75,1870.3999999999999,4850.0,24,18.123805883980392,60.79907353792704,0.28464798532481494,18.034238488783938,48.7736900780379,0.21959858323494685,141.16666666666669,18.251390908613594,73.79518072289156,0.3597220329745197,122.31666666666666
2019,P002580   ,IST,735.9166666666666,358.2,347,259,55,385,1917.08,4825.0,24,24.50101181392018,61.264124293785315,0.5231570603555656,23.567503632930983,62.53933291378225,0.5334486735870819,346.8,25.277402988034215,60.2255253716043,0.5139846661241273,389.1166666666667
2019,P002742   ,PAM,612.5833333333334,344.92,369,255,93,469,2143.92,5250.0,26,27.57616849984184,62.34793187347932,0.7656101210719629,28.29095585633161,58.18673883626522,0.6886751202448622,304.93333333333334,26.88043414532436,66.50013502565487,0.8418657565415245,307.65
2019,P002763   ,PAM,454.56666666666666,127.04,137,108,16,138,2293.72,5650.0,28,13.768319688274516,59.54450625869263,0.3035858326611425,13.869635922854938,52.5137741046832,0.2616147947677041,221.7,13.670645507260483,66.71348314606742,0.3435442313197824,232.86666666666667
2019,P002812   ,CSK,654.5,224.07999999999998,246,165,57,318,2364.6,5650.0,28,16.361164197634487,64.70959595959596,0.48586707410236823,15.652722133860777,66.54538490999617,0.5048852321069609,356.51666666666665,17.186796968418395,62.47080803362915,0.46311314950500587,297.98333333333335
2019,P002829   ,MUN,218.13333333333333,92.4,63,65,10,30,1351.52,3425.0,17,21.4693071830308,45.389048991354464,0.13753056234718827,20.118859745646688,53.13199105145414,0.25644804716285924,113.08333333333333,22.997130198469574,37.15814506539834,0.00951927653498334,105.05000000000001
2019,P002925   ,IST,60.53333333333333,25.32,26,20,3,27,1668.4,4225.0,21,21.184862016630458,60.97560975609756,0.4460352422907489,22.64241405969764,65.27415143603133,0.5444126074498568,34.9,19.442064308581646,50.0,0.3120936280884265,25.633333333333336
2019,P002936   ,PAM,163.98333333333332,48.4,56,35,10,67,1234.84,3050.0,15,14.580244182644389,71.06598984771574,0.40857810753125323,16.060141448427395,83.47978910369068,0.48233314638250147,89.14999999999999,12.880497211729683,54.08653846153846,0.3207126948775056,74.83333333333333
2019,P002968   ,IST,244.93333333333334,122.52,146,91,33,130,2227.36,5625.0,28,25.265110472317993,69.18119787717968,0.5307566684812194,25.5929821629887,70.47477744807121,0.5128869317445927,128.68333333333334,24.972695895634967,67.82945736434108,0.5505376344086022,116.25
2019,P002969   ,ULK,362.9166666666667,114.2,137,108,5,71,2014.6399999999999,5250.0,26,16.400271482324584,62.15970961887477,0.19563719862227325,14.587276261639097,68.51851851851852,0.22847682119205298,201.33333333333334,18.65845660702082,56.04982206405694,0.15471892728210418,161.58333333333334
2019,P002972   ,OLY,299.3833333333333,120.8,97,79,20,105,1785.44,4445.0,22,20.090734547860343,55.239179954441916,0.35072092634860547,22.647317056250255,63.189338235294116,0.40893600908746686,132.05,18.075375416685382,47.42547425474255,0.3047808764940239,167.33333333333334
2019,P002980   ,RED,504.5,226.96,175,163,59,167,2045.6399999999999,5070.0,25,22.299591120520702,46.30609652836579,0.33102081268582756,22.93817894107504,48.513625103220484,0.40271271761168986,238.38333333333333,21.723907231282446,43.98349261511729,0.2668002755683597,266.1166666666667
2019,P003048   ,IST,231.55,72.56,91,54,24,136,801.32,2025.0,10,15.838043432180564,70.47707558859975,0.5873461455409199,14.37510811378833,61.50265957446809,0.46735038296767495,128.38333333333333,17.567272821373518,78.30626450116009,0.7366720516962842,103.16666666666667
2019,P003120   ,MIL,320.06666666666666,134.88,139,79,77,198,1534.96,3825.0,19,21.002523676819077,61.56980864635011,0.6186211205998751,22.446601093906168,62.05035971223021,0.5888560574081891,157.93333333333334,19.598744889099883,61.10335195530726,0.6476151315789473,162.13333333333333
2019,P003151   ,BER,542.0666666666666,209.08,247,178,32,236,1854.8799999999999,4475.0,22,18.610884171417023,64.29612661391087,0.43537080309924986,18.4763602170038,60.62355658198614,0.3901532745006967,287.06666666666666,18.738042974807176,68.62522686025409,0.48627450980392156,255.0
2019,P003210   ,ZAL,535.9666666666667,265.52,284,200,58,276,2219.2,5700.0,28,25.448832689963172,62.96559063497694,0.5149573978481249,27.47582802297638,65.71791153009427,0.5657764589515332,252.75,23.609258546232027,60.32986111111111,0.4696051315247454,283.2166666666667
2019,P003242   ,BER,155.11666666666667,51.64,44,39,6,35,1949.88,4700.0,23,16.048991200741245,52.833813640730064,0.22563661759965617,17.420292532646258,54.78896103896104,0.268957788569294,89.23333333333333,14.082668810755681,50.0,0.16696180116367318,65.88333333333333
2019,P003264   ,RED,41.71666666666667,15.399999999999999,12,8,10,6,719.88,1825.0,9,18.717329169990172,48.387096774193544,0.14382740711146624,15.065724221918117,39.8936170212766,0.21543985637342908,27.85,26.091721256815593,61.47540983606557,0.0,13.866666666666667
2019,P003367   ,PAN,489.48333333333335,290.0,279,206,75,241,2407.0,5700.0,28,28.060076459606,58.36820083682009,0.4923558854574551,27.484438240114876,52.603423680456494,0.4172813487881981,237.25,28.609433797498877,63.46578366445916,0.5629707942381393,252.23333333333332
2019,P003370   ,DYR,110.13333333333334,50.76,32,35,4,10,1716.1599999999999,4225.0,21,22.693514695119777,43.525571273122964,0.09079903147699757,16.941938810378293,11.11111111111111,-0.1705237515225335,41.050000000000004,25.98890306317833,54.034582132564836,0.24607961399276237,69.08333333333333
2019,P003413   ,TEL,210.58333333333334,59.84,51,41,11,38,990.52,2400.0,12,13.77036897840599,55.6282722513089,0.18045112781954886,13.882506491519708,54.60218408736349,0.20251610923596197,108.63333333333333,13.631516032842125,56.93069306930693,0.1569396763119176,101.95
2019,P003417   ,RED,38.916666666666664,10.0,4,8,0,7,238.56,600.0,3,12.925518851869247,25.0,0.17987152034261242,0.0,,0.3284671532846716,9.133333333333333,16.889248192005983,25.0,0.13430330162283158,29.78333333333333
2019,P003425   ,DYR,579.4,218.36,178,157,44,212,2288.52,5675.0,28,18.69113800538524,50.46495804037196,0.3658957542285123,16.64674941093461,47.38387613454351,0.29797309002714095,288.6166666666667,20.722349921294544,52.74053627760252,0.4333123173038345,290.7833333333333
2019,P003469   ,OLY,354.7,144.44,185,125,26,180,2198.2,5445.0,27,20.1737654641544,67.79536792729405,0.5074711023400057,19.17770336706201,67.54503002001334,0.46420466267794513,161.56666666666666,20.97845605698197,67.99163179916317,0.5436658612357611,193.13333333333333
2019,P003478   ,BAR,370.46666666666664,108.28,130,97,12,122,2247.92,5400.0,27,14.042421784315223,63.55103637074697,0.329314378261652,13.915830928812992,75.32281205164993,0.4208885424785659,213.83333333333331,14.225679600463428,49.441100601891655,0.20429878697595233,156.63333333333333
2019,P003479   ,RED,245.66666666666666,70.04,75,50,16,103,1537.52,3845.0,19,14.259538506494062,65.74333800841515,0.4192672998643148,16.846176981087314,68.4400826446281,0.5387631212849374,131.78333333333333,11.19363017043254,60.043668122270745,0.2809893165520269,113.88333333333334
2019,P003490   ,MUN,657.5,220.12,213,162,48,243,2144.64,5425.0,27,16.937101234181274,58.158584534731325,0.36958174904942964,15.20614450161745,60.25519848771267,0.3829536527886881,339.4666666666667,18.79103895791286,56.356620633631195,0.35530866785452253,318.03333333333336
2019,P003501   ,BER,5.8,2.0,2,1,0,1,337.12,800.0,4,16.36580855277155,100.0,0.1724137931034483,16.316052820501664,100.0,0.1744186046511628,5.733333333333333,0.0,,0.0,0.06666666666666667
2019,P003514   ,BAS,86.91666666666666,42.480000000000004,39,30,17,30,376.68,1000.0,5,25.950090669543496,52.027748132337244,0.34515819750719084,22.64874640964641,54.34782608695652,0.3516606195925202,59.71666666666667,33.1969840349217,48.7012987012987,0.33088235294117646,27.2
2019,P003521   ,IST,198.35,33.44,31,27,1,52,2153.64,5425.0,27,8.493578270616503,56.4868804664723,0.2621628434585329,7.848293394261245,69.23076923076923,0.33450143357757245,104.63333333333334,9.219140243504462,45.013850415512465,0.18139783033967632,93.71666666666667
2019,P003526   ,ASV,617.1,264.92,265,217,43,256,2168.84,5425.016666666666,27,21.476462995138743,56.163106137673786,0.4148436233997731,21.71164714877201,54.96961029674652,0.36608313850715635,292.2833333333333,21.26484249717263,57.239600128990645,0.458720303761096,324.81666666666666
2019,P003540   ,BAS,286.5,103.52,99,67,33,99,2292.88,5599.766666666666,28,17.6489241886952,60.72129538763494,0.34554973821989526,17.14211393921368,61.65377176015474,0.37645448323066394,146.1,18.170413398878072,59.76095617529881,0.31339031339031337,140.4
2019,P003573   ,DYR,189.36666666666667,67.64,49,56,6,45,973.6,2425.0,12,17.793494062652005,41.780354706684854,0.23763421932758316,14.617054722701923,37.993920972644375,0.15399422521655437,103.9,21.590834689827535,44.863861386138616,0.33931357254290173,85.46666666666667
2019,P003733   ,PAM,499.26666666666665,190.56,179,150,49,205,2134.6,5250.0,26,18.77465505890729,52.16833760783399,0.41060221658432366,16.72090910464283,57.71248688352571,0.4002616088947024,254.83333333333334,20.91498128204659,47.733948804028536,0.42138279012682395,244.43333333333334
2019,P003842   ,MUN,248.38333333333333,96.8,83,53,45,92,1834.12,4625.0,23,19.654721407172573,57.00549450549451,0.3703952224384352,19.19823844470937,65.86322869955157,0.42833146696528557,119.06666666666666,20.079249590728537,48.49137931034483,0.3170511663874211,129.31666666666666
2019,P003941   ,OLY,592.8166666666667,196.88,246,128,102,461,1962.84,4870.0,24,16.479925830729123,71.14761684405369,0.7776434535691191,16.677622283019883,74.93483927019983,0.8072160220149824,327.05,16.248878788979304,66.83168316831683,0.7412517245704252,265.76666666666665
2019,P003958   ,BER,226.68333333333334,85.32,98,64,28,113,1401.32,3300.0,16,17.727107228001167,64.20335429769392,0.4984927578854496,17.847472869952618,60.10928961748634,0.45660621761658027,102.93333333333334,17.598366334828427,67.97583081570997,0.5333333333333333,123.75
2019,P004007   ,RED,322.53333333333336,108.36,112,90,19,116,1884.28,4670.0,23,16.65312834414871,56.933712891419276,0.35965274906986355,18.209677086923367,56.04103343465046,0.3470808784145688,155.58333333333334,15.175311088748213,57.961504811898514,0.3713686732554657,166.95000000000002
2019,P004117   ,MIL,392.06666666666666,78.84,81,63,11,141,1605.52,4050.0,20,10.14509210355713,59.699292452830186,0.35963271552457066,11.028036728851495,49.1480996068152,0.2802902295994434,167.68333333333334,9.487637925963423,68.32797427652733,0.4189259451830944,224.38333333333333
2019,P004165   ,BAS,634.2,227.68,169,188,22,108,2292.88,5599.766666666666,28,17.535463334954116,42.74585188182922,0.17029328287606432,16.772378737023743,46.2962962962963,0.19140791152700976,313.4666666666667,18.24820963721298,39.73448017950636,0.14965703595926003,320.73333333333335
2019,P004172   ,DYR,438.1666666666667,173.12,164,120,48,220,1465.8799999999999,3675.0,18,19.810563423019843,58.10657596371882,0.502092050209205,20.826228182582355,60.832025117739406,0.5288135593220339,221.25,18.761487733569318,54.88559059987631,0.47483672685363043,216.91666666666666
2019,P004178   ,MUN,410.9,151.48,162,120,17,117,1915.12,4825.0,24,18.575926191733917,63.53937872607467,0.2847408128498418,18.997781258411894,65.34569983136593,0.36669576950551636,209.98333333333332,18.110869399605548,61.25710227272727,0.19908751555371215,200.91666666666666
2019,P004194   ,ULK,265.48333333333335,124.96,119,94,34,126,1613.48,4225.0,21,24.650564956715908,54.60719530102789,0.474606064410823,26.79516575743988,47.90631653655075,0.3957067114961852,128.88333333333333,22.67037106102944,61.787072243346,0.5490483162518301,136.6
2019,P004218   ,OLY,12.983333333333333,3.0,3,3,0,7,394.84,1000.0,5,11.704258360319237,50.0,0.5391527599486522,,,,0.0,11.78905451782767,50.0,0.5391527599486522,12.983333333333333
2019,P004251   ,ULK,178.91666666666666,44.4,35,32,10,58,897.64,2400.0,12,13.270008835672332,48.07692307692308,0.3241732650209595,15.061384570698328,55.147058823529406,0.3653663177925785,87.58333333333333,11.54145252797379,37.56830601092896,0.28467153284671537,91.33333333333333
2019,P004302   ,KHI,272.23333333333335,82.96,83,67,9,64,1978.4,4825.0,24,14.864169618137668,58.48365276211951,0.23509244520631808,16.937207850317428,53.76344086021505,0.16919564925473346,124.11666666666666,13.124190100073683,63.68483412322275,0.29031169123438727,148.11666666666667
2019,P004331   ,BAR,584.1333333333333,276.72,266,190,63,285,2171.2400000000002,5200.0,26,22.691022543039992,61.08763549513136,0.4879023054097238,20.595509009799336,56.08028335301063,0.47133545044292163,299.15,24.891006486952854,65.47208821502412,0.5052927071758582,284.98333333333335
2019,P004397   ,RED,140.4,43.519999999999996,31,32,8,34,640.76,1600.0,8,15.480192769661523,43.637387387387385,0.24216524216524216,16.351625418470764,55.71705426356589,0.30927835051546393,80.83333333333333,14.245568250555468,26.881720430107524,0.1510912143256855,59.56666666666666
2019,P004425   ,RED,86.38333333333333,38.28,36,28,12,32,495.15999999999997,1225.0,6,21.9261560530282,54.08653846153846,0.370441829056531,20.720297728116773,43.545081967213115,0.17324350336862368,51.95,24.416966176459585,69.04069767441861,0.6679574056147145,34.43333333333333
2019,P004571   ,MUN,106.5,38.76,37,23,4,37,635.0,1600.0,8,18.34046800487967,74.71728594507269,0.3474178403755869,19.333482159690156,75.0,0.29402156158118264,51.016666666666666,17.637826162918287,74.52574525745257,0.39651547011114446,55.483333333333334
2019,P004655   ,ASV,264.03333333333336,85.52,91,63,33,116,1932.6000000000001,4825.0,24,16.173137237202784,58.694530443756456,0.43933846736523163,16.656663606497037,63.66943866943866,0.46677215189873417,126.4,15.731106853551843,53.790983606557376,0.41414386049891017,137.63333333333333
2019,P004761   ,PAM,400.9666666666667,176.84,171,135,36,105,2293.72,5650.0,28,21.727525992468426,56.68257756563246,0.26186715437692243,20.95253719041751,42.12572909915749,0.0782122905027933,179.0,22.325419744777477,66.76391382405745,0.40997146718726535,221.96666666666667
2019,P004810   ,KHI,307.23333333333335,99.28,82,75,12,85,1653.76,4025.0,20,15.72956935982138,51.07125062282013,0.2766626885103613,14.95257153029487,50.970873786407765,0.2968797334141169,165.05,16.64062224913496,51.1770726714432,0.2531942327980307,142.18333333333334
2019,P004834   ,BAR,3.7333333333333334,2.0,0,1,0,-1,578.16,1400.0,7,25.944375259443753,0.0,-0.26785714285714285,26.234783825381278,0.0,-0.26785714285714285,3.7333333333333334,,,,0.0
2019,P004863   ,KHI,534.1333333333333,163.96,174,111,34,229,1981.52,4825.0,24,14.94917002146262,69.06954588758336,0.42873190214677986,15.666563272905961,71.94767441860465,0.4253544620517098,279.76666666666665,14.167261422366009,65.60531840447867,0.43244659939719565,254.36666666666667
2019,P004866   ,ULK,593.5666666666667,200.24,172,136,46,160,2012.96,5250.0,26,17.596872474150956,55.043522785458265,0.2695569158196215,18.70384135081185,61.819980217606336,0.3102866779089376,296.5,16.502190172865483,47.77070063694268,0.22890484739676842,297.06666666666666
2019,P004884   ,PAM,546.0833333333334,130.48,139,95,42,234,2214.0,5450.0,27,11.763428240111791,61.244272118434964,0.4285060277735388,14.115848558214125,65.82482536270822,0.5054932543974497,292.78333333333336,9.084879297901264,52.510245901639344,0.3395183576786419,253.3
2019,P004888   ,CSK,77.13333333333334,50.84,50,38,11,51,343.04,800.0,4,30.742463138069372,58.356676003734826,0.6611927398444252,30.34541014786019,62.97709923664122,0.6669057009680889,46.483333333333334,31.365135615461003,51.08173076923077,0.6525285481239804,30.650000000000002
2019,P004941   ,CSK,166.26666666666668,52.16,42,38,14,35,2288.44,5450.0,27,14.942365671599005,47.55434782608696,0.21050521251002405,12.36031807650067,34.87124463519313,0.13461969934933812,74.28333333333333,17.139569968415238,56.81818181818182,0.2717883674578728,91.98333333333333
2019,P004945   ,OLY,529.1,231.48000000000002,232,175,67,221,2210.16,5470.0,27,21.655555046802743,56.72926447574335,0.41769041769041765,21.68137366928979,55.865921787709496,0.4015955648705294,246.51666666666665,21.62499137563131,57.450628366247756,0.4317310527867886,282.5833333333333
2019,P004974   ,MIL,614.4666666666667,206.6,210,173,15,194,2253.8,5650.0,28,16.85757333607865,58.46325167037862,0.31572095041770637,15.770239011117155,56.97356426618049,0.31371280724450196,309.2,17.96762525795124,59.88675958188153,0.3177549683336973,305.26666666666665
2019,P005014   ,RED,427.65,110.48,78,82,17,79,1975.12,4870.0,24,12.739742776617211,43.58515869468037,0.18473050391675436,11.69652954408675,54.258804258804254,0.25134399218040915,238.71666666666667,14.054366107000693,30.75787401574803,0.10056457304163725,188.93333333333334
2019,P005056   ,MUN,616.9166666666666,241.8,237,177,70,228,2227.32,5625.0,28,19.79701439408331,57.02598652550529,0.36957990004052416,20.13956307424948,63.844086021505376,0.41069518716577535,311.6666666666667,19.437989114223495,50.17367811655731,0.3276003276003276,305.25
2019,P005094   ,PAN,837.9166666666666,360.08,389,292,82,382,2407.0,5700.0,28,20.352929680277377,59.28432089734211,0.45589259075087024,20.49818651229916,57.730923694779115,0.4665391969407266,392.25,20.23151989779289,60.75154101469891,0.4465220643231114,445.6666666666667
2019,P005099   ,BAR,567.1833333333333,191.84,161,133,36,221,2332.4,5600.0,28,16.24167048030461,54.084923407686105,0.38964473568217217,16.581146199628858,57.20673329826407,0.47683923705722064,293.6,15.883779018673719,50.824175824175825,0.2960706670727993,273.5833333333333
2019,P005145   ,TEL,320.45,123.36,129,96,19,124,2345.44,5625.0,28,18.464701010588332,61.80528938290533,0.3869558433452957,18.77265951819974,65.24440762220381,0.4714285714285714,140.0,18.260064804148485,58.84450784593438,0.32141867553338876,180.45
2019,P005154   ,DYR,421.06666666666666,160.0,146,101,50,217,2128.56,5275.0,26,18.833701521784505,59.34959349593496,0.5153578214059531,17.687798031174445,62.58457374830853,0.534581697372395,220.73333333333332,20.099831086059893,56.35566687539136,0.4941763727121464,200.33333333333334
2019,P005160   ,TEL,633.1333333333333,254.96,278,203,59,383,2259.52,5425.0,27,19.33705889159133,60.70929419986024,0.6049278719595662,19.4083830408018,59.72409152086138,0.613503399567807,316.21666666666664,19.25487814808809,61.77325581395349,0.5963712858269786,316.9166666666667
2019,P005161   ,PAN,751.5166666666667,245.52,293,216,33,302,2311.68,5500.0,27,15.545805451670233,63.551969460350506,0.4018540285201038,15.791502710718587,63.7530777347872,0.4101995565410199,360.8,15.33214710351933,63.35616438356165,0.3941475067184234,390.71666666666664
2019,P005196   ,MAD,29.283333333333335,4.88,6,4,2,10,981.88,2400.0,12,8.146707700389335,61.47540983606557,0.3414911781445646,0.0,,0.25974025974025977,11.549999999999999,13.608570176781274,61.47540983606557,0.39473684210526316,17.733333333333334
2019,P005199   ,DYR,490.25,174.28,202,146,37,244,2213.48,5475.0,27,17.586056570515773,62.23810697559773,0.49770525242223357,18.65321231850457,59.445898778359506,0.5526725480020758,256.93333333333334,16.416501101824995,65.86402266288952,0.4371740838631331,233.31666666666666
2019,P005247   ,ASV,528.95,253.4,207,188,60,182,2172.2,5425.016666666666,27,23.92892850661258,48.27425373134328,0.34407789015975043,25.80727942085607,48.6438679245283,0.43636363636363634,297.9166666666667,21.45574521358625,47.63719512195122,0.2250757466455057,231.03333333333333
2019,P005255   ,OLY,322.98333333333335,100.64,81,74,6,64,2213.88,5470.0,27,15.397625794720867,52.84446764091858,0.19815263945508024,14.540973876971352,56.94143167028199,0.12308293445345315,170.61666666666667,16.36491497192171,49.04426559356137,0.2822139575585211,152.36666666666667
2019,P005348   ,ULK,0.0,0.0,0,0,0,0,232.64,600.0,3,,,,,,,0.0,,,,
2019,P005415   ,BAS,0.0,0.0,0,0,0,0,414.76,1000.0,5,,,,,,,0.0,,,,0.0
2019,P005458   ,BAS,106.46666666666667,28.0,13,18,0,4,1278.88,3200.0,16,13.161171629433737,36.111111111111114,0.03757044458359424,12.344178851721336,44.44444444444444,0.04040404040404041,49.5,13.81789575110141,27.77777777777778,0.03510825043885313,56.96666666666667
2019,P005553   ,ASV,354.7,133.52,132,103,33,87,2179.08,5425.016666666666,27,18.743169512308636,56.16065350578625,0.24527769946433606,20.6242664938992,54.6875,0.22217520101565807,157.53333333333333,17.23692166592948,57.576769025367156,0.26373626373626374,197.16666666666666
2019,P005618   ,RED,253.53333333333333,70.75999999999999,80,55,4,64,2029.08,5045.0,25,13.878571077454144,70.47216349541931,0.2524322902971338,12.114052053163274,68.55575868372944,0.21878646441073513,114.26666666666667,15.332438881096097,71.6743119266055,0.28003829583532797,139.26666666666665
2019,P005670   ,MUN,184.96666666666667,66.84,42,45,11,14,2148.28,5425.0,27,18.250796557734688,42.13483146067416,0.07568931338979996,20.7897114476551,54.347826086956516,0.26178889075348216,99.31666666666666,15.228255323135427,19.841269841269842,-0.14010507880910683,85.65
2019,P005686   ,IST,37.416666666666664,18.0,3,16,0,-4,1359.0,3425.0,17,24.248145252879837,9.375,-0.10690423162583519,32.84115805502031,12.5,-0.048939641109298535,20.433333333333334,14.539466964817356,0.0,-0.17664376840039253,16.983333333333334
2019,P005692   ,MIL,20.85,7.0,0,6,0,-8,1043.76,2600.0,13,16.726099460739526,0.0,-0.38369304556354916,20.37929260078834,0.0,-0.42154566744730676,7.116666666666667,14.900496612265666,0.0,-0.3640776699029126,13.733333333333333
2019,P005718   ,KHI,627.8666666666667,273.68,263,223,22,193,1726.8,4200.0,21,21.203760014202544,56.515385937768606,0.3073901040560629,21.760588183489617,53.56017643352237,0.2772179896780536,339.0833333333333,20.54457342571242,60.064320847521756,0.3428175679575229,288.78333333333336
2019,P005757   ,MAD,455.3,210.68,260,170,47,286,1567.2,3800.0,19,22.439585408181582,68.17705055590518,0.6281572589501427,22.261404028326705,61.22696411251212,0.48914399800349384,200.35000000000002,22.534413207910767,73.47504621072089,0.7373994900960973,254.95
2019,P005771   ,TEL,376.85,89.52,100,68,33,127,1494.6,3600.0,18,11.443505229679971,60.5913717886573,0.3370041130423245,10.916791901827859,55.00936329588015,0.3020735557641437,195.31666666666666,12.012979022752498,66.58291457286433,0.374586852735953,181.53333333333333
2019,P005775   ,RED,638.6666666666666,291.2,301,236,55,285,2108.96,5270.0,26,22.787117345948865,57.8401229823213,0.44624217118997916,21.873291908558944,52.29007633587786,0.352262075090039,337.81666666666666,23.855345279574074,63.467492260061924,0.5517699850423798,300.85
2019,P005789   ,BAR,522.9666666666667,223.28,254,189,37,241,2332.4,5600.0,28,20.501743944438633,61.86671862821512,0.46083243036522403,19.35447495348468,47.393364928909946,0.28085106382978725,235.0,21.419085904611112,71.97220383851754,0.6077092256048153,287.9666666666667
2019,P005791   ,MAD,642.0833333333334,175.56,202,125,49,407,2298.96,5600.0,28,13.320507851678302,68.91375545851528,0.6338741077222583,13.371105714400207,65.92689295039165,0.637123482100615,317.05,13.270060879536834,72.18410520297311,0.6307045431237822,325.0333333333333
2019,P005836   ,MAD,398.34999999999997,180.32,217,149,28,227,1645.52,4000.0,20,22.007256182420967,67.25762459707414,0.5698506338646919,23.535973220226445,64.31657501963865,0.5596933979318823,230.48333333333332,19.879285208097137,72.29320780094149,0.5837966640190627,167.86666666666667
2019,P005844   ,PAN,475.68333333333334,174.56,186,137,24,236,2407.0,5700.0,28,17.38023159184681,63.02521008403361,0.4961283767212081,17.842288924800105,63.36122047244094,0.5653420729209341,244.1,16.8854457303573,62.613156306578155,0.42317380352644834,231.58333333333334
2019,P005856   ,DYR,755.0666666666666,243.52,278,205,58,353,2209.92,5475.0,27,15.980372693753548,60.29845566545202,0.4675083877803285,14.66293213177611,70.01112759643917,0.5753460320215212,384.1166666666667,17.346201282252206,51.760678187153566,0.3558431055398302,370.95
2019,P005859   ,OLY,44.18333333333334,16.44,15,10,1,14,239.0,600.0,3,18.682142524570345,71.83908045977012,0.31686156167483964,20.46590635824546,,-0.4181184668989547,4.783333333333333,18.64178341449308,71.83908045977012,0.4060913705583756,39.400000000000006
2019,P005884   ,MIL,252.91666666666666,95.92,123,72,43,124,1927.4,4850.0,24,19.08673308991174,67.64188297404311,0.49028006589785833,18.070693800401916,67.16678297278436,0.5037984806077569,166.73333333333335,20.971479756251536,68.45238095238095,0.4641268613421001,86.18333333333334
2019,P005909   ,KHI,8.05,5.0,4,5,0,2,757.52,1800.0,9,29.517700453063906,40.0,0.24844720496894407,,,,0.0,29.74418218668519,40.0,0.24844720496894407,8.05
2019,P005917   ,BAR,409.95,90.88,107,65,27,124,2332.4,5600.0,28,10.645165493932662,69.58896982310094,0.30247591169654836,10.240786726914491,73.67387033398822,0.29467680608365016,210.4,11.07061359463435,64.98893805309736,0.31069907291405663,199.55
2019,P005927   ,DYR,559.4166666666666,331.2,324,245,55,372,2125.44,5275.0,26,29.38722222020373,60.178306092124814,0.6649784001191718,29.06836979891962,54.09859558612783,0.5775842310336924,290.8666666666667,29.73709126404241,66.72323356988585,0.7596350772668031,268.55
2019,P005928   ,MAD,668.0666666666666,314.48,277,201,92,431,2298.96,5600.0,28,22.93294531426587,57.354646347523605,0.6451451950903104,24.172005557706424,58.915622940013186,0.6166081388142945,322.73333333333335,21.77886977886978,55.777555777555776,0.6718146718146718,345.3333333333333
2019,P005938   ,IST,399.2,100.03999999999999,98,84,16,144,2227.36,5625.0,28,12.657421912282286,53.82249560632689,0.36072144288577157,15.289752787609398,43.876755070202805,0.38650800751543346,186.28333333333333,10.414566407717093,66.64989939637827,0.338160469667319,212.91666666666666
2019,P005945   ,DYR,410.26666666666665,175.48,132,114,42,155,1968.68,4875.0,24,21.18316647606292,49.81884057971015,0.3778030549236269,21.259078002365882,53.19148936170213,0.43948889069748515,204.78333333333333,21.088552083624105,45.87155963302752,0.3163273582610106,205.48333333333335
2019,P005985   ,CSK,803.8166666666667,575.56,590,416,174,584,2364.6,5650.0,28,34.21797899409834,59.891180769855445,0.7265338281946546,34.88906774038326,59.974747474747474,0.6855463968007834,408.43333333333334,33.488344088876964,59.80260956841753,0.7688740884373815,395.3833333333333
2019,P006058   ,OLY,273.45,78.92,70,58,18,56,1176.12,2870.0,14,14.085407178894624,53.09466019417476,0.20479063814225637,14.67243163208738,46.96531791907514,0.17002327699625544,164.68333333333334,13.296230164182317,63.52459016393443,0.2574318112166718,108.76666666666667
2019,P006068   ,ASV,352.48333333333335,130.04,125,102,16,81,2017.2,5025.016666666666,25,18.380482880562074,57.31841526045488,0.22979809920090782,15.382107737276032,50.48465266558966,0.19894255757684381,185.98333333333332,21.74027419482713,63.00403225806451,0.26426426426426425,166.5
2019,P006135   ,CSK,0.21666666666666667,0.0,0,0,0,0,158.16,400.0,2,0.0,,0.0,,,,0.0,0.0,,0.0,0.21666666666666667
2019,P006158   ,ZAL,16.366666666666667,6.0,3,6,0,5,1820.8,4700.0,23,18.925903521739286,25.0,0.30549898167006106,20.874802783932502,30.0,0.41608876560332875,12.016666666666666,12.186025213993988,0.0,0.0,4.3500000000000005
2019,P006251   ,BER,188.51666666666665,62.519999999999996,60,51,8,29,1474.04,3525.0,17,15.861675672368671,55.02567865003668,0.15383255238263638,17.213524174203968,41.83400267737617,0.031920553289590356,93.98333333333333,14.514506162466107,71.02272727272727,0.2750352609308886,94.53333333333333
2019,P006399   ,ULK,164.03333333333333,51.04,50,35,16,59,1643.3999999999999,4250.0,21,16.09363689262231,59.467174119885826,0.35968299126193864,15.680594825623693,59.80861244019139,0.415040794608017,93.96666666666667,16.692183390168687,58.96226415094339,0.285442435775452,70.06666666666666
2019,P006435   ,MAD,312.0833333333333,144.2,115,91,30,127,2217.24,5400.0,27,22.506384547801034,55.18234165067178,0.40694259012016026,24.338741626807856,52.816901408450704,0.3076923076923077,172.25,20.304691732582082,58.348294434470375,0.5292014302741359,139.83333333333331
2019,P006436   ,BER,673.3166666666666,304.88,344,243,77,367,2148.28,5150.0,25,21.709804393579137,62.12077434267553,0.545062996608827,20.766535641411213,67.29529335912315,0.6177976952624841,312.4,22.535910356595583,57.91884816753926,0.4821057492495959,360.9166666666667
2019,P006450   ,BAR,611.6333333333333,291.24,286,218,71,269,1936.6000000000001,4600.0,23,22.620790430565766,57.374418231423526,0.43980598397732845,23.17838224434777,68.52628184456627,0.5365077623566844,303.81666666666666,22.068879356073666,46.3258785942492,0.34436082083491254,307.81666666666666
2019,P006477   ,OLY,396.51666666666665,137.8,157,94,45,190,2210.16,5470.0,27,17.202096446368103,68.98066783831283,0.47917279643562694,16.610704613592382,65.53860819828408,0.3215311004784689,174.16666666666666,17.638656421253014,70.99109131403118,0.602653474252305,222.35
2019,P006505   ,MIL,150.65,39.28,31,28,12,29,1289.68,3200.0,16,12.938989252226765,46.574519230769226,0.19249917026219715,11.144971702220287,31.818181818181817,-0.016,62.5,14.194587197660082,53.85996409335727,0.3403289846851957,88.15
2019,P006533   ,PAM,480.23333333333335,240.2,191,168,55,236,2213.96,5450.0,27,24.625067488393213,49.68782518210198,0.4914277781633928,24.465457338657544,49.13115432354158,0.4461580831726797,242.06666666666666,24.798674985852827,50.25125628140704,0.5374387683694892,238.16666666666666
2019,P006546   ,MAD,448.05,118.64,114,99,6,93,1968.24,4800.0,24,12.915101861075811,56.08028335301063,0.20756611985269502,10.794136376025088,58.97435897435897,0.2023298589822195,217.46666666666667,14.895849203489302,54.278416347381864,0.21250451752800867,230.58333333333334
2019,P006555   ,TEL,288.7833333333333,121.92,113,101,18,103,1265.32,3025.0,15,20.18635148680849,51.87293426367977,0.3566687828244936,19.929922036339466,55.147058823529406,0.4293037163605297,156.06666666666666,20.424352060944546,47.88101059494703,0.27125455230440787,132.71666666666667
2019,P006568   ,BAS,378.5,172.28,162,109,62,203,2292.88,5599.766666666666,28,22.232463082046678,59.436454358673316,0.5363276089828269,20.324703572024355,60.26925485284909,0.45982819605861547,197.9,24.287085036950113,58.70165745856353,0.6201550387596899,180.6
2019,P006589   ,BER,721.7166666666667,276.4,271,204,60,464,2408.16,5750.0,28,18.28874084998519,58.810763888888886,0.642911576565134,18.237773399070694,58.48748639825897,0.608507570295602,346.75,18.343505827788867,59.107559107559105,0.6747266423682106,374.96666666666664
2019,P006590   ,IST,548.9333333333333,239.32,248,200,28,206,2058.7200000000003,5200.0,26,22.023961857564125,58.402411454408444,0.3752732572261356,21.690207312770937,55.37400145243283,0.3272220932931075,287.26666666666665,22.42613438674904,61.66797180892718,0.42802547770700633,261.6666666666667
2019,P006599   ,PAM,260.8,113.64,123,89,31,106,2203.36,5425.0,27,21.45694634585973,59.91816056118472,0.40644171779141103,27.669517149472693,49.721559268098645,0.30874785591766724,97.16666666666667,17.7532899737222,69.70970206264325,0.4644530454267672,163.63333333333333
2019,P006614   ,IST,718.3666666666667,201.2,217,158,55,293,2227.36,5625.0,28,14.146334091338792,59.54994511525796,0.4078697044220686,14.373711586669806,56.94383016364441,0.35068031982045167,356.45,13.92929990673486,62.118570183086305,0.46419525673497586,361.91666666666663
2019,P006625   ,TEL,408.56666666666666,142.0,124,105,25,132,1939.92,4625.0,23,16.57232055718405,53.44827586206897,0.32308068858611405,16.56046176459344,55.52128315854411,0.3510371552313654,219.35,16.5527960407673,50.820953870211106,0.290672069056637,189.21666666666667
2019,P006661   ,TEL,676.3,396.2,419,303,80,411,2171.48,5225.0,26,28.19262667587264,61.94559432288587,0.607718468135443,29.303535438263868,60.31468531468531,0.5837344818849759,328.9166666666667,27.112746381385325,63.62545018007203,0.6304274816485151,347.3833333333333
2019,P006693   ,IST,1.95,1.0,0,1,0,-2,230.2,600.0,3,26.732607097507184,0.0,-1.0256410256410258,27.11184313087565,0.0,-1.0256410256410258,1.95,,,,0.0
2019,P006713   ,DYR,0.43333333333333335,0.0,0,0,0,0,152.84,400.0,2,0.0,,0.0,0.0,,0.0,0.43333333333333335,,,,0.0
2019,P006726   ,PAM,391.56666666666666,143.84,163,111,36,182,2208.7999999999997,5450.0,27,18.12775673966647,64.25417849258909,0.4647995232825402,18.4155218458876,59.38242280285036,0.3873075128324779,214.29999999999998,17.825769342723873,69.77135171486213,0.5584806318164723,177.26666666666668
2019,P006754   ,BAS,617.25,247.96,197,165,59,259,2059.2,4999.766666666666,25,19.507505227472826,51.581483033095935,0.4196030781692993,21.07910626342678,50.56486880466472,0.3820705437540421,335.01666666666665,17.748173827166582,52.95566502463054,0.46415495452934924,282.23333333333335
2019,P006768   ,BAR,0.0,0.0,0,0,0,0,84.6,200.0,1,,,,,,,,,,,0.0
2019,P006819   ,BER,118.18333333333334,40.519999999999996,29,27,8,33,1090.4,2650.0,13,16.664919819725394,47.50982961992136,0.27922718939500774,18.287369123959397,42.80821917808219,0.2610316967060286,53.63333333333333,15.350640873905844,53.84615384615385,0.2943454686289698,64.55
2019,P006961   ,ULK,64.28333333333333,28.0,14,25,0,4,1486.44,3850.0,19,22.563319046649955,28.0,0.0622245268343272,22.505374010521297,11.11111111111111,-0.07863695937090433,25.433333333333334,22.5784016370475,37.5,0.15444015444015444,38.85
2019,P007025   ,BER,384.3666666666667,95.84,75,70,11,50,2408.16,5750.0,28,11.907308058679755,50.10689470871192,0.13008412106495534,14.850390241657385,43.51610095735422,0.15777610818933133,177.46666666666667,9.328556886379769,60.59556786703601,0.10633156114064765,206.9
2019,P007027   ,ASV,387.03333333333336,185.8,163,125,45,145,1791.56,4425.016666666666,22,23.71433159931891,56.28453038674033,0.37464473344242527,24.812250950516894,61.23448726322665,0.4294736842105263,158.33333333333334,23.004001430167964,52.65677357587362,0.33668561434193267,228.7
2019,P007032   ,MUN,682.4,286.64,251,214,31,171,2227.32,5625.0,28,21.216204002227563,55.130908451941664,0.25058616647127785,22.027548675288504,59.02192242833053,0.32159930465015213,345.15,20.369012146319886,50.89875275128393,0.17790956263899185,337.25
2019,P007056   ,KHI,624.6166666666667,279.48,324,210,67,390,2316.44,5625.0,28,21.73044565271006,67.64656756305328,0.6243829548789924,22.24162834460246,66.2978573937478,0.596562184024267,296.7,21.267932328337125,68.86942675159236,0.6495552731893265,327.9166666666667
2019,P007069   ,TEL,32.56666666666666,7.76,8,5,4,10,575.4399999999999,1400.0,7,11.594349732432063,59.171597633136095,0.3070624360286592,17.435018234123238,0.0,-0.48484848484848486,8.25,9.632206374743248,84.03361344537815,0.5757368060315284,24.316666666666666
2019,P007109   ,BAR,158.5,51.76,50,43,4,35,2237.96,5400.0,27,15.75928235228647,55.85344057193923,0.22082018927444794,17.178836703171843,50.41724617524339,0.14208389715832206,98.53333333333333,13.567400250677675,65.625,0.3501945525291829,59.96666666666666
2019,P007125   ,BER,364.23333333333335,192.72,158,126,63,167,1494.48,3500.0,17,24.78306587203111,51.392141556075984,0.45849730026539764,25.611948390662164,56.73587638821825,0.5795269904314858,184.63333333333333,23.814023371244186,45.146726862302486,0.33407572383073497,179.6
2019,P007200   ,IST,749.6166666666667,434.8,555,317,145,644,1985.72,5025.0,25,29.356099650018148,72.87289915966386,0.859105765168864,30.483881074009105,72.9765590446705,0.8221067635293576,362.48333333333335,28.35350308223632,72.77911164465786,0.8937489237127605,387.1333333333333
2019,P007201   ,CSK,625.4,210.24,215,171,21,264,2364.6,5650.0,28,16.06490749751674,59.64269862405681,0.4221298369043812,15.412379723658635,59.81391227292867,0.3655405065203162,331.01666666666665,16.79094489257554,59.47087594486439,0.4857611957198664,294.3833333333333
2019,P007360   ,BAS,420.4166666666667,180.24,159,125,46,124,2292.88,5599.766666666666,28,20.940635373712926,54.73698705590746,0.29494549058473735,24.087691964644463,53.39028296849973,0.2798600699650175,200.1,18.148839198468067,56.171786120591584,0.3086466449807096,220.31666666666666
2019,P007400   ,ULK,120.35,34.839999999999996,38,24,11,37,675.16,1800.0,9,15.435753978321172,65.88072122052705,0.30743664312422103,14.31043760271084,58.139534883720934,0.2006079027355623,54.833333333333336,16.380913896733617,72.94429708222812,0.39684558636479267,65.51666666666667
2019,P007432   ,KHI,426.5333333333333,156.4,179,123,35,231,1749.2,4225.0,21,17.713362575358882,64.66763005780346,0.5415754923413567,16.4031315514458,61.46408839779005,0.51931602279924,236.85,19.349238141664134,68.18181818181819,0.5693700026359723,189.68333333333334
2019,P007519   ,ZAL,64.23333333333333,29.759999999999998,22,18,4,20,1587.56,4075.0,20,23.784823212202955,55.668016194331976,0.3113648157758173,28.42428312983828,60.97560975609756,0.47224523612261804,40.233333333333334,15.293079631407826,40.0,0.041666666666666664,24.0
2019,P007524   ,ZAL,3.616666666666667,0.0,0,0,0,2,469.84,1200.0,6,0.0,,0.5529953917050691,0.0,,0.45454545454545453,2.2,0.0,,0.7058823529411764,1.4166666666666667
2019,P007533   ,PAM,0.0,0.0,0,0,0,0,76.96,200.0,1,,,,,,,0.0,,,,
2019,P007566   ,BER,1.4333333333333333,0.0,0,0,0,0,606.68,1475.0,7,0.0,,0.0,0.0,,0.0,0.18333333333333332,0.0,,0.0,1.25
2019,P007581   ,DYR,10.766666666666666,3.0,4,3,0,2,735.72,1800.0,9,13.634208329693337,66.66666666666667,0.18575851393188855,,,,0.0,13.473780024073154,66.66666666666667,0.18575851393188855,10.766666666666666
2019,P007630   ,MAD,166.91666666666666,51.92,61,37,18,89,1653.16,4000.0,20,15.052550019124329,67.89848619768478,0.5332001997004494,13.978521828635955,61.881188118811885,0.5590416428978893,87.65,16.250284457381373,72.81553398058253,0.5046257359125316,79.26666666666667
2019,P007632   ,MAD,11.9,6.88,6,4,2,4,414.44,1000.0,5,27.90036002819234,61.47540983606557,0.3361344537815126,36.83467370618208,100.0,1.923076923076923,2.6,25.621639784946233,34.72222222222222,-0.1075268817204301,9.3
2019,P007675   ,TEL,372.4,120.92,105,94,18,102,2345.44,5625.0,28,15.574591378409968,51.51098901098901,0.27389903329752957,14.141780464254385,51.48992112182296,0.24682713347921226,190.41666666666666,17.095582623561377,51.528073916133614,0.3022254785236743,181.98333333333335
2019,P007831   ,BAS,660.25,250.4,246,210,35,221,2122.88,5199.766666666666,26,18.57865715424741,54.56965394853594,0.3347216963271488,18.40776504750853,55.58473389355743,0.330747841358115,341.65000000000003,18.785286489127074,53.5264483627204,0.3389830508474576,318.6
2019,P007851   ,DYR,265.0,91.0,82,86,0,39,2036.52,5050.0,25,17.03053192108328,47.674418604651166,0.1471698113207547,17.581012948305467,47.5,0.072337575351641,124.41666666666667,16.536914116044763,47.82608695652174,0.21339656194427978,140.58333333333334
2019,P007853   ,OLY,78.01666666666667,43.2,41,34,5,31,239.0,600.0,3,27.802234440125176,56.629834254143645,0.3973509933774835,29.46949856437117,59.6529284164859,0.4418262150220913,33.95,26.271117315082584,53.49099099099099,0.3630862329803329,44.06666666666666
2019,P007866   ,PAN,389.31666666666666,154.24,163,118,46,201,2407.0,5700.0,28,18.763885810242837,58.95543981481481,0.5162892247099619,20.27783678129527,60.2019678922838,0.5903824789715918,210.03333333333333,16.965458563021542,57.377049180327866,0.4294877754020638,179.28333333333333
2019,P007869   ,CSK,189.38333333333333,70.6,55,57,15,53,826.68,2000.0,10,18.03788049436618,43.23899371069182,0.2798556719176274,14.829535280752816,46.01226993865031,0.2963215258855586,97.86666666666666,21.48490302030087,41.311300639658846,0.2622473137861956,91.51666666666667
2019,P007870   ,BAR,561.8333333333334,288.8,268,202,70,289,2332.4,5600.0,28,24.68338269748718,57.56013745704467,0.5143874221299317,24.28398986227291,58.78030859662014,0.522202486678508,281.5,25.082094692931282,56.488056810845706,0.5065398335315101,280.3333333333333
2019,P007942   ,TEL,166.43333333333334,76.36,68,51,19,86,990.52,2400.0,12,22.233283039335472,57.277628032345014,0.516723412777889,22.924966385539157,53.61930294906166,0.47082494969818905,82.83333333333334,21.528153031449254,60.97560975609756,0.562200956937799,83.60000000000001
2019,P007947   ,BAS,370.1333333333333,145.28,113,110,12,110,1347.2,3199.766666666667,16,18.645063386885898,49.011103400416374,0.29719020172910665,19.412378673930046,41.666666666666664,0.242977770118904,193.43333333333334,17.883877929004644,57.32248520710059,0.35653650254668934,176.7
2019,P007960   ,RED,449.7,146.36,148,109,44,175,1964.44,4845.0,24,16.054046687257546,57.650358367092544,0.38914832110295755,14.492354226718344,56.25,0.3606347171020997,207.96666666666667,17.431050511310815,58.73410724156993,0.4136789851075565,241.73333333333335
2019,P007990   ,TEL,161.41666666666666,78.36,94,60,19,86,1016.6800000000001,2425.0,12,23.15813125045333,68.75365710942071,0.5327826535880228,25.146078270199947,70.30178326474623,0.5563480741797433,70.1,21.64784752279048,67.60204081632652,0.5146924621281256,91.31666666666666
2019,P007994   ,BAS,188.8,70.75999999999999,67,50,29,59,839.44,1999.7666666666667,10,17.856876503894707,53.37794773741236,0.3125,20.794720904664167,38.36317135549872,0.1853759011328527,80.91666666666667,15.651872605541662,68.29733163913596,0.40784798393326127,107.88333333333333
2019,P008001   ,KHI,471.93333333333334,172.6,208,134,40,258,2069.16,5025.0,25,17.763646646089406,68.60158311345647,0.5466873852239017,17.043667660156075,68.87877335888835,0.5775154004106776,259.73333333333335,18.63070951978336,68.26189078097475,0.5089538171536286,212.2
2019,P008003   ,KHI,43.65,20.32,17,13,3,18,320.28,800.0,4,23.255710817753826,59.35754189944134,0.4123711340206186,24.50296955791461,55.147058823529406,0.5274725274725275,15.166666666666666,22.592768706091842,61.93693693693693,0.3510825043885313,28.483333333333334
2019,P008004   ,MIL,595.1833333333333,199.12,227,136,73,305,2253.8,5650.0,28,16.773635108053156,67.51130145134428,0.5124471451373527,16.28209455400102,71.24352331606218,0.6038939610603895,303.0333333333333,17.283964410878614,63.70192307692307,0.4175937018654801,292.15
2019,P008032   ,BAS,30.35,4.0,5,4,0,9,2292.88,5599.766666666666,28,6.437539346548351,62.5,0.29654036243822074,0.0,,0.0,1.3333333333333333,6.6154503488498255,62.5,0.31016657093624356,29.016666666666666
2019,P008099   ,ASV,221.55,77.72,64,53,13,37,1387.16,3425.0166666666664,17,17.32316194375468,54.49591280653951,0.16700519070187317,18.817691626576693,63.713592233009706,0.18311291963377416,114.68333333333334,15.6812481248695,42.701863354037265,0.14971927635683094,106.86666666666666
2019,P008177   ,ULK,6.083333333333333,3.0,5,2,0,5,319.84000000000003,825.0,4,25.44080259307736,125.0,0.8219178082191781,25.4660823615547,125.0,0.8219178082191781,6.083333333333333,,,,0.0
2019,P008211   ,BER,25.183333333333334,5.0,7,5,0,5,781.68,1875.0,9,9.524870019813763,70.0,0.1985440105890139,3.9480203638890368,150.0,0.25210084033613445,11.9,14.676910012110158,50.0,0.15056461731493098,13.283333333333333
2019,P008232   ,OLY,1.8166666666666667,2.0,0,1,0,-2,239.04000000000002,600.0,3,55.266939316900626,0.0,-1.1009174311926606,54.51435658294927,0.0,-1.1009174311926606,1.8166666666666667,,,,0.0
2019,P008250   ,MUN,4.566666666666666,0.0,0,0,0,1,631.72,1600.0,8,0.0,,0.21897810218978103,0.0,,0.0,2.166666666666667,0.0,,0.41666666666666663,2.4000000000000004
2019,P008253   ,MUN,1.95,1.0,0,1,0,-1,74.28,200.0,1,27.61553650083537,0.0,-0.5128205128205129,27.61553650083537,0.0,-0.5128205128205129,1.95,,,,
2019,P008282   ,IST,3.15,2.0,0,1,0,-1,84.08,200.0,1,30.20554875930709,0.0,-0.31746031746031744,30.20554875930709,0.0,-0.31746031746031744,3.15,,,,
2019,P008348   ,ASV,237.83333333333331,116.52,137,90,33,150,1058.32,2600.0166666666664,13,24.072260656879045,65.53769613471107,0.6306937631394535,25.809494929074432,58.953574060427414,0.4818221638195357,114.15,22.52297767333705,72.65127388535032,0.7680905538337152,123.68333333333334
2019,P008780   ,BER,695.8,366.0,294,271,50,229,2320.48,5550.0,27,25.161806032855957,50.170648464163826,0.329117562517965,25.08064952951408,47.113863995782815,0.3119977309255933,352.56666666666666,25.24423593980367,53.45511186632682,0.34670292318150914,343.23333333333335
2019,P008800   ,RED,217.93333333333334,62.92,54,46,18,63,967.56,2445.0,12,14.591367833010667,50.074183976261125,0.2890792291220557,14.285683358533225,53.606237816764136,0.2581149784904185,85.23333333333333,14.888021757273975,47.90419161676647,0.30896759608138663,132.7
2019,P008801   ,RED,251.53333333333333,93.24,91,45,46,110,1967.24,4870.0,24,18.3530534420977,69.74248927038627,0.43731778425655976,19.470762464611802,69.52662721893492,0.3964401294498382,123.6,17.26623314219816,69.97455470737914,0.4768108389786347,127.93333333333334
2019,P008807   ,RED,2.8833333333333333,2.88,1,1,2,-3,162.39999999999998,425.0,2,52.27939292121075,26.595744680851066,-1.0404624277456647,57.870447893154,26.595744680851066,-1.0404624277456647,2.8833333333333333,,,,0.0
2019,P008820   ,ZAL,510.5833333333333,250.48000000000002,276,190,67,261,2068.12,5300.0,26,25.144126390538933,62.87588846364134,0.5111800228496818,24.429505969139797,58.0,0.47767393561786087,240.75,25.883800542581284,66.95681285570807,0.5410747374922792,269.8333333333333
2019,P008829   ,IST,370.06666666666666,91.44,113,70,26,135,2227.36,5625.0,28,12.48010833864733,69.3762278978389,0.36479913529093855,12.58794626406298,81.69934640522877,0.4246996367700475,178.95,12.369799122001092,59.257602862254025,0.3087119560477893,191.11666666666667
2019,P008847   ,MAD,432.25,208.96,235,145,59,282,2128.6,5200.0,26,23.619322665396933,68.72952737482451,0.6524002313475997,22.470946835982712,64.68376824413976,0.6368593238822247,229.25,24.920507147616537,73.27372081470442,0.6699507389162561,203.0
2019,P008851   ,ASV,117.01666666666667,13.0,8,12,0,5,1927.8,4825.016666666666,24,5.561122569481247,33.333333333333336,0.04272895598917533,6.0343418049295385,50.0,0.12052226314027453,49.78333333333333,5.21074678389079,21.428571428571427,-0.014873574615765989,67.23333333333333
2019,P008855   ,ZAL,719.3666666666667,301.48,270,208,42,356,2219.2,5700.0,28,21.528640426351693,59.607912398445784,0.4948797553403457,19.654710426617644,54.32511491851233,0.38339607687735283,336.4666666666667,23.305801550627056,63.47506882838789,0.5928440846173936,382.9
2019,P008962   ,ZAL,622.4166666666666,180.52,176,151,33,184,2219.2,5700.0,28,14.898842154879441,53.165780570323825,0.2956219038693266,15.83572520770707,45.72522330923011,0.2929936305732484,314.0,13.887600831661308,62.95467263570229,0.2982977573628749,308.4166666666667
2019,P008966   ,PAM,318.3333333333333,161.72,171,128,38,182,1732.72,4250.0,21,24.921383780825547,59.07960199004975,0.5717277486910995,21.724153792712194,62.621990891346776,0.5924653858538156,155.28333333333333,27.927642185336026,56.46323882748679,0.5519779208831647,163.05
2019,P008985   ,BAR,55.2,26.32,11,19,3,6,1256.4,3000.0,15,22.77037221599324,27.066929133858267,0.10869565217391304,24.83569634635862,25.0,0.15544041450777202,19.3,21.61802107302895,28.40909090909091,0.08356545961002786,35.9
2019,P008987   ,ZAL,627.2333333333333,316.96,329,222,109,369,2219.2,5700.0,28,25.95874759125565,60.934953326418736,0.5882978158048573,25.45576277395025,62.67605633802817,0.6625537871325625,321.48333333333335,26.47009382027199,59.00281337918099,0.5102207686017989,305.75
2019,P008989   ,CSK,546.5666666666667,298.76,287,230,54,192,2270.8,5450.0,27,26.237770029057817,56.549495586380836,0.3512837714216015,28.138949957272423,51.35311379197913,0.2516382699868938,254.33333333333334,24.56547589630051,61.412877631980464,0.4380061594616174,292.23333333333335
2019,P008991   ,TEL,215.38333333333333,98.24,100,55,46,117,933.56,2225.0,11,21.741726863823704,66.45401382243487,0.5432175191518998,21.364278920628294,75.47169811320755,0.7418478260869565,122.66666666666666,22.169668893183335,54.811205846528615,0.28042423152975016,92.71666666666667
2019,P008995   ,CSK,31.05,11.0,7,8,0,4,825.96,2000.0,10,17.15663280493244,43.75,0.1288244766505636,13.538748745080216,0.0,-0.27939464493597205,14.316666666666666,20.240798027196885,58.333333333333336,0.4780876494023904,16.733333333333334
2019,P009005   ,MAD,481.7,178.0,178,140,50,213,1974.2,4800.0,24,17.96898066856091,54.93827160493827,0.44218393190782646,16.509153084549183,54.41091120139292,0.3990095507605236,235.58333333333331,19.31965472551863,55.32874946282767,0.4835105302363378,246.11666666666667
2019,P009006   ,ULK,729.5333333333333,291.36,316,232,69,349,2169.72,5650.0,28,20.79981822333782,60.222594907760325,0.47838801060038383,20.384603205585062,59.90133897110641,0.4383915701575625,335.31666666666666,21.13408048326492,60.467616232195645,0.5124085739652475,394.2166666666667
2019,P009035   ,CSK,456.75,150.4,147,113,35,204,2284.8,5450.0,27,15.70896557856859,57.242990654205606,0.4466338259441708,16.681930021340193,50.03639010189229,0.3043067136594172,193.88333333333333,15.019683287505936,62.63616557734205,0.5516104488967791,262.8666666666667
2019,P009051   ,BER,622.2333333333333,247.76,244,157,79,317,2408.16,5750.0,28,19.01474131895414,63.62119315811431,0.5094551883002089,21.227128279961892,69.67554076539102,0.5585016360148933,295.43333333333334,16.971583884775523,57.53138075313808,0.46511627906976744,326.8
2019,P009101   ,PAM,4.333333333333333,2.0,0,2,0,-2,153.95999999999998,400.0,2,23.98225313268182,0.0,-0.46153846153846156,22.90513456766559,0.0,-0.46153846153846156,4.333333333333333,,,,0.0
2019,P009105   ,PAM,0.3333333333333333,0.0,0,0,0,0,83.24,200.0,1,0.0,,0.0,0.0,,0.0,0.3333333333333333,,,,
2019,P009328   ,ZAL,2.15,1.88,1,1,2,0,69.92,200.0,1,50.02394763450587,26.595744680851066,0.0,,,,,50.02394763450587,26.595744680851066,0.0,2.15
2019,P009472   ,PAN,281.85,105.2,129,84,30,146,2241.6,5300.0,26,17.6500300034049,66.35802469135803,0.5180060315770799,17.574642177649004,62.94256490952006,0.5103448275862069,145.0,17.73103694198334,70.10353753235547,0.526123492875411,136.85
2019,P009580   ,OLY,150.16666666666666,44.16,57,30,14,88,556.36,1400.0,7,14.799861698152307,78.81637168141593,0.586015538290788,16.038105289671265,73.52941176470588,0.5831533477321814,61.733333333333334,13.936718469287543,82.84600389863547,0.5880135695439125,88.43333333333334
2019,P009600   ,BER,217.8,116.28,125,82,37,107,1925.32,4550.0,22,25.23397205367428,63.59381359381359,0.4912764003673094,19.790094562918895,54.63576158940398,0.19441069258809232,82.30000000000001,28.767010644353267,67.56756756756756,0.6715867158671587,135.5
2019,P009601   ,BER,278.35,123.52,121,100,33,122,1620.84,3850.0,19,21.08126349820798,52.82920013971359,0.4382971079576073,19.711610054595656,61.0632183908046,0.5244627898506738,137.28333333333333,22.478650043789486,45.037389530931335,0.3544423440453686,141.06666666666666
2019,P009622   ,RED,682.9,404.76,332,295,79,352,2212.88,5470.0,27,29.30218006833132,50.339640950994664,0.5154488212036902,30.731303028932864,51.57225691347011,0.5593733480705464,346.81666666666666,27.81985137095163,48.869680851063826,0.47012149764443345,336.0833333333333
2019,P009723   ,MUN,201.26666666666668,60.08,58,49,7,49,1279.52,3225.0,16,15.047720155740748,55.68356374807988,0.2434580987081815,17.310373312255305,48.524844720496894,0.09983361064891846,90.15,13.218557273011868,62.68996960486322,0.359982000899955,111.11666666666666
2019,P009733   ,ASV,644.1666666666666,241.88,235,179,77,345,2177.64,5425.016666666666,27,18.708833035789628,55.19541525742202,0.535575679172057,16.404459136296598,57.899090157154674,0.5906506632975363,316.59999999999997,20.951894571221885,52.94421487603306,0.48234456090363287,327.56666666666666
2019,P009748   ,KHI,664.4166666666666,266.2,313,221,55,358,2316.44,5625.0,28,19.458035879468127,63.825448613376835,0.5388185124796188,21.114398436087516,65.12123197903014,0.5740564541706311,315.3,17.962106025005493,62.54061078622482,0.5069938416002291,349.1166666666667
2019,P009752   ,ZAL,75.53333333333333,24.32,22,20,3,20,562.3199999999999,1425.0,7,16.318725964064903,51.594746716697934,0.264783759929391,15.828597440809238,42.08754208754208,0.07922535211267606,37.86666666666667,16.84455049603861,63.55932203389831,0.4513274336283186,37.666666666666664
2019,P009753   ,ZAL,162.68333333333334,67.48,71,44,17,81,2219.2,5700.0,28,21.307888676351094,68.95881895881895,0.4978998053478127,21.247403126662363,71.37030995106036,0.513057545643633,72.11666666666666,21.45248577903022,66.76557863501483,0.4858299595141701,90.56666666666666
2019,P009754   ,PAM,394.0833333333333,206.32,200,151,53,159,1480.04,3625.0,18,25.64589234096186,57.365764111977974,0.40346796362867415,24.36271236390816,56.47414997671169,0.4168410479618314,199.11666666666667,26.953798233238032,58.231569425599275,0.3898102239699094,194.96666666666667
2019,P009766   ,CSK,163.4,61.96,63,53,9,80,1863.72,4450.0,22,18.10792544758734,55.30196629213483,0.48959608323133413,20.85634367772744,37.54416961130742,0.306674684305472,55.43333333333334,16.805018729786383,67.01631701631702,0.5835134300710095,107.96666666666667
2019,P009767   ,CSK,299.8333333333333,91.6,69,62,15,62,2286.56,5450.0,27,14.563288626009934,50.291545189504376,0.2067815453029461,12.188981617916482,55.391432791728214,0.20793499043977054,139.46666666666667,16.714959552374587,46.96531791907514,0.20577842444398253,160.36666666666667
2019,P009815   ,PAN,0.0,0.0,0,0,0,0,95.32,200.0,1,,,,,,,,,,,0.0
2019,P009816   ,PAN,440.0833333333333,112.24,93,92,21,94,2407.0,5700.0,28,12.079292494662456,45.93046226787831,0.21359590986555577,11.669636940881709,54.0912667191188,0.21750163126223448,229.88333333333333,12.525717139478052,37.698412698412696,0.2093244529019981,210.2
2019,P009817   ,PAN,16.583333333333332,1.88,3,1,2,1,945.32,2275.0,11,5.456555404279895,79.7872340425532,0.06030150753768845,0.0,,0.12170385395537525,8.216666666666667,10.823756995140824,79.7872340425532,0.0,8.366666666666667
2019,P009818   ,PAN,207.81666666666666,69.64,71,52,31,75,2407.0,5700.0,28,15.871104418725787,54.08287629494211,0.36089501964872883,20.843885727048296,52.672147995889,0.41159320871205624,97.18333333333334,11.478258551643794,56.137724550898206,0.31636034950286235,110.63333333333333
2019,P009834   ,MUN,204.41666666666669,74.96000000000001,64,55,9,56,792.52,2000.0,10,18.508151090395977,54.274084124830395,0.2739502649816551,18.044054320154977,62.225475841874086,0.2925402242808386,102.55000000000001,18.967865372924724,47.40834386852086,0.25523560209424084,101.86666666666667
2019,P009835   ,MUN,675.5166666666667,389.8,361,277,95,470,2227.32,5625.0,28,29.14577929018623,56.618569636135504,0.6957637363992993,26.26444310352029,54.04135338345864,0.6773707977922729,332.1666666666667,31.978226686947977,58.87894488930758,0.7135575942915392,343.35
2019,P009836   ,BAS,450.55,203.08,197,161,32,149,1917.08,4599.766666666666,23,21.629661438913015,56.25999543066027,0.33070691377205635,20.274436815938827,62.10774058577405,0.33932444995351724,215.13333333333333,22.830832593922096,51.724137931034484,0.3228318584070797,235.41666666666666
2019,P009842   ,PAN,574.9166666666666,304.72,347,230,88,339,2298.44,5450.0,27,25.135607584495023,64.56534682941351,0.5896506740107262,22.672571643825204,64.80371591249626,0.5656132833422602,311.1666666666667,28.058015000698003,64.33007985803016,0.6180094786729858,263.75
2019,P009846   ,TEL,532.6833333333333,224.72,226,185,13,206,2262.32,5425.0,27,20.23244277635528,59.249161073825505,0.3867213166046119,20.220925017318482,53.90143737166324,0.3848671292053934,254.63333333333333,20.247487891238087,64.83069009858552,0.3884193490379428,278.05
2019,P009847   ,TEL,525.6833333333333,161.8,130,120,20,136,2266.92,5425.0,27,14.731529960715312,50.46583850931677,0.25871088424590216,14.193381921950012,47.519329896907216,0.2697808030974833,266.8833333333333,15.282828506274232,53.2074340527578,0.2472952086553323,258.8
2019,P009848   ,TEL,48.93333333333333,15.76,13,12,4,6,1177.72,2800.0,14,15.314308411551401,47.23837209302326,0.1226158038147139,16.98998960208172,63.45177664974619,0.4397068620919387,25.016666666666666,13.55953359540329,25.510204081632654,-0.20905923344947736,23.916666666666668
2019,P009849   ,TEL,527.4,309.72,278,239,63,207,2345.44,5625.0,28,28.168084837396783,52.114577084583075,0.3924914675767918,27.51572499272889,52.694136291600636,0.40614423327258525,256.06666666666666,28.811297012914945,51.594079134642755,0.3796068796068796,271.3333333333333
2019,P009862   ,OLY,203.16666666666669,105.8,75,90,20,29,972.3199999999999,2425.0,12,25.975608620191814,37.955465587044536,0.1427399507793273,28.551405190720324,43.833131801692865,0.24892933618843682,124.53333333333333,21.72057236936578,26.041666666666668,-0.025434506146672316,78.63333333333334
2019,P009862   ,RED,264.8333333333333,160.68,191,130,47,164,989.8,2425.0,12,29.72921661234078,63.37934696044598,0.619257394587791,28.088195258767797,58.91538898353208,0.5874017776632745,129.38333333333333,31.25959778375657,67.29810568295115,0.64968623108158,135.45
2019,P009863   ,OLY,402.1166666666667,166.56,131,109,49,103,2126.04,5270.0,26,20.534674256778956,50.16850490196078,0.2561445683259419,21.042273973348067,51.12137203166227,0.25795828759604833,182.2,20.092302768054346,49.34210526315789,0.2546419098143236,219.91666666666669
2019,P009864   ,OLY,0.75,0.0,0,0,0,-1,167.92000000000002,425.0,2,0.0,,-1.3333333333333333,0.0,,-1.3333333333333333,0.75,,,,
2019,P009888   ,BAS,175.65,68.84,64,56,11,56,533.76,1400.0,7,20.559129127099688,52.59697567389875,0.3188158269285511,19.92730810233004,62.90584415584416,0.30748663101604273,74.80000000000001,21.001286010180653,45.58011049723756,0.32721864154685176,100.85
2019,P009902   ,MIL,190.73333333333332,81.52,54,60,8,35,872.8000000000001,2200.0,11,21.54643934629588,42.50629722921914,0.18350227193289062,22.236119797095405,47.762008733624455,0.1979307242465137,111.15,20.632832224367412,35.342261904761905,0.16335078534031414,79.58333333333333
2019,P009903   ,MIL,172.76666666666668,50.84,38,38,11,38,2012.2,5050.0,25,14.770521083209898,44.35107376283847,0.21994983600231524,17.076677296023572,31.779661016949156,-0.013245033112582781,75.5,12.98439884730337,54.25709515859766,0.4009595613433859,97.26666666666667
2019,P009917   ,DYR,617.8666666666667,276.84,280,229,36,214,2199.36,5475.0,27,22.30754981352601,57.180199313837605,0.3463530427276651,23.9559470443537,57.67524401064773,0.3595080416272469,317.1,20.556887182561304,56.56934306569343,0.3324836528870664,300.76666666666665
2019,P009918   ,BAS,3.1666666666666665,2.0,0,2,0,-1,574.52,1400.0,7,30.780844054716617,0.0,-0.31578947368421056,,,,0.0,31.255969021861812,0.0,-0.31578947368421056,3.1666666666666665
2019,P009923   ,KHI,1.35,0.0,0,0,0,0,492.59999999999997,1200.0,6,0.0,,0.0,,,,0.0,0.0,,0.0,1.35
2019,P009946   ,OLY,120.21666666666667,62.0,71,43,25,77,916.28,2245.0,11,25.2723217189977,65.74074074074075,0.6405101899348399,27.54290036583503,63.59300476947536,0.601275432736107,54.88333333333333,23.464435462190423,67.61442441054092,0.6734693877551021,65.33333333333333
2019,P010063   ,OLY,22.950000000000003,9.76,6,4,4,11,245.76,600.0,3,20.765250544662305,52.083333333333336,0.47930283224400866,24.24700142103328,52.083333333333336,0.5339805825242718,20.6,0.0,,0.0,2.35
2019,P010093   ,MIL,224.91666666666669,109.72,87,87,13,37,976.84,2450.0,12,24.47015980133231,46.91544434857636,0.16450537236013338,20.95022607511595,43.821209465381244,0.13444541267272503,133.88333333333333,29.61616821090818,49.91503823279525,0.20871475649945076,91.03333333333333
2019,P010150   ,PAN,69.38333333333333,15.0,20,14,0,4,881.68,2000.0,10,9.808104864246786,71.42857142857143,0.057650732644727365,6.249077284682183,0.0,-0.13929193267556586,28.71666666666667,12.411296837601565,100.0,0.19672131147540986,40.666666666666664
2019,P010254   ,MIL,120.66666666666666,43.76,40,36,4,17,570.76,1450.0,7,18.426144224101314,52.96610169491526,0.1408839779005525,31.703666998772363,41.666666666666664,-0.1732851985559567,23.083333333333332,15.425744490204575,58.22981366459627,0.215200683176772,97.58333333333333
2019,P010355   ,ASV,49.5,14.0,12,11,0,0,241.12,600.0,3,14.075727413484547,54.54545454545455,0.0,6.235936663669953,75.0,0.0,16.583333333333332,17.809328872756055,50.0,0.0,32.91666666666667
2019,P010356   ,OLY,0.0,0.0,0,0,0,0,79.8,200.0,1,,,,,,,,,,,0.0
2019,P010357   ,ASV,46.18333333333334,19.0,16,14,0,13,160.95999999999998,400.0,2,20.447506229314836,57.142857142857146,0.2814868278599783,27.6325209651286,43.75,0.19433198380566802,20.583333333333332,14.952153110047847,75.0,0.3515625,25.6
2019,PAAX      ,MAD,55.71666666666667,24.64,24,21,6,17,802.48,2000.0,10,22.04354058505978,50.76142131979695,0.3051151660185462,22.32537140994333,37.5,0.11264080100125157,26.633333333333333,21.859081127411503,64.43298969072164,0.4813753581661891,29.083333333333336
2019,PAJG      ,MIL,543.75,276.52,258,216,58,239,2253.8,5650.0,28,25.497074162359763,53.411725736999,0.4395402298850575,24.70007117420359,57.704552690226045,0.5067047075606277,292.0833333333333,26.407955170080662,48.757335174318264,0.36158940397350997,251.66666666666666
2019,PAMM      ,OLY,626.95,272.52,295,230,58,346,2213.52,5470.0,27,21.483218482156552,57.72542266750156,0.551878140202568,19.95148048196255,58.4727385377943,0.5322415557830092,341.95,23.337584887448724,56.962025316455694,0.5754385964912281,285.0
2019,PBFX      ,KHI,191.81666666666666,37.0,32,29,0,27,2151.92,5225.0,26,9.367108547189252,55.172413793103445,0.14075940568250933,6.778133064919263,75.0,0.13969732246798602,85.9,11.471780657805741,47.61904761904762,0.14162077104642015,105.91666666666666
2019,PBGV      ,KHI,49.18333333333334,7.88,10,7,2,16,1330.24,3225.0,16,7.7685143120653946,63.45177664974619,0.325313453066757,6.291897434304046,66.66666666666667,0.3025936599423631,23.133333333333333,9.076165394515616,61.47540983606557,0.345489443378119,26.05
2019,PBMT      ,MAD,499.01666666666665,189.4,203,158,35,233,2053.52,5000.0,25,18.48272436278316,58.535178777393305,0.4669182726027855,19.85568367457243,61.99660873251378,0.4859716192574354,257.21666666666664,17.035389499236874,54.40283400809716,0.4466501240694789,241.8
2019,PBOG      ,MUN,156.51666666666668,31.88,31,26,2,15,1980.52,5025.0,25,10.335810825122778,57.66369047619048,0.09583643914386114,7.972583618174986,40.48582995951417,0.053357047576700754,74.96666666666667,12.56129686247553,67.6470588235294,0.134886572654813,81.55
2019,PBWI      ,ZAL,371.4666666666667,99.76,81,73,29,132,2219.2,5700.0,28,13.79573995220722,47.224813432835816,0.35534816941852115,13.27057626200613,39.237668161434975,0.25100315888329205,195.21666666666667,14.363867704276123,55.87949465500486,0.47092198581560285,176.25
2019,PCCD      ,ULK,629.6833333333333,220.16,233,184,14,206,2169.72,5650.0,28,18.20920433570433,61.26419856962558,0.32714856673989573,18.828003248449903,63.40226297307843,0.3703511592924944,321.31666666666666,17.577397686500806,58.763121862163395,0.28213166144200624,308.3666666666667
2019,PCPR      ,IST,629.9333333333333,237.24,239,192,21,293,2148.48,5425.0,27,19.01917823552261,59.38183263764659,0.4651285850354535,18.263942823503815,63.516260162601625,0.46997389033942555,325.55,19.795542818422003,55.42590431738623,0.45994633959371406,304.3833333333333
2019,PCVM      ,MIL,715.0833333333334,385.44,365,308,51,383,2253.8,5650.0,28,27.02484399859444,55.22939111487713,0.5356019111991609,27.611064444732303,51.21678668984355,0.5116763349695077,336.15,26.5128703008642,59.045819555975434,0.556826178747361,378.93333333333334
2019,PJAN      ,DYR,255.66666666666666,94.28,56,75,12,33,2048.48,5075.0,25,18.27173461321046,34.87792725460887,0.1290743155149935,21.358723285819234,34.00562851782364,0.06978772899098575,114.63333333333334,15.75044372217798,35.86609989373007,0.1772630583786339,141.03333333333333
2019,PJDZ      ,RED,181.91666666666666,61.08,30,41,7,27,1050.28,2620.0,13,16.751462529085675,34.029038112522684,0.1484196060467247,16.461288381694462,44.749403341288776,0.24936504271530824,72.18333333333334,17.103864084737864,27.452415812591507,0.08201701093560146,109.73333333333333
2019,PJFO      ,TEL,127.43333333333334,64.0,72,44,25,110,585.92,1425.0,7,24.428875044589844,65.45454545454545,0.8631964425843578,25.979986305569277,67.10526315789474,0.8967716221602233,83.63333333333333,20.84322421519471,61.76470588235294,0.7990867579908676,43.8
2019,PJLX      ,CSK,568.4333333333333,143.56,149,110,24,189,2364.6,5650.0,28,12.069094020994267,61.794956867949566,0.3324928165132235,11.45793176084013,61.737804878048784,0.35725477906612346,319.1,12.825043058259697,61.86317321688501,0.3008021390374332,249.33333333333331
2019,PJUG      ,BAR,112.25,34.08,19,23,7,26,1747.2,4200.0,21,14.596539318142879,36.426380368098165,0.23162583518930957,13.10746751339486,41.82156133828996,0.21998166819431716,54.55,15.988144759064028,32.637075718015666,0.24263431542461003,57.7
2019,PJUO      ,OLY,540.2666666666667,288.08,248,205,57,213,1801.76,4470.0,22,26.457299446069754,53.89429763560501,0.3942497532082922,25.707060614934264,53.17198386505317,0.39387308533916854,266.5833333333333,27.17477802218918,54.54545454545455,0.39461664941233787,273.68333333333334
2019,PKIR      ,ASV,495.25,163.44,161,135,26,145,1849.44,4625.016666666666,23,16.505813009733135,54.97131931166348,0.292781423523473,16.12740445893716,58.21734475374733,0.36535596294616823,257.28333333333336,16.912598280595834,51.58951477969883,0.214315730494467,237.96666666666667
2019,PKIW      ,MIL,82.86666666666667,14.76,6,11,4,5,1288.64,3200.0,16,8.846161299402803,23.510971786833856,0.06033789219629927,10.278298024306116,34.24657534246575,0.1487778958554729,47.05,6.9541609526644175,0.0,-0.055839925546765944,35.81666666666666
2019,PKLT      ,BAR,40.06666666666666,15.879999999999999,16,13,2,22,238.71999999999997,600.0,3,19.923228934795898,57.63688760806916,0.5490848585690516,21.34269972955751,57.142857142857146,0.5383848454636092,16.716666666666665,18.986509529068275,58.139534883720934,0.556745182012848,23.35
2019,PKPD      ,ZAL,619.0333333333333,181.2,208,148,30,160,2219.2,5700.0,28,15.036701057695643,64.51612903225806,0.2584675030962253,15.542060864808773,65.09216589861751,0.3199052132701422,309.46666666666664,14.501660171595073,63.84408602150537,0.19704963928071498,309.56666666666666
2019,PKRH      ,RED,214.55,117.68,101,92,22,67,1240.76,3025.0,15,26.744946371379616,49.66561762391817,0.31228151945933347,28.18058698201397,51.55510480054091,0.30586938550564896,120.96666666666667,24.969237824013703,47.03668861712135,0.3205699020480855,93.58333333333333
2019,PKVZ      ,KHI,809.1999999999999,605.12,557,438,148,504,2157.4,5225.0,26,36.221901823293734,55.35458737478137,0.6228373702422146,36.25391437901109,53.049828178694156,0.5429367944792286,364.68333333333334,36.19877919611134,57.3394495412844,0.6883881369277493,444.51666666666665
2019,PLBJ      ,RED,297.8333333333333,135.36,144,97,44,182,1067.0,2625.0,13,22.362066135250476,61.876933654176696,0.6110800223838836,19.318230232293157,58.139534883720934,0.4685247477174435,138.73333333333335,24.992386296629885,64.51612903225806,0.7353865493400378,159.1
2019,PLBJ      ,ULK,80.43333333333334,33.72,37,20,13,45,953.64,2425.0,12,21.32105931176556,71.9284603421462,0.5594695399917116,14.660540655035813,72.11538461538461,0.42121684867394693,42.733333333333334,28.872201054047352,71.83908045977012,0.7161803713527851,37.7
2019,PLEM      ,MUN,208.48333333333332,73.72,53,56,13,52,1675.12,4200.0,21,17.731576356861257,42.93583927414129,0.24942041729954434,23.109131710788994,47.150041911148364,0.3821115199547127,117.76666666666667,10.619661381849797,28.571428571428573,0.07716332904648172,90.71666666666667
2019,PLHI      ,CSK,270.9666666666667,87.28,72,74,12,81,1777.88,4250.0,21,15.399809553391323,45.40867810292634,0.29892975765776847,17.24018689186394,53.68098159509202,0.38932948810382123,138.7,13.428392332319689,34.18549346016647,0.20413306451612906,132.26666666666665
2019,PLHK      ,IST,524.9666666666667,231.88,267,194,27,317,2227.36,5625.0,28,22.309696887266888,64.843598212551,0.6038478633564035,21.772930989048277,65.23569023569023,0.5319426336375489,255.66666666666666,22.78165989640182,64.50739805124503,0.6721128852580764,269.3
2019,PLKY      ,DYR,257.1,89.16,64,64,14,51,1642.48,4050.0,20,17.10223666667481,45.61003420752566,0.1983663943990665,19.04127113815457,41.87817258883249,0.13849705052577585,129.96666666666667,15.102628909470962,50.39011703511053,0.2595700052438385,127.13333333333333
2019,PLRQ      ,PAM,289.18333333333334,106.03999999999999,97,80,16,126,1243.28,3050.0,15,17.991084661075117,55.721507352941174,0.435709757362688,18.010186936843517,61.34969325153374,0.49334631613112623,154.05,18.05304521325402,49.51690821256039,0.370004933399112,135.13333333333333
2019,PLUO      ,RED,405.95,114.96,98,96,9,46,2039.12,5070.0,25,14.082163426547078,49.01960784313726,0.11331444759206799,15.139150557339452,48.85057471264368,0.10198300283286119,205.91666666666669,12.980228111039642,49.20435510887772,0.12497917013831028,200.03333333333333
2019,PTFK      ,ASV,395.68333333333334,158.92,123,109,18,116,2084.76,5200.016666666666,26,20.03592808992786,52.600068422853234,0.2931637252011288,20.96009385619673,68.72213967310549,0.4014989293361884,186.8,19.211574374035706,38.83956880152188,0.19628181600574485,208.88333333333333
2019,PTFX      ,PAN,143.58333333333334,51.16,49,33,14,54,2034.6,4875.0,24,17.074660605991106,62.5638406537283,0.3760882182240278,22.51346406982963,71.72131147540983,0.5116918844566712,60.58333333333333,13.093286150631814,53.46232179226069,0.27710843373493976,83.0
2019,PTGB      ,MAD,296.05,168.32,120,129,28,79,1318.2,3200.0,16,27.603828704914093,42.456835550523635,0.26684681641614594,26.847330222968456,40.2744630071599,0.2756402894223039,145.11666666666667,28.29390419749956,44.4264943457189,0.2583922261484099,150.93333333333334
2020,P000007   ,MUN,307.81666666666666,103.72,97,78,13,98,1299.96,3250.0666666666666,16,16.848554735723337,57.93119923554706,0.3183713249228437,16.972375479636153,64.65517241379311,0.3110273327049953,176.83333333333334,16.777753343453895,50.45408678102926,0.3282860414811044,130.98333333333335
2020,P000046   ,CSK,299.93333333333334,102.16,99,85,14,69,1933.28,4675.0,23,16.47301154787779,54.30013163668276,0.23005112247166037,17.856901634847738,55.5019305019305,0.2175957018132975,124.08333333333334,15.516876965091914,53.29847144006436,0.23883992038669322,175.85
2020,P000436   ,KHI,344.6666666666667,120.24,107,96,21,54,1822.52,4425.0,22,16.940282613344134,50.8361839604713,0.15667311411992263,17.027703075102067,49.73723723723724,0.17475728155339806,171.66666666666666,16.91864816098656,51.96304849884527,0.13872832369942195,173.0
2020,P000518   ,PAM,319.78333333333336,118.8,118,99,20,119,2291.44,5800.0,29,18.806592513844755,54.73098330241188,0.3721269609631521,17.43587626706166,49.54954954954955,0.1933763058457435,149.96666666666667,19.987700094120406,58.359621451104104,0.5299833153400726,169.81666666666666
2020,P000529   ,MIL,443.95,146.36,144,119,19,126,1788.16,4628.283333333334,23,17.0660061593487,56.53266331658291,0.28381574501633067,17.315092054569934,66.4747807017544,0.3900589151486422,246.11666666666667,16.769502703995517,43.19852941176471,0.15164279696714408,197.83333333333331
2020,P000556   ,BAR,138.76666666666665,29.759999999999998,26,23,4,32,887.8,2225.0,11,10.749608337472594,52.50403877221324,0.23060293057890946,9.11232436808381,37.5,0.11875962172861228,75.78333333333333,12.78439589323903,66.61442006269593,0.3651759724794919,62.983333333333334
2020,P000726   ,MIL,246.41666666666666,70.44,64,45,26,78,2249.52,5828.283333333334,29,14.812557933675835,56.69737774627924,0.31653703077443357,13.218068529451463,58.075221238938056,0.23927079377136345,87.76666666666667,15.592978297439585,56.04796663190824,0.3592814371257485,158.65
2020,P000796   ,BAR,663.8,359.52,439,269,108,571,2094.92,5225.0,26,27.016846451158077,69.34790850499179,0.8601988550768305,27.25237800254013,64.24792139077854,0.8282019704433498,324.8,26.79192926822859,74.48022312373226,0.8908554572271387,339.0
2020,P000848   ,PAN,653.3333333333334,391.40000000000003,400,306,85,372,2089.72,5100.0,25,29.2413943162779,58.24111822947001,0.5693877551020408,28.393180421119485,55.87484035759898,0.5614490202436652,359.7833333333333,30.28949201415595,61.10110625160793,0.5791176971555101,293.55
2020,P000925   ,ULK,859.6333333333333,328.0,397,256,75,552,2334.0,6025.0,30,19.69911844401486,68.68512110726644,0.6421342432820195,18.7415918580903,69.54505940307158,0.6401951070802531,437.3666666666667,20.726593330565915,67.89878113407525,0.644142721818756,422.26666666666665
2020,P000981   ,ULK,0.6833333333333333,0.0,0,0,0,0,402.68,1025.0,5,0.0,,0.0,,,,0.0,0.0,,0.0,0.6833333333333333
2020,P001133   ,CSK,788.55,397.92,364,282,118,394,2671.16,6475.0,32,24.464503011493544,54.504072831816,0.4996512586392746,23.73963057821197,56.63336431226766,0.5444216506233234,422.46666666666664,25.294489930910697,52.23788328387735,0.4479854313680856,366.0833333333333
2020,P001255   ,OLY,303.76666666666665,86.36,80,63,19,82,1108.04,2820.0,14,14.470921361967644,56.053811659192824,0.26994403599253813,15.545005497267914,60.422960725075534,0.2745424292845258,160.26666666666665,13.268205368425898,50.56890012642225,0.26480836236933797,143.5
2020,P001261   ,ASV,283.3833333333333,107.6,59,61,15,38,2382.12,6050.0,30,19.2867788982516,43.639053254437876,0.13409398341469153,16.202193831397178,39.87240829346093,0.05094459774994693,157.03333333333333,23.11995942686707,45.86077140169332,0.2374356944994064,126.35
2020,P001288   ,MUN,802.4833333333333,285.8,359,200,120,459,2096.28,5275.066666666667,26,17.923996916341956,71.00474683544303,0.5719744958358429,18.14275505214073,72.4976613657624,0.5541315757353839,409.65,17.71807727218378,69.46675232894314,0.5905812473483242,392.8333333333333
2020,P001324   ,ULK,253.41666666666669,95.2,99,80,5,96,1862.12,4825.0,24,19.468003828811963,60.21897810218978,0.37882275567247614,19.37154089504814,56.772100567721004,0.409121395036888,149.1,19.522197943298625,65.38929440389293,0.33551685572775203,104.31666666666666
2020,P001389   ,KHI,238.5,71.52,58,53,8,48,1890.44,4625.0,23,14.672967552460916,51.30927105449398,0.20125786163522014,11.081325681003294,56.2888198757764,0.2554890219560878,125.25,18.886981410428177,47.13914174252275,0.141280353200883,113.25
2020,P001392   ,MAD,347.6166666666667,157.28,159,117,37,140,2252.36,5701.0,28,22.90425342789387,59.64885954381753,0.40274248453756534,21.881730587360547,52.424639580602886,0.36091976326768216,171.78333333333333,23.925882788067618,65.7530454042082,0.44360189573459713,175.83333333333334
2020,P001557   ,BER,480.8,198.56,194,156,24,199,2000.08,4825.0,24,19.925409306423084,58.23727185398655,0.4138935108153078,21.157331821354212,58.803763440860216,0.4801336023937095,239.51666666666668,18.63850043315813,57.582815734989644,0.34813842646957244,241.28333333333333
2020,P001792   ,KHI,664.1,216.28,175,144,37,219,2807.76,6850.0,34,15.890715969020258,54.59196406288994,0.32976961301008884,16.02731052474558,57.10955710955711,0.35728582866293035,333.06666666666666,15.74846643287499,51.691729323308266,0.3020843822374383,331.03333333333336
2020,P001833   ,IST,725.0,239.68,235,196,22,306,2685.84,6825.0,34,16.801432185345984,57.12757681835861,0.4220689655172414,16.874770931873222,61.38392857142858,0.46998791459648176,372.35,16.724887904388748,52.46536267318663,0.37147313200056714,352.65
2020,P001844   ,CSK,586.0,215.52,221,161,58,248,2085.28,5125.0,25,18.077961195379856,59.242976624490666,0.4232081911262799,18.488775677656374,60.091568103777185,0.49489144316730527,313.2,17.588565532951964,58.1537708129285,0.3409090909090909,272.8
2020,P001926   ,OLY,940.7666666666667,428.6,374,286,90,455,2748.16,6870.0,34,22.777967255958895,57.43243243243243,0.4836480884385076,23.231500547063344,55.45286506469501,0.47701348081576217,482.1666666666667,22.30903277772749,59.67995802728227,0.49062363715656343,458.6
2020,P001932   ,BAR,849.3833333333333,355.6,254,252,40,357,2753.4,6850.0,34,20.830959588450654,47.10682492581602,0.4203049271039774,20.9812332486316,49.53814064362336,0.43232856971298184,416.35,20.68608027281496,44.69562647754137,0.4087445154337619,433.0333333333333
2020,P001954   ,KHI,167.85,34.4,41,26,10,43,915.2,2225.0,11,9.965087042835032,67.4342105263158,0.2561811140899613,9.304686178311622,80.78231292517007,0.22488755622188905,66.7,10.399846212995001,59.012875536480685,0.27681660899653976,101.15
2020,P001960   ,MAD,381.0,207.88,251,174,27,201,2339.2,5901.0,29,27.528084169027434,67.51667742629654,0.5275590551181102,25.472508105239996,61.97478991596638,0.40104336485164654,204.46666666666667,29.927678792311873,73.33480370533745,0.6740936555891238,176.53333333333333
2020,P002084   ,BAS,984.0333333333333,355.92,401,295,68,545,2809.56,6824.983333333334,34,17.572593482028907,61.707497230087405,0.5538430269977305,18.51021394850551,57.071269487750556,0.554750169131149,517.35,16.503680992748126,67.4373795761079,0.5528373986643335,466.68333333333334
2020,P002100   ,ULK,786.6833333333334,430.12,449,304,98,552,2252.36,5825.0,29,28.279895944675143,64.6750403318737,0.701680049151501,28.24747110563675,63.04501531934952,0.6870727565637654,382.7833333333333,28.341417979012757,66.23449830890642,0.7155236444664521,403.9
2020,P002328   ,ZAL,940.5333333333333,428.6,457,312,90,467,2627.2,6800.0,34,23.58977223555057,64.9886234357224,0.496526793308761,24.029484477012744,63.1768953068592,0.512008808753699,484.3666666666667,23.117328441836257,67.07914726782651,0.48008768724881257,456.1666666666667
2020,P002329   ,ULK,549.2,131.92,125,102,18,131,2177.72,5625.0,28,12.408823201220802,56.85953420669578,0.23852876911871812,11.864412814041437,47.55434782608695,0.19611470860314523,270.25,12.947702615337983,65.06849315068493,0.2796200035848719,278.95
2020,P002361   ,PAM,471.3833333333333,124.03999999999999,118,89,16,120,2054.92,5200.0,26,13.317599636789582,61.43273635985006,0.2545698829685677,14.694337864966695,62.68996960486322,0.313337456194599,242.55,11.899194706742842,59.90783410138249,0.19227967953386743,228.83333333333334
2020,P002429   ,DYR,688.5166666666667,201.96,196,183,9,146,2419.76,6400.0,32,15.516314753728668,52.417629439452284,0.21205005930623805,15.26207559821429,54.01234567901234,0.21733224667209997,368.1,15.824546269982587,50.69073083778966,0.2059817945383615,320.4166666666667
2020,P002534   ,ASV,391.95,151.64,187,114,31,226,1754.12,4450.0,22,19.629706824136246,73.2528987778126,0.576604158693711,20.45399725270494,72.46376811594203,0.5985037406483791,200.5,18.7624870138645,74.1042345276873,0.5536693653695482,191.45
2020,P002536   ,OLY,508.3666666666667,181.56,184,135,24,205,2503.8,6270.0,31,17.88714424024993,63.20417697169552,0.40325224575437674,16.989773171953,66.8331374853114,0.38580145659733617,254.01666666666665,18.779983741272467,60.01548786783686,0.4206801651267938,254.35
2020,P002543   ,BAR,161.1,49.96,41,37,9,45,1318.92,3225.0,16,15.165898671905872,50.048828125,0.27932960893854747,17.56026990949544,26.48305084745763,0.08784773060029283,68.3,13.365000616697934,70.19927536231884,0.4202586206896552,92.8
2020,P002543   ,ULK,113.51666666666667,55.879999999999995,43,36,2,36,922.3199999999999,2425.0,12,25.885519181080124,58.297180043383946,0.3171340478637498,21.790610025904144,55.88235294117647,0.26737967914438504,56.099999999999994,30.195204069806678,60.36217303822938,0.36574746008708275,57.416666666666664
2020,P002580   ,IST,993.7333333333333,534.16,532,375,139,563,2618.64,6625.0,33,27.19828912761502,60.98679383712399,0.5665503823963505,27.3917461309989,58.98824825560044,0.5337301587301587,504.0,26.989719506647628,62.98094540124588,0.6003267084127416,489.73333333333335
2020,P002661   ,PAM,657.9833333333333,343.44,386,244,101,362,2567.32,6450.0,32,26.226823199590015,66.9116627374844,0.5501659109906533,24.38936165395206,70.86330935251799,0.598719158020156,335.71666666666664,28.113712647590233,63.23608137044968,0.49958626396359124,322.26666666666665
2020,P002742   ,PAM,651.0166666666667,312.36,285,223,69,395,2346.24,5850.0,29,23.92636558094895,56.244079570571515,0.6067432989426794,22.25318645908355,54.13901501921062,0.5368405612868528,340.8833333333333,25.720759572317895,57.98040910400461,0.6835769561478934,310.1333333333333
2020,P002812   ,MIL,804.9833333333333,277.4,267,208,60,333,2593.12,6678.283333333334,33,17.74973156539276,56.95392491467577,0.413673160935009,17.45300656825508,61.9234711308507,0.4346342018432131,439.45,18.122192239453693,51.9945448346403,0.3884734634324275,365.53333333333336
2020,P002925   ,IST,84.63333333333333,43.0,36,36,0,32,2372.56,6025.0,30,25.804583407963463,50.0,0.37810161480897997,22.122661784744107,61.111111111111114,0.14563106796116504,27.46666666666667,27.615089085108202,46.2962962962963,0.48979591836734687,57.16666666666667
2020,P002936   ,PAM,271.3666666666667,86.96000000000001,78,72,9,45,1266.8,3200.0,16,16.189556446847554,51.34281200631912,0.1658272939442329,14.244105818973585,34.03465346534654,0.0606366851945427,131.93333333333334,18.04536178264836,64.16131989000917,0.26535978962467127,139.43333333333334
2020,P002968   ,IST,364.75,161.68,201,126,47,182,2450.96,6225.0,31,22.516149719561007,68.51649850013635,0.498971898560658,25.124260317220823,61.01281269066504,0.4077085886153503,149.61666666666667,20.673968451922462,74.58086785009861,0.5624418964982957,215.13333333333333
2020,P002969   ,ULK,336.51666666666665,111.64,107,95,6,50,2069.32,5400.0,27,17.314475877975656,54.79311757476444,0.1485810509633005,14.20017326535471,45.45454545454545,0.08193523214982443,170.86666666666667,20.57581566564745,62.453392990305744,0.21732568668880167,165.65
2020,P002972   ,RED,100.46666666666667,36.88,35,27,2,32,704.8,1825.0,9,19.010602809288777,62.76901004304161,0.31851360318513605,18.979266665674885,61.53846153846154,0.3804994054696789,42.050000000000004,18.9799656400165,63.844086021505376,0.2738944365192582,58.416666666666664
2020,P002980   ,MUN,396.01666666666665,113.2,94,80,30,71,1451.68,3650.0,18,14.374241248357196,50.42918454935622,0.17928538361180085,15.554475340690631,53.74862183020948,0.11387473778843273,166.85,13.534554898283076,48.313422347153896,0.22690909090909092,229.16666666666666
2020,P003024   ,BER,650.0,275.92,228,215,18,320,2316.08,5625.0,28,20.619056602269616,51.13942221424727,0.49230769230769234,19.99174026954805,47.153335661893124,0.4343329886246122,338.45,21.29071959469576,55.35055350553505,0.5552880757502808,311.55
2020,P003048   ,IST,625.8333333333334,220.08,241,162,82,330,2303.24,5825.0,29,17.787242153015455,60.834006462035546,0.5272969374167776,17.035841568297375,58.82965431070388,0.49722914230515025,327.81666666666666,18.617823820895737,62.72050176401412,0.5603713438845702,298.01666666666665
2020,P003108   ,PAN,181.58333333333334,115.72,115,82,38,102,664.76,1625.0,8,31.15666197707269,58.24554294975689,0.5617255621844882,31.52038146793117,66.17038875103391,0.6528835690968443,91.9,30.782923178828383,50.63542494042891,0.4683144396952239,89.68333333333334
2020,P003120   ,DYR,613.65,245.92000000000002,296,155,143,390,2346.28,6200.0,31,21.17946366523769,67.91483113069016,0.6355414324126131,20.561987159865705,65.36532951289398,0.616406371607949,321.21666666666664,21.85024756781736,70.59487951807229,0.6565598996922375,292.43333333333334
2020,P003151   ,BER,512.8833333333333,223.4,273,187,35,236,1823.44,4425.0,22,21.140554558818177,67.4407114624506,0.46014363240503037,20.707574723547832,65.78947368421052,0.43481151519180905,250.68333333333334,21.559125459529206,68.96879756468797,0.4843630816170862,262.2
2020,P003210   ,ZAL,605.3166666666666,262.36,271,189,44,275,2548.48,6600.0,33,22.44955268227108,65.03167594547898,0.45430766265591016,20.429470225717665,62.8564022809746,0.33556634503103683,271.18333333333334,24.10038152360595,66.3109756097561,0.5506783719074222,334.1333333333333
2020,P003240   ,PAN,493.9166666666667,189.6,136,129,40,123,2650.0,6475.0,32,18.758950883548582,46.384720327421554,0.24902986333727012,18.169663097409337,45.44257112750263,0.25155634608054883,262.3666666666667,19.431328844136548,47.39671760045274,0.24616713452817965,231.55
2020,P003370   ,DYR,69.45,25.16,21,13,14,11,1749.76,4600.0,23,19.047927519126926,54.80167014613779,0.1583873290136789,14.65529141874755,32.72251308900523,0.03169572107765452,31.55,22.408179365267973,69.44444444444444,0.2638522427440633,37.9
2020,P003469   ,OLY,731.3333333333334,303.24,357,255,71,458,2499.28,6270.0,31,20.80433038917578,62.36025712688652,0.626253418413856,18.56766430406786,60.03643590592911,0.5303867403314917,346.9166666666667,22.799410531489045,64.05607928450569,0.7127682636028615,384.4166666666667
2020,P003478   ,BAR,636.9,190.88,226,169,27,179,2590.92,6450.0,32,14.921926080936634,62.472357363998235,0.2810488302716282,13.47989197209571,65.91227251516565,0.2956842052864752,334.81666666666666,16.521272051328687,59.373686422866754,0.26482758620689656,302.0833333333333
2020,P003479   ,RED,447.4,123.16,123,90,39,194,2494.7599999999998,6450.0,32,14.234251620811618,57.390817469204926,0.43361645060348686,14.341188162564672,48.00853485064011,0.4037113109993626,235.31666666666666,14.115574177332364,67.75333857030635,0.4667976424361493,212.08333333333334
2020,P003490   ,ULK,556.0333333333333,162.28,169,116,37,217,2004.36,5225.0,26,15.216148381684695,63.87964922890838,0.39026437263953,15.473498509964852,50.61619718309859,0.3153556710266977,279.05,14.948840854084741,77.97878976918278,0.46573199350141403,276.98333333333335
2020,P003514   ,BAS,592.0166666666667,299.15999999999997,281,221,89,226,2809.56,6824.983333333334,34,24.550642987807134,54.00522755227552,0.38174600940288844,24.672114016432552,57.915057915057915,0.44947561178624934,300.35,24.419438181907942,49.808734459674845,0.312,291.6666666666667
2020,P003521   ,IST,185.6,40.519999999999996,41,28,8,46,2533.08,6425.0,32,11.07504976904224,65.03807106598985,0.2478448275862069,13.271782343654568,46.29629629629629,0.06997084548104955,57.16666666666667,10.075661940256216,76.37474541751527,0.3270179081235401,128.43333333333334
2020,P003526   ,ASV,836.3,380.68,372,291,72,354,2702.4,6850.0,34,23.07644465985284,57.64224618817404,0.4232930766471362,22.607567034259418,63.61234705228031,0.4826154644525169,385.4,23.476593279512123,52.840527846119436,0.37258815701929476,450.9
2020,P003540   ,BAS,181.45,64.28,36,34,12,2,2809.56,6824.983333333334,34,17.21124057853186,45.824847250509166,0.011022320198401764,19.991153468974908,52.75974025974026,0.07510729613733906,93.19999999999999,14.224024137896151,34.15300546448087,-0.056657223796033995,88.25
2020,P003573   ,DYR,541.0,175.07999999999998,183,132,32,178,2569.2400000000002,6800.0,34,17.130636760438172,62.63691128148959,0.3290203327171904,17.83224912972272,57.74111675126904,0.31683168316831684,277.75,16.410106241993166,68.37098692033294,0.3418803418803419,263.25
2020,P003733   ,MAD,655.5333333333333,238.84,252,192,36,279,2729.48,6901.0,34,18.423595465198815,60.62355658198614,0.42560764771687176,17.767328073836392,63.191881918819185,0.3849909331845446,358.45,19.186337586047586,57.82381335478681,0.4746143057503507,297.0833333333333
2020,P003941   ,CSK,470.7166666666667,155.08,197,117,57,357,1686.44,4050.0,20,15.823783818873089,69.32713963963964,0.7584180150833835,16.454062254655675,68.77670940170941,0.7906357328099811,237.78333333333333,15.189113055147754,69.94047619047619,0.7255294791070406,232.93333333333334
2020,P003958   ,BER,588.7666666666667,250.2,239,192,55,292,2569.68,6250.0,31,20.671646030289672,55.27289546716004,0.4959519900356678,20.051889044432603,53.35931700074239,0.5005840146837978,299.65,21.33000550042432,57.17447436370343,0.49115120770161985,289.1166666666667
2020,P004004   ,ULK,454.9,214.2,209,165,30,183,1390.56,3600.0,18,24.380706900878277,58.64197530864198,0.4022862167509343,23.055144347943553,59.58354239839438,0.43274946500752953,210.28333333333333,25.527212899882624,57.879772542648254,0.3760986577638482,244.61666666666667
2020,P004007   ,RED,596.8333333333334,252.56,264,197,49,224,2573.44,6650.0,33,21.870015565446998,60.39531478770132,0.3753141580564088,20.13684819563384,61.72257821334338,0.4032613486117232,302.53333333333336,23.654920596141586,59.14265385983636,0.34658511722731905,294.3
2020,P004117   ,MIL,361.6333333333333,69.72,64,56,13,100,2071.4,5278.283333333334,26,9.825341333386042,51.84705119896306,0.2765231818600793,11.437607904656288,53.003533568904594,0.2561722665676629,179.56666666666666,8.25859277461365,50.43227665706051,0.2965946539729037,182.06666666666666
2020,P004119   ,MAD,157.15,42.76,36,32,4,51,1272.56,3226.0,16,13.795562142433008,53.3175355450237,0.3245307031498568,14.71603637009057,47.42547425474255,0.26763311959855035,59.78333333333333,13.257215077676964,57.89473684210526,0.35946593632317697,97.36666666666667
2020,P004172   ,DYR,879.9,294.08,286,186,107,480,2569.2400000000002,6800.0,34,17.69157123810259,61.35232538184315,0.5455165359699966,18.186904799591986,63.372520205731085,0.5652277605533031,419.3,17.235081727236803,59.58132045088567,0.5275727312201476,460.6
2020,P004194   ,ZAL,666.1,335.32,343,261,53,383,2465.2,6400.0,32,26.138329863362927,60.31935846933033,0.574988740429365,25.20564518565088,60.99143524526343,0.5820272151614496,371.1166666666667,27.30765817122758,59.523809523809526,0.5661336798689192,294.98333333333335
2020,P004218   ,OLY,82.91666666666667,38.32,28,31,3,6,2132.88,5275.0,26,22.859656672017675,43.31683168316832,0.07236180904522613,25.702493798411695,29.620853080568722,0.024937655860349125,40.1,20.178458260375628,58.29015544041451,0.11677695601401325,42.81666666666666
2020,P004251   ,MUN,132.93333333333334,43.519999999999996,33,31,8,30,810.48,2000.0666666666666,10,16.15798337664261,47.798377752027804,0.22567703109327983,12.891075284529085,25.252525252525253,0.1431980906921241,62.85,18.849833983857778,59.628975265017665,0.2996432818073722,70.08333333333333
2020,P004302   ,KHI,522.5,158.52,159,124,33,151,2368.4,5825.0,29,14.923429622404724,57.392434305515444,0.2889952153110048,13.285478980364514,61.34969325153374,0.3398534853863001,220.68333333333334,16.15192219666875,55.00231588698472,0.2518084930145232,301.81666666666666
2020,P004331   ,MIL,641.35,304.4,280,216,85,274,2045.68,5253.283333333334,26,24.37657414692345,55.248618784530386,0.4272238247446792,25.423098652923265,58.5411051212938,0.39719755061510453,302.1166666666667,23.49712563408086,52.346302346302345,0.4539648226392846,339.23333333333335
2020,P004397   ,RED,636.1166666666667,178.6,148,139,40,154,2647.08,6850.0,34,14.531089592280283,47.254150702426564,0.24209395551130558,14.362298556234112,53.65987892129884,0.2753679968657301,297.78333333333336,14.680729459069479,41.70638703527169,0.21280788177339902,338.3333333333333
2020,P004499   ,BER,679.2833333333333,309.4,307,248,35,293,2477.7200000000003,6025.0,30,22.15155257605284,58.27638572513288,0.43133694825428764,23.60697326562972,57.51014884979702,0.4523979957050823,349.25,20.59902357224427,59.2560553633218,0.4090495909504091,330.0333333333333
2020,P004549   ,TEL,647.1833333333333,226.8,225,170,45,227,2805.12,6895.0,34,17.227749458414994,59.27291886195995,0.3507506888825938,17.679406126888257,53.38733431516936,0.2893830253679925,266.0833333333333,16.95263706888972,63.70014771048745,0.39359748097612174,381.1
2020,P004554   ,TEL,676.8333333333334,299.12,309,231,48,386,2805.12,6895.0,34,21.725837885322075,61.280342693955255,0.5703028810637774,22.07581813220441,60.774780426599754,0.5788640411636652,336.8666666666667,21.377788457383115,61.79775280898877,0.5618197862535543,339.96666666666664
2020,P004571   ,MUN,438.56666666666666,128.4,111,98,10,128,2151.92,5425.066666666667,27,14.761767367599859,54.19921875,0.2918598464695599,14.319892642380974,52.64336917562724,0.24834049199531433,213.41666666666666,15.134582510502092,55.4016620498615,0.3331112591605596,225.15
2020,P004655   ,ASV,389.1333333333333,132.56,151,90,49,200,2541.68,6450.0,32,17.28951854884379,67.67658659017569,0.5139626520472845,18.921871787729934,66.75696594427245,0.5455698879255657,157.63333333333333,16.176237635826933,68.47027388109552,0.4924406047516199,231.5
2020,P004761   ,PAM,217.43333333333334,103.08,95,87,7,43,1472.8,3650.0,18,23.49780907286405,52.730905861456485,0.197761766058562,27.887367254524317,54.94505494505494,0.18105616093880972,99.41666666666667,19.846090449410013,50.28063610851263,0.21183448665442733,118.01666666666667
2020,P004834   ,BAR,118.25,41.6,42,23,15,41,1602.16,4025.0,20,17.67592608329706,70.94594594594594,0.346723044397463,22.415957429253112,81.75105485232068,0.45866364665911663,58.86666666666667,13.110931058081034,51.691729323308266,0.2357563850687623,59.38333333333333
2020,P004862   ,MUN,457.1166666666667,175.6,171,121,40,153,1763.08,4450.0,22,19.391680326241477,61.68831168831169,0.33470667590330694,17.638682826818126,62.9973474801061,0.35191922191699454,224.48333333333335,21.03269582167754,60.679611650485434,0.31809714858862304,232.63333333333333
2020,P004863   ,KHI,184.65,35.76,35,28,4,56,652.2,1600.0,8,9.50205154534138,58.80376344086021,0.3032764689953967,10.963489731724012,57.12365591397849,0.32553788587464916,89.08333333333334,8.142434144282344,60.48387096774193,0.28252528775723756,95.56666666666666
2020,P004866   ,PAM,906.4,348.8,352,240,95,417,2720.2,6850.0,34,19.381005744801097,62.45564229950319,0.46006178287731686,18.84648279319504,62.01605965012906,0.443190675921458,449.01666666666665,19.89558788074476,62.886453063518836,0.4766242757715993,457.3833333333333
2020,P004884   ,PAM,589.5166666666667,185.68,218,147,47,280,2403.04,6050.0,30,15.859643102565311,65.0047709923664,0.47496536710864834,14.530793392073905,50.890585241730285,0.37392795883361923,291.5,17.12836190274995,77.45846430175123,0.573793412001566,298.01666666666665
2020,P004888   ,CSK,671.2166666666667,340.71999999999997,345,249,113,341,2133.48,5250.0,26,24.98248402847874,57.746384574183175,0.5080326769796141,25.56146845164478,55.063442662197744,0.4861014108115659,357.95,24.340600955352826,61.1516256457004,0.5330921472653757,313.26666666666665
2020,P004941   ,CSK,231.93333333333334,49.64,46,41,6,29,2593.4,6300.0,31,10.39847475382099,52.70394133822182,0.1250359298649037,9.700842553761687,44.08060453400503,0.12301957129543338,89.41666666666666,10.844250646081374,57.63688760806916,0.1263010174248626,142.51666666666665
2020,P004974   ,MIL,486.7,134.96,138,118,9,123,2514.76,6478.283333333334,32,14.286870675779497,56.5759265332896,0.252722416272858,14.977250053566872,68.64623243933589,0.3301295445048057,239.3,13.626096831323812,43.83007417397168,0.1778496362166532,247.4
2020,P005014   ,OLY,540.75,87.64,97,71,6,76,2748.16,6870.0,34,8.103088075029055,65.86094513851168,0.14054553860379104,8.139941364060588,72.46376811594202,0.1514964897154822,270.6333333333333,8.066240497835976,59.58686440677966,0.12957364101931265,270.1166666666667
2020,P005056   ,MUN,755.1666666666666,254.04,307,202,66,320,2739.64,6875.066666666667,34,16.88389735737857,66.43871191135734,0.423747517104392,17.7415497527437,59.39993062781825,0.36571952337305225,363.6666666666667,16.09592518574066,73.45316280677497,0.4776500638569604,391.5
2020,P005099   ,BAR,572.5833333333334,210.32,166,155,28,169,2753.4,6850.0,34,18.276504162456654,49.60554625866603,0.29515354388007564,18.54496743366402,45.09654471544715,0.29053084648493543,278.8,18.02143449632019,53.6117381489842,0.29954047767629205,293.78333333333336
2020,P005146   ,PAN,278.31666666666666,58.92,61,46,18,72,2746.12,6700.0,33,10.330201932248933,56.56528189910979,0.25869812563626565,9.74688950170346,59.628975265017665,0.32795419052576785,128.06666666666666,10.834368762480631,54.34782608695652,0.19966722129783693,150.25
2020,P005160   ,TEL,565.4666666666667,224.72,215,167,63,290,2230.12,5470.0,27,19.495025455292325,55.20747740345111,0.5128507427493515,20.183129866216305,58.16066884769175,0.549221133772282,311.35,18.64615464382706,51.36986301369863,0.4682888437069587,254.11666666666667
2020,P005161   ,PAN,825.9833333333333,374.72,327,294,63,285,2234.92,5500.0,27,22.328846715504127,50.82058933233868,0.3450432817449908,23.21408084464863,53.64271457085829,0.4277248131924761,388.1,21.53793236266385,48.01734820322181,0.271761884824725,437.8833333333333
2020,P005216   ,KHI,602.1333333333333,344.2,325,252,105,315,2407.52,5850.0,29,27.780122357092743,54.49362843729041,0.5231399468556245,26.705026808969635,55.91277606933184,0.5425078191640603,293.0833333333333,28.81967455546835,53.18463125322331,0.5047726905031548,309.05
2020,P005255   ,OLY,5.133333333333334,1.0,0,0,0,-1,220.96,600.0,3,10.57957249123071,,-0.1948051948051948,10.000266673777967,,-0.1948051948051948,5.133333333333334,,,,0.0
2020,P005275   ,ULK,45.416666666666664,17.880000000000003,16,14,2,11,915.72,2400.0,12,20.636250734870686,53.76344086021505,0.24220183486238533,19.280609714353577,67.34006734006734,0.4085603112840467,34.266666666666666,24.03164486996477,0.0,-0.2690582959641256,11.149999999999999
2020,P005404   ,MIL,5.683333333333334,2.88,2,1,2,2,635.28,1625.0,8,25.924329761906083,53.19148936170213,0.3519061583577712,11.499447730839005,113.63636363636364,0.7563025210084033,3.966666666666667,58.81113294746695,0.0,-0.5825242718446602,1.7166666666666668
2020,P005553   ,ASV,56.4,19.08,20,13,7,12,737.0,1825.0,9,16.754236554173044,62.18905472636816,0.2127659574468085,15.03114360440815,68.02721088435375,0.15799868334430547,25.316666666666666,18.207935255035334,58.82352941176471,0.257372654155496,31.083333333333332
2020,P005618   ,RED,13.016666666666667,3.0,3,2,0,4,702.92,1825.0,9,11.967637758804266,75.0,0.3072983354673495,,,,0.0,11.946522057704355,75.0,0.3072983354673495,13.016666666666667
2020,P005670   ,MUN,94.41666666666666,30.2,24,23,5,13,2502.76,6275.0,31,16.03920357538693,47.61904761904762,0.13768755516328332,19.296543062419076,43.47826086956522,0.06783493499152063,29.483333333333334,14.47613623305705,50.0,0.16940451745379875,64.93333333333334
2020,P005683   ,RED,160.53333333333333,54.28,41,39,12,21,1628.48,4200.0,21,17.441003623867257,46.2962962962963,0.1308139534883721,22.26549091317547,50.55147058823529,0.13479359730412804,59.35,14.627879091141969,42.184724689165186,0.1284796573875803,101.18333333333334
2020,P005686   ,IST,32.766666666666666,13.0,4,9,0,-1,773.8000000000001,2000.0,10,20.50889941620629,22.22222222222222,-0.030518819938962362,23.177368954742047,16.666666666666668,0.06282722513089005,15.916666666666666,17.893622414744346,33.333333333333336,-0.11869436201780414,16.85
2020,P005718   ,KHI,398.1,118.84,114,107,11,89,1368.32,3225.0,16,14.07156837588461,50.9656652360515,0.22356191911580003,13.73118071547765,44.867758186397985,0.15995388716766337,231.31666666666666,14.54218568382013,58.9817880794702,0.31178175277305886,166.78333333333333
2020,P005757   ,MAD,245.6,115.92,121,97,18,126,1061.3600000000001,2675.0,13,23.791459006930815,57.66298131910027,0.5130293159609121,24.045120389034494,50.74786324786325,0.4741494776319314,124.43333333333334,23.52390663291278,65.62756357670222,0.5529573590096286,121.16666666666666
2020,P005771   ,TEL,845.25,190.2,194,140,55,259,2739.04,6695.0,33,11.000376144585895,59.074299634591966,0.3064182194616977,11.158617813869983,54.34782608695652,0.27584093172936935,435.03333333333336,10.832185752392315,64.21668362156663,0.33884532564092146,410.2166666666667
2020,P005775   ,DYR,624.0166666666667,279.12,326,226,48,276,2569.2400000000002,6800.0,34,23.677126839691475,65.9598575590806,0.4422958788493897,22.777388733715558,65.19377037305324,0.4453870625662778,298.6166666666667,24.473510027869253,66.57887035411179,0.43945912722802705,325.4
2020,P005789   ,BAR,572.0833333333334,185.2,260,154,30,241,2607.2,6450.0,32,16.017585454990794,77.75119617224881,0.42126729788783684,17.135292781981033,74.45520581113801,0.4088397790055249,271.5,15.01117858820681,80.96926713947991,0.43249237593568063,300.5833333333333
2020,P005791   ,MAD,890.65,347.92,391,246,93,630,2729.48,6901.0,34,19.75306210025028,68.13745991914122,0.7073485656542975,20.134325037295916,66.51884700665188,0.6980854197349042,452.6666666666667,19.33891098153806,69.77559607293128,0.7169222573157273,437.98333333333335
2020,P005836   ,MAD,726.5666666666666,295.96,328,248,34,371,2639.0,6701.0,33,20.68653596381076,62.36689990873137,0.5106207276230674,19.664897956620994,68.55980184005661,0.5230496453900709,338.4,21.599463977826012,57.697438633938106,0.4997853155860884,388.1666666666667
2020,P005844   ,PAN,701.25,241.84,283,198,36,435,2653.0,6500.0,32,16.899013863161,66.17096894874672,0.6203208556149733,17.36715970908358,65.39676966292134,0.675739089629282,355.1666666666667,16.418047922422776,67.05364291433146,0.5634481098001445,346.0833333333333
2020,P005856   ,DYR,874.5,263.52,312,193,83,450,2569.2400000000002,6800.0,34,15.951003177238196,67.96793307772742,0.5145797598627787,14.480972776709127,63.86097152428811,0.436858999451969,425.76666666666665,17.316450409024057,70.8955223880597,0.5883226860793344,448.73333333333335
2020,P005893   ,MUN,437.35,150.24,118,122,21,119,2657.4,6675.066666666667,33,17.257787480065307,44.95580615665955,0.2720932891277009,17.00271879066784,44.78827361563518,0.257135926255357,206.11666666666667,17.46240201512725,45.103092783505154,0.28542597664696556,231.23333333333332
2020,P005917   ,BAR,533.2833333333333,204.36,197,144,44,218,2588.64,6450.0,32,19.096594913598114,60.29627815866797,0.4087883239053661,21.12347325705811,63.48511383537653,0.44857018254314374,267.51666666666665,17.05708584327264,56.25,0.3687445127304653,265.76666666666665
2020,P005928   ,MAD,256.56666666666666,116.12,93,79,23,136,791.36,2000.0,10,22.876663916773808,52.17684021543985,0.5300766532415226,23.306083756830386,57.79109589041096,0.6049638055842813,128.93333333333334,22.437840617228396,45.99056603773585,0.45442674327500654,127.63333333333333
2020,P005938   ,IST,559.6666666666666,141.92,162,108,43,224,2685.84,6825.0,34,12.88744055316722,63.81972896312638,0.40023823704586065,12.84149757401808,64.94547787042977,0.3509979353062629,290.6,12.93782912362259,62.732342007434944,0.45341922695738357,269.06666666666666
2020,P005985   ,CSK,840.8833333333333,529.8,522,388,145,532,2294.92,5525.0,27,30.336881595101058,57.76892430278885,0.632668027669316,29.266756507450815,57.033363390441835,0.5949429846306395,437.01666666666665,31.477745140408935,58.47826086956522,0.6734896005282272,403.8666666666667
2020,P006068   ,ASV,433.78333333333336,153.24,140,129,21,142,2215.04,5625.0,28,17.941974321845027,50.63657407407407,0.32735236485188457,18.835952282689103,50.36407766990291,0.3607696419027258,249.46666666666667,16.740161279119317,51.03868194842406,0.2821231576091871,184.31666666666666
2020,P006135   ,CSK,6.800000000000001,3.0,0,1,0,-1,796.44,2000.0,10,22.15742406650772,0.0,-0.14705882352941174,,,,0.0,21.75962863567128,0.0,-0.14705882352941174,6.800000000000001
2020,P006158   ,ZAL,90.0,34.88,36,29,2,12,2469.32,6400.0,32,20.08938133215262,60.24096385542169,0.13333333333333333,14.316935063965234,45.54655870445344,0.07633587786259542,39.3,24.595585169323307,67.5,0.17751479289940827,50.7
2020,P006251   ,BER,315.48333333333335,101.08,78,91,7,37,2585.7200000000003,6250.0,31,15.488784266277106,41.454081632653065,0.11728036346346875,14.354529330171665,45.35398230088495,0.17351786820904772,161.36666666666667,16.678570611755593,37.84779050736498,0.058397318049097,154.11666666666667
2020,P006399   ,ULK,333.93333333333334,102.75999999999999,108,66,29,131,2390.88,6200.0,31,15.959828822874897,68.56272219400711,0.39229387103214214,16.454391201875293,72.66009852216749,0.44126786824114356,160.9,15.491532241344583,64.20335429769392,0.3467539973030245,173.03333333333333
2020,P006433   ,DYR,962.9166666666666,472.84000000000003,447,350,61,487,2569.2400000000002,6800.0,34,25.99319940257013,59.308990553019854,0.5057550843790567,26.278571820855298,62.343489148580964,0.5515320334261838,478.6666666666667,25.713269512226944,56.167638798876645,0.4605059370160041,484.25
2020,P006435   ,MAD,521.3666666666667,230.36,199,161,44,220,2413.92,6101.0,30,22.334279985622427,55.16744289199379,0.4219679048654178,22.996129731530225,59.22330097087379,0.43872371283538797,275.8,21.571162796158323,49.76732161323682,0.4031491787701914,245.56666666666666
2020,P006436   ,BAS,979.5666666666667,393.56,433,322,74,439,2809.56,6824.983333333334,34,19.519569416428403,61.061597472924184,0.4481573484874264,18.79815861646132,58.32172701949861,0.41352748403662287,493.31666666666666,20.261606101911543,63.6523266022827,0.4832904884318766,486.25
2020,P006450   ,BAR,835.4333333333333,392.8,404,297,95,428,2576.88,6450.0,32,23.537221546770596,59.62219598583235,0.5123089813669554,23.076941268751913,60.13952369497233,0.5189893788220148,414.26666666666665,23.98664657455862,59.12357987479712,0.5057380292837357,421.1666666666667
2020,P006477   ,ZAL,594.15,249.8,252,188,70,291,2384.68,6200.0,31,21.861900249565092,57.586837294332724,0.4897753092653371,23.90410392983005,59.99654696132597,0.5929277294916061,279.9666666666667,20.04279728680406,54.87567987567987,0.39785687761922445,314.18333333333334
2020,P006482   ,MUN,18.5,6.0,6,6,0,3,699.5600000000001,1800.0,9,16.690027553999194,50.0,0.16216216216216217,23.787388323167526,50.0,0.22556390977443608,13.3,0.0,,0.0,5.2
2020,P006487   ,PAN,15.966666666666667,6.88,5,3,2,1,990.44,2400.0,12,20.88272865630922,64.43298969072166,0.06263048016701461,,,,0.0,21.01793550862953,64.43298969072166,0.06263048016701461,15.966666666666667
2020,P006505   ,PAN,740.9166666666666,215.28,241,164,62,297,2734.16,6700.0,33,14.240170641100736,62.99665411961522,0.4008547969857159,14.815122299760162,68.04857621440536,0.42335901958963884,359.03333333333336,13.69975924076963,57.95739348370927,0.3796971151747916,381.8833333333333
2020,P006533   ,RED,113.25,62.12,53,32,23,47,612.68,1600.0,8,28.64900287536349,62.915479582146254,0.41501103752759383,29.847861617515452,57.20338983050847,0.36881268197994177,51.516666666666666,27.663482077006893,70.19438444924407,0.4535637149028078,61.733333333333334
2020,P006540   ,IST,11.766666666666666,4.0,0,2,0,-2,479.2,1200.0,6,17.02554304388334,0.0,-0.16997167138810199,14.21978695204199,0.0,0.14251781472684086,7.016666666666667,21.254549802067004,0.0,-0.631578947368421,4.75
2020,P006546   ,MAD,423.93333333333334,118.8,107,90,20,59,2163.68,5501.0,27,14.249429751391737,54.149797570850204,0.13917282591602453,14.56667498389916,55.74912891986063,0.16545287421339178,235.71666666666667,13.80477439996435,51.932367149758456,0.10626051536349951,188.21666666666667
2020,P006568   ,BAS,375.18333333333334,225.8,225,137,70,260,2809.56,6824.983333333334,34,29.239751654221322,67.04410011918951,0.6929945360046199,28.94376164885455,59.255079006772014,0.5945713054717795,154.73333333333332,29.518847900127,72.74040445728436,0.7620775686096621,220.45
2020,P006586   ,PAN,62.1,20.84,23,13,11,16,1679.0,4075.0,20,16.28969778230466,64.46188340807176,0.2576489533011272,18.67500851304007,70.18716577540107,0.5469046714774022,43.88333333333333,10.406662612603403,34.72222222222222,-0.43915827996340345,18.21666666666667
2020,P006589   ,BER,773.15,318.92,282,196,68,435,2584.16,6250.0,31,19.953018646819423,62.41147308781869,0.562633382914053,21.796211192789855,60.55646481178396,0.5906322970559956,364.01666666666665,18.279687602591682,64.59699190127266,0.5377220140133616,409.1333333333333
2020,P006590   ,IST,652.9666666666667,269.08,307,220,32,284,2460.12,6225.0,31,20.854676972100552,65.57587149692412,0.43493797539435397,20.838470065802674,61.28246753246753,0.41786031808752344,337.43333333333334,20.867300106207587,70.34632034632035,0.45320092964293257,315.53333333333336
2020,P006614   ,IST,738.2333333333333,195.96,205,148,59,271,2685.84,6825.0,34,13.490445562123778,58.92159117038399,0.36709260847970376,13.452816159299898,58.56760374832664,0.3928160665310095,376.76666666666665,13.53002877444731,59.29791271347249,0.34028033935817037,361.4666666666667
2020,P006625   ,TEL,148.31666666666666,35.88,29,30,2,18,882.6,2225.0,11,12.197155647076196,46.9559585492228,0.12136195078098663,12.351463009497849,27.964205816554813,0.0,86.56666666666666,12.020733360900882,73.07692307692308,0.291497975708502,61.75
2020,P006643   ,PAM,83.9,22.64,20,18,6,7,1839.92,4650.0,23,13.639500623984219,48.44961240310077,0.0834326579261025,10.930052353075517,64.33823529411764,0.2170338704373561,50.68333333333334,17.778877707624794,30.737704918032787,-0.12042147516307074,33.21666666666667
2020,P006661   ,TEL,917.75,511.44,470,385,101,463,2805.12,6895.0,34,27.395745293363397,54.72242921013413,0.5044946880958867,27.095734904076206,49.797122832902986,0.4460726214847538,464.05,27.70620899011552,59.747835905156194,0.5642495040775843,453.7
2020,P006693   ,IST,4.7,3.0,2,3,0,1,553.2,1400.0,7,32.30719527391886,33.333333333333336,0.2127659574468085,0.0,,0.0,0.55,38.40401449964903,33.333333333333336,0.24096385542168672,4.15
2020,P006710   ,CSK,84.83333333333333,33.96,29,22,9,12,2171.56,5325.0,26,19.632649987419075,55.85516178736518,0.1414538310412574,19.99319944422295,68.4931506849315,0.05970149253731343,33.5,19.447096486371407,49.418604651162795,0.1948051948051948,51.333333333333336
2020,P006754   ,BAS,912.0666666666666,421.84,357,284,86,543,2809.56,6824.983333333334,34,22.470588887351887,55.46234153616703,0.5953512170163,21.60820614521382,57.810894141829394,0.6132651927563604,450.05,23.329205458103576,53.26191622532499,0.5779012301143538,462.01666666666665
2020,P006768   ,BAR,259.25,67.08,49,47,7,47,1960.4,4825.0,24,12.736699671824201,48.92172523961661,0.18129218900675023,12.669502627131502,50.25125628140704,0.21092278719397364,132.75,12.812390541269792,47.70992366412214,0.15019762845849802,126.5
2020,P006785   ,TEL,0.4666666666666667,0.0,0,0,0,0,666.68,1620.0,8,0.0,,0.0,,,,0.0,0.0,,0.0,0.4666666666666667
2020,P006819   ,BER,83.71666666666667,29.759999999999998,22,22,4,26,1916.28,4650.0,23,17.252219725389455,46.29629629629629,0.310571371690225,17.131628900569996,46.58385093167701,0.3355704697986577,44.7,17.4060357603683,45.955882352941174,0.28193079880392996,39.016666666666666
2020,P006919   ,BER,399.76666666666665,131.8,108,102,20,75,2084.48,5050.0,25,15.974691228771999,48.73646209386282,0.18760943883932293,14.295480208993194,48.843700159489636,0.1827835320741579,191.48333333333332,17.583455790024068,48.647757255936675,0.19204609106185486,208.28333333333333
2020,P006961   ,ULK,94.86666666666666,31.88,25,24,2,15,2026.2,5225.0,26,17.3315997536974,50.241157556270096,0.15811665495432187,17.41400481063237,58.92255892255892,0.1139384732244588,43.88333333333333,17.297987716763675,42.30769230769231,0.19614253023864006,50.983333333333334
2020,P006985   ,RED,221.61666666666667,82.6,69,54,15,61,1548.72,4025.0,20,19.373166122220475,56.930693069306926,0.2752500564037001,17.649817723474797,53.57142857142858,0.30567685589519655,91.6,20.66325212802798,58.90052356020942,0.253813613639277,130.01666666666668
2020,P007025   ,BER,431.1666666666667,103.52,94,85,8,66,2642.6,6450.0,32,11.720263199105984,53.09534568459105,0.15307305759567066,11.031337158178886,65.39451114922812,0.2070276741074572,236.68333333333334,12.555610397300116,39.39828080229226,0.08741108921072928,194.48333333333335
2020,P007032   ,BER,578.35,285.36,257,210,44,206,2245.0,5450.0,27,23.955900964709723,56.025462155563304,0.356185700700268,23.831119799108876,59.04377880184332,0.34190106692531524,274.93333333333334,24.072265709308848,53.51437699680511,0.36912936006591596,303.4166666666667
2020,P007056   ,KHI,416.2166666666667,190.04,196,142,41,230,1309.48,3225.0,16,22.48984176760062,61.234691327168214,0.5525968045489128,23.837247867093474,61.675622862725945,0.5909494232475598,187.83333333333334,21.352579121210432,60.77277379733879,0.5210537838429541,228.38333333333333
2020,P007109   ,BAR,560.4333333333333,191.16,209,137,39,231,2753.4,6850.0,34,16.97165999542971,67.78671510119356,0.412181050377684,17.388060882508274,76.88364941055868,0.49367088607594944,289.66666666666663,16.530473419522192,58.46032580136626,0.3250030776806599,270.76666666666665
2020,P007125   ,BER,529.0166666666667,299.12,263,208,73,305,2155.48,5225.0,26,27.412483947497787,54.76428452440447,0.5765413818090167,25.877774374632086,50.12531328320802,0.4968864351287154,259.6166666666667,28.92208333723869,58.8006230529595,0.6533036377134374,269.4
2020,P007186   ,DYR,65.31666666666666,25.4,14,13,10,8,1594.2,4200.0,21,20.490199402023453,40.229885057471265,0.12248022454707834,25.271954075829893,55.379746835443036,0.035629453681710214,28.066666666666666,16.892139911106515,31.588447653429604,0.18791946308724833,37.25
2020,P007200   ,IST,792.4,392.96,423,286,109,477,2221.92,5625.0,28,25.108917084303474,63.330937836866696,0.6019687026754165,23.913763540387556,64.82791136256482,0.5875952121871599,428.8666666666667,26.532222755313647,61.784757730703674,0.6189253621859526,363.53333333333336
2020,P007201   ,CSK,615.7333333333333,227.8,269,175,45,362,2675.2400000000002,6525.0,32,18.047157848323184,69.04517453798768,0.5879168471199654,17.29402871580669,67.7580225498699,0.5483991661767064,311.81666666666666,18.827564863078198,70.20280811232449,0.6284617493830545,303.9166666666667
2020,P007230   ,BAS,520.8333333333334,112.12,111,83,23,180,2809.56,6824.983333333334,34,10.458697391477669,59.600515463917525,0.34559999999999996,12.089743918859947,67.40196078431373,0.39895804771044696,243.13333333333333,9.019320709879402,50.95108695652174,0.2988836874324811,277.7
2020,P007265   ,BAS,88.11666666666667,26.2,14,20,5,-4,2809.56,6824.983333333334,34,14.445630798030273,31.53153153153153,-0.04539436353319463,10.79822717090479,47.814207650273225,0.06509945750452079,46.083333333333336,18.495915816405997,23.521505376344084,-0.16653449643140367,42.03333333333333
2020,P007360   ,CSK,143.16666666666666,51.76,66,44,4,96,811.04,2000.0,10,17.830768916312284,72.11538461538461,0.670547147846333,17.909320974983434,77.27272727272727,0.6517119244391972,70.58333333333333,17.7593280135015,67.34006734006734,0.6888633754305395,72.58333333333334
2020,P007432   ,MIL,50.766666666666666,20.88,21,14,2,23,468.16,1200.0,6,21.084765875172618,70.56451612903226,0.4530531845042679,0.0,,0.12422360248447203,8.05,24.894432642705578,70.56451612903226,0.5150214592274678,42.71666666666667
2020,P007487   ,CSK,0.0,0.0,0,0,0,0,258.72,650.0,3,,,,,,,0.0,,,,0.0
2020,P007491   ,CSK,0.06666666666666667,0.0,0,0,0,0,498.2,1250.0,6,0.0,,0.0,,,,0.0,0.0,,0.0,0.06666666666666667
2020,P007519   ,ZAL,648.55,249.04,216,183,41,212,2397.56,6200.0,31,19.859936007281597,53.72065260644648,0.3268830467967003,21.948795847294342,55.53463855421687,0.32663444416179094,327.5833333333333,17.7225045743323,51.68776371308017,0.32713677432755217,320.9666666666667
2020,P007527   ,BAR,0.36666666666666664,0.0,0,0,0,0,153.95999999999998,400.0,2,0.0,,0.0,0.0,,0.0,0.36666666666666664,,,,0.0
2020,P007566   ,BER,9.216666666666667,1.0,0,1,0,1,83.32,200.0,1,5.208790006762746,0.0,0.10849909584086799,5.208790006762746,0.0,0.10849909584086799,9.216666666666667,,,,
2020,P007630   ,MAD,483.3,126.12,101,81,23,173,2729.48,6901.0,34,13.195603991190488,55.42142230026339,0.3579557210842127,13.887517680518984,40.09433962264151,0.2398009199909509,221.01666666666668,12.621096303159065,68.76026272577997,0.4575204931054203,262.28333333333336
2020,P007645   ,MUN,0.0,0.0,0,0,0,0,82.24000000000001,200.0,1,,,,,,,0.0,,,,
2020,P007674   ,TEL,5.233333333333333,3.0,0,2,0,-1,831.4,2050.0,10,28.269406679547508,0.0,-0.19108280254777069,,,,0.0,28.676758761546377,0.0,-0.19108280254777069,5.233333333333333
2020,P007679   ,TEL,19.166666666666664,7.0,5,6,0,2,987.72,2420.0,12,17.89628815770708,41.666666666666664,0.10434782608695653,26.352662443547942,0.0,-1.1009174311926606,1.8166666666666664,17.365177080000667,50.0,0.23054755043227665,17.35
2020,P007831   ,MIL,770.1333333333333,341.04,391,278,66,434,2284.88,5878.283333333334,29,22.78539244949407,63.67248566961959,0.5635387811634349,21.795902039679746,57.50200588392618,0.4211995566320456,405.98333333333335,23.861405974347523,69.53263906527813,0.7222298503363999,364.15
2020,P007851   ,DYR,18.266666666666666,8.0,4,7,0,2,1061.0,2800.0,14,23.11550183341704,28.571428571428573,0.10948905109489052,58.96274700886897,0.0,-0.5454545454545454,1.8333333333333335,18.93732167355424,33.333333333333336,0.18255578093306288,16.433333333333334
2020,P007853   ,OLY,770.4833333333333,373.04,354,275,116,322,2670.8,6670.0,33,24.182801759697355,54.28781744571218,0.4179194877674187,23.50977785199828,51.000769822940725,0.3415258350615541,377.71666666666664,24.809766385624567,57.29901269393512,0.49138589493337864,392.76666666666665
2020,P007866   ,PAN,688.6,315.2,317,240,80,384,2825.2799999999997,6900.0,34,22.358197168409088,57.594476744186046,0.5576532094103979,22.355968966239356,61.7283950617284,0.5821782178217821,336.6666666666667,22.362492738238767,53.91483516483517,0.5341920818336806,351.93333333333334
2020,P007869   ,PAN,778.7666666666667,271.68,229,192,47,284,2647.16,6500.0,32,17.132213379151246,53.836750047018995,0.36467919359671275,17.083644350698428,49.509803921568626,0.33665673960896025,386.15,17.184511866064476,57.824358511022766,0.3922400984845269,392.6166666666667
2020,P007870   ,BAR,574.9333333333334,316.52,326,208,108,369,2269.52,5650.0,28,27.411203097975125,63.79148403256105,0.6418135435992578,26.106189674637655,67.7710843373494,0.6481260444020053,279.26666666666665,28.64606798572202,60.294117647058826,0.6358511837655016,295.6666666666667
2020,P007889   ,TEL,24.616666666666667,8.879999999999999,8,6,2,2,404.4,1025.0,5,18.286325035308963,58.139534883720934,0.08124576844955991,,,,0.0,18.642054526833864,58.139534883720934,0.08124576844955991,24.616666666666667
2020,P007942   ,MUN,721.1666666666666,437.0,479,336,75,555,2739.64,6875.066666666667,34,30.412995883254467,64.90514905149051,0.7695863184654496,29.770183864079474,62.98773690078038,0.7562676023823814,360.98333333333335,31.040241668621032,66.71940928270043,0.7829346166304196,360.18333333333334
2020,P007947   ,BAS,806.8,372.24,328,278,46,326,2725.96,6624.983333333334,33,22.426032999100887,54.98927038626609,0.4040654437283094,21.846104353494766,52.922077922077925,0.3987886891886577,423.78333333333336,23.071890390855746,57.196339434276204,0.409903833601671,383.01666666666665
2020,P007948   ,PAN,218.38333333333333,90.2,97,59,30,100,2178.44,5250.0,26,19.908142612222385,67.17451523545706,0.45791040219796997,17.221436102472143,65.46894031668695,0.3775241439859526,113.9,22.85144264847556,68.59756097560975,0.5455415536768224,104.48333333333333
2020,P007960   ,RED,745.4833333333333,233.04,236,180,41,273,2567.48,6650.0,33,16.193364995556667,59.583922439911134,0.36620537011782067,16.247894381109138,57.19253294289897,0.35014691478942217,408.4,16.12363468808662,62.528165840468674,0.3856613102595797,337.0833333333333
2020,P007989   ,ASV,788.7333333333333,457.0,411,353,75,309,2385.7200000000003,6050.0,30,29.38677337069603,53.23834196891192,0.39176739075310624,30.72138197438135,48.209366391184574,0.3663255653968527,387.6333333333333,28.092878787693706,58.83318739054291,0.4163550236848666,401.1
2020,P007990   ,TEL,240.31666666666666,81.04,87,65,16,98,1965.0,4875.0,24,16.732375486330852,60.38312048861743,0.40779527012969,18.041920681825445,61.881188118811885,0.4791929382093316,118.95,15.441777937138038,58.470290771175726,0.3378192804174677,121.36666666666666
2020,P007994   ,ZAL,29.05,10.879999999999999,12,9,2,8,327.12,800.0,4,18.31874189978654,60.72874493927125,0.27538726333907054,6.346566983254583,0.0,-0.12658227848101264,7.9,22.303150150653487,67.56756756756756,0.425531914893617,21.15
2020,P008004   ,MIL,437.01666666666665,142.6,134,97,40,153,2674.16,6878.283333333334,34,16.78588309674269,58.46422338568936,0.3501010640326456,14.551623374208823,55.237315875613746,0.27488151658767773,211.0,18.795504101438038,60.86427267194157,0.4203229850306025,226.01666666666665
2020,P008097   ,ASV,8.033333333333333,1.88,1,0,2,-4,402.28,1000.0,5,11.634925736579506,56.81818181818182,-0.4979253112033195,0.0,,0.0,0.7666666666666667,12.682137075013491,56.81818181818182,-0.5504587155963303,7.266666666666667
2020,P008099   ,ASV,261.1666666666667,92.8,72,62,20,51,2057.68,5225.0,26,18.045490206664432,50.847457627118644,0.19527760051052967,18.41447393594633,61.22448979591837,0.3382523627922401,100.51666666666667,17.8127831698485,43.47826086956522,0.10582010582010581,160.65
2020,P008137   ,KHI,9.433333333333334,4.0,4,4,0,0,652.28,1625.0,8,21.127305341134473,50.0,0.0,20.995655998773852,50.0,0.0,9.433333333333334,,,,0.0
2020,P008140   ,KHI,68.48333333333333,16.759999999999998,22,12,4,7,1304.6,3225.0,16,12.099612554665976,79.94186046511628,0.10221465076660988,11.909271902178729,69.79695431472081,0.24742268041237112,32.333333333333336,12.291376208504925,93.5374149659864,-0.027662517289073308,36.15
2020,P008186   ,ZAL,28.133333333333333,15.639999999999999,12,10,6,13,1638.24,4200.0,21,28.504755305543476,47.46835443037975,0.46208530805687204,60.40857091289252,26.595744680851066,0.0,3.283333333333333,24.32065627167717,51.11524163568773,0.523138832997988,24.849999999999998
2020,P008198   ,ZAL,222.56666666666666,59.519999999999996,48,44,8,19,1768.52,4600.0,23,13.911714385506617,50.505050505050505,0.08536768009585143,14.903514468496558,45.70383912248629,0.0,97.13333333333333,13.144635162286805,54.60218408736349,0.15147488705819825,125.43333333333334
2020,P008211   ,BER,191.86666666666667,47.32,36,39,3,15,2405.28,5850.0,29,11.996800229210814,44.642857142857146,0.07817929117442668,11.006580477870886,45.336787564766844,0.12338062924120913,81.05,12.741037818117862,44.21221864951769,0.04511956685215822,110.81666666666666
2020,P008250   ,MUN,60.016666666666666,7.0,6,5,0,8,1474.24,3675.0,18,5.814941065920779,60.0,0.13329630658150515,7.572430902569658,60.0,0.12875536480686695,46.6,0.0,,0.14906832298136644,13.416666666666668
2020,P008253   ,MUN,1.2666666666666666,0.0,0,0,0,-1,573.24,1425.0,7,0.0,,-0.7894736842105263,0.0,,-0.7894736842105263,1.2666666666666666,,,,0.0
2020,P008275   ,MAD,0.0,0.0,0,0,0,0,302.72,800.0,4,,,,,,,0.0,,,,0.0
2020,P008780   ,PAM,512.65,215.76,199,154,54,226,2472.24,6250.0,31,21.27988888214855,55.97434743474348,0.4408465814883449,23.563535940130464,53.44827586206897,0.4551254785197788,235.1,19.375160425824888,58.39576906126047,0.4287515762925599,277.55
2020,P008811   ,ASV,682.8666666666667,245.07999999999998,272,147,107,438,2443.52,6225.0,31,18.286281935913816,70.07419620774938,0.6414136483452113,18.504913037162325,70.44251134644477,0.6672768878718535,364.1666666666667,18.02864774667532,69.63315217391305,0.6118606840288673,318.7
2020,P008829   ,BAS,773.3833333333333,312.96,379,262,59,411,2809.56,6824.983333333334,34,19.66017159749811,65.80775107653841,0.5314311574682672,20.194216896169472,65.0079197465681,0.5727619855748833,392.8333333333333,19.09670297407379,66.69598358252712,0.4887662593614505,380.55
2020,P008847   ,KHI,808.4,435.36,438,337,94,461,2324.56,5650.0,28,26.179412891759082,57.8813828100222,0.570262246412667,26.142447646333753,57.405875051717004,0.5518958868894601,414.93333333333334,26.24495397018333,58.37837837837838,0.5896306336834971,393.46666666666664
2020,P008850   ,BAS,45.166666666666664,13.0,7,10,0,3,2809.56,6824.983333333334,34,13.983587087397803,35.0,0.06642066420664207,13.34777238072644,33.333333333333336,0.0,14.45,14.344572123289815,35.714285714285715,0.09766684753119913,30.71666666666667
2020,P008855   ,ZAL,821.2666666666667,314.08,280,246,32,361,2627.2,6800.0,34,19.797112864188183,53.8295908951092,0.4395648997483562,19.150105809818033,55.82831802343998,0.4157820949329061,416.0833333333333,20.463372323684908,51.94319880418535,0.46398749537246514,405.18333333333334
2020,P008930   ,OLY,471.5,203.07999999999998,175,159,57,146,2178.8,5445.0,27,21.52761762290079,47.533681008257275,0.30965005302226933,20.88484134802164,45.88235294117647,0.31278331822302813,220.6,22.088529134893584,48.95034315704481,0.3068951773614986,250.9
2020,P008962   ,ZAL,881.45,300.68,312,244,47,325,2543.92,6600.0,33,17.700166064684645,58.93909626719057,0.36871064722899766,17.732291147058003,61.96200653012764,0.3971159179145868,450.75,17.66754744592958,55.80357142857143,0.3389830508474576,430.7
2020,P008966   ,PAM,615.5333333333333,263.92,318,216,43,386,2636.88,6650.0,33,21.626288922472508,67.68261535841988,0.6270984512076249,22.31792788896753,65.3948683772076,0.565731006827788,307.56666666666666,20.938516226135334,70.07311977715878,0.6883861889814914,307.9666666666667
2020,P008977   ,MUN,49.86666666666667,9.0,4,8,0,-1,869.28,2200.0666666666666,11,9.13562616452635,25.0,-0.020053475935828877,16.193727359707214,0.0,-0.21089630931458697,18.96666666666667,4.883201702435578,66.66666666666667,0.0970873786407767,30.9
2020,P008985   ,BAR,191.38333333333333,77.12,59,46,23,56,2516.44,6250.0,31,20.01641697794537,52.56593014967926,0.2926064617260298,19.04042461757762,54.74452554744526,0.44537679522349527,103.28333333333333,21.161189121758966,50.4874651810585,0.11350737797956868,88.1
2020,P008987   ,MIL,700.25,268.24,300,210,71,369,2302.84,5878.283333333334,29,19.55632154630757,62.17874316033825,0.5269546590503391,17.89330202130203,62.29740680713128,0.4862535904800985,324.93333333333334,20.94894274427109,62.096547852932915,0.5621919268173542,375.31666666666666
2020,P008989   ,CSK,648.0666666666667,333.0,307,275,50,211,2684.08,6525.0,32,24.982713360104366,51.68350168350168,0.32558378767616497,25.099757766198636,51.19232763089684,0.2862254025044723,335.4,24.855293365835983,52.214746285393886,0.3678038379530917,312.6666666666667
2020,P008991   ,DYR,104.78333333333333,33.2,33,23,5,34,597.76,1600.0,8,16.961685323952864,65.47619047619048,0.32447908382376334,11.770262138450649,75.0,0.36178107606679033,35.93333333333334,19.84348451588099,61.04651162790698,0.3050108932461874,68.85
2020,P008995   ,CSK,178.01666666666668,55.76,36,44,4,-1,2504.2,6125.0,30,15.32248404835106,39.33566433566434,-0.0056174515494803855,15.680281992649663,21.25193199381762,-0.14018691588785046,92.73333333333333,14.934008761900657,62.87726358148894,0.1407074457690053,85.28333333333333
2020,P009004   ,RED,332.1,204.76,180,141,54,177,1237.36,3225.0,16,32.13955708014656,54.62490895848507,0.5329719963866305,30.213789933623406,56.26081938834392,0.5634129376304197,143.76666666666668,33.57697832790045,53.43671416596815,0.5097345132743363,188.33333333333334
2020,P009005   ,MAD,773.5166666666667,269.8,281,202,70,331,2574.24,6501.0,32,17.617058520653533,60.35223367697594,0.4279157958242658,17.16147797341358,58.687457162440026,0.43636363636363634,380.4166666666667,18.071448954745726,62.026188835286014,0.41974052403968454,393.1
2020,P009006   ,PAM,687.0333333333333,275.52,306,204,83,329,2720.2,6850.0,34,20.197380723977698,63.61217362381507,0.47887050604046383,20.988383084289193,64.92514512679499,0.514997170345218,353.4,19.388239077639938,62.04379562043796,0.4406034568888001,333.6333333333333
2020,P009022   ,ASV,158.1,67.67999999999999,49,41,22,41,712.76,1825.0,9,21.921891574064436,48.34254143646409,0.2593295382669197,23.223470661148426,50.872093023255815,0.18121911037891267,60.7,21.118960659587117,46.60452729693742,0.30800821355236135,97.4
2020,P009035   ,CSK,406.4,121.39999999999999,127,89,35,174,2047.28,4900.0,24,14.299268443599603,60.82375478927203,0.4281496062992126,15.22315603557973,56.54281098546041,0.3770835230895345,182.98333333333335,13.548663730616676,64.68658892128279,0.4699738903394256,223.41666666666666
2020,P009051   ,RED,207.31666666666666,74.28,71,55,12,98,850.48,2200.0,11,18.536436551789343,58.89183808891838,0.47270680922903774,19.242029040448394,64.57564575645756,0.5641492265696088,109.9,17.629747058962025,52.233429394812674,0.369546621043627,97.41666666666667
2020,P009088   ,ASV,0.0,0.0,0,0,0,0,162.07999999999998,400.0,2,,,,,,,0.0,,,,0.0
2020,P009101   ,PAM,1.8833333333333333,1.0,0,1,0,2,261.68,650.0,3,26.37822862754753,0.0,1.0619469026548674,,,,0.0,26.067865273548456,0.0,1.0619469026548674,1.8833333333333333
2020,P009105   ,PAM,1.1333333333333333,0.0,0,0,0,0,397.92,1000.0,5,0.0,,0.0,0.0,,0.0,1.1333333333333333,,,,0.0
2020,P009212   ,MAD,0.0,0.0,0,0,0,0,170.48000000000002,400.0,2,,,,,,,0.0,,,,0.0
2020,P009299   ,ZAL,2.15,0.88,2,0,2,3,83.28,200.0,1,19.659093447713516,113.63636363636364,1.3953488372093024,,,,,19.659093447713516,113.63636363636364,1.3953488372093024,2.15
2020,P009540   ,OLY,549.6166666666667,172.4,215,132,35,262,1939.8,4870.0,24,15.749956893819116,72.93080054274084,0.476695878945932,15.599709693585243,73.56737222509034,0.44265815118647794,302.7166666666667,15.93480527443561,72.2254004576659,0.5184285135682463,246.9
2020,P009578   ,RED,340.6,146.96,109,106,9,86,1788.8,4625.0,23,22.31179167143744,49.56347762822845,0.25249559600704635,23.273884085813,55.59540889526542,0.2972536348949919,154.75,21.511587486887894,43.35793357933579,0.21522733387140167,185.85
2020,P009580   ,OLY,471.68333333333334,169.32,196,106,53,267,2670.24,6670.0,33,17.9334258363536,75.78100835137643,0.5660577364757429,18.909589148643672,72.80049566294919,0.5620915032679739,229.5,17.014589065493897,78.75231624459542,0.5698162549033101,242.18333333333334
2020,P009622   ,ULK,780.7666666666667,391.68,330,299,47,310,2631.0,6825.0,34,26.02686957351853,51.614114114114116,0.397045638901934,27.261708786338392,51.29400792725577,0.40523320023787274,392.3666666666667,24.749223545820932,51.98487712665406,0.38877445932028837,388.4
2020,P009733   ,BAS,566.3666666666667,212.48,179,149,42,252,2558.8,6225.0,31,18.253803954565797,53.439216622880345,0.444941439585663,18.089745695696678,50.55555555555556,0.4261075414271221,295.7,18.433549528387566,56.78884873515746,0.46551724137931033,270.6666666666667
2020,P009748   ,KHI,392.01666666666665,165.76,173,134,29,180,1277.4,3025.0,15,20.026436106615016,58.93976560370674,0.4591641511840483,19.68296259632392,59.6514745308311,0.5011193387291201,193.56666666666666,20.318192326336728,58.2039911308204,0.418241370622323,198.45
2020,P009752   ,ULK,41.31666666666666,18.44,8,10,1,-1,610.24,1600.0,8,23.403722892644307,38.31417624521073,-0.02420330778539734,24.520891543347677,47.39336492890995,0.26854219948849106,26.066666666666666,21.06505811542335,0.0,-0.5245901639344263,15.25
2020,P009753   ,ZAL,266.06666666666666,100.52,108,68,33,149,2552.92,6600.0,33,19.53433974228863,65.43868153174988,0.5600100225507392,19.78503379817607,65.64551422319474,0.5006729475100942,123.83333333333334,19.319620553313545,65.27415143603133,0.6116709632059995,142.23333333333335
2020,P009754   ,RED,791.1333333333333,514.88,502,391,127,479,2264.08,5850.0,29,33.63182484293556,56.1672037235947,0.6054605207718884,34.042996519095944,52.126772310258545,0.5337995337995338,429.0,33.14151557466795,60.846049835812245,0.6903534609720177,362.1333333333333
2020,P009766   ,OLY,81.30000000000001,45.2,37,34,5,30,649.84,1600.0,8,27.377351207957474,51.1049723756906,0.3690036900369003,29.396384809983456,31.53669724770642,0.024449877750611245,40.900000000000006,25.3289654288904,69.29637526652452,0.7178217821782178,40.4
2020,P009782   ,ULK,89.85,29.88,13,18,2,16,1405.84,3625.0,18,17.150019660415836,34.42796610169492,0.1780745687256539,12.877574878848161,33.333333333333336,0.25066464109380937,43.88333333333333,21.264333485618707,34.93788819875776,0.10877447425670775,45.96666666666667
2020,P009818   ,PAN,490.0,196.0,187,140,50,182,2746.0,6700.0,33,19.519300801165333,57.71604938271605,0.37142857142857144,20.901533578430882,56.683986773736414,0.3402960298796514,240.96666666666667,18.166588909124908,58.84635281945163,0.40155267032525765,249.03333333333333
2020,P009834   ,MUN,52.75,11.0,8,11,0,-2,818.16,2025.0666666666666,10,10.322889986562535,36.36363636363637,-0.037914691943127965,8.596262484848214,50.0,-0.111731843575419,17.9,10.971637373890577,31.25,0.0,34.85
2020,P009835   ,KHI,180.66666666666666,101.72,93,66,38,115,778.36,1825.0,9,26.40223393343446,56.2137330754352,0.6365313653136532,25.933640627757423,56.67236954662105,0.6927091570457062,105.38333333333333,26.984646141510453,55.61735261401557,0.5578924064644676,75.28333333333333
2020,P009846   ,TEL,795.0666666666666,356.96,332,277,59,299,2805.12,6895.0,34,22.071346483786684,54.79271190916293,0.37606909273855443,21.360716997511943,52.858261550509,0.37501502464041025,415.98333333333335,22.849309072857594,56.77264226556238,0.3772257639041548,379.0833333333333
2020,P009848   ,TEL,144.71666666666667,31.32,23,25,3,8,1919.72,4645.0,23,10.473239313310257,43.693009118541035,0.05528043303005874,10.012130250557476,41.899441340782126,0.11521228931085983,78.11666666666666,10.998124319888719,45.833333333333336,-0.015015015015015017,66.6
2020,P009849   ,TEL,741.0,388.4,380,288,85,329,2805.12,6895.0,34,25.767591969094184,58.38967424708052,0.44399460188933876,25.835536709677303,63.63422106999764,0.4665071770334928,390.1333333333333,25.67025319111993,52.672147995889,0.4189625688770663,350.8666666666667
2020,P009862   ,MIL,747.2166666666667,389.24,434,310,96,365,2269.96,5853.283333333334,29,26.864715886222235,61.60572337042925,0.48847946824883454,27.83451737488087,60.16780746301612,0.43772383605252685,376.95,25.91888092172288,63.128361000701425,0.5401512423478574,370.26666666666665
2020,P009863   ,MUN,929.3666666666667,592.6,516,447,115,456,2739.64,6875.066666666667,34,32.00279919082491,51.848874598070736,0.49065671962985546,31.505783890755225,52.919420837267864,0.4776265955954552,475.26666666666665,32.5347229992607,50.73118632928031,0.5042942083241576,454.1
2020,P009866   ,RED,699.7333333333333,321.56,314,222,99,298,2415.52,6250.0,31,23.780929877543915,59.120349450218406,0.42587652439024387,24.10412815378967,62.28234663809269,0.49024775962045336,379.4,23.45010453560416,55.05849965588438,0.34963579604578565,320.3333333333333
2020,P009877   ,TEL,345.34999999999997,96.68,83,70,22,65,2805.12,6895.0,34,13.762267749347192,52.08333333333333,0.18821485449543943,14.076165645016768,38.08864265927978,0.15750984436527285,177.76666666666665,13.418604828518095,68.75687568756875,0.22078567876678273,167.58333333333331
2020,P009902   ,PAN,430.3833333333333,185.64,156,131,31,129,2149.88,5275.0,26,21.166758509037777,53.92699115044248,0.2997327963443442,19.847173766951226,60.09615384615385,0.3246703757335569,218.68333333333334,22.525729396299493,48.02489177489177,0.27397260273972607,211.7
2020,P009903   ,MIL,23.53333333333333,8.76,6,4,4,12,1573.4,4050.0,20,19.16313384233851,52.083333333333336,0.509915014164306,26.839005506039225,25.77319587628866,0.6304728546409808,9.516666666666666,14.05662677624922,106.38297872340426,0.4280618311533888,14.016666666666667
2020,P009917   ,DYR,615.1666666666666,261.72,273,218,38,200,2495.76,6600.0,33,22.50169470841675,58.15439672801636,0.3251151449471688,24.321679282204332,61.04115479115479,0.36581616968951736,325.3,20.50895634268271,54.55589586523736,0.2794388224471021,289.8666666666667
2020,P009923   ,KHI,0.0,0.0,0,0,0,0,82.56,200.0,1,,,,,,,0.0,,,,
2020,P009947   ,BAR,5.683333333333334,1.0,0,1,0,-2,245.56,600.0,3,8.598456386001905,0.0,-0.3519061583577712,19.61922356922725,0.0,-0.40268456375838924,2.4833333333333334,0.0,,-0.3125,3.2
2020,P009960   ,DYR,503.0333333333333,219.72,231,169,38,236,2026.8400000000001,5400.0,27,23.274326094013816,62.19039414171872,0.4691538002783116,24.25423981558806,61.81318681318681,0.48189699133095365,261.46666666666664,22.215535610223046,62.6491646778043,0.4553608389678488,241.56666666666666
2020,P010063   ,OLY,2.2,3.0,0,2,0,-2,816.28,2050.0,10,68.49254043844135,0.0,-0.9090909090909091,68.80468161538907,0.0,-0.9090909090909091,2.2,,,,0.0
2020,P010093   ,PAN,47.916666666666664,16.0,11,14,0,11,253.44,625.0,3,16.469038208168644,39.285714285714285,0.22956521739130437,16.197717047480136,78.57142857142857,0.7686510926902788,22.116666666666667,16.916455266258374,0.0,-0.23255813953488375,25.799999999999997
2020,P010327   ,RED,0.0,0.0,0,0,0,0,79.48,200.0,1,,,,,,,0.0,,,,
2020,P010356   ,OLY,0.0,0.0,0,0,0,0,165.07999999999998,400.0,2,,,,,,,0.0,,,,0.0
2020,P010357   ,ASV,753.9666666666667,331.8,329,254,70,329,2386.12,6050.0,30,22.3160499703753,57.75983146067416,0.4363588133869755,21.89164180225028,54.77117818889971,0.3252358964063441,332.06666666666666,22.648272287033414,60.039613765783606,0.52382081061863,421.90000000000003
2020,P010385   ,BER,578.8166666666666,232.88,279,202,27,341,2322.88,5625.0,28,19.485740397801393,65.22348980736862,0.5891330012381584,20.084767721065596,69.04487917146145,0.6325515280739162,281.4,18.91771225769797,61.587591240875916,0.5480526758195573,297.4166666666667
2020,P010386   ,PAN,279.65,128.92,119,102,18,68,1842.08,4475.0,22,22.398556011644207,54.130276564774384,0.24316109422492402,20.211685361486502,51.594746716697934,0.1438037501762301,118.21666666666667,24.07978292869128,55.7372175980975,0.31591988436919266,161.43333333333334
2020,P010387   ,PAN,0.0,0.0,0,0,0,0,170.4,400.0,2,,,,,,,0.0,,,,
2020,P010389   ,ASV,372.8333333333333,149.28,134,117,12,66,1680.68,4225.0,21,20.13068576272569,54.79228001308472,0.17702279839070184,20.603127889433758,54.38066465256797,0.20249746878164024,197.53333333333333,19.59229405580184,55.278174037089876,0.14831717056474614,175.3
2020,P010390   ,ASV,215.75,70.52,59,42,33,88,2535.52,6425.0,32,16.5652344284983,52.19391365888182,0.4078794901506373,14.260350718697303,47.10632570659489,0.40263452218217965,134.11666666666667,20.352224905828397,57.83582089552239,0.41649652919559005,81.63333333333333
2020,P010391   ,MUN,770.2333333333333,247.08,205,183,57,234,2582.84,6475.066666666667,32,16.083924259410487,49.25990003844675,0.30380404206517503,15.263309287249937,48.79568106312293,0.2543352601156069,389.25,16.861048829847967,49.65998568360773,0.3543462093704886,380.98333333333335
2020,P010392   ,OLY,260.9,111.0,94,79,25,74,2356.2,5845.0,29,21.108202854646166,52.22222222222222,0.2836335760827904,20.2836760386068,60.43956043956044,0.4224,156.25,22.37867310230664,39.548022598870055,0.07644529383659819,104.64999999999999
2020,P010393   ,PAM,121.0,47.96,49,39,9,40,2550.96,6450.0,32,20.043791000607257,57.029795158286774,0.3305785123966942,26.00518942842612,66.90140845070422,0.36619718309859156,35.5,17.548758496097523,52.155771905424196,0.3157894736842105,85.5
2020,P010516   ,IST,47.71666666666667,11.879999999999999,11,11,2,8,1016.0,2600.0,13,12.74253921193836,46.29629629629629,0.16765630457561997,5.18613962695579,50.0,0.20460358056265984,19.55,18.061104757378164,45.54655870445344,0.14201183431952663,28.166666666666668
2020,P010560   ,ULK,809.7833333333333,271.24,314,202,71,409,2631.0,6825.0,34,17.37787643925663,67.31263934145086,0.5050733735361311,18.559716439579265,69.60273526538586,0.5271705184259837,400.25,16.20178399074037,64.76449275362319,0.48347712843887347,409.53333333333336
2020,P010568   ,TEL,596.7666666666667,260.32,238,201,28,254,2805.12,6895.0,34,21.44449385258601,55.78473654603413,0.42562698988996256,21.512673526041674,52.02367315769377,0.3729711062507195,289.56666666666666,21.39224806482475,59.4141488577745,0.4752604166666667,307.2
2020,P010569   ,ULK,537.3,167.24,189,136,21,135,2631.0,6825.0,34,16.148609087075652,65.06472046268246,0.2512562814070352,19.074489454319725,68.05614632071459,0.33282190487430663,282.43333333333334,12.810980369541172,59.5703125,0.16086842793617578,254.86666666666667
2020,P010603   ,RED,307.4,98.84,111,86,11,93,1802.28,4650.0,23,16.59164927634712,61.09643328929987,0.30253741054001304,18.02646450790495,60.229067930489734,0.29141932002158666,154.41666666666666,15.152864483519808,62.189054726368155,0.3137596688092385,152.98333333333332
2020,P010623   ,MAD,328.1,141.28,98,100,12,77,2305.88,5826.0,29,21.758964785239524,46.54255319148936,0.23468454739408715,22.440396115673288,43.56846473029045,0.12021512179689971,158.05,21.10668265578126,49.05395935529082,0.34107615407233166,170.05
2020,P010628   ,DYR,4.516666666666667,1.0,0,1,0,0,73.48,200.0,1,12.0523796419238,0.0,0.0,,,,,12.0523796419238,0.0,0.0,4.516666666666667
2020,P010652   ,RED,169.75,47.48,50,31,17,68,784.8,2025.0,10,14.434340841226303,64.96881496881497,0.4005891016200295,14.129278207351025,77.78969957081544,0.40380047505938244,84.2,14.713515590195895,52.92338709677419,0.3974284044418469,85.55
2020,P010653   ,KHI,77.33333333333333,16.88,16,12,2,16,1458.2,3625.0,18,10.852420792758195,62.11180124223602,0.20689655172413796,11.407559679777638,85.03401360544218,0.3200775945683802,34.36666666666667,10.408982090077911,42.857142857142854,0.11636927851047323,42.96666666666667
2020,P010654   ,KHI,24.116666666666667,7.32,2,4,3,-4,160.44,400.0,2,15.134606507984175,18.796992481203006,-0.165860400829302,15.627884894363412,23.148148148148145,-0.09811937857726902,20.383333333333333,13.214461907111142,0.0,-0.5357142857142857,3.7333333333333334
2020,P010771   ,CSK,0.0,0.0,0,0,0,0,173.04000000000002,400.0,2,,,,,,,0.0,,,,0.0
2020,P010776   ,ULK,181.18333333333334,70.76,68,52,4,72,914.6800000000001,2400.0,12,20.49470319176626,63.24404761904762,0.39738754484408056,20.880317289830597,64.05817174515235,0.4815032295948326,85.15,20.02865595937575,62.29903536977492,0.3228045817424505,96.03333333333333
2020,P010781   ,CSK,202.13333333333333,86.72,104,73,13,108,811.04,2000.0,10,21.159190506108057,66.0569105691057,0.5343007915567283,19.49799013751818,70.48331415420023,0.5276771857216761,96.65,22.75165052250364,62.55686988171065,0.5403697266550798,105.48333333333333
2020,P010782   ,RED,0.0,0.0,0,0,0,0,157.64,400.0,2,,,,,,,0.0,,,,0.0
2020,P010791   ,BER,47.71666666666666,15.32,14,10,3,16,413.56,1000.0,5,15.526734851644854,61.83745583038869,0.33531260915124,21.046277773474745,81.9672131147541,0.3892493049119555,17.983333333333334,12.156642036273851,46.58385093167701,0.30269058295964124,29.733333333333334
2020,PAAX      ,MAD,11.366666666666667,5.88,1,2,2,0,725.28,1801.0,9,25.691070953768165,17.36111111111111,0.0,25.179531709325378,17.36111111111111,0.0,11.366666666666667,,,,0.0
2020,PADF      ,BAR,13.05,11.88,9,10,2,5,86.24000000000001,200.0,1,42.223786066150595,41.36029411764706,0.38314176245210724,,,,,42.223786066150595,41.36029411764706,0.38314176245210724,13.05
2020,PAMM      ,OLY,561.0333333333333,248.44,265,189,51,276,2499.92,6245.0,31,22.124281858547604,62.66553159288687,0.4919493791218585,23.570199428089776,60.67500948047023,0.44686648501362397,275.25,20.76544104903741,64.64703661759154,0.5353706187671312,285.78333333333336
2020,PBFX      ,KHI,589.6666666666666,134.0,129,111,0,122,2379.4,5825.0,29,11.126451733132603,58.108108108108105,0.20689655172413796,11.242833760041444,51.724137931034484,0.14127468293466047,311.45,10.979785302958376,65.09433962264151,0.2803570358833044,278.21666666666664
2020,PBGV      ,KHI,256.15,62.64,70,46,6,56,2228.92,5450.0,27,11.958849644193679,71.95723684210526,0.2186219012297482,11.740159289698974,85.22727272727273,0.20905923344947736,114.8,12.177884316118204,60.170807453416145,0.2263883975946233,141.35
2020,PBMT      ,MAD,330.25,131.64,123,117,6,99,1855.4,4700.0,23,20.19460433718156,51.404212637913744,0.29977289931869794,22.674641146915466,43.87755102040816,0.2458691341705221,126.08333333333334,18.664331753008096,56.625141562853905,0.3330612244897959,204.16666666666666
2020,PBWI      ,ZAL,540.0333333333333,139.8,131,94,45,243,2627.2,6800.0,34,13.40085095723103,57.55711775043937,0.44997222393679404,12.564555572187066,53.34805003679176,0.4081141274905195,276.8833333333333,14.283251107715142,61.40646029609691,0.49401482044461337,263.15
2020,PCCD      ,MIL,537.1166666666667,195.07999999999998,235,165,32,220,2432.04,6253.283333333334,31,18.677188724475357,65.61313379495198,0.4095944394451857,18.792005113187102,64.97797356828194,0.40059084194977845,282.0833333333333,18.588119826566846,66.2664250113276,0.4195529996078944,255.03333333333333
2020,PCPR      ,IST,743.8666666666667,279.92,305,229,43,363,2298.88,5825.0,29,19.06990171992011,61.51177799290093,0.48799067933321383,18.697373335736188,56.11905553708014,0.4136041999543483,365.08333333333337,19.430145981046863,66.593544343466,0.559686716240595,378.7833333333333
2020,PCVM      ,MIL,602.3666666666667,298.16,287,227,39,335,2365.24,6078.283333333334,30,25.440413719482628,58.772935779816514,0.5561396712965525,26.6105286297772,53.52731265440571,0.5019211127863431,342.68333333333334,24.003154289150924,66.53799268590004,0.6276875681920288,259.68333333333334
2020,PJAN      ,KHI,156.61666666666667,50.96,22,36,9,17,815.08,2025.0,10,16.16762507107105,27.52752752752753,0.10854528040864105,15.489716900951034,21.186440677966104,0.0440852314474651,68.05,16.752635077650634,31.99658703071672,0.1580730146782085,88.56666666666666
2020,PJFO      ,TEL,181.5,83.36,66,58,19,72,1317.4,3250.0,16,22.66088016257082,49.72875226039783,0.39669421487603307,19.181658919987182,42.932628797886395,0.2920655524906701,102.71666666666667,27.28336945101713,55.43237250554324,0.5331076792891898,78.78333333333333
2020,PJLX      ,CSK,750.55,138.52,135,98,33,161,2842.76,6925.0,34,8.991712887030113,59.98933522929257,0.21450935980281127,7.6484269201728425,56.56610470275067,0.18678096097450936,369.4166666666667,10.29812015995935,62.27758007117438,0.24138534196256778,381.1333333333333
2020,PJUO      ,OLY,588.25,295.96,216,203,59,160,2748.16,6870.0,34,25.15450650063511,47.16981132075472,0.27199320016999573,27.158873710376255,49.78062774215322,0.31508927529466685,285.6333333333333,23.271514044343483,44.36798261499457,0.23131574599328084,302.6166666666667
2020,PKIR      ,ASV,657.4666666666667,174.08,173,139,32,170,2473.72,6250.0,31,13.3793375734531,56.506401881369214,0.25856824173595616,12.794705758238955,61.66569936157864,0.3163555836760519,316.1,13.91664356228549,52.28136882129278,0.20505809979494188,341.3666666666667
2020,PKIW      ,MIL,19.166666666666664,4.0,0,2,0,-3,1742.96,4500.0,22,10.776270652024243,0.0,-0.1565217391304348,11.213509371586628,0.0,-0.15957446808510636,18.8,0.0,,0.0,0.36666666666666664
2020,PKLT      ,BAR,163.31666666666666,68.64,35,45,6,23,1194.68,3025.0,15,21.28386761333752,36.733837111670866,0.14083069700989898,20.502024765300654,41.73989455184534,0.13549579141859988,81.18333333333334,22.04207121750143,32.154340836012864,0.1461038961038961,82.13333333333334
2020,PKPD      ,ZAL,464.6333333333333,125.2,150,112,5,112,1918.6,5000.0,25,14.044604872354622,65.67425569176882,0.2410502905516895,13.826986680443328,65.23157208088715,0.21546851100618475,250.61666666666667,14.301170121957975,66.1875945537065,0.2710069309243828,214.01666666666668
2020,PKVZ      ,KHI,748.4,522.56,455,381,99,451,1932.56,4650.0,23,33.601011130045926,53.58488788392689,0.602618920363442,34.04659984088969,53.56834283739416,0.5751753330290077,401.6166666666667,33.04484992771114,53.60472343070229,0.6344018839813524,346.7833333333333
2020,PLEM      ,MUN,450.03333333333336,145.24,122,113,21,122,2578.92,6475.066666666667,32,16.20607809473733,49.90183246073298,0.2710910302940523,17.63125771555407,45.36836403033586,0.27809498219923423,248.11666666666667,14.560597997263072,56.81818181818182,0.2624845233182006,201.91666666666666
2020,PLHK      ,IST,261.3666666666667,135.0,152,108,25,170,1884.08,4825.0,24,26.455230100263893,63.865546218487395,0.6504272414232878,28.063494007748982,66.32653061224491,0.6975138121546961,144.8,24.438620217051092,60.51587301587302,0.5919359450957964,116.56666666666666
2020,PLKY      ,DYR,100.76666666666667,25.88,16,17,2,23,980.28,2600.0,13,13.623872828411809,44.742729306487696,0.22825008269930533,10.401497815685458,42.857142857142854,0.2763157894736842,50.66666666666667,16.908721803459073,45.955882352941174,0.17964071856287425,50.1
2020,PLLH      ,DYR,134.2,36.64,32,27,6,19,2492.6,6600.0,33,14.458534968424571,53.98110661268556,0.14157973174366617,15.349948492551814,56.68257756563245,0.1847778266608007,75.76666666666667,13.369887700025723,50.46583850931677,0.08556759840273817,58.43333333333333
2020,PLRQ      ,PAM,741.9833333333333,270.24,241,185,46,304,2639.84,6650.0,33,18.34972321838474,58.71175209510816,0.409712706934118,19.707260606172326,64.60875807609476,0.47386635903806906,375.6333333333333,17.002829069989915,51.70575692963753,0.34393339702470316,366.35
2020,PLRU      ,RED,427.51666666666665,112.24,122,94,21,107,1952.44,5050.0,25,13.581204383580998,59.08562572646262,0.25028264005301937,11.398173674512757,41.96914700544465,0.11747200250606939,212.81666666666666,15.758164644642953,71.83908045977012,0.3819282720074522,214.70000000000002
2020,PLUO      ,RED,539.7333333333333,99.84,89,84,11,53,2571.0,6650.0,33,9.569183796772453,50.09004952723998,0.09819664031620554,10.22731411420609,45.66694987255735,0.05965697240865026,268.2,8.917325187675322,55.076628352490424,0.13626319666093786,271.53333333333336
2020,PTFK      ,ASV,560.1333333333333,167.48,178,116,17,227,2376.56,6050.0,30,15.223275996678405,72.07644962747003,0.40526065222566054,16.391630008584645,71.22163206180589,0.46216583597643857,331.05,13.514177124363524,73.81889763779527,0.32302655511094946,229.08333333333331
2020,PTFX      ,PAN,12.933333333333334,6.4399999999999995,4,4,1,1,648.56,1600.0,8,24.5683061221116,45.04504504504504,0.07731958762886598,,,,0.0,24.608982125625033,45.04504504504504,0.07731958762886598,12.933333333333334
2020,PTGB      ,MAD,368.48333333333335,182.92000000000002,181,147,43,167,1697.88,4275.0,21,24.99783893459758,54.54435872709739,0.45320910036636664,25.422334223885557,52.73250239693193,0.49262922186975183,178.63333333333333,24.5732482890176,56.37730358874879,0.4161179878851725,189.85
2021,P000007   ,MUN,111.11666666666667,25.0,21,20,0,13,1524.56,4000.0,20,11.806094902790148,52.5,0.11699415029248537,8.526713788264644,75.0,0.234375,42.666666666666664,13.93343233037004,42.857142857142854,0.04382761139517896,68.45
2021,P000046   ,ZAL,470.3666666666667,165.24,150,133,21,128,1768.04,4625.0,23,18.379271602716816,52.72778402699662,0.27212812699312594,17.5328743061589,53.78657487091222,0.30526692941597994,232.58333333333331,19.213764090364318,51.70987313844457,0.23971402537323894,237.78333333333333
2021,P000726   ,MIL,0.36666666666666664,0.0,0,0,0,-1,241.44,600.0,3,0.0,,-2.7272727272727275,0.0,,-2.7272727272727275,0.36666666666666664,,,,0.0
2021,P000796   ,BAR,737.2833333333333,406.4,518,290,135,613,2498.04,6300.0,31,27.802921888889156,74.12707498568976,0.8314307028053439,29.181530891061286,74.93938726030417,0.8866171003717471,358.6666666666667,26.45052310497937,73.2491662696522,0.7791521767839064,378.6166666666667
2021,P000848   ,PAN,613.45,364.0,371,275,75,343,2040.12,5200.0,26,30.248221092417285,60.22727272727273,0.5591327736571847,32.2129103099497,56.76147704590819,0.49639711769415534,312.25,28.213861338159486,63.989707475622964,0.6241699867197875,301.2
2021,P000925   ,ULK,627.0166666666667,273.0,300,196,75,400,1706.64,4400.0,22,22.450411923753933,65.50218340611353,0.6379415751840728,21.025576965326106,59.212817833507486,0.580635506559585,334.1166666666667,24.061385794779536,71.82901191310442,0.7033117104813931,292.9
2021,P000956   ,MCO,432.1666666666667,205.72,205,145,63,158,2334.56,5725.0,28,23.34671037884164,59.34460398332561,0.36559969147705357,23.217038411929405,62.80569141840817,0.39198414446157237,227.04999999999998,23.468571281612906,55.582406959884,0.33639392215812136,205.11666666666667
2021,P001108   ,DYR,324.9166666666667,125.6,94,86,15,76,1318.6399999999999,3425.0,17,20.080844639655083,50.75593952483801,0.23390612977686584,19.905013363328244,59.097421203438394,0.2842880108300195,196.98333333333332,20.312634709997074,38.08487486398259,0.1563314226159458,127.93333333333334
2021,P001133   ,CSK,372.23333333333335,201.8,191,152,45,212,1238.32,3000.0,15,26.267834032621973,55.58789289871944,0.5695352377540969,27.753123282701427,53.63452801615346,0.5415705546083642,166.18333333333334,25.06967363944902,57.260155574762315,0.5920892987139044,206.05
2021,P001255   ,OLY,712.05,205.56,193,168,24,198,2371.04,6075.0,30,14.793315358602896,54.043458781362006,0.27807036022751214,13.7608834417269,44.530858003010536,0.21587842635989204,352.05,15.78166633080316,61.71590449210846,0.3388888888888889,360.0
2021,P001261   ,ASV,381.98333333333335,149.4,137,121,10,128,2110.44,5400.0,27,20.015061509931463,54.625199362041464,0.33509315415157725,23.677644490218444,53.47593582887701,0.36938814169350254,175.96666666666667,16.89214915486026,55.9573002754821,0.3058005015775423,206.01666666666665
2021,P001288   ,MUN,811.1,302.52,331,226,108,377,2056.84,5400.0,27,19.584069253840134,60.50745832114654,0.4648008876833929,18.96258335821317,59.12419896246566,0.4707631318136769,403.6,20.22688075497459,61.780398764392025,0.4588957055214724,407.5
2021,P001392   ,MAD,442.2,168.76,187,133,29,139,1870.16,4600.0,23,18.77413091650328,64.14654226125137,0.3143374038896427,15.024688932212204,64.32545201668984,0.3284421804911427,219.21666666666667,22.42283501202529,64.02991840435178,0.3004708872113013,222.98333333333335
2021,P001518   ,MIL,400.56666666666666,98.4,106,81,10,101,2480.4,6425.0,32,12.726286527081314,62.06088992974239,0.2521427977032537,13.389140122199215,50.6198347107438,0.17401650925857068,224.11666666666667,11.92930233539279,77.02702702702703,0.35137432700481724,176.45
2021,P001557   ,ZAL,458.4166666666667,160.96,156,123,34,143,2171.88,5650.0,28,18.26838610350057,56.538126993331396,0.31194328303944735,18.703351036137907,54.74452554744526,0.3034030340303403,243.9,17.77230602196414,58.78510777269758,0.3216533291896511,214.51666666666668
2021,P001792   ,UNK,76.68333333333334,11.64,12,6,6,28,1780.52,4475.0,22,7.630063923507315,69.44444444444444,0.3651380134753314,9.743599919816832,78.53403141361255,0.45862412761714855,50.15,3.7510614114512406,0.0,0.1884422110552764,26.53333333333333
2021,P001833   ,IST,857.9833333333333,272.56,315,225,49,400,2713.0,6874.766666666666,34,16.0998353065744,63.8789746917586,0.4662095223294936,17.02417212201618,65.30984204131227,0.5008308536538238,431.28333333333336,15.153528972878163,62.23885793871867,0.4312163112256855,426.7
2021,P001844   ,CSK,474.05,183.48,186,143,42,197,1814.16,4425.0,22,18.8813161516354,57.59227148872926,0.4155679780613859,16.857438127642673,53.02557704304429,0.3105077626940673,222.21666666666667,20.691227166593592,60.59983566146261,0.5082726671078757,251.83333333333331
2021,P001926   ,OLY,738.0166666666667,360.64,343,264,81,423,2380.0,6075.0,30,24.9463519740906,57.235349085569354,0.573157787764504,25.79032323199188,57.9931071049841,0.5855133550190131,363.78333333333336,24.129580573762556,56.466792148427,0.5611472343457735,374.23333333333335
2021,P001932   ,BAR,519.6166666666667,193.6,162,140,15,258,1751.68,4450.0,22,18.930300831994543,55.25238744884039,0.4965198704172948,18.10372245483801,54.31675242995998,0.4528447942201006,258.3666666666667,19.78662125629993,56.10647181628392,0.539712918660287,261.25
2021,P002008   ,DYR,274.51666666666665,109.56,110,89,24,105,1713.88,4425.0,22,20.60848975226446,55.24306950582563,0.38249043773905655,22.970458170129906,57.260155574762315,0.4251180883578772,119.96666666666667,18.773869037544724,53.49099099099099,0.3494014881915238,154.55
2021,P002072   ,CSK,7.35,2.0,4,2,0,5,1144.28,2825.0,14,13.435653563694155,100.0,0.6802721088435374,22.943212680713646,100.0,1.3953488372093024,4.3,0.0,,-0.3278688524590164,3.05
2021,P002084   ,ULK,670.55,218.6,220,188,40,271,2323.28,6000.0,30,16.838317064796538,53.50194552529183,0.40414585042129597,16.684704184704188,51.903114186851205,0.3816046966731898,340.6666666666667,17.001122251078165,55.13981882630957,0.427423836709948,329.8833333333333
2021,P002100   ,ULK,464.40000000000003,258.28000000000003,249,178,62,297,1637.2,4200.0,21,28.534884352246948,60.64886983632112,0.6395348837209301,26.708012594332043,58.68955851436581,0.594859241126071,272.3333333333333,31.08476435623044,63.10359964881474,0.7028809441166262,192.06666666666666
2021,P002279   ,UNK,3.6,0.0,0,0,0,1,789.76,2000.0,10,0.0,,0.2777777777777778,,,,0.0,0.0,,0.2777777777777778,3.6
2021,P002328   ,CSK,309.85,127.84,136,92,36,119,1335.72,3225.0,16,19.92322076547366,63.05637982195846,0.38405680167823136,18.818634249307244,61.83745583038869,0.38261691072272086,141.13333333333333,20.871579653879312,63.9386189258312,0.3852612861799862,168.71666666666667
2021,P002329   ,ZAL,879.4499999999999,272.24,259,202,71,359,2460.84,6450.0,32,16.227331778119314,55.52220888355342,0.40820967650235945,16.843665143912133,59.76722239698018,0.45492267069030556,441.8333333333333,15.603488113705858,50.43363499245852,0.3610465780553757,437.6166666666667
2021,P002429   ,MUN,96.78333333333333,45.32,37,38,3,20,472.6,1200.0,6,23.779726206372697,47.0498474059003,0.2066471499913897,29.087172553658952,46.36785162287481,0.2304,52.083333333333336,17.569372850767294,48.36309523809524,0.17897091722595077,44.7
2021,P002534   ,ASV,475.7,118.12,128,100,23,153,1733.24,4400.0,22,12.607072658774056,58.118416273156555,0.3216312802186252,13.168713859902649,59.37692782233189,0.32205717138933965,267.03333333333336,11.918279928606408,56.31625441696113,0.3210862619808307,208.66666666666666
2021,P002536   ,OLY,250.96666666666667,99.6,96,72,15,100,2300.72,5875.0,29,20.268303311828642,61.06870229007634,0.3984592907424625,20.828751120879662,58.7160751565762,0.3698244673723704,124.38333333333333,19.711040845634837,63.30685203574975,0.42659644502962474,126.58333333333334
2021,P002543   ,MCO,301.23333333333335,111.56,98,78,24,93,1386.84,3450.0,17,18.425878769052375,55.3297199638663,0.3087307734867766,17.35429412502037,57.51173708920187,0.3841317022979307,145.78333333333333,19.418070121380982,53.30722367275892,0.23801865551624318,155.45
2021,P002553   ,RED,618.3,254.68,256,160,97,329,2442.8,6250.0,31,21.077431976800803,63.153739885533845,0.5321041565583051,19.98346207313785,64.98015873015873,0.5236387000053542,311.28333333333336,22.279549113466047,61.34668237141736,0.5406872591064547,307.01666666666665
2021,P002580   ,IST,827.2,491.08,507,353,132,493,2400.56,6074.766666666666,30,30.04614460311721,61.66682884110149,0.5959864603481625,29.846850610611423,68.96005072923272,0.7291846233408033,386.73333333333335,30.221442364676296,55.44536602957086,0.47903738459209927,440.4666666666667
2021,P002812   ,MIL,763.7666666666667,237.56,264,166,74,397,2480.4,6425.0,32,16.113653524318472,66.47864625302175,0.5197922576703182,15.302834897119329,68.00927878532265,0.5399845718693752,388.9,16.9439998260679,65.0790590050135,0.4988440334341099,374.8666666666667
2021,P002849   ,MIL,769.8,254.12,249,189,73,415,2405.56,6225.0,31,17.08496516714714,56.30426917510854,0.5391010652117434,18.062659717565687,57.51014884979703,0.5765143464399576,376.4,16.166637208468856,54.918351477449455,0.5033045246568378,393.4
2021,P002925   ,IST,47.233333333333334,15.879999999999999,8,11,2,10,1916.84,4874.766666666666,24,17.100147933723605,33.67003367003367,0.21171489061397317,15.079563008514029,45.04504504504504,0.3835616438356164,36.5,23.871836418842587,0.0,-0.37267080745341613,10.733333333333334
2021,P002968   ,BAR,400.23333333333335,184.51999999999998,176,147,33,144,2019.84,5050.0,25,23.053379270837258,54.48241703813769,0.3597901224285833,22.469642938987317,55.17164511814534,0.3248294274695936,224.73333333333335,23.81599554744431,53.62116991643454,0.4045584045584046,175.5
2021,P002969   ,ULK,246.71666666666667,107.84,101,96,11,40,2261.92,5800.0,29,22.416207547291616,50.07933359777866,0.1621292981152469,24.038309605962226,53.06603773584905,0.19773606533887378,116.31666666666666,20.991055849590552,47.03763010408326,0.1303680981595092,130.4
2021,P002980   ,ASV,605.4,196.2,169,154,30,134,2269.64,5800.0,29,16.563709260598152,50.538277511961724,0.22134126197555337,17.212849243340575,50.04601932811781,0.20662512299114466,304.9,15.924462511386382,51.07125062282013,0.23627287853577372,300.5
2021,P003024   ,BAS,687.7333333333333,284.16,219,218,39,241,2543.96,6400.0,32,20.789428987012652,46.56404150365709,0.35042652190771617,21.76944737414365,52.32202871982891,0.41274238227146814,361.0,19.686239470362178,39.33231005372218,0.28157518873699244,326.73333333333335
2021,P003048   ,IST,564.7833333333333,174.44,231,123,76,329,2466.2,6274.766666666666,31,15.716776913521713,73.8302224495014,0.5825242718446603,15.050188784946421,69.44444444444444,0.5181801113962076,266.31666666666666,16.342530982094825,77.23761926397093,0.6399374581192764,298.46666666666664
2021,P003091   ,ULK,110.73333333333333,19.64,12,16,6,9,1648.52,4200.0,21,9.037497199063916,32.188841201716734,0.08127633955448525,9.01204950459806,35.86065573770492,0.11459754433833562,61.08333333333333,9.073253030956957,28.153153153153152,0.04028197381671702,49.65
2021,P003108   ,UNK,740.7833333333333,378.72,356,293,63,357,2022.36,5075.0,25,25.658697887792005,55.50012471938139,0.4819222894683556,25.38585611490289,54.51998050682261,0.4782186986041412,395.2166666666667,25.979566507203653,56.5278487480838,0.4861580013504389,345.56666666666666
2021,P003120   ,DYR,324.18333333333334,104.6,114,77,40,147,1320.24,3400.0,17,16.61869919921739,60.25369978858351,0.4534471235412061,15.315364743909685,62.60434056761269,0.41407867494824013,169.05,18.014233319846998,57.840616966580974,0.4963472281908036,155.13333333333333
2021,P003151   ,BER,322.1333333333333,135.32,162,110,28,143,1055.6,2600.0,13,20.69332528626888,66.21975147155004,0.44391556291390727,21.023512254515694,55.447470817120625,0.35167464114832536,139.33333333333334,20.415263537529444,74.02707275803722,0.5142231947483589,182.8
2021,P003210   ,ZAL,760.95,361.56,325,262,74,350,2460.84,6450.0,32,24.907525819144258,55.16702878870179,0.4599513765687627,25.94354229182541,63.54886475814412,0.6130957246791466,407.76666666666665,23.703421858261777,44.91243961352657,0.2831390684724647,353.18333333333334
2021,P003240   ,PAN,221.08333333333334,70.88,39,54,2,4,1961.56,5000.0,25,16.3442918310201,35.53206997084548,0.01809272521673577,15.624463272957732,50.0,0.17007641114123734,135.23333333333335,17.568672800384668,18.086816720257236,-0.22131624927198604,85.85
2021,P003332   ,RED,414.51666666666665,228.36,206,167,69,229,2204.48,5650.0,28,28.23906529706641,52.188893392784756,0.5524506453299023,26.845793495226403,51.23358535614803,0.49847934129515614,224.68333333333334,29.824362908553,53.180503923998344,0.6163301141352063,189.83333333333334
2021,P003370   ,DYR,38.733333333333334,9.879999999999999,8,7,2,0,1246.64,3225.0,16,13.197471360676706,50.76142131979695,0.0,14.462047970613117,66.66666666666667,-0.13937282229965156,14.35,12.45037042491525,40.98360655737705,0.08202323991797676,24.383333333333333
2021,P003469   ,OLY,917.1333333333333,345.0,427,287,75,552,2453.88,6275.0,31,19.238757553034684,66.71875,0.6018754088827506,18.144194017700286,67.21090105573286,0.5831468554824488,499.01666666666665,20.54248407722224,66.20830150241915,0.6242276876469884,418.1166666666667
2021,P003478   ,BAR,91.25,34.0,51,29,0,33,558.4,1400.0,7,18.683518467637477,87.93103448275862,0.36164383561643837,10.67723317297711,87.5,0.16380655226209048,42.733333333333334,26.793520340631236,88.0952380952381,0.5358983167296462,48.516666666666666
2021,P003479   ,RED,582.4166666666666,171.2,177,127,55,272,2598.12,6650.0,33,15.047432395380723,58.53174603174604,0.467019602232079,16.494708264946027,52.690582959641254,0.43420173680694724,299.4,13.426169752726842,66.93548387096774,0.5017372357340557,283.01666666666665
2021,P003490   ,ULK,89.06666666666666,32.72,36,23,13,45,681.32,1800.0,9,19.411069248809373,62.674094707520894,0.5052395209580839,18.11278648452921,87.71929824561403,0.6092368162463151,50.88333333333333,21.079955361143597,31.347962382445143,0.3666521169794849,38.18333333333334
2021,P003514   ,ZAL,118.78333333333333,50.4,35,41,10,19,686.92,1825.0,9,22.545596557146713,38.54625550660793,0.15995510032271643,20.700947540402186,43.41864716636198,0.21672686857460405,59.983333333333334,24.405866242600936,34.013605442176875,0.10204081632653061,58.8
2021,P003521   ,IST,21.933333333333334,3.88,1,1,2,4,638.28,1599.7666666666667,8,8.867526385976902,26.595744680851066,0.182370820668693,5.7918920077567675,0.0,0.23166023166023167,17.266666666666666,20.278044103547458,56.81818181818182,0.0,4.666666666666667
2021,P003526   ,ASV,279.6166666666667,100.12,111,75,23,117,869.56,2200.0,11,18.118027287170698,65.20206766917293,0.41842999344340465,14.808093176096635,57.486631016042786,0.28081123244929795,160.25,22.486353939285227,71.24895222129086,0.6031834683049427,119.36666666666667
2021,P003573   ,DYR,422.48333333333335,114.48,94,91,17,100,1714.44,4425.0,22,13.987529634700229,47.72542648253452,0.23669572764211605,12.856567396800527,44.37311178247734,0.2774566473988439,245.08333333333334,15.549108284220795,51.625659050966604,0.18038331454340473,177.4
2021,P003733   ,MAD,470.3833333333333,176.32,152,133,28,145,2067.12,5075.0,25,18.40560108639335,52.29837599779797,0.30825922120256527,17.711165982719958,58.23863636363636,0.31863601425476906,238.51666666666665,19.100426435646497,46.71649759743727,0.2975848188614146,231.86666666666667
2021,P003842   ,TEL,58.050000000000004,32.04,37,19,16,46,630.08,1600.0,8,28.031385703205885,71.04454685099847,0.7924203273040482,31.673078301209816,53.648068669527895,0.39966694421315574,20.016666666666666,25.9928587740013,80.74162679425838,0.9991235758106924,38.03333333333333
2021,P003941   ,CSK,306.9,109.72,123,83,38,218,1332.2,3225.0,16,17.309287674582045,61.67268351383875,0.7103290974258717,19.54067236296828,66.65569453587887,0.818099181900818,165.01666666666668,14.694300661515062,53.90143737166324,0.5849876659227065,141.88333333333333
2021,P003958   ,BER,428.93333333333334,179.8,159,128,45,188,1919.52,4800.0,24,20.96420903485119,53.78890392422192,0.43829654958035436,21.33961465990828,46.875,0.3479017177647315,229.95,20.5768452235734,61.94690265486726,0.5427590250439734,198.98333333333335
2021,P004004   ,ULK,574.6666666666666,300.4,287,217,60,274,2182.2,5600.0,28,26.82917960354618,58.95645028759244,0.47679814385150815,27.024162449824246,55.880330123796426,0.39459899895239203,286.3666666666667,26.638837719304004,61.772112055398175,0.5584460631286854,288.3
2021,P004007   ,RED,655.3666666666667,326.44,299,265,51,211,2435.6,6225.0,31,25.461407446796365,52.01085443918731,0.32195717410101216,26.282684749443778,51.369863013698634,0.35586460783311175,325.9666666666667,24.6611436418827,52.75851673198673,0.28840315725561627,329.4
2021,P004056   ,ULK,163.35,62.84,67,50,11,39,1314.28,3400.0,17,19.903894047220366,61.08679795769511,0.23875114784205695,22.16252666582581,63.0868544600939,0.3197158081705151,93.83333333333333,17.149450071173348,57.80346820809248,0.12946535602972908,69.51666666666667
2021,P004058   ,MUN,477.9166666666667,202.96,191,155,34,149,2346.76,6200.0,31,22.439402364064453,56.18969169216286,0.3117698343504795,19.636091295685205,49.728752260397826,0.24871247330737345,265.3666666666667,25.9671880438715,63.205694648993614,0.3904963537991061,212.55
2021,P004172   ,DYR,514.0166666666667,138.56,93,87,24,192,1561.68,4025.0,20,13.895190513156495,47.6629766297663,0.37352874420414384,15.864996580554134,44.856459330143544,0.3609209707529558,241.05,12.156504862695165,50.63291139240506,0.3846623519355233,272.96666666666664
2021,P004183   ,RED,99.13333333333334,36.519999999999996,43,27,8,47,1411.28,3625.0,18,18.924999600681097,70.44560943643512,0.4741089441829186,18.83410954944724,60.72874493927125,0.47936085219707053,62.583333333333336,18.585974999481216,88.2899628252788,0.4651162790697675,36.55
2021,P004194   ,ZAL,199.88333333333333,110.44,108,86,26,116,998.2,2600.0,13,28.782969187779894,55.41871921182266,0.5803385308096389,30.030030030030034,55.4675118858954,0.5308880308880309,103.6,27.44233916622654,55.36626916524702,0.6335468236108707,96.28333333333333
2021,P004197   ,MCO,375.1166666666667,91.84,102,81,11,87,2224.84,5525.0,27,12.159872142824398,59.41286113699906,0.23192784467054695,12.888123155213849,59.055118110236215,0.292299861848324,229.21666666666667,11.098565334061174,60.08010680907877,0.13708019191226867,145.9
2021,P004289   ,PAN,123.85,49.6,58,36,15,67,1784.8799999999999,4600.0,23,20.642603449200262,68.07511737089202,0.5409769882922891,22.95662751809143,63.38028169014085,0.4812834224598931,74.8,17.08084553981166,77.46478873239437,0.6320081549439348,49.05
2021,P004302   ,DYR,254.16666666666666,76.2,65,65,5,39,1791.8,4625.0,23,15.477064001946939,48.363095238095234,0.15344262295081967,16.223185819713507,43.98148148148148,0.15959215338579189,150.38333333333333,14.405856594112576,56.25,0.14453187730849526,103.78333333333333
2021,P004331   ,MIL,642.8333333333334,292.6,259,221,65,224,2028.24,5225.0,26,23.451621721975364,51.883012820512825,0.3484573502722323,23.209156653109734,47.324780976220275,0.2973300970873786,329.6,23.712057179634698,56.6688567674113,0.4022560391614345,313.23333333333335
2021,P004381   ,UNK,360.1666666666667,119.03999999999999,127,82,16,168,2022.36,5075.0,25,16.588112692783252,71.3162623539982,0.4664507172605275,19.06308613682007,68.63560732113145,0.36316947909024216,181.73333333333332,14.122025800628096,74.462890625,0.5716420698673641,178.43333333333334
2021,P004499   ,BAS,820.2,361.64,341,283,56,355,2543.96,6400.0,32,22.184844393095005,55.42192172669354,0.43282126310655933,22.271773716714446,53.81016042780749,0.38905827285609995,388.1166666666667,22.11661921437232,56.94760820045558,0.4721311475409836,432.0833333333333
2021,P004508   ,MUN,172.08333333333334,73.0,68,67,0,9,2056.84,5400.0,27,22.27446573702258,50.74626865671642,0.0523002421307506,21.61734302266306,45.55555555555556,0.0441956393635828,113.13333333333333,23.38747187102958,61.36363636363637,0.06785411365564037,58.95
2021,P004554   ,TEL,604.6666666666666,286.16,357,216,89,465,2252.92,5600.0,28,23.52692409807262,69.956105972723,0.7690187431091511,24.292764547449195,67.34913793103448,0.7469443186962426,294.53333333333336,22.797719988190238,72.66049185563718,0.7899828030954429,310.1333333333333
2021,P004571   ,MUN,387.95,116.28,101,91,12,81,1724.4,4600.0,23,15.99112728137652,52.45118404653095,0.2087897924990334,18.75323798686354,51.41843971631206,0.1588089330024814,201.5,12.956486644252639,53.91173520561685,0.2628050415661035,186.45
2021,P004588   ,BER,0.0,0.0,0,0,0,0,73.64,200.0,1,,,,,,,0.0,,,,
2021,P004645   ,ZAL,85.16666666666667,23.759999999999998,28,18,4,31,997.04,2650.0,13,14.829963227356497,70.85020242914979,0.3639921722113503,14.536659332288268,71.54882154882155,0.3986710963455149,50.16666666666667,15.221661595347223,69.79695431472081,0.3142857142857143,35.0
2021,P004720   ,RED,261.35,47.08,58,40,7,49,2131.84,5450.0,27,9.210555864329823,67.31662024141133,0.1874880428544098,11.220194662458,66.22516556291392,0.22382839822802517,142.96666666666667,6.6450058823329,69.87577639751552,0.14360129522736872,118.38333333333333
2021,P004761   ,BAS,346.8333333333333,99.88,89,93,2,43,2468.32,6200.0,31,14.466981524525593,47.4009373668513,0.12397885631907737,14.013110189976793,42.857142857142854,0.11125827814569536,188.75,14.991119458534545,52.361853832442065,0.13916710595677384,158.08333333333334
2021,P004863   ,PAN,86.31666666666666,21.0,14,15,0,19,308.24,800.0,4,12.628612014811358,46.666666666666664,0.22011971423054644,15.878060345771226,57.142857142857146,0.27447392497712714,36.43333333333334,10.27249593144958,37.5,0.1804209822920147,49.88333333333333
2021,P004866   ,RED,962.0166666666667,474.56,403,344,99,374,2516.2,6450.0,32,25.290247847299238,51.99194963360512,0.3887666533843835,25.178448372852554,49.454297407912684,0.36956089807272,503.3,25.347845548356894,54.848617814831066,0.409839043708898,458.7166666666667
2021,P004887   ,MAD,569.45,226.84,229,158,61,363,2640.6,6475.0,32,19.535799564281103,61.945466349275044,0.6374571955395557,20.515534704779437,64.25009589566551,0.7441253263707572,306.4,18.390226505514505,58.9622641509434,0.513210416270671,263.05
2021,P004888   ,CSK,563.8,321.76,298,248,79,304,1647.2,4025.0,20,27.89051467001911,52.694864903098036,0.539198297268535,28.206959463872266,54.59692639525478,0.6060606060606061,288.75,27.573566197309013,50.595238095238095,0.4690056353390292,275.05
2021,P004941   ,CSK,154.21666666666667,41.88,47,39,2,29,1734.28,4225.0,21,13.231614959423897,58.92678034102307,0.18804711985302064,14.208637480633996,61.188811188811194,0.24643066692743987,85.21666666666667,12.019684000150834,55.88235294117647,0.11594202898550725,69.0
2021,P004996   ,IST,0.0,0.0,0,0,0,0,233.2,600.0,3,,,,,,,0.0,,,,0.0
2021,P005056   ,MUN,21.383333333333333,5.0,5,4,0,3,378.12,1000.0,5,12.367870942750857,62.5,0.1402961808261886,12.021813580742254,83.33333333333333,0.17699115044247787,16.95,12.243382111874585,0.0,0.0,4.433333333333334
2021,P005059   ,MIL,55.58333333333333,15.64,18,13,6,23,696.96,1825.0,9,14.73591716538425,57.54475703324808,0.4137931034482759,15.398499277406488,56.352459016393446,0.5128205128205129,33.15,13.741740349348696,59.523809523809526,0.2674591381872214,22.433333333333334
2021,P005094   ,MUN,723.0333333333333,304.88,304,247,52,255,2346.76,6200.0,31,22.280432868553184,56.32132799762858,0.3526808353695081,23.204049677980638,56.930693069306926,0.38314533420341196,357.56666666666666,21.377660284031645,55.65068493150685,0.3228748631886173,365.46666666666664
2021,P005099   ,MAD,481.48333333333335,156.92,143,133,18,158,2141.92,5225.0,26,15.900474524753502,50.7380073800738,0.32815258402852293,15.651123436473188,57.422969187675065,0.41569488269995886,242.96666666666667,16.15481657811146,43.872266973532795,0.23897701069107677,238.51666666666668
2021,P005145   ,TEL,82.18333333333334,27.32,25,20,3,24,1784.12,4400.0,22,16.39666611852583,58.630393996247655,0.29203001419590346,15.04958495178456,75.08833922261483,0.4611837048424289,43.36666666666667,17.908942215886988,40.0,0.103048518677544,38.81666666666667
2021,P005146   ,PAN,475.05,125.76,115,101,29,125,2496.08,6400.0,32,13.575463782215252,50.5450070323488,0.2631301968213872,11.745685823818894,56.55674846625767,0.28416779431664413,246.33333333333334,15.532783180763152,45.45454545454545,0.24047219995627778,228.71666666666667
2021,P005160   ,MUN,627.4,222.4,226,166,60,303,2271.08,6000.0,30,18.73005625883442,58.731808731808734,0.48294548932100734,18.09310041345418,60.879811468970935,0.43382676242122237,341.15,19.495450148237882,56.31625441696113,0.5414847161572053,286.25
2021,P005161   ,PAN,668.5166666666667,307.2,275,248,55,253,1796.08,4600.0,23,23.53808478119248,50.51432770022043,0.378449801800005,24.07182788481404,54.0326831839747,0.42434750866946525,365.26666666666665,22.96173408709413,46.08103620059781,0.3231657048639736,303.25
2021,P005686   ,IST,39.166666666666664,12.0,8,7,0,6,644.52,1600.0,8,15.211716190574284,57.142857142857146,0.15319148936170213,15.825539255250122,25.0,-0.045351473922902494,22.05,14.468199620643805,100.0,0.4089581304771178,17.116666666666667
2021,P005718   ,UNK,28.583333333333332,7.0,3,6,0,1,245.76,625.0,3,12.456154336734695,25.0,0.03498542274052478,12.829212690838311,37.5,0.050761421319796954,19.7,11.605191388947992,0.0,0.0,8.883333333333333
2021,P005757   ,MAD,119.15,48.28,47,38,12,57,1311.4,3275.0,16,20.2385472666147,54.297597042513864,0.47838858581619803,22.684429967771187,54.01234567901235,0.5201238390092879,80.75,15.335683454334696,55.147058823529406,0.390625,38.4
2021,P005771   ,TEL,636.3166666666666,106.12,103,83,23,173,2559.08,6400.0,32,8.341613236493881,55.304982817869416,0.2718772099845465,8.183725684574389,45.95588235294118,0.2164804469273743,286.4,8.479220409120172,61.77325581395349,0.3172183853298405,349.91666666666663
2021,P005775   ,DYR,469.73333333333335,248.84,258,193,61,227,1791.8,4625.0,23,27.347712987892585,58.67903930131004,0.4832529094521714,29.678299404020102,55.814327015740446,0.4310880829015544,241.25,24.892495182759326,62.42131766680655,0.5383324823108906,228.48333333333335
2021,P005789   ,BAR,627.25,220.44,271,182,51,268,2424.56,6100.0,30,17.683842045627852,66.27861475249462,0.4272618573136708,17.944247727941526,75.74460801095515,0.5279575399227152,357.98333333333335,17.272243791372542,53.652968036529685,0.2933894528348601,269.26666666666665
2021,P005791   ,MAD,709.3666666666667,293.16,342,199,89,577,2464.48,6075.0,30,20.374404114267325,71.80047027208599,0.8134016258634462,21.25075346636033,72.14881780250349,0.8368940621776926,339.35,19.570295607116865,71.47498375568551,0.7918562226926715,370.01666666666665
2021,P005836   ,MAD,167.56666666666666,79.76,74,67,4,50,1169.04,2875.0,14,23.41186376159582,53.810354857475275,0.2983887010145216,30.23621681924489,52.59295499021526,0.2943800178412132,74.73333333333333,17.932149994918866,55.59540889526542,0.30161579892280066,92.83333333333334
2021,P005844   ,PAN,823.9333333333333,264.72,298,210,38,505,2340.96,6000.0,30,16.46955762290414,65.71983062808751,0.6129136661542196,17.310201967769483,61.18881118881119,0.6156213928434012,389.85,15.714259680262854,70.33475783475784,0.6104818583221348,434.0833333333333
2021,P005856   ,MCO,804.6666666666666,169.44,208,145,26,296,2460.2799999999997,6100.0,30,10.441796529204638,66.47916133981079,0.36785418392709196,11.47468998723807,66.02914389799635,0.3326403326403326,408.85,9.382811911970238,67.05539358600583,0.4042275464230073,395.81666666666666
2021,P005917   ,BAR,188.46666666666667,43.76,47,31,4,74,1240.4,3100.0,15,11.605736228269185,71.73382173382174,0.39264237707817473,10.888069757562562,67.11409395973155,0.33115905669844453,99.65,12.430032479783703,77.28494623655914,0.46162507036967537,88.81666666666666
2021,P005938   ,IST,287.3333333333333,66.96000000000001,73,55,9,106,1820.92,4624.766666666666,23,11.837456326734817,61.90637720488467,0.3689095127610209,10.799965801296889,75.03949447077409,0.31958295557570265,147.06666666666666,12.93006096033638,52.021403091557666,0.42062737642585557,140.26666666666665
2021,P005985   ,MCO,1008.6166666666667,576.3199999999999,534,436,128,582,2722.8,6725.0,33,28.22565918395839,54.233019174520635,0.5770279425615943,28.017260100056394,56.00286989795919,0.6339520842700237,518.9666666666667,28.440546617565634,52.39396951623592,0.5166955988971714,489.65
2021,P006135   ,CSK,1.6166666666666665,0.0,0,0,0,0,473.8,1200.0,6,0.0,,0.0,0.0,,0.0,1.6166666666666665,,,,0.0
2021,P006158   ,ZAL,233.61666666666667,79.88,71,72,2,32,2292.32,6025.0,30,17.974053771786522,48.71020856201976,0.13697652850110578,13.496450768070742,42.30769230769231,0.06837606837606838,117.0,22.454388847401443,52.26109215017065,0.2058024867800486,116.61666666666667
2021,P006251   ,BER,259.03333333333336,81.52,58,68,8,38,1942.52,4800.0,24,15.5530028237382,40.54809843400448,0.14669926650366746,16.317004753529663,48.993644067796616,0.1435225985144152,132.38333333333333,14.74634435595135,31.101895734597157,0.15001973943939992,126.64999999999999
2021,P006302   ,OLY,36.733333333333334,11.0,0,6,0,-10,1429.52,3650.0,18,15.292023954533391,0.0,-0.27223230490018147,12.998261335446717,0.0,-0.1501251042535446,19.983333333333334,17.912652395334995,0.0,-0.417910447761194,16.75
2021,P006336   ,PAN,668.3,247.72,245,184,63,254,2350.56,6000.0,30,18.923415047876425,57.85943699225392,0.3800688313631603,16.63964313375391,58.93808938089381,0.43526115669401644,333.1333333333333,21.192951939855583,56.93763139453399,0.32521133764296367,335.1666666666667
2021,P006360   ,UNK,24.316666666666666,12.879999999999999,5,7,2,-9,2022.36,5075.0,25,26.583942990972986,31.725888324873097,-0.3701165181631254,20.07603218478367,79.7872340425532,0.0,7.300000000000001,29.058224733793708,16.666666666666668,-0.5288932419196866,17.016666666666666
2021,P006399   ,ULK,150.55,53.44,64,35,26,82,1644.28,4200.0,21,18.133815858988573,68.90611541774332,0.5446695450016605,22.32924870297157,68.80733944954129,0.6811451135241856,67.53333333333333,14.74447425322092,69.0335305719921,0.4336478618751255,83.01666666666667
2021,P006435   ,BAR,632.0333333333333,263.52,276,200,33,292,2502.92,6300.0,31,20.98926229597615,64.3296662315868,0.4620009493170192,21.497338586305844,70.77140835102618,0.5141843971631206,338.4,20.35577192768095,57.154119038234136,0.401861732319219,293.6333333333333
2021,P006436   ,BAS,833.8833333333333,297.28,323,242,62,343,2300.96,5800.0,29,17.972534205582996,59.97474747474748,0.4113285231747047,19.591491520345226,55.56342015855039,0.35408245755860956,412.3333333333333,16.33911778446404,64.84375,0.46732297473609297,421.55
2021,P006450   ,BAR,298.76666666666665,132.24,119,95,46,109,1037.96,2650.0,13,22.60091131220082,51.631377993752174,0.364833203168582,23.697220937329064,51.63817663817664,0.3466121073534721,138.48333333333335,21.656851129473964,51.624915368991196,0.3805760632213788,160.28333333333333
2021,P006477   ,MUN,784.7833333333333,319.52,337,251,83,392,2346.76,6200.0,31,21.513015211273476,58.60461880912632,0.4995009238218617,20.50491791737212,57.05394190871369,0.4533940148555236,388.18333333333334,22.534465116847034,59.97640272679601,0.5446293494704992,396.6
2021,P006481   ,ASV,21.666666666666668,11.0,12,11,0,8,79.72,200.0,1,25.473773592188042,54.54545454545455,0.3692307692307692,,,,,25.473773592188042,54.54545454545455,0.3692307692307692,21.666666666666668
2021,P006505   ,RED,325.96666666666664,110.64,99,83,31,133,1437.12,3650.0,18,17.241252112569555,51.22102649006622,0.408017179670723,17.524389470068297,52.805280528052805,0.43213581411300694,194.38333333333333,16.70667698900104,48.55715871254162,0.3723875870804306,131.58333333333334
2021,P006546   ,MAD,288.8333333333333,73.52,72,56,8,48,1713.56,4250.0,21,12.626349193730329,60.48387096774193,0.1661858049624928,12.930093524296517,69.44444444444444,0.22345483359746432,210.33333333333334,11.83073721384877,39.41441441441441,0.012738853503184714,78.5
2021,P006555   ,RED,734.8,349.6,337,284,40,325,2442.8,6250.0,31,24.345818388974912,55.86870026525199,0.4422972237343495,22.674226285131464,51.647312989468,0.37217545414266723,376.1666666666667,26.209876475965206,59.94266353922335,0.515847197694953,358.6333333333333
2021,P006568   ,ASV,353.43333333333334,137.6,163,95,40,212,2267.28,5800.0,29,19.918826986348662,72.38010657193605,0.5998302367254551,19.04235060201038,66.3527397260274,0.48,156.25,20.582523728156737,76.65452337583486,0.6947848871608486,197.18333333333334
2021,P006589   ,BER,689.8833333333333,297.36,260,218,44,408,2321.28,5800.0,29,21.53958614572572,54.769127064374786,0.5914043437296161,22.07760005087119,55.55555555555556,0.6157951454816031,324.78333333333336,21.06082947417206,54.02750491159136,0.5697069296083265,365.1
2021,P006590   ,IST,745.55,301.64,318,262,31,295,2479.2799999999997,6274.766666666666,31,20.479255155274522,57.68393556813235,0.3956810408423312,19.913057415878612,53.003533568904594,0.29814363397712357,355.53333333333336,21.00189729385048,61.54049761778719,0.4845946754412205,390.01666666666665
2021,P006599   ,MCO,255.28333333333333,77.84,94,63,11,84,2461.48,6100.0,30,15.11276344598782,69.28066037735849,0.3290461578638115,15.114432214329785,79.97630331753555,0.395286963131889,131.55,15.098258256603845,58.68544600938967,0.25862068965517243,123.73333333333333
2021,P006614   ,IST,517.9666666666667,141.08,116,110,32,125,2412.88,6049.766666666666,30,13.658296481299338,46.74403610573823,0.24132827080249694,14.764669608989818,39.98041775456919,0.19912385503783353,251.1,12.610293857024564,53.34394904458599,0.28103922058456154,266.8666666666667
2021,P006625   ,BER,655.6833333333334,226.56,218,167,49,215,2491.32,6200.0,31,17.19813137273976,57.806533729316925,0.3279021885564678,16.509251709757535,63.06520704426463,0.3721798320250316,303.6166666666667,17.752384892317206,53.578262533486416,0.2897178564665783,352.06666666666666
2021,P006661   ,TEL,931.5166666666667,487.04,489,381,91,485,2559.08,6400.0,32,26.151710986957813,58.07049211476344,0.5206562773970764,25.547099058912373,52.691470413615676,0.4664701547531319,452.3333333333333,26.734767388683345,63.03672574456422,0.5718061980452854,479.18333333333334
2021,P006693   ,IST,1.4333333333333333,0.0,0,0,0,1,624.3199999999999,1600.0,8,0.0,,0.6976744186046512,,,,0.0,0.0,,0.6976744186046512,1.4333333333333333
2021,P006707   ,MIL,16.866666666666667,8.0,13,7,0,10,244.64,625.0,3,24.23501371378643,92.85714285714286,0.5928853754940712,23.27778850663503,,-0.44776119402985076,2.2333333333333334,24.208497413149136,92.85714285714286,0.7517084282460137,14.633333333333333
2021,P006710   ,CSK,28.166666666666668,10.2,6,5,5,7,1055.3600000000001,2600.0,13,17.84298176050753,41.666666666666664,0.2485207100591716,0.0,,0.0,3.7666666666666666,20.608701374721605,41.666666666666664,0.28688524590163933,24.400000000000002
2021,P006754   ,ULK,803.9499999999999,292.04,220,206,41,268,2179.64,5600.0,28,18.665797654179208,49.09837529012677,0.3333540643074818,19.539613776650846,50.71081830790569,0.321630247974466,407.3,17.790840326039746,47.38682370261317,0.34539266355729237,396.65
2021,P006768   ,BAR,335.26666666666665,61.84,54,48,11,70,2395.04,6075.0,30,9.357128879634205,51.097653292959876,0.20878902366275603,10.189212726332759,46.61602209944751,0.21813515825491872,155.86666666666667,8.631058886458474,56.53266331658292,0.20066889632107024,179.4
2021,P006819   ,BER,8.116666666666667,4.88,0,3,2,-1,867.76,2200.0,11,30.485629028285715,0.0,-0.12320328542094455,41.125560906955705,0.0,-0.39473684210526316,5.066666666666666,14.176719249407155,0.0,0.3278688524590164,3.05
2021,P006919   ,BER,426.45,126.88,128,100,27,172,1926.44,4800.0,24,14.82657357445027,57.2041473006793,0.40332981592214795,14.1417782881499,57.4300071787509,0.3751116403691575,223.93333333333334,15.548084861812585,56.980056980056986,0.43453213727265244,202.51666666666668
2021,P006961   ,ULK,72.38333333333333,27.88,17,25,2,4,1412.96,3600.0,18,19.627130923387465,32.84389489953632,0.05526134008749713,15.628174472939817,0.0,-0.42424242424242425,16.5,20.616681948016797,40.7088122605364,0.1968386519534745,55.88333333333333
2021,P006985   ,RED,64.7,14.76,11,8,4,14,859.52,2200.0,11,11.678276851405363,56.352459016393446,0.21638330757341576,11.146348907259723,61.47540983606557,0.3036053130929791,26.35,12.217787006548622,51.22950819672131,0.1564537157757497,38.349999999999994
2021,P007025   ,BER,356.9166666666667,67.64,63,56,6,46,2242.68,5600.0,28,9.464277881636734,53.717598908594816,0.12888162502918515,10.022767462524628,54.94505494505495,0.12854847348687734,186.7,8.913615376540738,52.16383307573416,0.12924703808871046,170.21666666666667
2021,P007032   ,BER,797.5666666666667,420.68,440,309,97,490,2641.56,6600.0,33,26.357142339233047,62.55686988171065,0.6143687048104651,25.281664667602527,61.770761839396016,0.5711327067070257,418.4666666666667,27.526105779869066,63.33408731056322,0.6620944341862305,379.1
2021,P007056   ,ULK,705.2,252.48,264,192,42,317,2244.88,5800.0,29,18.500332605352533,62.71379703534778,0.44951786727169596,18.704819075301252,60.975609756097555,0.3895160118211327,344.01666666666665,18.319896802096878,64.28830134009416,0.5066678971897928,361.18333333333334
2021,P007057   ,MUN,0.0,0.0,0,0,0,0,365.4,1000.0,5,,,,,,,0.0,,,,0.0
2021,P007109   ,BAR,483.2,152.36,136,120,19,141,2579.32,6500.0,32,15.892132050205133,52.976004985976935,0.29180463576158944,16.955777103924905,54.13659078289839,0.3586781300376142,248.13333333333333,14.713996510683598,51.49147727272727,0.2212138400453772,235.06666666666666
2021,P007186   ,DYR,39.88333333333333,16.88,15,12,2,7,950.52,2425.0,12,21.595410972530505,58.22981366459627,0.17551190973673214,21.39482109828888,50.0,0.12684989429175478,23.65,21.80506697874256,68.02721088435375,0.2464065708418891,16.233333333333334
2021,P007200   ,IST,1026.2833333333333,462.84,483,334,111,623,2630.48,6674.766666666666,33,22.887306668637805,63.081182739525644,0.607044838170096,22.27755525655634,63.88318503308236,0.6110272939240159,486.06666666666666,23.444265049262462,62.40362374710871,0.6034615740597908,540.2166666666667
2021,P007201   ,CSK,425.2166666666667,153.8,169,121,20,205,1654.04,4025.0,20,17.60337453221023,65.10015408320493,0.48210716105514834,15.673539692816064,59.47885196374622,0.38098506950403294,194.23333333333335,19.24173542018321,68.974492451848,0.5671404863265748,230.98333333333335
2021,P007230   ,BAS,486.45,123.03999999999999,129,103,16,222,2301.6,5800.0,29,12.747829759653094,58.615049073064334,0.45636756090040087,11.566934667655818,64.76151315789474,0.47625737566732224,237.26666666666668,13.87889013978511,53.74592833876222,0.43742893451943016,249.18333333333334
2021,P007265   ,BAS,220.48333333333335,48.84,21,33,11,-3,2381.96,6000.0,30,11.15954971034125,27.74841437632135,-0.013606470632700884,10.667086332300004,28.868360277136258,0.0,114.35,11.69102038090052,26.803118908382068,-0.028266331658291455,106.13333333333334
2021,P007338   ,UNK,270.1333333333333,62.44,66,55,1,24,2022.36,5075.0,25,11.60091626748197,59.523809523809526,0.08884501480750247,9.74948770213732,55.46075085324232,0.09790385339525542,132.78333333333333,13.320380484996054,62.5,0.08008736803785949,137.35
2021,P007339   ,UNK,0.0,0.0,0,0,0,0,255.04,625.0,3,,,,,,,0.0,,,,0.0
2021,P007400   ,TEL,821.9,375.24,409,283,96,454,2319.4,5800.0,29,22.833499813351924,62.876644939121874,0.5523786348704222,23.470995228968516,57.87836903939185,0.5013615846607229,446.78333333333336,22.07056660209483,68.60158311345647,0.6131425778646643,375.1166666666667
2021,P007432   ,PAN,518.35,152.52,175,116,33,225,2496.08,6400.0,32,15.088816010876522,67.03953417100827,0.43406964406289184,15.915771498815731,72.00118764845605,0.4632279534109817,250.41666666666666,14.318511666026112,61.7479417352755,0.40681761632246827,267.93333333333334
2021,P007519   ,BAR,534.0666666666667,234.4,233,160,35,245,2416.68,6100.0,30,22.156584698522277,66.41961231470924,0.45874422668830356,20.038947286145067,60.87470449172577,0.39353646174944845,279.51666666666665,24.525342317884583,71.58590308370044,0.5303476723629935,254.55
2021,P007831   ,MIL,589.2666666666667,267.88,266,216,52,297,1548.4,4000.0,20,23.48741599231629,55.67649028801072,0.5040162914356828,23.528959513587267,56.56303972366149,0.5256226739192671,291.0833333333333,23.444135145285955,54.84237894052649,0.4829243753842714,298.18333333333334
2021,P007853   ,OLY,494.6,190.36,195,140,69,217,2371.04,6075.0,30,19.722364516738946,57.23174454097205,0.4387383744439951,24.255834954323504,58.08181096108022,0.4246166655103032,240.21666666666667,15.504403852048753,56.00229753015508,0.4520736421411256,254.38333333333333
2021,P007866   ,MIL,227.2,104.84,99,87,11,119,1023.32,2625.0,13,23.673721077982574,53.89808362369338,0.5237676056338029,24.25652233867005,56.277056277056275,0.5044991886708954,112.98333333333333,23.08321091258349,51.48992112182296,0.5428279585582956,114.21666666666667
2021,P007869   ,PAN,727.5833333333334,255.64,223,192,56,263,2416.68,6200.0,31,18.02804377404322,51.4678729689808,0.3614706219218875,16.75562844183818,42.63226934849147,0.2439485627836611,352.53333333333336,19.21145833653197,57.925854905720676,0.4719370750566591,375.05
2021,P007870   ,BAR,558.8333333333334,307.88,292,222,77,297,2339.52,5900.0,29,27.787816348052033,57.05799593559481,0.5314643602743812,28.23047328699464,48.67601246105919,0.390295358649789,284.40000000000003,27.336044026643513,65.50047066206463,0.6777602332078222,274.43333333333334
2021,P007942   ,TEL,538.7833333333333,310.0,288,233,50,269,2559.08,6400.0,32,28.77886407346934,56.470588235294116,0.49927305348470324,26.105093395521198,60.90487238979118,0.5184045449165582,281.6333333333333,31.72193782843651,52.48659916617034,0.4783200466653704,257.15
2021,P007960   ,RED,520.0,132.6,141,106,40,205,2353.7599999999998,6025.0,30,13.054644483719667,57.038834951456316,0.3942307692307692,13.65112750687198,61.92959582790091,0.4818780889621087,242.8,12.54959591210554,52.217223650385606,0.3174603174603175,277.2
2021,P007982   ,MAD,412.33333333333337,175.56,141,139,24,132,2046.8,5025.0,25,20.905847627915822,47.13827226531158,0.3201293451899757,20.038457168949822,42.20257234726688,0.26812543339240313,216.31666666666666,21.85351650255887,52.055525894287236,0.37751891845931473,196.01666666666665
2021,P007990   ,TEL,343.8,118.92,103,96,18,77,2482.12,6200.0,31,17.28016716217564,49.55735180908391,0.2239674229203025,15.18037455320084,61.35607321131448,0.340542127409727,170.31666666666666,19.362119104370915,39.39828080229226,0.10952060716687481,173.48333333333335
2021,P008004   ,MIL,265.0833333333333,79.76,54,45,29,40,2403.04,6225.0,31,15.588742156822468,46.74515235457064,0.15089594467148695,16.577428794477676,43.038922155688624,0.17550857598723574,125.35,14.7111593917134,49.93556701030928,0.12881679389312975,139.73333333333335
2021,P008084   ,PAN,168.06666666666666,36.32,34,27,3,7,1871.6399999999999,4800.0,24,11.08442497142106,60.02824858757062,0.04165013883379611,11.774385270896964,71.09004739336493,0.08409250175192713,95.13333333333333,10.174589409204433,43.70629370629371,-0.013711151736745886,72.93333333333334
2021,P008099   ,ASV,458.2833333333333,155.12,101,105,23,68,2509.48,6400.0,32,17.264736867407837,43.86726893676164,0.14837982325344584,18.828434062779483,32.411408815903194,0.049099836333878884,183.3,16.2017392591995,51.56885531667635,0.214558458088369,274.98333333333335
2021,P008163   ,MCO,13.55,5.0,3,4,0,-4,986.04,2475.0,12,18.52428162835845,37.5,-0.2952029520295203,0.0,,0.0,0.23333333333333334,18.79033979172225,37.5,-0.30037546933667086,13.316666666666666
2021,P008186   ,ZAL,320.8833333333333,158.8,153,108,45,143,2382.24,6250.0,31,25.967362345690944,59.859154929577464,0.44564483457123566,24.855819287843094,63.25730577334284,0.4198171763909265,147.68333333333334,26.933679004486525,57.19866071428571,0.4676674364896074,173.2
2021,P008211   ,BER,426.73333333333335,99.72,88,81,13,58,2492.92,6200.0,31,11.623556875734163,50.7380073800738,0.13591626308389312,14.144543461412288,56.81818181818182,0.19181319063173258,239.81666666666666,8.530206070546146,37.82420749279539,0.06419973250111458,186.91666666666666
2021,P008253   ,MUN,78.55,6.88,13,6,2,5,2116.28,5600.0,28,4.635399225743472,94.47674418604652,0.06365372374283895,2.7649187113898854,75.0,0.026385224274406333,37.9,6.41802729174044,102.45901639344262,0.0984009840098401,40.65
2021,P008262   ,MUN,0.0,0.0,0,0,0,0,143.2,400.0,2,,,,,,,0.0,,,,0.0
2021,P008811   ,OLY,672.3166666666667,217.56,260,153,74,408,2380.0,6075.0,30,16.51978890666309,70.05820219874973,0.6068568878752572,16.476673207602122,70.69913589945011,0.6879835928032069,357.56666666666666,16.578585417612253,69.2785475394171,0.5146942017474185,314.75
2021,P008823   ,MUN,52.31666666666666,19.32,12,11,3,3,1747.04,4600.0,23,19.446974085084996,48.7012987012987,0.05734310289901243,21.324327279521054,36.05769230769231,0.11889035667107001,25.233333333333334,17.692195999151128,75.0,0.0,27.083333333333336
2021,P008829   ,BAS,286.1,101.84,117,88,11,124,1110.32,2800.0,14,17.953139153777244,63.01163291684618,0.4334148898986368,17.640087672292026,59.00349650349651,0.4392059553349876,134.33333333333334,18.217847294251673,66.90739167374682,0.4282890401932792,151.76666666666665
2021,P008847   ,DYR,558.25,228.6,230,175,40,222,1716.52,4425.0,22,21.11260862527459,59.70924195223261,0.39767129422301833,20.003038016068913,63.36655112651647,0.45715625366311097,284.3666666666667,22.26457531561772,56.34224172317511,0.3359094504959533,273.8833333333333
2021,P008850   ,BAS,62.05,14.0,17,12,0,18,954.6,2400.0,12,11.345040672477285,70.83333333333333,0.290088638195004,9.426590594080572,20.0,-0.02677376171352075,37.35,14.246019255190978,107.14285714285714,0.7692307692307693,24.7
2021,P008855   ,OLY,643.4,214.52,163,159,33,201,2363.08,6050.0,30,17.07236461822408,46.968649147072384,0.3124028598072739,16.6964166630587,50.04304778303917,0.3359209597741708,354.25,17.53348790566561,43.42431761786601,0.28358983226698947,289.15
2021,P008923   ,MCO,178.2,35.6,28,26,15,41,1818.16,4500.0,22,9.889007556979571,42.94478527607362,0.23007856341189675,11.113980344014614,55.30973451327434,0.2692157627779945,85.43333333333334,8.759633242800396,27.548209366391184,0.19403521379805966,92.76666666666667
2021,P008961   ,ZAL,263.81666666666666,125.12,85,92,23,41,1680.88,4450.0,22,25.11179769169222,41.61770466118292,0.15541095457704213,24.674055152815495,46.62698412698413,0.20405684440665614,137.21666666666667,25.619403508389972,36.736272235112146,0.10268562401263823,126.60000000000001
2021,P008962   ,BAR,585.5333333333333,169.8,145,127,45,140,2395.04,6075.0,30,14.71124977121681,49.386920980926426,0.23909825799840603,15.365399056410753,33.59846407021393,0.13108386940162642,274.6333333333333,14.147854151020034,64.97022198159178,0.3345127050498553,310.9
2021,P008989   ,MUN,467.9166666666667,258.08,262,201,57,226,1430.56,3800.0,19,29.301735937270777,57.944090587402684,0.4829919857524488,28.822931793643477,55.73534699748292,0.4982056153683766,236.85,29.84143702018872,60.083594566353185,0.46739757645701097,231.06666666666666
2021,P008995   ,CSK,218.4,51.76,50,44,4,39,1824.88,4425.0,22,11.49345481575546,54.63286713286713,0.17857142857142858,13.167057054668687,52.083333333333336,0.18313620755436855,87.36666666666667,10.374957351524507,57.444852941176464,0.17552785550750447,131.03333333333333
2021,P009005   ,MAD,231.91666666666669,80.8,93,59,20,108,758.84,1875.0,9,17.217117876059973,68.58407079646018,0.4656845131153431,14.916653306624662,60.579196217494086,0.352760736196319,130.4,20.25258272571523,76.56065959952886,0.6107371531768183,101.51666666666667
2021,P009006   ,TEL,795.45,312.08,312,237,82,312,2559.08,6400.0,32,19.62362147650662,57.126116888823795,0.3922308127475014,20.059215296886656,55.53973227000854,0.3522262185290835,403.15,19.169182656584635,58.805790108564544,0.4333418302319653,392.3
2021,P009035   ,CSK,362.3,128.79999999999998,135,108,20,177,1899.3600000000001,4625.0,23,17.313384501200023,57.79109589041096,0.4885454043610268,18.445206258208767,57.56578947368421,0.4706115965051628,167.86666666666667,16.339982000964927,57.98969072164949,0.5040288016458083,194.43333333333334
2021,P009051   ,BAS,284.9,97.68,92,69,22,127,1357.76,3400.0,17,17.171139018888258,58.46466700559227,0.44577044577044583,17.69873391015566,54.200542005420054,0.4901117798796217,155.06666666666666,16.518590231825176,63.95348837209303,0.39281129653401803,129.83333333333331
2021,P009056   ,BAR,9.883333333333333,5.0,0,4,0,-1,151.44,400.0,2,26.72489129650465,0.0,-0.10118043844856661,,,,,26.72489129650465,0.0,-0.10118043844856661,9.883333333333333
2021,P009088   ,ASV,22.833333333333332,5.4399999999999995,2,3,1,1,865.56,2200.0,11,12.111141582361936,29.069767441860467,0.043795620437956206,10.956837182739102,29.069767441860467,0.04878048780487805,20.5,21.97238803237265,,0.0,2.3333333333333335
2021,P009132   ,BAR,95.11666666666666,31.88,23,25,2,15,1476.6399999999999,3700.0,18,16.79649951130535,44.435857805255026,0.15770106886280008,17.24378142915088,33.333333333333336,0.06603081438004402,45.43333333333334,16.33452406326277,54.034582132564836,0.24152968802415298,49.68333333333333
2021,P009212   ,MAD,59.21666666666667,20.759999999999998,19,17,4,14,978.44,2400.0,12,17.19849444596856,50.63965884861407,0.2364199268224036,18.210659898477157,47.23837209302326,0.225,40.0,15.190666921757344,60.0,0.2601908065915004,19.21666666666667
2021,P009213   ,MAD,14.516666666666666,2.0,4,2,0,6,399.44,1000.0,5,6.898291362212494,100.0,0.4133180252583238,10.44195577831728,100.0,0.6371681415929202,9.416666666666668,0.0,,0.0,5.1
2021,P009461   ,OLY,0.0,0.0,0,0,0,0,152.88,400.0,2,,,,,,,0.0,,,,
2021,P009537   ,RED,0.11666666666666667,0.0,0,0,0,0,233.88,600.0,3,0.0,,0.0,,,,0.0,0.0,,0.0,0.11666666666666667
2021,P009540   ,OLY,395.5333333333333,130.24,150,92,46,179,2303.88,5875.0,29,16.793426205454633,66.82109764789736,0.4525535142423732,16.32386216204662,66.75201170446233,0.4159011190913646,199.56666666666666,17.26545004442434,66.88672689367615,0.4898792311617622,195.96666666666667
2021,P009553   ,ASV,227.35,115.6,84,92,15,71,1097.2,2800.0,14,25.951657661331346,42.59634888438134,0.31229382010116563,23.720094039551928,45.955882352941174,0.374025974025974,128.33333333333334,28.75701273386034,39.28283642224013,0.23228412725130448,99.01666666666667
2021,P009601   ,ZAL,775.2333333333333,284.2,290,241,30,301,2294.84,6050.0,30,19.329676890632243,57.04169944925256,0.3882701982198908,19.238255428961143,52.226288502592254,0.353937555302743,395.55,19.425248965299478,62.174902470741216,0.4240375751722927,379.68333333333334
2021,P009622   ,UNK,704.7,353.64,330,260,56,416,1945.96,4875.0,24,25.14362073441503,57.967959527824625,0.5903221228891726,24.4850053068276,63.99782135076253,0.6362615142664569,370.9166666666667,25.889338777259805,51.538908246225326,0.5392719828231887,333.78333333333336
2021,P009733   ,UNK,588.8833333333333,170.8,182,122,45,293,1942.4,4875.0,24,14.558765459118982,64.17489421720732,0.49755186369682736,15.121640744328873,65.32217148655505,0.47987851176917234,329.25,13.880894125586957,62.73824650571792,0.519964051868019,259.6333333333333
2021,P009754   ,DYR,626.3333333333334,322.68,304,241,72,332,1791.8,4625.0,23,26.596146919907916,55.74299545254511,0.5300691857370942,27.93890539671835,52.083333333333336,0.4995549039116092,318.2833333333333,25.210867999668345,59.780931811169395,0.5615971433208894,308.05
2021,P009818   ,MIL,267.65,106.92,101,82,18,78,1552.0,4025.0,20,20.72029173351103,56.16103202846975,0.29142536895198956,17.98530101455948,69.79695431472082,0.39701636188642925,138.53333333333333,23.59394222890582,45.526524148851934,0.17813347102104038,129.11666666666667
2021,P009846   ,IST,530.45,173.36,154,139,19,146,2397.92,6075.0,30,16.559454741694854,52.2529858849077,0.27523800546705623,16.26958093380097,50.02470355731226,0.29866858582223826,277.9,16.868870063703547,54.96987951807228,0.24945555335577116,252.54999999999998
2021,P009847   ,OLY,10.116666666666667,4.0,3,3,0,-1,1425.04,3650.0,18,20.25435211922951,50.0,-0.09884678747940691,28.566367498100142,50.0,0.0,7.116666666666667,0.0,,-0.3333333333333333,3.0
2021,P009849   ,OLY,745.4,400.04,416,303,91,345,2453.88,6275.0,31,27.447603728982667,60.634328358208954,0.4628387442983633,27.014938187423468,57.189542483660134,0.3865336658354115,401.0,27.96029547250534,64.32713215752597,0.5516840882694541,344.4
2021,P009863   ,BAS,841.5166666666667,463.24,424,339,96,465,2461.12,6200.0,31,27.735259051395495,55.60801594795929,0.5525737260105762,27.509303652202505,55.36389939906521,0.509081922649203,404.65,27.947099287681358,55.825724493846764,0.592858232870441,436.8666666666667
2021,P009866   ,MUN,559.75,225.6,246,160,65,253,1897.36,5000.0,25,21.24199256443635,65.21739130434783,0.4519874944171505,20.646825024601227,65.84081154896606,0.47394903424768703,308.05,21.96007140821068,64.47490706319702,0.4251092570520461,251.7
2021,P009877   ,TEL,83.25,18.64,17,13,6,22,1687.28,4200.0,21,11.146891996543507,54.34782608695652,0.26426426426426425,10.635739341983095,82.48730964467005,0.38740920096852305,41.3,11.650902244958264,25.77319587628866,0.1430274135876043,41.95
2021,P009903   ,MIL,21.566666666666666,2.0,4,2,0,7,1369.32,3600.0,18,4.876121457142212,100.0,0.32457496136012365,0.0,,-0.1171875,8.533333333333333,8.012730150835194,100.0,0.6138107416879796,13.033333333333333
2021,P009917   ,RED,578.4833333333333,241.96,227,200,34,151,2281.12,5825.0,29,21.36143961962583,52.80052102716785,0.26102739923362817,21.3028984003862,50.805886475122634,0.21680216802168023,295.2,21.44108996237995,55.05952380952381,0.30711301994469614,283.2833333333333
2021,P009960   ,DYR,463.93333333333334,155.68,178,113,47,226,1791.8,4625.0,23,17.32325291306065,66.5769000598444,0.487138956746659,14.54334637520168,70.82413539367182,0.44519821920712316,235.85,20.189421158607242,63.666162380231974,0.5305078553160394,228.08333333333334
2021,P010035   ,BAR,3.1333333333333333,2.0,3,2,0,4,75.8,200.0,1,33.68326503115702,75.0,1.2765957446808511,,,,,33.68326503115702,75.0,1.2765957446808511,3.1333333333333333
2021,P010062   ,BAR,2.6333333333333333,0.0,0,0,0,1,443.32,1050.0,5,0.0,,0.379746835443038,0.0,,0.379746835443038,2.6333333333333333,,,,0.0
2021,P010100   ,MAD,22.883333333333333,6.76,10,5,4,7,74.72,200.0,1,15.814320537874048,73.96449704142012,0.3058994901675164,15.814320537874048,73.96449704142012,0.3058994901675164,22.883333333333333,,,,
2021,P010106   ,MAD,42.13333333333333,21.0,12,15,0,1,1401.92,3400.0,17,24.175705506227985,40.0,0.023734177215189875,27.558843285981492,56.25,0.20463847203274216,24.433333333333334,19.297366350575807,21.428571428571427,-0.22598870056497175,17.7
2021,P010107   ,MAD,16.066666666666666,3.0,2,3,0,-2,252.04000000000002,600.0,3,8.8901122854108,33.333333333333336,-0.12448132780082988,8.8901122854108,33.333333333333336,-0.12448132780082988,16.066666666666666,,,,
2021,P010182   ,ZAL,0.0,0.0,0,0,0,0,295.8,800.0,4,,,,,,,0.0,,,,0.0
2021,P010185   ,ZAL,2.033333333333333,0.0,0,0,0,1,150.48000000000002,400.0,2,0.0,,0.49180327868852464,0.0,,0.49180327868852464,2.033333333333333,,,,0.0
2021,P010190   ,ZAL,0.0,0.0,0,0,0,0,79.64,200.0,1,,,,,,,,,,,0.0
2021,P010319   ,MCO,0.11666666666666667,0.0,0,0,0,0,238.2,600.0,3,0.0,,0.0,,,,,0.0,,0.0,0.11666666666666667
2021,P010356   ,OLY,0.0,0.0,0,0,0,0,150.0,400.0,2,,,,,,,0.0,,,,0.0
2021,P010357   ,MAD,846.4,344.96000000000004,359,273,59,415,2562.88,6275.0,31,19.957610306552578,60.041477120685045,0.4903119092627599,20.765677749943624,61.38392857142858,0.5261669024045261,412.4166666666667,19.185799526793833,58.64702673213312,0.4562387188448097,433.98333333333335
2021,P010385   ,BER,415.3666666666667,182.0,162,156,25,180,1917.56,4800.0,24,21.936231358700155,48.50299401197605,0.4333520584222775,20.607487708074167,52.05516495402921,0.473313192346425,198.6,23.146809503929983,45.67927773000859,0.3967399661694603,216.76666666666665
2021,P010391   ,MUN,633.8666666666667,158.24,131,119,21,195,1820.48,4800.0,24,13.164479155982516,51.07610729881472,0.30763567522086666,14.459714516520537,52.236609770453214,0.32123353678123995,311.3,11.900037707599653,49.767750497677504,0.2945127622196962,322.56666666666666
2021,P010392   ,OLY,370.45,169.56,138,125,24,83,2309.24,5875.0,29,23.289630792118952,50.89997049277073,0.2240518288567958,23.813385972205158,38.35153406136245,0.15370630526402776,201.68333333333334,22.68344581162444,67.36016371077763,0.3081177167687142,168.76666666666668
2021,P010394   ,ASV,375.8833333333333,148.04,140,125,16,147,1321.24,3400.0,17,20.269974684667414,53.014238109663744,0.3910787921784242,18.38419560474545,46.6284074605452,0.2744948532215021,174.86666666666667,21.871607236122426,57.68222338751966,0.4924964762457507,201.01666666666668
2021,P010413   ,PAN,316.1166666666667,121.72,91,99,13,49,1505.0,3800.0,19,19.44426996565288,43.44919786096257,0.1550060631623346,22.255056005060997,33.88845855925639,-0.007244626901714562,138.03333333333333,17.29857296061398,52.75056518462698,0.28076743097800655,178.08333333333334
2021,P010428   ,MCO,106.55,31.52,15,23,8,15,1930.24,4700.0,23,14.406195270772368,28.28054298642534,0.14077897700610043,14.520005932905649,31.05590062111801,0.21956087824351297,50.1,14.29351988621086,25.65982404692082,0.070859167404783,56.449999999999996
2021,P010444   ,BAS,590.8833333333333,236.12,247,186,48,315,2462.32,6200.0,31,20.123718185698927,59.62726921591348,0.533100160776239,19.028182384159887,50.98822539949537,0.41828040278853595,279.7166666666667,21.11946106384513,66.96428571428571,0.6363149437600428,311.1666666666667
2021,P010467   ,PAN,107.03333333333333,30.08,25,21,7,23,949.6,2400.0,12,14.205591195178117,51.910299003322265,0.21488632824665213,13.89385672373761,58.82352941176471,0.3395311236863379,41.233333333333334,14.334559093359383,46.829971181556196,0.13677811550151972,65.80000000000001
2021,P010467   ,ULK,179.9,46.92,48,30,18,62,1157.2,3000.0,15,13.522894675710877,63.291139240506325,0.34463590883824347,13.788490669972708,54.24063116370808,0.28736581337737405,100.91666666666667,13.235270071008122,73.69614512471655,0.4178096644861785,78.98333333333333
2021,P010516   ,IST,68.45,14.76,7,9,4,-3,1669.6399999999999,4275.0,21,11.042214495038442,32.5278810408922,-0.04382761139517896,15.533699684355222,41.666666666666664,0.0,25.866666666666667,8.227996745668214,21.008403361344538,-0.07045009784735812,42.583333333333336
2021,P010549   ,MCO,82.58333333333334,40.400000000000006,30,32,10,14,1268.12,3075.0,15,23.72486339137848,41.20879120879121,0.1695257315842583,20.083588636391262,56.36604774535809,0.26148969889064977,42.06666666666666,27.314595003816397,30.48780487804878,0.07404360345536816,40.516666666666666
2021,P010560   ,ULK,777.6,241.04,232,189,41,320,2264.88,5800.0,29,15.876167023738244,56.02782071097373,0.411522633744856,15.750107272365236,49.83233979135618,0.3675675675675676,416.25,16.03376309924276,62.70064205457464,0.46215580462155803,361.35
2021,P010568   ,ASV,853.3666666666667,405.32,406,311,78,456,2431.4,6200.0,31,24.22298341873052,58.78605351557975,0.5343541267919222,22.88252304291622,59.85322425409047,0.5655151188735862,433.23333333333335,25.602846864018453,57.79539870448961,0.502221516978737,420.1333333333333
2021,P010581   ,ASV,503.23333333333335,186.28,156,146,37,160,2194.88,5600.0,28,18.888787048979076,48.06507271382795,0.3179439623766311,17.93736531757659,51.04645227156713,0.3584034754276405,245.53333333333333,19.795327565718726,45.28122020972354,0.27939464493597205,257.7
2021,P010588   ,UNK,769.7666666666667,277.6,257,223,65,313,2022.36,5075.0,25,18.09955662651244,51.0731319554849,0.4066167236825012,17.694120829201196,47.07278481012658,0.33452710402083674,409.5333333333333,18.55822196573099,55.111821086261976,0.4885722217081521,360.23333333333335
2021,P010612   ,UNK,574.2833333333333,286.56,283,227,49,165,1943.08,4875.0,24,25.038210717583116,56.92790473125201,0.28731462402414604,25.576564223384757,57.23572639909553,0.30307716097108395,323.35,24.398817465949566,56.520926756352765,0.26700318809776835,250.93333333333334
2021,P010623   ,MAD,97.0,42.4,24,31,10,22,1159.1200000000001,2850.0,14,21.495154873978336,33.898305084745765,0.2268041237113402,25.191359760202786,27.04326923076923,0.11746280344557555,42.56666666666667,18.607985581414823,39.97867803837953,0.3123086344151868,54.43333333333333
2021,P010628   ,DYR,21.783333333333335,7.44,3,6,1,0,532.4,1400.0,7,17.96257452071347,23.291925465838506,0.0,18.60120606198224,33.78378378378378,0.079155672823219,12.633333333333333,16.974830569972376,0.0,-0.1092896174863388,9.15
2021,P010641   ,BAR,76.51666666666667,24.759999999999998,24,16,4,32,1115.76,2825.0,14,16.385973866870092,67.56756756756756,0.4182095404051405,17.02913834950006,75.0,0.3468208092485549,23.066666666666666,16.401020324641504,65.40697674418605,0.4490177736202058,53.45
2021,P010683   ,BAS,260.8,118.4,70,82,10,8,1187.64,3000.0,15,22.935623424338164,40.50925925925926,0.03067484662576687,24.33399460037735,36.61916072842438,-0.0070052539404553416,142.75,21.108817541555855,45.986622073578594,0.07623888182973317,118.05
2021,P010718   ,ASV,28.233333333333334,5.0,3,2,0,-2,632.6,1600.0,8,8.958362650197213,75.0,-0.07083825265643447,0.0,,-0.48780487804878053,2.05,9.511202651152628,75.0,-0.03819223424570337,26.183333333333334
2021,P010781   ,CSK,506.8333333333333,237.2,218,186,30,193,1978.16,4825.0,24,22.83049945191029,54.71887550200803,0.3807957908582703,21.477804471166273,56.401851137678364,0.41058887088060514,277.65,24.462184449438674,52.890657729367405,0.3447022034761108,229.18333333333334
2021,P010791   ,BER,260.01666666666665,107.72,125,71,38,182,1910.92,4800.0,24,20.81248248967207,71.24943000455997,0.699955131081341,19.62764170446366,70.2576112412178,0.6471359860078706,114.35,21.70839168004372,71.88200149365197,0.7414187643020596,145.66666666666666
2021,P010798   ,PAN,14.966666666666665,5.0,2,3,0,-2,926.68,2400.0,12,17.304392825867918,33.333333333333336,-0.133630289532294,16.839278627755956,,-0.32085561497326204,6.233333333333333,17.62888674979293,33.333333333333336,0.0,8.733333333333333
2021,P010857   ,MAD,1.9,0.0,0,0,0,-1,74.72,200.0,1,0.0,,-0.5263157894736842,0.0,,-0.5263157894736842,1.9,,,,
2021,P010985   ,RED,2.283333333333333,1.0,0,1,0,-1,155.64,400.0,2,22.51124155124966,0.0,-0.43795620437956206,,,,0.0,24.70142156681117,0.0,-0.43795620437956206,2.283333333333333
2021,P010988   ,RED,0.0,0.0,0,0,0,0,73.36,200.0,1,,,,,,,0.0,,,,
2021,P011192   ,BER,694.4,340.2,274,276,30,219,2637.56,6600.0,33,24.51862889894815,47.37206085753804,0.31538018433179726,23.818642162549967,47.957493789677066,0.3451475227314901,359.26666666666665,25.253335825214666,46.78403105073468,0.2834692659637955,335.1333333333333
2021,P011193   ,BER,450.6166666666667,185.92,150,126,18,189,2497.88,6200.0,31,20.481840250493583,56.00358422939069,0.419425232089359,20.706874918001212,61.64383561643836,0.4419978952481179,205.88333333333333,20.26534031691094,51.641949152542374,0.4004358485426315,244.73333333333332
2021,P011194   ,IST,204.8,101.32,115,77,28,114,2713.0,6874.766666666666,34,25.072832148835847,64.37527989252128,0.556640625,27.898723577174017,73.14974182444061,0.8172043010752689,93.0,22.71849127274762,54.855275443510735,0.3398926654740608,111.80000000000001
2021,P011196   ,MCO,544.85,183.24,245,141,46,371,2460.4,6075.0,30,16.6078681170715,75.97370379558421,0.6809213545012388,16.570660763938516,74.82896237172179,0.5880392026135076,249.98333333333332,16.618398955077687,76.85551163812033,0.759665385484965,294.8666666666667
2021,P011199   ,ZAL,633.6666666666666,218.84,245,158,61,357,2166.48,5650.0,28,18.013147418461198,66.27353386712832,0.563387690689111,18.844600665400172,66.87898089171975,0.5600517966979606,308.9,17.207778100731403,65.64430714916152,0.5665606076157241,324.76666666666665
2021,P011200   ,ZAL,96.05,55.839999999999996,37,40,11,28,381.8,1000.0,5,30.453843529744447,41.25780553077609,0.29151483602290473,26.18980992528803,38.07106598984772,0.17957351290684626,44.55,34.1400295519622,42.98486932599725,0.3883495145631068,51.5
2021,P011201   ,ULK,310.5833333333333,126.32,119,92,28,86,2083.0,5400.0,27,21.087663159456735,57.03604294478528,0.27689830963241213,20.297474639878143,55.73830409356725,0.23399600494625702,175.21666666666667,22.14139320865709,58.46774193548387,0.3324304358532381,135.36666666666667
2021,P011202   ,ULK,217.28333333333333,82.2,69,66,5,40,1467.84,3800.0,19,19.5875571328833,50.58651026392962,0.18409143207793205,18.792551131986784,32.281205164992826,0.0,99.83333333333334,20.148443067068687,63.24404761904762,0.34057045551298426,117.45
2021,P011204   ,MIL,273.35,92.92,62,69,18,26,2269.48,5825.0,29,17.449769252440685,40.301612064482576,0.09511615145417962,14.49563613466447,37.12871287128713,0.10208166533226581,166.53333333333333,22.039312656663316,43.81161007667031,0.08425651427679826,106.81666666666666
2021,P011205   ,MIL,856.5833333333334,322.44,319,267,51,277,2480.4,6425.0,32,19.501171311695423,55.106412382531786,0.3233777604825372,21.21363681644505,55.10364733665705,0.3200376514884104,424.95,17.841408389875216,55.10948905109489,0.32666615182639586,431.6333333333333
2021,P011206   ,MIL,260.55,136.28,130,123,12,40,2003.36,5225.0,26,27.283390539855432,50.670408481446835,0.1535213970447131,29.961237869589734,49.41321803582458,0.12629806342969407,118.76666666666667,25.03903306950358,51.952141057934504,0.17632537909956505,141.78333333333333
2021,P011212   ,ASV,744.0,429.0,392,312,75,364,2110.84,5400.0,27,29.502090896698512,56.81159420289855,0.489247311827957,30.722085627604617,61.742254153569824,0.5416168857029072,376.65,28.251263961674994,51.54639175257732,0.43555192595617254,367.35
2021,P011217   ,TEL,266.21666666666664,67.64,52,58,6,26,1600.16,4000.0,20,12.702667628435304,42.87598944591029,0.09766480936580481,14.263529753342757,43.91468005018821,0.11396011396011395,122.85000000000001,11.379215841424584,41.72461752433936,0.08370146477563357,143.36666666666667
2021,P011218   ,TEL,763.7166666666667,259.88,255,199,52,327,2471.6,6200.0,31,17.071987667513984,57.46349378042185,0.4281692599786133,17.41516081498798,49.64257347100874,0.33126890393201786,347.15,16.78819902768247,63.96500495212942,0.5089221413139153,416.56666666666666
2021,P011219   ,TEL,140.56666666666666,44.04,47,32,16,52,2230.76,5600.0,28,15.730051270597212,60.19467213114754,0.3699312307327484,15.61739127004711,58.651026392961874,0.43213296398891965,90.25,15.842437064266113,63.775510204081634,0.25836369658827424,50.31666666666667
2021,P011220   ,TEL,153.85,57.08,43,40,7,26,1970.6,5000.0,25,18.827297509990952,49.907149489322194,0.16899577510562236,19.0441021693659,52.795031055900616,0.221224751522924,103.96666666666667,18.282127843930933,41.36029411764706,0.06014032743067157,49.88333333333333
2021,P011221   ,ASV,341.5,129.48,151,90,42,185,2339.7200000000003,6000.0,30,19.445957906289493,69.59808259587021,0.541727672035139,20.523959950972483,71.52826238660154,0.5391090513572306,176.21666666666667,18.30660934199024,67.43549648162627,0.5445195119491781,165.28333333333333
2021,P011223   ,DYR,255.91666666666669,119.92,133,97,18,82,1399.52,3625.0,18,24.27459242945723,63.38162409454823,0.32041680234451314,23.07686212842925,70.43828264758497,0.34787410270568747,120.73333333333333,25.339161968626616,58.13953488372093,0.29589446430773025,135.18333333333334
2021,P011225   ,MCO,576.1166666666667,231.68,216,177,47,214,2654.76,6525.0,32,19.768028182537666,54.63375151760421,0.371452541441259,18.01349600412296,56.44811115935736,0.3480086173562393,301.7166666666667,21.689004176111883,53.05039787798408,0.3972303206997085,274.4
2021,P011226   ,MCO,811.2833333333333,317.08,320,238,82,385,2722.8,6725.0,33,19.306468368545143,58.377116170461186,0.47455677219220577,18.916849499182234,63.34459459459459,0.5422183804172724,424.18333333333334,19.73033481226267,53.03030303030303,0.4004133298889176,387.1
2021,P011234   ,BER,0.0,0.0,0,0,0,0,245.24,600.0,3,,,,,,,0.0,,,,0.0
2021,P011235   ,OLY,0.0,0.0,0,0,0,0,231.32,600.0,3,,,,,,,0.0,,,,0.0
2021,P011236   ,PAN,802.2833333333333,414.03999999999996,405,294,116,360,2422.12,6200.0,31,26.420471214369442,58.688847669835376,0.44871928038722814,26.03556423395841,55.17879161528977,0.3635891442669783,385.05,26.772292546935503,61.80266900021877,0.5272828952624431,417.23333333333335
2021,P011237   ,BAS,0.0,0.0,0,0,0,0,82.84,200.0,1,,,,,,,0.0,,,,
2021,P011238   ,DYR,0.0,0.0,0,0,0,0,158.64,400.0,2,,,,,,,0.0,,,,0.0
2021,P011239   ,BAS,652.1666666666666,291.84,303,222,61,342,2543.96,6400.0,32,22.515723688442137,60.882494775759525,0.5244058267314081,21.762315904402588,59.20834713481285,0.5289672544080605,330.8333333333333,23.29556098795853,62.46096189881324,0.5197095435684648,321.3333333333333
2021,P011242   ,BAS,26.0,6.0,3,4,0,0,2469.2,6200.0,31,11.588929457064886,37.5,0.0,11.09562700381373,50.0,0.07416563658838071,13.483333333333334,12.11616320993512,0.0,-0.07989347536617844,12.516666666666666
2021,P011243   ,UNK,298.53333333333336,112.36,75,91,19,45,2022.36,5075.0,25,18.88976155028055,37.74154589371981,0.15073693613220185,19.62790646637332,23.83222116301239,0.03939075630252101,126.93333333333334,18.269032328410006,47.90940766550523,0.23310023310023312,171.6
2021,P011244   ,BER,608.15,270.32,290,217,53,319,2646.12,6600.0,33,22.17337814863441,60.336218375499335,0.5245416426868371,23.168213737302736,60.14150943396226,0.503382098474123,317.85,21.173359318240607,60.555162659123056,0.5477092662762659,290.3
2021,P011263   ,TEL,0.55,0.0,0,0,0,0,255.27999999999997,600.0,3,0.0,,0.0,,,,0.0,0.0,,0.0,0.55
2021,P011264   ,UNK,261.5833333333333,118.96,116,95,9,52,1616.6,4050.0,20,22.78627478206062,58.60953920776071,0.1987894233832431,22.944970456018734,57.485322896281794,0.17704612517471657,107.31666666666666,22.636949669309306,59.400826446280995,0.21391529818496108,154.26666666666668
2021,P011281   ,PAN,39.983333333333334,23.0,8,14,0,4,545.84,1400.0,7,29.508118000947803,28.571428571428573,0.10004168403501458,21.80545536150719,37.5,0.30181086519114686,16.566666666666666,34.77221482708973,25.0,-0.042704626334519574,23.416666666666664
2021,P011284   ,CSK,53.9,19.64,16,16,6,12,649.84,1600.0,8,17.943049546433233,42.918454935622314,0.22263450834879406,15.453721356590876,59.74264705882352,0.2684563758389262,37.25,23.329549045980027,19.329896907216494,0.1201201201201201,16.650000000000002
2021,P011286   ,MCO,597.4666666666667,327.48,330,271,67,248,1952.44,4875.0,24,27.371463589382014,54.91214057507987,0.41508591832180314,27.14501623551815,53.03219366109309,0.46560402684563756,317.8666666666667,27.649355196503365,57.06134094151213,0.35765379113018597,279.6
2021,P011302   ,BAR,320.9166666666667,110.92,122,76,43,158,1441.56,3625.0,18,17.382925616611608,64.2646439106616,0.49233965203843155,15.079555908451859,57.810894141829394,0.3935347856640899,142.3,19.32634207876433,68.75,0.5710553326490622,178.61666666666667
2021,P011305   ,DYR,36.15,12.879999999999999,4,8,2,1,392.28,1000.0,5,18.16525046819946,22.52252252252252,0.027662517289073308,15.292283800809596,40.98360655737705,0.2654867256637168,26.366666666666667,25.916493602081616,0.0,-0.6132879045996593,9.783333333333333
2021,P011307   ,MIL,50.083333333333336,20.2,16,15,5,11,300.36,800.0,4,21.48503326789882,46.51162790697675,0.21963394342762063,19.97570039279302,33.333333333333336,-0.09181331293037491,21.78333333333333,22.499760248456372,53.57142857142858,0.45936395759717313,28.3
2021,P011313   ,TEL,179.18333333333334,56.879999999999995,37,44,2,24,788.3199999999999,2000.0,10,16.10717668547719,41.22103386809269,0.13394102874151242,16.220752087205273,40.38461538461539,0.1563314226159458,95.95,15.946923773909758,42.37288135593221,0.10812975570684821,83.23333333333333
2021,P011317   ,ULK,36.050000000000004,13.0,3,9,0,-2,317.04,800.0,4,18.19885256234594,16.666666666666668,-0.055478502080443824,21.254361572114274,0.0,-0.11881188118811879,16.833333333333336,15.560875549952678,25.0,0.0,19.21666666666667
2021,P011396   ,PAN,25.116666666666667,6.88,4,4,2,3,446.64,1200.0,6,14.719059577604352,40.98360655737705,0.11944260119442601,16.783216783216783,40.98360655737705,0.18604651162790697,21.5,0.0,,-0.2764976958525346,3.6166666666666667
2021,PAMM      ,OLY,288.28333333333336,105.8,108,88,20,103,2371.04,6075.0,30,18.806307369061457,55.78512396694215,0.35728739087703065,16.188607216257736,46.4527027027027,0.2009532397269097,129.38333333333333,20.869615504558503,61.19451697127937,0.4845814977973568,158.9
2021,PBMT      ,MAD,553.9833333333333,190.72,181,172,13,233,2383.44,5875.0,29,16.972006208038994,50.92279990997074,0.42059027046541714,18.09308173548218,53.4001743679163,0.49614734072542754,266.05,15.936717575389583,48.278268962308054,0.3507756425098402,287.93333333333334
2021,PBWI      ,ZAL,216.36666666666667,71.84,63,52,11,74,1467.52,3825.0,19,17.308258615387686,55.418719211822655,0.3420120166384224,18.952346726738728,64.14081145584726,0.45583196782362584,111.88333333333333,15.558515262391259,42.88164665523156,0.2201308023608231,104.48333333333333
2021,PCCD      ,MIL,369.48333333333335,148.6,160,135,15,104,1843.64,4800.0,24,20.94204398254176,56.49717514124294,0.28147413054264964,18.28213697027374,50.223214285714285,0.17784803873135066,168.68333333333334,23.082941439065273,60.33697632058288,0.36852589641434264,200.8
2021,PCPR      ,IST,549.7666666666667,208.56,183,164,24,210,2008.16,5074.766666666666,25,19.173454884559685,52.41750687442713,0.3819802340386831,20.556665424993213,56.988041853512705,0.4078814594508471,313.81666666666666,17.316137473099268,45.171800947867304,0.34753125662216566,235.95000000000002
2021,PCVM      ,MIL,594.4,292.24,248,201,46,282,2312.8,6000.0,30,25.509622148469305,56.04773097089134,0.47442799461641993,26.635765614321237,54.8363897878461,0.4743487657831873,293.03333333333336,24.426286040828476,57.27272727272727,0.47450503262913396,301.3666666666667
2021,PJBX      ,ZAL,309.83333333333337,133.96,106,98,9,102,1390.36,3625.0,18,22.545389423253926,51.98116908591605,0.3292092522861753,23.12035467353581,51.52329749103943,0.39548738750158446,131.48333333333335,22.126986871663853,52.337752965806004,0.28034763106251753,178.35
2021,PJLX      ,CSK,440.01666666666665,97.24,98,73,21,110,1978.16,4825.0,24,10.780569927927196,59.58171206225681,0.24999053066171736,10.527942455590605,55.93978844589097,0.2866043613707165,240.75,11.078932052527348,64.99395405078597,0.20575443292070927,199.26666666666665
2021,PKIR      ,ASV,517.6333333333333,150.68,128,122,22,105,2057.44,5200.0,26,14.714297637921703,48.60267314702308,0.20284628759095885,15.195640177642371,48.050521691378364,0.2136498516320475,280.8333333333333,14.153868046308814,49.28619986403807,0.19003378378378377,236.8
2021,PKLT      ,MAD,522.35,272.48,242,202,42,261,2254.88,5475.0,27,25.331663840819044,54.88026124818578,0.49966497559107875,25.17245754449548,53.301886792452834,0.4551298534327591,259.26666666666665,25.484499298923264,56.34171907756813,0.5435540069686412,263.0833333333333
2021,PKPD      ,ZAL,625.4833333333333,187.76,226,166,29,151,2381.2,6250.0,31,15.758013701947643,63.2132468113672,0.24141330704255376,15.331423561629796,55.40991420400381,0.20072217502124043,313.8666666666667,16.193479701480893,70.11809363137917,0.2823982457078676,311.6166666666667
2021,PKVZ      ,CSK,600.15,291.04,263,234,41,240,1978.16,4825.0,24,23.656950916420882,52.174258054277104,0.3999000249937516,24.814797793221512,55.71343104995513,0.40734698173780326,316.68333333333334,22.34150094968174,48.174442190669374,0.39158043273753523,283.4666666666667
2021,PLCZ      ,MCO,637.2,318.08,343,250,82,388,2722.8,6725.0,33,24.658527451016734,59.94826621923938,0.6089139987445071,26.008712828258897,64.99133448873484,0.6637426900584795,342.0,23.139455883125006,53.40507548988114,0.5453929539295393,295.2
2021,PLEM      ,MUN,194.05,61.76,53,50,4,49,1045.28,2800.0,14,17.05096749213643,51.19783616692427,0.25251223911363047,20.39012677230125,54.94505494505495,0.3046716316858497,98.46666666666667,13.554627873357555,44.73684210526316,0.19877942458587622,95.58333333333333
2021,PLHI      ,UNK,372.98333333333335,110.72,105,90,13,99,1537.44,3850.0,19,14.867200566875496,54.84747179272879,0.2654274096250949,14.009483094115865,59.99127399650959,0.250234062473402,195.81666666666666,15.712327896207182,50.12028869286287,0.2822201317027281,177.16666666666669
2021,PLHK      ,IST,584.4333333333333,272.64,305,237,31,338,2713.0,6874.766666666666,34,23.642465254662007,60.844238748803065,0.5783379912165632,23.561956222261358,62.62597178232077,0.6586762834111158,314.26666666666665,23.71460331618656,58.62871464375224,0.4848858729179518,270.1666666666667
2021,PLME      ,RED,267.8666666666667,79.16,54,50,14,54,1647.76,4250.0,21,15.24446129234486,48.07692307692308,0.20159283225485317,16.03146327615147,47.90419161676647,0.23065833733781832,138.73333333333335,14.355748343018409,48.33040421792618,0.1703665462054724,129.13333333333333
2021,PLRU      ,RED,157.0,32.88,30,28,2,11,1735.0,4450.0,22,10.742928467849998,51.93905817174515,0.07006369426751592,10.767397839445383,50.0,0.10197578075207138,78.45,10.65849746766234,54.034582132564836,0.03819223424570337,78.55
2021,PLUO      ,RED,405.68333333333334,96.68,93,75,22,55,2045.8799999999999,5225.0,26,12.172663298501217,54.91261218705715,0.13557372334743847,11.779416056754009,58.59375,0.17264057875698785,202.73333333333332,12.583473993430559,51.46386093321134,0.09854644000985464,202.95
2021,PTFK      ,ASV,209.88333333333333,67.08,52,49,7,47,1416.92,3600.0,18,16.24060736532249,49.92319508448541,0.2239339315492734,17.657557250758703,53.19148936170213,0.2717311906501096,114.08333333333333,14.592801553403728,45.45454545454545,0.16701461377870563,95.8
2021,PTGB      ,MAD,605.8666666666667,331.32,257,270,53,169,2634.16,6475.0,32,26.884267693696728,43.80880949134052,0.27893926056338025,26.91464268670247,40.414878397711014,0.2128258544000901,296.01666666666665,26.85308167898055,46.899426784783735,0.3421010166209456,309.85
2022,P000464   ,PAN,0.0,0.0,0,0,0,0,150.12,400.0,2,,,,,,,0.0,,,,0.0
2022,P000556   ,PAM,531.3166666666667,139.88,144,102,27,157,2474.12,6050.0,30,12.87557979284967,63.224446786090624,0.2954923303742275,12.869461459011294,60.44487427466151,0.33049934139624,278.3666666666667,12.870706836191355,66.55092592592592,0.2569677801937142,252.95
2022,P000796   ,BAR,599.95,329.88,382,251,102,412,1893.16,4850.0,24,28.17249708796346,64.5531972421252,0.6867238936578047,27.367589057350138,61.05219090147921,0.6287375870960663,303.7833333333333,28.99843831744024,67.84216046145778,0.7462014631401238,296.1666666666667
2022,P000848   ,RED,565.5,392.84,360,310,86,303,2154.16,5475.0,27,35.31175112513162,51.747930082796685,0.5358090185676393,32.82415913101285,50.543340914834474,0.49114722289594953,274.8666666666667,37.68064629774332,52.753745515931634,0.5780479412776695,290.6333333333333
2022,P000925   ,BAR,662.3666666666667,279.68,300,211,72,373,2591.92,6650.0,33,21.66671099457888,61.80979067084226,0.5631322027074631,22.733102946292426,61.93868070610096,0.5557492156765101,334.68333333333334,20.569322555343497,61.6631430584919,0.570672905752505,327.68333333333334
2022,P000956   ,PAR,305.0833333333333,148.12,157,95,48,125,2602.56,6650.0,33,24.811105241516575,67.60248019290388,0.409724119093144,27.46524002549377,73.79089615931721,0.5473631592101974,133.36666666666667,22.747956835824606,61.79024716098864,0.30282442007182375,171.71666666666667
2022,P001133   ,VIR,520.25,235.12,217,155,73,265,1830.0,4600.0,23,22.720308384735166,57.98418127404874,0.5093704949543488,21.426349942249292,57.009121459433516,0.5030331947379184,244.51666666666665,23.870744662601265,58.76685934489403,0.514990328820116,275.73333333333335
2022,P001255   ,OLY,765.5166666666667,246.6,277,185,40,316,2470.56,6200.0,31,16.168312749067173,68.36130306021718,0.41279310269752456,16.6487449480213,65.27415143603133,0.3805221319664654,383.68333333333334,15.685567021011407,71.83305369127517,0.4452204277608032,381.8333333333333
2022,P001261   ,ASV,29.18333333333333,10.0,4,7,0,0,326.52,800.0,4,16.79095118849501,28.571428571428573,0.0,15.332543707332407,50.0,0.0,18.9,19.342562422075666,0.0,0.0,10.283333333333333
2022,P001288   ,MUN,414.31666666666666,138.04,150,105,41,146,1349.0,3400.0,17,16.79459400835389,60.95578673602081,0.35238746530431636,14.07458123444188,53.6871961102107,0.3170004260758415,195.58333333333334,19.206206375216688,65.82519001085775,0.3840292593721426,218.73333333333335
2022,P001392   ,MAD,325.81666666666666,119.68,100,92,22,82,2376.84,5875.0,29,18.15876060911423,49.17387883556255,0.2516752775078009,19.315949188056717,47.23582925122464,0.2421259842519685,169.33333333333334,16.906849682539985,51.662174303683734,0.26200873362445415,156.48333333333332
2022,P001413   ,ULK,59.483333333333334,27.2,19,20,5,22,651.3199999999999,1600.0,8,22.46617671151924,42.792792792792795,0.3698514990193331,24.509334609861174,43.604651162790695,0.18823529411764706,21.25,21.308539292667913,42.42819843342036,0.4707933740191805,38.233333333333334
2022,P001518   ,MIL,300.15,74.4,74,62,10,76,2543.36,6650.0,33,12.962190268730762,55.722891566265055,0.2532067299683492,14.154533852179167,63.13131313131313,0.33719231201528604,148.28333333333333,11.83320153098076,47.13914174252275,0.17120280948200176,151.86666666666667
2022,P001557   ,MUN,504.0,150.32,177,124,28,174,2095.68,5200.0,26,14.801120733324122,64.92077464788733,0.34523809523809523,14.34579635929583,62.75841701122268,0.3541774779449922,256.93333333333334,15.281695636021714,67.05539358600583,0.33594171613599566,247.06666666666666
2022,P001833   ,MCO,233.56666666666666,82.52,46,67,8,34,1320.68,3250.0,16,17.38857977419065,32.614861032331255,0.14556871699728843,16.643264759303868,28.998778998779,0.15212527964205816,111.75,18.131745953155303,35.7521186440678,0.13955397455192228,121.81666666666666
2022,P001844   ,VIR,701.9333333333333,218.28,204,133,62,257,2554.24,6425.0,32,15.644421354401285,63.6386323933117,0.3661316364327097,15.948357493770644,65.65527791942887,0.34498620055197793,362.3333333333333,15.325931752521923,61.70576735092864,0.38869257950530034,339.6
2022,P001926   ,OLY,659.5333333333333,324.16,309,212,114,429,2330.0,5800.0,29,24.4694800893162,58.933475740006095,0.6504599211563732,23.30798986411273,58.73340143003064,0.681191544574796,308.2833333333333,25.51567508260143,59.095935858446225,0.6234875444839858,351.25
2022,P001932   ,ULK,882.0,348.2,279,260,30,369,2817.84,6875.0,34,19.26400356961151,51.06149341142021,0.41836734693877553,19.96615682568697,50.02858776443683,0.37235280428205725,429.7,18.60088069400288,52.14585834333734,0.4620826884810966,452.3
2022,P002084   ,IST,171.46666666666667,37.08,42,30,7,66,1321.96,3425.0,17,11.205526766961372,63.482466747279325,0.3849144634525661,13.266958815238038,62.620423892100185,0.4189636163175303,90.7,8.988952588856975,64.93506493506493,0.34667767230705737,80.76666666666667
2022,P002084   ,ZAL,305.65,80.92,81,65,18,141,1300.92,3400.0,17,13.838524794586096,55.540318156884254,0.461311958122035,14.694264265934912,41.15710253998118,0.36892805902848946,162.63333333333333,12.771579111290327,75.65789473684211,0.5663675562288777,143.01666666666668
2022,P002100   ,ASV,687.9833333333333,395.96,400,266,109,450,2373.8,6000.0,30,29.094474585443034,63.70238246910435,0.6540856125390634,30.622110191952533,67.68088164829899,0.7243742133967277,357.55,27.4384248606874,59.183673469387756,0.5780288510037325,330.43333333333334
2022,P002328   ,PAN,483.48333333333335,204.0,220,138,75,206,2263.84,5625.0,28,20.967924925782558,64.32748538011695,0.42607466648281567,21.90723056350705,55.12321660181583,0.3610750188059906,243.71666666666667,20.03379499357732,75.17838939857288,0.4921451411094119,239.76666666666668
2022,P002329   ,ZAL,959.0333333333333,367.36,346,243,119,401,2679.52,6800.0,34,19.441961083298498,58.572589382448534,0.4181293663758646,18.285861096770866,55.07998877350547,0.36345074017355794,489.75,20.667111804151236,61.82936404082701,0.4751926696736158,469.28333333333336
2022,P002553   ,RED,586.1,218.48,235,147,67,316,2465.92,6275.0,31,18.971632728856093,66.57978241160473,0.5391571404197236,18.99190083788511,70.21869639794168,0.6183476938672073,295.95,18.953448820535478,62.5,0.45838359469240053,290.15
2022,P002580   ,IST,969.8833333333333,505.6,497,370,115,540,2419.72,6250.0,31,26.929759057465752,59.082263433190676,0.5567679961507398,26.580063715383112,61.607666731859965,0.6202927383828336,469.1333333333333,27.24688651144105,56.69196593854128,0.49725411882176734,500.75
2022,P002581   ,VIR,614.3166666666667,281.4,276,193,85,318,2628.16,6625.0,33,23.093825087939226,59.89583333333333,0.5176483355489839,22.990099857799173,58.493589743589745,0.5399633923123855,327.8,23.219105201284773,61.553030303030305,0.4921179687045547,286.51666666666665
2022,P002661   ,PAM,500.3,210.8,192,146,70,185,2302.56,5625.0,28,20.586459881419493,54.29864253393665,0.3697781331201279,19.24638452219614,59.93150684931506,0.42526315789473684,237.5,21.857489427258862,49.45286195286196,0.319634703196347,262.8
2022,P002676   ,ZAL,752.2666666666667,199.92,180,128,68,255,2679.52,6800.0,34,13.488583044613302,56.99088145896656,0.3389755405884438,13.779476338034845,56.90948044991965,0.2810112768279375,366.5333333333333,13.213580441590963,57.06391158097069,0.39405461458693397,385.73333333333335
2022,P002742   ,PAM,624.5166666666667,296.76,316,226,29,341,2225.44,5450.0,27,23.274048637155474,66.1752387334562,0.5460222572122442,20.99003795874819,62.707641196013284,0.49232245681381953,347.33333333333337,26.160820468161333,69.70260223048327,0.6133124887258734,277.18333333333334
2022,P002812   ,MIL,639.4666666666667,170.72,186,128,38,262,2623.56,6850.0,34,13.941068379529405,64.2620232172471,0.4097164303586322,14.825847920999221,63.45524017467249,0.41212771666219483,310.5833333333333,13.11648249135854,65.08958566629339,0.40743931485329143,328.8833333333333
2022,P002849   ,MIL,809.5666666666666,255.32,254,195,53,362,2463.68,6450.0,32,16.51344293531289,58.1714913887871,0.44715279779305805,17.358218183962784,60.17329910141207,0.4972111553784861,418.3333333333333,15.618793904577007,55.508112724167376,0.39362699156513586,391.23333333333335
2022,P002925   ,IST,63.95,17.0,8,13,0,11,2018.12,5225.0,26,13.765046303632172,30.76923076923077,0.17200938232994525,16.29964838941816,33.333333333333336,0.16477857878475796,48.550000000000004,6.6207658151932165,0.0,0.19480519480519481,15.4
2022,P002939   ,BAR,744.5333333333333,257.88,266,179,52,396,2441.4,6250.0,31,17.733913593661207,65.88072122052705,0.5318767908309456,17.427421820134256,65.40697674418605,0.5372054184449805,359.26666666666665,18.019899185960877,66.3129973474801,0.5269077695102959,385.26666666666665
2022,P002968   ,BAR,555.2833333333333,220.07999999999998,201,172,32,171,2442.88,6250.0,31,20.28027398607398,54.009028374892516,0.30795089593901015,17.576876976045714,50.8274231678487,0.24032042723631508,287.1166666666667,23.173931871634544,56.661411115490736,0.3803604723430702,268.1666666666667
2022,P002969   ,ULK,186.9,77.76,101,76,4,68,2655.0,6475.0,32,20.293277470957918,64.94341563786008,0.3638309256286784,22.689827269263624,63.02521008403361,0.4169562195969423,71.95,18.77464340451786,66.38163816381639,0.3305785123966942,114.95
2022,P003048   ,IST,394.3333333333333,109.72,125,77,38,197,2252.0,5850.0,29,14.455721897995433,66.6880068288519,0.4995773457311919,14.263473491558821,64.1025641025641,0.5051194539249146,219.75,14.728472074608153,69.83901515151514,0.492601431980907,174.58333333333331
2022,P003091   ,ULK,202.21666666666667,64.96000000000001,56,56,9,38,2083.08,5050.0,25,15.575589532773481,46.6977985323549,0.1879172504739141,16.648368873820274,44.506612410986776,0.14419225634178906,124.83333333333333,13.997171949483704,50.872093023255815,0.2584535860435063,77.38333333333334
2022,P003108   ,MAD,602.3,299.24,332,237,46,282,2720.04,6675.0,33,24.384438408960413,64.53117711086922,0.46820521334882953,25.381588969929275,61.718988113380064,0.4539202200825309,290.8,23.44344006082622,67.46031746031746,0.48154093097913325,311.5
2022,P003120   ,PAN,503.06666666666666,196.32,218,128,103,259,2397.64,5900.0,29,19.206004908272003,62.889453034848835,0.5148423005565863,18.975871460272263,58.801213960546285,0.44287113052647437,221.28333333333333,19.37769987144587,66.32003395585738,0.5713609747441889,281.7833333333333
2022,P003198   ,BAS,230.06666666666666,53.08,67,43,7,79,2672.2,6450.0,32,11.137762801994613,72.69965277777779,0.3433787308026659,10.959485916969566,72.22222222222223,0.39416633819471814,126.85000000000001,11.352541029669643,73.37526205450735,0.28096237687711934,103.21666666666667
2022,P003204   ,BAR,47.56666666666666,10.0,6,8,0,4,1253.64,3200.0,16,10.732586931103299,37.5,0.08409250175192713,12.186897240505624,33.333333333333336,0.09141696292534282,32.81666666666666,7.1161534141016745,50.0,0.06779661016949153,14.75
2022,P003210   ,ZAL,463.3,206.8,203,146,45,183,2281.2,5800.0,29,22.69775273248629,61.21833534378769,0.3949924454996762,20.96712017588756,60.18968871595331,0.37930800081571614,245.18333333333334,24.67560381894009,62.230732407850645,0.41262321387636586,218.11666666666667
2022,P003211   ,ZAL,508.43333333333334,214.08,195,172,32,102,2603.12,6600.0,33,21.35117709874537,52.39681857265692,0.2006162722087458,21.785445060206623,63.008918185343155,0.3244005641748942,283.6,20.74451739036504,39.19440424505547,0.044477390659747956,224.83333333333334
2022,P003240   ,PAN,206.3,57.08,34,41,7,40,2040.04,5075.0,25,13.766137268767304,38.56624319419238,0.19389238972370335,17.25264060609135,32.29483282674772,0.242098184263618,99.13333333333334,10.553431199246004,47.86036036036035,0.14930015552099535,107.16666666666666
2022,P003332   ,RED,302.45,105.92,94,83,18,114,1920.48,4850.0,24,17.688309503601673,51.693796744390674,0.3769218052570673,18.338932619975914,54.85232067510549,0.36614306701322186,147.48333333333332,17.070174369336215,48.25367647058823,0.3871800387180039,154.96666666666667
2022,P003469   ,OLY,946.25,470.03999999999996,582,399,91,731,2645.4,6600.0,33,24.786288883702213,66.28097667638484,0.7725231175693527,25.60114545771134,63.57373703010716,0.7002306961595874,491.26666666666665,23.8965685598714,69.40357072787914,0.8505806073482545,454.98333333333335
2022,P003478   ,BAR,508.83333333333337,177.44,211,148,26,184,2374.64,6050.0,30,17.769023680389836,66.1690918213748,0.3616115296429741,17.007531487196424,72.38307349665924,0.36792641471705656,250.05,18.514280495111553,61.073059360730596,0.35550975719714045,258.78333333333336
2022,P003479   ,RED,194.58333333333334,49.6,63,38,15,99,2062.24,5250.0,26,12.97854867861196,70.62780269058295,0.5087794432548179,12.370612451169487,80.73496659242761,0.4627844195912071,86.43333333333334,13.453348858573849,63.81381381381381,0.5455386037910309,108.15
2022,P003521   ,IST,23.183333333333337,6.44,6,4,1,10,319.12,825.0,4,14.362826312978951,67.56756756756756,0.43134435657800135,15.327685632173115,67.56756756756756,0.3776978417266187,18.533333333333335,11.017098536929312,,0.6451612903225806,4.65
2022,P003526   ,ASV,638.8833333333333,238.96,226,175,59,208,2369.08,6000.0,30,18.94546069731721,56.23009554140127,0.32556804841781234,19.715222567509002,52.7569775357386,0.2711051685186039,361.48333333333335,17.952174560788727,61.121764141898375,0.3965392934390771,277.40000000000003
2022,P003527   ,VIR,117.11666666666666,36.44,47,31,1,40,801.24,2000.0,10,15.53306051442095,74.74554707379134,0.3415397751529814,16.07807788289344,104.94402985074626,0.5559146735617324,77.35,14.784922500311101,10.0,-0.07544006705783739,39.766666666666666
2022,P003733   ,MAD,345.01666666666665,87.56,63,63,24,70,2288.2799999999997,5650.0,28,12.532420450407107,42.82218597063621,0.20288874933578088,10.114126631689851,35.08124076809454,0.252129471890971,146.75,14.326064543433974,47.33218588640275,0.1664425016812374,198.26666666666665
2022,P003842   ,PAR,1032.0166666666667,333.32,411,217,153,664,2676.76,6850.0,34,16.530492598104793,72.27771525042206,0.6434004618788456,16.376440712398793,71.08330963889678,0.5936233364184725,522.2166666666667,16.690038356320272,73.44750765803398,0.6943899568458218,509.8
2022,P003958   ,BER,498.06666666666666,237.12,223,165,73,296,2385.2400000000002,5650.0,28,22.554181378373524,56.56452922077922,0.5942979520813814,20.986448253911924,58.068459657701716,0.6143213668650414,260.45,24.281243756033106,55.072756669361354,0.5723504243529494,237.61666666666667
2022,P003983   ,PAR,279.1,143.04,134,116,16,115,1620.3600000000001,4200.0,21,26.56840221262188,54.45383615084525,0.4120386958079541,24.838059506498308,54.57380457380457,0.43380348465094226,140.61666666666667,28.32031092970301,54.34782608695653,0.3899386207726561,138.48333333333335
2022,P004004   ,ULK,804.9166666666666,389.32,414,280,103,429,2736.8,6675.0,33,23.593588427645194,63.62965695315382,0.5329744279946165,22.418517711190653,62.120375483158476,0.5025347145690986,378.0833333333333,24.620158972247996,64.8414985590778,0.5599375244045295,426.8333333333333
2022,P004007   ,RED,734.7,314.4,306,268,35,252,2473.2,6275.0,31,21.714857589405796,53.98729710656317,0.3429971416904859,22.580159173828555,56.59958567623558,0.37086485684616527,337.05,20.97908676861029,51.60550458715596,0.31937633597384635,397.65
2022,P004056   ,ULK,31.75,12.0,16,8,0,7,411.52,1000.0,5,18.36862149618545,100.0,0.2204724409448819,18.20609297244811,110.0,0.36363636363636365,19.25,18.621973929236503,83.33333333333333,0.0,12.5
2022,P004058   ,MUN,390.43333333333334,172.88,159,120,52,125,2071.16,5200.0,26,22.23399760602127,55.641097424412095,0.32015709041236234,22.349560409016632,44.26915647134578,0.10996430982926594,172.78333333333333,22.145732578088264,64.38831104507182,0.4870204456696531,217.65
2022,P004119   ,ASV,445.73333333333335,123.76,142,90,29,202,2123.72,5400.0,27,14.119902113415481,69.09303230829116,0.45318576129225246,14.984370999184396,73.85361552028219,0.4495556717198118,191.3,13.469776503775428,65.33101045296168,0.45591510546312064,254.43333333333334
2022,P004172   ,PAN,679.6166666666667,243.64,227,145,106,350,2201.4,5500.0,27,17.913411111535098,59.2256313921937,0.51499619883758,17.334146363717743,54.39512619669278,0.44701499852955595,340.0333333333333,18.47135486378755,63.67829923786603,0.5830674846625767,339.5833333333333
2022,P004194   ,ASV,54.766666666666666,22.4,25,15,10,32,247.8,600.0,3,19.80667856442844,64.43298969072166,0.5842970176506391,21.106246822618377,51.54639175257732,0.6806282722513088,19.1,19.01690236410025,73.02405498281787,0.5327102803738317,35.66666666666667
2022,P004197   ,MCO,305.0333333333333,97.52,104,90,8,62,2832.8,6875.0,34,15.517908129663377,55.60307955517536,0.20325647470221836,12.45306102475182,43.95218002812939,0.06769143985333521,118.18333333333334,17.492649935989057,60.69452980946527,0.289001873160289,186.85
2022,P004233   ,TEL,112.56666666666666,32.32,27,27,3,17,2577.96,6225.0,31,13.866112617629042,47.66949152542373,0.15102161681966242,14.04385846199275,46.18937644341801,0.12990137118114026,69.28333333333333,13.511519128384185,50.0,0.18482864844050828,43.28333333333333
2022,P004264   ,ASV,389.53333333333336,171.2,134,133,30,124,1174.0,3000.0,15,22.461682626104242,45.82763337893297,0.31832962519253805,23.680437057364628,53.97727272727272,0.3930718836937988,185.71666666666667,21.372929106325252,38.258575197889186,0.2502248752964265,203.81666666666666
2022,P004267   ,RED,207.16666666666666,79.03999999999999,80,63,16,62,2136.8,5475.0,27,19.551374631670033,57.11022272986864,0.29927594529364443,17.737767386105467,69.89596879063718,0.3608065086664308,94.23333333333333,21.098230548381732,47.097759674134416,0.24793388429752064,112.93333333333334
2022,P004429   ,PAN,34.66666666666667,14.879999999999999,3,13,2,-6,397.44,1000.0,5,21.59977703455964,10.806916426512968,-0.17307692307692304,16.340649189846335,12.88659793814433,0.0,11.616666666666667,24.187705389350594,10.0,-0.2603036876355748,23.05
2022,P004508   ,MUN,500.18333333333334,236.16,248,204,14,173,2018.16,5000.0,25,23.39491811737052,59.00266463646746,0.34587317983406085,23.633331874065213,61.88625204582651,0.3386439951418161,233.28333333333333,23.196676394319148,56.49466192170818,0.3521918321468715,266.9
2022,P004554   ,IST,486.1,188.2,240,145,55,310,2643.52,6850.0,34,20.06466738158227,70.92198581560284,0.6377288623739971,18.856272427580663,66.5608207132389,0.5190379448194509,254.31666666666666,21.37824039360268,75.0114521300962,0.7679585820090602,231.78333333333333
2022,P004571   ,MUN,10.933333333333334,1.0,0,1,0,2,74.76,200.0,1,4.8937086481619225,0.0,0.18292682926829268,4.8937086481619225,0.0,0.18292682926829268,10.933333333333334,,,,
2022,P004603   ,BAS,694.1666666666666,258.28,316,202,87,453,2834.3199999999997,6850.0,34,17.984514079983516,65.75661727984019,0.6525810324129652,20.57241691238286,62.765957446808514,0.7409879839786383,349.5333333333333,15.313751266256352,70.00402900886382,0.5629171099719509,344.6333333333333
2022,P004655   ,VIR,527.9166666666666,167.12,206,106,73,233,2707.12,6825.0,34,15.962032758631668,74.57283521575441,0.44135753749013423,14.806705301660742,77.91994750656168,0.41731669266770677,256.4,17.038988673291897,71.9284603421462,0.4640599103799644,271.51666666666665
2022,P004720   ,RED,537.1666666666666,85.04,82,69,16,76,2376.04,6050.0,30,8.062056159866307,53.91899000526038,0.14148309028855105,8.936326573245543,62.255859375,0.18994554894263643,263.23333333333335,7.2293558062566445,44.18472063854048,0.0949136042832806,273.93333333333334
2022,P004761   ,BAS,675.3333333333334,280.48,308,241,42,218,2834.3199999999997,6850.0,34,20.07499280362095,59.34946816710343,0.3228035538005923,20.600721880276204,57.42176284811944,0.32087121396275947,342.81666666666666,19.518704560341046,61.58455392809587,0.3247957495864869,332.51666666666665
2022,P004790   ,MAD,474.75,157.56,192,135,24,224,2701.04,6650.0,33,16.34186520583798,65.95218466611706,0.4718272775144813,16.066453660981576,80.28259473346178,0.6117917934380396,202.68333333333334,16.55457253769071,55.235350624399615,0.36755697133055626,272.06666666666666
2022,P004862   ,MUN,155.55,85.12,74,67,23,45,973.12,2400.0,12,26.992085344711953,47.97717842323651,0.2892960462873674,32.28713791667833,45.19628099173554,0.2182385035074045,64.15,23.302103136759523,50.78125,0.33916849015317285,91.4
2022,P004866   ,BAR,773.2333333333333,226.36,223,171,44,273,2588.2400000000002,6650.0,33,15.04306090098769,58.573229670098755,0.3530628960641462,12.839888529765691,61.06153123532175,0.3574489970855477,388.8666666666667,17.27182081506642,56.558935361216726,0.3486254444540803,384.3666666666667
2022,P004887   ,MAD,446.1166666666667,168.44,182,119,51,248,2551.16,6250.0,31,18.499888048512506,64.33823529411765,0.5559083946650727,18.983014653206517,61.144730206757444,0.4916700528240553,246.1,17.8613976079074,68.41596909207985,0.6349470877426882,200.01666666666665
2022,P004888   ,IST,1125.9833333333333,552.4,567,440,135,633,2643.52,6850.0,34,25.424924643064276,56.76812174609532,0.5621752838259891,25.89757011143223,57.75316455696202,0.5823539729871952,570.1,24.968603839189484,55.75831305758313,0.5414805264893713,555.8833333333333
2022,P005056   ,MUN,189.93333333333334,54.64,55,46,6,38,2327.88,5800.0,29,14.335303783213469,56.53782894736842,0.20007020007020007,12.353401667684519,54.166666666666664,0.11001833638939823,99.98333333333333,16.553067548504096,58.8474025974026,0.30016675931072817,89.95
2022,P005059   ,MIL,49.06666666666667,7.88,10,7,2,17,1167.24,3025.0,15,8.324053732103824,63.45177664974619,0.3464673913043478,8.890681660087836,34.72222222222222,0.23622047244094488,16.933333333333334,7.989203903769843,80.0,0.4045643153526971,32.13333333333333
2022,P005094   ,MIL,215.83333333333334,92.04,90,77,16,70,2328.12,6050.0,30,22.163487572487107,53.54593050928129,0.3243243243243243,21.136031840834555,46.58385093167701,0.2712797326518577,84.78333333333333,22.780052497611354,57.87037037037037,0.35864173979397174,131.05
2022,P005099   ,MAD,260.98333333333335,97.56,82,67,24,91,1657.16,4050.0,20,18.27172687935029,52.86230015471892,0.348681269557443,18.747776191131333,67.37918215613384,0.4826732673267327,134.66666666666666,17.74739608879181,34.762456546929315,0.2058319039451115,126.31666666666666
2022,P005145   ,TEL,277.01666666666665,78.16,72,59,14,70,2412.96,5825.0,29,13.622425904507693,55.24861878453039,0.25269237711329046,13.78672285945833,48.80352644836272,0.24590163934426232,134.2,13.483664662311762,61.377245508982035,0.2590734041311705,142.81666666666666
2022,P005160   ,MUN,429.8833333333333,178.92,186,146,18,225,1945.88,4800.0,24,20.5335225942018,60.42099792099793,0.5233978211142558,20.14190506882138,56.75818373812038,0.4775790054377807,211.48333333333335,20.936261531479722,63.97134083930399,0.5677655677655677,218.4
2022,P005161   ,PAR,676.9666666666667,190.12,166,159,23,163,2601.88,6650.0,33,14.35571734972232,49.07757805108798,0.2407799497759614,14.39476736711755,51.50958792329661,0.28069556006708446,377.6333333333333,14.36926242465413,45.72312886888014,0.19042316258351893,299.3333333333333
2022,P005348   ,IST,20.46666666666667,4.0,0,4,0,-6,1671.48,4250.0,21,9.93872367612108,0.0,-0.29315960912052114,10.926755868281763,0.0,-0.5291005291005291,9.450000000000001,9.08208930511851,0.0,-0.09077155824508322,11.016666666666666
2022,P005356   ,PAM,581.7,229.64,202,156,56,235,2631.52,6450.0,32,19.352251953569077,55.91231178033659,0.4039883101254942,18.69489737214648,55.59225011008366,0.41600901916572713,295.6666666666667,20.06780607826234,56.23608017817372,0.39156275492366854,286.03333333333336
2022,P005460   ,MUN,211.38333333333333,76.2,77,53,30,77,1318.2,3200.0,16,17.501807224526964,58.157099697885194,0.3642671292281006,20.638390802713378,61.25,0.424187725631769,110.8,14.056483475637464,53.4351145038168,0.2982601491300746,100.58333333333333
2022,P005478   ,MUN,234.35,57.0,42,51,0,20,2660.52,6600.0,33,12.067499820070115,41.1764705882353,0.08534243652656283,13.364535140330535,46.0,0.09385265133740028,106.55,10.991713621893295,36.53846153846154,0.0782472613458529,127.8
2022,P005504   ,ZAL,435.2166666666667,149.12,170,105,48,229,2679.52,6800.0,34,17.390508541919512,67.39613066920393,0.5261747022555815,16.784323213477677,67.42424242424242,0.4930662557781202,227.15,18.049060501369247,67.36526946107784,0.5623197693047101,208.06666666666666
2022,P005757   ,MAD,6.866666666666667,2.44,6,2,1,9,164.88,425.0,2,18.318706632184394,122.95081967213115,1.3106796116504853,19.730139135216138,122.95081967213115,1.3106796116504853,6.866666666666667,,,,0.0
2022,P005775   ,MIL,753.3166666666667,294.68,329,222,72,333,2316.8,6050.0,30,20.43007264742937,64.84547461368653,0.44204517799066345,20.661223043138108,68.75823451910408,0.42764749879009195,378.81666666666666,20.19915442812639,61.25226860254083,0.45660881174899864,374.5
2022,P005789   ,BAR,205.18333333333334,73.08,76,62,7,66,1970.28,5050.0,25,18.25786042091449,58.38967424708052,0.3216635529201527,20.23111980112677,65.86021505376344,0.3402985074626866,111.66666666666666,15.881186814208164,48.42180774748924,0.29941186954197113,93.51666666666667
2022,P005791   ,MAD,817.3666666666667,323.56,351,204,99,552,2800.28,6875.0,34,19.437443486421483,70.89190499272904,0.6753395049141552,20.070121434273535,68.4931506849315,0.6641496481894628,388.4666666666667,18.867114159845872,73.36065573770492,0.6854744695733271,428.9
2022,P005844   ,PAN,783.1,260.84,281,205,36,377,2680.56,6700.0,33,16.65084328348195,63.620720883897846,0.48141999744604774,16.199092154727943,66.64328305857593,0.5220529270248596,415.6666666666667,17.162417789443662,60.39325842696629,0.4354531434273791,367.43333333333334
2022,P005928   ,RED,257.0833333333333,137.16,135,94,39,168,726.24,1825.0,9,26.81428698443849,60.72328175602735,0.653484602917342,28.39815755120321,76.41509433962264,0.9537698702056293,114.28333333333333,25.571340729513462,46.423658872077034,0.41316526610644255,142.8
2022,P005985   ,MCO,959.7833333333333,559.48,504,414,167,520,2576.2,6275.0,31,28.397199466163297,51.69442848937392,0.5417889454217097,29.178053002401526,50.58246474555488,0.4977049180327869,508.3333333333333,27.4971729452091,52.97545470598622,0.5914276221065455,451.45
2022,P006068   ,ASV,592.3166666666667,218.8,195,179,20,148,2374.52,6000.0,30,18.668042407476765,51.91693290734824,0.24986634401643262,20.2403946359958,51.59854309995953,0.30368258770143697,286.48333333333335,17.191741343890293,52.27068345323741,0.1994550408719346,305.8333333333333
2022,P006158   ,ZAL,144.06666666666666,40.0,40,36,0,12,2603.12,6600.0,33,14.079143187147409,55.55555555555556,0.08329477093937993,12.656672858509562,60.714285714285715,0.18922470433639946,63.41666666666667,15.265515617636202,52.27272727272727,0.0,80.65
2022,P006251   ,BER,239.08333333333334,71.28,75,63,12,78,2279.28,5450.0,27,14.257625630929732,54.92091388400703,0.32624607877309164,13.124704786396556,33.222591362126245,0.11021307861866275,90.73333333333333,14.979054404144247,66.7420814479638,0.45837546343107516,148.35
2022,P006302   ,OLY,133.61666666666667,43.64,33,28,6,51,2644.64,6600.0,33,16.301646737388232,53.85117493472585,0.381688911063989,17.514163943268656,62.26053639846744,0.4425711275026344,79.08333333333333,14.49653848385616,35.86065573770492,0.293398533007335,54.53333333333333
2022,P006433   ,MIL,401.28333333333336,175.28,142,142,12,123,1228.24,3225.0,16,22.938114691579802,48.2074959261271,0.3065165925987457,23.317509794502563,41.24004550625711,0.2225519287833828,202.2,22.57643972533144,54.57380457380458,0.39179573043114274,199.08333333333334
2022,P006435   ,BAR,805.7166666666667,366.52,373,252,83,398,2676.04,6850.0,34,23.288595461495177,64.64023291279635,0.49397017148294475,25.275084949902084,63.23313782991202,0.5500774183033168,409.0333333333333,21.22253765888034,66.48510092918936,0.4361161295743876,396.68333333333334
2022,P006436   ,BAS,905.1166666666667,340.12,353,286,73,460,2834.3199999999997,6850.0,34,18.163489794436234,55.48220797183453,0.5082217761982801,18.501002643788897,54.89143693583801,0.5285860505921919,455.93333333333334,17.812887787114903,56.11053450960041,0.4875514823197655,449.18333333333334
2022,P006450   ,BAR,634.3333333333334,299.64,277,213,81,279,2521.64,6450.0,32,24.165115775190987,55.703024453024454,0.4398318444561219,25.94771836089842,52.427463372594076,0.392352618180003,333.8833333333333,22.149044014905723,59.87202925045703,0.4925944416708271,300.45
2022,P006477   ,MUN,464.6333333333333,200.16,218,136,89,276,1601.84,4000.0,20,21.514823201900928,62.228819365151864,0.5940167874309491,24.244142317476133,65.76592698639942,0.7321748019422438,260.8666666666667,18.01179731825624,55.99369085173502,0.4171437919188615,203.76666666666665
2022,P006509   ,MIL,364.26666666666665,97.04,107,79,16,135,2145.16,5625.0,28,13.970893706113369,62.180381218038114,0.3706076134699854,14.578450382827445,62.709030100334445,0.3600205726041488,194.43333333333334,13.288953098583365,61.51832460732984,0.38272816486751715,169.83333333333334
2022,P006540   ,MAD,811.2833333333333,450.0,526,318,175,565,2800.28,6875.0,34,27.235866653958656,66.58227848101266,0.6964274708794709,27.35384030671778,69.2101607461798,0.7690737641343838,408.28333333333336,27.112446127726262,63.844086021505376,0.6228287841191067,403.0
2022,P006555   ,PAN,486.73333333333335,193.92,182,166,18,178,1873.48,4675.0,23,19.883556273636874,52.32290708371666,0.36570332831119023,18.916452193780803,57.561803199224435,0.4018400757678257,246.36666666666667,20.874986409193493,47.59299781181619,0.32866454028567466,240.36666666666667
2022,P006568   ,ASV,677.9333333333333,268.56,317,181,99,424,2687.6,6800.0,34,20.04604107534593,70.58247239045244,0.6254302291277413,20.4085052540658,72.8588421887391,0.5845576742732104,319.9,19.720590038322086,68.72574385510995,0.661949539149055,358.03333333333336
2022,P006586   ,PAN,256.1333333333333,66.67999999999999,52,49,22,38,2692.36,6700.0,33,12.956901534300048,44.30811179277437,0.14836022904737117,8.697690533318626,46.468401486988846,0.1845926655180901,135.43333333333334,17.69287908135908,43.05705059203445,0.10770505385252692,120.7
2022,P006589   ,BER,741.6333333333333,312.6,250,201,65,425,2795.76,6650.0,33,20.05171329711746,54.4425087108014,0.5730594633466672,18.768749519243094,62.30116648992577,0.6747581055847903,392.73333333333335,21.509304382806146,46.80522157334249,0.4585841215247922,348.9
2022,P006590   ,IST,757.7666666666667,270.12,324,233,23,337,2328.48,6050.0,30,18.523971414985738,66.63376110562685,0.4447279285620024,18.802760802680364,63.97332506203473,0.41392904073587383,405.8666666666667,18.26980450369921,69.63910301331465,0.48025007104290995,351.9
2022,P006592   ,VIR,527.7166666666667,175.04,181,149,16,164,2707.12,6825.0,34,16.724827150760486,57.99794924378365,0.31077282632725894,15.763187999523534,60.26170798898072,0.2928587519711647,221.95,17.396010145322627,56.65577786851777,0.3237763000109016,305.76666666666665
2022,P006614   ,IST,196.35,36.519999999999996,35,28,8,43,1241.2,3225.0,16,9.665355023736856,55.52030456852792,0.21899668958492488,6.764886851003632,45.54655870445344,0.11896178803172314,92.46666666666667,12.164326149124465,60.07393715341959,0.30803786298732555,103.88333333333333
2022,P006625   ,BER,583.9,193.0,183,156,25,194,2295.76,5450.0,27,15.693465138169364,54.790419161676645,0.3322486727179312,16.84583290734548,57.123655913978496,0.36557231588287487,281.75,14.590650378089972,52.11013896037056,0.30117491312262124,302.15
2022,P006643   ,PAM,530.4166666666666,126.56,146,96,24,155,2708.72,6650.0,33,11.715661921938787,68.506006006006,0.29222309505106053,12.418503731065277,68.80733944954129,0.25996533795493937,250.03333333333333,11.083422516506081,68.25938566552901,0.3209891220353088,280.3833333333333
2022,P006661   ,ULK,591.65,285.8,278,233,45,253,2072.8,5050.0,25,23.537554001146077,54.984177215189874,0.4276176793712499,24.292596363341087,51.457331730769226,0.36636136552872606,300.25,22.762908307704958,58.907085561497325,0.4907343857240906,291.4
2022,P006707   ,MIL,30.2,8.879999999999999,7,6,2,1,860.24,2225.0,11,15.210601938901386,50.872093023255815,0.033112582781456956,16.59006355313686,59.523809523809526,0.11992005329780148,25.016666666666666,9.776013255956055,0.0,-0.3858520900321543,5.183333333333334
2022,P006739   ,VIR,483.85,109.6,89,79,15,142,2318.28,5825.0,29,11.383081507572518,51.98598130841122,0.2934793841066446,12.63024900240599,45.019157088122604,0.25011579434923575,251.88333333333333,10.033688128485988,62.87425149700599,0.3405661733007616,231.96666666666667
2022,P006754   ,BAS,311.31666666666666,151.84,129,105,36,182,1083.04,2600.0,13,23.417615463231506,53.37636544190665,0.5846137373521066,24.856008842331075,57.20823798627003,0.6020066889632107,139.53333333333333,22.261466634707233,50.43859649122807,0.5704860774231105,171.78333333333333
2022,P006760   ,MUN,609.05,217.64,191,161,56,204,2433.84,6000.0,30,17.61874586635637,51.44365438483086,0.3349478696330351,17.022724082642988,47.674418604651166,0.34730748991405014,285.05,18.194956390259232,54.69690887193898,0.32407407407407407,324.0
2022,P006768   ,BAR,11.85,3.88,0,2,2,-3,81.36,200.0,1,16.097648000862964,0.0,-0.25316455696202533,,,,,16.097648000862964,0.0,-0.25316455696202533,11.85
2022,P006832   ,ASV,431.1666666666667,112.44,110,87,26,94,2605.56,6600.0,33,13.21138994769432,55.87159691182446,0.2180131426362582,11.882394538124116,66.48005598320505,0.2514698178008033,286.31666666666666,15.837833595628506,41.18217054263566,0.15188125647221265,144.85
2022,P006919   ,BER,602.55,205.56,220,154,49,269,2280.0,5425.0,27,16.234555769558323,62.65664160401003,0.44643598041656296,16.326997108955073,63.6523266022827,0.4814004376367615,297.05,16.16077490466432,61.58218853623875,0.41243862520458263,305.5
2022,P006961   ,ULK,118.69999999999999,39.760000000000005,35,36,4,16,907.36,2225.0,11,16.427672559826025,46.34533898305085,0.13479359730412807,17.498910238116895,50.40322580645161,0.139426800929512,43.03333333333333,15.729184299509926,43.70629370629371,0.13215859030837004,75.66666666666667
2022,P007025   ,BER,199.23333333333335,41.88,40,38,2,29,1609.48,3825.0,19,9.991266028520016,51.440329218106996,0.14555797222686967,10.796113306139848,39.72457627118644,0.08722514991822641,91.71666666666667,9.306954656775945,62.5,0.19531855526274997,107.51666666666667
2022,P007032   ,BER,570.6,315.84000000000003,301,246,61,276,2201.84,5225.0,26,26.27035230223089,55.16053364609295,0.48370136698212407,28.226466312652416,56.66302566903332,0.5225873882243641,287.03333333333336,24.290415961968872,53.41880341880342,0.444339955330904,283.56666666666666
2022,P007056   ,ULK,654.4166666666666,181.48,181,144,42,206,2562.2,6250.0,31,13.5291778324297,55.699162973904485,0.31478415892015793,14.16260901676802,56.25,0.32482352316756014,314.01666666666665,12.943943237944918,55.16488845780795,0.3055229142185664,340.4
2022,P007109   ,ZAL,807.5,330.32,349,261,53,339,2679.52,6800.0,34,20.762241784074448,61.37450759707372,0.4198142414860681,20.207819487539464,51.195814648729446,0.2935670524166099,391.73333333333335,21.31133762522214,70.4225352112676,0.5387637296560571,415.76666666666665
2022,P007122   ,ULK,11.183333333333334,2.0,2,2,0,3,411.6,1000.0,5,8.689871520249572,50.0,0.26825633383010433,8.62006214107019,50.0,0.26825633383010433,11.183333333333334,,,,0.0
2022,P007200   ,IST,487.31666666666666,205.56,202,144,49,240,1330.4,3425.0,17,21.718792664358183,61.00507368929693,0.4924929033140668,25.04988594384867,61.06153123532175,0.48280214578731456,211.26666666666668,19.202800384865718,60.94527363184079,0.49990943669625065,276.05
2022,P007201   ,MIL,471.26666666666665,169.48,147,140,17,195,2623.56,6850.0,34,18.7793821226794,49.83726606997559,0.41377846937332013,19.142140036824085,40.17857142857142,0.3612281757977122,249.15,18.406468301718622,60.79907353792704,0.47272454415847526,222.11666666666667
2022,P007230   ,BAS,429.28333333333336,106.64,135,82,31,223,1882.3999999999999,4625.0,23,12.206915194398938,70.5771643663739,0.5194704352214932,11.593142994536285,67.98245614035088,0.542803738317757,222.91666666666669,12.869769984987576,72.94164668265388,0.49426586981101595,206.36666666666667
2022,P007265   ,BAS,164.28333333333333,47.64,35,32,6,3,2341.88,5650.0,28,13.99239486589672,50.519630484988454,0.018261134219336513,13.416257019195994,50.60728744939271,0.009711880867594691,102.96666666666667,14.916197204078381,50.40322580645161,0.0326175591193259,61.31666666666667
2022,P007400   ,PAR,706.4333333333333,264.12,297,207,48,281,2593.2,6650.0,33,19.175457447740218,65.0973172014729,0.39777284952578684,18.966542556868767,63.131313131313135,0.35783099366914395,363.3,19.387304081735298,66.95667007847152,0.4400621721391102,343.1333333333333
2022,P007513   ,ZAL,123.15,35.0,22,28,0,5,1804.2,4600.0,23,14.492282027189411,39.285714285714285,0.04060089321965083,17.47595108211602,26.19047619047619,-0.0388014658331537,77.31666666666666,9.088327179778473,78.57142857142857,0.17454545454545453,45.833333333333336
2022,P007519   ,BAR,492.15,193.0,170,141,50,214,2676.04,6850.0,34,20.07648996131539,52.147239263803684,0.4348267804531139,19.407675309370976,40.69103369503141,0.32989690721649484,218.25,20.62832791472265,60.778829604130806,0.5184373859072655,273.9
2022,P007673   ,PAR,265.6,51.76,54,45,4,55,2602.56,6650.0,33,9.95903107079739,57.74165953806673,0.20707831325301204,9.437722626692226,60.91101694915255,0.1902398676592225,120.9,10.357166647427693,55.59540889526542,0.22114720110573602,144.7
2022,P007831   ,MIL,219.04999999999998,87.68,82,67,22,84,834.16,2225.0,11,21.353444180907353,53.46896191966614,0.3834740926729058,18.05562193651856,61.88118811881188,0.3741981468282252,93.53333333333333,23.74039627551473,48.553719008264466,0.390386402868145,125.51666666666665
2022,P007853   ,OLY,604.2,277.4,296,206,85,289,2726.2400000000002,6800.0,34,22.903431675981214,60.80525883319638,0.47831843760344256,23.384546806525666,61.804697156983934,0.5491114185378312,313.23333333333335,22.37391257883708,59.670059670059665,0.4021079161415969,290.9666666666667
2022,P007870   ,MIL,607.0166666666667,338.92,336,231,118,378,2623.56,6850.0,34,29.15587962737718,59.38074367312314,0.6227176628867961,28.988595675730657,61.08077033630354,0.593900481540931,311.5,29.34887050214787,57.73511407902059,0.653093452145959,295.51666666666665
2022,P007947   ,RED,703.0,397.64,366,286,81,355,2316.92,5875.0,29,28.6854434625023,56.895908469095886,0.5049786628733998,29.574787557045976,64.22074729596854,0.56092932845837,360.1166666666667,27.758764988318976,49.39592247671784,0.44621591406212024,342.8833333333333
2022,P007982   ,MAD,272.35,114.36,123,89,19,132,1579.52,3850.0,19,20.469741719156662,63.16762530813476,0.4846704608041123,19.810360532533224,63.43283582089552,0.48941041785918715,116.46666666666667,20.939385427577015,62.98110566829951,0.48112904950283336,155.88333333333333
2022,P007990   ,TEL,568.4666666666667,176.04,201,141,41,213,2818.4,6825.0,34,14.998104566480164,63.19164989939638,0.3746921543332942,16.49356828141761,66.46455223880596,0.40671865626874626,277.8333333333333,13.54040870850003,59.36135371179039,0.3440761555224223,290.6333333333333
2022,P007993   ,IST,708.7666666666667,185.6,231,146,40,238,2572.68,6650.0,33,13.53756509899541,70.59902200488997,0.3357945727319757,12.651834270778679,82.33532934131736,0.42476817230032904,334.3,14.293028105996113,61.02973812694185,0.25636460744169487,374.46666666666664
2022,P008084   ,PAN,265.0,63.2,65,50,5,34,2352.04,5875.0,29,11.91418577466113,62.26053639846743,0.12830188679245283,11.207458035154833,68.75,0.12295081967213116,130.13333333333333,12.577677448162063,56.73758865248227,0.1334651507661888,134.86666666666667
2022,P008099   ,MCO,170.66666666666666,55.519999999999996,47,40,8,18,2832.8,6875.0,34,15.7901965369952,53.99816176470588,0.10546875,13.252862248747,18.38235294117647,-0.20713463751438432,57.93333333333334,17.1331394860865,65.87009803921569,0.26611472501478417,112.73333333333333
2022,P008108   ,VIR,3.5500000000000003,0.0,0,0,0,0,1031.48,2600.0,13,0.0,,0.0,0.0,,0.0,2.8333333333333335,0.0,,0.0,0.7166666666666667
2022,P008211   ,BER,357.9,107.08,98,78,7,77,2358.12,5650.0,28,14.337030393366007,60.43413912185496,0.21514389494272143,14.505542612564401,61.134235171696155,0.1569159240604417,172.06666666666666,14.173301943055884,59.80300187617261,0.26905829596412556,185.83333333333334
2022,P008253   ,MUN,1.0333333333333334,0.0,0,0,0,0,152.60000000000002,400.0,2,0.0,,0.0,0.0,,0.0,1.0333333333333334,,,,0.0
2022,P008282   ,IST,7.6499999999999995,3.0,0,0,0,-1,524.36,1400.0,7,20.940560219816053,,-0.13071895424836602,26.528013582342957,,-0.16129032258064518,6.199999999999999,0.0,,0.0,1.45
2022,P008296   ,VIR,1.2,0.0,0,0,0,0,312.28,800.0,4,0.0,,0.0,0.0,,0.0,1.2,,,,0.0
2022,P008384   ,BER,393.3666666666667,175.52,154,138,33,108,2302.04,5450.0,27,21.127236161694253,50.48518227117755,0.2745530039827133,19.914210692248485,49.37770562770562,0.3326793482896869,195.38333333333333,22.33431523097931,51.526717557251914,0.21718999915817833,197.98333333333332
2022,P008780   ,PAM,27.5,10.0,7,7,0,8,562.8,1400.0,7,18.091361374943467,50.0,0.2909090909090909,19.984345595949836,50.0,0.35794183445190153,22.35,9.678492574781478,,0.0,5.15
2022,P008811   ,OLY,702.4333333333333,210.72,236,137,63,387,2726.2400000000002,6800.0,34,14.964956817155745,71.63671685284119,0.5509419636501685,12.907804080782167,67.86339754816113,0.5017069912423927,336.85,16.881063067966775,74.32432432432432,0.5963072714839298,365.5833333333333
2022,P008829   ,OLY,434.25,151.24,157,123,21,150,2487.48,6200.0,31,17.36156733948369,59.36176648517846,0.3454231433506045,17.556981149751618,71.16898849182313,0.42761897463407156,217.48333333333335,17.16954784517675,47.583081570996974,0.26295555897278183,216.76666666666665
2022,P008847   ,VIR,704.5333333333333,271.12,235,210,48,263,2532.76,6425.0,32,19.524013496707653,50.83939079266182,0.3732967448902347,19.627927676864832,54.236419542193374,0.44492420331346505,355.1166666666667,19.421958293002135,47.351806383725005,0.30050083472454087,349.4166666666667
2022,P008850   ,BAS,132.63333333333333,31.88,24,25,2,9,2503.4,6050.0,30,11.61771586520693,46.36785162287481,0.06785624528776074,10.424969213920098,20.242914979757085,-0.11012542061792598,54.483333333333334,12.526312461570274,62.5,0.19193857965451058,78.14999999999999
2022,P008855   ,OLY,853.55,285.28000000000003,269,205,37,438,2726.2400000000002,6800.0,34,16.673131749916404,60.782718727404195,0.5131509577646302,17.049999812743827,53.41079460269865,0.425531914893617,404.2,16.338274306301965,67.65013966480447,0.5919661733615221,449.35
2022,P008962   ,ULK,999.05,308.4,364,252,85,465,2817.84,6875.0,34,15.063070670053676,62.88873531444368,0.4654421700615585,14.425340224438711,63.868613138686136,0.47024102311854404,508.25,15.721198744087316,61.93846991560032,0.46047269763651183,490.8
2022,P008966   ,BAR,389.05,125.64,158,112,6,163,2420.32,6225.0,31,16.611890891280623,68.91137473831124,0.4189692841537077,18.217978159243383,62.32686980609419,0.37224396296649803,174.61666666666667,15.307135913081392,75.59774964838256,0.45701849836779107,214.43333333333334
2022,P008967   ,PAN,183.7,75.03999999999999,81,58,16,67,771.0,2000.0,10,21.19284600237092,62.26937269372693,0.3647250952640174,19.30291092976534,63.829787234042556,0.24932249322493225,92.25,23.08637469751422,61.07491856677524,0.4811372334609076,91.45
2022,P008987   ,PAR,1038.75,339.8,369,263,95,471,2676.76,6850.0,34,16.742621955681138,60.531496062992126,0.45342960288808665,16.790836398448025,59.553504614617104,0.4319214014273797,539.45,16.719567661838425,61.617280531708666,0.47666733426797514,499.3
2022,P008989   ,TEL,338.1666666666667,131.8,134,108,20,99,2397.96,5825.0,29,18.935143664623556,57.36301369863014,0.29275505174963035,19.459781968243718,47.44042365401589,0.12462676879137999,128.38333333333333,18.7083403916187,63.654168998321204,0.39564630173989035,209.78333333333333
2022,P008991   ,OLY,293.95,119.28,133,66,62,152,2571.16,6400.0,32,20.201100650800072,71.29073756432247,0.5170947440040824,18.55974771280703,63.348416289592755,0.36596712498707745,161.21666666666667,22.1941143522816,78.44335778321108,0.7006529382219989,132.73333333333335
2022,P009005   ,MAD,711.25,297.24,334,213,96,430,2301.96,5650.0,28,20.514722366491934,65.42861620435669,0.6045694200351494,19.499889383774565,64.19573643410853,0.5664936459638447,372.46666666666664,21.63160453013534,66.59056316590564,0.6464308555123727,338.78333333333336
2022,P009006   ,PAN,997.2333333333333,397.24,420,308,96,411,2768.08,6900.0,34,19.858966144782695,59.95888533576976,0.41214025470468296,21.45646568778432,65.12605042016807,0.48978782470751536,504.3,18.252635411390546,53.8038038038038,0.3327021909656478,492.93333333333334
2022,P009035   ,OLY,363.68333333333334,120.16,124,81,39,177,2726.2400000000002,6800.0,34,16.482054412064738,63.162184189079056,0.4866871362449017,16.267765471424262,61.899482631189954,0.5228758169934641,183.6,16.70100613929856,64.71389645776567,0.4497917630726516,180.08333333333331
2022,P009101   ,PAM,69.39999999999999,17.88,15,13,2,1,905.4,2250.0,11,12.805014294635647,54.034582132564836,0.014409221902017292,16.507995569044365,91.66666666666667,0.16830294530154277,23.766666666666666,10.88893882441831,25.380710659898476,-0.06574141709276844,45.63333333333333
2022,P009105   ,PAM,1.75,2.0,0,2,0,-1,333.56,800.0,4,54.81986534870573,0.0,-0.5714285714285714,52.64196880963348,0.0,-0.5714285714285714,1.75,,,,0.0
2022,P009132   ,BAR,0.0,0.0,0,0,0,0,78.92,200.0,1,,,,,,,,,,,0.0
2022,P009212   ,PAR,79.38333333333333,24.44,13,18,1,0,2443.28,6250.0,31,15.751018567585977,35.24945770065076,0.0,14.781701149837177,0.0,-0.14201183431952663,28.166666666666668,16.164746529026257,45.013850415512465,0.07809957696062479,51.21666666666667
2022,P009213   ,MAD,59.05,14.879999999999999,8,10,2,9,1625.24,4025.0,20,12.481345554570972,36.76470588235294,0.15241320914479256,14.016290043761972,0.0,-0.19047619047619047,21.0,11.650530090863874,58.139534883720934,0.34165571616294355,38.05
2022,P009540   ,RED,327.0833333333333,111.64,113,79,31,130,1925.2,4850.0,24,17.197182259829734,60.98877374784111,0.3974522292993631,16.486291489982307,53.36812144212524,0.3500153515505066,162.85,17.898411577289767,67.35340729001584,0.44448954739192204,164.23333333333335
2022,P009549   ,VIR,342.48333333333335,142.52,125,103,33,120,1589.88,4025.0,20,21.070163523690717,53.18243703199455,0.3503820137232955,20.529083779591165,50.25125628140704,0.3409393589629761,187.71666666666667,21.742734847641294,56.649331352154526,0.3618350204609089,154.76666666666668
2022,P009601   ,ZAL,282.3666666666667,104.72,83,86,13,84,1134.12,2800.0,14,18.31239823730427,45.24640209332752,0.2974855388974147,17.490416342241947,30.75787401574803,0.10381905821282908,134.85,19.05568666262654,56.77368833202819,0.4745226528075923,147.51666666666668
2022,P009622   ,TEL,946.0333333333333,534.88,496,413,77,502,2487.36,6025.0,30,27.390396630749656,55.49588256355174,0.5306366935625947,27.284001266146355,56.808363573526876,0.5698256049749899,493.1333333333333,27.490849952312445,54.085422469823584,0.48796643850739674,452.90000000000003
2022,P009733   ,ULK,326.8833333333333,103.0,122,78,25,170,2118.96,5225.0,26,15.539533557991952,68.53932584269663,0.5200632233722531,13.827080840223115,76.0043431053203,0.4720496894409938,161.0,17.177677860966142,63.266871165644176,0.5666633175926856,165.88333333333333
2022,P009754   ,MCO,686.1333333333333,305.28000000000003,324,234,87,353,2266.48,5475.0,27,21.495723277803236,59.497576024680484,0.5144772638942868,22.020239670900974,59.69300739056282,0.5043943446694689,348.93333333333334,20.94927792612947,59.28853754940712,0.5249110320284698,337.2
2022,P009783   ,TEL,880.75,325.84000000000003,370,277,61,465,2818.4,6825.0,34,17.91767960256951,60.88730911005793,0.5279591257451036,16.896076401581098,61.50357339197361,0.5514046622833234,446.1333333333333,18.98450065304336,60.320869125821126,0.5038923189017142,434.6166666666667
2022,P009818   ,RED,606.8333333333334,270.84,253,203,61,248,2463.52,6250.0,31,22.646302135459884,55.038287504350855,0.4086789343586926,22.75307667572861,54.76269498838367,0.4325177584846093,316.75,22.543189442278077,55.34211489206001,0.3826486641769607,290.0833333333333
2022,P009846   ,IST,771.3833333333333,276.0,289,206,50,336,2643.52,6850.0,34,18.542863338700954,63.37719298245614,0.4355810988916017,17.82267791023714,69.57960295834955,0.44315129811996423,372.3333333333333,19.169479467114908,58.288086873203454,0.42851772960781853,399.05
2022,P009849   ,ULK,160.11666666666667,67.6,63,52,15,31,648.8,1625.0,8,21.14865124163856,53.7542662116041,0.19360882689705422,23.252450104117482,54.85372340425532,0.1675977653631285,71.6,19.448191043020532,52.59467040673212,0.2146488420259838,88.51666666666667
2022,P009862   ,PAR,935.2,468.32,527,371,128,482,2676.76,6850.0,34,25.630043322806745,61.66339043339886,0.5153977758768178,24.632072203813767,62.30200633579725,0.47053500735210946,442.05,26.435623805737944,61.15501008742434,0.5556118827942816,493.15
2022,P009863   ,TEL,802.5166666666667,527.64,485,408,106,477,2416.08,5825.0,29,31.702847097733386,53.33890550765441,0.5943801790201657,30.564047612007247,54.76051401869159,0.6203518955196808,367.5333333333333,32.7512949437937,52.1669341894061,0.5724357255067244,434.98333333333335
2022,P009866   ,MUN,560.85,263.64,254,190,81,262,2427.28,6000.0,30,23.239455447480765,56.284346747030675,0.4671480788089507,22.4984041092251,56.597671410090555,0.5013927576601671,317.1166666666667,24.188211304251915,55.90427618673989,0.42259299781181614,243.73333333333335
2022,P009903   ,MIL,0.0,0.0,0,0,0,0,475.4,1225.0,6,,,,,,,0.0,,,,0.0
2022,P009917   ,TEL,184.43333333333334,53.879999999999995,35,44,2,18,1751.96,4200.0,21,14.006940096240953,38.992869875222816,0.09759624073739381,15.610860511136824,48.07692307692308,0.1430274135876043,97.88333333333334,12.175593538621744,26.48305084745763,0.046216060080878106,86.55
2022,P009960   ,TEL,285.46666666666664,100.88,90,69,27,88,910.76,2200.0,11,17.072550173873296,55.6379821958457,0.3082671648762261,15.798234057652953,56.92599620493359,0.33828805740645823,162.58333333333334,18.75837213232336,54.235537190082646,0.26854740268547406,122.88333333333333
2022,P010057   ,OLY,1.3,1.0,2,1,0,2,157.96,400.0,2,38.95825622845121,100.0,1.5384615384615383,,,,0.0,38.2321455880104,100.0,1.5384615384615383,1.3
2022,P010185   ,ZAL,2.2166666666666663,0.0,0,0,0,0,859.5600000000001,2200.0,11,0.0,,0.0,0.0,,0.0,2.05,0.0,,0.0,0.16666666666666666
2022,P010190   ,ZAL,1.45,1.0,0,1,0,-1,76.4,200.0,1,36.10760064993681,0.0,-0.6896551724137931,,,,,36.10760064993681,0.0,-0.6896551724137931,1.45
2022,P010307   ,PAR,1.3833333333333333,0.0,0,0,0,0,236.56,600.0,3,0.0,,0.0,0.0,,0.0,1.3833333333333333,,,,0.0
2022,P010357   ,MAD,626.9333333333334,237.48,264,181,67,312,2232.6,5475.0,27,18.578424317772452,62.71379703534778,0.4976605699702254,18.082211138293705,61.133753241941456,0.4854659874138448,333.7,19.166498467954103,64.37768240343348,0.5115380243264749,293.23333333333335
2022,P010385   ,BER,483.26666666666665,199.24,193,174,21,195,2446.64,5825.0,29,19.631141164474894,52.66317397948046,0.4035039315767692,18.234555348166673,50.68363979255068,0.273376402584155,245.08333333333334,21.11066985578622,54.36991869918699,0.537401161570219,238.18333333333334
2022,P010390   ,ZAL,618.6833333333333,196.76,182,144,54,268,2679.52,6800.0,34,16.141738320714968,54.24415832141154,0.433177985506856,17.705764924539654,63.07339449541284,0.609202851587816,308.6,14.549056510326384,42.4554565701559,0.25799516259070143,310.0833333333333
2022,P010391   ,MUN,789.2666666666667,267.08,238,231,32,231,2575.84,6400.0,32,16.81545769196143,48.555573690223596,0.29267674634681984,17.007298601827287,51.4418744367678,0.28876233255795297,415.56666666666666,16.586882922123692,45.121515368120086,0.297029702970297,373.7
2022,P010392   ,OLY,539.9666666666667,254.92,253,197,43,205,2726.2400000000002,6800.0,34,23.55113174545038,58.58651352352723,0.3796530650040126,24.491294576010304,62.89584799437016,0.43515673017824213,271.1666666666667,22.59394859101669,53.79499217527387,0.32366071428571425,268.8
2022,P010393   ,PAM,400.81666666666666,123.16,116,97,14,110,2457.24,6050.0,30,15.130793431659294,56.22334238076774,0.27443968564181465,16.458674880654524,55.819912152269396,0.2938692788380341,197.36666666666667,13.823118250580853,56.67765869744435,0.25559105431309903,203.45
2022,P010444   ,BAS,681.75,293.68,316,225,72,364,2834.3199999999997,6850.0,34,20.821926576260513,61.55524388343463,0.5339200586725339,22.990963321640805,58.90052356020942,0.5001055074910319,315.93333333333334,18.94107173930889,64.61899966431689,0.5631236047200328,365.81666666666666
2022,P010458   ,PAR,49.88333333333333,13.0,11,11,0,3,481.64,1225.0,6,13.256577725181254,50.0,0.06014032743067157,12.158054711246201,30.0,0.0380952380952381,26.25,13.821363484089307,66.66666666666667,0.08462623413258111,23.633333333333333
2022,P010516   ,IST,51.68333333333334,14.2,8,11,5,1,1645.6399999999999,4225.0,21,14.107813259472673,30.303030303030305,0.019348597226701063,13.589612990237894,20.0,-0.043165467625899276,23.166666666666668,14.351246365882304,36.58536585365854,0.0701344243132671,28.516666666666666
2022,P010560   ,ULK,484.53333333333336,157.44,163,126,26,219,1999.08,4875.0,24,15.847686193216298,59.29860302677532,0.45198128783709407,16.00728278442101,66.90684508492022,0.5129144531965562,272.95,15.694132870446337,49.39718687206966,0.3733753446238676,211.58333333333334
2022,P010568   ,PAM,641.5833333333334,370.44,375,284,76,415,2314.52,5650.0,28,28.18917121973575,59.06628024193549,0.6468372515911157,27.42202151477809,57.358053302433376,0.6150633572208248,351.18333333333334,29.128913133691444,61.10190555095277,0.6852617079889808,290.4
2022,P010588   ,MCO,752.75,197.28,186,160,37,231,2832.8,6875.0,34,12.720936346452914,52.7569775357386,0.3068747924277649,13.69173032151414,56.61501787842669,0.3711699742589056,401.43333333333334,11.594797743538715,47.61904761904762,0.23340765690972057,351.31666666666666
2022,P010612   ,OLY,494.26666666666665,215.92,179,180,18,79,2571.2400000000002,6400.0,32,21.74697738781933,47.626649638143896,0.15983274885352036,21.20947734440067,38.84026258205689,0.06970546026105379,243.88333333333333,22.278207219939386,55.94695399917116,0.2476203155162085,250.38333333333333
2022,P010641   ,BAR,89.5,30.96,30,17,9,34,1738.48,4425.0,22,17.60968099275833,71.56488549618321,0.37988826815642457,21.583214044664636,57.10659898477157,0.28520499108734404,28.05,15.786076490242229,80.27522935779817,0.4231082180634662,61.45
2022,P010677   ,PAM,154.18333333333334,77.64,66,62,6,70,1135.52,2800.0,14,24.833694561001423,51.0519801980198,0.4540049724354124,24.514026429564616,49.504950495049506,0.5156411137848058,48.483333333333334,25.0376572174186,51.755175517551756,0.42573320719016083,105.7
2022,P010718   ,ASV,236.7,63.2,58,47,5,45,1738.52,4400.0,22,13.515178977800085,58.943089430894304,0.19011406844106465,14.067212903470745,74.3006993006993,0.40185471406491496,97.05000000000001,13.12023137740837,45.59270516717325,0.04296455424274973,139.65
2022,P010750   ,PAM,2.1666666666666665,1.0,0,1,0,-1,154.88,400.0,2,23.839796567069296,0.0,-0.46153846153846156,0.0,,0.0,1.95,240.63527713162748,0.0,-4.615384615384615,0.21666666666666667
2022,P010781   ,VIR,598.1166666666667,245.0,232,187,50,242,2380.56,6025.0,30,20.734238748581937,55.50239234449761,0.40460333825619305,21.569946967428393,54.5933734939759,0.40713919142384675,292.2833333333333,19.93683111439996,56.44219540677306,0.4021798365122616,305.8333333333333
2022,P010791   ,BER,410.6333333333333,160.04,186,116,41,241,2621.32,6250.0,31,18.585074833554003,69.38227394807521,0.5868982871986362,19.584777521484373,73.28767123287672,0.6676734758763214,209.68333333333334,17.55055276313864,64.71166448230669,0.5026125901965663,200.95
2022,P010798   ,PAN,1.6166666666666667,0.0,0,0,0,-1,262.48,625.0,3,0.0,,-0.6185567010309279,,,,0.0,0.0,,-0.6185567010309279,1.6166666666666667
2022,P010807   ,IST,0.0,0.0,0,0,0,0,147.44,400.0,2,,,,,,,0.0,,,,0.0
2022,P010824   ,ZAL,0.16666666666666666,0.0,0,0,0,-2,239.68,600.0,3,0.0,,-12.0,0.0,,-12.0,0.16666666666666666,,,,0.0
2022,P010985   ,RED,8.1,2.0,0,2,0,0,314.68,800.0,4,12.554395843239536,0.0,0.0,12.813366904354622,0.0,0.0,8.1,,,,0.0
2022,P011050   ,PAR,26.466666666666665,9.44,6,6,1,3,497.44,1225.0,6,17.56702123436225,46.58385093167701,0.11335012594458439,31.693711967545642,33.333333333333336,-0.20833333333333334,4.8,14.24610665408211,58.139534883720934,0.1846153846153846,21.666666666666668
2022,P011051   ,PAR,261.28333333333336,113.76,125,88,29,119,1935.2,5000.0,25,22.49842000810966,62.028582770940844,0.45544428143139626,20.9986138073927,63.52619233776388,0.5113238384310064,142.76666666666665,24.34670394666093,60.483870967741936,0.38813106454788354,118.51666666666667
2022,P011052   ,PAR,429.4,193.96,188,152,34,149,2676.76,6850.0,34,23.11858604469461,56.300910397700044,0.34699580810433167,25.309051630429018,59.47037701974865,0.3945823220856494,212.88333333333333,21.043341117701868,52.672147995889,0.3002078361942883,216.51666666666668
2022,P011064   ,VIR,254.65,129.68,112,95,22,101,2075.72,5225.0,26,25.637568981762982,53.496369889186084,0.3966228156292951,23.692960960030234,53.44677137870855,0.332541567695962,126.3,27.460258932655908,53.5350101971448,0.4596805609661083,128.35
2022,P011078   ,BAS,916.2333333333333,448.6,427,318,90,581,2834.3199999999997,6850.0,34,23.66600039049865,59.70357941834452,0.6341179466656965,23.4514817810458,65.08379888268156,0.7153210610233367,459.93333333333334,23.884268939057616,54.31131019036954,0.5522682445759368,456.3
2022,P011157   ,ULK,719.15,423.4,463,299,135,510,2572.2,6275.0,31,28.725682819693095,64.59263392857143,0.7091705485642773,27.55577784511134,63.32257263471566,0.6415223895237628,339.81666666666666,29.76244122992805,65.62943442124468,0.7697715289982425,379.3333333333333
2022,P011192   ,BER,763.6,358.84,357,289,61,333,2623.92,6250.0,31,22.386920214751203,56.515957446808514,0.4360921948664222,22.886114215776526,54.43886097152429,0.38259083322634485,389.45,21.84838245133387,58.85122410546139,0.4917813711078445,374.15
2022,P011193   ,BER,595.8,286.72,235,205,38,215,2541.0,6050.0,30,22.91596732684346,52.99476817607793,0.36085934877475667,22.328895006444846,58.45771144278607,0.4487213011871764,318.68333333333334,23.60097609219937,46.47943037974683,0.2598183677151621,277.1166666666667
2022,P011194   ,RED,770.45,335.2,363,249,105,429,2702.2,6875.0,34,22.13832500991073,61.483739837398375,0.5568174443507041,22.7763047172844,64.89841986455983,0.5573241463520998,382.18333333333334,21.512257636506778,58.32898852971846,0.5563186813186813,388.26666666666665
2022,P011196   ,MCO,642.55,195.76,274,146,79,439,2832.8,6875.0,34,14.787808328028651,75.7911042265988,0.6832153139833477,13.250366711949855,72.48939179632248,0.6015424164524421,324.1666666666667,16.363050779447917,78.7114261884904,0.7663717740669005,318.3833333333333
2022,P011199   ,TEL,749.2,229.96,262,163,84,406,2818.4,6825.0,34,14.865672215184512,65.51310262052411,0.5419113721302723,14.762121864391432,61.783313562672994,0.47536847696189083,376.55,14.969626653828042,69.33198380566802,0.6091506775794983,372.65
2022,P011201   ,ULK,96.55,45.08,43,27,7,45,2250.44,5475.0,27,22.718429717101138,71.47606382978724,0.4660797514241326,24.801546014121236,69.26952141057934,0.2998236331569665,56.7,19.76724016350086,73.94366197183099,0.7026348808030113,39.85
2022,P011205   ,MIL,750.4166666666666,234.88,196,167,52,183,1944.68,5050.0,25,16.25611613223997,51.61154413313672,0.24386451971127152,16.18531385525741,51.16033755274262,0.209245949049462,391.8833333333333,16.340172313574968,52.06142196045435,0.2817032354034957,358.53333333333336
2022,P011209   ,PAN,207.9,60.04,60,41,16,57,2388.08,5900.0,29,14.269847441265485,62.44796003330558,0.2741702741702742,14.262966250345702,79.36507936507937,0.41560335399197956,91.43333333333334,14.256531551000004,50.21520803443329,0.1631368059530624,116.46666666666667
2022,P011212   ,MCO,881.6666666666666,428.28,436,297,137,428,2832.8,6875.0,34,23.57817337172063,61.016569637259295,0.4854442344045369,25.41083531587238,60.548119821542386,0.4825421734013339,424.8333333333333,21.86511315649424,61.53846153846154,0.48814301349872313,456.8333333333333
2022,P011214   ,PAM,451.7833333333333,220.52,226,150,83,220,2058.96,5050.0,25,23.943698910578107,60.583315462148825,0.48695908805843513,25.352674911738305,62.446626814688294,0.5151004139199754,217.43333333333334,22.640414157501933,58.70314519603619,0.46084915724343933,234.35
2022,P011218   ,ZAL,445.8666666666667,235.16,270,172,64,296,1378.6,3400.0,17,26.015314753126567,67.44604316546763,0.6638755980861244,28.186904833795968,66.45927601809954,0.7396563679790431,216.31666666666666,23.97044156254025,68.55867346938776,0.592463515573949,229.55
2022,P011219   ,TEL,536.1333333333333,189.48,233,153,42,300,2733.96,6625.0,33,17.128301082443187,67.93795194774901,0.5595622979358369,18.415273932365608,69.89515726410384,0.6257192174913694,231.73333333333335,16.161655200845125,66.2215411558669,0.5091984231274639,304.4
2022,P011220   ,TEL,40.35,18.759999999999998,12,13,4,8,1481.92,3625.0,18,22.74586945312514,40.65040650406504,0.19826517967781906,27.134481448328447,33.78378378378378,0.11396011396011396,17.55,19.235936678544306,51.02040816326531,0.2631578947368421,22.8
2022,P011221   ,ULK,88.73333333333333,35.48,38,18,17,33,1111.48,2675.0,13,19.24637504195339,74.56828885400314,0.371900826446281,16.786201095297972,66.53992395437263,0.16554986204178163,42.28333333333333,21.360670899634822,80.2139037433155,0.5597416576964478,46.45
2022,P011224   ,MIL,297.51666666666665,158.64000000000001,180,110,56,197,907.72,2400.0,12,28.196209873846104,66.84491978609627,0.6621477788359196,28.5938246186879,67.20430107526882,0.6600884654644438,146.95,27.808764949508785,66.48936170212765,0.6641576267434138,150.56666666666666
2022,P011225   ,PAN,896.35,417.8,368,310,95,340,2687.48,6700.0,33,23.24076237335533,52.30244457077885,0.3793161153567245,23.263479901666727,57.552733046042185,0.4377279833246483,447.76666666666665,23.2075659160068,47.024623803009575,0.321010588890953,448.5833333333333
2022,P011226   ,MCO,863.7333333333333,375.04,370,287,91,393,2832.8,6875.0,34,21.07583035371211,56.56800391389432,0.45500154368632295,21.33136562339322,57.58894292295879,0.46195975711394216,419.95,20.834800060330775,55.633637854298435,0.44841702031772257,443.78333333333336
2022,P011231   ,MCO,577.1833333333333,181.48,167,151,42,137,2832.8,6875.0,34,15.26165996284824,49.268350247816855,0.23735959111778465,12.871488043572999,46.0082944530845,0.19765620780904034,308.6166666666667,18.01939706749454,51.99306759098787,0.28298374084646893,268.56666666666666
2022,P011234   ,BER,4.883333333333333,2.0,0,2,0,-2,351.28,800.0,4,18.65435272116484,0.0,-0.4095563139931741,26.20630916893242,0.0,-0.5714285714285714,1.75,14.437861848912588,0.0,-0.3191489361702128,3.1333333333333333
2022,P011239   ,BAS,310.5,114.52,122,84,33,131,2161.52,5225.0,26,17.83104380712827,61.91636215996752,0.4219001610305958,17.804825270157366,61.09775641025641,0.36136939983093824,157.73333333333335,17.8529871223845,62.757201646090536,0.4843988653720271,152.76666666666665
2022,P011244   ,BAR,330.45,82.0,78,61,25,83,2280.68,5850.0,29,12.730035178922796,54.166666666666664,0.2511726433651082,12.524542797464198,49.157303370786515,0.2591792656587473,192.91666666666666,12.997174232186715,61.47540983606557,0.23994183228308288,137.53333333333333
2022,P011248   ,PAN,79.08333333333333,33.96,33,20,9,32,415.71999999999997,1000.0,5,20.659118761239657,68.86477462437395,0.40463645943098,21.625087180464647,71.72131147540983,0.6539509536784741,36.7,19.919629508692267,64.37768240343347,0.18875344081793158,42.38333333333333
2022,P011261   ,PAR,7.9,5.0,0,1,0,-6,814.4399999999999,2050.0,10,31.86160685699081,0.0,-0.7594936708860759,33.142647247123215,0.0,-0.7594936708860759,7.9,,,,0.0
2022,P011286   ,PAN,832.6666666666666,479.44,448,389,126,345,2203.44,5500.0,27,28.744485622263195,50.40050400504005,0.4143314651721377,28.71254753576811,46.32034632034632,0.3451204447189623,431.73333333333335,28.778321604116908,54.81634182908546,0.48885932823412037,400.93333333333334
2022,P011302   ,PAR,755.15,378.56,438,252,149,490,2602.56,6650.0,33,25.618422664473083,68.96334550951002,0.6488777064159439,27.214964181884696,67.70567194685744,0.6642372803173578,361.31666666666666,24.197473995663533,70.1863354037267,0.6347862886161659,393.8333333333333
2022,P011386   ,ASV,0.0,0.0,0,0,0,0,78.72,200.0,1,,,,,,,0.0,,,,
2022,P011396   ,PAN,0.9166666666666666,0.0,0,0,0,0,1307.6,3275.0,16,0.0,,0.0,,,,0.0,0.0,,0.0,0.9166666666666666
2022,P011442   ,PAN,2.4333333333333336,4.0,4,3,0,1,719.64,1825.0,9,83.37502084375521,66.66666666666667,0.410958904109589,86.68190341902321,66.66666666666667,0.410958904109589,2.4333333333333336,,,,0.0
2022,P011620   ,BER,6.716666666666667,3.0,2,3,0,-1,342.24,800.0,4,20.881258722275778,33.333333333333336,-0.1488833746898263,14.595876664842182,50.0,0.0,6.3,114.12268188302424,0.0,-2.4,0.4166666666666667
2022,P011631   ,BER,6.15,4.0,3,1,0,3,426.88,1000.0,5,30.472568593751905,150.0,0.4878048780487805,24.60826714734815,,0.2597402597402597,3.85,40.44489383215369,150.0,0.8695652173913044,2.3
2022,P011649   ,MAD,0.0,0.0,0,0,0,0,84.96000000000001,200.0,1,,,,,,,0.0,,,,
2022,P011934   ,BER,392.6166666666667,206.52,203,156,58,191,2616.16,6250.0,31,25.13269707077882,55.91670339356544,0.48647960266587426,25.16555564296903,54.21539961013645,0.5130091017743863,181.28333333333333,25.116874385892327,57.32099758648431,0.4637223974763407,211.33333333333334
2022,P011935   ,MCO,68.58333333333334,35.2,31,28,5,34,2417.44,5875.0,29,24.946305530158448,51.324503311258276,0.49574726609963543,19.135884944124925,50.0,0.3951081843838194,17.716666666666665,27.01291691281223,51.52671755725191,0.5307994757536042,50.86666666666667
2022,P011936   ,ASV,708.1666666666666,354.2,329,287,55,224,2454.76,6200.0,31,25.265373533901105,52.85989717223651,0.3163097199341022,23.210085355211778,54.80905233380481,0.3290144125782501,343.45,27.191430690162477,51.23674911660777,0.3043458392359366,364.71666666666664
2022,P011937   ,ASV,63.68333333333334,13.879999999999999,9,12,2,10,1054.56,2600.0,13,10.747209829206085,34.93788819875776,0.15702695629416383,8.94098609420354,20.0,-0.036518563603164945,27.383333333333333,12.115550011690889,44.41624365482234,0.30303030303030304,36.3
2022,P011938   ,ASV,737.4833333333333,299.96,233,219,59,199,2687.6,6800.0,34,20.581897493722618,47.5587851077727,0.26983660647698254,19.81527934784782,51.05513955071477,0.28493347072263786,372.01666666666665,21.36097939815543,44.33458882611425,0.2544691718350967,365.46666666666664
2022,P011939   ,ASV,237.61666666666667,117.48,81,87,17,71,1187.08,3000.0,15,24.989542252833136,42.8662150719729,0.29880058918426033,26.717270889700842,45.118949958982775,0.2870397216584517,114.96666666666667,23.369758623543344,40.46369203849519,0.3098247044435385,122.65
2022,P011940   ,MUN,561.8333333333334,381.84,320,293,86,260,2421.32,6000.0,30,33.682395881424014,48.361745859025504,0.46277069118955794,32.66794135850512,43.811941020062854,0.3554043751099642,284.18333333333334,34.73567892704674,52.914852443154324,0.5726634251755808,277.65
2022,P011941   ,MUN,643.9666666666667,196.84,147,136,36,233,2738.24,6800.0,34,15.181593780073126,48.40621707060063,0.36181996997774213,15.107694123822812,42.42995689655173,0.29092071611253195,312.8,15.262796175733369,54.12371134020619,0.4287871162556618,331.1666666666667
2022,P011948   ,BAS,677.3,469.71999999999997,470,380,88,278,2758.6,6650.0,33,33.436505756814,56.123423767672904,0.41045327033810725,29.926916529911214,56.23116659492036,0.3954022988505747,326.25,36.77653534345023,56.03744417725868,0.4244409628258083,351.05
2022,P011949   ,BAS,616.0,200.44,217,154,51,234,2665.6,6450.0,32,15.747021211081837,61.49399229199728,0.37987012987012986,15.359123966644436,53.34051724137931,0.3143135945765498,324.51666666666665,16.17160797201093,70.54041128646581,0.4528560809651781,291.48333333333335
2022,P011963   ,RED,58.38333333333333,26.2,17,20,5,6,233.76,600.0,3,23.036868955386435,38.28828828828829,0.10276905509563232,23.075579493075274,38.07106598984772,0.023112480739599383,43.266666666666666,23.594055397404446,38.81987577639752,0.33076074972436603,15.116666666666667
2022,P011964   ,RED,67.66666666666667,17.28,23,11,12,36,1194.76,3050.0,15,13.038214324059064,70.63882063882063,0.5320197044334976,15.485323963305765,68.27731092436976,0.544672718585762,34.88333333333333,10.462362339935837,73.96449704142012,0.5185561769191662,32.78333333333333
2022,P011965   ,MIL,368.6,182.32,155,132,28,99,1930.8,5025.0,25,25.745880723156876,53.700110864745014,0.2685838307107976,23.271258103511183,50.84480600750938,0.29951963831590844,176.95,27.96914349787221,55.97014925373134,0.24002087138012002,191.65
2022,P011967   ,TEL,650.4666666666667,228.48,246,193,42,217,2732.56,6625.0,33,17.0321438228875,58.16152827690562,0.3336066413856718,18.163079988109555,60.23102310231023,0.38771742299096296,343.03333333333336,15.721201910049176,55.38325210456358,0.2732299685568687,307.43333333333334
2022,P011970   ,PAM,552.8166666666667,339.56,321,232,124,277,2545.92,6250.0,31,30.15786947297234,56.00921273031826,0.5010702764629623,31.543165255982533,56.520109917561825,0.5905021639888539,281.1166666666667,28.6800577904804,55.36222714330908,0.4085388295914612,271.7
2022,P011971   ,PAM,688.1166666666667,239.56,257,207,24,245,2625.56,6450.0,32,17.104878375381148,59.06416620702335,0.3560442754377891,16.739043630596157,55.775458798128824,0.3553491898038473,351.76666666666665,17.49030598590489,62.5,0.35677122045488335,336.34999999999997
2022,P011972   ,PAM,588.0166666666667,207.68,193,169,22,135,2790.88,6850.0,34,17.337418916985964,54.00716364450414,0.22958532921402455,16.94374705147737,61.646851607221485,0.27959613891046264,300.43333333333334,17.752115119462985,46.10655737704918,0.17733990147783252,287.5833333333333
2022,P011973   ,PAM,396.85,135.92,154,115,18,176,2293.56,5625.0,28,16.799617660873444,62.642369020501135,0.44349250346478514,18.111822508894875,65.6984785615491,0.4769381746810598,169.83333333333334,15.823269591670446,59.926244622003686,0.41847147786506134,227.01666666666665
2022,P011974   ,PAM,9.2,0.0,0,0,0,-4,234.56,600.0,3,0.0,,-0.4347826086956522,0.0,,-0.25641025641025644,3.9,0.0,,-0.5660377358490566,5.3
2022,P011982   ,VIR,565.3666666666667,205.24,251,166,46,259,1905.56,4825.0,24,18.38385102527307,67.38616838487972,0.45810978126289725,19.105258698827438,66.90279417552145,0.44810292193632795,305.73333333333335,17.56330773862839,67.96690307328606,0.4698934394659135,259.6333333333333
2022,P011983   ,ZAL,716.35,400.8,366,324,70,278,2522.68,6400.0,32,28.389010352815074,51.57835400225479,0.38807845327004953,28.891801235547668,49.8266897746967,0.3435570603465445,334.73333333333335,27.989075765407744,53.04284827157938,0.427130191728174,381.6166666666667
2022,P011987   ,ULK,456.76666666666665,248.96,226,204,34,136,2817.84,6875.0,34,26.596319453508347,51.60759956156375,0.2977450193388309,28.625428904581614,51.03720777082647,0.31216591832371177,233.85,24.498778042475756,52.31842429216249,0.28261682242990654,222.91666666666669
2022,P012017   ,MCO,0.0,0.0,0,0,0,0,843.3199999999999,2025.0,10,,,,,,,0.0,,,,0.0
2022,P012023   ,OLY,6.050000000000001,4.88,7,4,2,6,966.48,2400.0,12,40.06017234904066,71.72131147540983,0.9917355371900826,40.37499100249944,71.72131147540983,0.9917355371900826,6.050000000000001,,,,0.0
2022,P012056   ,TEL,364.51666666666665,166.44,154,132,26,107,1905.88,4600.0,23,22.04106582650743,53.68098159509203,0.29353939005989665,21.214676690111187,55.74064582265505,0.29356601157954826,204.38333333333333,23.0699470186734,51.223241590214066,0.29350541215653625,160.13333333333333
2022,P012058   ,BAS,0.0,0.0,0,0,0,0,258.44,625.0,3,,,,,,,0.0,,,,0.0
2022,P012068   ,IST,113.7,28.96,29,24,9,18,839.9599999999999,2200.0,11,13.342344944767024,51.85979971387697,0.15831134564643798,14.562047156956094,65.51362683438155,0.25780189959294436,73.7,11.439367914805906,22.52252252252252,-0.025,40.0
2022,P012068   ,ZAL,222.11666666666667,111.56,104,81,24,77,911.9200000000001,2400.0,12,26.43698076087852,56.793359545653125,0.3466646657162152,28.693872449092833,53.06603773584906,0.27518080790262833,94.48333333333333,24.703875034136946,60.008136696501225,0.399582136328023,127.63333333333334
2022,P012080   ,MIL,516.85,252.96,226,195,34,144,1855.64,4825.0,24,25.451941699411137,53.81977519527529,0.27861081551707456,25.121267492391755,45.731707317073166,0.23238492477282882,223.76666666666668,25.689708852253663,60.10836437521165,0.3139038953653682,293.0833333333333
2022,P012088   ,MCO,0.0,0.0,0,0,0,0,80.47999999999999,200.0,1,,,,,,,,,,,0.0
2022,P012201   ,MCO,147.9,50.8,47,33,20,59,920.3199999999999,2200.0,11,16.42136879690728,56.22009569377991,0.3989181879648411,14.9535450530521,53.51681957186544,0.17328519855595667,69.25,17.504014674159706,57.451253481894156,0.5975842339478703,78.65
2022,P012203   ,TEL,88.91666666666667,23.84,24,15,11,25,1159.24,2825.0,14,13.06767026077616,60.483870967741936,0.2811621368322399,16.938821235912265,60.64690026954178,0.48208905256109813,49.78333333333333,7.70829156130499,60.0,0.02555366269165247,39.13333333333333
2022,P012259   ,BAS,106.01666666666667,37.4,30,25,10,25,1099.44,2600.0,13,16.685117414049767,51.02040816326531,0.23581197924854583,17.978233065469727,50.46583850931677,0.10964912280701755,45.599999999999994,15.705747126436782,51.45278450363196,0.3310344827586207,60.416666666666664
2022,P012298   ,OLY,1.4333333333333333,1.0,0,0,0,-1,80.48,200.0,1,34.67566692866059,,-0.6976744186046512,,,,,34.67566692866059,,-0.6976744186046512,1.4333333333333333
2022,P012378   ,MCO,0.0,0.0,0,0,0,0,243.51999999999998,600.0,3,,,,,,,0.0,,,,0.0
2022,P012405   ,IST,1.5,0.0,0,0,0,0,219.92000000000002,600.0,3,0.0,,0.0,,,,0.0,0.0,,0.0,1.5
2022,P012406   ,MUN,128.4,60.760000000000005,69,39,29,74,471.52,1200.0,6,24.085954669567347,66.65378670788253,0.5763239875389408,24.692107965585375,67.10122699386504,0.6732348111658457,60.9,23.562390799301113,66.1993769470405,0.4888888888888889,67.5
2022,PBCN      ,VIR,355.2,186.64,209,161,31,158,2550.92,6425.0,32,26.469031911186114,59.83737975263399,0.44481981981981983,25.761603871711696,53.53457172342622,0.25400665255518595,165.35,27.082803992465973,64.86820428336078,0.6110086910718989,189.85
2022,PBMT      ,MAD,223.76666666666665,68.88,57,59,2,59,1080.8,2650.0,13,15.094831851276117,47.59519038076152,0.26366751079994044,14.262727592381722,58.0,0.32442174827275455,110.96666666666667,15.916379315357643,40.13761467889908,0.20390070921985817,112.8
2022,PCCD      ,MIL,56.13333333333333,22.44,22,22,1,10,610.8,1600.0,8,20.94367886359076,49.01960784313725,0.17814726840855108,20.36844116846958,28.73563218390805,-0.1115933044017359,26.883333333333333,21.453185127579406,66.66666666666667,0.4444444444444444,29.25
2022,PCVM      ,MAD,475.6333333333333,169.24,137,124,21,195,2720.56,6675.0,33,17.46037997812338,51.410987691383966,0.4099796762211788,17.444439674541155,41.07253564786113,0.31054648114539224,247.95,17.47526818897875,61.11757857974389,0.5182636703023205,227.68333333333334
2022,PJBX      ,ZAL,12.166666666666668,6.0,0,4,0,-3,1041.12,2600.0,13,24.631008545065274,0.0,-0.2465753424657534,33.662981193614506,,-0.6741573033707865,1.4833333333333334,23.380895270067153,0.0,-0.187207488299532,10.683333333333334
2022,PJDR      ,VIR,506.8,303.92,269,188,68,273,2085.0,5225.0,26,30.056119271906866,61.71989720998531,0.5386740331491713,32.3900543395361,65.46134663341645,0.5888723433058075,246.23333333333335,27.84439301622244,57.743279060961754,0.49123704746066266,260.56666666666666
2022,PJDU      ,RED,13.5,7.2,3,2,5,-7,530.64,1400.0,7,28.142117694356504,35.714285714285715,-0.5185185185185185,,,,0.0,28.0148829065441,35.714285714285715,-0.5185185185185185,13.5
2022,PKIR      ,ASV,545.8666666666667,183.72,181,146,38,161,2450.44,6200.0,31,17.03128725166708,55.61701081612586,0.2949438202247191,14.116930760964404,55.4374240583232,0.24576217783099122,264.48333333333335,19.774620526215376,55.73905862923204,0.3411715927264112,281.3833333333333
2022,PLCZ      ,MCO,585.45,268.64,296,207,81,339,2832.8,6875.0,34,22.272432574850214,60.995713814704914,0.5790417627466051,22.485893870050116,60.32171581769437,0.5226722049151956,288.9,22.063228232387196,61.64828033744322,0.6339571741696173,296.55
2022,PLHK      ,IST,498.51666666666665,203.12,220,172,23,220,2643.52,6850.0,34,21.115966877340355,60.399736437513724,0.44130921734478956,21.550493126364085,56.278139069534774,0.37749814951887495,225.16666666666666,20.705299656763092,63.62568519968677,0.4938723248582404,273.34999999999997
2022,PLKX      ,TEL,0.0,0.0,0,0,0,0,397.0,1000.0,5,,,,,,,0.0,,,,0.0
2022,PLME      ,RED,474.93333333333334,86.52,65,62,8,80,2376.2,6075.0,30,9.31487744765953,49.60317460317461,0.16844469399213924,8.639580957646544,61.10335195530726,0.2364341085271318,258.0,10.117753494811803,40.67245119305856,0.08758451137062077,216.93333333333334
2022,PLRQ      ,PAM,97.56666666666666,41.879999999999995,52,34,2,41,579.96,1400.0,7,20.7235997308392,74.54128440366972,0.4202254868466006,20.432633776710137,83.33333333333333,0.4873387482083134,69.76666666666667,21.08229548576235,55.147058823529406,0.2517985611510791,27.8
2022,PLUO      ,RED,460.3,65.2,68,51,5,35,1975.96,5050.0,25,7.240188042235958,63.909774436090224,0.07603736693460786,7.884020126574909,63.58768406961178,0.0611454582512399,245.31666666666666,6.503357005119172,64.32246998284734,0.09303046747809907,214.98333333333335
2022,PTFK      ,ASV,322.98333333333335,93.08,83,72,7,73,2352.36,6000.0,30,14.701231699611402,55.27437400106553,0.2260178543784509,15.99644937379956,60.13306038894576,0.35737491877842753,153.9,13.526171789796077,50.0,0.10645638245441104,169.08333333333334
2022,PTGB      ,MAD,415.51666666666665,192.16,154,149,39,128,1917.76,4650.0,23,22.42658952792805,46.340876263842084,0.30805021860334525,21.45354096423629,56.24172915747684,0.424507658643326,228.5,23.607876156877495,34.44621091679915,0.16576062739506284,187.01666666666665
2023,P000229   ,ASV,478.28333333333336,160.52,164,116,33,145,2784.28,6850.0,34,16.51397272977392,62.825620594544894,0.30316757849252535,15.920716422615577,61.44662921348314,0.2198117951296602,232.01666666666668,17.04625809237566,63.893420337139744,0.38170005414185165,246.26666666666665
2023,P000556   ,PAM,310.15,79.52,71,62,8,67,1791.52,4400.0,22,12.594055335778533,54.181929181929185,0.2160245042721264,13.487809228287517,43.46314325452016,0.1817952278752683,132.01666666666665,11.95930074720797,62.56800870511426,0.24139221556886228,178.13333333333333
2023,P000796   ,MIL,556.95,294.12,355,215,98,396,1665.36,4225.0,21,26.79519542136009,68.76646520997986,0.7110153514678157,29.644057548508453,66.75469483568075,0.7615894039735099,271.8,24.21041277992656,71.01806239737274,0.6628090478695424,285.15
2023,P000848   ,RED,654.85,398.44,428,314,76,388,2489.6,6000.0,30,29.327346496862543,61.5933686391895,0.5925020997174926,28.537701311737173,61.81002759889604,0.5937344604674291,335.1666666666667,30.158216070198883,61.376210235131396,0.591210051613576,319.68333333333334
2023,P000925   ,BAR,713.2333333333333,347.08,425,265,107,533,2722.12,6600.0,33,23.597425389563817,68.09151499615484,0.7473010235079683,23.948373149820362,69.19134396355354,0.7660108832147342,398.1666666666667,23.183732135758852,66.67643610785464,0.7236563690224291,315.06666666666666
2023,P000956   ,PAR,366.7,131.72,140,100,38,134,2398.36,6075.0,30,18.197122456003513,59.972583961617545,0.3654213253340606,16.04069788333461,59.88593155893536,0.34793469533410654,186.81666666666666,20.403221311257486,60.04366812227074,0.38358195126470856,179.88333333333335
2023,P001133   ,VIR,860.0,464.84,451,322,136,545,2519.28,6200.0,31,26.60420511434422,59.056149172428235,0.6337209302325582,26.01307312931739,60.32100340136054,0.6013336973053075,427.3833333333333,27.22199050187011,57.82734407269723,0.6657163770851793,432.6166666666667
2023,P001255   ,OLY,866.2833333333333,266.04,253,206,41,321,2626.24,6875.0,34,16.078860475068506,56.46313158364578,0.3705485118417762,15.970124348962322,61.2927191679049,0.38778325123152707,422.9166666666667,16.167874796763833,51.99381230663458,0.3541087136305541,443.3666666666667
2023,P001288   ,MUN,502.9166666666667,133.6,152,93,40,205,1589.48,4050.0,20,13.537559578503723,68.71609403254973,0.40762220381110187,12.950032205663591,68.7732342007435,0.39701589361011996,256.9166666666667,14.146512050123249,68.66197183098592,0.4186991869918699,246.0
2023,P001392   ,MAD,476.18333333333334,160.04,158,130,16,134,2596.92,6325.0,31,16.371418345176565,57.64740221833042,0.281404221063316,17.5011809348648,54.94505494505495,0.26983617089624157,259.4166666666667,15.02769110458621,61.44662921348314,0.2952483469168076,216.76666666666668
2023,P001518   ,MIL,152.93333333333334,32.0,18,31,0,0,1884.76,4850.0,24,10.76870554219942,29.032258064516128,0.0,11.680745838396533,38.23529411764706,0.07912087912087912,75.83333333333334,9.909585321038852,17.857142857142858,-0.07782101167315174,77.10000000000001
2023,P001557   ,MUN,405.2,103.6,92,89,15,80,2598.84,6525.0,32,12.838707004262497,48.11715481171549,0.19743336623889438,11.434863387111239,45.70383912248629,0.16833871790511817,196.03333333333333,14.162761276013939,50.154320987654316,0.22470119521912352,209.16666666666666
2023,P001844   ,VIR,721.8333333333334,258.15999999999997,243,181,64,324,2432.72,6000.0,30,17.64172871720652,58.0895008605852,0.44885707688755483,18.050533855855736,56.935817805383024,0.4481063891298063,345.9,17.270942203564452,59.07960199004975,0.4495477921617308,375.93333333333334
2023,P001926   ,PAN,713.5666666666666,324.6,328,217,90,411,2273.36,5675.0,28,22.71127983303218,63.91270459859703,0.5759798196851498,23.855068956331838,61.69946891596376,0.5132394636935941,346.81666666666666,21.650477295148466,66.11698817672682,0.6353101567825494,366.75
2023,P001932   ,ULK,690.45,246.12,201,179,23,310,2684.36,6700.0,33,17.7942100200365,53.140862944162436,0.44898254761387496,18.19694517614079,57.484220018034264,0.43870566272557554,321.40000000000003,17.447467726618285,49.30278884462151,0.4579325294675518,369.05
2023,P002084   ,VIR,230.63333333333333,60.32,55,50,3,88,1860.72,4600.0,23,12.931415272823912,53.585346843335934,0.3815580286168522,12.000343521284004,41.6036308623298,0.3662337662337662,128.33333333333334,14.10252653990019,66.31832797427653,0.4007820136852395,102.3
2023,P002100   ,ASV,459.45,261.12,256,184,73,287,1697.48,4200.0,21,28.123961919745668,59.22635572829909,0.6246599194689303,27.774431925851836,60.78610603290676,0.6539164674448038,237.03333333333333,28.475230643258435,57.62743628185907,0.5934807043836643,222.41666666666666
2023,P002328   ,PAN,916.05,295.12,344,240,48,332,2749.12,6875.0,34,16.113447335296197,65.87009803921569,0.36242563178865783,15.696813475329966,62.1790757381258,0.34607705390815646,450.76666666666665,16.529046971170658,69.2409144196952,0.37826414012967013,465.2833333333333
2023,P002329   ,ZAL,951.95,271.48,259,203,67,365,2703.6,6825.0,34,14.398389438997445,55.70371644872677,0.3834234991333578,14.249982351643249,54.21686746987952,0.4011319419879731,471.1666666666667,14.550158609453748,57.189542483660134,0.36606926196831563,480.7833333333333
2023,P002553   ,RED,608.95,270.15999999999997,292,194,89,381,2565.4,6200.0,31,21.44401032100665,62.6179447589638,0.6256671319484358,22.01881032421466,60.07320178230426,0.6136472593618495,312.8833333333333,20.820567065433664,65.59359880908076,0.6383697365458231,296.06666666666666
2023,P002581   ,MCO,176.51666666666665,71.8,77,57,20,88,2522.32,6200.0,31,19.996787349337673,58.51063829787234,0.498536493248985,18.767764835317326,53.41880341880342,0.3831101956745623,80.91666666666667,21.096652926901548,62.30116648992577,0.596234309623431,95.6
2023,P002676   ,ZAL,459.5833333333333,107.88,109,75,27,126,1735.44,4425.0,22,11.97044607351269,62.73020257826888,0.2741613780598368,9.421943438518372,57.12365591397849,0.23196474135931336,215.55,14.211627004458272,65.65126050420169,0.311432864362792,244.03333333333333
2023,P002812   ,MIL,419.45,124.6,113,78,40,120,2676.12,6850.0,34,15.207324983464076,59.10041841004185,0.2860889259744904,17.795163543229055,58.62068965517241,0.29897967254607294,210.71666666666667,12.612894433249474,59.84042553191489,0.2730756946662408,208.73333333333335
2023,P002849   ,MIL,830.55,256.88,249,200,52,326,2676.12,6850.0,34,15.833593587812656,55.85965541995693,0.3925109866955632,15.684775631364676,58.21187344472094,0.4361493123772102,424.1666666666667,15.99020493641492,53.46139905762958,0.3469630480252635,406.3833333333333
2023,P002939   ,BAR,861.6666666666666,267.08,245,195,57,386,2812.2400000000002,6800.0,34,14.989550239651468,55.661577608142494,0.4479690522243714,15.87887902313179,56.21252498334444,0.4894253128114273,451.55,14.037913684442456,55.0,0.40232454179704963,410.1166666666667
2023,P002968   ,ULK,364.46666666666664,146.48,139,122,17,89,2534.04,6300.0,31,19.983777959962957,53.67624343527958,0.24419242729101887,19.827013754709093,57.9073482428115,0.2377068282451643,143.03333333333333,20.090105555945645,51.00755667506297,0.24838175523107028,221.43333333333334
2023,P002969   ,ULK,40.88333333333333,15.0,14,15,0,6,1624.08,4075.0,20,18.411753497148794,46.666666666666664,0.14675907052588666,8.449186153351574,0.0,-0.16925246826516221,11.816666666666666,22.56661317029206,53.84615384615385,0.27522935779816515,29.066666666666666
2023,P003048   ,VIR,661.55,150.48,162,113,42,237,2764.2,6800.0,34,11.19142927503646,61.60632795862489,0.35824956541455677,12.273680342602363,63.67663344407531,0.3492884864165589,334.96666666666664,10.06087558779572,59.08170155300473,0.367440673641235,326.5833333333333
2023,P003108   ,MAD,747.9333333333333,395.56,462,327,74,455,2778.92,6750.0,33,25.692549583179986,64.2451885638002,0.6083429895712631,25.88234165981711,59.07372400756144,0.5339805825242718,350.2,25.521666343523453,68.84591128862729,0.6738183037210861,397.73333333333335
2023,P003196   ,BAR,535.1333333333333,342.68,367,238,122,434,2725.2400000000002,6600.0,33,31.01672437636844,62.91140976412507,0.8110128316930361,33.44544641560688,64.32863113897596,0.8426428343440793,261.0833333333333,28.71164601823972,61.34526558891455,0.7808794015690567,274.05
2023,P003198   ,BAS,309.95,57.76,70,51,4,97,2750.16,6625.0,33,8.978286525761767,66.33813495072025,0.3129537022100339,10.52441547785122,79.3103448275862,0.37886340977068794,150.45,7.507911358784725,50.505050505050505,0.2507836990595611,159.5
2023,P003204   ,BAR,93.26666666666667,39.76,33,31,4,28,1579.44,3800.0,19,20.51305668114036,50.36630036630037,0.3002144388849178,20.25680181932642,40.48582995951417,0.34394904458598724,26.166666666666668,20.52645232823844,54.63286713286713,0.28315946348733234,67.1
2023,P003210   ,ZAL,363.7,173.32,147,137,28,110,2538.4,6425.0,32,24.123951567221404,49.2231449236539,0.30244707176244157,24.530444296249975,51.663306451612904,0.3217865306840162,189.56666666666666,23.665884251044876,46.45511720983419,0.2813935681470138,174.13333333333333
2023,P003211   ,ZAL,589.3666666666667,230.68,210,188,22,143,2627.72,6625.0,33,19.736092184811753,53.11614730878187,0.24263333521859623,19.736230596232634,47.35234215885947,0.20416843896214376,274.28333333333336,19.76722909581833,58.80579010856453,0.2761174292515208,315.0833333333333
2023,P003274   ,ASV,13.266666666666666,7.0,0,3,0,-8,1480.08,3650.0,18,26.02399055436091,0.0,-0.6030150753768845,27.59458042440465,0.0,-0.8294930875576036,3.6166666666666667,25.270199905038687,0.0,-0.5181347150259067,9.65
2023,P003478   ,BAR,369.68333333333334,118.92,145,98,18,140,1817.44,4400.0,22,15.57570162446214,68.44788519637463,0.3787024931247464,16.969378319494908,65.27415143603133,0.35967030222296226,200.18333333333334,14.005194879809093,72.80465949820788,0.40117994100294985,169.5
2023,P003479   ,RED,20.53333333333333,5.0,0,4,0,6,501.15999999999997,1200.0,6,11.661257570747555,0.0,0.29220779220779225,12.458316549212427,0.0,0.39823008849557523,15.066666666666666,8.943619423156422,0.0,0.0,5.466666666666667
2023,P003526   ,ASV,479.43333333333334,114.6,96,93,15,77,2457.28,6050.0,30,11.770288727566546,48.19277108433735,0.16060627129249808,12.260407133056379,44.604003481288075,0.1271836854031138,228.01666666666665,11.325492970051409,51.267710663683815,0.19091813059330462,251.41666666666666
2023,P003527   ,VIR,353.95,117.84,117,107,11,95,2594.8,6400.0,32,16.42316656523627,52.3068669527897,0.26839949145359515,15.394767669577847,49.53170028818443,0.22538234504963778,186.35,17.556445808235782,55.04261363636363,0.3162291169451074,167.6
2023,P003583   ,MUN,691.3666666666667,315.12,354,249,48,441,2282.6,5700.0,28,22.76368511259602,65.52643269657929,0.6378670266621668,24.635174609420602,69.28406466512702,0.767050384682131,288.1166666666667,21.42479683341845,62.46641590542719,0.5455672659640421,403.25
2023,P003733   ,MAD,294.6333333333333,71.52,79,63,8,91,2697.4,6550.0,32,11.788853454881691,59.38063740228503,0.30885846815250595,10.522367449602775,65.16587677725119,0.3169998964052626,160.88333333333333,13.308691798091015,53.41880341880342,0.29906542056074764,133.75
2023,P003842   ,PAN,981.9166666666666,418.24,463,268,196,648,2749.12,6875.0,34,21.303940234650867,65.35117434507679,0.6599338029364339,21.442928465852486,68.60260083755786,0.7087172218284904,493.85,21.160133326353137,61.93563324843714,0.6105723261849474,488.06666666666666
2023,P003941   ,OLY,398.48333333333335,153.84,179,105,61,316,1615.68,4275.0,21,20.430070970969922,67.88531553398057,0.7930068175164163,18.56311493549964,70.578231292517,0.703012912482066,209.1,22.496648262655846,65.71741511500548,0.8923699727184723,189.38333333333333
2023,P003958   ,BER,726.95,360.44,369,256,126,477,2404.32,5800.0,29,23.92181681016905,59.24094528641151,0.656166173739597,24.45381178690917,62.74577839463335,0.73081299785055,395.45,23.29349560810399,54.86572336124747,0.5671191553544495,331.5
2023,P003960   ,PAM,656.8166666666666,279.28,261,207,62,308,2604.0,6425.0,32,20.982528377515116,55.70257811166126,0.4689284173665914,20.034546319682857,52.57212374000695,0.4656387215357909,326.43333333333334,21.94635532798339,58.7248322147651,0.4721787822226706,330.3833333333333
2023,P003983   ,PAR,446.68333333333334,238.6,245,189,40,210,1892.8,4875.0,24,27.515067299030584,59.293320425943854,0.47013171150330213,30.84979298021304,65.37356321839081,0.6284779050736498,254.58333333333334,23.120240593219705,46.73590504451038,0.2602811035918792,192.1
2023,P004004   ,ULK,641.3833333333333,270.68,269,196,72,291,2603.8,6500.0,32,21.07047019126719,59.07413914265636,0.4537068315879739,19.407089127962912,67.84011734506784,0.5225225225225225,333.0,22.877883351326986,51.01180438448567,0.3793979354699238,308.3833333333333
2023,P004007   ,VIR,373.6666666666667,117.64,132,103,6,123,2269.56,5600.0,28,15.536279012312018,62.476334721696325,0.32917038358608386,14.680257932669614,58.16326530612245,0.22580333880150535,172.71666666666667,16.316687052020086,66.20762711864407,0.4180144314506096,200.95
2023,P004058   ,PAR,281.0833333333333,93.6,71,75,15,58,2223.48,5675.0,28,16.99821772800698,43.504901960784316,0.20634450044470798,13.713853602372337,47.86036036036035,0.2115003304692664,151.29999999999998,20.802720810090737,40.14756944444444,0.2003338898163606,129.78333333333333
2023,P004093   ,IST,1.55,0.0,0,0,0,0,1047.12,2500.0,12,0.0,,0.0,,,,0.0,0.0,,0.0,1.55
2023,P004172   ,PAR,362.06666666666666,81.96,63,61,9,80,2380.2,6050.0,30,11.507615047489237,48.49137931034483,0.22095378383354816,8.82923393819104,55.05181347150259,0.22529922553391224,142.03333333333333,13.16738019216201,46.445880452342486,0.21814876533858507,220.03333333333333
2023,P004194   ,ASV,764.5666666666667,400.12,390,310,73,402,2621.68,6450.0,32,25.750456324541087,56.997544721150476,0.5257880280769063,27.079084255886144,55.68445475638051,0.4992213570634038,374.5833333333333,24.499423057376507,58.331369314164505,0.5513056113509124,389.98333333333335
2023,P004197   ,MCO,284.55,85.08,105,76,7,82,2529.6,6225.0,31,14.715885163731008,66.38846737481032,0.2881743103145317,15.248835060168185,66.39722863741339,0.35668789808917195,117.75,14.35084349547116,66.38163816381639,0.2398081534772182,166.8
2023,P004233   ,TEL,165.26666666666665,57.76,53,47,4,33,2618.92,6025.0,30,16.080765969463396,54.34782608695652,0.19967728922952804,18.059637887901978,57.117750439367306,0.25947596031544135,65.51666666666667,14.785867643267114,51.92307692307692,0.16040100250626566,99.75
2023,P004508   ,MUN,410.85,147.16,166,131,14,120,1807.4,4500.0,22,17.835887293578633,60.5132691746865,0.29207740051113545,18.6614171281204,58.246073298429316,0.2583820362965241,216.73333333333335,16.904829241212866,63.364055299539174,0.3296986348415901,194.11666666666667
2023,P004554   ,IST,206.75,65.8,84,49,20,117,1026.08,2625.0,13,16.28390110701302,72.6643598615917,0.56590084643289,13.860974166494717,75.44861337683524,0.5573925366084082,105.85,18.783666876101865,70.61298076923077,0.574826560951437,100.9
2023,P004554   ,VIR,197.48333333333332,55.16,52,40,14,72,1383.84,3400.0,17,13.725141842224568,56.3258232235702,0.3645877289222719,16.879980680994933,59.70724191063174,0.4826732673267327,80.8,11.529929665859058,51.98019801980198,0.28281674046564775,116.68333333333334
2023,P004603   ,BAS,617.5333333333333,208.4,203,155,60,274,2836.44,6825.0,34,16.240386466048196,55.953693495038586,0.4437007448990608,15.551333587132566,52.64288783841857,0.38463464716782686,332.78333333333336,17.039348061796225,59.4429347826087,0.5127304653204565,284.75
2023,P004720   ,RED,132.03333333333333,22.88,22,18,2,10,2061.76,5000.0,25,8.404934295944514,58.26271186440678,0.07573844988639232,7.454832317883225,33.333333333333336,0.03476245654692932,57.53333333333333,9.213701619561414,69.87577639751552,0.10738255033557047,74.5
2023,P004761   ,BAS,824.9166666666666,335.28000000000003,350,280,62,276,2676.36,6425.0,32,19.51444331957587,56.95131476178079,0.33457925042933634,22.225545920648834,50.631403383369076,0.2898055139987177,389.9166666666667,17.061355907302428,64.56241032998565,0.37471264367816093,435.0
2023,P004790   ,MCO,265.98333333333335,86.84,77,68,11,64,2693.72,6625.0,33,16.05938160271496,52.855573860516195,0.24061657998621466,15.279825049359376,53.64271457085829,0.2064435408195183,159.85,17.17392919078992,51.89255189255189,0.29208542713567837,106.13333333333334
2023,P004863   ,PAM,458.01666666666665,142.32,133,99,28,190,2196.8,5425.0,27,15.3470133758309,59.73769313690263,0.4148320657909101,14.220862328583644,58.811802232854866,0.3923458149779736,242.13333333333333,16.64200213248715,60.4970568999346,0.4400524974909288,215.88333333333333
2023,P004866   ,BAR,846.6833333333333,283.76,268,223,29,311,2812.2400000000002,6800.0,34,16.207524686172047,56.83746182558534,0.36731560402354285,15.438765927157279,49.16463626870867,0.3098908780241544,429.18333333333334,16.988859105179603,64.13439258523667,0.42634730538922155,417.5
2023,P004887   ,MAD,596.1666666666666,229.76,285,171,79,436,2675.88,6525.0,32,18.79535837452917,69.2554432348367,0.7313391109868606,19.05796156685342,69.11817853270689,0.7948731757229791,309.48333333333335,18.51474134845267,69.4152292806058,0.6627521655717691,286.68333333333334
2023,P004888   ,IST,679.0333333333333,325.12,310,257,73,348,1904.44,4825.0,24,24.26121859864554,53.610957387935805,0.5124932502086299,25.235590404098353,52.23788328387735,0.5081061498052714,368.0333333333333,23.162111894736473,55.35489949748744,0.5176848874598071,311.0
2023,P005094   ,ASV,232.6,86.04,85,71,16,92,1036.68,2600.0,13,18.554502532407923,54.4592516658124,0.3955288048151333,21.178480582920248,64.51612903225806,0.5577816957845808,103.98333333333333,16.481088777759663,45.29872673849167,0.26435143190358945,128.61666666666667
2023,P005099   ,RED,523.1666666666666,241.8,207,188,45,213,2140.36,5200.0,26,22.45756908840951,49.8075072184793,0.40713603058298825,22.511853288227353,45.66982408660352,0.40136093650885185,289.01666666666665,22.376915820776983,55.27020991514069,0.41426436045270126,234.15
2023,P005145   ,TEL,298.3666666666667,83.76,76,71,4,53,2980.28,6825.0,34,12.857660353011077,52.226498075865855,0.1776337839347559,12.51433846476679,60.12304250559284,0.15706806282722513,152.8,13.21803867069761,44.5945945945946,0.19922143347836044,145.56666666666666
2023,P005161   ,PAN,117.41666666666667,28.2,27,23,5,31,1115.52,2800.0,14,12.056743653107818,53.57142857142857,0.2640170333569908,13.234805277275852,58.21078431372549,0.27266530334015,73.35,10.109129456528985,45.04504504504504,0.2496217851739788,44.06666666666667
2023,P005356   ,PAM,410.4166666666667,142.56,127,110,24,155,2043.52,5025.0,25,17.082831892734898,52.67086927670869,0.37766497461928933,18.400620761626456,49.22434367541766,0.3634251576501825,200.86666666666667,15.785287812758769,56.988041853512705,0.3913147220233834,209.55
2023,P005460   ,MUN,141.51666666666665,65.04,68,49,16,70,1441.0,3650.0,18,23.282618465843456,60.67094932191292,0.49464138499587806,23.71019863509514,58.59375,0.4539057002111189,94.73333333333333,22.398654313949443,65.19274376417233,0.5771286070537941,46.78333333333333
2023,P005478   ,MUN,93.56666666666666,17.759999999999998,15,12,4,20,1241.2,3050.0,15,9.328458238410233,54.50581395348837,0.21375133594584966,11.411776075080553,25.510204081632654,0.02382843526608419,41.96666666666667,7.573433943945991,76.14213197969544,0.36821705426356593,51.599999999999994
2023,P005504   ,ZAL,513.9333333333334,225.2,256,172,55,302,2703.6,6825.0,34,22.123397022070627,65.2395514780836,0.5876248540666752,20.987552652801163,60.83118001722653,0.5455615882776215,254.78333333333333,23.265736708452877,69.20247773906311,0.6289793555855683,259.15
2023,P005553   ,VIR,62.6,23.2,26,17,5,19,978.6,2400.0,12,18.178149785603612,67.70833333333334,0.3035143769968051,15.895324205742227,49.10714285714286,0.173841059602649,40.266666666666666,22.219561361170328,93.75,0.5373134328358209,22.333333333333332
2023,P005670   ,MIL,362.3833333333333,143.88,120,112,27,73,2432.0,6250.0,31,20.406976110883843,48.43396835647401,0.20144414294255622,20.241195282042717,45.20939086294416,0.23010546500479387,191.21666666666667,20.59447232011315,51.77514792899408,0.16942551119766308,171.16666666666669
2023,P005775   ,MIL,47.18333333333334,17.439999999999998,7,11,1,11,239.40000000000003,600.0,3,18.527420635658373,30.594405594405597,0.23313316849169902,16.60833746283449,20.161290322580644,0.17578125,34.13333333333333,23.590052075039953,50.0,0.38314176245210724,13.05
2023,P005791   ,MAD,663.9,263.15999999999997,277,172,89,428,2440.92,5950.0,29,19.324604956792605,65.59007387762834,0.6446754029221269,20.402903573582165,65.2627915071354,0.6848241402958753,340.23333333333335,18.177783683097545,65.98088113050707,0.6024716786817713,323.6666666666667
2023,P005836   ,RED,10.166666666666666,3.0,3,3,0,0,86.72,200.0,1,13.610791845623375,50.0,0.0,,,,,13.610791845623375,50.0,0.0,10.166666666666666
2023,P005844   ,ULK,485.15,144.72,173,119,13,205,2528.2400000000002,6300.0,31,14.8663640992132,69.35535599743426,0.42254972688859116,17.26341395756382,72.34726688102894,0.4665192036999799,248.65,12.317753621791288,64.89616613418531,0.3763213530655391,236.5
2023,P005928   ,MAD,811.5166666666667,393.44,363,270,101,518,2693.8,6550.0,32,23.57691701128445,57.721663910443965,0.6383109814955537,23.045344700615555,59.79498861047836,0.6628982528263104,454.06666666666666,24.253711177872855,55.09939498703544,0.6070779129948245,357.45
2023,P005985   ,MCO,1063.4333333333334,631.24,635,483,171,683,2773.16,6825.0,34,29.217426894747796,56.87517913442247,0.6422593486505971,29.99010689312758,54.36317424456369,0.5960454675709236,523.45,28.46238352117953,59.46319464649404,0.6870582425383499,539.9833333333333
2023,P006068   ,ULK,165.4,40.2,50,36,5,64,808.72,2025.0,10,12.171592040949541,65.44502617801047,0.38694074969770254,12.643694520749417,72.70168855534709,0.5357142857142857,84.0,11.675648646476656,56.27962085308057,0.2334152334152334,81.4
2023,P006158   ,ZAL,11.683333333333334,6.0,6,6,0,-2,81.16,200.0,1,25.310599727629825,50.0,-0.17118402282453637,25.310599727629825,50.0,-0.17118402282453637,11.683333333333334,,,,
2023,P006245   ,MUN,27.0,12.440000000000001,8,8,1,4,1066.08,2650.0,13,22.905653665071352,47.39336492890995,0.14814814814814814,30.228354910529468,38.81987577639752,-0.06622516556291391,15.1,12.94152157783031,75.0,0.42016806722689076,11.9
2023,P006251   ,BER,530.3,165.6,142,141,15,103,2743.6,6600.0,33,15.024216817197969,48.1029810298103,0.19422968131246465,13.38223712994955,51.945910290237464,0.20599498217351114,252.43333333333334,16.488438242255317,45.4231830726771,0.1835412667946257,277.8666666666667
2023,P006302   ,OLY,116.18333333333334,37.519999999999996,21,29,8,3,1414.44,3650.0,18,16.666995873546924,32.28782287822878,0.02582125950365801,18.5651166329278,33.60215053763441,0.0,53.93333333333334,15.05023121956291,31.179138321995463,0.04819277108433735,62.25
2023,P006372   ,IST,124.13333333333334,30.759999999999998,20,23,4,30,1207.72,3025.0,15,12.413293668235248,40.38772213247172,0.24167561761546721,13.208654970546519,59.74264705882352,0.24110218140068887,58.06666666666666,11.746525078794058,25.216138328530256,0.2421796165489405,66.06666666666666
2023,P006433   ,MIL,122.81666666666666,48.760000000000005,36,35,4,30,410.88,1025.0,5,19.80821083016375,48.966267682263336,0.24426652191613518,17.063722185874685,56.262230919765166,0.26960784313725494,81.6,24.96673618649884,39.82843137254902,0.1940962393853619,41.21666666666667
2023,P006433   ,PAM,162.85,42.2,23,31,5,23,960.96,2400.0,12,12.943764862708676,34.63855421686747,0.14123426466073075,10.433897709956565,75.91093117408906,0.28701891715590344,76.65,15.162847534045628,17.152658662092623,0.01160092807424594,86.2
2023,P006435   ,BAR,634.1333333333333,353.40000000000003,357,263,60,347,2308.64,5600.0,28,27.036331898875982,61.679336558396685,0.5472035323801514,25.185929211644673,61.18143459915612,0.5021280665678352,348.51666666666665,29.26515708760564,62.16032608695652,0.6022057536324911,285.6166666666667
2023,P006436   ,RED,864.2833333333333,329.6,341,274,65,334,2810.0,6800.0,34,18.457107991405607,56.345009914077984,0.38644734558497407,18.89295149087614,58.8042049934297,0.4141772969481673,412.8666666666667,18.068434258627697,53.8563829787234,0.3610854716632823,451.41666666666663
2023,P006509   ,MIL,495.28333333333336,147.48,167,123,17,169,2436.16,6250.0,31,15.278602072395167,63.994481912936855,0.3412188309721708,15.02043762729655,62.703583061889255,0.3366634733816888,243.56666666666666,15.528016882894653,65.14186450492183,0.34562669668277823,251.71666666666667
2023,P006540   ,MAD,696.95,378.88,458,282,127,490,2770.04,6750.0,33,26.494015518278264,67.77554161240677,0.7030633474424277,26.136603896231343,61.74937684115114,0.5976423284291328,364.76666666666665,26.88590074552909,74.36787307882994,0.8188249460639205,332.18333333333334
2023,P006543   ,MUN,143.91666666666666,27.84,20,14,11,31,1366.6,3475.0,17,9.837880153629595,53.07855626326964,0.21540243196294154,8.825362780254029,37.553648068669524,0.0990566037735849,70.66666666666667,10.810057811520512,68.27731092436976,0.32764505119453924,73.25
2023,P006544   ,PAN,17.016666666666666,10.0,11,8,0,12,1099.8799999999999,2825.0,14,30.187604474490445,68.75,0.7051909892262488,26.229954792442825,150.0,2.0338983050847457,1.9666666666666668,30.58857516717506,57.142857142857146,0.5315614617940199,15.05
2023,P006568   ,ASV,611.1166666666667,247.44,273,186,76,397,2629.64,6450.0,32,19.86274155791906,62.203791469194314,0.6496304579049281,18.88187189631949,64.78658536585365,0.6740485917007095,310.06666666666666,20.860310308381028,59.83577917540182,0.6244809832253778,301.05
2023,P006589   ,OLY,206.33333333333334,56.8,50,40,20,74,2003.28,5250.0,26,14.428679453579813,51.22950819672131,0.3586429725363489,15.22434101248148,48.98119122257054,0.42790050443555405,95.81666666666666,13.73288406509044,53.69415807560137,0.29859749660684665,110.51666666666667
2023,P006590   ,IST,696.9333333333334,292.16,308,248,39,287,2442.0,6125.0,30,21.029064266102722,58.07814149947201,0.41180409412665003,19.464210427490052,50.72923272035511,0.24505529805883164,363.18333333333334,22.718525687254086,64.74820143884892,0.5932584269662922,333.75
2023,P006643   ,PAM,331.8833333333333,108.84,79,79,11,57,2192.0,5425.0,27,16.23275665202023,47.11354961832061,0.17174709988449757,15.96655876347616,43.256433007985805,0.18387986515476554,163.15,16.511682229295165,51.59958720330238,0.16001580403002763,168.73333333333335
2023,P006661   ,ULK,839.65,437.8,450,353,70,438,2764.4,6900.0,34,26.028891136856767,58.62428348097968,0.5216459238968618,26.774631334979155,59.73278720499317,0.5408259475768433,441.9166666666667,25.18153250568708,57.352282900626676,0.500335232986926,397.73333333333335
2023,P006701   ,MIL,135.75,69.72,79,59,13,61,1808.36,4650.0,23,26.412870169962,61.032138442521635,0.44935543278084716,28.065771663252185,51.39056831922612,0.2222771054581378,67.48333333333333,24.809181699379902,71.11251580278129,0.673828125,68.26666666666667
2023,P006721   ,MIL,10.716666666666667,2.88,5,2,2,5,995.44,2600.0,13,14.038510163108938,86.80555555555556,0.4665629860031104,11.234701682814892,132.97872340425533,0.703125,8.533333333333333,24.436790169428416,0.0,-0.45801526717557256,2.183333333333333
2023,P006739   ,VIR,545.9833333333333,149.64,127,103,31,166,2590.84,6400.0,32,13.54059317619619,54.44101508916324,0.30403858481638635,14.910299036835578,51.235684147076554,0.25322475182785475,280.3833333333333,12.062454540609638,58.6714399363564,0.3576807228915662,265.6
2023,P006760   ,MUN,617.6333333333333,205.16,181,148,39,222,2523.04,6300.0,31,16.588547973609256,54.79534996367159,0.35943655890765824,15.333472809610074,59.648662821185106,0.3885929175806957,319.1,17.93759879553229,50.63006300630063,0.32827154979901746,298.5333333333333
2023,P006819   ,BER,104.26666666666667,31.64,25,23,6,20,2145.72,5200.0,26,14.707920550625184,48.75195007800312,0.1918158567774936,15.883487581600793,55.84192439862543,0.25728987993138935,38.86666666666667,13.989881634030796,42.857142857142854,0.1529051987767584,65.4
2023,P006860   ,ZAL,120.38333333333334,29.64,26,22,6,31,2546.72,6425.0,32,12.423208198844673,52.75974025974026,0.2575107296137339,12.412180046162865,29.166666666666668,-0.03550295857988166,56.33333333333333,12.449645328887996,75.15822784810126,0.5152224824355971,64.05000000000001
2023,P006919   ,BER,375.1333333333333,128.12,151,104,23,186,1401.76,3400.0,17,16.567864102478335,66.1584297230985,0.4958237071263551,17.23837529541034,68.22953114065781,0.47039291643608194,180.7,15.974562091004893,64.08005617977528,0.5194582547574147,194.43333333333334
2023,P006961   ,ULK,395.75,137.48,180,113,17,145,2283.96,5675.0,28,17.26338546641243,74.7011952191235,0.3663929248262792,16.659545532886032,73.61431870669746,0.39280575539568346,231.66666666666666,18.096142920868072,76.171875,0.3291010665312341,164.08333333333334
2023,P007025   ,BER,316.0,78.08,86,68,7,64,2566.16,6200.0,31,11.9396247084251,60.495216657287564,0.20253164556962025,12.107941242479281,55.587229190421894,0.15727391874180865,165.31666666666666,11.76109104526527,65.27777777777777,0.25218449286583344,150.68333333333334
2023,P007032   ,MIL,405.93333333333334,163.24,159,127,21,163,1666.0,4225.0,21,20.396402936277156,58.35290663534938,0.4015437674494991,21.352583632460515,51.183621241202815,0.30703386676590994,179.13333333333333,19.642307657006825,64.43298969072166,0.47619047619047616,226.8
2023,P007056   ,MUN,741.6666666666666,299.12,272,225,48,298,2300.36,5700.0,28,19.98691362622089,55.25759791971396,0.4017977528089888,20.78295570529339,56.31320870364694,0.4525627044711014,366.8,19.201369712024302,54.06574394463668,0.3521252000711364,374.8666666666667
2023,P007109   ,ZAL,711.0666666666666,302.36,326,244,44,324,2454.52,6225.0,31,21.56834355420359,61.892466585662206,0.45565347834239645,22.902969818748183,59.29398786541644,0.44637655178595437,371.8833333333333,20.081493494886807,65.07775524002705,0.4658247751953221,339.18333333333334
2023,P007200   ,IST,1077.3833333333334,513.84,571,388,136,684,2793.48,6925.0,34,23.646227474075168,63.75044658806716,0.6348715251458007,23.8857842082898,60.57945566286216,0.6127982646420824,553.2,23.4030232694822,67.03326667878568,0.6581666719659152,524.1833333333334
2023,P007201   ,MIL,687.2,258.28,237,195,37,321,2676.12,6850.0,34,19.24077718411398,56.08670957970466,0.46711292200232823,19.11387869391589,62.571646923958724,0.5714285714285714,337.75,19.360445519551565,49.71857410881801,0.36628988410359137,349.45
2023,P007230   ,BAS,823.2666666666667,223.16,268,163,64,447,2599.2,6225.0,31,12.983909336698678,70.09834693450513,0.5429589440440522,13.970783079934689,69.44444444444444,0.5725709112854557,441.8666666666667,11.806629302619632,70.96069868995633,0.508652333508128,381.4
2023,P007400   ,PAR,888.1833333333333,352.88,394,269,77,416,2546.96,6475.0,32,20.2009628209263,65.04226096143687,0.46837177009251096,20.96033624989038,65.70553712681807,0.48752705319512474,438.95,19.466643447672922,64.33068710648782,0.44965496772278696,449.23333333333335
2023,P007464   ,BAR,340.3333333333333,95.72,77,77,13,72,2471.44,6000.0,30,13.656184550047044,46.54255319148936,0.21155729676787463,9.962176237170624,71.77033492822967,0.29993024877935365,143.36666666666667,16.242504029956013,35.56557945870923,0.14723303435437468,196.96666666666667
2023,P007513   ,ZAL,497.3666666666667,157.44,145,123,26,108,2544.4,6425.0,32,15.986601382804437,53.927402558762275,0.2171436230815629,15.11583787161861,45.994065281899104,0.13090349075975358,259.73333333333335,16.943050989789345,61.90334128878281,0.3114041240005611,237.63333333333333
2023,P007519   ,BAR,497.6,214.12,176,162,23,183,2550.96,6200.0,31,20.916783412325096,51.12712061352545,0.36776527331189707,20.41429405629458,45.02476361999099,0.33992094861660077,253.0,21.42977133291383,57.636887608069166,0.39656582174979554,244.60000000000002
2023,P007550   ,BER,174.21666666666667,81.08,48,50,7,35,1321.52,3200.0,16,22.538773220777223,45.214770158251696,0.20089926336936764,21.628787079129893,49.528301886792455,0.13295729250604352,82.73333333333333,23.286159360372576,42.346298619824346,0.2623428675532884,91.48333333333333
2023,P007553   ,PAN,174.91666666666666,63.2,68,44,30,73,2582.88,6475.0,32,18.115545858201518,59.44055944055944,0.41734159123392095,18.279065635172977,67.56756756756756,0.5697812447006952,98.28333333333333,17.874272914073988,47.49568221070812,0.2218355806872553,76.63333333333334
2023,P007639   ,MUN,249.41666666666666,91.16,106,72,14,122,2365.4,5925.0,29,18.310179573764334,67.80962128966223,0.4891413297694621,16.14997804396624,65.48713235294117,0.4960295877297944,153.21666666666667,21.742878737266594,70.72748267898383,0.47817047817047814,96.2
2023,P007673   ,PAR,264.4,54.52,54,45,8,53,1657.1200000000001,4225.0,21,10.514706301233558,55.64715581203627,0.20045385779122543,11.372656197811777,48.75195007800312,0.16560030109145654,132.85,9.647257655739741,63.37412587412588,0.2356518434055492,131.55
2023,P007831   ,MIL,882.7666666666667,427.32,456,334,78,487,2299.6,5850.0,29,24.62866410387279,61.90269331016508,0.5516746592153458,23.908246640682787,58.28152753108348,0.5404167620792306,436.7,25.33145287821431,65.36989795918367,0.5626961590195786,446.06666666666666
2023,P007853   ,OLY,362.8833333333333,148.35999999999999,147,111,44,124,1997.6399999999999,5250.0,26,21.489280558701758,56.38232586683031,0.34170761952877415,22.64301676520618,62.613156306578155,0.48804105742229104,172.11666666666667,20.448118535155036,49.93757802746567,0.20968023763760268,190.76666666666665
2023,P007866   ,PAN,886.7833333333333,355.64,369,286,81,452,2517.04,6250.0,31,19.91649791447528,57.36226837458028,0.509707369331103,20.926814792329147,62.1875743870507,0.6086221470836856,433.76666666666665,18.920853439179652,52.083333333333336,0.41499576910341784,453.01666666666665
2023,P007870   ,PAM,626.05,350.64,338,260,81,343,2283.24,5625.0,28,27.596461301297,57.1641185225274,0.5478795623352768,26.284641106222324,56.28578865174388,0.495334863953886,341.18333333333334,29.190421712885254,58.1149619611158,0.6108120758249473,284.8666666666667
2023,P007946   ,BAS,108.55,42.28,40,26,12,26,998.8,2425.0,12,18.913345484872035,63.9386189258312,0.23952095808383234,20.173738682838263,65.21739130434783,0.32051282051282054,62.4,17.014482645761234,62.11180124223602,0.13001083423618634,46.15
2023,P007947   ,PAN,369.0833333333333,164.92,134,131,18,101,2035.28,5075.0,25,22.28387784968748,48.22919665994817,0.2736509370060962,21.017254248326203,48.99559039686428,0.2790272165891591,218.61666666666667,24.101099132624984,47.13687150837989,0.26583961010190515,150.46666666666667
2023,P007960   ,RED,598.2333333333333,145.12,157,123,23,200,2560.76,6200.0,31,11.746526679796654,58.96935096153846,0.33431771326684123,11.464635421376316,44.867758186397985,0.24475317765297072,281.9166666666667,12.028033874952737,71.83908045977012,0.41414194636176827,316.31666666666666
2023,P007975   ,MUN,636.5666666666667,366.84000000000003,350,287,86,354,2698.68,6725.0,33,28.721273013581296,53.872675778844965,0.5561082892600931,29.118050537762716,46.540797465011885,0.46861440555394857,288.0833333333333,28.407897956036198,60.27918781725888,0.6284375149457171,348.48333333333335
2023,P007982   ,OLY,522.0,234.0,211,192,25,200,1939.12,5075.0,25,23.464251825570365,51.970443349753694,0.3831417624521073,23.111204688212794,51.37786081270434,0.3793691389599318,234.6,23.76138180166085,52.40286298568507,0.3862212943632568,287.4
2023,P007990   ,TEL,356.7833333333333,105.92,115,86,18,142,2336.28,5425.0,27,13.787269360324483,61.222316865417376,0.398000653991685,10.946171336877747,53.86875612144956,0.3345323741007194,185.33333333333334,16.891035229809365,66.88018085908064,0.4666083406240887,171.45
2023,P008072   ,BAS,122.53333333333333,44.04,36,25,16,34,1595.12,3825.0,19,17.236978388000704,56.17977528089888,0.2774755168661589,16.434504551638067,59.27835051546392,0.48170011806375446,70.58333333333333,18.273811080010216,51.42405063291139,0.0,51.95
2023,P008084   ,PAN,101.66666666666667,19.32,27,16,3,22,1963.16,4875.0,24,9.437945313327225,77.9445727482679,0.21639344262295082,6.197530429389711,71.72131147540983,0.12775017743080197,46.96666666666667,12.243287097193711,80.38585209003216,0.29250457038391225,54.7
2023,P008099   ,MCO,194.58333333333334,68.92,64,57,18,71,1469.36,3600.0,18,17.35577108604961,49.29143561306223,0.36488222698072803,17.717795561676898,55.45286506469501,0.4979581082861283,126.51666666666667,16.539785343198112,36.96857670979667,0.11753183153770813,68.06666666666666
2023,P008173   ,BER,512.3333333333334,257.04,182,177,41,153,2063.52,5000.0,25,24.31304854755074,46.65709598031173,0.298633702016916,25.102010100991546,47.78119507908611,0.3069726648150855,228.03333333333333,23.636347596332616,45.67307692307692,0.29194512838550823,284.3
2023,P008211   ,BER,574.0833333333334,233.12,176,164,23,158,2813.96,6800.0,34,19.625719362833077,50.539857569492305,0.2752213673973,20.19790652007089,47.74897680763984,0.22864293026959392,293.0333333333333,19.05373605848899,53.389043639740024,0.323785803237858,281.05
2023,P008296   ,VIR,0.0,0.0,0,0,0,0,161.12,400.0,2,,,,,,,0.0,,,,0.0
2023,P008384   ,BER,436.45,216.8,207,172,45,201,2067.16,5000.0,25,24.02982938880987,53.96246089676746,0.4605338526749914,24.586182808830845,56.629260182876145,0.5217391304347826,216.58333333333334,23.4618099394566,51.27668480535789,0.4002425712553062,219.86666666666667
2023,P008780   ,BER,244.81666666666666,111.04,86,77,16,88,999.4,2400.0,12,21.78413726702902,51.16611137553546,0.3594526516440874,18.92338607760504,37.41685144124169,0.2930914166085136,119.41666666666666,24.508065130626477,61.50959132610509,0.42264752791068577,125.4
2023,P008780   ,PAM,40.53333333333333,15.879999999999999,12,9,2,9,395.4,1000.0,5,19.816707930676465,60.72874493927125,0.22203947368421054,12.85792236868646,100.0,0.4580152671755725,15.283333333333333,24.27735033565276,50.76142131979695,0.07920792079207921,25.25
2023,P008811   ,OLY,678.5833333333334,179.8,222,118,70,423,2211.52,5850.0,29,14.017852603707425,74.59677419354838,0.6233574849564042,15.65415147356074,74.82629609834314,0.6892479467496913,310.48333333333335,12.655450309269527,74.36452136289886,0.5677804944308611,368.1
2023,P008829   ,OLY,857.2166666666667,355.44,442,282,76,486,2550.2,6675.0,33,21.706145917299658,70.06086735987826,0.566951179204013,20.16274666340062,70.72570725707257,0.5793251974156496,464.33333333333337,23.513009243785085,69.3535723632557,0.552326814575998,392.8833333333333
2023,P008847   ,VIR,457.03333333333336,219.6,209,171,40,200,1967.16,4800.0,24,23.44855084116226,55.40827147401909,0.43760484282692724,23.606667690378647,58.194549583648744,0.4712041884816754,248.3,23.25763854359744,51.85721177038109,0.39763653784733316,208.73333333333332
2023,P008850   ,BAS,165.28333333333333,34.0,23,28,0,-6,2836.44,6825.0,34,9.899400715749067,41.07142857142857,-0.03630130079661188,12.653276160281475,33.333333333333336,-0.014680694886224612,68.11666666666667,7.964011195345763,50.0,-0.05145797598627787,97.16666666666667
2023,P008855   ,OLY,887.85,337.56,287,255,49,342,2548.48,6675.0,33,19.91642637688147,51.887474689036736,0.38520020273694877,20.102053355721885,52.05498094719651,0.446882720534806,458.73333333333335,19.73016389305038,51.69753086419753,0.31926049636850895,429.1166666666667
2023,P008962   ,ULK,938.7,389.8,436,308,95,492,2434.0,6075.0,30,20.728635793185543,62.32132647226987,0.5241291147331415,19.012137577521703,60.519091589717995,0.4539098633967946,464.85,22.440216888662075,63.84550443224989,0.5930146670887412,473.85
2023,P008966   ,RED,328.3333333333333,133.72,110,112,13,83,2637.6,6400.0,32,19.76434506681201,46.72103295956507,0.25279187817258886,19.649226832225985,51.470588235294116,0.25415226842046595,149.51666666666665,19.91011101305288,42.640555906506634,0.2516543946313729,178.81666666666666
2023,P008967   ,BER,658.95,283.84000000000003,303,232,36,239,2466.52,6000.0,30,20.95645120750051,61.1281471917366,0.3626982320358145,20.81535721353651,66.40373470701867,0.40800000000000003,333.3333333333333,21.10429255905575,55.8252427184466,0.3163228745457337,325.6166666666667
2023,P008985   ,MUN,593.45,290.04,252,212,41,277,2450.32,6100.0,30,24.333847842319027,54.77308294209703,0.4667621535091414,25.344253935085852,54.824561403508774,0.4644945697577276,299.25,23.320386799929192,54.71833512737711,0.46906866077498305,294.2
2023,P008987   ,PAR,871.8166666666667,284.48,296,208,92,380,2294.92,5875.0,29,16.706939035613544,59.56213779781069,0.4358714561547726,18.220871235730396,63.54748603351956,0.5159221744516506,457.43333333333334,15.05071586992305,54.141337386018236,0.34750432369384227,414.3833333333333
2023,P009005   ,MAD,533.9833333333333,191.16,226,149,39,252,2074.52,5025.0,25,17.342741683699288,68.00674049109293,0.4719248415993008,18.33311576590026,71.60647571606476,0.5601771500389011,278.48333333333335,16.264512238520513,63.03724928366763,0.37573385518590996,255.5
2023,P009035   ,RED,840.9333333333333,285.4,338,211,85,482,2724.28,6600.0,33,16.44426967481095,68.0354267310789,0.5731726652925322,16.596055419669735,66.8429003021148,0.6050930612880617,428.0333333333333,16.263741831834196,69.39655172413794,0.5400823443933156,412.9
2023,P009048   ,BAS,986.2166666666667,359.24,289,247,71,459,2836.44,6825.0,34,17.529575537763904,51.9335825186889,0.46541496966521895,16.14106920040443,43.08859014133057,0.29249682068673166,471.8,18.822539872887845,58.26140567200987,0.6240077757978293,514.4166666666666
2023,P009101   ,PAM,49.266666666666666,14.2,11,10,5,7,717.36,1800.0,9,14.464402855576445,45.08196721311476,0.14208389715832206,17.78198372147155,40.983606557377044,0.11516314779270631,26.050000000000004,10.630883384292346,51.22950819672131,0.17229002153625267,23.21666666666667
2023,P009212   ,PAR,111.93333333333334,44.480000000000004,50,29,17,61,1442.04,3675.0,18,20.25421302350953,68.53070175438596,0.5449672424061941,21.321698030415785,45.45454545454546,0.3378921962992759,41.43333333333334,19.575011102771914,81.61512027491409,0.6666666666666666,70.5
2023,P009213   ,MAD,239.0,67.28,58,52,12,69,2201.68,5350.0,26,13.680994308036208,50.62849162011173,0.28870292887029286,13.325491323245087,70.4656862745098,0.2203750241639281,86.21666666666667,13.813140614116017,42.724609375,0.3272608268790226,152.78333333333333
2023,P009513   ,IST,233.91666666666666,57.64,54,49,6,67,2180.8,5425.0,27,12.25961142631316,52.285050348567005,0.28642679016743855,12.11181903066986,57.117750439367306,0.2951259502161276,111.81666666666666,12.386148256854197,48.47645429362881,0.2784602784602785,122.1
2023,P009549   ,VIR,660.4166666666666,266.0,255,199,50,309,2354.6,5800.0,29,19.842868821644778,57.69230769230769,0.4678864353312303,18.504297236200543,61.63533167789996,0.49617413621025613,350.68333333333334,21.359022511044714,53.584626755358464,0.4358588032716315,309.73333333333335
2023,P009622   ,TEL,924.1666666666666,498.52,388,383,58,368,2820.12,6425.0,32,24.57920463757101,47.48849505532165,0.39819657348963033,25.257519600859695,47.217615625575824,0.3814393808520195,482.3833333333333,23.842380997812924,47.79565399080652,0.41649375636624286,441.78333333333336
2023,P009664   ,IST,586.5833333333334,158.92000000000002,191,138,18,234,1981.24,5025.0,25,13.742881807143016,65.4468201754386,0.39892030117914473,12.731378614022784,63.18207926479035,0.3619413216342199,303.9166666666667,14.82923315635218,67.51442055584688,0.4386792452830188,282.6666666666667
2023,P009754   ,MCO,322.85,161.72,154,131,38,127,1224.6,3025.0,15,24.747085652694437,52.12564310858381,0.3933715347684683,23.722698182464303,39.395229982964224,0.28971511347175277,103.55,25.236808767762078,58.05875347360063,0.4423164614683082,219.3
2023,P009783   ,TEL,953.3833333333333,375.28000000000003,435,315,87,500,2980.28,6825.0,34,18.028659956927537,61.56589673913044,0.5244480184605702,17.543238844600598,60.59515238780897,0.5131891037159492,463.76666666666665,18.488871850325808,62.433011789924976,0.5351125029785206,489.6166666666667
2023,P009846   ,IST,505.3666666666667,228.68,228,171,47,273,1888.16,4700.0,23,22.527378244237493,59.47412353923205,0.5402018336521338,24.87072231286447,59.92196209587514,0.4880838894184938,262.25,20.011255356961794,58.90052356020942,0.5964214711729622,243.11666666666667
2023,P009849   ,ULK,553.0,260.32,276,205,53,242,2599.08,6500.0,32,23.54540197434168,60.44148563419762,0.4376130198915009,24.459702756668488,62.55864873318737,0.46671852428047567,299.96666666666664,22.41090712806385,57.745917960971724,0.40310894480305626,253.03333333333333
2023,P009862   ,PAR,815.5333333333333,416.88,419,309,102,397,2232.36,5675.0,28,25.98968243243163,59.20085904826495,0.4867980053952424,24.78707465173105,57.170080990948065,0.4197772132108657,426.4166666666667,27.289017168925117,61.034631103463106,0.5602432860752987,389.1166666666667
2023,P009863   ,TEL,762.5166666666667,484.88,478,343,152,527,2374.0,5400.0,27,28.928636949612436,58.30974919488631,0.6911324342637319,27.352583778316014,57.25992855641941,0.6677568819841919,366.9,30.38720510114158,59.2201166180758,0.7128112229852129,395.6166666666667
2023,P009917   ,ZAL,96.66666666666667,37.2,31,26,5,6,646.64,1600.0,8,19.04379988652216,54.9645390070922,0.06206896551724138,24.120297906472505,55.23255813953489,0.08456659619450317,47.3,14.123115909084795,54.54545454545455,0.04051316677920324,49.36666666666667
2023,P009960   ,MIL,385.95,153.76,158,112,29,141,2521.92,6450.0,32,20.378430356370284,63.32157742866303,0.36533229692965413,19.33040969582567,71.52145643693108,0.4063315926892951,204.26666666666665,21.558246651096987,55.34471853257432,0.31923676726905786,181.68333333333334
2023,P009992   ,BAR,418.1,193.96,177,165,9,119,2812.2400000000002,6800.0,34,22.43461056251364,52.37926136363636,0.2846209040899306,20.851129483479085,57.49014454664914,0.30171980287639544,165.71666666666667,23.39675116414126,49.50037009622502,0.27339364722974313,252.38333333333333
2023,P010184   ,ZAL,11.299999999999999,2.0,0,2,0,1,625.12,1600.0,8,9.060207342845041,0.0,0.08849557522123895,33.366700033366705,0.0,0.0,1.5,5.295869645346202,0.0,0.10204081632653063,9.799999999999999
2023,P010357   ,MAD,510.6333333333333,173.72,221,126,63,316,1942.36,4725.0,23,16.551705174797704,71.8839448347645,0.6188393498270122,18.543604802431783,74.82993197278911,0.6577487765089723,255.41666666666666,14.565153229380652,67.91819291819293,0.5798994318552864,255.21666666666667
2023,P010390   ,ZAL,634.6333333333333,189.4,191,143,35,252,2703.6,6825.0,34,15.06771194791209,60.29040404040404,0.39707967855454596,15.77164408031096,59.74695407685098,0.4012025710138918,321.5333333333333,14.328701237378915,60.925520262869654,0.39284573618652185,313.1
2023,P010391   ,MUN,739.5166666666667,207.79999999999998,211,169,20,252,2770.84,6925.0,34,14.045457885175665,59.3363329583802,0.34076311104099527,15.133022484537735,55.66364029399049,0.34717685487634153,357.1666666666667,13.024547651477796,63.32082551594747,0.3347718059369687,382.35
2023,P010392   ,OLY,423.98333333333335,202.56,171,152,49,133,2402.56,6275.0,31,24.955966096297338,49.26250288084812,0.3136915759267267,23.19547947310278,53.205465055176035,0.297100870537497,208.68333333333334,26.624000831785008,46.18226600985222,0.32977241058987455,215.3
2023,P010393   ,PAM,421.7833333333333,109.56,105,77,24,148,2683.52,6625.0,33,12.825480678946299,59.95888533576976,0.3508910578100921,13.677241508502977,58.016877637130804,0.304682249271899,223.18333333333334,11.843133849919731,62.25099601593626,0.4028197381671702,198.6
2023,P010400   ,IST,10.183333333333334,0.88,1,0,2,0,939.6800000000001,2300.0,11,4.230294089041838,56.81818181818182,0.0,4.477694788974755,56.81818181818182,0.0,9.616666666666667,0.0,,0.0,0.5666666666666667
2023,P010444   ,BAS,619.8166666666667,262.08,261,216,32,278,2341.6,5625.0,28,20.314701393778865,56.71940194714882,0.44851972357417513,20.564301333172548,63.559322033898304,0.4997108155002892,288.1666666666667,20.107454344824085,50.35246727089628,0.4040404040404041,331.65
2023,P010516   ,IST,87.46666666666667,29.759999999999998,9,23,4,-14,1508.0,3725.0,18,16.8091317849518,18.174474959612276,-0.1600609756097561,18.543117067847557,6.345177664974619,-0.28346456692913385,31.75,15.811458555761801,23.696682464454977,-0.08973975471133712,55.71666666666667
2023,P010560   ,ULK,432.2166666666667,111.8,109,94,20,170,1650.44,4100.0,20,12.851517313371996,53.01556420233463,0.3933212509158215,12.688830598480239,50.0400320256205,0.38261140057547244,214.31666666666666,13.005271706512044,55.82891748675246,0.4038549793483249,217.9
2023,P010568   ,PAM,851.25,418.92,418,332,68,438,2683.6,6625.0,33,24.298086008471756,57.74756852343059,0.5145374449339207,24.38255807980293,62.26581441481155,0.5653939886271324,410.3333333333333,24.222056916730853,53.20328086898692,0.4672084672084672,440.9166666666667
2023,P010588   ,MCO,825.7166666666667,212.48,193,169,42,284,2687.68,6625.0,33,12.686018070385373,51.47215703008321,0.3439436449145187,13.17295091281985,50.09727626459144,0.35930884540565283,436.95,12.120595044156737,53.14123760037789,0.3266740975735231,388.76666666666665
2023,P010612   ,OLY,806.1666666666666,338.96,407,275,59,321,2626.24,6875.0,34,22.013642050197976,67.61695906432749,0.39818069051064714,21.351521299270836,60.339690107270556,0.3235564908588715,380.15,22.544576795935843,73.47648752399232,0.46477054888306407,426.01666666666665
2023,P010623   ,MAD,105.63333333333333,42.2,18,32,5,18,1776.04,4350.0,21,19.56942099921291,26.31578947368421,0.1704007573366993,13.422014774354157,12.5,0.20327498588368154,29.516666666666666,21.73310773548453,30.53435114503817,0.15765272607838846,76.11666666666666
2023,P010631   ,OLY,1.0833333333333333,0.0,0,0,0,0,868.04,2250.0,11,0.0,,0.0,0.0,,0.0,1.0833333333333333,,,,0.0
2023,P010641   ,BAR,102.56666666666666,40.76,43,22,29,51,2253.96,5400.0,27,19.041689745969098,61.852704257767556,0.4972375690607735,19.913971956989926,34.72222222222222,-0.05309734513274337,18.833333333333332,18.734562234107088,67.24137931034483,0.6210191082802548,83.73333333333333
2023,P010750   ,PAM,16.533333333333335,6.0,0,3,0,-2,161.64,400.0,2,17.961060421007257,0.0,-0.12096774193548386,,,,0.0,17.338902331889706,0.0,-0.12096774193548386,16.533333333333335
2023,P010754   ,PAM,2.4333333333333336,0.0,0,0,0,2,152.76,400.0,2,0.0,,0.821917808219178,0.0,,0.821917808219178,2.4333333333333336,,,,0.0
2023,P010781   ,VIR,624.0833333333334,317.64,308,252,56,272,2764.2,6800.0,34,25.041598526547425,55.66801619433198,0.4358392308719455,24.93129689866029,52.57186081694403,0.4622232367039489,292.06666666666666,25.164877456429085,58.50180005538632,0.41262988805782846,332.01666666666665
2023,P010788   ,BAS,0.0,0.0,0,0,0,0,418.04,1000.0,5,,,,,,,0.0,,,,0.0
2023,P010791   ,BER,464.3833333333333,146.36,158,102,44,252,2325.24,5600.0,28,15.18084736187297,65.09558338826632,0.5426551340487384,14.945848870757004,72.8244837758112,0.6202369274881159,220.88333333333333,15.386061158214424,58.84982121573301,0.4722792607802875,243.5
2023,P010868   ,MAD,6.183333333333334,1.0,0,0,0,-4,344.84000000000003,825.0,4,7.738265896821244,,-0.6469002695417789,7.870905397594062,,-0.6469002695417789,6.183333333333334,,,,0.0
2023,P010985   ,RED,30.75,10.44,7,8,1,9,157.88,400.0,2,17.203556884821445,41.46919431279621,0.2926829268292683,19.59980782771003,43.604651162790695,0.4341534008683068,11.516666666666667,15.755475027572084,40.0,0.20797227036395147,19.233333333333334
2023,P011050   ,PAR,115.66666666666667,35.64,46,24,6,54,2225.36,5650.0,28,15.64615546709717,86.33633633633633,0.4668587896253602,10.691664717751996,91.09311740890688,0.5909250791417516,47.38333333333333,18.999001436846637,83.53221957040572,0.3807664144495973,68.28333333333333
2023,P011051   ,PAR,491.6166666666667,147.36,172,107,44,194,2466.2,6275.0,31,15.253462807254774,68.05951250395695,0.39461640166796624,14.365204482932313,61.203917050691246,0.33214285714285713,280.0,16.456831755397616,76.4230498945889,0.47727809718831216,211.61666666666667
2023,P011052   ,ULK,393.98333333333335,135.52,128,94,33,145,2675.48,6700.0,33,17.22775283064066,58.97530409141172,0.3680358729218664,17.233531383425554,64.540622627183,0.5053468344847165,176.11666666666667,17.226441736915547,53.72492836676217,0.25703794369645044,217.86666666666667
2023,P011064   ,BAS,110.38333333333334,58.4,48,44,10,34,1023.3199999999999,2400.0,12,24.816419257822275,49.586776859504134,0.3080175147214253,26.566388258182457,55.732484076433124,0.3380281690140845,71.0,21.57913729006796,38.23529411764706,0.25391451544646637,39.38333333333333
2023,P011078   ,IST,896.7833333333333,402.56,381,314,74,337,2793.48,6925.0,34,22.2560095058975,54.96883656509695,0.37578753693757316,22.813418926083095,55.99547511312217,0.39556019070321813,447.46666666666664,21.70311852421723,53.89962299717248,0.35609629437293666,449.31666666666666
2023,P011085   ,BAS,286.96666666666664,97.03999999999999,117,81,16,95,2174.08,5225.0,26,16.253994346271725,66.44706951385733,0.3310489023115345,16.647287903726596,65.48713235294117,0.39110429447852757,130.4,15.923766067683973,67.38544474393531,0.28103044496487123,156.56666666666666
2023,P011157   ,ULK,645.5,352.08,389,225,132,422,2679.16,6675.0,33,27.178640185371354,68.70849229899676,0.6537567776917118,25.81592734454406,65.84362139917695,0.5652378709373528,353.8333333333333,28.83178212255606,71.7511655011655,0.7611428571428571,291.6666666666667
2023,P011192   ,PAR,126.38333333333333,43.64,47,36,6,46,965.84,2400.0,12,17.160541428714037,60.81780538302277,0.3639720427271529,18.16013922081588,45.833333333333336,0.20725388601036268,38.6,16.691713354336084,67.56756756756756,0.4328839946838808,87.78333333333333
2023,P011192   ,VIR,147.78333333333333,62.519999999999996,69,50,8,60,1304.88,3200.0,16,20.749274230702795,64.46188340807174,0.40599977444456975,21.77960692920003,63.59011627906977,0.39147455415398,76.63333333333333,19.583716629215726,65.38461538461539,0.421644413211525,71.14999999999999
2023,P011193   ,TEL,585.0500000000001,237.35999999999999,218,172,19,240,2802.04,6425.0,32,18.605585722971455,60.43468618318917,0.4102213486026835,17.450318133409073,59.14322250639386,0.40793946704682527,303.9666666666667,19.86013815999627,61.83541377716135,0.41268900088941596,281.0833333333333
2023,P011194   ,OLY,228.33333333333334,83.76,82,64,29,104,1370.72,3600.0,18,19.26864159621157,53.41323606044815,0.4554744525547445,22.408392732739607,59.372349448685334,0.49193335096535307,126.03333333333333,15.493440445664257,43.91891891891892,0.4105571847507331,102.30000000000001
2023,P011196   ,MCO,470.48333333333335,126.32,169,93,53,276,2773.16,6825.0,34,13.215560819694241,72.64442916093536,0.5866307697757625,13.60643869455025,69.6969696969697,0.5922342789907178,254.96666666666667,12.727622323798993,76.51033386327504,0.5800015466707912,215.51666666666665
2023,P011199   ,TEL,768.5333333333333,295.24,365,210,121,552,2888.92,6625.0,33,17.619470410400865,69.3283695487008,0.7182512144344205,17.992449338044928,71.2149826880705,0.7318719899176307,370.2833333333333,17.273412328182744,67.56756756756756,0.7055869428750785,398.25
2023,P011201   ,ULK,30.366666666666667,5.88,2,4,2,1,558.0,1400.0,7,9.71636981693283,20.491803278688526,0.03293084522502744,7.445409636097332,0.0,0.0,6.716666666666667,10.3807065634304,25.77319587628866,0.042283298097251586,23.65
2023,P011204   ,PAN,977.4333333333334,291.24,304,220,71,386,2749.12,6875.0,34,14.902971726930518,60.49992039484158,0.39491184394502604,15.500780412323152,52.962849247774024,0.33858887102842095,487.31666666666666,14.30022138654939,68.61772486772486,0.450913047913762,490.1166666666667
2023,P011205   ,MIL,770.55,262.28,262,214,37,291,2495.16,6425.0,32,17.529481817568396,56.887267674135835,0.3776523262604633,17.582523864113796,54.62034383954155,0.35892323030907275,384.48333333333335,17.476122570083092,59.02192242833053,0.3963046106026593,386.06666666666666
2023,P011209   ,PAN,138.73333333333332,46.88,48,42,2,35,2749.12,6875.0,34,16.90113157209827,55.97014925373134,0.2522825564632388,19.649840288103526,52.816901408450704,0.13270666298037048,60.28333333333333,14.787246577519701,58.69565217391305,0.3441682600382409,78.45
2023,P011212   ,MCO,783.0166666666667,378.64,345,274,106,331,2600.92,6425.0,32,23.890850943157808,53.79865269461078,0.4227240799472127,24.389120244302543,55.965775902484765,0.47063758389261745,397.3333333333333,23.36270203784358,51.333333333333336,0.37336329458536793,385.68333333333334
2023,P011214   ,TEL,527.8333333333334,240.48,253,170,92,297,2980.28,6825.0,34,20.86689031776328,60.10072215887496,0.5626776128828544,22.54995255140087,55.92554644808743,0.5777474063490092,268.2833333333333,19.126153108243255,65.33847472150813,0.5471007513003274,259.55
2023,P011218   ,ZAL,931.1666666666666,530.92,587,391,143,622,2703.6,6825.0,34,28.78669976931897,64.65897074374338,0.6679792375156614,30.309805124363017,64.15597400433262,0.6502170920258393,472.15,27.185337117870173,65.22348980736862,0.6862495915181003,459.01666666666665
2023,P011219   ,TEL,476.85,208.84,209,161,36,198,2560.0,5825.0,29,19.930484560134214,59.092965392445144,0.41522491349480967,19.618791071512995,56.954436450839324,0.4136729806226867,229.65,20.2220170472454,61.00171232876713,0.4166666666666667,247.2
2023,P011221   ,PAN,194.78333333333333,72.72,74,45,38,98,2342.4,5875.0,29,18.727460243762508,59.94815294880104,0.5031231282621716,17.80363600808216,51.4827018121911,0.3673235125310885,87.11666666666667,19.52143143459795,65.4380341880342,0.6130030959752322,107.66666666666667
2023,P011224   ,MIL,433.0333333333333,209.76,175,144,54,182,1255.32,3200.0,16,24.696014538047862,52.15784453981879,0.4202909706720037,22.444995714442143,42.116973935155755,0.2131715771230503,192.33333333333331,26.502500053603665,58.18389927508584,0.5857914416285833,240.7
2023,P011224   ,RED,212.81666666666666,141.12,117,109,23,93,1007.6,2400.0,12,31.589009594899274,49.11014103425117,0.4369958493225781,28.918095841130675,48.44224924012158,0.3174123337363966,110.26666666666667,34.29292488415848,49.638989169675085,0.5655777669429547,102.55
2023,P011225   ,ASV,923.4833333333333,406.92,378,297,93,453,2710.2,6650.0,33,21.623713269263828,55.93039772727273,0.4905340287678897,21.00383861522889,56.07092531705026,0.4871585813289849,490.6,22.333896691989,55.78758949880668,0.4943595272013245,432.8833333333333
2023,P011226   ,MCO,888.1166666666667,338.4,346,261,85,388,2677.92,6625.0,33,18.85291952061611,57.975871313672926,0.43687953909959276,19.80225332941472,53.82947976878612,0.4147130153597413,412.3333333333333,18.029465341982835,61.5625,0.45608995691316073,475.78333333333336
2023,P011231   ,MCO,627.85,209.76,219,187,29,203,2773.16,6825.0,34,16.444644896302673,54.81577893472167,0.3233256351039261,17.551350194257854,57.72292993630573,0.38119869560328346,296.43333333333334,15.452112233290576,51.873489121676066,0.27156147850138296,331.4166666666667
2023,P011244   ,BAR,485.4166666666667,114.92,116,98,18,149,2643.2400000000002,6400.0,32,11.464478534050386,54.7583081570997,0.3069527896995708,11.578223244910223,54.141337386018236,0.2881448957189901,242.93333333333334,11.352412616943315,55.367867867867865,0.3257955873255894,242.48333333333335
2023,P011375   ,PAR,0.0,0.0,0,0,0,0,157.36,400.0,2,,,,,,,0.0,,,,0.0
2023,P011386   ,ASV,261.4166666666667,89.92,57,64,18,27,2711.36,6650.0,33,16.872812554164717,39.62736373748609,0.10328339177558175,16.797510236931558,45.060080106809075,0.13308977035490605,127.73333333333333,16.915384941234645,35.74833174451859,0.07480364044383493,133.68333333333334
2023,P011433   ,TEL,15.283333333333333,6.0,3,5,0,0,1419.52,3200.0,16,17.699933035253352,30.0,0.0,17.92423247689691,37.5,0.08119079837618404,12.316666666666666,15.392422105365233,0.0,-0.33707865168539325,2.966666666666667
2023,P011442   ,PAN,1.3666666666666667,2.0,3,2,0,3,336.96,800.0,4,69.48787436592315,75.0,2.1951219512195124,,,,0.0,73.77941185512182,75.0,2.1951219512195124,1.3666666666666667
2023,P011520   ,MIL,0.0,0.0,0,0,0,0,85.48,200.0,1,,,,,,,0.0,,,,
2023,P011630   ,BER,0.0,0.0,0,0,0,0,83.4,200.0,1,,,,,,,0.0,,,,
2023,P011631   ,BER,26.483333333333334,13.32,14,8,3,14,828.6800000000001,2000.0,10,24.277541879443227,75.10729613733905,0.5286343612334802,13.20538547312519,0.0,-0.16453382084095064,18.233333333333334,48.79450592630387,95.62841530054645,2.0606060606060606,8.25
2023,P011649   ,MAD,26.483333333333334,7.88,4,5,2,-2,738.4,1800.0,9,14.506558156120729,34.013605442176875,-0.07551919446192573,12.657357320994379,0.0,-0.502092050209205,11.95,15.72186896939068,69.44444444444444,0.27522935779816515,14.533333333333333
2023,P011666   ,BAR,2.9333333333333336,3.0,0,3,0,-3,414.92,1000.0,5,49.29756448121434,0.0,-1.0227272727272727,60.6891250145401,0.0,-1.2765957446808511,1.5666666666666667,35.6004208760868,0.0,-0.7317073170731707,1.3666666666666667
2023,P011826   ,PAN,85.16666666666667,36.2,32,26,5,19,1062.0,2675.0,13,21.41253994051765,56.73758865248227,0.22309197651663404,18.19832127326449,74.54128440366972,0.4593874833555259,50.06666666666667,26.093670953484036,27.881040892193308,-0.11396011396011396,35.1
2023,P011926   ,MIL,23.650000000000002,11.879999999999999,10,9,2,6,1162.12,3050.0,15,26.367208605923892,50.60728744939271,0.2536997885835095,30.152696346884856,58.139534883720934,0.2594594594594594,15.416666666666668,19.185292980740805,33.333333333333336,0.24291497975708498,8.233333333333334
2023,P011934   ,BER,539.4166666666666,232.4,213,166,60,188,2336.2,5600.0,28,20.6547415854069,55.353430353430355,0.348524640815696,20.594819488401985,57.899090157154674,0.38053464524924424,281.18333333333334,20.72101037190259,52.78010033444816,0.31366980766748415,258.23333333333335
2023,P011941   ,MUN,119.53333333333333,33.76,29,26,4,30,1099.64,2675.0,13,13.740946867304112,52.233429394812674,0.2509760178471835,15.670522830781456,53.3175355450237,0.2434077079107505,57.516666666666666,11.923829281334744,50.55147058823529,0.25799516259070143,62.016666666666666
2023,P011941   ,RED,122.15,37.72,38,27,13,40,1299.2,3200.0,16,15.211854922781285,58.068459657701716,0.3274662300450266,15.95685834008297,61.30063965884861,0.5369127516778524,59.6,14.48506978248906,53.72492836676217,0.1278976818545164,62.55
2023,P011948   ,BAS,786.5166666666667,614.4,661,506,110,391,2836.44,6825.0,34,37.59259684248275,59.613997113997115,0.4971286897925452,35.54790432973659,59.411764705882355,0.4940530649588289,382.55,39.557031347556666,59.78623914495658,0.5000412575294991,403.96666666666664
2023,P011964   ,RED,132.35,26.759999999999998,30,22,4,38,1724.8,4200.0,21,9.846972068354766,63.13131313131313,0.28711749149981114,10.658917333107887,46.58385093167701,0.20816653322658127,62.45,9.129625585407116,82.72058823529412,0.35765379113018597,69.9
2023,P011965   ,OLY,58.016666666666666,26.759999999999998,14,20,4,2,1021.28,2625.0,13,23.710887639950325,32.16911764705882,0.03447285262855501,23.392238228416183,34.898477157360404,0.11834319526627218,42.25,25.56191746669738,25.0,-0.19027484143763213,15.766666666666667
2023,P011965   ,ZAL,92.15,49.44,37,40,1,16,715.68,1825.0,9,27.362583895487226,45.746785361028685,0.17362995116657623,27.01515044778771,36.95652173913044,0.11745513866231647,51.083333333333336,27.79039142675506,57.3394495412844,0.24350649350649353,41.06666666666666
2023,P011970   ,PAM,361.98333333333335,206.92,186,147,68,143,1809.12,4425.0,22,27.96338812765296,52.56613158489712,0.395045812422303,30.962636819483325,50.403225806451616,0.30790283954840914,194.86666666666667,24.422887911176588,55.6624518966465,0.4966590206442605,167.11666666666667
2023,P011971   ,TEL,522.3166666666666,201.48,215,168,42,206,2980.28,6825.0,34,17.66744065515261,57.64693264693265,0.39439675803312174,19.038213256664392,59.29237947122862,0.45637093829864916,273.9,16.15485413665735,55.622009569377994,0.32606507883260655,248.41666666666666
2023,P011980   ,ULK,280.68333333333334,70.52,78,64,8,63,2419.6,6075.0,30,12.616194630614423,57.76066350710901,0.22445222967757258,14.136613288966206,54.34782608695652,0.20874405659283313,143.71666666666667,11.004163556589683,62.32686980609419,0.24093453394986614,136.96666666666667
2023,P011981   ,IST,579.2333333333333,211.32,241,160,53,313,2715.64,6725.0,33,18.069125860085258,65.73205324023566,0.5403694538758128,17.449479789718495,69.98179335457442,0.5330116253564378,303.93333333333334,18.737786851276994,61.81894383906119,0.5484925535779149,275.3
2023,P011982   ,PAM,598.95,311.68,360,217,122,384,2207.2,5400.0,27,25.462464350670942,66.49918723215605,0.641121963436013,24.383469495834515,64.91895468078069,0.5463635281514105,280.03333333333336,26.418226867061552,67.77510683760684,0.7243271492030311,318.9166666666667
2023,P011983   ,OLY,285.4,122.88,95,102,27,62,2288.92,6000.0,30,22.572406670562547,41.71057253249034,0.21723896285914507,22.181366157523858,36.85897435897436,0.1631457854005438,159.36666666666667,23.092111578502305,47.59129759129759,0.2856387199153663,126.03333333333333
2023,P011987   ,MUN,775.8,439.52,390,356,58,275,2770.84,6925.0,34,28.318300874110044,51.11134409729503,0.35447280226862593,26.663706235114812,45.49440912080684,0.3026183062146397,380.01666666666665,29.920143330092685,56.258790436005626,0.4042615909378026,395.78333333333336
2023,P012023   ,OLY,6.333333333333333,3.0,2,3,0,0,935.4,2450.0,12,24.81347692515445,33.333333333333336,0.0,25.55099770562469,33.333333333333336,0.0,6.333333333333333,,,,0.0
2023,P012044   ,RED,554.6333333333333,262.08,243,184,57,255,2397.04,5800.0,29,22.86707525454441,58.11172756839487,0.459763206923493,22.740064776713055,58.385435821993376,0.44477905831933745,287.78333333333336,22.969144641846757,57.81499202551834,0.47592280307288737,266.85
2023,P012080   ,ASV,787.8,377.72,364,274,88,310,2297.16,5650.0,28,23.585289023680538,58.1990278843694,0.3935008885503935,24.65166612574074,60.901749663526246,0.42125288762060065,367.95,22.685077195501197,55.75188886180843,0.3691794688579254,419.85
2023,P012095   ,TEL,24.833333333333336,9.879999999999999,4,7,2,10,690.52,1600.0,8,18.437228708488142,25.380710659898476,0.40268456375838924,12.69917868061883,0.0,0.5405405405405405,7.4,20.663206774105436,29.069767441860467,0.3441682600382409,17.433333333333334
2023,P012096   ,PAR,523.4333333333333,207.28,254,146,62,284,2146.12,5450.0,27,20.112614064537606,73.29178208679593,0.5425714831560848,17.72362917379058,72.992700729927,0.4780701754385965,228.0,21.88902027754295,73.47470238095238,0.592350220015796,295.43333333333334
2023,P012123   ,MUN,35.083333333333336,14.879999999999999,8,13,2,1,802.92,2025.0,10,21.393647154631438,28.81844380403458,0.02850356294536817,25.5578682414444,36.76470588235294,0.21201413427561835,23.583333333333336,12.989442181394962,0.0,-0.34782608695652173,11.5
2023,P012197   ,BAR,1.5666666666666667,2.0,2,1,0,1,417.24,1000.0,5,61.19239500914826,100.0,0.6382978723404256,60.6891250145401,100.0,0.6382978723404256,1.5666666666666667,,,,0.0
2023,P012201   ,BAS,832.4166666666666,424.84000000000003,461,288,161,623,2836.44,6825.0,34,24.5608664263524,64.23475643740943,0.7484232655921514,23.56647466687975,65.69807825885621,0.7567779960707269,424.1666666666667,25.598679406247502,62.876182287188314,0.739742804654011,408.25
2023,P012298   ,OLY,0.0,0.0,0,0,0,0,173.92000000000002,425.0,2,,,,,,,,,,,0.0
2023,P012365   ,BAS,0.8,1.0,0,1,0,-1,248.64,600.0,3,60.32818532818533,0.0,-1.25,,,,0.0,60.15399422521654,0.0,-1.25,0.8
2023,P012415   ,IST,4.883333333333333,4.0,0,3,0,-3,595.0,1400.0,7,38.546476611122266,0.0,-0.6143344709897611,0.0,,-0.48,2.0833333333333335,65.8631364025555,0.0,-0.7142857142857143,2.8
2023,P012417   ,IST,0.0,0.0,0,0,0,0,352.79999999999995,800.0,4,,,,,,,0.0,,,,0.0
2023,P012515   ,MCO,59.9,11.879999999999999,7,8,2,3,1242.2,3025.0,15,9.659473780833133,39.41441441441441,0.05008347245409015,9.426900323447423,41.666666666666664,0.0,45.86666666666667,10.15227924111218,34.72222222222222,0.21377672209026127,14.033333333333333
2023,P012709   ,MCO,286.6,121.88,115,95,27,120,2536.96,6225.0,31,20.86949745018495,53.79865269461078,0.418702023726448,20.420890081874585,49.96431120628123,0.3532875368007851,152.85,21.377210336729,58.025177025963806,0.4934579439252336,133.75
2023,P012710   ,IST,297.2,99.4,95,86,10,97,2710.96,6725.0,33,16.593452405610112,52.544247787610615,0.32637954239569317,15.070769006611865,37.07627118644068,0.19286966686148452,114.06666666666666,17.448405511078523,59.600515463917525,0.4095376774663269,183.13333333333333
2023,P012711   ,RED,82.8,40.76,31,31,4,13,1179.12,2800.0,14,23.379426825475026,47.313797313797316,0.1570048309178744,29.799751460378634,54.844606946983546,0.290088638195004,41.36666666666667,17.006615752040403,32.16911764705882,0.02413515687851971,41.43333333333334
2023,P012712   ,PAN,447.0333333333333,134.64,112,98,31,157,2181.44,5450.0,27,15.049338848092653,50.16123253314224,0.3512042353292074,13.709857156017582,52.0098730606488,0.340933611450766,231.71666666666667,16.49211860478587,48.252002913328475,0.3622571406455608,215.31666666666666
2023,P012713   ,VIR,9.766666666666666,4.0,2,4,0,-1,1159.2,2800.0,14,19.78532917841421,25.0,-0.10238907849829353,8.360384596270062,0.0,-0.1749271137026239,5.716666666666667,36.07650021871379,33.333333333333336,0.0,4.05
2023,P012714   ,VIR,135.93333333333334,44.28,48,28,12,60,1380.3600000000001,3400.0,17,16.047160352266676,72.11538461538461,0.4413928396272683,19.114148627100054,78.125,0.40170419963481435,54.766666666666666,14.003299522340749,68.04435483870968,0.4681724845995893,81.16666666666667
2023,P012715   ,ZAL,527.6833333333333,206.36,211,174,19,193,2316.04,5825.0,29,19.671252427814814,57.85259925422241,0.365749660465557,18.26785311475737,53.39917317409279,0.28183318522280054,262.56666666666666,21.074466152221817,61.92275398824517,0.44885899289620923,265.1166666666667
2023,P012720   ,BER,699.5666666666667,360.92,326,286,43,251,2376.04,5800.0,29,25.187559100396413,53.45664436573527,0.3587935388573879,24.997889510494538,54.457953394123614,0.3784181935365068,362.0333333333333,25.385876701285834,52.38095238095238,0.33774442030416746,337.53333333333336
2023,P012721   ,BER,416.65,114.16,105,95,14,160,2239.08,5400.0,27,13.215899234608113,51.897983392645315,0.3840153606144246,14.096630183750731,60.790273556231,0.36360774437273724,211.76666666666668,12.331628427371701,42.250618301731244,0.4051085983893273,204.88333333333333
2023,P012724   ,ULK,2.4166666666666665,0.0,0,0,0,0,166.04,400.0,2,0.0,,0.0,,,,0.0,0.0,,0.0,2.4166666666666665
2023,P012729   ,ASV,644.6,283.72,302,240,38,280,2464.44,6050.0,30,21.610597327512824,58.81894671237145,0.43437790878063914,20.82918260262202,62.3627235644807,0.4683722804190169,330.93333333333334,22.43316753651264,55.32342927886103,0.39851222104144524,313.6666666666667
2023,P012730   ,ASV,223.08333333333334,59.92,55,42,18,64,1674.68,4050.0,20,12.991457133868755,55.08814102564102,0.2868883078072469,13.5239704785686,51.77514792899409,0.2817290429498688,120.68333333333334,12.389024950252562,59.00349650349651,0.29296875,102.4
2023,P012731   ,ASV,348.4166666666667,91.72,79,69,13,139,2621.84,6450.0,32,12.952352338675366,52.86402569593148,0.3989476201865582,12.98766089495452,53.934010152284266,0.41883725776203373,159.96666666666667,12.918884614279769,52.08333333333333,0.3820642080127355,188.45
2023,P012732   ,ASV,120.9,56.84,62,45,11,42,562.36,1400.0,7,23.40838099816965,62.199036918138034,0.34739454094292804,19.91975507755689,54.47247706422018,0.17915795759928335,55.81666666666667,26.48946560326636,66.35802469135803,0.4916773367477593,65.08333333333333
2023,P012738   ,PAM,431.25,167.88,141,137,27,89,2682.92,6625.0,33,19.225516131353313,47.35357334766255,0.2063768115942029,19.833431855523607,50.315227934044614,0.2298684400751771,230.56666666666666,18.498513206346644,43.67469879518072,0.1793870940951748,200.68333333333334
2023,P012739   ,PAM,288.01666666666665,91.56,83,62,24,115,1709.12,4225.0,21,15.717096398191245,57.19404630650496,0.3992824489323535,17.036549820655615,56.17977528089887,0.5144612234450986,130.23333333333332,14.580070982675865,58.17099567099567,0.30421464032956586,157.78333333333333
2023,P012740   ,PAM,471.28333333333336,162.96,124,127,34,47,2443.56,6025.0,30,17.051515106903004,43.67427444350521,0.09972769388548997,16.339473053049716,46.80785758133825,0.04182642035552457,239.08333333333334,17.798014205910647,41.015625,0.15934539190353145,232.2
2023,P012742   ,PAR,693.0833333333334,339.8,304,253,45,326,2621.2400000000002,6675.0,33,24.969646738245896,55.71847507331378,0.4703619093423109,25.453873461701857,63.09148264984228,0.5074175564584712,352.76666666666665,24.47050167259389,48.004800480048004,0.43195063421323276,340.31666666666666
2023,P012743   ,PAR,516.4166666666666,230.32,267,186,53,284,2469.36,6250.0,31,22.5765203278942,63.77794763997707,0.5499435210585768,22.772370963042412,57.96960249415432,0.4666576491275531,246.43333333333334,22.39157788896997,69.3663292088489,0.6259645657139329,269.98333333333335
2023,P012744   ,TEL,443.81666666666666,174.88,171,136,52,142,2980.28,6825.0,34,18.047295124857236,53.814199395770395,0.31995193210409706,20.261290999708354,48.12152133580705,0.30344827586206896,217.5,15.918664577183268,60.5726872246696,0.33581265188894616,226.31666666666666
2023,P012745   ,BAR,764.0333333333333,331.28,339,269,62,307,2732.12,6600.0,33,20.94869972861816,57.20939651680843,0.401814929540596,21.225280550813928,60.05622284692052,0.4465696465696466,400.8333333333333,20.656656612864396,54.02117916428163,0.3524229074889868,363.2
2023,P012765   ,BAS,229.85,74.52,37,49,8,50,1969.84,4800.0,24,15.800419554641223,35.224676313785224,0.2175331738090059,15.507368619582245,19.642857142857142,0.2158894645941278,115.8,16.09943402930262,53.01794453507341,0.21920210434020168,114.05
2023,P012766   ,BAS,0.0,0.0,0,0,0,0,82.4,200.0,1,,,,,,,0.0,,,,
2023,P012774   ,PAN,752.0666666666667,486.2,430,375,55,304,2254.8,5625.0,28,32.25545040597492,53.857715430861724,0.40421948408829,31.942136952750758,56.31783739504403,0.4226306045965593,369.1166666666667,32.57511329098311,51.50088287227781,0.3864734299516908,382.95
2023,P012779   ,OLY,0.0,0.0,0,0,0,0,80.56,200.0,1,,,,,,,0.0,,,,
2023,P012784   ,ZAL,3.3666666666666667,1.0,3,1,0,3,624.52,1600.0,8,15.219609452138451,150.0,0.8910891089108911,0.0,,0.0,1.1333333333333333,24.034417285552912,150.0,1.3432835820895521,2.2333333333333334
2023,P012786   ,IST,218.1,80.52,103,71,8,84,1365.56,3300.0,16,17.84354946983674,69.10896403650027,0.3851444291609354,17.25505444465839,70.40627885503231,0.4064087534193044,127.95,18.672102794775782,67.3076923076923,0.3549639489739323,90.15
2023,P012787   ,ZAL,309.0,183.28,158,121,37,99,1844.68,4600.0,23,29.581717473489583,57.54662004662005,0.32038834951456313,25.894798053547042,49.497171590194846,0.10445468509984639,162.75,33.71270484551077,64.5029875067898,0.5606837606837607,146.25
2023,P012788   ,IST,330.2833333333333,127.16,156,94,39,199,1765.64,4300.0,21,18.752542241882953,70.16912558474272,0.6025129938941314,20.044666765739215,71.96710075394105,0.6716417910447762,160.79999999999998,17.55443943135443,68.18181818181819,0.5369259514209854,169.48333333333332
2023,P012795   ,PAM,335.53333333333336,114.72,110,94,13,69,1469.44,3625.0,18,16.86901078318637,55.154432410750104,0.2056427577985297,17.40601086835977,59.912854030501094,0.28346456692913385,190.5,16.175781961505596,49.283154121863795,0.10342450011491611,145.03333333333333
2023,P012800   ,MIL,126.9,51.84,53,45,11,44,561.04,1400.0,7,20.387669100849184,53.17014446227929,0.3467297084318361,22.248140399966868,61.89821182943604,0.5010121457489879,65.86666666666666,18.125393404056055,40.94412331406551,0.18022938285090115,61.03333333333333
2023,P012801   ,RED,210.13333333333333,107.04,86,85,16,58,1060.52,2600.0,13,24.976732992396606,46.71881790525858,0.276015228426396,23.95921444399218,51.156583629893234,0.2953318513813909,104.96666666666667,25.937596565406167,42.48088360237893,0.25673534072900156,105.16666666666667
2023,P012878   ,OLY,169.86666666666667,78.96000000000001,102,55,34,122,840.64,2225.0,11,24.60644846208227,72.89879931389365,0.7182103610675039,28.705224551731952,75.79650565262075,0.872681281618887,79.06666666666666,21.208456683968475,69.26546391752578,0.5837004405286343,90.8
2023,PBCN      ,VIR,757.2833333333333,452.88,472,369,102,308,2684.32,6600.0,33,29.40792534008966,57.02135884797526,0.4067169927592051,29.41824777865074,55.4648482520169,0.40295321117238925,374.73333333333335,29.38717420484509,58.597549114958184,0.4104038687753235,382.55
2023,PBMT      ,MAD,322.1,69.08,70,61,7,100,1746.08,4225.0,21,10.378968052850501,54.61922596754057,0.3104625892579944,8.450581940481015,47.58418740849195,0.3153663815314851,161.71666666666667,12.331505613412139,59.84766050054407,0.3055180297204614,160.38333333333333
2023,PCVM      ,MAD,404.93333333333334,166.64,104,119,6,90,2305.16,5550.0,27,19.81607477023402,42.74909569220651,0.22225880803424433,18.583364030229752,32.029085872576175,0.14469453376205788,207.33333333333334,21.09536620662193,52.44207889793363,0.3036437246963563,197.6
2023,PJDR      ,RED,569.6833333333334,277.68,254,193,72,295,2246.72,5400.0,27,23.43073384884904,56.52483532134591,0.5178315438401451,23.12737611872785,51.23306703716568,0.44381705251270465,295.1666666666667,23.76277081114922,62.0891161431702,0.5974136360876693,274.51666666666665
2023,PKIR      ,ASV,501.5833333333333,140.68,113,118,22,117,2543.6,6250.0,31,13.783212728806754,44.251253132832076,0.23326133909287258,13.257090608369984,44.87597911227154,0.22957198443579765,257.0,14.346450729448124,43.67469879518072,0.23713798977853492,244.58333333333334
2023,PLCZ      ,MCO,575.4,268.2,277,205,55,317,2773.16,6825.0,34,22.94281166295521,60.42757417102967,0.5509210983663538,20.971932862549682,64.35185185185185,0.549387661668765,291.23333333333335,24.987099983807575,56.930693069306926,0.5524926686217009,284.1666666666667
2023,PLFW      ,BAR,133.65,63.8,42,40,20,66,673.4,1600.0,8,22.68446712891157,43.032786885245905,0.49382716049382713,23.532369578881205,45.28985507246377,0.5232558139534883,57.333333333333336,21.999990248231278,41.16766467065868,0.471718715876829,76.31666666666666
2023,PLHK      ,IST,389.21666666666664,164.96,176,146,9,175,2123.2400000000002,5325.0,26,21.258750720846095,58.68231528407575,0.44962103370016704,19.51619860209272,57.138826185101586,0.37310339109526575,201.01666666666665,23.10563642083805,60.065756196256956,0.5313496280552603,188.20000000000002
2023,PLUO      ,RED,303.2,71.28,60,59,12,23,1831.6,4400.0,22,11.295111732406921,46.670815183571875,0.0758575197889182,7.851738680518424,47.89272030651341,0.06211894627861498,144.88333333333333,14.509006146482314,46.082949308755765,0.08843036109064112,158.31666666666666
2023,PTGB      ,MAD,513.7666666666667,246.72,216,199,38,143,2355.28,5750.0,28,23.44734797829474,50.064898943074354,0.2783364692142996,21.62352381582045,46.63834503140007,0.22981517509727628,274.1333333333333,25.54948904614933,53.51824274013403,0.33384337181805535,239.63333333333333
2024,P000229   ,ASV,330.6,102.52,80,87,8,39,1952.28,4825.0,24,15.328192871880725,44.18912947414936,0.11796733212341197,16.05578101339767,33.72093023255814,-0.025078369905956112,159.5,14.657891257216674,53.66161616161616,0.2513150204558738,171.1
2024,P000796   ,MIL,824.6166666666667,466.92,531,337,168,659,2447.04,6025.0,30,27.882797649129788,64.61111651903046,0.7991592052873052,28.52403612248645,63.710739138612,0.7957624034612429,412.18333333333334,27.22908224375342,65.57707828894269,0.8025539481128263,412.43333333333334
2024,P000848   ,RED,475.2166666666667,234.48000000000002,235,183,42,217,2135.44,5275.0,26,24.37694221910796,58.31844351796705,0.456633816154035,24.48468791445435,62.21286370597243,0.5370735833098393,236.46666666666667,24.271491417947594,54.123711340206185,0.3769633507853403,238.75
2024,P000925   ,BAR,482.93333333333334,184.84,206,150,36,268,1826.12,4475.0,22,18.75868970431804,62.108055957549446,0.5549420209828824,18.5874705054447,58.082056351952545,0.4867381489841986,236.26666666666668,18.924440004206545,65.94441827602449,0.6202702702702703,246.66666666666666
2024,P001133   ,VIR,768.7666666666667,442.48,438,309,142,490,2281.72,5625.0,28,28.378489428747883,58.953375686443415,0.6373845553483936,26.552171909494078,57.04423121928387,0.583611967519215,383.81666666666666,30.16538350366371,60.58037495013961,0.6909988310170152,384.95
2024,P001255   ,OLY,626.4166666666666,172.72,163,131,38,219,2698.56,6625.0,33,13.538268552623068,55.17194692661793,0.34960755620593326,14.034530836262482,52.91005291005291,0.34569453174104336,318.2,13.033942648819645,57.542983915696055,0.35364732601524906,308.21666666666664
2024,P001288   ,MUN,350.85,97.96,100,70,34,161,1171.16,2800.0,14,13.350547970517681,58.85122410546139,0.4588855636311814,12.043150952076168,60.19467213114754,0.5046403712296984,172.4,14.656657678215575,57.70905923344947,0.4146819837489493,178.45
2024,P001392   ,MIL,462.4,146.16,182,110,39,218,1793.08,4425.0,22,15.601067402300101,71.56338471217364,0.47145328719723184,15.241485916506022,86.51358344113842,0.4878732651058461,237.76666666666665,15.98227599572643,57.40967544396816,0.45407330464460605,224.63333333333333
2024,P001518   ,MIL,483.6,95.64,114,81,6,104,2673.36,6625.0,33,9.801932509203388,68.14921090387375,0.21505376344086022,10.432638924302497,73.38551859099803,0.22133815551537073,230.41666666666666,9.230953506647369,63.14312441534145,0.2093344743598183,253.18333333333334
2024,P001557   ,MUN,408.1666666666667,117.04,145,91,16,116,1909.16,4600.0,23,13.817907436620635,73.94940840473275,0.2841976316864026,13.256883218549824,74.53151618398637,0.21347013072976997,201.43333333333334,14.391922221986437,73.41425215348474,0.35311189938729437,206.73333333333335
2024,P001844   ,VIR,481.05,104.16,77,70,14,91,2527.52,6225.0,31,10.665605179086649,50.5514705882353,0.1891695249974015,11.696020568893937,50.70754716981132,0.18306029050872188,251.28333333333333,9.54995384947583,50.355450236966824,0.1958508631945452,229.76666666666665
2024,P001926   ,PAN,712.0833333333334,298.92,302,205,93,402,2711.84,6625.0,33,20.510486817903885,61.40208197787898,0.5645406670567583,21.49611716177691,61.7283950617284,0.5712883435582823,339.5833333333333,19.608199898044276,61.091716915264996,0.5583892617449664,372.5
2024,P001932   ,MCO,203.18333333333334,72.88,46,55,2,55,999.0,2450.0,12,17.593444482132856,41.159627773801,0.270691493724879,14.789116736700288,27.272727272727273,0.22351797862001943,102.9,20.46649551347195,50.17709563164108,0.31909589496426793,100.28333333333333
2024,P002084   ,VIR,536.0166666666667,166.16,158,133,39,198,2685.08,6625.0,33,15.29702013794803,52.61054874800213,0.36939149902055285,13.437048264127094,43.38995568685377,0.2749605589362182,221.85,16.584672599588373,57.8125,0.43607427055702913,314.1666666666667
2024,P002100   ,ASV,658.9833333333333,366.24,368,249,96,419,2699.56,6625.0,33,27.278107612480426,63.17813487158357,0.6358279167404335,26.939099486900012,68.70503597122303,0.6651611578731267,324.73333333333335,27.62015209153302,58.131897004729375,0.6073298429319371,334.25
2024,P002328   ,PAN,45.83333333333333,15.879999999999999,12,12,2,11,401.92,1000.0,5,17.240880138969313,46.58385093167701,0.24000000000000002,18.41420808055131,56.306306306306304,0.30318342597271347,32.983333333333334,14.893973525962057,25.0,0.07782101167315175,12.85
2024,P002329   ,ZAL,760.4833333333333,212.52,223,145,83,278,2756.04,6825.0,34,13.840674067752714,61.425738210665486,0.3655569922636919,14.425484767045194,68.90660592255125,0.379729910415831,373.95,13.280824484979135,54.41741357234315,0.3518454639530873,386.5333333333333
2024,P002553   ,RED,300.73333333333335,127.2,139,79,55,180,2207.52,5475.0,27,20.980460461728473,67.34496124031007,0.5985369097761029,21.609092680762952,62.453392990305744,0.5835427822095947,152.51666666666665,20.322109224608177,72.63922518159806,0.6139660407061733,148.21666666666667
2024,P002581   ,MCO,344.68333333333334,158.6,178,116,40,215,2237.04,5450.0,27,22.420002000232394,66.61676646706587,0.6237609399932305,21.4979609090507,67.44328632740651,0.6733167082294264,173.76666666666668,23.356270053201513,65.82796957284963,0.5733788395904437,170.91666666666666
2024,P002676   ,ZAL,726.4333333333333,153.4,147,114,35,216,2676.12,6625.0,33,10.455381640971849,56.800618238021634,0.2973431835910614,12.032938301698557,60.99195710455764,0.33339166958347916,380.93333333333334,8.757195980918205,51.09489051094891,0.2575976845151954,345.5
2024,P002849   ,ULK,586.5,161.68,167,128,22,228,2816.84,6800.0,34,13.309600294213949,60.64787914003486,0.3887468030690537,14.012529919314284,61.564837905236914,0.38268122163620755,271.76666666666665,12.704824664200114,59.84766050054407,0.3939843253547977,314.73333333333335
2024,P002939   ,BAR,791.4333333333333,243.72,204,170,38,345,2850.2,6875.0,34,14.85607879144806,54.62724935732648,0.4359179547656152,15.95799597597813,53.13765182186235,0.3895614292296737,397.8833333333333,13.71761805959951,56.30118289353958,0.4827849066192352,393.55
2024,P002968   ,ULK,418.76666666666665,162.04,182,126,41,179,2489.4,6000.0,30,18.65248460844833,63.17689530685921,0.4274456738040277,18.19116446087968,57.20228809152366,0.3898431665421957,223.16666666666666,19.165566237111456,70.0238379022646,0.4703476482617587,195.6
2024,P002969   ,ULK,33.03333333333333,14.0,14,12,0,6,987.72,2400.0,12,20.59600675303831,58.333333333333336,0.18163471241170537,9.143905644037659,75.0,0.28892455858747995,10.383333333333333,26.371394947900015,55.0,0.13245033112582782,22.65
2024,P003048   ,ZAL,533.7666666666667,129.84,139,95,36,184,2756.04,6825.0,34,12.047701337146957,62.702995308552865,0.34471991506900646,10.638373592688433,64.14956011730204,0.3660642339127432,289.56666666666666,13.706614819680366,61.30063965884861,0.31941031941031944,244.2
2024,P003091   ,ULK,6.9,3.88,4,2,2,5,412.03999999999996,1000.0,5,27.294381156184357,69.44444444444444,0.7246376811594203,,,,0.0,27.350138160491735,69.44444444444444,0.7246376811594203,6.9
2024,P003108   ,MAD,859.9833333333333,461.56,468,382,74,456,2708.12,6450.0,32,25.56583230070652,56.445387881126976,0.5302428341634527,25.522711263520204,61.377531524646535,0.6094008345799543,423.3666666666667,25.610782497849637,51.413255360623786,0.45348704050082067,436.6166666666667
2024,P003196   ,BAR,447.5,210.0,228,144,75,294,2769.12,6675.0,33,22.623809980332176,64.40677966101696,0.6569832402234637,23.732627745336206,69.14665523156089,0.7250221043324492,226.2,21.47407374961042,59.125656951743906,0.587437867148667,221.3
2024,P003210   ,ZAL,97.48333333333333,49.2,30,37,5,-2,1531.72,3800.0,19,25.04199595137433,38.265306122448976,-0.02051632757736365,26.767770748825207,31.347962382445143,-0.09031610637230306,33.21666666666667,24.080115094371994,41.6036308623298,0.015560165975103735,64.26666666666667
2024,P003469   ,OLY,972.95,503.6,645,395,165,783,2639.96,6425.0,32,25.19422363913387,68.96920444824636,0.8047690014903129,24.636064065406845,67.30944151355285,0.7550963805297461,480.73333333333335,25.705723755001525,70.44243500726627,0.8532827684285376,492.2166666666667
2024,P003478   ,BAR,562.6666666666666,135.24,148,116,21,148,2772.68,6675.0,33,11.572721196328132,59.086553816671994,0.26303317535545023,12.064505844622555,60.213414634146346,0.28408401116911497,274.56666666666666,11.089043229558136,57.84708249496982,0.24297119055883376,288.09999999999997
2024,P003481   ,PRS,0.0,0.0,0,0,0,0,449.36,1000.0,5,,,,,,,0.0,,,,0.0
2024,P003526   ,ASV,641.6,152.92,146,124,18,106,2702.48,6625.0,33,11.68566208808224,55.33656761673742,0.16521197007481297,11.157170199717857,53.80794701986755,0.15123667489366172,317.3833333333333,12.204182391211775,56.62751677852349,0.17889271577648694,324.21666666666664
2024,P003583   ,MAD,287.2166666666667,151.44,156,112,26,153,2186.4,5250.0,26,25.321570827878986,63.18859364873623,0.5326988916613473,26.85268844649505,63.33122229259025,0.5765676974251571,135.28333333333333,23.932603731820983,63.039150630391504,0.4936375603334796,151.93333333333334
2024,P003733   ,MAD,611.1833333333333,160.92,183,135,18,194,2798.6,6650.0,33,12.512651024320482,64.02183039462636,0.3174170325325189,12.189507155983836,73.86363636363636,0.3091334894613583,320.25,12.868497546861656,54.467733039161615,0.3265352887259395,290.93333333333334
2024,P003842   ,PAN,451.71666666666664,190.48,228,118,92,349,1380.08,3400.0,17,20.77724295857744,71.93336698637053,0.7726081983544257,21.695786511094926,68.75881523272214,0.806533208065332,230.61666666666667,19.820682682842474,75.61307901907357,0.7372229760289462,221.1
2024,P003941   ,OLY,472.4666666666667,163.48,197,118,67,347,2055.8,5025.0,25,16.91525913399668,66.78871711418498,0.7344433469733314,17.725223338736537,67.3692636072572,0.7222182417424948,232.61666666666667,16.122454971144094,66.18863761720905,0.7462997706900146,239.85
2024,P004004   ,ULK,686.0666666666667,332.36,342,225,94,370,2563.2,6200.0,31,23.435899227607702,64.1988286529509,0.5393061898746477,23.71961182591943,61.72839506172839,0.5398937443162781,348.2166666666667,23.146268380615293,67.04361873990307,0.5387006067781559,337.85
2024,P004007   ,RED,297.0,104.28,94,82,12,63,2226.36,5500.0,27,17.347698585234294,53.84967919340055,0.21212121212121213,16.486827741870336,50.33557046979866,0.10699273977837219,130.85,18.039147929470385,56.2888198757764,0.29491423412578993,166.15
2024,P004058   ,BAS,222.46666666666667,74.84,43,57,11,31,2764.6,6625.0,33,16.123243235884065,34.76714100905563,0.13934671860952952,14.80183235326985,35.87830080367394,0.20323084940072955,127.93333333333334,17.885979436233928,33.333333333333336,0.05289139633286319,94.53333333333333
2024,P004088   ,PAN,586.05,228.0,253,176,75,216,2635.64,6425.0,32,18.967811034237204,60.526315789473685,0.3685692347069363,18.62258561427003,56.91225165562914,0.3090190441969098,278.3,19.2797091852334,63.634745461018156,0.42242079610073113,307.75
2024,P004132   ,MCO,191.85,89.0,110,57,50,136,679.12,1625.0,8,22.200616947661622,69.62025316455696,0.7088871514203805,21.905506375279266,70.42253521126761,0.7505211952744961,95.93333333333334,22.521177237185054,68.80733944954127,0.6672458731537793,95.91666666666667
2024,P004194   ,ASV,384.6666666666667,194.36,214,157,44,252,1743.52,4200.0,21,24.343033054587554,60.671354048537076,0.655112651646447,23.613100806443295,58.50234009360374,0.7063671146865497,169.88333333333333,24.951996510943374,62.349155269509254,0.6145728253278497,214.78333333333333
2024,P004197   ,PRS,455.6,158.84,146,141,11,88,2719.08,6400.0,32,16.41209972339583,50.05485463521668,0.19315188762071991,15.57088484303413,50.94282238442822,0.21869542106462148,219.48333333333332,17.16300208139957,49.32567432567433,0.16940777864050258,236.11666666666667
2024,P004233   ,TEL,124.26666666666667,34.0,40,30,0,35,2044.6,4800.0,24,12.846568727673315,66.66666666666667,0.28165236051502146,12.624222634354503,67.6470588235294,0.36928017126036927,62.28333333333333,13.075913046460194,65.38461538461539,0.19360043022317827,61.983333333333334
2024,P004508   ,MUN,821.7166666666667,331.88,356,280,27,249,2827.8,6800.0,34,19.424471165819398,60.98396601343018,0.30302415674502564,18.354816473817948,64.1669056495555,0.30489756722151085,416.53333333333336,20.51902416148623,58.07086614173228,0.301098268273621,405.18333333333334
2024,P004512   ,PRS,224.55,40.2,17,21,5,8,2045.12,4800.0,24,8.403601131225054,36.63793103448276,0.03562680917390336,10.395602854830294,37.262872628726285,0.10452961672473868,95.66666666666667,6.961738052227893,35.54502369668246,-0.015517910254752361,128.88333333333333
2024,P004554   ,VIR,411.85,174.8,201,134,45,237,2129.64,5225.0,26,20.826315969866403,65.3446033810143,0.5754522277528226,20.26001002506979,68.6191284663271,0.6148590947907772,195.16666666666666,21.344795439095883,62.56015399422521,0.5399584647334821,216.68333333333334
2024,P004761   ,PAR,481.1166666666667,143.8,154,121,20,110,1664.76,4200.0,21,15.081208283854311,59.32203389830508,0.2286347732705165,14.061475506963587,62.84435261707989,0.2243797195253506,231.75,16.01725662196048,56.469604015616284,0.23258922603929955,249.36666666666667
2024,P004790   ,MCO,166.68333333333334,41.12,49,25,23,65,2074.0,5025.0,25,11.954137276725557,69.76082004555809,0.38996100389961,12.753249704189173,76.47679324894514,0.37259615384615385,83.2,11.151104570302385,61.88118811881188,0.4072669195448193,83.48333333333333
2024,P004866   ,RED,914.5166666666667,293.44,296,203,76,383,2804.72,6900.0,34,15.787641799910457,62.595161563187276,0.4188004592589893,15.169939544631962,62.690613351406306,0.44646727351538795,461.4,16.41552243572674,62.5,0.3906278736160665,453.1166666666667
2024,P004887   ,IST,718.8166666666666,269.92,326,198,93,459,2769.84,6825.0,34,18.505247401531694,68.22367319604888,0.6385494678754435,18.247136123504426,70.29734970911441,0.6708107866374491,372.68333333333334,18.779101155401694,65.9951372004168,0.603813559322034,346.1333333333333
2024,P004888   ,VIR,658.3333333333334,333.4,330,273,60,369,1970.8,4825.0,24,24.797306497650503,55.11022044088177,0.5605063291139241,25.40945089551567,53.68873168266801,0.5077658303464755,334.8,24.16835901125021,56.70541536716756,0.6150834535338965,323.53333333333336
2024,P005145   ,TEL,218.65,63.480000000000004,64,43,17,60,2913.16,6800.0,34,13.553829141515745,63.39144215530903,0.2744111593871484,13.460171528397428,62.086092715231786,0.2783300198807157,100.6,13.645258363930155,64.58966565349544,0.2710715798390513,118.05
2024,P005161   ,PAN,274.5,86.24,74,64,21,61,2146.84,5200.0,26,15.219488607290609,50.5188421627526,0.2222222222222222,16.324913123124592,39.107763615295475,0.08696797997101068,126.48333333333333,14.2790400513605,60.69214876033058,0.33779979732012166,148.01666666666665
2024,P005216   ,ULK,238.15,125.32,163,103,28,168,1075.28,2600.0,13,25.447878109231212,70.67291016302462,0.7054377493176569,23.605308400122066,69.1699604743083,0.6522697223446452,113.45,27.164130608058308,71.84796044499382,0.7538091419406575,124.7
2024,P005353   ,PAN,326.71666666666664,176.84,192,131,36,218,1965.8,4825.0,24,26.57034535571796,65.37728139471534,0.6672448094679386,29.844097226241,66.25891946992864,0.6731068868806482,160.45,23.472001486228063,64.36512580456407,0.66158781074579,166.26666666666665
2024,P005460   ,MUN,252.83333333333334,86.4,109,62,35,118,2393.12,5800.0,29,16.564293801316353,70.41343669250645,0.46671061305207645,18.57174325874341,71.23775601068566,0.4324843825084095,138.73333333333332,14.156157896973363,69.27339901477832,0.5083260297984225,114.1
2024,P005504   ,ZAL,442.73333333333335,164.07999999999998,180,115,57,185,2756.04,6825.0,34,18.355260866190974,64.24900057110221,0.41785875621141394,16.942137946191956,68.74630396215257,0.49035488146075684,226.36666666666667,19.81080623185315,60.04969630038653,0.3420120166384224,216.36666666666667
2024,P005670   ,MIL,112.68333333333334,33.44,23,27,1,13,2042.72,5025.0,25,14.600368056664907,41.90962099125364,0.11536754917911551,13.757483538761495,20.833333333333332,-0.07065057403591404,56.61666666666667,15.483880896244042,58.29015544041451,0.3032104637336504,56.06666666666667
2024,P005738   ,VIR,274.35,99.28,104,83,12,57,2374.64,5825.0,29,17.753539479658517,58.90348889895786,0.20776380535811917,17.39238215847077,59.41499085923218,0.204855842185129,131.79999999999998,18.08818098439678,58.40071877807726,0.21045247281655557,142.55
2024,P005763   ,MCO,35.95,13.879999999999999,14,11,2,16,250.84,600.0,3,18.470345757864145,58.92255892255892,0.4450625869262865,16.981612098149967,60.72874493927125,0.4304635761589404,30.200000000000003,25.726781579624387,50.0,0.5217391304347826,5.75
2024,P005791   ,MAD,812.15,305.84000000000003,359,198,86,559,2873.88,6850.0,34,17.95188152758354,76.11092265943012,0.6882964969525334,16.669384737983133,79.16666666666667,0.706272310045895,392.2,19.170395449196928,73.52941176470588,0.6715085129182046,419.95
2024,P005793   ,PRS,424.06666666666666,86.16,96,67,14,107,2712.64,6400.0,32,9.587146458442707,65.60962274466922,0.25231881779594406,10.22991339017097,53.46958174904943,0.1615919802498691,222.78333333333333,8.881418509315685,82.04633204633205,0.3527366067732053,201.28333333333333
2024,P005844   ,MCO,459.7833333333333,165.8,194,140,20,234,2479.32,6025.0,30,17.526119351405175,65.18817204301075,0.508935368108167,15.100524922305732,62.536786344908776,0.4303920885855561,239.31666666666666,20.188637601723673,67.41712023750618,0.5941941336558815,220.46666666666667
2024,P005928   ,MAD,855.6166666666667,409.72,404,271,138,593,2792.68,6650.0,33,22.805436784832107,60.894730495598694,0.6930673783041471,24.267796736673052,63.09241706161137,0.8148426726839664,398.85,21.519051780961423,58.61772649152958,0.5867328322265197,456.76666666666665
2024,P005985   ,MCO,991.2333333333333,576.68,536,441,172,580,2825.28,6850.0,34,28.210972895227798,51.8696291708601,0.5851296364798063,30.318491494537398,52.62578847000147,0.6157727846159091,488.81666666666666,26.137955723198075,51.02459016393443,0.5553159727981423,502.4166666666667
2024,P006085   ,MIL,454.93333333333334,254.20000000000002,204,189,55,176,2199.0,5425.0,27,27.569716225055938,47.84240150093809,0.38686987104337633,26.465417177125556,43.81831888428194,0.3302215410338582,239.23333333333332,28.822030821047292,51.83040717220769,0.449698655540102,215.7
2024,P006240   ,RED,114.3,52.72,52,45,13,44,972.6800000000001,2400.0,12,22.76147607222494,51.261829652996845,0.38495188101487315,20.682023800112088,40.44117647058824,0.17159199237368922,69.93333333333334,26.02492506215774,63.775510204081634,0.7212622088655146,44.36666666666667
2024,P006251   ,BER,627.7333333333333,204.52,179,162,33,143,2874.08,6675.0,33,15.133626329558478,50.70246997507364,0.227803738317757,14.184956106073585,54.24063116370808,0.2300661834226284,317.3,16.109540940523274,47.693920335429766,0.22549124879201116,310.43333333333334
2024,P006273   ,VIR,2.25,1.0,3,1,0,2,965.6800000000001,2400.0,12,22.09151409714743,150.0,0.8888888888888888,,,,0.0,22.25746320563114,150.0,0.8888888888888888,2.25
2024,P006372   ,IST,20.016666666666666,7.88,12,6,2,16,1390.8,3425.0,17,19.38922051583416,87.20930232558139,0.7993338884263115,15.332149662220683,64.43298969072166,0.6521739130434783,12.266666666666666,25.895467281684017,116.66666666666667,1.032258064516129,7.75
2024,P006435   ,BAR,88.1,36.519999999999996,40,25,8,53,328.64,825.0,4,20.81221878740521,70.12622720897616,0.601589103291714,21.6826951442563,85.38251366120218,0.857843137254902,40.8,20.061564802054562,54.034582132564836,0.3805496828752643,47.3
2024,P006436   ,RED,514.45,146.36,155,118,44,162,2804.72,6900.0,34,13.998090734963137,56.42108328479906,0.31489940713383224,12.281499596214921,60.18217306441119,0.3014881144108742,258.71666666666664,15.730023274564797,53.37374802319452,0.3284671532846716,255.73333333333332
2024,P006509   ,MIL,415.9666666666667,78.96000000000001,87,67,9,121,2272.88,5625.0,28,9.395602288096159,61.30214205186021,0.29088869300424713,11.735066287505115,63.976377952755904,0.33160991264039935,186.96666666666667,7.479354075900961,57.71767810026385,0.2576419213973799,229.0
2024,P006540   ,MAD,648.0333333333333,349.04,369,249,116,375,2536.2,6050.0,30,25.69684036212178,61.49180109318757,0.5786739365258989,27.406065555196086,68.762278978389,0.7264358615169102,333.1333333333333,23.871311438646757,52.857976086322545,0.4223563035884408,314.9
2024,P006544   ,PAN,4.116666666666666,1.88,2,1,2,3,1079.0,2625.0,13,22.220304450439567,53.19148936170213,0.7287449392712552,21.7053308908422,53.19148936170213,0.7287449392712552,4.116666666666666,,,,0.0
2024,P006568   ,BAR,234.33333333333334,86.12,92,57,23,93,2773.48,6675.0,33,17.68993259486298,68.53396901072705,0.3968705547652916,14.727392716312552,63.266871165644176,0.3766105054509415,100.9,19.995068527945975,71.88109161793372,0.41219085685735696,133.43333333333334
2024,P006590   ,IST,622.7166666666667,240.68,293,214,22,268,2696.12,6625.0,33,18.994425979980324,65.4953505007153,0.43037229344538713,19.952407449797814,74.09177820267686,0.5326607818411097,330.4166666666667,17.902082807672546,54.50285248573757,0.31474512487170714,292.3
2024,P006591   ,PAR,418.1333333333333,137.72,146,118,13,129,1782.04,4400.0,22,16.26475206814112,59.0042030391206,0.3085140306122449,15.263335336626552,65.08559201141227,0.38588235294117645,212.5,17.2544386057549,53.96215257244234,0.2285621656670449,205.63333333333333
2024,P006640   ,IST,53.88333333333333,27.08,19,21,7,7,890.5600000000001,2200.0,11,24.830398961304432,39.45182724252492,0.12991030003093101,21.88780504177896,56.81818181818182,0.35910224438902744,33.416666666666664,29.28040613317611,15.0,-0.24429967426710095,20.46666666666667
2024,P006661   ,ULK,2.0833333333333335,1.0,0,0,0,0,81.67999999999999,200.0,1,23.506366307541626,,0.0,23.506366307541626,,0.0,2.0833333333333335,,,,
2024,P006701   ,MIL,31.416666666666668,14.879999999999999,17,13,2,17,899.84,2200.0,11,23.15955491999049,61.23919308357348,0.5411140583554377,17.670520523047404,100.0,0.7241379310344827,19.333333333333336,31.938842430878267,31.725888324873097,0.2482758620689655,12.083333333333334
2024,P006721   ,MIL,171.21666666666667,47.28,58,33,12,60,2126.76,5225.0,26,13.568418709324588,75.75757575757575,0.35043317434050425,12.90365752781885,70.6713780918728,0.39756446991404015,93.06666666666666,14.335973090922591,83.12020460358056,0.29430582213691614,78.15
2024,P006739   ,VIR,708.4666666666667,188.56,162,140,24,215,2450.88,6025.0,30,13.085645388618536,53.79914984059511,0.3034722875693987,13.106922224097163,57.11775043936731,0.3282959874934862,319.8333333333333,13.068286799199564,51.04521147301896,0.28304314263658975,388.6333333333333
2024,P006760   ,PAR,749.4,206.8,230,165,45,293,2479.72,6200.0,31,13.799262811816298,62.229437229437224,0.39097945022684816,14.008266308538685,59.42091616248919,0.3911556872578072,365.5833333333333,13.605081352664378,65.04770164787512,0.3908115853923314,383.81666666666666
2024,P006835   ,TEL,735.3666666666667,295.68,353,232,97,421,2294.6,5400.0,27,18.924951530062014,64.25658948594729,0.5725035129867186,19.20530352176291,62.04684885666481,0.538914323086985,382.25,18.62397928863786,66.67174641877476,0.6088639259923538,353.1166666666667
2024,P006919   ,BER,438.46666666666664,143.56,129,114,24,118,2135.72,5025.0,25,15.407018852273586,51.78227360308285,0.2691196594191881,14.647841128655108,43.016194331983804,0.1794478527607362,217.33333333333334,16.15663996395573,59.74264705882353,0.35725052758516734,221.13333333333333
2024,P006961   ,ULK,717.8,306.32,314,252,28,249,2656.56,6400.0,32,20.56185251940463,59.39769975786925,0.34689328503761496,22.87928649804695,62.46389370306182,0.37891110898478614,348.3666666666667,18.342035712636697,56.02352193261284,0.31670125417305783,369.43333333333334
2024,P007025   ,BER,386.5333333333333,106.08,71,93,7,13,2609.36,6075.0,30,12.77876361208652,36.94837635303914,0.033632286995515695,15.000575990351445,47.76554404145078,0.18347147340468334,207.11666666666667,10.210116593460292,17.482517482517483,-0.13934045517882027,179.41666666666666
2024,P007027   ,ASV,910.5833333333334,537.2,561,339,230,679,2700.7599999999998,6625.0,33,28.943176461033186,63.721035892776015,0.7456758488148623,28.500772070299035,62.19903691813804,0.7577022172224843,459.2833333333333,29.39070417167511,65.30196369025565,0.7334367383115444,451.3
2024,P007029   ,ZAL,562.45,279.92,286,213,68,238,2756.04,6825.0,34,24.648877319692126,58.867116746253906,0.4231487243310516,25.975169404784154,55.02000727537286,0.3954200505924644,250.36666666666667,23.555222528988068,62.048736462093856,0.44539385847797064,312.0833333333333
2024,P007032   ,PRS,492.3333333333333,296.84,289,242,36,228,2378.32,5600.0,28,28.39297610850879,56.04250698107354,0.46310088016249157,27.34824175616862,52.15123859191656,0.34011337112370793,249.91666666666666,29.44914024328215,59.57667258732978,0.5898934341698179,242.41666666666666
2024,P007056   ,MUN,671.0,341.28,387,262,87,426,2177.48,5200.0,26,24.29223548779106,64.43985613427468,0.6348733233979136,23.176863328157225,65.485884907709,0.5734533078465196,357.48333333333335,25.574409536220507,63.43185979597175,0.7049067035245336,313.51666666666665
2024,P007109   ,IST,617.1666666666666,209.88,235,153,52,234,2769.84,6825.0,34,16.75894063230475,66.80691380486695,0.37915203888738863,16.09943967040674,65.44502617801047,0.3717884130982368,330.8333333333333,17.515616241576772,68.2897862232779,0.38766006984866125,286.3333333333333
2024,P007182   ,ULK,399.4666666666667,113.96,111,74,34,163,2553.76,6200.0,31,13.852032436540702,62.38758992805755,0.4080440587449933,14.184306728346543,66.07929515418502,0.44813695871097686,198.6,13.526181487229026,58.539944903581265,0.3684035844673083,200.86666666666667
2024,P007200   ,IST,572.2833333333333,256.92,254,201,43,345,1875.0,4625.0,23,22.14763083554184,57.748272098945066,0.602848239508402,21.87875997628516,59.587813620071685,0.6520960229308491,279.1,22.429469072714383,55.85302806499262,0.5559661190381445,293.18333333333334
2024,P007201   ,MUN,816.8333333333334,247.76,229,186,29,327,2827.8,6800.0,34,14.587738127290388,57.607164419400284,0.40032646398694144,14.5958143010835,60.963901689708145,0.45565370318557896,416.98333333333335,14.581280254463653,53.911205073995774,0.3426284856821308,399.85
2024,P007230   ,BAS,610.2833333333333,164.4,184,126,35,288,2225.64,5400.0,27,13.07191276714575,65.06364922206507,0.4719119534642379,13.183014418311693,69.1340782122905,0.5059347977872066,310.31666666666666,12.95132949806376,60.88825214899714,0.4367151905767307,299.9666666666667
2024,P007464   ,BAR,355.1166666666667,128.04,125,111,16,127,2351.04,5650.0,28,17.32977943648783,52.948153168417484,0.3576289482329751,19.410488313191426,50.03126954346467,0.3667915598501282,169.03333333333333,15.414341326987198,56.39792899408284,0.3493058665472458,186.08333333333334
2024,P007483   ,PRS,25.883333333333333,4.0,4,4,0,6,429.76,1000.0,5,7.1919024931449185,50.0,0.23180940115904702,0.0,,0.0,2.6166666666666667,8.301292649620423,50.0,0.25787965616045844,23.266666666666666
2024,P007513   ,ZAL,720.35,196.16,174,158,14,134,2427.36,6025.0,30,13.518227414892543,52.99707602339181,0.18602068438953287,12.488255362050479,59.32439977666108,0.2006880733944954,348.8,14.449273182560603,48.09770860354518,0.17225137935674875,371.55
2024,P007519   ,TEL,685.0,352.8,353,248,70,436,2578.88,6000.0,30,23.96558954353975,63.30703012912482,0.6364963503649635,23.02109090950801,55.6768558951965,0.5018691588785047,356.6666666666667,24.991413978091433,70.72135785007072,0.7827411167512691,328.3333333333333
2024,P007550   ,BER,190.83333333333331,84.04,57,45,16,65,1659.04,3875.0,19,20.572006497365134,54.76556495003843,0.3406113537117904,17.767625265943956,60.84840055632823,0.36358628288114586,121.01666666666667,25.445910803051397,47.250859106529205,0.30078777751253283,69.81666666666666
2024,P007579   ,BAS,228.06666666666666,141.76,136,111,29,129,1274.32,3025.0,15,29.509969783518862,54.94505494505494,0.5656240865244081,28.36290358836301,53.9108187134503,0.49362800451685757,103.31666666666666,30.519613407933395,55.76477404403244,0.625250501002004,124.75
2024,P007630   ,MAD,301.5,90.6,87,73,15,92,1960.12,4600.0,23,14.10412176003439,54.64824120603016,0.30514096185737977,16.545781641882385,60.33789219629928,0.38866930171277997,151.8,11.612260529686589,45.18072289156627,0.22044088176352708,149.7
2024,P007632   ,PAR,103.33333333333333,25.88,25,22,2,24,1736.04,4400.0,22,12.69541135888797,54.63286713286713,0.23225806451612904,13.627706034882651,42.857142857142854,0.15856236786469344,63.06666666666667,11.214330095321804,73.1981981981982,0.347682119205298,40.266666666666666
2024,P007639   ,MUN,225.36666666666667,89.2,107,63,30,116,2827.8,6800.0,34,19.035548327888574,70.20997375328083,0.5147167578760539,13.604939425967101,75.53606237816764,0.407673860911271,83.39999999999999,22.18226766338092,68.24712643678161,0.5776003756750411,141.96666666666667
2024,P007736   ,PAR,125.96666666666667,20.0,17,20,0,20,1750.68,4400.0,22,7.98087043399665,42.5,0.15877216194760518,12.006135802402573,33.333333333333336,0.18922470433639949,63.416666666666664,3.971780341800296,70.0,0.1278976818545164,62.55
2024,P007831   ,MIL,771.55,319.88,335,243,77,372,2231.24,5600.0,28,20.811086166609766,60.495521525570645,0.4821463288186119,19.414471997539028,56.12548319952423,0.45925258892390813,407.18333333333334,22.372687527763404,64.62489463332396,0.5077303082975025,364.3666666666667
2024,P007853   ,OLY,587.0833333333334,270.28,282,199,87,286,2713.64,6625.0,33,22.479042315461264,59.42346594740391,0.4871540099361249,22.544196046575305,60.54941482444734,0.4539269580362488,306.2166666666667,22.462265753447394,58.21078431372549,0.523380014241633,280.8666666666667
2024,P007855   ,TEL,7.85,0.88,1,0,2,0,569.68,1400.0,7,5.509853783149687,56.81818181818182,0.0,0.0,,0.0,2.283333333333333,7.820770069359962,56.81818181818182,0.0,5.566666666666666
2024,P007866   ,PAN,493.58333333333337,181.2,189,147,30,181,2639.04,6425.0,32,17.875362655473012,58.98876404494382,0.36670606111767684,17.237070103371323,67.07317073170732,0.4355951696377228,231.86666666666667,18.430514358314447,52.08333333333333,0.3056740750175126,261.71666666666664
2024,P007870   ,PAR,617.6833333333333,324.76,327,244,79,355,2722.2,6800.0,34,26.26730569240591,58.65260439087387,0.5747281508863765,26.847644441238824,59.35251798561151,0.5618037991712856,309.71666666666664,25.687122907878145,57.956496851745854,0.5877259443662735,307.96666666666664
2024,P007929   ,MUN,102.35,32.44,25,23,1,11,1992.28,4800.0,24,15.272630909291303,53.32764505119454,0.10747435271128482,11.298755187894063,28.571428571428573,0.0,42.43333333333333,18.13803375083397,63.86861313868613,0.1835883171070932,59.916666666666664
2024,P007947   ,OLY,483.1,144.6,142,113,15,158,2299.2400000000002,5625.0,28,14.645340441366073,59.36454849498328,0.3270544400745187,14.170444580923068,64.76151315789474,0.31985996180776577,209.46666666666667,14.937590499740667,55.66516347237881,0.3325618223900597,273.6333333333333
2024,P007960   ,RED,349.48333333333335,85.0,105,65,25,124,2391.2,5875.0,29,11.951279989366324,69.07894736842105,0.3548094806619295,12.597689455676887,75.75757575757575,0.4584882280049566,161.4,11.397179901825755,62.30116648992577,0.26583961010190515,188.08333333333334
2024,P007975   ,ZAL,866.7,540.68,495,365,172,528,2756.04,6825.0,34,30.897165807785903,56.16320232368158,0.6092073381793007,29.938732540465626,52.5860498998361,0.5723618276975614,449.01666666666665,31.927725117402314,59.71769815418024,0.6488168867962172,417.68333333333334
2024,P007982   ,OLY,673.3833333333333,276.88,252,189,77,260,2475.0,6025.0,30,20.01893948769181,56.53266331658291,0.38610994233101503,18.703783970325148,61.80362116991644,0.4519408502772643,360.6666666666667,21.533034388865087,50.925925925925924,0.3101849384426797,312.7166666666667
2024,P007990   ,TEL,574.9,143.88,170,124,27,172,2913.16,6800.0,34,11.683761704292813,62.55519576096556,0.29918246651591585,12.115478739314307,74.59443800695249,0.4263816291771892,283.7833333333333,11.2599804436777,50.119688809096345,0.17518749642182402,291.1166666666667
2024,P008062   ,BER,419.15,141.2,126,111,5,154,2066.8,4825.0,24,15.728745548218317,55.65371024734982,0.36741023499940356,15.980984736660494,60.55676066522054,0.4326796236039047,189.51666666666665,15.519297180115226,50.96751900483759,0.3135433299462912,229.63333333333333
2024,P008072   ,BAS,462.75,128.84,131,91,36,186,2757.16,6625.0,33,13.380064214558065,61.30662673156121,0.4019448946515397,12.320397445453708,68.15266196279667,0.48398576512455516,281.0,15.005144070503986,51.70863309352517,0.2751031636863824,181.75
2024,P008099   ,MCO,683.6833333333333,252.28,275,192,62,261,2825.28,6850.0,34,17.893154068762488,62.70521707406056,0.38175568611199145,18.109062526369087,62.89601192694745,0.41100000000000003,333.3333333333333,17.690828310124346,62.522329403358334,0.35393178250321106,350.35
2024,P008104   ,ULK,328.1166666666667,147.88,129,96,52,128,2171.56,5200.0,26,21.584533007604485,54.2563930013459,0.39010514552750547,20.195118247731845,46.0621387283237,0.2713178294573643,154.8,22.83653403123214,61.39798488664988,0.49620155784210024,173.31666666666666
2024,P008161   ,MCO,42.61666666666667,19.759999999999998,6,14,4,-5,2075.08,5025.0,25,22.456324728096014,19.03553299492386,-0.11732499022291748,16.12762199399491,12.88659793814433,-0.2542372881355932,23.6,30.332774735938504,21.04377104377104,0.0525854513584575,19.016666666666666
2024,P008173   ,BER,559.9333333333334,324.16,259,238,64,239,2445.76,5650.0,28,26.74777781826298,48.65494439434926,0.426836528158114,27.36299440810974,45.83086930810171,0.41617263457434195,281.1333333333333,26.12872270936763,51.5739608801956,0.4375896700143472,278.8
2024,P008174   ,ULK,9.716666666666667,0.0,0,0,0,0,487.64,1200.0,6,0.0,,0.0,0.0,,0.0,8.483333333333334,0.0,,0.0,1.2333333333333334
2024,P008211   ,BER,418.56666666666666,142.68,132,117,22,136,2012.36,4650.0,23,15.753451980846132,52.09977897063467,0.3249183722226647,15.238860132961442,40.32258064516129,0.2448979591836735,179.66666666666666,16.15459259290938,60.321715817694376,0.38509836751778986,238.9
2024,P008232   ,PAR,345.18333333333334,108.72,104,90,13,128,2570.52,6400.0,32,15.68370293856492,54.32511491851233,0.3708174400077254,15.709663569148718,60.7721639656816,0.45977011494252873,152.25,15.658293900541313,49.293154761904766,0.3006219765031099,192.93333333333334
2024,P008384   ,BER,533.3166666666666,269.64,253,214,56,201,2381.6,5475.0,27,23.245798021715558,53.008716057660074,0.3768867777118035,23.41262599944794,56.213916742631426,0.38819523269012485,293.6666666666667,23.038926907344123,49.06542056074766,0.36302941790110577,239.65
2024,P008780   ,BER,522.7333333333333,269.52,229,190,58,258,2079.44,4850.0,24,24.05116643467817,53.12731997030438,0.4935594949623772,24.417504334911197,57.420494699646646,0.5200433369447454,246.13333333333333,23.712011876247068,49.278423090461104,0.46999276934201006,276.6
2024,P008811   ,OLY,513.8166666666666,156.4,180,101,60,264,2380.6,5825.0,29,14.895944909295473,70.6436420722135,0.5138019397320706,14.65838612179948,75.62008469449485,0.5826344662336843,264.31666666666666,15.164209521023679,65.27415143603133,0.4408817635270541,249.5
2024,P008829   ,OLY,555.45,194.44,259,161,51,296,2788.92,6825.0,34,17.133150742038428,70.5952900130833,0.5329012512377351,16.941149759247853,69.90917782026769,0.4722933716499031,266.78333333333336,17.27908994232989,71.17080994386528,0.5889145496535796,288.6666666666667
2024,P008850   ,BAS,133.88333333333333,35.2,37,27,5,22,2340.2,5625.0,28,12.639086739594696,63.35616438356165,0.1643221710444417,11.745904490455725,66.12090680100755,0.17796030116358655,73.05000000000001,13.7111644000541,60.06006006006006,0.14794520547945206,60.83333333333333
2024,P008855   ,OLY,426.1333333333333,112.96,93,74,9,160,1638.76,4000.0,20,12.940581985872832,59.645972293483844,0.37546933667083854,16.4900865302326,62.607944732297064,0.39738308698812697,206.35,9.72232648608314,55.309734513274336,0.35489497232122547,219.78333333333333
2024,P008962   ,ULK,1059.4833333333333,521.84,572,422,111,606,2816.84,6800.0,34,23.78044435243061,60.74250276102285,0.5719769069829634,24.408315958487883,59.13804277381724,0.5445148587952994,541.7666666666667,23.114615209406935,62.51116270762636,0.6007146766249235,517.7166666666667
2024,P008967   ,BER,505.9166666666667,239.52,258,187,33,203,1830.24,4250.0,21,21.987389973952343,64.01349741961096,0.4012518530719815,22.01138337755271,69.02704733283245,0.4754235650325323,258.7166666666667,21.979164119243844,58.39646464646464,0.3236245954692557,247.2
2024,P008985   ,MIL,560.0666666666666,201.24,173,152,46,221,2103.56,5225.0,26,17.849907483855787,50.22062238736646,0.3945958814426854,17.28566055394648,42.07573632538569,0.3051777345982398,291.6333333333333,18.46000171597887,58.26026765113059,0.4917422078728424,268.43333333333334
2024,P008987   ,MIL,939.9,445.88,545,324,177,661,2753.04,6825.0,34,23.521037415538103,67.80631034139545,0.703266304926056,23.92453478951743,71.05625491738788,0.771545239630346,465.3,23.124123172737956,64.47713076768083,0.6363253265908133,474.6
2024,P008991   ,ASV,289.26666666666665,106.72,104,60,38,90,2632.2,6425.0,32,18.01074462444379,67.77893639207508,0.3111315971421987,16.836631306127323,69.02610441767068,0.3467465753424658,155.73333333333332,19.379067722048987,66.43167028199565,0.26959560659011483,133.53333333333333
2024,P009005   ,MAD,549.35,178.0,195,131,50,208,1934.32,4650.0,23,15.578495018606354,63.72549019607843,0.3786292891599162,16.60200892492925,69.17272219116825,0.4088586030664395,244.58333333333334,14.756142300645893,58.93909626719057,0.354369462977141,304.76666666666665
2024,P009035   ,RED,436.8666666666667,157.72,183,116,38,298,1466.92,3650.0,18,17.96611974020158,68.94213381555154,0.6821303219899283,19.597754503242115,64.8414985590778,0.6228209191759112,210.33333333333334,16.462529297541412,73.43651295009475,0.7371983519717481,226.53333333333333
2024,P009048   ,RED,847.7,408.6,346,318,40,326,2804.72,6900.0,34,23.716235497159524,51.54946364719904,0.38457001297628873,23.10783438223409,51.32241813602015,0.39323311350509976,406.8833333333333,24.273854246102108,51.75339366515837,0.3765737835078831,440.81666666666666
2024,P009213   ,MAD,349.28333333333336,88.28,89,77,12,106,2530.88,6050.0,30,12.083653906074181,54.08361691784152,0.3034785513193682,10.231952119934704,59.24170616113744,0.3101638301256561,209.56666666666666,14.871622365428731,48.65269461077845,0.29345103185017296,139.71666666666667
2024,P009513   ,IST,70.03333333333333,16.0,8,12,0,6,1221.88,3000.0,15,11.218579738088854,33.333333333333336,0.08567348881485007,8.269202509496232,66.66666666666667,0.1392757660167131,35.9,14.2633276533593,22.22222222222222,0.029296875,34.13333333333333
2024,P009549   ,VIR,915.1333333333333,425.16,409,307,114,461,2768.76,6825.0,34,22.904212431054635,57.257251651920704,0.5037517301668245,23.421558137078506,54.89679402722881,0.4842403751772276,458.45,22.38769151396695,59.714285714285715,0.5233385642859749,456.68333333333334
2024,P009622   ,PAN,499.31666666666666,236.16,224,181,39,268,2636.92,6425.0,32,23.04817013045518,56.51998385143319,0.5367335358323041,21.598796224467158,65.4380341880342,0.6362394096747744,304.9166666666667,25.354414996168682,44.85088536812675,0.38065843621399176,194.4
2024,P009664   ,IST,260.43333333333334,74.48,71,58,17,107,2769.84,6825.0,34,14.093571627220381,54.21502748930971,0.41085370536285676,15.601002585162506,57.017543859649116,0.4583333333333333,120.0,12.803063280344954,51.15089514066496,0.370282459055305,140.43333333333334
2024,P009754   ,MCO,584.5333333333333,248.28,272,191,62,274,2165.0,5225.0,26,20.501745798283917,62.30529595015576,0.46875,20.367575678730425,57.482095740670935,0.38106235565819857,288.6666666666667,20.638791294585538,66.86875891583452,0.5543037404236142,295.8666666666667
2024,P009754   ,TEL,55.13333333333333,27.200000000000003,31,23,5,29,159.2,400.0,2,24.791429942943257,61.507936507936506,0.5259975816203144,23.81040411136171,63.13131313131313,0.4525455688246386,26.516666666666666,25.79421071276321,60.06006006006006,0.594059405940594,28.616666666666667
2024,P009783   ,ULK,660.5833333333334,258.28,239,214,37,246,2816.84,6800.0,34,18.877300739234578,51.893347229459785,0.37239813296329,18.229076475114947,49.793956043956044,0.3628914252268072,341.7,19.572046541550808,54.04217926186292,0.3825850624575341,318.8833333333333
2024,P009818   ,ASV,117.58333333333334,43.92,40,31,18,34,833.0799999999999,2000.0,10,17.934523675636797,51.3874614594039,0.2891566265060241,17.550025919671434,52.41090146750525,0.23450586264656614,59.7,18.333852400735704,50.403225806451616,0.34552260293694215,57.88333333333333
2024,P009846   ,IST,881.5666666666667,468.36,459,354,94,494,2688.92,6625.0,33,26.179577517798343,58.04836098745447,0.5603660150489658,25.758664071656682,56.363253265908135,0.5970501474926254,423.75,26.577375628637693,59.60490463215258,0.5264115912483163,457.81666666666666
2024,P009849   ,OLY,202.38333333333333,92.8,66,64,20,39,2453.92,6000.0,30,22.423018611787374,45.32967032967033,0.19270361525158528,21.92674716861042,48.407917383820994,0.2746174970576697,127.45,23.428920576991352,39.8936170212766,0.05338078291814946,74.93333333333334
2024,P009862   ,BAR,861.7666666666667,480.04,541,378,116,529,2667.64,6475.0,32,27.041469166736395,63.04773447697184,0.6138552585773411,26.26134845642136,62.25868725868726,0.5917757154506271,429.21666666666664,27.825332930623812,63.78470970068518,0.6357646514853774,432.55
2024,P009863   ,ULK,529.7333333333333,279.68,243,197,72,240,1850.6,4400.0,22,25.10580918117209,53.13101276893475,0.4530581424616159,24.631390400387424,54.83549351944168,0.5078348393000114,291.43333333333334,25.67417957880136,51.2370753323486,0.3860679815358792,238.29999999999998
2024,P009992   ,BAR,556.95,278.68,300,223,47,261,2607.4,6275.0,31,24.083835834232953,61.55613919894944,0.46862375437651493,22.64508046484796,52.68754833720031,0.3374017509106013,260.81666666666666,25.39787639879818,68.09754706217912,0.5841963079693832,296.1333333333333
2024,P010106   ,BAR,389.4166666666667,154.8,124,113,20,184,2080.52,5075.0,25,19.393248775823952,50.90311986863711,0.47250160496469074,18.70641861932508,48.842257597684515,0.46700866796391294,188.43333333333334,20.04351287761648,52.615754660252556,0.4776515465627332,200.98333333333335
2024,P010316   ,ASV,389.55,135.84,147,114,11,73,2213.32,5425.0,27,17.094247750558818,61.84786267250084,0.187395713002182,16.975457627566733,68.51497769279796,0.2765841081334479,213.31666666666666,17.244917987292357,54.386590584878746,0.0794401361830906,176.23333333333332
2024,P010390   ,PRS,676.3833333333333,203.6,216,142,65,288,2896.16,6800.0,34,14.135176422611762,63.305978898007034,0.4257940516965232,14.241455374625128,68.72037914691943,0.42074074074074075,337.5,14.030755733135253,58.0046403712297,0.430826734864506,338.8833333333333
2024,P010391   ,MUN,841.7,258.64,262,191,31,412,2663.0,6400.0,32,14.769886828915121,64.01485535574668,0.4894855649281216,16.5954227107782,66.2020905923345,0.5206271883087228,437.93333333333334,12.803688880808311,61.21994657168299,0.4557087426731611,403.76666666666665
2024,P010392   ,OLY,101.7,39.519999999999996,40,31,8,54,2027.64,5025.0,25,19.260661318396863,57.93742757821552,0.5309734513274336,18.221128758646223,81.1298076923077,0.7147456535737283,51.766666666666666,20.2710290082179,36.353467561521256,0.34045393858477974,49.93333333333333
2024,P010400   ,IST,13.583333333333334,5.0,4,2,0,3,241.07999999999998,600.0,3,18.32245691932317,100.0,0.22085889570552147,17.37874463672631,100.0,0.23032629558541265,8.683333333333334,20.21110499163765,100.0,0.2040816326530612,4.9
2024,P010545   ,ASV,725.1833333333334,249.76,297,185,79,410,2785.36,6825.0,34,16.87821008626958,67.57371678194394,0.5653742731723012,17.2158273126181,66.93989071038251,0.5622489959839357,348.6,16.567084150378463,68.2066205893052,0.5682673157778269,376.58333333333337
2024,P010560   ,ULK,235.76666666666665,64.6,65,50,15,98,2407.84,5800.0,29,13.20019901621713,57.42049469964664,0.41566520571186205,13.287530131490215,64.0495867768595,0.41089189629871187,102.21666666666667,13.1343774132421,52.46913580246914,0.41931860726319725,133.55
2024,P010588   ,RED,240.95,68.96000000000001,68,50,34,107,1429.16,3475.0,17,13.91791802777463,52.339901477832505,0.4440755343432248,12.955125637640986,54.67800729040097,0.4051068008838694,135.76666666666665,15.183912041882596,49.93757802746567,0.4943749009665663,105.18333333333334
2024,P010612   ,RED,710.9833333333333,326.64,343,271,56,230,2804.72,6900.0,34,22.604740288372078,58.009741577594376,0.32349562812067795,23.18996978143532,58.30412510110541,0.2938352218167851,347.1333333333333,22.04699903654197,57.71319934818034,0.35179332142366365,363.84999999999997
2024,P010781   ,PAR,647.7166666666667,238.0,206,187,50,191,2160.32,5400.0,27,18.36950924763098,49.282296650717704,0.2948820214600005,18.743617720263213,53.4572342126299,0.31692372702302984,315.5333333333333,18.01617140464943,45.446199045170765,0.2739451106316793,332.18333333333334
2024,P010784   ,BAS,26.483333333333334,13.440000000000001,11,11,1,0,2085.2799999999997,5025.0,25,24.458414779696813,48.07692307692308,0.0,34.17857092855576,73.9247311827957,0.67524115755627,10.366666666666667,18.1809581061906,0.0,-0.43433298862461217,16.116666666666667
2024,P010788   ,BAS,5.25,5.0,2,3,0,-1,332.76,800.0,4,45.793049759872694,33.333333333333336,-0.19047619047619047,37.35036509981885,50.0,0.5128205128205129,3.9,70.54673721340387,0.0,-2.222222222222222,1.35
2024,P010791   ,BER,96.78333333333333,27.64,22,19,6,59,420.68,1000.0,5,13.577368131981581,50.83179297597042,0.6096090924745996,12.89331246064709,45.955882352941174,0.5981873111782476,55.16666666666667,14.459227989409035,55.762081784386616,0.6247496996395676,41.61666666666666
2024,P011050   ,PAR,128.96666666666667,49.6,54,35,15,66,2465.48,6200.0,31,19.34302542974231,64.90384615384615,0.5117601447402429,20.342149427332934,41.75946547884187,0.30374620317246037,49.38333333333333,18.71968287379342,82.48730964467005,0.6408376963350786,79.58333333333333
2024,P011051   ,ZAL,435.1333333333333,210.56,236,162,49,226,2339.64,5825.0,29,24.095192812266657,64.28415776857703,0.5193810326336755,25.203287158495254,70.20377733598409,0.5649907516394821,198.23333333333335,23.13465225387392,59.66239813736903,0.48121570282819753,236.9
2024,P011052   ,MUN,59.7,27.88,21,21,2,23,835.52,2000.0,10,22.357414546240715,47.98903107861061,0.38525963149078724,11.257838269895414,50.0,0.22988505747126436,13.05,24.973465692701502,47.78672032193159,0.4287245444801715,46.65
2024,P011064   ,MIL,594.6666666666666,260.0,230,177,50,211,2174.12,5425.0,27,21.819559549231364,57.78894472361809,0.3548206278026906,20.180245781629317,49.34974454249883,0.2436548223350254,279.0833333333333,23.278673347011264,64.22749822820695,0.4531291259572221,315.5833333333333
2024,P011078   ,IST,908.0166666666667,300.56,334,238,49,422,2769.84,6825.0,34,16.312304907207963,64.3396517182925,0.46474917861272735,15.62711626788621,61.78707224334601,0.46080213705338924,449.21666666666664,16.993285211150102,66.75667566756675,0.468613775065388,458.8
2024,P011085   ,BAS,617.65,274.28,320,240,37,318,2839.3199999999997,6825.0,34,21.348629726246735,62.431715311378184,0.5148546911681373,22.604007362188074,62.88429290106205,0.5627344726969571,319.8666666666667,19.98015935783158,61.85931424531637,0.4634241898472044,297.7833333333333
2024,P011193   ,TEL,628.7666666666667,278.6,231,186,40,303,2236.48,5200.0,26,20.604397636179094,56.72888015717093,0.48189577479722207,20.986399368846595,60.889694041867955,0.5187517892928715,291.0833333333333,20.264174431792323,52.76285495011512,0.4501258575588569,337.68333333333334
2024,P011194   ,OLY,43.46666666666667,28.84,20,18,11,7,313.88,800.0,4,33.821686377741166,43.78283712784589,0.16104294478527606,27.327998574191383,37.878787878787875,0.0814111261872456,24.566666666666666,42.116929897478535,50.18248175182482,0.2645502645502646,18.9
2024,P011194   ,RED,562.5666666666666,322.84,365,234,136,431,2253.76,5475.0,27,27.88173501721634,62.10863054723659,0.7661314214611602,28.224050217289587,58.13092417061612,0.720524017467249,259.5333333333333,27.58261623086417,65.4911838790932,0.8051919480805193,303.0333333333333
2024,P011196   ,BAS,731.05,229.68,297,162,97,488,2839.3199999999997,6825.0,34,15.104084541664868,72.55227672464335,0.6675330004787635,15.870436879910523,72.92566983578219,0.6503463226352244,315.2166666666667,14.535738142952574,72.24402425972173,0.6805611222444891,415.8333333333333
2024,P011199   ,MIL,77.33333333333333,31.400000000000002,33,23,10,42,322.2,800.0,4,20.16310280613883,60.21897810218979,0.5431034482758621,21.55282171299059,57.7634011090573,0.47549163486938656,56.78333333333333,16.325249195510555,69.44444444444444,0.7299270072992701,20.55
2024,P011202   ,TEL,302.0833333333333,119.03999999999999,114,101,16,86,1732.68,4000.0,20,18.194401656433367,52.75823768974453,0.2846896551724138,17.568848675676197,50.362610797743756,0.1849948612538541,145.95,18.78356896342904,54.794520547945204,0.3778821520068318,156.13333333333333
2024,P011204   ,PAN,896.6666666666666,255.6,296,202,65,356,2799.52,6825.0,34,13.89885106166899,64.18039895923677,0.39702602230483275,14.297947892051292,56.56872678149274,0.3042343058235895,440.45,13.515696912783106,72.21825962910128,0.48661089394658974,456.21666666666664
2024,P011205   ,ULK,629.4833333333333,210.52,187,161,33,206,2227.6,5400.0,27,16.21420545240089,53.27028258887876,0.3272525086711324,16.33302722771695,55.178268251273344,0.37375415282392027,321.06666666666666,16.08902537109705,51.05807086614173,0.2788435557957309,308.4166666666667
2024,P011209   ,PAN,195.86666666666667,55.16,46,40,14,30,2799.52,6825.0,34,13.73133624424111,49.82668977469671,0.1531654186521443,10.997173053442753,33.78378378378378,0.09080590238365495,88.1,15.92861018806756,59.85915492957747,0.20414475719146305,107.76666666666667
2024,P011212   ,MCO,693.7,349.88,368,252,102,401,2332.24,5650.0,28,24.437266622559754,61.97790353004581,0.5780596799769352,25.78534119990145,65.17924291802457,0.6648594664003424,350.45,23.02456079794806,58.25808330905914,0.48943918426802624,343.25
2024,P011214   ,TEL,439.3666666666667,191.12,204,148,48,247,1699.2,4000.0,20,20.4797437846035,60.31220435193945,0.5621728245201426,20.99812331508617,59.93947858472998,0.6213226641562721,212.45,20.023210594098696,60.69711538461538,0.5067939772309953,226.91666666666666
2024,P011218   ,OLY,0.0,0.0,0,0,0,0,79.44,200.0,1,,,,,,,0.0,,,,
2024,P011219   ,TEL,770.9,405.4,427,318,85,394,2822.48,6600.0,33,24.593976667411855,60.073157006190215,0.5110909326760928,25.706493251082666,55.8372895986189,0.44900800556909154,383.06666666666666,23.482623142677003,64.69066102093625,0.5724108293940696,387.8333333333333
2024,P011221   ,PAN,27.683333333333334,7.64,10,5,6,14,831.6800000000001,2000.0,10,13.27329387790747,65.44502617801047,0.5057194461167971,14.824664879356568,60.76388888888889,0.5361930294906166,18.65,10.039463636315087,79.7872340425532,0.4428044280442804,9.033333333333335
2024,P011224   ,MUN,643.2833333333333,297.08,318,205,82,354,2569.4,6200.0,31,22.287485883064207,65.9532105525137,0.5503018369303314,23.413348460450226,71.13486842105263,0.5787676800520241,307.55,21.262296083582818,60.679611650485434,0.5242255758538522,335.73333333333335
2024,P011225   ,ASV,572.4333333333334,260.72,215,216,38,183,2213.52,5425.0,27,22.32521860327572,46.19284977655552,0.3196878821405695,22.22435985711319,45.12483130904184,0.30089218030205844,285.81666666666666,22.425392751481088,47.30203223545901,0.3384311217072745,286.6166666666667
2024,P011226   ,MCO,735.5833333333334,282.72,298,220,63,326,2330.48,5650.0,28,18.636215119431533,60.148554819958015,0.44318568029908234,17.757768475072343,63.90056022408964,0.41944533872970613,362.3833333333333,19.498103348974627,56.93736889421637,0.4662379421221865,373.2
2024,P011231   ,MCO,757.5,233.32,258,195,53,298,2746.04,6650.0,33,14.91812055744911,59.08757786735068,0.3933993399339934,15.60355863888013,57.5903215114352,0.3821974270369291,400.31666666666666,14.136249121447786,60.93814010651372,0.4059539918809202,357.18333333333334
2024,P011244   ,MUN,386.51666666666665,116.36,121,88,19,140,2084.16,5000.0,25,14.44456377030107,62.785388127853885,0.3622094778146695,14.148108049776745,66.6243654822335,0.38532110091743116,199.83333333333334,14.722589241208123,59.08720456397718,0.3374698687617177,186.68333333333334
2024,P011247   ,MAD,372.7,137.8,123,111,20,117,2305.64,5450.0,27,17.479331733501585,51.335559265442406,0.3139254091762812,15.798077700940436,53.31302361005331,0.2603382626405738,188.21666666666667,19.20854192058138,49.79191438763377,0.3685969825639172,184.48333333333335
2024,P011330   ,ZAL,2.6166666666666667,1.0,0,1,0,0,154.64,400.0,2,19.770595193768308,0.0,0.0,19.770595193768308,0.0,0.0,2.6166666666666667,,,,
2024,P011433   ,TEL,65.71666666666667,31.759999999999998,21,18,4,16,1638.52,3800.0,19,22.416448773857137,53.13765182186234,0.2434694395130611,23.230632726633136,59.121621621621614,0.2738059020383328,54.78333333333333,17.24809516349038,0.0,0.09146341463414634,10.933333333333334
2024,P011442   ,PAN,12.783333333333333,2.76,3,1,4,8,1722.8,4200.0,21,10.527115586675702,54.34782608695652,0.6258148631029987,13.613879700117975,54.34782608695652,0.7011686143572621,9.983333333333334,0.0,,0.35714285714285715,2.8
2024,P011626   ,BER,34.31666666666667,5.88,6,2,2,5,534.24,1225.0,6,7.857817038862975,104.16666666666667,0.1457017969888295,7.60249896444749,100.0,0.16415868673050615,24.366666666666667,8.493806411242545,113.63636363636364,0.10050251256281406,9.950000000000001
2024,P011631   ,BER,406.48333333333335,149.88,113,110,27,71,2632.6,6075.0,30,17.017366100363816,46.35707253035773,0.17466890811431382,13.774525634868844,46.96531791907514,0.1370113262696383,182.46666666666667,19.668396273484007,46.04280736684918,0.20534186444460975,224.01666666666668
2024,P011649   ,MAD,215.83333333333334,72.03999999999999,50,50,16,28,2790.92,6650.0,33,15.905943637301036,43.8288920056101,0.12972972972972974,13.202290054764635,45.258620689655174,0.15286624203821655,104.66666666666667,18.484515215350644,42.84869976359337,0.10794602698650675,111.16666666666666
2024,P011666   ,BAR,77.65,26.64,27,19,6,32,2011.6,4800.0,24,16.37277774740376,62.38447319778189,0.412105602060528,12.357046809499119,34.15300546448087,0.12610340479192936,39.650000000000006,20.622535910231317,76.81564245810056,0.7105263157894737,38.0
2024,P011816   ,VIR,165.23333333333335,35.0,51,30,0,57,1844.52,4600.0,23,10.565129845380177,85.0,0.344966713738148,12.634087840143634,87.5,0.3713817586018569,91.55,8.051098369570239,80.0,0.31214657317349015,73.68333333333334
2024,P011836   ,PAR,353.23333333333335,98.36,89,77,19,91,2334.92,5800.0,29,13.833842424323706,52.132146204311155,0.25762008115504387,13.36911827183456,59.917355371900825,0.27196307895170596,202.23333333333332,14.45797714613476,41.93722943722943,0.23841059602649006,151.0
2024,P011925   ,ZAL,22.35,17.0,8,11,0,0,254.39999999999998,600.0,3,35.87860368916466,36.36363636363637,0.0,25.000651058621322,50.0,0.5106382978723405,15.666666666666666,59.192677646542975,20.0,-1.1970074812967582,6.683333333333334
2024,P011934   ,BER,583.9,309.12,314,234,73,319,2433.2,5650.0,28,24.586078570526233,58.99594168044491,0.5463264257578353,26.194449287208695,57.93630243397204,0.5652802312510037,311.35,22.730336442469675,60.46219992834109,0.524674371674922,272.55
2024,P011941   ,MIL,244.08333333333334,61.48,58,39,17,70,1674.84,4200.0,21,12.632860334109646,62.39242685025817,0.28678729941959713,12.633673564264846,61.33671742808799,0.26111791105671156,122.55,12.641334032135163,63.48511383537653,0.3126714207350521,121.53333333333333
2024,P011948   ,BAS,714.85,416.4,387,344,60,197,2664.92,6400.0,32,27.978317404530728,52.240820734341256,0.27558228999090717,30.769047096684066,51.8079932332417,0.29658024815898315,330.43333333333334,25.573355593418533,52.69256234826749,0.25753305874701926,384.4166666666667
2024,P011949   ,PRS,72.7,24.52,26,19,8,21,494.84,1200.0,6,16.35808642855896,57.726465364120784,0.2888583218707015,16.3687180298476,79.88721804511277,0.4271476032273374,35.11666666666667,16.329658502776553,37.878787878787875,0.15964523281596454,37.58333333333333
2024,P011965   ,OLY,12.35,0.0,0,0,0,3,1238.8,3025.0,15,0.0,,0.24291497975708504,0.0,,0.0,0.21666666666666667,0.0,,0.24725274725274726,12.133333333333333
2024,P011981   ,PAR,724.2833333333333,334.6,371,220,140,512,2568.48,6400.0,32,23.02243345117609,65.87357954545455,0.7069056768759924,22.53989760559487,66.99896426721907,0.7476235334418087,389.23333333333335,23.5765853936655,64.5059786028949,0.659603044321743,335.05
2024,P011983   ,ZAL,512.0,259.36,237,213,44,219,2513.2799999999997,6225.0,31,25.09351574436593,50.99845067997934,0.427734375,27.245076807618926,52.02004860267314,0.4668107440568076,269.9166666666667,22.72555386924192,49.66229638458482,0.3841652323580035,242.08333333333331
2024,P011987   ,MUN,974.0833333333334,673.24,696,543,121,576,2827.8,6800.0,34,33.24022975605287,58.36575875486381,0.5913251775173239,33.74031673807885,57.073466909532485,0.6258972150445018,522.45,32.681218830542335,59.96102533353321,0.5513322016384973,451.6333333333333
2024,P012044   ,RED,561.2666666666667,248.76,220,183,54,259,2804.72,6900.0,34,21.80724850835248,53.20177984136197,0.4614562299560518,22.879798594536,52.30880230880231,0.49225473321858865,290.5,20.662893183842556,54.23445974134335,0.4284131478517789,270.76666666666665
2024,P012058   ,BAS,115.23333333333333,39.0,31,36,0,42,1827.08,4425.0,22,16.393519033096457,43.05555555555556,0.3644778709864044,18.059459974799857,52.63157894736842,0.4235294117647059,56.666666666666664,14.796755355528667,32.35294117647059,0.30734206033010814,58.56666666666666
2024,P012080   ,BAS,648.4666666666667,309.24,259,237,46,190,2172.92,5225.0,26,22.934039752447227,50.342092987093764,0.29299886912717177,22.050320316884807,50.37568306010929,0.272145144076841,312.3333333333333,23.755136520875542,50.314016557236656,0.31237604125347085,336.1333333333333
2024,P012099   ,BER,5.9,3.0,2,2,0,-1,789.12,1825.0,9,23.51901109324096,50.0,-0.1694915254237288,26.623781760289152,0.0,-0.8490566037735849,3.533333333333333,19.279759594251033,100.0,0.8450704225352113,2.3666666666666667
2024,P012100   ,BER,22.4,4.88,4,1,2,0,793.16,1825.0,9,10.025449738118052,106.38297872340426,0.0,13.879478830710454,106.38297872340426,0.10221465076660988,9.783333333333333,7.204930333827439,,-0.07926023778071334,12.616666666666667
2024,P012103   ,BAR,0.0,0.0,0,0,0,0,83.36,200.0,1,,,,,,,,,,,0.0
2024,P012113   ,MIL,2.4333333333333336,3.0,0,3,0,-3,87.16,200.0,1,56.57993172688238,0.0,-1.232876712328767,,,,,56.57993172688238,0.0,-1.232876712328767,2.4333333333333336
2024,P012115   ,MIL,0.0,0.0,0,0,0,0,154.72,400.0,2,,,,,,,,,,,0.0
2024,P012116   ,MIL,0.0,0.0,0,0,0,0,161.16000000000003,400.0,2,,,,,,,,,,,0.0
2024,P012123   ,MUN,138.9,71.48,51,44,17,11,2496.28,6000.0,30,24.73832250293404,49.53379953379953,0.07919366450683946,21.275371154865667,48.79182156133829,0.1430274135876043,55.93333333333334,26.98500338318159,50.06675567423231,0.03615910004017678,82.96666666666667
2024,P012126   ,MUN,7.166666666666667,3.0,4,2,0,4,324.6,800.0,4,20.63362421011907,100.0,0.5581395348837209,,,,0.0,21.173730458411264,100.0,0.5581395348837209,7.166666666666667
2024,P012167   ,PAR,35.766666666666666,13.0,10,12,0,5,805.96,2000.0,10,18.03895554077389,41.666666666666664,0.13979496738117428,16.411644687111018,42.857142857142854,0.42486231313926043,21.183333333333334,20.398045187336216,40.0,-0.2742857142857143,14.583333333333334
2024,P012168   ,MAD,4.75,1.88,2,0,2,1,652.4,1600.0,8,19.41334021749653,113.63636363636364,0.21052631578947367,19.51384068454138,113.63636363636364,0.21052631578947367,4.75,,,,0.0
2024,P012181   ,ZAL,1.65,0.0,0,0,0,-2,326.52,800.0,4,0.0,,-1.2121212121212122,0.0,,-1.5789473684210527,0.6333333333333333,0.0,,-0.9836065573770493,1.0166666666666666
2024,P012199   ,MAD,0.95,1.0,0,1,0,-2,261.56,600.0,3,48.29323653222366,0.0,-2.1052631578947367,48.319099331988454,0.0,-2.1052631578947367,0.95,,,,0.0
2024,P012201   ,BAS,930.7166666666667,431.2,462,301,155,614,2755.7999999999997,6625.0,33,22.275601686774653,62.56771397616468,0.6597066776498397,21.715452924745065,55.899933584237324,0.5676581483033095,477.40000000000003,22.873459260112718,68.95820072140887,0.7566454649067981,453.31666666666666
2024,P012262   ,ASV,0.0,0.0,0,0,0,0,77.24,200.0,1,,,,,,,0.0,,,,
2024,P012263   ,ASV,34.233333333333334,5.88,4,3,2,7,1243.76,3025.0,15,8.35500908167457,51.54639175257732,0.2044790652385589,13.771141524875809,51.54639175257732,0.1427438540840603,21.016666666666666,0.0,,0.3026481715006305,13.216666666666667
2024,P012294   ,OLY,0.0,0.0,0,0,0,0,85.12,200.0,1,,,,,,,0.0,,,,
2024,P012317   ,BAR,3.8166666666666664,1.88,0,0,2,-2,927.56,2200.0,11,23.365995132837607,0.0,-0.5240174672489083,23.750068428831913,0.0,-0.5240174672489083,3.8166666666666664,,,,0.0
2024,P012365   ,BAS,0.0,0.0,0,0,0,0,174.0,400.0,2,,,,,,,0.0,,,,0.0
2024,P012443   ,RED,0.0,0.0,0,0,0,0,171.52,425.0,2,,,,,,,0.0,,,,0.0
2024,P012515   ,MCO,224.76666666666665,33.72,45,27,13,81,2737.04,6650.0,33,7.289976991113749,68.76528117359413,0.36037372089574377,6.988997829749535,70.53291536050156,0.3171606569756466,88.28333333333333,7.497129858115449,67.63527054108216,0.3883258029063378,136.48333333333332
2024,P012585   ,VIR,634.3333333333334,277.2,266,208,80,259,2768.76,6825.0,34,21.543835862501247,54.6875,0.4083026799789805,22.527485190296392,52.15123859191656,0.39175480250377726,308.8666666666667,20.61216636874861,57.27091633466135,0.4240065546907005,325.4666666666667
2024,P012591   ,VIR,226.21666666666667,92.88,79,63,27,67,2378.72,5825.0,29,20.108524717189482,52.75106837606838,0.2961762322257423,20.271446616363104,57.367149758454104,0.2853745541022592,154.18333333333334,19.80717015683519,43.65079365079365,0.3192966219342897,72.03333333333333
2024,P012597   ,BAS,535.3,214.0,178,180,25,161,2092.0,5025.0,25,19.205291862928494,46.596858638743456,0.3007659256491687,19.35790313574221,40.353947880202256,0.19729762047112281,278.76666666666665,19.038489768725135,53.87931034482759,0.4132016632016632,256.53333333333336
2024,P012604   ,BER,346.7166666666667,204.72,172,143,38,186,1411.72,3250.0,16,27.18631492102715,53.844227397946405,0.5364610873431717,26.934338215403184,57.79220779220779,0.5709079866383237,164.65,27.401349240890802,50.169245647969056,0.5053094104723544,182.06666666666666
2024,P012604   ,TEL,290.0,165.0,142,121,25,164,1393.04,3200.0,16,26.139804387130503,53.78787878787879,0.5655172413793104,23.747182425784978,51.90890823844608,0.4806041881222108,145.65,28.643245846259898,55.34034311012728,0.6511950121233114,144.35
2024,P012608   ,PRS,894.8833333333333,609.52,617,457,183,761,2809.8,6600.0,33,31.997795901684302,57.39321327578509,0.8503901812154284,34.02475358811895,57.78995189738108,0.8294735353392497,471.3833333333333,29.797078759111177,56.894524689284516,0.8736717827626919,423.5
2024,P012609   ,PRS,552.5833333333334,224.36,231,184,44,220,2473.4,5800.0,29,19.041943939983497,56.79583005507474,0.3981299954757955,19.102902897495845,59.32381352372953,0.37631710988459605,265.73333333333335,18.98526082712226,54.568997410284865,0.4183371099877985,286.85
2024,P012610   ,PRS,884.4833333333333,364.36,371,302,69,378,2896.16,6800.0,34,19.344495014250796,55.81297388374052,0.42736814336053064,19.074205765007186,55.15602145294978,0.4491452832296749,447.51666666666665,19.6205091552063,56.45352983123366,0.40506522236631326,436.96666666666664
2024,P012611   ,PRS,153.61666666666667,54.4,57,48,10,32,2395.44,5600.0,28,16.557443736785473,54.38931297709924,0.2083107301725073,11.188227397437144,61.77325581395349,0.14442364268520996,62.31666666666666,20.095288224137928,51.75983436853002,0.25191675794085433,91.3
2024,P012612   ,PRS,43.916666666666664,8.879999999999999,6,5,2,15,775.2,1800.0,9,9.390145751699261,51.02040816326531,0.3415559772296015,10.50514405388887,100.0,0.48852701702442636,22.516666666666666,8.2310026655296,25.77319587628866,0.1869158878504673,21.4
2024,P012613   ,PRS,855.0666666666666,226.96,267,196,34,326,2896.16,6800.0,34,12.464237153357654,63.28213879408418,0.3812568220801497,12.311045967408978,65.12839598064755,0.36434515330984335,444.6333333333333,12.636730213051289,61.36451488210282,0.3995776821245838,410.43333333333334
2024,P012622   ,ZAL,416.9666666666667,133.76,94,97,29,77,2606.0,6425.0,32,15.818075298908344,42.82069970845481,0.1846670397313934,18.177072864316415,40.27355623100304,0.21870118277170272,224.05,13.153731414324898,46.633303002729754,0.14514038876889848,192.91666666666666
2024,P012640   ,PRS,670.6166666666667,504.72,499,404,113,355,2896.16,6800.0,34,35.342114462610645,54.98986158864498,0.5293635211372617,34.52709654859764,55.776139156740406,0.5604023401416401,324.76666666666665,36.07335994807143,54.30294020482326,0.5002168570189388,345.85
2024,P012710   ,IST,579.1166666666667,215.72,227,164,38,248,2769.84,6825.0,34,18.357025718882667,62.804338202744574,0.42823840907128674,19.176972883841316,63.41358555460017,0.4603934691051751,288.8833333333333,17.532965906917646,62.15784671532846,0.39623291604456184,290.23333333333335
2024,P012712   ,PAN,926.7333333333333,304.84,351,258,61,523,2799.52,6825.0,34,16.03859221807792,61.61353742451903,0.564347888641105,15.7973241256127,61.609686609686605,0.5369851196894544,463.7,16.278320802271693,61.617280531708666,0.5917500539917933,463.03333333333336
2024,P012715   ,ZAL,214.46666666666667,80.76,79,72,4,46,2261.52,5625.0,28,18.73219189246241,53.552060737527114,0.21448554553932234,17.113044732679498,66.66666666666667,0.31674805331925565,126.28333333333333,21.083894048407114,38.83774453394707,0.06804006804006804,88.18333333333334
2024,P012720   ,PAR,875.9166666666666,367.48,422,300,42,390,2722.2,6800.0,34,20.959928479053627,66.25219794021602,0.44524783560079917,20.978241053683153,67.50871080139373,0.4372722540343571,448.23333333333335,20.943478681366116,64.97210953346857,0.4536066404271073,427.68333333333334
2024,P012721   ,BER,256.8,74.28,76,60,12,126,1107.84,2600.0,13,13.576979974840324,58.21078431372549,0.49065420560747663,12.334061398040383,56.27557980900409,0.3750459615148915,135.98333333333335,14.935024242953112,59.78865406006674,0.6207752793488758,120.81666666666666
2024,P012731   ,ASV,272.65,95.92,101,72,18,99,1229.4,3000.0,15,17.169660572529065,63.188188188188185,0.3631028791490923,19.720581786146504,81.38020833333334,0.6283109523222866,135.28333333333333,14.606963287352405,38.4160756501182,0.10191701043436059,137.36666666666667
2024,P012742   ,IST,227.53333333333333,93.6,107,68,15,127,1070.52,2625.0,13,20.174154269401175,71.71581769436997,0.558159976560211,21.901463552162962,63.15538608198284,0.536282381457355,110.01666666666667,18.39304113511093,82.72058823529412,0.5786413274712807,117.51666666666667
2024,P012745   ,BAR,927.95,446.56,471,374,49,436,2850.2,6875.0,34,23.215743963094614,59.535847911821214,0.46985290155719595,23.419356837123782,64.38471623899606,0.5400041064951064,487.03333333333336,22.96019551404856,53.84615384615385,0.39236439236439236,440.9166666666667
2024,P012774   ,PAN,1032.2166666666667,637.84,696,497,111,671,2711.96,6625.0,33,30.190720851283068,63.75494650447017,0.6500573200071045,28.91424240964365,65.7258064516129,0.6352610065000335,497.43333333333334,31.358583047040145,62.11388665055064,0.6638202387259639,534.7833333333333
2024,P012786   ,RED,286.05,111.6,112,92,15,97,1546.68,3850.0,19,19.422829505922518,56.79513184584179,0.3391015556720853,21.459062605287052,49.380325329202165,0.2828385781628233,130.81666666666666,17.695477956323383,64.94889267461669,0.38651492377066776,155.23333333333335
2024,P012788   ,IST,555.0666666666667,240.76,292,169,79,370,2691.24,6625.0,33,21.355150493820393,71.65292500981548,0.66658659620466,21.585328864516345,66.13489499192247,0.6133968891118916,265.73333333333335,21.156716513622104,76.8716577540107,0.7154377880184333,289.3333333333333
2024,P012795   ,BAR,607.35,182.28,222,151,37,265,2679.68,6475.0,32,14.503967489724483,66.3558106169297,0.43632172552893717,13.444519087376388,61.89382337927514,0.38096271775112606,307.1166666666667,15.625650508102495,70.28789923526766,0.49294992783390695,300.23333333333335
2024,P012878   ,OLY,195.83333333333334,86.75999999999999,80,59,29,92,1236.92,3000.0,15,21.49030433176159,55.74136008918617,0.4697872340425532,22.161396740942433,56.99088145896656,0.547112462006079,104.18333333333334,20.761820987538414,54.213135068153655,0.3818876159301691,91.65
2024,P012885   ,BAR,0.0,0.0,0,0,0,0,452.08,1000.0,5,,,,,,,0.0,,,,0.0
2024,P013250   ,TEL,168.58333333333334,73.64,60,66,6,33,1378.28,3200.0,16,20.283442388903957,43.70629370629371,0.19574888779041028,20.239426139948026,43.41864716636198,0.09977827050997783,60.13333333333333,20.250794385747106,43.84088964927288,0.24896265560165978,108.44999999999999
2024,P013363   ,IST,591.3833333333333,296.28,276,233,37,248,2769.84,6825.0,34,24.689439106588495,55.359435173299104,0.41935574782290114,24.95317871668824,62.518718179095536,0.5170463725965423,309.45,24.384253919180335,47.096439681991015,0.31213052731142116,281.93333333333334
2024,P013364   ,IST,133.38333333333333,46.72,33,35,13,21,1852.92,4600.0,23,17.39131518446595,40.520628683693516,0.15744095964013496,18.64697477611242,49.07621247113164,0.20128087831655994,54.65,16.469746199169364,34.18803418803419,0.12701100762066045,78.73333333333333
2024,P013365   ,MCO,307.0833333333333,109.12,100,87,23,99,2074.16,5025.0,25,17.217572414857102,51.4827018121911,0.32238805970149254,14.566991432511244,46.20123203285421,0.3153468815697267,142.70000000000002,19.52565179553361,55.02063273727648,0.3285004562506337,164.38333333333333
2024,P013367   ,BAS,842.55,362.03999999999996,329,267,66,396,2839.3199999999997,6825.0,34,20.657567621618032,55.56681529523037,0.4700017803097739,20.448444547403888,54.21686746987952,0.4523678630330637,424.43333333333334,20.871136560710756,56.94217130387344,0.48790210068960016,418.1166666666667
2024,P013368   ,MUN,99.53333333333333,36.16,34,18,14,34,1752.92,4200.0,21,17.409129788208027,70.36423841059603,0.3415941058271936,23.552801104228728,61.78707224334601,0.38404726735598227,33.85,14.218278813642451,76.97947214076245,0.3197158081705151,65.68333333333334
2024,P013369   ,PAR,916.7833333333333,488.68,480,375,122,588,2722.2,6800.0,34,26.630341422993762,55.98581692637865,0.6413729161743051,27.488526543067664,55.41983351429606,0.6488369561272997,459.28333333333336,25.77360356382112,56.58832594875747,0.6338797814207651,457.5
2024,P013370   ,PAR,276.51666666666665,164.8,145,128,45,108,1946.12,4800.0,24,29.39933531352601,49.05277401894452,0.39057320233861736,27.57026906745515,51.55510480054091,0.42869391254644185,116.63333333333333,30.731166629607923,47.3826714801444,0.3627645157927656,159.88333333333333
2024,P013371   ,ASV,555.95,205.4,177,152,35,148,2785.36,6825.0,34,18.105729244497656,52.8673835125448,0.26621099019696015,18.690183054933794,50.8578431372549,0.19949811794228356,265.6666666666667,17.57177006933116,54.77855477855478,0.32726646379973584,290.28333333333336
2024,P013372   ,ASV,102.03333333333333,37.32,37,30,3,19,560.76,1400.0,7,18.263355148362496,59.0676883780332,0.18621365566808232,19.12389150155776,60.0,0.13544018058690743,51.68333333333334,17.417319271429108,58.21078431372549,0.23833167825223436,50.35
2024,P013373   ,PRS,373.31666666666666,88.8,98,63,20,123,2896.16,6800.0,34,11.169968380786138,68.24512534818942,0.32947899459797314,9.745926193277608,74.86072423398329,0.29285533956071697,198.05,12.76278667708476,63.834726090993506,0.37086344617725375,175.26666666666665
2024,P013374   ,VIR,491.45,169.28,193,110,87,245,2522.4,6225.0,31,17.00128331480689,65.07957917453466,0.4985247736290569,15.871384962080914,64.26411290322581,0.4972375690607735,283.56666666666666,18.539203845406483,66.01857225769007,0.5002806061091958,207.88333333333335
2024,P013377   ,ASV,22.566666666666666,6.2,4,4,5,5,1132.12,2825.0,14,13.71135138108497,32.25806451612903,0.22156573116691286,8.930751051355777,0.0,-0.19017432646592708,10.516666666666667,17.878003256241445,46.29629629629629,0.5809128630705394,12.05
2024,P013378   ,MAD,269.0,134.35999999999999,121,100,19,93,2098.16,5050.0,25,24.04365489011225,55.83241048357328,0.34572490706319703,26.1037873132492,55.33484676503972,0.39896103896103896,160.41666666666666,20.88947697417695,56.75818373812038,0.2670759785111282,108.58333333333333
2024,P013379   ,BAR,480.9166666666667,251.84,263,196,36,283,1990.76,4825.0,24,25.38418883214807,62.07515105740181,0.5884595390746837,26.351293234645173,62.083024462564865,0.5959709009513151,238.26666666666665,24.41614142332438,62.06697459584296,0.5810838656501133,242.65
2024,P013380   ,OLY,817.2333333333333,507.6,506,403,115,395,2619.12,6425.0,32,30.473565560803138,55.77601410934744,0.4833380919362075,29.64943821172163,51.569916027747354,0.3749687526039497,400.0333333333333,31.218255404265143,59.706584783350394,0.587248322147651,417.2
2024,P013381   ,TEL,375.9,83.6,86,60,40,108,2825.72,6600.0,33,10.38911987558724,55.412371134020624,0.28731045490822027,8.89068350975204,49.93556701030928,0.31262060980316475,172.73333333333335,11.680329261205221,59.06357388316151,0.26579163248564397,203.16666666666666
2024,P013382   ,TEL,914.95,384.36,396,304,94,401,2829.48,6600.0,33,19.59783631072655,57.33148019457957,0.4382753155910159,19.007658426534412,57.839173405211135,0.4488205413680329,479.0333333333333,20.249292799256626,56.79100908656145,0.4266870579239151,435.9166666666667
2024,P013383   ,PAN,305.8666666666667,105.08,121,77,32,150,1419.44,3425.0,17,16.57911888923028,66.42512077294685,0.490409764603313,17.550114042390128,60.501296456352634,0.40058843498924973,147.28333333333333,15.690722066995988,72.54464285714286,0.5738307934839726,158.58333333333334
2024,P013383   ,TEL,135.95,65.92,52,47,18,67,874.64,2000.0,10,22.175256040612744,47.34158776402039,0.4928282456785583,23.26699330780825,52.15343203230148,0.5011600928074246,71.83333333333334,21.0651331125757,41.666666666666664,0.4834936314010918,64.11666666666666
2024,P013384   ,MIL,480.3833333333333,222.76,244,193,29,196,2672.44,6625.0,33,22.99096459565104,59.29237947122862,0.4080074940151962,23.82963569837243,60.02286585365854,0.3667017913593256,237.25,22.17652913198509,58.53174603174603,0.4483136824787497,243.13333333333333
2024,P013385   ,MIL,159.8,57.92,65,37,18,62,1662.68,4200.0,21,18.311435496887526,72.35084594835263,0.38798498122653313,20.943028741122543,67.32495511669659,0.32038834951456313,68.66666666666666,16.33465078897372,77.29681978798587,0.4389173372348208,91.13333333333333
2024,P013386   ,BER,419.46666666666664,221.36,230,148,69,272,1923.16,4450.0,22,24.4217218411206,64.47633998654406,0.6484424666242848,24.59715514873519,61.92660550458715,0.6351550960118169,203.1,24.270736291759647,66.9153137340939,0.6609151132337082,216.36666666666667
2024,P013386   ,MIL,37.95,12.0,6,8,0,-4,495.76,1225.0,6,15.626584583513251,37.5,-0.10540184453227931,13.726425626565575,25.0,-0.14308426073131958,20.966666666666665,18.02794030281264,50.0,-0.05888125613346418,16.983333333333334
2024,P013389   ,OLY,135.65,37.04,29,19,16,39,574.76,1400.0,7,13.302175555728677,55.68356374807988,0.2875046074456321,13.357357361183032,60.13745704467354,0.3811385291961886,68.21666666666667,13.258604762433185,52.08333333333333,0.19278299555116163,67.43333333333334
2024,P013389   ,TEL,154.88333333333333,101.0,96,61,50,98,753.72,1800.0,9,31.14649262824367,57.83132530120482,0.6327343161519423,34.13265836910574,67.22525331254872,0.7920413238951598,87.11666666666666,27.451411762182776,42.61363636363637,0.4279390063944909,67.76666666666667
2024,P013396   ,ULK,141.81666666666666,65.52,52,51,8,43,1481.68,3600.0,18,22.450431529353345,47.688921496698455,0.3032083676107651,16.15703065554108,42.756539235412475,0.24935064935064938,64.16666666666666,27.352430925512415,50.519630484988454,0.3477141017385705,77.65
2024,P013403   ,ZAL,423.55,282.64,259,222,56,214,1548.08,3800.0,19,32.76039508981818,52.505676289328576,0.5052532168575139,31.454323348950478,57.65595463137996,0.479306535225631,196.11666666666667,33.863841582786456,48.636750923033226,0.5276271434852704,227.43333333333334
2024,P013405   ,ASV,646.0166666666667,234.04,210,175,41,262,2140.84,5225.0,26,17.68391613800945,54.392871943638625,0.4055622919945306,17.30315426795691,52.23417459660736,0.38037735849056603,331.25,18.083963300765024,56.558738065587384,0.4320660806946945,314.76666666666665
2024,P013406   ,MCO,0.0,0.0,0,0,0,0,78.68,200.0,1,,,,,,,0.0,,,,
2024,P013505   ,BAR,7.1,3.0,5,3,0,8,180.32,450.0,2,21.089268530437284,83.33333333333333,1.1267605633802817,,,,,21.089268530437284,83.33333333333333,1.1267605633802817,7.1
2024,P013514   ,OLY,5.583333333333334,1.0,0,0,0,-1,905.88,2225.0,11,8.798239561234757,,-0.1791044776119403,0.0,,0.0,3.216666666666667,20.175165268228824,,-0.4225352112676056,2.3666666666666667
2024,P013666   ,MAD,20.65,14.879999999999999,8,10,2,1,167.32,400.0,2,34.45283833619186,36.76470588235294,0.04842615012106538,40.06972131508825,33.333333333333336,0.0,5.916666666666667,32.33308752623517,38.07106598984772,0.06787330316742082,14.733333333333333
2024,P013667   ,MAD,129.06666666666666,55.24,52,33,21,54,767.96,1800.0,9,20.06335126786476,61.5530303030303,0.41838842975206614,25.49296711568708,67.11409395973155,0.5610654576367243,58.81666666666666,15.55796755764842,54.34782608695652,0.298932384341637,70.25
2024,P013695   ,VIR,139.46666666666667,49.88,37,41,2,28,704.56,1800.0,9,18.274291200225097,44.1738299904489,0.20076481835564053,16.286785684765917,25.0,0.026183722452542,76.38333333333334,20.59492925466728,65.3923541247485,0.4121532364597094,63.08333333333333
2024,P013696   ,ULK,56.083333333333336,19.2,21,13,5,25,672.52,1600.0,8,16.289666181152363,69.07894736842105,0.44576523031203563,10.568862746331565,83.33333333333333,0.32876712328767116,30.41666666666667,23.464133053174148,59.78260869565218,0.5844155844155844,25.666666666666668
2024,P013699   ,TEL,151.73333333333332,95.8,80,67,20,71,702.5600000000001,1600.0,8,28.757496060603273,52.770448548812666,0.46792618629173993,24.985206773701698,55.14705882352941,0.30568575504381496,81.78333333333333,33.331169338578675,50.97312326227989,0.6576125804145818,69.95
2024,P013774   ,BER,99.05,35.879999999999995,43,34,2,39,614.48,1400.0,7,16.506242975760937,61.63990825688073,0.39374053508329127,18.825301204819276,68.42105263157895,0.5833333333333334,48.0,14.265883091177901,53.5264483627204,0.21547502448579822,51.050000000000004
2024,P013775   ,ZAL,85.86666666666667,45.160000000000004,45,34,14,42,573.0799999999999,1425.0,7,26.155253708087972,56.02589641434263,0.48913043478260865,28.506960356658027,53.606237816764136,0.534804753820034,39.266666666666666,24.170990540857943,58.55397148676171,0.45064377682403434,46.6
2024,PBCN      ,VIR,412.0833333333333,209.52,185,177,33,74,2531.96,6225.0,31,25.000744776052915,48.29782790309106,0.1795753286147624,26.59871019978625,43.429003021148034,0.09369875849145,213.45,23.31437547920828,54.32242990654206,0.2718576942440007,198.63333333333333
2024,PJDR      ,RED,234.33333333333334,107.12,90,75,23,75,1748.08,4250.0,21,22.227678953012493,52.866541353383454,0.3200568990042674,22.66734394191982,58.16100443131463,0.3418207185211022,143.35,21.659101220039773,43.604651162790695,0.28576662392379554,90.98333333333333
2024,PKIR      ,ASV,171.1,50.4,46,36,10,25,1224.36,3000.0,15,14.435194654303725,56.93069306930693,0.14611338398597312,17.427166785300848,54.26917510853835,0.2206693637366679,90.63333333333333,10.975261579127555,62.695924764890286,0.06213753106876553,80.46666666666667
2024,PLCZ      ,MCO,427.1666666666667,178.24,186,132,46,218,2742.68,6650.0,33,20.234119896547128,61.087756174461376,0.5103394459617635,19.630045123391344,58.037943085371936,0.4883931263189629,221.13333333333333,20.890006540934277,64.47587354409318,0.5338941918783369,206.03333333333333
2024,PLHK      ,PAN,33.266666666666666,15.0,6,14,0,0,661.16,1625.0,8,22.16454204312794,21.428571428571427,0.0,21.88587428471947,30.0,0.11960132890365449,25.083333333333332,23.682091602330317,0.0,-0.3665987780040733,8.183333333333334
2024,PLMG      ,ULK,60.45,28.759999999999998,24,23,4,31,1232.48,3000.0,15,23.161354104890975,48.46526655896607,0.5128205128205128,15.864578197772902,44.44444444444444,0.3223880597014926,27.916666666666664,29.210850870919234,50.76142131979695,0.6762295081967213,32.53333333333333
2024,PLUO      ,RED,53.583333333333336,9.0,11,7,0,13,1083.72,2650.0,13,8.214318987320846,78.57142857142857,0.24261275272161742,9.88364350634218,75.0,0.30612244897959184,29.4,6.13699065691183,83.33333333333333,0.16540317022742937,24.183333333333334
2024,PTGB      ,MAD,562.7333333333333,261.28,227,220,37,176,2873.88,6850.0,34,22.13377359677689,48.03622820382597,0.3127591517592702,19.209959128903247,39.856516540454365,0.30310589996257953,267.23333333333335,24.822183995931518,54.07592701589171,0.32148900169204736,295.5
2025,P000229   ,ASV,330.21666666666664,150.24,137,121,21,90,1958.2,4650.0,23,21.607896357755354,52.595208845208845,0.2725483268561046,21.55405857689663,54.901336728198594,0.4040404040404041,153.45,21.667459903838044,50.445103857566764,0.1584009051480294,176.76666666666668
2025,P000796   ,MCO,590.5166666666667,291.8,342,228,95,393,2664.12,6250.0,31,23.185120537537923,63.38028169014084,0.6655188958821371,20.998350276995357,61.02693602693603,0.6332082551594747,284.26666666666665,25.199977090929917,65.23178807947019,0.6955102040816327,306.25
2025,P000848   ,MCO,429.4666666666667,181.2,208,147,30,182,2740.72,6450.0,32,19.858835264240142,64.91885143570538,0.42378143433716237,17.63165922004205,62.22943722943723,0.39215686274509803,211.65,21.999025981725087,67.22299490032452,0.45451067411431634,217.81666666666666
2025,P000925   ,BAR,756.5666666666667,294.48,312,245,42,336,2956.44,7225.0,36,19.024242755123822,59.20752998330044,0.44411155659338236,20.199144616589066,59.67249514293644,0.42616536236815244,391.8666666666667,17.757471850296263,58.64611260053619,0.4633945708801755,364.7
2025,P000956   ,DUB,4.0,2.88,2,2,2,0,245.64,600.0,3,35.173424523693214,34.72222222222222,0.0,34.69879518072289,34.72222222222222,0.0,4.0,,,,0.0
2025,P001133   ,BAR,797.3166666666667,372.28,400,264,112,496,2638.28,6425.0,32,22.741604647363022,63.840653728294185,0.6220865820773845,23.27747701672248,61.22948812147931,0.5613081197777156,416.8833333333333,22.15290566194918,66.68444918644971,0.6886883378603347,380.43333333333334
2025,P001255   ,OLY,438.23333333333335,126.08,92,92,7,71,2803.16,6650.0,33,13.650373843322718,48.380311316785864,0.16201414771430744,15.026827676794957,49.11788291900561,0.14369592088998762,215.73333333333335,12.305197675430916,47.56637168141592,0.1797752808988764,222.5
2025,P001288   ,MUN,764.6166666666667,244.44,265,183,76,352,2697.84,6600.0,33,15.64178299502518,61.21788948438366,0.46036140113782503,15.75719349960797,57.67167381974249,0.4269913401354712,388.76666666666665,15.500024114120647,65.00956022944551,0.494878275907942,375.85
2025,P001518   ,MIL,622.8333333333334,143.76,171,134,4,168,3107.48,7650.0,38,11.364473107693268,62.978786093105484,0.26973508161626975,11.766119297868945,63.347083087802005,0.22678718159408381,304.25,10.98063285363163,62.61048909840896,0.31075071933036885,318.5833333333333
2025,P001557   ,MUN,423.01666666666665,142.88,146,115,27,118,2802.2,6825.0,34,16.45309045917816,57.53467843631778,0.2789488199834522,18.465455749116817,55.9593023255814,0.3130016051364366,207.66666666666666,14.50912873453437,59.400826446280995,0.2461109821221268,215.35
2025,P001844   ,VIR,498.7166666666667,127.32,114,88,28,153,2807.72,6800.0,34,12.365960660132057,56.81818181818182,0.30678742104735485,14.519115377065969,61.49045521292217,0.3245977657556383,237.21666666666667,10.436784079767499,51.2652705061082,0.29063097514340347,261.5
2025,P001926   ,PAN,789.9166666666666,345.92,356,258,93,471,3083.64,7400.0,37,21.018050921139395,59.54770507159106,0.596265428842705,20.98696978256542,60.34044715447155,0.574665797195957,408.93333333333334,21.048607483174834,58.66553576477241,0.6194496697143357,380.98333333333335
2025,P001932   ,MCO,0.0,0.0,0,0,0,0,414.56,1000.0,5,,,,,,,0.0,,,,0.0
2025,P001932   ,PAR,596.2166666666667,197.04,134,145,16,184,2584.04,6300.0,31,16.114676803079824,44.067350697184956,0.3086126408184944,13.291009816374656,35.15089163237312,0.23931623931623933,292.5,18.75893037004475,49.61587708066581,0.37534983262909505,303.7166666666667
2025,P002100   ,ASV,268.45,158.4,177,96,60,231,1129.96,2650.0,13,27.67607944572361,72.30392156862744,0.8604954367666232,26.340770262373518,71.75472928897587,0.8826747720364742,137.08333333333334,29.009111836410156,72.85527177472167,0.8373509261608728,131.36666666666667
2025,P002100   ,ULK,221.43333333333334,109.52,131,74,33,131,988.48,2400.0,12,24.017278171435432,73.99457749661094,0.5916001806412765,24.505137313608856,72.13812677388836,0.5759682224428997,100.7,23.505339895263536,75.69204152249135,0.6046383213694092,120.73333333333333
2025,P002328   ,PAN,80.8,17.0,12,15,0,2,1928.9199999999998,4600.0,23,10.034856626280177,40.0,0.024752475247524754,13.53178319865607,18.75,-0.11499760421657883,34.78333333333333,7.362314206742197,64.28571428571429,0.13038754074610648,46.016666666666666
2025,P002329   ,ZAL,699.1333333333333,184.44,198,134,76,239,3189.0,7650.0,38,12.657036023904881,59.125656951743906,0.3418518165347573,13.378824248562642,57.306590257879655,0.2935111025850079,347.51666666666665,11.9567907334148,60.946462715105156,0.3896288571834858,351.6166666666667
2025,P002580   ,HTA,855.4,469.96,410,336,84,388,2977.44,7250.0,36,26.75571941558544,54.96567996567997,0.45358896422726214,25.843367883818885,52.05047318611987,0.40510788199031267,454.2,27.80564163306125,57.999562267454586,0.5084745762711864,401.2
2025,P002661   ,DUB,363.1,104.96000000000001,97,70,34,90,2948.68,7050.0,35,13.82257775645505,57.08568738229754,0.2478656017625998,14.21339014956647,47.55996691480563,0.133762695070597,201.85,13.30979660975165,69.67213114754098,0.39069767441860465,161.25
2025,P002676   ,ZAL,608.7833333333333,140.92,192,119,18,263,2859.32,6850.0,34,11.090922878345806,75.63819728963126,0.4320091986749528,10.361839883269923,79.21947965310207,0.4491220171094102,296.1333333333333,11.745931683180837,72.43130227001195,0.4158004158004158,312.65
2025,P002849   ,ULK,684.5333333333333,211.36,200,163,19,293,2483.0,6000.0,30,14.922195510695953,58.356676003734826,0.42802882742500975,15.281168574812474,57.049254405784005,0.41156731148835374,337.73333333333335,14.570476823905459,59.753742153549005,0.44405997693194926,346.8
2025,P002939   ,BAR,877.5833333333334,240.92,248,173,43,390,2911.36,7100.0,35,13.389887290439331,64.61025427261359,0.4444022410027538,12.292959145814667,66.70902160101652,0.4793222606175454,448.55,14.546194117951433,62.576938859253175,0.4078937145520939,429.0333333333333
2025,P002968   ,DUB,54.88333333333333,13.32,17,9,3,10,830.36,2000.0,10,11.69115223341602,82.36434108527132,0.18220467658669906,10.622536400016514,91.20171673819742,0.2707057686110216,51.71666666666667,29.909026710422467,0.0,-1.2631578947368423,3.1666666666666665
2025,P002969   ,ULK,41.78333333333333,19.439999999999998,15,17,1,1,1238.12,3000.0,15,22.54663261802114,43.0045871559633,0.023932987634623055,27.71772579556349,38.86010362694301,-0.033351862145636464,29.983333333333334,8.375860769262983,75.0,0.1694915254237288,11.8
2025,P003048   ,MIL,186.11666666666667,39.12,49,26,23,80,2433.44,6050.0,30,10.451492376867272,67.8294573643411,0.42983791528611087,11.868311667206605,75.24271844660194,0.4435483870967742,99.2,8.849332978675788,57.98969072164949,0.414189837008629,86.91666666666666
2025,P003091   ,ULK,269.81666666666666,63.36,57,44,19,64,2670.8,6400.0,32,11.254209567116117,54.43086325439267,0.2371980974735932,11.251177871290185,73.81889763779527,0.3980857080704807,153.23333333333335,11.229164375318202,27.422303473491773,0.02573266619013581,116.58333333333333
2025,P003108   ,MAD,840.9166666666666,532.72,500,433,88,445,3203.4,7600.0,38,30.059272012585822,52.997540914101585,0.5291844217619661,28.494399784862225,53.992968357609236,0.5923544943175295,435.55,31.733672059303174,51.97594501718213,0.46131074747142503,405.3666666666667
2025,P003196   ,BAR,505.15,223.12,209,141,98,256,3157.08,7700.0,38,21.545336320578823,56.75646317618944,0.5067801643076314,21.324830591759905,50.104384133611696,0.423136645962733,257.59999999999997,21.774578338980497,63.97192028985508,0.5938194304180974,247.55
2025,P003458   ,DUB,540.5833333333334,231.6,232,199,40,160,2508.44,6025.0,30,20.580656899778216,53.55493998153278,0.29597656852165866,20.21940696572547,56.344696969696976,0.3297952994692949,263.8,20.919320984498995,50.9009009009009,0.2637442042512194,276.7833333333333
2025,P003469   ,OLY,964.55,529.04,661,418,166,786,2891.92,6825.0,34,25.888693921214433,67.3061257738677,0.8148877714996631,24.85200685042476,72.2810556396033,0.8732665110531375,485.5333333333333,26.953684450993617,62.62841789157579,0.7557148324692947,479.01666666666665
2025,P003526   ,ASV,612.7833333333333,153.92000000000002,140,128,18,130,2982.92,7050.0,35,11.873140762188646,51.50088287227781,0.21214676204204858,11.523296432710474,49.35225169648365,0.14349980069472126,292.68333333333334,12.19869299159533,53.46088913899831,0.274914089347079,320.1
2025,P003527   ,DUB,507.71666666666664,101.16,99,87,14,73,3044.32,7250.0,36,9.48997573496065,53.13439244310863,0.1437809802054952,8.859497647384831,58.746736292428196,0.17544974890343906,262.18333333333334,10.170057777719547,47.66949152542372,0.10996470268802606,245.53333333333333
2025,P003733   ,MAD,570.4833333333333,164.6,171,133,15,148,3040.48,7200.0,36,13.664923695020887,61.24641833810888,0.2594291390341523,14.8331538366219,76.66320166320168,0.40620987510213613,285.56666666666666,12.506635680141969,42.30523627075351,0.11231354197133664,284.9166666666667
2025,P003836   ,MCO,8.933333333333334,6.0,2,4,0,-1,1390.6399999999999,3225.0,16,31.151768626235448,25.0,-0.11194029850746269,17.64848347939037,0.0,0.0,2.6833333333333336,36.34505082628201,33.333333333333336,-0.16,6.25
2025,P003842   ,PAN,168.13333333333333,67.56,69,44,24,104,660.0,1600.0,8,19.482373296806287,63.23313782991202,0.6185567010309279,20.434345101082254,56.584362139917694,0.5445744251714402,82.63333333333333,18.550844127820476,70.86614173228347,0.6900584795321637,85.5
2025,P003941   ,OLY,764.35,276.56,370,185,149,703,2982.6,7025.0,35,17.044270080612467,73.83461047254151,0.9197357231634722,17.488757908785878,74.7011952191235,0.9724642732659464,382.5333333333333,16.598684193613938,72.89236921026325,0.8669082020166746,381.81666666666666
2025,P003983   ,DUB,374.48333333333335,210.44,205,159,51,218,1929.96,4625.0,23,26.93327863244866,56.492504409171076,0.5821353865325559,27.134384231501127,51.509343555342596,0.5673473493612312,165.68333333333334,26.75314910017502,60.73907717435687,0.5938697318007663,208.8
2025,P004004   ,MIL,771.4,343.88,348,222,102,390,2856.56,7050.0,35,22.004071407699655,65.1978417266187,0.5055742805289085,20.026807526913053,68.14119749776586,0.528281750266809,437.26666666666665,24.608268853857002,62.217194570135746,0.47585794094173983,334.1333333333333
2025,P004007   ,RED,312.51666666666665,105.52,124,97,8,112,2225.36,5075.0,25,15.400235561749778,61.679267807401516,0.35838088635272786,15.568231767016039,67.02412868632707,0.3831862517417557,143.53333333333333,15.28395993402928,57.38880918220947,0.33731137193017063,168.98333333333332
2025,P004088   ,PAN,903.1,371.24,429,292,121,413,2745.92,6600.0,33,19.76082047397864,62.13069169273549,0.45731369726497617,20.294626635854765,65.40222367560497,0.5184944137108146,460.95,19.15809153467785,58.419881305637986,0.3935316069207283,442.15
2025,P004093   ,IST,0.0,0.0,0,0,0,0,76.2,200.0,1,,,,,,,,,,,0.0
2025,P004132   ,MCO,718.9,282.76,338,216,79,435,2902.44,6850.0,34,18.565506663778933,67.39511883873027,0.6050911114202253,18.543548885600355,66.64156626506023,0.5884124048346165,387.48333333333335,18.617308614693464,68.24347236351305,0.6245914005531807,331.4166666666667
2025,P004161   ,HTA,2.9833333333333334,1.0,0,1,0,-2,235.6,600.0,3,17.072777456345857,0.0,-0.6703910614525139,,,,0.0,16.520233155557268,0.0,-0.6703910614525139,2.9833333333333334
2025,P004197   ,PRS,572.5166666666667,227.32,204,187,28,144,3127.08,6800.0,34,17.268293828064593,51.17399157134257,0.25152106197781726,16.07035769642846,48.036317567567565,0.21268925739005043,277.40000000000003,18.433865177852,54.01529636711281,0.2880216863387361,295.1166666666667
2025,P004292   ,PAN,74.06666666666666,38.08,37,34,7,22,1582.44,3800.0,19,24.69223945220032,49.89212513484358,0.29702970297029707,20.60294354011623,62.04044117647059,0.3599621092516577,52.78333333333333,34.73158308875692,32.637075718015666,0.1409553641346907,21.28333333333333
2025,P004451   ,PAN,16.916666666666664,3.0,0,0,0,0,332.96,800.0,4,8.521859753860287,,0.0,6.433842008967168,,0.0,14.75,22.46475841024393,,0.0,2.1666666666666665
2025,P004508   ,MUN,930.5333333333333,491.4,509,400,85,421,2900.4,7025.0,35,25.581243108722113,58.18472793781436,0.45242871471557533,23.6299539182211,53.626713843432114,0.3880859219036972,417.43333333333334,27.190429198366594,61.398721347263375,0.504774897680764,513.1
2025,P004512   ,MUN,57.983333333333334,8.0,4,3,0,-4,1681.04,4025.0,20,6.607005091511329,66.66666666666667,-0.06898534061511928,7.446965196194435,50.0,-0.18528049408131755,32.38333333333333,5.553181135541817,100.0,0.078125,25.6
2025,P004655   ,PRS,83.26666666666667,26.04,23,13,16,23,854.48,1800.0,9,13.175599931307278,57.38522954091817,0.27622097678142515,14.104452346554286,37.993920972644375,0.21632251720747295,50.85,11.65797050553154,94.47674418604652,0.3701799485861182,32.41666666666667
2025,P004761   ,PAR,389.35,119.91999999999999,113,101,18,79,1577.04,3825.0,19,14.94067322088406,51.87293426367977,0.20290227301913444,11.681332258617223,47.732696897374694,0.13566289825282632,162.16666666666666,17.17300323531595,53.713527851458885,0.2508986868168146,227.18333333333334
2025,P004846   ,HTA,56.03333333333333,17.44,20,15,1,18,1965.68,4850.0,24,15.358858427026576,64.76683937823834,0.3212373587150506,15.083356537168191,50.0,0.18163471241170537,16.516666666666666,15.386774086585302,69.93006993006993,0.37958667229017296,39.516666666666666
2025,P004863   ,MUN,351.06666666666666,117.28,100,80,12,145,1659.2,4000.0,20,16.107406147257144,58.630393996247655,0.41302696543866313,16.343818531968843,56.76209279368213,0.4155216005276465,151.61666666666667,15.936328165057219,60.321715817694376,0.41113060917523186,199.45000000000002
2025,P004866   ,RED,882.65,252.56,227,174,49,246,3355.52,7675.0,38,13.089546234610138,58.03845367150746,0.2787061689231292,11.945259486212311,56.051587301587304,0.2891210298617706,473.85,14.405699133371723,60.151962853524694,0.2666340508806262,408.8
2025,P004887   ,IST,259.1166666666667,108.08,112,84,32,154,1144.8,2875.0,14,20.950201856303984,57.09624796084829,0.5943268797838811,18.222737231801457,61.93693693693694,0.460243217960711,89.08333333333333,22.44383198458545,55.29115341545353,0.664575573416977,170.03333333333333
2025,P004888   ,BAR,779.1833333333333,408.76,416,311,104,442,2610.56,6300.0,31,25.320110802390946,58.302500280300485,0.5672605933562919,25.08754965772579,60.62049978822533,0.5704492593952748,408.45,25.57623126533895,55.69454372170598,0.5637475274231253,370.73333333333335
2025,P005353   ,PAN,240.36666666666667,101.64,119,74,31,159,1842.52,4400.0,22,20.195791433746116,67.89137380191693,0.6614893912078769,19.894860871929666,70.69408740359897,0.8262032085561497,124.66666666666667,20.506616540397168,64.697265625,0.48401037165082106,115.7
2025,P005356   ,PAM,84.73333333333333,29.2,17,21,5,3,1071.32,2400.0,12,15.440116919521595,36.63793103448276,0.03540519276160504,15.521154340734459,26.824034334763947,-0.1359003397508494,29.43333333333333,15.430484360288734,43.22766570605187,0.12658227848101267,55.3
2025,P005379   ,MIL,15.45,3.0,0,1,0,-5,152.28,400.0,2,10.200932875311446,0.0,-0.3236245954692557,18.594935669270473,0.0,-0.5642633228840126,5.316666666666666,5.53162615057824,,-0.19736842105263158,10.133333333333333
2025,P005422   ,VIR,777.4333333333334,219.12,195,163,48,202,3073.6,7400.0,37,13.57166807768048,52.95459482945905,0.25982935299918536,13.806107652128462,51.06127352823388,0.27705767984445884,411.46666666666664,13.3216453969369,55.1994301994302,0.24045905820202207,365.96666666666664
2025,P005504   ,ZAL,390.45,135.08,158,97,57,199,3112.7200000000003,7450.0,37,16.560438686390405,64.71166448230669,0.5096683314124728,15.906776648369856,69.44444444444444,0.6185567010309279,187.53333333333333,17.113798154694308,60.77430972388956,0.40903490759753597,202.91666666666666
2025,P005596   ,PAM,49.45,22.52,19,15,8,3,799.92,1825.0,9,20.78013665876193,51.295896328293736,0.06066734074823053,20.656121851200936,51.11524163568773,0.0,30.0,20.90441420808125,51.54639175257732,0.15424164524421594,19.45
2025,P005670   ,MIL,41.300000000000004,15.08,14,7,7,6,1112.92,2800.0,14,18.37280094446918,69.44444444444444,0.14527845036319612,22.909925187405523,37.5,-0.12738853503184713,15.700000000000001,15.558978873239436,90.46052631578948,0.3125,25.6
2025,P005683   ,MUN,0.0,0.0,0,0,0,0,78.72,200.0,1,,,,,,,0.0,,,,
2025,P005683   ,PAR,68.28333333333333,18.0,12,13,0,2,1110.92,2675.0,13,12.694885497361929,46.15384615384615,0.02928972418843056,13.452095406744657,0.0,-0.34762456546929316,14.383333333333333,12.463949610153007,50.0,0.12987012987012989,53.9
2025,P005713   ,BAS,550.0,212.84,194,156,36,184,2316.16,5500.0,27,18.378695772312792,56.447858472998135,0.33454545454545453,18.238076638412693,54.83549351944168,0.31527093596059114,253.75,18.472044822206286,57.86026200873363,0.3510548523206751,296.25
2025,P005791   ,MAD,884.7666666666667,322.68,371,205,122,600,3203.4,7600.0,38,17.305163728820876,71.71022112262254,0.6781448969596504,16.9198611675554,71.1159737417943,0.6648565348205768,454.23333333333335,17.712544247638142,72.29192166462668,0.6921647568906781,430.53333333333336
2025,P005844   ,IST,73.88333333333333,17.0,11,15,0,26,405.12,1000.0,5,11.359226311068538,36.666666666666664,0.3519061583577713,16.51556221197018,33.333333333333336,0.38843331894691413,38.61666666666667,5.652706209544878,50.0,0.3119092627599244,35.266666666666666
2025,P005928   ,MAD,921.9166666666666,433.8,450,306,120,552,3203.4,7600.0,38,22.326996178148892,62.709030100334445,0.5987525987525988,22.40005514799971,60.3367082646574,0.5453935849197183,447.3833333333333,22.251031983081333,64.84226127461359,0.6490587243607755,474.5333333333333
2025,P005942   ,DUB,107.36666666666666,23.32,16,20,3,8,2173.4,5225.0,26,10.443250698440833,37.5234521575985,0.07451102142191866,12.304822187811082,41.899441340782126,0.04758128469468676,63.05,7.669125250977213,28.571428571428573,0.1128243700639338,44.31666666666667
2025,P005985   ,MCO,1010.9,590.36,560,426,194,642,2903.24,6850.0,34,27.557914975100857,54.75594493116395,0.6350776535760214,29.36915131933751,54.95310668229778,0.6281195306929409,514.2333333333333,25.7107831162082,54.53020134228188,0.6422818791946309,496.6666666666667
2025,P006020   ,TEL,0.0,0.0,0,0,0,0,282.4,625.0,3,,,,,,,0.0,,,,0.0
2025,P006085   ,MUN,333.8333333333333,178.44,176,115,51,223,1390.0,3425.0,17,26.341365649367678,64.0279394644936,0.6679980029955068,27.74370730388794,61.867266591676035,0.6417772292502314,162.05,25.02358642753359,66.34499396863691,0.692733094013777,171.78333333333333
2025,P006240   ,RED,35.55,13.64,7,7,6,4,688.3199999999999,1600.0,8,17.837515145214248,36.30705394190871,0.11251758087201126,20.45013128316668,40.50925925925926,0.14742014742014742,27.133333333333333,10.780254616138716,0.0,0.0,8.416666666666666
2025,P006277   ,MIL,17.2,6.44,8,5,1,11,824.6800000000001,2000.0,10,18.160673456427354,73.52941176470588,0.6395348837209303,,,,0.0,18.131651556957035,73.52941176470588,0.6395348837209303,17.2
2025,P006372   ,IST,203.81666666666666,42.36,28,22,19,38,2668.56,6725.0,33,10.47518180482568,46.1133069828722,0.186442063946357,11.509180259750233,47.98464491362764,0.22131773085728823,131.03333333333333,8.64521815188121,42.016806722689076,0.12365468284863751,72.78333333333333
2025,P006435   ,BAR,336.7,177.0,160,125,25,145,1664.52,4075.0,20,25.739419078039223,58.8235294117647,0.4306504306504307,25.16712494990426,54.22209369577791,0.37058823529411766,170.0,26.31890479842206,63.58467983243566,0.4919016196760648,166.7
2025,P006482   ,MAD,158.71666666666667,44.64,35,36,6,12,1427.16,3400.0,17,13.401021370512785,45.289855072463766,0.07560642654625643,15.509900453690294,50.76142131979695,0.20395156150414276,78.45,11.319263966294807,36.666666666666664,-0.04983388704318937,80.26666666666667
2025,P006509   ,MIL,89.69999999999999,10.76,9,8,4,14,1623.88,4000.0,20,5.909570013150167,46.10655737704918,0.1560758082497213,5.378962747082601,90.36144578313252,0.3622392974753019,30.366666666666664,6.184208405203683,23.291925465838506,0.050561797752808994,59.33333333333333
2025,P006540   ,DUB,480.35,238.44,258,176,76,281,1530.36,3650.0,18,23.67830293377701,61.59281894576012,0.5849901113771209,24.21578985090897,66.27136379490757,0.7116079340194943,244.51666666666665,23.08802489804742,55.93077247783875,0.4537102473498233,235.83333333333334
2025,P006568   ,BAR,129.15,35.96,48,30,9,81,2742.48,6700.0,33,13.60462583027027,70.6713780918728,0.627177700348432,13.941781532638135,64.75225225225225,0.5285638013881473,62.43333333333334,13.290151870606731,77.1604938271605,0.7194604046964777,66.71666666666667
2025,P006590   ,IST,260.51666666666665,105.2,108,93,5,98,2246.96,5675.0,28,20.39767873794134,56.72268907563025,0.3761755485893417,22.29349771237092,61.60572337042925,0.4264449510527022,124.28333333333333,18.673312087455326,51.247771836007125,0.3303156349400538,136.23333333333335
2025,P006591   ,OLY,380.28333333333336,131.35999999999999,109,94,19,69,1948.24,4650.0,23,16.4890767910712,53.24345447440407,0.18144366042862775,17.04681803722464,54.13766434648105,0.24557395773843518,175.1,16.014525633077376,52.330173775671405,0.12671594508975711,205.18333333333334
2025,P006643   ,PAM,564.9666666666667,169.44,186,143,26,191,3119.88,7075.0,35,13.602278657286252,60.21756021756022,0.3380730426573839,15.167955853583488,57.39258635214828,0.3441990135106155,310.8666666666667,11.640291873819814,64.72763954270343,0.3305785123966942,254.1
2025,P006661   ,ULK,88.95,42.88,46,36,2,35,582.76,1400.0,7,23.16205672983104,62.3644251626898,0.3934794828555368,28.309246346740014,62.87726358148894,0.6282722513089005,38.2,19.36236504834944,61.76470588235294,0.21674876847290642,50.75
2025,P006725   ,ASV,337.7166666666667,127.92,137,95,43,135,1506.16,3600.0,18,18.107035102729586,60.129915730337075,0.39974337462369836,17.957688710398894,49.63533225283631,0.3185840707964602,141.25,18.244437948655687,68.1536555142503,0.45809297590770276,196.46666666666667
2025,P006739   ,VIR,458.03333333333336,127.88,96,88,27,165,1970.04,4800.0,24,13.605099788175236,48.05766920304365,0.36023579069936684,13.520459371559687,54.34782608695652,0.3451407811080836,220.2,13.664401722661854,42.88321167883212,0.37421163279607567,237.83333333333334
2025,P006760   ,PAR,1055.7666666666667,357.4,378,261,110,544,3165.68,7700.0,38,16.46797922622408,61.085972850678736,0.5152653679790358,16.046290114520712,63.79220099450406,0.5349653608375532,536.4833333333333,16.904910151861813,58.444047010730706,0.494912860673364,519.2833333333333
2025,P006835   ,TEL,1008.3833333333333,372.4,411,286,110,565,3213.16,7275.0,36,16.723017904998777,61.45334928229666,0.560302794902732,17.01748895296893,60.34881034881035,0.5670069147184722,506.1666666666667,16.42704409607276,62.63954353758372,0.5535459463047158,502.2166666666667
2025,P006904   ,PRS,136.86666666666667,46.0,33,37,0,35,1549.4,3400.0,17,14.750457902375484,44.5945945945946,0.25572333170969314,17.502520579043885,33.333333333333336,0.13520280420630948,66.56666666666666,12.00507574602542,59.375,0.3698435277382646,70.3
2025,P006961   ,ULK,859.0,371.04,384,307,41,284,2984.68,7200.0,36,20.839739414016194,59.06965296578882,0.33061699650756693,22.186076805453236,57.49213265553134,0.35469436347961736,405.98333333333335,19.6310952431993,60.70087609511889,0.3090394025238218,453.01666666666665
2025,P007027   ,MAD,557.1333333333333,288.12,298,189,123,359,2693.52,6400.0,32,24.575594245782234,61.286607436656794,0.6443699892305852,24.75332622821192,60.13306038894576,0.6318544366899302,267.46666666666664,24.42162118020391,62.36097870988243,0.6559263521288837,289.6666666666667
2025,P007029   ,ZAL,320.3833333333333,123.60000000000001,111,102,15,94,3090.12,7400.0,37,18.477147498357073,51.10497237569061,0.293398533007335,16.62000661323592,55.39887187751813,0.2692682926829268,170.83333333333334,20.59292298300363,47.48982360922659,0.32096288866599804,149.54999999999998
2025,P007032   ,ZAL,679.95,281.64,276,206,56,293,3105.84,7450.0,37,19.871220706800354,59.833506763787724,0.4309140377968968,19.419957839736504,55.248618784530386,0.4179860671310956,342.1166666666667,20.30382353621655,64.45993031358886,0.4440059200789344,337.8333333333333
2025,P007056   ,MIL,718.2666666666667,286.28,296,215,87,345,2933.8,7250.0,36,19.698937141516318,58.43335439039798,0.48032299981436793,19.563024317668113,58.70607028753994,0.4577671436955442,369.18333333333334,19.842403576234712,58.16677076826983,0.5041776080210074,349.0833333333333
2025,P007109   ,IST,664.2833333333333,223.8,233,176,45,211,2829.76,7125.0,35,16.965707958365496,59.49948927477017,0.31763554708081393,17.53253627510189,56.563391765185486,0.3019768588180356,321.21666666666664,16.441254054380956,62.44881244881245,0.3322969296541003,343.06666666666666
2025,P007182   ,ULK,607.55,141.32,133,79,53,159,3154.8,7600.0,38,11.207102896097275,64.99218139171228,0.26170685540284755,12.482347656743952,63.096862210095495,0.23989484061781136,304.3,9.900684581497183,67.53663003663004,0.28359439406430337,303.25
2025,P007200   ,IST,364.25,176.28,183,130,37,181,990.44,2475.0,12,24.186916697131785,62.5512715340443,0.4969114619080302,21.69921334460921,60.258671369782476,0.4854368932038835,185.4,26.798486859062024,64.54498977505114,0.5088062622309197,178.85
2025,P007201   ,MUN,299.1,95.52,85,72,8,145,2413.88,5825.0,29,15.413034470205982,56.27648305084746,0.4847876964226011,14.091167587616123,55.61440677966102,0.3982589771490751,153.16666666666666,16.80110384901225,56.9385593220339,0.5756052992233897,145.93333333333334
2025,P007230   ,BAS,310.45,100.72,104,83,13,130,1094.36,2600.0,13,15.415839703476555,58.61136158701533,0.41874698019004675,15.583075524808322,58.53174603174603,0.42927583873150926,172.38333333333333,15.211073087665554,58.7160751565762,0.4056011588604539,138.06666666666666
2025,P007464   ,BAR,723.4,210.92000000000002,220,171,43,266,3157.08,7700.0,38,14.22244922786061,57.91912384161752,0.3677080453414432,13.65446899327413,48.566142460684546,0.30488974113135187,347.6666666666667,14.75179687330862,65.73859242072699,0.42583392476933996,375.73333333333335
2025,P007513   ,ZAL,236.36666666666667,45.76,34,34,4,37,1492.52,3650.0,18,9.468964444415702,47.53914988814318,0.15653645466083768,8.76121630783358,37.5,0.07994670219853431,125.08333333333334,10.289097438943616,55.668016194331976,0.2426239329039988,111.28333333333333
2025,P007527   ,PAM,653.9,381.08,376,302,57,304,3018.16,6850.0,34,26.453499185901656,57.47829277241042,0.4649028903502065,27.771918813348943,57.01219512195122,0.47916899363341897,298.43333333333334,25.331996688150404,57.94701986754966,0.45292573143285825,355.46666666666664
2025,P007579   ,BAS,69.01666666666667,34.28,35,23,12,36,446.0,1000.0,5,22.273166833253377,61.88118811881188,0.5216131369234485,24.496945450613612,72.04610951008645,0.42979942693409745,34.9,19.95104006132138,52.08333333333333,0.6155349291646312,34.11666666666667
2025,P007630   ,MAD,403.6,154.92,167,111,43,196,3032.4,7200.0,36,18.227719421133813,64.27032019704433,0.48562933597621405,17.71141859199662,57.29901269393512,0.34271099744245526,195.5,18.7071940654044,69.67213114754098,0.6198942815953868,208.1
2025,P007632   ,PAR,6.216666666666667,1.0,2,1,0,3,88.12,200.0,1,7.30176617554176,100.0,0.48257372654155495,,,,,7.30176617554176,100.0,0.48257372654155495,6.216666666666667
2025,P007673   ,TEL,3.1666666666666665,2.0,2,2,0,1,186.0,400.0,2,27.164685908319186,50.0,0.31578947368421056,29.904306220095695,50.0,0.31578947368421056,3.1666666666666665,,,,0.0
2025,P007705   ,VIR,0.0,0.0,0,0,0,0,488.64,1200.0,6,,,,,,,0.0,,,,0.0
2025,P007736   ,PAR,328.5,71.52,69,61,8,68,2684.56,6500.0,32,10.542955399406965,53.471791692498456,0.2070015220700152,12.866603996821569,38.84180790960452,0.10529157667386609,123.46666666666667,9.127391373952848,64.9171270718232,0.2682490651926516,205.03333333333333
2025,P007831   ,MIL,941.4,426.16,443,337,89,448,2950.04,7250.0,36,22.2504391719014,58.884517226712035,0.4758869768429998,21.40535994926626,56.89900426742532,0.43574863206765047,502.5833333333333,23.21398993772274,61.06401962971225,0.5218580272703103,438.81666666666666
2025,P007853   ,OLY,254.35,91.16,84,65,39,102,1965.08,4675.0,23,17.053123994721776,51.11976630963973,0.40102221348535483,19.82120211173673,43.21808510638298,0.3955288048151333,116.3,14.648249671215783,60.7451403887689,0.4056501267656646,138.05
2025,P007866   ,PAN,393.4,155.08,146,124,32,165,2765.52,6600.0,33,18.815621337947874,52.86790266512166,0.41942043721403155,18.159962165683204,48.30113257828115,0.30963302752293576,174.4,19.401399929784517,56.381342901076366,0.5068493150684932,219.0
2025,P007929   ,ULK,307.5,74.72,77,58,13,70,2410.4,5800.0,29,11.693933334952334,60.42059008160703,0.22764227642276422,10.088341932409831,61.36950904392765,0.2501068832834545,155.93333333333334,13.36319344312642,59.523809523809526,0.20453045964372113,151.56666666666666
2025,P007947   ,VIR,659.6333333333333,248.4,235,188,35,307,2553.56,6200.0,31,18.286248450737514,57.76794493608653,0.46541007630501796,18.396221518365493,55.62060889929742,0.45754206435107747,338.76666666666665,18.170412381606308,59.94847403884265,0.4737170164138791,320.8666666666667
2025,P007960   ,RED,299.0,47.84,55,38,11,73,2732.08,6250.0,31,7.320429855641125,64.1923436041083,0.24414715719063546,8.458136593545241,50.08347245409015,0.19669907302735698,147.43333333333334,6.229778167253101,82.09745762711864,0.29030129755883,151.56666666666666
2025,P007975   ,ZAL,1032.7333333333333,617.2,633,427,180,741,3189.0,7650.0,38,28.67309899177947,62.524693796918214,0.7175133948744432,29.286109183462827,66.37687969924812,0.818217154703291,514.5333333333333,28.07197457129684,58.60309360548557,0.6175221922037822,518.2
2025,P007982   ,ZAL,625.4166666666666,323.24,306,265,46,293,2272.44,5450.0,27,24.79075311148643,53.63904080774085,0.4684876748834111,26.188254876945628,58.45568243610658,0.5227172474636084,302.26666666666665,23.509554539887084,48.50854329568491,0.41776264892464804,323.15
2025,P007990   ,TEL,386.9,100.68,109,82,22,121,2890.36,6475.0,32,11.65902697789135,59.445898778359506,0.31274231067459296,11.867585174678236,61.75468483816014,0.30067392431311557,192.9,11.45628240850816,57.021466905187836,0.3247422680412371,194.0
2025,P007993   ,PRS,588.3333333333334,257.36,257,191,69,210,3116.36,6800.0,34,19.09012973914471,58.05023491145645,0.35694050991501414,20.906420635731777,64.60582270199542,0.47515691910600105,284.1166666666667,17.359289055094276,49.95962858296326,0.24653481619459816,304.21666666666664
2025,P008072   ,BAS,468.53333333333336,108.08,112,68,32,172,2406.0,5675.0,28,10.881908773882028,68.22612085769981,0.36710301650540694,11.490212114590113,71.56488549618321,0.38205623524361454,232.95,10.291885051681989,64.74103585657372,0.3523169437566325,235.58333333333334
2025,P008099   ,MCO,910.2333333333333,346.4,350,234,110,424,3244.04,7650.0,38,17.948591691306593,61.96883852691219,0.4658146262863002,18.00708346486127,59.75213927412216,0.4292160387394989,454.31666666666666,17.88936781455504,64.0152546989921,0.5022847742643026,455.9166666666667
2025,P008104   ,ULK,56.36666666666667,20.4,17,11,10,21,986.56,2400.0,12,17.608629225759316,55.19480519480519,0.3725606150206978,17.214531783700007,60.24096385542168,0.6547155105222136,21.383333333333333,17.92212513580781,51.369863013698634,0.20009528346831823,34.983333333333334
2025,P008161   ,MCO,230.21666666666667,82.48,89,68,17,81,3067.2,7250.0,36,16.937051089406037,58.95601483836778,0.3518424672410049,19.091331538359427,39.44174757281553,0.4144464179988159,84.45,15.66854063667721,74.08278457196613,0.3155728332952207,145.76666666666665
2025,P008173   ,BAS,572.45,205.64000000000001,200,150,56,232,3187.0,7500.0,37,16.907493575347026,57.26065048098947,0.4052755699187702,14.689017120242658,65.93257205002719,0.380867531599755,299.31666666666666,19.294680696119897,50.94974277799763,0.43202343177935076,273.1333333333333
2025,P008176   ,IST,49.766666666666666,23.88,26,20,2,11,1626.52,4100.0,20,24.190799059506954,62.26053639846744,0.22103148024112526,21.98446908538529,50.0,0.09569377990430622,20.9,25.597945617941917,68.44380403458213,0.3117782909930716,28.866666666666667
2025,P008192   ,ZAL,825.9833333333333,385.88,439,306,77,462,3189.0,7650.0,38,22.413924112649106,64.5816170413087,0.5593333198813535,23.682291148407355,69.55530216647662,0.6286692759295499,408.8,21.191598007960362,59.277723735408564,0.49139067556230276,417.18333333333334
2025,P008232   ,PAR,325.8666666666667,111.32,100,98,3,78,2684.04,6500.0,32,16.545794573883065,50.342327829238826,0.23936170212765956,12.862668291936265,54.83870967741935,0.23420346425957553,136.63333333333333,19.14907140223982,48.30210772833724,0.24308613704421347,189.23333333333335
2025,P008325   ,DUB,304.1166666666667,115.28,115,82,37,162,2870.76,6850.0,34,18.089952519590256,58.50630850630851,0.5326903052556584,16.963693586870978,57.08661417322835,0.6072498192708872,161.38333333333333,19.362629260435554,60.02527379949452,0.44838860345632886,142.73333333333332
2025,P008384   ,MAD,37.016666666666666,10.32,8,8,3,2,607.72,1400.0,7,12.845082303329756,42.918454935622314,0.0540297163439892,19.464625476275053,0.0,-0.6741573033707865,4.45,11.897358589374939,48.07692307692307,0.1535312180143296,32.56666666666666
2025,P008811   ,OLY,13.433333333333334,0.0,0,0,0,11,257.84000000000003,600.0,3,0.0,,0.8188585607940446,0.0,,0.8298755186721991,12.05,0.0,,0.7228915662650602,1.3833333333333333
2025,P008829   ,OLY,563.2833333333333,226.72,258,168,63,279,3245.4,7675.0,38,19.03720030854453,65.91048436541999,0.4953102346362103,20.196993026207455,61.87161639597834,0.43233743409490333,284.5,17.832738337949497,70.43779800606849,0.5595743408859928,278.7833333333333
2025,P008855   ,OLY,773.35,208.8,157,151,20,291,2751.4,6475.0,32,12.707802013595115,49.123904881101375,0.376284993857891,13.787237157715422,38.91728624535316,0.2829592824961051,395.81666666666666,11.548538246319946,61.041779706999456,0.47413031961857677,377.5333333333333
2025,P008858   ,HTA,83.73333333333333,41.6,45,29,15,32,1636.6399999999999,4000.0,20,24.28464593920246,63.20224719101123,0.38216560509554137,25.243236291488827,56.372549019607845,0.2833272793316382,45.88333333333333,23.214669170874696,72.36842105263159,0.5019815059445178,37.85
2025,P008962   ,PAN,273.1,132.88,148,113,27,144,829.24,2000.0,10,23.470247407812025,59.256886611146705,0.5272793848407177,24.70989707697859,58.72931126534971,0.5406006674082314,149.83333333333331,21.83888266300008,60.0480384307446,0.5110870740941049,123.26666666666667
2025,P008985   ,MIL,655.4833333333333,295.68,285,222,72,309,2387.28,5850.0,29,22.107661081496428,56.17313150425733,0.4714078669683948,20.486660449159558,56.37254901960784,0.46228117228263516,341.78333333333336,23.861712728160835,55.9872029250457,0.4813516098182978,313.7
2025,P008987   ,MIL,738.6833333333333,327.52,394,251,108,452,2455.56,6050.0,30,21.84813371183617,65.9922283264103,0.6118995510029106,23.67262890709705,65.2899217671422,0.6114846058322272,389.21666666666664,19.782316537605805,66.97144690407443,0.6123616940099199,349.46666666666664
2025,P009005   ,MAD,706.9,205.88,241,157,52,313,2947.04,7000.0,35,13.835605905877896,66.98910384700912,0.44277832791059557,15.264866436640615,67.96319531576746,0.4522831601836192,344.9166666666667,12.487956520354098,65.88319088319089,0.43372162622588517,361.98333333333335
2025,P009035   ,RED,204.21666666666667,78.72,82,57,13,116,1255.2,2850.0,14,17.504746564582693,65.36989795918367,0.5680241573492206,16.8904707485284,51.20481927710843,0.5315132152192855,114.76666666666667,18.33098206490177,81.30081300813008,0.6148686416992734,89.45
2025,P009048   ,RED,1176.6333333333332,558.64,471,420,81,574,3355.52,7675.0,38,21.718980211107038,51.68554121675007,0.487832516501884,21.324229765152662,50.43363499245852,0.4552224126787872,593.1166666666667,22.111151401667264,52.77640873993757,0.5209791208477336,583.5166666666667
2025,P009299   ,ZAL,73.46666666666667,31.64,31,25,6,15,2356.28,5650.0,28,20.65369150431436,56.07814761215629,0.2041742286751361,23.778366553353578,59.74264705882352,0.0,26.116666666666667,18.897449247282307,53.69928400954653,0.3167898627243928,47.35
2025,P009513   ,MUN,433.4166666666667,94.6,77,62,15,122,2408.72,5825.0,29,10.55662599317334,56.122448979591844,0.28148432993655065,11.144864181873393,55.298353909465014,0.22530329289428075,230.8,9.898992991071061,57.200538358008075,0.3454799703874311,202.61666666666667
2025,P009549   ,IST,726.1166666666667,298.0,282,221,75,260,2421.84,6100.0,30,20.673987129361432,55.511811023622045,0.35806918080198313,21.404645756732197,59.48553054662379,0.37632633812780003,353.4166666666667,19.995283274351902,51.69753086419753,0.3407566407298095,372.7
2025,P009556   ,ASV,129.06666666666666,68.6,39,54,15,3,1093.0,2600.0,13,25.286760980847315,32.17821782178218,0.023243801652892564,21.800589619948404,43.10344827586207,0.1408150202688287,78.11666666666666,30.60151798425374,20.491803278688522,-0.15701668302257113,50.95
2025,P009622   ,MIL,173.7,81.2,70,64,5,82,981.72,2400.0,12,22.85650429048534,52.870090634441084,0.47207829591249284,22.636178076471253,41.79331306990881,0.3288490284005979,66.9,23.019915431017527,60.18054162487462,0.5617977528089888,106.8
2025,P009664   ,PRS,454.1666666666667,152.64,163,125,31,223,2563.28,5600.0,28,14.685038006063904,58.78534333525678,0.4910091743119266,15.728611723004553,66.96428571428571,0.5913066179349954,255.36666666666667,13.28107867844479,45.77727952167414,0.36217303822937624,198.8
2025,P009733   ,PAR,289.1333333333333,112.12,112,88,23,148,1260.36,3025.0,15,18.61425628669047,57.07297187117815,0.511874567673507,18.498210689257135,56.54281098546041,0.4705369785426425,153.01666666666665,18.73869789543746,57.61316872427983,0.5583445573650054,136.11666666666667
2025,P009754   ,IST,798.1,383.72,387,292,113,366,2744.84,6875.0,34,24.08478585219778,56.62530726910921,0.45858914922941985,23.143190985679134,57.01115963124697,0.4700263918562272,397.85,25.009726178334613,56.26555078036643,0.44722048719550284,400.25
2025,P009783   ,ULK,629.5,222.92000000000002,272,186,43,334,2910.72,7000.0,35,17.032598361279877,66.36736287331641,0.5305798252581414,16.49901773497863,68.93382352941177,0.5592072991268517,339.76666666666665,17.651256357421428,63.462338743237616,0.4970087436723424,289.73333333333335
2025,P009846   ,HTA,1008.4833333333333,488.64,542,353,131,700,2784.72,6800.0,34,23.663428308540933,65.9945451003312,0.6941116197590441,23.614362046865324,66.07616521409625,0.6782437745740498,508.6666666666667,23.719513372185414,65.90817963111468,0.7102604288239021,499.81666666666666
2025,P009849   ,OLY,994.8333333333334,603.4399999999999,646,461,151,573,3245.4,7675.0,38,28.689561749695788,61.23919308357348,0.575975875356006,27.181278399651745,58.51922512474317,0.5500810777098665,534.4666666666667,30.43336549767747,64.14783427495291,0.60603866483238,460.3666666666667
2025,P009862   ,BAR,1001.1833333333333,523.12,550,406,123,494,3067.7200000000003,7500.0,37,25.548373367559368,59.767017299834826,0.4934161242529673,25.297484750407666,66.3265306122449,0.602276461625788,557.8833333333333,25.847095041814608,51.62672900837717,0.35641777577261446,443.3
2025,P009863   ,ULK,942.1333333333333,558.0799999999999,521,398,157,606,3074.32,7400.0,37,28.51653370531826,55.77203048728269,0.6432210585904331,27.93732347884015,49.65201154303175,0.5750594583081893,469.51666666666665,29.089673003190462,62.00311095748358,0.7109355714638361,472.6166666666667
2025,P009877   ,HTA,0.0,0.0,0,0,0,0,243.16,625.0,3,,,,,,,0.0,,,,0.0
2025,P009948   ,BAR,246.41666666666669,83.0,57,65,0,42,2649.56,6500.0,32,16.526375168127274,43.84615384615385,0.17044301657084882,17.005817518891597,44.23076923076923,0.18599562363238512,91.4,16.332144679967033,43.58974358974359,0.16127298139984947,155.01666666666668
2025,P009992   ,BAR,561.65,321.2,330,275,30,224,2993.8,7300.0,36,27.88944328085456,57.25190839694657,0.3988248909463189,26.356774394719732,60.81989247311827,0.4466338259441708,304.5,29.70769034700548,53.44332855093256,0.34221271631343575,257.15
2025,P010035   ,BAS,168.23333333333332,21.32,19,17,3,25,2750.52,6500.0,32,5.989681030424304,51.85589519650655,0.1486031305726174,5.346820782662338,37.5,0.10014836795252226,89.86666666666666,6.726848101950921,62.984496124031004,0.20416843896214376,78.36666666666667
2025,P010042   ,PAM,700.8333333333334,436.68,438,343,122,526,2822.16,6425.0,32,28.370699741812356,55.20822829484723,0.7505350772889416,27.352756217886103,58.84660651235778,0.8081260068015036,372.46666666666664,29.563948577534237,51.359203154181365,0.6852096233884885,328.3666666666667
2025,P010105   ,MAD,9.316666666666666,2.0,2,1,0,-2,257.88,600.0,3,9.989253228401779,100.0,-0.21466905187835422,18.287832190851816,100.0,-0.189873417721519,5.266666666666667,0.0,,-0.2469135802469136,4.05
2025,P010106   ,BAR,5.266666666666667,3.0,0,2,0,-2,79.28,200.0,1,28.739669685396414,0.0,-0.379746835443038,28.739669685396414,0.0,-0.379746835443038,5.266666666666667,,,,
2025,P010162   ,PAM,42.3,6.0,0,4,0,4,1647.88,3675.0,18,6.326632955611827,0.0,0.09456264775413713,8.218805961061685,0.0,0.036607687614399025,27.316666666666666,2.9573777916913673,0.0,0.20022246941045607,14.983333333333333
2025,P010316   ,ASV,549.3,215.0,186,182,25,105,2973.56,7050.0,35,18.559713484014427,48.18652849740933,0.19115237575095578,19.610886826430654,49.86444616576297,0.19214802514529714,281.0333333333333,17.458457244388395,46.25501560410165,0.1901093439363817,268.26666666666665
2025,P010318   ,IST,219.7,81.6,90,60,15,93,1511.3600000000001,3875.0,19,19.045565859783576,67.56756756756758,0.42330450614474285,18.444829871644433,69.17631917631918,0.4448967723175342,114.63333333333333,19.72429902062706,66.1599099099099,0.399746192893401,105.06666666666666
2025,P010319   ,ASV,572.2333333333333,200.56,209,153,24,223,3041.36,7200.0,36,16.594563405325324,63.89092687698704,0.38970117085105144,15.044182701343418,62.76997840172786,0.3504394669690955,293.9166666666667,18.224100453153813,64.81895395619132,0.43116354272710944,278.31666666666666
2025,P010390   ,MCO,607.6666666666666,201.76,220,150,54,252,2985.68,7050.0,35,15.679980165847928,63.30570902394107,0.41470104223806914,17.388540787225548,65.58028616852147,0.4547395388556789,312.26666666666665,13.88406959381447,60.17505470459518,0.37237643872714965,295.4
2025,P010391   ,IST,1065.55,312.6,285,225,65,406,3070.64,7725.0,38,14.760963999133319,56.19085173501578,0.38102388437895923,15.334657631249828,60.04190844616377,0.38954519594391085,498.01666666666665,14.254279431253714,52.50154416306361,0.37354634089040295,567.5333333333333
2025,P010392   ,OLY,20.933333333333334,8.0,2,6,0,0,1189.88,2825.0,14,18.14666746890282,16.666666666666668,0.0,21.17139301212969,0.0,-0.4562737642585551,8.766666666666667,15.977530546515634,25.0,0.3287671232876712,12.166666666666668
2025,P010393   ,PAM,778.6166666666667,264.0,260,201,25,351,3386.7200000000003,7675.0,38,15.367715731943386,61.320754716981135,0.4507994948305756,15.088976058170152,59.13773368943151,0.46017699115044247,395.5,15.6552593134417,63.45651362448675,0.4411188932875103,383.1166666666667
2025,P010431   ,PRS,566.8166666666667,164.16,168,133,14,185,2931.12,6400.0,32,12.647395581901215,60.36217303822938,0.3263841924196536,12.171994392977712,57.71319934818034,0.3361984550103362,306.3666666666667,13.216247398513033,63.339438339438345,0.31483970051833365,260.45
2025,P010444   ,PAM,569.9833333333333,203.32,222,157,53,266,3017.0,6850.0,34,16.198067380063513,61.55723158828749,0.46668031228983303,15.837753526209937,69.31608133086876,0.5993299416801092,268.6333333333333,16.522661202726734,54.39419795221843,0.3484320557491289,301.35
2025,P010465   ,ASV,365.56666666666666,214.24,230,145,96,268,1256.76,3000.0,15,27.979044030348902,61.418500320444345,0.7331084161575636,30.542250357212623,59.03255387436956,0.6663845991114872,157.56666666666666,26.03578653419904,63.5,0.7836538461538461,208.0
2025,P010545   ,PAM,475.76666666666665,181.72,179,124,63,235,3206.0,7275.0,36,17.334375192174306,58.99024518850514,0.4939396062495621,18.854904615347728,56.711880261927035,0.5236033807462379,242.54999999999998,15.723221035008832,61.933534743202415,0.4630886872007432,233.21666666666667
2025,P010550   ,HTA,137.25,53.72,46,42,13,43,1570.08,3825.0,19,19.07055378195201,48.197820620285,0.3132969034608379,19.77047316220598,51.99306759098787,0.38461538461538464,65.0,18.456309170135476,44.64285714285714,0.2491349480968858,72.25
2025,P010568   ,HTA,760.85,362.44,367,283,51,442,3134.52,7650.0,38,23.251847309885555,60.077265584075434,0.5809292238943287,23.674928971701075,57.47126436781609,0.5208473890163271,370.55,22.844836337795307,62.696953781512605,0.6379707916986933,390.3
2025,P010581   ,PAR,702.5166666666667,233.92000000000002,252,201,43,255,3080.36,7500.0,37,16.2143859805051,57.29356129501637,0.3629807122013713,17.79090464584067,61.16936765173181,0.43722729521838877,370.51666666666665,14.509417158482972,52.10548702679711,0.28012048192771083,332.0
2025,P010750   ,PAM,279.23333333333335,122.75999999999999,94,77,29,102,2394.56,5475.0,27,20.103793500116318,52.361853832442065,0.36528590187417925,20.07425176425671,55.65449688334817,0.38649648097339856,139.71666666666667,20.14651099207315,49.06333630686886,0.34404491697527173,139.51666666666668
2025,P010781   ,TEL,390.2,181.92,176,135,43,198,1380.52,3225.0,16,21.78262395811216,57.17255717255717,0.5074320861096874,21.3710997659218,49.484815618221255,0.46161916418954363,190.63333333333333,22.18493077594046,64.24650698602795,0.5511942542174711,199.56666666666666
2025,P010788   ,BAS,0.0,0.0,0,0,0,0,77.72,200.0,1,,,,,,,0.0,,,,
2025,P011051   ,VIR,511.1,218.0,229,171,50,221,2581.08,6200.0,31,20.49136231012693,59.32642487046632,0.4324007043631383,20.600026828445074,59.49630314232902,0.36134453781512604,238.0,20.391043215879762,59.18827508455468,0.4943244232881728,273.1
2025,P011052   ,HTA,144.26666666666665,63.480000000000004,48,51,17,44,2068.0,5050.0,25,21.490264464760084,41.03967168262653,0.3049907578558226,24.814485227341255,40.84014002333722,0.40873854827343203,70.94999999999999,18.422458976317525,41.32231404958678,0.2045919527165265,73.31666666666666
2025,P011064   ,MIL,253.98333333333332,119.96000000000001,93,92,9,70,2536.64,6250.0,31,23.27461013038683,48.4576907044602,0.27560863573725314,22.25181688247107,43.23499491353001,0.17639276789651623,113.38333333333334,24.111295548315063,52.083333333333336,0.3556187766714083,140.6
2025,P011078   ,PAM,731.6833333333333,339.8,364,280,45,405,3386.7200000000003,7675.0,38,21.048894885527382,60.70713809206137,0.5535181430946904,20.374498228043638,56.46258503401361,0.4702281580411798,359.4,21.716936923866907,64.79057591623037,0.6339257733804898,372.2833333333333
2025,P011085   ,PAN,341.3833333333333,139.56,152,120,24,121,2490.48,6000.0,30,19.697759642364563,58.21078431372549,0.35444026753893476,20.778442668330285,54.31937172774869,0.32674571805006586,189.75,18.291429317616974,63.70014771048745,0.3890965047263135,151.63333333333333
2025,P011157   ,HTA,497.9,241.88,288,169,77,286,2972.6,7250.0,36,23.696781410268688,70.97791798107255,0.5744125326370757,23.150218826863362,69.28796755295177,0.4555129842486164,234.9,24.170026544228424,72.29232386961094,0.6806083650190115,263.0
2025,P011193   ,TEL,738.3333333333334,324.96,270,224,34,336,3389.08,7675.0,38,19.934437683148648,56.494810847003684,0.455079006772009,19.56109194351645,52.82348541510846,0.3625795737614171,361.3,20.29148327188498,59.46969696969697,0.5437185041110423,377.03333333333336
2025,P011194   ,DUB,892.8833333333333,380.24,440,263,171,584,3198.48,7650.0,38,20.37093092871887,65.04257332071901,0.6540608142161163,21.256729989728385,61.89511591267162,0.6370117792932424,430.1333333333333,19.543693711874912,68.52728631946175,0.6699081577525662,462.75
2025,P011196   ,OLY,518.2666666666667,168.92,240,121,68,397,3157.28,7475.0,37,15.433196636637573,79.51232441028358,0.7660149215333162,15.186086503698425,79.63062098501071,0.7436768591921481,264.9,15.69870081764726,79.39632545931758,0.7893698197605578,253.36666666666667
2025,P011199   ,MIL,560.2166666666667,218.76,265,145,104,357,2133.76,5200.0,26,19.032667449790317,69.4590060809394,0.6372534436081277,18.835902207639094,72.87705956907477,0.6878338635135947,277.68333333333334,19.235267639551214,66.09075770191507,0.5875412930627654,282.53333333333336
2025,P011201   ,IST,435.1333333333333,212.8,186,164,45,131,2837.92,7125.0,35,24.556359664612234,50.59847660500544,0.3010571472345641,23.80068012758425,46.19445666520018,0.256542572797641,226.08333333333334,25.377948548094032,54.90956072351421,0.3491987562784023,209.05
2025,P011204   ,PAN,851.5,263.12,258,207,48,298,2978.88,7200.0,36,14.937526599474037,56.54918463966333,0.3499706400469759,13.885392563495026,54.448994787788536,0.3571145147210539,420.03333333333336,15.99856132736353,58.418959231024196,0.3430160692212608,431.46666666666664
2025,P011205   ,ULK,753.6666666666666,298.04,266,212,66,276,2487.24,6000.0,30,19.07914021471651,55.17756388981082,0.36620964175143744,18.0650821502632,52.456083279115155,0.3463541666666667,384.0,20.14379922709289,58.01151761517615,0.38683498647430115,369.6666666666667
2025,P011209   ,PAN,127.98333333333333,28.32,26,24,3,26,2483.72,6000.0,30,10.691002802829184,51.342812006319114,0.20315145201198073,13.332251173319928,45.955882352941174,0.1666245897500631,66.01666666666667,7.830708556596815,61.111111111111114,0.24206562668101128,61.96666666666667
2025,P011212   ,MCO,947.25,454.4,427,361,85,462,3161.0,7450.0,37,22.611818005951225,53.58935742971888,0.48772763262074426,22.86482579750972,50.71299457722434,0.44790582492911746,464.3833333333333,22.37094341656226,56.464565348323625,0.5260251277095126,482.8666666666667
2025,P011214   ,RED,86.0,35.28,41,27,12,38,721.88,1650.0,8,18.753358478700964,63.506815365551425,0.4418604651162791,19.78762308854253,60.74168797953964,0.3094010313367711,42.016666666666666,17.798565441903534,66.10576923076923,0.5683971201212581,43.983333333333334
2025,P011217   ,PAM,800.1333333333333,360.76,402,279,79,466,3052.88,6875.0,34,20.30715011767843,64.0617032126466,0.5824029328445259,21.314452248335733,61.227120391853575,0.549163179916318,382.4,19.369241075881188,66.83480453972257,0.6128311522502393,417.73333333333335
2025,P011218   ,OLY,2.0166666666666666,0.0,0,0,0,0,86.2,200.0,1,0.0,,0.0,,,,,0.0,,0.0,2.0166666666666666
2025,P011219   ,TEL,870.45,474.2,513,384,105,536,3389.08,7675.0,38,24.67426809865007,59.6234309623431,0.6157734505141018,24.48704417354786,58.08908600077131,0.5771732702542874,422.75,24.850260252277984,61.052253546417674,0.6522224704042886,447.7
2025,P011221   ,OLY,22.683333333333334,5.88,6,4,2,9,1263.08,3000.0,15,12.313764492087348,61.47540983606557,0.3967670830271859,0.0,,0.16216216216216214,6.166666666666667,16.815305359572186,61.47540983606557,0.484359233097881,16.516666666666666
2025,P011226   ,MCO,1064.0666666666666,422.36,454,339,94,528,3244.04,7650.0,38,18.720574526881204,59.68030287096435,0.4962095106822881,17.67492166770938,65.69304857621441,0.5039958000349998,571.4333333333333,19.935066124066164,53.61293048806254,0.48717775221598214,492.6333333333333
2025,P011231   ,MCO,870.9833333333333,321.72,365,256,88,394,3244.04,7650.0,38,17.42101463645519,61.92318132464712,0.45236227252722017,17.444490877941217,65.07663847780127,0.4880414909891422,446.68333333333334,17.400112813470567,58.59374999999999,0.4148008484562809,424.3
2025,P011244   ,MUN,557.0,193.84,216,151,36,271,2964.64,7200.0,36,16.903581585389993,64.73267801486453,0.4865350089766607,17.216876785921055,59.017439387494676,0.4142111466576865,296.95,16.52246432576328,72.11538461538461,0.5691213228225341,260.05
2025,P011247   ,MAD,518.2166666666667,201.32,207,159,28,201,2771.64,6600.0,33,18.501743511447227,60.41326173243054,0.38786865210819155,19.370232105728537,71.91927866036926,0.45866164882982474,283.43333333333334,17.499776854504706,46.699078812691916,0.30240647405409243,234.78333333333333
2025,P011284   ,PAN,410.6,176.64,185,122,56,243,2380.04,5800.0,29,20.967364455384192,63.0796508456083,0.5918168533852898,21.223657345166266,63.23673870333988,0.6030150753768845,208.95,20.688495986974083,62.88343558282208,0.5802132407636995,201.65
2025,P011286   ,DUB,852.0333333333333,512.08,469,389,132,404,2430.96,5850.0,29,28.926059651859507,52.45146282544511,0.47415985290090373,29.32718347682736,52.67149839878645,0.4763365805016492,434.56666666666666,28.50550593002452,52.202517162471395,0.4718939635899073,417.4666666666667
2025,P011305   ,RED,146.26666666666668,69.19999999999999,51,55,5,21,981.48,2250.0,11,21.691610114303217,44.58041958041958,0.14357338195077482,23.989739342824983,47.60609357997824,0.2154171066525871,78.91666666666667,19.0673351451586,39.138943248532286,0.059391239792130665,67.35
2025,P011442   ,PAN,80.33333333333333,27.32,34,23,3,36,1165.48,2800.0,14,16.34060413126314,69.90131578947368,0.44813278008298757,15.615061281728813,64.76683937823834,0.3913043478260869,53.66666666666667,17.801089045483664,78.82882882882882,0.5625,26.666666666666668
2025,P011686   ,RED,0.85,0.0,0,0,0,0,505.15999999999997,1200.0,6,0.0,,0.0,0.0,,0.0,0.85,,,,0.0
2025,P011816   ,VIR,267.3,60.64,67,50,6,86,2422.04,5800.0,29,10.865179657694322,63.63981762917933,0.3217358772914328,10.88041062528039,72.71468144044321,0.43977522599560226,136.43333333333334,10.858638178633718,52.609427609427605,0.1986754966887417,130.86666666666667
2025,P011823   ,HTA,314.98333333333335,84.0,99,63,25,115,2729.88,6650.0,33,12.992711514487741,66.89189189189189,0.36509868246997196,13.188345940799138,66.6243654822335,0.39939713639789,132.7,12.805608647130272,67.09039548022598,0.3401298345067203,182.28333333333333
2025,P011836   ,MUN,828.1833333333333,352.6,354,295,40,339,3059.84,7425.0,37,20.662532876098368,56.62188099808061,0.4093296572820028,21.9215455157295,57.00428319475939,0.43093922651933697,392.1666666666667,19.5254405910435,56.2272490899636,0.38989335270058484,436.01666666666665
2025,P011927   ,ZAL,705.5,255.64,265,209,56,248,3189.0,7650.0,38,17.38476011288805,56.71117959253553,0.35152374202693126,16.34567159150513,57.55395683453237,0.4011746103456065,368.9166666666667,18.513705014850625,55.94576935641947,0.29710324337707356,336.5833333333333
2025,P011935   ,MCO,37.483333333333334,21.28,31,14,12,38,785.24,1825.0,9,26.38905684489775,80.39419087136929,1.0137839039573144,28.81023212350047,81.5217391304348,1.343784994400896,14.883333333333333,24.760313808281794,79.36507936507937,0.7964601769911503,22.6
2025,P011948   ,BAS,474.81666666666666,246.44,239,207,26,159,2034.44,4675.0,23,23.853492223316366,54.706097784288595,0.33486608866580087,24.541950758541567,53.78585723815877,0.35870222341640357,248.11666666666667,23.084010128943167,55.8262281770199,0.30877812086457873,226.70000000000002
2025,P011949   ,PRS,285.2833333333333,89.24,101,67,21,90,2024.0,4400.0,22,13.600514108780747,66.23819517313747,0.3154758427294503,11.495130884853175,86.0023724792408,0.35797149486244617,150.85,16.028690270427038,50.56444026340545,0.26779072650632285,134.43333333333334
2025,P011980   ,MIL,81.53333333333333,30.88,31,30,2,17,1185.16,2850.0,14,18.215452491284488,50.19430051813472,0.20850367947669665,17.400817915779008,44.44444444444444,0.16042780748663102,24.933333333333334,18.558446383223437,52.55941499085923,0.22968197879858657,56.6
2025,P011980   ,PAM,28.933333333333334,13.0,6,13,0,3,271.4,600.0,3,19.86626775653804,23.076923076923077,0.10368663594470046,25.749458248087926,16.666666666666668,-0.1900739176346357,15.783333333333333,12.910972389885544,37.5,0.45627376425855515,13.15
2025,P011981   ,OLY,198.2,77.03999999999999,92,46,41,140,1144.24,2675.0,13,18.17394796897167,71.83010618363524,0.7063572149344097,17.995721769306677,79.75638051044082,1.0285714285714285,96.25,18.398391908944493,62.58457374830852,0.40215792054928884,101.95
2025,P011981   ,PAR,401.3,160.12,181,112,48,276,1488.1200000000001,3600.0,18,19.305051502542547,67.98377403846153,0.6877647645153252,19.300041438419775,72.46376811594203,0.7569721115537849,200.8,19.31026908554368,63.54665071770335,0.6184538653366584,200.5
2025,P011982   ,RED,873.5166666666667,262.68,273,204,72,294,3355.52,7675.0,38,13.75638620646618,57.91751527494908,0.3365705672473336,14.478137663377694,62.10403467822607,0.3814101321756657,429.98333333333335,13.070436216922191,53.577601106118216,0.29310085675635056,443.5333333333333
2025,P011983   ,ZAL,552.0333333333333,216.44,182,190,26,124,3112.44,7450.0,37,18.769707428615174,45.17474185861795,0.22462411690115333,18.977382995194585,49.22945205479452,0.2841507051147127,316.73333333333335,18.56977394447302,39.57939508506616,0.14449638759031025,235.3
2025,P011987   ,VIR,915.2666666666667,708.76,623,571,104,395,2990.28,7200.0,36,37.29084199446165,50.50586938193138,0.4315682132711778,38.3477178730568,50.17569941884039,0.4167786007598726,434.2833333333333,36.35398244394831,50.81047381546134,0.4449218614643612,480.98333333333335
2025,P012044   ,RED,269.1166666666667,118.92,65,81,18,38,2570.4,5875.0,29,20.200004198124407,36.54970760233918,0.14120270019198614,21.07695323112933,33.09572301425662,0.056933712891419276,122.95,19.457994735787114,39.28283642224013,0.21208665906499433,146.16666666666666
2025,P012080   ,BAS,914.7666666666667,573.08,657,441,157,590,3093.32,7300.0,36,29.568747424934628,64.40166248431619,0.6449732172138615,30.034530091093497,63.05372963703915,0.6472361809045226,497.5,29.100297359269717,66.04101494612443,0.6422751238216968,417.26666666666665
2025,P012096   ,DUB,140.03333333333333,45.72,69,35,13,77,1189.6,2850.0,14,15.644031979448325,84.72495088408644,0.5498690787907641,14.94204590099177,67.11409395973155,0.352760736196319,65.2,16.473004962592224,98.51138353765324,0.7216035634743876,74.83333333333333
2025,P012167   ,PAR,9.4,0.0,0,0,0,0,1995.48,4900.0,24,0.0,,0.0,,,,0.0,0.0,,0.0,9.4
2025,P012185   ,ZAL,0.0,0.0,0,0,0,0,78.6,200.0,1,,,,,,,0.0,,,,
2025,P012201   ,RED,912.4166666666666,420.28,481,276,187,638,3104.36,7075.0,35,20.995676610573007,67.12626995645864,0.6992419399031875,21.22499368778306,70.43853669620542,0.7678041543026707,449.3333333333333,20.785572896453694,63.92669007901668,0.6327154939715675,463.0833333333333
2025,P012268   ,ASV,176.88333333333333,71.52,27,58,8,8,2201.44,5250.0,26,19.285150734569346,21.94408322496749,0.04522755111655517,22.560586730154004,22.977941176470587,0.009468202619536058,105.61666666666667,14.61597833981943,19.444444444444443,0.09822263797942002,71.26666666666667
2025,P012336   ,TEL,0.0,0.0,0,0,0,0,258.92,600.0,3,,,,,,,,,,,0.0
2025,P012365   ,BAS,10.216666666666667,3.0,2,3,0,0,681.56,1625.0,8,14.00203946286932,33.333333333333336,0.0,11.124595469255663,50.0,0.11650485436893203,8.583333333333334,29.157990139739663,0.0,-0.6122448979591837,1.6333333333333333
2025,P012403   ,PRS,652.6166666666667,169.44,175,115,51,268,3472.92,7600.0,38,11.363355422060826,63.664144353899886,0.41065454452588296,11.179033540427879,67.43327654741624,0.4187952050983764,329.51666666666665,11.55364917448525,59.701492537313435,0.4023522129371711,323.1
2025,P012515   ,MCO,223.38333333333333,41.519999999999996,53,34,8,87,3003.6,7050.0,35,8.725364822974948,70.62899786780383,0.389465045139148,7.8077835844840875,72.96954314720813,0.37524687294272546,101.26666666666667,9.468116328581111,68.93382352941175,0.40125562986215363,122.11666666666667
2025,P012585   ,VIR,677.8166666666667,398.6,458,287,140,416,2821.8,6800.0,34,28.34247225780335,65.69133677567412,0.6137352774840787,28.672479587763924,62.24877177311299,0.5575676706061761,349.73333333333335,28.02655707349379,69.3297144205806,0.6736093472186945,328.0833333333333
2025,P012593   ,MIL,912.7833333333333,310.68,296,218,72,406,2945.72,7250.0,36,16.754139750734456,59.275873117590514,0.4447933974838863,17.358521731644174,62.26053639846743,0.4348781023500988,455.3,16.14858638683395,56.270096463022504,0.45466137199897994,457.48333333333335
2025,P012597   ,MUN,146.86666666666667,72.84,60,58,11,50,738.64,1800.0,9,24.172211037802345,47.740292807129215,0.3404448479346346,23.612788091771584,54.34782608695652,0.351288056206089,85.4,24.92612836202726,39.45480631276901,0.32537960954446854,61.46666666666667
2025,P012606   ,DUB,1122.95,465.76,482,333,129,597,3198.48,7650.0,38,19.840360544204753,61.83292282430214,0.5316354245514048,21.239488879642572,64.67941507311586,0.6164753950609866,554.7666666666667,18.45340571901349,58.39002267573696,0.4487988032031915,568.1833333333333
2025,P012608   ,PAN,595.05,316.52,287,240,83,283,3162.04,7600.0,38,25.569599518817647,51.894980471575295,0.4755902865305437,25.35295162036743,51.89393939393939,0.45639298571594467,287.03333333333336,25.794616685548956,51.89593135898145,0.49347979005465076,308.01666666666665
2025,P012609   ,HTA,961.1666666666666,231.28,263,197,37,331,3134.52,7650.0,38,11.745182334175457,61.65603900975244,0.3443731576209468,12.693646071701798,61.24913733609386,0.32971506105834464,491.3333333333333,10.78937399184777,62.1405094494659,0.3597020219936148,469.8333333333333
2025,P012610   ,OLY,635.4666666666667,246.0,228,179,75,261,2745.92,6475.0,32,18.256781614496067,53.77358490566038,0.41072177926982795,19.08416504562057,54.99075785582255,0.4244827955836638,310.9666666666667,17.456354102869696,52.50481695568401,0.3975346687211094,324.5
2025,P012611   ,PRS,591.1666666666666,256.76,272,223,29,180,3379.48,7400.0,37,19.02082122599664,57.68578215134035,0.30448266140400343,20.279737148328408,56.997418984800696,0.32195884344881476,319.9166666666667,17.449359264807192,58.68300789364354,0.2838709677419355,271.25
2025,P012612   ,PRS,94.85,21.32,16,13,3,24,1188.64,2600.0,13,9.833381029039412,55.865921787709496,0.2530311017395888,12.734389897019657,75.18796992481202,0.15756302521008403,31.733333333333334,8.381841299613805,44.44444444444444,0.30102983892263,63.11666666666667
2025,P012613   ,ULK,589.5833333333334,172.68,172,132,47,159,2566.64,6200.0,31,14.149906453986562,56.326958344249405,0.2696819787985866,15.396424969382865,52.17684021543985,0.23108578664134216,315.90000000000003,12.692311032700712,62.14600377595972,0.31423177638389865,273.68333333333334
2025,P012618   ,ASV,538.9666666666667,187.56,148,135,24,151,3057.88,7250.0,36,16.5015933871394,50.83814234679857,0.28016574927330073,16.854768732897757,56.032097399003874,0.3269147421212309,269.18333333333334,16.15291057539575,45.71506550218341,0.23352072650892688,269.78333333333336
2025,P012640   ,PRS,823.8833333333333,703.96,699,525,209,650,3384.08,7400.0,37,37.368301586203955,56.64872925311203,0.7889466550684765,37.55468144065548,54.112554112554115,0.7666379242768676,425.23333333333335,37.157454369417515,59.44270336558114,0.8127430076508215,398.65
2025,P012687   ,VIR,822.5333333333333,252.72,268,170,63,415,3153.6,7600.0,38,14.808909772015182,67.77260772810034,0.504538823147998,13.782929029608285,67.79307467667918,0.5007884918650717,433.31666666666666,15.946133574332064,67.75333857030635,0.5087140838436176,389.21666666666664
2025,P012710   ,IST,879.65,390.56,391,285,74,409,2917.16,7325.0,36,22.297451596705884,61.563169164882225,0.4649576536122321,22.36768508644912,59.72189208462087,0.4353215691993583,457.1333333333333,22.21875717510309,63.638799571275456,0.4970218137351584,422.51666666666665
2025,P012712   ,PAN,977.6833333333333,282.68,318,242,47,497,3162.04,7600.0,38,13.898665386740932,60.529922338967566,0.5083445560082508,14.653588473929883,53.13455657492354,0.46491697911087304,466.75,13.207112813451374,67.86472550803761,0.5480167014613778,510.93333333333334
2025,P012720   ,PAR,1040.9166666666667,511.72,507,409,63,408,3084.32,7500.0,37,23.90827584583211,58.04634548452097,0.3919622127932111,22.80409744967214,55.028370181960476,0.3196245679677839,525.6166666666667,25.00488605362227,60.70260030997073,0.4657481078983117,515.3
2025,P012731   ,ASV,756.8,269.48,246,194,67,328,2705.84,6450.0,32,16.9759080023545,55.038482190800075,0.4334038054968288,15.893181980534917,60.28938906752411,0.4449658524322286,397.78333333333336,18.182606502358006,49.76685796269727,0.42059328721972056,359.01666666666665
2025,P012738   ,PAM,723.4833333333333,317.12,410,247,98,434,3386.7200000000003,7675.0,38,19.866629351867584,70.6604163794292,0.5998756018337211,18.679786458312325,73.83496586524191,0.671483212919677,352.95,21.024721471469313,67.90679711637486,0.5316660669305505,370.53333333333336
2025,P012742   ,IST,570.5333333333333,311.48,252,252,42,185,2105.96,5275.0,26,27.349631836012787,46.58385093167701,0.32425800420659034,28.898393249335335,52.1875,0.4252657911194496,319.8,25.46739277630326,38.46850108616944,0.19542674820526454,250.73333333333335
2025,P012745   ,PAR,288.6333333333333,131.36,116,110,19,76,1557.08,3800.0,19,22.213619101303426,49.00304156809733,0.263309851022058,22.325094463055947,39.589442815249264,0.1734968591085851,167.15,22.16016363785497,61.802232854864435,0.38688434627520923,121.48333333333333
2025,P012774   ,PAN,919.4833333333333,568.48,588,438,92,521,2599.24,6200.0,31,29.494879888661828,61.444574485871925,0.5666225597708858,28.87331922561027,61.228164955879706,0.5846298915605846,424.2,30.05923781872231,61.63207988765798,0.5511996500319682,495.28333333333336
2025,P012788   ,HTA,885.35,412.08,509,308,107,611,3134.52,7650.0,38,22.71888069110416,71.67398896023431,0.6901225504037951,20.888219873321987,71.20253164556962,0.6326363409681901,467.8833333333333,24.751179621918368,72.08010065003145,0.7545512615777706,417.4666666666667
2025,P012795   ,DUB,774.8833333333333,183.08,202,148,32,209,2864.96,6850.0,34,11.29813053626246,62.314906219151034,0.2697180220678382,10.031634696815964,59.88023952095808,0.24705270457697645,384.5333333333333,12.557090165040744,64.33408577878104,0.2920456001024721,390.35
2025,P012796   ,DUB,800.95,437.48,511,350,117,625,3030.44,7250.0,36,26.134555031240748,63.639533725216694,0.7803233660028716,27.344077568651134,63.927897715363656,0.8018673623506797,364.15,25.142903913259207,63.378275731105205,0.7623626373626373,436.8
2025,P012878   ,ZAL,881.65,441.52,500,327,133,660,3189.0,7650.0,38,24.0265315413101,64.84747873002698,0.7485963817841548,23.48903767929438,65.84652070236288,0.7532418718286036,443.4166666666667,24.55719989343781,63.930348258706466,0.7438959458431581,438.23333333333335
2025,P012885   ,BAR,51.56666666666666,16.88,15,12,2,15,777.72,1875.0,9,15.78379325095972,58.22981366459627,0.2908855850032321,19.62045929350459,69.79695431472081,0.6219765031098825,24.116666666666667,12.369475527169378,40.0,0.0,27.45
2025,P012925   ,MIL,0.0,0.0,0,0,0,0,242.88,600.0,3,,,,,,,0.0,,,,0.0
2025,P012934   ,RED,0.0,0.0,0,0,0,0,83.36,200.0,1,,,,,,,0.0,,,,
2025,P012943   ,PAR,12.200000000000001,2.0,0,1,0,-6,1005.16,2425.0,12,7.910004051226816,0.0,-0.4918032786885245,13.903461776602885,0.0,-0.8490566037735849,7.066666666666666,0.0,,0.0,5.133333333333333
2025,P012948   ,RED,0.0,0.0,0,0,0,0,427.92,1000.0,5,,,,,,,0.0,,,,0.0
2025,P012977   ,ZAL,18.15,6.0,5,5,0,9,682.24,1600.0,8,15.5055587428093,50.0,0.49586776859504134,,,,0.0,15.4475940372287,50.0,0.49586776859504134,18.15
2025,P012997   ,PAR,10.95,1.88,1,1,2,0,1304.92,3200.0,16,8.420537545505685,26.595744680851066,0.0,9.16489653691019,56.81818181818182,0.4195804195804196,4.766666666666667,7.837415429389133,0.0,-0.32345013477088946,6.183333333333334
2025,P013013   ,RED,0.0,0.0,0,0,0,0,245.8,600.0,3,,,,,,,0.0,,,,0.0
2025,P013016   ,ASV,0.0,0.0,0,0,0,0,173.56,400.0,2,,,,,,,0.0,,,,0.0
2025,P013027   ,VIR,25.333333333333336,8.0,6,8,0,3,995.8,2400.0,12,15.221826407754675,37.5,0.11842105263157894,12.466118869786042,0.0,-0.5128205128205128,7.800000000000001,16.300148766024403,50.0,0.3992395437262357,17.533333333333335
2025,P013028   ,VIR,49.516666666666666,13.0,4,6,0,-6,607.28,1400.0,7,12.104894363513347,33.333333333333336,-0.12117132278694043,15.926215612646121,33.333333333333336,-0.14950166112956811,20.066666666666666,9.463948173842475,33.333333333333336,-0.10186757215619695,29.45
2025,P013269   ,BAR,511.48333333333335,119.48,111,103,17,111,3075.84,7500.0,37,11.391770990423069,50.23533671252715,0.21701586887809965,8.683371054564182,50.33557046979866,0.20713463751438435,217.25,13.404410292399938,50.187366167023555,0.22431177070352326,294.23333333333335
2025,P013283   ,HTA,21.35,4.0,3,2,0,2,1173.8799999999999,2850.0,14,9.097315661451857,75.0,0.09367681498829039,0.0,,-0.14018691588785048,7.133333333333333,13.87320419865447,75.0,0.21101992966002345,14.216666666666667
2025,P013284   ,HTA,883.4166666666666,172.6,163,156,15,175,3134.52,7650.0,38,9.536644387592256,50.1230012300123,0.1980945193849637,10.46396450849909,51.089918256130794,0.22905048841648265,445.31666666666666,8.623257376406697,48.98013955984971,0.16662862360191735,438.1
2025,P013289   ,TEL,520.4333333333333,234.88,256,152,102,221,3389.08,7675.0,38,20.44125201100732,65.0142218610321,0.42464612822647796,19.037897878002603,67.92183031458532,0.3379174852652259,254.5,21.782528532020546,62.85410764872521,0.507646026573076,265.93333333333334
2025,P013290   ,MUN,714.9333333333333,268.64,304,231,31,291,3055.88,7425.0,37,18.259769462270782,62.13211249182473,0.40703095859753824,17.646036705634835,59.86509274873525,0.3595424005810786,367.1333333333333,18.905840373550078,64.26531259917486,0.45715928694652097,347.8
2025,P013304   ,TEL,103.01666666666667,34.96,46,26,9,46,1288.4,2850.0,14,15.013711637263969,76.7690253671562,0.44652968775279084,12.249768698831902,71.54882154882155,0.2427511800404585,49.43333333333334,17.644248970208565,80.19911504424779,0.6345256609642301,53.583333333333336
2025,P013363   ,RED,897.8166666666666,552.2,565,422,130,534,2922.28,6675.0,33,28.0975322935559,58.95242070116861,0.5947762163767659,27.361823490591146,62.20636854010788,0.6347287290312831,441.1333333333333,28.796892869833034,55.952189956682176,0.5561840808729608,456.68333333333334
2025,P013367   ,BAS,644.5333333333333,286.68,293,196,122,392,2552.36,5900.0,29,20.563265864167843,58.67510413329061,0.6081919735208937,21.0714995230362,52.490234375,0.5191315563198624,310.1333333333333,20.093153392118495,64.66876971608833,0.6907894736842106,334.4
2025,P013369   ,PAR,420.96666666666664,230.84,231,177,61,251,1264.32,3075.0,15,26.673589603131678,56.66208791208791,0.5962467337081321,26.66931661333577,57.198660714285715,0.6333757580294976,222.61666666666667,26.666301451017944,56.06312292358805,0.5545752457776657,198.35
2025,P013370   ,PAR,504.4,340.2,343,278,55,254,1972.2,4800.0,24,32.830652171448,56.750496360026474,0.5035685963521015,33.41347224548482,57.38255033557047,0.5136713565171224,251.13333333333333,32.184815725856474,56.13577023498695,0.49355093445643594,253.26666666666665
2025,P013371   ,ASV,548.6333333333333,249.92,225,187,68,258,2644.2,6250.0,31,21.534487171008497,51.86243776507468,0.4702594325293153,20.566273818323005,50.88949709202873,0.4773138750205738,303.78333333333336,22.73876919142801,53.0,0.4615070451296712,244.85
2025,P013373   ,PRS,503.56666666666666,123.03999999999999,112,99,16,164,3295.68,7200.0,36,10.67595669774272,52.810260279139946,0.3256768385516648,12.311442100865705,56.31345177664975,0.43787059360135533,255.78333333333333,8.951325205170823,47.674418604651166,0.20986076545368937,247.78333333333333
2025,P013374   ,VIR,611.65,256.0,264,174,75,345,2732.76,6600.0,33,20.216660790661184,63.768115942028984,0.5640480667048149,19.772316638842238,63.033359193173,0.5368035786905246,327.8666666666667,20.736613066624983,64.49749711205237,0.5955247548011982,283.7833333333333
2025,P013378   ,MUN,487.25,296.12,233,240,48,154,2972.32,7225.0,36,29.545284498480424,44.615502450980394,0.31605951770138535,29.392775392326204,46.692607003891055,0.39855494697587696,286.0333333333333,29.74337478845236,41.619902731013845,0.1987906899693531,201.21666666666667
2025,P013380   ,OLY,734.6333333333333,403.48,373,318,67,263,2910.24,6875.0,34,25.949277747527127,53.67215379302406,0.3580017242161623,24.12451678992131,54.73211857492521,0.32231038391405054,338.18333333333334,27.539233849854217,52.8942115768463,0.38844747130785723,396.45
2025,P013381   ,TEL,454.98333333333335,116.32,118,86,53,105,3389.08,7675.0,38,11.579384218543014,53.9699963410172,0.2307776841642551,10.209126717171474,47.14912280701754,0.16028495102404275,224.6,12.913778545222407,58.8512241054614,0.2995008319467554,230.38333333333333
2025,P013382   ,HTA,81.43333333333334,25.2,19,20,5,7,752.8,1800.0,9,14.798620013458827,42.792792792792795,0.08595988538681948,17.584544684679464,48.283261802575105,0.20477815699658702,29.3,13.204200355519545,38.81987577639752,0.01918158567774936,52.13333333333333
2025,P013383   ,MUN,610.0,252.56,220,177,49,204,2990.52,7225.0,36,20.00579755524726,55.39887187751813,0.3344262295081967,19.394558251638593,58.11623246492986,0.3698096885813149,308.26666666666665,20.61744039420614,52.65289590927501,0.29827662395050814,301.73333333333335
2025,P013384   ,MIL,856.6333333333333,446.44,496,388,51,401,3107.48,7650.0,38,25.65967896189609,60.42296072507553,0.46811159967313903,26.542861579416275,57.31282646546721,0.47948854555141185,406.68333333333334,24.864267055986623,63.580125687352705,0.4578286476275142,449.95
2025,P013385   ,MIL,13.316666666666666,1.88,2,1,2,6,890.92,2250.0,11,7.130765025446268,53.19148936170213,0.45056320400500627,9.488833556053335,53.19148936170213,0.4878048780487805,10.25,0.0,,0.32608695652173914,3.066666666666667
2025,P013386   ,MUN,433.48333333333335,189.12,192,133,48,214,2473.04,6025.0,30,21.257929428057793,62.28912535686478,0.493675266253989,22.092201051597605,64.08596582081823,0.48306890835898647,211.15,20.47728564923535,60.483870967741936,0.5037481259370314,222.33333333333334
2025,P013389   ,IST,327.6666666666667,175.68,180,125,72,195,1271.16,3200.0,16,26.9941598508545,57.44191983660965,0.5951169888097659,28.04101510111957,54.63286713286713,0.5550416281221092,144.13333333333333,26.225332981321465,59.631985461154024,0.6265891754449692,183.53333333333333
2025,P013389   ,OLY,125.46666666666667,47.84,37,29,11,20,1436.28,3400.0,17,18.052302845048967,54.66903073286051,0.1594048884165781,18.199727242698074,60.07393715341959,0.193158953722334,82.83333333333334,17.862703621268047,45.08196721311476,0.09382329945269742,42.63333333333333
2025,P013402   ,HTA,850.1333333333333,436.8,500,358,95,403,3134.52,7650.0,38,25.079332324516006,62.53126563281641,0.474043287327478,24.520965852775152,61.71271840715156,0.44211257281740673,432.01666666666665,25.651683086256057,63.32544845259215,0.5070355164029179,418.1166666666667
2025,P013403   ,TEL,636.7166666666667,432.32,425,330,128,354,2614.8,5850.0,29,30.38130990219791,55.00621246634914,0.5559772792712614,32.3139553528479,55.05432673651533,0.5436117936117936,325.6,28.401860084120308,54.95115452930728,0.5689184121712112,311.1166666666667
2025,P013422   ,IST,0.0,0.0,0,0,0,0,76.2,200.0,1,,,,,,,,,,,0.0
2025,P013555   ,MAD,0.8,0.0,0,0,0,0,79.56,200.0,1,0.0,,0.0,0.0,,0.0,0.8,,,,
2025,P013579   ,MUN,0.0,0.0,0,0,0,0,163.92000000000002,400.0,2,,,,,,,0.0,,,,0.0
2025,P013667   ,MAD,52.08333333333333,22.32,22,15,3,26,420.32,1000.0,5,20.391320898363155,67.40196078431373,0.49920000000000003,13.399360673915133,75.10729613733905,0.6010928961748634,36.6,36.95003149733588,57.142857142857146,0.25834230355220666,15.483333333333333
2025,P013667   ,PAR,588.6333333333333,252.4,268,163,85,335,2668.64,6500.0,32,20.888048139127598,66.86626746506985,0.5691148989183985,23.205652605923277,69.15097963887821,0.5802498798654494,277.46666666666664,18.858848458248026,64.39551308683008,0.5591858596679165,311.1666666666667
2025,P013699   ,TEL,729.6166666666667,417.2,352,318,55,318,3301.08,7475.0,37,25.8961198886395,51.43191116306254,0.4358453068963154,26.31898972645777,54.131554307116104,0.4419789014186977,366.5333333333333,25.469158669062903,48.73920149427971,0.42965343126004135,363.0833333333333
2025,P014004   ,VIR,82.6,32.44,27,22,1,21,1236.68,3000.0,15,19.05437514062685,60.16042780748663,0.25423728813559326,17.41053590892856,63.07339449541284,0.28650414677054536,66.31666666666666,26.362678481610153,50.0,0.12282497441146367,16.28333333333333
2025,P014005   ,VIR,829.9333333333333,345.24,371,270,71,322,3071.56,7400.0,37,20.043825455163322,61.57880759527287,0.38798297051972047,19.157484613502135,58.428829915560925,0.306719230602608,384.7166666666667,20.763456613480443,64.05693950177937,0.45820387077452923,445.2166666666667
2025,P014006   ,MAD,653.0,186.48,215,167,17,304,3122.92,7400.0,37,13.53380565081147,61.6116460339294,0.4655436447166922,13.198186924130615,59.70309810671257,0.4692518970252782,358.01666666666665,13.950798341953542,63.788027477919535,0.461042996779479,294.98333333333335
2025,P014007   ,PAR,427.4,181.16,158,134,39,136,2001.64,4875.0,24,20.64649991218712,52.26250330775338,0.3182030884417408,20.07299335870977,50.65123010130246,0.2964589623936316,242.86666666666667,21.40448981200284,54.22039859320047,0.3468208092485549,184.53333333333333
2025,P014008   ,PRS,683.0166666666667,530.36,526,382,169,517,3284.52,7200.0,36,34.04317380465344,57.62994127443246,0.7569361411385764,33.64194277424952,53.070335276967924,0.7228530305453381,312.65000000000003,34.41792382090916,61.85610538760344,0.7857078570785707,370.3666666666667
2025,P014009   ,PRS,459.06666666666666,215.68,215,171,47,183,2074.36,4600.0,23,20.837125793690557,56.083055091819695,0.3986349114144641,21.538194293206054,51.61290322580645,0.3569772832637923,215.7,20.20902011060268,60.29590595865423,0.43555677304478835,243.36666666666667
2025,P014010   ,PRS,549.9333333333334,186.35999999999999,170,106,44,293,3097.2,6800.0,34,14.880321515495824,67.80472239948946,0.532791853558007,15.25890899244742,71.11935683364254,0.47881224868543143,269.4166666666667,14.513604082633885,64.27158866183257,0.5846354940288753,280.51666666666665
2025,P014011   ,PAN,356.18333333333334,127.0,150,90,50,172,1665.04,4000.0,20,17.131502059547152,66.96428571428571,0.482897384305835,16.845134427898987,65.55634301913537,0.5337286879169755,179.86666666666667,17.516018357411923,68.39452843772499,0.4310426316286984,176.31666666666666
2025,P014012   ,TEL,436.9166666666667,173.68,219,142,47,301,2097.6,4825.0,24,18.28756310582575,67.31005655274157,0.6889185580774365,19.300782032667264,71.44601856375184,0.7602755999049656,210.45,17.34790109211687,63.11881188118812,0.6226081836914925,226.46666666666667
2025,P014013   ,ASV,767.1833333333333,403.56,426,329,74,376,2571.16,6050.0,30,24.75513055986404,58.91138400265516,0.4901044947969847,24.170130139523696,57.65199161425576,0.44139415960166867,371.55,25.303291722452002,60.05056890012642,0.5358496924761985,395.6333333333333
2025,P014014   ,ASV,481.93333333333334,226.08,215,154,82,194,3225.64,7650.0,38,22.251060452409206,56.555134680134685,0.40254530363812424,23.950386565238233,55.11886503067485,0.4255026163591297,242.06666666666666,20.533221880841396,58.30223880597015,0.37937743190661477,239.86666666666667
2025,P014015   ,ULK,263.01666666666665,87.03999999999999,62,55,16,35,2658.7200000000003,6400.0,32,15.932098399698368,49.96776273372018,0.13307141499271277,16.039643932003077,43.99271844660194,0.11730205278592375,136.4,15.778086249132517,56.740027510316374,0.15005923390812165,126.61666666666666
2025,P014016   ,ULK,327.8833333333333,132.44,135,110,26,108,2493.08,6000.0,30,19.442175622904966,55.58300395256917,0.3293854521425304,18.493765578464057,63.08579668348954,0.4315591457342038,150.61666666666667,20.29631200728526,49.272286234081264,0.24257239563745772,177.26666666666665
2025,P014025   ,IST,270.3833333333333,118.36,160,102,19,117,2908.28,7300.0,36,21.97564737847615,72.49003262051468,0.43271897922702335,23.429186300387194,63.385533184190905,0.2687392965353708,126.51666666666667,20.680400022751375,81.10014104372355,0.5769230769230769,143.86666666666667
2025,P014026   ,BAS,449.45,127.64,158,114,6,179,3278.44,7700.0,38,13.340094058204036,67.72976680384087,0.3982645455556792,11.595886552761097,70.35466461063993,0.3648068669527897,233.0,15.183257990464227,65.62693020382952,0.4342804342804343,216.45
2025,P014027   ,BAS,713.2666666666667,297.96,311,216,59,375,3186.4,7500.0,37,19.665138198217267,64.2668209621425,0.5257500701000094,20.3300502291674,67.56756756756756,0.5797650625236832,351.8666666666667,19.03532484391809,60.862995298858294,0.4731599335915883,361.4
2025,P014028   ,RED,79.65,38.2,21,30,5,6,1064.72,2425.0,12,21.846602629837115,32.60869565217391,0.07532956685499058,22.558864073974153,51.70316301703163,0.4993065187239945,36.05,21.18876165500967,12.690355329949238,-0.27522935779816515,43.6
2025,P014029   ,RED,456.6666666666667,192.72,256,146,63,326,2917.52,6650.0,33,19.2382371349089,73.6817867833295,0.7138686131386861,19.577979220210388,79.29104477611939,0.7690001499025633,222.36666666666667,18.92957835838359,68.21282401091405,0.6615450277422108,234.3
2025,P014031   ,DUB,188.03333333333333,68.48,71,54,17,60,1704.88,4025.0,20,17.196139950545916,57.7423552374756,0.31909235951072507,14.357394797946167,71.49046793760833,0.42611955020714143,84.48333333333333,19.57495294925383,49.47916666666667,0.23177209077740224,103.55
2025,P014086   ,BAS,287.75,171.84,157,117,61,161,1094.36,2600.0,13,28.37605809475574,54.57452725250278,0.5595134665508253,26.78585029536945,56.65024630541872,0.608955223880597,167.5,30.59492429260238,51.88378033205619,0.49064449064449067,120.25
2025,P014088   ,ASV,727.5333333333333,248.4,241,222,35,211,3058.16,7250.0,36,16.188495692863555,50.75821398483572,0.2900210757811784,17.071137078356703,48.07692307692307,0.2573244458223531,322.55,15.485614774084228,53.12400888043133,0.31606238939874065,404.98333333333335
2025,P014094   ,RED,89.51666666666667,30.48,29,19,17,28,2186.84,5000.0,25,15.570194997382847,54.7583081570997,0.31279091416868365,18.576826335341703,53.76344086021505,0.35044574239163845,54.21666666666667,11.267578230945805,57.10659898477157,0.254957507082153,35.3
2025,P014102   ,IST,556.5333333333333,89.24,130,63,21,266,2993.96,7525.0,37,8.060442540686434,89.97785160575859,0.4779587925251558,6.597327905185251,91.83673469387756,0.43062993430133056,301.8833333333333,9.781456002745271,88.70214752567693,0.5340663655998429,254.65
2025,P014105   ,BAS,2.6333333333333333,3.0,3,3,0,2,258.48,600.0,3,52.88953139875181,50.0,0.759493670886076,52.04387877245838,50.0,0.759493670886076,2.6333333333333333,,,,0.0
2025,P014106   ,BAS,0.0,0.0,0,0,0,0,79.8,200.0,1,,,,,,,0.0,,,,
2025,P014107   ,BAS,65.35,20.0,7,14,0,-5,1124.92,2600.0,13,14.147057190376486,25.0,-0.07651109410864576,12.603593824753458,20.0,-0.2668360864040661,26.233333333333334,14.989362837096916,27.77777777777778,0.05112910097997443,39.11666666666667
2025,P014108   ,VIR,298.0333333333333,108.76,126,80,29,180,2560.6,6200.0,31,17.671943028186124,67.91720569210867,0.6039592886701712,19.667161350194046,59.578368469294226,0.5241199478487615,127.83333333333333,16.16024383107023,75.32573289902281,0.663924794359577,170.2
2025,P014115   ,PAM,712.4666666666667,351.68,319,262,72,329,3386.7200000000003,7675.0,38,22.372381053680908,54.31081449196404,0.4617759895199775,21.79344259120546,49.51856946354883,0.40472175379426645,365.68333333333334,22.9815458232935,59.009981116806046,0.5219397318210218,346.7833333333333
2025,P014117   ,MAD,753.4666666666667,419.36,479,304,144,532,3203.4,7600.0,38,26.409207956768903,65.19490418118467,0.7060697221730667,26.544229633872412,65.62356717102247,0.7024362498815053,351.6333333333333,26.272012094567806,64.80713396930734,0.7092492741600995,401.8333333333333
2025,P014119   ,BAS,402.8833333333333,173.64000000000001,159,132,31,165,2564.68,6025.0,30,20.24996781712224,54.58665201867619,0.40954784263434413,20.842400133061123,47.0796943231441,0.26753558566283653,194.36666666666667,19.69305211989711,62.18905472636816,0.5419231076652546,208.51666666666665
2025,P014120   ,TEL,168.8,54.4,59,38,10,50,2023.4,4650.0,23,14.812476021074751,69.5754716981132,0.2962085308056872,13.863841268590265,74.35691318327974,0.3356777493606138,104.26666666666667,16.328343681575852,62.785388127853885,0.23243801652892562,64.53333333333333
2025,P014121   ,TEL,16.1,3.88,2,2,2,3,810.64,1825.0,9,10.851023008888614,34.72222222222222,0.18633540372670807,9.197997438918566,0.0,-0.20066889632107024,4.983333333333333,11.40651468431992,53.19148936170213,0.35982008995502246,11.116666666666667
2025,P014122   ,OLY,14.533333333333333,5.0,2,5,0,-4,912.48,2200.0,11,16.589530377541514,20.0,-0.27522935779816515,16.427115516790487,20.0,-0.2768166089965398,14.45,0.0,,0.0,0.08333333333333333
2025,P014123   ,TEL,325.8,159.4,153,127,35,132,2782.84,6275.0,31,22.06443066553303,53.721910112359545,0.4051565377532228,21.467833996832997,63.95679363274588,0.4957178841309824,165.41666666666666,22.671605173410512,43.72570794003331,0.3117530915514912,160.38333333333333
2025,P014124   ,ULK,851.4666666666667,580.4,574,428,160,528,3000.28,7200.0,36,32.71601947697534,57.58426966292135,0.6201064829314125,31.752538333772552,59.70386881069893,0.7112196274563857,423.21666666666664,33.69506735101504,55.429681178184175,0.5300642148277875,428.25
2025,P014127   ,TEL,885.1833333333333,305.88,314,229,102,376,3198.16,7250.0,36,15.666993684517477,57.32437563896597,0.42477076311875134,16.0554601754135,60.00578368999422,0.4544426859597558,442.3,15.280937440213561,54.58837415166716,0.3951379219508524,442.8833333333333
2025,P014128   ,BAR,1.1333333333333333,1.0,0,1,0,-2,329.64,800.0,4,42.82746953896229,0.0,-1.7647058823529411,,,,,42.82746953896229,0.0,-1.7647058823529411,1.1333333333333333
2025,P014133   ,PAM,24.683333333333334,10.76,11,6,4,5,188.36,400.0,2,18.51440537456899,70.87628865979381,0.2025658338960162,12.060075856594148,106.38297872340426,0.6037735849056604,13.25,25.98662555005024,37.5,-0.26239067055393583,11.433333333333334
2025,P014134   ,BAR,416.25,125.96000000000001,145,113,9,167,3073.6,7500.0,37,14.768021535330229,61.98700410396717,0.4012012012012012,14.582916497736518,70.53941908713692,0.4791585508375536,171.13333333333333,14.902354212761399,55.99185573007562,0.34677364520296455,245.11666666666667
2025,P014141   ,DUB,40.0,9.0,4,5,0,-4,1333.04,3200.0,16,10.802376522835024,40.0,-0.1,12.131928658193527,50.0,-0.14449127031908487,27.683333333333334,7.801181683995584,0.0,0.0,12.316666666666666
2025,P014152   ,BAS,687.5,324.88,343,246,77,336,2656.52,6300.0,31,22.413399348156098,61.276261254823496,0.48872727272727273,22.04500022482698,59.45909214460451,0.5094709340300457,357.23333333333335,22.831401857236713,63.29113924050633,0.4662898667743238,330.26666666666665
2025,P014157   ,DUB,88.85000000000001,46.24,52,34,21,43,680.76,1600.0,8,24.46337327049119,60.12950971322849,0.48396173325830044,24.27824883465372,56.41330166270784,0.4683195592286501,36.300000000000004,24.6295787757751,62.5,0.49476688867745006,52.55
2025,P014162   ,MUN,253.71666666666667,144.12,129,95,48,108,921.88,2200.0,11,27.11149958206126,55.545986910093006,0.42567168100899955,26.479559272710166,58.610400682011935,0.38526219232533254,109.01666666666667,27.661347484516767,53.46820809248555,0.4561161022805805,144.7
2025,P014163   ,RED,613.75,428.36,413,338,69,334,2756.84,6275.0,31,31.77236690397705,56.05928982517103,0.5441955193482688,32.104219621005974,56.500335645558295,0.5192152647137867,310.0833333333333,31.487343903326305,55.643459915611814,0.5697036223929747,303.6666666666667
2025,P014168   ,PAM,453.8333333333333,176.88,151,125,52,158,2484.2400000000002,5675.0,28,17.80674952572704,51.054909385988644,0.3481454278369446,17.15504568353242,55.714285714285715,0.3807509254362771,220.61666666666667,18.45217798688096,46.86697483307653,0.31730150789680556,233.21666666666667
2025,P014169   ,MAD,137.13333333333333,58.56,57,37,24,65,2359.2799999999997,5600.0,28,20.271998805466012,59.924306139613115,0.47399124939231896,22.166302661206302,56.053811659192824,0.28776978417266186,55.6,18.962218155639484,62.247644683714675,0.6009811937857727,81.53333333333333
2025,P014177   ,DUB,12.783333333333333,9.0,8,7,0,4,588.56,1400.0,7,33.49389728786269,57.142857142857146,0.31290743155149936,,,,0.0,34.003463945466,57.142857142857146,0.31290743155149936,12.783333333333333
2025,P014178   ,PRS,554.65,303.24,288,233,46,208,2332.44,5200.0,26,24.377565343533426,56.863054809666714,0.3750112683674389,21.640985306885128,54.72685005811701,0.4184549356223176,248.53333333333333,26.6701775032927,58.333333333333336,0.3397397506397343,306.1166666666667
2025,P014190   ,BAS,442.95,105.16,118,91,14,126,2184.08,5100.0,25,11.087343461169548,60.7245780156443,0.28445648493057907,10.801563057550396,60.64356435643565,0.2658640581891146,199.35,11.290269981153237,60.782241014799155,0.2996715927750411,243.6
2025,P014207   ,BAS,465.2,262.24,246,175,96,255,2014.44,4700.0,23,26.304663305995202,56.61940710734671,0.5481513327601032,25.67481919333672,59.23694779116466,0.4902034949693623,220.31666666666666,26.836279831996688,54.40326419585175,0.6002858504049547,244.88333333333333
2025,P014209   ,MIL,0.0,0.0,0,0,0,0,83.36,200.0,1,,,,,,,0.0,,,,
2025,P014212   ,OLY,92.2,26.28,13,17,12,10,871.56,2050.0,10,13.408525008489528,29.174147217235188,0.10845986984815618,14.815534278964256,33.78378378378378,0.15486091195870375,58.11666666666667,11.019663211543097,16.666666666666668,0.029339853300733493,34.083333333333336
2025,P014213   ,PAR,233.35,131.76,124,97,29,108,815.44,2025.0,10,28.043924740193713,56.4868804664723,0.46282408399400043,29.281274065661787,59.9921321793863,0.48495734171531213,111.35,26.92711137515548,53.46232179226069,0.4426229508196721,122.0
2025,P014219   ,VIR,115.1,28.72,27,20,13,41,1258.84,3000.0,15,11.8929564352006,52.48833592534992,0.35621198957428324,11.781149359585928,48.32474226804124,0.4395049254862339,65.98333333333333,11.974121910506321,58.82352941176471,0.24431625381744146,49.11666666666667
2025,P014220   ,ULK,105.81666666666666,49.16,52,32,14,54,916.28,2200.0,11,22.309111128968464,68.13417190775682,0.5103165852890219,31.150878004149533,63.38028169014085,0.2716297786720322,33.13333333333333,18.264576036595347,70.95158597662771,0.6191240541160284,72.68333333333334
2025,P014316   ,OLY,163.93333333333334,63.8,60,43,20,65,967.2,2275.0,11,18.308320980204382,57.915057915057915,0.39650264335095564,18.79170206091452,53.98671096345515,0.3118811881188118,67.33333333333334,17.98718224324179,61.32756132756133,0.45548654244306414,96.60000000000001
2025,P014416   ,HTA,105.26666666666667,28.4,31,20,10,40,831.16,2000.0,10,12.983830163455144,63.52459016393443,0.3799873337555415,10.9719897103309,71.29277566539925,0.4938271604938272,52.65,14.841362713760756,57.63688760806916,0.2660753880266075,52.61666666666667
2025,PKLT      ,ASV,486.73333333333335,280.24,229,193,46,226,2217.36,5250.0,26,27.264160214572488,53.69536672294129,0.4643199561703876,26.84581653545605,60.6060606060606,0.6062607317395324,252.36666666666667,27.67044491588576,46.02137767220902,0.3114777414308064,234.36666666666667
2025,PLCZ      ,RED,338.8666666666667,150.28,166,104,62,198,2636.04,6025.0,30,20.272503617085707,63.22364411943936,0.5843006098760575,20.336271526237013,59.74264705882353,0.6162695152013148,162.26666666666665,20.192835616004178,66.66666666666667,0.5549263873159683,176.6
2025,PTGB      ,MAD,394.53333333333336,155.68,119,127,22,80,2867.28,6800.0,34,18.71621063323698,43.53233830845771,0.2027712064886786,18.77534548982258,43.50348027842228,0.2101127434233003,195.13333333333333,18.64884310751628,43.561724748966334,0.19558676028084251,199.4
