Season,Gamecode,Home,Player_ID,IsStarter,IsPlaying,Team,Dorsal,Player,Minutes,Points,FieldGoalsMade2,FieldGoalsAttempted2,FieldGoalsMade3,FieldGoalsAttempted3,FreeThrowsMade,FreeThrowsAttempted,OffensiveRebounds,DefensiveRebounds,TotalRebounds,Assistances,Steals,Turnovers,BlocksFavour,BlocksAgainst,FoulsCommited,FoulsReceived,Valuation,Plusminus
2016,1,1,P003269   ,0.0,0.0,RED,4,"REBIC, NIKOLA",11:35,2,1,4,0,0,0,0,0,1,1,1,0,0,0,0,2,4,3,-9.0
2016,1,1,P005942   ,1.0,0.0,RED,6,"DANGUBIC, NEMANJA",24:44,7,2,5,1,1,0,0,2,2,4,1,0,1,0,0,1,2,9,14.0
2016,1,1,P002553   ,1.0,1.0,RED,9,"MITROVIC, LUKA",27:17,12,5,8,0,0,2,4,1,4,5,1,1,4,1,0,1,4,14,-13.0
2016,1,1,PLUO      ,0.0,1.0,RED,10,"LAZIC, BRANKO",15:48,0,0,1,0,0,0,2,0,1,1,0,0,0,0,0,2,1,-3,-17.0
2016,1,1,P005618   ,0.0,0.0,RED,12,"SIMANIC, BORISA",DNP,0,0,0,0,0,0,0,0,0,0,0,0,0,0,0,0,0,0,0.0
2016,1,1,P004007   ,0.0,0.0,RED,13,"DOBRIC, OGNJEN",DNP,0,0,0,0,0,0,0,0,0,0,0,0,0,0,0,0,0,0,0.0
2016,1,1,PLRU      ,0.0,1.0,RED,19,"SIMONOVIC, MARKO",16:39,0,0,0,0,1,0,0,0,2,2,2,0,0,0,0,2,0,1,2.0
2016,1,1,P005014   ,1.0,0.0,RED,22,"JENKINS, CHARLES",17:51,8,0,1,2,4,2,2,0,1,1,3,2,1,0,0,4,1,7,2.0
2016,1,1,P004004   ,0.0,1.0,RED,23,"GUDURIC, MARKO",21:45,13,2,4,3,8,0,0,1,1,2,0,0,4,0,0,4,0,0,-5.0
2016,1,1,P004863   ,1.0,1.0,RED,24,"JOVIC, STEFAN",28:25,8,3,5,0,2,2,3,0,4,4,7,1,0,0,1,4,3,13,6.0
2016,1,1,P003479   ,1.0,0.0,RED,32,"KUZMIC, OGNJEN",20:35,16,8,9,0,0,0,2,5,4,9,2,0,3,3,0,2,2,24,18.0
2016,1,1,PCHX      ,0.0,0.0,RED,51,"BJELICA, MILKO",15:21,4,2,2,0,2,0,0,0,2,2,0,0,3,1,0,1,2,3,-13.0
2016,1,1,Team,0.0,0.0,RED,,Team,,0,0,0,0,0,0,0,0,2,2,0,0,0,0,0,0,0,2,
2016,1,1,Total,,,RED,,Total,200:00,70,23,39,6,18,6,13,9,24,33,17,4,16,5,1,23,19,73,
2016,1,0,P006661   ,0.0,0.0,DAR,1,"WILBEKIN, SCOTTIE",27:06,2,0,1,0,4,2,2,0,1,1,3,2,2,0,0,5,4,0,22.0
2016,1,0,PARN      ,0.0,0.0,DAR,3,"ARSLAN, ENDER",DNP,0,0,0,0,0,0,0,0,0,0,0,0,0,0,0,0,0,0,0.0
2016,1,0,P004170   ,0.0,0.0,DAR,8,"BATUK, BIRKAN",12:44,4,1,1,0,1,2,2,0,3,3,2,2,0,0,0,2,1,9,7.0
2016,1,0,P005838   ,1.0,1.0,DAR,11,"WANAMAKER, BRAD",31:41,11,3,5,1,5,2,2,1,0,1,4,2,3,0,0,2,7,14,-4.0
2016,1,0,P004888   ,0.0,1.0,DAR,12,"CLYBURN, WILL",28:21,19,8,14,0,1,3,3,0,4,4,2,1,1,0,2,1,4,19,4.0
2016,1,0,P001833   ,1.0,1.0,DAR,18,"MOERMAN, ADRIEN",25:34,10,5,6,0,3,0,0,3,8,11,0,1,2,0,0,3,2,15,10.0
2016,1,0,P003328   ,1.0,0.0,DAR,19,"ALDEMIR, FURKAN",07:10,0,0,1,0,0,0,0,0,1,1,1,0,0,0,0,0,0,1,-12.0
2016,1,0,PJPF      ,0.0,0.0,DAR,21,"SAVAS, OGUZ",DNP,0,0,0,0,0,0,0,0,0,0,0,0,0,0,0,0,0,0,0.0
2016,1,0,P005938   ,1.0,0.0,DAR,23,"ANDERSON, JAMES",14:03,5,2,2,0,2,1,2,0,0,0,0,0,0,0,0,1,1,2,-22.0
2016,1,0,P000659   ,0.0,0.0,DAR,44,"SLAUGHTER, MARCUS",19:33,2,1,3,0,0,0,0,0,2,2,0,0,0,1,1,2,2,2,0.0
2016,1,0,P000436   ,1.0,1.0,DAR,45,"BERTANS, DAIRIS",19:59,13,2,4,2,2,3,3,0,3,3,0,0,1,0,1,1,2,13,5.0
2016,1,0,P004902   ,0.0,1.0,DAR,81,"HARANGODY, LUKE",13:49,7,2,3,1,1,0,0,1,1,2,0,1,0,0,1,2,0,6,5.0
2016,1,0,Team,0.0,0.0,DAR,,Team,,0,0,0,0,0,0,0,1,0,1,0,0,2,0,0,0,0,-1,
2016,1,0,Total,,,DAR,,Total,200:00,73,24,40,4,19,13,14,6,23,29,12,9,11,1,5,19,23,80,
2016,2,1,P004418   ,0.0,1.0,MIL,1,"MCLEAN, JAMEL",19:44,4,1,4,0,0,2,2,1,4,5,4,0,1,1,0,3,4,11,0.0
2016,2,1,P000880   ,1.0,1.0,MIL,5,"GENTILE, ALESSANDRO",27:48,12,6,9,0,3,0,0,3,1,4,5,0,1,0,1,2,0,11,1.0
2016,2,1,P004159   ,1.0,1.0,MIL,7,"HICKMAN, RICKY",29:43,22,2,5,2,3,12,15,0,2,2,3,3,2,1,0,2,12,32,-1.0
2016,2,1,PJBX      ,0.0,0.0,MIL,9,"KALNIETIS, MANTAS",06:55,0,0,0,0,2,0,0,1,1,2,2,0,0,0,0,0,0,2,3.0
2016,2,1,PJDU      ,0.0,0.0,MIL,11,"RADULJICA, MIROSLAV",13:12,15,7,11,0,0,1,1,0,0,0,0,1,0,0,0,1,2,13,-2.0
2016,2,1,P003514   ,0.0,1.0,MIL,12,"DRAGIC, ZORAN",19:08,11,1,4,3,4,0,0,0,2,2,1,0,1,0,2,1,1,7,-4.0
2016,2,1,PJEA      ,1.0,0.0,MIL,13,"MACVAN, MILAN",22:13,18,6,8,2,3,0,0,1,3,4,1,0,1,0,0,2,1,18,15.0
2016,2,1,P006385   ,1.0,0.0,MIL,14,"PASCOLO, DAVIDE",17:55,7,3,3,0,2,1,2,3,3,6,1,1,0,0,0,3,1,10,-4.0
2016,2,1,PKIW      ,0.0,0.0,MIL,20,"CINCIARINI, ANDREA",13:06,2,1,1,0,0,0,0,0,2,2,3,0,1,1,0,4,0,3,0.0
2016,2,1,P003527   ,0.0,0.0,MIL,23,"ABASS, AWUDU",DNP,0,0,0,0,0,0,0,0,0,0,0,0,0,0,0,0,0,0,0.0
2016,2,1,P002081   ,0.0,0.0,MIL,30,"CERELLA, BRUNO",DNP,0,0,0,0,0,0,0,0,0,0,0,0,0,0,0,0,0,0,0.0
2016,2,1,PCPR      ,1.0,1.0,MIL,43,"SIMON, KRUNOSLAV",30:16,8,1,4,2,5,0,0,2,2,4,9,1,1,0,0,3,0,12,2.0
2016,2,1,Team,0.0,0.0,MIL,,Team,,0,0,0,0,0,0,0,2,1,3,0,0,1,0,0,0,0,2,
2016,2,1,Total,,,MIL,,Total,200:00,99,28,49,9,22,16,20,13,21,34,29,6,9,3,3,21,21,121,
2016,2,0,P004903   ,1.0,1.0,TEL,0,"GOUDELOCK, ANDREW",31:25,27,8,9,3,6,2,2,0,3,3,5,0,0,0,0,2,4,33,5.0
2016,2,0,P006536   ,1.0,0.0,TEL,3,"RUDD, VICTOR",14:08,0,0,1,0,1,0,0,0,1,1,1,0,2,1,0,2,0,-3,-10.0
2016,2,0,P004862   ,0.0,0.0,TEL,4,"SEELEY, D.J.",15:00,9,0,1,1,2,6,6,1,3,4,1,0,2,0,0,0,4,14,-8.0
2016,2,0,P001274   ,1.0,1.0,TEL,6,"SMITH, DEVIN",30:25,18,3,6,2,6,6,7,3,4,7,2,1,2,1,0,4,5,20,-4.0
2016,2,0,P002753   ,0.0,0.0,TEL,8,"YIVZORI, DAGAN",DNP,0,0,0,0,0,0,0,0,0,0,0,0,0,0,0,0,0,0,0.0
2016,2,0,PKJP      ,0.0,0.0,TEL,9,"MEKEL, GAL",13:15,2,1,3,0,0,0,2,0,4,4,2,0,0,0,1,0,1,4,1.0
2016,2,0,PLKX      ,0.0,1.0,TEL,10,"PNINI, GUY",16:06,0,0,0,0,2,0,0,0,1,1,2,0,0,0,0,1,0,0,0.0
2016,2,0,P000622   ,1.0,1.0,TEL,12,"OHAYON, YOGEV",20:20,5,0,2,1,2,2,4,0,0,0,2,1,1,0,0,2,2,2,-2.0
2016,2,0,P004160   ,0.0,1.0,TEL,15,"LANDESBERG, SYLVEN",20:09,15,3,6,3,5,0,0,1,1,2,0,1,1,0,2,1,0,9,15.0
2016,2,0,P006195   ,0.0,0.0,TEL,23,"ALEXANDER, JOE",04:15,2,1,3,0,0,0,0,0,0,0,0,0,1,0,0,2,0,-3,-6.0
2016,2,0,P005154   ,0.0,0.0,TEL,24,"IVERSON, COLTON",18:16,6,3,3,0,0,0,0,2,2,4,0,0,2,1,0,2,1,8,0.0
2016,2,0,P004183   ,1.0,0.0,TEL,33,"ZIRBES, MAIK",16:41,13,5,7,0,0,3,3,3,2,5,0,0,1,0,0,5,4,14,-1.0
2016,2,0,Team,0.0,0.0,TEL,,Team,,0,0,0,0,0,0,0,1,1,2,0,0,0,0,0,0,0,2,
2016,2,0,Total,,,TEL,,Total,200:00,97,24,41,10,24,19,24,11,22,33,15,3,12,3,3,21,21,100,
2016,3,1,P007356   ,0.0,1.0,GAL,0,"SMITH, RUSS",15:26,11,1,6,2,6,3,5,1,0,1,0,1,1,0,2,1,4,2,-22.0
2016,3,1,PTFH      ,1.0,0.0,GAL,3,"PRELDZIC, EMIR",25:25,11,2,4,2,3,1,1,1,2,3,3,1,1,0,0,1,2,15,-7.0
2016,3,1,P000529   ,0.0,0.0,GAL,5,"MICOV, VLADIMIR",12:18,3,0,1,1,3,0,0,0,0,0,1,1,2,0,0,1,1,0,-8.0
2016,3,1,P004119   ,1.0,0.0,GAL,7,"TYUS, ALEX",28:10,15,6,8,0,0,3,8,2,3,5,2,0,0,1,0,2,4,18,-5.0
2016,3,1,P003453   ,0.0,1.0,GAL,9,"THOMPSON, DEON",13:05,2,1,3,0,0,0,0,0,2,2,1,0,1,1,0,2,0,1,-22.0
2016,3,1,P000357   ,0.0,0.0,GAL,10,"SCHILB, BLAKE",19:41,3,1,4,0,2,1,1,0,0,0,5,2,0,0,1,0,0,4,-4.0
2016,3,1,PLHK      ,0.0,1.0,GAL,21,"PLEISS, TIBOR",05:02,0,0,1,0,0,0,0,0,1,1,0,0,0,0,0,0,0,0,-12.0
2016,3,1,P003472   ,1.0,0.0,GAL,25,"DAYE, AUSTIN",22:21,12,3,4,1,2,3,3,0,3,3,1,1,3,0,0,2,4,14,-2.0
2016,3,1,P000494   ,1.0,0.0,GAL,32,"GULER, SINAN",25:16,16,4,7,2,4,2,3,1,3,4,5,2,1,1,0,2,2,21,-2.0
2016,3,1,P004997   ,0.0,1.0,GAL,33,"DIEBLER, JON",13:09,0,0,0,0,0,0,0,0,0,0,1,1,0,0,0,1,1,2,-25.0
2016,3,1,P005193   ,1.0,0.0,GAL,55,"DENTMON, JUSTIN",12:11,7,2,3,1,3,0,0,0,1,1,0,0,1,0,0,3,2,3,-2.0
2016,3,1,P002104   ,0.0,1.0,GAL,61,"KOKSAL, GOKSENIN",07:56,4,2,3,0,1,0,0,0,0,0,0,0,0,0,1,0,1,2,-14.0
2016,3,1,Team,0.0,0.0,GAL,,Team,,0,0,0,0,0,0,0,2,3,5,0,0,0,0,0,0,0,5,
2016,3,1,Total,,,GAL,,Total,200:00,84,22,44,9,24,13,21,7,18,25,19,9,10,3,4,15,21,87,
2016,3,0,P002100   ,1.0,0.0,CSK,1,"DE COLO, NANDO",23:32,22,6,10,2,2,4,4,0,5,5,4,0,3,0,0,2,2,24,9.0
2016,3,0,P001108   ,0.0,1.0,CSK,3,"KULAGIN, DMITRY",07:05,0,0,0,0,1,0,0,0,1,1,1,0,0,0,0,2,0,-1,11.0
2016,3,0,PJDR      ,0.0,0.0,CSK,4,"TEODOSIC, MILOS",28:30,20,1,5,5,10,3,3,0,2,2,11,0,2,0,2,2,2,20,21.0
2016,3,0,P001438   ,1.0,0.0,CSK,5,"AUGUSTINE, JAMES",16:16,8,4,4,0,0,0,0,1,1,2,1,0,2,0,0,2,0,7,-3.0
2016,3,0,PLLH      ,0.0,1.0,CSK,7,"FRIDZON, VITALY",15:55,15,3,4,3,3,0,0,0,1,1,1,1,1,2,0,1,1,18,5.0
2016,3,0,P003413   ,1.0,1.0,CSK,9,"JACKSON, AARON",20:47,16,5,6,1,2,3,3,0,2,2,3,0,1,0,0,1,2,19,9.0
2016,3,0,P004941   ,0.0,1.0,CSK,11,"ANTONOV, SEMEN",13:58,0,0,1,0,0,0,0,0,1,1,0,1,1,0,0,2,0,-2,11.0
2016,3,0,PLHI      ,1.0,0.0,CSK,20,"VORONTSEVICH, ANDREY",16:14,5,1,1,1,2,0,0,0,0,0,2,0,1,0,0,2,1,4,8.0
2016,3,0,P007148   ,0.0,1.0,CSK,23,"AYRES, JEFF",01:33,0,0,0,0,0,0,0,0,2,2,0,0,0,0,0,0,0,2,1.0
2016,3,0,PBCQ      ,0.0,0.0,CSK,31,"KHRYAPA, VICTOR",09:54,2,1,1,0,2,0,0,0,1,1,0,0,3,1,0,3,0,-4,6.0
2016,3,0,PJLX      ,1.0,0.0,CSK,41,"KURBANOV, NIKITA",24:05,8,2,2,0,0,4,4,0,8,8,2,2,0,1,0,4,2,19,20.0
2016,3,0,P002812   ,0.0,0.0,CSK,42,"HINES, KYLE",22:11,13,6,8,0,0,1,3,4,3,7,0,0,1,0,1,1,3,16,27.0
2016,3,0,Team,0.0,0.0,CSK,,Team,,0,0,0,0,0,0,0,1,4,5,0,0,0,0,0,0,0,5,
2016,3,0,Total,,,CSK,,Total,200:00,109,29,42,12,22,15,17,6,31,37,25,4,15,4,3,22,13,127,
2016,4,1,P005757   ,0.0,0.0,MAD,3,"RANDOLPH, ANTHONY",16:42,7,2,3,0,1,3,4,0,1,1,2,0,1,0,0,2,4,8,4.0
2016,4,1,P002946   ,0.0,0.0,MAD,4,"DRAPER, DONTAYE",13:15,2,1,1,0,0,0,0,0,1,1,0,1,0,0,0,0,0,4,2.0
2016,4,1,PBMT      ,1.0,1.0,MAD,5,"FERNANDEZ, RUDY",27:38,7,2,5,1,5,0,0,4,3,7,4,1,1,0,0,2,3,12,17.0
2016,4,1,PAPR      ,0.0,0.0,MAD,6,"NOCIONI, ANDRES",DNP,0,0,0,0,0,0,0,0,0,0,0,0,0,0,0,0,0,0,0.0
2016,4,1,P005929   ,0.0,1.0,MAD,7,"DONCIC, LUKA",18:04,11,0,1,2,5,5,5,3,2,5,3,1,3,0,1,2,4,14,16.0
2016,4,1,PAAX      ,0.0,1.0,MAD,9,"REYES, FELIPE",09:12,6,2,3,0,0,2,4,0,5,5,0,0,1,1,0,0,3,11,7.0
2016,4,1,P005927   ,1.0,0.0,MAD,14,"AYON, GUSTAVO",19:13,9,4,8,0,0,1,2,0,4,4,1,0,0,1,0,1,1,10,13.0
2016,4,1,P001960   ,0.0,0.0,MAD,20,"CARROLL, JAYCEE",15:15,10,2,4,2,4,0,1,0,1,1,0,0,0,0,1,1,0,4,-4.0
2016,4,1,P005160   ,0.0,1.0,MAD,21,"HUNTER, OTHELLO",20:47,4,2,6,0,0,0,0,1,3,4,0,2,1,0,0,1,1,5,5.0
2016,4,1,PTGB      ,1.0,1.0,MAD,23,"LLULL, SERGIO",26:37,22,3,6,4,5,4,5,0,0,0,4,0,2,0,1,2,4,20,17.0
2016,4,1,P005836   ,1.0,0.0,MAD,33,"THOMPKINS, TREY",14:06,2,1,2,0,1,0,0,2,3,5,1,0,0,0,0,3,0,3,7.0
2016,4,1,P006546   ,1.0,0.0,MAD,44,"TAYLOR, JEFFERY",19:11,3,0,2,1,3,0,0,0,2,2,1,1,1,0,0,3,1,0,6.0
2016,4,1,Team,0.0,0.0,MAD,,Team,,0,0,0,0,0,0,0,0,4,4,0,0,0,0,0,0,0,4,
2016,4,1,Total,,,MAD,,Total,200:00,83,19,41,10,24,15,21,10,29,39,16,6,10,2,3,17,21,95,
2016,4,0,P005159   ,0.0,0.0,OLY,1,"GREEN, ERICK",15:17,0,0,3,0,1,0,0,0,0,0,0,1,0,0,0,1,0,-4,-4.0
2016,4,0,P007182   ,0.0,0.0,OLY,2,"BIRCH, KHEM",16:26,6,3,6,0,0,0,0,3,7,10,0,0,2,2,1,2,0,10,2.0
2016,4,0,P005984   ,0.0,0.0,OLY,4,"YOUNG, PATRIC",11:17,1,0,1,0,0,1,2,0,1,1,0,0,0,0,0,1,1,0,-10.0
2016,4,0,P005161   ,0.0,1.0,OLY,6,"PAPAPETROU, IOANNIS",03:04,0,0,0,0,0,0,0,0,1,1,0,0,1,0,0,2,0,-2,-8.0
2016,4,0,PJUO      ,1.0,1.0,OLY,7,"SPANOULIS, VASSILIS",29:10,12,2,5,2,5,2,2,1,3,4,5,0,5,0,1,1,6,14,-16.0
2016,4,0,P004429   ,0.0,0.0,OLY,10,"AGRAVANIS, DIMITRIOS",11:12,6,1,2,1,3,1,1,1,1,2,0,0,0,0,0,3,1,3,-2.0
2016,4,0,P003941   ,1.0,0.0,OLY,11,"MILUTINOV, NIKOLA",07:56,2,0,2,0,0,2,2,1,1,2,0,0,0,0,0,3,1,0,-2.0
2016,4,0,PAMM      ,1.0,1.0,OLY,15,"PRINTEZIS, GEORGIOS",28:48,11,4,8,0,0,3,4,0,3,3,2,0,0,0,0,2,4,13,-16.0
2016,4,0,P001255   ,1.0,0.0,OLY,16,"PAPANIKOLAOU, KOSTAS",16:09,4,2,4,0,5,0,0,1,2,3,1,1,1,1,0,3,0,-1,2.0
2016,4,0,P003537   ,1.0,1.0,OLY,17,"MANTZARIS, VANGELIS",24:22,3,0,1,1,3,0,0,1,3,4,2,0,0,0,0,2,0,4,-16.0
2016,4,0,P001844   ,0.0,0.0,OLY,23,"HACKETT, DANIEL",13:01,6,2,3,0,1,2,2,1,0,1,1,1,0,0,0,1,3,9,-1.0
2016,4,0,P003608   ,0.0,1.0,OLY,24,"LOJESKI, MATT",23:18,14,2,3,3,6,1,2,0,1,1,4,1,3,0,0,1,1,12,-19.0
2016,4,0,Team,0.0,0.0,OLY,,Team,,0,0,0,0,0,0,0,1,2,3,0,0,0,0,0,0,0,3,
2016,4,0,Total,,,OLY,,Total,200:00,65,16,38,7,24,12,15,10,25,35,15,4,12,3,2,22,17,61,
2016,5,1,PLIM      ,0.0,0.0,ULK,5,"HERSEK, BARIS",DNP,0,0,0,0,0,0,0,0,0,0,0,0,0,0,0,0,0,0,0.0
2016,5,1,P006503   ,1.0,1.0,ULK,8,"UDOH, EKPE",30:21,10,4,10,0,0,2,2,2,5,7,1,2,0,0,0,1,4,17,-2.0
2016,5,1,P002969   ,0.0,0.0,ULK,10,"MAHMUTOGLU, MELIH",DNP,0,0,0,0,0,0,0,0,0,0,0,0,0,0,0,0,0,0,0.0
2016,5,1,PBAE      ,0.0,0.0,ULK,12,"ANTIC, PERO",19:35,10,1,1,2,3,2,2,0,1,1,1,2,0,1,0,2,2,14,12.0
2016,5,1,P002821   ,1.0,1.0,ULK,13,"BOGDANOVIC, BOGDAN",30:25,18,4,5,2,4,4,4,0,2,2,3,0,3,0,0,3,5,19,-1.0
2016,5,1,P001926   ,0.0,1.0,ULK,16,"SLOUKAS, KOSTAS",21:48,0,0,4,0,0,0,0,0,2,2,4,0,4,0,2,1,1,-4,-1.0
2016,5,1,P005348   ,0.0,0.0,ULK,18,"ARNA, EGEHAN",DNP,0,0,0,0,0,0,0,0,0,0,0,0,0,0,0,0,0,0,0.0
2016,5,1,P007400   ,0.0,0.0,ULK,21,"NUNNALLY, JAMES WILLIAM",22:26,4,1,2,0,0,2,2,0,4,4,3,1,1,0,1,3,1,7,7.0
2016,5,1,P003783   ,0.0,0.0,ULK,23,"UGURLU, BERK",DNP,0,0,0,0,0,0,0,0,0,0,0,0,0,0,0,0,0,0,0.0
2016,5,1,P000925   ,1.0,1.0,ULK,24,"VESELY, JAN",27:01,10,2,10,0,0,6,11,2,4,6,1,0,0,0,3,2,8,7,-10.0
2016,5,1,P001324   ,1.0,0.0,ULK,35,"DIXON, BOBBY",22:23,8,1,2,2,4,0,0,0,2,2,1,0,1,0,0,1,2,8,4.0
2016,5,1,PCCD      ,1.0,1.0,ULK,70,"DATOME, LUIGI",26:01,7,1,6,1,3,2,2,1,4,5,2,0,0,0,0,2,1,6,-4.0
2016,5,1,Team,0.0,0.0,ULK,,Team,,0,0,0,0,0,0,0,2,2,4,0,0,0,0,0,0,0,4,
2016,5,1,Total,,,ULK,,Total,200:00,67,14,40,7,14,18,23,7,26,33,16,5,9,1,6,15,24,78,
2016,5,0,P001392   ,1.0,0.0,BAM,1,"CAUSEUR, FABIEN",22:17,4,2,3,0,2,0,0,0,1,1,0,1,2,0,0,3,1,-1,-6.0
2016,5,0,P002849   ,1.0,1.0,BAM,4,"MELLI, NICOLO",29:57,5,2,7,0,2,1,1,0,12,12,3,1,2,2,0,4,4,14,1.0
2016,5,0,PABN      ,1.0,1.0,BAM,6,"ZISIS, NIKOS",31:29,11,3,7,1,3,2,2,1,0,1,5,0,3,0,0,4,3,7,-3.0
2016,5,0,P002506   ,0.0,0.0,BAM,8,"STAIGER, LUCCA",03:13,0,0,0,0,2,0,0,0,1,1,1,0,0,0,0,1,0,-1,-2.0
2016,5,0,P004132   ,0.0,1.0,BAM,10,"THEIS, DANIEL",21:05,8,4,5,0,0,0,0,1,4,5,1,1,1,2,0,3,1,13,5.0
2016,5,0,P007032   ,0.0,0.0,BAM,12,"LO, MAODO",03:50,0,0,1,0,1,0,0,0,0,0,0,0,0,0,0,1,0,-3,1.0
2016,5,0,P000046   ,0.0,1.0,BAM,13,"STRELNIEKS, JANIS",27:57,7,0,1,2,8,1,1,1,4,5,3,0,1,0,0,1,2,8,-3.0
2016,5,0,PLLM      ,1.0,0.0,BAM,14,"VEREMEENKO, VLADIMIR",15:20,6,3,5,0,0,0,0,2,1,3,1,0,0,1,1,3,0,5,-4.0
2016,5,0,P005460   ,0.0,0.0,BAM,20,"HARRIS, ELIAS",DNP,0,0,0,0,0,0,0,0,0,0,0,0,0,0,0,0,0,0,0.0
2016,5,0,P006421   ,1.0,1.0,BAM,21,"MILLER, DARIUS",26:45,17,3,4,2,5,5,5,0,2,2,2,2,0,1,0,3,3,20,7.0
2016,5,0,P004512   ,0.0,0.0,BAM,25,"KRATZER, LEON",DNP,0,0,0,0,0,0,0,0,0,0,0,0,0,0,0,0,0,0,0.0
2016,5,0,P006420   ,0.0,0.0,BAM,33,"HECKMANN, PATRICK",18:07,8,1,1,2,3,0,0,0,3,3,1,0,2,0,0,1,0,8,-1.0
2016,5,0,Team,0.0,0.0,BAM,,Team,,0,0,0,0,0,0,0,2,0,2,0,0,0,0,0,0,0,2,
2016,5,0,Total,,,BAM,,Total,200:00,66,18,34,7,26,9,9,7,28,35,17,5,11,6,1,24,14,72,
2016,6,1,P007200   ,1.0,1.0,BAS,0,"LARKIN, SHANE",31:58,9,3,5,1,4,0,0,1,3,4,5,0,4,0,0,2,1,8,-8.0
2016,6,1,PBWZ      ,1.0,1.0,BAS,1,"BARGNANI, ANDREA",25:08,26,8,11,2,3,4,6,3,1,4,0,0,1,0,0,4,4,23,6.0
2016,6,1,P007394   ,0.0,1.0,BAS,2,"AKOGNON, JOSH",12:49,5,1,1,1,4,0,0,0,1,1,2,0,1,0,0,2,2,4,8.0
2016,6,1,P007199   ,0.0,0.0,BAS,5,"COONEY, TREVOR",05:19,0,0,0,0,1,0,0,0,0,0,1,0,0,0,0,0,0,0,1.0
2016,6,1,P007201   ,0.0,0.0,BAS,7,"VOIGTMANN, JOHANNES",18:17,12,3,4,2,2,0,0,3,5,8,1,0,0,0,0,2,1,19,5.0
2016,6,1,P005099   ,1.0,0.0,BAS,8,"HANGA, ADAM",30:28,6,1,2,0,4,4,6,0,4,4,4,0,7,2,0,5,4,1,-1.0
2016,6,1,P007230   ,0.0,0.0,BAS,9,"SEDEKERSKIS, TADAS",DNP,0,0,0,0,0,0,0,0,0,0,0,0,0,0,0,0,0,0,0.0
2016,6,1,P003452   ,1.0,1.0,BAS,11,"BLAZIC, JAKA",31:42,8,2,6,0,0,4,6,2,5,7,1,0,3,0,0,2,5,10,0.0
2016,6,1,P003540   ,0.0,0.0,BAS,12,"DIOP, ILIMANE",04:54,3,1,1,0,0,1,1,0,0,0,0,0,0,0,0,1,1,3,-6.0
2016,6,1,P002744   ,0.0,0.0,BAS,14,"TILLIE, KIM",DNP,0,0,0,0,0,0,0,0,0,0,0,0,0,0,0,0,0,0,0.0
2016,6,1,P001133   ,1.0,1.0,BAS,23,"SHENGELIA, TORNIKE",29:50,16,7,9,0,1,2,4,5,4,9,0,1,3,0,1,1,6,22,-7.0
2016,6,1,P001633   ,0.0,0.0,BAS,55,"LUZ, RAFA",09:35,0,0,1,0,0,0,0,0,1,1,2,2,1,0,0,3,0,0,7.0
2016,6,1,Team,0.0,0.0,BAS,,Team,,0,0,0,0,0,0,0,0,2,2,0,0,0,0,0,0,0,2,
2016,6,1,Total,,,BAS,,Total,200:00,85,26,40,6,19,15,23,14,26,40,16,3,20,2,1,22,24,92,
2016,6,0,P005094   ,0.0,1.0,IST,1,"THOMAS, DESHAUN",16:02,9,2,3,1,3,2,2,0,0,0,0,1,0,0,0,2,1,6,5.0
2016,6,0,P005800   ,0.0,0.0,IST,2,"HONEYCUTT, TYLER",18:38,3,0,3,1,2,0,0,1,2,3,2,3,1,0,0,3,1,4,-1.0
2016,6,0,P003521   ,0.0,0.0,IST,4,"BALBAY, DOGUS",DNP,0,0,0,0,0,0,0,0,0,0,0,0,0,0,0,0,0,0,0.0
2016,6,0,P004425   ,1.0,0.0,IST,5,"BROWN, DERRICK",27:34,16,5,10,1,2,3,4,0,2,2,0,2,4,0,0,2,2,9,-11.0
2016,6,0,P004088   ,1.0,1.0,IST,6,"OSMAN, CEDI",25:25,13,1,2,3,5,2,2,1,1,2,2,0,0,1,1,3,2,13,1.0
2016,6,0,P007121   ,1.0,1.0,IST,7,"COTTON, BRYCE",26:14,13,3,4,1,6,4,4,0,3,3,1,1,0,0,0,2,3,13,2.0
2016,6,0,P007122   ,0.0,0.0,IST,9,"GEYIK, SAMET",DNP,0,0,0,0,0,0,0,0,0,0,0,0,0,0,0,0,0,0,0.0
2016,6,0,P005763   ,0.0,0.0,IST,10,"KORKMAZ, FURKAN",DNP,0,0,0,0,0,0,0,0,0,0,0,0,0,0,0,0,0,0,0.0
2016,6,0,P003024   ,1.0,0.0,IST,15,"GRANGER, JAYSON",30:31,9,4,11,0,2,1,2,3,1,4,4,0,1,0,0,3,5,8,-8.0
2016,6,0,P004222   ,0.0,0.0,IST,23,"OMIC, ALEN",11:42,4,1,2,0,0,2,3,2,1,3,1,1,0,0,1,3,2,5,3.0
2016,6,0,PKLT      ,0.0,1.0,IST,31,"HEURTEL, THOMAS",19:12,6,1,4,1,3,1,1,0,1,1,5,0,4,0,0,3,2,2,3.0
2016,6,0,P003048   ,1.0,1.0,IST,42,"DUNSTON, BRYANT",24:42,11,5,5,0,0,1,1,2,2,4,0,1,1,0,0,4,3,14,1.0
2016,6,0,Team,0.0,0.0,IST,,Team,,0,0,0,0,0,0,0,4,1,5,0,0,0,0,0,0,0,5,
2016,6,0,Total,,,IST,,Total,200:00,84,22,44,8,23,16,19,13,14,27,15,9,11,1,2,25,21,79,
2016,7,1,P006614   ,1.0,1.0,PAN,0,"SINGLETON, CHRIS",25:18,13,2,4,2,6,3,6,5,2,7,3,2,1,1,0,4,3,15,14.0
2016,7,1,P003482   ,0.0,1.0,PAN,2,"NICHOLS, DEMETRIS",23:40,2,1,2,0,2,0,0,1,2,3,0,0,0,2,0,1,2,5,6.0
2016,7,1,P002429   ,0.0,1.0,PAN,3,"RIVERS, K.C.",17:22,2,1,1,0,3,0,1,0,2,2,1,0,1,0,0,4,1,-3,2.0
2016,7,1,P003240   ,0.0,0.0,PAN,7,"BOCHORIDIS, ELEFTHERIOS",02:53,0,0,0,0,0,0,0,0,0,0,0,0,0,0,0,0,1,1,-4.0
2016,7,1,P001142   ,0.0,0.0,PAN,8,"CALATHES, PAT",DNP,0,0,0,0,0,0,0,0,0,0,0,0,0,0,0,0,0,0,0.0
2016,7,1,PBEZ      ,0.0,0.0,PAN,9,"FOTSIS, ANTONIS",07:37,6,0,0,2,3,0,0,1,1,2,0,0,0,0,0,1,0,6,3.0
2016,7,1,P000464   ,0.0,0.0,PAN,11,"PAPPAS, NIKOS",22:23,19,2,3,3,4,6,6,0,2,2,3,1,2,0,0,2,4,23,6.0
2016,7,1,P005918   ,1.0,0.0,PAN,12,"FELDEINE, JAMES",23:30,8,0,0,2,4,2,2,1,1,2,1,0,1,0,0,1,2,9,10.0
2016,7,1,P002980   ,1.0,1.0,PAN,14,"GIST, JAMES",21:03,8,3,3,0,1,2,3,0,4,4,1,1,2,0,0,4,3,9,-1.0
2016,7,1,P004218   ,1.0,0.0,PAN,15,"CHARALAMPOPOULOS, VASILIS",07:31,2,1,1,0,0,0,0,1,0,1,0,0,0,0,0,0,0,3,0.0
2016,7,1,PAQU      ,0.0,0.0,PAN,29,"BOUROUSIS, IOANNIS",17:27,11,4,9,0,2,3,4,2,4,6,0,0,1,1,0,0,4,13,0.0
2016,7,1,P001932   ,1.0,1.0,PAN,33,"CALATHES, NICK",31:16,13,3,7,1,5,4,8,0,2,2,4,1,1,0,0,3,6,10,4.0
2016,7,1,Team,0.0,0.0,PAN,,Team,,0,0,0,0,0,0,0,1,1,2,0,0,1,0,0,0,0,1,
2016,7,1,Total,,,PAN,,Total,200:00,84,17,30,10,30,20,30,12,21,33,13,5,10,4,0,20,26,92,
2016,7,0,P006433   ,1.0,1.0,ZAL,3,"PANGOS, KEVIN",18:49,3,0,2,1,5,0,0,0,3,3,3,1,3,0,0,2,1,0,-7.0
2016,7,0,P003210   ,0.0,0.0,ZAL,4,"LEKAVICIUS, LUKAS",20:26,12,3,7,2,6,0,0,0,2,2,0,2,3,0,1,5,1,0,0.0
2016,7,0,P002543   ,0.0,1.0,ZAL,9,"WESTERMANN, LEO",20:33,4,1,4,0,3,2,2,1,2,3,3,0,1,0,0,3,2,2,-9.0
2016,7,0,PKNO      ,1.0,0.0,ZAL,10,"SEIBUTIS, RENALDAS",05:55,0,0,1,0,0,0,0,0,0,0,0,0,1,0,0,1,0,-3,0.0
2016,7,0,P006599   ,0.0,0.0,ZAL,12,"MOTUM, BROCK",21:54,19,6,10,1,1,4,4,4,1,5,0,0,0,0,2,2,3,19,-14.0
2016,7,0,PBWI      ,1.0,1.0,ZAL,13,"JANKUNAS, PAULIUS",25:26,13,3,5,0,1,7,8,3,5,8,0,1,2,0,1,1,9,23,-6.0
2016,7,0,PBVE      ,0.0,0.0,ZAL,15,"JAVTOKAS, ROBERTAS",12:24,4,2,3,0,0,0,0,3,2,5,0,0,1,0,0,3,0,4,8.0
2016,7,0,PKPD      ,0.0,1.0,ZAL,21,"MILAKNIS, ARTURAS",20:08,11,2,2,2,5,1,2,0,0,0,0,0,0,0,0,1,2,8,-2.0
2016,7,0,P001098   ,0.0,0.0,ZAL,23,"LIMA, AUGUSTO",08:51,2,1,1,0,0,0,0,1,1,2,0,0,0,0,0,1,0,3,-14.0
2016,7,0,P000399   ,1.0,0.0,ZAL,44,"KAVALIAUSKAS, ANTANAS",10:55,6,3,4,0,0,0,0,1,4,5,0,0,3,0,0,4,0,3,10.0
2016,7,0,P005846   ,0.0,0.0,ZAL,55,"HARTENSTEIN, ISAIAH",DNP,0,0,0,0,0,0,0,0,0,0,0,0,0,0,0,0,0,0,0.0
2016,7,0,P002329   ,1.0,1.0,ZAL,92,"ULANOVAS, EDGARAS",34:39,2,1,5,0,2,0,0,3,4,7,3,1,0,0,0,3,2,6,-6.0
2016,7,0,Team,0.0,0.0,ZAL,,Team,,0,0,0,0,0,0,0,2,2,4,0,0,1,0,0,0,0,3,
2016,7,0,Total,,,ZAL,,Total,200:00,76,22,44,6,23,14,16,18,26,44,9,5,15,0,4,26,20,68,
2016,8,1,P002026   ,1.0,1.0,UNK,2,"ANTIPOV, PAVEL",24:45,9,0,0,3,6,0,0,0,3,3,1,0,1,0,0,2,1,8,-5.0
2016,8,1,P007050   ,1.0,0.0,UNK,4,"CLARKE, COTY",24:48,7,2,7,1,2,0,0,0,8,8,0,1,2,1,0,2,1,8,-1.0
2016,8,1,P001887   ,1.0,1.0,UNK,5,"LANGFORD, KEITH",31:18,14,3,13,2,3,2,2,2,0,2,5,1,3,1,1,0,2,10,-8.0
2016,8,1,PJAN      ,1.0,0.0,UNK,7,"PONKRASHOV, ANTON",26:04,10,2,5,2,3,0,0,0,3,3,6,0,3,0,0,1,1,12,0.0
2016,8,1,P003034   ,1.0,1.0,UNK,9,"PARAKHOUSKI, ARTSIOM",17:28,4,2,3,0,0,0,0,0,4,4,0,0,0,1,0,3,0,5,1.0
2016,8,1,P006533   ,0.0,1.0,UNK,10,"COLOM, QUINO",18:13,2,1,4,0,4,0,0,0,1,1,2,0,2,0,0,0,3,-1,-3.0
2016,8,1,PATS      ,0.0,0.0,UNK,13,"BANIC, MARKO",DNP,0,0,0,0,0,0,0,0,0,0,0,0,0,0,0,0,0,0,0.0
2016,8,1,P001389   ,0.0,1.0,UNK,18,"VORONOV, EVGENY",19:37,2,1,3,0,0,0,0,1,1,2,1,1,1,1,0,3,0,1,-6.0
2016,8,1,P006594   ,0.0,0.0,UNK,19,"KARPUKHIN, ALEKSANDR",DNP,0,0,0,0,0,0,0,0,0,0,0,0,0,0,0,0,0,0,0.0
2016,8,1,PLSK      ,0.0,0.0,UNK,20,"PANIN, VADIM",DNP,0,0,0,0,0,0,0,0,0,0,0,0,0,0,0,0,0,0,0.0
2016,8,1,PJUP      ,0.0,0.0,UNK,21,"KAIMAKOGLOU, KOSTAS",15:15,3,0,0,1,1,0,0,0,1,1,1,0,3,0,0,4,0,-2,-1.0
2016,8,1,P004259   ,0.0,0.0,UNK,22,"WILLIAMS, LATAVIOUS",22:32,12,6,8,0,0,0,0,9,6,15,1,0,0,1,0,3,1,25,-7.0
2016,8,1,Team,0.0,0.0,UNK,,Team,,0,0,0,0,0,0,0,0,0,0,0,0,0,0,0,0,0,0,
2016,8,1,Total,,,UNK,,Total,200:00,63,17,43,9,19,2,2,12,27,39,17,3,15,5,1,18,9,66,
2016,8,0,P003367   ,1.0,1.0,BAR,2,"RICE, TYRESE",34:00,5,1,10,1,5,0,0,0,0,0,9,3,0,0,1,1,0,2,5.0
2016,8,0,P001832   ,1.0,1.0,BAR,5,"DOELLMAN, JUSTIN",33:49,23,7,12,2,4,3,3,2,3,5,2,2,2,0,1,2,5,25,10.0
2016,8,0,P003508   ,0.0,0.0,BAR,6,"DORSEY, JOEY",12:54,3,1,3,0,0,1,2,1,3,4,0,0,1,0,0,1,1,3,-4.0
2016,8,0,P000556   ,1.0,0.0,BAR,10,"CLAVER, VICTOR",18:02,3,0,3,1,1,0,0,1,3,4,3,0,3,0,2,0,0,2,-5.0
2016,8,0,PADI      ,0.0,1.0,BAR,11,"NAVARRO, JUAN CARLOS",21:58,13,1,2,3,5,2,2,0,2,2,3,1,1,0,1,0,2,16,11.0
2016,8,0,P003469   ,0.0,0.0,BAR,14,"VEZENKOV, ALEKSANDAR",06:11,3,0,0,1,1,0,0,0,0,0,0,0,0,0,0,0,1,4,-4.0
2016,8,0,P004588   ,0.0,0.0,BAR,16,"PENO, STEFAN",06:00,2,1,1,0,0,0,0,1,2,3,0,0,0,0,0,1,1,5,1.0
2016,8,0,P003151   ,0.0,0.0,BAR,20,"ERIKSSON, MARCUS",04:12,0,0,0,0,1,0,0,0,0,0,0,1,0,0,0,2,0,-2,1.0
2016,8,0,P001972   ,1.0,1.0,BAR,24,"OLESON, BRAD",21:39,4,2,2,0,2,0,0,0,1,1,1,0,0,0,0,0,1,5,12.0
2016,8,0,P005681   ,0.0,0.0,BAR,28,"SENA, WESLEY",DNP,0,0,0,0,0,0,0,0,0,0,0,0,0,0,0,0,0,0,0.0
2016,8,0,PKRH      ,0.0,0.0,BAR,33,"PERPEROGLOU, STRATOS",14:09,0,0,2,0,2,0,0,1,1,2,0,1,1,1,0,0,1,0,-7.0
2016,8,0,P002507   ,1.0,1.0,BAR,44,"TOMIC, ANTE",27:06,13,5,8,0,0,3,4,4,5,9,2,2,1,0,0,2,6,25,10.0
2016,8,0,Team,0.0,0.0,BAR,,Team,,0,0,0,0,0,0,0,2,2,4,0,0,2,0,0,0,0,2,
2016,8,0,Total,,,BAR,,Total,200:00,69,18,43,8,21,9,11,12,22,34,20,10,11,1,5,9,18,87,
2016,9,1,P001392   ,1.0,0.0,BAM,1,"CAUSEUR, FABIEN",15:50,4,1,3,0,1,2,2,0,0,0,2,0,1,0,0,4,2,0,0.0
2016,9,1,P002849   ,1.0,1.0,BAM,4,"MELLI, NICOLO",29:32,15,4,6,0,1,7,7,0,7,7,2,1,2,2,0,2,4,24,5.0
2016,9,1,PABN      ,1.0,1.0,BAM,6,"ZISIS, NIKOS",31:04,16,4,7,1,2,5,5,0,0,0,12,0,2,0,0,2,4,24,5.0
2016,9,1,P002506   ,0.0,0.0,BAM,8,"STAIGER, LUCCA",02:48,3,0,0,1,2,0,0,0,0,0,0,0,0,0,0,0,0,2,-2.0
2016,9,1,P004132   ,0.0,1.0,BAM,10,"THEIS, DANIEL",21:09,7,3,7,0,0,1,1,3,2,5,0,0,0,1,1,3,2,7,-11.0
2016,9,1,P007032   ,0.0,0.0,BAM,12,"LO, MAODO",02:59,0,0,0,0,0,0,0,0,0,0,0,0,0,0,0,0,0,0,-8.0
2016,9,1,P000046   ,0.0,0.0,BAM,13,"STRELNIEKS, JANIS",28:38,17,5,6,2,2,1,1,0,1,1,0,0,2,0,0,4,2,13,8.0
2016,9,1,PLLM      ,0.0,0.0,BAM,14,"VEREMEENKO, VLADIMIR",10:03,6,3,5,0,0,0,0,2,0,2,1,0,1,0,0,3,0,3,11.0
2016,9,1,P005460   ,1.0,0.0,BAM,20,"HARRIS, ELIAS",03:35,2,1,2,0,0,0,0,0,0,0,0,0,0,0,0,1,2,2,-3.0
2016,9,1,P006421   ,1.0,1.0,BAM,21,"MILLER, DARIUS",31:57,15,2,4,2,8,5,5,1,6,7,1,0,1,0,0,3,3,14,14.0
2016,9,1,P006420   ,0.0,1.0,BAM,33,"HECKMANN, PATRICK",22:25,4,0,1,1,1,1,2,0,1,1,3,1,0,0,0,3,2,6,-4.0
2016,9,1,PLEM      ,0.0,0.0,BAM,43,"RADOSEVIC, LEON",DNP,0,0,0,0,0,0,0,0,0,0,0,0,0,0,0,0,0,0,0.0
2016,9,1,Team,0.0,0.0,BAM,,Team,,0,0,0,0,0,0,0,1,2,3,0,0,0,0,0,0,0,3,
2016,9,1,Total,,,BAM,,Total,200:00,89,23,41,7,17,22,23,7,19,26,21,2,9,3,1,25,21,98,
2016,9,0,P002026   ,1.0,0.0,UNK,2,"ANTIPOV, PAVEL",17:04,2,1,1,0,1,0,0,1,0,1,0,0,0,0,0,4,0,-2,2.0
2016,9,0,P007050   ,1.0,0.0,UNK,4,"CLARKE, COTY",33:37,20,5,9,2,2,4,4,1,6,7,0,2,1,0,0,2,2,24,8.0
2016,9,0,P001887   ,1.0,1.0,UNK,5,"LANGFORD, KEITH",35:23,24,8,17,0,3,8,8,0,1,1,4,0,0,0,1,2,9,23,-2.0
2016,9,0,PJAN      ,1.0,1.0,UNK,7,"PONKRASHOV, ANTON",22:03,2,1,4,0,3,0,0,0,6,6,7,2,2,0,0,1,1,9,-11.0
2016,9,0,P003034   ,1.0,0.0,UNK,9,"PARAKHOUSKI, ARTSIOM",21:32,11,4,5,0,0,3,4,4,3,7,0,0,2,0,0,4,5,15,-6.0
2016,9,0,P006533   ,0.0,1.0,UNK,10,"COLOM, QUINO",24:57,15,2,4,1,4,8,10,1,0,1,2,0,1,0,2,1,6,13,-3.0
2016,9,0,PATS      ,0.0,0.0,UNK,13,"BANIC, MARKO",DNP,0,0,0,0,0,0,0,0,0,0,0,0,0,0,0,0,0,0,0.0
2016,9,0,P001389   ,0.0,1.0,UNK,18,"VORONOV, EVGENY",04:07,0,0,1,0,1,0,0,0,0,0,0,0,0,0,0,1,0,-3,-1.0
2016,9,0,P006594   ,0.0,0.0,UNK,19,"KARPUKHIN, ALEKSANDR",DNP,0,0,0,0,0,0,0,0,0,0,0,0,0,0,0,0,0,0,0.0
2016,9,0,PLSK      ,0.0,0.0,UNK,20,"PANIN, VADIM",DNP,0,0,0,0,0,0,0,0,0,0,0,0,0,0,0,0,0,0,0.0
2016,9,0,PJUP      ,0.0,1.0,UNK,21,"KAIMAKOGLOU, KOSTAS",24:07,3,0,0,1,3,0,0,1,2,3,1,0,1,0,0,1,0,3,-6.0
2016,9,0,P004259   ,0.0,0.0,UNK,22,"WILLIAMS, LATAVIOUS",17:10,9,3,4,0,0,3,4,5,2,7,0,0,0,1,0,5,2,12,4.0
2016,9,0,Team,0.0,0.0,UNK,,Team,,0,0,0,0,0,0,0,4,0,4,0,0,0,0,0,0,0,4,
2016,9,0,Total,,,UNK,,Total,200:00,86,24,45,4,17,26,30,17,20,37,14,4,7,1,3,21,25,98,
2016,10,1,P006661   ,0.0,1.0,DAR,1,"WILBEKIN, SCOTTIE",29:22,13,2,2,3,7,0,0,1,0,1,6,3,1,0,0,2,1,17,5.0
2016,10,1,PARN      ,0.0,0.0,DAR,3,"ARSLAN, ENDER",DNP,0,0,0,0,0,0,0,0,0,0,0,0,0,0,0,0,0,0,0.0
2016,10,1,P004170   ,1.0,0.0,DAR,8,"BATUK, BIRKAN",14:44,2,1,1,0,3,0,0,1,2,3,0,1,1,0,0,3,1,0,-6.0
2016,10,1,P005838   ,1.0,1.0,DAR,11,"WANAMAKER, BRAD",29:27,16,3,6,2,5,4,4,0,1,1,6,1,5,0,1,3,3,12,2.0
2016,10,1,P004888   ,1.0,1.0,DAR,12,"CLYBURN, WILL",20:56,8,3,7,0,3,2,3,0,3,3,0,0,1,0,0,2,3,3,-1.0
2016,10,1,P001833   ,0.0,1.0,DAR,18,"MOERMAN, ADRIEN",27:22,20,3,5,4,7,2,2,2,3,5,0,1,1,0,0,3,2,19,21.0
2016,10,1,P003328   ,0.0,0.0,DAR,19,"ALDEMIR, FURKAN",10:26,0,0,1,0,0,0,0,1,1,2,1,0,0,2,0,1,0,3,2.0
2016,10,1,PJPF      ,0.0,0.0,DAR,21,"SAVAS, OGUZ",08:17,2,1,2,0,0,0,0,1,3,4,0,0,0,1,0,1,1,6,-1.0
2016,10,1,P005938   ,1.0,0.0,DAR,23,"ANDERSON, JAMES",21:49,14,3,5,2,7,2,4,0,2,2,2,3,3,0,0,0,3,12,-10.0
2016,10,1,P000659   ,1.0,1.0,DAR,44,"SLAUGHTER, MARCUS",10:33,2,1,1,0,0,0,0,1,1,2,0,2,1,0,0,4,2,3,-4.0
2016,10,1,P000436   ,0.0,0.0,DAR,45,"BERTANS, DAIRIS",12:35,3,0,0,1,3,0,0,0,0,0,0,0,1,0,0,1,2,1,-1.0
2016,10,1,P004902   ,0.0,0.0,DAR,81,"HARANGODY, LUKE",14:29,0,0,0,0,0,0,0,0,0,0,1,0,0,0,0,0,0,1,-12.0
2016,10,1,Team,0.0,0.0,DAR,,Team,,0,0,0,0,0,0,0,0,3,3,0,0,0,0,0,0,0,3,
2016,10,1,Total,,,DAR,,Total,200:00,80,17,30,12,35,10,13,7,19,26,16,11,14,3,1,20,18,80,
2016,10,0,P004418   ,0.0,1.0,MIL,1,"MCLEAN, JAMEL",18:02,11,4,5,0,0,3,3,4,4,8,1,0,2,0,1,2,3,17,3.0
2016,10,0,P000880   ,1.0,1.0,MIL,5,"GENTILE, ALESSANDRO",23:28,10,5,9,0,1,0,2,0,3,3,2,4,2,1,0,3,2,10,1.0
2016,10,0,P004159   ,1.0,0.0,MIL,7,"HICKMAN, RICKY",26:56,4,2,4,0,5,0,0,0,5,5,5,1,3,0,1,1,0,3,1.0
2016,10,0,PJBX      ,0.0,1.0,MIL,9,"KALNIETIS, MANTAS",19:01,11,0,1,3,3,2,4,0,2,2,3,0,1,0,0,1,3,14,1.0
2016,10,0,PJDU      ,1.0,0.0,MIL,11,"RADULJICA, MIROSLAV",16:40,6,1,3,0,0,4,4,1,4,5,1,0,3,0,0,1,6,12,0.0
2016,10,0,P003514   ,1.0,0.0,MIL,12,"DRAGIC, ZORAN",17:35,7,2,4,1,1,0,0,2,0,2,1,1,1,0,1,2,0,5,-4.0
2016,10,0,PJEA      ,1.0,0.0,MIL,13,"MACVAN, MILAN",29:12,19,5,7,3,3,0,0,3,3,6,3,0,3,0,0,4,2,21,-8.0
2016,10,0,P006385   ,0.0,0.0,MIL,14,"PASCOLO, DAVIDE",DNP,0,0,0,0,0,0,0,0,0,0,0,0,0,0,0,0,0,0,0.0
2016,10,0,PKIW      ,0.0,0.0,MIL,20,"CINCIARINI, ANDREA",06:08,0,0,0,0,0,0,0,0,0,0,0,0,0,0,0,0,0,0,5.0
2016,10,0,P005001   ,0.0,1.0,MIL,21,"SANDERS, RAKIM",16:06,6,1,2,1,3,1,2,1,2,3,0,1,2,0,0,3,2,3,7.0
2016,10,0,P003527   ,0.0,0.0,MIL,23,"ABASS, AWUDU",DNP,0,0,0,0,0,0,0,0,0,0,0,0,0,0,0,0,0,0,0.0
2016,10,0,PCPR      ,0.0,1.0,MIL,43,"SIMON, KRUNOSLAV",26:52,7,1,6,1,3,2,2,2,2,4,2,1,2,0,0,2,2,5,-1.0
2016,10,0,Team,0.0,0.0,MIL,,Team,,0,0,0,0,0,0,0,0,4,4,0,0,0,0,0,0,0,4,
2016,10,0,Total,,,MIL,,Total,200:00,81,21,41,9,19,12,17,13,29,42,18,8,19,1,3,19,20,94,
2016,11,1,P004903   ,1.0,1.0,TEL,0,"GOUDELOCK, ANDREW",32:43,16,4,8,1,1,5,6,1,2,3,5,0,2,0,0,1,6,22,-6.0
2016,11,1,P006536   ,1.0,1.0,TEL,3,"RUDD, VICTOR",33:13,18,5,6,2,7,2,4,2,5,7,1,3,3,0,0,3,4,19,-1.0
2016,11,1,P004862   ,0.0,1.0,TEL,4,"SEELEY, D.J.",23:30,10,2,6,2,3,0,0,2,2,4,1,1,1,0,1,2,0,7,12.0
2016,11,1,P001274   ,1.0,0.0,TEL,6,"SMITH, DEVIN",16:10,5,1,1,1,1,0,0,1,2,3,1,0,2,0,0,0,0,7,-14.0
2016,11,1,PKJP      ,0.0,0.0,TEL,9,"MEKEL, GAL",06:18,0,0,1,0,0,0,0,0,1,1,1,0,0,0,0,1,0,0,-7.0
2016,11,1,PLKX      ,0.0,1.0,TEL,10,"PNINI, GUY",08:51,0,0,0,0,2,0,0,0,1,1,0,0,0,0,0,0,0,-1,-11.0
2016,11,1,P000622   ,1.0,0.0,TEL,12,"OHAYON, YOGEV",13:23,2,1,4,0,2,0,0,0,2,2,1,1,0,0,0,1,0,0,-8.0
2016,11,1,P003443   ,0.0,1.0,TEL,13,"WEEMS, SONNY",26:42,15,4,8,2,5,1,2,1,3,4,5,0,1,0,2,4,4,13,2.0
2016,11,1,P004160   ,0.0,0.0,TEL,15,"LANDESBERG, SYLVEN",06:08,0,0,0,0,0,0,0,0,0,0,0,0,0,0,0,2,1,-1,-2.0
2016,11,1,P006195   ,0.0,0.0,TEL,23,"ALEXANDER, JOE",00:16,0,0,0,0,0,0,0,0,0,0,0,0,0,0,0,0,0,0,-3.0
2016,11,1,P005154   ,0.0,0.0,TEL,24,"IVERSON, COLTON",17:50,10,4,6,0,0,2,4,2,4,6,1,0,1,0,0,5,3,10,17.0
2016,11,1,P004183   ,1.0,0.0,TEL,33,"ZIRBES, MAIK",14:56,6,3,5,0,0,0,0,1,1,2,1,0,1,0,0,3,0,3,-14.0
2016,11,1,Team,0.0,0.0,TEL,,Team,,0,0,0,0,0,0,0,0,2,2,0,0,1,0,0,0,0,1,
2016,11,1,Total,,,TEL,,Total,200:00,82,24,45,8,21,10,16,10,25,35,17,5,12,0,3,22,18,80,
2016,11,0,P005757   ,0.0,1.0,MAD,3,"RANDOLPH, ANTHONY",21:22,9,4,8,0,2,1,1,3,2,5,0,0,0,0,0,0,3,11,9.0
2016,11,0,P002946   ,1.0,1.0,MAD,4,"DRAPER, DONTAYE",18:46,0,0,0,0,2,0,0,0,2,2,2,2,0,0,0,1,2,5,-8.0
2016,11,0,PBMT      ,1.0,1.0,MAD,5,"FERNANDEZ, RUDY",25:03,16,2,4,4,8,0,0,0,0,0,1,3,1,0,0,2,3,14,-9.0
2016,11,0,PAPR      ,0.0,0.0,MAD,6,"NOCIONI, ANDRES",DNP,0,0,0,0,0,0,0,0,0,0,0,0,0,0,0,0,0,0,0.0
2016,11,0,P005929   ,0.0,1.0,MAD,7,"DONCIC, LUKA",16:22,2,0,0,0,0,2,2,1,3,4,2,0,0,0,0,1,1,8,5.0
2016,11,0,PJCC      ,0.0,0.0,MAD,8,"MACIULIS, JONAS",09:54,4,2,3,0,0,0,0,2,2,4,0,0,0,0,0,1,1,7,5.0
2016,11,0,PAAX      ,0.0,1.0,MAD,9,"REYES, FELIPE",13:02,4,0,1,1,1,1,1,0,0,0,1,0,1,2,0,2,2,5,10.0
2016,11,0,P005927   ,1.0,0.0,MAD,14,"AYON, GUSTAVO",20:35,9,4,6,0,0,1,2,4,4,8,3,0,1,0,0,2,2,16,1.0
2016,11,0,P001960   ,0.0,0.0,MAD,20,"CARROLL, JAYCEE",16:22,18,1,4,5,8,1,1,0,3,3,0,0,0,0,0,4,3,14,14.0
2016,11,0,P005160   ,0.0,0.0,MAD,21,"HUNTER, OTHELLO",10:29,7,2,3,0,0,3,3,2,3,5,0,1,0,1,0,1,2,14,2.0
2016,11,0,PTGB      ,1.0,0.0,MAD,23,"LLULL, SERGIO",34:02,14,6,8,0,8,2,2,1,1,2,11,1,3,0,0,4,2,13,11.0
2016,11,0,P005836   ,1.0,0.0,MAD,33,"THOMPKINS, TREY",14:03,6,2,3,0,4,2,2,0,2,2,0,1,2,0,0,1,1,2,-5.0
2016,11,0,Team,0.0,0.0,MAD,,Team,,0,0,0,0,0,0,0,0,2,2,0,0,1,0,0,0,0,1,
2016,11,0,Total,,,MAD,,Total,200:00,89,23,40,10,33,13,14,13,24,37,20,8,9,3,0,19,22,110,
2016,12,1,P005159   ,0.0,1.0,OLY,1,"GREEN, ERICK",18:28,11,3,5,1,3,2,2,0,1,1,1,1,2,0,0,3,3,8,16.0
2016,12,1,P007182   ,1.0,1.0,OLY,2,"BIRCH, KHEM",18:20,4,2,3,0,0,0,2,0,8,8,0,0,1,3,1,3,1,8,10.0
2016,12,1,P005984   ,0.0,0.0,OLY,4,"YOUNG, PATRIC",DNP,0,0,0,0,0,0,0,0,0,0,0,0,0,0,0,0,0,0,0.0
2016,12,1,P005161   ,0.0,1.0,OLY,6,"PAPAPETROU, IOANNIS",19:20,6,2,3,0,2,2,2,0,0,0,1,1,0,0,0,2,1,4,13.0
2016,12,1,PJUO      ,1.0,1.0,OLY,7,"SPANOULIS, VASSILIS",25:56,17,3,5,2,4,5,7,0,3,3,9,0,3,0,0,3,9,26,6.0
2016,12,1,P004429   ,0.0,0.0,OLY,10,"AGRAVANIS, DIMITRIOS",DNP,0,0,0,0,0,0,0,0,0,0,0,0,0,0,0,0,0,0,0.0
2016,12,1,P003941   ,0.0,0.0,OLY,11,"MILUTINOV, NIKOLA",21:40,8,4,7,0,0,0,0,2,5,7,1,2,0,1,0,3,2,15,14.0
2016,12,1,PAMM      ,1.0,0.0,OLY,15,"PRINTEZIS, GEORGIOS",20:40,15,5,9,1,1,2,3,1,5,6,1,0,1,0,1,0,3,18,11.0
2016,12,1,P001255   ,1.0,0.0,OLY,16,"PAPANIKOLAOU, KOSTAS",19:55,8,3,5,0,1,2,2,0,3,3,1,1,1,0,1,0,1,9,13.0
2016,12,1,P003537   ,1.0,0.0,OLY,17,"MANTZARIS, VANGELIS",18:05,2,0,0,0,2,2,2,1,2,3,1,1,0,0,0,2,2,5,13.0
2016,12,1,P001844   ,0.0,0.0,OLY,23,"HACKETT, DANIEL",17:31,5,0,2,0,0,5,6,0,3,3,3,1,0,0,0,2,3,10,13.0
2016,12,1,P003608   ,0.0,1.0,OLY,24,"LOJESKI, MATT",20:05,14,4,4,2,3,0,0,0,2,2,0,0,2,2,0,1,0,14,11.0
2016,12,1,Team,0.0,0.0,OLY,,Team,,0,0,0,0,0,0,0,0,2,2,0,0,1,0,0,0,0,1,
2016,12,1,Total,,,OLY,,Total,200:00,90,26,43,6,16,20,26,4,34,38,18,7,11,6,3,19,25,118,
2016,12,0,P005094   ,0.0,1.0,IST,1,"THOMAS, DESHAUN",25:53,10,2,7,2,6,0,2,2,3,5,1,0,1,0,1,0,1,4,-3.0
2016,12,0,P005800   ,1.0,0.0,IST,2,"HONEYCUTT, TYLER",21:20,6,1,4,1,1,1,2,3,6,9,2,0,3,1,0,4,1,8,-13.0
2016,12,0,P003521   ,0.0,0.0,IST,4,"BALBAY, DOGUS",DNP,0,0,0,0,0,0,0,0,0,0,0,0,0,0,0,0,0,0,0.0
2016,12,0,P004425   ,1.0,0.0,IST,5,"BROWN, DERRICK",27:36,10,5,13,0,1,0,0,2,4,6,2,0,2,2,2,2,3,8,-25.0
2016,12,0,P004088   ,0.0,1.0,IST,6,"OSMAN, CEDI",31:15,22,5,6,3,6,3,4,2,4,6,0,0,0,0,1,3,5,24,-17.0
2016,12,0,P007121   ,1.0,0.0,IST,7,"COTTON, BRYCE",10:39,0,0,2,0,0,0,0,0,2,2,0,0,1,0,0,3,0,-4,-9.0
2016,12,0,P007122   ,0.0,0.0,IST,9,"GEYIK, SAMET",DNP,0,0,0,0,0,0,0,0,0,0,0,0,0,0,0,0,0,0,0.0
2016,12,0,P005763   ,0.0,1.0,IST,10,"KORKMAZ, FURKAN",11:44,2,1,4,0,1,0,0,0,0,0,1,2,0,0,0,1,1,1,-3.0
2016,12,0,P003024   ,1.0,1.0,IST,15,"GRANGER, JAYSON",25:37,6,1,7,1,2,1,1,1,1,2,1,0,1,0,0,4,4,1,-30.0
2016,12,0,P004222   ,0.0,0.0,IST,23,"OMIC, ALEN",02:37,2,1,1,0,0,0,0,0,0,0,0,0,0,0,0,0,0,2,-5.0
2016,12,0,PKLT      ,0.0,0.0,IST,31,"HEURTEL, THOMAS",19:25,3,0,5,1,2,0,0,0,1,1,4,0,2,0,0,5,0,-5,0.0
2016,12,0,P003048   ,1.0,1.0,IST,42,"DUNSTON, BRYANT",23:54,5,1,7,0,1,3,6,4,4,8,0,0,0,0,2,4,4,1,-15.0
2016,12,0,Team,0.0,0.0,IST,,Team,,0,0,0,0,0,0,0,3,0,3,0,0,1,0,0,0,0,2,
2016,12,0,Total,,,IST,,Total,200:00,66,17,56,8,20,8,15,17,25,42,11,2,11,3,6,26,19,42,
2016,13,1,P002100   ,1.0,0.0,CSK,1,"DE COLO, NANDO",31:17,20,4,10,3,6,3,4,0,1,1,4,0,3,0,2,2,7,15,10.0
2016,13,1,PJDR      ,0.0,1.0,CSK,4,"TEODOSIC, MILOS",26:50,6,2,3,0,5,2,2,0,2,2,9,0,3,0,1,2,3,8,-3.0
2016,13,1,P001438   ,0.0,1.0,CSK,5,"AUGUSTINE, JAMES",17:08,8,3,4,0,0,2,4,2,5,7,0,0,0,1,1,4,3,11,1.0
2016,13,1,PLLH      ,0.0,1.0,CSK,7,"FRIDZON, VITALY",15:09,8,1,2,1,2,3,4,0,3,3,0,1,0,0,0,3,2,8,5.0
2016,13,1,P003413   ,1.0,0.0,CSK,9,"JACKSON, AARON",13:10,9,2,2,1,1,2,3,1,2,3,1,0,0,0,0,0,4,16,7.0
2016,13,1,P004941   ,0.0,0.0,CSK,11,"ANTONOV, SEMEN",00:57,0,0,0,0,1,0,0,0,0,0,0,0,0,0,0,0,0,-1,4.0
2016,13,1,PLHI      ,1.0,1.0,CSK,20,"VORONTSEVICH, ANDREY",31:55,20,1,2,5,6,3,3,1,3,4,1,0,0,1,0,2,2,24,-1.0
2016,13,1,P006450   ,0.0,0.0,CSK,22,"HIGGINS, CORY",19:40,4,2,3,0,2,0,0,0,1,1,2,0,1,0,0,1,1,3,-2.0
2016,13,1,P007148   ,0.0,0.0,CSK,23,"AYRES, JEFF",DNP,0,0,0,0,0,0,0,0,0,0,0,0,0,0,0,0,0,0,0.0
2016,13,1,PBCQ      ,0.0,0.0,CSK,31,"KHRYAPA, VICTOR",07:08,0,0,1,0,3,0,0,0,2,2,0,1,0,1,1,1,0,-2,1.0
2016,13,1,PJLX      ,1.0,1.0,CSK,41,"KURBANOV, NIKITA",13:54,0,0,1,0,1,0,0,0,3,3,0,0,1,0,0,0,0,0,-5.0
2016,13,1,P002812   ,1.0,0.0,CSK,42,"HINES, KYLE",22:52,6,3,3,0,0,0,0,1,2,3,1,0,1,0,0,2,2,9,3.0
2016,13,1,Team,0.0,0.0,CSK,,Team,,0,0,0,0,0,0,0,2,2,4,0,0,2,0,0,0,0,2,
2016,13,1,Total,,,CSK,,Total,200:00,81,18,31,10,27,15,20,7,26,33,18,2,11,3,5,17,24,93,
2016,13,0,P006614   ,0.0,1.0,PAN,0,"SINGLETON, CHRIS",26:46,8,3,6,0,1,2,3,4,3,7,4,1,1,0,0,4,4,14,2.0
2016,13,0,P003482   ,1.0,0.0,PAN,2,"NICHOLS, DEMETRIS",25:58,20,4,6,3,5,3,3,0,4,4,2,0,0,1,0,5,4,22,1.0
2016,13,0,P002429   ,0.0,1.0,PAN,3,"RIVERS, K.C.",27:37,16,3,7,3,6,1,3,1,1,2,0,0,0,0,2,2,2,7,2.0
2016,13,0,P003240   ,0.0,0.0,PAN,7,"BOCHORIDIS, ELEFTHERIOS",07:10,2,1,1,0,1,0,0,0,0,0,0,0,0,0,0,1,0,0,-6.0
2016,13,0,P001142   ,0.0,0.0,PAN,8,"CALATHES, PAT",DNP,0,0,0,0,0,0,0,0,0,0,0,0,0,0,0,0,0,0,0.0
2016,13,0,PBEZ      ,0.0,1.0,PAN,9,"FOTSIS, ANTONIS",12:07,0,0,0,0,1,0,0,0,5,5,1,0,0,0,0,0,0,5,6.0
2016,13,0,P000464   ,0.0,0.0,PAN,11,"PAPPAS, NIKOS",19:41,4,2,4,0,4,0,1,1,0,1,0,1,2,1,0,2,1,-3,-5.0
2016,13,0,P005918   ,1.0,0.0,PAN,12,"FELDEINE, JAMES",10:10,3,0,0,1,2,0,0,0,1,1,1,0,1,0,0,1,0,2,-6.0
2016,13,0,P002980   ,1.0,1.0,PAN,14,"GIST, JAMES",22:59,8,4,6,0,0,0,0,0,0,0,1,1,1,2,0,3,1,7,-7.0
2016,13,0,P004218   ,0.0,0.0,PAN,15,"CHARALAMPOPOULOS, VASILIS",DNP,0,0,0,0,0,0,0,0,0,0,0,0,0,0,0,0,0,0,0.0
2016,13,0,PAQU      ,1.0,0.0,PAN,29,"BOUROUSIS, IOANNIS",14:42,6,2,5,0,0,2,2,1,2,3,1,0,1,0,0,2,3,7,-9.0
2016,13,0,P001932   ,1.0,1.0,PAN,33,"CALATHES, NICK",32:50,10,1,6,2,5,2,2,3,6,9,8,1,4,1,1,4,1,13,2.0
2016,13,0,Team,0.0,0.0,PAN,,Team,,0,0,0,0,0,0,0,2,0,2,0,0,0,0,0,0,0,2,
2016,13,0,Total,,,PAN,,Total,200:00,77,20,41,9,25,10,14,12,22,34,18,4,10,5,3,24,16,76,
2016,14,1,P003367   ,1.0,1.0,BAR,2,"RICE, TYRESE",31:07,19,5,6,2,9,3,4,0,2,2,6,1,3,0,1,3,7,19,2.0
2016,14,1,P001832   ,1.0,0.0,BAR,5,"DOELLMAN, JUSTIN",17:28,4,0,4,1,1,1,2,0,3,3,0,1,2,0,1,1,1,0,1.0
2016,14,1,P003508   ,0.0,1.0,BAR,6,"DORSEY, JOEY",20:34,7,3,3,0,0,1,2,2,3,5,1,0,1,0,0,2,1,10,-3.0
2016,14,1,PJUG      ,0.0,0.0,BAR,8,"RIBAS, PAU",10:44,0,0,1,0,1,0,0,0,0,0,0,1,0,0,0,2,0,-3,-4.0
2016,14,1,P000556   ,0.0,0.0,BAR,10,"CLAVER, VICTOR",14:19,0,0,0,0,1,0,0,0,0,0,0,2,1,0,0,3,0,-3,-9.0
2016,14,1,P003469   ,0.0,1.0,BAR,14,"VEZENKOV, ALEKSANDAR",19:00,7,1,2,1,2,2,2,1,1,2,4,2,0,0,0,1,2,14,5.0
2016,14,1,P004588   ,0.0,0.0,BAR,16,"PENO, STEFAN",04:57,2,1,1,0,0,0,0,1,1,2,0,1,1,0,0,1,0,3,5.0
2016,14,1,P003151   ,0.0,0.0,BAR,20,"ERIKSSON, MARCUS",01:16,0,0,0,0,0,0,0,0,0,0,0,0,0,0,0,0,0,0,-2.0
2016,14,1,P001972   ,1.0,1.0,BAR,24,"OLESON, BRAD",31:37,7,2,3,1,3,0,0,0,2,2,6,0,1,1,0,1,1,12,-3.0
2016,14,1,P005681   ,0.0,0.0,BAR,28,"SENA, WESLEY",DNP,0,0,0,0,0,0,0,0,0,0,0,0,0,0,0,0,0,0,0.0
2016,14,1,PKRH      ,1.0,1.0,BAR,33,"PERPEROGLOU, STRATOS",29:32,14,3,8,2,2,2,3,0,2,2,2,1,1,0,1,2,2,11,1.0
2016,14,1,P002507   ,1.0,0.0,BAR,44,"TOMIC, ANTE",19:26,12,5,5,0,0,2,4,2,6,8,0,0,3,1,0,3,5,18,2.0
2016,14,1,Team,0.0,0.0,BAR,,Team,,0,0,0,0,0,0,0,2,3,5,0,0,0,0,0,0,0,5,
2016,14,1,Total,,,BAR,,Total,200:00,72,20,33,7,19,11,17,8,23,31,19,9,13,2,3,19,19,86,
2016,14,0,P006503   ,1.0,1.0,ULK,8,"UDOH, EKPE",35:10,10,4,8,0,0,2,2,2,6,8,0,0,1,2,0,1,1,15,2.0
2016,14,0,P002969   ,0.0,0.0,ULK,10,"MAHMUTOGLU, MELIH",DNP,0,0,0,0,0,0,0,0,0,0,0,0,0,0,0,0,0,0,0.0
2016,14,0,PBAE      ,1.0,0.0,ULK,12,"ANTIC, PERO",18:22,6,0,1,2,3,0,0,0,1,1,0,2,1,0,0,1,2,7,2.0
2016,14,0,P002821   ,1.0,1.0,ULK,13,"BOGDANOVIC, BOGDAN",23:51,12,1,4,2,5,4,4,0,2,2,4,1,1,0,1,1,2,12,-1.0
2016,14,0,P001926   ,0.0,1.0,ULK,16,"SLOUKAS, KOSTAS",29:48,15,3,6,2,3,3,4,0,1,1,4,1,4,1,0,4,5,14,-3.0
2016,14,0,P007400   ,0.0,0.0,ULK,21,"NUNNALLY, JAMES WILLIAM",03:20,2,1,2,0,0,0,0,0,0,0,0,0,0,0,1,0,0,0,1.0
2016,14,0,P003783   ,0.0,0.0,ULK,23,"UGURLU, BERK",01:44,0,0,0,0,0,0,0,0,0,0,0,0,0,0,0,0,0,0,4.0
2016,14,0,P000925   ,0.0,1.0,ULK,24,"VESELY, JAN",17:17,4,2,5,0,0,0,0,1,2,3,1,0,1,0,0,4,1,1,-10.0
2016,14,0,P004866   ,0.0,1.0,ULK,33,"KALINIC, NIKOLA",30:29,7,2,3,1,3,0,0,0,4,4,3,1,1,0,0,2,5,14,3.0
2016,14,0,P001324   ,1.0,0.0,ULK,35,"DIXON, BOBBY",21:53,15,0,2,4,7,3,3,0,1,1,3,2,2,0,0,3,3,14,5.0
2016,14,0,P006399   ,0.0,0.0,ULK,44,"DUVERIOGLU, AHMET",DNP,0,0,0,0,0,0,0,0,0,0,0,0,0,0,0,0,0,0,0.0
2016,14,0,PCCD      ,1.0,0.0,ULK,70,"DATOME, LUIGI",18:06,2,1,2,0,0,0,0,0,0,0,1,0,1,0,0,3,0,-2,2.0
2016,14,0,Team,0.0,0.0,ULK,,Team,,0,0,0,0,0,0,0,3,2,5,0,0,0,0,0,0,0,5,
2016,14,0,Total,,,ULK,,Total,200:00,73,14,33,11,21,12,13,6,19,25,16,7,12,3,2,19,19,80,
2016,15,1,P007356   ,0.0,0.0,GAL,0,"SMITH, RUSS",06:04,4,1,2,0,1,2,2,0,2,2,1,0,1,0,1,1,2,4,-9.0
2016,15,1,PTFH      ,0.0,1.0,GAL,3,"PRELDZIC, EMIR",23:09,0,0,2,0,1,0,0,2,2,4,1,1,1,0,0,0,4,6,-14.0
2016,15,1,P000529   ,0.0,0.0,GAL,5,"MICOV, VLADIMIR",10:46,1,0,0,0,2,1,2,0,0,0,1,0,0,0,0,3,2,-2,-9.0
2016,15,1,P004119   ,1.0,1.0,GAL,7,"TYUS, ALEX",27:31,19,9,11,0,0,1,3,4,1,5,2,2,1,4,0,3,3,27,5.0
2016,15,1,P003453   ,0.0,0.0,GAL,9,"THOMPSON, DEON",06:35,4,2,2,0,0,0,0,1,1,2,0,0,0,0,0,2,0,4,-5.0
2016,15,1,P000357   ,1.0,0.0,GAL,10,"SCHILB, BLAKE",09:15,1,0,2,0,1,1,2,0,2,2,3,0,1,1,0,1,1,2,7.0
2016,15,1,PLHK      ,0.0,0.0,GAL,21,"PLEISS, TIBOR",05:54,2,1,1,0,0,0,0,0,0,0,0,0,0,1,0,2,0,1,-2.0
2016,15,1,P003472   ,1.0,1.0,GAL,25,"DAYE, AUSTIN",29:30,24,3,5,4,7,6,6,1,7,8,1,2,4,0,0,4,5,27,21.0
2016,15,1,P000494   ,1.0,1.0,GAL,32,"GULER, SINAN",33:41,4,2,3,0,3,0,0,0,2,2,7,3,3,0,0,3,1,7,5.0
2016,15,1,P004997   ,0.0,1.0,GAL,33,"DIEBLER, JON",11:50,4,0,1,0,2,4,5,0,1,1,0,0,0,0,0,0,2,3,-17.0
2016,15,1,P005193   ,0.0,0.0,GAL,55,"DENTMON, JUSTIN",20:53,12,2,6,2,7,2,2,1,0,1,4,0,1,0,0,2,1,6,11.0
2016,15,1,P002104   ,1.0,0.0,GAL,61,"KOKSAL, GOKSENIN",14:52,8,2,2,1,2,1,1,1,2,3,1,0,0,0,0,1,2,12,-3.0
2016,15,1,Team,0.0,0.0,GAL,,Team,,0,0,0,0,0,0,0,2,2,4,0,0,0,0,0,0,0,4,
2016,15,1,Total,,,GAL,,Total,200:00,83,22,37,7,26,18,23,12,22,34,21,8,12,6,1,22,23,101,
2016,15,0,P003269   ,0.0,0.0,RED,4,"REBIC, NIKOLA",DNP,0,0,0,0,0,0,0,0,0,0,0,0,0,0,0,0,0,0,0.0
2016,15,0,P005942   ,1.0,0.0,RED,6,"DANGUBIC, NEMANJA",26:57,9,4,9,0,0,1,1,0,2,2,0,3,0,0,2,5,2,4,-4.0
2016,15,0,P002553   ,1.0,0.0,RED,9,"MITROVIC, LUKA",12:20,1,0,1,0,0,1,2,0,0,0,1,0,2,0,0,3,2,-3,-16.0
2016,15,0,PLUO      ,0.0,1.0,RED,10,"LAZIC, BRANKO",10:08,3,0,1,1,1,0,0,1,0,1,0,0,0,0,0,4,0,-1,-3.0
2016,15,0,P005618   ,0.0,0.0,RED,12,"SIMANIC, BORISA",DNP,0,0,0,0,0,0,0,0,0,0,0,0,0,0,0,0,0,0,0.0
2016,15,0,P004007   ,0.0,0.0,RED,13,"DOBRIC, OGNJEN",DNP,0,0,0,0,0,0,0,0,0,0,0,0,0,0,0,0,0,0,0.0
2016,15,0,PLRU      ,0.0,1.0,RED,19,"SIMONOVIC, MARKO",31:57,23,4,6,4,6,3,3,2,2,4,0,1,0,1,0,3,2,24,11.0
2016,15,0,P005014   ,1.0,0.0,RED,22,"JENKINS, CHARLES",24:09,3,0,3,1,2,0,0,0,2,2,3,1,3,0,1,3,0,-2,9.0
2016,15,0,P004004   ,0.0,1.0,RED,23,"GUDURIC, MARKO",21:54,11,1,3,1,3,6,6,0,2,2,5,0,0,0,1,2,4,15,5.0
2016,15,0,P004863   ,1.0,1.0,RED,24,"JOVIC, STEFAN",32:35,14,4,6,1,1,3,6,0,2,2,9,2,6,0,0,2,5,19,6.0
2016,15,0,P003479   ,1.0,1.0,RED,32,"KUZMIC, OGNJEN",22:09,11,4,5,0,0,3,5,1,6,7,0,0,1,0,1,1,3,15,3.0
2016,15,0,PCHX      ,0.0,0.0,RED,51,"BJELICA, MILKO",17:51,10,2,4,0,2,6,6,1,4,5,0,0,1,0,1,0,4,13,-1.0
2016,15,0,Team,0.0,0.0,RED,,Team,,0,0,0,0,0,0,0,3,2,5,0,0,1,0,0,0,0,4,
2016,15,0,Total,,,RED,,Total,200:00,85,19,38,8,15,23,29,8,22,30,18,7,14,1,6,23,22,88,
2016,16,1,P006433   ,1.0,1.0,ZAL,3,"PANGOS, KEVIN",19:16,6,0,3,1,5,3,4,1,2,3,1,1,1,0,0,1,3,4,0.0
2016,16,1,P003210   ,0.0,0.0,ZAL,4,"LEKAVICIUS, LUKAS",14:19,6,2,3,0,1,2,2,0,2,2,5,1,2,0,0,0,2,12,3.0
2016,16,1,P002543   ,1.0,1.0,ZAL,9,"WESTERMANN, LEO",27:45,20,7,9,2,6,0,0,0,4,4,4,0,0,0,0,1,3,24,10.0
2016,16,1,PKNO      ,0.0,0.0,ZAL,10,"SEIBUTIS, RENALDAS",12:05,2,0,1,0,0,2,2,0,2,2,1,1,2,0,0,2,1,2,-8.0
2016,16,1,P006599   ,0.0,1.0,ZAL,12,"MOTUM, BROCK",22:40,12,6,9,0,2,0,0,1,2,3,0,0,0,1,0,1,0,10,-6.0
2016,16,1,PBWI      ,1.0,1.0,ZAL,13,"JANKUNAS, PAULIUS",21:02,6,0,2,1,2,3,4,5,4,9,2,0,1,0,0,4,5,13,14.0
2016,16,1,PBVE      ,0.0,0.0,ZAL,15,"JAVTOKAS, ROBERTAS",08:21,1,0,1,0,0,1,2,1,1,2,0,0,0,0,0,2,1,0,-4.0
2016,16,1,PKPD      ,0.0,0.0,ZAL,21,"MILAKNIS, ARTURAS",18:42,9,0,0,3,7,0,0,0,1,1,0,1,0,0,0,1,1,7,5.0
2016,16,1,P001098   ,0.0,0.0,ZAL,23,"LIMA, AUGUSTO",07:45,1,0,1,0,0,1,2,1,2,3,1,0,2,0,1,4,1,-3,-1.0
2016,16,1,P000399   ,1.0,0.0,ZAL,44,"KAVALIAUSKAS, ANTANAS",19:52,7,3,8,0,0,1,2,3,1,4,2,1,2,1,3,4,1,1,6.0
2016,16,1,P005846   ,0.0,0.0,ZAL,55,"HARTENSTEIN, ISAIAH",DNP,0,0,0,0,0,0,0,0,0,0,0,0,0,0,0,0,0,0,0.0
2016,16,1,P002329   ,1.0,1.0,ZAL,92,"ULANOVAS, EDGARAS",28:13,8,2,5,0,1,4,4,1,2,3,2,1,1,2,0,2,5,14,6.0
2016,16,1,Team,0.0,0.0,ZAL,,Team,,0,0,0,0,0,0,0,5,3,8,0,0,0,0,0,0,0,8,
2016,16,1,Total,,,ZAL,,Total,200:00,78,20,42,7,24,17,22,18,26,44,18,6,11,4,4,22,23,92,
2016,16,0,P007200   ,1.0,1.0,BAS,0,"LARKIN, SHANE",34:11,11,2,5,1,3,4,7,0,5,5,6,1,5,0,0,2,3,11,-8.0
2016,16,0,PBWZ      ,1.0,0.0,BAS,1,"BARGNANI, ANDREA",28:56,17,4,6,2,4,3,3,0,3,3,0,0,1,3,0,5,6,19,-2.0
2016,16,0,P007394   ,0.0,1.0,BAS,2,"AKOGNON, JOSH",20:48,4,2,4,0,3,0,0,0,0,0,1,1,2,0,0,3,0,-4,13.0
2016,16,0,P007199   ,0.0,0.0,BAS,5,"COONEY, TREVOR",DNP,0,0,0,0,0,0,0,0,0,0,0,0,0,0,0,0,0,0,0.0
2016,16,0,P007201   ,0.0,1.0,BAS,7,"VOIGTMANN, JOHANNES",17:26,4,1,1,0,2,2,2,0,1,1,0,1,0,0,0,0,2,6,-1.0
2016,16,0,P005099   ,1.0,1.0,BAS,8,"HANGA, ADAM",35:02,18,5,6,2,7,2,2,0,2,2,4,3,0,1,1,4,1,18,-9.0
2016,16,0,P007230   ,0.0,0.0,BAS,9,"SEDEKERSKIS, TADAS",DNP,0,0,0,0,0,0,0,0,0,0,0,0,0,0,0,0,0,0,0.0
2016,16,0,P003452   ,1.0,0.0,BAS,11,"BLAZIC, JAKA",23:39,4,2,4,0,3,0,2,3,5,8,2,0,1,0,0,1,3,8,-11.0
2016,16,0,P003540   ,0.0,0.0,BAS,12,"DIOP, ILIMANE",03:34,0,0,0,0,0,0,0,0,2,2,0,0,1,0,0,2,1,0,-2.0
2016,16,0,P002744   ,0.0,0.0,BAS,14,"TILLIE, KIM",08:44,2,0,0,0,1,2,2,0,1,1,1,0,0,0,0,0,1,4,-2.0
2016,16,0,P001133   ,1.0,1.0,BAS,23,"SHENGELIA, TORNIKE",20:08,13,3,7,1,1,4,5,1,2,3,1,1,2,0,3,4,4,8,-4.0
2016,16,0,P001633   ,0.0,0.0,BAS,55,"LUZ, RAFA",07:33,0,0,0,0,0,0,0,1,1,2,1,0,0,0,0,2,0,1,1.0
2016,16,0,Team,0.0,0.0,BAS,,Team,,0,0,0,0,0,0,0,3,2,5,0,0,1,0,0,0,0,4,
2016,16,0,Total,,,BAS,,Total,199:01,73,19,33,6,24,17,23,8,24,32,16,7,13,4,4,23,21,75,
2016,17,1,P005094   ,0.0,1.0,IST,1,"THOMAS, DESHAUN",17:00,16,5,6,2,7,0,0,0,2,2,0,0,0,0,0,1,1,12,-3.0
2016,17,1,P005800   ,0.0,1.0,IST,2,"HONEYCUTT, TYLER",24:35,3,1,3,0,1,1,2,5,6,11,2,1,1,2,0,2,1,13,-7.0
2016,17,1,P003521   ,0.0,1.0,IST,4,"BALBAY, DOGUS",04:48,5,1,1,1,1,0,0,1,0,1,1,0,1,0,0,2,0,4,-2.0
2016,17,1,P004425   ,1.0,1.0,IST,5,"BROWN, DERRICK",34:18,14,4,8,2,3,0,0,2,3,5,4,1,3,3,1,2,2,18,0.0
2016,17,1,P004088   ,1.0,0.0,IST,6,"OSMAN, CEDI",17:09,7,2,6,1,2,0,0,2,2,4,1,0,3,0,0,3,3,4,2.0
2016,17,1,P007121   ,1.0,0.0,IST,7,"COTTON, BRYCE",18:02,12,3,4,2,4,0,0,0,3,3,2,0,1,0,0,1,1,13,-2.0
2016,17,1,P007122   ,0.0,0.0,IST,9,"GEYIK, SAMET",DNP,0,0,0,0,0,0,0,0,0,0,0,0,0,0,0,0,0,0,0.0
2016,17,1,P005763   ,0.0,0.0,IST,10,"KORKMAZ, FURKAN",DNP,0,0,0,0,0,0,0,0,0,0,0,0,0,0,0,0,0,0,0.0
2016,17,1,P003024   ,1.0,0.0,IST,15,"GRANGER, JAYSON",30:56,7,2,9,1,3,0,0,0,1,1,8,2,4,0,1,5,5,4,-2.0
2016,17,1,P004222   ,1.0,0.0,IST,23,"OMIC, ALEN",07:38,7,3,3,0,0,1,5,1,3,4,0,0,0,0,0,2,3,8,-5.0
2016,17,1,PKLT      ,0.0,1.0,IST,31,"HEURTEL, THOMAS",24:30,7,2,5,1,3,0,0,0,0,0,7,1,2,0,0,3,0,5,-7.0
2016,17,1,P003048   ,0.0,0.0,IST,42,"DUNSTON, BRYANT",21:04,9,4,6,0,0,1,5,3,2,5,2,0,1,2,0,3,4,12,-4.0
2016,17,1,Team,0.0,0.0,IST,,Team,,0,0,0,0,0,0,0,3,1,4,0,0,1,0,0,0,0,3,
2016,17,1,Total,,,IST,,Total,200:00,87,27,51,10,24,3,12,17,23,40,27,5,17,7,2,24,20,96,
2016,17,0,P002100   ,1.0,1.0,CSK,1,"DE COLO, NANDO",32:28,26,7,12,0,2,12,13,2,2,4,6,0,4,1,1,3,11,32,1.0
2016,17,0,P001108   ,0.0,0.0,CSK,3,"KULAGIN, DMITRY",DNP,0,0,0,0,0,0,0,0,0,0,0,0,0,0,0,0,0,0,0.0
2016,17,0,PJDR      ,0.0,1.0,CSK,4,"TEODOSIC, MILOS",29:17,15,1,2,3,5,4,4,0,3,3,8,0,1,0,0,2,2,22,13.0
2016,17,0,PLLH      ,1.0,0.0,CSK,7,"FRIDZON, VITALY",14:44,6,2,2,0,2,2,2,0,1,1,1,1,1,0,0,1,1,6,-2.0
2016,17,0,P003413   ,1.0,0.0,CSK,9,"JACKSON, AARON",13:37,2,1,2,0,0,0,0,0,2,2,5,0,0,0,1,0,2,9,-2.0
2016,17,0,P004941   ,0.0,0.0,CSK,11,"ANTONOV, SEMEN",06:53,0,0,1,0,0,0,0,0,2,2,0,0,0,1,1,2,0,-1,-3.0
2016,17,0,PLHI      ,1.0,0.0,CSK,20,"VORONTSEVICH, ANDREY",21:41,8,1,4,2,4,0,0,0,2,2,0,0,2,0,0,0,0,3,-4.0
2016,17,0,P006450   ,0.0,1.0,CSK,22,"HIGGINS, CORY",21:18,13,2,4,2,4,3,4,0,3,3,0,2,2,0,1,2,4,12,2.0
2016,17,0,P007148   ,1.0,0.0,CSK,23,"AYRES, JEFF",15:20,10,4,4,0,0,2,2,3,1,4,0,0,1,0,0,3,1,11,3.0
2016,17,0,PBCQ      ,0.0,0.0,CSK,31,"KHRYAPA, VICTOR",14:41,6,3,4,0,1,0,0,0,4,4,0,0,1,0,0,1,0,6,-1.0
2016,17,0,PJLX      ,0.0,1.0,CSK,41,"KURBANOV, NIKITA",12:20,1,0,2,0,0,1,2,1,2,3,3,0,2,0,1,2,1,0,10.0
2016,17,0,P002812   ,0.0,1.0,CSK,42,"HINES, KYLE",17:41,6,2,6,0,0,2,2,2,3,5,0,0,1,0,2,4,2,2,13.0
2016,17,0,Team,0.0,0.0,CSK,,Team,,0,0,0,0,0,0,0,1,0,1,0,0,0,0,0,0,0,1,
2016,17,0,Total,,,CSK,,Total,200:00,93,23,43,7,18,26,29,9,25,34,23,3,15,2,7,20,24,103,
2016,18,1,P005159   ,0.0,1.0,OLY,1,"GREEN, ERICK",19:31,16,0,5,4,7,4,4,0,1,1,1,0,0,0,0,3,2,9,4.0
2016,18,1,P007182   ,1.0,1.0,OLY,2,"BIRCH, KHEM",18:58,12,5,6,0,0,2,4,4,2,6,0,0,2,0,0,2,5,16,8.0
2016,18,1,P005984   ,0.0,0.0,OLY,4,"YOUNG, PATRIC",10:24,2,0,1,0,0,2,4,2,1,3,0,0,1,0,0,1,3,3,0.0
2016,18,1,P005161   ,0.0,0.0,OLY,6,"PAPAPETROU, IOANNIS",07:08,0,0,0,0,0,0,0,1,2,3,0,0,0,0,0,2,0,1,6.0
2016,18,1,PJUO      ,1.0,1.0,OLY,7,"SPANOULIS, VASSILIS",23:58,16,4,7,1,4,5,6,1,0,1,4,1,5,0,2,2,4,10,-2.0
2016,18,1,P004429   ,0.0,0.0,OLY,10,"AGRAVANIS, DIMITRIOS",05:43,0,0,0,0,1,0,0,0,1,1,1,0,1,0,0,0,0,0,7.0
2016,18,1,P003941   ,0.0,0.0,OLY,11,"MILUTINOV, NIKOLA",10:38,4,2,2,0,0,0,0,3,1,4,0,1,2,0,0,3,1,5,2.0
2016,18,1,PAMM      ,1.0,1.0,OLY,15,"PRINTEZIS, GEORGIOS",29:44,9,4,8,0,3,1,2,1,6,7,0,2,1,1,0,0,1,11,2.0
2016,18,1,P001255   ,1.0,0.0,OLY,16,"PAPANIKOLAOU, KOSTAS",14:48,4,2,3,0,3,0,0,1,1,2,1,2,0,0,0,0,2,7,4.0
2016,18,1,P003537   ,1.0,1.0,OLY,17,"MANTZARIS, VANGELIS",22:11,8,1,1,2,5,0,0,0,4,4,2,0,1,0,0,3,0,7,-2.0
2016,18,1,P001844   ,0.0,0.0,OLY,23,"HACKETT, DANIEL",16:33,10,3,4,0,3,4,4,0,3,3,1,0,0,0,0,4,4,10,18.0
2016,18,1,P003608   ,0.0,0.0,OLY,24,"LOJESKI, MATT",20:24,10,0,1,2,4,4,4,0,1,1,3,0,0,0,0,1,2,12,3.0
2016,18,1,Team,0.0,0.0,OLY,,Team,,0,0,0,0,0,0,0,4,2,6,0,0,1,0,0,0,0,5,
2016,18,1,Total,,,OLY,,Total,200:00,91,21,38,9,30,22,28,17,25,42,13,6,14,1,2,21,24,96,
2016,18,0,P004418   ,0.0,0.0,MIL,1,"MCLEAN, JAMEL",14:31,2,1,1,0,0,0,0,1,2,3,0,0,0,0,0,2,1,4,-10.0
2016,18,0,P000880   ,1.0,0.0,MIL,5,"GENTILE, ALESSANDRO",21:50,12,6,11,0,1,0,3,1,1,2,4,1,1,0,0,1,3,11,-14.0
2016,18,0,P004159   ,1.0,0.0,MIL,7,"HICKMAN, RICKY",21:13,6,0,2,0,1,6,7,1,0,1,4,0,3,0,0,2,4,6,-11.0
2016,18,0,PJBX      ,0.0,1.0,MIL,9,"KALNIETIS, MANTAS",21:22,4,0,1,1,2,1,2,0,2,2,3,0,1,0,0,2,2,5,-7.0
2016,18,0,PJDU      ,1.0,0.0,MIL,11,"RADULJICA, MIROSLAV",21:08,14,5,8,0,0,4,4,0,8,8,1,1,1,0,1,3,2,18,-3.0
2016,18,0,P003514   ,1.0,1.0,MIL,12,"DRAGIC, ZORAN",25:15,13,3,4,1,4,4,5,0,2,2,0,3,1,1,0,3,4,14,-2.0
2016,18,0,PJEA      ,1.0,0.0,MIL,13,"MACVAN, MILAN",23:29,4,2,4,0,1,0,0,1,1,2,0,0,1,0,0,1,0,1,-4.0
2016,18,0,P006385   ,0.0,1.0,MIL,14,"PASCOLO, DAVIDE",10:04,2,1,2,0,1,0,0,1,1,2,1,1,0,1,0,3,0,2,-4.0
2016,18,0,PKIW      ,0.0,0.0,MIL,20,"CINCIARINI, ANDREA",DNP,0,0,0,0,0,0,0,0,0,0,0,0,0,0,0,0,0,0,0.0
2016,18,0,P005001   ,0.0,1.0,MIL,21,"SANDERS, RAKIM",14:42,8,2,4,1,2,1,3,2,2,4,0,1,0,0,0,4,3,7,2.0
2016,18,0,P003527   ,0.0,1.0,MIL,23,"ABASS, AWUDU",01:59,0,0,0,0,0,0,0,0,0,0,1,0,0,0,0,1,0,0,3.0
2016,18,0,PCPR      ,0.0,0.0,MIL,43,"SIMON, KRUNOSLAV",24:27,16,4,6,2,5,2,2,0,1,1,2,3,2,0,0,2,2,15,0.0
2016,18,0,Team,0.0,0.0,MIL,,Team,,0,0,0,0,0,0,0,1,1,2,0,0,1,0,0,0,0,1,
2016,18,0,Total,,,MIL,,Total,200:00,81,24,43,5,17,18,26,8,21,29,16,10,11,2,1,24,21,84,
2016,19,1,P005757   ,0.0,0.0,MAD,3,"RANDOLPH, ANTHONY",25:38,9,3,10,0,1,3,4,1,12,13,1,0,1,1,1,0,3,16,1.0
2016,19,1,P002946   ,0.0,0.0,MAD,4,"DRAPER, DONTAYE",11:57,0,0,0,0,1,0,0,0,0,0,2,1,1,0,0,3,0,-2,11.0
2016,19,1,PBMT      ,1.0,1.0,MAD,5,"FERNANDEZ, RUDY",23:29,3,1,2,0,4,1,2,0,1,1,4,2,2,0,0,1,4,5,-11.0
2016,19,1,P005929   ,0.0,1.0,MAD,7,"DONCIC, LUKA",25:09,15,2,3,2,2,5,5,0,3,3,4,1,1,1,0,2,4,24,5.0
2016,19,1,PJCC      ,0.0,0.0,MAD,8,"MACIULIS, JONAS",04:26,0,0,1,0,0,0,0,0,0,0,0,0,0,0,0,2,0,-3,-2.0
2016,19,1,PAAX      ,0.0,1.0,MAD,9,"REYES, FELIPE",14:15,11,3,4,0,0,5,5,2,1,3,0,0,1,0,0,3,5,14,9.0
2016,19,1,P005927   ,1.0,0.0,MAD,14,"AYON, GUSTAVO",14:51,16,7,8,0,0,2,3,1,1,2,0,0,2,0,1,1,2,14,-8.0
2016,19,1,P001960   ,0.0,1.0,MAD,20,"CARROLL, JAYCEE",19:42,11,2,4,2,3,1,1,0,2,2,0,0,2,0,0,3,1,6,12.0
2016,19,1,P005160   ,0.0,0.0,MAD,21,"HUNTER, OTHELLO",57:21,9,3,3,0,0,3,3,3,1,4,1,0,1,1,0,2,2,14,-7.0
2016,19,1,PTGB      ,1.0,1.0,MAD,23,"LLULL, SERGIO",31:17,13,5,9,0,6,3,6,0,2,2,3,2,2,0,0,2,5,8,-17.0
2016,19,1,P005836   ,1.0,0.0,MAD,33,"THOMPKINS, TREY",07:21,0,0,2,0,0,0,0,0,1,1,0,0,0,0,0,1,0,-2,-9.0
2016,19,1,P006546   ,1.0,0.0,MAD,44,"TAYLOR, JEFFERY",04:24,0,0,0,0,0,0,0,0,0,0,0,1,0,0,0,2,0,-1,-8.0
2016,19,1,Team,0.0,0.0,MAD,,Team,,0,0,0,0,0,0,0,2,2,4,0,0,0,0,0,0,0,4,
2016,19,1,Total,,,MAD,,Total,239:50,87,26,46,4,17,23,29,9,26,35,15,7,13,3,2,22,26,97,
2016,19,0,P007200   ,1.0,1.0,BAS,0,"LARKIN, SHANE",30:31,11,4,9,1,3,0,0,1,3,4,5,1,3,0,0,4,4,11,-2.0
2016,19,0,P007394   ,1.0,0.0,BAS,2,"AKOGNON, JOSH",11:40,5,1,1,1,3,0,0,1,1,2,2,1,0,0,0,5,0,3,-7.0
2016,19,0,P007199   ,0.0,0.0,BAS,5,"COONEY, TREVOR",DNP,0,0,0,0,0,0,0,0,0,0,0,0,0,0,0,0,0,0,0.0
2016,19,0,P007201   ,1.0,0.0,BAS,7,"VOIGTMANN, JOHANNES",32:05,18,5,7,1,2,5,8,3,8,11,1,0,2,1,0,4,7,26,9.0
2016,19,0,P005099   ,1.0,1.0,BAS,8,"HANGA, ADAM",30:05,12,6,8,0,4,0,1,2,2,4,0,1,1,0,0,2,3,10,-1.0
2016,19,0,P007230   ,0.0,0.0,BAS,9,"SEDEKERSKIS, TADAS",12:11,5,2,3,0,0,1,2,1,1,2,0,0,1,0,0,0,1,5,3.0
2016,19,0,P003452   ,0.0,1.0,BAS,11,"BLAZIC, JAKA",26:04,21,3,5,4,9,3,4,0,4,4,2,2,2,0,2,2,2,17,13.0
2016,19,0,P003540   ,0.0,0.0,BAS,12,"DIOP, ILIMANE",04:29,0,0,0,0,0,0,0,0,0,0,0,0,1,0,0,2,0,-3,-1.0
2016,19,0,P002744   ,0.0,0.0,BAS,14,"TILLIE, KIM",16:11,5,1,2,1,1,0,0,1,1,2,2,2,0,0,0,3,0,7,-4.0
2016,19,0,P001133   ,1.0,1.0,BAS,23,"SHENGELIA, TORNIKE",27:05,14,5,10,0,0,4,6,1,2,3,0,0,4,1,1,3,5,8,4.0
2016,19,0,P001633   ,0.0,1.0,BAS,55,"LUZ, RAFA",09:39,0,0,1,0,0,0,0,0,1,1,4,0,0,0,0,1,0,3,6.0
2016,19,0,Team,0.0,0.0,BAS,,Team,,0,0,0,0,0,0,0,2,1,3,0,0,0,0,0,0,0,3,
2016,19,0,Total,,,BAS,,Total,200:00,91,27,46,8,22,13,21,12,24,36,16,7,14,2,3,26,22,90,
2016,20,1,P002026   ,0.0,0.0,UNK,2,"ANTIPOV, PAVEL",02:24,1,0,0,0,0,1,2,0,0,0,0,0,0,0,0,1,1,0,-5.0
2016,20,1,P001887   ,1.0,1.0,UNK,5,"LANGFORD, KEITH",37:17,22,6,13,2,5,4,5,2,2,4,4,0,2,0,1,2,6,20,-7.0
2016,20,1,PJAN      ,1.0,0.0,UNK,7,"PONKRASHOV, ANTON",26:15,16,4,7,2,4,2,2,0,2,2,3,1,7,0,0,3,2,9,1.0
2016,20,1,P003034   ,1.0,1.0,UNK,9,"PARAKHOUSKI, ARTSIOM",29:08,17,5,8,0,0,7,8,2,5,7,0,0,0,4,0,3,6,27,9.0
2016,20,1,P006533   ,0.0,1.0,UNK,10,"COLOM, QUINO",21:38,16,5,7,1,5,3,3,5,3,8,3,0,2,0,0,3,4,20,-12.0
2016,20,1,PATS      ,0.0,1.0,UNK,13,"BANIC, MARKO",09:47,2,1,2,0,0,0,0,1,0,1,1,1,2,0,0,2,0,0,-12.0
2016,20,1,P001389   ,0.0,1.0,UNK,18,"VORONOV, EVGENY",21:31,0,0,0,0,1,0,0,1,1,2,0,0,2,0,0,4,2,-3,-5.0
2016,20,1,P006594   ,0.0,0.0,UNK,19,"KARPUKHIN, ALEKSANDR",DNP,0,0,0,0,0,0,0,0,0,0,0,0,0,0,0,0,0,0,0.0
2016,20,1,PLSK      ,1.0,0.0,UNK,20,"PANIN, VADIM",13:19,0,0,0,0,2,0,0,1,1,2,1,0,0,0,1,0,0,0,2.0
2016,20,1,PJUP      ,1.0,0.0,UNK,21,"KAIMAKOGLOU, KOSTAS",31:16,11,3,4,1,2,2,2,2,4,6,3,2,2,0,0,2,2,18,5.0
2016,20,1,P004259   ,0.0,0.0,UNK,22,"WILLIAMS, LATAVIOUS",07:25,2,1,2,0,0,0,0,2,0,2,0,0,0,0,0,1,0,2,-11.0
2016,20,1,P005717   ,0.0,0.0,UNK,33,"KHABIROV, RUSLAN",DNP,0,0,0,0,0,0,0,0,0,0,0,0,0,0,0,0,0,0,0.0
2016,20,1,Team,0.0,0.0,UNK,,Team,,0,0,0,0,0,0,0,3,1,4,0,0,1,0,0,0,0,3,
2016,20,1,Total,,,UNK,,Total,200:00,87,25,43,6,19,19,22,19,19,38,15,4,18,4,2,21,23,96,
2016,20,0,P006661   ,1.0,1.0,DAR,1,"WILBEKIN, SCOTTIE",19:21,13,1,1,2,3,5,7,0,0,0,1,1,2,0,0,3,5,12,-2.0
2016,20,0,P006641   ,0.0,0.0,DAR,7,"TUREN, METIN",DNP,0,0,0,0,0,0,0,0,0,0,0,0,0,0,0,0,0,0,0.0
2016,20,0,P004170   ,0.0,0.0,DAR,8,"BATUK, BIRKAN",19:59,12,0,1,4,4,0,0,0,1,1,2,1,0,0,1,4,2,12,11.0
2016,20,0,P005838   ,1.0,1.0,DAR,11,"WANAMAKER, BRAD",35:39,22,7,11,2,5,2,2,0,2,2,7,1,2,0,1,3,2,21,8.0
2016,20,0,P004888   ,0.0,0.0,DAR,12,"CLYBURN, WILL",23:38,2,1,6,0,1,0,0,2,2,4,2,2,1,1,0,2,2,4,7.0
2016,20,0,P001833   ,1.0,1.0,DAR,18,"MOERMAN, ADRIEN",09:43,2,1,3,0,2,0,0,0,2,2,0,0,0,0,0,1,1,0,2.0
2016,20,0,P003328   ,1.0,0.0,DAR,19,"ALDEMIR, FURKAN",02:04,0,0,0,0,0,0,0,0,0,0,0,0,0,0,0,2,0,-2,0.0
2016,20,0,PJPF      ,0.0,0.0,DAR,21,"SAVAS, OGUZ",15:11,10,5,5,0,0,0,0,0,0,0,1,0,0,0,0,2,1,10,-3.0
2016,20,0,P005938   ,1.0,1.0,DAR,23,"ANDERSON, JAMES",22:19,18,5,7,2,4,2,2,2,4,6,0,0,1,1,2,1,3,20,-5.0
2016,20,0,P000659   ,0.0,1.0,DAR,44,"SLAUGHTER, MARCUS",22:45,8,2,2,0,0,4,6,2,2,4,0,2,1,0,0,4,3,10,10.0
2016,20,0,P000436   ,0.0,0.0,DAR,45,"BERTANS, DAIRIS",19:59,5,1,1,1,4,0,0,0,0,0,2,0,1,0,0,1,2,4,9.0
2016,20,0,P004902   ,0.0,0.0,DAR,81,"HARANGODY, LUKE",09:22,2,1,1,0,2,0,0,0,0,0,0,1,0,0,0,0,0,1,-2.0
2016,20,0,Team,0.0,0.0,DAR,,Team,,0,0,0,0,0,0,0,3,0,3,0,0,0,0,0,0,0,3,
2016,20,0,Total,,,DAR,,Total,200:00,94,24,38,11,25,13,17,9,13,22,15,8,8,2,4,23,21,95,
2016,21,1,P001392   ,1.0,0.0,BAM,1,"CAUSEUR, FABIEN",20:08,7,1,3,1,2,2,2,0,1,1,2,0,0,0,2,2,3,6,-6.0
2016,21,1,P002849   ,1.0,1.0,BAM,4,"MELLI, NICOLO",32:47,17,2,4,4,4,1,2,0,2,2,1,0,0,0,0,3,5,19,2.0
2016,21,1,PABN      ,1.0,1.0,BAM,6,"ZISIS, NIKOS",27:32,13,4,9,1,2,2,2,1,3,4,6,1,2,0,1,3,2,14,3.0
2016,21,1,P002506   ,0.0,0.0,BAM,8,"STAIGER, LUCCA",DNP,0,0,0,0,0,0,0,0,0,0,0,0,0,0,0,0,0,0,0.0
2016,21,1,P004132   ,0.0,1.0,BAM,10,"THEIS, DANIEL",22:33,4,2,5,0,2,0,0,3,4,7,1,1,0,1,0,3,2,8,-2.0
2016,21,1,P007032   ,0.0,0.0,BAM,12,"LO, MAODO",09:27,6,1,1,1,2,1,2,0,1,1,0,1,1,0,0,0,1,6,-5.0
2016,21,1,P000046   ,0.0,1.0,BAM,13,"STRELNIEKS, JANIS",25:52,16,6,9,1,2,1,1,0,2,2,0,0,1,0,0,1,2,14,9.0
2016,21,1,PLLM      ,0.0,0.0,BAM,14,"VEREMEENKO, VLADIMIR",12:45,2,1,4,0,0,0,2,3,2,5,0,0,0,0,0,3,3,2,-5.0
2016,21,1,P005460   ,0.0,0.0,BAM,20,"HARRIS, ELIAS",DNP,0,0,0,0,0,0,0,0,0,0,0,0,0,0,0,0,0,0,0.0
2016,21,1,P006421   ,1.0,1.0,BAM,21,"MILLER, DARIUS",29:37,12,2,4,2,5,2,2,0,3,3,2,0,1,0,0,3,1,9,-5.0
2016,21,1,P006420   ,0.0,0.0,BAM,33,"HECKMANN, PATRICK",12:17,3,0,1,1,3,0,0,0,1,1,0,0,0,0,1,1,1,0,-6.0
2016,21,1,PLEM      ,1.0,0.0,BAM,43,"RADOSEVIC, LEON",07:02,3,1,1,0,0,1,1,0,0,0,0,0,0,0,0,1,2,4,10.0
2016,21,1,Team,0.0,0.0,BAM,,Team,,0,0,0,0,0,0,0,2,2,4,0,0,2,0,0,0,0,2,
2016,21,1,Total,,,BAM,,Total,200:00,83,20,41,11,22,10,14,9,21,30,12,3,7,1,4,20,22,84,
2016,21,0,P006614   ,1.0,1.0,PAN,0,"SINGLETON, CHRIS",25:16,9,1,2,2,4,1,2,2,1,3,2,0,1,2,0,3,2,10,1.0
2016,21,0,P003482   ,1.0,1.0,PAN,2,"NICHOLS, DEMETRIS",14:59,1,0,0,0,2,1,2,1,0,1,0,0,0,0,0,1,1,-1,-3.0
2016,21,0,P002429   ,0.0,1.0,PAN,3,"RIVERS, K.C.",26:30,18,3,7,3,5,3,3,0,1,1,2,1,0,0,0,4,3,15,6.0
2016,21,0,P003240   ,0.0,0.0,PAN,7,"BOCHORIDIS, ELEFTHERIOS",DNP,0,0,0,0,0,0,0,0,0,0,0,0,0,0,0,0,0,0,0.0
2016,21,0,P001142   ,0.0,0.0,PAN,8,"CALATHES, PAT",DNP,0,0,0,0,0,0,0,0,0,0,0,0,0,0,0,0,0,0,0.0
2016,21,0,PBEZ      ,0.0,0.0,PAN,9,"FOTSIS, ANTONIS",10:37,3,0,0,1,1,0,0,0,1,1,0,0,0,0,0,2,1,3,-3.0
2016,21,0,P000464   ,0.0,0.0,PAN,11,"PAPPAS, NIKOS",15:53,5,2,4,0,2,1,1,0,0,0,1,0,0,0,0,1,2,3,3.0
2016,21,0,P005918   ,1.0,0.0,PAN,12,"FELDEINE, JAMES",31:29,16,2,5,4,6,0,0,0,1,1,3,0,1,0,1,1,0,12,-6.0
2016,21,0,P002980   ,1.0,1.0,PAN,14,"GIST, JAMES",28:51,10,3,4,0,2,4,5,0,5,5,2,0,2,2,0,2,4,15,7.0
2016,21,0,P004218   ,0.0,0.0,PAN,15,"CHARALAMPOPOULOS, VASILIS",DNP,0,0,0,0,0,0,0,0,0,0,0,0,0,0,0,0,0,0,0.0
2016,21,0,PAQU      ,0.0,0.0,PAN,29,"BOUROUSIS, IOANNIS",13:50,9,1,2,1,1,4,4,1,2,3,0,0,2,0,0,4,5,10,-5.0
2016,21,0,P001932   ,1.0,1.0,PAN,33,"CALATHES, NICK",32:35,13,4,6,1,4,2,2,2,9,11,9,3,0,0,0,4,2,29,5.0
2016,21,0,Team,0.0,0.0,PAN,,Team,,0,0,0,0,0,0,0,2,2,4,0,0,1,0,0,0,0,3,
2016,21,0,Total,,,PAN,,Total,200:00,84,16,30,12,27,16,19,8,22,30,19,4,7,4,1,22,20,99,
2016,22,1,P003269   ,0.0,0.0,RED,4,"REBIC, NIKOLA",03:15,0,0,0,0,0,0,0,0,0,0,1,0,1,0,0,0,0,0,-6.0
2016,22,1,P005942   ,1.0,0.0,RED,6,"DANGUBIC, NEMANJA",14:31,2,1,3,0,0,0,0,0,0,0,1,0,2,0,0,3,0,-4,-1.0
2016,22,1,P002553   ,1.0,1.0,RED,9,"MITROVIC, LUKA",21:03,1,0,2,0,2,1,2,1,1,2,1,1,0,0,0,0,1,1,-4.0
2016,22,1,PLUO      ,0.0,1.0,RED,10,"LAZIC, BRANKO",29:33,9,3,4,1,1,0,0,0,1,1,1,2,0,1,0,4,2,11,13.0
2016,22,1,P004007   ,0.0,0.0,RED,13,"DOBRIC, OGNJEN",DNP,0,0,0,0,0,0,0,0,0,0,0,0,0,0,0,0,0,0,0.0
2016,22,1,PLRU      ,0.0,0.0,RED,19,"SIMONOVIC, MARKO",21:14,13,1,2,3,6,2,2,3,2,5,1,0,3,0,1,1,1,11,9.0
2016,22,1,P007395   ,0.0,0.0,RED,20,"RAKICEVIC, PETAR",DNP,0,0,0,0,0,0,0,0,0,0,0,0,0,0,0,0,0,0,0.0
2016,22,1,P005014   ,1.0,1.0,RED,22,"JENKINS, CHARLES",24:02,8,2,5,1,3,1,2,0,1,1,7,5,2,0,0,3,3,13,15.0
2016,22,1,P004004   ,0.0,1.0,RED,23,"GUDURIC, MARKO",25:15,21,8,11,1,1,2,3,0,4,4,5,2,1,0,0,1,4,30,18.0
2016,22,1,P004863   ,1.0,0.0,RED,24,"JOVIC, STEFAN",21:07,4,2,3,0,1,0,0,0,2,2,5,0,1,0,0,1,1,8,0.0
2016,22,1,P003479   ,1.0,0.0,RED,32,"KUZMIC, OGNJEN",20:22,6,3,3,0,0,0,0,1,4,5,2,2,2,0,0,2,1,12,15.0
2016,22,1,PCHX      ,0.0,1.0,RED,51,"BJELICA, MILKO",19:38,12,4,7,0,3,4,6,1,2,3,4,1,1,0,0,3,3,11,-4.0
2016,22,1,Team,0.0,0.0,RED,,Team,,0,0,0,0,0,0,0,1,3,4,0,0,0,0,0,0,0,4,
2016,22,1,Total,,,RED,,Total,200:00,76,24,40,6,17,10,15,7,20,27,28,13,13,1,1,18,16,97,
2016,22,0,P003367   ,1.0,1.0,BAR,2,"RICE, TYRESE",36:40,9,3,9,1,6,0,0,0,0,0,5,3,7,0,1,1,5,2,-3.0
2016,22,0,P003508   ,0.0,0.0,BAR,6,"DORSEY, JOEY",14:11,3,1,2,0,0,1,2,3,1,4,1,0,1,0,0,4,2,3,-8.0
2016,22,0,PJUG      ,0.0,0.0,BAR,8,"RIBAS, PAU",09:07,9,0,0,3,5,0,0,0,1,1,1,0,1,0,0,0,2,10,-11.0
2016,22,0,P000556   ,1.0,1.0,BAR,10,"CLAVER, VICTOR",30:53,12,4,6,0,4,4,4,4,6,10,1,1,1,1,0,2,2,18,0.0
2016,22,0,P003469   ,0.0,1.0,BAR,14,"VEZENKOV, ALEKSANDAR",22:59,4,2,3,0,1,0,0,2,4,6,3,1,2,0,0,1,1,10,-13.0
2016,22,0,P004588   ,0.0,0.0,BAR,16,"PENO, STEFAN",00:10,0,0,0,0,0,0,0,0,0,0,0,0,0,0,0,1,0,-1,-2.0
2016,22,0,P003151   ,0.0,1.0,BAR,20,"ERIKSSON, MARCUS",18:18,3,0,0,1,3,0,0,0,1,1,0,0,0,0,0,1,1,2,-8.0
2016,22,0,P001972   ,1.0,1.0,BAR,24,"OLESON, BRAD",34:03,15,3,3,3,5,0,0,1,1,2,5,2,3,0,0,2,1,18,-6.0
2016,22,0,P005681   ,0.0,0.0,BAR,28,"SENA, WESLEY",DNP,0,0,0,0,0,0,0,0,0,0,0,0,0,0,0,0,0,0,0.0
2016,22,0,PKRH      ,1.0,0.0,BAR,33,"PERPEROGLOU, STRATOS",18:51,2,1,3,0,1,0,0,0,2,2,2,0,3,0,0,2,2,0,-4.0
2016,22,0,P002507   ,1.0,0.0,BAR,44,"TOMIC, ANTE",14:48,8,4,9,0,0,0,1,1,4,5,1,0,1,0,0,2,2,7,0.0
2016,22,0,Team,0.0,0.0,BAR,,Team,,0,0,0,0,0,0,0,0,2,2,0,0,2,0,0,0,0,0,
2016,22,0,Total,,,BAR,,Total,200:00,65,18,35,8,25,5,7,11,22,33,19,7,21,1,1,16,18,69,
2016,23,1,PLIM      ,0.0,0.0,ULK,5,"HERSEK, BARIS",DNP,0,0,0,0,0,0,0,0,0,0,0,0,0,0,0,0,0,0,0.0
2016,23,1,P006503   ,1.0,1.0,ULK,8,"UDOH, EKPE",33:15,14,6,8,0,1,2,2,2,6,8,1,1,0,2,0,1,3,25,9.0
2016,23,1,P002969   ,0.0,1.0,ULK,10,"MAHMUTOGLU, MELIH",12:06,6,0,0,2,3,0,0,0,0,0,0,0,0,0,0,1,0,4,9.0
2016,23,1,PBAE      ,1.0,0.0,ULK,12,"ANTIC, PERO",11:01,11,0,2,3,5,2,2,0,1,1,0,1,0,0,0,3,1,7,1.0
2016,23,1,P002821   ,1.0,0.0,ULK,13,"BOGDANOVIC, BOGDAN",21:20,10,4,5,0,1,2,2,0,1,1,5,1,2,0,0,0,6,19,5.0
2016,23,1,P001926   ,0.0,0.0,ULK,16,"SLOUKAS, KOSTAS",26:17,8,1,3,1,2,3,4,0,1,1,11,0,3,0,0,2,1,12,10.0
2016,23,1,P007400   ,0.0,1.0,ULK,21,"NUNNALLY, JAMES WILLIAM",12:13,5,1,2,1,2,0,0,0,2,2,1,0,1,1,0,1,1,6,3.0
2016,23,1,P003783   ,0.0,1.0,ULK,23,"UGURLU, BERK",02:34,0,0,0,0,1,0,0,0,0,0,0,0,0,0,0,2,0,-3,-1.0
2016,23,1,P000925   ,0.0,1.0,ULK,24,"VESELY, JAN",25:01,14,3,9,0,0,8,8,0,3,3,1,0,3,0,1,3,8,13,12.0
2016,23,1,P004866   ,0.0,0.0,ULK,33,"KALINIC, NIKOLA",18:14,4,2,4,0,0,0,0,1,1,2,0,1,0,0,1,2,3,5,0.0
2016,23,1,P001324   ,1.0,0.0,ULK,35,"DIXON, BOBBY",14:00,2,0,0,0,0,2,2,0,1,1,2,1,0,0,0,1,1,6,8.0
2016,23,1,PCCD      ,1.0,0.0,ULK,70,"DATOME, LUIGI",23:59,8,0,1,2,4,2,2,0,4,4,1,0,2,0,0,4,1,5,14.0
2016,23,1,Team,0.0,0.0,ULK,,Team,,0,0,0,0,0,0,0,6,1,7,0,0,1,0,0,0,0,6,
2016,23,1,Total,,,ULK,,Total,200:00,82,17,34,9,19,21,22,9,21,30,22,5,12,3,2,20,25,105,
2016,23,0,P006433   ,1.0,0.0,ZAL,3,"PANGOS, KEVIN",17:59,5,0,2,1,6,2,2,0,2,2,2,0,1,0,0,3,1,-1,-3.0
2016,23,0,P003210   ,0.0,1.0,ZAL,4,"LEKAVICIUS, LUKAS",18:11,3,1,3,0,1,1,1,0,2,2,2,1,1,0,0,0,2,6,-7.0
2016,23,0,P002543   ,1.0,0.0,ZAL,9,"WESTERMANN, LEO",22:01,15,4,5,2,4,1,1,0,2,2,4,0,1,0,0,3,1,15,-2.0
2016,23,0,PKNO      ,0.0,1.0,ZAL,10,"SEIBUTIS, RENALDAS",16:07,0,0,1,0,0,0,0,0,1,1,3,0,1,0,0,1,0,1,-11.0
2016,23,0,P006599   ,0.0,0.0,ZAL,12,"MOTUM, BROCK",22:24,14,4,5,2,4,0,0,1,2,3,0,1,3,0,1,2,1,10,-9.0
2016,23,0,PBWI      ,1.0,1.0,ZAL,13,"JANKUNAS, PAULIUS",17:36,8,2,3,0,2,4,6,2,2,4,1,0,0,0,0,4,6,10,-5.0
2016,23,0,PBVE      ,0.0,0.0,ZAL,15,"JAVTOKAS, ROBERTAS",DNP,0,0,0,0,0,0,0,0,0,0,0,0,0,0,0,0,0,0,0.0
2016,23,0,PKPD      ,0.0,1.0,ZAL,21,"MILAKNIS, ARTURAS",25:41,10,2,3,2,6,0,0,0,1,1,0,0,1,0,0,3,0,2,-13.0
2016,23,0,P001098   ,1.0,0.0,ZAL,23,"LIMA, AUGUSTO",15:13,4,1,2,0,0,2,4,3,0,3,2,1,0,1,0,2,4,10,-8.0
2016,23,0,P000399   ,0.0,0.0,ZAL,44,"KAVALIAUSKAS, ANTANAS",20:06,7,2,3,0,0,3,4,1,1,2,1,0,2,1,0,2,5,10,-4.0
2016,23,0,P005846   ,0.0,1.0,ZAL,55,"HARTENSTEIN, ISAIAH",04:33,0,0,1,0,1,0,0,0,1,1,0,0,0,0,0,2,0,-3,0.0
2016,23,0,P002329   ,1.0,0.0,ZAL,92,"ULANOVAS, EDGARAS",20:09,2,1,4,0,2,0,0,3,2,5,2,0,2,0,2,3,0,-3,-8.0
2016,23,0,Team,0.0,0.0,ZAL,,Team,,0,0,0,0,0,0,0,1,3,4,0,0,2,0,0,0,0,2,
2016,23,0,Total,,,ZAL,,Total,200:00,68,17,32,7,26,13,18,11,19,30,17,3,14,2,3,25,20,59,
2016,24,1,P004903   ,1.0,1.0,TEL,0,"GOUDELOCK, ANDREW",29:07,12,5,10,0,2,2,2,0,2,2,3,0,2,0,1,2,3,8,-7.0
2016,24,1,P006536   ,0.0,1.0,TEL,3,"RUDD, VICTOR",23:57,6,2,3,0,1,2,2,2,6,8,4,1,0,0,0,3,1,15,-1.0
2016,24,1,P004862   ,0.0,1.0,TEL,4,"SEELEY, D.J.",20:48,7,1,2,0,1,5,5,1,0,1,6,1,2,1,0,4,4,12,9.0
2016,24,1,P001274   ,1.0,1.0,TEL,6,"SMITH, DEVIN",23:30,17,2,5,3,4,4,4,1,2,3,0,0,3,0,1,3,2,11,11.0
2016,24,1,P002753   ,0.0,0.0,TEL,8,"YIVZORI, DAGAN",DNP,0,0,0,0,0,0,0,0,0,0,0,0,0,0,0,0,0,0,0.0
2016,24,1,PKJP      ,0.0,0.0,TEL,9,"MEKEL, GAL",08:56,0,0,1,0,1,0,0,0,1,1,1,0,0,0,0,0,0,0,-1.0
2016,24,1,PLKX      ,0.0,0.0,TEL,10,"PNINI, GUY",13:54,3,0,1,0,1,3,4,2,0,2,0,1,0,0,0,1,2,4,-5.0
2016,24,1,P000622   ,1.0,0.0,TEL,12,"OHAYON, YOGEV",15:44,3,0,3,1,2,0,0,1,0,1,3,2,1,0,1,3,0,0,13.0
2016,24,1,P003443   ,1.0,1.0,TEL,13,"WEEMS, SONNY",26:17,23,6,8,3,5,2,2,0,5,5,1,1,0,0,0,4,2,24,4.0
2016,24,1,P006195   ,0.0,0.0,TEL,23,"ALEXANDER, JOE",DNP,0,0,0,0,0,0,0,0,0,0,0,0,0,0,0,0,0,0,0.0
2016,24,1,P005154   ,1.0,0.0,TEL,24,"IVERSON, COLTON",19:02,17,6,8,0,0,5,9,1,4,5,1,1,0,0,1,1,8,24,15.0
2016,24,1,P004183   ,0.0,0.0,TEL,33,"ZIRBES, MAIK",18:45,10,2,4,0,0,6,8,1,1,2,0,2,0,0,0,3,5,12,-8.0
2016,24,1,Team,0.0,0.0,TEL,,Team,,0,0,0,0,0,0,0,5,0,5,0,0,1,0,0,0,0,4,
2016,24,1,Total,,,TEL,,Total,200:00,98,24,45,7,17,29,36,14,21,35,19,9,9,1,4,24,27,114,
2016,24,0,P007356   ,0.0,0.0,GAL,0,"SMITH, RUSS",01:08,2,0,0,0,1,2,2,0,0,0,0,0,1,0,0,0,1,1,-4.0
2016,24,0,PTFH      ,0.0,0.0,GAL,3,"PRELDZIC, EMIR",03:10,0,0,0,0,1,0,0,0,0,0,0,1,0,0,0,1,0,-1,2.0
2016,24,0,P000529   ,1.0,1.0,GAL,5,"MICOV, VLADIMIR",33:53,18,1,1,5,7,1,1,1,5,6,3,0,4,0,0,2,2,21,-8.0
2016,24,0,P004119   ,1.0,0.0,GAL,7,"TYUS, ALEX",13:27,7,2,2,0,0,3,5,1,3,4,0,0,2,1,0,5,3,6,1.0
2016,24,0,P003453   ,0.0,0.0,GAL,9,"THOMPSON, DEON",11:45,10,3,4,0,0,4,6,2,0,2,2,1,0,1,0,5,4,12,1.0
2016,24,0,P000357   ,0.0,1.0,GAL,10,"SCHILB, BLAKE",24:51,6,3,5,0,3,0,0,1,4,5,6,1,2,0,0,1,1,11,5.0
2016,24,0,PLHK      ,0.0,0.0,GAL,21,"PLEISS, TIBOR",12:15,2,0,3,0,0,2,2,4,0,4,0,0,0,0,1,3,1,0,-8.0
2016,24,0,P003472   ,1.0,0.0,GAL,25,"DAYE, AUSTIN",16:36,6,0,0,2,4,0,0,0,4,4,1,0,2,1,0,0,2,10,-8.0
2016,24,0,P000494   ,1.0,1.0,GAL,32,"GULER, SINAN",34:25,15,1,4,4,11,1,2,1,2,3,3,0,4,0,0,4,2,4,-2.0
2016,24,0,P004997   ,0.0,1.0,GAL,33,"DIEBLER, JON",16:40,4,1,1,0,2,2,2,0,1,1,4,0,1,0,0,3,3,6,-5.0
2016,24,0,P005193   ,1.0,1.0,GAL,55,"DENTMON, JUSTIN",31:50,22,3,4,4,8,4,6,0,1,1,4,3,0,1,0,3,4,25,-4.0
2016,24,0,P002104   ,0.0,0.0,GAL,61,"KOKSAL, GOKSENIN",DNP,0,0,0,0,0,0,0,0,0,0,0,0,0,0,0,0,0,0,0.0
2016,24,0,Team,0.0,0.0,GAL,,Team,,0,0,0,0,0,0,0,4,1,5,0,0,0,0,0,0,0,5,
2016,24,0,Total,,,GAL,,Total,200:00,92,14,24,15,37,19,26,14,21,35,23,6,16,4,1,27,23,100,
2016,25,1,P002100   ,1.0,0.0,CSK,1,"DE COLO, NANDO",21:56,11,3,5,1,1,2,2,0,3,3,3,0,2,0,2,2,3,12,5.0
2016,25,1,P001108   ,0.0,1.0,CSK,3,"KULAGIN, DMITRY",05:57,3,0,1,1,2,0,0,0,0,0,0,0,0,0,0,0,0,1,1.0
2016,25,1,PJDR      ,0.0,1.0,CSK,4,"TEODOSIC, MILOS",28:14,16,4,5,2,7,2,2,0,1,1,10,1,3,0,0,2,2,19,18.0
2016,25,1,P001438   ,0.0,0.0,CSK,5,"AUGUSTINE, JAMES",10:13,6,3,4,0,0,0,0,2,3,5,0,2,0,0,0,1,0,11,16.0
2016,25,1,PLLH      ,0.0,1.0,CSK,7,"FRIDZON, VITALY",17:53,8,1,2,2,3,0,0,1,0,1,1,0,2,0,1,3,0,2,5.0
2016,25,1,P003413   ,1.0,0.0,CSK,9,"JACKSON, AARON",23:53,9,3,3,1,2,0,0,0,0,0,2,0,2,0,0,4,2,6,12.0
2016,25,1,PLHI      ,1.0,0.0,CSK,20,"VORONTSEVICH, ANDREY",18:35,9,0,0,3,3,0,0,1,6,7,1,0,0,0,0,3,0,14,8.0
2016,25,1,P006450   ,0.0,0.0,CSK,22,"HIGGINS, CORY",14:45,14,4,5,2,3,0,1,0,4,4,0,0,1,0,0,3,1,12,12.0
2016,25,1,P007148   ,1.0,1.0,CSK,23,"AYRES, JEFF",07:18,1,0,4,0,0,1,2,3,3,6,0,0,0,2,0,2,1,3,-5.0
2016,25,1,PBCQ      ,0.0,0.0,CSK,31,"KHRYAPA, VICTOR",17:45,4,2,8,0,0,0,0,1,3,4,6,4,2,0,0,1,0,9,16.0
2016,25,1,PJLX      ,1.0,1.0,CSK,41,"KURBANOV, NIKITA",11:02,7,3,6,0,0,1,2,0,2,2,0,0,2,0,0,2,2,3,-5.0
2016,25,1,P002812   ,0.0,0.0,CSK,42,"HINES, KYLE",22:29,10,4,4,0,0,2,2,2,1,3,0,0,0,0,0,2,6,17,7.0
2016,25,1,Team,0.0,0.0,CSK,,Team,,0,0,0,0,0,0,0,0,1,1,0,0,0,0,0,0,0,1,
2016,25,1,Total,,,CSK,,Total,200:00,98,27,47,12,21,8,11,10,27,37,23,7,14,2,3,25,17,110,
2016,25,0,P002026   ,0.0,1.0,UNK,2,"ANTIPOV, PAVEL",09:00,0,0,1,0,1,0,0,0,0,0,1,2,0,0,0,2,0,-1,-1.0
2016,25,0,P001887   ,1.0,1.0,UNK,5,"LANGFORD, KEITH",34:14,36,5,9,5,10,11,14,1,3,4,2,1,2,1,1,2,13,40,-16.0
2016,25,0,P003034   ,1.0,0.0,UNK,9,"PARAKHOUSKI, ARTSIOM",21:04,8,3,9,0,0,2,2,3,2,5,2,0,1,2,1,3,1,7,-10.0
2016,25,0,P006533   ,1.0,0.0,UNK,10,"COLOM, QUINO",36:35,12,5,8,0,2,2,3,0,2,2,5,0,3,0,0,0,7,17,-20.0
2016,25,0,PATS      ,0.0,1.0,UNK,13,"BANIC, MARKO",20:29,8,4,4,0,0,0,0,0,2,2,0,0,2,0,0,2,0,6,-2.0
2016,25,0,P001389   ,0.0,1.0,UNK,18,"VORONOV, EVGENY",06:12,0,0,0,0,0,0,0,0,0,0,0,0,1,0,0,0,0,-1,-2.0
2016,25,0,P006594   ,0.0,0.0,UNK,19,"KARPUKHIN, ALEKSANDR",08:22,3,0,0,1,2,0,0,0,0,0,0,0,1,0,0,1,0,0,-3.0
2016,25,0,PLSK      ,1.0,0.0,UNK,20,"PANIN, VADIM",25:37,8,1,1,2,7,0,0,1,2,3,1,1,0,0,0,4,1,5,-12.0
2016,25,0,PJUP      ,1.0,0.0,UNK,21,"KAIMAKOGLOU, KOSTAS",19:31,3,1,2,0,2,1,2,0,3,3,0,1,0,0,0,2,2,3,-16.0
2016,25,0,P004259   ,0.0,1.0,UNK,22,"WILLIAMS, LATAVIOUS",18:56,2,1,2,0,0,0,0,3,3,6,1,1,1,0,0,1,0,7,-8.0
2016,25,0,P005717   ,0.0,0.0,UNK,33,"KHABIROV, RUSLAN",DNP,0,0,0,0,0,0,0,0,0,0,0,0,0,0,0,0,0,0,0.0
2016,25,0,Team,0.0,0.0,UNK,,Team,,0,0,0,0,0,0,0,1,2,3,0,0,0,0,0,0,0,3,
2016,25,0,Total,,,UNK,,Total,200:00,80,20,36,8,24,16,21,9,19,28,12,6,11,3,2,17,24,86,
2016,26,1,P006661   ,1.0,1.0,DAR,1,"WILBEKIN, SCOTTIE",31:49,13,2,3,2,4,3,3,0,3,3,4,2,3,0,0,1,3,18,-4.0
2016,26,1,P006641   ,0.0,0.0,DAR,7,"TUREN, METIN",DNP,0,0,0,0,0,0,0,0,0,0,0,0,0,0,0,0,0,0,0.0
2016,26,1,P004170   ,0.0,1.0,DAR,8,"BATUK, BIRKAN",17:06,7,2,4,1,3,0,0,2,1,3,1,1,0,0,0,4,0,4,-15.0
2016,26,1,P005838   ,1.0,1.0,DAR,11,"WANAMAKER, BRAD",34:36,11,5,10,0,1,1,1,2,0,2,6,0,4,1,0,3,4,11,-3.0
2016,26,1,P004888   ,0.0,0.0,DAR,12,"CLYBURN, WILL",05:35,7,3,4,0,1,1,1,0,1,1,0,0,3,0,0,1,1,3,-8.0
2016,26,1,P001833   ,1.0,1.0,DAR,18,"MOERMAN, ADRIEN",30:59,7,2,5,1,3,0,0,1,8,9,1,0,2,1,0,1,1,11,-4.0
2016,26,1,P003328   ,0.0,0.0,DAR,19,"ALDEMIR, FURKAN",06:21,0,0,0,0,0,0,0,0,1,1,0,0,0,0,0,1,0,0,3.0
2016,26,1,PJPF      ,0.0,0.0,DAR,21,"SAVAS, OGUZ",04:24,3,1,1,0,0,1,1,0,1,1,0,0,1,0,0,2,1,2,3.0
2016,26,1,P005938   ,1.0,0.0,DAR,23,"ANDERSON, JAMES",26:22,10,2,7,2,4,0,0,0,0,0,5,2,1,0,2,2,1,6,12.0
2016,26,1,P000659   ,1.0,0.0,DAR,44,"SLAUGHTER, MARCUS",24:24,10,4,7,0,0,2,3,4,2,6,2,0,1,1,1,5,3,11,-10.0
2016,26,1,P000436   ,0.0,0.0,DAR,45,"BERTANS, DAIRIS",05:21,4,1,1,0,0,2,2,0,0,0,1,0,2,0,0,0,2,5,4.0
2016,26,1,P004902   ,0.0,1.0,DAR,81,"HARANGODY, LUKE",13:03,7,2,2,1,1,0,0,0,3,3,0,0,1,0,0,1,1,9,-3.0
2016,26,1,Team,0.0,0.0,DAR,,Team,,0,0,0,0,0,0,0,2,2,4,0,0,1,0,0,0,0,3,
2016,26,1,Total,,,DAR,,Total,200:00,79,24,44,7,17,10,11,11,22,33,20,5,19,3,3,21,17,83,
2016,26,0,P005094   ,0.0,1.0,IST,1,"THOMAS, DESHAUN",28:09,17,2,5,3,8,4,6,1,3,4,0,0,0,0,0,1,4,14,9.0
2016,26,0,P005800   ,0.0,1.0,IST,2,"HONEYCUTT, TYLER",28:43,12,2,7,2,5,2,4,3,6,9,2,1,1,3,0,1,4,19,18.0
2016,26,0,P003521   ,0.0,0.0,IST,4,"BALBAY, DOGUS",17:19,2,1,4,0,0,0,0,3,0,3,3,3,1,0,1,2,1,5,1.0
2016,26,0,P004425   ,1.0,1.0,IST,5,"BROWN, DERRICK",21:22,10,4,5,0,1,2,2,2,1,3,0,0,1,0,0,4,2,8,2.0
2016,26,0,P004088   ,1.0,0.0,IST,6,"OSMAN, CEDI",11:17,0,0,1,0,1,0,0,0,1,1,1,0,1,0,0,0,0,-1,-13.0
2016,26,0,P007121   ,1.0,1.0,IST,7,"COTTON, BRYCE",23:08,12,5,6,0,3,2,2,0,1,1,2,1,0,0,0,4,3,11,2.0
2016,26,0,P007122   ,0.0,0.0,IST,9,"GEYIK, SAMET",DNP,0,0,0,0,0,0,0,0,0,0,0,0,0,0,0,0,0,0,0.0
2016,26,0,P005763   ,0.0,0.0,IST,10,"KORKMAZ, FURKAN",DNP,0,0,0,0,0,0,0,0,0,0,0,0,0,0,0,0,0,0,0.0
2016,26,0,P003024   ,1.0,0.0,IST,15,"GRANGER, JAYSON",10:39,7,2,4,1,3,0,0,0,0,0,0,1,2,0,0,1,0,1,-6.0
2016,26,0,P004222   ,0.0,0.0,IST,23,"OMIC, ALEN",06:58,2,1,1,0,0,0,0,2,1,3,0,0,0,0,0,0,2,7,-3.0
2016,26,0,PKLT      ,0.0,1.0,IST,31,"HEURTEL, THOMAS",28:54,15,6,11,1,2,0,0,0,1,1,9,1,2,0,1,2,0,15,13.0
2016,26,0,P003048   ,1.0,0.0,IST,42,"DUNSTON, BRYANT",23:31,7,3,5,0,0,1,1,2,2,4,2,2,1,0,1,2,5,14,2.0
2016,26,0,Team,0.0,0.0,IST,,Team,,0,0,0,0,0,0,0,4,1,5,0,0,0,0,0,0,0,5,
2016,26,0,Total,,,IST,,Total,200:00,84,26,49,7,23,11,15,17,17,34,19,9,9,3,3,17,21,98,
2016,27,1,P004418   ,0.0,1.0,MIL,1,"MCLEAN, JAMEL",14:21,11,4,4,0,0,3,4,3,1,4,0,1,0,0,0,3,3,15,7.0
2016,27,1,P000880   ,0.0,0.0,MIL,5,"GENTILE, ALESSANDRO",20:50,2,1,3,0,1,0,1,0,1,1,1,0,3,0,0,2,1,-4,-12.0
2016,27,1,P004159   ,0.0,1.0,MIL,7,"HICKMAN, RICKY",31:13,19,4,6,0,4,11,12,1,3,4,5,1,2,0,0,4,8,24,-4.0
2016,27,1,PJBX      ,0.0,1.0,MIL,9,"KALNIETIS, MANTAS",09:14,2,1,2,0,2,0,0,0,1,1,4,2,1,0,0,3,0,2,-2.0
2016,27,1,PJDU      ,0.0,0.0,MIL,11,"RADULJICA, MIROSLAV",12:12,7,2,3,0,0,3,4,0,0,0,0,0,1,0,0,1,5,8,-11.0
2016,27,1,P003514   ,1.0,1.0,MIL,12,"DRAGIC, ZORAN",17:58,7,2,5,1,2,0,2,1,1,2,0,0,0,0,0,2,1,2,-2.0
2016,27,1,PJEA      ,1.0,0.0,MIL,13,"MACVAN, MILAN",21:24,7,3,5,0,1,1,2,0,4,4,0,0,1,0,0,0,4,10,-11.0
2016,27,1,P006385   ,1.0,0.0,MIL,14,"PASCOLO, DAVIDE",11:57,6,3,5,0,0,0,0,2,1,3,0,0,0,0,0,2,0,5,-3.0
2016,27,1,PKIW      ,1.0,0.0,MIL,20,"CINCIARINI, ANDREA",08:47,0,0,0,0,2,0,0,0,1,1,0,0,0,0,1,1,0,-3,-7.0
2016,27,1,P005001   ,0.0,1.0,MIL,21,"SANDERS, RAKIM",20:06,16,3,7,3,6,1,2,4,2,6,2,1,1,0,0,4,2,14,-4.0
2016,27,1,P003527   ,0.0,0.0,MIL,23,"ABASS, AWUDU",DNP,0,0,0,0,0,0,0,0,0,0,0,0,0,0,0,0,0,0,0.0
2016,27,1,PCPR      ,1.0,0.0,MIL,43,"SIMON, KRUNOSLAV",31:58,13,4,4,1,5,2,3,0,2,2,6,1,1,0,0,3,2,15,-6.0
2016,27,1,Team,0.0,0.0,MIL,,Team,,0,0,0,0,0,0,0,2,3,5,0,0,0,0,0,0,0,5,
2016,27,1,Total,,,MIL,,Total,200:00,90,27,44,5,23,21,30,13,20,33,18,6,10,0,1,25,26,93,
2016,27,0,P005757   ,1.0,1.0,MAD,3,"RANDOLPH, ANTHONY",24:59,20,6,10,1,4,5,7,4,10,14,1,0,2,0,0,3,5,26,7.0
2016,27,0,P002946   ,0.0,0.0,MAD,4,"DRAPER, DONTAYE",10:35,5,2,2,0,2,1,2,0,0,0,1,0,2,0,0,3,2,0,1.0
2016,27,0,PBMT      ,1.0,1.0,MAD,5,"FERNANDEZ, RUDY",27:29,13,1,1,3,8,2,2,1,4,5,3,1,2,1,0,1,2,17,13.0
2016,27,0,PAPR      ,0.0,0.0,MAD,6,"NOCIONI, ANDRES",06:11,0,0,0,0,2,0,0,0,0,0,2,0,1,0,0,0,0,-1,2.0
2016,27,0,P005929   ,0.0,1.0,MAD,7,"DONCIC, LUKA",04:20,3,0,0,0,0,3,4,0,2,2,0,0,1,0,0,1,2,4,-2.0
2016,27,0,PJCC      ,1.0,0.0,MAD,8,"MACIULIS, JONAS",26:06,7,2,3,1,3,0,0,1,3,4,3,1,0,0,0,1,1,12,1.0
2016,27,0,PAAX      ,0.0,1.0,MAD,9,"REYES, FELIPE",12:14,4,1,3,0,0,2,2,0,1,1,1,0,2,0,0,4,3,1,1.0
2016,27,0,P005927   ,1.0,0.0,MAD,14,"AYON, GUSTAVO",13:43,2,1,3,0,0,0,0,0,2,2,0,0,1,0,0,4,2,-1,7.0
2016,27,0,P001960   ,0.0,0.0,MAD,20,"CARROLL, JAYCEE",22:05,11,1,1,3,5,0,0,1,3,4,1,0,0,0,0,3,3,14,10.0
2016,27,0,P005160   ,0.0,0.0,MAD,21,"HUNTER, OTHELLO",22:53,18,8,9,0,0,2,5,4,1,5,1,0,0,0,0,3,3,20,5.0
2016,27,0,PTGB      ,1.0,1.0,MAD,23,"LLULL, SERGIO",29:25,18,5,6,2,6,2,2,0,1,1,6,1,1,0,0,4,2,18,10.0
2016,27,0,P005836   ,0.0,0.0,MAD,33,"THOMPKINS, TREY",DNP,0,0,0,0,0,0,0,0,0,0,0,0,0,0,0,0,0,0,0.0
2016,27,0,Team,0.0,0.0,MAD,,Team,,0,0,0,0,0,0,0,2,0,2,0,0,0,0,0,0,0,2,
2016,27,0,Total,,,MAD,,Total,200:00,101,27,38,10,30,17,24,13,27,40,19,3,12,1,0,27,25,112,
2016,28,1,P007200   ,1.0,1.0,BAS,0,"LARKIN, SHANE",33:20,14,3,8,2,4,2,2,0,2,2,11,1,1,0,0,4,4,20,3.0
2016,28,1,P007394   ,0.0,1.0,BAS,2,"AKOGNON, JOSH",14:05,5,1,1,1,4,0,0,0,0,0,1,0,0,0,0,1,0,2,0.0
2016,28,1,P007199   ,0.0,0.0,BAS,5,"COONEY, TREVOR",DNP,0,0,0,0,0,0,0,0,0,0,0,0,0,0,0,0,0,0,0.0
2016,28,1,P007201   ,1.0,0.0,BAS,7,"VOIGTMANN, JOHANNES",29:29,7,2,5,1,3,0,0,3,5,8,1,1,2,0,1,1,1,9,-8.0
2016,28,1,P005099   ,1.0,1.0,BAS,8,"HANGA, ADAM",36:20,15,3,6,3,6,0,0,3,3,6,3,2,0,1,0,2,0,19,-8.0
2016,28,1,P007230   ,0.0,0.0,BAS,9,"SEDEKERSKIS, TADAS",00:12,0,0,0,0,0,0,0,0,0,0,0,0,0,0,0,0,0,0,0.0
2016,28,1,P006590   ,0.0,0.0,BAS,10,"BEAUBOIS, RODRIGUE",09:19,5,1,2,1,1,0,0,0,0,0,0,1,2,0,1,2,2,2,-9.0
2016,28,1,P003452   ,1.0,1.0,BAS,11,"BLAZIC, JAKA",22:31,9,3,8,1,2,0,0,1,2,3,0,1,1,0,2,3,0,1,1.0
2016,28,1,P003540   ,0.0,0.0,BAS,12,"DIOP, ILIMANE",07:51,9,4,4,0,0,1,1,1,1,2,0,0,0,0,0,3,2,10,7.0
2016,28,1,P002744   ,0.0,0.0,BAS,14,"TILLIE, KIM",13:28,6,2,3,0,0,2,2,0,1,1,1,1,0,0,1,2,2,7,5.0
2016,28,1,P001133   ,1.0,1.0,BAS,23,"SHENGELIA, TORNIKE",28:52,20,5,11,3,4,1,3,0,4,4,2,1,1,1,1,2,5,20,-14.0
2016,28,1,P001633   ,0.0,0.0,BAS,55,"LUZ, RAFA",04:33,0,0,0,0,0,0,0,0,0,0,0,0,0,0,0,4,0,-4,-2.0
2016,28,1,Team,0.0,0.0,BAS,,Team,,0,0,0,0,0,0,0,1,2,3,0,0,0,0,0,0,0,3,
2016,28,1,Total,,,BAS,,Total,200:00,90,24,48,12,24,6,8,9,20,29,19,8,7,2,6,24,16,89,
2016,28,0,P005159   ,0.0,0.0,OLY,1,"GREEN, ERICK",18:38,13,1,2,3,5,2,3,0,2,2,0,0,3,0,0,3,2,7,-1.0
2016,28,0,P007182   ,1.0,0.0,OLY,2,"BIRCH, KHEM",26:49,8,4,5,0,0,0,0,4,4,8,0,1,2,1,0,1,1,15,12.0
2016,28,0,P005984   ,0.0,0.0,OLY,4,"YOUNG, PATRIC",07:47,4,1,1,0,0,2,4,1,2,3,0,0,0,1,0,1,2,7,-1.0
2016,28,0,P005161   ,0.0,1.0,OLY,6,"PAPAPETROU, IOANNIS",17:40,5,1,2,1,2,0,0,0,5,5,0,0,0,2,0,2,1,9,7.0
2016,28,0,PJUO      ,1.0,0.0,OLY,7,"SPANOULIS, VASSILIS",27:00,15,1,1,2,5,7,7,0,0,0,15,0,7,0,0,2,7,25,7.0
2016,28,0,P004429   ,0.0,0.0,OLY,10,"AGRAVANIS, DIMITRIOS",04:48,0,0,1,0,1,0,0,1,1,2,0,0,0,0,0,0,0,0,-5.0
2016,28,0,P003941   ,0.0,0.0,OLY,11,"MILUTINOV, NIKOLA",04:36,4,2,2,0,0,0,0,1,1,2,0,0,0,0,0,0,1,7,-5.0
2016,28,0,PAMM      ,1.0,1.0,OLY,15,"PRINTEZIS, GEORGIOS",18:10,0,0,3,0,0,0,0,1,3,4,1,0,0,0,1,0,2,3,1.0
2016,28,0,P001255   ,1.0,1.0,OLY,16,"PAPANIKOLAOU, KOSTAS",22:27,15,3,5,2,4,3,4,3,0,3,0,2,1,2,1,2,2,15,-2.0
2016,28,0,P003537   ,1.0,1.0,OLY,17,"MANTZARIS, VANGELIS",25:00,17,0,2,5,8,2,2,0,3,3,1,0,1,0,0,3,1,13,1.0
2016,28,0,P001844   ,0.0,0.0,OLY,23,"HACKETT, DANIEL",11:31,5,1,4,1,2,0,0,0,2,2,1,0,0,0,0,2,2,4,3.0
2016,28,0,P003608   ,0.0,1.0,OLY,24,"LOJESKI, MATT",15:34,9,1,2,2,3,1,2,0,1,1,2,0,0,0,0,0,2,11,8.0
2016,28,0,Team,0.0,0.0,OLY,,Team,,0,0,0,0,0,0,0,2,4,6,0,0,1,0,0,0,0,5,
2016,28,0,Total,,,OLY,,Total,200:00,95,15,30,16,30,17,22,13,28,41,20,3,15,6,2,16,23,121,
2016,29,1,P003367   ,1.0,1.0,BAR,2,"RICE, TYRESE",29:45,18,4,6,3,6,1,2,0,1,1,6,3,0,0,1,3,1,19,6.0
2016,29,1,P003508   ,0.0,0.0,BAR,6,"DORSEY, JOEY",24:07,8,3,5,0,0,2,4,0,9,9,0,0,3,0,0,1,3,12,-1.0
2016,29,1,P000556   ,1.0,1.0,BAR,10,"CLAVER, VICTOR",25:55,13,3,3,2,2,1,2,1,3,4,3,1,2,0,0,2,1,17,-3.0
2016,29,1,P003469   ,0.0,1.0,BAR,14,"VEZENKOV, ALEKSANDAR",14:11,9,3,3,0,0,3,3,0,2,2,0,0,0,2,0,2,3,14,9.0
2016,29,1,P004588   ,0.0,0.0,BAR,16,"PENO, STEFAN",05:53,0,0,1,0,0,0,0,0,0,0,1,1,1,0,0,2,1,-1,1.0
2016,29,1,P003151   ,0.0,0.0,BAR,20,"ERIKSSON, MARCUS",04:06,0,0,1,0,0,0,0,0,0,0,0,0,0,0,1,0,1,-1,-4.0
2016,29,1,P001972   ,1.0,1.0,BAR,24,"OLESON, BRAD",28:46,6,3,3,0,2,0,0,0,0,0,1,1,1,0,0,2,0,3,3.0
2016,29,1,P004178   ,0.0,0.0,BAR,25,"KOPONEN, PETTERI",15:36,2,0,3,0,2,2,2,0,3,3,0,1,1,0,1,2,2,-1,-2.0
2016,29,1,P005681   ,0.0,0.0,BAR,28,"SENA, WESLEY",DNP,0,0,0,0,0,0,0,0,0,0,0,0,0,0,0,0,0,0,0.0
2016,29,1,PKRH      ,1.0,1.0,BAR,33,"PERPEROGLOU, STRATOS",35:54,11,2,6,1,2,4,4,0,4,4,6,1,0,1,0,1,3,20,8.0
2016,29,1,P002507   ,1.0,0.0,BAR,44,"TOMIC, ANTE",15:47,11,4,9,0,0,3,6,0,1,1,2,0,0,0,0,2,6,10,3.0
2016,29,1,Team,0.0,0.0,BAR,,Team,,0,0,0,0,0,0,0,1,1,2,0,0,0,0,0,0,0,2,
2016,29,1,Total,,,BAR,,Total,200:00,78,22,40,6,14,16,23,2,24,26,19,8,8,3,3,17,21,94,
2016,29,0,P001392   ,1.0,1.0,BAM,1,"CAUSEUR, FABIEN",30:36,19,6,8,1,4,4,5,0,5,5,1,1,1,1,2,1,5,22,-5.0
2016,29,0,P002849   ,1.0,0.0,BAM,4,"MELLI, NICOLO",22:42,6,2,3,0,2,2,3,1,5,6,1,0,1,0,0,5,5,8,-7.0
2016,29,0,PABN      ,0.0,1.0,BAM,6,"ZISIS, NIKOS",26:25,4,1,2,0,3,2,2,0,1,1,6,1,3,0,1,2,4,6,-4.0
2016,29,0,P002506   ,0.0,0.0,BAM,8,"STAIGER, LUCCA",04:11,3,0,0,1,2,0,0,1,1,2,1,0,0,0,0,1,0,4,-7.0
2016,29,0,P004132   ,0.0,1.0,BAM,10,"THEIS, DANIEL",22:43,19,5,7,3,3,0,0,2,3,5,0,0,3,1,0,3,0,17,-2.0
2016,29,0,P007032   ,0.0,0.0,BAM,12,"LO, MAODO",08:23,5,1,2,1,1,0,0,0,0,0,0,0,0,0,0,0,0,4,6.0
2016,29,0,P000046   ,1.0,1.0,BAM,13,"STRELNIEKS, JANIS",24:00,7,2,6,1,2,0,0,1,1,2,3,0,0,0,0,0,1,8,-1.0
2016,29,0,PLLM      ,1.0,0.0,BAM,14,"VEREMEENKO, VLADIMIR",11:34,2,1,1,0,0,0,0,0,1,1,1,0,1,1,0,3,0,1,-5.0
2016,29,0,P005460   ,0.0,0.0,BAM,20,"HARRIS, ELIAS",DNP,0,0,0,0,0,0,0,0,0,0,0,0,0,0,0,0,0,0,0.0
2016,29,0,P006421   ,0.0,1.0,BAM,21,"MILLER, DARIUS",26:06,7,2,4,1,5,0,0,0,1,1,0,0,1,0,0,3,1,-1,-3.0
2016,29,0,P006420   ,1.0,0.0,BAM,33,"HECKMANN, PATRICK",14:49,0,0,0,0,0,0,0,0,1,1,0,0,2,0,0,0,1,0,3.0
2016,29,0,PLEM      ,0.0,0.0,BAM,43,"RADOSEVIC, LEON",08:31,2,1,2,0,0,0,0,0,3,3,0,0,2,0,0,3,0,-1,5.0
2016,29,0,Team,0.0,0.0,BAM,,Team,,0,0,0,0,0,0,0,0,2,2,0,0,0,0,0,0,0,2,
2016,29,0,Total,,,BAM,,Total,200:00,74,21,35,8,22,8,10,5,24,29,13,2,14,3,3,21,17,70,
2016,30,1,P007356   ,0.0,1.0,GAL,0,"SMITH, RUSS",12:55,15,5,6,0,1,5,6,0,1,1,3,1,1,1,1,4,4,16,-4.0
2016,30,1,PTFH      ,0.0,0.0,GAL,3,"PRELDZIC, EMIR",02:43,0,0,0,0,1,0,0,0,1,1,0,0,0,0,0,1,0,-1,-1.0
2016,30,1,P000529   ,1.0,1.0,GAL,5,"MICOV, VLADIMIR",37:38,13,4,8,1,2,2,2,0,2,2,3,1,4,2,0,2,3,13,-10.0
2016,30,1,P004119   ,1.0,1.0,GAL,7,"TYUS, ALEX",28:29,8,3,8,0,0,2,3,4,4,8,0,0,3,1,0,2,2,8,-20.0
2016,30,1,P003453   ,0.0,0.0,GAL,9,"THOMPSON, DEON",05:28,2,1,1,0,0,0,0,1,0,1,0,0,0,0,0,2,0,1,-9.0
2016,30,1,P000357   ,0.0,0.0,GAL,10,"SCHILB, BLAKE",07:41,0,0,0,0,1,0,0,0,0,0,1,0,1,0,0,0,0,-1,-14.0
2016,30,1,PLHK      ,0.0,0.0,GAL,21,"PLEISS, TIBOR",14:04,7,2,5,1,1,0,0,3,3,6,1,0,0,1,0,3,0,9,0.0
2016,30,1,P003472   ,1.0,0.0,GAL,25,"DAYE, AUSTIN",24:24,16,3,3,2,5,4,4,0,1,1,1,0,1,2,0,4,5,17,4.0
2016,30,1,P000494   ,1.0,1.0,GAL,32,"GULER, SINAN",23:42,10,3,4,1,5,1,2,0,2,2,4,1,2,0,1,0,1,9,-4.0
2016,30,1,P004997   ,0.0,0.0,GAL,33,"DIEBLER, JON",02:32,0,0,0,0,0,0,0,0,0,0,1,0,0,0,0,1,0,0,-6.0
2016,30,1,P005193   ,0.0,1.0,GAL,55,"DENTMON, JUSTIN",22:27,14,0,2,4,6,2,2,0,3,3,1,0,1,0,0,3,3,13,-22.0
2016,30,1,P002104   ,1.0,0.0,GAL,61,"KOKSAL, GOKSENIN",17:57,2,1,2,0,0,0,0,0,0,0,0,1,0,0,0,2,1,1,6.0
2016,30,1,Team,0.0,0.0,GAL,,Team,,0,0,0,0,0,0,0,2,0,2,0,0,0,0,0,0,0,2,
2016,30,1,Total,,,GAL,,Total,200:00,87,22,39,9,22,16,19,10,17,27,15,4,13,7,2,24,19,87,
2016,30,0,PLIM      ,0.0,0.0,ULK,5,"HERSEK, BARIS",00:16,0,0,0,0,0,0,0,0,0,0,0,0,0,0,0,1,0,-1,0.0
2016,30,0,P006503   ,1.0,1.0,ULK,8,"UDOH, EKPE",34:39,21,8,12,0,0,5,6,6,7,13,2,1,1,0,1,2,3,31,16.0
2016,30,0,P002969   ,0.0,0.0,ULK,10,"MAHMUTOGLU, MELIH",DNP,0,0,0,0,0,0,0,0,0,0,0,0,0,0,0,0,0,0,0.0
2016,30,0,PBAE      ,1.0,0.0,ULK,12,"ANTIC, PERO",09:54,2,1,1,0,2,0,0,0,1,1,1,0,0,0,1,1,1,1,-10.0
2016,30,0,P001926   ,1.0,1.0,ULK,16,"SLOUKAS, KOSTAS",34:39,24,5,8,4,4,2,2,0,1,1,7,0,2,0,0,2,2,27,15.0
2016,30,0,P007400   ,0.0,1.0,ULK,21,"NUNNALLY, JAMES WILLIAM",24:29,4,1,4,0,3,2,2,3,3,6,6,2,0,1,2,2,4,13,22.0
2016,30,0,P003783   ,0.0,0.0,ULK,23,"UGURLU, BERK",DNP,0,0,0,0,0,0,0,0,0,0,0,0,0,0,0,0,0,0,0.0
2016,30,0,P000925   ,0.0,0.0,ULK,24,"VESELY, JAN",21:05,12,5,8,0,0,2,5,3,3,6,4,1,0,0,0,4,4,17,21.0
2016,30,0,P004866   ,0.0,1.0,ULK,33,"KALINIC, NIKOLA",16:45,5,1,4,1,1,0,0,2,2,4,2,0,1,1,1,3,0,4,-4.0
2016,30,0,P001324   ,1.0,1.0,ULK,35,"DIXON, BOBBY",31:07,22,4,7,4,8,2,2,1,1,2,1,2,4,0,0,2,6,20,4.0
2016,30,0,P006399   ,0.0,0.0,ULK,44,"DUVERIOGLU, AHMET",DNP,0,0,0,0,0,0,0,0,0,0,0,0,0,0,0,0,0,0,0.0
2016,30,0,PCCD      ,1.0,0.0,ULK,70,"DATOME, LUIGI",27:06,13,2,6,3,3,0,0,2,2,4,2,0,1,0,2,2,4,14,16.0
2016,30,0,Team,0.0,0.0,ULK,,Team,,0,0,0,0,0,0,0,0,0,0,0,0,1,0,0,0,0,-1,
2016,30,0,Total,,,ULK,,Total,200:00,103,27,50,12,21,13,17,17,20,37,25,6,10,2,7,19,24,125,
2016,31,1,P006614   ,1.0,1.0,PAN,0,"SINGLETON, CHRIS",23:06,0,0,2,0,2,0,0,2,1,3,1,0,0,2,0,3,3,2,10.0
2016,31,1,P003482   ,1.0,0.0,PAN,2,"NICHOLS, DEMETRIS",17:44,6,2,5,0,1,2,3,0,2,2,2,1,0,2,0,2,2,8,8.0
2016,31,1,P002429   ,0.0,1.0,PAN,3,"RIVERS, K.C.",24:19,12,3,5,2,3,0,0,0,1,1,0,1,1,1,0,0,0,11,6.0
2016,31,1,P003240   ,0.0,0.0,PAN,7,"BOCHORIDIS, ELEFTHERIOS",DNP,0,0,0,0,0,0,0,0,0,0,0,0,0,0,0,0,0,0,0.0
2016,31,1,P001142   ,0.0,0.0,PAN,8,"CALATHES, PAT",DNP,0,0,0,0,0,0,0,0,0,0,0,0,0,0,0,0,0,0,0.0
2016,31,1,PBEZ      ,0.0,0.0,PAN,9,"FOTSIS, ANTONIS",09:30,0,0,0,0,0,0,0,0,3,3,0,0,1,0,0,0,0,2,8.0
2016,31,1,P000464   ,0.0,0.0,PAN,11,"PAPPAS, NIKOS",13:13,0,0,0,0,0,0,0,0,0,0,0,0,0,0,0,1,0,-1,-8.0
2016,31,1,P005918   ,1.0,1.0,PAN,12,"FELDEINE, JAMES",33:20,7,3,4,0,4,1,1,1,4,5,3,1,0,0,0,3,2,10,15.0
2016,31,1,P002980   ,1.0,1.0,PAN,14,"GIST, JAMES",30:51,17,7,7,0,3,3,4,1,2,3,0,3,3,0,0,3,4,17,5.0
2016,31,1,P004218   ,0.0,0.0,PAN,15,"CHARALAMPOPOULOS, VASILIS",DNP,0,0,0,0,0,0,0,0,0,0,0,0,0,0,0,0,0,0,0.0
2016,31,1,PAQU      ,0.0,0.0,PAN,29,"BOUROUSIS, IOANNIS",14:36,12,3,6,1,3,3,4,3,5,8,0,0,2,2,0,2,6,18,-2.0
2016,31,1,P001932   ,1.0,1.0,PAN,33,"CALATHES, NICK",33:21,16,5,9,2,4,0,2,1,5,6,5,1,2,0,0,4,3,17,13.0
2016,31,1,Team,0.0,0.0,PAN,,Team,,0,0,0,0,0,0,0,1,1,2,0,0,0,0,0,0,0,2,
2016,31,1,Total,,,PAN,,Total,200:00,70,23,38,5,20,9,14,9,24,33,11,7,9,7,0,18,20,86,
2016,31,0,P006555   ,0.0,0.0,RED,0,"WOLTERS, NATE",14:29,8,2,4,1,2,1,1,0,2,2,3,1,1,0,0,2,1,9,-2.0
2016,31,0,P003269   ,0.0,0.0,RED,4,"REBIC, NIKOLA",DNP,0,0,0,0,0,0,0,0,0,0,0,0,0,0,0,0,0,0,0.0
2016,31,0,P005942   ,1.0,1.0,RED,6,"DANGUBIC, NEMANJA",17:49,2,1,2,0,2,0,0,1,2,3,0,0,1,0,0,2,0,-1,-4.0
2016,31,0,P002553   ,1.0,0.0,RED,9,"MITROVIC, LUKA",15:58,4,2,5,0,0,0,0,0,1,1,1,0,0,0,1,3,1,0,-6.0
2016,31,0,PLUO      ,0.0,0.0,RED,10,"LAZIC, BRANKO",22:11,0,0,1,0,0,0,0,0,0,0,0,1,0,0,0,2,1,-1,-7.0
2016,31,0,P004007   ,0.0,1.0,RED,13,"DOBRIC, OGNJEN",02:36,0,0,0,0,0,0,0,1,0,1,0,0,1,0,0,0,0,0,1.0
2016,31,0,PLRU      ,0.0,1.0,RED,19,"SIMONOVIC, MARKO",24:02,4,2,6,0,5,0,1,1,2,3,0,0,0,0,1,2,1,-5,-5.0
2016,31,0,P005014   ,1.0,0.0,RED,22,"JENKINS, CHARLES",20:23,8,3,4,0,1,2,2,0,1,1,0,1,1,0,0,3,1,5,5.0
2016,31,0,P004004   ,0.0,0.0,RED,23,"GUDURIC, MARKO",17:01,3,0,1,1,2,0,2,0,1,1,2,0,1,0,1,2,2,0,-17.0
2016,31,0,P004863   ,1.0,1.0,RED,24,"JOVIC, STEFAN",25:31,3,0,1,1,3,0,0,0,2,2,2,0,3,0,0,0,2,3,-9.0
2016,31,0,P003479   ,1.0,0.0,RED,32,"KUZMIC, OGNJEN",23:05,15,7,9,0,0,1,1,6,9,15,0,0,4,0,0,2,5,27,-9.0
2016,31,0,PCHX      ,0.0,1.0,RED,51,"BJELICA, MILKO",16:55,12,2,9,2,3,2,2,0,2,2,0,0,0,0,4,2,4,4,-2.0
2016,31,0,Team,0.0,0.0,RED,,Team,,0,0,0,0,0,0,0,1,2,3,0,0,0,0,0,0,0,3,
2016,31,0,Total,,,RED,,Total,200:00,59,19,42,5,18,6,9,10,24,34,8,3,12,0,7,20,18,44,
2016,32,1,P006433   ,1.0,0.0,ZAL,3,"PANGOS, KEVIN",13:49,11,1,1,3,5,0,0,2,1,3,1,0,0,0,0,5,2,10,-8.0
2016,32,1,P003210   ,0.0,1.0,ZAL,4,"LEKAVICIUS, LUKAS",26:11,16,5,8,2,8,0,0,3,5,8,6,0,3,0,0,1,4,21,-5.0
2016,32,1,P004664   ,0.0,0.0,ZAL,6,"VALINSKAS, PAULIUS",DNP,0,0,0,0,0,0,0,0,0,0,0,0,0,0,0,0,0,0,0.0
2016,32,1,P002543   ,0.0,1.0,ZAL,9,"WESTERMANN, LEO",25:08,9,4,4,0,3,1,2,1,1,2,7,0,5,0,0,4,2,7,-9.0
2016,32,1,PKNO      ,1.0,0.0,ZAL,10,"SEIBUTIS, RENALDAS",05:54,2,1,1,0,1,0,0,0,0,0,0,0,0,0,0,1,0,0,-2.0
2016,32,1,P006599   ,0.0,1.0,ZAL,12,"MOTUM, BROCK",21:31,9,3,8,1,2,0,0,5,2,7,0,3,0,1,2,1,1,12,-7.0
2016,32,1,PBWI      ,1.0,1.0,ZAL,13,"JANKUNAS, PAULIUS",20:49,4,2,4,0,4,0,0,1,4,5,3,0,4,0,1,2,4,3,-15.0
2016,32,1,PBVE      ,1.0,0.0,ZAL,15,"JAVTOKAS, ROBERTAS",15:26,6,3,4,0,0,0,0,0,1,1,0,0,1,0,0,3,0,2,-6.0
2016,32,1,PKPD      ,0.0,0.0,ZAL,21,"MILAKNIS, ARTURAS",26:40,6,0,1,2,8,0,0,0,1,1,3,0,1,1,2,1,0,0,-5.0
2016,32,1,P001098   ,0.0,0.0,ZAL,23,"LIMA, AUGUSTO",07:00,0,0,0,0,0,0,0,0,0,0,0,0,0,0,0,2,0,-2,-1.0
2016,32,1,P000399   ,0.0,0.0,ZAL,44,"KAVALIAUSKAS, ANTANAS",11:56,2,1,3,0,0,0,0,3,1,4,0,0,1,0,0,2,2,3,-4.0
2016,32,1,P002329   ,1.0,1.0,ZAL,92,"ULANOVAS, EDGARAS",25:36,9,3,6,1,2,0,0,2,2,4,3,2,1,0,0,2,2,13,-3.0
2016,32,1,Team,0.0,0.0,ZAL,,Team,,0,0,0,0,0,0,0,1,3,4,0,0,2,0,0,0,0,2,
2016,32,1,Total,,,ZAL,,Total,200:00,74,23,40,9,33,1,2,18,21,39,23,5,18,2,5,24,17,71,
2016,32,0,P004903   ,0.0,1.0,TEL,0,"GOUDELOCK, ANDREW",19:39,18,4,9,2,2,4,4,0,1,1,2,0,5,0,0,3,3,11,7.0
2016,32,0,P006536   ,0.0,0.0,TEL,3,"RUDD, VICTOR",05:14,0,0,0,0,0,0,0,0,0,0,1,0,1,0,0,1,0,-1,2.0
2016,32,0,P004862   ,1.0,1.0,TEL,4,"SEELEY, D.J.",31:10,11,3,4,0,2,5,5,0,3,3,2,0,1,2,0,2,3,15,8.0
2016,32,0,P001274   ,1.0,1.0,TEL,6,"SMITH, DEVIN",31:01,17,5,8,2,4,1,1,1,3,4,2,1,1,1,1,2,3,19,7.0
2016,32,0,P002753   ,0.0,0.0,TEL,8,"YIVZORI, DAGAN",DNP,0,0,0,0,0,0,0,0,0,0,0,0,0,0,0,0,0,0,0.0
2016,32,0,PKJP      ,1.0,0.0,TEL,9,"MEKEL, GAL",10:09,0,0,1,0,0,0,0,0,1,1,3,0,1,0,1,1,2,2,7.0
2016,32,0,PLKX      ,0.0,0.0,TEL,10,"PNINI, GUY",11:55,2,1,2,0,3,0,0,1,0,1,0,0,0,0,0,2,2,-1,2.0
2016,32,0,P000622   ,0.0,0.0,TEL,12,"OHAYON, YOGEV",16:19,5,1,1,1,2,0,0,0,3,3,2,1,1,0,0,0,0,9,6.0
2016,32,0,P003443   ,1.0,1.0,TEL,13,"WEEMS, SONNY",35:29,16,5,7,2,4,0,0,0,2,2,2,3,2,0,0,1,2,18,13.0
2016,32,0,P005154   ,1.0,1.0,TEL,24,"IVERSON, COLTON",23:21,10,2,3,0,0,6,9,1,4,5,0,2,2,1,0,3,5,14,4.0
2016,32,0,P004183   ,0.0,0.0,TEL,33,"ZIRBES, MAIK",15:43,8,2,2,0,0,4,4,1,3,4,0,0,2,1,0,2,3,12,9.0
2016,32,0,Team,0.0,0.0,TEL,,Team,,0,0,0,0,0,0,0,0,2,2,0,0,0,0,0,0,0,2,
2016,32,0,Total,,,TEL,,Total,200:00,87,23,37,7,17,20,23,4,22,26,14,7,16,5,2,17,23,100,
2016,33,1,PLIM      ,0.0,0.0,ULK,5,"HERSEK, BARIS",DNP,0,0,0,0,0,0,0,0,0,0,0,0,0,0,0,0,0,0,0.0
2016,33,1,P006503   ,1.0,1.0,ULK,8,"UDOH, EKPE",25:30,3,1,4,0,0,1,4,0,2,2,1,0,0,3,0,3,5,5,-23.0
2016,33,1,P002969   ,0.0,0.0,ULK,10,"MAHMUTOGLU, MELIH",07:32,0,0,0,0,1,0,0,0,0,0,3,0,0,0,0,2,0,0,2.0
2016,33,1,PBAE      ,1.0,1.0,ULK,12,"ANTIC, PERO",23:01,2,0,0,0,2,2,2,0,5,5,0,1,1,0,0,4,1,2,-11.0
2016,33,1,P001926   ,0.0,1.0,ULK,16,"SLOUKAS, KOSTAS",32:26,10,2,7,1,6,3,3,0,3,3,5,0,6,0,2,2,3,1,-6.0
2016,33,1,P005348   ,0.0,0.0,ULK,18,"ARNA, EGEHAN",DNP,0,0,0,0,0,0,0,0,0,0,0,0,0,0,0,0,0,0,0.0
2016,33,1,P007400   ,1.0,0.0,ULK,21,"NUNNALLY, JAMES WILLIAM",16:33,6,0,1,2,2,0,0,0,0,0,4,0,0,0,0,2,0,7,-5.0
2016,33,1,P007423   ,0.0,0.0,ULK,22,"MINCHEV, YORDAN",DNP,0,0,0,0,0,0,0,0,0,0,0,0,0,0,0,0,0,0,0.0
2016,33,1,P000925   ,0.0,0.0,ULK,24,"VESELY, JAN",24:52,17,6,7,0,0,5,6,1,2,3,0,3,4,0,0,5,4,16,10.0
2016,33,1,P001324   ,1.0,1.0,ULK,35,"DIXON, BOBBY",32:35,23,1,3,7,9,0,0,0,1,1,5,1,1,0,0,2,0,23,-5.0
2016,33,1,P006399   ,0.0,0.0,ULK,44,"DUVERIOGLU, AHMET",DNP,0,0,0,0,0,0,0,0,0,0,0,0,0,0,0,0,0,0,0.0
2016,33,1,PCCD      ,1.0,1.0,ULK,70,"DATOME, LUIGI",37:31,12,5,10,0,4,2,2,4,4,8,0,1,1,1,1,2,5,14,-2.0
2016,33,1,Team,0.0,0.0,ULK,,Team,,0,0,0,0,0,0,0,2,4,6,0,0,1,0,0,0,0,5,
2016,33,1,Total,,,ULK,,Total,200:00,73,15,32,10,24,13,17,7,21,28,18,6,14,4,3,22,18,73,
2016,33,0,P002026   ,0.0,0.0,UNK,2,"ANTIPOV, PAVEL",DNP,0,0,0,0,0,0,0,0,0,0,0,0,0,0,0,0,0,0,0.0
2016,33,0,P001887   ,1.0,1.0,UNK,5,"LANGFORD, KEITH",35:09,28,6,12,4,9,4,4,1,9,10,4,0,2,0,2,1,10,36,16.0
2016,33,0,P003034   ,1.0,1.0,UNK,9,"PARAKHOUSKI, ARTSIOM",25:34,20,9,10,0,0,2,4,7,5,12,0,2,1,2,0,3,4,33,19.0
2016,33,0,P006533   ,1.0,1.0,UNK,10,"COLOM, QUINO",35:04,9,2,6,1,6,2,2,1,4,5,11,1,2,0,1,0,3,17,5.0
2016,33,0,PATS      ,0.0,0.0,UNK,13,"BANIC, MARKO",16:56,6,3,5,0,0,0,0,0,1,1,0,1,0,0,1,1,1,5,-8.0
2016,33,0,P001389   ,0.0,1.0,UNK,18,"VORONOV, EVGENY",21:09,5,2,3,0,4,1,2,1,0,1,0,2,1,0,0,3,1,-1,3.0
2016,33,0,P006594   ,0.0,0.0,UNK,19,"KARPUKHIN, ALEKSANDR",DNP,0,0,0,0,0,0,0,0,0,0,0,0,0,0,0,0,0,0,0.0
2016,33,0,PLSK      ,1.0,0.0,UNK,20,"PANIN, VADIM",29:20,0,0,1,0,1,0,0,0,0,0,0,0,2,0,0,3,1,-6,0.0
2016,33,0,PJUP      ,1.0,1.0,UNK,21,"KAIMAKOGLOU, KOSTAS",23:04,3,0,0,1,2,0,0,1,1,2,1,0,2,1,0,4,1,1,16.0
2016,33,0,P004259   ,0.0,0.0,UNK,22,"WILLIAMS, LATAVIOUS",13:44,10,5,6,0,0,0,0,0,3,3,0,1,2,0,0,3,1,9,-11.0
2016,33,0,P007051   ,0.0,0.0,UNK,28,"TUKMAKOV, AZAT",DNP,0,0,0,0,0,0,0,0,0,0,0,0,0,0,0,0,0,0,0.0
2016,33,0,P005717   ,0.0,0.0,UNK,33,"KHABIROV, RUSLAN",DNP,0,0,0,0,0,0,0,0,0,0,0,0,0,0,0,0,0,0,0.0
2016,33,0,Team,0.0,0.0,UNK,,Team,,0,0,0,0,0,0,0,1,1,2,0,0,0,0,0,0,0,2,
2016,33,0,Total,,,UNK,,Total,200:00,81,27,43,6,22,9,12,12,24,36,16,7,12,3,4,18,22,96,
2016,34,1,P004903   ,1.0,1.0,TEL,0,"GOUDELOCK, ANDREW",33:21,19,5,7,2,6,3,3,0,1,1,3,1,4,0,0,2,7,19,-6.0
2016,34,1,P006536   ,0.0,1.0,TEL,3,"RUDD, VICTOR",12:18,0,0,0,0,1,0,0,0,3,3,0,0,0,0,0,0,1,3,0.0
2016,34,1,P004862   ,0.0,0.0,TEL,4,"SEELEY, D.J.",17:12,3,0,3,1,2,0,0,0,0,0,4,1,2,0,0,1,1,2,-5.0
2016,34,1,P001274   ,1.0,1.0,TEL,6,"SMITH, DEVIN",31:38,18,3,4,4,7,0,0,1,5,6,1,1,2,0,0,3,2,19,-6.0
2016,34,1,P002753   ,0.0,0.0,TEL,8,"YIVZORI, DAGAN",DNP,0,0,0,0,0,0,0,0,0,0,0,0,0,0,0,0,0,0,0.0
2016,34,1,PKJP      ,0.0,1.0,TEL,9,"MEKEL, GAL",09:10,0,0,1,0,0,0,2,1,1,2,0,0,1,0,0,2,1,-3,2.0
2016,34,1,PLKX      ,0.0,0.0,TEL,10,"PNINI, GUY",10:42,0,0,0,0,0,0,0,0,1,1,1,0,0,0,0,1,0,1,-8.0
2016,34,1,P000622   ,1.0,0.0,TEL,12,"OHAYON, YOGEV",18:11,6,3,4,0,3,0,0,1,1,2,1,0,2,0,0,1,2,4,-16.0
2016,34,1,P003443   ,1.0,1.0,TEL,13,"WEEMS, SONNY",29:49,6,3,5,0,2,0,0,0,1,1,4,0,3,0,0,4,2,2,2.0
2016,34,1,P006195   ,0.0,0.0,TEL,23,"ALEXANDER, JOE",DNP,0,0,0,0,0,0,0,0,0,0,0,0,0,0,0,0,0,0,0.0
2016,34,1,P005154   ,1.0,0.0,TEL,24,"IVERSON, COLTON",25:52,10,5,8,0,0,0,0,2,3,5,1,0,0,1,0,3,1,12,1.0
2016,34,1,P004183   ,0.0,0.0,TEL,33,"ZIRBES, MAIK",11:47,7,3,3,0,0,1,2,0,0,0,1,0,1,0,0,2,1,5,-14.0
2016,34,1,Team,0.0,0.0,TEL,,Team,,0,0,0,0,0,0,0,0,3,3,0,0,1,0,0,0,0,2,
2016,34,1,Total,,,TEL,,Total,200:00,69,22,35,7,21,4,7,5,19,24,16,3,16,1,0,19,18,66,
2016,34,0,P003367   ,1.0,1.0,BAR,2,"RICE, TYRESE",30:57,21,6,10,2,7,3,4,0,1,1,3,2,1,0,1,3,5,17,15.0
2016,34,0,P003508   ,0.0,0.0,BAR,6,"DORSEY, JOEY",22:18,11,5,5,0,0,1,2,7,4,11,4,0,2,0,0,3,3,23,8.0
2016,34,0,P000556   ,1.0,0.0,BAR,10,"CLAVER, VICTOR",20:32,6,0,1,2,3,0,0,0,1,1,2,2,3,0,0,0,1,7,-8.0
2016,34,0,P003469   ,0.0,1.0,BAR,14,"VEZENKOV, ALEKSANDAR",23:55,9,2,3,1,3,2,2,2,3,5,1,2,2,0,0,0,2,14,14.0
2016,34,0,P004588   ,0.0,0.0,BAR,16,"PENO, STEFAN",04:42,0,0,0,0,0,0,0,0,0,0,0,0,0,0,0,1,1,0,-6.0
2016,34,0,P003151   ,0.0,0.0,BAR,20,"ERIKSSON, MARCUS",04:49,0,0,0,0,0,0,0,1,0,1,0,0,0,0,0,2,0,-1,4.0
2016,34,0,P001972   ,1.0,1.0,BAR,24,"OLESON, BRAD",20:24,6,3,3,0,3,0,0,0,2,2,1,1,1,0,0,3,2,5,6.0
2016,34,0,P004178   ,0.0,1.0,BAR,25,"KOPONEN, PETTERI",25:15,14,1,5,2,2,6,6,0,2,2,1,2,2,0,0,2,3,14,7.0
2016,34,0,P005681   ,0.0,0.0,BAR,28,"SENA, WESLEY",DNP,0,0,0,0,0,0,0,0,0,0,0,0,0,0,0,0,0,0,0.0
2016,34,0,PKRH      ,1.0,1.0,BAR,33,"PERPEROGLOU, STRATOS",30:44,9,1,6,2,5,1,1,0,3,3,2,2,2,0,0,1,1,6,10.0
2016,34,0,P002507   ,1.0,0.0,BAR,44,"TOMIC, ANTE",16:24,3,1,1,0,0,1,2,0,2,2,2,1,0,0,0,3,1,5,0.0
2016,34,0,Team,0.0,0.0,BAR,,Team,,0,0,0,0,0,0,0,1,2,3,0,0,2,0,0,0,0,1,
2016,34,0,Total,,,BAR,,Total,200:00,79,19,34,9,23,14,17,11,20,31,16,12,15,0,1,18,19,91,
2016,35,1,P005159   ,0.0,1.0,OLY,1,"GREEN, ERICK",19:04,8,0,2,1,4,5,6,0,4,4,2,0,1,0,0,1,5,11,5.0
2016,35,1,P007182   ,0.0,0.0,OLY,2,"BIRCH, KHEM",16:00,10,4,6,0,0,2,4,3,1,4,0,0,1,2,0,1,2,12,2.0
2016,35,1,P005984   ,1.0,0.0,OLY,4,"YOUNG, PATRIC",04:22,0,0,0,0,0,0,0,0,1,1,0,0,1,0,0,0,1,1,-7.0
2016,35,1,P005161   ,1.0,1.0,OLY,6,"PAPAPETROU, IOANNIS",12:21,3,0,2,1,2,0,0,0,2,2,0,0,2,0,0,2,0,-2,-4.0
2016,35,1,PJUO      ,1.0,0.0,OLY,7,"SPANOULIS, VASSILIS",27:23,14,4,6,1,3,3,3,0,2,2,5,1,7,0,0,5,4,10,-9.0
2016,35,1,P004429   ,0.0,0.0,OLY,10,"AGRAVANIS, DIMITRIOS",DNP,0,0,0,0,0,0,0,0,0,0,0,0,0,0,0,0,0,0,0.0
2016,35,1,P003941   ,0.0,0.0,OLY,11,"MILUTINOV, NIKOLA",10:13,3,1,3,0,0,1,2,2,1,3,0,0,3,0,1,3,2,-2,-10.0
2016,35,1,PAMM      ,1.0,1.0,OLY,15,"PRINTEZIS, GEORGIOS",33:18,26,8,14,2,3,4,5,4,3,7,0,0,1,0,0,1,4,27,-8.0
2016,35,1,P001255   ,0.0,1.0,OLY,16,"PAPANIKOLAOU, KOSTAS",23:32,6,3,6,0,2,0,0,5,3,8,4,0,1,1,1,4,3,11,11.0
2016,35,1,P003537   ,1.0,0.0,OLY,17,"MANTZARIS, VANGELIS",21:25,3,0,0,1,2,0,0,1,3,4,2,2,0,0,0,5,0,5,-4.0
2016,35,1,P001844   ,0.0,0.0,OLY,23,"HACKETT, DANIEL",11:46,2,0,3,0,1,2,4,0,3,3,1,0,0,0,0,2,2,0,-4.0
2016,35,1,P003608   ,0.0,1.0,OLY,24,"LOJESKI, MATT",20:36,0,0,0,0,3,0,0,1,3,4,0,0,0,0,0,0,0,1,-2.0
2016,35,1,Team,0.0,0.0,OLY,,Team,,0,0,0,0,0,0,0,1,0,1,0,0,0,0,0,0,0,1,
2016,35,1,Total,,,OLY,,Total,200:00,75,20,42,6,20,17,24,17,26,43,14,3,17,3,2,24,23,75,
2016,35,0,P002100   ,1.0,1.0,CSK,1,"DE COLO, NANDO",30:59,23,5,16,2,3,7,7,1,8,9,3,0,2,0,1,3,7,24,8.0
2016,35,0,P001108   ,0.0,0.0,CSK,3,"KULAGIN, DMITRY",DNP,0,0,0,0,0,0,0,0,0,0,0,0,0,0,0,0,0,0,0.0
2016,35,0,PJDR      ,0.0,1.0,CSK,4,"TEODOSIC, MILOS",30:11,10,2,5,2,10,0,0,0,1,1,5,0,0,0,1,1,1,4,-8.0
2016,35,0,P001438   ,1.0,0.0,CSK,5,"AUGUSTINE, JAMES",12:42,2,1,1,0,0,0,2,2,0,2,0,0,1,0,0,1,1,1,4.0
2016,35,0,PLLH      ,0.0,0.0,CSK,7,"FRIDZON, VITALY",01:38,0,0,0,0,0,0,0,0,0,0,0,0,0,0,0,0,0,0,4.0
2016,35,0,P003413   ,1.0,0.0,CSK,9,"JACKSON, AARON",28:22,15,2,6,3,3,2,2,2,0,2,5,1,2,0,1,2,1,15,-1.0
2016,35,0,P004941   ,0.0,0.0,CSK,11,"ANTONOV, SEMEN",12:06,3,0,0,1,2,0,0,0,0,0,1,0,0,0,0,3,0,0,6.0
2016,35,0,PLHI      ,1.0,1.0,CSK,20,"VORONTSEVICH, ANDREY",21:52,11,2,3,2,3,1,3,3,1,4,0,2,0,1,0,2,4,16,-4.0
2016,35,0,P006450   ,0.0,1.0,CSK,22,"HIGGINS, CORY",17:43,2,1,4,0,0,0,0,1,3,4,1,0,1,0,0,3,3,3,9.0
2016,35,0,PBCQ      ,0.0,0.0,CSK,31,"KHRYAPA, VICTOR",01:47,0,0,0,0,0,0,0,1,0,1,2,0,0,0,0,1,1,3,4.0
2016,35,0,PJLX      ,1.0,0.0,CSK,41,"KURBANOV, NIKITA",15:22,2,0,3,0,0,2,2,1,2,3,0,0,1,0,0,4,1,-2,6.0
2016,35,0,P002812   ,0.0,1.0,CSK,42,"HINES, KYLE",27:18,13,5,7,0,0,3,4,2,2,4,1,2,2,1,0,3,4,17,2.0
2016,35,0,Team,0.0,0.0,CSK,,Team,,0,0,0,0,0,0,0,1,1,2,0,0,1,0,0,0,0,1,
2016,35,0,Total,,,CSK,,Total,200:00,81,18,45,10,21,15,20,14,18,32,18,5,10,2,3,23,23,82,
2016,36,1,P005757   ,1.0,1.0,MAD,3,"RANDOLPH, ANTHONY",24:51,7,2,3,1,3,0,2,1,9,10,3,2,0,1,0,0,1,19,7.0
2016,36,1,PBMT      ,1.0,1.0,MAD,5,"FERNANDEZ, RUDY",30:46,13,2,4,3,5,0,0,1,2,3,6,1,1,0,0,0,4,22,14.0
2016,36,1,PAPR      ,0.0,0.0,MAD,6,"NOCIONI, ANDRES",DNP,0,0,0,0,0,0,0,0,0,0,0,0,0,0,0,0,0,0,0.0
2016,36,1,P005929   ,0.0,1.0,MAD,7,"DONCIC, LUKA",22:40,11,3,4,1,5,2,2,0,2,2,3,3,4,0,0,2,2,10,11.0
2016,36,1,PJCC      ,1.0,0.0,MAD,8,"MACIULIS, JONAS",13:53,5,1,2,1,2,0,0,0,2,2,0,0,1,0,0,1,1,4,-1.0
2016,36,1,PAAX      ,0.0,1.0,MAD,9,"REYES, FELIPE",07:39,2,1,3,0,0,0,0,1,0,1,2,0,2,1,1,3,2,0,8.0
2016,36,1,P005927   ,1.0,0.0,MAD,14,"AYON, GUSTAVO",19:26,10,5,7,0,0,0,0,0,5,5,0,0,1,1,0,5,1,9,-1.0
2016,36,1,P001960   ,0.0,0.0,MAD,20,"CARROLL, JAYCEE",13:51,3,0,1,1,3,0,0,0,2,2,2,0,1,0,0,0,1,4,1.0
2016,36,1,P005160   ,0.0,0.0,MAD,21,"HUNTER, OTHELLO",17:59,7,3,5,0,0,1,2,3,4,7,0,1,1,0,0,2,1,10,3.0
2016,36,1,PTGB      ,1.0,1.0,MAD,23,"LLULL, SERGIO",26:56,23,4,6,3,7,6,8,0,2,2,3,2,2,0,0,2,5,23,8.0
2016,36,1,P005836   ,0.0,0.0,MAD,33,"THOMPKINS, TREY",09:50,6,3,4,0,0,0,0,2,1,3,0,0,1,1,0,1,0,7,-1.0
2016,36,1,P006546   ,0.0,0.0,MAD,44,"TAYLOR, JEFFERY",12:09,3,1,1,0,1,1,2,0,0,0,0,0,1,0,0,1,1,0,-4.0
2016,36,1,Team,0.0,0.0,MAD,,Team,,0,0,0,0,0,0,0,1,0,1,0,0,0,0,0,0,0,1,
2016,36,1,Total,,,MAD,,Total,200:00,90,25,40,10,26,10,16,9,29,38,19,9,15,4,1,17,19,109,
2016,36,0,P007356   ,1.0,1.0,GAL,0,"SMITH, RUSS",09:20,6,3,6,0,2,0,1,0,2,2,1,0,1,0,1,1,1,1,-10.0
2016,36,0,PTFH      ,0.0,0.0,GAL,3,"PRELDZIC, EMIR",25:44,10,2,3,2,4,0,0,2,3,5,3,5,0,0,0,3,0,17,0.0
2016,36,0,P000529   ,1.0,1.0,GAL,5,"MICOV, VLADIMIR",34:19,17,2,5,4,6,1,2,0,2,2,1,0,3,0,0,2,3,12,-3.0
2016,36,0,P004119   ,1.0,1.0,GAL,7,"TYUS, ALEX",30:56,14,7,9,0,0,0,1,2,6,8,0,0,4,1,0,3,3,16,-13.0
2016,36,0,P003453   ,0.0,0.0,GAL,9,"THOMPSON, DEON",12:18,6,3,5,0,0,0,0,1,0,1,1,0,1,0,0,1,3,7,-7.0
2016,36,0,P000357   ,1.0,1.0,GAL,10,"SCHILB, BLAKE",26:23,9,3,4,1,4,0,0,0,4,4,1,0,2,0,0,3,1,6,-13.0
2016,36,0,P005813   ,0.0,0.0,GAL,11,"ARAR, EGE",DNP,0,0,0,0,0,0,0,0,0,0,0,0,0,0,0,0,0,0,0.0
2016,36,0,PLHK      ,0.0,0.0,GAL,21,"PLEISS, TIBOR",DNP,0,0,0,0,0,0,0,0,0,0,0,0,0,0,0,0,0,0,0.0
2016,36,0,P003472   ,0.0,0.0,GAL,25,"DAYE, AUSTIN",DNP,0,0,0,0,0,0,0,0,0,0,0,0,0,0,0,0,0,0,0.0
2016,36,0,P000494   ,1.0,0.0,GAL,32,"GULER, SINAN",26:46,8,3,7,0,1,2,2,0,2,2,5,0,2,0,2,1,2,7,0.0
2016,36,0,P004997   ,0.0,0.0,GAL,33,"DIEBLER, JON",16:16,5,1,1,1,4,0,0,0,1,1,0,0,1,0,0,3,2,1,0.0
2016,36,0,P005193   ,0.0,1.0,GAL,55,"DENTMON, JUSTIN",17:58,6,0,4,2,5,0,0,1,0,1,4,1,1,0,1,2,2,3,1.0
2016,36,0,Team,0.0,0.0,GAL,,Team,,0,0,0,0,0,0,0,2,0,2,0,0,0,0,0,0,0,2,
2016,36,0,Total,,,GAL,,Total,200:00,81,24,44,10,26,3,6,8,20,28,16,6,15,1,4,19,17,72,
2016,37,1,P005094   ,0.0,0.0,IST,1,"THOMAS, DESHAUN",20:27,13,1,2,3,3,2,2,1,1,2,0,0,0,0,0,0,1,15,-5.0
2016,37,1,P005800   ,0.0,1.0,IST,2,"HONEYCUTT, TYLER",38:20,15,5,8,1,6,2,2,4,9,13,4,1,0,1,0,1,3,28,7.0
2016,37,1,P003521   ,0.0,0.0,IST,4,"BALBAY, DOGUS",07:29,0,0,0,0,1,0,0,0,0,0,1,0,0,0,0,1,0,-1,-4.0
2016,37,1,P004425   ,1.0,1.0,IST,5,"BROWN, DERRICK",31:01,11,4,9,0,1,3,3,5,6,11,2,2,4,0,0,1,2,17,15.0
2016,37,1,P004088   ,1.0,0.0,IST,6,"OSMAN, CEDI",19:25,5,0,4,1,3,2,2,0,1,1,0,0,1,1,1,0,2,1,-9.0
2016,37,1,P007121   ,1.0,1.0,IST,7,"COTTON, BRYCE",34:07,9,3,8,1,5,0,0,0,4,4,2,1,3,0,1,2,2,3,26.0
2016,37,1,P007122   ,0.0,0.0,IST,9,"GEYIK, SAMET",DNP,0,0,0,0,0,0,0,0,0,0,0,0,0,0,0,0,0,0,0.0
2016,37,1,P005763   ,0.0,0.0,IST,10,"KORKMAZ, FURKAN",DNP,0,0,0,0,0,0,0,0,0,0,0,0,0,0,0,0,0,0,0.0
2016,37,1,P003024   ,0.0,0.0,IST,15,"GRANGER, JAYSON",16:08,7,1,3,1,1,2,2,0,1,1,1,0,3,0,1,3,3,3,-7.0
2016,37,1,P004222   ,0.0,0.0,IST,23,"OMIC, ALEN",11:37,2,1,4,0,0,0,0,2,1,3,1,0,1,0,0,1,2,3,-9.0
2016,37,1,PKLT      ,1.0,1.0,IST,31,"HEURTEL, THOMAS",34:31,17,5,12,2,3,1,2,0,2,2,5,1,5,0,1,2,1,9,11.0
2016,37,1,P003048   ,1.0,1.0,IST,42,"DUNSTON, BRYANT",36:55,12,4,6,0,0,4,6,2,9,11,3,1,0,2,0,3,5,27,15.0
2016,37,1,Team,0.0,0.0,IST,,Team,,0,0,0,0,0,0,0,1,2,3,0,0,1,0,0,0,0,2,
2016,37,1,Total,,,IST,,Total,250:00,91,24,56,9,23,16,19,15,36,51,19,6,18,4,4,14,21,107,
2016,37,0,P006614   ,1.0,0.0,PAN,0,"SINGLETON, CHRIS",22:14,5,1,3,0,0,3,3,2,1,3,0,0,2,2,0,4,2,4,-17.0
2016,37,0,P003482   ,0.0,1.0,PAN,2,"NICHOLS, DEMETRIS",30:21,11,0,3,3,4,2,2,1,3,4,0,0,3,0,1,2,2,7,0.0
2016,37,0,P002429   ,1.0,1.0,PAN,3,"RIVERS, K.C.",33:44,15,3,7,3,8,0,0,0,1,1,0,0,2,0,2,3,1,1,-15.0
2016,37,0,P003240   ,0.0,0.0,PAN,7,"BOCHORIDIS, ELEFTHERIOS",02:50,3,0,0,1,1,0,0,0,0,0,0,0,0,0,0,2,0,1,2.0
2016,37,0,P001142   ,0.0,0.0,PAN,8,"CALATHES, PAT",DNP,0,0,0,0,0,0,0,0,0,0,0,0,0,0,0,0,0,0,0.0
2016,37,0,PBEZ      ,0.0,0.0,PAN,9,"FOTSIS, ANTONIS",08:04,3,0,1,1,3,0,0,2,1,3,0,0,0,0,0,0,0,3,3.0
2016,37,0,P000464   ,0.0,0.0,PAN,11,"PAPPAS, NIKOS",23:18,13,3,6,2,5,1,2,0,0,0,3,0,0,0,0,1,5,13,-2.0
2016,37,0,P005918   ,1.0,1.0,PAN,12,"FELDEINE, JAMES",29:09,4,2,5,0,0,0,0,0,3,3,4,1,0,1,0,1,1,10,-7.0
2016,37,0,P002980   ,1.0,1.0,PAN,14,"GIST, JAMES",41:23,12,6,10,0,2,0,0,3,8,11,0,0,0,0,1,2,0,14,-9.0
2016,37,0,P004218   ,0.0,0.0,PAN,15,"CHARALAMPOPOULOS, VASILIS",DNP,0,0,0,0,0,0,0,0,0,0,0,0,0,0,0,0,0,0,0.0
2016,37,0,PAQU      ,0.0,0.0,PAN,29,"BOUROUSIS, IOANNIS",24:17,7,2,6,1,4,0,0,1,4,5,2,1,4,1,0,4,1,2,10.0
2016,37,0,P001932   ,1.0,1.0,PAN,33,"CALATHES, NICK",34:40,10,3,9,1,3,1,2,1,5,6,12,3,2,0,0,2,2,20,-5.0
2016,37,0,Team,0.0,0.0,PAN,,Team,,0,0,0,0,0,0,0,0,3,3,0,0,0,0,0,0,0,3,
2016,37,0,Total,,,PAN,,Total,250:00,83,20,50,12,30,7,9,10,29,39,21,5,13,4,4,21,14,78,
2016,38,1,P001392   ,1.0,1.0,BAM,1,"CAUSEUR, FABIEN",30:36,9,3,4,1,3,0,0,1,2,3,1,0,2,0,0,3,3,8,-9.0
2016,38,1,P002849   ,1.0,1.0,BAM,4,"MELLI, NICOLO",37:21,15,3,5,3,5,0,2,0,9,9,2,0,2,1,0,3,3,19,14.0
2016,38,1,PABN      ,0.0,1.0,BAM,6,"ZISIS, NIKOS",30:28,13,2,5,0,1,9,9,0,2,2,3,0,3,0,0,3,8,16,10.0
2016,38,1,P002506   ,0.0,0.0,BAM,8,"STAIGER, LUCCA",DNP,0,0,0,0,0,0,0,0,0,0,0,0,0,0,0,0,0,0,0.0
2016,38,1,P004132   ,0.0,1.0,BAM,10,"THEIS, DANIEL",21:13,7,3,4,0,1,1,3,2,3,5,0,1,2,1,0,4,2,6,-9.0
2016,38,1,P007032   ,0.0,0.0,BAM,12,"LO, MAODO",03:49,3,0,0,1,1,0,0,0,0,0,0,0,0,0,0,0,0,3,-8.0
2016,38,1,P000046   ,1.0,1.0,BAM,13,"STRELNIEKS, JANIS",32:53,10,3,4,0,3,4,4,2,0,2,6,1,0,0,0,4,4,15,10.0
2016,38,1,P005460   ,0.0,0.0,BAM,20,"HARRIS, ELIAS",09:28,5,2,3,0,0,1,2,1,0,1,0,1,2,0,0,2,2,3,-9.0
2016,38,1,P006421   ,0.0,0.0,BAM,21,"MILLER, DARIUS",34:24,27,2,6,6,11,5,5,0,5,5,3,0,4,1,1,5,3,20,14.0
2016,38,1,P004512   ,0.0,0.0,BAM,25,"KRATZER, LEON",DNP,0,0,0,0,0,0,0,0,0,0,0,0,0,0,0,0,0,0,0.0
2016,38,1,P006420   ,1.0,0.0,BAM,33,"HECKMANN, PATRICK",09:07,3,0,1,1,1,0,0,0,0,0,2,1,0,0,0,2,0,3,-5.0
2016,38,1,PLEM      ,1.0,0.0,BAM,43,"RADOSEVIC, LEON",15:41,14,4,4,0,0,6,7,2,1,3,0,0,1,0,0,2,4,17,12.0
2016,38,1,Team,0.0,0.0,BAM,,Team,,0,0,0,0,0,0,0,1,1,2,0,0,0,0,0,0,0,2,
2016,38,1,Total,,,BAM,,Total,225:00,106,22,36,12,26,26,32,9,23,32,17,4,16,3,1,28,29,112,
2016,38,0,P004418   ,0.0,0.0,MIL,1,"MCLEAN, JAMEL",28:11,17,4,6,1,1,6,6,1,8,9,1,0,2,0,0,4,6,25,13.0
2016,38,0,P000880   ,1.0,1.0,MIL,5,"GENTILE, ALESSANDRO",30:26,18,8,11,0,2,2,4,0,1,1,5,1,2,0,0,4,4,16,-11.0
2016,38,0,P004159   ,1.0,1.0,MIL,7,"HICKMAN, RICKY",33:49,15,2,7,2,6,5,5,2,0,2,2,1,1,0,1,4,3,8,-7.0
2016,38,0,PJBX      ,0.0,1.0,MIL,9,"KALNIETIS, MANTAS",11:25,4,2,2,0,1,0,2,0,2,2,1,1,3,0,0,2,1,1,1.0
2016,38,0,PJDU      ,1.0,0.0,MIL,11,"RADULJICA, MIROSLAV",14:41,5,2,3,0,0,1,2,0,1,1,0,0,3,0,0,3,2,0,-14.0
2016,38,0,P003514   ,0.0,0.0,MIL,12,"DRAGIC, ZORAN",17:16,8,3,3,0,1,2,2,1,0,1,0,1,0,0,0,5,3,7,3.0
2016,38,0,P006385   ,1.0,0.0,MIL,14,"PASCOLO, DAVIDE",13:12,4,2,3,0,0,0,0,2,1,3,0,1,0,0,1,3,4,7,-7.0
2016,38,0,PKIW      ,0.0,0.0,MIL,20,"CINCIARINI, ANDREA",DNP,0,0,0,0,0,0,0,0,0,0,0,0,0,0,0,0,0,0,0.0
2016,38,0,P005001   ,0.0,0.0,MIL,21,"SANDERS, RAKIM",30:01,25,6,10,3,4,4,4,1,2,3,3,1,0,1,1,1,5,31,7.0
2016,38,0,P003527   ,1.0,1.0,MIL,23,"ABASS, AWUDU",15:58,0,0,0,0,2,0,0,1,1,2,0,0,0,0,0,0,0,0,-12.0
2016,38,0,P002081   ,0.0,0.0,MIL,30,"CERELLA, BRUNO",DNP,0,0,0,0,0,0,0,0,0,0,0,0,0,0,0,0,0,0,0.0
2016,38,0,PCPR      ,0.0,1.0,MIL,43,"SIMON, KRUNOSLAV",30:01,6,0,3,2,4,0,0,0,4,4,0,0,0,0,0,3,0,2,7.0
2016,38,0,Team,0.0,0.0,MIL,,Team,,0,0,0,0,0,0,0,3,2,5,0,0,0,0,0,0,0,5,
2016,38,0,Total,,,MIL,,Total,225:00,102,29,48,8,21,20,25,11,22,33,12,6,11,1,3,29,28,102,
2016,39,1,P006555   ,0.0,0.0,RED,0,"WOLTERS, NATE",03:48,0,0,1,0,1,0,0,0,0,0,0,1,1,0,0,0,0,-2,-4.0
2016,39,1,P005942   ,1.0,0.0,RED,6,"DANGUBIC, NEMANJA",13:52,7,2,5,0,0,3,4,0,1,1,1,1,0,0,1,4,3,4,1.0
2016,39,1,P002553   ,1.0,0.0,RED,9,"MITROVIC, LUKA",13:34,4,1,2,0,0,2,3,0,1,1,1,0,2,0,0,0,3,5,-6.0
2016,39,1,PLUO      ,0.0,0.0,RED,10,"LAZIC, BRANKO",21:28,3,1,2,0,2,1,2,0,1,1,0,3,1,0,0,4,3,1,-8.0
2016,39,1,P005618   ,0.0,0.0,RED,12,"SIMANIC, BORISA",DNP,0,0,0,0,0,0,0,0,0,0,0,0,0,0,0,0,0,0,0.0
2016,39,1,P004007   ,0.0,0.0,RED,13,"DOBRIC, OGNJEN",DNP,0,0,0,0,0,0,0,0,0,0,0,0,0,0,0,0,0,0,0.0
2016,39,1,PLRU      ,0.0,1.0,RED,19,"SIMONOVIC, MARKO",25:01,11,2,2,2,4,1,1,0,0,0,0,1,0,0,0,3,4,11,2.0
2016,39,1,P005014   ,1.0,1.0,RED,22,"JENKINS, CHARLES",27:09,9,1,4,2,4,1,2,1,7,8,2,0,2,0,1,3,2,9,-6.0
2016,39,1,P004004   ,0.0,1.0,RED,23,"GUDURIC, MARKO",22:22,12,2,6,2,5,2,2,1,5,6,4,1,4,0,0,2,4,14,-1.0
2016,39,1,P004863   ,1.0,1.0,RED,24,"JOVIC, STEFAN",31:21,7,2,4,1,6,0,0,0,3,3,2,1,4,0,0,1,0,1,-3.0
2016,39,1,P003479   ,1.0,0.0,RED,32,"KUZMIC, OGNJEN",20:55,3,0,4,0,0,3,4,4,2,6,2,1,1,0,2,3,2,3,-12.0
2016,39,1,PCHX      ,0.0,1.0,RED,51,"BJELICA, MILKO",20:30,7,2,6,0,1,3,4,2,3,5,3,0,0,1,0,2,6,14,2.0
2016,39,1,Team,0.0,0.0,RED,,Team,,0,0,0,0,0,0,0,2,2,4,0,0,2,0,0,0,0,2,
2016,39,1,Total,,,RED,,Total,200:00,63,13,36,7,23,16,22,10,25,35,15,9,17,1,4,22,27,62,
2016,39,0,P007200   ,1.0,1.0,BAS,0,"LARKIN, SHANE",30:09,16,3,9,1,3,7,9,0,4,4,6,4,4,0,1,3,6,18,7.0
2016,39,0,P007394   ,0.0,0.0,BAS,2,"AKOGNON, JOSH",00:15,0,0,0,0,0,0,0,0,0,0,0,0,0,0,0,0,0,0,0.0
2016,39,0,P007201   ,1.0,1.0,BAS,7,"VOIGTMANN, JOHANNES",31:36,11,3,6,1,3,2,4,2,6,8,3,1,1,0,0,3,3,15,0.0
2016,39,0,P005099   ,1.0,1.0,BAS,8,"HANGA, ADAM",27:05,0,0,3,0,1,0,0,0,6,6,3,0,2,1,0,1,2,5,10.0
2016,39,0,P007230   ,0.0,0.0,BAS,9,"SEDEKERSKIS, TADAS",DNP,0,0,0,0,0,0,0,0,0,0,0,0,0,0,0,0,0,0,0.0
2016,39,0,P006590   ,1.0,1.0,BAS,10,"BEAUBOIS, RODRIGUE",26:05,16,3,6,3,6,1,1,0,2,2,0,1,1,2,0,4,4,14,7.0
2016,39,0,P003452   ,0.0,0.0,BAS,11,"BLAZIC, JAKA",13:07,7,1,1,1,2,2,2,1,2,3,1,0,1,0,0,0,2,11,-3.0
2016,39,0,P003540   ,0.0,0.0,BAS,12,"DIOP, ILIMANE",10:45,4,1,1,0,0,2,2,0,3,3,0,0,1,0,0,4,1,3,6.0
2016,39,0,P002744   ,1.0,0.0,BAS,14,"TILLIE, KIM",13:55,3,0,0,1,1,0,0,1,1,2,0,0,0,0,0,4,0,1,10.0
2016,39,0,P001133   ,0.0,1.0,BAS,23,"SHENGELIA, TORNIKE",23:29,6,3,6,0,0,0,2,1,4,5,2,0,3,0,0,4,1,2,-2.0
2016,39,0,P007427   ,0.0,0.0,BAS,34,"BUDINGER, CHASE",16:33,7,2,3,0,2,3,4,1,3,4,0,2,4,1,0,4,2,4,2.0
2016,39,0,P001633   ,0.0,0.0,BAS,55,"LUZ, RAFA",07:01,0,0,0,0,0,0,0,0,0,0,2,1,2,0,0,0,1,2,-2.0
2016,39,0,Team,0.0,0.0,BAS,,Team,,0,0,0,0,0,0,0,2,2,4,0,0,2,0,0,0,0,2,
2016,39,0,Total,,,BAS,,Total,200:00,70,16,35,7,18,17,24,8,33,41,17,9,21,4,1,27,22,77,
2016,40,1,P006433   ,1.0,0.0,ZAL,3,"PANGOS, KEVIN",12:50,0,0,2,0,1,0,0,0,0,0,2,1,4,0,0,1,0,-5,1.0
2016,40,1,P003210   ,0.0,0.0,ZAL,4,"LEKAVICIUS, LUKAS",15:15,6,0,0,1,2,3,4,0,2,2,2,0,2,0,0,5,4,5,-7.0
2016,40,1,P002543   ,1.0,1.0,ZAL,9,"WESTERMANN, LEO",31:27,21,4,7,2,4,7,7,0,6,6,6,0,5,0,0,4,8,27,2.0
2016,40,1,PKNO      ,0.0,1.0,ZAL,10,"SEIBUTIS, RENALDAS",10:54,2,1,2,0,1,0,0,0,1,1,1,1,2,0,0,2,0,-1,-5.0
2016,40,1,P006599   ,0.0,1.0,ZAL,12,"MOTUM, BROCK",26:52,10,4,6,0,1,2,3,1,4,5,0,1,2,0,2,0,2,10,-8.0
2016,40,1,PBWI      ,1.0,1.0,ZAL,13,"JANKUNAS, PAULIUS",27:48,21,7,9,0,0,7,7,2,9,11,3,2,1,0,0,3,5,36,14.0
2016,40,1,PBVE      ,0.0,0.0,ZAL,15,"JAVTOKAS, ROBERTAS",03:58,0,0,0,0,0,0,0,1,0,1,0,0,1,0,0,1,0,-1,-12.0
2016,40,1,PKPD      ,0.0,1.0,ZAL,21,"MILAKNIS, ARTURAS",21:05,6,0,2,2,6,0,0,0,0,0,0,0,0,0,0,4,1,-3,1.0
2016,40,1,P001098   ,0.0,0.0,ZAL,23,"LIMA, AUGUSTO",05:53,4,1,2,0,0,2,2,2,0,2,0,0,1,0,0,3,1,2,0.0
2016,40,1,P000399   ,1.0,0.0,ZAL,44,"KAVALIAUSKAS, ANTANAS",14:58,3,1,2,0,0,1,2,0,1,1,1,0,3,0,1,3,1,-3,0.0
2016,40,1,P005846   ,0.0,0.0,ZAL,55,"HARTENSTEIN, ISAIAH",DNP,0,0,0,0,0,0,0,0,0,0,0,0,0,0,0,0,0,0,0.0
2016,40,1,P002329   ,1.0,0.0,ZAL,92,"ULANOVAS, EDGARAS",29:00,7,1,3,1,1,2,2,1,3,4,2,0,0,1,0,1,2,13,-1.0
2016,40,1,Team,0.0,0.0,ZAL,,Team,,0,0,0,0,0,0,0,2,2,4,0,0,0,0,0,0,0,4,
2016,40,1,Total,,,ZAL,,Total,200:00,80,19,35,6,16,24,27,9,28,37,17,5,21,1,3,27,24,84,
2016,40,0,P006661   ,1.0,1.0,DAR,1,"WILBEKIN, SCOTTIE",27:03,16,0,1,3,6,7,7,1,1,2,2,2,4,0,0,4,6,16,0.0
2016,40,0,P006641   ,0.0,0.0,DAR,7,"TUREN, METIN",DNP,0,0,0,0,0,0,0,0,0,0,0,0,0,0,0,0,0,0,0.0
2016,40,0,P004170   ,0.0,0.0,DAR,8,"BATUK, BIRKAN",12:32,9,1,1,1,1,4,5,0,1,1,0,0,0,0,0,2,2,9,6.0
2016,40,0,P005838   ,1.0,1.0,DAR,11,"WANAMAKER, BRAD",32:54,14,3,4,2,6,2,2,0,1,1,3,2,2,0,0,3,6,16,8.0
2016,40,0,P004888   ,0.0,1.0,DAR,12,"CLYBURN, WILL",15:02,6,3,6,0,2,0,0,0,5,5,1,0,1,0,0,1,0,5,-6.0
2016,40,0,P001833   ,1.0,1.0,DAR,18,"MOERMAN, ADRIEN",34:42,16,4,9,2,7,2,3,1,4,5,4,5,0,1,1,3,4,20,3.0
2016,40,0,P003328   ,1.0,0.0,DAR,19,"ALDEMIR, FURKAN",05:50,0,0,1,0,0,0,0,0,0,0,0,0,1,0,0,0,1,-1,-2.0
2016,40,0,PJPF      ,0.0,0.0,DAR,21,"SAVAS, OGUZ",DNP,0,0,0,0,0,0,0,0,0,0,0,0,0,0,0,0,0,0,0.0
2016,40,0,P005938   ,1.0,1.0,DAR,23,"ANDERSON, JAMES",24:59,8,2,6,1,2,1,2,1,3,4,1,0,2,0,0,2,1,4,4.0
2016,40,0,P000659   ,0.0,0.0,DAR,44,"SLAUGHTER, MARCUS",23:04,8,3,3,0,0,2,4,2,0,2,2,1,2,1,0,4,5,11,-2.0
2016,40,0,P000436   ,0.0,0.0,DAR,45,"BERTANS, DAIRIS",11:32,6,0,1,2,3,0,0,0,0,0,1,0,1,0,0,3,1,2,2.0
2016,40,0,P004902   ,0.0,0.0,DAR,81,"HARANGODY, LUKE",12:22,0,0,1,0,1,0,0,0,1,1,1,0,1,1,0,3,0,-3,2.0
2016,40,0,Team,0.0,0.0,DAR,,Team,,0,0,0,0,0,0,0,4,2,6,0,0,0,0,0,0,0,6,
2016,40,0,Total,,,DAR,,Total,200:00,83,16,33,11,28,18,23,9,18,27,15,10,14,3,1,25,26,85,
2016,41,1,P006661   ,0.0,0.0,DAR,1,"WILBEKIN, SCOTTIE",21:09,5,0,0,0,1,5,5,0,0,0,3,2,4,0,0,1,3,7,-7.0
2016,41,1,PARN      ,0.0,0.0,DAR,3,"ARSLAN, ENDER",00:05,0,0,0,0,0,0,0,0,0,0,0,0,0,0,0,0,0,0,0.0
2016,41,1,P006641   ,0.0,0.0,DAR,7,"TUREN, METIN",00:05,0,0,0,0,0,0,0,0,0,0,0,0,0,0,0,0,0,0,0.0
2016,41,1,P004170   ,0.0,1.0,DAR,8,"BATUK, BIRKAN",10:58,2,1,2,0,2,0,0,0,1,1,1,0,0,0,0,0,0,1,-11.0
2016,41,1,P005838   ,1.0,1.0,DAR,11,"WANAMAKER, BRAD",27:33,11,3,8,1,3,2,2,0,3,3,5,1,0,0,0,2,2,13,5.0
2016,41,1,P004888   ,1.0,1.0,DAR,12,"CLYBURN, WILL",29:36,17,4,6,3,6,0,2,0,5,5,3,1,1,0,1,1,3,19,9.0
2016,41,1,P001833   ,1.0,0.0,DAR,18,"MOERMAN, ADRIEN",32:31,11,1,3,3,9,0,0,1,8,9,2,1,1,1,1,3,2,13,12.0
2016,41,1,P003328   ,1.0,0.0,DAR,19,"ALDEMIR, FURKAN",27:13,4,2,5,0,0,0,0,5,2,7,0,0,1,2,0,2,0,7,-4.0
2016,41,1,PJPF      ,0.0,0.0,DAR,21,"SAVAS, OGUZ",DNP,0,0,0,0,0,0,0,0,0,0,0,0,0,0,0,0,0,0,0.0
2016,41,1,P005938   ,1.0,0.0,DAR,23,"ANDERSON, JAMES",14:51,4,0,2,1,4,1,2,0,3,3,0,0,1,1,0,0,1,2,1.0
2016,41,1,P000659   ,0.0,1.0,DAR,44,"SLAUGHTER, MARCUS",13:44,3,1,1,0,0,1,2,0,1,1,0,1,0,0,0,4,2,2,4.0
2016,41,1,P000436   ,0.0,1.0,DAR,45,"BERTANS, DAIRIS",22:15,15,1,3,3,5,4,5,1,0,1,0,1,0,0,0,1,4,15,1.0
2016,41,1,Team,0.0,0.0,DAR,,Team,,0,0,0,0,0,0,0,1,1,2,0,0,0,0,0,0,0,2,
2016,41,1,Total,,,DAR,,Total,200:00,72,13,30,11,30,13,18,8,24,32,14,7,8,4,2,14,17,81,
2016,41,0,P001392   ,1.0,1.0,BAM,1,"CAUSEUR, FABIEN",26:05,6,1,1,1,3,1,2,0,9,9,0,0,2,0,0,3,4,11,1.0
2016,41,0,P002849   ,1.0,1.0,BAM,4,"MELLI, NICOLO",32:58,10,2,8,2,4,0,0,6,4,10,4,1,2,0,0,1,1,15,4.0
2016,41,0,PABN      ,0.0,1.0,BAM,6,"ZISIS, NIKOS",20:56,3,0,2,1,2,0,0,2,0,2,3,0,3,0,0,2,0,0,2.0
2016,41,0,P002506   ,0.0,0.0,BAM,8,"STAIGER, LUCCA",08:54,6,0,0,2,4,0,0,0,0,0,0,1,0,0,0,1,0,4,6.0
2016,41,0,P004132   ,0.0,0.0,BAM,10,"THEIS, DANIEL",18:53,13,4,5,1,3,2,2,1,2,3,1,0,1,0,0,3,3,13,-7.0
2016,41,0,P007032   ,0.0,0.0,BAM,12,"LO, MAODO",07:18,0,0,1,0,0,0,0,0,2,2,0,0,1,1,0,2,0,-1,-6.0
2016,41,0,P000046   ,1.0,1.0,BAM,13,"STRELNIEKS, JANIS",29:04,14,3,7,2,4,2,2,0,1,1,4,0,1,0,0,1,1,12,3.0
2016,41,0,P006421   ,0.0,1.0,BAM,21,"MILLER, DARIUS",28:03,12,3,5,2,5,0,1,0,6,6,3,0,4,1,1,3,4,12,-7.0
2016,41,0,P004512   ,0.0,0.0,BAM,25,"KRATZER, LEON",DNP,0,0,0,0,0,0,0,0,0,0,0,0,0,0,0,0,0,0,0.0
2016,41,0,P006420   ,1.0,0.0,BAM,33,"HECKMANN, PATRICK",11:37,0,0,2,0,2,0,0,0,0,0,1,0,0,0,2,0,0,-5,-8.0
2016,41,0,PLEM      ,1.0,0.0,BAM,43,"RADOSEVIC, LEON",17:04,6,3,6,0,0,0,0,1,1,2,0,1,1,0,1,1,1,4,2.0
2016,41,0,Team,0.0,0.0,BAM,,Team,,0,0,0,0,0,0,0,2,5,7,0,0,0,0,0,0,0,7,
2016,41,0,Total,,,BAM,,Total,200:52,70,16,37,11,27,5,7,12,30,42,16,3,15,2,4,17,14,72,
2016,42,1,P004418   ,0.0,0.0,MIL,1,"MCLEAN, JAMEL",21:51,9,4,9,0,0,1,1,0,2,2,2,1,0,0,1,2,1,7,8.0
2016,42,1,P000880   ,1.0,1.0,MIL,5,"GENTILE, ALESSANDRO",19:51,17,3,8,2,2,5,8,3,2,5,2,1,3,1,0,2,6,19,4.0
2016,42,1,P004159   ,1.0,1.0,MIL,7,"HICKMAN, RICKY",20:05,6,0,3,1,2,3,4,0,2,2,4,1,1,0,0,3,3,7,1.0
2016,42,1,PJBX      ,0.0,0.0,MIL,9,"KALNIETIS, MANTAS",19:55,10,2,2,1,1,3,4,0,3,3,4,0,2,0,0,1,2,15,12.0
2016,42,1,PJDU      ,1.0,1.0,MIL,11,"RADULJICA, MIROSLAV",18:09,13,4,9,0,0,5,5,3,2,5,2,0,2,0,0,2,4,15,5.0
2016,42,1,P003514   ,0.0,0.0,MIL,12,"DRAGIC, ZORAN",09:06,0,0,0,0,1,0,0,0,1,1,0,0,1,0,0,1,1,-1,5.0
2016,42,1,PJEA      ,0.0,0.0,MIL,13,"MACVAN, MILAN",07:38,3,0,1,1,1,0,0,0,1,1,1,0,0,0,0,0,1,5,-1.0
2016,42,1,P006385   ,1.0,0.0,MIL,14,"PASCOLO, DAVIDE",04:03,2,1,1,0,0,0,0,1,0,1,0,0,0,0,0,1,0,2,-2.0
2016,42,1,PKIW      ,0.0,0.0,MIL,20,"CINCIARINI, ANDREA",DNP,0,0,0,0,0,0,0,0,0,0,0,0,0,0,0,0,0,0,0.0
2016,42,1,P005001   ,0.0,1.0,MIL,21,"SANDERS, RAKIM",28:19,22,6,8,3,6,1,2,2,5,7,1,1,1,0,0,4,1,21,16.0
2016,42,1,P003527   ,1.0,0.0,MIL,23,"ABASS, AWUDU",24:05,9,0,1,3,3,0,0,0,1,1,0,2,1,3,0,3,0,10,10.0
2016,42,1,PCPR      ,0.0,1.0,MIL,43,"SIMON, KRUNOSLAV",26:58,14,4,4,2,3,0,0,2,7,9,8,0,2,0,0,0,1,29,7.0
2016,42,1,Team,0.0,0.0,MIL,,Team,,0,0,0,0,0,0,0,0,0,0,0,0,1,0,0,0,0,-1,
2016,42,1,Total,,,MIL,,Total,200:00,105,24,46,13,19,18,24,11,26,37,24,6,14,4,1,19,20,128,
2016,42,0,P005094   ,0.0,0.0,IST,1,"THOMAS, DESHAUN",13:14,10,2,4,2,5,0,0,0,1,1,0,0,0,0,0,1,1,6,-12.0
2016,42,0,P005800   ,0.0,1.0,IST,2,"HONEYCUTT, TYLER",17:33,5,2,5,0,2,1,2,2,2,4,2,0,4,0,1,1,1,0,-13.0
2016,42,0,P003521   ,0.0,1.0,IST,4,"BALBAY, DOGUS",15:54,2,1,2,0,1,0,0,1,4,5,1,0,0,0,0,2,0,4,-1.0
2016,42,0,P004425   ,1.0,1.0,IST,5,"BROWN, DERRICK",31:57,16,6,8,0,4,4,6,4,3,7,2,0,2,0,0,1,3,17,-3.0
2016,42,0,P004088   ,1.0,0.0,IST,6,"OSMAN, CEDI",23:45,14,5,7,1,4,1,1,4,2,6,3,1,1,0,0,5,2,15,2.0
2016,42,0,P007121   ,1.0,0.0,IST,7,"COTTON, BRYCE",11:41,5,0,2,1,2,2,2,0,0,0,1,1,0,0,0,3,1,2,1.0
2016,42,0,P007122   ,0.0,0.0,IST,9,"GEYIK, SAMET",DNP,0,0,0,0,0,0,0,0,0,0,0,0,0,0,0,0,0,0,0.0
2016,42,0,P005763   ,0.0,0.0,IST,10,"KORKMAZ, FURKAN",02:12,0,0,0,0,0,0,0,0,1,1,0,1,0,0,0,0,0,2,-5.0
2016,42,0,P003024   ,0.0,0.0,IST,15,"GRANGER, JAYSON",18:05,5,0,3,1,2,2,2,1,3,4,2,1,0,0,1,2,3,8,-15.0
2016,42,0,P004222   ,0.0,0.0,IST,23,"OMIC, ALEN",02:12,0,0,1,0,0,0,0,0,0,0,0,0,0,0,0,0,0,-1,-5.0
2016,42,0,PKLT      ,1.0,1.0,IST,31,"HEURTEL, THOMAS",30:50,18,6,10,1,2,3,3,1,1,2,7,2,2,0,2,3,2,19,-8.0
2016,42,0,P003048   ,1.0,1.0,IST,42,"DUNSTON, BRYANT",32:37,17,6,10,0,0,5,7,4,4,8,0,0,1,1,0,2,6,23,-6.0
2016,42,0,Team,0.0,0.0,IST,,Team,,0,0,0,0,0,0,0,2,0,2,0,0,1,0,0,0,0,1,
2016,42,0,Total,,,IST,,Total,200:00,92,28,52,6,22,18,23,19,21,40,18,6,11,1,4,20,19,96,
2016,43,1,P003367   ,1.0,1.0,BAR,2,"RICE, TYRESE",29:53,20,3,7,1,4,11,12,0,2,2,3,1,3,0,0,2,10,23,10.0
2016,43,1,P007434   ,0.0,0.0,BAR,3,"HOLMES, JONATHAN",12:40,4,1,1,0,1,2,2,1,2,3,1,0,2,1,0,5,3,4,2.0
2016,43,1,P003508   ,0.0,1.0,BAR,6,"DORSEY, JOEY",20:20,9,2,2,0,0,5,6,3,7,10,0,0,0,2,0,3,4,21,-1.0
2016,43,1,P003469   ,1.0,1.0,BAR,14,"VEZENKOV, ALEKSANDAR",27:20,12,2,3,2,3,2,2,1,4,5,0,1,0,1,0,2,4,19,4.0
2016,43,1,P004588   ,0.0,0.0,BAR,16,"PENO, STEFAN",05:41,3,0,1,1,3,0,0,0,0,0,0,0,0,0,0,1,0,-1,1.0
2016,43,1,P003151   ,0.0,0.0,BAR,20,"ERIKSSON, MARCUS",23:05,11,1,2,3,5,0,0,0,3,3,2,1,1,1,0,2,0,12,4.0
2016,43,1,P001972   ,1.0,1.0,BAR,24,"OLESON, BRAD",28:31,7,2,2,1,3,0,0,0,2,2,6,0,0,0,0,1,4,16,5.0
2016,43,1,P004178   ,0.0,1.0,BAR,25,"KOPONEN, PETTERI",22:21,16,5,8,1,2,3,3,0,0,0,0,1,1,0,0,2,2,12,-3.0
2016,43,1,P005681   ,0.0,0.0,BAR,28,"SENA, WESLEY",DNP,0,0,0,0,0,0,0,0,0,0,0,0,0,0,0,0,0,0,0.0
2016,43,1,PKRH      ,1.0,0.0,BAR,33,"PERPEROGLOU, STRATOS",10:29,0,0,3,0,1,0,0,0,1,1,2,0,0,1,0,0,0,0,1.0
2016,43,1,P002507   ,1.0,0.0,BAR,44,"TOMIC, ANTE",19:40,10,4,5,0,0,2,4,2,4,6,1,0,1,0,0,2,4,15,7.0
2016,43,1,Team,0.0,0.0,BAR,,Team,,0,0,0,0,0,0,0,0,0,0,0,0,2,0,0,0,0,-2,
2016,43,1,Total,,,BAR,,Total,200:00,92,20,34,9,22,25,29,7,25,32,15,4,10,6,0,20,31,119,
2016,43,0,P006433   ,1.0,1.0,ZAL,3,"PANGOS, KEVIN",21:18,9,1,6,2,5,1,2,0,2,2,3,1,1,0,2,3,2,2,0.0
2016,43,0,P003210   ,0.0,0.0,ZAL,4,"LEKAVICIUS, LUKAS",17:28,9,3,6,1,3,0,0,0,1,1,3,0,1,0,0,2,3,8,-9.0
2016,43,0,P002543   ,1.0,0.0,ZAL,9,"WESTERMANN, LEO",28:49,2,0,3,0,2,2,2,1,3,4,6,0,1,0,0,5,1,2,5.0
2016,43,0,PKNO      ,1.0,1.0,ZAL,10,"SEIBUTIS, RENALDAS",25:51,4,1,4,0,1,2,2,3,1,4,4,1,0,0,2,4,1,4,-8.0
2016,43,0,P006599   ,0.0,1.0,ZAL,12,"MOTUM, BROCK",31:37,26,7,7,4,5,0,1,2,1,3,0,1,2,0,0,2,2,26,2.0
2016,43,0,PBWI      ,1.0,0.0,ZAL,13,"JANKUNAS, PAULIUS",12:38,12,4,6,1,3,1,1,0,1,1,0,0,1,0,0,5,1,4,-3.0
2016,43,0,PKPD      ,0.0,1.0,ZAL,21,"MILAKNIS, ARTURAS",09:55,2,1,1,0,1,0,0,0,0,0,0,0,1,0,0,1,1,0,-6.0
2016,43,0,P001098   ,0.0,0.0,ZAL,23,"LIMA, AUGUSTO",22:43,7,3,3,0,0,1,2,2,6,8,6,2,0,0,0,4,4,22,-2.0
2016,43,0,P000399   ,1.0,0.0,ZAL,44,"KAVALIAUSKAS, ANTANAS",12:30,10,3,7,0,0,4,4,1,3,4,0,0,1,0,2,3,3,7,-8.0
2016,43,0,P005846   ,0.0,0.0,ZAL,55,"HARTENSTEIN, ISAIAH",DNP,0,0,0,0,0,0,0,0,0,0,0,0,0,0,0,0,0,0,0.0
2016,43,0,P002329   ,0.0,1.0,ZAL,92,"ULANOVAS, EDGARAS",17:11,5,0,2,1,1,2,2,1,1,2,0,0,0,0,0,2,2,5,-1.0
2016,43,0,Team,0.0,0.0,ZAL,,Team,,0,0,0,0,0,0,0,0,2,2,0,0,0,0,0,0,0,2,
2016,43,0,Total,,,ZAL,,Total,200:00,86,23,45,9,21,13,16,10,21,31,22,5,8,0,6,31,20,82,
2016,44,1,P006614   ,1.0,1.0,PAN,0,"SINGLETON, CHRIS",30:16,26,4,5,3,5,9,13,3,3,6,2,1,2,2,0,3,9,34,10.0
2016,44,1,P003482   ,1.0,1.0,PAN,2,"NICHOLS, DEMETRIS",30:20,9,2,4,1,3,2,2,1,7,8,0,0,1,0,0,3,2,11,15.0
2016,44,1,P002429   ,0.0,1.0,PAN,3,"RIVERS, K.C.",30:25,6,3,6,0,5,0,0,1,2,3,0,1,3,0,1,4,0,-6,-3.0
2016,44,1,P003240   ,0.0,0.0,PAN,7,"BOCHORIDIS, ELEFTHERIOS",12:02,6,0,3,2,2,0,0,0,0,0,0,0,1,0,0,3,2,1,-8.0
2016,44,1,P001142   ,0.0,0.0,PAN,8,"CALATHES, PAT",DNP,0,0,0,0,0,0,0,0,0,0,0,0,0,0,0,0,0,0,0.0
2016,44,1,PBEZ      ,0.0,0.0,PAN,9,"FOTSIS, ANTONIS",18:52,2,1,1,0,1,0,0,0,2,2,1,1,0,1,0,1,0,5,-5.0
2016,44,1,P000464   ,0.0,0.0,PAN,11,"PAPPAS, NIKOS",07:09,0,0,1,0,0,0,0,0,0,0,1,0,1,0,0,0,0,-1,3.0
2016,44,1,P005918   ,1.0,1.0,PAN,12,"FELDEINE, JAMES",25:15,4,2,6,0,4,0,0,1,2,3,5,3,0,0,0,3,2,6,-3.0
2016,44,1,P002980   ,1.0,0.0,PAN,14,"GIST, JAMES",22:09,12,2,7,2,5,2,4,6,2,8,1,3,1,0,0,2,4,15,17.0
2016,44,1,P004218   ,0.0,0.0,PAN,15,"CHARALAMPOPOULOS, VASILIS",DNP,0,0,0,0,0,0,0,0,0,0,0,0,0,0,0,0,0,0,0.0
2016,44,1,PAQU      ,0.0,0.0,PAN,29,"BOUROUSIS, IOANNIS",14:44,5,2,4,0,2,1,2,3,3,6,2,0,0,0,0,2,1,7,-2.0
2016,44,1,P001932   ,1.0,1.0,PAN,33,"CALATHES, NICK",33:48,13,5,5,1,8,0,0,1,5,6,6,1,3,0,0,0,2,18,16.0
2016,44,1,Team,0.0,0.0,PAN,,Team,,0,0,0,0,0,0,0,1,2,3,0,0,1,0,0,0,0,2,
2016,44,1,Total,,,PAN,,Total,225:00,83,21,42,9,35,14,21,17,28,45,18,10,13,3,1,21,22,92,
2016,44,0,P004903   ,1.0,1.0,TEL,0,"GOUDELOCK, ANDREW",35:35,14,4,8,2,5,0,0,0,4,4,4,0,2,0,0,0,1,14,-8.0
2016,44,0,P006536   ,0.0,0.0,TEL,3,"RUDD, VICTOR",14:47,3,0,2,1,2,0,0,0,0,0,1,0,2,1,0,1,0,-1,-25.0
2016,44,0,P004862   ,1.0,0.0,TEL,4,"SEELEY, D.J.",30:30,6,1,3,0,3,4,4,0,4,4,4,0,4,0,1,3,3,4,-9.0
2016,44,0,P001274   ,1.0,0.0,TEL,6,"SMITH, DEVIN",34:14,11,3,6,1,4,2,2,4,8,12,2,1,1,0,0,5,3,17,11.0
2016,44,0,P002753   ,0.0,0.0,TEL,8,"YIVZORI, DAGAN",00:04,0,0,0,0,0,0,0,0,0,0,0,0,0,0,0,0,0,0,0.0
2016,44,0,PLKX      ,0.0,1.0,TEL,10,"PNINI, GUY",18:09,3,0,1,1,1,0,0,0,2,2,1,0,2,0,0,2,0,1,0.0
2016,44,0,P000622   ,0.0,1.0,TEL,12,"OHAYON, YOGEV",18:13,3,0,2,1,2,0,2,1,1,2,2,1,0,0,0,1,1,3,-1.0
2016,44,0,P003443   ,1.0,1.0,TEL,13,"WEEMS, SONNY",30:14,15,2,5,2,5,5,7,0,4,4,5,0,5,0,0,2,6,15,-3.0
2016,44,0,P006195   ,0.0,0.0,TEL,23,"ALEXANDER, JOE",00:08,0,0,0,0,0,0,0,0,0,0,0,0,0,0,0,0,0,0,0.0
2016,44,0,P005154   ,1.0,0.0,TEL,24,"IVERSON, COLTON",23:16,8,4,7,0,0,0,0,2,3,5,0,4,2,0,1,5,5,11,8.0
2016,44,0,P004183   ,0.0,1.0,TEL,33,"ZIRBES, MAIK",19:50,12,5,9,0,0,2,2,2,2,4,0,0,0,0,1,3,2,10,-13.0
2016,44,0,Team,0.0,0.0,TEL,,Team,,0,0,0,0,0,0,0,1,4,5,0,0,1,0,0,0,0,4,
2016,44,0,Total,,,TEL,,Total,225:00,75,19,43,8,22,13,17,10,32,42,19,6,19,1,3,22,21,78,
2016,45,1,P005815   ,0.0,0.0,UNK,1,"JOHNSON, ORLANDO",18:01,5,1,6,1,4,0,0,1,1,2,0,0,2,0,0,3,0,-6,-5.0
2016,45,1,P002026   ,0.0,0.0,UNK,2,"ANTIPOV, PAVEL",DNP,0,0,0,0,0,0,0,0,0,0,0,0,0,0,0,0,0,0,0.0
2016,45,1,P001887   ,1.0,1.0,UNK,5,"LANGFORD, KEITH",34:58,23,5,14,2,5,7,7,1,4,5,2,1,1,0,0,0,8,26,2.0
2016,45,1,P003034   ,1.0,0.0,UNK,9,"PARAKHOUSKI, ARTSIOM",09:53,2,0,1,0,0,2,4,0,2,2,0,0,1,1,0,1,3,3,-9.0
2016,45,1,P006533   ,1.0,1.0,UNK,10,"COLOM, QUINO",29:48,5,1,5,0,3,3,4,1,2,3,4,2,0,1,1,2,2,6,-1.0
2016,45,1,PATS      ,0.0,1.0,UNK,13,"BANIC, MARKO",17:05,10,4,5,0,0,2,2,2,3,5,1,0,1,2,0,2,2,16,8.0
2016,45,1,P001389   ,0.0,0.0,UNK,18,"VORONOV, EVGENY",15:18,6,2,4,0,0,2,2,0,1,1,1,1,1,0,0,5,1,2,4.0
2016,45,1,P006594   ,0.0,0.0,UNK,19,"KARPUKHIN, ALEKSANDR",DNP,0,0,0,0,0,0,0,0,0,0,0,0,0,0,0,0,0,0,0.0
2016,45,1,PLSK      ,1.0,1.0,UNK,20,"PANIN, VADIM",21:55,2,1,1,0,2,0,0,3,3,6,1,0,1,0,0,2,0,4,9.0
2016,45,1,PJUP      ,1.0,1.0,UNK,21,"KAIMAKOGLOU, KOSTAS",27:53,2,0,2,0,1,2,2,0,2,2,1,0,0,0,0,3,2,1,3.0
2016,45,1,P004259   ,0.0,0.0,UNK,22,"WILLIAMS, LATAVIOUS",25:09,10,3,4,0,0,4,4,2,7,9,1,1,1,4,0,2,2,23,4.0
2016,45,1,P007051   ,0.0,0.0,UNK,28,"TUKMAKOV, AZAT",DNP,0,0,0,0,0,0,0,0,0,0,0,0,0,0,0,0,0,0,0.0
2016,45,1,Team,0.0,0.0,UNK,,Team,,0,0,0,0,0,0,0,0,2,2,0,0,0,0,0,0,0,2,
2016,45,1,Total,,,UNK,,Total,200:00,65,17,42,3,15,22,25,10,27,37,11,5,8,8,1,20,20,77,
2016,45,0,P006555   ,0.0,1.0,RED,0,"WOLTERS, NATE",17:50,11,4,8,0,1,3,4,0,2,2,2,1,2,1,0,1,3,11,0.0
2016,45,0,P005942   ,1.0,1.0,RED,6,"DANGUBIC, NEMANJA",30:21,8,1,2,2,6,0,0,0,2,2,1,0,0,0,1,4,1,2,-4.0
2016,45,0,P002553   ,1.0,0.0,RED,9,"MITROVIC, LUKA",21:53,9,3,6,1,3,0,0,1,6,7,2,0,2,0,2,0,1,10,-3.0
2016,45,0,PLUO      ,0.0,0.0,RED,10,"LAZIC, BRANKO",08:44,3,0,0,1,2,0,0,1,1,2,0,0,0,0,0,5,1,0,5.0
2016,45,0,P005618   ,0.0,0.0,RED,12,"SIMANIC, BORISA",DNP,0,0,0,0,0,0,0,0,0,0,0,0,0,0,0,0,0,0,0.0
2016,45,0,P004007   ,0.0,0.0,RED,13,"DOBRIC, OGNJEN",DNP,0,0,0,0,0,0,0,0,0,0,0,0,0,0,0,0,0,0,0.0
2016,45,0,PLRU      ,0.0,1.0,RED,19,"SIMONOVIC, MARKO",20:35,9,0,0,3,4,0,0,0,2,2,1,0,0,0,0,3,0,8,-2.0
2016,45,0,P005014   ,1.0,1.0,RED,22,"JENKINS, CHARLES",21:23,4,2,8,0,0,0,0,0,0,0,1,0,1,0,3,4,2,-7,-5.0
2016,45,0,P004004   ,0.0,0.0,RED,23,"GUDURIC, MARKO",17:04,0,0,1,0,2,0,0,0,1,1,3,0,1,0,0,2,4,2,0.0
2016,45,0,P004863   ,1.0,0.0,RED,24,"JOVIC, STEFAN",22:10,3,0,4,1,4,0,0,0,1,1,4,1,2,0,0,1,1,0,-3.0
2016,45,0,P003479   ,1.0,1.0,RED,32,"KUZMIC, OGNJEN",28:22,10,4,6,0,0,2,3,2,7,9,1,0,1,0,1,1,3,17,-2.0
2016,45,0,PCHX      ,0.0,0.0,RED,51,"BJELICA, MILKO",11:38,5,2,3,0,1,1,2,0,2,2,0,0,0,0,1,0,4,7,-1.0
2016,45,0,Team,0.0,0.0,RED,,Team,,0,0,0,0,0,0,0,4,2,6,0,0,1,0,0,0,0,5,
2016,45,0,Total,,,RED,,Total,200:00,62,16,38,8,23,6,9,8,26,34,15,2,10,1,8,21,20,55,
2016,46,1,P002100   ,1.0,1.0,CSK,1,"DE COLO, NANDO",26:51,28,5,8,3,4,9,9,0,6,6,2,1,4,0,0,3,9,35,0.0
2016,46,1,P001108   ,0.0,0.0,CSK,3,"KULAGIN, DMITRY",DNP,0,0,0,0,0,0,0,0,0,0,0,0,0,0,0,0,0,0,0.0
2016,46,1,PJDR      ,0.0,1.0,CSK,4,"TEODOSIC, MILOS",34:20,15,4,7,1,7,4,6,0,3,3,6,0,6,0,0,3,6,10,7.0
2016,46,1,P001438   ,1.0,0.0,CSK,5,"AUGUSTINE, JAMES",14:45,3,1,2,0,0,1,2,0,2,2,0,1,1,1,0,0,1,5,-8.0
2016,46,1,PLLH      ,1.0,0.0,CSK,7,"FRIDZON, VITALY",13:55,9,2,3,1,1,2,2,0,2,2,0,0,1,0,0,3,1,7,6.0
2016,46,1,P003413   ,1.0,0.0,CSK,9,"JACKSON, AARON",06:44,0,0,1,0,0,0,0,0,0,0,0,0,1,0,0,0,0,-2,-8.0
2016,46,1,P004941   ,0.0,0.0,CSK,11,"ANTONOV, SEMEN",04:07,0,0,0,0,0,0,0,0,1,1,0,0,0,1,0,1,0,1,2.0
2016,46,1,PLHI      ,1.0,0.0,CSK,20,"VORONTSEVICH, ANDREY",10:00,2,1,1,0,0,0,0,0,0,0,0,0,0,0,0,3,0,-1,-7.0
2016,46,1,P006450   ,0.0,0.0,CSK,22,"HIGGINS, CORY",14:20,6,3,4,0,1,0,0,1,1,2,1,1,1,0,0,4,1,4,6.0
2016,46,1,PBCQ      ,0.0,1.0,CSK,31,"KHRYAPA, VICTOR",25:38,5,2,4,0,1,1,2,3,4,7,4,2,0,1,0,2,3,16,4.0
2016,46,1,PJLX      ,0.0,1.0,CSK,41,"KURBANOV, NIKITA",24:05,13,3,4,1,3,4,4,2,6,8,0,0,1,0,1,3,3,16,-6.0
2016,46,1,P002812   ,0.0,1.0,CSK,42,"HINES, KYLE",25:15,10,4,11,0,0,2,2,3,1,4,0,0,1,1,3,4,1,1,9.0
2016,46,1,Team,0.0,0.0,CSK,,Team,,0,0,0,0,0,0,0,1,2,3,0,0,0,0,0,0,0,3,
2016,46,1,Total,,,CSK,,Total,200:00,91,25,45,6,17,23,27,10,28,38,13,5,16,4,4,26,25,95,
2016,46,0,P005757   ,0.0,0.0,MAD,3,"RANDOLPH, ANTHONY",17:41,8,3,3,0,2,2,2,0,1,1,4,0,4,1,0,4,2,6,1.0
2016,46,0,P002946   ,0.0,0.0,MAD,4,"DRAPER, DONTAYE",12:57,0,0,1,0,3,0,0,0,1,1,1,3,1,0,0,3,0,-3,-9.0
2016,46,0,PBMT      ,0.0,0.0,MAD,5,"FERNANDEZ, RUDY",18:34,6,0,2,2,6,0,0,0,0,0,1,2,0,0,0,0,1,4,-8.0
2016,46,0,PAPR      ,0.0,1.0,MAD,6,"NOCIONI, ANDRES",04:57,3,0,1,1,2,0,0,1,0,1,0,0,0,0,1,0,0,1,6.0
2016,46,0,P005929   ,1.0,1.0,MAD,7,"DONCIC, LUKA",21:29,9,3,3,0,3,3,4,2,6,8,3,2,1,0,0,3,3,17,1.0
2016,46,0,PJCC      ,1.0,1.0,MAD,8,"MACIULIS, JONAS",18:46,11,2,2,2,2,1,2,3,3,6,0,2,0,1,0,3,1,17,5.0
2016,46,0,PAAX      ,1.0,0.0,MAD,9,"REYES, FELIPE",17:20,7,2,4,0,0,3,4,1,1,2,0,0,3,1,1,4,4,3,-6.0
2016,46,0,P005927   ,1.0,0.0,MAD,14,"AYON, GUSTAVO",25:31,10,5,9,0,0,0,3,4,3,7,2,1,2,1,1,4,6,13,12.0
2016,46,0,P001960   ,0.0,1.0,MAD,20,"CARROLL, JAYCEE",15:57,13,4,5,0,2,5,5,0,2,2,1,1,0,0,0,1,2,15,-2.0
2016,46,0,P005160   ,0.0,0.0,MAD,21,"HUNTER, OTHELLO",14:28,2,1,2,0,0,0,0,0,4,4,0,0,1,0,1,1,0,2,-17.0
2016,46,0,PTGB      ,1.0,1.0,MAD,23,"LLULL, SERGIO",32:20,21,3,5,3,11,6,6,0,2,2,7,0,1,0,0,3,5,21,12.0
2016,46,0,P006546   ,0.0,0.0,MAD,44,"TAYLOR, JEFFERY",DNP,0,0,0,0,0,0,0,0,0,0,0,0,0,0,0,0,0,0,0.0
2016,46,0,Team,0.0,0.0,MAD,,Team,,0,0,0,0,0,0,0,1,1,2,0,0,1,0,0,0,0,1,
2016,46,0,Total,,,MAD,,Total,200:00,90,23,37,8,31,20,26,12,24,36,19,11,14,4,4,26,24,97,
2016,47,1,P007356   ,0.0,0.0,GAL,0,"SMITH, RUSS",05:39,2,1,4,0,0,0,0,0,0,0,0,0,0,0,0,0,0,-1,-13.0
2016,47,1,PTFH      ,0.0,0.0,GAL,3,"PRELDZIC, EMIR",DNP,0,0,0,0,0,0,0,0,0,0,0,0,0,0,0,0,0,0,0.0
2016,47,1,P000529   ,1.0,1.0,GAL,5,"MICOV, VLADIMIR",22:13,5,1,3,1,1,0,2,0,3,3,0,0,0,0,0,4,2,2,-13.0
2016,47,1,P004119   ,1.0,1.0,GAL,7,"TYUS, ALEX",20:42,10,5,8,0,0,0,2,2,6,8,1,0,1,4,1,3,2,15,-15.0
2016,47,1,P003453   ,0.0,0.0,GAL,9,"THOMPSON, DEON",17:44,6,3,8,0,0,0,0,0,2,2,0,0,1,1,1,1,0,1,15.0
2016,47,1,P000357   ,1.0,0.0,GAL,10,"SCHILB, BLAKE",10:11,0,0,0,0,3,0,0,0,1,1,2,0,1,0,0,2,0,-3,-5.0
2016,47,1,PLHK      ,0.0,0.0,GAL,21,"PLEISS, TIBOR",01:34,2,1,1,0,0,0,1,0,0,0,0,0,0,0,0,0,1,2,2.0
2016,47,1,P003472   ,0.0,0.0,GAL,25,"DAYE, AUSTIN",23:54,16,2,3,2,2,6,6,0,1,1,1,1,0,0,0,4,4,18,21.0
2016,47,1,P000494   ,1.0,1.0,GAL,32,"GULER, SINAN",33:01,7,1,4,1,3,2,3,0,4,4,12,4,3,0,0,2,2,18,16.0
2016,47,1,P004997   ,0.0,1.0,GAL,33,"DIEBLER, JON",27:45,17,0,0,5,5,2,2,1,0,1,0,1,0,0,0,1,2,20,0.0
2016,47,1,P005193   ,0.0,0.0,GAL,55,"DENTMON, JUSTIN",26:03,22,2,3,4,8,6,7,0,2,2,3,1,0,0,0,5,5,22,18.0
2016,47,1,P002104   ,1.0,1.0,GAL,61,"KOKSAL, GOKSENIN",11:14,2,1,3,0,0,0,1,3,1,4,1,1,1,0,1,2,1,2,-16.0
2016,47,1,Team,0.0,0.0,GAL,,Team,,0,0,0,0,0,0,0,1,0,1,0,0,0,0,0,0,0,1,
2016,47,1,Total,,,GAL,,Total,200:00,89,17,37,13,22,16,24,7,20,27,20,8,7,5,3,24,19,97,
2016,47,0,P005159   ,0.0,1.0,OLY,1,"GREEN, ERICK",09:04,2,1,2,0,1,0,0,0,1,1,0,0,1,0,0,0,0,0,-22.0
2016,47,0,P007182   ,1.0,0.0,OLY,2,"BIRCH, KHEM",29:18,16,6,11,0,0,4,5,6,5,11,0,0,3,2,0,2,3,21,11.0
2016,47,0,P005984   ,0.0,0.0,OLY,4,"YOUNG, PATRIC",04:33,0,0,1,0,0,0,0,0,0,0,0,0,2,0,1,1,0,-5,-14.0
2016,47,0,P005161   ,0.0,0.0,OLY,6,"PAPAPETROU, IOANNIS",01:34,0,0,0,0,0,0,0,0,0,0,0,0,0,0,0,0,0,0,-2.0
2016,47,0,PJUO      ,1.0,1.0,OLY,7,"SPANOULIS, VASSILIS",32:22,14,2,4,3,8,1,2,1,1,2,8,0,2,0,1,3,5,15,7.0
2016,47,0,P004429   ,0.0,0.0,OLY,10,"AGRAVANIS, DIMITRIOS",02:27,0,0,0,0,1,0,0,0,0,0,0,0,0,0,0,2,1,-2,-8.0
2016,47,0,P003941   ,0.0,0.0,OLY,11,"MILUTINOV, NIKOLA",04:42,2,0,0,0,0,2,2,0,1,1,1,0,0,1,0,0,1,6,-3.0
2016,47,0,PAMM      ,1.0,1.0,OLY,15,"PRINTEZIS, GEORGIOS",35:34,17,6,12,1,3,2,5,2,5,7,3,0,0,0,2,4,6,16,8.0
2016,47,0,P001255   ,1.0,0.0,OLY,16,"PAPANIKOLAOU, KOSTAS",24:54,2,1,5,0,1,0,0,2,3,5,1,0,1,0,1,1,1,1,21.0
2016,47,0,P003537   ,1.0,1.0,OLY,17,"MANTZARIS, VANGELIS",30:41,19,1,2,5,8,2,2,1,6,7,2,1,1,0,0,2,3,25,22.0
2016,47,0,P001844   ,0.0,0.0,OLY,23,"HACKETT, DANIEL",04:33,0,0,1,0,0,0,0,0,0,0,0,0,1,0,0,1,1,-2,-14.0
2016,47,0,P003608   ,0.0,1.0,OLY,24,"LOJESKI, MATT",20:18,15,1,2,3,4,4,5,0,6,6,2,1,2,0,0,3,3,19,-16.0
2016,47,0,Team,0.0,0.0,OLY,,Team,,0,0,0,0,0,0,0,4,0,4,0,0,0,0,0,0,0,4,
2016,47,0,Total,,,OLY,,Total,200:00,87,18,40,12,26,15,21,16,28,44,17,2,13,3,5,19,24,98,
2016,48,1,P007200   ,1.0,0.0,BAS,0,"LARKIN, SHANE",27:52,13,4,6,1,6,2,2,0,1,1,6,2,1,0,0,1,4,17,20.0
2016,48,1,PBWZ      ,0.0,0.0,BAS,1,"BARGNANI, ANDREA",17:24,13,5,6,0,0,3,5,0,1,1,1,0,2,1,0,3,5,13,6.0
2016,48,1,P007201   ,1.0,0.0,BAS,7,"VOIGTMANN, JOHANNES",22:52,13,1,2,2,3,5,6,2,6,8,1,1,1,1,0,1,3,22,16.0
2016,48,1,P005099   ,1.0,0.0,BAS,8,"HANGA, ADAM",24:42,6,1,3,1,2,1,2,0,2,2,2,1,2,0,0,2,1,4,22.0
2016,48,1,P007230   ,0.0,1.0,BAS,9,"SEDEKERSKIS, TADAS",03:00,4,1,1,0,0,2,2,0,1,1,0,0,0,0,0,0,1,6,5.0
2016,48,1,P006590   ,0.0,0.0,BAS,10,"BEAUBOIS, RODRIGUE",11:37,6,0,1,2,4,0,0,0,1,1,1,0,0,1,1,4,0,1,7.0
2016,48,1,P003452   ,1.0,1.0,BAS,11,"BLAZIC, JAKA",20:23,11,2,6,2,2,1,2,1,4,5,1,1,2,0,2,2,1,8,21.0
2016,48,1,P003540   ,0.0,1.0,BAS,12,"DIOP, ILIMANE",11:04,2,1,3,0,0,0,0,0,3,3,0,0,2,1,0,4,1,-1,13.0
2016,48,1,P002744   ,0.0,1.0,BAS,14,"TILLIE, KIM",19:56,6,3,5,0,1,0,0,2,4,6,2,0,1,0,0,1,1,10,28.0
2016,48,1,P001133   ,1.0,0.0,BAS,23,"SHENGELIA, TORNIKE",08:40,0,0,1,0,0,0,0,1,3,4,0,0,1,0,0,1,2,3,5.0
2016,48,1,P007427   ,0.0,0.0,BAS,34,"BUDINGER, CHASE",16:23,6,2,2,0,2,2,2,0,6,6,1,0,1,0,0,1,1,10,10.0
2016,48,1,P001633   ,0.0,1.0,BAS,55,"LUZ, RAFA",16:07,6,0,0,2,2,0,0,0,4,4,6,0,1,0,0,1,0,14,17.0
2016,48,1,Team,0.0,0.0,BAS,,Team,,0,0,0,0,0,0,0,2,1,3,0,0,1,0,0,0,0,2,
2016,48,1,Total,,,BAS,,Total,200:00,86,20,36,10,22,16,21,8,37,45,21,5,15,4,3,21,20,109,
2016,48,0,PLIM      ,0.0,1.0,ULK,5,"HERSEK, BARIS",11:29,4,2,3,0,2,0,0,0,0,0,0,1,0,0,1,2,1,0,-9.0
2016,48,0,P006503   ,1.0,0.0,ULK,8,"UDOH, EKPE",22:14,8,3,10,0,0,2,3,4,3,7,0,1,1,0,0,0,5,12,-16.0
2016,48,0,P002969   ,0.0,1.0,ULK,10,"MAHMUTOGLU, MELIH",12:40,0,0,1,0,4,0,0,0,2,2,0,0,0,0,0,1,0,-4,-14.0
2016,48,0,PBAE      ,0.0,0.0,ULK,12,"ANTIC, PERO",09:38,4,0,1,1,3,1,2,0,1,1,0,0,0,0,0,1,2,2,-11.0
2016,48,0,P001926   ,1.0,0.0,ULK,16,"SLOUKAS, KOSTAS",27:00,9,3,5,1,4,0,0,0,1,1,1,1,0,1,2,2,2,6,-26.0
2016,48,0,P007400   ,0.0,1.0,ULK,21,"NUNNALLY, JAMES WILLIAM",16:51,6,3,5,0,1,0,0,0,6,6,2,0,2,1,0,2,0,8,-12.0
2016,48,0,P007423   ,0.0,1.0,ULK,22,"MINCHEV, YORDAN",07:29,0,0,1,0,1,0,0,0,0,0,0,0,0,0,1,0,0,-3,-7.0
2016,48,0,P003783   ,0.0,1.0,ULK,23,"UGURLU, BERK",12:45,2,0,2,0,1,2,2,1,0,1,1,1,2,0,0,0,2,2,-8.0
2016,48,0,P000925   ,1.0,0.0,ULK,24,"VESELY, JAN",15:45,2,1,3,0,0,0,0,2,2,4,0,0,3,0,0,4,1,-2,-17.0
2016,48,0,P004866   ,0.0,0.0,ULK,33,"KALINIC, NIKOLA",19:19,7,3,4,0,0,1,3,2,1,3,3,0,2,1,0,4,3,8,-13.0
2016,48,0,P001324   ,1.0,0.0,ULK,35,"DIXON, BOBBY",23:24,8,0,1,2,9,2,2,1,2,3,2,0,1,0,0,2,2,4,-22.0
2016,48,0,PCCD      ,1.0,0.0,ULK,70,"DATOME, LUIGI",21:26,2,0,5,0,1,2,2,2,2,4,1,1,1,0,0,2,3,2,-15.0
2016,48,0,Team,0.0,0.0,ULK,,Team,,0,0,0,0,0,0,0,2,1,3,0,0,2,0,0,0,0,1,
2016,48,0,Total,,,ULK,,Total,200:00,52,15,41,4,26,10,14,14,21,35,10,5,14,3,4,20,21,36,
2016,49,1,P005094   ,0.0,0.0,IST,1,"THOMAS, DESHAUN",19:33,20,4,4,2,6,6,6,0,0,0,0,0,1,0,0,0,3,18,3.0
2016,49,1,P005800   ,0.0,1.0,IST,2,"HONEYCUTT, TYLER",20:29,12,2,3,2,3,2,2,2,4,6,5,1,0,1,0,3,2,22,3.0
2016,49,1,P003521   ,0.0,0.0,IST,4,"BALBAY, DOGUS",12:15,0,0,0,0,0,0,0,0,0,0,2,0,1,0,0,5,1,-3,-3.0
2016,49,1,P004425   ,1.0,1.0,IST,5,"BROWN, DERRICK",28:29,8,4,9,0,2,0,0,0,1,1,6,0,0,1,1,2,1,7,4.0
2016,49,1,P004088   ,1.0,0.0,IST,6,"OSMAN, CEDI",19:31,16,1,1,4,5,2,2,1,1,2,0,0,1,0,0,1,3,18,2.0
2016,49,1,P007121   ,1.0,0.0,IST,7,"COTTON, BRYCE",05:26,0,0,2,0,1,0,0,1,0,1,2,0,0,0,0,1,0,-1,-4.0
2016,49,1,P007122   ,0.0,0.0,IST,9,"GEYIK, SAMET",DNP,0,0,0,0,0,0,0,0,0,0,0,0,0,0,0,0,0,0,0.0
2016,49,1,P005763   ,0.0,0.0,IST,10,"KORKMAZ, FURKAN",DNP,0,0,0,0,0,0,0,0,0,0,0,0,0,0,0,0,0,0,0.0
2016,49,1,P003024   ,1.0,1.0,IST,15,"GRANGER, JAYSON",29:40,7,1,2,1,2,2,2,0,2,2,8,2,1,0,0,3,2,15,7.0
2016,49,1,P004222   ,0.0,0.0,IST,23,"OMIC, ALEN",05:27,4,2,3,0,0,0,0,0,0,0,2,0,1,0,1,1,0,2,-2.0
2016,49,1,PKLT      ,0.0,1.0,IST,31,"HEURTEL, THOMAS",32:39,24,7,11,2,2,4,4,0,1,1,8,1,3,0,1,3,3,26,10.0
2016,49,1,P003048   ,1.0,1.0,IST,42,"DUNSTON, BRYANT",26:31,13,3,6,0,0,7,8,4,5,9,1,0,2,1,0,3,5,20,5.0
2016,49,1,Team,0.0,0.0,IST,,Team,,0,0,0,0,0,0,0,1,4,5,0,0,0,0,0,0,0,5,
2016,49,1,Total,,,IST,,Total,200:00,104,24,41,11,21,23,24,9,18,27,34,4,10,3,3,22,20,129,
2016,49,0,P005815   ,0.0,0.0,UNK,1,"JOHNSON, ORLANDO",11:39,10,2,3,2,2,0,0,0,0,0,1,0,2,0,1,0,0,7,-8.0
2016,49,0,P002026   ,0.0,0.0,UNK,2,"ANTIPOV, PAVEL",08:47,5,1,1,1,2,0,0,0,0,0,0,1,0,0,0,2,0,3,-6.0
2016,49,0,P001887   ,1.0,1.0,UNK,5,"LANGFORD, KEITH",36:30,25,3,12,4,8,7,8,0,2,2,9,1,2,1,1,4,7,24,-1.0
2016,49,0,P003034   ,1.0,0.0,UNK,9,"PARAKHOUSKI, ARTSIOM",22:33,20,8,9,0,0,4,4,7,3,10,0,1,1,2,1,1,5,34,-4.0
2016,49,0,P006533   ,1.0,0.0,UNK,10,"COLOM, QUINO",27:50,11,3,4,1,3,2,4,2,3,5,8,0,1,0,0,0,4,22,-9.0
2016,49,0,PATS      ,0.0,0.0,UNK,13,"BANIC, MARKO",11:07,6,3,3,0,0,0,0,0,1,1,0,1,0,0,0,2,0,6,-1.0
2016,49,0,P001389   ,0.0,1.0,UNK,18,"VORONOV, EVGENY",17:53,6,2,2,0,0,2,2,0,0,0,1,1,1,0,0,3,2,6,4.0
2016,49,0,P006594   ,0.0,0.0,UNK,19,"KARPUKHIN, ALEKSANDR",DNP,0,0,0,0,0,0,0,0,0,0,0,0,0,0,0,0,0,0,0.0
2016,49,0,PLSK      ,1.0,1.0,UNK,20,"PANIN, VADIM",23:42,6,0,0,2,5,0,0,0,0,0,0,0,0,0,0,3,2,2,4.0
2016,49,0,PJUP      ,1.0,1.0,UNK,21,"KAIMAKOGLOU, KOSTAS",22:32,6,3,5,0,3,0,0,0,3,3,1,0,1,0,0,3,0,1,-3.0
2016,49,0,P004259   ,0.0,1.0,UNK,22,"WILLIAMS, LATAVIOUS",17:27,4,1,1,0,0,2,2,0,3,3,1,0,1,0,0,2,2,7,-1.0
2016,49,0,P007051   ,0.0,0.0,UNK,28,"TUKMAKOV, AZAT",DNP,0,0,0,0,0,0,0,0,0,0,0,0,0,0,0,0,0,0,0.0
2016,49,0,Team,0.0,0.0,UNK,,Team,,0,0,0,0,0,0,0,2,2,4,0,0,1,0,0,0,0,3,
2016,49,0,Total,,,UNK,,Total,200:00,99,26,40,10,23,17,20,11,17,28,21,5,10,3,3,20,22,115,
2016,50,1,P001392   ,1.0,0.0,BAM,1,"CAUSEUR, FABIEN",30:04,7,3,3,0,3,1,1,0,5,5,1,1,2,0,0,2,3,10,-1.0
2016,50,1,P002849   ,1.0,1.0,BAM,4,"MELLI, NICOLO",28:17,16,2,3,4,4,0,0,2,8,10,2,0,2,0,0,4,3,24,0.0
2016,50,1,PABN      ,1.0,1.0,BAM,6,"ZISIS, NIKOS",26:40,11,4,6,0,3,3,3,0,0,0,9,0,2,0,0,0,5,18,10.0
2016,50,1,P003703   ,0.0,0.0,BAM,7,"NIKOLIC, ALEKSEJ",DNP,0,0,0,0,0,0,0,0,0,0,0,0,0,0,0,0,0,0,0.0
2016,50,1,P002506   ,1.0,0.0,BAM,8,"STAIGER, LUCCA",12:11,9,0,0,3,6,0,0,0,4,4,0,0,2,0,0,0,0,8,-3.0
2016,50,1,P004132   ,0.0,1.0,BAM,10,"THEIS, DANIEL",17:44,2,1,2,0,0,0,0,0,4,4,1,0,2,1,0,4,0,1,-8.0
2016,50,1,P007032   ,0.0,0.0,BAM,12,"LO, MAODO",06:13,0,0,2,0,1,0,0,0,0,0,1,0,1,0,1,1,0,-5,-7.0
2016,50,1,P000046   ,0.0,1.0,BAM,13,"STRELNIEKS, JANIS",27:44,12,3,6,2,3,0,0,0,2,2,3,0,2,0,0,3,2,10,-12.0
2016,50,1,P006421   ,0.0,1.0,BAM,21,"MILLER, DARIUS",23:16,14,4,7,2,4,0,0,0,1,1,0,1,0,1,1,2,1,10,10.0
2016,50,1,P004512   ,0.0,0.0,BAM,25,"KRATZER, LEON",DNP,0,0,0,0,0,0,0,0,0,0,0,0,0,0,0,0,0,0,0.0
2016,50,1,P006420   ,0.0,0.0,BAM,33,"HECKMANN, PATRICK",07:38,2,1,2,0,1,0,0,0,1,1,0,0,1,0,1,1,1,-1,-3.0
2016,50,1,PLEM      ,1.0,0.0,BAM,43,"RADOSEVIC, LEON",20:13,5,1,3,0,0,3,4,0,1,1,0,0,2,0,0,2,3,2,9.0
2016,50,1,Team,0.0,0.0,BAM,,Team,,0,0,0,0,0,0,0,1,0,1,0,0,0,0,0,0,0,1,
2016,50,1,Total,,,BAM,,Total,200:00,78,19,34,11,25,7,8,3,26,29,17,2,16,2,3,19,18,78,
2016,50,0,P006555   ,0.0,0.0,RED,0,"WOLTERS, NATE",13:28,0,0,2,0,2,0,2,0,5,5,2,0,0,0,0,0,1,2,2.0
2016,50,0,P005942   ,1.0,0.0,RED,6,"DANGUBIC, NEMANJA",14:30,0,0,0,0,0,0,0,0,0,0,1,0,2,0,0,2,1,-2,-17.0
2016,50,0,P002553   ,1.0,0.0,RED,9,"MITROVIC, LUKA",10:54,0,0,3,0,0,0,0,0,0,0,0,1,1,0,0,2,0,-5,-10.0
2016,50,0,PLUO      ,0.0,1.0,RED,10,"LAZIC, BRANKO",25:30,3,1,3,0,0,1,2,1,1,2,0,3,2,0,0,3,1,1,18.0
2016,50,0,P005618   ,0.0,0.0,RED,12,"SIMANIC, BORISA",DNP,0,0,0,0,0,0,0,0,0,0,0,0,0,0,0,0,0,0,0.0
2016,50,0,P004007   ,0.0,0.0,RED,13,"DOBRIC, OGNJEN",DNP,0,0,0,0,0,0,0,0,0,0,0,0,0,0,0,0,0,0,0.0
2016,50,0,PLRU      ,0.0,1.0,RED,19,"SIMONOVIC, MARKO",29:06,17,3,4,3,4,2,4,2,2,4,0,0,0,2,0,1,3,21,11.0
2016,50,0,P005014   ,1.0,1.0,RED,22,"JENKINS, CHARLES",25:03,10,3,5,1,2,1,2,0,2,2,0,0,0,0,0,3,3,8,-11.0
2016,50,0,P004004   ,0.0,0.0,RED,23,"GUDURIC, MARKO",17:53,11,3,3,1,3,2,2,0,3,3,4,0,1,0,0,1,1,15,8.0
2016,50,0,P004863   ,1.0,1.0,RED,24,"JOVIC, STEFAN",23:36,12,3,9,2,4,0,0,1,4,5,5,1,2,0,0,3,0,10,3.0
2016,50,0,P003479   ,1.0,0.0,RED,32,"KUZMIC, OGNJEN",17:57,8,3,7,0,0,2,2,1,6,7,0,2,1,1,1,2,3,13,-12.0
2016,50,0,PCHX      ,0.0,1.0,RED,51,"BJELICA, MILKO",22:03,18,5,9,0,2,8,9,1,4,5,3,0,1,0,1,1,6,22,13.0
2016,50,0,Team,0.0,0.0,RED,,Team,,0,0,0,0,0,0,0,3,0,3,0,0,0,0,0,0,0,3,
2016,50,0,Total,,,RED,,Total,200:00,79,21,45,7,17,16,23,9,27,36,15,7,10,3,2,18,19,88,
2016,51,1,P004418   ,0.0,0.0,MIL,1,"MCLEAN, JAMEL",18:56,5,1,2,0,0,3,4,2,3,5,0,1,2,0,0,2,2,7,13.0
2016,51,1,P000880   ,1.0,0.0,MIL,5,"GENTILE, ALESSANDRO",11:04,7,0,3,0,0,7,8,1,1,2,2,0,1,0,0,0,4,10,3.0
2016,51,1,P004159   ,1.0,1.0,MIL,7,"HICKMAN, RICKY",24:22,13,4,9,0,2,5,6,0,2,2,3,0,2,1,0,2,6,13,-6.0
2016,51,1,PJBX      ,0.0,1.0,MIL,9,"KALNIETIS, MANTAS",19:27,5,1,2,1,2,0,0,0,4,4,2,0,0,0,1,2,0,6,10.0
2016,51,1,PJDU      ,1.0,0.0,MIL,11,"RADULJICA, MIROSLAV",12:01,5,2,2,0,0,1,2,2,1,3,0,0,2,0,0,2,2,5,1.0
2016,51,1,P003514   ,1.0,1.0,MIL,12,"DRAGIC, ZORAN",20:22,8,1,1,2,5,0,0,0,2,2,1,2,3,1,0,3,0,5,1.0
2016,51,1,PJEA      ,1.0,1.0,MIL,13,"MACVAN, MILAN",17:46,6,1,3,1,2,1,1,0,4,4,1,0,1,0,1,2,2,6,-3.0
2016,51,1,P006385   ,0.0,0.0,MIL,14,"PASCOLO, DAVIDE",03:20,2,1,1,0,0,0,0,0,0,0,1,0,0,0,0,2,0,1,6.0
2016,51,1,PKIW      ,0.0,0.0,MIL,20,"CINCIARINI, ANDREA",DNP,0,0,0,0,0,0,0,0,0,0,0,0,0,0,0,0,0,0,0.0
2016,51,1,P005001   ,0.0,0.0,MIL,21,"SANDERS, RAKIM",27:42,19,4,6,3,5,2,4,0,3,3,1,0,0,0,0,4,3,16,9.0
2016,51,1,P003527   ,0.0,1.0,MIL,23,"ABASS, AWUDU",22:58,8,1,3,2,4,0,0,1,3,4,1,1,2,0,0,3,1,6,11.0
2016,51,1,PCPR      ,0.0,0.0,MIL,43,"SIMON, KRUNOSLAV",22:02,10,2,4,1,3,3,4,2,1,3,2,3,3,0,0,1,3,12,15.0
2016,51,1,Team,0.0,0.0,MIL,,Team,,0,0,0,0,0,0,0,2,2,4,0,0,0,0,0,0,0,4,
2016,51,1,Total,,,MIL,,Total,200:00,88,18,36,10,23,22,29,10,26,36,14,7,16,2,2,23,23,91,
2016,51,0,P007200   ,1.0,1.0,BAS,0,"LARKIN, SHANE",32:17,21,5,7,2,4,5,6,0,4,4,9,4,1,1,1,3,7,36,-1.0
2016,51,0,PBWZ      ,1.0,0.0,BAS,1,"BARGNANI, ANDREA",27:24,12,6,11,0,3,0,0,1,3,4,0,0,2,1,0,4,5,8,-13.0
2016,51,0,P007201   ,1.0,1.0,BAS,7,"VOIGTMANN, JOHANNES",28:20,16,3,3,2,4,4,5,0,6,6,2,0,2,0,0,3,3,19,1.0
2016,51,0,P005099   ,1.0,0.0,BAS,8,"HANGA, ADAM",21:10,8,3,5,0,2,2,2,1,2,3,0,3,1,0,0,4,3,8,2.0
2016,51,0,P007230   ,0.0,0.0,BAS,9,"SEDEKERSKIS, TADAS",00:18,0,0,0,0,0,0,0,0,0,0,0,0,0,0,0,0,0,0,-4.0
2016,51,0,P006590   ,0.0,1.0,BAS,10,"BEAUBOIS, RODRIGUE",20:03,6,2,4,0,4,2,2,0,0,0,1,1,2,0,0,4,2,-2,-4.0
2016,51,0,P003452   ,1.0,1.0,BAS,11,"BLAZIC, JAKA",18:18,5,1,4,1,4,0,0,3,1,4,0,1,2,0,0,0,0,2,-5.0
2016,51,0,P003540   ,0.0,0.0,BAS,12,"DIOP, ILIMANE",03:58,0,0,1,0,0,0,0,0,0,0,0,0,0,0,0,2,0,-3,-3.0
2016,51,0,P002744   ,0.0,0.0,BAS,14,"TILLIE, KIM",19:45,6,0,2,1,1,3,4,2,2,4,1,0,2,0,1,0,2,7,-7.0
2016,51,0,P007427   ,0.0,0.0,BAS,34,"BUDINGER, CHASE",19:49,2,1,2,0,0,0,0,1,3,4,0,0,1,0,0,2,0,2,-14.0
2016,51,0,P001633   ,0.0,1.0,BAS,55,"LUZ, RAFA",08:38,0,0,0,0,0,0,0,0,0,0,1,0,2,0,0,2,0,-3,-12.0
2016,51,0,Team,0.0,0.0,BAS,,Team,,0,0,0,0,0,0,0,0,2,2,0,0,2,0,0,0,0,0,
2016,51,0,Total,,,BAS,,Total,200:00,76,21,39,6,22,16,19,8,23,31,14,9,17,2,2,24,22,74,
2016,52,1,P004903   ,0.0,0.0,TEL,0,"GOUDELOCK, ANDREW",DNP,0,0,0,0,0,0,0,0,0,0,0,0,0,0,0,0,0,0,0.0
2016,52,1,P006536   ,1.0,1.0,TEL,3,"RUDD, VICTOR",35:40,10,5,5,0,3,0,0,1,5,6,3,2,2,0,0,2,0,14,10.0
2016,52,1,P004862   ,1.0,0.0,TEL,4,"SEELEY, D.J.",10:29,2,1,1,0,0,0,0,0,1,1,3,0,0,0,0,4,1,3,10.0
2016,52,1,P001274   ,1.0,1.0,TEL,6,"SMITH, DEVIN",35:57,15,3,8,3,8,0,0,2,3,5,6,1,4,0,1,3,0,9,14.0
2016,52,1,P002753   ,0.0,0.0,TEL,8,"YIVZORI, DAGAN",DNP,0,0,0,0,0,0,0,0,0,0,0,0,0,0,0,0,0,0,0.0
2016,52,1,PKJP      ,0.0,0.0,TEL,9,"MEKEL, GAL",00:39,0,0,0,0,0,0,0,0,0,0,0,0,0,0,0,0,0,0,-2.0
2016,52,1,PLKX      ,0.0,1.0,TEL,10,"PNINI, GUY",12:44,5,2,2,0,2,1,3,0,1,1,1,3,0,0,0,2,1,5,4.0
2016,52,1,P000622   ,0.0,1.0,TEL,12,"OHAYON, YOGEV",29:48,19,4,5,3,4,2,4,0,2,2,6,4,2,0,0,3,3,25,3.0
2016,52,1,P003443   ,1.0,0.0,TEL,13,"WEEMS, SONNY",34:43,22,7,11,2,3,2,3,1,4,5,4,1,3,0,0,2,3,24,1.0
2016,52,1,P006195   ,0.0,0.0,TEL,23,"ALEXANDER, JOE",DNP,0,0,0,0,0,0,0,0,0,0,0,0,0,0,0,0,0,0,0.0
2016,52,1,P005154   ,1.0,1.0,TEL,24,"IVERSON, COLTON",21:41,6,3,7,0,0,0,3,1,4,5,2,1,2,0,2,3,4,4,-1.0
2016,52,1,P004183   ,0.0,0.0,TEL,33,"ZIRBES, MAIK",18:19,8,3,4,0,0,2,2,1,4,5,0,1,3,0,0,4,1,7,11.0
2016,52,1,Team,0.0,0.0,TEL,,Team,,0,0,0,0,0,0,0,2,1,3,0,0,0,0,0,0,0,3,
2016,52,1,Total,,,TEL,,Total,200:00,87,28,43,8,20,7,15,8,25,33,25,13,16,0,3,23,13,94,
2016,52,0,PLIM      ,0.0,0.0,ULK,5,"HERSEK, BARIS",DNP,0,0,0,0,0,0,0,0,0,0,0,0,0,0,0,0,0,0,0.0
2016,52,0,P006503   ,1.0,1.0,ULK,8,"UDOH, EKPE",29:10,17,7,8,0,0,3,4,2,6,8,1,0,3,2,0,4,4,23,3.0
2016,52,0,P002969   ,0.0,0.0,ULK,10,"MAHMUTOGLU, MELIH",DNP,0,0,0,0,0,0,0,0,0,0,0,0,0,0,0,0,0,0,0.0
2016,52,0,PBAE      ,0.0,0.0,ULK,12,"ANTIC, PERO",03:37,0,0,1,0,1,0,0,0,0,0,0,0,0,0,0,0,0,-2,-7.0
2016,52,0,P001926   ,0.0,1.0,ULK,16,"SLOUKAS, KOSTAS",28:27,10,2,6,1,2,3,3,2,0,2,8,1,4,0,0,1,3,14,2.0
2016,52,0,P005348   ,0.0,0.0,ULK,18,"ARNA, EGEHAN",DNP,0,0,0,0,0,0,0,0,0,0,0,0,0,0,0,0,0,0,0.0
2016,52,0,P007400   ,0.0,1.0,ULK,21,"NUNNALLY, JAMES WILLIAM",19:45,8,1,4,2,3,0,0,0,0,0,2,0,1,0,0,1,0,4,-13.0
2016,52,0,P000925   ,1.0,0.0,ULK,24,"VESELY, JAN",35:57,16,7,12,0,0,2,3,2,6,8,2,3,3,1,0,2,7,26,-14.0
2016,52,0,P004866   ,1.0,1.0,ULK,33,"KALINIC, NIKOLA",23:31,8,3,9,0,2,2,2,1,1,2,1,2,2,0,0,0,3,6,2.0
2016,52,0,P001324   ,1.0,0.0,ULK,35,"DIXON, BOBBY",35:37,9,3,6,1,6,0,1,2,4,6,2,1,2,0,0,1,3,9,-21.0
2016,52,0,P006399   ,0.0,0.0,ULK,44,"DUVERIOGLU, AHMET",DNP,0,0,0,0,0,0,0,0,0,0,0,0,0,0,0,0,0,0,0.0
2016,52,0,PCCD      ,1.0,1.0,ULK,70,"DATOME, LUIGI",23:56,9,0,2,3,3,0,0,0,5,5,2,0,3,0,0,4,2,9,-2.0
2016,52,0,Team,0.0,0.0,ULK,,Team,,0,0,0,0,0,0,0,1,1,2,0,0,0,0,0,0,0,2,
2016,52,0,Total,,,ULK,,Total,200:00,77,23,48,7,17,10,13,10,23,33,18,7,18,3,0,13,22,91,
2016,53,1,P006661   ,1.0,1.0,DAR,1,"WILBEKIN, SCOTTIE",22:08,9,3,4,1,3,0,0,1,0,1,5,2,5,0,0,1,2,10,-1.0
2016,53,1,PARN      ,0.0,0.0,DAR,3,"ARSLAN, ENDER",DNP,0,0,0,0,0,0,0,0,0,0,0,0,0,0,0,0,0,0,0.0
2016,53,1,P004170   ,0.0,0.0,DAR,8,"BATUK, BIRKAN",13:39,4,0,0,1,2,1,2,0,1,1,1,1,0,0,0,3,3,5,-2.0
2016,53,1,PJYB      ,1.0,0.0,DAR,9,"ERDEN, SEMIH",05:14,4,2,2,0,0,0,0,0,0,0,0,0,1,1,0,4,1,1,10.0
2016,53,1,P005838   ,1.0,1.0,DAR,11,"WANAMAKER, BRAD",35:35,18,3,6,2,3,6,7,1,4,5,7,4,4,0,1,3,5,26,15.0
2016,53,1,P004888   ,1.0,1.0,DAR,12,"CLYBURN, WILL",20:16,14,3,6,1,1,5,7,0,6,6,1,1,2,0,0,4,4,15,9.0
2016,53,1,P001833   ,0.0,0.0,DAR,18,"MOERMAN, ADRIEN",19:02,11,4,4,0,1,3,3,0,2,2,2,0,2,0,0,1,4,15,-3.0
2016,53,1,P003328   ,0.0,0.0,DAR,19,"ALDEMIR, FURKAN",19:38,3,1,4,0,0,1,1,2,2,4,0,0,0,2,0,3,1,4,-5.0
2016,53,1,PJPF      ,0.0,0.0,DAR,21,"SAVAS, OGUZ",DNP,0,0,0,0,0,0,0,0,0,0,0,0,0,0,0,0,0,0,0.0
2016,53,1,P005938   ,1.0,0.0,DAR,23,"ANDERSON, JAMES",27:00,20,2,4,5,9,1,2,0,3,3,1,0,1,1,0,2,1,16,6.0
2016,53,1,P000659   ,0.0,1.0,DAR,44,"SLAUGHTER, MARCUS",14:24,5,1,1,0,0,3,4,0,1,1,1,1,0,0,0,4,3,6,6.0
2016,53,1,P000436   ,0.0,1.0,DAR,45,"BERTANS, DAIRIS",23:04,3,0,3,0,2,3,4,0,2,2,2,1,1,0,0,0,2,3,5.0
2016,53,1,Team,0.0,0.0,DAR,,Team,,0,0,0,0,0,0,0,3,1,4,0,0,0,0,0,0,0,4,
2016,53,1,Total,,,DAR,,Total,200:00,91,19,34,10,21,23,30,7,22,29,20,10,16,4,1,25,26,105,
2016,53,0,P002100   ,1.0,1.0,CSK,1,"DE COLO, NANDO",27:38,17,4,6,1,4,6,6,0,5,5,7,1,8,0,0,2,8,23,-11.0
2016,53,0,P001108   ,0.0,0.0,CSK,3,"KULAGIN, DMITRY",03:32,0,0,0,0,0,0,0,0,0,0,0,0,0,0,0,0,0,0,6.0
2016,53,0,PJDR      ,0.0,1.0,CSK,4,"TEODOSIC, MILOS",33:20,15,2,4,2,8,5,5,0,2,2,10,0,2,0,0,1,4,20,-7.0
2016,53,0,P001438   ,1.0,0.0,CSK,5,"AUGUSTINE, JAMES",12:36,8,2,4,0,0,4,6,0,3,3,0,1,0,0,1,2,3,8,10.0
2016,53,0,PLLH      ,0.0,0.0,CSK,7,"FRIDZON, VITALY",11:59,3,0,0,1,5,0,0,0,0,0,2,0,0,0,0,2,0,-1,-4.0
2016,53,0,P003413   ,1.0,1.0,CSK,9,"JACKSON, AARON",18:38,5,1,4,1,2,0,0,1,0,1,1,1,1,0,1,4,3,1,4.0
2016,53,0,P004941   ,0.0,0.0,CSK,11,"ANTONOV, SEMEN",07:31,2,1,1,0,0,0,0,0,0,0,0,0,1,0,0,1,0,0,1.0
2016,53,0,PLHI      ,1.0,0.0,CSK,20,"VORONTSEVICH, ANDREY",09:13,0,0,2,0,1,0,0,0,0,0,1,0,0,0,0,2,0,-4,-3.0
2016,53,0,P006450   ,0.0,1.0,CSK,22,"HIGGINS, CORY",26:27,17,5,6,2,3,1,1,0,2,2,1,0,2,0,0,2,1,15,-12.0
2016,53,0,PBCQ      ,0.0,0.0,CSK,31,"KHRYAPA, VICTOR",11:06,3,0,2,1,1,0,0,1,3,4,0,0,0,0,0,1,0,4,-11.0
2016,53,0,PJLX      ,1.0,0.0,CSK,41,"KURBANOV, NIKITA",12:02,2,1,1,0,0,0,0,0,3,3,1,0,0,0,0,5,1,2,8.0
2016,53,0,P002812   ,0.0,1.0,CSK,42,"HINES, KYLE",25:58,11,5,8,0,0,1,3,7,2,9,1,1,4,1,2,4,5,13,-21.0
2016,53,0,Team,0.0,0.0,CSK,,Team,,0,0,0,0,0,0,0,2,1,3,0,0,0,0,0,0,0,3,
2016,53,0,Total,,,CSK,,Total,200:00,83,21,38,8,24,17,21,11,21,32,24,4,18,1,4,26,25,84,
2016,54,1,P005159   ,0.0,0.0,OLY,1,"GREEN, ERICK",18:49,9,3,6,1,3,0,0,1,1,2,0,1,0,0,0,0,1,8,6.0
2016,54,1,P007182   ,0.0,0.0,OLY,2,"BIRCH, KHEM",25:34,7,3,4,0,0,1,2,3,4,7,1,0,1,0,0,5,1,8,6.0
2016,54,1,P005984   ,0.0,0.0,OLY,4,"YOUNG, PATRIC",DNP,0,0,0,0,0,0,0,0,0,0,0,0,0,0,0,0,0,0,0.0
2016,54,1,P005161   ,0.0,1.0,OLY,6,"PAPAPETROU, IOANNIS",17:01,8,1,2,2,7,0,0,0,5,5,0,1,0,0,0,1,0,7,3.0
2016,54,1,PJUO      ,1.0,0.0,OLY,7,"SPANOULIS, VASSILIS",27:24,15,2,4,3,6,2,3,0,3,3,6,0,5,0,0,3,7,17,3.0
2016,54,1,P003941   ,1.0,0.0,OLY,11,"MILUTINOV, NIKOLA",13:52,2,1,2,0,0,0,0,2,2,4,2,0,1,0,0,5,0,1,1.0
2016,54,1,PAMM      ,1.0,1.0,OLY,15,"PRINTEZIS, GEORGIOS",23:29,7,2,6,1,4,0,0,0,4,4,1,1,1,0,1,1,3,6,4.0
2016,54,1,P001255   ,0.0,1.0,OLY,16,"PAPANIKOLAOU, KOSTAS",21:39,0,0,0,0,3,0,0,0,2,2,3,0,1,0,0,2,0,-1,0.0
2016,54,1,P003537   ,1.0,1.0,OLY,17,"MANTZARIS, VANGELIS",23:53,5,1,1,1,5,0,0,0,1,1,0,3,1,0,0,3,1,2,1.0
2016,54,1,P001844   ,0.0,0.0,OLY,23,"HACKETT, DANIEL",12:14,5,1,2,1,2,0,0,0,2,2,1,0,0,0,0,0,2,8,6.0
2016,54,1,P003608   ,1.0,1.0,OLY,24,"LOJESKI, MATT",16:05,1,0,2,0,3,1,2,1,0,1,1,0,1,1,1,0,1,-3,5.0
2016,54,1,P004290   ,0.0,0.0,OLY,27,"ATHINAIOU, IOANNIS",DNP,0,0,0,0,0,0,0,0,0,0,0,0,0,0,0,0,0,0,0.0
2016,54,1,Team,0.0,0.0,OLY,,Team,,0,0,0,0,0,0,0,1,1,2,0,0,2,0,0,0,0,0,
2016,54,1,Total,,,OLY,,Total,200:00,59,14,29,9,33,4,7,8,25,33,15,6,13,1,2,20,16,53,
2016,54,0,P003367   ,1.0,1.0,BAR,2,"RICE, TYRESE",36:47,11,4,12,0,5,3,4,0,5,5,2,0,3,0,0,2,5,4,-7.0
2016,54,0,P007434   ,1.0,1.0,BAR,3,"HOLMES, JONATHAN",23:03,13,1,2,2,2,5,6,2,7,9,0,1,3,0,0,2,3,19,-5.0
2016,54,0,P003508   ,0.0,0.0,BAR,6,"DORSEY, JOEY",21:04,9,4,7,0,0,1,2,2,5,7,0,0,1,1,1,2,1,10,-4.0
2016,54,0,P003469   ,0.0,1.0,BAR,14,"VEZENKOV, ALEKSANDAR",17:27,3,0,0,1,1,0,0,2,1,3,1,1,2,0,0,2,2,6,-3.0
2016,54,0,P004588   ,0.0,0.0,BAR,16,"PENO, STEFAN",DNP,0,0,0,0,0,0,0,0,0,0,0,0,0,0,0,0,0,0,0.0
2016,54,0,P003151   ,0.0,0.0,BAR,20,"ERIKSSON, MARCUS",07:45,0,0,1,0,0,0,0,0,1,1,0,0,1,0,0,0,0,-1,-2.0
2016,54,0,P001972   ,1.0,1.0,BAR,24,"OLESON, BRAD",24:07,2,1,1,0,3,0,0,0,2,2,1,1,0,0,0,0,0,3,-4.0
2016,54,0,P004178   ,0.0,1.0,BAR,25,"KOPONEN, PETTERI",27:19,6,0,6,1,2,3,4,0,0,0,4,1,1,0,0,4,5,3,0.0
2016,54,0,P005681   ,0.0,0.0,BAR,28,"SENA, WESLEY",DNP,0,0,0,0,0,0,0,0,0,0,0,0,0,0,0,0,0,0,0.0
2016,54,0,PKRH      ,1.0,0.0,BAR,33,"PERPEROGLOU, STRATOS",24:02,4,2,5,0,2,0,0,0,4,4,0,0,2,0,0,1,0,0,-8.0
2016,54,0,P002507   ,1.0,0.0,BAR,44,"TOMIC, ANTE",18:26,4,1,3,0,0,2,2,1,7,8,2,0,4,1,0,3,4,10,-2.0
2016,54,0,Team,0.0,0.0,BAR,,Team,,0,0,0,0,0,0,0,0,0,0,0,0,1,0,0,0,0,-1,
2016,54,0,Total,,,BAR,,Total,200:00,52,13,37,4,15,14,18,7,32,39,10,4,18,2,1,16,20,53,
2016,55,1,P005757   ,0.0,1.0,MAD,3,"RANDOLPH, ANTHONY",22:41,12,2,4,1,2,5,5,0,2,2,4,0,1,1,1,2,6,18,2.0
2016,55,1,P002946   ,0.0,0.0,MAD,4,"DRAPER, DONTAYE",15:02,2,0,2,0,1,2,2,0,1,1,3,0,0,0,1,3,1,0,-2.0
2016,55,1,PBMT      ,0.0,1.0,MAD,5,"FERNANDEZ, RUDY",25:09,8,1,3,2,6,0,0,0,4,4,3,0,0,0,1,1,1,8,12.0
2016,55,1,PAPR      ,0.0,0.0,MAD,6,"NOCIONI, ANDRES",DNP,0,0,0,0,0,0,0,0,0,0,0,0,0,0,0,0,0,0,0.0
2016,55,1,P005929   ,1.0,0.0,MAD,7,"DONCIC, LUKA",11:04,0,0,1,0,1,0,0,0,0,0,1,0,1,0,0,0,1,-1,-10.0
2016,55,1,PJCC      ,1.0,1.0,MAD,8,"MACIULIS, JONAS",15:33,9,0,1,2,3,3,4,0,1,1,0,0,0,0,0,2,4,9,-7.0
2016,55,1,PAAX      ,1.0,0.0,MAD,9,"REYES, FELIPE",08:49,0,0,1,0,1,0,0,1,3,4,0,0,1,0,0,2,2,1,-10.0
2016,55,1,P005927   ,1.0,1.0,MAD,14,"AYON, GUSTAVO",26:14,8,4,5,0,0,0,0,0,6,6,5,4,2,1,0,2,1,20,9.0
2016,55,1,P001960   ,0.0,0.0,MAD,20,"CARROLL, JAYCEE",22:36,6,2,3,0,2,2,4,0,0,0,1,1,0,0,0,2,2,3,7.0
2016,55,1,P005160   ,0.0,0.0,MAD,21,"HUNTER, OTHELLO",13:43,4,2,4,0,0,0,0,0,1,1,0,0,2,0,0,2,1,0,-6.0
2016,55,1,PTGB      ,1.0,1.0,MAD,23,"LLULL, SERGIO",30:37,30,7,14,4,6,4,4,0,1,1,4,0,1,0,0,2,4,27,10.0
2016,55,1,P005836   ,0.0,0.0,MAD,33,"THOMPKINS, TREY",08:32,8,1,1,2,2,0,0,0,1,1,0,0,0,0,0,3,0,6,10.0
2016,55,1,Team,0.0,0.0,MAD,,Team,,0,0,0,0,0,0,0,2,1,3,0,0,0,0,0,0,0,3,
2016,55,1,Total,,,MAD,,Total,200:00,87,19,39,11,24,16,19,3,21,24,21,5,8,2,3,21,23,94,
2016,55,0,P006614   ,0.0,1.0,PAN,0,"SINGLETON, CHRIS",25:17,13,3,4,1,1,4,6,1,5,6,1,1,1,0,0,4,6,19,-3.0
2016,55,0,P003482   ,1.0,0.0,PAN,2,"NICHOLS, DEMETRIS",06:08,0,0,0,0,0,0,0,0,2,2,1,0,0,0,0,3,0,0,3.0
2016,55,0,P002429   ,0.0,1.0,PAN,3,"RIVERS, K.C.",26:27,8,2,4,1,3,1,1,1,5,6,0,0,1,0,0,1,1,9,-8.0
2016,55,0,P003240   ,0.0,0.0,PAN,7,"BOCHORIDIS, ELEFTHERIOS",03:24,0,0,1,0,0,0,0,0,1,1,0,0,1,0,0,2,0,-3,-3.0
2016,55,0,PBEZ      ,0.0,1.0,PAN,9,"FOTSIS, ANTONIS",09:19,0,0,0,0,1,0,0,0,0,0,0,0,0,0,0,2,0,-3,3.0
2016,55,0,P000464   ,0.0,0.0,PAN,11,"PAPPAS, NIKOS",21:59,8,1,2,1,2,3,4,1,0,1,1,0,1,0,0,2,3,7,-6.0
2016,55,0,P005918   ,1.0,1.0,PAN,12,"FELDEINE, JAMES",29:02,19,0,4,6,7,1,1,0,0,0,0,0,3,1,0,2,0,10,-1.0
2016,55,0,P002980   ,1.0,0.0,PAN,14,"GIST, JAMES",20:30,8,3,5,0,1,2,2,1,1,2,1,0,3,1,1,4,1,2,-2.0
2016,55,0,P004218   ,0.0,0.0,PAN,15,"CHARALAMPOPOULOS, VASILIS",DNP,0,0,0,0,0,0,0,0,0,0,0,0,0,0,0,0,0,0,0.0
2016,55,0,P006302   ,0.0,0.0,PAN,20,"LOUNTZIS, MICHALIS",DNP,0,0,0,0,0,0,0,0,0,0,0,0,0,0,0,0,0,0,0.0
2016,55,0,PAQU      ,1.0,0.0,PAN,29,"BOUROUSIS, IOANNIS",24:31,13,4,11,1,1,2,4,2,7,9,1,0,0,1,1,1,5,18,-3.0
2016,55,0,P001932   ,1.0,1.0,PAN,33,"CALATHES, NICK",33:23,15,4,6,2,4,1,2,1,3,4,9,2,2,0,0,3,4,24,5.0
2016,55,0,Team,0.0,0.0,PAN,,Team,,0,0,0,0,0,0,0,1,1,2,0,0,1,0,0,0,0,1,
2016,55,0,Total,,,PAN,,Total,200:00,84,17,37,12,20,14,20,8,25,33,14,3,13,3,2,24,20,84,
2016,56,1,P006433   ,1.0,1.0,ZAL,3,"PANGOS, KEVIN",27:14,9,3,8,1,2,0,0,0,2,2,8,0,2,0,1,1,0,9,24.0
2016,56,1,P003210   ,0.0,0.0,ZAL,4,"LEKAVICIUS, LUKAS",09:37,0,0,1,0,0,0,0,0,1,1,2,0,0,0,0,0,0,2,-7.0
2016,56,1,P002543   ,1.0,1.0,ZAL,9,"WESTERMANN, LEO",29:02,16,3,5,1,2,7,7,0,7,7,6,0,3,0,0,2,4,25,10.0
2016,56,1,PKNO      ,0.0,0.0,ZAL,10,"SEIBUTIS, RENALDAS",11:09,6,3,3,0,0,0,0,0,3,3,1,1,0,0,0,1,0,10,0.0
2016,56,1,P006599   ,0.0,0.0,ZAL,12,"MOTUM, BROCK",27:19,24,7,9,3,4,1,2,5,1,6,0,1,1,1,1,5,1,22,18.0
2016,56,1,PBWI      ,1.0,1.0,ZAL,13,"JANKUNAS, PAULIUS",27:50,9,2,4,1,1,2,4,0,7,7,3,1,2,0,0,3,6,17,9.0
2016,56,1,PBVE      ,0.0,0.0,ZAL,15,"JAVTOKAS, ROBERTAS",DNP,0,0,0,0,0,0,0,0,0,0,0,0,0,0,0,0,0,0,0.0
2016,56,1,PKPD      ,0.0,0.0,ZAL,21,"MILAKNIS, ARTURAS",22:26,9,0,2,3,6,0,0,0,1,1,3,1,1,0,0,2,2,8,14.0
2016,56,1,P001098   ,0.0,0.0,ZAL,23,"LIMA, AUGUSTO",14:20,6,3,4,0,0,0,3,1,0,1,0,0,2,0,1,3,3,0,3.0
2016,56,1,P000399   ,1.0,0.0,ZAL,44,"KAVALIAUSKAS, ANTANAS",09:39,2,1,3,0,0,0,0,3,1,4,0,0,2,0,0,1,1,2,-7.0
2016,56,1,P005846   ,0.0,1.0,ZAL,55,"HARTENSTEIN, ISAIAH",00:48,0,0,0,0,0,0,0,0,0,0,0,0,0,0,0,0,0,0,-1.0
2016,56,1,P002329   ,1.0,1.0,ZAL,92,"ULANOVAS, EDGARAS",20:36,6,3,4,0,2,0,0,0,1,1,0,1,1,0,0,2,1,3,-3.0
2016,56,1,Team,0.0,0.0,ZAL,,Team,,0,0,0,0,0,0,0,3,1,4,0,0,0,0,0,0,0,4,
2016,56,1,Total,,,ZAL,,Total,200:00,87,25,43,9,17,10,16,12,25,37,23,5,14,1,3,20,18,102,
2016,56,0,PTFH      ,0.0,1.0,GAL,3,"PRELDZIC, EMIR",11:58,11,2,3,1,1,4,4,1,0,1,1,0,0,0,0,1,3,14,6.0
2016,56,0,P000529   ,1.0,0.0,GAL,5,"MICOV, VLADIMIR",31:44,5,1,6,1,2,0,0,1,4,5,3,3,3,0,1,3,6,9,-10.0
2016,56,0,P004119   ,1.0,1.0,GAL,7,"TYUS, ALEX",26:49,5,2,4,0,0,1,2,3,3,6,0,1,2,2,0,0,1,10,-13.0
2016,56,0,P004300   ,0.0,0.0,GAL,8,"KORKMAZ, CAN",DNP,0,0,0,0,0,0,0,0,0,0,0,0,0,0,0,0,0,0,0.0
2016,56,0,P003453   ,0.0,0.0,GAL,9,"THOMPSON, DEON",12:11,2,1,2,0,0,0,0,0,1,1,2,0,1,0,0,3,1,1,0.0
2016,56,0,P000357   ,1.0,1.0,GAL,10,"SCHILB, BLAKE",22:59,12,2,3,2,2,2,2,0,2,2,3,0,1,0,0,2,1,14,-5.0
2016,56,0,PLHK      ,0.0,0.0,GAL,21,"PLEISS, TIBOR",08:15,4,1,1,0,0,2,2,1,3,4,0,0,0,1,0,1,1,9,0.0
2016,56,0,P003472   ,0.0,0.0,GAL,25,"DAYE, AUSTIN",10:37,3,0,3,1,1,0,0,0,1,1,1,0,0,0,0,2,2,2,-6.0
2016,56,0,P000494   ,1.0,1.0,GAL,32,"GULER, SINAN",28:49,15,6,9,1,6,0,0,0,0,0,4,1,2,0,0,3,1,8,-18.0
2016,56,0,P004997   ,0.0,0.0,GAL,33,"DIEBLER, JON",17:53,7,1,3,1,3,2,2,0,0,0,1,0,0,0,0,1,2,5,-1.0
2016,56,0,P005193   ,0.0,1.0,GAL,55,"DENTMON, JUSTIN",21:45,11,4,7,1,5,0,0,0,1,1,1,0,1,0,0,1,2,6,-11.0
2016,56,0,P002104   ,1.0,0.0,GAL,61,"KOKSAL, GOKSENIN",07:00,0,0,0,0,0,0,0,0,0,0,0,1,1,0,0,1,0,-1,-2.0
2016,56,0,Team,0.0,0.0,GAL,,Team,,0,0,0,0,0,0,0,2,3,5,0,0,0,0,0,0,0,5,
2016,56,0,Total,,,GAL,,Total,200:00,75,20,41,8,20,11,12,8,18,26,16,6,11,3,1,18,20,82,
2016,57,1,P006555   ,0.0,1.0,RED,0,"WOLTERS, NATE",18:31,14,4,6,2,2,0,0,1,3,4,6,0,1,0,0,2,0,19,14.0
2016,57,1,P005942   ,1.0,0.0,RED,6,"DANGUBIC, NEMANJA",20:38,7,2,3,1,1,0,0,0,3,3,0,0,2,0,0,2,0,5,6.0
2016,57,1,P002553   ,1.0,0.0,RED,9,"MITROVIC, LUKA",15:34,2,1,4,0,0,0,0,0,1,1,2,0,1,0,0,0,0,1,2.0
2016,57,1,PLUO      ,0.0,1.0,RED,10,"LAZIC, BRANKO",24:03,4,2,2,0,3,0,0,1,1,2,0,1,0,0,0,3,0,1,5.0
2016,57,1,P005618   ,0.0,0.0,RED,12,"SIMANIC, BORISA",DNP,0,0,0,0,0,0,0,0,0,0,0,0,0,0,0,0,0,0,0.0
2016,57,1,P004007   ,0.0,0.0,RED,13,"DOBRIC, OGNJEN",DNP,0,0,0,0,0,0,0,0,0,0,0,0,0,0,0,0,0,0,0.0
2016,57,1,PLRU      ,0.0,1.0,RED,19,"SIMONOVIC, MARKO",24:26,23,2,4,5,9,4,6,2,4,6,0,2,1,0,1,2,3,22,11.0
2016,57,1,P005014   ,1.0,0.0,RED,22,"JENKINS, CHARLES",22:35,6,1,5,1,4,1,1,0,0,0,3,1,1,0,0,0,2,4,4.0
2016,57,1,P004004   ,0.0,0.0,RED,23,"GUDURIC, MARKO",16:25,5,0,2,0,2,5,5,0,1,1,0,0,0,0,2,5,3,-2,10.0
2016,57,1,P004863   ,1.0,1.0,RED,24,"JOVIC, STEFAN",17:56,8,1,3,2,4,0,0,1,1,2,4,2,3,0,0,2,1,8,0.0
2016,57,1,P003479   ,1.0,0.0,RED,32,"KUZMIC, OGNJEN",16:39,6,3,5,0,0,0,0,2,5,7,0,3,3,1,0,0,2,14,-4.0
2016,57,1,PCHX      ,0.0,1.0,RED,51,"BJELICA, MILKO",23:13,8,3,4,0,2,2,2,0,7,7,0,0,2,0,1,2,3,10,17.0
2016,57,1,Team,0.0,0.0,RED,,Team,,0,0,0,0,0,0,0,1,1,2,0,0,0,0,0,0,0,2,
2016,57,1,Total,,,RED,,Total,200:00,83,19,38,11,27,12,14,8,27,35,15,9,14,1,4,18,14,84,
2016,57,0,P004418   ,0.0,0.0,MIL,1,"MCLEAN, JAMEL",13:12,3,1,1,0,0,1,2,0,1,1,0,2,0,2,0,3,1,5,-7.0
2016,57,0,P000880   ,1.0,0.0,MIL,5,"GENTILE, ALESSANDRO",26:18,14,4,11,1,1,3,4,3,2,5,1,3,4,1,0,2,2,12,-3.0
2016,57,0,P004159   ,1.0,0.0,MIL,7,"HICKMAN, RICKY",17:18,4,2,4,0,0,0,0,0,3,3,2,0,3,0,0,0,2,6,-1.0
2016,57,0,PJBX      ,0.0,0.0,MIL,9,"KALNIETIS, MANTAS",17:25,9,3,5,1,4,0,1,0,2,2,4,2,4,0,0,1,3,9,-12.0
2016,57,0,PJDU      ,1.0,1.0,MIL,11,"RADULJICA, MIROSLAV",26:41,8,3,10,0,0,2,2,2,4,6,3,1,3,0,0,3,2,7,-6.0
2016,57,0,P003514   ,1.0,1.0,MIL,12,"DRAGIC, ZORAN",22:53,9,3,6,1,1,0,0,2,1,3,0,1,1,0,0,4,0,5,-11.0
2016,57,0,PJEA      ,1.0,1.0,MIL,13,"MACVAN, MILAN",22:28,4,0,2,0,1,4,4,0,4,4,2,0,1,0,1,1,2,6,0.0
2016,57,0,P006385   ,0.0,0.0,MIL,14,"PASCOLO, DAVIDE",DNP,0,0,0,0,0,0,0,0,0,0,0,0,0,0,0,0,0,0,0.0
2016,57,0,PKIW      ,0.0,0.0,MIL,20,"CINCIARINI, ANDREA",DNP,0,0,0,0,0,0,0,0,0,0,0,0,0,0,0,0,0,0,0.0
2016,57,0,P005001   ,0.0,0.0,MIL,21,"SANDERS, RAKIM",17:32,4,2,5,0,1,0,0,0,3,3,3,1,0,0,0,1,1,7,-13.0
2016,57,0,P003527   ,0.0,1.0,MIL,23,"ABASS, AWUDU",12:09,8,2,2,0,0,4,4,0,1,1,1,0,1,0,0,0,2,11,1.0
2016,57,0,PCPR      ,0.0,1.0,MIL,43,"SIMON, KRUNOSLAV",24:04,7,1,2,1,2,2,3,1,2,3,2,0,0,1,0,1,3,12,-13.0
2016,57,0,Team,0.0,0.0,MIL,,Team,,0,0,0,0,0,0,0,0,3,3,0,0,0,0,0,0,0,3,
2016,57,0,Total,,,MIL,,Total,200:00,70,21,48,4,10,16,20,8,26,34,18,10,17,4,1,16,18,83,
2016,58,1,PLIM      ,0.0,0.0,ULK,5,"HERSEK, BARIS",00:04,0,0,0,0,0,0,0,0,0,0,0,0,0,0,0,0,0,0,0.0
2016,58,1,P006503   ,0.0,1.0,ULK,8,"UDOH, EKPE",27:27,6,2,7,0,0,2,2,2,5,7,3,0,0,2,2,4,3,10,8.0
2016,58,1,P002969   ,0.0,1.0,ULK,10,"MAHMUTOGLU, MELIH",17:28,10,1,1,2,4,2,2,0,1,1,0,0,0,0,0,0,1,10,5.0
2016,58,1,PBAE      ,1.0,0.0,ULK,12,"ANTIC, PERO",06:58,2,1,2,0,1,0,0,1,1,2,0,0,0,0,0,1,0,1,-3.0
2016,58,1,P001926   ,0.0,1.0,ULK,16,"SLOUKAS, KOSTAS",22:32,21,3,4,3,3,6,6,0,0,0,4,0,1,0,0,3,5,25,7.0
2016,58,1,P007400   ,1.0,0.0,ULK,21,"NUNNALLY, JAMES WILLIAM",14:18,3,0,0,1,2,0,0,0,0,0,2,0,1,0,0,0,0,3,8.0
2016,58,1,P003783   ,0.0,0.0,ULK,23,"UGURLU, BERK",00:08,0,0,0,0,0,0,0,0,0,0,0,0,0,0,0,0,0,0,0.0
2016,58,1,P000925   ,1.0,0.0,ULK,24,"VESELY, JAN",29:17,20,7,8,0,0,6,10,3,3,6,1,4,5,1,0,4,5,23,4.0
2016,58,1,P004866   ,1.0,0.0,ULK,33,"KALINIC, NIKOLA",25:46,8,3,5,0,1,2,2,0,5,5,2,2,1,0,0,4,2,11,5.0
2016,58,1,P001324   ,1.0,1.0,ULK,35,"DIXON, BOBBY",26:07,7,2,3,1,4,0,0,0,2,2,3,1,1,0,0,2,1,7,-3.0
2016,58,1,P006399   ,0.0,0.0,ULK,44,"DUVERIOGLU, AHMET",DNP,0,0,0,0,0,0,0,0,0,0,0,0,0,0,0,0,0,0,0.0
2016,58,1,PCCD      ,0.0,1.0,ULK,70,"DATOME, LUIGI",29:55,11,4,8,1,4,0,0,2,5,7,2,1,2,0,0,2,2,12,9.0
2016,58,1,Team,0.0,0.0,ULK,,Team,,0,0,0,0,0,0,0,0,4,4,0,0,0,0,0,0,0,4,
2016,58,1,Total,,,ULK,,Total,200:00,88,23,38,8,19,18,22,8,26,34,17,8,11,3,2,20,19,106,
2016,58,0,P005094   ,0.0,0.0,IST,1,"THOMAS, DESHAUN",17:39,8,4,9,0,2,0,0,1,0,1,2,1,1,0,2,2,0,0,-11.0
2016,58,0,P005800   ,0.0,1.0,IST,2,"HONEYCUTT, TYLER",29:33,9,2,4,1,2,2,2,2,6,8,2,2,2,2,0,1,3,20,4.0
2016,58,0,P003521   ,0.0,1.0,IST,4,"BALBAY, DOGUS",05:58,0,0,0,0,0,0,0,0,0,0,0,0,0,0,0,1,0,-1,-3.0
2016,58,0,P004425   ,1.0,1.0,IST,5,"BROWN, DERRICK",27:50,8,3,6,0,1,2,6,5,5,10,7,2,1,0,0,2,5,21,-6.0
2016,58,0,P004088   ,1.0,0.0,IST,6,"OSMAN, CEDI",10:27,3,0,1,1,3,0,0,1,1,2,1,1,0,0,0,1,0,3,-12.0
2016,58,0,P007121   ,1.0,0.0,IST,7,"COTTON, BRYCE",17:24,10,1,5,2,3,2,3,1,0,1,0,0,2,0,1,1,2,3,2.0
2016,58,0,P007122   ,0.0,0.0,IST,9,"GEYIK, SAMET",DNP,0,0,0,0,0,0,0,0,0,0,0,0,0,0,0,0,0,0,0.0
2016,58,0,P005763   ,0.0,0.0,IST,10,"KORKMAZ, FURKAN",DNP,0,0,0,0,0,0,0,0,0,0,0,0,0,0,0,0,0,0,0.0
2016,58,0,P003024   ,1.0,1.0,IST,15,"GRANGER, JAYSON",32:39,19,6,9,2,7,1,1,1,4,5,3,1,0,0,0,3,1,18,-4.0
2016,58,0,P004222   ,0.0,0.0,IST,23,"OMIC, ALEN",04:41,4,2,2,0,0,0,3,1,0,1,0,1,0,0,0,3,2,2,-7.0
2016,58,0,PKLT      ,0.0,0.0,IST,31,"HEURTEL, THOMAS",23:59,8,4,6,0,5,0,0,1,1,2,2,2,3,0,0,2,4,6,-11.0
2016,58,0,P003048   ,1.0,1.0,IST,42,"DUNSTON, BRYANT",29:50,11,5,7,0,0,1,2,3,3,6,1,0,0,0,0,3,3,15,8.0
2016,58,0,Team,0.0,0.0,IST,,Team,,0,0,0,0,0,0,0,1,0,1,0,0,1,0,0,0,0,0,
2016,58,0,Total,,,IST,,Total,200:00,80,27,49,6,23,8,17,17,20,37,18,10,10,2,3,19,20,87,
2016,59,1,P007200   ,1.0,1.0,BAS,0,"LARKIN, SHANE",36:44,15,4,6,1,7,4,5,2,5,7,6,4,6,1,0,4,5,19,14.0
2016,59,1,PBWZ      ,0.0,0.0,BAS,1,"BARGNANI, ANDREA",13:04,3,1,5,0,0,1,2,1,1,2,1,0,2,0,0,1,4,2,-6.0
2016,59,1,P007201   ,1.0,0.0,BAS,7,"VOIGTMANN, JOHANNES",31:33,20,6,9,2,5,2,2,3,6,9,1,1,1,1,1,1,2,25,9.0
2016,59,1,P005099   ,1.0,1.0,BAS,8,"HANGA, ADAM",34:31,16,5,8,0,4,6,6,1,6,7,1,0,0,0,0,2,7,22,12.0
2016,59,1,P007230   ,0.0,0.0,BAS,9,"SEDEKERSKIS, TADAS",DNP,0,0,0,0,0,0,0,0,0,0,0,0,0,0,0,0,0,0,0.0
2016,59,1,P006590   ,1.0,1.0,BAS,10,"BEAUBOIS, RODRIGUE",27:44,20,3,4,3,7,5,5,0,4,4,3,0,1,1,0,3,3,22,18.0
2016,59,1,P003452   ,0.0,1.0,BAS,11,"BLAZIC, JAKA",14:31,0,0,1,0,2,0,0,1,2,3,1,0,0,0,0,2,1,0,-3.0
2016,59,1,P003540   ,1.0,0.0,BAS,12,"DIOP, ILIMANE",12:23,2,1,1,0,0,0,0,0,1,1,0,0,2,0,0,1,1,1,-5.0
2016,59,1,P002744   ,0.0,1.0,BAS,14,"TILLIE, KIM",17:36,5,1,3,1,2,0,0,0,1,1,0,0,0,0,1,2,0,0,11.0
2016,59,1,P007427   ,0.0,0.0,BAS,34,"BUDINGER, CHASE",08:38,0,0,0,0,0,0,0,1,0,1,0,0,0,0,0,2,0,-1,-8.0
2016,59,1,P001633   ,0.0,0.0,BAS,55,"LUZ, RAFA",03:16,0,0,0,0,1,0,0,0,0,0,0,0,1,0,0,1,0,-3,-7.0
2016,59,1,Team,0.0,0.0,BAS,,Team,,0,0,0,0,0,0,0,2,2,4,0,0,0,0,0,0,0,4,
2016,59,1,Total,,,BAS,,Total,200:00,81,21,37,7,28,18,20,11,28,39,13,5,13,3,2,19,23,91,
2016,59,0,P001392   ,1.0,1.0,BAM,1,"CAUSEUR, FABIEN",26:21,4,1,4,0,3,2,2,0,2,2,1,3,0,0,0,3,1,2,-7.0
2016,59,0,P002849   ,1.0,1.0,BAM,4,"MELLI, NICOLO",30:26,12,3,8,1,2,3,4,2,10,12,2,1,3,1,1,2,3,18,-13.0
2016,59,0,PABN      ,1.0,1.0,BAM,6,"ZISIS, NIKOS",29:11,5,0,2,1,3,2,2,0,3,3,5,0,4,0,0,2,2,5,-1.0
2016,59,0,P003703   ,0.0,0.0,BAM,7,"NIKOLIC, ALEKSEJ",DNP,0,0,0,0,0,0,0,0,0,0,0,0,0,0,0,0,0,0,0.0
2016,59,0,P002506   ,0.0,0.0,BAM,8,"STAIGER, LUCCA",00:08,0,0,0,0,0,0,0,0,0,0,0,0,0,0,0,0,0,0,3.0
2016,59,0,P004132   ,0.0,0.0,BAM,10,"THEIS, DANIEL",17:58,5,2,3,0,0,1,5,2,4,6,0,0,0,0,0,2,3,7,6.0
2016,59,0,P007032   ,1.0,1.0,BAM,12,"LO, MAODO",22:31,15,3,6,3,5,0,0,0,4,4,4,2,3,0,2,0,2,17,-10.0
2016,59,0,P000046   ,0.0,0.0,BAM,13,"STRELNIEKS, JANIS",21:54,11,2,4,2,3,1,1,0,1,1,2,0,3,0,0,5,4,7,-1.0
2016,59,0,P006421   ,0.0,1.0,BAM,21,"MILLER, DARIUS",19:28,16,2,5,3,5,3,3,1,1,2,2,0,2,1,0,3,2,13,-4.0
2016,59,0,P004512   ,0.0,0.0,BAM,25,"KRATZER, LEON",DNP,0,0,0,0,0,0,0,0,0,0,0,0,0,0,0,0,0,0,0.0
2016,59,0,P006420   ,0.0,0.0,BAM,33,"HECKMANN, PATRICK",16:14,4,2,3,0,1,0,0,0,0,0,1,0,0,0,0,3,1,1,2.0
2016,59,0,PLEM      ,1.0,0.0,BAM,43,"RADOSEVIC, LEON",16:25,2,1,1,0,0,0,0,0,0,0,0,0,1,0,0,3,0,-2,-10.0
2016,59,0,Team,0.0,0.0,BAM,,Team,,0,0,0,0,0,0,0,1,0,1,0,0,0,0,0,0,0,1,
2016,59,0,Total,,,BAM,,Total,200:36,74,16,36,10,22,12,17,6,25,31,17,6,16,2,3,23,18,69,
2016,60,1,P005815   ,0.0,0.0,UNK,1,"JOHNSON, ORLANDO",DNP,0,0,0,0,0,0,0,0,0,0,0,0,0,0,0,0,0,0,0.0
2016,60,1,P002026   ,0.0,1.0,UNK,2,"ANTIPOV, PAVEL",29:43,12,4,5,1,3,1,3,0,2,2,2,2,2,1,0,3,1,10,4.0
2016,60,1,P001887   ,1.0,1.0,UNK,5,"LANGFORD, KEITH",35:30,22,5,10,3,8,3,3,0,2,2,3,1,1,0,1,2,6,20,-1.0
2016,60,1,P003034   ,1.0,1.0,UNK,9,"PARAKHOUSKI, ARTSIOM",25:24,5,2,9,0,0,1,1,0,3,3,1,0,1,1,0,2,3,3,8.0
2016,60,1,P006533   ,1.0,0.0,UNK,10,"COLOM, QUINO",15:32,5,1,3,1,2,0,0,0,3,3,4,0,2,0,0,2,0,5,-11.0
2016,60,1,PATS      ,0.0,0.0,UNK,13,"BANIC, MARKO",17:01,10,4,5,0,0,2,3,1,1,2,0,0,0,0,0,2,2,10,-1.0
2016,60,1,P001389   ,0.0,1.0,UNK,18,"VORONOV, EVGENY",15:57,5,2,2,0,1,1,4,0,3,3,1,1,2,0,0,4,3,3,9.0
2016,60,1,P006594   ,0.0,0.0,UNK,19,"KARPUKHIN, ALEKSANDR",DNP,0,0,0,0,0,0,0,0,0,0,0,0,0,0,0,0,0,0,0.0
2016,60,1,PLSK      ,1.0,0.0,UNK,20,"PANIN, VADIM",24:01,3,0,0,1,1,0,0,1,2,3,3,2,2,0,0,2,0,7,-6.0
2016,60,1,PJUP      ,1.0,1.0,UNK,21,"KAIMAKOGLOU, KOSTAS",24:16,8,1,4,2,4,0,0,0,5,5,2,1,0,1,0,2,1,11,0.0
2016,60,1,P004259   ,0.0,0.0,UNK,22,"WILLIAMS, LATAVIOUS",12:36,3,1,4,0,0,1,1,0,0,0,1,1,1,0,0,3,1,-1,-7.0
2016,60,1,P007051   ,0.0,0.0,UNK,28,"TUKMAKOV, AZAT",DNP,0,0,0,0,0,0,0,0,0,0,0,0,0,0,0,0,0,0,0.0
2016,60,1,Team,0.0,0.0,UNK,,Team,,0,0,0,0,0,0,0,3,4,7,0,0,0,0,0,0,0,7,
2016,60,1,Total,,,UNK,,Total,200:00,73,20,42,8,19,9,15,5,25,30,17,8,11,3,1,22,17,75,
2016,60,0,P006536   ,1.0,0.0,TEL,3,"RUDD, VICTOR",29:15,8,0,2,2,3,2,2,0,4,4,2,1,1,0,0,2,2,11,4.0
2016,60,0,P004862   ,1.0,1.0,TEL,4,"SEELEY, D.J.",37:09,11,2,6,2,5,1,2,2,2,4,6,1,4,0,1,1,2,10,6.0
2016,60,0,P001274   ,1.0,1.0,TEL,6,"SMITH, DEVIN",34:03,16,4,8,2,7,2,2,0,6,6,1,2,0,1,2,1,1,15,0.0
2016,60,0,P002753   ,0.0,0.0,TEL,8,"YIVZORI, DAGAN",DNP,0,0,0,0,0,0,0,0,0,0,0,0,0,0,0,0,0,0,0.0
2016,60,0,PKJP      ,0.0,1.0,TEL,9,"MEKEL, GAL",01:25,2,1,1,0,0,0,0,0,1,1,0,0,0,0,0,0,1,4,-4.0
2016,60,0,PLKX      ,0.0,0.0,TEL,10,"PNINI, GUY",15:44,2,1,2,0,2,0,2,1,3,4,0,0,0,0,0,0,2,3,-5.0
2016,60,0,P000622   ,0.0,1.0,TEL,12,"OHAYON, YOGEV",19:05,5,0,2,1,1,2,2,0,2,2,3,1,2,0,0,4,3,6,-5.0
2016,60,0,P003443   ,1.0,0.0,TEL,13,"WEEMS, SONNY",18:26,6,3,5,0,3,0,0,0,4,4,7,1,1,0,0,5,2,9,14.0
2016,60,0,P004160   ,0.0,0.0,TEL,15,"LANDESBERG, SYLVEN",04:55,4,1,2,0,1,2,2,0,1,1,0,0,0,0,0,0,1,4,-5.0
2016,60,0,P006195   ,0.0,0.0,TEL,23,"ALEXANDER, JOE",DNP,0,0,0,0,0,0,0,0,0,0,0,0,0,0,0,0,0,0,0.0
2016,60,0,P005154   ,1.0,1.0,TEL,24,"IVERSON, COLTON",26:50,12,5,7,0,0,2,3,2,4,6,0,0,2,0,0,4,5,14,-1.0
2016,60,0,P004183   ,0.0,0.0,TEL,33,"ZIRBES, MAIK",13:08,8,2,3,0,0,4,4,1,0,1,0,1,2,0,0,0,3,10,1.0
2016,60,0,Team,0.0,0.0,TEL,,Team,,0,0,0,0,0,0,0,3,2,5,0,0,0,0,0,0,0,5,
2016,60,0,Total,,,TEL,,Total,200:00,74,19,38,7,22,15,19,9,29,38,19,7,12,1,3,17,22,91,
2016,61,1,P001108   ,0.0,0.0,CSK,3,"KULAGIN, DMITRY",13:30,2,0,0,0,0,2,2,1,1,2,2,1,1,0,0,0,1,7,13.0
2016,61,1,PJDR      ,0.0,1.0,CSK,4,"TEODOSIC, MILOS",32:41,25,6,9,2,7,7,9,1,1,2,5,0,1,0,1,2,6,24,10.0
2016,61,1,P001438   ,1.0,0.0,CSK,5,"AUGUSTINE, JAMES",12:08,0,0,1,0,0,0,0,0,1,1,0,1,0,0,0,1,0,0,-7.0
2016,61,1,PLLH      ,0.0,0.0,CSK,7,"FRIDZON, VITALY",07:49,0,0,0,0,0,0,0,0,0,0,0,1,2,0,0,2,1,-2,4.0
2016,61,1,P003413   ,1.0,0.0,CSK,9,"JACKSON, AARON",23:05,19,2,5,3,4,6,6,1,1,2,1,1,1,0,1,4,4,17,4.0
2016,61,1,P004941   ,0.0,0.0,CSK,11,"ANTONOV, SEMEN",14:05,2,1,1,0,0,0,0,0,3,3,0,0,0,0,0,4,1,2,11.0
2016,61,1,PLHI      ,0.0,1.0,CSK,20,"VORONTSEVICH, ANDREY",15:48,3,0,1,1,1,0,0,0,2,2,0,1,1,0,0,3,0,1,10.0
2016,61,1,P006450   ,1.0,1.0,CSK,22,"HIGGINS, CORY",27:00,15,3,7,2,3,3,4,1,2,3,6,0,1,1,1,1,3,19,10.0
2016,61,1,P007148   ,0.0,0.0,CSK,23,"AYRES, JEFF",12:34,13,1,2,0,0,11,12,3,4,7,0,0,0,1,0,1,8,26,16.0
2016,61,1,PBCQ      ,1.0,0.0,CSK,31,"KHRYAPA, VICTOR",10:33,2,1,2,0,1,0,0,1,0,1,1,1,1,0,0,3,1,0,-12.0
2016,61,1,PJLX      ,1.0,1.0,CSK,41,"KURBANOV, NIKITA",15:55,9,1,2,0,1,7,7,0,2,2,1,1,5,1,0,2,3,8,-14.0
2016,61,1,P002812   ,0.0,1.0,CSK,42,"HINES, KYLE",14:52,5,2,4,0,0,1,3,0,2,2,1,1,1,1,0,1,4,8,0.0
2016,61,1,Team,0.0,0.0,CSK,,Team,,0,0,0,0,0,0,0,4,3,7,0,0,1,0,0,0,0,6,
2016,61,1,Total,,,CSK,,Total,200:00,95,17,34,8,17,37,43,12,22,34,17,8,15,4,3,24,32,116,
2016,61,0,P006433   ,1.0,1.0,ZAL,3,"PANGOS, KEVIN",23:40,14,4,6,2,5,0,0,0,1,1,6,1,1,0,1,3,2,14,6.0
2016,61,0,P003210   ,0.0,0.0,ZAL,4,"LEKAVICIUS, LUKAS",16:23,8,2,5,1,3,1,2,1,0,1,3,0,0,0,0,2,3,7,-17.0
2016,61,0,P004664   ,0.0,0.0,ZAL,6,"VALINSKAS, PAULIUS",02:26,2,1,1,0,0,0,0,0,0,0,0,0,0,0,0,1,0,1,-4.0
2016,61,0,P002543   ,0.0,1.0,ZAL,9,"WESTERMANN, LEO",24:47,4,0,3,1,5,1,3,0,2,2,7,1,1,0,0,4,2,2,-10.0
2016,61,0,PKNO      ,1.0,0.0,ZAL,10,"SEIBUTIS, RENALDAS",13:50,3,0,2,1,2,0,0,0,0,0,2,0,1,0,1,4,1,-3,7.0
2016,61,0,P006599   ,0.0,1.0,ZAL,12,"MOTUM, BROCK",22:11,1,0,3,0,3,1,2,0,0,0,1,1,2,0,0,1,1,-6,-26.0
2016,61,0,PBWI      ,1.0,1.0,ZAL,13,"JANKUNAS, PAULIUS",31:12,30,7,13,1,1,13,15,2,6,8,0,1,1,1,1,3,10,37,-2.0
2016,61,0,PBVE      ,0.0,0.0,ZAL,15,"JAVTOKAS, ROBERTAS",DNP,0,0,0,0,0,0,0,0,0,0,0,0,0,0,0,0,0,0,0.0
2016,61,0,PKPD      ,0.0,1.0,ZAL,21,"MILAKNIS, ARTURAS",26:57,11,1,2,3,5,0,0,1,2,3,0,0,2,0,0,3,2,8,-13.0
2016,61,0,P001098   ,0.0,0.0,ZAL,23,"LIMA, AUGUSTO",16:45,3,1,2,0,0,1,2,3,0,3,2,0,1,1,1,4,1,2,3.0
2016,61,0,P000399   ,1.0,0.0,ZAL,44,"KAVALIAUSKAS, ANTANAS",08:10,4,2,2,0,0,0,0,2,1,3,0,0,1,1,0,2,0,5,5.0
2016,61,0,P002329   ,1.0,0.0,ZAL,92,"ULANOVAS, EDGARAS",13:39,6,1,1,1,1,1,2,2,0,2,0,0,2,0,0,5,2,2,6.0
2016,61,0,Team,0.0,0.0,ZAL,,Team,,0,0,0,0,0,0,0,3,2,5,0,0,2,0,0,0,0,3,
2016,61,0,Total,,,ZAL,,Total,200:00,86,19,40,10,25,18,26,14,14,28,21,4,14,3,4,32,24,72,
2016,62,1,P003367   ,1.0,1.0,BAR,2,"RICE, TYRESE",35:47,23,4,8,3,7,6,7,1,2,3,5,1,1,0,0,3,4,23,-37.0
2016,62,1,P007434   ,1.0,0.0,BAR,3,"HOLMES, JONATHAN",21:40,8,2,2,1,5,1,2,1,2,3,1,0,3,0,0,5,3,2,-24.0
2016,62,1,P003508   ,0.0,1.0,BAR,6,"DORSEY, JOEY",22:10,10,3,9,0,0,4,6,5,2,7,1,2,5,1,2,2,3,7,-20.0
2016,62,1,P003469   ,0.0,1.0,BAR,14,"VEZENKOV, ALEKSANDAR",20:24,5,1,4,1,2,0,0,5,5,10,3,1,0,0,0,0,1,16,-16.0
2016,62,1,P004588   ,0.0,1.0,BAR,16,"PENO, STEFAN",04:42,2,0,1,0,0,2,2,0,1,1,2,1,2,0,0,0,2,5,0.0
2016,62,1,P003151   ,1.0,0.0,BAR,20,"ERIKSSON, MARCUS",06:49,2,1,1,0,0,0,0,0,1,1,0,0,0,1,0,1,1,4,-5.0
2016,62,1,P001972   ,1.0,1.0,BAR,24,"OLESON, BRAD",32:15,6,3,4,0,2,0,0,1,1,2,3,0,3,0,0,1,0,4,-25.0
2016,62,1,P004178   ,0.0,0.0,BAR,25,"KOPONEN, PETTERI",22:46,2,1,3,0,3,0,2,0,1,1,1,0,0,0,0,2,3,-2,-23.0
2016,62,1,P005681   ,0.0,0.0,BAR,28,"SENA, WESLEY",DNP,0,0,0,0,0,0,0,0,0,0,0,0,0,0,0,0,0,0,0.0
2016,62,1,PKRH      ,0.0,0.0,BAR,33,"PERPEROGLOU, STRATOS",17:41,0,0,0,0,1,0,0,0,2,2,1,1,1,0,0,1,1,2,-27.0
2016,62,1,P002507   ,1.0,0.0,BAR,44,"TOMIC, ANTE",15:46,5,1,3,0,0,3,6,0,1,1,0,0,2,3,1,1,7,7,-18.0
2016,62,1,Team,0.0,0.0,BAR,,Team,,0,0,0,0,0,0,0,1,2,3,0,0,0,0,0,0,0,3,
2016,62,1,Total,,,BAR,,Total,200:00,63,16,35,5,20,16,25,14,20,34,17,6,17,5,3,16,25,71,
2016,62,0,P005757   ,0.0,0.0,MAD,3,"RANDOLPH, ANTHONY",21:19,18,6,11,1,2,3,4,6,5,11,2,0,2,3,1,1,2,25,32.0
2016,62,0,P002946   ,0.0,0.0,MAD,4,"DRAPER, DONTAYE",17:42,0,0,1,0,0,0,0,0,2,2,2,2,2,0,0,1,2,4,22.0
2016,62,0,PBMT      ,0.0,0.0,MAD,5,"FERNANDEZ, RUDY",22:05,9,0,1,3,7,0,0,1,2,3,3,1,0,0,0,4,0,7,29.0
2016,62,0,PAPR      ,0.0,1.0,MAD,6,"NOCIONI, ANDRES",11:51,7,2,3,1,1,0,0,0,2,2,0,0,0,0,0,2,0,6,1.0
2016,62,0,P005929   ,1.0,1.0,MAD,7,"DONCIC, LUKA",15:18,8,2,2,1,2,1,2,1,2,3,4,1,3,0,0,4,1,8,7.0
2016,62,0,PJCC      ,1.0,0.0,MAD,8,"MACIULIS, JONAS",15:00,5,1,3,1,1,0,0,1,0,1,1,1,0,0,1,0,2,7,10.0
2016,62,0,PAAX      ,1.0,0.0,MAD,9,"REYES, FELIPE",12:36,9,3,5,1,2,0,0,1,2,3,2,0,0,0,1,1,2,11,9.0
2016,62,0,P005927   ,1.0,0.0,MAD,14,"AYON, GUSTAVO",16:29,0,0,2,0,0,0,0,1,3,4,2,2,0,0,0,4,0,2,14.0
2016,62,0,P001960   ,0.0,1.0,MAD,20,"CARROLL, JAYCEE",22:01,19,2,5,4,6,3,3,1,2,3,0,0,0,0,1,4,1,13,20.0
2016,62,0,P005160   ,0.0,1.0,MAD,21,"HUNTER, OTHELLO",17:45,7,2,2,0,1,3,4,0,4,4,1,2,0,0,0,3,3,12,22.0
2016,62,0,PTGB      ,1.0,0.0,MAD,23,"LLULL, SERGIO",22:37,20,5,6,2,6,4,4,0,1,1,7,1,1,0,1,1,3,24,29.0
2016,62,0,P006546   ,0.0,1.0,MAD,44,"TAYLOR, JEFFERY",05:17,0,0,1,0,0,0,0,0,0,0,0,0,0,0,0,1,0,-2,0.0
2016,62,0,Team,0.0,0.0,MAD,,Team,,0,0,0,0,0,0,0,3,0,3,0,0,2,0,0,0,0,1,
2016,62,0,Total,,,MAD,,Total,200:00,102,23,42,14,28,14,17,15,25,40,24,10,10,3,5,26,16,118,
2016,63,1,PTFH      ,0.0,1.0,GAL,3,"PRELDZIC, EMIR",27:07,17,2,7,3,4,4,6,0,1,1,6,4,1,0,0,3,7,23,9.0
2016,63,1,P000529   ,1.0,1.0,GAL,5,"MICOV, VLADIMIR",37:05,16,5,7,1,5,3,6,1,5,6,6,0,1,0,0,3,6,21,7.0
2016,63,1,P004119   ,0.0,0.0,GAL,7,"TYUS, ALEX",06:26,2,1,2,0,0,0,0,0,1,1,0,0,1,1,0,0,0,2,-13.0
2016,63,1,P004300   ,0.0,0.0,GAL,8,"KORKMAZ, CAN",DNP,0,0,0,0,0,0,0,0,0,0,0,0,0,0,0,0,0,0,0.0
2016,63,1,P003453   ,0.0,0.0,GAL,9,"THOMPSON, DEON",09:54,4,2,5,0,0,0,0,0,0,0,0,1,0,1,0,0,0,3,1.0
2016,63,1,P000357   ,1.0,0.0,GAL,10,"SCHILB, BLAKE",29:16,8,4,6,0,1,0,0,1,3,4,5,1,1,0,0,0,0,14,10.0
2016,63,1,P005813   ,0.0,0.0,GAL,11,"ARAR, EGE",DNP,0,0,0,0,0,0,0,0,0,0,0,0,0,0,0,0,0,0,0.0
2016,63,1,PLHK      ,1.0,1.0,GAL,21,"PLEISS, TIBOR",23:34,22,10,14,0,0,2,4,4,4,8,1,0,1,3,1,2,4,28,14.0
2016,63,1,P003472   ,0.0,0.0,GAL,25,"DAYE, AUSTIN",03:49,0,0,0,0,0,0,0,0,2,2,0,0,1,0,0,0,0,1,-1.0
2016,63,1,P000494   ,1.0,1.0,GAL,32,"GULER, SINAN",26:45,7,3,5,0,3,1,2,0,1,1,5,0,0,0,1,3,3,6,-17.0
2016,63,1,P004997   ,0.0,1.0,GAL,33,"DIEBLER, JON",32:07,9,0,0,3,4,0,0,1,2,3,1,1,0,0,0,2,3,14,8.0
2016,63,1,P002104   ,1.0,0.0,GAL,61,"KOKSAL, GOKSENIN",03:57,0,0,0,0,0,0,0,1,0,1,1,0,0,0,0,2,0,0,2.0
2016,63,1,Team,0.0,0.0,GAL,,Team,,0,0,0,0,0,0,0,2,1,3,0,0,1,0,0,0,0,2,
2016,63,1,Total,,,GAL,,Total,200:00,85,27,46,7,17,10,18,10,20,30,25,7,7,5,2,15,23,114,
2016,63,0,P006661   ,1.0,1.0,DAR,1,"WILBEKIN, SCOTTIE",23:07,14,1,1,1,4,9,9,1,0,1,3,0,1,0,0,3,4,15,10.0
2016,63,0,PARN      ,0.0,0.0,DAR,3,"ARSLAN, ENDER",01:30,2,0,0,0,0,2,3,0,0,0,1,0,0,0,0,0,1,3,3.0
2016,63,0,P004170   ,0.0,0.0,DAR,8,"BATUK, BIRKAN",16:36,3,0,0,1,2,0,0,2,1,3,0,0,0,0,0,2,0,3,-5.0
2016,63,0,PJYB      ,1.0,0.0,DAR,9,"ERDEN, SEMIH",05:41,0,0,1,0,0,0,0,0,0,0,0,0,1,1,1,2,1,-3,-8.0
2016,63,0,P005838   ,1.0,1.0,DAR,11,"WANAMAKER, BRAD",28:43,7,1,3,1,4,2,2,0,1,1,5,1,7,0,1,4,4,1,-16.0
2016,63,0,P004888   ,1.0,1.0,DAR,12,"CLYBURN, WILL",28:29,20,4,8,4,6,0,0,2,3,5,1,2,1,0,2,4,1,16,1.0
2016,63,0,P001833   ,0.0,1.0,DAR,18,"MOERMAN, ADRIEN",14:31,8,0,2,2,4,2,2,0,3,3,0,0,0,0,0,2,1,6,-1.0
2016,63,0,P003328   ,0.0,0.0,DAR,19,"ALDEMIR, FURKAN",11:55,2,1,1,0,0,0,0,1,1,2,0,0,0,0,0,0,0,4,1.0
2016,63,0,PJPF      ,0.0,0.0,DAR,21,"SAVAS, OGUZ",DNP,0,0,0,0,0,0,0,0,0,0,0,0,0,0,0,0,0,0,0.0
2016,63,0,P005938   ,1.0,1.0,DAR,23,"ANDERSON, JAMES",27:51,15,3,8,3,8,0,0,2,5,7,1,1,0,1,0,3,0,12,-3.0
2016,63,0,P000659   ,0.0,0.0,DAR,44,"SLAUGHTER, MARCUS",20:42,4,2,4,0,0,0,0,2,5,7,0,0,3,0,0,2,2,6,-4.0
2016,63,0,P000436   ,0.0,0.0,DAR,45,"BERTANS, DAIRIS",20:55,6,0,1,2,3,0,0,0,0,0,3,0,0,0,1,1,1,6,2.0
2016,63,0,Team,0.0,0.0,DAR,,Team,,0,0,0,0,0,0,0,2,1,3,0,0,0,0,0,0,0,3,
2016,63,0,Total,,,DAR,,Total,200:00,81,12,29,14,31,15,16,12,20,32,14,4,13,2,5,23,15,72,
2016,64,1,P006614   ,1.0,1.0,PAN,0,"SINGLETON, CHRIS",35:29,14,2,5,2,2,4,5,2,7,9,0,0,0,2,0,4,5,22,2.0
2016,64,1,P003482   ,0.0,0.0,PAN,2,"NICHOLS, DEMETRIS",13:26,0,0,1,0,2,0,0,0,1,1,0,0,1,0,0,0,0,-3,-5.0
2016,64,1,P002429   ,1.0,1.0,PAN,3,"RIVERS, K.C.",32:27,14,1,4,4,5,0,0,1,1,2,2,1,1,0,0,3,1,12,3.0
2016,64,1,P003240   ,0.0,0.0,PAN,7,"BOCHORIDIS, ELEFTHERIOS",01:16,0,0,0,0,0,0,0,0,0,0,0,0,0,0,0,0,0,0,-1.0
2016,64,1,P001142   ,0.0,0.0,PAN,8,"CALATHES, PAT",DNP,0,0,0,0,0,0,0,0,0,0,0,0,0,0,0,0,0,0,0.0
2016,64,1,PBEZ      ,1.0,1.0,PAN,9,"FOTSIS, ANTONIS",28:05,13,2,3,2,4,3,3,4,4,8,0,0,1,0,0,1,1,17,12.0
2016,64,1,P000464   ,0.0,0.0,PAN,11,"PAPPAS, NIKOS",15:35,9,3,4,0,0,3,4,0,3,3,1,0,3,0,0,1,3,10,-11.0
2016,64,1,P005918   ,1.0,0.0,PAN,12,"FELDEINE, JAMES",27:26,3,0,2,1,4,0,0,0,2,2,2,1,2,0,0,5,1,-3,4.0
2016,64,1,P004218   ,0.0,0.0,PAN,15,"CHARALAMPOPOULOS, VASILIS",DNP,0,0,0,0,0,0,0,0,0,0,0,0,0,0,0,0,0,0,0.0
2016,64,1,P006302   ,0.0,0.0,PAN,20,"LOUNTZIS, MICHALIS",DNP,0,0,0,0,0,0,0,0,0,0,0,0,0,0,0,0,0,0,0.0
2016,64,1,PAQU      ,0.0,1.0,PAN,29,"BOUROUSIS, IOANNIS",13:14,8,1,2,1,2,3,6,0,3,3,1,0,1,1,0,3,4,8,-11.0
2016,64,1,P001932   ,1.0,1.0,PAN,33,"CALATHES, NICK",33:02,16,5,7,1,4,3,4,0,0,0,9,1,1,1,0,3,5,22,-3.0
2016,64,1,Team,0.0,0.0,PAN,,Team,,0,0,0,0,0,0,0,0,2,2,0,0,0,0,0,0,0,2,
2016,64,1,Total,,,PAN,,Total,200:00,77,14,28,11,23,16,22,7,23,30,15,3,10,4,0,20,20,87,
2016,64,0,P005159   ,0.0,0.0,OLY,1,"GREEN, ERICK",19:28,4,2,3,0,1,0,0,0,2,2,0,2,1,0,0,1,1,5,8.0
2016,64,0,P007182   ,1.0,0.0,OLY,2,"BIRCH, KHEM",21:50,8,4,6,0,0,0,0,1,5,6,1,0,0,0,1,2,3,13,-11.0
2016,64,0,P005984   ,0.0,0.0,OLY,4,"YOUNG, PATRIC",08:06,0,0,2,0,0,0,0,0,0,0,0,0,0,0,1,1,3,-1,10.0
2016,64,0,P005161   ,0.0,1.0,OLY,6,"PAPAPETROU, IOANNIS",17:18,7,2,3,1,3,0,0,1,1,2,0,1,0,0,0,1,0,6,5.0
2016,64,0,PJUO      ,1.0,0.0,OLY,7,"SPANOULIS, VASSILIS",27:55,22,3,5,4,6,4,5,0,0,0,8,0,2,0,2,3,6,24,2.0
2016,64,0,P003941   ,0.0,1.0,OLY,11,"MILUTINOV, NIKOLA",07:44,0,0,1,0,0,0,0,1,0,1,0,0,0,0,0,3,0,-3,-3.0
2016,64,0,PAMM      ,1.0,1.0,OLY,15,"PRINTEZIS, GEORGIOS",22:45,16,6,8,1,2,1,2,0,2,2,0,2,0,0,0,2,3,17,-2.0
2016,64,0,P001255   ,1.0,1.0,OLY,16,"PAPANIKOLAOU, KOSTAS",13:56,2,1,2,0,1,0,0,0,1,1,0,0,0,0,0,3,0,-2,6.0
2016,64,0,P003537   ,1.0,0.0,OLY,17,"MANTZARIS, VANGELIS",17:50,3,0,0,1,4,0,0,0,2,2,0,0,1,0,0,1,1,1,-1.0
2016,64,0,P001844   ,0.0,0.0,OLY,23,"HACKETT, DANIEL",20:18,11,2,4,2,3,1,2,0,1,1,3,1,0,0,0,1,2,13,-4.0
2016,64,0,P003608   ,0.0,1.0,OLY,24,"LOJESKI, MATT",22:50,6,0,2,2,3,0,0,1,1,2,1,0,0,0,0,2,1,5,0.0
2016,64,0,P004290   ,0.0,0.0,OLY,27,"ATHINAIOU, IOANNIS",DNP,0,0,0,0,0,0,0,0,0,0,0,0,0,0,0,0,0,0,0.0
2016,64,0,Team,0.0,0.0,OLY,,Team,,0,0,0,0,0,0,0,2,5,7,0,0,2,0,0,0,0,5,
2016,64,0,Total,,,OLY,,Total,200:00,79,20,36,11,23,6,9,6,20,26,13,6,6,0,4,20,20,83,
2016,65,1,P005094   ,0.0,0.0,IST,1,"THOMAS, DESHAUN",14:39,6,0,5,1,4,3,4,3,2,5,0,0,1,1,1,2,2,1,14.0
2016,65,1,P005800   ,0.0,1.0,IST,2,"HONEYCUTT, TYLER",20:02,12,3,6,1,2,3,6,5,8,13,4,0,3,1,0,4,5,21,27.0
2016,65,1,P003521   ,0.0,0.0,IST,4,"BALBAY, DOGUS",DNP,0,0,0,0,0,0,0,0,0,0,0,0,0,0,0,0,0,0,0.0
2016,65,1,P004425   ,1.0,1.0,IST,5,"BROWN, DERRICK",32:31,20,6,8,0,1,8,8,1,8,9,4,0,0,3,0,2,7,38,14.0
2016,65,1,P004088   ,1.0,0.0,IST,6,"OSMAN, CEDI",19:58,12,0,0,3,3,3,3,1,1,2,0,1,1,0,0,1,1,14,-6.0
2016,65,1,P007121   ,1.0,1.0,IST,7,"COTTON, BRYCE",26:24,19,2,2,5,8,0,0,0,1,1,2,0,2,0,0,0,1,18,20.0
2016,65,1,P007122   ,0.0,0.0,IST,9,"GEYIK, SAMET",DNP,0,0,0,0,0,0,0,0,0,0,0,0,0,0,0,0,0,0,0.0
2016,65,1,P005763   ,0.0,0.0,IST,10,"KORKMAZ, FURKAN",DNP,0,0,0,0,0,0,0,0,0,0,0,0,0,0,0,0,0,0,0.0
2016,65,1,P003024   ,1.0,0.0,IST,15,"GRANGER, JAYSON",24:47,5,1,3,1,3,0,0,0,1,1,5,0,1,0,0,2,1,5,-5.0
2016,65,1,P004222   ,0.0,0.0,IST,23,"OMIC, ALEN",09:50,2,1,3,0,0,0,0,1,0,1,1,0,1,0,0,2,0,-1,2.0
2016,65,1,PKLT      ,0.0,1.0,IST,31,"HEURTEL, THOMAS",28:49,17,6,10,1,4,2,2,0,3,3,7,3,4,0,0,1,5,23,27.0
2016,65,1,P003048   ,1.0,1.0,IST,42,"DUNSTON, BRYANT",23:00,7,2,7,0,0,3,5,4,4,8,1,2,4,3,0,3,3,10,12.0
2016,65,1,Team,0.0,0.0,IST,,Team,,0,0,0,0,0,0,0,3,3,6,0,0,0,0,0,0,0,6,
2016,65,1,Total,,,IST,,Total,200:00,100,21,44,12,25,22,28,18,31,49,24,6,17,8,1,17,25,135,
2016,65,0,P006555   ,0.0,0.0,RED,0,"WOLTERS, NATE",11:02,8,2,3,1,3,1,1,0,0,0,0,0,1,0,0,4,1,1,-13.0
2016,65,0,P005942   ,1.0,1.0,RED,6,"DANGUBIC, NEMANJA",17:34,2,1,2,0,2,0,0,1,1,2,1,0,1,0,0,1,1,1,-21.0
2016,65,0,PLUO      ,0.0,0.0,RED,10,"LAZIC, BRANKO",20:02,2,1,2,0,3,0,0,1,0,1,3,0,0,0,1,5,1,-3,-3.0
2016,65,0,P005618   ,1.0,1.0,RED,12,"SIMANIC, BORISA",10:19,2,1,2,0,1,0,0,1,2,3,1,0,0,0,1,1,0,2,-6.0
2016,65,0,P004007   ,0.0,0.0,RED,13,"DOBRIC, OGNJEN",DNP,0,0,0,0,0,0,0,0,0,0,0,0,0,0,0,0,0,0,0.0
2016,65,0,PLRU      ,0.0,0.0,RED,19,"SIMONOVIC, MARKO",26:41,9,3,5,1,6,0,0,1,1,2,2,0,1,0,0,2,0,3,-10.0
2016,65,0,P007395   ,0.0,0.0,RED,20,"RAKICEVIC, PETAR",DNP,0,0,0,0,0,0,0,0,0,0,0,0,0,0,0,0,0,0,0.0
2016,65,0,P005014   ,1.0,1.0,RED,22,"JENKINS, CHARLES",27:12,20,4,7,3,3,3,3,0,1,1,0,3,0,0,3,0,3,21,-12.0
2016,65,0,P004004   ,0.0,1.0,RED,23,"GUDURIC, MARKO",21:33,14,1,3,2,5,6,6,0,4,4,1,0,1,0,1,3,4,13,-14.0
2016,65,0,P004863   ,1.0,0.0,RED,24,"JOVIC, STEFAN",26:20,7,1,2,0,2,5,6,0,2,2,7,4,1,0,0,3,4,16,-5.0
2016,65,0,P003479   ,1.0,0.0,RED,32,"KUZMIC, OGNJEN",17:04,6,2,3,0,0,2,2,0,6,6,1,0,4,0,0,2,1,7,-12.0
2016,65,0,PCHX      ,0.0,1.0,RED,51,"BJELICA, MILKO",22:13,9,2,6,1,4,2,2,0,1,1,0,2,0,1,2,4,2,2,-9.0
2016,65,0,Team,0.0,0.0,RED,,Team,,0,0,0,0,0,0,0,2,1,3,0,0,0,0,0,0,0,3,
2016,65,0,Total,,,RED,,Total,200:00,79,18,35,8,29,19,20,6,19,25,16,9,9,1,8,25,17,66,
2016,66,1,P004418   ,0.0,1.0,MIL,1,"MCLEAN, JAMEL",22:23,15,5,9,0,1,5,6,5,3,8,1,0,0,0,0,2,6,22,6.0
2016,66,1,P004499   ,0.0,0.0,MIL,2,"FONTECCHIO, SIMONE",DNP,0,0,0,0,0,0,0,0,0,0,0,0,0,0,0,0,0,0,0.0
2016,66,1,P000880   ,1.0,1.0,MIL,5,"GENTILE, ALESSANDRO",26:11,5,2,4,0,3,1,2,1,3,4,0,0,3,0,0,3,3,0,-13.0
2016,66,1,P004159   ,1.0,1.0,MIL,7,"HICKMAN, RICKY",23:35,6,1,4,1,3,1,2,0,1,1,4,1,3,0,1,1,2,3,-13.0
2016,66,1,PJBX      ,0.0,0.0,MIL,9,"KALNIETIS, MANTAS",16:25,2,1,3,0,2,0,0,1,3,4,6,1,1,0,0,0,0,8,4.0
2016,66,1,P003514   ,1.0,0.0,MIL,12,"DRAGIC, ZORAN",19:37,3,1,1,0,2,1,2,1,0,1,1,1,1,0,0,3,4,3,-8.0
2016,66,1,PJEA      ,1.0,0.0,MIL,13,"MACVAN, MILAN",18:19,5,1,2,1,2,0,0,0,6,6,0,0,2,0,1,4,0,2,-15.0
2016,66,1,P006385   ,1.0,0.0,MIL,14,"PASCOLO, DAVIDE",09:29,4,2,3,0,0,0,0,2,1,3,0,0,0,0,0,3,0,3,-7.0
2016,66,1,P005001   ,0.0,1.0,MIL,21,"SANDERS, RAKIM",29:49,17,5,12,2,4,1,1,2,3,5,2,1,2,1,2,3,2,12,-2.0
2016,66,1,P003527   ,0.0,0.0,MIL,23,"ABASS, AWUDU",07:33,2,1,2,0,1,0,0,0,0,0,0,0,0,0,0,1,1,0,-1.0
2016,66,1,P002081   ,0.0,0.0,MIL,30,"CERELLA, BRUNO",DNP,0,0,0,0,0,0,0,0,0,0,0,0,0,0,0,0,0,0,0.0
2016,66,1,PCPR      ,0.0,1.0,MIL,43,"SIMON, KRUNOSLAV",26:39,11,1,4,2,5,3,3,1,1,2,2,3,2,0,0,3,4,11,4.0
2016,66,1,Team,0.0,0.0,MIL,,Team,,0,0,0,0,0,0,0,3,0,3,0,0,1,0,0,0,0,2,
2016,66,1,Total,,,MIL,,Total,200:00,70,20,44,6,23,12,16,16,21,37,16,7,15,1,4,23,22,66,
2016,66,0,PLIM      ,0.0,0.0,ULK,5,"HERSEK, BARIS",DNP,0,0,0,0,0,0,0,0,0,0,0,0,0,0,0,0,0,0,0.0
2016,66,0,P006503   ,0.0,1.0,ULK,8,"UDOH, EKPE",33:57,11,4,7,0,0,3,5,3,3,6,1,0,1,3,0,0,4,19,5.0
2016,66,0,P002969   ,1.0,0.0,ULK,10,"MAHMUTOGLU, MELIH",08:16,0,0,0,0,2,0,0,0,1,1,0,0,2,0,0,1,0,-4,1.0
2016,66,0,PBAE      ,1.0,0.0,ULK,12,"ANTIC, PERO",18:14,7,1,1,1,6,2,2,1,2,3,1,1,1,0,0,3,1,4,-5.0
2016,66,0,P001926   ,1.0,0.0,ULK,16,"SLOUKAS, KOSTAS",34:59,18,5,7,2,4,2,3,1,6,7,4,0,1,0,0,4,6,25,10.0
2016,66,0,P007400   ,0.0,1.0,ULK,21,"NUNNALLY, JAMES WILLIAM",06:51,2,1,3,0,1,0,0,2,0,2,1,0,1,0,0,2,0,-1,-3.0
2016,66,0,P007423   ,0.0,0.0,ULK,22,"MINCHEV, YORDAN",DNP,0,0,0,0,0,0,0,0,0,0,0,0,0,0,0,0,0,0,0.0
2016,66,0,P003783   ,0.0,0.0,ULK,23,"UGURLU, BERK",DNP,0,0,0,0,0,0,0,0,0,0,0,0,0,0,0,0,0,0,0.0
2016,66,0,P000925   ,1.0,0.0,ULK,24,"VESELY, JAN",22:42,4,2,3,0,0,0,2,1,3,4,0,1,2,1,0,5,2,2,12.0
2016,66,0,P004866   ,1.0,1.0,ULK,33,"KALINIC, NIKOLA",25:10,13,5,6,1,2,0,0,1,3,4,1,2,2,0,0,3,2,15,17.0
2016,66,0,P001324   ,0.0,1.0,ULK,35,"DIXON, BOBBY",28:34,14,3,4,2,6,2,2,0,1,1,3,3,3,0,0,1,4,16,8.0
2016,66,0,PCCD      ,0.0,1.0,ULK,70,"DATOME, LUIGI",21:17,10,1,5,1,1,5,5,1,3,4,0,0,1,0,1,3,3,8,0.0
2016,66,0,Team,0.0,0.0,ULK,,Team,,0,0,0,0,0,0,0,0,1,1,0,0,0,0,0,0,0,1,
2016,66,0,Total,,,ULK,,Total,200:00,79,22,36,7,22,14,19,10,23,33,11,7,14,4,1,22,22,85,
2016,67,1,P005159   ,0.0,1.0,OLY,1,"GREEN, ERICK",20:27,10,1,4,2,4,2,4,0,2,2,2,0,1,0,0,1,2,7,5.0
2016,67,1,P007182   ,1.0,0.0,OLY,2,"BIRCH, KHEM",21:26,8,3,4,0,0,2,2,1,7,8,1,1,0,2,0,2,3,20,-7.0
2016,67,1,P005984   ,0.0,0.0,OLY,4,"YOUNG, PATRIC",07:03,2,1,1,0,0,0,0,1,0,1,0,1,1,0,0,1,0,2,0.0
2016,67,1,P005161   ,0.0,0.0,OLY,6,"PAPAPETROU, IOANNIS",24:28,7,1,1,1,4,2,4,1,4,5,2,1,0,0,0,2,2,10,4.0
2016,67,1,PJUO      ,1.0,1.0,OLY,7,"SPANOULIS, VASSILIS",26:57,14,5,7,0,6,4,6,0,3,3,4,1,4,0,1,4,6,9,-6.0
2016,67,1,P003941   ,0.0,0.0,OLY,11,"MILUTINOV, NIKOLA",05:41,0,0,0,0,0,0,0,2,1,3,0,0,0,0,0,1,1,3,-8.0
2016,67,1,PAMM      ,1.0,0.0,OLY,15,"PRINTEZIS, GEORGIOS",13:46,4,2,5,0,3,0,0,1,1,2,0,0,0,0,0,0,0,0,-15.0
2016,67,1,P001255   ,1.0,1.0,OLY,16,"PAPANIKOLAOU, KOSTAS",18:05,4,1,4,0,4,2,2,2,1,3,1,1,0,0,1,2,2,1,-3.0
2016,67,1,P003537   ,1.0,1.0,OLY,17,"MANTZARIS, VANGELIS",21:12,3,0,1,1,5,0,0,1,0,1,0,0,1,0,0,2,0,-4,-10.0
2016,67,1,P001844   ,0.0,0.0,OLY,23,"HACKETT, DANIEL",17:45,6,2,4,0,3,2,3,0,0,0,1,0,0,0,1,2,3,1,2.0
2016,67,1,P003608   ,0.0,1.0,OLY,24,"LOJESKI, MATT",23:10,15,4,6,2,4,1,1,0,4,4,1,1,1,0,0,1,4,19,3.0
2016,67,1,P004290   ,0.0,0.0,OLY,27,"ATHINAIOU, IOANNIS",DNP,0,0,0,0,0,0,0,0,0,0,0,0,0,0,0,0,0,0,0.0
2016,67,1,Team,0.0,0.0,OLY,,Team,,0,0,0,0,0,0,0,1,2,3,0,0,0,0,0,0,0,3,
2016,67,1,Total,,,OLY,,Total,200:00,73,20,37,6,33,15,22,10,25,35,12,6,8,2,3,18,23,71,
2016,67,0,P004903   ,1.0,1.0,TEL,0,"GOUDELOCK, ANDREW",19:09,12,3,7,1,4,3,4,1,0,1,2,0,0,0,0,3,2,6,-2.0
2016,67,0,P006536   ,0.0,1.0,TEL,3,"RUDD, VICTOR",28:07,6,2,6,0,0,2,4,2,6,8,1,0,0,1,0,2,3,11,1.0
2016,67,0,P004862   ,1.0,1.0,TEL,4,"SEELEY, D.J.",31:04,19,1,4,5,8,2,2,1,2,3,3,1,0,0,0,3,3,20,8.0
2016,67,0,P001274   ,1.0,1.0,TEL,6,"SMITH, DEVIN",29:33,10,2,5,2,4,0,0,1,9,10,3,2,1,1,0,2,1,19,9.0
2016,67,0,P002753   ,0.0,0.0,TEL,8,"YIVZORI, DAGAN",DNP,0,0,0,0,0,0,0,0,0,0,0,0,0,0,0,0,0,0,0.0
2016,67,0,PKJP      ,0.0,0.0,TEL,9,"MEKEL, GAL",DNP,0,0,0,0,0,0,0,0,0,0,0,0,0,0,0,0,0,0,0.0
2016,67,0,PLKX      ,0.0,0.0,TEL,10,"PNINI, GUY",04:34,0,0,1,0,0,0,0,0,1,1,0,0,0,0,0,1,0,-1,0.0
2016,67,0,P000622   ,0.0,0.0,TEL,12,"OHAYON, YOGEV",16:32,2,1,2,0,1,0,0,0,2,2,0,1,0,0,1,3,0,-1,2.0
2016,67,0,P003443   ,1.0,1.0,TEL,13,"WEEMS, SONNY",33:43,12,6,8,0,3,0,0,0,5,5,6,0,6,0,1,2,1,10,6.0
2016,67,0,P006195   ,0.0,0.0,TEL,23,"ALEXANDER, JOE",04:15,2,1,1,0,0,0,0,0,1,1,0,0,1,0,0,2,0,0,3.0
2016,67,0,P005154   ,1.0,0.0,TEL,24,"IVERSON, COLTON",19:26,14,6,6,0,0,2,2,1,7,8,0,1,2,1,0,4,5,23,12.0
2016,67,0,P004183   ,0.0,0.0,TEL,33,"ZIRBES, MAIK",13:37,3,1,4,0,0,1,2,1,1,2,0,0,1,0,0,2,3,1,-4.0
2016,67,0,Team,0.0,0.0,TEL,,Team,,0,0,0,0,0,0,0,1,1,2,0,0,0,0,0,0,0,2,
2016,67,0,Total,,,TEL,,Total,200:00,80,23,44,8,20,10,14,8,35,43,15,5,11,3,2,24,18,90,
2016,68,1,P005757   ,0.0,1.0,MAD,3,"RANDOLPH, ANTHONY",24:12,8,4,6,0,2,0,0,0,4,4,2,0,0,4,0,0,1,15,4.0
2016,68,1,P002946   ,0.0,0.0,MAD,4,"DRAPER, DONTAYE",09:05,0,0,0,0,0,0,0,0,2,2,3,1,0,0,0,1,2,7,-6.0
2016,68,1,PBMT      ,0.0,1.0,MAD,5,"FERNANDEZ, RUDY",30:17,12,2,4,2,5,2,2,0,7,7,3,0,2,0,0,3,2,14,18.0
2016,68,1,PAPR      ,0.0,0.0,MAD,6,"NOCIONI, ANDRES",03:51,3,0,1,1,2,0,0,0,0,0,0,0,0,0,0,2,0,-1,1.0
2016,68,1,P005929   ,1.0,1.0,MAD,7,"DONCIC, LUKA",09:08,0,0,0,0,1,0,0,1,1,2,3,0,1,0,0,3,0,0,1.0
2016,68,1,PJCC      ,1.0,0.0,MAD,8,"MACIULIS, JONAS",20:00,9,3,6,1,2,0,1,2,1,3,1,2,0,1,0,1,2,12,6.0
2016,68,1,PAAX      ,1.0,1.0,MAD,9,"REYES, FELIPE",18:27,16,3,5,1,2,7,7,3,2,5,1,0,0,0,0,2,7,24,13.0
2016,68,1,P005927   ,1.0,0.0,MAD,14,"AYON, GUSTAVO",12:04,6,3,4,0,0,0,0,2,2,4,2,1,2,0,0,3,2,9,8.0
2016,68,1,P001960   ,0.0,1.0,MAD,20,"CARROLL, JAYCEE",20:00,11,2,3,2,4,1,1,1,1,2,1,0,1,0,0,1,1,10,8.0
2016,68,1,P005160   ,0.0,0.0,MAD,21,"HUNTER, OTHELLO",21:26,10,5,10,0,0,0,0,2,2,4,1,0,0,1,1,4,2,8,2.0
2016,68,1,PTGB      ,1.0,0.0,MAD,23,"LLULL, SERGIO",31:30,14,2,10,2,7,4,5,0,3,3,7,0,1,1,0,2,3,11,15.0
2016,68,1,P006546   ,0.0,0.0,MAD,44,"TAYLOR, JEFFERY",DNP,0,0,0,0,0,0,0,0,0,0,0,0,0,0,0,0,0,0,0.0
2016,68,1,Team,0.0,0.0,MAD,,Team,,0,0,0,0,0,0,0,2,0,2,0,0,0,0,0,0,0,2,
2016,68,1,Total,,,MAD,,Total,200:00,89,24,49,9,25,14,16,13,25,38,24,4,7,7,1,22,22,111,
2016,68,0,P005815   ,0.0,1.0,UNK,1,"JOHNSON, ORLANDO",12:15,5,1,3,1,3,0,0,2,1,3,0,0,0,0,2,2,0,0,-7.0
2016,68,0,P002026   ,0.0,1.0,UNK,2,"ANTIPOV, PAVEL",24:28,6,0,1,2,2,0,0,0,1,1,0,0,0,0,0,4,0,2,-7.0
2016,68,0,P001887   ,1.0,1.0,UNK,5,"LANGFORD, KEITH",36:45,13,3,12,0,4,7,7,1,6,7,5,0,3,0,1,2,8,14,-11.0
2016,68,0,P003034   ,1.0,0.0,UNK,9,"PARAKHOUSKI, ARTSIOM",22:34,19,8,10,0,0,3,4,6,1,7,0,0,0,1,2,4,3,21,5.0
2016,68,0,P006533   ,1.0,0.0,UNK,10,"COLOM, QUINO",25:10,10,2,5,0,3,6,8,2,2,4,3,1,2,0,0,1,5,12,-9.0
2016,68,0,PATS      ,0.0,1.0,UNK,13,"BANIC, MARKO",22:34,12,6,7,0,0,0,0,0,3,3,0,0,1,0,0,2,2,13,-7.0
2016,68,0,P006594   ,0.0,0.0,UNK,19,"KARPUKHIN, ALEKSANDR",DNP,0,0,0,0,0,0,0,0,0,0,0,0,0,0,0,0,0,0,0.0
2016,68,0,PLSK      ,1.0,0.0,UNK,20,"PANIN, VADIM",21:22,0,0,2,0,2,0,0,0,2,2,0,0,2,0,1,2,1,-6,-8.0
2016,68,0,PJUP      ,1.0,0.0,UNK,21,"KAIMAKOGLOU, KOSTAS",21:06,5,1,2,0,2,3,4,0,2,2,3,0,1,0,1,4,2,2,-10.0
2016,68,0,P004259   ,0.0,1.0,UNK,22,"WILLIAMS, LATAVIOUS",13:46,5,2,4,0,0,1,2,1,0,1,0,1,0,0,0,1,1,4,-16.0
2016,68,0,P007051   ,0.0,0.0,UNK,28,"TUKMAKOV, AZAT",DNP,0,0,0,0,0,0,0,0,0,0,0,0,0,0,0,0,0,0,0.0
2016,68,0,Team,0.0,0.0,UNK,,Team,,0,0,0,0,0,0,0,2,2,4,0,0,2,0,0,0,0,2,
2016,68,0,Total,,,UNK,,Total,200:00,75,23,46,3,16,20,25,14,20,34,11,2,11,1,7,22,22,64,
2016,69,1,P006433   ,1.0,1.0,ZAL,3,"PANGOS, KEVIN",31:53,19,0,4,6,12,1,1,2,1,3,6,0,1,0,2,2,1,14,12.0
2016,69,1,P003210   ,0.0,0.0,ZAL,4,"LEKAVICIUS, LUKAS",08:07,6,3,5,0,0,0,0,0,0,0,1,0,0,0,0,3,2,4,2.0
2016,69,1,P004664   ,0.0,0.0,ZAL,6,"VALINSKAS, PAULIUS",DNP,0,0,0,0,0,0,0,0,0,0,0,0,0,0,0,0,0,0,0.0
2016,69,1,P002543   ,1.0,1.0,ZAL,9,"WESTERMANN, LEO",25:04,10,1,4,2,3,2,2,2,4,6,3,0,0,0,0,3,4,16,6.0
2016,69,1,PKNO      ,1.0,0.0,ZAL,10,"SEIBUTIS, RENALDAS",16:02,0,0,2,0,1,0,0,0,0,0,0,1,0,0,1,2,0,-5,-4.0
2016,69,1,P006599   ,0.0,1.0,ZAL,12,"MOTUM, BROCK",19:59,8,4,7,0,1,0,0,0,3,3,0,2,0,0,0,3,0,6,10.0
2016,69,1,PBWI      ,1.0,1.0,ZAL,13,"JANKUNAS, PAULIUS",29:40,23,5,11,1,2,10,10,2,7,9,1,0,4,0,1,3,7,25,15.0
2016,69,1,PBVE      ,0.0,0.0,ZAL,15,"JAVTOKAS, ROBERTAS",DNP,0,0,0,0,0,0,0,0,0,0,0,0,0,0,0,0,0,0,0.0
2016,69,1,PKPD      ,0.0,0.0,ZAL,21,"MILAKNIS, ARTURAS",17:57,4,0,0,1,3,1,2,1,0,1,2,0,1,0,1,2,2,2,5.0
2016,69,1,P001098   ,1.0,0.0,ZAL,23,"LIMA, AUGUSTO",16:31,7,3,5,0,0,1,1,5,3,8,0,1,0,2,1,2,3,16,7.0
2016,69,1,P000399   ,0.0,0.0,ZAL,44,"KAVALIAUSKAS, ANTANAS",05:57,2,1,2,0,0,0,0,0,1,1,1,0,1,0,1,1,1,1,0.0
2016,69,1,P002329   ,0.0,1.0,ZAL,92,"ULANOVAS, EDGARAS",28:50,7,1,2,1,2,2,2,2,1,3,3,0,3,0,0,2,1,7,17.0
2016,69,1,Team,0.0,0.0,ZAL,,Team,,0,0,0,0,0,0,0,5,1,6,0,0,1,0,0,0,0,5,
2016,69,1,Total,,,ZAL,,Total,200:00,86,18,42,11,24,17,18,19,21,40,17,4,11,2,7,23,21,91,
2016,69,0,P001392   ,1.0,1.0,BAM,1,"CAUSEUR, FABIEN",29:49,12,3,5,1,4,3,4,0,2,2,3,2,1,1,1,2,4,14,-18.0
2016,69,0,P002849   ,1.0,1.0,BAM,4,"MELLI, NICOLO",28:16,3,1,3,0,1,1,2,0,4,4,3,0,1,1,0,3,3,6,-8.0
2016,69,0,PABN      ,0.0,1.0,BAM,6,"ZISIS, NIKOS",23:28,10,3,4,0,1,4,4,0,2,2,3,0,2,0,0,3,2,10,-11.0
2016,69,0,P003703   ,0.0,0.0,BAM,7,"NIKOLIC, ALEKSEJ",DNP,0,0,0,0,0,0,0,0,0,0,0,0,0,0,0,0,0,0,0.0
2016,69,0,P002506   ,0.0,0.0,BAM,8,"STAIGER, LUCCA",DNP,0,0,0,0,0,0,0,0,0,0,0,0,0,0,0,0,0,0,0.0
2016,69,0,P004132   ,0.0,1.0,BAM,10,"THEIS, DANIEL",24:52,15,4,4,1,1,4,6,1,2,3,0,1,2,2,0,4,6,19,-5.0
2016,69,0,P007032   ,0.0,0.0,BAM,12,"LO, MAODO",13:53,6,3,5,0,1,0,0,0,2,2,0,0,0,0,0,0,2,7,-3.0
2016,69,0,P000046   ,1.0,0.0,BAM,13,"STRELNIEKS, JANIS",25:13,14,4,5,1,1,3,3,0,0,0,1,1,1,1,0,1,3,17,-17.0
2016,69,0,P006421   ,0.0,1.0,BAM,21,"MILLER, DARIUS",26:29,7,1,2,1,6,2,2,0,1,1,5,0,0,2,0,2,1,8,-5.0
2016,69,0,P004512   ,0.0,0.0,BAM,25,"KRATZER, LEON",DNP,0,0,0,0,0,0,0,0,0,0,0,0,0,0,0,0,0,0,0.0
2016,69,0,P006420   ,1.0,0.0,BAM,33,"HECKMANN, PATRICK",14:58,3,0,0,1,1,0,0,0,2,2,0,0,0,0,0,4,0,1,6.0
2016,69,0,PLEM      ,1.0,0.0,BAM,43,"RADOSEVIC, LEON",13:02,2,1,4,0,0,0,0,0,0,0,0,0,2,0,1,2,2,-4,-9.0
2016,69,0,Team,0.0,0.0,BAM,,Team,,0,0,0,0,0,0,0,1,4,5,0,0,0,0,0,0,0,5,
2016,69,0,Total,,,BAM,,Total,200:00,72,20,32,5,16,17,21,2,19,21,15,4,9,7,2,21,23,83,
2016,70,1,P001108   ,0.0,1.0,CSK,3,"KULAGIN, DMITRY",12:39,2,1,3,0,2,0,0,0,1,1,2,0,2,0,0,4,0,-5,21.0
2016,70,1,PJDR      ,1.0,0.0,CSK,4,"TEODOSIC, MILOS",29:51,34,6,10,5,6,7,7,0,2,2,10,1,0,0,2,2,5,43,14.0
2016,70,1,P001438   ,0.0,0.0,CSK,5,"AUGUSTINE, JAMES",24:35,13,5,6,0,0,3,3,3,7,10,0,0,0,1,0,3,2,22,29.0
2016,70,1,PLLH      ,0.0,0.0,CSK,7,"FRIDZON, VITALY",17:20,14,5,7,1,2,1,1,1,0,1,1,2,1,0,0,1,1,14,16.0
2016,70,1,P003413   ,1.0,1.0,CSK,9,"JACKSON, AARON",16:56,8,3,4,0,2,2,4,1,0,1,5,1,1,0,0,1,2,10,6.0
2016,70,1,P004941   ,0.0,1.0,CSK,11,"ANTONOV, SEMEN",05:07,3,0,0,1,1,0,0,1,0,1,0,1,1,0,0,1,0,3,9.0
2016,70,1,PLHI      ,1.0,1.0,CSK,20,"VORONTSEVICH, ANDREY",24:31,8,1,4,2,6,0,0,1,1,2,1,1,0,1,0,1,0,5,10.0
2016,70,1,P006450   ,0.0,0.0,CSK,22,"HIGGINS, CORY",14:14,8,1,5,0,0,6,6,0,2,2,4,0,2,0,2,2,3,7,6.0
2016,70,1,P002276   ,0.0,1.0,CSK,30,"KULAGIN, MIKHAIL",05:23,6,0,0,2,3,0,0,1,0,1,0,0,1,1,0,0,0,6,6.0
2016,70,1,PBCQ      ,0.0,0.0,CSK,31,"KHRYAPA, VICTOR",15:23,5,1,1,1,2,0,0,0,4,4,2,0,1,0,0,1,0,8,16.0
2016,70,1,PJLX      ,1.0,0.0,CSK,41,"KURBANOV, NIKITA",23:43,7,3,6,0,1,1,2,3,7,10,1,1,1,1,0,3,1,12,15.0
2016,70,1,P002812   ,1.0,0.0,CSK,42,"HINES, KYLE",10:18,4,1,2,0,0,2,4,1,0,1,0,0,2,0,1,3,2,-2,-8.0
2016,70,1,Team,0.0,0.0,CSK,,Team,,0,0,0,0,0,0,0,4,2,6,0,0,0,0,0,0,0,6,
2016,70,1,Total,,,CSK,,Total,200:00,112,27,48,12,25,22,27,16,26,42,26,7,12,4,5,22,16,129,
2016,70,0,P007200   ,1.0,0.0,BAS,0,"LARKIN, SHANE",31:27,18,2,7,4,6,2,2,1,0,1,2,1,1,2,1,3,4,16,-19.0
2016,70,0,PBWZ      ,1.0,0.0,BAS,1,"BARGNANI, ANDREA",24:28,8,2,6,1,4,1,2,0,3,3,1,0,1,1,1,1,2,4,-14.0
2016,70,0,P007201   ,1.0,1.0,BAS,7,"VOIGTMANN, JOHANNES",25:32,9,2,4,0,1,5,5,2,7,9,3,0,2,0,0,0,3,19,-18.0
2016,70,0,P005099   ,1.0,0.0,BAS,8,"HANGA, ADAM",31:21,12,2,4,2,3,2,2,1,0,1,2,2,0,1,1,1,4,17,-16.0
2016,70,0,P007230   ,0.0,1.0,BAS,9,"SEDEKERSKIS, TADAS",07:56,0,0,1,0,0,0,0,1,0,1,1,0,1,0,1,0,0,-1,-9.0
2016,70,0,P006590   ,0.0,1.0,BAS,10,"BEAUBOIS, RODRIGUE",25:33,19,7,10,1,3,2,2,0,2,2,1,0,2,1,0,4,1,13,-28.0
2016,70,0,P003452   ,0.0,1.0,BAS,11,"BLAZIC, JAKA",14:37,5,2,5,0,1,1,2,1,3,4,1,1,1,0,0,0,2,7,-11.0
2016,70,0,P003540   ,0.0,0.0,BAS,12,"DIOP, ILIMANE",02:16,0,0,1,0,0,0,0,0,0,0,0,0,0,0,0,0,0,-1,-1.0
2016,70,0,P002744   ,0.0,1.0,BAS,14,"TILLIE, KIM",11:16,0,0,1,0,0,0,0,0,0,0,0,1,1,0,0,1,0,-2,-10.0
2016,70,0,P001133   ,0.0,0.0,BAS,23,"SHENGELIA, TORNIKE",16:22,10,4,4,0,0,2,3,0,0,0,2,0,3,0,0,2,5,11,-13.0
2016,70,0,P007427   ,1.0,0.0,BAS,34,"BUDINGER, CHASE",05:06,3,0,0,1,2,0,0,0,1,1,0,0,0,0,0,1,0,2,9.0
2016,70,0,P001633   ,0.0,0.0,BAS,55,"LUZ, RAFA",04:06,0,0,0,0,0,0,0,0,0,0,0,0,0,0,0,3,1,-2,-10.0
2016,70,0,Team,0.0,0.0,BAS,,Team,,0,0,0,0,0,0,0,1,1,2,0,0,1,0,0,0,0,1,
2016,70,0,Total,,,BAS,,Total,200:00,84,21,43,9,20,15,18,7,17,24,13,5,13,5,4,16,22,84,
2016,71,1,PTFH      ,0.0,1.0,GAL,3,"PRELDZIC, EMIR",19:24,3,0,2,1,3,0,2,3,0,3,6,1,2,0,0,2,6,9,0.0
2016,71,1,P000529   ,1.0,1.0,GAL,5,"MICOV, VLADIMIR",33:35,15,3,8,3,8,0,0,1,6,7,1,1,0,0,1,3,2,12,18.0
2016,71,1,P004119   ,0.0,0.0,GAL,7,"TYUS, ALEX",14:39,12,5,6,0,0,2,4,4,1,5,0,0,1,0,0,4,2,11,3.0
2016,71,1,P004300   ,0.0,0.0,GAL,8,"KORKMAZ, CAN",DNP,0,0,0,0,0,0,0,0,0,0,0,0,0,0,0,0,0,0,0.0
2016,71,1,P003453   ,0.0,0.0,GAL,9,"THOMPSON, DEON",DNP,0,0,0,0,0,0,0,0,0,0,0,0,0,0,0,0,0,0,0.0
2016,71,1,P000357   ,1.0,0.0,GAL,10,"SCHILB, BLAKE",31:53,18,8,12,0,1,2,2,3,5,8,6,1,1,0,0,0,3,30,16.0
2016,71,1,PLHK      ,1.0,1.0,GAL,21,"PLEISS, TIBOR",24:38,4,2,5,0,0,0,0,2,9,11,0,0,2,3,1,2,0,10,9.0
2016,71,1,P003472   ,0.0,0.0,GAL,25,"DAYE, AUSTIN",10:01,2,1,2,0,2,0,0,0,1,1,1,0,0,0,0,0,0,1,0.0
2016,71,1,P000494   ,1.0,1.0,GAL,32,"GULER, SINAN",35:14,18,2,8,4,7,2,2,1,2,3,7,1,0,0,0,3,1,18,15.0
2016,71,1,P004997   ,0.0,1.0,GAL,33,"DIEBLER, JON",15:15,3,0,0,1,1,0,0,0,2,2,1,1,1,0,0,1,2,7,2.0
2016,71,1,P005193   ,0.0,0.0,GAL,55,"DENTMON, JUSTIN",DNP,0,0,0,0,0,0,0,0,0,0,0,0,0,0,0,0,0,0,0.0
2016,71,1,P002104   ,1.0,0.0,GAL,61,"KOKSAL, GOKSENIN",15:21,3,0,1,1,2,0,0,1,0,1,3,0,1,0,0,3,0,1,7.0
2016,71,1,Team,0.0,0.0,GAL,,Team,,0,0,0,0,0,0,0,3,0,3,0,0,1,0,0,0,0,2,
2016,71,1,Total,,,GAL,,Total,200:00,78,21,44,10,24,6,10,18,26,44,25,5,9,3,2,18,16,101,
2016,71,0,P003367   ,1.0,1.0,BAR,2,"RICE, TYRESE",35:43,22,5,12,3,7,3,3,0,1,1,4,2,1,0,2,2,3,16,-13.0
2016,71,0,P007434   ,0.0,0.0,BAR,3,"HOLMES, JONATHAN",08:31,4,1,1,0,1,2,2,1,0,1,0,0,1,0,0,3,2,2,4.0
2016,71,0,P001832   ,0.0,0.0,BAR,5,"DOELLMAN, JUSTIN",13:26,0,0,2,0,1,0,0,0,1,1,1,0,0,0,1,0,1,-1,-1.0
2016,71,0,P003508   ,0.0,0.0,BAR,6,"DORSEY, JOEY",19:44,7,3,5,0,0,1,4,5,5,10,0,2,1,0,0,2,2,13,4.0
2016,71,0,P000556   ,0.0,0.0,BAR,10,"CLAVER, VICTOR",07:35,0,0,0,0,0,0,0,0,0,0,1,0,1,0,0,2,0,-2,-4.0
2016,71,0,P003469   ,1.0,0.0,BAR,14,"VEZENKOV, ALEKSANDAR",13:57,4,2,3,0,2,0,0,0,2,2,1,1,0,0,0,0,0,5,-9.0
2016,71,0,P004588   ,0.0,0.0,BAR,16,"PENO, STEFAN",DNP,0,0,0,0,0,0,0,0,0,0,0,0,0,0,0,0,0,0,0.0
2016,71,0,P003151   ,0.0,1.0,BAR,20,"ERIKSSON, MARCUS",09:18,5,1,1,1,1,0,0,1,0,1,0,0,0,0,0,2,1,5,-1.0
2016,71,0,P001972   ,1.0,1.0,BAR,24,"OLESON, BRAD",34:18,7,2,5,0,2,3,3,0,3,3,0,1,0,0,0,1,2,7,-14.0
2016,71,0,P004178   ,0.0,0.0,BAR,25,"KOPONEN, PETTERI",15:20,4,1,1,0,2,2,2,0,0,0,2,0,2,0,0,1,1,2,-4.0
2016,71,0,PKRH      ,1.0,1.0,BAR,33,"PERPEROGLOU, STRATOS",21:52,9,3,5,1,1,0,0,1,3,4,0,0,1,0,0,2,1,9,-14.0
2016,71,0,P002507   ,1.0,1.0,BAR,44,"TOMIC, ANTE",20:16,2,1,5,0,0,0,4,1,2,3,2,0,1,2,0,1,5,4,-18.0
2016,71,0,Team,0.0,0.0,BAR,,Team,,0,0,0,0,0,0,0,2,3,5,0,0,1,0,0,0,0,4,
2016,71,0,Total,,,BAR,,Total,200:00,64,19,40,5,17,11,18,11,20,31,11,6,9,2,3,16,18,64,
2016,72,1,P006614   ,1.0,1.0,PAN,0,"SINGLETON, CHRIS",27:25,13,4,4,1,3,2,2,2,4,6,1,2,3,1,0,4,3,17,11.0
2016,72,1,P003482   ,1.0,1.0,PAN,2,"NICHOLS, DEMETRIS",22:43,7,1,2,1,1,2,2,0,3,3,2,0,0,2,0,3,1,11,-6.0
2016,72,1,P002429   ,0.0,1.0,PAN,3,"RIVERS, K.C.",23:52,13,2,4,3,5,0,0,0,3,3,0,1,0,0,0,4,1,10,11.0
2016,72,1,P005985   ,0.0,0.0,PAN,5,"JAMES, MIKE",17:05,7,3,6,0,2,1,2,0,0,0,3,1,0,0,1,1,2,5,-2.0
2016,72,1,P003240   ,0.0,0.0,PAN,7,"BOCHORIDIS, ELEFTHERIOS",DNP,0,0,0,0,0,0,0,0,0,0,0,0,0,0,0,0,0,0,0.0
2016,72,1,PBEZ      ,1.0,0.0,PAN,9,"FOTSIS, ANTONIS",10:00,3,0,0,1,1,0,0,2,1,3,0,0,1,0,0,3,1,3,0.0
2016,72,1,P000464   ,0.0,1.0,PAN,11,"PAPPAS, NIKOS",24:56,12,3,6,2,4,0,0,0,3,3,2,0,0,0,0,2,1,11,5.0
2016,72,1,P005918   ,1.0,0.0,PAN,12,"FELDEINE, JAMES",10:40,0,0,1,0,1,0,2,0,0,0,1,0,1,0,0,1,2,-3,3.0
2016,72,1,P004218   ,0.0,0.0,PAN,15,"CHARALAMPOPOULOS, VASILIS",DNP,0,0,0,0,0,0,0,0,0,0,0,0,0,0,0,0,0,0,0.0
2016,72,1,P005881   ,0.0,0.0,PAN,21,"GABRIEL, KENNY",12:27,2,1,1,0,1,0,0,1,1,2,1,0,0,1,0,1,0,4,9.0
2016,72,1,PAQU      ,0.0,0.0,PAN,29,"BOUROUSIS, IOANNIS",17:25,18,2,3,0,2,14,18,4,1,5,2,0,0,1,0,4,13,28,-2.0
2016,72,1,P001932   ,1.0,1.0,PAN,33,"CALATHES, NICK",33:27,11,4,12,1,4,0,1,1,6,7,5,1,0,0,2,2,2,10,1.0
2016,72,1,Team,0.0,0.0,PAN,,Team,,0,0,0,0,0,0,0,1,1,2,0,0,2,0,0,0,0,0,
2016,72,1,Total,,,PAN,,Total,200:00,86,20,39,9,24,19,27,11,23,34,17,5,7,5,3,25,26,96,
2016,72,0,P006661   ,0.0,1.0,DAR,1,"WILBEKIN, SCOTTIE",25:30,8,2,4,1,2,1,3,1,3,4,7,1,1,0,1,1,2,14,-3.0
2016,72,0,PARN      ,0.0,0.0,DAR,3,"ARSLAN, ENDER",DNP,0,0,0,0,0,0,0,0,0,0,0,0,0,0,0,0,0,0,0.0
2016,72,0,P006641   ,0.0,0.0,DAR,7,"TUREN, METIN",DNP,0,0,0,0,0,0,0,0,0,0,0,0,0,0,0,0,0,0,0.0
2016,72,0,P004170   ,1.0,0.0,DAR,8,"BATUK, BIRKAN",17:08,0,0,0,0,2,0,0,0,2,2,0,0,0,0,0,2,0,-2,-14.0
2016,72,0,PJYB      ,0.0,0.0,DAR,9,"ERDEN, SEMIH",10:21,5,2,3,0,0,1,4,1,3,4,0,0,1,0,0,4,2,2,8.0
2016,72,0,P005838   ,1.0,1.0,DAR,11,"WANAMAKER, BRAD",35:24,19,5,12,1,1,6,7,1,3,4,3,1,5,0,1,3,5,15,-8.0
2016,72,0,P004888   ,1.0,1.0,DAR,12,"CLYBURN, WILL",40:00,26,11,20,0,1,4,5,6,3,9,1,1,3,1,2,1,5,26,-6.0
2016,72,0,P003328   ,0.0,0.0,DAR,19,"ALDEMIR, FURKAN",16:32,2,1,2,0,0,0,0,1,1,2,0,0,0,1,0,4,1,1,-1.0
2016,72,0,PJPF      ,0.0,0.0,DAR,21,"SAVAS, OGUZ",04:18,0,0,2,0,0,0,0,0,2,2,1,0,1,0,0,3,0,-3,-6.0
2016,72,0,P005938   ,1.0,1.0,DAR,23,"ANDERSON, JAMES",25:47,16,3,8,3,5,1,3,2,5,7,0,0,1,0,1,4,4,12,-1.0
2016,72,0,P000659   ,1.0,1.0,DAR,44,"SLAUGHTER, MARCUS",08:50,0,0,1,0,0,0,0,1,0,1,0,0,0,1,0,2,1,0,-7.0
2016,72,0,P000436   ,0.0,0.0,DAR,45,"BERTANS, DAIRIS",16:10,4,0,0,0,0,4,6,0,2,2,1,0,0,0,0,2,4,7,8.0
2016,72,0,Team,0.0,0.0,DAR,,Team,,0,0,0,0,0,0,0,3,2,5,0,0,0,0,0,0,0,5,
2016,72,0,Total,,,DAR,,Total,200:00,80,24,52,5,11,17,28,16,26,42,13,3,12,3,5,26,24,77,
2016,73,1,P001392   ,1.0,1.0,BAM,1,"CAUSEUR, FABIEN",21:32,12,1,1,2,2,4,5,0,1,1,4,0,3,0,0,3,3,13,3.0
2016,73,1,P002849   ,1.0,1.0,BAM,4,"MELLI, NICOLO",37:34,26,5,6,3,4,7,8,0,5,5,2,0,1,3,0,2,7,37,4.0
2016,73,1,PABN      ,1.0,0.0,BAM,6,"ZISIS, NIKOS",28:14,8,1,3,2,3,0,0,0,3,3,7,0,2,0,0,5,4,12,-5.0
2016,73,1,P002506   ,0.0,0.0,BAM,8,"STAIGER, LUCCA",DNP,0,0,0,0,0,0,0,0,0,0,0,0,0,0,0,0,0,0,0.0
2016,73,1,P004132   ,0.0,1.0,BAM,10,"THEIS, DANIEL",22:35,19,7,8,0,0,5,5,3,6,9,0,0,2,1,0,4,3,25,-3.0
2016,73,1,P007032   ,0.0,0.0,BAM,12,"LO, MAODO",03:59,2,1,1,0,2,0,0,0,0,0,0,0,0,0,0,1,0,-1,-8.0
2016,73,1,P000046   ,0.0,0.0,BAM,13,"STRELNIEKS, JANIS",27:46,11,2,3,1,3,4,5,0,4,4,4,0,2,0,0,2,3,14,4.0
2016,73,1,PLLM      ,0.0,0.0,BAM,14,"VEREMEENKO, VLADIMIR",01:35,0,0,0,0,0,0,0,0,1,1,0,0,0,0,0,1,0,0,-4.0
2016,73,1,P005460   ,0.0,0.0,BAM,20,"HARRIS, ELIAS",02:26,0,0,0,0,0,0,0,0,0,0,0,0,0,1,0,1,0,0,-6.0
2016,73,1,P006421   ,1.0,1.0,BAM,21,"MILLER, DARIUS",32:58,8,1,3,2,5,0,0,0,5,5,7,0,3,0,0,4,2,10,6.0
2016,73,1,P006420   ,0.0,0.0,BAM,33,"HECKMANN, PATRICK",08:17,0,0,0,0,0,0,0,0,0,0,1,0,1,0,0,0,0,0,-5.0
2016,73,1,PLEM      ,1.0,1.0,BAM,43,"RADOSEVIC, LEON",13:04,2,0,3,0,0,2,4,1,1,2,1,1,2,0,0,2,5,2,4.0
2016,73,1,Team,0.0,0.0,BAM,,Team,,0,0,0,0,0,0,0,0,0,0,0,0,0,0,0,0,0,0,
2016,73,1,Total,,,BAM,,Total,200:00,88,18,28,10,19,22,27,4,26,30,26,1,16,5,0,25,27,112,
2016,73,0,P001108   ,0.0,0.0,CSK,3,"KULAGIN, DMITRY",01:59,1,0,0,0,0,1,2,0,0,0,0,0,0,0,0,1,1,0,1.0
2016,73,0,PJDR      ,0.0,1.0,CSK,4,"TEODOSIC, MILOS",32:44,31,2,8,7,13,6,6,0,1,1,8,0,2,0,2,4,6,26,3.0
2016,73,0,P001438   ,0.0,0.0,CSK,5,"AUGUSTINE, JAMES",18:25,6,3,4,0,0,0,1,2,5,7,0,1,0,0,0,3,2,11,2.0
2016,73,0,PLLH      ,1.0,1.0,CSK,7,"FRIDZON, VITALY",18:33,9,4,5,0,1,1,1,1,1,2,0,4,1,0,0,3,3,12,3.0
2016,73,0,P003413   ,1.0,0.0,CSK,9,"JACKSON, AARON",19:30,4,2,5,0,1,0,0,0,1,1,2,1,0,0,0,4,0,0,-10.0
2016,73,0,P004941   ,0.0,0.0,CSK,11,"ANTONOV, SEMEN",01:35,2,0,0,0,0,2,2,1,0,1,0,0,0,0,0,0,1,4,4.0
2016,73,0,PLHI      ,1.0,1.0,CSK,20,"VORONTSEVICH, ANDREY",26:17,15,3,6,2,3,3,6,1,4,5,3,1,0,0,1,2,4,18,1.0
2016,73,0,P006450   ,1.0,1.0,CSK,22,"HIGGINS, CORY",27:21,6,1,3,1,4,1,2,0,1,1,3,2,1,0,0,4,1,2,14.0
2016,73,0,P002276   ,0.0,0.0,CSK,30,"KULAGIN, MIKHAIL",00:03,0,0,0,0,0,0,0,0,0,0,0,0,0,0,0,0,0,0,2.0
2016,73,0,PBCQ      ,0.0,0.0,CSK,31,"KHRYAPA, VICTOR",13:40,6,2,2,0,2,2,2,1,1,2,0,0,1,0,0,1,1,5,-1.0
2016,73,0,PJLX      ,0.0,0.0,CSK,41,"KURBANOV, NIKITA",20:01,1,0,1,0,1,1,2,1,3,4,2,0,0,0,1,2,1,2,-5.0
2016,73,0,P002812   ,1.0,1.0,CSK,42,"HINES, KYLE",19:52,9,3,6,0,0,3,4,3,1,4,3,2,4,0,1,3,5,11,-4.0
2016,73,0,Team,0.0,0.0,CSK,,Team,,0,0,0,0,0,0,0,3,0,3,0,0,0,0,0,0,0,3,
2016,73,0,Total,,,CSK,,Total,200:00,90,20,40,10,25,20,28,13,18,31,21,11,9,0,5,27,25,94,
2016,74,1,PLIM      ,0.0,0.0,ULK,5,"HERSEK, BARIS",DNP,0,0,0,0,0,0,0,0,0,0,0,0,0,0,0,0,0,0,0.0
2016,74,1,P006503   ,1.0,1.0,ULK,8,"UDOH, EKPE",34:52,14,7,11,0,0,0,1,2,8,10,4,0,3,1,0,2,3,22,5.0
2016,74,1,P002969   ,0.0,0.0,ULK,10,"MAHMUTOGLU, MELIH",DNP,0,0,0,0,0,0,0,0,0,0,0,0,0,0,0,0,0,0,0.0
2016,74,1,P001926   ,0.0,0.0,ULK,16,"SLOUKAS, KOSTAS",27:53,11,2,4,2,3,1,1,0,1,1,6,1,2,0,1,5,2,10,-3.0
2016,74,1,P007400   ,1.0,1.0,ULK,21,"NUNNALLY, JAMES WILLIAM",32:05,18,4,5,3,4,1,2,0,5,5,2,1,1,0,0,2,2,22,12.0
2016,74,1,P007423   ,0.0,0.0,ULK,22,"MINCHEV, YORDAN",DNP,0,0,0,0,0,0,0,0,0,0,0,0,0,0,0,0,0,0,0.0
2016,74,1,P003783   ,0.0,0.0,ULK,23,"UGURLU, BERK",DNP,0,0,0,0,0,0,0,0,0,0,0,0,0,0,0,0,0,0,0.0
2016,74,1,P000925   ,1.0,1.0,ULK,24,"VESELY, JAN",27:23,11,3,9,0,0,5,7,2,1,3,2,0,1,0,0,2,7,12,-6.0
2016,74,1,P004866   ,1.0,1.0,ULK,33,"KALINIC, NIKOLA",25:57,10,2,4,2,5,0,0,0,7,7,2,0,1,0,0,0,1,14,0.0
2016,74,1,P001324   ,1.0,0.0,ULK,35,"DIXON, BOBBY",27:29,10,3,5,1,5,1,1,0,1,1,6,1,3,0,0,3,2,8,-2.0
2016,74,1,P006399   ,0.0,0.0,ULK,44,"DUVERIOGLU, AHMET",DNP,0,0,0,0,0,0,0,0,0,0,0,0,0,0,0,0,0,0,0.0
2016,74,1,PCCD      ,0.0,1.0,ULK,70,"DATOME, LUIGI",24:21,4,2,4,0,1,0,0,1,1,2,1,0,1,0,1,4,0,-2,-1.0
2016,74,1,Team,0.0,0.0,ULK,,Team,,0,0,0,0,0,0,0,1,2,3,0,0,0,0,0,0,0,3,
2016,74,1,Total,,,ULK,,Total,200:00,78,23,42,8,18,8,12,6,26,32,23,3,12,1,2,18,17,89,
2016,74,0,P005757   ,0.0,1.0,MAD,3,"RANDOLPH, ANTHONY",24:14,16,2,2,4,4,0,0,0,4,4,0,1,3,1,0,3,2,18,4.0
2016,74,0,PBMT      ,0.0,1.0,MAD,5,"FERNANDEZ, RUDY",27:18,6,0,5,2,2,0,0,1,0,1,9,1,0,0,0,0,1,13,2.0
2016,74,0,PAPR      ,0.0,0.0,MAD,6,"NOCIONI, ANDRES",DNP,0,0,0,0,0,0,0,0,0,0,0,0,0,0,0,0,0,0,0.0
2016,74,0,P005929   ,1.0,0.0,MAD,7,"DONCIC, LUKA",15:29,0,0,2,0,2,0,0,0,2,2,1,0,2,0,0,0,0,-3,-12.0
2016,74,0,PJCC      ,1.0,0.0,MAD,8,"MACIULIS, JONAS",14:51,10,2,3,2,3,0,0,0,2,2,1,0,0,0,0,1,0,10,-1.0
2016,74,0,PAAX      ,1.0,0.0,MAD,9,"REYES, FELIPE",15:46,2,1,2,0,0,0,0,1,4,5,0,0,0,0,0,2,3,7,-5.0
2016,74,0,P005927   ,1.0,1.0,MAD,14,"AYON, GUSTAVO",23:11,12,5,9,0,0,2,4,3,2,5,2,3,2,1,1,3,4,15,2.0
2016,74,0,P001960   ,0.0,1.0,MAD,20,"CARROLL, JAYCEE",16:12,3,1,3,0,4,1,1,0,3,3,1,0,0,0,0,4,0,-3,-11.0
2016,74,0,P005160   ,0.0,0.0,MAD,21,"HUNTER, OTHELLO",16:49,12,6,11,0,0,0,0,4,3,7,0,0,0,0,0,1,0,13,-3.0
2016,74,0,PTGB      ,1.0,1.0,MAD,23,"LLULL, SERGIO",32:14,14,4,8,0,6,6,7,0,3,3,8,1,2,0,0,2,5,16,8.0
2016,74,0,P002358   ,0.0,0.0,MAD,36,"SUAREZ, ALEX",DNP,0,0,0,0,0,0,0,0,0,0,0,0,0,0,0,0,0,0,0.0
2016,74,0,P006546   ,0.0,0.0,MAD,44,"TAYLOR, JEFFERY",13:56,2,0,1,0,1,2,2,2,2,4,2,0,0,0,0,2,1,5,11.0
2016,74,0,Team,0.0,0.0,MAD,,Team,,0,0,0,0,0,0,0,1,1,2,0,0,2,0,0,0,0,0,
2016,74,0,Total,,,MAD,,Total,200:00,77,21,46,8,22,11,14,12,26,38,24,6,11,2,1,18,16,91,
2016,75,1,P004903   ,1.0,0.0,TEL,0,"GOUDELOCK, ANDREW",24:36,10,1,6,2,5,2,2,1,4,5,7,0,1,0,0,1,3,15,-8.0
2016,75,1,P006536   ,0.0,1.0,TEL,3,"RUDD, VICTOR",31:32,11,4,5,1,2,0,1,1,1,2,3,3,1,0,1,3,2,13,-8.0
2016,75,1,P004862   ,1.0,1.0,TEL,4,"SEELEY, D.J.",21:00,12,2,3,2,5,2,2,0,1,1,3,1,4,0,0,4,1,6,-1.0
2016,75,1,P001274   ,1.0,1.0,TEL,6,"SMITH, DEVIN",33:21,13,3,4,2,6,1,1,0,6,6,0,1,2,0,0,4,2,11,-10.0
2016,75,1,PKJP      ,0.0,0.0,TEL,9,"MEKEL, GAL",00:47,0,0,0,0,0,0,0,0,0,0,0,0,0,0,0,0,0,0,-2.0
2016,75,1,PLKX      ,0.0,0.0,TEL,10,"PNINI, GUY",09:16,2,1,2,0,0,0,0,1,1,2,0,0,1,0,0,1,0,1,1.0
2016,75,1,P000622   ,0.0,1.0,TEL,12,"OHAYON, YOGEV",18:07,7,0,0,2,3,1,2,0,1,1,3,0,2,0,0,2,2,7,-7.0
2016,75,1,P003443   ,1.0,1.0,TEL,13,"WEEMS, SONNY",24:00,6,2,3,0,1,2,4,0,2,2,5,0,3,0,0,2,4,8,-5.0
2016,75,1,P004160   ,0.0,0.0,TEL,15,"LANDESBERG, SYLVEN",DNP,0,0,0,0,0,0,0,0,0,0,0,0,0,0,0,0,0,0,0.0
2016,75,1,P006195   ,0.0,0.0,TEL,23,"ALEXANDER, JOE",01:45,0,0,1,0,0,0,0,0,0,0,0,0,0,0,0,1,0,-2,-3.0
2016,75,1,P005154   ,1.0,0.0,TEL,24,"IVERSON, COLTON",19:40,3,1,3,0,0,1,1,1,2,3,0,2,4,0,1,4,1,-2,1.0
2016,75,1,P004183   ,0.0,0.0,TEL,33,"ZIRBES, MAIK",15:56,13,6,7,0,0,1,3,1,4,5,0,0,3,0,1,3,4,12,-3.0
2016,75,1,Team,0.0,0.0,TEL,,Team,,0,0,0,0,0,0,0,1,2,3,0,0,0,0,0,0,0,3,
2016,75,1,Total,,,TEL,,Total,200:00,77,20,34,9,22,10,16,6,24,30,21,7,21,0,3,25,19,72,
2016,75,0,P005094   ,0.0,0.0,IST,1,"THOMAS, DESHAUN",07:59,4,2,2,0,1,0,0,0,0,0,0,0,1,0,0,1,0,1,-2.0
2016,75,0,P005800   ,0.0,1.0,IST,2,"HONEYCUTT, TYLER",27:31,21,4,5,2,9,7,8,2,6,8,5,3,1,1,0,2,5,31,7.0
2016,75,0,P003521   ,0.0,0.0,IST,4,"BALBAY, DOGUS",DNP,0,0,0,0,0,0,0,0,0,0,0,0,0,0,0,0,0,0,0.0
2016,75,0,P004425   ,1.0,1.0,IST,5,"BROWN, DERRICK",32:01,22,5,10,2,2,6,8,4,8,12,3,2,0,1,0,2,7,38,11.0
2016,75,0,P004088   ,1.0,0.0,IST,6,"OSMAN, CEDI",21:21,11,2,3,1,5,4,4,2,2,4,1,1,1,0,0,0,3,14,1.0
2016,75,0,P007121   ,1.0,0.0,IST,7,"COTTON, BRYCE",09:36,0,0,1,0,0,0,0,0,0,0,2,1,0,0,0,4,0,-2,-9.0
2016,75,0,P007122   ,0.0,0.0,IST,9,"GEYIK, SAMET",DNP,0,0,0,0,0,0,0,0,0,0,0,0,0,0,0,0,0,0,0.0
2016,75,0,P005763   ,0.0,0.0,IST,10,"KORKMAZ, FURKAN",DNP,0,0,0,0,0,0,0,0,0,0,0,0,0,0,0,0,0,0,0.0
2016,75,0,P003024   ,1.0,1.0,IST,15,"GRANGER, JAYSON",32:04,0,0,4,0,3,0,0,0,2,2,7,1,2,0,0,2,4,3,8.0
2016,75,0,P004222   ,0.0,0.0,IST,23,"OMIC, ALEN",08:50,3,1,1,0,0,1,1,1,1,2,0,0,3,0,0,3,2,1,-1.0
2016,75,0,PKLT      ,0.0,1.0,IST,31,"HEURTEL, THOMAS",29:28,11,3,5,1,5,2,2,0,0,0,6,0,4,0,0,2,1,6,20.0
2016,75,0,P003048   ,1.0,1.0,IST,42,"DUNSTON, BRYANT",31:10,14,6,9,0,0,2,2,4,1,5,2,1,0,1,0,3,3,20,10.0
2016,75,0,Team,0.0,0.0,IST,,Team,,0,0,0,0,0,0,0,0,3,3,0,0,1,0,0,0,0,2,
2016,75,0,Total,,,IST,,Total,200:00,86,23,40,6,25,22,25,13,23,36,26,9,13,3,0,19,25,114,
2016,76,1,P006555   ,0.0,1.0,RED,0,"WOLTERS, NATE",19:57,15,4,6,2,3,1,1,2,2,4,5,1,1,0,0,1,3,23,-12.0
2016,76,1,P005942   ,1.0,0.0,RED,6,"DANGUBIC, NEMANJA",22:50,16,2,5,3,5,3,3,0,1,1,0,1,1,0,1,5,3,9,-7.0
2016,76,1,P002553   ,0.0,0.0,RED,9,"MITROVIC, LUKA",04:18,0,0,1,0,0,0,0,0,1,1,0,0,0,0,1,0,0,-1,-3.0
2016,76,1,PLUO      ,0.0,1.0,RED,10,"LAZIC, BRANKO",22:43,0,0,2,0,3,0,0,0,1,1,1,0,1,0,1,3,0,-8,-10.0
2016,76,1,P005618   ,0.0,0.0,RED,12,"SIMANIC, BORISA",DNP,0,0,0,0,0,0,0,0,0,0,0,0,0,0,0,0,0,0,0.0
2016,76,1,P004007   ,0.0,0.0,RED,13,"DOBRIC, OGNJEN",DNP,0,0,0,0,0,0,0,0,0,0,0,0,0,0,0,0,0,0,0.0
2016,76,1,PLRU      ,0.0,0.0,RED,19,"SIMONOVIC, MARKO",19:46,16,3,3,2,3,4,5,0,2,2,1,2,1,0,0,5,2,15,10.0
2016,76,1,P005014   ,1.0,1.0,RED,22,"JENKINS, CHARLES",25:48,5,1,4,0,1,3,3,0,0,0,2,5,2,0,0,1,2,7,2.0
2016,76,1,P004004   ,0.0,0.0,RED,23,"GUDURIC, MARKO",09:19,1,0,0,0,1,1,2,0,0,0,0,0,0,0,0,4,2,-3,-3.0
2016,76,1,P004863   ,1.0,0.0,RED,24,"JOVIC, STEFAN",20:03,4,2,4,0,1,0,0,1,1,2,5,0,1,0,0,2,0,5,3.0
2016,76,1,P003479   ,1.0,1.0,RED,32,"KUZMIC, OGNJEN",26:48,3,1,4,0,0,1,6,2,2,4,2,2,1,0,1,1,3,3,-14.0
2016,76,1,PCHX      ,1.0,1.0,RED,51,"BJELICA, MILKO",28:28,19,4,11,1,2,8,10,1,4,5,3,0,0,1,1,2,8,23,-11.0
2016,76,1,Team,0.0,0.0,RED,,Team,,0,0,0,0,0,0,0,1,3,4,0,0,0,0,0,0,0,4,
2016,76,1,Total,,,RED,,Total,200:00,79,17,40,8,19,21,30,7,17,24,19,11,8,1,5,24,23,77,
2016,76,0,P006433   ,1.0,0.0,ZAL,3,"PANGOS, KEVIN",18:46,5,1,4,1,1,0,0,1,1,2,4,0,4,0,0,2,2,4,7.0
2016,76,0,P003210   ,0.0,1.0,ZAL,4,"LEKAVICIUS, LUKAS",17:34,6,0,3,2,2,0,0,0,1,1,4,1,3,0,0,3,1,4,3.0
2016,76,0,P004664   ,0.0,0.0,ZAL,6,"VALINSKAS, PAULIUS",DNP,0,0,0,0,0,0,0,0,0,0,0,0,0,0,0,0,0,0,0.0
2016,76,0,P002543   ,1.0,1.0,ZAL,9,"WESTERMANN, LEO",26:57,7,2,3,1,3,0,0,1,6,7,8,0,2,0,0,3,1,15,7.0
2016,76,0,PKNO      ,0.0,0.0,ZAL,10,"SEIBUTIS, RENALDAS",11:44,2,1,3,0,2,0,0,0,1,1,1,0,0,0,0,3,1,-2,-12.0
2016,76,0,P006599   ,0.0,0.0,ZAL,12,"MOTUM, BROCK",15:19,9,4,5,0,1,1,2,0,2,2,0,1,0,0,0,4,1,6,6.0
2016,76,0,PBWI      ,1.0,1.0,ZAL,13,"JANKUNAS, PAULIUS",21:45,2,0,4,0,1,2,2,1,4,5,3,1,1,2,0,3,2,6,11.0
2016,76,0,PBVE      ,0.0,0.0,ZAL,15,"JAVTOKAS, ROBERTAS",DNP,0,0,0,0,0,0,0,0,0,0,0,0,0,0,0,0,0,0,0.0
2016,76,0,PKPD      ,1.0,1.0,ZAL,21,"MILAKNIS, ARTURAS",26:42,19,1,2,5,6,2,3,0,3,3,3,1,1,0,0,0,1,23,4.0
2016,76,0,P001098   ,1.0,0.0,ZAL,23,"LIMA, AUGUSTO",15:49,4,1,2,0,0,2,4,3,4,7,0,0,1,2,1,1,4,11,7.0
2016,76,0,P000399   ,0.0,0.0,ZAL,44,"KAVALIAUSKAS, ANTANAS",20:23,20,7,8,0,0,6,7,3,1,4,1,0,1,0,0,3,5,24,6.0
2016,76,0,P002329   ,0.0,1.0,ZAL,92,"ULANOVAS, EDGARAS",25:01,14,3,5,0,1,8,8,2,1,3,0,1,0,1,0,1,5,20,6.0
2016,76,0,Team,0.0,0.0,ZAL,,Team,,0,0,0,0,0,0,0,0,4,4,0,0,1,0,0,0,0,3,
2016,76,0,Total,,,ZAL,,Total,200:00,88,20,39,9,17,21,26,11,28,39,24,5,14,5,1,23,23,114,
2016,77,1,P006661   ,0.0,1.0,DAR,1,"WILBEKIN, SCOTTIE",19:56,8,1,3,2,3,0,0,0,0,0,6,2,0,0,0,3,1,11,0.0
2016,77,1,PARN      ,0.0,0.0,DAR,3,"ARSLAN, ENDER",DNP,0,0,0,0,0,0,0,0,0,0,0,0,0,0,0,0,0,0,0.0
2016,77,1,P000497   ,0.0,0.0,DAR,4,"YAGMUR, MEHMET",DNP,0,0,0,0,0,0,0,0,0,0,0,0,0,0,0,0,0,0,0.0
2016,77,1,P004170   ,0.0,1.0,DAR,8,"BATUK, BIRKAN",08:51,0,0,0,0,0,0,0,0,0,0,0,0,1,0,0,2,0,-3,-4.0
2016,77,1,PJYB      ,1.0,0.0,DAR,9,"ERDEN, SEMIH",19:58,4,2,7,0,1,0,3,0,3,3,1,0,1,1,1,1,4,1,-3.0
2016,77,1,P005838   ,1.0,0.0,DAR,11,"WANAMAKER, BRAD",30:24,11,1,4,3,3,0,0,0,5,5,4,2,5,0,0,5,6,15,-8.0
2016,77,1,P004888   ,1.0,1.0,DAR,12,"CLYBURN, WILL",33:45,21,8,15,1,1,2,3,3,2,5,0,0,1,1,0,1,5,22,-8.0
2016,77,1,P001833   ,1.0,1.0,DAR,18,"MOERMAN, ADRIEN",30:19,2,1,3,0,3,0,0,1,7,8,3,0,1,0,0,3,1,5,3.0
2016,77,1,P003328   ,0.0,0.0,DAR,19,"ALDEMIR, FURKAN",18:20,10,4,7,0,0,2,4,1,5,6,0,0,1,0,2,3,2,7,-5.0
2016,77,1,PJPF      ,0.0,0.0,DAR,21,"SAVAS, OGUZ",DNP,0,0,0,0,0,0,0,0,0,0,0,0,0,0,0,0,0,0,0.0
2016,77,1,P005938   ,1.0,0.0,DAR,23,"ANDERSON, JAMES",19:10,7,2,4,1,2,0,0,2,0,2,3,0,4,0,1,2,1,3,-9.0
2016,77,1,P000436   ,0.0,1.0,DAR,45,"BERTANS, DAIRIS",19:17,8,1,3,2,2,0,0,0,1,1,1,0,2,0,1,1,2,6,4.0
2016,77,1,Team,0.0,0.0,DAR,,Team,,0,0,0,0,0,0,0,2,3,5,0,0,0,0,0,0,0,5,
2016,77,1,Total,,,DAR,,Total,200:00,71,20,46,9,15,4,10,9,26,35,18,4,16,2,5,21,22,72,
2016,77,0,P005159   ,0.0,1.0,OLY,1,"GREEN, ERICK",17:35,10,2,5,2,4,0,0,0,1,1,1,0,0,0,1,1,1,6,3.0
2016,77,0,P007182   ,0.0,0.0,OLY,2,"BIRCH, KHEM",08:11,5,2,3,0,0,1,1,1,1,2,0,0,2,1,0,5,2,2,8.0
2016,77,0,P005984   ,0.0,0.0,OLY,4,"YOUNG, PATRIC",13:06,0,0,1,0,0,0,0,0,4,4,0,0,1,0,0,2,2,2,-7.0
2016,77,0,P005161   ,0.0,0.0,OLY,6,"PAPAPETROU, IOANNIS",14:53,4,2,3,0,1,0,0,0,0,0,0,0,0,2,0,2,0,2,-1.0
2016,77,0,PJUO      ,1.0,1.0,OLY,7,"SPANOULIS, VASSILIS",28:04,13,3,7,1,5,4,7,0,3,3,5,0,2,0,1,1,6,12,7.0
2016,77,0,P003941   ,1.0,0.0,OLY,11,"MILUTINOV, NIKOLA",17:01,4,2,2,0,0,0,0,1,3,4,1,1,4,1,0,4,0,3,7.0
2016,77,0,PAMM      ,1.0,1.0,OLY,15,"PRINTEZIS, GEORGIOS",26:32,15,7,13,0,0,1,2,1,1,2,2,1,1,0,0,1,3,14,4.0
2016,77,0,P001255   ,1.0,0.0,OLY,16,"PAPANIKOLAOU, KOSTAS",14:35,3,0,0,1,1,0,0,0,2,2,1,2,1,0,0,0,0,7,8.0
2016,77,0,P003537   ,1.0,1.0,OLY,17,"MANTZARIS, VANGELIS",20:45,5,1,2,1,4,0,0,0,3,3,3,0,0,0,0,3,1,5,6.0
2016,77,0,P001844   ,0.0,1.0,OLY,23,"HACKETT, DANIEL",19:32,3,1,3,0,0,1,1,0,2,2,4,2,1,0,0,3,5,10,1.0
2016,77,0,P003608   ,0.0,0.0,OLY,24,"LOJESKI, MATT",19:46,15,3,3,3,5,0,0,2,5,7,0,1,0,1,0,0,1,23,-6.0
2016,77,0,P004290   ,0.0,0.0,OLY,27,"ATHINAIOU, IOANNIS",DNP,0,0,0,0,0,0,0,0,0,0,0,0,0,0,0,0,0,0,0.0
2016,77,0,Team,0.0,0.0,OLY,,Team,,0,0,0,0,0,0,0,2,0,2,0,0,0,0,0,0,0,2,
2016,77,0,Total,,,OLY,,Total,200:00,77,23,42,8,20,7,11,7,25,32,17,7,12,5,2,22,21,88,
2016,78,1,P003367   ,1.0,1.0,BAR,2,"RICE, TYRESE",25:42,10,2,3,2,7,0,0,0,2,2,4,0,4,0,0,3,1,4,5.0
2016,78,1,P007434   ,0.0,0.0,BAR,3,"HOLMES, JONATHAN",05:27,0,0,0,0,1,0,0,0,0,0,0,0,1,0,0,1,0,-3,-1.0
2016,78,1,P001832   ,1.0,0.0,BAR,5,"DOELLMAN, JUSTIN",19:17,0,0,6,0,0,0,0,1,1,2,4,1,0,0,0,0,1,2,12.0
2016,78,1,P003508   ,0.0,0.0,BAR,6,"DORSEY, JOEY",12:59,4,2,3,0,0,0,0,3,2,5,2,1,3,0,0,4,1,5,5.0
2016,78,1,P000556   ,1.0,0.0,BAR,10,"CLAVER, VICTOR",23:24,7,2,3,1,1,0,0,1,5,6,0,0,1,0,0,2,2,11,9.0
2016,78,1,P003469   ,0.0,1.0,BAR,14,"VEZENKOV, ALEKSANDAR",16:17,12,3,5,2,2,0,0,0,5,5,0,0,1,0,0,2,1,13,4.0
2016,78,1,P003151   ,0.0,0.0,BAR,20,"ERIKSSON, MARCUS",DNP,0,0,0,0,0,0,0,0,0,0,0,0,0,0,0,0,0,0,0.0
2016,78,1,P001972   ,1.0,0.0,BAR,24,"OLESON, BRAD",17:21,6,0,0,2,5,0,1,0,1,1,1,0,1,0,0,1,1,3,4.0
2016,78,1,P004178   ,0.0,1.0,BAR,25,"KOPONEN, PETTERI",22:39,5,0,0,1,4,2,2,0,2,2,2,0,0,0,0,0,2,8,11.0
2016,78,1,P005945   ,0.0,1.0,BAR,32,"RENFROE, ALEX",17:50,6,2,3,0,0,2,2,0,1,1,2,2,2,0,0,2,1,7,11.0
2016,78,1,PKRH      ,0.0,0.0,BAR,33,"PERPEROGLOU, STRATOS",14:28,6,0,3,2,2,0,0,1,2,3,0,0,1,0,0,1,2,6,2.0
2016,78,1,P002507   ,1.0,1.0,BAR,44,"TOMIC, ANTE",24:36,16,7,10,0,1,2,4,3,3,6,2,1,3,0,1,3,6,18,13.0
2016,78,1,Team,0.0,0.0,BAR,,Team,,0,0,0,0,0,0,0,0,5,5,0,0,0,0,0,0,0,5,
2016,78,1,Total,,,BAR,,Total,200:00,72,18,36,10,23,6,9,9,29,38,17,5,17,0,1,19,18,79,
2016,78,0,P006614   ,1.0,0.0,PAN,0,"SINGLETON, CHRIS",26:58,12,6,8,0,2,0,0,3,2,5,3,3,2,1,0,5,4,17,4.0
2016,78,0,P003482   ,1.0,1.0,PAN,2,"NICHOLS, DEMETRIS",26:50,6,3,6,0,2,0,0,3,4,7,0,0,1,0,0,1,1,7,-10.0
2016,78,0,P002429   ,0.0,0.0,PAN,3,"RIVERS, K.C.",26:25,7,3,4,0,3,1,2,0,2,2,0,1,1,1,0,3,2,4,-13.0
2016,78,0,P005985   ,0.0,1.0,PAN,5,"JAMES, MIKE",14:15,2,1,4,0,4,0,0,0,1,1,0,0,2,0,0,3,1,-8,-12.0
2016,78,0,P003240   ,0.0,0.0,PAN,7,"BOCHORIDIS, ELEFTHERIOS",DNP,0,0,0,0,0,0,0,0,0,0,0,0,0,0,0,0,0,0,0.0
2016,78,0,PBEZ      ,1.0,0.0,PAN,9,"FOTSIS, ANTONIS",11:32,0,0,1,0,0,0,0,1,3,4,0,0,0,0,0,0,2,5,-3.0
2016,78,0,P000464   ,0.0,1.0,PAN,11,"PAPPAS, NIKOS",18:22,4,1,2,0,3,2,2,1,3,4,1,1,0,0,0,1,2,7,-8.0
2016,78,0,P005918   ,1.0,1.0,PAN,12,"FELDEINE, JAMES",26:33,13,2,2,3,5,0,0,0,0,0,4,0,1,0,0,1,0,13,-6.0
2016,78,0,P004218   ,0.0,0.0,PAN,15,"CHARALAMPOPOULOS, VASILIS",DNP,0,0,0,0,0,0,0,0,0,0,0,0,0,0,0,0,0,0,0.0
2016,78,0,P005881   ,0.0,0.0,PAN,21,"GABRIEL, KENNY",06:37,0,0,0,0,0,0,0,0,0,0,0,0,0,0,0,1,0,-1,-6.0
2016,78,0,PAQU      ,0.0,1.0,PAN,29,"BOUROUSIS, IOANNIS",15:26,0,0,2,0,3,0,0,0,2,2,1,1,5,0,0,2,2,-6,-17.0
2016,78,0,P001932   ,1.0,0.0,PAN,33,"CALATHES, NICK",26:42,13,4,7,1,4,2,4,0,2,2,1,0,1,0,0,1,4,10,-4.0
2016,78,0,Team,0.0,0.0,PAN,,Team,,0,0,0,0,0,0,0,0,1,1,0,0,0,0,0,0,0,1,
2016,78,0,Total,,,PAN,,Total,199:40,57,20,36,4,26,5,8,8,20,28,10,6,13,2,0,18,18,49,
2016,79,1,P007200   ,1.0,1.0,BAS,0,"LARKIN, SHANE",30:57,7,2,7,0,4,3,4,1,1,2,9,0,2,0,2,1,4,7,6.0
2016,79,1,PBWZ      ,0.0,1.0,BAS,1,"BARGNANI, ANDREA",15:08,9,4,5,0,2,1,1,1,1,2,0,1,3,1,0,2,2,7,2.0
2016,79,1,P007201   ,1.0,0.0,BAS,7,"VOIGTMANN, JOHANNES",11:27,13,6,6,0,1,1,1,2,3,5,0,0,0,0,0,0,1,18,1.0
2016,79,1,P005099   ,1.0,1.0,BAS,8,"HANGA, ADAM",34:27,5,1,5,0,3,3,4,3,5,8,3,2,1,0,0,1,2,10,4.0
2016,79,1,P007230   ,0.0,0.0,BAS,9,"SEDEKERSKIS, TADAS",02:13,0,0,0,0,0,0,0,0,0,0,0,0,0,0,0,0,0,0,-3.0
2016,79,1,P006590   ,0.0,1.0,BAS,10,"BEAUBOIS, RODRIGUE",14:53,13,3,5,2,4,1,2,0,1,1,1,0,0,0,0,3,1,8,13.0
2016,79,1,P003452   ,1.0,0.0,BAS,11,"BLAZIC, JAKA",26:07,8,1,7,2,5,0,0,0,2,2,1,0,0,0,2,2,2,0,-3.0
2016,79,1,P003540   ,0.0,0.0,BAS,12,"DIOP, ILIMANE",13:25,7,2,5,0,0,3,4,1,6,7,1,0,1,0,0,1,3,12,4.0
2016,79,1,P002744   ,0.0,1.0,BAS,14,"TILLIE, KIM",23:55,6,3,5,0,0,0,0,4,7,11,0,0,1,1,0,3,0,12,4.0
2016,79,1,P001133   ,1.0,0.0,BAS,23,"SHENGELIA, TORNIKE",16:05,1,0,5,0,0,1,2,2,1,3,2,0,1,0,1,2,4,0,3.0
2016,79,1,P007427   ,0.0,0.0,BAS,34,"BUDINGER, CHASE",03:20,0,0,0,0,0,0,0,1,1,2,0,0,0,0,0,3,0,-1,6.0
2016,79,1,P001633   ,0.0,0.0,BAS,55,"LUZ, RAFA",08:03,0,0,1,0,0,0,0,1,0,1,1,0,0,0,0,0,0,1,-2.0
2016,79,1,Team,0.0,0.0,BAS,,Team,,0,0,0,0,0,0,0,2,3,5,0,0,1,0,0,0,0,4,
2016,79,1,Total,,,BAS,,Total,200:00,69,22,51,4,19,13,18,18,31,49,18,3,10,2,5,18,19,78,
2016,79,0,PTFH      ,0.0,0.0,GAL,3,"PRELDZIC, EMIR",15:10,3,1,4,0,1,1,2,1,1,2,0,0,0,0,1,0,3,2,-14.0
2016,79,0,P000529   ,1.0,1.0,GAL,5,"MICOV, VLADIMIR",32:16,6,3,5,0,4,0,0,1,3,4,2,0,0,0,0,2,5,9,-2.0
2016,79,0,P004119   ,0.0,0.0,GAL,7,"TYUS, ALEX",06:16,0,0,1,0,0,0,0,0,0,0,0,0,0,0,0,1,0,-2,-7.0
2016,79,0,P004300   ,0.0,0.0,GAL,8,"KORKMAZ, CAN",DNP,0,0,0,0,0,0,0,0,0,0,0,0,0,0,0,0,0,0,0.0
2016,79,0,P003453   ,0.0,0.0,GAL,9,"THOMPSON, DEON",04:46,4,1,1,0,0,2,4,0,0,0,0,0,0,0,0,2,3,3,-2.0
2016,79,0,P000357   ,1.0,1.0,GAL,10,"SCHILB, BLAKE",31:10,16,5,8,2,5,0,0,0,4,4,4,0,1,0,1,1,1,16,-11.0
2016,79,0,PLHK      ,1.0,1.0,GAL,21,"PLEISS, TIBOR",28:58,16,6,8,0,0,4,6,5,6,11,0,0,3,4,0,3,3,24,2.0
2016,79,0,P003472   ,0.0,0.0,GAL,25,"DAYE, AUSTIN",11:31,2,1,3,0,1,0,0,1,5,6,0,0,0,0,0,1,1,5,-4.0
2016,79,0,P000494   ,1.0,1.0,GAL,32,"GULER, SINAN",28:50,8,1,4,2,6,0,0,0,2,2,4,0,1,1,0,2,0,5,1.0
2016,79,0,P004997   ,0.0,1.0,GAL,33,"DIEBLER, JON",25:26,3,0,0,1,8,0,0,1,3,4,3,1,0,0,0,3,2,3,8.0
2016,79,0,P005193   ,0.0,0.0,GAL,55,"DENTMON, JUSTIN",11:09,4,2,2,0,3,0,0,0,0,0,1,1,2,0,0,3,0,-2,-3.0
2016,79,0,P002104   ,1.0,0.0,GAL,61,"KOKSAL, GOKSENIN",04:28,0,0,0,0,1,0,0,0,1,1,1,0,0,0,0,1,0,0,-3.0
2016,79,0,Team,0.0,0.0,GAL,,Team,,0,0,0,0,0,0,0,1,1,2,0,0,0,0,0,0,0,2,
2016,79,0,Total,,,GAL,,Total,200:00,62,20,36,5,29,7,12,10,26,36,15,2,7,5,2,19,18,65,
2016,80,1,P005815   ,0.0,0.0,UNK,1,"JOHNSON, ORLANDO",19:40,14,4,5,0,4,6,6,1,3,4,2,0,2,0,0,3,3,13,2.0
2016,80,1,P002026   ,0.0,0.0,UNK,2,"ANTIPOV, PAVEL",10:51,0,0,0,0,2,0,0,0,1,1,1,0,0,0,0,1,0,-1,5.0
2016,80,1,P001887   ,1.0,1.0,UNK,5,"LANGFORD, KEITH",31:50,25,7,10,1,3,8,13,1,3,4,4,1,2,0,0,0,7,29,20.0
2016,80,1,P006668   ,0.0,0.0,UNK,6,"STOLL, PAUL",10:41,6,0,0,2,2,0,0,2,1,3,1,0,0,0,0,2,0,8,-2.0
2016,80,1,P003034   ,1.0,1.0,UNK,9,"PARAKHOUSKI, ARTSIOM",29:11,16,8,9,0,0,0,0,2,3,5,0,0,2,2,0,3,4,21,17.0
2016,80,1,P006533   ,1.0,1.0,UNK,10,"COLOM, QUINO",29:19,9,1,3,1,4,4,4,2,4,6,12,2,2,0,0,3,5,24,23.0
2016,80,1,PATS      ,0.0,0.0,UNK,13,"BANIC, MARKO",DNP,0,0,0,0,0,0,0,0,0,0,0,0,0,0,0,0,0,0,0.0
2016,80,1,P006594   ,0.0,0.0,UNK,19,"KARPUKHIN, ALEKSANDR",DNP,0,0,0,0,0,0,0,0,0,0,0,0,0,0,0,0,0,0,0.0
2016,80,1,PLSK      ,1.0,1.0,UNK,20,"PANIN, VADIM",28:30,18,3,3,4,5,0,0,1,4,5,1,1,1,0,0,1,1,23,20.0
2016,80,1,PJUP      ,1.0,1.0,UNK,21,"KAIMAKOGLOU, KOSTAS",29:09,6,1,2,1,5,1,2,1,4,5,0,2,2,0,0,3,2,4,16.0
2016,80,1,P004259   ,0.0,0.0,UNK,22,"WILLIAMS, LATAVIOUS",10:49,6,3,4,0,0,0,0,0,3,3,0,1,0,0,0,3,0,6,4.0
2016,80,1,P007051   ,0.0,0.0,UNK,28,"TUKMAKOV, AZAT",DNP,0,0,0,0,0,0,0,0,0,0,0,0,0,0,0,0,0,0,0.0
2016,80,1,Team,0.0,0.0,UNK,,Team,,0,0,0,0,0,0,0,0,2,2,0,0,0,0,0,0,0,2,
2016,80,1,Total,,,UNK,,Total,200:00,100,27,36,9,25,19,25,10,28,38,21,7,11,2,0,19,22,129,
2016,80,0,P004418   ,0.0,1.0,MIL,1,"MCLEAN, JAMEL",22:24,16,6,10,0,1,4,6,0,3,3,0,1,1,0,1,2,4,13,-10.0
2016,80,0,P004499   ,0.0,0.0,MIL,2,"FONTECCHIO, SIMONE",DNP,0,0,0,0,0,0,0,0,0,0,0,0,0,0,0,0,0,0,0.0
2016,80,0,P004159   ,0.0,1.0,MIL,7,"HICKMAN, RICKY",28:00,12,3,3,1,4,3,3,0,4,4,3,0,0,0,0,4,3,15,2.0
2016,80,0,PJBX      ,1.0,1.0,MIL,9,"KALNIETIS, MANTAS",19:53,5,1,2,1,4,0,0,1,1,2,2,1,2,0,0,1,1,4,-18.0
2016,80,0,PJDU      ,1.0,0.0,MIL,11,"RADULJICA, MIROSLAV",13:41,8,4,7,0,0,0,0,0,1,1,0,0,2,0,0,4,3,3,-5.0
2016,80,0,P003514   ,1.0,0.0,MIL,12,"DRAGIC, ZORAN",29:16,10,3,4,1,6,1,2,1,4,5,3,1,2,0,1,3,4,10,-18.0
2016,80,0,PJEA      ,1.0,1.0,MIL,13,"MACVAN, MILAN",22:00,7,2,3,1,4,0,0,0,1,1,1,0,1,0,0,2,1,3,-20.0
2016,80,0,P006385   ,0.0,0.0,MIL,14,"PASCOLO, DAVIDE",DNP,0,0,0,0,0,0,0,0,0,0,0,0,0,0,0,0,0,0,0.0
2016,80,0,PKIW      ,0.0,0.0,MIL,20,"CINCIARINI, ANDREA",00:44,0,0,0,0,0,0,0,0,0,0,0,0,0,0,0,0,0,0,-4.0
2016,80,0,P005001   ,0.0,0.0,MIL,21,"SANDERS, RAKIM",21:47,10,2,5,2,3,0,0,0,2,2,2,1,0,0,0,1,2,12,-9.0
2016,80,0,P003527   ,1.0,0.0,MIL,23,"ABASS, AWUDU",16:39,2,1,2,0,1,0,0,0,1,1,1,1,0,0,0,4,0,-1,-11.0
2016,80,0,PCPR      ,0.0,1.0,MIL,43,"SIMON, KRUNOSLAV",25:36,9,2,3,1,3,2,2,1,1,2,3,1,1,0,0,1,1,11,-12.0
2016,80,0,Team,0.0,0.0,MIL,,Team,,0,0,0,0,0,0,0,1,1,2,0,0,0,0,0,0,0,2,
2016,80,0,Total,,,MIL,,Total,200:00,79,24,39,7,26,10,13,4,19,23,15,6,9,0,2,22,19,72,
2016,81,1,P004418   ,0.0,1.0,MIL,1,"MCLEAN, JAMEL",19:23,10,4,8,0,1,2,4,4,2,6,0,1,2,0,1,3,3,7,-1.0
2016,81,1,P004159   ,0.0,0.0,MIL,7,"HICKMAN, RICKY",23:00,10,2,4,1,5,3,3,0,4,4,2,2,3,0,1,1,9,16,-10.0
2016,81,1,PJBX      ,0.0,0.0,MIL,9,"KALNIETIS, MANTAS",18:29,7,2,5,1,4,0,0,0,1,1,2,0,0,0,0,0,0,4,-4.0
2016,81,1,PJDU      ,1.0,0.0,MIL,11,"RADULJICA, MIROSLAV",20:37,11,5,8,0,0,1,2,1,2,3,2,1,2,0,0,3,4,12,-14.0
2016,81,1,P003514   ,1.0,0.0,MIL,12,"DRAGIC, ZORAN",26:05,7,1,2,0,2,5,6,3,3,6,0,0,0,0,0,5,4,8,-11.0
2016,81,1,PJEA      ,1.0,0.0,MIL,13,"MACVAN, MILAN",11:52,0,0,2,0,0,0,0,0,2,2,3,1,2,0,1,0,0,1,-10.0
2016,81,1,P006385   ,0.0,0.0,MIL,14,"PASCOLO, DAVIDE",DNP,0,0,0,0,0,0,0,0,0,0,0,0,0,0,0,0,0,0,0.0
2016,81,1,PKIW      ,1.0,1.0,MIL,20,"CINCIARINI, ANDREA",12:25,4,0,1,1,1,1,2,0,0,0,0,0,0,0,0,2,1,1,-8.0
2016,81,1,P005001   ,0.0,0.0,MIL,21,"SANDERS, RAKIM",22:35,4,1,4,0,3,2,4,0,4,4,1,1,4,0,1,2,3,-2,-9.0
2016,81,1,P003527   ,0.0,1.0,MIL,23,"ABASS, AWUDU",09:01,4,0,0,1,2,1,2,0,1,1,0,0,1,0,0,1,1,2,4.0
2016,81,1,P002081   ,0.0,1.0,MIL,30,"CERELLA, BRUNO",05:38,0,0,0,0,1,0,0,0,0,0,0,0,0,0,0,3,0,-4,2.0
2016,81,1,PCPR      ,1.0,1.0,MIL,43,"SIMON, KRUNOSLAV",30:55,7,2,3,0,2,3,3,0,4,4,4,0,3,0,1,1,4,11,-14.0
2016,81,1,Team,0.0,0.0,MIL,,Team,,0,0,0,0,0,0,0,1,5,6,0,0,0,0,0,0,0,6,
2016,81,1,Total,,,MIL,,Total,200:00,64,17,37,4,21,18,26,9,28,37,14,6,17,0,5,21,29,62,
2016,81,0,P001108   ,1.0,1.0,CSK,3,"KULAGIN, DMITRY",20:43,14,3,5,2,5,2,2,1,4,5,2,1,1,0,0,3,2,15,11.0
2016,81,0,P001438   ,0.0,0.0,CSK,5,"AUGUSTINE, JAMES",10:40,4,2,2,0,0,0,0,1,1,2,0,1,1,0,0,2,0,4,7.0
2016,81,0,PLLH      ,1.0,1.0,CSK,7,"FRIDZON, VITALY",22:57,9,1,4,1,3,4,4,0,3,3,3,1,1,1,0,2,4,13,11.0
2016,81,0,P003413   ,1.0,1.0,CSK,9,"JACKSON, AARON",34:16,14,4,5,2,5,0,1,0,5,5,5,3,6,0,0,1,4,19,18.0
2016,81,0,P004941   ,0.0,0.0,CSK,11,"ANTONOV, SEMEN",14:08,6,0,1,2,2,0,0,0,0,0,1,0,1,1,0,3,1,4,16.0
2016,81,0,PLOO      ,1.0,0.0,CSK,19,"FREELAND, JOEL",06:52,0,0,0,0,0,0,0,0,0,0,0,0,0,0,0,3,1,-2,3.0
2016,81,0,PLHI      ,0.0,0.0,CSK,20,"VORONTSEVICH, ANDREY",15:33,1,0,3,0,1,1,2,1,1,2,3,0,0,1,0,4,1,-1,0.0
2016,81,0,P006450   ,0.0,0.0,CSK,22,"HIGGINS, CORY",22:59,11,1,4,3,7,0,0,0,5,5,1,2,0,0,0,1,1,12,4.0
2016,81,0,P002276   ,0.0,0.0,CSK,30,"KULAGIN, MIKHAIL",05:44,5,0,0,1,3,2,2,0,0,0,0,0,2,0,0,4,1,-2,-3.0
2016,81,0,PBCQ      ,1.0,0.0,CSK,31,"KHRYAPA, VICTOR",08:57,2,1,2,0,1,0,0,0,0,0,1,0,1,1,0,1,0,0,1.0
2016,81,0,PJLX      ,0.0,1.0,CSK,41,"KURBANOV, NIKITA",14:48,5,1,1,1,2,0,0,0,7,7,3,0,2,1,0,3,2,12,4.0
2016,81,0,P002812   ,0.0,1.0,CSK,42,"HINES, KYLE",22:23,8,3,4,0,0,2,4,1,2,3,0,1,1,0,0,3,4,9,3.0
2016,81,0,Team,0.0,0.0,CSK,,Team,,0,0,0,0,0,0,0,1,3,4,0,0,0,0,0,0,0,4,
2016,81,0,Total,,,CSK,,Total,200:00,79,16,31,12,29,11,15,5,31,36,19,9,16,5,0,30,21,87,
2016,82,1,P006503   ,1.0,0.0,ULK,8,"UDOH, EKPE",24:06,15,5,7,0,0,5,9,1,8,9,5,1,1,5,0,1,7,34,17.0
2016,82,1,P002969   ,1.0,1.0,ULK,10,"MAHMUTOGLU, MELIH",06:04,0,0,0,0,1,0,0,0,0,0,0,0,2,0,0,2,0,-5,-3.0
2016,82,1,PBAE      ,0.0,1.0,ULK,12,"ANTIC, PERO",19:57,13,1,1,3,4,2,2,1,2,3,1,1,1,0,0,2,2,16,4.0
2016,82,1,P001926   ,1.0,1.0,ULK,16,"SLOUKAS, KOSTAS",26:05,10,3,5,0,0,4,4,0,3,3,9,0,3,0,0,2,3,18,3.0
2016,82,1,P007400   ,0.0,1.0,ULK,21,"NUNNALLY, JAMES WILLIAM",16:07,3,1,1,0,1,1,1,0,0,0,1,0,1,0,0,2,1,1,20.0
2016,82,1,P007423   ,0.0,0.0,ULK,22,"MINCHEV, YORDAN",08:42,0,0,1,0,0,0,0,0,2,2,0,0,3,0,0,1,0,-3,-3.0
2016,82,1,P003783   ,0.0,0.0,ULK,23,"UGURLU, BERK",DNP,0,0,0,0,0,0,0,0,0,0,0,0,0,0,0,0,0,0,0.0
2016,82,1,P000925   ,1.0,0.0,ULK,24,"VESELY, JAN",26:37,14,6,8,0,0,2,3,0,5,5,3,1,1,1,0,2,2,20,8.0
2016,82,1,P004866   ,0.0,1.0,ULK,33,"KALINIC, NIKOLA",25:57,8,4,4,0,1,0,0,0,6,6,2,0,2,0,0,0,2,15,12.0
2016,82,1,P001324   ,0.0,0.0,ULK,35,"DIXON, BOBBY",23:34,11,0,1,3,6,2,2,1,1,2,3,0,3,0,0,3,4,10,15.0
2016,82,1,P006399   ,0.0,0.0,ULK,44,"DUVERIOGLU, AHMET",04:31,4,2,4,0,0,0,0,1,1,2,0,0,0,0,0,1,0,3,-8.0
2016,82,1,PCCD      ,1.0,0.0,ULK,70,"DATOME, LUIGI",18:20,9,3,4,1,2,0,0,0,3,3,0,0,0,0,0,3,1,8,10.0
2016,82,1,Team,0.0,0.0,ULK,,Team,,0,0,0,0,0,0,0,0,3,3,0,0,0,0,0,0,0,3,
2016,82,1,Total,,,ULK,,Total,200:00,87,25,36,7,15,16,21,4,34,38,24,3,17,6,0,19,22,120,
2016,82,0,P006555   ,0.0,1.0,RED,0,"WOLTERS, NATE",17:34,8,2,8,1,3,1,2,0,1,1,4,3,0,0,1,1,3,8,-10.0
2016,82,0,P005942   ,1.0,1.0,RED,6,"DANGUBIC, NEMANJA",17:16,0,0,4,0,2,0,0,1,0,1,0,0,0,0,1,3,0,-9,-7.0
2016,82,0,PLUO      ,0.0,0.0,RED,10,"LAZIC, BRANKO",25:42,5,1,1,0,2,3,3,0,1,1,0,2,0,0,0,4,2,4,-3.0
2016,82,0,P005618   ,1.0,1.0,RED,12,"SIMANIC, BORISA",05:42,0,0,1,0,1,0,0,0,0,0,0,0,0,0,1,2,0,-5,-3.0
2016,82,0,P004007   ,0.0,1.0,RED,13,"DOBRIC, OGNJEN",12:11,10,5,6,0,2,0,0,0,1,1,1,1,1,0,0,1,0,8,-3.0
2016,82,0,PLRU      ,0.0,0.0,RED,19,"SIMONOVIC, MARKO",29:37,14,1,2,4,6,0,0,0,6,6,0,1,1,0,0,2,2,17,-11.0
2016,82,0,P005014   ,1.0,0.0,RED,22,"JENKINS, CHARLES",27:12,12,4,11,1,1,1,1,0,0,0,1,2,0,0,2,1,1,6,-14.0
2016,82,0,P004863   ,1.0,0.0,RED,24,"JOVIC, STEFAN",22:26,4,2,3,0,1,0,0,0,0,0,7,1,0,0,1,2,2,9,-5.0
2016,82,0,P003479   ,1.0,0.0,RED,32,"KUZMIC, OGNJEN",21:38,8,2,7,0,0,4,6,4,6,10,3,1,3,0,0,2,5,15,-8.0
2016,82,0,PCHX      ,0.0,1.0,RED,51,"BJELICA, MILKO",20:42,11,4,8,0,1,3,3,1,2,3,1,1,1,0,0,4,4,10,-11.0
2016,82,0,Team,0.0,0.0,RED,,Team,,0,0,0,0,0,0,0,2,1,3,0,0,1,0,0,0,0,2,
2016,82,0,Total,,,RED,,Total,200:00,72,21,51,6,19,12,15,8,18,26,17,12,7,0,6,22,19,65,
2016,83,1,P004903   ,0.0,1.0,TEL,0,"GOUDELOCK, ANDREW",28:34,20,3,5,2,6,8,8,0,0,0,2,1,0,0,1,1,6,21,-4.0
2016,83,1,P006536   ,1.0,1.0,TEL,3,"RUDD, VICTOR",29:19,7,2,5,1,4,0,0,0,4,4,2,0,1,0,1,1,2,6,-6.0
2016,83,1,P004862   ,1.0,0.0,TEL,4,"SEELEY, D.J.",16:34,0,0,2,0,0,0,0,0,2,2,3,1,1,0,0,2,2,3,-16.0
2016,83,1,P001274   ,1.0,1.0,TEL,6,"SMITH, DEVIN",24:15,8,1,5,2,5,0,0,1,4,5,1,0,1,0,0,4,1,3,-14.0
2016,83,1,PKJP      ,0.0,0.0,TEL,9,"MEKEL, GAL",DNP,0,0,0,0,0,0,0,0,0,0,0,0,0,0,0,0,0,0,0.0
2016,83,1,PLKX      ,0.0,0.0,TEL,10,"PNINI, GUY",04:43,2,0,0,0,0,2,3,0,0,0,1,0,0,0,0,0,1,3,-5.0
2016,83,1,P000622   ,0.0,1.0,TEL,12,"OHAYON, YOGEV",23:26,5,1,3,1,2,0,0,0,5,5,3,2,1,0,0,3,2,10,1.0
2016,83,1,P003443   ,1.0,1.0,TEL,13,"WEEMS, SONNY",31:42,16,6,12,0,3,4,5,0,3,3,3,1,2,0,1,2,5,13,-17.0
2016,83,1,P004160   ,0.0,0.0,TEL,15,"LANDESBERG, SYLVEN",05:45,0,0,0,0,0,0,0,0,0,0,0,0,1,0,0,0,0,-1,-3.0
2016,83,1,P006195   ,0.0,0.0,TEL,23,"ALEXANDER, JOE",04:53,0,0,0,0,0,0,0,0,0,0,0,0,1,1,0,1,0,-1,3.0
2016,83,1,P005154   ,1.0,0.0,TEL,24,"IVERSON, COLTON",26:58,10,2,5,0,0,6,8,2,4,6,1,0,2,0,1,2,7,14,-8.0
2016,83,1,P004183   ,0.0,0.0,TEL,33,"ZIRBES, MAIK",03:51,2,1,1,0,0,0,0,1,0,1,0,0,2,0,0,3,0,-2,-6.0
2016,83,1,Team,0.0,0.0,TEL,,Team,,0,0,0,0,0,0,0,5,1,6,0,0,1,0,0,0,0,5,
2016,83,1,Total,,,TEL,,Total,200:00,70,16,38,6,20,20,24,9,23,32,16,5,13,1,4,19,26,74,
2016,83,0,P001392   ,1.0,1.0,BAM,1,"CAUSEUR, FABIEN",22:59,7,2,2,1,4,0,0,2,4,6,4,1,0,0,0,4,5,16,11.0
2016,83,0,P002849   ,1.0,1.0,BAM,4,"MELLI, NICOLO",35:43,27,4,8,6,8,1,1,1,13,14,1,1,1,1,0,3,6,40,19.0
2016,83,0,PABN      ,1.0,1.0,BAM,6,"ZISIS, NIKOS",24:39,0,0,1,0,4,0,0,0,3,3,9,0,2,0,0,2,2,5,10.0
2016,83,0,P003703   ,0.0,0.0,BAM,7,"NIKOLIC, ALEKSEJ",01:55,0,0,0,0,0,0,0,0,0,0,1,0,0,0,0,0,0,1,3.0
2016,83,0,P002506   ,0.0,0.0,BAM,8,"STAIGER, LUCCA",DNP,0,0,0,0,0,0,0,0,0,0,0,0,0,0,0,0,0,0,0.0
2016,83,0,P004132   ,0.0,0.0,BAM,10,"THEIS, DANIEL",16:37,9,3,6,1,1,0,0,1,1,2,3,0,2,3,1,5,1,7,1.0
2016,83,0,P007032   ,0.0,0.0,BAM,12,"LO, MAODO",08:24,7,2,2,1,2,0,0,0,2,2,0,0,2,0,0,2,0,4,8.0
2016,83,0,P000046   ,0.0,1.0,BAM,13,"STRELNIEKS, JANIS",23:08,7,1,2,1,3,2,2,0,1,1,4,1,1,0,0,3,2,8,0.0
2016,83,0,PLLM      ,0.0,0.0,BAM,14,"VEREMEENKO, VLADIMIR",03:53,0,0,1,0,0,0,0,0,0,0,0,0,0,0,0,0,0,-1,-1.0
2016,83,0,P006421   ,1.0,1.0,BAM,21,"MILLER, DARIUS",35:46,12,3,7,2,4,0,0,0,0,0,0,1,3,0,0,3,1,2,5.0
2016,83,0,P006420   ,0.0,0.0,BAM,33,"HECKMANN, PATRICK",09:02,5,1,1,1,1,0,0,0,1,1,1,0,1,0,0,1,0,5,6.0
2016,83,0,PLEM      ,1.0,0.0,BAM,43,"RADOSEVIC, LEON",17:54,11,5,6,0,0,1,2,1,1,2,0,1,1,0,0,3,2,10,13.0
2016,83,0,Team,0.0,0.0,BAM,,Team,,0,0,0,0,0,0,0,2,0,2,0,0,1,0,0,0,0,1,
2016,83,0,Total,,,BAM,,Total,200:00,85,21,36,13,27,4,5,7,26,33,23,5,14,4,1,26,19,98,
2016,84,1,P006614   ,1.0,0.0,PAN,0,"SINGLETON, CHRIS",25:16,13,3,5,0,1,7,8,0,7,7,1,3,0,1,1,1,6,25,25.0
2016,84,1,P003482   ,1.0,0.0,PAN,2,"NICHOLS, DEMETRIS",23:49,9,3,3,1,3,0,0,1,4,5,0,0,3,1,0,1,0,9,25.0
2016,84,1,P002429   ,0.0,0.0,PAN,3,"RIVERS, K.C.",25:36,14,3,4,2,4,2,2,0,2,2,2,1,3,0,0,2,1,12,16.0
2016,84,1,P005985   ,0.0,1.0,PAN,5,"JAMES, MIKE",16:40,13,5,9,0,0,3,6,1,1,2,3,1,2,0,0,2,4,12,9.0
2016,84,1,P003240   ,0.0,0.0,PAN,7,"BOCHORIDIS, ELEFTHERIOS",DNP,0,0,0,0,0,0,0,0,0,0,0,0,0,0,0,0,0,0,0.0
2016,84,1,PBEZ      ,0.0,0.0,PAN,9,"FOTSIS, ANTONIS",06:03,0,0,0,0,0,0,0,0,1,1,0,0,0,0,0,2,0,-1,-3.0
2016,84,1,P000464   ,0.0,1.0,PAN,11,"PAPPAS, NIKOS",17:16,0,0,1,0,2,0,0,0,3,3,1,0,4,0,0,0,0,-3,7.0
2016,84,1,P005918   ,1.0,0.0,PAN,12,"FELDEINE, JAMES",18:02,4,2,4,0,3,0,0,0,1,1,3,2,0,0,0,2,1,4,24.0
2016,84,1,P004218   ,0.0,1.0,PAN,15,"CHARALAMPOPOULOS, VASILIS",09:47,0,0,1,0,1,0,0,0,1,1,0,0,0,0,0,1,0,-2,-8.0
2016,84,1,P005881   ,1.0,1.0,PAN,21,"GABRIEL, KENNY",19:27,14,3,4,2,3,2,2,0,5,5,0,0,1,0,0,1,1,16,20.0
2016,84,1,PAQU      ,0.0,1.0,PAN,29,"BOUROUSIS, IOANNIS",14:44,4,2,3,0,1,0,0,1,7,8,1,1,2,1,0,1,3,13,2.0
2016,84,1,P001932   ,1.0,0.0,PAN,33,"CALATHES, NICK",23:20,14,7,9,0,0,0,0,2,2,4,4,1,2,0,0,2,2,19,18.0
2016,84,1,Team,0.0,0.0,PAN,,Team,,0,0,0,0,0,0,0,0,2,2,0,0,1,0,0,0,0,1,
2016,84,1,Total,,,PAN,,Total,200:00,85,28,43,5,18,14,18,5,36,41,15,9,18,3,1,15,18,105,
2016,84,0,P007356   ,0.0,0.0,GAL,0,"SMITH, RUSS",14:40,9,3,9,0,1,3,6,1,1,2,1,0,1,0,0,3,3,1,-3.0
2016,84,0,PTFH      ,1.0,1.0,GAL,3,"PRELDZIC, EMIR",19:31,0,0,2,0,3,0,0,0,5,5,2,0,0,0,0,0,1,3,-18.0
2016,84,0,P000529   ,0.0,0.0,GAL,5,"MICOV, VLADIMIR",23:25,6,2,6,0,1,2,2,0,4,4,0,0,1,0,0,0,2,6,-14.0
2016,84,0,P004119   ,1.0,0.0,GAL,7,"TYUS, ALEX",12:55,6,2,4,0,0,2,2,1,1,2,0,2,2,0,0,2,1,5,-15.0
2016,84,0,P004300   ,0.0,1.0,GAL,8,"KORKMAZ, CAN",10:00,5,1,2,1,2,0,0,0,1,1,2,1,0,0,0,1,1,7,-8.0
2016,84,0,P003453   ,0.0,0.0,GAL,9,"THOMPSON, DEON",21:46,6,3,7,0,0,0,0,4,4,8,0,3,1,1,2,2,2,11,-9.0
2016,84,0,P000357   ,1.0,1.0,GAL,10,"SCHILB, BLAKE",32:49,15,3,9,3,4,0,0,0,1,1,1,0,3,0,0,3,0,4,-23.0
2016,84,0,P005813   ,1.0,1.0,GAL,11,"ARAR, EGE",12:52,2,1,2,0,0,0,0,0,1,1,0,1,0,0,0,1,1,3,-14.0
2016,84,0,PLHK      ,0.0,0.0,GAL,21,"PLEISS, TIBOR",DNP,0,0,0,0,0,0,0,0,0,0,0,0,0,0,0,0,0,0,0.0
2016,84,0,P000494   ,1.0,0.0,GAL,32,"GULER, SINAN",24:54,8,4,10,0,1,0,0,0,4,4,2,2,4,0,1,2,2,4,-22.0
2016,84,0,P004997   ,0.0,0.0,GAL,33,"DIEBLER, JON",04:06,0,0,0,0,0,0,0,0,0,0,1,0,2,0,0,3,0,-4,4.0
2016,84,0,P002104   ,0.0,1.0,GAL,61,"KOKSAL, GOKSENIN",23:02,1,0,3,0,1,1,2,2,0,2,2,1,0,0,0,1,2,2,-13.0
2016,84,0,Team,0.0,0.0,GAL,,Team,,0,0,0,0,0,0,0,1,1,2,0,0,0,0,0,0,0,2,
2016,84,0,Total,,,GAL,,Total,200:00,58,19,54,4,13,8,12,9,23,32,11,10,14,1,3,18,15,44,
2016,85,1,P005757   ,0.0,0.0,MAD,3,"RANDOLPH, ANTHONY",16:26,11,2,3,1,4,4,4,0,3,3,0,0,1,2,0,2,3,12,-7.0
2016,85,1,P002946   ,0.0,0.0,MAD,4,"DRAPER, DONTAYE",14:12,4,1,2,0,3,2,2,1,3,4,1,1,0,0,0,3,1,4,-2.0
2016,85,1,PBMT      ,0.0,1.0,MAD,5,"FERNANDEZ, RUDY",30:36,7,1,3,0,5,5,6,0,4,4,7,1,1,0,0,0,4,14,4.0
2016,85,1,PAPR      ,0.0,0.0,MAD,6,"NOCIONI, ANDRES",08:32,6,0,2,2,3,0,0,0,0,0,0,0,1,0,0,0,0,2,-3.0
2016,85,1,P005929   ,1.0,1.0,MAD,7,"DONCIC, LUKA",25:48,17,2,3,3,5,4,4,1,3,4,4,2,2,1,0,2,3,24,7.0
2016,85,1,PJCC      ,1.0,1.0,MAD,8,"MACIULIS, JONAS",28:32,10,0,1,3,5,1,2,1,1,2,0,1,2,0,0,2,4,9,16.0
2016,85,1,PAAX      ,1.0,1.0,MAD,9,"REYES, FELIPE",18:21,12,2,5,0,0,8,8,1,5,6,2,0,0,0,0,2,5,20,11.0
2016,85,1,P005927   ,1.0,1.0,MAD,14,"AYON, GUSTAVO",25:16,14,5,6,0,0,4,8,3,4,7,3,3,0,0,0,3,4,23,11.0
2016,85,1,P001960   ,1.0,0.0,MAD,20,"CARROLL, JAYCEE",14:16,3,0,0,1,2,0,0,0,0,0,2,0,0,0,0,3,1,2,-1.0
2016,85,1,P005160   ,0.0,0.0,MAD,21,"HUNTER, OTHELLO",11:24,10,3,5,0,0,4,5,2,0,2,1,0,1,0,0,2,3,10,-2.0
2016,85,1,P002358   ,0.0,0.0,MAD,36,"SUAREZ, ALEX",DNP,0,0,0,0,0,0,0,0,0,0,0,0,0,0,0,0,0,0,0.0
2016,85,1,P006546   ,0.0,0.0,MAD,44,"TAYLOR, JEFFERY",06:37,2,1,1,0,1,0,1,1,0,1,0,1,1,0,0,1,1,1,-9.0
2016,85,1,Team,0.0,0.0,MAD,,Team,,0,0,0,0,0,0,0,1,2,3,0,0,0,0,0,0,0,3,
2016,85,1,Total,,,MAD,,Total,200:00,96,17,31,10,28,32,40,11,25,36,20,9,9,3,0,20,29,124,
2016,85,0,P006433   ,1.0,0.0,ZAL,3,"PANGOS, KEVIN",27:52,19,2,5,4,10,3,3,0,4,4,4,2,1,0,1,5,4,17,-14.0
2016,85,0,P003210   ,0.0,1.0,ZAL,4,"LEKAVICIUS, LUKAS",12:08,5,0,2,1,2,2,2,0,2,2,1,1,1,0,1,2,2,4,9.0
2016,85,0,P004664   ,0.0,0.0,ZAL,6,"VALINSKAS, PAULIUS",DNP,0,0,0,0,0,0,0,0,0,0,0,0,0,0,0,0,0,0,0.0
2016,85,0,P002543   ,1.0,1.0,ZAL,9,"WESTERMANN, LEO",22:47,6,0,3,2,3,0,0,0,6,6,4,1,4,0,0,4,1,6,2.0
2016,85,0,PKNO      ,1.0,0.0,ZAL,10,"SEIBUTIS, RENALDAS",12:59,2,0,1,0,0,2,2,0,0,0,1,1,2,0,0,2,2,1,-2.0
2016,85,0,P006599   ,0.0,1.0,ZAL,12,"MOTUM, BROCK",23:27,17,4,7,2,4,3,4,0,3,3,0,0,3,0,1,0,2,12,-11.0
2016,85,0,PBWI      ,1.0,0.0,ZAL,13,"JANKUNAS, PAULIUS",17:07,13,5,6,0,1,3,4,1,1,2,0,2,0,0,0,4,3,13,-1.0
2016,85,0,PBVE      ,0.0,0.0,ZAL,15,"JAVTOKAS, ROBERTAS",13:43,2,1,1,0,0,0,0,0,0,0,2,0,0,0,0,3,0,1,-4.0
2016,85,0,PKPD      ,0.0,1.0,ZAL,21,"MILAKNIS, ARTURAS",27:53,11,0,0,3,7,2,2,1,2,3,2,0,0,0,0,2,1,11,-3.0
2016,85,0,P001098   ,1.0,0.0,ZAL,23,"LIMA, AUGUSTO",08:14,4,2,3,0,0,0,0,1,0,1,0,0,0,0,0,4,0,0,3.0
2016,85,0,P000399   ,0.0,0.0,ZAL,44,"KAVALIAUSKAS, ANTANAS",07:50,0,0,1,0,0,0,0,2,0,2,1,0,1,0,0,2,1,0,-7.0
2016,85,0,P002329   ,0.0,1.0,ZAL,92,"ULANOVAS, EDGARAS",26:00,12,3,5,1,1,3,3,1,5,6,1,0,1,0,0,1,4,19,3.0
2016,85,0,Team,0.0,0.0,ZAL,,Team,,0,0,0,0,0,0,0,0,1,1,0,0,0,0,0,0,0,1,
2016,85,0,Total,,,ZAL,,Total,200:00,91,17,34,13,28,18,20,6,24,30,16,7,13,0,3,29,20,85,
2016,86,1,P005094   ,0.0,0.0,IST,1,"THOMAS, DESHAUN",12:24,5,0,2,1,4,2,2,0,1,1,0,0,0,0,0,1,1,1,-3.0
2016,86,1,P005800   ,0.0,1.0,IST,2,"HONEYCUTT, TYLER",23:13,4,2,7,0,3,0,0,4,5,9,2,1,1,1,0,0,2,10,-6.0
2016,86,1,P006648   ,0.0,0.0,IST,3,"BAYKAN, OGULCAN",DNP,0,0,0,0,0,0,0,0,0,0,0,0,0,0,0,0,0,0,0.0
2016,86,1,P003521   ,0.0,0.0,IST,4,"BALBAY, DOGUS",06:15,2,1,2,0,0,0,0,1,1,2,1,0,0,0,0,0,0,4,3.0
2016,86,1,P004425   ,1.0,1.0,IST,5,"BROWN, DERRICK",27:42,7,1,1,1,1,2,2,0,5,5,3,1,2,1,0,2,4,17,7.0
2016,86,1,P004088   ,1.0,0.0,IST,6,"OSMAN, CEDI",25:47,9,1,4,2,4,1,2,0,5,5,1,0,1,0,1,1,3,9,3.0
2016,86,1,P007122   ,0.0,0.0,IST,9,"GEYIK, SAMET",DNP,0,0,0,0,0,0,0,0,0,0,0,0,0,0,0,0,0,0,0.0
2016,86,1,P005763   ,0.0,0.0,IST,10,"KORKMAZ, FURKAN",DNP,0,0,0,0,0,0,0,0,0,0,0,0,0,0,0,0,0,0,0.0
2016,86,1,P003024   ,1.0,1.0,IST,15,"GRANGER, JAYSON",34:07,16,5,7,2,7,0,2,0,2,2,5,0,2,1,0,3,2,12,10.0
2016,86,1,P004222   ,0.0,0.0,IST,23,"OMIC, ALEN",13:56,6,3,3,0,0,0,0,1,0,1,0,0,1,0,0,2,2,6,-1.0
2016,86,1,PKLT      ,1.0,1.0,IST,31,"HEURTEL, THOMAS",30:38,14,2,5,3,4,1,1,0,0,0,3,1,4,0,0,1,3,12,2.0
2016,86,1,P003048   ,1.0,1.0,IST,42,"DUNSTON, BRYANT",25:58,9,3,4,0,0,3,4,0,3,3,1,2,2,1,0,3,4,13,5.0
2016,86,1,Team,0.0,0.0,IST,,Team,,0,0,0,0,0,0,0,5,4,9,0,0,0,0,0,0,0,9,
2016,86,1,Total,,,IST,,Total,200:00,72,18,35,9,23,9,13,11,26,37,16,5,13,4,1,13,21,93,
2016,86,0,P003367   ,1.0,1.0,BAR,2,"RICE, TYRESE",34:22,22,5,10,4,11,0,0,0,3,3,7,0,1,0,1,2,3,19,-4.0
2016,86,0,P007434   ,0.0,0.0,BAR,3,"HOLMES, JONATHAN",11:45,5,1,4,1,1,0,0,3,0,3,0,0,0,0,1,1,2,5,2.0
2016,86,0,P001832   ,1.0,1.0,BAR,5,"DOELLMAN, JUSTIN",24:11,8,1,4,2,3,0,0,1,2,3,1,2,1,0,1,2,2,8,-4.0
2016,86,0,P003508   ,0.0,0.0,BAR,6,"DORSEY, JOEY",14:37,0,0,2,0,0,0,0,1,2,3,0,0,1,0,0,3,1,-2,-1.0
2016,86,0,P000556   ,1.0,0.0,BAR,10,"CLAVER, VICTOR",22:17,4,2,2,0,3,0,0,0,8,8,1,0,0,0,0,2,0,8,-7.0
2016,86,0,P003469   ,0.0,0.0,BAR,14,"VEZENKOV, ALEKSANDAR",04:04,0,0,1,0,0,0,0,0,1,1,0,0,1,0,0,1,0,-2,-2.0
2016,86,0,P004588   ,0.0,0.0,BAR,16,"PENO, STEFAN",DNP,0,0,0,0,0,0,0,0,0,0,0,0,0,0,0,0,0,0,0.0
2016,86,0,P003151   ,0.0,0.0,BAR,20,"ERIKSSON, MARCUS",00:06,0,0,0,0,0,0,0,0,0,0,0,0,0,0,0,0,0,0,0.0
2016,86,0,P001972   ,1.0,0.0,BAR,24,"OLESON, BRAD",16:52,7,1,1,1,1,2,2,1,1,2,0,0,0,1,0,5,1,6,-2.0
2016,86,0,P004178   ,0.0,1.0,BAR,25,"KOPONEN, PETTERI",19:05,6,0,2,2,6,0,0,0,2,2,3,3,0,0,0,1,0,7,2.0
2016,86,0,P005945   ,0.0,1.0,BAR,32,"RENFROE, ALEX",27:24,8,1,2,2,4,0,0,1,2,3,4,3,2,0,0,4,1,10,-1.0
2016,86,0,P002507   ,1.0,1.0,BAR,44,"TOMIC, ANTE",25:17,8,4,8,0,0,0,2,1,1,2,4,1,2,0,1,0,3,9,-3.0
2016,86,0,Team,0.0,0.0,BAR,,Team,,0,0,0,0,0,0,0,3,0,3,0,0,1,0,0,0,0,2,
2016,86,0,Total,,,BAR,,Total,200:00,68,15,36,12,29,2,4,11,22,33,20,9,9,1,4,21,13,70,
2016,87,1,P007200   ,1.0,0.0,BAS,0,"LARKIN, SHANE",24:42,14,5,10,0,3,4,4,1,2,3,5,0,3,0,1,3,4,11,21.0
2016,87,1,P007201   ,0.0,1.0,BAS,7,"VOIGTMANN, JOHANNES",24:51,10,4,7,0,2,2,3,2,7,9,2,0,0,1,0,2,2,16,8.0
2016,87,1,P005099   ,0.0,1.0,BAS,8,"HANGA, ADAM",19:49,9,3,4,1,2,0,0,0,8,8,1,0,1,3,0,3,2,17,7.0
2016,87,1,P006590   ,1.0,0.0,BAS,10,"BEAUBOIS, RODRIGUE",22:36,12,3,4,2,4,0,0,0,4,4,0,2,4,1,0,2,1,11,19.0
2016,87,1,P003452   ,0.0,1.0,BAS,11,"BLAZIC, JAKA",17:34,5,1,3,1,3,0,0,0,1,1,0,0,1,0,1,1,0,-1,0.0
2016,87,1,P003540   ,1.0,0.0,BAS,12,"DIOP, ILIMANE",14:50,0,0,2,0,0,0,0,2,2,4,1,0,1,4,0,5,1,2,11.0
2016,87,1,P002744   ,1.0,1.0,BAS,14,"TILLIE, KIM",21:47,5,2,3,0,1,1,1,3,6,9,1,0,0,0,0,3,1,11,10.0
2016,87,1,P001133   ,0.0,0.0,BAS,23,"SHENGELIA, TORNIKE",18:13,11,5,8,0,1,1,2,1,4,5,0,0,1,0,1,1,2,10,11.0
2016,87,1,P007427   ,1.0,0.0,BAS,34,"BUDINGER, CHASE",20:01,4,2,3,0,2,0,0,1,3,4,0,0,0,0,0,3,1,3,16.0
2016,87,1,P001633   ,0.0,1.0,BAS,55,"LUZ, RAFA",15:37,3,0,2,1,1,0,0,0,0,0,2,1,0,0,1,0,1,4,2.0
2016,87,1,Team,0.0,0.0,BAS,,Team,,0,0,0,0,0,0,0,3,3,6,0,0,1,0,0,0,0,5,
2016,87,1,Total,,,BAS,,Total,200:00,73,25,46,5,19,8,10,13,40,53,12,3,12,9,4,23,15,89,
2016,87,0,P006661   ,1.0,0.0,DAR,1,"WILBEKIN, SCOTTIE",20:09,8,1,3,2,5,0,0,1,1,2,3,0,1,0,0,1,4,10,-21.0
2016,87,0,PARN      ,0.0,0.0,DAR,3,"ARSLAN, ENDER",08:13,4,1,1,0,3,2,2,0,0,0,1,0,2,0,0,1,1,0,-2.0
2016,87,0,P000497   ,0.0,0.0,DAR,4,"YAGMUR, MEHMET",03:17,0,0,0,0,0,0,0,0,0,0,0,0,0,0,0,2,0,-2,-2.0
2016,87,0,PJYB      ,1.0,1.0,DAR,9,"ERDEN, SEMIH",10:36,5,2,3,0,0,1,2,0,1,1,0,0,1,0,0,3,1,1,-5.0
2016,87,0,P005838   ,0.0,1.0,DAR,11,"WANAMAKER, BRAD",26:01,3,0,6,0,5,3,6,0,1,1,2,0,1,0,4,4,7,-10,-9.0
2016,87,0,P004888   ,1.0,0.0,DAR,12,"CLYBURN, WILL",23:43,4,2,9,0,0,0,2,3,1,4,1,0,1,0,4,0,3,-2,-17.0
2016,87,0,P001833   ,1.0,1.0,DAR,18,"MOERMAN, ADRIEN",28:10,7,2,6,1,3,0,0,2,7,9,0,0,0,1,0,2,0,9,-14.0
2016,87,0,P003328   ,0.0,0.0,DAR,19,"ALDEMIR, FURKAN",12:11,0,0,1,0,0,0,2,2,0,2,0,0,1,3,0,0,1,2,-4.0
2016,87,0,PJPF      ,0.0,0.0,DAR,21,"SAVAS, OGUZ",08:38,2,1,2,0,0,0,0,0,1,1,1,0,0,0,0,2,0,1,-2.0
2016,87,0,P005938   ,0.0,1.0,DAR,23,"ANDERSON, JAMES",21:16,11,1,4,3,6,0,1,0,1,1,2,0,0,0,0,0,1,8,-10.0
2016,87,0,P000436   ,1.0,1.0,DAR,45,"BERTANS, DAIRIS",17:43,3,0,1,1,1,0,0,0,1,1,1,0,1,0,1,0,4,6,-2.0
2016,87,0,P004902   ,0.0,0.0,DAR,81,"HARANGODY, LUKE",20:03,5,1,2,1,3,0,0,1,5,6,0,0,0,0,0,1,0,7,-17.0
2016,87,0,Team,0.0,0.0,DAR,,Team,,0,0,0,0,0,0,0,2,2,4,0,0,0,0,0,0,0,4,
2016,87,0,Total,,,DAR,,Total,200:00,52,11,38,8,26,6,15,11,21,32,11,0,8,4,9,16,22,34,
2016,88,1,P005159   ,0.0,1.0,OLY,1,"GREEN, ERICK",25:26,15,6,7,0,2,3,4,3,2,5,1,2,1,1,0,2,3,20,12.0
2016,88,1,P007182   ,0.0,0.0,OLY,2,"BIRCH, KHEM",16:49,5,1,5,0,0,3,3,1,3,4,0,0,1,3,1,1,3,8,13.0
2016,88,1,P005984   ,0.0,1.0,OLY,4,"YOUNG, PATRIC",12:08,5,1,4,0,0,3,4,1,0,1,0,0,0,0,0,1,2,3,0.0
2016,88,1,P005161   ,0.0,1.0,OLY,6,"PAPAPETROU, IOANNIS",20:00,4,0,0,0,3,4,4,0,2,2,0,1,1,0,0,2,2,3,4.0
2016,88,1,PJUO      ,1.0,0.0,OLY,7,"SPANOULIS, VASSILIS",16:44,10,5,10,0,2,0,0,0,2,2,4,1,2,0,2,1,2,7,21.0
2016,88,1,P003941   ,1.0,0.0,OLY,11,"MILUTINOV, NIKOLA",11:03,4,2,5,0,0,0,0,2,1,3,0,1,0,0,0,1,0,4,16.0
2016,88,1,PAMM      ,1.0,0.0,OLY,15,"PRINTEZIS, GEORGIOS",20:00,11,4,7,1,3,0,0,0,3,3,1,2,0,0,0,1,3,14,25.0
2016,88,1,P001255   ,1.0,1.0,OLY,16,"PAPANIKOLAOU, KOSTAS",18:45,12,5,7,0,0,2,2,2,3,5,0,2,0,0,1,2,2,16,19.0
2016,88,1,P003537   ,1.0,0.0,OLY,17,"MANTZARIS, VANGELIS",13:14,5,1,1,1,2,0,0,0,3,3,1,1,1,0,0,1,2,9,19.0
2016,88,1,P001844   ,0.0,0.0,OLY,23,"HACKETT, DANIEL",15:37,2,1,3,0,0,0,0,0,0,0,2,0,0,0,0,4,0,-2,7.0
2016,88,1,P003608   ,0.0,0.0,OLY,24,"LOJESKI, MATT",21:24,15,3,3,1,3,6,7,1,5,6,1,1,2,0,0,1,5,22,10.0
2016,88,1,P004290   ,0.0,1.0,OLY,27,"ATHINAIOU, IOANNIS",08:50,0,0,1,0,1,0,0,0,1,1,1,0,2,0,0,0,0,-2,-1.0
2016,88,1,Team,0.0,0.0,OLY,,Team,,0,0,0,0,0,0,0,2,4,6,0,0,0,0,0,0,0,6,
2016,88,1,Total,,,OLY,,Total,200:00,88,29,53,3,16,21,24,12,29,41,11,11,10,4,4,17,24,108,
2016,88,0,P005815   ,0.0,0.0,UNK,1,"JOHNSON, ORLANDO",10:06,3,1,1,0,0,1,2,0,1,1,0,0,2,0,0,3,1,-1,-17.0
2016,88,0,P002026   ,0.0,1.0,UNK,2,"ANTIPOV, PAVEL",16:01,0,0,1,0,1,0,2,1,2,3,0,1,1,0,0,1,1,-1,10.0
2016,88,0,P001887   ,1.0,1.0,UNK,5,"LANGFORD, KEITH",28:27,25,7,17,3,6,2,2,1,2,3,0,0,2,0,0,1,3,15,-28.0
2016,88,0,P006668   ,0.0,1.0,UNK,6,"STOLL, PAUL",19:22,2,1,2,0,1,0,0,0,3,3,7,1,2,0,1,2,2,8,2.0
2016,88,0,P003034   ,1.0,1.0,UNK,9,"PARAKHOUSKI, ARTSIOM",22:54,4,2,7,0,0,0,0,1,2,3,0,0,4,2,1,3,2,-2,-19.0
2016,88,0,P006533   ,1.0,0.0,UNK,10,"COLOM, QUINO",23:02,4,2,8,0,1,0,0,0,3,3,6,1,3,0,0,2,4,6,-35.0
2016,88,0,P006360   ,0.0,0.0,UNK,12,"KLIMENKO, ARTEM",05:09,3,0,1,0,0,3,4,0,1,1,0,0,0,0,1,4,2,-1,-4.0
2016,88,0,P001389   ,0.0,0.0,UNK,18,"VORONOV, EVGENY",09:09,0,0,0,0,0,0,0,0,2,2,0,1,2,1,0,3,1,0,3.0
2016,88,0,P006594   ,0.0,0.0,UNK,19,"KARPUKHIN, ALEKSANDR",DNP,0,0,0,0,0,0,0,0,0,0,0,0,0,0,0,0,0,0,0.0
2016,88,0,PLSK      ,1.0,1.0,UNK,20,"PANIN, VADIM",29:54,3,0,1,1,1,0,0,0,1,1,0,1,1,0,0,2,0,1,-12.0
2016,88,0,PJUP      ,1.0,0.0,UNK,21,"KAIMAKOGLOU, KOSTAS",23:59,6,3,4,0,1,0,0,0,5,5,0,1,1,1,0,1,0,9,-39.0
2016,88,0,P004259   ,0.0,0.0,UNK,22,"WILLIAMS, LATAVIOUS",11:57,9,4,5,0,0,1,1,0,1,1,0,0,2,0,1,2,1,5,-6.0
2016,88,0,Team,0.0,0.0,UNK,,Team,,0,0,0,0,0,0,0,2,2,4,0,0,0,0,0,0,0,4,
2016,88,0,Total,,,UNK,,Total,200:00,59,20,47,4,11,7,11,5,25,30,13,6,20,4,4,24,17,43,
2016,89,1,P001392   ,1.0,1.0,BAM,1,"CAUSEUR, FABIEN",31:53,28,8,9,3,5,3,3,0,1,1,3,1,0,0,0,1,6,35,15.0
2016,89,1,P002849   ,1.0,1.0,BAM,4,"MELLI, NICOLO",31:24,11,4,7,1,1,0,0,0,7,7,3,1,2,0,0,1,1,17,15.0
2016,89,1,PABN      ,0.0,1.0,BAM,6,"ZISIS, NIKOS",20:24,8,2,4,1,2,1,2,0,2,2,6,1,0,0,1,0,2,14,9.0
2016,89,1,P003703   ,0.0,0.0,BAM,7,"NIKOLIC, ALEKSEJ",DNP,0,0,0,0,0,0,0,0,0,0,0,0,0,0,0,0,0,0,0.0
2016,89,1,P002506   ,0.0,0.0,BAM,8,"STAIGER, LUCCA",02:19,3,0,0,1,2,0,0,0,0,0,0,0,0,0,0,1,0,1,0.0
2016,89,1,P004132   ,0.0,0.0,BAM,10,"THEIS, DANIEL",14:15,2,0,4,0,0,2,2,3,1,4,1,0,2,0,0,3,1,-1,-12.0
2016,89,1,P007032   ,0.0,0.0,BAM,12,"LO, MAODO",02:50,0,0,0,0,1,0,0,0,0,0,0,0,0,0,0,1,0,-2,-2.0
2016,89,1,P000046   ,1.0,1.0,BAM,13,"STRELNIEKS, JANIS",25:14,12,4,5,1,6,1,1,0,4,4,3,1,0,0,0,3,1,12,-3.0
2016,89,1,PLLM      ,0.0,0.0,BAM,14,"VEREMEENKO, VLADIMIR",06:59,2,1,1,0,0,0,1,0,2,2,0,1,2,0,0,3,2,1,0.0
2016,89,1,P006421   ,0.0,1.0,BAM,21,"MILLER, DARIUS",29:23,17,4,7,3,8,0,0,1,6,7,2,0,3,0,0,1,1,15,2.0
2016,89,1,P006420   ,1.0,0.0,BAM,33,"HECKMANN, PATRICK",10:21,0,0,0,0,0,0,0,0,1,1,0,0,1,0,0,1,0,-1,2.0
2016,89,1,PLEM      ,1.0,0.0,BAM,43,"RADOSEVIC, LEON",24:58,8,4,7,0,0,0,0,4,3,7,1,0,0,2,0,2,0,13,14.0
2016,89,1,Team,0.0,0.0,BAM,,Team,,0,0,0,0,0,0,0,0,1,1,0,0,0,0,0,0,0,1,
2016,89,1,Total,,,BAM,,Total,200:00,91,27,44,10,25,7,9,8,28,36,19,5,10,2,1,17,14,105,
2016,89,0,P005094   ,0.0,0.0,IST,1,"THOMAS, DESHAUN",12:34,5,1,1,0,4,3,3,0,0,0,1,0,1,0,0,1,1,1,4.0
2016,89,0,P005800   ,0.0,1.0,IST,2,"HONEYCUTT, TYLER",28:23,17,6,8,1,6,2,2,0,3,3,2,1,0,1,0,4,2,15,-4.0
2016,89,0,P006648   ,0.0,0.0,IST,3,"BAYKAN, OGULCAN",DNP,0,0,0,0,0,0,0,0,0,0,0,0,0,0,0,0,0,0,0.0
2016,89,0,P003521   ,0.0,1.0,IST,4,"BALBAY, DOGUS",10:09,0,0,2,0,0,0,0,1,0,1,0,0,0,0,0,0,0,-1,0.0
2016,89,0,P004425   ,1.0,1.0,IST,5,"BROWN, DERRICK",33:13,18,7,12,1,1,1,1,2,9,11,5,2,3,0,1,0,2,29,-2.0
2016,89,0,P004088   ,1.0,0.0,IST,6,"OSMAN, CEDI",19:12,3,0,1,1,3,0,0,0,2,2,1,0,1,0,0,1,1,2,-4.0
2016,89,0,P007122   ,0.0,0.0,IST,9,"GEYIK, SAMET",DNP,0,0,0,0,0,0,0,0,0,0,0,0,0,0,0,0,0,0,0.0
2016,89,0,P005763   ,0.0,0.0,IST,10,"KORKMAZ, FURKAN",DNP,0,0,0,0,0,0,0,0,0,0,0,0,0,0,0,0,0,0,0.0
2016,89,0,P003024   ,1.0,1.0,IST,15,"GRANGER, JAYSON",34:27,23,4,4,3,7,6,6,0,3,3,2,1,1,0,0,3,5,26,-6.0
2016,89,0,P004222   ,0.0,0.0,IST,23,"OMIC, ALEN",08:45,0,0,2,0,0,0,0,2,1,3,1,0,0,0,0,1,2,3,0.0
2016,89,0,PKLT      ,1.0,1.0,IST,31,"HEURTEL, THOMAS",27:26,13,2,8,3,4,0,0,0,2,2,4,0,1,0,0,2,4,13,-11.0
2016,89,0,P003048   ,1.0,0.0,IST,42,"DUNSTON, BRYANT",25:51,4,2,4,0,0,0,0,1,2,3,0,0,1,0,1,2,0,1,-17.0
2016,89,0,Team,0.0,0.0,IST,,Team,,0,0,0,0,0,0,0,2,2,4,0,0,0,0,0,0,0,4,
2016,89,0,Total,,,IST,,Total,200:00,83,22,42,9,25,12,12,8,24,32,16,4,8,1,2,14,17,93,
2016,90,1,P006555   ,0.0,0.0,RED,0,"WOLTERS, NATE",14:18,8,2,7,0,1,4,4,0,4,4,3,1,1,0,0,0,3,12,0.0
2016,90,1,P005942   ,1.0,0.0,RED,6,"DANGUBIC, NEMANJA",21:15,4,2,2,0,4,0,0,0,1,1,3,1,1,0,0,2,1,3,11.0
2016,90,1,P002553   ,1.0,0.0,RED,9,"MITROVIC, LUKA",05:27,3,1,1,0,0,1,2,0,1,1,1,0,2,0,0,1,1,2,-3.0
2016,90,1,PLUO      ,0.0,0.0,RED,10,"LAZIC, BRANKO",25:10,10,2,3,2,2,0,2,3,1,4,0,0,1,0,0,1,2,11,11.0
2016,90,1,P004007   ,0.0,1.0,RED,13,"DOBRIC, OGNJEN",02:52,2,1,2,0,1,0,0,0,0,0,0,0,0,0,0,0,0,0,0.0
2016,90,1,PLRU      ,0.0,1.0,RED,19,"SIMONOVIC, MARKO",30:47,14,5,5,1,4,1,2,0,5,5,1,1,0,1,0,0,4,22,27.0
2016,90,1,P007395   ,0.0,0.0,RED,20,"RAKICEVIC, PETAR",DNP,0,0,0,0,0,0,0,0,0,0,0,0,0,0,0,0,0,0,0.0
2016,90,1,P005014   ,1.0,1.0,RED,22,"JENKINS, CHARLES",23:57,7,2,2,1,3,0,0,1,3,4,4,3,0,0,0,0,0,16,34.0
2016,90,1,P004004   ,0.0,1.0,RED,23,"GUDURIC, MARKO",11:23,2,0,2,0,2,2,2,1,1,2,1,1,2,0,0,2,1,-1,-3.0
2016,90,1,P004863   ,1.0,0.0,RED,24,"JOVIC, STEFAN",24:51,10,3,5,1,2,1,1,0,2,2,9,2,4,0,0,2,3,17,23.0
2016,90,1,P003479   ,1.0,0.0,RED,32,"KUZMIC, OGNJEN",21:30,12,5,8,0,0,2,2,2,3,5,0,2,0,0,0,1,2,17,16.0
2016,90,1,PCHX      ,0.0,1.0,RED,51,"BJELICA, MILKO",18:30,11,4,6,1,5,0,0,2,4,6,1,0,1,0,0,3,1,9,9.0
2016,90,1,Team,0.0,0.0,RED,,Team,,0,0,0,0,0,0,0,2,2,4,0,0,0,0,0,0,0,4,
2016,90,1,Total,,,RED,,Total,200:00,83,27,43,6,24,11,15,11,27,38,23,11,12,1,0,12,18,112,
2016,90,0,P004903   ,1.0,0.0,TEL,0,"GOUDELOCK, ANDREW",32:27,13,2,4,3,6,0,0,0,0,0,2,0,1,0,0,2,1,8,-19.0
2016,90,0,P006536   ,0.0,0.0,TEL,3,"RUDD, VICTOR",11:15,2,1,2,0,2,0,0,0,1,1,0,0,0,0,0,0,0,0,-12.0
2016,90,0,P004862   ,0.0,1.0,TEL,4,"SEELEY, D.J.",23:43,15,3,4,3,4,0,0,0,1,1,1,0,6,0,0,3,1,7,-16.0
2016,90,0,P001274   ,1.0,1.0,TEL,6,"SMITH, DEVIN",26:22,2,1,3,0,4,0,0,1,3,4,1,0,1,0,0,4,3,-1,-19.0
2016,90,0,PKJP      ,0.0,1.0,TEL,9,"MEKEL, GAL",13:30,2,1,3,0,1,0,0,2,1,3,0,0,0,0,0,0,0,2,3.0
2016,90,0,PLKX      ,0.0,1.0,TEL,10,"PNINI, GUY",14:34,2,1,1,0,2,0,0,0,4,4,5,1,1,0,0,2,0,7,-1.0
2016,90,0,P000622   ,1.0,0.0,TEL,12,"OHAYON, YOGEV",13:21,0,0,3,0,1,0,0,0,1,1,2,3,0,0,0,1,1,2,-8.0
2016,90,0,P003443   ,1.0,0.0,TEL,13,"WEEMS, SONNY",20:31,6,3,4,0,2,0,0,0,2,2,2,3,7,0,0,1,1,3,-23.0
2016,90,0,P004160   ,0.0,0.0,TEL,15,"LANDESBERG, SYLVEN",04:17,0,0,0,0,1,0,0,0,0,0,0,0,0,0,0,0,0,-1,-5.0
2016,90,0,P006195   ,0.0,0.0,TEL,23,"ALEXANDER, JOE",DNP,0,0,0,0,0,0,0,0,0,0,0,0,0,0,0,0,0,0,0.0
2016,90,0,P005154   ,1.0,0.0,TEL,24,"IVERSON, COLTON",16:27,6,3,5,0,0,0,0,1,2,3,1,0,0,0,0,4,1,5,3.0
2016,90,0,P004183   ,0.0,1.0,TEL,33,"ZIRBES, MAIK",23:33,10,5,7,0,0,0,0,1,5,6,2,0,2,0,1,1,4,16,-28.0
2016,90,0,Team,0.0,0.0,TEL,,Team,,0,0,0,0,0,0,0,1,3,4,0,0,1,0,0,0,0,3,
2016,90,0,Total,,,TEL,,Total,200:00,58,20,36,6,23,0,0,6,23,29,16,7,19,0,1,18,12,51,
2016,91,1,P006661   ,0.0,0.0,DAR,1,"WILBEKIN, SCOTTIE",18:58,5,0,2,1,2,2,2,0,1,1,3,2,0,0,0,1,3,10,11.0
2016,91,1,P000497   ,0.0,1.0,DAR,4,"YAGMUR, MEHMET",01:44,0,0,0,0,1,0,0,0,0,0,0,0,0,0,0,0,0,-1,-9.0
2016,91,1,P004170   ,0.0,1.0,DAR,8,"BATUK, BIRKAN",12:59,2,1,2,0,1,0,0,0,0,0,1,1,1,0,1,3,0,-3,-19.0
2016,91,1,PJYB      ,1.0,0.0,DAR,9,"ERDEN, SEMIH",20:08,7,3,5,0,0,1,2,3,4,7,0,0,1,0,0,3,2,9,27.0
2016,91,1,P005838   ,1.0,0.0,DAR,11,"WANAMAKER, BRAD",29:35,27,4,6,4,6,7,9,0,2,2,1,2,1,0,0,2,8,31,28.0
2016,91,1,P004888   ,1.0,0.0,DAR,12,"CLYBURN, WILL",31:27,14,4,10,1,2,3,3,1,2,3,2,1,1,0,1,3,2,10,24.0
2016,91,1,P001833   ,1.0,0.0,DAR,18,"MOERMAN, ADRIEN",25:08,12,3,8,2,4,0,0,2,3,5,1,3,1,1,0,4,0,10,24.0
2016,91,1,P003328   ,0.0,1.0,DAR,19,"ALDEMIR, FURKAN",18:15,2,1,2,0,0,0,0,1,2,3,1,0,0,0,0,2,3,6,-11.0
2016,91,1,PJPF      ,0.0,0.0,DAR,21,"SAVAS, OGUZ",DNP,0,0,0,0,0,0,0,0,0,0,0,0,0,0,0,0,0,0,0.0
2016,91,1,P005938   ,1.0,0.0,DAR,23,"ANDERSON, JAMES",17:20,3,1,4,0,1,1,2,0,2,2,2,1,0,1,1,1,1,3,12.0
2016,91,1,P000436   ,0.0,1.0,DAR,45,"BERTANS, DAIRIS",08:27,5,0,2,1,1,2,2,0,0,0,1,0,0,0,1,1,1,3,-11.0
2016,91,1,P004902   ,0.0,1.0,DAR,81,"HARANGODY, LUKE",15:59,4,2,3,0,0,0,0,1,3,4,0,0,0,1,0,1,0,7,-11.0
2016,91,1,Team,0.0,0.0,DAR,,Team,,0,0,0,0,0,0,0,2,1,3,0,0,1,0,0,0,0,2,
2016,91,1,Total,,,DAR,,Total,200:00,81,19,44,9,18,16,20,10,20,30,12,10,6,3,4,21,20,87,
2016,91,0,P002946   ,0.0,1.0,MAD,4,"DRAPER, DONTAYE",16:17,7,2,2,1,2,0,0,0,0,0,6,0,1,0,0,3,0,8,2.0
2016,91,0,PBMT      ,1.0,0.0,MAD,5,"FERNANDEZ, RUDY",30:17,9,2,3,1,6,2,2,0,1,1,3,1,1,0,0,2,5,10,-13.0
2016,91,0,PAPR      ,0.0,1.0,MAD,6,"NOCIONI, ANDRES",15:56,2,1,2,0,5,0,0,0,3,3,1,0,0,0,0,2,0,-2,1.0
2016,91,0,P005929   ,1.0,0.0,MAD,7,"DONCIC, LUKA",23:37,8,0,4,2,5,2,2,2,4,6,6,0,4,0,1,3,2,7,-15.0
2016,91,0,PJCC      ,1.0,1.0,MAD,8,"MACIULIS, JONAS",24:18,8,0,1,2,3,2,2,1,3,4,2,2,1,0,0,1,2,14,9.0
2016,91,0,PAAX      ,1.0,1.0,MAD,9,"REYES, FELIPE",26:47,16,5,9,0,1,6,9,5,0,5,0,0,0,1,0,4,8,18,-13.0
2016,91,0,P005927   ,1.0,0.0,MAD,14,"AYON, GUSTAVO",21:13,8,4,7,0,0,0,0,4,5,9,2,0,3,0,2,4,1,8,-4.0
2016,91,0,P001960   ,0.0,0.0,MAD,20,"CARROLL, JAYCEE",16:19,0,0,2,0,4,0,0,0,1,1,0,0,2,1,0,0,1,-5,-17.0
2016,91,0,P005160   ,0.0,0.0,MAD,21,"HUNTER, OTHELLO",15:34,10,4,5,0,0,2,2,1,5,6,0,1,1,2,0,1,2,18,-13.0
2016,91,0,P002358   ,0.0,0.0,MAD,36,"SUAREZ, ALEX",DNP,0,0,0,0,0,0,0,0,0,0,0,0,0,0,0,0,0,0,0.0
2016,91,0,P006546   ,0.0,1.0,MAD,44,"TAYLOR, JEFFERY",09:42,0,0,1,0,0,0,0,2,2,4,1,0,0,0,0,0,0,4,-2.0
2016,91,0,Team,0.0,0.0,MAD,,Team,,0,0,0,0,0,0,0,4,1,5,0,0,2,0,0,0,0,3,
2016,91,0,Total,,,MAD,,Total,200:00,68,18,36,6,26,14,17,19,25,44,21,4,15,4,3,20,21,83,
2016,92,1,P005815   ,0.0,1.0,UNK,1,"JOHNSON, ORLANDO",24:18,11,1,1,2,4,3,4,1,2,3,0,2,2,0,0,2,3,12,-9.0
2016,92,1,P002026   ,0.0,1.0,UNK,2,"ANTIPOV, PAVEL",15:53,0,0,1,0,1,0,0,0,0,0,1,0,0,0,1,4,0,-6,13.0
2016,92,1,P001887   ,1.0,1.0,UNK,5,"LANGFORD, KEITH",34:46,28,8,12,2,6,6,6,1,1,2,5,1,4,1,1,3,5,26,2.0
2016,92,1,P006668   ,0.0,0.0,UNK,6,"STOLL, PAUL",10:04,7,0,1,2,4,1,2,1,1,2,2,1,1,0,0,2,2,7,4.0
2016,92,1,P003034   ,1.0,0.0,UNK,9,"PARAKHOUSKI, ARTSIOM",22:39,8,3,5,0,0,2,4,2,1,3,0,0,0,1,0,3,3,8,-12.0
2016,92,1,P006533   ,1.0,1.0,UNK,10,"COLOM, QUINO",29:54,23,4,7,5,8,0,0,0,2,2,6,0,4,0,0,1,3,23,-5.0
2016,92,1,P006360   ,0.0,0.0,UNK,12,"KLIMENKO, ARTEM",DNP,0,0,0,0,0,0,0,0,0,0,0,0,0,0,0,0,0,0,0.0
2016,92,1,PATS      ,0.0,0.0,UNK,13,"BANIC, MARKO",02:19,0,0,0,0,0,0,0,0,1,1,0,0,1,0,0,1,0,-1,-7.0
2016,92,1,P001389   ,0.0,0.0,UNK,18,"VORONOV, EVGENY",16:40,6,0,2,2,5,0,0,0,0,0,0,1,1,0,1,1,2,1,5.0
2016,92,1,PLSK      ,1.0,0.0,UNK,20,"PANIN, VADIM",04:18,0,0,0,0,0,0,0,0,2,2,1,0,0,0,0,1,0,2,0.0
2016,92,1,PJUP      ,1.0,1.0,UNK,21,"KAIMAKOGLOU, KOSTAS",21:51,3,0,0,1,1,0,0,0,3,3,2,0,1,0,0,3,0,4,-7.0
2016,92,1,P004259   ,0.0,0.0,UNK,22,"WILLIAMS, LATAVIOUS",17:18,5,2,2,0,0,1,2,3,3,6,0,0,0,0,0,5,1,6,11.0
2016,92,1,Team,0.0,0.0,UNK,,Team,,0,0,0,0,0,0,0,2,4,6,0,0,0,0,0,0,0,6,
2016,92,1,Total,,,UNK,,Total,200:00,91,18,31,14,29,13,18,10,20,30,17,5,14,2,3,26,19,88,
2016,92,0,P007200   ,1.0,1.0,BAS,0,"LARKIN, SHANE",28:53,22,6,8,2,3,4,5,1,0,1,6,2,2,0,0,3,4,26,8.0
2016,92,0,P007201   ,1.0,0.0,BAS,7,"VOIGTMANN, JOHANNES",19:38,2,1,3,0,1,0,1,2,2,4,3,1,0,0,0,1,3,8,-12.0
2016,92,0,P005099   ,1.0,1.0,BAS,8,"HANGA, ADAM",26:35,6,1,4,1,2,1,3,1,3,4,1,2,1,0,0,2,4,8,-12.0
2016,92,0,P006590   ,1.0,1.0,BAS,10,"BEAUBOIS, RODRIGUE",24:49,9,4,7,0,2,1,1,0,0,0,2,0,2,0,0,4,1,1,-7.0
2016,92,0,P003452   ,0.0,0.0,BAS,11,"BLAZIC, JAKA",14:16,9,3,5,1,2,0,0,0,1,1,0,2,0,0,1,1,2,9,12.0
2016,92,0,P003540   ,0.0,0.0,BAS,12,"DIOP, ILIMANE",20:23,7,2,3,0,0,3,4,3,2,5,1,0,0,2,0,3,2,12,13.0
2016,92,0,P002744   ,1.0,1.0,BAS,14,"TILLIE, KIM",15:56,2,1,2,0,0,0,0,1,1,2,1,0,2,0,0,0,0,2,-6.0
2016,92,0,P001133   ,0.0,1.0,BAS,23,"SHENGELIA, TORNIKE",24:05,19,3,6,1,2,10,11,1,2,3,0,2,3,1,0,2,9,24,7.0
2016,92,0,P007427   ,0.0,0.0,BAS,34,"BUDINGER, CHASE",14:41,6,0,3,2,3,0,0,2,4,6,1,0,1,0,1,0,0,7,5.0
2016,92,0,P001633   ,0.0,0.0,BAS,55,"LUZ, RAFA",10:44,10,2,4,2,3,0,0,0,0,0,0,0,0,0,0,3,0,4,-3.0
2016,92,0,Team,0.0,0.0,BAS,,Team,,0,0,0,0,0,0,0,1,3,4,0,0,1,0,0,0,0,3,
2016,92,0,Total,,,BAS,,Total,200:00,92,23,45,9,18,19,25,12,18,30,15,9,12,3,2,19,25,104,
2016,93,1,P006433   ,1.0,1.0,ZAL,3,"PANGOS, KEVIN",18:27,7,2,4,1,3,0,0,0,2,2,3,2,2,0,0,3,2,7,2.0
2016,93,1,P003210   ,0.0,1.0,ZAL,4,"LEKAVICIUS, LUKAS",21:42,11,3,8,0,4,5,5,1,3,4,8,0,2,0,1,1,3,13,-17.0
2016,93,1,P004664   ,0.0,0.0,ZAL,6,"VALINSKAS, PAULIUS",DNP,0,0,0,0,0,0,0,0,0,0,0,0,0,0,0,0,0,0,0.0
2016,93,1,P002543   ,1.0,0.0,ZAL,9,"WESTERMANN, LEO",21:32,7,2,5,0,2,3,3,1,3,4,3,3,3,0,1,2,3,9,-9.0
2016,93,1,PKNO      ,1.0,0.0,ZAL,10,"SEIBUTIS, RENALDAS",15:21,5,1,1,1,1,0,0,0,2,2,0,0,0,0,0,0,0,7,2.0
2016,93,1,P006599   ,0.0,1.0,ZAL,12,"MOTUM, BROCK",26:26,12,3,6,2,4,0,0,2,2,4,2,0,2,0,2,2,0,7,-15.0
2016,93,1,PBWI      ,1.0,0.0,ZAL,13,"JANKUNAS, PAULIUS",25:06,18,4,13,2,2,4,4,2,5,7,0,0,0,0,3,5,5,13,-6.0
2016,93,1,PBVE      ,0.0,0.0,ZAL,15,"JAVTOKAS, ROBERTAS",03:25,0,0,0,0,0,0,0,0,0,0,0,0,0,0,0,1,0,-1,-4.0
2016,93,1,PKPD      ,0.0,1.0,ZAL,21,"MILAKNIS, ARTURAS",24:53,6,0,1,2,8,0,0,0,1,1,1,2,1,0,1,3,4,2,-13.0
2016,93,1,P001098   ,1.0,1.0,ZAL,23,"LIMA, AUGUSTO",11:56,0,0,1,0,0,0,0,0,2,2,0,0,2,2,0,3,1,-1,-1.0
2016,93,1,P000399   ,0.0,0.0,ZAL,44,"KAVALIAUSKAS, ANTANAS",13:07,6,2,2,0,0,2,2,0,0,0,0,0,1,0,0,4,1,2,0.0
2016,93,1,P002329   ,0.0,0.0,ZAL,92,"ULANOVAS, EDGARAS",18:05,3,1,4,0,0,1,1,0,0,0,1,0,2,1,0,2,1,-1,-4.0
2016,93,1,Team,0.0,0.0,ZAL,,Team,,0,0,0,0,0,0,0,7,1,8,0,0,0,0,0,0,0,8,
2016,93,1,Total,,,ZAL,,Total,200:00,75,18,45,8,24,15,15,13,21,34,18,7,15,3,8,26,20,65,
2016,93,0,P005159   ,0.0,0.0,OLY,1,"GREEN, ERICK",18:20,10,1,2,2,3,2,2,0,3,3,3,1,2,1,0,5,2,11,12.0
2016,93,0,P007182   ,1.0,1.0,OLY,2,"BIRCH, KHEM",24:03,13,3,4,0,0,7,8,2,4,6,0,1,0,0,0,2,4,20,11.0
2016,93,0,P005984   ,0.0,0.0,OLY,4,"YOUNG, PATRIC",03:56,2,0,0,0,0,2,2,0,0,0,0,0,0,0,0,0,1,3,4.0
2016,93,0,P005161   ,0.0,0.0,OLY,6,"PAPAPETROU, IOANNIS",15:00,0,0,2,0,2,0,0,1,2,3,0,0,0,3,1,1,0,0,2.0
2016,93,0,PJUO      ,1.0,1.0,OLY,7,"SPANOULIS, VASSILIS",29:51,10,2,5,2,7,0,0,0,2,2,8,0,6,0,1,2,4,7,13.0
2016,93,0,P004429   ,0.0,0.0,OLY,10,"AGRAVANIS, DIMITRIOS",DNP,0,0,0,0,0,0,0,0,0,0,0,0,0,0,0,0,0,0,0.0
2016,93,0,P003941   ,0.0,0.0,OLY,11,"MILUTINOV, NIKOLA",11:59,6,2,3,0,1,2,2,2,1,3,0,1,1,2,0,1,2,10,0.0
2016,93,0,PAMM      ,1.0,0.0,OLY,15,"PRINTEZIS, GEORGIOS",23:19,15,6,9,1,2,0,2,2,4,6,0,1,1,0,0,1,2,16,-2.0
2016,93,0,P001255   ,1.0,1.0,OLY,16,"PAPANIKOLAOU, KOSTAS",21:16,16,3,4,2,2,4,5,1,4,5,0,3,1,1,0,3,4,23,7.0
2016,93,0,P003537   ,1.0,1.0,OLY,17,"MANTZARIS, VANGELIS",22:41,0,0,3,0,1,0,0,0,2,2,1,1,0,0,1,2,2,-1,3.0
2016,93,0,P003608   ,0.0,1.0,OLY,24,"LOJESKI, MATT",26:31,16,4,6,1,5,5,5,2,6,8,1,2,3,1,0,2,4,21,14.0
2016,93,0,P004290   ,0.0,0.0,OLY,27,"ATHINAIOU, IOANNIS",03:04,0,0,1,0,0,0,0,0,0,0,1,0,0,0,0,1,1,0,1.0
2016,93,0,Team,0.0,0.0,OLY,,Team,,0,0,0,0,0,0,0,2,1,3,0,0,1,0,0,0,0,2,
2016,93,0,Total,,,OLY,,Total,200:00,88,21,39,8,23,22,26,12,29,41,14,10,15,8,3,20,26,112,
2016,94,1,P001108   ,1.0,1.0,CSK,3,"KULAGIN, DMITRY",17:20,6,0,7,2,2,0,0,1,2,3,2,2,3,0,0,2,2,3,13.0
2016,94,1,PJDR      ,0.0,1.0,CSK,4,"TEODOSIC, MILOS",29:33,16,1,2,3,7,5,8,1,2,3,11,2,2,0,0,1,5,26,14.0
2016,94,1,P001438   ,0.0,1.0,CSK,5,"AUGUSTINE, JAMES",15:09,3,0,1,1,1,0,0,0,2,2,1,3,1,0,0,4,0,3,3.0
2016,94,1,PLLH      ,0.0,1.0,CSK,7,"FRIDZON, VITALY",08:19,13,1,1,3,3,2,2,0,0,0,0,0,1,0,0,2,2,12,6.0
2016,94,1,P004941   ,0.0,0.0,CSK,11,"ANTONOV, SEMEN",16:06,5,1,1,1,1,0,0,0,1,1,2,1,0,0,0,1,0,8,6.0
2016,94,1,PLOO      ,1.0,0.0,CSK,19,"FREELAND, JOEL",08:23,4,2,2,0,0,0,0,1,2,3,0,0,0,0,0,2,0,5,2.0
2016,94,1,PLHI      ,1.0,1.0,CSK,20,"VORONTSEVICH, ANDREY",19:55,5,1,3,1,1,0,0,2,1,3,0,1,1,0,0,1,0,5,13.0
2016,94,1,P006450   ,1.0,0.0,CSK,22,"HIGGINS, CORY",30:40,23,6,9,2,3,5,5,0,1,1,2,5,3,0,0,1,2,25,13.0
2016,94,1,P002276   ,0.0,0.0,CSK,30,"KULAGIN, MIKHAIL",01:58,0,0,0,0,0,0,0,0,0,0,0,0,0,0,0,0,0,0,-7.0
2016,94,1,PBCQ      ,0.0,0.0,CSK,31,"KHRYAPA, VICTOR",05:36,2,0,2,0,1,2,2,0,1,1,0,0,1,0,0,0,1,0,-4.0
2016,94,1,PJLX      ,1.0,0.0,CSK,41,"KURBANOV, NIKITA",30:33,15,0,2,2,4,9,10,0,1,1,3,0,1,0,0,2,6,17,10.0
2016,94,1,P002812   ,0.0,0.0,CSK,42,"HINES, KYLE",16:28,0,0,2,0,0,0,2,2,1,3,2,2,1,0,1,3,2,0,11.0
2016,94,1,Team,0.0,0.0,CSK,,Team,,0,0,0,0,0,0,0,0,1,1,0,0,0,0,0,0,0,1,
2016,94,1,Total,,,CSK,,Total,200:00,92,12,32,15,23,23,29,7,15,22,23,16,14,0,1,19,20,105,
2016,94,0,P003367   ,1.0,1.0,BAR,2,"RICE, TYRESE",24:26,9,3,6,1,5,0,0,2,0,2,1,1,5,0,0,1,3,3,-14.0
2016,94,0,P007434   ,0.0,0.0,BAR,3,"HOLMES, JONATHAN",DNP,0,0,0,0,0,0,0,0,0,0,0,0,0,0,0,0,0,0,0.0
2016,94,0,P001832   ,1.0,0.0,BAR,5,"DOELLMAN, JUSTIN",16:32,5,1,2,1,3,0,0,0,0,0,0,1,1,0,0,0,0,2,-13.0
2016,94,0,P003508   ,0.0,1.0,BAR,6,"DORSEY, JOEY",21:47,3,1,1,0,0,1,4,2,3,5,1,2,3,0,0,4,3,4,-8.0
2016,94,0,P000556   ,1.0,1.0,BAR,10,"CLAVER, VICTOR",36:08,17,4,4,2,3,3,3,1,5,6,2,2,4,1,0,1,2,24,-14.0
2016,94,0,PADI      ,0.0,0.0,BAR,11,"NAVARRO, JUAN CARLOS",12:32,8,2,2,1,2,1,2,0,2,2,2,0,2,0,0,3,3,8,2.0
2016,94,0,P003469   ,0.0,0.0,BAR,14,"VEZENKOV, ALEKSANDAR",18:34,7,2,3,1,2,0,0,2,7,9,1,1,1,0,0,1,0,14,4.0
2016,94,0,P001972   ,1.0,1.0,BAR,24,"OLESON, BRAD",15:12,3,0,0,1,2,0,0,0,0,0,1,0,2,0,0,1,0,0,-8.0
2016,94,0,P004178   ,0.0,1.0,BAR,25,"KOPONEN, PETTERI",16:39,13,2,4,3,3,0,0,0,0,0,1,0,1,0,0,3,2,10,-17.0
2016,94,0,P005945   ,0.0,0.0,BAR,32,"RENFROE, ALEX",16:05,0,0,2,0,0,0,0,1,2,3,4,0,1,0,0,2,1,3,-2.0
2016,94,0,PKRH      ,0.0,0.0,BAR,33,"PERPEROGLOU, STRATOS",03:52,6,1,2,1,1,1,1,0,0,0,0,0,0,0,0,3,1,3,-2.0
2016,94,0,P002507   ,1.0,0.0,BAR,44,"TOMIC, ANTE",18:13,5,2,7,0,0,1,2,2,5,7,2,0,3,0,0,2,4,7,-8.0
2016,94,0,Team,0.0,0.0,BAR,,Team,,0,0,0,0,0,0,0,0,0,0,0,0,1,0,0,0,0,-1,
2016,94,0,Total,,,BAR,,Total,200:00,76,18,33,11,21,7,12,10,24,34,15,7,24,1,0,21,19,77,
2016,95,1,P007356   ,0.0,0.0,GAL,0,"SMITH, RUSS",DNP,0,0,0,0,0,0,0,0,0,0,0,0,0,0,0,0,0,0,0.0
2016,95,1,PTFH      ,0.0,0.0,GAL,3,"PRELDZIC, EMIR",17:24,2,1,1,0,2,0,0,0,2,2,4,2,0,0,0,2,1,7,3.0
2016,95,1,P000529   ,1.0,1.0,GAL,5,"MICOV, VLADIMIR",37:23,23,1,4,5,8,6,6,1,5,6,3,1,5,0,0,3,8,27,-3.0
2016,95,1,P004119   ,0.0,1.0,GAL,7,"TYUS, ALEX",24:28,14,6,8,0,0,2,2,3,4,7,0,0,2,2,0,2,5,22,-2.0
2016,95,1,P004300   ,0.0,0.0,GAL,8,"KORKMAZ, CAN",DNP,0,0,0,0,0,0,0,0,0,0,0,0,0,0,0,0,0,0,0.0
2016,95,1,P003453   ,0.0,0.0,GAL,9,"THOMPSON, DEON",DNP,0,0,0,0,0,0,0,0,0,0,0,0,0,0,0,0,0,0,0.0
2016,95,1,P000357   ,1.0,1.0,GAL,10,"SCHILB, BLAKE",34:22,17,6,10,1,5,2,2,3,2,5,5,1,2,0,0,3,3,18,8.0
2016,95,1,P007355   ,0.0,0.0,GAL,14,"HACIYEVA, ORHAN",DNP,0,0,0,0,0,0,0,0,0,0,0,0,0,0,0,0,0,0,0.0
2016,95,1,PLHK      ,1.0,0.0,GAL,21,"PLEISS, TIBOR",15:32,0,0,4,0,0,0,0,1,3,4,0,0,1,0,0,3,1,-3,5.0
2016,95,1,P000494   ,1.0,1.0,GAL,32,"GULER, SINAN",34:10,13,3,8,1,3,4,4,0,4,4,5,0,2,1,1,1,4,16,3.0
2016,95,1,P004997   ,1.0,0.0,GAL,33,"DIEBLER, JON",26:54,11,1,2,3,5,0,0,0,2,2,2,0,1,0,0,0,0,11,-3.0
2016,95,1,P002104   ,0.0,1.0,GAL,61,"KOKSAL, GOKSENIN",09:47,3,0,1,1,1,0,0,0,0,0,1,1,0,0,0,1,0,3,4.0
2016,95,1,Team,0.0,0.0,GAL,,Team,,0,0,0,0,0,0,0,1,1,2,0,0,1,0,0,0,0,1,
2016,95,1,Total,,,GAL,,Total,200:00,83,18,38,11,24,14,14,9,23,32,20,5,14,3,1,15,22,102,
2016,95,0,P004418   ,0.0,1.0,MIL,1,"MCLEAN, JAMEL",21:14,8,3,4,0,0,2,2,0,5,5,1,0,1,1,0,2,1,12,-2.0
2016,95,0,P004499   ,0.0,0.0,MIL,2,"FONTECCHIO, SIMONE",DNP,0,0,0,0,0,0,0,0,0,0,0,0,0,0,0,0,0,0,0.0
2016,95,0,P004159   ,0.0,1.0,MIL,7,"HICKMAN, RICKY",24:05,13,2,3,3,6,0,1,1,1,2,4,2,2,0,0,2,4,16,-3.0
2016,95,0,PJBX      ,1.0,1.0,MIL,9,"KALNIETIS, MANTAS",29:01,7,3,4,0,2,1,1,0,4,4,4,2,6,0,0,4,2,6,-11.0
2016,95,0,PJDU      ,1.0,0.0,MIL,11,"RADULJICA, MIROSLAV",18:46,12,5,10,0,0,2,2,1,5,6,2,1,1,0,1,2,4,16,-1.0
2016,95,0,P003514   ,1.0,1.0,MIL,12,"DRAGIC, ZORAN",31:34,7,2,6,1,2,0,0,4,4,8,1,1,1,0,2,4,2,7,0.0
2016,95,0,P006385   ,0.0,0.0,MIL,14,"PASCOLO, DAVIDE",DNP,0,0,0,0,0,0,0,0,0,0,0,0,0,0,0,0,0,0,0.0
2016,95,0,PKIW      ,0.0,0.0,MIL,20,"CINCIARINI, ANDREA",DNP,0,0,0,0,0,0,0,0,0,0,0,0,0,0,0,0,0,0,0.0
2016,95,0,P005001   ,1.0,0.0,MIL,21,"SANDERS, RAKIM",29:08,18,6,10,2,4,0,0,0,2,2,1,0,1,0,0,5,1,10,8.0
2016,95,0,P003527   ,0.0,0.0,MIL,23,"ABASS, AWUDU",DNP,0,0,0,0,0,0,0,0,0,0,0,0,0,0,0,0,0,0,0.0
2016,95,0,P002081   ,0.0,0.0,MIL,30,"CERELLA, BRUNO",10:49,0,0,0,0,1,0,0,0,0,0,2,0,0,0,0,1,0,0,-9.0
2016,95,0,PCPR      ,1.0,1.0,MIL,43,"SIMON, KRUNOSLAV",35:23,15,3,6,3,8,0,0,1,4,5,4,2,3,0,0,2,1,14,3.0
2016,95,0,Team,0.0,0.0,MIL,,Team,,0,0,0,0,0,0,0,1,0,1,0,0,0,0,0,0,0,1,
2016,95,0,Total,,,MIL,,Total,200:00,80,24,43,9,23,5,6,8,25,33,19,8,15,1,3,22,15,82,
2016,96,1,P006614   ,1.0,1.0,PAN,0,"SINGLETON, CHRIS",25:22,9,2,3,1,4,2,2,3,3,6,0,1,1,1,1,4,3,10,4.0
2016,96,1,P003482   ,1.0,0.0,PAN,2,"NICHOLS, DEMETRIS",26:32,14,5,9,1,2,1,1,1,3,4,2,2,0,0,0,5,3,15,8.0
2016,96,1,P002429   ,0.0,1.0,PAN,3,"RIVERS, K.C.",20:28,10,1,2,2,5,2,2,0,3,3,0,0,0,0,0,1,1,9,0.0
2016,96,1,P005985   ,0.0,0.0,PAN,5,"JAMES, MIKE",13:11,4,2,4,0,2,0,0,0,0,0,1,0,1,0,0,1,0,-1,-4.0
2016,96,1,P003240   ,0.0,1.0,PAN,7,"BOCHORIDIS, ELEFTHERIOS",00:20,1,0,0,0,0,1,2,0,0,0,0,0,0,0,0,0,1,1,1.0
2016,96,1,PBEZ      ,0.0,0.0,PAN,9,"FOTSIS, ANTONIS",12:49,0,0,0,0,1,0,0,0,1,1,0,1,0,0,0,1,1,1,8.0
2016,96,1,P000464   ,0.0,0.0,PAN,11,"PAPPAS, NIKOS",DNP,0,0,0,0,0,0,0,0,0,0,0,0,0,0,0,0,0,0,0.0
2016,96,1,P005918   ,1.0,1.0,PAN,12,"FELDEINE, JAMES",28:25,10,1,4,2,5,2,3,0,1,1,4,0,0,1,0,3,1,7,12.0
2016,96,1,P004218   ,0.0,0.0,PAN,15,"CHARALAMPOPOULOS, VASILIS",03:36,0,0,0,0,0,0,0,0,0,0,0,0,0,0,0,0,0,0,3.0
2016,96,1,P005881   ,1.0,1.0,PAN,21,"GABRIEL, KENNY",20:39,8,3,4,0,3,2,4,0,1,1,0,1,0,0,0,4,2,2,7.0
2016,96,1,PAQU      ,0.0,0.0,PAN,29,"BOUROUSIS, IOANNIS",17:20,9,2,4,1,1,2,2,2,2,4,1,0,0,0,0,4,7,15,8.0
2016,96,1,P001932   ,1.0,0.0,PAN,33,"CALATHES, NICK",31:18,16,5,8,1,3,3,4,0,8,8,11,5,1,1,0,2,2,34,8.0
2016,96,1,Team,0.0,0.0,PAN,,Team,,0,0,0,0,0,0,0,2,1,3,0,0,0,0,0,0,0,3,
2016,96,1,Total,,,PAN,,Total,200:00,81,21,38,8,26,15,20,8,23,31,19,10,3,3,1,25,21,96,
2016,96,0,P006503   ,1.0,1.0,ULK,8,"UDOH, EKPE",31:07,10,2,5,0,0,6,7,2,7,9,4,1,2,1,0,3,5,21,-15.0
2016,96,0,P002969   ,0.0,0.0,ULK,10,"MAHMUTOGLU, MELIH",DNP,0,0,0,0,0,0,0,0,0,0,0,0,0,0,0,0,0,0,0.0
2016,96,0,PBAE      ,0.0,1.0,ULK,12,"ANTIC, PERO",22:56,3,1,2,0,4,1,2,2,5,7,0,1,0,0,1,3,1,2,1.0
2016,96,0,P001926   ,1.0,1.0,ULK,16,"SLOUKAS, KOSTAS",26:25,13,2,2,2,4,3,4,0,1,1,1,0,3,0,0,2,2,9,-11.0
2016,96,0,P007400   ,0.0,1.0,ULK,21,"NUNNALLY, JAMES WILLIAM",31:27,21,6,9,2,3,3,3,0,3,3,0,0,2,0,1,1,4,20,2.0
2016,96,0,P007423   ,0.0,0.0,ULK,22,"MINCHEV, YORDAN",DNP,0,0,0,0,0,0,0,0,0,0,0,0,0,0,0,0,0,0,0.0
2016,96,0,P003783   ,0.0,0.0,ULK,23,"UGURLU, BERK",DNP,0,0,0,0,0,0,0,0,0,0,0,0,0,0,0,0,0,0,0.0
2016,96,0,P000925   ,1.0,0.0,ULK,24,"VESELY, JAN",23:49,8,3,7,0,0,2,8,1,3,4,2,0,1,0,0,1,8,10,-5.0
2016,96,0,P004866   ,0.0,0.0,ULK,33,"KALINIC, NIKOLA",30:12,7,2,4,0,1,3,3,1,7,8,2,0,3,0,0,5,2,8,-2.0
2016,96,0,P001324   ,1.0,1.0,ULK,35,"DIXON, BOBBY",22:12,2,0,4,0,2,2,2,1,3,4,4,0,1,0,1,3,2,1,-14.0
2016,96,0,P006399   ,0.0,0.0,ULK,44,"DUVERIOGLU, AHMET",DNP,0,0,0,0,0,0,0,0,0,0,0,0,0,0,0,0,0,0,0.0
2016,96,0,PCCD      ,1.0,0.0,ULK,70,"DATOME, LUIGI",11:52,6,0,2,2,3,0,0,1,0,1,0,0,0,0,0,3,1,2,-11.0
2016,96,0,Team,0.0,0.0,ULK,,Team,,0,0,0,0,0,0,0,2,1,3,0,0,0,0,0,0,0,3,
2016,96,0,Total,,,ULK,,Total,200:00,70,16,35,6,17,20,29,10,30,40,13,2,12,1,3,21,25,76,
2016,97,1,P005094   ,0.0,1.0,IST,1,"THOMAS, DESHAUN",17:08,6,0,1,2,7,0,0,0,0,0,2,1,1,0,0,2,0,0,-10.0
2016,97,1,P005800   ,0.0,1.0,IST,2,"HONEYCUTT, TYLER",26:57,12,3,6,1,5,3,4,3,5,8,0,0,1,0,0,2,3,12,-6.0
2016,97,1,P003521   ,0.0,1.0,IST,4,"BALBAY, DOGUS",18:37,6,0,0,2,3,0,0,1,1,2,1,1,0,0,0,3,0,6,-2.0
2016,97,1,P004425   ,1.0,0.0,IST,5,"BROWN, DERRICK",28:42,16,6,9,1,1,1,3,1,2,3,1,1,0,1,0,0,2,19,-7.0
2016,97,1,P004088   ,1.0,1.0,IST,6,"OSMAN, CEDI",18:29,3,1,2,0,4,1,2,0,1,1,1,4,2,0,0,4,1,-2,-9.0
2016,97,1,P007122   ,0.0,0.0,IST,9,"GEYIK, SAMET",DNP,0,0,0,0,0,0,0,0,0,0,0,0,0,0,0,0,0,0,0.0
2016,97,1,P005763   ,0.0,0.0,IST,10,"KORKMAZ, FURKAN",DNP,0,0,0,0,0,0,0,0,0,0,0,0,0,0,0,0,0,0,0.0
2016,97,1,P003024   ,1.0,0.0,IST,15,"GRANGER, JAYSON",23:26,0,0,1,0,3,0,0,0,1,1,4,0,2,0,0,1,1,-1,-10.0
2016,97,1,P004222   ,0.0,0.0,IST,23,"OMIC, ALEN",07:44,2,1,1,0,0,0,0,0,1,1,0,0,0,0,0,0,2,5,-8.0
2016,97,1,PKLT      ,1.0,0.0,IST,31,"HEURTEL, THOMAS",29:08,18,5,6,0,3,8,9,0,2,2,4,4,3,0,1,5,9,23,-8.0
2016,97,1,P004945   ,0.0,0.0,IST,33,"PAUL, BRANDON",02:27,0,0,1,0,1,0,0,0,0,0,0,0,1,0,0,1,0,-4,-4.0
2016,97,1,P003048   ,1.0,1.0,IST,42,"DUNSTON, BRYANT",27:22,8,3,6,0,0,2,4,4,1,5,0,1,2,0,0,2,5,10,-1.0
2016,97,1,Team,0.0,0.0,IST,,Team,,0,0,0,0,0,0,0,2,0,2,0,0,0,0,0,0,0,2,
2016,97,1,Total,,,IST,,Total,200:00,71,19,33,6,27,15,22,11,14,25,13,12,12,1,1,20,23,70,
2016,97,0,P006433   ,1.0,0.0,ZAL,3,"PANGOS, KEVIN",23:50,15,0,3,5,6,0,0,1,2,3,3,1,3,0,0,0,2,17,12.0
2016,97,0,P003210   ,0.0,1.0,ZAL,4,"LEKAVICIUS, LUKAS",17:43,6,2,2,0,1,2,2,0,0,0,1,0,4,0,0,2,3,3,0.0
2016,97,0,P004664   ,0.0,1.0,ZAL,6,"VALINSKAS, PAULIUS",01:55,2,0,0,0,1,2,2,0,0,0,0,0,0,0,0,0,1,2,-4.0
2016,97,0,P002543   ,1.0,0.0,ZAL,9,"WESTERMANN, LEO",21:18,4,2,2,0,1,0,0,0,0,0,6,1,4,0,0,3,1,4,11.0
2016,97,0,PKNO      ,1.0,1.0,ZAL,10,"SEIBUTIS, RENALDAS",23:01,8,3,6,0,2,2,2,0,4,4,0,1,0,0,0,4,1,5,8.0
2016,97,0,P006599   ,0.0,0.0,ZAL,12,"MOTUM, BROCK",25:30,11,3,4,1,3,2,2,1,4,5,1,0,1,0,1,1,2,13,7.0
2016,97,0,PBWI      ,1.0,0.0,ZAL,13,"JANKUNAS, PAULIUS",17:06,8,4,5,0,1,0,0,0,2,2,3,1,2,1,0,3,2,10,13.0
2016,97,0,PBVE      ,0.0,1.0,ZAL,15,"JAVTOKAS, ROBERTAS",02:45,0,0,0,0,0,0,0,0,1,1,0,0,1,0,0,0,0,0,-1.0
2016,97,0,PKPD      ,0.0,1.0,ZAL,21,"MILAKNIS, ARTURAS",13:09,3,0,0,1,3,0,0,3,1,4,1,0,1,0,0,2,1,4,-2.0
2016,97,0,P001098   ,1.0,0.0,ZAL,23,"LIMA, AUGUSTO",17:46,7,3,5,0,0,1,1,4,3,7,0,2,0,0,0,2,3,15,0.0
2016,97,0,P000399   ,0.0,0.0,ZAL,44,"KAVALIAUSKAS, ANTANAS",13:35,6,3,5,0,0,0,0,0,4,4,2,1,0,0,0,3,0,8,8.0
2016,97,0,P002329   ,0.0,0.0,ZAL,92,"ULANOVAS, EDGARAS",22:08,14,5,5,0,1,4,6,0,2,2,2,0,0,0,0,3,4,16,13.0
2016,97,0,Team,0.0,0.0,ZAL,,Team,,0,0,0,0,0,0,0,1,2,3,0,0,1,0,0,0,0,2,
2016,97,0,Total,,,ZAL,,Total,199:46,84,25,37,7,19,13,15,10,25,35,19,7,17,1,1,23,20,99,
2016,98,1,P005159   ,0.0,0.0,OLY,1,"GREEN, ERICK",23:58,15,4,6,1,2,4,6,0,2,2,0,1,3,0,0,1,5,14,3.0
2016,98,1,P007182   ,0.0,0.0,OLY,2,"BIRCH, KHEM",03:57,1,0,1,0,0,1,2,1,0,1,0,0,0,1,0,1,1,1,-3.0
2016,98,1,P005984   ,0.0,0.0,OLY,4,"YOUNG, PATRIC",13:28,2,1,3,0,0,0,0,1,5,6,0,0,2,2,1,2,1,4,3.0
2016,98,1,P004292   ,0.0,0.0,OLY,5,"TOLIOPOULOS, VASSILIS",00:03,0,0,0,0,0,0,0,0,0,0,0,0,0,0,0,0,0,0,-2.0
2016,98,1,P005161   ,0.0,1.0,OLY,6,"PAPAPETROU, IOANNIS",19:17,2,1,3,0,1,0,0,0,4,4,2,1,2,0,1,0,0,3,6.0
2016,98,1,PJUO      ,1.0,1.0,OLY,7,"SPANOULIS, VASSILIS",22:18,5,1,2,0,2,3,4,0,1,1,5,0,4,0,0,1,3,5,4.0
2016,98,1,P004429   ,1.0,1.0,OLY,10,"AGRAVANIS, DIMITRIOS",21:04,9,2,3,1,5,2,2,1,2,3,0,3,0,0,0,1,1,10,-1.0
2016,98,1,P003941   ,1.0,0.0,OLY,11,"MILUTINOV, NIKOLA",22:00,11,4,6,0,0,3,4,4,3,7,1,0,2,2,0,3,2,15,9.0
2016,98,1,P001255   ,1.0,1.0,OLY,16,"PAPANIKOLAOU, KOSTAS",18:10,5,2,5,0,1,1,2,2,5,7,2,0,1,0,1,3,3,7,2.0
2016,98,1,P003537   ,1.0,1.0,OLY,17,"MANTZARIS, VANGELIS",22:01,3,0,0,1,2,0,0,1,1,2,1,0,1,0,0,3,3,4,3.0
2016,98,1,P003608   ,0.0,0.0,OLY,24,"LOJESKI, MATT",20:26,18,2,3,4,6,2,2,0,2,2,0,1,1,0,0,1,4,20,9.0
2016,98,1,P004290   ,0.0,0.0,OLY,27,"ATHINAIOU, IOANNIS",13:18,2,1,1,0,1,0,0,0,0,0,3,0,1,0,0,2,1,2,7.0
2016,98,1,Team,0.0,0.0,OLY,,Team,,0,0,0,0,0,0,0,1,0,1,0,0,2,0,0,0,0,-1,
2016,98,1,Total,,,OLY,,Total,200:00,73,18,33,7,20,16,22,11,25,36,14,6,19,5,3,18,24,84,
2016,98,0,P006555   ,0.0,0.0,RED,0,"WOLTERS, NATE",11:10,4,2,3,0,2,0,0,1,1,2,0,1,3,0,0,0,1,2,-11.0
2016,98,0,P005942   ,1.0,0.0,RED,6,"DANGUBIC, NEMANJA",15:59,4,2,3,0,0,0,0,0,2,2,0,1,2,1,1,3,1,2,-6.0
2016,98,0,P002553   ,1.0,0.0,RED,9,"MITROVIC, LUKA",17:22,2,1,5,0,1,0,0,2,1,3,1,0,0,0,1,0,1,1,-6.0
2016,98,0,PLUO      ,0.0,0.0,RED,10,"LAZIC, BRANKO",18:31,0,0,0,0,1,0,0,1,1,2,0,3,0,0,0,3,0,1,-11.0
2016,98,0,P004007   ,0.0,1.0,RED,13,"DOBRIC, OGNJEN",01:23,1,0,0,0,0,1,3,0,0,0,0,1,0,0,0,0,2,2,-1.0
2016,98,0,PLRU      ,0.0,1.0,RED,19,"SIMONOVIC, MARKO",22:38,4,2,4,0,4,0,0,0,1,1,0,1,2,0,0,0,0,-2,-2.0
2016,98,0,P007395   ,0.0,0.0,RED,20,"RAKICEVIC, PETAR",DNP,0,0,0,0,0,0,0,0,0,0,0,0,0,0,0,0,0,0,0.0
2016,98,0,P005014   ,1.0,1.0,RED,22,"JENKINS, CHARLES",29:31,5,0,4,1,3,2,2,2,1,3,5,1,1,1,1,3,1,5,3.0
2016,98,0,P004004   ,0.0,0.0,RED,23,"GUDURIC, MARKO",14:41,12,4,7,0,1,4,4,2,2,4,2,0,2,0,1,5,2,8,-3.0
2016,98,0,P004863   ,1.0,1.0,RED,24,"JOVIC, STEFAN",28:45,16,5,9,1,4,3,3,0,1,1,3,0,1,0,0,3,5,14,5.0
2016,98,0,P003479   ,1.0,1.0,RED,32,"KUZMIC, OGNJEN",31:51,13,5,11,0,0,3,3,6,8,14,0,1,3,1,1,3,2,18,3.0
2016,98,0,PCHX      ,0.0,0.0,RED,51,"BJELICA, MILKO",08:09,4,1,2,0,1,2,2,1,1,2,0,1,1,0,0,4,3,3,-11.0
2016,98,0,Team,0.0,0.0,RED,,Team,,0,0,0,0,0,0,0,1,0,1,0,0,0,0,0,0,0,1,
2016,98,0,Total,,,RED,,Total,200:00,65,22,48,2,17,15,17,16,19,35,11,10,15,3,5,24,18,55,
2016,99,1,P005757   ,0.0,0.0,MAD,3,"RANDOLPH, ANTHONY",DNP,0,0,0,0,0,0,0,0,0,0,0,0,0,0,0,0,0,0,0.0
2016,99,1,P002946   ,0.0,0.0,MAD,4,"DRAPER, DONTAYE",20:49,4,1,1,0,3,2,2,1,1,2,2,0,3,1,0,1,1,3,5.0
2016,99,1,PBMT      ,0.0,0.0,MAD,5,"FERNANDEZ, RUDY",19:19,3,0,1,1,3,0,0,0,2,2,1,1,1,0,0,1,3,5,4.0
2016,99,1,PAPR      ,0.0,1.0,MAD,6,"NOCIONI, ANDRES",06:18,2,1,2,0,0,0,0,0,0,0,1,0,0,0,0,0,0,2,-5.0
2016,99,1,P005929   ,1.0,1.0,MAD,7,"DONCIC, LUKA",19:11,16,3,6,3,5,1,1,0,6,6,5,3,2,0,0,0,2,25,18.0
2016,99,1,PAAX      ,1.0,0.0,MAD,9,"REYES, FELIPE",17:38,6,2,4,0,0,2,2,1,2,3,1,0,1,0,0,1,1,7,20.0
2016,99,1,P005927   ,1.0,0.0,MAD,14,"AYON, GUSTAVO",20:13,13,6,10,0,0,1,1,1,6,7,1,2,0,0,0,1,1,19,21.0
2016,99,1,P001960   ,0.0,1.0,MAD,20,"CARROLL, JAYCEE",15:40,9,1,2,2,3,1,1,0,1,1,1,1,0,0,0,3,0,7,-5.0
2016,99,1,P005160   ,0.0,1.0,MAD,21,"HUNTER, OTHELLO",19:47,9,4,6,0,0,1,2,4,3,7,3,0,1,1,1,1,1,15,2.0
2016,99,1,PTGB      ,1.0,0.0,MAD,23,"LLULL, SERGIO",22:44,14,1,3,4,8,0,0,1,1,2,6,0,1,0,0,0,3,18,19.0
2016,99,1,P005836   ,0.0,1.0,MAD,33,"THOMPKINS, TREY",19:03,13,1,1,3,5,2,2,1,2,3,0,0,2,1,0,3,2,12,10.0
2016,99,1,P006546   ,1.0,0.0,MAD,44,"TAYLOR, JEFFERY",19:18,6,0,1,2,5,0,0,2,5,7,1,2,0,0,1,2,1,10,26.0
2016,99,1,Team,0.0,0.0,MAD,,Team,,0,0,0,0,0,0,0,0,0,0,0,0,0,0,0,0,0,0,
2016,99,1,Total,,,MAD,,Total,200:00,95,20,37,15,32,10,11,11,29,40,22,9,11,3,2,13,15,123,
2016,99,0,P002849   ,1.0,0.0,BAM,4,"MELLI, NICOLO",19:04,7,2,4,1,3,0,1,1,3,4,1,1,0,0,0,2,4,10,-21.0
2016,99,0,PABN      ,1.0,0.0,BAM,6,"ZISIS, NIKOS",16:50,3,0,2,1,1,0,0,0,1,1,1,0,3,0,0,0,1,1,-23.0
2016,99,0,P003703   ,1.0,1.0,BAM,7,"NIKOLIC, ALEKSEJ",13:05,2,0,0,0,1,2,2,0,0,0,3,0,0,0,0,2,2,4,4.0
2016,99,0,P002506   ,0.0,0.0,BAM,8,"STAIGER, LUCCA",18:35,18,0,0,6,8,0,0,0,3,3,1,0,0,0,0,1,2,21,-2.0
2016,99,0,P004132   ,0.0,1.0,BAM,10,"THEIS, DANIEL",26:57,15,5,6,1,3,2,2,1,4,5,0,3,1,0,1,1,1,18,-9.0
2016,99,0,P007032   ,0.0,1.0,BAM,12,"LO, MAODO",19:47,13,3,9,2,3,1,2,0,0,0,3,0,3,0,2,2,2,3,-12.0
2016,99,0,P000046   ,0.0,0.0,BAM,13,"STRELNIEKS, JANIS",13:42,4,2,4,0,2,0,0,0,2,2,3,0,1,0,0,1,0,3,-15.0
2016,99,0,PLLM      ,0.0,1.0,BAM,14,"VEREMEENKO, VLADIMIR",14:35,2,1,2,0,0,0,0,2,1,3,2,0,0,1,0,0,0,7,4.0
2016,99,0,P006421   ,0.0,0.0,BAM,21,"MILLER, DARIUS",17:58,0,0,3,0,2,0,0,0,3,3,2,0,0,1,0,2,1,0,-24.0
2016,99,0,P006420   ,1.0,1.0,BAM,33,"HECKMANN, PATRICK",19:51,0,0,2,0,2,0,0,0,1,1,2,0,1,0,0,2,0,-4,1.0
2016,99,0,PLEM      ,1.0,0.0,BAM,43,"RADOSEVIC, LEON",19:36,8,4,5,0,0,0,0,0,3,3,0,0,2,0,0,2,0,6,-18.0
2016,99,0,Team,0.0,0.0,BAM,,Team,,0,0,0,0,0,0,0,1,0,1,0,0,1,0,0,0,0,0,
2016,99,0,Total,,,BAM,,Total,200:00,72,17,37,11,25,5,7,5,21,26,18,4,12,2,3,15,13,69,
2016,100,1,P005815   ,1.0,0.0,UNK,1,"JOHNSON, ORLANDO",14:41,4,0,2,1,2,1,2,0,3,3,1,0,1,0,0,1,1,3,-5.0
2016,100,1,P002026   ,0.0,0.0,UNK,2,"ANTIPOV, PAVEL",05:28,3,0,0,1,1,0,0,0,0,0,0,0,0,0,0,2,0,1,2.0
2016,100,1,P006668   ,0.0,0.0,UNK,6,"STOLL, PAUL",09:23,2,1,1,0,2,0,0,0,1,1,3,2,2,0,0,0,0,4,3.0
2016,100,1,P003034   ,1.0,0.0,UNK,9,"PARAKHOUSKI, ARTSIOM",18:19,11,5,7,0,0,1,1,3,3,6,1,0,1,3,0,0,2,20,5.0
2016,100,1,P006533   ,1.0,1.0,UNK,10,"COLOM, QUINO",30:37,17,3,9,3,6,2,3,0,5,5,7,0,4,0,0,1,3,17,10.0
2016,100,1,P006360   ,0.0,0.0,UNK,12,"KLIMENKO, ARTEM",04:18,0,0,0,0,0,0,0,0,1,1,1,0,0,0,0,1,0,1,4.0
2016,100,1,PATS      ,0.0,0.0,UNK,13,"BANIC, MARKO",12:50,4,2,5,0,0,0,0,0,1,1,0,0,0,0,2,1,2,1,-2.0
2016,100,1,P001389   ,0.0,1.0,UNK,18,"VORONOV, EVGENY",30:55,22,7,7,1,3,5,5,0,2,2,0,2,1,0,0,4,4,23,15.0
2016,100,1,P006594   ,0.0,0.0,UNK,19,"KARPUKHIN, ALEKSANDR",DNP,0,0,0,0,0,0,0,0,0,0,0,0,0,0,0,0,0,0,0.0
2016,100,1,PLSK      ,1.0,1.0,UNK,20,"PANIN, VADIM",28:56,2,1,1,0,1,0,0,0,2,2,0,1,2,0,0,4,1,-1,14.0
2016,100,1,PJUP      ,1.0,1.0,UNK,21,"KAIMAKOGLOU, KOSTAS",26:32,8,4,6,0,1,0,0,0,4,4,3,0,2,1,0,2,1,10,13.0
2016,100,1,P004259   ,0.0,1.0,UNK,22,"WILLIAMS, LATAVIOUS",18:01,0,0,5,0,0,0,0,3,4,7,0,0,1,1,1,2,1,0,6.0
2016,100,1,Team,0.0,0.0,UNK,,Team,,0,0,0,0,0,0,0,1,4,5,0,0,1,0,0,0,0,4,
2016,100,1,Total,,,UNK,,Total,200:00,73,23,43,6,16,9,11,7,30,37,16,5,15,5,3,18,15,83,
2016,100,0,PTFH      ,0.0,1.0,GAL,3,"PRELDZIC, EMIR",30:22,12,3,6,1,3,3,4,1,6,7,5,1,2,0,0,1,5,21,-6.0
2016,100,0,P000529   ,1.0,0.0,GAL,5,"MICOV, VLADIMIR",22:27,0,0,5,0,2,0,0,0,2,2,0,0,2,0,1,2,1,-9,-14.0
2016,100,0,P004119   ,0.0,0.0,GAL,7,"TYUS, ALEX",19:53,8,2,6,0,0,4,8,1,2,3,0,1,1,2,2,0,5,8,-11.0
2016,100,0,P004300   ,0.0,1.0,GAL,8,"KORKMAZ, CAN",02:24,2,1,1,0,1,0,0,0,1,1,0,0,0,0,0,1,0,1,3.0
2016,100,0,P003453   ,0.0,1.0,GAL,9,"THOMPSON, DEON",12:13,2,1,2,0,0,0,0,1,1,2,0,0,0,0,0,2,1,2,4.0
2016,100,0,P000357   ,1.0,1.0,GAL,10,"SCHILB, BLAKE",20:42,1,0,1,0,3,1,2,0,2,2,3,1,4,0,1,2,1,-4,-9.0
2016,100,0,P007355   ,0.0,0.0,GAL,14,"HACIYEVA, ORHAN",DNP,0,0,0,0,0,0,0,0,0,0,0,0,0,0,0,0,0,0,0.0
2016,100,0,PLHK      ,1.0,0.0,GAL,21,"PLEISS, TIBOR",18:38,6,1,6,0,0,4,4,0,3,3,0,1,1,0,0,1,2,5,-5.0
2016,100,0,P000494   ,1.0,0.0,GAL,32,"GULER, SINAN",34:15,17,5,7,2,5,1,2,0,4,4,6,3,0,1,1,3,2,23,-12.0
2016,100,0,P004997   ,1.0,0.0,GAL,33,"DIEBLER, JON",22:33,6,0,1,2,4,0,0,1,1,2,0,2,2,0,0,1,1,5,-11.0
2016,100,0,P002104   ,0.0,1.0,GAL,61,"KOKSAL, GOKSENIN",16:33,6,0,1,2,2,0,0,1,0,1,0,0,1,0,0,2,0,3,-4.0
2016,100,0,Team,0.0,0.0,GAL,,Team,,0,0,0,0,0,0,0,2,1,3,0,0,1,0,0,0,0,2,
2016,100,0,Total,,,GAL,,Total,200:00,60,13,36,7,20,13,20,7,23,30,14,9,14,3,5,15,18,57,
2016,101,1,P004418   ,0.0,1.0,MIL,1,"MCLEAN, JAMEL",25:37,16,7,10,0,0,2,2,5,4,9,2,0,3,0,0,3,6,24,-12.0
2016,101,1,P004159   ,0.0,0.0,MIL,7,"HICKMAN, RICKY",14:50,5,2,2,0,2,1,2,0,1,1,1,0,0,0,0,2,4,6,-15.0
2016,101,1,PJBX      ,1.0,1.0,MIL,9,"KALNIETIS, MANTAS",29:05,7,2,11,1,3,0,0,1,3,4,6,1,1,0,0,2,1,5,0.0
2016,101,1,PJDU      ,1.0,0.0,MIL,11,"RADULJICA, MIROSLAV",12:53,7,3,8,0,0,1,2,4,2,6,2,0,4,1,0,5,1,2,0.0
2016,101,1,P003514   ,1.0,0.0,MIL,12,"DRAGIC, ZORAN",16:38,9,3,3,1,3,0,0,1,0,1,0,0,2,0,0,0,0,6,-5.0
2016,101,1,PJEA      ,0.0,1.0,MIL,13,"MACVAN, MILAN",18:06,8,2,4,0,2,4,4,3,1,4,0,0,0,0,0,1,2,9,-3.0
2016,101,1,P006385   ,0.0,0.0,MIL,14,"PASCOLO, DAVIDE",DNP,0,0,0,0,0,0,0,0,0,0,0,0,0,0,0,0,0,0,0.0
2016,101,1,PKIW      ,0.0,0.0,MIL,20,"CINCIARINI, ANDREA",04:44,0,0,0,0,0,0,0,0,0,0,0,0,1,0,0,0,0,-1,-7.0
2016,101,1,P005001   ,1.0,0.0,MIL,21,"SANDERS, RAKIM",23:24,10,3,5,0,3,4,4,1,2,3,1,0,0,0,0,1,4,12,-13.0
2016,101,1,P003527   ,0.0,0.0,MIL,23,"ABASS, AWUDU",08:48,0,0,0,0,0,0,0,0,1,1,0,0,0,0,0,0,0,1,-14.0
2016,101,1,P002081   ,0.0,1.0,MIL,30,"CERELLA, BRUNO",17:11,5,0,0,1,2,2,3,0,0,0,2,0,0,0,0,1,1,5,2.0
2016,101,1,PCPR      ,1.0,1.0,MIL,43,"SIMON, KRUNOSLAV",28:44,5,1,4,1,4,0,0,0,2,2,3,1,3,0,0,1,0,1,-3.0
2016,101,1,Team,0.0,0.0,MIL,,Team,,0,0,0,0,0,0,0,2,4,6,0,0,0,0,0,0,0,6,
2016,101,1,Total,,,MIL,,Total,200:00,72,23,47,4,19,14,17,17,20,37,17,2,14,1,0,16,19,76,
2016,101,0,P006614   ,1.0,0.0,PAN,0,"SINGLETON, CHRIS",22:10,8,1,5,1,3,3,4,3,7,10,1,2,0,0,1,3,4,14,16.0
2016,101,0,P003482   ,1.0,0.0,PAN,2,"NICHOLS, DEMETRIS",14:01,0,0,0,0,1,0,0,0,1,1,0,0,2,0,0,2,0,-4,-4.0
2016,101,0,P002429   ,0.0,0.0,PAN,3,"RIVERS, K.C.",27:20,12,1,4,3,7,1,2,1,0,1,0,1,1,0,0,3,2,4,19.0
2016,101,0,P005985   ,0.0,1.0,PAN,5,"JAMES, MIKE",24:10,19,5,7,3,6,0,0,2,5,7,3,1,0,0,0,1,1,25,13.0
2016,101,0,P001142   ,0.0,0.0,PAN,8,"CALATHES, PAT",DNP,0,0,0,0,0,0,0,0,0,0,0,0,0,0,0,0,0,0,0.0
2016,101,0,PBEZ      ,0.0,0.0,PAN,9,"FOTSIS, ANTONIS",21:37,5,1,1,1,3,0,0,1,0,1,0,0,0,0,0,0,0,4,24.0
2016,101,0,P000464   ,0.0,1.0,PAN,11,"PAPPAS, NIKOS",14:35,4,0,0,0,2,4,4,1,1,2,1,0,1,0,0,2,2,4,-2.0
2016,101,0,P005918   ,1.0,0.0,PAN,12,"FELDEINE, JAMES",22:41,10,1,2,2,3,2,2,0,3,3,2,0,1,0,0,0,1,13,8.0
2016,101,0,P004218   ,0.0,1.0,PAN,15,"CHARALAMPOPOULOS, VASILIS",03:27,2,1,1,0,0,0,0,0,0,0,0,0,0,0,0,0,0,2,-7.0
2016,101,0,P005881   ,1.0,1.0,PAN,21,"GABRIEL, KENNY",09:25,0,0,1,0,3,0,0,1,1,2,1,1,2,0,0,3,0,-5,-9.0
2016,101,0,PAQU      ,0.0,1.0,PAN,29,"BOUROUSIS, IOANNIS",17:50,10,2,3,1,3,3,3,2,2,4,0,0,3,0,0,3,4,9,-2.0
2016,101,0,P001932   ,1.0,0.0,PAN,33,"CALATHES, NICK",22:44,16,5,6,2,3,0,0,1,1,2,6,2,2,0,0,2,2,22,14.0
2016,101,0,Team,0.0,0.0,PAN,,Team,,0,0,0,0,0,0,0,0,4,4,0,0,1,0,0,0,0,3,
2016,101,0,Total,,,PAN,,Total,200:00,86,17,30,13,34,13,15,12,25,37,14,7,13,0,1,19,16,91,
2016,102,1,PLIM      ,0.0,0.0,ULK,5,"HERSEK, BARIS",DNP,0,0,0,0,0,0,0,0,0,0,0,0,0,0,0,0,0,0,0.0
2016,102,1,P006503   ,1.0,1.0,ULK,8,"UDOH, EKPE",36:41,15,7,13,0,0,1,4,2,5,7,2,0,1,2,1,2,5,18,-10.0
2016,102,1,P002969   ,0.0,0.0,ULK,10,"MAHMUTOGLU, MELIH",08:15,0,0,0,0,0,0,0,1,0,1,0,0,0,0,0,0,0,1,-12.0
2016,102,1,PBAE      ,0.0,1.0,ULK,12,"ANTIC, PERO",19:13,7,0,2,2,3,1,2,0,4,4,1,0,2,0,0,4,1,3,11.0
2016,102,1,P001926   ,1.0,1.0,ULK,16,"SLOUKAS, KOSTAS",31:45,16,7,8,0,3,2,2,0,4,4,4,2,4,0,1,4,2,15,-6.0
2016,102,1,P007400   ,0.0,0.0,ULK,21,"NUNNALLY, JAMES",18:04,2,1,2,0,1,0,0,1,0,1,0,0,2,0,0,1,0,-2,-14.0
2016,102,1,P007423   ,0.0,0.0,ULK,22,"MINCHEV, YORDAN",DNP,0,0,0,0,0,0,0,0,0,0,0,0,0,0,0,0,0,0,0.0
2016,102,1,P000925   ,1.0,0.0,ULK,24,"VESELY, JAN",15:37,7,3,5,0,0,1,2,0,2,2,1,2,2,1,0,2,3,9,-8.0
2016,102,1,P004866   ,1.0,0.0,ULK,33,"KALINIC, NIKOLA",23:13,2,1,2,0,1,0,0,0,3,3,3,0,0,2,0,3,3,8,-14.0
2016,102,1,P001324   ,1.0,1.0,ULK,35,"DIXON, BOBBY",31:22,10,2,6,2,8,0,0,0,1,1,3,1,2,0,1,2,2,2,7.0
2016,102,1,P006399   ,0.0,0.0,ULK,44,"DUVERIOGLU, AHMET",DNP,0,0,0,0,0,0,0,0,0,0,0,0,0,0,0,0,0,0,0.0
2016,102,1,PCCD      ,0.0,1.0,ULK,70,"DATOME, LUIGI",15:50,5,2,3,0,1,1,1,2,2,4,1,0,0,0,1,4,1,4,11.0
2016,102,1,Team,0.0,0.0,ULK,,Team,,0,0,0,0,0,0,0,3,2,5,0,0,1,0,0,0,0,4,
2016,102,1,Total,,,ULK,,Total,200:00,64,23,41,4,17,6,11,9,23,32,15,5,14,5,4,22,17,62,
2016,102,0,P006661   ,0.0,1.0,DAR,1,"WILBEKIN, SCOTTIE",32:31,22,3,6,5,8,1,2,0,1,1,1,2,1,0,2,3,5,18,8.0
2016,102,0,P000497   ,1.0,0.0,DAR,4,"YAGMUR, MEHMET",04:41,0,0,0,0,1,0,0,0,0,0,1,0,2,0,0,0,0,-2,-1.0
2016,102,0,P004170   ,0.0,1.0,DAR,8,"BATUK, BIRKAN",07:14,2,0,0,0,0,2,2,0,1,1,0,0,0,0,0,1,2,4,7.0
2016,102,0,PJYB      ,1.0,1.0,DAR,9,"ERDEN, SEMIH",28:58,4,1,2,0,0,2,4,0,3,3,0,1,1,3,1,4,3,5,18.0
2016,102,0,P005838   ,1.0,1.0,DAR,11,"WANAMAKER, BRAD",31:39,12,2,4,2,3,2,2,1,4,5,1,2,6,0,0,3,2,10,0.0
2016,102,0,P004888   ,1.0,1.0,DAR,12,"CLYBURN, WILL",33:04,20,6,12,1,2,5,6,1,6,7,2,2,2,0,1,1,5,24,9.0
2016,102,0,P001833   ,1.0,0.0,DAR,18,"MOERMAN, ADRIEN",09:54,3,0,2,1,1,0,0,0,1,1,1,0,0,0,0,1,0,2,-9.0
2016,102,0,P003328   ,0.0,0.0,DAR,19,"ALDEMIR, FURKAN",12:55,4,1,2,0,0,2,2,2,1,3,0,1,0,1,1,2,1,6,-4.0
2016,102,0,PJPF      ,0.0,0.0,DAR,21,"SAVAS, OGUZ",DNP,0,0,0,0,0,0,0,0,0,0,0,0,0,0,0,0,0,0,0.0
2016,102,0,P005938   ,0.0,0.0,DAR,23,"ANDERSON, JAMES",18:31,2,1,5,0,2,0,0,1,3,4,2,0,2,0,0,2,1,-1,0.0
2016,102,0,P000436   ,0.0,0.0,DAR,45,"BERTANS, DAIRIS",06:18,0,0,0,0,1,0,0,1,0,1,0,0,0,0,0,0,0,0,3.0
2016,102,0,P004902   ,0.0,0.0,DAR,81,"HARANGODY, LUKE",14:15,2,1,1,0,2,0,0,0,2,2,0,0,0,0,0,1,0,1,4.0
2016,102,0,Team,0.0,0.0,DAR,,Team,,0,0,0,0,0,0,0,1,1,2,0,0,0,0,0,0,0,2,
2016,102,0,Total,,,DAR,,Total,200:00,71,15,34,9,20,14,18,7,23,30,8,8,14,4,5,18,19,69,
2016,103,1,P007200   ,1.0,1.0,BAS,0,"LARKIN, SHANE",28:31,14,3,6,2,4,2,2,1,1,2,2,3,4,1,0,2,5,16,-5.0
2016,103,1,PCBX      ,0.0,0.0,BAS,5,"PRIGIONI, PABLO",04:21,0,0,2,0,0,0,0,1,1,2,0,0,1,0,1,0,0,-2,0.0
2016,103,1,P007201   ,0.0,1.0,BAS,7,"VOIGTMANN, JOHANNES",29:10,7,2,4,0,4,3,4,3,5,8,2,0,0,0,0,2,3,11,-1.0
2016,103,1,P005099   ,1.0,1.0,BAS,8,"HANGA, ADAM",28:03,9,2,5,1,4,2,3,1,1,2,2,3,1,0,0,2,4,10,-7.0
2016,103,1,P006590   ,1.0,1.0,BAS,10,"BEAUBOIS, RODRIGUE",28:36,19,5,7,2,7,3,3,0,3,3,0,1,2,1,0,1,4,18,-2.0
2016,103,1,P003452   ,0.0,0.0,BAS,11,"BLAZIC, JAKA",08:59,0,0,2,0,1,0,0,0,1,1,0,1,1,0,1,1,0,-4,4.0
2016,103,1,P003540   ,1.0,0.0,BAS,12,"DIOP, ILIMANE",16:07,3,1,3,0,0,1,2,0,2,2,0,1,1,1,1,4,2,0,12.0
2016,103,1,P002744   ,1.0,1.0,BAS,14,"TILLIE, KIM",22:38,2,1,2,0,1,0,0,3,4,7,0,2,0,0,0,3,0,6,5.0
2016,103,1,P001133   ,0.0,0.0,BAS,23,"SHENGELIA, TORNIKE",12:05,5,2,7,0,1,1,1,1,4,5,1,1,1,0,0,2,2,5,-10.0
2016,103,1,P007427   ,0.0,0.0,BAS,34,"BUDINGER, CHASE",12:00,2,1,4,0,1,0,0,1,4,5,0,0,1,0,1,1,0,0,11.0
2016,103,1,P001633   ,0.0,0.0,BAS,55,"LUZ, RAFA",09:30,4,1,1,0,0,2,2,0,2,2,3,0,2,0,0,2,2,7,8.0
2016,103,1,Team,0.0,0.0,BAS,,Team,,0,0,0,0,0,0,0,3,2,5,0,0,0,0,0,0,0,5,
2016,103,1,Total,,,BAS,,Total,200:00,65,18,43,5,23,14,17,14,30,44,10,12,14,3,4,20,22,72,
2016,103,0,P003367   ,1.0,1.0,BAR,2,"RICE, TYRESE",30:27,15,2,8,2,7,5,6,1,2,3,8,3,4,0,1,2,4,14,4.0
2016,103,0,P007434   ,0.0,0.0,BAR,3,"HOLMES, JONATHAN",06:19,2,1,1,0,1,0,0,0,0,0,0,1,1,0,0,2,0,-1,1.0
2016,103,0,P001832   ,1.0,1.0,BAR,5,"DOELLMAN, JUSTIN",18:27,7,2,3,1,1,0,0,1,3,4,2,0,2,0,0,3,0,7,14.0
2016,103,0,P003508   ,0.0,0.0,BAR,6,"DORSEY, JOEY",13:10,2,1,2,0,0,0,0,1,1,2,0,0,2,1,0,3,1,0,-7.0
2016,103,0,P000556   ,1.0,1.0,BAR,10,"CLAVER, VICTOR",26:04,0,0,0,0,4,0,0,0,8,8,2,2,0,1,0,0,2,11,2.0
2016,103,0,PADI      ,0.0,0.0,BAR,11,"NAVARRO, JUAN CARLOS",13:40,2,1,4,0,3,0,0,0,1,1,0,0,2,0,1,0,2,-4,-4.0
2016,103,0,P003469   ,0.0,0.0,BAR,14,"VEZENKOV, ALEKSANDAR",15:14,3,0,2,1,3,0,0,1,0,1,0,1,0,0,0,3,0,-2,-18.0
2016,103,0,P003151   ,0.0,0.0,BAR,20,"ERIKSSON, MARCUS",13:56,0,0,0,0,0,0,0,0,3,3,1,2,2,0,0,2,1,3,-5.0
2016,103,0,P004178   ,1.0,1.0,BAR,25,"KOPONEN, PETTERI",26:20,13,2,3,3,6,0,0,0,1,1,3,0,1,0,1,2,3,12,1.0
2016,103,0,P005945   ,0.0,0.0,BAR,32,"RENFROE, ALEX",09:33,0,0,1,0,1,0,0,0,1,1,0,0,0,0,0,3,0,-4,-7.0
2016,103,0,P002507   ,1.0,1.0,BAR,44,"TOMIC, ANTE",26:50,18,6,10,0,0,6,7,2,5,7,1,0,1,2,0,2,7,27,4.0
2016,103,0,Team,0.0,0.0,BAR,,Team,,0,0,0,0,0,0,0,3,3,6,0,0,0,0,0,0,0,6,
2016,103,0,Total,,,BAR,,Total,200:00,62,15,34,7,26,11,13,9,28,37,17,9,15,4,3,22,20,69,
2016,104,1,P004903   ,1.0,1.0,TEL,0,"GOUDELOCK, ANDREW",35:13,19,1,6,4,7,5,5,0,4,4,5,0,3,0,0,2,3,18,-1.0
2016,104,1,P006536   ,0.0,0.0,TEL,3,"RUDD, VICTOR",26:35,16,6,8,0,2,4,4,1,7,8,3,0,4,0,0,2,2,19,-3.0
2016,104,1,P004862   ,1.0,1.0,TEL,4,"SEELEY, D.J.",28:36,14,1,2,3,4,3,3,1,1,2,4,1,3,0,1,3,2,14,1.0
2016,104,1,P001274   ,1.0,1.0,TEL,6,"SMITH, DEVIN",33:00,7,1,3,1,5,2,2,2,6,8,1,3,1,0,0,2,3,13,-7.0
2016,104,1,P002753   ,0.0,0.0,TEL,8,"YIVZORI, DAGAN",DNP,0,0,0,0,0,0,0,0,0,0,0,0,0,0,0,0,0,0,0.0
2016,104,1,PKJP      ,0.0,0.0,TEL,9,"MEKEL, GAL",DNP,0,0,0,0,0,0,0,0,0,0,0,0,0,0,0,0,0,0,0.0
2016,104,1,PLKX      ,0.0,0.0,TEL,10,"PNINI, GUY",13:31,2,1,2,0,0,0,0,0,1,1,0,0,0,0,0,0,1,3,2.0
2016,104,1,P000622   ,0.0,0.0,TEL,12,"OHAYON, YOGEV",14:14,7,0,1,1,1,4,4,0,1,1,2,0,0,0,0,2,3,10,-6.0
2016,104,1,P003443   ,1.0,1.0,TEL,13,"WEEMS, SONNY",19:23,0,0,2,0,1,0,0,0,4,4,2,1,6,0,0,4,1,-5,-2.0
2016,104,1,P004160   ,0.0,0.0,TEL,15,"LANDESBERG, SYLVEN",06:49,0,0,1,0,1,0,0,0,1,1,0,0,0,0,0,3,0,-4,-2.0
2016,104,1,P005154   ,1.0,1.0,TEL,24,"IVERSON, COLTON",22:39,11,4,5,0,0,3,3,3,3,6,0,0,6,0,0,2,4,12,-2.0
2016,104,1,Team,0.0,0.0,TEL,,Team,,0,0,0,0,0,0,0,0,1,1,0,0,0,0,0,0,0,1,
2016,104,1,Total,,,TEL,,Total,200:00,76,14,30,9,21,21,21,7,29,36,17,5,23,0,1,20,19,81,
2016,104,0,P001108   ,0.0,0.0,CSK,3,"KULAGIN, DMITRY",08:20,0,0,3,0,1,0,0,0,0,0,0,0,0,0,0,1,0,-5,-8.0
2016,104,0,P001438   ,0.0,0.0,CSK,5,"AUGUSTINE, JAMES",12:38,4,2,3,0,0,0,0,2,1,3,1,1,1,0,0,2,0,5,10.0
2016,104,0,PLLH      ,0.0,0.0,CSK,7,"FRIDZON, VITALY",21:39,13,2,2,2,6,3,3,0,3,3,5,1,1,0,0,2,2,17,4.0
2016,104,0,P003413   ,1.0,1.0,CSK,9,"JACKSON, AARON",28:44,12,3,5,2,5,0,0,0,1,1,5,3,3,0,0,1,2,14,17.0
2016,104,0,P004941   ,0.0,1.0,CSK,11,"ANTONOV, SEMEN",23:41,9,0,0,3,4,0,0,0,4,4,1,1,0,1,0,3,0,12,2.0
2016,104,0,PLOO      ,1.0,0.0,CSK,19,"FREELAND, JOEL",06:20,2,1,3,0,0,0,0,0,0,0,0,0,0,0,0,0,0,0,-8.0
2016,104,0,PLHI      ,1.0,0.0,CSK,20,"VORONTSEVICH, ANDREY",07:16,0,0,1,0,0,0,0,0,0,0,0,0,0,0,0,0,2,1,-10.0
2016,104,0,P006450   ,1.0,1.0,CSK,22,"HIGGINS, CORY",26:19,16,5,11,0,1,6,6,0,2,2,3,1,2,0,0,1,7,19,2.0
2016,104,0,P002276   ,0.0,0.0,CSK,30,"KULAGIN, MIKHAIL",16:09,9,3,3,1,4,0,1,0,0,0,0,1,1,0,0,2,2,5,4.0
2016,104,0,PBCQ      ,0.0,0.0,CSK,31,"KHRYAPA, VICTOR",11:41,0,0,1,0,3,0,0,0,4,4,2,0,0,0,0,0,1,3,6.0
2016,104,0,PJLX      ,1.0,1.0,CSK,41,"KURBANOV, NIKITA",16:11,6,1,3,1,1,1,1,2,2,4,1,1,0,0,0,3,1,8,-1.0
2016,104,0,P002812   ,0.0,1.0,CSK,42,"HINES, KYLE",21:02,9,4,4,0,0,1,4,2,2,4,0,0,1,0,0,4,3,8,2.0
2016,104,0,Team,0.0,0.0,CSK,,Team,,0,0,0,0,0,0,0,0,1,1,0,0,2,0,0,0,0,-1,
2016,104,0,Total,,,CSK,,Total,200:00,80,21,39,9,25,11,15,6,20,26,18,9,11,1,0,19,20,86,
2016,105,1,P001392   ,1.0,0.0,BAM,1,"CAUSEUR, FABIEN",27:16,17,5,8,2,4,1,1,0,2,2,3,0,2,0,0,1,4,18,15.0
2016,105,1,P002849   ,1.0,1.0,BAM,4,"MELLI, NICOLO",35:40,13,4,7,1,4,2,2,3,6,9,4,2,3,2,0,2,4,23,13.0
2016,105,1,PABN      ,1.0,1.0,BAM,6,"ZISIS, NIKOS",31:41,9,1,2,1,6,4,4,1,4,5,2,1,3,0,0,3,3,8,9.0
2016,105,1,P003703   ,0.0,0.0,BAM,7,"NIKOLIC, ALEKSEJ",00:07,0,0,0,0,0,0,0,0,0,0,0,0,0,0,0,0,0,0,-3.0
2016,105,1,P002506   ,0.0,0.0,BAM,8,"STAIGER, LUCCA",04:47,3,0,0,1,3,0,0,0,1,1,0,0,0,0,0,1,0,1,-6.0
2016,105,1,P004132   ,0.0,1.0,BAM,10,"THEIS, DANIEL",11:34,5,2,4,0,0,1,2,0,1,1,0,0,0,1,2,4,1,-1,5.0
2016,105,1,P007032   ,0.0,0.0,BAM,12,"LO, MAODO",02:13,0,0,0,0,0,0,0,0,0,0,0,0,0,0,0,0,0,0,4.0
2016,105,1,P000046   ,0.0,1.0,BAM,13,"STRELNIEKS, JANIS",26:17,9,3,5,1,2,0,0,1,3,4,7,3,1,0,0,2,0,17,11.0
2016,105,1,PLLM      ,0.0,0.0,BAM,14,"VEREMEENKO, VLADIMIR",05:19,0,0,0,0,0,0,0,0,0,0,0,0,0,0,0,1,0,-1,7.0
2016,105,1,P006421   ,1.0,1.0,BAM,21,"MILLER, DARIUS",32:09,20,2,3,5,9,1,1,0,2,2,2,2,1,1,0,3,1,19,14.0
2016,105,1,P006420   ,0.0,0.0,BAM,33,"HECKMANN, PATRICK",02:45,0,0,1,0,1,0,0,0,0,0,0,0,0,0,1,1,1,-3,-3.0
2016,105,1,PLEM      ,1.0,0.0,BAM,43,"RADOSEVIC, LEON",20:12,6,3,5,0,0,0,0,1,3,4,0,1,1,1,2,4,0,3,4.0
2016,105,1,Team,0.0,0.0,BAM,,Team,,0,0,0,0,0,0,0,5,3,8,0,0,1,0,0,0,0,7,
2016,105,1,Total,,,BAM,,Total,200:00,82,20,35,11,29,9,10,11,25,36,18,9,12,5,5,22,14,91,
2016,105,0,P005159   ,0.0,1.0,OLY,1,"GREEN, ERICK",24:34,8,2,4,0,3,4,4,0,2,2,1,1,0,0,0,1,4,10,-9.0
2016,105,0,P007182   ,0.0,0.0,OLY,2,"BIRCH, KHEM",15:28,6,2,4,0,0,2,6,2,2,4,1,1,1,0,1,1,4,7,-19.0
2016,105,0,P005984   ,0.0,1.0,OLY,4,"YOUNG, PATRIC",16:53,9,3,4,0,0,3,4,0,2,2,0,1,2,1,0,0,3,12,0.0
2016,105,0,P004292   ,0.0,0.0,OLY,5,"TOLIOPOULOS, VASSILIS",DNP,0,0,0,0,0,0,0,0,0,0,0,0,0,0,0,0,0,0,0.0
2016,105,0,P005161   ,0.0,1.0,OLY,6,"PAPAPETROU, IOANNIS",17:45,8,1,2,2,3,0,0,2,2,4,0,0,1,1,0,2,0,8,-10.0
2016,105,0,PJUO      ,1.0,0.0,OLY,7,"SPANOULIS, VASSILIS",29:30,15,4,8,2,6,1,1,0,1,1,4,1,4,0,1,2,4,10,-9.0
2016,105,0,P004429   ,1.0,0.0,OLY,10,"AGRAVANIS, DIMITRIOS",17:42,2,1,2,0,3,0,0,0,3,3,0,1,0,1,1,1,1,2,-3.0
2016,105,0,P003941   ,1.0,0.0,OLY,11,"MILUTINOV, NIKOLA",07:39,0,0,2,0,0,0,0,1,0,1,0,0,2,1,1,2,0,-5,5.0
2016,105,0,P001255   ,1.0,1.0,OLY,16,"PAPANIKOLAOU, KOSTAS",27:01,11,3,4,1,2,2,2,2,6,8,1,0,1,0,0,1,2,18,-8.0
2016,105,0,P003537   ,1.0,1.0,OLY,17,"MANTZARIS, VANGELIS",18:33,5,1,1,1,2,0,2,0,1,1,3,0,0,0,0,3,2,5,1.0
2016,105,0,P003608   ,0.0,0.0,OLY,24,"LOJESKI, MATT",22:42,4,1,3,0,2,2,2,0,1,1,2,0,1,1,1,0,2,4,-12.0
2016,105,0,P004290   ,0.0,0.0,OLY,27,"ATHINAIOU, IOANNIS",02:13,0,0,0,0,1,0,0,0,0,0,0,0,0,0,0,1,0,-2,-6.0
2016,105,0,Team,0.0,0.0,OLY,,Team,,0,0,0,0,0,0,0,1,2,3,0,0,1,0,0,0,0,2,
2016,105,0,Total,,,OLY,,Total,200:00,68,18,34,6,22,14,21,8,22,30,12,5,13,5,5,14,22,71,
2016,106,1,P006555   ,0.0,0.0,RED,0,"WOLTERS, NATE",03:48,5,1,1,1,1,0,0,0,3,3,0,0,2,0,0,1,0,5,-1.0
2016,106,1,P005942   ,1.0,0.0,RED,6,"DANGUBIC, NEMANJA",12:56,4,0,2,1,3,1,2,0,5,5,0,0,1,0,0,0,1,4,-4.0
2016,106,1,P002553   ,1.0,0.0,RED,9,"MITROVIC, LUKA",15:52,4,2,3,0,1,0,0,1,0,1,1,0,0,0,1,0,0,3,-4.0
2016,106,1,PLUO      ,0.0,1.0,RED,10,"LAZIC, BRANKO",29:31,5,1,2,1,1,0,0,1,2,3,0,0,0,0,0,4,4,7,6.0
2016,106,1,P004007   ,0.0,0.0,RED,13,"DOBRIC, OGNJEN",DNP,0,0,0,0,0,0,0,0,0,0,0,0,0,0,0,0,0,0,0.0
2016,106,1,PLRU      ,0.0,1.0,RED,19,"SIMONOVIC, MARKO",25:16,20,3,3,3,7,5,8,1,1,2,1,2,1,0,0,1,6,22,16.0
2016,106,1,P007395   ,0.0,0.0,RED,20,"RAKICEVIC, PETAR",DNP,0,0,0,0,0,0,0,0,0,0,0,0,0,0,0,0,0,0,0.0
2016,106,1,P005014   ,1.0,1.0,RED,22,"JENKINS, CHARLES",22:25,6,1,3,1,2,1,2,0,1,1,3,1,0,0,0,3,1,5,11.0
2016,106,1,P004004   ,0.0,0.0,RED,23,"GUDURIC, MARKO",19:27,12,2,2,2,4,2,3,0,3,3,0,1,3,0,0,4,3,9,17.0
2016,106,1,P004863   ,1.0,1.0,RED,24,"JOVIC, STEFAN",30:45,11,4,6,1,4,0,0,0,0,0,6,1,3,0,1,3,0,6,7.0
2016,106,1,P003479   ,1.0,0.0,RED,32,"KUZMIC, OGNJEN",19:56,11,5,10,0,0,1,1,4,4,8,1,0,1,0,0,1,2,15,4.0
2016,106,1,PCHX      ,0.0,1.0,RED,51,"BJELICA, MILKO",20:04,4,1,6,0,2,2,4,0,4,4,4,0,0,1,0,3,2,3,8.0
2016,106,1,Team,0.0,0.0,RED,,Team,,0,0,0,0,0,0,0,1,3,4,0,0,0,0,0,0,0,4,
2016,106,1,Total,,,RED,,Total,200:00,82,20,38,10,25,12,20,8,26,34,16,5,11,1,2,20,19,83,
2016,106,0,P005757   ,0.0,0.0,MAD,3,"RANDOLPH, ANTHONY",17:10,5,2,4,0,1,1,2,2,3,5,0,0,2,0,0,3,3,4,-13.0
2016,106,0,P002946   ,0.0,1.0,MAD,4,"DRAPER, DONTAYE",20:53,6,1,2,0,0,4,4,0,0,0,0,2,0,0,0,2,3,8,-5.0
2016,106,0,PAPR      ,0.0,0.0,MAD,6,"NOCIONI, ANDRES",08:40,1,0,0,0,2,1,2,0,2,2,0,1,2,0,0,4,1,-4,-6.0
2016,106,0,P005929   ,1.0,0.0,MAD,7,"DONCIC, LUKA",11:52,3,0,1,1,3,0,0,0,1,1,2,0,2,0,0,0,0,1,-8.0
2016,106,0,PAAX      ,1.0,0.0,MAD,9,"REYES, FELIPE",19:19,4,2,5,0,0,0,2,0,3,3,0,2,0,0,0,2,3,5,4.0
2016,106,0,P005927   ,1.0,1.0,MAD,14,"AYON, GUSTAVO",23:41,4,2,3,0,0,0,0,1,4,5,7,1,2,1,0,2,1,14,-5.0
2016,106,0,P001960   ,0.0,1.0,MAD,20,"CARROLL, JAYCEE",19:41,8,4,4,0,5,0,0,0,3,3,0,0,1,0,0,0,1,6,-16.0
2016,106,0,P005160   ,0.0,1.0,MAD,21,"HUNTER, OTHELLO",07:33,2,1,2,0,0,0,0,1,1,2,1,0,1,0,0,0,0,3,-3.0
2016,106,0,PTGB      ,1.0,0.0,MAD,23,"LLULL, SERGIO",30:06,12,4,7,0,6,4,4,0,4,4,5,1,4,0,1,2,6,12,-1.0
2016,106,0,P005836   ,0.0,0.0,MAD,33,"THOMPKINS, TREY",08:27,0,0,1,0,0,0,0,0,2,2,0,0,0,0,0,3,0,-2,-8.0
2016,106,0,P002358   ,0.0,0.0,MAD,36,"SUAREZ, ALEX",DNP,0,0,0,0,0,0,0,0,0,0,0,0,0,0,0,0,0,0,0.0
2016,106,0,P006546   ,1.0,1.0,MAD,44,"TAYLOR, JEFFERY",32:38,25,1,1,7,10,2,2,1,1,2,1,1,0,1,0,2,2,27,1.0
2016,106,0,Team,0.0,0.0,MAD,,Team,,0,0,0,0,0,0,0,2,4,6,0,0,1,0,0,0,0,5,
2016,106,0,Total,,,MAD,,Total,200:00,70,17,30,8,27,12,16,7,28,35,16,8,15,2,1,20,20,79,
2016,107,1,PTFH      ,1.0,1.0,GAL,3,"PRELDZIC, EMIR",17:31,8,1,2,2,4,0,0,0,1,1,0,0,2,0,0,1,1,4,-21.0
2016,107,1,P004119   ,1.0,1.0,GAL,7,"TYUS, ALEX",33:21,15,7,10,0,0,1,2,4,9,13,1,2,3,3,0,0,2,29,-14.0
2016,107,1,P004300   ,0.0,0.0,GAL,8,"KORKMAZ, CAN",04:19,2,0,0,0,1,2,2,0,0,0,0,0,2,0,0,0,1,0,1.0
2016,107,1,P003453   ,0.0,0.0,GAL,9,"THOMPSON, DEON",22:01,5,2,6,0,0,1,1,2,4,6,3,2,1,0,0,3,3,11,11.0
2016,107,1,P000357   ,1.0,0.0,GAL,10,"SCHILB, BLAKE",36:06,21,10,15,0,3,1,1,2,6,8,5,1,3,0,0,5,1,20,-9.0
2016,107,1,P005813   ,0.0,0.0,GAL,11,"ARAR, EGE",DNP,0,0,0,0,0,0,0,0,0,0,0,0,0,0,0,0,0,0,0.0
2016,107,1,P007355   ,0.0,0.0,GAL,14,"HACIYEVA, ORHAN",04:10,0,0,0,0,0,0,0,0,0,0,0,0,0,0,0,1,0,-1,-6.0
2016,107,1,PLHK      ,0.0,0.0,GAL,21,"PLEISS, TIBOR",06:55,4,2,4,0,1,0,0,2,2,4,0,0,0,1,0,2,0,4,6.0
2016,107,1,P000494   ,1.0,1.0,GAL,32,"GULER, SINAN",31:31,9,4,7,0,4,1,2,1,3,4,9,1,6,0,0,1,5,13,-5.0
2016,107,1,P004997   ,0.0,1.0,GAL,33,"DIEBLER, JON",27:39,9,3,4,1,4,0,0,2,0,2,2,2,2,0,0,4,1,6,1.0
2016,107,1,P002104   ,1.0,1.0,GAL,61,"KOKSAL, GOKSENIN",16:27,3,1,1,0,4,1,2,1,1,2,0,0,0,0,0,1,1,0,-14.0
2016,107,1,Team,0.0,0.0,GAL,,Team,,0,0,0,0,0,0,0,0,1,1,0,0,0,0,0,0,0,1,
2016,107,1,Total,,,GAL,,Total,200:00,76,30,49,3,21,7,10,14,27,41,20,8,19,4,0,18,15,87,
2016,107,0,P005094   ,0.0,0.0,IST,1,"THOMAS, DESHAUN",13:39,5,1,2,1,4,0,0,0,4,4,0,0,1,0,0,2,0,2,2.0
2016,107,0,P005800   ,0.0,0.0,IST,2,"HONEYCUTT, TYLER",22:08,3,0,2,1,2,0,0,1,6,7,3,0,3,0,0,0,0,7,6.0
2016,107,0,P003521   ,0.0,0.0,IST,4,"BALBAY, DOGUS",00:06,2,1,1,0,0,0,0,1,0,1,0,0,0,0,0,0,0,3,2.0
2016,107,0,P004425   ,1.0,1.0,IST,5,"BROWN, DERRICK",29:51,16,6,12,0,0,4,4,2,5,7,0,3,0,0,1,0,4,23,11.0
2016,107,0,P004088   ,1.0,0.0,IST,6,"OSMAN, CEDI",17:25,6,3,4,0,4,0,2,1,0,1,2,1,0,0,1,0,1,3,7.0
2016,107,0,P007122   ,0.0,0.0,IST,9,"GEYIK, SAMET",DNP,0,0,0,0,0,0,0,0,0,0,0,0,0,0,0,0,0,0,0.0
2016,107,0,P003024   ,1.0,1.0,IST,15,"GRANGER, JAYSON",24:48,9,4,6,0,1,1,1,1,2,3,2,0,1,0,0,3,2,9,10.0
2016,107,0,P004222   ,0.0,0.0,IST,23,"OMIC, ALEN",05:16,0,0,2,0,0,0,0,2,0,2,1,0,0,0,0,1,0,0,-6.0
2016,107,0,PKLT      ,0.0,1.0,IST,31,"HEURTEL, THOMAS",26:00,14,5,10,1,3,1,1,0,2,2,8,2,2,0,1,1,2,17,-11.0
2016,107,0,PLQV      ,0.0,0.0,IST,32,"MUTAF, MAXIM",02:18,0,0,0,0,0,0,0,1,0,1,0,0,1,0,0,2,0,-2,-10.0
2016,107,0,P004945   ,1.0,1.0,IST,33,"PAUL, BRANDON",27:15,19,1,1,3,9,8,8,0,1,1,1,5,2,0,0,3,5,20,26.0
2016,107,0,P003048   ,1.0,1.0,IST,42,"DUNSTON, BRYANT",31:14,12,4,9,0,0,4,6,5,3,8,0,2,2,0,1,3,4,13,13.0
2016,107,0,Team,0.0,0.0,IST,,Team,,0,0,0,0,0,0,0,0,1,1,0,0,1,0,0,0,0,0,
2016,107,0,Total,,,IST,,Total,200:00,86,25,49,6,23,18,22,14,24,38,17,13,13,0,4,15,18,95,
2016,108,1,P006433   ,1.0,1.0,ZAL,3,"PANGOS, KEVIN",16:26,6,0,4,2,4,0,0,0,0,0,0,1,0,0,0,1,0,0,-14.0
2016,108,1,P003210   ,0.0,1.0,ZAL,4,"LEKAVICIUS, LUKAS",23:51,9,3,8,1,3,0,0,0,2,2,6,0,0,0,1,3,3,9,4.0
2016,108,1,P004664   ,0.0,0.0,ZAL,6,"VALINSKAS, PAULIUS",02:31,0,0,0,0,0,0,0,0,0,0,1,0,1,0,0,0,0,0,1.0
2016,108,1,P002543   ,1.0,0.0,ZAL,9,"WESTERMANN, LEO",20:38,4,2,4,0,1,0,0,0,4,4,3,0,2,0,0,5,0,1,-13.0
2016,108,1,PKNO      ,1.0,0.0,ZAL,10,"SEIBUTIS, RENALDAS",15:42,2,1,1,0,1,0,0,0,0,0,1,0,2,0,0,3,0,-3,-16.0
2016,108,1,P006599   ,0.0,1.0,ZAL,12,"MOTUM, BROCK",25:52,11,2,2,1,3,4,4,1,3,4,1,0,0,0,0,1,3,16,9.0
2016,108,1,PBWI      ,1.0,0.0,ZAL,13,"JANKUNAS, PAULIUS",20:48,21,7,10,1,2,4,4,2,3,5,0,1,3,0,0,2,5,23,-13.0
2016,108,1,PBVE      ,0.0,0.0,ZAL,15,"JAVTOKAS, ROBERTAS",06:39,4,1,2,0,0,2,2,0,1,1,0,0,0,0,0,0,1,5,0.0
2016,108,1,PKPD      ,0.0,1.0,ZAL,21,"MILAKNIS, ARTURAS",17:51,2,1,1,0,3,0,0,0,1,1,2,1,0,0,0,1,1,3,11.0
2016,108,1,P001098   ,1.0,0.0,ZAL,23,"LIMA, AUGUSTO",06:45,0,0,0,0,0,0,0,0,1,1,0,0,2,0,0,2,0,-3,-7.0
2016,108,1,P000399   ,0.0,0.0,ZAL,44,"KAVALIAUSKAS, ANTANAS",17:08,14,6,7,0,0,2,2,3,3,6,0,0,1,0,0,1,1,18,-2.0
2016,108,1,P002329   ,0.0,1.0,ZAL,92,"ULANOVAS, EDGARAS",25:49,7,2,6,0,0,3,4,2,0,2,1,0,0,0,0,4,2,3,0.0
2016,108,1,Team,0.0,0.0,ZAL,,Team,,0,0,0,0,0,0,0,2,2,4,0,0,0,0,0,0,0,4,
2016,108,1,Total,,,ZAL,,Total,200:00,80,25,45,5,17,15,16,10,20,30,15,3,11,0,1,23,16,76,
2016,108,0,P005815   ,0.0,1.0,UNK,1,"JOHNSON, ORLANDO",11:04,5,0,1,1,3,2,2,0,1,1,0,0,1,0,0,1,1,2,4.0
2016,108,0,P002026   ,0.0,0.0,UNK,2,"ANTIPOV, PAVEL",03:15,0,0,0,0,0,0,0,0,0,0,1,0,0,0,0,1,0,0,4.0
2016,108,0,P001887   ,1.0,1.0,UNK,5,"LANGFORD, KEITH",34:33,26,7,9,2,5,6,8,0,4,4,3,2,2,0,0,1,11,36,20.0
2016,108,0,P006668   ,0.0,0.0,UNK,6,"STOLL, PAUL",05:17,0,0,0,0,0,0,0,0,1,1,0,0,1,0,0,1,0,-1,-8.0
2016,108,0,P003034   ,1.0,1.0,UNK,9,"PARAKHOUSKI, ARTSIOM",31:34,24,10,11,0,0,4,5,1,3,4,0,1,0,1,0,2,4,30,12.0
2016,108,0,P006533   ,1.0,1.0,UNK,10,"COLOM, QUINO",34:43,15,2,4,2,3,5,7,2,2,4,8,0,1,0,0,0,4,25,16.0
2016,108,0,P006360   ,0.0,0.0,UNK,12,"KLIMENKO, ARTEM",DNP,0,0,0,0,0,0,0,0,0,0,0,0,0,0,0,0,0,0,0.0
2016,108,0,PATS      ,0.0,0.0,UNK,13,"BANIC, MARKO",01:15,0,0,0,0,0,0,0,0,0,0,0,0,0,0,0,2,0,-2,-2.0
2016,108,0,P001389   ,0.0,0.0,UNK,18,"VORONOV, EVGENY",11:56,3,0,2,1,1,0,0,0,0,0,0,0,1,0,0,3,0,-3,-19.0
2016,108,0,PLSK      ,1.0,0.0,UNK,20,"PANIN, VADIM",21:15,0,0,0,0,2,0,0,0,1,1,4,0,1,0,0,0,1,3,6.0
2016,108,0,PJUP      ,1.0,1.0,UNK,21,"KAIMAKOGLOU, KOSTAS",36:42,13,2,7,3,6,0,0,1,5,6,6,2,2,0,0,3,0,14,11.0
2016,108,0,P004259   ,0.0,0.0,UNK,22,"WILLIAMS, LATAVIOUS",08:26,2,1,1,0,0,0,0,0,1,1,0,0,0,0,0,3,1,1,-4.0
2016,108,0,Team,0.0,0.0,UNK,,Team,,0,0,0,0,0,0,0,1,3,4,0,0,1,0,0,0,0,3,
2016,108,0,Total,,,UNK,,Total,200:00,88,22,35,9,20,17,22,5,21,26,22,5,10,1,0,17,22,108,
2016,109,1,P001108   ,0.0,0.0,CSK,3,"KULAGIN, DMITRY",03:24,0,0,0,0,0,0,0,0,1,1,0,0,0,0,0,1,0,0,-10.0
2016,109,1,PJDR      ,0.0,0.0,CSK,4,"TEODOSIC, MILOS",34:45,21,3,5,3,12,6,6,1,4,5,5,1,9,0,1,1,6,16,1.0
2016,109,1,P001438   ,0.0,0.0,CSK,5,"AUGUSTINE, JAMES",17:27,5,2,3,0,0,1,2,2,4,6,1,1,1,0,1,5,3,7,11.0
2016,109,1,PLLH      ,0.0,1.0,CSK,7,"FRIDZON, VITALY",11:25,2,0,1,0,1,2,2,0,0,0,0,0,0,0,0,2,1,-1,-7.0
2016,109,1,P003413   ,1.0,1.0,CSK,9,"JACKSON, AARON",31:16,11,5,8,0,3,1,2,0,1,1,6,0,2,0,1,2,3,9,-20.0
2016,109,1,P004941   ,0.0,0.0,CSK,11,"ANTONOV, SEMEN",11:29,3,0,1,1,1,0,0,0,4,4,0,0,0,1,0,3,0,4,-2.0
2016,109,1,PLOO      ,1.0,0.0,CSK,19,"FREELAND, JOEL",07:29,2,1,1,0,0,0,2,1,1,2,0,1,0,0,0,1,1,3,-9.0
2016,109,1,PLHI      ,1.0,1.0,CSK,20,"VORONTSEVICH, ANDREY",25:41,15,2,3,3,6,2,2,1,4,5,1,0,2,0,0,3,1,13,-3.0
2016,109,1,P006450   ,1.0,1.0,CSK,22,"HIGGINS, CORY",20:45,2,1,3,0,2,0,0,0,1,1,0,0,3,1,2,3,4,-4,-20.0
2016,109,1,PBCQ      ,0.0,0.0,CSK,31,"KHRYAPA, VICTOR",10:07,2,0,0,0,0,2,2,0,6,6,3,0,1,0,0,1,1,10,-8.0
2016,109,1,PJLX      ,1.0,1.0,CSK,41,"KURBANOV, NIKITA",32:58,12,1,1,2,4,4,5,1,3,4,0,1,1,0,1,1,5,16,0.0
2016,109,1,P002812   ,0.0,0.0,CSK,42,"HINES, KYLE",18:14,4,1,1,0,0,2,3,1,2,3,0,1,4,1,0,3,4,5,-13.0
2016,109,1,Team,0.0,0.0,CSK,,Team,,0,0,0,0,0,0,0,3,0,3,0,0,0,0,0,0,0,3,
2016,109,1,Total,,,CSK,,Total,225:00,79,16,27,9,29,20,26,10,31,41,16,5,23,3,6,26,29,81,
2016,109,0,PLIM      ,0.0,0.0,ULK,5,"HERSEK, BARIS",DNP,0,0,0,0,0,0,0,0,0,0,0,0,0,0,0,0,0,0,0.0
2016,109,0,P006503   ,0.0,0.0,ULK,8,"UDOH, EKPE",38:55,17,6,9,0,0,5,7,2,9,11,2,2,0,5,1,4,6,33,15.0
2016,109,0,P002969   ,0.0,1.0,ULK,10,"MAHMUTOGLU, MELIH",15:11,8,1,2,2,5,0,0,0,0,0,1,0,0,0,0,1,1,5,-1.0
2016,109,0,PBAE      ,1.0,0.0,ULK,12,"ANTIC, PERO",21:16,4,1,2,0,1,2,2,0,2,2,3,1,0,0,0,4,2,6,5.0
2016,109,0,P001926   ,1.0,0.0,ULK,16,"SLOUKAS, KOSTAS",13:13,3,1,3,0,0,1,1,0,1,1,2,1,2,0,0,5,1,-1,-9.0
2016,109,0,P007400   ,1.0,1.0,ULK,21,"NUNNALLY, JAMES",25:36,11,1,2,3,4,0,0,0,2,2,2,4,3,0,0,3,0,11,24.0
2016,109,0,P007423   ,0.0,0.0,ULK,22,"MINCHEV, YORDAN",DNP,0,0,0,0,0,0,0,0,0,0,0,0,0,0,0,0,0,0,0.0
2016,109,0,P000925   ,1.0,1.0,ULK,24,"VESELY, JAN",24:37,10,4,6,0,0,2,6,1,3,4,1,2,1,1,0,1,4,14,6.0
2016,109,0,P004866   ,0.0,1.0,ULK,33,"KALINIC, NIKOLA",20:20,13,3,7,1,2,4,4,1,1,2,1,1,0,0,1,4,4,11,16.0
2016,109,0,P001324   ,0.0,1.0,ULK,35,"DIXON, BOBBY",35:37,25,4,10,5,10,2,2,1,2,3,6,4,1,0,1,4,6,27,15.0
2016,109,0,P006399   ,0.0,0.0,ULK,44,"DUVERIOGLU, AHMET",DNP,0,0,0,0,0,0,0,0,0,0,0,0,0,0,0,0,0,0,0.0
2016,109,0,PCCD      ,1.0,0.0,ULK,70,"DATOME, LUIGI",30:15,4,2,4,0,3,0,0,2,0,2,2,0,3,0,0,3,2,-1,9.0
2016,109,0,Team,0.0,0.0,ULK,,Team,,0,0,0,0,0,0,0,1,3,4,0,0,1,0,0,0,0,3,
2016,109,0,Total,,,ULK,,Total,225:00,95,23,45,11,25,16,22,8,23,31,20,15,11,6,3,29,26,108,
2016,110,1,P006661   ,0.0,1.0,DAR,1,"WILBEKIN, SCOTTIE",32:54,23,3,7,5,9,2,2,1,2,3,5,2,2,0,0,2,1,22,2.0
2016,110,1,P000497   ,1.0,0.0,DAR,4,"YAGMUR, MEHMET",04:48,3,0,0,1,1,0,0,0,1,1,1,0,1,0,0,0,0,4,1.0
2016,110,1,P004170   ,0.0,0.0,DAR,8,"BATUK, BIRKAN",09:21,0,0,0,0,2,0,0,0,0,0,0,0,0,0,1,1,0,-4,-18.0
2016,110,1,PJYB      ,1.0,0.0,DAR,9,"ERDEN, SEMIH",14:16,3,1,2,0,0,1,5,0,3,3,3,0,1,0,0,2,4,5,19.0
2016,110,1,P005838   ,1.0,1.0,DAR,11,"WANAMAKER, BRAD",34:11,15,3,6,1,3,6,7,0,5,5,3,2,1,0,0,3,5,20,14.0
2016,110,1,P004888   ,1.0,1.0,DAR,12,"CLYBURN, WILL",36:26,20,7,16,1,4,3,4,5,7,12,0,1,3,1,0,2,5,21,9.0
2016,110,1,P001833   ,0.0,1.0,DAR,18,"MOERMAN, ADRIEN",05:47,0,0,1,0,1,0,0,1,1,2,0,0,0,0,0,2,0,-2,-16.0
2016,110,1,P003328   ,0.0,0.0,DAR,19,"ALDEMIR, FURKAN",06:31,0,0,0,0,0,0,0,1,0,1,0,0,0,0,0,0,1,2,-8.0
2016,110,1,PJPF      ,0.0,0.0,DAR,21,"SAVAS, OGUZ",DNP,0,0,0,0,0,0,0,0,0,0,0,0,0,0,0,0,0,0,0.0
2016,110,1,P005938   ,1.0,1.0,DAR,23,"ANDERSON, JAMES",22:25,11,2,4,1,5,4,4,2,3,5,1,1,1,1,0,1,3,14,-2.0
2016,110,1,P000436   ,0.0,0.0,DAR,45,"BERTANS, DAIRIS",06:08,0,0,0,0,1,0,0,0,0,0,0,0,0,0,0,0,0,-1,-9.0
2016,110,1,P004902   ,0.0,0.0,DAR,81,"HARANGODY, LUKE",27:13,11,3,4,1,1,2,2,2,4,6,0,1,0,2,0,5,1,15,18.0
2016,110,1,Team,0.0,0.0,DAR,,Team,,0,0,0,0,0,0,0,0,1,1,0,0,0,0,0,0,0,1,
2016,110,1,Total,,,DAR,,Total,200:00,86,19,40,10,27,18,24,12,27,39,13,7,9,4,1,18,20,97,
2016,110,0,P004903   ,1.0,1.0,TEL,0,"GOUDELOCK, ANDREW",35:54,23,4,13,5,6,0,0,0,8,8,3,1,2,0,0,3,2,22,1.0
2016,110,0,P006536   ,0.0,1.0,TEL,3,"RUDD, VICTOR",27:23,17,4,7,2,5,3,3,1,2,3,0,0,0,0,0,3,4,15,8.0
2016,110,0,P004862   ,1.0,0.0,TEL,4,"SEELEY, D.J.",14:41,0,0,1,0,2,0,0,0,3,3,2,1,1,0,0,4,0,-2,-7.0
2016,110,0,P001274   ,1.0,1.0,TEL,6,"SMITH, DEVIN",32:01,12,3,7,2,6,0,0,3,8,11,1,0,2,1,3,1,1,12,-4.0
2016,110,0,P002753   ,0.0,0.0,TEL,8,"YIVZORI, DAGAN",DNP,0,0,0,0,0,0,0,0,0,0,0,0,0,0,0,0,0,0,0.0
2016,110,0,PKJP      ,0.0,0.0,TEL,9,"MEKEL, GAL",DNP,0,0,0,0,0,0,0,0,0,0,0,0,0,0,0,0,0,0,0.0
2016,110,0,PLKX      ,0.0,0.0,TEL,10,"PNINI, GUY",04:18,3,0,1,1,2,0,0,0,1,1,0,0,0,0,1,0,0,1,3.0
2016,110,0,P000622   ,0.0,1.0,TEL,12,"OHAYON, YOGEV",27:08,4,2,4,0,2,0,0,0,0,0,3,0,1,0,0,2,0,0,3.0
2016,110,0,P003443   ,1.0,0.0,TEL,13,"WEEMS, SONNY",24:09,9,2,4,1,1,2,3,0,3,3,1,1,2,0,0,2,5,12,-1.0
2016,110,0,P004160   ,0.0,1.0,TEL,15,"LANDESBERG, SYLVEN",17:11,6,1,2,1,2,1,2,1,2,3,0,1,0,0,0,2,1,6,-2.0
2016,110,0,P005154   ,1.0,0.0,TEL,24,"IVERSON, COLTON",17:15,10,4,6,0,0,2,5,6,2,8,0,0,3,0,0,4,5,11,-11.0
2016,110,0,P004183   ,0.0,0.0,TEL,33,"ZIRBES, MAIK",DNP,0,0,0,0,0,0,0,0,0,0,0,0,0,0,0,0,0,0,0.0
2016,110,0,Team,0.0,0.0,TEL,,Team,,0,0,0,0,0,0,0,2,0,2,0,0,2,0,0,0,0,0,
2016,110,0,Total,,,TEL,,Total,200:00,84,20,45,12,26,8,13,13,29,42,10,4,13,1,4,21,18,77,
2016,111,1,P003367   ,1.0,0.0,BAR,2,"RICE, TYRESE",29:43,10,2,3,2,5,0,0,0,2,2,11,0,2,0,1,1,3,18,15.0
2016,111,1,P007434   ,0.0,0.0,BAR,3,"HOLMES, JONATHAN",DNP,0,0,0,0,0,0,0,0,0,0,0,0,0,0,0,0,0,0,0.0
2016,111,1,P001832   ,1.0,0.0,BAR,5,"DOELLMAN, JUSTIN",17:57,8,3,4,0,2,2,2,0,1,1,2,1,0,0,0,2,2,9,17.0
2016,111,1,P003508   ,0.0,1.0,BAR,6,"DORSEY, JOEY",18:41,8,1,2,0,0,6,8,3,7,10,2,2,1,0,0,2,4,20,-3.0
2016,111,1,P000556   ,1.0,0.0,BAR,10,"CLAVER, VICTOR",21:08,6,1,3,1,2,1,2,5,2,7,1,0,0,0,1,4,2,7,15.0
2016,111,1,PADI      ,1.0,0.0,BAR,11,"NAVARRO, JUAN CARLOS",20:00,8,1,3,2,7,0,0,0,2,2,2,0,0,0,0,2,2,5,20.0
2016,111,1,P003469   ,0.0,1.0,BAR,14,"VEZENKOV, ALEKSANDAR",22:03,13,4,4,1,4,2,2,2,2,4,3,1,1,0,0,0,1,18,-3.0
2016,111,1,P003151   ,0.0,1.0,BAR,20,"ERIKSSON, MARCUS",05:32,0,0,1,0,1,0,0,0,1,1,0,0,1,0,0,0,0,-2,-4.0
2016,111,1,P001972   ,0.0,0.0,BAR,24,"OLESON, BRAD",05:48,0,0,1,0,0,0,0,0,0,0,3,0,0,0,0,1,0,1,2.0
2016,111,1,P004178   ,0.0,1.0,BAR,25,"KOPONEN, PETTERI",16:52,15,0,1,5,7,0,0,0,0,0,0,1,1,0,0,3,1,10,-3.0
2016,111,1,P005945   ,0.0,1.0,BAR,32,"RENFROE, ALEX",20:57,2,1,2,0,1,0,0,0,0,0,1,0,1,0,0,2,3,1,-3.0
2016,111,1,P002507   ,1.0,0.0,BAR,44,"TOMIC, ANTE",21:19,19,9,10,0,0,1,2,1,5,6,5,1,1,2,0,1,3,32,17.0
2016,111,1,Team,0.0,0.0,BAR,,Team,,0,0,0,0,0,0,0,2,0,2,0,0,1,0,0,0,0,1,
2016,111,1,Total,,,BAR,,Total,200:00,89,22,34,11,29,12,16,13,22,35,30,6,9,2,2,18,21,120,
2016,111,0,P004418   ,0.0,0.0,MIL,1,"MCLEAN, JAMEL",16:51,5,2,3,0,1,1,1,0,2,2,1,1,2,1,1,4,1,2,-9.0
2016,111,0,P004499   ,0.0,0.0,MIL,2,"FONTECCHIO, SIMONE",03:48,0,0,0,0,0,0,0,1,0,1,1,0,0,0,0,1,0,1,-1.0
2016,111,0,P004159   ,0.0,0.0,MIL,7,"HICKMAN, RICKY",27:00,8,0,3,2,4,2,2,0,2,2,8,0,1,0,0,1,2,13,-4.0
2016,111,0,PJBX      ,1.0,1.0,MIL,9,"KALNIETIS, MANTAS",25:51,8,2,5,0,3,4,4,0,1,1,2,0,0,0,1,2,2,4,-8.0
2016,111,0,PJDU      ,1.0,1.0,MIL,11,"RADULJICA, MIROSLAV",23:09,2,1,8,0,0,0,0,3,0,3,1,0,0,0,0,3,1,-3,-5.0
2016,111,0,P003514   ,1.0,0.0,MIL,12,"DRAGIC, ZORAN",14:46,6,2,5,0,0,2,2,1,2,3,0,0,1,0,0,3,4,6,-18.0
2016,111,0,PJEA      ,0.0,1.0,MIL,13,"MACVAN, MILAN",22:17,11,4,4,0,1,3,5,2,2,4,1,0,0,0,0,0,3,16,-2.0
2016,111,0,P006385   ,0.0,0.0,MIL,14,"PASCOLO, DAVIDE",DNP,0,0,0,0,0,0,0,0,0,0,0,0,0,0,0,0,0,0,0.0
2016,111,0,PKIW      ,0.0,1.0,MIL,20,"CINCIARINI, ANDREA",25:29,8,4,7,0,0,0,0,1,3,4,3,1,2,0,0,3,1,9,-2.0
2016,111,0,P005001   ,1.0,1.0,MIL,21,"SANDERS, RAKIM",32:01,27,5,5,5,9,2,3,0,4,4,0,2,2,1,0,2,4,29,-7.0
2016,111,0,P003527   ,1.0,0.0,MIL,23,"ABASS, AWUDU",08:48,0,0,2,0,0,0,0,0,0,0,0,0,0,0,0,2,0,-4,-14.0
2016,111,0,P002081   ,0.0,0.0,MIL,30,"CERELLA, BRUNO",DNP,0,0,0,0,0,0,0,0,0,0,0,0,0,0,0,0,0,0,0.0
2016,111,0,Team,0.0,0.0,MIL,,Team,,0,0,0,0,0,0,0,2,2,4,0,0,1,0,0,0,0,3,
2016,111,0,Total,,,MIL,,Total,200:00,75,20,42,7,18,14,17,10,18,28,17,4,9,2,2,21,18,76,
2016,112,1,P006614   ,1.0,0.0,PAN,0,"SINGLETON, CHRIS",28:50,23,3,3,3,6,8,10,3,2,5,0,1,1,2,0,5,6,26,4.0
2016,112,1,P003482   ,1.0,1.0,PAN,2,"NICHOLS, DEMETRIS",11:39,3,0,1,1,2,0,0,0,2,2,0,1,0,0,0,4,0,0,-1.0
2016,112,1,P002429   ,0.0,1.0,PAN,3,"RIVERS, K.C.",34:37,4,0,2,1,5,1,2,0,2,2,0,2,0,0,1,1,1,0,2.0
2016,112,1,P005985   ,0.0,1.0,PAN,5,"JAMES, MIKE",22:49,16,4,8,2,4,2,2,2,1,3,0,0,0,0,1,3,2,11,1.0
2016,112,1,P003240   ,0.0,0.0,PAN,7,"BOCHORIDIS, ELEFTHERIOS",DNP,0,0,0,0,0,0,0,0,0,0,0,0,0,0,0,0,0,0,0.0
2016,112,1,PBEZ      ,0.0,0.0,PAN,9,"FOTSIS, ANTONIS",17:38,0,0,1,0,1,0,0,0,1,1,2,0,0,0,0,0,1,2,2.0
2016,112,1,P000464   ,0.0,0.0,PAN,11,"PAPPAS, NIKOS",03:19,0,0,2,0,0,0,0,0,0,0,0,1,0,0,1,0,0,-2,-8.0
2016,112,1,P005918   ,1.0,0.0,PAN,12,"FELDEINE, JAMES",17:11,6,2,2,0,3,2,4,0,0,0,3,1,0,0,0,0,3,8,0.0
2016,112,1,P004218   ,0.0,0.0,PAN,15,"CHARALAMPOPOULOS, VASILIS",DNP,0,0,0,0,0,0,0,0,0,0,0,0,0,0,0,0,0,0,0.0
2016,112,1,P005881   ,1.0,0.0,PAN,21,"GABRIEL, KENNY",08:02,0,0,0,0,1,0,0,0,0,0,0,0,0,0,0,2,1,-2,-1.0
2016,112,1,PAQU      ,0.0,1.0,PAN,29,"BOUROUSIS, IOANNIS",19:14,3,0,2,0,3,3,6,1,2,3,0,1,4,1,0,3,4,-3,-3.0
2016,112,1,P001932   ,1.0,1.0,PAN,33,"CALATHES, NICK",36:41,14,5,11,1,1,1,5,1,5,6,6,4,3,0,2,3,5,17,9.0
2016,112,1,Team,0.0,0.0,PAN,,Team,,0,0,0,0,0,0,0,1,5,6,0,0,0,0,0,0,0,6,
2016,112,1,Total,,,PAN,,Total,200:00,69,14,32,8,26,17,29,8,20,28,11,11,8,3,5,21,23,63,
2016,112,0,P007200   ,1.0,1.0,BAS,0,"LARKIN, SHANE",28:55,6,1,4,0,3,4,5,0,5,5,3,0,6,0,0,3,4,2,10.0
2016,112,0,PCBX      ,0.0,0.0,BAS,5,"PRIGIONI, PABLO",03:22,0,0,0,0,0,0,0,0,0,0,0,0,1,0,0,1,0,-2,-8.0
2016,112,0,P007201   ,0.0,0.0,BAS,7,"VOIGTMANN, JOHANNES",14:35,6,2,3,0,0,2,2,1,2,3,1,1,0,1,0,3,1,9,-7.0
2016,112,0,P005099   ,1.0,1.0,BAS,8,"HANGA, ADAM",23:22,12,4,6,1,2,1,1,0,3,3,1,0,1,1,0,4,2,11,-1.0
2016,112,0,P006590   ,1.0,1.0,BAS,10,"BEAUBOIS, RODRIGUE",26:27,11,2,4,1,3,4,4,0,2,2,2,0,2,1,0,0,2,12,6.0
2016,112,0,P003452   ,0.0,0.0,BAS,11,"BLAZIC, JAKA",05:57,0,0,0,0,0,0,0,0,1,1,0,0,1,0,0,3,0,-3,-4.0
2016,112,0,P003540   ,1.0,1.0,BAS,12,"DIOP, ILIMANE",25:22,10,5,8,0,0,0,2,3,7,10,1,0,1,2,1,3,3,16,6.0
2016,112,0,P002744   ,1.0,1.0,BAS,14,"TILLIE, KIM",17:21,4,1,2,0,0,2,2,2,3,5,1,0,1,0,0,3,1,6,-1.0
2016,112,0,P001133   ,0.0,0.0,BAS,23,"SHENGELIA, TORNIKE",22:18,17,6,14,0,0,5,5,1,4,5,1,1,3,0,2,1,5,15,-2.0
2016,112,0,P007427   ,0.0,0.0,BAS,34,"BUDINGER, CHASE",23:30,0,0,1,0,1,0,0,0,4,4,1,1,3,0,0,0,0,1,-1.0
2016,112,0,P001633   ,0.0,0.0,BAS,55,"LUZ, RAFA",08:51,2,1,2,0,0,0,0,0,2,2,1,0,0,0,0,3,1,2,-3.0
2016,112,0,Team,0.0,0.0,BAS,,Team,,0,0,0,0,0,0,0,3,1,4,0,0,0,0,0,0,0,4,
2016,112,0,Total,,,BAS,,Total,200:00,68,22,44,2,9,18,21,10,34,44,12,3,19,5,3,24,19,73,
2016,113,1,P005094   ,0.0,0.0,IST,1,"THOMAS, DESHAUN",07:24,2,1,3,0,1,0,0,0,0,0,0,0,0,0,0,2,0,-3,-7.0
2016,113,1,P005800   ,0.0,1.0,IST,2,"HONEYCUTT, TYLER",26:22,6,0,2,2,4,0,0,3,7,10,1,2,1,1,0,0,0,15,-9.0
2016,113,1,P003521   ,0.0,0.0,IST,4,"BALBAY, DOGUS",00:05,0,0,0,0,0,0,0,0,0,0,0,0,0,0,0,0,0,0,0.0
2016,113,1,P004425   ,1.0,1.0,IST,5,"BROWN, DERRICK",32:36,14,5,12,0,2,4,4,2,6,8,3,0,3,0,0,3,5,15,5.0
2016,113,1,P004088   ,1.0,0.0,IST,6,"OSMAN, CEDI",20:03,10,1,4,2,4,2,2,0,4,4,2,0,0,0,0,0,2,13,3.0
2016,113,1,P007122   ,0.0,0.0,IST,9,"GEYIK, SAMET",DNP,0,0,0,0,0,0,0,0,0,0,0,0,0,0,0,0,0,0,0.0
2016,113,1,P003024   ,1.0,0.0,IST,15,"GRANGER, JAYSON",17:32,4,1,3,0,0,2,3,0,2,2,4,2,0,0,1,2,3,9,2.0
2016,113,1,P004222   ,0.0,0.0,IST,23,"OMIC, ALEN",12:09,4,1,2,0,0,2,4,0,0,0,0,1,1,0,0,3,2,0,-4.0
2016,113,1,PKLT      ,0.0,1.0,IST,31,"HEURTEL, THOMAS",25:47,8,3,7,0,1,2,2,0,1,1,6,0,2,0,1,2,1,6,-5.0
2016,113,1,PLQV      ,0.0,0.0,IST,32,"MUTAF, MAXIM",01:34,0,0,0,0,0,0,0,0,0,0,0,0,0,0,0,0,0,0,0.0
2016,113,1,P004945   ,1.0,1.0,IST,33,"PAUL, BRANDON",28:37,16,0,4,3,6,7,7,0,0,0,2,2,1,1,0,1,4,16,3.0
2016,113,1,P003048   ,1.0,1.0,IST,42,"DUNSTON, BRYANT",27:51,14,5,7,0,0,4,7,2,3,5,0,1,0,1,0,3,4,17,2.0
2016,113,1,Team,0.0,0.0,IST,,Team,,0,0,0,0,0,0,0,0,0,0,0,0,2,0,0,0,0,-2,
2016,113,1,Total,,,IST,,Total,200:00,78,17,44,7,18,23,29,7,23,30,18,8,10,3,2,16,21,86,
2016,113,0,P005757   ,0.0,0.0,MAD,3,"RANDOLPH, ANTHONY",19:25,3,1,7,0,0,1,2,1,3,4,0,1,0,0,2,1,2,0,5.0
2016,113,0,P002946   ,0.0,0.0,MAD,4,"DRAPER, DONTAYE",17:00,3,0,1,1,3,0,0,0,1,1,3,1,1,0,0,2,2,4,3.0
2016,113,0,PBMT      ,0.0,1.0,MAD,5,"FERNANDEZ, RUDY",28:21,14,3,6,2,6,2,2,1,2,3,3,0,3,0,0,3,3,10,3.0
2016,113,0,PAPR      ,0.0,0.0,MAD,6,"NOCIONI, ANDRES",DNP,0,0,0,0,0,0,0,0,0,0,0,0,0,0,0,0,0,0,0.0
2016,113,0,P005929   ,1.0,1.0,MAD,7,"DONCIC, LUKA",23:00,17,4,6,3,4,0,0,0,5,5,9,0,1,0,0,0,4,31,-1.0
2016,113,0,PJCC      ,1.0,0.0,MAD,8,"MACIULIS, JONAS",20:02,8,1,1,2,4,0,0,0,1,1,0,0,0,0,0,3,0,4,-6.0
2016,113,0,PAAX      ,1.0,1.0,MAD,9,"REYES, FELIPE",15:49,8,3,4,0,0,2,2,1,2,3,0,1,1,1,0,2,1,10,-3.0
2016,113,0,P005927   ,1.0,1.0,MAD,14,"AYON, GUSTAVO",14:38,8,4,8,0,0,0,0,1,6,7,1,0,2,1,1,4,0,6,-2.0
2016,113,0,P001960   ,1.0,0.0,MAD,20,"CARROLL, JAYCEE",11:21,0,0,1,0,1,0,0,1,0,1,0,0,3,0,0,3,1,-6,-1.0
2016,113,0,P005160   ,0.0,0.0,MAD,21,"HUNTER, OTHELLO",20:56,6,3,6,0,0,0,0,2,6,8,0,5,2,0,0,3,2,13,3.0
2016,113,0,P005836   ,0.0,0.0,MAD,33,"THOMPKINS, TREY",09:37,6,0,0,2,2,0,0,0,1,1,0,0,0,0,0,1,0,6,1.0
2016,113,0,P006546   ,0.0,1.0,MAD,44,"TAYLOR, JEFFERY",19:51,7,1,1,1,2,2,2,1,1,2,0,0,0,0,0,0,1,9,8.0
2016,113,0,Team,0.0,0.0,MAD,,Team,,0,0,0,0,0,0,0,1,3,4,0,0,0,0,0,0,0,4,
2016,113,0,Total,,,MAD,,Total,200:00,80,20,41,11,22,7,8,9,31,40,16,8,13,2,3,22,16,91,
2016,114,1,P006555   ,0.0,1.0,RED,0,"WOLTERS, NATE",13:59,9,2,5,1,3,2,2,0,2,2,1,0,1,0,1,3,2,4,-1.0
2016,114,1,P005942   ,1.0,0.0,RED,6,"DANGUBIC, NEMANJA",19:12,7,2,3,1,1,0,0,1,1,2,0,1,1,1,0,1,0,8,12.0
2016,114,1,P002553   ,1.0,0.0,RED,9,"MITROVIC, LUKA",12:13,2,1,3,0,0,0,2,0,0,0,1,0,1,0,1,1,1,-3,7.0
2016,114,1,PLUO      ,0.0,1.0,RED,10,"LAZIC, BRANKO",24:10,2,1,2,0,4,0,0,0,2,2,0,1,2,0,0,3,1,-4,-1.0
2016,114,1,P004007   ,0.0,0.0,RED,13,"DOBRIC, OGNJEN",00:03,0,0,0,0,0,0,0,0,0,0,0,0,0,0,0,0,0,0,0.0
2016,114,1,PLRU      ,0.0,1.0,RED,19,"SIMONOVIC, MARKO",27:47,14,4,8,1,3,3,3,0,3,3,0,0,1,0,1,1,3,11,4.0
2016,114,1,P007395   ,0.0,0.0,RED,20,"RAKICEVIC, PETAR",DNP,0,0,0,0,0,0,0,0,0,0,0,0,0,0,0,0,0,0,0.0
2016,114,1,P005014   ,1.0,1.0,RED,22,"JENKINS, CHARLES",25:16,11,3,5,1,2,2,2,1,2,3,6,6,0,0,0,2,3,24,13.0
2016,114,1,P004004   ,0.0,0.0,RED,23,"GUDURIC, MARKO",15:20,9,2,2,0,1,5,5,0,3,3,1,1,3,0,0,3,3,10,-1.0
2016,114,1,P004863   ,1.0,0.0,RED,24,"JOVIC, STEFAN",22:00,6,3,4,0,1,0,0,1,4,5,3,1,3,0,0,4,3,9,11.0
2016,114,1,P003479   ,1.0,1.0,RED,32,"KUZMIC, OGNJEN",26:42,16,4,9,0,0,8,8,5,5,10,2,2,0,2,1,1,6,31,8.0
2016,114,1,PCHX      ,0.0,0.0,RED,51,"BJELICA, MILKO",13:18,2,1,2,0,1,0,0,1,1,2,0,0,1,0,0,0,2,3,3.0
2016,114,1,Team,0.0,0.0,RED,,Team,,0,0,0,0,0,0,0,1,3,4,0,0,0,0,0,0,0,4,
2016,114,1,Total,,,RED,,Total,200:00,78,23,43,4,16,20,22,10,26,36,14,12,13,3,4,19,24,97,
2016,114,0,P002100   ,1.0,1.0,CSK,1,"DE COLO, NANDO",16:20,6,3,7,0,1,0,0,0,2,2,1,0,2,0,0,1,3,4,-6.0
2016,114,0,PJDR      ,0.0,0.0,CSK,4,"TEODOSIC, MILOS",28:47,6,0,0,2,6,0,0,0,2,2,4,1,6,0,0,2,1,2,-10.0
2016,114,0,P001438   ,1.0,0.0,CSK,5,"AUGUSTINE, JAMES",15:48,3,1,4,0,0,1,1,2,4,6,0,0,0,0,1,2,1,4,-12.0
2016,114,0,PLLH      ,1.0,0.0,CSK,7,"FRIDZON, VITALY",08:00,2,0,1,0,1,2,2,0,0,0,0,1,1,1,0,1,1,1,-4.0
2016,114,0,P003413   ,1.0,1.0,CSK,9,"JACKSON, AARON",30:05,10,4,5,0,1,2,3,1,3,4,8,1,5,0,0,1,3,17,9.0
2016,114,0,P004941   ,0.0,0.0,CSK,11,"ANTONOV, SEMEN",07:22,2,1,2,0,0,0,0,1,1,2,1,1,0,0,0,4,0,1,-4.0
2016,114,0,PLHI      ,0.0,1.0,CSK,20,"VORONTSEVICH, ANDREY",25:45,21,3,3,5,9,0,0,0,2,2,1,0,1,1,0,2,1,19,3.0
2016,114,0,P006450   ,0.0,0.0,CSK,22,"HIGGINS, CORY",13:04,0,0,1,0,1,0,0,0,1,1,1,1,1,0,1,2,2,-1,-14.0
2016,114,0,P002276   ,0.0,0.0,CSK,30,"KULAGIN, MIKHAIL",DNP,0,0,0,0,0,0,0,0,0,0,0,0,0,0,0,0,0,0,0.0
2016,114,0,PBCQ      ,1.0,0.0,CSK,31,"KHRYAPA, VICTOR",10:07,0,0,3,0,1,0,0,1,1,2,0,0,0,1,0,2,3,0,-6.0
2016,114,0,PJLX      ,0.0,1.0,CSK,41,"KURBANOV, NIKITA",23:21,8,3,4,0,1,2,2,1,2,3,3,0,0,0,0,3,2,11,-8.0
2016,114,0,P002812   ,0.0,1.0,CSK,42,"HINES, KYLE",21:21,9,4,7,0,0,1,3,2,3,5,0,0,0,1,1,4,2,7,-3.0
2016,114,0,Team,0.0,0.0,CSK,,Team,,0,0,0,0,0,0,0,0,2,2,0,0,3,0,0,0,0,-1,
2016,114,0,Total,,,CSK,,Total,200:00,67,19,37,7,21,8,11,8,23,31,19,5,19,4,3,24,19,64,
2016,115,1,P004418   ,0.0,0.0,MIL,1,"MCLEAN, JAMEL",26:23,2,1,2,0,0,0,2,0,3,3,5,2,2,0,0,5,2,4,10.0
2016,115,1,P004499   ,0.0,1.0,MIL,2,"FONTECCHIO, SIMONE",09:26,2,1,1,0,2,0,0,0,0,0,0,0,0,0,0,3,1,-2,-12.0
2016,115,1,P004159   ,1.0,1.0,MIL,7,"HICKMAN, RICKY",33:15,15,1,6,3,5,4,5,1,2,3,2,1,2,0,0,3,4,12,-1.0
2016,115,1,PJBX      ,0.0,1.0,MIL,9,"KALNIETIS, MANTAS",23:52,16,4,8,2,2,2,2,1,0,1,0,1,5,1,0,1,2,11,-9.0
2016,115,1,PJDU      ,1.0,0.0,MIL,11,"RADULJICA, MIROSLAV",10:56,0,0,0,0,0,0,0,1,1,2,1,1,4,0,0,2,3,1,-13.0
2016,115,1,P003514   ,1.0,0.0,MIL,12,"DRAGIC, ZORAN",25:24,10,4,6,0,4,2,3,3,1,4,0,2,3,2,0,5,2,5,7.0
2016,115,1,PJEA      ,0.0,1.0,MIL,13,"MACVAN, MILAN",22:35,8,2,2,0,2,4,4,1,2,3,1,2,0,0,0,3,5,14,-3.0
2016,115,1,P006385   ,1.0,1.0,MIL,14,"PASCOLO, DAVIDE",10:54,2,1,3,0,0,0,0,2,1,3,0,0,0,0,0,3,0,0,-14.0
2016,115,1,PKIW      ,0.0,0.0,MIL,20,"CINCIARINI, ANDREA",06:45,0,0,2,0,0,0,0,0,1,1,1,0,1,0,0,1,0,-2,-7.0
2016,115,1,P005001   ,1.0,0.0,MIL,21,"SANDERS, RAKIM",24:08,15,6,9,1,3,0,2,0,5,5,1,2,1,2,0,3,1,15,7.0
2016,115,1,P003527   ,0.0,0.0,MIL,23,"ABASS, AWUDU",06:22,0,0,0,0,2,0,0,1,0,1,1,0,1,0,0,0,0,-1,-5.0
2016,115,1,P002081   ,0.0,0.0,MIL,30,"CERELLA, BRUNO",DNP,0,0,0,0,0,0,0,0,0,0,0,0,0,0,0,0,0,0,0.0
2016,115,1,Team,0.0,0.0,MIL,,Team,,0,0,0,0,0,0,0,2,2,4,0,0,0,0,0,0,0,4,
2016,115,1,Total,,,MIL,,Total,200:00,70,20,39,6,20,12,18,12,18,30,12,11,19,5,0,29,20,61,
2016,115,0,P006433   ,1.0,1.0,ZAL,3,"PANGOS, KEVIN",25:39,6,0,2,2,2,0,0,1,1,2,7,2,3,0,1,2,3,12,13.0
2016,115,0,P003210   ,0.0,0.0,ZAL,4,"LEKAVICIUS, LUKAS",16:11,9,2,3,0,0,5,6,0,0,0,1,0,2,0,0,1,5,10,-5.0
2016,115,0,P004664   ,0.0,0.0,ZAL,6,"VALINSKAS, PAULIUS",DNP,0,0,0,0,0,0,0,0,0,0,0,0,0,0,0,0,0,0,0.0
2016,115,0,P002543   ,1.0,1.0,ZAL,9,"WESTERMANN, LEO",27:55,2,0,1,0,3,2,2,0,1,1,5,2,2,0,1,0,2,5,10.0
2016,115,0,PKNO      ,0.0,0.0,ZAL,10,"SEIBUTIS, RENALDAS",05:12,2,0,0,0,1,2,2,0,1,1,0,0,1,0,0,0,1,2,1.0
2016,115,0,P006599   ,0.0,1.0,ZAL,12,"MOTUM, BROCK",25:31,9,1,6,1,2,4,4,2,0,2,2,1,0,0,1,4,4,7,9.0
2016,115,0,PBWI      ,1.0,0.0,ZAL,13,"JANKUNAS, PAULIUS",25:36,9,2,10,1,2,2,2,1,10,11,2,0,3,0,2,3,6,11,-2.0
2016,115,0,PBVE      ,1.0,0.0,ZAL,15,"JAVTOKAS, ROBERTAS",08:17,4,2,2,0,0,0,0,0,2,2,0,1,1,0,0,3,1,4,12.0
2016,115,0,PKPD      ,0.0,1.0,ZAL,21,"MILAKNIS, ARTURAS",21:18,16,0,0,4,6,4,4,1,1,2,0,1,1,0,0,2,3,17,5.0
2016,115,0,P001098   ,0.0,0.0,ZAL,23,"LIMA, AUGUSTO",12:49,6,2,4,0,0,2,2,1,1,2,1,2,2,0,0,2,2,7,1.0
2016,115,0,P000399   ,0.0,0.0,ZAL,44,"KAVALIAUSKAS, ANTANAS",07:10,4,2,2,0,0,0,0,0,0,0,0,0,1,0,0,4,0,-1,-2.0
2016,115,0,P002329   ,1.0,1.0,ZAL,92,"ULANOVAS, EDGARAS",24:22,11,4,4,1,1,0,0,1,3,4,1,2,3,0,0,1,1,15,-2.0
2016,115,0,Team,0.0,0.0,ZAL,,Team,,0,0,0,0,0,0,0,2,1,3,0,0,0,0,0,0,0,3,
2016,115,0,Total,,,ZAL,,Total,200:00,78,15,34,9,17,21,22,9,21,30,19,11,19,0,5,22,28,92,
2016,116,1,P007200   ,1.0,1.0,BAS,0,"LARKIN, SHANE",34:08,13,3,8,1,4,4,6,1,3,4,13,2,1,0,1,0,4,24,11.0
2016,116,1,PCBX      ,0.0,0.0,BAS,5,"PRIGIONI, PABLO",DNP,0,0,0,0,0,0,0,0,0,0,0,0,0,0,0,0,0,0,0.0
2016,116,1,P007201   ,1.0,0.0,BAS,7,"VOIGTMANN, JOHANNES",31:37,23,7,11,3,6,0,0,4,5,9,0,3,1,1,0,4,2,26,15.0
2016,116,1,P005099   ,1.0,1.0,BAS,8,"HANGA, ADAM",31:36,9,3,6,1,2,0,0,1,5,6,3,1,0,1,0,2,3,17,20.0
2016,116,1,P007230   ,0.0,0.0,BAS,9,"SEDEKERSKIS, TADAS",DNP,0,0,0,0,0,0,0,0,0,0,0,0,0,0,0,0,0,0,0.0
2016,116,1,P006590   ,1.0,1.0,BAS,10,"BEAUBOIS, RODRIGUE",28:10,14,3,4,2,11,2,3,0,0,0,3,1,1,0,0,2,1,5,2.0
2016,116,1,P003452   ,0.0,0.0,BAS,11,"BLAZIC, JAKA",02:37,0,0,0,0,0,0,0,0,0,0,0,0,0,0,0,0,0,0,1.0
2016,116,1,P003540   ,0.0,0.0,BAS,12,"DIOP, ILIMANE",05:48,4,2,3,0,0,0,0,1,0,1,0,0,1,0,0,4,1,0,-3.0
2016,116,1,P002744   ,0.0,1.0,BAS,14,"TILLIE, KIM",15:06,2,1,2,0,0,0,0,0,3,3,2,1,0,0,0,1,1,7,-3.0
2016,116,1,P001133   ,1.0,0.0,BAS,23,"SHENGELIA, TORNIKE",25:35,22,6,9,2,3,4,4,0,2,2,2,1,3,0,1,2,5,22,21.0
2016,116,1,P007427   ,0.0,1.0,BAS,34,"BUDINGER, CHASE",19:31,12,3,3,2,4,0,0,3,3,6,0,1,0,0,0,0,0,17,-1.0
2016,116,1,P001633   ,0.0,0.0,BAS,55,"LUZ, RAFA",05:52,2,1,2,0,0,0,0,0,0,0,1,1,1,0,0,2,0,0,2.0
2016,116,1,Team,0.0,0.0,BAS,,Team,,0,0,0,0,0,0,0,1,0,1,0,0,2,0,0,0,0,-1,
2016,116,1,Total,,,BAS,,Total,200:00,101,29,48,11,30,10,13,11,21,32,24,11,10,2,2,17,17,117,
2016,116,0,P004903   ,1.0,0.0,TEL,0,"GOUDELOCK, ANDREW",26:25,13,2,4,3,5,0,0,1,2,3,3,0,3,0,0,2,0,10,-13.0
2016,116,0,P006536   ,1.0,1.0,TEL,3,"RUDD, VICTOR",32:26,20,3,4,3,5,5,6,0,5,5,5,0,2,1,0,0,7,32,-8.0
2016,116,0,P004862   ,0.0,1.0,TEL,4,"SEELEY, D.J.",20:08,6,1,2,1,2,1,2,1,1,2,3,0,1,0,0,2,2,7,4.0
2016,116,0,P001274   ,0.0,0.0,TEL,6,"SMITH, DEVIN",22:45,8,1,4,2,2,0,0,0,3,3,0,0,1,0,0,2,0,5,-7.0
2016,116,0,PKJP      ,1.0,0.0,TEL,9,"MEKEL, GAL",09:34,7,2,2,1,1,0,0,0,1,1,5,0,2,0,0,3,0,8,-3.0
2016,116,0,PLKX      ,0.0,1.0,TEL,10,"PNINI, GUY",04:26,3,0,0,1,1,0,0,0,1,1,1,0,0,0,0,0,1,6,2.0
2016,116,0,P000622   ,0.0,0.0,TEL,12,"OHAYON, YOGEV",04:02,0,0,0,0,0,0,0,0,1,1,1,0,2,0,0,0,1,1,-2.0
2016,116,0,P003443   ,0.0,1.0,TEL,13,"WEEMS, SONNY",19:38,13,5,6,1,1,0,0,0,2,2,3,1,1,0,0,1,0,16,-6.0
2016,116,0,P004160   ,1.0,0.0,TEL,15,"LANDESBERG, SYLVEN",16:58,9,1,2,2,5,1,2,0,1,1,0,0,1,0,1,1,2,4,-13.0
2016,116,0,P005154   ,1.0,0.0,TEL,24,"IVERSON, COLTON",13:37,2,1,3,0,0,0,0,0,2,2,0,2,2,0,1,3,1,-1,-6.0
2016,116,0,P006657   ,0.0,1.0,TEL,30,"MILLER, QUINCY",14:13,0,0,4,0,0,0,0,1,3,4,0,0,1,0,0,1,0,-2,-2.0
2016,116,0,P004183   ,0.0,0.0,TEL,33,"ZIRBES, MAIK",15:48,7,2,3,0,0,3,4,1,1,2,0,1,3,1,0,4,3,5,-11.0
2016,116,0,Team,0.0,0.0,TEL,,Team,,0,0,0,0,0,0,0,0,3,3,0,0,0,0,0,0,0,3,
2016,116,0,Total,,,TEL,,Total,200:00,88,18,34,14,22,10,14,4,26,30,21,4,19,2,2,19,17,94,
2016,117,1,P005159   ,0.0,1.0,OLY,1,"GREEN, ERICK",20:06,11,0,3,3,4,2,2,0,2,2,1,1,1,0,1,4,1,6,4.0
2016,117,1,P007182   ,1.0,1.0,OLY,2,"BIRCH, KHEM",24:33,10,5,8,0,0,0,1,7,6,13,0,2,0,1,0,0,2,24,9.0
2016,117,1,P005984   ,0.0,0.0,OLY,4,"YOUNG, PATRIC",15:27,6,3,5,0,0,0,0,3,4,7,0,1,1,1,0,2,1,11,0.0
2016,117,1,P004292   ,0.0,0.0,OLY,5,"TOLIOPOULOS, VASSILIS",DNP,0,0,0,0,0,0,0,0,0,0,0,0,0,0,0,0,0,0,0.0
2016,117,1,P005161   ,1.0,0.0,OLY,6,"PAPAPETROU, IOANNIS",30:02,12,3,5,2,3,0,0,1,1,2,2,0,2,0,0,2,0,9,13.0
2016,117,1,PJUO      ,1.0,0.0,OLY,7,"SPANOULIS, VASSILIS",29:11,7,1,4,0,3,5,9,0,3,3,7,1,5,0,1,4,7,5,16.0
2016,117,1,P003941   ,0.0,0.0,OLY,11,"MILUTINOV, NIKOLA",DNP,0,0,0,0,0,0,0,0,0,0,0,0,0,0,0,0,0,0,0.0
2016,117,1,P001255   ,1.0,1.0,OLY,16,"PAPANIKOLAOU, KOSTAS",24:42,3,0,3,1,3,0,0,2,5,7,2,1,1,0,0,2,1,6,4.0
2016,117,1,P003537   ,1.0,1.0,OLY,17,"MANTZARIS, VANGELIS",30:58,8,1,5,2,9,0,0,0,1,1,1,2,2,0,2,2,3,-2,0.0
2016,117,1,P003608   ,0.0,1.0,OLY,24,"LOJESKI, MATT",25:01,14,4,6,2,4,0,0,0,3,3,2,0,0,1,0,2,2,16,-1.0
2016,117,1,P002871   ,0.0,0.0,OLY,26,"MARAGKOS, PARIS",DNP,0,0,0,0,0,0,0,0,0,0,0,0,0,0,0,0,0,0,0.0
2016,117,1,P004290   ,0.0,0.0,OLY,27,"ATHINAIOU, IOANNIS",DNP,0,0,0,0,0,0,0,0,0,0,0,0,0,0,0,0,0,0,0.0
2016,117,1,Team,0.0,0.0,OLY,,Team,,0,0,0,0,0,0,0,2,0,2,0,0,1,0,0,0,0,1,
2016,117,1,Total,,,OLY,,Total,200:00,71,17,39,10,26,7,12,15,25,40,15,8,13,3,4,18,17,76,
2016,117,0,PLIM      ,0.0,0.0,ULK,5,"HERSEK, BARIS",DNP,0,0,0,0,0,0,0,0,0,0,0,0,0,0,0,0,0,0,0.0
2016,117,0,P006503   ,1.0,0.0,ULK,8,"UDOH, EKPE",19:28,3,1,5,0,0,1,2,3,2,5,0,1,0,3,0,0,1,8,-13.0
2016,117,0,P002969   ,0.0,0.0,ULK,10,"MAHMUTOGLU, MELIH",06:39,0,0,1,0,1,0,0,0,0,0,0,0,0,0,0,0,1,-1,-8.0
2016,117,0,PBAE      ,1.0,0.0,ULK,12,"ANTIC, PERO",09:18,5,1,1,1,3,0,0,0,0,0,1,0,0,0,0,1,0,3,-1.0
2016,117,0,P001926   ,1.0,1.0,ULK,16,"SLOUKAS, KOSTAS",34:17,10,2,6,1,3,3,3,0,2,2,6,1,4,1,3,2,5,10,-3.0
2016,117,0,P005348   ,0.0,0.0,ULK,18,"ARNA, EGEHAN",01:09,0,0,0,0,0,0,0,0,0,0,0,0,0,0,0,1,0,-1,-1.0
2016,117,0,P007400   ,1.0,1.0,ULK,21,"NUNNALLY, JAMES",13:38,2,1,2,0,2,0,0,1,2,3,0,0,2,0,0,2,1,-1,-14.0
2016,117,0,P003783   ,0.0,0.0,ULK,23,"UGURLU, BERK",DNP,0,0,0,0,0,0,0,0,0,0,0,0,0,0,0,0,0,0,0.0
2016,117,0,P000925   ,0.0,1.0,ULK,24,"VESELY, JAN",30:53,22,10,13,0,0,2,2,5,5,10,0,0,0,0,0,2,2,29,-8.0
2016,117,0,P004866   ,0.0,1.0,ULK,33,"KALINIC, NIKOLA",29:45,1,0,2,0,1,1,2,1,4,5,3,1,3,0,0,3,3,3,0.0
2016,117,0,P001324   ,0.0,0.0,ULK,35,"DIXON, BOBBY",27:11,9,1,4,2,9,1,2,0,3,3,2,1,2,0,0,5,2,-1,6.0
2016,117,0,PCCD      ,1.0,1.0,ULK,70,"DATOME, LUIGI",27:42,10,2,5,2,3,0,0,1,4,5,0,0,1,0,0,1,2,11,-3.0
2016,117,0,Team,0.0,0.0,ULK,,Team,,0,0,0,0,0,0,0,2,1,3,0,0,2,0,0,0,0,1,
2016,117,0,Total,,,ULK,,Total,200:00,62,18,39,6,22,8,11,13,23,36,12,4,14,4,3,17,17,61,
2016,118,1,P003367   ,1.0,1.0,BAR,2,"RICE, TYRESE",28:42,13,1,3,2,6,5,7,0,3,3,4,2,1,0,1,4,4,12,5.0
2016,118,1,P007434   ,0.0,0.0,BAR,3,"HOLMES, JONATHAN",DNP,0,0,0,0,0,0,0,0,0,0,0,0,0,0,0,0,0,0,0.0
2016,118,1,P001832   ,1.0,0.0,BAR,5,"DOELLMAN, JUSTIN",22:18,11,3,5,1,2,2,2,0,2,2,0,2,1,0,0,1,4,14,6.0
2016,118,1,P003508   ,0.0,0.0,BAR,6,"DORSEY, JOEY",14:28,2,1,3,0,0,0,0,4,2,6,1,0,4,0,1,2,1,1,-4.0
2016,118,1,P000556   ,1.0,0.0,BAR,10,"CLAVER, VICTOR",21:15,4,1,2,0,1,2,2,0,3,3,1,1,1,0,0,0,1,7,-5.0
2016,118,1,PADI      ,1.0,1.0,BAR,11,"NAVARRO, JUAN CARLOS",19:54,6,0,1,2,6,0,0,0,1,1,5,0,0,0,0,3,0,4,4.0
2016,118,1,P003469   ,0.0,1.0,BAR,14,"VEZENKOV, ALEKSANDAR",17:49,12,3,3,2,3,0,1,1,3,4,1,0,1,0,0,2,3,15,1.0
2016,118,1,P003151   ,0.0,0.0,BAR,20,"ERIKSSON, MARCUS",DNP,0,0,0,0,0,0,0,0,0,0,0,0,0,0,0,0,0,0,0.0
2016,118,1,P001972   ,0.0,0.0,BAR,24,"OLESON, BRAD",13:22,2,1,1,0,1,0,0,0,1,1,2,0,0,0,0,1,0,3,3.0
2016,118,1,P004178   ,0.0,1.0,BAR,25,"KOPONEN, PETTERI",20:32,9,1,2,1,2,4,4,0,3,3,3,0,1,0,0,1,2,13,-3.0
2016,118,1,P005945   ,0.0,0.0,BAR,32,"RENFROE, ALEX",16:24,6,0,2,2,2,0,0,2,0,2,0,2,3,0,0,1,2,6,6.0
2016,118,1,P002507   ,1.0,1.0,BAR,44,"TOMIC, ANTE",25:16,16,8,8,0,0,0,2,1,1,2,5,1,1,0,0,1,3,23,7.0
2016,118,1,Team,0.0,0.0,BAR,,Team,,0,0,0,0,0,0,0,0,2,2,0,0,0,0,0,0,0,2,
2016,118,1,Total,,,BAR,,Total,200:00,81,19,30,10,23,13,18,8,21,29,22,8,13,0,2,16,20,100,
2016,118,0,P006661   ,0.0,1.0,DAR,1,"WILBEKIN, SCOTTIE",23:05,19,3,5,3,9,4,5,3,0,3,3,1,3,0,0,4,2,12,5.0
2016,118,0,P000497   ,0.0,0.0,DAR,4,"YAGMUR, MEHMET",DNP,0,0,0,0,0,0,0,0,0,0,0,0,0,0,0,0,0,0,0.0
2016,118,0,P004170   ,0.0,0.0,DAR,8,"BATUK, BIRKAN",11:59,0,0,1,0,2,0,0,2,0,2,0,0,0,0,0,1,1,-1,-11.0
2016,118,0,PJYB      ,1.0,0.0,DAR,9,"ERDEN, SEMIH",21:58,4,2,4,0,0,0,0,2,3,5,0,0,1,0,0,3,1,4,-14.0
2016,118,0,P005838   ,1.0,1.0,DAR,11,"WANAMAKER, BRAD",25:00,9,4,5,0,4,1,2,0,2,2,2,1,1,0,0,4,4,7,-6.0
2016,118,0,P004888   ,1.0,1.0,DAR,12,"CLYBURN, WILL",31:18,4,2,5,0,0,0,0,3,2,5,2,2,2,0,0,1,1,8,-5.0
2016,118,0,P001833   ,0.0,1.0,DAR,18,"MOERMAN, ADRIEN",21:17,11,1,2,3,7,0,0,0,2,2,1,1,1,0,0,1,0,8,1.0
2016,118,0,P003328   ,0.0,0.0,DAR,19,"ALDEMIR, FURKAN",DNP,0,0,0,0,0,0,0,0,0,0,0,0,0,0,0,0,0,0,0.0
2016,118,0,P005938   ,1.0,0.0,DAR,23,"ANDERSON, JAMES",33:36,21,5,9,3,6,2,2,1,5,6,2,1,2,0,0,2,4,23,9.0
2016,118,0,P004554   ,0.0,1.0,DAR,41,"ZIZIC, ANTE",16:23,4,2,3,0,1,0,0,2,4,6,0,2,1,2,0,2,1,10,10.0
2016,118,0,P000436   ,1.0,0.0,DAR,45,"BERTANS, DAIRIS",13:22,5,0,3,1,2,2,2,3,0,3,2,0,0,0,0,2,2,6,-8.0
2016,118,0,P004902   ,0.0,0.0,DAR,81,"HARANGODY, LUKE",02:02,0,0,0,0,2,0,0,0,1,1,0,0,0,0,0,0,0,-1,-1.0
2016,118,0,Team,0.0,0.0,DAR,,Team,,0,0,0,0,0,0,0,1,0,1,0,0,1,0,0,0,0,0,
2016,118,0,Total,,,DAR,,Total,200:00,77,19,37,10,33,9,11,17,19,36,12,8,12,2,0,20,16,76,
2016,119,1,P000529   ,1.0,1.0,GAL,5,"MICOV, VLADIMIR",31:51,11,2,8,2,5,1,2,2,0,2,4,0,2,0,0,3,2,4,-1.0
2016,119,1,P007595   ,0.0,0.0,GAL,6,"FITIPALDO, BRUNO",10:06,0,0,1,0,1,0,0,0,0,0,2,0,1,0,0,2,1,-2,-15.0
2016,119,1,P004119   ,0.0,1.0,GAL,7,"TYUS, ALEX",23:17,15,6,11,0,0,3,5,1,7,8,0,0,0,2,0,0,3,21,-8.0
2016,119,1,P004300   ,0.0,0.0,GAL,8,"KORKMAZ, CAN",DNP,0,0,0,0,0,0,0,0,0,0,0,0,0,0,0,0,0,0,0.0
2016,119,1,P003453   ,0.0,0.0,GAL,9,"THOMPSON, DEON",02:16,2,1,2,0,0,0,0,0,0,0,0,0,0,0,0,1,0,0,0.0
2016,119,1,P000357   ,1.0,1.0,GAL,10,"SCHILB, BLAKE",33:23,9,2,4,1,3,2,2,1,5,6,6,2,2,0,0,0,2,19,-12.0
2016,119,1,P005813   ,0.0,0.0,GAL,11,"ARAR, EGE",DNP,0,0,0,0,0,0,0,0,0,0,0,0,0,0,0,0,0,0,0.0
2016,119,1,PLHK      ,1.0,0.0,GAL,21,"PLEISS, TIBOR",14:27,15,5,6,1,1,2,3,3,1,4,0,1,1,1,0,4,4,18,-7.0
2016,119,1,P003472   ,0.0,1.0,GAL,25,"DAYE, AUSTIN",24:52,20,2,3,4,5,4,4,2,2,4,2,2,0,0,0,4,7,29,-10.0
2016,119,1,P000494   ,1.0,1.0,GAL,32,"GULER, SINAN",30:22,3,0,6,1,3,0,0,0,2,2,7,1,2,1,1,1,1,3,0.0
2016,119,1,P004997   ,0.0,0.0,GAL,33,"DIEBLER, JON",14:15,0,0,3,0,0,0,0,2,0,2,0,0,0,0,2,1,0,-4,-21.0
2016,119,1,P002104   ,1.0,0.0,GAL,61,"KOKSAL, GOKSENIN",15:11,0,0,1,0,2,0,0,0,0,0,0,0,1,0,0,2,0,-6,-1.0
2016,119,1,Team,0.0,0.0,GAL,,Team,,0,0,0,0,0,0,0,3,1,4,0,0,1,0,0,0,0,3,
2016,119,1,Total,,,GAL,,Total,200:00,75,18,45,9,20,12,16,14,18,32,21,6,10,4,3,18,20,85,
2016,119,0,P001392   ,1.0,0.0,BAM,1,"CAUSEUR, FABIEN",30:32,15,3,4,3,5,0,0,1,3,4,4,1,3,0,0,2,2,18,13.0
2016,119,0,P002849   ,1.0,1.0,BAM,4,"MELLI, NICOLO",28:19,10,3,3,1,1,1,2,2,7,9,3,2,4,0,0,2,3,20,16.0
2016,119,0,PABN      ,1.0,1.0,BAM,6,"ZISIS, NIKOS",21:39,11,1,4,2,4,3,4,0,3,3,0,0,0,0,0,2,3,9,10.0
2016,119,0,P003703   ,0.0,0.0,BAM,7,"NIKOLIC, ALEKSEJ",DNP,0,0,0,0,0,0,0,0,0,0,0,0,0,0,0,0,0,0,0.0
2016,119,0,P002506   ,0.0,0.0,BAM,8,"STAIGER, LUCCA",00:28,0,0,1,0,0,0,0,1,0,1,0,0,0,0,0,0,0,0,0.0
2016,119,0,P004132   ,0.0,1.0,BAM,10,"THEIS, DANIEL",23:12,14,6,11,0,1,2,2,7,7,14,2,0,2,3,1,4,1,21,8.0
2016,119,0,P007032   ,0.0,0.0,BAM,12,"LO, MAODO",06:51,5,1,3,1,1,0,0,0,0,0,0,0,1,0,1,1,0,0,2.0
2016,119,0,P000046   ,0.0,1.0,BAM,13,"STRELNIEKS, JANIS",26:41,18,1,5,5,7,1,2,0,3,3,4,0,2,0,1,2,2,15,6.0
2016,119,0,PLLM      ,0.0,0.0,BAM,14,"VEREMEENKO, VLADIMIR",05:31,2,1,1,0,0,0,1,1,0,1,0,0,0,0,0,1,2,3,10.0
2016,119,0,P006421   ,1.0,1.0,BAM,21,"MILLER, DARIUS",26:41,8,1,4,1,3,3,3,1,1,2,3,1,2,0,0,3,2,6,9.0
2016,119,0,P006420   ,0.0,0.0,BAM,33,"HECKMANN, PATRICK",18:49,5,1,2,1,1,0,0,0,1,1,1,0,0,0,1,2,1,4,5.0
2016,119,0,PLEM      ,1.0,0.0,BAM,43,"RADOSEVIC, LEON",11:17,2,1,2,0,0,0,1,0,3,3,1,0,1,0,0,1,1,3,-3.0
2016,119,0,Team,0.0,0.0,BAM,,Team,,0,0,0,0,0,0,0,1,0,1,0,0,0,0,0,0,0,1,
2016,119,0,Total,,,BAM,,Total,200:00,90,19,40,14,23,10,15,14,28,42,18,4,15,3,4,20,17,100,
2016,120,1,P005815   ,0.0,0.0,UNK,1,"JOHNSON, ORLANDO",20:23,5,1,3,1,1,0,0,1,2,3,0,0,0,1,1,0,0,6,-12.0
2016,120,1,P002026   ,1.0,1.0,UNK,2,"ANTIPOV, PAVEL",22:21,6,0,0,2,3,0,0,1,2,3,0,0,0,2,0,0,0,10,10.0
2016,120,1,P001887   ,1.0,1.0,UNK,5,"LANGFORD, KEITH",34:00,27,6,11,3,3,6,7,0,4,4,5,0,2,1,0,2,11,38,9.0
2016,120,1,P006668   ,0.0,0.0,UNK,6,"STOLL, PAUL",09:48,0,0,0,0,1,0,0,0,0,0,2,1,2,0,0,1,1,0,-2.0
2016,120,1,P003034   ,1.0,0.0,UNK,9,"PARAKHOUSKI, ARTSIOM",10:13,4,2,4,0,0,0,0,1,1,2,0,0,0,0,0,2,0,2,-7.0
2016,120,1,P006533   ,1.0,1.0,UNK,10,"COLOM, QUINO",31:55,16,4,7,2,7,2,2,0,3,3,3,1,3,0,0,0,1,13,0.0
2016,120,1,P006360   ,0.0,0.0,UNK,12,"KLIMENKO, ARTEM",DNP,0,0,0,0,0,0,0,0,0,0,0,0,0,0,0,0,0,0,0.0
2016,120,1,PATS      ,0.0,0.0,UNK,13,"BANIC, MARKO",17:39,4,2,3,0,0,0,0,1,0,1,1,0,0,0,0,0,0,5,-8.0
2016,120,1,P001389   ,0.0,1.0,UNK,18,"VORONOV, EVGENY",18:15,2,1,3,0,1,0,0,0,3,3,3,2,1,0,0,4,1,3,17.0
2016,120,1,PLSK      ,1.0,0.0,UNK,20,"PANIN, VADIM",05:39,0,0,0,0,0,0,0,0,2,2,0,0,1,0,0,0,0,1,-6.0
2016,120,1,P004259   ,0.0,1.0,UNK,22,"WILLIAMS, LATAVIOUS",29:47,19,9,14,0,0,1,2,4,5,9,1,0,1,1,1,3,1,20,9.0
2016,120,1,P007051   ,0.0,0.0,UNK,28,"TUKMAKOV, AZAT",DNP,0,0,0,0,0,0,0,0,0,0,0,0,0,0,0,0,0,0,0.0
2016,120,1,Team,0.0,0.0,UNK,,Team,,0,0,0,0,0,0,0,0,2,2,0,0,0,0,0,0,0,2,
2016,120,1,Total,,,UNK,,Total,200:00,83,25,45,8,16,9,11,8,24,32,15,4,10,5,2,12,15,100,
2016,120,0,P006614   ,1.0,1.0,PAN,0,"SINGLETON, CHRIS",29:33,12,4,7,1,3,1,1,2,6,8,1,2,2,1,2,2,3,16,3.0
2016,120,0,P003482   ,1.0,1.0,PAN,2,"NICHOLS, DEMETRIS",20:41,6,0,6,2,3,0,0,1,2,3,0,0,0,0,1,0,0,1,2.0
2016,120,0,P002429   ,0.0,1.0,PAN,3,"RIVERS, K.C.",23:32,6,0,0,2,3,0,0,1,1,2,0,0,0,0,0,3,1,5,1.0
2016,120,0,P005985   ,0.0,1.0,PAN,5,"JAMES, MIKE",22:11,13,5,7,1,4,0,0,1,3,4,5,1,3,0,1,2,1,13,-14.0
2016,120,0,P001142   ,0.0,0.0,PAN,8,"CALATHES, PAT",DNP,0,0,0,0,0,0,0,0,0,0,0,0,0,0,0,0,0,0,0.0
2016,120,0,PBEZ      ,0.0,0.0,PAN,9,"FOTSIS, ANTONIS",15:16,0,0,0,0,3,0,0,0,2,2,0,0,0,0,0,1,0,-2,-2.0
2016,120,0,P000464   ,0.0,0.0,PAN,11,"PAPPAS, NIKOS",DNP,0,0,0,0,0,0,0,0,0,0,0,0,0,0,0,0,0,0,0.0
2016,120,0,P005918   ,1.0,0.0,PAN,12,"FELDEINE, JAMES",26:03,6,3,5,0,3,0,0,0,1,1,5,0,0,0,0,3,0,4,3.0
2016,120,0,P004218   ,0.0,0.0,PAN,15,"CHARALAMPOPOULOS, VASILIS",DNP,0,0,0,0,0,0,0,0,0,0,0,0,0,0,0,0,0,0,0.0
2016,120,0,P005881   ,1.0,0.0,PAN,21,"GABRIEL, KENNY",14:03,2,0,1,0,1,2,2,0,1,1,0,0,0,0,0,1,1,1,-2.0
2016,120,0,PAQU      ,0.0,0.0,PAN,29,"BOUROUSIS, IOANNIS",15:22,13,3,5,1,2,4,4,4,3,7,0,0,1,1,0,1,5,21,-7.0
2016,120,0,P001932   ,1.0,1.0,PAN,33,"CALATHES, NICK",33:19,23,8,12,2,4,1,2,1,1,2,6,2,2,0,1,3,1,21,6.0
2016,120,0,Team,0.0,0.0,PAN,,Team,,0,0,0,0,0,0,0,2,0,2,0,0,0,0,0,0,0,2,
2016,120,0,Total,,,PAN,,Total,200:00,81,23,43,9,26,8,9,12,20,32,17,5,8,2,5,16,12,82,
2016,121,1,P005094   ,0.0,0.0,IST,1,"THOMAS, DESHAUN",11:50,2,1,5,0,3,0,0,3,0,3,0,0,2,0,2,1,0,-7,-2.0
2016,121,1,P005800   ,0.0,1.0,IST,2,"HONEYCUTT, TYLER",23:27,0,0,3,0,2,0,0,1,3,4,2,1,0,1,0,2,1,2,11.0
2016,121,1,P003521   ,0.0,0.0,IST,4,"BALBAY, DOGUS",DNP,0,0,0,0,0,0,0,0,0,0,0,0,0,0,0,0,0,0,0.0
2016,121,1,P004425   ,1.0,1.0,IST,5,"BROWN, DERRICK",30:28,13,4,7,1,1,2,2,0,3,3,1,2,2,1,0,2,2,15,13.0
2016,121,1,P004088   ,1.0,0.0,IST,6,"OSMAN, CEDI",16:33,6,0,2,2,2,0,0,0,1,1,0,0,0,0,0,2,0,3,0.0
2016,121,1,P007122   ,0.0,0.0,IST,9,"GEYIK, SAMET",DNP,0,0,0,0,0,0,0,0,0,0,0,0,0,0,0,0,0,0,0.0
2016,121,1,P003024   ,1.0,1.0,IST,15,"GRANGER, JAYSON",19:08,12,3,3,2,2,0,1,0,1,1,6,0,1,0,0,1,4,20,6.0
2016,121,1,P004222   ,0.0,0.0,IST,23,"OMIC, ALEN",11:11,6,3,6,0,0,0,0,2,0,2,0,0,0,0,2,1,0,2,-3.0
2016,121,1,PKLT      ,0.0,0.0,IST,31,"HEURTEL, THOMAS",22:16,8,4,10,0,1,0,4,2,6,8,7,1,2,0,1,0,4,14,9.0
2016,121,1,PLQV      ,0.0,0.0,IST,32,"MUTAF, MAXIM",15:47,9,0,0,3,5,0,0,1,2,3,1,4,1,0,0,2,2,14,8.0
2016,121,1,P004945   ,1.0,1.0,IST,33,"PAUL, BRANDON",22:49,11,2,5,2,4,1,3,0,3,3,0,2,2,2,1,2,3,9,-1.0
2016,121,1,P003048   ,1.0,1.0,IST,42,"DUNSTON, BRYANT",26:31,17,6,10,0,0,5,6,3,3,6,1,0,1,2,0,3,4,21,14.0
2016,121,1,Team,0.0,0.0,IST,,Team,,0,0,0,0,0,0,0,4,1,5,0,0,0,0,0,0,0,5,
2016,121,1,Total,,,IST,,Total,200:00,84,23,51,10,20,8,16,16,23,39,18,10,11,6,6,16,20,98,
2016,121,0,P000529   ,1.0,1.0,GAL,5,"MICOV, VLADIMIR",34:44,17,4,7,3,5,0,0,3,4,7,3,0,1,0,1,2,3,21,-16.0
2016,121,0,P007595   ,1.0,0.0,GAL,6,"FITIPALDO, BRUNO",20:35,6,0,3,2,4,0,0,0,0,0,2,0,2,0,1,4,2,-2,-1.0
2016,121,0,P004119   ,1.0,0.0,GAL,7,"TYUS, ALEX",23:47,16,8,10,0,0,0,0,1,9,10,1,0,3,3,0,2,2,25,-4.0
2016,121,0,P004300   ,0.0,0.0,GAL,8,"KORKMAZ, CAN",DNP,0,0,0,0,0,0,0,0,0,0,0,0,0,0,0,0,0,0,0.0
2016,121,0,P000357   ,1.0,1.0,GAL,10,"SCHILB, BLAKE",27:50,2,1,3,0,2,0,0,2,2,4,5,0,3,0,1,2,2,3,-11.0
2016,121,0,P005813   ,0.0,0.0,GAL,11,"ARAR, EGE",DNP,0,0,0,0,0,0,0,0,0,0,0,0,0,0,0,0,0,0,0.0
2016,121,0,P007355   ,0.0,0.0,GAL,14,"HACIYEVA, ORHAN",DNP,0,0,0,0,0,0,0,0,0,0,0,0,0,0,0,0,0,0,0.0
2016,121,0,PLHK      ,0.0,0.0,GAL,21,"PLEISS, TIBOR",15:16,6,1,4,0,0,4,4,0,3,3,0,0,0,2,0,0,2,10,-5.0
2016,121,0,P003472   ,1.0,1.0,GAL,25,"DAYE, AUSTIN",19:37,2,1,2,0,2,0,0,0,2,2,2,0,1,1,0,1,1,3,0.0
2016,121,0,P000494   ,0.0,1.0,GAL,32,"GULER, SINAN",31:45,20,4,6,4,6,0,0,0,2,2,2,2,3,0,1,2,2,18,-6.0
2016,121,0,P004997   ,0.0,1.0,GAL,33,"DIEBLER, JON",14:05,0,0,1,0,0,0,0,0,2,2,2,0,0,0,0,4,2,1,-4.0
2016,121,0,P002104   ,0.0,0.0,GAL,61,"KOKSAL, GOKSENIN",12:21,4,2,4,0,1,0,0,0,0,0,1,0,2,0,2,3,0,-5,-8.0
2016,121,0,Team,0.0,0.0,GAL,,Team,,0,0,0,0,0,0,0,1,1,2,0,0,0,0,0,0,0,2,
2016,121,0,Total,,,GAL,,Total,200:00,73,21,40,9,20,4,4,7,25,32,18,2,15,6,6,20,16,76,
2016,122,1,P001392   ,1.0,1.0,BAM,1,"CAUSEUR, FABIEN",28:50,7,2,4,1,4,0,0,0,2,2,5,1,2,0,1,0,2,9,7.0
2016,122,1,P002849   ,1.0,0.0,BAM,4,"MELLI, NICOLO",34:49,17,8,10,0,2,1,2,3,10,13,1,2,1,1,0,3,5,30,11.0
2016,122,1,PABN      ,1.0,0.0,BAM,6,"ZISIS, NIKOS",16:40,2,0,1,0,2,2,2,0,1,1,2,1,1,0,0,5,2,-1,8.0
2016,122,1,P002506   ,0.0,0.0,BAM,8,"STAIGER, LUCCA",01:56,0,0,0,0,1,0,0,0,0,0,0,0,0,0,0,0,0,-1,-1.0
2016,122,1,P004132   ,0.0,0.0,BAM,10,"THEIS, DANIEL",17:02,11,4,6,1,2,0,2,1,2,3,1,2,1,1,0,4,1,9,23.0
2016,122,1,P007032   ,0.0,0.0,BAM,12,"LO, MAODO",DNP,0,0,0,0,0,0,0,0,0,0,0,0,0,0,0,0,0,0,0.0
2016,122,1,P000046   ,0.0,1.0,BAM,13,"STRELNIEKS, JANIS",08:48,20,3,3,4,9,2,2,0,1,1,4,1,3,0,0,1,2,19,7.0
2016,122,1,PLLM      ,1.0,1.0,BAM,14,"VEREMEENKO, VLADIMIR",10:55,0,0,0,0,0,0,0,1,0,1,1,0,0,0,0,4,0,-2,-1.0
2016,122,1,P006421   ,1.0,1.0,BAM,21,"MILLER, DARIUS",31:03,20,1,4,6,8,0,0,0,2,2,1,1,1,0,0,2,1,17,23.0
2016,122,1,P006338   ,0.0,1.0,BAM,22,"McNEAL, JEREL",35:08,2,1,1,0,0,0,0,0,3,3,5,1,2,0,0,1,0,8,1.0
2016,122,1,P006420   ,0.0,0.0,BAM,33,"HECKMANN, PATRICK",DNP,0,0,0,0,0,0,0,0,0,0,0,0,0,0,0,0,0,0,0.0
2016,122,1,PLEM      ,0.0,0.0,BAM,43,"RADOSEVIC, LEON",34:52,6,3,4,0,0,0,0,1,1,2,1,0,0,1,0,0,0,9,9.0
2016,122,1,Team,0.0,0.0,BAM,,Team,,0,0,0,0,0,0,0,1,1,2,0,0,0,0,0,0,0,2,
2016,122,1,Total,,,BAM,,Total,220:03,85,22,33,12,28,5,8,7,23,30,21,9,11,3,1,20,13,99,
2016,122,0,P003367   ,1.0,0.0,BAR,2,"RICE, TYRESE",29:20,19,7,9,1,4,2,2,1,1,2,4,0,5,0,1,1,2,15,-11.0
2016,122,0,P007434   ,0.0,0.0,BAR,3,"HOLMES, JONATHAN",DNP,0,0,0,0,0,0,0,0,0,0,0,0,0,0,0,0,0,0,0.0
2016,122,0,P001832   ,1.0,0.0,BAR,5,"DOELLMAN, JUSTIN",15:27,5,1,1,1,3,0,0,2,3,5,1,2,2,0,0,1,2,10,-4.0
2016,122,0,P003508   ,0.0,0.0,BAR,6,"DORSEY, JOEY",04:58,0,0,1,0,0,0,0,0,1,1,0,0,0,0,1,0,0,-1,-4.0
2016,122,0,P000556   ,1.0,0.0,BAR,10,"CLAVER, VICTOR",00:53,1,0,0,0,1,1,2,0,1,1,0,1,1,0,0,2,1,-1,-7.0
2016,122,0,PADI      ,1.0,1.0,BAR,11,"NAVARRO, JUAN CARLOS",19:37,5,1,4,1,4,0,0,1,3,4,4,2,1,0,1,1,2,8,-18.0
2016,122,0,P003469   ,0.0,1.0,BAR,14,"VEZENKOV, ALEKSANDAR",24:33,9,2,2,1,2,2,2,0,2,2,0,0,0,1,0,2,1,10,-16.0
2016,122,0,P003151   ,0.0,0.0,BAR,20,"ERIKSSON, MARCUS",DNP,0,0,0,0,0,0,0,0,0,0,0,0,0,0,0,0,0,0,0.0
2016,122,0,P001972   ,0.0,0.0,BAR,24,"OLESON, BRAD",23:02,4,2,2,0,3,0,0,1,4,5,1,2,2,0,0,1,1,7,-9.0
2016,122,0,P004178   ,0.0,1.0,BAR,25,"KOPONEN, PETTERI",23:17,8,0,1,2,5,2,2,0,1,1,1,0,2,0,0,0,1,5,-9.0
2016,122,0,P005945   ,0.0,1.0,BAR,32,"RENFROE, ALEX",32:28,6,0,0,2,3,0,0,0,1,1,0,2,2,0,0,1,0,5,-3.0
2016,122,0,P002507   ,1.0,1.0,BAR,44,"TOMIC, ANTE",26:25,8,3,7,0,0,2,6,0,2,2,1,0,3,0,0,4,10,6,-19.0
2016,122,0,Team,0.0,0.0,BAR,,Team,,0,0,0,0,0,0,0,1,3,4,0,0,0,0,0,0,0,4,
2016,122,0,Total,,,BAR,,Total,200:00,65,16,27,8,25,9,14,6,22,28,12,9,18,1,3,13,20,68,
2016,123,1,P007200   ,1.0,0.0,BAS,0,"LARKIN, SHANE",19:10,7,1,2,1,4,2,2,1,0,1,8,0,2,0,0,1,5,14,12.0
2016,123,1,PBWZ      ,0.0,1.0,BAS,1,"BARGNANI, ANDREA",08:01,8,3,5,0,0,2,4,0,0,0,1,0,1,1,0,0,2,7,3.0
2016,123,1,PCBX      ,0.0,0.0,BAS,5,"PRIGIONI, PABLO",18:30,0,0,0,0,0,0,0,0,3,3,6,2,1,0,0,2,1,9,20.0
2016,123,1,P007201   ,1.0,1.0,BAS,7,"VOIGTMANN, JOHANNES",22:35,14,4,5,1,3,3,3,3,5,8,4,0,2,0,0,2,2,21,16.0
2016,123,1,P005099   ,1.0,0.0,BAS,8,"HANGA, ADAM",18:38,4,0,0,1,1,1,2,2,2,4,1,1,2,0,0,2,1,6,17.0
2016,123,1,P006590   ,0.0,0.0,BAS,10,"BEAUBOIS, RODRIGUE",19:23,29,7,8,5,8,0,0,0,0,0,1,0,0,0,0,1,0,25,21.0
2016,123,1,P003452   ,0.0,1.0,BAS,11,"BLAZIC, JAKA",16:15,6,0,1,2,3,0,0,0,1,1,2,0,0,0,0,3,1,5,9.0
2016,123,1,P003540   ,0.0,0.0,BAS,12,"DIOP, ILIMANE",14:53,8,4,4,0,0,0,0,0,2,2,0,0,2,0,0,2,0,6,14.0
2016,123,1,P002744   ,1.0,0.0,BAS,14,"TILLIE, KIM",15:59,8,4,5,0,2,0,0,1,3,4,1,2,0,0,0,2,0,10,13.0
2016,123,1,P001133   ,0.0,0.0,BAS,23,"SHENGELIA, TORNIKE",18:32,8,2,6,0,0,4,4,0,2,2,1,3,0,0,2,2,7,13,18.0
2016,123,1,P007427   ,1.0,1.0,BAS,34,"BUDINGER, CHASE",23:03,7,0,3,2,3,1,2,1,2,3,1,1,0,0,0,3,1,5,16.0
2016,123,1,P001633   ,0.0,1.0,BAS,55,"LUZ, RAFA",05:01,3,0,0,1,2,0,0,0,0,0,1,0,1,0,0,1,0,1,1.0
2016,123,1,Team,0.0,0.0,BAS,,Team,,0,0,0,0,0,0,0,3,1,4,0,0,0,0,0,0,0,4,
2016,123,1,Total,,,BAS,,Total,200:00,102,25,39,13,26,13,17,11,21,32,27,9,11,1,2,21,20,126,
2016,123,0,P005815   ,0.0,1.0,UNK,1,"JOHNSON, ORLANDO",18:21,8,4,5,0,1,0,0,0,1,1,0,1,2,0,0,3,1,4,-7.0
2016,123,0,P002026   ,1.0,1.0,UNK,2,"ANTIPOV, PAVEL",22:01,6,0,2,2,3,0,0,2,0,2,1,0,1,0,0,1,0,4,-13.0
2016,123,0,P007050   ,0.0,0.0,UNK,4,"CLARKE, COTY",17:33,0,0,2,0,2,0,0,1,2,3,0,1,3,0,0,2,0,-5,-19.0
2016,123,0,P001887   ,1.0,1.0,UNK,5,"LANGFORD, KEITH",31:00,19,2,6,1,3,12,15,3,3,6,5,0,3,0,1,0,12,29,-22.0
2016,123,0,P006668   ,0.0,1.0,UNK,6,"STOLL, PAUL",17:43,11,0,3,3,3,2,2,1,0,1,2,1,0,0,0,3,3,12,-15.0
2016,123,0,P003034   ,1.0,1.0,UNK,9,"PARAKHOUSKI, ARTSIOM",22:27,13,5,10,0,0,3,4,3,3,6,0,1,2,2,0,2,2,14,-13.0
2016,123,0,P006533   ,1.0,0.0,UNK,10,"COLOM, QUINO",18:28,8,1,4,2,3,0,0,2,3,5,3,0,3,0,0,0,0,9,-17.0
2016,123,0,P006360   ,0.0,0.0,UNK,12,"KLIMENKO, ARTEM",02:03,0,0,1,0,0,0,0,0,1,1,0,0,0,0,0,1,0,-1,-3.0
2016,123,0,PATS      ,0.0,0.0,UNK,13,"BANIC, MARKO",17:59,2,1,2,0,0,0,0,0,0,0,0,0,1,0,0,3,0,-3,-19.0
2016,123,0,P001389   ,0.0,0.0,UNK,18,"VORONOV, EVGENY",12:33,2,1,2,0,0,0,0,0,1,1,1,1,1,0,0,1,1,3,-12.0
2016,123,0,PLSK      ,1.0,0.0,UNK,20,"PANIN, VADIM",04:22,0,0,0,0,0,0,0,0,0,0,0,0,0,0,0,0,0,0,-4.0
2016,123,0,P004259   ,0.0,0.0,UNK,22,"WILLIAMS, LATAVIOUS",15:30,1,0,1,0,0,1,2,0,1,1,0,0,2,0,0,4,2,-4,-16.0
2016,123,0,Team,0.0,0.0,UNK,,Team,,0,0,0,0,0,0,0,1,2,3,0,0,1,0,0,0,0,2,
2016,123,0,Total,,,UNK,,Total,200:00,70,14,38,8,15,18,23,13,17,30,12,5,19,2,1,20,21,64,
2016,124,1,P004903   ,1.0,0.0,TEL,0,"GOUDELOCK, ANDREW",22:43,10,3,5,1,5,1,2,0,6,6,3,0,3,0,0,1,2,10,-8.0
2016,124,1,P006536   ,1.0,0.0,TEL,3,"RUDD, VICTOR",23:15,13,4,5,1,1,2,2,0,2,2,0,0,1,0,0,0,2,15,0.0
2016,124,1,P004862   ,0.0,1.0,TEL,4,"SEELEY, D.J.",26:59,12,2,3,2,4,2,4,0,3,3,4,1,2,1,1,3,4,14,2.0
2016,124,1,P001274   ,1.0,0.0,TEL,6,"SMITH, DEVIN",17:36,0,0,2,0,1,0,0,0,1,1,3,0,1,0,1,5,0,-6,0.0
2016,124,1,PKJP      ,0.0,0.0,TEL,9,"MEKEL, GAL",05:21,5,1,1,1,1,0,0,0,0,0,3,0,0,0,0,1,0,7,-2.0
2016,124,1,PLKX      ,0.0,0.0,TEL,10,"PNINI, GUY",02:50,0,0,0,0,0,0,0,0,0,0,1,0,0,0,0,0,0,1,-6.0
2016,124,1,P000622   ,0.0,0.0,TEL,12,"OHAYON, YOGEV",DNP,0,0,0,0,0,0,0,0,0,0,0,0,0,0,0,0,0,0,0.0
2016,124,1,P003443   ,1.0,1.0,TEL,13,"WEEMS, SONNY",35:12,24,7,10,2,6,4,5,0,5,5,8,1,1,0,0,0,4,33,2.0
2016,124,1,P004160   ,0.0,1.0,TEL,15,"LANDESBERG, SYLVEN",16:49,7,2,2,1,2,0,1,1,3,4,0,0,1,0,0,1,1,8,10.0
2016,124,1,P005154   ,0.0,0.0,TEL,24,"IVERSON, COLTON",12:49,6,3,4,0,0,0,0,3,1,4,0,1,0,0,0,3,2,9,-4.0
2016,124,1,P006657   ,1.0,1.0,TEL,30,"MILLER, QUINCY",18:23,3,0,0,1,3,0,0,0,2,2,1,1,0,2,0,4,0,3,7.0
2016,124,1,P004183   ,0.0,1.0,TEL,33,"ZIRBES, MAIK",18:03,13,4,5,0,0,5,7,1,2,3,0,0,0,0,1,4,5,13,4.0
2016,124,1,Team,0.0,0.0,TEL,,Team,,0,0,0,0,0,0,0,1,1,2,0,0,1,0,0,0,0,1,
2016,124,1,Total,,,TEL,,Total,200:00,93,26,37,9,23,14,21,6,26,32,23,4,10,3,3,22,20,108,
2016,124,0,P006661   ,0.0,1.0,DAR,1,"WILBEKIN, SCOTTIE",24:48,10,2,2,2,8,0,0,1,1,2,3,2,2,1,0,3,0,7,-9.0
2016,124,0,P000497   ,1.0,0.0,DAR,4,"YAGMUR, MEHMET",02:16,0,0,0,0,0,0,0,0,0,0,0,0,0,0,0,0,0,0,0.0
2016,124,0,P006641   ,0.0,0.0,DAR,7,"TUREN, METIN",DNP,0,0,0,0,0,0,0,0,0,0,0,0,0,0,0,0,0,0,0.0
2016,124,0,PJYB      ,1.0,0.0,DAR,9,"ERDEN, SEMIH",10:17,4,1,3,0,0,2,8,1,4,5,0,0,0,0,2,1,5,3,-14.0
2016,124,0,P005838   ,1.0,1.0,DAR,11,"WANAMAKER, BRAD",35:48,16,2,3,2,5,6,7,1,2,3,8,3,1,1,1,4,5,25,2.0
2016,124,0,P004888   ,0.0,1.0,DAR,12,"CLYBURN, WILL",26:00,17,4,8,2,5,3,5,6,2,8,3,0,2,0,0,3,4,18,3.0
2016,124,0,P001833   ,1.0,0.0,DAR,18,"MOERMAN, ADRIEN",25:31,11,2,7,2,6,1,2,1,4,5,3,1,0,0,0,2,1,9,2.0
2016,124,0,P003328   ,0.0,0.0,DAR,19,"ALDEMIR, FURKAN",01:36,0,0,1,0,0,0,0,0,1,1,0,0,0,0,0,0,0,0,-7.0
2016,124,0,P005938   ,1.0,1.0,DAR,23,"ANDERSON, JAMES",36:08,13,1,2,3,10,2,2,2,4,6,3,0,0,0,0,4,3,13,2.0
2016,124,0,P004554   ,0.0,1.0,DAR,41,"ZIZIC, ANTE",24:05,14,6,8,0,0,2,2,4,5,9,0,0,0,1,0,3,2,21,24.0
2016,124,0,P000436   ,0.0,0.0,DAR,45,"BERTANS, DAIRIS",05:55,0,0,0,0,2,0,0,0,0,0,2,0,0,0,0,0,0,0,4.0
2016,124,0,P004902   ,0.0,0.0,DAR,81,"HARANGODY, LUKE",07:36,7,1,4,1,2,2,2,3,0,3,0,0,0,0,0,1,1,6,-12.0
2016,124,0,Team,0.0,0.0,DAR,,Team,,0,0,0,0,0,0,0,2,1,3,0,0,0,0,0,0,0,3,
2016,124,0,Total,,,DAR,,Total,200:00,92,19,38,12,38,18,28,21,24,45,22,6,5,3,3,21,21,105,
2016,125,1,PLIM      ,0.0,0.0,ULK,5,"HERSEK, BARIS",DNP,0,0,0,0,0,0,0,0,0,0,0,0,0,0,0,0,0,0,0.0
2016,125,1,P006503   ,1.0,1.0,ULK,8,"UDOH, EKPE",29:10,18,8,10,0,0,2,5,1,7,8,1,1,2,1,0,3,4,23,9.0
2016,125,1,PBAE      ,0.0,0.0,ULK,12,"ANTIC, PERO",02:15,0,0,0,0,0,0,0,0,0,0,0,0,1,0,0,1,0,-2,0.0
2016,125,1,P002821   ,1.0,0.0,ULK,13,"BOGDANOVIC, BOGDAN",11:38,0,0,2,0,0,0,0,0,1,1,0,0,1,0,1,0,0,-3,-4.0
2016,125,1,P001926   ,0.0,0.0,ULK,16,"SLOUKAS, KOSTAS",17:57,8,2,4,1,2,1,2,0,1,1,3,1,2,0,0,1,2,8,-10.0
2016,125,1,P007400   ,0.0,1.0,ULK,21,"NUNNALLY, JAMES",31:13,19,3,5,4,6,1,1,0,3,3,5,2,2,0,0,3,3,23,6.0
2016,125,1,P003783   ,0.0,0.0,ULK,23,"UGURLU, BERK",DNP,0,0,0,0,0,0,0,0,0,0,0,0,0,0,0,0,0,0,0.0
2016,125,1,P000925   ,0.0,0.0,ULK,24,"VESELY, JAN",15:44,2,1,5,0,0,0,0,3,1,4,4,1,1,0,0,1,0,5,0.0
2016,125,1,P004866   ,1.0,1.0,ULK,33,"KALINIC, NIKOLA",28:36,10,4,5,0,0,2,2,0,2,2,2,1,3,0,0,2,2,11,7.0
2016,125,1,P001324   ,1.0,1.0,ULK,35,"DIXON, BOBBY",28:48,11,2,2,2,6,1,2,1,2,3,4,2,1,0,0,2,4,16,17.0
2016,125,1,P006399   ,0.0,0.0,ULK,44,"DUVERIOGLU, AHMET",07:30,1,0,0,0,0,1,2,2,2,4,0,0,0,1,0,0,2,7,0.0
2016,125,1,PCCD      ,1.0,1.0,ULK,70,"DATOME, LUIGI",27:09,17,4,8,3,5,0,0,0,1,1,1,1,1,1,1,3,4,14,10.0
2016,125,1,Team,0.0,0.0,ULK,,Team,,0,0,0,0,0,0,0,2,4,6,0,0,0,0,0,0,0,6,
2016,125,1,Total,,,ULK,,Total,200:00,86,24,41,10,19,8,14,9,24,33,20,9,14,3,2,16,21,108,
2016,125,0,P004418   ,0.0,1.0,MIL,1,"MCLEAN, JAMEL",20:14,12,5,8,0,0,2,5,1,2,3,2,4,2,1,1,4,4,13,-2.0
2016,125,0,P004499   ,0.0,1.0,MIL,2,"FONTECCHIO, SIMONE",17:00,4,2,5,0,0,0,0,2,1,3,2,0,0,0,1,0,1,6,-1.0
2016,125,0,P004159   ,0.0,1.0,MIL,7,"HICKMAN, RICKY",28:35,15,2,4,3,6,2,2,0,2,2,4,1,6,0,0,2,4,13,-8.0
2016,125,0,PJBX      ,1.0,1.0,MIL,9,"KALNIETIS, MANTAS",29:23,20,3,4,4,6,2,3,1,2,3,1,2,1,0,0,0,2,23,0.0
2016,125,0,PJDU      ,1.0,0.0,MIL,11,"RADULJICA, MIROSLAV",19:46,12,5,6,0,0,2,4,2,3,5,1,2,2,0,0,3,4,16,-5.0
2016,125,0,P003514   ,1.0,0.0,MIL,12,"DRAGIC, ZORAN",12:54,3,0,3,1,4,0,0,1,1,2,4,0,0,0,0,4,1,0,3.0
2016,125,0,PJEA      ,1.0,1.0,MIL,13,"MACVAN, MILAN",28:30,6,3,5,0,2,0,0,3,1,4,2,0,2,0,1,1,0,4,-11.0
2016,125,0,P006385   ,0.0,0.0,MIL,14,"PASCOLO, DAVIDE",DNP,0,0,0,0,0,0,0,0,0,0,0,0,0,0,0,0,0,0,0.0
2016,125,0,PKIW      ,0.0,0.0,MIL,20,"CINCIARINI, ANDREA",06:46,2,1,1,0,0,0,0,0,0,0,1,1,1,0,0,0,0,3,-4.0
2016,125,0,P003527   ,1.0,0.0,MIL,23,"ABASS, AWUDU",09:05,0,0,2,0,0,0,0,0,0,0,0,0,1,0,0,2,0,-5,-5.0
2016,125,0,PCPR      ,0.0,0.0,MIL,43,"SIMON, KRUNOSLAV",27:47,5,1,3,1,3,0,0,0,4,4,2,0,1,1,0,5,0,2,-2.0
2016,125,0,Team,0.0,0.0,MIL,,Team,,0,0,0,0,0,0,0,1,1,2,0,0,0,0,0,0,0,2,
2016,125,0,Total,,,MIL,,Total,200:00,79,22,41,9,21,8,14,11,17,28,19,10,16,2,3,21,16,77,
2016,126,1,P005159   ,0.0,1.0,OLY,1,"GREEN, ERICK",23:54,10,1,5,2,4,2,3,0,2,2,1,2,0,0,1,2,2,7,4.0
2016,126,1,P007182   ,1.0,1.0,OLY,2,"BIRCH, KHEM",21:12,11,5,5,0,0,1,2,3,6,9,1,1,2,2,0,2,1,20,2.0
2016,126,1,P005984   ,0.0,0.0,OLY,4,"YOUNG, PATRIC",14:15,6,2,3,0,0,2,2,1,3,4,0,1,1,1,0,1,1,10,6.0
2016,126,1,P005161   ,0.0,1.0,OLY,6,"PAPAPETROU, IOANNIS",21:36,13,1,1,3,4,2,2,0,4,4,3,0,1,0,0,1,1,18,11.0
2016,126,1,PJUO      ,1.0,1.0,OLY,7,"SPANOULIS, VASSILIS",27:57,12,2,3,0,3,8,8,0,3,3,7,1,5,0,2,2,7,17,3.0
2016,126,1,P004223   ,0.0,0.0,OLY,9,"WATERS, DOMINIC",09:48,3,0,1,1,1,0,0,0,0,0,2,1,2,0,0,3,0,0,10.0
2016,126,1,P004429   ,0.0,0.0,OLY,10,"AGRAVANIS, DIMITRIOS",00:18,0,0,0,0,0,0,0,0,0,0,0,0,0,0,0,0,0,0,-2.0
2016,126,1,P003941   ,0.0,0.0,OLY,11,"MILUTINOV, NIKOLA",04:15,2,1,1,0,0,0,0,0,0,0,0,0,0,0,0,2,0,0,2.0
2016,126,1,PAMM      ,1.0,0.0,OLY,15,"PRINTEZIS, GEORGIOS",18:24,7,2,9,0,1,3,4,1,2,3,1,0,1,0,1,1,3,2,-3.0
2016,126,1,P001255   ,1.0,1.0,OLY,16,"PAPANIKOLAOU, KOSTAS",25:43,6,1,2,1,4,1,1,0,1,1,0,2,3,1,0,2,3,4,6.0
2016,126,1,P003537   ,1.0,0.0,OLY,17,"MANTZARIS, VANGELIS",18:21,0,0,1,0,1,0,0,1,4,5,0,0,2,0,0,1,0,0,-1.0
2016,126,1,P003608   ,0.0,0.0,OLY,24,"LOJESKI, MATT",14:17,7,1,3,0,1,5,6,1,2,3,1,1,2,0,0,2,4,8,2.0
2016,126,1,Team,0.0,0.0,OLY,,Team,,0,0,0,0,0,0,0,2,1,3,0,0,0,0,0,0,0,3,
2016,126,1,Total,,,OLY,,Total,200:00,77,16,34,7,19,24,28,9,28,37,16,9,19,4,4,19,22,89,
2016,126,0,P006614   ,1.0,1.0,PAN,0,"SINGLETON, CHRIS",25:48,10,2,3,1,3,3,4,1,5,6,0,1,1,1,1,3,3,12,-3.0
2016,126,0,P003482   ,0.0,1.0,PAN,2,"NICHOLS, DEMETRIS",21:45,0,0,0,0,1,0,0,0,2,2,0,0,0,0,0,0,1,2,-4.0
2016,126,0,P002429   ,0.0,1.0,PAN,3,"RIVERS, K.C.",29:18,23,5,9,3,3,4,4,1,2,3,1,2,2,0,1,4,5,23,6.0
2016,126,0,P005985   ,0.0,1.0,PAN,5,"JAMES, MIKE",30:17,24,9,13,1,3,3,5,2,4,6,2,3,2,1,0,2,5,29,-2.0
2016,126,0,PBEZ      ,1.0,0.0,PAN,9,"FOTSIS, ANTONIS",18:06,0,0,0,0,2,0,0,0,4,4,0,0,1,0,0,2,1,0,-4.0
2016,126,0,P000464   ,0.0,0.0,PAN,11,"PAPPAS, NIKOS",08:11,0,0,1,0,0,0,0,0,1,1,1,1,2,0,1,1,0,-2,4.0
2016,126,0,P005918   ,1.0,1.0,PAN,12,"FELDEINE, JAMES",24:36,5,1,7,1,1,0,0,0,1,1,1,3,1,1,1,2,0,1,-15.0
2016,126,0,P004218   ,0.0,0.0,PAN,15,"CHARALAMPOPOULOS, VASILIS",DNP,0,0,0,0,0,0,0,0,0,0,0,0,0,0,0,0,0,0,0.0
2016,126,0,P005881   ,0.0,0.0,PAN,21,"GABRIEL, KENNY",DNP,0,0,0,0,0,0,0,0,0,0,0,0,0,0,0,0,0,0,0.0
2016,126,0,P000880   ,1.0,0.0,PAN,25,"GENTILE, ALESSANDRO",08:05,0,0,5,0,0,0,0,0,0,0,1,1,0,1,0,1,0,-3,-12.0
2016,126,0,PAQU      ,0.0,0.0,PAN,29,"BOUROUSIS, IOANNIS",14:21,3,0,2,1,2,0,0,0,1,1,0,0,2,0,0,3,2,-2,-5.0
2016,126,0,P001932   ,1.0,0.0,PAN,33,"CALATHES, NICK",19:33,4,2,3,0,4,0,2,3,0,3,3,4,4,0,0,4,2,1,-5.0
2016,126,0,Team,0.0,0.0,PAN,,Team,,0,0,0,0,0,0,0,1,1,2,0,0,0,0,0,0,0,2,
2016,126,0,Total,,,PAN,,Total,200:00,69,19,43,7,19,10,15,8,21,29,9,15,15,4,4,22,19,63,
2016,127,1,P005757   ,0.0,1.0,MAD,3,"RANDOLPH, ANTHONY",21:50,14,5,12,1,1,1,1,6,3,9,1,0,5,1,0,2,1,12,3.0
2016,127,1,PBMT      ,0.0,0.0,MAD,5,"FERNANDEZ, RUDY",20:27,1,0,2,0,4,1,2,3,3,6,4,2,0,0,0,3,2,5,-1.0
2016,127,1,PAPR      ,0.0,0.0,MAD,6,"NOCIONI, ANDRES",DNP,0,0,0,0,0,0,0,0,0,0,0,0,0,0,0,0,0,0,0.0
2016,127,1,P005929   ,0.0,1.0,MAD,7,"DONCIC, LUKA",24:32,9,0,0,2,5,3,6,0,1,1,5,1,1,1,0,1,3,12,14.0
2016,127,1,PJCC      ,1.0,1.0,MAD,8,"MACIULIS, JONAS",25:13,20,3,4,4,6,2,2,1,1,2,0,0,1,0,0,3,4,19,10.0
2016,127,1,PAAX      ,1.0,0.0,MAD,9,"REYES, FELIPE",11:22,6,2,2,0,1,2,2,1,2,3,4,1,1,0,0,4,1,9,3.0
2016,127,1,P005927   ,1.0,1.0,MAD,14,"AYON, GUSTAVO",20:11,14,5,6,0,0,4,6,1,2,3,4,4,1,1,0,3,5,24,14.0
2016,127,1,P001960   ,0.0,0.0,MAD,20,"CARROLL, JAYCEE",09:49,0,0,1,0,1,0,0,0,0,0,0,0,0,0,0,1,0,-3,-2.0
2016,127,1,P005160   ,0.0,0.0,MAD,21,"HUNTER, OTHELLO",19:45,4,2,3,0,0,0,1,2,3,5,1,0,1,0,1,3,2,5,-4.0
2016,127,1,PTGB      ,1.0,1.0,MAD,23,"LLULL, SERGIO",29:01,24,3,5,4,11,6,6,0,3,3,6,1,4,0,0,2,5,24,12.0
2016,127,1,P005836   ,0.0,0.0,MAD,33,"THOMPKINS, TREY",02:46,3,0,0,1,2,0,0,0,0,0,0,0,0,0,0,1,0,1,4.0
2016,127,1,P006546   ,1.0,0.0,MAD,44,"TAYLOR, JEFFERY",15:04,0,0,1,0,0,0,0,2,0,2,0,1,0,0,0,1,0,1,-3.0
2016,127,1,Team,0.0,0.0,MAD,,Team,,0,0,0,0,0,0,0,0,0,0,0,0,0,0,0,0,0,0,
2016,127,1,Total,,,MAD,,Total,200:00,95,20,36,12,31,19,26,16,18,34,25,10,14,3,1,24,23,109,
2016,127,0,P002100   ,1.0,1.0,CSK,1,"DE COLO, NANDO",23:35,18,3,8,2,5,6,6,0,0,0,1,1,3,0,2,4,7,10,-17.0
2016,127,0,P001108   ,0.0,0.0,CSK,3,"KULAGIN, DMITRY",09:19,6,3,3,0,1,0,0,0,0,0,0,0,0,0,0,1,1,5,8.0
2016,127,0,PJDR      ,0.0,1.0,CSK,4,"TEODOSIC, MILOS",25:55,13,4,5,1,4,2,2,0,2,2,5,0,5,0,1,2,3,11,-9.0
2016,127,0,P001438   ,0.0,0.0,CSK,5,"AUGUSTINE, JAMES",23:16,8,4,4,0,0,0,0,1,4,5,0,0,1,0,0,3,1,10,3.0
2016,127,0,PLLH      ,0.0,0.0,CSK,7,"FRIDZON, VITALY",02:46,2,1,2,0,0,0,0,1,1,2,0,0,0,0,0,1,1,3,-4.0
2016,127,0,P003413   ,1.0,0.0,CSK,9,"JACKSON, AARON",20:30,5,2,3,0,1,1,1,0,1,1,2,0,3,0,0,2,0,1,-14.0
2016,127,0,P004941   ,0.0,0.0,CSK,11,"ANTONOV, SEMEN",09:27,0,0,1,0,1,0,0,0,0,0,1,0,1,0,0,2,0,-4,2.0
2016,127,0,PLHI      ,0.0,0.0,CSK,20,"VORONTSEVICH, ANDREY",08:39,3,0,1,1,1,0,0,0,1,1,1,0,0,0,0,2,0,2,-2.0
2016,127,0,P006450   ,0.0,1.0,CSK,22,"HIGGINS, CORY",20:21,8,2,3,0,1,4,4,0,0,0,2,1,1,0,0,0,4,12,2.0
2016,127,0,PBCQ      ,1.0,0.0,CSK,31,"KHRYAPA, VICTOR",17:41,7,2,4,1,1,0,0,1,3,4,2,0,0,0,0,0,4,15,-4.0
2016,127,0,PJLX      ,1.0,1.0,CSK,41,"KURBANOV, NIKITA",21:47,7,2,2,1,3,0,0,2,1,3,0,1,1,1,0,2,1,8,-2.0
2016,127,0,P002812   ,1.0,1.0,CSK,42,"HINES, KYLE",16:44,8,4,5,0,0,0,0,1,1,2,0,0,1,0,0,4,1,5,-13.0
2016,127,0,Team,0.0,0.0,CSK,,Team,,0,0,0,0,0,0,0,1,4,5,0,0,0,0,0,0,0,5,
2016,127,0,Total,,,CSK,,Total,200:00,85,27,41,6,18,13,13,7,18,25,14,3,16,1,3,23,23,83,
2016,128,1,P006433   ,1.0,0.0,ZAL,3,"PANGOS, KEVIN",13:23,4,2,3,0,1,0,0,0,1,1,0,0,2,0,0,2,1,0,-14.0
2016,128,1,P003210   ,0.0,1.0,ZAL,4,"LEKAVICIUS, LUKAS",26:37,6,3,5,0,1,0,2,1,1,2,7,2,1,0,0,3,7,15,-2.0
2016,128,1,P002543   ,1.0,0.0,ZAL,9,"WESTERMANN, LEO",28:05,3,0,4,1,4,0,0,0,3,3,3,0,4,0,0,2,1,-3,-17.0
2016,128,1,PKNO      ,0.0,1.0,ZAL,10,"SEIBUTIS, RENALDAS",11:55,8,2,3,1,2,1,2,0,1,1,2,0,1,0,1,2,1,5,1.0
2016,128,1,P006599   ,0.0,0.0,ZAL,12,"MOTUM, BROCK",26:12,8,4,6,0,1,0,0,2,2,4,0,1,3,0,0,0,1,8,-20.0
2016,128,1,PBWI      ,1.0,0.0,ZAL,13,"JANKUNAS, PAULIUS",18:09,10,3,5,1,2,1,2,0,5,5,3,0,2,1,0,3,1,11,-10.0
2016,128,1,PBVE      ,0.0,1.0,ZAL,15,"JAVTOKAS, ROBERTAS",07:05,2,1,1,0,0,0,0,1,1,2,0,0,0,0,0,0,1,5,8.0
2016,128,1,PKPD      ,1.0,1.0,ZAL,21,"MILAKNIS, ARTURAS",23:45,6,0,1,2,5,0,0,1,3,4,2,0,2,0,1,1,1,5,-15.0
2016,128,1,P001098   ,1.0,0.0,ZAL,23,"LIMA, AUGUSTO",04:47,0,0,0,0,0,0,0,1,1,2,0,0,1,0,0,0,1,2,-3.0
2016,128,1,P000399   ,0.0,0.0,ZAL,44,"KAVALIAUSKAS, ANTANAS",14:03,5,1,3,0,0,3,3,4,3,7,0,0,2,1,0,1,4,12,-12.0
2016,128,1,P005846   ,0.0,1.0,ZAL,55,"HARTENSTEIN, ISAIAH",08:03,2,1,1,0,1,0,0,0,3,3,1,0,0,0,0,0,0,5,6.0
2016,128,1,P002329   ,0.0,0.0,ZAL,92,"ULANOVAS, EDGARAS",17:56,7,2,2,0,2,3,4,0,1,1,0,1,2,0,0,1,2,5,-2.0
2016,128,1,Team,0.0,0.0,ZAL,,Team,,0,0,0,0,0,0,0,1,4,5,0,0,0,0,0,0,0,5,
2016,128,1,Total,,,ZAL,,Total,200:00,61,19,34,5,19,8,13,11,29,40,18,4,20,2,2,15,21,75,
2016,128,0,P006555   ,0.0,1.0,RED,0,"WOLTERS, NATE",17:23,5,1,4,1,3,0,0,0,1,1,1,0,1,0,0,2,1,0,3.0
2016,128,0,P003453   ,0.0,0.0,RED,2,"THOMPSON, DEON",DNP,0,0,0,0,0,0,0,0,0,0,0,0,0,0,0,0,0,0,0.0
2016,128,0,P005942   ,1.0,0.0,RED,6,"DANGUBIC, NEMANJA",17:19,8,1,1,2,5,0,0,2,4,6,1,2,3,1,0,3,1,10,10.0
2016,128,0,P002553   ,1.0,0.0,RED,9,"MITROVIC, LUKA",09:54,0,0,2,0,1,0,0,1,1,2,1,0,0,0,0,0,1,1,-2.0
2016,128,0,PLUO      ,0.0,1.0,RED,10,"LAZIC, BRANKO",24:51,15,3,3,3,4,0,0,2,1,3,1,4,1,0,0,2,1,20,13.0
2016,128,0,P004007   ,0.0,0.0,RED,13,"DOBRIC, OGNJEN",DNP,0,0,0,0,0,0,0,0,0,0,0,0,0,0,0,0,0,0,0.0
2016,128,0,PLRU      ,0.0,1.0,RED,19,"SIMONOVIC, MARKO",30:06,16,2,4,4,8,0,0,0,4,4,1,1,0,0,0,2,0,14,18.0
2016,128,0,P005014   ,1.0,1.0,RED,22,"JENKINS, CHARLES",22:27,13,3,6,2,3,1,1,1,0,1,2,2,0,0,1,2,2,13,3.0
2016,128,0,P004004   ,0.0,0.0,RED,23,"GUDURIC, MARKO",15:23,7,0,1,2,7,1,1,0,0,0,2,0,1,1,0,1,4,6,6.0
2016,128,0,P004863   ,1.0,0.0,RED,24,"JOVIC, STEFAN",22:37,1,0,3,0,2,1,2,1,0,1,7,2,1,0,0,4,3,3,13.0
2016,128,0,P003479   ,1.0,0.0,RED,32,"KUZMIC, OGNJEN",14:48,8,4,5,0,0,0,0,1,2,3,1,1,0,0,0,2,0,10,5.0
2016,128,0,PCHX      ,0.0,1.0,RED,51,"BJELICA, MILKO",25:12,4,2,6,0,3,0,0,1,4,5,8,2,0,0,1,3,2,10,11.0
2016,128,0,Team,0.0,0.0,RED,,Team,,0,0,0,0,0,0,0,3,3,6,0,0,0,0,0,0,0,6,
2016,128,0,Total,,,RED,,Total,200:00,77,16,35,14,36,3,4,12,20,32,25,14,7,2,2,21,15,93,
2016,129,1,P006555   ,0.0,0.0,RED,0,"WOLTERS, NATE",09:47,6,2,3,0,1,2,2,1,1,2,1,0,3,0,0,0,2,6,-3.0
2016,129,1,P003453   ,0.0,0.0,RED,2,"THOMPSON, DEON",07:05,2,1,3,0,0,0,0,0,0,0,2,1,0,1,0,0,0,4,10.0
2016,129,1,P005942   ,1.0,0.0,RED,6,"DANGUBIC, NEMANJA",16:36,5,1,2,1,1,0,0,0,2,2,2,1,0,0,0,2,0,7,2.0
2016,129,1,P002553   ,1.0,0.0,RED,9,"MITROVIC, LUKA",09:32,2,1,1,0,0,0,0,0,2,2,1,0,2,0,0,0,1,4,-7.0
2016,129,1,PLUO      ,0.0,1.0,RED,10,"LAZIC, BRANKO",23:24,3,1,1,0,2,1,1,1,2,3,0,1,1,0,0,2,2,4,0.0
2016,129,1,P004007   ,0.0,0.0,RED,13,"DOBRIC, OGNJEN",DNP,0,0,0,0,0,0,0,0,0,0,0,0,0,0,0,0,0,0,0.0
2016,129,1,PLRU      ,0.0,1.0,RED,19,"SIMONOVIC, MARKO",30:14,12,2,7,1,3,5,6,1,4,5,1,0,3,0,4,2,2,3,7.0
2016,129,1,P005014   ,1.0,1.0,RED,22,"JENKINS, CHARLES",30:10,14,3,4,2,3,2,2,0,3,3,3,2,1,0,0,2,1,18,10.0
2016,129,1,P004004   ,0.0,0.0,RED,23,"GUDURIC, MARKO",10:04,0,0,3,0,1,0,0,0,1,1,1,0,0,0,1,3,0,-6,-6.0
2016,129,1,P004863   ,1.0,1.0,RED,24,"JOVIC, STEFAN",30:13,8,2,7,1,1,1,2,0,1,1,7,0,0,0,0,3,3,10,5.0
2016,129,1,P003479   ,1.0,1.0,RED,32,"KUZMIC, OGNJEN",27:33,21,9,15,0,0,3,3,5,3,8,0,0,1,2,0,2,6,28,-11.0
2016,129,1,PCHX      ,0.0,0.0,RED,51,"BJELICA, MILKO",05:22,2,1,1,0,1,0,0,1,1,2,0,0,0,0,0,2,0,1,3.0
2016,129,1,Team,0.0,0.0,RED,,Team,,0,0,0,0,0,0,0,2,2,4,0,0,1,0,0,0,0,3,
2016,129,1,Total,,,RED,,Total,200:00,75,23,47,5,13,14,16,11,22,33,18,5,12,3,5,18,17,82,
2016,129,0,P006503   ,1.0,1.0,ULK,8,"UDOH, EKPE",35:16,16,7,8,0,0,2,4,0,3,3,2,2,0,3,1,0,3,25,-1.0
2016,129,0,P002969   ,0.0,0.0,ULK,10,"MAHMUTOGLU, MELIH",00:16,0,0,0,0,0,0,0,0,0,0,0,0,0,0,0,0,0,0,-3.0
2016,129,0,PBAE      ,0.0,0.0,ULK,12,"ANTIC, PERO",DNP,0,0,0,0,0,0,0,0,0,0,0,0,0,0,0,0,0,0,0.0
2016,129,0,P002821   ,1.0,1.0,ULK,13,"BOGDANOVIC, BOGDAN",35:53,12,1,2,3,6,1,2,1,5,6,6,1,4,0,1,2,2,15,-4.0
2016,129,0,P001926   ,1.0,1.0,ULK,16,"SLOUKAS, KOSTAS",24:49,7,2,4,1,3,0,0,0,2,2,4,0,3,0,0,2,3,7,0.0
2016,129,0,P007400   ,0.0,0.0,ULK,21,"NUNNALLY, JAMES",03:17,0,0,0,0,0,0,0,0,0,0,0,0,0,0,0,3,0,-3,4.0
2016,129,0,P003783   ,0.0,0.0,ULK,23,"UGURLU, BERK",DNP,0,0,0,0,0,0,0,0,0,0,0,0,0,0,0,0,0,0,0.0
2016,129,0,P000925   ,0.0,0.0,ULK,24,"VESELY, JAN",22:07,7,3,7,0,1,1,2,0,4,4,1,0,1,2,0,3,2,6,1.0
2016,129,0,P004866   ,0.0,0.0,ULK,33,"KALINIC, NIKOLA",21:07,8,1,1,2,6,0,0,0,1,1,1,0,1,0,0,4,1,2,-2.0
2016,129,0,P001324   ,1.0,1.0,ULK,35,"DIXON, BOBBY",30:32,7,1,2,1,6,2,2,1,3,4,4,1,0,0,1,2,4,11,-4.0
2016,129,0,P006399   ,0.0,0.0,ULK,44,"DUVERIOGLU, AHMET",DNP,0,0,0,0,0,0,0,0,0,0,0,0,0,0,0,0,0,0,0.0
2016,129,0,PCCD      ,1.0,1.0,ULK,70,"DATOME, LUIGI",26:43,16,0,2,4,5,4,4,1,2,3,2,2,0,0,0,1,3,22,-1.0
2016,129,0,Team,0.0,0.0,ULK,,Team,,0,0,0,0,0,0,0,1,0,1,0,0,1,0,0,0,0,0,
2016,129,0,Total,,,ULK,,Total,200:00,73,15,26,11,27,10,14,4,20,24,20,6,10,5,3,17,18,85,
2016,130,1,P006661   ,1.0,1.0,DAR,1,"WILBEKIN, SCOTTIE",26:13,17,1,3,4,4,3,3,1,2,3,4,2,3,0,0,1,2,22,-2.0
2016,130,1,P000497   ,0.0,0.0,DAR,4,"YAGMUR, MEHMET",DNP,0,0,0,0,0,0,0,0,0,0,0,0,0,0,0,0,0,0,0.0
2016,130,1,P004170   ,0.0,0.0,DAR,8,"BATUK, BIRKAN",12:44,2,1,1,0,1,0,0,1,1,2,0,0,0,0,0,2,0,1,11.0
2016,130,1,P005838   ,1.0,1.0,DAR,11,"WANAMAKER, BRAD",35:16,21,2,7,4,4,5,5,0,2,2,4,1,2,0,1,1,5,24,3.0
2016,130,1,P004888   ,0.0,1.0,DAR,12,"CLYBURN, WILL",29:58,14,3,8,0,2,8,12,2,7,9,1,1,4,0,0,4,6,12,0.0
2016,130,1,P001833   ,1.0,1.0,DAR,18,"MOERMAN, ADRIEN",29:23,15,3,8,3,6,0,0,4,5,9,3,1,1,0,1,3,1,16,15.0
2016,130,1,P003328   ,1.0,0.0,DAR,19,"ALDEMIR, FURKAN",03:21,0,0,2,0,0,0,0,0,1,1,0,0,0,0,1,1,0,-3,-2.0
2016,130,1,PJPF      ,0.0,0.0,DAR,21,"SAVAS, OGUZ",DNP,0,0,0,0,0,0,0,0,0,0,0,0,0,0,0,0,0,0,0.0
2016,130,1,P005938   ,1.0,0.0,DAR,23,"ANDERSON, JAMES",07:08,0,0,1,0,0,0,0,0,1,1,1,0,1,0,0,0,0,0,-10.0
2016,130,1,P004554   ,0.0,0.0,DAR,41,"ZIZIC, ANTE",10:50,0,0,1,0,0,0,0,0,1,1,0,0,0,0,0,2,1,-1,-3.0
2016,130,1,P000436   ,0.0,1.0,DAR,45,"BERTANS, DAIRIS",26:41,29,7,9,3,4,6,6,0,0,0,5,0,1,0,2,3,6,31,19.0
2016,130,1,P004902   ,0.0,0.0,DAR,81,"HARANGODY, LUKE",18:26,0,0,1,0,1,0,0,2,5,7,2,0,0,0,0,4,0,3,14.0
2016,130,1,Team,0.0,0.0,DAR,,Team,,0,0,0,0,0,0,0,1,3,4,0,0,0,0,0,0,0,4,
2016,130,1,Total,,,DAR,,Total,200:00,98,17,41,14,22,22,26,11,28,39,20,5,12,0,5,21,21,109,
2016,130,0,P007200   ,1.0,1.0,BAS,0,"LARKIN, SHANE",31:05,10,4,9,0,3,2,4,0,2,2,9,1,2,1,0,3,2,10,-5.0
2016,130,0,PBWZ      ,0.0,0.0,BAS,1,"BARGNANI, ANDREA",03:15,0,0,0,0,0,0,0,0,0,0,0,0,1,0,0,2,2,-1,-8.0
2016,130,0,P007201   ,1.0,0.0,BAS,7,"VOIGTMANN, JOHANNES",22:11,10,2,2,1,2,3,4,3,5,8,2,0,1,2,0,4,2,17,-1.0
2016,130,0,P005099   ,1.0,0.0,BAS,8,"HANGA, ADAM",26:44,19,4,6,3,5,2,3,0,3,3,2,1,2,0,0,2,3,19,4.0
2016,130,0,P007230   ,0.0,0.0,BAS,9,"SEDEKERSKIS, TADAS",00:24,0,0,0,0,0,0,0,0,0,0,0,0,0,0,0,0,0,0,0.0
2016,130,0,P006590   ,0.0,0.0,BAS,10,"BEAUBOIS, RODRIGUE",12:27,8,0,2,2,5,2,2,1,0,1,0,0,1,0,0,1,2,4,-21.0
2016,130,0,P003452   ,0.0,1.0,BAS,11,"BLAZIC, JAKA",13:17,3,0,0,1,2,0,0,0,2,2,0,0,0,0,0,1,0,3,-4.0
2016,130,0,P003540   ,0.0,0.0,BAS,12,"DIOP, ILIMANE",08:09,2,1,2,0,0,0,0,0,1,1,1,1,0,0,0,1,0,3,-1.0
2016,130,0,P002744   ,0.0,1.0,BAS,14,"TILLIE, KIM",20:22,10,1,1,2,4,2,2,1,0,1,1,0,0,0,0,2,1,9,-13.0
2016,130,0,P001133   ,1.0,1.0,BAS,23,"SHENGELIA, TORNIKE",26:03,13,4,8,0,0,5,7,1,3,4,1,0,2,0,0,3,6,13,5.0
2016,130,0,P007427   ,1.0,1.0,BAS,34,"BUDINGER, CHASE",27:08,12,4,5,1,5,1,2,1,3,4,4,1,0,2,0,1,3,19,3.0
2016,130,0,P001633   ,0.0,0.0,BAS,55,"LUZ, RAFA",08:55,2,1,1,0,0,0,0,0,1,1,2,1,1,0,0,1,0,4,-4.0
2016,130,0,Team,0.0,0.0,BAS,,Team,,0,0,0,0,0,0,0,2,2,4,0,0,0,0,0,0,0,4,
2016,130,0,Total,,,BAS,,Total,200:00,89,21,36,10,26,17,24,9,22,31,22,5,10,5,0,21,21,104,
2016,131,1,P003367   ,1.0,1.0,BAR,2,"RICE, TYRESE",30:12,15,5,10,1,6,2,3,0,2,2,5,1,1,1,1,2,3,12,-1.0
2016,131,1,P001832   ,1.0,0.0,BAR,5,"DOELLMAN, JUSTIN",12:32,5,1,2,1,1,0,0,1,2,3,2,0,0,0,0,3,1,7,1.0
2016,131,1,P003508   ,0.0,0.0,BAR,6,"DORSEY, JOEY",13:54,7,3,7,0,0,1,2,4,4,8,1,0,1,0,0,3,1,8,4.0
2016,131,1,P000556   ,1.0,0.0,BAR,10,"CLAVER, VICTOR",20:19,4,1,1,0,1,2,2,1,3,4,1,0,1,0,0,0,1,8,-3.0
2016,131,1,PADI      ,1.0,0.0,BAR,11,"NAVARRO, JUAN CARLOS",14:25,3,0,2,1,3,0,0,0,1,1,2,1,2,0,0,2,5,4,-3.0
2016,131,1,P003469   ,0.0,1.0,BAR,14,"VEZENKOV, ALEKSANDAR",18:33,2,1,1,0,1,0,0,0,1,1,1,0,0,0,0,3,1,1,-2.0
2016,131,1,P004588   ,0.0,0.0,BAR,16,"PENO, STEFAN",DNP,0,0,0,0,0,0,0,0,0,0,0,0,0,0,0,0,0,0,0.0
2016,131,1,P003151   ,0.0,0.0,BAR,20,"ERIKSSON, MARCUS",DNP,0,0,0,0,0,0,0,0,0,0,0,0,0,0,0,0,0,0,0.0
2016,131,1,P001972   ,0.0,1.0,BAR,24,"OLESON, BRAD",24:36,0,0,4,0,0,0,0,1,1,2,0,1,1,1,1,2,0,-4,-6.0
2016,131,1,P004178   ,0.0,1.0,BAR,25,"KOPONEN, PETTERI",22:56,16,1,5,4,5,2,2,1,2,3,2,1,1,0,1,2,1,14,2.0
2016,131,1,P005945   ,0.0,0.0,BAR,32,"RENFROE, ALEX",16:46,3,1,3,0,1,1,1,0,2,2,0,0,1,0,0,1,1,1,4.0
2016,131,1,P002507   ,1.0,1.0,BAR,44,"TOMIC, ANTE",25:47,12,5,12,0,0,2,2,2,7,9,0,0,3,1,2,4,4,10,-6.0
2016,131,1,Team,0.0,0.0,BAR,,Team,,0,0,0,0,0,0,0,1,2,3,0,0,0,0,0,0,0,3,
2016,131,1,Total,,,BAR,,Total,200:00,67,18,47,7,18,10,12,11,27,38,14,4,11,3,5,22,18,64,
2016,131,0,P005159   ,0.0,0.0,OLY,1,"GREEN, ERICK",22:36,8,1,6,2,4,0,0,0,2,2,1,0,2,0,2,1,1,0,-12.0
2016,131,0,P007182   ,0.0,0.0,OLY,2,"BIRCH, KHEM",09:55,2,1,2,0,0,0,2,1,0,1,0,1,0,0,0,0,2,3,-4.0
2016,131,0,P005984   ,0.0,0.0,OLY,4,"YOUNG, PATRIC",10:36,1,0,1,0,0,1,2,1,3,4,0,0,0,0,0,0,3,6,-5.0
2016,131,0,P005161   ,0.0,1.0,OLY,6,"PAPAPETROU, IOANNIS",13:27,2,1,2,0,2,0,0,1,1,2,0,0,0,1,0,0,1,3,-1.0
2016,131,0,P004223   ,0.0,0.0,OLY,9,"WATERS, DOMINIC",12:09,8,3,4,0,0,2,2,0,1,1,2,0,1,0,0,4,1,6,-7.0
2016,131,0,P004429   ,0.0,0.0,OLY,10,"AGRAVANIS, DIMITRIOS",DNP,0,0,0,0,0,0,0,0,0,0,0,0,0,0,0,0,0,0,0.0
2016,131,0,P003941   ,1.0,1.0,OLY,11,"MILUTINOV, NIKOLA",19:08,6,3,3,0,0,0,0,1,3,4,0,1,2,2,0,4,2,9,10.0
2016,131,0,PAMM      ,1.0,1.0,OLY,15,"PRINTEZIS, GEORGIOS",26:40,16,5,10,1,5,3,5,4,5,9,2,1,2,1,0,1,5,20,5.0
2016,131,0,P001255   ,1.0,1.0,OLY,16,"PAPANIKOLAOU, KOSTAS",28:04,8,1,3,2,3,0,0,0,8,8,0,3,2,1,1,3,1,12,10.0
2016,131,0,P003537   ,1.0,1.0,OLY,17,"MANTZARIS, VANGELIS",27:13,6,0,1,1,3,3,4,0,2,2,2,0,0,0,0,3,3,6,10.0
2016,131,0,P003608   ,1.0,0.0,OLY,24,"LOJESKI, MATT",30:10,11,3,8,1,3,2,2,1,2,3,4,0,0,0,0,1,3,13,3.0
2016,131,0,P004290   ,0.0,0.0,OLY,27,"ATHINAIOU, IOANNIS",00:02,1,0,0,0,0,1,2,0,0,0,0,0,0,0,0,1,0,-1,1.0
2016,131,0,Team,0.0,0.0,OLY,,Team,,0,0,0,0,0,0,0,1,0,1,0,0,0,0,0,0,0,1,
2016,131,0,Total,,,OLY,,Total,200:00,69,18,40,7,20,12,19,10,27,37,11,6,9,5,3,18,22,78,
2016,132,1,P005815   ,0.0,0.0,UNK,1,"JOHNSON, ORLANDO",11:47,3,0,3,1,2,0,0,0,2,2,0,0,1,0,0,1,1,0,-14.0
2016,132,1,P002026   ,0.0,1.0,UNK,2,"ANTIPOV, PAVEL",16:55,5,1,1,0,1,3,3,0,1,1,1,1,0,0,0,1,3,9,15.0
2016,132,1,P007050   ,1.0,0.0,UNK,4,"CLARKE, COTY",16:15,0,0,1,0,1,0,0,0,4,4,1,0,3,0,0,0,0,0,-2.0
2016,132,1,P001887   ,1.0,1.0,UNK,5,"LANGFORD, KEITH",35:54,27,7,17,3,7,4,6,0,10,10,5,0,3,0,1,1,8,29,6.0
2016,132,1,P006668   ,1.0,0.0,UNK,6,"STOLL, PAUL",32:53,7,1,2,1,5,2,2,2,4,6,4,2,1,0,0,3,1,11,9.0
2016,132,1,P003034   ,1.0,1.0,UNK,9,"PARAKHOUSKI, ARTSIOM",13:47,8,2,6,0,0,4,4,1,1,2,0,0,0,0,0,1,3,8,-2.0
2016,132,1,P006360   ,0.0,0.0,UNK,12,"KLIMENKO, ARTEM",02:19,0,0,0,0,0,0,0,0,0,0,0,0,1,0,0,0,0,-1,-3.0
2016,132,1,PATS      ,0.0,1.0,UNK,13,"BANIC, MARKO",00:05,0,0,1,0,0,0,0,1,0,1,0,0,0,0,0,2,0,-2,-2.0
2016,132,1,PLSK      ,0.0,0.0,UNK,20,"PANIN, VADIM",17:56,0,0,0,0,0,0,2,0,2,2,1,0,2,0,0,2,5,2,11.0
2016,132,1,PJUP      ,1.0,0.0,UNK,21,"KAIMAKOGLOU, KOSTAS",29:15,0,0,0,0,2,0,0,0,4,4,1,0,2,0,0,2,1,0,-3.0
2016,132,1,P004259   ,0.0,1.0,UNK,22,"WILLIAMS, LATAVIOUS",22:54,13,6,9,0,0,1,2,0,3,3,0,1,0,1,0,1,1,14,10.0
2016,132,1,Team,0.0,0.0,UNK,,Team,,0,0,0,0,0,0,0,2,0,2,0,0,0,0,0,0,0,2,
2016,132,1,Total,,,UNK,,Total,200:00,63,17,40,5,18,14,19,6,31,37,13,4,13,1,1,14,23,72,
2016,132,0,P001392   ,1.0,1.0,BAM,1,"CAUSEUR, FABIEN",25:22,6,2,4,0,4,2,4,0,4,4,2,1,2,0,1,3,4,3,-4.0
2016,132,0,P002849   ,1.0,1.0,BAM,4,"MELLI, NICOLO",33:16,4,2,6,0,4,0,0,3,7,10,2,1,2,0,0,3,1,5,-7.0
2016,132,0,PABN      ,1.0,1.0,BAM,6,"ZISIS, NIKOS",24:06,4,1,2,0,4,2,2,0,3,3,4,0,4,0,0,2,1,1,-16.0
2016,132,0,P002506   ,0.0,0.0,BAM,8,"STAIGER, LUCCA",06:06,3,0,0,1,1,0,0,0,0,0,0,0,0,0,0,2,0,1,-10.0
2016,132,0,P004132   ,0.0,0.0,BAM,10,"THEIS, DANIEL",12:56,6,3,3,0,1,0,0,1,1,2,0,2,1,0,0,5,0,3,2.0
2016,132,0,P007032   ,0.0,1.0,BAM,12,"LO, MAODO",DNP,0,0,0,0,0,0,0,0,0,0,0,0,0,0,0,0,0,0,0.0
2016,132,0,P000046   ,0.0,0.0,BAM,13,"STRELNIEKS, JANIS",27:46,13,2,3,2,6,3,4,0,7,7,6,2,0,0,0,0,5,27,12.0
2016,132,0,PLLM      ,1.0,0.0,BAM,14,"VEREMEENKO, VLADIMIR",06:49,2,1,1,0,0,0,0,1,0,1,0,0,1,0,0,2,0,0,4.0
2016,132,0,P006421   ,1.0,1.0,BAM,21,"MILLER, DARIUS",30:00,12,4,6,1,4,1,1,0,5,5,0,1,1,0,0,4,1,9,-2.0
2016,132,0,P006338   ,0.0,0.0,BAM,22,"McNEAL, JEREL",15:23,2,1,1,0,1,0,0,0,0,0,0,0,3,0,0,2,0,-4,-6.0
2016,132,0,P006420   ,0.0,0.0,BAM,33,"HECKMANN, PATRICK",03:24,0,0,0,0,0,0,0,0,0,0,0,0,0,0,0,0,0,0,5.0
2016,132,0,PLEM      ,0.0,0.0,BAM,43,"RADOSEVIC, LEON",15:52,6,3,8,0,0,0,0,0,3,3,1,0,0,1,0,0,2,8,-3.0
2016,132,0,Team,0.0,0.0,BAM,,Team,,0,0,0,0,0,0,0,1,1,2,0,0,0,0,0,0,0,2,
2016,132,0,Total,,,BAM,,Total,200:00,58,19,34,4,25,8,11,6,31,37,15,7,14,1,1,23,14,55,
2016,133,1,P002100   ,0.0,1.0,CSK,1,"DE COLO, NANDO",24:29,22,3,4,3,6,7,7,0,1,1,3,1,1,0,0,1,9,30,30.0
2016,133,1,P001108   ,1.0,0.0,CSK,3,"KULAGIN, DMITRY",23:11,12,3,5,1,4,3,4,0,5,5,4,1,1,1,0,3,3,16,23.0
2016,133,1,PJDR      ,0.0,1.0,CSK,4,"TEODOSIC, MILOS",24:02,10,1,1,2,7,2,2,0,4,4,7,0,1,0,0,2,3,16,19.0
2016,133,1,P001438   ,0.0,0.0,CSK,5,"AUGUSTINE, JAMES",15:38,6,3,4,0,0,0,0,5,1,6,1,3,2,1,0,2,1,13,26.0
2016,133,1,PLLH      ,0.0,0.0,CSK,7,"FRIDZON, VITALY",15:55,12,3,3,1,3,3,4,0,0,0,1,1,1,0,0,3,2,9,15.0
2016,133,1,P003413   ,1.0,0.0,CSK,9,"JACKSON, AARON",20:07,2,1,3,0,0,0,0,0,1,1,4,3,0,0,0,0,1,9,23.0
2016,133,1,P004941   ,0.0,1.0,CSK,11,"ANTONOV, SEMEN",10:54,4,2,3,0,0,0,0,0,2,2,0,1,0,1,1,3,0,3,-2.0
2016,133,1,PLOO      ,0.0,1.0,CSK,19,"FREELAND, JOEL",08:32,4,1,1,0,0,2,4,0,0,0,0,1,0,1,0,3,2,3,-2.0
2016,133,1,PLHI      ,0.0,0.0,CSK,20,"VORONTSEVICH, ANDREY",18:20,18,3,3,4,6,0,0,0,3,3,0,1,0,1,0,2,1,20,37.0
2016,133,1,PBCQ      ,1.0,0.0,CSK,31,"KHRYAPA, VICTOR",10:46,2,1,4,0,1,0,0,1,0,1,1,3,0,0,0,1,0,2,2.0
2016,133,1,PJLX      ,1.0,1.0,CSK,41,"KURBANOV, NIKITA",12:16,2,1,2,0,2,0,0,0,1,1,3,0,0,0,0,3,0,0,1.0
2016,133,1,P002812   ,1.0,0.0,CSK,42,"HINES, KYLE",15:50,7,3,4,0,0,1,2,0,2,2,0,0,1,1,0,1,1,7,13.0
2016,133,1,Team,0.0,0.0,CSK,,Team,,0,0,0,0,0,0,0,1,1,2,0,0,2,0,0,0,0,0,
2016,133,1,Total,,,CSK,,Total,200:00,101,25,37,11,29,18,23,7,21,28,24,15,9,6,1,24,23,128,
2016,133,0,P004418   ,0.0,0.0,MIL,1,"MCLEAN, JAMEL",21:13,3,1,2,0,1,1,2,0,2,2,1,0,2,0,0,2,2,1,-27.0
2016,133,0,P004499   ,0.0,0.0,MIL,2,"FONTECCHIO, SIMONE",02:13,0,0,0,0,0,0,0,0,0,0,0,0,0,0,0,1,0,-1,-8.0
2016,133,0,P004159   ,1.0,1.0,MIL,7,"HICKMAN, RICKY",23:42,5,2,6,0,3,1,2,1,3,4,2,1,6,0,1,4,3,-4,-16.0
2016,133,0,PJBX      ,0.0,0.0,MIL,9,"KALNIETIS, MANTAS",12:32,1,0,1,0,2,1,2,0,0,0,2,0,2,0,1,0,1,-3,-13.0
2016,133,0,PJDU      ,1.0,1.0,MIL,11,"RADULJICA, MIROSLAV",18:47,10,4,7,0,0,2,2,0,2,2,3,0,2,0,2,3,5,10,-10.0
2016,133,0,P003514   ,0.0,0.0,MIL,12,"DRAGIC, ZORAN",15:34,0,0,1,0,2,0,0,0,1,1,1,0,3,0,1,2,0,-7,-22.0
2016,133,0,PJEA      ,1.0,1.0,MIL,13,"MACVAN, MILAN",31:26,19,3,5,3,5,4,6,4,7,11,3,0,0,0,0,1,7,33,-14.0
2016,133,0,P006385   ,0.0,0.0,MIL,14,"PASCOLO, DAVIDE",08:34,2,1,3,0,0,0,0,1,1,2,0,0,1,0,1,2,0,-2,-23.0
2016,133,0,PKIW      ,1.0,1.0,MIL,20,"CINCIARINI, ANDREA",23:35,6,0,1,1,3,3,4,1,2,3,0,2,3,0,0,4,2,2,-13.0
2016,133,0,P003527   ,0.0,1.0,MIL,23,"ABASS, AWUDU",11:16,3,0,0,1,2,0,0,0,0,0,0,0,1,1,0,1,0,1,-9.0
2016,133,0,PCPR      ,1.0,0.0,MIL,43,"SIMON, KRUNOSLAV",31:08,15,4,5,1,2,4,6,1,5,6,5,1,3,0,0,3,4,21,-30.0
2016,133,0,Team,0.0,0.0,MIL,,Team,,0,0,0,0,0,0,0,2,1,3,0,0,0,0,0,0,0,3,
2016,133,0,Total,,,MIL,,Total,200:00,64,15,31,6,20,16,24,10,24,34,17,4,23,1,6,23,24,54,
2016,134,1,P000529   ,1.0,1.0,GAL,5,"MICOV, VLADIMIR",33:33,11,2,5,1,2,4,4,0,5,5,5,2,0,0,0,3,5,21,17.0
2016,134,1,P007595   ,1.0,1.0,GAL,6,"FITIPALDO, BRUNO",28:04,21,3,5,4,7,3,4,0,1,1,6,0,2,0,2,3,3,18,11.0
2016,134,1,P004119   ,0.0,0.0,GAL,7,"TYUS, ALEX",14:52,5,1,2,0,0,3,4,1,3,4,0,0,0,0,0,0,3,10,-5.0
2016,134,1,P004300   ,0.0,0.0,GAL,8,"KORKMAZ, CAN",DNP,0,0,0,0,0,0,0,0,0,0,0,0,0,0,0,0,0,0,0.0
2016,134,1,P000357   ,0.0,1.0,GAL,10,"SCHILB, BLAKE",27:48,7,2,4,1,4,0,0,2,3,5,3,0,1,1,0,1,1,10,6.0
2016,134,1,P005813   ,0.0,0.0,GAL,11,"ARAR, EGE",00:20,0,0,0,0,0,0,0,0,0,0,0,0,0,0,0,0,0,0,-2.0
2016,134,1,P007355   ,0.0,0.0,GAL,14,"HACIYEVA, ORHAN",DNP,0,0,0,0,0,0,0,0,0,0,0,0,0,0,0,0,0,0,0.0
2016,134,1,PLHK      ,1.0,1.0,GAL,21,"PLEISS, TIBOR",24:51,17,6,8,0,0,5,6,3,4,7,0,1,2,0,1,4,6,21,11.0
2016,134,1,P003472   ,1.0,0.0,GAL,25,"DAYE, AUSTIN",13:48,2,0,2,0,3,2,2,0,1,1,0,1,0,0,0,4,1,-4,-6.0
2016,134,1,P000494   ,1.0,1.0,GAL,32,"GULER, SINAN",28:56,16,3,5,3,6,1,2,0,2,2,4,0,3,1,0,4,3,13,8.0
2016,134,1,P004997   ,0.0,0.0,GAL,33,"DIEBLER, JON",15:20,0,0,0,0,2,0,0,0,1,1,2,0,0,0,0,1,0,0,-1.0
2016,134,1,P002104   ,0.0,0.0,GAL,61,"KOKSAL, GOKSENIN",12:28,8,1,1,2,2,0,0,0,0,0,1,0,1,0,0,3,0,5,1.0
2016,134,1,Team,0.0,0.0,GAL,,Team,,0,0,0,0,0,0,0,5,2,7,0,0,1,0,0,0,0,6,
2016,134,1,Total,,,GAL,,Total,200:00,87,18,32,11,26,18,22,11,22,33,21,4,10,2,3,23,22,100,
2016,134,0,P006433   ,1.0,1.0,ZAL,3,"PANGOS, KEVIN",19:45,5,1,2,1,4,0,0,1,0,1,0,1,0,0,0,1,0,2,-9.0
2016,134,0,P003210   ,0.0,1.0,ZAL,4,"LEKAVICIUS, LUKAS",20:18,11,2,6,1,3,4,4,0,6,6,4,1,2,1,1,3,6,17,4.0
2016,134,0,P002543   ,1.0,1.0,ZAL,9,"WESTERMANN, LEO",29:23,10,0,3,2,5,4,4,2,2,4,8,0,0,0,0,4,5,17,-6.0
2016,134,0,PKNO      ,0.0,0.0,ZAL,10,"SEIBUTIS, RENALDAS",10:36,0,0,0,0,0,0,0,1,0,1,1,0,0,0,0,3,0,-1,-6.0
2016,134,0,P006599   ,0.0,1.0,ZAL,12,"MOTUM, BROCK",30:10,18,6,8,1,4,3,5,2,1,3,1,1,1,0,0,2,3,16,-5.0
2016,134,0,PBWI      ,1.0,0.0,ZAL,13,"JANKUNAS, PAULIUS",14:31,14,7,9,0,0,0,0,3,4,7,0,0,2,1,0,4,0,14,3.0
2016,134,0,PBVE      ,1.0,0.0,ZAL,15,"JAVTOKAS, ROBERTAS",08:40,3,1,3,0,0,1,2,2,0,2,1,0,2,0,0,1,1,1,-4.0
2016,134,0,PKPD      ,1.0,1.0,ZAL,21,"MILAKNIS, ARTURAS",29:34,6,0,2,2,6,0,0,2,0,2,3,0,0,0,1,1,3,6,-4.0
2016,134,0,P001098   ,0.0,0.0,ZAL,23,"LIMA, AUGUSTO",19:40,8,3,5,0,0,2,4,1,3,4,0,2,1,1,0,0,3,13,-6.0
2016,134,0,P000399   ,0.0,0.0,ZAL,44,"KAVALIAUSKAS, ANTANAS",01:51,0,0,0,0,0,0,0,0,0,0,0,0,0,0,0,2,0,-2,-2.0
2016,134,0,P005846   ,0.0,0.0,ZAL,55,"HARTENSTEIN, ISAIAH",DNP,0,0,0,0,0,0,0,0,0,0,0,0,0,0,0,0,0,0,0.0
2016,134,0,P002329   ,0.0,0.0,ZAL,92,"ULANOVAS, EDGARAS",15:32,4,1,1,0,0,2,3,0,1,1,2,0,1,0,0,1,2,6,-5.0
2016,134,0,Team,0.0,0.0,ZAL,,Team,,0,0,0,0,0,0,0,0,2,2,0,0,0,0,0,0,0,2,
2016,134,0,Total,,,ZAL,,Total,200:00,79,21,39,7,22,16,22,14,19,33,20,5,9,3,2,22,23,91,
2016,135,1,P006614   ,1.0,0.0,PAN,0,"SINGLETON, CHRIS",30:52,2,1,4,0,2,0,0,1,7,8,3,3,2,2,0,5,2,8,6.0
2016,135,1,P003482   ,0.0,0.0,PAN,2,"NICHOLS, DEMETRIS",17:01,3,0,0,1,2,0,0,0,2,2,0,0,1,1,0,1,1,4,1.0
2016,135,1,P002429   ,0.0,0.0,PAN,3,"RIVERS, K.C.",34:43,23,4,6,5,10,0,0,1,2,3,3,1,4,0,0,5,3,17,21.0
2016,135,1,P005985   ,0.0,1.0,PAN,5,"JAMES, MIKE",23:55,14,2,4,0,2,10,11,0,2,2,6,0,4,0,0,1,7,19,2.0
2016,135,1,PBEZ      ,0.0,0.0,PAN,9,"FOTSIS, ANTONIS",13:53,5,1,1,1,1,0,0,1,3,4,0,0,0,1,0,1,0,9,0.0
2016,135,1,P000464   ,0.0,0.0,PAN,11,"PAPPAS, NIKOS",DNP,0,0,0,0,0,0,0,0,0,0,0,0,0,0,0,0,0,0,0.0
2016,135,1,P005918   ,1.0,1.0,PAN,12,"FELDEINE, JAMES",07:53,0,0,1,0,1,0,0,0,0,0,0,0,1,0,1,1,0,-5,-3.0
2016,135,1,P004218   ,0.0,0.0,PAN,15,"CHARALAMPOPOULOS, VASILIS",DNP,0,0,0,0,0,0,0,0,0,0,0,0,0,0,0,0,0,0,0.0
2016,135,1,P005881   ,1.0,1.0,PAN,21,"GABRIEL, KENNY",22:38,10,1,2,2,3,2,2,3,3,6,0,0,1,0,1,2,1,11,13.0
2016,135,1,P000880   ,1.0,0.0,PAN,25,"GENTILE, ALESSANDRO",25:03,15,5,8,1,1,2,4,3,2,5,0,0,0,0,0,1,4,18,9.0
2016,135,1,PAQU      ,0.0,1.0,PAN,29,"BOUROUSIS, IOANNIS",21:22,14,6,12,0,2,2,2,2,4,6,1,2,1,0,1,4,1,10,-3.0
2016,135,1,P001932   ,1.0,1.0,PAN,33,"CALATHES, NICK",27:40,6,3,10,0,1,0,2,2,5,7,3,1,1,0,1,1,1,5,9.0
2016,135,1,Team,0.0,0.0,PAN,,Team,,0,0,0,0,0,0,0,2,3,5,0,0,0,0,0,0,0,5,
2016,135,1,Total,,,PAN,,Total,225:00,92,23,48,10,25,16,21,15,33,48,16,7,15,4,4,22,20,101,
2016,135,0,P005094   ,0.0,0.0,IST,1,"THOMAS, DESHAUN",15:03,11,1,1,3,6,0,0,2,1,3,1,1,2,0,1,1,0,9,0.0
2016,135,0,P005800   ,0.0,0.0,IST,2,"HONEYCUTT, TYLER",35:03,11,2,6,1,3,4,6,3,9,12,2,2,2,0,0,5,5,17,-9.0
2016,135,0,P003521   ,0.0,1.0,IST,4,"BALBAY, DOGUS",03:39,0,0,0,0,1,0,0,1,0,1,0,2,0,0,0,0,0,2,2.0
2016,135,0,P004425   ,1.0,1.0,IST,5,"BROWN, DERRICK",29:57,12,3,9,0,0,6,6,1,4,5,2,2,0,0,1,0,4,18,-11.0
2016,135,0,P004088   ,1.0,0.0,IST,6,"OSMAN, CEDI",16:10,9,2,5,1,1,2,2,0,3,3,0,0,0,0,1,5,1,4,-1.0
2016,135,0,P007122   ,0.0,0.0,IST,9,"GEYIK, SAMET",DNP,0,0,0,0,0,0,0,0,0,0,0,0,0,0,0,0,0,0,0.0
2016,135,0,P003024   ,1.0,1.0,IST,15,"GRANGER, JAYSON",36:15,14,3,6,1,6,5,5,1,4,5,4,0,3,1,1,1,3,14,-7.0
2016,135,0,P004222   ,0.0,0.0,IST,23,"OMIC, ALEN",09:33,2,1,3,0,0,0,0,0,0,0,0,0,1,0,0,2,0,-3,-3.0
2016,135,0,PKLT      ,0.0,1.0,IST,31,"HEURTEL, THOMAS",28:49,15,4,7,1,5,4,4,1,4,5,1,0,5,0,0,2,3,10,-16.0
2016,135,0,PLQV      ,0.0,0.0,IST,32,"MUTAF, MAXIM",DNP,0,0,0,0,0,0,0,0,0,0,0,0,0,0,0,0,0,0,0.0
2016,135,0,P004945   ,1.0,0.0,IST,33,"PAUL, BRANDON",15:04,0,0,1,0,2,0,2,0,0,0,0,1,0,1,0,1,2,-2,-2.0
2016,135,0,P003048   ,1.0,1.0,IST,42,"DUNSTON, BRYANT",35:27,7,2,6,0,0,3,6,2,1,3,2,0,0,2,0,3,4,8,-8.0
2016,135,0,Team,0.0,0.0,IST,,Team,,0,0,0,0,0,0,0,0,0,0,0,0,2,0,0,0,0,-2,
2016,135,0,Total,,,IST,,Total,225:00,81,18,44,7,24,24,31,11,26,37,12,8,15,4,4,20,22,75,
2016,136,1,P005757   ,0.0,0.0,MAD,3,"RANDOLPH, ANTHONY",11:36,6,0,1,2,4,0,0,1,0,1,1,0,0,0,0,1,0,4,1.0
2016,136,1,P002946   ,0.0,0.0,MAD,4,"DRAPER, DONTAYE",07:18,0,0,0,0,0,0,0,1,0,1,0,0,1,0,0,0,0,0,-9.0
2016,136,1,PBMT      ,0.0,1.0,MAD,5,"FERNANDEZ, RUDY",25:18,14,2,4,3,5,1,2,0,3,3,5,1,2,0,1,2,2,15,14.0
2016,136,1,PAPR      ,0.0,0.0,MAD,6,"NOCIONI, ANDRES",DNP,0,0,0,0,0,0,0,0,0,0,0,0,0,0,0,0,0,0,0.0
2016,136,1,P005929   ,1.0,1.0,MAD,7,"DONCIC, LUKA",25:56,10,2,2,1,3,3,4,1,10,11,8,1,0,0,0,0,5,32,18.0
2016,136,1,PJCC      ,1.0,0.0,MAD,8,"MACIULIS, JONAS",16:45,0,0,4,0,2,0,0,1,1,2,2,2,0,0,1,1,0,-2,-13.0
2016,136,1,PAAX      ,1.0,1.0,MAD,9,"REYES, FELIPE",13:41,8,4,7,0,0,0,0,2,1,3,0,3,1,0,0,3,3,10,-7.0
2016,136,1,P005927   ,1.0,1.0,MAD,14,"AYON, GUSTAVO",25:34,14,7,9,0,0,0,0,0,2,2,2,0,3,1,0,2,2,14,-10.0
2016,136,1,P001960   ,0.0,0.0,MAD,20,"CARROLL, JAYCEE",12:42,4,1,1,0,2,2,2,0,0,0,0,0,0,0,0,2,1,1,7.0
2016,136,1,P005160   ,0.0,0.0,MAD,21,"HUNTER, OTHELLO",14:26,6,2,3,0,0,2,4,2,2,4,0,0,0,0,0,1,2,8,15.0
2016,136,1,PTGB      ,1.0,1.0,MAD,23,"LLULL, SERGIO",32:01,13,2,5,3,11,0,0,0,0,0,4,1,3,0,0,2,3,5,-2.0
2016,136,1,P005836   ,0.0,0.0,MAD,33,"THOMPKINS, TREY",14:43,5,1,2,1,2,0,0,1,4,5,0,1,0,0,1,3,0,5,11.0
2016,136,1,Team,0.0,0.0,MAD,,Team,,0,0,0,0,0,0,0,1,0,1,0,0,1,0,0,0,0,0,
2016,136,1,Total,,,MAD,,Total,200:00,80,21,38,10,29,8,12,10,23,33,22,9,11,1,3,17,18,92,
2016,136,0,P004903   ,1.0,1.0,TEL,0,"GOUDELOCK, ANDREW",27:06,18,3,4,4,8,0,0,0,0,0,1,0,2,0,0,4,2,10,-10.0
2016,136,0,P006536   ,1.0,1.0,TEL,3,"RUDD, VICTOR",32:46,18,4,5,1,5,7,7,3,6,9,1,0,3,1,0,2,6,25,-4.0
2016,136,0,P004862   ,0.0,0.0,TEL,4,"SEELEY, D.J.",05:38,0,0,2,0,0,0,0,1,2,3,2,0,0,0,0,0,0,3,4.0
2016,136,0,P001274   ,0.0,1.0,TEL,6,"SMITH, DEVIN",23:50,6,0,1,2,5,0,0,2,3,5,3,1,1,0,0,1,0,9,-5.0
2016,136,0,PKJP      ,0.0,0.0,TEL,9,"MEKEL, GAL",DNP,0,0,0,0,0,0,0,0,0,0,0,0,0,0,0,0,0,0,0.0
2016,136,0,PLKX      ,0.0,0.0,TEL,10,"PNINI, GUY",DNP,0,0,0,0,0,0,0,0,0,0,0,0,0,0,0,0,0,0,0.0
2016,136,0,P000622   ,0.0,0.0,TEL,12,"OHAYON, YOGEV",08:06,4,2,3,0,1,0,0,0,0,0,1,0,1,0,0,0,0,2,6.0
2016,136,0,P003443   ,1.0,1.0,TEL,13,"WEEMS, SONNY",29:11,5,2,8,0,2,1,3,1,3,4,2,2,5,0,0,4,1,-5,-6.0
2016,136,0,P004160   ,0.0,0.0,TEL,15,"LANDESBERG, SYLVEN",09:59,2,1,2,0,1,0,0,0,1,1,1,0,1,1,0,1,1,2,-4.0
2016,136,0,P005154   ,1.0,0.0,TEL,24,"IVERSON, COLTON",28:12,6,3,7,0,0,0,0,4,6,10,0,1,1,0,1,3,4,12,-4.0
2016,136,0,P006657   ,1.0,1.0,TEL,30,"MILLER, QUINCY",27:20,14,3,9,2,4,2,2,1,1,2,0,1,4,1,0,2,2,6,-3.0
2016,136,0,P004183   ,0.0,0.0,TEL,33,"ZIRBES, MAIK",07:52,2,1,2,0,0,0,0,1,2,3,0,0,0,0,0,1,0,3,1.0
2016,136,0,Team,0.0,0.0,TEL,,Team,,0,0,0,0,0,0,0,2,4,6,0,0,0,0,0,0,0,6,
2016,136,0,Total,,,TEL,,Total,200:00,75,19,43,9,26,10,12,15,28,43,11,5,18,3,1,18,16,73,
2016,137,1,P003367   ,1.0,0.0,BAR,2,"RICE, TYRESE",26:55,6,0,4,1,4,3,4,1,1,2,9,1,3,0,0,2,3,8,19.0
2016,137,1,P001832   ,1.0,1.0,BAR,5,"DOELLMAN, JUSTIN",28:15,9,3,5,1,1,0,0,1,5,6,1,0,0,1,0,3,0,12,23.0
2016,137,1,P000556   ,0.0,1.0,BAR,10,"CLAVER, VICTOR",26:39,15,2,4,3,3,2,3,0,5,5,2,1,0,0,1,3,3,19,15.0
2016,137,1,PADI      ,1.0,0.0,BAR,11,"NAVARRO, JUAN CARLOS",13:36,9,1,3,1,3,4,4,0,2,2,1,0,4,0,1,0,4,7,2.0
2016,137,1,P001215   ,0.0,0.0,BAR,13,"FAVERANI, VITOR",26:45,18,7,9,1,3,1,2,1,7,8,1,1,3,1,0,2,4,23,7.0
2016,137,1,P003469   ,0.0,0.0,BAR,14,"VEZENKOV, ALEKSANDAR",11:45,0,0,1,0,0,0,0,0,0,0,0,0,1,0,1,0,0,-3,-12.0
2016,137,1,P004588   ,0.0,0.0,BAR,16,"PENO, STEFAN",DNP,0,0,0,0,0,0,0,0,0,0,0,0,0,0,0,0,0,0,0.0
2016,137,1,P003151   ,0.0,0.0,BAR,20,"ERIKSSON, MARCUS",DNP,0,0,0,0,0,0,0,0,0,0,0,0,0,0,0,0,0,0,0.0
2016,137,1,P001972   ,1.0,0.0,BAR,24,"OLESON, BRAD",10:56,3,0,1,1,1,0,0,1,3,4,2,0,0,0,0,3,0,5,-4.0
2016,137,1,P004178   ,0.0,1.0,BAR,25,"KOPONEN, PETTERI",26:24,20,0,1,6,8,2,3,0,0,0,4,3,2,0,0,1,1,21,9.0
2016,137,1,P005945   ,0.0,1.0,BAR,32,"RENFROE, ALEX",15:46,7,1,1,1,2,2,2,0,3,3,0,1,1,0,0,2,4,11,-8.0
2016,137,1,P002507   ,1.0,1.0,BAR,44,"TOMIC, ANTE",12:59,2,1,3,0,0,0,0,1,4,5,1,0,3,0,1,3,0,-1,4.0
2016,137,1,Team,0.0,0.0,BAR,,Team,,0,0,0,0,0,0,0,1,2,3,0,0,0,0,0,0,0,3,
2016,137,1,Total,,,BAR,,Total,200:00,89,15,32,15,25,14,18,6,32,38,21,7,17,2,4,19,19,105,
2016,137,0,P005094   ,0.0,0.0,IST,1,"THOMAS, DESHAUN",13:23,8,1,3,2,6,0,0,0,0,0,0,0,0,0,0,0,0,2,-6.0
2016,137,0,P005800   ,0.0,1.0,IST,2,"HONEYCUTT, TYLER",27:01,11,3,5,1,4,2,3,2,5,7,0,2,2,2,1,2,4,15,-13.0
2016,137,0,P003521   ,0.0,0.0,IST,4,"BALBAY, DOGUS",DNP,0,0,0,0,0,0,0,0,0,0,0,0,0,0,0,0,0,0,0.0
2016,137,0,P004425   ,1.0,1.0,IST,5,"BROWN, DERRICK",26:37,0,0,4,0,0,0,2,1,0,1,2,3,1,0,0,2,1,-2,-5.0
2016,137,0,P004088   ,1.0,0.0,IST,6,"OSMAN, CEDI",12:59,0,0,3,0,0,0,0,0,3,3,0,0,0,0,0,1,2,1,2.0
2016,137,0,P007122   ,0.0,0.0,IST,9,"GEYIK, SAMET",DNP,0,0,0,0,0,0,0,0,0,0,0,0,0,0,0,0,0,0,0.0
2016,137,0,P003024   ,1.0,1.0,IST,15,"GRANGER, JAYSON",23:50,6,2,5,0,3,2,2,1,5,6,3,3,1,0,1,2,1,9,-13.0
2016,137,0,PKLT      ,0.0,1.0,IST,31,"HEURTEL, THOMAS",22:26,18,5,9,2,2,2,2,0,0,0,1,1,4,0,0,2,4,14,-10.0
2016,137,0,PLQV      ,0.0,0.0,IST,32,"MUTAF, MAXIM",06:59,3,0,1,1,3,0,0,3,1,4,2,0,0,0,0,1,0,5,4.0
2016,137,0,P004945   ,1.0,0.0,IST,33,"PAUL, BRANDON",27:01,25,3,5,6,12,1,1,0,0,0,1,1,1,1,0,5,3,17,-3.0
2016,137,0,P003048   ,1.0,1.0,IST,42,"DUNSTON, BRYANT",34:20,5,1,4,0,0,3,4,1,7,8,1,0,0,1,0,3,3,11,-8.0
2016,137,0,P007616   ,0.0,0.0,IST,53,"KIRK, ALEX",05:24,2,0,1,0,0,2,2,0,0,0,0,0,0,0,0,1,1,1,-3.0
2016,137,0,Team,0.0,0.0,IST,,Team,,0,0,0,0,0,0,0,2,0,2,0,0,0,0,0,0,0,2,
2016,137,0,Total,,,IST,,Total,200:00,78,15,40,12,30,12,16,10,21,31,10,10,9,4,2,19,19,75,
2016,138,1,P002969   ,0.0,0.0,ULK,10,"MAHMUTOGLU, MELIH",DNP,0,0,0,0,0,0,0,0,0,0,0,0,0,0,0,0,0,0,0.0
2016,138,1,PBAE      ,1.0,0.0,ULK,12,"ANTIC, PERO",26:43,2,0,1,0,5,2,2,3,5,8,0,0,0,1,0,3,3,5,14.0
2016,138,1,P002821   ,0.0,1.0,ULK,13,"BOGDANOVIC, BOGDAN",25:17,7,2,3,0,2,3,3,0,3,3,5,0,1,0,0,1,2,12,19.0
2016,138,1,P007615   ,0.0,0.0,ULK,15,"BENNETT, ANTHONY",DNP,0,0,0,0,0,0,0,0,0,0,0,0,0,0,0,0,0,0,0.0
2016,138,1,P001926   ,0.0,1.0,ULK,16,"SLOUKAS, KOSTAS",25:01,12,2,5,2,2,2,2,0,4,4,3,0,3,0,0,1,1,13,15.0
2016,138,1,P007400   ,1.0,1.0,ULK,21,"NUNNALLY, JAMES",26:19,10,1,3,2,2,2,2,2,0,2,1,1,1,0,0,0,2,13,8.0
2016,138,1,P003783   ,0.0,0.0,ULK,23,"UGURLU, BERK",DNP,0,0,0,0,0,0,0,0,0,0,0,0,0,0,0,0,0,0,0.0
2016,138,1,P000925   ,1.0,1.0,ULK,24,"VESELY, JAN",24:30,13,6,8,0,0,1,2,2,2,4,3,3,0,0,0,4,3,19,7.0
2016,138,1,P004866   ,0.0,0.0,ULK,33,"KALINIC, NIKOLA",11:29,6,2,5,0,0,2,2,0,1,1,0,0,0,0,0,1,1,4,5.0
2016,138,1,P001324   ,1.0,0.0,ULK,35,"DIXON, BOBBY",14:59,5,1,2,1,3,0,0,0,2,2,4,1,3,0,1,2,4,7,6.0
2016,138,1,P006399   ,0.0,0.0,ULK,44,"DUVERIOGLU, AHMET",15:30,13,6,7,0,0,1,2,4,0,4,1,1,2,2,0,3,1,15,14.0
2016,138,1,PCCD      ,1.0,1.0,ULK,70,"DATOME, LUIGI",30:12,16,2,6,4,7,0,0,1,3,4,3,2,3,0,2,3,2,12,17.0
2016,138,1,Team,0.0,0.0,ULK,,Team,,0,0,0,0,0,0,0,2,4,6,0,0,1,0,0,0,0,5,
2016,138,1,Total,,,ULK,,Total,200:00,84,22,40,9,21,13,15,14,24,38,20,8,14,3,3,18,19,105,
2016,138,0,P006614   ,1.0,0.0,PAN,0,"SINGLETON, CHRIS",22:33,13,3,5,2,2,1,2,1,1,2,0,0,3,1,0,3,3,10,-14.0
2016,138,0,P003482   ,0.0,0.0,PAN,2,"NICHOLS, DEMETRIS",17:02,0,0,2,0,1,0,0,0,3,3,0,0,2,0,0,1,0,-3,-11.0
2016,138,0,P002429   ,0.0,1.0,PAN,3,"RIVERS, K.C.",24:33,11,0,4,3,5,2,2,0,1,1,2,1,0,0,1,2,2,8,-9.0
2016,138,0,P005985   ,0.0,1.0,PAN,5,"JAMES, MIKE",27:05,25,7,8,2,3,5,5,0,1,1,2,2,2,0,0,0,7,33,-13.0
2016,138,0,PBEZ      ,0.0,0.0,PAN,9,"FOTSIS, ANTONIS",14:04,1,0,3,0,3,1,2,2,1,3,0,0,0,0,0,0,1,-2,-15.0
2016,138,0,P000464   ,0.0,0.0,PAN,11,"PAPPAS, NIKOS",DNP,0,0,0,0,0,0,0,0,0,0,0,0,0,0,0,0,0,0,0.0
2016,138,0,P005918   ,1.0,0.0,PAN,12,"FELDEINE, JAMES",17:05,4,1,1,0,3,2,2,0,1,1,3,0,2,0,0,2,1,2,-14.0
2016,138,0,P004218   ,0.0,0.0,PAN,15,"CHARALAMPOPOULOS, VASILIS",DNP,0,0,0,0,0,0,0,0,0,0,0,0,0,0,0,0,0,0,0.0
2016,138,0,P005881   ,1.0,1.0,PAN,21,"GABRIEL, KENNY",25:34,3,1,3,0,1,1,2,1,6,7,1,2,1,1,0,1,1,9,-7.0
2016,138,0,P000880   ,1.0,1.0,PAN,25,"GENTILE, ALESSANDRO",17:11,2,1,1,0,1,0,0,0,1,1,0,1,1,1,0,2,0,1,-8.0
2016,138,0,PAQU      ,0.0,1.0,PAN,29,"BOUROUSIS, IOANNIS",13:44,2,0,0,0,1,2,2,1,1,2,1,0,1,0,0,4,1,0,-6.0
2016,138,0,P001932   ,1.0,0.0,PAN,33,"CALATHES, NICK",21:09,2,1,5,0,3,0,0,1,0,1,4,1,1,0,2,5,2,-5,-8.0
2016,138,0,Team,0.0,0.0,PAN,,Team,,0,0,0,0,0,0,0,4,0,4,0,0,0,0,0,0,0,4,
2016,138,0,Total,,,PAN,,Total,200:00,63,14,32,7,23,14,17,10,16,26,13,7,13,3,3,20,18,57,
2016,139,1,P004903   ,0.0,1.0,TEL,0,"GOUDELOCK, ANDREW",30:56,19,3,5,4,7,1,1,0,5,5,2,0,1,0,0,1,4,23,-3.0
2016,139,1,P006536   ,1.0,0.0,TEL,3,"RUDD, VICTOR",27:42,11,4,6,1,4,0,0,2,2,4,3,2,1,0,0,2,2,14,7.0
2016,139,1,P004862   ,0.0,0.0,TEL,4,"SEELEY, D.J.",DNP,0,0,0,0,0,0,0,0,0,0,0,0,0,0,0,0,0,0,0.0
2016,139,1,P001274   ,1.0,1.0,TEL,6,"SMITH, DEVIN",24:59,2,1,4,0,2,0,0,3,6,9,1,1,3,1,1,2,1,4,-13.0
2016,139,1,PKJP      ,1.0,0.0,TEL,9,"MEKEL, GAL",19:06,3,0,3,1,2,0,0,0,0,0,3,0,3,0,1,1,0,-3,-9.0
2016,139,1,PLKX      ,0.0,0.0,TEL,10,"PNINI, GUY",03:14,0,0,0,0,0,0,0,0,0,0,1,0,1,0,0,0,0,0,-3.0
2016,139,1,P000622   ,0.0,1.0,TEL,12,"OHAYON, YOGEV",20:18,7,1,2,1,3,2,2,0,2,2,5,1,2,0,0,2,2,10,5.0
2016,139,1,P003443   ,1.0,1.0,TEL,13,"WEEMS, SONNY",25:22,12,3,5,1,2,3,3,0,1,1,0,1,3,0,0,2,6,12,-6.0
2016,139,1,P004160   ,0.0,0.0,TEL,15,"LANDESBERG, SYLVEN",09:14,0,0,0,0,2,0,2,0,2,2,1,0,1,0,0,0,1,-1,6.0
2016,139,1,P006195   ,0.0,1.0,TEL,23,"ALEXANDER, JOE",11:17,0,0,1,0,0,0,0,0,3,3,0,0,0,0,0,2,1,1,9.0
2016,139,1,P005154   ,1.0,0.0,TEL,24,"IVERSON, COLTON",27:52,13,6,7,0,0,1,2,3,2,5,0,1,1,0,0,5,2,13,-13.0
2016,139,1,P006657   ,0.0,0.0,TEL,30,"MILLER, QUINCY",DNP,0,0,0,0,0,0,0,0,0,0,0,0,0,0,0,0,0,0,0.0
2016,139,1,Team,0.0,0.0,TEL,,Team,,0,0,0,0,0,0,0,3,1,4,0,0,0,0,0,0,0,4,
2016,139,1,Total,,,TEL,,Total,200:00,67,18,33,8,22,7,10,11,24,35,16,6,16,1,2,17,19,77,
2016,139,0,P006555   ,0.0,0.0,RED,0,"WOLTERS, NATE",19:22,4,2,6,0,2,0,0,0,3,3,2,0,1,0,0,0,3,5,0.0
2016,139,0,P003453   ,0.0,0.0,RED,2,"THOMPSON, DEON",14:05,10,4,4,0,0,2,4,0,1,1,1,1,0,0,0,2,2,11,2.0
2016,139,0,P005942   ,1.0,0.0,RED,6,"DANGUBIC, NEMANJA",15:50,3,0,1,1,2,0,0,0,2,2,0,0,2,0,1,2,0,-2,-2.0
2016,139,0,P002553   ,1.0,0.0,RED,9,"MITROVIC, LUKA",15:37,7,2,3,1,1,0,0,2,2,4,1,0,0,1,0,1,1,12,6.0
2016,139,0,PLUO      ,0.0,1.0,RED,10,"LAZIC, BRANKO",23:47,8,1,1,2,3,0,0,0,3,3,0,0,0,0,0,3,2,9,1.0
2016,139,0,P004007   ,0.0,0.0,RED,13,"DOBRIC, OGNJEN",00:36,0,0,0,0,0,0,0,0,0,0,0,0,0,0,0,1,0,-1,-1.0
2016,139,0,PLRU      ,0.0,1.0,RED,19,"SIMONOVIC, MARKO",24:23,6,0,4,2,3,0,0,1,0,1,0,0,0,0,0,0,2,4,-2.0
2016,139,0,P005014   ,1.0,1.0,RED,22,"JENKINS, CHARLES",29:45,4,2,7,0,5,0,0,0,1,1,1,1,2,1,0,3,0,-7,17.0
2016,139,0,P004004   ,0.0,0.0,RED,23,"GUDURIC, MARKO",10:36,3,0,0,1,2,0,0,0,0,0,1,0,0,0,0,3,1,1,-8.0
2016,139,0,P004863   ,1.0,1.0,RED,24,"JOVIC, STEFAN",20:04,14,4,7,2,4,0,0,1,2,3,7,0,1,0,0,3,0,15,5.0
2016,139,0,P003479   ,1.0,1.0,RED,32,"KUZMIC, OGNJEN",21:26,8,2,6,0,0,4,6,5,4,9,2,2,1,0,0,1,4,17,10.0
2016,139,0,PCHX      ,0.0,0.0,RED,51,"BJELICA, MILKO",04:29,4,0,1,1,1,1,2,1,0,1,0,1,0,0,0,0,2,6,-8.0
2016,139,0,Team,0.0,0.0,RED,,Team,,0,0,0,0,0,0,0,1,1,2,0,0,0,0,0,0,0,2,
2016,139,0,Total,,,RED,,Total,200:00,71,17,40,10,23,7,12,11,19,30,15,5,7,2,1,19,17,72,
2016,140,1,P002100   ,0.0,0.0,CSK,1,"DE COLO, NANDO",27:40,26,8,9,1,5,7,8,0,4,4,5,3,4,0,0,1,8,35,18.0
2016,140,1,P001108   ,1.0,1.0,CSK,3,"KULAGIN, DMITRY",11:04,3,0,1,1,3,0,0,0,0,0,1,0,2,0,0,1,0,-2,4.0
2016,140,1,P001438   ,0.0,0.0,CSK,5,"AUGUSTINE, JAMES",16:06,5,2,3,0,0,1,2,3,0,3,2,1,0,1,0,0,1,11,7.0
2016,140,1,PLLH      ,1.0,0.0,CSK,7,"FRIDZON, VITALY",17:02,10,3,3,1,1,1,1,1,1,2,1,0,3,0,0,2,2,10,7.0
2016,140,1,P003413   ,1.0,0.0,CSK,9,"JACKSON, AARON",30:35,9,0,1,3,5,0,0,0,2,2,6,0,3,0,0,0,0,11,19.0
2016,140,1,P004941   ,0.0,1.0,CSK,11,"ANTONOV, SEMEN",04:03,0,0,1,0,0,0,0,0,0,0,0,0,0,0,0,0,0,-1,-3.0
2016,140,1,PLOO      ,0.0,1.0,CSK,19,"FREELAND, JOEL",03:31,0,0,0,0,0,0,0,1,2,3,0,0,0,0,0,0,0,3,-1.0
2016,140,1,PLHI      ,1.0,0.0,CSK,20,"VORONTSEVICH, ANDREY",18:43,2,1,2,0,0,0,0,0,2,2,2,1,0,3,1,1,2,9,14.0
2016,140,1,P002276   ,0.0,1.0,CSK,30,"KULAGIN, MIKHAIL",07:48,2,0,3,0,1,2,2,0,1,1,0,1,1,0,0,2,1,-2,3.0
2016,140,1,PBCQ      ,0.0,0.0,CSK,31,"KHRYAPA, VICTOR",16:29,5,2,2,0,0,1,1,0,3,3,6,2,1,0,0,4,2,13,6.0
2016,140,1,PJLX      ,0.0,1.0,CSK,41,"KURBANOV, NIKITA",26:36,10,1,2,1,1,5,5,1,4,5,3,0,0,1,0,4,3,17,16.0
2016,140,1,P002812   ,1.0,0.0,CSK,42,"HINES, KYLE",20:23,13,5,5,0,0,3,3,1,2,3,0,2,1,0,0,2,2,17,15.0
2016,140,1,Team,0.0,0.0,CSK,,Team,,0,0,0,0,0,0,0,0,1,1,0,0,1,0,0,0,0,0,
2016,140,1,Total,,,CSK,,Total,200:00,85,22,32,7,16,20,22,7,22,29,26,10,16,5,1,17,21,121,
2016,140,0,P001392   ,1.0,1.0,BAM,1,"CAUSEUR, FABIEN",23:58,4,2,4,0,3,0,0,0,2,2,0,0,1,0,0,2,3,1,-18.0
2016,140,0,P002849   ,1.0,0.0,BAM,4,"MELLI, NICOLO",20:40,15,4,5,1,1,4,5,4,1,5,3,1,2,1,1,2,2,20,-13.0
2016,140,0,PABN      ,0.0,0.0,BAM,6,"ZISIS, NIKOS",06:34,0,0,0,0,1,0,0,0,0,0,0,1,1,0,0,1,1,-1,-1.0
2016,140,0,P002506   ,0.0,1.0,BAM,8,"STAIGER, LUCCA",07:44,6,0,0,2,4,0,0,0,1,1,0,0,0,0,0,1,0,4,-5.0
2016,140,0,P004132   ,0.0,1.0,BAM,10,"THEIS, DANIEL",22:06,16,6,7,1,4,1,1,3,2,5,0,2,1,0,1,3,2,16,-13.0
2016,140,0,P007032   ,1.0,1.0,BAM,12,"LO, MAODO",24:00,8,4,7,0,4,0,0,0,0,0,3,1,2,0,1,0,2,4,-13.0
2016,140,0,P000046   ,0.0,0.0,BAM,13,"STRELNIEKS, JANIS",20:31,5,0,0,1,3,2,2,0,1,1,2,0,3,0,0,1,1,3,-9.0
2016,140,0,PLLM      ,0.0,0.0,BAM,14,"VEREMEENKO, VLADIMIR",09:19,2,1,2,0,0,0,0,0,0,0,1,1,1,0,1,2,0,-1,-6.0
2016,140,0,P006421   ,1.0,0.0,BAM,21,"MILLER, DARIUS",21:41,8,0,1,2,2,2,2,0,0,0,1,0,1,0,0,2,3,8,-15.0
2016,140,0,P006338   ,0.0,0.0,BAM,22,"McNEAL, JEREL",17:55,0,0,2,0,2,0,0,0,1,1,2,1,1,0,0,5,0,-6,-5.0
2016,140,0,P006420   ,0.0,1.0,BAM,33,"HECKMANN, PATRICK",09:17,0,0,3,0,0,0,0,0,0,0,1,0,0,0,1,0,1,-2,-3.0
2016,140,0,PLEM      ,1.0,0.0,BAM,43,"RADOSEVIC, LEON",16:15,0,0,2,0,0,0,0,0,1,1,3,1,1,0,0,2,2,2,-4.0
2016,140,0,Team,0.0,0.0,BAM,,Team,,0,0,0,0,0,0,0,2,4,6,0,0,1,0,0,0,0,5,
2016,140,0,Total,,,BAM,,Total,200:00,64,17,33,7,24,9,10,9,13,22,16,8,15,1,5,21,17,53,
2016,141,1,P006661   ,0.0,1.0,DAR,1,"WILBEKIN, SCOTTIE",22:22,6,0,2,2,8,0,0,0,1,1,1,1,1,0,0,4,2,-2,-1.0
2016,141,1,P000497   ,0.0,0.0,DAR,4,"YAGMUR, MEHMET",02:18,0,0,0,0,1,0,0,0,0,0,0,1,0,0,0,0,0,0,-2.0
2016,141,1,P004170   ,0.0,0.0,DAR,8,"BATUK, BIRKAN",06:08,0,0,1,0,1,0,0,2,1,3,0,0,0,0,1,1,1,0,-9.0
2016,141,1,P005838   ,1.0,1.0,DAR,11,"WANAMAKER, BRAD",33:37,16,5,10,2,2,0,1,3,4,7,5,1,2,0,1,2,3,21,12.0
2016,141,1,P004888   ,1.0,1.0,DAR,12,"CLYBURN, WILL",30:52,7,3,10,0,0,1,2,1,4,5,1,1,2,0,1,1,3,5,7.0
2016,141,1,P001833   ,1.0,1.0,DAR,18,"MOERMAN, ADRIEN",34:13,17,8,13,0,5,1,1,1,6,7,1,3,1,0,2,2,2,15,8.0
2016,141,1,P003328   ,0.0,0.0,DAR,19,"ALDEMIR, FURKAN",DNP,0,0,0,0,0,0,0,0,0,0,0,0,0,0,0,0,0,0,0.0
2016,141,1,PJPF      ,0.0,0.0,DAR,21,"SAVAS, OGUZ",00:57,0,0,0,0,0,0,0,0,1,1,0,0,0,0,0,0,0,1,1.0
2016,141,1,P005938   ,1.0,0.0,DAR,23,"ANDERSON, JAMES",21:42,10,4,6,0,2,2,2,2,5,7,2,1,4,0,0,2,1,11,10.0
2016,141,1,P004554   ,1.0,1.0,DAR,41,"ZIZIC, ANTE",33:23,13,5,7,0,0,3,3,3,2,5,0,0,2,1,0,2,4,17,12.0
2016,141,1,P000436   ,0.0,0.0,DAR,45,"BERTANS, DAIRIS",07:33,2,0,0,0,0,2,2,1,1,2,2,0,3,0,0,3,1,1,7.0
2016,141,1,P004902   ,0.0,0.0,DAR,81,"HARANGODY, LUKE",06:55,0,0,0,0,1,0,0,1,3,4,1,0,1,0,0,1,0,2,-10.0
2016,141,1,Team,0.0,0.0,DAR,,Team,,0,0,0,0,0,0,0,5,2,7,0,0,1,0,0,0,0,6,
2016,141,1,Total,,,DAR,,Total,200:00,71,25,49,4,20,9,11,19,30,49,13,8,17,1,5,18,17,77,
2016,141,0,P005815   ,0.0,1.0,UNK,1,"JOHNSON, ORLANDO",26:08,10,2,7,1,5,3,4,0,1,1,2,1,1,0,0,1,3,5,4.0
2016,141,0,P002026   ,0.0,0.0,UNK,2,"ANTIPOV, PAVEL",21:39,13,2,2,3,4,0,0,1,2,3,0,0,1,2,0,1,0,15,8.0
2016,141,0,P007050   ,1.0,1.0,UNK,4,"CLARKE, COTY",25:20,3,1,7,0,0,1,2,1,1,2,1,0,1,0,0,2,1,-3,-15.0
2016,141,0,P001887   ,1.0,1.0,UNK,5,"LANGFORD, KEITH",33:54,16,1,8,3,10,5,9,0,2,2,2,1,3,0,1,2,8,5,0.0
2016,141,0,P006668   ,1.0,0.0,UNK,6,"STOLL, PAUL",28:18,3,0,1,1,6,0,0,1,4,5,8,3,3,0,0,3,3,10,-12.0
2016,141,0,P003034   ,1.0,1.0,UNK,9,"PARAKHOUSKI, ARTSIOM",20:16,13,5,5,0,0,3,4,4,4,8,0,1,1,1,0,1,2,22,-10.0
2016,141,0,P006533   ,0.0,0.0,UNK,10,"COLOM, QUINO",DNP,0,0,0,0,0,0,0,0,0,0,0,0,0,0,0,0,0,0,0.0
2016,141,0,P006360   ,0.0,0.0,UNK,12,"KLIMENKO, ARTEM",DNP,0,0,0,0,0,0,0,0,0,0,0,0,0,0,0,0,0,0,0.0
2016,141,0,PLSK      ,0.0,0.0,UNK,20,"PANIN, VADIM",06:20,0,0,0,0,1,0,0,0,0,0,0,0,1,0,0,1,0,-3,2.0
2016,141,0,PJUP      ,1.0,1.0,UNK,21,"KAIMAKOGLOU, KOSTAS",18:21,0,0,1,0,2,0,0,2,2,4,1,0,0,0,0,2,1,1,-15.0
2016,141,0,P004259   ,0.0,0.0,UNK,22,"WILLIAMS, LATAVIOUS",19:44,6,3,5,0,0,0,0,4,4,8,0,0,0,2,0,4,0,10,3.0
2016,141,0,Team,0.0,0.0,UNK,,Team,,0,0,0,0,0,0,0,1,0,1,0,0,0,0,0,0,0,1,
2016,141,0,Total,,,UNK,,Total,200:00,64,14,36,8,28,12,19,14,20,34,14,6,11,5,1,17,18,63,
2016,142,1,P004418   ,1.0,1.0,MIL,1,"MCLEAN, JAMEL",16:47,6,2,6,0,1,2,4,4,0,4,0,0,2,0,0,3,3,1,-1.0
2016,142,1,P004499   ,0.0,0.0,MIL,2,"FONTECCHIO, SIMONE",16:39,8,1,2,2,7,0,0,0,1,1,0,3,0,0,1,2,0,3,6.0
2016,142,1,P004159   ,1.0,1.0,MIL,7,"HICKMAN, RICKY",22:49,10,2,4,1,3,3,4,0,2,2,2,0,1,0,1,0,7,14,4.0
2016,142,1,PJBX      ,0.0,1.0,MIL,9,"KALNIETIS, MANTAS",21:05,12,3,4,2,3,0,0,0,2,2,4,1,1,0,0,1,0,15,8.0
2016,142,1,PJDU      ,0.0,0.0,MIL,11,"RADULJICA, MIROSLAV",18:55,13,6,8,0,0,1,1,4,0,4,2,1,1,0,0,4,2,15,7.0
2016,142,1,P003514   ,1.0,0.0,MIL,12,"DRAGIC, ZORAN",12:50,4,2,3,0,1,0,0,0,2,2,1,0,1,0,0,2,1,3,-5.0
2016,142,1,PJEA      ,1.0,1.0,MIL,13,"MACVAN, MILAN",21:05,8,2,6,1,2,1,1,3,3,6,2,1,2,0,1,0,4,13,-1.0
2016,142,1,P006385   ,0.0,0.0,MIL,14,"PASCOLO, DAVIDE",17:46,4,2,4,0,1,0,0,2,2,4,1,0,0,0,0,2,0,4,6.0
2016,142,1,PKIW      ,0.0,0.0,MIL,20,"CINCIARINI, ANDREA",18:36,8,4,6,0,0,0,0,1,3,4,3,2,1,0,0,3,1,12,3.0
2016,142,1,P003527   ,0.0,0.0,MIL,23,"ABASS, AWUDU",04:40,0,0,1,0,0,0,0,1,2,3,1,0,0,0,1,0,0,2,0.0
2016,142,1,PCPR      ,1.0,1.0,MIL,43,"SIMON, KRUNOSLAV",28:48,19,3,4,3,7,4,4,0,3,3,5,0,0,0,0,2,2,22,-2.0
2016,142,1,Team,0.0,0.0,MIL,,Team,,0,0,0,0,0,0,0,1,2,3,0,0,0,0,0,0,0,3,
2016,142,1,Total,,,MIL,,Total,200:00,92,27,48,9,25,11,14,16,22,38,21,8,9,0,4,19,20,107,
2016,142,0,P000529   ,1.0,0.0,GAL,5,"MICOV, VLADIMIR",29:27,7,1,7,1,5,2,2,2,1,3,2,0,1,0,0,2,3,2,-2.0
2016,142,0,P007595   ,1.0,0.0,GAL,6,"FITIPALDO, BRUNO",22:07,17,1,2,4,5,3,4,0,2,2,4,0,4,0,0,4,3,15,2.0
2016,142,0,P004119   ,0.0,1.0,GAL,7,"TYUS, ALEX",17:44,8,4,5,0,1,0,0,0,5,5,0,0,0,2,0,1,1,13,2.0
2016,142,0,P004300   ,0.0,0.0,GAL,8,"KORKMAZ, CAN",DNP,0,0,0,0,0,0,0,0,0,0,0,0,0,0,0,0,0,0,0.0
2016,142,0,P000357   ,0.0,1.0,GAL,10,"SCHILB, BLAKE",30:12,7,2,4,1,2,0,0,1,3,4,8,1,1,1,0,0,0,17,-16.0
2016,142,0,P005813   ,0.0,0.0,GAL,11,"ARAR, EGE",DNP,0,0,0,0,0,0,0,0,0,0,0,0,0,0,0,0,0,0,0.0
2016,142,0,P007355   ,0.0,0.0,GAL,14,"HACIYEVA, ORHAN",DNP,0,0,0,0,0,0,0,0,0,0,0,0,0,0,0,0,0,0,0.0
2016,142,0,PLHK      ,1.0,0.0,GAL,21,"PLEISS, TIBOR",22:16,10,5,8,0,0,0,2,3,2,5,0,0,2,0,0,3,2,7,-7.0
2016,142,0,P003472   ,1.0,1.0,GAL,25,"DAYE, AUSTIN",23:28,14,1,3,4,4,0,0,0,2,2,0,0,1,1,0,4,5,15,0.0
2016,142,0,P000494   ,1.0,1.0,GAL,32,"GULER, SINAN",30:50,17,5,7,2,5,1,1,0,4,4,6,2,3,0,0,2,3,22,-4.0
2016,142,0,P004997   ,0.0,0.0,GAL,33,"DIEBLER, JON",15:42,5,1,1,1,2,0,0,0,3,3,1,1,1,0,0,2,2,8,4.0
2016,142,0,P002104   ,0.0,1.0,GAL,61,"KOKSAL, GOKSENIN",08:14,2,1,2,0,0,0,0,0,0,0,0,0,1,0,0,2,0,-2,-4.0
2016,142,0,Team,0.0,0.0,GAL,,Team,,0,0,0,0,0,0,0,0,2,2,0,0,0,0,0,0,0,2,
2016,142,0,Total,,,GAL,,Total,200:00,87,21,39,13,24,6,9,6,24,30,21,4,14,4,0,20,19,99,
2016,143,1,P005159   ,0.0,1.0,OLY,1,"GREEN, ERICK",20:39,11,5,9,0,3,1,3,1,3,4,0,1,0,0,0,2,2,7,10.0
2016,143,1,P007182   ,1.0,0.0,OLY,2,"BIRCH, KHEM",14:21,9,3,4,0,0,3,4,3,4,7,0,0,1,0,0,3,2,12,14.0
2016,143,1,P005984   ,0.0,0.0,OLY,4,"YOUNG, PATRIC",19:37,7,3,5,0,1,1,3,1,4,5,1,1,0,2,1,1,4,13,12.0
2016,143,1,P005161   ,0.0,0.0,OLY,6,"PAPAPETROU, IOANNIS",15:05,4,2,4,0,0,0,0,0,1,1,0,1,1,0,0,0,0,3,8.0
2016,143,1,PJUO      ,1.0,0.0,OLY,7,"SPANOULIS, VASSILIS",20:07,12,1,5,2,3,4,4,0,2,2,7,0,5,0,1,2,3,11,18.0
2016,143,1,P004223   ,0.0,1.0,OLY,9,"WATERS, DOMINIC",15:43,2,1,2,0,1,0,1,0,1,1,5,0,1,0,0,3,2,3,10.0
2016,143,1,P004429   ,0.0,1.0,OLY,10,"AGRAVANIS, DIMITRIOS",05:21,2,1,2,0,0,0,0,1,2,3,0,1,0,1,1,0,0,5,4.0
2016,143,1,P003941   ,0.0,1.0,OLY,11,"MILUTINOV, NIKOLA",05:39,3,1,2,0,0,1,2,2,2,4,0,0,0,0,0,1,2,6,4.0
2016,143,1,PAMM      ,1.0,0.0,OLY,15,"PRINTEZIS, GEORGIOS",19:34,12,5,8,0,0,2,2,1,2,3,1,0,0,0,0,0,2,15,18.0
2016,143,1,P001255   ,1.0,0.0,OLY,16,"PAPANIKOLAOU, KOSTAS",17:33,12,2,3,2,3,2,3,1,6,7,2,1,0,0,0,3,3,19,14.0
2016,143,1,P003537   ,1.0,0.0,OLY,17,"MANTZARIS, VANGELIS",23:54,10,1,2,2,4,2,5,1,1,2,1,1,2,0,0,4,2,4,22.0
2016,143,1,P003608   ,0.0,1.0,OLY,24,"LOJESKI, MATT",22:27,8,2,3,1,4,1,2,1,2,3,0,0,0,0,0,3,1,4,16.0
2016,143,1,Team,0.0,0.0,OLY,,Team,,0,0,0,0,0,0,0,1,4,5,0,0,0,0,0,0,0,5,
2016,143,1,Total,,,OLY,,Total,200:00,92,27,49,7,19,17,29,13,34,47,17,6,10,3,3,22,23,107,
2016,143,0,P007200   ,1.0,1.0,BAS,0,"LARKIN, SHANE",29:18,12,3,11,0,2,6,6,0,2,2,2,1,3,0,1,3,7,7,-21.0
2016,143,0,PBWZ      ,0.0,0.0,BAS,1,"BARGNANI, ANDREA",10:12,2,1,5,0,1,0,0,0,2,2,0,0,1,0,0,2,2,-2,-10.0
2016,143,0,P007201   ,1.0,0.0,BAS,7,"VOIGTMANN, JOHANNES",21:05,3,1,3,0,1,1,2,1,7,8,1,1,0,0,0,3,1,7,-21.0
2016,143,0,P005099   ,1.0,0.0,BAS,8,"HANGA, ADAM",24:10,11,4,9,0,2,3,4,5,3,8,1,2,2,1,0,2,6,17,-10.0
2016,143,0,P007230   ,0.0,1.0,BAS,9,"SEDEKERSKIS, TADAS",10:49,3,1,1,0,1,1,2,0,3,3,0,1,0,0,0,2,1,4,3.0
2016,143,0,P006590   ,0.0,1.0,BAS,10,"BEAUBOIS, RODRIGUE",14:38,9,3,7,1,4,0,0,0,0,0,2,0,1,0,0,3,1,1,-11.0
2016,143,0,P003452   ,0.0,1.0,BAS,11,"BLAZIC, JAKA",10:23,2,1,3,0,0,0,0,0,0,0,0,1,0,0,1,0,0,0,-15.0
2016,143,0,P003540   ,0.0,0.0,BAS,12,"DIOP, ILIMANE",21:52,0,0,3,0,0,0,0,1,4,5,0,0,0,1,0,5,0,-2,-11.0
2016,143,0,P002744   ,1.0,0.0,BAS,14,"TILLIE, KIM",24:47,7,2,2,1,2,0,0,1,1,2,2,1,1,1,0,2,1,10,-16.0
2016,143,0,P007427   ,1.0,0.0,BAS,34,"BUDINGER, CHASE",21:44,8,4,8,0,0,0,0,1,3,4,1,0,0,0,0,0,2,11,-29.0
2016,143,0,P001633   ,0.0,1.0,BAS,55,"LUZ, RAFA",11:02,5,2,3,0,0,1,1,1,2,3,1,0,3,0,1,1,1,4,-9.0
2016,143,0,Team,0.0,0.0,BAS,,Team,,0,0,0,0,0,0,0,0,1,1,0,0,1,0,0,0,0,0,
2016,143,0,Total,,,BAS,,Total,200:00,62,22,55,2,13,12,15,10,28,38,10,7,12,3,3,23,22,57,
2016,144,1,P006433   ,1.0,0.0,ZAL,3,"PANGOS, KEVIN",17:19,0,0,1,0,1,0,0,0,1,1,1,0,1,0,0,3,1,-3,-11.0
2016,144,1,P003210   ,0.0,1.0,ZAL,4,"LEKAVICIUS, LUKAS",22:41,11,2,3,1,5,4,4,0,1,1,4,0,0,0,1,3,5,12,-4.0
2016,144,1,P002543   ,1.0,0.0,ZAL,9,"WESTERMANN, LEO",23:40,6,0,3,2,5,0,0,0,1,1,7,0,4,0,0,5,1,0,-11.0
2016,144,1,PKNO      ,0.0,1.0,ZAL,10,"SEIBUTIS, RENALDAS",17:30,2,0,2,0,0,2,4,1,2,3,0,0,1,1,0,1,2,2,-16.0
2016,144,1,P006599   ,0.0,0.0,ZAL,12,"MOTUM, BROCK",17:56,2,1,4,0,3,0,0,2,4,6,0,0,0,0,0,0,0,2,-9.0
2016,144,1,PBWI      ,1.0,1.0,ZAL,13,"JANKUNAS, PAULIUS",26:43,11,4,9,1,1,0,0,1,6,7,2,2,4,0,0,2,1,12,-11.0
2016,144,1,PBVE      ,1.0,0.0,ZAL,15,"JAVTOKAS, ROBERTAS",05:11,3,1,3,0,0,1,2,2,0,2,0,0,0,0,1,0,2,3,-3.0
2016,144,1,PKPD      ,1.0,0.0,ZAL,21,"MILAKNIS, ARTURAS",20:18,3,0,0,1,5,0,0,1,3,4,1,0,2,0,0,1,0,1,-13.0
2016,144,1,P001098   ,0.0,0.0,ZAL,23,"LIMA, AUGUSTO",18:33,13,6,10,0,0,1,2,3,3,6,0,0,1,2,0,2,4,17,5.0
2016,144,1,P000399   ,0.0,0.0,ZAL,44,"KAVALIAUSKAS, ANTANAS",09:34,4,1,1,0,0,2,2,0,2,2,0,0,2,0,0,2,2,4,-9.0
2016,144,1,P005846   ,0.0,1.0,ZAL,55,"HARTENSTEIN, ISAIAH",01:35,0,0,0,0,0,0,0,0,0,0,0,0,2,0,0,0,0,-2,-3.0
2016,144,1,P002329   ,0.0,1.0,ZAL,92,"ULANOVAS, EDGARAS",19:00,4,2,2,0,0,0,0,1,4,5,1,0,0,0,0,2,2,10,10.0
2016,144,1,Team,0.0,0.0,ZAL,,Team,,0,0,0,0,0,0,0,1,1,2,0,0,0,0,0,0,0,2,
2016,144,1,Total,,,ZAL,,Total,200:00,59,17,38,5,20,10,14,12,28,40,16,2,17,3,2,21,20,60,
2016,144,0,P005757   ,0.0,0.0,MAD,3,"RANDOLPH, ANTHONY",07:38,0,0,2,0,0,0,0,0,3,3,1,0,1,1,0,2,0,0,-3.0
2016,144,0,P002946   ,0.0,1.0,MAD,4,"DRAPER, DONTAYE",07:02,2,1,1,0,2,0,0,0,1,1,0,1,0,0,0,2,0,0,-1.0
2016,144,0,PBMT      ,0.0,0.0,MAD,5,"FERNANDEZ, RUDY",28:11,2,1,2,0,3,0,0,1,4,5,5,3,2,0,0,2,1,8,18.0
2016,144,0,PAPR      ,0.0,0.0,MAD,6,"NOCIONI, ANDRES",DNP,0,0,0,0,0,0,0,0,0,0,0,0,0,0,0,0,0,0,0.0
2016,144,0,P005929   ,1.0,0.0,MAD,7,"DONCIC, LUKA",28:26,6,0,1,2,7,0,0,2,3,5,4,1,2,0,0,0,4,12,16.0
2016,144,0,PAAX      ,1.0,1.0,MAD,9,"REYES, FELIPE",16:40,8,3,3,0,0,2,2,1,2,3,0,1,2,0,0,3,2,9,0.0
2016,144,0,P005927   ,1.0,1.0,MAD,14,"AYON, GUSTAVO",17:53,11,4,4,0,0,3,4,0,2,2,4,2,1,1,0,0,4,22,2.0
2016,144,0,P001960   ,0.0,1.0,MAD,20,"CARROLL, JAYCEE",21:19,11,1,3,3,3,0,0,1,0,1,2,1,0,0,1,1,1,12,19.0
2016,144,0,P005160   ,0.0,0.0,MAD,21,"HUNTER, OTHELLO",22:07,14,6,9,0,0,2,3,2,4,6,1,0,0,0,1,4,2,14,13.0
2016,144,0,PTGB      ,1.0,0.0,MAD,23,"LLULL, SERGIO",25:03,8,0,3,2,6,2,4,0,3,3,8,0,0,0,0,2,6,14,3.0
2016,144,0,P005836   ,0.0,0.0,MAD,33,"THOMPKINS, TREY",15:50,12,0,3,4,6,0,0,1,2,3,0,2,2,0,1,1,1,9,20.0
2016,144,0,P006546   ,1.0,1.0,MAD,44,"TAYLOR, JEFFERY",09:51,0,0,1,0,2,0,0,0,1,1,0,1,0,0,0,3,0,-4,-12.0
2016,144,0,Team,0.0,0.0,MAD,,Team,,0,0,0,0,0,0,0,1,2,3,0,0,0,0,0,0,0,3,
2016,144,0,Total,,,MAD,,Total,200:00,74,16,32,11,29,9,13,9,27,36,25,12,10,2,3,20,21,99,
2016,145,1,P000529   ,1.0,1.0,GAL,5,"MICOV, VLADIMIR",27:29,16,3,4,3,4,1,2,0,5,5,2,0,1,0,0,1,1,19,20.0
2016,145,1,P007595   ,0.0,1.0,GAL,6,"FITIPALDO, BRUNO",17:30,8,3,3,0,1,2,2,0,0,0,6,0,2,0,0,2,2,11,18.0
2016,145,1,P004119   ,0.0,1.0,GAL,7,"TYUS, ALEX",16:59,18,9,13,0,0,0,1,0,2,2,1,1,1,2,0,1,1,18,17.0
2016,145,1,P004300   ,0.0,0.0,GAL,8,"KORKMAZ, CAN",DNP,0,0,0,0,0,0,0,0,0,0,0,0,0,0,0,0,0,0,0.0
2016,145,1,P000357   ,1.0,0.0,GAL,10,"SCHILB, BLAKE",22:00,10,3,5,1,2,1,1,2,2,4,6,2,0,0,0,1,2,20,8.0
2016,145,1,P007355   ,0.0,0.0,GAL,14,"HACIYEVA, ORHAN",DNP,0,0,0,0,0,0,0,0,0,0,0,0,0,0,0,0,0,0,0.0
2016,145,1,PLHK      ,1.0,0.0,GAL,21,"PLEISS, TIBOR",22:52,16,8,9,0,0,0,0,2,3,5,0,0,1,2,0,1,1,21,22.0
2016,145,1,P003472   ,0.0,0.0,GAL,25,"DAYE, AUSTIN",14:13,5,1,4,1,1,0,0,0,2,2,0,1,1,0,0,2,0,2,24.0
2016,145,1,P000494   ,1.0,0.0,GAL,32,"GULER, SINAN",28:37,8,1,3,1,4,3,4,1,3,4,12,1,1,0,0,0,4,22,35.0
2016,145,1,P004997   ,0.0,1.0,GAL,33,"DIEBLER, JON",22:59,21,0,1,6,7,3,3,0,6,6,0,0,0,0,0,1,2,26,26.0
2016,145,1,P002104   ,1.0,1.0,GAL,61,"KOKSAL, GOKSENIN",27:21,0,0,4,0,1,0,0,1,2,3,2,0,0,0,1,3,3,-1,25.0
2016,145,1,Team,0.0,0.0,GAL,,Team,,0,0,0,0,0,0,0,0,2,2,0,0,1,0,0,0,0,1,
2016,145,1,Total,,,GAL,,Total,200:00,102,28,46,12,20,10,13,6,27,33,29,5,8,4,1,12,16,139,
2016,145,0,P004903   ,1.0,1.0,TEL,0,"GOUDELOCK, ANDREW",28:03,22,5,6,4,9,0,0,0,3,3,1,1,0,0,0,1,0,20,-26.0
2016,145,0,P006536   ,1.0,0.0,TEL,3,"RUDD, VICTOR",26:16,5,1,8,0,1,3,3,2,4,6,1,0,1,0,1,3,2,1,-15.0
2016,145,0,P004862   ,0.0,0.0,TEL,4,"SEELEY, D.J.",09:17,0,0,2,0,1,0,0,0,1,1,1,0,1,0,0,2,1,-3,-7.0
2016,145,0,P001274   ,1.0,1.0,TEL,6,"SMITH, DEVIN",25:21,6,2,5,0,4,2,2,2,5,7,3,0,0,1,0,1,2,11,-26.0
2016,145,0,PKJP      ,1.0,0.0,TEL,9,"MEKEL, GAL",15:57,4,2,2,0,2,0,0,0,2,2,1,1,2,0,0,2,2,4,-13.0
2016,145,0,PLKX      ,0.0,1.0,TEL,10,"PNINI, GUY",16:32,4,2,2,0,0,0,0,0,1,1,3,1,1,0,0,1,0,7,-22.0
2016,145,0,P000622   ,0.0,0.0,TEL,12,"OHAYON, YOGEV",13:50,2,1,1,0,1,0,0,0,1,1,1,0,0,0,0,0,2,5,-20.0
2016,145,0,P003443   ,0.0,1.0,TEL,13,"WEEMS, SONNY",23:56,12,6,8,0,1,0,0,0,1,1,3,1,3,0,0,3,1,9,-24.0
2016,145,0,P004160   ,0.0,0.0,TEL,15,"LANDESBERG, SYLVEN",07:34,0,0,1,0,1,0,0,0,0,0,0,0,1,0,1,0,1,-3,-13.0
2016,145,0,P006195   ,0.0,1.0,TEL,23,"ALEXANDER, JOE",08:39,0,0,2,0,0,0,0,2,0,2,0,0,2,0,0,1,0,-3,-19.0
2016,145,0,P005154   ,1.0,0.0,TEL,24,"IVERSON, COLTON",24:35,8,3,10,0,0,2,2,6,2,8,0,0,3,0,2,2,1,3,-10.0
2016,145,0,Team,0.0,0.0,TEL,,Team,,0,0,0,0,0,0,0,0,1,1,0,0,1,0,0,0,0,0,
2016,145,0,Total,,,TEL,,Total,200:00,63,22,47,4,20,7,7,12,21,33,14,4,15,1,4,16,12,51,
2016,146,1,P007200   ,1.0,1.0,BAS,0,"LARKIN, SHANE",35:16,16,4,4,2,4,2,2,0,2,2,4,0,4,1,0,1,3,19,-18.0
2016,146,1,PBWZ      ,1.0,0.0,BAS,1,"BARGNANI, ANDREA",09:20,2,1,4,0,1,0,0,0,0,0,0,0,3,0,1,1,1,-6,-11.0
2016,146,1,P007201   ,1.0,0.0,BAS,7,"VOIGTMANN, JOHANNES",19:19,5,2,5,0,2,1,2,1,5,6,2,1,1,1,0,2,1,7,-15.0
2016,146,1,P005099   ,1.0,1.0,BAS,8,"HANGA, ADAM",27:46,7,3,4,0,1,1,2,1,3,4,4,2,2,2,0,1,2,15,-17.0
2016,146,1,P007230   ,0.0,1.0,BAS,9,"SEDEKERSKIS, TADAS",06:21,3,1,1,0,0,1,2,0,0,0,0,0,0,0,0,0,2,4,1.0
2016,146,1,P006590   ,0.0,0.0,BAS,10,"BEAUBOIS, RODRIGUE",18:13,9,2,5,1,4,2,2,0,2,2,0,0,4,0,0,1,1,1,-9.0
2016,146,1,P003452   ,1.0,1.0,BAS,11,"BLAZIC, JAKA",15:50,5,2,2,0,2,1,2,1,2,3,0,0,0,0,0,0,2,7,2.0
2016,146,1,P003540   ,0.0,1.0,BAS,12,"DIOP, ILIMANE",14:17,2,1,2,0,0,0,0,1,2,3,0,0,0,0,0,2,2,4,2.0
2016,146,1,P002744   ,0.0,0.0,BAS,14,"TILLIE, KIM",25:39,12,3,4,2,3,0,0,2,1,3,1,0,1,1,0,2,1,13,-20.0
2016,146,1,P006435   ,0.0,0.0,BAS,15,"LAPROVITTOLA, NICOLAS",11:47,6,1,1,1,3,1,2,0,0,0,1,0,2,0,0,4,1,-1,2.0
2016,146,1,P007427   ,0.0,0.0,BAS,34,"BUDINGER, CHASE",11:28,2,1,1,0,2,0,0,1,2,3,0,0,1,0,0,1,0,1,-7.0
2016,146,1,P001633   ,0.0,0.0,BAS,55,"LUZ, RAFA",04:44,0,0,0,0,0,0,0,0,0,0,2,1,2,0,0,1,1,1,0.0
2016,146,1,Team,0.0,0.0,BAS,,Team,,0,0,0,0,0,0,0,1,2,3,0,0,0,0,0,0,0,3,
2016,146,1,Total,,,BAS,,Total,200:00,69,21,33,6,22,9,14,8,21,29,14,4,20,5,1,16,17,68,
2016,146,0,P006555   ,0.0,1.0,RED,0,"WOLTERS, NATE",14:15,9,3,5,1,3,0,0,0,1,1,3,1,3,0,1,1,2,7,0.0
2016,146,0,P003453   ,0.0,1.0,RED,2,"THOMPSON, DEON",05:24,4,2,2,0,0,0,0,0,2,2,0,0,0,0,0,0,0,6,-1.0
2016,146,0,P002553   ,1.0,1.0,RED,9,"MITROVIC, LUKA",21:13,4,2,3,0,0,0,1,1,1,2,2,1,3,0,0,1,1,4,11.0
2016,146,0,PLUO      ,0.0,0.0,RED,10,"LAZIC, BRANKO",23:41,5,2,3,0,1,1,1,2,3,5,0,3,0,0,0,3,2,10,9.0
2016,146,0,P004007   ,0.0,1.0,RED,13,"DOBRIC, OGNJEN",01:57,0,0,0,0,1,0,0,0,0,0,0,0,0,0,0,0,0,-1,-6.0
2016,146,0,PLRU      ,1.0,0.0,RED,19,"SIMONOVIC, MARKO",35:43,23,6,9,3,6,2,2,1,4,5,0,1,1,0,1,1,1,21,19.0
2016,146,0,P007395   ,0.0,0.0,RED,20,"RAKICEVIC, PETAR",DNP,0,0,0,0,0,0,0,0,0,0,0,0,0,0,0,0,0,0,0.0
2016,146,0,P005014   ,1.0,0.0,RED,22,"JENKINS, CHARLES",22:21,5,0,2,1,2,2,2,0,1,1,3,4,0,0,0,2,2,10,22.0
2016,146,0,P004004   ,0.0,1.0,RED,23,"GUDURIC, MARKO",15:05,2,1,2,0,1,0,0,3,1,4,2,0,1,0,1,3,0,1,-1.0
2016,146,0,P004863   ,1.0,0.0,RED,24,"JOVIC, STEFAN",25:45,18,6,7,2,4,0,0,0,1,1,12,4,1,0,0,3,1,29,18.0
2016,146,0,P003479   ,1.0,0.0,RED,32,"KUZMIC, OGNJEN",19:53,11,4,9,0,0,3,5,1,5,6,1,0,0,0,2,2,3,10,18.0
2016,146,0,PCHX      ,0.0,0.0,RED,51,"BJELICA, MILKO",14:43,6,2,3,0,1,2,2,0,2,2,1,0,2,1,0,1,4,9,1.0
2016,146,0,Team,0.0,0.0,RED,,Team,,0,0,0,0,0,0,0,0,1,1,0,0,1,0,0,0,0,0,
2016,146,0,Total,,,RED,,Total,200:00,87,28,45,7,19,10,13,8,22,30,24,14,12,1,5,17,16,106,
2016,147,1,P006614   ,0.0,1.0,PAN,0,"SINGLETON, CHRIS",20:00,10,0,1,3,3,1,2,0,4,4,1,1,1,0,0,2,1,12,3.0
2016,147,1,P003482   ,0.0,0.0,PAN,2,"NICHOLS, DEMETRIS",05:57,0,0,0,0,1,0,0,0,0,0,0,0,0,0,0,2,2,-1,5.0
2016,147,1,P002429   ,0.0,1.0,PAN,3,"RIVERS, K.C.",25:17,13,2,3,3,8,0,0,1,3,4,0,2,0,0,0,0,1,14,6.0
2016,147,1,P005985   ,0.0,1.0,PAN,5,"JAMES, MIKE",27:31,10,4,9,0,1,2,5,0,2,2,4,2,1,0,1,1,3,9,5.0
2016,147,1,PBEZ      ,0.0,0.0,PAN,9,"FOTSIS, ANTONIS",DNP,0,0,0,0,0,0,0,0,0,0,0,0,0,0,0,0,0,0,0.0
2016,147,1,P000464   ,0.0,1.0,PAN,11,"PAPPAS, NIKOS",18:38,2,1,3,0,2,0,0,1,0,1,2,0,1,0,0,2,1,-1,1.0
2016,147,1,P005918   ,1.0,0.0,PAN,12,"FELDEINE, JAMES",17:11,8,1,1,2,4,0,0,0,1,1,1,2,1,0,0,2,1,8,1.0
2016,147,1,P004218   ,0.0,0.0,PAN,15,"CHARALAMPOPOULOS, VASILIS",DNP,0,0,0,0,0,0,0,0,0,0,0,0,0,0,0,0,0,0,0.0
2016,147,1,P005881   ,1.0,0.0,PAN,21,"GABRIEL, KENNY",21:26,7,2,3,1,1,0,0,1,2,3,1,0,1,1,0,2,1,9,1.0
2016,147,1,P000880   ,1.0,0.0,PAN,25,"GENTILE, ALESSANDRO",14:43,2,1,6,0,2,0,2,1,0,1,1,1,0,0,2,1,2,-5,0.0
2016,147,1,PAQU      ,1.0,1.0,PAN,29,"BOUROUSIS, IOANNIS",32:37,14,3,5,1,4,5,6,4,7,11,3,1,0,2,0,2,8,31,3.0
2016,147,1,P001932   ,1.0,0.0,PAN,33,"CALATHES, NICK",16:40,5,1,4,1,4,0,0,0,3,3,2,2,2,0,0,2,1,3,5.0
2016,147,1,Team,0.0,0.0,PAN,,Team,,0,0,0,0,0,0,0,1,0,1,0,0,0,0,0,0,0,1,
2016,147,1,Total,,,PAN,,Total,200:00,71,15,35,11,30,8,15,9,22,31,15,11,7,3,3,16,21,80,
2016,147,0,P003367   ,1.0,1.0,BAR,2,"RICE, TYRESE",28:35,12,2,5,2,2,2,3,1,2,3,5,0,8,0,1,3,3,7,-3.0
2016,147,0,P001832   ,1.0,0.0,BAR,5,"DOELLMAN, JUSTIN",25:16,11,2,8,1,2,4,4,1,5,6,0,0,1,1,2,0,5,13,-7.0
2016,147,0,P000556   ,1.0,1.0,BAR,10,"CLAVER, VICTOR",34:52,5,1,3,1,3,0,0,0,6,6,3,1,2,2,0,3,0,8,-1.0
2016,147,0,PADI      ,1.0,0.0,BAR,11,"NAVARRO, JUAN CARLOS",11:44,5,1,4,0,1,3,3,0,0,0,0,0,3,0,0,2,1,-3,2.0
2016,147,0,P001215   ,0.0,1.0,BAR,13,"FAVERANI, VITOR",23:40,10,4,5,0,2,2,2,1,5,6,0,0,1,0,0,3,3,12,-5.0
2016,147,0,P003469   ,0.0,1.0,BAR,14,"VEZENKOV, ALEKSANDAR",14:48,8,1,1,2,3,0,0,0,2,2,0,0,0,0,0,3,0,6,1.0
2016,147,0,P004588   ,0.0,0.0,BAR,16,"PENO, STEFAN",DNP,0,0,0,0,0,0,0,0,0,0,0,0,0,0,0,0,0,0,0.0
2016,147,0,P003151   ,0.0,0.0,BAR,20,"ERIKSSON, MARCUS",DNP,0,0,0,0,0,0,0,0,0,0,0,0,0,0,0,0,0,0,0.0
2016,147,0,P004178   ,0.0,1.0,BAR,25,"KOPONEN, PETTERI",28:16,10,2,4,2,3,0,0,0,3,3,3,0,1,0,0,2,1,11,-8.0
2016,147,0,P005945   ,0.0,0.0,BAR,32,"RENFROE, ALEX",12:38,0,0,0,0,0,0,0,0,1,1,2,0,2,0,0,2,2,1,-5.0
2016,147,0,PKRH      ,0.0,0.0,BAR,33,"PERPEROGLOU, STRATOS",03:51,0,0,0,0,2,0,0,0,0,0,1,0,1,0,0,0,0,-2,-3.0
2016,147,0,P002507   ,1.0,0.0,BAR,44,"TOMIC, ANTE",16:20,4,2,6,0,0,0,0,4,6,10,2,1,2,0,0,3,1,9,-1.0
2016,147,0,Team,0.0,0.0,BAR,,Team,,0,0,0,0,0,0,0,3,3,6,0,0,0,0,0,0,0,6,
2016,147,0,Total,,,BAR,,Total,200:00,65,15,36,8,18,11,12,10,33,43,16,2,21,3,3,21,16,68,
2016,148,1,P005815   ,0.0,1.0,UNK,1,"JOHNSON, ORLANDO",16:23,16,4,8,2,2,2,3,0,3,3,0,0,1,1,0,2,3,15,1.0
2016,148,1,P002026   ,0.0,1.0,UNK,2,"ANTIPOV, PAVEL",25:40,8,1,3,2,3,0,0,0,1,1,3,0,1,0,0,2,1,7,9.0
2016,148,1,P007050   ,1.0,1.0,UNK,4,"CLARKE, COTY",19:20,6,1,2,0,0,4,4,1,3,4,5,1,4,0,0,2,3,12,4.0
2016,148,1,P001887   ,1.0,1.0,UNK,5,"LANGFORD, KEITH",34:02,11,0,0,2,5,5,6,0,0,0,1,1,2,0,0,0,5,12,-3.0
2016,148,1,P006668   ,1.0,0.0,UNK,6,"STOLL, PAUL",22:35,9,0,2,3,6,0,0,0,0,0,1,2,3,0,0,2,0,2,-10.0
2016,148,1,P003034   ,1.0,0.0,UNK,9,"PARAKHOUSKI, ARTSIOM",24:52,21,8,10,0,0,5,6,6,3,9,1,0,1,1,0,4,4,28,14.0
2016,148,1,P006360   ,0.0,0.0,UNK,12,"KLIMENKO, ARTEM",DNP,0,0,0,0,0,0,0,0,0,0,0,0,0,0,0,0,0,0,0.0
2016,148,1,PATS      ,0.0,0.0,UNK,13,"BANIC, MARKO",DNP,0,0,0,0,0,0,0,0,0,0,0,0,0,0,0,0,0,0,0.0
2016,148,1,P001389   ,0.0,0.0,UNK,18,"VORONOV, EVGENY",07:00,0,0,0,0,0,0,0,0,0,0,0,0,2,0,0,2,0,-4,2.0
2016,148,1,PLSK      ,0.0,0.0,UNK,20,"PANIN, VADIM",20:40,5,0,0,1,2,2,2,0,3,3,4,2,1,0,0,1,4,15,-9.0
2016,148,1,PJUP      ,1.0,0.0,UNK,21,"KAIMAKOGLOU, KOSTAS",14:20,3,0,1,1,2,0,0,0,1,1,2,0,0,0,0,0,0,4,-14.0
2016,148,1,P004259   ,0.0,1.0,UNK,22,"WILLIAMS, LATAVIOUS",15:08,2,1,2,0,0,0,0,1,1,2,1,0,1,1,0,3,1,2,-19.0
2016,148,1,Team,0.0,0.0,UNK,,Team,,0,0,0,0,0,0,0,1,2,3,0,0,1,0,0,0,0,2,
2016,148,1,Total,,,UNK,,Total,200:00,81,15,28,11,20,18,21,9,17,26,18,6,17,3,0,18,21,95,
2016,148,0,P002969   ,0.0,0.0,ULK,10,"MAHMUTOGLU, MELIH",DNP,0,0,0,0,0,0,0,0,0,0,0,0,0,0,0,0,0,0,0.0
2016,148,0,PBAE      ,1.0,0.0,ULK,12,"ANTIC, PERO",18:32,7,0,3,2,4,1,2,0,2,2,2,0,0,0,0,0,2,7,5.0
2016,148,0,P002821   ,1.0,1.0,ULK,13,"BOGDANOVIC, BOGDAN",30:35,16,4,5,2,3,2,3,0,5,5,7,0,3,0,0,2,5,25,2.0
2016,148,0,P007615   ,0.0,0.0,ULK,15,"BENNETT, ANTHONY",07:43,0,0,1,0,1,0,0,0,0,0,1,1,0,0,1,1,0,-2,-8.0
2016,148,0,P001926   ,0.0,1.0,ULK,16,"SLOUKAS, KOSTAS",27:03,12,2,3,2,3,2,2,0,1,1,6,1,2,0,1,1,1,15,14.0
2016,148,0,P007400   ,0.0,1.0,ULK,21,"NUNNALLY, JAMES",26:04,8,1,3,2,5,0,0,1,2,3,3,1,1,0,0,3,0,6,7.0
2016,148,0,P003783   ,0.0,0.0,ULK,23,"UGURLU, BERK",DNP,0,0,0,0,0,0,0,0,0,0,0,0,0,0,0,0,0,0,0.0
2016,148,0,P000925   ,1.0,0.0,ULK,24,"VESELY, JAN",20:27,15,7,9,0,0,1,4,1,1,2,1,3,2,0,0,5,3,12,3.0
2016,148,0,P004866   ,0.0,0.0,ULK,33,"KALINIC, NIKOLA",08:39,2,1,3,0,1,0,0,0,0,0,0,0,0,0,1,1,0,-3,-11.0
2016,148,0,P001324   ,1.0,0.0,ULK,35,"DIXON, BOBBY",13:56,4,1,1,0,1,2,2,0,0,0,1,0,0,0,0,1,2,5,-11.0
2016,148,0,P006399   ,0.0,1.0,ULK,44,"DUVERIOGLU, AHMET",16:43,4,1,1,0,0,2,2,0,2,2,0,0,1,0,0,4,2,3,12.0
2016,148,0,PCCD      ,1.0,1.0,ULK,70,"DATOME, LUIGI",30:18,18,3,3,3,4,3,3,3,1,4,1,1,1,0,0,3,3,22,12.0
2016,148,0,Team,0.0,0.0,ULK,,Team,,0,0,0,0,0,0,0,1,0,1,0,0,0,0,0,0,0,1,
2016,148,0,Total,,,ULK,,Total,200:00,86,20,32,11,22,13,18,6,14,20,22,7,10,0,3,21,18,91,
2016,149,1,P005094   ,0.0,0.0,IST,1,"THOMAS, DESHAUN",13:07,5,0,0,1,3,2,2,0,2,2,1,0,0,0,0,3,1,4,2.0
2016,149,1,P005800   ,0.0,1.0,IST,2,"HONEYCUTT, TYLER",22:11,8,1,3,2,3,0,0,1,6,7,5,0,1,2,0,0,1,19,8.0
2016,149,1,P003521   ,0.0,0.0,IST,4,"BALBAY, DOGUS",DNP,0,0,0,0,0,0,0,0,0,0,0,0,0,0,0,0,0,0,0.0
2016,149,1,P004425   ,1.0,1.0,IST,5,"BROWN, DERRICK",28:55,12,3,6,1,1,3,3,0,3,3,1,0,3,1,0,4,2,9,8.0
2016,149,1,P004088   ,1.0,0.0,IST,6,"OSMAN, CEDI",15:59,4,0,2,1,2,1,2,1,2,3,0,0,1,0,0,2,1,1,8.0
2016,149,1,P007122   ,0.0,0.0,IST,9,"GEYIK, SAMET",DNP,0,0,0,0,0,0,0,0,0,0,0,0,0,0,0,0,0,0,0.0
2016,149,1,P003024   ,1.0,0.0,IST,15,"GRANGER, JAYSON",24:30,9,2,7,1,2,2,2,0,2,2,5,2,1,0,0,2,5,14,1.0
2016,149,1,PKLT      ,0.0,1.0,IST,31,"HEURTEL, THOMAS",27:49,17,6,7,1,5,2,2,0,1,1,7,0,1,0,0,1,2,20,10.0
2016,149,1,PLQV      ,0.0,0.0,IST,32,"MUTAF, MAXIM",04:18,0,0,0,0,0,0,0,0,0,0,0,0,0,0,0,2,0,-2,-2.0
2016,149,1,P004945   ,1.0,1.0,IST,33,"PAUL, BRANDON",25:13,21,2,2,5,9,2,2,0,2,2,2,0,1,1,1,3,2,19,11.0
2016,149,1,P003048   ,1.0,1.0,IST,42,"DUNSTON, BRYANT",34:26,14,6,10,0,0,2,2,3,3,6,0,1,0,3,1,1,1,19,17.0
2016,149,1,P007616   ,0.0,0.0,IST,53,"KIRK, ALEX",03:32,3,1,2,0,0,1,2,1,0,1,0,0,0,1,1,0,1,3,-3.0
2016,149,1,Team,0.0,0.0,IST,,Team,,0,0,0,0,0,0,0,2,0,2,0,0,0,0,0,0,0,2,
2016,149,1,Total,,,IST,,Total,200:00,93,21,39,12,25,15,17,8,21,29,21,3,8,8,3,18,16,108,
2016,149,0,P006661   ,1.0,0.0,DAR,1,"WILBEKIN, SCOTTIE",04:46,1,0,0,0,0,1,2,0,1,1,1,0,0,0,0,2,1,1,2.0
2016,149,0,P000497   ,0.0,0.0,DAR,4,"YAGMUR, MEHMET",04:11,0,0,0,0,0,0,0,0,0,0,0,0,0,0,0,1,0,-1,-11.0
2016,149,0,P004170   ,0.0,1.0,DAR,8,"BATUK, BIRKAN",18:53,10,2,3,2,4,0,0,3,2,5,0,1,0,0,1,4,0,8,-6.0
2016,149,0,P005838   ,1.0,1.0,DAR,11,"WANAMAKER, BRAD",37:10,24,6,12,2,6,6,6,2,3,5,6,0,2,0,1,2,6,26,-4.0
2016,149,0,P004888   ,1.0,1.0,DAR,12,"CLYBURN, WILL",30:22,8,3,10,0,2,2,2,4,2,6,3,2,3,1,2,0,3,9,-10.0
2016,149,0,P001833   ,1.0,1.0,DAR,18,"MOERMAN, ADRIEN",25:44,11,2,5,2,5,1,2,0,2,2,0,0,2,0,1,2,2,3,0.0
2016,149,0,P003328   ,0.0,0.0,DAR,19,"ALDEMIR, FURKAN",03:32,1,0,0,0,0,1,2,1,0,1,1,0,0,1,0,1,1,3,3.0
2016,149,0,PJPF      ,0.0,0.0,DAR,21,"SAVAS, OGUZ",DNP,0,0,0,0,0,0,0,0,0,0,0,0,0,0,0,0,0,0,0.0
2016,149,0,P005938   ,0.0,0.0,DAR,23,"ANDERSON, JAMES",08:20,0,0,2,0,1,0,0,0,1,1,0,0,0,0,0,0,0,-2,-13.0
2016,149,0,P004554   ,1.0,0.0,DAR,41,"ZIZIC, ANTE",33:52,16,6,11,0,0,4,5,8,10,18,1,0,3,0,1,3,3,25,-13.0
2016,149,0,P000436   ,0.0,1.0,DAR,45,"BERTANS, DAIRIS",29:18,10,2,6,2,2,0,0,0,0,0,1,0,0,1,2,1,1,6,-8.0
2016,149,0,P004902   ,0.0,0.0,DAR,81,"HARANGODY, LUKE",03:52,0,0,0,0,1,0,0,0,1,1,0,0,0,0,0,1,1,0,0.0
2016,149,0,Team,0.0,0.0,DAR,,Team,,0,0,0,0,0,0,0,1,1,2,0,0,1,0,0,0,0,1,
2016,149,0,Total,,,DAR,,Total,200:00,81,21,49,8,21,15,19,19,23,42,13,3,11,3,8,17,18,79,
2016,150,1,P001392   ,1.0,0.0,BAM,1,"CAUSEUR, FABIEN",20:00,14,4,7,1,2,3,4,2,2,4,1,0,1,0,0,2,5,16,0.0
2016,150,1,P002849   ,1.0,1.0,BAM,4,"MELLI, NICOLO",32:35,11,2,3,1,4,4,5,1,5,6,3,1,2,0,0,4,7,17,-1.0
2016,150,1,PABN      ,1.0,1.0,BAM,6,"ZISIS, NIKOS",27:01,8,0,3,0,0,8,8,0,3,3,4,2,1,0,1,1,5,16,-5.0
2016,150,1,P002506   ,0.0,1.0,BAM,8,"STAIGER, LUCCA",DNP,0,0,0,0,0,0,0,0,0,0,0,0,0,0,0,0,0,0,0.0
2016,150,1,P004132   ,0.0,0.0,BAM,10,"THEIS, DANIEL",16:48,12,6,6,0,2,0,0,0,2,2,0,1,1,0,0,3,0,9,6.0
2016,150,1,P007032   ,0.0,0.0,BAM,12,"LO, MAODO",DNP,0,0,0,0,0,0,0,0,0,0,0,0,0,0,0,0,0,0,0.0
2016,150,1,P000046   ,0.0,1.0,BAM,13,"STRELNIEKS, JANIS",23:38,9,0,1,2,4,3,4,0,2,2,8,2,0,0,1,0,2,18,2.0
2016,150,1,PLLM      ,0.0,0.0,BAM,14,"VEREMEENKO, VLADIMIR",05:28,0,0,0,0,0,0,0,0,0,0,0,0,0,0,0,1,0,-1,-4.0
2016,150,1,P006421   ,1.0,1.0,BAM,21,"MILLER, DARIUS",32:58,13,1,4,3,9,2,2,0,4,4,3,1,3,2,0,3,2,10,-4.0
2016,150,1,P006338   ,0.0,0.0,BAM,22,"McNEAL, JEREL",17:07,5,1,1,1,2,0,0,0,1,1,1,0,1,0,0,0,1,6,2.0
2016,150,1,P006420   ,0.0,0.0,BAM,33,"HECKMANN, PATRICK",08:50,6,1,2,1,1,1,1,0,0,0,0,0,0,0,0,1,1,5,3.0
2016,150,1,PLEM      ,1.0,0.0,BAM,43,"RADOSEVIC, LEON",15:35,11,4,6,0,0,3,3,1,0,1,0,1,1,1,0,3,3,11,-9.0
2016,150,1,Team,0.0,0.0,BAM,,Team,,0,0,0,0,0,0,0,1,2,3,0,0,0,0,0,0,0,3,
2016,150,1,Total,,,BAM,,Total,200:00,89,19,33,9,24,24,27,5,21,26,20,8,10,3,2,18,26,110,
2016,150,0,P005757   ,0.0,0.0,MAD,3,"RANDOLPH, ANTHONY",12:32,2,1,1,0,1,0,0,1,1,2,0,0,1,0,0,3,0,-1,2.0
2016,150,0,P002946   ,0.0,0.0,MAD,4,"DRAPER, DONTAYE",14:37,5,2,2,0,1,1,1,0,1,1,4,1,1,0,0,2,1,8,2.0
2016,150,0,PBMT      ,0.0,1.0,MAD,5,"FERNANDEZ, RUDY",28:50,9,1,2,2,5,1,2,1,4,5,3,2,5,0,0,3,3,9,7.0
2016,150,0,PAPR      ,0.0,0.0,MAD,6,"NOCIONI, ANDRES",00:35,0,0,0,0,0,0,0,0,0,0,0,0,0,0,0,0,0,0,-2.0
2016,150,0,PJCC      ,1.0,0.0,MAD,8,"MACIULIS, JONAS",12:09,0,0,1,0,1,0,0,0,2,2,0,1,0,0,1,1,0,-1,1.0
2016,150,0,PAAX      ,1.0,1.0,MAD,9,"REYES, FELIPE",13:52,4,0,3,0,0,4,4,1,2,3,0,0,0,0,1,1,3,5,5.0
2016,150,0,P005927   ,1.0,1.0,MAD,14,"AYON, GUSTAVO",26:32,16,8,9,0,0,0,1,5,3,8,4,0,1,2,0,2,3,28,2.0
2016,150,0,P001960   ,0.0,0.0,MAD,20,"CARROLL, JAYCEE",21:00,24,7,10,3,6,1,1,1,1,2,0,0,0,0,1,2,2,19,-3.0
2016,150,0,P005160   ,0.0,0.0,MAD,21,"HUNTER, OTHELLO",14:18,2,1,2,0,0,0,0,1,2,3,0,1,1,0,0,1,1,4,1.0
2016,150,0,PTGB      ,1.0,1.0,MAD,23,"LLULL, SERGIO",27:25,26,7,11,2,8,6,7,2,4,6,4,0,3,0,0,4,3,21,-1.0
2016,150,0,P005836   ,0.0,0.0,MAD,33,"THOMPKINS, TREY",14:49,3,0,3,1,3,0,0,1,3,4,0,1,0,0,0,4,2,1,-7.0
2016,150,0,P006546   ,1.0,1.0,MAD,44,"TAYLOR, JEFFERY",13:21,0,0,0,0,2,0,0,1,0,1,0,0,0,0,0,3,0,-4,3.0
2016,150,0,Team,0.0,0.0,MAD,,Team,,0,0,0,0,0,0,0,2,1,3,0,0,0,0,0,0,0,3,
2016,150,0,Total,,,MAD,,Total,200:00,91,27,44,8,27,13,16,16,24,40,15,6,12,2,3,26,18,92,
2016,151,1,P004418   ,1.0,0.0,MIL,1,"MCLEAN, JAMEL",16:04,10,4,5,0,0,2,3,2,1,3,1,0,1,0,1,4,3,9,8.0
2016,151,1,P004499   ,0.0,0.0,MIL,2,"FONTECCHIO, SIMONE",DNP,0,0,0,0,0,0,0,0,0,0,0,0,0,0,0,0,0,0,0.0
2016,151,1,P004159   ,1.0,0.0,MIL,7,"HICKMAN, RICKY",13:39,2,1,2,0,1,0,2,0,0,0,1,2,1,0,1,1,2,0,-9.0
2016,151,1,PJBX      ,1.0,0.0,MIL,9,"KALNIETIS, MANTAS",17:05,5,1,3,1,2,0,0,0,1,1,4,0,1,0,0,0,1,7,-11.0
2016,151,1,PJDU      ,0.0,0.0,MIL,11,"RADULJICA, MIROSLAV",10:42,7,3,4,0,0,1,1,1,1,2,0,0,2,0,0,4,3,5,-9.0
2016,151,1,P003514   ,0.0,1.0,MIL,12,"DRAGIC, ZORAN",26:21,12,4,8,1,2,1,1,0,1,1,2,0,1,0,0,1,0,8,25.0
2016,151,1,PJEA      ,1.0,1.0,MIL,13,"MACVAN, MILAN",32:07,15,6,7,1,2,0,0,3,3,6,1,2,1,0,0,2,3,22,7.0
2016,151,1,P006385   ,0.0,1.0,MIL,14,"PASCOLO, DAVIDE",17:28,15,4,5,1,2,4,4,3,3,6,3,1,0,0,0,1,3,25,23.0
2016,151,1,PKIW      ,0.0,1.0,MIL,20,"CINCIARINI, ANDREA",22:55,7,3,4,0,2,1,2,0,3,3,2,1,0,0,0,3,1,7,27.0
2016,151,1,P005001   ,1.0,0.0,MIL,21,"SANDERS, RAKIM",17:18,10,3,4,0,4,4,4,0,2,2,0,2,1,0,0,2,2,8,-8.0
2016,151,1,P003527   ,0.0,0.0,MIL,23,"ABASS, AWUDU",DNP,0,0,0,0,0,0,0,0,0,0,0,0,0,0,0,0,0,0,0.0
2016,151,1,PCPR      ,0.0,1.0,MIL,43,"SIMON, KRUNOSLAV",26:21,16,2,6,2,3,6,6,0,5,5,7,1,1,2,1,2,3,25,27.0
2016,151,1,Team,0.0,0.0,MIL,,Team,,0,0,0,0,0,0,0,4,0,4,0,0,1,0,0,0,0,3,
2016,151,1,Total,,,MIL,,Total,200:00,99,31,48,6,18,19,23,13,20,33,21,9,10,2,3,20,21,119,
2016,151,0,P005159   ,0.0,1.0,OLY,1,"GREEN, ERICK",18:27,10,2,5,2,4,0,0,0,1,1,1,0,0,0,0,0,0,7,-27.0
2016,151,0,P007182   ,1.0,0.0,OLY,2,"BIRCH, KHEM",14:27,11,5,6,0,0,1,2,7,1,8,0,0,1,0,0,1,2,17,-3.0
2016,151,0,P005984   ,0.0,0.0,OLY,4,"YOUNG, PATRIC",10:15,2,1,1,0,0,0,0,1,1,2,1,0,0,0,0,0,3,8,-12.0
2016,151,0,P005161   ,0.0,1.0,OLY,6,"PAPAPETROU, IOANNIS",12:44,5,1,1,1,3,0,0,1,0,1,0,0,1,0,0,3,0,0,-18.0
2016,151,0,PJUO      ,1.0,0.0,OLY,7,"SPANOULIS, VASSILIS",25:48,8,3,6,0,4,2,2,1,2,3,4,0,5,0,0,3,2,2,1.0
2016,151,0,P004223   ,0.0,1.0,OLY,9,"WATERS, DOMINIC",15:50,4,1,3,0,1,2,2,0,0,0,3,0,1,0,0,3,2,2,-11.0
2016,151,0,P004429   ,0.0,0.0,OLY,10,"AGRAVANIS, DIMITRIOS",DNP,0,0,0,0,0,0,0,0,0,0,0,0,0,0,0,0,0,0,0.0
2016,151,0,P003941   ,0.0,0.0,OLY,11,"MILUTINOV, NIKOLA",09:43,5,2,5,0,0,1,2,1,2,3,1,0,2,0,0,3,2,2,8.0
2016,151,0,PAMM      ,1.0,0.0,OLY,15,"PRINTEZIS, GEORGIOS",27:30,16,4,9,2,3,2,3,0,2,2,1,2,2,0,0,2,3,13,2.0
2016,151,0,P001255   ,1.0,1.0,OLY,16,"PAPANIKOLAOU, KOSTAS",27:16,11,1,4,1,2,6,6,5,3,8,1,2,1,2,1,3,4,19,1.0
2016,151,0,P003537   ,1.0,1.0,OLY,17,"MANTZARIS, VANGELIS",22:03,9,0,0,3,4,0,0,1,2,3,2,0,3,0,0,3,0,7,0.0
2016,151,0,P003608   ,0.0,0.0,OLY,24,"LOJESKI, MATT",15:57,2,1,4,0,4,0,0,3,1,4,2,0,0,1,1,1,2,2,-21.0
2016,151,0,Team,0.0,0.0,OLY,,Team,,0,0,0,0,0,0,0,1,2,3,0,0,0,0,0,0,0,3,
2016,151,0,Total,,,OLY,,Total,200:00,83,21,44,9,25,14,17,21,17,38,16,4,16,3,2,22,20,82,
2016,152,1,P006433   ,1.0,1.0,ZAL,3,"PANGOS, KEVIN",26:56,21,2,4,5,8,2,2,0,1,1,4,2,4,0,1,2,3,19,19.0
2016,152,1,P003210   ,0.0,0.0,ZAL,4,"LEKAVICIUS, LUKAS",16:17,2,1,4,0,0,0,0,0,2,2,2,0,3,0,0,4,3,-1,-14.0
2016,152,1,P002543   ,1.0,0.0,ZAL,9,"WESTERMANN, LEO",23:01,10,4,7,0,1,2,2,0,0,0,10,2,5,0,0,4,2,11,7.0
2016,152,1,PKNO      ,0.0,0.0,ZAL,10,"SEIBUTIS, RENALDAS",08:36,0,0,2,0,1,0,0,0,1,1,1,0,1,0,0,0,1,-1,-6.0
2016,152,1,P006599   ,0.0,0.0,ZAL,12,"MOTUM, BROCK",15:41,7,2,3,1,1,0,2,0,0,0,0,0,0,0,1,1,2,4,-19.0
2016,152,1,PBWI      ,1.0,1.0,ZAL,13,"JANKUNAS, PAULIUS",30:44,13,4,7,1,1,2,2,1,3,4,0,1,1,0,1,2,4,15,21.0
2016,152,1,PBVE      ,0.0,0.0,ZAL,15,"JAVTOKAS, ROBERTAS",DNP,0,0,0,0,0,0,0,0,0,0,0,0,0,0,0,0,0,0,0.0
2016,152,1,PKPD      ,0.0,1.0,ZAL,21,"MILAKNIS, ARTURAS",16:47,5,1,1,1,3,0,0,0,0,0,1,0,0,0,0,4,0,0,-2.0
2016,152,1,P001098   ,1.0,1.0,ZAL,23,"LIMA, AUGUSTO",24:36,12,6,7,0,0,0,0,2,3,5,2,0,1,1,1,2,1,16,12.0
2016,152,1,P000399   ,0.0,0.0,ZAL,44,"KAVALIAUSKAS, ANTANAS",07:25,0,0,0,0,0,0,0,1,1,2,1,1,0,0,0,1,0,3,-5.0
2016,152,1,P005846   ,0.0,0.0,ZAL,55,"HARTENSTEIN, ISAIAH",DNP,0,0,0,0,0,0,0,0,0,0,0,0,0,0,0,0,0,0,0.0
2016,152,1,P002329   ,1.0,1.0,ZAL,92,"ULANOVAS, EDGARAS",29:57,9,4,7,0,1,1,2,3,3,6,3,0,2,0,0,3,3,11,12.0
2016,152,1,Team,0.0,0.0,ZAL,,Team,,0,0,0,0,0,0,0,2,3,5,0,0,0,0,0,0,0,5,
2016,152,1,Total,,,ZAL,,Total,200:00,79,24,42,8,16,7,10,9,17,26,24,6,17,1,4,23,19,82,
2016,152,0,P002100   ,0.0,1.0,CSK,1,"DE COLO, NANDO",28:48,11,3,6,1,6,2,2,0,2,2,3,2,3,0,0,1,6,12,-2.0
2016,152,0,P001108   ,1.0,0.0,CSK,3,"KULAGIN, DMITRY",13:23,5,1,2,1,4,0,0,0,1,1,4,0,2,0,0,1,0,3,8.0
2016,152,0,P001438   ,0.0,1.0,CSK,5,"AUGUSTINE, JAMES",26:35,15,5,6,0,0,5,6,2,5,7,0,1,1,1,0,2,3,22,-13.0
2016,152,0,PLLH      ,0.0,0.0,CSK,7,"FRIDZON, VITALY",08:36,0,0,0,0,0,0,0,0,0,0,1,0,1,0,0,0,1,1,-2.0
2016,152,0,P003413   ,1.0,1.0,CSK,9,"JACKSON, AARON",32:49,8,1,1,1,1,3,4,0,1,1,8,0,2,0,0,2,3,15,-13.0
2016,152,0,P004941   ,0.0,0.0,CSK,11,"ANTONOV, SEMEN",DNP,0,0,0,0,0,0,0,0,0,0,0,0,0,0,0,0,0,0,0.0
2016,152,0,PLOO      ,0.0,0.0,CSK,19,"FREELAND, JOEL",DNP,0,0,0,0,0,0,0,0,0,0,0,0,0,0,0,0,0,0,0.0
2016,152,0,PLHI      ,1.0,0.0,CSK,20,"VORONTSEVICH, ANDREY",18:04,9,1,2,2,2,1,1,0,1,1,0,2,2,0,0,1,1,9,2.0
2016,152,0,P006450   ,0.0,1.0,CSK,22,"HIGGINS, CORY",18:39,11,2,3,0,1,7,8,0,0,0,1,0,2,1,0,3,5,10,10.0
2016,152,0,PBCQ      ,0.0,1.0,CSK,31,"KHRYAPA, VICTOR",21:56,9,3,7,1,3,0,0,1,4,5,0,1,2,1,0,3,2,7,-7.0
2016,152,0,PJLX      ,1.0,0.0,CSK,41,"KURBANOV, NIKITA",17:45,0,0,1,0,0,0,0,0,1,1,1,0,2,1,1,2,1,-2,-16.0
2016,152,0,P002812   ,1.0,0.0,CSK,42,"HINES, KYLE",13:25,6,3,3,0,0,0,2,0,2,2,1,2,2,0,0,4,1,4,8.0
2016,152,0,Team,0.0,0.0,CSK,,Team,,0,0,0,0,0,0,0,1,0,1,0,0,2,0,0,0,0,-1,
2016,152,0,Total,,,CSK,,Total,200:00,74,19,31,6,17,18,23,4,17,21,19,8,21,4,1,19,23,80,
2016,153,1,P006555   ,0.0,0.0,RED,0,"WOLTERS, NATE",11:29,5,1,3,1,1,0,0,1,2,3,2,0,0,0,0,1,0,7,-7.0
2016,153,1,P003453   ,0.0,0.0,RED,2,"THOMPSON, DEON",08:50,6,2,3,0,0,2,4,0,0,0,1,0,1,0,0,1,2,4,-7.0
2016,153,1,P002553   ,1.0,0.0,RED,9,"MITROVIC, LUKA",22:10,11,5,6,0,2,1,2,2,1,3,3,0,1,0,0,2,2,12,1.0
2016,153,1,PLUO      ,0.0,1.0,RED,10,"LAZIC, BRANKO",18:57,5,1,1,1,1,0,0,0,2,2,0,0,0,0,0,4,1,4,-2.0
2016,153,1,P004007   ,0.0,0.0,RED,13,"DOBRIC, OGNJEN",DNP,0,0,0,0,0,0,0,0,0,0,0,0,0,0,0,0,0,0,0.0
2016,153,1,PLRU      ,1.0,1.0,RED,19,"SIMONOVIC, MARKO",31:47,13,3,6,1,7,4,4,0,2,2,0,1,0,0,0,0,4,11,7.0
2016,153,1,P007395   ,0.0,0.0,RED,20,"RAKICEVIC, PETAR",DNP,0,0,0,0,0,0,0,0,0,0,0,0,0,0,0,0,0,0,0.0
2016,153,1,P005014   ,1.0,1.0,RED,22,"JENKINS, CHARLES",30:03,6,2,4,0,3,2,2,0,1,1,2,1,1,0,1,2,4,5,15.0
2016,153,1,P004004   ,0.0,0.0,RED,23,"GUDURIC, MARKO",17:03,4,2,3,0,2,0,0,0,1,1,1,1,0,0,0,1,0,3,-3.0
2016,153,1,P004863   ,1.0,1.0,RED,24,"JOVIC, STEFAN",28:31,7,2,7,0,2,3,4,1,4,5,8,2,3,0,0,3,4,12,13.0
2016,153,1,P003479   ,1.0,1.0,RED,32,"KUZMIC, OGNJEN",24:19,10,4,6,0,0,2,3,5,9,14,1,1,1,0,0,2,4,24,13.0
2016,153,1,PCHX      ,0.0,0.0,RED,51,"BJELICA, MILKO",06:51,5,1,1,1,2,0,0,0,0,0,1,0,0,0,0,1,0,4,0.0
2016,153,1,Team,0.0,0.0,RED,,Team,,0,0,0,0,0,0,0,0,3,3,0,0,1,0,0,0,0,2,
2016,153,1,Total,,,RED,,Total,200:00,72,23,40,4,20,14,19,9,25,34,19,6,8,0,1,17,21,88,
2016,153,0,P006614   ,1.0,1.0,PAN,0,"SINGLETON, CHRIS",28:21,5,1,3,1,4,0,0,2,3,5,1,0,1,0,0,2,3,6,-18.0
2016,153,0,P003482   ,0.0,0.0,PAN,2,"NICHOLS, DEMETRIS",01:53,0,0,1,0,0,0,0,0,1,1,0,0,0,0,0,0,0,0,-4.0
2016,153,0,P002429   ,0.0,1.0,PAN,3,"RIVERS, K.C.",28:52,12,3,4,2,3,0,0,0,6,6,1,1,1,0,0,4,0,13,-6.0
2016,153,0,P005985   ,0.0,1.0,PAN,5,"JAMES, MIKE",28:27,19,5,8,2,7,3,4,0,1,1,3,1,2,0,0,2,5,16,-6.0
2016,153,0,PBEZ      ,0.0,1.0,PAN,9,"FOTSIS, ANTONIS",06:29,0,0,0,0,0,0,0,0,2,2,0,0,0,0,0,0,0,2,-4.0
2016,153,0,P000464   ,0.0,0.0,PAN,11,"PAPPAS, NIKOS",14:32,2,1,1,0,2,0,0,0,0,0,3,0,2,0,0,1,1,1,5.0
2016,153,0,P005918   ,1.0,0.0,PAN,12,"FELDEINE, JAMES",11:43,0,0,2,0,1,0,0,0,0,0,1,0,0,1,0,0,0,-1,-3.0
2016,153,0,P004218   ,1.0,0.0,PAN,15,"CHARALAMPOPOULOS, VASILIS",04:00,0,0,1,0,0,0,0,0,0,0,0,0,1,0,0,1,0,-3,0.0
2016,153,0,P005881   ,0.0,0.0,PAN,21,"GABRIEL, KENNY",27:15,23,3,5,5,7,2,2,3,1,4,1,1,0,0,0,4,2,23,2.0
2016,153,0,P000880   ,0.0,0.0,PAN,25,"GENTILE, ALESSANDRO",10:23,0,0,2,0,0,0,0,2,4,6,2,0,3,0,0,2,2,3,-8.0
2016,153,0,PAQU      ,1.0,0.0,PAN,29,"BOUROUSIS, IOANNIS",16:02,3,0,3,1,1,0,0,0,3,3,2,1,0,0,0,5,2,3,12.0
2016,153,0,P001932   ,1.0,1.0,PAN,33,"CALATHES, NICK",22:03,2,1,2,0,5,0,2,0,1,1,4,0,4,0,0,0,2,-3,0.0
2016,153,0,Team,0.0,0.0,PAN,,Team,,0,0,0,0,0,0,0,5,4,9,0,0,0,0,0,0,0,9,
2016,153,0,Total,,,PAN,,Total,200:00,66,14,32,11,30,5,8,12,26,38,18,4,14,1,0,21,17,69,
2016,154,1,P003367   ,1.0,0.0,BAR,2,"RICE, TYRESE",26:14,15,2,5,3,7,2,2,0,0,0,3,0,2,1,0,1,2,11,-24.0
2016,154,1,P001832   ,1.0,0.0,BAR,5,"DOELLMAN, JUSTIN",11:58,10,0,2,2,2,4,4,0,1,1,1,1,1,0,1,1,2,10,-7.0
2016,154,1,P000556   ,1.0,0.0,BAR,10,"CLAVER, VICTOR",20:50,1,0,2,0,1,1,2,1,1,2,2,1,2,1,0,1,2,2,-14.0
2016,154,1,PADI      ,1.0,0.0,BAR,11,"NAVARRO, JUAN CARLOS",14:33,0,0,2,0,1,0,0,0,1,1,1,0,1,0,0,0,1,-1,-22.0
2016,154,1,P001215   ,0.0,0.0,BAR,13,"FAVERANI, VITOR",13:49,11,3,4,0,0,5,6,2,4,6,1,0,3,0,0,3,7,17,-12.0
2016,154,1,P003469   ,0.0,1.0,BAR,14,"VEZENKOV, ALEKSANDAR",28:02,14,2,3,2,2,4,5,2,3,5,2,0,1,0,0,0,4,22,-7.0
2016,154,1,P004588   ,0.0,1.0,BAR,16,"PENO, STEFAN",05:27,0,0,0,0,0,0,0,0,0,0,1,0,1,1,0,2,0,-1,2.0
2016,154,1,P003151   ,0.0,1.0,BAR,20,"ERIKSSON, MARCUS",11:57,6,0,0,2,5,0,0,0,1,1,0,1,2,0,0,0,0,3,9.0
2016,154,1,P006476   ,0.0,1.0,BAR,21,"DIAGNE, MOUSSA",08:22,8,1,3,0,0,6,10,1,4,5,0,0,1,0,0,2,6,10,8.0
2016,154,1,P004178   ,0.0,0.0,BAR,25,"KOPONEN, PETTERI",29:07,6,0,3,1,5,3,3,0,2,2,5,0,2,0,1,3,2,2,-5.0
2016,154,1,PKRH      ,0.0,1.0,BAR,33,"PERPEROGLOU, STRATOS",16:48,6,0,1,2,3,0,0,4,2,6,0,2,1,0,0,2,1,10,11.0
2016,154,1,P002507   ,1.0,0.0,BAR,44,"TOMIC, ANTE",12:53,2,0,4,0,0,2,2,5,2,7,1,0,1,0,0,3,2,4,-9.0
2016,154,1,Team,0.0,0.0,BAR,,Team,,0,0,0,0,0,0,0,1,0,1,0,0,0,0,0,0,0,1,
2016,154,1,Total,,,BAR,,Total,200:00,79,8,29,12,26,27,34,16,21,37,17,5,18,3,2,18,29,90,
2016,154,0,P007200   ,1.0,0.0,BAS,0,"LARKIN, SHANE",26:34,18,1,4,3,5,7,8,0,1,1,5,4,3,0,0,3,5,21,14.0
2016,154,0,PBWZ      ,0.0,0.0,BAS,1,"BARGNANI, ANDREA",09:13,6,1,4,1,1,1,2,0,0,0,0,0,1,0,0,5,1,-3,-8.0
2016,154,0,P007201   ,0.0,0.0,BAS,7,"VOIGTMANN, JOHANNES",17:27,13,5,8,1,2,0,0,2,2,4,0,1,0,0,1,4,1,10,6.0
2016,154,0,P005099   ,1.0,0.0,BAS,8,"HANGA, ADAM",29:25,14,2,3,3,6,1,1,2,5,7,3,0,1,1,0,1,2,21,17.0
2016,154,0,P007230   ,0.0,1.0,BAS,9,"SEDEKERSKIS, TADAS",09:44,2,1,1,0,0,0,0,1,0,1,0,0,1,0,0,2,0,0,-9.0
2016,154,0,P006590   ,0.0,0.0,BAS,10,"BEAUBOIS, RODRIGUE",14:57,3,0,1,1,3,0,0,0,1,1,2,0,0,0,1,2,0,0,15.0
2016,154,0,P003452   ,0.0,1.0,BAS,11,"BLAZIC, JAKA",11:35,0,0,0,0,1,0,0,0,1,1,0,0,0,0,0,1,0,-1,-5.0
2016,154,0,P003540   ,1.0,1.0,BAS,12,"DIOP, ILIMANE",19:53,4,1,4,0,0,2,3,1,3,4,1,1,1,0,0,4,2,3,17.0
2016,154,0,P002744   ,1.0,0.0,BAS,14,"TILLIE, KIM",22:52,13,5,5,0,2,3,3,2,2,4,3,2,0,1,0,3,2,20,19.0
2016,154,0,P006435   ,0.0,1.0,BAS,15,"LAPROVITTOLA, NICOLAS",12:35,5,0,2,1,3,2,2,0,1,1,5,0,1,0,1,3,2,4,-5.0
2016,154,0,P007427   ,1.0,0.0,BAS,34,"BUDINGER, CHASE",22:05,15,3,3,2,4,3,3,0,3,3,0,2,2,0,0,2,3,17,9.0
2016,154,0,P001633   ,0.0,1.0,BAS,55,"LUZ, RAFA",03:40,0,0,0,0,1,0,0,0,0,0,0,0,1,0,0,0,0,-2,0.0
2016,154,0,Team,0.0,0.0,BAS,,Team,,0,0,0,0,0,0,0,3,2,5,0,0,1,0,0,0,0,4,
2016,154,0,Total,,,BAS,,Total,200:00,93,19,35,12,28,19,22,11,21,32,19,10,12,2,3,30,18,94,
2016,155,1,P002969   ,0.0,0.0,ULK,10,"MAHMUTOGLU, MELIH",DNP,0,0,0,0,0,0,0,0,0,0,0,0,0,0,0,0,0,0,0.0
2016,155,1,PBAE      ,0.0,0.0,ULK,12,"ANTIC, PERO",12:00,0,0,0,0,1,0,0,0,1,1,2,0,0,0,0,2,0,0,-3.0
2016,155,1,P002821   ,0.0,1.0,ULK,13,"BOGDANOVIC, BOGDAN",27:13,14,2,7,3,7,1,2,0,3,3,3,0,1,0,0,3,2,8,10.0
2016,155,1,P007615   ,0.0,0.0,ULK,15,"BENNETT, ANTHONY",DNP,0,0,0,0,0,0,0,0,0,0,0,0,0,0,0,0,0,0,0.0
2016,155,1,P001926   ,0.0,1.0,ULK,16,"SLOUKAS, KOSTAS",33:07,9,3,7,1,1,0,0,2,0,2,7,0,3,0,1,3,4,11,0.0
2016,155,1,P007400   ,1.0,1.0,ULK,21,"NUNNALLY, JAMES",20:55,5,1,3,1,1,0,0,0,4,4,3,1,1,1,1,2,1,9,5.0
2016,155,1,P003783   ,0.0,0.0,ULK,23,"UGURLU, BERK",DNP,0,0,0,0,0,0,0,0,0,0,0,0,0,0,0,0,0,0,0.0
2016,155,1,P000925   ,1.0,1.0,ULK,24,"VESELY, JAN",33:26,20,8,9,0,0,4,8,4,3,7,1,2,3,1,0,2,9,30,8.0
2016,155,1,P004866   ,1.0,0.0,ULK,33,"KALINIC, NIKOLA",07:10,0,0,0,0,0,0,0,0,0,0,0,0,0,0,0,1,0,-1,-11.0
2016,155,1,P001324   ,1.0,1.0,ULK,35,"DIXON, BOBBY",28:41,17,1,2,5,9,0,0,1,1,2,2,1,1,0,0,1,1,16,13.0
2016,155,1,P006399   ,0.0,0.0,ULK,44,"DUVERIOGLU, AHMET",06:30,6,3,3,0,0,0,0,0,0,0,0,0,0,0,0,0,1,7,-5.0
2016,155,1,PCCD      ,1.0,0.0,ULK,70,"DATOME, LUIGI",30:58,14,3,4,2,5,2,2,0,6,6,1,1,0,0,0,4,2,16,8.0
2016,155,1,Team,0.0,0.0,ULK,,Team,,0,0,0,0,0,0,0,0,1,1,0,0,0,0,0,0,0,1,
2016,155,1,Total,,,ULK,,Total,200:00,85,21,35,12,24,7,12,7,19,26,19,5,9,2,2,18,20,97,
2016,155,0,P000529   ,1.0,1.0,GAL,5,"MICOV, VLADIMIR",34:36,14,3,8,2,3,2,2,0,2,2,5,1,3,0,0,3,4,14,-5.0
2016,155,0,P007595   ,1.0,0.0,GAL,6,"FITIPALDO, BRUNO",23:15,5,1,2,1,3,0,0,0,0,0,1,0,3,0,0,5,5,0,3.0
2016,155,0,P004119   ,0.0,0.0,GAL,7,"TYUS, ALEX",09:29,7,3,3,0,0,1,2,0,3,3,0,0,0,0,0,0,1,10,-1.0
2016,155,0,P004300   ,0.0,0.0,GAL,8,"KORKMAZ, CAN",DNP,0,0,0,0,0,0,0,0,0,0,0,0,0,0,0,0,0,0,0.0
2016,155,0,P000357   ,1.0,1.0,GAL,10,"SCHILB, BLAKE",36:05,21,7,9,2,5,1,1,1,1,2,7,2,2,0,0,3,2,24,-8.0
2016,155,0,P007355   ,0.0,0.0,GAL,14,"HACIYEVA, ORHAN",DNP,0,0,0,0,0,0,0,0,0,0,0,0,0,0,0,0,0,0,0.0
2016,155,0,PLHK      ,1.0,1.0,GAL,21,"PLEISS, TIBOR",30:28,9,4,5,0,0,1,1,1,5,6,0,0,0,1,0,3,3,15,-4.0
2016,155,0,P003472   ,0.0,0.0,GAL,25,"DAYE, AUSTIN",05:01,0,0,0,0,0,0,0,0,1,1,0,0,0,0,0,2,1,0,1.0
2016,155,0,P000494   ,1.0,1.0,GAL,32,"GULER, SINAN",35:26,17,4,5,3,6,0,0,0,3,3,8,1,3,1,1,4,0,18,-6.0
2016,155,0,P004997   ,0.0,1.0,GAL,33,"DIEBLER, JON",23:14,6,0,0,2,6,0,0,0,5,5,4,0,1,0,1,0,1,10,-9.0
2016,155,0,P002104   ,0.0,0.0,GAL,61,"KOKSAL, GOKSENIN",02:26,1,0,0,0,0,1,2,0,0,0,0,1,0,0,0,0,1,2,4.0
2016,155,0,Team,0.0,0.0,GAL,,Team,,0,0,0,0,0,0,0,2,0,2,0,0,1,0,0,0,0,1,
2016,155,0,Total,,,GAL,,Total,200:00,80,22,32,10,23,6,8,4,20,24,25,5,13,2,2,20,18,94,
2016,156,1,P004903   ,0.0,0.0,TEL,0,"GOUDELOCK, ANDREW",22:18,17,7,10,0,4,3,3,0,2,2,0,1,1,0,0,0,2,14,-4.0
2016,156,1,P006536   ,1.0,1.0,TEL,3,"RUDD, VICTOR",30:26,7,2,7,0,1,3,4,1,7,8,5,1,1,0,0,1,2,14,11.0
2016,156,1,P004862   ,0.0,0.0,TEL,4,"SEELEY, D.J.",08:14,0,0,0,0,0,0,0,1,0,1,0,0,0,0,0,1,0,0,6.0
2016,156,1,P001274   ,1.0,1.0,TEL,6,"SMITH, DEVIN",27:24,9,3,6,1,2,0,0,0,6,6,1,1,2,0,0,2,0,9,10.0
2016,156,1,PKJP      ,0.0,1.0,TEL,9,"MEKEL, GAL",18:48,6,1,3,0,1,4,4,0,1,1,3,0,2,0,1,2,4,6,-6.0
2016,156,1,PLKX      ,0.0,0.0,TEL,10,"PNINI, GUY",02:22,0,0,0,0,2,0,0,0,0,0,0,0,0,0,0,0,0,-2,-3.0
2016,156,1,P000622   ,1.0,1.0,TEL,12,"OHAYON, YOGEV",21:33,10,1,2,2,2,2,2,0,0,0,1,1,1,0,0,4,2,8,14.0
2016,156,1,P003443   ,1.0,1.0,TEL,13,"WEEMS, SONNY",26:45,3,0,4,1,2,0,0,0,6,6,2,0,4,2,0,4,0,0,9.0
2016,156,1,P004160   ,0.0,0.0,TEL,15,"LANDESBERG, SYLVEN",02:33,0,0,2,0,0,0,0,0,0,0,0,0,0,0,1,1,0,-4,-3.0
2016,156,1,P006195   ,0.0,0.0,TEL,23,"ALEXANDER, JOE",08:44,2,1,2,0,0,0,0,1,2,3,0,1,1,0,0,2,1,3,-9.0
2016,156,1,P005154   ,1.0,0.0,TEL,24,"IVERSON, COLTON",30:53,6,3,8,0,0,0,2,3,4,7,0,1,2,0,0,1,7,11,15.0
2016,156,1,Team,0.0,0.0,TEL,,Team,,0,0,0,0,0,0,0,5,5,10,0,0,0,0,0,0,0,10,
2016,156,1,Total,,,TEL,,Total,200:00,60,18,44,4,14,12,15,11,33,44,12,6,14,2,2,18,18,69,
2016,156,0,P005815   ,0.0,0.0,UNK,1,"JOHNSON, ORLANDO",24:26,13,2,2,3,7,0,0,0,4,4,1,0,3,1,0,5,2,9,1.0
2016,156,0,P002026   ,0.0,1.0,UNK,2,"ANTIPOV, PAVEL",20:20,0,0,1,0,3,0,0,0,3,3,0,1,0,0,0,0,0,0,-3.0
2016,156,0,P007050   ,1.0,1.0,UNK,4,"CLARKE, COTY",23:41,6,1,7,0,2,4,4,3,4,7,1,1,1,1,0,0,3,10,-8.0
2016,156,0,P001887   ,1.0,1.0,UNK,5,"LANGFORD, KEITH",33:37,12,3,15,1,6,3,6,1,4,5,1,1,2,0,1,3,8,1,-15.0
2016,156,0,P006668   ,1.0,1.0,UNK,6,"STOLL, PAUL",19:50,1,0,0,0,2,1,2,0,3,3,2,1,0,0,0,1,2,5,-6.0
2016,156,0,P006360   ,1.0,0.0,UNK,12,"KLIMENKO, ARTEM",05:11,2,1,2,0,0,0,0,0,0,0,0,0,1,0,0,1,1,0,-9.0
2016,156,0,PATS      ,0.0,0.0,UNK,13,"BANIC, MARKO",14:56,5,2,5,0,0,1,2,6,1,7,1,0,2,0,0,1,2,8,5.0
2016,156,0,P001389   ,0.0,0.0,UNK,18,"VORONOV, EVGENY",DNP,0,0,0,0,0,0,0,0,0,0,0,0,0,0,0,0,0,0,0.0
2016,156,0,PLSK      ,0.0,1.0,UNK,20,"PANIN, VADIM",18:47,5,1,1,1,2,0,0,0,2,2,0,0,1,0,0,1,0,4,4.0
2016,156,0,PJUP      ,1.0,0.0,UNK,21,"KAIMAKOGLOU, KOSTAS",13:24,2,1,2,0,2,0,0,2,0,2,0,0,1,0,0,1,0,-1,-8.0
2016,156,0,P004259   ,0.0,0.0,UNK,22,"WILLIAMS, LATAVIOUS",25:48,6,3,10,0,0,0,0,3,3,6,0,0,0,0,1,5,0,-1,-1.0
2016,156,0,Team,0.0,0.0,UNK,,Team,,0,0,0,0,0,0,0,3,1,4,0,0,0,0,0,0,0,4,
2016,156,0,Total,,,UNK,,Total,200:00,52,14,45,5,24,9,14,18,25,43,6,4,11,2,2,18,18,39,
2016,157,1,P002100   ,0.0,1.0,CSK,1,"DE COLO, NANDO",27:41,14,4,7,0,2,6,6,0,2,2,4,0,3,0,0,3,8,17,2.0
2016,157,1,P001108   ,0.0,0.0,CSK,3,"KULAGIN, DMITRY",11:14,9,3,3,1,3,0,0,1,3,4,1,0,2,0,0,0,0,10,0.0
2016,157,1,P001438   ,0.0,0.0,CSK,5,"AUGUSTINE, JAMES",14:39,6,3,4,0,0,0,0,1,0,1,0,1,0,0,0,1,0,6,-3.0
2016,157,1,PLLH      ,0.0,0.0,CSK,7,"FRIDZON, VITALY",10:46,5,1,4,1,2,0,0,0,1,1,1,0,1,0,0,4,1,-1,-1.0
2016,157,1,P003413   ,1.0,1.0,CSK,9,"JACKSON, AARON",22:36,10,2,2,1,3,3,4,0,1,1,1,2,3,0,0,2,4,10,8.0
2016,157,1,P004941   ,1.0,0.0,CSK,11,"ANTONOV, SEMEN",11:46,0,0,0,0,0,0,0,0,2,2,1,0,1,1,0,3,0,0,3.0
2016,157,1,PLOO      ,0.0,0.0,CSK,19,"FREELAND, JOEL",01:19,0,0,0,0,0,0,0,0,0,0,0,0,0,0,0,0,0,0,2.0
2016,157,1,PLHI      ,0.0,1.0,CSK,20,"VORONTSEVICH, ANDREY",27:25,2,1,4,0,3,0,0,1,3,4,4,0,1,0,0,3,0,0,-3.0
2016,157,1,P006450   ,1.0,1.0,CSK,22,"HIGGINS, CORY",19:06,11,2,4,1,1,4,4,0,1,1,3,0,0,0,1,1,3,14,-2.0
2016,157,1,P002276   ,0.0,0.0,CSK,30,"KULAGIN, MIKHAIL",DNP,0,0,0,0,0,0,0,0,0,0,0,0,0,0,0,0,0,0,0.0
2016,157,1,PJLX      ,1.0,0.0,CSK,41,"KURBANOV, NIKITA",29:26,10,1,2,2,4,2,2,1,5,6,0,0,2,2,0,1,1,13,5.0
2016,157,1,P002812   ,1.0,1.0,CSK,42,"HINES, KYLE",24:02,13,4,8,0,0,5,6,6,4,10,3,1,1,1,3,2,4,21,4.0
2016,157,1,Team,0.0,0.0,CSK,,Team,,0,0,0,0,0,0,0,1,1,2,0,0,0,0,0,0,0,2,
2016,157,1,Total,,,CSK,,Total,200:00,80,21,38,6,18,20,22,11,23,34,18,4,14,4,4,20,21,92,
2016,157,0,P005094   ,0.0,0.0,IST,1,"THOMAS, DESHAUN",12:14,2,1,2,0,2,0,0,1,1,2,0,0,1,0,0,0,0,0,-6.0
2016,157,0,P005800   ,0.0,1.0,IST,2,"HONEYCUTT, TYLER",29:25,16,4,8,0,3,8,8,2,4,6,2,2,3,1,0,2,4,19,10.0
2016,157,0,P003521   ,0.0,0.0,IST,4,"BALBAY, DOGUS",10:36,0,0,2,0,0,0,0,4,0,4,3,1,0,0,0,3,2,5,6.0
2016,157,0,P004425   ,1.0,1.0,IST,5,"BROWN, DERRICK",27:46,11,5,8,0,2,1,2,2,2,4,0,0,3,1,1,4,3,5,3.0
2016,157,0,P004088   ,1.0,0.0,IST,6,"OSMAN, CEDI",11:43,3,0,1,1,3,0,0,1,1,2,0,0,0,0,0,2,0,0,-13.0
2016,157,0,P007122   ,0.0,0.0,IST,9,"GEYIK, SAMET",DNP,0,0,0,0,0,0,0,0,0,0,0,0,0,0,0,0,0,0,0.0
2016,157,0,P003024   ,0.0,1.0,IST,15,"GRANGER, JAYSON",20:28,8,4,8,0,1,0,0,0,0,0,1,0,1,0,1,1,0,1,-9.0
2016,157,0,PKLT      ,1.0,1.0,IST,31,"HEURTEL, THOMAS",28:34,24,6,12,2,3,6,6,0,3,3,4,0,1,0,1,0,5,27,-1.0
2016,157,0,PLQV      ,0.0,0.0,IST,32,"MUTAF, MAXIM",DNP,0,0,0,0,0,0,0,0,0,0,0,0,0,0,0,0,0,0,0.0
2016,157,0,P004945   ,1.0,0.0,IST,33,"PAUL, BRANDON",19:14,3,1,1,0,1,1,4,1,2,3,2,0,1,0,0,3,3,3,-2.0
2016,157,0,P003048   ,1.0,1.0,IST,42,"DUNSTON, BRYANT",27:52,8,4,8,0,0,0,0,3,3,6,3,1,0,1,0,4,1,12,-6.0
2016,157,0,P007616   ,0.0,0.0,IST,53,"KIRK, ALEX",12:08,2,1,5,0,0,0,0,3,2,5,1,0,0,1,1,2,1,3,3.0
2016,157,0,Team,0.0,0.0,IST,,Team,,0,0,0,0,0,0,0,1,1,2,0,0,2,0,0,0,0,0,
2016,157,0,Total,,,IST,,Total,200:00,77,26,55,3,15,16,20,18,19,37,16,4,12,4,4,21,19,75,
2016,158,1,PARN      ,0.0,0.0,DAR,3,"ARSLAN, ENDER",DNP,0,0,0,0,0,0,0,0,0,0,0,0,0,0,0,0,0,0,0.0
2016,158,1,P000497   ,0.0,0.0,DAR,4,"YAGMUR, MEHMET",02:44,0,0,0,0,1,0,0,0,0,0,0,0,1,0,0,1,0,-3,3.0
2016,158,1,P004170   ,0.0,1.0,DAR,8,"BATUK, BIRKAN",16:01,3,0,0,1,3,0,0,0,1,1,0,1,2,0,0,1,0,0,-4.0
2016,158,1,P005838   ,1.0,1.0,DAR,11,"WANAMAKER, BRAD",37:16,17,3,7,2,5,5,6,0,1,1,8,3,2,0,0,3,5,21,-6.0
2016,158,1,P004888   ,1.0,0.0,DAR,12,"CLYBURN, WILL",26:13,9,2,7,0,2,5,10,1,1,2,1,2,1,0,2,2,7,4,-7.0
2016,158,1,P001833   ,1.0,1.0,DAR,18,"MOERMAN, ADRIEN",28:46,7,1,4,1,4,2,2,0,9,9,0,0,0,0,0,2,3,11,-5.0
2016,158,1,P003328   ,0.0,0.0,DAR,19,"ALDEMIR, FURKAN",11:40,6,3,5,0,0,0,0,3,2,5,0,0,0,0,0,1,0,8,-2.0
2016,158,1,PJPF      ,0.0,0.0,DAR,21,"SAVAS, OGUZ",DNP,0,0,0,0,0,0,0,0,0,0,0,0,0,0,0,0,0,0,0.0
2016,158,1,P005938   ,1.0,1.0,DAR,23,"ANDERSON, JAMES",26:00,4,0,0,1,5,1,2,0,0,0,0,2,1,0,0,1,1,0,-8.0
2016,158,1,P004554   ,1.0,1.0,DAR,41,"ZIZIC, ANTE",19:21,4,1,2,0,0,2,2,2,2,4,0,0,2,1,0,1,2,7,-3.0
2016,158,1,P000436   ,0.0,0.0,DAR,45,"BERTANS, DAIRIS",18:37,13,0,0,3,5,4,4,0,0,0,2,1,2,0,0,5,3,10,11.0
2016,158,1,P004902   ,0.0,0.0,DAR,81,"HARANGODY, LUKE",13:22,3,0,1,1,2,0,2,4,1,5,0,0,0,0,0,2,3,5,6.0
2016,158,1,Team,0.0,0.0,DAR,,Team,,0,0,0,0,0,0,0,1,0,1,0,0,1,0,0,0,0,0,
2016,158,1,Total,,,DAR,,Total,200:00,66,10,26,9,27,19,28,11,17,28,11,9,12,1,2,19,24,63,
2016,158,0,P006433   ,1.0,0.0,ZAL,3,"PANGOS, KEVIN",21:37,14,2,4,3,7,1,2,1,0,1,3,0,2,0,0,5,3,7,6.0
2016,158,0,P003210   ,0.0,0.0,ZAL,4,"LEKAVICIUS, LUKAS",18:32,6,3,5,0,1,0,0,0,2,2,4,1,3,0,0,1,0,6,0.0
2016,158,0,P004664   ,0.0,0.0,ZAL,6,"VALINSKAS, PAULIUS",DNP,0,0,0,0,0,0,0,0,0,0,0,0,0,0,0,0,0,0,0.0
2016,158,0,P002543   ,1.0,0.0,ZAL,9,"WESTERMANN, LEO",13:20,6,0,0,2,2,0,0,0,2,2,3,0,2,0,0,0,0,9,12.0
2016,158,0,PKNO      ,0.0,1.0,ZAL,10,"SEIBUTIS, RENALDAS",23:46,2,1,4,0,0,0,0,0,4,4,2,1,0,0,1,4,1,2,-7.0
2016,158,0,P006599   ,0.0,1.0,ZAL,12,"MOTUM, BROCK",19:33,5,1,3,1,1,0,0,0,1,1,2,1,1,0,0,2,1,5,0.0
2016,158,0,PBWI      ,1.0,0.0,ZAL,13,"JANKUNAS, PAULIUS",26:07,6,1,6,0,1,4,4,3,5,8,0,0,1,0,0,2,7,12,2.0
2016,158,0,PBVE      ,0.0,0.0,ZAL,15,"JAVTOKAS, ROBERTAS",DNP,0,0,0,0,0,0,0,0,0,0,0,0,0,0,0,0,0,0,0.0
2016,158,0,PKPD      ,0.0,0.0,ZAL,21,"MILAKNIS, ARTURAS",16:49,8,1,2,2,2,0,0,0,2,2,0,0,0,0,0,4,0,5,2.0
2016,158,0,P001098   ,1.0,1.0,ZAL,23,"LIMA, AUGUSTO",20:56,11,4,8,0,0,3,4,1,3,4,1,1,0,1,0,2,3,14,9.0
2016,158,0,P000399   ,0.0,1.0,ZAL,44,"KAVALIAUSKAS, ANTANAS",13:15,5,1,1,0,0,3,4,1,2,3,2,0,4,0,0,2,2,5,-8.0
2016,158,0,P002329   ,1.0,1.0,ZAL,92,"ULANOVAS, EDGARAS",26:05,6,2,4,0,2,2,2,1,1,2,1,0,2,1,0,2,2,4,-1.0
2016,158,0,Team,0.0,0.0,ZAL,,Team,,0,0,0,0,0,0,0,2,4,6,0,0,1,0,0,0,0,5,
2016,158,0,Total,,,ZAL,,Total,200:00,69,16,37,8,16,13,16,9,26,35,18,4,16,2,1,24,19,74,
2016,159,1,P005159   ,0.0,0.0,OLY,1,"GREEN, ERICK",15:37,4,2,4,0,1,0,0,0,0,0,0,0,1,0,0,1,0,-1,-7.0
2016,159,1,P007182   ,1.0,1.0,OLY,2,"BIRCH, KHEM",29:03,15,4,8,0,0,7,10,6,8,14,0,0,1,1,0,2,7,27,11.0
2016,159,1,P005984   ,0.0,0.0,OLY,4,"YOUNG, PATRIC",06:03,0,0,1,0,0,0,0,0,1,1,0,0,1,0,0,0,1,0,1.0
2016,159,1,P005161   ,1.0,0.0,OLY,6,"PAPAPETROU, IOANNIS",21:38,6,3,4,0,2,0,0,0,5,5,0,1,0,1,0,3,2,9,12.0
2016,159,1,PJUO      ,1.0,1.0,OLY,7,"SPANOULIS, VASSILIS",29:04,15,6,10,0,3,3,5,0,1,1,6,0,3,0,1,0,3,12,11.0
2016,159,1,P004223   ,0.0,0.0,OLY,9,"WATERS, DOMINIC",10:24,7,3,4,0,0,1,1,0,0,0,0,0,1,0,0,2,0,3,-4.0
2016,159,1,P004429   ,0.0,0.0,OLY,10,"AGRAVANIS, DIMITRIOS",12:37,3,1,1,0,2,1,2,0,0,0,0,1,1,1,0,2,1,0,-6.0
2016,159,1,P003941   ,0.0,0.0,OLY,11,"MILUTINOV, NIKOLA",04:54,2,0,0,0,0,2,2,1,0,1,0,0,2,1,0,5,1,-2,-6.0
2016,159,1,PAMM      ,0.0,0.0,OLY,15,"PRINTEZIS, GEORGIOS",DNP,0,0,0,0,0,0,0,0,0,0,0,0,0,0,0,0,0,0,0.0
2016,159,1,P001255   ,1.0,1.0,OLY,16,"PAPANIKOLAOU, KOSTAS",20:59,12,2,2,1,3,5,6,0,2,2,2,2,3,0,0,4,4,12,6.0
2016,159,1,P003537   ,1.0,1.0,OLY,17,"MANTZARIS, VANGELIS",26:13,6,0,2,2,2,0,0,1,2,3,2,0,1,0,0,1,1,8,16.0
2016,159,1,P003608   ,0.0,1.0,OLY,24,"LOJESKI, MATT",23:28,13,4,6,1,2,2,2,1,2,3,3,1,0,0,0,2,3,18,-4.0
2016,159,1,Team,0.0,0.0,OLY,,Team,,0,0,0,0,0,0,0,5,4,9,0,0,2,0,0,0,0,7,
2016,159,1,Total,,,OLY,,Total,200:00,83,25,42,4,15,21,28,14,25,39,13,5,16,4,1,22,23,93,
2016,159,0,P001392   ,1.0,1.0,BAM,1,"CAUSEUR, FABIEN",30:35,12,4,5,0,3,4,4,2,2,4,5,0,1,0,0,0,3,19,-11.0
2016,159,0,P002849   ,1.0,0.0,BAM,4,"MELLI, NICOLO",26:05,14,4,8,1,3,3,4,0,4,4,0,1,1,0,1,4,4,10,-1.0
2016,159,0,PABN      ,1.0,1.0,BAM,6,"ZISIS, NIKOS",29:57,13,3,6,0,1,7,7,0,2,2,2,1,1,0,0,3,4,14,-3.0
2016,159,0,P002506   ,1.0,0.0,BAM,8,"STAIGER, LUCCA",04:13,0,0,0,0,1,0,0,0,0,0,0,0,0,0,0,1,0,-2,-1.0
2016,159,0,P004132   ,0.0,1.0,BAM,10,"THEIS, DANIEL",19:31,2,1,2,0,0,0,0,0,1,1,2,2,0,1,0,2,3,8,2.0
2016,159,0,P007032   ,0.0,0.0,BAM,12,"LO, MAODO",12:49,2,1,2,0,1,0,0,0,1,1,3,0,0,0,1,1,0,2,3.0
2016,159,0,P000046   ,0.0,1.0,BAM,13,"STRELNIEKS, JANIS",26:53,12,2,6,2,3,2,2,0,2,2,1,1,0,0,0,2,2,11,-1.0
2016,159,0,PLLM      ,0.0,0.0,BAM,14,"VEREMEENKO, VLADIMIR",04:30,3,1,3,0,0,1,2,2,0,2,0,0,1,0,1,2,1,-1,1.0
2016,159,0,P006421   ,0.0,1.0,BAM,21,"MILLER, DARIUS",23:39,13,2,4,1,2,6,6,1,1,2,1,2,1,0,0,4,5,15,-7.0
2016,159,0,P006338   ,0.0,0.0,BAM,22,"McNEAL, JEREL",09:28,0,0,2,0,0,0,0,1,1,2,0,2,1,0,1,5,0,-5,0.0
2016,159,0,P006420   ,0.0,0.0,BAM,33,"HECKMANN, PATRICK",00:36,0,0,0,0,0,0,0,0,0,0,0,0,0,0,0,0,0,0,-2.0
2016,159,0,PLEM      ,1.0,0.0,BAM,43,"RADOSEVIC, LEON",11:44,6,3,4,0,0,0,0,1,1,2,0,0,3,0,0,1,0,3,-10.0
2016,159,0,Team,0.0,0.0,BAM,,Team,,0,0,0,0,0,0,0,0,1,1,0,0,1,0,0,0,0,0,
2016,159,0,Total,,,BAM,,Total,200:00,77,21,42,4,14,23,25,7,16,23,14,9,10,1,4,25,22,74,
2016,160,1,P005757   ,0.0,0.0,MAD,3,"RANDOLPH, ANTHONY",18:40,7,3,7,0,1,1,1,3,5,8,1,0,0,1,1,2,3,12,-11.0
2016,160,1,P002946   ,0.0,0.0,MAD,4,"DRAPER, DONTAYE",15:09,0,0,0,0,1,0,0,1,1,2,3,1,0,0,0,2,0,3,1.0
2016,160,1,PAPR      ,0.0,1.0,MAD,6,"NOCIONI, ANDRES",10:00,0,0,0,0,0,0,0,0,1,1,0,0,1,0,0,0,1,1,9.0
2016,160,1,P005929   ,0.0,1.0,MAD,7,"DONCIC, LUKA",19:50,17,2,3,3,3,4,4,1,2,3,1,1,2,2,0,1,3,23,-6.0
2016,160,1,PJCC      ,1.0,0.0,MAD,8,"MACIULIS, JONAS",13:05,3,0,1,1,2,0,0,0,2,2,1,1,1,0,0,5,1,0,-2.0
2016,160,1,PAAX      ,1.0,1.0,MAD,9,"REYES, FELIPE",11:35,4,1,3,0,1,2,2,0,2,2,0,0,2,1,0,2,2,2,7.0
2016,160,1,P005927   ,1.0,0.0,MAD,14,"AYON, GUSTAVO",22:04,10,4,5,0,0,2,6,3,5,8,2,0,1,0,0,2,4,16,2.0
2016,160,1,P001960   ,0.0,1.0,MAD,20,"CARROLL, JAYCEE",19:55,16,3,3,2,4,4,4,0,1,1,2,0,1,0,0,2,3,17,9.0
2016,160,1,P005160   ,0.0,0.0,MAD,21,"HUNTER, OTHELLO",17:34,12,6,8,0,0,0,2,2,2,4,1,0,2,0,0,1,2,12,3.0
2016,160,1,PTGB      ,1.0,1.0,MAD,23,"LLULL, SERGIO",36:15,20,3,8,3,9,5,5,0,1,1,9,1,4,0,0,1,6,21,10.0
2016,160,1,P005836   ,0.0,0.0,MAD,33,"THOMPKINS, TREY",04:19,0,0,0,0,3,0,0,0,0,0,0,0,0,0,0,1,0,-4,-6.0
2016,160,1,P006546   ,1.0,0.0,MAD,44,"TAYLOR, JEFFERY",11:34,5,1,1,1,1,0,0,1,1,2,1,0,0,0,0,4,1,5,9.0
2016,160,1,Team,0.0,0.0,MAD,,Team,,0,0,0,0,0,0,0,0,2,2,0,0,0,0,0,0,0,2,
2016,160,1,Total,,,MAD,,Total,200:00,94,23,39,10,25,18,24,11,25,36,21,4,14,4,1,23,26,110,
2016,160,0,P004418   ,1.0,1.0,MIL,1,"MCLEAN, JAMEL",23:41,9,4,7,0,1,1,2,1,4,5,2,0,2,0,1,3,3,8,-11.0
2016,160,0,P004499   ,0.0,0.0,MIL,2,"FONTECCHIO, SIMONE",DNP,0,0,0,0,0,0,0,0,0,0,0,0,0,0,0,0,0,0,0.0
2016,160,0,P004159   ,1.0,0.0,MIL,7,"HICKMAN, RICKY",23:29,9,1,3,2,4,1,2,0,2,2,1,0,2,0,1,2,3,5,-8.0
2016,160,0,PJBX      ,1.0,1.0,MIL,9,"KALNIETIS, MANTAS",20:38,4,2,2,0,2,0,0,0,2,2,4,1,1,0,0,0,0,8,-11.0
2016,160,0,PJDU      ,0.0,0.0,MIL,11,"RADULJICA, MIROSLAV",14:09,12,4,8,0,0,4,5,1,2,3,2,0,2,0,0,4,3,9,4.0
2016,160,0,P003514   ,0.0,1.0,MIL,12,"DRAGIC, ZORAN",24:18,13,5,7,0,3,3,4,0,1,1,0,2,0,0,1,2,2,9,-7.0
2016,160,0,PJEA      ,1.0,1.0,MIL,13,"MACVAN, MILAN",23:29,8,4,5,0,2,0,2,2,5,7,1,0,0,0,1,1,2,11,-3.0
2016,160,0,P006385   ,0.0,0.0,MIL,14,"PASCOLO, DAVIDE",09:24,0,0,0,0,1,0,0,1,0,1,1,1,0,1,0,2,0,1,7.0
2016,160,0,PKIW      ,0.0,1.0,MIL,20,"CINCIARINI, ANDREA",14:34,4,2,3,0,0,0,0,0,0,0,2,1,0,0,0,3,0,3,8.0
2016,160,0,P005001   ,1.0,0.0,MIL,21,"SANDERS, RAKIM",19:18,8,2,5,1,2,1,2,0,2,2,0,1,0,0,0,3,2,5,-5.0
2016,160,0,P003527   ,0.0,0.0,MIL,23,"ABASS, AWUDU",04:57,2,0,0,0,0,2,2,0,0,0,0,0,0,0,0,2,1,1,-1.0
2016,160,0,PCPR      ,0.0,0.0,MIL,43,"SIMON, KRUNOSLAV",22:03,20,4,4,2,5,6,6,0,2,2,2,1,2,0,0,4,5,21,2.0
2016,160,0,Team,0.0,0.0,MIL,,Team,,0,0,0,0,0,0,0,3,1,4,0,0,1,0,0,0,0,3,
2016,160,0,Total,,,MIL,,Total,200:00,89,28,44,5,20,18,25,8,21,29,15,7,10,1,4,26,21,84,
2016,161,1,P001392   ,1.0,0.0,BAM,1,"CAUSEUR, FABIEN",20:03,3,0,2,1,2,0,0,0,0,0,1,1,3,0,0,2,0,-3,4.0
2016,161,1,P002849   ,1.0,0.0,BAM,4,"MELLI, NICOLO",32:13,8,3,6,0,2,2,2,0,8,8,4,1,1,1,0,1,3,18,10.0
2016,161,1,PABN      ,1.0,0.0,BAM,6,"ZISIS, NIKOS",22:45,7,1,1,1,4,2,2,0,0,0,6,0,1,0,0,4,4,9,5.0
2016,161,1,P002506   ,0.0,0.0,BAM,8,"STAIGER, LUCCA",DNP,0,0,0,0,0,0,0,0,0,0,0,0,0,0,0,0,0,0,0.0
2016,161,1,P004132   ,0.0,1.0,BAM,10,"THEIS, DANIEL",21:15,10,5,7,0,1,0,0,0,5,5,0,0,2,2,0,3,0,9,5.0
2016,161,1,P007032   ,0.0,1.0,BAM,12,"LO, MAODO",12:10,13,1,2,3,4,2,2,0,2,2,2,0,0,0,0,1,2,16,14.0
2016,161,1,P000046   ,0.0,0.0,BAM,13,"STRELNIEKS, JANIS",20:11,25,5,5,5,5,0,0,0,1,1,4,0,0,0,0,3,1,28,9.0
2016,161,1,PLLM      ,0.0,0.0,BAM,14,"VEREMEENKO, VLADIMIR",05:14,3,1,1,0,0,1,1,0,2,2,1,0,1,0,0,1,1,5,0.0
2016,161,1,P006421   ,1.0,1.0,BAM,21,"MILLER, DARIUS",34:08,17,6,8,1,2,2,2,0,2,2,2,0,1,2,0,2,2,19,12.0
2016,161,1,P006338   ,0.0,1.0,BAM,22,"McNEAL, JEREL",15:22,0,0,0,0,1,0,0,0,1,1,2,1,2,0,0,0,0,1,10.0
2016,161,1,P006420   ,0.0,0.0,BAM,33,"HECKMANN, PATRICK",01:25,0,0,0,0,0,0,0,0,0,0,0,0,0,0,0,0,0,0,-5.0
2016,161,1,PLEM      ,1.0,1.0,BAM,43,"RADOSEVIC, LEON",15:14,4,2,3,0,0,0,0,0,3,3,1,0,0,0,0,1,1,7,11.0
2016,161,1,Team,0.0,0.0,BAM,,Team,,0,0,0,0,0,0,0,2,0,2,0,0,0,0,0,0,0,2,
2016,161,1,Total,,,BAM,,Total,200:00,90,24,35,11,21,9,9,2,24,26,23,3,11,5,0,18,14,111,
2016,161,0,P004903   ,1.0,1.0,TEL,0,"GOUDELOCK, ANDREW",30:39,22,5,7,3,7,3,4,0,1,1,2,0,1,0,0,0,5,22,-13.0
2016,161,0,P006536   ,1.0,0.0,TEL,3,"RUDD, VICTOR",28:01,2,1,4,0,0,0,0,2,3,5,2,0,0,0,2,2,0,2,-14.0
2016,161,0,P004862   ,0.0,1.0,TEL,4,"SEELEY, D.J.",22:02,19,2,5,1,4,12,12,1,0,1,0,1,1,0,1,2,7,18,-1.0
2016,161,0,P001274   ,1.0,0.0,TEL,6,"SMITH, DEVIN",26:58,8,4,7,0,2,0,0,0,4,4,2,1,2,0,1,3,0,4,-2.0
2016,161,0,PKJP      ,1.0,1.0,TEL,9,"MEKEL, GAL",17:35,4,2,6,0,0,0,0,0,1,1,1,0,0,0,0,2,1,1,-8.0
2016,161,0,PLKX      ,0.0,1.0,TEL,10,"PNINI, GUY",20:00,6,0,1,2,4,0,0,0,2,2,3,1,1,0,0,2,2,8,-10.0
2016,161,0,P004161   ,0.0,0.0,TEL,11,"SEGEV, ITAY",DNP,0,0,0,0,0,0,0,0,0,0,0,0,0,0,0,0,0,0,0.0
2016,161,0,P000622   ,0.0,0.0,TEL,12,"OHAYON, YOGEV",11:10,3,0,2,1,1,0,0,0,0,0,0,1,4,0,1,1,1,-3,-7.0
2016,161,0,P004160   ,0.0,0.0,TEL,15,"LANDESBERG, SYLVEN",07:24,0,0,0,0,0,0,0,0,1,1,0,0,1,0,0,0,0,0,-10.0
2016,161,0,P006195   ,1.0,0.0,TEL,23,"ALEXANDER, JOE",24:43,9,4,8,0,0,1,1,2,3,5,1,1,1,0,0,1,2,12,-7.0
2016,161,0,P005154   ,0.0,1.0,TEL,24,"IVERSON, COLTON",11:28,2,1,1,0,0,0,0,0,2,2,1,0,0,0,0,1,0,4,-3.0
2016,161,0,Team,0.0,0.0,TEL,,Team,,0,0,0,0,0,0,0,1,2,3,0,0,0,0,0,0,0,3,
2016,161,0,Total,,,TEL,,Total,200:00,75,19,41,7,18,16,17,6,19,25,12,5,11,0,5,14,18,71,
2016,162,1,P004418   ,1.0,1.0,MIL,1,"MCLEAN, JAMEL",16:25,8,2,4,0,0,4,6,0,3,3,1,1,1,0,2,1,4,9,-17.0
2016,162,1,P004499   ,1.0,1.0,MIL,2,"FONTECCHIO, SIMONE",21:36,8,1,1,2,3,0,0,0,4,4,2,1,3,0,0,2,0,9,22.0
2016,162,1,P004159   ,0.0,1.0,MIL,7,"HICKMAN, RICKY",13:21,9,3,4,0,0,3,4,0,0,0,2,0,1,0,0,1,3,10,-4.0
2016,162,1,PJBX      ,0.0,0.0,MIL,9,"KALNIETIS, MANTAS",23:25,9,0,1,3,4,0,0,0,1,1,2,0,3,0,0,3,1,5,21.0
2016,162,1,PJDU      ,0.0,0.0,MIL,11,"RADULJICA, MIROSLAV",06:43,1,0,1,0,0,1,2,0,1,1,0,1,1,0,0,1,1,0,-4.0
2016,162,1,P003514   ,0.0,0.0,MIL,12,"DRAGIC, ZORAN",11:28,2,1,2,0,0,0,0,0,0,0,1,0,0,0,0,0,1,3,-18.0
2016,162,1,PJEA      ,1.0,0.0,MIL,13,"MACVAN, MILAN",17:00,10,3,7,1,1,1,1,1,1,2,2,0,1,0,0,2,1,8,-16.0
2016,162,1,P006385   ,0.0,1.0,MIL,14,"PASCOLO, DAVIDE",25:29,15,6,8,0,0,3,3,0,4,4,0,1,1,1,1,4,4,17,16.0
2016,162,1,PKIW      ,1.0,0.0,MIL,20,"CINCIARINI, ANDREA",13:58,2,1,3,0,0,0,0,0,0,0,2,0,0,0,0,1,1,2,-19.0
2016,162,1,P005001   ,0.0,1.0,MIL,21,"SANDERS, RAKIM",21:10,10,2,5,2,4,0,0,2,6,8,1,1,1,0,0,4,2,12,20.0
2016,162,1,P003527   ,0.0,0.0,MIL,23,"ABASS, AWUDU",DNP,0,0,0,0,0,0,0,0,0,0,0,0,0,0,0,0,0,0,0.0
2016,162,1,PCPR      ,1.0,0.0,MIL,43,"SIMON, KRUNOSLAV",29:25,15,4,7,2,4,1,2,2,4,6,4,1,0,0,0,2,1,19,9.0
2016,162,1,Team,0.0,0.0,MIL,,Team,,0,0,0,0,0,0,0,1,2,3,0,0,0,0,0,0,0,3,
2016,162,1,Total,,,MIL,,Total,200:00,89,23,43,10,16,13,18,6,26,32,17,6,12,1,3,21,19,97,
2016,162,0,PARN      ,0.0,0.0,DAR,3,"ARSLAN, ENDER",12:37,0,0,0,0,2,0,0,0,2,2,0,0,1,0,0,1,1,-1,-7.0
2016,162,0,P004170   ,0.0,0.0,DAR,8,"BATUK, BIRKAN",02:31,0,0,0,0,0,0,0,1,0,1,0,0,1,0,0,1,0,-1,0.0
2016,162,0,P005838   ,1.0,1.0,DAR,11,"WANAMAKER, BRAD",29:22,20,4,5,1,3,9,11,0,4,4,6,0,2,0,0,4,10,29,1.0
2016,162,0,P004888   ,0.0,1.0,DAR,12,"CLYBURN, WILL",25:53,7,2,6,1,4,0,0,0,5,5,1,2,2,0,1,3,1,3,-2.0
2016,162,0,P005000   ,0.0,0.0,DAR,13,"ULUBAY, OKBEN",DNP,0,0,0,0,0,0,0,0,0,0,0,0,0,0,0,0,0,0,0.0
2016,162,0,P001833   ,1.0,1.0,DAR,18,"MOERMAN, ADRIEN",28:48,12,1,4,3,3,1,2,1,6,7,1,1,0,0,0,3,1,15,10.0
2016,162,0,P003328   ,0.0,0.0,DAR,19,"ALDEMIR, FURKAN",DNP,0,0,0,0,0,0,0,0,0,0,0,0,0,0,0,0,0,0,0.0
2016,162,0,PJPF      ,0.0,1.0,DAR,21,"SAVAS, OGUZ",03:35,0,0,0,0,0,0,0,0,0,0,1,0,0,0,0,2,0,-1,2.0
2016,162,0,P005938   ,1.0,0.0,DAR,23,"ANDERSON, JAMES",25:35,8,1,3,2,8,0,0,0,1,1,4,1,1,1,0,1,1,6,-10.0
2016,162,0,P004554   ,1.0,0.0,DAR,41,"ZIZIC, ANTE",24:40,17,7,10,0,0,3,4,3,5,8,0,0,1,2,0,1,2,23,0.0
2016,162,0,P000436   ,1.0,1.0,DAR,45,"BERTANS, DAIRIS",28:31,18,3,7,3,5,3,4,1,0,1,3,0,0,0,0,3,3,15,3.0
2016,162,0,P004902   ,0.0,0.0,DAR,81,"HARANGODY, LUKE",18:28,5,1,3,1,1,0,2,1,0,1,2,0,0,0,0,0,2,6,-7.0
2016,162,0,Team,0.0,0.0,DAR,,Team,,0,0,0,0,0,0,0,2,1,3,0,0,1,0,0,0,0,2,
2016,162,0,Total,,,DAR,,Total,200:00,87,19,38,11,26,16,23,9,24,33,18,4,9,3,1,19,21,96,
2016,163,1,P006503   ,1.0,1.0,ULK,8,"UDOH, EKPE",32:42,15,6,8,0,0,3,4,3,8,11,2,1,3,2,0,3,3,25,10.0
2016,163,1,P002969   ,0.0,0.0,ULK,10,"MAHMUTOGLU, MELIH",DNP,0,0,0,0,0,0,0,0,0,0,0,0,0,0,0,0,0,0,0.0
2016,163,1,PBAE      ,0.0,0.0,ULK,12,"ANTIC, PERO",19:32,9,1,2,2,2,1,2,1,4,5,0,1,0,0,0,3,4,14,7.0
2016,163,1,P002821   ,0.0,1.0,ULK,13,"BOGDANOVIC, BOGDAN",30:33,12,1,5,1,6,7,8,1,1,2,8,1,0,1,0,3,5,16,13.0
2016,163,1,P007615   ,1.0,0.0,ULK,15,"BENNETT, ANTHONY",07:27,0,0,1,0,1,0,0,0,1,1,0,0,0,0,0,0,0,-1,0.0
2016,163,1,P001926   ,1.0,1.0,ULK,16,"SLOUKAS, KOSTAS",20:40,9,1,2,0,1,7,8,0,1,1,2,2,2,0,1,3,5,10,-5.0
2016,163,1,P007400   ,1.0,1.0,ULK,21,"NUNNALLY, JAMES",23:43,7,1,3,1,5,2,2,0,1,1,2,0,1,0,0,3,3,3,-9.0
2016,163,1,P000925   ,0.0,0.0,ULK,24,"VESELY, JAN",12:13,6,3,3,0,0,0,0,1,2,3,0,0,1,0,0,3,1,6,-2.0
2016,163,1,P004866   ,1.0,0.0,ULK,33,"KALINIC, NIKOLA",14:51,2,1,2,0,0,0,0,1,1,2,0,0,3,1,1,0,0,0,-5.0
2016,163,1,P001324   ,0.0,0.0,ULK,35,"DIXON, BOBBY",19:32,7,1,2,1,5,2,2,1,1,2,2,0,1,0,0,4,3,4,9.0
2016,163,1,P006399   ,0.0,0.0,ULK,44,"DUVERIOGLU, AHMET",DNP,0,0,0,0,0,0,0,0,0,0,0,0,0,0,0,0,0,0,0.0
2016,163,1,PCCD      ,0.0,1.0,ULK,70,"DATOME, LUIGI",18:47,10,1,3,1,3,5,6,0,6,6,1,1,0,0,0,2,4,15,12.0
2016,163,1,Team,0.0,0.0,ULK,,Team,,0,0,0,0,0,0,0,1,1,2,0,0,2,0,0,0,0,0,
2016,163,1,Total,,,ULK,,Total,200:00,77,16,31,6,23,27,32,9,27,36,17,6,13,4,2,24,28,92,
2016,163,0,P002100   ,0.0,1.0,CSK,1,"DE COLO, NANDO",30:53,23,4,7,3,7,6,7,0,3,3,4,0,2,0,0,2,6,24,-7.0
2016,163,0,P001108   ,0.0,0.0,CSK,3,"KULAGIN, DMITRY",10:47,4,2,3,0,2,0,0,0,3,3,1,0,1,0,0,3,0,1,-2.0
2016,163,0,P001438   ,0.0,0.0,CSK,5,"AUGUSTINE, JAMES",17:58,6,3,5,0,0,0,0,1,4,5,0,0,1,1,1,2,0,6,-2.0
2016,163,0,PLLH      ,0.0,1.0,CSK,7,"FRIDZON, VITALY",13:15,2,1,2,0,1,0,0,0,0,0,1,0,0,1,1,3,3,1,4.0
2016,163,0,P003413   ,1.0,0.0,CSK,9,"JACKSON, AARON",25:10,3,0,4,1,2,0,0,1,0,1,1,0,0,0,1,3,2,-2,-7.0
2016,163,0,P004941   ,0.0,0.0,CSK,11,"ANTONOV, SEMEN",07:40,0,0,1,0,1,0,0,0,1,1,0,0,0,0,0,1,0,-2,-7.0
2016,163,0,PLOO      ,0.0,0.0,CSK,19,"FREELAND, JOEL",06:27,3,1,3,0,0,1,2,1,1,2,0,0,0,0,0,3,1,0,-9.0
2016,163,0,PLHI      ,1.0,0.0,CSK,20,"VORONTSEVICH, ANDREY",20:12,8,2,3,1,3,1,2,1,2,3,0,0,0,0,0,4,2,5,0.0
2016,163,0,P006450   ,1.0,1.0,CSK,22,"HIGGINS, CORY",30:14,11,2,6,1,4,4,4,1,2,3,3,2,2,0,0,4,5,11,-4.0
2016,163,0,P002276   ,0.0,0.0,CSK,30,"KULAGIN, MIKHAIL",DNP,0,0,0,0,0,0,0,0,0,0,0,0,0,0,0,0,0,0,0.0
2016,163,0,PJLX      ,1.0,1.0,CSK,41,"KURBANOV, NIKITA",21:56,6,3,3,0,1,0,2,4,2,6,0,1,2,0,0,0,2,10,1.0
2016,163,0,P002812   ,1.0,1.0,CSK,42,"HINES, KYLE",14:44,5,2,4,0,0,1,2,0,2,2,0,0,0,0,1,3,3,3,3.0
2016,163,0,Team,0.0,0.0,CSK,,Team,,0,0,0,0,0,0,0,1,2,3,0,0,1,0,0,0,0,2,
2016,163,0,Total,,,CSK,,Total,199:16,71,20,41,6,21,13,19,10,22,32,10,3,9,2,4,28,24,59,
2016,164,1,P005815   ,0.0,0.0,UNK,1,"JOHNSON, ORLANDO",12:13,2,1,3,0,0,0,0,0,2,2,0,0,0,0,1,2,1,0,-5.0
2016,164,1,P002026   ,0.0,1.0,UNK,2,"ANTIPOV, PAVEL",22:17,19,3,4,4,5,1,1,1,1,2,2,3,0,0,0,4,1,21,4.0
2016,164,1,P007050   ,0.0,0.0,UNK,4,"CLARKE, COTY",02:47,0,0,0,0,0,0,0,0,0,0,0,0,0,0,0,0,0,0,-8.0
2016,164,1,P001887   ,1.0,1.0,UNK,5,"LANGFORD, KEITH",35:51,25,6,15,3,8,4,4,2,0,2,7,1,3,0,0,1,6,23,-5.0
2016,164,1,P006668   ,1.0,0.0,UNK,6,"STOLL, PAUL",12:35,3,0,0,1,3,0,0,0,1,1,2,0,1,0,0,1,0,2,-25.0
2016,164,1,P003034   ,1.0,1.0,UNK,9,"PARAKHOUSKI, ARTSIOM",27:30,14,6,11,0,0,2,2,3,3,6,3,0,0,2,1,2,2,19,-5.0
2016,164,1,P006360   ,0.0,0.0,UNK,12,"KLIMENKO, ARTEM",DNP,0,0,0,0,0,0,0,0,0,0,0,0,0,0,0,0,0,0,0.0
2016,164,1,PATS      ,0.0,0.0,UNK,13,"BANIC, MARKO",14:46,4,2,2,0,0,0,0,1,0,1,0,0,0,0,0,2,0,3,-15.0
2016,164,1,P001389   ,0.0,1.0,UNK,18,"VORONOV, EVGENY",31:34,2,1,5,0,2,0,0,2,1,3,2,1,2,0,1,4,5,0,0.0
2016,164,1,PLSK      ,1.0,1.0,UNK,20,"PANIN, VADIM",23:05,2,1,2,0,0,0,0,0,2,2,2,3,2,0,0,1,0,5,5.0
2016,164,1,PJUP      ,1.0,0.0,UNK,21,"KAIMAKOGLOU, KOSTAS",15:47,4,1,1,0,0,2,2,0,4,4,0,0,1,0,0,2,1,6,-16.0
2016,164,1,P004259   ,0.0,0.0,UNK,22,"WILLIAMS, LATAVIOUS",01:35,0,0,0,0,0,0,0,1,0,1,0,0,0,0,0,0,0,1,-5.0
2016,164,1,Team,0.0,0.0,UNK,,Team,,0,0,0,0,0,0,0,0,2,2,0,0,0,0,0,0,0,2,
2016,164,1,Total,,,UNK,,Total,200:00,75,21,43,8,18,9,9,10,16,26,18,8,9,2,3,19,16,82,
2016,164,0,P005159   ,1.0,0.0,OLY,1,"GREEN, ERICK",34:02,25,7,8,3,5,2,2,0,3,3,2,1,0,1,0,2,4,31,25.0
2016,164,0,P007182   ,0.0,1.0,OLY,2,"BIRCH, KHEM",19:42,4,1,4,0,0,2,4,3,3,6,0,1,1,0,1,3,2,3,11.0
2016,164,0,P005161   ,0.0,0.0,OLY,6,"PAPAPETROU, IOANNIS",18:04,0,0,2,0,1,0,0,0,3,3,1,1,1,0,0,3,1,-1,-3.0
2016,164,0,P004223   ,0.0,0.0,OLY,9,"WATERS, DOMINIC",11:18,5,1,2,1,1,0,0,0,2,2,1,2,1,0,0,2,1,7,-1.0
2016,164,0,P004429   ,0.0,1.0,OLY,10,"AGRAVANIS, DIMITRIOS",14:10,6,0,0,2,4,0,0,1,0,1,0,0,0,0,0,2,1,4,2.0
2016,164,0,P003941   ,1.0,0.0,OLY,11,"MILUTINOV, NIKOLA",20:18,11,5,7,0,0,1,1,6,1,7,1,0,1,2,0,1,1,18,4.0
2016,164,0,PAMM      ,1.0,0.0,OLY,15,"PRINTEZIS, GEORGIOS",25:50,20,5,9,3,4,1,2,0,3,3,4,0,0,0,1,0,8,28,13.0
2016,164,0,P001255   ,1.0,1.0,OLY,16,"PAPANIKOLAOU, KOSTAS",25:56,10,1,3,2,5,2,2,2,1,3,4,0,3,0,0,2,1,8,12.0
2016,164,0,P003537   ,1.0,1.0,OLY,17,"MANTZARIS, VANGELIS",28:42,9,0,1,3,5,0,0,0,3,3,6,2,3,0,0,2,0,12,16.0
2016,164,0,P004290   ,0.0,1.0,OLY,27,"ATHINAIOU, IOANNIS",01:58,0,0,0,0,0,0,0,0,0,0,0,0,1,0,0,0,0,-1,-4.0
2016,164,0,Team,0.0,0.0,OLY,,Team,,0,0,0,0,0,0,0,1,3,4,0,0,0,0,0,0,0,4,
2016,164,0,Total,,,OLY,,Total,200:00,90,20,36,14,25,8,11,13,22,35,19,7,11,3,2,17,19,113,
2016,165,1,P006433   ,1.0,0.0,ZAL,3,"PANGOS, KEVIN",15:20,2,0,2,0,2,2,2,0,2,2,2,0,0,0,1,2,1,0,-8.0
2016,165,1,P003210   ,0.0,0.0,ZAL,4,"LEKAVICIUS, LUKAS",24:28,17,8,8,0,2,1,2,1,4,5,4,2,2,0,0,1,3,25,13.0
2016,165,1,P002543   ,1.0,1.0,ZAL,9,"WESTERMANN, LEO",26:51,8,3,5,0,3,2,2,0,3,3,6,2,3,0,0,3,2,10,6.0
2016,165,1,PKNO      ,0.0,1.0,ZAL,10,"SEIBUTIS, RENALDAS",07:51,0,0,0,0,0,0,0,0,0,0,1,1,0,0,0,1,1,2,-9.0
2016,165,1,P006599   ,0.0,1.0,ZAL,12,"MOTUM, BROCK",21:15,8,1,2,2,4,0,0,1,2,3,0,1,1,0,0,2,0,6,9.0
2016,165,1,PBWI      ,1.0,0.0,ZAL,13,"JANKUNAS, PAULIUS",27:46,15,3,5,1,2,6,8,1,3,4,0,0,1,0,0,1,6,18,7.0
2016,165,1,PBVE      ,0.0,0.0,ZAL,15,"JAVTOKAS, ROBERTAS",03:22,0,0,0,0,0,0,0,0,1,1,0,0,1,0,0,1,0,-1,0.0
2016,165,1,PKPD      ,0.0,0.0,ZAL,21,"MILAKNIS, ARTURAS",17:40,14,0,0,4,7,2,2,0,1,1,0,0,1,0,0,4,3,10,14.0
2016,165,1,P001098   ,1.0,1.0,ZAL,23,"LIMA, AUGUSTO",17:47,4,2,4,0,0,0,1,1,3,4,2,0,1,1,0,4,2,5,-5.0
2016,165,1,P000399   ,0.0,0.0,ZAL,44,"KAVALIAUSKAS, ANTANAS",09:50,4,2,3,0,0,0,0,0,0,0,0,0,1,0,1,2,0,-1,-3.0
2016,165,1,P005846   ,0.0,0.0,ZAL,55,"HARTENSTEIN, ISAIAH",DNP,0,0,0,0,0,0,0,0,0,0,0,0,0,0,0,0,0,0,0.0
2016,165,1,P002329   ,1.0,1.0,ZAL,92,"ULANOVAS, EDGARAS",27:50,17,4,4,1,2,6,6,3,1,4,4,0,1,1,0,4,5,25,-4.0
2016,165,1,Team,0.0,0.0,ZAL,,Team,,0,0,0,0,0,0,0,1,2,3,0,0,0,0,0,0,0,3,
2016,165,1,Total,,,ZAL,,Total,200:00,89,23,33,8,22,19,23,8,22,30,19,6,12,2,2,25,23,102,
2016,165,0,P003367   ,1.0,1.0,BAR,2,"RICE, TYRESE",33:53,12,3,6,2,6,0,0,0,1,1,7,0,4,1,1,3,2,8,0.0
2016,165,0,P001832   ,1.0,1.0,BAR,5,"DOELLMAN, JUSTIN",23:25,11,3,6,1,2,2,2,0,5,5,1,0,1,0,1,4,1,8,6.0
2016,165,0,P000556   ,0.0,0.0,BAR,10,"CLAVER, VICTOR",05:16,5,0,0,1,2,2,2,0,0,0,0,0,0,0,0,1,1,4,2.0
2016,165,0,PADI      ,0.0,1.0,BAR,11,"NAVARRO, JUAN CARLOS",22:32,17,3,4,3,8,2,2,0,1,1,4,1,2,0,0,4,1,12,-1.0
2016,165,0,P001215   ,1.0,0.0,BAR,13,"FAVERANI, VITOR",15:39,11,3,5,0,0,5,6,2,3,5,2,0,1,0,0,2,5,17,4.0
2016,165,0,P003469   ,0.0,0.0,BAR,14,"VEZENKOV, ALEKSANDAR",16:25,6,1,2,1,1,1,2,1,1,2,2,1,0,0,0,4,1,6,-8.0
2016,165,0,P004588   ,0.0,0.0,BAR,16,"PENO, STEFAN",06:07,2,0,0,0,0,2,2,0,0,0,1,0,0,0,0,0,1,4,-4.0
2016,165,0,P003151   ,0.0,0.0,BAR,20,"ERIKSSON, MARCUS",DNP,0,0,0,0,0,0,0,0,0,0,0,0,0,0,0,0,0,0,0.0
2016,165,0,P006476   ,0.0,0.0,BAR,21,"DIAGNE, MOUSSA",02:36,0,0,1,0,0,0,0,1,0,1,0,0,0,0,0,1,1,0,-6.0
2016,165,0,P004178   ,1.0,1.0,BAR,25,"KOPONEN, PETTERI",23:50,12,3,5,2,5,0,0,0,0,0,1,1,0,0,0,3,4,10,-6.0
2016,165,0,PKRH      ,1.0,0.0,BAR,33,"PERPEROGLOU, STRATOS",28:33,7,3,4,0,2,1,3,0,2,2,4,1,1,0,0,2,2,8,-5.0
2016,165,0,P002507   ,0.0,1.0,BAR,44,"TOMIC, ANTE",21:44,2,1,3,0,0,0,0,3,3,6,1,0,1,1,0,0,6,13,-2.0
2016,165,0,Team,0.0,0.0,BAR,,Team,,0,0,0,0,0,0,0,2,2,4,0,0,1,0,0,0,0,3,
2016,165,0,Total,,,BAR,,Total,200:00,85,20,36,10,26,15,19,9,18,27,23,4,11,2,2,24,25,93,
2016,166,1,P006555   ,0.0,0.0,RED,0,"WOLTERS, NATE",21:25,12,5,7,0,1,2,2,0,3,3,4,0,0,0,0,3,3,16,-2.0
2016,166,1,P003453   ,0.0,0.0,RED,2,"THOMPSON, DEON",09:09,0,0,2,0,0,0,0,3,1,4,0,0,0,0,0,0,0,2,-12.0
2016,166,1,P002553   ,1.0,0.0,RED,9,"MITROVIC, LUKA",24:33,6,3,5,0,0,0,0,0,4,4,0,0,0,1,0,2,0,7,-10.0
2016,166,1,PLUO      ,0.0,1.0,RED,10,"LAZIC, BRANKO",24:45,1,0,0,0,1,1,2,0,2,2,0,0,0,0,0,3,3,1,-20.0
2016,166,1,P004007   ,0.0,1.0,RED,13,"DOBRIC, OGNJEN",01:22,0,0,0,0,0,0,0,0,0,0,0,0,0,0,0,0,0,0,2.0
2016,166,1,PLRU      ,1.0,1.0,RED,19,"SIMONOVIC, MARKO",35:21,17,5,7,1,6,4,5,1,4,5,2,0,1,0,1,2,5,17,-6.0
2016,166,1,P007395   ,0.0,0.0,RED,20,"RAKICEVIC, PETAR",DNP,0,0,0,0,0,0,0,0,0,0,0,0,0,0,0,0,0,0,0.0
2016,166,1,P005014   ,1.0,1.0,RED,22,"JENKINS, CHARLES",24:24,13,5,12,1,3,0,1,1,2,3,7,1,0,0,0,4,2,12,2.0
2016,166,1,P004004   ,0.0,0.0,RED,23,"GUDURIC, MARKO",14:51,5,0,0,1,3,2,3,1,1,2,3,0,4,0,0,1,1,3,-11.0
2016,166,1,P004863   ,1.0,0.0,RED,24,"JOVIC, STEFAN",13:19,2,1,2,0,0,0,4,1,0,1,2,1,4,0,0,0,2,-1,-11.0
2016,166,1,P003479   ,1.0,0.0,RED,32,"KUZMIC, OGNJEN",15:39,4,2,6,0,0,0,0,1,5,6,0,0,1,1,0,2,2,6,-1.0
2016,166,1,PCHX      ,0.0,1.0,RED,51,"BJELICA, MILKO",15:12,12,5,7,0,2,2,2,0,1,1,1,0,1,0,0,1,1,9,-1.0
2016,166,1,Team,0.0,0.0,RED,,Team,,0,0,0,0,0,0,0,1,3,4,0,0,0,0,0,0,0,4,
2016,166,1,Total,,,RED,,Total,200:00,72,26,48,3,16,11,19,9,26,35,19,2,11,2,1,18,19,76,
2016,166,0,P005094   ,0.0,0.0,IST,1,"THOMAS, DESHAUN",16:50,17,4,4,3,6,0,0,1,2,3,0,1,0,0,0,1,0,17,17.0
2016,166,0,P005800   ,0.0,0.0,IST,2,"HONEYCUTT, TYLER",24:26,2,1,2,0,1,0,0,0,5,5,3,3,1,1,0,1,0,10,18.0
2016,166,0,P003521   ,0.0,0.0,IST,4,"BALBAY, DOGUS",03:20,0,0,1,0,0,0,0,0,0,0,0,0,0,0,0,1,0,-2,2.0
2016,166,0,P004425   ,1.0,1.0,IST,5,"BROWN, DERRICK",30:32,20,8,15,0,0,4,4,3,8,11,2,2,1,0,1,1,8,33,8.0
2016,166,0,P004088   ,1.0,1.0,IST,6,"OSMAN, CEDI",21:46,6,1,4,1,4,1,2,1,3,4,2,1,1,0,0,2,1,4,-2.0
2016,166,0,P007122   ,0.0,0.0,IST,9,"GEYIK, SAMET",DNP,0,0,0,0,0,0,0,0,0,0,0,0,0,0,0,0,0,0,0.0
2016,166,0,P003024   ,1.0,1.0,IST,15,"GRANGER, JAYSON",26:30,6,0,1,2,4,0,0,0,4,4,4,1,2,0,0,2,2,10,5.0
2016,166,0,PKLT      ,0.0,1.0,IST,31,"HEURTEL, THOMAS",29:11,12,3,4,2,5,0,0,1,0,1,15,1,2,0,0,3,4,24,20.0
2016,166,0,PLQV      ,0.0,0.0,IST,32,"MUTAF, MAXIM",05:25,0,0,1,0,1,0,0,0,1,1,0,0,0,0,0,1,1,-1,-3.0
2016,166,0,P004945   ,1.0,0.0,IST,33,"PAUL, BRANDON",09:22,3,0,2,1,3,0,0,0,1,1,0,1,1,0,0,3,0,-3,2.0
2016,166,0,P003048   ,1.0,1.0,IST,42,"DUNSTON, BRYANT",26:03,16,7,11,0,0,2,2,1,3,4,0,1,2,0,1,2,2,14,3.0
2016,166,0,P007616   ,0.0,0.0,IST,53,"KIRK, ALEX",06:35,4,2,2,0,0,0,0,0,0,0,1,0,1,0,0,2,0,2,0.0
2016,166,0,Team,0.0,0.0,IST,,Team,,0,0,0,0,0,0,0,2,2,4,0,0,1,0,0,0,0,3,
2016,166,0,Total,,,IST,,Total,200:00,86,26,47,9,24,7,8,9,29,38,27,11,12,1,2,19,18,111,
2016,167,1,P000529   ,1.0,1.0,GAL,5,"MICOV, VLADIMIR",29:59,14,4,4,2,6,0,0,0,4,4,4,1,4,0,0,0,4,19,-3.0
2016,167,1,P007595   ,0.0,0.0,GAL,6,"FITIPALDO, BRUNO",14:59,0,0,0,0,2,0,0,1,0,1,2,0,2,0,0,3,1,-3,7.0
2016,167,1,P004119   ,0.0,1.0,GAL,7,"TYUS, ALEX",11:35,7,3,4,0,0,1,1,1,2,3,0,1,1,1,0,1,1,10,-2.0
2016,167,1,P004300   ,0.0,0.0,GAL,8,"KORKMAZ, CAN",DNP,0,0,0,0,0,0,0,0,0,0,0,0,0,0,0,0,0,0,0.0
2016,167,1,P000357   ,1.0,1.0,GAL,10,"SCHILB, BLAKE",35:09,14,4,6,2,3,0,0,2,3,5,4,2,2,0,0,1,2,21,7.0
2016,167,1,P005813   ,0.0,0.0,GAL,11,"ARAR, EGE",DNP,0,0,0,0,0,0,0,0,0,0,0,0,0,0,0,0,0,0,0.0
2016,167,1,P007355   ,0.0,0.0,GAL,14,"HACIYEVA, ORHAN",DNP,0,0,0,0,0,0,0,0,0,0,0,0,0,0,0,0,0,0,0.0
2016,167,1,PLHK      ,1.0,0.0,GAL,21,"PLEISS, TIBOR",27:52,15,5,10,0,1,5,5,0,5,5,3,0,1,2,1,3,6,20,-2.0
2016,167,1,P003472   ,0.0,0.0,GAL,25,"DAYE, AUSTIN",10:21,2,1,1,0,1,0,0,0,1,1,1,0,1,0,0,1,1,2,-5.0
2016,167,1,P000494   ,1.0,1.0,GAL,32,"GULER, SINAN",28:03,11,3,7,1,3,2,2,0,4,4,2,0,5,0,0,3,1,4,-12.0
2016,167,1,P004997   ,0.0,1.0,GAL,33,"DIEBLER, JON",21:55,11,1,1,3,3,0,0,0,2,2,1,0,0,0,0,3,2,13,-7.0
2016,167,1,P002104   ,1.0,0.0,GAL,61,"KOKSAL, GOKSENIN",20:07,5,1,3,1,2,0,0,1,1,2,1,1,0,0,0,2,0,4,-8.0
2016,167,1,Team,0.0,0.0,GAL,,Team,,0,0,0,0,0,0,0,2,5,7,0,0,1,0,0,0,0,6,
2016,167,1,Total,,,GAL,,Total,200:00,79,22,36,9,21,8,8,7,27,34,18,5,17,3,1,17,18,96,
2016,167,0,P006614   ,0.0,1.0,PAN,0,"SINGLETON, CHRIS",25:36,15,1,4,3,6,4,6,1,4,5,0,1,2,0,1,4,6,12,11.0
2016,167,0,P003482   ,0.0,0.0,PAN,2,"NICHOLS, DEMETRIS",08:21,3,0,3,1,1,0,0,0,1,1,0,0,1,0,1,3,0,-4,10.0
2016,167,0,P002429   ,0.0,1.0,PAN,3,"RIVERS, K.C.",35:44,8,1,3,2,5,0,0,0,4,4,0,0,0,0,0,1,0,6,14.0
2016,167,0,P005985   ,0.0,0.0,PAN,5,"JAMES, MIKE",20:45,18,4,4,2,3,4,5,0,0,0,2,1,0,0,0,0,4,23,10.0
2016,167,0,PBEZ      ,0.0,0.0,PAN,9,"FOTSIS, ANTONIS",09:10,0,0,0,0,1,0,0,0,1,1,1,1,1,0,0,2,0,-1,0.0
2016,167,0,P000464   ,0.0,1.0,PAN,11,"PAPPAS, NIKOS",17:32,2,1,1,0,1,0,0,0,1,1,4,0,0,0,0,3,0,3,11.0
2016,167,0,P005918   ,1.0,0.0,PAN,12,"FELDEINE, JAMES",20:23,15,0,1,5,6,0,0,0,1,1,4,1,1,1,1,0,2,20,-7.0
2016,167,0,P004218   ,0.0,0.0,PAN,15,"CHARALAMPOPOULOS, VASILIS",00:33,0,0,0,0,0,0,0,0,0,0,0,0,0,0,0,0,0,0,0.0
2016,167,0,P005881   ,1.0,1.0,PAN,21,"GABRIEL, KENNY",17:39,5,1,1,1,2,0,0,1,3,4,0,3,0,0,0,2,0,9,-7.0
2016,167,0,P000880   ,1.0,0.0,PAN,25,"GENTILE, ALESSANDRO",04:16,0,0,1,0,0,0,0,0,0,0,0,0,1,0,0,0,0,-2,-9.0
2016,167,0,PAQU      ,1.0,0.0,PAN,29,"BOUROUSIS, IOANNIS",18:32,8,3,8,0,2,2,2,3,1,4,2,2,1,0,0,2,3,9,-4.0
2016,167,0,P001932   ,1.0,1.0,PAN,33,"CALATHES, NICK",21:29,10,2,4,2,4,0,0,0,2,2,7,1,3,0,0,1,2,14,-4.0
2016,167,0,Team,0.0,0.0,PAN,,Team,,0,0,0,0,0,0,0,1,0,1,0,0,0,0,0,0,0,1,
2016,167,0,Total,,,PAN,,Total,200:00,84,13,30,16,31,10,13,6,18,24,20,10,10,1,3,18,17,90,
2016,168,1,P007200   ,1.0,0.0,BAS,0,"LARKIN, SHANE",24:04,5,2,8,0,3,1,1,2,2,4,3,0,1,1,1,5,3,0,-5.0
2016,168,1,PBWZ      ,0.0,1.0,BAS,1,"BARGNANI, ANDREA",12:39,5,0,2,1,1,2,2,0,1,1,0,0,0,0,0,0,1,5,-1.0
2016,168,1,P007201   ,1.0,1.0,BAS,7,"VOIGTMANN, JOHANNES",31:34,10,3,8,1,3,1,2,7,6,13,5,0,0,0,1,1,3,21,-7.0
2016,168,1,P005099   ,1.0,1.0,BAS,8,"HANGA, ADAM",37:44,12,4,7,1,4,1,2,1,5,6,2,1,3,0,1,2,4,12,-1.0
2016,168,1,P007230   ,0.0,0.0,BAS,9,"SEDEKERSKIS, TADAS",02:29,0,0,0,0,0,0,0,0,0,0,0,0,0,0,0,0,0,0,2.0
2016,168,1,P006590   ,0.0,0.0,BAS,10,"BEAUBOIS, RODRIGUE",26:27,20,4,9,3,8,3,4,0,3,3,3,0,0,0,1,5,4,13,-10.0
2016,168,1,P003452   ,0.0,0.0,BAS,11,"BLAZIC, JAKA",01:52,0,0,0,0,0,0,0,0,0,0,0,0,0,0,0,0,0,0,2.0
2016,168,1,P003540   ,0.0,0.0,BAS,12,"DIOP, ILIMANE",15:17,3,0,1,0,0,3,4,1,1,2,0,0,1,0,0,2,4,4,-3.0
2016,168,1,P002744   ,1.0,0.0,BAS,14,"TILLIE, KIM",20:30,4,2,2,0,2,0,0,4,2,6,2,0,0,0,0,1,0,9,-5.0
2016,168,1,P006435   ,0.0,1.0,BAS,15,"LAPROVITTOLA, NICOLAS",16:07,8,1,3,2,8,0,0,2,1,3,4,0,2,0,0,3,0,2,-1.0
2016,168,1,P007427   ,1.0,1.0,BAS,34,"BUDINGER, CHASE",11:17,4,2,2,0,1,0,0,0,0,0,0,0,1,0,0,3,0,-1,-11.0
2016,168,1,P001633   ,0.0,0.0,BAS,55,"LUZ, RAFA",DNP,0,0,0,0,0,0,0,0,0,0,0,0,0,0,0,0,0,0,0.0
2016,168,1,Team,0.0,0.0,BAS,,Team,,0,0,0,0,0,0,0,2,3,5,0,0,3,0,0,0,0,2,
2016,168,1,Total,,,BAS,,Total,200:00,71,18,42,8,30,11,15,19,24,43,19,1,11,1,4,22,19,67,
2016,168,0,P005757   ,1.0,1.0,MAD,3,"RANDOLPH, ANTHONY",22:21,9,4,5,0,1,1,2,0,3,3,2,1,0,3,0,0,1,16,4.0
2016,168,0,P002946   ,0.0,0.0,MAD,4,"DRAPER, DONTAYE",12:10,2,1,2,0,2,0,2,0,0,0,0,0,0,0,0,1,1,-3,-5.0
2016,168,0,PAPR      ,0.0,0.0,MAD,6,"NOCIONI, ANDRES",00:34,0,0,0,0,1,0,0,0,0,0,0,0,0,0,0,0,0,-1,-4.0
2016,168,0,P005929   ,0.0,1.0,MAD,7,"DONCIC, LUKA",24:44,16,3,6,2,4,4,4,3,6,9,6,0,0,0,0,1,5,30,-1.0
2016,168,0,PJCC      ,1.0,0.0,MAD,8,"MACIULIS, JONAS",20:56,3,0,0,1,3,0,0,2,3,5,0,1,0,0,0,0,0,7,10.0
2016,168,0,P005927   ,1.0,1.0,MAD,14,"AYON, GUSTAVO",16:51,11,5,5,0,0,1,5,1,1,2,4,1,3,0,0,3,3,11,10.0
2016,168,0,P001960   ,0.0,0.0,MAD,20,"CARROLL, JAYCEE",09:57,2,0,1,0,2,2,2,1,1,2,0,0,0,0,0,2,1,0,1.0
2016,168,0,P005160   ,0.0,0.0,MAD,21,"HUNTER, OTHELLO",17:58,7,3,5,0,0,1,1,2,3,5,0,0,1,0,0,4,1,6,1.0
2016,168,0,PTGB      ,1.0,1.0,MAD,23,"LLULL, SERGIO",25:23,7,0,3,1,6,4,4,1,3,4,8,1,0,0,1,2,4,13,9.0
2016,168,0,P005836   ,0.0,0.0,MAD,33,"THOMPKINS, TREY",22:16,6,0,2,2,5,0,0,0,2,2,0,0,1,0,0,4,1,-1,5.0
2016,168,0,P002358   ,0.0,0.0,MAD,36,"SUAREZ, ALEX",DNP,0,0,0,0,0,0,0,0,0,0,0,0,0,0,0,0,0,0,0.0
2016,168,0,P006546   ,1.0,1.0,MAD,44,"TAYLOR, JEFFERY",26:50,16,5,6,0,2,6,8,2,2,4,1,0,0,1,0,3,5,19,10.0
2016,168,0,Team,0.0,0.0,MAD,,Team,,0,0,0,0,0,0,0,3,1,4,0,0,0,0,0,0,0,4,
2016,168,0,Total,,,MAD,,Total,200:00,79,21,35,6,26,19,28,15,25,40,21,4,5,4,1,20,22,101,
2016,169,1,P005094   ,0.0,1.0,IST,1,"THOMAS, DESHAUN",16:06,8,1,2,2,5,0,0,1,0,1,0,0,1,0,0,2,1,3,16.0
2016,169,1,P005800   ,0.0,1.0,IST,2,"HONEYCUTT, TYLER",22:32,16,4,9,2,3,2,3,1,4,5,3,0,1,2,0,3,2,17,13.0
2016,169,1,P003521   ,0.0,1.0,IST,4,"BALBAY, DOGUS",13:21,9,3,3,1,2,0,0,2,3,5,3,3,1,0,0,2,2,18,9.0
2016,169,1,P004425   ,1.0,1.0,IST,5,"BROWN, DERRICK",24:50,9,2,5,1,4,2,2,2,2,4,3,0,1,0,0,1,5,13,-12.0
2016,169,1,P004088   ,1.0,0.0,IST,6,"OSMAN, CEDI",18:27,7,1,3,1,2,2,3,0,1,1,2,2,2,0,0,2,2,6,-11.0
2016,169,1,P007122   ,0.0,0.0,IST,9,"GEYIK, SAMET",DNP,0,0,0,0,0,0,0,0,0,0,0,0,0,0,0,0,0,0,0.0
2016,169,1,P003024   ,1.0,1.0,IST,15,"GRANGER, JAYSON",29:00,12,1,3,2,5,4,7,2,4,6,4,4,4,0,0,3,6,17,-3.0
2016,169,1,PKLT      ,0.0,0.0,IST,31,"HEURTEL, THOMAS",29:34,17,3,5,2,4,5,5,0,2,2,6,0,4,0,0,1,5,21,11.0
2016,169,1,PLQV      ,0.0,0.0,IST,32,"MUTAF, MAXIM",DNP,0,0,0,0,0,0,0,0,0,0,0,0,0,0,0,0,0,0,0.0
2016,169,1,P004945   ,1.0,0.0,IST,33,"PAUL, BRANDON",07:06,0,0,0,0,3,0,0,0,1,1,0,0,2,0,1,1,0,-6,-7.0
2016,169,1,P003048   ,1.0,0.0,IST,42,"DUNSTON, BRYANT",23:05,1,0,1,0,0,1,2,3,1,4,0,0,4,1,0,4,2,-2,-3.0
2016,169,1,P007616   ,0.0,0.0,IST,53,"KIRK, ALEX",15:59,11,5,6,0,1,1,1,3,2,5,1,0,0,3,0,1,1,18,7.0
2016,169,1,Team,0.0,0.0,IST,,Team,,0,0,0,0,0,0,0,2,1,3,0,0,0,0,0,0,0,3,
2016,169,1,Total,,,IST,,Total,200:00,90,20,37,11,29,17,23,16,21,37,22,9,20,6,1,20,26,108,
2016,169,0,P004418   ,0.0,1.0,MIL,1,"MCLEAN, JAMEL",19:20,11,4,6,1,1,0,2,3,3,6,1,1,2,0,1,4,4,12,4.0
2016,169,0,P004499   ,0.0,1.0,MIL,2,"FONTECCHIO, SIMONE",01:42,0,0,0,0,0,0,0,0,0,0,0,0,0,0,0,2,0,-2,-6.0
2016,169,0,P004159   ,1.0,1.0,MIL,7,"HICKMAN, RICKY",26:32,9,1,3,1,1,4,4,1,2,3,8,3,3,0,1,1,4,20,8.0
2016,169,0,PJBX      ,1.0,1.0,MIL,9,"KALNIETIS, MANTAS",23:22,15,3,4,2,5,3,4,0,4,4,2,2,0,1,0,3,4,20,6.0
2016,169,0,PJDU      ,1.0,0.0,MIL,11,"RADULJICA, MIROSLAV",18:46,11,5,9,0,0,1,1,1,1,2,1,2,2,0,0,3,1,8,-3.0
2016,169,0,P003514   ,0.0,0.0,MIL,12,"DRAGIC, ZORAN",19:19,10,2,3,2,2,0,0,0,0,0,0,0,2,0,0,3,2,6,-1.0
2016,169,0,PJEA      ,1.0,0.0,MIL,13,"MACVAN, MILAN",18:33,6,3,5,0,1,0,0,0,3,3,0,0,1,0,0,2,0,3,-1.0
2016,169,0,P006385   ,0.0,0.0,MIL,14,"PASCOLO, DAVIDE",11:57,2,1,1,0,0,0,0,0,2,2,0,0,1,0,0,1,1,3,0.0
2016,169,0,PKIW      ,0.0,0.0,MIL,20,"CINCIARINI, ANDREA",14:55,0,0,1,0,0,0,0,0,1,1,1,0,0,0,1,2,0,-2,-8.0
2016,169,0,P005001   ,1.0,0.0,MIL,21,"SANDERS, RAKIM",27:28,18,6,12,2,5,0,0,2,1,3,3,1,3,0,3,2,0,8,-4.0
2016,169,0,P003527   ,0.0,0.0,MIL,23,"ABASS, AWUDU",DNP,0,0,0,0,0,0,0,0,0,0,0,0,0,0,0,0,0,0,0.0
2016,169,0,PCPR      ,0.0,1.0,MIL,43,"SIMON, KRUNOSLAV",18:06,4,1,3,0,1,2,2,0,0,0,8,0,5,0,0,3,4,5,-15.0
2016,169,0,Team,0.0,0.0,MIL,,Team,,0,0,0,0,0,0,0,3,2,5,0,0,1,0,0,0,0,4,
2016,169,0,Total,,,MIL,,Total,200:00,86,26,47,8,16,10,13,10,19,29,24,9,20,1,6,26,20,85,
2016,170,1,P004903   ,1.0,1.0,TEL,0,"GOUDELOCK, ANDREW",27:30,21,6,10,3,6,0,0,0,1,1,2,0,1,0,0,0,0,16,9.0
2016,170,1,P006536   ,0.0,0.0,TEL,3,"RUDD, VICTOR",18:45,5,0,1,1,2,2,2,1,3,4,1,0,3,0,1,3,2,3,-11.0
2016,170,1,P004862   ,0.0,0.0,TEL,4,"SEELEY, D.J.",12:30,2,1,2,0,1,0,0,0,0,0,0,0,2,1,0,1,1,-1,-8.0
2016,170,1,P001274   ,0.0,1.0,TEL,6,"SMITH, DEVIN",18:49,6,3,4,0,3,0,0,0,1,1,0,0,0,1,0,2,2,4,-18.0
2016,170,1,PKJP      ,1.0,1.0,TEL,9,"MEKEL, GAL",26:22,10,4,6,0,2,2,2,1,8,9,7,0,3,0,0,4,2,17,8.0
2016,170,1,PLKX      ,0.0,0.0,TEL,10,"PNINI, GUY",02:55,0,0,0,0,0,0,0,0,0,0,0,0,0,0,0,1,0,-1,1.0
2016,170,1,P004161   ,0.0,0.0,TEL,11,"SEGEV, ITAY",DNP,0,0,0,0,0,0,0,0,0,0,0,0,0,0,0,0,0,0,0.0
2016,170,1,P000622   ,0.0,0.0,TEL,12,"OHAYON, YOGEV",15:26,6,2,3,0,1,2,2,0,3,3,2,0,0,1,0,3,2,9,-6.0
2016,170,1,P004160   ,1.0,1.0,TEL,15,"LANDESBERG, SYLVEN",23:30,18,3,4,4,6,0,0,0,1,1,1,0,0,0,0,1,3,19,10.0
2016,170,1,P006195   ,0.0,0.0,TEL,23,"ALEXANDER, JOE",11:11,2,1,2,0,0,0,0,0,2,2,0,0,0,1,1,3,1,1,3.0
2016,170,1,P005154   ,1.0,0.0,TEL,24,"IVERSON, COLTON",24:39,4,1,1,0,0,2,4,2,5,7,2,0,0,0,0,2,3,12,2.0
2016,170,1,P006657   ,1.0,1.0,TEL,30,"MILLER, QUINCY",18:23,11,3,6,1,4,2,2,1,4,5,2,0,0,0,0,4,3,11,15.0
2016,170,1,Team,0.0,0.0,TEL,,Team,,0,0,0,0,0,0,0,1,2,3,0,0,0,0,0,0,0,3,
2016,170,1,Total,,,TEL,,Total,200:00,85,24,39,9,25,10,12,6,30,36,17,0,9,4,2,24,19,93,
2016,170,0,P007200   ,1.0,1.0,BAS,0,"LARKIN, SHANE",21:24,15,2,6,3,4,2,2,0,1,1,4,1,0,0,0,4,3,15,-4.0
2016,170,0,PBWZ      ,0.0,0.0,BAS,1,"BARGNANI, ANDREA",20:10,17,4,9,0,2,9,9,0,1,1,0,0,0,0,0,2,6,15,-10.0
2016,170,0,P007201   ,1.0,1.0,BAS,7,"VOIGTMANN, JOHANNES",31:10,13,5,5,0,1,3,4,3,8,11,3,0,0,0,0,2,3,26,13.0
2016,170,0,P005099   ,1.0,1.0,BAS,8,"HANGA, ADAM",32:30,11,4,5,0,3,3,5,0,7,7,2,0,1,0,0,2,5,16,-6.0
2016,170,0,P007230   ,0.0,0.0,BAS,9,"SEDEKERSKIS, TADAS",DNP,0,0,0,0,0,0,0,0,0,0,0,0,0,0,0,0,0,0,0.0
2016,170,0,P006590   ,1.0,1.0,BAS,10,"BEAUBOIS, RODRIGUE",27:52,16,4,10,2,4,2,2,0,2,2,3,0,0,0,0,1,2,14,4.0
2016,170,0,P003452   ,0.0,0.0,BAS,11,"BLAZIC, JAKA",01:37,0,0,1,0,0,0,0,0,0,0,0,0,0,0,0,0,0,-1,-4.0
2016,170,0,P003540   ,0.0,0.0,BAS,12,"DIOP, ILIMANE",05:08,0,0,0,0,0,0,0,0,1,1,0,1,0,0,0,3,1,0,-6.0
2016,170,0,P002744   ,1.0,0.0,BAS,14,"TILLIE, KIM",17:38,6,2,6,0,3,2,2,4,0,4,0,0,0,1,1,1,2,4,-9.0
2016,170,0,P006435   ,0.0,0.0,BAS,15,"LAPROVITTOLA, NICOLAS",16:54,4,2,4,0,2,0,0,0,1,1,3,0,2,0,2,0,0,0,7.0
2016,170,0,P007427   ,0.0,0.0,BAS,34,"BUDINGER, CHASE",19:48,0,0,4,0,0,0,0,5,2,7,3,1,1,1,1,3,1,4,6.0
2016,170,0,P001633   ,0.0,1.0,BAS,55,"LUZ, RAFA",05:49,2,1,2,0,0,0,0,1,1,2,1,1,0,0,0,1,1,5,4.0
2016,170,0,Team,0.0,0.0,BAS,,Team,,0,0,0,0,0,0,0,0,2,2,0,0,0,0,0,0,0,2,
2016,170,0,Total,,,BAS,,Total,200:00,84,24,52,5,19,21,24,13,26,39,19,4,4,2,4,19,24,100,
2016,171,1,P006614   ,1.0,1.0,PAN,0,"SINGLETON, CHRIS",32:07,17,1,3,4,6,3,3,2,4,6,0,1,1,0,0,3,5,21,7.0
2016,171,1,P003482   ,0.0,0.0,PAN,2,"NICHOLS, DEMETRIS",07:28,0,0,0,0,1,0,0,0,2,2,0,0,0,0,0,1,1,1,-11.0
2016,171,1,P002429   ,0.0,1.0,PAN,3,"RIVERS, K.C.",29:20,4,2,3,0,2,0,0,1,2,3,0,0,0,0,0,3,1,2,3.0
2016,171,1,P005985   ,0.0,1.0,PAN,5,"JAMES, MIKE",21:06,15,4,7,2,4,1,2,1,2,3,3,1,2,0,1,2,2,13,13.0
2016,171,1,PBEZ      ,0.0,0.0,PAN,9,"FOTSIS, ANTONIS",DNP,0,0,0,0,0,0,0,0,0,0,0,0,0,0,0,0,0,0,0.0
2016,171,1,P000464   ,0.0,1.0,PAN,11,"PAPPAS, NIKOS",15:08,8,3,3,0,0,2,3,2,1,3,0,1,1,0,0,2,2,10,-2.0
2016,171,1,P005918   ,1.0,0.0,PAN,12,"FELDEINE, JAMES",24:52,16,2,5,4,6,0,0,1,2,3,3,0,1,0,0,1,1,16,11.0
2016,171,1,P004218   ,0.0,0.0,PAN,15,"CHARALAMPOPOULOS, VASILIS",DNP,0,0,0,0,0,0,0,0,0,0,0,0,0,0,0,0,0,0,0.0
2016,171,1,P005881   ,1.0,0.0,PAN,21,"GABRIEL, KENNY",18:02,5,1,2,1,2,0,0,0,2,2,0,0,1,1,0,3,0,2,10.0
2016,171,1,P000880   ,1.0,0.0,PAN,25,"GENTILE, ALESSANDRO",07:23,0,0,2,0,0,0,0,1,2,3,1,0,0,0,0,1,0,1,-1.0
2016,171,1,PAQU      ,0.0,1.0,PAN,29,"BOUROUSIS, IOANNIS",22:04,16,4,6,1,3,5,8,1,2,3,0,0,4,0,0,4,7,11,14.0
2016,171,1,P001932   ,1.0,0.0,PAN,33,"CALATHES, NICK",22:30,0,0,2,0,3,0,0,0,4,4,5,1,3,0,0,2,1,1,1.0
2016,171,1,Team,0.0,0.0,PAN,,Team,,0,0,0,0,0,0,0,1,3,4,0,0,0,0,0,0,0,4,
2016,171,1,Total,,,PAN,,Total,200:00,81,17,33,12,27,11,16,10,26,36,12,4,13,1,1,22,20,82,
2016,171,0,P001392   ,1.0,1.0,BAM,1,"CAUSEUR, FABIEN",29:42,5,1,5,1,3,0,0,3,4,7,4,1,0,0,0,0,1,12,5.0
2016,171,0,P002849   ,1.0,1.0,BAM,4,"MELLI, NICOLO",27:04,2,1,3,0,2,0,1,1,4,5,4,0,2,1,0,3,4,6,-15.0
2016,171,0,PABN      ,1.0,0.0,BAM,6,"ZISIS, NIKOS",26:04,10,2,4,2,3,0,0,0,1,1,4,0,1,0,0,1,5,15,-12.0
2016,171,0,P002506   ,0.0,0.0,BAM,8,"STAIGER, LUCCA",DNP,0,0,0,0,0,0,0,0,0,0,0,0,0,0,0,0,0,0,0.0
2016,171,0,P004132   ,0.0,1.0,BAM,10,"THEIS, DANIEL",17:54,18,4,6,3,6,1,4,3,2,5,1,1,0,0,0,2,3,18,-2.0
2016,171,0,P007032   ,0.0,0.0,BAM,12,"LO, MAODO",09:45,2,1,2,0,1,0,0,0,1,1,1,0,0,0,0,0,0,2,0.0
2016,171,0,P000046   ,0.0,1.0,BAM,13,"STRELNIEKS, JANIS",17:49,5,1,3,1,4,0,0,0,1,1,4,1,2,0,0,3,1,2,-3.0
2016,171,0,PLLM      ,0.0,0.0,BAM,14,"VEREMEENKO, VLADIMIR",05:23,2,1,1,0,0,0,0,0,0,0,0,0,1,0,0,3,0,-2,-9.0
2016,171,0,P006421   ,1.0,1.0,BAM,21,"MILLER, DARIUS",28:58,11,2,3,1,4,4,6,0,4,4,1,1,3,0,0,2,4,10,-7.0
2016,171,0,P006338   ,0.0,0.0,BAM,22,"McNEAL, JEREL",08:01,0,0,0,0,0,0,0,1,0,1,0,0,0,0,0,3,0,-2,-8.0
2016,171,0,P006420   ,0.0,0.0,BAM,33,"HECKMANN, PATRICK",10:55,6,0,0,2,2,0,0,0,3,3,0,1,0,0,0,1,1,10,1.0
2016,171,0,PLEM      ,1.0,0.0,BAM,43,"RADOSEVIC, LEON",18:25,11,4,7,0,0,3,4,1,2,3,1,1,0,0,1,2,3,12,5.0
2016,171,0,Team,0.0,0.0,BAM,,Team,,0,0,0,0,0,0,0,0,1,1,0,0,1,0,0,0,0,0,
2016,171,0,Total,,,BAM,,Total,200:00,72,17,34,10,25,8,15,9,23,32,20,6,10,1,1,20,22,83,
2016,172,1,P002026   ,0.0,0.0,UNK,2,"ANTIPOV, PAVEL",19:06,5,1,2,1,2,0,0,0,2,2,0,2,0,0,0,0,0,7,0.0
2016,172,1,P007050   ,1.0,1.0,UNK,4,"CLARKE, COTY",24:49,9,2,3,1,4,2,2,1,2,3,4,1,2,2,0,1,1,13,15.0
2016,172,1,P001887   ,1.0,1.0,UNK,5,"LANGFORD, KEITH",32:32,20,8,10,1,6,1,2,0,2,2,3,2,0,0,0,3,9,25,2.0
2016,172,1,P006668   ,0.0,0.0,UNK,6,"STOLL, PAUL",09:29,0,0,0,0,2,0,0,0,1,1,1,0,1,0,0,2,2,-1,-4.0
2016,172,1,P003034   ,1.0,0.0,UNK,9,"PARAKHOUSKI, ARTSIOM",22:36,12,5,7,0,0,2,2,2,2,4,0,2,1,1,0,0,1,17,4.0
2016,172,1,P006533   ,1.0,1.0,UNK,10,"COLOM, QUINO",30:31,11,1,3,3,6,0,0,0,2,2,9,0,2,0,1,2,3,15,0.0
2016,172,1,P006360   ,0.0,0.0,UNK,12,"KLIMENKO, ARTEM",DNP,0,0,0,0,0,0,0,0,0,0,0,0,0,0,0,0,0,0,0.0
2016,172,1,PATS      ,1.0,1.0,UNK,13,"BANIC, MARKO",20:54,6,3,6,0,0,0,0,0,0,0,1,0,0,1,1,2,0,2,-4.0
2016,172,1,P001389   ,0.0,0.0,UNK,18,"VORONOV, EVGENY",10:14,0,0,2,0,1,0,0,0,0,0,1,1,0,0,0,2,0,-3,-6.0
2016,172,1,P004259   ,0.0,1.0,UNK,22,"WILLIAMS, LATAVIOUS",17:24,8,4,5,0,0,0,0,3,3,6,1,0,2,0,1,3,0,8,-8.0
2016,172,1,P000956   ,0.0,0.0,UNK,31,"ANDUSIC, DANILO",12:25,6,2,3,0,0,2,2,0,0,0,0,0,0,0,0,1,1,5,-19.0
2016,172,1,P005717   ,0.0,0.0,UNK,33,"KHABIROV, RUSLAN",DNP,0,0,0,0,0,0,0,0,0,0,0,0,0,0,0,0,0,0,0.0
2016,172,1,Team,0.0,0.0,UNK,,Team,,0,0,0,0,0,0,0,0,3,3,0,0,0,0,0,0,0,3,
2016,172,1,Total,,,UNK,,Total,200:00,77,26,41,6,21,7,8,6,17,23,20,8,8,4,3,16,17,91,
2016,172,0,P005757   ,0.0,1.0,MAD,3,"RANDOLPH, ANTHONY",25:40,19,5,7,2,2,3,4,2,2,4,0,1,1,1,0,0,4,25,15.0
2016,172,0,P002946   ,0.0,1.0,MAD,4,"DRAPER, DONTAYE",20:56,3,0,0,1,1,0,0,1,1,2,1,0,1,0,0,3,0,2,13.0
2016,172,0,PAPR      ,0.0,0.0,MAD,6,"NOCIONI, ANDRES",02:27,3,0,0,1,1,0,0,0,0,0,0,0,1,0,0,1,0,1,4.0
2016,172,0,P005929   ,0.0,1.0,MAD,7,"DONCIC, LUKA",24:14,5,2,3,0,2,1,2,1,6,7,11,0,2,0,0,2,3,18,7.0
2016,172,0,PJCC      ,1.0,0.0,MAD,8,"MACIULIS, JONAS",15:54,8,1,1,2,4,0,0,1,1,2,2,1,1,0,0,1,0,9,-1.0
2016,172,0,PAAX      ,1.0,0.0,MAD,9,"REYES, FELIPE",14:20,3,0,4,1,3,0,0,2,3,5,2,1,2,0,2,1,3,3,-11.0
2016,172,0,P005927   ,1.0,1.0,MAD,14,"AYON, GUSTAVO",23:22,12,6,8,0,0,0,0,2,3,5,1,1,1,1,0,1,1,17,-9.0
2016,172,0,P001960   ,0.0,1.0,MAD,20,"CARROLL, JAYCEE",21:45,6,3,6,0,4,0,0,0,2,2,1,0,2,0,2,2,0,-4,11.0
2016,172,0,P005160   ,0.0,0.0,MAD,21,"HUNTER, OTHELLO",14:11,14,7,7,0,1,0,0,1,2,3,1,0,0,1,0,2,1,17,9.0
2016,172,0,PTGB      ,1.0,0.0,MAD,23,"LLULL, SERGIO",15:13,2,0,1,0,4,2,2,0,0,0,4,0,2,0,0,2,2,-1,-12.0
2016,172,0,P002358   ,0.0,0.0,MAD,36,"SUAREZ, ALEX",DNP,0,0,0,0,0,0,0,0,0,0,0,0,0,0,0,0,0,0,0.0
2016,172,0,P006546   ,1.0,0.0,MAD,44,"TAYLOR, JEFFERY",21:58,6,3,5,0,0,0,0,0,3,3,1,0,1,0,0,2,2,7,-6.0
2016,172,0,Team,0.0,0.0,MAD,,Team,,0,0,0,0,0,0,0,3,0,3,0,0,0,0,0,0,0,3,
2016,172,0,Total,,,MAD,,Total,200:00,81,27,42,7,22,6,8,13,23,36,24,4,14,3,4,17,16,97,
2016,173,1,P002100   ,1.0,0.0,CSK,1,"DE COLO, NANDO",25:55,25,8,10,2,3,3,3,0,4,4,6,1,7,0,1,3,3,25,9.0
2016,173,1,P001108   ,0.0,1.0,CSK,3,"KULAGIN, DMITRY",01:24,0,0,1,0,0,0,0,0,0,0,0,0,0,0,0,1,0,-2,-5.0
2016,173,1,PJDR      ,0.0,0.0,CSK,4,"TEODOSIC, MILOS",21:14,16,1,3,3,7,5,5,0,3,3,4,0,5,0,0,1,5,16,20.0
2016,173,1,P001438   ,0.0,0.0,CSK,5,"AUGUSTINE, JAMES",18:08,2,1,2,0,0,0,0,2,4,6,0,0,0,2,0,2,1,8,14.0
2016,173,1,PLLH      ,0.0,0.0,CSK,7,"FRIDZON, VITALY",15:22,7,2,2,0,0,3,4,0,0,0,2,0,1,1,0,2,4,10,8.0
2016,173,1,P003413   ,1.0,0.0,CSK,9,"JACKSON, AARON",22:44,4,2,2,0,2,0,0,0,1,1,6,1,1,0,0,1,3,11,19.0
2016,173,1,P004941   ,1.0,0.0,CSK,11,"ANTONOV, SEMEN",17:33,9,0,2,3,4,0,0,1,1,2,0,2,1,2,0,4,1,8,12.0
2016,173,1,PLHI      ,0.0,0.0,CSK,20,"VORONTSEVICH, ANDREY",17:37,6,0,0,2,3,0,0,0,2,2,1,0,0,0,0,3,0,5,8.0
2016,173,1,P006450   ,0.0,1.0,CSK,22,"HIGGINS, CORY",12:15,7,2,3,1,1,0,0,1,0,1,1,1,5,0,1,1,0,2,10.0
2016,173,1,PBCQ      ,0.0,1.0,CSK,31,"KHRYAPA, VICTOR",04:50,4,2,2,0,0,0,0,0,3,3,2,1,0,1,0,0,0,11,2.0
2016,173,1,PJLX      ,1.0,1.0,CSK,41,"KURBANOV, NIKITA",21:06,18,3,3,2,2,6,6,1,4,5,1,3,0,0,0,1,3,29,5.0
2016,173,1,P002812   ,1.0,1.0,CSK,42,"HINES, KYLE",21:52,4,1,2,0,0,2,2,0,3,3,4,0,0,0,0,3,1,8,8.0
2016,173,1,Team,0.0,0.0,CSK,,Team,,0,0,0,0,0,0,0,1,2,3,0,0,0,0,0,0,0,3,
2016,173,1,Total,,,CSK,,Total,200:00,102,22,32,13,22,19,20,6,27,33,27,9,20,6,2,22,21,134,
2016,173,0,P006555   ,1.0,1.0,RED,0,"WOLTERS, NATE",17:56,7,3,6,0,1,1,2,0,0,0,2,0,1,0,1,4,2,0,-2.0
2016,173,0,P003453   ,0.0,1.0,RED,2,"THOMPSON, DEON",13:30,4,2,5,0,0,0,2,1,1,2,0,0,1,1,2,0,2,1,-12.0
2016,173,0,P005942   ,0.0,0.0,RED,6,"DANGUBIC, NEMANJA",DNP,0,0,0,0,0,0,0,0,0,0,0,0,0,0,0,0,0,0,0.0
2016,173,0,P002553   ,1.0,1.0,RED,9,"MITROVIC, LUKA",22:27,16,5,7,1,3,3,4,0,1,1,9,3,1,0,1,1,5,26,-2.0
2016,173,0,PLUO      ,1.0,0.0,RED,10,"LAZIC, BRANKO",26:01,7,2,3,1,2,0,0,1,1,2,0,2,0,1,0,1,2,11,-23.0
2016,173,0,P004007   ,0.0,1.0,RED,13,"DOBRIC, OGNJEN",17:52,5,1,1,1,4,0,0,0,3,3,0,1,1,0,0,2,0,3,-11.0
2016,173,0,PLRU      ,0.0,1.0,RED,19,"SIMONOVIC, MARKO",22:30,10,1,3,2,3,2,2,0,0,0,0,1,1,0,1,2,2,6,-16.0
2016,173,0,P007395   ,0.0,0.0,RED,20,"RAKICEVIC, PETAR",DNP,0,0,0,0,0,0,0,0,0,0,0,0,0,0,0,0,0,0,0.0
2016,173,0,P005014   ,0.0,0.0,RED,22,"JENKINS, CHARLES",27:04,12,2,2,2,3,2,2,0,0,0,4,3,1,0,0,3,3,17,-23.0
2016,173,0,P004004   ,1.0,0.0,RED,23,"GUDURIC, MARKO",21:49,3,0,1,0,1,3,4,0,1,1,2,0,2,0,0,4,3,0,-11.0
2016,173,0,P003479   ,1.0,0.0,RED,32,"KUZMIC, OGNJEN",15:26,10,5,6,0,0,0,2,1,1,2,1,2,3,0,0,2,1,8,-4.0
2016,173,0,PCHX      ,0.0,0.0,RED,51,"BJELICA, MILKO",15:25,6,0,3,1,3,3,4,1,2,3,0,0,0,0,1,2,2,2,-6.0
2016,173,0,Team,0.0,0.0,RED,,Team,,0,0,0,0,0,0,0,1,1,2,0,0,1,0,0,0,0,1,
2016,173,0,Total,,,RED,,Total,200:00,80,21,37,8,20,14,22,5,11,16,18,12,12,2,6,21,22,75,
2016,174,1,PARN      ,0.0,0.0,DAR,3,"ARSLAN, ENDER",DNP,0,0,0,0,0,0,0,0,0,0,0,0,0,0,0,0,0,0,0.0
2016,174,1,P000497   ,0.0,1.0,DAR,4,"YAGMUR, MEHMET",02:59,0,0,1,0,0,0,0,0,0,0,1,0,0,0,1,2,0,-3,-6.0
2016,174,1,P004170   ,0.0,1.0,DAR,8,"BATUK, BIRKAN",20:15,0,0,0,0,2,0,0,0,2,2,1,1,1,0,0,3,0,-2,9.0
2016,174,1,P005838   ,1.0,1.0,DAR,11,"WANAMAKER, BRAD",37:07,12,2,5,1,7,5,6,1,3,4,11,3,3,0,0,2,7,22,11.0
2016,174,1,P004888   ,1.0,1.0,DAR,12,"CLYBURN, WILL",33:28,20,5,11,3,6,1,2,0,3,3,2,0,1,1,0,2,5,18,14.0
2016,174,1,P001833   ,0.0,1.0,DAR,18,"MOERMAN, ADRIEN",21:49,8,1,2,2,3,0,0,1,3,4,0,1,2,0,0,4,1,6,7.0
2016,174,1,P003328   ,1.0,0.0,DAR,19,"ALDEMIR, FURKAN",13:40,2,1,3,0,0,0,0,4,4,8,0,0,0,0,1,1,0,6,0.0
2016,174,1,PJPF      ,0.0,0.0,DAR,21,"SAVAS, OGUZ",DNP,0,0,0,0,0,0,0,0,0,0,0,0,0,0,0,0,0,0,0.0
2016,174,1,P005938   ,0.0,0.0,DAR,23,"ANDERSON, JAMES",14:48,8,1,2,2,5,0,0,0,1,1,0,0,1,0,0,0,0,4,-10.0
2016,174,1,P004554   ,1.0,0.0,DAR,41,"ZIZIC, ANTE",27:58,14,6,7,0,0,2,5,4,6,10,1,0,1,1,0,1,5,25,12.0
2016,174,1,P000436   ,1.0,0.0,DAR,45,"BERTANS, DAIRIS",27:51,8,2,4,0,4,4,4,1,0,1,0,0,2,0,0,1,4,4,0.0
2016,174,1,P004902   ,0.0,0.0,DAR,81,"HARANGODY, LUKE",00:05,0,0,0,0,0,0,0,0,0,0,0,0,0,0,0,0,0,0,-2.0
2016,174,1,Team,0.0,0.0,DAR,,Team,,0,0,0,0,0,0,0,0,3,3,0,0,0,0,0,0,0,3,
2016,174,1,Total,,,DAR,,Total,200:00,72,18,35,8,27,12,17,11,25,36,16,5,11,2,2,16,22,83,
2016,174,0,P006503   ,0.0,1.0,ULK,8,"UDOH, EKPE",28:38,14,6,9,0,0,2,2,3,2,5,1,1,4,2,0,4,1,13,-13.0
2016,174,0,P002969   ,0.0,0.0,ULK,10,"MAHMUTOGLU, MELIH",DNP,0,0,0,0,0,0,0,0,0,0,0,0,0,0,0,0,0,0,0.0
2016,174,0,PBAE      ,0.0,0.0,ULK,12,"ANTIC, PERO",08:32,3,0,0,1,2,0,0,0,0,0,0,0,0,0,0,1,1,2,-6.0
2016,174,0,P002821   ,1.0,1.0,ULK,13,"BOGDANOVIC, BOGDAN",35:48,18,6,8,1,8,3,3,1,3,4,2,1,1,0,0,3,3,15,2.0
2016,174,0,P007615   ,0.0,0.0,ULK,15,"BENNETT, ANTHONY",DNP,0,0,0,0,0,0,0,0,0,0,0,0,0,0,0,0,0,0,0.0
2016,174,0,P001926   ,0.0,0.0,ULK,16,"SLOUKAS, KOSTAS",09:47,0,0,3,0,1,0,0,0,1,1,1,0,1,0,0,2,2,-3,-9.0
2016,174,0,P007400   ,0.0,1.0,ULK,21,"NUNNALLY, JAMES",18:02,3,1,3,0,0,1,2,2,3,5,1,0,0,0,0,3,1,4,-16.0
2016,174,0,P000925   ,1.0,0.0,ULK,24,"VESELY, JAN",17:18,5,2,3,0,0,1,2,1,1,2,1,0,2,0,0,5,4,3,6.0
2016,174,0,P004866   ,1.0,1.0,ULK,33,"KALINIC, NIKOLA",21:36,6,2,4,0,2,2,2,0,0,0,1,2,1,0,0,1,1,4,6.0
2016,174,0,P001324   ,1.0,1.0,ULK,35,"DIXON, BOBBY",34:03,14,4,6,2,6,0,0,0,5,5,3,0,1,0,1,2,3,15,-4.0
2016,174,0,P006399   ,0.0,0.0,ULK,44,"DUVERIOGLU, AHMET",DNP,0,0,0,0,0,0,0,0,0,0,0,0,0,0,0,0,0,0,0.0
2016,174,0,PCCD      ,1.0,0.0,ULK,70,"DATOME, LUIGI",26:16,2,1,3,0,2,0,0,0,9,9,1,0,2,0,1,2,0,3,-1.0
2016,174,0,Team,0.0,0.0,ULK,,Team,,0,0,0,0,0,0,0,2,2,4,0,0,0,0,0,0,0,4,
2016,174,0,Total,,,ULK,,Total,200:00,65,22,39,4,21,9,11,9,26,35,11,4,12,2,2,23,16,60,
2016,175,1,P007759   ,0.0,0.0,BAR,1,"MUNFORD, XAVIER",09:07,2,1,3,0,0,0,0,1,1,2,0,0,4,0,0,1,0,-3,-15.0
2016,175,1,P003367   ,1.0,1.0,BAR,2,"RICE, TYRESE",30:53,8,1,4,2,8,0,0,0,1,1,7,1,2,0,0,2,3,7,8.0
2016,175,1,P000556   ,0.0,0.0,BAR,10,"CLAVER, VICTOR",14:48,3,1,2,0,0,1,2,2,3,5,0,1,0,0,0,2,3,8,-16.0
2016,175,1,PADI      ,0.0,0.0,BAR,11,"NAVARRO, JUAN CARLOS",14:15,5,1,3,1,5,0,0,0,0,0,2,0,0,0,0,2,1,0,-4.0
2016,175,1,P001215   ,0.0,0.0,BAR,13,"FAVERANI, VITOR",12:37,2,1,5,0,0,0,0,1,1,2,1,1,2,0,1,1,0,-2,-12.0
2016,175,1,P003469   ,1.0,1.0,BAR,14,"VEZENKOV, ALEKSANDAR",25:12,18,6,8,2,4,0,0,0,2,2,1,2,0,0,2,3,1,15,9.0
2016,175,1,P004588   ,0.0,0.0,BAR,16,"PENO, STEFAN",DNP,0,0,0,0,0,0,0,0,0,0,0,0,0,0,0,0,0,0,0.0
2016,175,1,P003151   ,0.0,0.0,BAR,20,"ERIKSSON, MARCUS",13:20,0,0,1,0,3,0,0,1,2,3,0,1,0,1,0,0,0,1,-13.0
2016,175,1,P006476   ,0.0,0.0,BAR,21,"DIAGNE, MOUSSA",DNP,0,0,0,0,0,0,0,0,0,0,0,0,0,0,0,0,0,0,0.0
2016,175,1,P004178   ,1.0,1.0,BAR,25,"KOPONEN, PETTERI",25:45,15,3,5,3,6,0,0,1,4,5,2,0,4,0,0,1,3,15,-3.0
2016,175,1,PKRH      ,1.0,1.0,BAR,33,"PERPEROGLOU, STRATOS",26:40,3,1,2,0,2,1,2,1,11,12,2,0,0,0,0,3,1,11,6.0
2016,175,1,P002507   ,1.0,1.0,BAR,44,"TOMIC, ANTE",27:23,6,2,8,0,0,2,5,7,4,11,3,1,2,1,1,1,5,14,5.0
2016,175,1,Team,0.0,0.0,BAR,,Team,,0,0,0,0,0,0,0,2,1,3,0,0,0,0,0,0,0,3,
2016,175,1,Total,,,BAR,,Total,200:00,62,17,41,8,28,4,9,16,30,46,18,7,14,2,4,16,17,69,
2016,175,0,PTFH      ,0.0,0.0,GAL,3,"PRELDZIC, EMIR",04:52,0,0,0,0,1,0,0,0,0,0,1,2,0,0,0,1,0,1,-1.0
2016,175,0,P000529   ,1.0,1.0,GAL,5,"MICOV, VLADIMIR",28:27,8,3,5,0,5,2,2,0,5,5,2,1,1,0,0,1,4,11,5.0
2016,175,0,P007595   ,1.0,0.0,GAL,6,"FITIPALDO, BRUNO",09:17,4,2,2,0,2,0,0,0,0,0,2,0,1,0,0,0,0,3,1.0
2016,175,0,P004119   ,0.0,1.0,GAL,7,"TYUS, ALEX",30:19,19,8,12,0,0,3,3,2,7,9,1,0,1,2,0,1,3,28,14.0
2016,175,0,P004300   ,0.0,0.0,GAL,8,"KORKMAZ, CAN",DNP,0,0,0,0,0,0,0,0,0,0,0,0,0,0,0,0,0,0,0.0
2016,175,0,P000357   ,1.0,1.0,GAL,10,"SCHILB, BLAKE",31:34,16,5,9,1,2,3,3,3,6,9,5,1,2,0,1,1,3,25,7.0
2016,175,0,P007355   ,0.0,0.0,GAL,14,"HACIYEVA, ORHAN",DNP,0,0,0,0,0,0,0,0,0,0,0,0,0,0,0,0,0,0,0.0
2016,175,0,PLHK      ,1.0,0.0,GAL,21,"PLEISS, TIBOR",09:41,2,1,3,0,0,0,0,1,1,2,1,0,0,1,0,2,0,2,-7.0
2016,175,0,P003472   ,0.0,0.0,GAL,25,"DAYE, AUSTIN",17:23,2,1,5,0,3,0,0,0,3,3,1,0,0,1,0,2,4,2,-1.0
2016,175,0,P000494   ,1.0,1.0,GAL,32,"GULER, SINAN",31:19,2,1,4,0,4,0,0,0,6,6,2,1,3,0,1,2,0,-2,5.0
2016,175,0,P004997   ,0.0,0.0,GAL,33,"DIEBLER, JON",26:08,14,1,3,4,4,0,0,0,1,1,2,2,0,0,0,4,2,15,21.0
2016,175,0,P002104   ,0.0,1.0,GAL,61,"KOKSAL, GOKSENIN",11:00,2,1,2,0,0,0,0,0,1,1,1,0,1,0,0,3,0,-1,-9.0
2016,175,0,Team,0.0,0.0,GAL,,Team,,0,0,0,0,0,0,0,1,0,1,0,0,0,0,0,0,0,1,
2016,175,0,Total,,,GAL,,Total,200:00,69,23,45,5,21,8,8,7,30,37,18,7,9,4,2,17,16,85,
2016,176,1,P005159   ,0.0,0.0,OLY,1,"GREEN, ERICK",18:38,3,0,2,1,1,0,0,0,1,1,0,1,0,0,1,3,1,0,3.0
2016,176,1,P007182   ,1.0,1.0,OLY,2,"BIRCH, KHEM",19:10,8,2,4,0,0,4,4,2,4,6,1,0,2,1,0,1,4,15,4.0
2016,176,1,PJUO      ,1.0,1.0,OLY,7,"SPANOULIS, VASSILIS",24:44,11,0,1,3,7,2,2,0,0,0,3,1,3,0,0,2,2,7,5.0
2016,176,1,P004223   ,0.0,0.0,OLY,9,"WATERS, DOMINIC",14:49,8,3,4,0,2,2,2,0,0,0,2,0,0,0,0,0,1,8,-3.0
2016,176,1,P004429   ,0.0,0.0,OLY,10,"AGRAVANIS, DIMITRIOS",11:36,0,0,0,0,2,0,0,1,2,3,0,0,0,0,0,2,0,-1,-1.0
2016,176,1,P003941   ,0.0,0.0,OLY,11,"MILUTINOV, NIKOLA",20:11,5,1,3,0,0,3,6,2,3,5,0,2,1,2,1,2,3,8,6.0
2016,176,1,PAMM      ,1.0,0.0,OLY,15,"PRINTEZIS, GEORGIOS",27:45,17,4,7,3,4,0,0,2,8,10,2,2,0,0,1,1,5,30,10.0
2016,176,1,P001255   ,1.0,1.0,OLY,16,"PAPANIKOLAOU, KOSTAS",18:59,7,0,1,1,2,4,6,1,2,3,2,0,0,1,1,1,3,10,2.0
2016,176,1,P003537   ,1.0,1.0,OLY,17,"MANTZARIS, VANGELIS",21:49,2,1,3,0,4,0,0,0,1,1,3,1,0,0,0,1,1,1,13.0
2016,176,1,P003608   ,0.0,1.0,OLY,24,"LOJESKI, MATT",22:19,12,3,6,2,3,0,0,0,3,3,2,2,1,0,1,3,2,12,6.0
2016,176,1,P004290   ,0.0,0.0,OLY,27,"ATHINAIOU, IOANNIS",DNP,0,0,0,0,0,0,0,0,0,0,0,0,0,0,0,0,0,0,0.0
2016,176,1,Team,0.0,0.0,OLY,,Team,,0,0,0,0,0,0,0,1,0,1,0,0,1,0,0,0,0,0,
2016,176,1,Total,,,OLY,,Total,200:00,73,14,31,10,25,15,20,9,24,33,15,9,8,4,5,16,22,90,
2016,176,0,P006433   ,1.0,0.0,ZAL,3,"PANGOS, KEVIN",16:30,6,0,5,2,2,0,0,1,0,1,1,1,0,0,2,3,1,0,-7.0
2016,176,0,P003210   ,0.0,1.0,ZAL,4,"LEKAVICIUS, LUKAS",23:25,11,3,6,1,3,2,3,1,1,2,5,1,2,0,0,2,1,10,1.0
2016,176,0,P004664   ,0.0,0.0,ZAL,6,"VALINSKAS, PAULIUS",DNP,0,0,0,0,0,0,0,0,0,0,0,0,0,0,0,0,0,0,0.0
2016,176,0,P002543   ,1.0,0.0,ZAL,9,"WESTERMANN, LEO",22:12,9,3,3,1,2,0,0,0,1,1,1,0,2,0,0,3,1,6,-8.0
2016,176,0,PKNO      ,0.0,0.0,ZAL,10,"SEIBUTIS, RENALDAS",12:58,2,1,1,0,1,0,1,0,0,0,0,1,1,0,0,0,1,1,0.0
2016,176,0,P006599   ,0.0,1.0,ZAL,12,"MOTUM, BROCK",26:16,7,1,3,1,3,2,2,0,5,5,2,0,1,0,0,2,1,8,-6.0
2016,176,0,PBWI      ,1.0,0.0,ZAL,13,"JANKUNAS, PAULIUS",17:55,10,4,6,0,0,2,2,2,3,5,0,1,1,2,0,2,5,18,-5.0
2016,176,0,PBVE      ,0.0,0.0,ZAL,15,"JAVTOKAS, ROBERTAS",DNP,0,0,0,0,0,0,0,0,0,0,0,0,0,0,0,0,0,0,0.0
2016,176,0,PKPD      ,1.0,1.0,ZAL,21,"MILAKNIS, ARTURAS",22:46,5,1,2,1,5,0,0,0,1,1,1,0,1,0,0,2,0,-1,-9.0
2016,176,0,P001098   ,1.0,1.0,ZAL,23,"LIMA, AUGUSTO",28:34,4,1,4,0,0,2,4,2,6,8,0,0,1,3,1,4,2,6,-7.0
2016,176,0,P000399   ,0.0,0.0,ZAL,44,"KAVALIAUSKAS, ANTANAS",07:02,4,2,4,0,0,0,0,1,0,1,0,0,0,0,1,2,0,0,0.0
2016,176,0,P002329   ,0.0,1.0,ZAL,92,"ULANOVAS, EDGARAS",22:22,6,1,3,0,1,4,4,0,5,5,3,0,2,0,0,2,4,11,-4.0
2016,176,0,Team,0.0,0.0,ZAL,,Team,,0,0,0,0,0,0,0,1,3,4,0,0,1,0,0,0,0,3,
2016,176,0,Total,,,ZAL,,Total,200:00,64,17,37,6,17,12,16,8,25,33,13,4,12,5,4,22,16,62,
2016,177,1,P006555   ,0.0,0.0,RED,0,"WOLTERS, NATE",10:23,2,1,4,0,0,0,0,0,2,2,2,1,1,0,0,0,0,3,5.0
2016,177,1,P003453   ,0.0,0.0,RED,2,"THOMPSON, DEON",17:17,10,4,7,0,0,2,3,4,2,6,1,1,0,1,0,1,5,19,-8.0
2016,177,1,P002553   ,1.0,0.0,RED,9,"MITROVIC, LUKA",10:44,0,0,2,0,0,0,0,1,1,2,1,0,1,0,0,0,0,0,-2.0
2016,177,1,PLUO      ,1.0,0.0,RED,10,"LAZIC, BRANKO",28:07,17,1,1,5,5,0,0,0,2,2,1,2,1,0,0,1,3,23,26.0
2016,177,1,P005618   ,0.0,1.0,RED,12,"SIMANIC, BORISA",00:49,0,0,0,0,0,0,0,0,0,0,0,0,0,0,0,0,0,0,0.0
2016,177,1,P004007   ,0.0,1.0,RED,13,"DOBRIC, OGNJEN",04:37,0,0,0,0,1,0,0,0,0,0,0,0,0,0,0,0,0,-1,-3.0
2016,177,1,PLRU      ,0.0,0.0,RED,19,"SIMONOVIC, MARKO",30:33,12,4,6,0,4,4,4,0,5,5,1,3,2,0,0,1,3,15,19.0
2016,177,1,P005014   ,1.0,1.0,RED,22,"JENKINS, CHARLES",27:12,11,2,9,2,3,1,2,0,3,3,3,3,0,0,1,3,4,11,18.0
2016,177,1,P004004   ,0.0,1.0,RED,23,"GUDURIC, MARKO",17:32,2,1,3,0,2,0,0,0,3,3,2,1,3,0,1,3,1,-2,-2.0
2016,177,1,P004863   ,1.0,0.0,RED,24,"JOVIC, STEFAN",30:03,6,3,5,0,2,0,0,0,1,1,8,3,4,0,0,3,0,7,15.0
2016,177,1,P003479   ,1.0,0.0,RED,32,"KUZMIC, OGNJEN",17:53,16,6,9,0,0,4,5,3,5,8,3,1,1,1,1,3,3,23,22.0
2016,177,1,PCHX      ,0.0,1.0,RED,51,"BJELICA, MILKO",04:50,1,0,0,0,0,1,2,0,0,0,0,0,1,1,0,0,1,1,5.0
2016,177,1,Team,0.0,0.0,RED,,Team,,0,0,0,0,0,0,0,3,0,3,0,0,0,0,0,0,0,3,
2016,177,1,Total,,,RED,,Total,200:00,77,22,46,7,17,12,16,11,24,35,22,15,14,3,3,15,20,102,
2016,177,0,PTFH      ,0.0,1.0,GAL,3,"PRELDZIC, EMIR",17:18,4,2,3,0,0,0,0,1,4,5,3,0,0,0,0,1,1,11,6.0
2016,177,0,P000529   ,1.0,0.0,GAL,5,"MICOV, VLADIMIR",22:42,11,1,2,2,4,3,4,0,2,2,1,2,0,0,0,1,3,14,-25.0
2016,177,0,P007595   ,0.0,1.0,GAL,6,"FITIPALDO, BRUNO",20:00,8,1,2,2,4,0,0,0,0,0,2,1,2,0,0,2,1,5,-8.0
2016,177,0,P004119   ,0.0,0.0,GAL,7,"TYUS, ALEX",12:31,1,0,0,0,0,1,2,0,2,2,1,2,1,1,0,0,2,7,0.0
2016,177,0,P004300   ,0.0,1.0,GAL,8,"KORKMAZ, CAN",11:05,5,0,1,1,1,2,2,0,0,0,1,0,1,0,0,1,2,5,3.0
2016,177,0,P000357   ,1.0,0.0,GAL,10,"SCHILB, BLAKE",16:56,2,1,1,0,2,0,0,1,2,3,1,0,3,0,0,2,0,-1,-8.0
2016,177,0,P005813   ,0.0,1.0,GAL,11,"ARAR, EGE",12:51,4,2,3,0,0,0,0,1,5,6,0,1,1,1,0,4,2,8,-2.0
2016,177,0,PLHK      ,1.0,0.0,GAL,21,"PLEISS, TIBOR",14:38,2,1,4,0,0,0,0,0,2,2,3,0,1,1,1,1,0,2,-17.0
2016,177,0,P003472   ,0.0,1.0,GAL,25,"DAYE, AUSTIN",21:55,8,4,6,0,1,0,0,0,3,3,2,1,3,0,0,4,1,5,2.0
2016,177,0,P000494   ,1.0,0.0,GAL,32,"GULER, SINAN",20:32,8,1,3,2,3,0,0,0,1,1,2,1,5,0,1,2,0,1,-16.0
2016,177,0,P004997   ,0.0,0.0,GAL,33,"DIEBLER, JON",12:19,0,0,1,0,2,0,0,0,0,0,2,0,2,0,0,0,0,-3,-20.0
2016,177,0,P002104   ,1.0,0.0,GAL,61,"KOKSAL, GOKSENIN",17:13,5,1,4,1,1,0,1,0,0,0,0,1,2,0,1,2,3,0,-10.0
2016,177,0,Team,0.0,0.0,GAL,,Team,,0,0,0,0,0,0,0,0,3,3,0,0,2,0,0,0,0,1,
2016,177,0,Total,,,GAL,,Total,200:00,58,14,30,8,18,6,9,3,24,27,18,9,23,3,3,20,15,55,
2016,178,1,P002100   ,1.0,1.0,CSK,1,"DE COLO, NANDO",29:04,29,7,10,2,5,9,9,0,1,1,3,1,1,0,0,0,8,35,7.0
2016,178,1,PJDR      ,0.0,0.0,CSK,4,"TEODOSIC, MILOS",20:50,11,0,0,3,7,2,2,0,4,4,8,0,3,0,0,1,3,18,12.0
2016,178,1,P001438   ,0.0,1.0,CSK,5,"AUGUSTINE, JAMES",17:13,9,3,5,0,0,3,6,3,4,7,0,0,1,2,0,2,3,13,7.0
2016,178,1,PLLH      ,0.0,1.0,CSK,7,"FRIDZON, VITALY",22:14,7,3,3,0,2,1,1,3,2,5,1,1,0,1,0,3,1,11,-5.0
2016,178,1,P003413   ,1.0,0.0,CSK,9,"JACKSON, AARON",18:34,3,0,1,1,1,0,0,1,1,2,2,0,2,0,0,0,0,4,2.0
2016,178,1,P004941   ,0.0,0.0,CSK,11,"ANTONOV, SEMEN",03:09,2,1,2,0,0,0,0,0,0,0,0,0,0,0,0,1,0,0,-11.0
2016,178,1,PLOO      ,0.0,0.0,CSK,19,"FREELAND, JOEL",02:33,0,0,1,0,0,0,0,0,0,0,0,0,0,0,0,1,0,-2,-9.0
2016,178,1,PLHI      ,0.0,0.0,CSK,20,"VORONTSEVICH, ANDREY",14:25,0,0,2,0,5,0,0,0,2,2,0,0,0,0,0,2,0,-7,3.0
2016,178,1,P006450   ,0.0,1.0,CSK,22,"HIGGINS, CORY",13:12,5,2,4,0,2,1,1,0,0,0,2,0,1,0,1,1,3,3,4.0
2016,178,1,PBCQ      ,1.0,0.0,CSK,31,"KHRYAPA, VICTOR",15:56,3,0,2,1,2,0,0,1,4,5,4,1,1,1,0,2,1,9,15.0
2016,178,1,PJLX      ,1.0,1.0,CSK,41,"KURBANOV, NIKITA",22:36,10,2,8,1,2,3,3,0,4,4,1,3,0,0,2,2,2,9,21.0
2016,178,1,P002812   ,1.0,0.0,CSK,42,"HINES, KYLE",20:14,14,4,7,0,0,6,8,8,2,10,0,2,3,0,0,4,4,18,14.0
2016,178,1,Team,0.0,0.0,CSK,,Team,,0,0,0,0,0,0,0,2,3,5,0,0,0,0,0,0,0,5,
2016,178,1,Total,,,CSK,,Total,200:00,93,22,45,8,26,25,30,18,27,45,21,8,12,4,3,19,25,116,
2016,178,0,P004903   ,0.0,0.0,TEL,0,"GOUDELOCK, ANDREW",DNP,0,0,0,0,0,0,0,0,0,0,0,0,0,0,0,0,0,0,0.0
2016,178,0,P006536   ,1.0,0.0,TEL,3,"RUDD, VICTOR",27:23,14,4,7,1,3,3,6,0,5,5,1,0,2,1,1,2,4,12,-15.0
2016,178,0,P004862   ,1.0,0.0,TEL,4,"SEELEY, D.J.",14:27,0,0,1,0,2,0,0,0,0,0,0,0,1,0,0,4,0,-8,-16.0
2016,178,0,P001274   ,1.0,0.0,TEL,6,"SMITH, DEVIN",27:11,11,4,12,0,3,3,3,4,5,9,0,0,0,0,2,0,2,9,-22.0
2016,178,0,PKJP      ,1.0,1.0,TEL,9,"MEKEL, GAL",23:29,2,1,3,0,1,0,0,0,4,4,7,1,3,0,0,0,1,9,-13.0
2016,178,0,PLKX      ,0.0,1.0,TEL,10,"PNINI, GUY",23:04,5,0,0,1,3,2,3,0,3,3,5,0,2,0,0,3,2,7,6.0
2016,178,0,P004161   ,0.0,0.0,TEL,11,"SEGEV, ITAY",16:34,10,4,4,0,0,2,3,2,2,4,1,0,0,1,0,5,2,12,6.0
2016,178,0,P000622   ,0.0,1.0,TEL,12,"OHAYON, YOGEV",21:59,8,1,5,2,2,0,0,0,4,4,5,2,3,0,0,4,1,9,3.0
2016,178,0,P004160   ,0.0,1.0,TEL,15,"LANDESBERG, SYLVEN",23:50,19,4,9,2,3,5,9,0,0,0,2,0,2,0,1,4,5,9,3.0
2016,178,0,P006781   ,0.0,0.0,TEL,18,"BEN HARUSH, IDDO",DNP,0,0,0,0,0,0,0,0,0,0,0,0,0,0,0,0,0,0,0.0
2016,178,0,P005154   ,1.0,1.0,TEL,24,"IVERSON, COLTON",22:03,12,6,6,0,0,0,0,1,3,4,1,3,2,1,0,3,2,18,-12.0
2016,178,0,Team,0.0,0.0,TEL,,Team,,0,0,0,0,0,0,0,2,0,2,0,0,0,0,0,0,0,2,
2016,178,0,Total,,,TEL,,Total,200:00,81,24,47,6,17,15,24,9,26,35,22,6,15,3,4,25,19,79,
2016,179,1,P004418   ,0.0,0.0,MIL,1,"MCLEAN, JAMEL",23:52,8,3,5,0,0,2,2,2,1,3,1,1,1,0,0,4,2,8,-1.0
2016,179,1,P004499   ,0.0,0.0,MIL,2,"FONTECCHIO, SIMONE",21:44,6,0,1,2,3,0,0,1,0,1,3,1,1,0,0,5,0,3,12.0
2016,179,1,P004159   ,1.0,0.0,MIL,7,"HICKMAN, RICKY",15:11,5,1,2,1,3,0,0,0,0,0,0,0,2,0,0,0,2,2,-13.0
2016,179,1,PJBX      ,0.0,0.0,MIL,9,"KALNIETIS, MANTAS",18:39,10,2,4,2,6,0,0,0,3,3,6,1,1,0,1,2,1,11,3.0
2016,179,1,PJDU      ,1.0,0.0,MIL,11,"RADULJICA, MIROSLAV",09:54,4,1,2,0,0,2,2,1,1,2,0,0,1,0,0,0,2,6,-15.0
2016,179,1,P003514   ,0.0,1.0,MIL,12,"DRAGIC, ZORAN",05:16,3,0,2,0,2,3,4,0,0,0,0,0,1,0,0,0,2,-1,-8.0
2016,179,1,PJEA      ,1.0,1.0,MIL,13,"MACVAN, MILAN",20:11,10,2,3,2,4,0,0,1,3,4,1,2,2,0,0,0,3,15,4.0
2016,179,1,P006385   ,0.0,1.0,MIL,14,"PASCOLO, DAVIDE",15:16,5,2,2,0,1,1,1,2,0,2,0,0,1,0,0,4,1,2,18.0
2016,179,1,PKIW      ,1.0,1.0,MIL,20,"CINCIARINI, ANDREA",26:43,11,3,6,0,0,5,7,2,3,5,4,1,2,1,0,3,5,17,-9.0
2016,179,1,P005001   ,1.0,0.0,MIL,21,"SANDERS, RAKIM",16:58,2,1,3,0,2,0,0,0,0,0,2,1,2,0,1,0,1,-1,-22.0
2016,179,1,P003527   ,0.0,1.0,MIL,23,"ABASS, AWUDU",26:16,14,4,7,2,4,0,2,0,4,4,0,2,0,0,0,4,3,12,6.0
2016,179,1,P002081   ,0.0,0.0,MIL,30,"CERELLA, BRUNO",DNP,0,0,0,0,0,0,0,0,0,0,0,0,0,0,0,0,0,0,0.0
2016,179,1,Team,0.0,0.0,MIL,,Team,,0,0,0,0,0,0,0,3,0,3,0,0,0,0,0,0,0,3,
2016,179,1,Total,,,MIL,,Total,200:00,78,19,37,9,25,13,18,12,15,27,17,9,14,1,2,22,22,77,
2016,179,0,P007759   ,0.0,0.0,BAR,1,"MUNFORD, XAVIER",10:00,0,0,0,0,0,0,0,0,2,2,1,0,3,0,0,0,1,1,-4.0
2016,179,0,P003367   ,1.0,1.0,BAR,2,"RICE, TYRESE",26:27,10,1,2,1,4,5,6,0,0,0,6,2,2,0,1,3,7,14,5.0
2016,179,0,P000556   ,0.0,1.0,BAR,10,"CLAVER, VICTOR",15:49,0,0,1,0,2,0,0,0,3,3,1,0,1,1,0,1,1,1,4.0
2016,179,0,P001215   ,0.0,0.0,BAR,13,"FAVERANI, VITOR",14:49,9,4,5,0,0,1,2,0,1,1,0,1,2,1,0,2,3,9,-15.0
2016,179,0,P003469   ,1.0,1.0,BAR,14,"VEZENKOV, ALEKSANDAR",30:15,13,3,3,2,5,1,1,1,4,5,5,3,3,0,0,3,3,20,11.0
2016,179,0,P005713   ,0.0,0.0,BAR,17,"KURUCS, RODIONS",DNP,0,0,0,0,0,0,0,0,0,0,0,0,0,0,0,0,0,0,0.0
2016,179,0,P003151   ,1.0,0.0,BAR,20,"ERIKSSON, MARCUS",16:15,5,1,1,1,2,0,0,1,0,1,0,0,1,0,0,2,2,4,-11.0
2016,179,0,P006476   ,0.0,0.0,BAR,21,"DIAGNE, MOUSSA",DNP,0,0,0,0,0,0,0,0,0,0,0,0,0,0,0,0,0,0,0.0
2016,179,0,P001972   ,0.0,1.0,BAR,24,"OLESON, BRAD",18:24,4,0,1,1,1,1,2,0,0,0,1,0,2,0,0,1,1,1,6.0
2016,179,0,P004178   ,0.0,0.0,BAR,25,"KOPONEN, PETTERI",19:00,16,2,2,3,6,3,3,0,2,2,0,0,2,0,0,2,2,13,0.0
2016,179,0,P005945   ,1.0,1.0,BAR,32,"RENFROE, ALEX",24:08,7,1,2,1,4,2,2,0,3,3,4,1,2,0,0,4,1,6,10.0
2016,179,0,P002507   ,1.0,0.0,BAR,44,"TOMIC, ANTE",24:53,19,9,12,0,0,1,1,4,5,9,1,1,0,0,0,4,1,24,19.0
2016,179,0,Team,0.0,0.0,BAR,,Team,,0,0,0,0,0,0,0,1,4,5,0,0,2,0,0,0,0,3,
2016,179,0,Total,,,BAR,,Total,200:00,83,21,29,9,24,14,17,7,24,31,19,8,20,2,1,22,22,96,
2016,180,1,P006503   ,0.0,1.0,ULK,8,"UDOH, EKPE",30:56,6,2,5,0,0,2,4,2,4,6,0,1,1,5,0,3,5,14,14.0
2016,180,1,P002969   ,0.0,0.0,ULK,10,"MAHMUTOGLU, MELIH",DNP,0,0,0,0,0,0,0,0,0,0,0,0,0,0,0,0,0,0,0.0
2016,180,1,PBAE      ,1.0,0.0,ULK,12,"ANTIC, PERO",12:26,0,0,0,0,2,0,0,1,0,1,1,0,0,0,0,1,1,0,-10.0
2016,180,1,P002821   ,1.0,1.0,ULK,13,"BOGDANOVIC, BOGDAN",33:52,27,5,8,3,5,8,9,0,3,3,4,1,2,0,1,3,6,29,6.0
2016,180,1,P007615   ,0.0,0.0,ULK,15,"BENNETT, ANTHONY",07:42,0,0,0,0,1,0,0,0,1,1,0,0,0,0,0,0,0,0,-8.0
2016,180,1,P001926   ,0.0,1.0,ULK,16,"SLOUKAS, KOSTAS",11:53,0,0,5,0,0,0,0,0,0,0,1,1,1,0,1,0,0,-5,7.0
2016,180,1,P007400   ,0.0,0.0,ULK,21,"NUNNALLY, JAMES",06:30,0,0,2,0,0,0,0,0,0,0,1,0,0,0,0,0,1,0,-8.0
2016,180,1,P000925   ,1.0,0.0,ULK,24,"VESELY, JAN",18:23,5,1,2,0,2,3,4,1,4,5,1,0,0,0,0,3,2,6,0.0
2016,180,1,P004866   ,0.0,0.0,ULK,33,"KALINIC, NIKOLA",19:01,4,1,1,0,2,2,2,0,3,3,2,0,1,0,0,3,2,5,8.0
2016,180,1,P001324   ,1.0,1.0,ULK,35,"DIXON, BOBBY",26:49,8,1,7,2,8,0,0,3,4,7,3,2,1,0,2,2,1,4,1.0
2016,180,1,P006399   ,0.0,0.0,ULK,44,"DUVERIOGLU, AHMET",DNP,0,0,0,0,0,0,0,0,0,0,0,0,0,0,0,0,0,0,0.0
2016,180,1,PCCD      ,1.0,1.0,ULK,70,"DATOME, LUIGI",32:28,17,3,5,3,7,2,2,2,4,6,0,2,1,0,0,4,2,16,5.0
2016,180,1,Team,0.0,0.0,ULK,,Team,,0,0,0,0,0,0,0,5,1,6,0,0,2,0,0,0,0,4,
2016,180,1,Total,,,ULK,,Total,200:00,67,13,35,8,27,17,21,14,24,38,13,7,9,5,4,19,20,73,
2016,180,0,P005159   ,1.0,1.0,OLY,1,"GREEN, ERICK",30:49,17,6,9,1,4,2,2,0,1,1,1,1,0,0,1,1,3,15,5.0
2016,180,0,P007182   ,1.0,0.0,OLY,2,"BIRCH, KHEM",23:39,5,2,2,0,0,1,2,0,1,1,1,1,1,1,0,2,3,8,-5.0
2016,180,0,P004292   ,0.0,0.0,OLY,5,"TOLIOPOULOS, VASSILIS",DNP,0,0,0,0,0,0,0,0,0,0,0,0,0,0,0,0,0,0,0.0
2016,180,0,P005161   ,0.0,1.0,OLY,6,"PAPAPETROU, IOANNIS",10:51,2,1,3,0,1,0,0,1,0,1,0,0,0,0,0,4,0,-4,7.0
2016,180,0,P004223   ,0.0,0.0,OLY,9,"WATERS, DOMINIC",08:49,4,2,3,0,0,0,0,0,1,1,0,0,1,0,1,2,1,1,-1.0
2016,180,0,P004429   ,0.0,0.0,OLY,10,"AGRAVANIS, DIMITRIOS",02:26,1,0,0,0,0,1,2,0,0,0,0,0,1,0,0,1,1,-1,-4.0
2016,180,0,P003941   ,0.0,0.0,OLY,11,"MILUTINOV, NIKOLA",12:21,2,1,1,0,0,0,0,1,1,2,3,0,0,2,0,3,0,6,4.0
2016,180,0,PAMM      ,1.0,1.0,OLY,15,"PRINTEZIS, GEORGIOS",30:10,10,2,7,1,3,3,4,0,7,7,0,0,0,0,1,2,6,12,-10.0
2016,180,0,P001255   ,1.0,1.0,OLY,16,"PAPANIKOLAOU, KOSTAS",29:21,13,1,1,3,6,2,2,0,8,8,0,2,4,0,0,2,2,16,-7.0
2016,180,0,P003537   ,1.0,0.0,OLY,17,"MANTZARIS, VANGELIS",28:27,6,0,1,2,7,0,0,1,1,2,6,0,4,0,0,2,1,3,0.0
2016,180,0,P003608   ,0.0,1.0,OLY,24,"LOJESKI, MATT",23:07,4,0,2,1,3,1,2,1,2,3,3,1,1,1,2,1,2,5,-4.0
2016,180,0,P004290   ,0.0,0.0,OLY,27,"ATHINAIOU, IOANNIS",DNP,0,0,0,0,0,0,0,0,0,0,0,0,0,0,0,0,0,0,0.0
2016,180,0,Team,0.0,0.0,OLY,,Team,,0,0,0,0,0,0,0,2,3,5,0,0,0,0,0,0,0,5,
2016,180,0,Total,,,OLY,,Total,200:00,64,15,29,8,24,10,14,6,25,31,14,5,12,4,5,20,19,66,
2016,181,1,P005094   ,0.0,1.0,IST,1,"THOMAS, DESHAUN",09:58,9,0,0,3,7,0,0,0,0,0,1,1,0,0,0,1,1,7,4.0
2016,181,1,P005800   ,0.0,1.0,IST,2,"HONEYCUTT, TYLER",25:01,16,5,6,2,6,0,2,3,2,5,1,1,1,0,1,1,1,14,9.0
2016,181,1,P003521   ,0.0,0.0,IST,4,"BALBAY, DOGUS",02:50,0,0,0,0,0,0,0,1,0,1,0,0,0,0,0,3,0,-2,2.0
2016,181,1,P004425   ,1.0,1.0,IST,5,"BROWN, DERRICK",32:25,12,2,4,2,4,2,2,1,4,5,4,0,2,0,0,0,2,17,8.0
2016,181,1,P004088   ,1.0,0.0,IST,6,"OSMAN, CEDI",14:59,3,0,1,1,2,0,0,1,2,3,2,0,0,0,0,2,0,4,2.0
2016,181,1,P007122   ,0.0,0.0,IST,9,"GEYIK, SAMET",DNP,0,0,0,0,0,0,0,0,0,0,0,0,0,0,0,0,0,0,0.0
2016,181,1,P003024   ,1.0,0.0,IST,15,"GRANGER, JAYSON",15:02,0,0,1,0,3,0,0,0,2,2,2,1,2,0,0,1,1,-1,-2.0
2016,181,1,PKLT      ,0.0,1.0,IST,31,"HEURTEL, THOMAS",26:42,21,8,13,0,2,5,6,0,2,2,11,0,1,0,0,3,2,24,12.0
2016,181,1,PLQV      ,0.0,0.0,IST,32,"MUTAF, MAXIM",13:34,6,0,1,2,3,0,0,0,1,1,0,0,0,0,0,3,0,2,10.0
2016,181,1,P004945   ,1.0,1.0,IST,33,"PAUL, BRANDON",21:52,14,0,3,4,7,2,2,1,1,2,1,1,1,0,1,3,4,11,0.0
2016,181,1,P003048   ,1.0,0.0,IST,42,"DUNSTON, BRYANT",33:28,15,5,6,0,0,5,9,1,6,7,2,0,0,5,0,2,8,30,8.0
2016,181,1,P007616   ,0.0,0.0,IST,53,"KIRK, ALEX",04:09,0,0,1,0,0,0,0,1,0,1,2,0,0,0,0,0,0,2,2.0
2016,181,1,Team,0.0,0.0,IST,,Team,,0,0,0,0,0,0,0,3,2,5,0,0,1,0,0,0,0,4,
2016,181,1,Total,,,IST,,Total,200:00,96,20,36,14,34,14,21,12,22,34,26,4,8,5,2,19,19,112,
2016,181,0,P007200   ,1.0,0.0,BAS,0,"LARKIN, SHANE",30:25,7,1,5,0,1,5,6,0,4,4,6,0,2,0,2,1,7,13,-8.0
2016,181,0,PBWZ      ,0.0,0.0,BAS,1,"BARGNANI, ANDREA",18:09,4,2,5,0,1,0,0,0,4,4,2,0,2,0,0,3,1,2,-14.0
2016,181,0,P007201   ,1.0,1.0,BAS,7,"VOIGTMANN, JOHANNES",26:53,10,5,5,0,0,0,0,5,8,13,3,0,3,0,0,2,0,21,-4.0
2016,181,0,P005099   ,1.0,0.0,BAS,8,"HANGA, ADAM",33:32,20,4,6,3,6,3,4,0,4,4,3,2,0,1,1,0,5,28,-9.0
2016,181,0,P007230   ,0.0,0.0,BAS,9,"SEDEKERSKIS, TADAS",DNP,0,0,0,0,0,0,0,0,0,0,0,0,0,0,0,0,0,0,0.0
2016,181,0,P006590   ,1.0,1.0,BAS,10,"BEAUBOIS, RODRIGUE",28:34,23,4,6,5,10,0,0,0,2,2,0,0,3,1,0,2,2,16,-2.0
2016,181,0,P003452   ,0.0,0.0,BAS,11,"BLAZIC, JAKA",02:06,0,0,0,0,0,0,0,0,0,0,0,0,0,0,0,1,0,-1,0.0
2016,181,0,P003540   ,1.0,0.0,BAS,12,"DIOP, ILIMANE",05:39,2,1,1,0,0,0,0,0,0,0,0,0,1,0,0,5,3,-1,5.0
2016,181,0,P002744   ,0.0,1.0,BAS,14,"TILLIE, KIM",29:19,15,6,9,1,4,0,0,2,2,4,1,1,3,0,1,4,0,7,-9.0
2016,181,0,P006435   ,0.0,0.0,BAS,15,"LAPROVITTOLA, NICOLAS",01:30,0,0,1,0,0,0,0,0,0,0,0,0,0,0,0,0,0,-1,-6.0
2016,181,0,P007427   ,0.0,1.0,BAS,34,"BUDINGER, CHASE",15:48,4,1,1,0,1,2,2,0,0,0,1,0,0,0,0,1,1,4,-11.0
2016,181,0,P001633   ,0.0,1.0,BAS,55,"LUZ, RAFA",08:05,0,0,2,0,0,0,0,2,0,2,3,1,0,0,1,1,0,2,3.0
2016,181,0,Team,0.0,0.0,BAS,,Team,,0,0,0,0,0,0,0,1,1,2,0,0,0,0,0,0,0,2,
2016,181,0,Total,,,BAS,,Total,200:00,85,24,41,9,23,10,12,10,25,35,19,4,14,2,5,20,19,92,
2016,182,1,P001392   ,1.0,1.0,BAM,1,"CAUSEUR, FABIEN",22:01,4,1,2,0,2,2,2,0,1,1,1,0,1,0,0,3,2,1,-22.0
2016,182,1,P002849   ,1.0,1.0,BAM,4,"MELLI, NICOLO",24:14,17,6,9,1,3,2,3,2,4,6,1,0,3,0,0,3,5,17,0.0
2016,182,1,PABN      ,1.0,1.0,BAM,6,"ZISIS, NIKOS",28:07,5,1,4,1,5,0,0,0,3,3,5,3,1,0,1,4,3,6,2.0
2016,182,1,P003703   ,0.0,0.0,BAM,7,"NIKOLIC, ALEKSEJ",11:56,9,3,3,0,2,3,3,0,0,0,2,2,1,0,0,3,3,10,-4.0
2016,182,1,P004132   ,0.0,1.0,BAM,10,"THEIS, DANIEL",27:26,17,6,9,1,1,2,3,4,2,6,2,0,0,0,1,3,3,20,-12.0
2016,182,1,P007032   ,0.0,0.0,BAM,12,"LO, MAODO",04:00,2,1,2,0,0,0,0,0,0,0,1,0,0,0,0,1,0,1,1.0
2016,182,1,PLLM      ,0.0,0.0,BAM,14,"VEREMEENKO, VLADIMIR",03:53,4,1,1,0,0,2,2,0,0,0,0,0,0,0,0,0,1,5,-4.0
2016,182,1,P006421   ,1.0,1.0,BAM,21,"MILLER, DARIUS",33:54,15,2,4,3,7,2,2,0,2,2,3,3,1,0,0,4,1,13,-5.0
2016,182,1,P006338   ,0.0,0.0,BAM,22,"McNEAL, JEREL",22:18,3,0,0,1,5,0,0,1,0,1,1,1,1,0,1,3,2,-1,6.0
2016,182,1,P004512   ,0.0,0.0,BAM,25,"KRATZER, LEON",DNP,0,0,0,0,0,0,0,0,0,0,0,0,0,0,0,0,0,0,0.0
2016,182,1,P006420   ,0.0,0.0,BAM,33,"HECKMANN, PATRICK",DNP,0,0,0,0,0,0,0,0,0,0,0,0,0,0,0,0,0,0,0.0
2016,182,1,PLEM      ,1.0,0.0,BAM,43,"RADOSEVIC, LEON",22:11,10,5,7,0,0,0,0,3,4,7,1,1,0,0,0,1,1,17,13.0
2016,182,1,Team,0.0,0.0,BAM,,Team,,0,0,0,0,0,0,0,1,0,1,0,0,1,0,0,0,0,0,
2016,182,1,Total,,,BAM,,Total,200:00,86,26,41,7,25,13,15,11,16,27,17,10,9,0,3,25,21,89,
2016,182,0,P006433   ,1.0,0.0,ZAL,3,"PANGOS, KEVIN",17:11,8,1,2,2,4,0,0,0,1,1,5,0,1,0,0,2,2,10,4.0
2016,182,0,P003210   ,0.0,0.0,ZAL,4,"LEKAVICIUS, LUKAS",21:37,29,6,7,5,5,2,2,0,3,3,3,0,4,0,0,3,5,32,1.0
2016,182,0,P004664   ,0.0,0.0,ZAL,6,"VALINSKAS, PAULIUS",DNP,0,0,0,0,0,0,0,0,0,0,0,0,0,0,0,0,0,0,0.0
2016,182,0,P002543   ,1.0,1.0,ZAL,9,"WESTERMANN, LEO",28:13,3,1,3,0,2,1,1,0,1,1,6,0,0,1,0,1,0,6,6.0
2016,182,0,PKNO      ,0.0,1.0,ZAL,10,"SEIBUTIS, RENALDAS",06:48,2,1,1,0,0,0,0,0,0,0,0,0,0,1,0,1,0,2,-3.0
2016,182,0,P006599   ,0.0,1.0,ZAL,12,"MOTUM, BROCK",21:40,6,1,2,1,2,1,2,1,2,3,1,0,1,0,0,2,1,5,-4.0
2016,182,0,PBWI      ,1.0,0.0,ZAL,13,"JANKUNAS, PAULIUS",28:56,24,3,5,4,6,6,6,1,5,6,2,0,1,0,0,2,7,32,8.0
2016,182,0,PKPD      ,0.0,0.0,ZAL,21,"MILAKNIS, ARTURAS",13:39,0,0,0,0,2,0,0,0,0,0,0,0,0,0,0,3,0,-5,-2.0
2016,182,0,P001098   ,1.0,1.0,ZAL,23,"LIMA, AUGUSTO",15:40,2,1,3,0,0,0,0,3,2,5,0,1,1,0,0,4,2,3,-1.0
2016,182,0,P000399   ,0.0,0.0,ZAL,44,"KAVALIAUSKAS, ANTANAS",13:33,6,2,2,0,0,2,2,0,1,1,1,0,1,0,0,2,2,7,4.0
2016,182,0,P005846   ,0.0,0.0,ZAL,55,"HARTENSTEIN, ISAIAH",DNP,0,0,0,0,0,0,0,0,0,0,0,0,0,0,0,0,0,0,0.0
2016,182,0,P002329   ,1.0,1.0,ZAL,92,"ULANOVAS, EDGARAS",32:43,11,1,3,1,2,6,6,1,4,5,1,0,3,1,0,1,6,17,12.0
2016,182,0,Team,0.0,0.0,ZAL,,Team,,0,0,0,0,0,0,0,0,2,2,0,0,1,0,0,0,0,1,
2016,182,0,Total,,,ZAL,,Total,200:00,91,17,28,13,23,18,19,6,21,27,19,1,13,3,0,21,25,110,
2016,183,1,P006614   ,1.0,1.0,PAN,0,"SINGLETON, CHRIS",34:02,14,2,4,3,4,1,4,1,7,8,1,1,0,1,0,2,4,21,5.0
2016,183,1,P003482   ,0.0,0.0,PAN,2,"NICHOLS, DEMETRIS",07:20,0,0,0,0,1,0,0,1,0,1,0,1,0,0,0,1,0,0,-6.0
2016,183,1,P002429   ,0.0,1.0,PAN,3,"RIVERS, K.C.",22:11,13,2,4,3,6,0,0,1,0,1,2,0,2,0,0,4,3,8,0.0
2016,183,1,P005985   ,0.0,1.0,PAN,5,"JAMES, MIKE",20:19,8,1,3,2,5,0,0,0,0,0,3,0,1,0,0,1,2,6,-7.0
2016,183,1,PBEZ      ,0.0,0.0,PAN,9,"FOTSIS, ANTONIS",DNP,0,0,0,0,0,0,0,0,0,0,0,0,0,0,0,0,0,0,0.0
2016,183,1,P000464   ,0.0,0.0,PAN,11,"PAPPAS, NIKOS",14:21,4,2,2,0,0,0,1,2,0,2,1,0,1,0,0,4,1,2,0.0
2016,183,1,P005918   ,1.0,0.0,PAN,12,"FELDEINE, JAMES",15:52,4,2,5,0,1,0,0,0,0,0,1,1,0,0,0,1,2,3,3.0
2016,183,1,P004218   ,0.0,0.0,PAN,15,"CHARALAMPOPOULOS, VASILIS",DNP,0,0,0,0,0,0,0,0,0,0,0,0,0,0,0,0,0,0,0.0
2016,183,1,P005881   ,1.0,0.0,PAN,21,"GABRIEL, KENNY",17:49,10,2,2,2,7,0,0,1,3,4,0,1,0,2,0,1,0,11,1.0
2016,183,1,P000880   ,1.0,0.0,PAN,25,"GENTILE, ALESSANDRO",20:36,10,5,7,0,1,0,1,2,1,3,0,0,1,0,0,3,1,6,1.0
2016,183,1,PAQU      ,0.0,1.0,PAN,29,"BOUROUSIS, IOANNIS",20:41,15,2,3,1,1,8,10,3,3,6,1,1,2,0,0,3,8,23,1.0
2016,183,1,P001932   ,1.0,1.0,PAN,33,"CALATHES, NICK",26:49,5,1,5,1,3,0,2,0,4,4,6,0,0,0,0,2,1,6,7.0
2016,183,1,Team,0.0,0.0,PAN,,Team,,0,0,0,0,0,0,0,1,3,4,0,0,0,0,0,0,0,4,
2016,183,1,Total,,,PAN,,Total,200:00,83,19,35,12,29,9,18,12,21,33,15,5,7,3,0,22,22,90,
2016,183,0,P002026   ,0.0,0.0,UNK,2,"ANTIPOV, PAVEL",19:01,11,1,1,3,5,0,0,3,1,4,0,1,0,0,0,3,0,11,3.0
2016,183,0,P007050   ,1.0,1.0,UNK,4,"CLARKE, COTY",27:01,6,1,3,1,2,1,2,0,4,4,1,0,0,0,1,2,1,5,-2.0
2016,183,0,P001887   ,1.0,1.0,UNK,5,"LANGFORD, KEITH",37:32,21,6,11,1,4,6,10,0,4,4,7,2,4,0,0,2,11,27,4.0
2016,183,0,P006668   ,0.0,0.0,UNK,6,"STOLL, PAUL",14:07,0,0,0,0,0,0,0,0,1,1,3,0,0,0,0,3,1,2,9.0
2016,183,0,P003034   ,0.0,0.0,UNK,9,"PARAKHOUSKI, ARTSIOM",11:03,6,3,5,0,0,0,0,1,3,4,0,0,0,0,1,4,0,3,4.0
2016,183,0,P006533   ,1.0,0.0,UNK,10,"COLOM, QUINO",25:45,17,2,4,3,3,4,5,0,3,3,3,0,2,0,0,1,2,19,-7.0
2016,183,0,P006360   ,0.0,0.0,UNK,12,"KLIMENKO, ARTEM",DNP,0,0,0,0,0,0,0,0,0,0,0,0,0,0,0,0,0,0,0.0
2016,183,0,PATS      ,1.0,0.0,UNK,13,"BANIC, MARKO",12:39,0,0,2,0,0,0,0,0,0,0,0,0,0,0,0,0,0,-2,-5.0
2016,183,0,P001389   ,0.0,1.0,UNK,18,"VORONOV, EVGENY",11:32,0,0,0,0,1,0,0,0,0,0,0,0,0,0,0,3,0,-4,1.0
2016,183,0,PLSK      ,0.0,0.0,UNK,20,"PANIN, VADIM",DNP,0,0,0,0,0,0,0,0,0,0,0,0,0,0,0,0,0,0,0.0
2016,183,0,P004259   ,1.0,1.0,UNK,22,"WILLIAMS, LATAVIOUS",28:57,13,5,9,0,0,3,4,1,8,9,3,0,3,0,1,3,3,16,-5.0
2016,183,0,P000956   ,0.0,1.0,UNK,31,"ANDUSIC, DANILO",12:23,8,1,1,1,3,3,4,0,1,1,0,0,0,0,0,1,3,8,-7.0
2016,183,0,Team,0.0,0.0,UNK,,Team,,0,0,0,0,0,0,0,3,1,4,0,0,1,0,0,0,0,3,
2016,183,0,Total,,,UNK,,Total,200:00,82,19,36,9,18,17,25,8,26,34,17,3,10,0,3,22,21,88,
2016,184,1,P005757   ,1.0,0.0,MAD,3,"RANDOLPH, ANTHONY",19:56,13,3,4,1,3,4,4,1,4,5,0,0,0,1,0,3,2,15,19.0
2016,184,1,P002946   ,0.0,0.0,MAD,4,"DRAPER, DONTAYE",09:40,2,1,1,0,1,0,0,0,0,0,0,0,0,0,0,0,0,1,9.0
2016,184,1,PBMT      ,0.0,0.0,MAD,5,"FERNANDEZ, RUDY",27:17,6,0,0,2,6,0,0,1,5,6,4,3,1,0,0,3,3,14,-3.0
2016,184,1,PAPR      ,0.0,0.0,MAD,6,"NOCIONI, ANDRES",02:05,0,0,1,0,0,0,0,0,0,0,0,0,0,0,0,0,0,-1,-3.0
2016,184,1,P005929   ,0.0,1.0,MAD,7,"DONCIC, LUKA",14:26,5,1,5,1,3,0,0,2,3,5,7,0,1,0,0,1,0,9,12.0
2016,184,1,PJCC      ,1.0,0.0,MAD,8,"MACIULIS, JONAS",12:03,9,2,3,1,2,2,3,0,1,1,0,0,0,0,0,1,2,8,9.0
2016,184,1,P005927   ,1.0,1.0,MAD,14,"AYON, GUSTAVO",19:54,2,1,2,0,0,0,0,0,2,2,4,0,2,2,0,4,1,4,17.0
2016,184,1,P001960   ,0.0,1.0,MAD,20,"CARROLL, JAYCEE",21:51,8,1,1,1,1,3,3,1,2,3,3,1,1,0,0,3,1,12,6.0
2016,184,1,P005160   ,0.0,0.0,MAD,21,"HUNTER, OTHELLO",20:06,14,6,7,0,0,2,3,1,4,5,1,0,1,0,0,1,7,23,1.0
2016,184,1,PTGB      ,1.0,1.0,MAD,23,"LLULL, SERGIO",27:32,26,3,4,6,8,2,2,1,1,2,8,2,4,0,0,2,2,31,14.0
2016,184,1,P005836   ,0.0,1.0,MAD,33,"THOMPKINS, TREY",17:59,14,1,2,4,6,0,2,0,2,2,0,0,1,1,0,3,1,9,2.0
2016,184,1,P006546   ,1.0,0.0,MAD,44,"TAYLOR, JEFFERY",07:11,2,1,1,0,0,0,0,0,0,0,1,0,0,0,0,3,0,0,7.0
2016,184,1,Team,0.0,0.0,MAD,,Team,,0,0,0,0,0,0,0,0,2,2,0,0,0,0,0,0,0,2,
2016,184,1,Total,,,MAD,,Total,200:00,101,20,31,16,30,13,17,7,26,33,28,6,11,4,0,24,19,127,
2016,184,0,P006661   ,0.0,1.0,DAR,1,"WILBEKIN, SCOTTIE",24:37,9,1,3,2,6,1,2,0,2,2,2,0,1,0,1,2,1,3,-6.0
2016,184,0,P004170   ,0.0,0.0,DAR,8,"BATUK, BIRKAN",04:46,3,0,0,1,2,0,3,0,0,0,0,0,0,0,0,1,1,-1,4.0
2016,184,0,P005838   ,1.0,1.0,DAR,11,"WANAMAKER, BRAD",32:06,15,3,9,1,3,6,6,1,4,5,4,1,2,0,1,3,3,14,-26.0
2016,184,0,P004888   ,1.0,0.0,DAR,12,"CLYBURN, WILL",15:30,2,0,3,0,2,2,4,0,4,4,0,0,1,0,1,1,3,-1,-8.0
2016,184,0,P005000   ,0.0,0.0,DAR,13,"ULUBAY, OKBEN",DNP,0,0,0,0,0,0,0,0,0,0,0,0,0,0,0,0,0,0,0.0
2016,184,0,P001833   ,0.0,1.0,DAR,18,"MOERMAN, ADRIEN",21:12,9,0,1,3,7,0,0,2,2,4,0,1,1,0,0,2,0,6,-11.0
2016,184,0,P003328   ,0.0,0.0,DAR,19,"ALDEMIR, FURKAN",02:52,0,0,1,0,0,0,0,0,0,0,0,0,0,0,1,0,0,-2,-6.0
2016,184,0,PJPF      ,0.0,0.0,DAR,21,"SAVAS, OGUZ",DNP,0,0,0,0,0,0,0,0,0,0,0,0,0,0,0,0,0,0,0.0
2016,184,0,P005938   ,0.0,1.0,DAR,23,"ANDERSON, JAMES",23:40,18,3,7,2,3,6,6,0,1,1,1,3,1,0,0,2,3,18,-8.0
2016,184,0,P004554   ,1.0,1.0,DAR,41,"ZIZIC, ANTE",31:14,11,4,9,0,0,3,6,7,3,10,2,0,3,0,0,3,8,17,-22.0
2016,184,0,P000436   ,1.0,0.0,DAR,45,"BERTANS, DAIRIS",30:09,9,4,5,0,2,1,1,0,0,0,6,2,1,0,0,3,4,14,-1.0
2016,184,0,P004902   ,1.0,0.0,DAR,81,"HARANGODY, LUKE",13:54,7,1,1,1,2,2,2,1,1,2,1,0,0,0,0,2,1,8,-6.0
2016,184,0,Team,0.0,0.0,DAR,,Team,,0,0,0,0,0,0,0,5,3,8,0,0,0,0,0,0,0,8,
2016,184,0,Total,,,DAR,,Total,200:00,83,16,39,10,27,21,30,16,20,36,16,7,10,0,4,19,24,84,
2016,185,1,P000529   ,1.0,1.0,GAL,5,"MICOV, VLADIMIR",35:30,12,2,8,2,7,2,2,0,2,2,4,2,1,0,0,1,3,10,13.0
2016,185,1,P007595   ,0.0,0.0,GAL,6,"FITIPALDO, BRUNO",10:46,0,0,0,0,1,0,0,0,0,0,4,1,1,0,0,2,1,2,0.0
2016,185,1,P004119   ,0.0,0.0,GAL,7,"TYUS, ALEX",11:53,10,5,7,0,0,0,0,1,1,2,0,1,0,0,0,0,1,12,-6.0
2016,185,1,P004300   ,0.0,0.0,GAL,8,"KORKMAZ, CAN",DNP,0,0,0,0,0,0,0,0,0,0,0,0,0,0,0,0,0,0,0.0
2016,185,1,P005813   ,0.0,0.0,GAL,11,"ARAR, EGE",10:10,4,2,3,0,0,0,0,1,1,2,0,0,0,0,0,1,0,4,-6.0
2016,185,1,P007355   ,0.0,0.0,GAL,14,"HACIYEVA, ORHAN",DNP,0,0,0,0,0,0,0,0,0,0,0,0,0,0,0,0,0,0,0.0
2016,185,1,PLHK      ,1.0,1.0,GAL,21,"PLEISS, TIBOR",28:15,8,3,7,0,1,2,3,6,6,12,2,0,0,2,1,1,5,21,11.0
2016,185,1,P003472   ,1.0,1.0,GAL,25,"DAYE, AUSTIN",21:50,20,3,7,4,6,2,2,1,2,3,4,0,1,0,1,4,2,17,17.0
2016,185,1,P000494   ,1.0,1.0,GAL,32,"GULER, SINAN",33:52,6,1,6,1,4,1,2,2,2,4,9,3,3,1,0,4,3,10,-2.0
2016,185,1,P004997   ,0.0,1.0,GAL,33,"DIEBLER, JON",21:53,17,1,2,5,5,0,0,0,1,1,2,0,1,0,0,0,1,19,-15.0
2016,185,1,P002104   ,1.0,0.0,GAL,61,"KOKSAL, GOKSENIN",25:51,10,2,2,2,4,0,0,1,0,1,0,2,2,0,0,3,1,7,3.0
2016,185,1,P007764   ,0.0,0.0,GAL,63,"AYDIN, SERKAN",DNP,0,0,0,0,0,0,0,0,0,0,0,0,0,0,0,0,0,0,0.0
2016,185,1,Team,0.0,0.0,GAL,,Team,,0,0,0,0,0,0,0,0,2,2,0,0,0,0,0,0,0,2,
2016,185,1,Total,,,GAL,,Total,200:00,87,19,42,14,28,7,9,12,17,29,25,9,9,3,2,16,17,104,
2016,185,0,P005757   ,0.0,1.0,MAD,3,"RANDOLPH, ANTHONY",26:24,16,2,4,2,4,6,6,0,2,2,0,2,1,1,1,3,4,16,8.0
2016,185,0,P002946   ,1.0,0.0,MAD,4,"DRAPER, DONTAYE",13:21,6,0,1,2,2,0,0,0,0,0,1,0,0,0,1,3,2,4,-13.0
2016,185,0,PBMT      ,0.0,1.0,MAD,5,"FERNANDEZ, RUDY",26:39,8,1,3,2,5,0,0,1,4,5,4,3,1,0,0,2,1,13,10.0
2016,185,0,P005929   ,0.0,1.0,MAD,7,"DONCIC, LUKA",22:08,13,2,3,3,4,0,0,3,5,8,8,0,2,0,0,1,2,26,19.0
2016,185,0,PJCC      ,1.0,0.0,MAD,8,"MACIULIS, JONAS",09:55,2,1,1,0,0,0,0,0,1,1,0,0,0,0,0,1,0,2,-8.0
2016,185,0,PAAX      ,1.0,0.0,MAD,9,"REYES, FELIPE",13:09,0,0,1,0,0,0,0,0,3,3,2,1,0,0,0,1,2,6,-11.0
2016,185,0,P005927   ,1.0,0.0,MAD,14,"AYON, GUSTAVO",19:43,10,5,6,0,0,0,0,1,2,3,1,1,5,1,1,1,0,8,-15.0
2016,185,0,P001960   ,0.0,0.0,MAD,20,"CARROLL, JAYCEE",21:02,11,1,1,3,4,0,0,0,0,0,1,0,0,0,0,2,0,9,19.0
2016,185,0,P005160   ,0.0,1.0,MAD,21,"HUNTER, OTHELLO",19:43,8,4,6,0,0,0,0,1,2,3,1,0,2,0,0,2,0,6,12.0
2016,185,0,PTGB      ,1.0,1.0,MAD,23,"LLULL, SERGIO",19:15,10,2,4,2,4,0,2,0,3,3,4,0,3,0,0,0,5,13,-24.0
2016,185,0,P002358   ,0.0,0.0,MAD,36,"SUAREZ, ALEX",DNP,0,0,0,0,0,0,0,0,0,0,0,0,0,0,0,0,0,0,0.0
2016,185,0,P006546   ,0.0,0.0,MAD,44,"TAYLOR, JEFFERY",08:41,0,0,1,0,1,0,0,0,0,0,0,0,0,0,0,1,0,-3,-12.0
2016,185,0,Team,0.0,0.0,MAD,,Team,,0,0,0,0,0,0,0,1,3,4,0,0,4,0,0,0,0,0,
2016,185,0,Total,,,MAD,,Total,200:00,84,18,31,14,24,6,8,7,25,32,22,7,18,2,3,17,16,100,
2016,186,1,P007200   ,1.0,0.0,BAS,0,"LARKIN, SHANE",28:49,13,2,4,2,6,3,4,1,2,3,11,2,5,0,1,4,4,16,16.0
2016,186,1,P007201   ,1.0,0.0,BAS,7,"VOIGTMANN, JOHANNES",15:12,0,0,4,0,1,0,0,2,5,7,1,2,3,1,0,1,1,3,-11.0
2016,186,1,P005099   ,1.0,0.0,BAS,8,"HANGA, ADAM",20:28,18,5,7,1,4,5,6,3,3,6,2,1,0,1,0,3,5,24,16.0
2016,186,1,P007230   ,0.0,0.0,BAS,9,"SEDEKERSKIS, TADAS",DNP,0,0,0,0,0,0,0,0,0,0,0,0,0,0,0,0,0,0,0.0
2016,186,1,P006590   ,0.0,1.0,BAS,10,"BEAUBOIS, RODRIGUE",20:36,5,0,1,1,5,2,2,0,1,1,2,0,3,0,0,0,1,1,1.0
2016,186,1,P003452   ,0.0,0.0,BAS,11,"BLAZIC, JAKA",05:42,0,0,1,0,0,0,0,2,0,2,0,1,0,0,0,1,1,2,-3.0
2016,186,1,P003540   ,0.0,0.0,BAS,12,"DIOP, ILIMANE",22:41,6,3,5,0,0,0,0,0,0,0,0,0,0,1,0,4,3,4,20.0
2016,186,1,P002744   ,1.0,1.0,BAS,14,"TILLIE, KIM",24:20,19,4,5,3,3,2,2,1,4,5,3,3,0,0,0,0,2,31,9.0
2016,186,1,P006435   ,0.0,0.0,BAS,15,"LAPROVITTOLA, NICOLAS",08:22,2,1,2,0,3,0,0,0,1,1,1,1,2,0,0,0,2,1,2.0
2016,186,1,P001133   ,0.0,1.0,BAS,23,"SHENGELIA, TORNIKE",17:43,11,2,3,1,2,4,4,0,2,2,1,0,2,0,0,2,3,11,6.0
2016,186,1,P007427   ,1.0,1.0,BAS,34,"BUDINGER, CHASE",33:18,13,5,8,1,5,0,0,3,3,6,7,2,1,0,1,1,0,18,14.0
2016,186,1,P001633   ,0.0,1.0,BAS,55,"LUZ, RAFA",02:49,0,0,0,0,0,0,0,0,0,0,0,0,0,0,0,1,0,-1,-5.0
2016,186,1,Team,0.0,0.0,BAS,,Team,,0,0,0,0,0,0,0,4,1,5,0,0,0,0,0,0,0,5,
2016,186,1,Total,,,BAS,,Total,200:00,87,22,40,9,29,16,18,16,22,38,28,12,16,3,2,17,22,115,
2016,186,0,P004418   ,0.0,0.0,MIL,1,"MCLEAN, JAMEL",20:21,8,2,4,0,0,4,6,1,2,3,1,1,0,0,0,5,6,10,-9.0
2016,186,0,P004499   ,1.0,0.0,MIL,2,"FONTECCHIO, SIMONE",18:56,5,1,3,1,2,0,0,2,2,4,0,0,1,1,0,3,0,3,-3.0
2016,186,0,P004159   ,1.0,1.0,MIL,7,"HICKMAN, RICKY",31:46,11,3,9,1,5,2,2,0,2,2,8,0,2,0,1,3,4,9,-10.0
2016,186,0,PJBX      ,1.0,0.0,MIL,9,"KALNIETIS, MANTAS",09:01,3,1,1,0,1,1,1,0,4,4,2,0,3,0,0,2,1,4,5.0
2016,186,0,PJDU      ,1.0,0.0,MIL,11,"RADULJICA, MIROSLAV",14:22,6,3,5,0,0,0,0,1,1,2,0,2,3,0,0,2,0,3,-7.0
2016,186,0,PJEA      ,1.0,1.0,MIL,13,"MACVAN, MILAN",30:45,10,2,6,2,4,0,0,3,3,6,1,0,1,1,0,2,2,11,-11.0
2016,186,0,P006385   ,0.0,1.0,MIL,14,"PASCOLO, DAVIDE",14:32,11,5,7,0,0,1,2,1,1,2,0,2,2,0,0,2,2,10,1.0
2016,186,0,PKIW      ,0.0,1.0,MIL,20,"CINCIARINI, ANDREA",27:48,11,3,5,1,2,2,2,0,2,2,3,1,3,0,1,0,1,11,-11.0
2016,186,0,P005001   ,0.0,0.0,MIL,21,"SANDERS, RAKIM",15:53,7,1,2,1,1,2,2,1,2,3,0,3,4,0,1,1,1,7,-14.0
2016,186,0,P003527   ,0.0,1.0,MIL,23,"ABASS, AWUDU",16:36,2,1,3,0,3,0,0,0,1,1,1,0,0,0,0,2,0,-3,-6.0
2016,186,0,P002081   ,0.0,0.0,MIL,30,"CERELLA, BRUNO",DNP,0,0,0,0,0,0,0,0,0,0,0,0,0,0,0,0,0,0,0.0
2016,186,0,Team,0.0,0.0,MIL,,Team,,0,0,0,0,0,0,0,3,3,6,0,0,0,0,0,0,0,6,
2016,186,0,Total,,,MIL,,Total,200:00,74,22,45,6,18,12,15,12,23,35,16,9,19,2,3,22,17,71,
2016,187,1,P006536   ,1.0,0.0,TEL,3,"RUDD, VICTOR",26:22,11,4,10,1,3,0,0,0,6,6,0,1,3,1,0,3,0,5,0.0
2016,187,1,P004862   ,1.0,0.0,TEL,4,"SEELEY, D.J.",31:20,9,4,5,0,1,1,1,1,2,3,4,0,3,0,0,2,2,11,-1.0
2016,187,1,P006013   ,0.0,0.0,TEL,7,"ZALMANSON, TOMER",DNP,0,0,0,0,0,0,0,0,0,0,0,0,0,0,0,0,0,0,0.0
2016,187,1,P007768   ,0.0,0.0,TEL,8,"LEVI, NIMROD",00:32,0,0,0,0,0,0,0,0,0,0,0,0,0,0,0,0,0,0,-4.0
2016,187,1,PKJP      ,1.0,1.0,TEL,9,"MEKEL, GAL",20:49,12,3,7,2,2,0,0,1,2,3,3,0,1,0,1,3,0,9,-9.0
2016,187,1,PLKX      ,1.0,1.0,TEL,10,"PNINI, GUY",28:49,3,0,3,1,2,0,0,0,2,2,2,2,1,0,0,2,2,4,-8.0
2016,187,1,P004161   ,0.0,1.0,TEL,11,"SEGEV, ITAY",14:48,0,0,2,0,0,0,0,1,2,3,0,0,1,1,0,4,0,-3,-14.0
2016,187,1,P000622   ,0.0,1.0,TEL,12,"OHAYON, YOGEV",23:16,11,5,9,0,3,1,3,1,2,3,3,1,0,0,0,2,3,10,-4.0
2016,187,1,P004160   ,0.0,1.0,TEL,15,"LANDESBERG, SYLVEN",26:14,17,3,6,1,4,8,9,1,1,2,0,0,0,0,0,3,6,15,-11.0
2016,187,1,P006195   ,0.0,0.0,TEL,23,"ALEXANDER, JOE",DNP,0,0,0,0,0,0,0,0,0,0,0,0,0,0,0,0,0,0,0.0
2016,187,1,P005154   ,1.0,0.0,TEL,24,"IVERSON, COLTON",27:50,8,4,6,0,0,0,3,2,1,3,2,0,0,0,0,2,3,9,-4.0
2016,187,1,Team,0.0,0.0,TEL,,Team,,0,0,0,0,0,0,0,1,4,5,0,0,0,0,0,0,0,5,
2016,187,1,Total,,,TEL,,Total,200:00,71,23,48,5,15,10,16,8,22,30,14,4,9,2,1,21,16,65,
2016,187,0,P005159   ,1.0,1.0,OLY,1,"GREEN, ERICK",29:20,16,6,8,1,3,1,1,0,3,3,2,2,2,0,0,1,2,18,4.0
2016,187,0,P007182   ,0.0,0.0,OLY,2,"BIRCH, KHEM",18:05,6,3,4,0,0,0,0,2,4,6,1,0,0,1,0,3,0,10,10.0
2016,187,0,P005984   ,0.0,0.0,OLY,4,"YOUNG, PATRIC",DNP,0,0,0,0,0,0,0,0,0,0,0,0,0,0,0,0,0,0,0.0
2016,187,0,P005161   ,0.0,1.0,OLY,6,"PAPAPETROU, IOANNIS",19:02,2,1,4,0,1,0,0,0,6,6,0,0,1,0,1,0,0,2,7.0
2016,187,0,P004223   ,0.0,0.0,OLY,9,"WATERS, DOMINIC",14:16,14,3,3,2,4,2,2,0,0,0,1,0,1,0,0,2,1,11,1.0
2016,187,0,P004429   ,0.0,0.0,OLY,10,"AGRAVANIS, DIMITRIOS",00:59,0,0,0,0,0,0,0,0,1,1,0,0,0,0,0,0,0,1,-2.0
2016,187,0,P003941   ,1.0,0.0,OLY,11,"MILUTINOV, NIKOLA",20:18,2,1,4,0,0,0,0,3,3,6,0,0,1,0,0,3,2,3,-1.0
2016,187,0,PAMM      ,1.0,0.0,OLY,15,"PRINTEZIS, GEORGIOS",24:10,15,3,7,1,1,6,6,0,5,5,2,1,2,0,0,0,8,25,-2.0
2016,187,0,P001255   ,1.0,1.0,OLY,16,"PAPANIKOLAOU, KOSTAS",22:13,11,2,2,1,3,4,4,2,2,4,2,0,3,0,0,4,3,11,16.0
2016,187,0,P003537   ,1.0,1.0,OLY,17,"MANTZARIS, VANGELIS",26:01,1,0,2,0,5,1,2,1,2,3,3,0,0,0,1,2,1,-3,10.0
2016,187,0,P003608   ,0.0,0.0,OLY,24,"LOJESKI, MATT",25:06,15,4,5,2,4,1,2,1,1,2,4,0,2,0,0,1,4,18,12.0
2016,187,0,P004290   ,0.0,1.0,OLY,27,"ATHINAIOU, IOANNIS",00:30,0,0,0,0,0,0,0,0,0,0,0,0,0,0,0,0,0,0,0.0
2016,187,0,Team,0.0,0.0,OLY,,Team,,0,0,0,0,0,0,0,1,3,4,0,0,1,0,0,0,0,3,
2016,187,0,Total,,,OLY,,Total,200:00,82,23,39,7,21,15,17,10,30,40,15,3,13,1,2,16,21,99,
2016,188,1,P006433   ,1.0,1.0,ZAL,3,"PANGOS, KEVIN",22:25,11,1,3,3,8,0,0,0,2,2,4,2,3,0,1,1,1,8,-1.0
2016,188,1,P003210   ,0.0,0.0,ZAL,4,"LEKAVICIUS, LUKAS",14:25,7,2,6,1,1,0,0,0,0,0,2,0,1,0,1,2,2,3,-10.0
2016,188,1,P002543   ,1.0,1.0,ZAL,9,"WESTERMANN, LEO",23:47,8,1,5,2,3,0,0,1,1,2,6,0,5,0,1,3,1,3,-6.0
2016,188,1,PKNO      ,0.0,0.0,ZAL,10,"SEIBUTIS, RENALDAS",10:39,4,2,4,0,0,0,0,0,0,0,0,0,0,0,1,1,0,0,-7.0
2016,188,1,P006599   ,0.0,1.0,ZAL,12,"MOTUM, BROCK",26:36,10,1,3,2,5,2,2,1,3,4,0,1,0,0,0,1,2,11,-4.0
2016,188,1,PBWI      ,1.0,0.0,ZAL,13,"JANKUNAS, PAULIUS",24:29,15,5,7,0,0,5,5,1,6,7,1,1,3,1,0,3,6,23,-3.0
2016,188,1,PBVE      ,0.0,0.0,ZAL,15,"JAVTOKAS, ROBERTAS",DNP,0,0,0,0,0,0,0,0,0,0,0,0,0,0,0,0,0,0,0.0
2016,188,1,PKPD      ,0.0,0.0,ZAL,21,"MILAKNIS, ARTURAS",19:39,2,0,1,0,2,2,3,1,2,3,0,0,0,0,0,0,2,3,2.0
2016,188,1,P001098   ,1.0,1.0,ZAL,23,"LIMA, AUGUSTO",16:13,8,4,4,0,0,0,0,3,3,6,2,0,2,0,0,4,1,11,-10.0
2016,188,1,P000399   ,0.0,0.0,ZAL,44,"KAVALIAUSKAS, ANTANAS",12:42,0,0,2,0,1,0,0,1,2,3,0,0,0,1,1,3,0,-3,-1.0
2016,188,1,P005846   ,0.0,0.0,ZAL,55,"HARTENSTEIN, ISAIAH",DNP,0,0,0,0,0,0,0,0,0,0,0,0,0,0,0,0,0,0,0.0
2016,188,1,P002329   ,1.0,1.0,ZAL,92,"ULANOVAS, EDGARAS",29:05,2,1,2,0,0,0,0,1,3,4,4,0,0,1,0,2,2,10,-5.0
2016,188,1,Team,0.0,0.0,ZAL,,Team,,0,0,0,0,0,0,0,0,1,1,0,0,0,0,0,0,0,1,
2016,188,1,Total,,,ZAL,,Total,200:00,67,17,37,8,20,9,10,9,23,32,19,4,14,3,5,20,17,70,
2016,188,0,PLIM      ,0.0,0.0,ULK,5,"HERSEK, BARIS",DNP,0,0,0,0,0,0,0,0,0,0,0,0,0,0,0,0,0,0,0.0
2016,188,0,P006503   ,1.0,1.0,ULK,8,"UDOH, EKPE",37:57,16,8,11,0,0,0,0,1,6,7,5,1,1,4,1,2,1,27,12.0
2016,188,0,P002969   ,0.0,0.0,ULK,10,"MAHMUTOGLU, MELIH",11:54,14,0,1,4,4,2,2,0,0,0,0,0,0,0,0,0,2,15,2.0
2016,188,0,PBAE      ,0.0,0.0,ULK,12,"ANTIC, PERO",15:30,3,0,1,1,4,0,0,1,3,4,1,0,1,0,0,2,1,2,10.0
2016,188,0,P002821   ,0.0,1.0,ULK,13,"BOGDANOVIC, BOGDAN",22:18,14,2,4,2,3,4,4,1,3,4,2,7,3,1,1,3,8,26,7.0
2016,188,0,P007615   ,1.0,0.0,ULK,15,"BENNETT, ANTHONY",09:15,3,0,0,1,2,0,0,0,1,1,0,1,0,0,0,0,0,4,-4.0
2016,188,0,P007400   ,1.0,0.0,ULK,21,"NUNNALLY, JAMES",16:42,3,0,0,1,2,0,0,0,1,1,1,0,1,0,0,3,1,1,4.0
2016,188,0,P003783   ,0.0,0.0,ULK,23,"UGURLU, BERK",DNP,0,0,0,0,0,0,0,0,0,0,0,0,0,0,0,0,0,0,0.0
2016,188,0,P004866   ,1.0,1.0,ULK,33,"KALINIC, NIKOLA",31:04,5,2,3,0,3,1,2,1,3,4,2,0,3,0,0,3,3,3,4.0
2016,188,0,P001324   ,1.0,1.0,ULK,35,"DIXON, BOBBY",28:43,12,3,5,2,7,0,0,0,2,2,9,1,0,0,1,3,1,14,11.0
2016,188,0,P006399   ,0.0,0.0,ULK,44,"DUVERIOGLU, AHMET",02:03,0,0,0,0,0,0,0,0,0,0,0,0,0,0,0,0,1,1,-3.0
2016,188,0,PCCD      ,0.0,1.0,ULK,70,"DATOME, LUIGI",24:34,6,1,3,1,3,1,1,0,2,2,2,0,0,0,0,1,2,7,2.0
2016,188,0,Team,0.0,0.0,ULK,,Team,,0,0,0,0,0,0,0,0,2,2,0,0,0,0,0,0,0,2,
2016,188,0,Total,,,ULK,,Total,200:00,76,16,28,12,28,8,9,4,23,27,22,10,9,5,3,17,20,102,
2016,189,1,P006555   ,0.0,0.0,RED,0,"WOLTERS, NATE",12:35,5,2,5,0,1,1,1,0,3,3,0,0,1,0,1,1,1,2,-10.0
2016,189,1,P003453   ,0.0,0.0,RED,2,"THOMPSON, DEON",15:50,7,3,5,0,0,1,1,0,2,2,0,0,1,0,0,2,1,5,9.0
2016,189,1,P002553   ,1.0,0.0,RED,9,"MITROVIC, LUKA",16:27,8,3,5,0,0,2,2,1,2,3,1,1,4,0,0,2,2,7,2.0
2016,189,1,PLUO      ,1.0,1.0,RED,10,"LAZIC, BRANKO",32:11,3,0,0,1,2,0,0,0,3,3,1,4,0,0,0,4,1,7,22.0
2016,189,1,P005618   ,0.0,0.0,RED,12,"SIMANIC, BORISA",DNP,0,0,0,0,0,0,0,0,0,0,0,0,0,0,0,0,0,0,0.0
2016,189,1,P004007   ,0.0,0.0,RED,13,"DOBRIC, OGNJEN",11:01,3,0,1,1,2,0,0,0,0,0,1,1,0,0,0,2,0,1,-5.0
2016,189,1,PLRU      ,0.0,1.0,RED,19,"SIMONOVIC, MARKO",26:32,13,4,7,1,2,2,2,1,8,9,0,2,0,0,1,0,1,20,2.0
2016,189,1,P007395   ,0.0,0.0,RED,20,"RAKICEVIC, PETAR",DNP,0,0,0,0,0,0,0,0,0,0,0,0,0,0,0,0,0,0,0.0
2016,189,1,P005014   ,1.0,1.0,RED,22,"JENKINS, CHARLES",31:36,18,3,6,3,4,3,4,1,1,2,4,0,1,0,2,2,5,19,21.0
2016,189,1,P004004   ,1.0,1.0,RED,23,"GUDURIC, MARKO",29:38,12,3,4,1,4,3,3,2,1,3,4,3,6,1,0,3,4,14,24.0
2016,189,1,P003479   ,1.0,1.0,RED,32,"KUZMIC, OGNJEN",14:06,2,1,3,0,0,0,1,0,2,2,0,0,0,0,0,1,3,3,7.0
2016,189,1,PCHX      ,0.0,0.0,RED,51,"BJELICA, MILKO",10:04,3,1,3,0,1,1,1,0,0,0,0,0,3,0,0,0,2,-1,-2.0
2016,189,1,Team,0.0,0.0,RED,,Team,,0,0,0,0,0,0,0,0,3,3,0,0,0,0,0,0,0,3,
2016,189,1,Total,,,RED,,Total,200:00,74,20,39,7,16,13,15,5,25,30,11,11,16,1,4,17,20,80,
2016,189,0,P001392   ,1.0,0.0,BAM,1,"CAUSEUR, FABIEN",30:19,21,6,8,3,5,0,0,1,2,3,3,3,5,0,1,1,1,20,6.0
2016,189,0,P002849   ,1.0,1.0,BAM,4,"MELLI, NICOLO",29:57,7,2,6,1,4,0,0,2,4,6,3,1,1,1,0,2,4,12,-30.0
2016,189,0,PABN      ,1.0,1.0,BAM,6,"ZISIS, NIKOS",23:31,9,4,4,0,1,1,1,0,4,4,1,1,2,0,0,2,3,13,-24.0
2016,189,0,P003703   ,0.0,1.0,BAM,7,"NIKOLIC, ALEKSEJ",20:09,9,0,3,3,7,0,0,0,2,2,1,1,0,0,0,3,4,7,10.0
2016,189,0,P002506   ,1.0,0.0,BAM,8,"STAIGER, LUCCA",04:18,0,0,0,0,2,0,0,0,0,0,0,0,1,0,0,2,0,-5,-3.0
2016,189,0,P004132   ,1.0,0.0,BAM,10,"THEIS, DANIEL",16:34,2,1,2,0,0,0,0,1,2,3,1,0,0,1,0,1,0,5,-14.0
2016,189,0,P007032   ,0.0,0.0,BAM,12,"LO, MAODO",11:50,2,1,3,0,1,0,0,0,4,4,3,0,3,0,0,0,1,4,8.0
2016,189,0,PLLM      ,0.0,0.0,BAM,14,"VEREMEENKO, VLADIMIR",03:03,0,0,1,0,0,0,0,2,0,2,0,0,0,0,0,1,0,0,-3.0
2016,189,0,P006421   ,0.0,1.0,BAM,21,"MILLER, DARIUS",22:56,3,0,1,1,5,0,0,1,1,2,1,0,1,0,0,3,1,-2,-17.0
2016,189,0,P006338   ,0.0,0.0,BAM,22,"McNEAL, JEREL",09:52,0,0,1,0,2,0,0,1,1,2,1,1,2,1,0,2,1,-1,-16.0
2016,189,0,P006420   ,0.0,0.0,BAM,33,"HECKMANN, PATRICK",12:46,7,2,2,1,2,0,0,0,1,1,1,2,2,0,0,1,1,8,6.0
2016,189,0,PLEM      ,0.0,1.0,BAM,43,"RADOSEVIC, LEON",14:45,0,0,2,0,0,0,2,1,1,2,0,0,0,1,0,2,1,-2,7.0
2016,189,0,Team,0.0,0.0,BAM,,Team,,0,0,0,0,0,0,0,2,2,4,0,0,0,0,0,0,0,4,
2016,189,0,Total,,,BAM,,Total,200:00,60,16,33,9,29,1,3,11,24,35,15,9,17,4,1,20,17,63,
2016,190,1,P006661   ,0.0,0.0,DAR,1,"WILBEKIN, SCOTTIE",14:56,2,1,2,0,2,0,0,0,0,0,2,2,2,0,1,0,0,0,-19.0
2016,190,1,PARN      ,0.0,0.0,DAR,3,"ARSLAN, ENDER",DNP,0,0,0,0,0,0,0,0,0,0,0,0,0,0,0,0,0,0,0.0
2016,190,1,P004170   ,0.0,0.0,DAR,8,"BATUK, BIRKAN",08:52,0,0,0,0,1,0,0,0,2,2,0,0,0,0,0,3,0,-2,-6.0
2016,190,1,P005838   ,1.0,1.0,DAR,11,"WANAMAKER, BRAD",36:25,24,7,14,2,3,4,4,0,6,6,3,2,3,0,2,1,4,25,13.0
2016,190,1,P004888   ,1.0,1.0,DAR,12,"CLYBURN, WILL",30:18,12,3,5,2,3,0,1,1,2,3,3,2,0,1,0,2,3,18,8.0
2016,190,1,P001833   ,1.0,1.0,DAR,18,"MOERMAN, ADRIEN",23:53,0,0,3,0,2,0,0,0,3,3,1,1,0,0,0,4,2,-2,13.0
2016,190,1,P003328   ,0.0,0.0,DAR,19,"ALDEMIR, FURKAN",01:50,0,0,1,0,0,0,2,0,0,0,0,0,0,0,0,1,1,-3,-7.0
2016,190,1,PJPF      ,0.0,0.0,DAR,21,"SAVAS, OGUZ",DNP,0,0,0,0,0,0,0,0,0,0,0,0,0,0,0,0,0,0,0.0
2016,190,1,P005938   ,1.0,1.0,DAR,23,"ANDERSON, JAMES",28:41,16,5,7,1,2,3,3,0,7,7,2,0,0,2,0,3,2,23,19.0
2016,190,1,P004554   ,1.0,0.0,DAR,41,"ZIZIC, ANTE",27:03,9,4,8,0,0,1,2,4,1,5,0,1,2,0,2,3,1,4,4.0
2016,190,1,P000436   ,0.0,1.0,DAR,45,"BERTANS, DAIRIS",20:54,12,3,3,2,3,0,0,0,0,0,0,0,1,0,0,2,0,8,5.0
2016,190,1,P004902   ,0.0,0.0,DAR,81,"HARANGODY, LUKE",07:08,2,1,2,0,0,0,0,1,4,5,0,0,0,0,1,2,0,3,-5.0
2016,190,1,Team,0.0,0.0,DAR,,Team,,0,0,0,0,0,0,0,2,1,3,0,0,0,0,0,0,0,3,
2016,190,1,Total,,,DAR,,Total,200:00,77,24,45,7,16,8,12,8,26,34,11,8,8,3,6,21,13,77,
2016,190,0,P006614   ,1.0,1.0,PAN,0,"SINGLETON, CHRIS",35:49,23,4,6,4,5,3,4,1,5,6,1,0,1,3,0,2,4,30,-12.0
2016,190,0,P003482   ,0.0,0.0,PAN,2,"NICHOLS, DEMETRIS",DNP,0,0,0,0,0,0,0,0,0,0,0,0,0,0,0,0,0,0,0.0
2016,190,0,P002429   ,0.0,1.0,PAN,3,"RIVERS, K.C.",29:57,12,2,4,2,6,2,2,0,1,1,1,0,0,0,1,3,2,6,11.0
2016,190,0,P005985   ,0.0,1.0,PAN,5,"JAMES, MIKE",20:07,9,0,3,3,6,0,0,0,0,0,7,1,2,0,2,0,4,11,-4.0
2016,190,0,PBEZ      ,0.0,0.0,PAN,9,"FOTSIS, ANTONIS",DNP,0,0,0,0,0,0,0,0,0,0,0,0,0,0,0,0,0,0,0.0
2016,190,0,P000464   ,0.0,1.0,PAN,11,"PAPPAS, NIKOS",19:35,7,3,4,0,1,1,3,0,4,4,1,1,0,0,0,0,3,12,-7.0
2016,190,0,P005918   ,1.0,0.0,PAN,12,"FELDEINE, JAMES",19:47,6,0,1,2,5,0,0,0,2,2,1,0,0,0,0,1,0,4,-5.0
2016,190,0,P004218   ,0.0,0.0,PAN,15,"CHARALAMPOPOULOS, VASILIS",DNP,0,0,0,0,0,0,0,0,0,0,0,0,0,0,0,0,0,0,0.0
2016,190,0,P005881   ,0.0,0.0,PAN,21,"GABRIEL, KENNY",16:02,0,0,1,0,0,0,0,1,3,4,0,0,0,1,0,2,0,2,5.0
2016,190,0,P000880   ,1.0,0.0,PAN,25,"GENTILE, ALESSANDRO",10:41,0,0,1,0,0,0,2,0,1,1,0,0,1,0,0,1,1,-3,-9.0
2016,190,0,PAQU      ,1.0,0.0,PAN,29,"BOUROUSIS, IOANNIS",26:54,10,0,2,2,4,4,4,2,6,8,2,1,7,1,0,3,5,13,-1.0
2016,190,0,P001932   ,1.0,1.0,PAN,33,"CALATHES, NICK",21:08,5,2,5,0,3,1,2,2,2,4,3,1,0,1,0,1,2,8,-3.0
2016,190,0,Team,0.0,0.0,PAN,,Team,,0,0,0,0,0,0,0,3,1,4,0,0,1,0,0,0,0,3,
2016,190,0,Total,,,PAN,,Total,200:00,72,11,27,13,30,11,17,9,25,34,16,4,12,6,3,13,21,86,
2016,191,1,P007759   ,0.0,0.0,BAR,1,"MUNFORD, XAVIER",06:26,3,0,0,1,3,0,0,1,0,1,1,1,2,0,0,0,0,2,-2.0
2016,191,1,P003367   ,1.0,0.0,BAR,2,"RICE, TYRESE",26:33,10,2,6,2,7,0,0,0,0,0,2,1,3,0,0,2,1,0,-16.0
2016,191,1,P000556   ,0.0,0.0,BAR,10,"CLAVER, VICTOR",13:32,5,1,3,1,2,0,0,0,1,1,0,1,2,0,0,0,2,4,-15.0
2016,191,1,P001215   ,0.0,0.0,BAR,13,"FAVERANI, VITOR",04:05,2,1,1,0,0,0,0,1,1,2,0,0,0,0,0,1,0,3,-10.0
2016,191,1,P003469   ,1.0,1.0,BAR,14,"VEZENKOV, ALEKSANDAR",26:28,14,0,0,3,6,5,6,0,4,4,2,1,0,0,0,0,4,21,-9.0
2016,191,1,P003151   ,1.0,0.0,BAR,20,"ERIKSSON, MARCUS",08:37,0,0,0,0,2,0,0,1,0,1,0,1,0,0,0,2,0,-2,-13.0
2016,191,1,P006476   ,0.0,1.0,BAR,21,"DIAGNE, MOUSSA",16:03,7,3,3,0,0,1,2,2,3,5,0,0,1,0,0,4,2,8,-3.0
2016,191,1,P001972   ,0.0,1.0,BAR,24,"OLESON, BRAD",20:14,4,2,3,0,3,0,0,1,3,4,1,0,1,0,0,2,1,3,9.0
2016,191,1,P004178   ,0.0,1.0,BAR,25,"KOPONEN, PETTERI",23:04,9,0,0,3,8,0,0,1,0,1,3,1,3,0,0,3,4,7,-18.0
2016,191,1,P005945   ,1.0,1.0,BAR,32,"RENFROE, ALEX",23:57,5,1,5,1,3,0,0,1,2,3,2,1,2,0,0,2,1,2,-12.0
2016,191,1,PKRH      ,0.0,0.0,BAR,33,"PERPEROGLOU, STRATOS",11:09,0,0,1,0,2,0,0,0,0,0,2,0,1,0,0,0,1,-1,-20.0
2016,191,1,P002507   ,1.0,0.0,BAR,44,"TOMIC, ANTE",19:52,2,1,4,0,0,0,0,1,3,4,1,0,3,1,0,3,3,2,-11.0
2016,191,1,Team,0.0,0.0,BAR,,Team,,0,0,0,0,0,0,0,2,1,3,0,0,2,0,0,0,0,1,
2016,191,1,Total,,,BAR,,Total,200:00,61,11,26,11,36,6,8,11,18,29,14,7,20,1,0,19,19,50,
2016,191,0,P002100   ,1.0,0.0,CSK,1,"DE COLO, NANDO",24:42,21,9,14,1,2,0,0,0,3,3,3,2,3,0,0,2,2,20,23.0
2016,191,0,PJDR      ,0.0,0.0,CSK,4,"TEODOSIC, MILOS",22:43,9,1,1,2,4,1,1,0,1,1,5,2,5,0,0,2,1,9,7.0
2016,191,0,P001438   ,0.0,0.0,CSK,5,"AUGUSTINE, JAMES",16:13,4,2,4,0,0,0,0,1,3,4,2,1,0,0,0,1,0,8,15.0
2016,191,0,PLLH      ,0.0,1.0,CSK,7,"FRIDZON, VITALY",09:59,0,0,0,0,3,0,0,0,1,1,0,0,0,0,0,2,1,-3,4.0
2016,191,0,P003413   ,1.0,1.0,CSK,9,"JACKSON, AARON",25:00,7,1,2,1,2,2,2,0,4,4,6,0,2,0,0,2,2,13,11.0
2016,191,0,P004941   ,0.0,1.0,CSK,11,"ANTONOV, SEMEN",04:27,0,0,0,0,1,0,0,0,0,0,0,0,0,0,0,1,0,-2,0.0
2016,191,0,PLOO      ,0.0,1.0,CSK,19,"FREELAND, JOEL",05:39,1,0,1,0,0,1,2,1,1,2,1,1,0,0,0,0,2,5,2.0
2016,191,0,PLHI      ,0.0,0.0,CSK,20,"VORONTSEVICH, ANDREY",17:28,9,0,0,3,4,0,0,0,1,1,2,1,0,0,0,3,1,10,2.0
2016,191,0,P006450   ,0.0,1.0,CSK,22,"HIGGINS, CORY",23:32,11,3,6,1,1,2,2,1,5,6,1,0,1,0,1,2,4,15,13.0
2016,191,0,PBCQ      ,1.0,0.0,CSK,31,"KHRYAPA, VICTOR",18:05,8,3,5,0,1,2,3,1,3,4,3,4,1,0,0,0,3,17,22.0
2016,191,0,PJLX      ,1.0,0.0,CSK,41,"KURBANOV, NIKITA",14:04,12,5,5,0,0,2,2,1,1,2,1,1,1,0,0,2,1,14,14.0
2016,191,0,P002812   ,1.0,0.0,CSK,42,"HINES, KYLE",18:08,3,1,2,0,0,1,2,2,0,2,0,0,2,0,0,2,2,1,7.0
2016,191,0,Team,0.0,0.0,CSK,,Team,,0,0,0,0,0,0,0,1,3,4,0,0,0,0,0,0,0,4,
2016,191,0,Total,,,CSK,,Total,200:00,85,25,40,8,18,11,14,8,26,34,24,12,15,0,1,19,19,111,
2016,192,1,P002026   ,1.0,1.0,UNK,2,"ANTIPOV, PAVEL",28:01,3,0,1,1,2,0,0,3,3,6,1,0,0,0,1,1,0,6,-10.0
2016,192,1,P007050   ,1.0,1.0,UNK,4,"CLARKE, COTY",27:34,7,3,5,0,2,1,2,0,5,5,2,1,0,0,0,4,3,9,2.0
2016,192,1,P001887   ,1.0,1.0,UNK,5,"LANGFORD, KEITH",33:03,23,8,13,0,5,7,7,1,0,1,1,0,4,1,0,1,4,15,-11.0
2016,192,1,PJAN      ,0.0,0.0,UNK,7,"PONKRASHOV, ANTON",15:56,6,3,6,0,0,0,0,0,2,2,4,2,2,0,0,2,1,8,4.0
2016,192,1,P003034   ,1.0,0.0,UNK,9,"PARAKHOUSKI, ARTSIOM",16:55,10,5,7,0,0,0,0,2,0,2,0,0,0,0,0,1,0,9,-5.0
2016,192,1,P006533   ,1.0,0.0,UNK,10,"COLOM, QUINO",28:45,16,2,7,1,6,9,10,1,6,7,5,1,4,0,0,1,5,18,-9.0
2016,192,1,P006360   ,0.0,0.0,UNK,12,"KLIMENKO, ARTEM",DNP,0,0,0,0,0,0,0,0,0,0,0,0,0,0,0,0,0,0,0.0
2016,192,1,PATS      ,0.0,0.0,UNK,13,"BANIC, MARKO",04:55,2,0,0,0,0,2,2,1,0,1,0,0,0,0,0,1,1,3,-2.0
2016,192,1,P001389   ,0.0,1.0,UNK,18,"VORONOV, EVGENY",14:15,0,0,1,0,0,0,0,1,1,2,1,0,1,0,0,2,1,0,-6.0
2016,192,1,PLSK      ,0.0,0.0,UNK,20,"PANIN, VADIM",02:45,0,0,0,0,2,0,0,0,0,0,0,0,0,0,1,0,0,-3,-3.0
2016,192,1,P004259   ,0.0,0.0,UNK,22,"WILLIAMS, LATAVIOUS",29:15,16,6,10,0,0,4,4,5,5,10,3,0,1,0,0,5,2,21,0.0
2016,192,1,P000956   ,0.0,1.0,UNK,31,"ANDUSIC, DANILO",23:36,9,0,1,2,4,3,5,1,1,2,2,2,2,0,0,4,3,7,5.0
2016,192,1,Team,0.0,0.0,UNK,,Team,,0,0,0,0,0,0,0,1,4,5,0,0,0,0,0,0,0,5,
2016,192,1,Total,,,UNK,,Total,225:00,92,27,51,4,21,26,30,16,27,43,19,6,14,1,2,22,20,98,
2016,192,0,P005094   ,0.0,0.0,IST,1,"THOMAS, DESHAUN",14:45,8,1,3,2,5,0,0,0,0,0,0,0,0,0,0,1,0,2,2.0
2016,192,0,P005800   ,0.0,0.0,IST,2,"HONEYCUTT, TYLER",23:41,4,2,5,0,2,0,0,2,5,7,4,3,5,0,0,2,0,6,6.0
2016,192,0,P003521   ,0.0,0.0,IST,4,"BALBAY, DOGUS",04:36,0,0,0,0,0,0,0,0,2,2,1,1,0,0,0,2,0,2,4.0
2016,192,0,P004425   ,1.0,1.0,IST,5,"BROWN, DERRICK",30:15,24,8,12,1,2,5,5,3,2,5,2,0,0,0,0,0,4,30,5.0
2016,192,0,P004088   ,1.0,0.0,IST,6,"OSMAN, CEDI",13:14,9,3,5,1,2,0,0,1,0,1,0,0,0,0,1,3,0,3,-4.0
2016,192,0,P007122   ,0.0,0.0,IST,9,"GEYIK, SAMET",DNP,0,0,0,0,0,0,0,0,0,0,0,0,0,0,0,0,0,0,0.0
2016,192,0,P003024   ,1.0,1.0,IST,15,"GRANGER, JAYSON",35:24,17,6,8,1,3,2,3,1,3,4,6,0,2,1,0,2,2,21,7.0
2016,192,0,PKLT      ,0.0,1.0,IST,31,"HEURTEL, THOMAS",28:07,6,2,4,0,2,2,2,0,2,2,9,0,2,0,0,1,5,15,-6.0
2016,192,0,PLQV      ,0.0,0.0,IST,32,"MUTAF, MAXIM",04:22,3,0,0,1,1,0,0,0,0,0,0,0,0,0,0,0,0,3,4.0
2016,192,0,P004945   ,1.0,1.0,IST,33,"PAUL, BRANDON",25:36,6,1,1,1,5,1,2,0,2,2,1,4,0,0,0,4,3,7,10.0
2016,192,0,P003048   ,1.0,1.0,IST,42,"DUNSTON, BRYANT",36:22,16,5,10,0,0,6,8,1,6,7,2,0,2,1,0,2,7,22,6.0
2016,192,0,P007616   ,0.0,0.0,IST,53,"KIRK, ALEX",08:38,6,3,4,0,0,0,0,0,1,1,0,0,0,0,0,3,1,4,1.0
2016,192,0,Team,0.0,0.0,IST,,Team,,0,0,0,0,0,0,0,2,2,4,0,0,0,0,0,0,0,4,
2016,192,0,Total,,,IST,,Total,225:00,99,31,52,7,22,16,20,10,25,35,25,8,11,2,1,20,22,119,
2016,193,1,P002100   ,1.0,0.0,CSK,1,"DE COLO, NANDO",26:56,22,7,12,0,2,8,8,0,3,3,2,4,3,0,2,1,8,26,20.0
2016,193,1,P001108   ,0.0,0.0,CSK,3,"KULAGIN, DMITRY",DNP,0,0,0,0,0,0,0,0,0,0,0,0,0,0,0,0,0,0,0.0
2016,193,1,PJDR      ,0.0,0.0,CSK,4,"TEODOSIC, MILOS",27:06,8,3,6,0,4,2,2,0,2,2,6,0,3,0,0,1,2,7,11.0
2016,193,1,P001438   ,0.0,0.0,CSK,5,"AUGUSTINE, JAMES",15:57,6,2,3,0,0,2,2,2,2,4,0,0,0,0,0,1,2,10,9.0
2016,193,1,PLLH      ,0.0,0.0,CSK,7,"FRIDZON, VITALY",13:17,4,0,0,1,3,1,1,1,1,2,0,0,0,1,0,3,0,2,-7.0
2016,193,1,P003413   ,1.0,1.0,CSK,9,"JACKSON, AARON",20:44,10,2,3,2,2,0,2,0,1,1,5,0,0,0,0,1,3,15,0.0
2016,193,1,P004941   ,0.0,0.0,CSK,11,"ANTONOV, SEMEN",DNP,0,0,0,0,0,0,0,0,0,0,0,0,0,0,0,0,0,0,0.0
2016,193,1,PLHI      ,0.0,0.0,CSK,20,"VORONTSEVICH, ANDREY",20:15,5,1,3,1,4,0,2,1,2,3,1,0,1,0,1,1,2,1,15.0
2016,193,1,P006450   ,0.0,1.0,CSK,22,"HIGGINS, CORY",17:53,12,4,7,1,3,1,1,1,1,2,1,1,0,0,0,3,2,10,19.0
2016,193,1,PBCQ      ,1.0,1.0,CSK,31,"KHRYAPA, VICTOR",19:45,5,2,4,0,1,1,2,1,3,4,1,1,0,0,0,3,3,7,1.0
2016,193,1,PJLX      ,1.0,1.0,CSK,41,"KURBANOV, NIKITA",14:04,0,0,4,0,0,0,0,0,3,3,1,0,1,0,0,2,0,-3,5.0
2016,193,1,P002812   ,1.0,1.0,CSK,42,"HINES, KYLE",24:03,13,5,6,0,0,3,4,3,2,5,0,1,0,1,1,3,2,16,7.0
2016,193,1,Team,0.0,0.0,CSK,,Team,,0,0,0,0,0,0,0,6,1,7,0,0,0,0,0,0,0,7,
2016,193,1,Total,,,CSK,,Total,200:00,85,26,48,5,19,18,24,15,21,36,17,7,8,2,4,19,24,98,
2016,193,0,P000529   ,1.0,0.0,GAL,5,"MICOV, VLADIMIR",30:25,18,2,2,3,5,5,6,2,1,3,3,1,3,0,0,3,4,20,-8.0
2016,193,0,P007595   ,0.0,0.0,GAL,6,"FITIPALDO, BRUNO",09:41,2,1,2,0,2,0,0,0,0,0,2,0,0,0,0,4,0,-3,-14.0
2016,193,0,P004119   ,0.0,1.0,GAL,7,"TYUS, ALEX",16:02,10,4,5,0,0,2,4,3,3,6,0,1,1,2,0,0,3,18,-10.0
2016,193,0,P004300   ,0.0,1.0,GAL,8,"KORKMAZ, CAN",10:20,3,0,0,1,2,0,0,0,1,1,2,0,1,0,0,3,2,3,-1.0
2016,193,0,P005813   ,0.0,1.0,GAL,11,"ARAR, EGE",17:53,2,1,6,0,0,0,0,1,0,1,0,0,1,1,0,2,0,-4,-8.0
2016,193,0,P007355   ,0.0,1.0,GAL,14,"HACIYEVA, ORHAN",02:34,0,0,0,0,0,0,0,0,0,0,0,0,0,0,0,0,0,0,-1.0
2016,193,0,PLHK      ,1.0,0.0,GAL,21,"PLEISS, TIBOR",20:31,11,5,6,0,0,1,3,1,6,7,1,0,4,1,1,2,5,15,-3.0
2016,193,0,P003472   ,1.0,0.0,GAL,25,"DAYE, AUSTIN",23:38,4,2,8,0,1,0,0,1,6,7,1,2,2,0,0,4,2,3,-7.0
2016,193,0,P000494   ,1.0,0.0,GAL,32,"GULER, SINAN",21:44,5,1,5,1,3,0,0,1,1,2,4,1,2,0,1,4,0,-1,-5.0
2016,193,0,P004997   ,0.0,0.0,GAL,33,"DIEBLER, JON",17:22,1,0,0,0,3,1,2,0,2,2,2,0,2,0,0,2,1,-2,-10.0
2016,193,0,P002104   ,1.0,1.0,GAL,61,"KOKSAL, GOKSENIN",29:50,13,1,2,3,6,2,3,2,3,5,2,0,2,0,0,1,2,14,-13.0
2016,193,0,Team,0.0,0.0,GAL,,Team,,0,0,0,0,0,0,0,2,1,3,0,0,0,0,0,0,0,3,
2016,193,0,Total,,,GAL,,Total,200:00,69,17,36,8,22,11,18,13,24,37,17,5,18,4,2,25,19,66,
2016,194,1,PLIM      ,0.0,0.0,ULK,5,"HERSEK, BARIS",DNP,0,0,0,0,0,0,0,0,0,0,0,0,0,0,0,0,0,0,0.0
2016,194,1,P002969   ,0.0,0.0,ULK,10,"MAHMUTOGLU, MELIH",13:00,6,0,0,2,4,0,0,0,0,0,1,2,0,0,0,2,0,5,6.0
2016,194,1,PBAE      ,0.0,0.0,ULK,12,"ANTIC, PERO",12:55,7,0,0,1,3,4,4,1,3,4,0,1,0,0,0,1,2,11,4.0
2016,194,1,P002821   ,1.0,1.0,ULK,13,"BOGDANOVIC, BOGDAN",34:32,26,7,10,2,5,6,8,1,1,2,8,1,5,0,1,3,6,26,2.0
2016,194,1,P007615   ,1.0,1.0,ULK,15,"BENNETT, ANTHONY",18:42,9,3,4,1,3,0,0,0,3,3,0,1,0,1,1,1,1,10,3.0
2016,194,1,P007400   ,1.0,0.0,ULK,21,"NUNNALLY, JAMES",05:55,0,0,3,0,2,0,0,0,0,0,0,1,0,0,1,0,0,-5,-1.0
2016,194,1,P003783   ,0.0,0.0,ULK,23,"UGURLU, BERK",06:29,0,0,0,0,1,0,0,0,0,0,1,0,0,0,0,1,0,-1,1.0
2016,194,1,P000925   ,1.0,1.0,ULK,24,"VESELY, JAN",27:15,6,3,3,0,0,0,1,2,2,4,2,2,1,0,0,4,2,10,-10.0
2016,194,1,P004866   ,1.0,1.0,ULK,33,"KALINIC, NIKOLA",34:04,8,2,4,1,1,1,3,1,4,5,1,1,2,1,0,0,4,14,-2.0
2016,194,1,P001324   ,0.0,0.0,ULK,35,"DIXON, BOBBY",14:22,2,1,3,0,3,0,0,0,1,1,1,0,2,0,0,4,2,-5,-14.0
2016,194,1,P006399   ,0.0,0.0,ULK,44,"DUVERIOGLU, AHMET",03:17,0,0,0,0,0,0,0,0,0,0,0,0,0,0,0,0,0,0,-1.0
2016,194,1,PCCD      ,0.0,1.0,ULK,70,"DATOME, LUIGI",29:29,10,2,4,1,4,3,3,0,1,1,1,1,2,0,0,3,5,8,-13.0
2016,194,1,Team,0.0,0.0,ULK,,Team,,0,0,0,0,0,0,0,3,5,8,0,0,0,0,0,0,0,8,
2016,194,1,Total,,,ULK,,Total,200:00,74,18,31,8,26,14,19,8,20,28,15,10,12,2,3,19,22,81,
2016,194,0,P007200   ,1.0,1.0,BAS,0,"LARKIN, SHANE",28:39,19,5,7,2,5,3,5,0,3,3,1,0,2,0,0,2,6,18,-13.0
2016,194,0,P007201   ,0.0,0.0,BAS,7,"VOIGTMANN, JOHANNES",20:26,4,2,2,0,1,0,0,1,3,4,1,0,1,0,0,1,0,6,1.0
2016,194,0,P005099   ,1.0,1.0,BAS,8,"HANGA, ADAM",27:46,7,0,2,2,4,1,2,1,5,6,2,2,1,0,0,1,1,11,-4.0
2016,194,0,P007230   ,0.0,0.0,BAS,9,"SEDEKERSKIS, TADAS",DNP,0,0,0,0,0,0,0,0,0,0,0,0,0,0,0,0,0,0,0.0
2016,194,0,P006590   ,1.0,1.0,BAS,10,"BEAUBOIS, RODRIGUE",19:41,7,1,3,1,3,2,2,0,4,4,3,1,2,2,0,1,4,14,6.0
2016,194,0,P003452   ,0.0,0.0,BAS,11,"BLAZIC, JAKA",10:04,7,2,4,1,1,0,0,0,1,1,0,0,1,0,0,3,0,2,5.0
2016,194,0,P003540   ,1.0,0.0,BAS,12,"DIOP, ILIMANE",17:05,4,2,4,0,0,0,0,2,0,2,1,1,0,0,1,5,2,2,3.0
2016,194,0,P002744   ,1.0,1.0,BAS,14,"TILLIE, KIM",21:51,7,2,3,1,3,0,0,3,1,4,0,1,3,0,0,3,0,3,4.0
2016,194,0,P006435   ,0.0,0.0,BAS,15,"LAPROVITTOLA, NICOLAS",DNP,0,0,0,0,0,0,0,0,0,0,0,0,0,0,0,0,0,0,0.0
2016,194,0,P001133   ,0.0,1.0,BAS,23,"SHENGELIA, TORNIKE",20:38,7,1,4,1,2,2,2,3,3,6,3,1,3,1,1,4,2,8,2.0
2016,194,0,P007427   ,0.0,0.0,BAS,34,"BUDINGER, CHASE",22:29,7,1,2,1,2,2,2,0,1,1,1,0,1,0,0,1,2,7,3.0
2016,194,0,P001633   ,0.0,0.0,BAS,55,"LUZ, RAFA",11:21,10,3,3,1,2,1,3,0,1,1,4,1,1,0,0,1,2,13,18.0
2016,194,0,Team,0.0,0.0,BAS,,Team,,0,0,0,0,0,0,0,1,2,3,0,0,0,0,0,0,0,3,
2016,194,0,Total,,,BAS,,Total,200:00,79,19,34,10,23,11,16,11,24,35,16,7,15,3,2,22,19,87,
2016,195,1,P006536   ,1.0,0.0,TEL,3,"RUDD, VICTOR",26:23,17,5,8,2,4,1,1,1,0,1,0,2,1,0,0,3,1,12,19.0
2016,195,1,P004862   ,1.0,1.0,TEL,4,"SEELEY, D.J.",23:00,15,5,7,1,3,2,2,1,1,2,7,1,0,0,0,3,4,22,1.0
2016,195,1,P007765   ,0.0,0.0,TEL,5,"SIMPSON, DIAMON",20:00,11,5,9,0,0,1,3,3,5,8,0,1,1,3,0,3,4,17,3.0
2016,195,1,P001274   ,1.0,0.0,TEL,6,"SMITH, DEVIN",14:33,5,1,2,1,2,0,0,0,2,2,1,0,0,1,0,2,0,5,5.0
2016,195,1,P007768   ,0.0,1.0,TEL,8,"LEVI, NIMROD",01:30,0,0,0,0,1,0,0,0,0,0,0,0,0,0,0,0,0,-1,-6.0
2016,195,1,PKJP      ,0.0,1.0,TEL,9,"MEKEL, GAL",27:36,7,2,3,0,1,3,4,0,3,3,8,1,3,0,0,0,4,17,14.0
2016,195,1,PLKX      ,0.0,1.0,TEL,10,"PNINI, GUY",16:10,5,1,1,1,2,0,0,2,0,2,2,0,0,0,0,0,0,8,-2.0
2016,195,1,P004161   ,0.0,1.0,TEL,11,"SEGEV, ITAY",02:13,2,1,2,0,0,0,0,0,0,0,0,0,0,0,0,0,0,1,-4.0
2016,195,1,P000622   ,1.0,0.0,TEL,12,"OHAYON, YOGEV",16:44,7,0,2,2,2,1,2,0,2,2,5,1,3,0,0,2,1,8,-2.0
2016,195,1,P004160   ,0.0,0.0,TEL,15,"LANDESBERG, SYLVEN",24:36,7,2,5,1,5,0,0,0,2,2,1,1,1,0,0,2,2,3,12.0
2016,195,1,P006195   ,0.0,0.0,TEL,23,"ALEXANDER, JOE",09:03,0,0,1,0,0,0,0,0,1,1,1,0,0,0,0,0,0,1,-1.0
2016,195,1,P005154   ,1.0,0.0,TEL,24,"IVERSON, COLTON",18:12,16,6,8,0,0,4,7,3,6,9,0,1,0,0,0,4,5,22,11.0
2016,195,1,Team,0.0,0.0,TEL,,Team,,0,0,0,0,0,0,0,1,3,4,0,0,0,0,0,0,0,4,
2016,195,1,Total,,,TEL,,Total,200:00,92,28,48,8,20,12,19,11,25,36,25,8,9,4,0,19,21,119,
2016,195,0,P004418   ,0.0,1.0,MIL,1,"MCLEAN, JAMEL",26:18,8,3,5,0,0,2,4,1,0,1,8,1,2,0,1,3,3,11,1.0
2016,195,0,P004499   ,0.0,0.0,MIL,2,"FONTECCHIO, SIMONE",04:19,0,0,0,0,0,0,0,0,1,1,0,0,0,0,0,2,0,-1,-4.0
2016,195,0,P004159   ,1.0,0.0,MIL,7,"HICKMAN, RICKY",29:54,8,3,7,0,3,2,2,2,5,7,7,0,1,0,0,2,5,17,-19.0
2016,195,0,PJDU      ,1.0,0.0,MIL,11,"RADULJICA, MIROSLAV",10:09,7,2,4,0,0,3,4,0,1,1,0,0,0,0,0,3,2,4,-6.0
2016,195,0,PJEA      ,1.0,1.0,MIL,13,"MACVAN, MILAN",31:24,12,2,7,2,4,2,2,3,4,7,1,1,2,0,1,3,2,10,1.0
2016,195,0,P006385   ,0.0,0.0,MIL,14,"PASCOLO, DAVIDE",12:09,2,1,3,0,0,0,0,0,1,1,0,0,0,0,0,1,0,0,-16.0
2016,195,0,PKIW      ,0.0,1.0,MIL,20,"CINCIARINI, ANDREA",23:08,10,5,6,0,1,0,0,0,7,7,4,0,2,0,0,1,1,17,7.0
2016,195,0,P005001   ,1.0,0.0,MIL,21,"SANDERS, RAKIM",31:23,19,3,7,4,10,1,2,1,4,5,2,1,3,0,1,1,4,15,-9.0
2016,195,0,P003527   ,1.0,1.0,MIL,23,"ABASS, AWUDU",28:27,13,0,4,3,4,4,4,3,1,4,0,0,2,0,1,3,2,8,-9.0
2016,195,0,P002081   ,0.0,1.0,MIL,30,"CERELLA, BRUNO",02:49,3,0,0,1,1,0,0,0,1,1,0,0,0,0,0,2,0,2,4.0
2016,195,0,Team,0.0,0.0,MIL,,Team,,0,0,0,0,0,0,0,2,1,3,0,0,0,0,0,0,0,3,
2016,195,0,Total,,,MIL,,Total,200:00,82,19,43,10,23,14,18,12,26,38,22,3,12,0,4,21,19,86,
2016,196,1,P005757   ,1.0,1.0,MAD,3,"RANDOLPH, ANTHONY",22:37,11,1,2,3,4,0,0,0,5,5,0,0,2,0,0,0,3,15,20.0
2016,196,1,P002946   ,0.0,0.0,MAD,4,"DRAPER, DONTAYE",DNP,0,0,0,0,0,0,0,0,0,0,0,0,0,0,0,0,0,0,0.0
2016,196,1,PBMT      ,0.0,0.0,MAD,5,"FERNANDEZ, RUDY",20:02,3,0,0,1,4,0,0,1,1,2,6,2,2,1,0,2,1,8,20.0
2016,196,1,P005929   ,0.0,1.0,MAD,7,"DONCIC, LUKA",19:24,7,2,3,1,1,0,0,0,4,4,5,2,2,0,0,0,3,18,17.0
2016,196,1,PJCC      ,1.0,0.0,MAD,8,"MACIULIS, JONAS",13:36,12,0,0,4,6,0,0,0,1,1,0,2,0,0,0,2,1,12,10.0
2016,196,1,PAAX      ,0.0,0.0,MAD,9,"REYES, FELIPE",06:24,1,0,1,0,0,1,2,0,0,0,0,0,0,0,0,1,2,0,4.0
2016,196,1,P005927   ,1.0,0.0,MAD,14,"AYON, GUSTAVO",18:24,12,6,6,0,0,0,0,3,3,6,5,1,0,0,0,0,1,25,17.0
2016,196,1,P001960   ,0.0,1.0,MAD,20,"CARROLL, JAYCEE",20:45,9,4,5,0,4,1,1,0,3,3,2,1,0,0,0,2,1,9,13.0
2016,196,1,P005160   ,0.0,1.0,MAD,21,"HUNTER, OTHELLO",18:51,11,4,4,0,0,3,3,2,6,8,1,1,1,0,0,2,2,20,15.0
2016,196,1,PTGB      ,1.0,0.0,MAD,23,"LLULL, SERGIO",24:31,11,2,4,1,4,4,4,1,1,2,10,0,6,1,0,1,4,16,17.0
2016,196,1,P005836   ,0.0,0.0,MAD,33,"THOMPKINS, TREY",13:44,9,2,2,1,3,2,2,0,1,1,0,0,2,0,0,5,1,2,4.0
2016,196,1,P006546   ,1.0,1.0,MAD,44,"TAYLOR, JEFFERY",21:42,12,3,3,1,3,3,4,1,0,1,1,0,0,1,0,2,2,12,13.0
2016,196,1,Team,0.0,0.0,MAD,,Team,,0,0,0,0,0,0,0,1,2,3,0,0,1,0,0,0,0,2,
2016,196,1,Total,,,MAD,,Total,200:00,98,24,30,12,29,14,16,9,27,36,30,9,16,3,0,17,21,139,
2016,196,0,P006555   ,0.0,0.0,RED,0,"WOLTERS, NATE",19:04,9,2,3,1,3,2,2,0,0,0,3,0,0,0,0,3,1,7,-12.0
2016,196,0,P003453   ,0.0,0.0,RED,2,"THOMPSON, DEON",08:28,6,3,4,0,0,0,0,0,1,1,0,0,0,0,0,1,1,6,-10.0
2016,196,0,P005942   ,1.0,0.0,RED,6,"DANGUBIC, NEMANJA",25:39,4,1,3,0,3,2,2,1,0,1,0,0,1,0,0,2,2,-1,-24.0
2016,196,0,P002553   ,1.0,0.0,RED,9,"MITROVIC, LUKA",09:13,4,2,2,0,0,0,0,2,0,2,2,0,1,0,0,1,0,6,-11.0
2016,196,0,PLUO      ,0.0,0.0,RED,10,"LAZIC, BRANKO",11:22,0,0,0,0,1,0,0,0,1,1,0,0,0,0,0,4,0,-4,2.0
2016,196,0,P004007   ,0.0,1.0,RED,13,"DOBRIC, OGNJEN",07:28,0,0,0,0,1,0,0,0,0,0,0,0,2,0,0,1,0,-4,-11.0
2016,196,0,PLRU      ,0.0,0.0,RED,19,"SIMONOVIC, MARKO",26:02,13,2,4,1,4,6,6,0,2,2,1,2,1,0,0,1,5,16,-22.0
2016,196,0,P007395   ,0.0,0.0,RED,20,"RAKICEVIC, PETAR",DNP,0,0,0,0,0,0,0,0,0,0,0,0,0,0,0,0,0,0,0.0
2016,196,0,P005014   ,1.0,1.0,RED,22,"JENKINS, CHARLES",28:19,10,5,8,0,1,0,0,0,1,1,5,2,0,0,2,1,0,11,-16.0
2016,196,0,P004004   ,1.0,1.0,RED,23,"GUDURIC, MARKO",19:59,7,1,2,1,2,2,2,1,0,1,1,2,3,0,0,1,3,8,-21.0
2016,196,0,P003479   ,1.0,1.0,RED,32,"KUZMIC, OGNJEN",16:33,6,3,6,0,0,0,0,2,3,5,1,3,2,0,1,4,1,6,-9.0
2016,196,0,PCHX      ,0.0,1.0,RED,51,"BJELICA, MILKO",27:53,9,4,9,0,4,1,2,2,6,8,1,3,5,0,0,2,4,8,-16.0
2016,196,0,Team,0.0,0.0,RED,,Team,,0,0,0,0,0,0,0,1,0,1,0,0,0,0,0,0,0,1,
2016,196,0,Total,,,RED,,Total,200:00,68,23,41,3,19,13,14,9,14,23,14,12,15,0,3,21,17,60,
2016,197,1,P006433   ,1.0,0.0,ZAL,3,"PANGOS, KEVIN",24:28,6,0,3,2,4,0,0,1,1,2,9,0,0,0,0,3,4,13,12.0
2016,197,1,P003210   ,0.0,0.0,ZAL,4,"LEKAVICIUS, LUKAS",11:51,0,0,0,0,3,0,0,0,1,1,1,0,2,0,0,0,1,-2,-7.0
2016,197,1,P002543   ,1.0,1.0,ZAL,9,"WESTERMANN, LEO",33:57,14,4,6,2,4,0,0,1,5,6,6,0,3,0,0,1,1,19,4.0
2016,197,1,PKNO      ,0.0,0.0,ZAL,10,"SEIBUTIS, RENALDAS",03:41,0,0,0,0,0,0,0,0,0,0,0,0,0,0,0,1,0,-1,-2.0
2016,197,1,P006599   ,0.0,1.0,ZAL,12,"MOTUM, BROCK",25:13,11,3,6,1,2,2,4,1,3,4,1,0,1,0,1,2,2,8,0.0
2016,197,1,PBWI      ,1.0,1.0,ZAL,13,"JANKUNAS, PAULIUS",21:20,11,3,7,0,3,5,5,2,6,8,1,2,0,1,0,3,6,19,2.0
2016,197,1,PBVE      ,0.0,0.0,ZAL,15,"JAVTOKAS, ROBERTAS",03:56,0,0,1,0,0,0,0,0,0,0,0,0,0,0,0,2,1,-2,-2.0
2016,197,1,PKPD      ,0.0,1.0,ZAL,21,"MILAKNIS, ARTURAS",24:16,13,2,2,3,6,0,1,0,2,2,0,0,1,0,0,2,2,10,9.0
2016,197,1,P001098   ,1.0,0.0,ZAL,23,"LIMA, AUGUSTO",13:08,0,0,1,0,0,0,0,0,3,3,0,0,0,1,0,2,0,1,-2.0
2016,197,1,P000399   ,0.0,0.0,ZAL,44,"KAVALIAUSKAS, ANTANAS",08:22,4,2,2,0,0,0,0,0,0,0,0,2,1,0,0,2,0,3,4.0
2016,197,1,P005846   ,0.0,0.0,ZAL,55,"HARTENSTEIN, ISAIAH",DNP,0,0,0,0,0,0,0,0,0,0,0,0,0,0,0,0,0,0,0.0
2016,197,1,P002329   ,1.0,1.0,ZAL,92,"ULANOVAS, EDGARAS",29:48,5,1,6,1,1,0,0,2,2,4,0,0,2,1,2,0,2,3,12.0
2016,197,1,Team,0.0,0.0,ZAL,,Team,,0,0,0,0,0,0,0,1,1,2,0,0,0,0,0,0,0,2,
2016,197,1,Total,,,ZAL,,Total,200:00,64,15,34,9,23,7,10,8,24,32,18,4,10,3,3,18,19,73,
2016,197,0,P006614   ,1.0,1.0,PAN,0,"SINGLETON, CHRIS",34:44,11,2,5,1,3,4,6,1,5,6,2,2,1,3,0,3,7,20,-10.0
2016,197,0,P003482   ,1.0,1.0,PAN,2,"NICHOLS, DEMETRIS",19:55,4,2,2,0,0,0,0,2,3,5,1,1,1,0,0,1,0,9,1.0
2016,197,0,P002429   ,0.0,1.0,PAN,3,"RIVERS, K.C.",26:56,7,2,5,1,5,0,0,0,2,2,1,1,1,0,0,3,0,0,-16.0
2016,197,0,P005985   ,0.0,0.0,PAN,5,"JAMES, MIKE",14:34,0,0,0,0,3,0,0,0,1,1,2,0,2,0,0,1,1,-2,-4.0
2016,197,0,PBEZ      ,0.0,0.0,PAN,9,"FOTSIS, ANTONIS",09:14,2,1,1,0,0,0,0,1,2,3,0,0,1,0,0,0,1,5,4.0
2016,197,0,P000464   ,1.0,1.0,PAN,11,"PAPPAS, NIKOS",25:40,13,4,8,0,1,5,5,0,3,3,2,1,0,0,0,3,4,15,1.0
2016,197,0,P005918   ,0.0,0.0,PAN,12,"FELDEINE, JAMES",18:02,7,2,5,1,3,0,0,0,0,0,1,2,0,0,0,1,1,5,-5.0
2016,197,0,P002980   ,0.0,0.0,PAN,14,"GIST, JAMES",DNP,0,0,0,0,0,0,0,0,0,0,0,0,0,0,0,0,0,0,0.0
2016,197,0,P004218   ,0.0,0.0,PAN,15,"CHARALAMPOPOULOS, VASILIS",DNP,0,0,0,0,0,0,0,0,0,0,0,0,0,0,0,0,0,0,0.0
2016,197,0,P005881   ,1.0,0.0,PAN,21,"GABRIEL, KENNY",10:35,2,1,2,0,1,0,0,0,2,2,0,0,0,0,1,3,0,-2,4.0
2016,197,0,PAQU      ,0.0,0.0,PAN,29,"BOUROUSIS, IOANNIS",18:58,10,4,6,0,0,2,2,2,3,5,2,0,1,0,0,2,4,16,-7.0
2016,197,0,P001932   ,1.0,1.0,PAN,33,"CALATHES, NICK",21:22,2,1,4,0,2,0,0,0,2,2,5,0,3,0,2,2,0,-3,2.0
2016,197,0,Team,0.0,0.0,PAN,,Team,,0,0,0,0,0,0,0,4,3,7,0,0,1,0,0,0,0,6,
2016,197,0,Total,,,PAN,,Total,200:00,58,19,38,3,18,11,13,10,26,36,16,7,11,3,3,19,18,69,
2016,198,1,P005094   ,0.0,0.0,IST,1,"THOMAS, DESHAUN",11:34,5,1,2,1,2,0,0,1,1,2,0,0,0,0,0,1,1,5,-11.0
2016,198,1,P005800   ,0.0,0.0,IST,2,"HONEYCUTT, TYLER",09:31,3,0,1,1,2,0,4,1,1,2,0,0,2,1,0,0,2,0,-15.0
2016,198,1,P003521   ,0.0,0.0,IST,4,"BALBAY, DOGUS",11:25,0,0,0,0,3,0,0,0,1,1,1,2,0,0,0,2,0,-1,-1.0
2016,198,1,P004425   ,1.0,1.0,IST,5,"BROWN, DERRICK",32:52,13,5,9,0,3,3,4,3,1,4,1,1,1,1,0,1,4,14,-6.0
2016,198,1,P004088   ,1.0,1.0,IST,6,"OSMAN, CEDI",26:28,15,4,6,1,5,4,6,2,5,7,2,2,0,0,0,2,5,21,-5.0
2016,198,1,P007122   ,0.0,0.0,IST,9,"GEYIK, SAMET",DNP,0,0,0,0,0,0,0,0,0,0,0,0,0,0,0,0,0,0,0.0
2016,198,1,P003024   ,1.0,0.0,IST,15,"GRANGER, JAYSON",17:43,3,1,6,0,1,1,2,0,1,1,3,0,0,0,1,0,1,0,-2.0
2016,198,1,PKLT      ,0.0,1.0,IST,31,"HEURTEL, THOMAS",25:18,11,3,10,0,4,5,6,0,0,0,5,1,2,0,0,4,7,6,-21.0
2016,198,1,PLQV      ,0.0,0.0,IST,32,"MUTAF, MAXIM",05:28,0,0,0,0,1,0,0,0,1,1,0,0,0,0,0,1,0,-1,-7.0
2016,198,1,P004945   ,1.0,1.0,IST,33,"PAUL, BRANDON",24:07,11,1,5,3,5,0,0,1,0,1,1,1,0,0,1,4,0,3,-6.0
2016,198,1,P003048   ,1.0,1.0,IST,42,"DUNSTON, BRYANT",28:20,7,3,6,0,0,1,1,4,4,8,0,0,1,2,0,2,3,14,-19.0
2016,198,1,P007616   ,0.0,0.0,IST,53,"KIRK, ALEX",07:14,0,0,0,0,0,0,0,0,2,2,0,0,0,2,0,3,0,1,-2.0
2016,198,1,Team,0.0,0.0,IST,,Team,,0,0,0,0,0,0,0,2,2,4,0,0,0,0,0,0,0,4,
2016,198,1,Total,,,IST,,Total,200:00,68,18,45,6,26,14,23,14,19,33,13,7,6,6,2,20,23,66,
2016,198,0,P001392   ,1.0,0.0,BAM,1,"CAUSEUR, FABIEN",26:43,7,0,1,2,3,1,4,0,3,3,4,1,2,0,0,2,3,9,9.0
2016,198,0,P002849   ,1.0,1.0,BAM,4,"MELLI, NICOLO",25:50,16,6,8,1,1,1,2,0,6,6,5,0,2,1,0,1,3,25,14.0
2016,198,0,PABN      ,1.0,0.0,BAM,6,"ZISIS, NIKOS",22:54,4,2,5,0,0,0,0,0,2,2,5,0,0,0,1,2,4,9,14.0
2016,198,0,P003703   ,0.0,0.0,BAM,7,"NIKOLIC, ALEKSEJ",11:01,4,1,1,0,1,2,2,0,1,1,1,1,0,0,0,5,1,2,4.0
2016,198,0,P004132   ,0.0,1.0,BAM,10,"THEIS, DANIEL",22:37,4,2,6,0,1,0,1,1,5,6,0,1,2,1,2,1,1,2,-1.0
2016,198,0,P007032   ,0.0,1.0,BAM,12,"LO, MAODO",17:22,15,2,4,3,4,2,4,0,1,1,2,0,2,0,2,1,7,15,6.0
2016,198,0,PLLM      ,0.0,0.0,BAM,14,"VEREMEENKO, VLADIMIR",05:43,2,1,1,0,0,0,0,0,2,2,0,0,1,0,0,3,0,0,-1.0
2016,198,0,P006421   ,1.0,0.0,BAM,21,"MILLER, DARIUS",24:30,14,4,5,2,2,0,0,0,6,6,3,0,1,0,0,3,0,18,12.0
2016,198,0,P006338   ,0.0,1.0,BAM,22,"McNEAL, JEREL",08:30,0,0,0,0,0,0,0,0,2,2,0,1,0,0,0,4,0,-1,-3.0
2016,198,0,P004512   ,0.0,0.0,BAM,25,"KRATZER, LEON",DNP,0,0,0,0,0,0,0,0,0,0,0,0,0,0,0,0,0,0,0.0
2016,198,0,P006420   ,0.0,1.0,BAM,33,"HECKMANN, PATRICK",19:16,5,1,3,1,1,0,0,1,5,6,2,0,1,0,0,1,0,9,25.0
2016,198,0,PLEM      ,1.0,0.0,BAM,43,"RADOSEVIC, LEON",15:34,16,8,9,0,0,0,1,1,4,5,0,0,1,0,1,1,1,17,16.0
2016,198,0,Team,0.0,0.0,BAM,,Team,,0,0,0,0,0,0,0,2,0,2,0,0,0,0,0,0,0,2,
2016,198,0,Total,,,BAM,,Total,200:00,87,27,43,9,13,6,14,5,37,42,22,4,12,2,6,24,20,107,
2016,199,1,P007759   ,0.0,0.0,BAR,1,"MUNFORD, XAVIER",02:41,0,0,1,0,0,0,0,0,0,0,0,0,0,0,0,0,0,-1,-4.0
2016,199,1,P003367   ,1.0,1.0,BAR,2,"RICE, TYRESE",18:28,9,3,4,1,3,0,0,0,2,2,4,1,1,0,0,2,1,11,8.0
2016,199,1,P000556   ,1.0,1.0,BAR,10,"CLAVER, VICTOR",19:33,12,2,3,2,3,2,2,2,0,2,0,2,1,1,0,0,1,15,11.0
2016,199,1,P001215   ,0.0,0.0,BAR,13,"FAVERANI, VITOR",15:39,4,1,2,0,1,2,2,0,6,6,0,0,0,0,0,1,2,9,1.0
2016,199,1,P003469   ,0.0,0.0,BAR,14,"VEZENKOV, ALEKSANDAR",20:27,6,1,2,1,4,1,1,0,2,2,0,0,1,1,0,2,4,6,-3.0
2016,199,1,P003151   ,0.0,0.0,BAR,20,"ERIKSSON, MARCUS",20:57,6,0,2,2,4,0,0,0,2,2,0,1,1,0,0,2,0,2,3.0
2016,199,1,P006476   ,0.0,0.0,BAR,21,"DIAGNE, MOUSSA",02:19,0,0,0,0,0,0,0,0,1,1,0,0,0,0,0,1,0,0,-4.0
2016,199,1,P001972   ,1.0,1.0,BAR,24,"OLESON, BRAD",21:36,3,0,0,1,4,0,0,0,1,1,4,1,0,0,0,1,0,5,-1.0
2016,199,1,P004178   ,0.0,0.0,BAR,25,"KOPONEN, PETTERI",18:18,9,3,5,1,4,0,0,1,2,3,3,0,2,0,0,2,0,6,6.0
2016,199,1,P005945   ,0.0,0.0,BAR,32,"RENFROE, ALEX",21:38,2,1,1,0,2,0,0,1,3,4,2,1,1,0,0,2,0,4,3.0
2016,199,1,PKRH      ,1.0,1.0,BAR,33,"PERPEROGLOU, STRATOS",16:22,13,4,5,1,4,2,3,0,3,3,0,3,1,0,0,3,4,14,9.0
2016,199,1,P002507   ,1.0,1.0,BAR,44,"TOMIC, ANTE",22:02,6,3,6,0,0,0,2,1,2,3,2,4,3,0,0,0,3,10,11.0
2016,199,1,Team,0.0,0.0,BAR,,Team,,0,0,0,0,0,0,0,1,1,2,0,0,1,0,0,0,0,1,
2016,199,1,Total,,,BAR,,Total,200:00,70,18,31,9,29,7,10,6,25,31,15,13,12,2,0,16,15,82,
2016,199,0,P002026   ,1.0,1.0,UNK,2,"ANTIPOV, PAVEL",24:42,12,0,1,4,5,0,0,0,4,4,1,1,0,0,0,2,1,15,-6.0
2016,199,0,P007050   ,0.0,1.0,UNK,4,"CLARKE, COTY",20:25,4,2,3,0,1,0,0,2,3,5,1,0,1,0,0,1,3,9,-5.0
2016,199,0,PJAN      ,0.0,0.0,UNK,7,"PONKRASHOV, ANTON",19:32,8,1,2,2,4,0,0,1,1,2,4,1,1,0,0,0,0,11,-3.0
2016,199,0,P003034   ,1.0,0.0,UNK,9,"PARAKHOUSKI, ARTSIOM",23:24,8,4,10,0,0,0,0,1,2,3,0,1,0,0,0,5,0,1,0.0
2016,199,0,P006533   ,1.0,1.0,UNK,10,"COLOM, QUINO",32:07,10,1,4,2,4,2,2,0,3,3,8,0,6,0,0,1,5,14,-4.0
2016,199,0,P006360   ,0.0,1.0,UNK,12,"KLIMENKO, ARTEM",09:12,2,1,3,0,0,0,0,0,2,2,0,0,3,0,1,0,0,-2,-1.0
2016,199,0,PATS      ,0.0,0.0,UNK,13,"BANIC, MARKO",12:44,6,3,6,0,0,0,0,0,2,2,0,0,0,0,1,0,1,5,-2.0
2016,199,0,P001389   ,0.0,0.0,UNK,18,"VORONOV, EVGENY",02:25,0,0,1,0,0,0,0,0,0,0,0,0,0,0,0,0,0,-1,-1.0
2016,199,0,PLSK      ,1.0,0.0,UNK,20,"PANIN, VADIM",23:40,5,0,1,1,2,2,2,1,3,4,0,0,2,0,0,3,4,6,-1.0
2016,199,0,P004259   ,0.0,0.0,UNK,22,"WILLIAMS, LATAVIOUS",09:58,2,1,3,0,0,0,1,0,3,3,0,0,3,0,0,3,2,-2,-7.0
2016,199,0,P000956   ,1.0,1.0,UNK,31,"ANDUSIC, DANILO",21:51,5,1,3,1,2,0,0,0,1,1,3,0,2,0,0,0,0,4,-10.0
2016,199,0,Team,0.0,0.0,UNK,,Team,,0,0,0,0,0,0,0,0,4,4,0,0,0,0,0,0,0,4,
2016,199,0,Total,,,UNK,,Total,200:00,62,14,37,10,18,4,5,5,28,33,17,3,18,0,2,15,16,64,
2016,200,1,P005159   ,0.0,0.0,OLY,1,"GREEN, ERICK",16:54,11,2,5,1,2,4,4,0,0,0,1,1,0,1,0,0,2,12,-2.0
2016,200,1,P007182   ,0.0,0.0,OLY,2,"BIRCH, KHEM",18:12,13,5,5,0,0,3,5,2,6,8,0,0,2,2,0,4,4,19,8.0
2016,200,1,P005984   ,0.0,0.0,OLY,4,"YOUNG, PATRIC",04:51,4,2,2,0,0,0,0,0,1,1,0,0,2,0,0,3,0,0,-3.0
2016,200,1,P005161   ,0.0,1.0,OLY,6,"PAPAPETROU, IOANNIS",13:21,0,0,0,0,1,0,0,0,1,1,0,2,1,0,0,2,0,-1,6.0
2016,200,1,PJUO      ,1.0,1.0,OLY,7,"SPANOULIS, VASSILIS",23:18,8,2,4,1,5,1,2,0,1,1,8,1,2,0,0,1,5,13,8.0
2016,200,1,P004223   ,0.0,0.0,OLY,9,"WATERS, DOMINIC",19:49,7,2,4,1,2,0,0,0,4,4,4,0,1,0,0,1,1,11,-3.0
2016,200,1,P004429   ,0.0,0.0,OLY,10,"AGRAVANIS, DIMITRIOS",DNP,0,0,0,0,0,0,0,0,0,0,0,0,0,0,0,0,0,0,0.0
2016,200,1,P003941   ,1.0,1.0,OLY,11,"MILUTINOV, NIKOLA",11:07,8,2,2,0,0,4,6,0,0,0,1,0,0,2,0,1,3,11,5.0
2016,200,1,PAMM      ,1.0,1.0,OLY,15,"PRINTEZIS, GEORGIOS",26:44,8,4,10,0,1,0,0,1,3,4,2,0,1,0,1,2,4,7,4.0
2016,200,1,P001255   ,1.0,1.0,OLY,16,"PAPANIKOLAOU, KOSTAS",24:00,7,2,2,0,1,3,3,1,2,3,2,1,0,1,0,0,2,15,10.0
2016,200,1,P003537   ,1.0,0.0,OLY,17,"MANTZARIS, VANGELIS",19:38,3,0,0,1,4,0,0,0,3,3,3,0,0,0,0,5,0,1,9.0
2016,200,1,P003608   ,0.0,0.0,OLY,24,"LOJESKI, MATT",22:06,12,3,4,1,3,3,3,2,2,4,0,0,2,0,1,3,1,8,-2.0
2016,200,1,Team,0.0,0.0,OLY,,Team,,0,0,0,0,0,0,0,3,3,6,0,0,1,0,0,0,0,5,
2016,200,1,Total,,,OLY,,Total,200:00,81,24,38,5,19,18,23,9,26,35,21,5,12,6,2,22,22,101,
2016,200,0,P006661   ,1.0,1.0,DAR,1,"WILBEKIN, SCOTTIE",29:09,6,3,5,0,6,0,0,1,1,2,1,0,0,0,2,2,1,-2,-3.0
2016,200,0,P000497   ,0.0,0.0,DAR,4,"YAGMUR, MEHMET",DNP,0,0,0,0,0,0,0,0,0,0,0,0,0,0,0,0,0,0,0.0
2016,200,0,P004170   ,0.0,0.0,DAR,8,"BATUK, BIRKAN",07:31,0,0,0,0,1,0,0,1,1,2,0,0,1,0,0,2,0,-2,-3.0
2016,200,0,P005838   ,1.0,1.0,DAR,11,"WANAMAKER, BRAD",35:30,23,7,13,0,1,9,10,0,1,1,6,1,2,1,3,2,12,29,-2.0
2016,200,0,P004888   ,0.0,1.0,DAR,12,"CLYBURN, WILL",33:36,20,6,15,1,4,5,6,2,5,7,1,1,4,0,1,2,3,12,-6.0
2016,200,0,P005000   ,0.0,0.0,DAR,13,"ULUBAY, OKBEN",02:15,0,0,0,0,0,0,0,0,0,0,0,0,0,0,0,0,0,0,0.0
2016,200,0,P001833   ,1.0,0.0,DAR,18,"MOERMAN, ADRIEN",30:44,5,1,3,1,4,0,0,1,5,6,1,1,0,0,0,5,3,6,-2.0
2016,200,0,P003328   ,0.0,0.0,DAR,19,"ALDEMIR, FURKAN",10:11,0,0,0,0,0,0,0,0,4,4,0,0,0,0,0,2,0,2,0.0
2016,200,0,PJPF      ,0.0,0.0,DAR,21,"SAVAS, OGUZ",05:01,2,1,3,0,0,0,0,2,1,3,0,0,0,0,0,0,0,3,-10.0
2016,200,0,P005938   ,1.0,1.0,DAR,23,"ANDERSON, JAMES",25:59,12,6,7,0,4,0,0,2,2,4,0,2,0,0,0,3,1,11,2.0
2016,200,0,P004554   ,1.0,1.0,DAR,41,"ZIZIC, ANTE",12:17,5,2,4,0,0,1,3,2,0,2,0,0,2,1,0,2,2,2,-10.0
2016,200,0,P004902   ,0.0,0.0,DAR,81,"HARANGODY, LUKE",07:47,0,0,0,0,0,0,0,1,0,1,0,0,0,0,0,2,0,-1,-6.0
2016,200,0,Team,0.0,0.0,DAR,,Team,,0,0,0,0,0,0,0,5,1,6,0,0,1,0,0,0,0,5,
2016,200,0,Total,,,DAR,,Total,200:00,73,26,50,2,20,15,19,17,21,38,9,5,10,2,6,22,22,65,
2016,201,1,P005094   ,0.0,0.0,IST,1,"THOMAS, DESHAUN",10:26,6,2,4,0,2,2,3,0,0,0,0,0,0,0,1,1,4,3,1.0
2016,201,1,P005800   ,0.0,1.0,IST,2,"HONEYCUTT, TYLER",18:36,6,0,2,0,2,6,6,1,3,4,0,0,1,0,0,2,4,7,-8.0
2016,201,1,P003521   ,0.0,0.0,IST,4,"BALBAY, DOGUS",13:36,2,1,1,0,1,0,2,2,1,3,0,1,0,0,0,1,1,3,-4.0
2016,201,1,P004425   ,1.0,1.0,IST,5,"BROWN, DERRICK",29:34,12,4,7,1,2,1,2,1,4,5,3,1,2,1,0,2,3,16,4.0
2016,201,1,P004088   ,1.0,0.0,IST,6,"OSMAN, CEDI",20:12,8,4,7,0,3,0,0,1,3,4,0,1,0,0,0,3,0,4,14.0
2016,201,1,P007122   ,0.0,0.0,IST,9,"GEYIK, SAMET",DNP,0,0,0,0,0,0,0,0,0,0,0,0,0,0,0,0,0,0,0.0
2016,201,1,P003024   ,1.0,1.0,IST,15,"GRANGER, JAYSON",27:19,22,6,9,3,5,1,2,0,4,4,4,2,2,0,0,1,3,26,7.0
2016,201,1,PKLT      ,0.0,1.0,IST,31,"HEURTEL, THOMAS",26:31,18,3,7,2,4,6,7,1,2,3,8,1,1,0,0,3,4,23,-2.0
2016,201,1,PLQV      ,0.0,0.0,IST,32,"MUTAF, MAXIM",05:30,0,0,0,0,1,0,0,0,0,0,0,0,0,0,0,1,0,-2,5.0
2016,201,1,P004945   ,1.0,0.0,IST,33,"PAUL, BRANDON",08:16,2,1,1,0,2,0,0,0,0,0,0,1,1,0,0,1,1,0,3.0
2016,201,1,P003048   ,1.0,1.0,IST,42,"DUNSTON, BRYANT",31:59,13,5,10,0,0,3,3,4,8,12,1,0,2,1,0,2,5,23,3.0
2016,201,1,P007616   ,0.0,0.0,IST,53,"KIRK, ALEX",08:01,3,1,2,0,0,1,2,1,0,1,0,0,1,2,1,4,1,-1,2.0
2016,201,1,Team,0.0,0.0,IST,,Team,,0,0,0,0,0,0,0,1,3,4,0,0,0,0,0,0,0,4,
2016,201,1,Total,,,IST,,Total,200:00,92,27,50,6,22,20,27,12,28,40,16,7,10,4,2,21,26,106,
2016,201,0,P006536   ,1.0,0.0,TEL,3,"RUDD, VICTOR",29:32,23,6,10,2,6,5,7,0,4,4,1,1,4,0,1,4,4,14,7.0
2016,201,0,P004862   ,1.0,0.0,TEL,4,"SEELEY, D.J.",27:53,7,3,4,0,2,1,3,1,2,3,3,1,3,0,1,4,3,4,-10.0
2016,201,0,P007765   ,0.0,0.0,TEL,5,"SIMPSON, DIAMON",12:55,5,2,3,0,0,1,2,0,3,3,1,1,0,1,0,2,2,9,2.0
2016,201,0,P001274   ,1.0,0.0,TEL,6,"SMITH, DEVIN",17:57,10,2,4,2,3,0,0,1,1,2,1,0,1,0,0,1,2,10,-12.0
2016,201,0,P007768   ,0.0,0.0,TEL,8,"LEVI, NIMROD",02:05,0,0,0,0,0,0,0,0,0,0,0,0,0,0,0,2,0,-2,-1.0
2016,201,0,PKJP      ,0.0,1.0,TEL,9,"MEKEL, GAL",20:42,9,1,5,2,3,1,2,0,4,4,8,2,1,0,1,2,3,16,11.0
2016,201,0,PLKX      ,0.0,1.0,TEL,10,"PNINI, GUY",15:32,0,0,0,0,1,0,0,1,3,4,3,0,0,0,0,0,1,7,-4.0
2016,201,0,P004161   ,0.0,1.0,TEL,11,"SEGEV, ITAY",06:20,0,0,0,0,0,0,0,1,1,2,0,1,1,0,0,3,0,-1,2.0
2016,201,0,P000622   ,1.0,1.0,TEL,12,"OHAYON, YOGEV",21:18,2,1,3,0,1,0,0,0,2,2,8,1,4,0,0,2,2,6,-5.0
2016,201,0,P004160   ,0.0,1.0,TEL,15,"LANDESBERG, SYLVEN",22:14,20,5,7,2,3,4,5,0,2,2,2,0,1,0,0,4,2,17,-2.0
2016,201,0,P006195   ,0.0,0.0,TEL,23,"ALEXANDER, JOE",04:29,4,1,2,0,0,2,2,0,0,0,0,0,1,0,1,1,1,1,-4.0
2016,201,0,P005154   ,1.0,0.0,TEL,24,"IVERSON, COLTON",19:03,7,3,7,0,0,1,2,2,6,8,0,0,0,1,0,2,1,10,-9.0
2016,201,0,Team,0.0,0.0,TEL,,Team,,0,0,0,0,0,0,0,3,3,6,0,0,0,0,0,0,0,6,
2016,201,0,Total,,,TEL,,Total,200:00,87,24,45,8,19,15,23,9,31,40,27,7,16,2,4,27,21,97,
2016,202,1,P001392   ,1.0,1.0,BAM,1,"CAUSEUR, FABIEN",19:18,15,3,4,3,6,0,0,0,2,2,1,0,0,0,1,4,3,12,-10.0
2016,202,1,P002849   ,1.0,1.0,BAM,4,"MELLI, NICOLO",27:21,0,0,4,0,2,0,0,1,7,8,1,1,0,0,1,3,2,2,-12.0
2016,202,1,PABN      ,1.0,1.0,BAM,6,"ZISIS, NIKOS",22:29,15,2,5,1,2,8,8,0,1,1,3,1,1,0,0,1,4,18,-13.0
2016,202,1,P003703   ,0.0,0.0,BAM,7,"NIKOLIC, ALEKSEJ",08:17,0,0,1,0,0,0,0,0,0,0,1,0,1,0,0,1,0,-2,-9.0
2016,202,1,P002506   ,0.0,0.0,BAM,8,"STAIGER, LUCCA",DNP,0,0,0,0,0,0,0,0,0,0,0,0,0,0,0,0,0,0,0.0
2016,202,1,P004132   ,0.0,1.0,BAM,10,"THEIS, DANIEL",25:02,8,1,4,1,3,3,3,0,5,5,1,0,0,0,0,1,2,10,14.0
2016,202,1,P007032   ,0.0,0.0,BAM,12,"LO, MAODO",16:03,5,0,2,1,2,2,2,1,0,1,1,2,2,1,0,2,1,4,7.0
2016,202,1,PLLM      ,0.0,0.0,BAM,14,"VEREMEENKO, VLADIMIR",11:56,5,2,4,0,0,1,2,0,2,2,0,0,0,0,2,1,2,3,4.0
2016,202,1,P006421   ,1.0,1.0,BAM,21,"MILLER, DARIUS",24:04,14,4,6,2,7,0,0,1,1,2,3,0,0,0,2,3,0,7,-9.0
2016,202,1,P006338   ,0.0,0.0,BAM,22,"McNEAL, JEREL",16:59,9,4,5,0,1,1,1,1,2,3,1,1,1,0,1,3,1,8,5.0
2016,202,1,P006420   ,0.0,0.0,BAM,33,"HECKMANN, PATRICK",15:24,3,0,0,0,0,3,3,1,1,2,3,1,0,0,0,2,3,10,12.0
2016,202,1,PLEM      ,1.0,0.0,BAM,43,"RADOSEVIC, LEON",13:07,4,1,5,0,0,2,4,3,1,4,0,0,1,0,1,3,3,0,-14.0
2016,202,1,Team,0.0,0.0,BAM,,Team,,0,0,0,0,0,0,0,0,0,0,0,0,2,0,0,0,0,-2,
2016,202,1,Total,,,BAM,,Total,200:00,78,17,40,8,23,20,23,8,22,30,15,6,8,1,8,24,21,70,
2016,202,0,PLIM      ,0.0,0.0,ULK,5,"HERSEK, BARIS",DNP,0,0,0,0,0,0,0,0,0,0,0,0,0,0,0,0,0,0,0.0
2016,202,0,P006503   ,1.0,1.0,ULK,8,"UDOH, EKPE",38:09,12,5,7,0,0,2,4,0,5,5,4,1,1,4,0,1,3,23,6.0
2016,202,0,P002969   ,0.0,0.0,ULK,10,"MAHMUTOGLU, MELIH",15:04,5,1,1,1,3,0,0,0,1,1,0,0,0,0,0,3,0,1,-15.0
2016,202,0,P002821   ,1.0,0.0,ULK,13,"BOGDANOVIC, BOGDAN",08:31,0,0,0,0,0,0,0,0,3,3,0,0,2,0,0,2,1,0,8.0
2016,202,0,P007615   ,0.0,0.0,ULK,15,"BENNETT, ANTHONY",03:17,0,0,1,0,1,0,0,0,1,1,0,0,0,0,0,0,0,-1,-1.0
2016,202,0,P007400   ,0.0,1.0,ULK,21,"NUNNALLY, JAMES",25:56,8,2,4,1,4,1,2,0,1,1,4,0,1,1,1,2,2,6,0.0
2016,202,0,P003783   ,0.0,0.0,ULK,23,"UGURLU, BERK",03:16,0,0,1,0,0,0,0,0,0,0,0,0,1,0,0,0,0,-2,-1.0
2016,202,0,P000925   ,1.0,1.0,ULK,24,"VESELY, JAN",32:31,9,4,8,0,0,1,2,0,6,6,3,1,1,2,0,2,1,14,16.0
2016,202,0,P004866   ,1.0,1.0,ULK,33,"KALINIC, NIKOLA",20:24,7,1,1,1,2,2,2,0,1,1,1,1,3,1,0,3,3,7,-3.0
2016,202,0,P001324   ,1.0,0.0,ULK,35,"DIXON, BOBBY",29:02,26,3,4,5,9,5,5,0,6,6,1,0,5,0,0,5,8,26,16.0
2016,202,0,P006399   ,0.0,0.0,ULK,44,"DUVERIOGLU, AHMET",DNP,0,0,0,0,0,0,0,0,0,0,0,0,0,0,0,0,0,0,0.0
2016,202,0,PCCD      ,0.0,1.0,ULK,70,"DATOME, LUIGI",23:50,16,1,1,2,4,8,9,1,4,5,1,1,0,0,0,3,4,21,-1.0
2016,202,0,Team,0.0,0.0,ULK,,Team,,0,0,0,0,0,0,0,1,1,2,0,0,0,0,0,0,0,2,
2016,202,0,Total,,,ULK,,Total,200:00,83,17,28,10,23,19,24,2,29,31,14,4,14,8,1,21,22,97,
2016,203,1,P004418   ,0.0,0.0,MIL,1,"MCLEAN, JAMEL",20:29,9,2,4,0,0,5,6,3,3,6,2,1,3,0,0,3,4,13,-12.0
2016,203,1,P004159   ,1.0,1.0,MIL,7,"HICKMAN, RICKY",33:20,14,3,4,2,5,2,2,0,1,1,3,3,6,0,0,3,3,11,-6.0
2016,203,1,PJDU      ,1.0,0.0,MIL,11,"RADULJICA, MIROSLAV",12:50,4,1,4,0,0,2,2,0,2,2,0,1,1,0,0,0,2,5,-1.0
2016,203,1,PJEA      ,1.0,1.0,MIL,13,"MACVAN, MILAN",21:52,8,4,7,0,2,0,0,1,1,2,0,1,1,0,0,3,4,6,0.0
2016,203,1,P006385   ,0.0,1.0,MIL,14,"PASCOLO, DAVIDE",24:49,11,5,8,0,2,1,1,3,4,7,1,0,3,3,2,3,1,10,-1.0
2016,203,1,P006702   ,0.0,0.0,MIL,16,"GIARDINI, SAMUELE",DNP,0,0,0,0,0,0,0,0,0,0,0,0,0,0,0,0,0,0,0.0
2016,203,1,PKIW      ,0.0,1.0,MIL,20,"CINCIARINI, ANDREA",26:41,7,2,3,0,4,3,4,0,5,5,4,0,1,0,1,4,3,7,-11.0
2016,203,1,P005001   ,1.0,0.0,MIL,21,"SANDERS, RAKIM",27:29,12,3,6,1,5,3,4,1,2,3,0,2,1,0,1,4,3,6,0.0
2016,203,1,P003527   ,1.0,1.0,MIL,23,"ABASS, AWUDU",20:31,6,2,2,0,2,2,2,3,1,4,0,1,1,1,0,4,3,8,-12.0
2016,203,1,P002081   ,0.0,0.0,MIL,30,"CERELLA, BRUNO",11:59,0,0,1,0,1,0,0,0,1,1,0,0,0,0,0,2,0,-3,8.0
2016,203,1,Team,0.0,0.0,MIL,,Team,,0,0,0,0,0,0,0,2,3,5,0,0,0,0,0,0,0,5,
2016,203,1,Total,,,MIL,,Total,200:00,71,22,39,3,21,18,21,13,23,36,10,9,17,4,4,26,23,68,
2016,203,0,P006555   ,0.0,0.0,RED,0,"WOLTERS, NATE",18:19,8,1,2,2,2,0,0,1,0,1,2,2,1,0,0,3,1,9,-8.0
2016,203,0,P003453   ,0.0,0.0,RED,2,"THOMPSON, DEON",00:35,0,0,0,0,0,0,0,0,0,0,1,0,0,0,0,2,0,-1,1.0
2016,203,0,P005942   ,1.0,1.0,RED,6,"DANGUBIC, NEMANJA",16:01,3,0,1,1,5,0,0,0,0,0,2,1,2,0,1,1,2,-1,0.0
2016,203,0,P002553   ,1.0,0.0,RED,9,"MITROVIC, LUKA",16:30,0,0,0,0,1,0,0,0,5,5,0,1,3,0,0,2,1,1,4.0
2016,203,0,PLUO      ,1.0,1.0,RED,10,"LAZIC, BRANKO",36:08,7,0,0,1,3,4,4,0,1,1,1,3,1,0,0,3,4,10,2.0
2016,203,0,P004007   ,0.0,0.0,RED,13,"DOBRIC, OGNJEN",DNP,0,0,0,0,0,0,0,0,0,0,0,0,0,0,0,0,0,0,0.0
2016,203,0,PLRU      ,0.0,1.0,RED,19,"SIMONOVIC, MARKO",25:36,13,2,8,3,7,0,0,1,3,4,0,0,1,0,2,1,1,4,2.0
2016,203,0,P007395   ,0.0,0.0,RED,20,"RAKICEVIC, PETAR",DNP,0,0,0,0,0,0,0,0,0,0,0,0,0,0,0,0,0,0,0.0
2016,203,0,P005014   ,1.0,1.0,RED,22,"JENKINS, CHARLES",21:40,11,3,5,1,2,2,2,0,2,2,0,1,3,0,1,4,4,7,11.0
2016,203,0,P004004   ,0.0,1.0,RED,23,"GUDURIC, MARKO",26:12,12,2,3,1,5,5,6,2,1,3,5,2,1,0,0,3,6,18,15.0
2016,203,0,P003479   ,1.0,0.0,RED,32,"KUZMIC, OGNJEN",24:06,15,5,6,0,0,5,7,3,4,7,0,2,2,3,0,2,4,24,15.0
2016,203,0,PCHX      ,0.0,0.0,RED,51,"BJELICA, MILKO",14:53,9,2,6,1,1,2,2,2,1,3,1,0,0,1,0,2,3,11,-7.0
2016,203,0,Team,0.0,0.0,RED,,Team,,0,0,0,0,0,0,0,1,5,6,0,0,0,0,0,0,0,6,
2016,203,0,Total,,,RED,,Total,200:00,78,15,31,10,26,18,21,10,22,32,12,12,14,4,4,23,26,88,
2016,204,1,P006614   ,1.0,1.0,PAN,0,"SINGLETON, CHRIS",34:37,21,4,7,2,4,7,7,4,5,9,1,1,3,0,2,3,4,23,11.0
2016,204,1,P003482   ,1.0,0.0,PAN,2,"NICHOLS, DEMETRIS",07:47,2,1,2,0,1,0,0,1,0,1,0,1,2,0,0,0,0,0,2.0
2016,204,1,P002429   ,1.0,1.0,PAN,3,"RIVERS, K.C.",31:25,13,2,3,2,5,3,3,0,3,3,0,2,1,0,1,1,1,12,8.0
2016,204,1,P005985   ,0.0,1.0,PAN,5,"JAMES, MIKE",19:10,14,4,6,2,3,0,2,1,2,3,3,2,0,0,0,1,1,17,9.0
2016,204,1,PBEZ      ,0.0,0.0,PAN,9,"FOTSIS, ANTONIS",03:15,0,0,0,0,0,0,0,0,0,0,0,0,0,0,0,1,0,-1,2.0
2016,204,1,P000464   ,0.0,1.0,PAN,11,"PAPPAS, NIKOS",16:32,4,1,3,0,1,2,3,1,1,2,0,1,0,0,0,4,3,2,3.0
2016,204,1,P005918   ,0.0,0.0,PAN,12,"FELDEINE, JAMES",21:57,14,4,6,2,6,0,2,0,1,1,1,2,0,2,0,0,1,13,-5.0
2016,204,1,P002980   ,1.0,0.0,PAN,14,"GIST, JAMES",21:10,11,5,7,0,0,1,1,2,2,4,0,1,0,0,0,2,2,14,6.0
2016,204,1,P004218   ,0.0,0.0,PAN,15,"CHARALAMPOPOULOS, VASILIS",DNP,0,0,0,0,0,0,0,0,0,0,0,0,0,0,0,0,0,0,0.0
2016,204,1,P005881   ,0.0,0.0,PAN,21,"GABRIEL, KENNY",08:15,2,1,1,0,2,0,0,0,0,0,0,0,0,0,0,2,1,-1,-8.0
2016,204,1,PAQU      ,0.0,0.0,PAN,29,"BOUROUSIS, IOANNIS",12:13,2,0,1,0,0,2,2,0,1,1,2,0,1,0,1,2,3,3,-2.0
2016,204,1,P001932   ,1.0,1.0,PAN,33,"CALATHES, NICK",23:39,5,1,5,1,2,0,0,0,2,2,5,1,1,0,0,1,2,8,4.0
2016,204,1,Team,0.0,0.0,PAN,,Team,,0,0,0,0,0,0,0,2,2,4,0,0,0,0,0,0,0,4,
2016,204,1,Total,,,PAN,,Total,200:00,88,23,41,9,24,15,20,11,19,30,12,11,8,2,4,17,18,94,
2016,204,0,P005757   ,1.0,1.0,MAD,3,"RANDOLPH, ANTHONY",23:47,13,3,5,2,5,1,1,1,8,9,0,0,3,2,0,2,1,15,-4.0
2016,204,0,P002946   ,0.0,0.0,MAD,4,"DRAPER, DONTAYE",DNP,0,0,0,0,0,0,0,0,0,0,0,0,0,0,0,0,0,0,0.0
2016,204,0,PBMT      ,0.0,1.0,MAD,5,"FERNANDEZ, RUDY",23:52,8,1,1,2,4,0,0,0,0,0,4,0,1,0,0,1,1,9,-6.0
2016,204,0,P005929   ,0.0,0.0,MAD,7,"DONCIC, LUKA",22:24,10,2,6,1,4,3,3,0,2,2,1,0,1,0,1,2,2,4,0.0
2016,204,0,PJCC      ,1.0,0.0,MAD,8,"MACIULIS, JONAS",15:14,0,0,0,0,1,0,0,0,1,1,0,1,1,0,0,0,1,1,1.0
2016,204,0,PAAX      ,0.0,0.0,MAD,9,"REYES, FELIPE",06:06,2,1,2,0,0,0,0,1,1,2,1,0,0,0,0,0,1,5,9.0
2016,204,0,P005927   ,1.0,1.0,MAD,14,"AYON, GUSTAVO",14:13,12,6,7,0,0,0,0,3,1,4,1,0,1,1,0,2,1,15,-3.0
2016,204,0,P001960   ,0.0,1.0,MAD,20,"CARROLL, JAYCEE",15:06,6,0,1,2,5,0,0,0,4,4,0,0,0,0,0,4,3,5,0.0
2016,204,0,P005160   ,0.0,0.0,MAD,21,"HUNTER, OTHELLO",25:32,10,5,6,0,0,0,0,4,4,8,1,1,1,1,0,4,1,16,-3.0
2016,204,0,PTGB      ,1.0,1.0,MAD,23,"LLULL, SERGIO",23:34,10,2,3,1,5,3,4,1,0,1,8,1,5,0,0,2,5,12,-13.0
2016,204,0,P005836   ,0.0,0.0,MAD,33,"THOMPKINS, TREY",10:07,4,1,3,0,1,2,2,1,2,3,1,0,1,0,0,1,1,4,-11.0
2016,204,0,P006546   ,1.0,0.0,MAD,44,"TAYLOR, JEFFERY",20:05,7,2,5,1,2,0,0,3,1,4,1,1,2,0,1,0,0,6,0.0
2016,204,0,Team,0.0,0.0,MAD,,Team,,0,0,0,0,0,0,0,2,0,2,0,0,0,0,0,0,0,2,
2016,204,0,Total,,,MAD,,Total,200:00,82,23,39,9,27,9,10,16,24,40,18,4,16,4,2,18,17,94,
2016,205,1,P006661   ,1.0,1.0,DAR,1,"WILBEKIN, SCOTTIE",32:27,11,4,6,1,9,0,0,2,2,4,5,2,2,0,0,0,4,14,8.0
2016,205,1,P000497   ,0.0,0.0,DAR,4,"YAGMUR, MEHMET",DNP,0,0,0,0,0,0,0,0,0,0,0,0,0,0,0,0,0,0,0.0
2016,205,1,P004170   ,0.0,0.0,DAR,8,"BATUK, BIRKAN",17:45,8,2,2,1,4,1,2,5,3,8,1,0,0,0,0,5,3,11,11.0
2016,205,1,P005838   ,1.0,1.0,DAR,11,"WANAMAKER, BRAD",31:16,7,1,6,0,4,5,6,0,2,2,4,1,5,0,2,3,5,-1,2.0
2016,205,1,P004888   ,1.0,1.0,DAR,12,"CLYBURN, WILL",34:32,15,6,11,1,1,0,3,0,5,5,0,2,1,1,0,3,4,15,10.0
2016,205,1,P005000   ,0.0,0.0,DAR,13,"ULUBAY, OKBEN",DNP,0,0,0,0,0,0,0,0,0,0,0,0,0,0,0,0,0,0,0.0
2016,205,1,P001833   ,1.0,0.0,DAR,18,"MOERMAN, ADRIEN",09:13,2,1,2,0,0,0,0,0,4,4,0,0,0,0,0,2,0,3,-2.0
2016,205,1,P003328   ,0.0,0.0,DAR,19,"ALDEMIR, FURKAN",08:23,0,0,0,0,0,0,0,1,1,2,1,0,1,0,0,1,0,1,0.0
2016,205,1,PJPF      ,0.0,0.0,DAR,21,"SAVAS, OGUZ",DNP,0,0,0,0,0,0,0,0,0,0,0,0,0,0,0,0,0,0,0.0
2016,205,1,P005938   ,0.0,1.0,DAR,23,"ANDERSON, JAMES",29:12,7,0,1,2,4,1,2,2,0,2,2,0,1,0,0,2,1,5,12.0
2016,205,1,P004554   ,1.0,1.0,DAR,41,"ZIZIC, ANTE",31:37,10,3,4,0,0,4,6,2,11,13,0,0,4,1,0,0,4,21,11.0
2016,205,1,P004902   ,0.0,0.0,DAR,81,"HARANGODY, LUKE",05:35,7,2,2,1,2,0,0,0,1,1,0,0,1,0,0,1,1,6,3.0
2016,205,1,Team,0.0,0.0,DAR,,Team,,0,0,0,0,0,0,0,0,1,1,0,0,0,0,0,0,0,1,
2016,205,1,Total,,,DAR,,Total,200:00,67,19,34,6,24,11,19,12,30,42,13,5,15,2,2,17,22,76,
2016,205,0,P007759   ,0.0,0.0,BAR,1,"MUNFORD, XAVIER",DNP,0,0,0,0,0,0,0,0,0,0,0,0,0,0,0,0,0,0,0.0
2016,205,0,P003367   ,1.0,1.0,BAR,2,"RICE, TYRESE",33:09,7,2,8,1,6,0,0,0,2,2,4,2,3,0,1,2,1,-1,-3.0
2016,205,0,P000556   ,1.0,1.0,BAR,10,"CLAVER, VICTOR",28:07,8,1,3,1,4,3,4,0,3,3,2,2,1,0,1,3,2,6,2.0
2016,205,0,PADI      ,0.0,0.0,BAR,11,"NAVARRO, JUAN CARLOS",DNP,0,0,0,0,0,0,0,0,0,0,0,0,0,0,0,0,0,0,0.0
2016,205,0,P001215   ,0.0,0.0,BAR,13,"FAVERANI, VITOR",12:19,2,0,2,0,1,2,2,0,2,2,0,0,3,0,0,2,2,-2,-16.0
2016,205,0,P003469   ,0.0,0.0,BAR,14,"VEZENKOV, ALEKSANDAR",11:53,2,1,1,0,3,0,0,0,4,4,2,0,1,0,0,3,0,1,-13.0
2016,205,0,P003151   ,0.0,0.0,BAR,20,"ERIKSSON, MARCUS",07:49,3,0,0,1,2,0,0,1,0,1,0,0,0,0,0,1,1,3,-17.0
2016,205,0,P001972   ,1.0,1.0,BAR,24,"OLESON, BRAD",24:01,3,0,0,1,2,0,0,3,1,4,1,1,0,1,0,2,0,7,13.0
2016,205,0,P004178   ,0.0,0.0,BAR,25,"KOPONEN, PETTERI",17:17,4,2,4,0,1,0,0,0,0,0,0,0,0,0,0,3,2,0,-22.0
2016,205,0,P005945   ,0.0,0.0,BAR,32,"RENFROE, ALEX",10:12,3,0,0,1,3,0,0,0,1,1,0,1,1,0,0,3,1,0,-11.0
2016,205,0,PKRH      ,1.0,1.0,BAR,33,"PERPEROGLOU, STRATOS",27:32,16,4,7,2,3,2,2,0,5,5,2,2,0,0,0,1,1,21,7.0
2016,205,0,P002507   ,1.0,1.0,BAR,44,"TOMIC, ANTE",27:41,8,3,9,0,0,2,7,5,4,9,2,2,2,1,0,2,7,14,5.0
2016,205,0,Team,0.0,0.0,BAR,,Team,,0,0,0,0,0,0,0,1,4,5,0,0,1,0,0,0,0,4,
2016,205,0,Total,,,BAR,,Total,200:00,56,13,34,7,25,9,15,10,26,36,13,10,12,2,2,22,17,53,
2016,206,1,P007200   ,1.0,1.0,BAS,0,"LARKIN, SHANE",23:55,12,4,7,1,3,1,3,1,1,2,3,1,2,0,2,2,3,8,1.0
2016,206,1,P007201   ,1.0,1.0,BAS,7,"VOIGTMANN, JOHANNES",25:54,10,5,6,0,2,0,0,1,6,7,1,0,1,0,0,1,0,13,0.0
2016,206,1,P005099   ,1.0,1.0,BAS,8,"HANGA, ADAM",24:58,15,5,7,1,5,2,2,0,2,2,2,1,2,4,0,4,3,15,7.0
2016,206,1,P007230   ,0.0,0.0,BAS,9,"SEDEKERSKIS, TADAS",DNP,0,0,0,0,0,0,0,0,0,0,0,0,0,0,0,0,0,0,0.0
2016,206,1,P006590   ,0.0,0.0,BAS,10,"BEAUBOIS, RODRIGUE",12:46,2,1,5,0,1,0,0,3,1,4,5,0,2,0,0,3,1,2,-1.0
2016,206,1,P003452   ,0.0,0.0,BAS,11,"BLAZIC, JAKA",13:00,7,2,5,1,4,0,1,1,2,3,0,0,0,0,0,1,1,3,-4.0
2016,206,1,P003540   ,0.0,0.0,BAS,12,"DIOP, ILIMANE",13:56,3,1,2,0,0,1,2,0,3,3,0,0,1,0,0,3,2,2,1.0
2016,206,1,P002744   ,0.0,0.0,BAS,14,"TILLIE, KIM",16:20,11,5,5,0,0,1,1,0,1,1,1,1,0,0,0,1,1,14,0.0
2016,206,1,P006435   ,0.0,0.0,BAS,15,"LAPROVITTOLA, NICOLAS",09:21,0,0,1,0,0,0,0,0,0,0,3,1,1,0,0,2,2,2,-1.0
2016,206,1,P001133   ,1.0,1.0,BAS,23,"SHENGELIA, TORNIKE",23:30,9,2,2,1,1,2,2,2,4,6,5,2,1,1,0,2,4,24,1.0
2016,206,1,P007427   ,1.0,1.0,BAS,34,"BUDINGER, CHASE",29:26,10,5,8,0,2,0,0,0,2,2,0,1,0,0,1,1,1,7,0.0
2016,206,1,P001633   ,0.0,0.0,BAS,55,"LUZ, RAFA",06:54,0,0,2,0,0,0,0,0,1,1,2,0,0,0,0,0,1,2,1.0
2016,206,1,Team,0.0,0.0,BAS,,Team,,0,0,0,0,0,0,0,2,1,3,0,0,1,0,0,0,0,2,
2016,206,1,Total,,,BAS,,Total,200:00,79,30,50,4,18,7,11,10,24,34,22,7,11,5,3,20,19,94,
2016,206,0,P002100   ,1.0,1.0,CSK,1,"DE COLO, NANDO",29:23,22,7,14,2,3,2,2,0,1,1,6,0,3,0,1,2,7,22,1.0
2016,206,0,PJDR      ,1.0,1.0,CSK,4,"TEODOSIC, MILOS",30:53,19,2,3,5,11,0,0,0,2,2,6,2,4,0,0,2,0,16,2.0
2016,206,0,P001438   ,0.0,1.0,CSK,5,"AUGUSTINE, JAMES",13:48,6,3,4,0,0,0,0,1,2,3,1,0,1,0,1,2,0,5,3.0
2016,206,0,PLLH      ,0.0,0.0,CSK,7,"FRIDZON, VITALY",12:12,3,0,2,1,3,0,0,0,1,1,1,0,0,0,1,1,1,0,-3.0
2016,206,0,P003413   ,0.0,0.0,CSK,9,"JACKSON, AARON",13:39,2,1,3,0,0,0,1,0,0,0,3,0,0,0,1,2,1,0,-2.0
2016,206,0,P004941   ,0.0,0.0,CSK,11,"ANTONOV, SEMEN",DNP,0,0,0,0,0,0,0,0,0,0,0,0,0,0,0,0,0,0,0.0
2016,206,0,PLOO      ,0.0,0.0,CSK,19,"FREELAND, JOEL",DNP,0,0,0,0,0,0,0,0,0,0,0,0,0,0,0,0,0,0,0.0
2016,206,0,PLHI      ,0.0,0.0,CSK,20,"VORONTSEVICH, ANDREY",17:31,7,2,2,1,1,0,0,0,2,2,0,0,0,0,0,2,1,8,-6.0
2016,206,0,P006450   ,0.0,1.0,CSK,22,"HIGGINS, CORY",17:03,2,0,1,0,2,2,2,0,0,0,0,1,2,0,1,3,3,-3,2.0
2016,206,0,PBCQ      ,1.0,0.0,CSK,31,"KHRYAPA, VICTOR",19:15,6,0,1,1,3,3,4,0,4,4,1,2,0,0,0,2,2,9,1.0
2016,206,0,PJLX      ,1.0,1.0,CSK,41,"KURBANOV, NIKITA",20:04,2,0,0,0,1,2,2,1,2,3,0,1,1,1,0,1,2,6,1.0
2016,206,0,P002812   ,1.0,0.0,CSK,42,"HINES, KYLE",26:12,9,3,5,0,0,3,5,3,7,10,0,1,2,2,0,2,3,17,-4.0
2016,206,0,Team,0.0,0.0,CSK,,Team,,0,0,0,0,0,0,0,2,2,4,0,0,0,0,0,0,0,4,
2016,206,0,Total,,,CSK,,Total,200:00,78,18,35,10,24,12,16,7,23,30,18,7,13,3,5,19,20,84,
2016,207,1,P005159   ,0.0,0.0,OLY,1,"GREEN, ERICK",24:06,14,4,9,2,4,0,0,1,3,4,2,0,1,0,1,1,0,10,-11.0
2016,207,1,P007182   ,1.0,0.0,OLY,2,"BIRCH, KHEM",17:46,7,3,6,0,0,1,2,3,3,6,1,0,1,1,0,1,1,10,-19.0
2016,207,1,P005984   ,0.0,0.0,OLY,4,"YOUNG, PATRIC",04:49,2,1,1,0,0,0,0,2,0,2,0,1,1,0,0,0,0,4,-2.0
2016,207,1,P005161   ,0.0,0.0,OLY,6,"PAPAPETROU, IOANNIS",08:21,0,0,0,0,1,0,0,0,1,1,0,0,0,0,0,0,0,0,-7.0
2016,207,1,PJUO      ,1.0,1.0,OLY,7,"SPANOULIS, VASSILIS",22:43,7,2,4,0,2,3,5,1,0,1,3,0,6,0,1,1,6,3,-5.0
2016,207,1,P004223   ,0.0,0.0,OLY,9,"WATERS, DOMINIC",06:19,4,2,2,0,1,0,0,0,0,0,0,0,1,0,0,4,2,0,-8.0
2016,207,1,P004429   ,0.0,0.0,OLY,10,"AGRAVANIS, DIMITRIOS",06:39,5,2,3,0,0,1,1,3,1,4,0,0,0,0,0,1,1,8,5.0
2016,207,1,P003941   ,0.0,0.0,OLY,11,"MILUTINOV, NIKOLA",15:01,6,3,6,0,0,0,0,3,4,7,2,0,0,0,0,1,0,11,17.0
2016,207,1,PAMM      ,1.0,1.0,OLY,15,"PRINTEZIS, GEORGIOS",25:43,14,5,11,0,1,4,5,4,4,8,0,1,1,0,1,0,5,18,-10.0
2016,207,1,P001255   ,1.0,1.0,OLY,16,"PAPANIKOLAOU, KOSTAS",21:33,7,3,7,0,5,1,2,4,2,6,1,4,1,1,0,4,1,5,-2.0
2016,207,1,P003537   ,1.0,1.0,OLY,17,"MANTZARIS, VANGELIS",27:19,0,0,1,0,5,0,0,1,1,2,4,0,0,0,1,4,0,-5,6.0
2016,207,1,P003608   ,0.0,1.0,OLY,24,"LOJESKI, MATT",19:41,5,2,4,0,1,1,1,0,1,1,1,0,0,0,0,1,3,6,-9.0
2016,207,1,Team,0.0,0.0,OLY,,Team,,0,0,0,0,0,0,0,1,3,4,0,0,0,0,0,0,0,4,
2016,207,1,Total,,,OLY,,Total,200:00,71,27,54,2,20,11,16,23,23,46,14,6,12,2,4,18,19,74,
2016,207,0,P000529   ,1.0,1.0,GAL,5,"MICOV, VLADIMIR",31:55,18,3,9,4,5,0,0,0,5,5,5,4,0,0,1,3,2,23,16.0
2016,207,0,P007595   ,1.0,0.0,GAL,6,"FITIPALDO, BRUNO",07:40,6,0,0,2,2,0,0,0,0,0,1,0,1,0,0,1,2,7,-10.0
2016,207,0,P004119   ,0.0,1.0,GAL,7,"TYUS, ALEX",24:49,14,7,8,0,0,0,0,2,3,5,1,1,0,2,0,1,2,23,16.0
2016,207,0,P004300   ,0.0,0.0,GAL,8,"KORKMAZ, CAN",07:04,3,1,2,0,1,1,2,0,0,0,1,0,0,0,0,1,1,1,2.0
2016,207,0,P005813   ,0.0,0.0,GAL,11,"ARAR, EGE",12:29,4,1,2,0,0,2,2,3,3,6,0,0,0,1,0,3,1,8,0.0
2016,207,0,P007355   ,0.0,0.0,GAL,14,"HACIYEVA, ORHAN",04:42,0,0,1,0,0,0,0,1,0,1,0,0,0,0,0,0,1,1,-3.0
2016,207,0,PLHK      ,1.0,0.0,GAL,21,"PLEISS, TIBOR",13:02,6,3,6,0,0,0,0,0,2,2,0,0,2,0,0,0,2,5,-13.0
2016,207,0,P003472   ,1.0,1.0,GAL,25,"DAYE, AUSTIN",24:52,8,2,6,1,3,1,4,0,3,3,0,0,5,0,0,4,3,-4,18.0
2016,207,0,P000494   ,1.0,1.0,GAL,32,"GULER, SINAN",28:05,8,1,6,2,3,0,0,2,3,5,8,4,1,1,1,2,0,16,14.0
2016,207,0,P004997   ,0.0,0.0,GAL,33,"DIEBLER, JON",11:40,0,0,0,0,1,0,0,0,3,3,1,0,1,0,0,0,1,3,-3.0
2016,207,0,P002104   ,0.0,1.0,GAL,61,"KOKSAL, GOKSENIN",33:42,13,3,6,1,1,4,6,0,2,2,2,0,2,0,0,4,3,9,8.0
2016,207,0,Team,0.0,0.0,GAL,,Team,,0,0,0,0,0,0,0,2,0,2,0,0,0,0,0,0,0,2,
2016,207,0,Total,,,GAL,,Total,200:00,80,21,46,10,16,8,14,10,24,34,19,9,12,4,2,19,18,94,
2016,208,1,P002026   ,1.0,0.0,UNK,2,"ANTIPOV, PAVEL",23:36,3,0,0,1,2,0,0,0,1,1,0,0,0,0,0,5,0,-2,10.0
2016,208,1,P001887   ,1.0,1.0,UNK,5,"LANGFORD, KEITH",34:13,27,3,10,5,9,6,6,0,1,1,2,1,2,0,0,4,8,22,-1.0
2016,208,1,PJAN      ,0.0,1.0,UNK,7,"PONKRASHOV, ANTON",20:13,0,0,0,0,0,0,0,1,1,2,2,0,1,0,0,2,1,2,-9.0
2016,208,1,P003034   ,1.0,0.0,UNK,9,"PARAKHOUSKI, ARTSIOM",22:43,15,5,10,0,0,5,6,1,2,3,1,0,0,2,0,2,4,17,-4.0
2016,208,1,P006533   ,1.0,1.0,UNK,10,"COLOM, QUINO",29:04,14,1,3,2,7,6,7,1,4,5,10,1,3,0,0,0,6,25,7.0
2016,208,1,P006360   ,0.0,0.0,UNK,12,"KLIMENKO, ARTEM",DNP,0,0,0,0,0,0,0,0,0,0,0,0,0,0,0,0,0,0,0.0
2016,208,1,PATS      ,0.0,0.0,UNK,13,"BANIC, MARKO",12:04,6,2,4,0,0,2,2,1,1,2,0,0,1,1,0,2,1,5,-9.0
2016,208,1,P001389   ,0.0,0.0,UNK,18,"VORONOV, EVGENY",19:01,3,0,1,1,3,0,0,1,2,3,1,1,0,0,0,5,1,1,6.0
2016,208,1,PLSK      ,1.0,1.0,UNK,20,"PANIN, VADIM",17:58,0,0,0,0,1,0,0,1,2,3,2,0,0,0,1,4,1,0,-6.0
2016,208,1,P004259   ,0.0,1.0,UNK,22,"WILLIAMS, LATAVIOUS",21:08,12,6,6,0,1,0,1,1,5,6,0,0,0,0,0,1,1,16,-4.0
2016,208,1,P000956   ,0.0,0.0,UNK,31,"ANDUSIC, DANILO",DNP,0,0,0,0,0,0,0,0,0,0,0,0,0,0,0,0,0,0,0.0
2016,208,1,P005717   ,0.0,0.0,UNK,33,"KHABIROV, RUSLAN",DNP,0,0,0,0,0,0,0,0,0,0,0,0,0,0,0,0,0,0,0.0
2016,208,1,Team,0.0,0.0,UNK,,Team,,0,0,0,0,0,0,0,2,3,5,0,0,0,0,0,0,0,5,
2016,208,1,Total,,,UNK,,Total,200:00,80,17,34,9,23,19,22,9,22,31,18,3,7,3,1,25,23,91,
2016,208,0,P006433   ,1.0,0.0,ZAL,3,"PANGOS, KEVIN",13:56,0,0,1,0,0,0,0,0,0,0,2,0,0,0,0,2,0,-1,-10.0
2016,208,0,P003210   ,0.0,0.0,ZAL,4,"LEKAVICIUS, LUKAS",25:57,10,3,6,1,1,1,2,1,1,2,5,3,0,0,1,1,2,16,14.0
2016,208,0,P004664   ,0.0,0.0,ZAL,6,"VALINSKAS, PAULIUS",01:02,2,1,1,0,0,0,0,0,0,0,0,0,0,0,0,0,0,2,2.0
2016,208,0,P002543   ,1.0,1.0,ZAL,9,"WESTERMANN, LEO",24:54,12,3,3,2,6,0,2,1,1,2,3,1,1,0,0,4,2,9,-9.0
2016,208,0,PKNO      ,0.0,1.0,ZAL,10,"SEIBUTIS, RENALDAS",13:13,4,0,1,1,2,1,2,0,1,1,1,0,0,0,0,1,1,3,7.0
2016,208,0,P006599   ,0.0,1.0,ZAL,12,"MOTUM, BROCK",22:31,10,0,1,3,3,1,2,1,1,2,1,1,0,0,0,2,2,12,4.0
2016,208,0,PBWI      ,1.0,0.0,ZAL,13,"JANKUNAS, PAULIUS",26:01,21,5,9,1,2,8,8,2,5,7,3,0,2,1,0,3,8,30,-6.0
2016,208,0,PKPD      ,1.0,1.0,ZAL,21,"MILAKNIS, ARTURAS",18:15,2,0,2,0,2,2,2,0,0,0,0,0,0,0,0,3,2,-3,3.0
2016,208,0,P001098   ,1.0,0.0,ZAL,23,"LIMA, AUGUSTO",16:53,9,4,5,0,0,1,3,1,2,3,1,0,1,0,1,3,3,8,-6.0
2016,208,0,P000399   ,0.0,0.0,ZAL,44,"KAVALIAUSKAS, ANTANAS",12:01,10,4,7,0,0,2,3,2,1,3,0,0,1,0,1,1,2,8,9.0
2016,208,0,P005846   ,0.0,0.0,ZAL,55,"HARTENSTEIN, ISAIAH",DNP,0,0,0,0,0,0,0,0,0,0,0,0,0,0,0,0,0,0,0.0
2016,208,0,P002329   ,0.0,1.0,ZAL,92,"ULANOVAS, EDGARAS",25:17,2,0,3,0,0,2,2,1,5,6,3,0,4,0,0,3,3,4,2.0
2016,208,0,Team,0.0,0.0,ZAL,,Team,,0,0,0,0,0,0,0,1,6,7,0,0,0,0,0,0,0,7,
2016,208,0,Total,,,ZAL,,Total,200:00,82,20,39,8,16,18,26,10,23,33,19,5,9,1,3,23,25,95,
2016,209,1,P001392   ,1.0,0.0,BAM,1,"CAUSEUR, FABIEN",14:26,0,0,1,0,2,0,0,0,2,2,1,2,1,0,1,0,2,2,-19.0
2016,209,1,P002849   ,1.0,0.0,BAM,4,"MELLI, NICOLO",17:12,4,1,4,0,2,2,2,0,4,4,1,2,0,0,0,1,2,7,-27.0
2016,209,1,PABN      ,1.0,0.0,BAM,6,"ZISIS, NIKOS",06:59,4,1,1,0,0,2,4,0,0,0,1,0,1,0,0,0,2,4,-12.0
2016,209,1,P003703   ,0.0,1.0,BAM,7,"NIKOLIC, ALEKSEJ",26:56,4,1,3,0,2,2,2,2,3,5,8,2,4,0,1,2,4,12,-10.0
2016,209,1,P002506   ,0.0,1.0,BAM,8,"STAIGER, LUCCA",18:51,12,0,0,4,6,0,0,1,0,1,0,2,1,0,0,3,1,10,-5.0
2016,209,1,P004132   ,0.0,0.0,BAM,10,"THEIS, DANIEL",16:40,11,2,4,1,1,4,4,3,2,5,0,1,2,0,0,2,3,14,-7.0
2016,209,1,PLLM      ,0.0,1.0,BAM,14,"VEREMEENKO, VLADIMIR",15:07,1,0,1,0,0,1,2,1,2,3,0,1,2,1,0,3,1,0,-9.0
2016,209,1,P006919   ,0.0,0.0,BAM,16,"OLINDE, LOUIS",08:06,2,1,2,0,0,0,0,1,0,1,1,0,0,0,0,2,0,1,0.0
2016,209,1,P006421   ,1.0,0.0,BAM,21,"MILLER, DARIUS",15:40,5,2,2,0,3,1,2,0,0,0,1,1,2,0,0,1,1,1,-21.0
2016,209,1,P006338   ,0.0,1.0,BAM,22,"McNEAL, JEREL",21:34,17,3,7,3,6,2,2,2,3,5,3,2,0,0,0,4,2,18,2.0
2016,209,1,P006420   ,0.0,1.0,BAM,33,"HECKMANN, PATRICK",24:31,6,0,1,2,5,0,2,0,3,3,1,0,1,0,0,3,1,1,-7.0
2016,209,1,PLEM      ,1.0,0.0,BAM,43,"RADOSEVIC, LEON",13:58,5,2,8,0,0,1,1,0,1,1,1,0,1,0,1,2,1,-2,-10.0
2016,209,1,Team,0.0,0.0,BAM,,Team,,0,0,0,0,0,0,0,1,0,1,0,0,0,0,0,0,0,1,
2016,209,1,Total,,,BAM,,Total,200:00,71,13,34,10,27,15,21,11,20,31,18,13,15,1,3,23,20,69,
2016,209,0,P007200   ,1.0,0.0,BAS,0,"LARKIN, SHANE",25:09,17,2,3,3,7,4,4,0,1,1,6,1,4,0,0,1,2,17,20.0
2016,209,0,P007201   ,1.0,1.0,BAS,7,"VOIGTMANN, JOHANNES",20:37,7,1,2,1,3,2,2,0,4,4,2,1,2,0,0,1,3,11,19.0
2016,209,0,P005099   ,1.0,0.0,BAS,8,"HANGA, ADAM",20:13,6,0,2,2,4,0,2,0,4,4,1,0,1,1,0,2,4,7,18.0
2016,209,0,P007230   ,0.0,1.0,BAS,9,"SEDEKERSKIS, TADAS",06:10,0,0,1,0,0,0,0,0,0,0,0,0,0,0,1,0,1,-1,0.0
2016,209,0,P006590   ,0.0,0.0,BAS,10,"BEAUBOIS, RODRIGUE",16:23,9,2,3,1,3,2,2,0,0,0,1,1,2,0,0,0,2,8,11.0
2016,209,0,P003452   ,0.0,1.0,BAS,11,"BLAZIC, JAKA",15:25,5,1,2,1,3,0,0,0,0,0,0,1,1,0,0,3,0,-1,-1.0
2016,209,0,P003540   ,0.0,0.0,BAS,12,"DIOP, ILIMANE",19:00,4,1,1,0,0,2,2,1,3,4,0,1,1,2,0,4,2,8,6.0
2016,209,0,P002744   ,0.0,0.0,BAS,14,"TILLIE, KIM",15:20,8,2,3,1,1,1,1,1,3,4,0,3,0,0,0,2,1,13,10.0
2016,209,0,P006435   ,0.0,1.0,BAS,15,"LAPROVITTOLA, NICOLAS",03:53,0,0,0,0,0,0,0,0,0,0,2,0,1,0,0,1,0,0,2.0
2016,209,0,P001133   ,1.0,1.0,BAS,23,"SHENGELIA, TORNIKE",24:40,16,8,12,0,1,0,1,4,8,12,2,0,1,0,0,3,2,22,15.0
2016,209,0,P007427   ,1.0,0.0,BAS,34,"BUDINGER, CHASE",21:49,17,5,6,2,4,1,2,1,4,5,3,2,0,0,0,2,4,25,24.0
2016,209,0,P001633   ,0.0,0.0,BAS,55,"LUZ, RAFA",11:21,7,2,3,1,1,0,0,0,0,0,1,1,2,0,0,1,2,7,1.0
2016,209,0,Team,0.0,0.0,BAS,,Team,,0,0,0,0,0,0,0,3,2,5,0,0,0,0,0,0,0,5,
2016,209,0,Total,,,BAS,,Total,200:00,96,24,38,12,27,12,16,10,29,39,18,11,15,3,1,20,23,121,
2016,210,1,PLIM      ,0.0,0.0,ULK,5,"HERSEK, BARIS",DNP,0,0,0,0,0,0,0,0,0,0,0,0,0,0,0,0,0,0,0.0
2016,210,1,P006503   ,1.0,1.0,ULK,8,"UDOH, EKPE",30:25,13,6,10,0,0,1,3,3,7,10,1,2,1,0,0,1,2,20,-4.0
2016,210,1,P002969   ,1.0,1.0,ULK,10,"MAHMUTOGLU, MELIH",34:46,15,0,2,5,6,0,0,1,3,4,3,0,0,0,0,1,0,18,-7.0
2016,210,1,PBAE      ,0.0,1.0,ULK,12,"ANTIC, PERO",11:58,8,0,0,2,4,2,2,0,3,3,0,0,0,0,0,3,2,8,1.0
2016,210,1,P007615   ,0.0,0.0,ULK,15,"BENNETT, ANTHONY",03:31,0,0,0,0,0,0,0,0,1,1,0,0,0,0,0,1,0,0,-6.0
2016,210,1,P007400   ,0.0,0.0,ULK,21,"NUNNALLY, JAMES",18:43,8,2,4,1,4,1,1,1,0,1,4,0,2,1,1,2,3,7,-2.0
2016,210,1,P003783   ,0.0,0.0,ULK,23,"UGURLU, BERK",DNP,0,0,0,0,0,0,0,0,0,0,0,0,0,0,0,0,0,0,0.0
2016,210,1,P000925   ,1.0,0.0,ULK,24,"VESELY, JAN",34:06,10,4,7,0,0,2,4,1,2,3,2,1,1,1,0,2,3,12,5.0
2016,210,1,P004866   ,1.0,1.0,ULK,33,"KALINIC, NIKOLA",22:12,6,3,6,0,3,0,0,1,3,4,2,1,0,0,0,4,2,5,-5.0
2016,210,1,P001324   ,1.0,1.0,ULK,35,"DIXON, BOBBY",26:31,11,1,2,3,9,0,0,1,3,4,7,0,5,0,1,2,2,9,5.0
2016,210,1,P006399   ,0.0,0.0,ULK,44,"DUVERIOGLU, AHMET",DNP,0,0,0,0,0,0,0,0,0,0,0,0,0,0,0,0,0,0,0.0
2016,210,1,PCCD      ,0.0,0.0,ULK,70,"DATOME, LUIGI",17:48,8,1,3,2,2,0,0,1,1,2,1,1,1,0,1,2,2,8,3.0
2016,210,1,Team,0.0,0.0,ULK,,Team,,0,0,0,0,0,0,0,1,0,1,0,0,2,0,0,0,0,-1,
2016,210,1,Total,,,ULK,,Total,200:00,79,17,34,13,28,6,10,10,23,33,20,5,12,2,3,18,16,86,
2016,210,0,P006536   ,1.0,1.0,TEL,3,"RUDD, VICTOR",29:58,8,2,6,1,3,1,2,2,2,4,3,2,3,1,0,3,3,8,3.0
2016,210,0,P004862   ,1.0,0.0,TEL,4,"SEELEY, D.J.",03:15,0,0,0,0,1,0,0,0,0,0,0,0,0,0,0,0,0,-1,-2.0
2016,210,0,P007765   ,1.0,1.0,TEL,5,"SIMPSON, DIAMON",29:30,14,6,8,0,0,2,7,3,9,12,1,5,2,0,0,3,6,26,10.0
2016,210,0,P001274   ,0.0,0.0,TEL,6,"SMITH, DEVIN",DNP,0,0,0,0,0,0,0,0,0,0,0,0,0,0,0,0,0,0,0.0
2016,210,0,P007768   ,0.0,0.0,TEL,8,"LEVI, NIMROD",DNP,0,0,0,0,0,0,0,0,0,0,0,0,0,0,0,0,0,0,0.0
2016,210,0,PKJP      ,0.0,0.0,TEL,9,"MEKEL, GAL",21:25,4,2,5,0,0,0,0,0,1,1,5,0,1,0,0,1,0,5,-13.0
2016,210,0,PLKX      ,0.0,0.0,TEL,10,"PNINI, GUY",17:55,5,1,1,1,5,0,0,0,3,3,2,0,1,0,0,1,0,4,-3.0
2016,210,0,P004161   ,0.0,0.0,TEL,11,"SEGEV, ITAY",DNP,0,0,0,0,0,0,0,0,0,0,0,0,0,0,0,0,0,0,0.0
2016,210,0,P000622   ,1.0,1.0,TEL,12,"OHAYON, YOGEV",24:11,10,2,6,2,2,0,0,0,2,2,6,0,0,0,0,1,1,14,10.0
2016,210,0,P004160   ,0.0,1.0,TEL,15,"LANDESBERG, SYLVEN",29:25,22,4,7,4,4,2,4,1,0,1,3,0,2,0,1,2,4,20,14.0
2016,210,0,P006195   ,1.0,1.0,TEL,23,"ALEXANDER, JOE",27:31,13,6,7,0,1,1,2,0,0,0,1,0,2,1,0,2,1,9,-3.0
2016,210,0,P005154   ,0.0,0.0,TEL,24,"IVERSON, COLTON",16:50,5,2,4,0,0,1,2,2,2,4,0,0,1,1,1,3,3,5,-6.0
2016,210,0,Team,0.0,0.0,TEL,,Team,,0,0,0,0,0,0,0,3,4,7,0,0,0,0,0,0,0,7,
2016,210,0,Total,,,TEL,,Total,200:00,81,25,44,8,16,7,17,11,23,34,21,7,12,3,2,16,18,97,
2016,211,1,P006614   ,1.0,1.0,PAN,0,"SINGLETON, CHRIS",26:01,5,1,3,1,4,0,0,2,1,3,2,1,2,0,0,4,2,2,10.0
2016,211,1,P003482   ,1.0,1.0,PAN,2,"NICHOLS, DEMETRIS",16:14,6,0,1,2,2,0,0,0,1,1,1,0,0,0,0,3,0,4,5.0
2016,211,1,P002429   ,0.0,1.0,PAN,3,"RIVERS, K.C.",20:45,10,0,1,3,8,1,1,0,1,1,1,0,1,0,0,1,0,4,6.0
2016,211,1,P005985   ,0.0,0.0,PAN,5,"JAMES, MIKE",23:29,13,3,6,2,4,1,2,1,1,2,1,2,0,0,1,1,1,11,11.0
2016,211,1,P003240   ,0.0,0.0,PAN,7,"BOCHORIDIS, ELEFTHERIOS",DNP,0,0,0,0,0,0,0,0,0,0,0,0,0,0,0,0,0,0,0.0
2016,211,1,PBEZ      ,0.0,0.0,PAN,9,"FOTSIS, ANTONIS",DNP,0,0,0,0,0,0,0,0,0,0,0,0,0,0,0,0,0,0,0.0
2016,211,1,P000464   ,0.0,0.0,PAN,11,"PAPPAS, NIKOS",19:56,10,1,1,1,4,5,6,0,2,2,0,2,1,1,0,3,5,12,5.0
2016,211,1,P005918   ,1.0,0.0,PAN,12,"FELDEINE, JAMES",15:46,4,2,3,0,3,0,0,0,0,0,2,3,0,0,0,1,0,4,8.0
2016,211,1,P002980   ,1.0,0.0,PAN,14,"GIST, JAMES",14:40,6,2,3,0,0,2,2,3,1,4,1,1,0,0,0,3,3,11,6.0
2016,211,1,P005881   ,0.0,0.0,PAN,21,"GABRIEL, KENNY",15:52,5,1,5,1,2,0,0,3,5,8,0,1,1,0,0,2,0,6,1.0
2016,211,1,PAQU      ,0.0,1.0,PAN,29,"BOUROUSIS, IOANNIS",23:23,2,1,3,0,0,0,2,1,3,4,2,2,2,2,0,2,3,7,7.0
2016,211,1,P001932   ,1.0,1.0,PAN,33,"CALATHES, NICK",23:54,13,3,4,2,5,1,1,0,1,1,4,2,6,0,0,2,5,13,6.0
2016,211,1,Team,0.0,0.0,PAN,,Team,,0,0,0,0,0,0,0,1,2,3,0,0,1,0,0,0,0,2,
2016,211,1,Total,,,PAN,,Total,200:00,74,14,30,12,32,10,14,11,18,29,14,14,14,3,1,22,19,76,
2016,211,0,P004418   ,0.0,0.0,MIL,1,"MCLEAN, JAMEL",16:39,2,0,1,0,1,2,2,0,3,3,2,1,6,0,1,3,3,-1,-11.0
2016,211,0,P004159   ,1.0,0.0,MIL,7,"HICKMAN, RICKY",26:54,4,0,3,1,5,1,2,2,5,7,1,1,4,0,1,1,2,1,-18.0
2016,211,0,PJBX      ,0.0,0.0,MIL,9,"KALNIETIS, MANTAS",13:52,4,2,3,0,0,0,0,0,1,1,0,0,3,0,0,0,1,2,-2.0
2016,211,0,PJDU      ,1.0,1.0,MIL,11,"RADULJICA, MIROSLAV",19:41,7,2,7,0,1,3,4,2,4,6,1,0,4,0,0,3,4,4,4.0
2016,211,0,PJEA      ,1.0,1.0,MIL,13,"MACVAN, MILAN",30:46,12,4,7,0,1,4,4,4,3,7,4,0,2,0,0,3,3,17,-11.0
2016,211,0,P006385   ,0.0,1.0,MIL,14,"PASCOLO, DAVIDE",22:54,6,3,6,0,2,0,0,0,1,1,0,0,1,1,0,2,3,3,-4.0
2016,211,0,P006705   ,0.0,0.0,MIL,15,"LAGANA, MATTEO",DNP,0,0,0,0,0,0,0,0,0,0,0,0,0,0,0,0,0,0,0.0
2016,211,0,PKIW      ,1.0,1.0,MIL,20,"CINCIARINI, ANDREA",33:44,11,2,6,1,2,4,4,2,6,8,4,2,2,0,0,3,5,20,-8.0
2016,211,0,P005001   ,0.0,0.0,MIL,21,"SANDERS, RAKIM",DNP,0,0,0,0,0,0,0,0,0,0,0,0,0,0,0,0,0,0,0.0
2016,211,0,P003527   ,1.0,1.0,MIL,23,"ABASS, AWUDU",35:30,15,3,6,3,3,0,1,2,0,2,2,1,1,0,1,4,1,11,-15.0
2016,211,0,Team,0.0,0.0,MIL,,Team,,0,0,0,0,0,0,0,3,1,4,0,0,0,0,0,0,0,4,
2016,211,0,Total,,,MIL,,Total,200:00,61,16,39,5,15,14,17,15,24,39,14,5,23,1,3,19,22,61,
2016,212,1,P006433   ,1.0,0.0,ZAL,3,"PANGOS, KEVIN",18:05,3,1,3,0,0,1,1,2,0,2,2,1,2,0,0,2,2,4,-15.0
2016,212,1,P003210   ,0.0,1.0,ZAL,4,"LEKAVICIUS, LUKAS",20:51,11,3,10,1,3,2,5,2,1,3,6,1,1,0,1,3,3,7,4.0
2016,212,1,P002543   ,1.0,1.0,ZAL,9,"WESTERMANN, LEO",28:16,8,1,3,2,3,0,0,1,4,5,8,1,3,0,1,1,3,17,-16.0
2016,212,1,PKNO      ,0.0,1.0,ZAL,10,"SEIBUTIS, RENALDAS",13:30,1,0,1,0,2,1,2,1,2,3,1,0,1,0,0,1,1,0,12.0
2016,212,1,P006599   ,0.0,0.0,ZAL,12,"MOTUM, BROCK",24:15,5,0,1,1,4,2,2,2,1,3,0,0,1,0,0,3,0,0,-9.0
2016,212,1,PBWI      ,1.0,1.0,ZAL,13,"JANKUNAS, PAULIUS",24:44,9,4,8,0,2,1,2,0,3,3,2,0,2,0,0,3,2,4,-8.0
2016,212,1,PBVE      ,0.0,0.0,ZAL,15,"JAVTOKAS, ROBERTAS",02:54,2,1,1,0,0,0,0,0,0,0,0,0,0,0,0,0,0,2,-7.0
2016,212,1,PKPD      ,1.0,0.0,ZAL,21,"MILAKNIS, ARTURAS",14:21,9,3,4,1,3,0,0,0,2,2,0,0,0,0,0,5,1,4,4.0
2016,212,1,P001098   ,1.0,0.0,ZAL,23,"LIMA, AUGUSTO",15:58,4,2,5,0,0,0,2,2,1,3,0,3,2,0,0,2,2,3,-6.0
2016,212,1,P000399   ,0.0,0.0,ZAL,44,"KAVALIAUSKAS, ANTANAS",10:43,6,3,3,0,0,0,0,2,0,2,0,0,0,0,0,0,1,9,13.0
2016,212,1,P005846   ,0.0,0.0,ZAL,55,"HARTENSTEIN, ISAIAH",DNP,0,0,0,0,0,0,0,0,0,0,0,0,0,0,0,0,0,0,0.0
2016,212,1,P002329   ,0.0,1.0,ZAL,92,"ULANOVAS, EDGARAS",26:23,10,1,2,2,3,2,2,0,2,2,0,0,0,0,0,1,2,11,-12.0
2016,212,1,Team,0.0,0.0,ZAL,,Team,,0,0,0,0,0,0,0,1,2,3,0,0,0,0,0,0,0,3,
2016,212,1,Total,,,ZAL,,Total,200:00,68,19,41,7,20,9,16,13,18,31,19,6,12,0,2,21,17,64,
2016,212,0,P005094   ,0.0,0.0,IST,1,"THOMAS, DESHAUN",06:01,2,1,1,0,0,0,0,0,2,2,0,0,1,0,0,2,0,1,-1.0
2016,212,0,P005800   ,0.0,1.0,IST,2,"HONEYCUTT, TYLER",27:17,5,1,4,0,2,3,3,2,10,12,0,1,2,1,0,4,3,11,5.0
2016,212,0,P003521   ,1.0,1.0,IST,4,"BALBAY, DOGUS",20:54,5,1,2,1,4,0,0,0,0,0,2,0,2,0,0,2,2,1,11.0
2016,212,0,P004425   ,1.0,1.0,IST,5,"BROWN, DERRICK",33:59,13,5,7,0,2,3,3,0,4,4,1,0,2,0,0,2,4,14,9.0
2016,212,0,P004088   ,1.0,0.0,IST,6,"OSMAN, CEDI",12:43,4,1,1,0,1,2,2,0,0,0,0,1,0,0,0,1,3,6,3.0
2016,212,0,P007122   ,0.0,0.0,IST,9,"GEYIK, SAMET",DNP,0,0,0,0,0,0,0,0,0,0,0,0,0,0,0,0,0,0,0.0
2016,212,0,P003024   ,1.0,1.0,IST,15,"GRANGER, JAYSON",32:20,25,6,7,3,6,4,6,0,1,1,8,0,2,0,0,1,5,30,16.0
2016,212,0,PKLT      ,0.0,0.0,IST,31,"HEURTEL, THOMAS",10:59,0,0,2,0,0,0,0,0,0,0,1,0,3,0,0,1,0,-5,-23.0
2016,212,0,PLQV      ,0.0,0.0,IST,32,"MUTAF, MAXIM",DNP,0,0,0,0,0,0,0,0,0,0,0,0,0,0,0,0,0,0,0.0
2016,212,0,P004945   ,0.0,0.0,IST,33,"PAUL, BRANDON",15:47,12,0,2,3,5,3,4,0,0,0,1,1,1,0,0,2,3,9,12.0
2016,212,0,P003048   ,1.0,1.0,IST,42,"DUNSTON, BRYANT",30:57,10,5,7,0,0,0,0,4,5,9,0,2,0,1,0,1,1,20,12.0
2016,212,0,P007616   ,0.0,0.0,IST,53,"KIRK, ALEX",09:03,0,0,2,0,0,0,0,1,1,2,0,1,1,0,0,1,0,-1,-4.0
2016,212,0,Team,0.0,0.0,IST,,Team,,0,0,0,0,0,0,0,4,3,7,0,0,0,0,0,0,0,7,
2016,212,0,Total,,,IST,,Total,200:00,76,20,35,7,20,15,18,11,26,37,13,6,14,2,0,17,21,93,
2016,213,1,P006555   ,0.0,0.0,RED,0,"WOLTERS, NATE",16:38,7,2,3,1,2,0,0,0,3,3,1,0,3,0,0,2,3,7,2.0
2016,213,1,P003453   ,0.0,1.0,RED,2,"THOMPSON, DEON",14:30,1,0,2,0,0,1,2,0,1,1,0,0,0,0,0,3,1,-3,-9.0
2016,213,1,P005942   ,1.0,1.0,RED,6,"DANGUBIC, NEMANJA",21:45,5,1,2,1,2,0,0,0,1,1,1,1,2,0,0,2,2,4,-1.0
2016,213,1,P002553   ,1.0,0.0,RED,9,"MITROVIC, LUKA",11:30,1,0,0,0,1,1,2,2,0,2,0,0,3,0,0,2,1,-3,-8.0
2016,213,1,PLUO      ,0.0,1.0,RED,10,"LAZIC, BRANKO",25:26,2,1,2,0,0,0,2,0,4,4,0,1,1,0,0,3,3,3,-4.0
2016,213,1,P004007   ,0.0,0.0,RED,13,"DOBRIC, OGNJEN",DNP,0,0,0,0,0,0,0,0,0,0,0,0,0,0,0,0,0,0,0.0
2016,213,1,PLRU      ,0.0,1.0,RED,19,"SIMONOVIC, MARKO",33:30,9,3,5,1,4,0,0,2,4,6,0,0,1,0,0,3,1,7,6.0
2016,213,1,P007395   ,0.0,0.0,RED,20,"RAKICEVIC, PETAR",DNP,0,0,0,0,0,0,0,0,0,0,0,0,0,0,0,0,0,0,0.0
2016,213,1,P005014   ,1.0,1.0,RED,22,"JENKINS, CHARLES",37:12,13,4,7,1,2,2,2,1,5,6,1,1,1,0,0,2,2,16,-7.0
2016,213,1,P004004   ,1.0,0.0,RED,23,"GUDURIC, MARKO",33:59,14,1,6,3,8,3,4,0,2,2,3,0,3,0,0,4,5,6,4.0
2016,213,1,P003479   ,1.0,0.0,RED,32,"KUZMIC, OGNJEN",18:42,8,4,10,0,0,0,0,3,5,8,0,0,1,0,0,1,1,9,-2.0
2016,213,1,PCHX      ,0.0,0.0,RED,51,"BJELICA, MILKO",11:48,4,2,5,0,1,0,0,1,1,2,1,1,0,0,0,3,1,2,9.0
2016,213,1,Team,0.0,0.0,RED,,Team,,0,0,0,0,0,0,0,4,3,7,0,0,0,0,0,0,0,7,
2016,213,1,Total,,,RED,,Total,225:00,64,18,42,7,20,7,12,13,29,42,7,4,15,0,0,25,20,55,
2016,213,0,P005159   ,1.0,1.0,OLY,1,"GREEN, ERICK",27:39,8,3,5,0,6,2,2,0,3,3,3,1,0,0,0,0,2,9,8.0
2016,213,0,P007182   ,0.0,0.0,OLY,2,"BIRCH, KHEM",08:26,2,1,2,0,0,0,0,0,2,2,1,1,0,0,0,1,0,4,-6.0
2016,213,0,P005984   ,0.0,0.0,OLY,4,"YOUNG, PATRIC",10:56,1,0,1,0,0,1,2,0,1,1,0,0,1,0,0,1,2,0,-4.0
2016,213,0,P005161   ,0.0,0.0,OLY,6,"PAPAPETROU, IOANNIS",13:36,0,0,0,0,2,0,0,0,1,1,0,0,0,0,0,2,1,-2,-8.0
2016,213,0,PJUO      ,0.0,0.0,OLY,7,"SPANOULIS, VASSILIS",16:24,0,0,0,0,3,0,0,1,0,1,2,1,4,0,0,1,2,-2,-8.0
2016,213,0,P004223   ,0.0,1.0,OLY,9,"WATERS, DOMINIC",12:34,2,1,1,0,1,0,0,0,1,1,0,1,2,0,0,3,0,-2,-9.0
2016,213,0,P004429   ,0.0,0.0,OLY,10,"AGRAVANIS, DIMITRIOS",20:40,16,2,3,3,5,3,3,1,2,3,0,0,0,0,0,4,3,15,9.0
2016,213,0,P003941   ,1.0,0.0,OLY,11,"MILUTINOV, NIKOLA",18:15,0,0,1,0,0,0,2,1,3,4,0,0,0,0,0,3,3,1,8.0
2016,213,0,PAMM      ,1.0,1.0,OLY,15,"PRINTEZIS, GEORGIOS",26:10,15,3,8,2,3,3,6,1,2,3,2,0,1,0,0,0,6,16,-6.0
2016,213,0,P001255   ,1.0,1.0,OLY,16,"PAPANIKOLAOU, KOSTAS",37:34,17,4,6,2,4,3,3,1,8,9,1,2,1,0,0,1,3,26,13.0
2016,213,0,P003537   ,1.0,1.0,OLY,17,"MANTZARIS, VANGELIS",32:46,5,0,0,1,7,2,2,0,2,2,5,2,2,0,0,4,3,5,13.0
2016,213,0,P004290   ,0.0,0.0,OLY,27,"ATHINAIOU, IOANNIS",DNP,0,0,0,0,0,0,0,0,0,0,0,0,0,0,0,0,0,0,0.0
2016,213,0,Team,0.0,0.0,OLY,,Team,,0,0,0,0,0,0,0,3,2,5,0,0,2,0,0,0,0,3,
2016,213,0,Total,,,OLY,,Total,225:00,66,14,27,8,31,14,20,8,27,35,14,8,13,0,0,20,25,73,
2016,214,1,P002100   ,1.0,1.0,CSK,1,"DE COLO, NANDO",28:07,17,3,5,3,4,2,2,0,1,1,8,0,2,0,1,1,4,23,2.0
2016,214,1,PJDR      ,1.0,0.0,CSK,4,"TEODOSIC, MILOS",28:26,20,3,3,4,6,2,2,1,1,2,10,0,2,1,0,3,3,29,14.0
2016,214,1,P001438   ,0.0,0.0,CSK,5,"AUGUSTINE, JAMES",16:18,8,4,5,0,0,0,0,0,3,3,0,1,0,2,0,0,0,13,10.0
2016,214,1,PLLH      ,0.0,1.0,CSK,7,"FRIDZON, VITALY",09:07,7,2,3,0,1,3,4,0,1,1,0,1,0,2,0,1,2,9,8.0
2016,214,1,P003413   ,0.0,0.0,CSK,9,"JACKSON, AARON",15:12,2,1,3,0,0,0,0,0,0,0,4,1,0,0,0,2,1,4,-3.0
2016,214,1,P004941   ,1.0,0.0,CSK,11,"ANTONOV, SEMEN",07:31,0,0,1,0,2,0,0,0,1,1,0,1,1,0,1,1,0,-4,-1.0
2016,214,1,PLOO      ,0.0,0.0,CSK,19,"FREELAND, JOEL",01:41,0,0,0,0,0,0,0,0,1,1,0,0,0,0,0,1,0,0,3.0
2016,214,1,PLHI      ,0.0,0.0,CSK,20,"VORONTSEVICH, ANDREY",13:05,8,1,2,2,4,0,0,0,2,2,0,0,0,1,1,0,1,8,-2.0
2016,214,1,P006450   ,0.0,1.0,CSK,22,"HIGGINS, CORY",20:53,6,1,2,1,2,1,2,0,4,4,2,0,1,0,0,1,5,12,1.0
2016,214,1,PBCQ      ,0.0,0.0,CSK,31,"KHRYAPA, VICTOR",16:29,8,3,4,0,1,2,2,0,8,8,4,2,1,0,0,4,3,18,18.0
2016,214,1,PJLX      ,1.0,1.0,CSK,41,"KURBANOV, NIKITA",21:10,2,1,4,0,1,0,0,0,3,3,0,0,1,2,1,3,0,-2,3.0
2016,214,1,P002812   ,1.0,1.0,CSK,42,"HINES, KYLE",22:01,17,6,7,0,0,5,5,3,5,8,0,0,2,2,1,3,3,23,-3.0
2016,214,1,Team,0.0,0.0,CSK,,Team,,0,0,0,0,0,0,0,2,0,2,0,0,1,0,0,0,0,1,
2016,214,1,Total,,,CSK,,Total,200:00,95,25,39,10,21,15,17,6,30,36,28,6,11,10,5,20,22,134,
2016,214,0,P006661   ,1.0,1.0,DAR,1,"WILBEKIN, SCOTTIE",29:58,26,1,3,8,9,0,0,0,0,0,1,2,2,0,1,3,2,22,-6.0
2016,214,0,P000497   ,0.0,1.0,DAR,4,"YAGMUR, MEHMET",00:53,0,0,0,0,0,0,0,0,0,0,0,0,0,0,0,0,0,0,1.0
2016,214,0,P004170   ,0.0,1.0,DAR,8,"BATUK, BIRKAN",18:31,3,0,1,1,3,0,0,0,0,0,1,0,0,2,2,3,1,-1,-6.0
2016,214,0,P005838   ,1.0,0.0,DAR,11,"WANAMAKER, BRAD",31:57,10,3,9,1,3,1,2,0,3,3,6,3,6,0,2,3,2,4,-10.0
2016,214,0,P004888   ,1.0,1.0,DAR,12,"CLYBURN, WILL",35:37,13,5,11,0,4,3,4,1,4,5,0,1,1,0,1,4,7,9,1.0
2016,214,0,P001833   ,0.0,1.0,DAR,18,"MOERMAN, ADRIEN",21:34,9,4,7,0,1,1,2,3,3,6,1,2,0,1,0,1,2,15,-5.0
2016,214,0,P003328   ,0.0,0.0,DAR,19,"ALDEMIR, FURKAN",15:55,10,2,4,0,0,6,10,5,5,10,1,0,0,0,1,1,5,18,-7.0
2016,214,0,PJPF      ,0.0,0.0,DAR,21,"SAVAS, OGUZ",DNP,0,0,0,0,0,0,0,0,0,0,0,0,0,0,0,0,0,0,0.0
2016,214,0,P005938   ,0.0,0.0,DAR,23,"ANDERSON, JAMES",17:13,10,2,7,2,2,0,0,1,0,1,1,0,0,0,3,3,0,1,-8.0
2016,214,0,P004554   ,1.0,0.0,DAR,41,"ZIZIC, ANTE",10:52,0,0,2,0,0,0,0,2,1,3,0,0,0,1,0,2,1,1,-2.0
2016,214,0,P000436   ,0.0,0.0,DAR,45,"BERTANS, DAIRIS",04:40,0,0,0,0,0,0,0,0,0,0,1,0,0,0,0,2,0,-1,-3.0
2016,214,0,P004902   ,1.0,0.0,DAR,81,"HARANGODY, LUKE",12:50,4,2,3,0,0,0,0,0,1,1,0,0,0,1,0,0,0,5,-5.0
2016,214,0,Team,0.0,0.0,DAR,,Team,,0,0,0,0,0,0,0,1,2,3,0,0,0,0,0,0,0,3,
2016,214,0,Total,,,DAR,,Total,200:00,85,19,47,12,22,11,18,13,19,32,12,8,9,5,10,22,20,76,
2016,215,1,P000529   ,1.0,1.0,GAL,5,"MICOV, VLADIMIR",20:52,3,0,4,1,3,0,0,1,1,2,0,1,2,0,0,2,1,-3,-3.0
2016,215,1,P007595   ,0.0,0.0,GAL,6,"FITIPALDO, BRUNO",09:46,7,1,3,1,2,2,2,0,0,0,2,2,0,0,1,1,1,7,6.0
2016,215,1,P004119   ,0.0,1.0,GAL,7,"TYUS, ALEX",18:41,10,4,5,0,0,2,4,2,2,4,1,0,1,3,0,1,2,15,4.0
2016,215,1,P004300   ,0.0,0.0,GAL,8,"KORKMAZ, CAN",10:06,2,1,2,0,0,0,0,0,0,0,0,1,0,0,0,1,0,1,0.0
2016,215,1,P000357   ,0.0,0.0,GAL,10,"SCHILB, BLAKE",23:05,9,3,3,0,1,3,4,0,7,7,6,0,1,0,0,2,2,19,7.0
2016,215,1,P005813   ,0.0,0.0,GAL,11,"ARAR, EGE",14:44,2,1,3,0,0,0,0,2,3,5,1,1,1,1,0,3,1,5,6.0
2016,215,1,P007355   ,0.0,0.0,GAL,14,"HACIYEVA, ORHAN",01:33,0,0,0,0,1,0,0,0,0,0,0,0,0,0,0,0,0,-1,-1.0
2016,215,1,PLHK      ,1.0,1.0,GAL,21,"PLEISS, TIBOR",17:47,8,3,5,0,0,2,2,1,2,3,0,1,1,0,1,1,3,10,4.0
2016,215,1,P003472   ,1.0,0.0,GAL,25,"DAYE, AUSTIN",22:20,12,2,8,2,6,2,4,1,4,5,0,0,0,1,0,0,2,8,7.0
2016,215,1,P000494   ,1.0,1.0,GAL,32,"GULER, SINAN",27:28,5,1,3,1,2,0,0,1,3,4,8,1,2,3,0,3,1,14,0.0
2016,215,1,P004997   ,0.0,1.0,GAL,33,"DIEBLER, JON",26:03,17,0,1,5,6,2,3,1,4,5,1,2,3,0,0,3,4,20,15.0
2016,215,1,P002104   ,1.0,0.0,GAL,61,"KOKSAL, GOKSENIN",07:35,0,0,1,0,1,0,0,1,2,3,1,0,2,0,0,1,0,-1,-5.0
2016,215,1,Team,0.0,0.0,GAL,,Team,,0,0,0,0,0,0,0,0,0,0,0,0,0,0,0,0,0,0,
2016,215,1,Total,,,GAL,,Total,200:00,75,16,38,10,22,13,19,10,28,38,20,9,13,8,2,18,17,94,
2016,215,0,P002026   ,1.0,0.0,UNK,2,"ANTIPOV, PAVEL",28:09,8,1,3,2,6,0,0,3,3,6,0,0,0,0,0,3,0,5,-11.0
2016,215,0,P001887   ,1.0,1.0,UNK,5,"LANGFORD, KEITH",33:31,24,4,14,2,5,10,10,2,4,6,3,1,1,0,2,3,10,25,0.0
2016,215,0,PJAN      ,0.0,0.0,UNK,7,"PONKRASHOV, ANTON",15:41,3,1,3,0,1,1,2,0,0,0,0,0,2,0,1,2,3,-3,-13.0
2016,215,0,P003034   ,1.0,1.0,UNK,9,"PARAKHOUSKI, ARTSIOM",21:05,6,3,7,0,0,0,0,2,4,6,0,0,1,1,0,2,1,7,3.0
2016,215,0,P006533   ,1.0,1.0,UNK,10,"COLOM, QUINO",30:00,11,5,10,0,4,1,2,1,5,6,6,1,3,0,1,0,3,13,-1.0
2016,215,0,P006360   ,0.0,0.0,UNK,12,"KLIMENKO, ARTEM",01:13,0,0,1,0,0,0,0,0,0,0,0,0,0,0,1,0,0,-2,-2.0
2016,215,0,PATS      ,0.0,0.0,UNK,13,"BANIC, MARKO",04:36,0,0,0,0,0,0,0,0,0,0,0,0,0,0,0,0,0,0,-8.0
2016,215,0,P001389   ,0.0,0.0,UNK,18,"VORONOV, EVGENY",12:02,2,1,3,0,0,0,0,0,4,4,0,2,1,0,0,1,0,4,2.0
2016,215,0,PLSK      ,1.0,1.0,UNK,20,"PANIN, VADIM",21:15,6,0,0,2,3,0,0,1,1,2,0,0,0,0,0,2,0,5,-2.0
2016,215,0,P004259   ,0.0,1.0,UNK,22,"WILLIAMS, LATAVIOUS",23:29,7,3,8,0,0,1,2,6,2,8,0,1,1,1,2,2,1,7,-1.0
2016,215,0,P000956   ,0.0,0.0,UNK,31,"ANDUSIC, DANILO",08:59,0,0,1,0,2,0,0,1,0,1,0,1,0,0,1,2,0,-4,-7.0
2016,215,0,Team,0.0,0.0,UNK,,Team,,0,0,0,0,0,0,0,3,0,3,0,0,2,0,0,0,0,1,
2016,215,0,Total,,,UNK,,Total,200:00,67,18,50,6,21,13,16,19,23,42,9,6,11,2,8,17,18,58,
2016,216,1,P005757   ,1.0,0.0,MAD,3,"RANDOLPH, ANTHONY",22:22,13,3,4,2,6,1,3,1,4,5,1,1,1,0,0,3,2,11,10.0
2016,216,1,P002946   ,0.0,0.0,MAD,4,"DRAPER, DONTAYE",DNP,0,0,0,0,0,0,0,0,0,0,0,0,0,0,0,0,0,0,0.0
2016,216,1,PBMT      ,0.0,1.0,MAD,5,"FERNANDEZ, RUDY",18:59,2,1,1,0,5,0,0,0,0,0,0,0,1,0,0,3,0,-7,8.0
2016,216,1,P005929   ,0.0,1.0,MAD,7,"DONCIC, LUKA",20:42,5,2,3,0,2,1,2,2,4,6,4,3,0,0,0,0,5,19,3.0
2016,216,1,PJCC      ,1.0,0.0,MAD,8,"MACIULIS, JONAS",20:06,2,1,1,0,2,0,0,1,3,4,3,1,0,0,0,2,0,6,13.0
2016,216,1,PAAX      ,0.0,0.0,MAD,9,"REYES, FELIPE",DNP,0,0,0,0,0,0,0,0,0,0,0,0,0,0,0,0,0,0,0.0
2016,216,1,P005927   ,1.0,0.0,MAD,14,"AYON, GUSTAVO",25:47,14,6,8,0,0,2,3,2,3,5,3,0,2,0,0,3,2,16,13.0
2016,216,1,P001960   ,0.0,0.0,MAD,20,"CARROLL, JAYCEE",23:46,8,1,2,2,7,0,0,0,2,2,1,1,3,0,1,5,1,-2,13.0
2016,216,1,P005160   ,0.0,1.0,MAD,21,"HUNTER, OTHELLO",13:55,8,3,5,0,0,2,2,2,3,5,1,1,1,0,0,2,1,11,0.0
2016,216,1,PTGB      ,1.0,0.0,MAD,23,"LLULL, SERGIO",25:36,21,3,5,4,7,3,3,1,2,3,6,2,2,1,0,1,7,32,19.0
2016,216,1,P005836   ,0.0,1.0,MAD,33,"THOMPKINS, TREY",17:38,9,1,1,2,3,1,2,1,2,3,1,0,0,0,0,1,1,11,6.0
2016,216,1,P006546   ,1.0,1.0,MAD,44,"TAYLOR, JEFFERY",11:09,3,0,0,1,2,0,0,0,0,0,0,0,1,0,0,3,0,-2,-5.0
2016,216,1,Team,0.0,0.0,MAD,,Team,,0,0,0,0,0,0,0,1,0,1,0,0,0,0,0,0,0,1,
2016,216,1,Total,,,MAD,,Total,200:00,85,21,30,11,34,10,15,11,23,34,20,9,11,1,1,23,19,96,
2016,216,0,P007759   ,0.0,0.0,BAR,1,"MUNFORD, XAVIER",DNP,0,0,0,0,0,0,0,0,0,0,0,0,0,0,0,0,0,0,0.0
2016,216,0,P003367   ,1.0,1.0,BAR,2,"RICE, TYRESE",29:43,12,0,4,4,5,0,0,0,1,1,4,0,2,0,0,0,4,14,-17.0
2016,216,0,P000556   ,1.0,1.0,BAR,10,"CLAVER, VICTOR",28:09,5,1,2,1,3,0,0,1,6,7,2,1,3,0,0,2,2,9,-11.0
2016,216,0,PADI      ,0.0,1.0,BAR,11,"NAVARRO, JUAN CARLOS",16:55,4,0,1,1,3,1,1,0,0,0,1,0,3,0,0,0,2,1,-7.0
2016,216,0,P003469   ,0.0,0.0,BAR,14,"VEZENKOV, ALEKSANDAR",12:09,3,0,1,1,2,0,0,0,0,0,0,0,0,0,0,1,2,2,-8.0
2016,216,0,P003151   ,0.0,0.0,BAR,20,"ERIKSSON, MARCUS",05:51,0,0,1,0,0,0,0,0,0,0,0,0,0,0,0,1,1,-1,4.0
2016,216,0,P006476   ,0.0,0.0,BAR,21,"DIAGNE, MOUSSA",10:30,1,0,2,0,0,1,2,2,5,7,0,0,2,0,1,4,2,0,-7.0
2016,216,0,P001972   ,1.0,1.0,BAR,24,"OLESON, BRAD",12:21,9,0,0,3,3,0,0,0,0,0,2,1,0,0,0,3,1,10,7.0
2016,216,0,P004178   ,0.0,0.0,BAR,25,"KOPONEN, PETTERI",22:04,11,1,2,3,6,0,0,0,0,0,1,1,2,0,0,1,1,7,-21.0
2016,216,0,P005945   ,0.0,0.0,BAR,32,"RENFROE, ALEX",12:02,5,1,1,1,2,0,0,0,1,1,2,0,1,0,0,1,0,5,-1.0
2016,216,0,PKRH      ,1.0,0.0,BAR,33,"PERPEROGLOU, STRATOS",21:04,7,3,6,0,1,1,3,0,2,2,1,0,0,0,0,3,2,3,-13.0
2016,216,0,P002507   ,1.0,1.0,BAR,44,"TOMIC, ANTE",29:12,12,3,5,0,0,6,10,3,7,10,2,0,5,1,0,3,5,16,-6.0
2016,216,0,Team,0.0,0.0,BAR,,Team,,0,0,0,0,0,0,0,1,1,2,0,0,0,0,0,0,0,2,
2016,216,0,Total,,,BAR,,Total,200:00,69,9,25,14,25,9,16,7,23,30,15,3,18,1,1,19,22,68,
2016,217,1,P005094   ,0.0,0.0,IST,1,"THOMAS, DESHAUN",07:41,2,1,1,0,0,0,0,0,2,2,0,0,0,0,0,0,0,4,5.0
2016,217,1,P005800   ,0.0,1.0,IST,2,"HONEYCUTT, TYLER",22:19,9,3,3,0,1,3,4,0,3,3,0,0,1,0,0,0,4,13,-9.0
2016,217,1,P003521   ,1.0,0.0,IST,4,"BALBAY, DOGUS",18:22,8,2,3,1,1,1,1,2,2,4,2,0,0,0,0,4,5,14,8.0
2016,217,1,P004425   ,1.0,1.0,IST,5,"BROWN, DERRICK",27:55,10,3,5,1,3,1,2,0,3,3,3,2,4,0,0,4,2,7,-1.0
2016,217,1,P004088   ,1.0,0.0,IST,6,"OSMAN, CEDI",17:41,5,1,1,1,2,0,0,0,2,2,0,0,0,0,0,1,0,5,12.0
2016,217,1,P007122   ,0.0,0.0,IST,9,"GEYIK, SAMET",DNP,0,0,0,0,0,0,0,0,0,0,0,0,0,0,0,0,0,0,0.0
2016,217,1,P003024   ,1.0,1.0,IST,15,"GRANGER, JAYSON",27:17,13,3,7,1,4,4,5,0,4,4,5,1,4,0,1,3,7,14,4.0
2016,217,1,PKLT      ,0.0,0.0,IST,31,"HEURTEL, THOMAS",15:20,4,2,4,0,0,0,0,0,0,0,3,1,2,0,0,3,1,2,-6.0
2016,217,1,PLQV      ,0.0,0.0,IST,32,"MUTAF, MAXIM",DNP,0,0,0,0,0,0,0,0,0,0,0,0,0,0,0,0,0,0,0.0
2016,217,1,P004945   ,0.0,1.0,IST,33,"PAUL, BRANDON",19:01,10,1,3,2,3,2,4,0,1,1,1,1,1,0,0,4,4,7,0.0
2016,217,1,P003048   ,1.0,1.0,IST,42,"DUNSTON, BRYANT",34:35,14,7,12,0,0,0,0,3,1,4,1,0,2,0,0,3,0,9,6.0
2016,217,1,P007616   ,0.0,0.0,IST,53,"KIRK, ALEX",09:49,5,2,3,0,0,1,2,2,0,2,0,0,0,0,0,1,1,5,-4.0
2016,217,1,Team,0.0,0.0,IST,,Team,,0,0,0,0,0,0,0,0,2,2,0,0,0,0,0,0,0,2,
2016,217,1,Total,,,IST,,Total,200:00,80,25,42,6,14,12,18,7,20,27,15,5,14,0,1,23,24,82,
2016,217,0,PLIM      ,0.0,0.0,ULK,5,"HERSEK, BARIS",DNP,0,0,0,0,0,0,0,0,0,0,0,0,0,0,0,0,0,0,0.0
2016,217,0,P006503   ,1.0,1.0,ULK,8,"UDOH, EKPE",33:20,8,2,9,0,0,4,6,4,6,10,2,2,2,1,0,2,6,16,-7.0
2016,217,0,P002969   ,1.0,1.0,ULK,10,"MAHMUTOGLU, MELIH",15:56,10,1,1,2,7,2,2,0,0,0,2,2,0,0,0,2,1,8,-10.0
2016,217,0,PBAE      ,0.0,0.0,ULK,12,"ANTIC, PERO",15:46,0,0,0,0,1,0,0,1,3,4,1,1,1,0,0,0,0,4,1.0
2016,217,0,P002821   ,0.0,1.0,ULK,13,"BOGDANOVIC, BOGDAN",15:32,16,2,2,2,3,6,7,0,2,2,4,1,1,0,0,4,4,20,5.0
2016,217,0,P007615   ,0.0,0.0,ULK,15,"BENNETT, ANTHONY",DNP,0,0,0,0,0,0,0,0,0,0,0,0,0,0,0,0,0,0,0.0
2016,217,0,P007400   ,0.0,0.0,ULK,21,"NUNNALLY, JAMES",20:15,5,1,4,1,3,0,0,1,1,2,2,0,3,0,0,5,0,-4,3.0
2016,217,0,P003783   ,0.0,0.0,ULK,23,"UGURLU, BERK",03:17,0,0,1,0,0,0,0,0,0,0,0,0,0,0,0,1,0,-2,-7.0
2016,217,0,P000925   ,1.0,1.0,ULK,24,"VESELY, JAN",30:54,7,3,9,0,0,1,2,3,1,4,0,0,2,0,0,3,3,2,0.0
2016,217,0,P004866   ,1.0,0.0,ULK,33,"KALINIC, NIKOLA",34:04,12,3,4,1,5,3,3,0,0,0,0,3,1,0,0,3,2,8,0.0
2016,217,0,P001324   ,1.0,1.0,ULK,35,"DIXON, BOBBY",30:56,19,3,4,2,4,7,7,1,7,8,3,2,5,0,0,4,7,27,0.0
2016,217,0,P006399   ,0.0,0.0,ULK,44,"DUVERIOGLU, AHMET",DNP,0,0,0,0,0,0,0,0,0,0,0,0,0,0,0,0,0,0,0.0
2016,217,0,Team,0.0,0.0,ULK,,Team,,0,0,0,0,0,0,0,5,0,5,0,0,0,0,0,0,0,5,
2016,217,0,Total,,,ULK,,Total,200:00,77,15,34,8,23,23,27,15,20,35,14,11,15,1,0,24,23,84,
2016,218,1,P004418   ,0.0,0.0,MIL,1,"MCLEAN, JAMEL",22:44,8,2,7,0,1,4,5,0,3,3,1,0,2,0,0,2,3,4,0.0
2016,218,1,P004159   ,1.0,1.0,MIL,7,"HICKMAN, RICKY",30:38,20,2,5,5,10,1,2,0,4,4,4,1,3,1,1,4,2,15,-3.0
2016,218,1,PJBX      ,0.0,0.0,MIL,9,"KALNIETIS, MANTAS",28:24,8,1,5,2,8,0,0,1,2,3,4,2,0,0,1,0,3,9,-6.0
2016,218,1,PJDU      ,1.0,1.0,MIL,11,"RADULJICA, MIROSLAV",19:11,19,6,9,0,0,7,8,4,5,9,1,0,2,0,0,2,6,27,-7.0
2016,218,1,PJEA      ,1.0,0.0,MIL,13,"MACVAN, MILAN",16:23,1,0,3,0,0,1,2,2,3,5,1,0,1,0,0,4,3,1,-10.0
2016,218,1,P006385   ,0.0,1.0,MIL,14,"PASCOLO, DAVIDE",21:42,7,2,5,0,2,3,4,2,0,2,2,2,2,1,0,2,4,8,1.0
2016,218,1,P006705   ,0.0,0.0,MIL,15,"LAGANA, MATTEO",DNP,0,0,0,0,0,0,0,0,0,0,0,0,0,0,0,0,0,0,0.0
2016,218,1,P006702   ,0.0,0.0,MIL,16,"GIARDINI, SAMUELE",DNP,0,0,0,0,0,0,0,0,0,0,0,0,0,0,0,0,0,0,0.0
2016,218,1,PKIW      ,1.0,1.0,MIL,20,"CINCIARINI, ANDREA",30:12,9,3,6,1,2,0,2,2,1,3,3,1,2,0,0,4,2,6,-3.0
2016,218,1,P003527   ,1.0,1.0,MIL,23,"ABASS, AWUDU",30:46,4,1,2,0,3,2,2,2,5,7,1,0,1,0,0,2,3,8,-12.0
2016,218,1,Team,0.0,0.0,MIL,,Team,,0,0,0,0,0,0,0,1,2,3,0,0,0,0,0,0,0,3,
2016,218,1,Total,,,MIL,,Total,200:00,76,17,42,8,26,18,25,14,25,39,17,6,13,2,2,20,26,81,
2016,218,0,P001392   ,1.0,1.0,BAM,1,"CAUSEUR, FABIEN",24:03,17,4,4,2,4,3,4,1,7,8,2,2,3,0,0,3,3,23,11.0
2016,218,0,P002849   ,1.0,0.0,BAM,4,"MELLI, NICOLO",26:04,9,0,3,2,3,3,4,1,7,8,1,0,2,0,0,4,2,9,13.0
2016,218,0,PABN      ,1.0,1.0,BAM,6,"ZISIS, NIKOS",19:42,4,2,3,0,2,0,0,0,1,1,7,1,1,0,0,1,0,8,10.0
2016,218,0,P003703   ,0.0,0.0,BAM,7,"NIKOLIC, ALEKSEJ",04:36,5,0,1,1,1,2,2,0,0,0,0,0,0,0,0,0,2,6,4.0
2016,218,0,P002506   ,1.0,0.0,BAM,8,"STAIGER, LUCCA",13:00,6,0,0,2,2,0,0,0,2,2,0,0,0,0,0,1,0,7,2.0
2016,218,0,P004132   ,0.0,0.0,BAM,10,"THEIS, DANIEL",09:49,8,3,4,0,0,2,2,0,1,1,0,0,1,1,0,4,2,6,1.0
2016,218,0,P007032   ,0.0,0.0,BAM,12,"LO, MAODO",19:36,7,2,3,1,2,0,0,0,2,2,4,1,1,1,0,2,1,11,-10.0
2016,218,0,PLLM      ,1.0,0.0,BAM,14,"VEREMEENKO, VLADIMIR",07:44,0,0,2,0,0,0,0,1,0,1,0,1,1,0,0,3,1,-3,-1.0
2016,218,0,P006421   ,0.0,1.0,BAM,21,"MILLER, DARIUS",22:40,7,2,4,1,4,0,0,0,2,2,3,1,3,0,0,3,2,4,9.0
2016,218,0,P006338   ,0.0,0.0,BAM,22,"McNEAL, JEREL",20:09,12,3,3,1,2,3,6,1,2,3,1,0,0,0,0,2,3,13,-4.0
2016,218,0,P006420   ,0.0,1.0,BAM,33,"HECKMANN, PATRICK",10:13,0,0,1,0,1,0,0,0,4,4,1,1,1,0,1,2,1,1,-4.0
2016,218,0,PLEM      ,0.0,1.0,BAM,43,"RADOSEVIC, LEON",22:24,9,3,8,0,0,3,5,1,1,2,3,1,2,0,1,1,3,7,9.0
2016,218,0,Team,0.0,0.0,BAM,,Team,,0,0,0,0,0,0,0,0,2,2,0,0,1,0,0,0,0,1,
2016,218,0,Total,,,BAM,,Total,200:00,84,19,36,10,21,16,23,5,31,36,22,8,16,2,2,26,20,93,
2016,219,1,P007200   ,1.0,1.0,BAS,0,"LARKIN, SHANE",26:33,7,2,8,1,5,0,0,1,2,3,2,3,2,0,0,1,3,5,-15.0
2016,219,1,P007201   ,1.0,1.0,BAS,7,"VOIGTMANN, JOHANNES",26:11,12,5,7,0,2,2,4,4,3,7,3,2,1,0,0,1,2,18,7.0
2016,219,1,P005099   ,1.0,1.0,BAS,8,"HANGA, ADAM",32:23,13,5,9,1,3,0,3,0,5,5,3,1,0,0,0,3,4,14,-6.0
2016,219,1,P007230   ,0.0,0.0,BAS,9,"SEDEKERSKIS, TADAS",DNP,0,0,0,0,0,0,0,0,0,0,0,0,0,0,0,0,0,0,0.0
2016,219,1,P006590   ,0.0,0.0,BAS,10,"BEAUBOIS, RODRIGUE",10:30,0,0,2,0,3,0,0,0,1,1,0,0,1,0,0,0,0,-5,-9.0
2016,219,1,P003452   ,0.0,0.0,BAS,11,"BLAZIC, JAKA",05:58,0,0,0,0,0,0,0,0,0,0,0,0,0,0,0,1,2,1,0.0
2016,219,1,P003540   ,0.0,0.0,BAS,12,"DIOP, ILIMANE",25:30,7,2,4,0,0,3,4,2,2,4,2,2,0,0,1,4,4,11,-6.0
2016,219,1,P002744   ,0.0,0.0,BAS,14,"TILLIE, KIM",09:29,2,1,1,0,2,0,0,0,0,0,0,0,0,0,0,2,0,-2,-11.0
2016,219,1,P006435   ,0.0,1.0,BAS,15,"LAPROVITTOLA, NICOLAS",15:42,5,0,1,1,6,2,2,0,2,2,5,1,4,0,0,2,1,2,14.0
2016,219,1,P001133   ,1.0,0.0,BAS,23,"SHENGELIA, TORNIKE",16:57,6,3,5,0,0,0,0,0,2,2,1,0,1,0,0,3,1,4,-9.0
2016,219,1,P007427   ,1.0,1.0,BAS,34,"BUDINGER, CHASE",28:05,11,2,5,1,3,4,4,2,1,3,3,1,2,0,1,1,2,11,-4.0
2016,219,1,P001633   ,0.0,0.0,BAS,55,"LUZ, RAFA",02:42,0,0,0,0,0,0,0,0,0,0,1,1,1,0,0,0,1,2,-6.0
2016,219,1,Team,0.0,0.0,BAS,,Team,,0,0,0,0,0,0,0,3,3,6,0,0,1,0,0,0,0,5,
2016,219,1,Total,,,BAS,,Total,200:00,63,20,42,4,24,11,17,12,21,33,20,11,13,0,2,18,20,66,
2016,219,0,P006614   ,1.0,1.0,PAN,0,"SINGLETON, CHRIS",32:18,18,3,5,2,5,6,8,4,4,8,0,0,1,2,0,3,5,22,18.0
2016,219,0,P003482   ,1.0,0.0,PAN,2,"NICHOLS, DEMETRIS",16:26,2,1,1,0,0,0,0,1,1,2,0,0,0,0,0,3,0,1,22.0
2016,219,0,P002429   ,0.0,0.0,PAN,3,"RIVERS, K.C.",16:56,0,0,0,0,3,0,0,0,2,2,0,0,1,0,0,2,2,-2,-15.0
2016,219,0,P005985   ,0.0,0.0,PAN,5,"JAMES, MIKE",21:57,11,3,6,1,4,2,2,1,0,1,3,0,1,0,0,2,2,8,-14.0
2016,219,0,P003240   ,0.0,0.0,PAN,7,"BOCHORIDIS, ELEFTHERIOS",DNP,0,0,0,0,0,0,0,0,0,0,0,0,0,0,0,0,0,0,0.0
2016,219,0,PBEZ      ,0.0,0.0,PAN,9,"FOTSIS, ANTONIS",DNP,0,0,0,0,0,0,0,0,0,0,0,0,0,0,0,0,0,0,0.0
2016,219,0,P000464   ,0.0,1.0,PAN,11,"PAPPAS, NIKOS",11:39,4,2,2,0,1,0,0,0,2,2,0,0,1,0,0,2,1,3,0.0
2016,219,0,P005918   ,1.0,1.0,PAN,12,"FELDEINE, JAMES",23:43,8,1,1,2,5,0,0,0,1,1,3,1,3,0,0,1,0,6,18.0
2016,219,0,P002980   ,1.0,1.0,PAN,14,"GIST, JAMES",18:57,11,4,5,1,2,0,2,1,4,5,1,3,4,0,0,2,2,12,15.0
2016,219,0,P005881   ,0.0,0.0,PAN,21,"GABRIEL, KENNY",10:20,6,0,1,2,2,0,0,0,3,3,0,0,0,0,0,0,0,8,-4.0
2016,219,0,PAQU      ,0.0,0.0,PAN,29,"BOUROUSIS, IOANNIS",18:25,4,0,2,0,1,4,4,0,3,3,1,0,5,0,0,1,3,2,-11.0
2016,219,0,P001932   ,1.0,1.0,PAN,33,"CALATHES, NICK",29:19,8,3,4,0,2,2,3,2,4,6,8,2,3,0,0,4,3,16,16.0
2016,219,0,Team,0.0,0.0,PAN,,Team,,0,0,0,0,0,0,0,1,6,7,0,0,0,0,0,0,0,7,
2016,219,0,Total,,,PAN,,Total,200:00,72,17,27,8,25,14,19,10,30,40,16,6,19,2,0,20,18,83,
2016,220,1,P006536   ,1.0,1.0,TEL,3,"RUDD, VICTOR",31:32,16,1,3,4,6,2,2,1,2,3,4,1,4,0,0,3,5,18,-10.0
2016,220,1,P007765   ,0.0,1.0,TEL,5,"SIMPSON, DIAMON",18:25,10,5,7,0,0,0,1,1,1,2,2,0,1,1,0,4,2,9,-11.0
2016,220,1,P001274   ,1.0,0.0,TEL,6,"SMITH, DEVIN",23:25,10,2,2,2,3,0,0,0,1,1,5,0,2,0,0,3,0,10,-6.0
2016,220,1,P006013   ,0.0,0.0,TEL,7,"ZALMANSON, TOMER",DNP,0,0,0,0,0,0,0,0,0,0,0,0,0,0,0,0,0,0,0.0
2016,220,1,P007768   ,0.0,0.0,TEL,8,"LEVI, NIMROD",DNP,0,0,0,0,0,0,0,0,0,0,0,0,0,0,0,0,0,0,0.0
2016,220,1,PKJP      ,0.0,1.0,TEL,9,"MEKEL, GAL",27:05,8,2,4,1,4,1,4,0,2,2,3,0,2,0,0,1,2,4,-8.0
2016,220,1,PLKX      ,0.0,1.0,TEL,10,"PNINI, GUY",21:42,8,1,2,2,2,0,0,0,3,3,1,1,2,0,0,0,0,10,-8.0
2016,220,1,P004161   ,0.0,0.0,TEL,11,"SEGEV, ITAY",01:21,0,0,0,0,0,0,0,0,1,1,0,0,0,0,0,0,0,1,-4.0
2016,220,1,P000622   ,1.0,0.0,TEL,12,"OHAYON, YOGEV",18:51,0,0,2,0,3,0,0,0,1,1,3,0,2,0,0,1,1,-3,-11.0
2016,220,1,P004160   ,0.0,1.0,TEL,15,"LANDESBERG, SYLVEN",25:25,11,1,4,3,4,0,0,0,0,0,0,0,0,0,0,3,2,6,-11.0
2016,220,1,P006195   ,1.0,0.0,TEL,23,"ALEXANDER, JOE",19:30,9,0,1,2,2,3,4,1,2,3,1,0,1,0,0,1,3,12,-9.0
2016,220,1,P005154   ,1.0,0.0,TEL,24,"IVERSON, COLTON",12:44,5,2,3,0,0,1,2,2,4,6,2,1,0,0,0,4,3,11,-2.0
2016,220,1,Team,0.0,0.0,TEL,,Team,,0,0,0,0,0,0,0,0,2,2,0,0,0,0,0,0,0,2,
2016,220,1,Total,,,TEL,,Total,200:00,77,14,28,14,24,7,13,5,19,24,21,3,14,1,0,20,18,80,
2016,220,0,P006433   ,1.0,1.0,ZAL,3,"PANGOS, KEVIN",29:49,15,4,7,2,5,1,1,0,2,2,3,3,2,0,0,1,2,16,23.0
2016,220,0,P003210   ,0.0,0.0,ZAL,4,"LEKAVICIUS, LUKAS",10:11,4,2,2,0,0,0,0,0,1,1,3,0,1,0,0,2,0,5,-7.0
2016,220,0,P004664   ,0.0,1.0,ZAL,6,"VALINSKAS, PAULIUS",00:43,0,0,0,0,0,0,0,0,0,0,1,0,0,0,0,0,0,1,3.0
2016,220,0,P002543   ,1.0,0.0,ZAL,9,"WESTERMANN, LEO",24:01,4,2,2,0,1,0,0,1,1,2,8,1,1,0,0,1,1,13,9.0
2016,220,0,PKNO      ,0.0,0.0,ZAL,10,"SEIBUTIS, RENALDAS",13:51,5,1,1,1,1,0,0,0,2,2,2,0,0,0,0,0,0,9,8.0
2016,220,0,P006599   ,0.0,0.0,ZAL,12,"MOTUM, BROCK",15:17,10,4,6,0,0,2,3,1,1,2,0,0,0,0,0,2,2,9,9.0
2016,220,0,PBWI      ,1.0,0.0,ZAL,13,"JANKUNAS, PAULIUS",27:13,12,6,8,0,0,0,0,0,7,7,5,1,2,0,0,3,3,21,12.0
2016,220,0,PKPD      ,0.0,1.0,ZAL,21,"MILAKNIS, ARTURAS",21:20,6,0,1,2,7,0,0,0,0,0,0,0,0,0,0,2,1,-1,7.0
2016,220,0,P001098   ,1.0,0.0,ZAL,23,"LIMA, AUGUSTO",12:24,0,0,2,0,0,0,0,2,2,4,0,2,1,0,0,2,2,3,-4.0
2016,220,0,P000399   ,0.0,0.0,ZAL,44,"KAVALIAUSKAS, ANTANAS",14:55,14,6,8,0,0,2,2,3,4,7,0,0,1,0,1,3,4,18,9.0
2016,220,0,P005846   ,0.0,1.0,ZAL,55,"HARTENSTEIN, ISAIAH",00:52,3,1,1,0,0,1,1,0,0,0,0,0,0,0,0,0,1,4,1.0
2016,220,0,P002329   ,1.0,1.0,ZAL,92,"ULANOVAS, EDGARAS",29:24,20,5,10,3,5,1,2,1,0,1,1,0,1,0,0,2,4,15,10.0
2016,220,0,Team,0.0,0.0,ZAL,,Team,,0,0,0,0,0,0,0,2,2,4,0,0,0,0,0,0,0,4,
2016,220,0,Total,,,ZAL,,Total,200:00,93,31,48,8,19,7,9,10,22,32,23,7,9,0,1,18,20,117,
2016,221,1,P006661   ,1.0,1.0,DAR,1,"WILBEKIN, SCOTTIE",26:50,13,2,9,3,9,0,0,0,1,1,3,1,0,0,0,1,0,4,4.0
2016,221,1,P000497   ,0.0,0.0,DAR,4,"YAGMUR, MEHMET",DNP,0,0,0,0,0,0,0,0,0,0,0,0,0,0,0,0,0,0,0.0
2016,221,1,P004170   ,0.0,1.0,DAR,8,"BATUK, BIRKAN",20:21,6,0,1,2,3,0,0,2,1,3,1,0,0,0,0,4,1,5,-2.0
2016,221,1,P005838   ,1.0,1.0,DAR,11,"WANAMAKER, BRAD",30:19,22,4,9,3,6,5,6,0,6,6,2,2,2,0,1,2,7,25,1.0
2016,221,1,P004888   ,1.0,1.0,DAR,12,"CLYBURN, WILL",34:29,15,6,11,0,1,3,6,3,6,9,3,0,1,1,1,3,3,17,5.0
2016,221,1,P001833   ,0.0,1.0,DAR,18,"MOERMAN, ADRIEN",04:52,3,0,1,1,1,0,0,0,0,0,0,0,1,0,0,1,1,1,1.0
2016,221,1,P003328   ,0.0,0.0,DAR,19,"ALDEMIR, FURKAN",27:51,2,1,2,0,0,0,2,2,5,7,1,0,1,1,0,2,2,7,9.0
2016,221,1,PJPF      ,0.0,0.0,DAR,21,"SAVAS, OGUZ",DNP,0,0,0,0,0,0,0,0,0,0,0,0,0,0,0,0,0,0,0.0
2016,221,1,P005938   ,0.0,0.0,DAR,23,"ANDERSON, JAMES",26:59,8,2,7,1,3,1,4,0,7,7,3,0,0,0,2,2,2,6,20.0
2016,221,1,P004554   ,1.0,0.0,DAR,41,"ZIZIC, ANTE",10:00,2,1,2,0,0,0,0,1,1,2,0,0,1,0,0,0,1,3,-1.0
2016,221,1,P000436   ,0.0,0.0,DAR,45,"BERTANS, DAIRIS",04:18,0,0,1,0,0,0,0,0,1,1,0,0,0,0,1,2,0,-3,2.0
2016,221,1,P004902   ,1.0,0.0,DAR,81,"HARANGODY, LUKE",14:01,2,1,2,0,0,0,0,2,2,4,1,0,0,0,0,0,1,7,-9.0
2016,221,1,Team,0.0,0.0,DAR,,Team,,0,0,0,0,0,0,0,8,2,10,0,0,0,0,0,0,0,10,
2016,221,1,Total,,,DAR,,Total,200:00,73,17,45,10,23,9,18,18,32,50,14,3,6,2,5,17,18,82,
2016,221,0,PTFH      ,0.0,0.0,GAL,3,"PRELDZIC, EMIR",03:41,0,0,0,0,0,0,0,0,0,0,1,0,0,0,0,2,0,-1,-2.0
2016,221,0,P000529   ,1.0,1.0,GAL,5,"MICOV, VLADIMIR",30:19,17,6,10,1,7,2,3,0,5,5,1,0,1,0,0,1,3,13,-5.0
2016,221,0,P007595   ,0.0,0.0,GAL,6,"FITIPALDO, BRUNO",04:10,0,0,0,0,1,0,0,0,0,0,0,0,0,0,0,0,0,-1,-3.0
2016,221,0,P004119   ,0.0,0.0,GAL,7,"TYUS, ALEX",18:16,4,2,4,0,0,0,1,1,4,5,0,1,0,1,0,1,1,8,-5.0
2016,221,0,P004300   ,0.0,0.0,GAL,8,"KORKMAZ, CAN",09:43,9,1,1,2,4,1,2,0,0,0,0,0,0,0,0,1,1,6,3.0
2016,221,0,P000357   ,0.0,1.0,GAL,10,"SCHILB, BLAKE",18:50,4,2,2,0,0,0,0,0,3,3,1,0,0,0,0,0,1,9,-13.0
2016,221,0,P005813   ,0.0,0.0,GAL,11,"ARAR, EGE",13:56,4,2,3,0,0,0,0,2,2,4,1,0,1,0,0,2,0,5,3.0
2016,221,0,PLHK      ,1.0,1.0,GAL,21,"PLEISS, TIBOR",21:44,8,4,8,0,0,0,0,3,6,9,1,1,0,4,0,2,3,20,-1.0
2016,221,0,P003472   ,1.0,0.0,GAL,25,"DAYE, AUSTIN",16:55,11,1,3,3,4,0,0,0,1,1,0,0,0,0,0,3,0,6,3.0
2016,221,0,P000494   ,1.0,1.0,GAL,32,"GULER, SINAN",23:57,5,2,6,0,2,1,1,0,1,1,5,1,1,0,1,2,1,3,-2.0
2016,221,0,P004997   ,0.0,1.0,GAL,33,"DIEBLER, JON",22:59,5,1,2,1,3,0,0,0,1,1,3,0,0,0,0,3,6,9,-17.0
2016,221,0,P002104   ,1.0,0.0,GAL,61,"KOKSAL, GOKSENIN",15:30,0,0,3,0,2,0,0,1,1,2,2,0,1,0,1,2,0,-5,9.0
2016,221,0,Team,0.0,0.0,GAL,,Team,,0,0,0,0,0,0,0,0,3,3,0,0,0,0,0,0,0,3,
2016,221,0,Total,,,GAL,,Total,200:00,67,21,42,7,23,4,7,7,27,34,15,3,4,5,2,19,16,75,
2016,222,1,P007759   ,0.0,0.0,BAR,1,"MUNFORD, XAVIER",DNP,0,0,0,0,0,0,0,0,0,0,0,0,0,0,0,0,0,0,0.0
2016,222,1,P003367   ,1.0,0.0,BAR,2,"RICE, TYRESE",22:29,5,1,2,1,1,0,0,0,0,0,2,0,3,0,0,1,0,2,11.0
2016,222,1,P000556   ,0.0,1.0,BAR,10,"CLAVER, VICTOR",26:24,5,1,4,1,4,0,0,1,9,10,1,0,1,0,0,2,1,8,11.0
2016,222,1,PADI      ,0.0,0.0,BAR,11,"NAVARRO, JUAN CARLOS",08:19,2,0,0,0,1,2,2,0,0,0,0,1,2,0,0,0,2,2,1.0
2016,222,1,P003469   ,1.0,0.0,BAR,14,"VEZENKOV, ALEKSANDAR",20:00,8,0,1,2,4,2,2,0,1,1,0,1,0,1,1,2,1,6,8.0
2016,222,1,P005713   ,0.0,1.0,BAR,17,"KURUCS, RODIONS",03:20,2,1,1,0,1,0,0,0,0,0,0,0,0,0,0,0,0,1,-5.0
2016,222,1,P003151   ,0.0,0.0,BAR,20,"ERIKSSON, MARCUS",12:57,3,0,0,1,2,0,0,1,2,3,2,0,2,0,0,2,0,3,-2.0
2016,222,1,P006476   ,1.0,0.0,BAR,21,"DIAGNE, MOUSSA",13:36,3,0,0,0,0,3,4,0,2,2,3,1,2,1,0,3,3,7,2.0
2016,222,1,P001972   ,1.0,0.0,BAR,24,"OLESON, BRAD",17:48,7,2,2,1,2,0,0,0,1,1,1,0,1,0,0,3,1,5,19.0
2016,222,1,P004178   ,0.0,1.0,BAR,25,"KOPONEN, PETTERI",27:38,13,0,1,3,7,4,4,0,4,4,2,1,2,0,0,2,8,19,4.0
2016,222,1,P005945   ,0.0,1.0,BAR,32,"RENFROE, ALEX",17:31,2,1,1,0,1,0,0,3,0,3,3,2,2,0,0,2,0,5,2.0
2016,222,1,PKRH      ,1.0,1.0,BAR,33,"PERPEROGLOU, STRATOS",29:58,17,4,8,3,5,0,0,0,5,5,3,0,1,0,0,1,4,21,14.0
2016,222,1,Team,0.0,0.0,BAR,,Team,,0,0,0,0,0,0,0,0,3,3,0,0,0,0,0,0,0,3,
2016,222,1,Total,,,BAR,,Total,200:00,67,10,20,12,28,11,12,5,27,32,17,6,16,2,1,18,20,82,
2016,222,0,P006555   ,0.0,1.0,RED,0,"WOLTERS, NATE",15:07,8,2,6,1,3,1,2,0,4,4,2,3,1,0,1,3,2,7,-11.0
2016,222,0,P003453   ,0.0,0.0,RED,2,"THOMPSON, DEON",10:00,2,1,1,0,0,0,2,0,0,0,0,0,0,0,0,2,1,-1,-6.0
2016,222,0,P005942   ,1.0,1.0,RED,6,"DANGUBIC, NEMANJA",20:26,5,0,2,1,3,2,2,0,0,0,0,0,0,0,0,4,2,-1,-14.0
2016,222,0,P002553   ,1.0,1.0,RED,9,"MITROVIC, LUKA",24:15,8,4,5,0,2,0,0,2,1,3,0,1,0,0,0,2,1,8,-14.0
2016,222,0,PLUO      ,0.0,0.0,RED,10,"LAZIC, BRANKO",31:01,7,2,4,1,5,0,0,3,1,4,0,3,0,0,0,3,0,5,2.0
2016,222,0,P004007   ,0.0,0.0,RED,13,"DOBRIC, OGNJEN",DNP,0,0,0,0,0,0,0,0,0,0,0,0,0,0,0,0,0,0,0.0
2016,222,0,PLRU      ,0.0,1.0,RED,19,"SIMONOVIC, MARKO",25:53,7,1,1,1,7,2,2,1,7,8,3,1,1,0,0,1,3,14,-3.0
2016,222,0,P005014   ,1.0,0.0,RED,22,"JENKINS, CHARLES",30:50,8,4,4,0,2,0,0,0,0,0,2,3,4,0,0,3,3,7,-8.0
2016,222,0,P004004   ,0.0,1.0,RED,23,"GUDURIC, MARKO",19:25,5,1,2,1,6,0,0,0,1,1,1,1,3,0,0,1,5,3,-4.0
2016,222,0,P004863   ,1.0,0.0,RED,24,"JOVIC, STEFAN",03:03,0,0,1,0,0,0,0,0,1,1,2,0,0,0,0,0,0,2,-4.0
2016,222,0,P003479   ,1.0,0.0,RED,32,"KUZMIC, OGNJEN",07:16,2,1,2,0,0,0,0,1,1,2,0,0,2,1,1,1,1,1,-2.0
2016,222,0,PCHX      ,0.0,0.0,RED,51,"BJELICA, MILKO",12:44,2,1,1,0,1,0,0,0,3,3,0,0,2,0,0,0,0,2,-1.0
2016,222,0,Team,0.0,0.0,RED,,Team,,0,0,0,0,0,0,0,1,3,4,0,0,1,0,0,0,0,3,
2016,222,0,Total,,,RED,,Total,200:00,54,17,29,5,29,5,8,8,22,30,10,12,14,1,2,20,18,50,
2016,223,1,P005159   ,0.0,1.0,OLY,1,"GREEN, ERICK",19:38,7,2,4,1,3,0,0,1,1,2,1,1,3,0,0,0,1,5,-12.0
2016,223,1,P007182   ,0.0,0.0,OLY,2,"BIRCH, KHEM",05:28,0,0,3,0,0,0,0,1,1,2,0,2,0,0,2,0,0,-1,-6.0
2016,223,1,P005984   ,0.0,0.0,OLY,4,"YOUNG, PATRIC",10:02,4,2,3,0,0,0,0,2,1,3,0,2,0,0,0,1,2,9,1.0
2016,223,1,P005161   ,0.0,0.0,OLY,6,"PAPAPETROU, IOANNIS",15:41,4,2,5,0,2,0,2,0,1,1,0,1,0,0,0,2,1,-2,-12.0
2016,223,1,PJUO      ,1.0,1.0,OLY,7,"SPANOULIS, VASSILIS",25:37,9,1,7,2,5,1,2,0,4,4,3,0,2,0,0,1,6,9,4.0
2016,223,1,P004223   ,0.0,0.0,OLY,9,"WATERS, DOMINIC",10:30,2,0,1,0,2,2,2,0,0,0,1,0,1,0,0,3,0,-4,-10.0
2016,223,1,P004429   ,1.0,0.0,OLY,10,"AGRAVANIS, DIMITRIOS",24:10,10,1,5,1,6,5,5,2,1,3,1,0,0,0,2,5,4,2,8.0
2016,223,1,P003941   ,1.0,1.0,OLY,11,"MILUTINOV, NIKOLA",21:10,18,5,6,0,0,8,10,4,0,4,0,1,2,1,0,1,6,24,-6.0
2016,223,1,P001255   ,1.0,1.0,OLY,16,"PAPANIKOLAOU, KOSTAS",23:33,11,4,4,1,3,0,0,3,3,6,2,1,0,0,0,3,2,17,-1.0
2016,223,1,P003537   ,1.0,1.0,OLY,17,"MANTZARIS, VANGELIS",23:02,5,1,3,1,3,0,0,0,3,3,3,1,1,0,0,4,0,3,9.0
2016,223,1,P003608   ,0.0,0.0,OLY,24,"LOJESKI, MATT",21:09,3,0,1,1,2,0,0,2,0,2,2,0,2,0,0,0,2,5,-5.0
2016,223,1,P004290   ,0.0,0.0,OLY,27,"ATHINAIOU, IOANNIS",DNP,0,0,0,0,0,0,0,0,0,0,0,0,0,0,0,0,0,0,0.0
2016,223,1,Team,0.0,0.0,OLY,,Team,,0,0,0,0,0,0,0,6,2,8,0,0,0,0,0,0,0,8,
2016,223,1,Total,,,OLY,,Total,200:00,73,18,42,7,26,16,21,21,17,38,13,9,11,1,4,20,24,75,
2016,223,0,P005757   ,0.0,1.0,MAD,3,"RANDOLPH, ANTHONY",27:42,21,7,8,1,2,4,4,1,4,5,1,1,1,4,0,2,3,30,6.0
2016,223,0,P002946   ,0.0,0.0,MAD,4,"DRAPER, DONTAYE",18:52,0,0,0,0,0,0,0,0,4,4,2,2,0,0,0,2,1,7,14.0
2016,223,0,PBMT      ,0.0,0.0,MAD,5,"FERNANDEZ, RUDY",10:50,0,0,0,0,0,0,0,0,0,0,1,0,0,0,0,0,0,1,0.0
2016,223,0,P005929   ,0.0,1.0,MAD,7,"DONCIC, LUKA",19:04,4,1,2,0,2,2,2,0,3,3,3,2,3,0,0,3,1,4,7.0
2016,223,0,PJCC      ,1.0,0.0,MAD,8,"MACIULIS, JONAS",18:44,7,1,1,1,3,2,2,2,2,4,2,1,1,0,0,0,2,13,2.0
2016,223,0,PAAX      ,1.0,0.0,MAD,9,"REYES, FELIPE",10:24,4,1,2,0,0,2,2,0,2,2,1,0,0,0,0,4,3,5,-5.0
2016,223,0,P005927   ,1.0,0.0,MAD,14,"AYON, GUSTAVO",15:27,2,1,4,0,0,0,0,0,1,1,0,0,2,0,1,4,0,-7,3.0
2016,223,0,P001960   ,0.0,0.0,MAD,20,"CARROLL, JAYCEE",07:19,2,1,1,0,2,0,0,0,2,2,0,0,1,0,0,0,0,1,0.0
2016,223,0,P005160   ,0.0,0.0,MAD,21,"HUNTER, OTHELLO",21:51,10,5,7,0,0,0,0,1,1,2,0,0,1,0,0,1,0,8,3.0
2016,223,0,PTGB      ,1.0,1.0,MAD,23,"LLULL, SERGIO",30:37,21,6,13,2,4,3,4,0,1,1,5,1,2,0,0,1,9,24,3.0
2016,223,0,P005836   ,0.0,1.0,MAD,33,"THOMPKINS, TREY",04:36,3,0,1,1,2,0,0,1,1,2,0,0,0,0,0,3,0,0,5.0
2016,223,0,P006546   ,1.0,1.0,MAD,44,"TAYLOR, JEFFERY",14:34,5,1,1,1,1,0,0,0,2,2,0,1,2,0,0,4,1,3,-8.0
2016,223,0,Team,0.0,0.0,MAD,,Team,,0,0,0,0,0,0,0,2,2,4,0,0,0,0,0,0,0,4,
2016,223,0,Total,,,MAD,,Total,200:00,79,24,40,6,16,13,14,7,25,32,15,8,13,4,1,24,20,93,
2016,224,1,P002026   ,1.0,1.0,UNK,2,"ANTIPOV, PAVEL",25:15,9,1,2,2,3,1,1,0,3,3,1,1,1,0,0,2,1,10,-5.0
2016,224,1,P001887   ,1.0,0.0,UNK,5,"LANGFORD, KEITH",30:52,17,1,3,2,5,9,9,0,1,1,4,1,5,0,0,5,9,17,-11.0
2016,224,1,PJAN      ,0.0,1.0,UNK,7,"PONKRASHOV, ANTON",27:50,16,5,12,2,5,0,0,0,3,3,7,2,3,0,2,3,0,10,-2.0
2016,224,1,P003034   ,1.0,1.0,UNK,9,"PARAKHOUSKI, ARTSIOM",23:31,14,6,9,0,0,2,4,4,4,8,2,0,2,3,0,1,4,23,-1.0
2016,224,1,P006533   ,1.0,0.0,UNK,10,"COLOM, QUINO",07:51,3,1,1,0,1,1,1,1,1,2,2,1,0,0,0,0,2,9,-8.0
2016,224,1,P006360   ,0.0,0.0,UNK,12,"KLIMENKO, ARTEM",10:30,2,1,3,0,0,0,0,2,3,5,0,0,0,0,1,4,1,1,-5.0
2016,224,1,PATS      ,0.0,0.0,UNK,13,"BANIC, MARKO",14:54,4,2,6,0,0,0,0,0,1,1,1,0,0,0,0,2,0,0,-6.0
2016,224,1,P001389   ,0.0,1.0,UNK,18,"VORONOV, EVGENY",19:44,2,0,2,0,2,2,2,0,1,1,1,2,1,0,0,1,2,2,3.0
2016,224,1,PLSK      ,1.0,1.0,UNK,20,"PANIN, VADIM",11:50,0,0,0,0,2,0,0,1,1,2,2,0,0,0,0,2,0,0,-15.0
2016,224,1,P004259   ,0.0,0.0,UNK,22,"WILLIAMS, LATAVIOUS",05:50,0,0,1,0,0,0,0,0,1,1,1,0,0,0,1,1,0,-1,-5.0
2016,224,1,P000956   ,0.0,0.0,UNK,31,"ANDUSIC, DANILO",21:53,7,2,4,1,4,0,0,1,2,3,1,1,2,0,1,5,1,0,0.0
2016,224,1,P005717   ,0.0,0.0,UNK,33,"KHABIROV, RUSLAN",DNP,0,0,0,0,0,0,0,0,0,0,0,0,0,0,0,0,0,0,0.0
2016,224,1,Team,0.0,0.0,UNK,,Team,,0,0,0,0,0,0,0,1,1,2,0,0,0,0,0,0,0,2,
2016,224,1,Total,,,UNK,,Total,200:00,74,19,43,7,22,15,17,10,22,32,22,8,14,3,5,26,20,73,
2016,224,0,P002100   ,1.0,1.0,CSK,1,"DE COLO, NANDO",29:14,22,3,7,3,4,7,7,0,5,5,4,2,3,0,1,1,6,29,18.0
2016,224,0,PJDR      ,1.0,1.0,CSK,4,"TEODOSIC, MILOS",32:08,12,2,3,2,7,2,2,0,2,2,12,0,4,0,0,1,2,17,14.0
2016,224,0,P001438   ,0.0,0.0,CSK,5,"AUGUSTINE, JAMES",14:07,1,0,2,0,1,1,2,3,4,7,1,0,1,2,1,2,2,5,-7.0
2016,224,0,PLLH      ,0.0,0.0,CSK,7,"FRIDZON, VITALY",06:35,2,1,2,0,0,0,0,0,1,1,0,0,0,0,1,2,0,-1,-5.0
2016,224,0,P003413   ,0.0,0.0,CSK,9,"JACKSON, AARON",12:04,7,1,2,1,2,2,2,0,1,1,2,1,3,0,0,0,1,7,-9.0
2016,224,0,P004941   ,0.0,0.0,CSK,11,"ANTONOV, SEMEN",DNP,0,0,0,0,0,0,0,0,0,0,0,0,0,0,0,0,0,0,0.0
2016,224,0,PLOO      ,0.0,0.0,CSK,19,"FREELAND, JOEL",10:04,6,3,5,0,0,0,1,0,2,2,0,0,0,0,0,1,1,5,13.0
2016,224,0,PLHI      ,0.0,1.0,CSK,20,"VORONTSEVICH, ANDREY",23:01,9,1,1,2,5,1,4,1,2,3,1,1,2,3,0,3,3,9,7.0
2016,224,0,P006450   ,0.0,0.0,CSK,22,"HIGGINS, CORY",13:52,5,0,4,1,1,2,2,2,1,3,1,0,1,0,0,1,2,5,-10.0
2016,224,0,PBCQ      ,1.0,0.0,CSK,31,"KHRYAPA, VICTOR",16:59,6,3,4,0,0,0,0,0,2,2,3,1,1,0,0,2,1,9,4.0
2016,224,0,PJLX      ,1.0,1.0,CSK,41,"KURBANOV, NIKITA",26:07,9,2,4,0,1,5,6,3,4,7,2,1,1,0,0,3,3,14,25.0
2016,224,0,P002812   ,1.0,1.0,CSK,42,"HINES, KYLE",15:49,6,1,2,0,0,4,5,0,2,2,0,2,1,0,0,4,3,6,5.0
2016,224,0,Team,0.0,0.0,CSK,,Team,,0,0,0,0,0,0,0,5,2,7,0,0,0,0,0,0,0,7,
2016,224,0,Total,,,CSK,,Total,200:00,85,17,36,9,21,24,31,14,28,42,26,8,17,5,3,20,24,112,
2016,225,1,P005094   ,0.0,0.0,IST,1,"THOMAS, DESHAUN",15:29,2,1,1,0,2,0,0,0,2,2,0,0,0,0,0,0,0,2,2.0
2016,225,1,P005800   ,0.0,1.0,IST,2,"HONEYCUTT, TYLER",25:55,11,3,6,1,2,2,2,2,9,11,6,1,3,1,0,2,4,25,14.0
2016,225,1,P003521   ,1.0,0.0,IST,4,"BALBAY, DOGUS",04:26,0,0,1,0,1,0,0,0,0,0,0,0,0,0,0,0,0,-2,-8.0
2016,225,1,P004425   ,1.0,1.0,IST,5,"BROWN, DERRICK",30:15,9,3,8,0,3,3,3,2,6,8,1,0,1,0,1,1,4,11,17.0
2016,225,1,P004088   ,1.0,0.0,IST,6,"OSMAN, CEDI",19:32,8,3,4,0,0,2,2,1,1,2,0,0,1,0,1,0,3,10,-10.0
2016,225,1,P007122   ,0.0,0.0,IST,9,"GEYIK, SAMET",DNP,0,0,0,0,0,0,0,0,0,0,0,0,0,0,0,0,0,0,0.0
2016,225,1,P004094   ,0.0,0.0,IST,11,"DEMIR, BERK",DNP,0,0,0,0,0,0,0,0,0,0,0,0,0,0,0,0,0,0,0.0
2016,225,1,P003024   ,1.0,1.0,IST,15,"GRANGER, JAYSON",19:00,7,0,1,2,4,1,2,0,0,0,2,0,0,0,0,2,1,4,2.0
2016,225,1,PKLT      ,0.0,1.0,IST,31,"HEURTEL, THOMAS",26:34,18,7,11,0,1,4,4,1,2,3,5,2,2,0,1,1,4,23,12.0
2016,225,1,PLQV      ,0.0,0.0,IST,32,"MUTAF, MAXIM",06:30,0,0,1,0,2,0,0,0,0,0,1,0,1,0,0,1,0,-4,-3.0
2016,225,1,P004945   ,0.0,0.0,IST,33,"PAUL, BRANDON",18:03,11,3,5,1,2,2,2,0,1,1,0,0,0,0,0,3,2,8,17.0
2016,225,1,P003048   ,1.0,1.0,IST,42,"DUNSTON, BRYANT",34:16,11,4,7,0,0,3,5,0,5,5,1,1,0,0,0,1,3,15,-3.0
2016,225,1,Team,0.0,0.0,IST,,Team,,0,0,0,0,0,0,0,1,1,2,0,0,1,0,0,0,0,1,
2016,225,1,Total,,,IST,,Total,200:00,77,24,45,4,17,17,20,7,27,34,16,4,9,1,3,11,21,93,
2016,225,0,P005159   ,0.0,0.0,OLY,1,"GREEN, ERICK",09:18,5,1,2,1,2,0,0,0,0,0,1,0,1,0,0,1,2,4,-8.0
2016,225,0,P007182   ,1.0,0.0,OLY,2,"BIRCH, KHEM",21:21,6,3,5,0,0,0,0,1,3,4,0,1,2,1,1,2,0,5,-4.0
2016,225,0,P005984   ,0.0,0.0,OLY,4,"YOUNG, PATRIC",14:20,4,1,3,0,0,2,2,1,3,4,0,0,0,0,0,1,2,7,2.0
2016,225,0,P005161   ,0.0,1.0,OLY,6,"PAPAPETROU, IOANNIS",16:13,8,1,2,2,5,0,0,0,0,0,0,2,0,0,0,1,1,6,-3.0
2016,225,0,PJUO      ,1.0,1.0,OLY,7,"SPANOULIS, VASSILIS",29:41,11,3,9,1,6,2,4,1,0,1,10,0,1,0,0,3,3,8,4.0
2016,225,0,P004223   ,0.0,0.0,OLY,9,"WATERS, DOMINIC",13:51,5,1,3,1,2,0,0,1,1,2,3,0,1,0,0,5,0,1,6.0
2016,225,0,P004429   ,0.0,1.0,OLY,10,"AGRAVANIS, DIMITRIOS",17:24,7,2,3,1,2,0,0,1,2,3,0,1,0,0,0,2,0,7,-12.0
2016,225,0,P003941   ,0.0,0.0,OLY,11,"MILUTINOV, NIKOLA",02:50,0,0,2,0,0,0,0,1,1,2,0,0,0,0,0,1,0,-1,-8.0
2016,225,0,PAMM      ,1.0,1.0,OLY,15,"PRINTEZIS, GEORGIOS",24:05,16,8,9,0,1,0,0,0,9,9,2,0,1,1,0,1,1,25,6.0
2016,225,0,P001255   ,1.0,1.0,OLY,16,"PAPANIKOLAOU, KOSTAS",22:53,5,1,1,1,3,0,0,1,2,3,2,1,3,1,0,1,1,7,-14.0
2016,225,0,P003537   ,1.0,0.0,OLY,17,"MANTZARIS, VANGELIS",19:04,2,1,1,0,2,0,0,1,4,5,2,0,2,0,0,2,0,3,-8.0
2016,225,0,P004290   ,0.0,0.0,OLY,27,"ATHINAIOU, IOANNIS",09:00,0,0,1,0,0,0,0,1,1,2,0,0,2,0,0,2,1,-2,-1.0
2016,225,0,Team,0.0,0.0,OLY,,Team,,0,0,0,0,0,0,0,0,1,1,0,0,1,0,0,0,0,0,
2016,225,0,Total,,,OLY,,Total,200:00,69,22,41,7,23,4,6,9,27,36,20,5,14,3,1,22,11,70,
2016,226,1,P001392   ,1.0,0.0,BAM,1,"CAUSEUR, FABIEN",27:26,15,3,6,3,6,0,0,1,4,5,3,0,0,0,0,5,3,15,-4.0
2016,226,1,P002849   ,1.0,1.0,BAM,4,"MELLI, NICOLO",31:17,12,5,8,0,1,2,2,2,8,10,4,0,4,0,0,1,3,20,-8.0
2016,226,1,PABN      ,1.0,0.0,BAM,6,"ZISIS, NIKOS",32:35,11,1,5,2,4,3,3,0,2,2,11,0,1,0,0,1,3,19,-2.0
2016,226,1,P003703   ,0.0,0.0,BAM,7,"NIKOLIC, ALEKSEJ",DNP,0,0,0,0,0,0,0,0,0,0,0,0,0,0,0,0,0,0,0.0
2016,226,1,P002506   ,0.0,0.0,BAM,8,"STAIGER, LUCCA",10:24,2,1,1,0,2,0,0,0,1,1,1,0,0,0,0,0,2,4,-1.0
2016,226,1,P004132   ,0.0,1.0,BAM,10,"THEIS, DANIEL",27:01,13,5,8,0,0,3,3,3,4,7,2,0,0,4,0,3,3,23,9.0
2016,226,1,P007032   ,0.0,0.0,BAM,12,"LO, MAODO",13:21,13,5,5,1,4,0,0,0,3,3,0,0,3,0,0,3,1,8,1.0
2016,226,1,PLLM      ,1.0,1.0,BAM,14,"VEREMEENKO, VLADIMIR",07:28,4,2,2,0,0,0,0,0,1,1,0,0,0,0,0,2,2,5,10.0
2016,226,1,P006421   ,1.0,1.0,BAM,21,"MILLER, DARIUS",27:58,11,3,6,1,3,2,4,0,0,0,3,0,1,0,0,4,2,4,-11.0
2016,226,1,P006338   ,0.0,0.0,BAM,22,"McNEAL, JEREL",18:24,8,1,2,2,3,0,0,0,1,1,0,0,1,0,0,5,1,2,8.0
2016,226,1,P006420   ,0.0,0.0,BAM,33,"HECKMANN, PATRICK",12:31,4,0,1,0,1,4,5,0,2,2,0,1,0,0,0,1,2,5,-7.0
2016,226,1,PLEM      ,0.0,1.0,BAM,43,"RADOSEVIC, LEON",16:35,4,2,3,0,0,0,0,2,5,7,1,1,1,1,0,1,0,11,-5.0
2016,226,1,Team,0.0,0.0,BAM,,Team,,0,0,0,0,0,0,0,0,2,2,0,0,1,0,0,0,0,1,
2016,226,1,Total,,,BAM,,Total,225:00,97,28,47,9,24,14,17,8,33,41,25,2,12,5,0,26,22,117,
2016,226,0,P006661   ,0.0,1.0,DAR,1,"WILBEKIN, SCOTTIE",32:32,9,1,2,1,7,4,5,1,1,2,4,1,2,0,0,3,5,8,-4.0
2016,226,0,P000497   ,0.0,0.0,DAR,4,"YAGMUR, MEHMET",DNP,0,0,0,0,0,0,0,0,0,0,0,0,0,0,0,0,0,0,0.0
2016,226,0,P004170   ,0.0,0.0,DAR,8,"BATUK, BIRKAN",13:42,0,0,0,0,1,0,0,0,0,0,0,1,0,0,0,3,0,-3,3.0
2016,226,0,P005838   ,1.0,1.0,DAR,11,"WANAMAKER, BRAD",40:26,30,5,9,4,8,8,12,1,5,6,6,2,1,0,1,4,8,34,4.0
2016,226,0,P004888   ,1.0,1.0,DAR,12,"CLYBURN, WILL",37:37,26,9,13,0,1,8,10,0,7,7,1,1,0,0,0,1,6,33,7.0
2016,226,0,P005000   ,0.0,0.0,DAR,13,"ULUBAY, OKBEN",DNP,0,0,0,0,0,0,0,0,0,0,0,0,0,0,0,0,0,0,0.0
2016,226,0,P001833   ,1.0,1.0,DAR,18,"MOERMAN, ADRIEN",34:04,19,6,9,1,3,4,5,6,6,12,0,1,0,0,0,4,3,25,14.0
2016,226,0,P003328   ,0.0,0.0,DAR,19,"ALDEMIR, FURKAN",07:42,0,0,1,0,0,0,0,0,1,1,0,0,1,0,0,0,0,-1,-17.0
2016,226,0,P005938   ,0.0,1.0,DAR,23,"ANDERSON, JAMES",19:51,3,0,2,1,6,0,0,0,2,2,1,0,0,0,1,1,1,-2,6.0
2016,226,0,P004554   ,1.0,0.0,DAR,41,"ZIZIC, ANTE",10:39,2,1,4,0,0,0,0,3,2,5,0,0,0,0,3,2,1,0,3.0
2016,226,0,P000436   ,1.0,0.0,DAR,45,"BERTANS, DAIRIS",09:31,0,0,3,0,0,0,0,0,1,1,0,0,0,0,0,1,2,-1,-1.0
2016,226,0,P004902   ,0.0,0.0,DAR,81,"HARANGODY, LUKE",18:56,10,2,2,2,3,0,0,0,0,0,0,0,1,0,0,3,0,5,-5.0
2016,226,0,Team,0.0,0.0,DAR,,Team,,0,0,0,0,0,0,0,1,1,2,0,0,0,0,0,0,0,2,
2016,226,0,Total,,,DAR,,Total,225:00,99,24,45,9,29,24,32,12,26,38,12,6,5,0,5,22,26,100,
2016,227,1,P003367   ,1.0,1.0,BAR,2,"RICE, TYRESE",16:53,3,0,3,1,4,0,0,0,0,0,3,1,0,0,0,4,2,-1,11.0
2016,227,1,P000556   ,1.0,1.0,BAR,10,"CLAVER, VICTOR",22:36,7,2,2,0,1,3,3,1,4,5,2,0,0,0,0,4,2,11,13.0
2016,227,1,PADI      ,0.0,0.0,BAR,11,"NAVARRO, JUAN CARLOS",04:12,0,0,0,0,2,0,0,0,0,0,0,0,1,0,0,0,0,-3,-2.0
2016,227,1,P003469   ,0.0,1.0,BAR,14,"VEZENKOV, ALEKSANDAR",20:45,13,3,4,2,4,1,2,0,4,4,1,0,1,0,0,2,1,12,-6.0
2016,227,1,P005713   ,0.0,0.0,BAR,17,"KURUCS, RODIONS",DNP,0,0,0,0,0,0,0,0,0,0,0,0,0,0,0,0,0,0,0.0
2016,227,1,P003151   ,0.0,0.0,BAR,20,"ERIKSSON, MARCUS",04:59,0,0,0,0,1,0,0,0,0,0,0,0,0,0,0,2,0,-3,-8.0
2016,227,1,P006476   ,0.0,0.0,BAR,21,"DIAGNE, MOUSSA",10:29,0,0,3,0,0,0,0,2,3,5,0,1,1,0,0,1,2,3,-4.0
2016,227,1,P001972   ,1.0,1.0,BAR,24,"OLESON, BRAD",24:07,13,1,1,3,5,2,2,1,2,3,3,2,1,1,0,2,2,19,16.0
2016,227,1,P004178   ,0.0,1.0,BAR,25,"KOPONEN, PETTERI",22:17,14,3,6,1,5,5,5,0,3,3,3,1,2,0,1,1,4,14,-1.0
2016,227,1,P005945   ,0.0,0.0,BAR,32,"RENFROE, ALEX",24:44,5,1,1,1,2,0,0,1,3,4,2,1,0,0,0,0,1,12,-6.0
2016,227,1,PKRH      ,1.0,0.0,BAR,33,"PERPEROGLOU, STRATOS",22:48,6,0,3,2,4,0,0,0,4,4,0,0,0,0,0,1,1,5,5.0
2016,227,1,P002507   ,1.0,0.0,BAR,44,"TOMIC, ANTE",26:10,15,6,12,0,0,3,6,4,2,6,6,0,2,1,1,0,7,23,7.0
2016,227,1,Team,0.0,0.0,BAR,,Team,,0,0,0,0,0,0,0,2,1,3,0,0,1,0,0,0,0,2,
2016,227,1,Total,,,BAR,,Total,200:00,76,16,35,10,28,14,18,11,26,37,20,6,9,2,2,17,22,94,
2016,227,0,P006536   ,1.0,1.0,TEL,3,"RUDD, VICTOR",30:01,11,4,7,1,5,0,0,0,5,5,1,1,6,0,0,4,3,4,-9.0
2016,227,0,P007765   ,0.0,0.0,TEL,5,"SIMPSON, DIAMON",22:05,10,5,10,0,0,0,0,6,6,12,3,0,0,1,0,3,2,20,4.0
2016,227,0,P001274   ,1.0,1.0,TEL,6,"SMITH, DEVIN",26:34,7,2,6,1,2,0,0,0,8,8,2,1,2,0,0,4,0,7,-15.0
2016,227,0,P007768   ,0.0,0.0,TEL,8,"LEVI, NIMROD",08:55,6,0,0,2,2,0,0,0,1,1,0,0,1,0,0,1,0,5,4.0
2016,227,0,PKJP      ,1.0,1.0,TEL,9,"MEKEL, GAL",33:18,18,2,6,2,3,8,9,0,2,2,7,1,1,0,1,4,6,22,-4.0
2016,227,0,PLKX      ,0.0,1.0,TEL,10,"PNINI, GUY",15:41,0,0,0,0,4,0,0,0,1,1,1,0,0,0,0,1,0,-3,4.0
2016,227,0,P004161   ,0.0,0.0,TEL,11,"SEGEV, ITAY",10:49,7,2,3,0,0,3,4,2,0,2,0,0,0,0,0,1,2,8,1.0
2016,227,0,P004160   ,0.0,0.0,TEL,15,"LANDESBERG, SYLVEN",21:45,5,0,2,1,5,2,2,1,0,1,0,0,0,0,1,1,2,0,2.0
2016,227,0,P006781   ,0.0,0.0,TEL,18,"BEN HARUSH, IDDO",DNP,0,0,0,0,0,0,0,0,0,0,0,0,0,0,0,0,0,0,0.0
2016,227,0,P006195   ,1.0,1.0,TEL,23,"ALEXANDER, JOE",17:33,7,2,3,1,3,0,0,0,2,2,0,1,0,1,0,2,2,8,-5.0
2016,227,0,P005154   ,1.0,0.0,TEL,24,"IVERSON, COLTON",13:19,0,0,2,0,0,0,0,2,0,2,2,1,0,0,0,2,0,1,-7.0
2016,227,0,Team,0.0,0.0,TEL,,Team,,0,0,0,0,0,0,0,0,1,1,0,0,0,0,0,0,0,1,
2016,227,0,Total,,,TEL,,Total,200:00,71,17,39,8,24,13,15,11,26,37,16,5,10,2,2,23,17,73,
2016,228,1,P006555   ,0.0,0.0,RED,0,"WOLTERS, NATE",25:47,12,3,5,1,2,3,4,0,1,1,6,2,3,0,0,3,3,14,31.0
2016,228,1,P003453   ,0.0,0.0,RED,2,"THOMPSON, DEON",DNP,0,0,0,0,0,0,0,0,0,0,0,0,0,0,0,0,0,0,0.0
2016,228,1,P005942   ,1.0,1.0,RED,6,"DANGUBIC, NEMANJA",16:43,3,1,2,0,2,1,2,0,3,3,0,1,0,0,1,4,3,1,10.0
2016,228,1,P002553   ,1.0,1.0,RED,9,"MITROVIC, LUKA",18:34,3,1,5,0,0,1,2,2,3,5,4,3,0,0,0,2,1,9,18.0
2016,228,1,PLUO      ,1.0,0.0,RED,10,"LAZIC, BRANKO",20:46,0,0,0,0,0,0,0,0,2,2,0,0,2,0,0,4,2,-2,2.0
2016,228,1,P004007   ,0.0,1.0,RED,13,"DOBRIC, OGNJEN",03:32,0,0,0,0,0,0,0,0,1,1,0,0,0,0,0,0,0,1,-3.0
2016,228,1,PLRU      ,0.0,0.0,RED,19,"SIMONOVIC, MARKO",23:20,13,0,4,4,6,1,1,0,1,1,0,0,1,0,1,1,1,6,2.0
2016,228,1,P007395   ,0.0,0.0,RED,20,"RAKICEVIC, PETAR",DNP,0,0,0,0,0,0,0,0,0,0,0,0,0,0,0,0,0,0,0.0
2016,228,1,P005014   ,1.0,1.0,RED,22,"JENKINS, CHARLES",25:41,10,4,9,0,0,2,2,2,2,4,1,5,2,1,0,3,1,12,-5.0
2016,228,1,P004004   ,0.0,0.0,RED,23,"GUDURIC, MARKO",25:41,18,2,2,4,5,2,2,2,1,3,3,0,2,0,0,3,3,21,17.0
2016,228,1,P003479   ,1.0,1.0,RED,32,"KUZMIC, OGNJEN",21:05,5,2,6,0,0,1,1,1,1,2,4,2,1,2,0,3,1,8,-6.0
2016,228,1,PCHX      ,0.0,0.0,RED,51,"BJELICA, MILKO",18:51,19,4,5,2,4,5,7,1,3,4,1,1,1,0,0,2,5,22,24.0
2016,228,1,Team,0.0,0.0,RED,,Team,,0,0,0,0,0,0,0,1,0,1,0,0,1,0,0,0,0,0,
2016,228,1,Total,,,RED,,Total,200:00,83,17,38,11,19,16,21,9,18,27,19,14,13,3,2,25,20,92,
2016,228,0,P002026   ,0.0,0.0,UNK,2,"ANTIPOV, PAVEL",16:41,5,0,0,1,3,2,2,2,1,3,0,1,1,0,0,1,1,6,-15.0
2016,228,0,P007050   ,0.0,1.0,UNK,4,"CLARKE, COTY",15:56,7,3,5,0,0,1,1,2,1,3,0,0,1,0,0,2,1,6,-10.0
2016,228,0,P001887   ,1.0,1.0,UNK,5,"LANGFORD, KEITH",33:17,16,4,11,0,2,8,10,0,0,0,3,1,4,0,2,1,10,12,-11.0
2016,228,0,PJAN      ,0.0,1.0,UNK,7,"PONKRASHOV, ANTON",13:47,0,0,1,0,0,0,0,0,0,0,2,1,4,0,0,0,1,-1,-22.0
2016,228,0,P003034   ,1.0,1.0,UNK,9,"PARAKHOUSKI, ARTSIOM",21:48,8,4,8,0,0,0,0,4,2,6,0,0,2,0,0,4,2,6,4.0
2016,228,0,P006533   ,1.0,0.0,UNK,10,"COLOM, QUINO",28:52,11,2,2,2,3,1,2,1,4,5,6,1,5,0,0,2,5,19,-4.0
2016,228,0,P006360   ,0.0,1.0,UNK,12,"KLIMENKO, ARTEM",05:13,2,0,0,0,0,2,2,0,0,0,0,0,1,0,0,0,1,2,1.0
2016,228,0,PATS      ,1.0,0.0,UNK,13,"BANIC, MARKO",22:39,6,3,5,0,0,0,0,1,5,6,1,0,1,0,1,1,0,8,-1.0
2016,228,0,P001389   ,0.0,0.0,UNK,18,"VORONOV, EVGENY",DNP,0,0,0,0,0,0,0,0,0,0,0,0,0,0,0,0,0,0,0.0
2016,228,0,PLSK      ,1.0,0.0,UNK,20,"PANIN, VADIM",17:48,3,0,0,1,2,0,0,0,2,2,0,3,1,2,0,4,1,5,8.0
2016,228,0,P004259   ,0.0,0.0,UNK,22,"WILLIAMS, LATAVIOUS",13:35,4,0,3,0,0,4,6,2,1,3,0,0,1,0,0,3,3,1,-25.0
2016,228,0,P000956   ,0.0,0.0,UNK,31,"ANDUSIC, DANILO",10:24,3,0,2,1,2,0,0,0,1,1,1,0,1,0,0,2,0,-1,-15.0
2016,228,0,Team,0.0,0.0,UNK,,Team,,0,0,0,0,0,0,0,1,4,5,0,0,0,0,0,0,0,5,
2016,228,0,Total,,,UNK,,Total,200:00,65,16,37,5,12,18,23,13,21,34,13,7,22,2,3,20,25,68,
2016,229,1,PTFH      ,0.0,1.0,GAL,3,"PRELDZIC, EMIR",06:33,3,0,1,1,3,0,0,0,1,1,0,0,1,0,0,1,0,-1,-2.0
2016,229,1,P000529   ,1.0,1.0,GAL,5,"MICOV, VLADIMIR",25:33,8,1,5,2,3,0,0,1,2,3,2,1,2,0,0,2,2,7,-10.0
2016,229,1,P007595   ,0.0,0.0,GAL,6,"FITIPALDO, BRUNO",02:46,0,0,1,0,0,0,0,0,0,0,0,0,0,0,0,1,1,-1,-1.0
2016,229,1,P004119   ,0.0,0.0,GAL,7,"TYUS, ALEX",25:09,14,5,7,0,0,4,5,2,6,8,0,1,1,2,0,1,3,23,-14.0
2016,229,1,P004300   ,0.0,1.0,GAL,8,"KORKMAZ, CAN",10:16,3,0,1,1,3,0,0,0,1,1,2,0,0,0,0,1,2,4,-10.0
2016,229,1,P000357   ,1.0,0.0,GAL,10,"SCHILB, BLAKE",18:53,6,3,5,0,1,0,0,2,0,2,1,0,1,0,0,0,1,6,-16.0
2016,229,1,P005813   ,0.0,1.0,GAL,11,"ARAR, EGE",09:29,0,0,0,0,0,0,0,0,2,2,1,0,0,0,0,0,0,3,-7.0
2016,229,1,PLHK      ,1.0,0.0,GAL,21,"PLEISS, TIBOR",09:58,7,3,3,0,0,1,1,0,0,0,0,0,0,1,0,0,1,9,-10.0
2016,229,1,P003472   ,1.0,0.0,GAL,25,"DAYE, AUSTIN",26:21,11,3,5,1,6,2,2,1,4,5,5,0,1,0,0,2,1,12,-15.0
2016,229,1,P000494   ,1.0,0.0,GAL,32,"GULER, SINAN",26:58,12,3,4,2,8,0,0,0,1,1,9,0,2,1,0,3,1,12,-12.0
2016,229,1,P004997   ,0.0,0.0,GAL,33,"DIEBLER, JON",25:58,14,0,1,4,5,2,2,0,1,1,2,1,0,0,0,2,3,17,-13.0
2016,229,1,P002104   ,0.0,1.0,GAL,61,"KOKSAL, GOKSENIN",12:06,2,1,4,0,0,0,0,0,0,0,0,0,1,0,1,0,0,-3,-5.0
2016,229,1,Team,0.0,0.0,GAL,,Team,,0,0,0,0,0,0,0,1,0,1,0,0,0,0,0,0,0,1,
2016,229,1,Total,,,GAL,,Total,200:00,80,19,37,11,29,9,10,7,18,25,22,3,9,4,1,13,15,89,
2016,229,0,P007200   ,1.0,0.0,BAS,0,"LARKIN, SHANE",28:41,11,0,5,3,4,2,2,0,4,4,7,1,3,0,1,0,3,16,21.0
2016,229,0,P007201   ,1.0,0.0,BAS,7,"VOIGTMANN, JOHANNES",14:11,15,4,6,2,4,1,2,3,0,3,1,0,0,0,1,3,1,11,-3.0
2016,229,0,P005099   ,1.0,0.0,BAS,8,"HANGA, ADAM",23:55,11,2,7,2,2,1,1,0,3,3,7,1,0,0,0,0,4,21,9.0
2016,229,0,P007230   ,0.0,1.0,BAS,9,"SEDEKERSKIS, TADAS",02:15,0,0,0,0,0,0,0,0,0,0,1,0,1,0,0,0,0,0,-5.0
2016,229,0,P006590   ,0.0,0.0,BAS,10,"BEAUBOIS, RODRIGUE",14:01,8,1,1,2,4,0,0,1,0,1,3,1,1,0,0,2,0,8,9.0
2016,229,0,P003452   ,0.0,1.0,BAS,11,"BLAZIC, JAKA",17:49,3,0,2,1,1,0,0,0,3,3,1,0,0,0,1,2,0,2,13.0
2016,229,0,P003540   ,0.0,1.0,BAS,12,"DIOP, ILIMANE",25:49,18,8,10,0,0,2,3,1,4,5,3,0,1,0,0,2,2,22,26.0
2016,229,0,P002744   ,0.0,0.0,BAS,14,"TILLIE, KIM",24:00,20,5,6,3,4,1,1,0,4,4,1,1,0,0,0,1,1,24,28.0
2016,229,0,P006435   ,0.0,1.0,BAS,15,"LAPROVITTOLA, NICOLAS",02:15,2,1,1,0,0,0,0,0,0,0,0,0,0,0,0,0,0,2,-5.0
2016,229,0,P001133   ,1.0,0.0,BAS,23,"SHENGELIA, TORNIKE",13:45,0,0,2,0,0,0,0,1,3,4,2,1,1,0,1,2,2,3,0.0
2016,229,0,P007427   ,1.0,0.0,BAS,34,"BUDINGER, CHASE",22:00,9,3,5,1,1,0,0,4,3,7,2,0,1,0,0,2,0,13,20.0
2016,229,0,P001633   ,0.0,1.0,BAS,55,"LUZ, RAFA",11:19,6,3,3,0,2,0,0,0,1,1,1,0,1,1,0,1,0,5,2.0
2016,229,0,Team,0.0,0.0,BAS,,Team,,0,0,0,0,0,0,0,1,5,6,0,0,0,0,0,0,0,6,
2016,229,0,Total,,,BAS,,Total,200:00,103,27,48,14,22,7,9,11,30,41,29,5,9,1,4,15,13,133,
2016,230,1,P006614   ,1.0,1.0,PAN,0,"SINGLETON, CHRIS",33:51,13,4,6,1,4,2,2,0,5,5,0,1,4,0,0,2,3,11,7.0
2016,230,1,P003482   ,1.0,0.0,PAN,2,"NICHOLS, DEMETRIS",11:28,5,2,2,0,2,1,1,0,1,1,0,3,0,1,0,1,1,8,-4.0
2016,230,1,P002429   ,0.0,1.0,PAN,3,"RIVERS, K.C.",33:51,17,3,5,3,6,2,2,0,5,5,0,0,0,0,0,2,3,18,10.0
2016,230,1,P005985   ,0.0,1.0,PAN,5,"JAMES, MIKE",28:51,13,4,8,1,3,2,3,1,2,3,3,2,3,1,0,3,5,14,6.0
2016,230,1,PBEZ      ,0.0,0.0,PAN,9,"FOTSIS, ANTONIS",DNP,0,0,0,0,0,0,0,0,0,0,0,0,0,0,0,0,0,0,0.0
2016,230,1,P000464   ,0.0,0.0,PAN,11,"PAPPAS, NIKOS",20:09,8,0,1,1,2,5,6,0,1,1,0,1,1,0,0,3,4,7,-2.0
2016,230,1,P005918   ,1.0,0.0,PAN,12,"FELDEINE, JAMES",12:45,2,1,2,0,1,0,0,0,0,0,1,1,0,0,0,1,0,1,-2.0
2016,230,1,P002980   ,1.0,1.0,PAN,14,"GIST, JAMES",26:57,6,3,7,0,2,0,0,4,3,7,2,1,2,1,2,4,0,3,12.0
2016,230,1,P004218   ,0.0,0.0,PAN,15,"CHARALAMPOPOULOS, VASILIS",DNP,0,0,0,0,0,0,0,0,0,0,0,0,0,0,0,0,0,0,0.0
2016,230,1,P005881   ,0.0,0.0,PAN,21,"GABRIEL, KENNY",11:16,3,0,0,1,3,0,0,0,1,1,0,0,0,0,0,1,1,2,-1.0
2016,230,1,PAQU      ,0.0,0.0,PAN,29,"BOUROUSIS, IOANNIS",17:44,6,1,5,0,0,4,4,2,5,7,1,0,1,1,1,1,6,14,-8.0
2016,230,1,P001932   ,1.0,1.0,PAN,33,"CALATHES, NICK",28:34,12,3,8,1,3,3,4,0,3,3,6,1,2,0,1,3,3,11,7.0
2016,230,1,Team,0.0,0.0,PAN,,Team,,0,0,0,0,0,0,0,2,2,4,0,0,0,0,0,0,0,4,
2016,230,1,Total,,,PAN,,Total,225:26,85,21,44,8,26,19,22,9,28,37,13,10,13,4,4,21,26,93,
2016,230,0,P002100   ,1.0,1.0,CSK,1,"DE COLO, NANDO",31:59,15,4,8,2,3,1,2,0,4,4,5,1,5,0,1,3,4,14,-5.0
2016,230,0,PJDR      ,1.0,1.0,CSK,4,"TEODOSIC, MILOS",32:21,15,1,1,3,6,4,4,0,1,1,3,1,4,0,0,1,6,18,-6.0
2016,230,0,P001438   ,0.0,1.0,CSK,5,"AUGUSTINE, JAMES",24:56,14,7,12,0,0,0,0,3,4,7,2,0,0,3,1,2,0,18,-3.0
2016,230,0,PLLH      ,0.0,0.0,CSK,7,"FRIDZON, VITALY",15:51,4,1,3,0,0,2,4,1,1,2,1,1,0,0,1,3,2,2,1.0
2016,230,0,P003413   ,0.0,0.0,CSK,9,"JACKSON, AARON",18:23,3,1,3,0,1,1,1,0,2,2,3,0,1,0,0,1,1,4,0.0
2016,230,0,P004941   ,0.0,0.0,CSK,11,"ANTONOV, SEMEN",00:58,0,0,0,0,0,0,0,0,0,0,0,0,0,0,0,0,0,0,-3.0
2016,230,0,PLOO      ,0.0,0.0,CSK,19,"FREELAND, JOEL",04:20,0,0,0,0,0,0,0,0,1,1,0,0,0,0,0,3,0,-2,-5.0
2016,230,0,PLHI      ,0.0,1.0,CSK,20,"VORONTSEVICH, ANDREY",33:02,14,4,6,2,9,0,0,1,5,6,2,1,1,0,0,3,0,10,-6.0
2016,230,0,P006450   ,0.0,1.0,CSK,22,"HIGGINS, CORY",21:29,8,3,8,0,2,2,2,2,1,3,0,0,1,0,1,2,2,2,-6.0
2016,230,0,PBCQ      ,1.0,0.0,CSK,31,"KHRYAPA, VICTOR",11:58,2,1,2,0,3,0,0,1,8,9,3,0,2,1,0,2,2,9,1.0
2016,230,0,PJLX      ,1.0,0.0,CSK,41,"KURBANOV, NIKITA",14:57,0,0,0,0,1,0,0,0,2,2,0,0,0,0,0,1,1,1,1.0
2016,230,0,P002812   ,1.0,0.0,CSK,42,"HINES, KYLE",14:46,5,1,2,0,0,3,4,0,1,1,0,1,3,0,0,5,3,0,6.0
2016,230,0,Team,0.0,0.0,CSK,,Team,,0,0,0,0,0,0,0,4,2,6,0,0,0,0,0,0,0,6,
2016,230,0,Total,,,CSK,,Total,225:00,80,23,45,7,25,13,17,12,32,44,19,5,17,4,4,26,21,82,
2016,231,1,P005757   ,1.0,1.0,MAD,3,"RANDOLPH, ANTHONY",25:59,6,2,3,0,2,2,2,1,6,7,2,0,2,0,0,1,1,10,14.0
2016,231,1,PBMT      ,0.0,1.0,MAD,5,"FERNANDEZ, RUDY",22:24,11,1,5,3,3,0,0,1,1,2,1,1,2,1,0,2,1,9,16.0
2016,231,1,PAPR      ,0.0,0.0,MAD,6,"NOCIONI, ANDRES",DNP,0,0,0,0,0,0,0,0,0,0,0,0,0,0,0,0,0,0,0.0
2016,231,1,P005929   ,0.0,1.0,MAD,7,"DONCIC, LUKA",17:29,5,1,1,1,3,0,0,1,4,5,1,1,2,0,0,1,0,7,-6.0
2016,231,1,PJCC      ,1.0,0.0,MAD,8,"MACIULIS, JONAS",26:02,7,2,3,1,2,0,0,1,2,3,1,0,0,0,0,3,0,6,15.0
2016,231,1,PAAX      ,0.0,0.0,MAD,9,"REYES, FELIPE",04:11,3,0,1,0,0,3,4,1,1,2,0,0,0,1,0,1,2,5,-5.0
2016,231,1,P005927   ,1.0,1.0,MAD,14,"AYON, GUSTAVO",20:58,6,3,6,0,0,0,0,2,6,8,3,1,2,0,1,3,2,11,13.0
2016,231,1,P001960   ,0.0,0.0,MAD,20,"CARROLL, JAYCEE",06:56,0,0,0,0,2,0,0,0,0,0,0,0,0,0,0,0,2,0,-10.0
2016,231,1,P005160   ,0.0,0.0,MAD,21,"HUNTER, OTHELLO",14:46,2,1,4,0,0,0,0,1,4,5,0,0,2,0,1,4,3,0,-1.0
2016,231,1,PTGB      ,1.0,1.0,MAD,23,"LLULL, SERGIO",34:55,16,2,6,3,9,3,3,0,1,1,2,3,5,0,1,2,7,11,10.0
2016,231,1,P005836   ,0.0,0.0,MAD,33,"THOMPKINS, TREY",14:06,3,1,1,0,1,1,1,0,1,1,0,0,0,0,0,2,1,2,-11.0
2016,231,1,P006546   ,1.0,0.0,MAD,44,"TAYLOR, JEFFERY",12:14,2,1,1,0,1,0,0,2,1,3,0,0,1,0,0,2,0,1,-10.0
2016,231,1,Team,0.0,0.0,MAD,,Team,,0,0,0,0,0,0,0,1,2,3,0,0,2,0,0,0,0,1,
2016,231,1,Total,,,MAD,,Total,200:00,61,14,31,8,23,9,10,11,29,40,10,6,18,2,3,21,19,63,
2016,231,0,PLIM      ,0.0,0.0,ULK,5,"HERSEK, BARIS",DNP,0,0,0,0,0,0,0,0,0,0,0,0,0,0,0,0,0,0,0.0
2016,231,0,P006503   ,1.0,1.0,ULK,8,"UDOH, EKPE",30:57,7,3,8,0,0,1,4,1,1,2,2,0,0,1,0,2,3,5,-8.0
2016,231,0,P002969   ,0.0,1.0,ULK,10,"MAHMUTOGLU, MELIH",07:30,2,1,1,0,0,0,0,0,0,0,0,1,0,0,0,3,2,2,6.0
2016,231,0,PBAE      ,0.0,0.0,ULK,12,"ANTIC, PERO",19:39,5,1,2,1,3,0,0,0,5,5,2,0,2,0,0,3,0,4,-1.0
2016,231,0,P002821   ,1.0,1.0,ULK,13,"BOGDANOVIC, BOGDAN",35:42,15,2,6,3,10,2,4,1,3,4,2,1,4,0,1,4,6,6,-2.0
2016,231,0,P005348   ,0.0,0.0,ULK,18,"ARNA, EGEHAN",DNP,0,0,0,0,0,0,0,0,0,0,0,0,0,0,0,0,0,0,0.0
2016,231,0,P007400   ,0.0,0.0,ULK,21,"NUNNALLY, JAMES",07:48,0,0,1,0,1,0,0,1,1,2,1,0,0,0,0,3,0,-2,-4.0
2016,231,0,P003783   ,0.0,0.0,ULK,23,"UGURLU, BERK",DNP,0,0,0,0,0,0,0,0,0,0,0,0,0,0,0,0,0,0,0.0
2016,231,0,P000925   ,1.0,1.0,ULK,24,"VESELY, JAN",29:24,11,5,8,0,0,1,4,2,5,7,2,1,0,1,0,1,3,18,-1.0
2016,231,0,P004866   ,1.0,0.0,ULK,33,"KALINIC, NIKOLA",36:00,5,1,6,1,2,0,0,2,3,5,0,2,1,1,0,0,2,8,-12.0
2016,231,0,P001324   ,1.0,1.0,ULK,35,"DIXON, BOBBY",33:00,11,1,4,2,7,3,3,0,2,2,3,4,3,0,1,3,4,9,-3.0
2016,231,0,P006399   ,0.0,0.0,ULK,44,"DUVERIOGLU, AHMET",DNP,0,0,0,0,0,0,0,0,0,0,0,0,0,0,0,0,0,0,0.0
2016,231,0,Team,0.0,0.0,ULK,,Team,,0,0,0,0,0,0,0,4,1,5,0,0,0,0,0,0,0,5,
2016,231,0,Total,,,ULK,,Total,200:00,56,14,36,7,23,7,15,11,21,32,12,9,10,3,2,19,20,55,
2016,232,1,P006433   ,1.0,1.0,ZAL,3,"PANGOS, KEVIN",23:22,16,1,1,4,5,2,3,0,0,0,3,1,1,0,0,4,2,15,4.0
2016,232,1,P003210   ,0.0,1.0,ZAL,4,"LEKAVICIUS, LUKAS",17:04,15,1,3,3,8,4,6,0,0,0,7,1,3,0,0,3,5,13,-7.0
2016,232,1,P004664   ,0.0,0.0,ZAL,6,"VALINSKAS, PAULIUS",DNP,0,0,0,0,0,0,0,0,0,0,0,0,0,0,0,0,0,0,0.0
2016,232,1,P002543   ,1.0,0.0,ZAL,9,"WESTERMANN, LEO",16:36,2,1,2,0,2,0,0,0,3,3,7,1,2,0,0,5,2,5,15.0
2016,232,1,PKNO      ,0.0,0.0,ZAL,10,"SEIBUTIS, RENALDAS",11:15,2,0,0,0,1,2,2,0,2,2,1,0,1,0,0,0,1,4,-9.0
2016,232,1,P006599   ,0.0,1.0,ZAL,12,"MOTUM, BROCK",20:06,11,3,5,1,2,2,3,1,1,2,1,0,0,0,0,3,3,10,-14.0
2016,232,1,PBWI      ,1.0,1.0,ZAL,13,"JANKUNAS, PAULIUS",28:51,12,5,6,0,1,2,4,1,7,8,3,0,1,0,0,4,6,20,3.0
2016,232,1,PBVE      ,1.0,0.0,ZAL,15,"JAVTOKAS, ROBERTAS",14:50,8,4,6,0,0,0,0,0,2,2,1,0,0,0,0,0,2,11,10.0
2016,232,1,PKPD      ,1.0,1.0,ZAL,21,"MILAKNIS, ARTURAS",29:18,10,2,2,2,6,0,0,0,2,2,4,1,1,0,1,2,0,9,4.0
2016,232,1,P001098   ,0.0,0.0,ZAL,23,"LIMA, AUGUSTO",16:13,4,2,4,0,0,0,0,0,1,1,0,0,0,1,0,2,1,3,-9.0
2016,232,1,P000399   ,0.0,0.0,ZAL,44,"KAVALIAUSKAS, ANTANAS",DNP,0,0,0,0,0,0,0,0,0,0,0,0,0,0,0,0,0,0,0.0
2016,232,1,P002329   ,0.0,0.0,ZAL,92,"ULANOVAS, EDGARAS",22:25,4,2,3,0,1,0,0,2,0,2,1,0,1,0,0,2,1,3,-17.0
2016,232,1,Team,0.0,0.0,ZAL,,Team,,0,0,0,0,0,0,0,3,3,6,0,0,0,0,0,0,0,6,
2016,232,1,Total,,,ZAL,,Total,200:00,84,21,32,10,26,12,18,7,21,28,28,4,10,1,1,25,23,99,
2016,232,0,P004418   ,0.0,0.0,MIL,1,"MCLEAN, JAMEL",25:33,17,5,6,0,1,7,8,2,2,4,1,0,1,0,0,5,6,19,14.0
2016,232,0,P004159   ,0.0,0.0,MIL,7,"HICKMAN, RICKY",18:03,16,1,4,4,5,2,2,0,1,1,3,0,1,0,1,5,3,12,4.0
2016,232,0,PJBX      ,0.0,0.0,MIL,9,"KALNIETIS, MANTAS",DNP,0,0,0,0,0,0,0,0,0,0,0,0,0,0,0,0,0,0,0.0
2016,232,0,PJDU      ,1.0,0.0,MIL,11,"RADULJICA, MIROSLAV",14:14,6,3,6,0,0,0,1,0,2,2,0,2,2,0,0,2,1,3,-9.0
2016,232,0,PJEA      ,1.0,1.0,MIL,13,"MACVAN, MILAN",30:02,7,3,7,0,2,1,1,2,3,5,5,1,1,0,0,2,3,12,0.0
2016,232,0,P006385   ,0.0,1.0,MIL,14,"PASCOLO, DAVIDE",25:55,12,3,3,2,2,0,0,1,2,3,4,2,0,0,0,2,1,20,14.0
2016,232,0,P006702   ,0.0,0.0,MIL,16,"GIARDINI, SAMUELE",DNP,0,0,0,0,0,0,0,0,0,0,0,0,0,0,0,0,0,0,0.0
2016,232,0,PKIW      ,1.0,1.0,MIL,20,"CINCIARINI, ANDREA",33:47,17,3,6,1,7,8,12,1,3,4,4,2,1,0,0,4,6,15,-2.0
2016,232,0,P005001   ,1.0,1.0,MIL,21,"SANDERS, RAKIM",13:56,0,0,2,0,2,0,0,0,1,1,1,0,0,0,0,2,0,-4,-7.0
2016,232,0,P003527   ,1.0,1.0,MIL,23,"ABASS, AWUDU",38:30,13,2,3,1,2,6,6,2,3,5,2,0,1,1,0,1,5,22,6.0
2016,232,0,Team,0.0,0.0,MIL,,Team,,0,0,0,0,0,0,0,2,3,5,0,0,0,0,0,0,0,5,
2016,232,0,Total,,,MIL,,Total,200:00,88,20,37,8,21,24,30,10,20,30,20,7,7,1,1,23,25,104,
2016,233,1,P001392   ,1.0,1.0,BAM,1,"CAUSEUR, FABIEN",26:07,6,3,5,0,1,0,0,1,3,4,1,0,1,0,1,1,3,8,3.0
2016,233,1,P002849   ,1.0,1.0,BAM,4,"MELLI, NICOLO",26:06,17,5,7,1,3,4,6,0,3,3,2,0,2,1,0,3,3,15,-10.0
2016,233,1,PABN      ,1.0,0.0,BAM,6,"ZISIS, NIKOS",23:44,11,2,6,2,4,1,4,1,3,4,4,1,1,0,1,1,6,14,-2.0
2016,233,1,P003703   ,0.0,0.0,BAM,7,"NIKOLIC, ALEKSEJ",04:38,0,0,0,0,0,0,0,0,0,0,1,0,1,0,0,2,0,-2,0.0
2016,233,1,P004132   ,0.0,0.0,BAM,10,"THEIS, DANIEL",16:13,5,0,0,1,2,2,2,0,3,3,2,1,1,0,0,3,2,8,2.0
2016,233,1,P007032   ,0.0,1.0,BAM,12,"LO, MAODO",19:32,8,1,3,2,6,0,0,0,4,4,4,0,1,0,1,3,1,6,-1.0
2016,233,1,PLLM      ,1.0,0.0,BAM,14,"VEREMEENKO, VLADIMIR",11:09,4,2,3,0,0,0,0,1,0,1,0,1,2,0,0,2,0,1,-8.0
2016,233,1,P006421   ,1.0,1.0,BAM,21,"MILLER, DARIUS",19:01,11,1,1,3,4,0,0,0,2,2,1,0,0,0,0,4,2,11,0.0
2016,233,1,P006338   ,0.0,0.0,BAM,22,"McNEAL, JEREL",09:15,1,0,1,0,1,1,2,2,0,2,0,0,1,0,1,0,1,-1,-8.0
2016,233,1,P004512   ,0.0,0.0,BAM,25,"KRATZER, LEON",DNP,0,0,0,0,0,0,0,0,0,0,0,0,0,0,0,0,0,0,0.0
2016,233,1,P006420   ,0.0,0.0,BAM,33,"HECKMANN, PATRICK",21:22,9,3,4,1,2,0,0,0,0,0,0,0,2,0,0,2,0,3,-7.0
2016,233,1,PLEM      ,0.0,1.0,BAM,43,"RADOSEVIC, LEON",22:53,7,3,4,0,0,1,2,1,0,1,2,0,1,1,0,1,1,8,6.0
2016,233,1,Team,0.0,0.0,BAM,,Team,,0,0,0,0,0,0,0,4,3,7,0,0,0,0,0,0,0,7,
2016,233,1,Total,,,BAM,,Total,200:00,79,20,34,10,23,9,16,10,21,31,17,3,13,2,4,22,19,78,
2016,233,0,PTFH      ,0.0,1.0,GAL,3,"PRELDZIC, EMIR",20:04,8,1,3,2,4,0,0,0,3,3,6,0,1,0,0,0,2,14,13.0
2016,233,0,P000529   ,1.0,1.0,GAL,5,"MICOV, VLADIMIR",28:48,13,2,4,3,5,0,0,0,2,2,2,1,2,0,0,2,5,15,-4.0
2016,233,0,P007595   ,0.0,0.0,GAL,6,"FITIPALDO, BRUNO",12:30,2,0,1,0,1,2,2,0,0,0,2,0,1,0,0,4,3,0,10.0
2016,233,0,P004119   ,0.0,0.0,GAL,7,"TYUS, ALEX",18:11,7,3,5,0,0,1,2,3,2,5,1,2,0,1,0,1,2,14,-3.0
2016,233,0,P004300   ,0.0,0.0,GAL,8,"KORKMAZ, CAN",03:57,0,0,0,0,0,0,0,2,0,2,0,0,0,0,0,0,1,3,-4.0
2016,233,0,P000357   ,0.0,1.0,GAL,10,"SCHILB, BLAKE",29:48,16,2,4,4,6,0,0,1,3,4,4,1,1,0,1,0,1,20,1.0
2016,233,0,P005813   ,0.0,0.0,GAL,11,"ARAR, EGE",10:08,0,0,1,0,0,0,0,1,2,3,1,0,1,0,0,3,0,-1,12.0
2016,233,0,PLHK      ,1.0,1.0,GAL,21,"PLEISS, TIBOR",21:31,6,2,5,0,0,2,2,1,1,2,0,0,0,2,0,1,1,7,8.0
2016,233,0,P003472   ,1.0,0.0,GAL,25,"DAYE, AUSTIN",22:23,15,4,8,1,3,4,4,1,3,4,1,1,0,0,0,1,4,18,-11.0
2016,233,0,P000494   ,1.0,1.0,GAL,32,"GULER, SINAN",23:16,17,5,8,2,5,1,3,0,1,1,2,3,0,1,0,4,2,14,1.0
2016,233,0,P002104   ,1.0,0.0,GAL,61,"KOKSAL, GOKSENIN",09:24,0,0,1,0,0,0,2,1,0,1,0,0,1,0,1,3,1,-6,2.0
2016,233,0,Team,0.0,0.0,GAL,,Team,,0,0,0,0,0,0,0,3,0,3,0,0,1,0,0,0,0,2,
2016,233,0,Total,,,GAL,,Total,200:00,84,19,40,12,24,10,15,13,17,30,19,8,8,4,2,19,22,100,
2016,234,1,P006503   ,0.0,1.0,ULK,8,"UDOH, EKPE",37:40,9,4,7,0,0,1,2,6,9,15,3,4,3,1,0,4,6,27,1.0
2016,234,1,P002969   ,0.0,0.0,ULK,10,"MAHMUTOGLU, MELIH",12:31,3,0,2,1,3,0,0,0,0,0,1,0,0,0,0,2,0,-2,6.0
2016,234,1,PBAE      ,0.0,0.0,ULK,12,"ANTIC, PERO",09:30,3,0,1,0,1,3,5,0,3,3,0,0,0,0,0,1,2,3,3.0
2016,234,1,P002821   ,1.0,1.0,ULK,13,"BOGDANOVIC, BOGDAN",34:13,15,3,6,3,7,0,0,1,4,5,3,4,0,0,2,2,1,17,1.0
2016,234,1,P007615   ,1.0,0.0,ULK,15,"BENNETT, ANTHONY",03:27,0,0,1,0,1,0,0,0,1,1,0,0,2,0,0,0,0,-3,-4.0
2016,234,1,P001926   ,1.0,1.0,ULK,16,"SLOUKAS, KOSTAS",37:32,10,1,3,0,3,8,10,0,4,4,5,3,2,1,0,1,10,23,5.0
2016,234,1,P007400   ,1.0,0.0,ULK,21,"NUNNALLY, JAMES",18:02,3,0,2,1,3,0,0,0,1,1,1,0,2,0,1,1,1,-2,-12.0
2016,234,1,P003783   ,0.0,0.0,ULK,23,"UGURLU, BERK",DNP,0,0,0,0,0,0,0,0,0,0,0,0,0,0,0,0,0,0,0.0
2016,234,1,P000925   ,1.0,1.0,ULK,24,"VESELY, JAN",20:02,5,2,4,0,0,1,1,2,2,4,0,0,3,0,0,0,1,5,4.0
2016,234,1,P004866   ,0.0,1.0,ULK,33,"KALINIC, NIKOLA",27:50,13,5,6,1,5,0,0,0,2,2,0,1,2,0,0,1,0,8,-1.0
2016,234,1,P006399   ,0.0,0.0,ULK,44,"DUVERIOGLU, AHMET",DNP,0,0,0,0,0,0,0,0,0,0,0,0,0,0,0,0,0,0,0.0
2016,234,1,PCCD      ,0.0,0.0,ULK,70,"DATOME, LUIGI",24:13,7,3,5,0,3,1,1,1,2,3,2,1,2,0,0,2,2,6,12.0
2016,234,1,Team,0.0,0.0,ULK,,Team,,0,0,0,0,0,0,0,3,4,7,0,0,1,0,0,0,0,6,
2016,234,1,Total,,,ULK,,Total,225:00,68,18,37,6,26,14,19,13,32,45,15,13,17,2,3,14,23,88,
2016,234,0,P007759   ,0.0,0.0,BAR,1,"MUNFORD, XAVIER",05:36,0,0,2,0,0,0,0,0,0,0,0,0,0,0,1,1,0,-4,-5.0
2016,234,0,P003367   ,1.0,1.0,BAR,2,"RICE, TYRESE",34:55,19,3,7,3,8,4,4,1,2,3,3,2,2,0,1,2,4,17,4.0
2016,234,0,P000556   ,1.0,1.0,BAR,10,"CLAVER, VICTOR",29:16,15,3,4,3,6,0,1,1,6,7,1,3,1,0,0,3,1,18,-4.0
2016,234,0,PADI      ,1.0,0.0,BAR,11,"NAVARRO, JUAN CARLOS",18:41,4,2,3,0,2,0,0,0,0,0,1,1,4,0,0,1,1,-1,1.0
2016,234,0,P003469   ,0.0,0.0,BAR,14,"VEZENKOV, ALEKSANDAR",11:08,7,2,2,1,1,0,0,2,2,4,0,0,0,0,0,1,0,10,0.0
2016,234,0,P004588   ,0.0,0.0,BAR,16,"PENO, STEFAN",04:29,0,0,0,0,0,0,0,0,0,0,0,0,1,0,0,1,1,-1,-2.0
2016,234,0,P005713   ,0.0,0.0,BAR,17,"KURUCS, RODIONS",DNP,0,0,0,0,0,0,0,0,0,0,0,0,0,0,0,0,0,0,0.0
2016,234,0,P003151   ,0.0,0.0,BAR,20,"ERIKSSON, MARCUS",15:27,0,0,4,0,2,0,0,0,3,3,2,0,0,0,0,2,0,-3,0.0
2016,234,0,P006476   ,0.0,0.0,BAR,21,"DIAGNE, MOUSSA",14:45,2,1,1,0,0,0,0,0,2,2,0,0,0,0,0,2,0,2,4.0
2016,234,0,P004178   ,0.0,1.0,BAR,25,"KOPONEN, PETTERI",29:02,6,0,4,2,4,0,0,1,4,5,1,2,0,0,0,3,4,9,-3.0
2016,234,0,PKRH      ,1.0,1.0,BAR,33,"PERPEROGLOU, STRATOS",31:26,4,2,6,0,5,0,0,0,3,3,4,2,5,1,0,3,0,-3,-3.0
2016,234,0,P002507   ,1.0,1.0,BAR,44,"TOMIC, ANTE",30:15,8,4,7,0,0,0,0,2,5,7,4,1,2,2,0,4,3,16,-7.0
2016,234,0,Team,0.0,0.0,BAR,,Team,,0,0,0,0,0,0,0,1,0,1,0,0,2,0,0,0,0,-1,
2016,234,0,Total,,,BAR,,Total,225:00,65,17,40,9,28,4,5,8,27,35,16,11,17,3,2,23,14,59,
2016,235,1,P007200   ,1.0,1.0,BAS,0,"LARKIN, SHANE",29:48,20,2,3,2,6,10,13,1,2,3,6,1,3,0,0,3,9,25,4.0
2016,235,1,P007201   ,0.0,0.0,BAS,7,"VOIGTMANN, JOHANNES",14:59,4,1,1,0,2,2,4,2,3,5,2,0,3,0,0,0,3,7,-9.0
2016,235,1,P005099   ,0.0,1.0,BAS,8,"HANGA, ADAM",25:58,6,1,4,1,4,1,2,0,1,1,4,1,0,0,0,4,2,3,-3.0
2016,235,1,P006590   ,1.0,1.0,BAS,10,"BEAUBOIS, RODRIGUE",26:45,16,3,5,3,7,1,2,0,1,1,2,0,2,2,0,2,2,12,-1.0
2016,235,1,P003452   ,0.0,0.0,BAS,11,"BLAZIC, JAKA",20:32,12,1,1,3,6,1,2,1,2,3,1,0,0,0,0,3,2,11,-8.0
2016,235,1,P003540   ,1.0,0.0,BAS,12,"DIOP, ILIMANE",28:14,6,2,4,0,0,2,2,1,4,5,2,0,1,1,0,3,4,12,-8.0
2016,235,1,P002744   ,1.0,1.0,BAS,14,"TILLIE, KIM",32:49,13,1,3,3,5,2,3,0,7,7,3,0,2,1,1,4,2,14,8.0
2016,235,1,P006435   ,0.0,0.0,BAS,15,"LAPROVITTOLA, NICOLAS",05:22,0,0,1,0,2,0,0,0,1,1,0,1,0,0,1,1,0,-3,0.0
2016,235,1,P007427   ,1.0,1.0,BAS,34,"BUDINGER, CHASE",10:43,2,1,2,0,1,0,0,0,2,2,0,0,1,0,0,4,1,-2,1.0
2016,235,1,P001633   ,0.0,0.0,BAS,55,"LUZ, RAFA",04:50,0,0,0,0,1,0,0,0,0,0,1,0,0,0,0,2,0,-2,-9.0
2016,235,1,Team,0.0,0.0,BAS,,Team,,0,0,0,0,0,0,0,5,1,6,0,0,1,0,0,0,0,5,
2016,235,1,Total,,,BAS,,Total,200:00,79,12,24,12,34,19,28,10,24,34,21,3,13,4,2,26,25,82,
2016,235,0,P006433   ,1.0,1.0,ZAL,3,"PANGOS, KEVIN",27:08,15,0,5,3,6,6,6,0,5,5,4,3,0,0,2,1,6,22,5.0
2016,235,0,P003210   ,0.0,0.0,ZAL,4,"LEKAVICIUS, LUKAS",12:54,4,2,3,0,2,0,0,0,0,0,2,1,1,0,0,4,0,-1,3.0
2016,235,0,P004664   ,0.0,0.0,ZAL,6,"VALINSKAS, PAULIUS",DNP,0,0,0,0,0,0,0,0,0,0,0,0,0,0,0,0,0,0,0.0
2016,235,0,P002543   ,1.0,1.0,ZAL,9,"WESTERMANN, LEO",32:08,13,1,3,3,5,2,2,1,2,3,9,0,2,0,0,2,2,19,1.0
2016,235,0,PKNO      ,0.0,0.0,ZAL,10,"SEIBUTIS, RENALDAS",08:39,2,0,0,0,1,2,2,0,1,1,1,0,0,0,1,0,2,4,-1.0
2016,235,0,P006599   ,0.0,1.0,ZAL,12,"MOTUM, BROCK",23:09,13,2,5,3,3,0,0,0,6,6,0,0,3,0,0,2,0,11,6.0
2016,235,0,PBWI      ,1.0,1.0,ZAL,13,"JANKUNAS, PAULIUS",23:25,10,3,6,1,2,1,2,0,4,4,1,0,2,1,0,4,5,10,-7.0
2016,235,0,PBVE      ,0.0,0.0,ZAL,15,"JAVTOKAS, ROBERTAS",04:16,0,0,0,0,0,0,0,1,0,1,0,0,1,0,0,1,0,-1,-2.0
2016,235,0,PKPD      ,0.0,0.0,ZAL,21,"MILAKNIS, ARTURAS",20:36,6,0,1,2,4,0,0,0,1,1,2,0,0,0,0,3,1,4,1.0
2016,235,0,P001098   ,1.0,0.0,ZAL,23,"LIMA, AUGUSTO",16:38,5,2,4,0,0,1,4,2,2,4,2,0,1,1,1,2,2,5,9.0
2016,235,0,P000399   ,0.0,0.0,ZAL,44,"KAVALIAUSKAS, ANTANAS",09:35,4,2,2,0,0,0,0,2,1,3,0,0,1,0,0,3,0,3,5.0
2016,235,0,P002329   ,1.0,1.0,ZAL,92,"ULANOVAS, EDGARAS",21:32,12,2,4,1,4,5,6,3,1,4,0,0,2,0,0,3,7,12,5.0
2016,235,0,Team,0.0,0.0,ZAL,,Team,,0,0,0,0,0,0,0,1,4,5,0,0,1,0,0,0,0,4,
2016,235,0,Total,,,ZAL,,Total,200:00,84,14,33,13,27,17,22,10,27,37,21,4,14,2,4,25,25,92,
2016,236,1,P006536   ,1.0,0.0,TEL,3,"RUDD, VICTOR",30:42,17,2,8,4,6,1,2,0,3,3,2,0,2,0,2,2,2,9,-26.0
2016,236,1,P007765   ,1.0,0.0,TEL,5,"SIMPSON, DIAMON",17:00,5,2,4,0,0,1,2,1,2,3,0,2,0,0,0,1,4,10,-4.0
2016,236,1,P001274   ,0.0,0.0,TEL,6,"SMITH, DEVIN",22:30,0,0,0,0,3,0,0,0,4,4,1,0,2,1,0,2,0,-1,-23.0
2016,236,1,P006013   ,0.0,0.0,TEL,7,"ZALMANSON, TOMER",DNP,0,0,0,0,0,0,0,0,0,0,0,0,0,0,0,0,0,0,0.0
2016,236,1,P007768   ,0.0,1.0,TEL,8,"LEVI, NIMROD",08:33,5,1,2,1,1,0,0,0,2,2,0,0,1,0,0,0,0,5,2.0
2016,236,1,PKJP      ,1.0,1.0,TEL,9,"MEKEL, GAL",29:55,3,1,6,0,0,1,4,1,6,7,9,0,7,1,2,2,3,4,-4.0
2016,236,1,PLKX      ,0.0,1.0,TEL,10,"PNINI, GUY",16:58,10,2,2,2,4,0,0,1,1,2,0,0,0,0,0,1,0,9,-13.0
2016,236,1,P004161   ,0.0,1.0,TEL,11,"SEGEV, ITAY",06:34,0,0,0,0,0,0,0,0,2,2,0,0,1,1,0,3,0,-1,1.0
2016,236,1,P004160   ,1.0,0.0,TEL,15,"LANDESBERG, SYLVEN",20:21,0,0,5,0,2,0,0,1,0,1,1,0,0,0,0,2,0,-7,-10.0
2016,236,1,P006195   ,1.0,1.0,TEL,23,"ALEXANDER, JOE",31:04,14,1,4,4,5,0,0,0,3,3,3,0,3,0,1,1,0,11,-10.0
2016,236,1,P005154   ,0.0,0.0,TEL,24,"IVERSON, COLTON",16:23,7,2,4,0,0,3,4,1,2,3,0,1,0,0,0,1,4,11,-13.0
2016,236,1,P006657   ,0.0,0.0,TEL,30,"MILLER, QUINCY",DNP,0,0,0,0,0,0,0,0,0,0,0,0,0,0,0,0,0,0,0.0
2016,236,1,Team,0.0,0.0,TEL,,Team,,0,0,0,0,0,0,0,0,1,1,0,0,0,0,0,0,0,1,
2016,236,1,Total,,,TEL,,Total,200:00,61,11,35,11,21,6,12,5,26,31,16,3,16,3,5,15,13,51,
2016,236,0,P006614   ,1.0,0.0,PAN,0,"SINGLETON, CHRIS",30:22,13,3,4,2,3,1,2,0,8,8,2,6,3,2,0,3,4,26,20.0
2016,236,0,P003482   ,1.0,0.0,PAN,2,"NICHOLS, DEMETRIS",09:02,4,2,2,0,1,0,0,0,0,0,0,0,0,0,0,1,0,2,-4.0
2016,236,0,P002429   ,0.0,1.0,PAN,3,"RIVERS, K.C.",19:25,6,0,1,2,8,0,0,0,3,3,1,1,1,0,0,0,0,3,9.0
2016,236,0,P005985   ,0.0,0.0,PAN,5,"JAMES, MIKE",23:21,17,4,5,3,6,0,0,1,4,5,7,0,1,0,1,0,2,25,30.0
2016,236,0,PBEZ      ,0.0,0.0,PAN,9,"FOTSIS, ANTONIS",DNP,0,0,0,0,0,0,0,0,0,0,0,0,0,0,0,0,0,0,0.0
2016,236,0,P000464   ,0.0,1.0,PAN,11,"PAPPAS, NIKOS",25:55,6,0,0,2,4,0,0,0,3,3,5,5,1,0,0,2,0,14,26.0
2016,236,0,P005918   ,1.0,0.0,PAN,12,"FELDEINE, JAMES",11:53,5,2,2,0,2,1,2,0,0,0,0,0,1,0,0,1,1,1,-11.0
2016,236,0,P002980   ,1.0,1.0,PAN,14,"GIST, JAMES",17:36,5,2,3,0,0,1,2,0,4,4,1,0,0,1,0,2,2,9,2.0
2016,236,0,P004218   ,0.0,0.0,PAN,15,"CHARALAMPOPOULOS, VASILIS",01:35,0,0,1,0,0,0,0,0,0,0,0,0,0,0,0,0,0,-1,-4.0
2016,236,0,P005881   ,0.0,1.0,PAN,21,"GABRIEL, KENNY",19:36,7,1,3,1,3,2,2,2,2,4,1,1,0,0,0,3,3,9,19.0
2016,236,0,PAQU      ,0.0,0.0,PAN,29,"BOUROUSIS, IOANNIS",12:26,6,3,4,0,1,0,0,3,4,7,0,0,1,1,1,1,1,10,-1.0
2016,236,0,P001932   ,1.0,1.0,PAN,33,"CALATHES, NICK",28:49,12,6,9,0,5,0,0,1,2,3,4,2,2,1,1,0,2,13,14.0
2016,236,0,Team,0.0,0.0,PAN,,Team,,0,0,0,0,0,0,0,0,2,2,0,0,0,0,0,0,0,2,
2016,236,0,Total,,,PAN,,Total,200:00,81,23,34,10,33,5,8,7,32,39,21,15,10,5,3,13,15,113,
2016,237,1,P002100   ,1.0,0.0,CSK,1,"DE COLO, NANDO",30:28,23,6,9,2,6,5,5,0,2,2,6,3,2,0,0,0,6,31,6.0
2016,237,1,PJDR      ,1.0,1.0,CSK,4,"TEODOSIC, MILOS",32:26,23,4,6,3,6,6,7,0,2,2,4,2,8,0,0,2,6,21,1.0
2016,237,1,P001438   ,0.0,0.0,CSK,5,"AUGUSTINE, JAMES",15:22,0,0,1,0,0,0,0,1,3,4,0,0,0,0,1,2,0,0,2.0
2016,237,1,PLLH      ,0.0,0.0,CSK,7,"FRIDZON, VITALY",11:43,4,0,2,1,2,1,1,3,0,3,0,0,3,0,0,3,2,0,-5.0
2016,237,1,P003413   ,0.0,0.0,CSK,9,"JACKSON, AARON",12:02,0,0,1,0,1,0,0,0,0,0,1,0,1,0,0,1,1,-2,2.0
2016,237,1,P004941   ,0.0,0.0,CSK,11,"ANTONOV, SEMEN",00:17,0,0,0,0,0,0,0,0,1,1,0,0,0,0,0,0,0,1,2.0
2016,237,1,PLOO      ,0.0,0.0,CSK,19,"FREELAND, JOEL",02:50,0,0,0,0,0,0,0,0,0,0,0,0,0,0,0,0,0,0,-4.0
2016,237,1,PLHI      ,1.0,1.0,CSK,20,"VORONTSEVICH, ANDREY",26:13,11,4,6,1,1,0,0,1,2,3,2,1,0,0,0,2,0,13,4.0
2016,237,1,P006450   ,0.0,1.0,CSK,22,"HIGGINS, CORY",16:44,12,2,3,0,1,8,8,0,0,0,0,1,3,0,0,2,7,13,2.0
2016,237,1,PBCQ      ,0.0,0.0,CSK,31,"KHRYAPA, VICTOR",13:30,2,1,2,0,0,0,0,0,2,2,1,0,0,1,1,2,1,3,-2.0
2016,237,1,PJLX      ,1.0,1.0,CSK,41,"KURBANOV, NIKITA",16:37,5,0,1,1,2,2,2,0,4,4,2,0,0,2,0,4,2,9,6.0
2016,237,1,P002812   ,1.0,1.0,CSK,42,"HINES, KYLE",21:48,10,2,3,0,0,6,6,2,4,6,1,0,2,1,0,2,3,16,6.0
2016,237,1,Team,0.0,0.0,CSK,,Team,,0,0,0,0,0,0,0,1,2,3,0,0,1,0,0,0,0,2,
2016,237,1,Total,,,CSK,,Total,200:00,90,19,34,8,19,28,29,8,22,30,17,7,20,4,2,20,28,107,
2016,237,0,P007182   ,1.0,0.0,OLY,2,"BIRCH, KHEM",17:34,2,0,2,0,0,2,2,0,2,2,1,1,2,0,1,4,1,-2,-5.0
2016,237,0,P005984   ,0.0,0.0,OLY,4,"YOUNG, PATRIC",04:12,4,1,2,0,0,2,3,2,0,2,0,0,0,0,0,2,2,4,-2.0
2016,237,0,P004292   ,0.0,0.0,OLY,5,"TOLIOPOULOS, VASSILIS",00:03,0,0,0,0,0,0,0,0,0,0,0,0,0,0,0,0,0,0,0.0
2016,237,0,P005161   ,1.0,1.0,OLY,6,"PAPAPETROU, IOANNIS",27:42,16,2,6,4,6,0,0,1,1,2,0,1,0,0,1,0,1,13,0.0
2016,237,0,PJUO      ,1.0,0.0,OLY,7,"SPANOULIS, VASSILIS",30:37,16,4,6,1,4,5,7,0,1,1,7,2,5,0,1,5,5,13,-3.0
2016,237,0,P004223   ,0.0,1.0,OLY,9,"WATERS, DOMINIC",05:44,0,0,0,0,1,0,0,0,0,0,1,0,0,0,0,2,0,-2,-5.0
2016,237,0,P004429   ,0.0,0.0,OLY,10,"AGRAVANIS, DIMITRIOS",12:59,7,3,5,0,2,1,2,2,3,5,0,1,0,0,1,3,5,9,1.0
2016,237,0,P003941   ,0.0,0.0,OLY,11,"MILUTINOV, NIKOLA",17:31,4,2,3,0,0,0,0,0,1,1,1,1,2,2,0,3,0,3,2.0
2016,237,0,PAMM      ,1.0,1.0,OLY,15,"PRINTEZIS, GEORGIOS",26:58,12,5,5,0,1,2,2,3,4,7,0,1,2,0,0,2,2,17,-5.0
2016,237,0,P001255   ,0.0,1.0,OLY,16,"PAPANIKOLAOU, KOSTAS",25:26,13,3,4,1,7,4,6,1,3,4,3,1,2,0,0,2,3,11,-1.0
2016,237,0,P003537   ,1.0,1.0,OLY,17,"MANTZARIS, VANGELIS",28:09,12,3,4,2,4,0,0,0,1,1,4,3,3,0,0,4,1,11,0.0
2016,237,0,P004290   ,0.0,0.0,OLY,27,"ATHINAIOU, IOANNIS",03:05,0,0,0,0,0,0,0,0,0,0,0,0,0,0,0,1,0,-1,-2.0
2016,237,0,Team,0.0,0.0,OLY,,Team,,0,0,0,0,0,0,0,1,2,3,0,0,1,0,0,0,0,2,
2016,237,0,Total,,,OLY,,Total,200:00,86,23,37,8,25,16,22,10,18,28,17,11,17,2,4,28,20,78,
2016,238,1,P006661   ,1.0,0.0,DAR,1,"WILBEKIN, SCOTTIE",29:24,16,1,2,4,10,2,2,2,3,5,6,4,2,0,0,2,2,22,11.0
2016,238,1,P000497   ,0.0,1.0,DAR,4,"YAGMUR, MEHMET",00:19,0,0,0,0,0,0,0,0,0,0,0,0,0,0,0,0,0,0,0.0
2016,238,1,P004170   ,0.0,1.0,DAR,8,"BATUK, BIRKAN",11:19,3,0,0,1,2,0,0,0,1,1,0,0,0,0,0,2,0,1,10.0
2016,238,1,P005838   ,1.0,0.0,DAR,11,"WANAMAKER, BRAD",35:05,22,5,9,2,5,6,7,1,1,2,5,2,4,0,2,2,10,25,13.0
2016,238,1,P004888   ,1.0,0.0,DAR,12,"CLYBURN, WILL",30:31,10,5,6,0,2,0,0,2,4,6,3,0,0,0,0,3,1,14,14.0
2016,238,1,P005000   ,0.0,1.0,DAR,13,"ULUBAY, OKBEN",00:59,0,0,0,0,0,0,0,0,0,0,0,0,0,0,0,0,0,0,0.0
2016,238,1,P001833   ,1.0,1.0,DAR,18,"MOERMAN, ADRIEN",19:06,5,1,3,1,6,0,0,1,3,4,1,1,2,0,0,2,0,0,10.0
2016,238,1,P003328   ,0.0,0.0,DAR,19,"ALDEMIR, FURKAN",05:04,0,0,0,0,0,0,0,0,0,0,0,0,1,0,0,1,1,-1,-3.0
2016,238,1,P005938   ,0.0,1.0,DAR,23,"ANDERSON, JAMES",19:31,6,0,0,2,3,0,0,0,5,5,0,1,2,1,0,2,1,9,14.0
2016,238,1,P004554   ,1.0,0.0,DAR,41,"ZIZIC, ANTE",25:57,11,5,5,0,0,1,4,4,4,8,0,0,0,1,0,2,4,19,15.0
2016,238,1,P000436   ,0.0,0.0,DAR,45,"BERTANS, DAIRIS",11:58,5,2,2,0,1,1,1,0,0,0,1,0,2,0,0,0,1,4,0.0
2016,238,1,P004902   ,0.0,0.0,DAR,81,"HARANGODY, LUKE",10:47,0,0,0,0,1,0,0,1,2,3,1,0,0,1,0,3,1,2,-4.0
2016,238,1,Team,0.0,0.0,DAR,,Team,,0,0,0,0,0,0,0,1,3,4,0,0,2,0,0,0,0,2,
2016,238,1,Total,,,DAR,,Total,200:00,78,19,27,10,30,10,14,12,26,38,17,8,15,3,2,19,21,97,
2016,238,0,P006555   ,0.0,1.0,RED,0,"WOLTERS, NATE",16:48,3,0,4,1,1,0,0,0,1,1,1,0,0,0,0,2,0,-1,-7.0
2016,238,0,P003453   ,0.0,1.0,RED,2,"THOMPSON, DEON",10:26,4,1,3,0,0,2,2,0,0,0,0,1,0,1,0,1,1,4,-4.0
2016,238,0,P005942   ,1.0,1.0,RED,6,"DANGUBIC, NEMANJA",26:19,9,3,4,0,4,3,3,0,3,3,1,1,2,0,1,2,2,6,-15.0
2016,238,0,P002553   ,1.0,1.0,RED,9,"MITROVIC, LUKA",16:20,2,1,1,0,0,0,0,1,1,2,0,0,1,0,0,2,1,2,-8.0
2016,238,0,PLUO      ,1.0,0.0,RED,10,"LAZIC, BRANKO",30:16,2,1,3,0,2,0,0,2,2,4,1,3,0,1,1,4,0,2,-8.0
2016,238,0,P004007   ,0.0,0.0,RED,13,"DOBRIC, OGNJEN",DNP,0,0,0,0,0,0,0,0,0,0,0,0,0,0,0,0,0,0,0.0
2016,238,0,PLRU      ,0.0,0.0,RED,19,"SIMONOVIC, MARKO",23:40,10,3,4,0,4,4,5,1,2,3,2,1,0,0,0,3,4,11,-8.0
2016,238,0,P007395   ,0.0,0.0,RED,20,"RAKICEVIC, PETAR",DNP,0,0,0,0,0,0,0,0,0,0,0,0,0,0,0,0,0,0,0.0
2016,238,0,P005014   ,1.0,0.0,RED,22,"JENKINS, CHARLES",31:10,12,6,10,0,2,0,0,0,3,3,1,2,3,0,0,0,2,11,-4.0
2016,238,0,P004004   ,0.0,1.0,RED,23,"GUDURIC, MARKO",15:27,5,1,3,0,3,3,4,0,1,1,3,0,2,0,0,2,2,1,-14.0
2016,238,0,P003479   ,1.0,0.0,RED,32,"KUZMIC, OGNJEN",24:37,14,5,10,0,0,4,4,4,2,6,0,0,2,0,0,4,3,12,-9.0
2016,238,0,PCHX      ,0.0,0.0,RED,51,"BJELICA, MILKO",04:57,1,0,2,0,0,1,2,1,0,1,0,1,0,0,1,1,4,2,-3.0
2016,238,0,Team,0.0,0.0,RED,,Team,,0,0,0,0,0,0,0,4,2,6,0,0,0,0,0,0,0,6,
2016,238,0,Total,,,RED,,Total,200:00,62,21,44,1,16,17,20,13,17,30,9,9,10,2,3,21,19,56,
2016,239,1,P004418   ,0.0,1.0,MIL,1,"MCLEAN, JAMEL",26:28,8,4,6,0,0,0,0,1,3,4,1,0,2,0,0,3,3,9,-18.0
2016,239,1,P004499   ,0.0,0.0,MIL,2,"FONTECCHIO, SIMONE",DNP,0,0,0,0,0,0,0,0,0,0,0,0,0,0,0,0,0,0,0.0
2016,239,1,P004159   ,0.0,1.0,MIL,7,"HICKMAN, RICKY",32:04,8,2,4,1,3,1,2,1,3,4,2,0,2,0,0,2,3,8,-23.0
2016,239,1,PJDU      ,1.0,0.0,MIL,11,"RADULJICA, MIROSLAV",08:54,2,1,3,0,0,0,0,0,1,1,1,1,2,0,0,1,1,1,-10.0
2016,239,1,PJEA      ,1.0,0.0,MIL,13,"MACVAN, MILAN",15:54,2,1,4,0,1,0,0,1,3,4,2,1,1,0,0,1,0,3,-7.0
2016,239,1,P006385   ,0.0,1.0,MIL,14,"PASCOLO, DAVIDE",25:35,18,8,12,0,2,2,2,2,1,3,0,1,0,0,0,3,2,15,-7.0
2016,239,1,PKIW      ,1.0,1.0,MIL,20,"CINCIARINI, ANDREA",30:44,8,2,5,1,2,1,1,1,1,2,6,0,3,0,0,2,2,9,-27.0
2016,239,1,P005001   ,0.0,0.0,MIL,21,"SANDERS, RAKIM",19:40,14,4,9,2,5,0,0,1,2,3,1,2,1,0,1,3,0,7,-8.0
2016,239,1,P003527   ,1.0,0.0,MIL,23,"ABASS, AWUDU",08:38,0,0,1,0,0,0,0,1,1,2,0,1,1,0,0,5,0,-4,0.0
2016,239,1,PCPR      ,1.0,1.0,MIL,43,"SIMON, KRUNOSLAV",32:03,8,4,9,0,4,0,0,1,4,5,1,1,4,0,0,1,0,1,-15.0
2016,239,1,Team,0.0,0.0,MIL,,Team,,0,0,0,0,0,0,0,5,0,5,0,0,0,0,0,0,0,5,
2016,239,1,Total,,,MIL,,Total,200:00,68,26,53,4,17,4,5,14,19,33,14,7,16,0,1,21,11,54,
2016,239,0,P002026   ,0.0,0.0,UNK,2,"ANTIPOV, PAVEL",19:50,8,1,3,2,5,0,0,0,0,0,1,0,0,0,0,2,0,2,0.0
2016,239,0,P007050   ,0.0,1.0,UNK,4,"CLARKE, COTY",26:57,11,1,2,3,3,0,0,0,4,4,1,0,0,0,0,0,1,16,10.0
2016,239,0,P001887   ,1.0,0.0,UNK,5,"LANGFORD, KEITH",31:49,13,3,9,0,4,7,8,0,2,2,5,0,4,0,0,2,9,12,22.0
2016,239,0,PJAN      ,0.0,1.0,UNK,7,"PONKRASHOV, ANTON",14:40,3,0,0,1,2,0,2,1,0,1,3,2,2,0,0,1,2,5,6.0
2016,239,0,P003034   ,1.0,0.0,UNK,9,"PARAKHOUSKI, ARTSIOM",16:25,6,2,4,0,0,2,2,2,0,2,0,1,0,0,0,1,2,8,10.0
2016,239,0,P006533   ,1.0,1.0,UNK,10,"COLOM, QUINO",26:33,12,4,8,0,1,4,4,0,5,5,6,1,3,0,0,1,3,18,18.0
2016,239,0,P006360   ,0.0,0.0,UNK,12,"KLIMENKO, ARTEM",DNP,0,0,0,0,0,0,0,0,0,0,0,0,0,0,0,0,0,0,0.0
2016,239,0,PATS      ,1.0,1.0,UNK,13,"BANIC, MARKO",20:10,8,4,5,0,0,0,0,1,0,1,0,3,0,0,0,1,0,10,23.0
2016,239,0,P001389   ,0.0,0.0,UNK,18,"VORONOV, EVGENY",DNP,0,0,0,0,0,0,0,0,0,0,0,0,0,0,0,0,0,0,0.0
2016,239,0,PLSK      ,1.0,0.0,UNK,20,"PANIN, VADIM",10:29,8,1,1,2,2,0,0,0,2,2,0,1,1,0,0,0,1,11,11.0
2016,239,0,P004259   ,0.0,1.0,UNK,22,"WILLIAMS, LATAVIOUS",23:35,20,8,9,0,0,4,4,5,7,12,1,2,1,1,0,3,3,34,13.0
2016,239,0,P000956   ,0.0,0.0,UNK,31,"ANDUSIC, DANILO",09:32,2,1,2,0,2,0,0,0,2,2,1,0,1,0,0,0,0,1,2.0
2016,239,0,Team,0.0,0.0,UNK,,Team,,0,0,0,0,0,0,0,1,2,3,0,0,0,0,0,0,0,3,
2016,239,0,Total,,,UNK,,Total,200:00,91,25,43,8,19,17,20,10,24,34,18,10,12,1,0,11,21,120,
2016,240,1,P005757   ,1.0,0.0,MAD,3,"RANDOLPH, ANTHONY",16:51,9,4,7,0,2,1,3,2,2,4,2,0,0,0,0,3,2,7,5.0
2016,240,1,P002946   ,0.0,1.0,MAD,4,"DRAPER, DONTAYE",20:04,16,1,1,4,5,2,2,0,1,1,2,1,1,0,0,3,2,17,18.0
2016,240,1,PBMT      ,1.0,0.0,MAD,5,"FERNANDEZ, RUDY",22:09,2,0,1,0,2,2,2,1,0,1,3,0,2,0,0,1,2,2,6.0
2016,240,1,PAPR      ,0.0,0.0,MAD,6,"NOCIONI, ANDRES",05:27,5,1,2,1,4,0,0,0,0,0,0,1,1,0,1,1,0,-1,2.0
2016,240,1,P005929   ,0.0,1.0,MAD,7,"DONCIC, LUKA",21:52,8,2,4,1,2,1,2,2,4,6,11,1,5,1,0,1,3,20,15.0
2016,240,1,PAAX      ,0.0,0.0,MAD,9,"REYES, FELIPE",08:07,6,3,4,0,0,0,0,1,4,5,0,0,1,1,1,0,2,11,1.0
2016,240,1,P005927   ,1.0,0.0,MAD,14,"AYON, GUSTAVO",13:06,8,4,5,0,0,0,1,2,5,7,0,1,1,2,0,1,2,16,-2.0
2016,240,1,P001960   ,0.0,1.0,MAD,20,"CARROLL, JAYCEE",22:02,29,3,3,7,8,2,3,0,0,0,2,0,0,0,0,3,3,29,13.0
2016,240,1,P005160   ,0.0,1.0,MAD,21,"HUNTER, OTHELLO",18:34,1,0,1,0,0,1,2,0,7,7,1,0,1,0,0,3,3,6,15.0
2016,240,1,PTGB      ,1.0,0.0,MAD,23,"LLULL, SERGIO",13:17,4,0,2,1,3,1,2,0,1,1,2,1,1,0,0,0,2,4,2.0
2016,240,1,P005836   ,0.0,1.0,MAD,33,"THOMPKINS, TREY",17:55,7,2,4,1,2,0,0,1,2,3,1,0,1,0,0,2,1,6,13.0
2016,240,1,P006546   ,1.0,0.0,MAD,44,"TAYLOR, JEFFERY",20:36,2,1,2,0,2,0,0,1,0,1,2,0,1,0,0,2,0,-1,-3.0
2016,240,1,Team,0.0,0.0,MAD,,Team,,0,0,0,0,0,0,0,1,1,2,0,0,0,0,0,0,0,2,
2016,240,1,Total,,,MAD,,Total,200:00,97,21,36,15,30,10,17,11,27,38,26,5,15,4,2,20,22,118,
2016,240,0,P005094   ,0.0,1.0,IST,1,"THOMAS, DESHAUN",16:48,12,3,6,2,3,0,0,3,2,5,0,1,0,0,0,3,2,13,-7.0
2016,240,0,P005800   ,0.0,0.0,IST,2,"HONEYCUTT, TYLER",25:19,11,1,3,3,6,0,0,0,2,2,1,2,3,0,0,2,2,8,-3.0
2016,240,0,P003521   ,1.0,1.0,IST,4,"BALBAY, DOGUS",16:09,4,2,4,0,0,0,0,2,1,3,2,1,0,0,0,4,0,4,-20.0
2016,240,0,P004425   ,1.0,1.0,IST,5,"BROWN, DERRICK",31:52,14,6,12,0,1,2,2,2,6,8,1,1,5,1,0,0,2,15,-19.0
2016,240,0,P004088   ,1.0,1.0,IST,6,"OSMAN, CEDI",16:06,0,0,1,0,4,0,0,0,2,2,0,1,0,0,0,3,0,-5,-18.0
2016,240,0,P007122   ,0.0,0.0,IST,9,"GEYIK, SAMET",DNP,0,0,0,0,0,0,0,0,0,0,0,0,0,0,0,0,0,0,0.0
2016,240,0,P003024   ,1.0,0.0,IST,15,"GRANGER, JAYSON",21:56,3,1,3,0,2,1,3,0,2,2,3,1,1,0,0,2,3,3,-2.0
2016,240,0,PKLT      ,0.0,1.0,IST,31,"HEURTEL, THOMAS",28:54,13,5,8,1,3,0,2,0,0,0,6,0,2,0,2,3,2,7,-16.0
2016,240,0,PLQV      ,0.0,0.0,IST,32,"MUTAF, MAXIM",DNP,0,0,0,0,0,0,0,0,0,0,0,0,0,0,0,0,0,0,0.0
2016,240,0,P004945   ,0.0,0.0,IST,33,"PAUL, BRANDON",12:28,8,1,1,0,3,6,7,0,1,1,0,0,0,0,0,3,5,7,5.0
2016,240,0,P003048   ,1.0,0.0,IST,42,"DUNSTON, BRYANT",30:28,15,6,10,0,0,3,5,7,3,10,1,1,0,1,2,2,4,22,-5.0
2016,240,0,P007616   ,0.0,0.0,IST,53,"KIRK, ALEX",DNP,0,0,0,0,0,0,0,0,0,0,0,0,0,0,0,0,0,0,0.0
2016,240,0,Team,0.0,0.0,IST,,Team,,0,0,0,0,0,0,0,0,1,1,0,0,2,0,0,0,0,-1,
2016,240,0,Total,,,IST,,Total,200:00,80,25,48,6,22,12,19,14,20,34,14,8,13,2,4,22,20,73,
2016,241,1,P005757   ,1.0,1.0,MAD,3,"RANDOLPH, ANTHONY",28:42,9,2,6,0,2,5,7,3,4,7,3,0,2,3,0,1,5,16,-2.0
2016,241,1,P002946   ,0.0,0.0,MAD,4,"DRAPER, DONTAYE",09:16,3,0,1,1,1,0,0,0,0,0,0,0,0,0,1,1,0,0,14.0
2016,241,1,PBMT      ,0.0,1.0,MAD,5,"FERNANDEZ, RUDY",23:20,4,2,5,0,0,0,0,2,1,3,4,2,0,0,0,1,3,12,4.0
2016,241,1,P005929   ,0.0,1.0,MAD,7,"DONCIC, LUKA",23:31,4,1,2,0,2,2,2,0,4,4,3,1,2,0,0,2,2,7,6.0
2016,241,1,PJCC      ,1.0,0.0,MAD,8,"MACIULIS, JONAS",15:12,3,0,0,1,1,0,0,0,1,1,1,0,0,0,0,2,0,3,3.0
2016,241,1,PAAX      ,0.0,0.0,MAD,9,"REYES, FELIPE",DNP,0,0,0,0,0,0,0,0,0,0,0,0,0,0,0,0,0,0,0.0
2016,241,1,P005927   ,1.0,0.0,MAD,14,"AYON, GUSTAVO",19:28,14,7,8,0,0,0,2,1,3,4,1,1,1,0,0,3,2,15,-4.0
2016,241,1,P001960   ,0.0,0.0,MAD,20,"CARROLL, JAYCEE",14:01,6,0,3,2,2,0,0,0,1,1,1,0,1,0,1,2,1,2,-2.0
2016,241,1,P005160   ,0.0,0.0,MAD,21,"HUNTER, OTHELLO",13:44,9,3,5,0,0,3,4,2,0,2,1,0,0,0,1,0,2,10,3.0
2016,241,1,PTGB      ,1.0,1.0,MAD,23,"LLULL, SERGIO",26:25,23,3,8,3,6,8,9,0,1,1,6,0,2,0,0,1,5,23,4.0
2016,241,1,P005836   ,0.0,0.0,MAD,33,"THOMPKINS, TREY",17:20,5,1,2,1,1,0,0,0,5,5,1,1,1,0,0,3,1,8,14.0
2016,241,1,P006546   ,1.0,1.0,MAD,44,"TAYLOR, JEFFERY",09:01,3,1,1,0,0,1,2,0,0,0,0,0,0,0,0,3,1,0,0.0
2016,241,1,Team,0.0,0.0,MAD,,Team,,0,0,0,0,0,0,0,1,1,2,0,0,1,0,0,0,0,1,
2016,241,1,Total,,,MAD,,Total,200:00,83,20,41,8,15,19,26,9,21,30,21,5,10,3,3,19,22,97,
2016,241,0,P006661   ,1.0,0.0,DAR,1,"WILBEKIN, SCOTTIE",20:40,8,1,2,2,5,0,0,0,0,0,1,1,2,0,0,3,0,1,-9.0
2016,241,0,P000497   ,0.0,0.0,DAR,4,"YAGMUR, MEHMET",DNP,0,0,0,0,0,0,0,0,0,0,0,0,0,0,0,0,0,0,0.0
2016,241,0,P004170   ,0.0,1.0,DAR,8,"BATUK, BIRKAN",07:15,0,0,0,0,0,0,0,0,0,0,0,0,0,0,0,3,0,-3,-2.0
2016,241,0,P005838   ,1.0,1.0,DAR,11,"WANAMAKER, BRAD",37:55,21,3,8,3,6,6,6,1,1,2,2,2,4,0,2,2,6,17,-5.0
2016,241,0,P004888   ,1.0,1.0,DAR,12,"CLYBURN, WILL",32:32,15,7,11,0,5,1,2,1,3,4,0,0,1,1,1,1,4,11,-9.0
2016,241,0,P001833   ,0.0,1.0,DAR,18,"MOERMAN, ADRIEN",09:13,0,0,1,0,1,0,0,0,3,3,0,0,1,0,0,1,0,-1,-4.0
2016,241,0,P003328   ,0.0,0.0,DAR,19,"ALDEMIR, FURKAN",00:44,0,0,0,0,0,0,0,0,0,0,0,0,0,0,0,1,0,-1,-2.0
2016,241,0,P005938   ,0.0,1.0,DAR,23,"ANDERSON, JAMES",21:50,8,4,6,0,4,0,1,2,2,4,1,0,1,1,0,1,2,7,-1.0
2016,241,0,P004554   ,1.0,0.0,DAR,41,"ZIZIC, ANTE",13:46,5,2,4,0,0,1,2,3,3,6,2,0,1,0,0,3,1,7,-5.0
2016,241,0,P000659   ,0.0,0.0,DAR,44,"SLAUGHTER, MARCUS",11:36,0,0,1,0,0,0,0,1,2,3,0,0,2,1,0,1,0,0,2.0
2016,241,0,P000436   ,0.0,0.0,DAR,45,"BERTANS, DAIRIS",15:36,7,1,2,1,1,2,3,0,0,0,3,0,1,0,0,1,3,9,-3.0
2016,241,0,P004902   ,1.0,0.0,DAR,81,"HARANGODY, LUKE",28:53,11,1,3,3,3,0,0,1,2,3,1,0,1,0,0,5,2,9,-2.0
2016,241,0,Team,0.0,0.0,DAR,,Team,,0,0,0,0,0,0,0,2,6,8,0,0,0,0,0,0,0,8,
2016,241,0,Total,,,DAR,,Total,200:00,75,19,38,9,25,10,14,11,22,33,10,3,14,3,3,22,18,64,
2016,242,1,P006614   ,1.0,1.0,PAN,0,"SINGLETON, CHRIS",24:00,3,1,2,0,4,1,2,1,4,5,1,0,0,1,0,3,2,3,-29.0
2016,242,1,P003482   ,1.0,0.0,PAN,2,"NICHOLS, DEMETRIS",04:26,0,0,0,0,0,0,0,0,0,0,0,1,0,0,0,0,1,2,-5.0
2016,242,1,P002429   ,0.0,1.0,PAN,3,"RIVERS, K.C.",34:01,16,2,5,3,6,3,5,2,1,3,2,0,0,0,1,4,3,11,-7.0
2016,242,1,P005985   ,0.0,1.0,PAN,5,"JAMES, MIKE",23:06,14,3,4,2,6,2,2,2,0,2,1,1,1,0,0,3,4,13,-4.0
2016,242,1,PBEZ      ,0.0,0.0,PAN,9,"FOTSIS, ANTONIS",DNP,0,0,0,0,0,0,0,0,0,0,0,0,0,0,0,0,0,0,0.0
2016,242,1,P000464   ,0.0,0.0,PAN,11,"PAPPAS, NIKOS",19:43,5,2,4,0,0,1,2,0,1,1,2,1,2,0,1,3,1,1,3.0
2016,242,1,P005918   ,1.0,0.0,PAN,12,"FELDEINE, JAMES",10:57,3,0,0,1,4,0,0,0,0,0,0,1,1,0,1,0,0,-1,-14.0
2016,242,1,P002980   ,1.0,0.0,PAN,14,"GIST, JAMES",13:55,1,0,1,0,0,1,2,1,0,1,0,0,0,0,1,1,1,-1,-16.0
2016,242,1,P004218   ,0.0,0.0,PAN,15,"CHARALAMPOPOULOS, VASILIS",DNP,0,0,0,0,0,0,0,0,0,0,0,0,0,0,0,0,0,0,0.0
2016,242,1,P005881   ,0.0,0.0,PAN,21,"GABRIEL, KENNY",18:37,4,0,1,1,1,1,2,2,3,5,0,0,2,0,1,1,1,4,9.0
2016,242,1,PAQU      ,0.0,1.0,PAN,29,"BOUROUSIS, IOANNIS",23:15,3,0,2,0,0,3,4,2,4,6,2,0,3,1,1,1,6,10,10.0
2016,242,1,P001932   ,1.0,1.0,PAN,33,"CALATHES, NICK",28:00,9,3,8,0,2,3,4,1,2,3,5,1,3,0,1,0,3,9,-12.0
2016,242,1,Team,0.0,0.0,PAN,,Team,,0,0,0,0,0,0,0,0,1,1,0,0,1,0,0,0,0,0,
2016,242,1,Total,,,PAN,,Total,200:00,58,11,27,7,23,15,23,11,16,27,13,5,13,2,7,16,22,51,
2016,242,0,P006503   ,0.0,1.0,ULK,8,"UDOH, EKPE",31:08,8,4,7,0,0,0,0,1,1,2,4,1,1,4,0,3,1,13,10.0
2016,242,0,P002969   ,0.0,0.0,ULK,10,"MAHMUTOGLU, MELIH",00:02,0,0,0,0,0,0,0,0,0,0,0,0,0,0,0,0,0,0,0.0
2016,242,0,PBAE      ,0.0,0.0,ULK,12,"ANTIC, PERO",00:02,0,0,0,0,0,0,0,0,0,0,0,0,0,0,0,0,0,0,0.0
2016,242,0,P002821   ,1.0,0.0,ULK,13,"BOGDANOVIC, BOGDAN",33:43,23,4,6,5,6,0,0,0,5,5,4,2,2,3,0,3,6,35,9.0
2016,242,0,P007615   ,0.0,0.0,ULK,15,"BENNETT, ANTHONY",DNP,0,0,0,0,0,0,0,0,0,0,0,0,0,0,0,0,0,0,0.0
2016,242,0,P001926   ,1.0,1.0,ULK,16,"SLOUKAS, KOSTAS",32:26,0,0,3,0,2,0,0,2,4,6,5,1,2,0,0,3,2,4,15.0
2016,242,0,P007400   ,0.0,0.0,ULK,21,"NUNNALLY, JAMES",11:16,0,0,0,0,0,0,0,0,1,1,0,0,0,0,0,2,0,-1,-10.0
2016,242,0,P000925   ,1.0,1.0,ULK,24,"VESELY, JAN",31:36,8,4,7,0,0,0,2,1,4,5,2,2,0,0,1,2,1,10,18.0
2016,242,0,P004866   ,1.0,1.0,ULK,33,"KALINIC, NIKOLA",23:20,16,1,3,4,6,2,2,0,0,0,1,1,4,0,1,4,5,10,20.0
2016,242,0,P001324   ,0.0,1.0,ULK,35,"DIXON, BOBBY",20:46,13,2,2,3,5,0,0,0,3,3,3,0,3,0,0,2,0,12,17.0
2016,242,0,P006399   ,0.0,0.0,ULK,44,"DUVERIOGLU, AHMET",DNP,0,0,0,0,0,0,0,0,0,0,0,0,0,0,0,0,0,0,0.0
2016,242,0,PCCD      ,1.0,0.0,ULK,70,"DATOME, LUIGI",15:41,3,0,1,1,3,0,0,0,2,2,1,0,1,0,0,3,1,0,-14.0
2016,242,0,Team,0.0,0.0,ULK,,Team,,0,0,0,0,0,0,0,0,0,0,0,0,0,0,0,0,0,0,
2016,242,0,Total,,,ULK,,Total,200:00,71,15,29,13,22,2,4,4,20,24,20,7,13,7,2,22,16,83,
2016,243,1,P005159   ,0.0,1.0,OLY,1,"GREEN, ERICK",17:28,13,2,5,3,4,0,0,0,1,1,2,1,0,1,0,0,0,14,-4.0
2016,243,1,P007182   ,0.0,0.0,OLY,2,"BIRCH, KHEM",12:59,4,1,3,0,0,2,2,1,2,3,1,2,0,0,2,3,1,4,4.0
2016,243,1,P005984   ,0.0,0.0,OLY,4,"YOUNG, PATRIC",DNP,0,0,0,0,0,0,0,0,0,0,0,0,0,0,0,0,0,0,0.0
2016,243,1,P004292   ,0.0,1.0,OLY,5,"TOLIOPOULOS, VASSILIS",01:00,0,0,0,0,1,0,0,0,0,0,0,0,0,0,0,1,0,-2,-3.0
2016,243,1,P005161   ,1.0,1.0,OLY,6,"PAPAPETROU, IOANNIS",13:33,6,3,4,0,1,0,0,1,6,7,1,1,3,1,0,4,1,8,2.0
2016,243,1,PJUO      ,1.0,0.0,OLY,7,"SPANOULIS, VASSILIS",24:01,10,2,6,1,3,3,3,0,0,0,7,0,4,0,1,1,7,12,16.0
2016,243,1,P004223   ,0.0,1.0,OLY,9,"WATERS, DOMINIC",12:12,6,3,5,0,0,0,0,0,0,0,0,0,0,0,0,1,1,4,-5.0
2016,243,1,P004429   ,0.0,0.0,OLY,10,"AGRAVANIS, DIMITRIOS",14:47,4,2,3,0,1,0,0,1,1,2,0,0,0,0,0,4,1,1,7.0
2016,243,1,P003941   ,1.0,1.0,OLY,11,"MILUTINOV, NIKOLA",26:28,11,5,9,0,0,1,2,4,3,7,2,0,0,2,0,0,3,20,11.0
2016,243,1,PAMM      ,1.0,0.0,OLY,15,"PRINTEZIS, GEORGIOS",24:30,11,2,8,1,2,4,4,5,6,11,0,1,0,0,0,1,3,18,12.0
2016,243,1,P001255   ,0.0,0.0,OLY,16,"PAPANIKOLAOU, KOSTAS",26:46,8,2,6,1,3,1,2,2,2,4,2,1,2,0,1,2,2,5,13.0
2016,243,1,P003537   ,1.0,0.0,OLY,17,"MANTZARIS, VANGELIS",25:32,14,0,1,4,8,2,2,0,6,6,1,2,1,0,1,4,1,13,22.0
2016,243,1,Team,0.0,0.0,OLY,,Team,,0,0,0,0,0,0,0,4,2,6,0,0,0,0,0,0,0,6,
2016,243,1,Total,,,OLY,,Total,199:16,87,22,50,10,23,13,15,18,29,47,16,8,10,4,5,21,20,103,
2016,243,0,P005094   ,0.0,1.0,IST,1,"THOMAS, DESHAUN",19:58,6,0,2,1,3,3,4,0,2,2,1,1,0,1,0,0,2,8,-9.0
2016,243,0,P005800   ,0.0,1.0,IST,2,"HONEYCUTT, TYLER",27:21,17,7,9,0,3,3,4,3,7,10,1,1,3,1,0,4,5,22,-4.0
2016,243,0,P003521   ,0.0,0.0,IST,4,"BALBAY, DOGUS",06:34,0,0,0,0,0,0,0,0,0,0,0,0,0,0,0,1,0,-1,-3.0
2016,243,0,P004425   ,1.0,0.0,IST,5,"BROWN, DERRICK",23:49,3,1,5,0,1,1,4,2,3,5,2,2,0,0,0,3,2,3,-9.0
2016,243,0,P004088   ,1.0,0.0,IST,6,"OSMAN, CEDI",12:39,2,1,1,0,2,0,0,1,2,3,0,0,0,1,0,1,0,3,-11.0
2016,243,0,P007122   ,0.0,0.0,IST,9,"GEYIK, SAMET",DNP,0,0,0,0,0,0,0,0,0,0,0,0,0,0,0,0,0,0,0.0
2016,243,0,P003024   ,1.0,0.0,IST,15,"GRANGER, JAYSON",28:12,12,2,5,2,4,2,2,0,2,2,3,0,4,0,0,3,2,7,-9.0
2016,243,0,PKLT      ,0.0,1.0,IST,31,"HEURTEL, THOMAS",26:27,14,3,7,2,2,2,2,0,1,1,4,0,2,0,0,3,4,14,-14.0
2016,243,0,PLQV      ,0.0,0.0,IST,32,"MUTAF, MAXIM",DNP,0,0,0,0,0,0,0,0,0,0,0,0,0,0,0,0,0,0,0.0
2016,243,0,P004945   ,1.0,1.0,IST,33,"PAUL, BRANDON",18:47,6,0,3,1,2,3,4,0,1,1,0,1,0,0,1,1,3,4,-4.0
2016,243,0,P003048   ,1.0,1.0,IST,42,"DUNSTON, BRYANT",22:35,8,3,9,0,0,2,2,1,0,1,1,1,0,0,3,3,2,1,-16.0
2016,243,0,P007616   ,0.0,0.0,IST,53,"KIRK, ALEX",13:38,4,2,3,0,0,0,0,1,2,3,0,0,2,2,0,1,1,6,4.0
2016,243,0,Team,0.0,0.0,IST,,Team,,0,0,0,0,0,0,0,1,2,3,0,0,0,0,0,0,0,3,
2016,243,0,Total,,,IST,,Total,200:00,72,19,44,6,17,16,22,9,22,31,12,6,11,5,4,20,21,70,
2016,244,1,P002100   ,1.0,0.0,CSK,1,"DE COLO, NANDO",25:06,17,4,7,1,2,6,6,0,3,3,1,0,4,1,1,3,8,18,1.0
2016,244,1,PJDR      ,0.0,1.0,CSK,4,"TEODOSIC, MILOS",28:36,22,2,7,4,9,6,6,1,1,2,5,1,1,0,0,1,4,22,5.0
2016,244,1,P001438   ,0.0,1.0,CSK,5,"AUGUSTINE, JAMES",16:09,9,4,4,0,0,1,2,3,2,5,1,4,2,0,0,3,1,14,1.0
2016,244,1,PLLH      ,0.0,0.0,CSK,7,"FRIDZON, VITALY",06:44,6,1,3,1,1,1,2,0,0,0,1,0,0,0,1,0,1,4,0.0
2016,244,1,P003413   ,1.0,0.0,CSK,9,"JACKSON, AARON",21:45,8,4,7,0,1,0,0,1,0,1,5,1,1,0,0,4,1,7,8.0
2016,244,1,P004941   ,0.0,0.0,CSK,11,"ANTONOV, SEMEN",10:43,5,1,1,1,2,0,0,0,2,2,0,0,1,0,0,3,0,2,2.0
2016,244,1,PLOO      ,0.0,0.0,CSK,19,"FREELAND, JOEL",DNP,0,0,0,0,0,0,0,0,0,0,0,0,0,0,0,0,0,0,0.0
2016,244,1,PLHI      ,1.0,1.0,CSK,20,"VORONTSEVICH, ANDREY",24:13,5,1,3,1,3,0,0,0,5,5,0,0,1,0,0,3,0,2,11.0
2016,244,1,P006450   ,0.0,1.0,CSK,22,"HIGGINS, CORY",17:55,12,3,5,1,1,3,4,0,2,2,2,0,1,0,0,3,4,13,-5.0
2016,244,1,PBCQ      ,0.0,0.0,CSK,31,"KHRYAPA, VICTOR",04:53,2,0,0,0,1,2,2,0,0,0,1,0,0,0,0,2,2,2,-8.0
2016,244,1,PJLX      ,1.0,1.0,CSK,41,"KURBANOV, NIKITA",20:05,6,1,2,0,1,4,4,4,1,5,3,2,3,0,1,2,2,10,18.0
2016,244,1,P002812   ,1.0,0.0,CSK,42,"HINES, KYLE",23:51,6,1,2,0,0,4,5,2,0,2,2,1,0,0,0,3,4,10,7.0
2016,244,1,Team,0.0,0.0,CSK,,Team,,0,0,0,0,0,0,0,1,1,2,0,0,0,0,0,0,0,2,
2016,244,1,Total,,,CSK,,Total,200:00,98,22,41,9,21,27,31,12,17,29,21,9,14,1,3,27,27,106,
2016,244,0,P007200   ,1.0,1.0,BAS,0,"LARKIN, SHANE",31:01,17,2,3,4,8,1,1,0,0,0,3,0,5,0,0,3,6,13,-5.0
2016,244,0,P007201   ,0.0,1.0,BAS,7,"VOIGTMANN, JOHANNES",26:33,12,4,5,1,2,1,2,3,5,8,2,1,0,0,0,2,3,21,7.0
2016,244,0,P005099   ,0.0,1.0,BAS,8,"HANGA, ADAM",32:59,12,0,1,3,6,3,4,0,2,2,4,2,3,0,0,4,3,11,-5.0
2016,244,0,P007230   ,0.0,0.0,BAS,9,"SEDEKERSKIS, TADAS",DNP,0,0,0,0,0,0,0,0,0,0,0,0,0,0,0,0,0,0,0.0
2016,244,0,P006590   ,1.0,1.0,BAS,10,"BEAUBOIS, RODRIGUE",20:39,13,3,3,2,5,1,2,0,0,0,1,1,3,1,0,2,4,11,-6.0
2016,244,0,P003452   ,0.0,0.0,BAS,11,"BLAZIC, JAKA",04:04,0,0,0,0,0,0,0,0,1,1,0,0,0,0,0,1,0,0,-2.0
2016,244,0,P003540   ,1.0,0.0,BAS,12,"DIOP, ILIMANE",10:42,5,1,2,0,0,3,3,0,3,3,1,0,2,1,0,4,2,5,-9.0
2016,244,0,P002744   ,1.0,0.0,BAS,14,"TILLIE, KIM",21:17,2,0,1,0,1,2,2,2,1,3,2,0,0,0,0,4,1,2,-4.0
2016,244,0,P006435   ,0.0,0.0,BAS,15,"LAPROVITTOLA, NICOLAS",00:43,0,0,0,0,0,0,0,0,0,0,0,0,0,0,0,0,0,0,-4.0
2016,244,0,P001133   ,0.0,0.0,BAS,23,"SHENGELIA, TORNIKE",21:18,12,3,6,0,1,6,7,1,3,4,3,0,3,1,0,1,6,17,-8.0
2016,244,0,P007427   ,1.0,1.0,BAS,34,"BUDINGER, CHASE",21:19,8,3,5,0,1,2,2,1,2,3,3,1,1,0,1,3,1,8,-9.0
2016,244,0,P001633   ,0.0,0.0,BAS,55,"LUZ, RAFA",09:25,9,3,3,1,1,0,0,0,1,1,4,0,1,0,0,3,1,11,5.0
2016,244,0,Team,0.0,0.0,BAS,,Team,,0,0,0,0,0,0,0,1,1,2,0,0,2,0,0,0,0,0,
2016,244,0,Total,,,BAS,,Total,200:00,90,19,29,11,25,19,23,8,19,27,23,5,20,3,1,27,27,99,
2016,245,1,P005757   ,1.0,1.0,MAD,3,"RANDOLPH, ANTHONY",19:44,7,2,5,1,3,0,0,1,5,6,1,0,0,0,0,4,0,5,11.0
2016,245,1,P002946   ,0.0,0.0,MAD,4,"DRAPER, DONTAYE",04:11,0,0,0,0,0,0,0,1,0,1,0,1,1,0,0,2,0,-1,0.0
2016,245,1,PBMT      ,0.0,0.0,MAD,5,"FERNANDEZ, RUDY",23:09,0,0,3,0,1,0,0,1,3,4,2,0,0,1,0,2,3,4,-10.0
2016,245,1,P005929   ,0.0,1.0,MAD,7,"DONCIC, LUKA",09:46,0,0,3,0,1,0,0,1,4,5,6,1,0,0,0,2,0,6,-8.0
2016,245,1,PJCC      ,1.0,0.0,MAD,8,"MACIULIS, JONAS",13:01,5,1,1,1,3,0,0,0,2,2,0,0,0,0,0,1,0,4,11.0
2016,245,1,PAAX      ,0.0,0.0,MAD,9,"REYES, FELIPE",04:40,0,0,0,0,0,0,2,1,1,2,0,0,1,0,0,1,3,1,-5.0
2016,245,1,P005927   ,1.0,0.0,MAD,14,"AYON, GUSTAVO",25:33,16,6,6,0,0,4,5,4,4,8,5,0,0,1,0,3,4,30,9.0
2016,245,1,P001960   ,0.0,1.0,MAD,20,"CARROLL, JAYCEE",12:28,5,1,1,1,6,0,0,0,0,0,0,0,1,1,0,0,0,0,-3.0
2016,245,1,P005160   ,0.0,0.0,MAD,21,"HUNTER, OTHELLO",11:21,7,2,4,0,0,3,5,1,0,1,0,0,1,0,0,2,4,5,-10.0
2016,245,1,PTGB      ,1.0,1.0,MAD,23,"LLULL, SERGIO",33:41,22,3,6,5,13,1,2,0,1,1,6,0,1,0,0,3,6,19,-3.0
2016,245,1,P005836   ,0.0,1.0,MAD,33,"THOMPKINS, TREY",18:42,9,2,4,1,2,2,2,0,2,2,0,0,1,1,0,3,2,7,-13.0
2016,245,1,P006546   ,1.0,0.0,MAD,44,"TAYLOR, JEFFERY",23:44,9,4,4,0,1,1,4,2,1,3,0,0,0,0,0,1,2,9,1.0
2016,245,1,Team,0.0,0.0,MAD,,Team,,0,0,0,0,0,0,0,0,1,1,0,0,0,0,0,0,0,1,
2016,245,1,Total,,,MAD,,Total,200:00,80,21,37,9,30,11,20,12,24,36,20,2,6,4,0,24,24,90,
2016,245,0,P006661   ,1.0,1.0,DAR,1,"WILBEKIN, SCOTTIE",29:19,17,3,7,3,7,2,2,1,3,4,4,0,1,0,0,3,3,16,-2.0
2016,245,0,P000497   ,0.0,0.0,DAR,4,"YAGMUR, MEHMET",DNP,0,0,0,0,0,0,0,0,0,0,0,0,0,0,0,0,0,0,0.0
2016,245,0,P004170   ,0.0,1.0,DAR,8,"BATUK, BIRKAN",11:45,2,1,2,0,2,0,0,1,0,1,0,1,0,0,0,2,1,0,3.0
2016,245,0,P005838   ,1.0,1.0,DAR,11,"WANAMAKER, BRAD",35:13,21,5,10,2,6,5,5,0,2,2,4,1,4,0,2,2,5,16,17.0
2016,245,0,P004888   ,1.0,1.0,DAR,12,"CLYBURN, WILL",27:30,13,2,7,1,1,6,6,1,3,4,1,0,0,0,0,3,7,17,-3.0
2016,245,0,P001833   ,0.0,0.0,DAR,18,"MOERMAN, ADRIEN",03:40,0,0,1,0,0,0,0,0,1,1,0,0,0,0,0,1,0,-1,3.0
2016,245,0,P003328   ,0.0,0.0,DAR,19,"ALDEMIR, FURKAN",01:45,1,0,1,0,0,1,2,0,0,0,0,1,0,0,0,0,1,1,1.0
2016,245,0,P005938   ,0.0,1.0,DAR,23,"ANDERSON, JAMES",22:55,4,2,2,0,1,0,0,0,8,8,0,0,1,0,0,2,1,9,11.0
2016,245,0,P004554   ,1.0,0.0,DAR,41,"ZIZIC, ANTE",24:04,17,8,10,0,0,1,2,3,5,8,0,0,1,0,0,4,3,20,0.0
2016,245,0,P000659   ,0.0,0.0,DAR,44,"SLAUGHTER, MARCUS",14:05,0,0,2,0,0,0,0,0,1,1,1,0,0,0,1,5,0,-6,3.0
2016,245,0,P000436   ,0.0,0.0,DAR,45,"BERTANS, DAIRIS",11:55,1,0,4,0,1,1,2,0,1,1,0,0,0,0,1,2,1,-6,0.0
2016,245,0,P004902   ,1.0,0.0,DAR,81,"HARANGODY, LUKE",17:49,8,1,1,2,2,0,0,1,2,3,0,0,0,0,0,0,2,13,-13.0
2016,245,0,Team,0.0,0.0,DAR,,Team,,0,0,0,0,0,0,0,5,2,7,0,0,1,0,0,0,0,6,
2016,245,0,Total,,,DAR,,Total,200:00,84,22,47,8,20,16,19,12,28,40,10,3,8,0,4,24,24,85,
2016,246,1,P006614   ,1.0,1.0,PAN,0,"SINGLETON, CHRIS",31:00,14,3,6,1,2,5,5,1,4,5,1,2,2,0,0,4,6,18,-5.0
2016,246,1,P003482   ,0.0,0.0,PAN,2,"NICHOLS, DEMETRIS",05:41,0,0,0,0,1,0,0,0,1,1,0,0,1,0,0,0,0,-1,-4.0
2016,246,1,P002429   ,1.0,1.0,PAN,3,"RIVERS, K.C.",34:19,8,1,2,2,4,0,0,1,1,2,0,1,0,0,1,2,1,6,-1.0
2016,246,1,P005985   ,0.0,1.0,PAN,5,"JAMES, MIKE",26:27,22,5,8,3,7,3,6,0,3,3,4,1,0,0,0,2,4,22,-10.0
2016,246,1,PBEZ      ,0.0,0.0,PAN,9,"FOTSIS, ANTONIS",09:00,3,0,0,1,1,0,0,0,1,1,0,0,1,0,0,1,1,3,0.0
2016,246,1,P000464   ,1.0,1.0,PAN,11,"PAPPAS, NIKOS",22:37,5,1,3,1,3,0,0,0,0,0,1,0,0,0,1,3,0,-2,7.0
2016,246,1,P005918   ,0.0,0.0,PAN,12,"FELDEINE, JAMES",08:16,0,0,0,0,1,0,0,1,0,1,0,1,0,0,0,2,1,0,-1.0
2016,246,1,P002980   ,0.0,0.0,PAN,14,"GIST, JAMES",13:37,6,3,6,0,0,0,1,1,0,1,0,0,1,0,1,3,1,-1,3.0
2016,246,1,P004218   ,0.0,0.0,PAN,15,"CHARALAMPOPOULOS, VASILIS",DNP,0,0,0,0,0,0,0,0,0,0,0,0,0,0,0,0,0,0,0.0
2016,246,1,P005881   ,0.0,0.0,PAN,21,"GABRIEL, KENNY",DNP,0,0,0,0,0,0,0,0,0,0,0,0,0,0,0,0,0,0,0.0
2016,246,1,PAQU      ,1.0,1.0,PAN,29,"BOUROUSIS, IOANNIS",26:23,13,4,7,1,3,2,2,4,2,6,0,1,1,0,1,3,3,13,-8.0
2016,246,1,P001932   ,1.0,0.0,PAN,33,"CALATHES, NICK",22:40,4,2,5,0,4,0,0,1,3,4,5,0,2,0,0,1,2,5,-6.0
2016,246,1,Team,0.0,0.0,PAN,,Team,,0,0,0,0,0,0,0,2,3,5,0,0,0,0,0,0,0,5,
2016,246,1,Total,,,PAN,,Total,200:00,75,19,37,9,26,10,14,11,18,29,11,6,8,0,4,21,19,68,
2016,246,0,P006503   ,0.0,1.0,ULK,8,"UDOH, EKPE",35:04,22,11,14,0,0,0,0,3,6,9,1,1,0,2,0,2,4,34,15.0
2016,246,0,P002969   ,0.0,0.0,ULK,10,"MAHMUTOGLU, MELIH",DNP,0,0,0,0,0,0,0,0,0,0,0,0,0,0,0,0,0,0,0.0
2016,246,0,PBAE      ,0.0,0.0,ULK,12,"ANTIC, PERO",08:16,3,0,0,1,3,0,2,1,1,2,0,0,0,0,0,3,2,0,5.0
2016,246,0,P002821   ,1.0,1.0,ULK,13,"BOGDANOVIC, BOGDAN",34:54,25,5,7,5,8,0,0,1,7,8,6,0,1,1,0,3,4,35,1.0
2016,246,0,P007615   ,0.0,0.0,ULK,15,"BENNETT, ANTHONY",DNP,0,0,0,0,0,0,0,0,0,0,0,0,0,0,0,0,0,0,0.0
2016,246,0,P001926   ,1.0,1.0,ULK,16,"SLOUKAS, KOSTAS",26:05,5,0,1,1,4,2,2,1,2,3,7,0,1,0,0,3,2,9,5.0
2016,246,0,P007400   ,0.0,0.0,ULK,21,"NUNNALLY, JAMES",DNP,0,0,0,0,0,0,0,0,0,0,0,0,0,0,0,0,0,0,0.0
2016,246,0,P000925   ,1.0,1.0,ULK,24,"VESELY, JAN",19:22,2,1,5,0,0,0,0,1,1,2,1,1,1,1,0,3,2,1,-6.0
2016,246,0,P004866   ,1.0,1.0,ULK,33,"KALINIC, NIKOLA",34:30,7,2,4,1,2,0,0,0,3,3,0,0,1,0,0,2,2,6,1.0
2016,246,0,P001324   ,0.0,0.0,ULK,35,"DIXON, BOBBY",24:31,14,1,4,3,4,3,3,1,2,3,2,2,6,0,0,2,4,13,8.0
2016,246,0,P006399   ,0.0,0.0,ULK,44,"DUVERIOGLU, AHMET",DNP,0,0,0,0,0,0,0,0,0,0,0,0,0,0,0,0,0,0,0.0
2016,246,0,PCCD      ,1.0,0.0,ULK,70,"DATOME, LUIGI",17:18,2,1,3,0,1,0,0,0,2,2,1,0,0,0,0,2,0,0,-4.0
2016,246,0,Team,0.0,0.0,ULK,,Team,,0,0,0,0,0,0,0,1,0,1,0,0,0,0,0,0,0,1,
2016,246,0,Total,,,ULK,,Total,200:00,80,21,38,11,22,5,7,9,24,33,18,4,10,4,0,20,20,99,
2016,247,1,P005159   ,0.0,1.0,OLY,1,"GREEN, ERICK",22:27,10,2,5,2,7,0,0,1,1,2,1,1,0,0,0,1,0,5,0.0
2016,247,1,P007182   ,0.0,0.0,OLY,2,"BIRCH, KHEM",16:05,3,0,0,0,0,3,4,0,1,1,0,0,2,2,0,5,4,2,-7.0
2016,247,1,P005984   ,0.0,1.0,OLY,4,"YOUNG, PATRIC",15:30,4,2,4,0,0,0,0,3,2,5,2,0,0,0,0,0,0,9,6.0
2016,247,1,P004292   ,0.0,0.0,OLY,5,"TOLIOPOULOS, VASSILIS",DNP,0,0,0,0,0,0,0,0,0,0,0,0,0,0,0,0,0,0,0.0
2016,247,1,P005161   ,1.0,0.0,OLY,6,"PAPAPETROU, IOANNIS",16:15,3,0,0,1,1,0,0,0,1,1,1,1,0,0,0,1,0,5,-4.0
2016,247,1,PJUO      ,1.0,1.0,OLY,7,"SPANOULIS, VASSILIS",30:27,20,0,2,6,10,2,2,0,3,3,6,0,5,0,1,3,6,20,3.0
2016,247,1,P004223   ,0.0,0.0,OLY,9,"WATERS, DOMINIC",05:21,0,0,1,0,0,0,0,0,0,0,1,0,1,0,0,1,1,-1,1.0
2016,247,1,P004429   ,0.0,0.0,OLY,10,"AGRAVANIS, DIMITRIOS",12:55,2,1,4,0,1,0,0,1,2,3,1,0,1,0,1,0,0,0,1.0
2016,247,1,P003941   ,1.0,0.0,OLY,11,"MILUTINOV, NIKOLA",08:25,2,1,1,0,0,0,0,2,3,5,0,0,2,1,0,1,1,6,-1.0
2016,247,1,PAMM      ,1.0,1.0,OLY,15,"PRINTEZIS, GEORGIOS",27:05,20,6,10,1,3,5,10,1,5,6,0,1,0,0,0,1,8,23,-3.0
2016,247,1,P001255   ,0.0,1.0,OLY,16,"PAPANIKOLAOU, KOSTAS",24:04,7,1,1,1,6,2,2,2,4,6,1,1,2,0,0,4,3,7,4.0
2016,247,1,P003537   ,1.0,0.0,OLY,17,"MANTZARIS, VANGELIS",21:26,0,0,1,0,2,0,0,0,1,1,2,0,1,0,1,2,0,-4,-10.0
2016,247,1,Team,0.0,0.0,OLY,,Team,,0,0,0,0,0,0,0,0,4,4,0,0,0,0,0,0,0,4,
2016,247,1,Total,,,OLY,,Total,200:00,71,13,29,11,30,12,18,10,27,37,15,4,14,3,3,19,23,76,
2016,247,0,P005094   ,0.0,0.0,IST,1,"THOMAS, DESHAUN",10:05,2,1,1,0,1,0,0,0,1,1,0,0,0,0,0,1,0,1,-4.0
2016,247,0,P005800   ,0.0,1.0,IST,2,"HONEYCUTT, TYLER",25:17,15,4,4,2,7,1,2,2,7,9,1,1,2,0,0,0,4,22,0.0
2016,247,0,P003521   ,1.0,0.0,IST,4,"BALBAY, DOGUS",14:09,4,2,4,0,1,0,0,0,0,0,1,1,0,0,1,3,2,1,3.0
2016,247,0,P004425   ,1.0,0.0,IST,5,"BROWN, DERRICK",20:57,6,3,6,0,0,0,0,0,3,3,3,1,1,0,0,5,0,4,0.0
2016,247,0,P004088   ,1.0,0.0,IST,6,"OSMAN, CEDI",14:43,3,0,0,1,4,0,0,0,1,1,0,1,1,0,0,2,0,-1,2.0
2016,247,0,P007122   ,0.0,0.0,IST,9,"GEYIK, SAMET",DNP,0,0,0,0,0,0,0,0,0,0,0,0,0,0,0,0,0,0,0.0
2016,247,0,P003024   ,1.0,1.0,IST,15,"GRANGER, JAYSON",26:22,9,3,8,1,4,0,0,2,2,4,9,2,1,0,2,2,2,13,3.0
2016,247,0,PKLT      ,0.0,1.0,IST,31,"HEURTEL, THOMAS",26:40,5,1,4,1,5,0,0,0,5,5,2,0,2,0,0,1,3,5,0.0
2016,247,0,PLQV      ,0.0,0.0,IST,32,"MUTAF, MAXIM",DNP,0,0,0,0,0,0,0,0,0,0,0,0,0,0,0,0,0,0,0.0
2016,247,0,P004945   ,0.0,0.0,IST,33,"PAUL, BRANDON",12:49,7,1,1,1,2,2,6,0,1,1,0,2,0,0,0,2,4,7,-2.0
2016,247,0,P003048   ,1.0,1.0,IST,42,"DUNSTON, BRYANT",33:50,16,5,6,0,0,6,6,2,2,4,5,0,0,2,0,3,4,27,-1.0
2016,247,0,P007616   ,0.0,1.0,IST,53,"KIRK, ALEX",15:08,6,3,4,0,0,0,0,1,3,4,0,0,2,1,0,4,0,4,9.0
2016,247,0,Team,0.0,0.0,IST,,Team,,0,0,0,0,0,0,0,3,1,4,0,0,0,0,0,0,0,4,
2016,247,0,Total,,,IST,,Total,200:00,73,23,38,6,24,9,14,10,26,36,21,8,9,3,3,23,19,87,
2016,248,1,P002100   ,1.0,0.0,CSK,1,"DE COLO, NANDO",18:32,10,1,4,1,1,5,5,0,0,0,3,1,3,0,0,5,4,7,8.0
2016,248,1,PJDR      ,0.0,1.0,CSK,4,"TEODOSIC, MILOS",27:10,16,3,6,2,8,4,4,0,0,0,8,0,1,0,0,2,2,14,0.0
2016,248,1,P001438   ,0.0,0.0,CSK,5,"AUGUSTINE, JAMES",16:35,9,4,6,0,1,1,2,2,3,5,0,2,1,0,0,3,2,10,-4.0
2016,248,1,PLLH      ,0.0,0.0,CSK,7,"FRIDZON, VITALY",15:46,8,2,3,1,2,1,1,0,1,1,0,1,3,0,0,2,1,4,10.0
2016,248,1,P003413   ,1.0,0.0,CSK,9,"JACKSON, AARON",22:45,7,3,7,0,1,1,2,0,1,1,6,1,1,0,0,1,1,8,6.0
2016,248,1,P004941   ,0.0,0.0,CSK,11,"ANTONOV, SEMEN",DNP,0,0,0,0,0,0,0,0,0,0,0,0,0,0,0,0,0,0,0.0
2016,248,1,PLOO      ,0.0,0.0,CSK,19,"FREELAND, JOEL",DNP,0,0,0,0,0,0,0,0,0,0,0,0,0,0,0,0,0,0,0.0
2016,248,1,PLHI      ,1.0,1.0,CSK,20,"VORONTSEVICH, ANDREY",22:21,2,1,2,0,1,0,0,1,4,5,1,1,0,1,0,1,0,7,4.0
2016,248,1,P006450   ,0.0,1.0,CSK,22,"HIGGINS, CORY",18:27,8,1,3,1,2,3,4,0,2,2,0,0,1,0,0,2,4,7,-13.0
2016,248,1,PBCQ      ,0.0,0.0,CSK,31,"KHRYAPA, VICTOR",15:59,6,2,2,0,0,2,2,1,5,6,1,0,3,0,0,3,1,8,2.0
2016,248,1,PJLX      ,1.0,1.0,CSK,41,"KURBANOV, NIKITA",19:00,8,3,4,0,2,2,2,0,3,3,0,1,1,0,1,1,2,8,-9.0
2016,248,1,P002812   ,1.0,1.0,CSK,42,"HINES, KYLE",23:25,10,2,2,0,0,6,7,2,1,3,0,2,0,0,0,1,5,18,6.0
2016,248,1,Team,0.0,0.0,CSK,,Team,,0,0,0,0,0,0,0,1,2,3,0,0,0,0,0,0,0,3,
2016,248,1,Total,,,CSK,,Total,200:00,84,22,39,5,18,25,29,7,22,29,19,9,14,1,1,21,22,94,
2016,248,0,P007200   ,1.0,1.0,BAS,0,"LARKIN, SHANE",27:52,8,2,3,1,7,1,1,1,1,2,8,0,3,0,1,3,4,8,-5.0
2016,248,0,P007201   ,1.0,1.0,BAS,7,"VOIGTMANN, JOHANNES",24:19,10,4,5,0,0,2,2,1,5,6,2,0,1,0,0,0,2,18,-12.0
2016,248,0,P005099   ,1.0,0.0,BAS,8,"HANGA, ADAM",22:20,6,0,3,2,6,0,0,0,2,2,3,2,2,0,0,5,2,1,-9.0
2016,248,0,P007230   ,0.0,0.0,BAS,9,"SEDEKERSKIS, TADAS",DNP,0,0,0,0,0,0,0,0,0,0,0,0,0,0,0,0,0,0,0.0
2016,248,0,P006590   ,0.0,1.0,BAS,10,"BEAUBOIS, RODRIGUE",22:09,21,3,5,5,9,0,0,0,0,0,5,1,3,0,0,2,2,18,3.0
2016,248,0,P003452   ,0.0,0.0,BAS,11,"BLAZIC, JAKA",09:20,2,1,1,0,1,0,0,1,0,1,1,0,0,0,0,1,1,3,4.0
2016,248,0,P003540   ,0.0,0.0,BAS,12,"DIOP, ILIMANE",15:41,7,2,3,0,0,3,4,1,2,3,0,0,0,1,0,3,3,9,10.0
2016,248,0,P002744   ,0.0,0.0,BAS,14,"TILLIE, KIM",22:48,10,1,4,1,3,5,6,2,7,9,0,1,3,0,0,5,3,9,7.0
2016,248,0,P006435   ,0.0,1.0,BAS,15,"LAPROVITTOLA, NICOLAS",13:05,3,0,0,1,2,0,0,0,2,2,4,0,1,0,0,2,1,6,13.0
2016,248,0,P001133   ,1.0,0.0,BAS,23,"SHENGELIA, TORNIKE",15:04,3,1,1,0,1,1,2,0,1,1,0,1,3,0,0,1,2,1,-13.0
2016,248,0,P007427   ,1.0,1.0,BAS,34,"BUDINGER, CHASE",21:50,12,3,4,2,3,0,0,2,4,6,2,1,0,0,0,1,1,19,-5.0
2016,248,0,P001633   ,0.0,0.0,BAS,55,"LUZ, RAFA",05:32,0,0,0,0,0,0,0,0,0,0,1,0,0,0,0,0,0,1,-3.0
2016,248,0,Team,0.0,0.0,BAS,,Team,,0,0,0,0,0,0,0,2,2,4,0,0,2,0,0,0,0,2,
2016,248,0,Total,,,BAS,,Total,200:00,82,17,29,12,32,12,15,10,26,36,26,6,18,1,1,23,21,95,
2016,249,1,P006661   ,1.0,1.0,DAR,1,"WILBEKIN, SCOTTIE",28:13,18,3,5,4,6,0,0,0,2,2,4,1,2,0,0,2,5,22,-16.0
2016,249,1,P000497   ,0.0,0.0,DAR,4,"YAGMUR, MEHMET",00:15,0,0,0,0,0,0,0,0,0,0,0,0,0,0,0,1,0,-1,0.0
2016,249,1,P004170   ,0.0,0.0,DAR,8,"BATUK, BIRKAN",10:21,0,0,0,0,1,0,0,0,1,1,0,0,0,0,0,1,0,-1,3.0
2016,249,1,P005838   ,1.0,1.0,DAR,11,"WANAMAKER, BRAD",39:25,17,3,6,1,4,8,8,0,2,2,9,0,3,0,0,3,7,23,-4.0
2016,249,1,P004888   ,1.0,0.0,DAR,12,"CLYBURN, WILL",19:46,7,1,5,1,5,2,2,0,2,2,2,0,1,0,1,2,1,0,-8.0
2016,249,1,P001833   ,0.0,0.0,DAR,18,"MOERMAN, ADRIEN",16:24,11,4,4,1,4,0,0,1,2,3,1,1,0,0,0,3,1,11,2.0
2016,249,1,P003328   ,0.0,0.0,DAR,19,"ALDEMIR, FURKAN",DNP,0,0,0,0,0,0,0,0,0,0,0,0,0,0,0,0,0,0,0.0
2016,249,1,P005938   ,0.0,1.0,DAR,23,"ANDERSON, JAMES",27:33,2,1,2,0,1,0,0,1,6,7,1,0,0,1,1,3,2,7,7.0
2016,249,1,P004554   ,1.0,1.0,DAR,41,"ZIZIC, ANTE",28:07,20,7,8,0,0,6,7,3,2,5,1,0,1,2,0,1,4,28,-9.0
2016,249,1,P000659   ,0.0,0.0,DAR,44,"SLAUGHTER, MARCUS",01:24,0,0,0,0,0,0,0,0,1,1,0,0,0,0,0,0,0,1,1.0
2016,249,1,P000436   ,0.0,1.0,DAR,45,"BERTANS, DAIRIS",10:32,3,0,1,1,2,0,1,0,0,0,0,0,0,1,1,2,3,1,5.0
2016,249,1,P004902   ,1.0,0.0,DAR,81,"HARANGODY, LUKE",18:00,3,0,0,1,3,0,0,0,1,1,0,0,0,0,0,0,0,2,-16.0
2016,249,1,Team,0.0,0.0,DAR,,Team,,0,0,0,0,0,0,0,2,2,4,0,0,0,0,0,0,0,4,
2016,249,1,Total,,,DAR,,Total,200:00,81,19,31,9,26,16,18,7,21,28,18,2,7,4,3,18,23,97,
2016,249,0,P005757   ,1.0,1.0,MAD,3,"RANDOLPH, ANTHONY",34:42,12,4,7,1,3,1,2,1,4,5,2,0,0,2,1,0,2,16,3.0
2016,249,0,P002946   ,0.0,0.0,MAD,4,"DRAPER, DONTAYE",15:23,3,0,1,1,3,0,0,0,0,0,1,2,0,0,0,1,0,2,-6.0
2016,249,0,PBMT      ,0.0,0.0,MAD,5,"FERNANDEZ, RUDY",10:31,3,1,2,0,2,1,2,1,2,3,1,0,0,0,0,2,2,3,-6.0
2016,249,0,PAPR      ,0.0,0.0,MAD,6,"NOCIONI, ANDRES",DNP,0,0,0,0,0,0,0,0,0,0,0,0,0,0,0,0,0,0,0.0
2016,249,0,P005929   ,1.0,1.0,MAD,7,"DONCIC, LUKA",26:21,13,3,3,2,5,1,1,3,5,8,2,1,0,0,0,1,3,23,8.0
2016,249,0,PJCC      ,0.0,0.0,MAD,8,"MACIULIS, JONAS",DNP,0,0,0,0,0,0,0,0,0,0,0,0,0,0,0,0,0,0,0.0
2016,249,0,PAAX      ,0.0,0.0,MAD,9,"REYES, FELIPE",04:59,2,1,2,0,0,0,0,0,0,0,0,0,0,0,0,2,0,-1,3.0
2016,249,0,P005927   ,1.0,1.0,MAD,14,"AYON, GUSTAVO",26:37,18,8,13,0,0,2,2,4,5,9,3,2,3,1,0,4,2,23,6.0
2016,249,0,P001960   ,0.0,0.0,MAD,20,"CARROLL, JAYCEE",20:44,21,1,2,5,8,4,4,1,0,1,1,0,1,0,3,3,2,14,11.0
2016,249,0,P005160   ,0.0,0.0,MAD,21,"HUNTER, OTHELLO",13:23,2,1,2,0,0,0,0,1,4,5,1,0,2,0,0,3,5,7,1.0
2016,249,0,PTGB      ,1.0,1.0,MAD,23,"LLULL, SERGIO",27:07,12,3,5,2,6,0,0,1,1,2,6,0,1,0,0,4,2,11,11.0
2016,249,0,P006546   ,1.0,1.0,MAD,44,"TAYLOR, JEFFERY",20:13,2,1,2,0,2,0,0,1,1,2,1,2,0,0,0,3,0,1,4.0
2016,249,0,Team,0.0,0.0,MAD,,Team,,0,0,0,0,0,0,0,1,2,3,0,0,1,0,0,0,0,2,
2016,249,0,Total,,,MAD,,Total,200:00,88,23,39,11,29,9,11,14,24,38,18,7,8,3,4,23,18,101,
2016,250,1,P006503   ,0.0,0.0,ULK,8,"UDOH, EKPE",30:30,10,2,5,0,0,6,8,5,5,10,1,1,2,0,0,2,5,18,17.0
2016,250,1,P002969   ,0.0,1.0,ULK,10,"MAHMUTOGLU, MELIH",01:31,0,0,0,0,0,0,0,0,0,0,0,0,0,0,0,0,0,0,0.0
2016,250,1,PBAE      ,0.0,0.0,ULK,12,"ANTIC, PERO",05:25,0,0,1,0,2,0,0,0,1,1,0,0,0,0,0,1,1,-2,1.0
2016,250,1,P002821   ,1.0,0.0,ULK,13,"BOGDANOVIC, BOGDAN",33:23,10,1,3,2,6,2,2,0,8,8,2,1,7,0,1,2,3,8,15.0
2016,250,1,P007615   ,0.0,1.0,ULK,15,"BENNETT, ANTHONY",01:31,0,0,0,0,1,0,0,0,0,0,1,0,1,0,0,0,0,-1,0.0
2016,250,1,P001926   ,1.0,1.0,ULK,16,"SLOUKAS, KOSTAS",29:41,6,1,3,1,4,1,1,0,3,3,4,0,5,1,0,3,3,4,15.0
2016,250,1,P007400   ,0.0,1.0,ULK,21,"NUNNALLY, JAMES",22:54,12,0,0,3,3,3,3,0,4,4,1,0,0,0,0,1,1,17,9.0
2016,250,1,P000925   ,1.0,0.0,ULK,24,"VESELY, JAN",25:28,6,1,2,0,0,4,7,1,5,6,1,0,1,4,0,1,4,15,15.0
2016,250,1,P004866   ,1.0,0.0,ULK,33,"KALINIC, NIKOLA",14:18,10,3,3,1,1,1,2,0,2,2,2,0,0,0,0,3,3,13,7.0
2016,250,1,P001324   ,0.0,0.0,ULK,35,"DIXON, BOBBY",21:42,13,0,0,4,6,1,2,1,2,3,3,1,1,0,0,3,2,15,8.0
2016,250,1,P006399   ,0.0,1.0,ULK,44,"DUVERIOGLU, AHMET",02:49,2,1,1,0,0,0,0,0,0,0,0,0,0,0,0,1,0,1,-3.0
2016,250,1,PCCD      ,1.0,0.0,ULK,70,"DATOME, LUIGI",10:48,10,1,2,2,4,2,2,0,1,1,1,0,1,0,0,3,1,6,6.0
2016,250,1,Team,0.0,0.0,ULK,,Team,,0,0,0,0,0,0,0,0,0,0,0,0,1,0,0,0,0,-1,
2016,250,1,Total,,,ULK,,Total,200:00,79,10,20,13,27,20,27,7,31,38,16,3,19,5,1,20,23,93,
2016,250,0,P006614   ,1.0,0.0,PAN,0,"SINGLETON, CHRIS",31:44,12,4,9,0,3,4,5,2,3,5,2,1,1,0,0,3,6,13,-12.0
2016,250,0,P003482   ,0.0,0.0,PAN,2,"NICHOLS, DEMETRIS",04:01,0,0,0,0,0,0,0,0,1,1,0,0,0,0,0,0,1,2,-9.0
2016,250,0,P002429   ,1.0,1.0,PAN,3,"RIVERS, K.C.",33:32,16,2,4,3,6,3,4,0,1,1,3,3,0,0,1,4,2,14,-3.0
2016,250,0,P005985   ,1.0,1.0,PAN,5,"JAMES, MIKE",33:00,8,4,8,0,8,0,0,0,3,3,4,0,1,0,1,2,5,4,-13.0
2016,250,0,PBEZ      ,0.0,1.0,PAN,9,"FOTSIS, ANTONIS",08:46,4,2,2,0,0,0,0,0,2,2,0,0,0,0,0,0,0,6,-10.0
2016,250,0,P000464   ,0.0,0.0,PAN,11,"PAPPAS, NIKOS",10:00,1,0,0,0,0,1,2,0,0,0,1,0,1,0,0,1,1,0,-3.0
2016,250,0,P005918   ,0.0,1.0,PAN,12,"FELDEINE, JAMES",18:55,6,1,2,1,4,1,2,0,1,1,1,2,2,0,1,2,2,2,-13.0
2016,250,0,P002980   ,1.0,1.0,PAN,14,"GIST, JAMES",28:44,7,3,7,0,0,1,2,2,3,5,1,3,2,1,1,3,2,8,0.0
2016,250,0,P004218   ,0.0,0.0,PAN,15,"CHARALAMPOPOULOS, VASILIS",DNP,0,0,0,0,0,0,0,0,0,0,0,0,0,0,0,0,0,0,0.0
2016,250,0,P005881   ,0.0,0.0,PAN,21,"GABRIEL, KENNY",07:04,2,1,1,0,0,0,0,0,1,1,1,0,0,0,0,3,0,1,-4.0
2016,250,0,PAQU      ,0.0,0.0,PAN,29,"BOUROUSIS, IOANNIS",03:41,0,0,0,0,0,0,0,0,0,0,0,0,0,0,0,1,1,0,-10.0
2016,250,0,P001932   ,1.0,0.0,PAN,33,"CALATHES, NICK",20:33,5,1,5,1,3,0,0,1,2,3,2,1,3,0,1,4,0,-3,-13.0
2016,250,0,Team,0.0,0.0,PAN,,Team,,0,0,0,0,0,0,0,3,3,6,0,0,1,0,0,0,0,5,
2016,250,0,Total,,,PAN,,Total,200:00,61,18,38,5,24,10,15,8,20,28,15,10,11,1,5,23,20,52,
2016,251,1,P005094   ,0.0,0.0,IST,1,"THOMAS, DESHAUN",08:13,0,0,0,0,2,0,0,0,0,0,1,0,0,0,0,0,0,-1,-3.0
2016,251,1,P005800   ,0.0,1.0,IST,2,"HONEYCUTT, TYLER",20:47,6,2,6,0,1,2,5,1,6,7,0,4,2,1,0,2,4,10,-10.0
2016,251,1,P003521   ,1.0,1.0,IST,4,"BALBAY, DOGUS",15:12,0,0,0,0,1,0,0,0,1,1,1,1,1,1,0,4,0,-2,10.0
2016,251,1,P004425   ,1.0,1.0,IST,5,"BROWN, DERRICK",29:48,12,6,8,0,1,0,0,2,2,4,1,1,0,0,0,3,3,15,10.0
2016,251,1,P004088   ,1.0,0.0,IST,6,"OSMAN, CEDI",19:13,4,2,6,0,3,0,0,1,1,2,0,2,0,0,0,0,0,1,14.0
2016,251,1,P007122   ,0.0,0.0,IST,9,"GEYIK, SAMET",DNP,0,0,0,0,0,0,0,0,0,0,0,0,0,0,0,0,0,0,0.0
2016,251,1,P003024   ,1.0,1.0,IST,15,"GRANGER, JAYSON",25:11,11,3,5,1,4,2,2,0,3,3,3,0,0,0,1,3,2,10,-1.0
2016,251,1,PKLT      ,0.0,0.0,IST,31,"HEURTEL, THOMAS",28:58,13,4,10,1,4,2,2,0,3,3,6,2,1,0,2,2,2,12,9.0
2016,251,1,PLQV      ,0.0,0.0,IST,32,"MUTAF, MAXIM",DNP,0,0,0,0,0,0,0,0,0,0,0,0,0,0,0,0,0,0,0.0
2016,251,1,P004945   ,0.0,0.0,IST,33,"PAUL, BRANDON",10:47,0,0,3,0,2,0,2,0,1,1,0,0,0,0,1,2,2,-7,-10.0
2016,251,1,P003048   ,1.0,1.0,IST,42,"DUNSTON, BRYANT",29:39,16,7,10,0,0,2,3,5,4,9,0,0,0,1,0,3,4,23,5.0
2016,251,1,P007616   ,0.0,0.0,IST,53,"KIRK, ALEX",12:12,2,1,2,0,0,0,2,1,0,1,0,0,0,0,0,1,1,0,-4.0
2016,251,1,Team,0.0,0.0,IST,,Team,,0,0,0,0,0,0,0,3,1,4,0,0,1,0,0,0,0,3,
2016,251,1,Total,,,IST,,Total,200:00,64,25,50,2,18,8,16,13,22,35,12,10,5,3,4,20,18,64,
2016,251,0,P005159   ,0.0,1.0,OLY,1,"GREEN, ERICK",12:53,8,2,4,1,2,1,2,0,1,1,0,0,0,0,0,3,1,3,1.0
2016,251,0,P007182   ,1.0,0.0,OLY,2,"BIRCH, KHEM",16:32,6,3,6,0,0,0,1,4,3,7,0,0,0,1,1,1,3,11,-7.0
2016,251,0,P005984   ,0.0,0.0,OLY,4,"YOUNG, PATRIC",08:42,3,1,1,0,0,1,2,0,1,1,0,0,0,0,0,0,2,5,-6.0
2016,251,0,P004292   ,0.0,0.0,OLY,5,"TOLIOPOULOS, VASSILIS",DNP,0,0,0,0,0,0,0,0,0,0,0,0,0,0,0,0,0,0,0.0
2016,251,0,P005161   ,0.0,0.0,OLY,6,"PAPAPETROU, IOANNIS",21:06,5,1,2,1,4,0,0,2,5,7,1,0,2,0,0,0,1,8,6.0
2016,251,0,PJUO      ,1.0,1.0,OLY,7,"SPANOULIS, VASSILIS",28:20,15,2,3,3,7,2,2,0,2,2,7,3,8,0,1,3,5,15,-8.0
2016,251,0,P004223   ,0.0,0.0,OLY,9,"WATERS, DOMINIC",06:25,0,0,1,0,0,0,0,1,0,1,2,0,0,0,0,0,1,3,-9.0
2016,251,0,P004429   ,0.0,0.0,OLY,10,"AGRAVANIS, DIMITRIOS",07:15,0,0,1,0,2,0,0,2,2,4,0,0,1,0,0,2,0,-2,-5.0
2016,251,0,P003941   ,0.0,0.0,OLY,11,"MILUTINOV, NIKOLA",14:13,0,0,3,0,0,0,0,1,0,1,0,0,0,2,1,2,1,-2,10.0
2016,251,0,PAMM      ,1.0,1.0,OLY,15,"PRINTEZIS, GEORGIOS",27:49,8,2,6,0,2,4,4,1,6,7,1,0,1,1,0,1,4,13,1.0
2016,251,0,P001255   ,1.0,1.0,OLY,16,"PAPANIKOLAOU, KOSTAS",31:09,7,0,2,2,3,1,2,0,4,4,2,0,1,0,0,3,1,6,2.0
2016,251,0,P003537   ,1.0,1.0,OLY,17,"MANTZARIS, VANGELIS",25:36,8,1,3,2,3,0,0,0,3,3,3,0,4,0,0,4,0,3,-5.0
2016,251,0,Team,0.0,0.0,OLY,,Team,,0,0,0,0,0,0,0,1,4,5,0,0,1,0,0,0,0,4,
2016,251,0,Total,,,OLY,,Total,200:00,60,12,32,9,23,9,13,12,31,43,16,3,18,4,3,19,19,67,
2016,252,1,P007200   ,1.0,1.0,BAS,0,"LARKIN, SHANE",22:15,13,2,5,2,5,3,5,0,2,2,5,1,2,0,2,2,4,11,-1.0
2016,252,1,P007201   ,1.0,0.0,BAS,7,"VOIGTMANN, JOHANNES",23:41,9,2,6,1,3,2,2,2,2,4,1,0,0,1,0,3,2,8,-7.0
2016,252,1,P005099   ,1.0,1.0,BAS,8,"HANGA, ADAM",31:20,13,4,7,1,5,2,4,2,4,6,3,2,5,0,2,2,5,11,-9.0
2016,252,1,P007230   ,0.0,0.0,BAS,9,"SEDEKERSKIS, TADAS",DNP,0,0,0,0,0,0,0,0,0,0,0,0,0,0,0,0,0,0,0.0
2016,252,1,P006590   ,0.0,0.0,BAS,10,"BEAUBOIS, RODRIGUE",14:43,4,1,6,0,0,2,3,0,1,1,4,1,1,1,0,5,4,3,8.0
2016,252,1,P003452   ,0.0,1.0,BAS,11,"BLAZIC, JAKA",11:45,10,3,4,1,2,1,2,0,1,1,0,3,1,0,0,3,2,9,3.0
2016,252,1,P003540   ,0.0,0.0,BAS,12,"DIOP, ILIMANE",13:25,2,1,1,0,0,0,0,0,3,3,0,0,0,1,0,5,0,1,0.0
2016,252,1,P002744   ,1.0,0.0,BAS,14,"TILLIE, KIM",14:45,0,0,2,0,1,0,0,1,2,3,1,0,2,0,2,2,0,-5,-3.0
2016,252,1,P006435   ,0.0,0.0,BAS,15,"LAPROVITTOLA, NICOLAS",12:16,3,0,1,1,2,0,0,0,1,1,3,0,2,0,0,1,1,3,0.0
2016,252,1,P001133   ,0.0,1.0,BAS,23,"SHENGELIA, TORNIKE",25:15,19,3,8,3,3,4,4,4,3,7,1,2,1,1,0,4,3,23,1.0
2016,252,1,P007427   ,1.0,1.0,BAS,34,"BUDINGER, CHASE",25:01,15,5,8,1,3,2,2,5,3,8,1,1,3,0,1,2,2,16,1.0
2016,252,1,P001633   ,0.0,0.0,BAS,55,"LUZ, RAFA",05:34,0,0,0,0,1,0,0,0,1,1,0,1,1,0,0,0,0,0,-3.0
2016,252,1,Team,0.0,0.0,BAS,,Team,,0,0,0,0,0,0,0,3,1,4,0,0,0,0,0,0,0,4,
2016,252,1,Total,,,BAS,,Total,200:00,88,21,48,10,25,16,22,17,24,41,19,11,18,4,7,29,23,84,
2016,252,0,P002100   ,1.0,1.0,CSK,1,"DE COLO, NANDO",29:05,15,4,6,1,5,4,5,0,2,2,5,2,7,0,0,3,5,12,7.0
2016,252,0,P001108   ,0.0,0.0,CSK,3,"KULAGIN, DMITRY",DNP,0,0,0,0,0,0,0,0,0,0,0,0,0,0,0,0,0,0,0.0
2016,252,0,PJDR      ,0.0,1.0,CSK,4,"TEODOSIC, MILOS",14:39,13,2,3,1,3,6,6,0,2,2,4,1,1,0,0,4,4,16,3.0
2016,252,0,P001438   ,0.0,0.0,CSK,5,"AUGUSTINE, JAMES",17:58,8,4,6,0,0,0,0,1,3,4,0,0,0,0,2,2,2,8,5.0
2016,252,0,PLLH      ,0.0,0.0,CSK,7,"FRIDZON, VITALY",09:45,2,0,1,0,0,2,2,0,0,0,0,1,0,0,1,3,1,-1,-9.0
2016,252,0,P003413   ,1.0,0.0,CSK,9,"JACKSON, AARON",26:13,10,3,6,1,2,1,2,0,2,2,1,2,3,1,0,2,2,8,2.0
2016,252,0,P004941   ,0.0,0.0,CSK,11,"ANTONOV, SEMEN",01:58,0,0,0,0,0,0,0,0,0,0,0,0,0,0,0,0,0,0,-3.0
2016,252,0,PLHI      ,1.0,0.0,CSK,20,"VORONTSEVICH, ANDREY",22:14,4,2,3,0,2,0,0,1,6,7,2,1,0,2,0,2,0,11,9.0
2016,252,0,P006450   ,0.0,1.0,CSK,22,"HIGGINS, CORY",29:00,21,7,13,1,2,4,5,0,1,1,1,1,1,0,0,2,7,20,5.0
2016,252,0,PBCQ      ,0.0,0.0,CSK,31,"KHRYAPA, VICTOR",14:38,3,0,1,1,1,0,0,1,4,5,1,0,2,1,0,1,1,7,-6.0
2016,252,0,PJLX      ,1.0,1.0,CSK,41,"KURBANOV, NIKITA",12:28,5,0,1,1,2,2,2,1,1,2,1,0,0,1,1,3,1,4,0.0
2016,252,0,P002812   ,1.0,1.0,CSK,42,"HINES, KYLE",22:02,9,3,5,0,0,3,4,3,4,7,1,0,2,2,0,4,4,14,-3.0
2016,252,0,Team,0.0,0.0,CSK,,Team,,0,0,0,0,0,0,0,1,3,4,0,0,0,0,0,0,0,4,
2016,252,0,Total,,,CSK,,Total,200:00,90,25,45,6,17,22,26,8,28,36,16,8,16,7,4,26,27,103,
2016,253,1,P006661   ,1.0,0.0,DAR,1,"WILBEKIN, SCOTTIE",31:16,14,1,3,2,5,6,6,1,3,4,3,1,3,0,0,5,6,15,-10.0
2016,253,1,P000497   ,0.0,0.0,DAR,4,"YAGMUR, MEHMET",DNP,0,0,0,0,0,0,0,0,0,0,0,0,0,0,0,0,0,0,0.0
2016,253,1,P004170   ,0.0,1.0,DAR,8,"BATUK, BIRKAN",04:30,0,0,0,0,1,0,0,0,0,0,0,0,0,0,1,2,0,-4,-12.0
2016,253,1,P005838   ,1.0,1.0,DAR,11,"WANAMAKER, BRAD",37:47,25,7,10,1,7,8,8,0,4,4,1,1,5,0,1,2,6,20,-12.0
2016,253,1,P004888   ,1.0,0.0,DAR,12,"CLYBURN, WILL",20:17,11,2,4,0,2,7,8,0,1,1,0,0,0,0,0,1,4,10,-17.0
2016,253,1,P001833   ,1.0,0.0,DAR,18,"MOERMAN, ADRIEN",12:54,2,1,3,0,3,0,0,1,5,6,0,2,0,0,0,2,0,3,-5.0
2016,253,1,P003328   ,0.0,0.0,DAR,19,"ALDEMIR, FURKAN",02:10,0,0,0,0,0,0,0,1,0,1,0,0,0,0,0,1,0,0,-1.0
2016,253,1,P005938   ,0.0,1.0,DAR,23,"ANDERSON, JAMES",23:37,10,3,6,1,5,1,1,2,3,5,1,1,2,2,1,3,1,7,6.0
2016,253,1,P004554   ,1.0,1.0,DAR,41,"ZIZIC, ANTE",20:56,6,2,2,0,0,2,3,2,4,6,0,1,0,1,0,2,4,15,-13.0
2016,253,1,P000659   ,0.0,0.0,DAR,44,"SLAUGHTER, MARCUS",12:52,0,0,0,0,0,0,2,0,3,3,1,0,2,0,0,3,2,-1,-2.0
2016,253,1,P000436   ,0.0,1.0,DAR,45,"BERTANS, DAIRIS",28:08,8,0,0,2,4,2,3,0,0,0,1,1,1,0,0,2,1,5,8.0
2016,253,1,P004902   ,0.0,0.0,DAR,81,"HARANGODY, LUKE",05:33,2,1,1,0,0,0,0,0,1,1,0,0,0,0,0,4,1,0,3.0
2016,253,1,Team,0.0,0.0,DAR,,Team,,0,0,0,0,0,0,0,0,0,0,0,0,0,0,0,0,0,0,
2016,253,1,Total,,,DAR,,Total,200:00,78,17,29,6,27,26,31,7,24,31,7,7,13,3,3,27,25,70,
2016,253,0,P005757   ,1.0,1.0,MAD,3,"RANDOLPH, ANTHONY",20:42,15,4,6,1,2,4,4,0,2,2,2,1,0,1,0,2,2,18,-2.0
2016,253,0,P002946   ,0.0,0.0,MAD,4,"DRAPER, DONTAYE",05:32,0,0,1,0,0,0,0,0,0,0,0,0,1,0,0,1,1,-2,-7.0
2016,253,0,PBMT      ,0.0,0.0,MAD,5,"FERNANDEZ, RUDY",19:38,5,1,1,1,2,0,0,0,4,4,3,1,1,0,0,2,1,10,3.0
2016,253,0,PAPR      ,0.0,0.0,MAD,6,"NOCIONI, ANDRES",DNP,0,0,0,0,0,0,0,0,0,0,0,0,0,0,0,0,0,0,0.0
2016,253,0,P005929   ,1.0,1.0,MAD,7,"DONCIC, LUKA",29:45,11,1,1,1,4,6,8,0,5,5,7,1,3,0,0,1,6,21,16.0
2016,253,0,PAAX      ,0.0,0.0,MAD,9,"REYES, FELIPE",03:34,0,0,0,0,0,0,0,0,0,0,0,0,0,0,0,1,1,0,-6.0
2016,253,0,P005927   ,1.0,0.0,MAD,14,"AYON, GUSTAVO",28:34,8,4,5,0,0,0,2,1,7,8,3,0,2,0,0,4,2,12,11.0
2016,253,0,P001960   ,0.0,0.0,MAD,20,"CARROLL, JAYCEE",13:50,12,2,6,1,1,5,5,0,0,0,0,0,1,0,1,4,2,4,8.0
2016,253,0,P005160   ,0.0,0.0,MAD,21,"HUNTER, OTHELLO",05:37,1,0,1,0,0,1,2,0,1,1,0,1,0,0,0,2,1,0,6.0
2016,253,0,PTGB      ,1.0,1.0,MAD,23,"LLULL, SERGIO",33:36,17,4,7,1,5,6,6,0,1,1,5,1,3,0,1,1,6,18,3.0
2016,253,0,P005836   ,0.0,1.0,MAD,33,"THOMPKINS, TREY",21:33,15,6,9,0,1,3,4,1,2,3,1,1,0,2,1,3,4,17,13.0
2016,253,0,P006546   ,1.0,1.0,MAD,44,"TAYLOR, JEFFERY",17:39,5,1,1,1,1,0,0,0,2,2,0,0,1,0,0,4,0,2,10.0
2016,253,0,Team,0.0,0.0,MAD,,Team,,0,0,0,0,0,0,0,3,2,5,0,0,1,0,0,0,0,4,
2016,253,0,Total,,,MAD,,Total,200:00,89,23,38,6,16,25,31,5,26,31,21,6,13,3,3,25,26,104,
2016,255,1,P005094   ,0.0,0.0,IST,1,"THOMAS, DESHAUN",10:00,2,1,2,0,2,0,0,1,1,2,1,0,0,0,0,0,2,4,-2.0
2016,255,1,P005800   ,0.0,0.0,IST,2,"HONEYCUTT, TYLER",19:58,4,1,3,0,1,2,6,1,6,7,0,0,3,1,0,1,4,5,-13.0
2016,255,1,P003521   ,1.0,0.0,IST,4,"BALBAY, DOGUS",13:49,3,0,1,1,1,0,0,0,1,1,1,0,2,1,1,3,1,0,-5.0
2016,255,1,P004425   ,1.0,1.0,IST,5,"BROWN, DERRICK",27:16,9,3,5,1,4,0,0,0,2,2,1,2,1,0,1,1,0,6,-10.0
2016,255,1,P004088   ,1.0,1.0,IST,6,"OSMAN, CEDI",26:02,8,3,4,0,4,2,2,2,5,7,0,0,0,0,0,3,2,9,-3.0
2016,255,1,P007122   ,0.0,0.0,IST,9,"GEYIK, SAMET",DNP,0,0,0,0,0,0,0,0,0,0,0,0,0,0,0,0,0,0,0.0
2016,255,1,P003024   ,1.0,1.0,IST,15,"GRANGER, JAYSON",28:42,17,6,11,1,3,2,3,2,6,8,2,1,3,0,1,4,5,17,-8.0
2016,255,1,PKLT      ,0.0,1.0,IST,31,"HEURTEL, THOMAS",22:23,6,3,5,0,3,0,0,0,0,0,5,1,2,0,0,2,1,4,-9.0
2016,255,1,PLQV      ,0.0,0.0,IST,32,"MUTAF, MAXIM",DNP,0,0,0,0,0,0,0,0,0,0,0,0,0,0,0,0,0,0,0.0
2016,255,1,P004945   ,0.0,0.0,IST,33,"PAUL, BRANDON",09:06,4,0,0,0,1,4,4,0,1,1,0,0,0,0,0,2,4,6,2.0
2016,255,1,P003048   ,1.0,1.0,IST,42,"DUNSTON, BRYANT",33:56,7,2,9,0,0,3,6,8,3,11,3,0,2,3,1,3,3,11,-9.0
2016,255,1,P007616   ,0.0,0.0,IST,53,"KIRK, ALEX",08:48,2,1,2,0,0,0,0,0,1,1,0,0,1,0,0,1,1,1,-3.0
2016,255,1,Team,0.0,0.0,IST,,Team,,0,0,0,0,0,0,0,1,2,3,0,0,0,0,0,0,0,3,
2016,255,1,Total,,,IST,,Total,200:00,62,20,42,3,19,13,21,15,28,43,13,4,14,5,4,20,23,66,
2016,255,0,P005159   ,0.0,1.0,OLY,1,"GREEN, ERICK",25:20,10,3,5,1,6,1,1,0,0,0,1,0,0,0,1,2,3,4,13.0
2016,255,0,P007182   ,1.0,1.0,OLY,2,"BIRCH, KHEM",24:05,9,4,6,0,0,1,2,0,3,3,0,1,1,2,0,1,1,11,5.0
2016,255,0,P005984   ,0.0,0.0,OLY,4,"YOUNG, PATRIC",12:47,4,2,3,0,0,0,0,1,6,7,0,0,2,0,0,1,2,9,7.0
2016,255,0,P004292   ,0.0,0.0,OLY,5,"TOLIOPOULOS, VASSILIS",DNP,0,0,0,0,0,0,0,0,0,0,0,0,0,0,0,0,0,0,0.0
2016,255,0,P005161   ,0.0,0.0,OLY,6,"PAPAPETROU, IOANNIS",15:06,6,0,2,2,2,0,0,0,5,5,0,0,1,0,0,3,0,5,-3.0
2016,255,0,PJUO      ,1.0,1.0,OLY,7,"SPANOULIS, VASSILIS",28:40,18,1,2,5,11,1,3,0,1,1,4,1,1,0,2,2,7,17,5.0
2016,255,0,P004223   ,0.0,0.0,OLY,9,"WATERS, DOMINIC",08:56,3,1,3,0,0,1,1,0,1,1,2,0,1,0,0,3,1,1,7.0
2016,255,0,P004429   ,0.0,0.0,OLY,10,"AGRAVANIS, DIMITRIOS",14:34,2,0,1,0,0,2,2,1,0,1,0,1,0,1,0,0,1,5,7.0
2016,255,0,P003941   ,0.0,0.0,OLY,11,"MILUTINOV, NIKOLA",03:08,0,0,0,0,0,0,0,0,0,0,0,0,1,1,0,2,1,-1,0.0
2016,255,0,PAMM      ,1.0,1.0,OLY,15,"PRINTEZIS, GEORGIOS",25:26,11,3,6,1,2,2,4,1,2,3,0,0,0,0,1,0,3,10,5.0
2016,255,0,P001255   ,1.0,0.0,OLY,16,"PAPANIKOLAOU, KOSTAS",26:24,8,1,2,2,4,0,0,0,6,6,2,2,0,0,1,5,1,10,16.0
2016,255,0,P003537   ,1.0,1.0,OLY,17,"MANTZARIS, VANGELIS",15:34,3,0,1,1,1,0,0,0,2,2,5,1,2,0,0,4,0,4,-2.0
2016,255,0,Team,0.0,0.0,OLY,,Team,,0,0,0,0,0,0,0,1,0,1,0,0,1,0,0,0,0,0,
2016,255,0,Total,,,OLY,,Total,200:00,74,15,31,12,26,8,13,4,26,30,14,6,10,4,5,23,20,75,
2016,259,1,P005159   ,0.0,1.0,OLY,1,"GREEN, ERICK",20:35,10,3,6,1,2,1,1,1,2,3,1,1,0,0,0,2,2,11,-12.0
2016,259,1,P007182   ,1.0,1.0,OLY,2,"BIRCH, KHEM",19:14,9,4,5,0,0,1,2,3,8,11,0,0,2,1,1,3,1,14,9.0
2016,259,1,P005984   ,0.0,0.0,OLY,4,"YOUNG, PATRIC",02:46,3,1,1,0,0,1,3,0,0,0,0,0,0,1,0,0,2,4,-3.0
2016,259,1,P004292   ,0.0,0.0,OLY,5,"TOLIOPOULOS, VASSILIS",DNP,0,0,0,0,0,0,0,0,0,0,0,0,0,0,0,0,0,0,0.0
2016,259,1,P005161   ,0.0,0.0,OLY,6,"PAPAPETROU, IOANNIS",12:59,8,1,1,2,3,0,0,0,2,2,1,1,0,0,0,3,1,9,6.0
2016,259,1,PJUO      ,1.0,1.0,OLY,7,"SPANOULIS, VASSILIS",32:42,22,4,6,2,7,8,11,0,0,0,6,1,4,0,0,3,10,22,8.0
2016,259,1,P004223   ,0.0,0.0,OLY,9,"WATERS, DOMINIC",04:03,0,0,1,0,0,0,0,0,0,0,0,0,1,0,0,2,0,-4,-2.0
2016,259,1,P004429   ,0.0,0.0,OLY,10,"AGRAVANIS, DIMITRIOS",10:57,1,0,1,0,0,1,2,0,4,4,0,0,0,0,0,0,2,5,-5.0
2016,259,1,P003941   ,0.0,0.0,OLY,11,"MILUTINOV, NIKOLA",17:53,8,2,3,0,0,4,4,2,1,3,0,0,2,1,1,2,3,9,2.0
2016,259,1,PAMM      ,1.0,1.0,OLY,15,"PRINTEZIS, GEORGIOS",29:03,14,3,10,1,2,5,6,1,1,2,0,1,0,0,1,2,5,10,14.0
2016,259,1,P001255   ,1.0,0.0,OLY,16,"PAPANIKOLAOU, KOSTAS",26:17,8,4,5,0,2,0,0,2,3,5,3,1,0,0,0,5,0,9,10.0
2016,259,1,P003537   ,1.0,1.0,OLY,17,"MANTZARIS, VANGELIS",23:31,4,2,4,0,3,0,0,0,5,5,4,1,1,0,0,2,2,8,18.0
2016,259,1,Team,0.0,0.0,OLY,,Team,,0,0,0,0,0,0,0,1,4,5,0,0,0,0,0,0,0,5,
2016,259,1,Total,,,OLY,,Total,200:00,87,24,43,6,19,21,29,10,30,40,15,6,10,3,3,24,28,102,
2016,259,0,P005094   ,0.0,1.0,IST,1,"THOMAS, DESHAUN",20:35,10,2,2,2,3,0,0,0,2,2,0,0,0,0,0,1,2,12,-1.0
2016,259,0,P005800   ,0.0,1.0,IST,2,"HONEYCUTT, TYLER",29:00,10,0,4,2,2,4,6,1,9,10,1,0,3,0,0,1,4,15,-5.0
2016,259,0,P003521   ,1.0,0.0,IST,4,"BALBAY, DOGUS",03:19,0,0,0,0,1,0,0,0,0,0,1,0,0,0,0,0,0,0,-4.0
2016,259,0,P004425   ,1.0,1.0,IST,5,"BROWN, DERRICK",27:18,10,5,8,0,1,0,4,1,4,5,1,0,0,0,0,4,2,6,-11.0
2016,259,0,P004088   ,1.0,0.0,IST,6,"OSMAN, CEDI",21:42,11,4,6,1,4,0,0,1,2,3,2,1,0,0,0,3,2,11,0.0
2016,259,0,P007122   ,0.0,0.0,IST,9,"GEYIK, SAMET",DNP,0,0,0,0,0,0,0,0,0,0,0,0,0,0,0,0,0,0,0.0
2016,259,0,P003024   ,1.0,0.0,IST,15,"GRANGER, JAYSON",23:24,10,3,8,0,1,4,4,0,1,1,2,1,0,0,1,2,5,10,-16.0
2016,259,0,PKLT      ,0.0,1.0,IST,31,"HEURTEL, THOMAS",26:19,10,4,10,0,3,2,2,0,0,0,6,0,5,0,2,3,2,-1,-6.0
2016,259,0,PLQV      ,0.0,0.0,IST,32,"MUTAF, MAXIM",DNP,0,0,0,0,0,0,0,0,0,0,0,0,0,0,0,0,0,0,0.0
2016,259,0,P004945   ,0.0,1.0,IST,33,"PAUL, BRANDON",16:16,9,0,3,3,5,0,0,0,0,0,0,0,0,0,0,4,2,2,4.0
2016,259,0,P003048   ,1.0,0.0,IST,42,"DUNSTON, BRYANT",15:47,4,1,3,0,0,2,3,0,1,1,0,0,0,1,0,5,3,1,-7.0
2016,259,0,P007616   ,0.0,0.0,IST,53,"KIRK, ALEX",16:20,4,0,1,0,0,4,4,5,2,7,0,0,1,2,0,5,2,8,1.0
2016,259,0,Team,0.0,0.0,IST,,Team,,0,0,0,0,0,0,0,1,2,3,0,0,1,0,0,0,0,2,
2016,259,0,Total,,,IST,,Total,200:00,78,19,45,8,20,16,23,9,23,32,13,2,10,3,3,28,24,66,
2016,260,1,P006503   ,1.0,1.0,ULK,8,"UDOH, EKPE",38:32,18,8,12,0,0,2,2,4,8,12,8,1,3,2,0,2,4,36,11.0
2016,260,1,P002969   ,0.0,0.0,ULK,10,"MAHMUTOGLU, MELIH",DNP,0,0,0,0,0,0,0,0,0,0,0,0,0,0,0,0,0,0,0.0
2016,260,1,PBAE      ,0.0,0.0,ULK,12,"ANTIC, PERO",DNP,0,0,0,0,0,0,0,0,0,0,0,0,0,0,0,0,0,0,0.0
2016,260,1,P002821   ,1.0,1.0,ULK,13,"BOGDANOVIC, BOGDAN",31:03,14,2,3,2,5,4,4,1,5,6,1,1,6,0,0,4,6,14,7.0
2016,260,1,P007615   ,0.0,0.0,ULK,15,"BENNETT, ANTHONY",DNP,0,0,0,0,0,0,0,0,0,0,0,0,0,0,0,0,0,0,0.0
2016,260,1,P001926   ,0.0,0.0,ULK,16,"SLOUKAS, KOSTAS",18:55,9,4,7,0,1,1,2,1,2,3,1,1,2,0,1,2,1,5,-4.0
2016,260,1,P007400   ,0.0,1.0,ULK,21,"NUNNALLY, JAMES",14:35,2,1,1,0,1,0,0,0,1,1,2,0,0,0,0,1,0,3,3.0
2016,260,1,P000925   ,1.0,1.0,ULK,24,"VESELY, JAN",28:13,12,5,9,0,0,2,2,1,2,3,3,1,2,0,0,4,3,12,11.0
2016,260,1,P004866   ,1.0,1.0,ULK,33,"KALINIC, NIKOLA",38:34,12,1,2,2,5,4,4,2,4,6,6,4,1,1,0,2,2,24,11.0
2016,260,1,P001324   ,1.0,0.0,ULK,35,"DIXON, BOBBY",17:03,9,0,1,2,4,3,4,0,1,1,3,0,2,0,0,4,2,5,10.0
2016,260,1,P006399   ,0.0,0.0,ULK,44,"DUVERIOGLU, AHMET",DNP,0,0,0,0,0,0,0,0,0,0,0,0,0,0,0,0,0,0,0.0
2016,260,1,PCCD      ,0.0,0.0,ULK,70,"DATOME, LUIGI",13:05,8,1,2,1,3,3,3,0,1,1,0,0,0,0,0,3,5,8,-4.0
2016,260,1,Team,0.0,0.0,ULK,,Team,,0,0,0,0,0,0,0,0,1,1,0,0,0,0,0,0,0,1,
2016,260,1,Total,,,ULK,,Total,200:00,84,22,37,7,19,19,21,9,25,34,24,8,16,3,1,22,23,108,
2016,260,0,P005757   ,1.0,0.0,MAD,3,"RANDOLPH, ANTHONY",24:28,7,2,3,1,2,0,0,1,1,2,0,2,2,0,0,5,0,2,4.0
2016,260,0,P002946   ,0.0,1.0,MAD,4,"DRAPER, DONTAYE",08:13,0,0,1,0,0,0,0,0,0,0,1,0,2,0,0,1,0,-3,-6.0
2016,260,0,PBMT      ,0.0,0.0,MAD,5,"FERNANDEZ, RUDY",12:17,0,0,1,0,2,0,0,1,0,1,0,2,2,0,0,3,2,-3,-7.0
2016,260,0,P005929   ,1.0,1.0,MAD,7,"DONCIC, LUKA",17:19,0,0,3,0,3,0,0,0,2,2,3,0,3,0,1,1,1,-5,-6.0
2016,260,0,PJCC      ,1.0,0.0,MAD,8,"MACIULIS, JONAS",05:06,0,0,0,0,0,0,0,0,0,0,1,0,1,0,0,0,0,0,-7.0
2016,260,0,PAAX      ,0.0,0.0,MAD,9,"REYES, FELIPE",DNP,0,0,0,0,0,0,0,0,0,0,0,0,0,0,0,0,0,0,0.0
2016,260,0,P005927   ,1.0,0.0,MAD,14,"AYON, GUSTAVO",17:04,2,1,5,0,0,0,0,2,2,4,0,1,1,0,1,2,0,-1,-12.0
2016,260,0,P001960   ,0.0,1.0,MAD,20,"CARROLL, JAYCEE",22:04,21,2,4,5,7,2,2,0,1,1,0,1,1,0,0,2,3,19,4.0
2016,260,0,P005160   ,0.0,0.0,MAD,21,"HUNTER, OTHELLO",16:23,6,2,3,0,0,2,2,1,6,7,0,0,0,1,0,2,2,13,-6.0
2016,260,0,PTGB      ,1.0,0.0,MAD,23,"LLULL, SERGIO",36:16,28,6,8,2,7,10,13,0,1,1,8,0,4,0,0,3,12,32,-6.0
2016,260,0,P005836   ,0.0,1.0,MAD,33,"THOMPKINS, TREY",21:48,8,0,1,2,3,2,2,0,3,3,0,0,0,0,0,0,2,11,-1.0
2016,260,0,P006546   ,0.0,1.0,MAD,44,"TAYLOR, JEFFERY",19:02,3,0,2,1,2,0,0,0,0,0,1,1,0,0,1,4,0,-3,-2.0
2016,260,0,Team,0.0,0.0,MAD,,Team,,0,0,0,0,0,0,0,4,3,7,0,0,0,0,0,0,0,7,
2016,260,0,Total,,,MAD,,Total,200:00,75,13,31,11,26,16,19,9,19,28,14,7,16,1,3,23,22,69,
2016,261,1,P002100   ,1.0,1.0,CSK,1,"DE COLO, NANDO",32:51,16,5,11,0,3,6,6,0,1,1,3,1,1,0,0,4,5,12,-13.0
2016,261,1,PJDR      ,0.0,0.0,CSK,4,"TEODOSIC, MILOS",21:49,23,2,5,4,8,7,9,0,2,2,1,1,3,0,1,1,4,17,-7.0
2016,261,1,P001438   ,0.0,0.0,CSK,5,"AUGUSTINE, JAMES",16:01,6,3,6,0,0,0,2,4,2,6,0,1,0,0,1,2,2,7,-2.0
2016,261,1,PLLH      ,0.0,0.0,CSK,7,"FRIDZON, VITALY",04:45,0,0,0,0,0,0,0,0,0,0,0,0,0,0,0,1,1,0,10.0
2016,261,1,P003413   ,1.0,0.0,CSK,9,"JACKSON, AARON",25:26,12,1,3,2,2,4,4,0,0,0,1,1,1,0,0,4,4,11,3.0
2016,261,1,P004941   ,0.0,0.0,CSK,11,"ANTONOV, SEMEN",DNP,0,0,0,0,0,0,0,0,0,0,0,0,0,0,0,0,0,0,0.0
2016,261,1,PLOO      ,0.0,0.0,CSK,19,"FREELAND, JOEL",DNP,0,0,0,0,0,0,0,0,0,0,0,0,0,0,0,0,0,0,0.0
2016,261,1,PLHI      ,1.0,0.0,CSK,20,"VORONTSEVICH, ANDREY",18:49,2,1,1,0,1,0,0,1,3,4,0,0,0,0,0,3,0,2,1.0
2016,261,1,P006450   ,0.0,1.0,CSK,22,"HIGGINS, CORY",23:21,6,1,4,0,0,4,5,2,4,6,0,1,4,1,0,3,3,6,1.0
2016,261,1,PBCQ      ,0.0,1.0,CSK,31,"KHRYAPA, VICTOR",21:13,3,0,1,0,1,3,4,0,8,8,2,1,0,0,0,1,4,14,-4.0
2016,261,1,PJLX      ,1.0,1.0,CSK,41,"KURBANOV, NIKITA",11:46,2,0,2,0,1,2,2,2,0,2,0,0,0,0,1,3,2,-1,-7.0
2016,261,1,P002812   ,1.0,1.0,CSK,42,"HINES, KYLE",23:59,8,3,5,0,0,2,2,0,3,3,0,0,1,2,0,2,1,9,-2.0
2016,261,1,Team,0.0,0.0,CSK,,Team,,0,0,0,0,0,0,0,1,2,3,0,0,0,0,0,0,0,3,
2016,261,1,Total,,,CSK,,Total,200:00,78,16,38,6,16,28,34,10,25,35,7,6,10,3,3,24,26,80,
2016,261,0,P005159   ,0.0,1.0,OLY,1,"GREEN, ERICK",19:36,8,0,5,2,3,2,2,1,0,1,0,0,1,0,0,2,2,2,10.0
2016,261,0,P007182   ,0.0,0.0,OLY,2,"BIRCH, KHEM",16:43,4,2,3,0,0,0,0,2,2,4,0,0,0,2,1,2,0,6,0.0
2016,261,0,P005984   ,0.0,0.0,OLY,4,"YOUNG, PATRIC",08:04,0,0,1,0,0,0,0,0,1,1,0,1,0,1,0,1,1,2,-5.0
2016,261,0,P004292   ,0.0,0.0,OLY,5,"TOLIOPOULOS, VASSILIS",DNP,0,0,0,0,0,0,0,0,0,0,0,0,0,0,0,0,0,0,0.0
2016,261,0,P005161   ,0.0,0.0,OLY,6,"PAPAPETROU, IOANNIS",13:49,3,1,4,0,2,1,2,2,0,2,2,1,0,0,0,2,3,3,-3.0
2016,261,0,PJUO      ,1.0,1.0,OLY,7,"SPANOULIS, VASSILIS",28:40,14,3,4,1,6,5,6,0,1,1,6,0,3,0,1,3,6,13,-4.0
2016,261,0,P004223   ,0.0,0.0,OLY,9,"WATERS, DOMINIC",DNP,0,0,0,0,0,0,0,0,0,0,0,0,0,0,0,0,0,0,0.0
2016,261,0,P004429   ,0.0,0.0,OLY,10,"AGRAVANIS, DIMITRIOS",14:59,8,0,0,2,4,2,3,3,4,7,0,0,2,0,0,4,1,7,6.0
2016,261,0,P003941   ,1.0,0.0,OLY,11,"MILUTINOV, NIKOLA",13:04,5,2,2,0,0,1,2,1,1,2,2,0,3,0,0,3,3,5,5.0
2016,261,0,PAMM      ,1.0,1.0,OLY,15,"PRINTEZIS, GEORGIOS",27:03,14,2,8,1,2,7,8,4,3,7,1,0,1,0,0,4,6,15,1.0
2016,261,0,P001255   ,1.0,1.0,OLY,16,"PAPANIKOLAOU, KOSTAS",24:38,14,1,5,4,7,0,0,4,5,9,1,0,1,0,1,3,1,13,5.0
2016,261,0,P003537   ,1.0,1.0,OLY,17,"MANTZARIS, VANGELIS",33:24,12,0,3,4,9,0,0,1,5,6,3,0,1,0,0,2,1,11,5.0
2016,261,0,Team,0.0,0.0,OLY,,Team,,0,0,0,0,0,0,0,1,2,3,0,0,1,0,0,0,0,2,
2016,261,0,Total,,,OLY,,Total,200:00,82,11,35,14,33,18,23,19,24,43,15,2,13,3,3,26,24,79,
2016,262,1,P005757   ,1.0,0.0,MAD,3,"RANDOLPH, ANTHONY",12:41,4,2,2,0,1,0,0,0,3,3,0,0,1,1,0,1,1,6,-4.0
2016,262,1,P002946   ,0.0,0.0,MAD,4,"DRAPER, DONTAYE",07:28,5,1,1,1,3,0,0,0,0,0,0,0,0,0,0,1,0,2,-8.0
2016,262,1,PBMT      ,0.0,0.0,MAD,5,"FERNANDEZ, RUDY",18:25,4,0,0,1,4,1,2,0,0,0,2,1,1,0,0,3,2,1,-12.0
2016,262,1,PAPR      ,0.0,1.0,MAD,6,"NOCIONI, ANDRES",11:37,4,1,2,0,3,2,3,0,3,3,1,0,0,0,0,2,2,3,-12.0
2016,262,1,P005929   ,0.0,1.0,MAD,7,"DONCIC, LUKA",20:50,6,0,1,0,2,6,6,0,4,4,2,0,3,0,0,1,4,9,-20.0
2016,262,1,PJCC      ,1.0,1.0,MAD,8,"MACIULIS, JONAS",19:47,11,3,4,0,2,5,7,2,1,3,1,1,0,0,0,3,5,13,-13.0
2016,262,1,PAAX      ,0.0,0.0,MAD,9,"REYES, FELIPE",11:06,5,2,4,0,0,1,1,1,1,2,1,0,1,0,0,2,4,7,-3.0
2016,262,1,P005927   ,1.0,1.0,MAD,14,"AYON, GUSTAVO",28:54,11,4,7,0,0,3,6,2,4,6,3,1,4,1,0,2,6,16,-21.0
2016,262,1,P001960   ,0.0,0.0,MAD,20,"CARROLL, JAYCEE",14:30,3,0,1,1,4,0,0,0,0,0,1,0,1,0,0,2,1,-2,-11.0
2016,262,1,PTGB      ,1.0,0.0,MAD,23,"LLULL, SERGIO",22:27,7,1,5,1,3,2,2,0,0,0,4,0,1,0,2,2,2,2,-5.0
2016,262,1,P005836   ,0.0,0.0,MAD,33,"THOMPKINS, TREY",15:42,2,1,3,0,1,0,0,1,1,2,0,1,0,0,0,2,0,0,-8.0
2016,262,1,P006546   ,1.0,1.0,MAD,44,"TAYLOR, JEFFERY",16:33,8,1,1,2,3,0,0,0,1,1,0,0,1,0,0,3,1,5,-3.0
2016,262,1,Team,0.0,0.0,MAD,,Team,,0,0,0,0,0,0,0,4,3,7,0,0,0,0,0,0,0,7,
2016,262,1,Total,,,MAD,,Total,200:00,70,16,31,6,26,20,27,10,21,31,15,4,13,2,2,24,28,69,
2016,262,0,P002100   ,1.0,0.0,CSK,1,"DE COLO, NANDO",22:55,13,3,8,1,4,4,4,1,3,4,4,1,3,0,1,3,4,11,2.0
2016,262,0,PJDR      ,0.0,0.0,CSK,4,"TEODOSIC, MILOS",12:53,7,1,2,1,2,2,4,0,1,1,6,0,1,0,0,2,2,9,12.0
2016,262,0,P001438   ,0.0,0.0,CSK,5,"AUGUSTINE, JAMES",12:04,4,2,2,0,0,0,0,0,3,3,0,1,0,0,0,3,0,5,9.0
2016,262,0,PLLH      ,0.0,0.0,CSK,7,"FRIDZON, VITALY",23:16,12,2,5,2,3,2,2,0,3,3,2,1,2,0,0,3,1,10,18.0
2016,262,0,P003413   ,1.0,1.0,CSK,9,"JACKSON, AARON",21:18,13,2,2,3,5,0,0,0,2,2,5,0,4,1,0,1,1,15,12.0
2016,262,0,P004941   ,0.0,0.0,CSK,11,"ANTONOV, SEMEN",15:05,3,0,0,1,3,0,0,1,0,1,0,0,0,0,0,2,3,3,14.0
2016,262,0,PLOO      ,0.0,0.0,CSK,19,"FREELAND, JOEL",03:15,1,0,0,0,0,1,2,0,2,2,0,0,0,0,0,1,1,2,-7.0
2016,262,0,PLHI      ,1.0,1.0,CSK,20,"VORONTSEVICH, ANDREY",24:55,10,2,4,2,5,0,0,1,5,6,0,1,0,0,0,2,3,13,10.0
2016,262,0,P006450   ,0.0,0.0,CSK,22,"HIGGINS, CORY",21:31,12,3,4,1,1,3,4,0,3,3,3,1,1,0,0,3,5,18,18.0
2016,262,0,P002276   ,0.0,1.0,CSK,30,"KULAGIN, MIKHAIL",01:23,3,0,0,1,1,0,0,0,0,0,0,0,0,0,0,1,0,2,4.0
2016,262,0,PJLX      ,1.0,1.0,CSK,41,"KURBANOV, NIKITA",16:44,2,0,1,0,2,2,2,0,0,0,0,0,0,1,0,4,2,-2,6.0
2016,262,0,P002812   ,1.0,1.0,CSK,42,"HINES, KYLE",24:41,14,5,7,0,0,4,4,4,3,7,1,0,0,0,1,3,2,18,22.0
2016,262,0,Team,0.0,0.0,CSK,,Team,,0,0,0,0,0,0,0,3,2,5,0,0,0,0,0,0,0,5,
2016,262,0,Total,,,CSK,,Total,200:00,94,20,35,12,26,18,22,10,27,37,21,5,11,2,2,28,24,109,
2016,263,1,P006503   ,1.0,0.0,ULK,8,"UDOH, EKPE",36:35,10,1,2,0,0,8,10,4,5,9,4,0,0,5,0,2,6,29,17.0
2016,263,1,P002969   ,0.0,1.0,ULK,10,"MAHMUTOGLU, MELIH",01:12,0,0,0,0,0,0,0,0,0,0,0,0,0,0,0,0,0,0,-3.0
2016,263,1,PBAE      ,0.0,0.0,ULK,12,"ANTIC, PERO",08:06,4,0,2,1,2,1,2,0,1,1,1,0,0,0,1,1,1,1,10.0
2016,263,1,P002821   ,1.0,0.0,ULK,13,"BOGDANOVIC, BOGDAN",25:35,17,4,8,3,7,0,0,0,5,5,1,1,2,0,0,3,2,13,19.0
2016,263,1,P007615   ,0.0,1.0,ULK,15,"BENNETT, ANTHONY",01:12,0,0,0,0,0,0,0,0,0,0,0,0,0,0,0,0,0,0,-3.0
2016,263,1,P001926   ,0.0,1.0,ULK,16,"SLOUKAS, KOSTAS",24:22,3,0,2,1,2,0,0,0,1,1,5,0,1,0,1,2,1,3,10.0
2016,263,1,P007400   ,0.0,0.0,ULK,21,"NUNNALLY, JAMES",16:05,2,1,3,0,0,0,0,0,1,1,0,0,0,1,0,2,0,0,-2.0
2016,263,1,P000925   ,1.0,0.0,ULK,24,"VESELY, JAN",22:33,8,3,7,0,0,2,2,4,4,8,2,0,0,1,0,3,3,15,13.0
2016,263,1,P004866   ,1.0,0.0,ULK,33,"KALINIC, NIKOLA",28:06,17,2,2,4,6,1,1,1,4,5,5,0,1,1,0,3,2,24,8.0
2016,263,1,P001324   ,1.0,0.0,ULK,35,"DIXON, BOBBY",13:08,8,1,2,2,6,0,0,1,1,2,2,0,0,0,0,1,0,6,6.0
2016,263,1,P006399   ,0.0,1.0,ULK,44,"DUVERIOGLU, AHMET",01:12,0,0,0,0,0,0,0,0,0,0,0,0,0,1,0,0,0,1,-3.0
2016,263,1,PCCD      ,0.0,1.0,ULK,70,"DATOME, LUIGI",21:54,11,1,3,2,2,3,4,1,5,6,0,1,3,0,0,1,4,15,8.0
2016,263,1,Team,0.0,0.0,ULK,,Team,,0,0,0,0,0,0,0,0,2,2,0,0,1,0,0,0,0,1,
2016,263,1,Total,,,ULK,,Total,200:00,80,13,31,13,25,15,19,11,29,40,20,2,8,9,2,18,19,108,
2016,263,0,P005159   ,0.0,1.0,OLY,1,"GREEN, ERICK",19:47,7,2,4,1,3,0,0,0,4,4,0,0,0,0,1,0,2,8,-7.0
2016,263,0,P007182   ,1.0,0.0,OLY,2,"BIRCH, KHEM",18:20,14,4,4,0,0,6,8,0,0,0,0,0,1,0,0,0,5,16,-7.0
2016,263,0,P005984   ,0.0,0.0,OLY,4,"YOUNG, PATRIC",03:08,0,0,1,0,0,0,0,0,0,0,0,0,0,1,0,1,0,-1,-5.0
2016,263,0,P004292   ,0.0,1.0,OLY,5,"TOLIOPOULOS, VASSILIS",01:25,3,0,1,1,2,0,0,0,0,0,0,0,0,0,1,0,0,0,3.0
2016,263,0,P005161   ,0.0,1.0,OLY,6,"PAPAPETROU, IOANNIS",12:06,0,0,1,0,1,0,0,0,2,2,0,0,0,0,0,2,0,-2,-9.0
2016,263,0,PJUO      ,1.0,0.0,OLY,7,"SPANOULIS, VASSILIS",30:55,9,0,5,2,7,3,3,1,1,2,8,2,2,0,3,3,2,5,-12.0
2016,263,0,P004223   ,0.0,1.0,OLY,9,"WATERS, DOMINIC",06:02,2,1,2,0,0,0,0,1,0,1,1,0,1,0,0,1,0,1,5.0
2016,263,0,P004429   ,0.0,1.0,OLY,10,"AGRAVANIS, DIMITRIOS",13:18,0,0,0,0,3,0,0,0,3,3,1,2,0,0,0,4,1,0,-5.0
2016,263,0,P003941   ,0.0,0.0,OLY,11,"MILUTINOV, NIKOLA",13:18,10,5,5,0,0,0,1,2,2,4,1,1,0,0,0,3,1,13,-7.0
2016,263,0,PAMM      ,1.0,0.0,OLY,15,"PRINTEZIS, GEORGIOS",26:42,7,2,7,1,2,0,0,0,1,1,1,1,1,1,0,2,3,5,-11.0
2016,263,0,P001255   ,1.0,0.0,OLY,16,"PAPANIKOLAOU, KOSTAS",29:51,3,0,4,1,5,0,0,2,3,5,3,1,0,0,4,2,1,-1,-12.0
2016,263,0,P003537   ,1.0,0.0,OLY,17,"MANTZARIS, VANGELIS",25:08,9,0,1,3,3,0,0,0,1,1,3,0,0,0,0,2,2,12,-13.0
2016,263,0,Team,0.0,0.0,OLY,,Team,,0,0,0,0,0,0,0,4,3,7,0,0,1,0,0,0,0,6,
2016,263,0,Total,,,OLY,,Total,200:00,64,14,35,9,26,9,12,10,20,30,18,7,6,2,9,20,17,62,
