Season,Gamecode,Home,Player_ID,IsStarter,IsPlaying,Team,Dorsal,Player,Minutes,Points,FieldGoalsMade2,FieldGoalsAttempted2,FieldGoalsMade3,FieldGoalsAttempted3,FreeThrowsMade,FreeThrowsAttempted,OffensiveRebounds,DefensiveRebounds,TotalRebounds,Assistances,Steals,Turnovers,BlocksFavour,BlocksAgainst,FoulsCommited,FoulsReceived,Valuation,Plusminus
2019,1,1,PKVZ      ,1.0,1.0,KHI,1,"SHVED, ALEXEY",29:19,22,4,7,2,10,8,10,0,2,2,6,0,3,1,0,1,5,19,-2.0
2019,1,1,P007056   ,1.0,0.0,KHI,5,"BOOKER, DEVIN",19:21,4,1,4,0,0,2,2,3,3,6,0,2,1,0,0,2,1,7,-12.0
2019,1,1,P005718   ,1.0,0.0,KHI,6,"TIMMA, JANIS",34:53,17,1,3,5,12,0,0,1,3,4,1,4,1,0,0,5,2,13,0.0
2019,1,1,P001792   ,0.0,1.0,KHI,8,"ZAYTSEV, VYACHESLAV",10:23,0,0,0,0,0,0,0,1,1,2,2,1,1,0,0,2,1,3,1.0
2019,1,1,PBGV      ,0.0,0.0,KHI,9,"VIALTSEV, EGOR",04:58,0,0,0,0,0,0,0,0,0,0,1,0,0,0,0,2,0,-1,6.0
2019,1,1,P005909   ,0.0,0.0,KHI,10,"DESIATNIKOV, ANDREI",DNP,0,0,0,0,0,0,0,0,0,0,0,0,0,0,0,0,0,0,0.0
2019,1,1,P009748   ,1.0,1.0,KHI,11,"JEREBKO, JONAS",24:29,14,2,7,2,5,4,6,1,6,7,0,2,1,0,2,2,3,11,6.0
2019,1,1,PBFX      ,0.0,1.0,KHI,12,"MONIA, SERGEY",19:12,6,0,0,2,2,0,0,0,2,2,0,1,0,0,0,1,0,8,14.0
2019,1,1,P008001   ,0.0,0.0,KHI,13,"GILL, ANTHONY",23:37,18,2,6,3,3,5,6,3,3,6,4,0,0,0,1,5,5,22,15.0
2019,1,1,P004863   ,1.0,0.0,KHI,24,"JOVIC, STEFAN",17:00,0,0,0,0,2,0,0,1,0,1,4,0,1,0,0,1,2,3,1.0
2019,1,1,P007432   ,0.0,1.0,KHI,40,"EVANS, JEREMY",16:48,8,3,5,0,1,2,3,3,3,6,0,0,1,0,0,4,2,7,1.0
2019,1,1,Team,0.0,0.0,KHI,,Team,,0,0,0,0,0,0,0,0,2,2,0,0,1,0,0,0,0,1,
2019,1,1,Total,,,KHI,,Total,200:00,89,13,32,14,35,21,27,13,25,38,18,10,10,1,3,25,21,93,
2019,1,0,P009846   ,1.0,0.0,TEL,0,"BRYANT, ELIJAH",16:58,10,2,4,1,2,3,4,1,0,1,1,0,2,0,0,5,2,3,-2.0
2019,1,0,P006661   ,1.0,1.0,TEL,1,"WILBEKIN, SCOTTIE",25:52,9,1,2,2,8,1,1,0,1,1,3,1,2,0,0,4,4,5,-1.0
2019,1,0,P009847   ,0.0,1.0,TEL,2,"ACY, QUINCY",17:16,4,2,2,0,2,0,0,1,7,8,1,1,2,0,0,2,1,9,-8.0
2019,1,0,P005160   ,0.0,0.0,TEL,5,"HUNTER, OTHELLO",18:15,11,5,6,0,0,1,3,3,5,8,0,1,0,0,0,1,3,19,-2.0
2019,1,0,PJFO      ,1.0,0.0,TEL,7,"CASSPI, OMRI",22:44,13,4,5,0,2,5,6,0,6,6,3,1,1,0,0,1,3,20,2.0
2019,1,0,P007675   ,0.0,1.0,TEL,8,"AVDIJA, DENI",10:34,0,0,0,0,1,0,0,0,1,1,3,0,1,2,0,2,0,2,0.0
2019,1,0,P009849   ,0.0,0.0,TEL,11,"DORSEY, TYLER",10:03,2,1,5,0,0,0,0,0,1,1,0,1,2,0,1,0,0,-3,-16.0
2019,1,0,P007990   ,0.0,1.0,TEL,12,"DIBARTOLOMEO, JOHN",10:34,6,0,0,1,2,3,3,0,1,1,1,0,2,0,0,2,2,5,8.0
2019,1,0,P006555   ,0.0,0.0,TEL,14,"WOLTERS, NATE",18:49,7,3,4,0,1,1,1,0,1,1,1,0,1,0,0,1,0,5,-12.0
2019,1,0,P005145   ,0.0,0.0,TEL,15,"COHEN, JAKE",DNP,0,0,0,0,0,0,0,0,0,0,0,0,0,0,0,0,0,0,0.0
2019,1,0,P008991   ,1.0,1.0,TEL,28,"BLACK, TARIK",28:44,17,6,8,0,0,5,6,2,1,3,1,0,0,1,0,2,6,23,6.0
2019,1,0,P006625   ,1.0,0.0,TEL,50,"ZOOSMAN, YOVEL",20:11,4,2,4,0,4,0,1,1,1,2,1,1,1,0,0,2,2,0,-5.0
2019,1,0,Team,0.0,0.0,TEL,,Team,,0,0,0,0,0,0,0,2,4,6,0,0,1,0,0,0,0,5,
2019,1,0,Total,,,TEL,,Total,200:00,83,26,40,4,22,19,25,10,29,39,15,6,15,3,1,22,23,93,
2019,2,1,PBOG      ,0.0,0.0,MUN,7,"KING, ALEX",DNP,0,0,0,0,0,0,0,0,0,0,0,0,0,0,0,0,0,0,0.0
2019,2,1,P004178   ,0.0,0.0,MUN,8,"KOPONEN, PETTERI",11:19,3,0,2,1,2,0,0,0,2,2,2,0,1,0,1,2,0,0,-1.0
2019,2,1,P009835   ,1.0,1.0,MUN,10,"MONROE, GREGORY",22:36,6,3,9,0,0,0,0,1,9,10,4,0,1,0,1,3,2,11,7.0
2019,2,1,P001288   ,1.0,1.0,MUN,11,"LUCIC, VLADIMIR",30:29,18,6,7,1,5,3,3,2,3,5,0,2,0,0,0,1,7,26,16.0
2019,2,1,P007032   ,1.0,0.0,MUN,12,"LO, MAODO",22:54,12,3,4,2,4,0,0,0,2,2,3,0,3,1,0,3,2,11,6.0
2019,2,1,P000007   ,1.0,1.0,MUN,14,"DEDOVIC, NIHAD",29:52,16,6,10,0,2,4,4,0,3,3,3,4,1,0,1,2,3,19,11.0
2019,2,1,P005056   ,0.0,0.0,MUN,16,"ZIPSER, PAUL",19:08,6,1,3,1,3,1,2,2,2,4,0,0,0,0,0,3,3,5,-1.0
2019,2,1,P002829   ,0.0,1.0,MUN,20,"NELSON, DEMARCUS",17:06,9,3,5,1,3,0,0,1,1,2,2,1,1,0,0,2,0,7,8.0
2019,2,1,P005670   ,0.0,0.0,MUN,21,"FLACCADORI, DIEGO",DNP,0,0,0,0,0,0,0,0,0,0,0,0,0,0,0,0,0,0,0.0
2019,2,1,P003490   ,1.0,1.0,MUN,22,"BARTHEL, DANILO",29:17,4,1,4,0,1,2,2,1,2,3,2,1,0,0,0,1,2,7,14.0
2019,2,1,P003842   ,0.0,0.0,MUN,26,"LESSORT, MATHIAS",03:59,1,0,0,0,0,1,2,0,1,1,0,0,0,0,0,2,1,0,2.0
2019,2,1,PLEM      ,0.0,0.0,MUN,43,"RADOSEVIC, LEON",13:20,3,0,3,0,0,3,6,0,5,5,0,0,2,1,0,1,3,3,8.0
2019,2,1,Team,0.0,0.0,MUN,,Team,,0,0,0,0,0,0,0,1,3,4,0,0,1,0,0,0,0,3,
2019,2,1,Total,,,MUN,,Total,200:00,78,23,47,6,20,14,19,8,33,41,16,8,10,2,3,20,23,92,
2019,2,0,P005884   ,0.0,1.0,MIL,0,"DELLA VALLE, AMEDEO",17:30,10,1,4,1,3,5,7,2,1,3,0,1,0,1,0,1,5,12,-13.0
2019,2,0,P009902   ,1.0,1.0,MIL,1,"MACK, SHELVIN",21:04,6,3,7,0,0,0,0,0,4,4,3,0,4,0,0,3,1,3,-15.0
2019,2,0,P009903   ,0.0,0.0,MIL,6,"BILIGHA, PAUL",13:16,4,2,5,0,0,0,0,2,1,3,0,1,1,1,1,2,0,2,-7.0
2019,2,0,P000726   ,1.0,0.0,MIL,9,"MORASCHINI, RICCARDO",17:23,0,0,0,0,4,0,0,0,5,5,1,0,0,0,0,3,0,-1,8.0
2019,2,0,P004974   ,1.0,0.0,MIL,10,"ROLL, MICHAEL",20:50,2,1,3,0,1,0,0,1,0,1,0,0,1,0,0,2,0,-3,-16.0
2019,2,0,PCVM      ,0.0,1.0,MIL,13,"RODRIGUEZ, SERGIO",28:39,14,3,8,1,6,5,5,0,3,3,6,2,1,0,1,4,5,14,3.0
2019,2,0,P008004   ,1.0,1.0,MIL,15,"TARCZEWSKI, KALEB",18:07,6,3,6,0,0,0,2,2,6,8,1,0,2,1,0,4,1,6,-1.0
2019,2,0,PKIW      ,0.0,0.0,MIL,20,"CINCIARINI, ANDREA",05:27,1,0,0,0,1,1,4,0,0,0,0,0,0,0,0,0,2,-1,3.0
2019,2,0,P005692   ,0.0,0.0,MIL,23,"BURNS, CHRISTIAN",DNP,0,0,0,0,0,0,0,0,0,0,0,0,0,0,0,0,0,0,0.0
2019,2,0,P006505   ,0.0,0.0,MIL,30,"WHITE, AARON",04:15,2,1,1,0,0,0,0,0,2,2,0,0,0,0,0,1,0,3,0.0
2019,2,0,P004117   ,0.0,0.0,MIL,32,"BROOKS, JEFF",24:59,2,0,1,0,1,2,2,2,2,4,1,0,1,0,0,1,2,5,-3.0
2019,2,0,PAJG      ,1.0,1.0,MIL,40,"SCOLA, LUIS",28:30,17,4,7,2,6,3,4,2,4,6,1,2,3,0,0,2,4,17,-29.0
2019,2,0,Team,0.0,0.0,MIL,,Team,,0,0,0,0,0,0,0,1,1,2,0,0,0,0,0,0,0,2,
2019,2,0,Total,,,MIL,,Total,200:00,64,18,42,4,22,16,24,12,29,41,13,6,13,3,2,23,20,59,
2019,3,1,P000229   ,1.0,0.0,ASV,1,"JACKSON, EDWIN",27:33,5,2,5,0,1,1,1,0,0,0,2,0,1,0,0,2,2,2,10.0
2019,3,1,P005247   ,0.0,1.0,ASV,2,"TAYLOR, JORDAN",21:19,16,2,6,3,5,3,3,0,1,1,4,0,0,1,1,2,3,16,20.0
2019,3,1,P009733   ,0.0,1.0,ASV,3,"JEKIRI, TONYE",25:04,13,5,8,0,0,3,5,1,9,10,2,1,1,0,0,2,7,25,26.0
2019,3,1,PKIR      ,0.0,1.0,ASV,5,"KAHUDI, CHARLES",20:31,7,3,6,0,2,1,1,1,2,3,1,1,1,1,0,3,2,6,24.0
2019,3,1,P007027   ,1.0,1.0,ASV,6,"MALEDON, THEO",09:17,0,0,1,0,1,0,0,0,1,1,1,0,2,0,0,4,0,-6,-12.0
2019,3,1,P008851   ,0.0,0.0,ASV,11,"GALLIOU, CHARLES",DNP,0,0,0,0,0,0,0,0,0,0,0,0,0,0,0,0,0,0,0.0
2019,3,1,P006068   ,0.0,0.0,ASV,12,"NOUA, AMINE",06:40,0,0,1,0,0,0,0,0,1,1,0,0,1,1,0,0,0,0,11.0
2019,3,1,P002536   ,1.0,0.0,ASV,17,"JEAN-CHARLES, LIVIO",22:16,10,5,6,0,0,0,0,2,3,5,0,0,2,0,0,3,1,10,1.0
2019,3,1,PTFK      ,0.0,0.0,ASV,19,"DIOT, ANTOINE",22:22,8,1,1,1,2,3,3,0,1,1,5,1,0,0,0,1,2,15,18.0
2019,3,1,P004655   ,0.0,0.0,ASV,21,"BAKO, ISMAEL",00:29,0,0,0,0,0,0,0,0,0,0,0,0,0,1,0,0,0,1,2.0
2019,3,1,P003526   ,1.0,1.0,ASV,23,"LIGHTY, DAVID",26:19,16,5,8,2,4,0,0,1,1,2,2,0,0,0,0,2,0,13,-1.0
2019,3,1,P008348   ,1.0,0.0,ASV,33,"PAYNE, ADREIAN",18:10,7,2,2,1,3,0,0,0,3,3,0,0,1,1,0,3,1,6,-4.0
2019,3,1,Team,0.0,0.0,ASV,,Team,,0,0,0,0,0,0,0,4,2,6,0,0,0,0,0,0,0,6,
2019,3,1,Total,,,ASV,,Total,200:00,82,25,44,7,18,11,13,9,24,33,17,3,9,5,1,22,18,94,
2019,3,0,P009862   ,1.0,1.0,OLY,0,"PUNTER, KEVIN XAVIER",30:55,11,5,7,0,2,1,2,1,1,2,1,0,0,0,0,1,3,11,-11.0
2019,3,0,P009863   ,1.0,0.0,OLY,2,"BALDWIN IV, WADE",14:46,2,1,2,0,1,0,0,0,1,1,3,0,3,0,0,5,0,-4,-7.0
2019,3,0,P004945   ,0.0,0.0,OLY,3,"PAUL, BRANDON",14:41,2,0,2,0,1,2,2,0,5,5,0,1,2,0,1,2,2,2,-12.0
2019,3,0,PJUO      ,0.0,1.0,OLY,7,"SPANOULIS, VASSILIS",25:16,9,0,2,3,6,0,0,0,0,0,2,2,0,0,1,1,2,8,-12.0
2019,3,0,P006058   ,0.0,0.0,OLY,10,"CHERRY, WILL",13:30,2,1,4,0,1,0,0,0,2,2,2,1,0,0,0,1,0,2,-10.0
2019,3,0,P003941   ,1.0,0.0,OLY,11,"MILUTINOV, NIKOLA",30:41,10,3,7,0,0,4,10,7,3,10,2,0,1,1,0,1,7,18,-9.0
2019,3,0,P003469   ,0.0,1.0,OLY,14,"VEZENKOV, SASHA",01:55,0,0,0,0,0,0,0,0,0,0,1,0,0,0,0,0,0,1,-4.0
2019,3,0,PAMM      ,1.0,0.0,OLY,15,"PRINTEZIS, GEORGIOS",28:11,15,3,5,1,1,6,7,1,3,4,1,0,1,0,0,1,5,20,-7.0
2019,3,0,P001255   ,0.0,1.0,OLY,16,"PAPANIKOLAOU, KOSTAS",12:30,4,2,3,0,2,0,0,0,1,1,1,1,1,0,1,1,1,2,-12.0
2019,3,0,P002008   ,1.0,0.0,OLY,19,"KUZMINSKAS, MINDAUGAS",12:38,6,2,4,0,2,2,2,2,3,5,0,0,1,0,1,0,1,6,5.0
2019,3,0,P006477   ,0.0,1.0,OLY,21,"RUBIT, AUGUSTINE",14:12,2,1,3,0,1,0,0,0,2,2,0,0,1,0,1,4,1,-4,-14.0
2019,3,0,P009864   ,0.0,0.0,OLY,22,"HAPP, ETHAN",00:45,0,0,0,0,0,0,0,0,0,0,0,0,0,0,0,1,0,-1,-2.0
2019,3,0,Team,0.0,0.0,OLY,,Team,,0,0,0,0,0,0,0,4,1,5,0,0,3,0,0,0,0,2,
2019,3,0,Total,,,OLY,,Total,200:00,63,18,39,4,17,15,23,15,22,37,13,5,13,1,5,18,22,63,
2019,4,1,P001392   ,0.0,0.0,MAD,1,"CAUSEUR, FABIEN",04:37,0,0,0,0,0,0,0,0,0,0,0,0,0,0,0,2,0,-2,-3.0
2019,4,1,P005757   ,1.0,1.0,MAD,3,"RANDOLPH, ANTHONY",26:21,15,2,5,3,6,2,2,3,2,5,3,3,3,0,0,2,4,19,21.0
2019,4,1,PBMT      ,1.0,1.0,MAD,5,"FERNANDEZ, RUDY",25:26,10,0,1,3,4,1,3,0,3,3,4,0,1,0,0,3,4,13,18.0
2019,4,1,P005928   ,1.0,1.0,MAD,7,"CAMPAZZO, FACUNDO",29:05,14,3,5,2,5,2,2,0,4,4,8,2,2,0,0,3,6,24,22.0
2019,4,1,P006435   ,0.0,0.0,MAD,8,"LAPROVITTOLA, NICOLAS",10:55,0,0,1,0,2,0,0,0,1,1,0,1,4,0,1,2,0,-8,-18.0
2019,4,1,PAAX      ,0.0,0.0,MAD,9,"REYES, FELIPE",DNP,0,0,0,0,0,0,0,0,0,0,0,0,0,0,0,0,0,0,0.0
2019,4,1,P009005   ,0.0,1.0,MAD,14,"DECK, GABRIEL",18:27,4,2,4,0,1,0,0,0,1,1,1,0,1,0,0,1,2,3,-17.0
2019,4,1,P007630   ,0.0,0.0,MAD,16,"GARUBA, USMAN",DNP,0,0,0,0,0,0,0,0,0,0,0,0,0,0,0,0,0,0,0.0
2019,4,1,P005791   ,1.0,0.0,MAD,22,"TAVARES, WALTER",21:47,8,4,6,0,0,0,0,1,4,5,2,1,0,0,0,3,0,11,14.0
2019,4,1,PTGB      ,0.0,0.0,MAD,23,"LLULL, SERGIO",14:12,2,0,0,0,2,2,2,0,1,1,3,0,2,0,0,2,2,2,-16.0
2019,4,1,P008847   ,0.0,0.0,MAD,25,"MICKEY, JORDAN",15:57,9,4,6,0,0,1,3,0,3,3,0,1,0,1,0,0,2,12,-10.0
2019,4,1,P006546   ,1.0,1.0,MAD,44,"TAYLOR, JEFFERY",33:13,19,5,5,3,4,0,0,0,1,1,2,2,1,1,0,3,0,20,9.0
2019,4,1,Team,0.0,0.0,MAD,,Team,,0,0,0,0,0,0,0,3,0,3,0,0,1,0,0,0,0,2,
2019,4,1,Total,,,MAD,,Total,200:00,81,20,33,11,24,8,12,7,20,27,23,10,15,2,1,21,20,96,
2019,4,0,P002543   ,1.0,0.0,ULK,9,"WESTERMANN, LEO",07:49,0,0,1,0,0,0,0,1,2,3,0,0,1,0,0,2,0,-1,-10.0
2019,4,0,P002969   ,0.0,1.0,ULK,10,"MAHMUTOGLU, MELIH",30:11,8,1,4,2,3,0,0,0,0,0,0,2,1,0,1,2,1,3,-1.0
2019,4,0,P004866   ,0.0,0.0,ULK,12,"KALINIC, NIKOLA",13:57,13,3,4,1,1,4,4,0,3,3,0,1,1,0,0,5,4,14,2.0
2019,4,0,P006961   ,0.0,0.0,ULK,13,"BIBEROVIC, TARIK",DNP,0,0,0,0,0,0,0,0,0,0,0,0,0,0,0,0,0,0,0.0
2019,4,0,P001926   ,0.0,1.0,ULK,16,"SLOUKAS, KOSTAS",27:51,5,1,4,0,2,3,3,1,0,1,5,1,2,0,0,2,2,5,2.0
2019,4,0,P002100   ,1.0,1.0,ULK,19,"DE COLO, NANDO",35:34,22,6,7,2,6,4,4,1,4,5,2,0,7,0,0,2,5,20,1.0
2019,4,0,P009006   ,1.0,1.0,ULK,21,"WILLIAMS, DERRICK",40:00,19,4,8,3,9,2,4,4,6,10,2,1,1,1,1,1,2,20,-4.0
2019,4,0,P000981   ,0.0,0.0,ULK,32,"CANDAN, BERKAY",DNP,0,0,0,0,0,0,0,0,0,0,0,0,0,0,0,0,0,0,0.0
2019,4,0,P001324   ,0.0,1.0,ULK,35,"MUHAMMED, ALI",10:06,4,0,1,0,0,4,4,0,0,0,1,0,1,0,0,3,4,4,3.0
2019,4,0,P006399   ,1.0,0.0,ULK,44,"DUVERIOGLU, AHMET",02:48,2,1,1,0,0,0,0,1,0,1,0,0,0,0,0,0,0,3,-3.0
2019,4,0,PCCD      ,1.0,0.0,ULK,70,"DATOME, LUIGI",08:46,0,0,1,0,0,0,0,0,1,1,1,0,0,0,0,2,1,0,-1.0
2019,4,0,PLBJ      ,0.0,0.0,ULK,91,"STIMAC, VLADIMIR",22:58,4,1,2,0,0,2,2,2,2,4,1,0,1,0,0,2,2,7,-9.0
2019,4,0,Team,0.0,0.0,ULK,,Team,,0,0,0,0,0,0,0,1,2,3,0,0,2,0,0,0,0,1,
2019,4,0,Total,,,ULK,,Total,200:00,77,17,33,8,21,19,21,11,20,31,12,5,17,1,2,21,21,76,
2019,5,1,P008855   ,0.0,1.0,ZAL,0,"WALKUP, THOMAS",17:47,2,1,3,0,0,0,0,1,1,2,1,1,2,0,0,1,3,4,-7.0
2019,5,1,P009752   ,1.0,0.0,ZAL,2,"PEREZ, ALEX",07:01,0,0,2,0,0,0,0,0,0,0,0,0,0,0,1,3,0,-6,-8.0
2019,5,1,P003210   ,0.0,0.0,ZAL,4,"LEKAVICIUS, LUKAS",22:38,10,4,7,0,2,2,4,1,1,2,2,0,5,0,0,3,3,2,-2.0
2019,5,1,P008962   ,0.0,0.0,ZAL,10,"HAYES, NIGEL",21:52,0,0,5,0,1,0,0,1,6,7,3,0,1,0,1,2,0,0,-8.0
2019,5,1,PBWI      ,0.0,0.0,ZAL,13,"JANKUNAS, PAULIUS",03:23,0,0,1,0,0,0,2,0,0,0,0,0,0,0,0,0,1,-2,-2.0
2019,5,1,PKPD      ,0.0,1.0,ZAL,21,"MILAKNIS, ARTURAS",15:08,9,0,0,3,7,0,0,0,0,0,0,2,0,0,1,0,2,8,-12.0
2019,5,1,P009753   ,1.0,0.0,ZAL,23,"GEBEN, MARTINAS",08:43,2,1,2,0,0,0,0,1,1,2,1,0,0,0,0,0,0,4,1.0
2019,5,1,P007519   ,0.0,0.0,ZAL,31,"JOKUBAITIS, ROKAS",DNP,0,0,0,0,0,0,0,0,0,0,0,0,0,0,0,0,0,0,0.0
2019,5,1,P008987   ,1.0,0.0,ZAL,32,"LEDAY, ZACH",24:26,7,3,8,0,1,1,2,4,2,6,0,0,1,0,2,3,3,3,-13.0
2019,5,1,P008820   ,0.0,1.0,ZAL,34,"LANDALE, JOCK",20:25,9,3,4,1,6,0,0,1,3,4,1,1,3,1,0,3,2,6,-1.0
2019,5,1,P002328   ,1.0,1.0,ZAL,40,"GRIGONIS, MARIUS",29:35,10,0,3,3,6,1,2,2,0,2,3,0,4,0,2,1,4,5,-12.0
2019,5,1,P002329   ,1.0,1.0,ZAL,92,"ULANOVAS, EDGARAS",29:02,9,1,1,1,2,4,5,3,2,5,2,2,0,0,0,0,4,20,4.0
2019,5,1,Team,0.0,0.0,ZAL,,Team,,0,0,0,0,0,0,0,3,6,9,0,0,1,0,0,0,0,8,
2019,5,1,Total,,,ZAL,,Total,200:00,58,13,36,8,25,8,15,17,22,39,13,6,17,1,7,16,22,52,
2019,5,0,P007947   ,1.0,1.0,BAS,3,"VILDOZA, LUCA",27:53,10,3,4,1,4,1,1,0,3,3,5,2,1,0,0,2,4,17,13.0
2019,5,0,P008032   ,0.0,0.0,BAS,5,"GONZALEZ, MIGUEL",DNP,0,0,0,0,0,0,0,0,0,0,0,0,0,0,0,0,0,0,0.0
2019,5,0,P006754   ,0.0,1.0,BAS,7,"HENRY, PIERRIA",23:41,4,2,4,0,3,0,0,1,5,6,2,2,3,0,0,2,1,5,7.0
2019,5,0,P009918   ,0.0,0.0,BAS,10,"LOPEZ, LAUTARO TOMAS",DNP,0,0,0,0,0,0,0,0,0,0,0,0,0,0,0,0,0,0,0.0
2019,5,0,P004165   ,0.0,0.0,BAS,11,"JANNING, MATT",19:25,10,2,2,2,4,0,0,0,0,0,2,2,3,0,0,1,0,8,5.0
2019,5,0,P003540   ,0.0,0.0,BAS,12,"DIOP, ILIMANE",03:47,0,0,1,0,0,0,0,0,0,0,0,0,0,0,0,1,0,-2,-3.0
2019,5,0,P006568   ,0.0,0.0,BAS,19,"FALL, YOUSSOUPHA",17:49,2,1,1,0,0,0,4,2,3,5,0,0,2,5,0,5,2,3,14.0
2019,5,0,P001133   ,1.0,1.0,BAS,23,"SHENGELIA, TORNIKE",31:47,13,6,7,0,3,1,1,0,2,2,2,0,3,1,1,2,1,9,8.0
2019,5,0,P007994   ,1.0,0.0,BAS,29,"GARINO, PATRICIO",13:03,3,0,1,1,2,0,0,0,2,2,0,1,1,0,0,4,0,-1,1.0
2019,5,0,P007831   ,1.0,1.0,BAS,31,"SHIELDS, SHAVON",35:58,19,4,6,2,5,5,6,1,4,5,0,1,0,0,0,1,3,21,10.0
2019,5,0,P002084   ,0.0,0.0,BAS,33,"POLONARA, ACHILLE",08:13,2,1,3,0,0,0,0,2,4,6,0,0,0,1,0,1,2,8,4.0
2019,5,0,P007360   ,1.0,1.0,BAS,50,"ERIC, MICHAEL",18:24,7,3,6,0,0,1,1,1,3,4,0,0,1,0,0,3,3,7,1.0
2019,5,0,Team,0.0,0.0,BAS,,Team,,0,0,0,0,0,0,0,0,1,1,0,0,1,0,0,0,0,0,
2019,5,0,Total,,,BAS,,Total,200:00,70,22,35,6,21,8,13,7,27,34,11,8,15,7,1,22,16,75,
2019,6,1,P006614   ,0.0,1.0,IST,2,"SINGLETON, CHRIS",13:21,2,0,0,0,3,2,2,1,1,2,1,0,1,0,0,0,2,3,-10.0
2019,6,1,P003521   ,1.0,1.0,IST,4,"BALBAY, DOGUS",30:37,7,2,3,1,2,0,0,2,4,6,3,1,1,0,0,1,2,15,1.0
2019,6,1,P005686   ,0.0,0.0,IST,8,"GECIM, TOLGA",13:57,3,0,3,1,5,0,0,1,1,2,3,0,1,0,0,1,1,0,2.0
2019,6,1,P008282   ,0.0,0.0,IST,10,"ILYASOGLU, OMERCAN",03:09,0,0,0,0,1,0,0,0,1,1,0,0,1,0,0,0,0,-1,-3.0
2019,6,1,P002968   ,0.0,0.0,IST,15,"SANLI, SERTAC",DNP,0,0,0,0,0,0,0,0,0,0,0,0,0,0,0,0,0,0,0.0
2019,6,1,P002925   ,0.0,0.0,IST,19,"TUNCER, BUGRAHAN",06:04,2,1,3,0,1,0,0,0,0,0,2,0,0,0,0,3,1,-1,-2.0
2019,6,1,PLHK      ,0.0,0.0,IST,21,"PLEISS, TIBOR",10:03,13,5,6,0,1,3,3,2,1,3,0,0,1,0,0,0,3,16,-9.0
2019,6,1,P002580   ,1.0,1.0,IST,22,"MICIC, VASILIJE",32:27,14,1,3,4,13,0,0,0,3,3,5,1,3,0,2,2,5,10,-5.0
2019,6,1,P005938   ,0.0,0.0,IST,23,"ANDERSON, JAMES",17:13,0,0,1,0,6,0,0,0,4,4,0,0,1,0,0,1,0,-5,-14.0
2019,6,1,P008829   ,1.0,1.0,IST,25,"PETERS, ALEC",26:55,16,2,2,4,5,0,0,1,3,4,1,0,0,0,0,3,2,19,7.0
2019,6,1,P003048   ,1.0,1.0,IST,42,"DUNSTON, BRYANT",33:53,7,3,10,0,0,1,2,4,5,9,2,1,1,2,2,4,1,7,-8.0
2019,6,1,PCPR      ,1.0,0.0,IST,44,"SIMON, KRUNOSLAV",12:21,0,0,1,0,2,0,0,0,0,0,1,1,0,0,1,0,1,-1,-9.0
2019,6,1,Team,0.0,0.0,IST,,Team,,0,0,0,0,0,0,0,2,1,3,0,0,0,0,0,0,0,3,
2019,6,1,Total,,,IST,,Total,200:00,64,14,32,10,39,6,7,13,24,37,18,4,10,2,5,15,18,65,
2019,6,0,P007870   ,1.0,1.0,BAR,0,"DAVIES, BRANDON",23:43,10,5,7,0,1,0,0,2,3,5,4,1,2,2,0,1,0,16,-8.0
2019,6,0,P005099   ,1.0,0.0,BAR,8,"HANGA, ADAM",21:03,5,1,2,1,4,0,0,2,4,6,3,0,2,1,0,1,1,9,5.0
2019,6,0,P007109   ,0.0,0.0,BAR,10,"SMITS, ROLANDS",DNP,0,0,0,0,0,0,0,0,0,0,0,0,0,0,0,0,0,0,0.0
2019,6,0,P005917   ,0.0,0.0,BAR,18,"ORIOLA, PIERRE",14:10,8,1,2,2,2,0,0,1,2,3,0,1,2,0,0,1,0,8,14.0
2019,6,0,P003478   ,0.0,0.0,BAR,21,"ABRINES, ALEX",13:00,0,0,0,0,1,0,0,0,4,4,1,0,1,0,0,0,0,3,2.0
2019,6,0,P006450   ,1.0,1.0,BAR,22,"HIGGINS, CORY",23:24,3,0,7,1,2,0,0,1,1,2,3,2,0,0,1,2,1,0,-4.0
2019,6,0,P004331   ,0.0,1.0,BAR,23,"DELANEY, MALCOLM",21:05,11,1,2,2,6,3,3,0,3,3,7,1,2,0,0,4,5,16,7.0
2019,6,0,P005789   ,0.0,0.0,BAR,24,"KURIC, KYLE",14:28,0,0,2,0,2,0,0,1,2,3,1,0,1,0,0,0,1,0,12.0
2019,6,0,P000556   ,1.0,1.0,BAR,30,"CLAVER, VICTOR",27:00,7,2,3,1,1,0,0,1,3,4,2,1,1,0,0,3,1,10,8.0
2019,6,0,P008985   ,0.0,0.0,BAR,31,"BOLMARO, LEANDRO",DNP,0,0,0,0,0,0,0,0,0,0,0,0,0,0,0,0,0,0,0.0
2019,6,0,P000796   ,1.0,1.0,BAR,33,"MIROTIC, NIKOLA",25:50,24,5,8,4,8,2,2,0,4,4,0,0,2,2,1,3,5,22,-4.0
2019,6,0,P002507   ,0.0,0.0,BAR,44,"TOMIC, ANTE",16:17,6,3,4,0,0,0,0,1,4,5,0,2,0,0,0,3,1,10,18.0
2019,6,0,Team,0.0,0.0,BAR,,Team,,0,0,0,0,0,0,0,2,3,5,0,0,1,0,0,0,0,4,
2019,6,0,Total,,,BAR,,Total,200:00,74,18,37,11,27,5,5,11,33,44,21,8,14,5,2,18,15,98,
2019,7,1,P001557   ,0.0,1.0,BER,5,"GIFFEY, NIELS",18:03,10,2,4,2,4,0,0,1,2,3,2,0,1,0,0,1,1,10,5.0
2019,7,1,P008211   ,0.0,0.0,BER,6,"DELOW, MALTE",DNP,0,0,0,0,0,0,0,0,0,0,0,0,0,0,0,0,0,0,0.0
2019,7,1,P003151   ,1.0,1.0,BER,8,"ERIKSSON, MARCUS",25:50,15,1,3,4,7,1,1,0,4,4,2,1,2,0,0,1,3,17,16.0
2019,7,1,P007025   ,0.0,1.0,BER,9,"MATTISSECK, JONAS",16:13,6,0,1,2,3,0,0,0,1,1,1,0,1,0,0,1,2,6,-1.0
2019,7,1,P006251   ,0.0,0.0,BER,10,"SCHNEIDER, TIM",14:47,2,1,2,0,2,0,0,1,2,3,1,1,0,1,1,1,0,3,4.0
2019,7,1,P008780   ,1.0,0.0,BER,15,"HERMANNSSON, MARTIN",23:47,7,2,6,1,4,0,0,0,2,2,9,1,1,0,1,3,2,9,21.0
2019,7,1,P006819   ,0.0,0.0,BER,16,"NIKIC, KRESIMIR",DNP,0,0,0,0,0,0,0,0,0,0,0,0,0,0,0,0,0,0,0.0
2019,7,1,P003242   ,0.0,0.0,BER,25,"OGBE, KENNETH",12:13,4,1,2,0,2,2,2,0,2,2,1,1,1,0,0,2,2,4,1.0
2019,7,1,P006436   ,1.0,1.0,BER,31,"GIEDRAITIS, ROKAS",26:18,9,2,5,1,3,2,2,3,2,5,3,0,0,0,0,0,2,14,17.0
2019,7,1,P009601   ,0.0,1.0,BER,34,"CAVANAUGH, TYLER",17:13,11,2,4,2,3,1,1,2,4,6,1,0,0,1,1,3,1,13,3.0
2019,7,1,P009051   ,1.0,0.0,BER,35,"NNOKO, LANDRY",20:08,16,7,7,0,0,2,2,2,5,7,1,0,3,1,0,5,2,19,19.0
2019,7,1,P006589   ,1.0,0.0,BER,43,"SIKMA, LUKE",25:28,5,1,6,1,1,0,0,1,5,6,2,1,0,1,1,2,2,9,15.0
2019,7,1,Team,0.0,0.0,BER,,Team,,0,0,0,0,0,0,0,1,2,3,0,0,1,0,0,0,0,2,
2019,7,1,Total,,,BER,,Total,200:00,85,19,40,13,29,8,8,11,31,42,23,5,10,4,4,19,17,106,
2019,7,0,P005154   ,1.0,1.0,DYR,4,"IVERSON, COLTON",18:52,6,3,6,0,0,0,1,1,3,4,2,1,1,1,0,1,3,11,-6.0
2019,7,0,P003425   ,1.0,0.0,DYR,6,"ALBICY, ANDREW",21:33,0,0,1,0,3,0,0,0,3,3,2,0,0,0,0,2,2,1,-11.0
2019,7,0,PJAN      ,0.0,0.0,DYR,7,"PONKRASHOV, ANTON",10:50,0,0,1,0,2,0,0,0,0,0,0,0,0,0,1,2,0,-6,-4.0
2019,7,0,P009917   ,0.0,1.0,DYR,9,"HOLLINS, AUSTIN JAMES",17:53,9,0,1,2,3,3,3,0,0,0,2,1,3,0,1,1,1,6,-14.0
2019,7,0,P005856   ,1.0,1.0,DYR,10,"THOMAS, WILL",23:38,14,1,2,3,3,3,4,4,4,8,2,1,2,0,0,2,4,23,-4.0
2019,7,0,P005945   ,0.0,1.0,DYR,12,"RENFROE, ALEX",20:59,7,2,4,0,1,3,4,1,0,1,7,1,1,0,1,1,2,11,-9.0
2019,7,0,P007851   ,0.0,0.0,DYR,16,"TRUSHKIN, VLADISLAV",07:22,0,0,0,0,3,0,0,0,1,1,0,0,0,0,0,0,1,-1,-3.0
2019,7,0,P001389   ,1.0,0.0,DYR,18,"VORONOV, EVGENY",19:35,6,2,3,0,4,2,2,1,2,3,2,0,1,0,0,2,1,4,-6.0
2019,7,0,P003573   ,0.0,0.0,DYR,20,"ZUBKOV, ANDREY",08:35,0,0,1,0,0,0,0,0,1,1,0,0,1,0,0,2,3,0,-13.0
2019,7,0,P005199   ,0.0,0.0,DYR,21,"ABROMAITIS, TIM",23:22,12,3,6,2,5,0,0,0,4,4,1,0,0,2,1,3,1,10,-8.0
2019,7,0,P004172   ,1.0,1.0,DYR,25,"PONITKA, MATEUSZ",17:13,7,3,5,0,2,1,2,0,1,1,1,0,0,0,0,0,1,5,-16.0
2019,7,0,P005927   ,0.0,0.0,DYR,34,"AYON, GUSTAVO",10:08,4,2,5,0,0,0,0,2,1,3,0,1,2,1,0,1,0,3,-6.0
2019,7,0,Team,0.0,0.0,DYR,,Team,,0,0,0,0,0,0,0,0,3,3,0,0,2,0,0,0,0,1,
2019,7,0,Total,,,DYR,,Total,200:00,65,16,35,7,26,12,16,9,23,32,19,5,13,4,4,17,19,68,
2019,8,1,P005094   ,1.0,1.0,PAN,0,"THOMAS, DESHAUN",31:51,18,6,13,0,1,6,7,4,7,11,2,2,1,0,0,2,4,25,5.0
2019,8,1,P003367   ,0.0,0.0,PAN,5,"RICE, TYRESE",14:12,12,2,3,1,2,5,6,1,1,2,2,1,1,0,0,1,4,16,4.0
2019,8,1,P005844   ,0.0,0.0,PAN,6,"PAPAGIANNIS, GEORGIOS",16:51,8,4,6,0,0,0,2,0,5,5,0,1,0,2,0,1,1,12,8.0
2019,8,1,P005161   ,1.0,1.0,PAN,10,"PAPAPETROU, IOANNIS",25:08,2,1,2,0,1,0,0,0,2,2,0,0,0,1,0,3,1,1,5.0
2019,8,1,PTFX      ,0.0,0.0,PAN,15,"VOUGIOUKAS, IAN",09:24,4,2,2,0,0,0,0,0,2,2,0,0,4,0,0,1,2,3,-1.0
2019,8,1,P009816   ,0.0,1.0,PAN,24,"JOHNSON, WESLEY",20:05,3,1,1,0,0,1,4,0,3,3,1,2,0,0,0,2,2,6,-2.0
2019,8,1,P009817   ,0.0,1.0,PAN,25,"BROWN, RION",06:36,0,0,0,0,0,0,0,0,1,1,0,0,0,0,0,1,2,2,1.0
2019,8,1,P009842   ,1.0,0.0,PAN,32,"FREDETTE, JIMMER",25:16,11,2,4,1,2,4,4,0,1,1,1,0,2,0,0,2,3,9,3.0
2019,8,1,P001932   ,1.0,1.0,PAN,33,"CALATHES, NICK",32:06,21,5,8,3,6,2,3,0,3,3,7,1,5,0,2,1,6,23,-1.0
2019,8,1,P009472   ,1.0,0.0,PAN,35,"WILEY, JACOB",10:16,2,1,2,0,1,0,0,1,0,1,1,1,0,1,0,2,0,2,-1.0
2019,8,1,P007866   ,0.0,0.0,PAN,44,"MITOGLOU, KONSTANTINOS",08:15,6,2,2,0,0,2,2,0,0,0,0,0,0,0,0,1,2,7,4.0
2019,8,1,P009818   ,0.0,0.0,PAN,50,"BENTIL, BENJAMIN",DNP,0,0,0,0,0,0,0,0,0,0,0,0,0,0,0,0,0,0,0.0
2019,8,1,Team,0.0,0.0,PAN,,Team,,0,0,0,0,0,0,0,1,0,1,0,0,0,0,0,0,0,1,
2019,8,1,Total,,,PAN,,Total,200:00,87,26,43,5,13,20,28,7,25,32,14,8,13,4,2,17,27,107,
2019,8,0,P004425   ,0.0,0.0,RED,1,"BROWN, DERRICK",12:17,5,0,0,1,2,2,2,0,1,1,1,0,1,0,0,1,1,5,-8.0
2019,8,0,PJDZ      ,0.0,0.0,RED,3,"COVIC, FILIP",09:57,0,0,0,0,0,0,0,0,2,2,0,0,3,0,0,0,1,0,-10.0
2019,8,0,P009622   ,1.0,0.0,RED,4,"BROWN, LORENZO",09:46,3,0,3,1,1,0,0,1,1,2,0,1,2,0,0,0,1,2,1.0
2019,8,0,PKRH      ,0.0,1.0,RED,5,"PERPEROGLOU, STRATOS",25:20,15,3,8,2,4,3,4,1,2,3,0,3,2,0,0,4,4,11,-6.0
2019,8,0,P007960   ,1.0,1.0,RED,7,"DAVIDOVAC, DEJAN",18:13,3,0,1,1,2,0,0,2,1,3,0,1,0,0,0,2,2,5,-4.0
2019,8,0,PLUO      ,1.0,0.0,RED,10,"LAZIC, BRANKO",12:36,0,0,1,0,1,0,0,1,0,1,1,0,0,0,0,3,1,-2,10.0
2019,8,0,P008800   ,0.0,0.0,RED,11,"FAYE, MOUHAMMAD",10:26,3,0,0,1,2,0,0,0,2,2,0,0,0,0,0,2,0,2,8.0
2019,8,0,P005775   ,1.0,1.0,RED,12,"BARON, BILLY",27:52,15,2,7,3,6,2,2,0,5,5,6,1,2,1,2,1,2,17,3.0
2019,8,0,P004007   ,0.0,0.0,RED,13,"DOBRIC, OGNJEN",11:35,6,3,4,0,1,0,0,0,0,0,1,1,1,0,0,2,1,4,0.0
2019,8,0,P002980   ,1.0,1.0,RED,15,"GIST, JAMES",27:25,22,9,18,0,2,4,5,6,1,7,1,0,0,0,1,4,4,17,-3.0
2019,8,0,P005014   ,0.0,1.0,RED,22,"JENKINS, CHARLES",26:18,8,4,6,0,1,0,0,0,2,2,0,1,0,0,0,3,0,5,-8.0
2019,8,0,P008801   ,0.0,0.0,RED,50,"OJO, MICHAEL",08:15,2,1,2,0,0,0,0,0,1,1,0,0,2,1,1,5,0,-5,-8.0
2019,8,0,Team,0.0,0.0,RED,,Team,,0,0,0,0,0,0,0,4,1,5,0,0,0,0,0,0,0,5,
2019,8,0,Total,,,RED,,Total,200:00,82,22,50,9,22,11,13,15,19,34,10,8,13,2,4,27,17,66,
2019,9,1,P004761   ,0.0,1.0,PAM,2,"MARINKOVIC, VANJA",13:19,3,1,3,0,1,1,1,0,2,2,0,2,0,0,1,1,1,3,-7.0
2019,9,1,P006726   ,0.0,1.0,PAM,5,"NDOUR, MAURICE",09:09,3,1,1,0,0,1,2,0,2,2,0,0,2,0,0,2,1,1,-6.0
2019,9,1,P003733   ,1.0,1.0,PAM,6,"ABALDE, ALBERTO",18:10,2,1,3,0,2,0,0,1,3,4,0,0,2,0,1,0,1,0,-14.0
2019,9,1,P004884   ,0.0,0.0,PAM,7,"LABEYRIE, LOUIS",16:50,7,1,3,0,0,5,6,2,3,5,1,0,0,1,0,0,3,14,-5.0
2019,9,1,PLRQ      ,0.0,0.0,PAM,9,"VAN ROSSOM, SAM",17:59,4,0,3,1,4,1,2,0,1,1,4,0,0,0,0,1,1,2,-5.0
2019,9,1,P008966   ,1.0,1.0,PAM,10,"TOBEY, MIKE",18:17,14,3,4,1,2,5,6,4,2,6,0,0,2,3,0,4,4,18,-14.0
2019,9,1,P006599   ,1.0,0.0,PAM,12,"MOTUM, BROCK",18:57,12,3,5,1,3,3,4,2,2,4,1,1,0,0,0,1,2,14,-18.0
2019,9,1,P002742   ,0.0,0.0,PAM,14,"DUBLJEVIC, BOJAN",16:47,12,4,7,0,2,4,4,0,2,2,0,0,0,0,1,0,5,13,-7.0
2019,9,1,P002361   ,1.0,1.0,PAM,16,"VIVES, GUILLEM",22:01,2,1,3,0,3,0,0,0,1,1,5,0,3,0,0,2,2,0,-20.0
2019,9,1,P000518   ,1.0,0.0,PAM,19,"SAN EMETERIO, FERNANDO",15:01,5,0,0,1,2,2,4,0,2,2,1,1,0,0,0,2,3,7,-22.0
2019,9,1,P002936   ,0.0,0.0,PAM,30,"SASTRE, JOAN",19:01,7,2,3,1,1,0,0,0,1,1,3,1,1,0,0,1,0,9,-7.0
2019,9,1,P002763   ,0.0,0.0,PAM,42,"DOORNEKAMP, AARON",14:29,0,0,1,0,1,0,0,0,1,1,0,0,0,0,0,5,1,-5,0.0
2019,9,1,Team,0.0,0.0,PAM,,Team,,0,0,0,0,0,0,0,0,1,1,0,0,0,0,0,0,0,1,
2019,9,1,Total,,,PAM,,Total,200:00,71,17,36,5,21,22,29,9,23,32,15,5,10,4,3,19,24,77,
2019,9,0,P009035   ,0.0,0.0,CSK,3,"BOLOMBOY, JOEL",17:19,4,2,4,0,0,0,0,1,5,6,0,1,1,1,0,3,1,7,4.0
2019,9,0,P005985   ,1.0,0.0,CSK,5,"JAMES, MIKE",19:38,20,6,6,1,1,5,9,0,2,2,5,0,0,0,0,1,6,28,24.0
2019,9,0,P004941   ,0.0,1.0,CSK,11,"ANTONOV, SEMEN",04:13,2,0,2,0,0,2,2,1,0,1,0,0,0,0,2,0,1,0,2.0
2019,9,0,P000046   ,0.0,1.0,CSK,13,"STRELNIEKS, JANIS",10:13,0,0,0,0,0,0,0,0,0,0,0,0,1,0,0,1,0,-2,-1.0
2019,9,0,P007201   ,1.0,1.0,CSK,17,"VOIGTMANN, JOHANNES",15:30,3,0,0,1,3,0,0,0,1,1,2,0,1,0,0,3,0,0,14.0
2019,9,0,PLHI      ,0.0,0.0,CSK,20,"VORONTSEVICH, ANDREY",21:17,13,2,3,3,7,0,0,3,2,5,1,0,0,0,0,3,1,12,4.0
2019,9,0,P004888   ,0.0,0.0,CSK,21,"CLYBURN, WILL",22:34,12,1,3,3,6,1,2,0,4,4,1,1,3,0,1,1,4,11,2.0
2019,9,0,P001844   ,0.0,1.0,CSK,23,"HACKETT, DANIEL",17:06,8,1,2,2,2,0,0,1,5,6,5,0,0,0,0,3,1,16,7.0
2019,9,0,P008989   ,1.0,0.0,CSK,32,"HILLIARD, DARRUN",24:12,22,2,5,5,9,3,4,0,4,4,0,0,3,0,0,2,3,16,16.0
2019,9,0,PJLX      ,1.0,0.0,CSK,41,"KURBANOV, NIKITA",12:09,2,1,1,0,1,0,0,0,4,4,3,1,0,1,0,3,0,7,20.0
2019,9,0,P002812   ,1.0,0.0,CSK,42,"HINES, KYLE",18:28,4,2,4,0,0,0,2,0,1,1,1,1,0,1,0,3,1,2,19.0
2019,9,0,P009767   ,0.0,1.0,CSK,84,"BAKER, RON",17:21,6,0,1,2,2,0,0,0,0,0,3,1,1,0,1,1,1,7,14.0
2019,9,0,Team,0.0,0.0,CSK,,Team,,0,0,0,0,0,0,0,2,1,3,0,0,0,0,0,0,0,3,
2019,9,0,Total,,,CSK,,Total,200:00,96,17,31,17,31,11,19,8,29,37,21,5,10,3,4,24,19,107,
2019,10,1,P004425   ,1.0,0.0,RED,1,"BROWN, DERRICK",14:43,7,3,4,0,0,1,2,1,7,8,1,0,1,0,0,3,1,11,-2.0
2019,10,1,PJDZ      ,0.0,0.0,RED,3,"COVIC, FILIP",15:40,0,0,3,0,1,0,0,0,2,2,2,0,2,0,1,3,1,-5,-7.0
2019,10,1,P009622   ,1.0,1.0,RED,4,"BROWN, LORENZO",24:03,13,3,6,1,3,4,5,1,2,3,6,0,3,0,0,1,5,17,19.0
2019,10,1,PKRH      ,0.0,1.0,RED,5,"PERPEROGLOU, STRATOS",19:51,11,3,4,1,4,2,4,0,2,2,3,0,1,0,0,2,3,10,6.0
2019,10,1,P007960   ,0.0,0.0,RED,7,"DAVIDOVAC, DEJAN",13:57,5,1,3,1,1,0,0,0,0,0,0,0,0,1,0,2,2,4,2.0
2019,10,1,PLUO      ,1.0,0.0,RED,10,"LAZIC, BRANKO",17:21,3,0,2,1,2,0,0,0,1,1,2,0,0,0,0,3,0,0,8.0
2019,10,1,P008800   ,0.0,1.0,RED,11,"FAYE, MOUHAMMAD",24:36,8,0,2,2,3,2,2,2,5,7,0,1,0,2,0,3,3,15,14.0
2019,10,1,P005775   ,1.0,0.0,RED,12,"BARON, BILLY",12:13,3,1,1,0,1,1,1,0,1,1,0,0,1,0,0,1,0,1,4.0
2019,10,1,P004007   ,0.0,1.0,RED,13,"DOBRIC, OGNJEN",08:27,2,1,1,0,1,0,0,1,1,2,1,2,0,0,0,0,0,6,9.0
2019,10,1,P002980   ,1.0,1.0,RED,15,"GIST, JAMES",24:43,11,5,11,0,0,1,2,6,2,8,1,0,2,0,2,3,4,10,7.0
2019,10,1,P005014   ,0.0,0.0,RED,22,"JENKINS, CHARLES",11:00,0,0,1,0,0,0,0,0,0,0,0,0,1,1,0,0,0,-1,-3.0
2019,10,1,P008801   ,0.0,0.0,RED,50,"OJO, MICHAEL",13:26,5,0,0,0,0,5,6,1,1,2,0,1,1,0,0,1,4,9,3.0
2019,10,1,Team,0.0,0.0,RED,,Team,,0,0,0,0,0,0,0,3,1,4,0,0,2,0,0,0,0,2,
2019,10,1,Total,,,RED,,Total,200:00,68,17,38,6,16,16,22,15,25,40,16,4,14,4,3,22,23,79,
2019,10,0,P002543   ,0.0,0.0,ULK,9,"WESTERMANN, LEO",DNP,0,0,0,0,0,0,0,0,0,0,0,0,0,0,0,0,0,0,0.0
2019,10,0,P002969   ,0.0,1.0,ULK,10,"MAHMUTOGLU, MELIH",20:30,6,0,3,2,5,0,0,4,1,5,1,0,0,0,0,3,0,3,-4.0
2019,10,0,P004866   ,1.0,0.0,ULK,12,"KALINIC, NIKOLA",20:32,3,0,2,1,2,0,0,0,2,2,0,0,0,0,1,2,2,1,-13.0
2019,10,0,P006961   ,0.0,0.0,ULK,13,"BIBEROVIC, TARIK",DNP,0,0,0,0,0,0,0,0,0,0,0,0,0,0,0,0,0,0,0.0
2019,10,0,P001926   ,1.0,0.0,ULK,16,"SLOUKAS, KOSTAS",19:11,6,1,5,0,2,4,4,0,1,1,1,0,2,0,0,3,5,2,-4.0
2019,10,0,P002100   ,1.0,1.0,ULK,19,"DE COLO, NANDO",32:18,19,4,9,3,6,2,2,1,2,3,4,1,0,0,1,3,4,19,-4.0
2019,10,0,P009006   ,1.0,0.0,ULK,21,"WILLIAMS, DERRICK",20:17,0,0,1,0,4,0,0,1,6,7,1,1,1,1,1,2,0,1,-5.0
2019,10,0,P000925   ,1.0,1.0,ULK,24,"VESELY, JAN",25:20,6,3,7,0,0,0,4,1,1,2,0,1,2,1,1,4,4,-1,-8.0
2019,10,0,P001324   ,0.0,1.0,ULK,35,"MUHAMMED, ALI",28:36,13,2,2,3,9,0,0,1,1,2,3,1,2,0,0,3,3,11,-5.0
2019,10,0,P006399   ,0.0,0.0,ULK,44,"DUVERIOGLU, AHMET",09:36,2,0,0,0,0,2,2,1,1,2,1,1,1,1,0,2,2,6,-1.0
2019,10,0,PCCD      ,0.0,1.0,ULK,70,"DATOME, LUIGI",15:36,0,0,0,0,1,0,0,0,3,3,3,0,2,0,0,1,1,3,-12.0
2019,10,0,PLBJ      ,0.0,0.0,ULK,91,"STIMAC, VLADIMIR",08:04,1,0,0,0,0,1,2,0,0,0,0,0,1,0,0,1,1,-1,-4.0
2019,10,0,Team,0.0,0.0,ULK,,Team,,0,0,0,0,0,0,0,2,1,3,0,0,1,0,0,0,0,2,
2019,10,0,Total,,,ULK,,Total,200:00,56,10,29,9,29,9,14,11,19,30,14,5,12,3,4,24,22,46,
2019,11,1,P009035   ,0.0,0.0,CSK,3,"BOLOMBOY, JOEL",17:49,10,1,2,2,3,2,2,2,1,3,2,0,1,0,0,2,2,12,19.0
2019,11,1,P005985   ,1.0,1.0,CSK,5,"JAMES, MIKE",24:59,7,2,7,1,5,0,2,1,1,2,5,0,4,0,1,1,5,2,-1.0
2019,11,1,P004941   ,0.0,0.0,CSK,11,"ANTONOV, SEMEN",DNP,0,0,0,0,0,0,0,0,0,0,0,0,0,0,0,0,0,0,0.0
2019,11,1,P000046   ,0.0,0.0,CSK,13,"STRELNIEKS, JANIS",08:53,3,0,0,1,1,0,0,0,0,0,0,1,0,0,0,0,1,5,9.0
2019,11,1,P007201   ,1.0,1.0,CSK,17,"VOIGTMANN, JOHANNES",26:58,10,2,4,2,5,0,0,4,8,12,1,1,0,0,1,2,1,17,2.0
2019,11,1,PLHI      ,0.0,0.0,CSK,20,"VORONTSEVICH, ANDREY",13:02,7,1,2,1,4,2,3,1,0,1,1,0,0,0,1,1,3,5,9.0
2019,11,1,P004888   ,0.0,1.0,CSK,21,"CLYBURN, WILL",21:51,15,5,8,0,3,5,6,1,7,8,0,0,2,0,1,0,5,18,11.0
2019,11,1,P001844   ,0.0,0.0,CSK,23,"HACKETT, DANIEL",12:47,2,1,1,0,2,0,0,2,1,3,2,1,0,0,0,4,2,4,10.0
2019,11,1,P008989   ,1.0,1.0,CSK,32,"HILLIARD, DARRUN",18:28,6,0,1,2,4,0,0,0,1,1,2,0,0,1,0,1,1,7,-5.0
2019,11,1,PJLX      ,1.0,0.0,CSK,41,"KURBANOV, NIKITA",18:09,6,0,3,2,3,0,0,0,1,1,0,1,1,0,2,0,1,2,0.0
2019,11,1,P002812   ,1.0,1.0,CSK,42,"HINES, KYLE",22:11,8,4,7,0,1,0,0,1,1,2,3,3,1,2,0,4,0,9,-8.0
2019,11,1,P009767   ,0.0,0.0,CSK,84,"BAKER, RON",14:53,5,1,2,1,3,0,0,1,1,2,1,1,0,0,0,1,0,5,9.0
2019,11,1,Team,0.0,0.0,CSK,,Team,,0,0,0,0,0,0,0,3,2,5,0,0,0,0,0,0,0,5,
2019,11,1,Total,,,CSK,,Total,200:00,79,17,37,12,34,9,13,16,24,40,17,8,9,3,6,16,21,91,
2019,11,0,PBOG      ,0.0,0.0,MUN,7,"KING, ALEX",DNP,0,0,0,0,0,0,0,0,0,0,0,0,0,0,0,0,0,0,0.0
2019,11,0,P004178   ,0.0,1.0,MUN,8,"KOPONEN, PETTERI",14:47,7,2,3,1,1,0,0,0,1,1,2,0,1,0,0,1,1,8,-1.0
2019,11,0,P009835   ,1.0,1.0,MUN,10,"MONROE, GREGORY",25:28,17,4,10,0,0,9,13,3,7,10,3,2,2,3,2,2,8,27,2.0
2019,11,0,P001288   ,1.0,1.0,MUN,11,"LUCIC, VLADIMIR",27:09,6,3,3,0,1,0,0,0,6,6,2,0,1,0,0,1,0,11,-9.0
2019,11,0,P007032   ,1.0,0.0,MUN,12,"LO, MAODO",20:47,9,3,7,1,2,0,0,1,3,4,0,0,0,0,1,4,0,3,-6.0
2019,11,0,P000007   ,1.0,0.0,MUN,14,"DEDOVIC, NIHAD",26:52,12,3,3,2,4,0,0,0,1,1,3,0,3,0,0,1,0,10,-12.0
2019,11,0,P005056   ,0.0,0.0,MUN,16,"ZIPSER, PAUL",12:39,4,1,5,0,2,2,2,0,1,1,0,1,1,0,0,3,2,-2,-1.0
2019,11,0,P002829   ,0.0,1.0,MUN,20,"NELSON, DEMARCUS",17:29,2,1,2,0,2,0,0,0,0,0,2,0,2,0,0,3,1,-3,-4.0
2019,11,0,P005670   ,0.0,0.0,MUN,21,"FLACCADORI, DIEGO",01:44,0,0,0,0,0,0,0,0,0,0,0,0,0,0,0,1,1,0,-1.0
2019,11,0,P003490   ,1.0,0.0,MUN,22,"BARTHEL, DANILO",28:30,10,4,7,0,1,2,2,1,4,5,1,0,1,1,0,1,1,12,-10.0
2019,11,0,P003842   ,0.0,0.0,MUN,26,"LESSORT, MATHIAS",09:12,1,0,1,0,0,1,2,0,0,0,1,0,0,0,0,2,1,-1,-10.0
2019,11,0,PLEM      ,0.0,1.0,MUN,43,"RADOSEVIC, LEON",15:23,0,0,2,0,0,0,0,0,3,3,0,0,0,2,0,2,1,2,-3.0
2019,11,0,Team,0.0,0.0,MUN,,Team,,0,0,0,0,0,0,0,3,0,3,0,0,0,0,0,0,0,3,
2019,11,0,Total,,,MUN,,Total,200:00,68,21,43,4,13,14,19,8,26,34,14,3,11,6,3,21,16,70,
2019,12,1,P005154   ,1.0,0.0,DYR,4,"IVERSON, COLTON",23:41,9,3,7,0,0,3,4,4,4,8,5,0,3,0,0,3,4,15,-9.0
2019,12,1,P003425   ,1.0,1.0,DYR,6,"ALBICY, ANDREW",17:39,6,1,3,0,1,4,6,1,1,2,4,2,2,1,0,1,6,13,-7.0
2019,12,1,PJAN      ,0.0,0.0,DYR,7,"PONKRASHOV, ANTON",11:55,3,0,0,1,3,0,0,0,2,2,2,1,1,0,0,2,1,4,-11.0
2019,12,1,P009917   ,0.0,0.0,DYR,9,"HOLLINS, AUSTIN JAMES",20:44,4,2,2,0,1,0,0,1,3,4,1,0,1,0,0,3,1,5,-25.0
2019,12,1,P005856   ,0.0,0.0,DYR,10,"THOMAS, WILL",21:52,9,3,5,1,5,0,0,3,1,4,0,0,0,0,0,1,2,8,-13.0
2019,12,1,P007581   ,0.0,1.0,DYR,11,"BALASHOV, SERGEI",06:05,0,0,0,0,0,0,0,0,0,0,0,0,0,0,0,2,0,-2,-7.0
2019,12,1,P005945   ,0.0,0.0,DYR,12,"RENFROE, ALEX",22:21,5,1,3,1,2,0,0,1,0,1,4,1,4,1,0,0,0,5,-17.0
2019,12,1,P006713   ,0.0,0.0,DYR,15,"SHEVCHUK, KONSTANTIN",DNP,0,0,0,0,0,0,0,0,0,0,0,0,0,0,0,0,0,0,0.0
2019,12,1,P007851   ,0.0,0.0,DYR,16,"TRUSHKIN, VLADISLAV",13:18,6,0,0,2,4,0,0,1,2,3,0,0,0,0,0,0,0,7,-7.0
2019,12,1,P001389   ,1.0,1.0,DYR,18,"VORONOV, EVGENY",23:40,10,1,3,2,7,2,2,0,2,2,1,3,3,0,0,3,3,6,-9.0
2019,12,1,P005199   ,1.0,1.0,DYR,21,"ABROMAITIS, TIM",23:02,9,2,4,1,3,2,2,1,4,5,1,0,2,0,0,3,1,7,-12.0
2019,12,1,P004172   ,1.0,1.0,DYR,25,"PONITKA, MATEUSZ",15:43,2,0,1,0,0,2,2,0,1,1,2,0,0,0,1,1,2,4,-3.0
2019,12,1,Team,0.0,0.0,DYR,,Team,,0,0,0,0,0,0,0,0,1,1,0,0,2,0,0,0,0,-1,
2019,12,1,Total,,,DYR,,Total,200:00,63,13,28,8,26,13,16,12,21,33,20,7,18,2,1,19,20,71,
2019,12,0,P007870   ,0.0,0.0,BAR,0,"DAVIES, BRANDON",22:49,10,3,8,1,1,1,1,0,4,4,6,0,1,0,0,2,3,15,25.0
2019,12,0,P005099   ,1.0,0.0,BAR,8,"HANGA, ADAM",17:29,0,0,0,0,0,0,0,0,2,2,1,0,0,0,0,4,1,0,11.0
2019,12,0,P007109   ,0.0,1.0,BAR,10,"SMITS, ROLANDS",01:15,3,0,0,1,1,0,0,1,0,1,1,0,0,0,0,0,0,5,5.0
2019,12,0,P004834   ,0.0,0.0,BAR,14,"PUSTOVYI, ARTEM",DNP,0,0,0,0,0,0,0,0,0,0,0,0,0,0,0,0,0,0,0.0
2019,12,0,P005917   ,0.0,1.0,BAR,18,"ORIOLA, PIERRE",12:02,4,1,1,0,0,2,2,1,0,1,2,0,0,0,0,1,1,7,13.0
2019,12,0,P003478   ,0.0,0.0,BAR,21,"ABRINES, ALEX",04:17,3,0,0,1,1,0,0,0,0,0,0,0,0,0,0,2,0,1,7.0
2019,12,0,P004331   ,1.0,0.0,BAR,23,"DELANEY, MALCOLM",16:57,5,1,4,0,2,3,4,0,0,0,2,2,4,0,1,2,3,-1,-5.0
2019,12,0,P005789   ,0.0,1.0,BAR,24,"KURIC, KYLE",29:41,24,5,10,4,4,2,3,3,0,3,3,0,0,0,0,2,4,26,28.0
2019,12,0,P000556   ,1.0,1.0,BAR,30,"CLAVER, VICTOR",34:04,12,2,5,2,4,2,2,0,4,4,3,1,0,1,0,1,1,16,16.0
2019,12,0,P008985   ,0.0,1.0,BAR,31,"BOLMARO, LEANDRO",17:32,5,1,5,0,1,3,3,0,1,1,1,2,1,0,1,4,3,1,15.0
2019,12,0,P000796   ,1.0,0.0,BAR,33,"MIROTIC, NIKOLA",27:58,17,5,8,1,6,4,4,5,5,10,0,1,2,0,0,0,3,21,11.0
2019,12,0,P002507   ,1.0,0.0,BAR,44,"TOMIC, ANTE",15:56,4,2,4,0,0,0,0,0,3,3,1,0,1,0,0,2,0,3,-6.0
2019,12,0,Team,0.0,0.0,BAR,,Team,,0,0,0,0,0,0,0,3,2,5,0,0,0,0,0,0,0,5,
2019,12,0,Total,,,BAR,,Total,200:00,87,20,45,10,20,17,19,13,21,34,20,6,9,1,2,20,19,99,
2019,13,1,P000229   ,0.0,0.0,ASV,1,"JACKSON, EDWIN",18:49,6,2,5,0,3,2,2,0,2,2,1,2,3,0,0,2,4,4,-11.0
2019,13,1,P005247   ,1.0,1.0,ASV,2,"TAYLOR, JORDAN",23:24,8,2,7,1,3,1,2,0,2,2,4,2,2,0,1,3,3,5,8.0
2019,13,1,P009733   ,1.0,0.0,ASV,3,"JEKIRI, TONYE",22:46,15,6,10,0,0,3,4,7,5,12,1,0,0,0,0,1,3,25,-5.0
2019,13,1,PKIR      ,1.0,1.0,ASV,5,"KAHUDI, CHARLES",21:13,10,2,5,2,2,0,0,1,1,2,0,1,1,0,0,1,1,9,0.0
2019,13,1,P005553   ,0.0,0.0,ASV,9,"LOMAZS, RIHARDS",09:05,5,0,0,1,1,2,2,0,0,0,1,0,1,0,0,4,1,2,-2.0
2019,13,1,P008851   ,0.0,0.0,ASV,11,"GALLIOU, CHARLES",03:59,0,0,0,0,0,0,0,1,0,1,0,0,0,0,0,2,0,-1,-5.0
2019,13,1,P006068   ,0.0,0.0,ASV,12,"NOUA, AMINE",11:40,2,1,1,0,2,0,0,0,1,1,0,0,0,1,0,1,0,1,-1.0
2019,13,1,P002536   ,1.0,1.0,ASV,17,"JEAN-CHARLES, LIVIO",20:23,8,4,6,0,2,0,0,3,3,6,1,1,1,1,0,3,0,9,5.0
2019,13,1,PTFK      ,1.0,1.0,ASV,19,"DIOT, ANTOINE",27:43,6,2,5,0,4,2,2,0,0,0,6,2,3,0,1,2,4,5,8.0
2019,13,1,P004655   ,0.0,0.0,ASV,21,"BAKO, ISMAEL",11:04,1,0,0,0,0,1,2,0,2,2,0,0,0,1,0,1,1,3,-4.0
2019,13,1,P003526   ,0.0,1.0,ASV,23,"LIGHTY, DAVID",29:54,18,4,7,3,5,1,1,2,2,4,4,0,2,0,1,1,2,19,12.0
2019,13,1,P008099   ,0.0,0.0,ASV,32,"STRAZEL, MATTHEW",DNP,0,0,0,0,0,0,0,0,0,0,0,0,0,0,0,0,0,0,0.0
2019,13,1,Team,0.0,0.0,ASV,,Team,,0,0,0,0,0,0,0,4,0,4,0,0,0,0,0,0,0,4,
2019,13,1,Total,,,ASV,,Total,200:00,79,23,46,7,22,12,15,18,18,36,18,8,13,3,3,21,19,85,
2019,13,0,P005094   ,1.0,1.0,PAN,0,"THOMAS, DESHAUN",32:16,22,7,11,2,2,2,2,4,2,6,2,1,1,1,1,1,4,29,3.0
2019,13,0,P003367   ,0.0,0.0,PAN,5,"RICE, TYRESE",13:44,6,1,2,1,3,1,2,1,0,1,0,0,2,0,0,2,1,0,0.0
2019,13,0,P005844   ,1.0,0.0,PAN,6,"PAPAGIANNIS, GEORGIOS",12:56,6,3,6,0,0,0,0,2,1,3,0,0,1,0,0,3,0,2,17.0
2019,13,0,P005161   ,1.0,1.0,PAN,10,"PAPAPETROU, IOANNIS",28:49,4,2,4,0,3,0,2,1,3,4,0,0,1,0,1,3,1,-3,1.0
2019,13,0,PTFX      ,0.0,0.0,PAN,15,"VOUGIOUKAS, IAN",DNP,0,0,0,0,0,0,0,0,0,0,0,0,0,0,0,0,0,0,0.0
2019,13,0,P009816   ,0.0,1.0,PAN,24,"JOHNSON, WESLEY",16:11,0,0,0,0,1,0,0,0,1,1,1,0,1,1,0,2,0,-1,-6.0
2019,13,0,P009817   ,0.0,0.0,PAN,25,"BROWN, RION",03:47,0,0,0,0,0,0,2,0,1,1,0,0,0,0,0,1,1,-1,-7.0
2019,13,0,P009842   ,1.0,1.0,PAN,32,"FREDETTE, JIMMER",28:17,18,1,4,4,6,4,5,0,4,4,3,0,2,0,1,3,3,16,2.0
2019,13,0,P001932   ,1.0,1.0,PAN,33,"CALATHES, NICK",33:57,13,3,4,1,4,4,6,0,3,3,8,3,7,0,0,2,7,19,6.0
2019,13,0,P009472   ,0.0,0.0,PAN,35,"WILEY, JACOB",19:42,7,3,4,0,0,1,4,0,3,3,0,2,1,1,0,2,2,8,-9.0
2019,13,0,P007866   ,0.0,0.0,PAN,44,"MITOGLOU, KONSTANTINOS",06:54,2,0,0,0,1,2,2,1,0,1,0,0,0,0,0,0,1,3,-8.0
2019,13,0,P009818   ,0.0,0.0,PAN,50,"BENTIL, BENJAMIN",03:27,0,0,0,0,0,0,2,1,0,1,0,0,0,0,0,0,1,0,-4.0
2019,13,0,Team,0.0,0.0,PAN,,Team,,0,0,0,0,0,0,0,1,4,5,0,0,1,0,0,0,0,4,
2019,13,0,Total,,,PAN,,Total,200:00,78,20,35,8,20,14,27,11,22,33,14,6,17,3,3,19,21,76,
2019,14,1,P001392   ,0.0,0.0,MAD,1,"CAUSEUR, FABIEN",13:23,7,2,2,1,1,0,0,0,2,2,3,0,0,0,0,2,1,11,3.0
2019,14,1,P005757   ,1.0,1.0,MAD,3,"RANDOLPH, ANTHONY",25:17,11,3,8,1,3,2,3,0,4,4,0,2,0,0,1,2,5,11,-7.0
2019,14,1,PBMT      ,1.0,1.0,MAD,5,"FERNANDEZ, RUDY",21:38,6,0,3,2,6,0,0,1,1,2,2,0,1,0,0,4,1,-1,-2.0
2019,14,1,P005928   ,1.0,1.0,MAD,7,"CAMPAZZO, FACUNDO",23:03,10,1,4,1,4,5,6,0,0,0,4,1,3,0,0,2,7,10,2.0
2019,14,1,P006435   ,0.0,0.0,MAD,8,"LAPROVITTOLA, NICOLAS",DNP,0,0,0,0,0,0,0,0,0,0,0,0,0,0,0,0,0,0,0.0
2019,14,1,P009005   ,0.0,0.0,MAD,14,"DECK, GABRIEL",13:52,8,3,3,0,1,2,2,0,0,0,0,1,1,0,0,1,2,8,5.0
2019,14,1,P007630   ,0.0,0.0,MAD,16,"GARUBA, USMAN",DNP,0,0,0,0,0,0,0,0,0,0,0,0,0,0,0,0,0,0,0.0
2019,14,1,P001960   ,0.0,0.0,MAD,20,"CARROLL, JAYCEE",16:42,14,1,2,4,7,0,1,0,0,0,0,0,0,0,1,1,1,8,7.0
2019,14,1,P005791   ,1.0,1.0,MAD,22,"TAVARES, WALTER",19:35,2,1,2,0,0,0,0,3,4,7,1,0,1,0,0,2,2,8,-3.0
2019,14,1,PTGB      ,0.0,0.0,MAD,23,"LLULL, SERGIO",22:27,6,1,3,1,4,1,2,0,2,2,5,0,1,0,0,2,1,5,1.0
2019,14,1,P008847   ,0.0,0.0,MAD,25,"MICKEY, JORDAN",20:25,16,4,5,0,0,8,8,3,8,11,1,0,2,0,0,1,6,30,4.0
2019,14,1,P006546   ,1.0,1.0,MAD,44,"TAYLOR, JEFFERY",23:38,6,0,3,2,5,0,0,3,3,6,2,0,1,0,0,2,0,5,-5.0
2019,14,1,Team,0.0,0.0,MAD,,Team,,0,0,0,0,0,0,0,4,0,4,0,0,0,0,0,0,0,4,
2019,14,1,Total,,,MAD,,Total,200:00,86,16,35,12,31,18,22,14,24,38,18,4,10,0,2,19,26,99,
2019,14,0,P009846   ,0.0,1.0,TEL,0,"BRYANT, ELIJAH",20:46,15,6,9,1,2,0,0,1,2,3,0,0,2,0,0,4,0,8,7.0
2019,14,0,P006661   ,1.0,1.0,TEL,1,"WILBEKIN, SCOTTIE",27:39,22,3,6,4,9,4,4,0,2,2,4,3,1,1,0,2,6,27,11.0
2019,14,0,P009847   ,1.0,1.0,TEL,2,"ACY, QUINCY",22:22,3,0,1,1,2,0,0,0,3,3,1,2,1,0,0,2,0,4,-4.0
2019,14,0,P005160   ,0.0,0.0,TEL,5,"HUNTER, OTHELLO",21:11,6,2,3,0,1,2,2,1,6,7,0,0,0,0,0,1,1,11,-15.0
2019,14,0,PJFO      ,0.0,0.0,TEL,7,"CASSPI, OMRI",DNP,0,0,0,0,0,0,0,0,0,0,0,0,0,0,0,0,0,0,0.0
2019,14,0,P007675   ,0.0,0.0,TEL,8,"AVDIJA, DENI",07:44,0,0,2,0,0,0,0,0,1,1,0,0,0,1,0,2,1,-1,-2.0
2019,14,0,P009849   ,0.0,1.0,TEL,11,"DORSEY, TYLER",15:33,5,1,4,0,1,3,4,1,3,4,1,1,0,0,0,1,4,9,-8.0
2019,14,0,P007990   ,0.0,0.0,TEL,12,"DIBARTOLOMEO, JOHN",16:22,15,3,3,3,7,0,0,0,0,0,0,0,0,0,0,5,3,9,-6.0
2019,14,0,P006555   ,1.0,0.0,TEL,14,"WOLTERS, NATE",22:38,7,2,3,1,4,0,0,0,2,2,1,0,1,0,0,5,1,1,8.0
2019,14,0,P005145   ,0.0,0.0,TEL,15,"COHEN, JAKE",16:56,7,3,3,0,1,1,2,2,2,4,0,0,1,0,0,0,2,10,3.0
2019,14,0,P008991   ,1.0,1.0,TEL,28,"BLACK, TARIK",18:49,5,2,3,0,0,1,2,1,2,3,2,1,1,0,0,4,1,5,14.0
2019,14,0,P006625   ,1.0,0.0,TEL,50,"ZOOSMAN, YOVEL",10:00,0,0,0,0,0,0,0,0,0,0,0,0,0,0,0,0,0,0,-13.0
2019,14,0,Team,0.0,0.0,TEL,,Team,,0,0,0,0,0,0,0,2,2,4,0,0,0,0,0,0,0,4,
2019,14,0,Total,,,TEL,,Total,200:00,85,22,37,10,27,11,14,8,25,33,9,7,7,2,0,26,19,87,
2019,15,1,PKVZ      ,1.0,1.0,KHI,1,"SHVED, ALEXEY",32:31,21,5,11,1,8,8,8,0,2,2,8,0,6,0,2,3,6,13,3.0
2019,15,1,P004810   ,0.0,0.0,KHI,3,"KRAMER, CHRIS",DNP,0,0,0,0,0,0,0,0,0,0,0,0,0,0,0,0,0,0,0.0
2019,15,1,P007056   ,1.0,1.0,KHI,5,"BOOKER, DEVIN",26:44,14,6,8,0,1,2,2,2,2,4,1,1,0,2,0,4,2,17,0.0
2019,15,1,P005718   ,1.0,1.0,KHI,6,"TIMMA, JANIS",32:32,18,4,5,2,4,4,4,0,3,3,4,1,1,0,1,3,3,21,7.0
2019,15,1,P001792   ,0.0,0.0,KHI,8,"ZAYTSEV, VYACHESLAV",18:49,3,0,3,0,0,3,4,1,2,3,2,0,0,2,0,3,2,5,8.0
2019,15,1,P005909   ,0.0,0.0,KHI,10,"DESIATNIKOV, ANDREI",00:01,0,0,0,0,0,0,0,0,0,0,0,0,0,0,0,0,0,0,2.0
2019,15,1,P009748   ,1.0,0.0,KHI,11,"JEREBKO, JONAS",17:41,2,1,1,0,2,0,0,1,3,4,0,0,1,0,0,4,2,1,7.0
2019,15,1,PBFX      ,0.0,0.0,KHI,12,"MONIA, SERGEY",06:30,0,0,0,0,1,0,0,0,2,2,0,0,0,0,0,1,0,0,-2.0
2019,15,1,P008001   ,0.0,0.0,KHI,13,"GILL, ANTHONY",14:11,2,0,1,0,1,2,2,0,5,5,0,0,1,0,0,3,2,3,-9.0
2019,15,1,P009923   ,0.0,0.0,KHI,34,"BARASHKOV, MAKSIM",DNP,0,0,0,0,0,0,0,0,0,0,0,0,0,0,0,0,0,0,0.0
2019,15,1,P007432   ,0.0,1.0,KHI,40,"EVANS, JEREMY",26:38,17,5,7,2,3,1,1,1,5,6,1,2,2,3,0,3,2,23,5.0
2019,15,1,P000436   ,1.0,1.0,KHI,45,"BERTANS, DAIRIS",24:23,2,1,2,0,4,0,0,0,1,1,1,0,3,0,1,2,2,-5,-6.0
2019,15,1,Team,0.0,0.0,KHI,,Team,,0,0,0,0,0,0,0,5,3,8,0,0,0,0,0,0,0,8,
2019,15,1,Total,,,KHI,,Total,200:00,79,22,38,5,24,20,21,10,28,38,17,4,14,7,4,26,21,86,
2019,15,0,P007947   ,1.0,0.0,BAS,3,"VILDOZA, LUCA",17:06,10,2,4,1,2,3,3,0,3,3,1,0,0,1,0,3,2,11,-2.0
2019,15,0,P008032   ,0.0,0.0,BAS,5,"GONZALEZ, MIGUEL",DNP,0,0,0,0,0,0,0,0,0,0,0,0,0,0,0,0,0,0,0.0
2019,15,0,P006754   ,0.0,1.0,BAS,7,"HENRY, PIERRIA",31:14,16,7,10,0,0,2,3,2,2,4,3,5,1,0,1,2,4,24,5.0
2019,15,0,P004165   ,0.0,1.0,BAS,11,"JANNING, MATT",28:31,6,0,3,2,8,0,0,1,4,5,3,2,1,1,0,4,0,3,14.0
2019,15,0,P003540   ,0.0,0.0,BAS,12,"DIOP, ILIMANE",10:31,2,1,2,0,1,0,0,1,0,1,1,0,0,1,1,1,1,2,8.0
2019,15,0,P006568   ,0.0,0.0,BAS,19,"FALL, YOUSSOUPHA",14:36,9,3,5,0,0,3,12,2,1,3,0,1,2,0,0,3,9,6,-9.0
2019,15,0,P009836   ,0.0,0.0,BAS,22,"STAUSKAS, NIKOLAS",DNP,0,0,0,0,0,0,0,0,0,0,0,0,0,0,0,0,0,0,0.0
2019,15,0,P001133   ,1.0,1.0,BAS,23,"SHENGELIA, TORNIKE",31:54,18,5,11,1,3,5,6,4,6,10,3,0,4,0,3,1,4,18,2.0
2019,15,0,P007994   ,1.0,0.0,BAS,29,"GARINO, PATRICIO",23:31,2,0,1,0,3,2,2,0,4,4,2,0,0,0,1,5,2,0,2.0
2019,15,0,P007831   ,1.0,1.0,BAS,31,"SHIELDS, SHAVON",19:38,0,0,4,0,1,0,0,2,0,2,0,0,1,1,1,0,0,-4,-28.0
2019,15,0,P002084   ,0.0,0.0,BAS,33,"POLONARA, ACHILLE",08:27,4,1,4,0,2,2,4,4,1,5,0,1,0,0,0,0,2,5,-3.0
2019,15,0,P007360   ,1.0,1.0,BAS,50,"ERIC, MICHAEL",14:32,9,4,4,0,0,1,3,0,0,0,0,1,0,0,0,2,2,8,-4.0
2019,15,0,Team,0.0,0.0,BAS,,Team,,0,0,0,0,0,0,0,4,2,6,0,0,2,0,0,0,0,4,
2019,15,0,Total,,,BAS,,Total,200:00,76,23,48,4,20,18,33,20,23,43,13,10,11,4,7,21,26,77,
2019,16,1,P007200   ,0.0,1.0,IST,0,"LARKIN, SHANE",30:06,26,3,7,5,9,5,7,0,5,5,5,0,0,0,0,2,7,31,7.0
2019,16,1,P006614   ,0.0,0.0,IST,2,"SINGLETON, CHRIS",14:14,2,1,2,0,0,0,0,0,4,4,1,1,0,0,0,1,1,7,0.0
2019,16,1,P003521   ,0.0,0.0,IST,4,"BALBAY, DOGUS",15:59,5,1,1,1,2,0,0,0,0,0,3,0,0,0,0,3,0,4,5.0
2019,16,1,P005686   ,1.0,0.0,IST,8,"GECIM, TOLGA",04:37,0,0,1,0,1,0,0,1,0,1,0,0,0,0,0,0,0,-1,-1.0
2019,16,1,P002968   ,0.0,0.0,IST,15,"SANLI, SERTAC",DNP,0,0,0,0,0,0,0,0,0,0,0,0,0,0,0,0,0,0,0.0
2019,16,1,P002925   ,0.0,0.0,IST,19,"TUNCER, BUGRAHAN",02:36,0,0,0,0,0,0,0,0,0,0,1,0,1,0,0,0,0,0,-5.0
2019,16,1,PLHK      ,0.0,0.0,IST,21,"PLEISS, TIBOR",14:29,16,6,7,0,0,4,4,1,2,3,0,0,2,1,0,1,2,18,-1.0
2019,16,1,P002580   ,1.0,1.0,IST,22,"MICIC, VASILIJE",41:55,23,3,10,4,6,5,6,2,1,3,13,4,2,0,0,4,5,32,-8.0
2019,16,1,P005938   ,1.0,1.0,IST,23,"ANDERSON, JAMES",37:24,2,1,5,0,0,0,0,1,3,4,1,0,0,0,1,2,1,1,7.0
2019,16,1,P008829   ,1.0,1.0,IST,25,"PETERS, ALEC",30:46,14,5,8,1,2,1,1,1,1,2,0,0,0,0,1,3,1,9,1.0
2019,16,1,P003048   ,1.0,1.0,IST,42,"DUNSTON, BRYANT",30:31,18,7,7,0,0,4,6,0,4,4,4,0,1,2,0,3,4,26,2.0
2019,16,1,PCPR      ,0.0,0.0,IST,44,"SIMON, KRUNOSLAV",02:23,0,0,0,0,0,0,0,0,0,0,0,0,0,0,0,0,0,0,-2.0
2019,16,1,Team,0.0,0.0,IST,,Team,,0,0,0,0,0,0,0,1,2,3,0,0,0,0,0,0,0,3,
2019,16,1,Total,,,IST,,Total,225:00,106,27,48,11,20,19,24,7,22,29,28,5,6,3,2,19,21,130,
2019,16,0,P009600   ,0.0,0.0,BER,1,"MASON, MAKAI",04:18,2,1,1,0,0,0,0,0,0,0,1,0,0,0,0,2,0,1,-3.0
2019,16,0,P007125   ,0.0,1.0,BER,3,"SIVA, PEYTON",20:51,10,0,1,1,8,7,8,0,1,1,2,2,2,0,0,2,6,8,-6.0
2019,16,0,P001557   ,0.0,1.0,BER,5,"GIFFEY, NIELS",26:22,13,4,4,1,2,2,2,1,3,4,4,0,0,1,0,2,2,21,-7.0
2019,16,0,P008211   ,0.0,0.0,BER,6,"DELOW, MALTE",DNP,0,0,0,0,0,0,0,0,0,0,0,0,0,0,0,0,0,0,0.0
2019,16,0,P007025   ,1.0,0.0,BER,9,"MATTISSECK, JONAS",22:03,8,1,2,2,3,0,0,1,0,1,3,1,1,0,0,1,0,9,-3.0
2019,16,0,P006251   ,0.0,1.0,BER,10,"SCHNEIDER, TIM",16:43,4,0,0,1,2,1,2,1,0,1,0,0,0,0,0,0,1,4,-4.0
2019,16,0,P008780   ,1.0,0.0,BER,15,"HERMANNSSON, MARTIN",20:40,4,2,6,0,0,0,0,0,1,1,11,0,2,0,1,2,1,8,10.0
2019,16,0,P003242   ,0.0,0.0,BER,25,"OGBE, KENNETH",09:18,4,2,3,0,0,0,0,0,3,3,0,0,0,0,0,1,1,6,2.0
2019,16,0,P006436   ,1.0,1.0,BER,31,"GIEDRAITIS, ROKAS",31:28,21,5,9,3,5,2,2,2,4,6,0,0,1,0,1,1,4,22,4.0
2019,16,0,P009601   ,0.0,1.0,BER,34,"CAVANAUGH, TYLER",18:41,14,2,6,3,6,1,1,1,7,8,0,1,0,0,1,1,2,16,4.0
2019,16,0,P009051   ,1.0,0.0,BER,35,"NNOKO, LANDRY",23:42,10,5,6,0,0,0,0,4,1,5,2,0,0,1,0,4,1,14,-4.0
2019,16,0,P006589   ,1.0,0.0,BER,43,"SIKMA, LUKE",30:54,15,3,10,3,4,0,0,2,6,8,5,0,1,0,0,5,1,15,2.0
2019,16,0,Team,0.0,0.0,BER,,Team,,0,0,0,0,0,0,0,2,1,3,0,0,0,0,0,0,0,3,
2019,16,0,Total,,,BER,,Total,225:00,105,25,48,14,30,13,15,14,27,41,28,4,7,2,3,21,19,127,
2019,17,1,P009862   ,0.0,1.0,OLY,0,"PUNTER, KEVIN XAVIER",20:08,11,1,3,2,5,3,4,0,2,2,4,0,0,0,0,2,5,14,9.0
2019,17,1,P009863   ,0.0,1.0,OLY,2,"BALDWIN IV, WADE",23:37,4,2,5,0,0,0,0,0,2,2,1,1,3,0,0,3,1,0,11.0
2019,17,1,P004945   ,1.0,0.0,OLY,3,"PAUL, BRANDON",15:37,2,0,1,0,2,2,2,0,2,2,1,2,1,0,0,2,2,3,17.0
2019,17,1,P005255   ,1.0,0.0,OLY,6,"KONIARIS, ANTONIOS",14:17,0,0,0,0,1,0,0,0,0,0,0,3,2,1,0,3,1,-1,12.0
2019,17,1,PJUO      ,1.0,0.0,OLY,7,"SPANOULIS, VASSILIS",21:58,17,4,7,3,6,0,0,0,4,4,6,0,2,0,0,1,0,18,20.0
2019,17,1,P006058   ,0.0,0.0,OLY,10,"CHERRY, WILL",DNP,0,0,0,0,0,0,0,0,0,0,0,0,0,0,0,0,0,0,0.0
2019,17,1,P003941   ,1.0,0.0,OLY,11,"MILUTINOV, NIKOLA",26:48,17,7,11,0,0,3,4,8,6,14,2,1,0,0,0,2,2,29,18.0
2019,17,1,P003469   ,0.0,1.0,OLY,14,"VEZENKOV, SASHA",03:38,0,0,0,0,0,0,0,0,0,0,0,0,0,0,0,0,0,0,-2.0
2019,17,1,PAMM      ,1.0,0.0,OLY,15,"PRINTEZIS, GEORGIOS",21:57,13,4,6,0,0,5,5,1,2,3,3,0,2,0,0,1,5,19,16.0
2019,17,1,P001255   ,0.0,1.0,OLY,16,"PAPANIKOLAOU, KOSTAS",24:23,12,1,2,3,3,1,1,0,1,1,0,5,3,1,0,0,1,16,9.0
2019,17,1,P002008   ,0.0,0.0,OLY,19,"KUZMINSKAS, MINDAUGAS",14:25,13,4,5,1,2,2,3,1,3,4,0,1,2,0,0,2,2,13,12.0
2019,17,1,P006477   ,0.0,1.0,OLY,21,"RUBIT, AUGUSTINE",13:12,0,0,1,0,0,0,0,0,1,1,0,0,0,1,0,1,2,2,8.0
2019,17,1,Team,0.0,0.0,OLY,,Team,,0,0,0,0,0,0,0,3,0,3,0,0,0,0,0,0,0,3,
2019,17,1,Total,,,OLY,,Total,200:00,89,23,41,9,19,16,19,13,23,36,17,13,15,3,0,17,21,116,
2019,17,0,P006533   ,0.0,0.0,PAM,1,"COLOM, QUINO",11:11,5,1,1,1,3,0,0,0,2,2,2,0,2,0,0,0,1,6,-5.0
2019,17,0,P004761   ,1.0,0.0,PAM,2,"MARINKOVIC, VANJA",16:33,3,0,0,1,3,0,0,0,0,0,1,0,1,0,0,0,0,1,-23.0
2019,17,0,P009754   ,1.0,0.0,PAM,3,"LOYD, JORDAN",20:21,12,1,2,3,5,1,2,0,2,2,0,0,3,0,0,4,1,4,-26.0
2019,17,0,P006726   ,0.0,1.0,PAM,5,"NDOUR, MAURICE",17:02,8,3,3,0,0,2,2,1,1,2,0,3,0,0,0,3,1,11,-3.0
2019,17,0,P003733   ,0.0,1.0,PAM,6,"ABALDE, ALBERTO",14:48,2,1,4,0,2,0,0,2,2,4,2,1,1,0,2,0,0,1,-3.0
2019,17,0,PLRQ      ,1.0,1.0,PAM,9,"VAN ROSSOM, SAM",22:46,3,0,0,1,4,0,0,0,1,1,4,0,4,0,0,2,1,0,-3.0
2019,17,0,P008966   ,0.0,1.0,PAM,10,"TOBEY, MIKE",17:53,6,3,6,0,3,0,0,2,1,3,0,0,2,0,0,2,2,1,-7.0
2019,17,0,P006599   ,1.0,0.0,PAM,12,"MOTUM, BROCK",19:10,11,2,3,1,1,4,6,0,2,2,0,0,0,0,0,3,5,12,-17.0
2019,17,0,P002742   ,1.0,0.0,PAM,14,"DUBLJEVIC, BOJAN",22:07,4,2,4,0,1,0,0,1,3,4,1,3,3,0,0,1,1,6,-19.0
2019,17,0,P002361   ,0.0,1.0,PAM,16,"VIVES, GUILLEM",22:14,5,2,3,0,3,1,1,0,2,2,4,2,3,0,1,2,4,7,-12.0
2019,17,0,P002936   ,0.0,0.0,PAM,30,"SASTRE, JOAN",05:05,3,0,0,1,2,0,0,0,0,0,0,0,0,0,0,1,0,1,-6.0
2019,17,0,P002763   ,0.0,0.0,PAM,42,"DOORNEKAMP, AARON",10:50,1,0,1,0,0,1,2,0,0,0,1,1,1,0,0,3,1,-2,-6.0
2019,17,0,Team,0.0,0.0,PAM,,Team,,0,0,0,0,0,0,0,2,0,2,0,0,0,0,0,0,0,2,
2019,17,0,Total,,,PAM,,Total,200:00,63,15,27,8,27,9,13,8,16,24,15,10,20,0,3,21,17,50,
2019,18,1,P005884   ,0.0,0.0,MIL,0,"DELLA VALLE, AMEDEO",05:24,4,1,1,0,0,2,2,0,0,0,0,0,0,0,0,1,1,4,0.0
2019,18,1,P000529   ,0.0,1.0,MIL,5,"MICOV, VLADIMIR",22:37,13,3,6,1,2,4,4,0,0,0,0,0,2,0,0,1,4,10,5.0
2019,18,1,P009903   ,0.0,1.0,MIL,6,"BILIGHA, PAUL",15:48,4,1,3,0,0,2,2,1,0,1,0,1,0,1,0,2,2,5,0.0
2019,18,1,P000726   ,0.0,0.0,MIL,9,"MORASCHINI, RICCARDO",04:42,0,0,1,0,0,0,0,0,0,0,0,0,2,0,0,0,0,-3,-4.0
2019,18,1,P004974   ,1.0,1.0,MIL,10,"ROLL, MICHAEL",24:46,6,3,5,0,1,0,0,1,4,5,1,0,4,0,0,2,1,4,-12.0
2019,18,1,PCVM      ,1.0,1.0,MIL,13,"RODRIGUEZ, SERGIO",28:34,17,2,3,3,4,4,4,0,1,1,6,1,2,2,0,3,4,24,2.0
2019,18,1,P008004   ,1.0,0.0,MIL,15,"TARCZEWSKI, KALEB",15:52,8,3,5,0,0,2,2,1,5,6,0,0,0,0,0,4,1,9,9.0
2019,18,1,PKIW      ,0.0,0.0,MIL,20,"CINCIARINI, ANDREA",08:59,0,0,0,0,1,0,0,0,1,1,1,0,0,0,0,2,0,-1,2.0
2019,18,1,P005692   ,0.0,0.0,MIL,23,"BURNS, CHRISTIAN",DNP,0,0,0,0,0,0,0,0,0,0,0,0,0,0,0,0,0,0,0.0
2019,18,1,P006505   ,0.0,0.0,MIL,30,"WHITE, AARON",18:59,8,2,4,0,0,4,5,1,1,2,0,0,1,1,0,1,5,11,4.0
2019,18,1,P004117   ,1.0,1.0,MIL,32,"BROOKS, JEFF",31:46,14,3,3,2,3,2,2,2,3,5,3,2,0,1,0,1,1,24,18.0
2019,18,1,PAJG      ,1.0,0.0,MIL,40,"SCOLA, LUIS",22:33,11,4,8,1,3,0,2,4,0,4,3,1,1,0,0,4,4,10,-4.0
2019,18,1,Team,0.0,0.0,MIL,,Team,,0,0,0,0,0,0,0,0,1,1,0,0,2,0,0,0,0,-1,
2019,18,1,Total,,,MIL,,Total,200:00,85,22,39,7,14,20,23,10,16,26,14,5,14,5,0,21,23,96,
2019,18,0,P008855   ,0.0,1.0,ZAL,0,"WALKUP, THOMAS",23:33,19,7,9,0,1,5,5,0,4,4,2,1,1,0,0,2,4,24,7.0
2019,18,0,P009752   ,1.0,0.0,ZAL,2,"PEREZ, ALEX",06:57,0,0,1,0,1,0,0,2,0,2,1,1,0,0,0,0,1,3,-2.0
2019,18,0,P003210   ,0.0,0.0,ZAL,4,"LEKAVICIUS, LUKAS",18:49,11,4,7,1,1,0,0,1,0,1,4,2,0,0,2,4,1,10,-2.0
2019,18,0,P008962   ,1.0,1.0,ZAL,10,"HAYES, NIGEL",24:37,5,1,3,1,2,0,0,2,3,5,0,0,0,0,0,2,1,6,-1.0
2019,18,0,PBWI      ,0.0,0.0,ZAL,13,"JANKUNAS, PAULIUS",06:29,6,0,1,0,1,6,6,1,1,2,0,0,0,0,0,0,4,10,-2.0
2019,18,0,PKPD      ,0.0,1.0,ZAL,21,"MILAKNIS, ARTURAS",32:37,8,1,2,2,3,0,0,0,2,2,1,2,1,0,0,3,0,7,-5.0
2019,18,0,P009753   ,0.0,0.0,ZAL,23,"GEBEN, MARTINAS",06:31,2,1,1,0,0,0,0,0,1,1,1,0,1,0,0,0,0,3,1.0
2019,18,0,P007519   ,0.0,0.0,ZAL,31,"JOKUBAITIS, ROKAS",DNP,0,0,0,0,0,0,0,0,0,0,0,0,0,0,0,0,0,0,0.0
2019,18,0,P008987   ,0.0,0.0,ZAL,32,"LEDAY, ZACH",17:17,5,1,6,0,1,3,3,1,2,3,1,0,0,0,1,4,3,1,-5.0
2019,18,0,P008820   ,1.0,1.0,ZAL,34,"LANDALE, JOCK",25:06,10,2,5,1,3,3,4,2,2,4,0,0,2,0,1,2,3,6,-3.0
2019,18,0,P002328   ,1.0,1.0,ZAL,40,"GRIGONIS, MARIUS",24:13,13,3,5,1,4,4,4,0,0,0,0,0,1,0,1,3,4,7,-7.0
2019,18,0,P002329   ,1.0,0.0,ZAL,92,"ULANOVAS, EDGARAS",13:51,2,1,2,0,0,0,0,2,0,2,0,1,4,0,0,3,0,-3,-1.0
2019,18,0,Team,0.0,0.0,ZAL,,Team,,0,0,0,0,0,0,0,4,1,5,0,0,3,0,0,0,0,2,
2019,18,0,Total,,,ZAL,,Total,200:00,81,21,42,6,17,21,22,15,16,31,10,7,13,0,5,23,21,76,
2019,19,1,P009035   ,0.0,0.0,CSK,3,"BOLOMBOY, JOEL",12:43,2,1,1,0,0,0,0,1,3,4,1,0,2,0,0,2,2,5,-5.0
2019,19,1,P005985   ,1.0,1.0,CSK,5,"JAMES, MIKE",29:39,28,6,12,3,7,7,8,1,2,3,5,1,4,0,1,1,6,26,15.0
2019,19,1,P004941   ,0.0,0.0,CSK,11,"ANTONOV, SEMEN",DNP,0,0,0,0,0,0,0,0,0,0,0,0,0,0,0,0,0,0,0.0
2019,19,1,P000046   ,0.0,0.0,CSK,13,"STRELNIEKS, JANIS",DNP,0,0,0,0,0,0,0,0,0,0,0,0,0,0,0,0,0,0,0.0
2019,19,1,P007201   ,1.0,0.0,CSK,17,"VOIGTMANN, JOHANNES",14:04,3,1,3,0,2,1,4,0,1,1,0,0,0,0,2,2,4,-3,6.0
2019,19,1,PLHI      ,0.0,0.0,CSK,20,"VORONTSEVICH, ANDREY",11:55,7,2,4,1,1,0,0,2,0,2,0,0,0,0,0,2,0,5,-1.0
2019,19,1,P004888   ,0.0,1.0,CSK,21,"CLYBURN, WILL",23:55,21,8,13,1,2,2,3,4,2,6,2,1,1,0,1,3,2,20,8.0
2019,19,1,P001844   ,0.0,1.0,CSK,23,"HACKETT, DANIEL",21:21,11,1,2,3,5,0,0,0,2,2,1,0,0,0,0,2,2,11,3.0
2019,19,1,P008989   ,1.0,1.0,CSK,32,"HILLIARD, DARRUN",26:03,13,2,6,3,9,0,0,2,2,4,2,3,1,0,2,2,0,7,14.0
2019,19,1,PJLX      ,1.0,0.0,CSK,41,"KURBANOV, NIKITA",21:44,8,1,2,2,2,0,0,3,2,5,0,1,0,0,0,2,0,11,12.0
2019,19,1,P002812   ,1.0,1.0,CSK,42,"HINES, KYLE",27:17,3,1,2,0,0,1,3,2,4,6,4,2,1,1,0,3,2,11,18.0
2019,19,1,P009767   ,0.0,0.0,CSK,84,"BAKER, RON",11:19,3,0,0,1,1,0,0,1,0,1,0,0,0,0,0,1,1,4,-5.0
2019,19,1,Team,0.0,0.0,CSK,,Team,,0,0,0,0,0,0,0,2,2,4,0,0,0,0,0,0,0,4,
2019,19,1,Total,,,CSK,,Total,200:00,99,23,45,14,29,11,18,18,20,38,15,8,9,1,6,20,19,101,
2019,19,0,PKVZ      ,1.0,1.0,KHI,1,"SHVED, ALEXEY",29:59,25,1,7,6,11,5,5,0,1,1,2,1,4,0,0,4,4,14,-7.0
2019,19,0,P007056   ,1.0,1.0,KHI,5,"BOOKER, DEVIN",26:14,18,8,10,0,1,2,2,2,5,7,2,2,2,1,1,1,3,26,-16.0
2019,19,0,P005718   ,1.0,1.0,KHI,6,"TIMMA, JANIS",31:44,12,0,0,4,10,0,0,1,4,5,1,2,4,0,0,2,2,10,-16.0
2019,19,0,P004302   ,0.0,0.0,KHI,7,"KARASEV, SERGEY",08:59,0,0,1,0,1,0,0,0,0,0,2,0,0,0,0,3,0,-3,0.0
2019,19,0,P001792   ,1.0,0.0,KHI,8,"ZAYTSEV, VYACHESLAV",15:29,4,2,3,0,0,0,0,2,2,4,2,0,0,0,0,1,2,10,-11.0
2019,19,0,P005909   ,0.0,0.0,KHI,10,"DESIATNIKOV, ANDREI",DNP,0,0,0,0,0,0,0,0,0,0,0,0,0,0,0,0,0,0,0.0
2019,19,0,P009748   ,1.0,0.0,KHI,11,"JEREBKO, JONAS",12:04,1,0,0,0,1,1,2,0,2,2,2,0,0,1,0,2,1,3,-7.0
2019,19,0,PBFX      ,0.0,0.0,KHI,12,"MONIA, SERGEY",DNP,0,0,0,0,0,0,0,0,0,0,0,0,0,0,0,0,0,0,0.0
2019,19,0,P008001   ,0.0,0.0,KHI,13,"GILL, ANTHONY",17:27,7,2,2,1,2,0,0,1,4,5,1,0,2,2,0,1,0,11,-5.0
2019,19,0,P009923   ,0.0,0.0,KHI,34,"BARASHKOV, MAKSIM",DNP,0,0,0,0,0,0,0,0,0,0,0,0,0,0,0,0,0,0,0.0
2019,19,0,P007432   ,0.0,1.0,KHI,40,"EVANS, JEREMY",27:41,8,4,4,0,0,0,3,1,3,4,2,1,1,2,0,3,4,14,-6.0
2019,19,0,P000436   ,0.0,1.0,KHI,45,"BERTANS, DAIRIS",30:23,11,2,2,1,5,4,4,0,0,0,3,0,0,0,0,3,4,11,3.0
2019,19,0,Team,0.0,0.0,KHI,,Team,,0,0,0,0,0,0,0,1,2,3,0,0,1,0,0,0,0,2,
2019,19,0,Total,,,KHI,,Total,200:00,86,19,29,12,31,12,16,8,23,31,17,6,14,6,1,20,20,98,
2019,20,1,P008855   ,0.0,0.0,ZAL,0,"WALKUP, THOMAS",20:56,6,3,6,0,1,0,0,2,4,6,4,0,2,0,0,5,2,7,0.0
2019,20,1,P009752   ,0.0,1.0,ZAL,2,"PEREZ, ALEX",17:33,5,1,5,1,1,0,0,0,1,1,3,1,0,0,0,2,1,5,8.0
2019,20,1,P003210   ,1.0,0.0,ZAL,4,"LEKAVICIUS, LUKAS",07:18,0,0,2,0,1,0,0,0,1,1,4,0,1,0,0,4,1,-2,4.0
2019,20,1,P008962   ,1.0,1.0,ZAL,10,"HAYES, NIGEL",23:35,15,3,6,3,5,0,0,0,2,2,0,1,0,0,0,2,0,11,2.0
2019,20,1,PBWI      ,0.0,0.0,ZAL,13,"JANKUNAS, PAULIUS",14:34,6,2,2,0,0,2,2,0,3,3,0,0,0,0,0,1,2,10,10.0
2019,20,1,PKPD      ,0.0,0.0,ZAL,21,"MILAKNIS, ARTURAS",08:44,0,0,1,0,0,0,0,0,0,0,0,0,0,0,1,3,0,-5,-4.0
2019,20,1,P009753   ,0.0,0.0,ZAL,23,"GEBEN, MARTINAS",DNP,0,0,0,0,0,0,0,0,0,0,0,0,0,0,0,0,0,0,0.0
2019,20,1,P007519   ,0.0,0.0,ZAL,31,"JOKUBAITIS, ROKAS",DNP,0,0,0,0,0,0,0,0,0,0,0,0,0,0,0,0,0,0,0.0
2019,20,1,P008987   ,0.0,1.0,ZAL,32,"LEDAY, ZACH",27:05,26,9,12,1,2,5,5,5,4,9,2,1,1,0,1,2,5,35,14.0
2019,20,1,P008820   ,1.0,0.0,ZAL,34,"LANDALE, JOCK",14:38,5,1,3,1,2,0,0,1,1,2,1,1,1,0,0,1,0,4,0.0
2019,20,1,P002328   ,1.0,1.0,ZAL,40,"GRIGONIS, MARIUS",31:36,13,4,8,1,3,2,2,1,3,4,5,3,1,0,0,3,4,19,18.0
2019,20,1,P002329   ,1.0,1.0,ZAL,92,"ULANOVAS, EDGARAS",34:01,10,1,4,1,1,5,6,2,3,5,3,0,1,0,0,1,5,17,13.0
2019,20,1,Team,0.0,0.0,ZAL,,Team,,0,0,0,0,0,0,0,2,1,3,0,0,1,0,0,0,0,2,
2019,20,1,Total,,,ZAL,,Total,200:00,86,24,49,8,16,14,15,13,23,36,22,7,8,0,2,24,20,103,
2019,20,0,P001392   ,0.0,0.0,MAD,1,"CAUSEUR, FABIEN",11:37,6,3,4,0,0,0,0,0,2,2,3,1,0,0,0,1,1,11,5.0
2019,20,0,P005757   ,1.0,1.0,MAD,3,"RANDOLPH, ANTHONY",30:21,15,3,4,3,5,0,0,0,2,2,0,1,2,0,0,3,5,15,-15.0
2019,20,0,PBMT      ,0.0,1.0,MAD,5,"FERNANDEZ, RUDY",22:22,2,0,0,0,3,2,2,1,0,1,3,1,0,0,0,2,2,4,-12.0
2019,20,0,P005928   ,1.0,1.0,MAD,7,"CAMPAZZO, FACUNDO",19:34,9,1,4,1,3,4,4,0,0,0,2,0,1,0,0,2,4,7,-9.0
2019,20,0,P006435   ,0.0,0.0,MAD,8,"LAPROVITTOLA, NICOLAS",12:50,5,1,2,1,3,0,0,0,2,2,2,0,1,0,0,1,2,6,-6.0
2019,20,0,PAAX      ,0.0,0.0,MAD,9,"REYES, FELIPE",03:44,0,0,1,0,1,0,0,0,0,0,0,0,0,0,0,0,1,-1,-2.0
2019,20,0,P009005   ,1.0,1.0,MAD,14,"DECK, GABRIEL",16:06,7,2,2,0,0,3,4,1,1,2,0,0,2,0,0,1,2,7,-11.0
2019,20,0,P001960   ,0.0,1.0,MAD,20,"CARROLL, JAYCEE",10:20,7,2,2,1,1,0,1,0,0,0,0,0,0,0,0,0,1,7,-5.0
2019,20,0,P005791   ,1.0,0.0,MAD,22,"TAVARES, WALTER",11:58,0,0,1,0,0,0,0,2,1,3,0,0,2,0,0,2,1,-1,-11.0
2019,20,0,PTGB      ,0.0,0.0,MAD,23,"LLULL, SERGIO",16:14,9,1,4,1,4,4,4,0,2,2,4,1,2,1,0,4,3,8,-2.0
2019,20,0,P008847   ,0.0,0.0,MAD,25,"MICKEY, JORDAN",26:08,6,3,5,0,1,0,0,1,5,6,3,0,2,1,0,4,1,8,7.0
2019,20,0,P006546   ,1.0,0.0,MAD,44,"TAYLOR, JEFFERY",18:46,7,2,3,1,2,0,0,0,1,1,1,0,0,0,0,1,1,7,-4.0
2019,20,0,Team,0.0,0.0,MAD,,Team,,0,0,0,0,0,0,0,3,3,6,0,0,0,0,0,0,0,6,
2019,20,0,Total,,,MAD,,Total,200:00,73,18,32,8,23,13,15,8,19,27,18,4,12,2,0,21,24,84,
2019,21,1,P002543   ,1.0,0.0,ULK,9,"WESTERMANN, LEO",06:58,3,0,0,1,1,0,0,0,2,2,1,0,1,0,0,5,0,0,1.0
2019,21,1,P002969   ,1.0,0.0,ULK,10,"MAHMUTOGLU, MELIH",08:19,0,0,0,0,1,0,0,0,0,0,1,0,0,0,0,1,0,-1,-2.0
2019,21,1,P004866   ,0.0,0.0,ULK,12,"KALINIC, NIKOLA",23:29,7,2,6,1,3,0,2,1,1,2,2,1,2,0,1,2,5,4,7.0
2019,21,1,P006961   ,0.0,1.0,ULK,13,"BIBEROVIC, TARIK",03:44,0,0,0,0,0,0,0,0,0,0,1,0,1,0,0,1,0,-1,-4.0
2019,21,1,P001926   ,1.0,1.0,ULK,16,"SLOUKAS, KOSTAS",30:35,6,3,4,0,0,0,0,0,3,3,6,1,4,0,0,3,2,10,4.0
2019,21,1,P002100   ,0.0,1.0,ULK,19,"DE COLO, NANDO",30:37,39,12,15,3,6,6,7,0,3,3,3,1,2,0,0,2,9,44,17.0
2019,21,1,P009006   ,1.0,0.0,ULK,21,"WILLIAMS, DERRICK",25:00,4,0,2,1,4,1,2,1,3,4,0,1,0,0,1,1,3,4,-4.0
2019,21,1,P000925   ,0.0,1.0,ULK,24,"VESELY, JAN",25:04,9,4,5,0,0,1,2,2,4,6,5,0,2,0,0,4,3,15,20.0
2019,21,1,P001324   ,0.0,1.0,ULK,35,"MUHAMMED, ALI",11:19,7,1,2,1,1,2,2,0,1,1,1,1,1,0,1,0,1,8,4.0
2019,21,1,P006399   ,1.0,0.0,ULK,44,"DUVERIOGLU, AHMET",13:44,4,1,3,0,0,2,2,2,3,5,1,0,1,3,2,1,2,9,-4.0
2019,21,1,PCCD      ,0.0,0.0,ULK,70,"DATOME, LUIGI",18:12,8,1,4,2,2,0,0,0,5,5,0,0,1,0,1,4,0,4,-1.0
2019,21,1,PLBJ      ,0.0,0.0,ULK,91,"STIMAC, VLADIMIR",02:59,0,0,1,0,0,0,0,0,0,0,0,0,0,0,0,1,1,-1,-3.0
2019,21,1,Team,0.0,0.0,ULK,,Team,,0,0,0,0,0,0,0,1,2,3,0,0,0,0,0,0,0,3,
2019,21,1,Total,,,ULK,,Total,200:00,87,24,42,9,18,12,17,7,27,34,21,5,15,3,6,25,26,98,
2019,21,0,P007947   ,0.0,0.0,BAS,3,"VILDOZA, LUCA",16:32,3,0,0,1,2,0,0,0,2,2,4,0,4,0,0,1,0,3,-10.0
2019,21,0,P008032   ,0.0,0.0,BAS,5,"GONZALEZ, MIGUEL",DNP,0,0,0,0,0,0,0,0,0,0,0,0,0,0,0,0,0,0,0.0
2019,21,0,P006754   ,1.0,1.0,BAS,7,"HENRY, PIERRIA",29:46,15,4,8,1,5,4,7,2,1,3,3,1,0,0,0,1,6,16,-1.0
2019,21,0,P004165   ,0.0,1.0,BAS,11,"JANNING, MATT",21:10,6,1,1,1,3,1,2,0,2,2,1,2,0,0,0,2,2,8,-10.0
2019,21,0,P003540   ,0.0,1.0,BAS,12,"DIOP, ILIMANE",09:12,0,0,0,0,0,0,0,1,1,2,0,0,0,0,0,3,1,0,-9.0
2019,21,0,P006568   ,0.0,0.0,BAS,19,"FALL, YOUSSOUPHA",12:52,0,0,0,0,0,0,0,0,2,2,1,0,2,0,0,5,2,-2,-2.0
2019,21,0,P009836   ,1.0,0.0,BAS,22,"STAUSKAS, NIKOLAS",16:32,2,1,1,0,2,0,0,0,1,1,1,0,0,0,0,3,1,0,7.0
2019,21,0,P001133   ,1.0,1.0,BAS,23,"SHENGELIA, TORNIKE",24:04,18,6,6,1,3,3,4,1,3,4,3,2,2,1,0,4,4,23,12.0
2019,21,0,P007994   ,0.0,1.0,BAS,29,"GARINO, PATRICIO",09:39,5,0,2,0,2,5,5,0,0,0,0,1,0,1,1,1,4,5,4.0
2019,21,0,P007831   ,1.0,0.0,BAS,31,"SHIELDS, SHAVON",26:21,17,3,5,3,7,2,2,0,1,1,3,0,1,0,0,0,2,16,-11.0
2019,21,0,P002084   ,0.0,0.0,BAS,33,"POLONARA, ACHILLE",15:56,10,2,4,2,3,0,0,1,3,4,0,0,1,0,0,1,0,9,-19.0
2019,21,0,P007360   ,1.0,0.0,BAS,50,"ERIC, MICHAEL",17:56,4,2,5,0,0,0,0,0,3,3,0,0,2,4,2,5,2,1,4.0
2019,21,0,Team,0.0,0.0,BAS,,Team,,0,0,0,0,0,0,0,1,2,3,0,0,0,0,0,0,0,3,
2019,21,0,Total,,,BAS,,Total,200:00,80,19,32,9,27,15,20,6,21,27,16,6,12,6,3,26,24,82,
2019,22,1,P009846   ,0.0,1.0,TEL,0,"BRYANT, ELIJAH",15:48,2,1,2,0,1,0,0,0,1,1,2,1,1,0,0,2,1,2,-17.0
2019,22,1,P006661   ,1.0,0.0,TEL,1,"WILBEKIN, SCOTTIE",31:21,16,1,2,3,7,5,8,0,2,2,2,2,4,0,1,2,5,12,18.0
2019,22,1,P009847   ,0.0,0.0,TEL,2,"ACY, QUINCY",20:50,2,1,2,0,1,0,0,2,2,4,0,1,1,1,0,5,0,0,-3.0
2019,22,1,P005160   ,0.0,1.0,TEL,5,"HUNTER, OTHELLO",21:25,8,4,7,0,0,0,0,1,3,4,1,0,0,2,0,0,0,12,13.0
2019,22,1,PJFO      ,1.0,1.0,TEL,7,"CASSPI, OMRI",24:05,15,6,8,0,0,3,7,0,8,8,3,2,3,0,1,2,8,24,18.0
2019,22,1,P007675   ,0.0,0.0,TEL,8,"AVDIJA, DENI",10:39,2,1,2,0,0,0,0,1,1,2,1,1,0,0,0,4,0,1,-1.0
2019,22,1,P009849   ,0.0,0.0,TEL,11,"DORSEY, TYLER",06:32,3,0,2,1,1,0,2,0,2,2,1,1,0,0,0,1,2,4,-3.0
2019,22,1,P007990   ,0.0,0.0,TEL,12,"DIBARTOLOMEO, JOHN",05:04,2,0,0,0,1,2,2,0,0,0,1,0,1,0,0,0,1,2,-5.0
2019,22,1,P006555   ,1.0,1.0,TEL,14,"WOLTERS, NATE",32:39,15,6,8,1,4,0,0,0,4,4,2,0,0,0,0,1,3,18,30.0
2019,22,1,P005145   ,0.0,0.0,TEL,15,"COHEN, JAKE",DNP,0,0,0,0,0,0,0,0,0,0,0,0,0,0,0,0,0,0,0.0
2019,22,1,P008991   ,1.0,0.0,TEL,28,"BLACK, TARIK",23:35,11,4,4,0,0,3,5,0,1,1,2,1,7,1,0,5,3,5,2.0
2019,22,1,P006625   ,1.0,1.0,TEL,50,"ZOOSMAN, YOVEL",33:02,8,3,4,0,3,2,2,1,5,6,4,4,1,0,0,4,3,16,23.0
2019,22,1,Team,0.0,0.0,TEL,,Team,,0,0,0,0,0,0,0,1,3,4,0,0,0,0,0,0,0,4,
2019,22,1,Total,,,TEL,,Total,225:00,84,27,41,5,18,15,26,6,32,38,19,13,18,4,2,26,26,100,
2019,22,0,P004425   ,1.0,0.0,RED,1,"BROWN, DERRICK",03:55,0,0,0,0,0,0,0,0,0,0,0,0,1,0,0,0,0,-1,-10.0
2019,22,0,PJDZ      ,0.0,1.0,RED,3,"COVIC, FILIP",18:32,6,0,2,2,4,0,0,0,0,0,4,0,3,0,0,1,1,3,-20.0
2019,22,0,P009622   ,1.0,0.0,RED,4,"BROWN, LORENZO",08:54,0,0,5,0,2,0,0,0,1,1,1,1,0,0,1,0,2,-3,1.0
2019,22,0,PKRH      ,0.0,1.0,RED,5,"PERPEROGLOU, STRATOS",31:48,18,4,6,3,6,1,1,0,5,5,1,0,3,0,1,2,3,16,-6.0
2019,22,0,P007960   ,0.0,1.0,RED,7,"DAVIDOVAC, DEJAN",27:59,7,0,2,0,1,7,8,3,1,4,0,0,0,0,0,4,6,9,-6.0
2019,22,0,PLUO      ,1.0,0.0,RED,10,"LAZIC, BRANKO",07:12,2,1,1,0,0,0,0,0,0,0,0,0,0,0,0,4,0,-2,-8.0
2019,22,0,P008800   ,0.0,0.0,RED,11,"FAYE, MOUHAMMAD",16:42,7,2,3,0,0,3,4,1,5,6,0,0,1,1,1,5,2,7,3.0
2019,22,0,P005775   ,1.0,0.0,RED,12,"BARON, BILLY",26:56,8,0,3,1,7,5,5,0,3,3,1,1,2,0,0,4,4,2,-5.0
2019,22,0,P004007   ,0.0,1.0,RED,13,"DOBRIC, OGNJEN",18:22,10,2,5,2,2,0,0,2,0,2,0,1,0,0,1,1,1,9,-13.0
2019,22,0,P002980   ,1.0,0.0,RED,15,"GIST, JAMES",12:01,2,1,3,0,0,0,0,0,1,1,0,0,2,0,0,1,0,-2,-4.0
2019,22,0,P005014   ,0.0,1.0,RED,22,"JENKINS, CHARLES",32:05,6,0,3,0,3,6,6,1,2,3,4,1,2,1,0,2,6,11,-3.0
2019,22,0,P008801   ,0.0,0.0,RED,50,"OJO, MICHAEL",20:34,3,1,1,0,0,1,2,1,5,6,0,0,5,0,0,2,1,2,-4.0
2019,22,0,Team,0.0,0.0,RED,,Team,,0,0,0,0,0,0,0,2,3,5,0,0,0,0,0,0,0,5,
2019,22,0,Total,,,RED,,Total,225:00,69,11,34,8,25,23,26,10,26,36,11,4,19,2,4,26,26,56,
2019,23,1,PBOG      ,0.0,1.0,MUN,7,"KING, ALEX",15:32,2,1,1,0,1,0,0,0,0,0,1,0,0,0,0,0,0,2,19.0
2019,23,1,P004178   ,0.0,0.0,MUN,8,"KOPONEN, PETTERI",14:08,8,1,3,1,2,3,3,1,1,2,5,1,0,0,0,1,2,14,19.0
2019,23,1,P009835   ,1.0,0.0,MUN,10,"MONROE, GREGORY",18:32,8,3,10,0,0,2,2,3,3,6,4,0,1,1,1,1,4,13,15.0
2019,23,1,P001288   ,1.0,0.0,MUN,11,"LUCIC, VLADIMIR",18:55,12,4,4,1,1,1,1,0,1,1,0,0,0,0,0,0,1,14,12.0
2019,23,1,P007032   ,1.0,0.0,MUN,12,"LO, MAODO",16:10,19,3,4,4,4,1,1,0,4,4,0,2,1,0,1,3,2,21,22.0
2019,23,1,P000007   ,1.0,0.0,MUN,14,"DEDOVIC, NIHAD",19:14,14,3,4,2,2,2,4,1,3,4,1,2,1,0,0,2,3,18,21.0
2019,23,1,P005056   ,0.0,0.0,MUN,16,"ZIPSER, PAUL",21:50,12,4,6,1,1,1,1,2,3,5,1,0,0,1,0,2,4,19,35.0
2019,23,1,P002829   ,0.0,1.0,MUN,20,"NELSON, DEMARCUS",18:40,5,1,4,1,1,0,0,1,5,6,4,2,1,0,3,2,0,8,14.0
2019,23,1,P005670   ,0.0,1.0,MUN,21,"FLACCADORI, DIEGO",11:43,6,3,4,0,0,0,0,0,1,1,1,1,2,0,0,2,1,5,6.0
2019,23,1,P003490   ,1.0,0.0,MUN,22,"BARTHEL, DANILO",20:03,6,3,4,0,0,0,0,3,2,5,4,0,1,0,1,2,1,11,20.0
2019,23,1,P003842   ,0.0,1.0,MUN,26,"LESSORT, MATHIAS",16:55,10,4,5,0,0,2,2,0,1,1,2,1,1,2,0,2,3,15,17.0
2019,23,1,PLEM      ,0.0,1.0,MUN,43,"RADOSEVIC, LEON",08:18,2,1,6,0,0,0,0,0,0,0,1,1,0,0,0,1,0,-2,5.0
2019,23,1,Team,0.0,0.0,MUN,,Team,,0,0,0,0,0,0,0,1,0,1,0,0,1,0,0,0,0,0,
2019,23,1,Total,,,MUN,,Total,200:00,104,31,55,10,12,12,14,12,24,36,24,10,9,4,6,18,21,138,
2019,23,0,P000229   ,1.0,0.0,ASV,1,"JACKSON, EDWIN",28:23,9,3,6,0,4,3,3,0,2,2,5,1,0,0,1,1,5,13,-42.0
2019,23,0,P005247   ,1.0,1.0,ASV,2,"TAYLOR, JORDAN",24:02,5,1,5,1,2,0,0,0,0,0,2,0,3,0,0,2,1,-2,-13.0
2019,23,0,P009733   ,1.0,0.0,ASV,3,"JEKIRI, TONYE",22:26,4,2,4,0,0,0,0,1,6,7,4,1,0,0,0,3,1,12,-29.0
2019,23,0,PKIR      ,1.0,0.0,ASV,5,"KAHUDI, CHARLES",19:25,5,1,2,1,1,0,0,0,0,0,1,0,3,1,0,3,0,0,-16.0
2019,23,0,P005553   ,0.0,1.0,ASV,9,"LOMAZS, RIHARDS",04:28,0,0,0,0,1,0,0,0,0,0,0,0,0,0,0,1,1,-1,1.0
2019,23,0,P008851   ,0.0,1.0,ASV,11,"GALLIOU, CHARLES",08:45,0,0,0,0,0,0,0,0,1,1,0,1,0,0,0,1,0,1,-4.0
2019,23,0,P006068   ,0.0,1.0,ASV,12,"NOUA, AMINE",28:09,16,3,3,3,6,1,2,0,1,1,0,2,1,2,0,3,2,15,-29.0
2019,23,0,P002536   ,1.0,0.0,ASV,17,"JEAN-CHARLES, LIVIO",16:46,1,0,6,0,0,1,2,1,1,2,0,0,1,1,2,2,1,-7,-17.0
2019,23,0,PTFK      ,0.0,0.0,ASV,19,"DIOT, ANTOINE",23:50,13,1,2,3,4,2,2,0,3,3,4,0,5,0,0,2,6,17,-30.0
2019,23,0,P004655   ,0.0,1.0,ASV,21,"BAKO, ISMAEL",05:37,4,2,3,0,0,0,0,1,0,1,0,0,0,1,1,0,0,4,-2.0
2019,23,0,P003526   ,0.0,0.0,ASV,23,"LIGHTY, DAVID",18:09,6,2,2,0,1,2,2,0,0,0,0,0,3,1,0,3,1,1,-24.0
2019,23,0,Team,0.0,0.0,ASV,,Team,,0,0,0,0,0,0,0,3,0,3,0,0,2,0,0,0,0,1,
2019,23,0,Total,,,ASV,,Total,200:00,63,15,33,8,19,9,11,6,14,20,16,5,18,6,4,21,18,54,
2019,24,1,P005094   ,1.0,1.0,PAN,0,"THOMAS, DESHAUN",25:43,4,2,7,0,1,0,0,1,4,5,0,0,0,0,0,1,0,2,-11.0
2019,24,1,P003367   ,0.0,1.0,PAN,5,"RICE, TYRESE",18:42,2,1,5,0,1,0,0,0,1,1,4,0,2,0,0,2,1,-1,-1.0
2019,24,1,P005844   ,1.0,0.0,PAN,6,"PAPAGIANNIS, GEORGIOS",04:38,4,2,2,0,0,0,0,0,2,2,0,0,0,0,0,0,1,7,-5.0
2019,24,1,P005161   ,1.0,0.0,PAN,10,"PAPAPETROU, IOANNIS",32:03,4,2,3,0,4,0,1,0,4,4,0,1,1,1,0,3,1,1,0.0
2019,24,1,P000464   ,0.0,0.0,PAN,11,"PAPPAS, NIKOS",DNP,0,0,0,0,0,0,0,0,0,0,0,0,0,0,0,0,0,0,0.0
2019,24,1,P009816   ,0.0,0.0,PAN,24,"JOHNSON, WESLEY",15:38,4,2,3,0,3,0,0,0,2,2,0,0,0,0,0,4,1,-1,1.0
2019,24,1,P009817   ,0.0,0.0,PAN,25,"BROWN, RION",DNP,0,0,0,0,0,0,0,0,0,0,0,0,0,0,0,0,0,0,0.0
2019,24,1,P009842   ,1.0,1.0,PAN,32,"FREDETTE, JIMMER",17:31,9,3,4,0,3,3,3,0,1,1,1,0,0,0,0,1,3,9,-6.0
2019,24,1,P001932   ,1.0,1.0,PAN,33,"CALATHES, NICK",36:06,23,7,10,3,6,0,0,2,3,5,4,1,4,0,0,2,4,25,3.0
2019,24,1,P009472   ,0.0,1.0,PAN,35,"WILEY, JACOB",23:34,17,8,9,0,0,1,1,7,0,7,1,0,0,2,0,1,2,27,6.0
2019,24,1,P007866   ,0.0,0.0,PAN,44,"MITOGLOU, KONSTANTINOS",18:04,8,3,7,0,1,2,2,2,8,10,0,1,0,1,1,1,1,14,2.0
2019,24,1,P009818   ,0.0,0.0,PAN,50,"BENTIL, BENJAMIN",08:01,3,0,2,0,1,3,4,1,1,2,1,0,0,0,0,0,3,5,6.0
2019,24,1,Team,0.0,0.0,PAN,,Team,,0,0,0,0,0,0,0,2,1,3,0,0,0,0,0,0,0,3,
2019,24,1,Total,,,PAN,,Total,200:00,78,30,52,3,20,9,11,15,27,42,11,3,7,4,1,15,17,91,
2019,24,0,P005884   ,0.0,0.0,MIL,0,"DELLA VALLE, AMEDEO",02:56,3,0,1,1,1,0,0,0,0,0,0,0,0,0,0,0,0,2,1.0
2019,24,0,P000529   ,1.0,1.0,MIL,5,"MICOV, VLADIMIR",24:34,18,4,7,3,6,1,1,2,2,4,1,1,1,0,0,3,4,18,8.0
2019,24,0,P009903   ,0.0,1.0,MIL,6,"BILIGHA, PAUL",11:35,0,0,3,0,0,0,0,3,1,4,0,0,0,0,0,3,2,0,4.0
2019,24,0,P000726   ,0.0,1.0,MIL,9,"MORASCHINI, RICCARDO",24:53,4,1,3,0,2,2,2,0,3,3,4,0,1,0,1,3,1,3,-8.0
2019,24,0,P004974   ,0.0,1.0,MIL,10,"ROLL, MICHAEL",25:04,16,2,2,4,7,0,0,0,2,2,2,0,0,0,0,1,0,16,1.0
2019,24,0,PCVM      ,1.0,0.0,MIL,13,"RODRIGUEZ, SERGIO",25:15,10,2,9,2,5,0,0,0,1,1,5,1,1,0,2,2,2,4,-1.0
2019,24,0,P008004   ,0.0,0.0,MIL,15,"TARCZEWSKI, KALEB",13:08,3,1,3,0,0,1,4,2,5,7,0,0,0,1,1,0,2,7,-5.0
2019,24,0,PKIW      ,0.0,0.0,MIL,20,"CINCIARINI, ANDREA",02:06,0,0,1,0,0,0,0,0,0,0,1,0,1,0,0,0,0,-1,-3.0
2019,24,0,P005692   ,0.0,0.0,MIL,23,"BURNS, CHRISTIAN",01:59,0,0,1,0,0,0,0,1,0,1,0,0,0,0,0,0,0,0,1.0
2019,24,0,P006505   ,1.0,0.0,MIL,30,"WHITE, AARON",14:13,2,1,1,0,0,0,0,0,1,1,0,0,1,0,0,3,1,0,-2.0
2019,24,0,P004117   ,1.0,1.0,MIL,32,"BROOKS, JEFF",30:08,6,0,2,2,2,0,0,2,2,4,1,0,0,0,0,0,1,10,5.0
2019,24,0,PAJG      ,1.0,0.0,MIL,40,"SCOLA, LUIS",24:09,17,4,8,2,3,3,4,2,7,9,1,0,3,0,0,2,2,18,4.0
2019,24,0,Team,0.0,0.0,MIL,,Team,,0,0,0,0,0,0,0,1,1,2,0,0,1,0,0,0,0,1,
2019,24,0,Total,,,MIL,,Total,200:00,79,15,41,14,26,7,11,13,25,38,15,2,9,1,4,17,15,78,
2019,25,1,P009862   ,0.0,1.0,OLY,0,"PUNTER, KEVIN XAVIER",29:07,16,3,9,2,12,4,4,0,4,4,0,1,2,0,2,3,5,3,-11.0
2019,25,1,P009863   ,0.0,0.0,OLY,2,"BALDWIN IV, WADE",10:48,1,0,2,0,1,1,2,2,1,3,0,0,1,0,0,0,2,1,-13.0
2019,25,1,P004945   ,1.0,0.0,OLY,3,"PAUL, BRANDON",13:31,5,1,1,1,4,0,0,0,2,2,1,1,1,0,0,2,1,4,-1.0
2019,25,1,P005255   ,1.0,0.0,OLY,6,"KONIARIS, ANTONIOS",20:08,6,0,0,2,4,0,0,0,2,2,3,0,1,0,0,4,0,4,4.0
2019,25,1,PJUO      ,1.0,1.0,OLY,7,"SPANOULIS, VASSILIS",25:04,7,1,4,0,4,5,6,0,0,0,6,1,5,0,0,1,5,5,-1.0
2019,25,1,P006058   ,0.0,0.0,OLY,10,"CHERRY, WILL",05:18,0,0,2,0,0,0,0,0,1,1,1,0,0,0,0,2,0,-2,2.0
2019,25,1,P003941   ,1.0,1.0,OLY,11,"MILUTINOV, NIKOLA",34:39,16,7,9,0,0,2,2,8,8,16,0,0,2,1,0,2,3,30,3.0
2019,25,1,PAMM      ,1.0,1.0,OLY,15,"PRINTEZIS, GEORGIOS",33:09,7,3,6,0,1,1,2,1,3,4,1,1,0,1,0,2,3,10,-2.0
2019,25,1,P001255   ,0.0,1.0,OLY,16,"PAPANIKOLAOU, KOSTAS",31:04,6,1,1,1,3,1,2,1,5,6,1,1,2,0,0,2,1,8,-7.0
2019,25,1,P002008   ,0.0,0.0,OLY,19,"KUZMINSKAS, MINDAUGAS",11:51,0,0,1,0,1,0,2,1,1,2,0,1,0,0,0,2,1,-2,-7.0
2019,25,1,P006477   ,0.0,0.0,OLY,21,"RUBIT, AUGUSTINE",10:21,4,2,2,0,0,0,0,2,0,2,0,0,2,0,0,3,1,2,-12.0
2019,25,1,P009864   ,0.0,0.0,OLY,22,"HAPP, ETHAN",DNP,0,0,0,0,0,0,0,0,0,0,0,0,0,0,0,0,0,0,0.0
2019,25,1,Team,0.0,0.0,OLY,,Team,,0,0,0,0,0,0,0,1,1,2,0,0,0,0,0,0,0,2,
2019,25,1,Total,,,OLY,,Total,225:00,68,18,37,6,30,14,20,16,28,44,13,6,16,2,2,23,22,65,
2019,25,0,P005154   ,0.0,0.0,DYR,4,"IVERSON, COLTON",19:49,6,3,4,0,0,0,0,2,3,5,2,0,2,0,0,1,1,10,7.0
2019,25,0,P003425   ,1.0,0.0,DYR,6,"ALBICY, ANDREW",14:04,2,0,2,0,1,2,2,0,1,1,0,1,0,0,0,0,1,2,-1.0
2019,25,0,PJAN      ,0.0,0.0,DYR,7,"PONKRASHOV, ANTON",DNP,0,0,0,0,0,0,0,0,0,0,0,0,0,0,0,0,0,0,0.0
2019,25,0,P009917   ,0.0,1.0,DYR,9,"HOLLINS, AUSTIN JAMES",23:04,9,0,1,3,5,0,0,0,2,2,2,1,0,1,0,4,2,10,21.0
2019,25,0,P005856   ,1.0,1.0,DYR,10,"THOMAS, WILL",34:24,9,2,4,1,2,2,3,1,4,5,1,2,1,0,0,1,3,14,9.0
2019,25,0,P005945   ,0.0,1.0,DYR,12,"RENFROE, ALEX",20:52,10,1,4,2,3,2,2,0,1,1,3,2,3,0,1,3,1,6,15.0
2019,25,0,PLKY      ,0.0,0.0,DYR,13,"KHVOSTOV, DMITRY",11:27,4,2,4,0,2,0,0,0,0,0,1,1,1,0,0,2,1,0,-9.0
2019,25,0,P007851   ,0.0,0.0,DYR,16,"TRUSHKIN, VLADISLAV",12:54,3,0,1,1,2,0,0,1,0,1,0,0,1,0,0,1,0,0,-8.0
2019,25,0,P001389   ,1.0,1.0,DYR,18,"VORONOV, EVGENY",21:20,0,0,5,0,1,0,0,1,1,2,1,0,1,0,0,3,2,-5,-5.0
2019,25,0,P005199   ,1.0,0.0,DYR,21,"ABROMAITIS, TIM",15:48,6,2,5,0,1,2,2,1,6,7,0,0,0,0,1,2,2,8,-6.0
2019,25,0,P004172   ,1.0,0.0,DYR,25,"PONITKA, MATEUSZ",28:29,18,7,10,0,1,4,6,1,4,5,1,1,1,1,0,2,7,24,18.0
2019,25,0,P005927   ,0.0,1.0,DYR,34,"AYON, GUSTAVO",22:49,10,5,11,0,0,0,0,4,6,10,3,2,4,0,0,3,3,15,4.0
2019,25,0,Team,0.0,0.0,DYR,,Team,,0,0,0,0,0,0,0,1,1,2,0,0,0,0,0,0,0,2,
2019,25,0,Total,,,DYR,,Total,225:00,77,22,51,7,18,12,15,12,29,41,14,10,14,2,2,22,23,86,
2019,26,1,P007870   ,0.0,0.0,BAR,0,"DAVIES, BRANDON",17:28,7,2,5,0,0,3,4,0,2,2,3,1,4,2,0,2,2,7,1.0
2019,26,1,P005099   ,1.0,0.0,BAR,8,"HANGA, ADAM",17:37,2,1,2,0,2,0,2,1,5,6,8,0,2,1,0,4,2,8,21.0
2019,26,1,P007109   ,0.0,1.0,BAR,10,"SMITS, ROLANDS",04:48,8,2,2,1,1,1,2,0,1,1,0,0,0,0,0,0,1,9,-1.0
2019,26,1,P005917   ,0.0,1.0,BAR,18,"ORIOLA, PIERRE",16:49,8,3,3,0,1,2,4,1,1,2,1,0,0,0,0,3,2,7,-12.0
2019,26,1,P003478   ,0.0,1.0,BAR,21,"ABRINES, ALEX",24:00,8,1,1,2,4,0,0,0,1,1,0,2,0,0,0,0,3,12,2.0
2019,26,1,P006450   ,0.0,0.0,BAR,22,"HIGGINS, CORY",19:48,22,3,6,4,4,4,4,0,2,2,3,1,1,0,0,2,5,27,35.0
2019,26,1,P004331   ,1.0,0.0,BAR,23,"DELANEY, MALCOLM",16:04,0,0,2,0,1,0,0,0,2,2,4,0,2,0,0,2,1,0,12.0
2019,26,1,P005789   ,0.0,1.0,BAR,24,"KURIC, KYLE",15:01,8,3,6,0,3,2,2,3,0,3,0,0,1,0,1,2,2,3,-18.0
2019,26,1,P000556   ,1.0,0.0,BAR,30,"CLAVER, VICTOR",16:00,7,1,2,1,5,2,2,4,3,7,1,1,1,0,0,1,2,11,17.0
2019,26,1,P008985   ,0.0,1.0,BAR,31,"BOLMARO, LEANDRO",11:30,0,0,3,0,0,0,0,2,1,3,3,0,2,0,0,4,1,-2,-12.0
2019,26,1,P000796   ,1.0,0.0,BAR,33,"MIROTIC, NIKOLA",20:55,18,2,4,4,7,2,2,1,2,3,0,3,2,1,1,1,2,18,27.0
2019,26,1,P002507   ,1.0,0.0,BAR,44,"TOMIC, ANTE",20:00,15,7,7,0,0,1,1,2,4,6,1,0,3,0,0,3,4,20,23.0
2019,26,1,Team,0.0,0.0,BAR,,Team,,0,0,0,0,0,0,0,3,7,10,0,0,1,0,0,0,0,9,
2019,26,1,Total,,,BAR,,Total,200:00,103,25,43,12,28,17,23,17,31,48,24,8,19,4,2,24,27,129,
2019,26,0,P009600   ,0.0,0.0,BER,1,"MASON, MAKAI",04:05,0,0,0,0,1,0,0,0,0,0,0,0,0,0,0,1,0,-2,-1.0
2019,26,0,P007125   ,0.0,1.0,BER,3,"SIVA, PEYTON",25:29,12,1,2,2,7,4,6,0,4,4,8,0,3,0,1,3,3,12,-19.0
2019,26,0,P001557   ,0.0,0.0,BER,5,"GIFFEY, NIELS",18:05,10,2,3,2,2,0,0,0,1,1,1,1,1,0,0,3,0,8,-4.0
2019,26,0,P008211   ,0.0,1.0,BER,6,"DELOW, MALTE",02:32,3,0,0,1,1,0,0,0,0,0,0,0,0,0,0,0,0,3,5.0
2019,26,0,P007025   ,1.0,0.0,BER,9,"MATTISSECK, JONAS",14:31,3,0,0,0,2,3,5,1,0,1,0,2,1,0,0,0,4,5,0.0
2019,26,0,P006251   ,0.0,1.0,BER,10,"SCHNEIDER, TIM",12:07,8,0,1,2,5,2,2,0,0,0,0,1,1,0,1,3,1,1,9.0
2019,26,0,P008780   ,1.0,0.0,BER,15,"HERMANNSSON, MARTIN",15:00,0,0,1,0,0,0,0,0,0,0,1,0,2,0,0,4,1,-5,-11.0
2019,26,0,P003242   ,0.0,0.0,BER,25,"OGBE, KENNETH",14:50,6,2,2,0,2,2,2,1,3,4,0,1,1,0,0,4,2,6,-7.0
2019,26,0,P006436   ,1.0,1.0,BER,31,"GIEDRAITIS, ROKAS",25:28,17,2,3,3,7,4,4,0,0,0,3,2,1,0,0,3,5,18,-20.0
2019,26,0,P009601   ,0.0,1.0,BER,34,"CAVANAUGH, TYLER",22:19,11,0,4,2,3,5,5,1,1,2,3,1,0,0,1,3,5,13,-16.0
2019,26,0,P009051   ,1.0,0.0,BER,35,"NNOKO, LANDRY",20:14,8,1,2,0,0,6,6,2,5,7,0,0,6,2,0,2,3,11,-19.0
2019,26,0,P006589   ,1.0,0.0,BER,43,"SIKMA, LUKE",25:20,6,0,6,2,5,0,0,0,2,2,5,1,1,0,1,1,0,2,-12.0
2019,26,0,Team,0.0,0.0,BER,,Team,,0,0,0,0,0,0,0,1,2,3,0,0,0,0,0,0,0,3,
2019,26,0,Total,,,BER,,Total,200:00,84,8,24,14,35,26,30,6,18,24,21,9,17,2,4,27,24,75,
2019,27,1,P006533   ,0.0,0.0,PAM,1,"COLOM, QUINO",15:51,6,0,1,2,7,0,0,0,1,1,3,0,0,0,1,0,3,6,-2.0
2019,27,1,P004761   ,0.0,1.0,PAM,2,"MARINKOVIC, VANJA",16:45,2,1,3,0,1,0,0,0,0,0,2,2,1,0,1,2,2,1,-7.0
2019,27,1,P009754   ,0.0,0.0,PAM,3,"LOYD, JORDAN",15:40,2,1,1,0,3,0,0,0,1,1,0,2,1,0,0,3,1,-1,2.0
2019,27,1,P006726   ,1.0,1.0,PAM,5,"NDOUR, MAURICE",14:15,6,2,3,0,0,2,2,1,0,1,0,0,0,0,0,3,0,3,-10.0
2019,27,1,P003733   ,1.0,1.0,PAM,6,"ABALDE, ALBERTO",22:23,7,2,4,1,3,0,0,2,4,6,3,3,1,0,0,2,1,13,3.0
2019,27,1,P004884   ,0.0,0.0,PAM,7,"LABEYRIE, LOUIS",15:58,4,2,3,0,0,0,0,2,2,4,0,0,2,0,1,0,0,4,5.0
2019,27,1,PLRQ      ,1.0,1.0,PAM,9,"VAN ROSSOM, SAM",24:09,14,4,5,2,4,0,0,0,5,5,5,0,4,0,0,4,1,14,-3.0
2019,27,1,P008966   ,0.0,0.0,PAM,10,"TOBEY, MIKE",00:22,0,0,0,0,0,0,0,0,0,0,0,0,0,0,0,0,0,0,-2.0
2019,27,1,P006599   ,0.0,1.0,PAM,12,"MOTUM, BROCK",17:49,11,4,6,1,2,0,0,0,1,1,2,0,0,0,1,1,0,9,-2.0
2019,27,1,P002742   ,1.0,0.0,PAM,14,"DUBLJEVIC, BOJAN",31:36,22,9,11,1,5,1,1,3,4,7,4,0,3,0,0,1,4,27,-1.0
2019,27,1,P000518   ,1.0,0.0,PAM,19,"SAN EMETERIO, FERNANDO",13:05,4,2,5,0,0,0,0,1,0,1,2,0,1,0,0,1,1,3,-9.0
2019,27,1,P002763   ,0.0,0.0,PAM,42,"DOORNEKAMP, AARON",12:07,0,0,1,0,2,0,0,2,2,4,2,0,0,0,0,3,1,1,1.0
2019,27,1,Team,0.0,0.0,PAM,,Team,,0,0,0,0,0,0,0,2,1,3,0,0,1,0,0,0,0,2,
2019,27,1,Total,,,PAM,,Total,200:00,78,27,43,7,27,3,3,13,21,34,23,7,14,0,4,20,14,82,
2019,27,0,P007200   ,0.0,1.0,IST,0,"LARKIN, SHANE",28:08,13,4,5,1,3,2,2,0,0,0,1,4,2,0,0,2,2,13,10.0
2019,27,0,P006590   ,1.0,0.0,IST,1,"BEAUBOIS, RODRIGUE",19:40,9,0,0,3,7,0,0,0,1,1,0,0,2,0,0,2,0,2,3.0
2019,27,0,P006614   ,0.0,0.0,IST,2,"SINGLETON, CHRIS",10:44,0,0,3,0,2,0,0,0,0,0,0,0,0,1,0,0,0,-4,2.0
2019,27,0,P006693   ,0.0,0.0,IST,3,"SAYBIR, YIGITCAN",DNP,0,0,0,0,0,0,0,0,0,0,0,0,0,0,0,0,0,0,0.0
2019,27,0,P003521   ,0.0,0.0,IST,4,"BALBAY, DOGUS",01:54,0,0,0,0,0,0,0,0,0,0,1,0,0,0,0,1,0,0,1.0
2019,27,0,P002968   ,0.0,0.0,IST,15,"SANLI, SERTAC",DNP,0,0,0,0,0,0,0,0,0,0,0,0,0,0,0,0,0,0,0.0
2019,27,0,PLHK      ,0.0,0.0,IST,21,"PLEISS, TIBOR",03:33,2,1,2,0,0,0,0,1,1,2,0,0,0,0,0,0,0,3,0.0
2019,27,0,P002580   ,1.0,1.0,IST,22,"MICIC, VASILIJE",29:02,15,4,6,1,6,4,4,0,4,4,12,2,4,0,0,1,5,26,3.0
2019,27,0,P005938   ,0.0,0.0,IST,23,"ANDERSON, JAMES",07:11,0,0,1,0,1,0,0,1,1,2,0,0,0,0,0,0,1,1,-5.0
2019,27,0,P008829   ,1.0,1.0,IST,25,"PETERS, ALEC",30:21,15,6,6,0,3,3,3,2,5,7,2,1,1,1,0,2,5,25,3.0
2019,27,0,P003048   ,1.0,1.0,IST,42,"DUNSTON, BRYANT",35:22,10,4,4,0,0,2,4,1,6,7,2,2,0,2,0,3,3,21,5.0
2019,27,0,PCPR      ,1.0,1.0,IST,44,"SIMON, KRUNOSLAV",34:05,19,7,8,1,5,2,2,3,2,5,2,1,0,0,0,3,4,23,3.0
2019,27,0,Team,0.0,0.0,IST,,Team,,0,0,0,0,0,0,0,0,2,2,0,0,1,0,0,0,0,1,
2019,27,0,Total,,,IST,,Total,200:00,83,26,35,6,27,13,15,8,22,30,20,10,10,4,0,14,20,111,
2019,28,1,P005154   ,1.0,0.0,DYR,4,"IVERSON, COLTON",16:51,10,3,3,0,0,4,5,1,4,5,1,0,1,1,0,2,3,16,9.0
2019,28,1,P003425   ,1.0,1.0,DYR,6,"ALBICY, ANDREW",23:11,15,1,1,4,8,1,2,0,2,2,5,3,1,0,0,1,5,23,-6.0
2019,28,1,PJAN      ,0.0,0.0,DYR,7,"PONKRASHOV, ANTON",08:31,0,0,0,0,3,0,0,0,1,1,0,0,1,0,0,0,0,-3,-4.0
2019,28,1,P009917   ,1.0,0.0,DYR,9,"HOLLINS, AUSTIN JAMES",16:51,0,0,1,0,4,0,0,2,1,3,2,0,3,1,1,0,0,-3,-3.0
2019,28,1,P005856   ,1.0,0.0,DYR,10,"THOMAS, WILL",27:27,12,3,6,2,4,0,0,1,5,6,1,0,0,0,2,0,0,12,-4.0
2019,28,1,P005945   ,0.0,1.0,DYR,12,"RENFROE, ALEX",15:41,2,1,2,0,0,0,2,0,1,1,4,0,5,0,0,4,1,-4,-9.0
2019,28,1,PLKY      ,0.0,0.0,DYR,13,"KHVOSTOV, DMITRY",09:26,0,0,1,0,2,0,0,0,0,0,2,0,1,0,0,2,1,-3,-3.0
2019,28,1,P003370   ,0.0,0.0,DYR,14,"PUSHKOV, ANTON",02:34,2,1,2,0,0,0,0,0,0,0,0,0,0,0,0,1,0,0,-8.0
2019,28,1,P007851   ,1.0,0.0,DYR,16,"TRUSHKIN, VLADISLAV",22:07,6,0,1,2,5,0,0,0,0,0,2,0,0,0,0,1,0,3,14.0
2019,28,1,P005199   ,0.0,1.0,DYR,21,"ABROMAITIS, TIM",12:33,4,2,3,0,1,0,0,2,3,5,1,0,0,0,1,2,0,5,-6.0
2019,28,1,P004172   ,0.0,1.0,DYR,25,"PONITKA, MATEUSZ",24:13,16,4,6,1,3,5,7,5,2,7,0,2,1,1,0,2,5,22,-19.0
2019,28,1,P005927   ,0.0,1.0,DYR,34,"AYON, GUSTAVO",20:35,12,5,9,0,0,2,4,4,2,6,2,2,1,0,0,3,4,16,-11.0
2019,28,1,Team,0.0,0.0,DYR,,Team,,0,0,0,0,0,0,0,1,1,2,0,0,1,0,0,0,0,1,
2019,28,1,Total,,,DYR,,Total,200:00,79,20,35,9,30,12,20,16,22,38,20,7,15,3,4,18,19,85,
2019,28,0,P005094   ,1.0,1.0,PAN,0,"THOMAS, DESHAUN",31:14,17,5,8,2,3,1,1,0,0,0,1,2,2,0,0,1,1,14,13.0
2019,28,0,P003367   ,0.0,1.0,PAN,5,"RICE, TYRESE",15:52,3,0,2,1,1,0,0,0,1,1,3,1,1,0,0,1,1,5,-3.0
2019,28,0,P005844   ,1.0,0.0,PAN,6,"PAPAGIANNIS, GEORGIOS",03:18,0,0,1,0,0,0,0,0,0,0,0,0,0,1,0,0,0,0,-4.0
2019,28,0,P005161   ,1.0,1.0,PAN,10,"PAPAPETROU, IOANNIS",24:11,9,3,6,1,1,0,2,3,8,11,1,1,0,0,0,3,1,15,7.0
2019,28,0,PTFX      ,0.0,1.0,PAN,15,"VOUGIOUKAS, IAN",21:06,6,2,4,0,1,2,2,0,2,2,1,1,1,3,1,3,6,11,6.0
2019,28,0,P009816   ,0.0,0.0,PAN,24,"JOHNSON, WESLEY",12:26,0,0,0,0,1,0,0,0,1,1,2,0,0,0,0,1,0,1,6.0
2019,28,0,P009817   ,0.0,0.0,PAN,25,"BROWN, RION",00:08,0,0,0,0,0,0,0,0,0,0,0,0,0,0,0,0,0,0,0.0
2019,28,0,P009842   ,1.0,0.0,PAN,32,"FREDETTE, JIMMER",21:08,22,5,6,2,8,6,6,0,2,2,4,0,2,0,1,4,4,18,7.0
2019,28,0,P001932   ,1.0,1.0,PAN,33,"CALATHES, NICK",36:16,8,4,6,0,1,0,0,0,5,5,15,3,2,0,1,3,2,24,10.0
2019,28,0,P009472   ,0.0,0.0,PAN,35,"WILEY, JACOB",15:36,14,6,9,0,0,2,3,1,2,3,0,1,0,0,0,2,2,14,8.0
2019,28,0,P007866   ,0.0,0.0,PAN,44,"MITOGLOU, KONSTANTINOS",08:46,8,3,4,0,0,2,2,0,1,1,0,0,0,0,0,1,1,8,-3.0
2019,28,0,P009818   ,0.0,0.0,PAN,50,"BENTIL, BENJAMIN",09:59,2,1,1,0,1,0,0,1,1,2,0,2,0,0,0,0,0,5,3.0
2019,28,0,Team,0.0,0.0,PAN,,Team,,0,0,0,0,0,0,0,2,1,3,0,0,1,0,0,0,0,2,
2019,28,0,Total,,,PAN,,Total,200:00,89,29,47,6,17,13,16,7,24,31,27,11,9,4,3,19,18,117,
2019,29,1,P007200   ,1.0,0.0,IST,0,"LARKIN, SHANE",19:57,9,1,6,2,5,1,2,0,5,5,2,0,2,0,3,4,3,1,4.0
2019,29,1,P006590   ,0.0,1.0,IST,1,"BEAUBOIS, RODRIGUE",19:07,6,2,4,0,3,2,2,0,3,3,1,0,1,1,2,3,2,2,8.0
2019,29,1,P006614   ,0.0,1.0,IST,2,"SINGLETON, CHRIS",30:14,13,2,4,2,3,3,4,1,4,5,0,3,0,0,1,3,3,16,27.0
2019,29,1,P003521   ,0.0,0.0,IST,4,"BALBAY, DOGUS",10:02,0,0,1,0,0,0,0,1,0,1,1,1,2,0,0,3,1,-2,4.0
2019,29,1,P005686   ,0.0,0.0,IST,8,"GECIM, TOLGA",DNP,0,0,0,0,0,0,0,0,0,0,0,0,0,0,0,0,0,0,0.0
2019,29,1,P002968   ,0.0,0.0,IST,15,"SANLI, SERTAC",DNP,0,0,0,0,0,0,0,0,0,0,0,0,0,0,0,0,0,0,0.0
2019,29,1,PLHK      ,0.0,0.0,IST,21,"PLEISS, TIBOR",05:33,0,0,0,0,2,0,0,0,3,3,0,0,0,0,0,0,0,1,-5.0
2019,29,1,P002580   ,1.0,1.0,IST,22,"MICIC, VASILIJE",31:24,12,2,5,2,8,2,2,1,2,3,4,2,2,0,0,3,3,10,12.0
2019,29,1,P005938   ,0.0,0.0,IST,23,"ANDERSON, JAMES",08:18,2,1,2,0,0,0,0,1,0,1,0,0,0,0,0,0,1,3,-3.0
2019,29,1,P008829   ,1.0,0.0,IST,25,"PETERS, ALEC",09:53,0,0,1,0,0,0,0,1,1,2,0,0,1,0,0,1,1,0,-11.0
2019,29,1,P003048   ,1.0,1.0,IST,42,"DUNSTON, BRYANT",34:20,17,8,10,0,1,1,2,2,6,8,3,2,0,1,0,2,2,27,21.0
2019,29,1,PCPR      ,1.0,1.0,IST,44,"SIMON, KRUNOSLAV",31:12,17,5,9,2,4,1,1,1,8,9,4,1,2,0,0,1,1,23,23.0
2019,29,1,Team,0.0,0.0,IST,,Team,,0,0,0,0,0,0,0,4,0,4,0,0,1,0,0,0,0,3,
2019,29,1,Total,,,IST,,Total,200:00,76,21,42,8,26,10,13,12,32,44,15,9,11,2,6,20,17,84,
2019,29,0,P001392   ,0.0,0.0,MAD,1,"CAUSEUR, FABIEN",09:20,0,0,3,0,0,0,0,0,2,2,0,0,2,0,0,0,1,-2,7.0
2019,29,0,P005757   ,1.0,0.0,MAD,3,"RANDOLPH, ANTHONY",13:15,6,0,2,2,4,0,0,0,1,1,0,0,4,1,0,1,1,0,-14.0
2019,29,0,PBMT      ,1.0,1.0,MAD,5,"FERNANDEZ, RUDY",24:49,9,1,1,2,6,1,2,1,3,4,1,0,0,0,0,0,6,15,-13.0
2019,29,0,P005928   ,1.0,1.0,MAD,7,"CAMPAZZO, FACUNDO",26:48,5,0,6,1,3,2,2,0,1,1,7,2,2,0,2,2,3,4,-12.0
2019,29,0,P006435   ,0.0,0.0,MAD,8,"LAPROVITTOLA, NICOLAS",05:42,0,0,0,0,0,0,0,0,1,1,1,0,0,0,0,3,0,-1,-6.0
2019,29,0,P009005   ,0.0,1.0,MAD,14,"DECK, GABRIEL",26:45,10,1,2,2,4,2,2,1,2,3,3,0,0,1,0,2,1,13,-2.0
2019,29,0,P007630   ,0.0,0.0,MAD,16,"GARUBA, USMAN",DNP,0,0,0,0,0,0,0,0,0,0,0,0,0,0,0,0,0,0,0.0
2019,29,0,P001960   ,0.0,0.0,MAD,20,"CARROLL, JAYCEE",12:30,6,0,1,2,4,0,0,0,3,3,0,0,1,0,0,0,2,7,-2.0
2019,29,0,P005791   ,1.0,0.0,MAD,22,"TAVARES, WALTER",14:44,0,0,1,0,0,0,0,0,5,5,0,1,2,1,0,2,2,4,-18.0
2019,29,0,PTGB      ,0.0,1.0,MAD,23,"LLULL, SERGIO",18:12,14,1,2,3,6,3,4,0,0,0,1,1,2,0,0,4,3,8,-8.0
2019,29,0,P008847   ,0.0,1.0,MAD,25,"MICKEY, JORDAN",25:12,10,4,6,0,1,2,2,3,5,8,0,0,3,2,0,1,1,14,0.0
2019,29,0,P006546   ,1.0,0.0,MAD,44,"TAYLOR, JEFFERY",22:43,0,0,6,0,2,0,0,3,0,3,1,0,0,1,0,2,0,-5,-12.0
2019,29,0,Team,0.0,0.0,MAD,,Team,,0,0,0,0,0,0,0,1,3,4,0,0,0,0,0,0,0,4,
2019,29,0,Total,,,MAD,,Total,200:00,60,7,30,12,30,10,12,9,26,35,14,4,16,6,2,17,20,61,
2019,30,1,P009846   ,0.0,0.0,TEL,0,"BRYANT, ELIJAH",03:36,0,0,0,0,0,0,0,0,1,1,0,0,0,0,0,3,0,-2,-2.0
2019,30,1,P006661   ,1.0,1.0,TEL,1,"WILBEKIN, SCOTTIE",33:00,14,1,2,4,9,0,0,0,1,1,4,1,3,0,0,1,2,12,8.0
2019,30,1,P009847   ,0.0,0.0,TEL,2,"ACY, QUINCY",11:32,0,0,1,0,2,0,0,0,1,1,0,1,0,0,1,2,0,-4,2.0
2019,30,1,P005160   ,0.0,0.0,TEL,5,"HUNTER, OTHELLO",20:52,13,6,10,0,0,1,1,3,5,8,1,1,1,0,0,3,1,16,8.0
2019,30,1,PJFO      ,1.0,1.0,TEL,7,"CASSPI, OMRI",28:23,12,6,9,0,2,0,0,1,4,5,2,3,1,0,0,1,4,19,11.0
2019,30,1,P007675   ,1.0,0.0,TEL,8,"AVDIJA, DENI",16:02,6,1,4,1,2,1,2,2,1,3,1,0,0,0,0,4,2,3,6.0
2019,30,1,P009849   ,0.0,0.0,TEL,11,"DORSEY, TYLER",04:04,0,0,0,0,1,0,0,0,1,1,0,0,0,0,0,1,0,-1,3.0
2019,30,1,P007990   ,0.0,1.0,TEL,12,"DIBARTOLOMEO, JOHN",19:03,7,2,2,1,4,0,0,0,1,1,2,0,0,0,0,2,4,9,-7.0
2019,30,1,P006555   ,1.0,1.0,TEL,14,"WOLTERS, NATE",24:08,10,2,2,1,4,3,4,0,2,2,9,0,1,0,0,1,3,18,21.0
2019,30,1,P005145   ,0.0,0.0,TEL,15,"COHEN, JAKE",DNP,0,0,0,0,0,0,0,0,0,0,0,0,0,0,0,0,0,0,0.0
2019,30,1,P008991   ,1.0,0.0,TEL,28,"BLACK, TARIK",18:52,6,3,6,0,0,0,2,2,4,6,0,0,2,0,0,5,1,1,5.0
2019,30,1,P006625   ,0.0,1.0,TEL,50,"ZOOSMAN, YOVEL",20:28,8,1,4,2,3,0,0,1,2,3,0,0,0,0,0,4,0,3,10.0
2019,30,1,Team,0.0,0.0,TEL,,Team,,0,0,0,0,0,0,0,2,5,7,0,0,0,0,0,0,0,7,
2019,30,1,Total,,,TEL,,Total,200:00,76,22,40,9,27,5,9,11,28,39,19,6,8,0,1,27,17,81,
2019,30,0,P006533   ,1.0,0.0,PAM,1,"COLOM, QUINO",16:57,3,1,5,0,1,1,2,1,1,2,2,0,1,0,0,2,2,0,-3.0
2019,30,0,P004761   ,0.0,0.0,PAM,2,"MARINKOVIC, VANJA",DNP,0,0,0,0,0,0,0,0,0,0,0,0,0,0,0,0,0,0,0.0
2019,30,0,P009754   ,0.0,1.0,PAM,3,"LOYD, JORDAN",21:57,17,1,3,3,6,6,6,0,1,1,0,0,2,0,0,2,4,13,1.0
2019,30,0,P006726   ,1.0,0.0,PAM,5,"NDOUR, MAURICE",17:39,4,2,8,0,0,0,0,0,1,1,0,0,0,0,0,3,1,-3,-5.0
2019,30,0,P003733   ,0.0,0.0,PAM,6,"ABALDE, ALBERTO",DNP,0,0,0,0,0,0,0,0,0,0,0,0,0,0,0,0,0,0,0.0
2019,30,0,P004884   ,1.0,0.0,PAM,7,"LABEYRIE, LOUIS",18:03,1,0,0,0,3,1,2,3,5,8,2,0,2,0,0,4,1,2,-4.0
2019,30,0,PLRQ      ,0.0,1.0,PAM,9,"VAN ROSSOM, SAM",21:53,0,0,0,0,5,0,0,0,3,3,2,1,2,0,0,0,0,-1,-12.0
2019,30,0,P006599   ,0.0,0.0,PAM,12,"MOTUM, BROCK",11:12,2,0,1,0,2,2,2,0,0,0,1,0,1,1,0,0,1,1,-2.0
2019,30,0,P002742   ,0.0,0.0,PAM,14,"DUBLJEVIC, BOJAN",22:59,15,3,6,0,3,9,11,3,4,7,0,0,0,0,0,1,9,22,-8.0
2019,30,0,P002361   ,1.0,1.0,PAM,16,"VIVES, GUILLEM",19:30,0,0,0,0,1,0,0,0,1,1,1,1,0,0,0,2,0,0,-10.0
2019,30,0,P000518   ,1.0,1.0,PAM,19,"SAN EMETERIO, FERNANDO",28:43,15,3,7,1,2,6,7,2,3,5,2,1,1,0,0,1,7,22,-13.0
2019,30,0,P002763   ,0.0,1.0,PAM,42,"DOORNEKAMP, AARON",21:07,6,0,0,2,3,0,0,0,5,5,0,0,0,0,0,2,1,9,-9.0
2019,30,0,Team,0.0,0.0,PAM,,Team,,0,0,0,0,0,0,0,3,2,5,0,0,1,0,0,0,0,4,
2019,30,0,Total,,,PAM,,Total,200:00,63,10,30,6,26,25,30,12,26,38,10,3,10,1,0,17,26,69,
2019,31,1,PBOG      ,0.0,1.0,MUN,7,"KING, ALEX",21:18,9,0,0,3,4,0,0,0,1,1,0,2,1,0,0,2,0,8,-2.0
2019,31,1,P004178   ,0.0,0.0,MUN,8,"KOPONEN, PETTERI",16:11,0,0,0,0,2,0,0,0,0,0,1,0,1,0,0,1,1,-2,-10.0
2019,31,1,P009835   ,1.0,0.0,MUN,10,"MONROE, GREGORY",26:31,18,7,12,0,0,4,4,2,3,5,4,1,7,1,0,3,4,18,-7.0
2019,31,1,P001288   ,1.0,0.0,MUN,11,"LUCIC, VLADIMIR",25:49,12,3,6,1,2,3,4,0,5,5,2,0,1,0,1,2,3,13,-14.0
2019,31,1,P007032   ,1.0,1.0,MUN,12,"LO, MAODO",30:59,12,0,1,4,8,0,0,1,2,3,3,2,4,0,0,3,0,8,-5.0
2019,31,1,P000007   ,1.0,0.0,MUN,14,"DEDOVIC, NIHAD",24:03,9,3,6,0,2,3,3,2,1,3,1,1,0,0,0,1,4,12,-6.0
2019,31,1,P005056   ,0.0,0.0,MUN,16,"ZIPSER, PAUL",13:32,3,0,2,1,2,0,2,2,2,4,0,1,0,0,0,4,2,1,-8.0
2019,31,1,P002829   ,0.0,0.0,MUN,20,"NELSON, DEMARCUS",04:30,0,0,2,0,1,0,0,0,2,2,0,0,1,0,1,0,0,-3,-10.0
2019,31,1,P005670   ,0.0,1.0,MUN,21,"FLACCADORI, DIEGO",05:52,2,0,0,0,0,2,2,0,0,0,0,0,1,0,0,1,2,2,5.0
2019,31,1,P003490   ,1.0,1.0,MUN,22,"BARTHEL, DANILO",19:36,9,4,4,0,3,1,2,2,0,2,0,0,2,0,0,2,4,7,-3.0
2019,31,1,PLEM      ,0.0,0.0,MUN,43,"RADOSEVIC, LEON",10:18,0,0,2,0,0,0,0,1,1,2,1,0,0,0,0,1,1,1,-8.0
2019,31,1,P008250   ,0.0,1.0,MUN,44,"GRANT, SASHA",01:21,0,0,0,0,0,0,0,0,0,0,0,0,0,1,0,0,0,1,3.0
2019,31,1,Team,0.0,0.0,MUN,,Team,,0,0,0,0,0,0,0,1,2,3,0,0,1,0,0,0,0,2,
2019,31,1,Total,,,MUN,,Total,200:00,74,17,35,9,24,13,17,11,19,30,12,7,19,2,2,20,21,68,
2019,31,0,PKVZ      ,1.0,1.0,KHI,1,"SHVED, ALEXEY",28:02,19,5,12,1,7,6,7,1,4,5,9,0,5,0,0,0,7,21,8.0
2019,31,0,P007056   ,1.0,0.0,KHI,5,"BOOKER, DEVIN",18:31,13,3,4,2,2,1,2,2,0,2,1,2,1,0,0,4,1,12,22.0
2019,31,0,P005718   ,1.0,0.0,KHI,6,"TIMMA, JANIS",21:46,13,2,4,3,5,0,0,0,4,4,0,1,1,0,0,4,0,9,15.0
2019,31,0,P004302   ,0.0,0.0,KHI,7,"KARASEV, SERGEY",10:19,0,0,0,0,1,0,0,0,1,1,0,0,0,0,0,0,1,1,-4.0
2019,31,0,P001792   ,0.0,1.0,KHI,8,"ZAYTSEV, VYACHESLAV",17:55,4,2,2,0,0,0,0,0,2,2,1,0,3,2,0,1,1,6,2.0
2019,31,0,P005909   ,0.0,1.0,KHI,10,"DESIATNIKOV, ANDREI",01:21,0,0,1,0,0,0,0,0,0,0,0,0,0,0,1,1,0,-3,-3.0
2019,31,0,P009748   ,0.0,0.0,KHI,11,"JEREBKO, JONAS",17:16,8,0,0,2,3,2,2,0,0,0,2,0,1,0,0,3,2,7,-9.0
2019,31,0,PBFX      ,0.0,0.0,KHI,12,"MONIA, SERGEY",17:19,6,0,0,2,2,0,0,0,2,2,2,1,1,0,0,3,1,8,10.0
2019,31,0,P008001   ,1.0,1.0,KHI,13,"GILL, ANTHONY",22:44,17,4,5,2,3,3,3,1,5,6,0,1,2,0,1,2,2,19,22.0
2019,31,0,P009923   ,0.0,1.0,KHI,34,"BARASHKOV, MAKSIM",01:21,0,0,0,0,0,0,0,0,0,0,0,0,0,0,0,0,0,0,-3.0
2019,31,0,P007432   ,0.0,0.0,KHI,40,"EVANS, JEREMY",20:08,2,1,2,0,0,0,0,2,0,2,1,2,2,0,0,1,2,5,-6.0
2019,31,0,P000436   ,1.0,0.0,KHI,45,"BERTANS, DAIRIS",23:18,5,2,3,0,0,1,2,0,1,1,1,2,1,0,0,2,3,7,11.0
2019,31,0,Team,0.0,0.0,KHI,,Team,,0,0,0,0,0,0,0,0,3,3,0,0,1,0,0,0,0,2,
2019,31,0,Total,,,KHI,,Total,200:00,87,19,33,12,23,13,16,6,22,28,17,9,18,2,2,21,20,94,
2019,32,1,P003479   ,0.0,0.0,RED,0,"KUZMIC, OGNJEN",03:24,2,1,1,0,0,0,0,0,0,0,0,0,0,0,0,0,0,2,2.0
2019,32,1,PJDZ      ,0.0,0.0,RED,3,"COVIC, FILIP",16:54,0,0,0,0,3,0,0,0,1,1,2,0,3,0,0,1,5,1,-9.0
2019,32,1,P009622   ,1.0,1.0,RED,4,"BROWN, LORENZO",19:54,6,3,9,0,0,0,0,0,2,2,3,3,5,0,1,4,1,-1,7.0
2019,32,1,PKRH      ,0.0,1.0,RED,5,"PERPEROGLOU, STRATOS",13:34,6,3,4,0,2,0,0,0,3,3,2,1,1,0,0,2,1,7,5.0
2019,32,1,P007960   ,1.0,1.0,RED,7,"DAVIDOVAC, DEJAN",25:56,7,2,4,0,2,3,4,0,4,4,2,1,4,0,1,1,5,8,0.0
2019,32,1,PLUO      ,1.0,0.0,RED,10,"LAZIC, BRANKO",10:48,0,0,0,0,1,0,0,0,1,1,1,1,0,0,0,1,0,1,-2.0
2019,32,1,P008800   ,0.0,0.0,RED,11,"FAYE, MOUHAMMAD",24:58,8,1,2,2,5,0,0,2,2,4,0,2,0,2,1,1,0,10,-5.0
2019,32,1,P004007   ,0.0,1.0,RED,13,"DOBRIC, OGNJEN",17:32,8,2,3,1,4,1,2,3,0,3,1,0,0,0,0,2,2,7,-5.0
2019,32,1,P002980   ,0.0,1.0,RED,15,"GIST, JAMES",21:43,10,1,3,2,2,2,4,0,2,2,2,1,6,1,0,1,2,7,-5.0
2019,32,1,P005014   ,0.0,0.0,RED,22,"JENKINS, CHARLES",16:07,3,1,3,0,2,1,2,0,1,1,2,2,0,0,0,1,2,4,-21.0
2019,32,1,P005618   ,1.0,0.0,RED,28,"SIMANIC, BORISA",14:17,8,2,2,1,1,1,2,1,1,2,1,0,0,0,0,2,1,9,-2.0
2019,32,1,P008801   ,1.0,0.0,RED,50,"OJO, MICHAEL",14:53,7,3,4,0,0,1,2,1,3,4,0,1,2,0,0,4,2,6,-5.0
2019,32,1,Team,0.0,0.0,RED,,Team,,0,0,0,0,0,0,0,3,2,5,0,0,0,0,0,0,0,5,
2019,32,1,Total,,,RED,,Total,200:00,65,19,35,6,22,9,16,10,22,32,16,12,21,3,3,20,21,66,
2019,32,0,P007870   ,1.0,1.0,BAR,0,"DAVIES, BRANDON",24:26,14,5,7,0,0,4,5,2,4,6,3,2,2,3,0,3,4,24,7.0
2019,32,0,P005099   ,1.0,1.0,BAR,8,"HANGA, ADAM",30:18,8,2,4,1,4,1,2,0,3,3,2,2,1,0,1,3,4,8,8.0
2019,32,0,P007109   ,0.0,0.0,BAR,10,"SMITS, ROLANDS",09:30,5,1,2,1,1,0,0,1,2,3,0,0,0,0,0,1,0,6,13.0
2019,32,0,P004834   ,0.0,0.0,BAR,14,"PUSTOVYI, ARTEM",DNP,0,0,0,0,0,0,0,0,0,0,0,0,0,0,0,0,0,0,0.0
2019,32,0,P005917   ,0.0,0.0,BAR,18,"ORIOLA, PIERRE",06:35,0,0,0,0,0,0,0,0,0,0,0,0,0,0,0,0,0,0,-3.0
2019,32,0,P003478   ,1.0,1.0,BAR,21,"ABRINES, ALEX",25:04,1,0,0,0,2,1,2,1,4,5,1,2,0,0,0,2,1,5,-9.0
2019,32,0,P006450   ,1.0,0.0,BAR,22,"HIGGINS, CORY",26:31,5,1,3,1,4,0,0,0,0,0,5,0,4,0,0,5,4,0,1.0
2019,32,0,P005789   ,0.0,1.0,BAR,24,"KURIC, KYLE",25:26,15,2,3,3,5,2,2,2,2,4,1,1,3,0,0,2,2,15,8.0
2019,32,0,P008985   ,0.0,0.0,BAR,31,"BOLMARO, LEANDRO",09:12,0,0,2,0,1,0,0,0,0,0,3,2,2,0,1,1,2,0,9.0
2019,32,0,P006768   ,0.0,0.0,BAR,32,"MARTINEZ, SERGI",DNP,0,0,0,0,0,0,0,0,0,0,0,0,0,0,0,0,0,0,0.0
2019,32,0,P000796   ,1.0,1.0,BAR,33,"MIROTIC, NIKOLA",31:21,21,8,13,1,6,2,4,2,4,6,2,1,6,0,0,2,3,13,-2.0
2019,32,0,P002507   ,0.0,0.0,BAR,44,"TOMIC, ANTE",11:37,4,2,3,0,0,0,0,1,1,2,0,0,0,0,1,2,0,2,8.0
2019,32,0,Team,0.0,0.0,BAR,,Team,,0,0,0,0,0,0,0,1,3,4,0,0,2,0,0,0,0,2,
2019,32,0,Total,,,BAR,,Total,200:00,73,21,37,7,23,10,15,10,23,33,17,10,20,3,3,21,20,75,
2019,33,1,P008855   ,0.0,0.0,ZAL,0,"WALKUP, THOMAS",24:20,12,2,4,2,2,2,2,0,6,6,4,0,3,0,0,0,2,19,25.0
2019,33,1,P003210   ,1.0,0.0,ZAL,4,"LEKAVICIUS, LUKAS",16:48,4,2,4,0,0,0,0,0,0,0,2,0,2,0,0,2,2,2,-2.0
2019,33,1,P008962   ,1.0,1.0,ZAL,10,"HAYES, NIGEL",18:55,3,1,2,0,3,1,2,2,1,3,0,0,1,0,0,4,2,-2,-1.0
2019,33,1,PBWI      ,0.0,0.0,ZAL,13,"JANKUNAS, PAULIUS",10:14,5,2,2,0,0,1,2,1,3,4,1,0,1,0,0,4,2,6,14.0
2019,33,1,P006158   ,0.0,1.0,ZAL,16,"LUKOSIUNAS, KAROLIS",02:09,0,0,0,0,1,0,0,0,0,0,0,0,0,0,0,0,0,-1,-5.0
2019,33,1,PKPD      ,0.0,0.0,ZAL,21,"MILAKNIS, ARTURAS",26:46,10,1,1,2,4,2,2,0,2,2,1,1,1,0,0,2,2,11,10.0
2019,33,1,P009753   ,0.0,1.0,ZAL,23,"GEBEN, MARTINAS",07:30,0,0,1,0,0,0,0,0,1,1,0,0,0,1,1,0,1,1,0.0
2019,33,1,P008987   ,0.0,0.0,ZAL,32,"LEDAY, ZACH",28:31,13,5,9,0,1,3,4,2,6,8,1,0,5,2,3,2,5,13,24.0
2019,33,1,P008820   ,1.0,0.0,ZAL,34,"LANDALE, JOCK",14:13,6,1,2,0,1,4,4,1,0,1,0,0,1,0,1,2,2,3,-9.0
2019,33,1,P002328   ,1.0,1.0,ZAL,40,"GRIGONIS, MARIUS",20:12,11,1,1,3,4,0,0,0,3,3,1,1,0,0,0,4,2,13,10.0
2019,33,1,P009328   ,0.0,1.0,ZAL,77,"KRIISA, KERR",02:09,1,0,0,0,1,1,2,0,0,0,0,0,0,0,0,0,1,0,-5.0
2019,33,1,P002329   ,1.0,0.0,ZAL,92,"ULANOVAS, EDGARAS",28:13,5,1,3,1,2,0,0,1,2,3,2,0,0,0,0,2,2,7,9.0
2019,33,1,Team,0.0,0.0,ZAL,,Team,,0,0,0,0,0,0,0,1,4,5,0,0,1,0,0,0,0,4,
2019,33,1,Total,,,ZAL,,Total,200:00,70,16,29,8,19,14,18,8,28,36,12,2,15,3,5,22,23,76,
2019,33,0,P000229   ,0.0,0.0,ASV,1,"JACKSON, EDWIN",25:29,7,1,5,0,3,5,6,0,0,0,4,0,0,0,0,2,6,7,-17.0
2019,33,0,P005247   ,0.0,1.0,ASV,2,"TAYLOR, JORDAN",15:16,1,0,1,0,2,1,2,0,3,3,2,1,1,0,0,3,2,1,-6.0
2019,33,0,P009733   ,1.0,0.0,ASV,3,"JEKIRI, TONYE",24:50,10,4,10,0,0,2,4,5,5,10,1,2,0,0,1,1,4,17,-19.0
2019,33,0,PKIR      ,1.0,0.0,ASV,5,"KAHUDI, CHARLES",19:48,7,2,3,1,3,0,0,1,0,1,2,0,1,0,0,3,0,3,-10.0
2019,33,0,P005553   ,1.0,1.0,ASV,9,"LOMAZS, RIHARDS",16:47,6,0,2,2,4,0,0,1,2,3,0,1,0,0,1,3,3,5,11.0
2019,33,0,P008851   ,0.0,1.0,ASV,11,"GALLIOU, CHARLES",06:53,0,0,0,0,0,0,0,0,2,2,1,1,0,0,0,1,1,4,9.0
2019,33,0,P006068   ,0.0,1.0,ASV,12,"NOUA, AMINE",21:24,8,4,6,0,2,0,0,2,0,2,1,0,2,1,1,4,1,2,0.0
2019,33,0,P002536   ,1.0,1.0,ASV,17,"JEAN-CHARLES, LIVIO",18:16,4,2,4,0,2,0,0,1,1,2,1,0,1,2,0,2,2,4,2.0
2019,33,0,PTFK      ,1.0,0.0,ASV,19,"DIOT, ANTOINE",21:43,7,2,3,1,3,0,0,1,0,1,1,1,3,0,0,1,2,5,-22.0
2019,33,0,P004655   ,0.0,0.0,ASV,21,"BAKO, ISMAEL",05:30,0,0,1,0,0,0,0,0,3,3,0,0,0,2,0,0,0,4,-4.0
2019,33,0,P003526   ,0.0,0.0,ASV,23,"LIGHTY, DAVID",24:04,6,0,3,2,4,0,0,0,0,0,2,1,0,0,0,3,1,2,-14.0
2019,33,0,Team,0.0,0.0,ASV,,Team,,0,0,0,0,0,0,0,3,0,3,0,0,1,0,0,0,0,2,
2019,33,0,Total,,,ASV,,Total,200:00,56,15,38,6,23,8,12,14,16,30,15,7,9,5,3,23,22,56,
2019,34,1,P009600   ,0.0,1.0,BER,1,"MASON, MAKAI",05:31,0,0,0,0,2,0,0,0,0,0,1,0,0,0,0,0,1,0,-1.0
2019,34,1,P007125   ,1.0,1.0,BER,3,"SIVA, PEYTON",31:17,7,1,3,1,7,2,2,0,1,1,11,1,2,0,0,1,4,13,-18.0
2019,34,1,P001557   ,1.0,0.0,BER,5,"GIFFEY, NIELS",23:28,11,4,6,1,1,0,0,2,1,3,2,3,1,0,0,1,0,15,-7.0
2019,34,1,P003151   ,0.0,0.0,BER,8,"ERIKSSON, MARCUS",08:27,0,0,2,0,1,0,0,0,2,2,1,0,1,0,0,1,2,0,-5.0
2019,34,1,P007025   ,0.0,0.0,BER,9,"MATTISSECK, JONAS",11:08,2,1,1,0,0,0,0,0,0,0,0,1,3,0,0,5,1,-4,-6.0
2019,34,1,P006251   ,0.0,1.0,BER,10,"SCHNEIDER, TIM",17:00,11,1,2,2,2,3,4,0,0,0,0,1,0,0,0,1,2,11,-7.0
2019,34,1,P003242   ,0.0,0.0,BER,25,"OGBE, KENNETH",10:24,2,1,2,0,0,0,0,0,2,2,0,0,0,0,0,0,0,3,-1.0
2019,34,1,P006436   ,1.0,1.0,BER,31,"GIEDRAITIS, ROKAS",29:45,10,2,4,1,6,3,4,2,4,6,3,3,4,0,0,1,2,11,-10.0
2019,34,1,P003958   ,0.0,0.0,BER,32,"THIEMANN, JOHANNES",02:46,1,0,0,0,0,1,2,0,0,0,0,0,0,0,0,0,1,1,-6.0
2019,34,1,P009601   ,0.0,0.0,BER,34,"CAVANAUGH, TYLER",10:51,3,0,4,1,1,0,0,0,1,1,0,0,1,0,1,5,0,-7,8.0
2019,34,1,P009051   ,1.0,0.0,BER,35,"NNOKO, LANDRY",23:18,8,3,9,0,0,2,6,3,4,7,0,0,0,0,0,2,6,9,-17.0
2019,34,1,P006589   ,1.0,1.0,BER,43,"SIKMA, LUKE",26:05,11,3,7,1,4,2,4,4,1,5,2,1,2,0,0,4,3,7,-10.0
2019,34,1,Team,0.0,0.0,BER,,Team,,0,0,0,0,0,0,0,3,3,6,0,0,1,0,0,0,0,5,
2019,34,1,Total,,,BER,,Total,200:00,66,16,40,7,24,13,22,14,19,33,20,10,15,0,1,21,22,64,
2019,34,0,P009035   ,0.0,0.0,CSK,3,"BOLOMBOY, JOEL",26:56,12,3,4,1,3,3,5,2,2,4,0,1,2,0,0,1,7,16,6.0
2019,34,0,P005985   ,1.0,0.0,CSK,5,"JAMES, MIKE",29:09,22,5,8,3,8,3,3,1,2,3,5,2,4,0,0,1,4,23,18.0
2019,34,0,P004941   ,0.0,1.0,CSK,11,"ANTONOV, SEMEN",02:09,0,0,0,0,0,0,0,0,0,0,0,0,0,0,0,2,0,-2,2.0
2019,34,0,P000046   ,0.0,1.0,CSK,13,"STRELNIEKS, JANIS",12:16,7,1,1,1,3,2,2,0,1,1,4,2,0,0,0,2,1,11,10.0
2019,34,0,P007201   ,1.0,0.0,CSK,17,"VOIGTMANN, JOHANNES",25:06,7,2,2,1,4,0,0,1,7,8,1,1,1,0,0,0,1,14,13.0
2019,34,0,PLHI      ,0.0,0.0,CSK,20,"VORONTSEVICH, ANDREY",13:48,2,1,1,0,3,0,0,1,1,2,0,0,0,0,0,4,1,-2,3.0
2019,34,0,P004888   ,0.0,0.0,CSK,21,"CLYBURN, WILL",08:48,2,1,3,0,0,0,0,3,0,3,0,1,2,0,0,0,0,2,2.0
2019,34,0,P001844   ,0.0,1.0,CSK,23,"HACKETT, DANIEL",13:29,2,0,1,0,0,2,2,1,3,4,3,0,2,0,0,3,4,7,1.0
2019,34,0,P008989   ,1.0,0.0,CSK,32,"HILLIARD, DARRUN",26:19,21,1,4,6,10,1,2,0,2,2,2,2,2,0,0,3,1,15,22.0
2019,34,0,PJLX      ,1.0,1.0,CSK,41,"KURBANOV, NIKITA",20:13,0,0,0,0,1,0,0,1,7,8,3,0,1,1,0,2,0,8,4.0
2019,34,0,P002812   ,1.0,1.0,CSK,42,"HINES, KYLE",12:01,7,3,3,0,0,1,2,2,0,2,0,0,2,0,0,4,2,4,8.0
2019,34,0,P009767   ,0.0,0.0,CSK,84,"BAKER, RON",09:46,0,0,0,0,0,0,0,0,2,2,0,0,4,0,0,0,0,-2,-9.0
2019,34,0,Team,0.0,0.0,CSK,,Team,,0,0,0,0,0,0,0,0,2,2,0,0,1,0,0,0,0,1,
2019,34,0,Total,,,CSK,,Total,200:00,82,17,27,12,32,12,16,12,29,41,18,9,21,1,0,22,21,95,
2019,35,1,P005884   ,0.0,1.0,MIL,0,"DELLA VALLE, AMEDEO",21:00,15,2,4,3,6,2,2,0,3,3,1,0,1,0,0,1,3,15,17.0
2019,35,1,P000529   ,1.0,0.0,MIL,5,"MICOV, VLADIMIR",31:50,7,2,3,1,2,0,0,0,4,4,7,0,0,0,0,1,1,16,19.0
2019,35,1,P009903   ,0.0,1.0,MIL,6,"BILIGHA, PAUL",10:05,6,2,5,0,0,2,2,4,2,6,0,0,1,0,0,2,1,7,7.0
2019,35,1,P003120   ,0.0,0.0,MIL,7,"GUDAITIS, ARTURAS",21:24,17,5,8,0,0,7,9,1,4,5,2,1,0,0,0,3,8,25,14.0
2019,35,1,P000726   ,0.0,1.0,MIL,9,"MORASCHINI, RICCARDO",04:54,0,0,0,0,0,0,0,0,0,0,0,0,0,0,0,2,0,-2,-2.0
2019,35,1,P004974   ,1.0,1.0,MIL,10,"ROLL, MICHAEL",20:52,6,0,2,2,4,0,0,0,1,1,1,2,1,0,0,3,0,2,-7.0
2019,35,1,PCVM      ,1.0,0.0,MIL,13,"RODRIGUEZ, SERGIO",30:02,22,6,8,2,5,4,5,1,2,3,5,1,5,0,0,1,4,23,8.0
2019,35,1,P008004   ,1.0,1.0,MIL,15,"TARCZEWSKI, KALEB",20:49,8,3,6,0,0,2,2,5,4,9,0,0,3,1,0,4,1,9,3.0
2019,35,1,PKIW      ,0.0,0.0,MIL,20,"CINCIARINI, ANDREA",11:37,0,0,0,0,0,0,0,0,3,3,3,0,0,0,0,2,0,4,3.0
2019,35,1,P005692   ,0.0,0.0,MIL,23,"BURNS, CHRISTIAN",DNP,0,0,0,0,0,0,0,0,0,0,0,0,0,0,0,0,0,0,0.0
2019,35,1,P006505   ,0.0,0.0,MIL,30,"WHITE, AARON",03:58,0,0,0,0,0,0,0,0,0,0,0,0,0,0,0,1,1,0,3.0
2019,35,1,PAJG      ,1.0,0.0,MIL,40,"SCOLA, LUIS",23:29,6,1,6,1,2,1,1,1,4,5,1,1,1,0,1,3,0,2,0.0
2019,35,1,Team,0.0,0.0,MIL,,Team,,0,0,0,0,0,0,0,0,0,0,0,0,1,0,0,0,0,-1,
2019,35,1,Total,,,MIL,,Total,200:00,87,21,42,9,19,18,21,12,27,39,20,5,13,1,1,23,19,100,
2019,35,0,P002543   ,1.0,0.0,ULK,9,"WESTERMANN, LEO",12:01,0,0,1,0,0,0,0,0,1,1,1,0,1,0,0,2,1,-1,3.0
2019,35,0,P002969   ,0.0,1.0,ULK,10,"MAHMUTOGLU, MELIH",14:19,8,0,1,2,3,2,3,0,0,0,0,0,0,0,0,1,1,5,2.0
2019,35,0,P006961   ,0.0,1.0,ULK,13,"BIBEROVIC, TARIK",09:26,4,2,2,0,2,0,0,2,1,3,1,0,0,0,0,1,0,5,2.0
2019,35,0,P001926   ,1.0,0.0,ULK,16,"SLOUKAS, KOSTAS",25:05,7,2,4,0,2,3,4,0,2,2,7,0,1,0,0,2,3,11,-13.0
2019,35,0,P002100   ,1.0,1.0,ULK,19,"DE COLO, NANDO",28:40,12,3,8,0,3,6,6,0,5,5,2,0,2,0,0,4,3,8,-13.0
2019,35,0,P009006   ,0.0,0.0,ULK,21,"WILLIAMS, DERRICK",20:49,8,1,2,2,4,0,2,0,1,1,2,2,0,0,0,1,2,9,-2.0
2019,35,0,P000925   ,1.0,1.0,ULK,24,"VESELY, JAN",28:48,14,6,9,0,0,2,3,4,3,7,0,0,1,1,0,2,6,21,-3.0
2019,35,0,P001324   ,0.0,0.0,ULK,35,"MUHAMMED, ALI",13:38,2,0,0,0,2,2,2,0,0,0,1,1,1,0,0,1,2,2,-11.0
2019,35,0,P006399   ,0.0,0.0,ULK,44,"DUVERIOGLU, AHMET",04:41,0,0,0,0,0,0,0,0,1,1,0,0,0,0,0,0,0,1,-8.0
2019,35,0,PCCD      ,0.0,1.0,ULK,70,"DATOME, LUIGI",20:52,5,1,5,1,3,0,0,1,1,2,2,0,2,0,0,4,2,-1,-7.0
2019,35,0,P004194   ,1.0,0.0,ULK,77,"LAUVERGNE, JOFFREY",21:41,14,5,9,1,3,1,1,3,5,8,0,0,0,0,1,1,3,17,-15.0
2019,35,0,PLBJ      ,0.0,0.0,ULK,91,"STIMAC, VLADIMIR",DNP,0,0,0,0,0,0,0,0,0,0,0,0,0,0,0,0,0,0,0.0
2019,35,0,Team,0.0,0.0,ULK,,Team,,0,0,0,0,0,0,0,1,0,1,0,0,0,0,0,0,0,1,
2019,35,0,Total,,,ULK,,Total,200:00,74,20,41,6,22,16,21,11,20,31,16,3,8,1,1,19,23,78,
2019,36,1,P007947   ,0.0,0.0,BAS,3,"VILDOZA, LUCA",23:51,10,2,5,2,5,0,0,1,2,3,6,2,1,1,1,2,2,14,6.0
2019,36,1,P008032   ,0.0,0.0,BAS,5,"GONZALEZ, MIGUEL",DNP,0,0,0,0,0,0,0,0,0,0,0,0,0,0,0,0,0,0,0.0
2019,36,1,P006754   ,1.0,1.0,BAS,7,"HENRY, PIERRIA",17:59,12,2,4,2,4,2,2,1,2,3,2,0,2,0,0,3,2,10,12.0
2019,36,1,P004165   ,0.0,0.0,BAS,11,"JANNING, MATT",17:08,2,1,2,0,3,0,0,1,1,2,1,0,1,0,0,1,0,-1,13.0
2019,36,1,P003540   ,0.0,0.0,BAS,12,"DIOP, ILIMANE",01:40,0,0,0,0,0,0,0,0,0,0,0,0,0,1,0,1,0,0,-3.0
2019,36,1,P006568   ,0.0,1.0,BAS,19,"FALL, YOUSSOUPHA",27:32,8,4,5,0,0,0,0,6,10,16,0,0,2,2,0,2,2,23,16.0
2019,36,1,P009836   ,1.0,1.0,BAS,22,"STAUSKAS, NIKOLAS",20:37,11,0,2,3,7,2,2,0,3,3,0,0,1,1,1,0,1,8,6.0
2019,36,1,P001133   ,1.0,1.0,BAS,23,"SHENGELIA, TORNIKE",30:45,25,9,16,2,6,1,1,5,4,9,3,0,0,1,0,3,4,28,26.0
2019,36,1,P007994   ,0.0,1.0,BAS,29,"GARINO, PATRICIO",25:39,7,1,4,1,1,2,2,0,4,4,0,1,1,0,0,0,1,9,24.0
2019,36,1,P007831   ,1.0,0.0,BAS,31,"SHIELDS, SHAVON",14:46,4,2,5,0,1,0,0,2,2,4,0,0,0,0,0,0,0,4,-13.0
2019,36,1,P002084   ,0.0,0.0,BAS,33,"POLONARA, ACHILLE",09:15,2,1,1,0,1,0,0,2,0,2,0,1,0,1,0,2,1,4,-10.0
2019,36,1,P007360   ,1.0,0.0,BAS,50,"ERIC, MICHAEL",10:48,1,0,1,0,0,1,2,0,3,3,0,0,0,1,0,3,1,1,3.0
2019,36,1,Team,0.0,0.0,BAS,,Team,,0,0,0,0,0,0,0,1,1,2,0,0,0,0,0,0,0,2,
2019,36,1,Total,,,BAS,,Total,200:00,82,22,45,10,28,8,9,19,32,51,12,4,8,8,2,17,14,102,
2019,36,0,P009862   ,0.0,0.0,OLY,0,"PUNTER, KEVIN XAVIER",16:02,2,1,6,0,0,0,0,0,0,0,0,0,0,0,0,1,0,-4,-23.0
2019,36,0,P009863   ,0.0,0.0,OLY,2,"BALDWIN IV, WADE",02:22,0,0,1,0,1,0,0,1,0,1,0,0,0,0,0,0,0,-1,-6.0
2019,36,0,P004945   ,1.0,1.0,OLY,3,"PAUL, BRANDON",28:00,15,0,1,5,9,0,1,0,3,3,0,0,0,0,1,2,2,11,1.0
2019,36,0,P005255   ,0.0,0.0,OLY,6,"KONIARIS, ANTONIOS",03:02,0,0,0,0,0,0,0,0,0,0,0,0,2,0,0,2,1,-3,-3.0
2019,36,0,PJUO      ,1.0,1.0,OLY,7,"SPANOULIS, VASSILIS",29:19,10,1,2,2,9,2,3,0,1,1,5,0,2,0,3,0,3,5,1.0
2019,36,0,P006058   ,1.0,1.0,OLY,10,"CHERRY, WILL",29:15,10,2,4,2,3,0,0,1,4,5,5,1,0,0,1,4,0,13,-1.0
2019,36,0,P003941   ,1.0,1.0,OLY,11,"MILUTINOV, NIKOLA",29:06,9,3,6,0,0,3,4,4,6,10,1,1,1,2,1,0,3,20,-15.0
2019,36,0,P003469   ,0.0,0.0,OLY,14,"VEZENKOV, SASHA",00:04,0,0,0,0,0,0,0,0,0,0,0,0,0,0,0,1,0,-1,-3.0
2019,36,0,PAMM      ,1.0,1.0,OLY,15,"PRINTEZIS, GEORGIOS",25:54,8,4,10,0,1,0,0,0,2,2,1,1,0,0,1,1,3,6,-6.0
2019,36,0,P001255   ,0.0,0.0,OLY,16,"PAPANIKOLAOU, KOSTAS",12:00,0,0,0,0,2,0,0,0,0,0,1,1,2,0,0,1,0,-3,-17.0
2019,36,0,P002008   ,0.0,0.0,OLY,19,"KUZMINSKAS, MINDAUGAS",06:46,2,1,2,0,1,0,0,0,0,0,0,0,0,0,1,1,2,0,-9.0
2019,36,0,P006477   ,0.0,0.0,OLY,21,"RUBIT, AUGUSTINE",18:10,10,4,6,0,0,2,3,0,4,4,0,0,0,0,0,2,3,12,1.0
2019,36,0,Team,0.0,0.0,OLY,,Team,,0,0,0,0,0,0,0,3,2,5,0,0,0,0,0,0,0,5,
2019,36,0,Total,,,OLY,,Total,200:00,66,16,38,9,26,7,11,9,22,31,13,4,7,2,8,15,17,60,
2019,37,1,PKVZ      ,1.0,1.0,KHI,1,"SHVED, ALEXEY",32:02,26,7,8,2,8,6,6,0,3,3,7,0,3,0,0,2,4,28,11.0
2019,37,1,P004810   ,0.0,0.0,KHI,3,"KRAMER, CHRIS",DNP,0,0,0,0,0,0,0,0,0,0,0,0,0,0,0,0,0,0,0.0
2019,37,1,P007056   ,1.0,0.0,KHI,5,"BOOKER, DEVIN",14:05,13,3,4,2,3,1,2,1,2,3,3,0,1,1,0,4,2,14,9.0
2019,37,1,P005718   ,1.0,1.0,KHI,6,"TIMMA, JANIS",30:14,16,2,4,4,7,0,0,3,5,8,6,0,6,1,0,4,3,19,28.0
2019,37,1,P004302   ,0.0,0.0,KHI,7,"KARASEV, SERGEY",14:04,5,0,1,1,2,2,2,1,1,2,1,0,0,0,0,4,2,4,-6.0
2019,37,1,P001792   ,0.0,1.0,KHI,8,"ZAYTSEV, VYACHESLAV",20:26,7,1,2,1,1,2,2,0,4,4,2,0,1,2,0,3,2,12,23.0
2019,37,1,P005909   ,0.0,0.0,KHI,10,"DESIATNIKOV, ANDREI",DNP,0,0,0,0,0,0,0,0,0,0,0,0,0,0,0,0,0,0,0.0
2019,37,1,P009748   ,0.0,1.0,KHI,11,"JEREBKO, JONAS",24:26,14,4,5,2,2,0,0,3,3,6,1,0,3,1,0,1,0,17,15.0
2019,37,1,PBFX      ,0.0,0.0,KHI,12,"MONIA, SERGEY",DNP,0,0,0,0,0,0,0,0,0,0,0,0,0,0,0,0,0,0,0.0
2019,37,1,P008001   ,1.0,0.0,KHI,13,"GILL, ANTHONY",15:34,0,0,1,0,1,0,0,0,2,2,2,0,1,0,0,1,0,0,2.0
2019,37,1,P007432   ,0.0,1.0,KHI,40,"EVANS, JEREMY",25:55,10,4,10,0,0,2,2,4,7,11,1,1,1,1,1,1,2,17,8.0
2019,37,1,P000436   ,1.0,0.0,KHI,45,"BERTANS, DAIRIS",23:14,12,1,2,3,5,1,1,0,1,1,2,0,1,0,0,1,2,12,-5.0
2019,37,1,Team,0.0,0.0,KHI,,Team,,0,0,0,0,0,0,0,2,3,5,0,0,0,0,0,0,0,5,
2019,37,1,Total,,,KHI,,Total,200:00,103,22,37,15,29,14,15,14,31,45,25,1,17,6,1,21,17,128,
2019,37,0,P005094   ,1.0,1.0,PAN,0,"THOMAS, DESHAUN",26:40,10,3,7,0,4,4,4,2,0,2,0,2,0,0,2,3,2,3,-16.0
2019,37,0,P003367   ,0.0,0.0,PAN,5,"RICE, TYRESE",16:24,8,0,3,2,5,2,2,0,0,0,5,0,2,0,1,2,3,5,-7.0
2019,37,0,P005844   ,0.0,0.0,PAN,6,"PAPAGIANNIS, GEORGIOS",DNP,0,0,0,0,0,0,0,0,0,0,0,0,0,0,0,0,0,0,0.0
2019,37,0,P005161   ,1.0,0.0,PAN,10,"PAPAPETROU, IOANNIS",22:12,9,3,4,1,3,0,0,1,1,2,0,1,0,0,0,2,0,7,-9.0
2019,37,0,PTFX      ,1.0,0.0,PAN,15,"VOUGIOUKAS, IAN",10:49,9,3,5,0,0,3,4,0,1,1,0,0,1,0,0,1,4,9,-12.0
2019,37,0,P009816   ,0.0,1.0,PAN,24,"JOHNSON, WESLEY",22:05,8,1,1,1,2,3,3,0,3,3,0,0,0,1,0,3,3,11,-16.0
2019,37,0,P009817   ,0.0,0.0,PAN,25,"BROWN, RION",DNP,0,0,0,0,0,0,0,0,0,0,0,0,0,0,0,0,0,0,0.0
2019,37,0,P009842   ,1.0,1.0,PAN,32,"FREDETTE, JIMMER",23:37,16,3,4,3,8,1,1,0,2,2,3,2,0,0,1,2,1,15,-10.0
2019,37,0,P001932   ,1.0,1.0,PAN,33,"CALATHES, NICK",34:03,10,3,9,1,1,1,4,0,1,1,11,1,1,0,1,1,4,15,-11.0
2019,37,0,P009472   ,0.0,1.0,PAN,35,"WILEY, JACOB",26:24,8,4,6,0,0,0,2,1,1,2,1,4,0,0,0,2,3,12,-11.0
2019,37,0,P007866   ,0.0,0.0,PAN,44,"MITOGLOU, KONSTANTINOS",11:19,6,2,2,0,2,2,2,1,4,5,0,0,1,0,0,1,1,8,2.0
2019,37,0,P009818   ,0.0,0.0,PAN,50,"BENTIL, BENJAMIN",06:27,2,1,2,0,0,0,0,0,1,1,1,0,0,0,1,0,0,2,5.0
2019,37,0,Team,0.0,0.0,PAN,,Team,,0,0,0,0,0,0,0,3,1,4,0,0,0,0,0,0,0,4,
2019,37,0,Total,,,PAN,,Total,200:00,86,23,43,8,25,16,22,8,15,23,21,10,5,1,6,17,21,91,
2019,38,1,P007200   ,1.0,0.0,IST,0,"LARKIN, SHANE",23:04,13,0,2,2,8,7,8,1,0,1,2,1,3,0,0,0,6,11,9.0
2019,38,1,P006590   ,0.0,1.0,IST,1,"BEAUBOIS, RODRIGUE",13:58,5,0,2,1,3,2,2,0,3,3,0,1,2,0,0,1,1,3,4.0
2019,38,1,P006614   ,0.0,0.0,IST,2,"SINGLETON, CHRIS",20:17,3,0,1,0,1,3,3,0,0,0,1,1,1,0,0,4,1,-1,6.0
2019,38,1,P003521   ,0.0,0.0,IST,4,"BALBAY, DOGUS",10:31,0,0,0,0,0,0,0,1,3,4,0,1,1,0,0,2,1,3,-6.0
2019,38,1,P005686   ,0.0,1.0,IST,8,"GECIM, TOLGA",01:09,0,0,0,0,0,0,0,0,0,0,0,0,0,0,0,0,0,0,0.0
2019,38,1,P002968   ,0.0,1.0,IST,15,"SANLI, SERTAC",01:09,0,0,0,0,0,0,0,0,0,0,0,0,1,0,0,0,0,-1,0.0
2019,38,1,PLHK      ,1.0,0.0,IST,21,"PLEISS, TIBOR",12:36,4,2,3,0,1,0,0,0,1,1,0,0,1,0,0,1,0,1,-4.0
2019,38,1,P002580   ,1.0,1.0,IST,22,"MICIC, VASILIJE",26:52,26,5,8,4,6,4,4,0,2,2,5,2,4,0,0,3,6,29,12.0
2019,38,1,P005938   ,1.0,0.0,IST,23,"ANDERSON, JAMES",15:55,7,1,1,1,3,2,2,2,4,6,1,1,1,0,0,1,1,12,17.0
2019,38,1,P008829   ,1.0,1.0,IST,25,"PETERS, ALEC",21:30,6,0,0,2,2,0,0,0,7,7,0,1,1,0,0,2,2,13,7.0
2019,38,1,P003048   ,0.0,0.0,IST,42,"DUNSTON, BRYANT",26:12,10,5,5,0,1,0,0,2,3,5,1,0,2,1,0,1,3,16,19.0
2019,38,1,PCPR      ,0.0,0.0,IST,44,"SIMON, KRUNOSLAV",26:47,11,1,4,3,5,0,0,0,2,2,5,0,2,0,0,0,0,11,11.0
2019,38,1,Team,0.0,0.0,IST,,Team,,0,0,0,0,0,0,0,2,0,2,0,0,1,0,0,0,0,1,
2019,38,1,Total,,,IST,,Total,200:00,85,14,26,13,30,18,19,8,25,33,15,8,20,1,0,15,21,98,
2019,38,0,P003479   ,0.0,0.0,RED,0,"KUZMIC, OGNJEN",15:01,6,3,3,0,0,0,0,3,1,4,3,0,1,0,0,1,0,11,-3.0
2019,38,0,PJDZ      ,0.0,0.0,RED,3,"COVIC, FILIP",10:57,0,0,1,0,2,0,0,1,1,2,1,0,1,0,0,1,0,-2,-7.0
2019,38,0,P009622   ,1.0,1.0,RED,4,"BROWN, LORENZO",29:03,18,7,10,1,2,1,1,0,3,3,5,2,6,0,0,2,3,19,-8.0
2019,38,0,PKRH      ,0.0,0.0,RED,5,"PERPEROGLOU, STRATOS",16:28,5,0,4,1,4,2,2,0,0,0,0,0,0,0,0,0,2,0,-6.0
2019,38,0,P007960   ,0.0,1.0,RED,7,"DAVIDOVAC, DEJAN",25:50,7,1,2,1,4,2,2,1,3,4,1,2,2,0,0,4,3,7,-2.0
2019,38,0,PLUO      ,1.0,1.0,RED,10,"LAZIC, BRANKO",18:17,9,3,3,1,3,0,0,0,3,3,0,1,0,0,0,4,2,9,-2.0
2019,38,0,P005775   ,1.0,0.0,RED,12,"BARON, BILLY",23:52,6,2,2,0,3,2,2,0,0,0,1,0,2,0,0,3,1,0,-17.0
2019,38,0,P004007   ,0.0,0.0,RED,13,"DOBRIC, OGNJEN",07:56,3,0,0,1,3,0,0,0,0,0,0,0,0,0,0,0,0,1,-11.0
2019,38,0,P002980   ,1.0,1.0,RED,15,"GIST, JAMES",17:37,5,2,9,0,1,1,1,3,4,7,2,1,1,0,0,4,2,4,-16.0
2019,38,0,P005014   ,0.0,1.0,RED,22,"JENKINS, CHARLES",16:50,6,3,5,0,1,0,0,0,1,1,1,2,1,0,0,1,0,5,2.0
2019,38,0,P005618   ,1.0,0.0,RED,28,"SIMANIC, BORISA",08:07,0,0,0,0,0,0,0,0,0,0,0,2,2,0,0,0,0,0,-10.0
2019,38,0,P008801   ,0.0,0.0,RED,50,"OJO, MICHAEL",10:02,5,2,4,0,0,1,1,1,3,4,0,1,0,0,1,1,2,8,5.0
2019,38,0,Team,0.0,0.0,RED,,Team,,0,0,0,0,0,0,0,2,1,3,0,0,0,0,0,0,0,3,
2019,38,0,Total,,,RED,,Total,200:00,70,23,43,5,23,9,9,11,20,31,14,11,16,0,1,21,15,65,
2019,39,1,P009600   ,0.0,0.0,BER,1,"MASON, MAKAI",DNP,0,0,0,0,0,0,0,0,0,0,0,0,0,0,0,0,0,0,0.0
2019,39,1,P007125   ,1.0,1.0,BER,3,"SIVA, PEYTON",26:22,20,1,4,3,8,9,9,0,1,1,2,1,3,0,0,4,6,15,-7.0
2019,39,1,P001557   ,1.0,1.0,BER,5,"GIFFEY, NIELS",23:41,3,0,3,1,2,0,0,0,1,1,1,2,1,0,0,4,3,1,-6.0
2019,39,1,P007025   ,0.0,0.0,BER,9,"MATTISSECK, JONAS",06:39,4,1,1,0,1,2,2,2,0,2,1,0,1,0,0,0,1,6,5.0
2019,39,1,P006251   ,0.0,0.0,BER,10,"SCHNEIDER, TIM",15:20,3,0,0,1,3,0,0,0,2,2,0,1,0,0,0,1,0,3,1.0
2019,39,1,P008780   ,0.0,1.0,BER,15,"HERMANNSSON, MARTIN",24:45,7,1,4,1,6,2,2,1,0,1,5,1,2,0,0,3,2,3,3.0
2019,39,1,P003242   ,0.0,0.0,BER,25,"OGBE, KENNETH",10:53,2,1,3,0,1,0,0,1,1,2,0,1,1,0,0,1,2,2,4.0
2019,39,1,P006436   ,1.0,1.0,BER,31,"GIEDRAITIS, ROKAS",29:46,18,2,6,4,7,2,2,1,5,6,0,3,0,1,2,0,1,20,-5.0
2019,39,1,P003958   ,0.0,0.0,BER,32,"THIEMANN, JOHANNES",11:15,7,1,1,1,2,2,3,1,4,5,0,0,1,0,0,2,2,9,-4.0
2019,39,1,P009601   ,0.0,0.0,BER,34,"CAVANAUGH, TYLER",07:11,3,0,0,1,3,0,0,0,0,0,0,0,1,0,0,1,0,-1,4.0
2019,39,1,P009051   ,1.0,0.0,BER,35,"NNOKO, LANDRY",24:45,2,1,2,0,0,0,0,1,5,6,2,1,3,1,0,2,2,8,-4.0
2019,39,1,P006589   ,1.0,1.0,BER,43,"SIKMA, LUKE",19:23,9,1,4,2,4,1,2,4,2,6,4,0,0,0,0,2,2,13,-6.0
2019,39,1,Team,0.0,0.0,BER,,Team,,0,0,0,0,0,0,0,2,0,2,0,0,0,0,0,0,0,2,
2019,39,1,Total,,,BER,,Total,200:00,78,9,28,14,37,18,20,13,21,34,15,10,13,2,2,20,21,81,
2019,39,0,P005884   ,0.0,1.0,MIL,0,"DELLA VALLE, AMEDEO",16:55,3,0,2,1,2,0,0,0,0,0,2,1,2,0,0,2,1,0,-3.0
2019,39,0,P000529   ,1.0,1.0,MIL,5,"MICOV, VLADIMIR",19:44,9,2,5,1,5,2,2,0,4,4,4,0,3,1,0,3,3,8,3.0
2019,39,0,P009903   ,0.0,0.0,MIL,6,"BILIGHA, PAUL",DNP,0,0,0,0,0,0,0,0,0,0,0,0,0,0,0,0,0,0,0.0
2019,39,0,P003120   ,0.0,0.0,MIL,7,"GUDAITIS, ARTURAS",19:51,5,2,4,0,0,1,1,2,3,5,1,1,1,0,1,2,2,8,-1.0
2019,39,0,P000726   ,0.0,0.0,MIL,9,"MORASCHINI, RICCARDO",07:15,0,0,0,0,0,0,0,0,3,3,1,1,1,0,0,0,1,5,6.0
2019,39,0,P004974   ,1.0,1.0,MIL,10,"ROLL, MICHAEL",25:00,8,1,4,2,5,0,0,0,3,3,0,1,0,0,0,2,1,5,3.0
2019,39,0,PCVM      ,1.0,1.0,MIL,13,"RODRIGUEZ, SERGIO",27:50,17,2,4,2,5,7,7,1,3,4,4,1,5,0,1,1,5,19,1.0
2019,39,0,P008004   ,1.0,0.0,MIL,15,"TARCZEWSKI, KALEB",25:48,7,2,2,0,0,3,4,4,5,9,0,1,1,1,0,3,2,15,-1.0
2019,39,0,P000848   ,0.0,0.0,MIL,16,"NEDOVIC, NEMANJA",23:35,12,0,2,4,7,0,0,0,1,1,0,0,1,0,0,5,2,4,1.0
2019,39,0,PKIW      ,0.0,1.0,MIL,20,"CINCIARINI, ANDREA",09:00,3,0,0,1,1,0,0,0,0,0,1,0,0,0,0,2,0,2,2.0
2019,39,0,P006505   ,0.0,0.0,MIL,30,"WHITE, AARON",05:41,3,0,2,1,1,0,0,1,0,1,0,0,1,0,0,0,0,1,-3.0
2019,39,0,PAJG      ,1.0,0.0,MIL,40,"SCOLA, LUIS",19:21,14,5,7,0,1,4,4,2,4,6,3,0,4,0,0,1,3,18,7.0
2019,39,0,Team,0.0,0.0,MIL,,Team,,0,0,0,0,0,0,0,1,5,6,0,0,0,0,0,0,0,6,
2019,39,0,Total,,,MIL,,Total,200:00,81,14,32,12,27,17,18,11,31,42,16,6,19,2,2,21,20,91,
2019,40,1,P000229   ,1.0,1.0,ASV,1,"JACKSON, EDWIN",28:33,4,0,2,1,6,1,2,0,4,4,2,0,2,0,0,1,4,3,2.0
2019,40,1,P005247   ,1.0,0.0,ASV,2,"TAYLOR, JORDAN",07:16,0,0,1,0,0,0,0,0,0,0,2,0,1,0,0,0,0,0,-8.0
2019,40,1,P009733   ,1.0,1.0,ASV,3,"JEKIRI, TONYE",27:19,16,5,10,0,0,6,9,5,6,11,2,1,0,0,0,2,5,25,0.0
2019,40,1,PKIR      ,1.0,1.0,ASV,5,"KAHUDI, CHARLES",27:45,3,0,1,1,4,0,0,1,4,5,0,0,1,1,1,1,4,6,-7.0
2019,40,1,P005553   ,0.0,0.0,ASV,9,"LOMAZS, RIHARDS",07:47,2,1,3,0,0,0,0,0,0,0,0,0,0,0,1,2,0,-3,1.0
2019,40,1,P008851   ,0.0,0.0,ASV,11,"GALLIOU, CHARLES",00:25,0,0,0,0,0,0,0,0,0,0,0,0,0,0,0,0,0,0,0.0
2019,40,1,P006068   ,0.0,0.0,ASV,12,"NOUA, AMINE",17:47,0,0,0,0,2,0,0,1,2,3,2,1,0,0,0,2,1,3,1.0
2019,40,1,P002536   ,1.0,0.0,ASV,17,"JEAN-CHARLES, LIVIO",11:46,2,1,2,0,0,0,0,1,2,3,2,0,1,1,0,4,1,3,4.0
2019,40,1,PTFK      ,0.0,1.0,ASV,19,"DIOT, ANTOINE",24:02,10,1,3,2,4,2,4,0,1,1,3,2,2,0,0,4,5,9,10.0
2019,40,1,P004655   ,0.0,0.0,ASV,21,"BAKO, ISMAEL",12:21,11,4,6,0,0,3,5,0,1,1,0,0,0,3,0,1,3,13,3.0
2019,40,1,P003526   ,0.0,1.0,ASV,23,"LIGHTY, DAVID",21:42,9,1,5,1,1,4,4,1,1,2,4,0,1,0,1,2,3,10,9.0
2019,40,1,P008099   ,0.0,0.0,ASV,32,"STRAZEL, MATTHEW",13:17,9,0,0,3,4,0,0,0,1,1,0,0,3,0,0,1,2,7,0.0
2019,40,1,Team,0.0,0.0,ASV,,Team,,0,0,0,0,0,0,0,1,2,3,0,0,1,0,0,0,0,2,
2019,40,1,Total,,,ASV,,Total,200:00,66,13,33,8,21,16,24,10,24,34,17,4,12,5,3,20,28,78,
2019,40,0,P007947   ,0.0,1.0,BAS,3,"VILDOZA, LUCA",27:08,9,2,5,1,7,2,2,0,1,1,4,2,0,0,0,3,3,7,-4.0
2019,40,0,P008032   ,0.0,0.0,BAS,5,"GONZALEZ, MIGUEL",DNP,0,0,0,0,0,0,0,0,0,0,0,0,0,0,0,0,0,0,0.0
2019,40,0,P006754   ,1.0,1.0,BAS,7,"HENRY, PIERRIA",23:06,3,0,1,1,2,0,0,0,3,3,2,0,3,0,0,1,0,2,3.0
2019,40,0,P004165   ,0.0,0.0,BAS,11,"JANNING, MATT",13:35,3,0,2,1,3,0,0,0,0,0,1,0,1,0,1,3,1,-4,-7.0
2019,40,0,P003540   ,0.0,0.0,BAS,12,"DIOP, ILIMANE",05:26,2,1,2,0,1,0,0,0,0,0,0,0,0,0,0,1,0,-1,-1.0
2019,40,0,P006568   ,0.0,1.0,BAS,19,"FALL, YOUSSOUPHA",20:12,11,5,7,0,0,1,2,4,3,7,0,0,1,1,0,4,1,12,1.0
2019,40,0,P009836   ,1.0,0.0,BAS,22,"STAUSKAS, NIKOLAS",19:45,5,1,2,1,2,0,0,0,2,2,1,0,2,1,0,4,2,3,-1.0
2019,40,0,P001133   ,1.0,1.0,BAS,23,"SHENGELIA, TORNIKE",30:18,17,6,9,0,1,5,6,1,6,7,2,0,2,1,0,3,8,25,1.0
2019,40,0,P007994   ,0.0,1.0,BAS,29,"GARINO, PATRICIO",17:44,6,1,5,1,3,1,1,2,4,6,1,0,1,0,2,4,1,1,-2.0
2019,40,0,P007831   ,1.0,0.0,BAS,31,"SHIELDS, SHAVON",17:37,2,1,2,0,1,0,0,0,2,2,0,0,0,0,1,1,0,0,0.0
2019,40,0,P002084   ,0.0,0.0,BAS,33,"POLONARA, ACHILLE",10:33,1,0,1,0,1,1,2,1,2,3,0,1,1,0,1,1,3,2,-2.0
2019,40,0,P007360   ,1.0,0.0,BAS,50,"ERIC, MICHAEL",14:22,4,1,4,0,0,2,2,2,2,4,0,2,2,0,0,3,1,3,-3.0
2019,40,0,Team,0.0,0.0,BAS,,Team,,0,0,0,0,0,0,0,2,2,4,0,0,0,0,0,0,0,4,
2019,40,0,Total,,,BAS,,Total,199:46,63,18,40,5,21,12,15,12,27,39,11,5,13,3,5,28,20,54,
2019,41,1,P007870   ,1.0,1.0,BAR,0,"DAVIES, BRANDON",22:12,8,3,7,0,0,2,2,1,6,7,1,0,2,0,0,3,2,9,-9.0
2019,41,1,P005099   ,1.0,1.0,BAR,8,"HANGA, ADAM",30:18,13,3,3,1,3,4,4,1,2,3,6,2,1,0,0,3,3,21,6.0
2019,41,1,P007109   ,0.0,0.0,BAR,10,"SMITS, ROLANDS",DNP,0,0,0,0,0,0,0,0,0,0,0,0,0,0,0,0,0,0,0.0
2019,41,1,P004834   ,0.0,0.0,BAR,14,"PUSTOVYI, ARTEM",DNP,0,0,0,0,0,0,0,0,0,0,0,0,0,0,0,0,0,0,0.0
2019,41,1,P005917   ,0.0,0.0,BAR,18,"ORIOLA, PIERRE",11:18,0,0,0,0,0,0,0,1,0,1,0,0,0,0,0,0,1,2,-3.0
2019,41,1,P003478   ,0.0,0.0,BAR,21,"ABRINES, ALEX",16:15,8,1,1,2,3,0,0,0,5,5,0,0,0,0,0,2,2,12,7.0
2019,41,1,P006450   ,1.0,1.0,BAR,22,"HIGGINS, CORY",33:52,20,2,3,2,4,10,12,0,3,3,1,0,3,0,1,2,6,19,3.0
2019,41,1,P005789   ,0.0,1.0,BAR,24,"KURIC, KYLE",23:39,9,3,5,1,2,0,0,0,1,1,1,1,2,1,1,3,0,4,1.0
2019,41,1,P000556   ,1.0,0.0,BAR,30,"CLAVER, VICTOR",10:22,3,0,2,1,1,0,0,0,1,1,0,0,0,0,0,3,0,-1,-3.0
2019,41,1,P008985   ,0.0,0.0,BAR,31,"BOLMARO, LEANDRO",05:34,2,1,2,0,2,0,0,0,0,0,2,0,0,0,0,2,0,-1,4.0
2019,41,1,P000796   ,1.0,1.0,BAR,33,"MIROTIC, NIKOLA",30:50,17,5,8,1,6,4,4,1,6,7,3,0,0,0,0,1,5,23,16.0
2019,41,1,P002507   ,0.0,0.0,BAR,44,"TOMIC, ANTE",15:40,3,1,4,0,0,1,2,2,4,6,0,0,2,0,1,2,1,1,8.0
2019,41,1,Team,0.0,0.0,BAR,,Team,,0,0,0,0,0,0,0,1,2,3,0,0,0,0,0,0,0,3,
2019,41,1,Total,,,BAR,,Total,200:00,83,19,35,8,21,21,24,7,30,37,14,3,10,1,3,21,20,92,
2019,41,0,P006533   ,0.0,0.0,PAM,1,"COLOM, QUINO",18:21,9,1,2,1,4,4,4,0,0,0,3,0,2,0,0,1,2,7,-11.0
2019,41,0,P004761   ,0.0,0.0,PAM,2,"MARINKOVIC, VANJA",15:11,5,0,0,1,3,2,2,1,1,2,0,0,1,0,0,0,1,5,7.0
2019,41,0,P009754   ,1.0,1.0,PAM,3,"LOYD, JORDAN",28:17,17,2,6,4,6,1,2,0,4,4,1,0,3,0,0,4,2,10,-7.0
2019,41,0,P006726   ,1.0,0.0,PAM,5,"NDOUR, MAURICE",17:00,11,4,8,0,0,3,3,3,1,4,0,2,0,0,0,2,5,16,-2.0
2019,41,0,P003733   ,0.0,0.0,PAM,6,"ABALDE, ALBERTO",DNP,0,0,0,0,0,0,0,0,0,0,0,0,0,0,0,0,0,0,0.0
2019,41,0,P004884   ,1.0,1.0,PAM,7,"LABEYRIE, LOUIS",22:58,2,1,1,0,2,0,0,1,5,6,0,1,0,2,0,4,0,5,3.0
2019,41,0,P006599   ,0.0,0.0,PAM,12,"MOTUM, BROCK",17:02,8,4,8,0,2,0,0,2,0,2,0,0,0,0,0,3,0,1,-9.0
2019,41,0,P002742   ,0.0,1.0,PAM,14,"DUBLJEVIC, BOJAN",23:00,12,4,8,0,2,4,4,4,6,10,2,3,1,1,1,1,5,24,-4.0
2019,41,0,P002361   ,1.0,1.0,PAM,16,"VIVES, GUILLEM",22:28,0,0,0,0,2,0,0,1,2,3,2,0,1,0,0,2,2,2,5.0
2019,41,0,P000518   ,1.0,1.0,PAM,19,"SAN EMETERIO, FERNANDO",23:54,11,1,5,3,5,0,0,0,2,2,1,2,0,0,0,0,3,13,-9.0
2019,41,0,P002936   ,0.0,0.0,PAM,30,"SASTRE, JOAN",DNP,0,0,0,0,0,0,0,0,0,0,0,0,0,0,0,0,0,0,0.0
2019,41,0,P002763   ,0.0,0.0,PAM,42,"DOORNEKAMP, AARON",11:49,2,0,0,0,4,2,2,1,0,1,1,0,0,0,0,3,1,-2,-3.0
2019,41,0,Team,0.0,0.0,PAM,,Team,,0,0,0,0,0,0,0,0,2,2,0,0,0,0,0,0,0,2,
2019,41,0,Total,,,PAM,,Total,200:00,77,17,38,9,30,16,17,13,23,36,10,8,8,3,1,20,21,83,
2019,42,1,P009035   ,0.0,1.0,CSK,3,"BOLOMBOY, JOEL",13:51,2,1,3,0,0,0,0,2,0,2,0,0,1,0,0,2,1,0,-11.0
2019,42,1,P005985   ,1.0,1.0,CSK,5,"JAMES, MIKE",34:20,22,3,8,2,6,10,11,0,5,5,6,2,4,0,1,3,7,24,-4.0
2019,42,1,P008995   ,0.0,0.0,CSK,7,"UKHOV, IVAN",03:47,0,0,0,0,0,0,0,0,0,0,0,0,1,0,0,1,0,-2,-6.0
2019,42,1,P004941   ,0.0,0.0,CSK,11,"ANTONOV, SEMEN",08:15,0,0,0,0,2,0,0,0,0,0,0,0,0,0,0,1,0,-3,-7.0
2019,42,1,P000046   ,0.0,1.0,CSK,13,"STRELNIEKS, JANIS",11:15,0,0,0,0,3,0,0,0,1,1,1,0,0,0,0,3,0,-4,0.0
2019,42,1,P007201   ,1.0,0.0,CSK,17,"VOIGTMANN, JOHANNES",17:34,2,1,1,0,3,0,0,0,4,4,1,1,0,0,0,1,2,6,-5.0
2019,42,1,PLHI      ,0.0,0.0,CSK,20,"VORONTSEVICH, ANDREY",17:29,5,1,1,1,2,0,0,0,7,7,2,0,1,0,0,3,1,10,-1.0
2019,42,1,P001844   ,0.0,0.0,CSK,23,"HACKETT, DANIEL",05:25,2,1,1,0,1,0,0,1,1,2,1,1,1,0,0,0,1,5,5.0
2019,42,1,P008989   ,1.0,1.0,CSK,32,"HILLIARD, DARRUN",28:26,17,4,5,2,6,3,3,0,2,2,1,0,0,0,0,0,3,18,-2.0
2019,42,1,PJLX      ,1.0,0.0,CSK,41,"KURBANOV, NIKITA",22:07,7,2,2,1,1,0,0,1,2,3,3,0,2,1,0,5,1,8,3.0
2019,42,1,P002812   ,1.0,1.0,CSK,42,"HINES, KYLE",26:47,19,9,13,0,0,1,3,1,2,3,2,0,0,0,0,4,2,16,8.0
2019,42,1,P009767   ,0.0,0.0,CSK,84,"BAKER, RON",10:44,3,0,2,1,2,0,0,0,1,1,1,0,0,0,0,1,0,1,-5.0
2019,42,1,Team,0.0,0.0,CSK,,Team,,0,0,0,0,0,0,0,3,3,6,0,0,2,0,0,0,0,4,
2019,42,1,Total,,,CSK,,Total,200:00,79,22,36,7,26,14,17,8,28,36,18,4,12,1,1,24,18,83,
2019,42,0,P009862   ,1.0,0.0,OLY,0,"PUNTER, KEVIN XAVIER",27:56,16,5,9,1,2,3,6,0,4,4,1,1,2,0,1,5,6,12,8.0
2019,42,0,P009863   ,0.0,0.0,OLY,2,"BALDWIN IV, WADE",DNP,0,0,0,0,0,0,0,0,0,0,0,0,0,0,0,0,0,0,0.0
2019,42,0,P004945   ,0.0,0.0,OLY,3,"PAUL, BRANDON",23:23,20,3,5,2,5,8,9,0,6,6,3,1,1,0,0,4,5,24,13.0
2019,42,0,P005255   ,0.0,1.0,OLY,6,"KONIARIS, ANTONIOS",05:27,0,0,0,0,0,0,0,0,0,0,1,0,1,0,0,1,0,-1,-8.0
2019,42,0,PJUO      ,0.0,1.0,OLY,7,"SPANOULIS, VASSILIS",17:53,8,0,2,2,6,2,3,0,2,2,0,0,1,0,0,1,2,3,-5.0
2019,42,0,P006058   ,1.0,0.0,OLY,10,"CHERRY, WILL",28:26,9,2,3,1,4,2,4,1,1,2,2,2,0,0,0,2,3,10,14.0
2019,42,0,P003941   ,1.0,1.0,OLY,11,"MILUTINOV, NIKOLA",19:50,2,1,2,0,0,0,0,4,4,8,1,0,0,1,0,3,1,9,17.0
2019,42,0,P003469   ,0.0,1.0,OLY,14,"VEZENKOV, SASHA",09:07,2,1,1,0,3,0,0,1,1,2,0,0,0,0,0,1,0,0,0.0
2019,42,0,PAMM      ,0.0,1.0,OLY,15,"PRINTEZIS, GEORGIOS",23:44,11,5,10,0,1,1,2,0,5,5,1,0,1,0,0,1,4,12,9.0
2019,42,0,P001255   ,1.0,0.0,OLY,16,"PAPANIKOLAOU, KOSTAS",07:52,0,0,2,0,0,0,0,0,1,1,0,1,1,0,0,0,0,-1,-6.0
2019,42,0,P002008   ,1.0,0.0,OLY,19,"KUZMINSKAS, MINDAUGAS",16:12,8,2,5,1,2,1,1,1,0,1,1,0,0,0,0,1,1,6,-5.0
2019,42,0,P006477   ,0.0,0.0,OLY,21,"RUBIT, AUGUSTINE",20:10,8,4,7,0,0,0,0,6,1,7,0,0,1,0,0,0,2,13,-12.0
2019,42,0,Team,0.0,0.0,OLY,,Team,,0,0,0,0,0,0,0,1,1,2,0,0,0,0,0,0,0,2,
2019,42,0,Total,,,OLY,,Total,200:00,84,23,46,7,23,17,25,14,26,40,10,5,8,1,1,19,24,89,
2019,43,1,P008855   ,0.0,0.0,ZAL,0,"WALKUP, THOMAS",33:13,6,3,7,0,1,0,0,2,3,5,7,2,6,0,3,3,1,4,-7.0
2019,43,1,P009752   ,0.0,1.0,ZAL,2,"PEREZ, ALEX",06:30,0,0,1,0,0,0,0,1,0,1,0,0,0,0,0,1,0,-1,-6.0
2019,43,1,P003210   ,1.0,1.0,ZAL,4,"LEKAVICIUS, LUKAS",14:18,6,0,3,1,4,3,3,1,3,4,1,0,2,0,0,2,1,2,-12.0
2019,43,1,P008962   ,1.0,1.0,ZAL,10,"HAYES, NIGEL",34:48,10,2,4,0,4,6,6,2,4,6,1,1,0,0,0,2,4,14,-5.0
2019,43,1,PBWI      ,0.0,0.0,ZAL,13,"JANKUNAS, PAULIUS",10:12,0,0,1,0,2,0,0,0,1,1,0,0,1,0,0,2,1,-4,-7.0
2019,43,1,P006158   ,0.0,0.0,ZAL,16,"LUKOSIUNAS, KAROLIS",DNP,0,0,0,0,0,0,0,0,0,0,0,0,0,0,0,0,0,0,0.0
2019,43,1,PKPD      ,0.0,1.0,ZAL,21,"MILAKNIS, ARTURAS",27:02,5,0,0,1,3,2,2,0,1,1,1,1,2,0,0,0,2,6,5.0
2019,43,1,P009753   ,0.0,0.0,ZAL,23,"GEBEN, MARTINAS",DNP,0,0,0,0,0,0,0,0,0,0,0,0,0,0,0,0,0,0,0.0
2019,43,1,P008987   ,0.0,0.0,ZAL,32,"LEDAY, ZACH",29:00,12,4,9,0,0,4,5,6,4,10,0,0,0,2,2,2,6,20,-5.0
2019,43,1,P008820   ,1.0,1.0,ZAL,34,"LANDALE, JOCK",16:00,9,3,4,1,4,0,0,1,3,4,0,0,2,1,0,4,0,4,-7.0
2019,43,1,P002328   ,1.0,0.0,ZAL,40,"GRIGONIS, MARIUS",23:15,10,0,2,3,5,1,1,0,1,1,1,0,0,0,1,5,2,4,-7.0
2019,43,1,P002329   ,1.0,0.0,ZAL,92,"ULANOVAS, EDGARAS",30:42,12,2,6,1,4,5,5,3,2,5,2,0,2,0,2,5,4,7,-9.0
2019,43,1,Team,0.0,0.0,ZAL,,Team,,0,0,0,0,0,0,0,1,3,4,0,0,3,0,0,0,0,1,
2019,43,1,Total,,,ZAL,,Total,225:00,70,14,37,7,27,21,22,17,25,42,13,4,18,3,8,26,21,57,
2019,43,0,P005154   ,0.0,0.0,DYR,4,"IVERSON, COLTON",20:31,10,4,6,0,0,2,3,2,4,6,1,1,2,4,1,2,2,16,-2.0
2019,43,0,P003425   ,0.0,1.0,DYR,6,"ALBICY, ANDREW",31:00,1,0,3,0,4,1,2,0,0,0,1,1,1,0,1,1,2,-6,19.0
2019,43,0,PJAN      ,0.0,0.0,DYR,7,"PONKRASHOV, ANTON",18:04,7,2,5,1,4,0,0,0,4,4,1,0,1,0,0,1,0,4,-2.0
2019,43,0,P009917   ,1.0,0.0,DYR,9,"HOLLINS, AUSTIN JAMES",23:31,10,1,3,1,3,5,5,3,2,5,1,1,1,1,1,2,2,12,9.0
2019,43,0,P005856   ,1.0,0.0,DYR,10,"THOMAS, WILL",31:48,8,3,3,0,3,2,2,1,3,4,2,2,0,1,0,0,4,18,-1.0
2019,43,0,P005945   ,1.0,1.0,DYR,12,"RENFROE, ALEX",17:12,5,0,2,1,2,2,3,0,2,2,3,0,0,0,0,4,4,6,-3.0
2019,43,0,PLKY      ,0.0,0.0,DYR,13,"KHVOSTOV, DMITRY",07:03,2,1,2,0,0,0,0,0,0,0,0,0,0,0,0,0,0,1,2.0
2019,43,0,P003370   ,0.0,0.0,DYR,14,"PUSHKOV, ANTON",03:44,0,0,0,0,0,0,0,0,0,0,0,0,2,0,0,1,0,-3,2.0
2019,43,0,P007851   ,0.0,0.0,DYR,16,"TRUSHKIN, VLADISLAV",13:20,3,0,0,1,4,0,0,0,0,0,0,1,1,0,0,1,0,-1,1.0
2019,43,0,P005199   ,0.0,1.0,DYR,21,"ABROMAITIS, TIM",09:28,6,0,1,1,2,3,4,2,1,3,1,1,0,0,0,3,4,9,11.0
2019,43,0,P004172   ,1.0,1.0,DYR,25,"PONITKA, MATEUSZ",24:55,19,4,5,2,3,5,6,4,3,7,1,0,0,1,0,3,5,27,10.0
2019,43,0,P005927   ,1.0,1.0,DYR,34,"AYON, GUSTAVO",24:24,11,5,11,0,0,1,2,2,3,5,5,4,3,1,0,4,3,15,14.0
2019,43,0,Team,0.0,0.0,DYR,,Team,,0,0,0,0,0,0,0,2,1,3,0,0,3,0,0,0,0,0,
2019,43,0,Total,,,DYR,,Total,225:00,82,20,41,7,25,21,27,16,23,39,16,11,14,8,3,22,26,98,
2019,44,1,P009846   ,1.0,0.0,TEL,0,"BRYANT, ELIJAH",20:26,2,1,2,0,3,0,0,0,1,1,2,2,2,1,0,4,0,-2,18.0
2019,44,1,P006661   ,1.0,1.0,TEL,1,"WILBEKIN, SCOTTIE",26:23,9,1,4,2,3,1,2,0,2,2,0,2,2,0,0,2,7,11,13.0
2019,44,1,P009847   ,0.0,1.0,TEL,2,"ACY, QUINCY",14:26,0,0,0,0,2,0,0,1,2,3,1,1,2,0,0,1,0,0,3.0
2019,44,1,P005160   ,0.0,0.0,TEL,5,"HUNTER, OTHELLO",16:41,11,5,7,0,0,1,2,3,2,5,1,1,1,1,0,2,1,14,7.0
2019,44,1,PJFO      ,1.0,0.0,TEL,7,"CASSPI, OMRI",25:34,13,3,4,1,2,4,8,2,4,6,4,1,3,1,0,2,5,19,9.0
2019,44,1,P007675   ,0.0,0.0,TEL,8,"AVDIJA, DENI",06:57,0,0,1,0,0,0,0,0,0,0,0,0,1,0,0,0,0,-2,-15.0
2019,44,1,P009849   ,0.0,0.0,TEL,11,"DORSEY, TYLER",12:16,3,0,1,1,3,0,0,1,3,4,0,0,1,0,0,1,1,3,11.0
2019,44,1,P007990   ,0.0,0.0,TEL,12,"DIBARTOLOMEO, JOHN",07:01,3,0,3,1,2,0,0,0,2,2,0,0,1,0,1,2,0,-3,-12.0
2019,44,1,P006555   ,1.0,1.0,TEL,14,"WOLTERS, NATE",30:09,11,4,9,0,3,3,4,0,3,3,5,2,0,0,0,1,4,15,12.0
2019,44,1,P005145   ,0.0,0.0,TEL,15,"COHEN, JAKE",DNP,0,0,0,0,0,0,0,0,0,0,0,0,0,0,0,0,0,0,0.0
2019,44,1,P008991   ,1.0,1.0,TEL,28,"BLACK, TARIK",23:19,10,2,5,0,0,6,11,7,8,15,0,0,1,1,0,2,6,21,5.0
2019,44,1,P006625   ,0.0,1.0,TEL,50,"ZOOSMAN, YOVEL",16:48,5,1,1,1,2,0,0,1,1,2,1,1,2,0,0,3,0,3,9.0
2019,44,1,Team,0.0,0.0,TEL,,Team,,0,0,0,0,0,0,0,0,1,1,0,0,0,0,0,0,0,1,
2019,44,1,Total,,,TEL,,Total,200:00,67,17,37,6,20,15,27,15,29,44,14,10,16,4,1,20,24,80,
2019,44,0,P002543   ,0.0,0.0,ULK,9,"WESTERMANN, LEO",06:58,1,0,1,0,1,1,2,0,0,0,0,0,1,0,0,0,2,-1,-7.0
2019,44,0,P002969   ,1.0,0.0,ULK,10,"MAHMUTOGLU, MELIH",03:26,0,0,1,0,1,0,0,0,0,0,0,0,0,0,0,1,0,-3,0.0
2019,44,0,P004866   ,1.0,0.0,ULK,12,"KALINIC, NIKOLA",12:00,0,0,2,0,1,0,0,0,0,0,0,0,3,0,1,3,1,-9,-13.0
2019,44,0,P006961   ,0.0,0.0,ULK,13,"BIBEROVIC, TARIK",DNP,0,0,0,0,0,0,0,0,0,0,0,0,0,0,0,0,0,0,0.0
2019,44,0,P001926   ,1.0,1.0,ULK,16,"SLOUKAS, KOSTAS",21:21,0,0,5,0,0,0,0,1,2,3,2,1,2,0,0,1,1,-1,-14.0
2019,44,0,P002100   ,0.0,1.0,ULK,19,"DE COLO, NANDO",34:30,13,2,6,3,3,0,0,1,4,5,1,1,6,0,1,2,4,11,-15.0
2019,44,0,P009006   ,1.0,0.0,ULK,21,"WILLIAMS, DERRICK",27:24,11,1,2,2,5,3,6,1,5,6,2,3,3,0,0,4,4,12,-3.0
2019,44,0,P000925   ,0.0,1.0,ULK,24,"VESELY, JAN",27:12,8,4,6,0,0,0,0,2,1,3,1,1,0,1,0,4,0,8,-17.0
2019,44,0,P001324   ,0.0,1.0,ULK,35,"MUHAMMED, ALI",21:16,11,0,0,3,5,2,2,0,2,2,4,2,1,0,0,1,3,18,9.0
2019,44,0,P006399   ,1.0,0.0,ULK,44,"DUVERIOGLU, AHMET",03:31,0,0,1,0,0,0,0,0,0,0,0,0,0,0,1,2,0,-4,-1.0
2019,44,0,PCCD      ,0.0,1.0,ULK,70,"DATOME, LUIGI",30:26,9,1,4,2,5,1,2,2,6,8,1,0,0,0,0,4,2,9,-1.0
2019,44,0,P004194   ,0.0,0.0,ULK,77,"LAUVERGNE, JOFFREY",11:56,2,1,6,0,0,0,0,0,4,4,0,1,1,0,1,3,3,0,2.0
2019,44,0,Team,0.0,0.0,ULK,,Team,,0,0,0,0,0,0,0,0,0,0,0,0,0,0,0,0,0,0,
2019,44,0,Total,,,ULK,,Total,200:00,55,9,34,10,21,7,12,7,24,31,11,9,17,1,4,25,20,40,
2019,45,1,PBOG      ,0.0,1.0,MUN,7,"KING, ALEX",14:32,0,0,0,0,0,0,2,0,2,2,1,0,0,0,0,3,1,-1,15.0
2019,45,1,P004178   ,0.0,0.0,MUN,8,"KOPONEN, PETTERI",15:57,15,3,5,2,3,3,4,0,0,0,4,1,0,0,0,5,4,15,12.0
2019,45,1,P009835   ,1.0,0.0,MUN,10,"MONROE, GREGORY",26:27,18,9,13,0,0,0,0,1,3,4,4,1,2,1,1,2,2,21,-8.0
2019,45,1,P001288   ,1.0,1.0,MUN,11,"LUCIC, VLADIMIR",32:14,8,3,4,0,2,2,2,1,5,6,0,1,3,0,0,2,2,9,1.0
2019,45,1,P007032   ,1.0,1.0,MUN,12,"LO, MAODO",29:37,10,2,6,2,5,0,0,0,2,2,7,1,2,0,1,2,3,11,-1.0
2019,45,1,P000007   ,1.0,0.0,MUN,14,"DEDOVIC, NIHAD",12:03,0,0,3,0,2,0,0,3,2,5,2,0,1,0,0,1,0,0,-6.0
2019,45,1,P005056   ,0.0,0.0,MUN,16,"ZIPSER, PAUL",17:19,9,3,4,1,1,0,0,0,4,4,1,0,1,0,0,5,0,7,17.0
2019,45,1,P002829   ,0.0,1.0,MUN,20,"NELSON, DEMARCUS",13:54,8,3,4,0,0,2,2,0,1,1,3,0,2,0,1,3,1,6,6.0
2019,45,1,P005670   ,0.0,0.0,MUN,21,"FLACCADORI, DIEGO",DNP,0,0,0,0,0,0,0,0,0,0,0,0,0,0,0,0,0,0,0.0
2019,45,1,P003490   ,1.0,1.0,MUN,22,"BARTHEL, DANILO",24:44,17,4,5,1,2,6,7,3,2,5,0,0,0,0,1,1,7,24,-4.0
2019,45,1,PLEM      ,0.0,0.0,MUN,43,"RADOSEVIC, LEON",13:13,10,5,7,0,0,0,0,1,4,5,1,0,1,0,0,1,2,14,13.0
2019,45,1,P008250   ,0.0,0.0,MUN,44,"GRANT, SASHA",DNP,0,0,0,0,0,0,0,0,0,0,0,0,0,0,0,0,0,0,0.0
2019,45,1,Team,0.0,0.0,MUN,,Team,,0,0,0,0,0,0,0,0,2,2,0,0,0,0,0,0,0,2,
2019,45,1,Total,,,MUN,,Total,200:00,95,32,51,6,15,13,17,9,27,36,23,4,12,1,4,25,22,108,
2019,45,0,P001392   ,1.0,1.0,MAD,1,"CAUSEUR, FABIEN",21:10,9,3,6,1,5,0,2,0,0,0,1,0,1,0,0,1,2,1,0.0
2019,45,0,P005757   ,1.0,0.0,MAD,3,"RANDOLPH, ANTHONY",25:25,17,4,6,3,4,0,2,4,6,10,0,0,1,0,0,2,1,20,-4.0
2019,45,0,PBMT      ,0.0,0.0,MAD,5,"FERNANDEZ, RUDY",13:15,6,0,1,2,6,0,0,0,0,0,2,0,1,0,0,0,0,2,-8.0
2019,45,0,P005928   ,0.0,1.0,MAD,7,"CAMPAZZO, FACUNDO",24:09,16,2,2,2,5,6,6,0,0,0,6,2,5,0,0,3,4,17,-3.0
2019,45,0,P006435   ,0.0,0.0,MAD,8,"LAPROVITTOLA, NICOLAS",DNP,0,0,0,0,0,0,0,0,0,0,0,0,0,0,0,0,0,0,0.0
2019,45,0,P009005   ,0.0,1.0,MAD,14,"DECK, GABRIEL",20:20,3,1,1,0,1,1,1,1,3,4,3,1,2,0,0,4,2,6,-3.0
2019,45,0,P007630   ,0.0,1.0,MAD,16,"GARUBA, USMAN",15:42,12,5,6,0,0,2,5,1,3,4,0,3,0,1,0,1,5,20,-5.0
2019,45,0,P001960   ,0.0,1.0,MAD,20,"CARROLL, JAYCEE",11:20,3,0,1,1,5,0,0,0,0,0,2,0,0,0,1,2,0,-3,-1.0
2019,45,0,P005791   ,1.0,0.0,MAD,22,"TAVARES, WALTER",12:10,2,1,2,0,0,0,0,2,2,4,1,0,1,2,0,3,0,4,-2.0
2019,45,0,PTGB      ,1.0,0.0,MAD,23,"LLULL, SERGIO",19:10,8,0,2,1,6,5,5,0,1,1,5,0,0,0,0,3,4,8,-10.0
2019,45,0,P008847   ,0.0,0.0,MAD,25,"MICKEY, JORDAN",21:46,10,4,6,0,0,2,4,2,4,6,0,1,2,1,0,2,5,15,-4.0
2019,45,0,P006546   ,1.0,0.0,MAD,44,"TAYLOR, JEFFERY",15:33,0,0,0,0,1,0,0,0,1,1,0,0,0,0,0,1,2,1,-5.0
2019,45,0,Team,0.0,0.0,MAD,,Team,,0,0,0,0,0,0,0,2,0,2,0,0,1,0,0,0,0,1,
2019,45,0,Total,,,MAD,,Total,200:00,86,20,33,10,33,16,25,12,20,32,20,7,14,4,1,22,25,92,
2019,46,1,P003479   ,1.0,1.0,RED,0,"KUZMIC, OGNJEN",16:20,4,2,2,0,0,0,0,1,4,5,1,0,1,0,0,3,0,6,9.0
2019,46,1,PJDZ      ,0.0,0.0,RED,3,"COVIC, FILIP",15:32,0,0,0,0,0,0,0,0,1,1,2,0,1,0,0,3,2,1,0.0
2019,46,1,P009622   ,1.0,1.0,RED,4,"BROWN, LORENZO",24:28,10,4,7,0,0,2,2,1,2,3,7,1,2,0,0,1,2,17,12.0
2019,46,1,PKRH      ,0.0,1.0,RED,5,"PERPEROGLOU, STRATOS",23:19,15,2,7,3,5,2,2,1,4,5,1,1,0,0,0,3,1,13,2.0
2019,46,1,P007960   ,0.0,1.0,RED,7,"DAVIDOVAC, DEJAN",12:52,2,0,0,0,3,2,2,0,2,2,0,0,0,0,0,0,2,3,-2.0
2019,46,1,PLUO      ,1.0,0.0,RED,10,"LAZIC, BRANKO",02:01,0,0,0,0,1,0,0,0,0,0,0,0,0,0,0,1,1,-1,0.0
2019,46,1,P005775   ,1.0,1.0,RED,12,"BARON, BILLY",18:58,17,3,7,3,4,2,5,0,1,1,2,1,0,0,2,1,5,15,9.0
2019,46,1,P004007   ,0.0,0.0,RED,13,"DOBRIC, OGNJEN",14:00,3,0,0,1,2,0,0,0,2,2,3,0,1,0,0,4,1,3,1.0
2019,46,1,P002980   ,0.0,0.0,RED,15,"GIST, JAMES",19:58,12,3,6,0,0,6,7,1,4,5,2,0,0,0,1,3,6,17,8.0
2019,46,1,P005014   ,0.0,0.0,RED,22,"JENKINS, CHARLES",22:28,8,4,8,0,1,0,0,0,1,1,4,2,1,0,0,3,0,6,8.0
2019,46,1,P005618   ,1.0,0.0,RED,28,"SIMANIC, BORISA",26:27,18,3,4,4,7,0,0,1,2,3,1,2,2,2,1,3,1,17,18.0
2019,46,1,P008801   ,0.0,0.0,RED,50,"OJO, MICHAEL",03:37,1,0,0,0,0,1,2,1,0,1,0,0,1,0,0,0,2,2,-5.0
2019,46,1,Team,0.0,0.0,RED,,Team,,0,0,0,0,0,0,0,4,4,8,0,0,0,0,0,0,0,8,
2019,46,1,Total,,,RED,,Total,200:00,90,21,41,11,23,15,20,10,27,37,23,7,9,2,4,25,23,107,
2019,46,0,PKVZ      ,1.0,0.0,KHI,1,"SHVED, ALEXEY",26:43,14,3,7,0,6,8,8,0,5,5,4,1,3,0,1,0,5,15,-16.0
2019,46,0,P007056   ,1.0,0.0,KHI,5,"BOOKER, DEVIN",17:33,13,1,3,3,4,2,2,0,2,2,1,1,1,0,0,1,3,15,-12.0
2019,46,0,P005718   ,1.0,0.0,KHI,6,"TIMMA, JANIS",22:36,8,1,1,2,8,0,0,2,0,2,1,0,3,0,0,1,3,4,-20.0
2019,46,0,P004302   ,0.0,1.0,KHI,7,"KARASEV, SERGEY",17:46,0,0,1,0,1,0,0,0,2,2,4,0,2,0,0,2,0,0,-6.0
2019,46,0,P001792   ,0.0,0.0,KHI,8,"ZAYTSEV, VYACHESLAV",18:37,7,3,3,0,0,1,2,0,3,3,3,2,1,0,0,5,2,10,4.0
2019,46,0,P005909   ,0.0,1.0,KHI,10,"DESIATNIKOV, ANDREI",06:41,4,2,4,0,0,0,0,1,3,4,0,0,0,0,0,1,0,5,10.0
2019,46,0,P009748   ,0.0,1.0,KHI,11,"JEREBKO, JONAS",20:35,9,3,7,0,2,3,4,1,2,3,0,0,0,1,0,3,2,5,-2.0
2019,46,0,PBFX      ,0.0,0.0,KHI,12,"MONIA, SERGEY",11:29,2,1,2,0,1,0,0,3,0,3,1,0,1,0,0,3,0,0,2.0
2019,46,0,P008001   ,1.0,1.0,KHI,13,"GILL, ANTHONY",25:10,11,2,4,0,0,7,8,4,7,11,1,1,0,3,1,4,6,25,-6.0
2019,46,0,P004863   ,0.0,0.0,KHI,24,"JOVIC, STEFAN",DNP,0,0,0,0,0,0,0,0,0,0,0,0,0,0,0,0,0,0,0.0
2019,46,0,P007432   ,0.0,0.0,KHI,40,"EVANS, JEREMY",12:27,5,2,5,0,0,1,2,2,1,3,0,0,0,0,0,0,2,6,-12.0
2019,46,0,P000436   ,1.0,1.0,KHI,45,"BERTANS, DAIRIS",20:23,5,0,1,1,4,2,3,0,0,0,2,0,0,0,0,3,2,1,-2.0
2019,46,0,Team,0.0,0.0,KHI,,Team,,0,0,0,0,0,0,0,2,0,2,0,0,1,0,0,0,0,1,
2019,46,0,Total,,,KHI,,Total,200:00,78,18,38,6,26,24,29,15,25,40,17,5,12,4,2,23,25,87,
2019,47,1,P005094   ,1.0,1.0,PAN,0,"THOMAS, DESHAUN",24:17,9,4,6,0,3,1,1,0,5,5,0,2,1,0,0,1,1,10,14.0
2019,47,1,P003367   ,0.0,1.0,PAN,5,"RICE, TYRESE",21:03,18,3,4,3,4,3,3,0,1,1,3,1,1,0,0,0,3,23,14.0
2019,47,1,P005844   ,0.0,1.0,PAN,6,"PAPAGIANNIS, GEORGIOS",16:06,10,5,6,0,0,0,0,3,4,7,0,1,0,1,0,1,1,18,16.0
2019,47,1,P005161   ,0.0,0.0,PAN,10,"PAPAPETROU, IOANNIS",22:29,14,3,6,2,2,2,3,0,3,3,1,0,2,1,1,5,1,8,3.0
2019,47,1,PTFX      ,0.0,0.0,PAN,15,"VOUGIOUKAS, IAN",08:29,2,1,2,0,0,0,0,0,1,1,0,0,1,0,0,3,2,0,-3.0
2019,47,1,P009816   ,0.0,1.0,PAN,24,"JOHNSON, WESLEY",23:00,7,1,3,1,3,2,2,2,5,7,1,0,0,1,0,2,1,11,11.0
2019,47,1,P009817   ,0.0,0.0,PAN,25,"BROWN, RION",00:23,0,0,0,0,0,0,0,0,0,0,0,0,0,0,0,0,0,0,-1.0
2019,47,1,P009842   ,1.0,0.0,PAN,32,"FREDETTE, JIMMER",17:22,11,1,1,3,5,0,0,0,1,1,4,0,2,0,0,0,2,14,7.0
2019,47,1,P001932   ,1.0,1.0,PAN,33,"CALATHES, NICK",35:50,11,5,9,0,2,1,4,1,1,2,10,2,3,0,0,3,5,15,18.0
2019,47,1,P009472   ,1.0,0.0,PAN,35,"WILEY, JACOB",12:27,0,0,3,0,0,0,0,0,2,2,0,0,2,0,0,4,0,-7,1.0
2019,47,1,P007866   ,0.0,0.0,PAN,44,"MITOGLOU, KONSTANTINOS",04:10,0,0,0,0,0,0,0,1,1,2,0,0,0,0,0,1,1,2,-2.0
2019,47,1,P009818   ,1.0,0.0,PAN,50,"BENTIL, BENJAMIN",14:24,4,2,3,0,1,0,1,1,2,3,0,0,0,0,0,1,1,4,2.0
2019,47,1,Team,0.0,0.0,PAN,,Team,,0,0,0,0,0,0,0,1,4,5,0,0,0,0,0,0,0,5,
2019,47,1,Total,,,PAN,,Total,200:00,86,25,43,9,20,9,14,9,30,39,19,6,12,3,1,21,18,103,
2019,47,0,P007200   ,1.0,1.0,IST,0,"LARKIN, SHANE",32:20,28,5,10,4,6,6,8,0,3,3,3,1,1,0,1,1,7,30,-17.0
2019,47,0,P006590   ,0.0,0.0,IST,1,"BEAUBOIS, RODRIGUE",10:30,0,0,1,0,1,0,0,0,0,0,0,0,0,0,1,3,0,-6,-5.0
2019,47,0,P006614   ,1.0,1.0,IST,2,"SINGLETON, CHRIS",35:37,13,3,6,1,3,4,6,4,7,11,1,2,0,0,0,4,6,22,-19.0
2019,47,0,P003521   ,0.0,1.0,IST,4,"BALBAY, DOGUS",07:58,0,0,0,0,1,0,0,0,0,0,1,0,0,0,0,1,0,-1,-7.0
2019,47,0,P005686   ,0.0,0.0,IST,8,"GECIM, TOLGA",02:03,0,0,0,0,0,0,0,0,0,0,0,0,0,0,0,0,0,0,3.0
2019,47,0,P002968   ,0.0,0.0,IST,15,"SANLI, SERTAC",DNP,0,0,0,0,0,0,0,0,0,0,0,0,0,0,0,0,0,0,0.0
2019,47,0,PLHK      ,0.0,0.0,IST,21,"PLEISS, TIBOR",11:59,2,1,1,0,0,0,0,1,2,3,0,1,0,0,0,0,2,8,-2.0
2019,47,0,P002580   ,1.0,0.0,IST,22,"MICIC, VASILIJE",22:37,6,3,7,0,6,0,0,0,2,2,3,2,7,0,0,1,1,-4,-9.0
2019,47,0,P005938   ,1.0,0.0,IST,23,"ANDERSON, JAMES",07:28,0,0,0,0,1,0,0,0,2,2,0,0,1,0,0,1,1,0,-2.0
2019,47,0,P008829   ,0.0,0.0,IST,25,"PETERS, ALEC",17:31,2,1,1,0,2,0,0,1,2,3,1,0,0,0,0,2,0,2,-1.0
2019,47,0,P003048   ,1.0,1.0,IST,42,"DUNSTON, BRYANT",20:27,8,3,5,0,1,2,4,2,3,5,1,0,1,1,1,4,2,6,-18.0
2019,47,0,PCPR      ,0.0,1.0,IST,44,"SIMON, KRUNOSLAV",31:30,11,4,5,1,9,0,0,2,4,6,3,2,2,0,0,1,1,11,-3.0
2019,47,0,Team,0.0,0.0,IST,,Team,,0,0,0,0,0,0,0,4,0,4,0,0,0,0,0,0,0,4,
2019,47,0,Total,,,IST,,Total,200:00,70,20,36,6,30,12,18,14,25,39,13,8,12,1,3,18,20,72,
2019,48,1,P005884   ,0.0,0.0,MIL,0,"DELLA VALLE, AMEDEO",08:34,8,0,0,2,3,2,2,0,1,1,0,0,0,0,0,1,1,8,22.0
2019,48,1,P009902   ,1.0,0.0,MIL,1,"MACK, SHELVIN",10:59,4,2,6,0,0,0,0,0,2,2,1,1,2,0,0,1,0,1,0.0
2019,48,1,P000529   ,1.0,1.0,MIL,5,"MICOV, VLADIMIR",28:29,16,5,9,1,4,3,3,1,7,8,3,1,4,1,0,2,6,22,17.0
2019,48,1,P003120   ,0.0,1.0,MIL,7,"GUDAITIS, ARTURAS",23:16,6,3,7,0,0,0,0,2,4,6,0,2,1,2,0,3,2,10,9.0
2019,48,1,P004974   ,0.0,0.0,MIL,10,"ROLL, MICHAEL",13:29,5,1,3,1,1,0,0,1,0,1,0,0,0,0,0,2,0,2,-8.0
2019,48,1,PCVM      ,0.0,0.0,MIL,13,"RODRIGUEZ, SERGIO",28:43,17,1,5,5,9,0,0,0,4,4,7,1,1,0,1,3,4,20,13.0
2019,48,1,P008004   ,1.0,0.0,MIL,15,"TARCZEWSKI, KALEB",13:35,2,1,2,0,0,0,0,0,1,1,0,1,0,0,0,3,1,1,0.0
2019,48,1,P000848   ,1.0,0.0,MIL,16,"NEDOVIC, NEMANJA",23:16,6,0,1,2,6,0,0,0,1,1,3,0,4,1,0,3,1,0,0.0
2019,48,1,PKIW      ,0.0,1.0,MIL,20,"CINCIARINI, ANDREA",00:18,0,0,0,0,1,0,0,0,0,0,0,0,0,0,0,1,0,-2,0.0
2019,48,1,P006505   ,0.0,1.0,MIL,30,"WHITE, AARON",03:43,0,0,0,0,0,0,0,0,0,0,0,0,0,0,0,0,0,0,-1.0
2019,48,1,P004117   ,1.0,1.0,MIL,32,"BROOKS, JEFF",15:29,5,1,1,1,1,0,0,0,4,4,0,0,0,0,0,2,0,7,3.0
2019,48,1,PAJG      ,0.0,0.0,MIL,40,"SCOLA, LUIS",30:09,14,3,4,2,3,2,3,3,6,9,2,1,1,0,0,3,3,22,10.0
2019,48,1,Team,0.0,0.0,MIL,,Team,,0,0,0,0,0,0,0,1,1,2,0,0,0,0,0,0,0,2,
2019,48,1,Total,,,MIL,,Total,200:00,83,17,38,14,28,7,8,8,31,39,16,7,13,4,1,24,18,93,
2019,48,0,P007870   ,1.0,0.0,BAR,0,"DAVIES, BRANDON",23:21,15,6,8,0,1,3,4,2,0,2,1,2,3,0,0,2,3,14,-4.0
2019,48,0,P005099   ,1.0,0.0,BAR,8,"HANGA, ADAM",22:31,8,2,4,0,1,4,4,1,3,4,1,0,2,0,1,1,5,11,-12.0
2019,48,0,P007109   ,0.0,0.0,BAR,10,"SMITS, ROLANDS",DNP,0,0,0,0,0,0,0,0,0,0,0,0,0,0,0,0,0,0,0.0
2019,48,0,P005917   ,0.0,0.0,BAR,18,"ORIOLA, PIERRE",14:08,4,2,3,0,0,0,0,0,2,2,0,0,1,0,0,0,0,4,3.0
2019,48,0,P003478   ,0.0,0.0,BAR,21,"ABRINES, ALEX",06:40,3,0,2,1,1,0,0,0,1,1,0,0,0,0,0,2,0,0,0.0
2019,48,0,P006450   ,1.0,1.0,BAR,22,"HIGGINS, CORY",27:51,6,1,7,1,2,1,1,1,1,2,2,1,0,0,1,2,2,3,-6.0
2019,48,0,P004331   ,0.0,1.0,BAR,23,"DELANEY, MALCOLM",17:29,9,1,2,1,5,4,6,0,0,0,4,0,1,0,0,4,5,6,-1.0
2019,48,0,P005789   ,0.0,1.0,BAR,24,"KURIC, KYLE",19:51,10,3,5,1,4,1,1,1,2,3,0,1,0,0,0,1,2,10,-12.0
2019,48,0,P000556   ,1.0,0.0,BAR,30,"CLAVER, VICTOR",25:38,2,1,2,0,1,0,0,0,5,5,3,2,1,1,1,2,2,9,-8.0
2019,48,0,P008985   ,0.0,0.0,BAR,31,"BOLMARO, LEANDRO",DNP,0,0,0,0,0,0,0,0,0,0,0,0,0,0,0,0,0,0,0.0
2019,48,0,P000796   ,1.0,1.0,BAR,33,"MIROTIC, NIKOLA",25:52,13,1,4,3,6,2,4,1,4,5,1,3,2,0,1,1,3,13,-16.0
2019,48,0,P002507   ,0.0,1.0,BAR,44,"TOMIC, ANTE",16:39,0,0,2,0,0,0,2,0,5,5,1,0,2,0,0,3,2,-1,-9.0
2019,48,0,Team,0.0,0.0,BAR,,Team,,0,0,0,0,0,0,0,3,2,5,0,0,0,0,0,0,0,5,
2019,48,0,Total,,,BAR,,Total,200:00,70,17,39,7,21,15,22,9,25,34,13,9,12,1,4,18,24,74,
2019,49,1,P006533   ,0.0,0.0,PAM,1,"COLOM, QUINO",17:58,9,1,2,1,4,4,5,1,1,2,6,0,2,0,0,0,4,14,2.0
2019,49,1,P004761   ,0.0,1.0,PAM,2,"MARINKOVIC, VANJA",15:31,6,0,0,1,3,3,4,1,0,1,0,0,0,0,0,0,4,8,8.0
2019,49,1,P009754   ,1.0,0.0,PAM,3,"LOYD, JORDAN",20:39,8,1,6,2,3,0,0,0,1,1,2,1,1,0,2,3,1,1,6.0
2019,49,1,P006726   ,0.0,1.0,PAM,5,"NDOUR, MAURICE",11:56,9,3,3,0,0,3,3,0,2,2,0,1,0,0,0,3,3,12,7.0
2019,49,1,P003733   ,0.0,0.0,PAM,6,"ABALDE, ALBERTO",DNP,0,0,0,0,0,0,0,0,0,0,0,0,0,0,0,0,0,0,0.0
2019,49,1,P004884   ,1.0,0.0,PAM,7,"LABEYRIE, LOUIS",19:16,4,1,1,0,2,2,4,1,2,3,1,0,0,0,0,0,4,8,5.0
2019,49,1,P008966   ,0.0,0.0,PAM,10,"TOBEY, MIKE",02:42,0,0,0,0,0,0,0,0,1,1,0,0,1,0,0,2,0,-2,0.0
2019,49,1,P006599   ,0.0,0.0,PAM,12,"MOTUM, BROCK",18:47,8,2,2,0,1,4,6,1,1,2,0,0,0,0,0,1,6,12,2.0
2019,49,1,P002742   ,1.0,1.0,PAM,14,"DUBLJEVIC, BOJAN",27:19,13,5,10,1,3,0,0,2,6,8,2,0,3,0,0,2,0,11,4.0
2019,49,1,P002361   ,1.0,1.0,PAM,16,"VIVES, GUILLEM",26:00,10,3,4,0,0,4,4,1,3,4,4,0,2,0,0,2,4,17,2.0
2019,49,1,P000518   ,0.0,1.0,PAM,19,"SAN EMETERIO, FERNANDO",22:11,9,1,3,2,4,1,2,0,2,2,3,0,0,0,0,1,1,9,7.0
2019,49,1,P002763   ,1.0,0.0,PAM,42,"DOORNEKAMP, AARON",17:41,5,1,1,1,1,0,0,1,3,4,3,2,2,0,0,2,0,10,2.0
2019,49,1,Team,0.0,0.0,PAM,,Team,,0,0,0,0,0,0,0,2,2,4,0,0,0,0,0,0,0,4,
2019,49,1,Total,,,PAM,,Total,200:00,81,18,32,8,21,21,28,10,24,34,21,4,11,0,2,16,27,104,
2019,49,0,P000229   ,1.0,0.0,ASV,1,"JACKSON, EDWIN",21:14,10,2,4,2,5,0,0,0,2,2,1,0,0,0,0,0,3,11,-5.0
2019,49,0,P005247   ,0.0,0.0,ASV,2,"TAYLOR, JORDAN",03:52,0,0,0,0,1,0,0,0,0,0,0,0,1,0,0,3,0,-5,1.0
2019,49,0,P009733   ,1.0,0.0,ASV,3,"JEKIRI, TONYE",27:55,4,2,5,0,0,0,2,3,6,9,4,0,3,2,0,3,1,9,-7.0
2019,49,0,PKIR      ,1.0,0.0,ASV,5,"KAHUDI, CHARLES",21:13,5,1,2,1,3,0,0,0,0,0,1,0,0,0,0,2,1,2,-12.0
2019,49,0,P005553   ,0.0,0.0,ASV,9,"LOMAZS, RIHARDS",13:03,8,1,2,2,4,0,0,0,2,2,1,1,1,0,0,5,2,5,1.0
2019,49,0,P008851   ,0.0,1.0,ASV,11,"GALLIOU, CHARLES",00:46,0,0,0,0,0,0,0,0,0,0,0,0,0,0,0,1,0,-1,-4.0
2019,49,0,P006068   ,0.0,1.0,ASV,12,"NOUA, AMINE",14:46,4,2,2,0,1,0,0,0,2,2,0,0,1,0,0,4,0,0,-4.0
2019,49,0,P002536   ,1.0,1.0,ASV,17,"JEAN-CHARLES, LIVIO",25:46,20,9,11,0,0,2,2,2,2,4,1,1,0,0,0,1,1,24,2.0
2019,49,0,PTFK      ,1.0,1.0,ASV,19,"DIOT, ANTOINE",32:58,17,2,4,3,7,4,4,1,1,2,6,1,2,0,0,2,4,20,-9.0
2019,49,0,P004655   ,0.0,0.0,ASV,21,"BAKO, ISMAEL",05:33,2,0,1,0,0,2,2,0,0,0,0,0,1,0,0,3,3,0,1.0
2019,49,0,P003526   ,0.0,0.0,ASV,23,"LIGHTY, DAVID",15:33,2,1,1,0,3,0,0,0,1,1,1,0,0,0,0,1,0,0,-5.0
2019,49,0,P008099   ,0.0,1.0,ASV,32,"STRAZEL, MATTHEW",17:21,0,0,2,0,2,0,0,0,1,1,0,0,1,0,0,2,1,-5,-4.0
2019,49,0,Team,0.0,0.0,ASV,,Team,,0,0,0,0,0,0,0,2,2,4,0,0,1,0,0,0,0,3,
2019,49,0,Total,,,ASV,,Total,200:00,72,20,34,8,26,8,10,8,19,27,15,3,11,2,0,27,16,63,
2019,50,1,P005154   ,0.0,0.0,DYR,4,"IVERSON, COLTON",08:06,0,0,2,0,0,0,0,0,0,0,0,0,1,0,1,1,0,-5,-14.0
2019,50,1,P003425   ,0.0,0.0,DYR,6,"ALBICY, ANDREW",16:30,2,1,1,0,1,0,0,1,1,2,2,0,1,0,0,1,2,5,-15.0
2019,50,1,PJAN      ,0.0,1.0,DYR,7,"PONKRASHOV, ANTON",09:40,0,0,1,0,1,0,0,0,1,1,1,1,0,0,0,0,0,1,-4.0
2019,50,1,P009917   ,1.0,1.0,DYR,9,"HOLLINS, AUSTIN",23:20,13,4,6,1,2,2,3,0,2,2,4,1,3,0,1,3,1,10,-2.0
2019,50,1,P005856   ,1.0,0.0,DYR,10,"THOMAS, WILL",30:35,14,5,7,1,1,1,2,1,1,2,1,1,0,0,0,1,1,15,-13.0
2019,50,1,P005945   ,1.0,0.0,DYR,12,"RENFROE, ALEX",16:35,0,0,4,0,0,0,0,0,2,2,4,2,2,0,1,3,1,-1,2.0
2019,50,1,PLKY      ,0.0,1.0,DYR,13,"KHVOSTOV, DMITRY",18:57,5,1,1,1,2,0,0,0,0,0,3,0,2,0,0,2,2,5,-1.0
2019,50,1,P003370   ,0.0,1.0,DYR,14,"PUSHKOV, ANTON",01:33,0,0,1,0,0,0,0,0,0,0,0,0,1,0,0,0,0,-2,-2.0
2019,50,1,P007851   ,0.0,0.0,DYR,16,"TRUSHKIN, VLADISLAV",05:32,0,0,0,0,1,0,0,0,0,0,0,0,0,0,0,0,0,-1,-16.0
2019,50,1,P005199   ,0.0,1.0,DYR,21,"ABROMAITIS, TIM",15:58,9,0,0,3,6,0,0,0,1,1,1,0,0,0,0,2,2,8,9.0
2019,50,1,P004172   ,1.0,0.0,DYR,25,"PONITKA, MATEUSZ",29:26,7,1,4,0,0,5,6,1,3,4,1,0,3,0,1,2,7,9,-15.0
2019,50,1,P005927   ,1.0,0.0,DYR,34,"AYON, GUSTAVO",23:48,20,10,14,0,0,0,1,2,6,8,2,1,2,0,0,5,5,24,-14.0
2019,50,1,Team,0.0,0.0,DYR,,Team,,0,0,0,0,0,0,0,1,3,4,0,0,1,0,0,0,0,3,
2019,50,1,Total,,,DYR,,Total,200:00,70,22,41,6,14,8,12,6,20,26,19,6,16,0,4,20,21,71,
2019,50,0,P009035   ,0.0,1.0,CSK,3,"BOLOMBOY, JOEL",08:56,3,0,0,0,1,3,6,2,3,5,1,0,1,0,0,2,5,7,1.0
2019,50,0,P005985   ,1.0,0.0,CSK,5,"JAMES, MIKE",28:19,16,2,8,4,5,0,0,0,0,0,4,1,2,1,0,0,4,17,16.0
2019,50,0,P008995   ,0.0,1.0,CSK,7,"UKHOV, IVAN",13:52,7,2,2,1,4,0,0,1,2,3,1,2,1,0,0,2,0,7,-3.0
2019,50,0,P004941   ,0.0,0.0,CSK,11,"ANTONOV, SEMEN",14:02,5,1,1,1,3,0,0,0,2,2,0,0,0,0,0,1,0,4,2.0
2019,50,0,P000046   ,1.0,1.0,CSK,13,"STRELNIEKS, JANIS",15:23,6,1,2,0,1,4,4,0,1,1,5,0,0,0,0,1,1,10,17.0
2019,50,0,P007201   ,0.0,0.0,CSK,17,"VOIGTMANN, JOHANNES",24:29,14,0,1,4,5,2,2,1,6,7,3,2,1,2,0,3,2,24,19.0
2019,50,0,PLHI      ,1.0,0.0,CSK,20,"VORONTSEVICH, ANDREY",17:34,0,0,0,0,2,0,0,2,2,4,3,1,1,1,0,1,0,5,1.0
2019,50,0,P006135   ,0.0,1.0,CSK,28,"LOPATIN, ANDREI",00:13,0,0,0,0,0,0,0,0,0,0,0,0,0,0,0,0,0,0,0.0
2019,50,0,P008989   ,0.0,0.0,CSK,32,"HILLIARD, DARRUN",31:02,13,2,5,3,7,0,0,0,1,1,3,1,3,0,0,2,1,7,23.0
2019,50,0,PJLX      ,1.0,0.0,CSK,41,"KURBANOV, NIKITA",15:11,13,1,1,3,4,2,2,0,3,3,0,1,0,0,0,3,1,14,-1.0
2019,50,0,P002812   ,1.0,0.0,CSK,42,"HINES, KYLE",16:39,8,3,3,0,0,2,3,0,1,1,2,2,1,0,0,4,3,10,10.0
2019,50,0,P009767   ,0.0,1.0,CSK,84,"BAKER, RON",14:20,2,0,1,0,1,2,2,1,0,1,0,2,3,0,0,2,3,1,0.0
2019,50,0,Team,0.0,0.0,CSK,,Team,,0,0,0,0,0,0,0,3,0,3,0,0,1,0,0,0,0,2,
2019,50,0,Total,,,CSK,,Total,200:00,87,12,24,16,33,15,19,10,21,31,22,12,14,4,0,21,20,108,
2019,51,1,P002543   ,0.0,0.0,ULK,9,"WESTERMANN, LEO",05:14,0,0,0,0,0,0,0,0,1,1,0,0,0,0,0,4,0,-3,-10.0
2019,51,1,P002969   ,0.0,0.0,ULK,10,"MAHMUTOGLU, MELIH",DNP,0,0,0,0,0,0,0,0,0,0,0,0,0,0,0,0,0,0,0.0
2019,51,1,P004866   ,0.0,1.0,ULK,12,"KALINIC, NIKOLA",14:43,1,0,2,0,3,1,2,0,2,2,0,1,1,0,0,1,2,-2,0.0
2019,51,1,P006961   ,0.0,0.0,ULK,13,"BIBEROVIC, TARIK",13:30,2,1,4,0,0,0,0,1,0,1,0,0,1,0,0,1,0,-2,1.0
2019,51,1,P001926   ,0.0,1.0,ULK,16,"SLOUKAS, KOSTAS",35:44,13,2,5,2,3,3,4,0,2,2,9,2,1,0,0,1,6,25,-3.0
2019,51,1,P002100   ,1.0,0.0,ULK,19,"DE COLO, NANDO",31:36,29,6,9,4,5,5,5,1,0,1,2,1,2,0,0,5,6,28,13.0
2019,51,1,P009006   ,1.0,0.0,ULK,21,"WILLIAMS, DERRICK",28:34,12,4,6,1,3,1,2,1,3,4,1,0,0,0,0,3,2,11,-7.0
2019,51,1,P000925   ,1.0,1.0,ULK,24,"VESELY, JAN",25:59,8,2,7,0,2,4,7,4,2,6,0,2,4,0,0,2,7,7,-6.0
2019,51,1,P001324   ,1.0,1.0,ULK,35,"MUHAMMED, ALI",06:28,4,1,2,0,0,2,2,1,0,1,0,0,0,0,0,3,1,2,0.0
2019,51,1,P006399   ,0.0,0.0,ULK,44,"DUVERIOGLU, AHMET",DNP,0,0,0,0,0,0,0,0,0,0,0,0,0,0,0,0,0,0,0.0
2019,51,1,PCCD      ,1.0,1.0,ULK,70,"DATOME, LUIGI",27:44,5,1,1,1,5,0,0,1,1,2,1,1,1,0,0,4,0,0,-6.0
2019,51,1,P004194   ,0.0,0.0,ULK,77,"LAUVERGNE, JOFFREY",10:28,2,1,2,0,0,0,4,0,1,1,2,0,1,0,0,1,2,0,3.0
2019,51,1,Team,0.0,0.0,ULK,,Team,,0,0,0,0,0,0,0,1,1,2,0,0,1,0,0,0,0,1,
2019,51,1,Total,,,ULK,,Total,200:00,76,18,38,8,21,16,26,10,13,23,15,7,12,0,0,25,26,67,
2019,51,0,P008855   ,0.0,1.0,ZAL,0,"WALKUP, THOMAS",22:34,4,2,3,0,0,0,0,1,2,3,5,2,1,0,0,2,4,14,16.0
2019,51,0,P009752   ,1.0,0.0,ZAL,2,"PEREZ, ALEX",20:07,7,2,3,1,2,0,0,0,1,1,4,1,3,0,0,3,1,6,-11.0
2019,51,0,P003210   ,0.0,0.0,ZAL,4,"LEKAVICIUS, LUKAS",DNP,0,0,0,0,0,0,0,0,0,0,0,0,0,0,0,0,0,0,0.0
2019,51,0,P008962   ,0.0,1.0,ZAL,10,"HAYES, NIGEL",26:16,9,1,3,2,3,1,1,0,2,2,2,1,3,0,0,3,1,6,1.0
2019,51,0,PBWI      ,1.0,0.0,ZAL,13,"JANKUNAS, PAULIUS",14:17,9,3,4,0,1,3,3,1,5,6,0,0,1,0,0,3,2,11,0.0
2019,51,0,P006158   ,0.0,0.0,ZAL,16,"LUKOSIUNAS, KAROLIS",DNP,0,0,0,0,0,0,0,0,0,0,0,0,0,0,0,0,0,0,0.0
2019,51,0,PKPD      ,0.0,0.0,ZAL,21,"MILAKNIS, ARTURAS",15:35,3,0,1,1,2,0,0,0,1,1,1,0,2,0,0,3,0,-2,-7.0
2019,51,0,P009753   ,0.0,0.0,ZAL,23,"GEBEN, MARTINAS",05:26,0,0,1,0,0,0,0,1,1,2,0,0,1,0,0,0,0,0,-3.0
2019,51,0,P008987   ,0.0,1.0,ZAL,32,"LEDAY, ZACH",29:09,16,5,8,0,1,6,7,0,5,5,2,0,2,0,0,4,5,17,1.0
2019,51,0,P008820   ,1.0,0.0,ZAL,34,"LANDALE, JOCK",12:31,8,4,4,0,0,0,0,0,1,1,1,1,2,0,0,5,1,5,5.0
2019,51,0,P002328   ,1.0,1.0,ZAL,40,"GRIGONIS, MARIUS",29:59,19,3,4,2,5,7,8,0,4,4,1,0,1,0,0,2,7,23,1.0
2019,51,0,P002329   ,1.0,1.0,ZAL,92,"ULANOVAS, EDGARAS",24:06,4,0,2,1,1,1,2,0,1,1,0,1,2,0,0,1,4,4,12.0
2019,51,0,Team,0.0,0.0,ZAL,,Team,,0,0,0,0,0,0,0,4,2,6,0,0,1,0,0,0,0,5,
2019,51,0,Total,,,ZAL,,Total,200:00,79,20,33,7,15,18,21,7,25,32,16,6,19,0,0,26,25,89,
2019,52,1,P009862   ,0.0,1.0,OLY,0,"PUNTER, KEVIN",23:33,4,0,6,1,5,1,2,1,1,2,0,1,0,1,1,4,1,-7,-22.0
2019,52,1,P002972   ,0.0,1.0,OLY,1,"ROCHESTIE, TAYLOR",14:50,4,2,3,0,1,0,0,0,0,0,1,1,5,0,0,1,3,1,-16.0
2019,52,1,P004945   ,1.0,0.0,OLY,3,"PAUL, BRANDON",23:00,12,2,3,2,6,2,4,0,5,5,1,1,3,0,0,3,3,9,-17.0
2019,52,1,P005255   ,0.0,0.0,OLY,6,"KONIARIS, ANTONIOS",DNP,0,0,0,0,0,0,0,0,0,0,0,0,0,0,0,0,0,0,0.0
2019,52,1,PJUO      ,1.0,0.0,OLY,7,"SPANOULIS, VASSILIS",25:10,8,2,4,1,4,1,3,0,0,0,5,0,0,0,1,3,4,6,-9.0
2019,52,1,P006058   ,1.0,0.0,OLY,10,"CHERRY, WILL",18:57,4,2,3,0,0,0,0,0,0,0,0,0,3,0,0,4,1,-3,-4.0
2019,52,1,P003941   ,1.0,0.0,OLY,11,"MILUTINOV, NIKOLA",19:35,3,1,2,0,0,1,2,1,6,7,1,1,0,0,0,1,1,10,-4.0
2019,52,1,P003469   ,0.0,1.0,OLY,14,"VEZENKOV, SASHA",14:30,2,1,3,0,0,0,0,1,0,1,1,1,0,0,0,2,0,1,-7.0
2019,52,1,PAMM      ,1.0,0.0,OLY,15,"PRINTEZIS, GEORGIOS",27:06,16,6,13,1,2,1,1,0,4,4,1,0,0,0,1,1,3,14,-8.0
2019,52,1,P002008   ,0.0,1.0,OLY,19,"KUZMINSKAS, MINDAUGAS",12:54,6,1,2,1,3,1,2,0,1,1,0,0,0,0,0,2,3,4,-17.0
2019,52,1,P006477   ,0.0,0.0,OLY,21,"RUBIT, AUGUSTINE",14:27,5,1,2,0,0,3,4,1,3,4,0,0,0,1,0,0,3,11,-16.0
2019,52,1,P009946   ,0.0,1.0,OLY,33,"REED, WILLIE",05:58,1,0,0,0,0,1,2,0,2,2,0,0,0,0,0,0,1,3,-5.0
2019,52,1,Team,0.0,0.0,OLY,,Team,,0,0,0,0,0,0,0,3,3,6,0,0,0,0,0,0,0,6,
2019,52,1,Total,,,OLY,,Total,200:00,65,18,41,6,21,11,20,7,25,32,10,5,11,2,3,21,23,55,
2019,52,0,P009846   ,0.0,0.0,TEL,0,"BRYANT, ELIJAH",17:40,4,2,3,0,2,0,0,2,3,5,3,0,2,0,0,2,3,8,17.0
2019,52,0,P006661   ,1.0,0.0,TEL,1,"WILBEKIN, SCOTTIE",27:19,19,2,4,4,9,3,5,0,1,1,1,1,1,0,0,0,3,15,14.0
2019,52,0,P009847   ,0.0,1.0,TEL,2,"ACY, QUINCY",24:35,8,2,3,1,4,1,2,1,7,8,0,1,0,1,0,4,1,10,28.0
2019,52,0,P005160   ,0.0,1.0,TEL,5,"HUNTER, OTHELLO",18:14,8,4,4,0,0,0,0,2,3,5,0,1,0,0,0,4,1,11,17.0
2019,52,0,PJFO      ,1.0,0.0,TEL,7,"CASSPI, OMRI",15:25,9,3,5,1,1,0,0,0,4,4,4,0,0,0,0,1,2,16,-3.0
2019,52,0,P007675   ,0.0,0.0,TEL,8,"AVDIJA, DENI",DNP,0,0,0,0,0,0,0,0,0,0,0,0,0,0,0,0,0,0,0.0
2019,52,0,P009849   ,0.0,1.0,TEL,11,"DORSEY, TYLER",23:28,19,3,6,4,6,1,1,0,4,4,3,2,1,0,0,1,2,23,23.0
2019,52,0,P007990   ,0.0,1.0,TEL,12,"DIBARTOLOMEO, JOHN",17:18,4,0,1,1,4,1,1,0,2,2,1,2,0,0,1,2,2,4,14.0
2019,52,0,P006555   ,1.0,1.0,TEL,14,"WOLTERS, NATE",20:02,10,2,4,2,2,0,2,0,1,1,4,0,3,0,1,2,1,6,4.0
2019,52,0,P005145   ,0.0,0.0,TEL,15,"COHEN, JAKE",03:32,2,1,1,0,0,0,0,0,0,0,1,0,0,0,0,1,0,2,-1.0
2019,52,0,P008991   ,1.0,0.0,TEL,28,"BLACK, TARIK",18:14,4,1,4,0,0,2,2,1,5,6,1,0,2,2,0,3,3,8,9.0
2019,52,0,P006625   ,1.0,0.0,TEL,50,"ZOOSMAN, YOVEL",14:13,3,0,0,0,0,3,4,0,1,1,1,0,1,0,0,3,2,2,3.0
2019,52,0,Team,0.0,0.0,TEL,,Team,,0,0,0,0,0,0,0,1,1,2,0,0,1,0,0,0,0,1,
2019,52,0,Total,,,TEL,,Total,200:00,90,20,35,13,28,11,17,7,32,39,19,7,11,3,2,23,20,106,
2019,53,1,P007947   ,0.0,1.0,BAS,3,"VILDOZA, LUCA",17:50,3,0,0,1,1,0,0,1,3,4,6,1,1,0,0,2,2,13,17.0
2019,53,1,P008032   ,0.0,1.0,BAS,5,"GONZALEZ, MIGUEL",03:19,2,1,1,0,0,0,0,0,0,0,1,0,0,0,0,0,0,3,5.0
2019,53,1,P006754   ,1.0,0.0,BAS,7,"HENRY, PIERRIA",22:24,7,2,4,0,0,3,4,1,4,5,4,1,4,0,0,2,5,13,16.0
2019,53,1,P004165   ,0.0,0.0,BAS,11,"JANNING, MATT",19:48,16,2,3,3,6,3,3,1,0,1,1,0,1,0,1,3,2,11,28.0
2019,53,1,P003540   ,0.0,1.0,BAS,12,"DIOP, ILIMANE",06:17,3,1,1,0,1,1,2,0,1,1,0,0,2,1,0,3,1,-1,10.0
2019,53,1,P006568   ,0.0,0.0,BAS,19,"FALL, YOUSSOUPHA",17:36,2,1,3,0,0,0,0,3,5,8,0,0,0,2,1,2,3,10,14.0
2019,53,1,P009836   ,1.0,0.0,BAS,22,"STAUSKAS, NIK",17:26,12,3,4,2,6,0,0,1,1,2,1,1,1,0,1,2,1,8,0.0
2019,53,1,P001133   ,1.0,0.0,BAS,23,"SHENGELIA, TORNIKE",25:51,19,4,8,2,2,5,5,0,3,3,2,1,1,1,0,0,7,28,15.0
2019,53,1,P007994   ,0.0,1.0,BAS,29,"GARINO, PATRICIO",18:22,10,1,3,1,1,5,5,0,2,2,0,0,1,0,0,4,4,9,25.0
2019,53,1,P007831   ,1.0,0.0,BAS,31,"SHIELDS, SHAVON",20:51,5,1,5,1,2,0,0,0,2,2,0,1,0,0,1,0,1,3,8.0
2019,53,1,P002084   ,0.0,1.0,BAS,33,"POLONARA, ACHILLE",14:09,10,2,3,2,3,0,0,1,4,5,0,0,0,0,0,2,0,11,18.0
2019,53,1,P007360   ,1.0,0.0,BAS,50,"ERIC, MICHAEL",16:07,4,2,3,0,0,0,0,2,3,5,0,0,2,2,0,2,0,6,9.0
2019,53,1,Team,0.0,0.0,BAS,,Team,,0,0,0,0,0,0,0,3,1,4,0,0,1,0,0,0,0,3,
2019,53,1,Total,,,BAS,,Total,200:00,93,20,38,12,22,17,19,13,29,42,15,5,14,6,4,22,26,117,
2019,53,0,PBOG      ,0.0,1.0,MUN,7,"KING, ALEX",15:08,0,0,1,0,2,0,0,0,0,0,1,0,0,0,0,4,1,-5,-15.0
2019,53,0,P004178   ,0.0,0.0,MUN,8,"KOPONEN, PETTERI",15:48,3,0,1,1,4,0,0,0,0,0,0,0,2,0,0,2,0,-5,-5.0
2019,53,0,P009835   ,1.0,1.0,MUN,10,"MONROE, GREG",26:55,18,6,9,0,0,6,9,1,2,3,1,1,4,2,0,3,7,19,-17.0
2019,53,0,P001288   ,1.0,0.0,MUN,11,"LUCIC, VLADIMIR",22:12,4,1,1,0,0,2,2,1,0,1,1,1,1,1,0,1,4,10,-15.0
2019,53,0,P007032   ,0.0,0.0,MUN,12,"LO, MAODO",23:44,12,1,5,3,5,1,2,0,2,2,1,1,2,0,2,5,2,2,-14.0
2019,53,0,P005056   ,1.0,1.0,MUN,16,"ZIPSER, PAUL",27:47,7,1,3,1,3,2,2,1,7,8,0,2,0,0,0,4,3,12,-22.0
2019,53,0,P002829   ,1.0,1.0,MUN,20,"NELSON, DEMARCUS",15:44,4,2,5,0,1,0,0,1,0,1,1,0,0,0,2,3,0,-3,-19.0
2019,53,0,P005670   ,0.0,1.0,MUN,21,"FLACCADORI, DIEGO",19:47,1,0,2,0,2,1,2,0,1,1,2,0,0,1,1,0,1,0,-22.0
2019,53,0,P003490   ,1.0,0.0,MUN,22,"BARTHEL, DANILO",19:50,7,1,5,1,1,2,2,0,2,2,0,0,1,0,1,4,3,2,-20.0
2019,53,0,PLEM      ,0.0,0.0,MUN,43,"RADOSEVIC, LEON",13:05,4,2,3,0,0,0,0,0,1,1,2,0,0,0,0,1,1,6,-16.0
2019,53,0,Team,0.0,0.0,MUN,,Team,,0,0,0,0,0,0,0,1,1,2,0,0,0,0,0,0,0,2,
2019,53,0,Total,,,MUN,,Total,200:00,60,14,35,6,18,14,19,5,16,21,9,5,10,4,6,27,22,40,
2019,54,1,P001392   ,1.0,0.0,MAD,1,"CAUSEUR, FABIEN",18:27,7,2,3,0,2,3,4,0,0,0,0,0,1,0,0,0,3,5,8.0
2019,54,1,P005757   ,1.0,0.0,MAD,3,"RANDOLPH, ANTHONY",20:51,12,3,3,2,4,0,0,1,4,5,0,2,2,0,0,2,1,14,10.0
2019,54,1,PBMT      ,0.0,0.0,MAD,5,"FERNANDEZ, RUDY",15:57,3,1,2,0,2,1,2,0,2,2,4,2,2,0,0,0,2,7,10.0
2019,54,1,P005928   ,1.0,1.0,MAD,7,"CAMPAZZO, FACUNDO",25:59,8,2,4,0,2,4,4,0,3,3,8,3,3,0,0,2,4,17,7.0
2019,54,1,P006435   ,0.0,0.0,MAD,8,"LAPROVITTOLA, NICOLAS",04:59,2,1,1,0,0,0,0,0,1,1,1,0,3,0,0,1,1,1,-4.0
2019,54,1,P009005   ,0.0,1.0,MAD,14,"DECK, GABRIEL",13:55,6,0,1,0,0,6,8,1,1,2,1,0,1,0,0,0,4,9,4.0
2019,54,1,P007630   ,0.0,1.0,MAD,16,"GARUBA, USMAN",20:20,12,5,5,0,0,2,4,2,1,3,0,0,0,0,0,1,2,14,6.0
2019,54,1,P001960   ,0.0,0.0,MAD,20,"CARROLL, JAYCEE",07:32,3,0,2,1,2,0,0,0,1,1,0,0,0,0,1,1,1,0,-5.0
2019,54,1,P005791   ,1.0,0.0,MAD,22,"TAVARES, WALTER",30:24,11,5,6,0,0,1,3,2,6,8,1,1,2,4,0,3,3,20,8.0
2019,54,1,PTGB      ,0.0,1.0,MAD,23,"LLULL, SERGIO",18:24,12,2,3,2,6,2,2,0,1,1,6,2,1,0,0,1,2,16,14.0
2019,54,1,P008847   ,0.0,1.0,MAD,25,"MICKEY, JORDAN",07:36,3,0,0,1,1,0,0,0,3,3,0,1,2,0,0,3,0,2,7.0
2019,54,1,P006546   ,1.0,0.0,MAD,44,"TAYLOR, JEFFERY",15:36,6,1,2,1,1,1,2,0,1,1,1,2,0,0,1,3,2,6,5.0
2019,54,1,Team,0.0,0.0,MAD,,Team,,0,0,0,0,0,0,0,0,2,2,0,0,1,0,0,0,0,1,
2019,54,1,Total,,,MAD,,Total,200:00,85,22,32,7,20,20,29,6,26,32,22,13,18,4,2,17,25,112,
2019,54,0,P009600   ,0.0,0.0,BER,1,"MASON, MAKAI",11:59,10,2,3,2,4,0,0,0,1,1,1,0,1,0,0,4,1,5,4.0
2019,54,0,P007125   ,1.0,0.0,BER,3,"SIVA, PEYTON",22:03,10,1,2,2,5,2,2,0,2,2,3,1,2,0,0,2,3,11,-12.0
2019,54,0,P001557   ,1.0,0.0,BER,5,"GIFFEY, NIELS",11:49,1,0,3,0,0,1,2,0,1,1,0,0,5,1,0,4,1,-9,-15.0
2019,54,0,P007025   ,0.0,1.0,BER,9,"MATTISSECK, JONAS",21:13,0,0,0,0,2,0,0,1,0,1,0,0,1,0,0,3,2,-3,-4.0
2019,54,0,P006251   ,0.0,1.0,BER,10,"SCHNEIDER, TIM",12:38,5,1,2,1,4,0,0,1,1,2,1,0,1,0,0,0,0,3,-3.0
2019,54,0,P008780   ,0.0,1.0,BER,15,"HERMANNSSON, MARTIN",19:39,13,6,10,0,0,1,2,1,0,1,2,0,3,0,1,4,2,5,-5.0
2019,54,0,P003242   ,0.0,0.0,BER,25,"OGBE, KENNETH",04:54,0,0,0,0,0,0,0,0,0,0,0,0,0,0,0,0,0,0,-3.0
2019,54,0,P006436   ,1.0,1.0,BER,31,"GIEDRAITIS, ROKAS",28:23,9,3,4,1,5,0,0,1,1,2,0,3,1,0,0,2,3,9,-7.0
2019,54,0,P003958   ,0.0,1.0,BER,32,"THIEMANN, JOHANNES",16:25,10,4,5,0,0,2,2,0,4,4,2,1,2,0,1,1,3,15,-1.0
2019,54,0,P009601   ,0.0,0.0,BER,34,"CAVANAUGH, TYLER",11:24,5,1,3,1,2,0,0,1,4,5,1,1,0,1,1,2,0,7,3.0
2019,54,0,P009051   ,1.0,0.0,BER,35,"NNOKO, LANDRY",16:43,2,1,3,0,0,0,2,2,4,6,0,0,2,0,1,1,1,1,-15.0
2019,54,0,P006589   ,1.0,0.0,BER,43,"SIKMA, LUKE",22:50,6,1,3,1,4,1,2,2,4,6,4,2,1,0,0,2,1,10,-12.0
2019,54,0,Team,0.0,0.0,BER,,Team,,0,0,0,0,0,0,0,2,1,3,0,0,1,0,0,0,0,2,
2019,54,0,Total,,,BER,,Total,200:00,71,20,38,8,26,7,12,11,23,34,14,8,20,2,4,25,17,56,
2019,55,1,P003479   ,0.0,0.0,RED,0,"KUZMIC, OGNJEN",21:31,4,1,3,0,0,2,2,1,2,3,0,0,2,0,1,2,1,1,4.0
2019,55,1,P009622   ,1.0,1.0,RED,4,"BROWN, LORENZO",37:00,14,3,7,1,3,5,6,0,6,6,5,0,0,2,1,2,7,24,-6.0
2019,55,1,PKRH      ,0.0,0.0,RED,5,"PERPEROGLOU, STRATOS",11:05,0,0,4,0,0,0,0,0,0,0,0,0,2,0,1,2,0,-9,-10.0
2019,55,1,P008807   ,0.0,0.0,RED,9,"NENADIC, NEMANJA",02:53,1,0,1,0,0,1,2,0,0,0,0,0,1,0,1,1,1,-3,-7.0
2019,55,1,PLUO      ,1.0,0.0,RED,10,"LAZIC, BRANKO",05:30,0,0,0,0,0,0,0,0,1,1,0,0,0,1,0,1,0,1,-7.0
2019,55,1,P008800   ,0.0,1.0,RED,11,"FAYE, MOUHAMMAD",19:58,7,1,1,1,3,2,2,1,0,1,0,1,1,0,0,1,1,6,-18.0
2019,55,1,P005775   ,1.0,1.0,RED,12,"BARON, BILLY",30:01,17,3,3,3,8,2,2,0,4,4,4,0,1,0,0,4,6,21,3.0
2019,55,1,P004007   ,0.0,1.0,RED,13,"DOBRIC, OGNJEN",21:57,5,1,4,1,2,0,0,2,3,5,1,1,1,0,2,1,1,5,3.0
2019,55,1,P002980   ,1.0,0.0,RED,15,"GIST, JAMES",17:16,6,3,6,0,1,0,2,0,5,5,0,0,2,0,1,0,1,3,-16.0
2019,55,1,P005014   ,0.0,0.0,RED,22,"JENKINS, CHARLES",11:34,0,0,1,0,1,0,0,0,0,0,0,0,0,0,0,4,0,-6,-21.0
2019,55,1,P005618   ,1.0,1.0,RED,28,"SIMANIC, BORISA",21:15,6,0,1,2,3,0,0,1,1,2,1,0,0,0,0,0,0,7,0.0
2019,55,1,P008801   ,0.0,0.0,RED,50,"OJO, MICHAEL",DNP,0,0,0,0,0,0,0,0,0,0,0,0,0,0,0,0,0,0,0.0
2019,55,1,Team,0.0,0.0,RED,,Team,,0,0,0,0,0,0,0,2,2,4,0,0,2,0,0,0,0,2,
2019,55,1,Total,,,RED,,Total,200:00,60,12,31,8,21,12,16,7,24,31,11,2,12,3,7,18,18,52,
2019,55,0,P001392   ,0.0,1.0,MAD,1,"CAUSEUR, FABIEN",20:03,8,1,3,2,2,0,0,0,1,1,3,3,2,0,0,2,1,10,21.0
2019,55,0,P005757   ,1.0,0.0,MAD,3,"RANDOLPH, ANTHONY",19:29,2,1,2,0,5,0,0,0,2,2,0,0,0,0,0,2,1,-3,-4.0
2019,55,0,PBMT      ,0.0,1.0,MAD,5,"FERNANDEZ, RUDY",20:03,12,0,1,4,7,0,0,0,2,2,1,0,0,0,0,2,1,10,21.0
2019,55,0,P005928   ,1.0,0.0,MAD,7,"CAMPAZZO, FACUNDO",21:34,6,3,3,0,3,0,0,0,4,4,2,2,1,0,0,2,2,10,-6.0
2019,55,0,P006435   ,0.0,0.0,MAD,8,"LAPROVITTOLA, NICOLAS",06:10,5,0,1,1,1,2,2,0,0,0,2,1,0,0,0,0,3,10,4.0
2019,55,0,P009005   ,1.0,0.0,MAD,14,"DECK, GABRIEL",09:58,2,1,2,0,1,0,0,1,1,2,0,0,0,0,1,1,2,2,3.0
2019,55,0,P007630   ,0.0,1.0,MAD,16,"GARUBA, USMAN",20:57,4,2,4,0,0,0,0,4,4,8,0,1,1,1,0,2,0,9,19.0
2019,55,0,P001960   ,0.0,0.0,MAD,20,"CARROLL, JAYCEE",09:59,4,2,4,0,3,0,0,0,1,1,0,0,0,0,1,1,0,-2,-9.0
2019,55,0,P005791   ,1.0,1.0,MAD,22,"TAVARES, WALTER",30:11,11,5,7,0,1,1,2,4,5,9,0,0,0,5,0,2,2,21,10.0
2019,55,0,PTGB      ,1.0,1.0,MAD,23,"LLULL, SERGIO",24:32,16,2,9,3,7,3,4,0,3,3,5,0,1,0,1,1,4,13,17.0
2019,55,0,P008847   ,0.0,0.0,MAD,25,"MICKEY, JORDAN",09:42,5,2,2,0,0,1,2,2,0,2,0,0,1,1,0,2,2,6,3.0
2019,55,0,P006546   ,0.0,0.0,MAD,44,"TAYLOR, JEFFERY",07:22,0,0,0,0,1,0,0,1,1,2,0,0,0,0,0,1,0,0,-4.0
2019,55,0,Team,0.0,0.0,MAD,,Team,,0,0,0,0,0,0,0,2,2,4,0,0,1,0,0,0,0,3,
2019,55,0,Total,,,MAD,,Total,200:00,75,19,38,10,31,7,10,14,26,40,13,7,7,7,3,18,18,89,
2019,56,1,P009862   ,0.0,1.0,OLY,0,"PUNTER, KEVIN",18:47,8,2,4,1,6,1,1,0,2,2,1,1,1,0,0,2,1,3,1.0
2019,56,1,P002972   ,0.0,0.0,OLY,1,"ROCHESTIE, TAYLOR",05:52,4,0,1,1,1,1,1,0,1,1,1,0,2,0,0,0,1,4,-4.0
2019,56,1,P004945   ,1.0,1.0,OLY,3,"PAUL, BRANDON",33:23,15,0,1,4,8,3,3,0,4,4,2,1,2,0,0,1,2,16,-13.0
2019,56,1,P005255   ,0.0,1.0,OLY,6,"KONIARIS, ANTONIOS",19:17,5,1,5,1,3,0,0,1,1,2,4,0,2,0,0,3,1,1,-3.0
2019,56,1,PJUO      ,1.0,0.0,OLY,7,"SPANOULIS, VASSILIS",22:15,4,0,1,0,4,4,5,0,2,2,1,0,3,0,1,0,2,-1,-9.0
2019,56,1,P006058   ,1.0,0.0,OLY,10,"CHERRY, WILL",16:48,2,1,2,0,1,0,0,0,0,0,1,1,1,0,1,1,0,-1,-21.0
2019,56,1,P003941   ,1.0,1.0,OLY,11,"MILUTINOV, NIKOLA",31:06,10,5,5,0,0,0,0,5,8,13,1,1,5,1,0,2,3,22,-16.0
2019,56,1,P003469   ,0.0,0.0,OLY,14,"VEZENKOV, SASHA",03:59,0,0,0,0,1,0,0,0,0,0,0,0,0,1,0,2,0,-2,-5.0
2019,56,1,PAMM      ,1.0,1.0,OLY,15,"PRINTEZIS, GEORGIOS",30:09,14,5,8,1,4,1,1,2,1,3,2,1,0,0,0,3,3,14,-9.0
2019,56,1,P002008   ,0.0,0.0,OLY,19,"KUZMINSKAS, MINDAUGAS",DNP,0,0,0,0,0,0,0,0,0,0,0,0,0,0,0,0,0,0,0.0
2019,56,1,P006477   ,0.0,0.0,OLY,21,"RUBIT, AUGUSTINE",10:13,2,1,2,0,0,0,0,0,0,0,1,0,0,0,0,2,0,0,-11.0
2019,56,1,P009946   ,0.0,0.0,OLY,33,"REED, WILLIE",08:11,3,1,3,0,0,1,3,2,0,2,0,0,0,0,0,0,2,3,-5.0
2019,56,1,Team,0.0,0.0,OLY,,Team,,0,0,0,0,0,0,0,2,1,3,0,0,1,0,0,0,0,2,
2019,56,1,Total,,,OLY,,Total,200:00,67,16,32,8,28,11,14,12,20,32,14,5,17,2,2,16,15,61,
2019,56,0,P007200   ,0.0,1.0,IST,0,"LARKIN, SHANE",30:15,24,4,5,3,3,7,9,0,6,6,3,0,4,0,0,1,6,31,22.0
2019,56,0,P006590   ,1.0,1.0,IST,1,"BEAUBOIS, RODRIGUE",26:48,10,3,4,1,4,1,2,0,2,2,2,2,1,0,1,1,2,10,19.0
2019,56,0,P006614   ,0.0,1.0,IST,2,"SINGLETON, CHRIS",28:50,7,0,2,2,3,1,2,0,2,2,2,2,0,0,0,4,2,7,22.0
2019,56,0,P003521   ,0.0,0.0,IST,4,"BALBAY, DOGUS",00:21,0,0,0,0,0,0,0,0,0,0,0,0,0,0,0,0,0,0,-3.0
2019,56,0,P005686   ,0.0,0.0,IST,8,"GECIM, TOLGA",DNP,0,0,0,0,0,0,0,0,0,0,0,0,0,0,0,0,0,0,0.0
2019,56,0,P002968   ,0.0,0.0,IST,15,"SANLI, SERTAC",DNP,0,0,0,0,0,0,0,0,0,0,0,0,0,0,0,0,0,0,0.0
2019,56,0,PLHK      ,1.0,0.0,IST,21,"PLEISS, TIBOR",11:03,0,0,1,0,0,0,0,0,0,0,0,2,0,0,0,0,1,2,-3.0
2019,56,0,P002580   ,1.0,1.0,IST,22,"MICIC, VASILIJE",34:43,27,6,9,5,6,0,0,1,1,2,5,2,3,0,0,3,1,27,16.0
2019,56,0,P005938   ,0.0,0.0,IST,23,"ANDERSON, JAMES",08:12,3,1,1,0,1,1,1,0,1,1,0,0,0,0,0,0,1,4,2.0
2019,56,0,P008829   ,1.0,0.0,IST,25,"PETERS, ALEC",11:10,3,0,1,1,2,0,0,0,2,2,0,0,1,0,0,3,1,0,-3.0
2019,56,0,P003048   ,0.0,1.0,IST,42,"DUNSTON, BRYANT",28:57,10,5,7,0,0,0,1,2,6,8,1,2,2,2,0,3,2,17,22.0
2019,56,0,PCPR      ,1.0,0.0,IST,44,"SIMON, KRUNOSLAV",19:41,2,1,3,0,3,0,0,0,3,3,1,0,0,0,1,0,0,0,1.0
2019,56,0,Team,0.0,0.0,IST,,Team,,0,0,0,0,0,0,0,2,1,3,0,0,1,0,0,0,0,2,
2019,56,0,Total,,,IST,,Total,200:00,86,20,33,12,22,10,15,5,24,29,14,10,12,2,2,15,16,100,
2019,57,1,P009846   ,0.0,1.0,TEL,0,"BRYANT, ELIJAH",20:00,7,2,6,1,1,0,0,0,5,5,2,0,1,0,1,1,0,7,21.0
2019,57,1,P006661   ,1.0,0.0,TEL,1,"WILBEKIN, SCOTTIE",18:42,16,2,4,4,7,0,0,0,0,0,3,1,1,0,0,2,2,14,13.0
2019,57,1,P009847   ,0.0,0.0,TEL,2,"ACY, QUINCY",13:30,0,0,0,0,1,0,0,1,4,5,1,0,2,0,0,5,0,-2,12.0
2019,57,1,P005160   ,0.0,0.0,TEL,5,"HUNTER, OTHELLO",22:34,8,3,6,0,0,2,2,2,3,5,2,1,2,0,0,3,1,9,7.0
2019,57,1,PJFO      ,1.0,0.0,TEL,7,"CASSPI, OMRI",11:15,10,4,5,0,1,2,4,1,2,3,3,1,1,0,0,3,3,12,16.0
2019,57,1,P007675   ,0.0,1.0,TEL,8,"AVDIJA, DENI",07:39,4,2,2,0,0,0,0,0,1,1,0,0,1,0,0,0,1,5,-8.0
2019,57,1,P009849   ,0.0,0.0,TEL,11,"DORSEY, TYLER",14:06,12,2,4,2,2,2,3,0,1,1,1,1,0,0,0,0,2,14,19.0
2019,57,1,P007990   ,0.0,0.0,TEL,12,"DIBARTOLOMEO, JOHN",18:36,19,3,4,3,4,4,4,0,2,2,2,3,1,0,0,3,4,24,13.0
2019,57,1,P006555   ,1.0,1.0,TEL,14,"WOLTERS, NATE",23:12,9,3,5,1,3,0,0,0,2,2,1,0,2,0,1,2,2,5,5.0
2019,57,1,P005145   ,0.0,1.0,TEL,15,"COHEN, JAKE",17:08,4,0,1,0,2,4,4,2,1,3,2,0,1,0,0,1,2,6,0.0
2019,57,1,P008991   ,1.0,0.0,TEL,28,"BLACK, TARIK",15:31,13,4,4,0,0,5,6,1,2,3,2,4,2,0,0,3,4,20,18.0
2019,57,1,P006625   ,1.0,1.0,TEL,50,"ZOOSMAN, YOVEL",17:47,2,0,0,0,1,2,2,0,3,3,2,1,1,0,0,1,1,6,14.0
2019,57,1,Team,0.0,0.0,TEL,,Team,,0,0,0,0,0,0,0,1,2,3,0,0,0,0,0,0,0,3,
2019,57,1,Total,,,TEL,,Total,200:00,104,25,41,11,22,21,25,8,28,36,21,12,15,0,2,24,22,123,
2019,57,0,P009600   ,0.0,1.0,BER,1,"MASON, MAKAI",06:05,0,0,1,0,0,0,0,0,1,1,0,0,1,0,0,1,1,-1,8.0
2019,57,0,P007125   ,1.0,1.0,BER,3,"SIVA, PEYTON",27:09,14,6,8,0,4,2,4,1,0,1,8,2,1,0,0,3,5,18,-11.0
2019,57,0,P001557   ,0.0,0.0,BER,5,"GIFFEY, NIELS",15:36,9,2,3,1,1,2,2,0,3,3,0,1,1,0,0,3,1,9,-7.0
2019,57,0,P007025   ,0.0,0.0,BER,9,"MATTISSECK, JONAS",13:04,5,1,1,1,3,0,0,0,2,2,0,0,1,0,0,1,1,4,-12.0
2019,57,0,P006251   ,0.0,1.0,BER,10,"SCHNEIDER, TIM",16:43,7,2,2,1,6,0,0,1,1,2,0,0,1,0,0,1,1,3,-2.0
2019,57,0,P008780   ,1.0,1.0,BER,15,"HERMANNSSON, MARTIN",27:44,4,2,4,0,4,0,0,0,1,1,4,1,5,0,0,1,0,-2,-20.0
2019,57,0,P003242   ,0.0,0.0,BER,25,"OGBE, KENNETH",10:55,3,0,1,1,1,0,0,1,2,3,1,0,2,0,0,0,0,4,-22.0
2019,57,0,P006436   ,1.0,0.0,BER,31,"GIEDRAITIS, ROKAS",19:27,12,3,5,2,3,0,0,1,3,4,0,2,2,0,0,2,1,12,-14.0
2019,57,0,P003958   ,0.0,0.0,BER,32,"THIEMANN, JOHANNES",18:15,4,1,6,0,0,2,2,0,0,0,0,1,1,0,0,2,4,1,-18.0
2019,57,0,P009601   ,0.0,1.0,BER,34,"CAVANAUGH, TYLER",14:43,14,3,4,2,3,2,2,0,4,4,0,0,0,1,0,3,3,17,-1.0
2019,57,0,P009051   ,1.0,0.0,BER,35,"NNOKO, LANDRY",12:13,2,0,2,0,0,2,4,0,0,0,1,1,3,1,0,3,2,-3,-13.0
2019,57,0,P006589   ,1.0,0.0,BER,43,"SIKMA, LUKE",18:06,4,1,3,0,0,2,4,4,2,6,3,0,2,0,0,2,5,10,-18.0
2019,57,0,Team,0.0,0.0,BER,,Team,,0,0,0,0,0,0,0,3,1,4,0,0,0,0,0,0,0,4,
2019,57,0,Total,,,BER,,Total,200:00,78,21,40,8,25,12,18,11,20,31,17,8,20,2,0,22,24,76,
2019,58,1,P005884   ,0.0,0.0,MIL,0,"DELLA VALLE, AMEDEO",23:04,15,1,1,2,4,7,7,0,1,1,1,2,0,0,0,3,5,19,18.0
2019,58,1,P009902   ,0.0,1.0,MIL,1,"MACK, SHELVIN",19:44,10,2,7,2,2,0,0,0,0,0,3,1,3,0,1,2,0,3,-2.0
2019,58,1,P000529   ,1.0,1.0,MIL,5,"MICOV, VLADIMIR",29:48,12,2,3,2,4,2,2,0,2,2,1,0,4,0,0,3,6,11,-3.0
2019,58,1,P009903   ,0.0,0.0,MIL,6,"BILIGHA, PAUL",01:16,0,0,0,0,0,0,0,0,0,0,0,0,0,0,0,0,0,0,-5.0
2019,58,1,P003120   ,0.0,0.0,MIL,7,"GUDAITIS, ARTURAS",12:30,2,1,2,0,0,0,0,1,3,4,0,1,0,1,0,2,1,6,-11.0
2019,58,1,P004974   ,1.0,0.0,MIL,10,"ROLL, MICHAEL",25:00,12,1,3,2,2,4,4,0,3,3,4,1,0,0,0,2,3,19,19.0
2019,58,1,PCVM      ,1.0,1.0,MIL,13,"RODRIGUEZ, SERGIO",23:05,13,2,5,2,5,3,3,0,0,0,2,1,3,0,0,1,2,8,2.0
2019,58,1,P008004   ,1.0,1.0,MIL,15,"TARCZEWSKI, KALEB",25:20,6,2,2,0,0,2,2,0,7,7,0,0,1,1,0,3,2,12,4.0
2019,58,1,P000848   ,0.0,0.0,MIL,16,"NEDOVIC, NEMANJA",13:54,2,1,3,0,3,0,0,0,1,1,2,1,0,0,0,0,0,1,-6.0
2019,58,1,PKIW      ,0.0,1.0,MIL,20,"CINCIARINI, ANDREA",00:52,0,0,0,0,0,0,0,0,0,0,0,1,0,0,0,0,0,1,-4.0
2019,58,1,P004117   ,0.0,0.0,MIL,32,"BROOKS, JEFF",11:24,3,1,1,0,0,1,2,0,3,3,1,1,0,0,0,3,1,5,12.0
2019,58,1,PAJG      ,1.0,0.0,MIL,40,"SCOLA, LUIS",14:03,6,3,3,0,2,0,0,1,2,3,0,0,2,0,0,2,1,4,11.0
2019,58,1,Team,0.0,0.0,MIL,,Team,,0,0,0,0,0,0,0,0,2,2,0,0,1,0,0,0,0,1,
2019,58,1,Total,,,MIL,,Total,200:00,81,16,30,10,22,19,20,2,24,26,14,9,14,2,1,21,21,90,
2019,58,0,P007947   ,1.0,1.0,BAS,3,"VILDOZA, LUCA",27:40,6,0,1,2,5,0,0,0,0,0,3,4,3,0,0,2,5,9,-20.0
2019,58,0,P008032   ,0.0,0.0,BAS,5,"GONZALEZ, MIGUEL",DNP,0,0,0,0,0,0,0,0,0,0,0,0,0,0,0,0,0,0,0.0
2019,58,0,P006754   ,0.0,1.0,BAS,7,"HENRY, PIERRIA",17:39,13,4,6,1,2,2,2,0,3,3,5,0,3,0,0,2,2,15,19.0
2019,58,0,P004165   ,1.0,1.0,BAS,11,"JANNING, MATT",23:39,5,1,3,1,5,0,0,1,0,1,0,2,4,0,1,1,1,-3,-12.0
2019,58,0,P003540   ,0.0,0.0,BAS,12,"DIOP, ILIMANE",02:43,0,0,0,0,0,0,0,0,2,2,0,0,0,0,0,2,0,0,-5.0
2019,58,0,P006568   ,0.0,1.0,BAS,19,"FALL, YOUSSOUPHA",25:30,13,6,7,0,0,1,5,0,2,2,1,2,1,0,0,2,4,14,7.0
2019,58,0,P009836   ,0.0,0.0,BAS,22,"STAUSKAS, NIK",19:41,15,3,3,3,5,0,0,0,0,0,2,0,1,0,0,2,0,12,-4.0
2019,58,0,P001133   ,1.0,1.0,BAS,23,"SHENGELIA, TORNIKE",26:13,12,3,6,1,2,3,5,3,6,9,2,1,5,1,0,3,7,18,-5.0
2019,58,0,P007994   ,0.0,0.0,BAS,29,"GARINO, PATRICIO",19:38,2,1,2,0,2,0,0,0,5,5,0,0,0,0,1,5,0,-2,5.0
2019,58,0,P007831   ,1.0,0.0,BAS,31,"SHIELDS, SHAVON",11:43,2,1,2,0,1,0,0,0,2,2,0,0,0,0,0,1,0,1,-9.0
2019,58,0,P002084   ,0.0,0.0,BAS,33,"POLONARA, ACHILLE",13:47,0,0,1,0,0,0,0,1,1,2,1,0,0,0,0,1,1,2,-2.0
2019,58,0,P007360   ,1.0,0.0,BAS,50,"ERIC, MICHAEL",11:47,6,3,5,0,0,0,1,0,1,1,0,0,0,0,0,0,1,5,-9.0
2019,58,0,Team,0.0,0.0,BAS,,Team,,0,0,0,0,0,0,0,2,1,3,0,0,2,0,0,0,0,1,
2019,58,0,Total,,,BAS,,Total,200:00,74,22,36,8,22,6,13,7,23,30,14,9,19,1,2,21,21,72,
2019,59,1,P000229   ,1.0,0.0,ASV,1,"JACKSON, EDWIN",18:47,8,1,3,1,3,3,4,1,1,2,0,0,3,0,0,5,3,0,-18.0
2019,59,1,P005247   ,1.0,1.0,ASV,2,"TAYLOR, JORDAN",31:16,14,1,5,2,5,6,8,1,1,2,7,1,2,1,1,1,6,18,5.0
2019,59,1,P009733   ,1.0,1.0,ASV,3,"JEKIRI, TONYE",30:57,8,4,6,0,0,0,0,3,11,14,0,0,1,0,0,3,1,17,2.0
2019,59,1,PKIR      ,1.0,1.0,ASV,5,"KAHUDI, CHARLES",25:58,3,0,1,1,3,0,0,2,5,7,0,0,1,0,0,1,0,5,-8.0
2019,59,1,P005553   ,0.0,0.0,ASV,9,"LOMAZS, RIHARDS",14:12,15,1,2,2,3,7,7,0,0,0,0,1,0,0,0,3,4,15,10.0
2019,59,1,P008851   ,0.0,0.0,ASV,11,"GALLIOU, CHARLES",00:31,0,0,0,0,0,0,0,0,0,0,0,0,0,0,0,0,0,0,3.0
2019,59,1,P006068   ,0.0,0.0,ASV,12,"NOUA, AMINE",17:58,2,1,2,0,3,0,2,0,1,1,1,1,1,0,1,3,2,-4,4.0
2019,59,1,P002536   ,1.0,1.0,ASV,17,"JEAN-CHARLES, LIVIO",20:24,8,1,3,2,6,0,0,0,0,0,0,0,3,0,0,2,1,-2,-6.0
2019,59,1,P004655   ,0.0,0.0,ASV,21,"BAKO, ISMAEL",08:39,0,0,2,0,0,0,0,0,2,2,0,0,0,0,0,1,0,-1,-1.0
2019,59,1,P003526   ,0.0,1.0,ASV,23,"LIGHTY, DAVID",22:10,8,2,6,1,2,1,1,0,2,2,0,0,0,0,0,0,5,10,18.0
2019,59,1,P008099   ,0.0,0.0,ASV,32,"STRAZEL, MATTHEW",09:08,1,0,1,0,0,1,2,1,1,2,1,0,2,0,0,2,1,-1,-4.0
2019,59,1,Team,0.0,0.0,ASV,,Team,,0,0,0,0,0,0,0,1,3,4,0,0,1,0,0,0,0,3,
2019,59,1,Total,,,ASV,,Total,200:00,67,11,31,9,25,18,24,9,27,36,9,3,14,1,2,21,23,60,
2019,59,0,P005985   ,1.0,1.0,CSK,5,"JAMES, MIKE",26:16,14,6,13,0,3,2,3,1,4,5,4,0,3,0,1,4,7,11,-1.0
2019,59,0,P008995   ,0.0,0.0,CSK,7,"UKHOV, IVAN",04:48,0,0,0,0,1,0,0,0,1,1,1,0,0,0,0,3,0,-2,0.0
2019,59,0,P004941   ,0.0,0.0,CSK,11,"ANTONOV, SEMEN",03:35,1,0,1,0,0,1,2,0,0,0,0,0,0,0,0,1,1,-1,-2.0
2019,59,0,P000046   ,1.0,1.0,CSK,13,"STRELNIEKS, JANIS",21:48,11,2,4,0,5,7,8,0,3,3,0,1,2,0,0,2,5,8,7.0
2019,59,0,P007201   ,0.0,1.0,CSK,17,"VOIGTMANN, JOHANNES",22:38,10,3,3,1,4,1,1,2,7,9,1,1,3,0,0,4,1,12,-8.0
2019,59,0,PLHI      ,1.0,0.0,CSK,20,"VORONTSEVICH, ANDREY",20:49,6,0,1,2,2,0,2,1,6,7,3,2,0,1,0,1,1,16,8.0
2019,59,0,P006135   ,0.0,0.0,CSK,28,"LOPATIN, ANDREI",DNP,0,0,0,0,0,0,0,0,0,0,0,0,0,0,0,0,0,0,0.0
2019,59,0,P009766   ,0.0,0.0,CSK,31,"KOUFOS, KOSTA",06:41,4,2,2,0,0,0,0,2,0,2,0,0,0,0,0,0,0,6,-10.0
2019,59,0,P008989   ,0.0,0.0,CSK,32,"HILLIARD, DARRUN",16:51,2,1,3,0,4,0,0,0,2,2,2,0,3,0,0,3,1,-5,-1.0
2019,59,0,PJLX      ,1.0,1.0,CSK,41,"KURBANOV, NIKITA",31:15,6,0,0,2,3,0,2,1,3,4,1,0,1,1,0,1,1,8,3.0
2019,59,0,P002812   ,1.0,1.0,CSK,42,"HINES, KYLE",29:10,10,5,6,0,0,0,2,1,1,2,1,0,0,0,0,2,2,10,5.0
2019,59,0,P009767   ,0.0,0.0,CSK,84,"BAKER, RON",16:09,2,1,1,0,1,0,0,0,0,0,0,1,2,0,0,2,2,0,-6.0
2019,59,0,Team,0.0,0.0,CSK,,Team,,0,0,0,0,0,0,0,0,1,1,0,0,1,0,0,0,0,0,
2019,59,0,Total,,,CSK,,Total,200:00,66,20,34,5,23,11,20,8,28,36,13,5,15,2,1,23,21,63,
2019,60,1,P005154   ,0.0,1.0,DYR,4,"IVERSON, COLTON",13:35,3,1,2,0,0,1,2,2,1,3,0,1,1,0,0,2,2,4,-11.0
2019,60,1,P003425   ,0.0,0.0,DYR,6,"ALBICY, ANDREW",16:32,6,0,0,2,4,0,0,0,1,1,1,1,3,0,0,1,5,8,-3.0
2019,60,1,PJAN      ,1.0,1.0,DYR,7,"PONKRASHOV, ANTON",10:16,8,2,2,1,4,1,2,0,1,1,1,1,1,0,0,0,1,7,-1.0
2019,60,1,P009917   ,1.0,1.0,DYR,9,"HOLLINS, AUSTIN",26:22,25,4,4,5,14,2,2,1,1,2,3,2,1,0,0,2,1,21,0.0
2019,60,1,P005856   ,1.0,0.0,DYR,10,"THOMAS, WILL",27:35,6,3,4,0,2,0,1,1,4,5,3,1,1,0,1,0,1,10,-9.0
2019,60,1,P005945   ,1.0,1.0,DYR,12,"RENFROE, ALEX",18:37,2,1,4,0,0,0,0,1,1,2,4,0,1,1,0,3,1,3,-2.0
2019,60,1,PLKY      ,0.0,0.0,DYR,13,"KHVOSTOV, DMITRY",11:56,2,1,1,0,0,0,0,0,0,0,1,0,1,0,0,1,0,1,-7.0
2019,60,1,P003370   ,0.0,0.0,DYR,14,"PUSHKOV, ANTON",DNP,0,0,0,0,0,0,0,0,0,0,0,0,0,0,0,0,0,0,0.0
2019,60,1,P007851   ,0.0,0.0,DYR,16,"TRUSHKIN, VLADISLAV",08:55,2,1,2,0,1,0,0,1,0,1,0,0,0,0,0,2,0,-1,-7.0
2019,60,1,P005199   ,0.0,1.0,DYR,21,"ABROMAITIS, TIM",13:39,4,2,3,0,2,0,0,0,2,2,2,1,1,0,0,0,2,7,-8.0
2019,60,1,P004172   ,0.0,0.0,DYR,25,"PONITKA, MATEUSZ",26:08,6,1,4,1,3,1,2,3,2,5,0,0,2,0,0,1,3,5,-19.0
2019,60,1,P005927   ,1.0,0.0,DYR,34,"AYON, GUSTAVO",26:25,9,4,8,0,0,1,2,2,3,5,4,1,3,0,1,2,4,12,-3.0
2019,60,1,Team,0.0,0.0,DYR,,Team,,0,0,0,0,0,0,0,3,1,4,0,0,2,0,0,0,0,2,
2019,60,1,Total,,,DYR,,Total,200:00,73,20,34,9,30,6,11,14,17,31,19,8,17,1,2,14,20,79,
2019,60,0,PKVZ      ,1.0,0.0,KHI,1,"SHVED, ALEXEY",23:13,19,2,3,3,9,6,6,0,0,0,5,0,2,0,0,2,4,17,9.0
2019,60,0,P004810   ,0.0,0.0,KHI,3,"KRAMER, CHRIS",22:39,0,0,2,0,1,0,0,1,3,4,4,0,1,1,1,2,1,3,4.0
2019,60,0,P007056   ,1.0,0.0,KHI,5,"BOOKER, DEVIN",27:24,20,7,11,2,3,0,0,2,5,7,3,2,2,1,0,2,0,24,6.0
2019,60,0,P005718   ,0.0,0.0,KHI,6,"TIMMA, JANIS",22:05,5,1,2,1,7,0,2,1,0,1,1,3,3,0,0,5,2,-5,11.0
2019,60,0,P004302   ,1.0,1.0,KHI,7,"KARASEV, SERGEY",11:02,7,2,3,1,1,0,0,0,0,0,0,0,1,0,0,0,0,5,-5.0
2019,60,0,P001792   ,0.0,1.0,KHI,8,"ZAYTSEV, VYACHESLAV",01:53,0,0,0,0,0,0,0,0,2,2,1,0,1,0,0,0,0,2,-1.0
2019,60,0,P009748   ,0.0,1.0,KHI,11,"JEREBKO, JONAS",08:43,9,3,3,1,1,0,0,1,2,3,1,0,0,0,0,2,0,11,2.0
2019,60,0,PBFX      ,0.0,0.0,KHI,12,"MONIA, SERGEY",04:05,0,0,0,0,0,0,0,0,0,0,0,0,0,0,0,0,0,0,4.0
2019,60,0,P008001   ,1.0,0.0,KHI,13,"GILL, ANTHONY",21:56,12,3,4,2,3,0,0,1,3,4,3,2,0,0,0,1,0,18,5.0
2019,60,0,P004863   ,1.0,1.0,KHI,24,"JOVIC, STEFAN",21:46,5,2,3,0,0,1,2,1,2,3,3,4,3,0,0,4,4,10,11.0
2019,60,0,P007432   ,0.0,1.0,KHI,40,"EVANS, JEREMY",21:57,4,2,3,0,1,0,0,4,4,8,2,0,0,0,0,1,2,13,15.0
2019,60,0,P000436   ,0.0,0.0,KHI,45,"BERTANS, DAIRIS",13:17,6,0,1,2,2,0,0,0,1,1,1,0,1,0,0,1,1,6,9.0
2019,60,0,Team,0.0,0.0,KHI,,Team,,0,0,0,0,0,0,0,0,0,0,0,0,0,0,0,0,0,0,
2019,60,0,Total,,,KHI,,Total,200:00,87,22,35,12,28,7,10,11,22,33,24,11,14,2,1,20,14,104,
2019,61,1,P002969   ,0.0,1.0,ULK,10,"MAHMUTOGLU, MELIH",21:46,14,1,1,4,5,0,0,0,0,0,1,0,0,0,0,3,0,11,8.0
2019,61,1,P004866   ,1.0,1.0,ULK,12,"KALINIC, NIKOLA",30:00,10,1,1,2,2,2,2,0,2,2,5,0,2,0,0,2,2,15,10.0
2019,61,1,P006961   ,0.0,0.0,ULK,13,"BIBEROVIC, TARIK",DNP,0,0,0,0,0,0,0,0,0,0,0,0,0,0,0,0,0,0,0.0
2019,61,1,P001926   ,1.0,1.0,ULK,16,"SLOUKAS, KOSTAS",25:10,13,4,7,1,3,2,2,0,1,1,3,1,3,0,0,3,2,9,0.0
2019,61,1,P002100   ,1.0,0.0,ULK,19,"DE COLO, NANDO",21:15,12,3,3,1,3,3,3,1,1,2,4,0,0,1,0,0,7,24,-2.0
2019,61,1,P009006   ,1.0,0.0,ULK,21,"WILLIAMS, DERRICK",24:44,19,3,3,2,6,7,8,1,2,3,2,1,1,0,0,1,5,23,-6.0
2019,61,1,P000925   ,1.0,1.0,ULK,24,"VESELY, JAN",25:03,8,4,7,0,0,0,0,1,3,4,3,2,1,1,0,3,1,12,0.0
2019,61,1,P000981   ,0.0,0.0,ULK,32,"CANDAN, BERKAY",DNP,0,0,0,0,0,0,0,0,0,0,0,0,0,0,0,0,0,0,0.0
2019,61,1,P001324   ,0.0,1.0,ULK,35,"MUHAMMED, ALI",17:23,3,0,0,1,4,0,0,0,2,2,1,0,0,0,0,2,3,4,11.0
2019,61,1,P006399   ,0.0,0.0,ULK,44,"DUVERIOGLU, AHMET",14:57,2,1,2,0,0,0,0,0,2,2,2,0,0,0,0,4,0,1,8.0
2019,61,1,PCCD      ,0.0,0.0,ULK,70,"DATOME, LUIGI",10:49,5,1,2,1,1,0,0,0,2,2,2,2,1,1,0,4,0,6,10.0
2019,61,1,P004194   ,0.0,0.0,ULK,77,"LAUVERGNE, JOFFREY",08:53,4,2,4,0,0,0,0,0,1,1,1,0,1,0,0,0,0,3,1.0
2019,61,1,Team,0.0,0.0,ULK,,Team,,0,0,0,0,0,0,0,0,1,1,0,0,0,0,0,0,0,1,
2019,61,1,Total,,,ULK,,Total,200:00,90,20,30,12,24,14,15,3,17,20,24,6,9,3,0,22,20,109,
2019,61,0,PBOG      ,0.0,0.0,MUN,7,"KING, ALEX",10:28,6,0,0,2,3,0,0,0,2,2,1,1,0,0,0,1,0,8,0.0
2019,61,0,P004178   ,1.0,0.0,MUN,8,"KOPONEN, PETTERI",23:32,11,1,3,3,6,0,0,1,0,1,3,0,1,0,0,3,4,10,-4.0
2019,61,0,P009835   ,1.0,1.0,MUN,10,"MONROE, GREG",29:02,19,9,14,0,0,1,2,4,3,7,3,1,0,0,0,2,4,26,-4.0
2019,61,0,P001288   ,1.0,1.0,MUN,11,"LUCIC, VLADIMIR",24:35,14,4,5,1,1,3,3,1,6,7,2,0,3,0,0,3,5,21,-7.0
2019,61,0,P007032   ,1.0,1.0,MUN,12,"LO, MAODO",28:35,11,2,3,2,5,1,2,0,2,2,6,0,4,0,0,3,1,8,-3.0
2019,61,0,P005056   ,0.0,1.0,MUN,16,"ZIPSER, PAUL",23:38,10,2,5,1,2,3,3,2,2,4,0,1,1,0,1,1,5,13,-9.0
2019,61,0,P002829   ,0.0,0.0,MUN,20,"NELSON, DEMARCUS",12:14,0,0,1,0,1,0,0,0,0,0,2,0,1,0,1,1,0,-3,-4.0
2019,61,0,P005670   ,0.0,1.0,MUN,21,"FLACCADORI, DIEGO",12:24,5,2,3,0,0,1,1,0,0,0,1,0,1,0,1,1,1,3,-9.0
2019,61,0,P003490   ,1.0,0.0,MUN,22,"BARTHEL, DANILO",23:47,3,1,3,0,2,1,2,1,3,4,2,1,0,0,0,2,1,4,0.0
2019,61,0,PLEM      ,0.0,0.0,MUN,43,"RADOSEVIC, LEON",10:57,3,1,2,0,0,1,2,1,0,1,0,0,1,0,0,3,1,-1,-4.0
2019,61,0,P008250   ,0.0,0.0,MUN,44,"GRANT, SASHA",00:48,0,0,0,0,0,0,0,0,0,0,0,0,0,0,0,0,0,0,4.0
2019,61,0,Team,0.0,0.0,MUN,,Team,,0,0,0,0,0,0,0,2,0,2,0,0,1,0,0,0,0,1,
2019,61,0,Total,,,MUN,,Total,200:00,82,22,39,9,20,11,15,12,18,30,20,4,13,0,3,20,22,90,
2019,62,1,P008855   ,0.0,1.0,ZAL,0,"WALKUP, THOMAS",28:00,14,3,4,2,3,2,2,1,2,3,5,2,2,0,0,4,2,18,1.0
2019,62,1,P009752   ,1.0,0.0,ZAL,2,"PEREZ, ALEX",06:48,5,0,0,1,2,2,2,0,1,1,1,0,0,0,0,2,1,5,-11.0
2019,62,1,P003210   ,0.0,0.0,ZAL,4,"LEKAVICIUS, LUKAS",16:26,6,3,3,0,2,0,0,0,1,1,3,1,3,0,0,1,2,7,-9.0
2019,62,1,P008962   ,1.0,1.0,ZAL,10,"HAYES, NIGEL",30:27,8,1,2,2,6,0,0,2,3,5,1,1,0,0,0,2,1,9,1.0
2019,62,1,PBWI      ,0.0,0.0,ZAL,13,"JANKUNAS, PAULIUS",05:14,2,1,2,0,0,0,0,0,0,0,0,0,0,0,0,1,0,0,-3.0
2019,62,1,PKPD      ,0.0,1.0,ZAL,21,"MILAKNIS, ARTURAS",23:00,11,1,1,2,4,3,3,0,2,2,0,0,0,0,0,2,2,11,-11.0
2019,62,1,P009753   ,0.0,0.0,ZAL,23,"GEBEN, MARTINAS",DNP,0,0,0,0,0,0,0,0,0,0,0,0,0,0,0,0,0,0,0.0
2019,62,1,P007519   ,0.0,0.0,ZAL,31,"JOKUBAITIS, ROKAS",DNP,0,0,0,0,0,0,0,0,0,0,0,0,0,0,0,0,0,0,0.0
2019,62,1,P008987   ,0.0,1.0,ZAL,32,"LEDAY, ZACH",29:50,16,6,11,1,4,1,2,0,2,2,2,0,0,0,0,1,3,13,-4.0
2019,62,1,P008820   ,1.0,0.0,ZAL,34,"LANDALE, JOCK",15:14,10,3,3,1,4,1,2,2,0,2,2,0,1,0,0,0,2,11,-11.0
2019,62,1,P002328   ,1.0,1.0,ZAL,40,"GRIGONIS, MARIUS",26:15,14,3,4,2,4,2,3,1,1,2,4,1,2,0,0,3,4,16,6.0
2019,62,1,P002329   ,1.0,0.0,ZAL,92,"ULANOVAS, EDGARAS",18:46,0,0,1,0,1,0,0,0,1,1,1,0,1,0,0,3,0,-4,6.0
2019,62,1,Team,0.0,0.0,ZAL,,Team,,0,0,0,0,0,0,0,2,0,2,0,0,1,0,0,0,0,1,
2019,62,1,Total,,,ZAL,,Total,200:00,86,21,31,11,30,11,14,8,13,21,19,5,10,0,0,19,17,87,
2019,62,0,P007870   ,1.0,1.0,BAR,0,"DAVIES, BRANDON",21:40,4,1,4,0,1,2,2,2,4,6,4,1,3,0,0,2,2,8,5.0
2019,62,0,P005099   ,1.0,1.0,BAR,8,"HANGA, ADAM",24:10,9,3,3,1,2,0,0,2,1,3,4,1,1,0,0,1,1,15,0.0
2019,62,0,P007109   ,1.0,0.0,BAR,10,"SMITS, ROLANDS",12:25,5,1,4,1,2,0,0,2,1,3,0,0,2,0,0,2,1,1,-2.0
2019,62,0,P004834   ,0.0,0.0,BAR,14,"PUSTOVYI, ARTEM",DNP,0,0,0,0,0,0,0,0,0,0,0,0,0,0,0,0,0,0,0.0
2019,62,0,P005917   ,0.0,0.0,BAR,18,"ORIOLA, PIERRE",13:20,9,3,3,1,2,0,0,1,0,1,0,0,0,0,0,2,0,7,9.0
2019,62,0,P003478   ,0.0,0.0,BAR,21,"ABRINES, ALEX",08:42,0,0,0,0,0,0,0,0,1,1,0,0,0,0,0,1,1,1,-1.0
2019,62,0,P006450   ,1.0,1.0,BAR,22,"HIGGINS, CORY",29:53,27,4,5,5,5,4,4,1,3,4,1,1,1,0,0,2,4,33,7.0
2019,62,0,P004331   ,0.0,1.0,BAR,23,"DELANEY, MALCOLM",21:44,7,3,4,0,4,1,2,0,3,3,7,1,0,0,0,3,2,11,3.0
2019,62,0,P005789   ,0.0,0.0,BAR,24,"KURIC, KYLE",23:06,0,0,0,0,2,0,0,0,2,2,2,1,1,0,0,1,1,2,14.0
2019,62,0,P008985   ,0.0,0.0,BAR,31,"BOLMARO, LEANDRO",DNP,0,0,0,0,0,0,0,0,0,0,0,0,0,0,0,0,0,0,0.0
2019,62,0,P000796   ,1.0,1.0,BAR,33,"MIROTIC, NIKOLA",26:40,24,6,10,0,4,12,12,4,2,6,2,2,2,0,0,1,6,29,-2.0
2019,62,0,P002507   ,0.0,0.0,BAR,44,"TOMIC, ANTE",18:20,8,4,6,0,0,0,2,2,3,5,4,1,1,0,0,3,1,11,2.0
2019,62,0,Team,0.0,0.0,BAR,,Team,,0,0,0,0,0,0,0,2,2,4,0,0,1,0,0,0,0,3,
2019,62,0,Total,,,BAR,,Total,200:00,93,25,39,8,22,19,22,16,22,38,24,8,12,0,0,18,19,121,
2019,63,1,P005094   ,1.0,1.0,PAN,0,"THOMAS, DESHAUN",31:48,19,6,6,2,3,1,2,3,2,5,1,2,2,0,0,2,2,23,5.0
2019,63,1,P003367   ,0.0,1.0,PAN,5,"RICE, TYRESE",22:03,14,3,7,1,1,5,5,0,0,0,3,0,2,0,0,3,6,14,13.0
2019,63,1,P005844   ,0.0,0.0,PAN,6,"PAPAGIANNIS, GEORGIOS",12:34,4,2,3,0,0,0,0,0,2,2,0,1,2,0,0,1,0,3,1.0
2019,63,1,P005161   ,0.0,0.0,PAN,10,"PAPAPETROU, IOANNIS",17:12,8,2,5,1,2,1,1,0,0,0,2,0,0,1,1,2,1,5,1.0
2019,63,1,P000464   ,0.0,0.0,PAN,11,"PAPPAS, NIKOS",04:55,6,0,1,2,2,0,0,0,0,0,1,0,1,0,0,1,1,5,1.0
2019,63,1,PTFX      ,0.0,0.0,PAN,15,"VOUGIOUKAS, IAN",09:45,2,1,1,0,0,0,0,0,2,2,1,0,1,0,0,1,3,6,-5.0
2019,63,1,P009816   ,0.0,1.0,PAN,24,"JOHNSON, WESLEY",25:22,11,1,1,3,5,0,0,0,5,5,1,0,1,1,0,1,0,14,16.0
2019,63,1,P009842   ,1.0,1.0,PAN,32,"FREDETTE, JIMMER",17:48,12,2,3,1,3,5,5,0,1,1,1,2,2,0,1,0,2,12,5.0
2019,63,1,P001932   ,1.0,1.0,PAN,33,"CALATHES, NICK",29:49,13,6,12,0,3,1,3,2,10,12,9,0,2,0,0,3,2,20,1.0
2019,63,1,P009472   ,1.0,0.0,PAN,35,"WILEY, JACOB",17:03,2,1,3,0,0,0,0,1,1,2,0,1,0,1,0,2,2,4,11.0
2019,63,1,P007866   ,0.0,0.0,PAN,44,"MITOGLOU, KONSTANTINOS",06:02,0,0,2,0,0,0,0,0,1,1,0,0,1,0,1,1,0,-4,5.0
2019,63,1,P009818   ,1.0,0.0,PAN,50,"BENTIL, BENJAMIN",05:39,0,0,1,0,0,0,0,0,2,2,0,0,0,0,0,1,0,0,1.0
2019,63,1,Team,0.0,0.0,PAN,,Team,,0,0,0,0,0,0,0,0,3,3,0,0,0,0,0,0,0,3,
2019,63,1,Total,,,PAN,,Total,200:00,91,24,45,10,19,13,16,6,29,35,19,6,14,3,3,18,19,105,
2019,63,0,P006533   ,1.0,1.0,PAM,1,"COLOM, QUINO",17:59,10,2,2,2,7,0,0,1,1,2,0,2,2,0,0,1,2,8,-15.0
2019,63,0,P004761   ,0.0,1.0,PAM,2,"MARINKOVIC, VANJA",08:39,3,0,0,1,3,0,0,0,0,0,0,0,0,0,0,1,0,0,-7.0
2019,63,0,P009754   ,1.0,0.0,PAM,3,"LOYD, JORDAN",31:19,27,5,7,3,3,8,9,0,5,5,8,2,2,1,0,3,6,41,-4.0
2019,63,0,P006726   ,1.0,0.0,PAM,5,"NDOUR, MAURICE",24:15,0,0,3,0,1,0,0,0,2,2,2,0,4,1,1,2,1,-5,3.0
2019,63,0,P004884   ,1.0,1.0,PAM,7,"LABEYRIE, LOUIS",13:22,8,3,4,0,0,2,3,1,3,4,0,0,0,0,0,1,2,11,-10.0
2019,63,0,P008966   ,0.0,0.0,PAM,10,"TOBEY, MIKE",07:51,0,0,1,0,1,0,0,1,1,2,1,0,0,1,0,1,0,1,3.0
2019,63,0,P006599   ,0.0,0.0,PAM,12,"MOTUM, BROCK",10:11,3,1,4,0,0,1,2,0,0,0,0,0,1,0,1,1,2,-2,-7.0
2019,63,0,P002742   ,0.0,0.0,PAM,14,"DUBLJEVIC, BOJAN",23:43,11,4,7,1,2,0,0,1,4,5,1,0,2,0,0,1,0,10,-7.0
2019,63,0,P002361   ,0.0,0.0,PAM,16,"VIVES, GUILLEM",21:44,7,2,4,1,3,0,0,0,1,1,5,1,1,0,1,5,3,6,4.0
2019,63,0,P000518   ,0.0,1.0,PAM,19,"SAN EMETERIO, FERNANDO",22:25,5,1,3,1,3,0,0,0,2,2,3,0,0,0,0,1,2,7,-4.0
2019,63,0,P002936   ,0.0,0.0,PAM,30,"SASTRE, JOAN",00:19,0,0,0,0,0,0,0,0,0,0,0,0,0,0,0,0,0,0,0.0
2019,63,0,P002763   ,1.0,1.0,PAM,42,"DOORNEKAMP, AARON",18:13,6,0,0,2,5,0,0,0,4,4,0,0,1,0,0,2,0,4,-11.0
2019,63,0,Team,0.0,0.0,PAM,,Team,,0,0,0,0,0,0,0,0,2,2,0,0,0,0,0,0,0,2,
2019,63,0,Total,,,PAM,,Total,200:00,80,18,35,11,28,11,14,4,25,29,20,5,13,3,3,19,18,83,
2019,64,1,PKVZ      ,1.0,1.0,KHI,1,"SHVED, ALEXEY",35:54,24,4,6,5,14,1,1,1,4,5,7,1,4,1,0,2,2,23,3.0
2019,64,1,P004810   ,0.0,1.0,KHI,3,"KRAMER, CHRIS",17:01,9,2,2,1,2,2,2,0,1,1,1,0,1,0,0,3,2,8,-2.0
2019,64,1,P007056   ,1.0,0.0,KHI,5,"BOOKER, DEVIN",27:11,11,2,4,1,1,4,4,1,5,6,3,0,2,1,0,2,3,18,21.0
2019,64,1,P004302   ,0.0,0.0,KHI,7,"KARASEV, SERGEY",05:43,0,0,0,0,1,0,0,0,2,2,0,0,0,0,0,0,0,1,-5.0
2019,64,1,P001792   ,0.0,0.0,KHI,8,"ZAYTSEV, VYACHESLAV",DNP,0,0,0,0,0,0,0,0,0,0,0,0,0,0,0,0,0,0,0.0
2019,64,1,P009748   ,0.0,1.0,KHI,11,"JEREBKO, JONAS",24:12,19,7,8,1,2,2,2,0,3,3,1,1,0,1,0,2,1,22,0.0
2019,64,1,PBFX      ,1.0,0.0,KHI,12,"MONIA, SERGEY",11:27,0,0,0,0,0,0,0,1,0,1,1,0,0,1,0,1,0,2,-1.0
2019,64,1,P008001   ,1.0,1.0,KHI,13,"GILL, ANTHONY",21:41,9,3,4,1,2,0,0,1,3,4,0,0,3,0,0,1,0,7,3.0
2019,64,1,P004863   ,1.0,1.0,KHI,24,"JOVIC, STEFAN",25:54,10,2,4,2,4,0,0,0,3,3,1,3,0,1,0,3,1,12,12.0
2019,64,1,P001954   ,0.0,0.0,KHI,31,"VALIEV, EVGENY",DNP,0,0,0,0,0,0,0,0,0,0,0,0,0,0,0,0,0,0,0.0
2019,64,1,P007432   ,0.0,0.0,KHI,40,"EVANS, JEREMY",20:25,2,1,6,0,0,0,2,0,4,4,2,0,1,0,1,2,1,-2,1.0
2019,64,1,P000436   ,0.0,0.0,KHI,45,"BERTANS, DAIRIS",10:32,3,0,0,1,1,0,0,0,0,0,1,0,0,0,0,1,1,4,8.0
2019,64,1,Team,0.0,0.0,KHI,,Team,,0,0,0,0,0,0,0,1,2,3,0,0,1,0,0,0,0,2,
2019,64,1,Total,,,KHI,,Total,200:00,87,21,34,12,27,9,11,5,27,32,17,5,12,5,1,17,11,97,
2019,64,0,P009902   ,0.0,0.0,MIL,1,"MACK, SHELVIN",14:38,0,0,2,0,0,0,0,1,1,2,2,0,0,0,0,1,0,1,-8.0
2019,64,0,P000529   ,1.0,1.0,MIL,5,"MICOV, VLADIMIR",28:13,11,2,5,2,4,1,2,1,2,3,3,0,0,0,0,3,2,10,-10.0
2019,64,0,P009903   ,0.0,0.0,MIL,6,"BILIGHA, PAUL",DNP,0,0,0,0,0,0,0,0,0,0,0,0,0,0,0,0,0,0,0.0
2019,64,0,P000726   ,0.0,0.0,MIL,9,"MORASCHINI, RICCARDO",DNP,0,0,0,0,0,0,0,0,0,0,0,0,0,0,0,0,0,0,0.0
2019,64,0,P004974   ,0.0,1.0,MIL,10,"ROLL, MICHAEL",23:10,14,0,2,4,6,2,2,0,2,2,2,0,1,0,1,0,1,13,7.0
2019,64,0,PCVM      ,1.0,1.0,MIL,13,"RODRIGUEZ, SERGIO",24:58,13,2,2,2,6,3,4,0,3,3,5,4,4,0,0,1,6,21,-3.0
2019,64,0,P008004   ,0.0,1.0,MIL,15,"TARCZEWSKI, KALEB",20:39,6,2,3,0,0,2,4,0,3,3,0,0,1,1,1,2,2,5,-2.0
2019,64,0,P000848   ,0.0,1.0,MIL,16,"NEDOVIC, NEMANJA",25:28,13,1,5,3,8,2,2,0,3,3,7,1,1,0,1,1,3,15,-5.0
2019,64,0,PKIW      ,0.0,0.0,MIL,20,"CINCIARINI, ANDREA",DNP,0,0,0,0,0,0,0,0,0,0,0,0,0,0,0,0,0,0,0.0
2019,64,0,P006505   ,1.0,0.0,MIL,30,"WHITE, AARON",11:20,2,1,2,0,1,0,0,0,0,0,0,0,0,0,1,1,0,-2,-2.0
2019,64,0,P004117   ,1.0,0.0,MIL,32,"BROOKS, JEFF",28:37,4,2,4,0,0,0,0,2,4,6,0,1,2,0,0,2,1,6,-13.0
2019,64,0,PAJG      ,1.0,0.0,MIL,40,"SCOLA, LUIS",22:57,16,6,12,1,2,1,2,3,5,8,0,1,0,0,1,0,2,18,-4.0
2019,64,0,Team,0.0,0.0,MIL,,Team,,0,0,0,0,0,0,0,0,0,0,0,0,1,0,0,0,0,-1,
2019,64,0,Total,,,MIL,,Total,200:00,79,16,37,12,27,11,16,7,23,30,19,7,10,1,5,11,17,86,
2019,65,1,P007200   ,0.0,1.0,IST,0,"LARKIN, SHANE",29:14,22,5,6,3,7,3,3,2,2,4,5,1,2,0,0,2,2,25,10.0
2019,65,1,P006590   ,1.0,0.0,IST,1,"BEAUBOIS, RODRIGUE",16:52,4,1,2,0,2,2,2,0,0,0,1,0,1,0,1,2,3,1,-11.0
2019,65,1,P006614   ,1.0,1.0,IST,2,"SINGLETON, CHRIS",25:12,6,1,3,1,2,1,1,1,5,6,1,0,1,0,1,4,4,8,-1.0
2019,65,1,P006693   ,0.0,0.0,IST,3,"SAYBIR, YIGITCAN",DNP,0,0,0,0,0,0,0,0,0,0,0,0,0,0,0,0,0,0,0.0
2019,65,1,P003521   ,1.0,1.0,IST,4,"BALBAY, DOGUS",12:36,0,0,1,0,0,0,0,0,0,0,3,0,1,0,0,1,0,0,-9.0
2019,65,1,P005686   ,0.0,0.0,IST,8,"GECIM, TOLGA",04:52,0,0,0,0,2,0,0,0,0,0,2,0,0,0,0,0,0,0,-8.0
2019,65,1,P002968   ,0.0,0.0,IST,15,"SANLI, SERTAC",16:55,13,4,5,0,0,5,7,0,2,2,0,1,2,1,0,2,4,14,0.0
2019,65,1,P002925   ,0.0,0.0,IST,19,"TUNCER, BUGRAHAN",DNP,0,0,0,0,0,0,0,0,0,0,0,0,0,0,0,0,0,0,0.0
2019,65,1,PLHK      ,1.0,0.0,IST,21,"PLEISS, TIBOR",21:48,13,5,7,0,1,3,3,0,3,3,0,0,1,2,0,1,3,16,9.0
2019,65,1,P002580   ,1.0,1.0,IST,22,"MICIC, VASILIJE",31:11,24,4,4,3,3,7,7,1,2,3,6,0,5,0,0,3,6,31,11.0
2019,65,1,P005938   ,0.0,1.0,IST,23,"ANDERSON, JAMES",24:38,4,1,1,0,1,2,2,1,7,8,1,0,1,1,0,1,3,14,15.0
2019,65,1,P008829   ,0.0,0.0,IST,25,"PETERS, ALEC",16:42,4,1,1,0,4,2,2,0,3,3,1,0,1,0,0,1,1,3,-6.0
2019,65,1,Team,0.0,0.0,IST,,Team,,0,0,0,0,0,0,0,2,0,2,0,0,2,0,0,0,0,0,
2019,65,1,Total,,,IST,,Total,200:00,90,22,30,7,22,25,27,7,24,31,20,2,17,4,2,17,26,112,
2019,65,0,P005154   ,1.0,0.0,DYR,4,"IVERSON, COLTON",09:28,2,1,1,0,0,0,0,1,1,2,0,0,0,0,0,0,0,4,-8.0
2019,65,0,P003425   ,1.0,0.0,DYR,6,"ALBICY, ANDREW",16:01,0,0,1,0,2,0,0,1,1,2,1,0,0,0,0,3,2,-1,-9.0
2019,65,0,PJAN      ,0.0,1.0,DYR,7,"PONKRASHOV, ANTON",14:23,5,1,2,1,4,0,0,0,1,1,2,1,0,0,0,4,0,1,20.0
2019,65,0,P009917   ,0.0,0.0,DYR,9,"HOLLINS, AUSTIN",29:50,26,0,2,7,11,5,5,0,0,0,0,3,1,0,1,5,3,19,1.0
2019,65,0,P005856   ,1.0,0.0,DYR,10,"THOMAS, WILL",21:45,2,1,4,0,2,0,0,0,1,1,2,0,0,1,1,0,3,3,-18.0
2019,65,0,P005945   ,0.0,1.0,DYR,12,"RENFROE, ALEX",21:06,5,1,2,1,3,0,0,0,1,1,10,1,0,0,1,1,0,12,12.0
2019,65,0,PLKY      ,0.0,0.0,DYR,13,"KHVOSTOV, DMITRY",06:26,5,1,2,1,2,0,0,0,0,0,1,0,0,0,0,0,0,4,-4.0
2019,65,0,P003370   ,0.0,0.0,DYR,14,"PUSHKOV, ANTON",10:17,12,6,8,0,0,0,0,1,3,4,0,0,2,0,0,4,1,9,11.0
2019,65,0,P007851   ,1.0,0.0,DYR,16,"TRUSHKIN, VLADISLAV",07:43,0,0,2,0,3,0,0,1,2,3,1,0,0,0,0,2,0,-3,-1.0
2019,65,0,P005199   ,0.0,1.0,DYR,21,"ABROMAITIS, TIM",14:15,4,1,2,0,0,2,2,1,2,3,2,0,0,0,0,2,2,8,-2.0
2019,65,0,P004172   ,1.0,1.0,DYR,25,"PONITKA, MATEUSZ",22:18,6,3,6,0,0,0,0,4,2,6,3,2,1,0,0,3,3,13,-21.0
2019,65,0,P005927   ,0.0,1.0,DYR,34,"AYON, GUSTAVO",26:28,21,8,11,0,0,5,6,2,1,3,4,1,4,1,1,2,3,22,9.0
2019,65,0,Team,0.0,0.0,DYR,,Team,,0,0,0,0,0,0,0,1,1,2,0,0,0,0,0,0,0,2,
2019,65,0,Total,,,DYR,,Total,200:00,88,23,43,10,27,12,13,12,16,28,26,8,8,2,4,26,17,93,
2019,66,1,P005094   ,1.0,0.0,PAN,0,"THOMAS, DESHAUN",45:11,16,5,11,1,8,3,4,5,4,9,4,1,2,0,0,5,4,13,8.0
2019,66,1,P003367   ,0.0,1.0,PAN,5,"RICE, TYRESE",10:15,0,0,1,0,3,0,0,1,0,1,1,0,1,0,1,1,2,-3,-16.0
2019,66,1,P005844   ,0.0,0.0,PAN,6,"PAPAGIANNIS, GEORGIOS",09:02,2,1,1,0,1,0,0,0,2,2,0,1,0,0,0,1,0,3,-11.0
2019,66,1,P005161   ,0.0,1.0,PAN,10,"PAPAPETROU, IOANNIS",48:53,39,9,10,6,12,3,4,2,3,5,3,2,0,1,0,3,2,41,-1.0
2019,66,1,P000464   ,1.0,1.0,PAN,11,"PAPPAS, NIKOS",37:30,14,4,9,2,4,0,0,1,3,4,4,1,2,0,0,4,1,11,9.0
2019,66,1,PTFX      ,0.0,0.0,PAN,15,"VOUGIOUKAS, IAN",DNP,0,0,0,0,0,0,0,0,0,0,0,0,0,0,0,0,0,0,0.0
2019,66,1,P009816   ,0.0,0.0,PAN,24,"JOHNSON, WESLEY",14:15,2,1,2,0,2,0,0,1,1,2,1,1,0,1,0,2,1,3,-5.0
2019,66,1,P009817   ,0.0,0.0,PAN,25,"BROWN, RION",01:34,0,0,0,0,0,0,0,0,0,0,0,0,0,0,0,1,0,-1,-4.0
2019,66,1,P001932   ,1.0,1.0,PAN,33,"CALATHES, NICK",42:35,10,3,9,0,0,4,8,0,4,4,10,0,9,0,0,1,5,9,5.0
2019,66,1,P009472   ,1.0,1.0,PAN,35,"WILEY, JACOB",39:38,22,7,11,0,0,8,8,3,1,4,1,2,0,1,0,0,6,32,10.0
2019,66,1,P007866   ,1.0,0.0,PAN,44,"MITOGLOU, KONSTANTINOS",01:07,0,0,0,0,0,0,0,0,1,1,0,0,0,0,0,1,0,0,0.0
2019,66,1,P009818   ,0.0,0.0,PAN,50,"BENTIL, BENJAMIN",DNP,0,0,0,0,0,0,0,0,0,0,0,0,0,0,0,0,0,0,0.0
2019,66,1,Team,0.0,0.0,PAN,,Team,,0,0,0,0,0,0,0,3,5,8,0,0,0,0,0,0,0,8,
2019,66,1,Total,,,PAN,,Total,250:00,105,30,54,9,30,18,24,16,24,40,24,8,14,3,1,19,21,116,
2019,66,0,P009600   ,0.0,1.0,BER,1,"MASON, MAKAI",13:07,9,2,4,1,3,2,2,0,1,1,2,0,1,0,0,2,1,6,-3.0
2019,66,0,P001557   ,0.0,1.0,BER,5,"GIFFEY, NIELS",31:43,14,2,5,2,2,4,6,1,2,3,1,3,2,1,1,4,4,14,5.0
2019,66,0,P008211   ,0.0,0.0,BER,6,"DELOW, MALTE",04:19,0,0,1,0,0,0,0,0,0,0,0,0,0,0,0,1,0,-2,4.0
2019,66,0,P007025   ,1.0,0.0,BER,9,"MATTISSECK, JONAS",24:07,0,0,0,0,0,0,0,0,3,3,2,3,2,0,0,1,2,7,5.0
2019,66,0,P006251   ,0.0,0.0,BER,10,"SCHNEIDER, TIM",15:17,6,0,1,2,3,0,0,1,2,3,0,1,1,0,0,2,0,5,0.0
2019,66,0,P007566   ,0.0,0.0,BER,11,"BRENNEKE, LORENZ",DNP,0,0,0,0,0,0,0,0,0,0,0,0,0,0,0,0,0,0,0.0
2019,66,0,P008780   ,1.0,1.0,BER,15,"HERMANNSSON, MARTIN",40:06,20,7,10,2,8,0,0,1,2,3,10,0,6,0,0,1,0,17,3.0
2019,66,0,P003242   ,0.0,0.0,BER,25,"OGBE, KENNETH",DNP,0,0,0,0,0,0,0,0,0,0,0,0,0,0,0,0,0,0,0.0
2019,66,0,P006436   ,1.0,0.0,BER,31,"GIEDRAITIS, ROKAS",37:14,15,6,8,1,8,0,0,0,4,4,2,1,2,0,1,4,2,8,-15.0
2019,66,0,P003958   ,1.0,1.0,BER,32,"THIEMANN, JOHANNES",24:41,11,4,8,1,1,0,0,2,5,7,1,0,1,0,0,1,2,15,-8.0
2019,66,0,P009051   ,0.0,0.0,BER,35,"NNOKO, LANDRY",25:19,17,7,9,0,0,3,4,1,4,5,1,1,1,0,1,1,3,21,9.0
2019,66,0,P006589   ,1.0,1.0,BER,43,"SIKMA, LUKE",34:07,14,5,7,0,0,4,5,2,8,10,7,0,3,0,0,4,5,26,5.0
2019,66,0,Team,0.0,0.0,BER,,Team,,0,0,0,0,0,0,0,3,0,3,0,0,0,0,0,0,0,3,
2019,66,0,Total,,,BER,,Total,250:00,106,33,53,9,25,13,17,11,31,42,26,9,19,1,3,21,19,120,
2019,67,1,P001392   ,0.0,0.0,MAD,1,"CAUSEUR, FABIEN",04:07,0,0,1,0,0,0,0,0,0,0,0,0,0,0,0,0,0,-1,-11.0
2019,67,1,P005757   ,1.0,1.0,MAD,3,"RANDOLPH, ANTHONY",29:09,16,2,5,2,4,6,6,2,5,7,0,1,1,1,0,2,3,20,16.0
2019,67,1,PBMT      ,0.0,1.0,MAD,5,"FERNANDEZ, RUDY",21:07,6,0,0,2,5,0,0,1,2,3,2,2,0,0,0,0,2,12,-12.0
2019,67,1,P005928   ,1.0,1.0,MAD,7,"CAMPAZZO, FACUNDO",21:46,13,3,5,1,6,4,5,0,3,3,6,2,1,0,0,4,4,15,24.0
2019,67,1,P006435   ,0.0,0.0,MAD,8,"LAPROVITTOLA, NICOLAS",06:31,4,1,2,0,0,2,2,1,1,2,0,1,1,0,0,2,2,5,-10.0
2019,67,1,P009005   ,1.0,1.0,MAD,14,"DECK, GABRIEL",24:56,13,3,5,1,3,4,7,1,5,6,3,0,0,0,0,0,4,19,17.0
2019,67,1,P007630   ,0.0,0.0,MAD,16,"GARUBA, USMAN",12:49,6,2,2,0,0,2,2,1,1,2,0,1,0,0,0,2,1,8,-5.0
2019,67,1,P001960   ,0.0,0.0,MAD,20,"CARROLL, JAYCEE",DNP,0,0,0,0,0,0,0,0,0,0,0,0,0,0,0,0,0,0,0.0
2019,67,1,P005791   ,1.0,0.0,MAD,22,"TAVARES, WALTER",17:19,2,1,1,0,0,0,0,0,5,5,0,0,1,3,0,5,3,7,15.0
2019,67,1,PTGB      ,0.0,1.0,MAD,23,"LLULL, SERGIO",21:54,6,3,9,0,4,0,0,0,0,0,2,1,5,0,1,1,2,-6,-8.0
2019,67,1,P008847   ,0.0,0.0,MAD,25,"MICKEY, JORDAN",13:42,12,4,4,0,1,4,4,1,2,3,1,1,2,0,0,5,2,11,-3.0
2019,67,1,P006546   ,1.0,0.0,MAD,44,"TAYLOR, JEFFERY",26:40,8,1,1,2,4,0,0,1,2,3,3,1,1,0,0,3,0,9,27.0
2019,67,1,Team,0.0,0.0,MAD,,Team,,0,0,0,0,0,0,0,3,4,7,0,0,1,0,0,0,0,6,
2019,67,1,Total,,,MAD,,Total,200:00,86,20,35,8,27,22,26,11,30,41,17,10,13,4,1,24,23,105,
2019,67,0,P007870   ,1.0,0.0,BAR,0,"DAVIES, BRANDON",14:59,0,0,6,0,0,0,0,0,0,0,0,0,3,0,1,2,0,-12,-23.0
2019,67,0,PJUG      ,0.0,1.0,BAR,5,"RIBAS, PAU",15:45,4,2,2,0,2,0,1,0,2,2,1,0,0,0,0,0,0,4,14.0
2019,67,0,P005099   ,1.0,0.0,BAR,8,"HANGA, ADAM",14:36,5,1,1,1,2,0,1,0,1,1,1,0,2,0,0,2,1,2,-18.0
2019,67,0,P007109   ,1.0,0.0,BAR,10,"SMITS, ROLANDS",05:46,2,1,1,0,0,0,0,1,0,1,0,0,0,0,0,3,0,0,-13.0
2019,67,0,P004834   ,0.0,0.0,BAR,14,"PUSTOVYI, ARTEM",DNP,0,0,0,0,0,0,0,0,0,0,0,0,0,0,0,0,0,0,0.0
2019,67,0,P005917   ,0.0,1.0,BAR,18,"ORIOLA, PIERRE",15:52,5,1,1,1,1,0,2,1,3,4,1,0,2,0,0,2,1,5,15.0
2019,67,0,P006450   ,1.0,0.0,BAR,22,"HIGGINS, CORY",25:31,7,1,8,1,4,2,3,1,5,6,1,0,0,0,1,4,5,3,-22.0
2019,67,0,P004331   ,0.0,1.0,BAR,23,"DELANEY, MALCOLM",27:12,9,0,1,3,7,0,0,1,2,3,4,0,3,0,0,3,4,9,-5.0
2019,67,0,P005789   ,0.0,1.0,BAR,24,"KURIC, KYLE",31:10,12,1,3,3,5,1,1,0,4,4,3,4,2,0,0,3,2,16,14.0
2019,67,0,P008985   ,0.0,0.0,BAR,31,"BOLMARO, LEANDRO",DNP,0,0,0,0,0,0,0,0,0,0,0,0,0,0,0,0,0,0,0.0
2019,67,0,P000796   ,1.0,1.0,BAR,33,"MIROTIC, NIKOLA",29:43,19,5,7,2,5,3,4,3,2,5,0,1,2,0,2,4,3,14,-23.0
2019,67,0,P002507   ,0.0,0.0,BAR,44,"TOMIC, ANTE",19:26,13,4,7,0,0,5,5,1,0,1,0,0,0,1,0,1,5,16,11.0
2019,67,0,Team,0.0,0.0,BAR,,Team,,0,0,0,0,0,0,0,1,4,5,0,0,0,0,0,0,0,5,
2019,67,0,Total,,,BAR,,Total,200:00,76,16,37,11,26,11,17,9,23,32,11,5,14,1,4,24,21,62,
2019,68,1,P009035   ,0.0,0.0,CSK,3,"BOLOMBOY, JOEL",05:21,0,0,0,0,0,0,0,0,1,1,0,0,0,0,0,0,0,1,-2.0
2019,68,1,P005985   ,1.0,0.0,CSK,5,"JAMES, MIKE",30:23,31,2,4,6,8,9,9,0,2,2,4,1,2,0,0,1,7,38,16.0
2019,68,1,P008995   ,0.0,0.0,CSK,7,"UKHOV, IVAN",02:52,0,0,0,0,0,0,0,0,1,1,0,0,0,0,0,0,0,1,-1.0
2019,68,1,P004941   ,0.0,0.0,CSK,11,"ANTONOV, SEMEN",01:26,0,0,0,0,0,0,0,0,0,0,0,0,0,0,0,0,0,0,5.0
2019,68,1,P000046   ,0.0,1.0,CSK,13,"STRELNIEKS, JANIS",23:52,23,4,6,4,5,3,3,1,2,3,3,3,1,0,0,2,3,29,19.0
2019,68,1,P007201   ,0.0,0.0,CSK,17,"VOIGTMANN, JOHANNES",08:52,0,0,2,0,1,0,0,1,2,3,2,0,0,0,0,3,0,-1,9.0
2019,68,1,PLHI      ,1.0,1.0,CSK,20,"VORONTSEVICH, ANDREY",25:36,0,0,3,0,3,0,0,3,7,10,0,1,0,1,0,0,1,7,11.0
2019,68,1,P001844   ,0.0,1.0,CSK,23,"HACKETT, DANIEL",17:55,6,3,4,0,2,0,0,0,1,1,4,0,0,0,0,3,3,8,-1.0
2019,68,1,P009766   ,0.0,1.0,CSK,31,"KOUFOS, KOSTA",19:17,6,3,3,0,0,0,0,1,1,2,1,0,2,2,0,1,0,8,9.0
2019,68,1,P008989   ,1.0,0.0,CSK,32,"HILLIARD, DARRUN",21:30,9,0,3,2,5,3,4,0,3,3,1,0,0,0,0,2,3,7,10.0
2019,68,1,PJLX      ,1.0,1.0,CSK,41,"KURBANOV, NIKITA",22:57,5,1,1,1,4,0,0,2,2,4,0,0,2,0,1,3,0,0,8.0
2019,68,1,P002812   ,1.0,0.0,CSK,42,"HINES, KYLE",19:59,8,4,10,0,0,0,0,3,4,7,1,0,0,3,1,1,1,12,7.0
2019,68,1,Team,0.0,0.0,CSK,,Team,,0,0,0,0,0,0,0,2,0,2,0,0,2,0,0,0,0,0,
2019,68,1,Total,,,CSK,,Total,200:00,88,17,36,13,28,15,16,13,26,39,16,5,9,6,2,16,18,110,
2019,68,0,P002543   ,0.0,0.0,ULK,9,"WESTERMANN, LEO",04:28,2,1,2,0,0,0,0,0,1,1,1,0,1,0,0,1,0,1,-3.0
2019,68,0,P002969   ,1.0,0.0,ULK,10,"MAHMUTOGLU, MELIH",03:29,0,0,1,0,1,0,0,0,0,0,0,0,0,0,0,3,0,-5,-6.0
2019,68,0,P004866   ,1.0,1.0,ULK,12,"KALINIC, NIKOLA",38:52,6,3,6,0,2,0,1,3,7,10,2,1,1,2,0,2,4,16,-17.0
2019,68,0,P006961   ,0.0,1.0,ULK,13,"BIBEROVIC, TARIK",15:55,6,3,5,0,3,0,0,1,2,3,1,0,0,0,0,2,0,3,-2.0
2019,68,0,P001926   ,1.0,1.0,ULK,16,"SLOUKAS, KOSTAS",31:08,20,1,3,4,7,6,7,2,1,3,6,0,1,0,2,3,5,22,-10.0
2019,68,0,P009006   ,1.0,1.0,ULK,21,"WILLIAMS, DERRICK",38:45,19,5,7,2,6,3,5,1,2,3,2,2,1,0,1,1,4,19,-16.0
2019,68,0,P000925   ,1.0,0.0,ULK,24,"VESELY, JAN",23:08,4,2,4,0,0,0,0,1,1,2,1,1,0,0,1,2,2,5,-8.0
2019,68,0,P001324   ,0.0,0.0,ULK,35,"MUHAMMED, ALI",16:30,3,0,0,1,7,0,0,0,2,2,2,0,0,0,0,2,0,-1,-8.0
2019,68,0,P006399   ,0.0,1.0,ULK,44,"DUVERIOGLU, AHMET",08:43,4,2,4,0,0,0,0,4,0,4,0,0,2,0,1,0,0,3,-10.0
2019,68,0,PCCD      ,0.0,0.0,ULK,70,"DATOME, LUIGI",15:58,6,2,4,0,2,2,2,0,0,0,0,0,0,0,1,1,1,1,-5.0
2019,68,0,P004194   ,0.0,0.0,ULK,77,"LAUVERGNE, JOFFREY",03:04,0,0,0,0,0,0,0,0,1,1,0,0,1,0,0,1,0,-1,-5.0
2019,68,0,PLBJ      ,0.0,0.0,ULK,91,"STIMAC, VLADIMIR",DNP,0,0,0,0,0,0,0,0,0,0,0,0,0,0,0,0,0,0,0.0
2019,68,0,Team,0.0,0.0,ULK,,Team,,0,0,0,0,0,0,0,0,2,2,0,0,1,0,0,0,0,1,
2019,68,0,Total,,,ULK,,Total,200:00,70,19,36,7,28,11,15,12,19,31,15,4,8,2,6,18,16,64,
2019,69,1,P003479   ,1.0,0.0,RED,0,"KUZMIC, OGNJEN",14:04,0,0,3,0,0,0,0,2,3,5,1,0,0,0,1,2,0,0,1.0
2019,69,1,P009622   ,1.0,1.0,RED,4,"BROWN, LORENZO",38:12,15,7,14,0,2,1,1,1,4,5,4,2,7,2,2,2,4,12,-8.0
2019,69,1,P007960   ,0.0,1.0,RED,7,"DAVIDOVAC, DEJAN",20:08,11,3,4,1,4,2,2,2,5,7,1,3,1,1,0,2,3,19,4.0
2019,69,1,P008807   ,0.0,0.0,RED,9,"NENADIC, NEMANJA",DNP,0,0,0,0,0,0,0,0,0,0,0,0,0,0,0,0,0,0,0.0
2019,69,1,PLUO      ,1.0,0.0,RED,10,"LAZIC, BRANKO",22:08,8,1,1,2,5,0,0,1,1,2,0,2,1,0,0,4,1,5,-6.0
2019,69,1,P008800   ,0.0,0.0,RED,11,"FAYE, MOUHAMMAD",19:13,2,0,0,0,4,2,2,1,0,1,2,0,1,0,0,3,2,-1,7.0
2019,69,1,P005775   ,1.0,1.0,RED,12,"BARON, BILLY",36:16,16,2,7,3,6,3,4,0,2,2,1,2,1,0,2,1,4,12,-5.0
2019,69,1,P004007   ,0.0,1.0,RED,13,"DOBRIC, OGNJEN",22:11,6,3,5,0,1,0,0,1,2,3,2,2,0,1,0,1,1,11,7.0
2019,69,1,P002980   ,0.0,1.0,RED,15,"GIST, JAMES",25:33,6,2,8,0,2,2,4,2,5,7,3,1,1,1,2,0,2,7,1.0
2019,69,1,P005014   ,0.0,0.0,RED,22,"JENKINS, CHARLES",04:38,0,0,1,0,1,0,0,0,0,0,0,0,0,0,0,2,0,-4,4.0
2019,69,1,P005618   ,1.0,0.0,RED,28,"SIMANIC, BORISA",13:27,2,1,2,0,0,0,0,1,1,2,0,0,0,1,0,3,1,2,-9.0
2019,69,1,P008801   ,0.0,0.0,RED,50,"OJO, MICHAEL",09:10,6,1,3,0,0,4,6,0,1,1,0,2,0,0,0,0,3,8,-6.0
2019,69,1,Team,0.0,0.0,RED,,Team,,0,0,0,0,0,0,0,2,0,2,0,0,1,0,0,0,0,1,
2019,69,1,Total,,,RED,,Total,225:00,72,20,48,6,25,14,19,13,24,37,14,14,13,6,7,20,21,72,
2019,69,0,P000229   ,0.0,0.0,ASV,1,"JACKSON, EDWIN",27:33,11,3,9,1,6,2,2,0,3,3,0,0,2,2,1,2,5,5,4.0
2019,69,0,P005247   ,1.0,1.0,ASV,2,"TAYLOR, JORDAN",25:48,5,1,5,1,6,0,0,0,1,1,5,1,3,1,0,2,1,0,7.0
2019,69,0,P009733   ,1.0,1.0,ASV,3,"JEKIRI, TONYE",31:38,18,8,10,0,0,2,5,6,13,19,0,1,5,0,1,1,3,29,2.0
2019,69,0,PKIR      ,0.0,1.0,ASV,5,"KAHUDI, CHARLES",23:48,3,0,2,1,2,0,0,1,4,5,1,0,0,0,2,2,0,2,6.0
2019,69,0,P007027   ,0.0,0.0,ASV,6,"MALEDON, THEO",16:14,5,1,2,1,2,0,0,0,2,2,4,0,4,0,0,4,0,1,-6.0
2019,69,0,P005553   ,0.0,0.0,ASV,9,"LOMAZS, RIHARDS",09:06,4,2,2,0,1,0,1,1,1,2,0,0,2,0,0,1,1,2,-10.0
2019,69,0,P008851   ,0.0,0.0,ASV,11,"GALLIOU, CHARLES",01:26,0,0,0,0,0,0,0,0,0,0,0,0,0,0,0,0,0,0,2.0
2019,69,0,P006068   ,1.0,0.0,ASV,12,"NOUA, AMINE",10:16,3,0,1,1,1,0,0,0,3,3,0,0,0,0,1,2,0,2,-8.0
2019,69,0,P002536   ,0.0,1.0,ASV,17,"JEAN-CHARLES, LIVIO",26:18,20,5,7,1,1,7,9,1,2,3,0,1,0,3,0,2,7,28,9.0
2019,69,0,P004655   ,0.0,0.0,ASV,21,"BAKO, ISMAEL",12:23,2,1,1,0,0,0,0,2,0,2,0,0,1,0,0,3,0,0,1.0
2019,69,0,P003526   ,1.0,1.0,ASV,23,"LIGHTY, DAVID",26:34,3,0,3,1,2,0,0,0,2,2,6,2,1,1,1,0,2,10,5.0
2019,69,0,P008099   ,1.0,0.0,ASV,32,"STRAZEL, MATTHEW",13:56,0,0,0,0,0,0,0,0,0,0,1,0,3,0,0,2,1,-3,-2.0
2019,69,0,Team,0.0,0.0,ASV,,Team,,0,0,0,0,0,0,0,2,2,4,0,0,1,0,0,0,0,3,
2019,69,0,Total,,,ASV,,Total,225:00,74,21,42,7,21,11,17,13,33,46,17,5,22,7,6,21,20,79,
2019,70,1,P009862   ,0.0,0.0,OLY,0,"PUNTER, KEVIN",11:59,0,0,1,0,3,0,0,0,1,1,0,0,0,0,0,2,0,-5,2.0
2019,70,1,P002972   ,0.0,0.0,OLY,1,"ROCHESTIE, TAYLOR",16:37,8,0,1,2,4,2,2,0,0,0,2,0,3,0,0,3,2,3,-4.0
2019,70,1,P009863   ,0.0,1.0,OLY,2,"BALDWIN IV, WADE",10:21,0,0,0,0,2,0,0,0,2,2,1,0,1,0,0,2,1,-1,5.0
2019,70,1,P004945   ,0.0,1.0,OLY,3,"PAUL, BRANDON",23:49,14,3,3,2,5,2,2,0,3,3,1,2,2,0,0,4,1,12,-2.0
2019,70,1,P005255   ,1.0,0.0,OLY,6,"KONIARIS, ANTONIOS",13:28,3,0,0,1,4,0,0,0,1,1,0,1,0,0,0,3,1,0,5.0
2019,70,1,PJUO      ,1.0,1.0,OLY,7,"SPANOULIS, VASSILIS",23:58,16,5,8,2,6,0,0,0,2,2,7,1,3,0,0,1,1,16,3.0
2019,70,1,P003941   ,1.0,0.0,OLY,11,"MILUTINOV, NIKOLA",22:10,14,4,5,0,0,6,9,2,6,8,2,0,0,2,0,2,7,27,15.0
2019,70,1,P003469   ,0.0,0.0,OLY,14,"VEZENKOV, SASHA",02:07,2,0,0,0,0,2,2,0,0,0,0,0,0,0,0,0,1,3,1.0
2019,70,1,PAMM      ,1.0,1.0,OLY,15,"PRINTEZIS, GEORGIOS",30:08,10,2,4,1,1,3,3,0,3,3,0,0,1,0,0,3,5,12,3.0
2019,70,1,P001255   ,1.0,1.0,OLY,16,"PAPANIKOLAOU, KOSTAS",20:50,2,1,1,0,1,0,0,0,4,4,3,0,0,1,0,3,2,8,16.0
2019,70,1,P006477   ,0.0,0.0,OLY,21,"RUBIT, AUGUSTINE",10:27,4,0,0,0,0,4,4,0,0,0,1,0,0,0,0,2,4,7,-1.0
2019,70,1,P009946   ,0.0,0.0,OLY,33,"REED, WILLIE",14:06,10,4,5,0,0,2,3,0,2,2,0,0,0,2,0,1,3,14,2.0
2019,70,1,Team,0.0,0.0,OLY,,Team,,0,0,0,0,0,0,0,4,2,6,0,0,2,0,0,0,0,4,
2019,70,1,Total,,,OLY,,Total,200:00,83,19,28,8,26,21,25,6,26,32,17,4,12,5,0,26,28,100,
2019,70,0,P008855   ,1.0,0.0,ZAL,0,"WALKUP, THOMAS",26:33,10,2,9,0,3,6,6,0,4,4,5,2,3,0,1,1,4,10,-9.0
2019,70,0,P009752   ,0.0,1.0,ZAL,2,"PEREZ, ALEX",10:36,5,2,2,0,0,1,1,0,0,0,4,0,0,0,0,2,1,8,1.0
2019,70,0,P003210   ,0.0,1.0,ZAL,4,"LEKAVICIUS, LUKAS",23:52,14,4,7,1,2,3,4,0,2,2,4,1,0,0,0,1,4,19,0.0
2019,70,0,P008962   ,1.0,0.0,ZAL,10,"HAYES, NIGEL",23:54,3,0,2,1,2,0,0,2,2,4,2,0,2,0,0,3,1,2,-13.0
2019,70,0,PBWI      ,0.0,0.0,ZAL,13,"JANKUNAS, PAULIUS",09:39,2,1,1,0,1,0,0,0,3,3,0,0,0,0,0,2,1,3,1.0
2019,70,0,PKPD      ,0.0,0.0,ZAL,21,"MILAKNIS, ARTURAS",17:32,1,0,0,0,3,1,1,0,0,0,0,0,0,0,0,5,1,-6,1.0
2019,70,0,P009753   ,0.0,1.0,ZAL,23,"GEBEN, MARTINAS",07:25,5,2,3,0,0,1,1,2,2,4,0,0,0,0,0,1,1,8,-8.0
2019,70,0,P007519   ,0.0,1.0,ZAL,31,"JOKUBAITIS, ROKAS",02:05,0,0,0,0,1,0,0,0,0,0,0,0,0,0,0,0,0,-1,4.0
2019,70,0,P008987   ,0.0,0.0,ZAL,32,"LEDAY, ZACH",16:30,4,2,5,0,0,0,0,0,2,2,0,0,2,0,2,4,2,-3,-6.0
2019,70,0,P008820   ,1.0,0.0,ZAL,34,"LANDALE, JOCK",19:13,23,7,8,1,3,6,6,3,0,3,0,1,0,0,0,4,3,23,4.0
2019,70,0,P002328   ,1.0,0.0,ZAL,40,"GRIGONIS, MARIUS",21:46,5,1,4,1,3,0,0,0,3,3,0,0,1,0,0,4,6,4,-8.0
2019,70,0,P002329   ,1.0,1.0,ZAL,92,"ULANOVAS, EDGARAS",20:55,2,1,3,0,1,0,0,1,2,3,1,2,2,0,2,1,1,1,-12.0
2019,70,0,Team,0.0,0.0,ZAL,,Team,,0,0,0,0,0,0,0,2,1,3,0,0,0,0,0,0,0,3,
2019,70,0,Total,,,ZAL,,Total,200:00,74,22,44,4,19,18,19,10,21,31,16,6,10,0,5,28,25,71,
2019,71,1,P006533   ,0.0,0.0,PAM,1,"COLOM, QUINO",16:38,9,1,3,2,5,1,2,0,0,0,4,3,2,0,0,1,1,8,14.0
2019,71,1,P004761   ,1.0,1.0,PAM,2,"MARINKOVIC, VANJA",25:08,19,5,6,3,5,0,0,0,1,1,0,0,3,0,1,2,0,11,17.0
2019,71,1,P009754   ,0.0,0.0,PAM,3,"LOYD, JORDAN",14:52,3,1,3,0,1,1,2,0,0,0,4,1,1,0,1,2,1,1,9.0
2019,71,1,P006726   ,0.0,1.0,PAM,5,"NDOUR, MAURICE",02:49,1,0,0,0,1,1,2,1,1,2,0,0,0,0,0,0,1,2,0.0
2019,71,1,P003733   ,0.0,1.0,PAM,6,"ABALDE, ALBERTO",02:49,0,0,0,0,0,0,0,0,1,1,0,0,0,0,0,0,0,1,0.0
2019,71,1,P004884   ,1.0,0.0,PAM,7,"LABEYRIE, LOUIS",19:35,2,1,1,0,0,0,0,0,4,4,1,0,0,0,0,0,2,9,11.0
2019,71,1,P008966   ,0.0,1.0,PAM,10,"TOBEY, MIKE",18:34,4,1,4,0,3,2,2,2,3,5,0,3,1,0,0,0,1,6,5.0
2019,71,1,P006599   ,0.0,0.0,PAM,12,"MOTUM, BROCK",17:36,14,4,4,2,3,0,0,0,2,2,0,3,0,0,0,2,2,18,15.0
2019,71,1,P002742   ,1.0,0.0,PAM,14,"DUBLJEVIC, BOJAN",21:26,11,5,9,0,1,1,1,2,5,7,2,1,1,1,0,3,3,16,21.0
2019,71,1,P002361   ,1.0,1.0,PAM,16,"VIVES, GUILLEM",23:22,13,5,5,1,2,0,0,0,1,1,0,0,0,0,0,1,4,16,12.0
2019,71,1,P000518   ,1.0,0.0,PAM,19,"SAN EMETERIO, FERNANDO",13:39,2,1,1,0,1,0,0,0,3,3,3,2,0,0,0,0,2,11,4.0
2019,71,1,P002763   ,0.0,0.0,PAM,42,"DOORNEKAMP, AARON",23:32,4,0,1,1,3,1,2,1,3,4,2,1,1,0,0,1,2,7,22.0
2019,71,1,Team,0.0,0.0,PAM,,Team,,0,0,0,0,0,0,0,2,3,5,0,0,1,0,0,0,0,4,
2019,71,1,Total,,,PAM,,Total,200:00,82,24,37,9,25,7,11,8,27,35,16,14,10,1,2,12,19,110,
2019,71,0,PBOG      ,0.0,1.0,MUN,7,"KING, ALEX",17:00,3,0,0,1,2,0,0,0,3,3,1,0,2,0,0,3,1,2,-5.0
2019,71,0,P004178   ,1.0,0.0,MUN,8,"KOPONEN, PETTERI",20:38,9,0,1,3,4,0,0,0,3,3,1,0,0,0,0,1,1,11,-8.0
2019,71,0,P009835   ,1.0,0.0,MUN,10,"MONROE, GREG",21:09,4,1,6,0,0,2,2,0,3,3,2,2,4,1,1,0,3,5,-11.0
2019,71,0,P001288   ,1.0,0.0,MUN,11,"LUCIC, VLADIMIR",24:45,14,5,7,1,2,1,1,0,2,2,0,1,2,0,0,1,2,13,-22.0
2019,71,0,P007032   ,1.0,0.0,MUN,12,"LO, MAODO",20:03,11,1,2,3,6,0,0,0,2,2,0,1,2,0,0,4,1,5,-14.0
2019,71,0,P000007   ,0.0,0.0,MUN,14,"DEDOVIC, NIHAD",16:33,2,1,2,0,3,0,0,1,1,2,0,0,2,0,0,1,0,-3,-18.0
2019,71,0,P005056   ,0.0,1.0,MUN,16,"ZIPSER, PAUL",17:08,4,2,3,0,2,0,0,0,3,3,1,1,1,0,0,2,2,5,-4.0
2019,71,0,P002829   ,0.0,1.0,MUN,20,"NELSON, DEMARCUS",17:06,4,2,5,0,1,0,0,1,0,1,2,0,3,0,0,2,0,-2,-8.0
2019,71,0,P005670   ,0.0,1.0,MUN,21,"FLACCADORI, DIEGO",08:19,0,0,1,0,1,0,0,0,0,0,0,0,1,0,0,2,0,-5,-11.0
2019,71,0,P003490   ,1.0,1.0,MUN,22,"BARTHEL, DANILO",25:07,3,0,2,1,2,0,0,0,1,1,1,0,3,0,0,2,1,-2,-24.0
2019,71,0,P003842   ,0.0,0.0,MUN,26,"LESSORT, MATHIAS",DNP,0,0,0,0,0,0,0,0,0,0,0,0,0,0,0,0,0,0,0.0
2019,71,0,PLEM      ,0.0,0.0,MUN,43,"RADOSEVIC, LEON",12:12,2,1,2,0,0,0,0,1,3,4,2,0,1,1,0,1,1,7,-5.0
2019,71,0,Team,0.0,0.0,MUN,,Team,,0,0,0,0,0,0,0,1,1,2,0,0,0,0,0,0,0,2,
2019,71,0,Total,,,MUN,,Total,200:00,56,13,31,9,23,3,3,4,22,26,10,5,21,2,1,19,12,38,
2019,72,1,P007947   ,1.0,1.0,BAS,3,"VILDOZA, LUCA",28:31,6,1,4,0,4,4,4,0,1,1,5,0,0,2,1,3,2,5,-27.0
2019,72,1,P008032   ,0.0,0.0,BAS,5,"GONZALEZ, MIGUEL",DNP,0,0,0,0,0,0,0,0,0,0,0,0,0,0,0,0,0,0,0.0
2019,72,1,P006754   ,0.0,0.0,BAS,7,"HENRY, PIERRIA",16:02,7,1,3,0,0,5,8,0,2,2,5,3,3,0,0,3,4,10,-12.0
2019,72,1,P004165   ,1.0,1.0,BAS,11,"JANNING, MATT",21:03,2,0,1,0,4,2,2,0,1,1,2,2,3,0,0,1,3,1,-18.0
2019,72,1,P003540   ,0.0,0.0,BAS,12,"DIOP, ILIMANE",03:52,0,0,0,0,0,0,0,0,0,0,0,0,1,0,0,2,0,-3,-7.0
2019,72,1,P006568   ,0.0,0.0,BAS,19,"FALL, YOUSSOUPHA",15:27,2,1,2,0,0,0,0,2,4,6,0,1,2,0,0,0,2,8,-7.0
2019,72,1,P009836   ,0.0,0.0,BAS,22,"STAUSKAS, NIK",18:38,7,0,1,1,4,4,6,0,0,0,0,1,1,1,1,1,2,2,-9.0
2019,72,1,P001133   ,1.0,1.0,BAS,23,"SHENGELIA, TORNIKE",36:09,31,5,9,6,9,3,3,4,4,8,3,1,5,0,1,2,4,32,-25.0
2019,72,1,P007994   ,0.0,1.0,BAS,29,"GARINO, PATRICIO",35:01,24,3,4,4,6,6,8,2,4,6,1,0,2,0,0,2,6,28,-24.0
2019,72,1,P007831   ,1.0,0.0,BAS,31,"SHIELDS, SHAVON",00:45,0,0,0,0,0,0,0,0,0,0,0,0,0,0,0,0,1,1,0.0
2019,72,1,P002084   ,0.0,1.0,BAS,33,"POLONARA, ACHILLE",11:05,2,0,1,0,0,2,2,0,1,1,0,1,1,1,0,0,1,4,-6.0
2019,72,1,P007360   ,1.0,0.0,BAS,50,"ERIC, MICHAEL",13:27,2,1,4,0,0,0,3,0,0,0,0,0,0,0,1,1,2,-4,-15.0
2019,72,1,Team,0.0,0.0,BAS,,Team,,0,0,0,0,0,0,0,1,1,2,0,0,0,0,0,0,0,2,
2019,72,1,Total,,,BAS,,Total,200:00,83,12,29,11,27,26,36,9,18,27,16,9,18,4,4,15,27,86,
2019,72,0,P009846   ,0.0,0.0,TEL,0,"BRYANT, ELIJAH",21:19,19,5,7,3,6,0,0,2,4,6,1,1,2,0,1,3,1,17,17.0
2019,72,0,P006661   ,1.0,0.0,TEL,1,"WILBEKIN, SCOTTIE",19:51,20,0,2,6,8,2,2,1,2,3,6,1,3,0,1,1,4,25,21.0
2019,72,0,P009847   ,1.0,1.0,TEL,2,"ACY, QUINCY",20:09,7,2,3,1,1,0,0,1,4,5,1,0,2,2,1,3,0,8,18.0
2019,72,0,P005160   ,0.0,0.0,TEL,5,"HUNTER, OTHELLO",29:15,10,5,7,0,0,0,0,3,6,9,1,0,1,2,0,1,2,20,27.0
2019,72,0,P009848   ,0.0,1.0,TEL,6,"COHEN, SANDY",00:36,0,0,0,0,0,0,0,0,0,0,0,0,0,0,0,1,0,-1,1.0
2019,72,0,P007675   ,0.0,0.0,TEL,8,"AVDIJA, DENI",DNP,0,0,0,0,0,0,0,0,0,0,0,0,0,0,0,0,0,0,0.0
2019,72,0,P009849   ,0.0,0.0,TEL,11,"DORSEY, TYLER",19:45,12,3,5,2,5,0,1,2,1,3,1,1,3,0,1,3,1,5,0.0
2019,72,0,P007990   ,0.0,1.0,TEL,12,"DIBARTOLOMEO, JOHN",18:12,14,2,4,3,4,1,2,0,0,0,6,3,0,0,0,4,0,15,14.0
2019,72,0,P006555   ,1.0,1.0,TEL,14,"WOLTERS, NATE",22:12,14,4,6,2,3,0,1,0,1,1,4,2,0,0,0,2,2,17,25.0
2019,72,0,P005145   ,0.0,1.0,TEL,15,"COHEN, JAKE",21:42,5,2,3,0,2,1,1,0,4,4,2,2,2,0,0,3,3,8,10.0
2019,72,0,P008991   ,1.0,0.0,TEL,28,"BLACK, TARIK",08:54,8,3,3,0,0,2,3,1,1,2,0,2,2,0,0,5,2,6,5.0
2019,72,0,P006625   ,1.0,0.0,TEL,50,"ZOOSMAN, YOVEL",18:05,4,2,3,0,0,0,0,0,4,4,2,0,1,0,0,2,0,6,12.0
2019,72,0,Team,0.0,0.0,TEL,,Team,,0,0,0,0,0,0,0,1,1,2,0,0,0,0,0,0,0,2,
2019,72,0,Total,,,TEL,,Total,200:00,113,28,43,17,29,6,10,11,28,39,24,12,16,4,4,28,15,128,
2019,73,1,P008855   ,1.0,0.0,ZAL,0,"WALKUP, THOMAS",18:11,6,0,2,2,3,0,0,1,2,3,5,0,3,0,0,5,0,3,4.0
2019,73,1,P003210   ,0.0,0.0,ZAL,4,"LEKAVICIUS, LUKAS",21:11,14,4,7,1,2,3,4,0,2,2,5,0,3,1,0,4,4,14,-3.0
2019,73,1,P008962   ,1.0,0.0,ZAL,10,"HAYES, NIGEL",24:07,2,1,5,0,1,0,0,1,4,5,1,0,0,1,0,1,2,5,10.0
2019,73,1,PBWI      ,0.0,0.0,ZAL,13,"JANKUNAS, PAULIUS",12:41,5,2,2,0,1,1,1,0,0,0,0,1,0,0,0,1,2,6,-18.0
2019,73,1,P006158   ,0.0,0.0,ZAL,16,"LUKOSIUNAS, KAROLIS",DNP,0,0,0,0,0,0,0,0,0,0,0,0,0,0,0,0,0,0,0.0
2019,73,1,PKPD      ,0.0,1.0,ZAL,21,"MILAKNIS, ARTURAS",25:55,11,0,0,2,5,5,6,1,1,2,1,0,0,0,0,3,4,11,-4.0
2019,73,1,P009753   ,0.0,0.0,ZAL,23,"GEBEN, MARTINAS",DNP,0,0,0,0,0,0,0,0,0,0,0,0,0,0,0,0,0,0,0.0
2019,73,1,P007519   ,0.0,0.0,ZAL,31,"JOKUBAITIS, ROKAS",02:15,0,0,0,0,0,0,0,0,0,0,0,0,2,0,0,1,0,-3,-8.0
2019,73,1,P008987   ,1.0,1.0,ZAL,32,"LEDAY, ZACH",16:45,15,5,10,1,1,2,2,1,2,3,0,0,1,0,2,1,3,12,-1.0
2019,73,1,P008820   ,0.0,1.0,ZAL,34,"LANDALE, JOCK",23:34,12,0,3,4,6,0,0,2,6,8,1,1,1,0,1,3,0,12,1.0
2019,73,1,P002328   ,1.0,1.0,ZAL,40,"GRIGONIS, MARIUS",24:26,9,2,4,1,7,2,2,2,5,7,4,0,1,1,0,2,2,12,14.0
2019,73,1,P002329   ,1.0,1.0,ZAL,92,"ULANOVAS, EDGARAS",30:55,11,1,1,0,1,9,10,0,3,3,2,0,0,0,0,3,4,15,0.0
2019,73,1,Team,0.0,0.0,ZAL,,Team,,0,0,0,0,0,0,0,2,3,5,0,0,2,0,0,0,0,3,
2019,73,1,Total,,,ZAL,,Total,200:00,85,15,34,11,27,22,25,10,28,38,19,2,13,3,3,24,21,90,
2019,73,0,P005094   ,1.0,1.0,PAN,0,"THOMAS, DESHAUN",28:31,13,2,3,3,4,0,0,1,3,4,1,2,1,0,0,2,0,15,8.0
2019,73,0,P003367   ,0.0,1.0,PAN,5,"RICE, TYRESE",16:35,7,0,4,1,3,4,6,0,1,1,1,0,1,0,2,1,5,2,0.0
2019,73,0,P005844   ,0.0,0.0,PAN,6,"PAPAGIANNIS, GEORGIOS",20:49,8,4,5,0,0,0,2,0,3,3,1,0,0,1,0,1,2,11,10.0
2019,73,0,P005161   ,1.0,1.0,PAN,10,"PAPAPETROU, IOANNIS",26:12,12,3,4,2,4,0,0,1,4,5,0,2,0,1,0,1,1,17,2.0
2019,73,0,P000464   ,0.0,1.0,PAN,11,"PAPPAS, NIKOS",13:50,5,2,3,0,1,1,2,0,2,2,1,1,0,0,0,3,4,7,-8.0
2019,73,0,PTFX      ,0.0,0.0,PAN,15,"VOUGIOUKAS, IAN",04:02,1,0,0,0,0,1,2,1,0,1,1,0,0,0,0,1,1,2,-4.0
2019,73,0,P009816   ,0.0,0.0,PAN,24,"JOHNSON, WESLEY",15:06,2,1,2,0,1,0,0,0,1,1,1,0,1,0,0,1,0,0,5.0
2019,73,0,P009842   ,1.0,0.0,PAN,32,"FREDETTE, JIMMER",22:17,11,3,8,0,3,5,6,0,1,1,1,0,0,0,0,1,5,8,-4.0
2019,73,0,P001932   ,1.0,0.0,PAN,33,"CALATHES, NICK",27:28,19,2,3,5,7,0,0,0,5,5,12,1,1,0,0,5,4,32,10.0
2019,73,0,P009472   ,1.0,0.0,PAN,35,"WILEY, JACOB",09:55,4,2,2,0,0,0,0,1,1,2,0,0,2,0,0,2,0,2,-11.0
2019,73,0,P007866   ,0.0,1.0,PAN,44,"MITOGLOU, KONSTANTINOS",05:17,0,0,1,0,0,0,0,0,3,3,0,1,1,1,1,0,0,2,0.0
2019,73,0,P009818   ,0.0,0.0,PAN,50,"BENTIL, BENJAMIN",09:58,4,0,1,0,2,4,4,2,1,3,0,0,1,0,0,3,2,2,-3.0
2019,73,0,Team,0.0,0.0,PAN,,Team,,0,0,0,0,0,0,0,0,0,0,0,0,0,0,0,0,0,0,
2019,73,0,Total,,,PAN,,Total,200:00,86,19,36,11,25,15,22,6,25,31,19,7,8,3,3,21,24,100,
2019,74,1,P009600   ,0.0,0.0,BER,1,"MASON, MAKAI",DNP,0,0,0,0,0,0,0,0,0,0,0,0,0,0,0,0,0,0,0.0
2019,74,1,P001557   ,0.0,1.0,BER,5,"GIFFEY, NIELS",24:32,13,2,7,2,2,3,3,1,3,4,2,2,1,1,2,2,3,15,11.0
2019,74,1,P003151   ,0.0,0.0,BER,8,"ERIKSSON, MARCUS",18:36,5,0,1,1,4,2,2,0,0,0,0,0,0,2,0,0,0,3,1.0
2019,74,1,P007025   ,1.0,1.0,BER,9,"MATTISSECK, JONAS",22:13,3,0,1,1,4,0,0,1,1,2,3,1,2,0,0,2,1,2,2.0
2019,74,1,P006251   ,0.0,1.0,BER,10,"SCHNEIDER, TIM",13:10,2,1,1,0,1,0,0,1,2,3,2,0,1,0,0,4,0,1,-3.0
2019,74,1,P007566   ,0.0,1.0,BER,11,"BRENNEKE, LORENZ",00:11,0,0,0,0,0,0,0,0,0,0,0,0,0,0,0,0,0,0,-2.0
2019,74,1,P008780   ,1.0,0.0,BER,15,"HERMANNSSON, MARTIN",25:24,16,3,8,3,4,1,1,0,3,3,4,0,0,0,0,1,2,18,14.0
2019,74,1,P003242   ,0.0,0.0,BER,25,"OGBE, KENNETH",DNP,0,0,0,0,0,0,0,0,0,0,0,0,0,0,0,0,0,0,0.0
2019,74,1,P006436   ,1.0,1.0,BER,31,"GIEDRAITIS, ROKAS",30:42,22,4,5,4,8,2,2,0,5,5,2,1,2,0,0,0,3,26,11.0
2019,74,1,P003958   ,1.0,0.0,BER,32,"THIEMANN, JOHANNES",13:38,3,1,2,0,1,1,2,1,3,4,1,1,0,0,0,3,2,5,5.0
2019,74,1,P009051   ,0.0,0.0,BER,35,"NNOKO, LANDRY",20:47,10,5,5,0,0,0,0,0,2,2,2,0,1,0,0,1,0,12,9.0
2019,74,1,P006589   ,1.0,0.0,BER,43,"SIKMA, LUKE",30:47,19,5,6,1,1,6,8,2,6,8,4,0,4,3,0,2,7,32,17.0
2019,74,1,Team,0.0,0.0,BER,,Team,,0,0,0,0,0,0,0,2,1,3,0,0,0,0,0,0,0,3,
2019,74,1,Total,,,BER,,Total,200:00,93,21,36,12,25,15,18,8,26,34,20,5,11,6,2,15,18,117,
2019,74,0,P003479   ,1.0,0.0,RED,0,"KUZMIC, OGNJEN",17:17,10,4,9,0,0,2,2,2,0,2,0,0,1,0,2,2,2,4,-3.0
2019,74,0,P004425   ,0.0,0.0,RED,1,"BROWN, DERRICK",18:51,7,2,8,1,1,0,0,2,2,4,2,0,1,0,1,1,0,4,-17.0
2019,74,0,PJDZ      ,0.0,0.0,RED,3,"COVIC, FILIP",19:04,9,0,0,2,4,3,4,0,0,0,8,1,1,0,0,1,3,16,-4.0
2019,74,0,P009622   ,1.0,1.0,RED,4,"BROWN, LORENZO",20:56,9,3,5,1,2,0,0,1,3,4,2,1,0,0,0,3,1,11,-9.0
2019,74,0,P007960   ,0.0,1.0,RED,7,"DAVIDOVAC, DEJAN",16:49,8,3,4,0,2,2,3,2,0,2,0,0,1,1,0,2,2,6,0.0
2019,74,0,PLUO      ,1.0,0.0,RED,10,"LAZIC, BRANKO",12:44,2,1,3,0,0,0,0,0,0,0,2,1,1,0,0,2,2,2,-4.0
2019,74,0,P005775   ,1.0,0.0,RED,12,"BARON, BILLY",22:10,9,0,3,3,7,0,0,0,1,1,3,1,2,0,2,0,0,3,-8.0
2019,74,0,P004007   ,0.0,1.0,RED,13,"DOBRIC, OGNJEN",18:28,9,3,4,1,2,0,0,0,1,1,1,2,0,0,0,1,0,10,-7.0
2019,74,0,P005014   ,0.0,1.0,RED,22,"JENKINS, CHARLES",17:50,2,1,1,0,1,0,0,0,3,3,2,0,0,0,0,1,1,6,-5.0
2019,74,0,P005618   ,1.0,0.0,RED,28,"SIMANIC, BORISA",05:00,0,0,0,0,1,0,0,0,1,1,0,0,0,0,0,1,0,-1,-3.0
2019,74,0,P003264   ,0.0,1.0,RED,32,"JOVANOVIC, NIKOLA",13:09,3,1,4,0,0,1,2,3,3,6,1,0,0,0,1,2,2,5,3.0
2019,74,0,P008801   ,0.0,0.0,RED,50,"OJO, MICHAEL",17:42,12,4,7,0,0,4,4,2,4,6,0,1,1,1,0,2,2,16,-8.0
2019,74,0,Team,0.0,0.0,RED,,Team,,0,0,0,0,0,0,0,1,1,2,0,0,1,0,0,0,0,1,
2019,74,0,Total,,,RED,,Total,200:00,80,22,48,8,20,12,15,13,19,32,21,7,9,2,6,18,15,83,
2019,75,1,PBOG      ,0.0,0.0,MUN,7,"KING, ALEX",06:55,0,0,0,0,0,0,0,0,0,0,1,0,0,0,0,2,0,-1,-2.0
2019,75,1,P004178   ,0.0,0.0,MUN,8,"KOPONEN, PETTERI",12:10,0,0,1,0,1,0,0,0,2,2,2,0,0,0,0,1,1,2,-4.0
2019,75,1,P009835   ,1.0,1.0,MUN,10,"MONROE, GREG",28:36,15,7,17,0,0,1,1,1,6,7,3,3,1,0,0,2,1,16,4.0
2019,75,1,P001288   ,1.0,1.0,MUN,11,"LUCIC, VLADIMIR",30:26,13,4,7,1,3,2,3,1,4,5,2,3,2,0,1,2,4,16,2.0
2019,75,1,P007032   ,1.0,1.0,MUN,12,"LO, MAODO",28:58,19,2,4,4,5,3,4,0,1,1,7,2,1,0,0,2,3,25,10.0
2019,75,1,P005056   ,1.0,1.0,MUN,16,"ZIPSER, PAUL",30:47,13,4,5,0,0,5,6,1,1,2,1,0,1,1,0,4,3,13,8.0
2019,75,1,P002829   ,0.0,0.0,MUN,20,"NELSON, DEMARCUS",09:38,0,0,0,0,1,0,0,0,1,1,1,1,1,0,0,1,1,1,-5.0
2019,75,1,P005670   ,0.0,0.0,MUN,21,"FLACCADORI, DIEGO",07:40,2,1,2,0,1,0,0,0,0,0,1,0,1,0,0,2,1,-1,-4.0
2019,75,1,P003490   ,1.0,1.0,MUN,22,"BARTHEL, DANILO",31:02,18,5,5,1,2,5,6,1,3,4,1,0,1,0,0,2,5,23,8.0
2019,75,1,P003842   ,0.0,0.0,MUN,26,"LESSORT, MATHIAS",06:32,5,1,2,0,0,3,4,0,0,0,0,0,3,0,0,1,2,1,2.0
2019,75,1,PLEM      ,0.0,0.0,MUN,43,"RADOSEVIC, LEON",07:16,0,0,1,0,0,0,0,2,2,4,0,0,0,0,0,1,1,3,-4.0
2019,75,1,P008250   ,0.0,0.0,MUN,44,"GRANT, SASHA",DNP,0,0,0,0,0,0,0,0,0,0,0,0,0,0,0,0,0,0,0.0
2019,75,1,Team,0.0,0.0,MUN,,Team,,0,0,0,0,0,0,0,2,0,2,0,0,0,0,0,0,0,2,
2019,75,1,Total,,,MUN,,Total,200:00,85,24,44,6,13,19,24,8,20,28,19,9,11,1,1,20,22,100,
2019,75,0,P009862   ,0.0,0.0,OLY,0,"PUNTER, KEVIN",DNP,0,0,0,0,0,0,0,0,0,0,0,0,0,0,0,0,0,0,0.0
2019,75,0,P002972   ,0.0,1.0,OLY,1,"ROCHESTIE, TAYLOR",23:01,9,2,6,1,2,2,2,1,2,3,6,0,1,0,0,2,2,12,13.0
2019,75,0,P009863   ,0.0,1.0,OLY,2,"BALDWIN IV, WADE",29:09,19,6,9,2,3,1,3,0,2,2,1,2,2,0,0,2,3,17,0.0
2019,75,0,P004945   ,0.0,1.0,OLY,3,"PAUL, BRANDON",16:22,3,0,0,1,4,0,0,0,1,1,1,0,2,0,0,0,2,2,5.0
2019,75,0,P005255   ,1.0,0.0,OLY,6,"KONIARIS, ANTONIOS",11:09,0,0,0,0,1,0,0,0,0,0,0,0,1,0,0,3,2,-3,-1.0
2019,75,0,PJUO      ,1.0,0.0,OLY,7,"SPANOULIS, VASSILIS",15:43,6,0,1,1,4,3,3,0,2,2,2,0,3,0,0,0,2,5,-18.0
2019,75,0,P003941   ,1.0,1.0,OLY,11,"MILUTINOV, NIKOLA",27:56,14,6,7,0,0,2,3,1,4,5,0,0,1,0,0,3,3,16,-5.0
2019,75,0,P003469   ,0.0,0.0,OLY,14,"VEZENKOV, SASHA",DNP,0,0,0,0,0,0,0,0,0,0,0,0,0,0,0,0,0,0,0.0
2019,75,0,PAMM      ,1.0,1.0,OLY,15,"PRINTEZIS, GEORGIOS",28:43,12,6,8,0,2,0,0,0,4,4,0,1,0,0,0,4,0,9,-7.0
2019,75,0,P001255   ,1.0,0.0,OLY,16,"PAPANIKOLAOU, KOSTAS",24:36,10,3,3,1,3,1,2,2,2,4,2,2,2,1,0,2,1,13,-8.0
2019,75,0,P006477   ,0.0,0.0,OLY,21,"RUBIT, AUGUSTINE",14:19,7,2,2,0,0,3,4,3,3,6,0,0,2,0,0,3,3,10,5.0
2019,75,0,P009946   ,0.0,0.0,OLY,33,"REED, WILLIE",09:02,2,0,2,0,0,2,2,1,2,3,0,1,2,0,1,3,1,-1,1.0
2019,75,0,Team,0.0,0.0,OLY,,Team,,0,0,0,0,0,0,0,1,0,1,0,0,0,0,0,0,0,1,
2019,75,0,Total,,,OLY,,Total,200:00,82,25,38,6,19,14,19,9,22,31,12,6,16,1,1,22,19,81,
2019,76,1,P000229   ,1.0,0.0,ASV,1,"JACKSON, EDWIN",16:26,3,1,2,0,3,1,2,1,1,2,2,0,0,0,0,0,1,3,4.0
2019,76,1,P005247   ,0.0,0.0,ASV,2,"TAYLOR, JORDAN",18:45,12,3,4,1,4,3,4,0,2,2,3,1,0,0,0,4,3,12,-6.0
2019,76,1,P009733   ,1.0,0.0,ASV,3,"JEKIRI, TONYE",21:13,12,5,6,0,0,2,4,2,3,5,0,0,2,0,0,4,2,10,-3.0
2019,76,1,PKIR      ,1.0,0.0,ASV,5,"KAHUDI, CHARLES",23:45,8,1,2,2,4,0,0,1,2,3,1,0,0,0,0,1,3,11,-7.0
2019,76,1,P007027   ,0.0,0.0,ASV,6,"MALEDON, THEO",15:36,10,2,3,1,2,3,5,0,1,1,7,1,0,0,1,5,4,13,0.0
2019,76,1,P005553   ,0.0,1.0,ASV,9,"LOMAZS, RIHARDS",06:55,4,2,2,0,4,0,0,0,1,1,0,0,0,0,0,0,0,1,4.0
2019,76,1,P006068   ,1.0,1.0,ASV,12,"NOUA, AMINE",11:53,2,1,1,0,1,0,0,1,0,1,1,0,0,0,0,2,0,1,2.0
2019,76,1,P002536   ,0.0,0.0,ASV,17,"JEAN-CHARLES, LIVIO",19:26,12,3,3,2,3,0,0,1,1,2,1,0,2,3,0,3,0,12,-12.0
2019,76,1,PTFK      ,1.0,0.0,ASV,19,"DIOT, ANTOINE",16:06,5,1,3,1,3,0,0,1,0,1,3,0,2,0,0,3,2,2,-6.0
2019,76,1,P004655   ,0.0,1.0,ASV,21,"BAKO, ISMAEL",10:03,8,1,1,0,0,6,6,1,0,1,0,0,0,0,0,4,3,8,7.0
2019,76,1,P003526   ,0.0,1.0,ASV,23,"LIGHTY, DAVID",22:04,5,1,3,1,2,0,0,0,3,3,1,0,1,0,0,1,1,5,-13.0
2019,76,1,P008099   ,0.0,1.0,ASV,32,"STRAZEL, MATTHEW",17:48,3,0,1,1,3,0,0,0,2,2,3,0,1,0,0,1,0,3,0.0
2019,76,1,Team,0.0,0.0,ASV,,Team,,0,0,0,0,0,0,0,1,3,4,0,0,0,0,0,0,0,4,
2019,76,1,Total,,,ASV,,Total,200:00,84,21,31,9,29,15,21,9,19,28,22,2,8,3,1,28,19,85,
2019,76,0,P007200   ,0.0,1.0,IST,0,"LARKIN, SHANE",29:04,19,1,4,1,6,14,14,1,2,3,4,1,1,0,1,2,9,24,5.0
2019,76,0,P006590   ,1.0,1.0,IST,1,"BEAUBOIS, RODRIGUE",20:40,16,3,8,3,5,1,2,1,1,2,2,0,0,0,0,2,2,12,-3.0
2019,76,0,P006614   ,1.0,1.0,IST,2,"SINGLETON, CHRIS",25:22,8,0,1,2,2,2,2,1,4,5,0,1,0,1,0,1,5,18,3.0
2019,76,0,P003521   ,0.0,0.0,IST,4,"BALBAY, DOGUS",06:06,0,0,0,0,0,0,0,0,1,1,0,0,0,0,0,2,0,-1,3.0
2019,76,0,P005686   ,0.0,0.0,IST,8,"GECIM, TOLGA",DNP,0,0,0,0,0,0,0,0,0,0,0,0,0,0,0,0,0,0,0.0
2019,76,0,P002968   ,0.0,0.0,IST,15,"SANLI, SERTAC",19:42,15,6,9,0,0,3,3,3,2,5,1,0,1,0,1,4,4,16,9.0
2019,76,0,P002925   ,0.0,0.0,IST,19,"TUNCER, BUGRAHAN",DNP,0,0,0,0,0,0,0,0,0,0,0,0,0,0,0,0,0,0,0.0
2019,76,0,PLHK      ,1.0,0.0,IST,21,"PLEISS, TIBOR",14:44,11,4,10,0,0,3,3,1,0,1,0,0,0,0,1,0,3,8,-7.0
2019,76,0,P002580   ,1.0,1.0,IST,22,"MICIC, VASILIJE",32:57,16,4,6,2,4,2,2,0,4,4,8,2,3,0,0,3,4,24,6.0
2019,76,0,P005938   ,1.0,1.0,IST,23,"ANDERSON, JAMES",17:49,0,0,0,0,0,0,0,1,0,1,0,0,0,0,0,2,0,-1,6.0
2019,76,0,P008829   ,0.0,0.0,IST,25,"PETERS, ALEC",20:02,3,0,0,1,1,0,0,1,4,5,0,0,0,0,0,1,1,8,10.0
2019,76,0,PCPR      ,0.0,0.0,IST,44,"SIMON, KRUNOSLAV",13:34,2,1,1,0,1,0,0,0,2,2,1,0,1,0,0,2,0,1,-2.0
2019,76,0,Team,0.0,0.0,IST,,Team,,0,0,0,0,0,0,0,2,1,3,0,0,1,0,0,0,0,2,
2019,76,0,Total,,,IST,,Total,200:00,90,19,39,9,19,25,26,11,21,32,16,4,7,1,3,19,28,111,
2019,77,1,P005757   ,1.0,0.0,MAD,3,"RANDOLPH, ANTHONY",18:00,19,0,2,5,6,4,4,0,4,4,0,0,0,0,0,0,3,23,28.0
2019,77,1,PBMT      ,0.0,0.0,MAD,5,"FERNANDEZ, RUDY",12:57,3,0,1,1,2,0,1,0,3,3,1,0,1,0,0,1,0,2,13.0
2019,77,1,P005928   ,1.0,0.0,MAD,7,"CAMPAZZO, FACUNDO",23:01,15,4,6,1,1,4,4,0,2,2,5,3,3,0,0,1,3,22,22.0
2019,77,1,P006435   ,0.0,1.0,MAD,8,"LAPROVITTOLA, NICOLAS",11:14,0,0,0,0,1,0,0,1,1,2,1,0,1,0,0,2,2,1,-7.0
2019,77,1,P009005   ,1.0,0.0,MAD,14,"DECK, GABRIEL",29:13,9,4,7,0,0,1,1,0,5,5,4,0,2,0,0,1,1,13,28.0
2019,77,1,P007630   ,0.0,1.0,MAD,16,"GARUBA, USMAN",06:37,0,0,1,0,0,0,0,0,1,1,1,0,2,0,0,0,0,-1,-5.0
2019,77,1,P001960   ,0.0,1.0,MAD,20,"CARROLL, JAYCEE",17:51,13,2,4,3,5,0,0,1,3,4,0,0,1,0,1,4,2,9,-9.0
2019,77,1,P005791   ,1.0,0.0,MAD,22,"TAVARES, WALTER",18:06,15,6,6,0,0,3,3,2,3,5,0,0,0,1,0,2,3,22,17.0
2019,77,1,PTGB      ,0.0,0.0,MAD,23,"LLULL, SERGIO",14:44,6,0,1,2,3,0,0,0,1,1,6,0,2,0,0,1,0,8,33.0
2019,77,1,P008847   ,0.0,1.0,MAD,25,"MICKEY, JORDAN",21:41,13,6,10,0,1,1,1,1,3,4,0,0,0,4,1,0,2,17,11.0
2019,77,1,P005836   ,0.0,1.0,MAD,33,"THOMPKINS, TREY",22:00,9,3,5,1,3,0,0,0,4,4,1,1,0,0,0,2,1,10,0.0
2019,77,1,P006546   ,1.0,0.0,MAD,44,"TAYLOR, JEFFERY",04:36,2,1,2,0,0,0,0,0,1,1,2,0,0,0,0,1,1,4,9.0
2019,77,1,Team,0.0,0.0,MAD,,Team,,0,0,0,0,0,0,0,1,2,3,0,0,0,0,0,0,0,3,
2019,77,1,Total,,,MAD,,Total,200:00,104,26,45,13,22,13,14,6,33,39,21,4,12,5,2,15,18,133,
2019,77,0,PKVZ      ,1.0,0.0,KHI,1,"SHVED, ALEXEY",22:00,12,3,8,1,5,3,3,0,1,1,0,1,2,0,2,1,4,4,-33.0
2019,77,0,P004810   ,0.0,0.0,KHI,3,"KRAMER, CHRIS",17:24,14,5,7,1,2,1,1,0,1,1,1,1,2,0,0,0,3,15,-17.0
2019,77,0,P007056   ,1.0,0.0,KHI,5,"BOOKER, DEVIN",17:24,7,3,7,0,1,1,1,0,1,1,0,0,0,0,0,0,2,5,-34.0
2019,77,0,P004302   ,0.0,1.0,KHI,7,"KARASEV, SERGEY",13:56,0,0,1,0,2,0,0,0,0,0,0,0,0,1,0,1,0,-3,7.0
2019,77,0,P001792   ,0.0,1.0,KHI,8,"ZAYTSEV, VYACHESLAV",12:00,6,3,4,0,1,0,0,0,4,4,1,0,2,0,0,3,1,5,3.0
2019,77,0,P009748   ,0.0,0.0,KHI,11,"JEREBKO, JONAS",21:16,4,2,7,0,4,0,0,0,2,2,2,1,0,1,3,2,1,-3,-8.0
2019,77,0,PBFX      ,0.0,1.0,KHI,12,"MONIA, SERGEY",11:45,3,0,0,1,1,0,0,0,5,5,0,0,2,0,0,2,0,4,-5.0
2019,77,0,P008001   ,1.0,0.0,KHI,13,"GILL, ANTHONY",26:45,12,4,6,1,1,1,1,2,2,4,1,0,0,0,0,1,2,16,-16.0
2019,77,0,P004863   ,1.0,0.0,KHI,24,"JOVIC, STEFAN",19:13,5,2,3,0,2,1,2,0,2,2,3,1,1,0,0,2,1,5,-22.0
2019,77,0,P001954   ,0.0,1.0,KHI,31,"VALIEV, EVGENY",06:29,0,0,0,0,0,0,0,0,0,0,1,0,0,0,0,0,0,1,4.0
2019,77,0,P007432   ,1.0,1.0,KHI,40,"EVANS, JEREMY",18:52,10,2,5,2,3,0,0,3,2,5,0,0,0,0,0,4,1,8,-9.0
2019,77,0,P000436   ,0.0,0.0,KHI,45,"BERTANS, DAIRIS",12:56,3,0,0,1,1,0,0,0,0,0,0,0,0,0,0,2,0,1,-10.0
2019,77,0,Team,0.0,0.0,KHI,,Team,,0,0,0,0,0,0,0,0,1,1,0,0,1,0,0,0,0,0,
2019,77,0,Total,,,KHI,,Total,200:00,76,24,48,7,23,7,8,5,21,26,9,4,10,2,5,18,15,58,
2019,78,1,P006533   ,0.0,0.0,PAM,1,"COLOM, QUINO",21:56,5,1,4,1,4,0,0,0,1,1,7,0,2,0,0,0,3,8,-3.0
2019,78,1,P004761   ,1.0,1.0,PAM,2,"MARINKOVIC, VANJA",13:13,2,1,4,0,0,0,0,0,0,0,0,0,1,0,1,4,0,-7,-3.0
2019,78,1,P009754   ,0.0,0.0,PAM,3,"LOYD, JORDAN",23:11,17,1,2,4,7,3,4,0,2,2,4,1,1,0,0,4,5,19,10.0
2019,78,1,P006726   ,1.0,0.0,PAM,5,"NDOUR, MAURICE",19:10,6,3,6,0,1,0,0,2,0,2,0,0,1,1,0,0,1,5,-12.0
2019,78,1,P003733   ,0.0,1.0,PAM,6,"ABALDE, ALBERTO",25:47,18,3,4,4,6,0,0,3,0,3,0,0,0,0,0,0,2,20,5.0
2019,78,1,P004884   ,0.0,1.0,PAM,7,"LABEYRIE, LOUIS",20:49,7,1,2,1,1,2,2,0,5,5,0,0,0,0,0,1,1,11,15.0
2019,78,1,P008966   ,0.0,0.0,PAM,10,"TOBEY, MIKE",22:21,12,2,4,2,2,2,4,1,2,3,5,0,2,1,0,3,2,14,18.0
2019,78,1,P006599   ,0.0,0.0,PAM,12,"MOTUM, BROCK",02:16,2,1,2,0,0,0,0,0,0,0,1,0,0,0,0,0,0,2,-5.0
2019,78,1,P002742   ,1.0,1.0,PAM,14,"DUBLJEVIC, BOJAN",15:23,8,3,5,0,1,2,2,3,8,11,0,0,2,0,1,2,3,14,-9.0
2019,78,1,P002361   ,1.0,0.0,PAM,16,"VIVES, GUILLEM",19:16,10,0,1,3,6,1,2,0,2,2,1,2,1,0,0,5,2,6,9.0
2019,78,1,P000518   ,1.0,0.0,PAM,19,"SAN EMETERIO, FERNANDO",14:13,7,1,2,1,1,2,2,0,0,0,2,1,1,0,0,1,2,9,-1.0
2019,78,1,P002763   ,0.0,1.0,PAM,42,"DOORNEKAMP, AARON",02:25,0,0,0,0,0,0,0,0,0,0,0,0,0,0,0,0,0,0,-4.0
2019,78,1,Team,0.0,0.0,PAM,,Team,,0,0,0,0,0,0,0,4,2,6,0,0,0,0,0,0,0,6,
2019,78,1,Total,,,PAM,,Total,200:00,94,17,36,16,29,12,16,13,22,35,20,4,11,2,2,20,21,107,
2019,78,0,P005154   ,0.0,0.0,DYR,4,"IVERSON, COLTON",15:25,3,1,3,0,0,1,2,3,2,5,2,0,0,1,1,1,2,8,2.0
2019,78,0,P003425   ,1.0,1.0,DYR,6,"ALBICY, ANDREW",21:27,7,0,0,2,4,1,3,0,0,0,3,1,1,0,0,2,2,6,-4.0
2019,78,0,PJAN      ,1.0,0.0,DYR,7,"PONKRASHOV, ANTON",14:42,5,1,4,1,2,0,0,1,2,3,1,1,1,0,0,1,2,6,3.0
2019,78,0,P009917   ,1.0,1.0,DYR,9,"HOLLINS, AUSTIN",29:10,9,1,1,1,5,4,5,0,2,2,1,0,0,1,0,3,2,7,-1.0
2019,78,0,P005856   ,0.0,1.0,DYR,10,"THOMAS, WILL",32:50,17,4,5,3,5,0,0,2,1,3,4,1,0,0,0,0,2,24,0.0
2019,78,0,P007581   ,0.0,0.0,DYR,11,"BALASHOV, SERGEI",DNP,0,0,0,0,0,0,0,0,0,0,0,0,0,0,0,0,0,0,0.0
2019,78,0,P005945   ,0.0,1.0,DYR,12,"RENFROE, ALEX",20:05,17,2,2,2,3,7,8,2,3,5,6,2,2,0,0,3,4,27,-3.0
2019,78,0,PLKY      ,0.0,0.0,DYR,13,"KHVOSTOV, DMITRY",13:00,2,1,1,0,1,0,0,0,0,0,2,0,2,0,0,4,3,0,2.0
2019,78,0,P003370   ,1.0,0.0,DYR,14,"PUSHKOV, ANTON",09:35,0,0,3,0,0,0,0,1,1,2,0,0,1,0,0,1,1,-2,1.0
2019,78,0,P007851   ,0.0,0.0,DYR,16,"TRUSHKIN, VLADISLAV",12:14,6,0,0,2,7,0,0,0,0,0,0,0,0,0,0,2,0,-1,-8.0
2019,78,0,P005199   ,0.0,0.0,DYR,21,"ABROMAITIS, TIM",09:23,11,1,3,3,4,0,0,1,2,3,1,0,0,0,1,0,0,11,-1.0
2019,78,0,P005927   ,1.0,1.0,DYR,34,"AYON, GUSTAVO",22:09,13,5,10,0,0,3,3,2,2,4,1,1,3,0,0,4,2,9,-11.0
2019,78,0,Team,0.0,0.0,DYR,,Team,,0,0,0,0,0,0,0,0,4,4,0,0,0,0,0,0,0,4,
2019,78,0,Total,,,DYR,,Total,200:00,90,16,32,14,31,16,21,12,19,31,21,6,10,2,2,21,20,99,
2019,79,1,P009902   ,0.0,1.0,MIL,1,"MACK, SHELVIN",19:45,5,1,3,0,1,3,4,0,1,1,2,0,1,0,0,1,4,6,0.0
2019,79,1,P000529   ,1.0,1.0,MIL,5,"MICOV, VLADIMIR",26:37,13,4,6,1,3,2,2,0,4,4,1,1,0,0,1,1,1,14,0.0
2019,79,1,P009903   ,0.0,0.0,MIL,6,"BILIGHA, PAUL",13:28,4,1,4,0,0,2,2,1,1,2,1,0,0,1,1,4,1,1,-9.0
2019,79,1,P004974   ,1.0,1.0,MIL,10,"ROLL, MICHAEL",25:15,5,1,3,1,3,0,0,1,1,2,0,0,1,0,0,2,2,2,6.0
2019,79,1,PCVM      ,1.0,1.0,MIL,13,"RODRIGUEZ, SERGIO",25:32,18,4,6,2,5,4,4,0,1,1,11,1,3,0,0,1,4,26,11.0
2019,79,1,P008004   ,1.0,0.0,MIL,15,"TARCZEWSKI, KALEB",15:17,10,4,4,0,0,2,3,0,2,2,0,1,1,0,0,3,3,11,18.0
2019,79,1,P000848   ,0.0,0.0,MIL,16,"NEDOVIC, NEMANJA",14:28,11,1,3,3,5,0,0,0,0,0,1,0,2,0,0,4,3,5,-2.0
2019,79,1,PKIW      ,0.0,0.0,MIL,20,"CINCIARINI, ANDREA",00:13,0,0,0,0,0,0,0,0,0,0,0,0,0,0,0,0,0,0,-2.0
2019,79,1,P005692   ,0.0,0.0,MIL,23,"BURNS, CHRISTIAN",DNP,0,0,0,0,0,0,0,0,0,0,0,0,0,0,0,0,0,0,0.0
2019,79,1,P006505   ,0.0,0.0,MIL,30,"WHITE, AARON",10:46,0,0,0,0,0,0,0,0,1,1,1,0,1,0,0,0,1,2,-4.0
2019,79,1,P004117   ,0.0,1.0,MIL,32,"BROOKS, JEFF",25:07,6,1,2,1,3,1,2,1,6,7,0,1,1,1,0,2,1,9,-9.0
2019,79,1,PAJG      ,1.0,0.0,MIL,40,"SCOLA, LUIS",23:32,20,3,6,3,4,5,5,2,5,7,3,1,1,0,2,3,4,25,11.0
2019,79,1,Team,0.0,0.0,MIL,,Team,,0,0,0,0,0,0,0,2,1,3,0,0,0,0,0,0,0,3,
2019,79,1,Total,,,MIL,,Total,200:00,92,20,37,11,24,19,22,7,23,30,20,5,11,2,4,21,24,104,
2019,79,0,P009846   ,1.0,0.0,TEL,0,"BRYANT, ELIJAH",09:20,4,2,3,0,0,0,0,0,0,0,0,1,0,0,1,4,0,-1,-6.0
2019,79,0,P006661   ,1.0,0.0,TEL,1,"WILBEKIN, SCOTTIE",27:14,28,2,5,7,11,3,3,0,1,1,5,2,4,0,0,2,6,29,-4.0
2019,79,0,P009847   ,0.0,1.0,TEL,2,"ACY, QUINCY",27:56,4,2,3,0,2,0,0,2,2,4,1,0,0,2,0,3,2,7,4.0
2019,79,0,P005160   ,0.0,1.0,TEL,5,"HUNTER, OTHELLO",22:26,6,3,4,0,1,0,0,0,4,4,0,0,1,0,0,4,2,5,3.0
2019,79,0,P009848   ,0.0,0.0,TEL,6,"COHEN, SANDY",DNP,0,0,0,0,0,0,0,0,0,0,0,0,0,0,0,0,0,0,0.0
2019,79,0,P007675   ,0.0,0.0,TEL,8,"AVDIJA, DENI",16:03,2,1,1,0,2,0,0,0,2,2,0,0,0,1,0,2,0,1,4.0
2019,79,0,P009849   ,0.0,1.0,TEL,11,"DORSEY, TYLER",20:13,11,0,3,3,7,2,2,1,3,4,0,1,0,0,0,1,1,9,4.0
2019,79,0,P007990   ,0.0,1.0,TEL,12,"DIBARTOLOMEO, JOHN",08:50,6,2,2,0,1,2,2,0,1,1,2,0,1,0,0,4,4,7,4.0
2019,79,0,P006555   ,1.0,0.0,TEL,14,"WOLTERS, NATE",17:10,8,4,7,0,0,0,2,1,0,1,1,0,2,0,0,0,1,4,-12.0
2019,79,0,P005145   ,1.0,0.0,TEL,15,"COHEN, JAKE",11:51,2,1,2,0,2,0,0,0,1,1,1,1,1,0,0,1,0,0,-10.0
2019,79,0,P008991   ,1.0,1.0,TEL,28,"BLACK, TARIK",31:31,13,3,6,0,0,7,7,4,5,9,2,1,3,1,1,2,5,22,-1.0
2019,79,0,P006625   ,0.0,0.0,TEL,50,"ZOOSMAN, YOVEL",07:26,4,2,2,0,1,0,0,0,0,0,0,1,0,0,0,1,0,3,-6.0
2019,79,0,Team,0.0,0.0,TEL,,Team,,0,0,0,0,0,0,0,2,4,6,0,0,0,0,0,0,0,6,
2019,79,0,Total,,,TEL,,Total,200:00,88,22,38,10,27,14,16,10,23,33,12,7,12,4,2,24,21,92,
2019,80,1,P007870   ,1.0,0.0,BAR,0,"DAVIES, BRANDON",23:29,10,5,7,0,1,0,0,1,4,5,1,2,3,1,0,2,2,13,15.0
2019,80,1,PJUG      ,0.0,0.0,BAR,5,"RIBAS, PAU",DNP,0,0,0,0,0,0,0,0,0,0,0,0,0,0,0,0,0,0,0.0
2019,80,1,P005099   ,1.0,0.0,BAR,8,"HANGA, ADAM",20:15,10,2,3,2,3,0,0,0,3,3,3,1,4,0,0,3,2,10,20.0
2019,80,1,P007109   ,1.0,1.0,BAR,10,"SMITS, ROLANDS",18:41,2,1,3,0,1,0,0,1,1,2,0,0,0,0,0,3,0,-2,2.0
2019,80,1,P005917   ,0.0,1.0,BAR,18,"ORIOLA, PIERRE",17:40,4,2,3,0,0,0,0,3,1,4,1,0,0,0,0,2,1,7,9.0
2019,80,1,P003478   ,0.0,1.0,BAR,21,"ABRINES, ALEX",18:55,12,0,1,4,6,0,0,0,1,1,0,0,0,0,0,3,1,8,22.0
2019,80,1,P006450   ,1.0,1.0,BAR,22,"HIGGINS, CORY",24:30,22,3,4,4,8,4,4,0,1,1,3,0,0,0,1,0,2,22,25.0
2019,80,1,P004331   ,0.0,0.0,BAR,23,"DELANEY, MALCOLM",17:31,2,1,2,0,2,0,0,0,3,3,9,1,2,0,0,2,4,12,5.0
2019,80,1,P005789   ,0.0,0.0,BAR,24,"KURIC, KYLE",20:08,11,3,6,1,5,2,2,1,6,7,0,2,1,0,1,0,1,12,4.0
2019,80,1,P008985   ,0.0,1.0,BAR,31,"BOLMARO, LEANDRO",02:14,2,1,1,0,0,0,0,0,1,1,2,1,0,0,0,0,0,6,1.0
2019,80,1,P000796   ,1.0,0.0,BAR,33,"MIROTIC, NIKOLA",23:37,7,2,5,0,3,3,3,3,7,10,2,2,2,0,0,1,2,14,17.0
2019,80,1,P002507   ,0.0,0.0,BAR,44,"TOMIC, ANTE",13:00,7,3,4,0,0,1,2,1,0,1,1,0,0,0,0,2,1,6,10.0
2019,80,1,Team,0.0,0.0,BAR,,Team,,0,0,0,0,0,0,0,1,0,1,0,0,0,0,0,0,0,1,
2019,80,1,Total,,,BAR,,Total,200:00,89,23,39,11,29,10,11,11,28,39,22,9,12,1,2,18,16,109,
2019,80,0,P008177   ,0.0,1.0,ULK,8,"SANCAKLI, EKREM",06:05,5,1,1,1,1,0,0,0,1,1,0,0,1,0,0,0,0,5,-7.0
2019,80,0,P002969   ,0.0,0.0,ULK,10,"MAHMUTOGLU, MELIH",19:46,8,1,1,2,5,0,0,0,1,1,0,0,0,0,0,3,0,3,-7.0
2019,80,0,P004866   ,0.0,1.0,ULK,12,"KALINIC, NIKOLA",16:41,2,1,2,0,0,0,0,0,3,3,0,0,3,0,0,4,1,-2,-18.0
2019,80,0,P006961   ,1.0,1.0,ULK,13,"BIBEROVIC, TARIK",16:39,2,1,5,0,1,0,0,1,1,2,2,0,1,1,0,0,0,1,-12.0
2019,80,0,P001926   ,1.0,0.0,ULK,16,"SLOUKAS, KOSTAS",23:48,7,1,2,1,4,2,2,1,1,2,5,1,3,0,0,1,4,11,-21.0
2019,80,0,P009006   ,0.0,0.0,ULK,21,"WILLIAMS, DERRICK",12:39,0,0,1,0,1,0,4,0,0,0,0,0,2,0,0,1,2,-7,-18.0
2019,80,0,P000925   ,0.0,0.0,ULK,24,"VESELY, JAN",11:57,4,2,4,0,0,0,1,0,1,1,1,0,1,0,0,1,4,5,-18.0
2019,80,0,P001324   ,0.0,0.0,ULK,35,"MUHAMMED, ALI",18:32,2,1,1,0,3,0,0,1,2,3,3,0,2,0,0,1,0,2,-8.0
2019,80,0,P006399   ,1.0,0.0,ULK,44,"DUVERIOGLU, AHMET",14:39,8,4,6,0,0,0,1,0,2,2,0,0,0,0,0,3,2,6,-5.0
2019,80,0,PCCD      ,1.0,0.0,ULK,70,"DATOME, LUIGI",23:19,7,2,2,1,4,0,0,0,0,0,1,1,0,1,0,0,2,9,-8.0
2019,80,0,P004194   ,1.0,1.0,ULK,77,"LAUVERGNE, JOFFREY",27:09,12,6,9,0,2,0,2,1,3,4,2,1,1,0,1,2,3,11,-8.0
2019,80,0,PLBJ      ,0.0,1.0,ULK,91,"STIMAC, VLADIMIR",08:46,6,3,3,0,0,0,0,1,5,6,0,0,2,0,0,0,0,10,0.0
2019,80,0,Team,0.0,0.0,ULK,,Team,,0,0,0,0,0,0,0,0,1,1,0,0,0,0,0,0,0,1,
2019,80,0,Total,,,ULK,,Total,200:00,63,23,37,5,21,2,10,5,21,26,14,3,16,2,1,16,18,55,
2019,81,1,P007947   ,0.0,1.0,BAS,3,"VILDOZA, LUCA",28:23,12,3,5,2,5,0,0,0,1,1,2,1,1,1,0,2,1,10,21.0
2019,81,1,P008032   ,0.0,0.0,BAS,5,"GONZALEZ, MIGUEL",01:15,0,0,0,0,0,0,0,0,0,0,0,0,0,0,0,0,0,0,-3.0
2019,81,1,P006754   ,1.0,1.0,BAS,7,"HENRY, PIERRIA",23:59,5,2,3,0,1,1,1,1,3,4,2,2,2,0,0,3,2,8,4.0
2019,81,1,P009918   ,0.0,0.0,BAS,10,"LOPEZ, LAUTARO",DNP,0,0,0,0,0,0,0,0,0,0,0,0,0,0,0,0,0,0,0.0
2019,81,1,P004165   ,0.0,0.0,BAS,11,"JANNING, MATT",19:42,7,2,4,1,4,0,0,0,1,1,1,1,0,0,0,1,1,5,-4.0
2019,81,1,P003540   ,0.0,1.0,BAS,12,"DIOP, ILIMANE",17:19,8,0,0,0,0,8,10,1,3,4,0,0,2,2,0,4,7,13,17.0
2019,81,1,P006568   ,1.0,0.0,BAS,19,"FALL, YOUSSOUPHA",11:01,3,1,2,0,0,1,2,1,1,2,0,0,2,2,0,4,1,0,-4.0
2019,81,1,P009836   ,1.0,0.0,BAS,22,"STAUSKAS, NIK",25:50,11,1,4,2,5,3,3,1,7,8,3,2,1,0,0,2,2,17,3.0
2019,81,1,P001133   ,1.0,1.0,BAS,23,"SHENGELIA, TORNIKE",32:10,22,5,8,2,5,6,7,0,6,6,1,3,5,0,1,3,7,23,10.0
2019,81,1,P007994   ,1.0,1.0,BAS,29,"GARINO, PATRICIO",20:51,8,1,3,0,4,6,6,1,5,6,2,2,1,0,1,2,4,12,9.0
2019,81,1,P002084   ,0.0,0.0,BAS,33,"POLONARA, ACHILLE",05:58,0,0,1,0,0,0,0,1,1,2,0,0,1,0,0,0,0,0,-1.0
2019,81,1,P007360   ,0.0,0.0,BAS,50,"ERIC, MICHAEL",13:32,4,2,4,0,0,0,4,1,1,2,0,0,3,2,2,1,2,-2,-2.0
2019,81,1,Team,0.0,0.0,BAS,,Team,,0,0,0,0,0,0,0,0,3,3,0,0,0,0,0,0,0,3,
2019,81,1,Total,,,BAS,,Total,200:00,80,17,34,7,24,25,33,7,32,39,11,11,18,7,4,22,27,89,
2019,81,0,P009035   ,0.0,0.0,CSK,3,"BOLOMBOY, JOEL",18:08,2,1,5,0,0,0,0,2,4,6,1,0,1,1,1,5,2,1,1.0
2019,81,0,P005985   ,1.0,1.0,CSK,5,"JAMES, MIKE",28:06,17,3,10,3,4,2,4,0,2,2,2,0,2,0,1,0,5,13,-5.0
2019,81,0,P004941   ,0.0,0.0,CSK,11,"ANTONOV, SEMEN",DNP,0,0,0,0,0,0,0,0,0,0,0,0,0,0,0,0,0,0,0.0
2019,81,0,P000046   ,0.0,1.0,CSK,13,"STRELNIEKS, JANIS",30:24,17,2,5,3,4,4,4,0,3,3,5,0,1,0,0,1,3,22,2.0
2019,81,0,P007201   ,1.0,1.0,CSK,17,"VOIGTMANN, JOHANNES",23:16,2,1,3,0,4,0,0,1,4,5,2,0,3,1,1,3,1,-2,-16.0
2019,81,0,PLHI      ,0.0,1.0,CSK,20,"VORONTSEVICH, ANDREY",11:33,0,0,2,0,0,0,0,0,3,3,1,2,1,0,1,2,0,0,-9.0
2019,81,0,P001844   ,0.0,0.0,CSK,23,"HACKETT, DANIEL",14:29,12,2,3,2,3,2,2,0,2,2,0,0,2,0,0,5,3,8,-3.0
2019,81,0,P009766   ,1.0,0.0,CSK,31,"KOUFOS, KOSTA",04:11,0,0,2,0,0,0,0,0,1,1,0,0,0,0,1,1,0,-3,0.0
2019,81,0,P008989   ,1.0,1.0,CSK,32,"HILLIARD, DARRUN",21:06,6,0,3,2,8,0,0,0,3,3,0,2,4,1,1,3,1,-4,-9.0
2019,81,0,PJLX      ,1.0,0.0,CSK,41,"KURBANOV, NIKITA",16:59,2,1,1,0,1,0,0,3,0,3,0,0,3,0,0,2,3,2,-10.0
2019,81,0,P002812   ,0.0,0.0,CSK,42,"HINES, KYLE",22:52,8,3,5,0,0,2,2,1,3,4,1,2,0,1,1,5,2,10,4.0
2019,81,0,P009767   ,0.0,0.0,CSK,84,"BAKER, RON",08:56,4,0,0,0,1,4,4,0,1,1,0,2,3,0,0,0,2,5,-5.0
2019,81,0,Team,0.0,0.0,CSK,,Team,,0,0,0,0,0,0,0,2,1,3,0,0,1,0,0,0,0,2,
2019,81,0,Total,,,CSK,,Total,200:00,70,13,39,10,25,14,16,9,27,36,12,8,21,4,7,27,22,54,
2019,82,1,P008855   ,1.0,1.0,ZAL,0,"WALKUP, THOMAS",21:54,7,2,3,1,3,0,2,0,0,0,4,2,1,0,0,4,2,5,2.0
2019,82,1,P003210   ,0.0,1.0,ZAL,4,"LEKAVICIUS, LUKAS",23:25,9,3,6,0,3,3,4,1,2,3,0,0,2,0,0,3,3,3,-8.0
2019,82,1,P008962   ,0.0,0.0,ZAL,10,"HAYES, NIGEL",11:02,1,0,0,0,0,1,2,1,2,3,1,0,1,0,0,0,1,4,-7.0
2019,82,1,PBWI      ,1.0,0.0,ZAL,13,"JANKUNAS, PAULIUS",20:29,2,1,3,0,0,0,0,2,5,7,1,0,1,0,1,3,3,6,3.0
2019,82,1,P006158   ,0.0,0.0,ZAL,16,"LUKOSIUNAS, KAROLIS",DNP,0,0,0,0,0,0,0,0,0,0,0,0,0,0,0,0,0,0,0.0
2019,82,1,PKPD      ,0.0,1.0,ZAL,21,"MILAKNIS, ARTURAS",16:37,3,0,0,1,5,0,0,0,1,1,2,1,0,0,0,4,0,-1,-3.0
2019,82,1,P009753   ,0.0,0.0,ZAL,23,"GEBEN, MARTINAS",04:57,0,0,1,0,0,0,0,0,0,0,0,0,1,0,0,1,0,-3,-3.0
2019,82,1,P007519   ,0.0,0.0,ZAL,31,"JOKUBAITIS, ROKAS",01:13,0,0,0,0,0,0,0,0,0,0,0,0,1,0,0,0,0,-1,-2.0
2019,82,1,P008987   ,0.0,0.0,ZAL,32,"LEDAY, ZACH",16:12,5,0,1,0,1,5,6,0,1,1,1,0,0,2,0,0,4,10,-15.0
2019,82,1,P008820   ,1.0,1.0,ZAL,34,"LANDALE, JOCK",27:18,10,3,8,1,4,1,2,3,3,6,1,1,0,1,0,4,1,7,13.0
2019,82,1,P002328   ,1.0,1.0,ZAL,40,"GRIGONIS, MARIUS",26:16,11,4,6,0,3,3,4,0,0,0,1,0,2,0,0,2,5,7,8.0
2019,82,1,P002329   ,1.0,0.0,ZAL,92,"ULANOVAS, EDGARAS",30:37,11,4,7,0,2,3,3,3,2,5,1,0,1,0,0,1,5,15,2.0
2019,82,1,Team,0.0,0.0,ZAL,,Team,,0,0,0,0,0,0,0,3,6,9,0,0,0,0,0,0,0,9,
2019,82,1,Total,,,ZAL,,Total,200:00,59,17,35,3,21,16,23,13,22,35,12,4,10,3,1,22,24,61,
2019,82,0,P003479   ,1.0,0.0,RED,0,"KUZMIC, OGNJEN",22:49,3,1,3,0,0,1,1,0,3,3,1,1,1,0,0,3,3,5,-8.0
2019,82,0,PJDZ      ,0.0,0.0,RED,3,"COVIC, FILIP",16:35,3,0,1,1,7,0,0,0,1,1,2,0,0,0,1,3,3,-2,-3.0
2019,82,0,P009622   ,1.0,1.0,RED,4,"BROWN, LORENZO",23:25,12,2,5,1,3,5,5,2,3,5,3,1,0,1,0,2,4,19,5.0
2019,82,0,P007960   ,0.0,1.0,RED,7,"DAVIDOVAC, DEJAN",11:29,4,1,1,0,1,2,2,0,1,1,1,0,0,0,0,0,1,6,1.0
2019,82,0,PLUO      ,1.0,1.0,RED,10,"LAZIC, BRANKO",10:04,2,1,1,0,1,0,0,1,0,1,0,0,0,0,0,4,1,-1,-7.0
2019,82,0,P008800   ,0.0,1.0,RED,11,"FAYE, MOUHAMMAD",27:48,5,0,4,0,1,5,6,2,5,7,1,0,3,0,0,1,3,6,11.0
2019,82,0,P005775   ,1.0,0.0,RED,12,"BARON, BILLY",25:25,14,4,5,1,6,3,4,2,2,4,1,1,0,0,0,1,5,17,-1.0
2019,82,0,P004007   ,0.0,0.0,RED,13,"DOBRIC, OGNJEN",18:10,6,3,3,0,2,0,0,0,1,1,0,0,2,0,0,2,1,2,6.0
2019,82,0,P005014   ,0.0,1.0,RED,22,"JENKINS, CHARLES",17:50,6,2,7,0,3,2,2,1,4,5,0,1,1,0,2,3,1,-1,8.0
2019,82,0,P005618   ,1.0,0.0,RED,28,"SIMANIC, BORISA",10:06,2,1,1,0,0,0,0,0,1,1,0,0,1,0,0,1,0,1,-9.0
2019,82,0,P003264   ,0.0,0.0,RED,32,"JOVANOVIC, NIKOLA",00:14,0,0,0,0,0,0,0,0,0,0,0,0,0,0,0,0,0,0,-2.0
2019,82,0,P008801   ,0.0,0.0,RED,50,"OJO, MICHAEL",16:05,4,2,2,0,0,0,0,2,3,5,0,3,2,0,0,4,0,6,9.0
2019,82,0,Team,0.0,0.0,RED,,Team,,0,0,0,0,0,0,0,2,2,4,0,0,1,0,0,0,0,3,
2019,82,0,Total,,,RED,,Total,200:00,61,17,33,3,24,18,20,12,26,38,9,7,11,1,3,24,22,61,
2019,83,1,P009600   ,0.0,1.0,BER,1,"MASON, MAKAI",12:59,15,0,1,3,3,6,7,0,3,3,1,0,2,0,0,1,4,18,12.0
2019,83,1,P001557   ,0.0,1.0,BER,5,"GIFFEY, NIELS",16:45,8,0,0,2,4,2,2,0,3,3,2,0,3,0,0,4,1,5,-2.0
2019,83,1,P003151   ,0.0,1.0,BER,8,"ERIKSSON, MARCUS",19:53,16,1,2,4,7,2,2,0,0,0,1,1,0,0,0,0,2,16,-8.0
2019,83,1,P007025   ,0.0,0.0,BER,9,"MATTISSECK, JONAS",16:50,3,0,0,1,3,0,0,0,1,1,1,0,0,0,1,3,1,0,-11.0
2019,83,1,P006251   ,0.0,0.0,BER,10,"SCHNEIDER, TIM",21:38,9,0,0,3,5,0,0,1,3,4,0,0,0,0,0,4,1,8,-28.0
2019,83,1,P007566   ,0.0,0.0,BER,11,"BRENNEKE, LORENZ",DNP,0,0,0,0,0,0,0,0,0,0,0,0,0,0,0,0,0,0,0.0
2019,83,1,P008780   ,1.0,0.0,BER,15,"HERMANNSSON, MARTIN",26:34,6,1,5,0,3,4,4,0,2,2,7,1,4,0,0,1,2,6,-17.0
2019,83,1,P006819   ,0.0,1.0,BER,16,"NIKIC, KRESIMIR",08:23,0,0,1,0,0,0,0,0,3,3,1,0,1,0,1,2,1,0,9.0
2019,83,1,P003242   ,1.0,0.0,BER,25,"OGBE, KENNETH",04:30,2,1,2,0,0,0,0,0,0,0,0,1,1,0,0,0,0,1,-8.0
2019,83,1,P006436   ,1.0,0.0,BER,31,"GIEDRAITIS, ROKAS",22:29,4,1,6,0,1,2,2,1,0,1,0,0,1,0,1,1,4,0,-23.0
2019,83,1,P009051   ,1.0,1.0,BER,35,"NNOKO, LANDRY",31:25,11,4,7,0,0,3,4,3,2,5,0,1,2,2,0,0,3,16,-17.0
2019,83,1,P006589   ,1.0,0.0,BER,43,"SIKMA, LUKE",18:34,6,3,3,0,1,0,0,1,2,3,6,0,0,0,0,3,3,14,-2.0
2019,83,1,Team,0.0,0.0,BER,,Team,,0,0,0,0,0,0,0,0,2,2,0,0,0,0,0,0,0,2,
2019,83,1,Total,,,BER,,Total,200:00,80,11,27,13,27,19,21,6,21,27,19,4,14,2,3,19,22,86,
2019,83,0,P009862   ,0.0,0.0,OLY,0,"PUNTER, KEVIN",06:56,0,0,0,0,1,0,0,0,1,1,1,1,1,0,0,1,0,0,-4.0
2019,83,0,P002972   ,0.0,0.0,OLY,1,"ROCHESTIE, TAYLOR",16:58,5,0,0,1,3,2,2,0,2,2,6,0,0,0,0,2,2,11,2.0
2019,83,0,P009863   ,0.0,1.0,OLY,2,"BALDWIN IV, WADE",16:04,6,3,4,0,0,0,0,0,0,0,2,2,0,0,0,4,0,5,4.0
2019,83,0,P004945   ,0.0,0.0,OLY,3,"PAUL, BRANDON",15:25,12,0,0,4,7,0,0,0,3,3,2,0,1,0,0,3,1,11,0.0
2019,83,0,P005255   ,1.0,0.0,OLY,6,"KONIARIS, ANTONIOS",14:11,7,2,4,1,1,0,0,1,3,4,4,0,0,0,0,2,1,12,20.0
2019,83,0,PJUO      ,1.0,1.0,OLY,7,"SPANOULIS, VASSILIS",25:51,11,1,2,2,6,3,4,0,0,0,4,0,2,0,0,2,3,8,16.0
2019,83,0,P003941   ,1.0,0.0,OLY,11,"MILUTINOV, NIKOLA",25:13,8,2,5,0,0,4,5,1,5,6,1,1,1,1,1,1,3,13,27.0
2019,83,0,P003469   ,0.0,1.0,OLY,14,"VEZENKOV, SASHA",06:56,5,1,1,1,2,0,0,1,1,2,0,0,0,0,0,1,0,5,-3.0
2019,83,0,PAMM      ,0.0,0.0,OLY,15,"PRINTEZIS, GEORGIOS",18:43,15,4,6,2,3,1,2,0,1,1,2,0,0,1,0,1,5,19,-1.0
2019,83,0,P001255   ,1.0,1.0,OLY,16,"PAPANIKOLAOU, KOSTAS",24:35,12,2,3,2,2,2,2,0,4,4,0,1,1,0,0,3,1,13,19.0
2019,83,0,P006477   ,1.0,1.0,OLY,21,"RUBIT, AUGUSTINE",23:38,16,5,10,1,2,3,3,3,5,8,1,0,0,1,1,1,3,21,10.0
2019,83,0,P009946   ,0.0,0.0,OLY,33,"REED, WILLIE",05:30,2,1,1,0,0,0,0,0,1,1,0,0,1,0,0,1,0,1,5.0
2019,83,0,Team,0.0,0.0,OLY,,Team,,0,0,0,0,0,0,0,2,0,2,0,0,0,0,0,0,0,2,
2019,83,0,Total,,,OLY,,Total,200:00,99,21,36,14,27,15,18,8,26,34,23,5,7,3,2,22,19,121,
2019,84,1,P006533   ,0.0,1.0,PAM,1,"COLOM, QUINO",27:06,12,4,8,1,3,1,5,0,3,3,11,1,2,0,0,0,7,22,15.0
2019,84,1,P004761   ,0.0,0.0,PAM,2,"MARINKOVIC, VANJA",19:02,13,1,2,3,4,2,2,0,1,1,0,0,0,0,1,1,1,11,11.0
2019,84,1,P009754   ,1.0,1.0,PAM,3,"LOYD, JORDAN",20:57,6,0,3,1,5,3,3,0,4,4,0,0,2,0,0,3,3,1,-5.0
2019,84,1,P006726   ,0.0,0.0,PAM,5,"NDOUR, MAURICE",DNP,0,0,0,0,0,0,0,0,0,0,0,0,0,0,0,0,0,0,0.0
2019,84,1,P003733   ,0.0,1.0,PAM,6,"ABALDE, ALBERTO",24:15,8,4,7,0,0,0,0,2,4,6,1,0,0,0,1,2,0,9,11.0
2019,84,1,P004884   ,1.0,0.0,PAM,7,"LABEYRIE, LOUIS",20:18,4,2,2,0,1,0,0,3,3,6,2,1,2,0,0,1,1,10,-10.0
2019,84,1,P008966   ,0.0,0.0,PAM,10,"TOBEY, MIKE",18:17,15,6,10,0,1,3,4,6,4,10,0,0,1,0,2,3,3,16,8.0
2019,84,1,P006599   ,0.0,1.0,PAM,12,"MOTUM, BROCK",19:42,7,2,3,1,4,0,0,0,1,1,1,1,1,0,0,0,0,5,15.0
2019,84,1,P002742   ,1.0,1.0,PAM,14,"DUBLJEVIC, BOJAN",21:43,18,7,8,0,1,4,4,2,5,7,1,0,1,1,0,2,7,29,-3.0
2019,84,1,P002361   ,1.0,0.0,PAM,16,"VIVES, GUILLEM",14:47,4,1,2,0,2,2,2,0,1,1,0,0,0,0,0,3,0,-1,-17.0
2019,84,1,P000518   ,0.0,0.0,PAM,19,"SAN EMETERIO, FERNANDO",10:26,2,1,3,0,1,0,1,2,1,3,1,0,0,0,0,0,1,3,10.0
2019,84,1,P002763   ,1.0,0.0,PAM,42,"DOORNEKAMP, AARON",03:27,0,0,0,0,0,0,0,0,0,0,0,0,0,0,0,1,1,0,-10.0
2019,84,1,Team,0.0,0.0,PAM,,Team,,0,0,0,0,0,0,0,2,0,2,0,0,0,0,0,0,0,2,
2019,84,1,Total,,,PAM,,Total,200:00,89,28,48,6,22,15,21,17,27,44,17,3,9,1,4,16,24,107,
2019,84,0,PKVZ      ,1.0,1.0,KHI,1,"SHVED, ALEXEY",29:47,11,2,5,1,8,4,5,0,2,2,1,0,2,1,0,2,4,4,-10.0
2019,84,0,P004810   ,0.0,0.0,KHI,3,"KRAMER, CHRIS",26:50,8,4,6,0,3,0,0,1,2,3,3,0,1,0,0,5,1,4,-8.0
2019,84,0,P007056   ,1.0,0.0,KHI,5,"BOOKER, DEVIN",31:03,14,4,9,1,2,3,3,4,6,10,2,1,3,0,0,4,2,16,0.0
2019,84,0,P004302   ,0.0,0.0,KHI,7,"KARASEV, SERGEY",03:55,0,0,1,0,1,0,0,1,0,1,0,0,2,0,0,1,0,-4,-8.0
2019,84,0,P001792   ,0.0,0.0,KHI,8,"ZAYTSEV, VYACHESLAV",DNP,0,0,0,0,0,0,0,0,0,0,0,0,0,0,0,0,0,0,0.0
2019,84,0,P009748   ,0.0,1.0,KHI,11,"JEREBKO, JONAS",26:15,14,1,5,4,7,0,0,1,3,4,1,2,0,1,1,3,1,12,-11.0
2019,84,0,PBFX      ,0.0,0.0,KHI,12,"MONIA, SERGEY",DNP,0,0,0,0,0,0,0,0,0,0,0,0,0,0,0,0,0,0,0.0
2019,84,0,P008001   ,1.0,1.0,KHI,13,"GILL, ANTHONY",19:54,7,3,4,0,0,1,1,2,4,6,0,0,1,2,0,4,4,13,5.0
2019,84,0,P004863   ,1.0,1.0,KHI,24,"JOVIC, STEFAN",31:51,19,3,6,4,5,1,3,2,3,5,11,3,0,0,0,3,4,33,1.0
2019,84,0,P001954   ,0.0,0.0,KHI,31,"VALIEV, EVGENY",DNP,0,0,0,0,0,0,0,0,0,0,0,0,0,0,0,0,0,0,0.0
2019,84,0,P007432   ,0.0,0.0,KHI,40,"EVANS, JEREMY",02:48,2,1,1,0,0,0,0,0,0,0,0,0,0,0,0,2,0,0,-4.0
2019,84,0,P000436   ,1.0,1.0,KHI,45,"BERTANS, DAIRIS",27:37,9,0,0,3,6,0,0,0,1,1,1,0,0,0,0,1,0,7,10.0
2019,84,0,Team,0.0,0.0,KHI,,Team,,0,0,0,0,0,0,0,1,1,2,0,0,0,0,0,0,0,2,
2019,84,0,Total,,,KHI,,Total,200:00,84,18,37,13,32,9,12,12,22,34,19,6,9,4,1,25,16,87,
2019,85,1,PBOG      ,0.0,1.0,MUN,7,"KING, ALEX",05:17,0,0,0,0,2,0,0,0,0,0,0,0,0,0,0,1,0,-3,3.0
2019,85,1,P004178   ,0.0,0.0,MUN,8,"KOPONEN, PETTERI",11:14,3,0,1,1,4,0,0,0,1,1,0,0,3,0,0,3,1,-5,-17.0
2019,85,1,P009835   ,1.0,0.0,MUN,10,"MONROE, GREG",24:49,15,6,11,0,0,3,4,2,6,8,1,4,2,1,1,1,6,25,-3.0
2019,85,1,P001288   ,1.0,0.0,MUN,11,"LUCIC, VLADIMIR",32:58,7,2,3,1,2,0,1,0,4,4,2,1,0,1,0,0,5,17,-8.0
2019,85,1,P007032   ,1.0,1.0,MUN,12,"LO, MAODO",28:51,8,1,3,2,5,0,0,0,5,5,3,0,1,0,0,1,0,9,-11.0
2019,85,1,P005056   ,1.0,1.0,MUN,16,"ZIPSER, PAUL",33:19,23,7,8,2,3,3,3,1,6,7,3,0,1,1,0,4,2,29,0.0
2019,85,1,P002829   ,0.0,0.0,MUN,20,"NELSON, DEMARCUS",08:56,4,2,3,0,1,0,0,0,0,0,4,0,1,0,0,1,0,4,2.0
2019,85,1,P005670   ,0.0,0.0,MUN,21,"FLACCADORI, DIEGO",03:39,0,0,2,0,0,0,0,0,0,0,0,0,1,0,0,1,0,-4,-5.0
2019,85,1,P003490   ,1.0,0.0,MUN,22,"BARTHEL, DANILO",28:30,5,1,6,1,4,0,0,0,2,2,2,0,0,0,0,0,2,3,-11.0
2019,85,1,P003842   ,0.0,1.0,MUN,26,"LESSORT, MATHIAS",13:59,8,3,4,0,0,2,5,4,0,4,0,0,1,2,1,2,5,11,-8.0
2019,85,1,PLEM      ,0.0,0.0,MUN,43,"RADOSEVIC, LEON",07:25,2,1,2,0,0,0,0,0,0,0,0,0,0,0,0,0,0,1,-5.0
2019,85,1,P008250   ,0.0,1.0,MUN,44,"GRANT, SASHA",01:03,0,0,0,0,0,0,0,0,0,0,0,0,0,0,0,0,0,0,3.0
2019,85,1,Team,0.0,0.0,MUN,,Team,,0,0,0,0,0,0,0,2,2,4,0,0,0,0,0,0,0,4,
2019,85,1,Total,,,MUN,,Total,200:00,75,23,43,7,21,8,13,9,26,35,15,5,10,5,2,14,21,91,
2019,85,0,P005094   ,1.0,1.0,PAN,0,"THOMAS, DESHAUN",27:22,14,1,3,4,7,0,0,0,2,2,2,1,0,0,0,1,1,14,4.0
2019,85,0,P003367   ,0.0,1.0,PAN,5,"RICE, TYRESE",15:08,13,4,5,1,3,2,2,0,2,2,5,2,0,0,0,3,3,19,-1.0
2019,85,0,P005844   ,1.0,0.0,PAN,6,"PAPAGIANNIS, GEORGIOS",10:25,2,1,2,0,0,0,0,0,1,1,1,0,1,0,0,2,0,0,-12.0
2019,85,0,P005161   ,1.0,1.0,PAN,10,"PAPAPETROU, IOANNIS",30:34,11,1,2,3,4,0,0,0,5,5,0,1,1,1,0,3,0,12,6.0
2019,85,0,P000464   ,0.0,0.0,PAN,11,"PAPPAS, NIKOS",06:10,0,0,0,0,1,0,0,0,1,1,2,0,0,0,0,0,0,2,4.0
2019,85,0,PTFX      ,0.0,0.0,PAN,15,"VOUGIOUKAS, IAN",02:44,0,0,0,0,0,0,0,0,0,0,0,0,0,1,0,2,0,-1,3.0
2019,85,0,P009816   ,0.0,0.0,PAN,24,"JOHNSON, WESLEY",12:50,2,0,1,0,1,2,2,0,1,1,0,0,0,0,0,0,1,2,4.0
2019,85,0,P009842   ,1.0,0.0,PAN,32,"FREDETTE, JIMMER",11:37,10,2,3,1,3,3,3,1,0,1,2,0,1,0,1,0,2,10,-5.0
2019,85,0,P001932   ,1.0,1.0,PAN,33,"CALATHES, NICK",32:33,12,3,10,2,4,0,0,0,7,7,5,1,2,0,3,4,3,10,13.0
2019,85,0,P009472   ,0.0,0.0,PAN,35,"WILEY, JACOB",07:38,8,3,4,0,0,2,2,0,0,0,0,0,0,0,0,2,1,6,7.0
2019,85,0,P007866   ,0.0,1.0,PAN,44,"MITOGLOU, KONSTANTINOS",19:44,11,3,5,1,1,2,2,1,5,6,2,2,0,0,0,3,2,18,16.0
2019,85,0,P009818   ,0.0,0.0,PAN,50,"BENTIL, BENJAMIN",23:15,4,1,2,0,2,2,2,2,2,4,2,1,0,0,1,1,1,7,21.0
2019,85,0,Team,0.0,0.0,PAN,,Team,,0,0,0,0,0,0,0,0,2,2,0,0,1,0,0,0,0,1,
2019,85,0,Total,,,PAN,,Total,200:00,87,19,37,12,26,13,13,4,28,32,21,8,6,2,5,21,14,100,
2019,86,1,P009902   ,0.0,1.0,MIL,1,"MACK, SHELVIN",23:19,8,4,9,0,1,0,0,2,2,4,5,0,2,0,0,1,2,10,-5.0
2019,86,1,P000529   ,1.0,1.0,MIL,5,"MICOV, VLADIMIR",25:13,10,4,7,0,3,2,2,1,2,3,1,2,0,0,0,1,4,13,-10.0
2019,86,1,P009903   ,0.0,0.0,MIL,6,"BILIGHA, PAUL",16:47,5,2,3,0,0,1,2,1,1,2,0,0,0,2,0,1,1,7,4.0
2019,86,1,P000726   ,0.0,0.0,MIL,9,"MORASCHINI, RICCARDO",DNP,0,0,0,0,0,0,0,0,0,0,0,0,0,0,0,0,0,0,0.0
2019,86,1,P004974   ,1.0,1.0,MIL,10,"ROLL, MICHAEL",20:13,8,0,1,2,5,2,2,1,5,6,3,1,1,0,0,2,1,12,-1.0
2019,86,1,PCVM      ,1.0,1.0,MIL,13,"RODRIGUEZ, SERGIO",27:25,11,1,4,3,9,0,0,0,1,1,9,0,1,0,0,3,2,10,-9.0
2019,86,1,P008004   ,1.0,0.0,MIL,15,"TARCZEWSKI, KALEB",14:24,6,3,6,0,0,0,0,2,0,2,0,1,2,2,0,4,0,2,9.0
2019,86,1,P000848   ,0.0,0.0,MIL,16,"NEDOVIC, NEMANJA",14:08,9,0,1,3,5,0,0,0,1,1,1,0,0,0,0,5,1,4,2.0
2019,86,1,PKIW      ,0.0,0.0,MIL,20,"CINCIARINI, ANDREA",DNP,0,0,0,0,0,0,0,0,0,0,0,0,0,0,0,0,0,0,0.0
2019,86,1,P006505   ,0.0,0.0,MIL,30,"WHITE, AARON",12:54,8,0,0,2,3,2,2,0,3,3,0,0,2,0,0,3,1,6,8.0
2019,86,1,P004117   ,0.0,1.0,MIL,32,"BROOKS, JEFF",30:39,8,1,2,2,3,0,0,1,7,8,0,0,1,4,0,2,0,15,-9.0
2019,86,1,PAJG      ,1.0,0.0,MIL,40,"SCOLA, LUIS",14:58,3,1,5,0,2,1,2,3,1,4,0,0,0,0,2,1,1,-2,-14.0
2019,86,1,Team,0.0,0.0,MIL,,Team,,0,0,0,0,0,0,0,1,1,2,0,0,1,0,0,0,0,1,
2019,86,1,Total,,,MIL,,Total,200:00,76,16,38,12,31,8,10,12,24,36,19,4,10,8,2,23,13,78,
2019,86,0,P007200   ,0.0,1.0,IST,0,"LARKIN, SHANE",30:18,17,2,6,2,6,7,7,0,4,4,5,2,2,0,2,0,5,21,5.0
2019,86,0,P006590   ,1.0,0.0,IST,1,"BEAUBOIS, RODRIGUE",20:15,10,1,3,2,4,2,2,0,1,1,2,0,1,0,1,1,2,8,-4.0
2019,86,0,P006614   ,1.0,1.0,IST,2,"SINGLETON, CHRIS",17:29,11,2,3,1,2,4,4,2,2,4,1,0,2,0,1,2,2,11,0.0
2019,86,0,P003521   ,0.0,0.0,IST,4,"BALBAY, DOGUS",00:04,0,0,0,0,0,0,0,0,0,0,0,0,0,0,0,0,0,0,2.0
2019,86,0,P005686   ,0.0,0.0,IST,8,"GECIM, TOLGA",DNP,0,0,0,0,0,0,0,0,0,0,0,0,0,0,0,0,0,0,0.0
2019,86,0,P002968   ,0.0,0.0,IST,15,"SANLI, SERTAC",11:29,6,2,7,0,0,2,2,1,2,3,0,0,0,0,2,2,2,2,-2.0
2019,86,0,P002925   ,0.0,0.0,IST,19,"TUNCER, BUGRAHAN",DNP,0,0,0,0,0,0,0,0,0,0,0,0,0,0,0,0,0,0,0.0
2019,86,0,PLHK      ,1.0,0.0,IST,21,"PLEISS, TIBOR",24:19,14,6,6,0,1,2,2,4,8,12,1,0,1,2,0,1,2,28,0.0
2019,86,0,P002580   ,1.0,1.0,IST,22,"MICIC, VASILIJE",35:11,6,1,2,1,4,1,1,0,4,4,6,1,2,0,0,3,2,10,7.0
2019,86,0,P005938   ,0.0,0.0,IST,23,"ANDERSON, JAMES",13:17,3,0,0,1,2,0,0,1,0,1,0,0,0,0,0,1,0,2,2.0
2019,86,0,P008829   ,0.0,1.0,IST,25,"PETERS, ALEC",26:30,8,1,2,1,4,3,3,1,0,1,1,1,1,0,0,1,4,9,10.0
2019,86,0,PCPR      ,1.0,1.0,IST,44,"SIMON, KRUNOSLAV",21:08,6,2,8,0,0,2,3,2,1,3,2,0,1,0,2,2,3,2,5.0
2019,86,0,Team,0.0,0.0,IST,,Team,,0,0,0,0,0,0,0,1,4,5,0,0,0,0,0,0,0,5,
2019,86,0,Total,,,IST,,Total,200:00,81,17,37,8,23,23,24,12,26,38,18,4,10,2,8,13,22,98,
2019,87,1,P005247   ,0.0,1.0,ASV,2,"TAYLOR, JORDAN",17:44,3,0,2,1,3,0,0,1,0,1,4,1,1,0,0,2,0,2,-6.0
2019,87,1,P009733   ,1.0,0.0,ASV,3,"JEKIRI, TONYE",26:44,12,4,8,0,0,4,5,1,2,3,0,0,1,0,0,3,3,9,-9.0
2019,87,1,PKIR      ,1.0,0.0,ASV,5,"KAHUDI, CHARLES",24:58,7,0,3,2,5,1,1,1,3,4,3,0,1,0,1,4,1,3,-5.0
2019,87,1,P007027   ,1.0,0.0,ASV,6,"MALEDON, THEO",18:32,7,2,4,1,3,0,0,0,1,1,5,1,1,1,0,5,5,10,-4.0
2019,87,1,P005553   ,0.0,1.0,ASV,9,"LOMAZS, RIHARDS",10:13,0,0,2,0,1,0,0,0,0,0,0,0,0,0,0,0,0,-3,-6.0
2019,87,1,P008851   ,0.0,1.0,ASV,11,"GALLIOU, CHARLES",05:22,0,0,0,0,0,0,0,0,0,0,0,0,0,0,0,0,0,0,-2.0
2019,87,1,P006068   ,0.0,1.0,ASV,12,"NOUA, AMINE",10:38,8,2,2,1,1,1,2,2,0,2,1,0,1,0,0,1,1,9,-13.0
2019,87,1,P002536   ,1.0,1.0,ASV,17,"JEAN-CHARLES, LIVIO",29:33,15,6,11,1,3,0,0,1,2,3,3,1,0,0,1,0,2,16,-8.0
2019,87,1,PTFK      ,1.0,0.0,ASV,19,"DIOT, ANTOINE",19:39,0,0,1,0,4,0,0,0,1,1,1,1,1,0,0,1,0,-4,-17.0
2019,87,1,P004655   ,0.0,0.0,ASV,21,"BAKO, ISMAEL",11:30,2,1,3,0,0,0,0,1,1,2,1,2,0,0,1,3,2,3,-2.0
2019,87,1,P003526   ,0.0,0.0,ASV,23,"LIGHTY, DAVID",25:07,18,4,8,3,6,1,2,2,2,4,1,2,2,0,2,4,1,10,-8.0
2019,87,1,Team,0.0,0.0,ASV,,Team,,0,0,0,0,0,0,0,5,1,6,0,0,0,0,0,0,0,6,
2019,87,1,Total,,,ASV,,Total,200:00,72,19,44,9,26,7,10,14,13,27,19,8,8,1,5,23,15,61,
2019,87,0,P008177   ,0.0,0.0,ULK,8,"SANCAKLI, EKREM",DNP,0,0,0,0,0,0,0,0,0,0,0,0,0,0,0,0,0,0,0.0
2019,87,0,P002969   ,1.0,1.0,ULK,10,"MAHMUTOGLU, MELIH",28:04,14,4,6,2,2,0,0,0,0,0,1,0,1,0,0,1,0,11,5.0
2019,87,0,P004866   ,0.0,1.0,ULK,12,"KALINIC, NIKOLA",24:30,6,1,1,0,1,4,4,0,4,4,2,1,4,0,0,1,5,12,10.0
2019,87,0,P006961   ,0.0,0.0,ULK,13,"BIBEROVIC, TARIK",DNP,0,0,0,0,0,0,0,0,0,0,0,0,0,0,0,0,0,0,0.0
2019,87,0,P001926   ,1.0,1.0,ULK,16,"SLOUKAS, KOSTAS",32:24,8,0,5,2,3,2,2,0,1,1,8,1,5,0,1,0,3,9,10.0
2019,87,0,P009006   ,1.0,1.0,ULK,21,"WILLIAMS, DERRICK",34:53,17,4,5,2,2,3,3,0,6,6,0,1,1,4,0,2,2,26,17.0
2019,87,0,P000925   ,0.0,0.0,ULK,24,"VESELY, JAN",DNP,0,0,0,0,0,0,0,0,0,0,0,0,0,0,0,0,0,0,0.0
2019,87,0,P001324   ,0.0,1.0,ULK,35,"MUHAMMED, ALI",23:41,13,2,2,2,3,3,4,0,3,3,4,0,0,0,0,0,3,21,15.0
2019,87,0,P006399   ,1.0,0.0,ULK,44,"DUVERIOGLU, AHMET",04:52,0,0,1,0,0,0,0,0,1,1,0,0,2,0,0,2,0,-4,2.0
2019,87,0,PCCD      ,1.0,0.0,ULK,70,"DATOME, LUIGI",14:20,3,0,0,1,2,0,0,0,3,3,3,0,2,0,0,5,1,2,9.0
2019,87,0,P004194   ,0.0,0.0,ULK,77,"LAUVERGNE, JOFFREY",14:19,6,3,5,0,0,0,0,1,3,4,2,0,0,1,0,1,1,11,8.0
2019,87,0,PLBJ      ,0.0,0.0,ULK,91,"STIMAC, VLADIMIR",22:57,21,8,12,0,0,5,7,2,6,8,1,0,1,0,0,3,7,27,4.0
2019,87,0,Team,0.0,0.0,ULK,,Team,,0,0,0,0,0,0,0,4,1,5,0,0,0,0,0,0,0,5,
2019,87,0,Total,,,ULK,,Total,200:00,88,22,37,9,13,17,20,7,28,35,21,3,16,5,1,15,22,120,
2019,88,1,P007870   ,1.0,0.0,BAR,0,"DAVIES, BRANDON",21:57,8,4,9,0,0,0,0,0,0,0,2,1,2,0,0,3,3,4,26.0
2019,88,1,PJUG      ,0.0,1.0,BAR,5,"RIBAS, PAU",04:33,0,0,0,0,0,0,0,0,0,0,1,0,0,0,0,0,0,1,0.0
2019,88,1,P005099   ,1.0,0.0,BAR,8,"HANGA, ADAM",19:08,6,3,5,0,2,0,2,0,1,1,3,0,1,0,0,3,2,2,16.0
2019,88,1,P007109   ,1.0,1.0,BAR,10,"SMITS, ROLANDS",11:34,0,0,0,0,1,0,0,2,3,5,0,0,0,0,0,2,1,3,4.0
2019,88,1,P005917   ,0.0,1.0,BAR,18,"ORIOLA, PIERRE",12:49,5,1,1,1,1,0,0,1,1,2,2,0,0,0,0,0,0,9,1.0
2019,88,1,P003478   ,0.0,1.0,BAR,21,"ABRINES, ALEX",23:09,12,0,0,3,5,3,4,1,1,2,0,1,0,1,0,1,2,14,7.0
2019,88,1,P006450   ,1.0,0.0,BAR,22,"HIGGINS, CORY",26:40,15,4,5,0,3,7,8,1,3,4,3,0,0,1,0,1,7,24,26.0
2019,88,1,P004331   ,0.0,0.0,BAR,23,"DELANEY, MALCOLM",16:19,7,0,1,2,4,1,2,0,0,0,3,1,3,0,0,2,6,8,7.0
2019,88,1,P005789   ,0.0,1.0,BAR,24,"KURIC, KYLE",19:21,12,2,3,2,4,2,4,0,0,0,1,2,0,0,0,0,3,13,6.0
2019,88,1,P008985   ,0.0,0.0,BAR,31,"BOLMARO, LEANDRO",DNP,0,0,0,0,0,0,0,0,0,0,0,0,0,0,0,0,0,0,0.0
2019,88,1,P000796   ,1.0,0.0,BAR,33,"MIROTIC, NIKOLA",27:11,25,6,9,3,5,4,7,3,11,14,3,1,2,0,1,2,5,35,22.0
2019,88,1,P002507   ,0.0,0.0,BAR,44,"TOMIC, ANTE",17:19,6,3,6,0,0,0,0,3,2,5,2,0,2,1,0,4,1,6,0.0
2019,88,1,Team,0.0,0.0,BAR,,Team,,0,0,0,0,0,0,0,0,4,4,0,0,0,0,0,0,0,4,
2019,88,1,Total,,,BAR,,Total,200:00,96,23,39,11,25,17,27,11,26,37,20,6,10,3,1,18,30,123,
2019,88,0,P009846   ,0.0,0.0,TEL,0,"BRYANT, ELIJAH",10:25,2,0,2,0,0,2,2,0,0,0,0,0,0,0,0,5,1,-4,-8.0
2019,88,0,P006661   ,1.0,0.0,TEL,1,"WILBEKIN, SCOTTIE",25:32,11,2,2,2,7,1,1,0,2,2,4,1,0,0,0,1,3,15,0.0
2019,88,0,P009847   ,1.0,0.0,TEL,2,"ACY, QUINCY",24:26,8,0,6,1,5,5,5,2,3,5,2,0,2,0,0,4,3,2,-24.0
2019,88,0,P005160   ,0.0,0.0,TEL,5,"HUNTER, OTHELLO",26:07,7,3,5,0,0,1,1,1,3,4,1,0,4,1,0,4,2,5,-9.0
2019,88,0,P009848   ,0.0,0.0,TEL,6,"COHEN, SANDY",05:03,0,0,0,0,1,0,0,0,0,0,0,0,1,0,0,1,0,-3,0.0
2019,88,0,P007675   ,1.0,1.0,TEL,8,"AVDIJA, DENI",17:29,4,1,1,0,0,2,2,3,4,7,1,1,2,0,0,2,1,10,-11.0
2019,88,0,P009849   ,0.0,0.0,TEL,11,"DORSEY, TYLER",17:16,15,2,4,3,5,2,2,1,1,2,1,0,3,0,0,3,2,10,-11.0
2019,88,0,P007990   ,0.0,1.0,TEL,12,"DIBARTOLOMEO, JOHN",15:59,13,1,3,3,5,2,2,0,0,0,0,1,1,0,1,2,4,10,-16.0
2019,88,0,P006555   ,1.0,1.0,TEL,14,"WOLTERS, NATE",19:13,2,1,7,0,2,0,0,1,4,5,2,0,1,0,2,2,0,-4,-17.0
2019,88,0,P005145   ,0.0,1.0,TEL,15,"COHEN, JAKE",15:43,5,2,2,0,1,1,2,1,0,1,0,0,1,0,0,2,2,3,-6.0
2019,88,0,P008991   ,1.0,0.0,TEL,28,"BLACK, TARIK",09:23,4,2,4,0,0,0,0,0,1,1,0,0,1,0,0,2,0,0,-6.0
2019,88,0,P006625   ,0.0,1.0,TEL,50,"ZOOSMAN, YOVEL",13:24,2,1,1,0,2,0,0,2,1,3,1,0,0,0,0,2,0,2,-7.0
2019,88,0,Team,0.0,0.0,TEL,,Team,,0,0,0,0,0,0,0,3,2,5,0,0,1,0,0,0,0,4,
2019,88,0,Total,,,TEL,,Total,200:00,73,15,37,9,28,16,17,14,21,35,12,3,17,1,3,30,18,50,
2019,89,1,P007947   ,0.0,1.0,BAS,3,"VILDOZA, LUCA",28:27,10,2,2,2,5,0,0,2,3,5,4,0,4,0,0,4,1,9,4.0
2019,89,1,P008032   ,0.0,0.0,BAS,5,"GONZALEZ, MIGUEL",DNP,0,0,0,0,0,0,0,0,0,0,0,0,0,0,0,0,0,0,0.0
2019,89,1,P006754   ,1.0,1.0,BAS,7,"HENRY, PIERRIA",23:29,4,0,2,1,2,1,2,1,3,4,2,2,4,0,0,0,3,7,11.0
2019,89,1,P004165   ,0.0,1.0,BAS,11,"JANNING, MATT",28:50,11,3,5,1,7,2,3,1,1,2,2,0,0,0,0,0,4,10,8.0
2019,89,1,P003540   ,0.0,1.0,BAS,12,"DIOP, ILIMANE",22:22,6,1,3,1,3,1,2,3,4,7,1,0,0,3,0,1,2,13,10.0
2019,89,1,P006568   ,1.0,0.0,BAS,19,"FALL, YOUSSOUPHA",11:13,4,2,5,0,0,0,1,1,2,3,0,0,0,0,0,3,1,1,-1.0
2019,89,1,P009836   ,1.0,0.0,BAS,22,"STAUSKAS, NIK",20:04,5,1,2,1,3,0,0,1,2,3,3,1,1,0,0,0,1,9,-1.0
2019,89,1,P001133   ,1.0,0.0,BAS,23,"SHENGELIA, TORNIKE",29:23,20,8,10,1,2,1,2,2,5,7,2,1,2,0,0,4,4,24,12.0
2019,89,1,P007994   ,1.0,0.0,BAS,29,"GARINO, PATRICIO",05:20,0,0,0,0,1,0,0,0,0,0,0,0,1,0,0,1,1,-2,-4.0
2019,89,1,P007831   ,0.0,1.0,BAS,31,"SHIELDS, SHAVON",14:43,6,3,5,0,2,0,0,2,4,6,0,0,2,0,1,4,2,3,11.0
2019,89,1,P002084   ,0.0,0.0,BAS,33,"POLONARA, ACHILLE",07:33,2,1,1,0,2,0,0,0,2,2,0,0,0,0,0,0,0,2,1.0
2019,89,1,P007360   ,0.0,0.0,BAS,50,"ERIC, MICHAEL",08:36,2,1,3,0,0,0,0,1,0,1,0,0,1,0,0,1,0,-1,-1.0
2019,89,1,Team,0.0,0.0,BAS,,Team,,0,0,0,0,0,0,0,0,3,3,0,0,0,0,0,0,0,3,
2019,89,1,Total,,,BAS,,Total,200:00,70,22,38,7,27,5,10,14,29,43,14,4,15,3,1,18,19,78,
2019,89,0,P005154   ,1.0,0.0,DYR,4,"IVERSON, COLTON",09:01,2,1,3,0,0,0,0,1,1,2,1,0,1,0,1,1,2,2,-3.0
2019,89,0,P003425   ,0.0,0.0,DYR,6,"ALBICY, ANDREW",19:37,3,1,1,0,3,1,1,0,1,1,3,0,0,0,0,1,0,3,-6.0
2019,89,0,PJAN      ,0.0,1.0,DYR,7,"PONKRASHOV, ANTON",12:31,0,0,0,0,3,0,0,0,1,1,1,0,0,1,0,1,1,0,0.0
2019,89,0,P009917   ,1.0,1.0,DYR,9,"HOLLINS, AUSTIN",21:02,10,0,1,3,5,1,1,2,2,4,1,1,1,0,0,4,1,9,6.0
2019,89,0,P005856   ,1.0,1.0,DYR,10,"THOMAS, WILL",32:16,4,2,9,0,4,0,0,0,4,4,0,1,1,0,1,0,2,-2,-9.0
2019,89,0,P007581   ,0.0,0.0,DYR,11,"BALASHOV, SERGEI",DNP,0,0,0,0,0,0,0,0,0,0,0,0,0,0,0,0,0,0,0.0
2019,89,0,P005945   ,1.0,1.0,DYR,12,"RENFROE, ALEX",22:18,6,1,1,1,3,1,2,0,1,1,5,1,3,0,0,3,2,6,-8.0
2019,89,0,PLKY      ,0.0,0.0,DYR,13,"KHVOSTOV, DMITRY",15:12,2,1,2,0,1,0,0,0,0,0,3,0,0,0,1,0,2,4,-15.0
2019,89,0,P003370   ,0.0,0.0,DYR,14,"PUSHKOV, ANTON",06:20,2,1,3,0,0,0,0,0,1,1,0,0,2,0,0,2,0,-3,-9.0
2019,89,0,P007851   ,0.0,0.0,DYR,16,"TRUSHKIN, VLADISLAV",10:41,2,1,1,0,2,0,0,2,0,2,0,0,0,0,0,2,0,0,-7.0
2019,89,0,P005199   ,1.0,1.0,DYR,21,"ABROMAITIS, TIM",26:04,11,1,2,2,4,3,5,1,5,6,2,1,0,0,0,4,4,15,3.0
2019,89,0,P005927   ,0.0,0.0,DYR,34,"AYON, GUSTAVO",24:58,18,9,12,0,0,0,0,1,3,4,0,1,3,0,0,2,4,19,-2.0
2019,89,0,Team,0.0,0.0,DYR,,Team,,0,0,0,0,0,0,0,1,3,4,0,0,2,0,0,0,0,2,
2019,89,0,Total,,,DYR,,Total,200:00,60,18,35,6,25,6,9,8,22,30,16,5,13,1,3,20,18,55,
2019,90,1,P001392   ,1.0,0.0,MAD,1,"CAUSEUR, FABIEN",17:38,9,4,4,0,1,1,2,0,1,1,1,0,2,0,0,3,1,5,5.0
2019,90,1,P005757   ,1.0,1.0,MAD,3,"RANDOLPH, ANTHONY",28:38,12,1,1,3,6,1,1,1,2,3,0,1,1,0,0,1,2,13,12.0
2019,90,1,PBMT      ,0.0,0.0,MAD,5,"FERNANDEZ, RUDY",17:39,13,1,1,3,5,2,2,0,1,1,0,1,1,0,0,0,2,14,-4.0
2019,90,1,P005928   ,1.0,1.0,MAD,7,"CAMPAZZO, FACUNDO",26:11,18,5,8,2,3,2,3,0,4,4,6,1,2,0,0,4,6,24,27.0
2019,90,1,P006435   ,0.0,0.0,MAD,8,"LAPROVITTOLA, NICOLAS",DNP,0,0,0,0,0,0,0,0,0,0,0,0,0,0,0,0,0,0,0.0
2019,90,1,P009005   ,1.0,1.0,MAD,14,"DECK, GABRIEL",32:11,17,7,10,0,0,3,3,0,11,11,6,0,0,0,1,2,5,33,22.0
2019,90,1,P007630   ,0.0,0.0,MAD,16,"GARUBA, USMAN",00:49,0,0,0,0,0,0,0,0,0,0,0,0,0,0,0,1,0,-1,-4.0
2019,90,1,P001960   ,0.0,0.0,MAD,20,"CARROLL, JAYCEE",06:51,4,1,4,0,1,2,2,1,0,1,1,0,0,0,0,0,1,3,3.0
2019,90,1,P005791   ,1.0,1.0,MAD,22,"TAVARES, WALTER",14:01,1,0,1,0,0,1,2,0,4,4,0,2,0,3,0,4,1,5,25.0
2019,90,1,PTGB      ,0.0,1.0,MAD,23,"LLULL, SERGIO",24:43,15,4,8,2,7,1,1,1,2,3,1,1,1,0,0,2,1,9,1.0
2019,90,1,P008847   ,0.0,0.0,MAD,25,"MICKEY, JORDAN",19:57,5,1,1,0,0,3,4,0,3,3,0,1,4,2,0,4,3,5,-11.0
2019,90,1,P005836   ,0.0,0.0,MAD,33,"THOMPKINS, TREY",11:22,3,1,3,0,1,1,1,0,0,0,0,1,1,0,0,0,1,1,4.0
2019,90,1,Team,0.0,0.0,MAD,,Team,,0,0,0,0,0,0,0,3,3,6,0,0,0,0,0,0,0,6,
2019,90,1,Total,,,MAD,,Total,200:00,97,25,41,10,24,17,21,6,31,37,15,8,12,5,1,21,23,117,
2019,90,0,P009035   ,1.0,0.0,CSK,3,"BOLOMBOY, JOEL",17:48,12,2,3,2,4,2,2,1,5,6,0,1,2,1,0,1,1,15,1.0
2019,90,0,P005985   ,1.0,1.0,CSK,5,"JAMES, MIKE",31:00,14,0,7,4,7,2,3,0,3,3,5,0,1,0,0,2,7,15,-12.0
2019,90,0,P004941   ,0.0,0.0,CSK,11,"ANTONOV, SEMEN",DNP,0,0,0,0,0,0,0,0,0,0,0,0,0,0,0,0,0,0,0.0
2019,90,0,P000046   ,0.0,0.0,CSK,13,"STRELNIEKS, JANIS",23:16,11,2,3,2,3,1,1,1,1,2,4,0,2,0,0,4,0,9,2.0
2019,90,0,P007201   ,0.0,1.0,CSK,17,"VOIGTMANN, JOHANNES",26:33,20,4,8,4,6,0,0,2,3,5,1,0,1,0,0,0,0,19,-16.0
2019,90,0,PLHI      ,0.0,0.0,CSK,20,"VORONTSEVICH, ANDREY",03:48,0,0,0,0,0,0,0,0,0,0,1,0,0,0,0,1,0,0,-3.0
2019,90,0,P001844   ,1.0,0.0,CSK,23,"HACKETT, DANIEL",19:29,2,1,4,0,1,0,0,0,2,2,1,3,2,0,1,5,2,-2,0.0
2019,90,0,P009766   ,0.0,0.0,CSK,31,"KOUFOS, KOSTA",14:06,4,1,3,0,0,2,2,1,2,3,0,0,0,0,1,2,1,3,5.0
2019,90,0,P008989   ,0.0,1.0,CSK,32,"HILLIARD, DARRUN",21:12,8,1,5,1,3,3,3,1,2,3,2,0,3,0,1,4,2,1,-9.0
2019,90,0,PJLX      ,1.0,1.0,CSK,41,"KURBANOV, NIKITA",18:44,2,1,2,0,0,0,0,1,3,4,1,2,1,0,0,2,1,6,-18.0
2019,90,0,P002812   ,1.0,1.0,CSK,42,"HINES, KYLE",17:45,8,3,7,0,0,2,4,4,1,5,1,0,2,0,2,1,5,8,-19.0
2019,90,0,P009767   ,0.0,0.0,CSK,84,"BAKER, RON",06:19,0,0,2,0,1,0,0,0,0,0,2,0,0,0,0,2,0,-3,-11.0
2019,90,0,Team,0.0,0.0,CSK,,Team,,0,0,0,0,0,0,0,1,2,3,0,0,0,0,0,0,0,3,
2019,90,0,Total,,,CSK,,Total,200:00,81,15,44,13,25,12,15,12,24,36,18,6,14,1,5,24,19,74,
2019,91,1,P008177   ,0.0,0.0,ULK,8,"SANCAKLI, EKREM",DNP,0,0,0,0,0,0,0,0,0,0,0,0,0,0,0,0,0,0,0.0
2019,91,1,P002969   ,1.0,1.0,ULK,10,"MAHMUTOGLU, MELIH",36:58,19,2,3,5,7,0,0,0,3,3,2,1,0,0,1,2,1,20,17.0
2019,91,1,P006961   ,0.0,0.0,ULK,13,"BIBEROVIC, TARIK",05:03,0,0,2,0,1,0,0,0,1,1,1,0,0,0,0,1,0,-2,-1.0
2019,91,1,P001926   ,1.0,1.0,ULK,16,"SLOUKAS, KOSTAS",33:07,19,5,6,3,6,0,0,0,1,1,9,1,3,0,0,1,1,23,15.0
2019,91,1,P005348   ,0.0,0.0,ULK,18,"ARNA, EGEHAN",DNP,0,0,0,0,0,0,0,0,0,0,0,0,0,0,0,0,0,0,0.0
2019,91,1,P009006   ,1.0,1.0,ULK,21,"WILLIAMS, DERRICK",36:50,12,3,6,2,4,0,0,0,8,8,1,3,3,0,0,1,2,17,17.0
2019,91,1,P000981   ,0.0,0.0,ULK,32,"CANDAN, BERKAY",01:56,0,0,0,0,0,0,0,0,0,0,0,0,0,0,0,0,0,0,-4.0
2019,91,1,P001324   ,0.0,1.0,ULK,35,"MUHAMMED, ALI",13:04,0,0,1,0,2,0,0,0,0,0,2,0,1,0,0,1,0,-3,-6.0
2019,91,1,P006399   ,1.0,1.0,ULK,44,"DUVERIOGLU, AHMET",18:44,10,4,5,0,0,2,2,3,3,6,1,2,2,0,0,1,3,18,24.0
2019,91,1,PCCD      ,1.0,0.0,ULK,70,"DATOME, LUIGI",30:50,20,5,7,3,4,1,1,0,4,4,0,1,2,0,0,5,3,18,17.0
2019,91,1,P004194   ,0.0,0.0,ULK,77,"LAUVERGNE, JOFFREY",18:54,7,3,5,0,0,1,4,1,2,3,1,1,1,2,1,0,3,10,-7.0
2019,91,1,PLBJ      ,0.0,0.0,ULK,91,"STIMAC, VLADIMIR",04:34,2,1,1,0,0,0,1,1,0,1,0,0,1,0,0,1,3,3,-7.0
2019,91,1,Team,0.0,0.0,ULK,,Team,,0,0,0,0,0,0,0,0,2,2,0,0,0,0,0,0,0,2,
2019,91,1,Total,,,ULK,,Total,200:00,89,23,36,13,24,4,8,5,24,29,17,9,13,2,2,13,16,106,
2019,91,0,P004810   ,0.0,1.0,KHI,3,"KRAMER, CHRIS",20:00,2,1,3,0,2,0,0,0,1,1,3,0,3,0,0,2,0,-3,2.0
2019,91,0,P007056   ,1.0,0.0,KHI,5,"BOOKER, DEVIN",23:04,9,3,4,1,1,0,0,1,2,3,0,0,1,0,0,0,1,11,-8.0
2019,91,0,P005718   ,1.0,0.0,KHI,6,"TIMMA, JANIS",33:39,26,4,4,5,14,3,3,0,2,2,3,2,3,1,0,5,4,21,-21.0
2019,91,0,P004302   ,0.0,0.0,KHI,7,"KARASEV, SERGEY",DNP,0,0,0,0,0,0,0,0,0,0,0,0,0,0,0,0,0,0,0.0
2019,91,0,P001792   ,0.0,0.0,KHI,8,"ZAYTSEV, VYACHESLAV",11:13,0,0,0,0,1,0,0,0,3,3,5,2,0,0,0,2,3,10,2.0
2019,91,0,PBGV      ,0.0,0.0,KHI,9,"VIALTSEV, EGOR",DNP,0,0,0,0,0,0,0,0,0,0,0,0,0,0,0,0,0,0,0.0
2019,91,0,P009748   ,0.0,1.0,KHI,11,"JEREBKO, JONAS",17:01,10,2,4,2,4,0,0,0,3,3,0,0,0,0,0,1,0,8,-2.0
2019,91,0,PBFX      ,0.0,0.0,KHI,12,"MONIA, SERGEY",DNP,0,0,0,0,0,0,0,0,0,0,0,0,0,0,0,0,0,0,0.0
2019,91,0,P008001   ,1.0,1.0,KHI,13,"GILL, ANTHONY",33:50,18,7,7,1,3,1,2,5,4,9,2,0,1,0,0,2,3,26,-17.0
2019,91,0,P004863   ,1.0,0.0,KHI,24,"JOVIC, STEFAN",17:15,2,1,4,0,0,0,0,0,0,0,6,0,4,0,1,2,0,-2,-9.0
2019,91,0,P007432   ,0.0,1.0,KHI,40,"EVANS, JEREMY",26:16,6,3,6,0,1,0,0,2,2,4,2,0,2,1,1,2,2,6,0.0
2019,91,0,P000436   ,1.0,1.0,KHI,45,"BERTANS, DAIRIS",17:42,3,0,1,1,5,0,0,0,2,2,1,1,1,0,0,0,0,1,-12.0
2019,91,0,Team,0.0,0.0,KHI,,Team,,0,0,0,0,0,0,0,0,1,1,0,0,0,0,0,0,0,1,
2019,91,0,Total,,,KHI,,Total,200:00,76,21,33,10,31,4,5,8,20,28,22,5,15,2,2,16,13,79,
2019,92,1,P003479   ,1.0,0.0,RED,0,"KUZMIC, OGNJEN",08:27,0,0,1,0,0,0,0,1,1,2,0,2,1,2,0,1,0,3,1.0
2019,92,1,PJDZ      ,0.0,0.0,RED,3,"COVIC, FILIP",08:16,0,0,0,0,0,0,0,0,0,0,1,0,0,0,0,0,0,1,-6.0
2019,92,1,P009622   ,1.0,1.0,RED,4,"BROWN, LORENZO",26:04,19,4,7,2,4,5,5,0,3,3,6,0,3,0,0,3,4,21,13.0
2019,92,1,P007960   ,0.0,0.0,RED,7,"DAVIDOVAC, DEJAN",03:17,0,0,1,0,0,0,0,1,0,1,0,0,1,0,0,0,0,-1,1.0
2019,92,1,PLUO      ,1.0,1.0,RED,10,"LAZIC, BRANKO",26:14,14,4,7,2,4,0,0,1,2,3,0,1,1,0,0,3,3,12,16.0
2019,92,1,P008800   ,0.0,1.0,RED,11,"FAYE, MOUHAMMAD",19:56,4,2,3,0,2,0,0,3,5,8,2,0,2,1,0,3,0,7,-21.0
2019,92,1,P005775   ,1.0,0.0,RED,12,"BARON, BILLY",26:51,8,0,0,2,4,2,2,0,3,3,2,0,2,0,0,4,2,7,-4.0
2019,92,1,P004007   ,0.0,0.0,RED,13,"DOBRIC, OGNJEN",13:46,3,0,2,1,2,0,0,0,0,0,2,2,2,0,0,0,1,3,-13.0
2019,92,1,P002980   ,0.0,1.0,RED,15,"GIST, JAMES",20:53,6,2,6,0,0,2,4,0,2,2,1,1,1,0,0,3,3,3,11.0
2019,92,1,P005014   ,0.0,1.0,RED,22,"JENKINS, CHARLES",15:32,9,3,3,0,2,3,3,0,3,3,2,2,1,0,0,3,2,12,2.0
2019,92,1,P005618   ,1.0,0.0,RED,28,"SIMANIC, BORISA",13:23,4,2,2,0,1,0,0,0,0,0,1,0,0,1,0,2,0,3,22.0
2019,92,1,P008801   ,0.0,0.0,RED,50,"OJO, MICHAEL",17:21,9,2,2,0,0,5,5,0,0,0,0,0,2,0,0,3,4,8,-7.0
2019,92,1,Team,0.0,0.0,RED,,Team,,0,0,0,0,0,0,0,0,2,2,0,0,0,0,0,0,0,2,
2019,92,1,Total,,,RED,,Total,200:00,76,19,34,7,19,17,19,6,21,27,17,8,16,4,0,25,19,81,
2019,92,0,P006533   ,0.0,0.0,PAM,1,"COLOM, QUINO",12:52,0,0,3,0,0,0,0,0,3,3,3,1,3,0,0,0,1,2,-6.0
2019,92,0,P004761   ,1.0,0.0,PAM,2,"MARINKOVIC, VANJA",13:54,11,3,5,1,3,2,4,0,0,0,1,0,4,0,1,1,2,2,-6.0
2019,92,0,P009754   ,0.0,0.0,PAM,3,"LOYD, JORDAN",14:40,6,3,3,0,1,0,0,0,0,0,2,1,1,0,0,4,1,4,-3.0
2019,92,0,P006726   ,0.0,0.0,PAM,5,"NDOUR, MAURICE",12:00,9,3,6,0,0,3,4,0,1,1,1,1,0,0,2,2,3,7,-5.0
2019,92,0,P003733   ,0.0,1.0,PAM,6,"ABALDE, ALBERTO",25:48,10,1,3,1,2,5,6,2,2,4,1,1,0,0,0,3,3,12,3.0
2019,92,0,P004884   ,1.0,1.0,PAM,7,"LABEYRIE, LOUIS",28:00,4,0,2,0,0,4,4,0,5,5,0,2,0,0,1,1,5,12,2.0
2019,92,0,P008966   ,0.0,0.0,PAM,10,"TOBEY, MIKE",10:15,4,2,3,0,1,0,0,0,2,2,0,1,0,0,0,3,0,2,-7.0
2019,92,0,P006599   ,0.0,0.0,PAM,12,"MOTUM, BROCK",DNP,0,0,0,0,0,0,0,0,0,0,0,0,0,0,0,0,0,0,0.0
2019,92,0,P002742   ,1.0,1.0,PAM,14,"DUBLJEVIC, BOJAN",29:45,22,2,4,4,7,6,6,4,4,8,3,1,2,0,0,2,4,29,4.0
2019,92,0,P002361   ,1.0,1.0,PAM,16,"VIVES, GUILLEM",27:08,4,1,3,0,3,2,2,1,1,2,3,4,4,0,0,1,4,7,3.0
2019,92,0,P000518   ,1.0,0.0,PAM,19,"SAN EMETERIO, FERNANDO",14:12,0,0,0,0,1,0,0,0,0,0,0,0,1,0,0,1,1,-2,-6.0
2019,92,0,P002763   ,0.0,1.0,PAM,42,"DOORNEKAMP, AARON",11:26,3,1,1,0,2,1,2,0,3,3,0,0,0,0,0,1,1,3,6.0
2019,92,0,Team,0.0,0.0,PAM,,Team,,0,0,0,0,0,0,0,4,0,4,0,0,0,0,0,0,0,4,
2019,92,0,Total,,,PAM,,Total,200:00,73,16,33,6,20,23,28,11,21,32,14,12,15,0,4,19,25,82,
2019,93,1,P009600   ,0.0,0.0,BER,1,"MASON, MAKAI",06:12,6,3,3,0,0,0,0,0,0,0,0,0,0,0,0,1,0,5,1.0
2019,93,1,P003501   ,0.0,0.0,BER,2,"RADOSAVLJEVIC, BOGDAN",00:24,0,0,0,0,0,0,0,0,0,0,0,0,0,0,0,0,0,0,-2.0
2019,93,1,P007125   ,0.0,1.0,BER,3,"SIVA, PEYTON",17:53,4,1,3,0,3,2,2,0,0,0,6,1,2,0,0,2,2,4,9.0
2019,93,1,P001557   ,0.0,1.0,BER,5,"GIFFEY, NIELS",23:09,13,2,3,2,2,3,3,1,4,5,2,1,0,0,0,2,3,21,9.0
2019,93,1,P003151   ,1.0,1.0,BER,8,"ERIKSSON, MARCUS",30:29,10,2,4,1,4,3,3,1,2,3,1,1,0,0,0,2,5,13,2.0
2019,93,1,P007025   ,0.0,0.0,BER,9,"MATTISSECK, JONAS",12:05,3,0,1,1,2,0,0,1,0,1,0,0,1,0,0,1,0,0,0.0
2019,93,1,P008780   ,1.0,1.0,BER,15,"HERMANNSSON, MARTIN",29:17,11,4,12,0,0,3,4,0,2,2,3,3,3,0,1,4,3,5,2.0
2019,93,1,P006819   ,0.0,0.0,BER,16,"NIKIC, KRESIMIR",08:13,1,0,2,0,0,1,2,1,0,1,0,2,1,0,0,0,1,1,-7.0
2019,93,1,P003242   ,0.0,0.0,BER,25,"OGBE, KENNETH",DNP,0,0,0,0,0,0,0,0,0,0,0,0,0,0,0,0,0,0,0.0
2019,93,1,P006436   ,1.0,0.0,BER,31,"GIEDRAITIS, ROKAS",24:04,6,0,1,1,2,3,4,0,8,8,0,1,3,0,0,1,5,13,7.0
2019,93,1,P009051   ,1.0,0.0,BER,35,"NNOKO, LANDRY",18:46,10,4,7,0,0,2,6,1,3,4,0,0,2,0,0,5,4,4,4.0
2019,93,1,P006589   ,1.0,1.0,BER,43,"SIKMA, LUKE",29:28,5,2,4,0,1,1,1,0,7,7,3,0,4,2,0,3,1,8,10.0
2019,93,1,Team,0.0,0.0,BER,,Team,,0,0,0,0,0,0,0,2,0,2,0,0,1,0,0,0,0,1,
2019,93,1,Total,,,BER,,Total,200:00,69,18,40,5,14,18,25,7,26,33,15,9,17,2,1,21,24,75,
2019,93,0,P008855   ,1.0,0.0,ZAL,0,"WALKUP, THOMAS",27:02,4,2,2,0,1,0,0,2,3,5,5,1,3,0,0,5,2,8,3.0
2019,93,0,P002429   ,1.0,0.0,ZAL,1,"RIVERS, KC",22:43,4,2,2,0,4,0,0,1,0,1,0,0,0,0,0,2,0,-1,0.0
2019,93,0,P003210   ,0.0,1.0,ZAL,4,"LEKAVICIUS, LUKAS",28:06,12,5,7,0,2,2,2,1,2,3,1,2,1,0,0,1,3,15,-16.0
2019,93,0,P008962   ,0.0,1.0,ZAL,10,"HAYES, NIGEL",25:41,7,2,6,1,4,0,2,2,0,2,1,0,2,1,0,2,3,1,-9.0
2019,93,0,PBWI      ,1.0,0.0,ZAL,13,"JANKUNAS, PAULIUS",14:03,5,1,3,0,1,3,4,0,2,2,1,0,1,0,1,2,3,3,2.0
2019,93,0,P006158   ,0.0,0.0,ZAL,16,"LUKOSIUNAS, KAROLIS",DNP,0,0,0,0,0,0,0,0,0,0,0,0,0,0,0,0,0,0,0.0
2019,93,0,PKPD      ,0.0,1.0,ZAL,21,"MILAKNIS, ARTURAS",23:04,2,1,1,0,5,0,0,0,4,4,0,1,1,0,1,2,1,-1,-11.0
2019,93,0,P009753   ,0.0,0.0,ZAL,23,"GEBEN, MARTINAS",DNP,0,0,0,0,0,0,0,0,0,0,0,0,0,0,0,0,0,0,0.0
2019,93,0,P007519   ,0.0,0.0,ZAL,31,"JOKUBAITIS, ROKAS",DNP,0,0,0,0,0,0,0,0,0,0,0,0,0,0,0,0,0,0,0.0
2019,93,0,P008987   ,0.0,0.0,ZAL,32,"LEDAY, ZACH",23:14,15,4,5,1,2,4,4,0,2,2,0,3,6,0,0,5,5,12,8.0
2019,93,0,P008820   ,1.0,1.0,ZAL,34,"LANDALE, JOCK",15:16,6,3,6,0,2,0,0,3,4,7,0,0,2,0,0,2,0,4,-11.0
2019,93,0,P002329   ,1.0,1.0,ZAL,92,"ULANOVAS, EDGARAS",20:51,7,1,4,0,2,5,6,0,3,3,0,0,1,0,0,3,4,4,-1.0
2019,93,0,Team,0.0,0.0,ZAL,,Team,,0,0,0,0,0,0,0,2,5,7,0,0,1,0,0,0,0,6,
2019,93,0,Total,,,ZAL,,Total,200:00,62,21,36,2,23,14,18,11,25,36,8,7,18,1,2,24,21,51,
2019,94,1,P005094   ,1.0,0.0,PAN,0,"THOMAS, DESHAUN",20:40,15,3,5,1,4,6,6,3,5,8,0,1,1,0,1,3,4,18,22.0
2019,94,1,P003367   ,0.0,1.0,PAN,5,"RICE, TYRESE",17:35,12,0,0,3,5,3,3,1,1,2,3,0,1,0,0,0,2,16,10.0
2019,94,1,P005844   ,1.0,0.0,PAN,6,"PAPAGIANNIS, GEORGIOS",18:28,6,3,3,0,1,0,0,0,2,2,1,0,0,1,0,1,0,8,5.0
2019,94,1,P005161   ,1.0,1.0,PAN,10,"PAPAPETROU, IOANNIS",17:47,11,4,5,1,1,0,0,0,0,0,1,0,0,0,0,3,0,8,17.0
2019,94,1,P000464   ,0.0,1.0,PAN,11,"PAPPAS, NIKOS",08:17,2,0,1,0,1,2,2,0,0,0,1,0,1,0,0,1,1,0,8.0
2019,94,1,PTFX      ,0.0,0.0,PAN,15,"VOUGIOUKAS, IAN",02:04,2,1,2,0,0,0,0,0,2,2,0,0,0,0,1,1,0,1,8.0
2019,94,1,P009816   ,0.0,0.0,PAN,24,"JOHNSON, WESLEY",20:14,9,3,6,1,2,0,0,2,2,4,0,2,0,1,0,2,1,11,16.0
2019,94,1,P009842   ,1.0,0.0,PAN,32,"FREDETTE, JIMMER",28:29,21,4,12,4,5,1,1,1,3,4,5,1,1,0,0,1,2,22,21.0
2019,94,1,P001932   ,1.0,0.0,PAN,33,"CALATHES, NICK",25:39,12,3,4,1,3,3,4,2,4,6,9,1,2,0,0,3,4,23,25.0
2019,94,1,P009472   ,0.0,0.0,PAN,35,"WILEY, JACOB",14:19,2,1,2,0,0,0,0,0,3,3,0,0,0,0,0,1,0,3,13.0
2019,94,1,P007866   ,0.0,1.0,PAN,44,"MITOGLOU, KONSTANTINOS",21:19,3,0,1,1,4,0,0,2,4,6,0,1,0,0,0,1,0,5,9.0
2019,94,1,P009818   ,0.0,1.0,PAN,50,"BENTIL, BENJAMIN",05:09,5,0,0,1,2,2,2,0,2,2,1,0,1,0,0,2,1,5,6.0
2019,94,1,Team,0.0,0.0,PAN,,Team,,0,0,0,0,0,0,0,1,1,2,0,0,0,0,0,0,0,2,
2019,94,1,Total,,,PAN,,Total,200:00,100,22,41,13,28,17,18,12,29,41,21,6,7,2,2,19,15,122,
2019,94,0,P007947   ,0.0,0.0,BAS,3,"VILDOZA, LUCA",13:41,0,0,0,0,3,0,0,0,1,1,3,1,4,0,0,1,0,-3,-20.0
2019,94,0,P008032   ,0.0,0.0,BAS,5,"GONZALEZ, MIGUEL",DNP,0,0,0,0,0,0,0,0,0,0,0,0,0,0,0,0,0,0,0.0
2019,94,0,P006754   ,1.0,0.0,BAS,7,"HENRY, PIERRIA",27:20,4,2,7,0,2,0,0,1,3,4,9,0,3,0,0,3,2,6,-9.0
2019,94,0,P009918   ,0.0,0.0,BAS,10,"LOPEZ, LAUTARO",DNP,0,0,0,0,0,0,0,0,0,0,0,0,0,0,0,0,0,0,0.0
2019,94,0,P004165   ,1.0,1.0,BAS,11,"JANNING, MATT",30:02,8,1,4,2,6,0,0,2,1,3,4,1,0,0,0,4,0,5,-18.0
2019,94,0,P003540   ,0.0,0.0,BAS,12,"DIOP, ILIMANE",05:49,0,0,0,0,1,0,0,0,0,0,0,0,0,0,0,0,1,0,-11.0
2019,94,0,P006568   ,1.0,0.0,BAS,19,"FALL, YOUSSOUPHA",15:11,12,5,9,0,0,2,4,3,4,7,0,0,1,0,0,3,3,12,-11.0
2019,94,0,P009836   ,0.0,1.0,BAS,22,"STAUSKAS, NIK",22:27,12,0,1,4,6,0,0,0,1,1,2,1,3,0,0,1,0,9,-21.0
2019,94,0,P001133   ,1.0,0.0,BAS,23,"SHENGELIA, TORNIKE",28:35,11,2,7,2,6,1,4,3,3,6,1,0,0,0,0,1,6,11,-22.0
2019,94,0,P007831   ,1.0,1.0,BAS,31,"SHIELDS, SHAVON",26:30,8,3,5,0,4,2,2,3,3,6,0,0,1,0,2,0,2,7,-28.0
2019,94,0,P002084   ,0.0,1.0,BAS,33,"POLONARA, ACHILLE",11:25,4,2,2,0,3,0,0,2,1,3,0,1,0,0,0,2,3,6,-10.0
2019,94,0,P007360   ,0.0,1.0,BAS,50,"ERIC, MICHAEL",19:00,9,4,6,0,0,1,4,3,2,5,1,0,0,2,0,0,2,14,-10.0
2019,94,0,Team,0.0,0.0,BAS,,Team,,0,0,0,0,0,0,0,1,2,3,0,0,0,0,0,0,0,3,
2019,94,0,Total,,,BAS,,Total,200:00,68,19,41,8,31,6,14,18,21,39,20,4,12,2,2,15,19,70,
2019,95,1,P006661   ,1.0,0.0,TEL,1,"WILBEKIN, SCOTTIE",20:17,16,5,5,2,3,0,0,0,2,2,0,0,3,0,0,1,0,13,7.0
2019,95,1,P009847   ,1.0,0.0,TEL,2,"ACY, QUINCY",18:48,9,2,3,1,3,2,4,2,4,6,2,0,1,0,0,1,3,13,12.0
2019,95,1,P005771   ,0.0,0.0,TEL,4,"CALOIARO, ANGELO",17:36,9,2,2,0,1,5,5,1,4,5,1,1,0,0,0,2,3,16,15.0
2019,95,1,P005160   ,1.0,0.0,TEL,5,"HUNTER, OTHELLO",23:28,4,1,4,0,0,2,4,2,5,7,2,1,1,1,0,2,2,9,12.0
2019,95,1,P009848   ,0.0,1.0,TEL,6,"COHEN, SANDY",08:19,4,2,3,0,0,0,0,0,0,0,0,0,0,0,0,0,0,3,6.0
2019,95,1,P007675   ,1.0,1.0,TEL,8,"AVDIJA, DENI",12:06,2,1,1,0,0,0,0,0,0,0,0,0,1,0,0,1,1,1,6.0
2019,95,1,P009849   ,0.0,1.0,TEL,11,"DORSEY, TYLER",14:41,4,1,3,0,3,2,3,0,4,4,1,0,2,0,1,4,2,-2,23.0
2019,95,1,P007990   ,0.0,0.0,TEL,12,"DIBARTOLOMEO, JOHN",20:01,5,1,4,0,0,3,3,0,2,2,4,1,2,0,1,5,3,4,19.0
2019,95,1,P006555   ,1.0,0.0,TEL,14,"WOLTERS, NATE",24:43,13,4,5,1,4,2,4,0,1,1,4,2,1,0,0,3,3,13,18.0
2019,95,1,P005145   ,0.0,1.0,TEL,15,"COHEN, JAKE",16:32,16,5,7,2,2,0,0,4,1,5,1,2,1,0,0,4,2,19,19.0
2019,95,1,P006625   ,0.0,1.0,TEL,50,"ZOOSMAN, YOVEL",23:29,11,1,2,3,6,0,0,0,4,4,5,1,0,0,0,3,2,16,18.0
2019,95,1,Team,0.0,0.0,TEL,,Team,,0,0,0,0,0,0,0,0,3,3,0,0,0,0,0,0,0,3,
2019,95,1,Total,,,TEL,,Total,200:00,93,25,39,9,22,16,23,9,30,39,20,8,12,1,2,26,21,108,
2019,95,0,P000229   ,0.0,1.0,ASV,1,"JACKSON, EDWIN",24:40,5,1,3,0,2,3,4,0,1,1,2,0,2,0,0,0,5,6,-23.0
2019,95,0,P005247   ,1.0,0.0,ASV,2,"TAYLOR, JORDAN",22:42,4,1,6,0,1,2,4,0,2,2,3,0,2,0,1,1,4,1,-20.0
2019,95,0,P009733   ,1.0,0.0,ASV,3,"JEKIRI, TONYE",21:26,7,2,4,0,0,3,4,1,2,3,0,1,0,0,0,2,3,9,-12.0
2019,95,0,PKIR      ,1.0,0.0,ASV,5,"KAHUDI, CHARLES",14:41,6,2,2,0,2,2,2,2,2,4,1,2,0,0,0,3,1,9,-7.0
2019,95,0,P007027   ,1.0,1.0,ASV,6,"MALEDON, THEO",21:06,10,2,5,1,3,3,6,0,1,1,1,0,4,0,0,3,5,2,-14.0
2019,95,0,P005553   ,0.0,1.0,ASV,9,"LOMAZS, RIHARDS",24:05,10,3,4,1,2,1,1,0,2,2,2,0,1,0,0,4,3,10,-26.0
2019,95,0,P008851   ,0.0,1.0,ASV,11,"GALLIOU, CHARLES",07:14,3,0,0,1,2,0,0,0,1,1,0,0,0,0,0,1,0,2,-4.0
2019,95,0,P006068   ,1.0,0.0,ASV,12,"NOUA, AMINE",11:00,2,1,2,0,1,0,0,0,2,2,0,0,0,0,0,2,0,0,-10.0
2019,95,0,P002536   ,0.0,0.0,ASV,17,"JEAN-CHARLES, LIVIO",16:35,2,1,3,0,4,0,0,1,2,3,0,0,1,0,0,1,1,-2,-16.0
2019,95,0,PTFK      ,0.0,0.0,ASV,19,"DIOT, ANTOINE",DNP,0,0,0,0,0,0,0,0,0,0,0,0,0,0,0,0,0,0,0.0
2019,95,0,P004655   ,0.0,1.0,ASV,21,"BAKO, ISMAEL",16:03,6,3,4,0,0,0,0,2,3,5,0,0,2,2,0,2,1,9,-14.0
2019,95,0,P003526   ,0.0,0.0,ASV,23,"LIGHTY, DAVID",20:28,7,3,5,0,2,1,1,1,1,2,1,1,1,0,0,2,3,7,-9.0
2019,95,0,Team,0.0,0.0,ASV,,Team,,0,0,0,0,0,0,0,0,3,3,0,0,0,0,0,0,0,3,
2019,95,0,Total,,,ASV,,Total,200:00,62,19,38,3,19,15,22,7,22,29,10,4,13,2,1,21,26,56,
2019,96,1,P005154   ,1.0,0.0,DYR,4,"IVERSON, COLTON",08:04,2,1,3,0,0,0,0,2,1,3,0,0,0,0,1,1,0,1,-7.0
2019,96,1,P003425   ,0.0,0.0,DYR,6,"ALBICY, ANDREW",23:36,7,1,2,1,2,2,3,0,2,2,5,1,1,0,0,3,3,11,4.0
2019,96,1,PJAN      ,1.0,0.0,DYR,7,"PONKRASHOV, ANTON",11:47,0,0,2,0,0,0,0,0,0,0,1,0,0,1,0,1,1,0,-9.0
2019,96,1,P009917   ,0.0,0.0,DYR,9,"HOLLINS, AUSTIN",25:17,2,1,5,0,3,0,0,0,1,1,2,1,1,0,0,3,0,-5,-11.0
2019,96,1,P005856   ,1.0,1.0,DYR,10,"THOMAS, WILL",31:51,13,5,6,1,2,0,0,4,5,9,1,1,0,0,0,2,0,20,-17.0
2019,96,1,P005945   ,1.0,1.0,DYR,12,"RENFROE, ALEX",16:24,0,0,1,0,3,0,0,0,0,0,4,2,1,0,0,2,0,-1,-19.0
2019,96,1,PLKY      ,0.0,0.0,DYR,13,"KHVOSTOV, DMITRY",DNP,0,0,0,0,0,0,0,0,0,0,0,0,0,0,0,0,0,0,0.0
2019,96,1,P007851   ,0.0,1.0,DYR,16,"TRUSHKIN, VLADISLAV",04:13,2,1,1,0,0,0,0,0,0,0,0,0,0,0,0,0,0,2,-5.0
2019,96,1,P001389   ,1.0,1.0,DYR,18,"VORONOV, EVGENY",18:04,17,4,7,3,5,0,1,1,0,1,1,0,1,0,0,3,5,14,-5.0
2019,96,1,P005199   ,0.0,0.0,DYR,21,"ABROMAITIS, TIM",11:56,0,0,2,0,1,0,0,1,6,7,0,0,0,1,0,1,0,4,3.0
2019,96,1,P004172   ,0.0,0.0,DYR,25,"PONITKA, MATEUSZ",22:42,10,2,3,2,4,0,0,0,1,1,2,1,1,0,0,2,1,9,-1.0
2019,96,1,P005927   ,0.0,1.0,DYR,34,"AYON, GUSTAVO",26:06,18,9,19,0,0,0,1,5,5,10,1,0,4,1,3,2,3,13,-8.0
2019,96,1,Team,0.0,0.0,DYR,,Team,,0,0,0,0,0,0,0,2,1,3,0,0,0,0,0,0,0,3,
2019,96,1,Total,,,DYR,,Total,200:00,71,24,51,7,20,2,5,15,22,37,17,6,9,3,4,20,13,71,
2019,96,0,P001392   ,1.0,1.0,MAD,1,"CAUSEUR, FABIEN",19:34,11,1,2,3,5,0,0,0,1,1,2,1,2,0,0,3,2,9,10.0
2019,96,0,P005757   ,1.0,0.0,MAD,3,"RANDOLPH, ANTHONY",18:25,4,2,4,0,2,0,0,0,1,1,0,0,2,0,0,1,1,-1,7.0
2019,96,0,PBMT      ,0.0,0.0,MAD,5,"FERNANDEZ, RUDY",18:45,11,1,2,3,8,0,0,0,2,2,3,0,0,1,0,0,1,12,11.0
2019,96,0,P005928   ,1.0,1.0,MAD,7,"CAMPAZZO, FACUNDO",30:55,19,3,3,3,8,4,4,1,0,1,6,2,3,0,0,1,3,22,12.0
2019,96,0,P006435   ,0.0,0.0,MAD,8,"LAPROVITTOLA, NICOLAS",08:54,3,0,0,1,1,0,0,0,2,2,0,0,1,0,0,3,0,1,5.0
2019,96,0,P009005   ,1.0,1.0,MAD,14,"DECK, GABRIEL",27:39,15,3,6,1,2,6,7,2,6,8,2,0,0,0,2,0,7,25,13.0
2019,96,0,P007630   ,0.0,0.0,MAD,16,"GARUBA, USMAN",DNP,0,0,0,0,0,0,0,0,0,0,0,0,0,0,0,0,0,0,0.0
2019,96,0,P001960   ,0.0,0.0,MAD,20,"CARROLL, JAYCEE",10:33,6,0,2,2,3,0,0,0,1,1,1,0,1,0,0,1,2,5,1.0
2019,96,0,P005791   ,1.0,1.0,MAD,22,"TAVARES, WALTER",29:03,6,2,3,0,0,2,2,2,10,12,3,1,1,3,0,2,1,22,12.0
2019,96,0,P008847   ,0.0,0.0,MAD,25,"MICKEY, JORDAN",10:54,4,2,5,0,0,0,1,3,1,4,0,0,0,0,0,1,1,4,3.0
2019,96,0,P005836   ,0.0,1.0,MAD,33,"THOMPKINS, TREY",21:35,7,0,3,2,4,1,1,2,3,5,0,0,0,0,1,1,2,7,8.0
2019,96,0,P006546   ,0.0,0.0,MAD,44,"TAYLOR, JEFFERY",03:43,0,0,0,0,0,0,0,0,0,0,0,0,0,0,0,0,0,0,-7.0
2019,96,0,Team,0.0,0.0,MAD,,Team,,0,0,0,0,0,0,0,2,1,3,0,0,0,0,0,0,0,3,
2019,96,0,Total,,,MAD,,Total,200:00,86,14,30,15,33,13,15,12,28,40,17,4,10,4,3,13,20,109,
2019,97,1,P007200   ,1.0,1.0,IST,0,"LARKIN, SHANE",31:00,49,5,7,10,12,9,10,0,2,2,5,1,4,0,0,1,6,53,28.0
2019,97,1,P006590   ,0.0,1.0,IST,1,"BEAUBOIS, RODRIGUE",20:56,6,3,4,0,2,0,0,1,4,5,5,2,0,0,0,1,1,15,16.0
2019,97,1,P006614   ,1.0,0.0,IST,2,"SINGLETON, CHRIS",21:49,10,0,0,2,3,4,4,0,5,5,0,1,2,0,0,2,4,15,15.0
2019,97,1,P003521   ,0.0,0.0,IST,4,"BALBAY, DOGUS",04:07,0,0,0,0,1,0,0,0,0,0,0,1,0,0,0,0,0,0,6.0
2019,97,1,P005686   ,0.0,0.0,IST,8,"GECIM, TOLGA",03:23,0,0,0,0,2,0,0,0,0,0,0,0,0,0,0,0,0,-2,6.0
2019,97,1,P002968   ,0.0,0.0,IST,15,"SANLI, SERTAC",18:10,17,7,8,0,0,3,4,1,1,2,0,0,1,2,0,2,2,18,7.0
2019,97,1,P002925   ,0.0,0.0,IST,19,"TUNCER, BUGRAHAN",DNP,0,0,0,0,0,0,0,0,0,0,0,0,0,0,0,0,0,0,0.0
2019,97,1,PLHK      ,1.0,1.0,IST,21,"PLEISS, TIBOR",21:50,10,5,5,0,0,0,0,1,2,3,1,1,1,1,0,2,1,14,22.0
2019,97,1,P002580   ,1.0,1.0,IST,22,"MICIC, VASILIJE",21:00,0,0,1,0,3,0,0,0,0,0,4,0,2,0,1,1,3,-1,10.0
2019,97,1,P005938   ,1.0,0.0,IST,23,"ANDERSON, JAMES",25:18,5,1,3,1,3,0,0,4,5,9,3,1,0,1,0,1,0,14,11.0
2019,97,1,P008829   ,0.0,1.0,IST,25,"PETERS, ALEC",18:11,5,0,0,1,2,2,2,0,3,3,0,1,2,0,0,4,1,3,14.0
2019,97,1,PCPR      ,0.0,0.0,IST,44,"SIMON, KRUNOSLAV",14:16,2,1,2,0,0,0,0,1,1,2,5,0,3,1,0,3,0,3,10.0
2019,97,1,Team,0.0,0.0,IST,,Team,,0,0,0,0,0,0,0,1,2,3,0,0,0,0,0,0,0,3,
2019,97,1,Total,,,IST,,Total,200:00,104,22,30,14,28,18,20,9,25,34,23,8,15,5,1,17,18,135,
2019,97,0,PBOG      ,0.0,0.0,MUN,7,"KING, ALEX",11:50,0,0,0,0,3,0,0,1,1,2,1,0,1,0,0,1,1,-1,-7.0
2019,97,0,P004178   ,1.0,1.0,MUN,8,"KOPONEN, PETTERI",21:34,8,1,3,2,4,0,0,0,1,1,0,0,0,0,1,1,0,3,-29.0
2019,97,0,P009835   ,1.0,0.0,MUN,10,"MONROE, GREG",21:16,6,3,7,0,0,0,0,0,3,3,5,3,4,0,1,3,1,6,-8.0
2019,97,0,P001288   ,1.0,0.0,MUN,11,"LUCIC, VLADIMIR",29:33,20,7,9,0,0,6,7,1,3,4,3,1,1,1,1,2,6,28,-14.0
2019,97,0,P007032   ,1.0,0.0,MUN,12,"LO, MAODO",17:04,5,1,1,1,1,0,0,1,0,1,2,1,1,0,0,3,0,5,-5.0
2019,97,0,P005056   ,0.0,0.0,MUN,16,"ZIPSER, PAUL",22:25,8,1,4,1,3,3,3,0,1,1,1,0,4,0,1,3,3,0,-2.0
2019,97,0,P002829   ,0.0,0.0,MUN,20,"NELSON, DEMARCUS",16:22,9,3,4,1,2,0,0,0,1,1,2,2,1,0,0,1,0,10,-15.0
2019,97,0,P005670   ,0.0,1.0,MUN,21,"FLACCADORI, DIEGO",11:40,4,2,4,0,2,0,0,0,0,0,2,0,1,0,1,1,1,0,-16.0
2019,97,0,P003490   ,1.0,1.0,MUN,22,"BARTHEL, DANILO",28:10,11,5,6,0,3,1,1,1,2,3,1,1,0,0,0,2,3,13,-22.0
2019,97,0,P003842   ,0.0,0.0,MUN,26,"LESSORT, MATHIAS",09:20,4,1,3,0,0,2,2,1,2,3,0,0,0,0,0,1,1,5,-9.0
2019,97,0,PLEM      ,0.0,1.0,MUN,43,"RADOSEVIC, LEON",09:24,0,0,1,0,0,0,0,0,0,0,1,0,0,0,0,0,1,1,-12.0
2019,97,0,P008250   ,0.0,1.0,MUN,44,"GRANT, SASHA",01:22,0,0,0,0,0,0,0,0,0,0,0,0,0,0,0,0,0,0,-6.0
2019,97,0,Team,0.0,0.0,MUN,,Team,,0,0,0,0,0,0,0,1,1,2,0,0,3,0,0,0,0,-1,
2019,97,0,Total,,,MUN,,Total,200:00,75,24,42,5,18,12,13,6,15,21,18,8,16,1,5,18,17,69,
2019,98,1,P009862   ,0.0,0.0,OLY,0,"PUNTER, KEVIN",05:33,4,2,2,0,2,0,0,1,0,1,0,0,0,0,0,0,0,3,-4.0
2019,98,1,P002972   ,0.0,0.0,OLY,1,"ROCHESTIE, TAYLOR",08:13,3,1,2,0,1,1,1,0,0,0,2,0,1,0,0,3,1,0,7.0
2019,98,1,P009863   ,0.0,0.0,OLY,2,"BALDWIN IV, WADE",10:38,8,2,3,0,0,4,6,0,0,0,0,0,0,0,0,4,3,4,14.0
2019,98,1,P004945   ,0.0,0.0,OLY,3,"PAUL, BRANDON",15:44,7,0,0,2,3,1,2,0,2,2,0,0,0,0,0,2,2,7,3.0
2019,98,1,P005255   ,1.0,1.0,OLY,6,"KONIARIS, ANTONIOS",09:55,5,1,1,1,1,0,0,0,1,1,1,1,0,0,0,2,0,6,7.0
2019,98,1,PJUO      ,1.0,0.0,OLY,7,"SPANOULIS, VASSILIS",23:34,14,4,6,1,4,3,4,0,2,2,5,0,3,0,0,1,6,17,17.0
2019,98,1,P006058   ,0.0,1.0,OLY,10,"CHERRY, WILL",22:07,4,2,2,0,1,0,0,2,1,3,2,2,2,0,0,2,1,7,1.0
2019,98,1,P003941   ,1.0,1.0,OLY,11,"MILUTINOV, NIKOLA",25:45,13,3,5,0,0,7,9,3,8,11,2,2,0,0,0,1,7,30,16.0
2019,98,1,P003469   ,0.0,1.0,OLY,14,"VEZENKOV, SASHA",19:40,8,1,2,2,2,0,0,1,0,1,0,0,0,0,0,1,1,8,7.0
2019,98,1,PAMM      ,1.0,0.0,OLY,15,"PRINTEZIS, GEORGIOS",20:20,4,2,6,0,2,0,0,1,4,5,1,0,0,0,1,1,2,4,14.0
2019,98,1,P001255   ,1.0,1.0,OLY,16,"PAPANIKOLAOU, KOSTAS",24:16,17,4,5,2,5,3,3,1,3,4,1,1,1,0,0,1,4,21,18.0
2019,98,1,P006477   ,0.0,0.0,OLY,21,"RUBIT, AUGUSTINE",14:15,4,2,4,0,0,0,0,0,4,4,0,0,2,0,0,3,0,1,5.0
2019,98,1,Team,0.0,0.0,OLY,,Team,,0,0,0,0,0,0,0,0,3,3,0,0,1,0,0,0,0,2,
2019,98,1,Total,,,OLY,,Total,200:00,91,24,38,8,21,19,25,9,28,37,14,6,10,0,1,21,27,110,
2019,98,0,P005884   ,0.0,1.0,MIL,0,"DELLA VALLE, AMEDEO",13:15,3,1,2,0,0,1,1,0,0,0,0,1,0,0,0,4,1,0,-3.0
2019,98,0,P009902   ,0.0,0.0,MIL,1,"MACK, SHELVIN",21:16,7,2,5,1,3,0,0,0,0,0,1,1,2,0,0,0,3,5,-12.0
2019,98,0,P000529   ,1.0,1.0,MIL,5,"MICOV, VLADIMIR",30:01,11,2,2,1,4,4,4,0,1,1,0,0,1,0,0,3,2,7,-12.0
2019,98,0,P009903   ,0.0,0.0,MIL,6,"BILIGHA, PAUL",14:06,2,1,3,0,0,0,0,1,3,4,0,0,2,1,0,5,1,-1,-5.0
2019,98,0,P000726   ,0.0,0.0,MIL,9,"MORASCHINI, RICCARDO",DNP,0,0,0,0,0,0,0,0,0,0,0,0,0,0,0,0,0,0,0.0
2019,98,0,P004974   ,1.0,1.0,MIL,10,"ROLL, MICHAEL",20:36,9,3,4,1,3,0,0,0,2,2,3,1,2,0,0,2,0,8,-11.0
2019,98,0,PCVM      ,1.0,1.0,MIL,13,"RODRIGUEZ, SERGIO",21:35,14,3,8,2,3,2,2,1,0,1,3,0,2,0,0,2,3,11,-13.0
2019,98,0,P008004   ,1.0,1.0,MIL,15,"TARCZEWSKI, KALEB",17:45,3,1,1,0,0,1,2,0,2,2,0,1,0,0,0,4,2,3,-8.0
2019,98,0,P000848   ,0.0,0.0,MIL,16,"NEDOVIC, NEMANJA",18:28,12,3,5,1,5,3,3,0,1,1,0,0,1,0,0,2,3,7,-7.0
2019,98,0,P006505   ,0.0,0.0,MIL,30,"WHITE, AARON",00:57,0,0,0,0,0,0,0,0,0,0,0,0,0,0,0,0,0,0,-6.0
2019,98,0,P004117   ,0.0,0.0,MIL,32,"BROOKS, JEFF",24:54,4,2,3,0,0,0,0,1,2,3,1,1,3,0,0,2,3,6,-18.0
2019,98,0,PAJG      ,1.0,0.0,MIL,40,"SCOLA, LUIS",17:07,5,1,5,0,1,3,4,0,4,4,0,0,0,0,0,3,2,2,-10.0
2019,98,0,Team,0.0,0.0,MIL,,Team,,0,0,0,0,0,0,0,1,4,5,0,0,0,0,0,0,0,5,
2019,98,0,Total,,,MIL,,Total,200:00,70,19,38,6,19,14,16,4,19,23,8,5,13,1,0,27,20,53,
2019,99,1,P007870   ,0.0,0.0,BAR,0,"DAVIES, BRANDON",21:42,19,8,11,0,1,3,3,1,3,4,1,5,1,0,0,2,2,24,-11.0
2019,99,1,PJUG      ,0.0,1.0,BAR,5,"RIBAS, PAU",13:22,0,0,1,0,1,0,0,0,0,0,2,0,0,0,0,0,0,0,-16.0
2019,99,1,P005099   ,1.0,1.0,BAR,8,"HANGA, ADAM",19:26,10,4,4,0,3,2,2,1,6,7,2,0,1,0,0,3,1,13,-13.0
2019,99,1,P007109   ,1.0,1.0,BAR,10,"SMITS, ROLANDS",20:15,4,2,3,0,1,0,0,2,3,5,1,0,1,1,0,1,0,7,-6.0
2019,99,1,P004834   ,0.0,1.0,BAR,14,"PUSTOVYI, ARTEM",03:44,0,0,1,0,0,0,0,1,0,1,0,0,1,0,0,0,0,-1,-6.0
2019,99,1,P005917   ,0.0,1.0,BAR,18,"ORIOLA, PIERRE",18:00,4,1,2,0,0,2,3,2,0,2,0,0,0,0,0,2,3,5,-19.0
2019,99,1,P003478   ,0.0,0.0,BAR,21,"ABRINES, ALEX",01:56,0,0,0,0,0,0,0,0,0,0,0,0,0,0,0,2,0,-2,0.0
2019,99,1,P006450   ,1.0,0.0,BAR,22,"HIGGINS, CORY",19:59,4,2,2,0,2,0,0,0,0,0,0,0,3,0,0,2,2,-1,-16.0
2019,99,1,P004331   ,0.0,0.0,BAR,23,"DELANEY, MALCOLM",26:11,5,2,3,0,3,1,4,0,3,3,6,1,5,0,0,2,3,4,-18.0
2019,99,1,P005789   ,0.0,0.0,BAR,24,"KURIC, KYLE",18:51,2,0,4,0,0,2,2,0,0,0,1,1,0,0,0,0,2,2,-18.0
2019,99,1,P000796   ,1.0,0.0,BAR,33,"MIROTIC, NIKOLA",22:00,19,3,3,2,7,7,9,0,2,2,1,0,1,0,0,1,5,18,-10.0
2019,99,1,P002507   ,1.0,0.0,BAR,44,"TOMIC, ANTE",14:34,0,0,4,0,0,0,0,0,0,0,0,0,3,0,0,3,0,-10,-12.0
2019,99,1,Team,0.0,0.0,BAR,,Team,,0,0,0,0,0,0,0,1,3,4,0,0,0,0,0,0,0,4,
2019,99,1,Total,,,BAR,,Total,200:00,67,22,38,2,18,17,23,8,20,28,14,7,16,1,0,18,18,63,
2019,99,0,P009035   ,0.0,1.0,CSK,3,"BOLOMBOY, JOEL",16:05,6,2,3,0,0,2,2,2,3,5,1,0,3,0,0,2,2,8,7.0
2019,99,0,P005985   ,0.0,0.0,CSK,5,"JAMES, MIKE",27:07,14,4,5,2,6,0,0,0,4,4,6,1,4,0,0,2,4,18,18.0
2019,99,0,P004941   ,0.0,1.0,CSK,11,"ANTONOV, SEMEN",06:12,2,0,0,0,0,2,2,0,0,0,0,0,0,0,0,1,1,2,-1.0
2019,99,0,P000046   ,1.0,0.0,CSK,13,"STRELNIEKS, JANIS",24:54,10,1,2,2,3,2,2,0,3,3,5,0,1,0,0,2,2,15,22.0
2019,99,0,P007201   ,1.0,0.0,CSK,17,"VOIGTMANN, JOHANNES",25:41,10,1,2,2,5,2,2,0,5,5,3,0,0,0,0,3,1,12,20.0
2019,99,0,PLHI      ,0.0,1.0,CSK,20,"VORONTSEVICH, ANDREY",14:19,8,2,2,1,3,1,2,0,1,1,0,1,2,0,0,2,2,5,9.0
2019,99,0,P001844   ,1.0,0.0,CSK,23,"HACKETT, DANIEL",19:55,9,3,4,1,4,0,0,2,1,3,1,1,0,0,0,2,3,11,16.0
2019,99,0,P009766   ,0.0,0.0,CSK,31,"KOUFOS, KOSTA",DNP,0,0,0,0,0,0,0,0,0,0,0,0,0,0,0,0,0,0,0.0
2019,99,0,P008989   ,0.0,1.0,CSK,32,"HILLIARD, DARRUN",19:13,13,2,2,3,6,0,0,1,1,2,3,0,2,0,0,1,0,12,19.0
2019,99,0,PJLX      ,1.0,0.0,CSK,41,"KURBANOV, NIKITA",21:01,12,3,5,2,2,0,0,1,1,2,4,4,1,0,1,0,1,19,15.0
2019,99,0,P002812   ,1.0,0.0,CSK,42,"HINES, KYLE",23:55,12,4,7,1,1,1,2,1,6,7,1,0,2,0,0,3,2,13,22.0
2019,99,0,P009767   ,0.0,1.0,CSK,84,"BAKER, RON",01:38,0,0,0,0,0,0,0,0,0,0,0,0,0,0,0,0,0,0,-2.0
2019,99,0,Team,0.0,0.0,CSK,,Team,,0,0,0,0,0,0,0,0,1,1,0,0,0,0,0,0,0,1,
2019,99,0,Total,,,CSK,,Total,200:00,96,22,32,14,30,10,12,7,26,33,24,7,15,0,1,18,18,116,
2019,100,1,P009035   ,0.0,1.0,CSK,3,"BOLOMBOY, JOEL",32:36,12,4,4,1,5,1,2,1,5,6,1,0,1,1,0,3,2,13,4.0
2019,100,1,P005985   ,0.0,1.0,CSK,5,"JAMES, MIKE",27:06,19,4,9,1,4,8,9,1,2,3,2,0,0,0,1,3,7,18,-10.0
2019,100,1,P004941   ,0.0,0.0,CSK,11,"ANTONOV, SEMEN",00:35,0,0,0,0,0,0,0,0,0,0,0,0,0,0,0,0,0,0,1.0
2019,100,1,P000046   ,1.0,1.0,CSK,13,"STRELNIEKS, JANIS",30:48,18,7,9,1,4,1,1,0,1,1,4,0,1,0,0,2,2,17,26.0
2019,100,1,P007201   ,1.0,0.0,CSK,17,"VOIGTMANN, JOHANNES",15:05,0,0,2,0,0,0,0,0,3,3,1,2,0,0,0,0,0,4,4.0
2019,100,1,PLHI      ,0.0,0.0,CSK,20,"VORONTSEVICH, ANDREY",06:31,2,1,1,0,2,0,0,0,0,0,0,0,1,0,0,3,0,-4,-13.0
2019,100,1,P001844   ,1.0,1.0,CSK,23,"HACKETT, DANIEL",27:53,11,1,2,2,5,3,4,0,3,3,6,3,3,0,0,4,3,14,6.0
2019,100,1,P009766   ,0.0,0.0,CSK,31,"KOUFOS, KOSTA",DNP,0,0,0,0,0,0,0,0,0,0,0,0,0,0,0,0,0,0,0.0
2019,100,1,P008989   ,0.0,0.0,CSK,32,"HILLIARD, DARRUN",06:49,1,0,0,0,1,1,2,0,1,1,1,0,1,0,0,1,1,0,-10.0
2019,100,1,PJLX      ,1.0,1.0,CSK,41,"KURBANOV, NIKITA",10:59,3,0,3,1,1,0,0,0,2,2,0,0,0,0,1,3,1,-1,-8.0
2019,100,1,P002812   ,1.0,0.0,CSK,42,"HINES, KYLE",33:55,6,3,8,0,0,0,2,2,3,5,0,0,1,3,0,3,3,6,7.0
2019,100,1,P009767   ,0.0,0.0,CSK,84,"BAKER, RON",32:43,13,2,3,3,5,0,0,0,3,3,0,1,0,1,0,2,1,14,8.0
2019,100,1,Team,0.0,0.0,CSK,,Team,,0,0,0,0,0,0,0,1,2,3,0,0,0,0,0,0,0,3,
2019,100,1,Total,,,CSK,,Total,225:00,85,22,41,9,27,14,20,5,25,30,15,6,8,5,2,24,20,84,
2019,100,0,P008855   ,1.0,1.0,ZAL,0,"WALKUP, THOMAS",36:01,19,5,10,3,4,0,0,1,6,7,6,0,7,0,0,3,6,22,0.0
2019,100,0,P002429   ,1.0,1.0,ZAL,1,"RIVERS, KC",21:35,2,1,2,0,4,0,0,1,1,2,1,1,0,0,0,3,0,-2,-19.0
2019,100,0,P003210   ,0.0,0.0,ZAL,4,"LEKAVICIUS, LUKAS",20:28,15,6,9,0,1,3,4,0,1,1,3,0,0,0,0,3,4,15,11.0
2019,100,0,P008962   ,0.0,1.0,ZAL,10,"HAYES, NIGEL",18:06,5,1,2,1,3,0,0,2,1,3,0,0,0,0,1,1,1,4,-3.0
2019,100,0,PBWI      ,0.0,0.0,ZAL,13,"JANKUNAS, PAULIUS",11:11,0,0,0,0,0,0,0,0,2,2,1,0,1,0,0,0,1,3,4.0
2019,100,0,P006158   ,0.0,0.0,ZAL,16,"LUKOSIUNAS, KAROLIS",DNP,0,0,0,0,0,0,0,0,0,0,0,0,0,0,0,0,0,0,0.0
2019,100,0,PKPD      ,0.0,1.0,ZAL,21,"MILAKNIS, ARTURAS",24:55,8,0,1,2,2,2,4,0,2,2,0,0,1,0,0,1,2,7,-1.0
2019,100,0,P009753   ,0.0,0.0,ZAL,23,"GEBEN, MARTINAS",11:28,8,1,2,0,0,6,6,1,3,4,0,0,1,1,0,2,4,13,10.0
2019,100,0,P007519   ,0.0,0.0,ZAL,31,"JOKUBAITIS, ROKAS",DNP,0,0,0,0,0,0,0,0,0,0,0,0,0,0,0,0,0,0,0.0
2019,100,0,P008987   ,1.0,1.0,ZAL,32,"LEDAY, ZACH",31:49,11,4,12,0,0,3,4,4,5,9,0,0,1,1,3,3,4,9,-6.0
2019,100,0,P008820   ,1.0,0.0,ZAL,34,"LANDALE, JOCK",32:21,12,5,9,0,3,2,2,3,8,11,0,0,2,0,1,2,1,12,-9.0
2019,100,0,P002329   ,1.0,0.0,ZAL,92,"ULANOVAS, EDGARAS",17:06,2,1,4,0,1,0,0,1,1,2,1,0,2,0,0,2,1,-2,-2.0
2019,100,0,Team,0.0,0.0,ZAL,,Team,,0,0,0,0,0,0,0,2,3,5,0,0,0,0,0,0,0,5,
2019,100,0,Total,,,ZAL,,Total,225:00,82,24,51,6,18,16,20,15,33,48,12,1,15,2,5,20,24,86,
2019,101,1,P009846   ,0.0,1.0,TEL,0,"BRYANT, ELIJAH",29:44,12,3,7,2,4,0,1,0,3,3,2,2,2,0,1,2,3,10,16.0
2019,101,1,P006661   ,1.0,1.0,TEL,1,"WILBEKIN, SCOTTIE",29:11,16,2,4,4,9,0,0,0,3,3,1,2,0,0,0,3,4,16,18.0
2019,101,1,P009847   ,1.0,0.0,TEL,2,"ACY, QUINCY",16:39,2,0,0,0,2,2,2,1,1,2,1,0,0,1,0,1,2,5,9.0
2019,101,1,P005771   ,0.0,1.0,TEL,4,"CALOIARO, ANGELO",14:10,4,1,4,0,0,2,2,3,1,4,1,3,0,0,0,2,1,8,16.0
2019,101,1,P005160   ,0.0,1.0,TEL,5,"HUNTER, OTHELLO",20:54,15,7,8,0,1,1,2,2,2,4,0,1,0,0,0,2,3,18,13.0
2019,101,1,P007675   ,1.0,1.0,TEL,8,"AVDIJA, DENI",06:19,0,0,0,0,0,0,0,0,1,1,0,0,0,0,0,1,0,0,2.0
2019,101,1,P009849   ,0.0,0.0,TEL,11,"DORSEY, TYLER",19:58,2,1,5,0,2,0,0,0,3,3,2,0,0,1,0,2,2,2,4.0
2019,101,1,P007990   ,0.0,0.0,TEL,12,"DIBARTOLOMEO, JOHN",04:25,0,0,0,0,0,0,0,0,1,1,1,0,1,0,0,1,0,0,3.0
2019,101,1,P006555   ,1.0,0.0,TEL,14,"WOLTERS, NATE",04:36,2,1,2,0,1,0,0,0,0,0,0,0,0,0,0,0,0,0,1.0
2019,101,1,P005145   ,0.0,0.0,TEL,15,"COHEN, JAKE",12:45,2,1,3,0,1,0,0,1,1,2,2,1,0,0,0,1,0,3,-1.0
2019,101,1,P008991   ,1.0,0.0,TEL,28,"BLACK, TARIK",18:31,9,4,8,0,0,1,2,1,3,4,1,0,2,2,1,3,1,6,9.0
2019,101,1,P006625   ,0.0,0.0,TEL,50,"ZOOSMAN, YOVEL",22:48,13,3,5,1,2,4,4,2,6,8,1,2,4,0,1,2,2,16,20.0
2019,101,1,Team,0.0,0.0,TEL,,Team,,0,0,0,0,0,0,0,0,2,2,0,0,0,0,0,0,0,2,
2019,101,1,Total,,,TEL,,Total,200:00,77,23,46,7,22,10,13,10,27,37,12,11,9,4,3,20,18,86,
2019,101,0,PBOG      ,0.0,1.0,MUN,7,"KING, ALEX",04:56,0,0,0,0,1,0,0,0,1,1,0,0,0,0,0,0,0,0,-3.0
2019,101,0,P004178   ,1.0,0.0,MUN,8,"KOPONEN, PETTERI",27:55,10,2,3,2,6,0,0,0,3,3,1,0,3,0,0,1,1,6,-9.0
2019,101,0,P009835   ,0.0,0.0,MUN,10,"MONROE, GREG",18:30,8,3,7,0,0,2,2,1,5,6,0,1,2,1,1,3,2,8,-15.0
2019,101,0,P001288   ,1.0,0.0,MUN,11,"LUCIC, VLADIMIR",29:24,10,1,3,0,2,8,8,1,3,4,1,1,2,0,0,1,6,15,-28.0
2019,101,0,P007032   ,1.0,1.0,MUN,12,"LO, MAODO",30:32,5,0,3,1,5,2,2,1,2,3,2,1,1,0,2,3,2,0,-8.0
2019,101,0,P005056   ,0.0,1.0,MUN,16,"ZIPSER, PAUL",22:41,4,2,4,0,2,0,0,0,0,0,1,0,3,1,1,4,1,-5,-15.0
2019,101,0,P002829   ,0.0,0.0,MUN,20,"NELSON, DEMARCUS",13:04,4,0,2,0,0,4,6,0,1,1,1,0,1,0,0,1,3,3,-14.0
2019,101,0,P005670   ,0.0,1.0,MUN,21,"FLACCADORI, DIEGO",05:31,0,0,1,0,0,0,0,0,1,1,0,1,1,0,0,1,0,-1,-5.0
2019,101,0,P003490   ,1.0,0.0,MUN,22,"BARTHEL, DANILO",26:11,6,1,1,1,3,1,2,0,6,6,4,0,4,0,0,2,1,8,-4.0
2019,101,0,P003842   ,1.0,1.0,MUN,26,"LESSORT, MATHIAS",21:16,8,3,4,0,0,2,2,0,5,5,0,1,1,1,0,2,4,15,-9.0
2019,101,0,P008250   ,0.0,0.0,MUN,44,"GRANT, SASHA",DNP,0,0,0,0,0,0,0,0,0,0,0,0,0,0,0,0,0,0,0.0
2019,101,0,Team,0.0,0.0,MUN,,Team,,0,0,0,0,0,0,0,1,0,1,0,0,1,0,0,0,0,0,
2019,101,0,Total,,,MUN,,Total,200:00,55,12,28,4,19,19,22,4,27,31,10,5,19,3,4,18,20,49,
2019,102,1,P005884   ,0.0,1.0,MIL,0,"DELLA VALLE, AMEDEO",17:29,7,1,3,0,1,5,6,1,0,1,2,1,0,0,1,2,4,8,-12.0
2019,102,1,P009902   ,0.0,0.0,MIL,1,"MACK, SHELVIN",11:37,2,1,2,0,2,0,0,0,1,1,0,0,1,0,1,2,0,-4,-9.0
2019,102,1,P009903   ,0.0,0.0,MIL,6,"BILIGHA, PAUL",DNP,0,0,0,0,0,0,0,0,0,0,0,0,0,0,0,0,0,0,0.0
2019,102,1,P000726   ,0.0,0.0,MIL,9,"MORASCHINI, RICCARDO",14:00,7,2,2,0,3,3,3,0,1,1,1,0,0,1,0,1,2,8,-6.0
2019,102,1,P004974   ,1.0,1.0,MIL,10,"ROLL, MICHAEL",30:36,9,0,4,3,5,0,0,0,3,3,2,0,1,0,1,1,1,6,-2.0
2019,102,1,PCVM      ,1.0,1.0,MIL,13,"RODRIGUEZ, SERGIO",25:06,14,2,5,2,5,4,4,2,3,5,3,0,1,1,2,3,5,16,-5.0
2019,102,1,P008004   ,0.0,1.0,MIL,15,"TARCZEWSKI, KALEB",20:12,3,1,1,0,0,1,2,0,2,2,0,0,1,0,0,4,1,0,-15.0
2019,102,1,P000848   ,0.0,0.0,MIL,16,"NEDOVIC, NEMANJA",11:05,6,0,0,2,5,0,0,0,4,4,0,0,0,0,0,0,1,8,6.0
2019,102,1,P005692   ,0.0,0.0,MIL,23,"BURNS, CHRISTIAN",DNP,0,0,0,0,0,0,0,0,0,0,0,0,0,0,0,0,0,0,0.0
2019,102,1,P006505   ,1.0,1.0,MIL,30,"WHITE, AARON",21:33,6,1,2,0,3,4,5,2,1,3,1,1,0,0,0,0,4,10,-11.0
2019,102,1,P004117   ,1.0,0.0,MIL,32,"BROOKS, JEFF",28:34,7,3,4,0,3,1,1,3,4,7,1,0,0,1,0,3,1,10,-1.0
2019,102,1,PAJG      ,1.0,0.0,MIL,40,"SCOLA, LUIS",19:48,6,3,7,0,3,0,0,0,3,3,3,0,0,0,1,1,3,6,5.0
2019,102,1,Team,0.0,0.0,MIL,,Team,,0,0,0,0,0,0,0,0,1,1,0,0,0,0,0,0,0,1,
2019,102,1,Total,,,MIL,,Total,200:00,67,14,30,7,30,18,21,8,23,31,13,2,4,3,6,17,22,69,
2019,102,0,P003479   ,1.0,0.0,RED,0,"KUZMIC, OGNJEN",10:17,2,1,1,0,0,0,0,0,1,1,1,0,0,0,0,1,0,3,6.0
2019,102,0,P004425   ,0.0,1.0,RED,1,"BROWN, DERRICK",19:43,12,2,6,2,2,2,2,1,3,4,0,0,1,0,1,0,2,12,-1.0
2019,102,0,PJDZ      ,0.0,0.0,RED,3,"COVIC, FILIP",12:10,2,1,3,0,0,0,0,0,0,0,0,0,0,0,0,2,1,-1,-10.0
2019,102,0,P009622   ,1.0,1.0,RED,4,"BROWN, LORENZO",27:50,21,7,8,1,3,4,4,1,3,4,7,0,4,2,0,2,4,29,20.0
2019,102,0,P007960   ,1.0,0.0,RED,7,"DAVIDOVAC, DEJAN",20:09,6,3,4,0,1,0,0,2,2,4,2,0,0,0,0,3,3,10,8.0
2019,102,0,P008800   ,1.0,1.0,RED,11,"FAYE, MOUHAMMAD",20:36,6,0,2,2,4,0,0,0,6,6,2,0,0,1,1,1,1,10,11.0
2019,102,0,P005775   ,1.0,1.0,RED,12,"BARON, BILLY",28:44,17,1,4,4,8,3,3,0,3,3,0,2,0,0,1,2,1,13,16.0
2019,102,0,P004007   ,0.0,0.0,RED,13,"DOBRIC, OGNJEN",14:37,3,0,1,1,3,0,0,1,1,2,0,0,0,0,0,1,0,1,-5.0
2019,102,0,P002980   ,0.0,0.0,RED,15,"GIST, JAMES",18:24,2,1,7,0,0,0,0,1,5,6,1,0,2,2,0,5,1,-1,0.0
2019,102,0,P005014   ,0.0,1.0,RED,22,"JENKINS, CHARLES",16:30,0,0,0,0,1,0,0,0,4,4,0,0,1,1,0,2,0,1,1.0
2019,102,0,P005618   ,0.0,0.0,RED,28,"SIMANIC, BORISA",DNP,0,0,0,0,0,0,0,0,0,0,0,0,0,0,0,0,0,0,0.0
2019,102,0,P008801   ,0.0,0.0,RED,50,"OJO, MICHAEL",11:00,6,2,3,0,0,2,3,1,2,3,0,1,0,0,0,3,4,9,4.0
2019,102,0,Team,0.0,0.0,RED,,Team,,0,0,0,0,0,0,0,2,1,3,0,0,2,0,0,0,0,1,
2019,102,0,Total,,,RED,,Total,200:00,77,18,39,10,22,11,12,9,31,40,13,3,10,6,3,22,17,87,
2019,103,1,P001392   ,1.0,1.0,MAD,1,"CAUSEUR, FABIEN",19:52,16,2,3,4,6,0,0,1,1,2,1,0,0,0,0,1,2,17,5.0
2019,103,1,P005757   ,1.0,0.0,MAD,3,"RANDOLPH, ANTHONY",23:24,18,0,0,4,5,6,6,0,4,4,0,1,0,1,0,0,5,28,8.0
2019,103,1,PBMT      ,0.0,0.0,MAD,5,"FERNANDEZ, RUDY",15:27,5,0,0,1,2,2,2,0,4,4,1,2,0,1,0,0,3,15,9.0
2019,103,1,P005928   ,1.0,1.0,MAD,7,"CAMPAZZO, FACUNDO",23:47,8,1,4,2,3,0,0,0,2,2,17,0,3,0,0,2,3,21,9.0
2019,103,1,P006435   ,0.0,0.0,MAD,8,"LAPROVITTOLA, NICOLAS",16:13,5,1,1,0,1,3,4,0,1,1,5,0,1,0,0,2,3,9,3.0
2019,103,1,P009005   ,1.0,0.0,MAD,14,"DECK, GABRIEL",16:06,8,4,7,0,1,0,0,0,1,1,2,0,0,0,1,3,1,4,5.0
2019,103,1,P007630   ,0.0,0.0,MAD,16,"GARUBA, USMAN",DNP,0,0,0,0,0,0,0,0,0,0,0,0,0,0,0,0,0,0,0.0
2019,103,1,P001960   ,0.0,0.0,MAD,20,"CARROLL, JAYCEE",15:37,12,2,3,2,4,2,2,0,0,0,0,1,0,0,0,3,1,8,3.0
2019,103,1,P005791   ,1.0,1.0,MAD,22,"TAVARES, WALTER",22:44,12,6,7,0,0,0,1,2,2,4,2,0,0,2,0,4,1,15,13.0
2019,103,1,P008847   ,0.0,0.0,MAD,25,"MICKEY, JORDAN",17:16,10,4,8,0,0,2,2,1,1,2,1,0,3,2,1,3,1,5,-1.0
2019,103,1,P005836   ,0.0,1.0,MAD,33,"THOMPKINS, TREY",16:36,14,1,1,3,3,3,3,1,5,6,0,0,0,1,0,0,2,23,4.0
2019,103,1,P006546   ,0.0,1.0,MAD,44,"TAYLOR, JEFFERY",12:58,3,0,1,1,4,0,0,1,0,1,1,0,1,0,0,3,0,-3,2.0
2019,103,1,Team,0.0,0.0,MAD,,Team,,0,0,0,0,0,0,0,1,1,2,0,0,0,0,0,0,0,2,
2019,103,1,Total,,,MAD,,Total,200:00,111,21,35,17,29,18,20,7,22,29,30,4,8,7,2,21,22,144,
2019,103,0,P006533   ,0.0,1.0,PAM,1,"COLOM, QUINO",15:46,8,2,4,0,1,4,5,0,1,1,4,0,1,0,1,2,2,7,-5.0
2019,103,0,P004761   ,0.0,0.0,PAM,2,"MARINKOVIC, VANJA",11:21,0,0,2,0,2,0,0,0,0,0,0,0,2,0,1,2,0,-9,-8.0
2019,103,0,P009754   ,1.0,1.0,PAM,3,"LOYD, JORDAN",22:14,21,2,2,4,5,5,5,0,0,0,5,0,2,0,0,3,5,25,-2.0
2019,103,0,P006726   ,0.0,0.0,PAM,5,"NDOUR, MAURICE",11:18,0,0,1,0,0,0,0,0,3,3,1,0,0,0,0,4,0,-1,-1.0
2019,103,0,P003733   ,0.0,0.0,PAM,6,"ABALDE, ALBERTO",20:30,5,1,4,0,3,3,3,0,2,2,2,1,1,0,1,1,1,2,-9.0
2019,103,0,P004884   ,1.0,1.0,PAM,7,"LABEYRIE, LOUIS",19:53,6,3,3,0,0,0,0,2,4,6,0,0,0,0,0,0,0,12,-4.0
2019,103,0,P008966   ,0.0,0.0,PAM,10,"TOBEY, MIKE",20:10,20,7,10,2,4,0,0,4,0,4,0,0,1,1,2,0,1,18,-7.0
2019,103,0,P006599   ,0.0,0.0,PAM,12,"MOTUM, BROCK",08:49,2,0,2,0,0,2,2,2,2,4,0,0,1,0,0,2,1,2,-7.0
2019,103,0,P002742   ,1.0,1.0,PAM,14,"DUBLJEVIC, BOJAN",19:50,17,3,5,3,7,2,4,1,5,6,1,1,0,1,1,1,2,18,-5.0
2019,103,0,P002361   ,1.0,0.0,PAM,16,"VIVES, GUILLEM",24:14,8,1,2,1,2,3,4,0,2,2,4,1,0,0,0,2,4,14,-7.0
2019,103,0,P000518   ,1.0,1.0,PAM,19,"SAN EMETERIO, FERNANDO",19:30,7,1,3,1,3,2,2,0,1,1,0,0,0,0,0,4,3,3,-3.0
2019,103,0,P002763   ,0.0,0.0,PAM,42,"DOORNEKAMP, AARON",06:25,5,1,2,1,1,0,0,1,0,1,1,0,0,0,1,1,2,6,-2.0
2019,103,0,Team,0.0,0.0,PAM,,Team,,0,0,0,0,0,0,0,3,0,3,0,0,0,0,0,0,0,3,
2019,103,0,Total,,,PAM,,Total,200:00,99,21,40,12,28,21,25,13,20,33,18,3,8,2,7,22,21,100,
2019,104,1,PKVZ      ,1.0,1.0,KHI,1,"SHVED, ALEXEY",38:03,23,2,8,4,9,7,7,1,1,2,5,1,5,2,2,4,7,18,-9.0
2019,104,1,P004810   ,0.0,0.0,KHI,3,"KRAMER, CHRIS",10:54,0,0,1,0,1,0,0,0,3,3,1,1,1,0,0,1,0,1,4.0
2019,104,1,P007056   ,1.0,0.0,KHI,5,"BOOKER, DEVIN",23:39,14,5,7,0,2,4,5,3,2,5,1,0,2,0,0,5,4,12,-1.0
2019,104,1,P004302   ,0.0,1.0,KHI,7,"KARASEV, SERGEY",16:43,14,1,1,4,4,0,0,1,2,3,1,1,0,0,0,0,1,20,6.0
2019,104,1,P001792   ,1.0,0.0,KHI,8,"ZAYTSEV, VYACHESLAV",05:30,0,0,0,0,0,0,0,0,0,0,1,1,0,1,0,2,0,1,-5.0
2019,104,1,PBGV      ,0.0,0.0,KHI,9,"VIALTSEV, EGOR",DNP,0,0,0,0,0,0,0,0,0,0,0,0,0,0,0,0,0,0,0.0
2019,104,1,P009748   ,1.0,1.0,KHI,11,"JEREBKO, JONAS",24:48,6,0,2,2,4,0,0,0,4,4,6,1,0,1,0,1,0,13,-6.0
2019,104,1,PBFX      ,1.0,0.0,KHI,12,"MONIA, SERGEY",07:27,3,0,0,1,2,0,0,0,1,1,0,1,0,0,0,2,0,2,-9.0
2019,104,1,P008001   ,0.0,0.0,KHI,13,"GILL, ANTHONY",15:28,7,3,3,0,2,1,1,0,2,2,1,0,2,0,0,3,2,5,-12.0
2019,104,1,P004863   ,0.0,1.0,KHI,24,"JOVIC, STEFAN",25:59,11,4,6,1,3,0,0,0,0,0,5,0,0,0,0,3,1,10,-8.0
2019,104,1,P007432   ,0.0,1.0,KHI,40,"EVANS, JEREMY",23:20,16,6,6,0,2,4,4,1,1,2,2,2,2,1,0,3,2,18,1.0
2019,104,1,P000436   ,0.0,0.0,KHI,45,"BERTANS, DAIRIS",08:09,0,0,0,0,0,0,0,0,1,1,0,0,0,0,0,0,0,1,-1.0
2019,104,1,Team,0.0,0.0,KHI,,Team,,0,0,0,0,0,0,0,0,1,1,0,0,0,0,0,0,0,1,
2019,104,1,Total,,,KHI,,Total,200:00,94,21,34,12,29,16,17,6,18,24,23,8,12,5,2,24,17,102,
2019,104,0,P007870   ,1.0,0.0,BAR,0,"DAVIES, BRANDON",11:46,6,2,3,0,0,2,2,0,3,3,1,1,2,0,0,3,2,7,1.0
2019,104,0,PJUG      ,0.0,0.0,BAR,5,"RIBAS, PAU",DNP,0,0,0,0,0,0,0,0,0,0,0,0,0,0,0,0,0,0,0.0
2019,104,0,P005099   ,1.0,1.0,BAR,8,"HANGA, ADAM",24:09,10,2,6,2,3,0,0,1,3,4,6,1,2,0,1,2,3,14,21.0
2019,104,0,P007109   ,1.0,0.0,BAR,10,"SMITS, ROLANDS",14:42,6,0,1,2,4,0,0,0,1,1,0,0,0,0,0,2,0,2,9.0
2019,104,0,P005917   ,0.0,1.0,BAR,18,"ORIOLA, PIERRE",10:58,0,0,0,0,0,0,0,0,1,1,0,0,0,1,0,2,0,0,2.0
2019,104,0,P003478   ,0.0,0.0,BAR,21,"ABRINES, ALEX",DNP,0,0,0,0,0,0,0,0,0,0,0,0,0,0,0,0,0,0,0.0
2019,104,0,P006450   ,1.0,1.0,BAR,22,"HIGGINS, CORY",28:56,10,3,8,1,3,1,2,0,1,1,5,0,1,0,3,0,5,9,5.0
2019,104,0,P004331   ,0.0,1.0,BAR,23,"DELANEY, MALCOLM",26:01,17,1,3,4,5,3,4,0,3,3,9,0,3,0,0,3,2,21,-5.0
2019,104,0,P005789   ,0.0,0.0,BAR,24,"KURIC, KYLE",26:12,10,3,4,1,1,1,1,0,1,1,0,0,0,0,0,0,1,11,-6.0
2019,104,0,P008985   ,0.0,0.0,BAR,31,"BOLMARO, LEANDRO",DNP,0,0,0,0,0,0,0,0,0,0,0,0,0,0,0,0,0,0,0.0
2019,104,0,P000796   ,1.0,1.0,BAR,33,"MIROTIC, NIKOLA",33:16,28,7,10,2,6,8,10,3,6,9,0,3,4,0,1,3,7,30,2.0
2019,104,0,P002507   ,0.0,0.0,BAR,44,"TOMIC, ANTE",24:00,15,6,8,0,0,3,4,3,3,6,3,0,1,1,0,2,4,23,11.0
2019,104,0,Team,0.0,0.0,BAR,,Team,,0,0,0,0,0,0,0,4,1,5,0,0,0,0,0,0,0,5,
2019,104,0,Total,,,BAR,,Total,200:00,102,24,43,12,22,18,23,11,23,34,24,5,13,2,5,17,24,122,
2019,105,1,P005154   ,1.0,0.0,DYR,4,"IVERSON, COLTON",14:40,6,2,6,0,0,2,4,0,3,3,0,0,1,1,0,1,2,4,-4.0
2019,105,1,P003425   ,0.0,0.0,DYR,6,"ALBICY, ANDREW",15:43,3,0,1,1,3,0,2,0,1,1,2,0,1,0,0,2,3,1,-8.0
2019,105,1,PJAN      ,1.0,1.0,DYR,7,"PONKRASHOV, ANTON",15:29,3,0,1,1,2,0,0,1,2,3,3,0,0,0,0,0,0,7,4.0
2019,105,1,P009917   ,0.0,1.0,DYR,9,"HOLLINS, AUSTIN",16:22,3,0,1,1,1,0,0,0,1,1,2,2,0,2,0,1,0,8,16.0
2019,105,1,P005856   ,1.0,1.0,DYR,10,"THOMAS, WILL",29:16,8,3,5,0,2,2,4,0,3,3,1,0,2,0,0,2,4,6,20.0
2019,105,1,P005945   ,1.0,1.0,DYR,12,"RENFROE, ALEX",24:18,16,3,5,2,3,4,4,0,2,2,8,1,3,0,1,1,3,22,13.0
2019,105,1,PLKY      ,0.0,0.0,DYR,13,"KHVOSTOV, DMITRY",DNP,0,0,0,0,0,0,0,0,0,0,0,0,0,0,0,0,0,0,0.0
2019,105,1,P003370   ,0.0,0.0,DYR,14,"PUSHKOV, ANTON",02:52,0,0,1,0,0,0,0,0,0,0,0,1,0,0,0,2,0,-2,-3.0
2019,105,1,P007851   ,0.0,0.0,DYR,16,"TRUSHKIN, VLADISLAV",15:43,3,0,0,1,2,0,0,0,3,3,0,0,0,0,0,2,0,3,-11.0
2019,105,1,P005199   ,0.0,1.0,DYR,21,"ABROMAITIS, TIM",15:01,8,1,1,2,3,0,0,0,1,1,0,0,0,0,0,2,2,8,-5.0
2019,105,1,P004172   ,1.0,0.0,DYR,25,"PONITKA, MATEUSZ",32:26,11,2,3,2,4,1,2,0,5,5,2,1,2,0,0,2,6,17,1.0
2019,105,1,P005927   ,0.0,0.0,DYR,34,"AYON, GUSTAVO",18:10,14,6,9,0,0,2,4,4,1,5,3,2,2,0,0,2,3,18,2.0
2019,105,1,Team,0.0,0.0,DYR,,Team,,0,0,0,0,0,0,0,1,2,3,0,0,0,0,0,0,0,3,
2019,105,1,Total,,,DYR,,Total,200:00,75,17,33,10,20,11,20,6,24,30,21,7,11,3,1,17,23,95,
2019,105,0,P000229   ,1.0,0.0,ASV,1,"JACKSON, EDWIN",15:14,6,2,6,0,1,2,2,0,0,0,0,0,1,0,1,2,1,-2,-2.0
2019,105,0,P005247   ,0.0,1.0,ASV,2,"TAYLOR, JORDAN",19:18,8,4,7,0,1,0,0,2,0,2,3,0,2,0,1,4,0,2,-18.0
2019,105,0,P009733   ,1.0,1.0,ASV,3,"JEKIRI, TONYE",20:37,8,4,8,0,1,0,0,1,3,4,1,0,2,0,1,2,1,4,-10.0
2019,105,0,PKIR      ,1.0,1.0,ASV,5,"KAHUDI, CHARLES",22:56,3,0,0,0,2,3,4,1,2,3,0,0,1,0,0,4,4,2,4.0
2019,105,0,P007027   ,0.0,0.0,ASV,6,"MALEDON, THEO",19:52,9,1,4,2,5,1,1,1,1,2,5,1,2,0,0,4,2,7,5.0
2019,105,0,P005553   ,0.0,1.0,ASV,9,"LOMAZS, RIHARDS",14:20,3,0,0,1,2,0,0,0,1,1,3,1,0,0,0,1,3,9,5.0
2019,105,0,P008851   ,0.0,0.0,ASV,11,"GALLIOU, CHARLES",DNP,0,0,0,0,0,0,0,0,0,0,0,0,0,0,0,0,0,0,0.0
2019,105,0,P006068   ,0.0,0.0,ASV,12,"NOUA, AMINE",17:05,4,2,2,0,3,0,0,0,4,4,0,0,1,0,0,1,0,3,6.0
2019,105,0,P002536   ,1.0,0.0,ASV,17,"JEAN-CHARLES, LIVIO",27:06,8,3,6,0,0,2,2,4,5,9,3,0,0,0,0,1,2,18,-6.0
2019,105,0,PTFK      ,1.0,0.0,ASV,19,"DIOT, ANTOINE",11:23,5,1,2,1,3,0,0,0,1,1,3,0,0,0,0,1,0,5,3.0
2019,105,0,P004655   ,0.0,0.0,ASV,21,"BAKO, ISMAEL",09:20,8,3,4,0,0,2,2,1,1,2,0,1,0,1,0,1,2,12,2.0
2019,105,0,P003526   ,0.0,1.0,ASV,23,"LIGHTY, DAVID",22:49,8,2,5,1,3,1,1,1,4,5,1,0,1,0,0,2,2,8,-14.0
2019,105,0,Team,0.0,0.0,ASV,,Team,,0,0,0,0,0,0,0,1,3,4,0,0,1,0,0,0,0,3,
2019,105,0,Total,,,ASV,,Total,200:00,70,22,44,5,21,11,12,12,25,37,19,3,11,1,3,23,17,71,
2019,106,1,P002543   ,0.0,0.0,ULK,9,"WESTERMANN, LEO",04:00,0,0,0,0,2,0,0,0,0,0,1,0,1,0,0,1,0,-3,-5.0
2019,106,1,P002969   ,1.0,1.0,ULK,10,"MAHMUTOGLU, MELIH",39:52,17,1,2,5,9,0,0,0,0,0,1,1,0,0,0,3,0,11,12.0
2019,106,1,P004866   ,0.0,0.0,ULK,12,"KALINIC, NIKOLA",04:33,0,0,2,0,0,0,0,0,0,0,0,0,0,0,0,0,1,-1,-9.0
2019,106,1,P006961   ,0.0,0.0,ULK,13,"BIBEROVIC, TARIK",DNP,0,0,0,0,0,0,0,0,0,0,0,0,0,0,0,0,0,0,0.0
2019,106,1,P001926   ,1.0,1.0,ULK,16,"SLOUKAS, KOSTAS",40:53,23,5,6,0,0,13,13,0,3,3,10,1,2,0,0,3,8,39,13.0
2019,106,1,P002100   ,0.0,1.0,ULK,19,"DE COLO, NANDO",22:04,18,3,5,2,5,6,6,0,2,2,3,0,3,0,0,3,5,17,5.0
2019,106,1,P009006   ,1.0,1.0,ULK,21,"WILLIAMS, DERRICK",25:32,14,4,7,2,5,0,0,0,4,4,3,1,3,1,1,1,3,15,4.0
2019,106,1,P001324   ,0.0,1.0,ULK,35,"MUHAMMED, ALI",06:17,0,0,0,0,1,0,0,1,1,2,0,0,0,0,0,1,0,0,-8.0
2019,106,1,P006399   ,0.0,0.0,ULK,44,"DUVERIOGLU, AHMET",16:29,9,3,3,0,0,3,5,2,3,5,0,0,1,0,0,4,4,11,-6.0
2019,106,1,PCCD      ,1.0,0.0,ULK,70,"DATOME, LUIGI",34:20,8,0,2,2,4,2,2,2,5,7,4,2,3,0,0,5,2,11,7.0
2019,106,1,P004194   ,1.0,0.0,ULK,77,"LAUVERGNE, JOFFREY",24:19,15,6,9,0,0,3,4,3,3,6,0,0,1,0,0,2,4,18,4.0
2019,106,1,PLBJ      ,0.0,0.0,ULK,91,"STIMAC, VLADIMIR",06:41,3,1,1,0,0,1,1,0,0,0,1,0,2,0,0,2,1,1,8.0
2019,106,1,Team,0.0,0.0,ULK,,Team,,0,0,0,0,0,0,0,1,3,4,0,0,0,0,0,0,0,4,
2019,106,1,Total,,,ULK,,Total,225:00,107,23,37,11,26,28,31,9,24,33,23,5,16,1,1,25,28,123,
2019,106,0,P009600   ,0.0,1.0,BER,1,"MASON, MAKAI",04:25,4,2,2,0,1,0,0,0,0,0,0,0,1,0,0,0,0,2,-7.0
2019,106,0,P007125   ,0.0,0.0,BER,3,"SIVA, PEYTON",22:13,10,2,4,0,1,6,8,0,1,1,6,2,1,0,0,5,5,13,4.0
2019,106,0,P001557   ,0.0,1.0,BER,5,"GIFFEY, NIELS",23:19,12,1,4,3,5,1,2,0,2,2,3,2,3,0,1,3,2,8,-12.0
2019,106,0,P003151   ,1.0,1.0,BER,8,"ERIKSSON, MARCUS",36:39,10,1,5,2,5,2,2,0,4,4,1,0,1,0,0,0,1,8,2.0
2019,106,0,P007025   ,0.0,0.0,BER,9,"MATTISSECK, JONAS",12:07,8,1,1,2,3,0,0,0,0,0,0,0,0,0,0,1,1,7,-12.0
2019,106,0,P007566   ,0.0,0.0,BER,11,"BRENNEKE, LORENZ",DNP,0,0,0,0,0,0,0,0,0,0,0,0,0,0,0,0,0,0,0.0
2019,106,0,P008780   ,1.0,0.0,BER,15,"HERMANNSSON, MARTIN",28:55,12,3,7,1,2,3,3,1,0,1,4,1,0,0,0,5,4,12,6.0
2019,106,0,P006819   ,0.0,0.0,BER,16,"NIKIC, KRESIMIR",14:07,2,1,2,0,1,0,0,1,1,2,2,2,1,0,0,3,2,4,2.0
2019,106,0,P003242   ,0.0,0.0,BER,25,"OGBE, KENNETH",03:17,0,0,0,0,2,0,0,1,0,1,0,0,1,0,0,0,0,-2,-5.0
2019,106,0,P006436   ,1.0,1.0,BER,31,"GIEDRAITIS, ROKAS",27:24,19,1,4,5,7,2,2,1,4,5,2,1,1,0,0,3,1,19,-3.0
2019,106,0,P009051   ,1.0,0.0,BER,35,"NNOKO, LANDRY",25:30,7,1,2,0,0,5,7,3,2,5,1,0,3,0,0,4,7,10,-2.0
2019,106,0,P006589   ,1.0,1.0,BER,43,"SIKMA, LUKE",27:04,18,6,7,1,2,3,4,3,5,8,4,0,0,1,0,4,2,26,2.0
2019,106,0,Team,0.0,0.0,BER,,Team,,0,0,0,0,0,0,0,1,3,4,0,0,1,0,0,0,0,3,
2019,106,0,Total,,,BER,,Total,225:00,102,19,38,14,29,22,28,11,22,33,23,8,13,1,1,28,25,110,
2019,107,1,P005094   ,1.0,1.0,PAN,0,"THOMAS, DESHAUN",32:47,13,4,7,0,0,5,5,3,3,6,0,1,0,0,0,4,4,17,2.0
2019,107,1,P003367   ,0.0,1.0,PAN,5,"RICE, TYRESE",30:13,41,5,7,8,16,7,7,0,1,1,1,0,1,0,2,4,7,33,7.0
2019,107,1,P005844   ,1.0,0.0,PAN,6,"PAPAGIANNIS, GEORGIOS",27:02,5,2,5,0,0,1,2,1,7,8,2,0,0,1,0,2,1,11,6.0
2019,107,1,P005161   ,1.0,1.0,PAN,10,"PAPAPETROU, IOANNIS",31:31,11,4,5,1,3,0,0,1,2,3,0,1,0,0,0,2,0,10,-7.0
2019,107,1,P000464   ,0.0,0.0,PAN,11,"PAPPAS, NIKOS",04:23,0,0,1,0,0,0,0,0,0,0,0,0,0,0,0,0,0,-1,1.0
2019,107,1,PTFX      ,0.0,0.0,PAN,15,"VOUGIOUKAS, IAN",08:51,0,0,0,0,0,0,0,0,0,0,0,0,0,0,0,2,0,-2,-6.0
2019,107,1,P009816   ,0.0,0.0,PAN,24,"JOHNSON, WESLEY",13:29,0,0,1,0,2,0,0,0,2,2,2,0,0,0,0,2,0,-1,13.0
2019,107,1,P009842   ,1.0,0.0,PAN,32,"FREDETTE, JIMMER",16:39,7,0,5,1,3,4,4,0,2,2,0,0,1,0,0,1,2,2,0.0
2019,107,1,P001932   ,1.0,1.0,PAN,33,"CALATHES, NICK",38:47,14,6,11,0,9,2,3,1,9,10,6,3,3,2,0,4,6,19,4.0
2019,107,1,P009472   ,0.0,0.0,PAN,35,"WILEY, JACOB",DNP,0,0,0,0,0,0,0,0,0,0,0,0,0,0,0,0,0,0,0.0
2019,107,1,P007866   ,0.0,1.0,PAN,44,"MITOGLOU, KONSTANTINOS",14:07,8,4,6,0,0,0,1,3,1,4,0,1,0,0,1,2,2,9,9.0
2019,107,1,P009818   ,0.0,0.0,PAN,50,"BENTIL, BENJAMIN",07:11,0,0,0,0,0,0,0,1,0,1,0,0,0,1,0,2,0,0,1.0
2019,107,1,Team,0.0,0.0,PAN,,Team,,0,0,0,0,0,0,0,1,3,4,0,0,0,0,0,0,0,4,
2019,107,1,Total,,,PAN,,Total,225:00,99,25,48,10,33,19,22,11,30,41,11,6,5,4,3,25,22,101,
2019,107,0,P002972   ,0.0,0.0,OLY,1,"ROCHESTIE, TAYLOR",05:34,0,0,0,0,0,0,2,0,0,0,2,0,0,0,0,0,1,1,-8.0
2019,107,0,P009863   ,0.0,0.0,OLY,2,"BALDWIN IV, WADE",19:09,10,4,8,0,2,2,2,2,2,4,2,1,2,0,0,1,1,9,-5.0
2019,107,0,P004945   ,0.0,1.0,OLY,3,"PAUL, BRANDON",27:16,17,0,1,5,8,2,7,0,6,6,2,0,1,0,0,2,5,18,-3.0
2019,107,0,P005255   ,1.0,0.0,OLY,6,"KONIARIS, ANTONIOS",10:31,3,0,2,1,2,0,0,0,2,2,2,0,1,0,0,3,2,2,-3.0
2019,107,0,PJUO      ,1.0,1.0,OLY,7,"SPANOULIS, VASSILIS",28:02,18,4,8,2,7,4,4,0,1,1,5,0,4,0,2,4,3,8,-1.0
2019,107,0,P006058   ,0.0,0.0,OLY,10,"CHERRY, WILL",23:45,7,0,2,1,2,4,6,1,4,5,1,2,0,1,0,4,3,10,10.0
2019,107,0,P003941   ,1.0,1.0,OLY,11,"MILUTINOV, NIKOLA",34:20,14,6,8,0,0,2,2,4,6,10,2,0,1,1,0,0,3,27,-12.0
2019,107,0,P003469   ,0.0,1.0,OLY,14,"VEZENKOV, SASHA",23:37,6,1,1,1,1,1,2,0,2,2,0,1,0,0,0,3,1,6,7.0
2019,107,0,PAMM      ,1.0,0.0,OLY,15,"PRINTEZIS, GEORGIOS",21:23,7,2,8,0,0,3,4,2,2,4,1,0,1,0,1,2,5,6,-13.0
2019,107,0,P001255   ,1.0,1.0,OLY,16,"PAPANIKOLAOU, KOSTAS",20:54,5,1,1,1,3,0,0,0,3,3,2,1,1,0,0,1,0,7,-6.0
2019,107,0,P006477   ,0.0,0.0,OLY,21,"RUBIT, AUGUSTINE",04:21,2,0,1,0,0,2,2,0,0,0,0,0,1,0,0,2,1,-1,-2.0
2019,107,0,P009946   ,0.0,0.0,OLY,33,"REED, WILLIE",06:08,4,2,3,0,0,0,0,0,1,1,1,0,0,1,1,0,0,5,6.0
2019,107,0,Team,0.0,0.0,OLY,,Team,,0,0,0,0,0,0,0,3,7,10,0,0,0,0,0,0,0,10,
2019,107,0,Total,,,OLY,,Total,225:00,93,20,43,11,25,20,31,12,36,48,20,5,12,3,4,22,25,108,
2019,108,1,P007947   ,0.0,0.0,BAS,3,"VILDOZA, LUCA",14:40,5,1,3,1,3,0,0,0,2,2,1,2,1,0,0,4,1,2,-13.0
2019,108,1,P008032   ,1.0,0.0,BAS,5,"GONZALEZ, MIGUEL",05:48,0,0,0,0,0,0,0,0,0,0,0,0,0,0,0,0,0,0,-6.0
2019,108,1,P006754   ,1.0,0.0,BAS,7,"HENRY, PIERRIA",23:08,0,0,3,0,0,0,0,1,3,4,3,0,1,0,0,1,1,3,-22.0
2019,108,1,P009918   ,0.0,1.0,BAS,10,"LOPEZ, LAUTARO",03:10,0,0,2,0,0,0,0,0,0,0,2,0,0,0,0,1,0,-1,4.0
2019,108,1,P004165   ,0.0,0.0,BAS,11,"JANNING, MATT",12:12,0,0,0,0,3,0,0,0,0,0,0,0,0,0,0,1,0,-4,-8.0
2019,108,1,P003540   ,0.0,1.0,BAS,12,"DIOP, ILIMANE",12:17,8,2,3,1,1,1,1,4,1,5,1,1,3,0,0,1,2,12,-14.0
2019,108,1,P006568   ,1.0,0.0,BAS,19,"FALL, YOUSSOUPHA",12:48,4,1,4,0,0,2,2,2,1,3,0,0,0,1,0,1,2,6,-10.0
2019,108,1,P009836   ,1.0,1.0,BAS,22,"STAUSKAS, NIK",32:10,16,2,8,4,8,0,0,1,3,4,4,0,2,0,2,1,1,10,-9.0
2019,108,1,P001133   ,1.0,1.0,BAS,23,"SHENGELIA, TORNIKE",35:44,20,4,8,2,5,6,7,0,1,1,3,1,2,0,0,1,5,19,-18.0
2019,108,1,P007831   ,0.0,1.0,BAS,31,"SHIELDS, SHAVON",28:52,16,5,9,2,5,0,0,3,3,6,1,0,0,0,0,0,2,18,-21.0
2019,108,1,P002084   ,0.0,0.0,BAS,33,"POLONARA, ACHILLE",03:47,0,0,0,0,0,0,0,0,0,0,0,0,0,0,0,0,0,0,-3.0
2019,108,1,P007360   ,0.0,0.0,BAS,50,"ERIC, MICHAEL",15:24,8,4,5,0,0,0,0,1,3,4,2,0,1,0,1,3,1,9,-5.0
2019,108,1,Team,0.0,0.0,BAS,,Team,,0,0,0,0,0,0,0,1,3,4,0,0,0,0,0,0,0,4,
2019,108,1,Total,,,BAS,,Total,200:00,77,19,45,10,25,9,10,13,20,33,17,4,10,1,3,14,15,78,
2019,108,0,P007200   ,0.0,0.0,IST,0,"LARKIN, SHANE",24:26,24,3,3,5,6,3,4,0,3,3,8,1,0,0,0,0,3,37,29.0
2019,108,0,P006590   ,1.0,0.0,IST,1,"BEAUBOIS, RODRIGUE",21:39,12,4,4,1,4,1,2,0,3,3,3,1,2,1,0,0,2,16,12.0
2019,108,0,P006614   ,1.0,0.0,IST,2,"SINGLETON, CHRIS",24:44,13,2,3,3,5,0,0,0,4,4,1,4,0,0,0,3,2,18,22.0
2019,108,0,P003521   ,0.0,1.0,IST,4,"BALBAY, DOGUS",04:30,0,0,0,0,1,0,0,0,1,1,0,0,0,0,0,1,1,0,-6.0
2019,108,0,P005686   ,0.0,1.0,IST,8,"GECIM, TOLGA",03:10,0,0,0,0,0,0,0,0,0,0,0,0,1,0,0,1,0,-2,-4.0
2019,108,0,P002968   ,0.0,0.0,IST,15,"SANLI, SERTAC",16:50,18,9,9,0,0,0,1,3,0,3,1,0,0,1,0,3,1,20,18.0
2019,108,0,P002925   ,0.0,1.0,IST,19,"TUNCER, BUGRAHAN",04:22,0,0,0,0,1,0,0,0,0,0,0,0,0,0,0,0,0,-1,-6.0
2019,108,0,PLHK      ,1.0,0.0,IST,21,"PLEISS, TIBOR",17:07,6,3,7,0,1,0,0,2,4,6,0,0,3,1,0,4,2,3,11.0
2019,108,0,P002580   ,1.0,1.0,IST,22,"MICIC, VASILIJE",33:01,13,2,3,3,7,0,0,0,3,3,9,0,2,0,1,1,1,17,14.0
2019,108,0,P005938   ,0.0,0.0,IST,23,"ANDERSON, JAMES",09:58,6,0,0,2,3,0,0,0,1,1,0,0,0,0,0,1,0,5,9.0
2019,108,0,P008829   ,0.0,1.0,IST,25,"PETERS, ALEC",17:22,10,2,2,1,1,3,4,1,4,5,1,1,0,0,0,0,2,18,6.0
2019,108,0,PCPR      ,1.0,0.0,IST,44,"SIMON, KRUNOSLAV",22:51,0,0,1,0,3,0,0,1,2,3,4,0,1,0,0,1,0,1,20.0
2019,108,0,Team,0.0,0.0,IST,,Team,,0,0,0,0,0,0,0,0,1,1,0,0,0,0,0,0,0,1,
2019,108,0,Total,,,IST,,Total,200:00,102,25,32,15,32,7,11,7,26,33,27,7,9,3,1,15,14,133,
2019,109,1,PKVZ      ,1.0,0.0,KHI,1,"SHVED, ALEXEY",30:16,22,3,6,3,10,7,7,0,3,3,8,1,3,1,0,3,5,24,16.0
2019,109,1,P004810   ,0.0,1.0,KHI,3,"KRAMER, CHRIS",22:20,4,0,2,1,2,1,2,1,1,2,4,0,0,0,0,2,1,5,21.0
2019,109,1,P007056   ,1.0,0.0,KHI,5,"BOOKER, DEVIN",24:45,24,10,13,0,1,4,4,5,5,10,2,1,1,0,0,0,4,36,29.0
2019,109,1,P004302   ,1.0,1.0,KHI,7,"KARASEV, SERGEY",22:48,8,2,2,1,3,1,1,1,3,4,1,2,0,0,0,4,2,11,16.0
2019,109,1,P001792   ,0.0,0.0,KHI,8,"ZAYTSEV, VYACHESLAV",04:06,0,0,1,0,0,0,0,0,0,0,0,1,0,0,0,0,0,0,-2.0
2019,109,1,PBGV      ,0.0,0.0,KHI,9,"VIALTSEV, EGOR",DNP,0,0,0,0,0,0,0,0,0,0,0,0,0,0,0,0,0,0,0.0
2019,109,1,P009748   ,0.0,0.0,KHI,11,"JEREBKO, JONAS",24:42,18,5,7,2,5,2,2,0,1,1,3,1,0,0,0,2,3,19,13.0
2019,109,1,PBFX      ,0.0,0.0,KHI,12,"MONIA, SERGEY",03:03,0,0,0,0,0,0,0,0,0,0,0,0,1,0,0,0,0,-1,-10.0
2019,109,1,P008001   ,1.0,1.0,KHI,13,"GILL, ANTHONY",19:51,16,4,4,1,2,5,6,0,5,5,2,0,0,0,0,3,3,21,10.0
2019,109,1,P004863   ,1.0,0.0,KHI,24,"JOVIC, STEFAN",13:48,5,2,2,0,0,1,2,0,0,0,3,2,1,0,0,2,1,7,11.0
2019,109,1,P007432   ,0.0,1.0,KHI,40,"EVANS, JEREMY",15:15,4,2,4,0,0,0,0,1,3,4,0,1,0,2,0,2,0,7,-12.0
2019,109,1,P000436   ,0.0,1.0,KHI,45,"BERTANS, DAIRIS",19:06,3,0,1,1,2,0,0,0,1,1,1,1,0,0,0,3,0,1,-7.0
2019,109,1,Team,0.0,0.0,KHI,,Team,,0,0,0,0,0,0,0,0,1,1,0,0,1,0,0,0,0,0,
2019,109,1,Total,,,KHI,,Total,200:00,104,28,42,9,25,21,24,8,23,31,24,10,7,3,0,21,19,130,
2019,109,0,P009600   ,0.0,0.0,BER,1,"MASON, MAKAI",09:48,4,1,3,0,0,2,2,0,0,0,1,0,1,0,1,1,1,1,-4.0
2019,109,0,P003501   ,0.0,0.0,BER,2,"RADOSAVLJEVIC, BOGDAN",05:20,2,1,1,0,0,0,0,0,0,0,0,0,1,0,0,0,0,1,-8.0
2019,109,0,P007125   ,0.0,0.0,BER,3,"SIVA, PEYTON",21:51,8,1,3,0,2,6,6,1,2,3,9,0,4,0,1,2,4,13,-5.0
2019,109,0,P001557   ,0.0,1.0,BER,5,"GIFFEY, NIELS",20:06,14,1,2,3,5,3,4,1,3,4,0,0,1,0,0,4,3,12,0.0
2019,109,0,P003151   ,1.0,0.0,BER,8,"ERIKSSON, MARCUS",18:58,6,1,3,1,5,1,2,1,2,3,1,0,1,0,0,2,2,2,-18.0
2019,109,0,P007025   ,0.0,1.0,BER,9,"MATTISSECK, JONAS",08:48,0,0,0,0,2,0,0,1,0,1,0,0,0,0,0,0,0,-1,-8.0
2019,109,0,P008780   ,1.0,1.0,BER,15,"HERMANNSSON, MARTIN",19:48,4,2,7,0,1,0,0,1,1,2,4,0,2,0,1,1,1,1,-19.0
2019,109,0,P006819   ,0.0,1.0,BER,16,"NIKIC, KRESIMIR",14:38,4,2,3,0,0,0,0,0,2,2,1,0,1,0,0,1,0,4,-2.0
2019,109,0,P003242   ,0.0,1.0,BER,25,"OGBE, KENNETH",08:28,5,1,2,1,1,0,0,0,1,1,0,0,0,0,0,1,1,5,9.0
2019,109,0,P006436   ,1.0,0.0,BER,31,"GIEDRAITIS, ROKAS",27:32,17,5,8,2,5,1,2,3,2,5,2,1,1,0,0,3,1,15,-6.0
2019,109,0,P009051   ,1.0,0.0,BER,35,"NNOKO, LANDRY",20:02,13,4,6,0,0,5,6,5,6,11,0,2,2,0,0,3,6,24,-7.0
2019,109,0,P006589   ,1.0,0.0,BER,43,"SIKMA, LUKE",24:41,10,3,5,1,2,1,2,1,2,3,5,0,1,0,0,2,2,13,-17.0
2019,109,0,Team,0.0,0.0,BER,,Team,,0,0,0,0,0,0,0,2,0,2,0,0,0,0,0,0,0,2,
2019,109,0,Total,,,BER,,Total,200:00,87,22,43,8,23,19,24,16,21,37,23,3,15,0,3,20,21,92,
2019,110,1,P002543   ,0.0,0.0,ULK,9,"WESTERMANN, LEO",DNP,0,0,0,0,0,0,0,0,0,0,0,0,0,0,0,0,0,0,0.0
2019,110,1,P002969   ,0.0,1.0,ULK,10,"MAHMUTOGLU, MELIH",21:06,6,0,1,2,5,0,0,0,1,1,2,0,0,0,0,2,0,3,1.0
2019,110,1,P004866   ,0.0,1.0,ULK,12,"KALINIC, NIKOLA",19:35,10,4,7,0,1,2,2,2,2,4,0,0,0,0,0,1,4,13,-4.0
2019,110,1,P001926   ,1.0,1.0,ULK,16,"SLOUKAS, KOSTAS",31:12,12,2,5,2,4,2,2,2,4,6,7,0,4,0,0,3,2,15,-3.0
2019,110,1,P005348   ,0.0,0.0,ULK,18,"ARNA, EGEHAN",DNP,0,0,0,0,0,0,0,0,0,0,0,0,0,0,0,0,0,0,0.0
2019,110,1,P002100   ,1.0,1.0,ULK,19,"DE COLO, NANDO",34:31,13,5,8,1,3,0,0,1,0,1,3,2,4,0,0,1,3,12,-9.0
2019,110,1,P009006   ,1.0,0.0,ULK,21,"WILLIAMS, DERRICK",24:52,16,3,5,3,7,1,4,0,2,2,1,3,3,0,0,1,3,12,-11.0
2019,110,1,P001324   ,0.0,0.0,ULK,35,"MUHAMMED, ALI",06:52,2,1,2,0,1,0,0,0,0,0,0,1,1,0,0,1,1,0,-3.0
2019,110,1,P006399   ,0.0,0.0,ULK,44,"DUVERIOGLU, AHMET",05:17,2,1,1,0,0,0,0,0,0,0,0,0,0,0,0,1,0,1,1.0
2019,110,1,PCCD      ,1.0,1.0,ULK,70,"DATOME, LUIGI",35:46,10,2,3,2,5,0,0,2,6,8,4,0,0,1,0,4,0,15,-2.0
2019,110,1,P004194   ,1.0,0.0,ULK,77,"LAUVERGNE, JOFFREY",17:22,2,1,3,0,0,0,0,0,0,0,1,0,0,0,0,0,2,3,-5.0
2019,110,1,PLBJ      ,0.0,0.0,ULK,91,"STIMAC, VLADIMIR",03:27,0,0,0,0,0,0,0,0,1,1,0,0,0,0,0,2,0,-1,-5.0
2019,110,1,Team,0.0,0.0,ULK,,Team,,0,0,0,0,0,0,0,1,3,4,0,0,1,0,0,0,0,3,
2019,110,1,Total,,,ULK,,Total,200:00,73,19,35,10,26,5,8,8,19,27,18,6,13,1,0,16,15,76,
2019,110,0,P007200   ,0.0,1.0,IST,0,"LARKIN, SHANE",31:47,20,3,5,1,5,11,12,0,3,3,3,1,2,0,0,0,6,24,10.0
2019,110,0,P006590   ,1.0,1.0,IST,1,"BEAUBOIS, RODRIGUE",14:12,0,0,3,0,1,0,0,0,2,2,1,1,1,0,0,2,0,-3,7.0
2019,110,0,P006614   ,1.0,1.0,IST,2,"SINGLETON, CHRIS",35:43,9,2,3,1,4,2,2,0,6,6,2,2,1,0,0,3,3,14,9.0
2019,110,0,P003521   ,0.0,0.0,IST,4,"BALBAY, DOGUS",DNP,0,0,0,0,0,0,0,0,0,0,0,0,0,0,0,0,0,0,0.0
2019,110,0,P005686   ,0.0,0.0,IST,8,"GECIM, TOLGA",DNP,0,0,0,0,0,0,0,0,0,0,0,0,0,0,0,0,0,0,0.0
2019,110,0,P002968   ,0.0,0.0,IST,15,"SANLI, SERTAC",22:15,15,6,8,0,1,3,4,2,3,5,0,1,0,0,0,3,2,16,6.0
2019,110,0,P002925   ,0.0,0.0,IST,19,"TUNCER, BUGRAHAN",DNP,0,0,0,0,0,0,0,0,0,0,0,0,0,0,0,0,0,0,0.0
2019,110,0,PLHK      ,1.0,0.0,IST,21,"PLEISS, TIBOR",11:35,4,2,2,0,0,0,0,1,1,2,1,0,1,0,0,0,0,6,2.0
2019,110,0,P002580   ,1.0,1.0,IST,22,"MICIC, VASILIJE",36:54,6,3,4,0,4,0,0,0,1,1,5,0,5,0,1,3,2,0,5.0
2019,110,0,P005938   ,0.0,0.0,IST,23,"ANDERSON, JAMES",04:53,2,1,1,0,1,0,0,0,0,0,1,1,0,0,0,0,0,3,-1.0
2019,110,0,P008829   ,0.0,0.0,IST,25,"PETERS, ALEC",09:28,3,1,1,0,0,1,2,0,0,0,0,0,0,0,0,1,1,2,-4.0
2019,110,0,PCPR      ,1.0,1.0,IST,44,"SIMON, KRUNOSLAV",33:13,22,5,7,3,5,3,3,2,7,9,4,2,1,0,0,3,2,31,6.0
2019,110,0,Team,0.0,0.0,IST,,Team,,0,0,0,0,0,0,0,2,1,3,0,0,1,0,0,0,0,2,
2019,110,0,Total,,,IST,,Total,200:00,81,23,34,5,21,20,23,7,24,31,17,8,12,0,1,15,16,95,
2019,111,1,P003479   ,1.0,0.0,RED,0,"KUZMIC, OGNJEN",22:13,8,3,4,0,0,2,2,5,3,8,0,0,1,0,0,5,1,10,11.0
2019,111,1,P004425   ,1.0,0.0,RED,1,"BROWN, DERRICK",16:54,5,1,3,0,2,3,6,1,1,2,0,1,0,0,1,2,3,1,-11.0
2019,111,1,P009622   ,1.0,0.0,RED,4,"BROWN, LORENZO",29:07,20,5,10,1,4,7,8,1,3,4,5,2,4,2,1,2,5,22,-4.0
2019,111,1,P007960   ,0.0,0.0,RED,7,"DAVIDOVAC, DEJAN",20:54,6,2,5,0,1,2,2,1,2,3,1,1,0,0,0,2,4,9,-3.0
2019,111,1,PLUO      ,1.0,0.0,RED,10,"LAZIC, BRANKO",14:08,0,0,0,0,1,0,0,1,0,1,1,0,3,0,0,2,1,-3,-11.0
2019,111,1,P008800   ,0.0,0.0,RED,11,"FAYE, MOUHAMMAD",14:58,1,0,1,0,2,1,2,0,2,2,0,0,0,0,0,0,1,0,-8.0
2019,111,1,P005775   ,1.0,1.0,RED,12,"BARON, BILLY",20:11,9,0,2,3,7,0,0,0,3,3,4,2,1,0,1,0,0,10,2.0
2019,111,1,P004007   ,0.0,1.0,RED,13,"DOBRIC, OGNJEN",18:40,5,2,4,0,1,1,2,0,2,2,1,2,1,0,1,0,3,7,-2.0
2019,111,1,P002980   ,0.0,1.0,RED,15,"GIST, JAMES",14:42,2,1,2,0,1,0,0,1,2,3,0,0,1,0,0,1,1,2,-12.0
2019,111,1,P005014   ,0.0,1.0,RED,22,"JENKINS, CHARLES",17:00,4,1,3,0,1,2,2,1,2,3,2,0,1,0,1,2,1,3,-6.0
2019,111,1,P005618   ,0.0,1.0,RED,28,"SIMANIC, BORISA",08:08,4,0,0,1,2,1,2,0,1,1,0,0,2,1,0,1,1,2,11.0
2019,111,1,P008801   ,0.0,0.0,RED,50,"OJO, MICHAEL",03:05,0,0,1,0,0,0,0,0,0,0,0,0,0,0,0,2,0,-3,-7.0
2019,111,1,Team,0.0,0.0,RED,,Team,,0,0,0,0,0,0,0,4,2,6,0,0,0,0,0,0,0,6,
2019,111,1,Total,,,RED,,Total,200:00,64,15,35,5,22,19,26,15,23,38,14,8,14,3,5,19,21,66,
2019,111,0,P007947   ,1.0,0.0,BAS,3,"VILDOZA, LUCA",24:47,5,1,4,1,4,0,0,0,1,1,4,1,2,1,2,1,2,3,6.0
2019,111,0,P008032   ,0.0,0.0,BAS,5,"GONZALEZ, MIGUEL",DNP,0,0,0,0,0,0,0,0,0,0,0,0,0,0,0,0,0,0,0.0
2019,111,0,P006754   ,1.0,1.0,BAS,7,"HENRY, PIERRIA",29:52,5,2,3,0,2,1,2,2,2,4,3,1,2,0,0,2,3,8,9.0
2019,111,0,P004165   ,0.0,1.0,BAS,11,"JANNING, MATT",21:22,0,0,0,0,4,0,0,0,1,1,1,3,0,0,0,2,1,0,-3.0
2019,111,0,P003540   ,0.0,1.0,BAS,12,"DIOP, ILIMANE",11:24,9,2,4,1,3,2,2,1,3,4,0,0,1,1,0,1,1,9,-7.0
2019,111,0,P005458   ,0.0,0.0,BAS,17,"GARCIA, SERGI",05:00,0,0,1,0,0,0,0,0,0,0,0,1,0,0,0,1,0,-1,3.0
2019,111,0,P006568   ,0.0,0.0,BAS,19,"FALL, YOUSSOUPHA",20:58,7,2,2,0,0,3,4,2,5,7,0,0,2,2,0,4,5,14,14.0
2019,111,0,P009836   ,1.0,1.0,BAS,22,"STAUSKAS, NIK",30:07,22,2,3,4,5,6,8,0,2,2,2,0,3,0,0,2,5,22,0.0
2019,111,0,P001133   ,1.0,1.0,BAS,23,"SHENGELIA, TORNIKE",37:34,19,5,11,3,4,0,0,3,5,8,3,0,4,0,1,1,1,18,6.0
2019,111,0,P007831   ,0.0,0.0,BAS,31,"SHIELDS, SHAVON",08:52,3,0,4,1,1,0,0,0,0,0,1,0,0,0,0,4,0,-4,9.0
2019,111,0,P002084   ,0.0,0.0,BAS,33,"POLONARA, ACHILLE",DNP,0,0,0,0,0,0,0,0,0,0,0,0,0,0,0,0,0,0,0.0
2019,111,0,P007360   ,1.0,0.0,BAS,50,"ERIC, MICHAEL",10:04,2,1,2,0,0,0,0,0,1,1,0,0,1,1,0,3,1,0,3.0
2019,111,0,Team,0.0,0.0,BAS,,Team,,0,0,0,0,0,0,0,2,3,5,0,0,1,0,0,0,0,4,
2019,111,0,Total,,,BAS,,Total,200:00,72,15,34,10,23,12,16,10,23,33,14,6,16,5,3,21,19,73,
2019,112,1,P009846   ,0.0,1.0,TEL,0,"BRYANT, ELIJAH",30:57,14,2,3,3,6,1,1,0,4,4,3,2,0,0,0,3,2,18,9.0
2019,112,1,P006661   ,1.0,1.0,TEL,1,"WILBEKIN, SCOTTIE",28:43,22,4,7,3,7,5,8,0,5,5,9,3,2,0,0,2,8,33,14.0
2019,112,1,P009847   ,1.0,1.0,TEL,2,"ACY, QUINCY",33:06,11,1,1,3,7,0,0,0,1,1,1,2,3,2,0,1,1,10,17.0
2019,112,1,P005771   ,1.0,0.0,TEL,4,"CALOIARO, ANGELO",16:32,0,0,1,0,0,0,0,0,1,1,0,0,0,0,0,0,0,0,8.0
2019,112,1,P005160   ,1.0,1.0,TEL,5,"HUNTER, OTHELLO",34:42,20,8,13,0,0,4,4,4,3,7,0,1,2,0,1,2,2,20,11.0
2019,112,1,P009848   ,0.0,0.0,TEL,6,"COHEN, SANDY",02:10,0,0,0,0,0,0,0,0,1,1,1,0,0,0,0,3,0,-1,1.0
2019,112,1,P007675   ,0.0,0.0,TEL,8,"AVDIJA, DENI",08:39,0,0,1,0,0,0,0,0,1,1,1,0,0,0,0,1,0,0,0.0
2019,112,1,P009849   ,0.0,0.0,TEL,11,"DORSEY, TYLER",16:01,7,2,3,1,2,0,0,0,3,3,1,0,2,0,0,2,2,7,-5.0
2019,112,1,P005145   ,0.0,0.0,TEL,15,"COHEN, JAKE",06:15,3,0,1,1,1,0,0,0,0,0,0,0,1,0,0,1,0,0,-8.0
2019,112,1,P006625   ,1.0,1.0,TEL,50,"ZOOSMAN, YOVEL",22:55,13,3,4,1,4,4,4,1,1,2,1,1,0,0,0,4,3,12,3.0
2019,112,1,Team,0.0,0.0,TEL,,Team,,0,0,0,0,0,0,0,0,0,0,0,0,0,0,0,0,0,0,
2019,112,1,Total,,,TEL,,Total,200:00,90,20,34,12,27,14,17,5,20,25,17,9,10,2,1,19,18,99,
2019,112,0,P009035   ,0.0,1.0,CSK,3,"BOLOMBOY, JOEL",10:54,9,4,5,0,1,1,1,1,1,2,0,0,1,1,1,1,1,8,-4.0
2019,112,0,P005985   ,0.0,1.0,CSK,5,"JAMES, MIKE",26:36,22,2,9,3,8,9,10,0,4,4,1,1,2,0,0,1,6,18,-6.0
2019,112,0,P008995   ,0.0,0.0,CSK,7,"UKHOV, IVAN",00:32,0,0,0,0,0,0,0,0,0,0,0,0,0,0,0,0,0,0,3.0
2019,112,0,P004941   ,0.0,0.0,CSK,11,"ANTONOV, SEMEN",09:20,2,1,1,0,1,0,0,1,1,2,0,1,1,0,0,0,1,4,8.0
2019,112,0,P000046   ,1.0,1.0,CSK,13,"STRELNIEKS, JANIS",20:01,10,1,3,2,6,2,2,2,2,4,1,1,0,0,0,1,3,12,-21.0
2019,112,0,P007201   ,1.0,1.0,CSK,17,"VOIGTMANN, JOHANNES",19:07,2,1,1,0,2,0,0,1,6,7,4,1,2,0,0,1,0,9,-6.0
2019,112,0,PLHI      ,0.0,0.0,CSK,20,"VORONTSEVICH, ANDREY",14:14,3,1,2,0,2,1,2,1,0,1,0,1,0,0,0,2,1,0,4.0
2019,112,0,P001844   ,1.0,1.0,CSK,23,"HACKETT, DANIEL",26:30,6,1,5,1,4,1,2,2,1,3,2,2,4,0,0,2,2,1,-11.0
2019,112,0,P009766   ,0.0,0.0,CSK,31,"KOUFOS, KOSTA",07:14,0,0,1,0,0,0,0,2,1,3,0,0,1,0,0,3,2,0,-3.0
2019,112,0,PJLX      ,1.0,0.0,CSK,41,"KURBANOV, NIKITA",22:59,5,1,1,1,3,0,0,2,4,6,5,0,1,0,0,1,0,12,-17.0
2019,112,0,P002812   ,1.0,0.0,CSK,42,"HINES, KYLE",24:03,14,7,11,0,0,0,0,3,1,4,1,0,4,0,1,4,1,7,-8.0
2019,112,0,P009767   ,0.0,0.0,CSK,84,"BAKER, RON",18:30,7,1,1,1,2,2,3,0,1,1,2,1,0,0,0,2,2,9,11.0
2019,112,0,Team,0.0,0.0,CSK,,Team,,0,0,0,0,0,0,0,3,4,7,0,0,1,0,0,0,0,6,
2019,112,0,Total,,,CSK,,Total,200:00,80,20,40,8,29,16,20,18,26,44,16,8,17,1,2,18,19,86,
2019,113,1,P001392   ,0.0,0.0,MAD,1,"CAUSEUR, FABIEN",16:49,18,5,6,2,3,2,2,0,1,1,2,1,1,0,0,1,3,21,3.0
2019,113,1,P005757   ,1.0,0.0,MAD,3,"RANDOLPH, ANTHONY",26:06,15,1,3,4,9,1,2,0,2,2,0,2,0,0,0,0,1,12,17.0
2019,113,1,PBMT      ,0.0,1.0,MAD,5,"FERNANDEZ, RUDY",19:15,10,2,2,2,6,0,0,0,0,0,0,0,0,0,0,3,3,6,-5.0
2019,113,1,P005928   ,1.0,0.0,MAD,7,"CAMPAZZO, FACUNDO",20:42,15,2,5,3,6,2,2,1,0,1,6,0,3,0,0,3,2,12,20.0
2019,113,1,P006435   ,0.0,1.0,MAD,8,"LAPROVITTOLA, NICOLAS",19:18,0,0,3,0,2,0,0,0,0,0,4,0,3,0,0,2,2,-4,-4.0
2019,113,1,P009005   ,1.0,0.0,MAD,14,"DECK, GABRIEL",19:09,2,1,5,0,0,0,0,3,0,3,1,0,0,0,0,1,0,1,22.0
2019,113,1,P001960   ,0.0,1.0,MAD,20,"CARROLL, JAYCEE",13:11,4,2,2,0,1,0,0,0,2,2,1,1,1,0,0,1,0,5,2.0
2019,113,1,P005791   ,1.0,0.0,MAD,22,"TAVARES, WALTER",21:14,6,2,2,0,0,2,2,3,7,10,0,0,0,0,0,1,2,17,21.0
2019,113,1,P008847   ,0.0,1.0,MAD,25,"MICKEY, JORDAN",18:46,8,2,3,1,1,1,2,1,3,4,2,0,1,1,0,2,2,12,-5.0
2019,113,1,P005836   ,0.0,1.0,MAD,33,"THOMPKINS, TREY",13:54,12,1,3,2,3,4,4,1,4,5,0,0,2,0,0,1,3,14,-1.0
2019,113,1,P006546   ,1.0,0.0,MAD,44,"TAYLOR, JEFFERY",11:36,3,0,0,1,2,0,0,0,1,1,1,0,1,0,0,1,0,2,10.0
2019,113,1,P005196   ,0.0,0.0,MAD,50,"MEJRI, SALAH",DNP,0,0,0,0,0,0,0,0,0,0,0,0,0,0,0,0,0,0,0.0
2019,113,1,Team,0.0,0.0,MAD,,Team,,0,0,0,0,0,0,0,1,1,2,0,0,0,0,0,0,0,2,
2019,113,1,Total,,,MAD,,Total,200:00,93,18,34,15,33,12,14,10,21,31,17,4,12,1,0,16,18,100,
2019,113,0,P009862   ,1.0,0.0,OLY,0,"PUNTER, KEVIN",12:14,3,1,4,0,1,1,1,0,2,2,1,0,1,0,0,2,0,-1,-15.0
2019,113,0,P002972   ,0.0,1.0,OLY,1,"ROCHESTIE, TAYLOR",20:22,11,4,6,1,2,0,0,0,1,1,9,0,4,0,0,3,4,15,-10.0
2019,113,0,P009863   ,0.0,0.0,OLY,2,"BALDWIN IV, WADE",02:00,0,0,0,0,0,0,0,0,0,0,0,0,0,0,0,0,0,0,-2.0
2019,113,0,P004945   ,0.0,1.0,OLY,3,"PAUL, BRANDON",20:56,3,0,3,1,4,0,2,0,0,0,3,2,1,0,0,3,2,-2,6.0
2019,113,0,P005255   ,1.0,1.0,OLY,6,"KONIARIS, ANTONIOS",17:53,6,0,1,2,3,0,0,0,2,2,3,2,3,0,0,3,1,6,6.0
2019,113,0,P006058   ,0.0,0.0,OLY,10,"CHERRY, WILL",27:31,12,2,4,2,3,2,2,0,0,0,0,0,2,0,0,1,2,8,-11.0
2019,113,0,P003941   ,1.0,0.0,OLY,11,"MILUTINOV, NIKOLA",17:18,6,2,4,0,0,2,3,0,3,3,0,1,2,0,0,0,3,8,-9.0
2019,113,0,P003469   ,0.0,1.0,OLY,14,"VEZENKOV, SASHA",17:27,12,3,5,2,2,0,0,0,5,5,2,0,0,0,0,2,0,15,2.0
2019,113,0,PAMM      ,1.0,0.0,OLY,15,"PRINTEZIS, GEORGIOS",17:15,6,3,5,0,0,0,0,0,2,2,0,0,1,0,0,0,2,7,-14.0
2019,113,0,P001255   ,1.0,0.0,OLY,16,"PAPANIKOLAOU, KOSTAS",19:04,2,1,1,0,1,0,0,1,4,5,0,2,2,0,0,1,0,5,-22.0
2019,113,0,P006477   ,0.0,1.0,OLY,21,"RUBIT, AUGUSTINE",10:06,5,1,2,1,1,0,0,1,1,2,0,0,2,0,1,2,0,1,-10.0
2019,113,0,P009946   ,0.0,0.0,OLY,33,"REED, WILLIE",17:54,11,5,6,0,0,1,1,4,2,6,0,0,0,0,0,1,1,16,-1.0
2019,113,0,Team,0.0,0.0,OLY,,Team,,0,0,0,0,0,0,0,0,3,3,0,0,1,0,0,0,0,2,
2019,113,0,Total,,,OLY,,Total,200:00,77,22,41,9,17,6,9,6,25,31,18,7,19,0,1,18,15,80,
2019,114,1,P008855   ,1.0,1.0,ZAL,0,"WALKUP, THOMAS",28:59,15,6,10,1,2,0,0,1,1,2,7,0,4,0,0,1,1,15,-4.0
2019,114,1,P002429   ,1.0,1.0,ZAL,1,"RIVERS, KC",23:08,8,1,1,2,8,0,0,0,3,3,0,2,0,0,0,2,2,7,4.0
2019,114,1,P003210   ,0.0,0.0,ZAL,4,"LEKAVICIUS, LUKAS",13:23,8,4,6,0,0,0,0,0,1,1,2,1,1,0,0,0,6,15,-3.0
2019,114,1,P008962   ,0.0,0.0,ZAL,10,"HAYES, NIGEL",10:59,2,1,2,0,0,0,0,1,0,1,1,0,0,0,0,1,0,2,-5.0
2019,114,1,P007524   ,0.0,0.0,ZAL,12,"VENSKUS, ERIKAS",DNP,0,0,0,0,0,0,0,0,0,0,0,0,0,0,0,0,0,0,0.0
2019,114,1,PBWI      ,0.0,0.0,ZAL,13,"JANKUNAS, PAULIUS",21:04,2,1,3,0,1,0,0,1,1,2,0,1,0,0,0,2,0,0,0.0
2019,114,1,P006158   ,0.0,0.0,ZAL,16,"LUKOSIUNAS, KAROLIS",DNP,0,0,0,0,0,0,0,0,0,0,0,0,0,0,0,0,0,0,0.0
2019,114,1,PKPD      ,0.0,1.0,ZAL,21,"MILAKNIS, ARTURAS",21:03,9,2,4,1,2,2,3,1,1,2,1,2,1,0,0,3,2,8,-3.0
2019,114,1,P009753   ,1.0,0.0,ZAL,23,"GEBEN, MARTINAS",06:02,0,0,0,0,0,0,0,0,2,2,1,1,1,0,0,2,0,1,-3.0
2019,114,1,P008987   ,1.0,1.0,ZAL,32,"LEDAY, ZACH",21:36,10,5,6,0,0,0,0,2,1,3,3,1,1,0,1,3,3,14,-3.0
2019,114,1,P008820   ,0.0,0.0,ZAL,34,"LANDALE, JOCK",23:10,12,4,4,0,1,4,4,2,2,4,0,1,2,0,0,5,4,13,1.0
2019,114,1,P002329   ,1.0,1.0,ZAL,92,"ULANOVAS, EDGARAS",30:36,16,4,5,2,7,2,3,0,0,0,3,0,1,0,0,1,1,11,-4.0
2019,114,1,Team,0.0,0.0,ZAL,,Team,,0,0,0,0,0,0,0,1,3,4,0,0,1,0,0,0,0,3,
2019,114,1,Total,,,ZAL,,Total,200:00,82,28,41,6,21,8,10,9,15,24,18,9,12,0,1,20,19,89,
2019,114,0,P006533   ,1.0,0.0,PAM,1,"COLOM, QUINO",25:08,12,1,1,3,5,1,2,0,2,2,9,1,2,0,0,0,3,22,-4.0
2019,114,0,P004761   ,1.0,1.0,PAM,2,"MARINKOVIC, VANJA",13:06,4,0,0,1,2,1,1,0,1,1,1,0,1,0,0,0,1,5,2.0
2019,114,0,P009754   ,0.0,1.0,PAM,3,"LOYD, JORDAN",25:16,3,0,2,0,4,3,4,0,1,1,3,0,2,0,0,3,3,-2,1.0
2019,114,0,P006726   ,0.0,0.0,PAM,5,"NDOUR, MAURICE",15:01,9,4,5,0,0,1,3,1,1,2,0,0,2,0,0,4,3,5,1.0
2019,114,0,P003733   ,0.0,1.0,PAM,6,"ABALDE, ALBERTO",20:50,8,1,1,1,3,3,4,1,4,5,0,0,0,0,0,2,2,10,-3.0
2019,114,0,P004884   ,1.0,0.0,PAM,7,"LABEYRIE, LOUIS",27:17,22,5,6,4,5,0,0,3,2,5,1,0,2,0,0,2,0,22,7.0
2019,114,0,PLRQ      ,0.0,1.0,PAM,9,"VAN ROSSOM, SAM",14:38,8,0,0,2,3,2,2,0,1,1,5,0,1,0,0,3,3,12,8.0
2019,114,0,P008966   ,0.0,0.0,PAM,10,"TOBEY, MIKE",13:54,4,2,3,0,0,0,1,0,2,2,0,0,2,1,0,3,1,1,9.0
2019,114,0,P006599   ,0.0,0.0,PAM,12,"MOTUM, BROCK",DNP,0,0,0,0,0,0,0,0,0,0,0,0,0,0,0,0,0,0,0.0
2019,114,0,P002742   ,1.0,1.0,PAM,14,"DUBLJEVIC, BOJAN",22:30,8,3,4,0,2,2,2,0,1,1,1,0,3,0,0,1,4,7,-5.0
2019,114,0,P000518   ,0.0,0.0,PAM,19,"SAN EMETERIO, FERNANDO",DNP,0,0,0,0,0,0,0,0,0,0,0,0,0,0,0,0,0,0,0.0
2019,114,0,P002763   ,1.0,0.0,PAM,42,"DOORNEKAMP, AARON",22:20,8,1,1,2,5,0,0,1,3,4,1,1,0,0,0,2,0,9,4.0
2019,114,0,Team,0.0,0.0,PAM,,Team,,0,0,0,0,0,0,0,2,0,2,0,0,0,0,0,0,0,2,
2019,114,0,Total,,,PAM,,Total,200:00,86,17,23,13,29,13,19,8,18,26,21,2,15,1,0,20,20,93,
2019,115,1,PBOG      ,0.0,0.0,MUN,7,"KING, ALEX",01:45,0,0,0,0,0,0,0,0,0,0,0,0,0,0,0,0,0,0,1.0
2019,115,1,P004178   ,1.0,0.0,MUN,8,"KOPONEN, PETTERI",18:10,11,1,3,3,3,0,0,0,1,1,1,0,1,0,0,4,0,6,4.0
2019,115,1,P009835   ,0.0,0.0,MUN,10,"MONROE, GREG",28:47,12,4,7,0,0,4,4,1,4,5,2,0,5,0,1,4,3,9,7.0
2019,115,1,P001288   ,1.0,1.0,MUN,11,"LUCIC, VLADIMIR",29:47,17,2,3,3,4,4,4,3,2,5,3,2,1,0,0,2,3,25,10.0
2019,115,1,P007032   ,1.0,1.0,MUN,12,"LO, MAODO",31:15,11,3,5,1,5,2,2,0,2,2,7,1,3,0,0,2,4,14,9.0
2019,115,1,P005056   ,0.0,1.0,MUN,16,"ZIPSER, PAUL",12:42,2,1,3,0,0,0,0,0,0,0,0,0,1,0,0,2,1,-2,-4.0
2019,115,1,P002829   ,0.0,0.0,MUN,20,"NELSON, DEMARCUS",08:45,5,2,3,0,0,1,2,0,2,2,1,1,1,0,0,3,1,4,-1.0
2019,115,1,P005670   ,0.0,1.0,MUN,21,"FLACCADORI, DIEGO",20:07,11,4,4,1,1,0,0,1,1,2,0,0,1,0,0,1,1,12,2.0
2019,115,1,P003490   ,1.0,1.0,MUN,22,"BARTHEL, DANILO",30:44,3,0,3,0,1,3,3,0,8,8,2,2,1,0,0,2,6,14,4.0
2019,115,1,P003842   ,1.0,0.0,MUN,26,"LESSORT, MATHIAS",10:27,5,2,4,0,0,1,2,2,2,4,0,0,2,0,0,4,1,1,5.0
2019,115,1,P009723   ,0.0,0.0,MUN,34,"HUESTIS, JOSHUA",07:31,0,0,0,0,0,0,0,0,1,1,0,0,0,1,0,0,0,2,3.0
2019,115,1,P008250   ,0.0,0.0,MUN,44,"GRANT, SASHA",DNP,0,0,0,0,0,0,0,0,0,0,0,0,0,0,0,0,0,0,0.0
2019,115,1,Team,0.0,0.0,MUN,,Team,,0,0,0,0,0,0,0,0,3,3,0,0,0,0,0,0,0,3,
2019,115,1,Total,,,MUN,,Total,200:00,77,19,35,8,14,15,17,7,26,33,16,6,16,1,1,24,20,88,
2019,115,0,P005154   ,1.0,0.0,DYR,4,"IVERSON, COLTON",14:32,3,0,4,0,0,3,4,2,1,3,1,0,2,1,1,1,4,3,-4.0
2019,115,0,P003425   ,0.0,1.0,DYR,6,"ALBICY, ANDREW",24:36,7,2,2,1,5,0,0,1,0,1,2,0,2,0,0,3,2,3,5.0
2019,115,0,PJAN      ,1.0,0.0,DYR,7,"PONKRASHOV, ANTON",18:55,5,2,2,0,4,1,2,0,3,3,1,0,0,0,0,2,1,3,-7.0
2019,115,0,P009917   ,1.0,0.0,DYR,9,"HOLLINS, AUSTIN",14:39,3,0,2,1,5,0,0,3,0,3,0,1,1,0,0,2,0,-2,-7.0
2019,115,0,P005856   ,1.0,1.0,DYR,10,"THOMAS, WILL",32:59,5,1,3,1,7,0,0,2,2,4,1,2,0,0,0,3,2,3,-13.0
2019,115,0,P007581   ,0.0,0.0,DYR,11,"BALASHOV, SERGEI",DNP,0,0,0,0,0,0,0,0,0,0,0,0,0,0,0,0,0,0,0.0
2019,115,0,P005945   ,1.0,1.0,DYR,12,"RENFROE, ALEX",23:07,18,4,5,3,4,1,3,2,1,3,2,0,3,0,0,3,4,17,-16.0
2019,115,0,PLKY      ,0.0,0.0,DYR,13,"KHVOSTOV, DMITRY",13:03,2,0,1,0,3,2,4,1,0,1,2,1,1,0,0,3,5,1,1.0
2019,115,0,P003370   ,0.0,0.0,DYR,14,"PUSHKOV, ANTON",05:48,0,0,0,0,0,0,0,0,0,0,1,0,0,0,0,0,0,1,-1.0
2019,115,0,P007851   ,0.0,1.0,DYR,16,"TRUSHKIN, VLADISLAV",09:51,6,0,1,2,4,0,0,1,1,2,0,0,0,0,0,2,0,3,6.0
2019,115,0,P005199   ,0.0,0.0,DYR,21,"ABROMAITIS, TIM",19:45,13,2,3,2,4,3,3,2,2,4,1,0,0,0,0,0,3,18,1.0
2019,115,0,P005927   ,0.0,1.0,DYR,34,"AYON, GUSTAVO",22:45,7,3,8,0,0,1,1,2,3,5,1,0,2,0,0,1,3,8,-5.0
2019,115,0,Team,0.0,0.0,DYR,,Team,,0,0,0,0,0,0,0,2,2,4,0,0,1,0,0,0,0,3,
2019,115,0,Total,,,DYR,,Total,200:00,69,14,31,10,36,11,17,18,15,33,12,4,12,1,1,20,24,61,
2019,116,1,P000229   ,1.0,0.0,ASV,1,"JACKSON, EDWIN",17:12,9,4,7,0,3,1,2,0,4,4,4,1,0,0,0,0,1,12,2.0
2019,116,1,P005247   ,1.0,1.0,ASV,2,"TAYLOR, JORDAN",22:51,18,3,6,3,4,3,4,0,2,2,4,0,1,0,0,3,7,22,2.0
2019,116,1,P009733   ,0.0,1.0,ASV,3,"JEKIRI, TONYE",28:13,8,3,5,0,0,2,4,3,9,12,0,1,0,0,0,2,2,17,2.0
2019,116,1,PKIR      ,0.0,1.0,ASV,5,"KAHUDI, CHARLES",18:21,9,3,4,0,3,3,3,2,3,5,0,0,0,0,0,3,2,9,16.0
2019,116,1,P007027   ,0.0,0.0,ASV,6,"MALEDON, THEO",05:39,0,0,0,0,0,0,0,0,1,1,1,0,1,0,0,1,1,1,-2.0
2019,116,1,P005553   ,0.0,0.0,ASV,9,"LOMAZS, RIHARDS",04:12,0,0,1,0,1,0,0,0,0,0,1,0,0,0,0,1,0,-2,1.0
2019,116,1,P006068   ,0.0,0.0,ASV,12,"NOUA, AMINE",15:26,2,1,1,0,2,0,0,1,2,3,1,0,2,0,0,3,2,1,11.0
2019,116,1,P002536   ,1.0,1.0,ASV,17,"JEAN-CHARLES, LIVIO",20:45,9,3,5,1,2,0,0,1,0,1,0,1,0,0,0,4,0,4,7.0
2019,116,1,PTFK      ,0.0,0.0,ASV,19,"DIOT, ANTOINE",02:09,0,0,0,0,1,0,0,0,0,0,0,0,1,0,0,0,0,-2,1.0
2019,116,1,P004655   ,1.0,0.0,ASV,21,"BAKO, ISMAEL",15:19,8,2,4,0,0,4,4,2,0,2,1,0,0,2,1,4,2,8,-8.0
2019,116,1,P003526   ,1.0,1.0,ASV,23,"LIGHTY, DAVID",25:55,19,4,8,2,3,5,5,0,1,1,2,2,1,0,1,2,4,19,-2.0
2019,116,1,P008099   ,0.0,0.0,ASV,32,"STRAZEL, MATTHEW",23:58,7,0,2,2,3,1,3,1,0,1,1,1,0,0,0,3,1,3,5.0
2019,116,1,Team,0.0,0.0,ASV,,Team,,0,0,0,0,0,0,0,5,2,7,0,0,2,0,0,0,0,5,
2019,116,1,Total,,,ASV,,Total,200:00,89,23,43,8,22,19,25,15,24,39,15,6,8,2,2,26,22,97,
2019,116,0,P005884   ,0.0,1.0,MIL,0,"DELLA VALLE, AMEDEO",07:19,0,0,1,0,0,0,0,0,1,1,0,0,0,0,0,1,0,-1,-9.0
2019,116,0,P009902   ,0.0,0.0,MIL,1,"MACK, SHELVIN",13:45,5,0,1,1,2,2,2,0,0,0,0,0,1,0,0,2,1,1,-18.0
2019,116,0,P000529   ,1.0,0.0,MIL,5,"MICOV, VLADIMIR",24:14,7,1,3,0,0,5,7,0,5,5,3,0,2,0,0,4,4,9,2.0
2019,116,0,P009903   ,0.0,0.0,MIL,6,"BILIGHA, PAUL",DNP,0,0,0,0,0,0,0,0,0,0,0,0,0,0,0,0,0,0,0.0
2019,116,0,P003120   ,1.0,1.0,MIL,7,"GUDAITIS, ARTURAS",13:31,12,2,5,0,0,8,9,0,1,1,0,0,0,1,1,2,6,13,3.0
2019,116,0,P000726   ,0.0,1.0,MIL,9,"MORASCHINI, RICCARDO",23:09,9,2,3,1,2,2,2,0,3,3,1,0,0,0,0,2,2,11,-10.0
2019,116,0,P004974   ,1.0,1.0,MIL,10,"ROLL, MICHAEL",23:29,7,2,3,1,2,0,0,0,0,0,3,1,0,0,0,1,1,9,9.0
2019,116,0,PCVM      ,1.0,0.0,MIL,13,"RODRIGUEZ, SERGIO",24:31,13,3,8,2,4,1,1,0,3,3,10,1,2,0,0,2,1,17,2.0
2019,116,0,P008004   ,0.0,0.0,MIL,15,"TARCZEWSKI, KALEB",24:56,12,4,6,0,0,4,4,3,1,4,0,0,2,0,0,4,4,12,-11.0
2019,116,0,P006505   ,0.0,0.0,MIL,30,"WHITE, AARON",03:34,0,0,0,0,1,0,0,0,0,0,0,0,0,0,0,1,2,0,7.0
2019,116,0,P004117   ,0.0,1.0,MIL,32,"BROOKS, JEFF",19:28,3,0,1,1,2,0,0,1,3,4,2,1,0,0,0,0,0,8,-5.0
2019,116,0,PAJG      ,1.0,0.0,MIL,40,"SCOLA, LUIS",22:04,14,3,6,2,2,2,4,0,3,3,3,1,2,1,1,4,5,15,-5.0
2019,116,0,Team,0.0,0.0,MIL,,Team,,0,0,0,0,0,0,0,2,2,4,0,0,1,0,0,0,0,3,
2019,116,0,Total,,,MIL,,Total,200:00,82,17,37,8,15,24,29,6,22,28,22,4,10,2,2,23,26,97,
2019,117,1,P007870   ,0.0,1.0,BAR,0,"DAVIES, BRANDON",22:55,12,5,10,0,0,2,2,3,3,6,2,1,3,0,0,3,1,11,5.0
2019,117,1,PJUG      ,0.0,0.0,BAR,5,"RIBAS, PAU",DNP,0,0,0,0,0,0,0,0,0,0,0,0,0,0,0,0,0,0,0.0
2019,117,1,P005099   ,1.0,1.0,BAR,8,"HANGA, ADAM",26:29,5,1,1,1,4,0,0,0,2,2,6,0,2,0,0,3,1,6,12.0
2019,117,1,P007109   ,1.0,0.0,BAR,10,"SMITS, ROLANDS",22:43,7,1,3,1,3,2,2,3,0,3,1,1,2,0,0,2,1,5,6.0
2019,117,1,P004834   ,0.0,0.0,BAR,14,"PUSTOVYI, ARTEM",DNP,0,0,0,0,0,0,0,0,0,0,0,0,0,0,0,0,0,0,0.0
2019,117,1,P005917   ,0.0,0.0,BAR,18,"ORIOLA, PIERRE",11:01,7,2,2,1,2,0,0,0,1,1,0,0,0,0,0,0,0,7,-3.0
2019,117,1,P003478   ,0.0,0.0,BAR,21,"ABRINES, ALEX",12:42,5,1,1,1,3,0,0,0,4,4,1,1,1,0,0,2,1,7,2.0
2019,117,1,P006450   ,0.0,1.0,BAR,22,"HIGGINS, CORY",24:01,7,3,4,0,1,1,4,0,0,0,5,1,0,0,0,1,3,10,7.0
2019,117,1,P004331   ,0.0,1.0,BAR,23,"DELANEY, MALCOLM",21:31,17,1,1,5,8,0,0,0,4,4,5,0,2,0,0,1,1,21,2.0
2019,117,1,P005789   ,1.0,0.0,BAR,24,"KURIC, KYLE",12:34,6,0,3,2,4,0,0,1,1,2,0,0,1,0,1,1,1,1,7.0
2019,117,1,P000796   ,1.0,1.0,BAR,33,"MIROTIC, NIKOLA",28:59,23,5,6,2,7,7,7,0,7,7,0,0,0,0,0,3,8,29,15.0
2019,117,1,P002507   ,1.0,0.0,BAR,44,"TOMIC, ANTE",17:05,9,3,4,0,0,3,4,1,4,5,0,0,0,1,0,0,5,18,7.0
2019,117,1,Team,0.0,0.0,BAR,,Team,,0,0,0,0,0,0,0,5,0,5,0,0,0,0,0,0,0,5,
2019,117,1,Total,,,BAR,,Total,200:00,98,22,35,13,32,15,19,13,26,39,20,4,11,1,1,16,22,120,
2019,117,0,P005094   ,1.0,1.0,PAN,0,"THOMAS, DESHAUN",32:57,12,3,4,1,7,3,4,0,2,2,1,0,1,0,0,3,2,5,-7.0
2019,117,0,P003367   ,0.0,0.0,PAN,5,"RICE, TYRESE",15:30,10,2,5,1,2,3,3,0,2,2,2,1,2,0,0,1,1,9,-6.0
2019,117,0,P005844   ,1.0,0.0,PAN,6,"PAPAGIANNIS, GEORGIOS",23:35,6,3,4,0,0,0,0,2,2,4,0,0,0,0,0,2,1,8,-18.0
2019,117,0,P005161   ,1.0,1.0,PAN,10,"PAPAPETROU, IOANNIS",28:28,10,4,5,0,4,2,2,2,3,5,0,0,0,0,0,2,2,10,-9.0
2019,117,0,P000464   ,0.0,0.0,PAN,11,"PAPPAS, NIKOS",02:49,0,0,1,0,0,0,0,0,1,1,0,0,0,0,0,0,0,0,-1.0
2019,117,0,PTFX      ,0.0,0.0,PAN,15,"VOUGIOUKAS, IAN",08:44,2,1,1,0,0,0,0,0,2,2,0,0,1,0,0,3,0,0,-3.0
2019,117,0,P009816   ,0.0,0.0,PAN,24,"JOHNSON, WESLEY",11:32,0,0,1,0,0,0,0,0,1,1,0,2,0,0,0,0,0,2,-3.0
2019,117,0,P009842   ,1.0,1.0,PAN,32,"FREDETTE, JIMMER",29:02,19,5,7,2,4,3,3,0,1,1,3,3,1,0,1,4,4,20,-12.0
2019,117,0,P001932   ,1.0,1.0,PAN,33,"CALATHES, NICK",32:17,13,3,5,2,4,1,4,0,5,5,13,1,2,1,0,1,4,27,-4.0
2019,117,0,P009472   ,0.0,0.0,PAN,35,"WILEY, JACOB",04:45,6,3,3,0,0,0,0,1,0,1,0,0,0,0,0,0,0,7,2.0
2019,117,0,P007866   ,0.0,1.0,PAN,44,"MITOGLOU, KONSTANTINOS",07:03,5,2,2,0,0,1,3,0,1,1,0,0,0,0,0,4,2,2,6.0
2019,117,0,P009818   ,0.0,0.0,PAN,50,"BENTIL, BENJAMIN",03:18,3,0,0,1,2,0,0,0,0,0,0,0,1,0,0,2,0,-1,-5.0
2019,117,0,Team,0.0,0.0,PAN,,Team,,0,0,0,0,0,0,0,1,0,1,0,0,1,0,0,0,0,0,
2019,117,0,Total,,,PAN,,Total,200:00,86,26,38,7,23,13,19,6,20,26,19,7,9,1,1,22,16,89,
2019,118,1,P005154   ,0.0,0.0,DYR,4,"IVERSON, COLTON",16:39,4,2,3,0,0,0,0,5,5,10,1,0,2,0,1,3,4,12,-5.0
2019,118,1,P003425   ,1.0,0.0,DYR,6,"ALBICY, ANDREW",15:34,4,1,4,0,3,2,2,0,1,1,2,1,2,0,0,1,2,1,-4.0
2019,118,1,PJAN      ,1.0,0.0,DYR,7,"PONKRASHOV, ANTON",09:48,0,0,0,0,0,0,0,0,0,0,1,0,0,0,0,2,0,-1,-4.0
2019,118,1,P005856   ,1.0,0.0,DYR,10,"THOMAS, WILL",28:43,15,2,4,3,5,2,2,1,1,2,0,0,0,0,0,0,3,16,-8.0
2019,118,1,P007581   ,0.0,0.0,DYR,11,"BALASHOV, SERGEI",DNP,0,0,0,0,0,0,0,0,0,0,0,0,0,0,0,0,0,0,0.0
2019,118,1,P005945   ,0.0,1.0,DYR,12,"RENFROE, ALEX",20:24,7,1,5,1,2,2,2,2,1,3,6,1,3,0,2,2,2,7,-3.0
2019,118,1,PLKY      ,1.0,1.0,DYR,13,"KHVOSTOV, DMITRY",20:49,9,3,3,1,4,0,0,0,1,1,2,0,1,0,0,3,1,6,-7.0
2019,118,1,P003370   ,0.0,0.0,DYR,14,"PUSHKOV, ANTON",04:35,2,0,0,0,0,2,2,0,1,1,0,0,1,0,0,2,1,1,-3.0
2019,118,1,P007851   ,0.0,1.0,DYR,16,"TRUSHKIN, VLADISLAV",16:02,6,0,2,2,7,0,0,2,2,4,0,0,0,0,0,0,0,3,8.0
2019,118,1,P001389   ,0.0,0.0,DYR,18,"VORONOV, EVGENY",23:22,0,0,5,0,4,0,0,0,1,1,1,3,1,0,1,4,1,-9,-8.0
2019,118,1,P005199   ,0.0,1.0,DYR,21,"ABROMAITIS, TIM",20:52,10,1,2,2,6,2,4,1,3,4,0,1,1,1,0,1,3,10,-15.0
2019,118,1,P005927   ,1.0,1.0,DYR,34,"AYON, GUSTAVO",23:12,14,6,8,0,0,2,2,3,2,5,1,2,5,0,0,3,1,13,-6.0
2019,118,1,Team,0.0,0.0,DYR,,Team,,0,0,0,0,0,0,0,3,2,5,0,0,2,0,0,0,0,3,
2019,118,1,Total,,,DYR,,Total,200:00,71,16,36,9,31,12,14,17,20,37,14,8,18,1,4,21,18,62,
2019,118,0,P009846   ,1.0,1.0,TEL,0,"BRYANT, ELIJAH",28:05,12,3,6,2,3,0,0,1,1,2,2,3,1,0,0,0,1,15,14.0
2019,118,0,P006661   ,1.0,0.0,TEL,1,"WILBEKIN, SCOTTIE",28:33,8,0,2,2,4,2,2,0,3,3,5,0,5,0,0,2,4,9,3.0
2019,118,0,P009847   ,1.0,0.0,TEL,2,"ACY, QUINCY",24:31,5,1,1,1,1,0,0,0,0,0,0,0,0,2,0,3,1,5,8.0
2019,118,0,P005771   ,0.0,1.0,TEL,4,"CALOIARO, ANGELO",19:15,9,2,2,0,2,5,6,0,1,1,1,0,0,0,0,4,4,8,8.0
2019,118,0,P005160   ,1.0,1.0,TEL,5,"HUNTER, OTHELLO",24:03,15,5,8,0,0,5,6,1,4,5,3,1,3,0,0,3,5,19,6.0
2019,118,0,P009848   ,0.0,0.0,TEL,6,"COHEN, SANDY",04:10,0,0,0,0,0,0,0,0,1,1,0,0,0,0,0,0,0,1,-6.0
2019,118,0,P007675   ,0.0,0.0,TEL,8,"AVDIJA, DENI",14:46,7,2,2,1,3,0,0,1,6,7,3,0,3,0,0,0,0,12,3.0
2019,118,0,P009849   ,0.0,1.0,TEL,11,"DORSEY, TYLER",22:40,17,4,7,2,4,3,4,0,0,0,1,2,1,2,0,1,2,16,2.0
2019,118,0,P005145   ,0.0,0.0,TEL,15,"COHEN, JAKE",11:10,0,0,0,0,0,0,0,0,0,0,2,0,2,0,0,4,1,-3,5.0
2019,118,0,P006625   ,1.0,1.0,TEL,50,"ZOOSMAN, YOVEL",22:47,9,3,7,0,1,3,4,0,4,4,5,4,1,0,1,1,3,16,12.0
2019,118,0,Team,0.0,0.0,TEL,,Team,,0,0,0,0,0,0,0,2,4,6,0,0,1,0,0,0,0,5,
2019,118,0,Total,,,TEL,,Total,200:00,82,20,35,8,18,18,22,5,24,29,22,10,17,4,1,18,21,103,
2019,119,1,P008855   ,1.0,1.0,ZAL,0,"WALKUP, THOMAS",27:07,3,0,5,1,2,0,0,0,2,2,5,2,2,0,1,2,4,5,2.0
2019,119,1,P002429   ,1.0,0.0,ZAL,1,"RIVERS, KC",19:10,4,2,4,0,3,0,0,1,1,2,1,1,1,0,0,4,0,-2,-6.0
2019,119,1,P003210   ,0.0,1.0,ZAL,4,"LEKAVICIUS, LUKAS",21:36,5,0,3,1,2,2,2,0,0,0,5,0,2,0,0,2,6,8,-2.0
2019,119,1,P008962   ,0.0,0.0,ZAL,10,"HAYES, NIGEL",15:28,0,0,0,0,2,0,0,2,2,4,2,0,0,0,0,0,2,6,4.0
2019,119,1,P007524   ,0.0,0.0,ZAL,12,"VENSKUS, ERIKAS",DNP,0,0,0,0,0,0,0,0,0,0,0,0,0,0,0,0,0,0,0.0
2019,119,1,PBWI      ,0.0,0.0,ZAL,13,"JANKUNAS, PAULIUS",DNP,0,0,0,0,0,0,0,0,0,0,0,0,0,0,0,0,0,0,0.0
2019,119,1,P006158   ,0.0,0.0,ZAL,16,"LUKOSIUNAS, KAROLIS",00:31,0,0,0,0,0,0,0,0,0,0,0,0,0,0,0,0,0,0,-2.0
2019,119,1,PKPD      ,0.0,1.0,ZAL,21,"MILAKNIS, ARTURAS",22:53,8,1,1,2,7,0,0,1,0,1,0,0,1,0,0,3,0,0,-2.0
2019,119,1,P009753   ,1.0,0.0,ZAL,23,"GEBEN, MARTINAS",13:16,11,5,6,0,0,1,2,3,2,5,0,1,3,1,0,2,1,12,-6.0
2019,119,1,P008987   ,1.0,0.0,ZAL,32,"LEDAY, ZACH",23:02,7,1,2,0,2,5,6,1,4,5,1,0,3,1,0,0,3,10,-8.0
2019,119,1,P008820   ,0.0,1.0,ZAL,34,"LANDALE, JOCK",26:35,16,3,7,3,7,1,2,1,1,2,2,1,0,0,1,2,3,12,-1.0
2019,119,1,P002329   ,1.0,1.0,ZAL,92,"ULANOVAS, EDGARAS",30:22,14,3,4,2,2,2,2,1,6,7,2,0,1,0,0,2,2,21,-9.0
2019,119,1,Team,0.0,0.0,ZAL,,Team,,0,0,0,0,0,0,0,3,1,4,0,0,0,0,0,0,0,4,
2019,119,1,Total,,,ZAL,,Total,200:00,68,15,32,9,27,11,14,13,19,32,18,5,13,2,2,17,21,76,
2019,119,0,P007200   ,0.0,1.0,IST,0,"LARKIN, SHANE",24:15,6,2,4,0,4,2,2,0,2,2,3,0,2,0,0,1,4,6,-4.0
2019,119,0,P006590   ,1.0,0.0,IST,1,"BEAUBOIS, RODRIGUE",22:23,16,5,8,2,6,0,0,1,1,2,3,0,1,0,0,0,2,15,5.0
2019,119,0,P006614   ,1.0,1.0,IST,2,"SINGLETON, CHRIS",34:03,0,0,4,0,1,0,0,2,8,10,2,4,0,1,1,1,3,13,12.0
2019,119,0,P003521   ,0.0,0.0,IST,4,"BALBAY, DOGUS",DNP,0,0,0,0,0,0,0,0,0,0,0,0,0,0,0,0,0,0,0.0
2019,119,0,P002968   ,0.0,0.0,IST,15,"SANLI, SERTAC",05:51,2,1,2,0,0,0,0,1,1,2,0,0,1,0,0,4,0,-2,3.0
2019,119,0,P001833   ,0.0,0.0,IST,18,"MOERMAN, ADRIEN",DNP,0,0,0,0,0,0,0,0,0,0,0,0,0,0,0,0,0,0,0.0
2019,119,0,P002925   ,0.0,0.0,IST,19,"TUNCER, BUGRAHAN",DNP,0,0,0,0,0,0,0,0,0,0,0,0,0,0,0,0,0,0,0.0
2019,119,0,PLHK      ,1.0,1.0,IST,21,"PLEISS, TIBOR",30:41,18,9,12,0,1,0,0,4,3,7,1,1,1,1,0,4,2,21,6.0
2019,119,0,P002580   ,1.0,1.0,IST,22,"MICIC, VASILIJE",35:52,18,6,12,2,6,0,0,2,1,3,3,1,3,0,1,4,3,10,8.0
2019,119,0,P005938   ,0.0,0.0,IST,23,"ANDERSON, JAMES",09:07,4,2,3,0,0,0,0,0,2,2,0,0,0,0,0,1,2,6,-1.0
2019,119,0,P008829   ,0.0,0.0,IST,25,"PETERS, ALEC",09:26,3,0,0,1,1,0,0,0,1,1,1,0,0,0,0,2,0,3,-10.0
2019,119,0,PCPR      ,1.0,1.0,IST,44,"SIMON, KRUNOSLAV",28:22,7,2,4,1,1,0,0,2,4,6,3,2,1,0,0,4,1,12,11.0
2019,119,0,Team,0.0,0.0,IST,,Team,,0,0,0,0,0,0,0,5,1,6,0,0,3,0,0,0,0,3,
2019,119,0,Total,,,IST,,Total,200:00,74,27,49,6,20,2,2,17,24,41,16,8,12,2,2,21,17,87,
2019,120,1,P005094   ,1.0,1.0,PAN,0,"THOMAS, DESHAUN",31:17,13,2,6,2,5,3,7,3,1,4,2,1,2,0,0,2,4,9,1.0
2019,120,1,P003367   ,0.0,1.0,PAN,5,"RICE, TYRESE",22:44,6,1,2,0,2,4,4,0,2,2,3,0,4,0,0,3,3,4,-9.0
2019,120,1,P005844   ,1.0,0.0,PAN,6,"PAPAGIANNIS, GEORGIOS",23:17,10,5,7,0,0,0,0,3,3,6,0,0,1,0,0,3,0,10,24.0
2019,120,1,P005161   ,1.0,1.0,PAN,10,"PAPAPETROU, IOANNIS",35:20,8,2,2,1,2,1,1,0,5,5,1,0,2,0,0,3,2,10,13.0
2019,120,1,PTFX      ,0.0,0.0,PAN,15,"VOUGIOUKAS, IAN",DNP,0,0,0,0,0,0,0,0,0,0,0,0,0,0,0,0,0,0,0.0
2019,120,1,P009816   ,0.0,1.0,PAN,24,"JOHNSON, WESLEY",04:49,0,0,0,0,0,0,0,1,0,1,0,0,0,0,0,0,0,1,-10.0
2019,120,1,P009817   ,0.0,0.0,PAN,25,"BROWN, RION",02:30,3,0,0,1,1,0,0,0,0,0,0,0,0,0,0,1,0,2,-4.0
2019,120,1,P009842   ,1.0,1.0,PAN,32,"FREDETTE, JIMMER",26:51,22,3,3,2,6,10,11,1,1,2,2,3,2,0,0,2,6,26,11.0
2019,120,1,P001932   ,1.0,0.0,PAN,33,"CALATHES, NICK",27:55,15,6,9,0,4,3,4,0,6,6,8,0,4,0,0,5,5,17,10.0
2019,120,1,P009472   ,0.0,0.0,PAN,35,"WILEY, JACOB",05:14,2,1,1,0,0,0,0,0,0,0,0,0,1,0,0,0,0,1,-10.0
2019,120,1,P007866   ,0.0,0.0,PAN,44,"MITOGLOU, KONSTANTINOS",18:28,2,0,3,0,0,2,4,3,4,7,0,2,1,0,1,3,2,3,-7.0
2019,120,1,P009818   ,0.0,0.0,PAN,50,"BENTIL, BENJAMIN",01:35,0,0,0,0,0,0,0,0,0,0,0,0,0,0,0,1,0,-1,-4.0
2019,120,1,Team,0.0,0.0,PAN,,Team,,0,0,0,0,0,0,0,1,3,4,0,0,2,0,0,0,0,2,
2019,120,1,Total,,,PAN,,Total,200:00,81,20,33,6,20,23,31,12,25,37,16,6,19,0,1,23,22,84,
2019,120,0,P002543   ,0.0,1.0,ULK,9,"WESTERMANN, LEO",09:26,7,1,1,1,1,2,3,0,1,1,3,0,0,0,0,3,2,9,9.0
2019,120,0,P002969   ,0.0,0.0,ULK,10,"MAHMUTOGLU, MELIH",18:08,7,1,3,1,4,2,2,0,0,0,0,0,0,0,0,2,1,1,0.0
2019,120,0,P004866   ,0.0,1.0,ULK,12,"KALINIC, NIKOLA",20:30,6,1,2,0,1,4,4,0,0,0,3,2,1,0,0,2,3,9,1.0
2019,120,0,P006961   ,0.0,0.0,ULK,13,"BIBEROVIC, TARIK",DNP,0,0,0,0,0,0,0,0,0,0,0,0,0,0,0,0,0,0,0.0
2019,120,0,P001926   ,1.0,1.0,ULK,16,"SLOUKAS, KOSTAS",37:25,15,3,5,1,5,6,6,1,4,5,8,1,4,1,0,2,6,24,-2.0
2019,120,0,P002100   ,1.0,1.0,ULK,19,"DE COLO, NANDO",27:42,13,5,8,1,4,0,0,1,0,1,2,2,2,0,0,2,1,9,-12.0
2019,120,0,P009006   ,1.0,1.0,ULK,21,"WILLIAMS, DERRICK",26:26,8,2,6,0,4,4,4,2,2,4,1,2,2,0,0,2,7,10,-2.0
2019,120,0,P001324   ,0.0,0.0,ULK,35,"MUHAMMED, ALI",DNP,0,0,0,0,0,0,0,0,0,0,0,0,0,0,0,0,0,0,0.0
2019,120,0,P006399   ,0.0,0.0,ULK,44,"DUVERIOGLU, AHMET",12:42,4,2,4,0,0,0,0,3,2,5,0,1,0,0,0,3,0,5,7.0
2019,120,0,PCCD      ,1.0,0.0,ULK,70,"DATOME, LUIGI",30:20,7,2,2,1,4,0,0,1,5,6,1,3,0,0,0,4,1,11,1.0
2019,120,0,P004194   ,1.0,0.0,ULK,77,"LAUVERGNE, JOFFREY",17:21,11,5,7,0,0,1,2,1,3,4,0,0,2,0,0,2,2,10,-17.0
2019,120,0,PLBJ      ,0.0,0.0,ULK,91,"STIMAC, VLADIMIR",DNP,0,0,0,0,0,0,0,0,0,0,0,0,0,0,0,0,0,0,0.0
2019,120,0,Team,0.0,0.0,ULK,,Team,,0,0,0,0,0,0,0,0,1,1,0,0,0,0,0,0,0,1,
2019,120,0,Total,,,ULK,,Total,200:00,78,22,38,5,23,19,21,9,18,27,18,11,11,1,0,22,23,89,
2019,121,1,P001392   ,1.0,0.0,MAD,1,"CAUSEUR, FABIEN",06:30,0,0,0,0,0,0,0,0,0,0,0,0,0,0,0,0,0,0,-4.0
2019,121,1,P005757   ,1.0,0.0,MAD,3,"RANDOLPH, ANTHONY",31:30,16,0,1,5,11,1,2,0,7,7,2,1,0,0,0,2,6,22,14.0
2019,121,1,PBMT      ,0.0,1.0,MAD,5,"FERNANDEZ, RUDY",22:37,4,0,2,1,4,1,1,0,2,2,2,0,0,0,0,2,1,2,-2.0
2019,121,1,P005928   ,1.0,1.0,MAD,7,"CAMPAZZO, FACUNDO",28:21,7,2,3,0,4,3,3,1,1,2,12,3,0,0,0,1,7,25,12.0
2019,121,1,P006435   ,0.0,0.0,MAD,8,"LAPROVITTOLA, NICOLAS",11:37,7,2,3,1,1,0,0,0,0,0,4,0,1,0,0,2,2,9,-3.0
2019,121,1,P009005   ,1.0,1.0,MAD,14,"DECK, GABRIEL",23:44,13,5,10,0,0,3,4,0,3,3,0,0,1,0,0,1,2,10,17.0
2019,121,1,P001960   ,0.0,0.0,MAD,20,"CARROLL, JAYCEE",06:17,0,0,2,0,1,0,0,0,0,0,0,0,0,0,1,1,0,-5,-8.0
2019,121,1,P005791   ,1.0,0.0,MAD,22,"TAVARES, WALTER",15:33,7,2,2,0,0,3,4,3,4,7,0,0,1,2,0,3,3,14,8.0
2019,121,1,P008847   ,0.0,0.0,MAD,25,"MICKEY, JORDAN",19:46,15,7,11,0,2,1,1,2,4,6,0,0,1,2,0,2,1,15,-1.0
2019,121,1,P005836   ,0.0,1.0,MAD,33,"THOMPKINS, TREY",08:54,0,0,0,0,1,0,0,0,1,1,0,0,1,0,0,1,0,-2,-5.0
2019,121,1,P006546   ,0.0,1.0,MAD,44,"TAYLOR, JEFFERY",21:37,3,0,1,1,3,0,0,0,1,1,1,1,1,0,0,3,0,-1,13.0
2019,121,1,P005196   ,0.0,0.0,MAD,50,"MEJRI, SALAH",03:34,4,2,2,0,1,0,0,1,1,2,0,0,0,0,0,0,0,5,4.0
2019,121,1,Team,0.0,0.0,MAD,,Team,,0,0,0,0,0,0,0,1,0,1,0,0,1,0,0,0,0,0,
2019,121,1,Total,,,MAD,,Total,200:00,76,20,37,8,28,12,15,8,24,32,21,5,7,4,1,18,22,94,
2019,121,0,P009902   ,0.0,1.0,MIL,1,"MACK, SHELVIN",19:02,5,2,4,0,0,1,2,0,4,4,1,0,1,0,0,2,1,5,-9.0
2019,121,0,P000529   ,1.0,0.0,MIL,5,"MICOV, VLADIMIR",29:03,22,5,9,4,5,0,0,0,2,2,0,0,0,0,1,2,2,18,0.0
2019,121,0,P009903   ,0.0,0.0,MIL,6,"BILIGHA, PAUL",DNP,0,0,0,0,0,0,0,0,0,0,0,0,0,0,0,0,0,0,0.0
2019,121,0,P003120   ,0.0,1.0,MIL,7,"GUDAITIS, ARTURAS",18:18,9,2,6,0,0,5,6,5,1,6,0,0,1,1,0,1,5,14,-12.0
2019,121,0,P000726   ,0.0,1.0,MIL,9,"MORASCHINI, RICCARDO",10:56,0,0,2,0,0,0,0,0,3,3,0,0,1,0,0,0,0,0,-10.0
2019,121,0,P004974   ,0.0,0.0,MIL,10,"ROLL, MICHAEL",21:15,4,2,5,0,3,0,0,1,2,3,1,0,3,0,0,4,1,-4,-6.0
2019,121,0,PCVM      ,0.0,0.0,MIL,13,"RODRIGUEZ, SERGIO",19:38,6,3,4,0,2,0,0,1,2,3,2,0,3,0,1,3,4,5,-6.0
2019,121,0,P008004   ,0.0,0.0,MIL,15,"TARCZEWSKI, KALEB",20:16,8,3,7,0,0,2,4,5,3,8,0,0,1,0,1,0,3,11,0.0
2019,121,0,PKIW      ,1.0,1.0,MIL,20,"CINCIARINI, ANDREA",07:30,0,0,1,0,0,0,0,0,0,0,0,0,1,0,0,2,0,-4,3.0
2019,121,0,P005692   ,1.0,1.0,MIL,23,"BURNS, CHRISTIAN",13:44,0,0,2,0,1,0,0,0,0,0,1,0,1,0,1,2,1,-5,4.0
2019,121,0,P004117   ,1.0,0.0,MIL,32,"BROOKS, JEFF",25:51,2,1,4,0,0,0,0,2,7,9,2,0,0,0,0,3,1,8,-2.0
2019,121,0,PAJG      ,1.0,0.0,MIL,40,"SCOLA, LUIS",14:27,11,4,5,1,3,0,0,0,3,3,0,0,2,0,0,4,0,5,-7.0
2019,121,0,Team,0.0,0.0,MIL,,Team,,0,0,0,0,0,0,0,0,2,2,0,0,0,0,0,0,0,2,
2019,121,0,Total,,,MIL,,Total,200:00,67,22,49,5,14,8,12,14,29,43,7,0,14,1,4,23,18,55,
2019,122,1,P006533   ,1.0,0.0,PAM,1,"COLOM, QUINO",17:34,5,0,2,1,2,2,2,1,0,1,6,1,1,0,0,2,2,9,-5.0
2019,122,1,P004761   ,1.0,1.0,PAM,2,"MARINKOVIC, VANJA",18:44,6,1,1,1,4,1,2,0,1,1,1,1,0,0,0,1,1,5,8.0
2019,122,1,P009754   ,0.0,0.0,PAM,3,"LOYD, JORDAN",23:13,13,2,4,3,7,0,2,0,3,3,4,0,1,0,1,1,5,14,23.0
2019,122,1,P006726   ,1.0,1.0,PAM,5,"NDOUR, MAURICE",13:34,8,3,5,0,0,2,2,1,2,3,1,2,0,0,0,3,2,11,19.0
2019,122,1,P003733   ,0.0,1.0,PAM,6,"ABALDE, ALBERTO",24:22,16,2,4,3,4,3,3,0,2,2,2,1,0,0,1,0,3,20,24.0
2019,122,1,P004884   ,0.0,0.0,PAM,7,"LABEYRIE, LOUIS",23:11,5,1,1,1,2,0,0,0,4,4,2,1,0,0,0,1,0,10,5.0
2019,122,1,PLRQ      ,0.0,0.0,PAM,9,"VAN ROSSOM, SAM",19:50,13,1,1,3,6,2,2,1,1,2,5,0,0,0,1,0,2,18,25.0
2019,122,1,P008966   ,0.0,1.0,PAM,10,"TOBEY, MIKE",15:59,10,4,6,0,1,2,3,1,2,3,1,1,0,0,1,4,2,8,10.0
2019,122,1,P006599   ,0.0,0.0,PAM,12,"MOTUM, BROCK",DNP,0,0,0,0,0,0,0,0,0,0,0,0,0,0,0,0,0,0,0.0
2019,122,1,P002742   ,1.0,0.0,PAM,14,"DUBLJEVIC, BOJAN",24:01,25,3,5,5,8,4,5,3,2,5,2,1,3,0,1,2,4,25,18.0
2019,122,1,P000518   ,1.0,0.0,PAM,19,"SAN EMETERIO, FERNANDO",14:25,4,1,2,0,2,2,2,1,0,1,2,0,1,0,0,0,3,6,2.0
2019,122,1,P002763   ,0.0,1.0,PAM,42,"DOORNEKAMP, AARON",05:07,0,0,1,0,1,0,0,0,1,1,1,0,0,0,0,2,0,-2,11.0
2019,122,1,Team,0.0,0.0,PAM,,Team,,0,0,0,0,0,0,0,3,4,7,0,0,0,0,0,0,0,7,
2019,122,1,Total,,,PAM,,Total,200:00,105,18,32,17,37,18,23,11,22,33,27,8,6,0,5,16,24,131,
2019,122,0,P007947   ,1.0,1.0,BAS,3,"VILDOZA, LUCA",27:49,12,3,4,2,4,0,0,0,1,1,2,0,3,1,0,4,1,7,-31.0
2019,122,0,P008032   ,0.0,0.0,BAS,5,"GONZALEZ, MIGUEL",DNP,0,0,0,0,0,0,0,0,0,0,0,0,0,0,0,0,0,0,0.0
2019,122,0,P006754   ,1.0,0.0,BAS,7,"HENRY, PIERRIA",29:47,9,2,3,1,3,2,2,0,4,4,5,1,1,0,0,2,3,16,0.0
2019,122,0,P004165   ,0.0,0.0,BAS,11,"JANNING, MATT",10:51,0,0,2,0,1,0,0,0,2,2,0,0,0,0,0,1,1,-1,1.0
2019,122,0,P003540   ,0.0,0.0,BAS,12,"DIOP, ILIMANE",14:32,2,1,1,0,0,0,0,2,0,2,0,0,2,0,0,4,1,-1,-2.0
2019,122,0,P005458   ,0.0,0.0,BAS,17,"GARCIA, SERGI",02:44,0,0,1,0,0,0,0,0,0,0,0,0,2,0,0,1,0,-4,-13.0
2019,122,0,P006568   ,0.0,0.0,BAS,19,"FALL, YOUSSOUPHA",11:37,2,1,3,0,0,0,0,2,0,2,0,0,1,0,0,1,0,0,-7.0
2019,122,0,P009836   ,1.0,1.0,BAS,22,"STAUSKAS, NIK",23:15,8,4,8,0,1,0,0,1,2,3,1,0,0,0,0,3,0,4,-14.0
2019,122,0,P001133   ,1.0,0.0,BAS,23,"SHENGELIA, TORNIKE",24:12,15,6,8,1,3,0,0,2,6,8,0,1,4,0,0,5,5,16,-11.0
2019,122,0,P007831   ,0.0,1.0,BAS,31,"SHIELDS, SHAVON",25:34,22,5,9,3,5,3,4,2,5,7,1,0,2,2,0,1,3,25,-27.0
2019,122,0,P002084   ,0.0,1.0,BAS,33,"POLONARA, ACHILLE",15:51,7,2,4,1,5,0,0,3,1,4,1,1,0,0,0,1,1,7,-15.0
2019,122,0,P007360   ,1.0,1.0,BAS,50,"ERIC, MICHAEL",13:48,0,0,3,0,0,0,2,2,2,4,0,0,1,2,0,2,1,-1,-21.0
2019,122,0,Team,0.0,0.0,BAS,,Team,,0,0,0,0,0,0,0,1,1,2,0,0,0,0,0,0,0,2,
2019,122,0,Total,,,BAS,,Total,200:00,77,24,46,8,22,5,8,15,24,39,10,3,16,5,0,25,16,70,
2019,123,1,P009035   ,0.0,0.0,CSK,3,"BOLOMBOY, JOEL",16:12,17,4,5,1,1,6,6,2,2,4,1,0,0,1,0,2,6,26,23.0
2019,123,1,P005985   ,1.0,0.0,CSK,5,"JAMES, MIKE",23:04,29,4,8,6,7,3,3,0,3,3,3,0,0,0,0,2,4,32,6.0
2019,123,1,P004941   ,0.0,1.0,CSK,11,"ANTONOV, SEMEN",18:10,9,4,4,0,0,1,1,3,1,4,0,1,2,0,0,2,1,11,11.0
2019,123,1,P000046   ,0.0,0.0,CSK,13,"STRELNIEKS, JANIS",20:09,5,1,4,1,3,0,1,0,3,3,3,2,2,0,0,1,2,6,13.0
2019,123,1,P007201   ,1.0,0.0,CSK,17,"VOIGTMANN, JOHANNES",16:27,0,0,1,0,2,0,0,2,1,3,3,1,0,1,0,3,0,2,-1.0
2019,123,1,PLHI      ,0.0,1.0,CSK,20,"VORONTSEVICH, ANDREY",23:33,7,1,2,1,2,2,3,1,5,6,3,0,0,1,1,2,2,13,27.0
2019,123,1,P001844   ,1.0,0.0,CSK,23,"HACKETT, DANIEL",16:51,0,0,2,0,1,0,0,0,2,2,4,1,0,0,0,1,1,4,19.0
2019,123,1,P009766   ,0.0,1.0,CSK,31,"KOUFOS, KOSTA",06:58,6,3,5,0,0,0,0,1,3,4,0,0,0,0,0,0,0,8,8.0
2019,123,1,P008989   ,0.0,1.0,CSK,32,"HILLIARD, DARRUN",06:58,10,1,1,2,4,2,2,0,0,0,1,0,0,0,0,0,0,9,8.0
2019,123,1,PJLX      ,1.0,0.0,CSK,41,"KURBANOV, NIKITA",18:49,11,0,0,3,6,2,2,0,2,2,4,1,1,0,0,0,2,16,6.0
2019,123,1,P002812   ,1.0,0.0,CSK,42,"HINES, KYLE",16:50,4,2,3,0,0,0,0,1,0,1,0,0,0,0,0,2,1,3,-5.0
2019,123,1,P009767   ,0.0,1.0,CSK,84,"BAKER, RON",15:59,2,1,3,0,1,0,0,0,0,0,5,1,1,1,0,3,0,2,15.0
2019,123,1,Team,0.0,0.0,CSK,,Team,,0,0,0,0,0,0,0,0,0,0,0,0,0,0,0,0,0,0,
2019,123,1,Total,,,CSK,,Total,200:00,100,21,38,14,27,16,18,10,22,32,27,7,6,4,1,18,19,132,
2019,123,0,P003479   ,1.0,0.0,RED,0,"KUZMIC, OGNJEN",16:37,7,3,5,0,0,1,2,0,6,6,2,0,0,0,1,2,3,12,-6.0
2019,123,0,PJDZ      ,1.0,0.0,RED,3,"COVIC, FILIP",20:14,7,1,2,1,3,2,3,0,1,1,9,0,1,0,1,3,4,12,-14.0
2019,123,0,P007960   ,0.0,1.0,RED,7,"DAVIDOVAC, DEJAN",21:33,17,3,6,3,5,2,3,0,3,3,0,0,1,0,1,1,3,14,-21.0
2019,123,0,PLUO      ,1.0,0.0,RED,10,"LAZIC, BRANKO",18:27,5,1,3,1,3,0,0,0,0,0,1,1,0,0,0,1,1,3,-5.0
2019,123,0,P008800   ,0.0,0.0,RED,11,"FAYE, MOUHAMMAD",15:31,3,0,1,1,1,0,0,0,1,1,0,0,1,0,0,1,0,1,-6.0
2019,123,0,P005775   ,1.0,0.0,RED,12,"BARON, BILLY",26:03,14,4,6,2,5,0,0,1,2,3,2,0,2,0,1,1,1,11,-13.0
2019,123,0,P004007   ,0.0,1.0,RED,13,"DOBRIC, OGNJEN",11:41,2,1,2,0,0,0,2,0,0,0,0,0,0,0,0,1,1,-1,-5.0
2019,123,0,P002980   ,0.0,0.0,RED,15,"GIST, JAMES",18:01,8,3,6,0,1,2,2,1,3,4,0,0,2,0,0,3,2,5,-21.0
2019,123,0,P005014   ,0.0,1.0,RED,22,"JENKINS, CHARLES",22:02,2,0,1,0,0,2,2,2,2,4,4,2,1,0,0,1,1,10,-20.0
2019,123,0,P005618   ,1.0,1.0,RED,28,"SIMANIC, BORISA",19:19,7,2,2,1,2,0,0,0,1,1,0,0,1,1,0,2,1,6,-10.0
2019,123,0,P003264   ,0.0,0.0,RED,32,"JOVANOVIC, NIKOLA",DNP,0,0,0,0,0,0,0,0,0,0,0,0,0,0,0,0,0,0,0.0
2019,123,0,P008801   ,0.0,1.0,RED,50,"OJO, MICHAEL",10:32,2,0,1,0,0,2,2,2,2,4,1,0,1,0,0,3,1,3,-9.0
2019,123,0,Team,0.0,0.0,RED,,Team,,0,0,0,0,0,0,0,2,0,2,0,0,0,0,0,0,0,2,
2019,123,0,Total,,,RED,,Total,200:00,74,18,35,9,20,11,16,8,21,29,19,3,10,1,4,19,18,78,
2019,124,1,P009600   ,0.0,1.0,BER,1,"MASON, MAKAI",19:53,17,3,6,1,3,8,8,0,1,1,3,1,2,0,0,2,6,19,18.0
2019,124,1,P007125   ,1.0,0.0,BER,3,"SIVA, PEYTON",14:12,0,0,2,0,2,0,0,1,0,1,3,0,1,0,0,1,0,-2,5.0
2019,124,1,P001557   ,0.0,1.0,BER,5,"GIFFEY, NIELS",14:56,8,4,7,0,2,0,0,2,0,2,2,0,1,0,1,4,0,1,-14.0
2019,124,1,P003151   ,1.0,0.0,BER,8,"ERIKSSON, MARCUS",25:26,12,0,3,4,5,0,0,1,1,2,0,0,2,0,0,3,4,9,-1.0
2019,124,1,P007025   ,0.0,0.0,BER,9,"MATTISSECK, JONAS",12:10,0,0,0,0,0,0,0,0,1,1,0,0,0,0,0,1,1,1,-7.0
2019,124,1,P006251   ,0.0,0.0,BER,10,"SCHNEIDER, TIM",02:52,0,0,0,0,0,0,0,0,0,0,0,0,1,0,0,0,0,-1,-10.0
2019,124,1,P008780   ,0.0,1.0,BER,15,"HERMANNSSON, MARTIN",29:17,5,1,5,0,3,3,4,2,0,2,6,1,2,0,1,2,4,5,-13.0
2019,124,1,P006819   ,0.0,0.0,BER,16,"NIKIC, KRESIMIR",09:07,4,2,4,0,0,0,0,0,2,2,0,0,1,2,0,0,1,6,1.0
2019,124,1,P006436   ,1.0,1.0,BER,31,"GIEDRAITIS, ROKAS",31:10,15,0,2,3,7,6,7,2,1,3,1,4,1,0,1,3,4,15,5.0
2019,124,1,P003958   ,0.0,0.0,BER,32,"THIEMANN, JOHANNES",04:37,0,0,1,0,0,0,0,0,1,1,0,1,0,0,0,2,0,-1,2.0
2019,124,1,P009051   ,1.0,0.0,BER,35,"NNOKO, LANDRY",31:04,5,2,9,0,0,1,2,4,7,11,0,0,2,2,1,3,2,6,-4.0
2019,124,1,P006589   ,1.0,1.0,BER,43,"SIKMA, LUKE",30:16,10,2,4,2,6,0,0,3,8,11,2,2,4,2,0,0,3,20,13.0
2019,124,1,Team,0.0,0.0,BER,,Team,,0,0,0,0,0,0,0,2,2,4,0,0,0,0,0,0,0,4,
2019,124,1,Total,,,BER,,Total,225:00,76,14,43,10,28,18,21,17,24,41,17,9,17,6,4,21,25,82,
2019,124,0,PBOG      ,0.0,0.0,MUN,7,"KING, ALEX",02:29,2,1,1,0,0,0,0,0,0,0,0,0,0,0,0,0,0,2,-3.0
2019,124,0,P004178   ,1.0,0.0,MUN,8,"KOPONEN, PETTERI",17:04,0,0,2,0,1,0,0,0,2,2,0,0,1,0,1,3,1,-5,-2.0
2019,124,0,P009835   ,0.0,0.0,MUN,10,"MONROE, GREG",29:14,17,8,10,0,0,1,4,4,6,10,1,1,1,0,1,2,5,25,12.0
2019,124,0,P001288   ,1.0,1.0,MUN,11,"LUCIC, VLADIMIR",30:37,19,1,3,4,4,5,5,0,5,5,3,1,4,0,1,3,2,20,10.0
2019,124,0,P007032   ,1.0,1.0,MUN,12,"LO, MAODO",29:32,13,0,2,3,7,4,4,0,0,0,4,0,2,0,0,4,3,8,-1.0
2019,124,0,P000007   ,0.0,1.0,MUN,14,"DEDOVIC, NIHAD",26:33,7,2,3,1,4,0,0,1,3,4,2,1,2,0,0,4,3,7,10.0
2019,124,0,P005056   ,0.0,0.0,MUN,16,"ZIPSER, PAUL",11:17,0,0,3,0,2,0,0,3,3,6,0,1,1,0,1,1,0,-1,-10.0
2019,124,0,P002829   ,0.0,1.0,MUN,20,"NELSON, DEMARCUS",16:03,2,1,3,0,1,0,0,2,2,4,4,1,3,0,1,3,0,1,4.0
2019,124,0,P005670   ,0.0,0.0,MUN,21,"FLACCADORI, DIEGO",06:45,2,0,0,0,2,2,2,0,0,0,0,0,1,0,0,0,1,0,-8.0
2019,124,0,P003490   ,1.0,1.0,MUN,22,"BARTHEL, DANILO",35:14,10,3,5,1,4,1,2,0,5,5,3,1,2,1,1,1,4,14,0.0
2019,124,0,P003842   ,1.0,0.0,MUN,26,"LESSORT, MATHIAS",11:53,0,0,0,0,0,0,0,1,1,2,0,0,4,2,0,2,0,-2,-15.0
2019,124,0,P009723   ,0.0,0.0,MUN,34,"HUESTIS, JOSHUA",08:19,5,1,1,1,1,0,1,0,0,0,0,0,2,1,0,2,2,3,8.0
2019,124,0,Team,0.0,0.0,MUN,,Team,,0,0,0,0,0,0,0,1,3,4,0,0,2,0,0,0,0,2,
2019,124,0,Total,,,MUN,,Total,225:00,77,17,33,10,26,13,18,12,30,42,17,6,25,4,6,25,21,74,
2019,125,1,P002972   ,0.0,0.0,OLY,1,"ROCHESTIE, TAYLOR",09:49,4,0,2,0,0,4,4,0,0,0,2,0,0,0,0,1,2,5,-11.0
2019,125,1,P009863   ,0.0,0.0,OLY,2,"BALDWIN IV, WADE",DNP,0,0,0,0,0,0,0,0,0,0,0,0,0,0,0,0,0,0,0.0
2019,125,1,P004945   ,0.0,1.0,OLY,3,"PAUL, BRANDON",22:37,8,0,1,1,7,5,6,0,2,2,1,0,1,1,1,1,4,5,10.0
2019,125,1,P005255   ,1.0,1.0,OLY,6,"KONIARIS, ANTONIOS",20:44,0,0,1,0,1,0,0,1,3,4,2,3,0,0,0,1,2,8,6.0
2019,125,1,PJUO      ,1.0,0.0,OLY,7,"SPANOULIS, VASSILIS",32:04,18,4,5,2,8,4,4,0,3,3,10,0,3,0,1,1,5,24,19.0
2019,125,1,P006058   ,0.0,0.0,OLY,10,"CHERRY, WILL",17:18,4,0,0,0,0,4,4,0,1,1,1,0,0,0,0,3,2,5,-10.0
2019,125,1,P003941   ,1.0,1.0,OLY,11,"MILUTINOV, NIKOLA",22:49,16,6,8,0,0,4,7,4,3,7,3,0,1,1,0,4,5,22,24.0
2019,125,1,P003469   ,0.0,0.0,OLY,14,"VEZENKOV, SASHA",08:56,6,1,4,1,1,1,2,2,1,3,0,0,1,0,0,2,2,4,-6.0
2019,125,1,PAMM      ,1.0,1.0,OLY,15,"PRINTEZIS, GEORGIOS",36:04,26,11,15,1,5,1,3,2,5,7,2,1,0,0,1,0,4,29,17.0
2019,125,1,P001255   ,1.0,1.0,OLY,16,"PAPANIKOLAOU, KOSTAS",32:28,18,2,3,4,8,2,2,0,6,6,2,0,3,0,1,4,1,14,19.0
2019,125,1,P006477   ,0.0,0.0,OLY,21,"RUBIT, AUGUSTINE",09:33,2,0,0,0,0,2,2,1,0,1,0,2,2,0,0,3,1,1,-2.0
2019,125,1,P009946   ,0.0,0.0,OLY,33,"REED, WILLIE",12:38,7,3,5,0,0,1,4,3,2,5,1,0,1,0,1,1,2,7,-11.0
2019,125,1,Team,0.0,0.0,OLY,,Team,,0,0,0,0,0,0,0,3,3,6,0,0,0,0,0,0,0,6,
2019,125,1,Total,,,OLY,,Total,225:00,109,27,44,9,30,28,38,16,29,45,24,6,12,2,5,21,30,130,
2019,125,0,PKVZ      ,1.0,1.0,KHI,1,"SHVED, ALEXEY",40:48,36,3,10,7,21,9,13,0,3,3,9,1,4,0,0,1,11,30,-13.0
2019,125,0,P004810   ,0.0,0.0,KHI,3,"KRAMER, CHRIS",27:17,5,1,2,1,3,0,0,1,4,5,3,0,2,0,1,2,3,8,-5.0
2019,125,0,P007056   ,1.0,1.0,KHI,5,"BOOKER, DEVIN",19:59,12,5,10,0,1,2,2,5,3,8,0,0,3,0,0,3,2,10,-22.0
2019,125,0,P004302   ,1.0,1.0,KHI,7,"KARASEV, SERGEY",25:50,8,0,2,2,3,2,2,2,2,4,2,1,1,0,0,4,1,8,-17.0
2019,125,0,P001792   ,0.0,0.0,KHI,8,"ZAYTSEV, VYACHESLAV",04:58,0,0,0,0,0,0,0,0,0,0,0,0,0,0,0,1,0,-1,7.0
2019,125,0,PBGV      ,0.0,0.0,KHI,9,"VIALTSEV, EGOR",DNP,0,0,0,0,0,0,0,0,0,0,0,0,0,0,0,0,0,0,0.0
2019,125,0,P009748   ,0.0,1.0,KHI,11,"JEREBKO, JONAS",32:02,10,1,3,2,5,2,2,1,4,5,3,0,1,1,0,4,1,10,-3.0
2019,125,0,PBFX      ,0.0,0.0,KHI,12,"MONIA, SERGEY",00:12,0,0,0,0,0,0,0,0,0,0,0,0,0,0,0,0,0,0,0.0
2019,125,0,P008001   ,1.0,1.0,KHI,13,"GILL, ANTHONY",22:22,0,0,1,0,2,0,0,2,3,5,0,0,2,2,1,3,1,-1,-20.0
2019,125,0,P004863   ,1.0,0.0,KHI,24,"JOVIC, STEFAN",08:05,1,0,0,0,0,1,2,0,0,0,1,0,1,0,0,2,1,-1,-9.0
2019,125,0,P007432   ,0.0,0.0,KHI,40,"EVANS, JEREMY",25:01,17,6,6,1,1,2,2,1,5,6,0,1,2,2,0,5,1,20,11.0
2019,125,0,P000436   ,0.0,0.0,KHI,45,"BERTANS, DAIRIS",18:26,9,0,0,3,4,0,0,0,0,0,0,2,0,0,0,5,0,5,16.0
2019,125,0,Team,0.0,0.0,KHI,,Team,,0,0,0,0,0,0,0,2,0,2,0,0,1,0,0,0,0,1,
2019,125,0,Total,,,KHI,,Total,225:00,98,16,34,16,40,18,23,14,24,38,18,5,17,5,2,30,21,89,
2019,126,1,P007870   ,0.0,1.0,BAR,0,"DAVIES, BRANDON",18:33,10,3,6,0,0,4,6,1,4,5,0,0,3,1,0,0,3,11,9.0
2019,126,1,PJUG      ,0.0,0.0,BAR,5,"RIBAS, PAU",DNP,0,0,0,0,0,0,0,0,0,0,0,0,0,0,0,0,0,0,0.0
2019,126,1,P005099   ,0.0,0.0,BAR,8,"HANGA, ADAM",21:41,2,1,5,0,0,0,0,1,3,4,4,1,0,0,0,0,2,9,-3.0
2019,126,1,P007109   ,1.0,0.0,BAR,10,"SMITS, ROLANDS",10:08,5,1,1,1,3,0,0,0,2,2,1,0,0,0,0,0,0,6,8.0
2019,126,1,P005917   ,0.0,1.0,BAR,18,"ORIOLA, PIERRE",16:25,7,1,2,1,1,2,2,1,3,4,2,2,0,0,1,1,1,13,13.0
2019,126,1,P003478   ,0.0,1.0,BAR,21,"ABRINES, ALEX",27:12,16,1,2,4,8,2,2,2,1,3,0,2,0,1,0,3,2,16,6.0
2019,126,1,P006450   ,1.0,0.0,BAR,22,"HIGGINS, CORY",26:03,13,5,8,0,3,3,4,0,1,1,2,2,3,0,0,3,5,10,10.0
2019,126,1,P004331   ,0.0,1.0,BAR,23,"DELANEY, MALCOLM",25:46,9,2,4,1,3,2,2,0,1,1,5,1,3,0,0,4,3,8,14.0
2019,126,1,P005789   ,0.0,0.0,BAR,24,"KURIC, KYLE",DNP,0,0,0,0,0,0,0,0,0,0,0,0,0,0,0,0,0,0,0.0
2019,126,1,P008985   ,1.0,1.0,BAR,31,"BOLMARO, LEANDRO",09:10,2,1,1,0,1,0,0,0,0,0,3,1,1,0,0,2,0,2,4.0
2019,126,1,P000796   ,1.0,0.0,BAR,33,"MIROTIC, NIKOLA",23:35,12,4,4,0,3,4,4,0,3,3,0,2,2,1,0,0,4,17,0.0
2019,126,1,P002507   ,1.0,0.0,BAR,44,"TOMIC, ANTE",21:27,4,2,3,0,0,0,2,2,6,8,2,0,2,0,0,2,3,10,4.0
2019,126,1,Team,0.0,0.0,BAR,,Team,,0,0,0,0,0,0,0,1,2,3,0,0,1,0,0,0,0,2,
2019,126,1,Total,,,BAR,,Total,200:00,80,21,36,7,22,17,22,8,26,34,19,11,15,3,1,15,23,104,
2019,126,0,P000229   ,1.0,0.0,ASV,1,"JACKSON, EDWIN",15:29,4,2,4,0,2,0,0,0,1,1,0,0,2,0,0,0,0,-1,-10.0
2019,126,0,P005247   ,0.0,1.0,ASV,2,"TAYLOR, JORDAN",28:36,6,0,3,2,3,0,0,0,2,2,4,0,3,0,0,4,2,3,-10.0
2019,126,0,P009733   ,1.0,0.0,ASV,3,"JEKIRI, TONYE",22:03,0,0,3,0,0,0,0,1,3,4,1,0,3,0,0,4,1,-4,-5.0
2019,126,0,PKIR      ,1.0,0.0,ASV,5,"KAHUDI, CHARLES",23:07,12,4,6,1,2,1,1,1,2,3,1,0,1,0,1,1,2,12,-8.0
2019,126,0,P007027   ,1.0,0.0,ASV,6,"MALEDON, THEO",21:35,10,2,2,2,4,0,0,0,3,3,3,0,4,0,0,5,4,9,-14.0
2019,126,0,P005553   ,0.0,1.0,ASV,9,"LOMAZS, RIHARDS",13:47,3,0,1,1,1,0,0,0,0,0,4,0,0,0,0,3,1,4,3.0
2019,126,0,P008851   ,0.0,1.0,ASV,11,"GALLIOU, CHARLES",02:31,0,0,0,0,0,0,0,0,0,0,0,0,0,0,0,0,0,0,0.0
2019,126,0,P006068   ,0.0,1.0,ASV,12,"NOUA, AMINE",22:45,10,2,6,2,4,0,0,0,2,2,0,0,2,0,0,4,2,2,1.0
2019,126,0,P002536   ,1.0,0.0,ASV,17,"JEAN-CHARLES, LIVIO",10:53,2,1,3,0,1,0,0,0,4,4,0,0,0,0,1,0,0,2,-5.0
2019,126,0,PTFK      ,0.0,0.0,ASV,19,"DIOT, ANTOINE",DNP,0,0,0,0,0,0,0,0,0,0,0,0,0,0,0,0,0,0,0.0
2019,126,0,P004655   ,0.0,1.0,ASV,21,"BAKO, ISMAEL",16:08,4,2,3,0,0,0,0,1,0,1,0,1,1,0,1,3,0,0,-9.0
2019,126,0,P003526   ,0.0,0.0,ASV,23,"LIGHTY, DAVID",23:06,16,3,6,3,3,1,4,1,5,6,1,3,4,1,0,0,3,20,-8.0
2019,126,0,Team,0.0,0.0,ASV,,Team,,0,0,0,0,0,0,0,1,2,3,0,0,1,0,0,0,0,2,
2019,126,0,Total,,,ASV,,Total,200:00,67,16,37,11,20,2,5,5,24,29,14,4,21,1,3,24,15,49,
2019,127,1,P002543   ,1.0,0.0,ULK,9,"WESTERMANN, LEO",17:55,0,0,3,0,1,0,0,1,2,3,3,0,1,0,2,1,1,-1,-1.0
2019,127,1,P002969   ,1.0,0.0,ULK,10,"MAHMUTOGLU, MELIH",12:58,5,1,2,1,2,0,0,0,0,0,0,0,0,0,0,0,0,3,-1.0
2019,127,1,P004866   ,0.0,1.0,ULK,12,"KALINIC, NIKOLA",31:48,16,3,3,2,3,4,4,1,1,2,4,0,1,0,0,3,4,21,-3.0
2019,127,1,P006961   ,0.0,0.0,ULK,13,"BIBEROVIC, TARIK",DNP,0,0,0,0,0,0,0,0,0,0,0,0,0,0,0,0,0,0,0.0
2019,127,1,P001926   ,0.0,1.0,ULK,16,"SLOUKAS, KOSTAS",28:36,13,1,3,3,4,2,2,1,1,2,6,0,1,0,0,1,1,17,-11.0
2019,127,1,P002100   ,0.0,1.0,ULK,19,"DE COLO, NANDO",28:36,9,2,2,1,7,2,2,0,5,5,6,1,2,0,1,2,3,13,-11.0
2019,127,1,P009006   ,0.0,1.0,ULK,21,"WILLIAMS, DERRICK",10:47,6,1,2,1,2,1,2,1,3,4,0,0,2,0,0,4,2,3,-6.0
2019,127,1,P001324   ,1.0,0.0,ULK,35,"MUHAMMED, ALI",11:24,3,0,3,1,2,0,0,1,0,1,2,0,0,0,1,1,0,0,8.0
2019,127,1,P006399   ,1.0,1.0,ULK,44,"DUVERIOGLU, AHMET",16:17,2,1,3,0,0,0,2,3,4,7,1,0,0,0,0,4,3,5,4.0
2019,127,1,PCCD      ,0.0,0.0,ULK,70,"DATOME, LUIGI",20:06,9,1,2,2,4,1,1,0,2,2,0,0,4,0,0,4,4,4,12.0
2019,127,1,P004194   ,1.0,0.0,ULK,77,"LAUVERGNE, JOFFREY",21:33,18,5,8,1,1,5,7,1,3,4,0,0,3,0,1,2,7,18,-6.0
2019,127,1,PLBJ      ,0.0,0.0,ULK,91,"STIMAC, VLADIMIR",DNP,0,0,0,0,0,0,0,0,0,0,0,0,0,0,0,0,0,0,0.0
2019,127,1,Team,0.0,0.0,ULK,,Team,,0,0,0,0,0,0,0,1,1,2,0,0,0,0,0,0,0,2,
2019,127,1,Total,,,ULK,,Total,200:00,81,15,31,12,26,15,20,10,22,32,22,1,14,0,5,22,25,85,
2019,127,0,P005154   ,0.0,0.0,DYR,4,"IVERSON, COLTON",19:45,9,3,3,0,0,3,3,2,3,5,0,1,1,0,0,3,4,15,2.0
2019,127,0,P003425   ,1.0,1.0,DYR,6,"ALBICY, ANDREW",23:08,12,0,1,4,6,0,0,0,1,1,3,1,3,0,0,1,0,10,11.0
2019,127,0,PJAN      ,0.0,0.0,DYR,7,"PONKRASHOV, ANTON",06:06,0,0,1,0,2,0,0,0,0,0,0,0,0,0,0,1,0,-4,-14.0
2019,127,0,P009917   ,0.0,1.0,DYR,9,"HOLLINS, AUSTIN",13:16,6,1,2,1,5,1,1,1,1,2,1,0,1,0,0,2,1,2,2.0
2019,127,0,P007581   ,0.0,0.0,DYR,11,"BALASHOV, SERGEI",DNP,0,0,0,0,0,0,0,0,0,0,0,0,0,0,0,0,0,0,0.0
2019,127,0,PLKY      ,0.0,0.0,DYR,13,"KHVOSTOV, DMITRY",16:52,6,0,0,1,3,3,4,0,1,1,3,0,1,0,0,4,2,4,-8.0
2019,127,0,P003370   ,1.0,0.0,DYR,14,"PUSHKOV, ANTON",13:50,2,1,4,0,0,0,0,1,0,1,0,0,1,2,0,3,1,-1,-7.0
2019,127,0,P007851   ,0.0,0.0,DYR,16,"TRUSHKIN, VLADISLAV",03:12,0,0,0,0,1,0,0,0,0,0,0,0,0,0,0,0,0,-1,3.0
2019,127,0,P001389   ,1.0,1.0,DYR,18,"VORONOV, EVGENY",24:25,11,1,3,3,3,0,0,0,1,1,2,0,1,0,0,3,2,10,0.0
2019,127,0,P005199   ,0.0,1.0,DYR,21,"ABROMAITIS, TIM",26:10,10,3,5,1,2,1,3,0,7,7,2,0,1,1,0,2,2,14,10.0
2019,127,0,P004172   ,1.0,0.0,DYR,25,"PONITKA, MATEUSZ",33:01,16,4,5,2,3,2,3,1,2,3,8,2,3,0,0,2,8,29,15.0
2019,127,0,P005927   ,1.0,1.0,DYR,34,"AYON, GUSTAVO",20:15,12,6,9,0,1,0,1,0,3,3,5,0,1,2,0,4,2,14,1.0
2019,127,0,Team,0.0,0.0,DYR,,Team,,0,0,0,0,0,0,0,4,0,4,0,0,1,0,0,0,0,3,
2019,127,0,Total,,,DYR,,Total,200:00,84,19,33,12,26,10,15,9,19,28,24,4,14,5,0,25,22,95,
2019,128,1,P009846   ,0.0,1.0,TEL,0,"BRYANT, ELIJAH",15:16,9,3,3,1,2,0,0,1,2,3,4,0,1,0,0,1,0,13,8.0
2019,128,1,P006661   ,1.0,1.0,TEL,1,"WILBEKIN, SCOTTIE",34:20,23,2,3,4,15,7,8,2,2,4,2,1,2,0,0,0,7,22,15.0
2019,128,1,P009847   ,1.0,1.0,TEL,2,"ACY, QUINCY",30:16,8,3,6,0,3,2,3,2,3,5,0,1,2,5,2,2,3,9,7.0
2019,128,1,P005771   ,1.0,0.0,TEL,4,"CALOIARO, ANGELO",16:02,3,0,1,1,3,0,0,3,4,7,1,1,0,0,0,2,1,8,-8.0
2019,128,1,P005160   ,1.0,1.0,TEL,5,"HUNTER, OTHELLO",28:45,15,5,9,0,0,5,5,6,1,7,2,0,0,0,0,3,6,23,1.0
2019,128,1,P009848   ,0.0,0.0,TEL,6,"COHEN, SANDY",DNP,0,0,0,0,0,0,0,0,0,0,0,0,0,0,0,0,0,0,0.0
2019,128,1,P007675   ,0.0,0.0,TEL,8,"AVDIJA, DENI",19:35,7,2,2,1,2,0,0,0,4,4,1,0,0,0,0,1,0,10,11.0
2019,128,1,P009849   ,0.0,1.0,TEL,11,"DORSEY, TYLER",31:26,16,3,7,3,9,1,2,2,3,5,7,4,3,0,1,2,2,17,19.0
2019,128,1,P005145   ,0.0,0.0,TEL,15,"COHEN, JAKE",10:58,5,1,3,1,2,0,0,1,0,1,1,0,1,0,2,1,0,0,6.0
2019,128,1,P006625   ,1.0,0.0,TEL,50,"ZOOSMAN, YOVEL",13:22,2,1,2,0,1,0,0,1,1,2,2,0,0,0,0,3,0,1,-14.0
2019,128,1,Team,0.0,0.0,TEL,,Team,,0,0,0,0,0,0,0,3,1,4,0,0,1,0,0,0,0,3,
2019,128,1,Total,,,TEL,,Total,200:00,88,20,36,11,37,15,18,21,21,42,20,7,10,5,5,15,19,106,
2019,128,0,P005094   ,1.0,1.0,PAN,0,"THOMAS, DESHAUN",34:37,24,9,12,1,5,3,4,1,1,2,2,0,0,1,1,1,3,22,-8.0
2019,128,0,P003367   ,0.0,1.0,PAN,5,"RICE, TYRESE",17:14,5,1,4,1,2,0,0,0,1,1,2,0,2,0,1,1,1,1,-17.0
2019,128,0,P005844   ,1.0,0.0,PAN,6,"PAPAGIANNIS, GEORGIOS",17:13,7,2,4,0,0,3,4,1,8,9,0,0,2,0,0,4,2,9,-7.0
2019,128,0,P005161   ,1.0,1.0,PAN,10,"PAPAPETROU, IOANNIS",33:19,17,2,4,4,6,1,2,2,0,2,1,1,1,0,0,3,3,15,-5.0
2019,128,0,PTFX      ,0.0,0.0,PAN,15,"VOUGIOUKAS, IAN",00:57,0,0,0,0,0,0,0,0,0,0,0,0,1,0,0,0,0,-1,-4.0
2019,128,0,P009816   ,0.0,0.0,PAN,24,"JOHNSON, WESLEY",16:21,3,0,0,1,1,0,0,0,2,2,1,1,0,0,0,3,0,4,-13.0
2019,128,0,P009817   ,0.0,0.0,PAN,25,"BROWN, RION",00:15,0,0,0,0,0,0,0,0,0,0,0,0,0,0,0,0,0,0,0.0
2019,128,0,P009842   ,1.0,0.0,PAN,32,"FREDETTE, JIMMER",26:00,7,0,0,1,2,4,4,1,2,3,2,0,3,0,0,2,1,7,9.0
2019,128,0,P001932   ,1.0,1.0,PAN,33,"CALATHES, NICK",26:51,8,4,8,0,4,0,0,0,3,3,4,0,2,0,1,4,3,3,-1.0
2019,128,0,P009472   ,0.0,0.0,PAN,35,"WILEY, JACOB",07:13,4,2,4,0,0,0,0,0,1,1,0,0,1,1,1,1,0,1,0.0
2019,128,0,P007866   ,0.0,1.0,PAN,44,"MITOGLOU, KONSTANTINOS",20:00,4,2,5,0,0,0,0,3,1,4,1,0,0,3,1,1,1,8,1.0
2019,128,0,P009818   ,0.0,0.0,PAN,50,"BENTIL, BENJAMIN",DNP,0,0,0,0,0,0,0,0,0,0,0,0,0,0,0,0,0,0,0.0
2019,128,0,Team,0.0,0.0,PAN,,Team,,0,0,0,0,0,0,0,2,3,5,0,0,0,0,0,0,0,5,
2019,128,0,Total,,,PAN,,Total,200:00,79,22,41,8,20,11,14,10,22,32,13,2,12,5,5,20,14,74,
2019,129,1,P005884   ,0.0,0.0,MIL,0,"DELLA VALLE, AMEDEO",19:02,15,4,5,1,2,4,4,3,0,3,1,1,1,0,0,1,2,18,7.0
2019,129,1,P009902   ,0.0,0.0,MIL,1,"MACK, SHELVIN",15:35,2,1,2,0,1,0,0,1,1,2,2,2,1,0,0,2,1,4,9.0
2019,129,1,P000529   ,1.0,1.0,MIL,5,"MICOV, VLADIMIR",23:37,13,4,8,1,4,2,2,0,3,3,2,0,2,0,0,2,3,10,1.0
2019,129,1,P009903   ,0.0,0.0,MIL,6,"BILIGHA, PAUL",DNP,0,0,0,0,0,0,0,0,0,0,0,0,0,0,0,0,0,0,0.0
2019,129,1,P003120   ,0.0,0.0,MIL,7,"GUDAITIS, ARTURAS",14:34,9,3,6,0,0,3,4,1,4,5,2,0,0,0,0,4,3,11,2.0
2019,129,1,P000726   ,0.0,0.0,MIL,9,"MORASCHINI, RICCARDO",14:01,4,2,2,0,3,0,0,0,2,2,0,0,1,0,0,1,0,1,7.0
2019,129,1,P004974   ,1.0,1.0,MIL,10,"ROLL, MICHAEL",21:47,5,1,2,1,2,0,0,0,1,1,1,0,1,0,0,1,2,5,-2.0
2019,129,1,PCVM      ,1.0,1.0,MIL,13,"RODRIGUEZ, SERGIO",27:33,10,5,7,0,5,0,0,1,4,5,8,1,0,0,0,2,2,17,-3.0
2019,129,1,P008004   ,1.0,1.0,MIL,15,"TARCZEWSKI, KALEB",25:26,13,5,7,0,0,3,5,3,7,10,0,0,0,1,0,2,4,22,5.0
2019,129,1,PKIW      ,0.0,0.0,MIL,20,"CINCIARINI, ANDREA",DNP,0,0,0,0,0,0,0,0,0,0,0,0,0,0,0,0,0,0,0.0
2019,129,1,P006505   ,0.0,0.0,MIL,30,"WHITE, AARON",13:38,0,0,2,0,0,0,0,0,1,1,1,0,0,0,1,4,1,-4,-3.0
2019,129,1,PAJG      ,1.0,1.0,MIL,40,"SCOLA, LUIS",24:47,7,1,5,1,1,2,2,0,4,4,1,1,1,0,0,3,2,7,12.0
2019,129,1,Team,0.0,0.0,MIL,,Team,,0,0,0,0,0,0,0,0,1,1,0,0,0,0,0,0,0,1,
2019,129,1,Total,,,MIL,,Total,200:00,78,26,46,4,18,14,17,9,28,37,18,5,7,1,1,22,20,92,
2019,129,0,P006533   ,1.0,1.0,PAM,1,"COLOM, QUINO",20:47,9,4,7,0,3,1,2,0,1,1,6,0,2,0,0,0,1,8,-1.0
2019,129,0,P004761   ,1.0,0.0,PAM,2,"MARINKOVIC, VANJA",20:12,3,1,1,0,4,1,2,1,1,2,0,0,0,0,0,2,1,-1,5.0
2019,129,0,P009754   ,0.0,0.0,PAM,3,"LOYD, JORDAN",19:43,4,1,4,0,5,2,2,0,3,3,0,1,2,0,0,3,4,-1,-16.0
2019,129,0,P006726   ,1.0,0.0,PAM,5,"NDOUR, MAURICE",21:05,6,2,3,0,1,2,2,0,5,5,0,3,1,0,0,2,4,13,1.0
2019,129,0,P003733   ,0.0,1.0,PAM,6,"ABALDE, ALBERTO",17:06,0,0,3,0,2,0,0,0,1,1,1,0,1,0,0,2,0,-6,-1.0
2019,129,0,P004884   ,0.0,1.0,PAM,7,"LABEYRIE, LOUIS",22:04,7,1,2,1,4,2,2,2,3,5,2,1,1,1,0,2,1,10,-11.0
2019,129,0,PLRQ      ,0.0,1.0,PAM,9,"VAN ROSSOM, SAM",21:46,9,2,2,1,2,2,2,1,2,3,5,0,0,0,0,2,3,17,-8.0
2019,129,0,P008966   ,0.0,1.0,PAM,10,"TOBEY, MIKE",19:48,11,4,7,0,1,3,4,2,4,6,0,1,0,0,0,4,3,12,-3.0
2019,129,0,P006599   ,0.0,0.0,PAM,12,"MOTUM, BROCK",DNP,0,0,0,0,0,0,0,0,0,0,0,0,0,0,0,0,0,0,0.0
2019,129,0,P002742   ,1.0,0.0,PAM,14,"DUBLJEVIC, BOJAN",17:03,20,2,6,4,4,4,4,4,2,6,0,0,3,0,1,1,4,21,-1.0
2019,129,0,P009105   ,0.0,0.0,PAM,40,"JIMENEZ, MILLAN",00:20,0,0,0,0,0,0,0,0,0,0,0,0,0,0,0,0,0,0,2.0
2019,129,0,P002763   ,1.0,0.0,PAM,42,"DOORNEKAMP, AARON",20:06,2,1,1,0,2,0,1,0,2,2,1,0,0,0,0,2,1,1,-2.0
2019,129,0,Team,0.0,0.0,PAM,,Team,,0,0,0,0,0,0,0,5,1,6,0,0,1,0,0,0,0,5,
2019,129,0,Total,,,PAM,,Total,200:00,71,18,36,6,28,17,21,15,25,40,15,6,11,1,1,20,22,79,
2019,130,1,P007947   ,1.0,1.0,BAS,3,"VILDOZA, LUCA",27:22,6,2,7,0,3,2,2,0,3,3,0,0,1,0,0,1,2,1,-8.0
2019,130,1,P008032   ,0.0,0.0,BAS,5,"GONZALEZ, MIGUEL",DNP,0,0,0,0,0,0,0,0,0,0,0,0,0,0,0,0,0,0,0.0
2019,130,1,P006754   ,1.0,0.0,BAS,7,"HENRY, PIERRIA",27:37,5,1,2,1,5,0,0,2,2,4,2,0,2,0,0,3,2,3,-13.0
2019,130,1,P004165   ,0.0,1.0,BAS,11,"JANNING, MATT",16:29,4,0,1,1,5,1,1,0,1,1,0,0,2,0,0,1,0,-3,-11.0
2019,130,1,P003540   ,0.0,1.0,BAS,12,"DIOP, ILIMANE",12:45,6,1,2,1,2,1,2,1,1,2,0,2,0,1,0,1,2,9,-15.0
2019,130,1,P005458   ,0.0,1.0,BAS,17,"GARCIA, SERGI",08:21,0,0,1,0,1,0,0,1,0,1,0,0,0,0,0,1,0,-2,-10.0
2019,130,1,P006568   ,1.0,1.0,BAS,19,"FALL, YOUSSOUPHA",22:49,8,4,8,0,0,0,0,4,5,9,0,0,1,1,1,3,1,10,-12.0
2019,130,1,P009836   ,1.0,0.0,BAS,22,"STAUSKAS, NIK",07:21,0,0,2,0,1,0,0,0,0,0,0,0,0,1,0,1,1,-2,-4.0
2019,130,1,P001133   ,1.0,0.0,BAS,23,"SHENGELIA, TORNIKE",30:55,10,2,4,0,3,6,10,1,4,5,2,0,2,0,0,2,6,10,-12.0
2019,130,1,P007831   ,0.0,0.0,BAS,31,"SHIELDS, SHAVON",32:58,14,5,6,1,6,1,2,0,5,5,0,0,0,0,0,3,3,12,-20.0
2019,130,1,P002084   ,0.0,0.0,BAS,33,"POLONARA, ACHILLE",03:59,0,0,0,0,0,0,2,0,0,0,0,0,0,0,0,0,1,-1,-1.0
2019,130,1,P007360   ,0.0,0.0,BAS,50,"ERIC, MICHAEL",09:24,2,1,4,0,0,0,2,0,1,1,0,3,1,0,1,1,1,-1,-4.0
2019,130,1,Team,0.0,0.0,BAS,,Team,,0,0,0,0,0,0,0,3,1,4,0,0,0,0,0,0,0,4,
2019,130,1,Total,,,BAS,,Total,200:00,55,16,37,4,26,11,21,12,23,35,4,5,9,3,2,17,19,40,
2019,130,0,P001392   ,1.0,1.0,MAD,1,"CAUSEUR, FABIEN",25:39,9,3,4,1,4,0,0,1,2,3,2,0,0,0,1,0,0,9,11.0
2019,130,0,P005757   ,1.0,0.0,MAD,3,"RANDOLPH, ANTHONY",18:10,8,0,2,2,3,2,5,0,6,6,0,0,0,0,0,2,3,9,-2.0
2019,130,0,PBMT      ,0.0,0.0,MAD,5,"FERNANDEZ, RUDY",20:39,12,0,2,3,4,3,3,0,5,5,4,2,2,0,0,0,1,19,24.0
2019,130,0,P005928   ,1.0,0.0,MAD,7,"CAMPAZZO, FACUNDO",21:13,6,3,4,0,2,0,0,1,3,4,4,2,5,0,0,1,3,10,-1.0
2019,130,0,P006435   ,0.0,1.0,MAD,8,"LAPROVITTOLA, NICOLAS",18:47,8,1,3,2,3,0,0,0,0,0,6,0,3,0,0,1,2,9,23.0
2019,130,0,P009005   ,1.0,0.0,MAD,14,"DECK, GABRIEL",18:37,8,4,8,0,1,0,0,2,2,4,1,0,1,0,1,3,2,5,-1.0
2019,130,0,P007630   ,0.0,1.0,MAD,16,"GARUBA, USMAN",01:44,2,1,1,0,0,0,0,0,1,1,0,0,0,0,0,0,0,3,-1.0
2019,130,0,P005791   ,1.0,0.0,MAD,22,"TAVARES, WALTER",18:35,2,1,3,0,0,0,0,0,6,6,0,1,1,1,1,3,1,4,-1.0
2019,130,0,P008847   ,0.0,0.0,MAD,25,"MICKEY, JORDAN",19:41,15,5,7,1,1,2,2,1,7,8,0,0,1,1,0,4,4,21,24.0
2019,130,0,P005836   ,0.0,1.0,MAD,33,"THOMPKINS, TREY",18:54,7,2,3,1,3,0,0,2,0,2,1,1,1,0,0,4,1,4,25.0
2019,130,0,P006546   ,0.0,1.0,MAD,44,"TAYLOR, JEFFERY",18:01,0,0,0,0,2,0,0,0,0,0,2,0,1,0,0,2,0,-3,9.0
2019,130,0,P005196   ,0.0,0.0,MAD,50,"MEJRI, SALAH",DNP,0,0,0,0,0,0,0,0,0,0,0,0,0,0,0,0,0,0,0.0
2019,130,0,Team,0.0,0.0,MAD,,Team,,0,0,0,0,0,0,0,0,3,3,0,0,0,0,0,0,0,3,
2019,130,0,Total,,,MAD,,Total,200:00,77,20,37,10,23,7,10,7,35,42,20,6,15,2,3,20,17,93,
2019,131,1,PKVZ      ,1.0,1.0,KHI,1,"SHVED, ALEXEY",33:03,25,1,6,6,9,5,5,0,2,2,5,0,7,0,0,4,6,19,5.0
2019,131,1,P004810   ,0.0,1.0,KHI,3,"KRAMER, CHRIS",25:21,4,2,4,0,2,0,0,0,3,3,5,2,1,0,0,1,2,10,10.0
2019,131,1,P007056   ,1.0,1.0,KHI,5,"BOOKER, DEVIN",17:01,9,3,6,1,2,0,0,2,2,4,0,1,2,0,0,1,1,8,-4.0
2019,131,1,P004302   ,1.0,0.0,KHI,7,"KARASEV, SERGEY",12:22,0,0,3,0,0,0,0,1,0,1,2,1,1,0,1,3,0,-4,5.0
2019,131,1,P001792   ,0.0,0.0,KHI,8,"ZAYTSEV, VYACHESLAV",DNP,0,0,0,0,0,0,0,0,0,0,0,0,0,0,0,0,0,0,0.0
2019,131,1,PBGV      ,0.0,0.0,KHI,9,"VIALTSEV, EGOR",DNP,0,0,0,0,0,0,0,0,0,0,0,0,0,0,0,0,0,0,0.0
2019,131,1,P009748   ,1.0,1.0,KHI,11,"JEREBKO, JONAS",20:06,4,1,1,0,0,2,2,0,6,6,2,0,1,0,0,3,2,10,-1.0
2019,131,1,PBFX      ,0.0,0.0,KHI,12,"MONIA, SERGEY",14:01,0,0,1,0,0,0,0,1,2,3,0,0,1,0,0,5,0,-4,0.0
2019,131,1,P008001   ,0.0,0.0,KHI,13,"GILL, ANTHONY",19:54,6,2,3,0,2,2,2,2,5,7,3,0,1,1,1,4,1,9,10.0
2019,131,1,P004863   ,1.0,1.0,KHI,24,"JOVIC, STEFAN",26:53,25,4,4,5,6,2,2,1,2,3,1,2,3,0,0,1,3,29,5.0
2019,131,1,P007432   ,0.0,0.0,KHI,40,"EVANS, JEREMY",22:59,10,5,7,0,1,0,0,1,2,3,0,0,0,1,0,0,1,12,13.0
2019,131,1,P000436   ,0.0,0.0,KHI,45,"BERTANS, DAIRIS",08:20,0,0,0,0,1,0,0,0,0,0,0,0,0,0,0,3,0,-4,2.0
2019,131,1,Team,0.0,0.0,KHI,,Team,,0,0,0,0,0,0,0,1,0,1,0,0,1,0,0,0,0,0,
2019,131,1,Total,,,KHI,,Total,200:00,83,18,35,12,23,11,11,9,24,33,18,6,18,2,2,25,16,85,
2019,131,0,P008855   ,1.0,1.0,ZAL,0,"WALKUP, THOMAS",28:31,10,2,6,1,2,3,5,1,3,4,6,1,1,0,0,3,3,13,-3.0
2019,131,0,P002429   ,1.0,0.0,ZAL,1,"RIVERS, KC",21:18,9,3,3,1,6,0,0,0,1,1,3,1,3,0,0,4,0,2,-11.0
2019,131,0,P003210   ,0.0,0.0,ZAL,4,"LEKAVICIUS, LUKAS",13:00,7,2,2,1,1,0,0,0,2,2,0,0,1,0,0,2,1,7,-8.0
2019,131,0,P008962   ,0.0,1.0,ZAL,10,"HAYES, NIGEL",22:12,5,0,1,1,6,2,2,1,0,1,1,0,0,1,0,1,3,4,-6.0
2019,131,0,P007524   ,0.0,0.0,ZAL,12,"VENSKUS, ERIKAS",DNP,0,0,0,0,0,0,0,0,0,0,0,0,0,0,0,0,0,0,0.0
2019,131,0,PBWI      ,0.0,0.0,ZAL,13,"JANKUNAS, PAULIUS",11:43,0,0,1,0,1,0,0,1,4,5,2,0,2,0,1,1,0,1,-4.0
2019,131,0,P006158   ,0.0,0.0,ZAL,16,"LUKOSIUNAS, KAROLIS",DNP,0,0,0,0,0,0,0,0,0,0,0,0,0,0,0,0,0,0,0.0
2019,131,0,PKPD      ,0.0,1.0,ZAL,21,"MILAKNIS, ARTURAS",30:01,5,1,1,1,3,0,0,0,2,2,1,0,1,0,0,0,2,7,-3.0
2019,131,0,P009753   ,1.0,0.0,ZAL,23,"GEBEN, MARTINAS",05:03,0,0,1,0,0,0,0,0,0,0,0,1,0,0,0,1,0,-1,-4.0
2019,131,0,P008987   ,1.0,0.0,ZAL,32,"LEDAY, ZACH",17:02,8,2,6,0,1,4,4,1,2,3,2,3,1,0,0,1,7,16,-7.0
2019,131,0,P008820   ,0.0,1.0,ZAL,34,"LANDALE, JOCK",29:07,24,7,11,0,0,10,12,3,2,5,3,2,2,0,1,2,7,30,-1.0
2019,131,0,P002329   ,1.0,1.0,ZAL,92,"ULANOVAS, EDGARAS",22:03,6,2,3,0,1,2,2,0,1,1,1,2,0,1,0,1,2,10,2.0
2019,131,0,Team,0.0,0.0,ZAL,,Team,,0,0,0,0,0,0,0,0,1,1,0,0,0,0,0,0,0,1,
2019,131,0,Total,,,ZAL,,Total,200:00,74,19,35,5,21,21,25,7,18,25,19,10,11,2,2,16,25,90,
2019,132,1,P007200   ,1.0,1.0,IST,0,"LARKIN, SHANE",31:57,18,3,7,4,7,0,1,0,0,0,4,2,2,0,1,1,6,18,-11.0
2019,132,1,P006590   ,0.0,1.0,IST,1,"BEAUBOIS, RODRIGUE",23:57,10,1,6,2,4,2,2,0,2,2,1,1,0,0,1,3,3,6,12.0
2019,132,1,P006614   ,1.0,1.0,IST,2,"SINGLETON, CHRIS",35:03,5,2,5,0,1,1,2,3,3,6,0,2,0,0,0,4,4,8,-6.0
2019,132,1,P003521   ,0.0,0.0,IST,4,"BALBAY, DOGUS",11:13,6,0,0,2,2,0,0,0,1,1,1,2,0,0,0,1,0,9,6.0
2019,132,1,P002968   ,0.0,0.0,IST,15,"SANLI, SERTAC",19:17,8,4,7,0,0,0,0,1,1,2,0,1,1,0,1,1,1,6,5.0
2019,132,1,P001833   ,0.0,0.0,IST,18,"MOERMAN, ADRIEN",DNP,0,0,0,0,0,0,0,0,0,0,0,0,0,0,0,0,0,0,0.0
2019,132,1,P002925   ,0.0,0.0,IST,19,"TUNCER, BUGRAHAN",DNP,0,0,0,0,0,0,0,0,0,0,0,0,0,0,0,0,0,0,0.0
2019,132,1,PLHK      ,1.0,0.0,IST,21,"PLEISS, TIBOR",18:52,8,2,6,0,0,4,6,1,4,5,0,2,2,0,3,0,3,7,-6.0
2019,132,1,P002580   ,1.0,0.0,IST,22,"MICIC, VASILIJE",21:48,2,1,1,0,4,0,0,1,1,2,3,0,4,0,0,2,2,-1,-6.0
2019,132,1,P005938   ,0.0,0.0,IST,23,"ANDERSON, JAMES",00:20,0,0,0,0,0,0,0,0,0,0,0,0,0,0,0,0,0,0,1.0
2019,132,1,P008829   ,0.0,1.0,IST,25,"PETERS, ALEC",06:05,2,0,1,0,1,2,2,0,0,0,1,0,0,0,1,1,1,0,7.0
2019,132,1,PCPR      ,1.0,1.0,IST,44,"SIMON, KRUNOSLAV",31:28,21,4,8,4,5,1,1,1,4,5,1,1,0,0,0,3,2,22,-7.0
2019,132,1,Team,0.0,0.0,IST,,Team,,0,0,0,0,0,0,0,5,0,5,0,0,0,0,0,0,0,5,
2019,132,1,Total,,,IST,,Total,200:00,80,17,41,12,24,10,14,12,16,28,11,11,9,0,7,16,22,80,
2019,132,0,P009035   ,0.0,1.0,CSK,3,"BOLOMBOY, JOEL",14:21,4,2,3,0,1,0,0,1,2,3,0,0,1,0,0,2,0,2,-6.0
2019,132,0,P005985   ,1.0,1.0,CSK,5,"JAMES, MIKE",32:28,28,5,5,5,7,3,4,1,5,6,4,0,3,0,0,1,5,36,3.0
2019,132,0,P004941   ,0.0,1.0,CSK,11,"ANTONOV, SEMEN",14:48,4,2,3,0,0,0,0,2,0,2,0,0,0,3,0,2,0,6,4.0
2019,132,0,P000046   ,0.0,0.0,CSK,13,"STRELNIEKS, JANIS",11:17,4,1,2,0,0,2,2,0,2,2,1,1,1,0,0,2,2,6,-9.0
2019,132,0,P007201   ,1.0,0.0,CSK,17,"VOIGTMANN, JOHANNES",30:08,15,2,4,3,4,2,3,0,5,5,2,0,1,1,0,3,3,18,7.0
2019,132,0,PLHI      ,0.0,0.0,CSK,20,"VORONTSEVICH, ANDREY",06:34,0,0,1,0,2,0,0,1,2,3,0,1,1,1,0,1,0,0,1.0
2019,132,0,P001844   ,1.0,0.0,CSK,23,"HACKETT, DANIEL",18:31,0,0,2,0,4,0,0,0,2,2,6,1,3,0,0,3,0,-3,10.0
2019,132,0,P009766   ,0.0,0.0,CSK,31,"KOUFOS, KOSTA",DNP,0,0,0,0,0,0,0,0,0,0,0,0,0,0,0,0,0,0,0.0
2019,132,0,P008989   ,0.0,0.0,CSK,32,"HILLIARD, DARRUN",16:50,10,2,2,1,4,3,4,0,1,1,0,1,3,0,0,1,3,7,8.0
2019,132,0,PJLX      ,1.0,1.0,CSK,41,"KURBANOV, NIKITA",20:07,0,0,2,0,3,0,0,0,1,1,2,0,0,0,0,3,1,-4,3.0
2019,132,0,P002812   ,1.0,1.0,CSK,42,"HINES, KYLE",26:28,16,8,10,0,0,0,0,5,1,6,0,0,2,2,0,4,1,17,-1.0
2019,132,0,P009767   ,0.0,0.0,CSK,84,"BAKER, RON",08:28,0,0,2,0,0,0,0,1,1,2,1,0,1,0,0,0,1,1,-15.0
2019,132,0,Team,0.0,0.0,CSK,,Team,,0,0,0,0,0,0,0,4,1,5,0,0,0,0,0,0,0,5,
2019,132,0,Total,,,CSK,,Total,200:00,81,22,36,9,25,10,13,15,23,38,16,4,16,7,0,22,16,91,
2019,133,1,P003479   ,1.0,0.0,RED,0,"KUZMIC, OGNJEN",07:22,0,0,1,0,0,0,0,1,1,2,1,0,0,0,0,3,0,-1,-6.0
2019,133,1,PJDZ      ,0.0,0.0,RED,3,"COVIC, FILIP",05:25,0,0,1,0,1,0,0,0,0,0,1,0,0,0,0,0,1,0,-9.0
2019,133,1,P009622   ,1.0,1.0,RED,4,"BROWN, LORENZO",29:27,34,11,18,2,4,6,9,1,2,3,4,0,4,0,0,2,9,32,8.0
2019,133,1,P007960   ,1.0,1.0,RED,7,"DAVIDOVAC, DEJAN",21:49,4,0,2,1,1,1,2,1,4,5,1,1,0,0,0,1,1,8,16.0
2019,133,1,PLUO      ,1.0,0.0,RED,10,"LAZIC, BRANKO",23:26,8,2,3,0,1,4,5,1,1,2,3,2,0,0,0,3,3,12,12.0
2019,133,1,P008800   ,0.0,0.0,RED,11,"FAYE, MOUHAMMAD",03:14,0,0,0,0,0,0,0,0,0,0,0,0,0,0,0,0,0,0,-6.0
2019,133,1,P005775   ,0.0,1.0,RED,12,"BARON, BILLY",17:42,17,2,5,4,6,1,1,0,2,2,2,0,1,0,0,3,3,15,-10.0
2019,133,1,P004007   ,0.0,0.0,RED,13,"DOBRIC, OGNJEN",10:31,6,0,1,2,4,0,0,0,0,0,0,1,0,0,0,0,0,4,-12.0
2019,133,1,P002980   ,0.0,1.0,RED,15,"GIST, JAMES",22:47,8,4,9,0,0,0,2,2,5,7,1,2,2,0,0,4,2,7,9.0
2019,133,1,P005014   ,0.0,1.0,RED,22,"JENKINS, CHARLES",20:43,3,0,0,1,2,0,0,0,2,2,4,0,0,0,0,2,0,6,18.0
2019,133,1,P005618   ,1.0,0.0,RED,28,"SIMANIC, BORISA",21:17,6,0,1,2,3,0,0,0,1,1,1,1,0,0,0,1,1,7,16.0
2019,133,1,P008801   ,0.0,0.0,RED,50,"OJO, MICHAEL",11:17,2,1,2,0,0,0,0,2,2,4,0,0,2,0,1,4,0,-2,-1.0
2019,133,1,Team,0.0,0.0,RED,,Team,,0,0,0,0,0,0,0,2,2,4,0,0,0,0,0,0,0,4,
2019,133,1,Total,,,RED,,Total,195:00,88,20,43,12,22,12,19,10,22,32,18,7,9,0,1,23,20,92,
2019,133,0,P002972   ,0.0,0.0,OLY,1,"ROCHESTIE, TAYLOR",14:02,7,1,1,1,1,2,2,0,0,0,5,0,0,0,0,1,2,13,-3.0
2019,133,0,P009863   ,0.0,1.0,OLY,2,"BALDWIN IV, WADE",11:09,4,0,0,0,0,4,4,0,1,1,1,1,1,0,0,3,2,5,-12.0
2019,133,0,P004945   ,0.0,0.0,OLY,3,"PAUL, BRANDON",19:23,21,2,3,5,8,2,2,0,2,2,1,2,0,0,0,5,1,18,3.0
2019,133,0,P005255   ,1.0,0.0,OLY,6,"KONIARIS, ANTONIOS",03:58,3,0,0,1,1,0,0,0,0,0,1,0,0,0,0,1,0,3,-4.0
2019,133,0,PJUO      ,1.0,0.0,OLY,7,"SPANOULIS, VASSILIS",24:11,4,2,3,0,6,0,0,0,1,1,2,0,2,0,0,2,2,-2,-11.0
2019,133,0,P006058   ,0.0,1.0,OLY,10,"CHERRY, WILL",24:12,0,0,2,0,3,0,2,0,1,1,2,0,2,0,0,3,1,-8,12.0
2019,133,0,P003941   ,1.0,1.0,OLY,11,"MILUTINOV, NIKOLA",28:07,15,3,6,0,0,9,9,5,6,11,3,0,1,0,0,1,10,34,-4.0
2019,133,0,P003469   ,0.0,0.0,OLY,14,"VEZENKOV, SASHA",12:18,5,1,1,1,1,0,0,0,1,1,1,2,0,0,0,3,0,6,-1.0
2019,133,0,PAMM      ,1.0,1.0,OLY,15,"PRINTEZIS, GEORGIOS",26:42,14,6,11,0,0,2,2,0,8,8,1,0,3,0,0,1,2,16,-8.0
2019,133,0,P001255   ,1.0,1.0,OLY,16,"PAPANIKOLAOU, KOSTAS",20:17,2,1,1,0,1,0,0,0,3,3,0,1,3,1,0,0,1,4,-4.0
2019,133,0,P006477   ,0.0,0.0,OLY,21,"RUBIT, AUGUSTINE",DNP,0,0,0,0,0,0,0,0,0,0,0,0,0,0,0,0,0,0,0.0
2019,133,0,P009946   ,0.0,0.0,OLY,33,"REED, WILLIE",10:41,6,2,5,0,0,2,4,1,3,4,0,0,1,0,0,2,2,4,-3.0
2019,133,0,Team,0.0,0.0,OLY,,Team,,0,0,0,0,0,0,0,0,0,0,0,0,0,0,0,0,0,0,
2019,133,0,Total,,,OLY,,Total,195:00,81,18,33,8,21,21,25,6,26,32,17,6,13,1,0,22,23,93,
2019,134,1,P004178   ,0.0,0.0,MUN,8,"KOPONEN, PETTERI",17:45,3,0,0,1,4,0,0,0,1,1,3,0,0,0,0,0,0,4,-4.0
2019,134,1,P009835   ,1.0,0.0,MUN,10,"MONROE, GREG",20:03,2,1,6,0,0,0,0,2,1,3,2,2,0,0,2,3,3,2,-17.0
2019,134,1,P001288   ,1.0,1.0,MUN,11,"LUCIC, VLADIMIR",26:37,11,2,4,1,3,4,5,1,3,4,1,3,1,0,0,2,5,16,-9.0
2019,134,1,P007032   ,1.0,1.0,MUN,12,"LO, MAODO",29:18,0,0,0,0,4,0,0,0,2,2,2,0,4,0,0,4,1,-7,-9.0
2019,134,1,P000007   ,1.0,0.0,MUN,14,"DEDOVIC, NIHAD",12:22,3,0,4,1,3,0,0,1,0,1,2,0,3,0,2,0,0,-5,-8.0
2019,134,1,P005056   ,0.0,1.0,MUN,16,"ZIPSER, PAUL",24:45,19,3,5,4,4,1,3,0,3,3,0,0,4,2,0,1,2,17,4.0
2019,134,1,P002829   ,0.0,0.0,MUN,20,"NELSON, DEMARCUS",10:42,2,1,2,0,1,0,0,0,0,0,2,0,1,0,0,1,0,0,-1.0
2019,134,1,P005670   ,0.0,1.0,MUN,21,"FLACCADORI, DIEGO",09:53,0,0,1,0,1,0,0,1,2,3,5,0,1,0,0,0,0,5,2.0
2019,134,1,P003490   ,0.0,0.0,MUN,22,"BARTHEL, DANILO",21:48,9,1,1,2,5,1,2,1,1,2,1,0,3,0,0,2,5,8,-10.0
2019,134,1,P003842   ,0.0,0.0,MUN,26,"LESSORT, MATHIAS",08:36,3,1,1,0,0,1,2,1,2,3,1,0,0,0,0,2,1,5,2.0
2019,134,1,P009723   ,1.0,0.0,MUN,34,"HUESTIS, JOSHUA",06:50,5,2,2,0,0,1,1,0,0,0,0,0,1,0,0,2,1,3,-5.0
2019,134,1,PLEM      ,0.0,1.0,MUN,43,"RADOSEVIC, LEON",11:21,10,4,7,0,0,2,3,0,1,1,0,0,0,0,0,1,3,9,5.0
2019,134,1,Team,0.0,0.0,MUN,,Team,,0,0,0,0,0,0,0,1,3,4,0,0,1,0,0,0,0,3,
2019,134,1,Total,,,MUN,,Total,200:00,67,15,33,9,25,10,16,8,19,27,19,5,19,2,4,18,21,60,
2019,134,0,P007870   ,0.0,1.0,BAR,0,"DAVIES, BRANDON",20:50,13,6,7,0,0,1,1,2,2,4,0,2,3,3,0,3,3,18,8.0
2019,134,0,PJUG      ,0.0,0.0,BAR,5,"RIBAS, PAU",DNP,0,0,0,0,0,0,0,0,0,0,0,0,0,0,0,0,0,0,0.0
2019,134,0,P005099   ,1.0,1.0,BAR,8,"HANGA, ADAM",24:37,10,3,3,0,3,4,4,2,3,5,10,2,1,0,0,3,3,23,15.0
2019,134,0,P007109   ,1.0,0.0,BAR,10,"SMITS, ROLANDS",13:25,3,0,0,1,1,0,0,0,0,0,0,0,0,0,0,3,0,0,10.0
2019,134,0,P005917   ,0.0,0.0,BAR,18,"ORIOLA, PIERRE",11:26,0,0,0,0,0,0,0,0,1,1,1,1,0,0,0,1,0,2,-3.0
2019,134,0,P003478   ,0.0,0.0,BAR,21,"ABRINES, ALEX",20:40,4,1,4,0,1,2,2,1,1,2,0,1,0,0,0,5,1,-1,0.0
2019,134,0,P006450   ,1.0,1.0,BAR,22,"HIGGINS, CORY",26:08,16,5,8,2,4,0,0,0,2,2,0,3,4,0,1,2,3,12,10.0
2019,134,0,P004331   ,0.0,1.0,BAR,23,"DELANEY, MALCOLM",21:18,7,1,2,0,3,5,5,0,1,1,5,1,3,0,1,2,2,6,-5.0
2019,134,0,P005789   ,0.0,0.0,BAR,24,"KURIC, KYLE",13:52,2,1,2,0,3,0,0,0,0,0,0,1,0,0,0,0,0,-1,0.0
2019,134,0,P008985   ,0.0,0.0,BAR,31,"BOLMARO, LEANDRO",DNP,0,0,0,0,0,0,0,0,0,0,0,0,0,0,0,0,0,0,0.0
2019,134,0,P000796   ,1.0,1.0,BAR,33,"MIROTIC, NIKOLA",28:34,14,6,9,0,4,2,2,2,7,9,1,0,1,0,0,1,3,18,13.0
2019,134,0,P002507   ,1.0,0.0,BAR,44,"TOMIC, ANTE",19:10,8,3,3,0,0,2,2,0,6,6,0,0,1,1,0,1,3,16,2.0
2019,134,0,Team,0.0,0.0,BAR,,Team,,0,0,0,0,0,0,0,1,2,3,0,0,3,0,0,0,0,0,
2019,134,0,Total,,,BAR,,Total,200:00,77,26,38,3,19,16,16,8,25,33,17,11,16,4,2,21,18,93,
2019,135,1,P000229   ,1.0,0.0,ASV,1,"JACKSON, EDWIN",18:46,6,2,4,0,3,2,2,0,2,2,1,1,0,0,0,3,1,3,7.0
2019,135,1,P005247   ,0.0,1.0,ASV,2,"TAYLOR, JORDAN",25:07,9,3,7,1,2,0,0,0,3,3,9,0,2,0,1,4,0,9,10.0
2019,135,1,PKIR      ,0.0,0.0,ASV,5,"KAHUDI, CHARLES",22:37,12,3,5,1,2,3,3,1,4,5,1,1,0,0,1,2,4,17,13.0
2019,135,1,P007027   ,0.0,1.0,ASV,6,"MALEDON, THEO",11:26,5,1,1,1,1,0,0,0,2,2,2,0,3,0,0,1,2,7,1.0
2019,135,1,P005553   ,0.0,0.0,ASV,9,"LOMAZS, RIHARDS",07:54,5,1,2,1,1,0,1,0,1,1,1,0,0,0,0,3,2,4,-2.0
2019,135,1,P008851   ,0.0,0.0,ASV,11,"GALLIOU, CHARLES",DNP,0,0,0,0,0,0,0,0,0,0,0,0,0,0,0,0,0,0,0.0
2019,135,1,P006068   ,0.0,1.0,ASV,12,"NOUA, AMINE",17:31,7,2,2,1,3,0,0,1,0,1,0,1,0,0,0,3,0,4,21.0
2019,135,1,P002536   ,1.0,1.0,ASV,17,"JEAN-CHARLES, LIVIO",21:20,10,5,7,0,1,0,0,3,3,6,0,0,1,0,0,1,0,11,-3.0
2019,135,1,PTFK      ,1.0,0.0,ASV,19,"DIOT, ANTOINE",15:20,9,1,1,2,2,1,2,0,0,0,5,0,3,1,0,1,2,12,4.0
2019,135,1,P004655   ,0.0,0.0,ASV,21,"BAKO, ISMAEL",17:34,4,1,4,0,0,2,2,0,1,1,1,1,0,2,0,2,2,6,6.0
2019,135,1,P003526   ,1.0,1.0,ASV,23,"LIGHTY, DAVID",25:26,14,4,5,1,2,3,4,1,2,3,2,0,1,0,0,2,3,16,-2.0
2019,135,1,P008348   ,1.0,0.0,ASV,33,"PAYNE, ADREIAN",16:59,12,6,6,0,1,0,0,0,3,3,1,0,0,2,0,3,2,16,5.0
2019,135,1,Team,0.0,0.0,ASV,,Team,,0,0,0,0,0,0,0,1,1,2,0,0,0,0,0,0,0,2,
2019,135,1,Total,,,ASV,,Total,200:00,93,29,44,8,18,11,14,7,22,29,23,4,10,5,2,25,18,107,
2019,135,0,P009600   ,0.0,1.0,BER,1,"MASON, MAKAI",13:05,2,1,4,0,0,0,0,0,0,0,1,0,1,0,0,2,0,-3,3.0
2019,135,0,P003501   ,0.0,0.0,BER,2,"RADOSAVLJEVIC, BOGDAN",DNP,0,0,0,0,0,0,0,0,0,0,0,0,0,0,0,0,0,0,0.0
2019,135,0,P001557   ,0.0,1.0,BER,5,"GIFFEY, NIELS",19:31,6,3,7,0,3,0,0,0,1,1,0,0,0,0,0,3,1,-2,-1.0
2019,135,0,P003151   ,1.0,1.0,BER,8,"ERIKSSON, MARCUS",27:58,9,2,4,1,3,2,2,1,2,3,0,0,0,0,0,1,3,10,-11.0
2019,135,0,P007025   ,0.0,0.0,BER,9,"MATTISSECK, JONAS",14:28,2,0,3,0,1,2,2,0,1,1,1,0,0,0,2,2,1,-3,-21.0
2019,135,0,P006251   ,0.0,0.0,BER,10,"SCHNEIDER, TIM",04:46,0,0,0,0,3,0,0,0,0,0,0,0,0,0,0,2,0,-5,-14.0
2019,135,0,P008780   ,1.0,0.0,BER,15,"HERMANNSSON, MARTIN",28:18,17,6,8,0,2,5,6,1,1,2,5,0,2,0,2,2,4,17,-2.0
2019,135,0,P006819   ,1.0,0.0,BER,16,"NIKIC, KRESIMIR",12:22,5,2,4,0,0,1,4,2,1,3,0,1,0,0,1,0,2,5,-12.0
2019,135,0,P003242   ,0.0,0.0,BER,25,"OGBE, KENNETH",06:54,0,0,0,0,0,0,0,0,1,1,0,1,1,0,0,0,0,1,9.0
2019,135,0,P006436   ,1.0,1.0,BER,31,"GIEDRAITIS, ROKAS",26:15,12,2,3,1,3,5,6,0,3,3,5,2,1,0,0,4,5,18,-4.0
2019,135,0,P009051   ,0.0,1.0,BER,35,"NNOKO, LANDRY",21:54,13,6,9,0,0,1,1,2,4,6,1,0,1,1,0,3,3,17,-4.0
2019,135,0,P006589   ,1.0,0.0,BER,43,"SIKMA, LUKE",24:29,15,4,5,1,4,4,4,4,0,4,4,0,1,1,0,0,5,24,-3.0
2019,135,0,Team,0.0,0.0,BER,,Team,,0,0,0,0,0,0,0,4,4,8,0,0,1,0,0,0,0,7,
2019,135,0,Total,,,BER,,Total,200:00,81,26,47,3,19,20,25,14,18,32,17,4,8,2,5,19,24,86,
2019,136,1,P009035   ,0.0,0.0,CSK,3,"BOLOMBOY, JOEL",09:06,4,2,3,0,0,0,0,0,2,2,0,0,0,0,0,0,0,5,-13.0
2019,136,1,P005985   ,1.0,1.0,CSK,5,"JAMES, MIKE",35:38,17,3,8,1,6,8,9,1,5,6,11,1,3,0,0,1,8,28,14.0
2019,136,1,P004941   ,0.0,0.0,CSK,11,"ANTONOV, SEMEN",02:03,0,0,1,0,0,0,0,0,1,1,0,0,0,0,0,1,0,-1,-6.0
2019,136,1,P000046   ,0.0,1.0,CSK,13,"STRELNIEKS, JANIS",11:15,2,0,0,0,0,2,2,0,0,0,0,0,0,0,0,1,1,2,-15.0
2019,136,1,P007201   ,1.0,1.0,CSK,17,"VOIGTMANN, JOHANNES",32:27,14,2,3,3,8,1,3,3,5,8,0,1,1,1,0,3,2,14,18.0
2019,136,1,PLHI      ,0.0,0.0,CSK,20,"VORONTSEVICH, ANDREY",05:58,0,0,0,0,2,0,0,0,0,0,0,0,0,0,0,1,0,-3,-10.0
2019,136,1,P001844   ,1.0,1.0,CSK,23,"HACKETT, DANIEL",33:27,28,4,9,6,9,2,2,0,1,1,4,4,2,0,2,3,5,27,11.0
2019,136,1,P009766   ,0.0,0.0,CSK,31,"KOUFOS, KOSTA",04:57,0,0,1,0,0,0,0,3,2,5,0,0,0,0,0,2,1,3,-5.0
2019,136,1,P008989   ,0.0,0.0,CSK,32,"HILLIARD, DARRUN",16:52,8,3,5,0,0,2,3,0,4,4,0,0,1,0,1,1,1,7,-1.0
2019,136,1,PJLX      ,1.0,0.0,CSK,41,"KURBANOV, NIKITA",19:36,2,0,0,0,3,2,2,2,3,5,0,0,2,1,0,2,2,3,11.0
2019,136,1,P002812   ,1.0,1.0,CSK,42,"HINES, KYLE",27:32,3,1,5,0,0,1,1,2,4,6,2,1,1,1,2,3,1,4,16.0
2019,136,1,P009767   ,0.0,0.0,CSK,84,"BAKER, RON",01:09,0,0,0,0,0,0,0,0,0,0,0,0,1,0,0,0,0,-1,-5.0
2019,136,1,Team,0.0,0.0,CSK,,Team,,0,0,0,0,0,0,0,2,1,3,0,0,0,0,0,0,0,3,
2019,136,1,Total,,,CSK,,Total,200:00,78,15,35,10,28,18,22,13,28,41,17,7,11,3,5,18,21,91,
2019,136,0,P005884   ,0.0,0.0,MIL,0,"DELLA VALLE, AMEDEO",04:50,3,0,1,1,1,0,0,0,0,0,0,0,0,0,0,1,0,1,3.0
2019,136,0,P000529   ,1.0,1.0,MIL,5,"MICOV, VLADIMIR",27:05,5,2,5,0,2,1,3,0,3,3,3,2,0,0,1,2,3,6,0.0
2019,136,0,P009903   ,0.0,0.0,MIL,6,"BILIGHA, PAUL",DNP,0,0,0,0,0,0,0,0,0,0,0,0,0,0,0,0,0,0,0.0
2019,136,0,P003120   ,0.0,1.0,MIL,7,"GUDAITIS, ARTURAS",20:55,13,3,6,1,1,4,5,1,2,3,2,0,0,1,1,2,5,17,12.0
2019,136,0,P000726   ,0.0,0.0,MIL,9,"MORASCHINI, RICCARDO",14:40,6,2,3,0,0,2,3,0,1,1,0,1,0,0,0,1,1,6,-1.0
2019,136,0,P004974   ,0.0,1.0,MIL,10,"ROLL, MICHAEL",23:47,10,5,5,0,3,0,0,0,5,5,2,0,0,0,0,1,1,14,-10.0
2019,136,0,PCVM      ,1.0,0.0,MIL,13,"RODRIGUEZ, SERGIO",27:30,13,2,6,3,5,0,0,0,2,2,2,1,2,0,0,4,1,7,-2.0
2019,136,0,P008004   ,1.0,1.0,MIL,15,"TARCZEWSKI, KALEB",24:07,11,5,9,0,0,1,1,4,6,10,3,1,2,3,0,2,3,23,-9.0
2019,136,0,P000848   ,0.0,1.0,MIL,16,"NEDOVIC, NEMANJA",16:39,7,2,4,1,4,0,0,0,0,0,0,0,2,0,1,0,2,1,4.0
2019,136,0,P006505   ,0.0,0.0,MIL,30,"WHITE, AARON",15:42,0,0,0,0,2,0,0,1,4,5,2,1,0,0,0,1,0,5,0.0
2019,136,0,P004117   ,1.0,0.0,MIL,32,"BROOKS, JEFF",11:39,0,0,0,0,0,0,0,0,0,0,1,0,2,1,0,3,0,-3,-11.0
2019,136,0,PAJG      ,1.0,0.0,MIL,40,"SCOLA, LUIS",13:06,7,2,4,0,3,3,4,0,1,1,1,1,2,0,0,4,2,0,-1.0
2019,136,0,Team,0.0,0.0,MIL,,Team,,0,0,0,0,0,0,0,3,1,4,0,0,1,0,0,0,0,3,
2019,136,0,Total,,,MIL,,Total,200:00,75,23,43,6,21,11,16,9,25,34,16,7,11,5,3,21,18,80,
2019,137,1,P007200   ,1.0,1.0,IST,0,"LARKIN, SHANE",30:02,15,3,4,2,4,3,3,2,3,5,4,1,3,0,1,2,5,21,3.0
2019,137,1,P006590   ,0.0,1.0,IST,1,"BEAUBOIS, RODRIGUE",26:49,22,4,6,4,7,2,2,0,2,2,2,4,3,0,0,0,1,23,16.0
2019,137,1,P006614   ,1.0,1.0,IST,2,"SINGLETON, CHRIS",29:02,3,0,0,1,3,0,0,1,5,6,2,2,1,1,0,2,1,10,24.0
2019,137,1,P003521   ,0.0,0.0,IST,4,"BALBAY, DOGUS",01:35,0,0,0,0,0,0,0,0,1,1,0,1,0,0,0,0,0,2,1.0
2019,137,1,P002968   ,0.0,0.0,IST,15,"SANLI, SERTAC",19:46,4,2,3,0,0,0,0,0,3,3,2,0,1,1,0,2,2,8,18.0
2019,137,1,P001833   ,0.0,0.0,IST,18,"MOERMAN, ADRIEN",05:01,2,1,1,0,1,0,0,0,0,0,0,0,1,0,0,1,0,-1,2.0
2019,137,1,P002925   ,0.0,0.0,IST,19,"TUNCER, BUGRAHAN",DNP,0,0,0,0,0,0,0,0,0,0,0,0,0,0,0,0,0,0,0.0
2019,137,1,PLHK      ,1.0,0.0,IST,21,"PLEISS, TIBOR",14:52,11,4,6,1,1,0,0,2,2,4,0,0,1,1,0,1,3,15,-8.0
2019,137,1,P002580   ,1.0,0.0,IST,22,"MICIC, VASILIJE",29:15,23,3,8,5,7,2,2,0,2,2,5,0,2,0,0,3,3,21,16.0
2019,137,1,P005938   ,1.0,0.0,IST,23,"ANDERSON, JAMES",03:15,0,0,0,0,0,0,0,0,2,2,0,1,1,0,0,0,0,2,-2.0
2019,137,1,P008829   ,0.0,1.0,IST,25,"PETERS, ALEC",11:19,0,0,1,0,1,0,0,0,1,1,0,0,0,1,0,2,0,-2,4.0
2019,137,1,PCPR      ,0.0,1.0,IST,44,"SIMON, KRUNOSLAV",29:04,19,4,9,3,4,2,2,1,4,5,3,1,1,0,0,0,1,22,26.0
2019,137,1,Team,0.0,0.0,IST,,Team,,0,0,0,0,0,0,0,2,2,4,0,0,0,0,0,0,0,4,
2019,137,1,Total,,,IST,,Total,200:00,99,21,38,16,28,9,9,8,27,35,18,10,14,4,1,13,16,125,
2019,137,0,P009846   ,1.0,0.0,TEL,0,"BRYANT, ELIJAH",19:28,7,2,4,1,1,0,0,0,2,2,5,1,1,0,0,2,1,11,-4.0
2019,137,0,P006661   ,1.0,0.0,TEL,1,"WILBEKIN, SCOTTIE",16:38,12,0,0,3,6,3,3,0,0,0,1,1,2,0,0,0,2,11,-16.0
2019,137,0,P009847   ,1.0,0.0,TEL,2,"ACY, QUINCY",20:00,4,1,2,0,4,2,2,1,2,3,0,1,1,0,0,0,2,4,-19.0
2019,137,0,P005771   ,0.0,1.0,TEL,4,"CALOIARO, ANGELO",22:27,10,1,2,2,3,2,2,2,4,6,1,0,1,0,0,1,1,14,-5.0
2019,137,0,P005160   ,1.0,0.0,TEL,5,"HUNTER, OTHELLO",20:57,9,4,7,0,0,1,1,3,3,6,1,0,1,0,0,1,1,12,-20.0
2019,137,0,P009848   ,0.0,1.0,TEL,6,"COHEN, SANDY",12:28,3,1,4,0,0,1,2,0,0,0,1,0,0,0,1,1,1,-1,-1.0
2019,137,0,P007675   ,0.0,1.0,TEL,8,"AVDIJA, DENI",24:24,6,2,4,0,4,2,4,2,4,6,6,1,0,0,0,3,2,10,-21.0
2019,137,0,P009849   ,0.0,0.0,TEL,11,"DORSEY, TYLER",20:04,8,1,6,2,6,0,0,1,1,2,2,2,1,0,1,4,1,0,0.0
2019,137,0,P005145   ,0.0,1.0,TEL,15,"COHEN, JAKE",19:03,15,6,8,1,2,0,0,4,0,4,2,1,2,0,1,3,1,14,0.0
2019,137,0,P006625   ,1.0,1.0,TEL,50,"ZOOSMAN, YOVEL",24:31,5,1,5,1,4,0,0,2,4,6,2,0,4,1,1,1,1,2,-14.0
2019,137,0,Team,0.0,0.0,TEL,,Team,,0,0,0,0,0,0,0,1,1,2,0,0,0,0,0,0,0,2,
2019,137,0,Total,,,TEL,,Total,200:00,79,19,42,10,30,11,14,16,21,37,21,7,13,1,4,16,13,79,
2019,138,1,P009600   ,0.0,1.0,BER,1,"MASON, MAKAI",15:07,5,0,2,0,1,5,6,0,2,2,2,4,3,0,0,1,3,8,13.0
2019,138,1,P003501   ,0.0,0.0,BER,2,"RADOSAVLJEVIC, BOGDAN",00:04,0,0,0,0,0,0,0,0,0,0,0,0,0,0,0,0,0,0,0.0
2019,138,1,P001557   ,0.0,1.0,BER,5,"GIFFEY, NIELS",15:26,9,3,6,0,1,3,3,2,1,3,0,0,0,0,0,2,3,9,10.0
2019,138,1,P003151   ,0.0,0.0,BER,8,"ERIKSSON, MARCUS",21:25,11,2,2,2,4,1,1,1,0,1,2,0,1,0,0,0,2,13,5.0
2019,138,1,P007025   ,1.0,1.0,BER,9,"MATTISSECK, JONAS",22:36,0,0,1,0,0,0,0,0,0,0,0,0,0,0,0,2,2,-1,12.0
2019,138,1,P006251   ,0.0,1.0,BER,10,"SCHNEIDER, TIM",08:24,0,0,0,0,1,0,0,0,0,0,1,0,1,1,0,4,0,-4,4.0
2019,138,1,P008780   ,1.0,0.0,BER,15,"HERMANNSSON, MARTIN",26:11,18,6,10,2,4,0,0,0,1,1,3,0,4,0,1,2,1,10,17.0
2019,138,1,P006819   ,0.0,0.0,BER,16,"NIKIC, KRESIMIR",08:58,0,0,1,0,0,0,0,1,1,2,0,0,3,0,0,4,0,-6,5.0
2019,138,1,P003242   ,0.0,0.0,BER,25,"OGBE, KENNETH",00:12,0,0,0,0,0,0,0,0,0,0,0,0,0,0,0,0,0,0,0.0
2019,138,1,P006436   ,1.0,1.0,BER,31,"GIEDRAITIS, ROKAS",30:46,17,2,3,3,6,4,6,3,2,5,3,2,1,1,0,1,3,23,25.0
2019,138,1,P009051   ,1.0,0.0,BER,35,"NNOKO, LANDRY",25:52,11,3,5,0,0,5,6,3,8,11,1,2,2,0,0,2,5,23,19.0
2019,138,1,P006589   ,1.0,0.0,BER,43,"SIKMA, LUKE",24:59,10,1,4,2,4,2,2,0,4,4,5,1,0,1,0,0,4,20,10.0
2019,138,1,Team,0.0,0.0,BER,,Team,,0,0,0,0,0,0,0,2,4,6,0,0,0,0,0,0,0,6,
2019,138,1,Total,,,BER,,Total,200:00,81,17,34,9,21,20,24,12,23,35,17,9,15,3,1,18,23,101,
2019,138,0,P007947   ,0.0,1.0,BAS,3,"VILDOZA, LUCA",18:28,6,3,3,0,2,0,0,0,0,0,1,2,4,0,1,3,3,2,-7.0
2019,138,0,P008032   ,0.0,0.0,BAS,5,"GONZALEZ, MIGUEL",DNP,0,0,0,0,0,0,0,0,0,0,0,0,0,0,0,0,0,0,0.0
2019,138,0,P006754   ,1.0,0.0,BAS,7,"HENRY, PIERRIA",12:51,2,1,2,0,0,0,0,0,0,0,0,0,2,0,0,1,0,-2,-10.0
2019,138,0,P004165   ,0.0,1.0,BAS,11,"JANNING, MATT",24:19,5,1,3,1,6,0,0,0,2,2,0,1,1,0,1,2,2,-1,-13.0
2019,138,0,P003540   ,0.0,0.0,BAS,12,"DIOP, ILIMANE",17:44,3,1,1,0,0,1,2,2,2,4,1,1,3,0,0,5,2,2,-9.0
2019,138,0,P005458   ,0.0,0.0,BAS,17,"GARCIA, SERGI",08:45,0,0,0,0,2,0,0,0,0,0,1,1,0,0,0,0,2,2,-7.0
2019,138,0,P006568   ,0.0,0.0,BAS,19,"FALL, YOUSSOUPHA",10:04,8,4,7,0,0,0,0,4,2,6,0,1,1,0,0,3,0,8,-5.0
2019,138,0,P009836   ,1.0,1.0,BAS,22,"STAUSKAS, NIK",29:45,9,1,6,1,3,4,4,2,4,6,4,0,3,0,1,3,5,10,-26.0
2019,138,0,P001133   ,1.0,1.0,BAS,23,"SHENGELIA, TORNIKE",24:14,1,0,6,0,0,1,2,0,3,3,1,0,2,1,0,1,2,-2,-19.0
2019,138,0,P007831   ,1.0,1.0,BAS,31,"SHIELDS, SHAVON",31:24,11,4,6,1,3,0,0,1,1,2,2,2,2,0,0,4,0,7,-12.0
2019,138,0,P002084   ,0.0,0.0,BAS,33,"POLONARA, ACHILLE",09:08,2,1,2,0,3,0,0,2,0,2,0,1,0,0,0,1,0,0,-1.0
2019,138,0,P007360   ,1.0,0.0,BAS,50,"ERIC, MICHAEL",13:18,10,4,7,0,0,2,2,2,1,3,0,1,1,0,0,1,2,11,-11.0
2019,138,0,Team,0.0,0.0,BAS,,Team,,0,0,0,0,0,0,0,2,3,5,0,0,0,0,0,0,0,5,
2019,138,0,Total,,,BAS,,Total,200:00,57,20,43,3,19,8,10,15,18,33,10,10,19,1,3,24,18,42,
2019,139,1,P005094   ,1.0,1.0,PAN,0,"THOMAS, DESHAUN",24:16,4,1,3,0,4,2,2,1,3,4,0,0,1,0,1,3,1,-2,-9.0
2019,139,1,P003367   ,0.0,0.0,PAN,5,"RICE, TYRESE",11:53,3,0,1,1,3,0,0,1,0,1,2,0,3,0,0,0,1,1,-8.0
2019,139,1,P005844   ,1.0,0.0,PAN,6,"PAPAGIANNIS, GEORGIOS",21:45,10,5,6,0,0,0,0,1,3,4,0,0,2,1,0,4,0,8,1.0
2019,139,1,P005161   ,1.0,1.0,PAN,10,"PAPAPETROU, IOANNIS",30:04,11,3,4,1,4,2,2,0,0,0,2,0,0,1,0,4,1,7,-5.0
2019,139,1,PTFX      ,0.0,0.0,PAN,15,"VOUGIOUKAS, IAN",06:22,0,0,0,0,0,0,0,0,1,1,0,0,0,0,0,1,0,0,-8.0
2019,139,1,P009816   ,0.0,0.0,PAN,24,"JOHNSON, WESLEY",10:20,3,0,0,1,1,0,0,0,2,2,0,0,1,1,0,2,0,3,-7.0
2019,139,1,P009817   ,0.0,0.0,PAN,25,"BROWN, RION",DNP,0,0,0,0,0,0,0,0,0,0,0,0,0,0,0,0,0,0,0.0
2019,139,1,P009842   ,1.0,1.0,PAN,32,"FREDETTE, JIMMER",35:16,18,1,3,4,9,4,4,2,7,9,1,1,3,0,1,0,4,22,-4.0
2019,139,1,P001932   ,1.0,1.0,PAN,33,"CALATHES, NICK",32:27,19,6,12,1,8,4,5,0,5,5,7,0,2,0,0,3,4,16,-12.0
2019,139,1,P009472   ,0.0,0.0,PAN,35,"WILEY, JACOB",02:43,0,0,1,0,0,0,0,0,0,0,0,0,0,0,0,1,0,-2,-4.0
2019,139,1,P007866   ,0.0,1.0,PAN,44,"MITOGLOU, KONSTANTINOS",24:54,7,2,4,1,2,0,0,4,2,6,0,2,1,0,0,2,1,10,-4.0
2019,139,1,P009818   ,0.0,0.0,PAN,50,"BENTIL, BENJAMIN",DNP,0,0,0,0,0,0,0,0,0,0,0,0,0,0,0,0,0,0,0.0
2019,139,1,Team,0.0,0.0,PAN,,Team,,0,0,0,0,0,0,0,2,2,4,0,0,0,0,0,0,0,4,
2019,139,1,Total,,,PAN,,Total,200:00,75,18,34,9,31,12,13,11,25,36,12,3,13,3,2,20,12,67,
2019,139,0,P001392   ,0.0,1.0,MAD,1,"CAUSEUR, FABIEN",19:16,12,3,7,2,4,0,0,2,0,2,3,0,0,1,0,2,1,11,9.0
2019,139,0,P005757   ,1.0,1.0,MAD,3,"RANDOLPH, ANTHONY",29:28,22,2,3,5,11,3,4,1,4,5,1,1,1,0,0,1,5,24,6.0
2019,139,0,PBMT      ,0.0,1.0,MAD,5,"FERNANDEZ, RUDY",22:03,3,0,2,1,4,0,0,2,1,3,3,2,0,0,0,1,2,7,12.0
2019,139,0,P005928   ,1.0,1.0,MAD,7,"CAMPAZZO, FACUNDO",25:09,6,2,3,0,6,2,2,2,3,5,8,1,2,0,0,3,3,11,-3.0
2019,139,0,P006435   ,0.0,0.0,MAD,8,"LAPROVITTOLA, NICOLAS",14:51,7,0,0,2,5,1,2,0,1,1,2,1,2,0,0,2,2,5,15.0
2019,139,0,P009005   ,1.0,0.0,MAD,14,"DECK, GABRIEL",19:04,2,1,2,0,2,0,0,0,3,3,1,0,1,0,0,1,1,2,0.0
2019,139,0,P007630   ,0.0,1.0,MAD,16,"GARUBA, USMAN",00:28,0,0,0,0,0,0,0,0,0,0,0,0,0,0,0,0,0,0,0.0
2019,139,0,P005791   ,1.0,0.0,MAD,22,"TAVARES, WALTER",31:39,14,5,7,0,0,4,5,8,6,14,3,1,2,1,0,1,5,32,4.0
2019,139,0,P008847   ,0.0,0.0,MAD,25,"MICKEY, JORDAN",07:53,3,1,2,0,1,1,2,1,2,3,0,0,0,0,1,0,1,3,8.0
2019,139,0,P005836   ,0.0,0.0,MAD,33,"THOMPKINS, TREY",10:32,8,1,3,2,3,0,0,0,2,2,0,0,0,0,0,0,0,7,6.0
2019,139,0,P006546   ,1.0,0.0,MAD,44,"TAYLOR, JEFFERY",19:37,10,2,5,2,4,0,0,1,2,3,3,0,1,0,2,1,0,7,3.0
2019,139,0,P005196   ,0.0,0.0,MAD,50,"MEJRI, SALAH",DNP,0,0,0,0,0,0,0,0,0,0,0,0,0,0,0,0,0,0,0.0
2019,139,0,Team,0.0,0.0,MAD,,Team,,0,0,0,0,0,0,0,1,3,4,0,0,0,0,0,0,0,4,
2019,139,0,Total,,,MAD,,Total,200:00,87,17,34,14,40,11,15,18,27,45,24,6,9,2,3,12,20,113,
2019,140,1,P005247   ,1.0,1.0,ASV,2,"TAYLOR, JORDAN",28:50,17,4,5,2,5,3,4,0,3,3,8,0,1,0,0,2,4,24,-3.0
2019,140,1,P009733   ,1.0,1.0,ASV,3,"JEKIRI, TONYE",26:22,9,3,5,0,0,3,4,3,4,7,3,0,1,1,0,3,3,16,-6.0
2019,140,1,PKIR      ,1.0,0.0,ASV,5,"KAHUDI, CHARLES",12:59,10,2,3,2,3,0,1,0,0,0,0,1,0,0,0,5,1,4,-1.0
2019,140,1,P007027   ,1.0,1.0,ASV,6,"MALEDON, THEO",20:36,4,2,2,0,1,0,1,0,0,0,2,1,1,0,0,3,1,2,-1.0
2019,140,1,P005553   ,0.0,0.0,ASV,9,"LOMAZS, RIHARDS",12:18,7,0,0,1,2,4,4,1,1,2,0,0,0,0,0,2,4,10,9.0
2019,140,1,P008851   ,0.0,0.0,ASV,11,"GALLIOU, CHARLES",DNP,0,0,0,0,0,0,0,0,0,0,0,0,0,0,0,0,0,0,0.0
2019,140,1,P006068   ,0.0,0.0,ASV,12,"NOUA, AMINE",08:56,5,1,1,1,3,0,0,0,2,2,0,1,0,0,0,0,0,6,12.0
2019,140,1,P002536   ,1.0,1.0,ASV,17,"JEAN-CHARLES, LIVIO",18:49,9,3,6,1,2,0,0,0,1,1,1,1,2,0,0,1,0,5,-6.0
2019,140,1,PTFK      ,0.0,0.0,ASV,19,"DIOT, ANTOINE",14:23,0,0,1,0,1,0,0,0,1,1,4,1,1,0,0,1,1,3,-1.0
2019,140,1,P004655   ,0.0,0.0,ASV,21,"BAKO, ISMAEL",06:54,0,0,0,0,0,0,0,0,1,1,1,0,1,1,0,0,0,2,3.0
2019,140,1,P003526   ,0.0,1.0,ASV,23,"LIGHTY, DAVID",28:03,20,8,9,0,4,4,4,2,3,5,1,3,1,0,0,2,6,27,4.0
2019,140,1,P008348   ,0.0,0.0,ASV,33,"PAYNE, ADREIAN",21:50,11,1,1,2,5,3,4,1,2,3,0,2,1,0,0,2,2,11,10.0
2019,140,1,Team,0.0,0.0,ASV,,Team,,0,0,0,0,0,0,0,2,1,3,0,0,1,0,0,0,0,2,
2019,140,1,Total,,,ASV,,Total,200:00,92,24,33,9,26,17,22,9,19,28,20,10,10,2,0,21,22,112,
2019,140,0,PKVZ      ,1.0,0.0,KHI,1,"SHVED, ALEXEY",25:06,15,4,7,1,4,4,4,0,2,2,3,2,4,0,1,3,3,11,-9.0
2019,140,0,P004810   ,0.0,1.0,KHI,3,"KRAMER, CHRIS",22:09,5,1,4,1,2,0,2,2,0,2,3,0,1,0,1,3,2,1,0.0
2019,140,0,P007056   ,1.0,0.0,KHI,5,"BOOKER, DEVIN",18:29,8,4,4,0,0,0,2,1,3,4,1,1,1,0,0,3,5,13,-15.0
2019,140,0,P005718   ,1.0,1.0,KHI,6,"TIMMA, JANIS",27:33,20,1,1,6,11,0,0,1,2,3,1,0,2,0,0,3,0,14,8.0
2019,140,0,P004302   ,0.0,0.0,KHI,7,"KARASEV, SERGEY",11:46,4,1,1,0,1,2,2,0,0,0,0,0,0,0,0,2,1,2,-10.0
2019,140,0,P001792   ,0.0,0.0,KHI,8,"ZAYTSEV, VYACHESLAV",DNP,0,0,0,0,0,0,0,0,0,0,0,0,0,0,0,0,0,0,0.0
2019,140,0,PBGV      ,0.0,0.0,KHI,9,"VIALTSEV, EGOR",DNP,0,0,0,0,0,0,0,0,0,0,0,0,0,0,0,0,0,0,0.0
2019,140,0,P009748   ,1.0,0.0,KHI,11,"JEREBKO, JONAS",19:22,8,4,6,0,1,0,0,0,3,3,1,0,0,0,0,0,0,9,-12.0
2019,140,0,PBFX      ,0.0,0.0,KHI,12,"MONIA, SERGEY",04:42,0,0,0,0,0,0,0,0,2,2,1,0,0,0,0,1,1,3,-2.0
2019,140,0,P008001   ,0.0,1.0,KHI,13,"GILL, ANTHONY",18:55,9,2,2,1,1,2,2,0,5,5,2,0,1,0,0,4,2,13,13.0
2019,140,0,P004863   ,1.0,1.0,KHI,24,"JOVIC, STEFAN",28:44,4,2,5,0,0,0,0,1,1,2,7,3,3,0,0,1,2,11,1.0
2019,140,0,P007432   ,0.0,1.0,KHI,40,"EVANS, JEREMY",23:14,15,5,9,0,1,5,6,2,2,4,0,0,1,0,0,2,5,15,6.0
2019,140,0,Team,0.0,0.0,KHI,,Team,,0,0,0,0,0,0,0,2,0,2,0,0,0,0,0,0,0,2,
2019,140,0,Total,,,KHI,,Total,200:00,88,24,39,9,21,13,18,9,20,29,19,6,13,0,2,22,21,94,
2019,141,1,P005154   ,1.0,0.0,DYR,4,"IVERSON, COLTON",22:43,6,2,5,0,0,2,2,3,3,6,3,0,0,1,2,1,4,14,-7.0
2019,141,1,P003425   ,1.0,0.0,DYR,6,"ALBICY, ANDREW",20:47,3,0,2,1,5,0,0,0,1,1,3,0,2,0,0,0,1,0,-5.0
2019,141,1,PJAN      ,0.0,0.0,DYR,7,"PONKRASHOV, ANTON",15:21,8,1,2,2,4,0,2,0,0,0,0,1,0,0,0,0,1,5,1.0
2019,141,1,P009917   ,0.0,1.0,DYR,9,"HOLLINS, AUSTIN",22:10,14,1,1,3,8,3,3,0,1,1,1,1,0,0,0,4,3,11,3.0
2019,141,1,P005856   ,1.0,1.0,DYR,10,"THOMAS, WILL",30:45,11,2,4,1,5,4,5,1,2,3,0,2,1,0,0,1,6,13,-12.0
2019,141,1,P005945   ,0.0,1.0,DYR,12,"RENFROE, ALEX",14:48,0,0,3,0,0,0,0,0,1,1,4,2,0,0,0,0,1,5,0.0
2019,141,1,PLKY      ,0.0,0.0,DYR,13,"KHVOSTOV, DMITRY",05:10,0,0,0,0,0,0,0,0,0,0,0,0,1,0,0,4,0,-5,-3.0
2019,141,1,P003370   ,0.0,0.0,DYR,14,"PUSHKOV, ANTON",07:10,0,0,0,0,1,0,0,0,0,0,0,1,0,1,0,1,1,1,5.0
2019,141,1,P007851   ,0.0,0.0,DYR,16,"TRUSHKIN, VLADISLAV",DNP,0,0,0,0,0,0,0,0,0,0,0,0,0,0,0,0,0,0,0.0
2019,141,1,P001389   ,1.0,1.0,DYR,18,"VORONOV, EVGENY",17:31,6,0,3,2,5,0,0,0,0,0,0,0,1,0,1,3,1,-4,-12.0
2019,141,1,P004172   ,1.0,1.0,DYR,25,"PONITKA, MATEUSZ",24:48,4,1,3,0,2,2,2,2,3,5,1,0,2,1,0,2,3,6,-8.0
2019,141,1,P005927   ,0.0,0.0,DYR,34,"AYON, GUSTAVO",18:47,6,2,5,0,0,2,2,3,3,6,1,1,3,3,0,1,2,12,3.0
2019,141,1,Team,0.0,0.0,DYR,,Team,,0,0,0,0,0,0,0,2,3,5,0,0,1,0,0,0,0,4,
2019,141,1,Total,,,DYR,,Total,200:00,58,9,28,9,30,13,16,11,17,28,13,8,11,6,3,17,23,62,
2019,141,0,P003479   ,1.0,0.0,RED,0,"KUZMIC, OGNJEN",08:49,0,0,0,0,0,0,0,0,2,2,0,0,2,0,0,2,1,-1,1.0
2019,141,0,PJDZ      ,0.0,0.0,RED,3,"COVIC, FILIP",12:39,3,0,1,1,2,0,0,0,2,2,1,1,2,0,0,0,0,3,-8.0
2019,141,0,P009622   ,1.0,1.0,RED,4,"BROWN, LORENZO",27:43,18,9,16,0,0,0,0,4,5,9,6,0,2,0,2,3,2,21,15.0
2019,141,0,P007960   ,0.0,0.0,RED,7,"DAVIDOVAC, DEJAN",14:41,0,0,1,0,2,0,0,1,2,3,0,0,3,0,0,2,1,-4,-7.0
2019,141,0,PLUO      ,1.0,1.0,RED,10,"LAZIC, BRANKO",25:27,5,1,3,1,2,0,0,1,3,4,0,1,1,0,0,2,2,6,13.0
2019,141,0,P005775   ,1.0,1.0,RED,12,"BARON, BILLY",27:22,26,4,4,5,6,3,4,0,3,3,1,1,1,0,0,0,6,34,16.0
2019,141,0,P004007   ,0.0,0.0,RED,13,"DOBRIC, OGNJEN",DNP,0,0,0,0,0,0,0,0,0,0,0,0,0,0,0,0,0,0,0.0
2019,141,0,P002980   ,0.0,1.0,RED,15,"GIST, JAMES",20:37,7,3,5,0,1,1,1,2,3,5,2,1,3,1,1,3,2,8,15.0
2019,141,0,P004397   ,0.0,0.0,RED,21,"JAGODIC KURIDZA, MARKO",15:19,0,0,3,0,1,0,0,1,2,3,0,0,0,1,1,1,1,-1,-1.0
2019,141,0,P005014   ,0.0,0.0,RED,22,"JENKINS, CHARLES",12:51,0,0,2,0,0,0,0,0,1,1,1,0,1,0,0,4,1,-4,-8.0
2019,141,0,P005618   ,1.0,0.0,RED,28,"SIMANIC, BORISA",12:15,0,0,1,0,0,0,0,1,0,1,2,0,0,1,0,4,0,-1,4.0
2019,141,0,PLBJ      ,0.0,1.0,RED,91,"STIMAC, VLADIMIR",22:17,6,3,8,0,0,0,0,3,5,8,1,0,2,0,2,2,1,5,-5.0
2019,141,0,Team,0.0,0.0,RED,,Team,,0,0,0,0,0,0,0,1,2,3,0,0,1,0,0,0,0,2,
2019,141,0,Total,,,RED,,Total,200:00,65,20,44,7,14,4,5,14,30,44,14,4,18,3,6,23,17,68,
2019,142,1,P008177   ,0.0,0.0,ULK,8,"SANCAKLI, EKREM",DNP,0,0,0,0,0,0,0,0,0,0,0,0,0,0,0,0,0,0,0.0
2019,142,1,P002543   ,0.0,0.0,ULK,9,"WESTERMANN, LEO",01:44,0,0,0,0,0,0,0,0,0,0,0,0,0,0,0,3,1,-2,-6.0
2019,142,1,P002969   ,0.0,1.0,ULK,10,"MAHMUTOGLU, MELIH",05:44,0,0,2,0,0,0,0,0,0,0,0,0,0,0,0,1,0,-3,-3.0
2019,142,1,P004866   ,1.0,0.0,ULK,12,"KALINIC, NIKOLA",29:48,2,1,3,0,1,0,0,1,4,5,1,1,1,0,0,5,4,4,3.0
2019,142,1,P006961   ,0.0,0.0,ULK,13,"BIBEROVIC, TARIK",DNP,0,0,0,0,0,0,0,0,0,0,0,0,0,0,0,0,0,0,0.0
2019,142,1,P001926   ,1.0,0.0,ULK,16,"SLOUKAS, KOSTAS",36:34,10,3,7,0,4,4,4,2,1,3,9,2,5,0,0,5,6,12,1.0
2019,142,1,P002100   ,1.0,1.0,ULK,19,"DE COLO, NANDO",40:15,31,6,7,1,7,16,16,2,5,7,3,1,4,0,0,2,8,37,-2.0
2019,142,1,P009006   ,1.0,1.0,ULK,21,"WILLIAMS, DERRICK",39:18,20,8,12,1,4,1,1,2,4,6,0,3,0,0,1,2,3,22,-3.0
2019,142,1,P000981   ,0.0,0.0,ULK,32,"CANDAN, BERKAY",DNP,0,0,0,0,0,0,0,0,0,0,0,0,0,0,0,0,0,0,0.0
2019,142,1,P001324   ,0.0,1.0,ULK,35,"MUHAMMED, ALI",22:18,14,1,1,4,7,0,0,0,1,1,0,0,2,0,0,2,1,9,-3.0
2019,142,1,P006399   ,0.0,0.0,ULK,44,"DUVERIOGLU, AHMET",08:19,1,0,1,0,0,1,2,1,0,1,0,1,0,0,0,3,1,-1,-1.0
2019,142,1,PCCD      ,1.0,1.0,ULK,70,"DATOME, LUIGI",41:00,20,1,4,6,8,0,0,2,3,5,3,1,0,2,0,3,0,23,4.0
2019,142,1,Team,0.0,0.0,ULK,,Team,,0,0,0,0,0,0,0,0,3,3,0,0,0,0,0,0,0,3,
2019,142,1,Total,,,ULK,,Total,225:00,98,20,37,12,31,22,23,10,21,31,16,9,12,2,1,26,24,104,
2019,142,0,P006533   ,0.0,0.0,PAM,1,"COLOM, QUINO",16:34,3,0,2,1,5,0,0,0,0,0,2,1,1,0,1,0,3,1,-3.0
2019,142,0,P004761   ,0.0,0.0,PAM,2,"MARINKOVIC, VANJA",03:01,0,0,0,0,2,0,0,0,0,0,0,0,0,0,0,0,0,-2,2.0
2019,142,0,P009754   ,1.0,0.0,PAM,3,"LOYD, JORDAN",27:13,14,3,7,2,5,2,6,2,1,3,4,1,5,0,0,3,5,8,5.0
2019,142,0,P006726   ,0.0,1.0,PAM,5,"NDOUR, MAURICE",07:00,4,2,2,0,0,0,0,0,0,0,0,0,2,0,0,4,0,-2,-4.0
2019,142,0,P003733   ,0.0,1.0,PAM,6,"ABALDE, ALBERTO",24:39,8,1,5,0,2,6,8,5,5,10,5,1,0,0,0,1,4,19,0.0
2019,142,0,P004884   ,1.0,0.0,PAM,7,"LABEYRIE, LOUIS",11:29,2,1,2,0,0,0,0,0,2,2,1,0,1,0,0,2,1,2,2.0
2019,142,0,PLRQ      ,1.0,1.0,PAM,9,"VAN ROSSOM, SAM",27:25,5,0,2,1,4,2,2,2,2,4,5,2,1,0,0,4,1,7,7.0
2019,142,0,P008966   ,0.0,0.0,PAM,10,"TOBEY, MIKE",15:05,12,3,5,0,1,6,8,3,4,7,0,0,0,0,0,3,4,15,-2.0
2019,142,0,P006599   ,0.0,0.0,PAM,12,"MOTUM, BROCK",22:24,14,3,5,2,4,2,2,1,3,4,0,1,1,0,1,1,2,14,3.0
2019,142,0,P002742   ,1.0,0.0,PAM,14,"DUBLJEVIC, BOJAN",27:57,30,9,11,2,3,6,7,6,6,12,2,0,1,0,0,2,5,42,4.0
2019,142,0,P002936   ,0.0,1.0,PAM,30,"SASTRE, JOAN",16:46,0,0,0,0,0,0,0,0,1,1,3,1,1,1,0,0,0,5,-1.0
2019,142,0,P002763   ,1.0,1.0,PAM,42,"DOORNEKAMP, AARON",25:27,8,2,3,1,4,1,1,2,2,4,0,2,1,0,0,4,1,6,-3.0
2019,142,0,Team,0.0,0.0,PAM,,Team,,0,0,0,0,0,0,0,2,1,3,0,0,0,0,0,0,0,3,
2019,142,0,Total,,,PAM,,Total,225:00,100,24,44,9,30,25,34,23,27,50,22,9,14,1,2,24,26,118,
2019,143,1,PBOG      ,0.0,0.0,MUN,7,"KING, ALEX",DNP,0,0,0,0,0,0,0,0,0,0,0,0,0,0,0,0,0,0,0.0
2019,143,1,P004178   ,1.0,0.0,MUN,8,"KOPONEN, PETTERI",14:33,9,0,0,3,3,0,0,0,0,0,1,0,1,0,0,2,1,8,1.0
2019,143,1,P009835   ,0.0,0.0,MUN,10,"MONROE, GREG",19:07,2,1,4,0,0,0,0,4,3,7,2,0,5,1,0,2,0,2,-20.0
2019,143,1,P001288   ,1.0,0.0,MUN,11,"LUCIC, VLADIMIR",27:09,5,1,5,0,2,3,3,1,4,5,0,0,1,1,1,2,6,7,-3.0
2019,143,1,P007032   ,1.0,1.0,MUN,12,"LO, MAODO",27:49,8,1,2,1,3,3,4,0,2,2,7,0,3,0,2,4,4,8,-5.0
2019,143,1,P000007   ,0.0,1.0,MUN,14,"DEDOVIC, NIHAD",14:57,9,0,1,3,5,0,0,0,0,0,0,0,1,0,0,1,0,4,-20.0
2019,143,1,P005056   ,0.0,1.0,MUN,16,"ZIPSER, PAUL",22:44,13,3,5,1,3,4,4,0,2,2,0,0,1,0,0,3,4,11,-22.0
2019,143,1,P002829   ,0.0,0.0,MUN,20,"NELSON, DEMARCUS",12:11,5,1,1,1,1,0,0,0,0,0,1,1,2,0,0,1,0,4,-20.0
2019,143,1,P005670   ,0.0,1.0,MUN,21,"FLACCADORI, DIEGO",11:55,0,0,1,0,0,0,0,0,0,0,1,0,2,1,0,2,0,-3,-10.0
2019,143,1,P003490   ,1.0,1.0,MUN,22,"BARTHEL, DANILO",24:12,20,2,3,4,7,4,4,4,1,5,1,0,1,0,1,1,4,23,-14.0
2019,143,1,P003842   ,1.0,0.0,MUN,26,"LESSORT, MATHIAS",13:28,2,1,2,0,0,0,0,0,2,2,3,0,1,0,0,1,0,4,7.0
2019,143,1,P009723   ,0.0,0.0,MUN,34,"HUESTIS, JOSHUA",11:55,0,0,1,0,2,0,0,1,1,2,0,0,0,0,0,1,0,-2,-19.0
2019,143,1,Team,0.0,0.0,MUN,,Team,,0,0,0,0,0,0,0,1,2,3,0,0,2,0,0,0,0,1,
2019,143,1,Total,,,MUN,,Total,200:00,73,10,25,13,26,14,15,11,17,28,16,1,20,3,4,20,19,67,
2019,143,0,P008855   ,1.0,1.0,ZAL,0,"WALKUP, THOMAS",21:56,13,4,5,1,2,2,2,0,1,1,11,3,1,0,0,3,4,26,17.0
2019,143,0,P002429   ,1.0,0.0,ZAL,1,"RIVERS, KC",25:42,18,1,4,4,6,4,5,1,0,1,3,1,0,0,1,1,2,17,13.0
2019,143,0,P003210   ,0.0,0.0,ZAL,4,"LEKAVICIUS, LUKAS",18:58,8,4,5,0,0,0,0,0,0,0,3,1,1,0,0,1,1,10,8.0
2019,143,0,P008962   ,0.0,1.0,ZAL,10,"HAYES, NIGEL",23:34,12,2,2,2,6,2,2,0,4,4,2,0,0,2,0,3,2,15,14.0
2019,143,0,P007524   ,0.0,1.0,ZAL,12,"VENSKUS, ERIKAS",01:25,0,0,0,0,0,0,0,0,1,1,0,0,0,0,0,0,0,1,4.0
2019,143,0,PBWI      ,1.0,0.0,ZAL,13,"JANKUNAS, PAULIUS",17:23,2,1,3,0,1,0,0,3,2,5,3,1,0,0,1,2,4,9,11.0
2019,143,0,P006158   ,0.0,1.0,ZAL,16,"LUKOSIUNAS, KAROLIS",01:25,0,0,0,0,0,0,0,1,0,1,1,0,0,0,0,0,0,2,4.0
2019,143,0,PKPD      ,0.0,0.0,ZAL,21,"MILAKNIS, ARTURAS",25:45,19,2,2,5,8,0,0,0,1,1,1,1,0,0,0,1,2,20,17.0
2019,143,0,P009753   ,1.0,1.0,ZAL,23,"GEBEN, MARTINAS",14:05,4,2,4,0,0,0,0,1,1,2,1,1,1,1,1,3,0,2,-2.0
2019,143,0,P008987   ,0.0,0.0,ZAL,32,"LEDAY, ZACH",25:49,19,6,9,0,0,7,7,1,4,5,3,1,3,1,0,3,4,24,27.0
2019,143,0,P002329   ,1.0,0.0,ZAL,92,"ULANOVAS, EDGARAS",23:58,3,0,3,1,5,0,0,3,0,3,1,0,1,0,0,2,1,-2,12.0
2019,143,0,Team,0.0,0.0,ZAL,,Team,,0,0,0,0,0,0,0,2,1,3,0,0,0,0,0,0,0,3,
2019,143,0,Total,,,ZAL,,Total,200:00,98,22,37,13,28,15,16,12,15,27,29,9,7,4,3,19,20,127,
2019,144,1,P007870   ,0.0,0.0,BAR,0,"DAVIES, BRANDON",14:45,6,2,5,0,0,2,2,0,3,3,0,0,1,0,1,3,5,6,-8.0
2019,144,1,PJUG      ,0.0,0.0,BAR,5,"RIBAS, PAU",05:52,0,0,0,0,1,0,0,1,1,2,0,0,0,0,0,0,0,1,-5.0
2019,144,1,P005099   ,1.0,1.0,BAR,8,"HANGA, ADAM",19:47,14,3,5,1,2,5,5,0,4,4,3,3,1,0,0,2,3,21,9.0
2019,144,1,P007109   ,1.0,0.0,BAR,10,"SMITS, ROLANDS",05:53,0,0,1,0,0,0,0,1,0,1,0,0,1,0,0,1,0,-2,5.0
2019,144,1,P005917   ,0.0,1.0,BAR,18,"ORIOLA, PIERRE",13:43,0,0,0,0,0,0,0,0,3,3,0,0,0,0,0,1,0,2,-16.0
2019,144,1,P003478   ,0.0,0.0,BAR,21,"ABRINES, ALEX",18:43,5,1,3,1,5,0,0,1,0,1,1,0,0,0,1,1,0,-1,-2.0
2019,144,1,P006450   ,1.0,1.0,BAR,22,"HIGGINS, CORY",29:59,9,3,8,1,4,0,0,0,0,0,4,0,1,0,1,2,5,6,8.0
2019,144,1,P004331   ,0.0,0.0,BAR,23,"DELANEY, MALCOLM",20:13,11,0,2,3,6,2,2,0,1,1,4,1,3,0,0,2,1,8,1.0
2019,144,1,P005789   ,0.0,1.0,BAR,24,"KURIC, KYLE",19:33,18,3,4,3,5,3,3,0,1,1,1,0,0,0,0,1,2,18,14.0
2019,144,1,P000556   ,0.0,0.0,BAR,30,"CLAVER, VICTOR",DNP,0,0,0,0,0,0,0,0,0,0,0,0,0,0,0,0,0,0,0.0
2019,144,1,P000796   ,1.0,1.0,BAR,33,"MIROTIC, NIKOLA",27:03,21,6,9,2,5,3,3,4,11,15,2,1,2,1,1,3,5,33,24.0
2019,144,1,P002507   ,1.0,0.0,BAR,44,"TOMIC, ANTE",24:29,6,3,5,0,0,0,0,2,2,4,1,1,4,1,0,2,0,5,20.0
2019,144,1,Team,0.0,0.0,BAR,,Team,,0,0,0,0,0,0,0,2,1,3,0,0,0,0,0,0,0,3,
2019,144,1,Total,,,BAR,,Total,200:00,90,21,42,11,28,15,15,11,27,38,16,6,13,2,4,18,21,100,
2019,144,0,P002972   ,0.0,1.0,OLY,1,"ROCHESTIE, TAYLOR",21:33,4,2,4,0,1,0,0,0,1,1,7,2,2,0,0,4,2,7,14.0
2019,144,0,P009863   ,0.0,0.0,OLY,2,"BALDWIN IV, WADE",15:54,6,1,1,1,1,1,2,0,1,1,1,0,3,0,0,0,7,11,-2.0
2019,144,0,P004945   ,1.0,0.0,OLY,3,"PAUL, BRANDON",14:17,0,0,4,0,3,0,0,2,2,4,0,1,1,0,0,0,1,-2,-19.0
2019,144,0,P005255   ,1.0,0.0,OLY,6,"KONIARIS, ANTONIOS",10:39,3,0,1,1,2,0,0,0,1,1,1,0,2,0,0,0,0,1,-6.0
2019,144,0,PJUO      ,1.0,0.0,OLY,7,"SPANOULIS, VASSILIS",12:23,2,1,3,0,1,0,0,0,1,1,1,0,3,0,1,0,0,-3,-22.0
2019,144,0,P006058   ,0.0,1.0,OLY,10,"CHERRY, WILL",19:31,6,3,5,0,1,0,0,1,1,2,2,1,3,0,0,2,0,3,-4.0
2019,144,0,P003469   ,0.0,1.0,OLY,14,"VEZENKOV, SASHA",24:28,14,5,9,0,3,4,4,1,3,4,3,0,0,2,0,4,2,14,11.0
2019,144,0,PAMM      ,1.0,0.0,OLY,15,"PRINTEZIS, GEORGIOS",15:36,6,3,4,0,0,0,2,0,2,2,0,0,0,0,1,2,2,4,-20.0
2019,144,0,P001255   ,0.0,1.0,OLY,16,"PAPANIKOLAOU, KOSTAS",25:43,14,1,2,4,7,0,0,0,5,5,0,1,1,0,0,3,0,12,9.0
2019,144,0,P006477   ,0.0,1.0,OLY,21,"RUBIT, AUGUSTINE",18:56,10,3,3,0,1,4,4,3,2,5,2,1,0,2,0,4,2,17,14.0
2019,144,0,P009946   ,1.0,0.0,OLY,33,"REED, WILLIE",21:00,15,7,9,0,1,1,2,1,3,4,1,0,1,0,0,3,2,14,-25.0
2019,144,0,Team,0.0,0.0,OLY,,Team,,0,0,0,0,0,0,0,2,3,5,0,0,0,0,0,0,0,5,
2019,144,0,Total,,,OLY,,Total,200:00,80,26,45,6,21,10,14,10,25,35,18,6,16,4,2,22,18,83,
2019,145,1,P008855   ,1.0,1.0,ZAL,0,"WALKUP, THOMAS",24:16,5,1,5,0,0,3,4,2,5,7,3,1,6,1,1,1,4,8,-6.0
2019,145,1,P002429   ,1.0,1.0,ZAL,1,"RIVERS, KC",20:05,7,1,2,1,2,2,2,0,3,3,2,2,1,0,0,4,2,9,12.0
2019,145,1,P003210   ,0.0,0.0,ZAL,4,"LEKAVICIUS, LUKAS",22:29,23,3,5,4,6,5,5,0,0,0,2,2,2,0,0,3,2,20,10.0
2019,145,1,P008962   ,0.0,1.0,ZAL,10,"HAYES, NIGEL",17:02,2,1,2,0,3,0,2,1,2,3,1,0,0,0,0,0,2,2,-8.0
2019,145,1,P007524   ,0.0,0.0,ZAL,12,"VENSKUS, ERIKAS",DNP,0,0,0,0,0,0,0,0,0,0,0,0,0,0,0,0,0,0,0.0
2019,145,1,PBWI      ,1.0,0.0,ZAL,13,"JANKUNAS, PAULIUS",18:22,0,0,3,0,0,0,0,1,2,3,0,1,0,0,0,0,3,4,-2.0
2019,145,1,P006158   ,0.0,0.0,ZAL,16,"LUKOSIUNAS, KAROLIS",DNP,0,0,0,0,0,0,0,0,0,0,0,0,0,0,0,0,0,0,0.0
2019,145,1,PKPD      ,0.0,0.0,ZAL,21,"MILAKNIS, ARTURAS",26:00,10,2,2,1,6,3,3,1,4,5,0,0,1,0,0,1,6,14,-8.0
2019,145,1,P009753   ,1.0,0.0,ZAL,23,"GEBEN, MARTINAS",09:27,6,3,4,0,0,0,1,2,0,2,1,0,1,0,0,3,1,4,-9.0
2019,145,1,P008987   ,0.0,1.0,ZAL,32,"LEDAY, ZACH",29:26,10,1,9,0,0,8,8,3,2,5,0,0,1,4,3,2,6,11,16.0
2019,145,1,P008820   ,0.0,0.0,ZAL,34,"LANDALE, JOCK",09:19,0,0,1,0,0,0,0,0,2,2,0,0,1,0,0,1,1,0,1.0
2019,145,1,P002329   ,1.0,1.0,ZAL,92,"ULANOVAS, EDGARAS",23:34,10,2,4,1,4,3,5,1,3,4,2,0,1,0,0,4,3,7,19.0
2019,145,1,Team,0.0,0.0,ZAL,,Team,,0,0,0,0,0,0,0,3,2,5,0,0,0,0,0,0,0,5,
2019,145,1,Total,,,ZAL,,Total,200:00,73,14,37,7,21,24,30,14,25,39,11,6,14,5,4,19,30,84,
2019,145,0,P009846   ,0.0,1.0,TEL,0,"BRYANT, ELIJAH",21:30,9,0,1,3,5,0,0,0,1,1,3,0,1,2,0,2,1,10,-7.0
2019,145,0,P009847   ,1.0,1.0,TEL,2,"ACY, QUINCY",28:38,5,1,1,1,3,0,0,3,3,6,1,1,0,1,0,2,1,11,1.0
2019,145,0,P007942   ,0.0,0.0,TEL,3,"REYNOLDS, JALEN",15:35,4,1,5,0,0,2,2,2,5,7,0,0,4,1,0,3,1,2,-15.0
2019,145,0,P005771   ,1.0,1.0,TEL,4,"CALOIARO, ANGELO",32:08,3,1,3,0,4,1,2,2,4,6,5,1,1,0,1,4,3,5,6.0
2019,145,0,P009848   ,0.0,0.0,TEL,6,"COHEN, SANDY",DNP,0,0,0,0,0,0,0,0,0,0,0,0,0,0,0,0,0,0,0.0
2019,145,0,P007675   ,0.0,0.0,TEL,8,"AVDIJA, DENI",12:55,2,1,1,0,2,0,0,1,0,1,1,0,2,0,0,3,0,-3,-1.0
2019,145,0,P003413   ,0.0,1.0,TEL,9,"JACKSON, AARON",14:36,2,0,4,0,0,2,2,2,1,3,0,0,1,0,2,3,1,-4,-27.0
2019,145,0,P009849   ,1.0,0.0,TEL,11,"DORSEY, TYLER",29:27,18,1,3,4,10,4,6,2,3,5,4,1,3,0,1,5,5,14,5.0
2019,145,0,P005145   ,1.0,0.0,TEL,15,"COHEN, JAKE",22:14,20,8,11,0,0,4,6,1,6,7,1,2,2,0,0,5,5,23,16.0
2019,145,0,P006625   ,1.0,1.0,TEL,50,"ZOOSMAN, YOVEL",22:57,5,1,5,1,2,0,0,1,2,3,2,1,4,0,1,3,2,0,-3.0
2019,145,0,Team,0.0,0.0,TEL,,Team,,0,0,0,0,0,0,0,2,1,3,0,0,1,0,0,0,0,2,
2019,145,0,Total,,,TEL,,Total,200:00,68,14,34,9,26,13,18,16,26,42,17,6,19,4,5,30,19,60,
2019,146,1,P003479   ,1.0,0.0,RED,0,"KUZMIC, OGNJEN",13:07,9,4,4,0,0,1,2,3,4,7,0,0,0,0,0,2,1,14,5.0
2019,146,1,P009862   ,0.0,0.0,RED,0,"PUNTER, KEVIN",16:49,15,4,9,1,3,4,4,0,1,1,3,0,0,0,0,1,3,14,19.0
2019,146,1,P009622   ,1.0,0.0,RED,4,"BROWN, LORENZO",28:16,15,3,10,0,1,9,9,0,6,6,7,3,2,0,1,0,6,26,31.0
2019,146,1,P007960   ,0.0,0.0,RED,7,"DAVIDOVAC, DEJAN",19:26,13,3,3,1,1,4,6,2,2,4,2,0,1,1,0,1,5,21,23.0
2019,146,1,PLUO      ,1.0,0.0,RED,10,"LAZIC, BRANKO",16:29,6,3,5,0,2,0,0,1,0,1,0,2,1,0,0,2,0,2,13.0
2019,146,1,P005775   ,1.0,1.0,RED,12,"BARON, BILLY",23:11,10,1,2,2,5,2,2,1,3,4,5,2,2,0,0,0,1,16,11.0
2019,146,1,P004007   ,0.0,1.0,RED,13,"DOBRIC, OGNJEN",04:37,0,0,0,0,0,0,0,0,0,0,1,0,0,0,0,2,0,-1,-4.0
2019,146,1,P004397   ,0.0,1.0,RED,21,"JAGODIC KURIDZA, MARKO",24:31,7,2,2,1,2,0,0,0,1,1,1,0,2,2,0,1,1,8,23.0
2019,146,1,P005014   ,0.0,1.0,RED,22,"JENKINS, CHARLES",11:44,3,0,0,1,1,0,0,0,0,0,1,1,2,0,0,4,0,-1,-1.0
2019,146,1,P005618   ,1.0,0.0,RED,28,"SIMANIC, BORISA",14:57,2,1,1,0,0,0,0,0,2,2,1,0,1,2,0,3,0,3,5.0
2019,146,1,P003264   ,0.0,1.0,RED,32,"JOVANOVIC, NIKOLA",05:31,0,0,0,0,0,0,2,0,2,2,0,0,0,0,0,2,1,-1,7.0
2019,146,1,PLBJ      ,0.0,0.0,RED,91,"STIMAC, VLADIMIR",21:22,13,6,7,0,0,1,2,1,5,6,0,0,0,1,0,2,2,18,18.0
2019,146,1,Team,0.0,0.0,RED,,Team,,0,0,0,0,0,0,0,1,2,3,0,0,0,0,0,0,0,3,
2019,146,1,Total,,,RED,,Total,200:00,93,27,43,6,15,21,27,9,28,37,21,8,11,6,1,20,20,122,
2019,146,0,PBOG      ,0.0,0.0,MUN,7,"KING, ALEX",05:02,0,0,0,0,1,0,0,0,0,0,0,1,0,0,0,1,0,-1,-8.0
2019,146,0,P004178   ,0.0,0.0,MUN,8,"KOPONEN, PETTERI",14:43,6,0,1,2,5,0,2,0,1,1,0,1,0,0,0,4,2,0,-12.0
2019,146,0,P009835   ,1.0,1.0,MUN,10,"MONROE, GREG",24:27,20,8,11,0,0,4,6,3,2,5,3,1,1,1,0,2,6,28,-16.0
2019,146,0,P001288   ,1.0,1.0,MUN,11,"LUCIC, VLADIMIR",26:18,11,4,6,0,1,3,4,1,2,3,2,2,1,0,0,3,2,12,-16.0
2019,146,0,P007032   ,1.0,1.0,MUN,12,"LO, MAODO",21:14,6,1,4,1,5,1,2,0,2,2,3,0,2,0,2,4,3,-2,-9.0
2019,146,0,P000007   ,1.0,0.0,MUN,14,"DEDOVIC, NIHAD",26:23,0,0,3,0,3,0,0,0,0,0,2,1,2,0,1,1,1,-6,-21.0
2019,146,0,P005056   ,0.0,1.0,MUN,16,"ZIPSER, PAUL",22:10,6,2,4,0,3,2,2,4,2,6,2,1,0,0,1,0,2,11,-12.0
2019,146,0,P002829   ,0.0,0.0,MUN,20,"NELSON, DEMARCUS",05:44,0,0,2,0,0,0,0,0,0,0,0,0,1,0,1,0,0,-4,-14.0
2019,146,0,P005670   ,0.0,0.0,MUN,21,"FLACCADORI, DIEGO",13:02,5,0,3,1,2,2,4,0,1,1,0,0,1,0,0,1,2,0,-7.0
2019,146,0,P003842   ,0.0,0.0,MUN,26,"LESSORT, MATHIAS",14:10,2,1,2,0,0,0,0,1,0,1,0,1,0,0,0,2,0,1,-17.0
2019,146,0,P009723   ,1.0,0.0,MUN,34,"HUESTIS, JOSHUA",14:50,2,1,2,0,1,0,0,2,0,2,0,0,1,0,1,2,0,-2,-14.0
2019,146,0,PLEM      ,0.0,1.0,MUN,43,"RADOSEVIC, LEON",11:57,5,2,4,0,0,1,2,2,4,6,1,1,1,0,0,0,2,11,-4.0
2019,146,0,Team,0.0,0.0,MUN,,Team,,0,0,0,0,0,0,0,1,1,2,0,0,0,0,0,0,0,2,
2019,146,0,Total,,,MUN,,Total,200:00,63,19,42,4,21,13,22,14,15,29,13,9,10,1,6,20,20,50,
2019,147,1,P002972   ,0.0,1.0,OLY,1,"ROCHESTIE, TAYLOR",11:04,2,1,2,0,1,0,0,0,0,0,3,0,0,0,0,3,0,0,-22.0
2019,147,1,P009863   ,0.0,0.0,OLY,2,"BALDWIN IV, WADE",06:05,0,0,1,0,0,0,0,0,0,0,2,0,0,0,0,0,0,1,-7.0
2019,147,1,P004945   ,0.0,0.0,OLY,3,"PAUL, BRANDON",20:20,11,2,2,1,4,4,6,0,0,0,1,2,1,0,0,2,4,10,4.0
2019,147,1,P005255   ,0.0,0.0,OLY,6,"KONIARIS, ANTONIOS",DNP,0,0,0,0,0,0,0,0,0,0,0,0,0,0,0,0,0,0,0.0
2019,147,1,PJUO      ,1.0,1.0,OLY,7,"SPANOULIS, VASSILIS",29:22,14,4,7,2,6,0,0,0,0,0,8,1,3,0,0,1,2,14,2.0
2019,147,1,P006058   ,1.0,0.0,OLY,10,"CHERRY, WILL",26:49,10,2,3,2,3,0,0,0,4,4,3,1,0,0,0,5,1,12,11.0
2019,147,1,P003941   ,1.0,0.0,OLY,11,"MILUTINOV, NIKOLA",22:45,11,2,3,0,0,7,8,6,1,7,1,0,2,1,0,1,4,19,9.0
2019,147,1,P003469   ,0.0,1.0,OLY,14,"VEZENKOV, SASHA",01:02,0,0,0,0,1,0,0,0,0,0,0,0,0,0,0,0,0,-1,-4.0
2019,147,1,PAMM      ,1.0,0.0,OLY,15,"PRINTEZIS, GEORGIOS",24:58,14,5,8,1,2,1,1,0,6,6,2,0,0,0,0,2,3,19,-11.0
2019,147,1,P001255   ,1.0,1.0,OLY,16,"PAPANIKOLAOU, KOSTAS",32:14,11,1,1,2,3,3,5,0,4,4,2,1,4,0,0,4,3,10,-2.0
2019,147,1,P006477   ,0.0,1.0,OLY,21,"RUBIT, AUGUSTINE",16:16,4,2,2,0,0,0,0,2,3,5,1,0,1,0,0,1,1,9,-12.0
2019,147,1,P009946   ,0.0,0.0,OLY,33,"REED, WILLIE",09:05,10,3,3,0,0,4,4,0,1,1,0,0,2,0,0,0,2,11,-13.0
2019,147,1,Team,0.0,0.0,OLY,,Team,,0,0,0,0,0,0,0,1,1,2,0,0,0,0,0,0,0,2,
2019,147,1,Total,,,OLY,,Total,200:00,87,22,32,8,20,19,24,9,20,29,23,5,13,1,0,19,20,106,
2019,147,0,P002543   ,0.0,0.0,ULK,9,"WESTERMANN, LEO",14:03,6,0,0,2,3,0,0,1,1,2,3,0,1,0,0,2,0,7,12.0
2019,147,0,P002969   ,0.0,0.0,ULK,10,"MAHMUTOGLU, MELIH",19:19,8,1,5,2,2,0,0,1,2,3,1,1,1,0,0,1,0,7,6.0
2019,147,0,P004866   ,1.0,1.0,ULK,12,"KALINIC, NIKOLA",23:14,6,0,2,1,1,3,3,1,2,3,2,0,1,0,0,3,3,8,-3.0
2019,147,0,P006961   ,0.0,0.0,ULK,13,"BIBEROVIC, TARIK",DNP,0,0,0,0,0,0,0,0,0,0,0,0,0,0,0,0,0,0,0.0
2019,147,0,P001926   ,1.0,1.0,ULK,16,"SLOUKAS, KOSTAS",33:24,14,2,4,2,5,4,4,3,1,4,9,4,3,0,0,1,4,26,3.0
2019,147,0,P005348   ,0.0,0.0,ULK,18,"ARNA, EGEHAN",DNP,0,0,0,0,0,0,0,0,0,0,0,0,0,0,0,0,0,0,0.0
2019,147,0,P002100   ,1.0,1.0,ULK,19,"DE COLO, NANDO",26:21,32,6,9,5,8,5,6,1,1,2,3,2,2,0,1,4,6,31,-5.0
2019,147,0,P009006   ,1.0,1.0,ULK,21,"WILLIAMS, DERRICK",33:14,13,5,8,1,2,0,0,1,4,5,1,0,0,0,0,1,2,16,-2.0
2019,147,0,P004251   ,1.0,0.0,ULK,23,"THOMAS, MALCOLM",20:40,2,0,2,0,1,2,2,2,0,2,1,2,1,0,0,4,1,0,15.0
2019,147,0,P000981   ,0.0,0.0,ULK,32,"CANDAN, BERKAY",DNP,0,0,0,0,0,0,0,0,0,0,0,0,0,0,0,0,0,0,0.0
2019,147,0,P001324   ,0.0,0.0,ULK,35,"MUHAMMED, ALI",DNP,0,0,0,0,0,0,0,0,0,0,0,0,0,0,0,0,0,0,0.0
2019,147,0,PCCD      ,0.0,1.0,ULK,70,"DATOME, LUIGI",29:45,15,3,4,3,7,0,0,1,3,4,0,2,1,0,0,4,2,13,19.0
2019,147,0,Team,0.0,0.0,ULK,,Team,,0,0,0,0,0,0,0,0,2,2,0,0,0,0,0,0,0,2,
2019,147,0,Total,,,ULK,,Total,200:00,96,17,34,16,29,14,15,11,16,27,20,11,10,0,1,20,18,110,
2019,148,1,P008032   ,0.0,0.0,BAS,5,"GONZALEZ, MIGUEL",DNP,0,0,0,0,0,0,0,0,0,0,0,0,0,0,0,0,0,0,0.0
2019,148,1,P006754   ,1.0,1.0,BAS,7,"HENRY, PIERRIA",32:21,20,2,6,5,8,1,2,2,1,3,3,3,2,0,0,2,5,22,3.0
2019,148,1,P009918   ,0.0,0.0,BAS,10,"LOPEZ, LAUTARO",DNP,0,0,0,0,0,0,0,0,0,0,0,0,0,0,0,0,0,0,0.0
2019,148,1,P004165   ,1.0,1.0,BAS,11,"JANNING, MATT",29:16,8,0,1,2,5,2,2,0,2,2,2,0,1,0,1,1,3,8,8.0
2019,148,1,P003540   ,0.0,0.0,BAS,12,"DIOP, ILIMANE",18:35,7,2,2,1,3,0,0,1,1,2,1,2,1,0,0,5,2,6,-4.0
2019,148,1,P005458   ,0.0,0.0,BAS,17,"GARCIA, SERGI",07:43,3,0,0,1,2,0,0,0,0,0,1,0,0,0,0,0,0,3,-1.0
2019,148,1,P006568   ,0.0,0.0,BAS,19,"FALL, YOUSSOUPHA",02:28,0,0,0,0,0,0,0,0,1,1,0,0,0,0,0,2,0,-1,1.0
2019,148,1,P009836   ,0.0,1.0,BAS,22,"STAUSKAS, NIK",20:03,6,0,3,2,5,0,0,0,2,2,2,0,0,0,0,1,0,3,-2.0
2019,148,1,P001133   ,1.0,1.0,BAS,23,"SHENGELIA, TORNIKE",31:09,13,5,7,1,3,0,0,1,4,5,3,1,3,1,0,2,4,18,0.0
2019,148,1,P007831   ,1.0,1.0,BAS,31,"SHIELDS, SHAVON",31:15,14,1,3,4,5,0,0,0,4,4,2,2,2,0,0,2,2,17,-2.0
2019,148,1,P002084   ,0.0,0.0,BAS,33,"POLONARA, ACHILLE",09:54,3,1,1,0,2,1,2,1,1,2,0,0,0,0,0,2,2,2,1.0
2019,148,1,P007360   ,1.0,0.0,BAS,50,"ERIC, MICHAEL",17:16,2,1,5,0,0,0,0,1,3,4,1,3,3,1,1,4,0,-1,6.0
2019,148,1,Team,0.0,0.0,BAS,,Team,,0,0,0,0,0,0,0,0,1,1,0,0,1,0,0,0,0,0,
2019,148,1,Total,,,BAS,,Total,200:00,76,12,28,16,33,4,6,6,20,26,15,11,13,2,2,21,18,77,
2019,148,0,P007870   ,0.0,0.0,BAR,0,"DAVIES, BRANDON",22:56,12,5,7,0,1,2,4,2,4,6,0,0,3,1,0,2,3,12,6.0
2019,148,0,PJUG      ,1.0,0.0,BAR,5,"RIBAS, PAU",06:39,0,0,0,0,0,0,0,0,0,0,0,0,1,0,0,0,3,2,-4.0
2019,148,0,P005099   ,1.0,1.0,BAR,8,"HANGA, ADAM",20:17,4,2,4,0,2,0,0,1,3,4,3,1,3,0,1,3,0,1,-9.0
2019,148,0,P007109   ,0.0,0.0,BAR,10,"SMITS, ROLANDS",DNP,0,0,0,0,0,0,0,0,0,0,0,0,0,0,0,0,0,0,0.0
2019,148,0,P005917   ,0.0,1.0,BAR,18,"ORIOLA, PIERRE",18:43,7,1,1,1,2,2,2,0,0,0,1,0,1,0,0,3,1,4,11.0
2019,148,0,P003478   ,0.0,0.0,BAR,21,"ABRINES, ALEX",15:14,4,2,2,0,1,0,0,0,4,4,1,1,2,0,0,2,1,6,-5.0
2019,148,0,P004331   ,0.0,1.0,BAR,23,"DELANEY, MALCOLM",29:55,13,0,2,4,6,1,1,0,2,2,6,0,1,0,0,3,2,15,0.0
2019,148,0,P005789   ,0.0,0.0,BAR,24,"KURIC, KYLE",23:09,13,1,3,3,3,2,2,0,2,2,0,0,1,0,0,1,2,13,9.0
2019,148,0,P000556   ,1.0,1.0,BAR,30,"CLAVER, VICTOR",24:46,2,1,1,0,0,0,0,1,4,5,3,2,0,0,0,2,2,12,3.0
2019,148,0,P008985   ,0.0,0.0,BAR,31,"BOLMARO, LEANDRO",DNP,0,0,0,0,0,0,0,0,0,0,0,0,0,0,0,0,0,0,0.0
2019,148,0,P000796   ,1.0,1.0,BAR,33,"MIROTIC, NIKOLA",27:35,17,4,7,2,8,3,4,2,3,5,4,2,3,0,0,2,6,19,-9.0
2019,148,0,P002507   ,1.0,0.0,BAR,44,"TOMIC, ANTE",10:46,2,1,3,0,0,0,0,1,1,2,0,0,1,1,1,0,1,2,-12.0
2019,148,0,Team,0.0,0.0,BAR,,Team,,0,0,0,0,0,0,0,0,2,2,0,0,0,0,0,0,0,2,
2019,148,0,Total,,,BAR,,Total,200:00,74,17,30,10,23,10,13,7,25,32,18,6,16,2,2,18,21,88,
2019,149,1,P009035   ,0.0,0.0,CSK,3,"BOLOMBOY, JOEL",11:08,3,0,3,1,1,0,0,2,2,4,0,0,1,1,0,2,2,4,0.0
2019,149,1,P005985   ,1.0,0.0,CSK,5,"JAMES, MIKE",37:05,30,6,12,4,11,6,8,1,4,5,5,1,6,0,3,5,6,18,-2.0
2019,149,1,P004941   ,0.0,0.0,CSK,11,"ANTONOV, SEMEN",02:42,0,0,0,0,1,0,0,0,0,0,0,0,0,0,0,0,0,-1,1.0
2019,149,1,P000046   ,0.0,0.0,CSK,13,"STRELNIEKS, JANIS",12:32,9,2,3,1,2,2,2,0,2,2,2,0,1,0,0,3,4,11,-1.0
2019,149,1,P007201   ,1.0,0.0,CSK,17,"VOIGTMANN, JOHANNES",30:50,5,1,1,1,5,0,2,2,1,3,2,0,0,0,0,2,1,3,3.0
2019,149,1,PLHI      ,0.0,1.0,CSK,20,"VORONTSEVICH, ANDREY",13:02,7,2,5,1,2,0,0,1,2,3,2,0,0,0,0,1,0,7,-8.0
2019,149,1,P001844   ,1.0,1.0,CSK,23,"HACKETT, DANIEL",30:28,24,2,4,5,8,5,8,1,2,3,3,0,1,0,1,2,4,22,4.0
2019,149,1,P009766   ,0.0,0.0,CSK,31,"KOUFOS, KOSTA",03:08,0,0,1,0,0,0,0,0,1,1,0,0,0,0,0,0,0,0,-6.0
2019,149,1,P008989   ,0.0,1.0,CSK,32,"HILLIARD, DARRUN",10:54,2,1,2,0,5,0,0,0,2,2,1,1,2,0,0,4,0,-6,-4.0
2019,149,1,PJLX      ,1.0,1.0,CSK,41,"KURBANOV, NIKITA",36:21,8,1,2,2,5,0,0,1,7,8,3,0,1,0,0,3,0,11,-2.0
2019,149,1,P002812   ,1.0,1.0,CSK,42,"HINES, KYLE",31:55,14,7,9,0,0,0,1,3,4,7,1,0,0,1,0,1,2,21,0.0
2019,149,1,P009767   ,0.0,0.0,CSK,84,"BAKER, RON",04:55,0,0,0,0,0,0,0,0,0,0,0,0,1,0,0,0,0,-1,-5.0
2019,149,1,Team,0.0,0.0,CSK,,Team,,0,0,0,0,0,0,0,4,4,8,0,0,0,0,0,0,0,8,
2019,149,1,Total,,,CSK,,Total,225:00,102,22,42,15,40,13,21,15,31,46,19,2,13,2,4,23,19,97,
2019,149,0,P005094   ,0.0,0.0,PAN,0,"THOMAS, DESHAUN",30:50,12,2,7,2,4,2,3,0,0,0,1,0,0,0,1,1,2,5,-10.0
2019,149,0,P003367   ,0.0,1.0,PAN,5,"RICE, TYRESE",12:20,2,0,1,0,2,2,2,0,0,0,2,1,0,0,0,2,2,2,-2.0
2019,149,0,P005844   ,1.0,0.0,PAN,6,"PAPAGIANNIS, GEORGIOS",19:09,4,2,7,0,0,0,0,1,6,7,1,0,1,1,1,1,0,5,14.0
2019,149,0,P005161   ,1.0,0.0,PAN,10,"PAPAPETROU, IOANNIS",37:12,14,7,9,0,4,0,0,1,5,6,2,2,1,2,0,4,2,17,8.0
2019,149,0,P000464   ,0.0,0.0,PAN,11,"PAPPAS, NIKOS",DNP,0,0,0,0,0,0,0,0,0,0,0,0,0,0,0,0,0,0,0.0
2019,149,0,P009816   ,0.0,1.0,PAN,24,"JOHNSON, WESLEY",09:41,6,0,0,2,3,0,0,0,2,2,0,0,1,1,0,2,0,5,9.0
2019,149,0,P009817   ,0.0,0.0,PAN,25,"BROWN, RION",01:22,0,0,0,0,0,0,0,0,0,0,0,0,0,0,0,1,0,-1,2.0
2019,149,0,P009842   ,1.0,1.0,PAN,32,"FREDETTE, JIMMER",23:45,15,1,6,2,2,7,7,0,3,3,1,1,0,0,0,1,5,19,7.0
2019,149,0,P001932   ,1.0,1.0,PAN,33,"CALATHES, NICK",39:33,22,3,5,3,8,7,12,0,6,6,18,1,1,0,0,2,9,41,3.0
2019,149,0,P009472   ,0.0,0.0,PAN,35,"WILEY, JACOB",10:33,6,3,5,0,0,0,0,0,0,0,1,0,0,0,0,1,0,4,-19.0
2019,149,0,P007866   ,1.0,1.0,PAN,44,"MITOGLOU, KONSTANTINOS",40:35,25,11,15,0,1,3,4,8,8,16,2,2,4,0,0,4,3,34,8.0
2019,149,0,P009818   ,0.0,0.0,PAN,50,"BENTIL, BENJAMIN",DNP,0,0,0,0,0,0,0,0,0,0,0,0,0,0,0,0,0,0,0.0
2019,149,0,Team,0.0,0.0,PAN,,Team,,0,0,0,0,0,0,0,2,3,5,0,0,0,0,0,0,0,5,
2019,149,0,Total,,,PAN,,Total,225:00,106,29,55,9,24,21,28,12,33,45,28,7,8,4,2,19,23,136,
2019,150,1,P007200   ,1.0,0.0,IST,0,"LARKIN, SHANE",31:39,20,2,3,4,7,4,5,1,4,5,4,1,2,0,0,1,7,29,28.0
2019,150,1,P006590   ,0.0,1.0,IST,1,"BEAUBOIS, RODRIGUE",19:38,9,2,5,1,3,2,2,0,0,0,2,1,0,0,0,3,2,6,0.0
2019,150,1,P006614   ,1.0,0.0,IST,2,"SINGLETON, CHRIS",25:04,13,2,4,2,4,3,3,0,2,2,0,1,0,1,0,1,4,16,16.0
2019,150,1,P003521   ,0.0,0.0,IST,4,"BALBAY, DOGUS",00:03,0,0,0,0,0,0,0,0,0,0,0,0,0,0,0,0,0,0,-2.0
2019,150,1,P002968   ,0.0,1.0,IST,15,"SANLI, SERTAC",05:17,1,0,1,0,0,1,2,0,0,0,0,0,1,1,0,2,1,-2,-6.0
2019,150,1,P001833   ,0.0,0.0,IST,18,"MOERMAN, ADRIEN",16:48,6,3,5,0,1,0,0,2,2,4,0,1,0,0,0,1,1,8,8.0
2019,150,1,P002925   ,0.0,1.0,IST,19,"TUNCER, BUGRAHAN",01:09,4,0,0,1,1,1,2,0,0,0,0,0,0,0,0,0,1,4,1.0
2019,150,1,PLHK      ,1.0,0.0,IST,21,"PLEISS, TIBOR",28:00,20,8,11,0,0,4,4,8,2,10,1,1,3,0,0,5,5,26,19.0
2019,150,1,P002580   ,1.0,0.0,IST,22,"MICIC, VASILIJE",29:25,11,1,3,3,5,0,0,1,3,4,3,1,0,0,0,2,3,16,17.0
2019,150,1,P005938   ,1.0,1.0,IST,23,"ANDERSON, JAMES",18:09,5,1,1,1,5,0,0,1,2,3,2,0,0,1,0,0,0,7,-3.0
2019,150,1,P008829   ,0.0,1.0,IST,25,"PETERS, ALEC",04:48,0,0,0,0,0,0,0,0,0,0,1,0,0,0,0,1,0,0,3.0
2019,150,1,PCPR      ,0.0,0.0,IST,44,"SIMON, KRUNOSLAV",20:00,12,0,1,4,4,0,0,0,1,1,2,1,2,1,0,1,1,14,14.0
2019,150,1,Team,0.0,0.0,IST,,Team,,0,0,0,0,0,0,0,0,2,2,0,0,0,0,0,0,0,2,
2019,150,1,Total,,,IST,,Total,200:00,101,19,34,16,30,15,18,13,18,31,15,7,8,4,0,17,25,126,
2019,150,0,P004810   ,0.0,1.0,KHI,3,"KRAMER, CHRIS",26:16,13,2,5,3,4,0,0,0,1,1,6,0,1,0,0,4,2,13,-16.0
2019,150,0,P007056   ,1.0,1.0,KHI,5,"BOOKER, DEVIN",18:25,10,4,6,0,1,2,2,1,1,2,0,0,3,0,1,3,2,4,-9.0
2019,150,0,P005718   ,1.0,0.0,KHI,6,"TIMMA, JANIS",31:31,2,1,2,0,6,0,0,0,1,1,2,1,3,0,2,2,1,-7,-17.0
2019,150,0,P004302   ,0.0,1.0,KHI,7,"KARASEV, SERGEY",05:09,3,0,0,1,2,0,0,0,0,0,0,0,2,0,0,2,0,-2,-5.0
2019,150,0,P001792   ,0.0,0.0,KHI,8,"ZAYTSEV, VYACHESLAV",DNP,0,0,0,0,0,0,0,0,0,0,0,0,0,0,0,0,0,0,0.0
2019,150,0,PBGV      ,0.0,0.0,KHI,9,"VIALTSEV, EGOR",DNP,0,0,0,0,0,0,0,0,0,0,0,0,0,0,0,0,0,0,0.0
2019,150,0,P009748   ,0.0,0.0,KHI,11,"JEREBKO, JONAS",15:54,12,1,2,1,2,7,8,0,2,2,2,0,1,0,0,3,5,14,-4.0
2019,150,0,PBFX      ,0.0,0.0,KHI,12,"MONIA, SERGEY",09:34,0,0,0,0,2,0,0,0,0,0,0,0,0,0,0,1,0,-3,-2.0
2019,150,0,P008001   ,1.0,1.0,KHI,13,"GILL, ANTHONY",26:41,12,3,7,2,3,0,0,4,4,8,2,0,0,0,1,3,1,14,-10.0
2019,150,0,P004863   ,1.0,0.0,KHI,24,"JOVIC, STEFAN",21:30,10,3,5,1,1,1,1,0,1,1,6,0,1,0,0,4,1,11,-14.0
2019,150,0,P007432   ,0.0,0.0,KHI,40,"EVANS, JEREMY",21:35,15,6,7,1,1,0,0,4,5,9,0,0,1,0,0,1,2,23,-10.0
2019,150,0,P000436   ,1.0,1.0,KHI,45,"BERTANS, DAIRIS",23:25,5,1,1,1,4,0,0,0,1,1,3,0,0,0,0,2,3,7,-8.0
2019,150,0,Team,0.0,0.0,KHI,,Team,,0,0,0,0,0,0,0,2,0,2,0,0,0,0,0,0,0,2,
2019,150,0,Total,,,KHI,,Total,200:00,82,21,35,10,26,10,11,11,16,27,21,1,12,0,4,25,17,76,
2019,151,1,P005247   ,1.0,1.0,ASV,2,"TAYLOR, JORDAN",25:33,8,2,8,1,4,1,2,1,4,5,5,0,1,0,1,2,4,8,3.0
2019,151,1,P009733   ,1.0,1.0,ASV,3,"JEKIRI, TONYE",24:01,6,2,7,0,0,2,2,5,6,11,1,0,1,0,2,2,1,9,2.0
2019,151,1,PKIR      ,1.0,1.0,ASV,5,"KAHUDI, CHARLES",24:33,18,2,3,4,6,2,2,1,1,2,2,1,0,0,0,3,5,22,3.0
2019,151,1,P007027   ,1.0,0.0,ASV,6,"MALEDON, THEO",18:35,7,3,6,0,1,1,2,0,3,3,1,1,2,0,0,2,2,5,-10.0
2019,151,1,P005553   ,0.0,1.0,ASV,9,"LOMAZS, RIHARDS",12:54,10,0,2,3,4,1,2,0,0,0,0,1,0,0,1,2,1,5,0.0
2019,151,1,P008851   ,0.0,0.0,ASV,11,"GALLIOU, CHARLES",DNP,0,0,0,0,0,0,0,0,0,0,0,0,0,0,0,0,0,0,0.0
2019,151,1,P006068   ,0.0,0.0,ASV,12,"NOUA, AMINE",07:44,0,0,0,0,0,0,0,0,2,2,0,0,0,0,0,2,0,0,-3.0
2019,151,1,P002536   ,1.0,0.0,ASV,17,"JEAN-CHARLES, LIVIO",22:36,10,4,6,0,0,2,2,3,4,7,1,1,1,1,0,1,1,17,-4.0
2019,151,1,PTFK      ,0.0,0.0,ASV,19,"DIOT, ANTOINE",14:11,0,0,2,0,1,0,0,0,1,1,4,0,2,0,0,2,0,-2,-13.0
2019,151,1,P004655   ,0.0,0.0,ASV,21,"BAKO, ISMAEL",05:05,2,1,2,0,0,0,0,1,0,1,0,0,0,1,0,2,0,1,-4.0
2019,151,1,P003526   ,0.0,1.0,ASV,23,"LIGHTY, DAVID",27:24,5,2,8,0,4,1,2,1,3,4,0,4,2,0,2,3,1,-4,-12.0
2019,151,1,P008348   ,0.0,0.0,ASV,33,"PAYNE, ADREIAN",17:24,11,0,3,3,7,2,2,1,0,1,1,0,0,0,1,3,1,3,-12.0
2019,151,1,Team,0.0,0.0,ASV,,Team,,0,0,0,0,0,0,0,3,0,3,0,0,1,0,0,0,0,2,
2019,151,1,Total,,,ASV,,Total,200:00,77,16,47,11,27,12,16,16,24,40,15,8,10,2,7,24,16,66,
2019,151,0,P001392   ,1.0,0.0,MAD,1,"CAUSEUR, FABIEN",28:35,11,3,4,1,3,2,2,1,0,1,3,1,2,0,1,3,5,12,1.0
2019,151,0,PBMT      ,0.0,1.0,MAD,5,"FERNANDEZ, RUDY",25:44,18,1,2,5,6,1,2,0,3,3,1,0,1,0,0,1,3,20,20.0
2019,151,0,P005928   ,1.0,1.0,MAD,7,"CAMPAZZO, FACUNDO",26:30,2,0,1,0,2,2,2,0,4,4,9,2,3,0,0,0,5,16,-2.0
2019,151,0,P006435   ,0.0,1.0,MAD,8,"LAPROVITTOLA, NICOLAS",15:38,12,3,5,1,1,3,3,0,2,2,3,2,2,0,0,1,3,17,11.0
2019,151,0,P007630   ,0.0,0.0,MAD,16,"GARUBA, USMAN",DNP,0,0,0,0,0,0,0,0,0,0,0,0,0,0,0,0,0,0,0.0
2019,151,0,P007632   ,0.0,0.0,MAD,17,"NAKIC, MARIO",DNP,0,0,0,0,0,0,0,0,0,0,0,0,0,0,0,0,0,0,0.0
2019,151,0,P005791   ,1.0,1.0,MAD,22,"TAVARES, WALTER",16:24,6,3,5,0,0,0,0,2,2,4,0,0,0,4,0,4,0,8,-2.0
2019,151,0,P008847   ,1.0,0.0,MAD,25,"MICKEY, JORDAN",29:40,18,5,6,0,3,8,11,2,5,7,1,0,1,2,0,2,6,24,-4.0
2019,151,0,P005836   ,1.0,1.0,MAD,33,"THOMPKINS, TREY",35:02,20,5,9,3,9,1,1,1,6,7,1,0,3,0,0,2,1,14,8.0
2019,151,0,P006546   ,0.0,0.0,MAD,44,"TAYLOR, JEFFERY",14:15,0,0,2,0,0,0,0,0,5,5,1,1,1,0,1,2,0,1,3.0
2019,151,0,P005196   ,0.0,0.0,MAD,50,"MEJRI, SALAH",08:12,0,0,0,0,0,0,0,0,3,3,0,0,0,1,0,1,1,4,15.0
2019,151,0,Team,0.0,0.0,MAD,,Team,,0,0,0,0,0,0,0,1,2,3,0,0,0,0,0,0,0,3,
2019,151,0,Total,,,MAD,,Total,200:00,87,20,34,10,24,17,21,7,32,39,19,6,13,7,2,16,24,119,
2019,152,1,P005884   ,0.0,0.0,MIL,0,"DELLA VALLE, AMEDEO",08:04,3,1,1,0,0,1,3,0,2,2,1,0,0,0,0,0,3,7,5.0
2019,152,1,P000529   ,1.0,1.0,MIL,5,"MICOV, VLADIMIR",27:23,13,3,6,1,2,4,5,0,2,2,2,2,2,0,0,3,4,13,11.0
2019,152,1,P009903   ,0.0,0.0,MIL,6,"BILIGHA, PAUL",DNP,0,0,0,0,0,0,0,0,0,0,0,0,0,0,0,0,0,0,0.0
2019,152,1,P003120   ,0.0,0.0,MIL,7,"GUDAITIS, ARTURAS",21:05,10,1,2,0,0,8,8,0,2,2,0,0,1,0,0,3,5,12,3.0
2019,152,1,P000726   ,0.0,1.0,MIL,9,"MORASCHINI, RICCARDO",20:28,5,0,0,1,1,2,2,0,2,2,1,0,0,0,0,2,1,7,-4.0
2019,152,1,P004974   ,1.0,0.0,MIL,10,"ROLL, MICHAEL",11:42,2,1,2,0,3,0,0,0,0,0,1,0,1,0,0,1,1,-2,-1.0
2019,152,1,PCVM      ,1.0,0.0,MIL,13,"RODRIGUEZ, SERGIO",20:24,8,1,3,2,6,0,0,0,0,0,3,0,0,0,0,3,0,2,11.0
2019,152,1,P008004   ,1.0,1.0,MIL,15,"TARCZEWSKI, KALEB",18:55,11,3,3,0,0,5,5,5,4,9,0,1,2,1,0,1,5,24,-2.0
2019,152,1,P010093   ,0.0,0.0,MIL,28,"SYKES, KEIFER",15:21,7,2,5,0,3,3,4,0,1,1,0,0,5,0,1,2,3,-4,-8.0
2019,152,1,P006505   ,0.0,0.0,MIL,30,"WHITE, AARON",09:26,0,0,2,0,1,0,0,2,0,2,0,0,0,0,1,1,0,-3,-10.0
2019,152,1,P004117   ,0.0,1.0,MIL,32,"BROOKS, JEFF",22:03,4,2,4,0,1,0,0,1,2,3,1,1,1,0,0,3,0,2,-8.0
2019,152,1,PAJG      ,1.0,1.0,MIL,40,"SCOLA, LUIS",25:09,10,2,5,2,4,0,0,2,8,10,1,0,1,0,0,1,1,15,8.0
2019,152,1,Team,0.0,0.0,MIL,,Team,,0,0,0,0,0,0,0,0,3,3,0,0,1,0,0,0,0,2,
2019,152,1,Total,,,MIL,,Total,200:00,73,16,33,6,21,23,27,10,26,36,10,4,14,1,2,20,23,75,
2019,152,0,P005154   ,1.0,0.0,DYR,4,"IVERSON, COLTON",08:42,0,0,0,0,1,0,0,1,3,4,1,0,2,0,0,4,1,-1,-5.0
2019,152,0,P003425   ,0.0,1.0,DYR,6,"ALBICY, ANDREW",24:25,12,3,5,2,2,0,0,1,2,3,5,0,5,0,0,0,5,18,5.0
2019,152,0,P009917   ,0.0,1.0,DYR,9,"HOLLINS, AUSTIN",24:57,14,5,6,1,6,1,2,1,1,2,3,3,1,1,0,1,1,15,2.0
2019,152,0,P005856   ,1.0,1.0,DYR,10,"THOMAS, WILL",27:15,11,1,2,2,2,3,6,1,2,3,2,1,0,0,0,2,4,15,-4.0
2019,152,0,P005945   ,0.0,0.0,DYR,12,"RENFROE, ALEX",DNP,0,0,0,0,0,0,0,0,0,0,0,0,0,0,0,0,0,0,0.0
2019,152,0,PLKY      ,1.0,0.0,DYR,13,"KHVOSTOV, DMITRY",15:50,7,1,3,1,4,2,2,0,1,1,3,1,1,0,0,2,2,6,-8.0
2019,152,0,P003370   ,0.0,0.0,DYR,14,"PUSHKOV, ANTON",04:19,0,0,1,0,0,0,0,0,0,0,0,0,0,0,0,0,0,-1,1.0
2019,152,0,P007851   ,0.0,1.0,DYR,16,"TRUSHKIN, VLADISLAV",07:49,5,1,2,1,1,0,0,2,0,2,0,0,0,0,0,3,0,3,10.0
2019,152,0,P003573   ,0.0,0.0,DYR,20,"ZUBKOV, ANDREY",12:45,0,0,1,0,2,0,0,0,1,1,2,0,0,0,0,0,0,0,3.0
2019,152,0,P005199   ,1.0,1.0,DYR,21,"ABROMAITIS, TIM",24:19,6,0,2,2,3,0,0,1,1,2,0,0,0,0,0,4,1,2,-6.0
2019,152,0,P004172   ,1.0,0.0,DYR,25,"PONITKA, MATEUSZ",22:41,2,1,4,0,3,0,0,1,4,5,2,0,2,0,1,3,1,-2,-3.0
2019,152,0,P005927   ,0.0,0.0,DYR,34,"AYON, GUSTAVO",26:58,15,7,12,0,0,1,4,1,6,7,2,1,0,1,0,4,5,19,0.0
2019,152,0,Team,0.0,0.0,DYR,,Team,,0,0,0,0,0,0,0,2,1,3,0,0,1,0,0,0,0,2,
2019,152,0,Total,,,DYR,,Total,200:00,72,19,38,9,24,7,14,11,22,33,20,6,12,2,1,23,20,76,
2019,153,1,P006533   ,1.0,0.0,PAM,1,"COLOM, QUINO",14:48,6,1,2,0,0,4,4,0,0,0,3,0,2,0,0,1,2,7,-4.0
2019,153,1,P004761   ,0.0,0.0,PAM,2,"MARINKOVIC, VANJA",10:13,4,2,2,0,2,0,0,0,1,1,0,0,3,0,0,0,0,0,8.0
2019,153,1,P009754   ,1.0,1.0,PAM,3,"LOYD, JORDAN",26:13,19,3,8,3,4,4,4,0,0,0,3,0,0,0,0,3,4,17,11.0
2019,153,1,P003733   ,0.0,1.0,PAM,6,"ABALDE, ALBERTO",28:02,16,5,5,1,2,3,3,1,4,5,1,0,1,0,0,0,2,22,12.0
2019,153,1,P004884   ,0.0,0.0,PAM,7,"LABEYRIE, LOUIS",19:36,0,0,0,0,1,0,0,1,2,3,2,0,0,0,0,0,1,5,0.0
2019,153,1,PLRQ      ,0.0,1.0,PAM,9,"VAN ROSSOM, SAM",23:33,2,1,2,0,1,0,0,0,1,1,11,3,1,0,0,0,1,15,19.0
2019,153,1,P008966   ,0.0,1.0,PAM,10,"TOBEY, MIKE",14:24,11,5,6,0,1,1,2,2,3,5,0,2,1,1,0,1,3,17,10.0
2019,153,1,P006599   ,1.0,0.0,PAM,12,"MOTUM, BROCK",04:18,2,0,2,0,2,2,2,1,0,1,0,0,0,0,1,1,1,-2,-6.0
2019,153,1,P002742   ,1.0,0.0,PAM,14,"DUBLJEVIC, BOJAN",25:36,10,4,10,0,1,2,2,6,4,10,1,3,1,0,0,2,2,16,4.0
2019,153,1,P002361   ,0.0,0.0,PAM,16,"VIVES, GUILLEM",03:52,0,0,0,0,2,0,0,0,0,0,0,0,2,0,0,1,0,-5,-4.0
2019,153,1,P000518   ,0.0,0.0,PAM,19,"SAN EMETERIO, FERNANDO",09:01,6,1,1,1,1,1,1,0,0,0,0,0,2,0,0,1,2,5,8.0
2019,153,1,P002763   ,1.0,1.0,PAM,42,"DOORNEKAMP, AARON",20:24,15,0,2,5,7,0,0,0,0,0,0,2,0,0,0,3,2,12,12.0
2019,153,1,Team,0.0,0.0,PAM,,Team,,0,0,0,0,0,0,0,4,1,5,0,0,0,0,0,0,0,5,
2019,153,1,Total,,,PAM,,Total,200:00,91,22,40,10,24,17,18,15,16,31,21,10,13,1,1,13,20,114,
2019,153,0,P009600   ,0.0,0.0,BER,1,"MASON, MAKAI",16:18,5,1,3,1,2,0,0,0,0,0,1,0,1,0,0,0,0,2,-9.0
2019,153,0,P001557   ,0.0,1.0,BER,5,"GIFFEY, NIELS",12:23,8,1,1,2,3,0,0,1,1,2,2,1,0,0,0,3,0,9,-8.0
2019,153,0,P003151   ,1.0,1.0,BER,8,"ERIKSSON, MARCUS",27:57,14,1,2,4,9,0,0,0,1,1,0,0,0,0,0,2,3,10,-3.0
2019,153,0,P007025   ,0.0,1.0,BER,9,"MATTISSECK, JONAS",15:58,3,0,0,1,4,0,0,1,0,1,2,0,1,0,0,1,0,1,-9.0
2019,153,0,P006251   ,0.0,0.0,BER,10,"SCHNEIDER, TIM",08:10,3,0,0,1,1,0,0,0,0,0,0,0,1,0,0,1,0,1,-14.0
2019,153,0,P008780   ,1.0,1.0,BER,15,"HERMANNSSON, MARTIN",26:11,13,4,7,1,3,2,2,0,0,0,5,0,6,0,0,0,4,11,-7.0
2019,153,0,P006819   ,0.0,0.0,BER,16,"NIKIC, KRESIMIR",06:02,2,1,1,0,0,0,0,0,1,1,0,0,1,0,0,1,0,1,-2.0
2019,153,0,P003242   ,1.0,0.0,BER,25,"OGBE, KENNETH",04:18,0,0,1,0,0,0,0,0,1,1,1,0,0,0,0,2,0,-1,6.0
2019,153,0,P006436   ,0.0,0.0,BER,31,"GIEDRAITIS, ROKAS",25:57,13,2,2,3,6,0,0,0,3,3,2,0,0,0,0,2,0,13,-15.0
2019,153,0,P009601   ,0.0,0.0,BER,34,"CAVANAUGH, TYLER",05:05,2,1,2,0,1,0,0,1,0,1,1,0,0,0,1,2,0,-1,-6.0
2019,153,0,P009051   ,1.0,1.0,BER,35,"NNOKO, LANDRY",25:59,10,5,5,0,0,0,0,3,5,8,0,0,5,1,0,2,4,16,0.0
2019,153,0,P006589   ,1.0,0.0,BER,43,"SIKMA, LUKE",25:42,4,2,3,0,2,0,0,2,3,5,6,4,4,0,0,4,2,10,-3.0
2019,153,0,Team,0.0,0.0,BER,,Team,,0,0,0,0,0,0,0,1,3,4,0,0,0,0,0,0,0,4,
2019,153,0,Total,,,BER,,Total,200:00,77,18,27,13,31,2,2,9,18,27,20,5,19,1,1,20,13,76,
2019,154,1,P009600   ,0.0,0.0,BER,1,"MASON, MAKAI",12:56,8,0,0,2,4,2,2,1,0,1,0,0,0,0,0,1,2,8,6.0
2019,154,1,P007125   ,0.0,0.0,BER,3,"SIVA, PEYTON",13:18,4,0,1,0,1,4,6,0,1,1,6,1,2,0,0,3,4,7,-8.0
2019,154,1,P001557   ,1.0,1.0,BER,5,"GIFFEY, NIELS",22:21,10,4,9,0,3,2,2,2,3,5,3,3,0,0,1,2,3,13,6.0
2019,154,1,P003151   ,1.0,0.0,BER,8,"ERIKSSON, MARCUS",19:47,12,1,1,3,6,1,2,1,0,1,1,2,0,0,0,0,1,13,-11.0
2019,154,1,P007025   ,0.0,0.0,BER,9,"MATTISSECK, JONAS",02:38,0,0,0,0,1,0,0,0,0,0,0,0,0,0,0,0,0,-1,-4.0
2019,154,1,P008780   ,1.0,1.0,BER,15,"HERMANNSSON, MARTIN",28:26,16,4,7,2,5,2,2,0,2,2,4,0,3,0,0,3,2,12,-7.0
2019,154,1,P003242   ,0.0,0.0,BER,25,"OGBE, KENNETH",DNP,0,0,0,0,0,0,0,0,0,0,0,0,0,0,0,0,0,0,0.0
2019,154,1,P006436   ,0.0,1.0,BER,31,"GIEDRAITIS, ROKAS",20:34,11,2,6,0,2,7,9,1,1,2,0,1,1,0,0,1,6,10,0.0
2019,154,1,P003958   ,0.0,1.0,BER,32,"THIEMANN, JOHANNES",12:57,7,3,4,0,0,1,2,2,1,3,0,0,0,0,1,2,1,6,3.0
2019,154,1,P009601   ,0.0,1.0,BER,34,"CAVANAUGH, TYLER",22:18,7,3,4,0,3,1,1,1,4,5,2,1,1,0,0,4,1,7,-5.0
2019,154,1,P009051   ,1.0,0.0,BER,35,"NNOKO, LANDRY",19:30,4,2,6,0,0,0,0,1,3,4,1,0,0,2,1,1,0,5,-13.0
2019,154,1,P006589   ,1.0,0.0,BER,43,"SIKMA, LUKE",25:15,10,5,6,0,3,0,0,5,7,12,5,0,0,2,0,1,3,27,3.0
2019,154,1,Team,0.0,0.0,BER,,Team,,0,0,0,0,0,0,0,2,0,2,0,0,3,0,0,0,0,-1,
2019,154,1,Total,,,BER,,Total,200:00,89,24,44,7,28,20,26,16,22,38,22,8,10,4,3,18,23,106,
2019,154,0,P009846   ,1.0,0.0,TEL,0,"BRYANT, ELIJAH",29:09,19,2,2,5,6,0,0,1,7,8,4,0,1,0,0,2,2,29,2.0
2019,154,0,P006661   ,1.0,1.0,TEL,1,"WILBEKIN, SCOTTIE",26:32,15,1,5,2,4,7,8,0,1,1,5,2,3,0,0,3,6,16,-1.0
2019,154,0,P009847   ,1.0,1.0,TEL,2,"ACY, QUINCY",20:57,9,2,3,1,3,2,2,1,0,1,2,0,2,0,0,1,1,7,6.0
2019,154,0,P007942   ,0.0,1.0,TEL,3,"REYNOLDS, JALEN",19:51,17,8,10,0,0,1,1,1,6,7,3,0,1,0,1,4,2,21,17.0
2019,154,0,P005771   ,0.0,0.0,TEL,4,"CALOIARO, ANGELO",15:34,4,2,2,0,1,0,0,0,2,2,0,0,0,0,0,3,1,3,10.0
2019,154,0,P005160   ,1.0,1.0,TEL,5,"HUNTER, OTHELLO",20:08,1,0,4,0,0,1,2,1,5,6,2,1,1,0,0,3,2,3,-12.0
2019,154,0,P007675   ,0.0,0.0,TEL,8,"AVDIJA, DENI",12:16,8,1,2,2,2,0,0,1,0,1,1,1,1,2,0,3,0,8,9.0
2019,154,0,P003413   ,0.0,0.0,TEL,9,"JACKSON, AARON",10:20,0,0,0,0,0,0,0,0,0,0,2,0,0,0,0,1,1,2,-9.0
2019,154,0,P009849   ,0.0,1.0,TEL,11,"DORSEY, TYLER",16:09,9,3,6,1,4,0,0,0,0,0,1,0,0,0,2,1,1,2,-1.0
2019,154,0,P006555   ,0.0,0.0,TEL,14,"WOLTERS, NATE",08:31,0,0,1,0,1,0,0,0,1,1,1,0,1,0,0,0,0,-1,11.0
2019,154,0,P005145   ,0.0,0.0,TEL,15,"COHEN, JAKE",14:20,11,1,3,3,6,0,0,0,3,3,1,0,0,1,1,0,1,11,-2.0
2019,154,0,P006625   ,1.0,0.0,TEL,50,"ZOOSMAN, YOVEL",06:13,2,0,0,0,0,2,2,0,0,0,0,0,0,0,0,2,1,1,0.0
2019,154,0,Team,0.0,0.0,TEL,,Team,,0,0,0,0,0,0,0,2,3,5,0,0,1,0,0,0,0,4,
2019,154,0,Total,,,TEL,,Total,200:00,95,20,38,14,27,13,15,7,28,35,22,4,11,3,4,23,18,106,
2019,155,1,P005884   ,0.0,1.0,MIL,0,"DELLA VALLE, AMEDEO",00:21,0,0,0,0,0,0,0,0,0,0,0,0,0,0,0,0,0,0,-3.0
2019,155,1,P000529   ,1.0,0.0,MIL,5,"MICOV, VLADIMIR",26:22,11,1,4,3,5,0,0,0,0,0,1,1,1,0,0,1,1,7,0.0
2019,155,1,P009903   ,0.0,1.0,MIL,6,"BILIGHA, PAUL",15:36,7,2,3,0,1,3,3,1,2,3,0,0,0,1,1,1,3,10,18.0
2019,155,1,P003120   ,0.0,0.0,MIL,7,"GUDAITIS, ARTURAS",12:06,8,3,3,0,0,2,3,1,1,2,1,0,1,1,0,4,3,9,1.0
2019,155,1,P000726   ,0.0,1.0,MIL,9,"MORASCHINI, RICCARDO",27:26,12,2,3,2,4,2,4,1,5,6,3,1,1,0,0,2,4,18,9.0
2019,155,1,P004974   ,0.0,1.0,MIL,10,"ROLL, MICHAEL",17:55,9,1,3,2,3,1,1,0,3,3,3,0,1,0,0,1,0,10,8.0
2019,155,1,PCVM      ,1.0,0.0,MIL,13,"RODRIGUEZ, SERGIO",27:03,22,5,8,4,8,0,0,0,2,2,3,1,3,0,0,2,1,17,3.0
2019,155,1,P008004   ,1.0,0.0,MIL,15,"TARCZEWSKI, KALEB",12:19,2,1,1,0,0,0,0,2,0,2,0,0,0,0,0,3,2,3,-7.0
2019,155,1,P010093   ,0.0,1.0,MIL,28,"SYKES, KEIFER",16:02,17,2,8,3,6,4,5,1,1,2,2,0,2,1,2,1,2,9,14.0
2019,155,1,P006505   ,0.0,0.0,MIL,30,"WHITE, AARON",DNP,0,0,0,0,0,0,0,0,0,0,0,0,0,0,0,0,0,0,0.0
2019,155,1,P004117   ,1.0,0.0,MIL,32,"BROOKS, JEFF",17:54,4,2,3,0,0,0,0,5,2,7,2,1,0,0,0,1,0,12,12.0
2019,155,1,PAJG      ,1.0,0.0,MIL,40,"SCOLA, LUIS",26:56,4,1,5,0,3,2,2,1,5,6,2,1,2,0,1,1,3,5,-10.0
2019,155,1,Team,0.0,0.0,MIL,,Team,,0,0,0,0,0,0,0,2,2,4,0,0,0,0,0,0,0,4,
2019,155,1,Total,,,MIL,,Total,200:00,96,20,41,14,30,14,18,14,23,37,17,5,11,3,4,17,19,104,
2019,155,0,P005094   ,0.0,0.0,PAN,0,"THOMAS, DESHAUN",28:50,15,6,9,1,2,0,0,0,3,3,0,1,0,1,1,2,1,14,-13.0
2019,155,0,P003367   ,0.0,0.0,PAN,5,"RICE, TYRESE",11:48,5,0,1,1,3,2,2,0,0,0,2,0,2,0,0,2,2,2,-13.0
2019,155,0,P005844   ,1.0,0.0,PAN,6,"PAPAGIANNIS, GEORGIOS",11:11,4,2,5,0,0,0,0,3,1,4,0,1,0,0,0,1,3,8,6.0
2019,155,0,P005161   ,1.0,1.0,PAN,10,"PAPAPETROU, IOANNIS",28:35,6,3,4,0,4,0,0,2,7,9,0,0,0,1,0,2,1,10,-1.0
2019,155,0,P000464   ,0.0,0.0,PAN,11,"PAPPAS, NIKOS",DNP,0,0,0,0,0,0,0,0,0,0,0,0,0,0,0,0,0,0,0.0
2019,155,0,PTFX      ,0.0,0.0,PAN,15,"VOUGIOUKAS, IAN",DNP,0,0,0,0,0,0,0,0,0,0,0,0,0,0,0,0,0,0,0.0
2019,155,0,P009816   ,0.0,1.0,PAN,24,"JOHNSON, WESLEY",13:12,2,1,1,0,3,0,0,1,2,3,1,0,1,0,0,1,0,1,-16.0
2019,155,0,P009842   ,1.0,0.0,PAN,32,"FREDETTE, JIMMER",24:43,28,6,9,5,8,1,1,0,3,3,2,2,2,0,1,5,3,24,5.0
2019,155,0,P001932   ,1.0,1.0,PAN,33,"CALATHES, NICK",30:17,4,1,8,0,2,2,4,1,2,3,11,1,1,0,0,4,3,6,6.0
2019,155,0,P009472   ,0.0,0.0,PAN,35,"WILEY, JACOB",17:29,6,2,2,0,0,2,2,2,2,4,1,0,1,1,0,1,1,11,-1.0
2019,155,0,P007866   ,1.0,1.0,PAN,44,"MITOGLOU, KONSTANTINOS",23:13,10,1,5,2,4,2,4,1,2,3,0,1,0,1,1,2,2,6,-20.0
2019,155,0,P009818   ,0.0,1.0,PAN,50,"BENTIL, BENJAMIN",10:42,7,1,1,1,1,2,2,1,0,1,0,0,0,0,0,0,1,9,2.0
2019,155,0,Team,0.0,0.0,PAN,,Team,,0,0,0,0,0,0,0,2,2,4,0,0,2,0,0,0,0,2,
2019,155,0,Total,,,PAN,,Total,200:00,87,23,45,10,27,11,15,13,24,37,17,6,9,4,3,20,17,93,
2019,156,1,P001392   ,1.0,1.0,MAD,1,"CAUSEUR, FABIEN",24:43,8,2,3,1,2,1,2,0,2,2,0,0,1,0,1,1,2,6,-5.0
2019,156,1,PBMT      ,0.0,0.0,MAD,5,"FERNANDEZ, RUDY",25:55,17,1,1,5,8,0,0,0,1,1,2,3,1,0,0,1,0,18,6.0
2019,156,1,P005928   ,1.0,1.0,MAD,7,"CAMPAZZO, FACUNDO",22:47,12,1,2,2,4,4,4,0,2,2,8,0,3,0,0,3,5,18,3.0
2019,156,1,P006435   ,0.0,0.0,MAD,8,"LAPROVITTOLA, NICOLAS",17:13,2,0,1,0,2,2,2,1,3,4,4,0,2,0,1,2,2,4,3.0
2019,156,1,PAAX      ,0.0,0.0,MAD,9,"REYES, FELIPE",DNP,0,0,0,0,0,0,0,0,0,0,0,0,0,0,0,0,0,0,0.0
2019,156,1,P007630   ,0.0,1.0,MAD,16,"GARUBA, USMAN",03:25,0,0,0,0,1,0,0,1,1,2,0,0,0,0,0,0,0,1,-5.0
2019,156,1,P001960   ,0.0,0.0,MAD,20,"CARROLL, JAYCEE",02:08,0,0,0,0,0,0,0,0,0,0,0,0,0,0,0,0,0,0,-1.0
2019,156,1,P005791   ,1.0,0.0,MAD,22,"TAVARES, WALTER",24:00,10,5,6,0,0,0,0,1,3,4,1,0,1,2,0,1,1,15,5.0
2019,156,1,P008847   ,1.0,0.0,MAD,25,"MICKEY, JORDAN",24:10,13,4,5,1,2,2,2,0,3,3,2,0,3,1,1,2,3,14,15.0
2019,156,1,P005836   ,1.0,1.0,MAD,33,"THOMPKINS, TREY",30:58,20,3,6,4,5,2,2,0,5,5,1,0,4,1,0,0,2,21,3.0
2019,156,1,P006546   ,0.0,1.0,MAD,44,"TAYLOR, JEFFERY",20:44,6,2,2,0,2,2,2,0,2,2,1,0,0,0,0,4,2,5,11.0
2019,156,1,P005196   ,0.0,0.0,MAD,50,"MEJRI, SALAH",03:57,0,0,1,0,0,0,0,1,0,1,1,0,0,0,0,1,0,0,-5.0
2019,156,1,Team,0.0,0.0,MAD,,Team,,0,0,0,0,0,0,0,2,3,5,0,0,0,0,0,0,0,5,
2019,156,1,Total,,,MAD,,Total,200:00,88,18,27,13,26,13,14,6,25,31,20,3,15,4,3,15,17,107,
2019,156,0,P008855   ,1.0,1.0,ZAL,0,"WALKUP, THOMAS",30:41,19,5,8,3,5,0,0,1,1,2,6,2,4,1,1,4,2,18,-9.0
2019,156,0,P002429   ,1.0,1.0,ZAL,1,"RIVERS, KC",25:20,12,3,4,2,7,0,0,1,2,3,1,1,0,0,0,4,1,8,1.0
2019,156,0,P003210   ,0.0,0.0,ZAL,4,"LEKAVICIUS, LUKAS",25:02,21,5,8,3,4,2,2,1,1,2,3,1,0,0,1,3,2,21,-7.0
2019,156,0,P008962   ,1.0,1.0,ZAL,10,"HAYES, NIGEL",27:27,6,0,1,2,4,0,0,1,3,4,0,0,0,0,0,0,0,7,5.0
2019,156,0,PBWI      ,0.0,0.0,ZAL,13,"JANKUNAS, PAULIUS",12:14,3,0,0,1,2,0,0,1,1,2,1,0,0,0,0,1,2,6,-11.0
2019,156,0,P006158   ,0.0,0.0,ZAL,16,"LUKOSIUNAS, KAROLIS",DNP,0,0,0,0,0,0,0,0,0,0,0,0,0,0,0,0,0,0,0.0
2019,156,0,PKPD      ,0.0,1.0,ZAL,21,"MILAKNIS, ARTURAS",21:22,7,2,3,1,5,0,0,1,1,2,0,2,0,0,0,1,0,5,5.0
2019,156,0,P009753   ,0.0,0.0,ZAL,23,"GEBEN, MARTINAS",DNP,0,0,0,0,0,0,0,0,0,0,0,0,0,0,0,0,0,0,0.0
2019,156,0,P007519   ,0.0,0.0,ZAL,31,"JOKUBAITIS, ROKAS",DNP,0,0,0,0,0,0,0,0,0,0,0,0,0,0,0,0,0,0,0.0
2019,156,0,P008987   ,0.0,0.0,ZAL,32,"LEDAY, ZACH",16:45,0,0,2,0,1,0,0,1,3,4,0,1,1,1,1,0,0,1,-8.0
2019,156,0,P008820   ,1.0,1.0,ZAL,34,"LANDALE, JOCK",23:15,11,2,3,0,2,7,8,1,3,4,1,0,2,1,1,4,5,11,2.0
2019,156,0,P002329   ,1.0,0.0,ZAL,92,"ULANOVAS, EDGARAS",17:54,3,0,2,1,5,0,2,1,0,1,1,0,2,0,0,0,3,-2,-8.0
2019,156,0,Team,0.0,0.0,ZAL,,Team,,0,0,0,0,0,0,0,3,0,3,0,0,1,0,0,0,0,2,
2019,156,0,Total,,,ZAL,,Total,200:00,82,17,31,13,35,9,12,12,15,27,13,7,10,3,4,17,15,77,
2019,157,1,P008032   ,0.0,0.0,BAS,5,"GONZALEZ, MIGUEL",DNP,0,0,0,0,0,0,0,0,0,0,0,0,0,0,0,0,0,0,0.0
2019,157,1,P006754   ,1.0,1.0,BAS,7,"HENRY, PIERRIA",23:31,6,0,3,1,4,3,4,1,5,6,5,7,6,0,0,1,4,14,-17.0
2019,157,1,P009918   ,0.0,0.0,BAS,10,"LOPEZ, LAUTARO",DNP,0,0,0,0,0,0,0,0,0,0,0,0,0,0,0,0,0,0,0.0
2019,157,1,P004165   ,1.0,1.0,BAS,11,"JANNING, MATT",25:04,3,0,2,1,5,0,0,0,2,2,3,0,0,0,0,3,1,0,-10.0
2019,157,1,P003540   ,0.0,0.0,BAS,12,"DIOP, ILIMANE",DNP,0,0,0,0,0,0,0,0,0,0,0,0,0,0,0,0,0,0,0.0
2019,157,1,P005458   ,0.0,0.0,BAS,17,"GARCIA, SERGI",08:49,0,0,1,0,0,0,0,0,0,0,0,0,2,0,0,2,0,-5,-2.0
2019,157,1,P006568   ,0.0,1.0,BAS,19,"FALL, YOUSSOUPHA",17:29,18,7,8,0,0,4,6,4,1,5,0,1,2,1,0,4,4,20,2.0
2019,157,1,P009836   ,0.0,1.0,BAS,22,"STAUSKAS, NIK",22:47,9,3,4,1,5,0,0,0,2,2,3,0,4,0,0,0,0,5,-1.0
2019,157,1,P001133   ,1.0,1.0,BAS,23,"SHENGELIA, TORNIKE",37:09,21,6,8,2,2,3,3,3,4,7,3,1,1,3,0,2,7,37,-9.0
2019,157,1,P007831   ,1.0,0.0,BAS,31,"SHIELDS, SHAVON",31:14,3,0,3,1,4,0,0,1,0,1,1,0,1,0,1,2,0,-5,-12.0
2019,157,1,P002084   ,0.0,0.0,BAS,33,"POLONARA, ACHILLE",16:59,1,0,0,0,2,1,2,0,1,1,0,0,0,0,0,2,2,-1,-7.0
2019,157,1,P007360   ,1.0,0.0,BAS,50,"ERIC, MICHAEL",16:58,4,2,3,0,0,0,0,1,0,1,0,0,2,0,0,3,1,0,-14.0
2019,157,1,Team,0.0,0.0,BAS,,Team,,0,0,0,0,0,0,0,1,1,2,0,0,0,0,0,0,0,2,
2019,157,1,Total,,,BAS,,Total,200:00,65,18,32,6,22,11,15,11,16,27,15,9,18,4,1,19,19,67,
2019,157,0,P007400   ,0.0,0.0,ULK,2,"NUNNALLY, JAMES",04:50,0,0,0,0,0,0,0,0,0,0,0,0,0,0,0,0,0,0,-3.0
2019,157,0,P002543   ,1.0,0.0,ULK,9,"WESTERMANN, LEO",21:29,21,0,1,7,8,0,0,0,1,1,3,0,2,0,0,2,0,19,17.0
2019,157,0,P002969   ,0.0,1.0,ULK,10,"MAHMUTOGLU, MELIH",18:18,9,3,4,1,4,0,0,0,2,2,0,0,1,0,0,3,0,3,-6.0
2019,157,0,P004866   ,1.0,1.0,ULK,12,"KALINIC, NIKOLA",30:53,4,1,2,0,2,2,2,0,3,3,3,0,1,1,1,3,3,6,15.0
2019,157,0,P006961   ,0.0,0.0,ULK,13,"BIBEROVIC, TARIK",DNP,0,0,0,0,0,0,0,0,0,0,0,0,0,0,0,0,0,0,0.0
2019,157,0,P002100   ,1.0,1.0,ULK,19,"DE COLO, NANDO",28:55,11,1,5,3,4,0,0,0,3,3,4,0,3,0,2,2,6,12,17.0
2019,157,0,P009006   ,1.0,1.0,ULK,21,"WILLIAMS, DERRICK",30:34,16,1,1,4,6,2,2,0,3,3,5,2,1,0,0,1,2,24,9.0
2019,157,0,P004251   ,1.0,0.0,ULK,23,"THOMAS, MALCOLM",26:37,3,1,4,0,0,1,2,2,6,8,4,2,3,0,1,1,3,11,16.0
2019,157,0,P000981   ,0.0,0.0,ULK,32,"CANDAN, BERKAY",DNP,0,0,0,0,0,0,0,0,0,0,0,0,0,0,0,0,0,0,0.0
2019,157,0,P001324   ,0.0,0.0,ULK,35,"MUHAMMED, ALI",10:07,4,1,1,0,0,2,2,1,0,1,0,1,4,0,0,2,2,2,1.0
2019,157,0,PCCD      ,0.0,1.0,ULK,70,"DATOME, LUIGI",18:28,9,2,2,1,3,2,2,0,3,3,1,0,1,0,0,3,1,8,5.0
2019,157,0,P004194   ,0.0,0.0,ULK,77,"LAUVERGNE, JOFFREY",09:49,2,1,1,0,0,0,0,0,1,1,2,0,0,0,0,2,2,5,-1.0
2019,157,0,Team,0.0,0.0,ULK,,Team,,0,0,0,0,0,0,0,1,0,1,0,0,1,0,0,0,0,0,
2019,157,0,Total,,,ULK,,Total,200:00,79,11,21,16,27,9,10,4,22,26,22,5,17,1,4,19,19,90,
2019,158,1,PKVZ      ,1.0,1.0,KHI,1,"SHVED, ALEXEY",32:32,30,7,8,4,12,4,5,0,5,5,6,1,7,0,0,1,7,31,-5.0
2019,158,1,P004810   ,0.0,0.0,KHI,3,"KRAMER, CHRIS",16:26,2,1,2,0,0,0,0,1,1,2,2,1,3,0,0,3,0,0,-11.0
2019,158,1,P007056   ,1.0,0.0,KHI,5,"BOOKER, DEVIN",25:01,8,4,6,0,0,0,0,1,2,3,2,0,0,0,0,2,1,10,8.0
2019,158,1,P005718   ,1.0,1.0,KHI,6,"TIMMA, JANIS",29:24,17,2,4,4,10,1,1,0,1,1,3,3,1,0,0,3,3,15,6.0
2019,158,1,P004302   ,0.0,0.0,KHI,7,"KARASEV, SERGEY",10:27,0,0,1,0,1,0,0,0,1,1,0,0,0,1,0,1,0,-1,-4.0
2019,158,1,P001792   ,0.0,0.0,KHI,8,"ZAYTSEV, VYACHESLAV",DNP,0,0,0,0,0,0,0,0,0,0,0,0,0,0,0,0,0,0,0.0
2019,158,1,P009748   ,1.0,1.0,KHI,11,"JEREBKO, JONAS",26:39,10,1,2,2,4,2,2,0,6,6,1,4,0,0,1,4,1,14,15.0
2019,158,1,PBFX      ,0.0,0.0,KHI,12,"MONIA, SERGEY",04:10,0,0,1,0,1,0,0,0,0,0,0,0,0,0,0,1,0,-3,-3.0
2019,158,1,P008001   ,0.0,0.0,KHI,13,"GILL, ANTHONY",12:02,7,1,1,1,2,2,4,0,1,1,0,0,0,0,0,2,3,6,-16.0
2019,158,1,P004863   ,1.0,1.0,KHI,24,"JOVIC, STEFAN",20:00,2,1,2,0,1,0,0,1,2,3,4,2,1,1,0,4,2,7,10.0
2019,158,1,P007432   ,0.0,1.0,KHI,40,"EVANS, JEREMY",16:18,5,0,1,0,0,5,6,2,2,4,0,0,0,0,0,1,3,9,-11.0
2019,158,1,P000436   ,0.0,0.0,KHI,45,"BERTANS, DAIRIS",07:01,0,0,1,0,1,0,0,0,0,0,0,0,1,0,1,1,0,-5,1.0
2019,158,1,Team,0.0,0.0,KHI,,Team,,0,0,0,0,0,0,0,3,0,3,0,0,1,0,0,0,0,2,
2019,158,1,Total,,,KHI,,Total,200:00,81,17,29,11,32,14,18,8,21,29,18,11,14,2,2,23,20,85,
2019,158,0,P005154   ,1.0,0.0,DYR,4,"IVERSON, COLTON",26:02,9,3,5,0,0,3,5,1,3,4,1,0,2,1,1,1,5,12,7.0
2019,158,0,P003425   ,0.0,1.0,DYR,6,"ALBICY, ANDREW",18:06,6,0,1,2,4,0,0,0,2,2,2,1,2,0,1,3,1,3,-2.0
2019,158,0,PJAN      ,0.0,1.0,DYR,7,"PONKRASHOV, ANTON",06:26,1,0,0,0,2,1,2,0,1,1,2,2,1,0,0,0,1,3,-1.0
2019,158,0,P009917   ,0.0,0.0,DYR,9,"HOLLINS, AUSTIN",23:11,15,3,3,3,8,0,0,1,2,3,3,3,1,0,0,3,1,16,11.0
2019,158,0,P005856   ,0.0,1.0,DYR,10,"THOMAS, WILL",24:06,20,7,8,1,1,3,3,2,6,8,0,1,0,0,0,0,2,30,5.0
2019,158,0,P005945   ,0.0,0.0,DYR,12,"RENFROE, ALEX",DNP,0,0,0,0,0,0,0,0,0,0,0,0,0,0,0,0,0,0,0.0
2019,158,0,PLKY      ,1.0,1.0,DYR,13,"KHVOSTOV, DMITRY",22:29,2,0,3,0,1,2,2,1,1,2,7,0,2,0,0,4,3,4,2.0
2019,158,0,P003370   ,0.0,0.0,DYR,14,"PUSHKOV, ANTON",09:07,3,1,1,0,0,1,2,2,1,3,2,2,0,0,0,3,1,7,8.0
2019,158,0,P001389   ,1.0,0.0,DYR,18,"VORONOV, EVGENY",16:14,4,2,5,0,3,0,2,0,1,1,2,0,1,1,0,1,2,0,-7.0
2019,158,0,P003573   ,1.0,0.0,DYR,20,"ZUBKOV, ANDREY",15:09,3,0,4,1,3,0,0,1,1,2,1,0,2,0,0,1,3,0,-15.0
2019,158,0,P005199   ,0.0,0.0,DYR,21,"ABROMAITIS, TIM",13:56,8,1,2,2,2,0,0,0,1,1,1,0,0,0,0,2,0,7,4.0
2019,158,0,P004172   ,1.0,1.0,DYR,25,"PONITKA, MATEUSZ",25:14,12,6,7,0,2,0,0,4,4,8,2,2,3,0,0,2,4,20,-2.0
2019,158,0,Team,0.0,0.0,DYR,,Team,,0,0,0,0,0,0,0,1,3,4,0,0,1,0,0,0,0,3,
2019,158,0,Total,,,DYR,,Total,200:00,83,23,39,9,26,10,16,13,26,39,23,11,15,2,2,20,23,105,
2019,159,1,P004178   ,1.0,1.0,MUN,8,"KOPONEN, PETTERI",25:26,12,0,2,4,6,0,0,0,3,3,2,1,2,0,0,3,1,10,6.0
2019,159,1,P009835   ,1.0,1.0,MUN,10,"MONROE, GREG",25:17,20,9,14,0,0,2,5,4,6,10,0,0,3,0,2,4,6,19,6.0
2019,159,1,P001288   ,1.0,1.0,MUN,11,"LUCIC, VLADIMIR",29:45,17,4,11,2,4,3,3,1,2,3,2,1,1,0,2,1,5,15,1.0
2019,159,1,P007032   ,0.0,0.0,MUN,12,"LO, MAODO",08:24,0,0,1,0,2,0,0,0,1,1,0,1,0,0,0,0,1,0,-5.0
2019,159,1,P000007   ,1.0,1.0,MUN,14,"DEDOVIC, NIHAD",27:46,4,1,3,0,3,2,2,0,2,2,8,1,2,0,1,3,2,6,-8.0
2019,159,1,P005056   ,0.0,0.0,MUN,16,"ZIPSER, PAUL",23:55,4,0,0,1,3,1,2,1,1,2,1,0,0,0,0,0,2,6,-14.0
2019,159,1,P005670   ,0.0,0.0,MUN,21,"FLACCADORI, DIEGO",DNP,0,0,0,0,0,0,0,0,0,0,0,0,0,0,0,0,0,0,0.0
2019,159,1,P003490   ,0.0,0.0,MUN,22,"BARTHEL, DANILO",10:17,0,0,1,0,2,0,0,0,3,3,0,0,0,0,0,3,0,-3,-7.0
2019,159,1,P003842   ,0.0,0.0,MUN,26,"LESSORT, MATHIAS",03:58,0,0,1,0,0,0,0,0,0,0,1,0,0,0,0,2,0,-2,-2.0
2019,159,1,P004571   ,0.0,0.0,MUN,31,"SISKO, ZAN",10:55,3,0,1,1,2,0,0,0,0,0,3,1,1,0,1,3,0,0,-3.0
2019,159,1,P009723   ,1.0,1.0,MUN,34,"HUESTIS, JOSHUA",23:32,17,4,5,3,5,0,0,3,1,4,1,2,0,0,0,2,0,19,2.0
2019,159,1,PLEM      ,0.0,0.0,MUN,43,"RADOSEVIC, LEON",10:45,0,0,2,0,0,0,0,1,1,2,1,0,1,0,1,3,0,-4,-11.0
2019,159,1,Team,0.0,0.0,MUN,,Team,,0,0,0,0,0,0,0,1,2,3,0,0,1,0,0,0,0,2,
2019,159,1,Total,,,MUN,,Total,200:00,77,18,41,11,27,8,12,11,22,33,19,7,11,0,7,24,17,68,
2019,159,0,P009035   ,0.0,1.0,CSK,3,"BOLOMBOY, JOEL",19:03,2,1,2,0,1,0,0,4,3,7,0,1,1,2,0,1,0,8,6.0
2019,159,0,P005985   ,1.0,1.0,CSK,5,"JAMES, MIKE",32:50,27,5,12,3,11,8,9,0,5,5,7,1,2,1,0,1,10,32,6.0
2019,159,0,P008995   ,0.0,0.0,CSK,7,"UKHOV, IVAN",DNP,0,0,0,0,0,0,0,0,0,0,0,0,0,0,0,0,0,0,0.0
2019,159,0,P004941   ,0.0,1.0,CSK,11,"ANTONOV, SEMEN",26:00,4,2,4,0,2,0,0,2,2,4,0,0,1,1,0,1,0,3,6.0
2019,159,0,P007201   ,1.0,0.0,CSK,17,"VOIGTMANN, JOHANNES",19:45,4,0,0,1,2,1,2,1,5,6,3,0,1,0,0,4,4,10,14.0
2019,159,0,PLHI      ,0.0,0.0,CSK,20,"VORONTSEVICH, ANDREY",13:59,5,1,1,1,2,0,0,0,2,2,0,0,0,0,0,2,2,6,-4.0
2019,159,0,P002276   ,0.0,0.0,CSK,30,"KULAGIN, MIKHAIL",DNP,0,0,0,0,0,0,0,0,0,0,0,0,0,0,0,0,0,0,0.0
2019,159,0,P009766   ,0.0,0.0,CSK,31,"KOUFOS, KOSTA",05:44,4,2,3,0,0,0,1,1,0,1,0,1,0,0,0,0,1,5,-7.0
2019,159,0,P008989   ,1.0,0.0,CSK,32,"HILLIARD, DARRUN",34:34,20,2,3,4,12,4,4,1,6,7,2,1,3,0,0,3,3,18,4.0
2019,159,0,PJLX      ,1.0,1.0,CSK,41,"KURBANOV, NIKITA",09:45,3,0,0,1,1,0,0,0,0,0,2,0,0,1,0,3,0,3,-1.0
2019,159,0,P002812   ,1.0,1.0,CSK,42,"HINES, KYLE",26:13,12,3,5,0,0,6,7,6,2,8,1,0,4,2,0,2,4,18,7.0
2019,159,0,P009767   ,0.0,0.0,CSK,84,"BAKER, RON",12:07,3,0,0,1,3,0,0,0,2,2,1,1,2,0,0,1,0,2,4.0
2019,159,0,Team,0.0,0.0,CSK,,Team,,0,0,0,0,0,0,0,1,2,3,0,0,0,0,0,0,0,3,
2019,159,0,Total,,,CSK,,Total,200:00,84,16,30,11,34,19,23,16,29,45,16,5,14,7,0,18,24,108,
2019,160,1,P005247   ,1.0,0.0,ASV,2,"TAYLOR, JORDAN",14:53,5,2,2,0,1,1,3,0,0,0,2,0,0,0,0,3,2,3,-2.0
2019,160,1,P009733   ,1.0,1.0,ASV,3,"JEKIRI, TONYE",25:53,6,3,6,0,2,0,0,3,4,7,2,0,1,1,1,4,2,7,-4.0
2019,160,1,PKIR      ,0.0,1.0,ASV,5,"KAHUDI, CHARLES",24:22,5,1,4,0,2,3,4,1,3,4,2,1,1,0,0,3,4,6,3.0
2019,160,1,P007027   ,0.0,0.0,ASV,6,"MALEDON, THEO",14:31,13,4,4,0,3,5,7,0,1,1,0,0,3,0,1,2,4,7,2.0
2019,160,1,P005553   ,1.0,1.0,ASV,9,"LOMAZS, RIHARDS",24:15,14,2,6,2,4,4,5,0,1,1,2,1,1,0,1,2,3,10,4.0
2019,160,1,P008851   ,0.0,0.0,ASV,11,"GALLIOU, CHARLES",00:16,0,0,0,0,0,0,0,0,0,0,0,0,0,0,0,0,0,0,-2.0
2019,160,1,P006068   ,1.0,0.0,ASV,12,"NOUA, AMINE",08:59,3,0,1,0,0,3,3,0,3,3,0,0,0,0,0,2,2,5,5.0
2019,160,1,P002536   ,0.0,0.0,ASV,17,"JEAN-CHARLES, LIVIO",13:55,6,2,3,0,0,2,2,0,0,0,0,0,2,0,0,3,1,1,-9.0
2019,160,1,PTFK      ,0.0,0.0,ASV,19,"DIOT, ANTOINE",08:56,0,0,1,0,2,0,0,0,1,1,0,1,0,0,0,2,0,-3,-1.0
2019,160,1,P003526   ,1.0,1.0,ASV,23,"LIGHTY, DAVID",24:17,11,4,6,1,3,0,0,0,1,1,2,1,1,0,0,1,2,11,-4.0
2019,160,1,P008099   ,0.0,0.0,ASV,32,"STRAZEL, MATTHEW",14:04,0,0,0,0,2,0,0,0,1,1,4,0,1,0,0,0,1,3,-4.0
2019,160,1,P008348   ,0.0,1.0,ASV,33,"PAYNE, ADREIAN",25:40,17,3,3,3,4,2,2,4,4,8,0,1,1,3,0,4,3,26,-3.0
2019,160,1,Team,0.0,0.0,ASV,,Team,,0,0,0,0,0,0,0,2,0,2,0,0,0,0,0,0,0,2,
2019,160,1,Total,,,ASV,,Total,200:01,80,21,36,6,23,20,26,10,19,29,14,5,11,4,3,26,24,78,
2019,160,0,P003479   ,1.0,0.0,RED,0,"KUZMIC, OGNJEN",01:37,0,0,0,0,0,0,0,0,0,0,0,0,0,0,0,0,0,0,0.0
2019,160,0,P009862   ,0.0,1.0,RED,0,"PUNTER, KEVIN",24:52,18,5,6,2,3,2,2,0,1,1,4,1,3,0,0,3,1,17,10.0
2019,160,0,P009622   ,1.0,1.0,RED,4,"BROWN, LORENZO",27:52,13,3,6,1,2,4,7,1,0,1,7,0,2,0,0,4,5,13,-5.0
2019,160,0,P007960   ,0.0,1.0,RED,7,"DAVIDOVAC, DEJAN",23:02,9,3,4,1,2,0,1,0,5,5,1,0,0,0,1,3,3,11,8.0
2019,160,0,PLUO      ,1.0,0.0,RED,10,"LAZIC, BRANKO",15:29,1,0,0,0,1,1,2,0,1,1,0,1,0,0,0,4,2,-1,-10.0
2019,160,0,P005775   ,1.0,0.0,RED,12,"BARON, BILLY",27:18,5,2,5,0,2,1,1,0,2,2,2,0,3,0,1,0,3,3,3.0
2019,160,0,P004007   ,0.0,0.0,RED,13,"DOBRIC, OGNJEN",17:17,6,1,2,1,2,1,2,1,3,4,0,0,0,0,0,1,1,7,12.0
2019,160,0,P002980   ,0.0,1.0,RED,15,"GIST, JAMES",20:02,2,1,3,0,2,0,2,2,4,6,1,2,2,1,2,4,3,1,0.0
2019,160,0,P004397   ,0.0,0.0,RED,21,"JAGODIC-KURIDZA, MARKO",02:43,2,1,1,0,0,0,0,0,0,0,0,0,0,0,0,1,1,2,-11.0
2019,160,0,P005618   ,1.0,0.0,RED,28,"SIMANIC, BORISA",01:37,0,0,1,0,0,0,0,0,0,0,0,0,0,0,0,1,0,-2,0.0
2019,160,0,P003264   ,0.0,0.0,RED,32,"JOVANOVIC, NIKOLA",08:15,6,2,2,0,0,2,2,2,0,2,0,0,1,0,0,3,1,5,5.0
2019,160,0,PLBJ      ,0.0,1.0,RED,91,"STIMAC, VLADIMIR",29:56,21,8,8,1,1,2,6,1,0,1,2,0,2,2,0,2,5,23,3.0
2019,160,0,Team,0.0,0.0,RED,,Team,,0,0,0,0,0,0,0,1,6,7,0,0,1,0,0,0,0,6,
2019,160,0,Total,,,RED,,Total,200:00,83,26,38,6,15,13,25,8,22,30,17,4,14,3,4,26,25,85,
2019,161,1,P006533   ,0.0,0.0,PAM,1,"COLOM, QUINO",14:19,9,2,3,1,3,2,3,0,4,4,1,0,1,0,0,1,3,11,-1.0
2019,161,1,P004761   ,0.0,1.0,PAM,2,"MARINKOVIC, VANJA",22:48,20,3,4,2,3,8,8,1,3,4,0,1,0,0,0,3,6,26,7.0
2019,161,1,P006726   ,0.0,1.0,PAM,5,"NDOUR, MAURICE",16:55,6,2,3,0,0,2,2,2,2,4,0,0,0,0,0,1,2,10,-5.0
2019,161,1,P003733   ,0.0,0.0,PAM,6,"ABALDE, ALBERTO",13:57,1,0,3,0,2,1,2,1,1,2,0,0,0,0,1,1,1,-4,-6.0
2019,161,1,P004884   ,1.0,0.0,PAM,7,"LABEYRIE, LOUIS",13:28,2,0,1,0,0,2,2,1,4,5,0,0,1,0,0,3,3,5,10.0
2019,161,1,PLRQ      ,1.0,1.0,PAM,9,"VAN ROSSOM, SAM",19:12,11,2,6,1,4,4,4,0,1,1,2,0,0,0,0,0,2,9,-1.0
2019,161,1,P006599   ,0.0,0.0,PAM,12,"MOTUM, BROCK",01:40,0,0,0,0,0,0,0,0,0,0,0,0,1,0,0,1,0,-2,-8.0
2019,161,1,P002742   ,1.0,0.0,PAM,14,"DUBLJEVIC, BOJAN",23:05,2,1,6,0,2,0,0,3,6,9,2,0,3,0,1,2,1,1,3.0
2019,161,1,P002361   ,0.0,0.0,PAM,16,"VIVES, GUILLEM",06:17,6,0,0,2,4,0,0,0,0,0,1,0,0,0,0,1,0,4,2.0
2019,161,1,P000518   ,1.0,1.0,PAM,19,"SAN EMETERIO, FERNANDO",27:18,23,5,5,2,5,7,11,1,3,4,1,1,2,0,0,3,8,25,6.0
2019,161,1,P002936   ,1.0,0.0,PAM,30,"SASTRE, JOAN",16:09,1,0,0,0,1,1,2,0,1,1,2,1,1,2,0,0,2,6,-13.0
2019,161,1,P002763   ,0.0,1.0,PAM,42,"DOORNEKAMP, AARON",24:52,10,2,3,2,4,0,0,1,3,4,0,0,0,0,0,3,0,8,-4.0
2019,161,1,Team,0.0,0.0,PAM,,Team,,0,0,0,0,0,0,0,2,1,3,0,0,0,0,0,0,0,3,
2019,161,1,Total,,,PAM,,Total,200:00,91,17,34,10,28,27,34,12,29,41,9,3,9,2,2,19,28,102,
2019,161,0,P002972   ,0.0,0.0,OLY,1,"ROCHESTIE, TAYLOR",21:20,7,1,5,1,3,2,2,0,3,3,4,0,1,0,1,4,2,4,0.0
2019,161,0,P009863   ,0.0,0.0,OLY,2,"BALDWIN IV, WADE",10:00,2,0,2,0,1,2,2,0,0,0,3,1,0,0,0,3,3,3,0.0
2019,161,0,P004945   ,0.0,1.0,OLY,3,"PAUL, BRANDON",25:41,12,0,0,4,7,0,0,1,2,3,1,1,1,0,0,3,0,10,-3.0
2019,161,0,P004218   ,0.0,0.0,OLY,4,"CHARALAMPOPOULOS, VASILIS",DNP,0,0,0,0,0,0,0,0,0,0,0,0,0,0,0,0,0,0,0.0
2019,161,0,P005255   ,1.0,0.0,OLY,6,"KONIARIS, ANTONIOS",11:45,8,1,1,2,3,0,0,0,1,1,1,2,1,0,0,3,1,8,4.0
2019,161,0,PJUO      ,1.0,0.0,OLY,7,"SPANOULIS, VASSILIS",24:57,10,3,4,0,6,4,4,0,1,1,8,2,3,0,1,3,5,12,7.0
2019,161,0,P003941   ,1.0,1.0,OLY,11,"MILUTINOV, NIKOLA",14:51,0,0,0,0,0,0,0,1,4,5,2,0,0,0,0,3,0,4,-4.0
2019,161,0,P003469   ,1.0,1.0,OLY,14,"VEZENKOV, SASHA",35:10,19,5,6,3,6,0,0,1,6,7,0,0,0,1,0,1,0,22,-2.0
2019,161,0,PAMM      ,0.0,1.0,OLY,15,"PRINTEZIS, GEORGIOS",23:35,16,5,7,1,2,3,4,1,6,7,3,0,1,1,0,1,3,24,-1.0
2019,161,0,P001255   ,1.0,1.0,OLY,16,"PAPANIKOLAOU, KOSTAS",23:38,16,5,7,1,4,3,6,1,2,3,1,0,1,0,0,4,3,10,6.0
2019,161,0,P006477   ,0.0,0.0,OLY,21,"RUBIT, AUGUSTINE",09:03,3,1,1,0,0,1,3,0,0,0,0,0,0,0,0,3,2,0,3.0
2019,161,0,Team,0.0,0.0,OLY,,Team,,0,0,0,0,0,0,0,1,2,3,0,0,0,0,0,0,0,3,
2019,161,0,Total,,,OLY,,Total,200:00,93,21,33,12,32,15,21,6,27,33,23,6,8,2,2,28,19,100,
2019,162,1,P007870   ,0.0,0.0,BAR,0,"DAVIES, BRANDON",21:08,20,7,11,0,1,6,6,0,1,1,0,0,1,0,1,3,3,14,0.0
2019,162,1,PJUG      ,0.0,1.0,BAR,5,"RIBAS, PAU",11:49,6,1,2,1,2,1,2,1,1,2,5,0,0,0,0,1,0,9,7.0
2019,162,1,P005099   ,1.0,1.0,BAR,8,"HANGA, ADAM",16:13,2,1,1,0,2,0,2,1,1,2,2,0,2,2,0,4,1,-1,-10.0
2019,162,1,P007109   ,0.0,0.0,BAR,10,"SMITS, ROLANDS",DNP,0,0,0,0,0,0,0,0,0,0,0,0,0,0,0,0,0,0,0.0
2019,162,1,P005917   ,0.0,1.0,BAR,18,"ORIOLA, PIERRE",21:06,6,2,3,0,2,2,4,0,5,5,2,0,1,0,0,4,2,5,9.0
2019,162,1,P003478   ,0.0,0.0,BAR,21,"ABRINES, ALEX",05:12,0,0,0,0,0,0,0,1,0,1,0,0,0,0,0,0,0,1,3.0
2019,162,1,P006450   ,1.0,0.0,BAR,22,"HIGGINS, CORY",23:15,6,3,5,0,2,0,0,0,0,0,4,1,1,0,1,1,1,5,-10.0
2019,162,1,P004331   ,0.0,0.0,BAR,23,"DELANEY, MALCOLM",22:32,15,0,1,5,7,0,1,0,3,3,5,1,2,0,0,4,4,18,1.0
2019,162,1,P005789   ,0.0,1.0,BAR,24,"KURIC, KYLE",21:43,11,1,2,3,7,0,0,1,0,1,0,1,0,1,0,2,0,7,3.0
2019,162,1,P000556   ,1.0,0.0,BAR,30,"CLAVER, VICTOR",19:16,2,0,0,0,1,2,2,2,2,4,5,2,0,1,0,1,1,13,-6.0
2019,162,1,P000796   ,1.0,1.0,BAR,33,"MIROTIC, NIKOLA",29:28,14,1,8,3,8,3,4,2,6,8,1,2,3,2,1,3,6,13,-9.0
2019,162,1,P002507   ,1.0,0.0,BAR,44,"TOMIC, ANTE",08:18,0,0,0,0,0,0,0,0,0,0,0,1,1,0,0,0,1,1,-8.0
2019,162,1,Team,0.0,0.0,BAR,,Team,,0,0,0,0,0,0,0,2,2,4,0,0,0,0,0,0,0,4,
2019,162,1,Total,,,BAR,,Total,200:00,82,16,33,12,32,14,21,10,21,31,24,8,11,6,3,23,19,89,
2019,162,0,P007200   ,1.0,1.0,IST,0,"LARKIN, SHANE",37:16,26,4,6,3,8,9,9,2,3,5,5,2,4,0,0,1,9,35,7.0
2019,162,0,P006590   ,1.0,0.0,IST,1,"BEAUBOIS, RODRIGUE",26:34,3,0,1,1,4,0,0,0,1,1,0,1,2,1,1,3,0,-4,-2.0
2019,162,0,P006614   ,1.0,1.0,IST,2,"SINGLETON, CHRIS",29:23,17,1,4,3,3,6,6,2,6,8,0,0,3,1,2,4,5,19,2.0
2019,162,0,P003521   ,0.0,0.0,IST,4,"BALBAY, DOGUS",05:35,0,0,0,0,2,0,0,0,1,1,0,0,0,0,0,1,0,-2,1.0
2019,162,0,P005686   ,0.0,0.0,IST,8,"GECIM, TOLGA",DNP,0,0,0,0,0,0,0,0,0,0,0,0,0,0,0,0,0,0,0.0
2019,162,0,P002968   ,0.0,0.0,IST,15,"SANLI, SERTAC",11:43,7,2,3,1,1,0,0,1,1,2,1,0,1,1,1,1,0,7,4.0
2019,162,0,P001833   ,0.0,0.0,IST,18,"MOERMAN, ADRIEN",08:21,5,1,3,1,2,0,0,0,1,1,0,0,1,0,0,1,0,1,2.0
2019,162,0,P002925   ,0.0,0.0,IST,19,"TUNCER, BUGRAHAN",02:08,0,0,0,0,1,0,0,0,0,0,1,1,1,0,0,0,0,0,-3.0
2019,162,0,PLHK      ,1.0,0.0,IST,21,"PLEISS, TIBOR",15:16,4,2,6,0,0,0,0,3,2,5,1,0,1,0,1,3,1,2,-10.0
2019,162,0,P005938   ,0.0,1.0,IST,23,"ANDERSON, JAMES",15:53,7,2,3,1,3,0,0,0,5,5,0,0,0,0,0,1,1,9,4.0
2019,162,0,P008829   ,0.0,1.0,IST,25,"PETERS, ALEC",15:19,7,1,2,1,1,2,3,2,1,3,2,1,0,0,0,3,4,12,8.0
2019,162,0,PCPR      ,1.0,1.0,IST,44,"SIMON, KRUNOSLAV",32:32,10,2,5,2,4,0,0,0,8,8,2,0,2,0,1,1,3,14,7.0
2019,162,0,Team,0.0,0.0,IST,,Team,,0,0,0,0,0,0,0,0,1,1,0,0,1,0,0,0,0,0,
2019,162,0,Total,,,IST,,Total,200:00,86,15,33,13,29,17,18,10,30,40,12,5,16,3,6,19,23,93,
2019,163,1,P009035   ,0.0,0.0,CSK,3,"BOLOMBOY, JOEL",11:57,2,1,1,0,2,0,0,2,4,6,1,0,1,0,0,0,0,6,-4.0
2019,163,1,P005985   ,1.0,1.0,CSK,5,"JAMES, MIKE",29:47,19,4,9,2,9,5,5,0,2,2,1,2,7,1,1,4,8,9,12.0
2019,163,1,P008995   ,0.0,0.0,CSK,7,"UKHOV, IVAN",05:12,0,0,1,0,0,0,0,1,1,2,0,0,1,0,1,1,2,0,-2.0
2019,163,1,P004941   ,0.0,0.0,CSK,11,"ANTONOV, SEMEN",07:09,0,0,1,0,0,0,0,0,0,0,0,0,0,0,0,1,0,-2,-8.0
2019,163,1,P007201   ,1.0,1.0,CSK,17,"VOIGTMANN, JOHANNES",23:26,3,0,0,1,1,0,0,0,1,1,0,1,1,1,0,3,1,3,11.0
2019,163,1,PLHI      ,0.0,0.0,CSK,20,"VORONTSEVICH, ANDREY",07:30,0,0,1,0,0,0,0,0,1,1,0,0,0,0,0,1,0,-1,-7.0
2019,163,1,P007869   ,0.0,1.0,CSK,26,"SANT-ROOS, HOWARD",21:56,4,2,4,0,1,0,0,0,2,2,1,2,0,0,0,3,2,5,3.0
2019,163,1,P009766   ,0.0,0.0,CSK,31,"KOUFOS, KOSTA",13:59,4,2,7,0,0,0,0,2,4,6,0,1,0,0,1,1,2,6,3.0
2019,163,1,P008989   ,1.0,1.0,CSK,32,"HILLIARD, DARRUN",23:36,14,2,6,2,5,4,4,0,1,1,1,0,4,0,2,4,3,2,2.0
2019,163,1,PJLX      ,1.0,0.0,CSK,41,"KURBANOV, NIKITA",24:20,4,0,0,0,1,4,4,4,6,10,0,1,1,0,0,2,2,13,11.0
2019,163,1,P002812   ,1.0,1.0,CSK,42,"HINES, KYLE",23:08,10,4,7,0,1,2,2,3,3,6,1,1,0,1,1,2,1,13,7.0
2019,163,1,P009767   ,0.0,0.0,CSK,84,"BAKER, RON",08:00,0,0,2,0,0,0,0,0,2,2,1,0,1,0,0,1,0,-1,-3.0
2019,163,1,Team,0.0,0.0,CSK,,Team,,0,0,0,0,0,0,0,0,5,5,0,0,0,0,0,0,0,5,
2019,163,1,Total,,,CSK,,Total,200:00,60,15,39,5,20,15,15,12,32,44,6,8,16,3,6,23,21,58,
2019,163,0,P001392   ,1.0,0.0,MAD,1,"CAUSEUR, FABIEN",14:34,3,0,2,1,4,0,0,1,3,4,1,0,2,0,0,2,3,2,-3.0
2019,163,0,P005928   ,1.0,1.0,MAD,7,"CAMPAZZO, FACUNDO",25:41,11,0,0,3,10,2,4,1,4,5,5,0,2,0,0,3,11,18,-1.0
2019,163,0,P006435   ,0.0,0.0,MAD,8,"LAPROVITTOLA, NICOLAS",14:58,8,2,4,1,3,1,1,0,0,0,2,0,3,0,0,3,1,1,-4.0
2019,163,0,PAAX      ,0.0,0.0,MAD,9,"REYES, FELIPE",09:26,3,0,2,1,1,0,0,0,0,0,0,1,0,0,1,2,1,0,3.0
2019,163,0,P009005   ,1.0,1.0,MAD,14,"DECK, GABRIEL",18:05,4,1,1,0,1,2,2,0,0,0,0,1,1,0,0,1,2,4,-8.0
2019,163,0,P001960   ,0.0,1.0,MAD,20,"CARROLL, JAYCEE",07:02,2,1,3,0,2,0,0,1,1,2,0,0,1,0,0,2,0,-3,-4.0
2019,163,0,P005791   ,1.0,0.0,MAD,22,"TAVARES, WALTER",27:47,2,0,4,0,0,2,2,3,6,9,0,1,1,4,1,2,2,10,-14.0
2019,163,0,PTGB      ,0.0,1.0,MAD,23,"LLULL, SERGIO",15:09,0,0,1,0,3,0,0,0,2,2,1,0,1,0,0,2,0,-4,2.0
2019,163,0,P008847   ,0.0,0.0,MAD,25,"MICKEY, JORDAN",15:05,5,1,3,1,2,0,0,1,2,3,0,1,2,1,0,2,0,3,4.0
2019,163,0,P005836   ,1.0,1.0,MAD,33,"THOMPKINS, TREY",27:28,14,5,8,1,5,1,1,2,4,6,1,0,1,1,1,2,1,12,-4.0
2019,163,0,P006546   ,0.0,0.0,MAD,44,"TAYLOR, JEFFERY",24:45,3,0,1,1,1,0,0,0,4,4,1,1,2,0,0,0,1,7,4.0
2019,163,0,P005196   ,0.0,0.0,MAD,50,"MEJRI, SALAH",DNP,0,0,0,0,0,0,0,0,0,0,0,0,0,0,0,0,0,0,0.0
2019,163,0,Team,0.0,0.0,MAD,,Team,,0,0,0,0,0,0,0,1,1,2,0,0,1,0,0,0,0,1,
2019,163,0,Total,,,MAD,,Total,200:00,55,10,29,9,32,8,10,10,27,37,11,5,17,6,3,21,22,51,
2019,164,1,PKVZ      ,1.0,1.0,KHI,1,"SHVED, ALEXEY",35:09,18,3,7,2,11,6,7,0,5,5,5,1,4,0,0,2,6,15,-11.0
2019,164,1,P004810   ,0.0,0.0,KHI,3,"KRAMER, CHRIS",DNP,0,0,0,0,0,0,0,0,0,0,0,0,0,0,0,0,0,0,0.0
2019,164,1,P007056   ,1.0,0.0,KHI,5,"BOOKER, DEVIN",09:08,4,2,2,0,0,0,0,2,0,2,0,2,2,0,0,0,0,6,-8.0
2019,164,1,P005718   ,1.0,1.0,KHI,6,"TIMMA, JANIS",29:02,7,2,3,1,6,0,0,0,1,1,0,0,0,0,0,3,0,-1,-24.0
2019,164,1,P004302   ,0.0,0.0,KHI,7,"KARASEV, SERGEY",07:59,5,1,1,1,4,0,0,0,0,0,0,1,1,0,0,1,0,1,6.0
2019,164,1,P001792   ,0.0,0.0,KHI,8,"ZAYTSEV, VYACHESLAV",11:48,6,3,3,0,0,0,0,0,3,3,0,1,0,0,0,4,0,6,7.0
2019,164,1,P009748   ,1.0,0.0,KHI,11,"JEREBKO, JONAS",20:21,7,2,4,1,2,0,0,2,2,4,1,0,2,0,0,1,2,8,-18.0
2019,164,1,PBFX      ,0.0,0.0,KHI,12,"MONIA, SERGEY",DNP,0,0,0,0,0,0,0,0,0,0,0,0,0,0,0,0,0,0,0.0
2019,164,1,P008001   ,0.0,1.0,KHI,13,"GILL, ANTHONY",28:03,12,3,4,2,3,0,0,3,1,4,2,1,1,0,0,1,2,17,-2.0
2019,164,1,P004863   ,1.0,1.0,KHI,24,"JOVIC, STEFAN",36:02,8,2,3,1,4,1,1,2,2,4,5,1,0,0,0,3,1,12,-5.0
2019,164,1,P007432   ,0.0,1.0,KHI,40,"EVANS, JEREMY",22:28,8,4,5,0,0,0,0,0,2,2,2,0,1,0,0,1,1,10,10.0
2019,164,1,P000436   ,0.0,0.0,KHI,45,"BERTANS, DAIRIS",DNP,0,0,0,0,0,0,0,0,0,0,0,0,0,0,0,0,0,0,0.0
2019,164,1,Team,0.0,0.0,KHI,,Team,,0,0,0,0,0,0,0,0,3,3,0,0,0,0,0,0,0,3,
2019,164,1,Total,,,KHI,,Total,200:00,75,22,32,8,30,7,8,9,19,28,15,7,11,0,0,16,12,77,
2019,164,0,P006533   ,0.0,0.0,PAM,1,"COLOM, QUINO",15:55,4,2,4,0,2,0,0,0,0,0,0,0,0,0,0,1,3,2,-5.0
2019,164,0,P004761   ,0.0,0.0,PAM,2,"MARINKOVIC, VANJA",04:44,0,0,2,0,1,0,0,0,0,0,0,0,0,0,0,0,0,-3,-2.0
2019,164,0,P009754   ,0.0,0.0,PAM,3,"LOYD, JORDAN",14:48,2,0,3,0,5,2,2,0,3,3,0,0,1,0,0,2,2,-4,-9.0
2019,164,0,P006726   ,1.0,1.0,PAM,5,"NDOUR, MAURICE",21:58,7,3,6,0,0,1,1,0,2,2,3,2,1,0,0,2,3,11,5.0
2019,164,0,P003733   ,0.0,1.0,PAM,6,"ABALDE, ALBERTO",24:42,9,3,3,1,3,0,0,5,6,11,2,0,0,0,0,1,1,20,0.0
2019,164,0,P004884   ,0.0,1.0,PAM,7,"LABEYRIE, LOUIS",19:21,11,5,5,0,0,1,2,1,2,3,1,0,1,0,0,1,3,15,8.0
2019,164,0,PLRQ      ,1.0,1.0,PAM,9,"VAN ROSSOM, SAM",23:55,3,0,2,1,4,0,0,1,3,4,7,1,3,0,0,0,0,7,14.0
2019,164,0,P006599   ,0.0,0.0,PAM,12,"MOTUM, BROCK",14:05,7,1,4,1,1,2,2,1,1,2,0,2,0,0,0,1,1,8,-11.0
2019,164,0,P002361   ,0.0,0.0,PAM,16,"VIVES, GUILLEM",DNP,0,0,0,0,0,0,0,0,0,0,0,0,0,0,0,0,0,0,0.0
2019,164,0,P000518   ,1.0,1.0,PAM,19,"SAN EMETERIO, FERNANDO",20:01,18,2,2,4,4,2,2,0,1,1,5,1,1,0,0,1,2,25,20.0
2019,164,0,P002936   ,1.0,0.0,PAM,30,"SASTRE, JOAN",15:55,10,2,2,2,2,0,0,1,2,3,0,1,1,0,0,1,0,12,9.0
2019,164,0,P002763   ,1.0,0.0,PAM,42,"DOORNEKAMP, AARON",24:36,13,2,2,3,7,0,0,2,1,3,1,0,1,0,0,2,1,11,16.0
2019,164,0,Team,0.0,0.0,PAM,,Team,,0,0,0,0,0,0,0,1,1,2,0,0,2,0,0,0,0,0,
2019,164,0,Total,,,PAM,,Total,200:00,84,20,35,12,29,8,9,12,22,34,19,7,11,0,0,12,16,104,
2019,165,1,P007200   ,1.0,0.0,IST,0,"LARKIN, SHANE",34:02,23,4,7,4,8,3,3,1,2,3,4,2,2,1,1,0,7,30,19.0
2019,165,1,P006590   ,0.0,0.0,IST,1,"BEAUBOIS, RODRIGUE",18:20,8,1,3,2,6,0,0,0,0,0,2,1,0,0,0,3,0,2,8.0
2019,165,1,P006614   ,1.0,0.0,IST,2,"SINGLETON, CHRIS",26:41,16,2,4,4,5,0,0,0,1,1,1,0,0,1,1,2,3,16,18.0
2019,165,1,P003521   ,0.0,1.0,IST,4,"BALBAY, DOGUS",07:28,0,0,0,0,0,0,0,0,1,1,0,0,0,1,0,1,0,1,0.0
2019,165,1,P005686   ,0.0,1.0,IST,8,"GECIM, TOLGA",01:57,0,0,2,0,0,0,0,1,1,2,1,0,0,0,0,0,0,1,1.0
2019,165,1,P002968   ,0.0,1.0,IST,15,"SANLI, SERTAC",15:45,13,3,4,1,2,4,4,0,1,1,1,0,1,0,0,4,3,11,3.0
2019,165,1,P001833   ,0.0,0.0,IST,18,"MOERMAN, ADRIEN",DNP,0,0,0,0,0,0,0,0,0,0,0,0,0,0,0,0,0,0,0.0
2019,165,1,P002925   ,0.0,1.0,IST,19,"TUNCER, BUGRAHAN",11:32,3,1,3,0,1,1,1,0,2,2,3,0,0,0,0,1,0,4,1.0
2019,165,1,PLHK      ,1.0,0.0,IST,21,"PLEISS, TIBOR",21:56,8,4,4,0,1,0,0,0,6,6,1,0,1,1,0,2,1,13,13.0
2019,165,1,P005938   ,1.0,0.0,IST,23,"ANDERSON, JAMES",15:48,6,3,4,0,1,0,0,1,5,6,0,2,1,0,0,2,1,10,14.0
2019,165,1,P008829   ,0.0,1.0,IST,25,"PETERS, ALEC",15:38,4,2,2,0,1,0,0,0,2,2,1,1,1,0,0,1,0,5,6.0
2019,165,1,PCPR      ,1.0,0.0,IST,44,"SIMON, KRUNOSLAV",30:53,7,1,2,1,4,2,2,0,6,6,5,1,1,0,0,2,2,14,17.0
2019,165,1,Team,0.0,0.0,IST,,Team,,0,0,0,0,0,0,0,1,4,5,0,0,0,0,0,0,0,5,
2019,165,1,Total,,,IST,,Total,200:00,88,21,35,12,29,10,10,4,31,35,19,7,7,4,2,18,17,112,
2019,165,0,P005884   ,0.0,1.0,MIL,0,"DELLA VALLE, AMEDEO",13:27,5,1,3,1,1,0,0,1,0,1,0,0,0,0,0,1,1,4,-5.0
2019,165,0,P000529   ,1.0,0.0,MIL,5,"MICOV, VLADIMIR",20:56,8,1,5,2,3,0,0,2,2,4,2,0,1,0,0,1,1,8,-8.0
2019,165,0,P009903   ,0.0,1.0,MIL,6,"BILIGHA, PAUL",18:04,2,1,2,0,1,0,0,0,1,1,2,1,2,0,0,2,0,0,1.0
2019,165,0,P003120   ,0.0,0.0,MIL,7,"GUDAITIS, ARTURAS",20:22,11,2,4,0,0,7,9,2,5,7,0,1,3,1,0,1,7,19,-11.0
2019,165,0,P004974   ,0.0,0.0,MIL,10,"ROLL, MICHAEL",16:59,10,2,3,2,3,0,0,0,4,4,1,0,0,0,0,1,2,14,-8.0
2019,165,0,PCVM      ,0.0,0.0,MIL,13,"RODRIGUEZ, SERGIO",16:26,3,0,4,1,4,0,0,1,2,3,1,0,0,0,1,2,0,-3,-5.0
2019,165,0,P008004   ,1.0,0.0,MIL,15,"TARCZEWSKI, KALEB",18:31,10,4,6,0,0,2,2,3,3,6,2,1,4,1,1,5,1,9,-6.0
2019,165,0,P000848   ,1.0,0.0,MIL,16,"NEDOVIC, NEMANJA",15:07,3,1,1,0,1,1,1,0,2,2,5,0,0,0,0,1,2,10,-8.0
2019,165,0,PKIW      ,0.0,1.0,MIL,20,"CINCIARINI, ANDREA",06:24,0,0,1,0,0,0,0,0,0,0,0,0,0,0,0,0,0,-1,-6.0
2019,165,0,P005692   ,0.0,1.0,MIL,23,"BURNS, CHRISTIAN",03:59,0,0,1,0,1,0,0,0,1,1,0,0,0,0,0,1,0,-2,-4.0
2019,165,0,P010093   ,1.0,1.0,MIL,28,"SYKES, KEIFER",31:08,7,2,9,1,4,0,0,2,2,4,4,2,2,0,1,2,1,3,-23.0
2019,165,0,PAJG      ,1.0,0.0,MIL,40,"SCOLA, LUIS",18:37,9,4,8,0,5,1,1,0,2,2,0,0,0,0,1,1,3,3,-17.0
2019,165,0,Team,0.0,0.0,MIL,,Team,,0,0,0,0,0,0,0,2,3,5,0,0,0,0,0,0,0,5,
2019,165,0,Total,,,MIL,,Total,200:00,68,18,47,7,23,11,13,13,27,40,17,5,12,2,4,18,18,69,
2019,166,1,P007400   ,0.0,1.0,ULK,2,"NUNNALLY, JAMES",16:43,8,0,2,2,3,2,2,0,0,0,0,0,0,0,0,1,1,5,7.0
2019,166,1,P002543   ,1.0,1.0,ULK,9,"WESTERMANN, LEO",12:36,2,1,1,0,2,0,0,0,3,3,4,2,1,0,1,3,3,7,1.0
2019,166,1,P002969   ,0.0,1.0,ULK,10,"MAHMUTOGLU, MELIH",08:02,0,0,1,0,0,0,0,0,0,0,0,0,0,0,0,2,0,-3,9.0
2019,166,1,P004866   ,0.0,0.0,ULK,12,"KALINIC, NIKOLA",17:33,4,1,1,0,1,2,2,1,2,3,1,2,3,0,0,4,2,4,13.0
2019,166,1,P001926   ,0.0,0.0,ULK,16,"SLOUKAS, KOSTAS",27:24,10,1,2,2,2,2,2,0,6,6,10,0,3,0,0,0,2,24,21.0
2019,166,1,P002100   ,1.0,0.0,ULK,19,"DE COLO, NANDO",23:46,16,6,11,0,3,4,4,1,2,3,1,0,2,0,0,0,6,16,15.0
2019,166,1,P009006   ,1.0,0.0,ULK,21,"WILLIAMS, DERRICK",28:11,16,3,3,3,4,1,1,0,2,2,1,2,0,0,0,3,2,19,15.0
2019,166,1,P004251   ,1.0,1.0,ULK,23,"THOMAS, MALCOLM",09:13,2,1,4,0,0,0,0,3,0,3,0,1,1,0,1,4,1,-2,1.0
2019,166,1,P000925   ,0.0,0.0,ULK,24,"VESELY, JAN",22:32,10,3,7,0,0,4,6,1,3,4,2,0,2,1,0,2,6,13,9.0
2019,166,1,P001324   ,0.0,0.0,ULK,35,"MUHAMMED, ALI",DNP,0,0,0,0,0,0,0,0,0,0,0,0,0,0,0,0,0,0,0.0
2019,166,1,PCCD      ,1.0,1.0,ULK,70,"DATOME, LUIGI",22:27,12,3,4,2,4,0,0,1,5,6,1,2,1,1,0,1,1,18,9.0
2019,166,1,P004194   ,0.0,0.0,ULK,77,"LAUVERGNE, JOFFREY",11:33,6,2,5,0,0,2,2,1,3,4,1,0,1,0,1,1,2,7,10.0
2019,166,1,Team,0.0,0.0,ULK,,Team,,0,0,0,0,0,0,0,1,0,1,0,0,0,0,0,0,0,1,
2019,166,1,Total,,,ULK,,Total,200:00,86,21,41,9,19,17,19,9,26,35,21,9,14,2,3,21,26,109,
2019,166,0,P005247   ,1.0,0.0,ASV,2,"TAYLOR, JORDAN",14:06,3,0,2,0,1,3,4,0,0,0,3,0,2,0,0,4,4,0,-6.0
2019,166,0,P009733   ,1.0,0.0,ASV,3,"JEKIRI, TONYE",17:39,6,1,4,0,0,4,4,2,2,4,1,4,1,0,0,3,2,10,-12.0
2019,166,0,PKIR      ,1.0,0.0,ASV,5,"KAHUDI, CHARLES",19:45,0,0,2,0,2,0,0,0,3,3,0,0,1,0,2,1,1,-4,-8.0
2019,166,0,P007027   ,1.0,1.0,ASV,6,"MALEDON, THEO",23:20,8,2,4,1,3,1,1,1,2,3,4,0,3,1,0,1,2,10,-17.0
2019,166,0,P005553   ,0.0,1.0,ASV,9,"LOMAZS, RIHARDS",16:23,2,0,2,0,2,2,2,0,1,1,1,0,2,0,0,1,3,0,-15.0
2019,166,0,P008851   ,0.0,1.0,ASV,11,"GALLIOU, CHARLES",12:16,0,0,0,0,0,0,0,0,1,1,0,0,0,1,0,1,0,1,-8.0
2019,166,0,P006068   ,0.0,1.0,ASV,12,"NOUA, AMINE",22:33,12,4,7,0,1,4,4,2,4,6,0,0,2,0,0,2,2,12,-22.0
2019,166,0,P002536   ,1.0,0.0,ASV,17,"JEAN-CHARLES, LIVIO",23:15,10,3,6,1,1,1,1,2,1,3,1,0,0,1,0,2,2,12,-9.0
2019,166,0,PTFK      ,0.0,0.0,ASV,19,"DIOT, ANTOINE",15:00,8,1,1,2,3,0,0,0,2,2,1,2,1,0,0,1,0,10,-5.0
2019,166,0,P003526   ,0.0,0.0,ASV,23,"LIGHTY, DAVID",18:25,4,2,4,0,2,0,0,0,1,1,2,0,1,0,0,3,3,2,-8.0
2019,166,0,P008099   ,0.0,1.0,ASV,32,"STRAZEL, MATTHEW",06:29,3,0,0,1,2,0,0,0,0,0,1,0,1,0,0,2,0,0,-7.0
2019,166,0,P008348   ,0.0,0.0,ASV,33,"PAYNE, ADREIAN",10:49,8,3,5,0,2,2,4,1,1,2,0,1,2,0,0,5,2,0,7.0
2019,166,0,Team,0.0,0.0,ASV,,Team,,0,0,0,0,0,0,0,2,4,6,0,0,1,0,0,0,0,5,
2019,166,0,Total,,,ASV,,Total,200:00,64,16,37,5,19,17,20,10,22,32,14,7,17,3,2,26,21,58,
2019,167,1,P002972   ,0.0,0.0,OLY,1,"ROCHESTIE, TAYLOR",07:04,2,1,1,0,0,0,0,0,0,0,2,0,2,0,0,0,0,2,-11.0
2019,167,1,P009863   ,0.0,0.0,OLY,2,"BALDWIN IV, WADE",13:28,6,3,4,0,0,0,1,0,1,1,0,0,1,0,0,2,1,3,-22.0
2019,167,1,P004945   ,0.0,0.0,OLY,3,"PAUL, BRANDON",19:24,4,2,3,0,2,0,0,1,2,3,0,0,0,0,0,3,1,2,-20.0
2019,167,1,P004218   ,0.0,0.0,OLY,4,"CHARALAMPOPOULOS, VASILIS",DNP,0,0,0,0,0,0,0,0,0,0,0,0,0,0,0,0,0,0,0.0
2019,167,1,P005255   ,1.0,1.0,OLY,6,"KONIARIS, ANTONIOS",26:32,11,1,2,3,4,0,0,0,2,2,2,0,0,0,0,4,2,11,15.0
2019,167,1,PJUO      ,1.0,1.0,OLY,7,"SPANOULIS, VASSILIS",32:56,14,6,7,0,3,2,2,0,0,0,9,0,3,0,0,3,5,18,4.0
2019,167,1,P003941   ,1.0,1.0,OLY,11,"MILUTINOV, NIKOLA",27:31,15,5,5,0,0,5,6,1,5,6,1,2,1,0,0,0,4,26,-4.0
2019,167,1,P003469   ,0.0,0.0,OLY,14,"VEZENKOV, SASHA",14:42,7,2,3,1,5,0,0,0,0,0,1,0,1,0,0,1,1,2,-19.0
2019,167,1,PAMM      ,1.0,1.0,OLY,15,"PRINTEZIS, GEORGIOS",25:18,15,6,8,0,1,3,4,2,7,9,6,0,0,1,0,3,4,28,12.0
2019,167,1,P001255   ,1.0,1.0,OLY,16,"PAPANIKOLAOU, KOSTAS",20:36,7,1,3,1,3,2,2,0,1,1,1,1,3,0,2,4,1,-2,13.0
2019,167,1,P006477   ,0.0,0.0,OLY,21,"RUBIT, AUGUSTINE",12:29,5,2,3,0,0,1,1,0,2,2,0,0,1,0,0,1,1,5,-3.0
2019,167,1,Team,0.0,0.0,OLY,,Team,,0,0,0,0,0,0,0,1,0,1,0,0,0,0,0,0,0,1,
2019,167,1,Total,,,OLY,,Total,200:00,86,29,39,5,18,13,16,5,20,25,22,3,12,1,2,21,20,96,
2019,167,0,P007125   ,0.0,0.0,BER,3,"SIVA, PEYTON",15:43,12,2,3,2,3,2,2,0,1,1,3,0,2,0,0,0,2,14,-6.0
2019,167,0,P001557   ,1.0,1.0,BER,5,"GIFFEY, NIELS",13:00,4,1,3,0,1,2,2,0,1,1,0,0,2,0,0,0,2,2,-11.0
2019,167,0,P003151   ,0.0,1.0,BER,8,"ERIKSSON, MARCUS",27:58,22,1,2,6,9,2,3,0,1,1,0,1,0,0,0,0,3,22,23.0
2019,167,0,P007025   ,0.0,0.0,BER,9,"MATTISSECK, JONAS",03:52,0,0,0,0,0,0,0,0,0,0,0,0,0,0,0,1,0,-1,-3.0
2019,167,0,P006251   ,0.0,0.0,BER,10,"SCHNEIDER, TIM",02:32,0,0,0,0,0,0,0,0,0,0,0,0,0,0,0,0,0,0,-5.0
2019,167,0,P008780   ,1.0,1.0,BER,15,"HERMANNSSON, MARTIN",27:23,18,5,8,1,3,5,5,0,1,1,6,0,2,0,0,2,4,20,6.0
2019,167,0,P003242   ,0.0,0.0,BER,25,"OGBE, KENNETH",08:14,3,0,1,1,1,0,0,0,0,0,1,0,0,0,0,0,0,3,10.0
2019,167,0,P006436   ,1.0,1.0,BER,31,"GIEDRAITIS, ROKAS",24:51,15,2,4,3,6,2,2,0,5,5,1,1,1,0,0,3,2,15,7.0
2019,167,0,P003958   ,0.0,0.0,BER,32,"THIEMANN, JOHANNES",15:07,4,2,3,0,0,0,0,2,1,3,2,1,1,0,1,4,0,3,-1.0
2019,167,0,P009601   ,0.0,0.0,BER,34,"CAVANAUGH, TYLER",15:31,0,0,0,0,0,0,0,1,1,2,0,2,0,0,0,1,2,5,-2.0
2019,167,0,P009051   ,1.0,0.0,BER,35,"NNOKO, LANDRY",21:20,4,2,3,0,0,0,0,1,1,2,2,0,1,2,0,5,0,3,8.0
2019,167,0,P006589   ,1.0,1.0,BER,43,"SIKMA, LUKE",24:29,11,3,4,0,0,5,7,0,4,4,4,1,1,0,0,4,6,18,9.0
2019,167,0,Team,0.0,0.0,BER,,Team,,0,0,0,0,0,0,0,0,3,3,0,0,1,0,0,0,0,2,
2019,167,0,Total,,,BER,,Total,200:00,93,18,31,13,23,18,21,4,19,23,19,6,11,2,1,20,21,106,
2019,168,1,P009846   ,1.0,1.0,TEL,0,"BRYANT, ELIJAH",17:20,2,1,2,0,2,0,0,2,3,5,1,1,1,0,0,1,0,4,-5.0
2019,168,1,P006661   ,1.0,1.0,TEL,1,"WILBEKIN, SCOTTIE",28:15,18,1,7,4,9,4,4,0,2,2,3,1,4,0,0,2,4,11,1.0
2019,168,1,P009847   ,1.0,1.0,TEL,2,"ACY, QUINCY",04:50,0,0,1,0,1,0,0,0,2,2,0,0,1,0,0,3,0,-4,-1.0
2019,168,1,P007942   ,0.0,0.0,TEL,3,"REYNOLDS, JALEN",16:18,6,2,5,0,0,2,4,2,3,5,2,2,1,0,0,2,2,9,2.0
2019,168,1,P005771   ,0.0,0.0,TEL,4,"CALOIARO, ANGELO",25:32,12,2,2,2,3,2,2,0,1,1,1,1,0,0,0,5,3,12,4.0
2019,168,1,P005160   ,1.0,1.0,TEL,5,"HUNTER, OTHELLO",23:42,12,5,9,0,0,2,2,4,3,7,2,0,0,0,1,3,4,17,5.0
2019,168,1,P007675   ,0.0,0.0,TEL,8,"AVDIJA, DENI",11:34,3,0,0,1,2,0,0,0,1,1,2,0,0,0,0,1,0,4,19.0
2019,168,1,P003413   ,0.0,0.0,TEL,9,"JACKSON, AARON",09:11,2,1,1,0,0,0,0,0,1,1,3,0,2,0,0,5,0,-1,13.0
2019,168,1,P009849   ,0.0,1.0,TEL,11,"DORSEY, TYLER",24:25,19,1,3,5,9,2,4,0,0,0,1,2,2,0,0,1,7,18,1.0
2019,168,1,P006555   ,0.0,0.0,TEL,14,"WOLTERS, NATE",09:22,3,0,1,1,1,0,0,0,2,2,3,0,0,0,0,0,0,7,-1.0
2019,168,1,P005145   ,0.0,0.0,TEL,15,"COHEN, JAKE",09:38,8,2,2,1,1,1,2,0,1,1,0,1,0,0,0,1,1,9,4.0
2019,168,1,P006625   ,1.0,0.0,TEL,50,"ZOOSMAN, YOVEL",19:53,7,3,5,0,0,1,2,0,2,2,1,2,1,0,1,2,2,7,-7.0
2019,168,1,Team,0.0,0.0,TEL,,Team,,0,0,0,0,0,0,0,2,2,4,0,0,1,0,0,0,0,3,
2019,168,1,Total,,,TEL,,Total,200:00,92,18,38,14,28,14,20,10,23,33,19,10,13,0,2,26,23,96,
2019,168,0,P007870   ,0.0,0.0,BAR,0,"DAVIES, BRANDON",10:39,7,3,4,0,0,1,1,0,0,0,0,0,2,0,0,4,1,1,4.0
2019,168,0,PJUG      ,0.0,0.0,BAR,5,"RIBAS, PAU",05:03,0,0,0,0,0,0,0,0,0,0,2,0,1,0,0,1,0,0,1.0
2019,168,0,P005099   ,1.0,0.0,BAR,8,"HANGA, ADAM",20:19,0,0,1,0,1,0,0,0,1,1,6,0,1,0,0,0,2,6,-1.0
2019,168,0,P007109   ,0.0,0.0,BAR,10,"SMITS, ROLANDS",02:01,0,0,0,0,0,0,0,0,1,1,0,0,0,0,0,0,0,1,7.0
2019,168,0,P005917   ,0.0,1.0,BAR,18,"ORIOLA, PIERRE",17:44,3,0,0,1,3,0,2,0,0,0,0,1,0,0,0,1,2,1,-12.0
2019,168,0,P003478   ,0.0,0.0,BAR,21,"ABRINES, ALEX",DNP,0,0,0,0,0,0,0,0,0,0,0,0,0,0,0,0,0,0,0.0
2019,168,0,P006450   ,1.0,1.0,BAR,22,"HIGGINS, CORY",31:45,13,3,6,1,3,4,6,0,2,2,1,0,4,1,0,2,6,10,-17.0
2019,168,0,P004331   ,0.0,1.0,BAR,23,"DELANEY, MALCOLM",23:44,13,1,3,3,5,2,5,0,3,3,6,1,3,0,0,4,3,12,-1.0
2019,168,0,P005789   ,0.0,1.0,BAR,24,"KURIC, KYLE",17:50,10,1,2,2,5,2,2,1,1,2,2,0,0,0,0,0,1,11,2.0
2019,168,0,P000556   ,1.0,0.0,BAR,30,"CLAVER, VICTOR",22:10,6,2,2,0,2,2,2,0,3,3,1,1,0,1,0,3,1,8,-9.0
2019,168,0,P000796   ,1.0,1.0,BAR,33,"MIROTIC, NIKOLA",35:14,22,3,4,4,7,4,4,0,10,10,3,0,4,0,0,4,7,30,-11.0
2019,168,0,P002507   ,1.0,0.0,BAR,44,"TOMIC, ANTE",13:31,11,5,6,0,0,1,2,3,3,6,1,0,2,0,0,4,3,13,1.0
2019,168,0,Team,0.0,0.0,BAR,,Team,,0,0,0,0,0,0,0,1,2,3,0,0,0,0,0,0,0,3,
2019,168,0,Total,,,BAR,,Total,200:00,85,18,28,11,26,16,24,5,26,31,22,3,17,2,0,23,26,96,
2019,169,1,P005154   ,1.0,0.0,DYR,4,"IVERSON, COLTON",20:35,10,3,4,0,0,4,5,3,5,8,0,0,3,0,0,3,4,14,1.0
2019,169,1,P003425   ,0.0,1.0,DYR,6,"ALBICY, ANDREW",14:58,5,1,1,1,4,0,0,0,0,0,4,0,1,0,0,0,0,5,0.0
2019,169,1,P009917   ,1.0,0.0,DYR,9,"HOLLINS, AUSTIN",16:38,2,1,2,0,1,0,0,0,0,0,1,1,4,0,0,2,1,-3,2.0
2019,169,1,P005856   ,1.0,1.0,DYR,10,"THOMAS, WILL",28:47,19,6,6,1,2,4,4,2,4,6,0,2,0,0,0,2,3,27,12.0
2019,169,1,P005945   ,1.0,1.0,DYR,12,"RENFROE, ALEX",28:23,6,3,4,0,4,0,0,0,1,1,10,0,3,0,0,2,0,7,7.0
2019,169,1,P003370   ,0.0,0.0,DYR,14,"PUSHKOV, ANTON",03:39,0,0,0,0,1,0,0,0,0,0,0,0,1,1,0,0,0,-1,-6.0
2019,169,1,P007851   ,0.0,0.0,DYR,16,"TRUSHKIN, VLADISLAV",05:15,0,0,0,0,0,0,0,0,0,0,0,0,0,0,0,0,0,0,1.0
2019,169,1,P001389   ,0.0,0.0,DYR,18,"VORONOV, EVGENY",13:27,3,1,3,0,0,1,2,0,1,1,0,1,2,0,1,3,3,-1,0.0
2019,169,1,P003573   ,0.0,1.0,DYR,20,"ZUBKOV, ANDREY",17:58,3,1,2,0,0,1,2,1,0,1,0,0,0,1,0,2,1,2,2.0
2019,169,1,P005199   ,0.0,0.0,DYR,21,"ABROMAITIS, TIM",09:33,5,2,2,0,2,1,2,1,2,3,1,0,0,0,0,1,1,6,1.0
2019,169,1,P004172   ,1.0,1.0,DYR,25,"PONITKA, MATEUSZ",31:49,14,4,4,1,3,3,5,0,6,6,2,4,5,1,0,1,4,21,7.0
2019,169,1,P005927   ,0.0,0.0,DYR,34,"AYON, GUSTAVO",08:58,5,2,3,0,0,1,1,1,0,1,0,0,1,0,1,3,3,3,3.0
2019,169,1,Team,0.0,0.0,DYR,,Team,,0,0,0,0,0,0,0,0,1,1,0,0,1,0,0,0,0,0,
2019,169,1,Total,,,DYR,,Total,200:00,72,24,31,3,17,15,21,8,20,28,18,8,21,3,2,19,20,80,
2019,169,0,P005415   ,0.0,0.0,BAS,1,"PENAVA, AJDIN",DNP,0,0,0,0,0,0,0,0,0,0,0,0,0,0,0,0,0,0,0.0
2019,169,0,P008032   ,0.0,0.0,BAS,5,"GONZALEZ, MIGUEL",DNP,0,0,0,0,0,0,0,0,0,0,0,0,0,0,0,0,0,0,0.0
2019,169,0,P006754   ,1.0,1.0,BAS,7,"HENRY, PIERRIA",37:13,13,3,4,2,6,1,2,1,1,2,2,4,6,0,0,1,3,11,-5.0
2019,169,0,P004165   ,1.0,1.0,BAS,11,"JANNING, MATT",25:16,9,0,1,2,4,3,3,0,2,2,1,1,1,0,0,2,3,10,-6.0
2019,169,0,P003540   ,0.0,0.0,BAS,12,"DIOP, ILIMANE",11:02,4,1,4,0,0,2,2,1,1,2,0,0,1,1,1,1,2,3,-2.0
2019,169,0,P005458   ,0.0,0.0,BAS,17,"GARCIA, SERGI",02:50,0,0,0,0,0,0,0,0,0,0,0,0,2,0,0,0,0,-2,-1.0
2019,169,0,P006568   ,1.0,0.0,BAS,19,"FALL, YOUSSOUPHA",01:56,2,1,1,0,0,0,0,0,0,0,0,0,0,0,0,2,1,1,-2.0
2019,169,0,P009836   ,0.0,1.0,BAS,22,"STAUSKAS, NIK",28:00,15,2,4,3,6,2,2,1,0,1,2,2,2,0,1,4,1,9,1.0
2019,169,0,P001133   ,1.0,1.0,BAS,23,"SHENGELIA, TORNIKE",36:57,13,6,8,0,3,1,1,2,4,6,6,3,4,0,0,3,8,24,-4.0
2019,169,0,P007831   ,1.0,1.0,BAS,31,"SHIELDS, SHAVON",28:47,4,2,4,0,4,0,0,1,1,2,2,1,1,0,1,3,0,-2,-15.0
2019,169,0,P002084   ,0.0,0.0,BAS,33,"POLONARA, ACHILLE",10:12,0,0,0,0,2,0,0,0,0,0,0,0,0,1,0,1,0,-2,6.0
2019,169,0,P007360   ,0.0,0.0,BAS,50,"ERIC, MICHAEL",17:47,6,2,6,0,0,2,2,3,3,6,0,1,2,0,0,3,1,5,-2.0
2019,169,0,Team,0.0,0.0,BAS,,Team,,0,0,0,0,0,0,0,3,1,4,0,0,1,0,0,0,0,3,
2019,169,0,Total,,,BAS,,Total,200:00,66,17,32,7,25,11,12,12,13,25,13,12,20,2,3,20,19,60,
2019,170,1,P003479   ,1.0,0.0,RED,0,"KUZMIC, OGNJEN",13:19,8,2,2,0,0,4,5,5,3,8,1,1,0,1,0,1,3,20,-3.0
2019,170,1,P009862   ,0.0,1.0,RED,0,"PUNTER, KEVIN",21:40,5,1,3,1,5,0,0,0,0,0,0,1,0,0,0,1,3,2,-3.0
2019,170,1,P009622   ,1.0,1.0,RED,4,"BROWN, LORENZO",28:15,14,4,11,2,6,0,0,0,2,2,6,1,2,0,0,4,3,9,-2.0
2019,170,1,PLUO      ,1.0,0.0,RED,10,"LAZIC, BRANKO",17:08,2,1,2,0,3,0,0,0,2,2,0,1,2,0,1,5,0,-7,-4.0
2019,170,1,P005775   ,1.0,1.0,RED,12,"BARON, BILLY",23:49,9,1,4,2,5,1,1,0,2,2,1,1,1,0,0,3,2,5,-1.0
2019,170,1,P004007   ,0.0,1.0,RED,13,"DOBRIC, OGNJEN",14:32,5,0,1,1,4,2,2,0,2,2,0,0,0,1,0,2,1,3,-6.0
2019,170,1,P002980   ,0.0,1.0,RED,15,"GIST, JAMES",24:39,9,4,5,0,1,1,4,2,3,5,3,0,0,1,0,0,4,17,-4.0
2019,170,1,P005014   ,0.0,0.0,RED,22,"JENKINS, CHARLES",17:57,4,2,3,0,0,0,0,0,2,2,2,0,0,0,0,3,0,4,-1.0
2019,170,1,P005618   ,1.0,0.0,RED,28,"SIMANIC, BORISA",14:56,5,1,2,1,3,0,0,0,1,1,1,0,0,1,0,1,0,4,-2.0
2019,170,1,P003264   ,0.0,0.0,RED,32,"JOVANOVIC, NIKOLA",DNP,0,0,0,0,0,0,0,0,0,0,0,0,0,0,0,0,0,0,0.0
2019,170,1,P008801   ,0.0,0.0,RED,50,"OJO, MICHAEL",DNP,0,0,0,0,0,0,0,0,0,0,0,0,0,0,0,0,0,0,0.0
2019,170,1,PLBJ      ,0.0,0.0,RED,91,"STIMAC, VLADIMIR",23:45,9,3,4,0,1,3,6,4,3,7,3,1,2,0,0,0,4,17,-4.0
2019,170,1,Team,0.0,0.0,RED,,Team,,0,0,0,0,0,0,0,2,1,3,0,0,0,0,0,0,0,3,
2019,170,1,Total,,,RED,,Total,200:00,70,19,37,7,28,11,18,13,21,34,17,6,7,4,1,20,20,77,
2019,170,0,P008855   ,1.0,1.0,ZAL,0,"WALKUP, THOMAS",16:30,8,3,7,0,0,2,2,1,0,1,3,0,1,0,0,4,2,5,10.0
2019,170,0,P002429   ,0.0,1.0,ZAL,1,"RIVERS, KC",19:04,8,1,3,2,4,0,0,0,1,1,1,1,1,0,0,2,1,5,-7.0
2019,170,0,P003210   ,0.0,1.0,ZAL,4,"LEKAVICIUS, LUKAS",28:32,17,4,6,1,2,6,6,0,4,4,3,0,3,0,0,2,6,22,6.0
2019,170,0,P008962   ,0.0,0.0,ZAL,10,"HAYES, NIGEL",23:25,5,1,1,1,1,0,0,0,1,1,0,1,0,0,0,2,0,5,1.0
2019,170,0,PBWI      ,0.0,0.0,ZAL,13,"JANKUNAS, PAULIUS",15:07,0,0,0,0,2,0,0,0,3,3,0,1,1,0,0,2,1,0,-7.0
2019,170,0,P006158   ,0.0,0.0,ZAL,16,"LUKOSIUNAS, KAROLIS",DNP,0,0,0,0,0,0,0,0,0,0,0,0,0,0,0,0,0,0,0.0
2019,170,0,PKPD      ,1.0,0.0,ZAL,21,"MILAKNIS, ARTURAS",19:28,9,0,1,3,5,0,0,0,1,1,1,1,0,1,1,1,1,9,0.0
2019,170,0,P009753   ,1.0,0.0,ZAL,23,"GEBEN, MARTINAS",06:34,3,1,1,0,0,1,1,0,1,1,0,0,2,0,0,0,1,3,-4.0
2019,170,0,P007519   ,0.0,0.0,ZAL,31,"JOKUBAITIS, ROKAS",DNP,0,0,0,0,0,0,0,0,0,0,0,0,0,0,0,0,0,0,0.0
2019,170,0,P008987   ,0.0,0.0,ZAL,32,"LEDAY, ZACH",19:47,10,5,7,0,0,0,0,1,4,5,0,0,3,0,1,1,1,9,7.0
2019,170,0,P008820   ,1.0,1.0,ZAL,34,"LANDALE, JOCK",29:15,9,4,6,0,3,1,3,0,9,9,4,1,0,0,1,4,2,13,12.0
2019,170,0,P002329   ,1.0,1.0,ZAL,92,"ULANOVAS, EDGARAS",22:18,7,1,4,1,2,2,4,2,1,3,1,1,1,0,1,2,5,7,12.0
2019,170,0,Team,0.0,0.0,ZAL,,Team,,0,0,0,0,0,0,0,4,2,6,0,0,0,0,0,0,0,6,
2019,170,0,Total,,,ZAL,,Total,200:00,76,20,36,8,19,12,16,8,27,35,13,6,12,1,4,20,20,84,
2019,171,1,P005094   ,0.0,1.0,PAN,0,"THOMAS, DESHAUN",31:02,18,6,10,0,2,6,7,7,2,9,3,1,0,0,0,1,5,28,1.0
2019,171,1,P003367   ,0.0,1.0,PAN,5,"RICE, TYRESE",21:47,12,2,3,2,7,2,2,1,2,3,5,0,3,0,0,4,1,8,15.0
2019,171,1,P005844   ,1.0,0.0,PAN,6,"PAPAGIANNIS, GEORGIOS",18:01,8,4,7,0,0,0,0,0,5,5,0,0,0,4,0,3,2,13,20.0
2019,171,1,P010150   ,0.0,0.0,PAN,8,"RAUTINS, ANDREW JAY",06:51,0,0,0,0,1,0,0,1,0,1,0,0,0,0,0,1,1,0,-5.0
2019,171,1,P005161   ,1.0,1.0,PAN,10,"PAPAPETROU, IOANNIS",29:57,13,5,5,1,2,0,0,3,6,9,0,1,1,0,0,2,1,20,24.0
2019,171,1,PTFX      ,0.0,0.0,PAN,15,"VOUGIOUKAS, IAN",00:50,0,0,0,0,0,0,0,0,0,0,0,0,0,0,0,0,0,0,-2.0
2019,171,1,P009816   ,0.0,0.0,PAN,24,"JOHNSON, WESLEY",13:01,5,1,1,1,3,0,0,1,0,1,1,0,1,1,0,1,0,4,-7.0
2019,171,1,P009842   ,1.0,0.0,PAN,32,"FREDETTE, JIMMER",14:45,4,2,4,0,2,0,0,0,0,0,1,0,0,0,0,1,0,0,-5.0
2019,171,1,P001932   ,1.0,1.0,PAN,33,"CALATHES, NICK",33:39,11,2,4,1,5,4,6,0,3,3,12,0,5,0,0,2,3,14,23.0
2019,171,1,P009472   ,0.0,0.0,PAN,35,"WILEY, JACOB",13:41,11,3,7,0,0,5,8,3,1,4,0,0,0,0,1,1,4,10,2.0
2019,171,1,P007866   ,1.0,1.0,PAN,44,"MITOGLOU, KONSTANTINOS",13:49,11,4,4,1,2,0,0,1,1,2,2,1,0,0,0,2,1,14,9.0
2019,171,1,P009818   ,0.0,0.0,PAN,50,"BENTIL, BENJAMIN",02:37,5,1,2,0,0,3,3,2,1,3,0,0,0,0,0,0,2,9,0.0
2019,171,1,Team,0.0,0.0,PAN,,Team,,0,0,0,0,0,0,0,1,2,3,0,0,0,0,0,0,0,3,
2019,171,1,Total,,,PAN,,Total,200:00,98,30,47,6,24,20,26,20,23,43,24,3,10,5,1,18,20,123,
2019,171,0,P009834   ,0.0,0.0,MUN,5,"BRAY, THOMAS",19:39,14,0,1,4,8,2,2,1,0,1,5,1,3,0,1,2,3,13,-7.0
2019,171,0,PBOG      ,0.0,0.0,MUN,7,"KING, ALEX",02:11,0,0,0,0,0,0,0,0,0,0,0,0,0,0,0,1,0,-1,-8.0
2019,171,0,P004178   ,1.0,1.0,MUN,8,"KOPONEN, PETTERI",22:30,12,0,0,4,7,0,0,0,0,0,3,0,2,0,0,0,0,10,-23.0
2019,171,0,P009835   ,1.0,0.0,MUN,10,"MONROE, GREG",21:41,17,6,10,0,0,5,5,3,6,9,1,2,1,0,2,2,6,26,-1.0
2019,171,0,P001288   ,1.0,0.0,MUN,11,"LUCIC, VLADIMIR",30:08,4,2,3,0,3,0,0,1,4,5,0,0,2,0,0,3,5,5,-16.0
2019,171,0,P007032   ,1.0,1.0,MUN,12,"LO, MAODO",21:18,5,1,3,1,2,0,0,0,0,0,4,1,2,0,2,1,1,3,-12.0
2019,171,0,P005056   ,0.0,1.0,MUN,16,"ZIPSER, PAUL",24:11,10,1,4,2,5,2,2,1,2,3,4,0,1,1,0,3,1,9,7.0
2019,171,0,P005670   ,0.0,0.0,MUN,21,"FLACCADORI, DIEGO",02:09,0,0,0,0,0,0,0,0,0,0,0,0,0,0,0,1,0,-1,2.0
2019,171,0,P003490   ,1.0,0.0,MUN,22,"BARTHEL, DANILO",15:00,3,0,1,1,1,0,0,0,1,1,3,0,1,0,0,2,0,3,-8.0
2019,171,0,P003842   ,0.0,1.0,MUN,26,"LESSORT, MATHIAS",05:40,3,0,0,0,0,3,4,0,0,0,1,1,0,0,0,1,2,5,-1.0
2019,171,0,P009723   ,0.0,1.0,MUN,34,"HUESTIS, JOSHUA",22:54,11,1,4,3,4,0,0,0,2,2,1,1,1,0,0,3,0,7,5.0
2019,171,0,PLEM      ,0.0,0.0,MUN,43,"RADOSEVIC, LEON",12:39,4,2,4,0,0,0,0,0,0,0,2,0,0,0,0,1,0,3,-13.0
2019,171,0,Team,0.0,0.0,MUN,,Team,,0,0,0,0,0,0,0,1,1,2,0,0,0,0,0,0,0,2,
2019,171,0,Total,,,MUN,,Total,200:00,83,13,30,15,30,12,13,7,16,23,24,6,13,1,5,20,18,84,
2019,172,1,PKVZ      ,1.0,1.0,KHI,1,"SHVED, ALEXEY",29:15,21,3,3,5,7,0,0,1,4,5,13,1,6,0,0,3,2,31,-7.0
2019,172,1,P004810   ,0.0,0.0,KHI,3,"KRAMER, CHRIS",03:25,0,0,1,0,0,0,0,0,0,0,0,0,0,0,0,1,2,0,1.0
2019,172,1,P007056   ,1.0,0.0,KHI,5,"BOOKER, DEVIN",20:31,15,6,9,0,1,3,3,0,3,3,1,0,0,0,1,2,2,14,8.0
2019,172,1,P005718   ,1.0,1.0,KHI,6,"TIMMA, JANIS",33:08,13,2,4,2,7,3,3,1,4,5,3,3,3,1,0,3,3,15,15.0
2019,172,1,P004302   ,0.0,0.0,KHI,7,"KARASEV, SERGEY",16:23,10,2,2,2,3,0,0,0,0,0,2,0,0,0,0,4,1,8,16.0
2019,172,1,P001792   ,1.0,1.0,KHI,8,"ZAYTSEV, VYACHESLAV",19:01,4,2,3,0,0,0,0,1,0,1,1,0,0,0,0,3,1,3,-10.0
2019,172,1,P009748   ,1.0,0.0,KHI,11,"JEREBKO, JONAS",22:58,11,4,6,0,1,3,4,1,3,4,4,1,1,0,1,3,2,13,-2.0
2019,172,1,PBFX      ,0.0,0.0,KHI,12,"MONIA, SERGEY",DNP,0,0,0,0,0,0,0,0,0,0,0,0,0,0,0,0,0,0,0.0
2019,172,1,P008001   ,0.0,0.0,KHI,13,"GILL, ANTHONY",16:38,13,1,1,3,5,2,2,0,1,1,1,2,1,0,0,3,2,13,15.0
2019,172,1,P004863   ,0.0,1.0,KHI,24,"JOVIC, STEFAN",19:19,6,0,0,2,2,0,2,0,0,0,3,1,2,0,0,3,2,5,6.0
2019,172,1,P007432   ,0.0,1.0,KHI,40,"EVANS, JEREMY",19:22,9,2,4,1,1,2,2,2,2,4,1,1,0,0,0,1,2,14,-2.0
2019,172,1,P000436   ,0.0,0.0,KHI,45,"BERTANS, DAIRIS",DNP,0,0,0,0,0,0,0,0,0,0,0,0,0,0,0,0,0,0,0.0
2019,172,1,Team,0.0,0.0,KHI,,Team,,0,0,0,0,0,0,0,2,3,5,0,0,0,0,0,0,0,5,
2019,172,1,Total,,,KHI,,Total,200:00,102,22,33,15,27,13,16,8,20,28,29,9,13,1,2,26,19,121,
2019,172,0,P001392   ,0.0,1.0,MAD,1,"CAUSEUR, FABIEN",19:25,17,3,5,3,4,2,2,0,2,2,4,0,2,0,0,1,2,19,5.0
2019,172,0,P005928   ,1.0,0.0,MAD,7,"CAMPAZZO, FACUNDO",22:43,10,1,2,1,3,5,5,0,0,0,3,2,3,0,1,1,4,11,-10.0
2019,172,0,P006435   ,0.0,1.0,MAD,8,"LAPROVITTOLA, NICOLAS",15:36,6,0,1,0,2,6,8,0,2,2,6,0,1,0,0,2,7,13,9.0
2019,172,0,PAAX      ,0.0,1.0,MAD,9,"REYES, FELIPE",09:56,7,3,4,0,1,1,2,0,2,2,0,1,1,0,0,3,2,5,8.0
2019,172,0,P009005   ,1.0,0.0,MAD,14,"DECK, GABRIEL",11:54,4,2,4,0,1,0,0,0,1,1,2,0,1,0,0,0,0,3,-11.0
2019,172,0,P001960   ,0.0,0.0,MAD,20,"CARROLL, JAYCEE",12:40,5,1,1,1,4,0,0,0,1,1,1,0,0,0,0,1,1,4,-8.0
2019,172,0,P005791   ,1.0,0.0,MAD,22,"TAVARES, WALTER",22:58,4,2,3,0,0,0,0,0,1,1,0,3,2,2,0,1,2,8,-12.0
2019,172,0,PTGB      ,0.0,1.0,MAD,23,"LLULL, SERGIO",12:11,3,0,0,1,2,0,0,1,0,1,2,1,1,0,0,2,0,3,5.0
2019,172,0,P008847   ,0.0,1.0,MAD,25,"MICKEY, JORDAN",25:19,20,4,6,2,2,6,6,2,3,5,3,1,0,0,0,2,4,29,11.0
2019,172,0,P005836   ,1.0,0.0,MAD,33,"THOMPKINS, TREY",26:05,10,2,4,2,5,0,0,0,3,3,1,0,0,0,0,3,1,7,-10.0
2019,172,0,P006546   ,1.0,0.0,MAD,44,"TAYLOR, JEFFERY",19:37,8,1,1,2,3,0,0,2,0,2,1,0,1,0,0,2,2,9,-22.0
2019,172,0,P005196   ,0.0,0.0,MAD,50,"MEJRI, SALAH",01:36,0,0,0,0,0,0,0,0,0,0,0,0,0,0,0,1,0,-1,-5.0
2019,172,0,Team,0.0,0.0,MAD,,Team,,0,0,0,0,0,0,0,2,2,4,0,0,0,0,0,0,0,4,
2019,172,0,Total,,,MAD,,Total,200:00,94,19,31,12,27,20,23,7,17,24,23,8,12,2,1,19,25,114,
2019,173,1,P007400   ,0.0,1.0,ULK,2,"NUNNALLY, JAMES",23:15,11,0,2,2,3,5,5,1,2,3,1,0,2,1,0,3,3,11,13.0
2019,173,1,P002543   ,1.0,0.0,ULK,9,"WESTERMANN, LEO",03:42,0,0,0,0,1,0,0,0,1,1,1,0,2,0,0,0,1,0,0.0
2019,173,1,P002969   ,0.0,0.0,ULK,10,"MAHMUTOGLU, MELIH",04:39,0,0,0,0,1,0,0,0,0,0,0,0,0,0,0,1,0,-2,-5.0
2019,173,1,P004866   ,0.0,1.0,ULK,12,"KALINIC, NIKOLA",24:40,12,2,5,2,4,2,2,0,1,1,1,1,2,0,1,3,2,6,5.0
2019,173,1,P001926   ,0.0,1.0,ULK,16,"SLOUKAS, KOSTAS",33:01,14,2,4,2,4,4,4,0,7,7,11,0,3,0,1,1,3,26,-9.0
2019,173,1,P002100   ,1.0,1.0,ULK,19,"DE COLO, NANDO",29:28,12,3,4,1,2,3,3,1,1,2,1,0,4,0,0,3,3,9,6.0
2019,173,1,P009006   ,1.0,0.0,ULK,21,"WILLIAMS, DERRICK",26:40,7,2,3,0,7,3,4,1,2,3,1,0,1,1,0,4,2,0,-21.0
2019,173,1,P004251   ,1.0,0.0,ULK,23,"THOMAS, MALCOLM",04:39,2,0,1,0,0,2,2,1,0,1,0,0,0,0,0,1,1,2,-11.0
2019,173,1,P000925   ,0.0,0.0,ULK,24,"VESELY, JAN",17:37,7,3,3,0,0,1,4,2,4,6,0,1,1,0,0,5,4,9,16.0
2019,173,1,P001324   ,0.0,0.0,ULK,35,"MUHAMMED, ALI",06:57,2,1,1,0,0,0,0,0,0,0,0,1,1,0,0,0,1,3,4.0
2019,173,1,PCCD      ,1.0,1.0,ULK,70,"DATOME, LUIGI",18:07,7,2,3,1,4,0,0,1,2,3,0,0,1,1,0,4,0,2,-16.0
2019,173,1,P004194   ,0.0,0.0,ULK,77,"LAUVERGNE, JOFFREY",07:15,0,0,0,0,0,0,2,0,1,1,2,0,0,0,0,2,1,0,-12.0
2019,173,1,Team,0.0,0.0,ULK,,Team,,0,0,0,0,0,0,0,3,3,6,0,0,0,0,0,0,0,6,
2019,173,1,Total,,,ULK,,Total,200:00,74,15,26,8,26,20,26,10,24,34,18,3,17,3,2,27,21,72,
2019,173,0,P007870   ,1.0,1.0,BAR,0,"DAVIES, BRANDON",31:37,12,4,8,0,0,4,7,1,5,6,4,3,1,0,0,3,8,22,9.0
2019,173,0,PJUG      ,0.0,0.0,BAR,5,"RIBAS, PAU",DNP,0,0,0,0,0,0,0,0,0,0,0,0,0,0,0,0,0,0,0.0
2019,173,0,P005099   ,1.0,0.0,BAR,8,"HANGA, ADAM",15:26,6,2,2,0,2,2,2,0,1,1,2,1,1,0,0,3,1,5,-5.0
2019,173,0,P007109   ,0.0,0.0,BAR,10,"SMITS, ROLANDS",DNP,0,0,0,0,0,0,0,0,0,0,0,0,0,0,0,0,0,0,0.0
2019,173,0,P005917   ,0.0,0.0,BAR,18,"ORIOLA, PIERRE",09:49,2,1,2,0,0,0,0,1,0,1,0,0,0,0,0,2,0,0,-4.0
2019,173,0,P003478   ,0.0,0.0,BAR,21,"ABRINES, ALEX",06:24,0,0,2,0,1,0,0,0,0,0,1,0,0,0,1,0,0,-3,-12.0
2019,173,0,P006450   ,1.0,1.0,BAR,22,"HIGGINS, CORY",29:57,12,2,10,2,4,2,2,3,2,5,1,0,3,0,1,3,3,4,6.0
2019,173,0,P004331   ,0.0,1.0,BAR,23,"DELANEY, MALCOLM",24:34,14,1,3,4,7,0,0,0,2,2,2,0,1,1,0,3,2,12,11.0
2019,173,0,P005789   ,0.0,0.0,BAR,24,"KURIC, KYLE",14:04,5,0,0,1,4,2,2,3,1,4,0,0,2,0,0,0,2,6,4.0
2019,173,0,P000556   ,1.0,1.0,BAR,30,"CLAVER, VICTOR",29:45,17,3,4,3,3,2,2,1,0,1,2,0,1,0,0,4,1,15,14.0
2019,173,0,P000796   ,1.0,1.0,BAR,33,"MIROTIC, NIKOLA",34:00,12,3,8,0,4,6,6,2,9,11,2,0,0,1,1,0,8,24,5.0
2019,173,0,P002507   ,0.0,0.0,BAR,44,"TOMIC, ANTE",04:24,0,0,0,0,0,0,0,0,0,0,0,0,0,0,0,4,0,-4,2.0
2019,173,0,Team,0.0,0.0,BAR,,Team,,0,0,0,0,0,0,0,2,1,3,0,0,0,0,0,0,0,3,
2019,173,0,Total,,,BAR,,Total,200:00,80,16,39,10,25,18,21,13,21,34,14,4,9,2,3,22,25,84,
2019,174,1,P009846   ,0.0,1.0,TEL,0,"BRYANT, ELIJAH",07:38,3,0,0,1,4,0,0,1,1,2,0,0,1,0,0,4,0,-3,-1.0
2019,174,1,P006661   ,1.0,1.0,TEL,1,"WILBEKIN, SCOTTIE",27:39,22,4,5,4,9,2,3,0,4,4,4,0,1,0,0,2,4,24,9.0
2019,174,1,P009847   ,1.0,1.0,TEL,2,"ACY, QUINCY",23:01,5,1,1,1,4,0,0,0,4,4,1,1,2,1,0,1,0,6,9.0
2019,174,1,P007942   ,0.0,0.0,TEL,3,"REYNOLDS, JALEN",12:18,2,0,0,0,0,2,4,1,2,3,1,0,2,0,0,2,2,2,-7.0
2019,174,1,P005771   ,1.0,0.0,TEL,4,"CALOIARO, ANGELO",12:21,0,0,1,0,0,0,0,0,0,0,0,0,0,0,0,2,1,-2,1.0
2019,174,1,P005160   ,1.0,1.0,TEL,5,"HUNTER, OTHELLO",27:42,14,4,7,0,0,6,12,4,10,14,2,1,1,0,1,2,11,29,13.0
2019,174,1,P007675   ,0.0,0.0,TEL,8,"AVDIJA, DENI",12:14,2,1,1,0,1,0,0,0,2,2,0,0,0,0,0,1,0,2,5.0
2019,174,1,P003413   ,0.0,0.0,TEL,9,"JACKSON, AARON",11:35,2,1,2,0,1,0,0,0,0,0,0,0,1,0,1,1,1,-2,1.0
2019,174,1,P009849   ,0.0,0.0,TEL,11,"DORSEY, TYLER",20:47,13,2,7,3,5,0,2,0,1,1,0,2,1,0,1,1,2,6,-1.0
2019,174,1,P006555   ,0.0,0.0,TEL,14,"WOLTERS, NATE",11:23,2,1,4,0,0,0,0,0,1,1,2,0,0,0,1,2,0,-1,8.0
2019,174,1,P005145   ,0.0,0.0,TEL,15,"COHEN, JAKE",16:59,2,1,4,0,1,0,0,1,3,4,1,0,0,0,1,1,0,1,-3.0
2019,174,1,P006625   ,1.0,1.0,TEL,50,"ZOOSMAN, YOVEL",16:23,2,1,3,0,1,0,0,0,1,1,2,3,1,1,0,1,2,6,-4.0
2019,174,1,Team,0.0,0.0,TEL,,Team,,0,0,0,0,0,0,0,1,2,3,0,0,0,0,0,0,0,3,
2019,174,1,Total,,,TEL,,Total,200:00,69,16,35,9,26,10,21,8,31,39,13,7,10,2,5,20,23,71,
2019,174,0,P005884   ,0.0,0.0,MIL,0,"DELLA VALLE, AMEDEO",12:55,7,1,1,1,1,2,3,0,0,0,0,1,1,0,0,1,1,6,-1.0
2019,174,0,P000529   ,1.0,1.0,MIL,5,"MICOV, VLADIMIR",27:28,8,0,4,2,3,2,2,1,4,5,2,0,3,0,0,2,2,7,-6.0
2019,174,0,P009903   ,0.0,1.0,MIL,6,"BILIGHA, PAUL",26:56,2,1,2,0,2,0,0,0,2,2,2,0,0,4,0,1,1,7,-2.0
2019,174,0,P003120   ,0.0,1.0,MIL,7,"GUDAITIS, ARTURAS",20:14,1,0,3,0,0,1,4,2,7,9,0,0,1,1,0,3,4,5,2.0
2019,174,0,P004974   ,0.0,1.0,MIL,10,"ROLL, MICHAEL",21:16,8,2,4,1,2,1,2,0,3,3,2,1,2,0,0,3,1,6,-1.0
2019,174,0,PCVM      ,0.0,1.0,MIL,13,"RODRIGUEZ, SERGIO",19:48,8,1,7,2,4,0,0,0,1,1,1,0,1,0,0,3,2,0,-7.0
2019,174,0,P008004   ,1.0,0.0,MIL,15,"TARCZEWSKI, KALEB",14:06,4,2,3,0,0,0,0,2,3,5,2,0,1,0,0,5,1,5,-5.0
2019,174,0,P000848   ,1.0,0.0,MIL,16,"NEDOVIC, NEMANJA",10:08,10,1,2,2,5,2,2,0,2,2,1,0,0,0,1,0,3,11,1.0
2019,174,0,PKIW      ,0.0,0.0,MIL,20,"CINCIARINI, ANDREA",07:25,0,0,1,0,0,0,0,0,1,1,0,0,0,0,0,0,1,1,-3.0
2019,174,0,P005692   ,0.0,0.0,MIL,23,"BURNS, CHRISTIAN",DNP,0,0,0,0,0,0,0,0,0,0,0,0,0,0,0,0,0,0,0.0
2019,174,0,P010093   ,1.0,0.0,MIL,28,"SYKES, KEIFER",23:02,11,0,2,3,4,2,2,0,1,1,1,1,2,0,0,3,3,9,-1.0
2019,174,0,PAJG      ,1.0,0.0,MIL,40,"SCOLA, LUIS",16:42,4,2,3,0,3,0,2,0,5,5,1,2,3,0,1,2,1,1,-7.0
2019,174,0,Team,0.0,0.0,MIL,,Team,,0,0,0,0,0,0,0,1,1,2,0,0,0,0,0,0,0,2,
2019,174,0,Total,,,MIL,,Total,200:00,63,10,32,11,24,10,17,6,30,36,12,5,14,5,2,23,20,60,
2019,175,1,P009035   ,0.0,0.0,CSK,3,"BOLOMBOY, JOEL",17:09,3,0,2,1,4,0,0,0,3,3,0,2,0,0,0,0,2,5,13.0
2019,175,1,P005985   ,1.0,1.0,CSK,5,"JAMES, MIKE",28:32,33,3,8,5,9,12,14,1,2,3,3,1,1,0,2,0,8,34,7.0
2019,175,1,P004941   ,0.0,0.0,CSK,11,"ANTONOV, SEMEN",09:57,4,1,2,0,0,2,4,2,2,4,0,0,0,0,0,3,2,4,7.0
2019,175,1,P007201   ,1.0,1.0,CSK,17,"VOIGTMANN, JOHANNES",21:58,10,1,2,2,3,2,2,2,3,5,2,0,0,1,0,2,1,15,-2.0
2019,175,1,PLHI      ,0.0,0.0,CSK,20,"VORONTSEVICH, ANDREY",08:27,0,0,0,0,1,0,0,0,1,1,2,1,1,0,0,2,0,0,1.0
2019,175,1,P001844   ,0.0,0.0,CSK,23,"HACKETT, DANIEL",14:49,4,0,3,0,2,4,4,1,0,1,2,0,0,0,1,1,4,4,-1.0
2019,175,1,P007869   ,0.0,1.0,CSK,26,"SANT-ROOS, HOWARD",15:42,6,3,5,0,2,0,0,2,0,2,1,0,2,0,0,3,0,0,8.0
2019,175,1,P009766   ,0.0,0.0,CSK,31,"KOUFOS, KOSTA",12:39,6,3,4,0,0,0,0,1,1,2,1,1,1,1,0,4,1,6,-3.0
2019,175,1,P008989   ,1.0,0.0,CSK,32,"HILLIARD, DARRUN",24:21,14,1,3,4,5,0,0,0,1,1,2,0,2,0,0,1,1,12,-9.0
2019,175,1,PJLX      ,1.0,1.0,CSK,41,"KURBANOV, NIKITA",14:01,4,1,1,0,0,2,2,2,1,3,1,0,0,0,0,2,1,7,0.0
2019,175,1,P002812   ,1.0,1.0,CSK,42,"HINES, KYLE",19:46,4,1,2,0,0,2,2,2,3,5,4,0,1,1,0,3,1,10,-1.0
2019,175,1,P009767   ,0.0,0.0,CSK,84,"BAKER, RON",12:39,6,1,1,1,1,1,2,1,1,2,0,1,1,0,0,0,1,8,0.0
2019,175,1,Team,0.0,0.0,CSK,,Team,,0,0,0,0,0,0,0,0,1,1,0,0,1,0,0,0,0,0,
2019,175,1,Total,,,CSK,,Total,200:00,94,15,33,13,27,25,30,14,19,33,18,6,10,3,3,21,22,105,
2019,175,0,P005415   ,0.0,0.0,BAS,1,"PENAVA, AJDIN",DNP,0,0,0,0,0,0,0,0,0,0,0,0,0,0,0,0,0,0,0.0
2019,175,0,P008032   ,0.0,0.0,BAS,5,"GONZALEZ, MIGUEL",DNP,0,0,0,0,0,0,0,0,0,0,0,0,0,0,0,0,0,0,0.0
2019,175,0,P006754   ,1.0,1.0,BAS,7,"HENRY, PIERRIA",36:20,18,6,10,1,5,3,3,6,3,9,4,1,0,0,0,3,4,25,6.0
2019,175,0,P004165   ,1.0,1.0,BAS,11,"JANNING, MATT",28:12,12,3,3,2,7,0,0,1,0,1,1,1,2,0,0,3,0,5,3.0
2019,175,0,P003540   ,0.0,0.0,BAS,12,"DIOP, ILIMANE",04:02,0,0,0,0,0,0,0,0,1,1,0,0,0,0,0,2,0,-1,-7.0
2019,175,0,P005458   ,0.0,0.0,BAS,17,"GARCIA, SERGI",01:08,0,0,0,0,0,0,0,0,1,1,0,0,1,0,0,0,0,0,-4.0
2019,175,0,P006568   ,0.0,0.0,BAS,19,"FALL, YOUSSOUPHA",15:53,19,6,7,0,0,7,12,6,4,10,0,0,0,0,0,2,9,30,8.0
2019,175,0,P009836   ,0.0,1.0,BAS,22,"STAUSKAS, NIK",21:14,9,3,5,1,4,0,0,1,3,4,1,0,0,0,0,3,0,6,-11.0
2019,175,0,P001133   ,1.0,1.0,BAS,23,"SHENGELIA, TORNIKE",32:17,12,5,12,0,1,2,2,0,0,0,5,1,5,1,2,2,2,4,-15.0
2019,175,0,P007831   ,1.0,1.0,BAS,31,"SHIELDS, SHAVON",29:00,11,0,3,3,5,2,2,1,3,4,1,1,2,1,0,3,2,10,-3.0
2019,175,0,P002084   ,0.0,0.0,BAS,33,"POLONARA, ACHILLE",12:10,0,0,1,0,0,0,0,1,0,1,1,0,0,0,1,0,0,0,8.0
2019,175,0,P007360   ,1.0,0.0,BAS,50,"ERIC, MICHAEL",19:44,9,3,5,0,0,3,3,2,3,5,0,0,0,1,0,4,4,13,-5.0
2019,175,0,Team,0.0,0.0,BAS,,Team,,0,0,0,0,0,0,0,2,1,3,0,0,1,0,0,0,0,2,
2019,175,0,Total,,,BAS,,Total,200:00,90,26,46,7,22,17,22,20,19,39,13,4,11,3,3,22,21,94,
2019,176,1,P005154   ,0.0,0.0,DYR,4,"IVERSON, COLTON",16:34,8,4,6,0,0,0,0,5,2,7,2,1,2,1,1,2,1,13,-6.0
2019,176,1,P003425   ,0.0,1.0,DYR,6,"ALBICY, ANDREW",23:50,18,3,4,4,6,0,0,0,0,0,4,1,0,0,0,2,0,18,-5.0
2019,176,1,P009917   ,1.0,1.0,DYR,9,"HOLLINS, AUSTIN",20:58,3,0,0,1,5,0,0,1,1,2,0,2,0,0,1,2,2,2,-7.0
2019,176,1,P005856   ,0.0,1.0,DYR,10,"THOMAS, WILL",22:46,4,1,2,0,3,2,2,0,0,0,2,1,0,0,0,1,1,3,-6.0
2019,176,1,P005945   ,1.0,1.0,DYR,12,"RENFROE, ALEX",17:14,5,2,2,0,3,1,1,1,1,2,1,0,2,0,0,1,2,4,1.0
2019,176,1,P003370   ,0.0,0.0,DYR,14,"PUSHKOV, ANTON",DNP,0,0,0,0,0,0,0,0,0,0,0,0,0,0,0,0,0,0,0.0
2019,176,1,P007851   ,0.0,0.0,DYR,16,"TRUSHKIN, VLADISLAV",12:26,9,3,5,1,3,0,0,0,0,0,1,0,0,0,1,1,0,4,3.0
2019,176,1,P001389   ,0.0,1.0,DYR,18,"VORONOV, EVGENY",18:19,10,2,5,2,3,0,0,1,1,2,1,1,0,0,0,1,2,11,2.0
2019,176,1,P003573   ,1.0,0.0,DYR,20,"ZUBKOV, ANDREY",19:36,13,5,8,0,2,3,3,2,2,4,0,0,1,0,0,3,2,10,0.0
2019,176,1,P005199   ,0.0,0.0,DYR,21,"ABROMAITIS, TIM",08:42,2,1,1,0,2,0,0,0,2,2,0,0,0,0,0,2,2,2,1.0
2019,176,1,P004172   ,1.0,0.0,DYR,25,"PONITKA, MATEUSZ",19:35,5,1,4,1,4,0,0,2,3,5,0,0,2,0,0,2,3,3,-9.0
2019,176,1,P005927   ,1.0,0.0,DYR,34,"AYON, GUSTAVO",20:00,4,2,4,0,0,0,0,4,1,5,2,2,2,0,0,2,1,8,1.0
2019,176,1,Team,0.0,0.0,DYR,,Team,,0,0,0,0,0,0,0,2,0,2,0,0,1,0,0,0,0,1,
2019,176,1,Total,,,DYR,,Total,200:00,81,24,41,9,31,6,6,18,13,31,13,8,10,1,3,19,16,79,
2019,176,0,P006533   ,0.0,0.0,PAM,1,"COLOM, QUINO",DNP,0,0,0,0,0,0,0,0,0,0,0,0,0,0,0,0,0,0,0.0
2019,176,0,P004761   ,0.0,1.0,PAM,2,"MARINKOVIC, VANJA",13:50,14,2,3,2,3,4,4,0,2,2,0,0,1,0,0,4,2,11,6.0
2019,176,0,P009754   ,1.0,0.0,PAM,3,"LOYD, JORDAN",23:32,9,3,8,1,2,0,0,0,1,1,3,3,2,0,0,1,2,9,0.0
2019,176,0,P006726   ,1.0,1.0,PAM,5,"NDOUR, MAURICE",23:01,11,3,4,1,1,2,2,1,4,5,0,2,2,2,0,2,8,23,0.0
2019,176,0,P003733   ,0.0,0.0,PAM,6,"ABALDE, ALBERTO",20:42,9,3,3,1,2,0,0,0,2,2,1,0,2,0,0,2,0,7,14.0
2019,176,0,P004884   ,0.0,0.0,PAM,7,"LABEYRIE, LOUIS",16:59,0,0,2,0,0,0,0,0,0,0,0,0,1,0,0,3,0,-6,5.0
2019,176,0,PLRQ      ,0.0,1.0,PAM,9,"VAN ROSSOM, SAM",22:19,9,2,4,1,1,2,2,1,2,3,8,0,2,0,0,0,1,17,5.0
2019,176,0,P006599   ,0.0,0.0,PAM,12,"MOTUM, BROCK",16:47,12,4,4,1,2,1,1,1,1,2,2,0,1,0,0,2,2,14,-1.0
2019,176,0,P002361   ,1.0,1.0,PAM,16,"VIVES, GUILLEM",20:47,4,2,4,0,2,0,0,0,0,0,3,0,2,1,1,2,1,0,1.0
2019,176,0,P000518   ,1.0,0.0,PAM,19,"SAN EMETERIO, FERNANDO",18:50,7,1,2,1,1,2,2,0,3,3,1,0,2,0,0,0,2,10,-11.0
2019,176,0,P002936   ,0.0,0.0,PAM,30,"SASTRE, JOAN",DNP,0,0,0,0,0,0,0,0,0,0,0,0,0,0,0,0,0,0,0.0
2019,176,0,P002763   ,1.0,1.0,PAM,42,"DOORNEKAMP, AARON",23:13,11,1,1,3,3,0,0,0,2,2,1,0,1,0,0,0,1,14,6.0
2019,176,0,Team,0.0,0.0,PAM,,Team,,0,0,0,0,0,0,0,3,3,6,0,0,0,0,0,0,0,6,
2019,176,0,Total,,,PAM,,Total,200:00,86,21,35,11,17,11,11,6,20,26,19,5,16,3,1,16,19,105,
2019,177,1,P007200   ,1.0,0.0,IST,0,"LARKIN, SHANE",28:22,29,3,4,6,9,5,5,0,6,6,7,1,1,0,0,0,7,45,26.0
2019,177,1,P006590   ,0.0,0.0,IST,1,"BEAUBOIS, RODRIGUE",17:54,14,3,4,2,5,2,2,0,3,3,1,1,2,0,1,0,3,15,6.0
2019,177,1,P006614   ,1.0,0.0,IST,2,"SINGLETON, CHRIS",22:01,8,1,1,1,3,3,3,0,3,3,0,0,0,0,0,2,2,9,27.0
2019,177,1,P003521   ,0.0,0.0,IST,4,"BALBAY, DOGUS",10:40,4,2,2,0,0,0,0,0,0,0,2,0,0,0,0,0,0,6,9.0
2019,177,1,P005686   ,0.0,1.0,IST,8,"GECIM, TOLGA",02:17,0,0,0,0,0,0,0,0,0,0,0,0,0,0,0,0,0,0,-1.0
2019,177,1,P002968   ,1.0,1.0,IST,15,"SANLI, SERTAC",20:30,13,6,10,0,1,1,1,2,4,6,0,0,0,0,0,3,1,12,15.0
2019,177,1,P001833   ,0.0,1.0,IST,18,"MOERMAN, ADRIEN",11:17,0,0,1,0,2,0,0,1,0,1,0,1,1,0,0,2,0,-4,1.0
2019,177,1,P002925   ,0.0,1.0,IST,19,"TUNCER, BUGRAHAN",16:32,6,0,0,2,4,0,0,1,1,2,6,1,2,0,0,3,1,9,4.0
2019,177,1,PLHK      ,0.0,0.0,IST,21,"PLEISS, TIBOR",13:17,7,2,6,1,1,0,0,0,3,3,0,0,0,1,0,1,1,7,15.0
2019,177,1,P005938   ,1.0,0.0,IST,23,"ANDERSON, JAMES",20:24,10,2,3,2,2,0,0,2,3,5,0,0,1,0,0,2,0,11,14.0
2019,177,1,P008829   ,0.0,0.0,IST,25,"PETERS, ALEC",12:55,0,0,1,0,1,0,0,1,0,1,1,0,0,0,1,1,0,-2,-4.0
2019,177,1,PCPR      ,1.0,1.0,IST,44,"SIMON, KRUNOSLAV",23:51,10,2,5,2,2,0,0,2,2,4,6,0,0,0,0,0,0,17,23.0
2019,177,1,Team,0.0,0.0,IST,,Team,,0,0,0,0,0,0,0,0,0,0,0,0,0,0,0,0,0,0,
2019,177,1,Total,,,IST,,Total,200:00,101,21,37,16,30,11,11,9,25,34,23,4,7,1,2,14,15,125,
2019,177,0,P005247   ,0.0,0.0,ASV,2,"TAYLOR, JORDAN",DNP,0,0,0,0,0,0,0,0,0,0,0,0,0,0,0,0,0,0,0.0
2019,177,0,P009733   ,1.0,0.0,ASV,3,"JEKIRI, TONYE",10:46,4,2,5,0,0,0,0,0,0,0,1,0,0,0,0,2,0,0,-17.0
2019,177,0,P007027   ,1.0,1.0,ASV,6,"MALEDON, THEO",32:32,5,1,3,1,5,0,0,1,5,6,10,1,2,0,0,2,1,13,-25.0
2019,177,0,P005553   ,1.0,0.0,ASV,9,"LOMAZS, RIHARDS",23:13,9,3,5,1,6,0,0,0,0,0,1,1,0,0,0,2,1,3,-16.0
2019,177,0,P008851   ,0.0,1.0,ASV,11,"GALLIOU, CHARLES",20:57,3,0,0,1,3,0,0,1,1,2,1,0,0,0,0,0,0,4,-15.0
2019,177,0,P006068   ,1.0,1.0,ASV,12,"NOUA, AMINE",20:17,16,3,4,3,4,1,3,1,1,2,0,1,4,1,0,4,1,9,-8.0
2019,177,0,P002536   ,0.0,0.0,ASV,17,"JEAN-CHARLES, LIVIO",21:17,12,4,7,0,2,4,4,3,3,6,0,1,1,0,0,1,2,14,-17.0
2019,177,0,PTFK      ,0.0,0.0,ASV,19,"DIOT, ANTOINE",21:14,3,0,0,1,3,0,0,0,3,3,4,0,3,0,0,0,3,8,-20.0
2019,177,0,P004655   ,0.0,1.0,ASV,21,"BAKO, ISMAEL",12:23,5,1,4,0,0,3,4,2,2,4,0,0,0,1,0,1,2,7,-3.0
2019,177,0,P003526   ,1.0,0.0,ASV,23,"LIGHTY, DAVID",12:19,2,1,2,0,0,0,0,0,0,0,0,1,0,0,0,1,1,2,-4.0
2019,177,0,P008099   ,0.0,1.0,ASV,32,"STRAZEL, MATTHEW",09:45,3,0,1,1,1,0,0,0,0,0,3,0,0,0,0,2,0,3,-1.0
2019,177,0,P008348   ,0.0,0.0,ASV,33,"PAYNE, ADREIAN",15:17,12,3,5,1,2,3,3,0,4,4,3,0,1,0,1,0,3,17,-9.0
2019,177,0,Team,0.0,0.0,ASV,,Team,,0,0,0,0,0,0,0,2,2,4,0,0,0,0,0,0,0,4,
2019,177,0,Total,,,ASV,,Total,200:00,74,18,36,9,26,11,14,10,21,31,23,5,11,2,1,15,14,84,
2019,178,1,P003479   ,1.0,0.0,RED,0,"KUZMIC, OGNJEN",14:16,4,2,2,0,0,0,0,3,0,3,0,0,2,1,0,3,1,4,-5.0
2019,178,1,P009862   ,0.0,1.0,RED,0,"PUNTER, KEVIN",25:25,24,5,11,3,5,5,6,0,3,3,1,1,0,0,0,1,7,26,2.0
2019,178,1,P009622   ,1.0,1.0,RED,4,"BROWN, LORENZO",28:11,12,4,10,1,3,1,2,2,2,4,3,2,1,1,1,1,2,12,-10.0
2019,178,1,PLUO      ,1.0,1.0,RED,10,"LAZIC, BRANKO",28:06,5,1,2,1,4,0,0,1,2,3,1,1,2,0,0,3,2,3,-8.0
2019,178,1,P005775   ,1.0,1.0,RED,12,"BARON, BILLY",21:59,9,0,2,3,8,0,0,0,2,2,3,1,1,0,2,1,1,5,-15.0
2019,178,1,P004007   ,0.0,0.0,RED,13,"DOBRIC, OGNJEN",13:50,3,0,0,0,1,3,4,0,2,2,0,2,1,0,0,1,2,5,2.0
2019,178,1,P002980   ,0.0,0.0,RED,15,"GIST, JAMES",21:33,2,0,0,0,1,2,2,0,0,0,0,1,1,0,0,4,1,-2,-2.0
2019,178,1,P005014   ,0.0,0.0,RED,22,"JENKINS, CHARLES",19:04,4,2,2,0,0,0,0,0,2,2,2,1,3,0,0,3,1,4,-2.0
2019,178,1,P005618   ,1.0,0.0,RED,28,"SIMANIC, BORISA",19:50,8,1,2,2,5,0,0,1,1,2,2,1,2,0,0,2,0,5,-7.0
2019,178,1,P003264   ,0.0,0.0,RED,32,"JOVANOVIC, NIKOLA",05:23,0,0,2,0,0,0,0,0,0,0,0,0,1,0,0,2,0,-5,2.0
2019,178,1,P008801   ,0.0,0.0,RED,50,"OJO, MICHAEL",03:02,2,1,1,0,0,0,0,1,0,1,0,0,0,0,0,0,0,3,3.0
2019,178,1,PLBJ      ,0.0,1.0,RED,91,"STIMAC, VLADIMIR",24:21,12,4,4,0,1,4,4,4,2,6,0,2,1,0,0,2,3,19,-5.0
2019,178,1,Team,0.0,0.0,RED,,Team,,0,0,0,0,0,0,0,1,5,6,0,0,2,0,0,0,0,4,
2019,178,1,Total,,,RED,,Total,225:00,85,20,38,10,28,15,18,13,21,34,12,12,17,2,3,23,20,83,
2019,178,0,P009600   ,0.0,0.0,BER,1,"MASON, MAKAI",10:14,6,1,1,1,3,1,1,0,0,0,1,1,1,0,0,0,1,6,-1.0
2019,178,0,P007125   ,0.0,1.0,BER,3,"SIVA, PEYTON",21:32,15,1,1,4,7,1,1,0,1,1,3,0,4,0,0,4,2,10,7.0
2019,178,0,P001557   ,1.0,0.0,BER,5,"GIFFEY, NIELS",14:18,6,3,4,0,1,0,0,0,0,0,2,1,1,0,0,1,1,6,2.0
2019,178,0,P003151   ,0.0,1.0,BER,8,"ERIKSSON, MARCUS",22:59,10,1,1,2,5,2,2,1,4,5,1,1,2,1,0,0,2,15,7.0
2019,178,0,P007025   ,0.0,0.0,BER,9,"MATTISSECK, JONAS",11:21,0,0,0,0,1,0,0,0,0,0,1,0,0,0,0,4,0,-4,3.0
2019,178,0,P006251   ,0.0,0.0,BER,10,"SCHNEIDER, TIM",DNP,0,0,0,0,0,0,0,0,0,0,0,0,0,0,0,0,0,0,0.0
2019,178,0,P008780   ,1.0,1.0,BER,15,"HERMANNSSON, MARTIN",26:06,13,2,6,3,6,0,0,0,0,0,2,0,3,0,0,2,2,5,6.0
2019,178,0,P006436   ,1.0,0.0,BER,31,"GIEDRAITIS, ROKAS",28:30,8,1,1,1,6,3,3,0,4,4,2,2,2,0,0,2,3,10,3.0
2019,178,0,P003958   ,0.0,0.0,BER,32,"THIEMANN, JOHANNES",13:09,5,1,2,0,1,3,3,2,0,2,1,0,0,0,0,2,5,9,-2.0
2019,178,0,P009601   ,0.0,0.0,BER,34,"CAVANAUGH, TYLER",11:09,4,2,2,0,3,0,0,1,3,4,0,0,1,0,0,3,1,2,-5.0
2019,178,0,P009051   ,1.0,1.0,BER,35,"NNOKO, LANDRY",31:51,12,5,8,0,0,2,2,2,3,5,2,0,1,2,1,1,2,17,11.0
2019,178,0,P006589   ,1.0,1.0,BER,43,"SIKMA, LUKE",33:51,15,2,5,3,4,2,4,4,6,10,4,3,3,0,1,1,4,25,14.0
2019,178,0,Team,0.0,0.0,BER,,Team,,0,0,0,0,0,0,0,4,1,5,0,0,1,0,0,0,0,4,
2019,178,0,Total,,,BER,,Total,225:00,94,19,31,14,37,14,16,14,22,36,19,8,19,3,2,20,23,105,
2019,179,1,P002972   ,0.0,1.0,OLY,1,"ROCHESTIE, TAYLOR",19:36,2,1,1,0,2,0,0,2,1,3,12,1,0,0,0,3,1,14,27.0
2019,179,1,P009863   ,1.0,1.0,OLY,2,"BALDWIN IV, WADE",24:48,10,2,3,2,5,0,0,0,3,3,3,0,0,0,0,4,0,8,4.0
2019,179,1,P004945   ,0.0,0.0,OLY,3,"PAUL, BRANDON",21:32,10,3,3,1,5,1,2,0,3,3,2,1,0,0,0,0,4,15,30.0
2019,179,1,P004218   ,0.0,1.0,OLY,4,"CHARALAMPOPOULOS, VASILIS",01:49,0,0,0,0,0,0,0,1,1,2,0,0,0,0,0,0,0,2,0.0
2019,179,1,P005255   ,0.0,0.0,OLY,6,"KONIARIS, ANTONIOS",15:12,10,1,2,2,3,2,2,0,0,0,1,0,1,0,0,2,2,8,13.0
2019,179,1,PJUO      ,1.0,0.0,OLY,7,"SPANOULIS, VASSILIS",20:24,6,1,2,1,5,1,1,0,0,0,1,0,5,0,0,2,1,-4,-10.0
2019,179,1,P003941   ,1.0,1.0,OLY,11,"MILUTINOV, NIKOLA",22:53,6,2,5,0,0,2,2,2,3,5,0,0,2,0,1,2,2,5,-4.0
2019,179,1,P003469   ,0.0,1.0,OLY,14,"VEZENKOV, SASHA",16:50,20,2,4,5,6,1,1,1,4,5,0,1,0,0,0,0,1,24,13.0
2019,179,1,PAMM      ,1.0,0.0,OLY,15,"PRINTEZIS, GEORGIOS",23:10,10,4,7,0,1,2,3,3,3,6,1,2,2,1,0,1,4,16,4.0
2019,179,1,P001255   ,1.0,0.0,OLY,16,"PAPANIKOLAOU, KOSTAS",16:39,1,0,1,0,2,1,2,0,2,2,1,3,1,0,0,0,1,3,-13.0
2019,179,1,P006477   ,0.0,0.0,OLY,21,"RUBIT, AUGUSTINE",17:07,14,2,2,2,3,4,6,1,2,3,0,1,0,1,0,1,3,18,21.0
2019,179,1,Team,0.0,0.0,OLY,,Team,,0,0,0,0,0,0,0,3,1,4,0,0,0,0,0,0,0,4,
2019,179,1,Total,,,OLY,,Total,200:00,89,18,30,13,32,14,19,13,23,36,21,9,11,2,1,15,19,113,
2019,179,0,P009834   ,0.0,1.0,MUN,5,"BRAY, THOMAS",21:48,15,3,7,2,5,3,4,0,4,4,2,1,1,0,0,1,3,15,-20.0
2019,179,0,PBOG      ,0.0,0.0,MUN,7,"KING, ALEX",DNP,0,0,0,0,0,0,0,0,0,0,0,0,0,0,0,0,0,0,0.0
2019,179,0,P004178   ,0.0,0.0,MUN,8,"KOPONEN, PETTERI",15:55,8,1,2,2,4,0,0,0,0,0,0,1,0,0,0,2,1,5,-26.0
2019,179,0,P009835   ,1.0,0.0,MUN,10,"MONROE, GREG",26:57,11,4,9,0,0,3,4,5,7,12,3,2,2,0,1,2,2,19,10.0
2019,179,0,P001288   ,1.0,0.0,MUN,11,"LUCIC, VLADIMIR",27:05,15,2,5,3,3,2,2,0,2,2,5,0,1,0,1,1,3,19,8.0
2019,179,0,P007032   ,1.0,1.0,MUN,12,"LO, MAODO",30:20,8,1,3,2,4,0,0,1,1,2,5,0,4,0,0,3,2,6,4.0
2019,179,0,P005056   ,1.0,1.0,MUN,16,"ZIPSER, PAUL",22:40,5,1,7,1,1,0,0,1,2,3,1,2,2,1,0,3,1,2,-12.0
2019,179,0,P005670   ,0.0,0.0,MUN,21,"FLACCADORI, DIEGO",DNP,0,0,0,0,0,0,0,0,0,0,0,0,0,0,0,0,0,0,0.0
2019,179,0,P003490   ,1.0,1.0,MUN,22,"BARTHEL, DANILO",18:11,5,1,4,1,1,0,0,1,2,3,2,0,0,0,0,3,1,5,10.0
2019,179,0,P003842   ,0.0,0.0,MUN,26,"LESSORT, MATHIAS",03:44,0,0,2,0,0,0,0,0,0,0,0,0,1,0,0,0,0,-3,-7.0
2019,179,0,P009723   ,0.0,0.0,MUN,34,"HUESTIS, JOSHUA",20:23,5,1,2,1,3,0,0,1,0,1,1,1,0,0,0,2,1,4,-25.0
2019,179,0,PLEM      ,0.0,1.0,MUN,43,"RADOSEVIC, LEON",12:57,0,0,0,0,0,0,0,1,0,1,0,0,2,0,0,3,1,-3,-27.0
2019,179,0,Team,0.0,0.0,MUN,,Team,,0,0,0,0,0,0,0,3,0,3,0,0,0,0,0,0,0,3,
2019,179,0,Total,,,MUN,,Total,200:00,72,14,41,12,21,8,10,13,18,31,19,7,13,1,2,20,15,72,
2019,180,1,P005094   ,0.0,1.0,PAN,0,"THOMAS, DESHAUN",35:29,16,2,7,4,6,0,0,2,6,8,2,1,5,0,0,2,3,16,0.0
2019,180,1,P003367   ,0.0,1.0,PAN,5,"RICE, TYRESE",24:20,20,2,3,3,5,7,7,0,2,2,6,1,2,0,0,4,6,26,5.0
2019,180,1,P005844   ,1.0,0.0,PAN,6,"PAPAGIANNIS, GEORGIOS",28:11,13,6,6,0,0,1,2,2,3,5,0,0,1,0,0,2,1,15,2.0
2019,180,1,P010150   ,0.0,0.0,PAN,8,"RAUTINS, ANDY",01:17,0,0,0,0,0,0,0,0,0,0,0,0,0,0,0,1,0,-1,2.0
2019,180,1,P005161   ,1.0,1.0,PAN,10,"PAPAPETROU, IOANNIS",25:42,10,3,4,1,3,1,1,0,0,0,2,0,1,0,0,2,3,9,-6.0
2019,180,1,PTFX      ,0.0,0.0,PAN,15,"VOUGIOUKAS, IAN",DNP,0,0,0,0,0,0,0,0,0,0,0,0,0,0,0,0,0,0,0.0
2019,180,1,P009816   ,0.0,0.0,PAN,24,"JOHNSON, WESLEY",14:18,6,0,1,2,3,0,0,0,1,1,0,3,0,0,0,3,0,5,8.0
2019,180,1,P009842   ,1.0,1.0,PAN,32,"FREDETTE, JIMMER",20:29,11,2,6,1,3,4,4,2,1,3,1,0,1,0,0,2,4,10,0.0
2019,180,1,P001932   ,1.0,1.0,PAN,33,"CALATHES, NICK",34:04,14,6,13,0,3,2,3,0,3,3,11,1,4,0,1,2,4,15,-2.0
2019,180,1,P009472   ,0.0,0.0,PAN,35,"WILEY, JACOB",06:29,2,1,1,0,0,0,0,1,0,1,0,0,0,0,0,0,0,3,-3.0
2019,180,1,P007866   ,1.0,0.0,PAN,44,"MITOGLOU, KONSTANTINOS",07:35,2,0,0,0,1,2,2,1,1,2,0,0,0,0,0,2,1,2,0.0
2019,180,1,P009818   ,0.0,0.0,PAN,50,"BENTIL, BENJAMIN",02:06,2,1,1,0,0,0,0,0,1,1,0,0,0,0,0,3,0,0,4.0
2019,180,1,Team,0.0,0.0,PAN,,Team,,0,0,0,0,0,0,0,4,0,4,0,0,0,0,0,0,0,4,
2019,180,1,Total,,,PAN,,Total,200:00,96,23,42,11,24,17,19,12,18,30,22,6,14,0,1,23,22,104,
2019,180,0,P008855   ,1.0,1.0,ZAL,0,"WALKUP, THOMAS",25:32,16,5,8,1,3,3,4,0,4,4,7,3,3,0,0,4,3,20,1.0
2019,180,0,P002429   ,0.0,1.0,ZAL,1,"RIVERS, KC",25:38,13,2,4,3,6,0,0,0,1,1,0,0,1,0,0,2,1,7,0.0
2019,180,0,P003210   ,0.0,0.0,ZAL,4,"LEKAVICIUS, LUKAS",21:12,16,5,7,0,0,6,6,0,0,0,4,0,1,0,0,4,5,18,0.0
2019,180,0,P008962   ,0.0,1.0,ZAL,10,"HAYES, NIGEL",30:35,9,1,2,2,4,1,1,1,5,6,1,3,1,0,0,2,2,15,-2.0
2019,180,0,PBWI      ,1.0,0.0,ZAL,13,"JANKUNAS, PAULIUS",05:52,2,1,1,0,0,0,0,0,2,2,1,0,1,0,0,1,3,6,-4.0
2019,180,0,P006158   ,0.0,0.0,ZAL,16,"LUKOSIUNAS, KAROLIS",DNP,0,0,0,0,0,0,0,0,0,0,0,0,0,0,0,0,0,0,0.0
2019,180,0,PKPD      ,1.0,1.0,ZAL,21,"MILAKNIS, ARTURAS",24:58,7,1,1,1,3,2,2,0,1,1,1,0,2,0,0,3,1,3,9.0
2019,180,0,P009753   ,0.0,0.0,ZAL,23,"GEBEN, MARTINAS",DNP,0,0,0,0,0,0,0,0,0,0,0,0,0,0,0,0,0,0,0.0
2019,180,0,P007519   ,0.0,0.0,ZAL,31,"JOKUBAITIS, ROKAS",02:36,0,0,0,0,0,0,0,0,0,0,1,0,0,0,0,0,0,1,-2.0
2019,180,0,P008987   ,0.0,0.0,ZAL,32,"LEDAY, ZACH",17:54,10,2,5,1,1,3,4,1,1,2,0,0,2,0,0,1,4,9,-16.0
2019,180,0,P008820   ,1.0,0.0,ZAL,34,"LANDALE, JOCK",21:59,11,2,3,2,4,1,2,3,4,7,2,0,0,0,0,4,1,13,14.0
2019,180,0,P002329   ,1.0,1.0,ZAL,92,"ULANOVAS, EDGARAS",23:44,10,3,3,0,1,4,4,0,1,1,0,1,0,1,0,1,3,14,-10.0
2019,180,0,Team,0.0,0.0,ZAL,,Team,,0,0,0,0,0,0,0,0,1,1,0,0,2,0,0,0,0,-1,
2019,180,0,Total,,,ZAL,,Total,200:00,94,22,34,10,22,20,23,5,20,25,17,7,13,1,0,22,23,105,
2019,181,1,P009035   ,0.0,0.0,CSK,3,"BOLOMBOY, JOEL",17:01,6,1,2,1,1,1,1,0,1,1,0,0,2,0,0,1,3,6,2.0
2019,181,1,P005985   ,1.0,1.0,CSK,5,"JAMES, MIKE",23:41,14,2,7,1,3,7,8,0,3,3,5,0,1,0,0,0,5,18,8.0
2019,181,1,P008995   ,0.0,0.0,CSK,7,"UKHOV, IVAN",DNP,0,0,0,0,0,0,0,0,0,0,0,0,0,0,0,0,0,0,0.0
2019,181,1,P007201   ,1.0,1.0,CSK,17,"VOIGTMANN, JOHANNES",30:21,19,2,3,5,5,0,0,2,8,10,1,0,1,1,0,3,0,26,16.0
2019,181,1,PLHI      ,0.0,0.0,CSK,20,"VORONTSEVICH, ANDREY",DNP,0,0,0,0,0,0,0,0,0,0,0,0,0,0,0,0,0,0,0.0
2019,181,1,P001844   ,0.0,1.0,CSK,23,"HACKETT, DANIEL",19:34,10,0,6,3,3,1,2,1,4,5,4,1,1,0,0,3,4,13,2.0
2019,181,1,P007869   ,0.0,0.0,CSK,26,"SANT-ROOS, HOWARD",24:27,11,3,4,1,4,2,3,0,2,2,3,2,2,0,0,2,4,13,8.0
2019,181,1,P009766   ,0.0,0.0,CSK,31,"KOUFOS, KOSTA",05:58,4,2,3,0,0,0,0,0,0,0,0,0,1,0,0,2,1,1,-2.0
2019,181,1,P008989   ,1.0,0.0,CSK,32,"HILLIARD, DARRUN",12:39,3,0,2,1,3,0,0,0,2,2,1,1,1,0,0,2,0,0,2.0
2019,181,1,PJLX      ,1.0,1.0,CSK,41,"KURBANOV, NIKITA",23:01,8,1,5,2,2,0,0,1,1,2,3,0,0,0,0,3,1,7,10.0
2019,181,1,P002812   ,1.0,1.0,CSK,42,"HINES, KYLE",26:35,6,3,5,0,0,0,0,2,1,3,3,2,1,1,0,0,0,12,6.0
2019,181,1,P009767   ,0.0,0.0,CSK,84,"BAKER, RON",16:43,0,0,1,0,1,0,0,0,1,1,2,1,0,0,0,1,0,1,3.0
2019,181,1,Team,0.0,0.0,CSK,,Team,,0,0,0,0,0,0,0,2,1,3,0,0,1,0,0,0,0,2,
2019,181,1,Total,,,CSK,,Total,200:00,81,14,38,14,22,11,14,8,24,32,22,7,11,2,0,17,18,99,
2019,181,0,P006533   ,0.0,0.0,PAM,1,"COLOM, QUINO",14:55,6,0,0,2,3,0,0,0,2,2,4,2,3,0,0,0,1,11,-4.0
2019,181,0,P004761   ,0.0,1.0,PAM,2,"MARINKOVIC, VANJA",19:37,7,3,4,0,5,1,1,0,3,3,1,0,0,0,0,4,2,3,1.0
2019,181,0,P006726   ,0.0,0.0,PAM,5,"NDOUR, MAURICE",12:36,8,4,4,0,0,0,0,0,2,2,0,0,0,0,0,3,2,9,-1.0
2019,181,0,P004884   ,1.0,1.0,PAM,7,"LABEYRIE, LOUIS",18:20,2,1,3,0,2,0,0,1,7,8,0,0,1,0,0,0,1,6,-12.0
2019,181,0,PLRQ      ,1.0,1.0,PAM,9,"VAN ROSSOM, SAM",28:03,16,5,7,2,4,0,0,0,0,0,1,0,1,0,0,3,0,9,-7.0
2019,181,0,P006599   ,0.0,0.0,PAM,12,"MOTUM, BROCK",12:32,5,0,2,1,2,2,2,1,1,2,0,0,3,0,1,1,1,0,-4.0
2019,181,0,P002742   ,1.0,0.0,PAM,14,"DUBLJEVIC, BOJAN",28:05,10,2,6,1,4,3,4,4,4,8,3,0,2,0,1,1,3,12,-10.0
2019,181,0,P002361   ,1.0,1.0,PAM,16,"VIVES, GUILLEM",23:55,9,2,3,1,4,2,2,0,0,0,0,1,0,0,0,3,3,6,-8.0
2019,181,0,P000518   ,0.0,0.0,PAM,19,"SAN EMETERIO, FERNANDO",17:37,0,0,0,0,3,0,0,0,1,1,1,0,3,0,0,1,4,-1,-6.0
2019,181,0,P002763   ,1.0,1.0,PAM,42,"DOORNEKAMP, AARON",24:20,7,2,2,1,2,0,0,1,3,4,4,0,0,0,0,2,0,12,-4.0
2019,181,0,P007533   ,0.0,0.0,PAM,43,"PAVELKA, TOMAS",DNP,0,0,0,0,0,0,0,0,0,0,0,0,0,0,0,0,0,0,0.0
2019,181,0,Team,0.0,0.0,PAM,,Team,,0,0,0,0,0,0,0,1,1,2,0,0,0,0,0,0,0,2,
2019,181,0,Total,,,PAM,,Total,200:00,70,19,31,8,29,8,9,8,24,32,14,3,13,0,2,18,17,69,
2019,182,1,P005154   ,0.0,1.0,DYR,4,"IVERSON, COLTON",27:08,6,3,4,0,0,0,1,3,9,12,1,3,1,0,0,4,2,17,11.0
2019,182,1,P003425   ,1.0,1.0,DYR,6,"ALBICY, ANDREW",18:14,6,1,3,0,1,4,6,0,1,1,8,2,2,0,0,1,7,16,-15.0
2019,182,1,PJAN      ,0.0,0.0,DYR,7,"PONKRASHOV, ANTON",06:40,3,0,1,1,2,0,0,2,0,2,0,0,0,0,0,1,0,2,-6.0
2019,182,1,P009917   ,1.0,1.0,DYR,9,"HOLLINS, AUSTIN",19:58,8,1,2,2,7,0,0,1,1,2,0,2,0,0,0,1,0,5,-4.0
2019,182,1,P005856   ,0.0,1.0,DYR,10,"THOMAS, WILL",24:23,10,2,2,0,0,6,7,0,2,2,1,2,2,0,0,0,5,17,11.0
2019,182,1,P005945   ,0.0,1.0,DYR,12,"RENFROE, ALEX",23:16,8,2,4,0,4,4,6,1,1,2,6,0,3,0,0,1,4,8,14.0
2019,182,1,P003370   ,0.0,0.0,DYR,14,"PUSHKOV, ANTON",00:08,0,0,0,0,0,0,0,0,0,0,0,0,0,0,0,0,0,0,-2.0
2019,182,1,P007851   ,1.0,0.0,DYR,16,"TRUSHKIN, VLADISLAV",11:52,5,1,1,1,1,0,0,1,0,1,0,0,1,1,0,1,0,5,-9.0
2019,182,1,P001389   ,0.0,0.0,DYR,18,"VORONOV, EVGENY",19:44,21,3,5,3,4,6,8,0,1,1,1,0,2,0,1,2,5,18,9.0
2019,182,1,P003573   ,1.0,0.0,DYR,20,"ZUBKOV, ANDREY",15:37,7,2,3,1,3,0,0,1,0,1,2,0,0,1,0,2,0,6,-7.0
2019,182,1,P005199   ,0.0,0.0,DYR,21,"ABROMAITIS, TIM",20:19,2,1,3,0,0,0,0,3,2,5,3,0,0,0,0,2,1,7,23.0
2019,182,1,P005927   ,1.0,0.0,DYR,34,"AYON, GUSTAVO",12:41,15,7,9,0,0,1,1,1,1,2,1,0,0,0,1,4,2,13,-5.0
2019,182,1,Team,0.0,0.0,DYR,,Team,,0,0,0,0,0,0,0,0,0,0,0,0,0,0,0,0,0,0,
2019,182,1,Total,,,DYR,,Total,200:00,91,23,37,8,22,21,29,13,18,31,23,9,11,2,2,19,26,114,
2019,182,0,P002972   ,0.0,0.0,OLY,1,"ROCHESTIE, TAYLOR",12:41,0,0,1,0,3,0,0,0,0,0,4,0,2,0,0,5,1,-6,-12.0
2019,182,0,P009863   ,1.0,0.0,OLY,2,"BALDWIN IV, WADE",18:56,0,0,4,0,1,0,0,0,1,1,2,0,1,0,0,3,0,-6,0.0
2019,182,0,P004945   ,0.0,1.0,OLY,3,"PAUL, BRANDON",12:48,0,0,3,0,3,0,0,1,1,2,0,0,1,0,1,1,1,-6,-3.0
2019,182,0,P004218   ,0.0,0.0,OLY,4,"CHARALAMPOPOULOS, VASILIS",DNP,0,0,0,0,0,0,0,0,0,0,0,0,0,0,0,0,0,0,0.0
2019,182,0,P005255   ,0.0,0.0,OLY,6,"KONIARIS, ANTONIOS",11:44,0,0,1,0,2,0,0,1,0,1,3,0,2,0,0,5,1,-5,0.0
2019,182,0,PJUO      ,1.0,1.0,OLY,7,"SPANOULIS, VASSILIS",32:25,31,5,5,5,7,6,9,0,1,1,7,1,4,0,0,3,5,33,1.0
2019,182,0,P003941   ,1.0,0.0,OLY,11,"MILUTINOV, NIKOLA",25:10,9,4,6,0,0,1,2,4,1,5,1,0,1,2,1,1,5,16,0.0
2019,182,0,P003469   ,1.0,0.0,OLY,14,"VEZENKOV, SASHA",14:14,7,2,3,1,3,0,0,1,1,2,1,1,0,0,0,2,0,6,-5.0
2019,182,0,PAMM      ,0.0,1.0,OLY,15,"PRINTEZIS, GEORGIOS",25:46,20,7,9,2,3,0,0,1,6,7,0,1,0,0,0,3,2,24,1.0
2019,182,0,P001255   ,1.0,1.0,OLY,16,"PAPANIKOLAOU, KOSTAS",31:26,20,2,3,4,7,4,4,1,4,5,3,2,1,0,0,2,3,26,2.0
2019,182,0,P006477   ,0.0,1.0,OLY,21,"RUBIT, AUGUSTINE",14:50,0,0,1,0,0,0,0,2,1,3,1,2,0,0,0,1,1,5,-4.0
2019,182,0,Team,0.0,0.0,OLY,,Team,,0,0,0,0,0,0,0,4,2,6,0,0,1,0,0,0,0,5,
2019,182,0,Total,,,OLY,,Total,200:00,87,20,36,12,29,11,15,15,18,33,22,7,13,2,2,26,19,92,
2019,183,1,P009834   ,0.0,1.0,MUN,5,"BRAY, THOMAS",20:14,5,1,2,1,2,0,0,0,1,1,1,0,2,0,0,2,1,2,8.0
2019,183,1,PBOG      ,0.0,0.0,MUN,7,"KING, ALEX",DNP,0,0,0,0,0,0,0,0,0,0,0,0,0,0,0,0,0,0,0.0
2019,183,1,P004178   ,0.0,0.0,MUN,8,"KOPONEN, PETTERI",14:40,9,0,1,2,2,3,3,0,1,1,2,0,2,0,0,3,2,8,0.0
2019,183,1,P009835   ,1.0,1.0,MUN,10,"MONROE, GREG",22:07,9,3,9,0,0,3,3,5,5,10,1,1,2,0,1,0,2,14,8.0
2019,183,1,P007032   ,1.0,1.0,MUN,12,"LO, MAODO",20:37,9,2,4,1,4,2,2,0,0,0,3,0,0,0,0,3,3,7,6.0
2019,183,1,P000007   ,1.0,1.0,MUN,14,"DEDOVIC, NIHAD",28:39,19,4,8,3,5,2,2,1,3,4,3,2,0,0,0,3,1,20,7.0
2019,183,1,P005056   ,1.0,1.0,MUN,16,"ZIPSER, PAUL",30:17,17,2,4,3,3,4,5,2,7,9,1,2,4,1,0,2,3,24,21.0
2019,183,1,P005670   ,0.0,0.0,MUN,21,"FLACCADORI, DIEGO",04:22,0,0,0,0,0,0,0,0,0,0,0,1,1,0,0,0,1,1,2.0
2019,183,1,P003490   ,1.0,0.0,MUN,22,"BARTHEL, DANILO",30:05,6,1,3,0,3,4,4,1,5,6,3,0,3,0,1,1,2,7,0.0
2019,183,1,P003842   ,0.0,0.0,MUN,26,"LESSORT, MATHIAS",10:21,0,0,1,0,0,0,0,1,1,2,1,0,0,0,0,1,3,4,-1.0
2019,183,1,P009723   ,0.0,0.0,MUN,34,"HUESTIS, JOSHUA",11:06,2,0,0,0,2,2,3,0,2,2,0,0,2,1,0,2,1,-1,4.0
2019,183,1,PLEM      ,0.0,0.0,MUN,43,"RADOSEVIC, LEON",07:32,4,2,3,0,0,0,0,0,0,0,0,0,1,0,0,0,0,2,5.0
2019,183,1,Team,0.0,0.0,MUN,,Team,,0,0,0,0,0,0,0,2,3,5,0,0,0,0,0,0,0,5,
2019,183,1,Total,,,MUN,,Total,200:00,80,15,35,10,21,20,22,12,28,40,15,6,17,2,2,17,19,93,
2019,183,0,P009846   ,1.0,1.0,TEL,0,"BRYANT, ELIJAH",23:52,14,3,6,2,5,2,3,1,0,1,2,1,0,0,0,2,3,12,-8.0
2019,183,0,P006661   ,1.0,0.0,TEL,1,"WILBEKIN, SCOTTIE",30:20,9,0,4,3,13,0,0,0,2,2,8,1,3,0,2,2,6,5,-5.0
2019,183,0,P009847   ,1.0,0.0,TEL,2,"ACY, QUINCY",23:58,6,0,0,2,5,0,0,0,3,3,0,0,4,2,0,2,0,2,-5.0
2019,183,0,P007942   ,0.0,0.0,TEL,3,"REYNOLDS, JALEN",13:32,4,1,2,0,0,2,2,2,3,5,0,0,3,0,0,3,1,3,-1.0
2019,183,0,P005771   ,1.0,0.0,TEL,4,"CALOIARO, ANGELO",17:28,5,1,2,1,2,0,0,0,3,3,0,1,0,0,0,0,0,7,-8.0
2019,183,0,P005160   ,1.0,0.0,TEL,5,"HUNTER, OTHELLO",25:23,10,5,7,0,0,0,1,4,3,7,3,0,1,0,0,1,1,16,-8.0
2019,183,0,P009848   ,0.0,1.0,TEL,6,"COHEN, SANDY",01:58,0,0,0,0,0,0,0,0,0,0,0,0,0,0,0,0,0,0,-4.0
2019,183,0,P007675   ,0.0,1.0,TEL,8,"AVDIJA, DENI",04:19,0,0,0,0,1,0,0,1,0,1,0,0,1,0,0,1,0,-2,-6.0
2019,183,0,P003413   ,0.0,0.0,TEL,9,"JACKSON, AARON",25:46,11,2,3,2,2,1,2,0,2,2,6,3,0,0,0,5,3,18,12.0
2019,183,0,P009849   ,0.0,1.0,TEL,11,"DORSEY, TYLER",16:27,4,2,3,0,5,0,0,0,2,2,0,2,2,0,0,4,3,-1,-17.0
2019,183,0,P005145   ,0.0,1.0,TEL,15,"COHEN, JAKE",16:57,5,1,2,1,1,0,0,1,1,2,1,1,0,0,0,0,0,8,-10.0
2019,183,0,Team,0.0,0.0,TEL,,Team,,0,0,0,0,0,0,0,1,1,2,0,0,0,0,0,0,0,2,
2019,183,0,Total,,,TEL,,Total,200:00,68,15,29,11,34,5,8,10,20,30,20,9,14,2,2,20,17,70,
2019,184,1,P005415   ,0.0,0.0,BAS,1,"PENAVA, AJDIN",DNP,0,0,0,0,0,0,0,0,0,0,0,0,0,0,0,0,0,0,0.0
2019,184,1,P008032   ,0.0,0.0,BAS,5,"GONZALEZ, MIGUEL",00:05,0,0,0,0,0,0,0,0,0,0,0,0,0,0,0,0,0,0,0.0
2019,184,1,P006754   ,1.0,1.0,BAS,7,"HENRY, PIERRIA",33:02,10,1,5,0,2,8,10,2,4,6,8,4,5,0,1,3,5,16,2.0
2019,184,1,P004165   ,1.0,0.0,BAS,11,"JANNING, MATT",21:45,2,1,2,0,4,0,0,0,4,4,2,0,1,0,0,0,0,2,-5.0
2019,184,1,P003540   ,0.0,0.0,BAS,12,"DIOP, ILIMANE",06:03,4,0,0,1,1,1,2,0,0,0,0,0,0,0,0,1,1,3,-7.0
2019,184,1,P005458   ,0.0,0.0,BAS,17,"GARCIA, SERGI",06:53,0,0,1,0,0,0,0,0,0,0,1,1,0,0,0,2,0,-1,2.0
2019,184,1,P006568   ,0.0,1.0,BAS,19,"FALL, YOUSSOUPHA",21:45,15,6,9,0,0,3,6,5,3,8,0,0,1,1,0,3,7,21,7.0
2019,184,1,P009836   ,0.0,0.0,BAS,22,"STAUSKAS, NIK",14:05,7,1,4,1,3,2,4,0,1,1,1,0,1,0,0,2,2,1,-3.0
2019,184,1,P001133   ,1.0,1.0,BAS,23,"SHENGELIA, TORNIKE",26:24,8,2,4,0,1,4,4,1,3,4,2,1,4,0,0,1,4,11,2.0
2019,184,1,P007831   ,1.0,1.0,BAS,31,"SHIELDS, SHAVON",35:28,22,5,7,2,4,6,6,0,6,6,0,0,0,1,0,1,5,29,11.0
2019,184,1,P002084   ,0.0,1.0,BAS,33,"POLONARA, ACHILLE",29:35,9,2,6,0,2,5,6,6,5,11,0,3,1,1,0,2,5,19,12.0
2019,184,1,P007360   ,1.0,0.0,BAS,50,"ERIC, MICHAEL",04:55,6,3,3,0,0,0,0,0,0,0,0,1,1,0,0,3,1,4,-1.0
2019,184,1,Team,0.0,0.0,BAS,,Team,,0,0,0,0,0,0,0,2,0,2,0,0,1,0,0,0,0,1,
2019,184,1,Total,,,BAS,,Total,200:00,83,21,41,4,17,29,38,16,26,42,14,10,15,3,1,18,30,106,
2019,184,0,PKVZ      ,1.0,1.0,KHI,1,"SHVED, ALEXEY",33:41,18,4,9,3,15,1,2,1,2,3,5,0,3,0,2,2,4,5,-6.0
2019,184,0,P007056   ,1.0,1.0,KHI,5,"BOOKER, DEVIN",22:55,6,2,3,0,0,2,2,1,2,3,2,1,0,0,0,4,1,8,-1.0
2019,184,0,P005718   ,1.0,0.0,KHI,6,"TIMMA, JANIS",27:14,10,2,4,2,5,0,0,1,3,4,4,0,0,0,0,5,1,9,2.0
2019,184,0,P004302   ,0.0,1.0,KHI,7,"KARASEV, SERGEY",15:12,10,1,1,2,4,2,2,2,1,3,1,0,1,0,0,3,2,10,-5.0
2019,184,0,P001792   ,1.0,0.0,KHI,8,"ZAYTSEV, VYACHESLAV",14:34,3,1,1,0,2,1,3,1,1,2,0,1,1,1,0,4,2,0,-4.0
2019,184,0,PBGV      ,0.0,0.0,KHI,9,"VIALTSEV, EGOR",DNP,0,0,0,0,0,0,0,0,0,0,0,0,0,0,0,0,0,0,0.0
2019,184,0,P009748   ,1.0,0.0,KHI,11,"JEREBKO, JONAS",29:43,16,3,5,3,4,1,1,2,4,6,2,1,2,0,0,5,2,17,-1.0
2019,184,0,PBFX      ,0.0,0.0,KHI,12,"MONIA, SERGEY",DNP,0,0,0,0,0,0,0,0,0,0,0,0,0,0,0,0,0,0,0.0
2019,184,0,P008001   ,0.0,1.0,KHI,13,"GILL, ANTHONY",10:17,2,1,3,0,2,0,0,1,2,3,0,0,1,0,0,3,2,-1,-3.0
2019,184,0,P004863   ,0.0,1.0,KHI,24,"JOVIC, STEFAN",22:45,8,3,3,0,3,2,2,0,4,4,3,2,5,0,0,3,3,9,3.0
2019,184,0,P007432   ,0.0,0.0,KHI,40,"EVANS, JEREMY",17:05,6,2,4,0,0,2,2,1,1,2,0,1,1,0,1,0,1,6,-3.0
2019,184,0,P000436   ,0.0,0.0,KHI,45,"BERTANS, DAIRIS",06:34,0,0,0,0,0,0,0,0,0,0,2,0,1,0,0,1,0,0,-2.0
2019,184,0,Team,0.0,0.0,KHI,,Team,,0,0,0,0,0,0,0,3,0,3,0,0,0,0,0,0,0,3,
2019,184,0,Total,,,KHI,,Total,200:00,79,19,33,10,35,11,14,13,20,33,19,6,15,1,3,30,18,66,
2019,185,1,P007870   ,1.0,0.0,BAR,0,"DAVIES, BRANDON",20:13,10,4,5,0,0,2,3,2,1,3,2,2,0,1,0,3,3,16,4.0
2019,185,1,PJUG      ,0.0,1.0,BAR,5,"RIBAS, PAU",17:49,7,0,1,2,3,1,2,1,2,3,3,1,1,0,0,1,2,11,1.0
2019,185,1,P005099   ,0.0,0.0,BAR,8,"HANGA, ADAM",07:36,0,0,0,0,0,0,0,0,2,2,2,1,2,0,0,0,0,3,-9.0
2019,185,1,P007109   ,0.0,0.0,BAR,10,"SMITS, ROLANDS",DNP,0,0,0,0,0,0,0,0,0,0,0,0,0,0,0,0,0,0,0.0
2019,185,1,P005917   ,0.0,1.0,BAR,18,"ORIOLA, PIERRE",18:18,6,0,0,2,2,0,0,1,1,2,1,0,0,1,0,3,0,7,-1.0
2019,185,1,P003478   ,0.0,1.0,BAR,21,"ABRINES, ALEX",20:59,5,1,2,1,3,0,0,1,0,1,0,0,1,0,0,2,1,1,-8.0
2019,185,1,P006450   ,0.0,0.0,BAR,22,"HIGGINS, CORY",12:37,6,3,5,0,0,0,1,0,0,0,1,0,0,0,1,2,2,3,-11.0
2019,185,1,P004331   ,1.0,1.0,BAR,23,"DELANEY, MALCOLM",24:35,4,2,2,0,3,0,0,0,0,0,5,2,3,0,0,3,1,3,20.0
2019,185,1,P005789   ,1.0,0.0,BAR,24,"KURIC, KYLE",21:04,8,1,2,2,5,0,0,0,4,4,1,0,1,0,0,2,0,6,0.0
2019,185,1,P000556   ,1.0,0.0,BAR,30,"CLAVER, VICTOR",15:20,9,3,4,1,1,0,0,1,1,2,1,0,0,0,0,2,0,9,19.0
2019,185,1,P000796   ,1.0,1.0,BAR,33,"MIROTIC, NIKOLA",26:37,25,8,12,1,6,6,7,1,5,6,1,1,3,0,0,1,6,25,2.0
2019,185,1,P002507   ,0.0,0.0,BAR,44,"TOMIC, ANTE",14:52,6,2,6,0,0,2,2,2,2,4,1,2,2,0,0,0,2,9,3.0
2019,185,1,Team,0.0,0.0,BAR,,Team,,0,0,0,0,0,0,0,2,3,5,0,0,0,0,0,0,0,5,
2019,185,1,Total,,,BAR,,Total,200:00,86,24,39,9,23,11,15,11,21,32,18,9,13,2,1,19,17,98,
2019,185,0,P003479   ,1.0,0.0,RED,0,"KUZMIC, OGNJEN",13:30,8,4,6,0,0,0,0,2,1,3,0,0,0,0,0,0,0,9,-12.0
2019,185,0,P009862   ,0.0,1.0,RED,0,"PUNTER, KEVIN",29:18,13,2,6,2,5,3,4,1,1,2,4,0,2,0,1,0,4,12,7.0
2019,185,0,P009622   ,1.0,1.0,RED,4,"BROWN, LORENZO",28:17,15,7,9,0,4,1,1,0,2,2,8,4,6,0,0,2,4,19,-15.0
2019,185,0,PKRH      ,0.0,0.0,RED,5,"PERPEROGLOU, STRATOS",DNP,0,0,0,0,0,0,0,0,0,0,0,0,0,0,0,0,0,0,0.0
2019,185,0,P005775   ,1.0,1.0,RED,12,"BARON, BILLY",23:23,3,0,5,1,3,0,0,0,2,2,2,0,1,0,0,1,0,-2,2.0
2019,185,0,P004007   ,1.0,0.0,RED,13,"DOBRIC, OGNJEN",15:11,7,1,1,1,3,2,2,0,1,1,1,0,0,0,0,1,3,9,-17.0
2019,185,0,P002980   ,0.0,0.0,RED,15,"GIST, JAMES",22:38,12,3,4,1,1,3,4,4,2,6,1,1,1,0,0,4,4,17,-10.0
2019,185,0,P005014   ,0.0,1.0,RED,22,"JENKINS, CHARLES",24:49,6,3,3,0,1,0,0,1,2,3,1,1,0,0,0,3,1,8,13.0
2019,185,0,P005618   ,1.0,0.0,RED,28,"SIMANIC, BORISA",07:13,3,0,0,1,1,0,0,0,0,0,0,0,1,0,0,2,0,0,-5.0
2019,185,0,P003264   ,0.0,0.0,RED,32,"JOVANOVIC, NIKOLA",09:11,3,0,0,0,0,3,4,0,1,1,0,0,1,0,0,2,2,2,9.0
2019,185,0,PLBJ      ,0.0,1.0,RED,91,"STIMAC, VLADIMIR",26:30,12,3,8,2,2,0,0,1,3,4,1,1,2,1,1,2,1,10,8.0
2019,185,0,Team,0.0,0.0,RED,,Team,,0,0,0,0,0,0,0,2,4,6,0,0,0,0,0,0,0,6,
2019,185,0,Total,,,RED,,Total,200:00,82,23,42,8,20,12,15,11,19,30,18,7,14,1,2,17,19,90,
2019,186,1,P007400   ,0.0,1.0,ULK,2,"NUNNALLY, JAMES",19:18,4,1,2,0,2,2,2,0,3,3,1,1,0,0,1,0,1,6,-2.0
2019,186,1,P002543   ,0.0,0.0,ULK,9,"WESTERMANN, LEO",10:34,3,0,0,1,2,0,0,0,1,1,0,0,1,0,0,2,1,1,1.0
2019,186,1,P002969   ,0.0,0.0,ULK,10,"MAHMUTOGLU, MELIH",DNP,0,0,0,0,0,0,0,0,0,0,0,0,0,0,0,0,0,0,0.0
2019,186,1,P004866   ,1.0,1.0,ULK,12,"KALINIC, NIKOLA",29:50,10,1,3,2,5,2,2,0,3,3,5,3,4,0,1,2,2,11,5.0
2019,186,1,P001926   ,1.0,1.0,ULK,16,"SLOUKAS, KOSTAS",34:35,10,2,3,2,5,0,0,1,1,2,7,1,2,0,0,3,2,13,13.0
2019,186,1,P002100   ,1.0,0.0,ULK,19,"DE COLO, NANDO",27:37,12,3,7,2,4,0,0,1,3,4,3,0,1,0,2,3,3,10,7.0
2019,186,1,P009006   ,0.0,0.0,ULK,21,"WILLIAMS, DERRICK",05:43,0,0,1,0,0,0,0,0,0,0,0,0,0,0,0,0,1,0,-4.0
2019,186,1,P004251   ,0.0,0.0,ULK,23,"THOMAS, MALCOLM",16:45,10,4,5,0,0,2,2,1,3,4,1,1,0,0,1,1,4,17,5.0
2019,186,1,P000925   ,1.0,1.0,ULK,24,"VESELY, JAN",26:09,10,4,4,0,0,2,4,1,4,5,3,2,0,0,0,3,3,18,6.0
2019,186,1,P001324   ,0.0,0.0,ULK,35,"MUHAMMED, ALI",DNP,0,0,0,0,0,0,0,0,0,0,0,0,0,0,0,0,0,0,0.0
2019,186,1,PCCD      ,1.0,1.0,ULK,70,"DATOME, LUIGI",29:29,14,2,4,3,8,1,1,1,5,6,2,0,1,0,0,3,1,12,14.0
2019,186,1,P004194   ,0.0,0.0,ULK,77,"LAUVERGNE, JOFFREY",DNP,0,0,0,0,0,0,0,0,0,0,0,0,0,0,0,0,0,0,0.0
2019,186,1,Team,0.0,0.0,ULK,,Team,,0,0,0,0,0,0,0,1,0,1,0,0,4,0,0,0,0,-3,
2019,186,1,Total,,,ULK,,Total,200:00,73,17,29,10,26,9,11,6,23,29,22,8,13,0,5,17,18,85,
2019,186,0,P005884   ,0.0,0.0,MIL,0,"DELLA VALLE, AMEDEO",15:52,6,3,3,0,0,0,1,0,0,0,2,0,0,0,0,2,3,8,1.0
2019,186,0,P000529   ,1.0,1.0,MIL,5,"MICOV, VLADIMIR",26:18,2,1,4,0,3,0,0,0,2,2,3,1,1,0,0,0,1,2,-12.0
2019,186,0,P009903   ,0.0,0.0,MIL,6,"BILIGHA, PAUL",03:45,0,0,0,0,0,0,0,0,0,0,0,0,2,0,0,1,0,-3,-10.0
2019,186,0,P003120   ,0.0,0.0,MIL,7,"GUDAITIS, ARTURAS",08:38,2,0,0,0,0,2,2,1,0,1,0,1,2,1,0,0,1,4,-9.0
2019,186,0,P004974   ,1.0,1.0,MIL,10,"ROLL, MICHAEL",31:33,6,3,5,0,2,0,0,0,4,4,1,3,2,0,0,2,3,9,9.0
2019,186,0,PCVM      ,0.0,1.0,MIL,13,"RODRIGUEZ, SERGIO",23:42,9,3,8,1,5,0,0,1,2,3,6,0,2,0,0,3,3,7,-1.0
2019,186,0,P008004   ,1.0,0.0,MIL,15,"TARCZEWSKI, KALEB",30:08,19,9,11,0,0,1,3,4,5,9,0,1,1,4,0,3,2,27,0.0
2019,186,0,P000848   ,0.0,0.0,MIL,16,"NEDOVIC, NEMANJA",04:41,2,1,1,0,1,0,0,0,0,0,0,0,0,0,0,1,1,1,-10.0
2019,186,0,PKIW      ,0.0,0.0,MIL,20,"CINCIARINI, ANDREA",10:46,2,1,1,0,1,0,0,0,0,0,2,1,0,0,0,1,0,3,-2.0
2019,186,0,P005692   ,0.0,0.0,MIL,23,"BURNS, CHRISTIAN",DNP,0,0,0,0,0,0,0,0,0,0,0,0,0,0,0,0,0,0,0.0
2019,186,0,P010093   ,1.0,1.0,MIL,28,"SYKES, KEIFER",21:03,9,3,5,1,2,0,0,0,1,1,3,0,2,0,0,3,1,6,-9.0
2019,186,0,PAJG      ,1.0,1.0,MIL,40,"SCOLA, LUIS",23:34,7,2,3,1,2,0,1,1,4,5,1,0,0,0,0,2,2,10,-2.0
2019,186,0,Team,0.0,0.0,MIL,,Team,,0,0,0,0,0,0,0,1,2,3,0,0,0,0,0,0,0,3,
2019,186,0,Total,,,MIL,,Total,200:00,64,26,41,3,16,3,7,8,20,28,18,7,12,5,0,18,17,77,
2019,187,1,P008855   ,1.0,0.0,ZAL,0,"WALKUP, THOMAS",16:22,4,2,3,0,2,0,0,3,3,6,7,0,1,0,0,3,0,10,14.0
2019,187,1,P002429   ,0.0,0.0,ZAL,1,"RIVERS, KC",18:26,17,1,1,5,7,0,0,0,1,1,1,1,0,0,0,1,0,17,21.0
2019,187,1,P003210   ,0.0,0.0,ZAL,4,"LEKAVICIUS, LUKAS",15:48,4,2,6,0,0,0,0,0,0,0,4,0,1,0,0,2,0,1,15.0
2019,187,1,P008962   ,1.0,0.0,ZAL,10,"HAYES, NIGEL",15:31,12,3,4,1,1,3,3,1,6,7,1,1,0,0,0,3,2,19,23.0
2019,187,1,PBWI      ,0.0,0.0,ZAL,13,"JANKUNAS, PAULIUS",17:17,10,2,3,1,2,3,4,1,4,5,1,0,1,1,0,2,3,14,12.0
2019,187,1,P006158   ,0.0,1.0,ZAL,16,"LUKOSIUNAS, KAROLIS",07:05,3,0,1,1,2,0,0,2,2,4,2,0,0,0,0,2,1,6,-13.0
2019,187,1,PKPD      ,1.0,1.0,ZAL,21,"MILAKNIS, ARTURAS",23:27,4,2,2,0,3,0,0,0,1,1,1,2,0,0,0,2,0,3,9.0
2019,187,1,P009753   ,0.0,1.0,ZAL,23,"GEBEN, MARTINAS",07:05,5,2,2,0,0,1,2,0,0,0,0,0,1,0,0,2,1,2,-13.0
2019,187,1,P007519   ,0.0,1.0,ZAL,31,"JOKUBAITIS, ROKAS",21:53,11,1,4,3,4,0,0,2,0,2,4,1,4,0,0,2,4,12,11.0
2019,187,1,P008987   ,0.0,0.0,ZAL,32,"LEDAY, ZACH",19:48,8,4,7,0,0,0,1,2,3,5,2,0,0,1,0,1,1,12,30.0
2019,187,1,P008820   ,1.0,1.0,ZAL,34,"LANDALE, JOCK",19:40,12,5,10,0,2,2,2,3,4,7,0,0,0,0,1,4,2,9,-6.0
2019,187,1,P002329   ,1.0,0.0,ZAL,92,"ULANOVAS, EDGARAS",17:38,14,1,3,3,4,3,3,3,1,4,4,1,2,0,0,3,3,18,17.0
2019,187,1,Team,0.0,0.0,ZAL,,Team,,0,0,0,0,0,0,0,1,1,2,0,0,0,0,0,0,0,2,
2019,187,1,Total,,,ZAL,,Total,200:00,104,25,46,14,27,12,15,18,26,44,27,6,10,2,1,27,17,125,
2019,187,0,P009600   ,0.0,1.0,BER,1,"MASON, MAKAI",07:50,7,1,2,1,1,2,3,0,1,1,1,0,1,0,0,0,2,8,2.0
2019,187,0,P007125   ,1.0,0.0,BER,3,"SIVA, PEYTON",23:48,12,2,5,2,5,2,2,1,3,4,4,3,1,0,0,2,2,16,-2.0
2019,187,0,P001557   ,0.0,1.0,BER,5,"GIFFEY, NIELS",19:00,5,0,1,1,4,2,2,0,0,0,1,0,1,0,0,1,1,1,-14.0
2019,187,0,P003151   ,0.0,0.0,BER,8,"ERIKSSON, MARCUS",21:14,7,0,1,2,7,1,2,0,1,1,1,2,1,0,0,2,2,3,-16.0
2019,187,0,P007025   ,0.0,1.0,BER,9,"MATTISSECK, JONAS",11:30,0,0,2,0,0,0,0,1,0,1,1,0,0,0,0,1,1,0,-3.0
2019,187,0,P006251   ,0.0,0.0,BER,10,"SCHNEIDER, TIM",06:24,0,0,2,0,0,0,0,0,0,0,0,0,0,0,2,1,1,-4,-11.0
2019,187,0,P008780   ,1.0,0.0,BER,15,"HERMANNSSON, MARTIN",18:49,0,0,5,0,3,0,0,0,2,2,3,0,0,0,0,1,1,-3,-22.0
2019,187,0,P006436   ,1.0,1.0,BER,31,"GIEDRAITIS, ROKAS",22:22,12,4,5,1,2,1,1,1,2,3,2,1,1,0,0,2,3,16,-10.0
2019,187,0,P003958   ,0.0,1.0,BER,32,"THIEMANN, JOHANNES",13:12,8,4,5,0,2,0,2,4,0,4,1,0,0,0,0,2,1,7,-14.0
2019,187,0,P009601   ,0.0,0.0,BER,34,"CAVANAUGH, TYLER",12:45,5,1,4,0,1,3,4,1,2,3,0,0,0,0,0,2,2,3,-13.0
2019,187,0,P009051   ,1.0,0.0,BER,35,"NNOKO, LANDRY",23:31,15,3,4,0,0,9,10,3,4,7,1,0,3,1,0,0,8,27,-5.0
2019,187,0,P006589   ,1.0,0.0,BER,43,"SIKMA, LUKE",19:35,9,3,5,1,1,0,0,0,2,2,1,1,2,0,0,3,3,9,-12.0
2019,187,0,Team,0.0,0.0,BER,,Team,,0,0,0,0,0,0,0,7,0,7,0,0,0,0,0,0,0,7,
2019,187,0,Total,,,BER,,Total,200:00,80,18,41,8,26,20,26,18,17,35,16,7,10,1,2,17,27,90,
2019,188,1,P005094   ,1.0,0.0,PAN,0,"THOMAS, DESHAUN",25:06,10,2,3,2,3,0,0,1,3,4,0,1,0,0,0,1,2,14,28.0
2019,188,1,P003367   ,0.0,0.0,PAN,5,"RICE, TYRESE",14:45,14,1,3,4,5,0,0,0,0,0,1,0,2,0,1,0,4,13,1.0
2019,188,1,P005844   ,1.0,0.0,PAN,6,"PAPAGIANNIS, GEORGIOS",23:39,12,6,9,0,0,0,0,3,5,8,0,0,1,5,0,3,0,18,29.0
2019,188,1,P010150   ,0.0,0.0,PAN,8,"RAUTINS, ANDY",09:26,0,0,0,0,1,0,0,0,0,0,1,0,0,0,0,2,0,-2,-13.0
2019,188,1,P005161   ,1.0,1.0,PAN,10,"PAPAPETROU, IOANNIS",29:39,21,4,6,4,5,1,2,1,3,4,1,1,1,0,0,1,2,23,23.0
2019,188,1,PTFX      ,0.0,1.0,PAN,15,"VOUGIOUKAS, IAN",07:15,2,1,3,0,0,0,0,0,0,0,1,1,1,0,0,1,0,0,-5.0
2019,188,1,P009816   ,0.0,0.0,PAN,24,"JOHNSON, WESLEY",10:21,0,0,0,0,3,0,2,0,2,2,0,0,0,0,0,1,1,-3,-11.0
2019,188,1,P009842   ,1.0,1.0,PAN,32,"FREDETTE, JIMMER",22:53,22,8,10,2,2,0,0,0,2,2,2,1,1,0,0,2,1,23,15.0
2019,188,1,P001932   ,1.0,1.0,PAN,33,"CALATHES, NICK",32:56,10,4,6,0,0,2,2,0,4,4,17,0,4,0,0,3,5,27,21.0
2019,188,1,P009472   ,0.0,0.0,PAN,35,"WILEY, JACOB",04:55,2,1,2,0,0,0,0,0,0,0,0,0,0,1,0,0,0,2,-8.0
2019,188,1,P007866   ,0.0,0.0,PAN,44,"MITOGLOU, KONSTANTINOS",10:46,4,1,2,0,0,2,2,1,3,4,1,1,2,1,0,2,2,8,-11.0
2019,188,1,P009818   ,0.0,1.0,PAN,50,"BENTIL, BENJAMIN",08:19,3,0,2,1,1,0,0,2,0,2,1,0,0,0,0,1,0,3,-9.0
2019,188,1,Team,0.0,0.0,PAN,,Team,,0,0,0,0,0,0,0,3,0,3,0,0,1,0,0,0,0,2,
2019,188,1,Total,,,PAN,,Total,200:00,100,28,46,13,20,5,8,11,22,33,25,5,13,7,1,17,17,128,
2019,188,0,P000229   ,1.0,0.0,ASV,1,"JACKSON, EDWIN",13:26,2,1,3,0,2,0,0,0,0,0,1,1,1,0,1,1,0,-3,-19.0
2019,188,0,P005247   ,1.0,0.0,ASV,2,"TAYLOR, JORDAN",18:33,6,3,6,0,2,0,0,0,0,0,2,1,0,0,1,1,0,2,-22.0
2019,188,0,P009733   ,1.0,0.0,ASV,3,"JEKIRI, TONYE",24:13,6,2,6,0,0,2,2,3,3,6,1,1,0,0,1,2,3,10,-12.0
2019,188,0,P007027   ,0.0,1.0,ASV,6,"MALEDON, THEO",19:52,19,3,5,3,5,4,5,0,2,2,2,1,2,0,0,2,4,19,5.0
2019,188,0,P005553   ,0.0,0.0,ASV,9,"LOMAZS, RIHARDS",08:04,0,0,1,0,2,0,0,2,0,2,1,0,1,0,1,2,2,-2,6.0
2019,188,0,P006068   ,0.0,0.0,ASV,12,"NOUA, AMINE",06:59,2,1,2,0,0,0,0,1,0,1,0,0,0,0,0,0,0,2,-1.0
2019,188,0,P002536   ,1.0,0.0,ASV,17,"JEAN-CHARLES, LIVIO",20:15,16,3,6,2,5,4,4,4,2,6,1,0,0,0,1,1,3,18,-13.0
2019,188,0,PTFK      ,1.0,1.0,ASV,19,"DIOT, ANTOINE",18:47,14,1,2,4,4,0,0,0,0,0,1,1,3,0,0,2,0,10,0.0
2019,188,0,P004655   ,0.0,1.0,ASV,21,"BAKO, ISMAEL",15:47,2,1,2,0,0,0,0,0,2,2,1,0,0,0,1,1,2,4,0.0
2019,188,0,P003526   ,0.0,0.0,ASV,23,"LIGHTY, DAVID",16:20,0,0,2,0,2,0,0,2,1,3,1,0,1,1,1,2,0,-3,-3.0
2019,188,0,P008099   ,0.0,1.0,ASV,32,"STRAZEL, MATTHEW",17:59,14,3,5,2,2,2,2,0,1,1,2,0,3,0,0,2,1,11,-2.0
2019,188,0,P008348   ,0.0,1.0,ASV,33,"PAYNE, ADREIAN",19:45,7,1,2,1,3,2,2,1,2,3,3,1,2,0,0,1,2,10,1.0
2019,188,0,Team,0.0,0.0,ASV,,Team,,0,0,0,0,0,0,0,3,2,5,0,0,0,0,0,0,0,5,
2019,188,0,Total,,,ASV,,Total,200:00,88,19,42,12,27,14,15,16,15,31,16,6,13,1,7,17,17,83,
2019,189,1,P001392   ,0.0,0.0,MAD,1,"CAUSEUR, FABIEN",07:34,4,2,2,0,1,0,0,0,0,0,1,0,0,0,0,1,1,4,4.0
2019,189,1,PBMT      ,0.0,1.0,MAD,5,"FERNANDEZ, RUDY",20:21,8,1,1,2,6,0,0,0,0,0,3,0,0,0,0,1,1,7,1.0
2019,189,1,P005928   ,1.0,1.0,MAD,7,"CAMPAZZO, FACUNDO",21:17,10,1,4,2,5,2,2,0,1,1,3,2,2,0,0,1,3,10,-4.0
2019,189,1,P006435   ,0.0,0.0,MAD,8,"LAPROVITTOLA, NICOLAS",04:59,0,0,0,0,0,0,0,0,0,0,0,0,0,0,0,1,0,-1,-2.0
2019,189,1,PAAX      ,0.0,0.0,MAD,9,"REYES, FELIPE",06:19,2,1,1,0,2,0,0,1,0,1,0,0,0,0,0,1,0,0,-3.0
2019,189,1,P009005   ,1.0,0.0,MAD,14,"DECK, GABRIEL",18:44,6,1,3,1,2,1,1,2,1,3,3,0,1,0,0,3,2,7,4.0
2019,189,1,P001960   ,1.0,0.0,MAD,20,"CARROLL, JAYCEE",11:44,3,0,3,1,4,0,0,1,0,1,0,0,2,0,0,3,0,-7,4.0
2019,189,1,P005791   ,1.0,1.0,MAD,22,"TAVARES, WALTER",27:04,6,2,4,0,0,2,2,5,7,12,2,1,1,3,0,2,1,20,1.0
2019,189,1,PTGB      ,0.0,1.0,MAD,23,"LLULL, SERGIO",28:16,13,0,3,4,8,1,1,0,1,1,5,0,3,0,0,0,3,12,-9.0
2019,189,1,P008847   ,0.0,0.0,MAD,25,"MICKEY, JORDAN",14:00,8,4,5,0,0,0,0,1,5,6,1,2,1,0,0,4,2,13,-8.0
2019,189,1,P005836   ,0.0,1.0,MAD,33,"THOMPKINS, TREY",23:53,15,6,8,1,3,0,0,0,4,4,1,2,0,0,0,3,1,16,-5.0
2019,189,1,P006546   ,1.0,0.0,MAD,44,"TAYLOR, JEFFERY",15:49,0,0,1,0,2,0,0,0,0,0,0,0,1,0,1,1,0,-6,-8.0
2019,189,1,Team,0.0,0.0,MAD,,Team,,0,0,0,0,0,0,0,3,1,4,0,0,0,0,0,0,0,4,
2019,189,1,Total,,,MAD,,Total,200:00,75,18,35,11,33,6,6,13,20,33,19,7,11,3,1,21,14,79,
2019,189,0,P007200   ,1.0,1.0,IST,0,"LARKIN, SHANE",36:16,32,5,8,5,6,7,7,0,3,3,4,2,5,0,1,3,8,36,4.0
2019,189,0,P006590   ,1.0,1.0,IST,1,"BEAUBOIS, RODRIGUE",26:29,7,2,4,1,4,0,0,0,1,1,2,2,2,0,1,2,2,4,-6.0
2019,189,0,P006614   ,1.0,1.0,IST,2,"SINGLETON, CHRIS",31:51,7,0,1,1,3,4,4,2,5,7,1,1,1,0,1,2,3,12,2.0
2019,189,0,P003521   ,0.0,0.0,IST,4,"BALBAY, DOGUS",18:02,5,1,3,1,1,0,0,1,1,2,2,0,0,0,0,1,0,6,8.0
2019,189,0,P005686   ,0.0,0.0,IST,8,"GECIM, TOLGA",DNP,0,0,0,0,0,0,0,0,0,0,0,0,0,0,0,0,0,0,0.0
2019,189,0,P002968   ,0.0,0.0,IST,15,"SANLI, SERTAC",04:48,0,0,0,0,0,0,0,0,0,0,0,0,1,0,0,0,0,-1,-4.0
2019,189,0,P001833   ,0.0,0.0,IST,18,"MOERMAN, ADRIEN",09:00,5,1,1,0,0,3,4,0,1,1,0,0,0,0,0,0,2,7,3.0
2019,189,0,P002925   ,0.0,0.0,IST,19,"TUNCER, BUGRAHAN",02:41,3,0,0,1,1,0,0,0,0,0,0,0,0,0,0,1,0,2,0.0
2019,189,0,PLHK      ,1.0,1.0,IST,21,"PLEISS, TIBOR",31:09,13,5,7,1,1,0,0,1,4,5,0,0,1,0,0,3,1,13,5.0
2019,189,0,P005938   ,0.0,0.0,IST,23,"ANDERSON, JAMES",08:59,3,0,2,0,1,3,4,1,0,1,0,0,0,0,0,1,3,2,15.0
2019,189,0,P008829   ,0.0,0.0,IST,25,"PETERS, ALEC",03:12,3,0,1,0,0,3,4,0,0,0,0,0,0,0,0,0,1,2,4.0
2019,189,0,PCPR      ,1.0,1.0,IST,44,"SIMON, KRUNOSLAV",27:33,2,1,3,0,2,0,0,0,5,5,4,0,2,1,0,2,1,5,-6.0
2019,189,0,Team,0.0,0.0,IST,,Team,,0,0,0,0,0,0,0,1,4,5,0,0,0,0,0,0,0,5,
2019,189,0,Total,,,IST,,Total,200:00,80,15,30,10,19,20,23,6,24,30,13,5,12,1,3,15,21,93,
2019,190,1,PKVZ      ,1.0,1.0,KHI,1,"SHVED, ALEXEY",33:10,27,3,6,5,10,6,7,0,1,1,6,2,8,0,0,0,6,25,-9.0
2019,190,1,P007056   ,1.0,1.0,KHI,5,"BOOKER, DEVIN",24:05,6,0,2,1,1,3,4,1,9,10,0,0,1,0,0,2,4,14,-14.0
2019,190,1,P005718   ,1.0,0.0,KHI,6,"TIMMA, JANIS",34:02,12,0,4,3,6,3,5,2,1,3,0,1,2,0,1,4,3,3,-6.0
2019,190,1,P004302   ,0.0,1.0,KHI,7,"KARASEV, SERGEY",12:58,2,1,1,0,2,0,0,0,2,2,0,0,1,0,0,1,2,2,-4.0
2019,190,1,P001792   ,0.0,1.0,KHI,8,"ZAYTSEV, VYACHESLAV",12:57,2,1,2,0,1,0,0,0,2,2,0,0,0,0,0,1,0,1,-3.0
2019,190,1,PBGV      ,0.0,0.0,KHI,9,"VIALTSEV, EGOR",DNP,0,0,0,0,0,0,0,0,0,0,0,0,0,0,0,0,0,0,0.0
2019,190,1,P005909   ,0.0,0.0,KHI,10,"DESIATNIKOV, ANDREI",DNP,0,0,0,0,0,0,0,0,0,0,0,0,0,0,0,0,0,0,0.0
2019,190,1,P009748   ,0.0,0.0,KHI,11,"JEREBKO, JONAS",21:14,5,1,2,1,3,0,0,0,2,2,3,2,0,1,0,3,1,8,-1.0
2019,190,1,PBFX      ,1.0,1.0,KHI,12,"MONIA, SERGEY",27:54,6,0,0,2,6,0,0,0,2,2,1,1,1,1,0,3,0,3,3.0
2019,190,1,P008001   ,0.0,0.0,KHI,13,"GILL, ANTHONY",07:41,0,0,1,0,3,0,0,0,1,1,1,0,0,0,0,1,0,-3,-6.0
2019,190,1,P004863   ,1.0,0.0,KHI,24,"JOVIC, STEFAN",25:59,9,1,2,2,3,1,1,0,3,3,4,0,3,1,0,4,1,9,-5.0
2019,190,1,Team,0.0,0.0,KHI,,Team,,0,0,0,0,0,0,0,3,1,4,0,0,2,0,0,0,0,2,
2019,190,1,Total,,,KHI,,Total,200:00,69,7,20,14,35,13,17,6,24,30,15,6,18,3,1,19,17,64,
2019,190,0,P009035   ,0.0,0.0,CSK,3,"BOLOMBOY, JOEL",16:32,4,2,3,0,0,0,1,0,3,3,1,0,0,0,0,1,4,9,4.0
2019,190,0,P005985   ,1.0,1.0,CSK,5,"JAMES, MIKE",25:07,21,3,8,4,10,3,3,1,2,3,2,1,4,0,0,3,3,12,10.0
2019,190,0,P008995   ,0.0,0.0,CSK,7,"UKHOV, IVAN",DNP,0,0,0,0,0,0,0,0,0,0,0,0,0,0,0,0,0,0,0.0
2019,190,0,P004941   ,0.0,0.0,CSK,11,"ANTONOV, SEMEN",10:32,5,1,1,0,2,3,3,1,1,2,0,0,2,0,0,1,2,4,-2.0
2019,190,0,P007201   ,1.0,0.0,CSK,17,"VOIGTMANN, JOHANNES",27:06,15,6,9,1,4,0,0,4,10,14,1,0,2,0,0,2,0,20,18.0
2019,190,0,P001844   ,0.0,1.0,CSK,23,"HACKETT, DANIEL",17:15,1,0,1,0,1,1,2,0,2,2,3,0,1,0,1,3,4,2,-8.0
2019,190,0,P007869   ,1.0,1.0,CSK,26,"SANT-ROOS, HOWARD",30:10,12,4,9,1,1,1,2,4,2,6,3,5,0,0,1,3,2,18,11.0
2019,190,0,P009766   ,0.0,0.0,CSK,31,"KOUFOS, KOSTA",DNP,0,0,0,0,0,0,0,0,0,0,0,0,0,0,0,0,0,0,0.0
2019,190,0,P008989   ,0.0,0.0,CSK,32,"HILLIARD, DARRUN",09:41,5,1,4,1,2,0,0,1,1,2,0,2,2,0,1,1,0,1,-2.0
2019,190,0,PJLX      ,1.0,1.0,CSK,41,"KURBANOV, NIKITA",27:00,0,0,0,0,2,0,0,1,2,3,4,0,0,1,0,1,0,5,10.0
2019,190,0,P002812   ,1.0,1.0,CSK,42,"HINES, KYLE",23:45,13,5,6,0,0,3,3,4,2,6,0,0,1,0,0,2,2,17,2.0
2019,190,0,P009767   ,0.0,0.0,CSK,84,"BAKER, RON",12:52,2,1,2,0,3,0,0,0,1,1,0,4,0,0,0,0,2,5,2.0
2019,190,0,Team,0.0,0.0,CSK,,Team,,0,0,0,0,0,0,0,0,4,4,0,0,2,0,0,0,0,2,
2019,190,0,Total,,,CSK,,Total,200:00,78,23,43,7,25,11,14,16,30,46,14,12,14,1,3,17,19,95,
2019,191,1,P009600   ,0.0,0.0,BER,1,"MASON, MAKAI",13:45,9,1,3,1,2,4,4,0,1,1,3,1,2,0,0,2,3,10,5.0
2019,191,1,P007125   ,1.0,0.0,BER,3,"SIVA, PEYTON",16:42,2,1,4,0,3,0,0,0,0,0,3,1,2,0,0,3,3,-2,-6.0
2019,191,1,P001557   ,0.0,0.0,BER,5,"GIFFEY, NIELS",02:06,0,0,0,0,0,0,0,0,0,0,0,0,0,0,0,1,0,-1,-1.0
2019,191,1,P003151   ,1.0,1.0,BER,8,"ERIKSSON, MARCUS",19:39,8,1,3,2,3,0,0,0,1,1,0,0,1,0,1,0,1,5,-3.0
2019,191,1,P007025   ,0.0,0.0,BER,9,"MATTISSECK, JONAS",01:45,0,0,0,0,0,0,0,0,1,1,0,0,0,0,0,1,0,0,-3.0
2019,191,1,P008780   ,0.0,1.0,BER,15,"HERMANNSSON, MARTIN",25:44,10,1,7,2,4,2,2,0,1,1,2,3,3,1,1,1,1,5,1.0
2019,191,1,P003242   ,0.0,0.0,BER,25,"OGBE, KENNETH",15:43,2,1,3,0,0,0,0,0,1,1,0,0,0,0,2,1,0,-2,6.0
2019,191,1,P006436   ,1.0,1.0,BER,31,"GIEDRAITIS, ROKAS",26:42,14,4,6,2,4,0,0,1,3,4,2,1,0,0,0,2,3,18,-12.0
2019,191,1,P003958   ,0.0,0.0,BER,32,"THIEMANN, JOHANNES",14:19,4,2,2,0,0,0,0,0,1,1,0,0,1,0,0,2,2,4,3.0
2019,191,1,P009601   ,0.0,0.0,BER,34,"CAVANAUGH, TYLER",12:19,5,0,0,1,3,2,2,0,0,0,1,1,1,0,0,0,3,7,6.0
2019,191,1,P009051   ,1.0,1.0,BER,35,"NNOKO, LANDRY",24:21,11,4,4,0,0,3,4,1,5,6,0,0,2,0,0,3,3,14,-8.0
2019,191,1,P006589   ,1.0,1.0,BER,43,"SIKMA, LUKE",26:55,5,2,2,0,0,1,2,1,4,5,8,1,1,0,0,2,2,17,-8.0
2019,191,1,Team,0.0,0.0,BER,,Team,,0,0,0,0,0,0,0,1,1,2,0,0,0,0,0,0,0,2,
2019,191,1,Total,,,BER,,Total,200:00,70,17,34,8,19,12,14,4,19,23,19,8,13,1,4,18,21,77,
2019,191,0,P007400   ,0.0,0.0,ULK,2,"NUNNALLY, JAMES",01:36,0,0,0,0,0,0,0,0,0,0,0,0,2,0,0,1,0,-3,-2.0
2019,191,0,P002543   ,0.0,1.0,ULK,9,"WESTERMANN, LEO",12:43,11,0,1,3,3,2,2,0,5,5,0,0,0,0,0,1,1,15,-1.0
2019,191,0,P004866   ,1.0,1.0,ULK,12,"KALINIC, NIKOLA",28:06,6,3,6,0,6,0,0,0,1,1,4,3,2,0,0,3,2,2,9.0
2019,191,0,P001926   ,1.0,0.0,ULK,16,"SLOUKAS, KOSTAS",30:25,16,5,7,2,3,0,0,1,4,5,5,2,5,0,0,5,3,18,10.0
2019,191,0,P002100   ,1.0,1.0,ULK,19,"DE COLO, NANDO",34:13,10,2,5,1,4,3,4,0,4,4,3,0,4,0,1,0,4,9,2.0
2019,191,0,P009006   ,1.0,0.0,ULK,21,"WILLIAMS, DERRICK",13:50,4,0,1,1,2,1,2,0,2,2,0,0,0,0,0,1,2,4,1.0
2019,191,0,P004251   ,0.0,0.0,ULK,23,"THOMAS, MALCOLM",11:10,2,0,1,0,0,2,2,0,1,1,0,0,1,1,0,3,1,0,0.0
2019,191,0,P000925   ,1.0,1.0,ULK,24,"VESELY, JAN",33:27,10,4,4,0,0,2,2,2,4,6,2,1,2,3,0,2,5,23,2.0
2019,191,0,P000981   ,0.0,0.0,ULK,32,"CANDAN, BERKAY",DNP,0,0,0,0,0,0,0,0,0,0,0,0,0,0,0,0,0,0,0.0
2019,191,0,P001324   ,0.0,0.0,ULK,35,"MUHAMMED, ALI",09:57,0,0,1,0,1,0,0,0,0,0,1,0,1,0,0,1,0,-3,5.0
2019,191,0,PCCD      ,0.0,1.0,ULK,70,"DATOME, LUIGI",24:33,15,3,3,3,5,0,0,2,3,5,1,1,2,0,0,4,0,14,-6.0
2019,191,0,P004194   ,0.0,0.0,ULK,77,"LAUVERGNE, JOFFREY",DNP,0,0,0,0,0,0,0,0,0,0,0,0,0,0,0,0,0,0,0.0
2019,191,0,Team,0.0,0.0,ULK,,Team,,0,0,0,0,0,0,0,1,1,2,0,0,0,0,0,0,0,2,
2019,191,0,Total,,,ULK,,Total,200:00,74,17,29,10,24,10,12,6,25,31,16,7,19,4,1,21,18,81,
2019,192,1,P002972   ,0.0,0.0,OLY,1,"ROCHESTIE, TAYLOR",13:16,2,1,4,0,2,0,0,1,1,2,4,0,2,0,0,1,1,1,2.0
2019,192,1,P009863   ,1.0,0.0,OLY,2,"BALDWIN IV, WADE",22:29,2,1,3,0,2,0,0,1,3,4,6,0,0,0,0,5,0,3,10.0
2019,192,1,P004945   ,0.0,1.0,OLY,3,"PAUL, BRANDON",13:01,3,0,1,1,1,0,0,1,1,2,1,0,0,0,0,1,2,6,7.0
2019,192,1,P004218   ,0.0,0.0,OLY,4,"CHARALAMPOPOULOS, VASILIS",11:10,3,0,0,1,3,0,0,0,0,0,1,2,0,1,0,0,0,5,2.0
2019,192,1,P005255   ,0.0,1.0,OLY,6,"KONIARIS, ANTONIOS",14:40,0,0,0,0,2,0,0,0,2,2,3,0,2,0,0,1,2,2,1.0
2019,192,1,PJUO      ,1.0,1.0,OLY,7,"SPANOULIS, VASSILIS",29:35,16,1,2,4,5,2,2,0,3,3,4,0,3,0,0,2,2,18,7.0
2019,192,1,P003941   ,1.0,0.0,OLY,11,"MILUTINOV, NIKOLA",20:44,10,4,4,0,0,2,2,1,2,3,0,0,1,0,0,2,6,16,8.0
2019,192,1,P003469   ,0.0,0.0,OLY,14,"VEZENKOV, SASHA",07:27,9,1,1,1,3,4,4,0,0,0,1,0,0,0,0,0,2,10,1.0
2019,192,1,PAMM      ,0.0,0.0,OLY,15,"PRINTEZIS, GEORGIOS",DNP,0,0,0,0,0,0,0,0,0,0,0,0,0,0,0,0,0,0,0.0
2019,192,1,P001255   ,1.0,0.0,OLY,16,"PAPANIKOLAOU, KOSTAS",17:03,5,1,1,1,6,0,0,0,3,3,0,0,0,0,0,0,1,4,3.0
2019,192,1,P006477   ,1.0,1.0,OLY,21,"RUBIT, AUGUSTINE",31:19,19,5,7,2,3,3,3,1,6,7,1,0,2,2,1,3,3,23,7.0
2019,192,1,P009580   ,0.0,1.0,OLY,32,"ELLIS, OCTAVIUS",19:16,11,4,4,0,0,3,4,1,6,7,1,1,1,1,0,4,5,20,2.0
2019,192,1,Team,0.0,0.0,OLY,,Team,,0,0,0,0,0,0,0,1,1,2,0,0,3,0,0,0,0,-1,
2019,192,1,Total,,,OLY,,Total,200:00,80,18,27,10,27,14,15,7,28,35,22,3,14,4,1,19,24,107,
2019,192,0,P005415   ,0.0,0.0,BAS,1,"PENAVA, AJDIN",DNP,0,0,0,0,0,0,0,0,0,0,0,0,0,0,0,0,0,0,0.0
2019,192,0,P008032   ,0.0,0.0,BAS,5,"GONZALEZ, MIGUEL",DNP,0,0,0,0,0,0,0,0,0,0,0,0,0,0,0,0,0,0,0.0
2019,192,0,P009888   ,0.0,1.0,BAS,6,"CHRISTON, SEMAJ",20:35,3,0,3,1,3,0,0,1,0,1,3,0,1,0,0,1,1,1,-2.0
2019,192,0,P004165   ,0.0,1.0,BAS,11,"JANNING, MATT",16:05,5,1,3,1,4,0,0,1,1,2,1,0,1,0,0,3,0,-1,0.0
2019,192,0,P003540   ,0.0,0.0,BAS,12,"DIOP, ILIMANE",04:05,0,0,1,0,0,0,0,0,0,0,0,0,0,1,0,2,0,-2,-1.0
2019,192,0,P005458   ,1.0,1.0,BAS,17,"GARCIA, SERGI",24:43,5,1,1,1,3,0,0,1,5,6,3,0,1,0,0,3,1,9,-5.0
2019,192,0,P006568   ,0.0,0.0,BAS,19,"FALL, YOUSSOUPHA",09:33,2,1,2,0,0,0,0,2,3,5,0,0,2,0,1,3,1,1,-5.0
2019,192,0,P009836   ,1.0,0.0,BAS,22,"STAUSKAS, NIK",24:05,14,1,3,4,8,0,1,0,1,1,1,3,2,0,1,2,3,10,-10.0
2019,192,0,P001133   ,1.0,0.0,BAS,23,"SHENGELIA, TORNIKE",30:32,14,4,9,1,3,3,4,2,3,5,7,1,1,0,1,5,6,18,-2.0
2019,192,0,P007831   ,1.0,1.0,BAS,31,"SHIELDS, SHAVON",33:21,14,3,7,2,5,2,2,0,2,2,0,0,1,0,1,1,2,8,-9.0
2019,192,0,P002084   ,0.0,1.0,BAS,33,"POLONARA, ACHILLE",13:29,8,0,1,2,3,2,4,1,1,2,1,0,0,0,0,1,2,8,-10.0
2019,192,0,P007360   ,1.0,0.0,BAS,50,"ERIC, MICHAEL",23:32,5,2,2,0,0,1,4,1,1,2,0,0,1,0,0,3,3,3,-6.0
2019,192,0,Team,0.0,0.0,BAS,,Team,,0,0,0,0,0,0,0,2,1,3,0,0,1,0,0,0,0,2,
2019,192,0,Total,,,BAS,,Total,200:00,70,13,32,12,29,8,15,11,18,29,16,4,11,1,4,24,19,57,
2019,193,1,P009846   ,1.0,1.0,TEL,0,"BRYANT, ELIJAH",20:11,5,1,2,1,4,0,0,0,4,4,3,2,2,0,0,3,1,6,-8.0
2019,193,1,P006661   ,1.0,1.0,TEL,1,"WILBEKIN, SCOTTIE",25:36,21,1,1,4,10,7,9,0,3,3,4,1,5,0,0,2,8,22,-3.0
2019,193,1,P009847   ,1.0,1.0,TEL,2,"ACY, QUINCY",21:54,9,3,3,1,1,0,0,2,1,3,0,1,2,0,0,3,1,9,-2.0
2019,193,1,P007942   ,0.0,0.0,TEL,3,"REYNOLDS, JALEN",12:54,4,2,6,0,0,0,0,2,2,4,0,0,1,0,2,4,0,-3,16.0
2019,193,1,P005771   ,1.0,0.0,TEL,4,"CALOIARO, ANGELO",16:52,2,1,2,0,1,0,0,2,0,2,3,1,1,0,0,2,0,3,-17.0
2019,193,1,P005160   ,1.0,0.0,TEL,5,"HUNTER, OTHELLO",28:26,8,4,10,0,0,0,0,2,4,6,3,0,1,0,2,2,0,6,-18.0
2019,193,1,P009848   ,0.0,0.0,TEL,6,"COHEN, SANDY",00:42,0,0,0,0,0,0,0,0,0,0,0,0,0,0,0,1,0,-1,-2.0
2019,193,1,P007675   ,0.0,0.0,TEL,8,"AVDIJA, DENI",15:32,7,1,3,1,1,2,2,0,2,2,0,2,1,0,1,3,2,6,16.0
2019,193,1,P003413   ,0.0,0.0,TEL,9,"JACKSON, AARON",22:02,2,1,1,0,2,0,0,1,0,1,4,0,0,0,0,3,0,2,3.0
2019,193,1,P009849   ,0.0,1.0,TEL,11,"DORSEY, TYLER",19:05,9,0,2,2,7,3,4,1,0,1,0,1,3,0,1,1,3,1,-1.0
2019,193,1,P005145   ,0.0,1.0,TEL,15,"COHEN, JAKE",14:48,8,1,4,2,3,0,0,0,1,1,1,0,1,0,2,1,1,3,-2.0
2019,193,1,P007069   ,0.0,0.0,TEL,32,"STOUDEMIRE, AMAR'E",01:58,2,1,1,0,0,0,0,0,0,0,0,0,0,0,0,0,0,2,-2.0
2019,193,1,Team,0.0,0.0,TEL,,Team,,0,0,0,0,0,0,0,3,1,4,0,0,2,0,0,0,0,2,
2019,193,1,Total,,,TEL,,Total,200:00,77,16,35,11,29,12,15,13,18,31,18,8,19,0,8,25,16,58,
2019,193,0,P001392   ,1.0,0.0,MAD,1,"CAUSEUR, FABIEN",21:25,12,6,7,0,2,0,0,2,1,3,1,1,1,0,0,2,1,12,9.0
2019,193,0,P005757   ,1.0,0.0,MAD,3,"RANDOLPH, ANTHONY",21:02,19,3,3,3,6,4,5,2,5,7,0,0,2,0,0,1,4,23,10.0
2019,193,0,PBMT      ,0.0,1.0,MAD,5,"FERNANDEZ, RUDY",16:37,0,0,0,0,1,0,0,0,1,1,0,1,0,0,0,0,2,3,-1.0
2019,193,0,P005928   ,1.0,1.0,MAD,7,"CAMPAZZO, FACUNDO",24:39,11,2,2,1,5,4,6,0,3,3,8,4,4,0,0,3,6,19,14.0
2019,193,0,P006435   ,0.0,0.0,MAD,8,"LAPROVITTOLA, NICOLAS",DNP,0,0,0,0,0,0,0,0,0,0,0,0,0,0,0,0,0,0,0.0
2019,193,0,P009005   ,1.0,1.0,MAD,14,"DECK, GABRIEL",24:32,4,1,7,0,1,2,2,0,2,2,0,1,0,1,0,1,2,2,6.0
2019,193,0,P001960   ,0.0,0.0,MAD,20,"CARROLL, JAYCEE",00:42,0,0,0,0,0,0,0,0,0,0,0,0,0,0,0,0,0,0,2.0
2019,193,0,P005791   ,1.0,0.0,MAD,22,"TAVARES, WALTER",31:48,11,4,7,0,0,3,4,3,7,10,0,0,5,5,0,3,3,17,7.0
2019,193,0,PTGB      ,0.0,0.0,MAD,23,"LLULL, SERGIO",18:51,5,2,4,0,2,1,1,0,0,0,4,0,0,0,0,2,3,6,-12.0
2019,193,0,P008847   ,0.0,0.0,MAD,25,"MICKEY, JORDAN",07:03,2,1,2,0,0,0,0,0,1,1,0,0,3,2,0,0,0,1,-4.0
2019,193,0,P005836   ,0.0,1.0,MAD,33,"THOMPKINS, TREY",16:27,12,3,3,0,2,6,6,0,3,3,2,1,1,0,0,0,4,19,-7.0
2019,193,0,P006546   ,0.0,1.0,MAD,44,"TAYLOR, JEFFERY",16:54,5,1,1,1,1,0,0,0,2,2,1,1,2,0,0,4,0,3,-4.0
2019,193,0,Team,0.0,0.0,MAD,,Team,,0,0,0,0,0,0,0,1,0,1,0,0,1,0,0,0,0,0,
2019,193,0,Total,,,MAD,,Total,200:00,81,23,36,5,20,20,24,8,25,33,16,9,19,8,0,16,25,105,
2019,194,1,P000229   ,0.0,0.0,ASV,1,"JACKSON, EDWIN",06:31,0,0,0,0,1,0,0,0,0,0,0,0,2,0,0,0,0,-3,0.0
2019,194,1,P005247   ,1.0,1.0,ASV,2,"TAYLOR, JORDAN",28:28,15,2,4,3,6,2,2,1,1,2,2,1,2,0,0,4,2,11,-8.0
2019,194,1,P009733   ,1.0,0.0,ASV,3,"JEKIRI, TONYE",28:49,11,4,6,0,0,3,5,3,4,7,2,0,2,1,0,4,4,15,-1.0
2019,194,1,P007027   ,1.0,0.0,ASV,6,"MALEDON, THEO",21:30,13,2,4,1,1,6,6,0,1,1,5,0,0,0,0,5,3,15,5.0
2019,194,1,P005553   ,0.0,1.0,ASV,9,"LOMAZS, RIHARDS",13:24,0,0,0,0,0,0,0,0,0,0,1,0,0,0,0,2,2,1,-7.0
2019,194,1,P008851   ,1.0,0.0,ASV,11,"GALLIOU, CHARLES",14:31,0,0,0,0,1,0,0,0,0,0,1,0,0,0,0,3,0,-3,-10.0
2019,194,1,P002536   ,1.0,1.0,ASV,17,"JEAN-CHARLES, LIVIO",24:41,12,3,6,1,3,3,3,1,3,4,0,1,1,0,0,1,2,12,-12.0
2019,194,1,PTFK      ,0.0,0.0,ASV,19,"DIOT, ANTOINE",01:48,0,0,0,0,1,0,0,0,0,0,0,0,0,0,0,1,0,-2,4.0
2019,194,1,P004655   ,0.0,0.0,ASV,21,"BAKO, ISMAEL",08:51,6,2,4,0,0,2,2,3,2,5,0,0,0,1,0,1,1,10,2.0
2019,194,1,P003526   ,0.0,1.0,ASV,23,"LIGHTY, DAVID",25:20,14,4,8,1,5,3,3,2,2,4,3,1,1,0,0,1,5,17,-3.0
2019,194,1,P008099   ,0.0,0.0,ASV,32,"STRAZEL, MATTHEW",08:28,0,0,2,0,2,0,0,0,0,0,1,0,0,0,0,0,2,-1,4.0
2019,194,1,P008348   ,0.0,1.0,ASV,33,"PAYNE, ADREIAN",17:39,3,0,2,0,4,3,4,3,3,6,0,0,0,1,0,0,2,5,1.0
2019,194,1,Team,0.0,0.0,ASV,,Team,,0,0,0,0,0,0,0,1,3,4,0,0,2,0,0,0,0,2,
2019,194,1,Total,,,ASV,,Total,200:00,74,17,36,6,24,22,25,14,19,33,15,3,10,3,0,22,23,79,
2019,194,0,P008855   ,1.0,1.0,ZAL,0,"WALKUP, THOMAS",29:23,11,2,4,1,1,4,4,1,5,6,4,0,2,0,0,1,5,21,6.0
2019,194,0,P002429   ,0.0,0.0,ZAL,1,"RIVERS, KC",12:35,0,0,0,0,1,0,0,0,1,1,0,0,0,0,0,0,0,0,0.0
2019,194,0,P003210   ,0.0,0.0,ZAL,4,"LEKAVICIUS, LUKAS",27:26,21,7,11,2,3,1,2,0,0,0,1,1,1,0,0,2,1,15,-2.0
2019,194,0,P008962   ,0.0,1.0,ZAL,10,"HAYES, NIGEL",15:24,3,0,0,1,5,0,0,0,0,0,0,0,0,0,0,4,1,-4,4.0
2019,194,0,PBWI      ,1.0,0.0,ZAL,13,"JANKUNAS, PAULIUS",20:21,5,2,3,0,1,1,2,1,3,4,0,1,0,0,0,5,1,3,2.0
2019,194,0,P006158   ,0.0,0.0,ZAL,16,"LUKOSIUNAS, KAROLIS",DNP,0,0,0,0,0,0,0,0,0,0,0,0,0,0,0,0,0,0,0.0
2019,194,0,PKPD      ,1.0,1.0,ZAL,21,"MILAKNIS, ARTURAS",21:56,12,3,4,2,3,0,1,0,1,1,0,1,2,0,0,2,1,8,1.0
2019,194,0,P009753   ,0.0,0.0,ZAL,23,"GEBEN, MARTINAS",DNP,0,0,0,0,0,0,0,0,0,0,0,0,0,0,0,0,0,0,0.0
2019,194,0,P007519   ,0.0,0.0,ZAL,31,"JOKUBAITIS, ROKAS",03:18,0,0,0,0,0,0,0,0,0,0,0,0,0,0,0,1,0,-1,5.0
2019,194,0,P008987   ,0.0,1.0,ZAL,32,"LEDAY, ZACH",18:00,9,3,9,0,0,3,5,4,2,6,1,0,2,0,3,0,5,8,-1.0
2019,194,0,P008820   ,1.0,0.0,ZAL,34,"LANDALE, JOCK",22:00,12,5,6,0,0,2,2,1,3,4,1,0,2,0,0,4,2,12,6.0
2019,194,0,P002329   ,1.0,1.0,ZAL,92,"ULANOVAS, EDGARAS",29:37,6,2,3,0,1,2,2,0,3,3,3,0,0,0,0,4,6,12,4.0
2019,194,0,Team,0.0,0.0,ZAL,,Team,,0,0,0,0,0,0,0,0,4,4,0,0,1,0,0,0,0,3,
2019,194,0,Total,,,ZAL,,Total,200:00,79,24,40,6,15,13,18,7,22,29,10,3,10,0,3,23,22,77,
2019,195,1,P007870   ,1.0,0.0,BAR,0,"DAVIES, BRANDON",17:04,4,2,5,0,0,0,0,2,1,3,1,1,0,1,0,5,3,5,9.0
2019,195,1,PJUG      ,0.0,0.0,BAR,5,"RIBAS, PAU",DNP,0,0,0,0,0,0,0,0,0,0,0,0,0,0,0,0,0,0,0.0
2019,195,1,P005099   ,0.0,0.0,BAR,8,"HANGA, ADAM",19:15,0,0,0,0,1,0,0,0,2,2,0,0,3,0,0,1,2,-1,-1.0
2019,195,1,P007109   ,0.0,1.0,BAR,10,"SMITS, ROLANDS",01:10,0,0,0,0,0,0,0,0,0,0,1,0,0,0,0,0,0,1,5.0
2019,195,1,PKLT      ,0.0,1.0,BAR,13,"HEURTEL, THOMAS",18:27,8,0,0,2,5,2,2,1,2,3,7,0,2,0,0,3,2,12,4.0
2019,195,1,P005917   ,0.0,1.0,BAR,18,"ORIOLA, PIERRE",26:32,6,2,4,0,1,2,2,1,3,4,2,2,3,1,0,0,1,10,8.0
2019,195,1,P003478   ,0.0,1.0,BAR,21,"ABRINES, ALEX",04:19,3,0,0,1,3,0,0,0,0,0,0,0,0,0,0,0,0,1,2.0
2019,195,1,P004331   ,1.0,1.0,BAR,23,"DELANEY, MALCOLM",25:52,21,4,5,4,10,1,3,0,2,2,3,0,3,0,0,3,2,13,16.0
2019,195,1,P005789   ,1.0,0.0,BAR,24,"KURIC, KYLE",26:52,21,3,6,5,6,0,0,0,3,3,4,0,0,1,1,4,1,21,19.0
2019,195,1,P000556   ,1.0,0.0,BAR,30,"CLAVER, VICTOR",25:15,6,0,0,2,3,0,0,1,3,4,1,1,1,0,0,1,0,9,14.0
2019,195,1,P000796   ,1.0,0.0,BAR,33,"MIROTIC, NIKOLA",17:09,15,3,4,3,6,0,0,1,1,2,2,1,1,0,0,1,2,16,20.0
2019,195,1,P002507   ,0.0,0.0,BAR,44,"TOMIC, ANTE",18:05,6,3,3,0,1,0,0,1,3,4,1,2,0,0,0,0,2,14,-6.0
2019,195,1,Team,0.0,0.0,BAR,,Team,,0,0,0,0,0,0,0,2,1,3,0,0,0,0,0,0,0,3,
2019,195,1,Total,,,BAR,,Total,200:00,90,17,27,17,36,5,7,9,21,30,22,7,13,3,1,18,15,104,
2019,195,0,P005154   ,0.0,0.0,DYR,4,"IVERSON, COLTON",08:46,0,0,1,0,0,0,0,0,1,1,0,0,2,0,0,2,0,-4,-4.0
2019,195,0,P003425   ,0.0,0.0,DYR,6,"ALBICY, ANDREW",26:44,16,1,1,4,8,2,4,1,3,4,3,1,1,0,0,0,6,23,-6.0
2019,195,0,PJAN      ,0.0,1.0,DYR,7,"PONKRASHOV, ANTON",09:10,0,0,1,0,2,0,0,0,0,0,3,0,1,0,0,0,1,0,-7.0
2019,195,0,P009917   ,0.0,0.0,DYR,9,"HOLLINS, AUSTIN",21:45,5,1,3,1,5,0,0,1,1,2,1,3,0,1,1,1,1,5,-12.0
2019,195,0,P005856   ,1.0,0.0,DYR,10,"THOMAS, WILL",24:50,7,2,4,1,4,0,0,2,3,5,1,1,1,0,0,2,2,8,-14.0
2019,195,0,P007581   ,0.0,1.0,DYR,11,"BALASHOV, SERGEI",04:32,4,2,3,0,0,0,0,1,1,2,0,0,0,0,0,1,0,4,-4.0
2019,195,0,P005945   ,1.0,0.0,DYR,12,"RENFROE, ALEX",08:57,1,0,2,0,1,1,2,1,0,1,1,0,1,0,0,0,1,-1,-10.0
2019,195,0,P003370   ,0.0,1.0,DYR,14,"PUSHKOV, ANTON",17:19,6,3,7,0,0,0,0,3,0,3,1,0,1,0,0,2,1,4,-4.0
2019,195,0,P007851   ,0.0,1.0,DYR,16,"TRUSHKIN, VLADISLAV",13:53,6,0,0,2,5,0,0,1,2,3,2,1,0,0,0,0,0,9,2.0
2019,195,0,P001389   ,1.0,1.0,DYR,18,"VORONOV, EVGENY",24:57,2,0,2,0,2,2,2,1,1,2,3,0,1,0,1,4,1,-2,-18.0
2019,195,0,P005199   ,1.0,0.0,DYR,21,"ABROMAITIS, TIM",20:18,9,3,3,1,2,0,0,3,1,4,0,1,3,0,0,0,1,11,-12.0
2019,195,0,P005927   ,1.0,0.0,DYR,34,"AYON, GUSTAVO",18:49,16,7,11,0,0,2,4,5,5,10,3,1,5,0,1,3,4,19,-1.0
2019,195,0,Team,0.0,0.0,DYR,,Team,,0,0,0,0,0,0,0,1,1,2,0,0,0,0,0,0,0,2,
2019,195,0,Total,,,DYR,,Total,200:00,72,19,38,9,29,7,12,20,19,39,18,8,16,1,3,15,18,78,
2019,196,1,P003479   ,1.0,0.0,RED,0,"KUZMIC, OGNJEN",05:40,0,0,0,0,0,0,0,0,3,3,0,0,1,0,0,1,0,1,-8.0
2019,196,1,P009862   ,0.0,1.0,RED,0,"PUNTER, KEVIN",14:55,12,1,2,2,4,4,4,0,0,0,1,0,1,0,2,4,3,6,-5.0
2019,196,1,P009622   ,1.0,1.0,RED,4,"BROWN, LORENZO",28:47,7,2,10,1,5,0,0,0,3,3,9,1,2,0,1,2,4,7,-4.0
2019,196,1,PKRH      ,0.0,0.0,RED,5,"PERPEROGLOU, STRATOS",DNP,0,0,0,0,0,0,0,0,0,0,0,0,0,0,0,0,0,0,0.0
2019,196,1,P007960   ,0.0,1.0,RED,7,"DAVIDOVAC, DEJAN",17:51,15,3,5,2,4,3,3,0,0,0,0,3,0,1,0,2,3,16,3.0
2019,196,1,P005775   ,1.0,1.0,RED,12,"BARON, BILLY",30:16,14,2,5,2,6,4,4,3,0,3,4,2,2,0,0,0,1,15,-3.0
2019,196,1,P004007   ,1.0,0.0,RED,13,"DOBRIC, OGNJEN",17:16,5,1,2,1,2,0,0,1,2,3,0,1,1,0,0,2,0,4,-7.0
2019,196,1,P002980   ,0.0,1.0,RED,15,"GIST, JAMES",19:11,3,1,6,0,0,1,2,2,2,4,1,1,2,0,0,1,1,1,-5.0
2019,196,1,P005014   ,0.0,0.0,RED,22,"JENKINS, CHARLES",22:13,2,1,1,0,1,0,0,1,3,4,3,0,2,0,0,2,1,5,1.0
2019,196,1,P005618   ,1.0,0.0,RED,28,"SIMANIC, BORISA",10:00,2,1,1,0,1,0,0,1,2,3,0,0,0,0,0,0,0,4,-8.0
2019,196,1,P008801   ,0.0,0.0,RED,50,"OJO, MICHAEL",13:14,4,1,1,0,0,2,3,0,2,2,1,2,1,1,0,1,2,9,7.0
2019,196,1,PLBJ      ,0.0,0.0,RED,91,"STIMAC, VLADIMIR",20:37,14,6,11,0,1,2,2,6,3,9,1,0,1,1,2,2,4,18,-6.0
2019,196,1,Team,0.0,0.0,RED,,Team,,0,0,0,0,0,0,0,1,0,1,0,0,1,0,0,0,0,0,
2019,196,1,Total,,,RED,,Total,200:00,78,19,44,8,24,16,18,15,20,35,20,10,14,3,5,17,19,86,
2019,196,0,P007200   ,1.0,1.0,IST,0,"LARKIN, SHANE",32:51,24,3,5,5,9,3,3,1,1,2,3,0,1,0,1,3,5,23,-11.0
2019,196,0,P006590   ,0.0,1.0,IST,1,"BEAUBOIS, RODRIGUE",20:14,11,1,2,3,8,0,0,0,0,0,3,1,2,2,0,0,0,9,16.0
2019,196,0,P006614   ,1.0,1.0,IST,2,"SINGLETON, CHRIS",26:08,13,2,2,3,5,0,0,0,7,7,3,3,1,1,0,3,0,21,19.0
2019,196,0,P003521   ,0.0,0.0,IST,4,"BALBAY, DOGUS",04:17,2,1,1,0,1,0,1,0,1,1,1,1,0,0,0,0,1,4,15.0
2019,196,0,P002968   ,0.0,0.0,IST,15,"SANLI, SERTAC",10:35,7,2,4,0,0,3,4,2,3,5,0,0,1,1,1,3,2,7,3.0
2019,196,0,P001833   ,0.0,0.0,IST,18,"MOERMAN, ADRIEN",07:43,0,0,0,0,0,0,0,1,0,1,1,1,2,0,0,1,0,0,-7.0
2019,196,0,P002925   ,0.0,0.0,IST,19,"TUNCER, BUGRAHAN",DNP,0,0,0,0,0,0,0,0,0,0,0,0,0,0,0,0,0,0,0.0
2019,196,0,PLHK      ,1.0,0.0,IST,21,"PLEISS, TIBOR",25:10,6,3,10,0,0,0,0,3,5,8,0,1,1,1,1,1,0,6,11.0
2019,196,0,P002580   ,1.0,0.0,IST,22,"MICIC, VASILIJE",32:12,6,3,4,0,5,0,0,0,1,1,5,1,5,0,0,3,4,3,-4.0
2019,196,0,P005938   ,1.0,0.0,IST,23,"ANDERSON, JAMES",09:25,3,0,0,1,1,0,0,0,3,3,0,0,0,0,0,0,0,6,2.0
2019,196,0,P008829   ,0.0,1.0,IST,25,"PETERS, ALEC",10:24,5,1,1,1,1,0,0,0,2,2,0,0,0,0,0,2,2,7,-12.0
2019,196,0,PCPR      ,0.0,1.0,IST,44,"SIMON, KRUNOSLAV",21:01,8,2,3,1,1,1,2,0,3,3,3,0,3,0,0,3,3,9,3.0
2019,196,0,Team,0.0,0.0,IST,,Team,,0,0,0,0,0,0,0,3,2,5,0,0,2,0,0,0,0,3,
2019,196,0,Total,,,IST,,Total,200:00,85,18,32,14,31,7,10,10,28,38,19,8,18,5,3,19,17,98,
2019,197,1,P005884   ,0.0,0.0,MIL,0,"DELLA VALLE, AMEDEO",DNP,0,0,0,0,0,0,0,0,0,0,0,0,0,0,0,0,0,0,0.0
2019,197,1,P000529   ,1.0,1.0,MIL,5,"MICOV, VLADIMIR",28:45,16,2,4,4,8,0,0,2,0,2,2,0,2,0,0,3,1,10,6.0
2019,197,1,P009903   ,0.0,0.0,MIL,6,"BILIGHA, PAUL",DNP,0,0,0,0,0,0,0,0,0,0,0,0,0,0,0,0,0,0,0.0
2019,197,1,P003120   ,0.0,0.0,MIL,7,"GUDAITIS, ARTURAS",20:24,7,2,3,0,0,3,4,0,7,7,0,1,1,1,0,3,3,13,7.0
2019,197,1,P004974   ,1.0,1.0,MIL,10,"ROLL, MICHAEL",25:22,9,0,1,3,4,0,0,0,3,3,2,1,0,0,0,1,0,12,-2.0
2019,197,1,PCVM      ,1.0,1.0,MIL,13,"RODRIGUEZ, SERGIO",29:39,9,3,4,1,6,0,0,0,1,1,10,1,1,1,0,4,5,16,-6.0
2019,197,1,P008004   ,1.0,1.0,MIL,15,"TARCZEWSKI, KALEB",25:03,9,4,5,0,0,1,1,3,1,4,0,0,3,1,0,3,2,9,-4.0
2019,197,1,P000848   ,0.0,1.0,MIL,16,"NEDOVIC, NEMANJA",23:38,13,2,2,0,4,9,12,0,1,1,1,0,2,0,0,3,6,9,7.0
2019,197,1,P010254   ,0.0,0.0,MIL,22,"CRAWFORD, DREW",24:20,3,0,2,1,2,0,0,0,2,2,0,0,1,1,0,5,1,-2,4.0
2019,197,1,P005692   ,0.0,0.0,MIL,23,"BURNS, CHRISTIAN",DNP,0,0,0,0,0,0,0,0,0,0,0,0,0,0,0,0,0,0,0.0
2019,197,1,P010093   ,0.0,0.0,MIL,28,"SYKES, KEIFER",11:26,3,0,3,1,3,0,0,1,0,1,2,0,1,0,1,2,0,-3,7.0
2019,197,1,PAJG      ,1.0,0.0,MIL,40,"SCOLA, LUIS",11:23,10,3,4,1,2,1,3,1,1,2,0,0,0,0,0,1,4,11,-14.0
2019,197,1,Team,0.0,0.0,MIL,,Team,,0,0,0,0,0,0,0,2,2,4,0,0,2,0,0,0,0,2,
2019,197,1,Total,,,MIL,,Total,200:00,79,16,28,11,29,14,20,9,18,27,17,3,13,4,1,25,22,77,
2019,197,0,P009834   ,0.0,0.0,MUN,5,"BRAY, THOMAS",18:23,5,1,2,1,3,0,0,1,0,1,1,2,2,0,0,2,1,3,-14.0
2019,197,0,PBOG      ,0.0,0.0,MUN,7,"KING, ALEX",05:07,9,0,0,3,3,0,0,0,1,1,0,0,0,0,0,2,0,8,1.0
2019,197,0,P004178   ,0.0,0.0,MUN,8,"KOPONEN, PETTERI",04:56,0,0,0,0,0,0,0,0,2,2,0,0,0,0,0,0,0,2,4.0
2019,197,0,P009835   ,1.0,1.0,MUN,10,"MONROE, GREG",24:38,10,2,3,0,0,6,6,0,3,3,6,0,3,0,0,3,4,16,7.0
2019,197,0,P007032   ,1.0,1.0,MUN,12,"LO, MAODO",24:13,6,1,5,1,2,1,2,0,0,0,4,0,2,0,3,4,2,-3,11.0
2019,197,0,P000007   ,1.0,1.0,MUN,14,"DEDOVIC, NIHAD",30:13,12,5,7,0,7,2,2,0,3,3,3,1,1,0,0,3,6,12,-3.0
2019,197,0,P005056   ,1.0,1.0,MUN,16,"ZIPSER, PAUL",29:25,9,1,1,1,3,4,6,2,4,6,3,1,0,1,0,2,6,20,-2.0
2019,197,0,P005670   ,0.0,0.0,MUN,21,"FLACCADORI, DIEGO",06:14,0,0,0,0,1,0,0,0,0,0,0,0,0,0,0,0,1,0,0.0
2019,197,0,P003490   ,1.0,1.0,MUN,22,"BARTHEL, DANILO",23:25,18,8,9,0,2,2,3,2,3,5,0,0,2,0,0,3,2,16,-2.0
2019,197,0,P003842   ,0.0,0.0,MUN,26,"LESSORT, MATHIAS",11:29,2,1,6,0,0,0,4,4,1,5,0,1,2,0,1,1,2,-3,-8.0
2019,197,0,P004571   ,0.0,0.0,MUN,31,"SISKO, ZAN",05:05,5,0,0,1,1,2,2,0,0,0,0,0,1,0,0,1,1,4,1.0
2019,197,0,P009723   ,0.0,0.0,MUN,34,"HUESTIS, JOSHUA",16:52,2,1,1,0,0,0,0,1,1,2,1,0,0,0,0,1,0,4,0.0
2019,197,0,Team,0.0,0.0,MUN,,Team,,0,0,0,0,0,0,0,3,2,5,0,0,3,0,0,0,0,2,
2019,197,0,Total,,,MUN,,Total,200:00,78,20,34,7,22,17,25,13,20,33,18,5,16,1,4,22,25,81,
2019,198,1,P006533   ,0.0,0.0,PAM,1,"COLOM, QUINO",13:22,14,2,4,3,4,1,1,1,0,1,6,1,2,0,0,0,2,19,9.0
2019,198,1,P004761   ,1.0,0.0,PAM,2,"MARINKOVIC, VANJA",17:19,4,2,4,0,3,0,0,0,2,2,1,2,0,0,0,0,2,6,5.0
2019,198,1,P006726   ,0.0,0.0,PAM,5,"NDOUR, MAURICE",15:32,7,3,8,0,0,1,2,2,1,3,0,1,1,2,1,2,2,5,-3.0
2019,198,1,P003733   ,0.0,1.0,PAM,6,"ABALDE, ALBERTO",22:41,9,3,7,0,2,3,5,1,5,6,2,1,0,0,0,0,4,14,2.0
2019,198,1,P004884   ,1.0,1.0,PAM,7,"LABEYRIE, LOUIS",29:56,8,0,1,2,3,2,2,1,5,6,1,1,0,1,0,2,2,15,9.0
2019,198,1,PLRQ      ,1.0,0.0,PAM,9,"VAN ROSSOM, SAM",01:43,0,0,0,0,0,0,0,0,0,0,0,0,0,0,0,0,0,0,0.0
2019,198,1,P006599   ,0.0,0.0,PAM,12,"MOTUM, BROCK",07:07,0,0,1,0,0,0,0,0,0,0,0,0,0,0,0,1,0,-2,3.0
2019,198,1,P002742   ,1.0,1.0,PAM,14,"DUBLJEVIC, BOJAN",27:25,19,8,9,1,4,0,1,1,6,7,2,1,3,1,0,1,5,26,5.0
2019,198,1,P002361   ,0.0,0.0,PAM,16,"VIVES, GUILLEM",24:42,12,2,5,2,5,2,2,0,3,3,3,0,1,0,1,4,2,8,-2.0
2019,198,1,P000518   ,0.0,1.0,PAM,19,"SAN EMETERIO, FERNANDO",15:15,8,1,1,2,3,0,0,0,2,2,1,0,3,0,0,0,0,7,-13.0
2019,198,1,P002936   ,0.0,0.0,PAM,30,"SASTRE, JOAN",00:08,0,0,0,0,0,0,0,0,0,0,0,0,0,0,0,0,0,0,0.0
2019,198,1,P002763   ,1.0,1.0,PAM,42,"DOORNEKAMP, AARON",24:50,13,0,0,4,5,1,2,0,0,0,2,0,1,1,0,3,2,12,20.0
2019,198,1,Team,0.0,0.0,PAM,,Team,,0,0,0,0,0,0,0,4,2,6,0,0,0,0,0,0,0,6,
2019,198,1,Total,,,PAM,,Total,200:00,94,21,40,14,29,10,15,10,26,36,18,7,11,5,2,13,21,116,
2019,198,0,P005094   ,1.0,1.0,PAN,0,"THOMAS, DESHAUN",33:29,16,6,8,1,3,1,3,2,0,2,1,1,2,0,1,1,2,12,-7.0
2019,198,0,P003367   ,0.0,1.0,PAN,5,"RICE, TYRESE",24:19,21,6,10,2,8,3,3,0,0,0,2,0,3,0,1,2,5,12,-16.0
2019,198,0,P005844   ,1.0,0.0,PAN,6,"PAPAGIANNIS, GEORGIOS",28:44,6,3,6,0,0,0,0,3,7,10,0,0,2,1,0,5,0,7,12.0
2019,198,0,P010150   ,0.0,0.0,PAN,8,"RAUTINS, ANDY",03:43,0,0,1,0,0,0,0,0,0,0,0,0,0,0,0,2,0,-3,0.0
2019,198,0,P005161   ,1.0,1.0,PAN,10,"PAPAPETROU, IOANNIS",26:27,5,2,4,0,2,1,2,0,6,6,1,1,0,0,0,0,3,11,-11.0
2019,198,0,PTFX      ,0.0,0.0,PAN,15,"VOUGIOUKAS, IAN",03:30,0,0,0,0,0,0,0,0,0,0,0,0,0,0,0,2,0,-2,0.0
2019,198,0,P009816   ,0.0,0.0,PAN,24,"JOHNSON, WESLEY",13:51,5,1,2,1,1,0,0,0,3,3,0,0,0,1,0,0,0,8,3.0
2019,198,0,P009842   ,1.0,1.0,PAN,32,"FREDETTE, JIMMER",21:07,9,2,6,1,3,2,2,1,3,4,1,2,0,0,0,1,1,10,-9.0
2019,198,0,P001932   ,1.0,0.0,PAN,33,"CALATHES, NICK",30:33,22,7,13,2,3,2,3,2,8,10,5,4,3,0,2,5,2,25,12.0
2019,198,0,P009472   ,0.0,0.0,PAN,35,"WILEY, JACOB",01:53,0,0,0,0,0,0,0,0,0,0,0,0,0,0,0,1,0,-1,-5.0
2019,198,0,P007866   ,0.0,1.0,PAN,44,"MITOGLOU, KONSTANTINOS",09:30,0,0,1,0,0,0,0,0,0,0,0,0,0,0,1,2,0,-4,-11.0
2019,198,0,P009818   ,0.0,0.0,PAN,50,"BENTIL, BENJAMIN",02:54,3,0,0,1,1,0,0,1,0,1,0,0,0,0,0,0,0,4,-3.0
2019,198,0,Team,0.0,0.0,PAN,,Team,,0,0,0,0,0,0,0,1,1,2,0,0,0,0,0,0,0,2,
2019,198,0,Total,,,PAN,,Total,200:00,87,27,51,8,21,9,13,10,28,38,10,8,10,2,5,21,13,81,
2019,199,1,P009035   ,0.0,1.0,CSK,3,"BOLOMBOY, JOEL",21:54,9,1,2,1,3,4,5,0,1,1,0,0,0,1,0,1,3,9,2.0
2019,199,1,P005985   ,1.0,1.0,CSK,5,"JAMES, MIKE",32:51,20,5,6,2,8,4,6,0,1,1,3,1,6,0,0,1,5,14,-6.0
2019,199,1,P004941   ,0.0,0.0,CSK,11,"ANTONOV, SEMEN",03:32,0,0,0,0,1,0,0,0,0,0,0,0,0,1,0,0,0,0,-2.0
2019,199,1,P000046   ,0.0,0.0,CSK,13,"STRELNIEKS, JANIS",DNP,0,0,0,0,0,0,0,0,0,0,0,0,0,0,0,0,0,0,0.0
2019,199,1,P007201   ,1.0,1.0,CSK,17,"VOIGTMANN, JOHANNES",26:44,15,3,4,3,8,0,0,2,3,5,3,2,2,0,0,2,1,16,-2.0
2019,199,1,P001844   ,1.0,1.0,CSK,23,"HACKETT, DANIEL",24:14,11,3,5,1,4,2,2,1,2,3,3,2,2,0,1,2,4,13,-1.0
2019,199,1,P007869   ,0.0,0.0,CSK,26,"SANT-ROOS, HOWARD",21:18,7,0,1,1,7,4,4,1,3,4,2,1,0,0,0,4,2,5,-2.0
2019,199,1,P009766   ,0.0,0.0,CSK,31,"KOUFOS, KOSTA",DNP,0,0,0,0,0,0,0,0,0,0,0,0,0,0,0,0,0,0,0.0
2019,199,1,P008989   ,0.0,0.0,CSK,32,"HILLIARD, DARRUN",10:10,1,0,2,0,1,1,2,1,1,2,1,0,1,0,0,0,1,0,10.0
2019,199,1,PJLX      ,1.0,0.0,CSK,41,"KURBANOV, NIKITA",16:49,5,1,2,1,2,0,0,1,1,2,0,0,0,0,0,2,0,3,-13.0
2019,199,1,P002812   ,1.0,1.0,CSK,42,"HINES, KYLE",27:50,7,3,4,0,0,1,1,5,6,11,2,0,2,1,0,3,2,17,-1.0
2019,199,1,P009767   ,0.0,0.0,CSK,84,"BAKER, RON",14:38,5,1,1,1,3,0,0,0,0,0,0,0,0,0,0,2,2,3,5.0
2019,199,1,Team,0.0,0.0,CSK,,Team,,0,0,0,0,0,0,0,3,3,6,0,0,0,0,0,0,0,6,
2019,199,1,Total,,,CSK,,Total,200:00,80,17,27,10,37,16,20,14,21,35,14,6,13,3,1,17,20,86,
2019,199,0,P007200   ,1.0,1.0,IST,0,"LARKIN, SHANE",35:50,23,5,8,4,9,1,2,0,2,2,4,2,5,0,0,1,5,21,8.0
2019,199,0,P006590   ,1.0,0.0,IST,1,"BEAUBOIS, RODRIGUE",21:10,13,2,2,3,6,0,0,0,2,2,0,0,0,0,0,4,1,9,1.0
2019,199,0,P006614   ,1.0,1.0,IST,2,"SINGLETON, CHRIS",37:17,5,1,5,1,3,0,0,0,2,2,2,2,2,0,2,2,2,1,4.0
2019,199,0,P003521   ,0.0,1.0,IST,4,"BALBAY, DOGUS",08:34,0,0,1,0,0,0,0,1,2,3,2,0,1,0,0,2,0,1,3.0
2019,199,0,P002968   ,0.0,0.0,IST,15,"SANLI, SERTAC",06:03,0,0,0,0,1,0,0,0,0,0,0,0,1,1,0,3,0,-4,-2.0
2019,199,0,P001833   ,0.0,0.0,IST,18,"MOERMAN, ADRIEN",10:56,6,1,1,1,1,1,2,1,3,4,1,0,0,0,0,1,1,10,-4.0
2019,199,0,P002925   ,0.0,0.0,IST,19,"TUNCER, BUGRAHAN",DNP,0,0,0,0,0,0,0,0,0,0,0,0,0,0,0,0,0,0,0.0
2019,199,0,PLHK      ,1.0,0.0,IST,21,"PLEISS, TIBOR",22:59,11,4,6,1,1,0,0,2,2,4,1,0,1,0,0,3,0,10,7.0
2019,199,0,P002580   ,0.0,1.0,IST,22,"MICIC, VASILIJE",29:06,19,4,6,2,3,5,6,0,3,3,5,2,2,0,1,4,6,24,-4.0
2019,199,0,P005938   ,1.0,1.0,IST,23,"ANDERSON, JAMES",15:52,5,2,2,0,1,1,3,1,4,5,0,0,1,0,0,0,2,8,7.0
2019,199,0,P008829   ,0.0,0.0,IST,25,"PETERS, ALEC",02:43,0,0,0,0,0,0,0,0,1,1,0,0,1,0,0,0,0,0,-2.0
2019,199,0,PCPR      ,0.0,0.0,IST,44,"SIMON, KRUNOSLAV",09:30,0,0,0,0,2,0,0,1,1,2,2,1,0,0,0,0,0,3,-8.0
2019,199,0,Team,0.0,0.0,IST,,Team,,0,0,0,0,0,0,0,2,1,3,0,0,0,0,0,0,0,3,
2019,199,0,Total,,,IST,,Total,200:00,82,19,31,12,27,8,13,8,23,31,17,7,14,1,3,20,17,86,
2019,200,1,P008855   ,1.0,0.0,ZAL,0,"WALKUP, THOMAS",23:51,12,3,5,2,2,0,0,1,3,4,5,0,0,0,1,2,0,16,13.0
2019,200,1,P002429   ,0.0,0.0,ZAL,1,"RIVERS, KC",17:12,12,0,0,4,5,0,0,0,0,0,0,2,0,0,0,0,1,14,12.0
2019,200,1,P003210   ,0.0,0.0,ZAL,4,"LEKAVICIUS, LUKAS",09:17,11,4,4,1,1,0,0,0,0,0,2,0,3,0,0,5,1,6,4.0
2019,200,1,P008962   ,0.0,1.0,ZAL,10,"HAYES, NIGEL",20:13,2,1,4,0,1,0,0,1,3,4,0,0,0,0,1,3,0,-2,5.0
2019,200,1,P007524   ,0.0,1.0,ZAL,12,"VENSKUS, ERIKAS",02:12,0,0,0,0,0,0,0,0,0,0,0,0,0,0,0,0,1,1,1.0
2019,200,1,PBWI      ,1.0,0.0,ZAL,13,"JANKUNAS, PAULIUS",16:30,1,0,1,0,0,1,2,1,1,2,1,1,0,0,0,2,1,2,13.0
2019,200,1,P006158   ,0.0,1.0,ZAL,16,"LUKOSIUNAS, KAROLIS",04:56,0,0,0,0,2,0,0,0,1,1,0,0,0,0,0,0,0,-1,4.0
2019,200,1,PKPD      ,1.0,1.0,ZAL,21,"MILAKNIS, ARTURAS",25:20,19,2,3,5,7,0,0,0,0,0,0,1,1,0,0,3,1,14,18.0
2019,200,1,P009753   ,1.0,0.0,ZAL,23,"GEBEN, MARTINAS",19:20,12,5,7,0,0,2,3,1,2,3,0,1,1,1,0,4,4,13,5.0
2019,200,1,P007519   ,0.0,1.0,ZAL,31,"JOKUBAITIS, ROKAS",16:06,7,2,5,0,0,3,4,0,1,1,6,1,2,0,0,1,2,10,16.0
2019,200,1,P008987   ,0.0,0.0,ZAL,32,"LEDAY, ZACH",18:28,7,1,2,0,0,5,6,1,5,6,0,0,1,0,0,1,5,14,19.0
2019,200,1,P002329   ,1.0,0.0,ZAL,92,"ULANOVAS, EDGARAS",26:35,11,2,4,2,4,1,1,0,2,2,6,0,0,0,0,1,1,15,15.0
2019,200,1,Team,0.0,0.0,ZAL,,Team,,0,0,0,0,0,0,0,1,0,1,0,0,0,0,0,0,0,1,
2019,200,1,Total,,,ZAL,,Total,200:00,94,20,35,14,22,12,16,6,18,24,20,6,8,1,2,22,17,103,
2019,200,0,P002972   ,0.0,0.0,OLY,1,"ROCHESTIE, TAYLOR",09:12,6,1,2,1,2,1,2,1,1,2,1,0,0,0,0,1,1,6,-5.0
2019,200,0,P009863   ,1.0,0.0,OLY,2,"BALDWIN IV, WADE",19:53,9,3,4,0,1,3,4,0,1,1,3,3,1,0,0,4,2,10,-12.0
2019,200,0,P004945   ,0.0,0.0,OLY,3,"PAUL, BRANDON",21:06,7,1,1,1,5,2,2,1,3,4,5,0,1,0,0,0,2,13,-8.0
2019,200,0,P010063   ,0.0,1.0,OLY,5,"NIKOLAIDIS, ALEXANDROS",03:34,0,0,1,0,1,0,0,0,0,0,0,1,0,0,0,1,0,-2,-3.0
2019,200,0,P005255   ,0.0,1.0,OLY,6,"KONIARIS, ANTONIOS",23:34,2,1,3,0,3,0,0,1,0,1,1,0,3,0,0,2,3,-3,-13.0
2019,200,0,PJUO      ,1.0,0.0,OLY,7,"SPANOULIS, VASSILIS",17:56,5,1,1,1,6,0,0,0,0,0,4,0,1,0,0,1,3,5,-11.0
2019,200,0,P003941   ,1.0,0.0,OLY,11,"MILUTINOV, NIKOLA",26:26,8,3,5,0,0,2,2,6,7,13,1,0,1,0,0,1,5,23,-12.0
2019,200,0,P003469   ,0.0,1.0,OLY,14,"VEZENKOV, SASHA",21:56,15,4,4,1,4,4,5,0,1,1,0,0,1,0,0,1,2,12,-10.0
2019,200,0,P001255   ,1.0,1.0,OLY,16,"PAPANIKOLAOU, KOSTAS",24:45,3,0,3,1,3,0,0,1,1,2,2,0,3,0,1,1,0,-3,-23.0
2019,200,0,P006477   ,1.0,0.0,OLY,21,"RUBIT, AUGUSTINE",18:35,10,3,3,1,1,1,2,0,1,1,1,0,2,1,0,1,2,11,-15.0
2019,200,0,P009580   ,0.0,1.0,OLY,32,"ELLIS, OCTAVIUS",13:03,4,2,2,0,0,0,0,0,2,2,0,1,1,1,0,4,1,4,-13.0
2019,200,0,Team,0.0,0.0,OLY,,Team,,0,0,0,0,0,0,0,2,2,4,0,0,3,0,0,0,0,1,
2019,200,0,Total,,,OLY,,Total,200:00,69,19,29,6,26,13,17,12,19,31,18,5,17,2,1,17,21,77,
2019,201,1,P005884   ,0.0,0.0,MIL,0,"DELLA VALLE, AMEDEO",DNP,0,0,0,0,0,0,0,0,0,0,0,0,0,0,0,0,0,0,0.0
2019,201,1,P000529   ,1.0,1.0,MIL,5,"MICOV, VLADIMIR",28:25,20,2,3,4,7,4,6,2,0,2,5,0,1,0,0,4,4,20,15.0
2019,201,1,P009903   ,0.0,0.0,MIL,6,"BILIGHA, PAUL",DNP,0,0,0,0,0,0,0,0,0,0,0,0,0,0,0,0,0,0,0.0
2019,201,1,P003120   ,0.0,0.0,MIL,7,"GUDAITIS, ARTURAS",15:11,4,2,6,0,0,0,0,2,1,3,0,0,1,1,0,2,2,3,-14.0
2019,201,1,P004974   ,1.0,1.0,MIL,10,"ROLL, MICHAEL",25:43,9,0,1,3,7,0,0,1,3,4,3,1,2,0,0,3,0,7,-1.0
2019,201,1,PCVM      ,1.0,1.0,MIL,13,"RODRIGUEZ, SERGIO",28:18,13,2,2,1,4,6,6,0,3,3,9,2,2,0,0,3,6,25,-12.0
2019,201,1,P008004   ,1.0,1.0,MIL,15,"TARCZEWSKI, KALEB",21:55,7,2,4,0,0,3,4,4,3,7,1,0,0,2,0,2,3,15,3.0
2019,201,1,P000848   ,0.0,1.0,MIL,16,"NEDOVIC, NEMANJA",19:28,11,2,2,1,6,4,4,0,0,0,5,1,1,0,0,4,3,10,-2.0
2019,201,1,P010254   ,0.0,0.0,MIL,22,"CRAWFORD, DREW",17:30,10,5,8,0,2,0,0,1,1,2,0,1,2,0,0,5,0,1,-12.0
2019,201,1,P005692   ,0.0,0.0,MIL,23,"BURNS, CHRISTIAN",01:09,0,0,0,0,0,0,0,0,0,0,0,0,0,0,0,1,0,-1,2.0
2019,201,1,P010093   ,0.0,0.0,MIL,28,"SYKES, KEIFER",19:32,7,1,2,1,4,2,2,0,3,3,3,1,2,0,0,1,2,9,3.0
2019,201,1,PAJG      ,1.0,0.0,MIL,40,"SCOLA, LUIS",22:49,15,4,5,2,3,1,2,0,3,3,2,0,0,0,0,2,3,18,-12.0
2019,201,1,Team,0.0,0.0,MIL,,Team,,0,0,0,0,0,0,0,0,3,3,0,0,0,0,0,0,0,3,
2019,201,1,Total,,,MIL,,Total,200:00,96,20,33,12,33,20,24,10,20,30,28,6,11,3,0,27,23,110,
2019,201,0,P009600   ,0.0,0.0,BER,1,"MASON, MAKAI",18:55,9,3,6,1,2,0,0,0,1,1,1,0,0,0,0,4,3,6,5.0
2019,201,0,P007125   ,1.0,1.0,BER,3,"SIVA, PEYTON",26:23,12,2,5,1,2,5,5,0,3,3,7,1,4,0,0,3,3,15,17.0
2019,201,0,P001557   ,0.0,0.0,BER,5,"GIFFEY, NIELS",14:57,9,1,1,1,1,4,4,0,0,0,1,1,2,0,0,1,2,10,10.0
2019,201,0,P003151   ,1.0,1.0,BER,8,"ERIKSSON, MARCUS",28:20,22,4,5,4,9,2,3,0,1,1,1,2,0,0,0,2,2,19,1.0
2019,201,0,P007025   ,1.0,0.0,BER,9,"MATTISSECK, JONAS",07:42,0,0,1,0,1,0,0,1,0,1,0,0,0,0,1,0,0,-2,-12.0
2019,201,0,P007566   ,0.0,0.0,BER,11,"BRENNEKE, LORENZ",DNP,0,0,0,0,0,0,0,0,0,0,0,0,0,0,0,0,0,0,0.0
2019,201,0,P008780   ,0.0,1.0,BER,15,"HERMANNSSON, MARTIN",25:15,5,1,7,1,3,0,0,0,2,2,3,1,4,0,0,2,2,-1,-4.0
2019,201,0,P003958   ,0.0,1.0,BER,32,"THIEMANN, JOHANNES",18:58,13,4,5,0,0,5,6,2,3,5,1,0,0,0,1,1,3,18,1.0
2019,201,0,P009601   ,0.0,0.0,BER,34,"CAVANAUGH, TYLER",15:47,9,2,5,0,2,5,5,3,4,7,2,1,0,0,0,4,4,14,3.0
2019,201,0,P009051   ,1.0,0.0,BER,35,"NNOKO, LANDRY",18:27,11,5,6,0,0,1,2,2,3,5,3,0,1,0,0,3,3,16,10.0
2019,201,0,P006589   ,1.0,1.0,BER,43,"SIKMA, LUKE",25:16,12,1,5,2,2,4,4,1,5,6,4,2,1,0,1,3,4,19,-1.0
2019,201,0,Team,0.0,0.0,BER,,Team,,0,0,0,0,0,0,0,6,2,8,0,0,0,0,0,0,0,8,
2019,201,0,Total,,,BER,,Total,200:00,102,23,46,10,22,26,29,15,24,39,23,8,12,0,3,23,26,122,
2019,202,1,P000229   ,0.0,1.0,ASV,1,"JACKSON, EDWIN",19:30,3,1,2,0,3,1,2,0,0,0,2,0,2,0,0,1,2,-1,-1.0
2019,202,1,P005247   ,1.0,0.0,ASV,2,"TAYLOR, JORDAN",25:25,15,4,6,1,4,4,7,1,0,1,8,2,1,0,0,4,6,19,9.0
2019,202,1,P009733   ,0.0,0.0,ASV,3,"JEKIRI, TONYE",24:28,12,6,8,0,0,0,0,2,1,3,4,4,1,1,0,3,1,19,2.0
2019,202,1,P007027   ,0.0,0.0,ASV,6,"MALEDON, THEO",03:21,0,0,0,0,0,0,0,0,0,0,0,0,0,0,0,0,0,0,1.0
2019,202,1,P005553   ,1.0,0.0,ASV,9,"LOMAZS, RIHARDS",23:17,8,1,3,2,4,0,0,0,1,1,1,1,3,0,0,2,3,5,16.0
2019,202,1,P008851   ,1.0,1.0,ASV,11,"GALLIOU, CHARLES",18:11,2,1,1,0,2,0,0,2,1,3,1,1,1,0,0,2,0,2,1.0
2019,202,1,P002536   ,0.0,1.0,ASV,17,"JEAN-CHARLES, LIVIO",22:23,6,2,3,0,2,2,4,1,2,3,0,2,3,1,0,1,2,5,2.0
2019,202,1,PTFK      ,0.0,0.0,ASV,19,"DIOT, ANTOINE",DNP,0,0,0,0,0,0,0,0,0,0,0,0,0,0,0,0,0,0,0.0
2019,202,1,P004655   ,1.0,1.0,ASV,21,"BAKO, ISMAEL",11:26,2,1,1,0,0,0,0,0,1,1,0,0,2,1,0,2,0,0,8.0
2019,202,1,P003526   ,0.0,0.0,ASV,23,"LIGHTY, DAVID",18:57,10,2,5,1,1,3,4,3,2,5,1,3,0,0,0,2,2,15,4.0
2019,202,1,P008099   ,0.0,1.0,ASV,32,"STRAZEL, MATTHEW",11:14,2,0,1,0,0,2,2,0,0,0,0,0,0,0,1,1,1,0,0.0
2019,202,1,P008348   ,1.0,0.0,ASV,33,"PAYNE, ADREIAN",21:48,15,3,8,2,3,3,4,1,7,8,0,1,1,0,0,1,5,20,8.0
2019,202,1,Team,0.0,0.0,ASV,,Team,,0,0,0,0,0,0,0,3,3,6,0,0,0,0,0,0,0,6,
2019,202,1,Total,,,ASV,,Total,200:00,75,21,38,6,19,15,23,13,18,31,17,14,14,3,1,19,22,90,
2019,202,0,P009834   ,0.0,1.0,MUN,5,"BRAY, THOMAS",18:47,0,0,3,0,1,0,0,0,1,1,6,1,1,0,1,4,1,-1,5.0
2019,202,0,PBOG      ,0.0,0.0,MUN,7,"KING, ALEX",01:51,0,0,0,0,0,0,0,0,1,1,0,0,1,0,0,1,1,0,-2.0
2019,202,0,P004178   ,1.0,1.0,MUN,8,"KOPONEN, PETTERI",23:31,7,1,1,1,3,2,2,0,0,0,2,0,2,0,0,1,1,5,-18.0
2019,202,0,P009835   ,1.0,0.0,MUN,10,"MONROE, GREG",19:39,6,2,6,0,0,2,4,1,6,7,2,1,1,1,0,1,4,13,-8.0
2019,202,0,P001288   ,0.0,0.0,MUN,11,"LUCIC, VLADIMIR",22:02,14,5,6,1,2,1,1,0,2,2,0,3,2,0,0,0,2,17,0.0
2019,202,0,P007032   ,1.0,0.0,MUN,12,"LO, MAODO",23:12,3,0,3,1,4,0,0,0,2,2,3,0,5,0,2,3,1,-7,-8.0
2019,202,0,P000007   ,0.0,0.0,MUN,14,"DEDOVIC, NIHAD",DNP,0,0,0,0,0,0,0,0,0,0,0,0,0,0,0,0,0,0,0.0
2019,202,0,P005056   ,1.0,0.0,MUN,16,"ZIPSER, PAUL",21:00,7,1,7,0,0,5,5,3,1,4,2,1,1,0,0,5,4,6,-12.0
2019,202,0,P003490   ,1.0,0.0,MUN,22,"BARTHEL, DANILO",29:52,5,1,1,1,1,0,0,0,2,2,1,1,2,0,0,3,0,4,-8.0
2019,202,0,P003842   ,0.0,1.0,MUN,26,"LESSORT, MATHIAS",20:21,14,5,6,0,0,4,4,3,2,5,0,1,3,0,0,3,3,16,-2.0
2019,202,0,P004571   ,0.0,1.0,MUN,31,"SISKO, ZAN",11:28,6,3,3,0,1,0,0,0,2,2,0,0,4,0,0,0,2,5,3.0
2019,202,0,P009723   ,0.0,1.0,MUN,34,"HUESTIS, JOSHUA",08:17,3,0,0,1,2,0,0,0,0,0,0,0,0,0,0,1,0,1,0.0
2019,202,0,Team,0.0,0.0,MUN,,Team,,0,0,0,0,0,0,0,2,0,2,0,0,0,0,0,0,0,2,
2019,202,0,Total,,,MUN,,Total,200:00,65,18,36,5,14,14,16,9,19,28,16,8,22,1,3,22,19,61,
2019,203,1,P001392   ,1.0,0.0,MAD,1,"CAUSEUR, FABIEN",20:42,5,1,4,1,1,0,0,1,1,2,0,0,1,0,1,1,2,3,-1.0
2019,203,1,P005757   ,1.0,0.0,MAD,3,"RANDOLPH, ANTHONY",18:04,6,2,3,0,4,2,2,0,1,1,0,0,0,0,0,1,3,4,-2.0
2019,203,1,PBMT      ,0.0,0.0,MAD,5,"FERNANDEZ, RUDY",18:27,0,0,1,0,5,0,0,1,2,3,1,0,2,1,0,2,1,-4,-13.0
2019,203,1,P005928   ,1.0,1.0,MAD,7,"CAMPAZZO, FACUNDO",27:10,10,1,2,1,4,5,6,1,1,2,11,0,3,0,0,2,8,21,6.0
2019,203,1,PAAX      ,0.0,0.0,MAD,9,"REYES, FELIPE",DNP,0,0,0,0,0,0,0,0,0,0,0,0,0,0,0,0,0,0,0.0
2019,203,1,P009005   ,0.0,1.0,MAD,14,"DECK, GABRIEL",20:26,10,4,8,0,0,2,2,0,3,3,0,1,0,1,0,1,2,12,6.0
2019,203,1,P001960   ,0.0,0.0,MAD,20,"CARROLL, JAYCEE",DNP,0,0,0,0,0,0,0,0,0,0,0,0,0,0,0,0,0,0,0.0
2019,203,1,P005791   ,1.0,0.0,MAD,22,"TAVARES, WALTER",27:56,8,4,6,0,0,0,0,4,1,5,0,3,1,2,0,0,1,16,4.0
2019,203,1,PTGB      ,0.0,0.0,MAD,23,"LLULL, SERGIO",12:50,0,0,3,0,4,0,0,0,0,0,1,0,1,0,0,1,1,-7,-5.0
2019,203,1,P008847   ,0.0,1.0,MAD,25,"MICKEY, JORDAN",11:31,4,2,4,0,1,0,0,1,2,3,0,0,0,1,0,2,1,4,-3.0
2019,203,1,P005836   ,0.0,1.0,MAD,33,"THOMPKINS, TREY",21:44,20,5,8,3,4,1,3,3,3,6,0,0,0,0,1,2,3,20,3.0
2019,203,1,P006546   ,1.0,1.0,MAD,44,"TAYLOR, JEFFERY",21:10,7,2,2,1,3,0,0,1,3,4,1,1,1,0,0,4,0,6,10.0
2019,203,1,Team,0.0,0.0,MAD,,Team,,0,0,0,0,0,0,0,4,0,4,0,0,2,0,0,0,0,2,
2019,203,1,Total,,,MAD,,Total,200:00,70,21,41,6,26,10,13,16,17,33,14,5,11,5,2,16,22,77,
2019,203,0,P008032   ,0.0,0.0,BAS,5,"GONZALEZ, MIGUEL",DNP,0,0,0,0,0,0,0,0,0,0,0,0,0,0,0,0,0,0,0.0
2019,203,0,P009888   ,1.0,0.0,BAS,6,"CHRISTON, SEMAJ",22:36,6,3,4,0,2,0,0,0,0,0,4,0,0,0,0,5,2,4,17.0
2019,203,0,P004165   ,1.0,1.0,BAS,11,"JANNING, MATT",25:01,11,0,2,3,4,2,2,0,0,0,1,0,0,0,0,1,2,10,-14.0
2019,203,0,P003540   ,0.0,0.0,BAS,12,"DIOP, ILIMANE",08:37,0,0,0,0,1,0,0,0,3,3,0,0,1,1,0,1,0,1,8.0
2019,203,0,P005458   ,0.0,0.0,BAS,17,"GARCIA, SERGI",12:42,5,1,1,1,2,0,0,1,0,1,0,0,1,0,0,1,0,3,-13.0
2019,203,0,P006568   ,0.0,0.0,BAS,19,"FALL, YOUSSOUPHA",10:21,2,1,1,0,0,0,0,3,4,7,1,0,4,0,0,4,1,3,4.0
2019,203,0,P009836   ,0.0,1.0,BAS,22,"STAUSKAS, NIK",11:17,0,0,1,0,1,0,0,0,1,1,1,0,0,0,0,2,1,-1,7.0
2019,203,0,P001133   ,1.0,1.0,BAS,23,"SHENGELIA, TORNIKE",32:09,12,5,8,0,3,2,2,0,5,5,4,2,4,0,1,3,2,11,-8.0
2019,203,0,P003514   ,0.0,1.0,BAS,30,"DRAGIC, ZORAN",18:41,9,1,5,2,5,1,2,0,3,3,0,1,2,0,3,0,4,4,4.0
2019,203,0,P007831   ,1.0,1.0,BAS,31,"SHIELDS, SHAVON",29:58,14,4,7,1,1,3,3,0,2,2,0,1,2,0,0,0,2,14,-2.0
2019,203,0,P002084   ,0.0,0.0,BAS,33,"POLONARA, ACHILLE",11:43,2,0,0,0,0,2,2,0,2,2,0,0,0,0,0,3,1,2,0.0
2019,203,0,P007360   ,1.0,0.0,BAS,50,"ERIC, MICHAEL",16:55,8,4,6,0,0,0,0,2,0,2,0,1,2,1,1,2,1,6,-8.0
2019,203,0,Team,0.0,0.0,BAS,,Team,,0,0,0,0,0,0,0,1,4,5,0,0,3,0,0,0,0,2,
2019,203,0,Total,,,BAS,,Total,200:00,69,19,35,7,19,10,11,7,24,31,11,5,19,2,5,22,16,59,
2019,204,1,P003425   ,1.0,1.0,DYR,6,"ALBICY, ANDREW",31:04,3,1,2,0,7,1,2,2,2,4,5,2,1,0,0,3,2,3,9.0
2019,204,1,PJAN      ,0.0,0.0,DYR,7,"PONKRASHOV, ANTON",09:01,0,0,1,0,0,0,0,0,0,0,1,0,2,0,0,2,0,-4,-14.0
2019,204,1,P009917   ,1.0,1.0,DYR,9,"HOLLINS, AUSTIN",24:49,16,3,5,3,8,1,1,2,1,3,1,1,3,0,0,2,2,11,7.0
2019,204,1,P005856   ,1.0,1.0,DYR,10,"THOMAS, WILL",29:11,13,6,9,0,1,1,3,0,5,5,0,0,0,0,1,1,3,13,1.0
2019,204,1,P007581   ,0.0,0.0,DYR,11,"BALASHOV, SERGEI",DNP,0,0,0,0,0,0,0,0,0,0,0,0,0,0,0,0,0,0,0.0
2019,204,1,P003370   ,0.0,0.0,DYR,14,"PUSHKOV, ANTON",DNP,0,0,0,0,0,0,0,0,0,0,0,0,0,0,0,0,0,0,0.0
2019,204,1,P006713   ,0.0,1.0,DYR,15,"SHEVCHUK, KONSTANTIN",00:26,0,0,0,0,0,0,0,0,0,0,0,0,0,0,0,0,0,0,1.0
2019,204,1,P007851   ,1.0,0.0,DYR,16,"TRUSHKIN, VLADISLAV",19:25,3,0,0,1,5,0,0,1,0,1,1,0,1,0,0,2,2,0,8.0
2019,204,1,P001389   ,0.0,0.0,DYR,18,"VORONOV, EVGENY",17:38,5,0,0,1,3,2,4,0,0,0,1,1,1,0,0,1,5,6,-14.0
2019,204,1,P003573   ,1.0,0.0,DYR,20,"ZUBKOV, ANDREY",28:07,2,1,2,0,2,0,0,2,3,5,2,0,0,1,1,3,3,6,1.0
2019,204,1,P005199   ,0.0,1.0,DYR,21,"ABROMAITIS, TIM",18:39,10,2,2,1,3,3,3,1,1,2,1,2,1,0,0,0,3,15,-10.0
2019,204,1,P005927   ,0.0,0.0,DYR,34,"AYON, GUSTAVO",21:40,16,6,7,0,0,4,7,3,2,5,2,1,1,0,0,3,4,20,-14.0
2019,204,1,Team,0.0,0.0,DYR,,Team,,0,0,0,0,0,0,0,1,2,3,0,0,3,0,0,0,0,0,
2019,204,1,Total,,,DYR,,Total,200:00,68,19,28,6,29,12,20,12,16,28,14,7,13,1,2,17,24,70,
2019,204,0,P007400   ,0.0,1.0,ULK,2,"NUNNALLY, JAMES",11:22,2,1,1,0,0,0,0,1,0,1,0,0,0,0,0,0,0,3,-1.0
2019,204,0,P002543   ,0.0,1.0,ULK,9,"WESTERMANN, LEO",25:32,13,2,3,3,5,0,0,1,1,2,4,0,3,0,0,3,1,11,1.0
2019,204,0,P002969   ,0.0,0.0,ULK,10,"MAHMUTOGLU, MELIH",DNP,0,0,0,0,0,0,0,0,0,0,0,0,0,0,0,0,0,0,0.0
2019,204,0,P004866   ,1.0,0.0,ULK,12,"KALINIC, NIKOLA",19:37,3,1,2,0,2,1,2,0,1,1,2,0,1,0,1,4,1,-3,1.0
2019,204,0,P001926   ,1.0,1.0,ULK,16,"SLOUKAS, KOSTAS",24:25,12,2,4,1,4,5,6,0,3,3,4,1,4,0,0,1,3,12,8.0
2019,204,0,P002100   ,1.0,1.0,ULK,19,"DE COLO, NANDO",27:41,6,0,3,2,4,0,0,1,3,4,3,0,4,0,0,0,4,8,2.0
2019,204,0,P009006   ,1.0,1.0,ULK,21,"WILLIAMS, DERRICK",28:17,9,0,1,3,5,0,0,0,4,4,1,1,2,0,0,3,0,7,1.0
2019,204,0,P004251   ,0.0,0.0,ULK,23,"THOMAS, MALCOLM",17:42,6,3,4,0,0,0,0,0,5,5,0,1,1,0,0,5,2,7,10.0
2019,204,0,P000925   ,1.0,0.0,ULK,24,"VESELY, JAN",25:34,11,5,6,0,0,1,1,2,2,4,3,0,1,2,0,5,6,19,-8.0
2019,204,0,P001324   ,0.0,0.0,ULK,35,"MUHAMMED, ALI",DNP,0,0,0,0,0,0,0,0,0,0,0,0,0,0,0,0,0,0,0.0
2019,204,0,P006399   ,0.0,0.0,ULK,44,"DUVERIOGLU, AHMET",DNP,0,0,0,0,0,0,0,0,0,0,0,0,0,0,0,0,0,0,0.0
2019,204,0,PCCD      ,0.0,0.0,ULK,70,"DATOME, LUIGI",19:50,11,4,5,1,3,0,0,2,1,3,0,1,0,0,0,3,0,9,11.0
2019,204,0,Team,0.0,0.0,ULK,,Team,,0,0,0,0,0,0,0,1,4,5,0,0,1,0,0,0,0,4,
2019,204,0,Total,,,ULK,,Total,200:00,73,18,29,10,23,7,9,8,24,32,17,4,17,2,1,24,17,77,
2019,205,1,P009862   ,0.0,1.0,RED,0,"PUNTER, KEVIN",23:52,24,4,6,2,5,10,11,0,1,1,1,2,1,0,0,1,8,28,30.0
2019,205,1,P009622   ,1.0,0.0,RED,4,"BROWN, LORENZO",13:39,0,0,8,0,1,0,0,0,2,2,2,1,1,0,1,1,0,-7,-20.0
2019,205,1,PKRH      ,0.0,1.0,RED,5,"PERPEROGLOU, STRATOS",17:15,12,2,4,1,2,5,7,0,4,4,0,0,0,0,1,2,5,13,32.0
2019,205,1,P007960   ,0.0,1.0,RED,7,"DAVIDOVAC, DEJAN",18:44,8,2,3,1,2,1,2,1,0,1,1,2,1,1,0,1,2,10,5.0
2019,205,1,PLUO      ,1.0,0.0,RED,10,"LAZIC, BRANKO",12:44,0,0,1,0,0,0,0,0,0,0,0,0,1,0,0,0,0,-2,-25.0
2019,205,1,P005775   ,1.0,0.0,RED,12,"BARON, BILLY",18:32,8,2,3,1,6,1,2,0,0,0,0,0,0,0,0,1,3,3,-23.0
2019,205,1,P002980   ,1.0,0.0,RED,15,"GIST, JAMES",10:35,2,1,2,0,1,0,0,0,1,1,2,0,1,0,0,3,0,-1,-20.0
2019,205,1,P004397   ,0.0,1.0,RED,21,"JAGODIC-KURIDZA, MARKO",24:39,5,2,3,0,1,1,4,0,5,5,1,0,0,2,1,4,3,6,10.0
2019,205,1,P005014   ,0.0,1.0,RED,22,"JENKINS, CHARLES",26:21,2,1,1,0,1,0,0,1,2,3,5,2,1,0,0,3,0,7,25.0
2019,205,1,P005618   ,0.0,0.0,RED,28,"SIMANIC, BORISA",DNP,0,0,0,0,0,0,0,0,0,0,0,0,0,0,0,0,0,0,0.0
2019,205,1,P008801   ,1.0,0.0,RED,50,"OJO, MICHAEL",15:06,8,2,3,0,0,4,4,2,5,7,1,1,1,0,0,1,4,18,2.0
2019,205,1,PLBJ      ,0.0,0.0,RED,91,"STIMAC, VLADIMIR",18:33,9,3,7,0,0,3,4,2,2,4,0,1,0,0,1,3,2,7,9.0
2019,205,1,Team,0.0,0.0,RED,,Team,,0,0,0,0,0,0,0,1,3,4,0,0,1,0,0,0,0,3,
2019,205,1,Total,,,RED,,Total,200:00,78,19,41,5,19,25,34,7,25,32,13,9,8,3,4,20,27,85,
2019,205,0,P005094   ,0.0,1.0,PAN,0,"THOMAS, DESHAUN",21:29,12,3,4,1,4,3,5,1,2,3,1,1,3,1,1,3,4,9,-2.0
2019,205,0,P003367   ,0.0,1.0,PAN,5,"RICE, TYRESE",13:15,4,2,3,0,0,0,0,0,2,2,3,0,2,0,0,2,0,4,-3.0
2019,205,0,P005844   ,1.0,0.0,PAN,6,"PAPAGIANNIS, GEORGIOS",21:18,12,5,9,0,0,2,2,4,1,5,0,0,2,1,1,4,2,9,5.0
2019,205,0,P010150   ,0.0,0.0,PAN,8,"RAUTINS, ANDY",DNP,0,0,0,0,0,0,0,0,0,0,0,0,0,0,0,0,0,0,0.0
2019,205,0,P005161   ,1.0,0.0,PAN,10,"PAPAPETROU, IOANNIS",14:52,2,1,2,0,2,0,0,0,5,5,1,2,1,2,0,1,0,7,-8.0
2019,205,0,P000464   ,1.0,0.0,PAN,11,"PAPPAS, NIKOS",16:24,10,3,5,1,2,1,1,0,3,3,0,0,1,0,0,2,0,7,0.0
2019,205,0,P009816   ,0.0,0.0,PAN,24,"JOHNSON, WESLEY",18:22,3,0,0,1,2,0,0,0,3,3,0,0,0,0,0,5,0,0,13.0
2019,205,0,P009842   ,0.0,1.0,PAN,32,"FREDETTE, JIMMER",20:08,11,2,3,1,2,4,4,1,0,1,1,1,4,0,0,0,4,12,-5.0
2019,205,0,P001932   ,1.0,0.0,PAN,33,"CALATHES, NICK",30:48,9,4,10,0,7,1,1,0,4,4,5,0,4,0,0,3,3,1,-5.0
2019,205,0,P009472   ,0.0,0.0,PAN,35,"WILEY, JACOB",02:22,0,0,0,0,0,0,0,0,0,0,0,0,0,0,0,0,0,0,-10.0
2019,205,0,P007866   ,0.0,1.0,PAN,44,"MITOGLOU, KONSTANTINOS",22:07,10,3,6,0,2,4,5,6,4,10,2,1,1,0,0,4,5,17,-16.0
2019,205,0,P009818   ,1.0,1.0,PAN,50,"BENTIL, BENJAMIN",18:55,0,0,4,0,1,0,0,2,0,2,2,0,0,0,1,3,1,-4,6.0
2019,205,0,Team,0.0,0.0,PAN,,Team,,0,0,0,0,0,0,0,3,6,9,0,0,0,0,0,0,0,9,
2019,205,0,Total,,,PAN,,Total,200:00,73,23,46,4,22,15,18,17,30,47,15,5,18,4,3,27,19,71,
2019,206,1,P009846   ,1.0,1.0,TEL,0,"BRYANT, ELIJAH",27:14,21,7,14,2,5,1,2,1,5,6,4,2,0,0,2,3,4,21,5.0
2019,206,1,P009847   ,1.0,1.0,TEL,2,"ACY, QUINCY",22:41,6,0,0,2,4,0,0,2,4,6,1,0,0,2,0,2,3,14,7.0
2019,206,1,P007942   ,0.0,0.0,TEL,3,"REYNOLDS, JALEN",13:03,7,3,4,0,0,1,1,0,5,5,0,1,0,0,0,2,2,12,5.0
2019,206,1,P005771   ,1.0,1.0,TEL,4,"CALOIARO, ANGELO",16:52,4,1,2,0,0,2,4,0,2,2,2,0,0,0,0,0,3,8,-5.0
2019,206,1,P005160   ,1.0,1.0,TEL,5,"HUNTER, OTHELLO",26:57,10,5,12,0,0,0,1,8,0,8,0,0,1,0,1,3,1,6,-2.0
2019,206,1,P009848   ,0.0,0.0,TEL,6,"COHEN, SANDY",12:19,6,2,2,0,2,2,2,0,3,3,1,0,1,1,0,2,3,9,-3.0
2019,206,1,P007675   ,0.0,1.0,TEL,8,"AVDIJA, DENI",26:13,11,3,5,1,4,2,6,1,8,9,4,0,2,0,0,0,5,18,7.0
2019,206,1,P003413   ,1.0,0.0,TEL,9,"JACKSON, AARON",25:54,3,0,4,1,2,0,0,1,2,3,0,0,2,0,1,1,0,-3,-1.0
2019,206,1,P009849   ,0.0,0.0,TEL,11,"DORSEY, TYLER",23:02,12,0,2,4,8,0,0,0,0,0,1,0,4,0,0,5,0,-2,6.0
2019,206,1,P005145   ,0.0,0.0,TEL,15,"COHEN, JAKE",05:45,0,0,1,0,0,0,0,1,0,1,0,0,0,0,0,0,1,1,-4.0
2019,206,1,P007069   ,0.0,0.0,TEL,32,"STOUDEMIRE, AMAR'E",DNP,0,0,0,0,0,0,0,0,0,0,0,0,0,0,0,0,0,0,0.0
2019,206,1,Team,0.0,0.0,TEL,,Team,,0,0,0,0,0,0,0,0,1,1,0,0,0,0,0,0,0,1,
2019,206,1,Total,,,TEL,,Total,200:00,80,21,46,10,25,8,16,14,30,44,13,3,10,3,4,18,22,85,
2019,206,0,PKVZ      ,1.0,1.0,KHI,1,"SHVED, ALEXEY",28:03,18,2,9,3,12,5,6,0,3,3,10,1,2,1,2,2,6,16,-2.0
2019,206,0,P007056   ,1.0,1.0,KHI,5,"BOOKER, DEVIN",17:56,7,1,3,1,1,2,4,0,6,6,1,0,5,0,0,4,2,3,-4.0
2019,206,0,P005718   ,1.0,1.0,KHI,6,"TIMMA, JANIS",32:40,13,3,5,2,10,1,2,0,3,3,1,1,0,1,1,1,1,7,-3.0
2019,206,0,P004302   ,0.0,0.0,KHI,7,"KARASEV, SERGEY",12:36,2,1,1,0,2,0,0,2,1,3,0,2,0,0,0,3,0,2,4.0
2019,206,0,P001792   ,1.0,0.0,KHI,8,"ZAYTSEV, VYACHESLAV",07:18,2,1,1,0,0,0,1,1,1,2,0,0,1,0,0,2,1,1,-2.0
2019,206,0,PBGV      ,0.0,0.0,KHI,9,"VIALTSEV, EGOR",16:28,4,2,2,0,1,0,0,2,2,4,1,0,0,0,0,1,1,8,-1.0
2019,206,0,P005909   ,0.0,0.0,KHI,10,"DESIATNIKOV, ANDREI",DNP,0,0,0,0,0,0,0,0,0,0,0,0,0,0,0,0,0,0,0.0
2019,206,0,P009748   ,0.0,1.0,KHI,11,"JEREBKO, JONAS",32:49,17,6,8,1,4,2,2,2,3,5,2,1,0,1,0,2,3,22,-3.0
2019,206,0,PBFX      ,1.0,0.0,KHI,12,"MONIA, SERGEY",24:14,3,0,0,1,2,0,0,1,5,6,1,1,0,1,0,3,0,8,0.0
2019,206,0,P004863   ,0.0,1.0,KHI,24,"JOVIC, STEFAN",27:56,11,1,1,2,4,3,4,0,1,1,3,0,0,0,0,4,4,12,-4.0
2019,206,0,P009923   ,0.0,0.0,KHI,34,"BARASHKOV, MAKSIM",DNP,0,0,0,0,0,0,0,0,0,0,0,0,0,0,0,0,0,0,0.0
2019,206,0,Team,0.0,0.0,KHI,,Team,,0,0,0,0,0,0,0,2,4,6,0,0,0,0,0,0,0,6,
2019,206,0,Total,,,KHI,,Total,200:00,77,17,30,10,36,13,19,10,29,39,19,6,8,4,3,22,18,85,
2019,207,1,P006533   ,0.0,1.0,PAM,1,"COLOM, QUINO",19:08,7,1,2,1,6,2,2,0,1,1,1,0,2,0,0,1,5,5,-1.0
2019,207,1,P004761   ,0.0,0.0,PAM,2,"MARINKOVIC, VANJA",00:04,0,0,0,0,0,0,0,0,0,0,0,0,0,0,0,0,0,0,0.0
2019,207,1,P006726   ,1.0,0.0,PAM,5,"NDOUR, MAURICE",17:30,2,1,3,0,1,0,0,2,0,2,1,3,0,1,0,5,0,1,-6.0
2019,207,1,P003733   ,0.0,1.0,PAM,6,"ABALDE, ALBERTO",18:21,7,2,4,0,1,3,5,1,0,1,3,0,1,0,0,3,4,6,-7.0
2019,207,1,P004884   ,0.0,1.0,PAM,7,"LABEYRIE, LOUIS",19:13,2,1,1,0,3,0,0,2,2,4,0,0,0,0,0,3,1,1,4.0
2019,207,1,P008966   ,0.0,0.0,PAM,10,"TOBEY, MIKE",14:32,9,3,4,1,4,0,0,1,3,4,1,1,0,0,0,1,0,10,7.0
2019,207,1,P006599   ,0.0,0.0,PAM,12,"MOTUM, BROCK",DNP,0,0,0,0,0,0,0,0,0,0,0,0,0,0,0,0,0,0,0.0
2019,207,1,P002742   ,1.0,1.0,PAM,14,"DUBLJEVIC, BOJAN",25:28,14,4,6,1,5,3,9,5,8,13,3,0,3,0,0,1,6,20,-8.0
2019,207,1,P002361   ,1.0,0.0,PAM,16,"VIVES, GUILLEM",20:45,5,1,1,1,4,0,0,0,1,1,3,1,3,0,0,4,0,0,0.0
2019,207,1,P000518   ,1.0,1.0,PAM,19,"SAN EMETERIO, FERNANDO",27:15,17,2,3,4,7,1,2,0,2,2,3,0,0,0,0,0,5,22,-1.0
2019,207,1,P002936   ,1.0,0.0,PAM,30,"SASTRE, JOAN",24:43,10,1,3,2,3,2,2,0,2,2,2,2,1,0,0,0,1,13,5.0
2019,207,1,P002763   ,0.0,0.0,PAM,42,"DOORNEKAMP, AARON",13:01,3,0,1,1,3,0,0,1,2,3,0,0,0,1,0,0,2,6,2.0
2019,207,1,Team,0.0,0.0,PAM,,Team,,0,0,0,0,0,0,0,2,2,4,0,0,1,0,0,0,0,3,
2019,207,1,Total,,,PAM,,Total,200:00,76,16,28,11,37,11,20,14,23,37,17,7,11,2,0,18,24,87,
2019,207,0,P007870   ,1.0,1.0,BAR,0,"DAVIES, BRANDON",15:02,5,2,4,0,0,1,2,0,2,2,1,0,4,0,0,3,1,-1,7.0
2019,207,0,PJUG      ,0.0,0.0,BAR,5,"RIBAS, PAU",09:08,2,0,1,0,2,2,2,1,0,1,1,0,0,0,0,2,1,0,8.0
2019,207,0,P005099   ,1.0,1.0,BAR,8,"HANGA, ADAM",26:34,9,2,4,1,1,2,2,1,0,1,6,1,3,0,0,2,2,12,-7.0
2019,207,0,P007109   ,0.0,0.0,BAR,10,"SMITS, ROLANDS",04:14,0,0,3,0,0,0,0,0,0,0,0,0,1,0,1,2,0,-7,2.0
2019,207,0,PKLT      ,0.0,0.0,BAR,13,"HEURTEL, THOMAS",16:43,8,1,2,2,5,0,0,1,3,4,5,1,0,0,1,4,0,9,8.0
2019,207,0,P005917   ,0.0,1.0,BAR,18,"ORIOLA, PIERRE",15:20,3,0,1,1,2,0,0,0,5,5,0,0,0,0,0,2,1,5,-9.0
2019,207,0,P003478   ,1.0,0.0,BAR,21,"ABRINES, ALEX",19:13,8,1,3,2,3,0,0,0,4,4,1,1,0,0,0,4,0,7,5.0
2019,207,0,P004331   ,1.0,1.0,BAR,23,"DELANEY, MALCOLM",26:09,4,1,3,0,3,2,3,1,2,3,4,0,0,0,0,1,3,7,0.0
2019,207,0,P005789   ,0.0,0.0,BAR,24,"KURIC, KYLE",01:44,0,0,0,0,0,0,0,0,0,0,0,0,0,0,0,1,0,-1,-8.0
2019,207,0,P000556   ,0.0,0.0,BAR,30,"CLAVER, VICTOR",20:26,8,1,1,2,5,0,0,2,3,5,0,0,0,0,0,0,0,10,-3.0
2019,207,0,P000796   ,1.0,1.0,BAR,33,"MIROTIC, NIKOLA",28:51,26,5,6,3,6,7,8,1,3,4,2,1,2,0,0,2,8,32,8.0
2019,207,0,P002507   ,0.0,0.0,BAR,44,"TOMIC, ANTE",16:36,4,2,4,0,0,0,0,0,2,2,0,0,2,0,0,1,2,3,-6.0
2019,207,0,Team,0.0,0.0,BAR,,Team,,0,0,0,0,0,0,0,2,2,4,0,0,1,0,0,0,0,3,
2019,207,0,Total,,,BAR,,Total,200:00,77,15,32,11,27,14,17,9,26,35,20,4,13,0,2,24,18,79,
2019,208,1,P007200   ,1.0,1.0,IST,0,"LARKIN, SHANE",34:40,25,4,9,2,6,11,11,0,2,2,4,3,2,0,1,2,7,27,1.0
2019,208,1,P006590   ,1.0,1.0,IST,1,"BEAUBOIS, RODRIGUE",23:45,10,1,2,2,4,2,2,0,3,3,2,2,0,1,0,0,4,19,12.0
2019,208,1,P006614   ,1.0,1.0,IST,2,"SINGLETON, CHRIS",36:15,9,2,5,1,2,2,3,1,4,5,3,1,0,1,0,2,6,18,10.0
2019,208,1,P003521   ,0.0,0.0,IST,4,"BALBAY, DOGUS",02:20,0,0,0,0,0,0,0,0,0,0,0,0,0,0,0,0,0,0,-2.0
2019,208,1,P002968   ,0.0,0.0,IST,15,"SANLI, SERTAC",00:34,0,0,0,0,0,0,0,0,0,0,0,0,1,0,0,2,0,-3,-2.0
2019,208,1,P001833   ,0.0,1.0,IST,18,"MOERMAN, ADRIEN",15:54,0,0,1,0,0,0,0,3,2,5,0,0,1,0,0,4,0,-1,7.0
2019,208,1,P002925   ,0.0,0.0,IST,19,"TUNCER, BUGRAHAN",DNP,0,0,0,0,0,0,0,0,0,0,0,0,0,0,0,0,0,0,0.0
2019,208,1,PLHK      ,1.0,0.0,IST,21,"PLEISS, TIBOR",20:26,15,7,8,0,0,1,1,2,1,3,0,0,1,1,0,0,1,18,-8.0
2019,208,1,P002580   ,0.0,0.0,IST,22,"MICIC, VASILIJE",27:14,22,5,9,3,5,3,3,1,0,1,3,1,1,0,1,3,3,19,-4.0
2019,208,1,P005938   ,1.0,0.0,IST,23,"ANDERSON, JAMES",08:38,0,0,0,0,0,0,0,0,2,2,0,0,0,0,0,0,0,2,-3.0
2019,208,1,P008829   ,0.0,0.0,IST,25,"PETERS, ALEC",06:51,0,0,0,0,0,0,0,0,0,0,0,0,0,0,0,1,0,-1,3.0
2019,208,1,PCPR      ,0.0,1.0,IST,44,"SIMON, KRUNOSLAV",23:23,15,4,4,2,4,1,1,0,3,3,2,0,3,0,0,3,2,14,11.0
2019,208,1,Team,0.0,0.0,IST,,Team,,0,0,0,0,0,0,0,1,2,3,0,0,0,0,0,0,0,3,
2019,208,1,Total,,,IST,,Total,200:00,96,23,38,10,21,20,21,8,19,27,14,7,9,3,2,17,23,115,
2019,208,0,P008855   ,1.0,1.0,ZAL,0,"WALKUP, THOMAS",26:56,9,0,2,3,5,0,0,0,4,4,8,0,4,1,0,3,3,14,-6.0
2019,208,0,P002429   ,0.0,1.0,ZAL,1,"RIVERS, KC",25:06,21,0,0,6,11,3,3,0,0,0,2,1,0,0,0,2,2,19,-10.0
2019,208,0,P003210   ,0.0,1.0,ZAL,4,"LEKAVICIUS, LUKAS",22:37,9,1,4,1,3,4,4,1,1,2,7,0,1,0,2,4,4,10,-4.0
2019,208,0,P008962   ,1.0,1.0,ZAL,10,"HAYES, NIGEL",29:03,11,1,2,3,3,0,0,1,1,2,0,1,1,0,0,4,0,8,-8.0
2019,208,0,PBWI      ,0.0,0.0,ZAL,13,"JANKUNAS, PAULIUS",10:26,0,0,0,0,1,0,0,0,1,1,2,1,0,0,0,1,1,3,5.0
2019,208,0,P006158   ,0.0,0.0,ZAL,16,"LUKOSIUNAS, KAROLIS",DNP,0,0,0,0,0,0,0,0,0,0,0,0,0,0,0,0,0,0,0.0
2019,208,0,PKPD      ,1.0,0.0,ZAL,21,"MILAKNIS, ARTURAS",16:44,3,0,0,1,2,0,0,0,0,0,1,0,1,0,0,1,0,1,5.0
2019,208,0,P009753   ,1.0,0.0,ZAL,23,"GEBEN, MARTINAS",13:26,4,2,3,0,0,0,0,0,3,3,2,0,2,0,1,1,1,5,7.0
2019,208,0,P007519   ,0.0,0.0,ZAL,31,"JOKUBAITIS, ROKAS",06:42,0,0,1,0,0,0,0,0,1,1,0,0,1,0,0,1,0,-2,5.0
2019,208,0,P008987   ,0.0,1.0,ZAL,32,"LEDAY, ZACH",26:34,22,6,8,3,3,1,2,3,3,6,0,1,3,1,0,4,3,23,-12.0
2019,208,0,P008820   ,0.0,0.0,ZAL,34,"LANDALE, JOCK",DNP,0,0,0,0,0,0,0,0,0,0,0,0,0,0,0,0,0,0,0.0
2019,208,0,P002329   ,1.0,0.0,ZAL,92,"ULANOVAS, EDGARAS",22:26,12,2,4,2,3,2,2,0,3,3,2,0,1,0,0,2,3,14,-7.0
2019,208,0,Team,0.0,0.0,ZAL,,Team,,0,0,0,0,0,0,0,0,1,1,0,0,0,0,0,0,0,1,
2019,208,0,Total,,,ZAL,,Total,200:00,91,12,24,19,31,10,11,5,18,23,24,4,14,2,3,23,17,96,
2019,209,1,P009600   ,0.0,1.0,BER,1,"MASON, MAKAI",11:16,7,1,3,1,2,2,2,0,0,0,2,1,0,0,0,1,2,8,4.0
2019,209,1,P007125   ,1.0,0.0,BER,3,"SIVA, PEYTON",17:28,6,0,2,2,5,0,0,0,0,0,4,0,3,0,0,2,2,2,-20.0
2019,209,1,P001557   ,0.0,1.0,BER,5,"GIFFEY, NIELS",14:48,7,2,5,1,3,0,0,1,2,3,0,0,0,0,1,2,0,2,-6.0
2019,209,1,P008211   ,0.0,0.0,BER,6,"DELOW, MALTE",DNP,0,0,0,0,0,0,0,0,0,0,0,0,0,0,0,0,0,0,0.0
2019,209,1,P003151   ,1.0,0.0,BER,8,"ERIKSSON, MARCUS",24:31,12,3,5,1,2,3,4,0,1,1,2,1,0,0,0,1,4,15,7.0
2019,209,1,P007025   ,1.0,1.0,BER,9,"MATTISSECK, JONAS",12:16,6,0,0,2,3,0,0,0,1,1,0,1,0,0,0,3,3,7,-6.0
2019,209,1,P008780   ,0.0,0.0,BER,15,"HERMANNSSON, MARTIN",16:57,10,2,5,2,2,0,0,0,0,0,3,0,0,0,0,2,1,9,4.0
2019,209,1,P006436   ,0.0,0.0,BER,31,"GIEDRAITIS, ROKAS",22:44,17,2,4,3,4,4,4,2,3,5,0,0,0,0,0,2,3,20,-1.0
2019,209,1,P003958   ,0.0,1.0,BER,32,"THIEMANN, JOHANNES",19:26,10,0,5,2,2,4,4,5,1,6,1,0,0,0,1,3,3,11,7.0
2019,209,1,P009601   ,0.0,1.0,BER,34,"CAVANAUGH, TYLER",18:30,9,2,7,0,1,5,5,1,2,3,1,1,1,0,1,3,2,5,3.0
2019,209,1,P009051   ,1.0,0.0,BER,35,"NNOKO, LANDRY",20:34,9,4,5,0,0,1,1,2,5,7,0,0,2,0,0,1,1,13,-13.0
2019,209,1,P006589   ,1.0,0.0,BER,43,"SIKMA, LUKE",21:30,4,2,5,0,1,0,0,2,5,7,8,2,1,0,1,3,1,13,-9.0
2019,209,1,Team,0.0,0.0,BER,,Team,,0,0,0,0,0,0,0,2,0,2,0,0,1,0,0,0,0,1,
2019,209,1,Total,,,BER,,Total,200:00,97,18,46,14,25,19,20,15,20,35,21,6,8,0,4,23,22,106,
2019,209,0,P001392   ,0.0,0.0,MAD,1,"CAUSEUR, FABIEN",02:38,0,0,1,0,0,0,0,0,1,1,0,0,0,0,0,0,0,0,-9.0
2019,209,0,P005757   ,1.0,1.0,MAD,3,"RANDOLPH, ANTHONY",32:23,27,5,7,5,8,2,3,2,4,6,1,1,1,1,0,1,5,33,19.0
2019,209,0,P005928   ,1.0,0.0,MAD,7,"CAMPAZZO, FACUNDO",27:39,10,0,1,2,2,4,6,0,3,3,19,0,3,0,0,5,7,28,6.0
2019,209,0,P006435   ,0.0,1.0,MAD,8,"LAPROVITTOLA, NICOLAS",05:49,0,0,0,0,2,0,0,0,0,0,1,0,0,0,0,0,1,0,-14.0
2019,209,0,P009005   ,0.0,0.0,MAD,14,"DECK, GABRIEL",13:41,5,1,1,1,1,0,0,1,0,1,0,0,1,0,0,1,1,5,-6.0
2019,209,0,P007630   ,0.0,0.0,MAD,16,"GARUBA, USMAN",04:35,4,2,2,0,0,0,0,1,0,1,0,0,0,0,0,0,0,5,-10.0
2019,209,0,P001960   ,1.0,1.0,MAD,20,"CARROLL, JAYCEE",28:09,27,6,7,5,8,0,0,1,2,3,1,0,0,0,0,1,0,26,31.0
2019,209,0,P005791   ,1.0,0.0,MAD,22,"TAVARES, WALTER",23:07,3,1,2,0,0,1,3,1,7,8,1,1,1,3,0,2,4,14,32.0
2019,209,0,PTGB      ,0.0,1.0,MAD,23,"LLULL, SERGIO",14:14,5,0,4,1,5,2,2,1,0,1,5,2,4,0,0,4,1,-2,-4.0
2019,209,0,P008847   ,0.0,0.0,MAD,25,"MICKEY, JORDAN",12:07,9,4,5,0,0,1,2,1,2,3,0,2,1,0,0,3,1,9,-16.0
2019,209,0,P005836   ,0.0,1.0,MAD,33,"THOMPKINS, TREY",05:07,0,0,0,0,1,0,0,0,0,0,0,0,0,0,0,2,1,-2,-11.0
2019,209,0,P006546   ,1.0,0.0,MAD,44,"TAYLOR, JEFFERY",30:31,13,3,3,2,5,1,2,0,3,3,3,0,0,0,0,3,2,14,12.0
2019,209,0,Team,0.0,0.0,MAD,,Team,,0,0,0,0,0,0,0,2,1,3,0,0,0,0,0,0,0,3,
2019,209,0,Total,,,MAD,,Total,200:00,103,22,33,16,32,11,18,10,23,33,31,6,11,4,0,22,23,133,
2019,210,1,P009863   ,1.0,0.0,OLY,2,"BALDWIN IV, WADE",31:25,8,2,7,1,3,1,4,0,1,1,4,1,5,0,0,3,5,1,-4.0
2019,210,1,P004945   ,1.0,1.0,OLY,3,"PAUL, BRANDON",28:31,11,1,5,2,7,3,4,1,5,6,4,3,0,0,1,3,4,14,17.0
2019,210,1,P010063   ,0.0,0.0,OLY,5,"NIKOLAIDIS, ALEXANDROS",02:21,0,0,0,0,0,0,0,0,0,0,0,0,0,0,0,0,0,0,-6.0
2019,210,1,P005255   ,0.0,1.0,OLY,6,"KONIARIS, ANTONIOS",20:17,5,0,2,1,5,2,2,3,2,5,0,1,0,0,0,4,3,4,17.0
2019,210,1,P003941   ,1.0,1.0,OLY,11,"MILUTINOV, NIKOLA",27:17,11,2,7,0,0,7,8,7,5,12,1,1,0,0,0,1,6,24,14.0
2019,210,1,P003469   ,0.0,0.0,OLY,14,"VEZENKOV, SASHA",12:20,2,1,3,0,2,0,0,0,1,1,1,0,1,0,0,1,0,-2,-6.0
2019,210,1,PAMM      ,0.0,0.0,OLY,15,"PRINTEZIS, GEORGIOS",DNP,0,0,0,0,0,0,0,0,0,0,0,0,0,0,0,0,0,0,0.0
2019,210,1,P001255   ,1.0,1.0,OLY,16,"PAPANIKOLAOU, KOSTAS",37:26,19,4,9,2,6,5,6,1,6,7,3,5,4,3,0,0,4,27,15.0
2019,210,1,P006477   ,1.0,1.0,OLY,21,"RUBIT, AUGUSTINE",27:40,13,5,7,1,2,0,0,1,3,4,1,2,0,1,0,1,1,18,19.0
2019,210,1,P009580   ,0.0,0.0,OLY,32,"ELLIS, OCTAVIUS",12:43,3,1,3,0,0,1,2,5,2,7,1,1,0,2,0,4,2,9,-1.0
2019,210,1,Team,0.0,0.0,OLY,,Team,,0,0,0,0,0,0,0,1,1,2,0,0,2,0,0,0,0,0,
2019,210,1,Total,,,OLY,,Total,200:00,72,16,43,7,25,19,26,19,26,45,15,14,12,6,1,17,25,95,
2019,210,0,P009035   ,0.0,0.0,CSK,3,"BOLOMBOY, JOEL",29:44,7,2,2,1,2,0,0,1,5,6,1,0,0,0,0,3,0,10,-5.0
2019,210,0,P005985   ,1.0,1.0,CSK,5,"JAMES, MIKE",28:58,20,5,9,2,6,4,5,1,6,7,5,2,6,0,1,3,8,23,-6.0
2019,210,0,P004941   ,0.0,0.0,CSK,11,"ANTONOV, SEMEN",DNP,0,0,0,0,0,0,0,0,0,0,0,0,0,0,0,0,0,0,0.0
2019,210,0,P000046   ,0.0,0.0,CSK,13,"STRELNIEKS, JANIS",10:24,3,1,3,0,0,1,2,0,1,1,0,0,1,0,0,0,3,3,-6.0
2019,210,0,P007201   ,1.0,1.0,CSK,17,"VOIGTMANN, JOHANNES",16:52,3,0,0,1,1,0,0,0,2,2,0,1,3,0,0,3,0,0,-18.0
2019,210,0,P001844   ,0.0,1.0,CSK,23,"HACKETT, DANIEL",14:30,0,0,3,0,1,0,0,1,0,1,1,1,3,0,1,3,0,-8,-18.0
2019,210,0,P007869   ,1.0,0.0,CSK,26,"SANT-ROOS, HOWARD",13:33,2,1,2,0,2,0,0,0,0,0,1,1,1,0,0,1,0,-1,0.0
2019,210,0,P009766   ,0.0,0.0,CSK,31,"KOUFOS, KOSTA",13:11,4,2,4,0,0,0,0,1,3,4,0,2,0,0,0,1,1,8,8.0
2019,210,0,P008989   ,0.0,0.0,CSK,32,"HILLIARD, DARRUN",21:27,11,3,7,1,3,2,3,0,1,1,0,0,0,0,2,2,2,3,4.0
2019,210,0,PJLX      ,1.0,1.0,CSK,41,"KURBANOV, NIKITA",14:32,3,0,1,1,1,0,0,2,1,3,0,0,3,0,1,2,0,-1,-12.0
2019,210,0,P002812   ,1.0,0.0,CSK,42,"HINES, KYLE",16:29,3,1,2,0,0,1,2,1,3,4,0,1,2,1,1,4,3,3,-13.0
2019,210,0,P009767   ,0.0,1.0,CSK,84,"BAKER, RON",20:20,3,0,1,1,4,0,0,0,2,2,3,0,1,0,0,4,0,-1,1.0
2019,210,0,Team,0.0,0.0,CSK,,Team,,0,0,0,0,0,0,0,1,4,5,0,0,1,0,0,0,0,4,
2019,210,0,Total,,,CSK,,Total,200:00,59,15,34,7,20,8,12,8,28,36,11,8,21,1,6,26,17,43,
2019,211,1,P008032   ,0.0,0.0,BAS,5,"GONZALEZ, MIGUEL",DNP,0,0,0,0,0,0,0,0,0,0,0,0,0,0,0,0,0,0,0.0
2019,211,1,P009888   ,1.0,1.0,BAS,6,"CHRISTON, SEMAJ",31:19,11,4,9,1,2,0,0,0,2,2,11,0,1,0,1,3,2,15,24.0
2019,211,1,P004165   ,1.0,1.0,BAS,11,"JANNING, MATT",28:37,10,0,2,3,6,1,1,1,4,5,2,0,3,0,0,2,1,8,18.0
2019,211,1,P003540   ,0.0,1.0,BAS,12,"DIOP, ILIMANE",15:49,5,2,4,0,1,1,2,1,1,2,1,0,1,0,0,3,1,1,-3.0
2019,211,1,P005458   ,0.0,0.0,BAS,17,"GARCIA, SERGI",07:50,0,0,0,0,0,0,0,0,2,2,0,0,1,0,0,0,0,1,-12.0
2019,211,1,P006568   ,0.0,0.0,BAS,19,"FALL, YOUSSOUPHA",04:24,4,2,2,0,0,0,0,1,1,2,0,0,1,0,0,3,1,3,-1.0
2019,211,1,P009836   ,0.0,0.0,BAS,22,"STAUSKAS, NIK",05:24,2,0,0,0,0,2,2,0,0,0,0,1,0,0,0,0,1,4,0.0
2019,211,1,P001133   ,1.0,0.0,BAS,23,"SHENGELIA, TORNIKE",28:18,15,5,10,1,1,2,4,3,6,9,2,0,3,0,0,4,3,15,24.0
2019,211,1,P003514   ,0.0,0.0,BAS,30,"DRAGIC, ZORAN",14:14,12,1,2,1,4,7,8,0,1,1,0,0,1,0,0,2,6,11,-3.0
2019,211,1,P007831   ,1.0,1.0,BAS,31,"SHIELDS, SHAVON",32:24,12,3,3,1,1,3,4,1,2,3,0,0,2,0,0,2,5,15,16.0
2019,211,1,P002084   ,0.0,1.0,BAS,33,"POLONARA, ACHILLE",12:00,0,0,1,0,1,0,0,0,4,4,0,0,1,0,0,0,0,1,-11.0
2019,211,1,P007360   ,1.0,0.0,BAS,50,"ERIC, MICHAEL",19:41,8,4,9,0,0,0,0,3,2,5,1,3,0,0,2,3,0,7,18.0
2019,211,1,Team,0.0,0.0,BAS,,Team,,0,0,0,0,0,0,0,1,6,7,0,0,0,0,0,0,0,7,
2019,211,1,Total,,,BAS,,Total,200:00,79,21,42,7,16,16,21,11,31,42,17,4,14,0,3,22,20,88,
2019,211,0,P005247   ,0.0,0.0,ASV,2,"TAYLOR, JORDAN",17:00,2,1,1,0,1,0,0,0,0,0,3,0,2,0,0,1,3,4,3.0
2019,211,0,P009733   ,1.0,0.0,ASV,3,"JEKIRI, TONYE",18:45,6,2,7,0,0,2,2,0,5,5,0,0,2,0,0,2,1,3,-18.0
2019,211,0,P007027   ,1.0,1.0,ASV,6,"MALEDON, THEO",23:16,9,2,5,1,3,2,3,1,1,2,3,0,2,0,0,3,6,9,0.0
2019,211,0,P005553   ,1.0,1.0,ASV,9,"LOMAZS, RIHARDS",12:44,6,0,1,1,2,3,4,0,0,0,0,0,2,0,0,1,2,2,-1.0
2019,211,0,P008851   ,1.0,1.0,ASV,11,"GALLIOU, CHARLES",10:33,0,0,0,0,3,0,0,0,0,0,0,0,0,0,0,1,0,-4,-3.0
2019,211,0,P002536   ,0.0,0.0,ASV,17,"JEAN-CHARLES, LIVIO",17:26,6,1,2,1,1,1,1,1,3,4,0,0,3,1,0,2,2,7,-4.0
2019,211,0,PTFK      ,0.0,0.0,ASV,19,"DIOT, ANTOINE",19:39,3,0,3,1,5,0,0,1,0,1,3,0,0,0,0,2,1,-1,-6.0
2019,211,0,P004655   ,0.0,1.0,ASV,21,"BAKO, ISMAEL",18:45,5,2,4,0,0,1,2,1,3,4,1,1,0,2,0,3,1,8,2.0
2019,211,0,P003526   ,0.0,0.0,ASV,23,"LIGHTY, DAVID",21:08,6,3,5,0,3,0,0,0,2,2,1,0,0,0,0,2,2,4,-19.0
2019,211,0,P008099   ,0.0,1.0,ASV,32,"STRAZEL, MATTHEW",17:43,6,1,2,1,3,1,1,0,0,0,3,0,1,0,0,1,2,6,-12.0
2019,211,0,P008348   ,1.0,0.0,ASV,33,"PAYNE, ADREIAN",23:01,16,3,4,2,3,4,4,1,2,3,1,0,1,0,0,3,2,16,-12.0
2019,211,0,Team,0.0,0.0,ASV,,Team,,0,0,0,0,0,0,0,2,2,4,0,0,0,0,0,0,0,4,
2019,211,0,Total,,,ASV,,Total,200:00,65,15,34,7,24,14,17,7,18,25,15,1,13,3,0,21,22,58,
2019,212,1,PKVZ      ,1.0,0.0,KHI,1,"SHVED, ALEXEY",31:52,22,1,5,4,10,8,9,0,3,3,9,1,5,0,2,1,7,23,-2.0
2019,212,1,P004810   ,0.0,0.0,KHI,3,"KRAMER, CHRIS",DNP,0,0,0,0,0,0,0,0,0,0,0,0,0,0,0,0,0,0,0.0
2019,212,1,P007056   ,1.0,1.0,KHI,5,"BOOKER, DEVIN",30:47,13,3,7,1,2,4,4,3,4,7,2,3,2,0,0,2,6,22,5.0
2019,212,1,P005718   ,1.0,0.0,KHI,6,"TIMMA, JANIS",30:23,6,0,2,2,7,0,0,0,2,2,2,1,2,2,0,3,0,1,3.0
2019,212,1,P001792   ,1.0,1.0,KHI,8,"ZAYTSEV, VYACHESLAV",21:21,5,2,4,0,0,1,2,0,3,3,0,1,1,1,0,2,3,7,6.0
2019,212,1,PBGV      ,0.0,0.0,KHI,9,"VIALTSEV, EGOR",20:23,6,1,1,1,2,1,2,0,3,3,2,1,0,0,0,1,1,10,11.0
2019,212,1,P005909   ,0.0,0.0,KHI,10,"DESIATNIKOV, ANDREI",DNP,0,0,0,0,0,0,0,0,0,0,0,0,0,0,0,0,0,0,0.0
2019,212,1,P009748   ,0.0,1.0,KHI,11,"JEREBKO, JONAS",31:32,19,8,13,1,3,0,1,3,5,8,0,2,0,0,1,4,3,19,6.0
2019,212,1,PBFX      ,1.0,1.0,KHI,12,"MONIA, SERGEY",14:45,3,0,2,1,3,0,0,2,1,3,2,0,1,0,0,3,0,0,0.0
2019,212,1,P004863   ,0.0,1.0,KHI,24,"JOVIC, STEFAN",18:57,4,0,3,0,0,4,5,0,1,1,2,2,1,0,0,3,2,3,1.0
2019,212,1,P009923   ,0.0,0.0,KHI,34,"BARASHKOV, MAKSIM",DNP,0,0,0,0,0,0,0,0,0,0,0,0,0,0,0,0,0,0,0.0
2019,212,1,Team,0.0,0.0,KHI,,Team,,0,0,0,0,0,0,0,2,4,6,0,0,1,0,0,0,0,5,
2019,212,1,Total,,,KHI,,Total,200:00,78,15,37,10,27,18,23,10,26,36,19,11,13,3,3,19,22,90,
2019,212,0,P009862   ,0.0,1.0,RED,0,"PUNTER, KEVIN",26:42,20,4,10,3,5,3,4,1,1,2,1,0,1,1,2,2,4,14,-5.0
2019,212,0,P009622   ,1.0,0.0,RED,4,"BROWN, LORENZO",17:09,6,0,5,2,3,0,0,1,2,3,2,1,4,0,1,0,1,2,-7.0
2019,212,0,PKRH      ,0.0,0.0,RED,5,"PERPEROGLOU, STRATOS",15:06,2,1,4,0,2,0,0,1,5,6,0,0,2,0,0,1,0,0,-4.0
2019,212,0,P007960   ,0.0,1.0,RED,7,"DAVIDOVAC, DEJAN",23:21,5,1,2,1,2,0,0,0,7,7,0,2,0,0,0,3,1,10,-7.0
2019,212,0,PLUO      ,1.0,0.0,RED,10,"LAZIC, BRANKO",13:37,7,3,4,0,1,1,2,0,1,1,0,0,0,0,0,4,3,4,-1.0
2019,212,0,P004007   ,1.0,1.0,RED,13,"DOBRIC, OGNJEN",11:56,9,3,3,0,0,3,3,1,2,3,4,0,0,0,0,1,2,17,1.0
2019,212,0,P002980   ,0.0,1.0,RED,15,"GIST, JAMES",15:30,6,2,4,0,1,2,2,0,3,3,1,1,3,1,0,2,1,5,-1.0
2019,212,0,P004397   ,0.0,1.0,RED,21,"JAGODIC-KURIDZA, MARKO",20:54,2,0,3,0,2,2,2,2,4,6,2,0,2,0,0,3,2,2,5.0
2019,212,0,P005014   ,0.0,0.0,RED,22,"JENKINS, CHARLES",24:13,0,0,0,0,3,0,0,0,3,3,1,0,2,1,0,2,1,-1,-1.0
2019,212,0,P005618   ,1.0,0.0,RED,28,"SIMANIC, BORISA",07:02,3,0,1,1,1,0,0,0,0,0,0,0,2,0,0,0,0,0,-5.0
2019,212,0,P008801   ,1.0,0.0,RED,50,"OJO, MICHAEL",10:56,2,1,1,0,0,0,0,0,3,3,1,3,2,0,0,1,0,6,2.0
2019,212,0,PLBJ      ,0.0,0.0,RED,91,"STIMAC, VLADIMIR",13:34,10,3,4,0,1,4,5,4,2,6,0,1,3,0,0,3,4,12,-7.0
2019,212,0,Team,0.0,0.0,RED,,Team,,0,0,0,0,0,0,0,2,0,2,0,0,0,0,0,0,0,2,
2019,212,0,Total,,,RED,,Total,200:00,72,18,41,7,21,15,18,12,33,45,12,8,21,3,3,22,19,73,
2019,213,1,P007400   ,0.0,0.0,ULK,2,"NUNNALLY, JAMES",11:42,2,1,1,0,1,0,0,1,1,2,0,0,0,0,0,1,1,3,-5.0
2019,213,1,P002543   ,0.0,1.0,ULK,9,"WESTERMANN, LEO",20:50,3,0,0,1,6,0,0,1,3,4,2,1,1,0,0,1,1,4,-8.0
2019,213,1,P002969   ,0.0,0.0,ULK,10,"MAHMUTOGLU, MELIH",DNP,0,0,0,0,0,0,0,0,0,0,0,0,0,0,0,0,0,0,0.0
2019,213,1,P004866   ,1.0,1.0,ULK,12,"KALINIC, NIKOLA",26:38,18,5,6,2,2,2,2,0,1,1,1,2,2,0,0,3,1,17,4.0
2019,213,1,P001926   ,1.0,1.0,ULK,16,"SLOUKAS, KOSTAS",25:39,18,3,5,2,5,6,6,1,0,1,4,0,0,0,0,1,3,20,2.0
2019,213,1,P002100   ,1.0,0.0,ULK,19,"DE COLO, NANDO",20:27,2,0,2,0,2,2,2,2,0,2,2,0,3,0,0,3,4,0,1.0
2019,213,1,P009006   ,1.0,1.0,ULK,21,"WILLIAMS, DERRICK",36:55,22,6,7,1,6,7,8,1,5,6,2,0,1,0,0,0,7,29,-1.0
2019,213,1,P004251   ,0.0,1.0,ULK,23,"THOMAS, MALCOLM",12:55,0,0,2,0,0,0,0,1,2,3,2,1,1,0,1,2,1,1,-3.0
2019,213,1,P000925   ,1.0,0.0,ULK,24,"VESELY, JAN",34:56,12,5,9,0,0,2,4,4,4,8,4,2,0,0,0,5,5,20,6.0
2019,213,1,P001324   ,0.0,0.0,ULK,35,"MUHAMMED, ALI",DNP,0,0,0,0,0,0,0,0,0,0,0,0,0,0,0,0,0,0,0.0
2019,213,1,P006399   ,0.0,0.0,ULK,44,"DUVERIOGLU, AHMET",DNP,0,0,0,0,0,0,0,0,0,0,0,0,0,0,0,0,0,0,0.0
2019,213,1,PCCD      ,0.0,0.0,ULK,70,"DATOME, LUIGI",09:58,0,0,4,0,2,0,0,1,0,1,0,1,1,0,0,1,1,-5,-1.0
2019,213,1,Team,0.0,0.0,ULK,,Team,,0,0,0,0,0,0,0,0,2,2,0,0,1,0,0,0,0,1,
2019,213,1,Total,,,ULK,,Total,200:00,77,20,36,6,24,19,22,12,18,30,17,7,10,0,1,17,24,90,
2019,213,0,P009846   ,1.0,1.0,TEL,0,"BRYANT, ELIJAH",22:27,7,2,2,1,4,0,0,0,2,2,4,0,4,0,0,2,0,4,-14.0
2019,213,0,P006661   ,0.0,0.0,TEL,1,"WILBEKIN, SCOTTIE",09:48,0,0,3,0,1,0,0,0,0,0,0,1,1,0,0,1,1,-4,8.0
2019,213,0,P009847   ,1.0,0.0,TEL,2,"ACY, QUINCY",17:31,11,4,4,1,1,0,0,0,3,3,1,1,1,0,0,1,0,14,-1.0
2019,213,0,P007942   ,0.0,0.0,TEL,3,"REYNOLDS, JALEN",09:49,2,1,2,0,0,0,0,0,2,2,1,0,1,1,0,3,1,2,4.0
2019,213,0,P005771   ,1.0,1.0,TEL,4,"CALOIARO, ANGELO",31:28,8,2,2,0,0,4,4,0,2,2,4,1,0,0,0,1,3,17,-2.0
2019,213,0,P005160   ,1.0,1.0,TEL,5,"HUNTER, OTHELLO",19:18,13,6,8,0,0,1,1,1,1,2,1,1,1,0,0,2,2,14,-11.0
2019,213,0,P009848   ,0.0,0.0,TEL,6,"COHEN, SANDY",00:56,0,0,0,0,0,0,0,0,0,0,0,0,0,0,0,0,0,0,2.0
2019,213,0,P007675   ,0.0,0.0,TEL,8,"AVDIJA, DENI",20:43,13,2,3,3,6,0,0,0,3,3,2,0,0,0,0,5,1,10,6.0
2019,213,0,P003413   ,1.0,0.0,TEL,9,"JACKSON, AARON",25:02,12,3,3,1,3,3,3,0,2,2,2,0,1,0,0,2,4,15,-12.0
2019,213,0,P009849   ,0.0,1.0,TEL,11,"DORSEY, TYLER",21:12,8,2,4,1,4,1,1,1,1,2,1,1,2,0,0,3,1,3,12.0
2019,213,0,P005145   ,0.0,1.0,TEL,15,"COHEN, JAKE",10:53,2,1,2,0,0,0,0,1,0,1,0,0,2,0,0,2,1,-1,5.0
2019,213,0,P007069   ,0.0,0.0,TEL,32,"STOUDEMIRE, AMAR'E",10:53,2,0,1,0,0,2,2,1,2,3,1,0,0,0,0,2,2,5,8.0
2019,213,0,Team,0.0,0.0,TEL,,Team,,0,0,0,0,0,0,0,0,3,3,0,0,0,0,0,0,0,3,
2019,213,0,Total,,,TEL,,Total,200:00,78,23,34,7,19,11,11,4,21,25,17,5,13,1,0,24,16,82,
2019,214,1,P009834   ,0.0,0.0,MUN,5,"BRAY, THOMAS",15:23,0,0,1,0,2,0,0,0,1,1,2,0,1,0,1,2,0,-4,-16.0
2019,214,1,P004178   ,0.0,0.0,MUN,8,"KOPONEN, PETTERI",16:28,8,0,0,2,5,2,3,0,1,1,1,1,1,0,0,2,3,7,-6.0
2019,214,1,P009835   ,1.0,0.0,MUN,10,"MONROE, GREG",20:58,15,7,12,0,0,1,2,2,4,6,1,2,2,0,0,3,2,15,1.0
2019,214,1,P001288   ,1.0,1.0,MUN,11,"LUCIC, VLADIMIR",24:46,4,0,1,1,2,1,2,0,0,0,1,0,3,1,0,4,4,0,-6.0
2019,214,1,P007032   ,1.0,0.0,MUN,12,"LO, MAODO",08:48,0,0,0,0,1,0,0,1,0,1,2,0,1,0,0,0,0,1,1.0
2019,214,1,P000007   ,1.0,1.0,MUN,14,"DEDOVIC, NIHAD",26:11,12,5,8,0,3,2,2,0,1,1,1,1,3,0,1,2,2,5,-6.0
2019,214,1,P005056   ,0.0,1.0,MUN,16,"ZIPSER, PAUL",19:54,10,3,5,0,4,4,6,1,2,3,1,0,1,0,0,2,3,6,6.0
2019,214,1,P005670   ,0.0,0.0,MUN,21,"FLACCADORI, DIEGO",DNP,0,0,0,0,0,0,0,0,0,0,0,0,0,0,0,0,0,0,0.0
2019,214,1,P003490   ,1.0,0.0,MUN,22,"BARTHEL, DANILO",12:16,2,1,2,0,2,0,0,1,4,5,0,0,2,0,1,4,1,-2,-7.0
2019,214,1,P003842   ,0.0,1.0,MUN,26,"LESSORT, MATHIAS",19:02,2,0,0,0,0,2,2,0,3,3,0,4,2,2,0,2,3,10,-8.0
2019,214,1,P004571   ,0.0,1.0,MUN,31,"SISKO, ZAN",18:32,4,2,3,0,1,0,0,2,0,2,6,3,1,0,0,2,0,10,6.0
2019,214,1,P009723   ,0.0,0.0,MUN,34,"HUESTIS, JOSHUA",17:42,2,1,2,0,2,0,0,1,3,4,0,1,0,2,0,0,0,6,0.0
2019,214,1,Team,0.0,0.0,MUN,,Team,,0,0,0,0,0,0,0,3,4,7,0,0,0,0,0,0,0,7,
2019,214,1,Total,,,MUN,,Total,200:00,59,19,34,3,22,12,17,11,23,34,15,12,17,5,3,23,18,61,
2019,214,0,P006533   ,0.0,1.0,PAM,1,"COLOM, QUINO",20:16,4,0,1,0,2,4,4,0,2,2,5,0,4,0,0,0,3,7,-2.0
2019,214,0,P004761   ,1.0,0.0,PAM,2,"MARINKOVIC, VANJA",17:24,10,3,4,1,4,1,1,0,0,0,0,2,3,0,1,0,1,5,6.0
2019,214,0,P006726   ,1.0,0.0,PAM,5,"NDOUR, MAURICE",12:32,8,1,2,2,3,0,0,1,1,2,2,1,0,1,0,1,1,12,7.0
2019,214,0,P003733   ,0.0,1.0,PAM,6,"ABALDE, ALBERTO",22:45,8,2,4,1,2,1,2,2,3,5,3,1,4,0,1,3,2,7,4.0
2019,214,0,P004884   ,0.0,1.0,PAM,7,"LABEYRIE, LOUIS",20:03,2,0,1,0,2,2,4,1,1,2,1,0,1,0,1,0,4,2,5.0
2019,214,0,P008966   ,0.0,0.0,PAM,10,"TOBEY, MIKE",18:09,11,2,5,2,4,1,2,2,4,6,3,0,0,1,1,4,2,12,9.0
2019,214,0,P006599   ,0.0,0.0,PAM,12,"MOTUM, BROCK",06:48,0,0,0,0,1,0,0,0,1,1,0,0,1,0,0,0,0,-1,-7.0
2019,214,0,P002742   ,1.0,0.0,PAM,14,"DUBLJEVIC, BOJAN",21:39,9,4,5,0,3,1,2,1,4,5,1,0,1,0,0,1,2,10,-2.0
2019,214,0,P002361   ,1.0,1.0,PAM,16,"VIVES, GUILLEM",21:10,0,0,2,0,2,0,0,1,0,1,2,2,2,0,1,3,2,-3,6.0
2019,214,0,P000518   ,1.0,0.0,PAM,19,"SAN EMETERIO, FERNANDO",16:13,3,0,0,1,3,0,0,1,1,2,3,0,0,0,0,4,3,5,8.0
2019,214,0,P002936   ,0.0,0.0,PAM,30,"SASTRE, JOAN",DNP,0,0,0,0,0,0,0,0,0,0,0,0,0,0,0,0,0,0,0.0
2019,214,0,P002763   ,0.0,1.0,PAM,42,"DOORNEKAMP, AARON",23:01,11,1,2,3,5,0,0,0,4,4,0,1,1,1,0,2,3,14,1.0
2019,214,0,Team,0.0,0.0,PAM,,Team,,0,0,0,0,0,0,0,3,3,6,0,0,1,0,0,0,0,5,
2019,214,0,Total,,,PAM,,Total,200:00,66,13,26,10,31,10,15,12,24,36,20,7,18,3,5,18,23,75,
2019,215,1,P005094   ,1.0,1.0,PAN,0,"THOMAS, DESHAUN",35:10,27,3,6,5,6,6,6,3,3,6,0,1,3,0,0,2,5,30,14.0
2019,215,1,P003367   ,0.0,0.0,PAN,5,"RICE, TYRESE",21:07,15,4,6,1,5,4,4,1,0,1,5,1,2,0,0,3,2,13,1.0
2019,215,1,P005844   ,1.0,0.0,PAN,6,"PAPAGIANNIS, GEORGIOS",22:30,9,2,3,0,0,5,6,4,4,8,0,2,6,1,0,3,3,12,17.0
2019,215,1,P010150   ,1.0,1.0,PAN,8,"RAUTINS, ANDY",14:25,6,0,0,2,4,0,0,1,0,1,1,1,1,0,0,3,0,3,12.0
2019,215,1,P000464   ,0.0,1.0,PAN,11,"PAPPAS, NIKOS",15:40,4,1,2,0,2,2,3,1,0,1,0,1,0,0,1,1,3,3,11.0
2019,215,1,P009815   ,0.0,0.0,PAN,23,"PAPADAKIS, KONSTANTINOS",DNP,0,0,0,0,0,0,0,0,0,0,0,0,0,0,0,0,0,0,0.0
2019,215,1,P009816   ,0.0,0.0,PAN,24,"JOHNSON, WESLEY",25:00,5,2,3,0,4,1,2,1,3,4,0,3,1,3,1,2,1,6,2.0
2019,215,1,P009842   ,0.0,0.0,PAN,32,"FREDETTE, JIMMER",06:49,2,0,0,0,1,2,2,0,0,0,1,0,1,0,0,0,2,3,-3.0
2019,215,1,P001932   ,1.0,1.0,PAN,33,"CALATHES, NICK",22:42,9,3,7,1,2,0,2,1,2,3,9,2,6,0,0,2,4,12,7.0
2019,215,1,P009472   ,0.0,0.0,PAN,35,"WILEY, JACOB",05:00,4,2,2,0,0,0,0,1,1,2,0,0,0,0,0,1,0,5,-3.0
2019,215,1,P007866   ,0.0,1.0,PAN,44,"MITOGLOU, KONSTANTINOS",12:30,11,2,4,2,2,1,1,1,2,3,0,3,0,0,0,2,1,14,1.0
2019,215,1,P009818   ,1.0,0.0,PAN,50,"BENTIL, BENJAMIN",19:07,4,0,2,1,2,1,2,0,5,5,1,0,0,0,0,2,1,5,16.0
2019,215,1,Team,0.0,0.0,PAN,,Team,,0,0,0,0,0,0,0,2,4,6,0,0,0,0,0,0,0,6,
2019,215,1,Total,,,PAN,,Total,200:00,96,19,35,12,28,22,28,16,24,40,17,14,20,4,2,21,22,112,
2019,215,0,P003425   ,0.0,0.0,DYR,6,"ALBICY, ANDREW",27:45,7,0,2,2,6,1,4,1,0,1,7,1,4,0,1,3,6,5,-6.0
2019,215,0,PJAN      ,1.0,1.0,DYR,7,"PONKRASHOV, ANTON",23:00,7,1,1,1,3,2,2,0,5,5,2,0,3,0,0,3,2,8,-12.0
2019,215,0,P009917   ,0.0,0.0,DYR,9,"HOLLINS, AUSTIN",18:49,7,2,2,1,2,0,0,1,1,2,3,1,4,1,0,3,1,7,-10.0
2019,215,0,P005856   ,0.0,0.0,DYR,10,"THOMAS, WILL",18:57,10,3,5,1,1,1,2,1,2,3,3,1,1,0,1,2,3,13,2.0
2019,215,0,P007581   ,0.0,1.0,DYR,11,"BALASHOV, SERGEI",00:09,0,0,0,0,0,0,0,0,0,0,0,0,0,0,0,0,0,0,0.0
2019,215,0,PLKY      ,0.0,0.0,DYR,13,"KHVOSTOV, DMITRY",11:56,4,1,3,0,0,2,2,0,1,1,5,1,0,0,0,1,1,9,6.0
2019,215,0,P003370   ,1.0,0.0,DYR,14,"PUSHKOV, ANTON",07:18,3,0,1,1,1,0,0,0,2,2,1,0,2,0,0,1,0,2,1.0
2019,215,0,P007851   ,0.0,1.0,DYR,16,"TRUSHKIN, VLADISLAV",17:36,6,0,0,2,2,0,0,0,2,2,0,0,1,0,0,2,0,5,-2.0
2019,215,0,P001389   ,1.0,1.0,DYR,18,"VORONOV, EVGENY",16:50,5,1,3,1,3,0,0,0,1,1,1,0,2,0,1,4,3,-1,-11.0
2019,215,0,P003573   ,0.0,0.0,DYR,20,"ZUBKOV, ANDREY",20:24,3,0,1,1,4,0,0,1,2,3,0,1,1,0,0,0,2,4,-9.0
2019,215,0,P005199   ,1.0,1.0,DYR,21,"ABROMAITIS, TIM",16:22,8,1,2,2,3,0,0,1,1,2,0,2,0,1,1,2,0,8,-17.0
2019,215,0,P005927   ,1.0,0.0,DYR,34,"AYON, GUSTAVO",20:54,21,10,14,0,0,1,4,1,1,2,3,1,1,0,0,1,3,21,-17.0
2019,215,0,Team,0.0,0.0,DYR,,Team,,0,0,0,0,0,0,0,0,0,0,0,0,0,0,0,0,0,0,
2019,215,0,Total,,,DYR,,Total,200:00,81,19,34,12,25,7,14,6,18,24,25,8,19,2,4,22,21,81,
2019,216,1,P007870   ,1.0,1.0,BAR,0,"DAVIES, BRANDON",22:02,12,4,10,0,0,4,5,0,4,4,0,1,1,0,1,3,5,10,14.0
2019,216,1,PJUG      ,0.0,0.0,BAR,5,"RIBAS, PAU",DNP,0,0,0,0,0,0,0,0,0,0,0,0,0,0,0,0,0,0,0.0
2019,216,1,P005099   ,1.0,0.0,BAR,8,"HANGA, ADAM",21:37,4,0,0,1,1,1,2,0,1,1,3,1,0,0,0,2,2,8,11.0
2019,216,1,P007109   ,0.0,0.0,BAR,10,"SMITS, ROLANDS",DNP,0,0,0,0,0,0,0,0,0,0,0,0,0,0,0,0,0,0,0.0
2019,216,1,PKLT      ,0.0,0.0,BAR,13,"HEURTEL, THOMAS",04:54,0,0,1,0,0,0,0,0,0,0,2,0,0,0,0,0,0,1,-4.0
2019,216,1,P005917   ,0.0,0.0,BAR,18,"ORIOLA, PIERRE",10:20,2,1,1,0,1,0,0,1,1,2,0,1,2,0,0,0,0,2,-6.0
2019,216,1,P003478   ,1.0,0.0,BAR,21,"ABRINES, ALEX",14:44,0,0,0,0,2,0,0,1,3,4,0,1,0,0,0,3,1,1,15.0
2019,216,1,P004331   ,1.0,1.0,BAR,23,"DELANEY, MALCOLM",29:41,26,3,4,6,9,2,2,0,5,5,9,1,3,0,0,3,6,37,9.0
2019,216,1,P005789   ,0.0,1.0,BAR,24,"KURIC, KYLE",23:48,16,3,6,2,5,4,5,0,1,1,1,0,1,0,1,1,2,10,-8.0
2019,216,1,P000556   ,0.0,1.0,BAR,30,"CLAVER, VICTOR",25:16,7,2,4,1,2,0,0,1,3,4,0,0,1,0,0,2,2,7,-11.0
2019,216,1,P000796   ,1.0,1.0,BAR,33,"MIROTIC, NIKOLA",29:40,15,6,8,1,5,0,0,0,3,3,3,2,2,1,1,1,1,15,10.0
2019,216,1,P002507   ,0.0,0.0,BAR,44,"TOMIC, ANTE",17:58,2,1,3,0,0,0,0,2,5,7,1,0,3,0,0,3,2,4,-10.0
2019,216,1,Team,0.0,0.0,BAR,,Team,,0,0,0,0,0,0,0,1,1,2,0,0,0,0,0,0,0,2,
2019,216,1,Total,,,BAR,,Total,200:00,84,20,37,11,25,11,14,6,27,33,19,7,13,1,3,18,21,97,
2019,216,0,P005884   ,0.0,0.0,MIL,0,"DELLA VALLE, AMEDEO",10:42,2,1,1,0,1,0,0,0,1,1,0,1,0,0,0,3,0,0,15.0
2019,216,0,P000529   ,1.0,1.0,MIL,5,"MICOV, VLADIMIR",27:53,10,3,5,1,3,1,2,0,2,2,4,0,1,0,0,2,3,11,-6.0
2019,216,0,P003120   ,0.0,0.0,MIL,7,"GUDAITIS, ARTURAS",10:23,3,1,2,0,0,1,2,2,1,3,0,0,0,1,0,3,2,4,0.0
2019,216,0,P004974   ,1.0,0.0,MIL,10,"ROLL, MICHAEL",13:34,4,2,4,0,1,0,0,0,1,1,1,1,1,0,0,1,1,3,-13.0
2019,216,0,PCVM      ,1.0,1.0,MIL,13,"RODRIGUEZ, SERGIO",27:42,14,1,4,4,8,0,0,0,2,2,5,0,3,0,0,2,2,11,1.0
2019,216,0,P008004   ,1.0,1.0,MIL,15,"TARCZEWSKI, KALEB",29:37,13,6,8,0,0,1,2,1,8,9,0,0,0,2,0,4,1,18,-4.0
2019,216,0,P000848   ,0.0,0.0,MIL,16,"NEDOVIC, NEMANJA",23:20,12,2,5,2,3,2,4,0,3,3,2,2,3,0,0,0,5,15,-12.0
2019,216,0,P010254   ,0.0,1.0,MIL,22,"CRAWFORD, DREW",23:44,7,2,2,0,4,3,4,1,2,3,0,1,1,0,0,2,4,7,7.0
2019,216,0,P005692   ,0.0,0.0,MIL,23,"BURNS, CHRISTIAN",DNP,0,0,0,0,0,0,0,0,0,0,0,0,0,0,0,0,0,0,0.0
2019,216,0,P010093   ,0.0,0.0,MIL,28,"SYKES, KEIFER",02:50,0,0,1,0,1,0,0,0,0,0,0,0,1,0,0,0,0,-3,-2.0
2019,216,0,P004117   ,0.0,1.0,MIL,32,"BROOKS, JEFF",18:20,5,1,1,1,2,0,0,1,5,6,1,0,0,0,0,1,0,10,-3.0
2019,216,0,PAJG      ,1.0,0.0,MIL,40,"SCOLA, LUIS",11:55,10,2,3,2,3,0,0,0,1,1,1,0,2,0,1,3,0,4,-3.0
2019,216,0,Team,0.0,0.0,MIL,,Team,,0,0,0,0,0,0,0,1,1,2,0,0,0,0,0,0,0,2,
2019,216,0,Total,,,MIL,,Total,200:00,80,21,36,10,26,8,14,6,27,33,14,5,12,3,1,21,18,82,
2019,217,1,P005154   ,0.0,0.0,DYR,4,"IVERSON, COLTON",18:22,8,3,3,0,0,2,2,1,3,4,1,0,2,1,0,1,3,14,-6.0
2019,217,1,P003425   ,0.0,1.0,DYR,6,"ALBICY, ANDREW",24:00,3,0,1,1,1,0,0,1,1,2,6,1,2,0,0,3,3,9,5.0
2019,217,1,PJAN      ,0.0,0.0,DYR,7,"PONKRASHOV, ANTON",08:17,1,0,1,0,0,1,2,1,1,2,0,0,2,0,0,0,1,0,-4.0
2019,217,1,P009917   ,1.0,1.0,DYR,9,"HOLLINS, AUSTIN",31:24,15,3,4,3,7,0,0,3,0,3,0,2,1,0,0,3,0,11,2.0
2019,217,1,P005856   ,1.0,1.0,DYR,10,"THOMAS, WILL",28:43,19,5,6,1,3,6,6,1,3,4,4,1,0,1,0,1,7,32,0.0
2019,217,1,PLKY      ,1.0,0.0,DYR,13,"KHVOSTOV, DMITRY",14:35,0,0,1,0,2,0,0,0,0,0,3,0,1,0,0,1,1,-1,-7.0
2019,217,1,P003370   ,0.0,0.0,DYR,14,"PUSHKOV, ANTON",DNP,0,0,0,0,0,0,0,0,0,0,0,0,0,0,0,0,0,0,0.0
2019,217,1,P007851   ,0.0,0.0,DYR,16,"TRUSHKIN, VLADISLAV",08:03,3,0,0,1,3,0,0,0,0,0,1,0,0,0,1,0,0,1,-7.0
2019,217,1,P001389   ,0.0,1.0,DYR,18,"VORONOV, EVGENY",05:09,4,0,0,1,1,1,2,0,0,0,0,0,2,0,0,1,2,2,-4.0
2019,217,1,P003573   ,0.0,0.0,DYR,20,"ZUBKOV, ANDREY",11:17,5,1,4,1,3,0,0,0,1,1,1,0,2,0,0,2,0,-2,-2.0
2019,217,1,P005199   ,1.0,1.0,DYR,21,"ABROMAITIS, TIM",28:34,11,4,6,1,5,0,0,1,6,7,2,2,1,0,1,3,2,13,9.0
2019,217,1,P005927   ,1.0,0.0,DYR,34,"AYON, GUSTAVO",21:36,12,6,9,0,0,0,0,2,5,7,4,0,3,1,0,3,1,16,4.0
2019,217,1,Team,0.0,0.0,DYR,,Team,,0,0,0,0,0,0,0,2,3,5,0,0,1,0,0,0,0,4,
2019,217,1,Total,,,DYR,,Total,200:00,81,22,35,9,25,10,12,12,23,35,22,6,17,3,2,18,20,99,
2019,217,0,P001557   ,0.0,1.0,BER,5,"GIFFEY, NIELS",14:11,8,2,2,1,3,1,2,1,0,1,0,0,0,1,0,4,1,4,8.0
2019,217,0,P008211   ,0.0,0.0,BER,6,"DELOW, MALTE",06:52,0,0,0,0,0,0,0,0,0,0,0,1,0,0,0,1,0,0,4.0
2019,217,0,P003151   ,1.0,1.0,BER,8,"ERIKSSON, MARCUS",30:31,5,1,3,1,2,0,0,0,2,2,2,2,0,0,0,1,2,9,-1.0
2019,217,0,P007025   ,0.0,0.0,BER,9,"MATTISSECK, JONAS",14:19,5,1,1,1,3,0,0,0,1,1,0,0,1,0,0,2,1,2,0.0
2019,217,0,P007566   ,0.0,0.0,BER,11,"BRENNEKE, LORENZ",DNP,0,0,0,0,0,0,0,0,0,0,0,0,0,0,0,0,0,0,0.0
2019,217,0,P008780   ,0.0,1.0,BER,15,"HERMANNSSON, MARTIN",31:18,24,7,11,2,3,4,5,0,4,4,7,0,2,0,1,3,4,27,5.0
2019,217,0,P006819   ,1.0,0.0,BER,16,"NIKIC, KRESIMIR",12:23,3,1,4,0,0,1,2,0,2,2,1,0,0,1,0,1,1,3,5.0
2019,217,0,P003242   ,0.0,0.0,BER,25,"OGBE, KENNETH",DNP,0,0,0,0,0,0,0,0,0,0,0,0,0,0,0,0,0,0,0.0
2019,217,0,P006436   ,1.0,1.0,BER,31,"GIEDRAITIS, ROKAS",29:42,14,2,5,1,6,7,7,2,1,3,1,1,0,0,0,2,4,13,-6.0
2019,217,0,P009601   ,1.0,0.0,BER,34,"CAVANAUGH, TYLER",13:53,6,1,2,1,2,1,1,1,1,2,0,0,1,0,1,3,3,4,-2.0
2019,217,0,P009051   ,1.0,0.0,BER,35,"NNOKO, LANDRY",20:44,8,4,8,0,0,0,2,3,1,4,0,0,4,0,1,1,1,1,-11.0
2019,217,0,P006589   ,0.0,1.0,BER,43,"SIKMA, LUKE",26:07,10,2,4,2,3,0,0,3,6,9,4,4,2,0,0,2,1,21,8.0
2019,217,0,Team,0.0,0.0,BER,,Team,,0,0,0,0,0,0,0,1,0,1,0,0,1,0,0,0,0,0,
2019,217,0,Total,,,BER,,Total,200:00,83,21,40,9,22,14,19,11,18,29,15,8,11,2,3,20,18,84,
2019,218,1,P007400   ,0.0,0.0,ULK,2,"NUNNALLY, JAMES",07:27,2,1,2,0,0,0,0,1,0,1,0,0,1,0,0,4,0,-3,-7.0
2019,218,1,P002543   ,0.0,1.0,ULK,9,"WESTERMANN, LEO",13:22,2,1,3,0,0,0,0,0,1,1,2,1,1,0,0,1,1,3,-12.0
2019,218,1,P004866   ,1.0,1.0,ULK,12,"KALINIC, NIKOLA",34:58,9,2,7,1,4,2,2,2,2,4,1,2,3,0,3,3,4,3,-17.0
2019,218,1,P001926   ,1.0,1.0,ULK,16,"SLOUKAS, KOSTAS",23:00,5,2,6,0,1,1,2,0,2,2,1,0,1,0,0,0,4,5,-23.0
2019,218,1,P002100   ,1.0,1.0,ULK,19,"DE COLO, NANDO",30:37,21,2,6,2,5,11,11,2,1,3,6,1,4,0,1,1,5,23,-18.0
2019,218,1,P009006   ,0.0,0.0,ULK,21,"WILLIAMS, DERRICK",05:01,2,1,1,0,1,0,0,0,1,1,0,0,0,0,0,0,0,2,-9.0
2019,218,1,P004251   ,1.0,0.0,ULK,23,"THOMAS, MALCOLM",07:39,0,0,0,0,0,0,0,2,0,2,0,0,0,0,0,1,1,2,-3.0
2019,218,1,P000925   ,1.0,0.0,ULK,24,"VESELY, JAN",33:23,16,7,10,0,0,2,3,0,3,3,0,2,1,0,0,1,2,17,-21.0
2019,218,1,P001324   ,0.0,0.0,ULK,35,"MUHAMMED, ALI",11:26,3,0,0,1,3,0,0,0,1,1,0,0,1,0,0,2,1,0,-3.0
2019,218,1,P006399   ,0.0,0.0,ULK,44,"DUVERIOGLU, AHMET",04:01,0,0,0,0,0,0,0,0,0,0,0,0,0,0,0,0,0,0,-6.0
2019,218,1,PCCD      ,0.0,1.0,ULK,70,"DATOME, LUIGI",24:56,5,1,2,1,4,0,0,0,0,0,1,1,1,0,0,3,1,0,-16.0
2019,218,1,P004194   ,0.0,0.0,ULK,77,"LAUVERGNE, JOFFREY",04:10,0,0,0,0,1,0,2,0,0,0,0,0,0,0,0,0,1,-2,-10.0
2019,218,1,Team,0.0,0.0,ULK,,Team,,0,0,0,0,0,0,0,1,1,2,0,0,1,0,0,0,0,1,
2019,218,1,Total,,,ULK,,Total,200:00,65,17,37,5,19,16,20,8,12,20,11,7,14,0,4,16,20,51,
2019,218,0,P001392   ,0.0,1.0,MAD,1,"CAUSEUR, FABIEN",15:00,0,0,0,0,2,0,0,0,2,2,3,0,0,0,0,1,0,2,13.0
2019,218,0,PBMT      ,0.0,0.0,MAD,5,"FERNANDEZ, RUDY",18:50,9,0,1,2,4,3,4,0,3,3,4,3,1,0,0,0,2,16,22.0
2019,218,0,P005928   ,1.0,0.0,MAD,7,"CAMPAZZO, FACUNDO",16:35,2,0,0,0,2,2,2,0,1,1,8,0,2,0,0,2,2,7,5.0
2019,218,0,P006435   ,0.0,1.0,MAD,8,"LAPROVITTOLA, NICOLAS",23:25,9,3,3,1,5,0,0,0,1,1,7,0,2,0,0,3,4,12,24.0
2019,218,0,P009005   ,1.0,0.0,MAD,14,"DECK, GABRIEL",18:51,5,1,4,1,1,0,0,3,2,5,1,0,0,0,0,1,2,9,3.0
2019,218,0,P007630   ,1.0,0.0,MAD,16,"GARUBA, USMAN",23:17,3,0,0,1,1,0,0,0,4,4,2,3,1,2,0,4,1,10,15.0
2019,218,0,P007632   ,0.0,1.0,MAD,17,"NAKIC, MARIO",02:36,4,2,2,0,0,0,0,1,0,1,0,0,0,0,0,0,0,5,2.0
2019,218,0,P001960   ,1.0,0.0,MAD,20,"CARROLL, JAYCEE",25:04,20,4,6,4,7,0,0,0,2,2,2,0,1,1,0,2,2,19,16.0
2019,218,0,P005791   ,1.0,0.0,MAD,22,"TAVARES, WALTER",25:19,16,8,13,0,0,0,0,3,5,8,2,0,2,0,0,2,2,19,28.0
2019,218,0,P008847   ,0.0,1.0,MAD,25,"MICKEY, JORDAN",14:24,12,6,6,0,1,0,0,0,1,1,0,0,3,1,0,3,0,7,3.0
2019,218,0,P005836   ,0.0,1.0,MAD,33,"THOMPKINS, TREY",16:39,14,4,4,2,2,0,0,1,4,5,1,1,2,0,0,2,0,17,14.0
2019,218,0,P005196   ,0.0,0.0,MAD,50,"MEJRI, SALAH",DNP,0,0,0,0,0,0,0,0,0,0,0,0,0,0,0,0,0,0,0.0
2019,218,0,Team,0.0,0.0,MAD,,Team,,0,0,0,0,0,0,0,3,2,5,0,0,0,0,0,0,0,5,
2019,218,0,Total,,,MAD,,Total,200:00,94,28,39,11,25,5,6,11,27,38,30,7,14,4,0,20,15,128,
2019,219,1,P002972   ,0.0,0.0,OLY,1,"ROCHESTIE, TAYLOR",DNP,0,0,0,0,0,0,0,0,0,0,0,0,0,0,0,0,0,0,0.0
2019,219,1,P009863   ,1.0,1.0,OLY,2,"BALDWIN IV, WADE",31:42,11,2,7,0,1,7,11,2,5,7,5,0,5,0,0,3,8,13,8.0
2019,219,1,P010063   ,0.0,1.0,OLY,5,"NIKOLAIDIS, ALEXANDROS",17:02,6,1,1,0,1,4,4,0,5,5,0,4,4,0,0,1,4,13,7.0
2019,219,1,P005255   ,0.0,0.0,OLY,6,"KONIARIS, ANTONIOS",13:39,4,0,0,1,1,1,2,0,1,1,0,2,0,0,0,5,1,2,4.0
2019,219,1,P003941   ,1.0,0.0,OLY,11,"MILUTINOV, NIKOLA",09:49,9,3,3,0,0,3,3,1,1,2,1,0,0,0,0,1,2,13,-1.0
2019,219,1,P003469   ,1.0,0.0,OLY,14,"VEZENKOV, SASHA",27:52,15,1,4,3,5,4,4,2,5,7,0,1,0,0,0,2,2,18,-1.0
2019,219,1,PAMM      ,1.0,1.0,OLY,15,"PRINTEZIS, GEORGIOS",35:57,11,3,10,1,1,2,4,1,2,3,5,0,2,0,0,1,3,10,11.0
2019,219,1,P001255   ,1.0,1.0,OLY,16,"PAPANIKOLAOU, KOSTAS",35:43,8,1,2,2,7,0,2,1,2,3,6,2,2,0,0,2,5,12,8.0
2019,219,1,P008232   ,0.0,0.0,OLY,20,"POKUSEVSKI, ALEKSEJ",01:49,0,0,1,0,0,0,0,0,0,0,0,0,1,0,0,1,1,-2,-4.0
2019,219,1,P009580   ,0.0,1.0,OLY,32,"ELLIS, OCTAVIUS",26:27,13,4,5,0,0,5,6,1,4,5,0,1,1,1,0,2,4,19,13.0
2019,219,1,Team,0.0,0.0,OLY,,Team,,0,0,0,0,0,0,0,0,3,3,0,0,0,0,0,0,0,3,
2019,219,1,Total,,,OLY,,Total,200:00,77,15,33,7,16,26,36,8,28,36,17,10,15,1,0,18,30,101,
2019,219,0,P005247   ,1.0,1.0,ASV,2,"TAYLOR, JORDAN",28:21,12,5,10,0,3,2,3,2,0,2,4,0,3,0,0,4,5,7,0.0
2019,219,0,P009733   ,1.0,0.0,ASV,3,"JEKIRI, TONYE",25:07,9,4,7,0,0,1,2,4,4,8,0,2,1,0,0,1,1,14,-8.0
2019,219,0,PKIR      ,1.0,0.0,ASV,5,"KAHUDI, CHARLES",25:10,14,3,6,2,4,2,2,0,1,1,1,1,1,0,0,4,3,10,5.0
2019,219,0,P007027   ,1.0,0.0,ASV,6,"MALEDON, THEO",18:02,7,2,5,1,2,0,0,0,4,4,3,0,1,0,0,4,1,6,-3.0
2019,219,0,P005553   ,0.0,0.0,ASV,9,"LOMAZS, RIHARDS",07:05,0,0,0,0,1,0,0,0,0,0,0,0,0,0,0,1,0,-2,-6.0
2019,219,0,P008851   ,0.0,0.0,ASV,11,"GALLIOU, CHARLES",02:10,0,0,0,0,0,0,0,0,0,0,0,0,0,0,0,0,0,0,-2.0
2019,219,0,P006068   ,0.0,1.0,ASV,12,"NOUA, AMINE",13:36,3,0,1,1,3,0,0,1,0,1,1,1,0,0,0,1,0,2,0.0
2019,219,0,P002536   ,0.0,1.0,ASV,17,"JEAN-CHARLES, LIVIO",26:58,11,3,6,1,3,2,2,4,4,8,0,0,2,0,1,4,2,9,-11.0
2019,219,0,PTFK      ,0.0,1.0,ASV,19,"DIOT, ANTOINE",21:28,3,0,2,1,4,0,0,0,2,2,4,2,5,0,0,3,2,0,-8.0
2019,219,0,P004655   ,0.0,0.0,ASV,21,"BAKO, ISMAEL",08:01,2,1,2,0,0,0,0,2,1,3,0,1,0,0,0,3,4,6,-4.0
2019,219,0,P008099   ,0.0,1.0,ASV,32,"STRAZEL, MATTHEW",14:48,3,0,2,1,3,0,0,0,1,1,0,1,1,0,0,2,0,-2,-4.0
2019,219,0,P008348   ,1.0,0.0,ASV,33,"PAYNE, ADREIAN",09:14,4,2,3,0,1,0,0,0,1,1,0,1,1,0,0,3,0,0,-4.0
2019,219,0,Team,0.0,0.0,ASV,,Team,,0,0,0,0,0,0,0,0,5,5,0,0,0,0,0,0,0,5,
2019,219,0,Total,,,ASV,,Total,200:00,68,20,44,7,24,7,9,13,23,36,13,9,15,0,1,30,18,55,
2019,220,1,P005884   ,0.0,1.0,MIL,0,"DELLA VALLE, AMEDEO",19:43,9,3,4,0,2,3,3,0,1,1,0,0,0,0,0,1,3,9,3.0
2019,220,1,P000529   ,1.0,1.0,MIL,5,"MICOV, VLADIMIR",30:23,15,6,8,1,5,0,1,0,0,0,1,2,0,0,0,2,3,12,-6.0
2019,220,1,P009903   ,0.0,0.0,MIL,6,"BILIGHA, PAUL",DNP,0,0,0,0,0,0,0,0,0,0,0,0,0,0,0,0,0,0,0.0
2019,220,1,P003120   ,0.0,0.0,MIL,7,"GUDAITIS, ARTURAS",13:15,5,1,2,0,0,3,4,3,3,6,0,0,4,1,0,2,3,7,-11.0
2019,220,1,P004974   ,0.0,1.0,MIL,10,"ROLL, MICHAEL",20:47,4,2,3,0,2,0,0,0,2,2,2,1,0,0,1,2,0,3,0.0
2019,220,1,PCVM      ,1.0,1.0,MIL,13,"RODRIGUEZ, SERGIO",32:28,18,4,6,2,8,4,4,0,2,2,8,2,3,0,0,1,4,22,-7.0
2019,220,1,P008004   ,1.0,1.0,MIL,15,"TARCZEWSKI, KALEB",26:45,12,5,9,0,0,2,3,3,6,9,0,0,0,0,2,1,4,17,2.0
2019,220,1,PKIW      ,1.0,0.0,MIL,20,"CINCIARINI, ANDREA",12:15,0,0,0,0,1,0,0,1,3,4,0,1,0,0,0,1,1,4,-8.0
2019,220,1,P010254   ,0.0,0.0,MIL,22,"CRAWFORD, DREW",02:57,0,0,2,0,0,0,0,0,0,0,0,0,0,0,0,0,0,-2,-4.0
2019,220,1,P010093   ,0.0,0.0,MIL,28,"SYKES, KEIFER",13:48,0,0,0,0,1,0,0,0,0,0,2,0,0,0,0,5,1,-3,0.0
2019,220,1,P004117   ,0.0,0.0,MIL,32,"BROOKS, JEFF",09:38,2,0,3,0,1,2,2,1,2,3,0,0,0,0,0,1,2,2,-6.0
2019,220,1,PAJG      ,1.0,0.0,MIL,40,"SCOLA, LUIS",18:01,4,2,6,0,1,0,0,1,2,3,1,0,1,0,0,4,1,-1,-8.0
2019,220,1,Team,0.0,0.0,MIL,,Team,,0,0,0,0,0,0,0,0,3,3,0,0,0,0,0,0,0,3,
2019,220,1,Total,,,MIL,,Total,200:00,69,23,43,3,21,14,17,9,24,33,14,6,8,1,3,20,22,73,
2019,220,0,P008003   ,0.0,0.0,KHI,0,"ROBINSON, THOMAS",06:32,2,1,3,0,0,0,0,0,2,2,1,0,1,0,0,0,0,2,2.0
2019,220,0,PKVZ      ,1.0,1.0,KHI,1,"SHVED, ALEXEY",34:30,18,3,7,2,8,6,7,1,1,2,6,2,3,1,0,3,6,18,9.0
2019,220,0,P004810   ,0.0,0.0,KHI,3,"KRAMER, CHRIS",16:00,3,0,0,1,1,0,0,0,1,1,3,0,1,1,0,3,1,5,1.0
2019,220,0,P007056   ,1.0,1.0,KHI,5,"BOOKER, DEVIN",33:28,12,4,7,0,2,4,6,0,8,8,1,0,1,1,0,3,4,15,7.0
2019,220,0,P005718   ,1.0,1.0,KHI,6,"TIMMA, JANIS",27:08,8,1,2,2,5,0,0,1,3,4,1,0,3,0,0,4,3,5,10.0
2019,220,0,P001792   ,0.0,0.0,KHI,8,"ZAYTSEV, VYACHESLAV",DNP,0,0,0,0,0,0,0,0,0,0,0,0,0,0,0,0,0,0,0.0
2019,220,0,PBGV      ,0.0,0.0,KHI,9,"VIALTSEV, EGOR",01:42,0,0,0,0,0,0,0,0,0,0,0,0,0,0,0,0,0,0,2.0
2019,220,0,P009748   ,1.0,1.0,KHI,11,"JEREBKO, JONAS",33:43,16,3,7,2,4,4,5,3,9,12,1,0,3,0,1,3,4,19,9.0
2019,220,0,PBFX      ,0.0,0.0,KHI,12,"MONIA, SERGEY",DNP,0,0,0,0,0,0,0,0,0,0,0,0,0,0,0,0,0,0,0.0
2019,220,0,P004863   ,1.0,1.0,KHI,24,"JOVIC, STEFAN",27:11,10,3,3,1,2,1,2,0,2,2,3,1,1,0,0,3,1,11,3.0
2019,220,0,P009923   ,0.0,0.0,KHI,34,"BARASHKOV, MAKSIM",DNP,0,0,0,0,0,0,0,0,0,0,0,0,0,0,0,0,0,0,0.0
2019,220,0,P000436   ,0.0,0.0,KHI,45,"BERTANS, DAIRIS",19:46,9,0,1,3,5,0,0,0,1,1,3,0,0,0,0,3,1,8,2.0
2019,220,0,Team,0.0,0.0,KHI,,Team,,0,0,0,0,0,0,0,4,3,7,0,0,0,0,0,0,0,7,
2019,220,0,Total,,,KHI,,Total,200:00,78,15,30,11,27,15,20,9,30,39,19,3,13,3,1,22,20,90,
2019,221,1,P008032   ,0.0,0.0,BAS,5,"GONZALEZ, MIGUEL",DNP,0,0,0,0,0,0,0,0,0,0,0,0,0,0,0,0,0,0,0.0
2019,221,1,P009888   ,1.0,1.0,BAS,6,"CHRISTON, SEMAJ",30:55,17,3,5,3,6,2,2,0,0,0,2,0,1,0,0,3,3,13,-17.0
2019,221,1,P006754   ,0.0,1.0,BAS,7,"HENRY, PIERRIA",11:26,6,1,3,1,3,1,1,0,0,0,0,0,1,0,0,1,2,2,-6.0
2019,221,1,P004165   ,1.0,1.0,BAS,11,"JANNING, MATT",22:01,3,0,2,1,3,0,0,0,2,2,0,0,1,0,0,2,3,1,-13.0
2019,221,1,P003540   ,0.0,0.0,BAS,12,"DIOP, ILIMANE",13:05,4,2,2,0,0,0,0,0,2,2,0,0,1,0,0,2,1,4,-2.0
2019,221,1,P005458   ,0.0,0.0,BAS,17,"GARCIA, SERGI",03:41,0,0,0,0,0,0,0,0,0,0,1,0,0,0,0,0,0,1,0.0
2019,221,1,P006568   ,0.0,0.0,BAS,19,"FALL, YOUSSOUPHA",13:57,2,1,4,0,0,0,0,3,1,4,0,0,0,0,1,1,3,4,-4.0
2019,221,1,P001133   ,1.0,1.0,BAS,23,"SHENGELIA, TORNIKE",28:20,12,6,7,0,3,0,0,1,2,3,5,1,3,0,0,3,3,14,-10.0
2019,221,1,P003514   ,0.0,0.0,BAS,30,"DRAGIC, ZORAN",17:24,2,1,3,0,1,0,1,1,2,3,1,1,0,0,0,1,2,4,-3.0
2019,221,1,P007831   ,1.0,0.0,BAS,31,"SHIELDS, SHAVON",30:34,4,2,5,0,3,0,0,0,5,5,5,0,2,0,1,5,0,0,-3.0
2019,221,1,P002084   ,0.0,1.0,BAS,33,"POLONARA, ACHILLE",16:53,6,2,4,0,1,2,2,1,2,3,0,1,0,3,0,2,2,10,-3.0
2019,221,1,P007360   ,1.0,0.0,BAS,50,"ERIC, MICHAEL",11:44,4,2,2,0,0,0,0,0,0,0,2,1,2,0,0,2,0,3,-9.0
2019,221,1,Team,0.0,0.0,BAS,,Team,,0,0,0,0,0,0,0,0,0,0,0,0,1,0,0,0,0,-1,
2019,221,1,Total,,,BAS,,Total,200:00,60,20,37,5,20,5,6,6,16,22,16,4,12,3,2,22,19,55,
2019,221,0,P008855   ,1.0,1.0,ZAL,0,"WALKUP, THOMAS",29:48,8,1,2,2,4,0,0,1,2,3,6,1,4,0,0,0,1,12,12.0
2019,221,0,P002429   ,0.0,1.0,ZAL,1,"RIVERS, KC",19:31,3,0,1,1,7,0,0,1,1,2,0,1,1,0,0,1,1,-2,14.0
2019,221,0,P003210   ,0.0,0.0,ZAL,4,"LEKAVICIUS, LUKAS",22:57,13,4,7,1,3,2,2,1,1,2,3,0,1,0,0,1,3,14,11.0
2019,221,0,P008962   ,0.0,1.0,ZAL,10,"HAYES, NIGEL",22:20,8,4,6,0,2,0,1,1,5,6,1,0,1,0,2,1,1,7,10.0
2019,221,0,PBWI      ,1.0,0.0,ZAL,13,"JANKUNAS, PAULIUS",17:01,0,0,3,0,0,0,0,0,4,4,1,1,0,0,0,4,4,3,1.0
2019,221,0,P006158   ,0.0,0.0,ZAL,16,"LUKOSIUNAS, KAROLIS",DNP,0,0,0,0,0,0,0,0,0,0,0,0,0,0,0,0,0,0,0.0
2019,221,0,PKPD      ,1.0,0.0,ZAL,21,"MILAKNIS, ARTURAS",14:25,7,1,1,1,4,2,2,1,1,2,0,0,0,0,0,3,1,4,7.0
2019,221,0,P009753   ,0.0,0.0,ZAL,23,"GEBEN, MARTINAS",09:51,7,3,4,0,0,1,1,1,3,4,0,1,0,0,0,1,1,11,10.0
2019,221,0,P007519   ,0.0,0.0,ZAL,31,"JOKUBAITIS, ROKAS",DNP,0,0,0,0,0,0,0,0,0,0,0,0,0,0,0,0,0,0,0.0
2019,221,0,P008987   ,0.0,1.0,ZAL,32,"LEDAY, ZACH",19:02,11,1,2,1,2,6,6,2,3,5,1,0,2,1,1,2,5,16,-1.0
2019,221,0,P008820   ,1.0,0.0,ZAL,34,"LANDALE, JOCK",11:07,2,1,1,0,0,0,0,2,1,3,1,0,3,1,0,4,2,2,5.0
2019,221,0,P002329   ,1.0,1.0,ZAL,92,"ULANOVAS, EDGARAS",33:58,15,3,5,3,5,0,1,5,2,7,1,1,5,0,0,2,3,15,1.0
2019,221,0,Team,0.0,0.0,ZAL,,Team,,0,0,0,0,0,0,0,2,3,5,0,0,1,0,0,0,0,4,
2019,221,0,Total,,,ZAL,,Total,200:00,74,18,32,9,27,11,13,17,26,43,14,5,18,2,3,19,22,86,
2019,222,1,P009862   ,0.0,1.0,RED,0,"PUNTER, KEVIN",21:37,12,2,5,1,3,5,5,0,0,0,0,0,0,0,0,4,3,6,4.0
2019,222,1,P009622   ,1.0,1.0,RED,4,"BROWN, LORENZO",27:13,10,2,8,1,4,3,4,0,2,2,4,2,3,0,1,3,3,4,-1.0
2019,222,1,PKRH      ,0.0,0.0,RED,5,"PERPEROGLOU, STRATOS",07:08,3,0,0,1,4,0,0,0,0,0,0,0,1,0,0,1,1,-1,-5.0
2019,222,1,P007960   ,0.0,0.0,RED,7,"DAVIDOVAC, DEJAN",21:15,4,2,3,0,0,0,0,1,1,2,1,1,0,0,0,4,1,4,-5.0
2019,222,1,PLUO      ,1.0,1.0,RED,10,"LAZIC, BRANKO",18:28,6,0,0,2,3,0,0,0,2,2,0,0,1,0,0,3,0,3,-1.0
2019,222,1,P005775   ,1.0,1.0,RED,12,"BARON, BILLY",29:15,15,3,4,2,5,3,3,1,2,3,2,1,2,0,0,1,3,17,-2.0
2019,222,1,P002980   ,0.0,1.0,RED,15,"GIST, JAMES",22:54,11,4,6,0,0,3,3,2,2,4,4,1,0,0,1,1,2,18,0.0
2019,222,1,P004397   ,1.0,0.0,RED,21,"JAGODIC-KURIDZA, MARKO",17:06,3,1,2,0,1,1,2,0,2,2,0,0,3,1,0,2,3,1,-5.0
2019,222,1,P005618   ,0.0,0.0,RED,28,"SIMANIC, BORISA",DNP,0,0,0,0,0,0,0,0,0,0,0,0,0,0,0,0,0,0,0.0
2019,222,1,P003264   ,0.0,0.0,RED,32,"JOVANOVIC, NIKOLA",DNP,0,0,0,0,0,0,0,0,0,0,0,0,0,0,0,0,0,0,0.0
2019,222,1,P008801   ,0.0,0.0,RED,50,"OJO, MICHAEL",17:09,6,2,3,0,0,2,4,2,3,5,1,1,1,1,0,4,2,8,-1.0
2019,222,1,PLBJ      ,1.0,0.0,RED,91,"STIMAC, VLADIMIR",17:55,11,5,8,0,0,1,2,1,3,4,1,0,0,0,1,2,2,11,-9.0
2019,222,1,Team,0.0,0.0,RED,,Team,,0,0,0,0,0,0,0,0,3,3,0,0,0,0,0,0,0,3,
2019,222,1,Total,,,RED,,Total,200:00,81,21,39,7,20,18,23,7,20,27,13,6,11,2,3,25,20,74,
2019,222,0,P009035   ,0.0,0.0,CSK,3,"BOLOMBOY, JOEL",11:41,2,1,1,0,2,0,0,0,0,0,0,0,0,0,0,2,0,-2,-2.0
2019,222,0,P005985   ,1.0,0.0,CSK,5,"JAMES, MIKE",30:40,29,3,8,3,11,14,18,1,2,3,3,0,3,0,1,1,8,21,11.0
2019,222,0,P004941   ,0.0,0.0,CSK,11,"ANTONOV, SEMEN",07:47,0,0,1,0,1,0,0,1,1,2,0,2,0,0,0,0,0,2,-2.0
2019,222,0,P000046   ,1.0,0.0,CSK,13,"STRELNIEKS, JANIS",08:03,2,1,2,0,0,0,0,0,1,1,0,0,0,0,0,0,0,2,-1.0
2019,222,0,P007201   ,1.0,0.0,CSK,17,"VOIGTMANN, JOHANNES",21:16,6,3,3,0,1,0,0,0,2,2,3,0,0,1,0,4,2,9,9.0
2019,222,0,P001844   ,0.0,1.0,CSK,23,"HACKETT, DANIEL",25:55,19,3,4,3,7,4,4,0,3,3,1,2,3,0,0,3,5,19,2.0
2019,222,0,P007869   ,0.0,1.0,CSK,26,"SANT-ROOS, HOWARD",18:05,2,1,2,0,0,0,0,3,2,5,2,0,1,0,0,2,0,5,-2.0
2019,222,0,P009766   ,0.0,0.0,CSK,31,"KOUFOS, KOSTA",06:43,0,0,0,0,0,0,0,0,3,3,0,0,0,1,0,1,1,4,4.0
2019,222,0,P008989   ,0.0,0.0,CSK,32,"HILLIARD, DARRUN",18:44,12,3,5,1,3,3,5,1,2,3,1,0,2,0,1,2,4,9,3.0
2019,222,0,PJLX      ,1.0,1.0,CSK,41,"KURBANOV, NIKITA",23:49,8,2,2,0,3,4,6,1,3,4,2,2,1,0,0,1,3,12,2.0
2019,222,0,P002812   ,1.0,1.0,CSK,42,"HINES, KYLE",26:13,6,3,4,0,0,0,0,5,5,10,2,0,2,1,0,4,2,14,6.0
2019,222,0,P009767   ,0.0,1.0,CSK,84,"BAKER, RON",01:04,0,0,0,0,0,0,0,0,0,0,0,0,0,0,0,0,0,0,-5.0
2019,222,0,Team,0.0,0.0,CSK,,Team,,0,0,0,0,0,0,0,1,1,2,0,0,0,0,0,0,0,2,
2019,222,0,Total,,,CSK,,Total,200:00,86,20,32,7,28,25,33,13,25,38,14,6,12,3,2,20,25,97,
2019,223,1,P008253   ,0.0,1.0,MUN,1,"GEORGE, JASON",01:57,0,0,0,0,1,0,0,0,0,0,0,0,0,0,0,0,0,-1,-3.0
2019,223,1,P009834   ,1.0,0.0,MUN,5,"BRAY, THOMAS",19:32,5,2,3,0,1,1,1,0,0,0,3,2,2,0,0,2,2,6,-15.0
2019,223,1,PBOG      ,0.0,0.0,MUN,7,"KING, ALEX",DNP,0,0,0,0,0,0,0,0,0,0,0,0,0,0,0,0,0,0,0.0
2019,223,1,P009835   ,1.0,0.0,MUN,10,"MONROE, GREG",22:38,5,2,7,0,0,1,1,1,7,8,4,1,3,0,1,2,4,11,-16.0
2019,223,1,P001288   ,1.0,0.0,MUN,11,"LUCIC, VLADIMIR",32:15,14,5,8,1,2,1,2,3,1,4,1,0,1,0,0,2,4,15,-19.0
2019,223,1,P007032   ,1.0,1.0,MUN,12,"LO, MAODO",28:35,14,4,5,2,6,0,0,0,5,5,1,0,3,0,0,2,1,11,-19.0
2019,223,1,P005056   ,0.0,1.0,MUN,16,"ZIPSER, PAUL",19:00,3,0,1,0,0,3,4,0,0,0,3,0,2,0,1,4,2,-1,-12.0
2019,223,1,P005670   ,0.0,0.0,MUN,21,"FLACCADORI, DIEGO",02:56,2,1,1,0,0,0,0,0,0,0,0,0,0,0,0,0,0,2,1.0
2019,223,1,P003490   ,0.0,1.0,MUN,22,"BARTHEL, DANILO",27:24,7,2,2,1,3,0,4,0,1,1,0,0,2,0,0,0,2,2,-19.0
2019,223,1,P004571   ,0.0,1.0,MUN,31,"SISKO, ZAN",22:53,7,2,3,1,1,0,0,0,1,1,3,3,1,0,0,2,0,10,-15.0
2019,223,1,P009723   ,1.0,0.0,MUN,34,"HUESTIS, JOSHUA",11:01,2,1,4,0,2,0,0,1,2,3,0,0,0,0,0,0,0,0,-6.0
2019,223,1,PLEM      ,0.0,0.0,MUN,43,"RADOSEVIC, LEON",11:49,4,2,4,0,0,0,0,2,0,2,1,0,1,0,0,2,0,2,-2.0
2019,223,1,Team,0.0,0.0,MUN,,Team,,0,0,0,0,0,0,0,1,2,3,0,0,0,0,0,0,0,3,
2019,223,1,Total,,,MUN,,Total,200:00,63,21,38,5,16,6,12,8,19,27,16,6,15,0,2,16,15,60,
2019,223,0,P006590   ,1.0,1.0,IST,1,"BEAUBOIS, RODRIGUE",30:30,16,1,1,4,6,2,4,0,2,2,3,1,2,0,0,0,3,19,13.0
2019,223,0,P006614   ,1.0,0.0,IST,2,"SINGLETON, CHRIS",18:29,14,1,2,4,8,0,0,0,2,2,1,1,0,1,0,3,1,12,8.0
2019,223,0,P006693   ,0.0,1.0,IST,3,"SAYBIR, YIGITCAN",01:57,0,0,1,0,0,0,0,0,0,0,0,0,0,0,0,1,0,-2,3.0
2019,223,0,P002968   ,0.0,0.0,IST,15,"SANLI, SERTAC",16:15,7,3,4,0,1,1,1,1,4,5,1,1,2,0,0,3,1,8,18.0
2019,223,0,P001833   ,0.0,0.0,IST,18,"MOERMAN, ADRIEN",19:57,6,2,2,0,1,2,2,0,2,2,2,1,2,0,0,1,2,9,14.0
2019,223,0,P002925   ,0.0,0.0,IST,19,"TUNCER, BUGRAHAN",13:28,8,1,1,2,3,0,0,0,0,0,1,2,0,0,0,1,1,10,9.0
2019,223,0,PLHK      ,1.0,0.0,IST,21,"PLEISS, TIBOR",19:17,10,5,9,0,0,0,0,1,0,1,3,1,0,0,0,3,0,8,3.0
2019,223,0,P002580   ,1.0,0.0,IST,22,"MICIC, VASILIJE",25:25,9,1,3,1,4,4,4,0,2,2,8,2,1,0,0,0,6,21,21.0
2019,223,0,P005938   ,1.0,1.0,IST,23,"ANDERSON, JAMES",23:25,7,1,1,1,2,2,2,2,4,6,0,1,0,1,0,1,2,15,12.0
2019,223,0,P008829   ,0.0,1.0,IST,25,"PETERS, ALEC",08:54,0,0,0,0,0,0,0,0,1,1,0,0,0,0,0,2,0,-1,11.0
2019,223,0,P003048   ,0.0,0.0,IST,42,"DUNSTON, BRYANT",DNP,0,0,0,0,0,0,0,0,0,0,0,0,0,0,0,0,0,0,0.0
2019,223,0,PCPR      ,0.0,1.0,IST,44,"SIMON, KRUNOSLAV",22:23,11,1,3,3,5,0,0,0,4,4,3,0,4,0,0,0,0,10,13.0
2019,223,0,Team,0.0,0.0,IST,,Team,,0,0,0,0,0,0,0,3,1,4,0,0,0,0,0,0,0,4,
2019,223,0,Total,,,IST,,Total,200:00,88,16,27,15,30,11,13,7,22,29,22,10,11,2,0,15,16,113,
2019,224,1,P005094   ,0.0,0.0,PAN,0,"THOMAS, DESHAUN",23:34,9,3,5,1,3,0,0,1,1,2,0,1,1,0,0,0,1,8,-7.0
2019,224,1,P003367   ,0.0,0.0,PAN,5,"RICE, TYRESE",10:53,4,0,1,0,2,4,4,0,1,1,3,0,2,0,0,1,3,5,-11.0
2019,224,1,P005844   ,1.0,0.0,PAN,6,"PAPAGIANNIS, GEORGIOS",31:29,14,7,9,0,0,0,0,3,5,8,0,1,2,3,0,2,1,21,-9.0
2019,224,1,P010150   ,0.0,0.0,PAN,8,"RAUTINS, ANDY",01:17,0,0,0,0,0,0,0,0,0,0,0,0,0,0,0,0,0,0,0.0
2019,224,1,P005161   ,1.0,1.0,PAN,10,"PAPAPETROU, IOANNIS",26:03,12,4,6,1,4,1,1,1,1,2,0,1,1,0,0,2,2,9,-6.0
2019,224,1,P000464   ,0.0,0.0,PAN,11,"PAPPAS, NIKOS",09:32,3,0,1,1,3,0,0,0,1,1,0,1,2,0,0,0,1,1,-10.0
2019,224,1,PTFX      ,0.0,0.0,PAN,15,"VOUGIOUKAS, IAN",06:45,6,2,2,0,0,2,2,1,2,3,1,0,0,2,0,3,2,11,0.0
2019,224,1,P009816   ,0.0,0.0,PAN,24,"JOHNSON, WESLEY",12:40,1,0,1,0,3,1,2,1,0,1,0,1,0,0,0,3,1,-4,-5.0
2019,224,1,P009842   ,1.0,1.0,PAN,32,"FREDETTE, JIMMER",30:16,13,3,4,2,6,1,1,0,4,4,3,1,1,0,0,0,1,16,0.0
2019,224,1,P001932   ,1.0,1.0,PAN,33,"CALATHES, NICK",29:19,10,3,6,0,3,4,6,0,7,7,11,1,4,0,0,4,4,17,-1.0
2019,224,1,P007866   ,0.0,1.0,PAN,44,"MITOGLOU, KONSTANTINOS",01:57,0,0,0,0,0,0,0,0,0,0,0,1,1,0,0,2,0,-2,-2.0
2019,224,1,P009818   ,1.0,1.0,PAN,50,"BENTIL, BENJAMIN",16:15,9,2,2,1,4,2,2,0,2,2,1,0,1,0,0,4,2,6,-4.0
2019,224,1,Team,0.0,0.0,PAN,,Team,,0,0,0,0,0,0,0,1,5,6,0,0,0,0,0,0,0,6,
2019,224,1,Total,,,PAN,,Total,200:00,81,24,37,6,28,15,18,8,29,37,19,8,15,5,0,21,18,94,
2019,224,0,P007870   ,0.0,1.0,BAR,0,"DAVIES, BRANDON",19:34,7,3,7,0,0,1,3,1,4,5,2,2,2,0,2,3,2,5,14.0
2019,224,0,PJUG      ,0.0,0.0,BAR,5,"RIBAS, PAU",DNP,0,0,0,0,0,0,0,0,0,0,0,0,0,0,0,0,0,0,0.0
2019,224,0,P005099   ,1.0,0.0,BAR,8,"HANGA, ADAM",14:14,5,0,3,1,2,2,2,0,5,5,3,0,1,0,1,2,1,6,-5.0
2019,224,0,P005917   ,0.0,0.0,BAR,18,"ORIOLA, PIERRE",15:29,0,0,1,0,1,0,0,0,2,2,1,1,0,0,0,1,0,1,-3.0
2019,224,0,P003478   ,0.0,1.0,BAR,21,"ABRINES, ALEX",21:35,13,2,2,3,5,0,0,3,1,4,2,1,1,0,0,2,0,15,15.0
2019,224,0,P006450   ,1.0,1.0,BAR,22,"HIGGINS, CORY",28:09,17,4,8,2,5,3,3,0,2,2,4,0,2,0,2,1,3,14,6.0
2019,224,0,P004331   ,0.0,1.0,BAR,23,"DELANEY, MALCOLM",25:46,15,1,3,3,8,4,4,0,4,4,6,0,2,0,0,3,5,18,16.0
2019,224,0,P005789   ,0.0,0.0,BAR,24,"KURIC, KYLE",11:51,2,1,2,0,3,0,0,2,0,2,1,1,1,0,0,1,1,1,5.0
2019,224,0,P000556   ,1.0,0.0,BAR,30,"CLAVER, VICTOR",18:25,4,1,3,0,0,2,2,0,0,0,3,1,0,0,0,1,3,8,-4.0
2019,224,0,P008985   ,0.0,0.0,BAR,31,"BOLMARO, LEANDRO",DNP,0,0,0,0,0,0,0,0,0,0,0,0,0,0,0,0,0,0,0.0
2019,224,0,P000796   ,1.0,1.0,BAR,33,"MIROTIC, NIKOLA",26:59,20,3,8,2,5,8,10,4,5,9,0,1,0,0,0,2,5,23,14.0
2019,224,0,P002507   ,1.0,0.0,BAR,44,"TOMIC, ANTE",17:58,9,4,6,0,0,1,2,1,4,5,2,0,2,0,0,2,1,10,-3.0
2019,224,0,Team,0.0,0.0,BAR,,Team,,0,0,0,0,0,0,0,4,1,5,0,0,0,0,0,0,0,5,
2019,224,0,Total,,,BAR,,Total,200:00,92,19,43,11,29,21,26,15,28,43,24,7,11,0,5,18,21,106,
2019,225,1,P006533   ,0.0,1.0,PAM,1,"COLOM, QUINO",28:37,10,2,5,2,6,0,0,0,5,5,9,0,1,0,0,2,3,17,14.0
2019,225,1,P004761   ,0.0,0.0,PAM,2,"MARINKOVIC, VANJA",16:50,6,2,3,0,1,2,2,1,0,1,1,1,2,0,0,1,1,5,7.0
2019,225,1,P006726   ,0.0,1.0,PAM,5,"NDOUR, MAURICE",23:54,12,6,7,0,0,0,0,0,2,2,0,2,1,0,1,0,1,14,15.0
2019,225,1,P003733   ,1.0,1.0,PAM,6,"ABALDE, ALBERTO",25:52,4,2,4,0,2,0,1,0,2,2,0,0,1,0,0,2,1,-1,-18.0
2019,225,1,P004884   ,1.0,0.0,PAM,7,"LABEYRIE, LOUIS",15:47,11,2,4,1,2,4,5,4,1,5,0,1,0,0,0,1,3,15,-21.0
2019,225,1,P008966   ,0.0,0.0,PAM,10,"TOBEY, MIKE",14:15,8,1,1,2,4,0,0,1,5,6,0,0,0,1,0,2,0,11,10.0
2019,225,1,P006599   ,0.0,0.0,PAM,12,"MOTUM, BROCK",DNP,0,0,0,0,0,0,0,0,0,0,0,0,0,0,0,0,0,0,0.0
2019,225,1,P002742   ,1.0,1.0,PAM,14,"DUBLJEVIC, BOJAN",25:45,19,3,5,3,5,4,5,1,2,3,0,0,3,0,0,2,8,20,-13.0
2019,225,1,P000518   ,1.0,1.0,PAM,19,"SAN EMETERIO, FERNANDO",23:47,10,2,6,2,3,0,0,1,2,3,1,0,0,0,1,1,2,9,-5.0
2019,225,1,P002936   ,1.0,0.0,PAM,30,"SASTRE, JOAN",04:21,0,0,1,0,1,0,0,1,1,2,0,0,1,0,0,1,0,-2,-8.0
2019,225,1,P002763   ,0.0,0.0,PAM,42,"DOORNEKAMP, AARON",16:32,2,0,1,0,1,2,2,0,1,1,4,1,1,0,0,1,1,5,5.0
2019,225,1,P009101   ,0.0,0.0,PAM,45,"FERRANDO, GUILLEM",04:20,0,0,2,0,0,0,0,0,1,1,1,0,0,0,0,2,0,-2,-1.0
2019,225,1,Team,0.0,0.0,PAM,,Team,,0,0,0,0,0,0,0,2,2,4,0,0,0,0,0,0,0,4,
2019,225,1,Total,,,PAM,,Total,200:00,82,20,39,10,25,12,15,11,24,35,16,5,10,1,2,15,20,95,
2019,225,0,P009846   ,1.0,0.0,TEL,0,"BRYANT, ELIJAH",27:39,11,4,7,1,4,0,0,0,7,7,4,2,2,0,0,2,1,15,1.0
2019,225,0,P006661   ,1.0,1.0,TEL,1,"WILBEKIN, SCOTTIE",26:08,20,1,2,6,11,0,0,0,1,1,2,1,0,0,0,1,2,19,6.0
2019,225,0,P007942   ,0.0,1.0,TEL,3,"REYNOLDS, JALEN",14:25,4,2,4,0,1,0,0,2,2,4,1,1,1,0,1,3,2,4,-1.0
2019,225,0,P005771   ,1.0,1.0,TEL,4,"CALOIARO, ANGELO",29:40,5,1,2,1,5,0,0,0,3,3,1,1,0,0,0,3,0,2,-1.0
2019,225,0,P005160   ,1.0,1.0,TEL,5,"HUNTER, OTHELLO",25:43,12,5,10,0,1,2,2,6,3,9,3,1,1,0,0,2,2,18,4.0
2019,225,0,P009848   ,0.0,0.0,TEL,6,"COHEN, SANDY",00:15,0,0,0,0,0,0,0,0,0,0,0,0,0,0,0,0,0,0,-2.0
2019,225,0,P007675   ,0.0,0.0,TEL,8,"AVDIJA, DENI",18:21,10,2,3,2,4,0,0,1,4,5,1,0,1,0,0,3,0,9,-3.0
2019,225,0,P003413   ,0.0,0.0,TEL,9,"JACKSON, AARON",13:33,4,2,2,0,0,0,0,0,1,1,1,0,1,0,0,1,1,5,1.0
2019,225,0,P009849   ,0.0,1.0,TEL,11,"DORSEY, TYLER",22:38,19,1,2,4,8,5,6,0,2,2,5,0,0,1,0,2,6,25,3.0
2019,225,0,P005145   ,1.0,0.0,TEL,15,"COHEN, JAKE",17:19,0,0,1,0,1,0,0,0,2,2,2,1,0,1,0,3,1,2,10.0
2019,225,0,P007069   ,0.0,0.0,TEL,32,"STOUDEMIRE, AMAR'E",04:19,0,0,0,0,0,0,0,0,0,0,0,0,1,0,0,0,0,-1,-3.0
2019,225,0,Team,0.0,0.0,TEL,,Team,,0,0,0,0,0,0,0,0,2,2,0,0,0,0,0,0,0,2,
2019,225,0,Total,,,TEL,,Total,200:00,85,18,33,14,35,7,8,9,27,36,20,7,7,2,1,20,15,100,
2019,226,1,P009035   ,0.0,1.0,CSK,3,"BOLOMBOY, JOEL",26:56,6,1,5,1,2,1,2,1,6,7,2,0,0,1,0,1,3,12,3.0
2019,226,1,P005985   ,1.0,0.0,CSK,5,"JAMES, MIKE",23:06,12,2,5,2,6,2,2,1,1,2,4,0,5,0,1,3,7,9,-7.0
2019,226,1,P004941   ,0.0,0.0,CSK,11,"ANTONOV, SEMEN",DNP,0,0,0,0,0,0,0,0,0,0,0,0,0,0,0,0,0,0,0.0
2019,226,1,P000046   ,0.0,0.0,CSK,13,"STRELNIEKS, JANIS",03:44,2,1,1,0,0,0,0,0,0,0,0,0,0,0,0,0,2,4,3.0
2019,226,1,P007201   ,1.0,0.0,CSK,17,"VOIGTMANN, JOHANNES",11:23,0,0,2,0,0,0,0,1,0,1,0,1,1,0,0,3,0,-4,-11.0
2019,226,1,P001844   ,0.0,1.0,CSK,23,"HACKETT, DANIEL",24:08,17,3,5,3,4,2,2,0,0,0,4,0,3,0,0,3,2,14,-1.0
2019,226,1,P007869   ,0.0,1.0,CSK,26,"SANT-ROOS, HOWARD",13:43,0,0,2,0,3,0,0,0,0,0,0,1,0,0,0,2,0,-6,1.0
2019,226,1,P009766   ,0.0,0.0,CSK,31,"KOUFOS, KOSTA",16:44,6,3,4,0,0,0,0,2,4,6,0,2,0,0,0,2,0,11,9.0
2019,226,1,P008989   ,0.0,0.0,CSK,32,"HILLIARD, DARRUN",27:49,14,3,4,2,4,2,3,0,6,6,2,1,0,1,0,1,3,22,17.0
2019,226,1,PJLX      ,1.0,1.0,CSK,41,"KURBANOV, NIKITA",24:31,11,1,3,3,5,0,0,0,2,2,0,3,0,0,0,1,0,11,-10.0
2019,226,1,P002812   ,1.0,1.0,CSK,42,"HINES, KYLE",23:16,10,4,4,0,0,2,2,1,2,3,1,0,3,0,0,3,2,10,-11.0
2019,226,1,P009767   ,1.0,0.0,CSK,84,"BAKER, RON",04:40,2,0,1,0,0,2,2,0,1,1,1,0,1,0,0,1,1,2,-3.0
2019,226,1,Team,0.0,0.0,CSK,,Team,,0,0,0,0,0,0,0,2,3,5,0,0,1,0,0,0,0,4,
2019,226,1,Total,,,CSK,,Total,200:00,80,18,36,11,24,11,13,8,25,33,14,8,14,2,1,20,20,89,
2019,226,0,P007870   ,0.0,1.0,BAR,0,"DAVIES, BRANDON",20:57,16,1,6,4,4,2,2,3,4,7,1,2,1,0,2,2,1,17,-4.0
2019,226,0,PJUG      ,0.0,0.0,BAR,5,"RIBAS, PAU",06:13,0,0,0,0,1,0,0,0,0,0,1,0,2,0,0,0,0,-2,-6.0
2019,226,0,P005099   ,1.0,0.0,BAR,8,"HANGA, ADAM",15:26,5,1,2,1,5,0,0,0,0,0,3,1,2,1,0,3,3,3,11.0
2019,226,0,P007109   ,0.0,0.0,BAR,10,"SMITS, ROLANDS",DNP,0,0,0,0,0,0,0,0,0,0,0,0,0,0,0,0,0,0,0.0
2019,226,0,P005917   ,0.0,0.0,BAR,18,"ORIOLA, PIERRE",10:43,3,0,0,1,2,0,0,0,0,0,1,0,1,0,0,1,0,1,-16.0
2019,226,0,P003478   ,0.0,0.0,BAR,21,"ABRINES, ALEX",05:21,0,0,0,0,0,0,0,0,0,0,0,0,0,0,0,2,1,-1,-2.0
2019,226,0,P006450   ,1.0,1.0,BAR,22,"HIGGINS, CORY",34:01,17,5,10,0,2,7,8,1,4,5,3,1,4,0,0,2,8,20,11.0
2019,226,0,P004331   ,0.0,1.0,BAR,23,"DELANEY, MALCOLM",21:40,6,1,1,1,3,1,2,0,1,1,2,0,2,0,0,3,1,2,-9.0
2019,226,0,P005789   ,0.0,1.0,BAR,24,"KURIC, KYLE",13:40,7,2,4,1,2,0,0,1,0,1,0,0,0,0,0,2,3,6,-1.0
2019,226,0,P000556   ,1.0,0.0,BAR,30,"CLAVER, VICTOR",23:39,3,0,2,1,1,0,0,0,1,1,0,0,0,0,0,2,0,0,2.0
2019,226,0,P000796   ,1.0,1.0,BAR,33,"MIROTIC, NIKOLA",29:17,23,4,6,3,5,6,6,2,6,8,2,0,0,0,0,0,3,32,18.0
2019,226,0,P002507   ,1.0,0.0,BAR,44,"TOMIC, ANTE",19:03,2,1,3,0,0,0,0,1,6,7,3,1,1,0,0,3,0,7,6.0
2019,226,0,Team,0.0,0.0,BAR,,Team,,0,0,0,0,0,0,0,0,1,1,0,0,0,0,0,0,0,1,
2019,226,0,Total,,,BAR,,Total,200:00,82,15,34,12,25,16,18,8,23,31,16,5,13,1,2,20,20,86,
2019,227,1,P001557   ,0.0,0.0,BER,5,"GIFFEY, NIELS",21:35,13,3,6,2,3,1,2,1,1,2,1,1,2,1,0,1,2,12,5.0
2019,227,1,P008211   ,0.0,1.0,BER,6,"DELOW, MALTE",03:31,0,0,0,0,0,0,0,0,0,0,0,0,0,0,0,0,0,0,1.0
2019,227,1,P003151   ,1.0,1.0,BER,8,"ERIKSSON, MARCUS",22:12,14,2,2,3,6,1,1,0,3,3,0,1,1,0,1,1,4,16,-12.0
2019,227,1,P007025   ,0.0,1.0,BER,9,"MATTISSECK, JONAS",21:35,0,0,0,0,4,0,0,0,0,0,1,2,1,0,1,1,2,-2,-7.0
2019,227,1,P007566   ,0.0,1.0,BER,11,"BRENNEKE, LORENZ",01:15,0,0,0,0,0,0,0,0,0,0,0,0,0,0,0,0,0,0,0.0
2019,227,1,P008780   ,1.0,0.0,BER,15,"HERMANNSSON, MARTIN",24:19,19,2,4,4,5,3,4,0,2,2,8,0,3,0,0,5,3,20,-14.0
2019,227,1,P006819   ,0.0,0.0,BER,16,"NIKIC, KRESIMIR",18:55,8,4,4,0,0,0,0,1,3,4,1,1,0,1,0,1,2,16,1.0
2019,227,1,P003242   ,1.0,0.0,BER,25,"OGBE, KENNETH",04:57,2,1,1,0,0,0,0,0,0,0,0,0,0,0,0,0,0,2,-6.0
2019,227,1,P006436   ,0.0,0.0,BER,31,"GIEDRAITIS, ROKAS",23:46,17,4,6,2,9,3,6,2,0,2,0,2,1,0,1,2,4,9,-5.0
2019,227,1,P009601   ,0.0,1.0,BER,34,"CAVANAUGH, TYLER",17:32,4,1,5,0,1,2,2,0,1,1,2,0,0,0,0,1,2,3,1.0
2019,227,1,P009051   ,1.0,0.0,BER,35,"NNOKO, LANDRY",14:08,0,0,1,0,0,0,0,0,3,3,0,0,0,0,0,3,0,-1,-12.0
2019,227,1,P006589   ,1.0,0.0,BER,43,"SIKMA, LUKE",26:15,9,3,3,1,3,0,0,3,4,7,8,1,3,1,0,2,0,19,-17.0
2019,227,1,Team,0.0,0.0,BER,,Team,,0,0,0,0,0,0,0,0,0,0,0,0,2,0,0,0,0,-2,
2019,227,1,Total,,,BER,,Total,200:00,86,20,32,12,31,10,15,7,17,24,21,8,13,3,3,17,19,92,
2019,227,0,P006590   ,1.0,0.0,IST,1,"BEAUBOIS, RODRIGUE",22:17,15,3,5,3,4,0,0,0,1,1,4,2,0,1,1,5,1,15,20.0
2019,227,0,P006614   ,1.0,0.0,IST,2,"SINGLETON, CHRIS",19:43,3,0,3,1,4,0,0,1,1,2,2,0,2,0,1,1,0,-3,5.0
2019,227,0,P003521   ,0.0,1.0,IST,4,"BALBAY, DOGUS",13:45,2,1,1,0,0,0,0,0,1,1,1,2,0,0,0,1,0,5,-1.0
2019,227,0,P005686   ,0.0,0.0,IST,8,"GECIM, TOLGA",DNP,0,0,0,0,0,0,0,0,0,0,0,0,0,0,0,0,0,0,0.0
2019,227,0,P002968   ,0.0,0.0,IST,15,"SANLI, SERTAC",01:27,0,0,0,0,0,0,0,0,0,0,0,0,0,0,0,1,0,-1,-4.0
2019,227,0,P001833   ,0.0,1.0,IST,18,"MOERMAN, ADRIEN",25:13,19,8,10,1,1,0,0,4,3,7,0,0,0,0,0,1,4,27,7.0
2019,227,0,P002925   ,0.0,0.0,IST,19,"TUNCER, BUGRAHAN",DNP,0,0,0,0,0,0,0,0,0,0,0,0,0,0,0,0,0,0,0.0
2019,227,0,PLHK      ,1.0,0.0,IST,21,"PLEISS, TIBOR",31:33,18,9,12,0,1,0,0,3,2,5,0,3,0,0,0,2,1,21,16.0
2019,227,0,P002580   ,1.0,1.0,IST,22,"MICIC, VASILIJE",36:30,23,4,5,2,2,9,9,0,5,5,9,2,9,1,0,4,9,35,13.0
2019,227,0,P005938   ,1.0,0.0,IST,23,"ANDERSON, JAMES",17:07,8,1,2,2,3,0,0,0,4,4,0,0,1,0,1,3,0,5,0.0
2019,227,0,P008829   ,0.0,1.0,IST,25,"PETERS, ALEC",02:33,0,0,0,0,0,0,0,0,1,1,0,0,0,0,0,1,0,0,2.0
2019,227,0,PCPR      ,0.0,1.0,IST,44,"SIMON, KRUNOSLAV",29:52,11,2,7,2,5,1,2,1,2,3,6,0,2,1,0,0,2,12,7.0
2019,227,0,Team,0.0,0.0,IST,,Team,,0,0,0,0,0,0,0,0,5,5,0,0,1,0,0,0,0,4,
2019,227,0,Total,,,IST,,Total,200:00,99,28,45,11,20,10,11,9,25,34,22,9,15,3,3,19,17,120,
2019,228,1,P009846   ,1.0,1.0,TEL,0,"BRYANT, ELIJAH",28:10,13,2,3,3,5,0,0,0,3,3,2,2,3,0,0,4,1,11,0.0
2019,228,1,P006661   ,1.0,0.0,TEL,1,"WILBEKIN, SCOTTIE",30:01,21,3,9,4,11,3,3,1,2,3,4,3,2,0,2,1,2,15,7.0
2019,228,1,P009847   ,0.0,0.0,TEL,2,"ACY, QUINCY",06:08,0,0,0,0,2,0,0,0,2,2,0,0,2,0,0,2,0,-4,-6.0
2019,228,1,P007942   ,0.0,0.0,TEL,3,"REYNOLDS, JALEN",15:11,4,2,2,0,0,0,1,1,5,6,1,1,0,0,0,1,2,12,-5.0
2019,228,1,P005771   ,1.0,1.0,TEL,4,"CALOIARO, ANGELO",25:57,8,1,3,2,2,0,0,0,0,0,1,1,0,0,0,2,0,6,9.0
2019,228,1,P005160   ,1.0,1.0,TEL,5,"HUNTER, OTHELLO",21:16,9,3,7,0,0,3,4,1,4,5,1,1,1,1,0,2,6,15,-2.0
2019,228,1,P007675   ,1.0,1.0,TEL,8,"AVDIJA, DENI",20:22,2,1,1,0,3,0,0,0,2,2,0,2,1,0,1,3,0,-2,-1.0
2019,228,1,P003413   ,0.0,0.0,TEL,9,"JACKSON, AARON",13:02,3,0,1,1,3,0,0,0,1,1,0,0,3,0,0,1,0,-3,-7.0
2019,228,1,P009849   ,0.0,0.0,TEL,11,"DORSEY, TYLER",22:47,9,2,3,0,4,5,6,0,3,3,4,2,2,0,0,4,6,12,2.0
2019,228,1,P005145   ,0.0,0.0,TEL,15,"COHEN, JAKE",06:00,0,0,1,0,0,0,0,1,0,1,0,0,0,0,0,0,0,0,-6.0
2019,228,1,P007069   ,0.0,0.0,TEL,32,"STOUDEMIRE, AMAR'E",03:33,0,0,0,0,0,0,0,0,0,0,0,0,0,0,0,0,1,1,8.0
2019,228,1,P006625   ,0.0,1.0,TEL,50,"ZOOSMAN, YOVEL",07:33,2,1,2,0,0,0,0,1,0,1,1,0,0,0,1,1,0,1,6.0
2019,228,1,Team,0.0,0.0,TEL,,Team,,0,0,0,0,0,0,0,1,2,3,0,0,0,0,0,0,0,3,
2019,228,1,Total,,,TEL,,Total,200:00,71,15,32,10,30,11,14,6,24,30,14,12,14,1,4,21,18,67,
2019,228,0,P002972   ,0.0,0.0,OLY,1,"ROCHESTIE, TAYLOR",10:42,3,0,0,1,1,0,0,0,0,0,0,1,2,0,0,2,1,1,-9.0
2019,228,0,P009863   ,1.0,1.0,OLY,2,"BALDWIN IV, WADE",27:25,13,3,3,1,3,4,6,0,5,5,2,0,3,1,0,0,3,17,6.0
2019,228,0,P004945   ,0.0,0.0,OLY,3,"PAUL, BRANDON",08:51,5,0,0,1,1,2,3,0,1,1,0,0,2,0,0,1,2,4,-3.0
2019,228,0,P005255   ,0.0,0.0,OLY,6,"KONIARIS, ANTONIOS",03:36,0,0,0,0,1,0,0,0,1,1,0,1,0,0,0,0,1,2,1.0
2019,228,0,P005859   ,0.0,0.0,OLY,8,"BUYCKS, DWIGHT",13:03,4,2,5,0,0,0,0,0,1,1,1,0,2,0,0,4,0,-3,2.0
2019,228,0,P003469   ,0.0,1.0,OLY,14,"VEZENKOV, SASHA",20:04,9,0,1,3,4,0,2,0,3,3,0,0,2,1,0,0,1,8,-2.0
2019,228,0,PAMM      ,1.0,1.0,OLY,15,"PRINTEZIS, GEORGIOS",20:06,8,2,7,1,1,1,4,0,2,2,0,1,0,1,1,0,4,7,1.0
2019,228,0,P001255   ,1.0,1.0,OLY,16,"PAPANIKOLAOU, KOSTAS",34:31,8,3,5,0,4,2,3,0,7,7,2,3,1,1,0,3,3,13,-6.0
2019,228,0,P006477   ,0.0,0.0,OLY,21,"RUBIT, AUGUSTINE",11:39,0,0,3,0,0,0,0,0,2,2,2,0,1,0,0,2,0,-2,1.0
2019,228,0,P009580   ,1.0,0.0,OLY,32,"ELLIS, OCTAVIUS",28:11,6,3,3,0,0,0,0,1,6,7,0,1,2,0,0,3,2,11,-2.0
2019,228,0,P010356   ,0.0,0.0,OLY,41,"CHRISTIDIS, VASILEIOS",DNP,0,0,0,0,0,0,0,0,0,0,0,0,0,0,0,0,0,0,0.0
2019,228,0,P007853   ,1.0,1.0,OLY,77,"MCKISSIC, SHAQUIELLE",21:52,14,6,7,0,2,2,2,0,3,3,2,1,5,0,0,3,4,13,6.0
2019,228,0,Team,0.0,0.0,OLY,,Team,,0,0,0,0,0,0,0,3,2,5,0,0,1,0,0,0,0,4,
2019,228,0,Total,,,OLY,,Total,200:00,70,19,34,7,17,11,20,4,33,37,9,8,21,4,1,18,21,75,
2019,229,1,P008032   ,0.0,1.0,BAS,5,"GONZALEZ, MIGUEL",02:43,3,0,0,1,1,0,0,0,0,0,0,0,0,0,0,0,0,3,-4.0
2019,229,1,P009888   ,1.0,1.0,BAS,6,"CHRISTON, SEMAJ",18:20,5,1,1,1,4,0,0,0,1,1,0,1,1,0,0,0,1,4,-10.0
2019,229,1,P006754   ,0.0,0.0,BAS,7,"HENRY, PIERRIA",20:30,3,1,1,0,1,1,2,0,3,3,2,1,0,0,0,4,1,4,24.0
2019,229,1,P004165   ,1.0,0.0,BAS,11,"JANNING, MATT",26:28,3,0,2,1,3,0,0,0,3,3,4,0,1,0,0,1,1,5,8.0
2019,229,1,P003540   ,0.0,1.0,BAS,12,"DIOP, ILIMANE",10:26,8,3,3,0,1,2,2,1,0,1,0,0,0,1,0,1,3,11,9.0
2019,229,1,P005458   ,0.0,1.0,BAS,17,"GARCIA, SERGI",02:59,0,0,0,0,1,0,0,0,0,0,0,0,0,0,0,0,0,-1,-5.0
2019,229,1,P006568   ,0.0,0.0,BAS,19,"FALL, YOUSSOUPHA",09:17,3,1,4,0,0,1,2,0,3,3,0,0,3,0,0,0,1,0,0.0
2019,229,1,P001133   ,1.0,0.0,BAS,23,"SHENGELIA, TORNIKE",30:31,18,4,6,3,4,1,2,2,3,5,1,1,1,0,0,3,4,21,12.0
2019,229,1,P003514   ,0.0,0.0,BAS,30,"DRAGIC, ZORAN",12:58,3,1,3,0,2,1,2,0,2,2,0,0,1,0,0,2,1,-2,15.0
2019,229,1,P007831   ,1.0,0.0,BAS,31,"SHIELDS, SHAVON",36:04,15,7,9,0,3,1,2,0,6,6,5,1,1,0,0,2,5,23,17.0
2019,229,1,P002084   ,0.0,1.0,BAS,33,"POLONARA, ACHILLE",09:29,0,0,2,0,0,0,0,0,2,2,1,2,0,1,0,0,0,4,3.0
2019,229,1,P007360   ,1.0,0.0,BAS,50,"ERIC, MICHAEL",20:15,10,3,4,0,0,4,6,3,2,5,1,1,2,0,0,5,4,11,6.0
2019,229,1,Team,0.0,0.0,BAS,,Team,,0,0,0,0,0,0,0,0,6,6,0,0,0,0,0,0,0,6,
2019,229,1,Total,,,BAS,,Total,200:00,71,21,35,6,20,11,18,6,31,37,14,7,10,2,0,18,21,89,
2019,229,0,P009862   ,0.0,1.0,RED,0,"PUNTER, KEVIN",19:45,12,3,6,2,5,0,0,0,1,1,0,0,2,0,0,2,2,5,-8.0
2019,229,0,P009622   ,1.0,0.0,RED,4,"BROWN, LORENZO",23:25,10,2,5,1,7,3,4,0,1,1,1,0,1,0,1,0,5,5,-13.0
2019,229,0,PKRH      ,0.0,0.0,RED,5,"PERPEROGLOU, STRATOS",04:29,1,0,0,0,1,1,2,0,1,1,0,0,1,0,0,0,1,0,-5.0
2019,229,0,P007960   ,0.0,0.0,RED,7,"DAVIDOVAC, DEJAN",13:57,2,0,0,0,2,2,2,0,1,1,0,1,2,0,0,1,2,1,-8.0
2019,229,0,PLUO      ,1.0,1.0,RED,10,"LAZIC, BRANKO",23:38,3,0,2,1,2,0,0,0,1,1,1,1,0,0,0,3,1,1,-3.0
2019,229,0,P005775   ,1.0,0.0,RED,12,"BARON, BILLY",20:17,7,2,3,1,4,0,0,0,4,4,4,1,0,0,0,1,3,14,-7.0
2019,229,0,P002980   ,0.0,0.0,RED,15,"GIST, JAMES",16:35,0,0,0,0,0,0,0,1,2,3,1,1,0,0,0,4,1,2,-12.0
2019,229,0,P003417   ,0.0,1.0,RED,16,"LUCAS, KALIN",14:53,2,1,3,0,2,0,0,0,1,1,3,0,2,0,1,0,0,-1,-3.0
2019,229,0,P004397   ,1.0,1.0,RED,21,"JAGODIC-KURIDZA, MARKO",20:38,4,2,3,0,1,0,0,1,2,3,3,0,0,0,0,2,0,6,3.0
2019,229,0,P005618   ,0.0,0.0,RED,28,"SIMANIC, BORISA",04:56,0,0,0,0,0,0,0,0,1,1,0,0,0,0,0,3,0,-2,-5.0
2019,229,0,P008801   ,0.0,0.0,RED,50,"OJO, MICHAEL",12:54,2,1,2,0,0,0,0,1,3,4,1,0,1,0,0,3,0,2,-11.0
2019,229,0,PLBJ      ,1.0,1.0,RED,91,"STIMAC, VLADIMIR",24:33,13,4,7,0,1,5,6,1,6,7,1,1,2,0,0,2,3,16,-3.0
2019,229,0,Team,0.0,0.0,RED,,Team,,0,0,0,0,0,0,0,3,0,3,0,0,0,0,0,0,0,3,
2019,229,0,Total,,,RED,,Total,200:00,56,15,31,5,25,11,14,7,24,31,15,5,11,0,2,21,18,52,
2019,230,1,P008003   ,0.0,0.0,KHI,0,"ROBINSON, THOMAS",12:42,1,0,3,0,0,1,2,1,1,2,0,1,2,1,0,3,4,0,7.0
2019,230,1,PKVZ      ,1.0,1.0,KHI,1,"SHVED, ALEXEY",30:30,24,5,7,4,7,2,2,0,1,1,13,3,1,0,0,2,4,37,19.0
2019,230,1,P004810   ,0.0,0.0,KHI,3,"KRAMER, CHRIS",18:09,11,3,4,1,3,2,3,0,4,4,4,1,1,0,1,3,3,14,7.0
2019,230,1,P007056   ,1.0,0.0,KHI,5,"BOOKER, DEVIN",20:27,17,5,7,1,2,4,4,3,1,4,1,2,1,0,1,1,5,23,17.0
2019,230,1,P005718   ,1.0,0.0,KHI,6,"TIMMA, JANIS",29:02,14,1,2,4,6,0,0,0,1,1,0,1,0,0,0,1,1,13,24.0
2019,230,1,P004302   ,0.0,0.0,KHI,7,"KARASEV, SERGEY",02:20,0,0,0,0,0,0,0,1,0,1,0,0,0,0,0,0,0,1,-4.0
2019,230,1,P001792   ,0.0,0.0,KHI,8,"ZAYTSEV, VYACHESLAV",DNP,0,0,0,0,0,0,0,0,0,0,0,0,0,0,0,0,0,0,0.0
2019,230,1,PBGV      ,0.0,1.0,KHI,9,"VIALTSEV, EGOR",05:40,0,0,1,0,0,0,0,0,1,1,0,0,0,0,0,1,0,-1,3.0
2019,230,1,P009748   ,1.0,1.0,KHI,11,"JEREBKO, JONAS",28:47,18,5,8,2,5,2,2,2,5,7,2,0,1,1,1,4,1,17,21.0
2019,230,1,P008001   ,0.0,1.0,KHI,13,"GILL, ANTHONY",11:12,9,3,5,1,2,0,0,1,3,4,0,0,0,0,0,2,1,9,8.0
2019,230,1,P004863   ,1.0,0.0,KHI,24,"JOVIC, STEFAN",19:49,3,1,1,0,1,1,1,0,1,1,4,1,2,0,0,2,2,6,24.0
2019,230,1,P000436   ,0.0,1.0,KHI,45,"BERTANS, DAIRIS",21:22,11,1,1,3,4,0,0,0,0,0,2,1,0,0,0,0,1,14,19.0
2019,230,1,Team,0.0,0.0,KHI,,Team,,0,0,0,0,0,0,0,2,2,4,0,0,0,0,0,0,0,4,
2019,230,1,Total,,,KHI,,Total,200:00,108,24,39,16,30,12,14,10,20,30,26,10,8,2,3,19,22,137,
2019,230,0,P005247   ,1.0,0.0,ASV,2,"TAYLOR, JORDAN",07:53,5,1,3,1,1,0,0,1,0,1,0,0,2,0,0,0,0,2,-10.0
2019,230,0,P009733   ,1.0,0.0,ASV,3,"JEKIRI, TONYE",17:15,10,4,6,0,0,2,2,0,3,3,1,0,1,0,0,3,2,10,-10.0
2019,230,0,PKIR      ,1.0,0.0,ASV,5,"KAHUDI, CHARLES",20:52,4,2,4,0,1,0,0,0,0,0,0,1,1,0,0,1,1,1,-20.0
2019,230,0,P007027   ,1.0,1.0,ASV,6,"MALEDON, THEO",16:27,1,0,5,0,0,1,4,0,1,1,5,0,1,0,0,2,5,1,-12.0
2019,230,0,P010355   ,0.0,0.0,ASV,7,"BERRY, DAVION",20:14,6,0,1,2,5,0,0,0,1,1,4,0,2,0,0,3,1,3,5.0
2019,230,0,P005553   ,0.0,1.0,ASV,9,"LOMAZS, RIHARDS",15:08,0,0,0,0,1,0,0,1,1,2,0,0,1,0,0,2,1,-1,-25.0
2019,230,0,P006068   ,1.0,1.0,ASV,12,"NOUA, AMINE",15:29,10,2,4,2,2,0,0,1,2,3,0,0,2,1,1,4,0,5,-29.0
2019,230,0,PTFK      ,0.0,1.0,ASV,19,"DIOT, ANTOINE",21:15,8,1,2,2,2,0,1,0,0,0,4,0,3,0,0,2,1,6,-12.0
2019,230,0,P004655   ,0.0,0.0,ASV,21,"BAKO, ISMAEL",19:17,7,3,7,0,0,1,2,3,1,4,1,1,0,2,1,2,1,8,-12.0
2019,230,0,P003526   ,0.0,0.0,ASV,23,"LIGHTY, DAVID",21:36,12,4,4,1,2,1,1,1,0,1,2,0,0,0,0,1,1,14,-9.0
2019,230,0,P008099   ,0.0,0.0,ASV,32,"STRAZEL, MATTHEW",04:20,2,1,1,0,0,0,0,0,0,0,0,0,1,0,0,1,0,0,-2.0
2019,230,0,P008348   ,0.0,1.0,ASV,33,"PAYNE, ADREIAN",20:14,14,2,3,2,5,4,4,2,4,6,1,0,1,0,0,1,5,20,-9.0
2019,230,0,Team,0.0,0.0,ASV,,Team,,0,0,0,0,0,0,0,1,4,5,0,0,2,0,0,0,0,3,
2019,230,0,Total,,,ASV,,Total,200:00,79,20,40,10,19,9,14,10,17,27,18,2,17,3,2,22,18,72,
2019,231,1,P005154   ,0.0,0.0,DYR,4,"IVERSON, COLTON",07:38,2,1,2,0,0,0,0,1,2,3,0,0,0,0,1,1,0,2,-9.0
2019,231,1,P003425   ,0.0,1.0,DYR,6,"ALBICY, ANDREW",18:00,5,2,2,0,4,1,1,0,1,1,3,2,3,0,0,2,6,8,-10.0
2019,231,1,PJAN      ,0.0,0.0,DYR,7,"PONKRASHOV, ANTON",DNP,0,0,0,0,0,0,0,0,0,0,0,0,0,0,0,0,0,0,0.0
2019,231,1,P009917   ,1.0,1.0,DYR,9,"HOLLINS, AUSTIN",31:11,18,3,7,3,10,3,3,2,0,2,1,1,0,0,2,2,2,9,-8.0
2019,231,1,P005856   ,1.0,1.0,DYR,10,"THOMAS, WILL",28:48,4,2,5,0,4,0,0,0,2,2,1,2,0,0,2,1,1,0,-12.0
2019,231,1,P005945   ,0.0,0.0,DYR,12,"RENFROE, ALEX",05:17,2,1,1,0,0,0,0,0,0,0,2,0,1,0,0,0,0,3,-1.0
2019,231,1,PLKY      ,1.0,0.0,DYR,13,"KHVOSTOV, DMITRY",16:43,4,2,2,0,0,0,0,0,1,1,6,0,1,0,0,1,0,9,2.0
2019,231,1,P007851   ,0.0,0.0,DYR,16,"TRUSHKIN, VLADISLAV",05:34,0,0,0,0,1,0,0,0,1,1,0,0,0,0,0,0,0,0,1.0
2019,231,1,P001389   ,0.0,1.0,DYR,18,"VORONOV, EVGENY",18:02,0,0,1,0,3,0,0,0,1,1,1,0,1,0,1,4,1,-7,-4.0
2019,231,1,P003573   ,0.0,0.0,DYR,20,"ZUBKOV, ANDREY",13:24,7,2,4,1,3,0,0,2,2,4,1,0,0,0,0,1,1,8,1.0
2019,231,1,P005199   ,1.0,0.0,DYR,21,"ABROMAITIS, TIM",25:18,9,2,3,1,5,2,2,1,5,6,2,0,1,2,0,4,3,12,-7.0
2019,231,1,P005927   ,1.0,1.0,DYR,34,"AYON, GUSTAVO",30:05,17,8,10,0,0,1,2,0,5,5,2,3,1,1,1,3,4,24,2.0
2019,231,1,Team,0.0,0.0,DYR,,Team,,0,0,0,0,0,0,0,4,1,5,0,0,0,0,0,0,0,5,
2019,231,1,Total,,,DYR,,Total,200:00,68,23,37,5,30,7,8,10,21,31,19,8,8,3,7,19,18,73,
2019,231,0,P009834   ,0.0,1.0,MUN,5,"BRAY, THOMAS",21:53,5,1,1,1,2,0,0,0,3,3,4,0,1,0,0,3,2,9,5.0
2019,231,0,PBOG      ,0.0,0.0,MUN,7,"KING, ALEX",DNP,0,0,0,0,0,0,0,0,0,0,0,0,0,0,0,0,0,0,0.0
2019,231,0,P009835   ,1.0,1.0,MUN,10,"MONROE, GREG",28:43,26,12,18,0,0,2,2,1,7,8,5,1,5,1,1,2,4,31,3.0
2019,231,0,P001288   ,1.0,0.0,MUN,11,"LUCIC, VLADIMIR",33:27,10,5,8,0,2,0,1,1,2,3,1,0,0,1,1,3,3,8,8.0
2019,231,0,P007032   ,1.0,1.0,MUN,12,"LO, MAODO",28:06,5,1,5,1,2,0,0,0,2,2,8,3,2,0,1,4,1,7,13.0
2019,231,0,P005056   ,1.0,1.0,MUN,16,"ZIPSER, PAUL",27:45,13,3,6,1,2,4,4,0,2,2,2,0,2,2,0,1,3,15,3.0
2019,231,0,P005670   ,0.0,0.0,MUN,21,"FLACCADORI, DIEGO",08:49,0,0,0,0,1,0,0,0,1,1,0,0,0,0,0,1,0,-1,-2.0
2019,231,0,P003490   ,1.0,1.0,MUN,22,"BARTHEL, DANILO",28:38,9,3,3,1,3,0,0,0,6,6,1,0,0,1,0,0,2,17,8.0
2019,231,0,P003842   ,0.0,0.0,MUN,26,"LESSORT, MATHIAS",10:15,7,3,3,0,0,1,2,1,0,1,0,0,1,0,0,3,3,6,0.0
2019,231,0,P004571   ,0.0,0.0,MUN,31,"SISKO, ZAN",DNP,0,0,0,0,0,0,0,0,0,0,0,0,0,0,0,0,0,0,0.0
2019,231,0,P009723   ,0.0,0.0,MUN,34,"HUESTIS, JOSHUA",12:24,2,0,0,0,0,2,2,0,3,3,0,0,1,2,0,1,1,6,7.0
2019,231,0,PLEM      ,0.0,0.0,MUN,43,"RADOSEVIC, LEON",DNP,0,0,0,0,0,0,0,0,0,0,0,0,0,0,0,0,0,0,0.0
2019,231,0,Team,0.0,0.0,MUN,,Team,,0,0,0,0,0,0,0,1,2,3,0,0,0,0,0,0,0,3,
2019,231,0,Total,,,MUN,,Total,200:00,77,28,44,4,12,9,11,4,28,32,21,4,12,7,3,18,19,101,
2019,232,1,P008855   ,1.0,1.0,ZAL,0,"WALKUP, THOMAS",32:46,18,5,7,2,3,2,2,1,1,2,5,0,3,0,0,3,2,18,4.0
2019,232,1,P002429   ,0.0,0.0,ZAL,1,"RIVERS, KC",21:26,0,0,0,0,1,0,0,0,1,1,2,1,0,0,0,1,1,3,5.0
2019,232,1,P003210   ,0.0,0.0,ZAL,4,"LEKAVICIUS, LUKAS",19:16,4,0,2,1,3,1,2,0,2,2,1,0,0,0,0,0,3,5,0.0
2019,232,1,P008962   ,0.0,1.0,ZAL,10,"HAYES, NIGEL",30:04,21,2,3,3,3,8,9,1,3,4,0,0,1,0,0,2,5,25,13.0
2019,232,1,PBWI      ,1.0,0.0,ZAL,13,"JANKUNAS, PAULIUS",13:43,8,2,4,1,2,1,1,1,0,1,3,1,1,0,0,2,2,9,-5.0
2019,232,1,P006158   ,0.0,0.0,ZAL,16,"LUKOSIUNAS, KAROLIS",00:16,0,0,0,0,0,0,0,0,0,0,0,0,0,0,0,1,0,-1,4.0
2019,232,1,PKPD      ,1.0,1.0,ZAL,21,"MILAKNIS, ARTURAS",26:10,3,0,0,1,3,0,0,1,3,4,2,2,0,0,0,2,0,7,5.0
2019,232,1,P009753   ,0.0,0.0,ZAL,23,"GEBEN, MARTINAS",00:16,0,0,0,0,0,0,0,0,0,0,0,0,0,0,0,0,0,0,4.0
2019,232,1,P007519   ,0.0,0.0,ZAL,31,"JOKUBAITIS, ROKAS",02:09,2,1,1,0,0,0,0,0,0,0,1,1,0,0,0,2,0,2,9.0
2019,232,1,P008987   ,0.0,1.0,ZAL,32,"LEDAY, ZACH",24:11,19,5,9,1,1,6,7,2,3,5,2,1,0,1,0,4,5,24,-6.0
2019,232,1,P008820   ,1.0,0.0,ZAL,34,"LANDALE, JOCK",20:33,14,4,4,1,4,3,4,2,0,2,1,0,1,0,0,2,2,12,10.0
2019,232,1,P002329   ,1.0,1.0,ZAL,92,"ULANOVAS, EDGARAS",34:10,16,6,11,0,0,4,5,0,6,6,6,0,2,0,1,0,6,25,-3.0
2019,232,1,Team,0.0,0.0,ZAL,,Team,,0,0,0,0,0,0,0,2,3,5,0,0,1,0,0,0,0,4,
2019,232,1,Total,,,ZAL,,Total,225:00,105,25,41,10,20,25,30,10,22,32,23,6,9,1,1,19,26,133,
2019,232,0,P005884   ,0.0,0.0,MIL,0,"DELLA VALLE, AMEDEO",DNP,0,0,0,0,0,0,0,0,0,0,0,0,0,0,0,0,0,0,0.0
2019,232,0,P000529   ,1.0,1.0,MIL,5,"MICOV, VLADIMIR",34:49,18,2,5,4,8,2,2,3,4,7,2,1,1,0,0,2,3,21,6.0
2019,232,0,P009903   ,0.0,1.0,MIL,6,"BILIGHA, PAUL",12:04,2,1,1,0,0,0,0,0,2,2,0,0,0,0,0,1,0,3,-18.0
2019,232,0,P000726   ,1.0,0.0,MIL,9,"MORASCHINI, RICCARDO",17:18,5,1,1,1,2,0,0,0,1,1,1,1,0,0,0,3,0,4,-14.0
2019,232,0,P004974   ,1.0,1.0,MIL,10,"ROLL, MICHAEL",21:42,7,2,2,0,1,3,4,1,1,2,2,0,0,0,0,1,1,9,5.0
2019,232,0,PCVM      ,1.0,0.0,MIL,13,"RODRIGUEZ, SERGIO",34:32,18,3,5,4,10,0,0,0,3,3,8,3,3,0,0,3,3,21,7.0
2019,232,0,P008004   ,1.0,0.0,MIL,15,"TARCZEWSKI, KALEB",31:18,18,6,7,0,0,6,8,1,2,3,1,0,1,1,0,5,6,20,13.0
2019,232,0,P000848   ,0.0,0.0,MIL,16,"NEDOVIC, NEMANJA",09:52,3,0,2,0,1,3,4,0,0,0,1,0,1,0,0,1,5,3,-12.0
2019,232,0,P010254   ,0.0,1.0,MIL,22,"CRAWFORD, DREW",24:48,13,2,4,3,4,0,0,1,2,3,2,0,1,0,1,4,0,9,5.0
2019,232,0,P010093   ,0.0,1.0,MIL,28,"SYKES, KEIFER",21:38,11,1,3,3,7,0,0,0,0,0,5,0,0,0,0,4,0,6,-16.0
2019,232,0,P004117   ,0.0,0.0,MIL,32,"BROOKS, JEFF",11:16,2,1,2,0,0,0,0,1,2,3,1,0,0,0,0,0,1,6,-5.0
2019,232,0,PAJG      ,0.0,0.0,MIL,40,"SCOLA, LUIS",05:43,0,0,0,0,0,0,0,0,0,0,0,0,2,0,0,2,0,-4,-11.0
2019,232,0,Team,0.0,0.0,MIL,,Team,,0,0,0,0,0,0,0,2,0,2,0,0,1,0,0,0,0,1,
2019,232,0,Total,,,MIL,,Total,225:00,97,19,32,15,33,14,18,9,17,26,23,5,10,1,1,26,19,99,
2019,233,1,P006533   ,1.0,0.0,PAM,1,"COLOM, QUINO",24:58,7,1,2,1,2,2,2,0,0,0,5,1,2,0,0,2,4,11,-3.0
2019,233,1,P004761   ,1.0,1.0,PAM,2,"MARINKOVIC, VANJA",26:45,22,3,4,5,7,1,2,1,1,2,2,0,1,0,0,3,5,23,-11.0
2019,233,1,P006726   ,0.0,1.0,PAM,5,"NDOUR, MAURICE",05:18,5,0,0,1,1,2,2,0,1,1,0,0,0,0,0,2,1,5,-1.0
2019,233,1,P003733   ,0.0,1.0,PAM,6,"ABALDE, ALBERTO",22:55,4,2,5,0,3,0,0,1,2,3,3,0,0,0,0,0,1,5,-9.0
2019,233,1,P004884   ,1.0,0.0,PAM,7,"LABEYRIE, LOUIS",21:12,5,0,0,1,1,2,2,0,2,2,2,4,0,0,0,1,1,13,-7.0
2019,233,1,P008966   ,0.0,0.0,PAM,10,"TOBEY, MIKE",16:05,9,3,6,1,1,0,0,2,4,6,1,0,2,0,0,1,0,10,-6.0
2019,233,1,P006599   ,0.0,0.0,PAM,12,"MOTUM, BROCK",13:36,3,0,0,1,1,0,0,0,0,0,1,0,0,0,0,1,0,3,-2.0
2019,233,1,P002742   ,1.0,1.0,PAM,14,"DUBLJEVIC, BOJAN",23:49,15,4,4,1,2,4,4,1,1,2,3,1,2,0,0,0,4,22,2.0
2019,233,1,P000518   ,0.0,0.0,PAM,19,"SAN EMETERIO, FERNANDO",14:01,3,1,2,0,2,1,1,0,0,0,2,0,2,0,0,2,2,0,-3.0
2019,233,1,P002936   ,0.0,1.0,PAM,30,"SASTRE, JOAN",12:57,11,0,1,3,4,2,4,0,2,2,2,1,0,0,0,1,3,14,8.0
2019,233,1,P002763   ,1.0,0.0,PAM,42,"DOORNEKAMP, AARON",18:24,2,0,1,0,7,2,2,1,1,2,0,0,0,0,0,1,1,-4,-3.0
2019,233,1,P009101   ,0.0,0.0,PAM,45,"FERRANDO, GUILLEM",DNP,0,0,0,0,0,0,0,0,0,0,0,0,0,0,0,0,0,0,0.0
2019,233,1,Team,0.0,0.0,PAM,,Team,,0,0,0,0,0,0,0,1,1,2,0,0,0,0,0,0,0,2,
2019,233,1,Total,,,PAM,,Total,200:00,86,14,25,14,31,16,19,7,15,22,21,7,9,0,0,14,22,104,
2019,233,0,P007400   ,1.0,0.0,ULK,2,"NUNNALLY, JAMES",24:08,9,2,2,1,3,2,2,0,3,3,4,1,1,0,0,1,2,15,1.0
2019,233,0,P002543   ,1.0,0.0,ULK,9,"WESTERMANN, LEO",09:32,2,1,1,0,1,0,0,0,1,1,3,0,2,0,0,3,0,0,-1.0
2019,233,0,P002969   ,0.0,0.0,ULK,10,"MAHMUTOGLU, MELIH",DNP,0,0,0,0,0,0,0,0,0,0,0,0,0,0,0,0,0,0,0.0
2019,233,0,P004866   ,0.0,1.0,ULK,12,"KALINIC, NIKOLA",13:15,2,1,1,0,0,0,0,0,1,1,1,0,1,0,0,3,0,0,3.0
2019,233,0,P001926   ,0.0,1.0,ULK,16,"SLOUKAS, KOSTAS",12:22,13,1,1,3,5,2,2,0,1,1,1,1,2,0,0,3,2,11,-6.0
2019,233,0,P002100   ,0.0,0.0,ULK,19,"DE COLO, NANDO",20:12,10,4,4,0,0,2,2,0,2,2,5,0,3,0,0,1,3,16,7.0
2019,233,0,P009006   ,0.0,1.0,ULK,21,"WILLIAMS, DERRICK",24:09,22,4,4,4,6,2,2,0,1,1,1,0,0,0,0,0,2,24,6.0
2019,233,0,P004251   ,1.0,1.0,ULK,23,"THOMAS, MALCOLM",21:56,4,2,2,0,0,0,0,1,4,5,2,2,0,0,0,3,0,10,1.0
2019,233,0,P000925   ,0.0,1.0,ULK,24,"VESELY, JAN",18:14,4,2,4,0,0,0,0,1,1,2,1,3,0,0,0,2,3,9,6.0
2019,233,0,P001324   ,0.0,0.0,ULK,35,"MUHAMMED, ALI",18:57,9,0,1,3,5,0,0,0,2,2,2,0,0,0,0,2,1,9,11.0
2019,233,0,PCCD      ,1.0,0.0,ULK,70,"DATOME, LUIGI",21:24,13,2,4,3,5,0,0,0,1,1,3,1,2,0,0,3,0,9,6.0
2019,233,0,P004194   ,1.0,0.0,ULK,77,"LAUVERGNE, JOFFREY",15:51,5,2,4,0,0,1,2,1,2,3,1,0,1,0,0,1,1,5,1.0
2019,233,0,Team,0.0,0.0,ULK,,Team,,0,0,0,0,0,0,0,0,2,2,0,0,1,0,0,0,0,1,
2019,233,0,Total,,,ULK,,Total,200:00,93,21,28,14,25,9,10,3,21,24,24,8,13,0,0,22,14,109,
2019,234,1,PBMT      ,0.0,0.0,MAD,5,"FERNANDEZ, RUDY",20:07,11,0,2,3,8,2,2,0,1,1,1,0,0,0,0,1,2,7,9.0
2019,234,1,P005928   ,1.0,0.0,MAD,7,"CAMPAZZO, FACUNDO",27:45,14,0,0,4,6,2,2,0,3,3,10,3,2,0,0,2,2,26,21.0
2019,234,1,P006435   ,0.0,1.0,MAD,8,"LAPROVITTOLA, NICOLAS",19:16,10,3,3,0,5,4,4,3,1,4,6,1,1,0,0,2,2,15,8.0
2019,234,1,PAAX      ,0.0,0.0,MAD,9,"REYES, FELIPE",07:30,4,0,0,0,0,4,4,0,0,0,1,0,0,0,0,3,3,5,4.0
2019,234,1,P009005   ,1.0,1.0,MAD,14,"DECK, GABRIEL",25:27,13,5,10,0,3,3,4,0,4,4,2,2,0,0,2,1,2,11,5.0
2019,234,1,P007630   ,1.0,1.0,MAD,16,"GARUBA, USMAN",15:03,4,2,2,0,1,0,2,2,0,2,0,1,1,0,1,4,2,0,3.0
2019,234,1,P007632   ,0.0,1.0,MAD,17,"NAKIC, MARIO",01:36,0,0,1,0,0,0,0,0,1,1,0,0,1,0,1,0,0,-2,-1.0
2019,234,1,P001960   ,1.0,0.0,MAD,20,"CARROLL, JAYCEE",21:15,12,3,5,2,6,0,0,0,1,1,1,1,0,1,0,3,1,8,7.0
2019,234,1,P005791   ,1.0,0.0,MAD,22,"TAVARES, WALTER",28:49,15,5,5,0,0,5,8,1,9,10,1,0,0,1,0,0,6,30,9.0
2019,234,1,P008847   ,0.0,0.0,MAD,25,"MICKEY, JORDAN",02:34,0,0,1,0,0,0,0,0,0,0,0,0,0,0,0,1,0,-2,-1.0
2019,234,1,P005836   ,0.0,0.0,MAD,33,"THOMPKINS, TREY",22:01,11,3,5,1,2,2,2,1,3,4,2,0,0,0,0,0,2,16,16.0
2019,234,1,P005196   ,0.0,1.0,MAD,50,"MEJRI, SALAH",08:37,2,0,0,0,0,2,2,0,1,1,0,0,0,0,0,2,2,3,10.0
2019,234,1,Team,0.0,0.0,MAD,,Team,,0,0,0,0,0,0,0,3,3,6,0,0,0,0,0,0,0,6,
2019,234,1,Total,,,MAD,,Total,200:00,96,21,34,10,31,24,30,10,27,37,24,8,5,2,4,19,24,123,
2019,234,0,P005094   ,1.0,0.0,PAN,0,"THOMAS, DESHAUN",32:35,11,4,4,1,6,0,1,1,3,4,1,1,0,2,0,2,4,15,-18.0
2019,234,0,P003367   ,0.0,0.0,PAN,5,"RICE, TYRESE",18:20,7,0,4,2,3,1,2,0,2,2,3,0,2,0,0,1,4,7,-9.0
2019,234,0,P005844   ,1.0,0.0,PAN,6,"PAPAGIANNIS, GEORGIOS",13:00,6,2,6,0,0,2,2,2,2,4,0,0,2,1,0,2,1,4,1.0
2019,234,0,P010150   ,0.0,0.0,PAN,8,"RAUTINS, ANDY",06:26,6,0,0,2,2,0,0,0,0,0,0,0,0,0,0,5,0,1,3.0
2019,234,0,P005161   ,1.0,0.0,PAN,10,"PAPAPETROU, IOANNIS",30:21,11,4,4,1,2,0,0,0,6,6,0,0,1,0,0,3,1,13,-15.0
2019,234,0,P000464   ,0.0,0.0,PAN,11,"PAPPAS, NIKOS",DNP,0,0,0,0,0,0,0,0,0,0,0,0,0,0,0,0,0,0,0.0
2019,234,0,PTFX      ,0.0,1.0,PAN,15,"VOUGIOUKAS, IAN",14:28,7,3,5,0,0,1,2,0,3,3,1,0,0,0,0,3,1,6,-13.0
2019,234,0,P009816   ,0.0,1.0,PAN,24,"JOHNSON, WESLEY",09:39,4,1,1,0,1,2,2,0,0,0,0,0,1,1,0,1,1,3,-3.0
2019,234,0,P009842   ,1.0,1.0,PAN,32,"FREDETTE, JIMMER",24:11,11,2,3,1,4,4,4,0,1,1,2,0,3,0,1,0,3,9,-14.0
2019,234,0,P001932   ,1.0,1.0,PAN,33,"CALATHES, NICK",31:03,13,1,7,3,4,2,2,0,4,4,6,0,3,0,1,1,3,14,-18.0
2019,234,0,P007866   ,0.0,0.0,PAN,44,"MITOGLOU, KONSTANTINOS",12:32,0,0,0,0,2,0,0,0,0,0,1,0,0,0,0,2,0,-3,-4.0
2019,234,0,P009818   ,0.0,1.0,PAN,50,"BENTIL, BENJAMIN",07:25,2,0,0,0,0,2,2,1,1,2,0,0,0,0,0,4,1,1,0.0
2019,234,0,Team,0.0,0.0,PAN,,Team,,0,0,0,0,0,0,0,0,2,2,0,0,0,0,0,0,0,2,
2019,234,0,Total,,,PAN,,Total,200:00,78,17,34,10,24,14,17,4,24,28,14,1,12,4,2,24,19,72,
2019,235,1,P009035   ,0.0,0.0,CSK,3,"BOLOMBOY, JOEL",16:51,4,2,5,0,2,0,0,3,2,5,0,1,0,0,1,1,2,5,-7.0
2019,235,1,P005985   ,1.0,0.0,CSK,5,"JAMES, MIKE",30:12,27,4,9,4,6,7,7,0,2,2,5,0,4,0,0,1,4,26,5.0
2019,235,1,P008995   ,0.0,0.0,CSK,7,"UKHOV, IVAN",DNP,0,0,0,0,0,0,0,0,0,0,0,0,0,0,0,0,0,0,0.0
2019,235,1,P004941   ,0.0,0.0,CSK,11,"ANTONOV, SEMEN",06:44,2,1,1,0,0,0,0,1,1,2,0,0,0,0,0,1,0,3,9.0
2019,235,1,P000046   ,0.0,1.0,CSK,13,"STRELNIEKS, JANIS",21:15,8,0,1,2,5,2,2,0,4,4,3,1,2,0,0,3,4,11,4.0
2019,235,1,P007201   ,1.0,1.0,CSK,17,"VOIGTMANN, JOHANNES",30:26,13,2,3,3,7,0,0,1,5,6,0,2,4,1,0,2,1,12,3.0
2019,235,1,P007869   ,0.0,1.0,CSK,26,"SANT-ROOS, HOWARD",12:06,0,0,0,0,0,0,0,0,1,1,1,0,1,0,0,0,0,1,2.0
2019,235,1,P009766   ,0.0,0.0,CSK,31,"KOUFOS, KOSTA",07:32,5,1,4,0,0,3,6,1,0,1,0,1,0,1,0,2,3,3,1.0
2019,235,1,P008989   ,1.0,0.0,CSK,32,"HILLIARD, DARRUN",25:36,11,1,3,3,4,0,0,0,2,2,1,0,2,0,0,3,2,8,7.0
2019,235,1,PJLX      ,1.0,1.0,CSK,41,"KURBANOV, NIKITA",26:25,6,2,4,0,1,2,3,0,3,3,1,0,1,1,1,2,2,5,17.0
2019,235,1,P002812   ,1.0,1.0,CSK,42,"HINES, KYLE",21:50,10,2,4,0,0,6,8,3,1,4,1,2,0,1,0,2,5,17,3.0
2019,235,1,P009767   ,0.0,0.0,CSK,84,"BAKER, RON",01:03,0,0,0,0,0,0,0,0,0,0,0,0,0,0,0,0,0,0,-4.0
2019,235,1,Team,0.0,0.0,CSK,,Team,,0,0,0,0,0,0,0,1,3,4,0,0,1,0,0,0,0,3,
2019,235,1,Total,,,CSK,,Total,200:00,86,15,34,12,25,20,26,10,24,34,12,7,15,4,2,17,23,94,
2019,235,0,P005154   ,0.0,0.0,DYR,4,"IVERSON, COLTON",15:24,8,4,6,0,0,0,0,0,4,4,2,0,3,0,0,4,1,6,-2.0
2019,235,0,P003425   ,0.0,0.0,DYR,6,"ALBICY, ANDREW",DNP,0,0,0,0,0,0,0,0,0,0,0,0,0,0,0,0,0,0,0.0
2019,235,0,PJAN      ,0.0,0.0,DYR,7,"PONKRASHOV, ANTON",DNP,0,0,0,0,0,0,0,0,0,0,0,0,0,0,0,0,0,0,0.0
2019,235,0,P009917   ,1.0,1.0,DYR,9,"HOLLINS, AUSTIN",26:08,28,7,10,4,6,2,2,0,3,3,2,1,1,0,1,4,1,24,12.0
2019,235,0,P005856   ,1.0,1.0,DYR,10,"THOMAS, WILL",30:43,7,2,6,1,2,0,0,0,2,2,3,0,0,0,2,1,1,5,-2.0
2019,235,0,P005945   ,0.0,1.0,DYR,12,"RENFROE, ALEX",15:52,3,0,3,1,3,0,0,0,2,2,4,1,0,0,0,1,2,6,-1.0
2019,235,0,PLKY      ,1.0,1.0,DYR,13,"KHVOSTOV, DMITRY",26:12,8,1,2,2,5,0,0,0,0,0,4,0,3,0,0,3,4,6,-7.0
2019,235,0,P001389   ,0.0,0.0,DYR,18,"VORONOV, EVGENY",11:50,3,1,2,0,1,1,2,0,0,0,0,0,0,1,0,4,1,-2,-16.0
2019,235,0,P003573   ,0.0,0.0,DYR,20,"ZUBKOV, ANDREY",09:35,3,1,1,0,1,1,1,0,1,1,1,1,1,0,0,1,1,4,-12.0
2019,235,0,P005199   ,0.0,1.0,DYR,21,"ABROMAITIS, TIM",26:01,13,1,1,2,4,5,5,1,3,4,1,2,1,0,0,2,3,18,-2.0
2019,235,0,P004172   ,1.0,0.0,DYR,25,"PONITKA, MATEUSZ",14:17,1,0,3,0,0,1,2,2,2,4,0,0,2,0,1,1,2,-1,-12.0
2019,235,0,P005927   ,1.0,0.0,DYR,34,"AYON, GUSTAVO",23:58,4,2,7,0,0,0,1,5,3,8,2,4,4,1,0,2,1,8,2.0
2019,235,0,Team,0.0,0.0,DYR,,Team,,0,0,0,0,0,0,0,2,2,4,0,0,2,0,0,0,0,2,
2019,235,0,Total,,,DYR,,Total,200:00,78,19,41,10,22,10,13,10,22,32,19,9,17,2,4,23,17,76,
2019,236,1,P008855   ,1.0,1.0,ZAL,0,"WALKUP, THOMAS",23:02,4,2,3,0,4,0,0,1,2,3,7,1,1,0,0,4,1,6,-2.0
2019,236,1,P002429   ,0.0,1.0,ZAL,1,"RIVERS, KC",19:59,15,0,1,5,8,0,0,0,0,0,1,1,0,0,0,2,0,11,9.0
2019,236,1,P003210   ,0.0,0.0,ZAL,4,"LEKAVICIUS, LUKAS",17:22,14,6,6,0,1,2,2,0,1,1,4,0,1,0,0,2,5,20,15.0
2019,236,1,P008962   ,0.0,1.0,ZAL,10,"HAYES, NIGEL",21:48,8,1,2,2,2,0,0,2,3,5,3,0,1,1,0,1,1,15,6.0
2019,236,1,PBWI      ,1.0,0.0,ZAL,13,"JANKUNAS, PAULIUS",18:02,4,2,3,0,0,0,0,0,5,5,2,0,1,1,0,0,2,12,1.0
2019,236,1,P006158   ,0.0,0.0,ZAL,16,"LUKOSIUNAS, KAROLIS",DNP,0,0,0,0,0,0,0,0,0,0,0,0,0,0,0,0,0,0,0.0
2019,236,1,PKPD      ,1.0,0.0,ZAL,21,"MILAKNIS, ARTURAS",26:51,12,1,1,3,6,1,1,0,1,1,1,2,2,0,0,1,0,10,-2.0
2019,236,1,P009753   ,0.0,0.0,ZAL,23,"GEBEN, MARTINAS",00:02,0,0,0,0,0,0,0,0,0,0,0,0,0,0,0,0,0,0,2.0
2019,236,1,P007519   ,0.0,0.0,ZAL,31,"JOKUBAITIS, ROKAS",DNP,0,0,0,0,0,0,0,0,0,0,0,0,0,0,0,0,0,0,0.0
2019,236,1,P008987   ,0.0,1.0,ZAL,32,"LEDAY, ZACH",26:00,23,7,10,2,3,3,5,0,5,5,3,1,3,0,1,3,7,26,-9.0
2019,236,1,P008820   ,1.0,0.0,ZAL,34,"LANDALE, JOCK",14:00,6,2,3,0,0,2,2,0,1,1,2,1,0,0,0,4,2,7,20.0
2019,236,1,P002329   ,1.0,1.0,ZAL,92,"ULANOVAS, EDGARAS",32:54,10,2,3,2,4,0,0,0,3,3,6,0,0,0,0,3,3,16,15.0
2019,236,1,Team,0.0,0.0,ZAL,,Team,,0,0,0,0,0,0,0,0,2,2,0,0,0,0,0,0,0,2,
2019,236,1,Total,,,ZAL,,Total,200:00,96,23,32,14,28,8,10,3,23,26,29,6,9,2,1,20,21,125,
2019,236,0,P008003   ,0.0,0.0,KHI,0,"ROBINSON, THOMAS",08:38,4,2,2,0,0,0,1,2,2,4,0,0,1,0,0,3,3,6,11.0
2019,236,0,PKVZ      ,1.0,1.0,KHI,1,"SHVED, ALEXEY",33:26,24,5,8,3,9,5,6,0,2,2,4,1,5,0,0,3,6,19,-15.0
2019,236,0,P004810   ,0.0,0.0,KHI,3,"KRAMER, CHRIS",15:03,2,1,1,0,1,0,2,0,0,0,3,0,0,0,0,2,1,1,-4.0
2019,236,0,P007056   ,1.0,1.0,KHI,5,"BOOKER, DEVIN",25:32,8,3,4,0,2,2,2,2,1,3,2,0,1,0,0,3,4,10,-12.0
2019,236,0,P005718   ,1.0,1.0,KHI,6,"TIMMA, JANIS",38:55,20,4,6,4,6,0,2,1,4,5,4,2,2,0,1,2,3,23,-10.0
2019,236,0,P004302   ,0.0,0.0,KHI,7,"KARASEV, SERGEY",DNP,0,0,0,0,0,0,0,0,0,0,0,0,0,0,0,0,0,0,0.0
2019,236,0,P001792   ,0.0,0.0,KHI,8,"ZAYTSEV, VYACHESLAV",DNP,0,0,0,0,0,0,0,0,0,0,0,0,0,0,0,0,0,0,0.0
2019,236,0,PBGV      ,0.0,0.0,KHI,9,"VIALTSEV, EGOR",DNP,0,0,0,0,0,0,0,0,0,0,0,0,0,0,0,0,0,0,0.0
2019,236,0,P009748   ,1.0,1.0,KHI,11,"JEREBKO, JONAS",30:01,17,6,8,1,2,2,4,1,9,10,3,2,2,0,0,2,2,25,-17.0
2019,236,0,P008001   ,0.0,0.0,KHI,13,"GILL, ANTHONY",15:49,0,0,3,0,1,0,0,2,1,3,1,1,1,1,1,3,0,-3,-4.0
2019,236,0,P004863   ,1.0,1.0,KHI,24,"JOVIC, STEFAN",28:27,10,2,3,2,2,0,2,0,1,1,7,0,1,0,0,3,1,12,-9.0
2019,236,0,P000436   ,0.0,0.0,KHI,45,"BERTANS, DAIRIS",04:09,0,0,0,0,1,0,0,0,0,0,0,0,1,0,0,1,0,-3,5.0
2019,236,0,Team,0.0,0.0,KHI,,Team,,0,0,0,0,0,0,0,2,0,2,0,0,0,0,0,0,0,2,
2019,236,0,Total,,,KHI,,Total,200:00,85,23,35,10,24,9,19,10,20,30,24,6,14,1,2,22,20,92,
2019,237,1,P002972   ,0.0,1.0,OLY,1,"ROCHESTIE, TAYLOR",20:32,11,1,2,3,3,0,0,0,2,2,1,0,4,0,0,2,1,8,12.0
2019,237,1,P009863   ,1.0,0.0,OLY,2,"BALDWIN IV, WADE",13:38,2,1,3,0,0,0,0,0,3,3,1,0,1,0,0,0,0,3,-2.0
2019,237,1,P004945   ,0.0,0.0,OLY,3,"PAUL, BRANDON",15:30,6,1,1,0,3,4,4,0,1,1,1,1,2,0,0,0,5,9,-2.0
2019,237,1,P005255   ,0.0,1.0,OLY,6,"KONIARIS, ANTONIOS",07:21,0,0,0,0,0,0,0,0,0,0,1,0,0,0,0,3,2,0,-7.0
2019,237,1,P005859   ,0.0,0.0,OLY,8,"BUYCKS, DWIGHT",04:47,0,0,0,0,0,0,0,0,0,0,0,2,2,0,0,2,0,-2,-4.0
2019,237,1,P003469   ,0.0,0.0,OLY,14,"VEZENKOV, SASHA",17:22,10,2,3,2,3,0,0,0,2,2,0,0,0,0,0,1,1,10,-10.0
2019,237,1,PAMM      ,1.0,0.0,OLY,15,"PRINTEZIS, GEORGIOS",21:45,8,4,7,0,0,0,0,1,1,2,2,0,0,0,0,2,2,9,12.0
2019,237,1,P001255   ,1.0,1.0,OLY,16,"PAPANIKOLAOU, KOSTAS",24:30,12,1,2,2,4,4,6,1,5,6,2,0,2,0,0,3,4,14,5.0
2019,237,1,P008232   ,0.0,0.0,OLY,20,"POKUSEVSKI, ALEKSEJ",DNP,0,0,0,0,0,0,0,0,0,0,0,0,0,0,0,0,0,0,0.0
2019,237,1,P006477   ,0.0,1.0,OLY,21,"RUBIT, AUGUSTINE",18:24,4,1,3,0,1,2,2,0,1,1,2,1,2,0,0,1,1,3,0.0
2019,237,1,P009580   ,1.0,1.0,OLY,32,"ELLIS, OCTAVIUS",22:14,6,3,6,0,0,0,0,2,8,10,1,1,2,0,0,3,3,13,2.0
2019,237,1,P007853   ,1.0,0.0,OLY,77,"MCKISSIC, SHAQUIELLE",33:57,22,8,11,2,7,0,1,0,3,3,1,1,2,2,0,4,1,15,9.0
2019,237,1,Team,0.0,0.0,OLY,,Team,,0,0,0,0,0,0,0,3,1,4,0,0,0,0,0,0,0,4,
2019,237,1,Total,,,OLY,,Total,200:00,81,22,38,9,21,10,13,7,27,34,12,6,17,2,0,21,20,86,
2019,237,0,P005094   ,1.0,1.0,PAN,0,"THOMAS, DESHAUN",27:27,8,3,7,0,2,2,2,1,5,6,0,0,1,0,0,2,1,6,-9.0
2019,237,0,P003367   ,0.0,1.0,PAN,5,"RICE, TYRESE",26:00,12,3,7,0,9,6,6,0,1,1,5,2,4,0,1,2,5,5,4.0
2019,237,0,P005844   ,1.0,0.0,PAN,6,"PAPAGIANNIS, GEORGIOS",16:22,10,4,7,0,0,2,2,4,2,6,0,2,1,0,0,1,1,14,5.0
2019,237,0,P010150   ,1.0,0.0,PAN,8,"RAUTINS, ANDY",11:09,0,0,0,0,2,0,0,0,0,0,0,1,0,0,0,1,0,-2,-2.0
2019,237,0,P005161   ,1.0,1.0,PAN,10,"PAPAPETROU, IOANNIS",20:44,10,4,5,0,1,2,4,1,2,3,0,0,0,0,0,3,2,8,-1.0
2019,237,0,PTFX      ,0.0,0.0,PAN,15,"VOUGIOUKAS, IAN",DNP,0,0,0,0,0,0,0,0,0,0,0,0,0,0,0,0,0,0,0.0
2019,237,0,P009816   ,0.0,1.0,PAN,24,"JOHNSON, WESLEY",19:25,0,0,0,0,1,0,0,1,1,2,2,2,2,0,0,3,1,1,-3.0
2019,237,0,P009842   ,0.0,0.0,PAN,32,"FREDETTE, JIMMER",09:23,2,0,1,0,1,2,3,0,2,2,0,1,1,0,0,0,3,4,5.0
2019,237,0,P001932   ,1.0,1.0,PAN,33,"CALATHES, NICK",33:28,18,6,10,1,4,3,4,0,6,6,5,3,2,0,0,3,3,22,-13.0
2019,237,0,P009472   ,0.0,0.0,PAN,35,"WILEY, JACOB",DNP,0,0,0,0,0,0,0,0,0,0,0,0,0,0,0,0,0,0,0.0
2019,237,0,P007866   ,0.0,0.0,PAN,44,"MITOGLOU, KONSTANTINOS",23:29,11,5,7,0,0,1,1,2,1,3,2,2,2,0,1,5,3,11,-7.0
2019,237,0,P009818   ,0.0,0.0,PAN,50,"BENTIL, BENJAMIN",12:33,7,2,2,0,0,3,3,2,2,4,0,0,0,0,0,0,2,13,6.0
2019,237,0,Team,0.0,0.0,PAN,,Team,,0,0,0,0,0,0,0,2,0,2,0,0,0,0,0,0,0,2,
2019,237,0,Total,,,PAN,,Total,200:00,78,27,46,1,20,21,25,13,22,35,14,13,13,0,2,20,21,84,
2019,238,1,P005884   ,0.0,0.0,MIL,0,"DELLA VALLE, AMEDEO",09:37,5,0,1,1,2,2,2,0,1,1,0,0,0,0,0,0,2,6,10.0
2019,238,1,P000529   ,1.0,1.0,MIL,5,"MICOV, VLADIMIR",30:46,13,4,9,1,4,2,2,1,5,6,3,2,0,1,1,1,1,16,8.0
2019,238,1,P003120   ,0.0,1.0,MIL,7,"GUDAITIS, ARTURAS",18:59,9,4,7,0,0,1,3,3,2,5,1,0,3,2,1,2,4,10,5.0
2019,238,1,P000726   ,1.0,1.0,MIL,9,"MORASCHINI, RICCARDO",34:39,21,1,4,4,6,7,8,0,6,6,2,4,5,0,1,2,5,24,-7.0
2019,238,1,P004974   ,1.0,0.0,MIL,10,"ROLL, MICHAEL",15:27,5,1,3,1,3,0,0,0,2,2,1,0,0,1,0,2,2,5,1.0
2019,238,1,PCVM      ,0.0,1.0,MIL,13,"RODRIGUEZ, SERGIO",10:51,5,1,2,1,2,0,0,0,1,1,0,0,1,0,0,1,1,3,-13.0
2019,238,1,P008004   ,1.0,0.0,MIL,15,"TARCZEWSKI, KALEB",21:01,2,1,2,0,0,0,0,0,4,4,0,1,0,0,1,3,1,3,-10.0
2019,238,1,P000848   ,0.0,0.0,MIL,16,"NEDOVIC, NEMANJA",12:39,3,0,1,0,1,3,3,0,1,1,0,0,2,0,0,0,1,1,-7.0
2019,238,1,P010254   ,0.0,0.0,MIL,22,"CRAWFORD, DREW",02:38,0,0,0,0,0,0,0,0,0,0,0,0,1,0,0,2,0,-3,2.0
2019,238,1,P010093   ,1.0,1.0,MIL,28,"SYKES, KEIFER",33:01,10,2,3,2,5,0,0,0,0,0,1,1,0,0,1,3,3,7,7.0
2019,238,1,P004117   ,0.0,0.0,MIL,32,"BROOKS, JEFF",DNP,0,0,0,0,0,0,0,0,0,0,0,0,0,0,0,0,0,0,0.0
2019,238,1,PAJG      ,0.0,0.0,MIL,40,"SCOLA, LUIS",10:22,0,0,2,0,1,0,0,0,1,1,0,1,1,1,0,2,0,-3,-21.0
2019,238,1,Team,0.0,0.0,MIL,,Team,,0,0,0,0,0,0,0,1,3,4,0,0,0,0,0,0,0,4,
2019,238,1,Total,,,MIL,,Total,200:00,73,14,34,10,24,15,18,5,26,31,8,9,13,5,5,18,20,73,
2019,238,0,PBMT      ,0.0,1.0,MAD,5,"FERNANDEZ, RUDY",21:09,16,0,1,4,9,4,4,0,0,0,4,2,1,0,0,1,4,18,18.0
2019,238,0,P005928   ,1.0,1.0,MAD,7,"CAMPAZZO, FACUNDO",15:18,8,2,4,0,3,4,6,1,2,3,1,0,3,0,1,3,5,3,-19.0
2019,238,0,P006435   ,0.0,1.0,MAD,8,"LAPROVITTOLA, NICOLAS",25:07,13,5,9,1,4,0,0,0,3,3,6,1,6,0,1,2,2,9,26.0
2019,238,0,PAAX      ,0.0,0.0,MAD,9,"REYES, FELIPE",07:09,4,2,4,0,0,0,0,3,0,3,1,0,0,0,1,2,1,4,10.0
2019,238,0,P007630   ,1.0,0.0,MAD,16,"GARUBA, USMAN",19:22,4,2,4,0,1,0,0,2,4,6,1,2,1,0,0,2,1,8,-7.0
2019,238,0,P007632   ,0.0,0.0,MAD,17,"NAKIC, MARIO",DNP,0,0,0,0,0,0,0,0,0,0,0,0,0,0,0,0,0,0,0.0
2019,238,0,P001960   ,1.0,1.0,MAD,20,"CARROLL, JAYCEE",21:06,2,1,6,0,4,0,0,1,0,1,1,1,0,0,1,3,0,-8,-9.0
2019,238,0,P005791   ,1.0,0.0,MAD,22,"TAVARES, WALTER",29:29,13,6,7,0,0,1,2,5,7,12,2,0,0,4,0,1,1,29,-4.0
2019,238,0,P005836   ,1.0,1.0,MAD,33,"THOMPKINS, TREY",29:20,13,2,5,3,5,0,1,0,6,6,1,2,1,0,0,4,4,15,2.0
2019,238,0,P006546   ,0.0,0.0,MAD,44,"TAYLOR, JEFFERY",28:39,5,1,1,1,4,0,0,2,2,4,1,0,1,1,1,1,0,5,14.0
2019,238,0,P005196   ,0.0,0.0,MAD,50,"MEJRI, SALAH",03:21,0,0,0,0,0,0,0,0,0,0,0,0,0,0,0,1,0,-1,-6.0
2019,238,0,Team,0.0,0.0,MAD,,Team,,0,0,0,0,0,0,0,3,4,7,0,0,1,0,0,0,0,6,
2019,238,0,Total,,,MAD,,Total,200:00,78,21,41,9,30,9,13,17,28,45,18,8,14,5,5,20,18,88,
2019,239,1,P005247   ,1.0,1.0,ASV,2,"TAYLOR, JORDAN",12:39,10,2,4,0,2,6,8,0,1,1,5,3,1,0,1,2,9,18,9.0
2019,239,1,P009733   ,1.0,1.0,ASV,3,"JEKIRI, TONYE",24:30,5,2,5,0,0,1,2,3,4,7,1,2,0,1,0,3,1,10,19.0
2019,239,1,PKIR      ,1.0,1.0,ASV,5,"KAHUDI, CHARLES",14:46,2,1,1,0,1,0,0,0,3,3,1,0,0,0,0,2,0,3,-1.0
2019,239,1,P007027   ,0.0,0.0,ASV,6,"MALEDON, THEO",12:06,9,2,3,1,1,2,2,0,0,0,4,0,1,0,0,2,2,11,8.0
2019,239,1,P010355   ,0.0,0.0,ASV,7,"BERRY, DAVION",16:35,3,0,0,1,2,0,0,0,1,1,0,0,0,0,0,3,0,0,-11.0
2019,239,1,P005553   ,1.0,1.0,ASV,9,"LOMAZS, RIHARDS",20:16,7,1,2,1,2,2,2,0,1,1,2,1,1,0,2,2,1,5,19.0
2019,239,1,P008851   ,0.0,0.0,ASV,11,"GALLIOU, CHARLES",00:15,0,0,0,0,0,0,0,0,0,0,0,0,0,0,0,0,0,0,-2.0
2019,239,1,P006068   ,0.0,0.0,ASV,12,"NOUA, AMINE",08:43,2,1,2,0,0,0,0,0,2,2,0,0,1,0,0,2,1,1,-12.0
2019,239,1,P002536   ,1.0,0.0,ASV,17,"JEAN-CHARLES, LIVIO",27:04,3,1,4,0,3,1,1,1,3,4,0,0,1,2,0,0,1,3,20.0
2019,239,1,PTFK      ,0.0,0.0,ASV,19,"DIOT, ANTOINE",13:33,4,2,2,0,2,0,0,2,0,2,2,0,1,0,0,1,0,4,-10.0
2019,239,1,P003526   ,0.0,1.0,ASV,23,"LIGHTY, DAVID",28:58,20,4,6,3,7,3,4,1,4,5,1,1,3,0,1,4,4,16,9.0
2019,239,1,P010357   ,0.0,0.0,ASV,28,"YABUSELE, GUERSCHON",20:35,7,2,2,1,6,0,0,1,6,7,0,1,3,1,1,3,0,4,-13.0
2019,239,1,Team,0.0,0.0,ASV,,Team,,0,0,0,0,0,0,0,2,0,2,0,0,0,0,0,0,0,2,
2019,239,1,Total,,,ASV,,Total,200:00,72,18,31,7,26,15,19,10,25,35,16,8,12,4,5,24,19,77,
2019,239,0,P006533   ,1.0,0.0,PAM,1,"COLOM, QUINO",15:47,11,3,6,0,1,5,8,0,1,1,0,0,2,0,1,2,5,5,-2.0
2019,239,0,P004761   ,1.0,1.0,PAM,2,"MARINKOVIC, VANJA",13:13,2,1,3,0,0,0,0,0,2,2,0,0,1,0,1,1,2,1,-5.0
2019,239,0,P006726   ,0.0,0.0,PAM,5,"NDOUR, MAURICE",06:25,1,0,0,0,0,1,2,0,1,1,0,0,0,1,0,1,2,3,-1.0
2019,239,0,P003733   ,0.0,1.0,PAM,6,"ABALDE, ALBERTO",27:49,7,3,5,0,2,1,2,0,1,1,5,0,3,0,0,2,3,6,7.0
2019,239,0,P004884   ,1.0,0.0,PAM,7,"LABEYRIE, LOUIS",33:12,11,3,4,1,3,2,2,2,5,7,0,1,2,2,0,1,2,17,-6.0
2019,239,0,P008966   ,0.0,1.0,PAM,10,"TOBEY, MIKE",19:18,4,2,2,0,3,0,0,0,5,5,1,1,0,0,0,2,0,6,13.0
2019,239,0,P006599   ,0.0,0.0,PAM,12,"MOTUM, BROCK",DNP,0,0,0,0,0,0,0,0,0,0,0,0,0,0,0,0,0,0,0.0
2019,239,0,P002742   ,1.0,0.0,PAM,14,"DUBLJEVIC, BOJAN",20:15,4,1,5,0,4,2,2,1,0,1,1,0,2,0,1,2,4,-3,-20.0
2019,239,0,P002361   ,0.0,1.0,PAM,16,"VIVES, GUILLEM",22:51,14,2,3,2,4,4,4,0,0,0,0,1,1,1,0,4,3,11,-8.0
2019,239,0,P000518   ,0.0,0.0,PAM,19,"SAN EMETERIO, FERNANDO",06:26,0,0,1,0,0,0,0,0,1,1,0,0,0,0,1,0,0,-1,-5.0
2019,239,0,P002936   ,0.0,0.0,PAM,30,"SASTRE, JOAN",24:50,11,3,3,1,2,2,2,0,2,2,0,1,2,1,0,3,2,11,-7.0
2019,239,0,P002763   ,1.0,1.0,PAM,42,"DOORNEKAMP, AARON",09:54,0,0,0,0,1,0,0,0,3,3,1,0,1,0,0,2,1,1,-1.0
2019,239,0,Team,0.0,0.0,PAM,,Team,,0,0,0,0,0,0,0,3,2,5,0,0,0,0,0,0,0,5,
2019,239,0,Total,,,PAM,,Total,200:00,65,18,32,4,20,17,22,6,23,29,8,4,14,5,4,20,24,62,
2019,240,1,P002543   ,1.0,1.0,ULK,9,"WESTERMANN, LEO",25:23,5,1,3,1,5,0,0,0,2,2,4,3,2,0,0,1,0,5,-1.0
2019,240,1,P002969   ,1.0,0.0,ULK,10,"MAHMUTOGLU, MELIH",19:29,6,0,0,2,4,0,0,0,1,1,0,1,0,0,0,3,0,3,4.0
2019,240,1,P004866   ,0.0,1.0,ULK,12,"KALINIC, NIKOLA",23:48,10,4,4,0,1,2,2,1,1,2,2,1,1,0,0,3,3,13,6.0
2019,240,1,P006961   ,0.0,0.0,ULK,13,"BIBEROVIC, TARIK",DNP,0,0,0,0,0,0,0,0,0,0,0,0,0,0,0,0,0,0,0.0
2019,240,1,P002100   ,0.0,1.0,ULK,19,"DE COLO, NANDO",23:23,9,2,4,1,5,2,3,1,1,2,2,1,1,0,0,0,6,12,5.0
2019,240,1,P009006   ,0.0,1.0,ULK,21,"WILLIAMS, DERRICK",32:37,9,2,3,1,3,2,2,1,5,6,3,1,0,0,0,0,3,19,5.0
2019,240,1,P004251   ,1.0,0.0,ULK,23,"THOMAS, MALCOLM",15:36,4,2,4,0,0,0,0,2,4,6,2,0,0,0,0,3,1,8,1.0
2019,240,1,P000925   ,0.0,1.0,ULK,24,"VESELY, JAN",23:59,7,2,5,0,0,3,6,0,2,2,0,1,2,1,0,3,5,5,2.0
2019,240,1,P001324   ,0.0,0.0,ULK,35,"MUHAMMED, ALI",11:44,8,1,2,2,3,0,0,0,2,2,0,0,0,0,0,2,0,6,1.0
2019,240,1,P006399   ,0.0,0.0,ULK,44,"DUVERIOGLU, AHMET",DNP,0,0,0,0,0,0,0,0,0,0,0,0,0,0,0,0,0,0,0.0
2019,240,1,PCCD      ,1.0,0.0,ULK,70,"DATOME, LUIGI",16:38,5,1,3,0,1,3,3,0,1,1,0,0,1,1,0,2,1,2,-6.0
2019,240,1,P004194   ,1.0,0.0,ULK,77,"LAUVERGNE, JOFFREY",07:23,3,1,4,0,0,1,2,0,2,2,0,0,1,0,0,0,1,1,-2.0
2019,240,1,Team,0.0,0.0,ULK,,Team,,0,0,0,0,0,0,0,0,2,2,0,0,2,0,0,0,0,0,
2019,240,1,Total,,,ULK,,Total,200:00,66,16,32,7,22,13,18,5,23,28,13,8,10,2,0,17,20,74,
2019,240,0,P009862   ,0.0,1.0,RED,0,"PUNTER, KEVIN",16:07,14,3,6,2,3,2,2,0,2,2,1,0,0,0,0,3,4,14,1.0
2019,240,0,P009622   ,1.0,1.0,RED,4,"BROWN, LORENZO",30:52,14,7,8,0,3,0,1,1,4,5,3,1,4,0,0,2,3,15,-2.0
2019,240,0,PKRH      ,0.0,1.0,RED,5,"PERPEROGLOU, STRATOS",11:54,8,1,2,2,5,0,0,0,5,5,0,1,2,0,0,1,0,7,-6.0
2019,240,0,P007960   ,0.0,0.0,RED,7,"DAVIDOVAC, DEJAN",13:42,3,0,2,1,3,0,0,0,1,1,0,0,0,0,0,3,0,-3,5.0
2019,240,0,PLUO      ,1.0,0.0,RED,10,"LAZIC, BRANKO",20:59,2,1,3,0,3,0,0,0,1,1,2,0,1,0,0,3,0,-4,-5.0
2019,240,0,P005775   ,1.0,1.0,RED,12,"BARON, BILLY",24:04,3,0,1,0,4,3,3,1,4,5,1,1,0,0,1,0,1,5,-4.0
2019,240,0,P002980   ,0.0,1.0,RED,15,"GIST, JAMES",24:56,9,4,7,0,0,1,2,5,0,5,2,1,3,0,0,2,3,11,5.0
2019,240,0,P003417   ,0.0,0.0,RED,16,"LUCAS, KALIN",09:08,0,0,0,0,0,0,0,0,0,0,2,0,0,0,0,0,1,3,-1.0
2019,240,0,P004397   ,1.0,0.0,RED,21,"JAGODIC-KURIDZA, MARKO",14:34,8,4,7,0,0,0,0,2,1,3,1,0,1,0,0,1,3,10,-3.0
2019,240,0,P005618   ,0.0,0.0,RED,28,"SIMANIC, BORISA",DNP,0,0,0,0,0,0,0,0,0,0,0,0,0,0,0,0,0,0,0.0
2019,240,0,P008801   ,0.0,0.0,RED,50,"OJO, MICHAEL",03:05,0,0,0,0,0,0,0,0,1,1,0,0,1,0,0,1,0,-1,0.0
2019,240,0,PLBJ      ,1.0,0.0,RED,91,"STIMAC, VLADIMIR",30:39,2,1,5,0,0,0,0,2,5,7,2,0,2,0,1,4,2,2,-5.0
2019,240,0,Team,0.0,0.0,RED,,Team,,0,0,0,0,0,0,0,3,2,5,0,0,1,0,0,0,0,4,
2019,240,0,Total,,,RED,,Total,200:00,63,21,41,5,21,6,8,14,26,40,14,4,15,0,2,20,17,63,
2019,241,1,P001557   ,1.0,1.0,BER,5,"GIFFEY, NIELS",30:16,8,3,8,0,3,2,2,3,2,5,2,0,0,0,1,3,2,5,2.0
2019,241,1,P008211   ,0.0,0.0,BER,6,"DELOW, MALTE",02:30,0,0,0,0,0,0,0,0,0,0,0,0,0,0,0,0,0,0,-3.0
2019,241,1,P003151   ,1.0,1.0,BER,8,"ERIKSSON, MARCUS",29:13,11,1,2,3,7,0,0,1,1,2,1,0,3,1,0,4,1,4,-12.0
2019,241,1,P007025   ,0.0,0.0,BER,9,"MATTISSECK, JONAS",16:06,6,0,0,2,4,0,0,1,2,3,2,0,1,0,0,1,2,9,-3.0
2019,241,1,P008780   ,1.0,1.0,BER,15,"HERMANNSSON, MARTIN",29:35,17,7,12,0,3,3,4,1,1,2,3,0,5,0,1,0,3,10,-2.0
2019,241,1,P006819   ,0.0,0.0,BER,16,"NIKIC, KRESIMIR",DNP,0,0,0,0,0,0,0,0,0,0,0,0,0,0,0,0,0,0,0.0
2019,241,1,P003242   ,0.0,0.0,BER,25,"OGBE, KENNETH",12:29,4,0,1,1,1,1,2,0,1,1,0,0,2,0,0,2,1,0,3.0
2019,241,1,P003958   ,1.0,1.0,BER,32,"THIEMANN, JOHANNES",12:31,5,1,1,1,2,0,0,1,1,2,1,0,0,0,0,3,0,4,-8.0
2019,241,1,P009601   ,0.0,0.0,BER,34,"CAVANAUGH, TYLER",12:50,7,0,1,1,2,4,4,0,0,0,2,0,0,0,0,4,2,5,-3.0
2019,241,1,P009051   ,0.0,0.0,BER,35,"NNOKO, LANDRY",26:36,12,6,13,0,0,0,0,3,6,9,0,0,2,0,0,4,2,10,1.0
2019,241,1,P006589   ,1.0,1.0,BER,43,"SIKMA, LUKE",27:54,10,2,4,1,4,3,5,4,7,11,4,1,1,1,0,2,6,23,5.0
2019,241,1,Team,0.0,0.0,BER,,Team,,0,0,0,0,0,0,0,1,2,3,0,0,0,0,0,0,0,3,
2019,241,1,Total,,,BER,,Total,200:00,80,20,42,9,26,13,17,15,23,38,15,1,14,2,2,23,19,73,
2019,241,0,P007870   ,0.0,0.0,BAR,0,"DAVIES, BRANDON",19:07,4,2,6,0,1,0,0,3,2,5,5,0,1,1,0,1,0,8,-1.0
2019,241,0,PJUG      ,0.0,0.0,BAR,5,"RIBAS, PAU",02:32,0,0,0,0,0,0,0,0,0,0,0,0,1,0,0,0,0,-1,-5.0
2019,241,0,P005099   ,1.0,0.0,BAR,8,"HANGA, ADAM",20:41,5,1,3,1,3,0,0,3,2,5,1,0,1,1,0,1,1,7,-4.0
2019,241,0,P007109   ,0.0,0.0,BAR,10,"SMITS, ROLANDS",DNP,0,0,0,0,0,0,0,0,0,0,0,0,0,0,0,0,0,0,0.0
2019,241,0,P005917   ,0.0,0.0,BAR,18,"ORIOLA, PIERRE",11:06,1,0,0,0,0,1,2,0,2,2,0,0,1,0,0,3,1,-1,-6.0
2019,241,0,P003478   ,0.0,1.0,BAR,21,"ABRINES, ALEX",20:39,17,3,3,3,4,2,2,1,3,4,0,1,0,0,0,2,2,21,24.0
2019,241,0,P006450   ,1.0,1.0,BAR,22,"HIGGINS, CORY",29:43,13,5,8,0,2,3,3,1,2,3,7,2,6,0,1,2,3,14,5.0
2019,241,0,P004331   ,0.0,1.0,BAR,23,"DELANEY, MALCOLM",23:36,16,1,1,4,6,2,4,0,2,2,2,1,2,0,0,2,3,16,7.0
2019,241,0,P005789   ,0.0,1.0,BAR,24,"KURIC, KYLE",17:43,9,3,4,1,2,0,0,0,1,1,1,3,0,0,0,2,3,13,-14.0
2019,241,0,P000556   ,1.0,0.0,BAR,30,"CLAVER, VICTOR",05:22,0,0,0,0,2,0,0,0,0,0,1,0,0,0,0,2,0,-3,1.0
2019,241,0,P000796   ,1.0,1.0,BAR,33,"MIROTIC, NIKOLA",28:54,14,2,4,0,6,10,11,0,5,5,3,1,1,0,1,3,7,16,10.0
2019,241,0,P002507   ,1.0,0.0,BAR,44,"TOMIC, ANTE",20:37,5,2,5,0,0,1,2,1,4,5,2,0,1,0,0,1,3,9,3.0
2019,241,0,Team,0.0,0.0,BAR,,Team,,0,0,0,0,0,0,0,1,2,3,0,0,0,0,0,0,0,3,
2019,241,0,Total,,,BAR,,Total,200:00,84,19,34,9,26,19,24,10,25,35,22,8,14,2,2,19,23,102,
2019,242,1,P009846   ,1.0,1.0,TEL,0,"BRYANT, ELIJAH",08:18,0,0,1,0,3,0,0,0,1,1,0,0,0,0,0,1,0,-4,11.0
2019,242,1,P006661   ,1.0,0.0,TEL,1,"WILBEKIN, SCOTTIE",31:20,21,2,4,4,11,5,6,0,1,1,4,0,3,0,0,1,6,18,8.0
2019,242,1,P009847   ,1.0,1.0,TEL,2,"ACY, QUINCY",10:38,4,2,4,0,2,0,0,1,1,2,1,0,0,0,0,0,0,3,2.0
2019,242,1,P007942   ,0.0,0.0,TEL,3,"REYNOLDS, JALEN",09:57,7,3,4,0,0,1,2,2,3,5,0,0,1,1,0,2,1,9,-3.0
2019,242,1,P005771   ,0.0,1.0,TEL,4,"CALOIARO, ANGELO",23:29,6,0,1,2,3,0,0,2,0,2,0,0,1,0,1,3,0,1,-1.0
2019,242,1,P005160   ,1.0,1.0,TEL,5,"HUNTER, OTHELLO",26:12,15,7,11,0,0,1,1,8,4,12,2,0,0,0,0,0,1,26,7.0
2019,242,1,P007675   ,0.0,1.0,TEL,8,"AVDIJA, DENI",24:51,4,2,3,0,3,0,0,0,3,3,1,1,1,0,1,1,1,3,3.0
2019,242,1,P003413   ,0.0,0.0,TEL,9,"JACKSON, AARON",19:38,6,1,2,1,3,1,2,0,4,4,0,0,0,0,0,2,3,7,-19.0
2019,242,1,P009849   ,0.0,0.0,TEL,11,"DORSEY, TYLER",14:47,3,1,3,0,2,1,2,1,4,5,1,0,1,0,0,3,1,1,-3.0
2019,242,1,P005145   ,0.0,0.0,TEL,15,"COHEN, JAKE",05:23,0,0,0,0,0,0,0,0,0,0,0,0,0,0,0,2,0,-2,3.0
2019,242,1,P007069   ,0.0,0.0,TEL,32,"STOUDEMIRE, AMAR'E",03:56,0,0,1,0,1,0,0,0,1,1,0,0,0,0,0,2,0,-3,-2.0
2019,242,1,P006625   ,1.0,0.0,TEL,50,"ZOOSMAN, YOVEL",21:31,11,4,6,1,1,0,0,0,3,3,4,2,2,0,1,2,0,13,4.0
2019,242,1,Team,0.0,0.0,TEL,,Team,,0,0,0,0,0,0,0,1,2,3,0,0,0,0,0,0,0,3,
2019,242,1,Total,,,TEL,,Total,200:00,77,22,40,8,29,9,13,15,27,42,13,3,9,1,3,19,13,75,
2019,242,0,P007200   ,0.0,1.0,IST,0,"LARKIN, SHANE",19:27,10,3,7,0,5,4,4,1,0,1,5,1,1,0,0,1,2,8,-4.0
2019,242,0,P006590   ,1.0,1.0,IST,1,"BEAUBOIS, RODRIGUE",30:58,13,5,7,1,4,0,0,0,1,1,1,0,0,0,0,4,3,9,6.0
2019,242,0,P006614   ,1.0,0.0,IST,2,"SINGLETON, CHRIS",25:56,4,1,3,0,3,2,2,1,6,7,0,0,1,2,0,2,3,8,-5.0
2019,242,0,P003521   ,0.0,0.0,IST,4,"BALBAY, DOGUS",05:42,0,0,0,0,0,0,0,0,0,0,0,2,0,0,0,1,0,1,-8.0
2019,242,0,P002968   ,0.0,0.0,IST,15,"SANLI, SERTAC",DNP,0,0,0,0,0,0,0,0,0,0,0,0,0,0,0,1,0,-1,0.0
2019,242,0,P001833   ,0.0,1.0,IST,18,"MOERMAN, ADRIEN",21:44,8,1,2,2,2,0,0,0,7,7,1,1,2,0,0,0,3,17,1.0
2019,242,0,PLHK      ,1.0,0.0,IST,21,"PLEISS, TIBOR",28:03,10,5,10,0,1,0,0,1,5,6,0,0,1,0,0,1,1,9,8.0
2019,242,0,P002580   ,1.0,1.0,IST,22,"MICIC, VASILIJE",27:09,14,1,3,3,6,3,3,0,1,1,1,0,2,0,1,3,5,10,5.0
2019,242,0,P005938   ,1.0,0.0,IST,23,"ANDERSON, JAMES",07:13,2,1,2,0,1,0,0,1,1,2,0,0,0,0,0,0,0,2,-7.0
2019,242,0,P008829   ,0.0,0.0,IST,25,"PETERS, ALEC",DNP,0,0,0,0,0,0,0,0,0,0,0,0,0,0,0,0,0,0,0.0
2019,242,0,P003048   ,0.0,0.0,IST,42,"DUNSTON, BRYANT",03:59,0,0,0,0,0,0,0,0,0,0,0,0,1,0,0,0,0,-1,-8.0
2019,242,0,PCPR      ,0.0,1.0,IST,44,"SIMON, KRUNOSLAV",29:49,14,3,4,2,4,2,2,1,1,2,1,2,1,1,0,0,1,17,2.0
2019,242,0,Team,0.0,0.0,IST,,Team,,0,0,0,0,0,0,0,1,1,2,0,0,0,0,0,0,0,2,
2019,242,0,Total,,,IST,,Total,200:00,75,20,38,8,26,11,11,6,23,29,9,6,9,3,1,13,18,81,
2019,243,1,P009834   ,1.0,1.0,MUN,5,"BRAY, THOMAS",24:21,10,2,2,2,3,0,0,1,1,2,2,1,1,0,0,3,0,10,-9.0
2019,243,1,PBOG      ,0.0,0.0,MUN,7,"KING, ALEX",04:52,0,0,0,0,0,0,0,0,0,0,0,0,0,0,0,1,0,-1,-7.0
2019,243,1,P009835   ,1.0,0.0,MUN,10,"MONROE, GREG",26:19,18,7,8,0,0,4,6,3,3,6,1,3,3,0,0,1,8,29,5.0
2019,243,1,P001288   ,1.0,1.0,MUN,11,"LUCIC, VLADIMIR",27:40,4,2,5,0,3,0,0,0,3,3,3,0,2,0,0,0,3,5,5.0
2019,243,1,P007032   ,0.0,1.0,MUN,12,"LO, MAODO",26:22,16,1,3,4,9,2,2,0,0,0,4,1,2,0,0,3,2,11,-6.0
2019,243,1,P005056   ,0.0,1.0,MUN,16,"ZIPSER, PAUL",22:28,11,3,6,1,1,2,3,0,3,3,0,0,1,0,0,4,2,7,-10.0
2019,243,1,P005670   ,0.0,0.0,MUN,21,"FLACCADORI, DIEGO",03:23,0,0,1,0,0,0,0,1,0,1,1,0,0,0,0,1,0,0,8.0
2019,243,1,P003490   ,1.0,1.0,MUN,22,"BARTHEL, DANILO",27:32,10,2,3,2,6,0,0,1,3,4,3,2,4,0,1,3,4,10,1.0
2019,243,1,P003842   ,0.0,0.0,MUN,26,"LESSORT, MATHIAS",12:43,0,0,2,0,0,0,0,1,1,2,1,0,1,0,0,3,1,-2,-14.0
2019,243,1,P004571   ,1.0,0.0,MUN,31,"SISKO, ZAN",16:40,2,1,1,0,1,0,0,0,0,0,2,3,4,0,0,2,0,0,-15.0
2019,243,1,P009723   ,0.0,0.0,MUN,34,"HUESTIS, JOSHUA",07:40,0,0,0,0,1,0,0,0,0,0,0,1,0,0,0,1,0,-1,-3.0
2019,243,1,PLEM      ,0.0,0.0,MUN,43,"RADOSEVIC, LEON",DNP,0,0,0,0,0,0,0,0,0,0,0,0,0,0,0,0,0,0,0.0
2019,243,1,Team,0.0,0.0,MUN,,Team,,0,0,0,0,0,0,0,0,0,0,0,0,1,0,0,0,0,-1,
2019,243,1,Total,,,MUN,,Total,200:00,71,18,31,9,24,8,11,7,14,21,17,11,19,0,1,22,20,67,
2019,243,0,P008032   ,0.0,0.0,BAS,5,"GONZALEZ, MIGUEL",DNP,0,0,0,0,0,0,0,0,0,0,0,0,0,0,0,0,0,0,0.0
2019,243,0,P009888   ,0.0,1.0,BAS,6,"CHRISTON, SEMAJ",21:17,8,2,4,0,1,4,4,0,2,2,1,0,2,0,0,2,2,6,4.0
2019,243,0,P006754   ,1.0,1.0,BAS,7,"HENRY, PIERRIA",17:59,8,3,4,0,0,2,2,0,2,2,3,1,1,0,0,1,3,14,9.0
2019,243,0,P004165   ,0.0,1.0,BAS,11,"JANNING, MATT",24:45,8,1,3,1,3,3,3,2,2,4,3,1,1,0,0,0,2,13,4.0
2019,243,0,P003540   ,0.0,0.0,BAS,12,"DIOP, ILIMANE",20:19,7,3,4,0,0,1,1,2,2,4,1,2,2,0,0,5,4,10,5.0
2019,243,0,P005458   ,0.0,0.0,BAS,17,"GARCIA, SERGI",02:20,0,0,0,0,0,0,0,0,0,0,1,0,0,0,0,0,0,1,-2.0
2019,243,0,P006568   ,0.0,0.0,BAS,19,"FALL, YOUSSOUPHA",01:05,0,0,1,0,0,0,0,1,0,1,0,0,0,0,0,0,0,0,-2.0
2019,243,0,P001133   ,1.0,1.0,BAS,23,"SHENGELIA, TORNIKE",27:31,11,4,6,1,2,0,0,1,3,4,5,2,4,0,0,1,4,18,1.0
2019,243,0,P003514   ,1.0,0.0,BAS,30,"DRAGIC, ZORAN",23:38,13,2,3,2,2,3,4,0,1,1,1,1,1,0,0,4,4,13,12.0
2019,243,0,P007831   ,1.0,1.0,BAS,31,"SHIELDS, SHAVON",25:38,4,2,5,0,2,0,0,0,3,3,1,0,2,0,0,0,1,2,6.0
2019,243,0,P002084   ,0.0,0.0,BAS,33,"POLONARA, ACHILLE",18:28,5,1,2,1,3,0,0,0,3,3,0,2,1,1,0,2,0,5,3.0
2019,243,0,P007360   ,1.0,0.0,BAS,50,"ERIC, MICHAEL",17:00,16,7,9,0,0,2,2,2,1,3,0,1,2,0,0,5,1,12,5.0
2019,243,0,Team,0.0,0.0,BAS,,Team,,0,0,0,0,0,0,0,0,2,2,0,0,2,0,0,0,0,0,
2019,243,0,Total,,,BAS,,Total,200:00,80,25,41,5,13,15,16,8,21,29,16,10,18,1,0,20,21,94,
2019,244,1,P005154   ,0.0,0.0,DYR,4,"IVERSON, COLTON",20:11,14,5,8,0,0,4,7,1,2,3,0,1,2,0,0,2,6,14,1.0
2019,244,1,P003425   ,1.0,0.0,DYR,6,"ALBICY, ANDREW",31:20,19,1,5,5,7,2,4,2,3,5,4,1,1,0,0,2,6,24,3.0
2019,244,1,PJAN      ,0.0,0.0,DYR,7,"PONKRASHOV, ANTON",04:48,0,0,0,0,0,0,0,0,0,0,0,0,0,0,0,0,0,0,-4.0
2019,244,1,P009917   ,1.0,1.0,DYR,9,"HOLLINS, AUSTIN",34:33,6,3,5,0,7,0,0,1,1,2,2,2,0,0,0,3,2,2,14.0
2019,244,1,P005856   ,1.0,1.0,DYR,10,"THOMAS, WILL",28:51,7,1,3,1,1,2,2,1,1,2,2,0,1,1,0,3,1,7,-4.0
2019,244,1,P005945   ,0.0,0.0,DYR,12,"RENFROE, ALEX",16:30,7,3,6,0,1,1,3,0,4,4,3,1,2,0,1,1,2,7,-3.0
2019,244,1,P001389   ,0.0,0.0,DYR,18,"VORONOV, EVGENY",04:55,0,0,0,0,0,0,0,0,0,0,0,0,0,0,0,1,0,-1,-4.0
2019,244,1,P003573   ,0.0,1.0,DYR,20,"ZUBKOV, ANDREY",16:55,3,0,0,1,2,0,0,0,4,4,1,0,1,0,0,1,2,7,5.0
2019,244,1,P005199   ,0.0,1.0,DYR,21,"ABROMAITIS, TIM",20:58,2,1,1,0,1,0,0,0,1,1,0,0,0,0,0,2,1,1,-1.0
2019,244,1,P004172   ,1.0,1.0,DYR,25,"PONITKA, MATEUSZ",23:12,8,3,6,0,0,2,3,1,3,4,1,0,2,1,1,2,4,9,-2.0
2019,244,1,P005927   ,1.0,0.0,DYR,34,"AYON, GUSTAVO",22:47,10,4,9,0,0,2,2,3,2,5,2,1,2,0,1,3,1,8,0.0
2019,244,1,Team,0.0,0.0,DYR,,Team,,0,0,0,0,0,0,0,4,1,5,0,0,0,0,0,0,0,5,
2019,244,1,Total,,,DYR,,Total,225:00,76,21,43,7,19,13,21,13,22,35,15,6,11,2,3,20,25,83,
2019,244,0,P008855   ,1.0,1.0,ZAL,0,"WALKUP, THOMAS",33:38,6,2,6,0,1,2,2,1,1,2,11,1,4,0,1,3,4,11,0.0
2019,244,0,P002429   ,0.0,1.0,ZAL,1,"RIVERS, KC",28:44,14,1,4,4,7,0,0,1,3,4,1,0,0,0,0,4,0,9,2.0
2019,244,0,P003210   ,0.0,1.0,ZAL,4,"LEKAVICIUS, LUKAS",23:44,2,1,5,0,2,0,0,0,0,0,3,1,2,0,0,4,3,-3,4.0
2019,244,0,P008962   ,0.0,0.0,ZAL,10,"HAYES, NIGEL",14:00,2,1,1,0,1,0,0,0,0,0,2,0,0,0,0,3,0,0,6.0
2019,244,0,PBWI      ,1.0,0.0,ZAL,13,"JANKUNAS, PAULIUS",23:57,2,1,2,0,1,0,0,1,8,9,0,0,1,1,0,2,1,8,-13.0
2019,244,0,P006158   ,0.0,0.0,ZAL,16,"LUKOSIUNAS, KAROLIS",DNP,0,0,0,0,0,0,0,0,0,0,0,0,0,0,0,0,0,0,0.0
2019,244,0,PKPD      ,1.0,0.0,ZAL,21,"MILAKNIS, ARTURAS",15:44,3,0,0,1,4,0,0,0,0,0,0,2,0,0,0,2,1,1,-1.0
2019,244,0,P009753   ,0.0,0.0,ZAL,23,"GEBEN, MARTINAS",06:14,2,1,1,0,0,0,0,0,1,1,0,0,0,0,0,0,0,3,-4.0
2019,244,0,P007519   ,0.0,0.0,ZAL,31,"JOKUBAITIS, ROKAS",05:57,2,1,1,0,1,0,0,0,1,1,1,0,0,0,0,1,1,3,1.0
2019,244,0,P008987   ,0.0,0.0,ZAL,32,"LEDAY, ZACH",14:02,11,2,3,1,2,4,4,0,1,1,0,0,2,1,0,2,3,10,-6.0
2019,244,0,P008820   ,1.0,1.0,ZAL,34,"LANDALE, JOCK",24:46,27,8,9,2,2,5,6,2,4,6,0,0,1,1,1,4,4,30,9.0
2019,244,0,P002329   ,1.0,1.0,ZAL,92,"ULANOVAS, EDGARAS",34:14,4,1,4,0,2,2,2,3,4,7,3,0,2,0,0,0,3,10,-3.0
2019,244,0,Team,0.0,0.0,ZAL,,Team,,0,0,0,0,0,0,0,2,2,4,0,0,2,0,0,0,0,2,
2019,244,0,Total,,,ZAL,,Total,225:00,75,19,36,8,23,13,14,10,25,35,21,4,14,3,2,25,20,84,
2019,245,1,P005094   ,1.0,1.0,PAN,0,"THOMAS, DESHAUN",31:27,12,4,7,0,1,4,6,2,0,2,0,0,2,0,0,3,5,8,-23.0
2019,245,1,P003367   ,0.0,0.0,PAN,5,"RICE, TYRESE",11:28,3,0,1,1,3,0,0,0,1,1,1,0,1,1,1,1,0,0,-9.0
2019,245,1,P005844   ,1.0,0.0,PAN,6,"PAPAGIANNIS, GEORGIOS",04:08,0,0,0,0,0,0,0,0,0,0,0,0,0,0,0,0,0,0,-1.0
2019,245,1,P010150   ,0.0,1.0,PAN,8,"RAUTINS, ANDY",14:49,8,1,1,2,2,0,0,0,1,1,0,1,0,0,0,2,0,8,-9.0
2019,245,1,P005161   ,1.0,1.0,PAN,10,"PAPAPETROU, IOANNIS",27:47,9,2,6,1,5,2,3,3,3,6,2,1,0,1,1,2,4,11,-26.0
2019,245,1,PTFX      ,0.0,0.0,PAN,15,"VOUGIOUKAS, IAN",17:30,6,2,5,0,0,2,2,4,2,6,2,1,1,0,0,4,4,11,-7.0
2019,245,1,P009816   ,0.0,0.0,PAN,24,"JOHNSON, WESLEY",26:52,2,0,3,0,5,2,2,2,6,8,1,0,0,0,0,2,1,2,-21.0
2019,245,1,P009842   ,1.0,0.0,PAN,32,"FREDETTE, JIMMER",09:16,5,1,3,1,4,0,0,0,0,0,0,0,0,0,0,1,0,-1,-6.0
2019,245,1,P001932   ,1.0,1.0,PAN,33,"CALATHES, NICK",29:21,10,1,6,2,7,2,3,0,3,3,7,1,4,0,2,2,5,7,-24.0
2019,245,1,P009472   ,0.0,1.0,PAN,35,"WILEY, JACOB",03:02,0,0,0,0,0,0,0,0,1,1,1,0,0,0,0,0,0,2,2.0
2019,245,1,P007866   ,0.0,0.0,PAN,44,"MITOGLOU, KONSTANTINOS",15:47,9,2,3,0,2,5,7,0,2,2,0,2,1,0,0,3,5,9,-23.0
2019,245,1,P009818   ,0.0,0.0,PAN,50,"BENTIL, BENJAMIN",08:33,2,0,2,0,1,2,2,1,1,2,0,0,0,0,0,1,1,1,-8.0
2019,245,1,Team,0.0,0.0,PAN,,Team,,0,0,0,0,0,0,0,4,3,7,0,0,0,0,0,0,0,7,
2019,245,1,Total,,,PAN,,Total,200:00,66,13,37,7,30,19,25,16,23,39,14,6,9,2,4,21,25,65,
2019,245,0,P009035   ,0.0,1.0,CSK,3,"BOLOMBOY, JOEL",18:44,0,0,0,0,1,0,0,1,5,6,0,0,0,1,0,2,2,6,17.0
2019,245,0,P005985   ,1.0,0.0,CSK,5,"JAMES, MIKE",27:12,18,5,8,2,6,2,2,0,4,4,5,0,0,0,1,0,2,21,26.0
2019,245,0,P004941   ,0.0,1.0,CSK,11,"ANTONOV, SEMEN",07:05,2,1,2,0,0,0,0,1,1,2,1,0,2,0,0,0,0,2,4.0
2019,245,0,P000046   ,0.0,0.0,CSK,13,"STRELNIEKS, JANIS",05:18,0,0,1,0,0,0,0,0,2,2,2,0,1,0,0,1,0,1,2.0
2019,245,0,P007201   ,1.0,0.0,CSK,17,"VOIGTMANN, JOHANNES",21:22,10,2,4,2,5,0,0,1,4,5,1,0,1,1,0,3,1,9,15.0
2019,245,0,P001844   ,0.0,0.0,CSK,23,"HACKETT, DANIEL",23:16,6,0,3,2,4,0,0,2,3,5,1,0,1,0,0,4,2,4,16.0
2019,245,0,P007869   ,1.0,1.0,CSK,26,"SANT-ROOS, HOWARD",18:23,11,1,5,1,3,6,6,1,2,3,3,0,0,0,0,3,5,13,21.0
2019,245,0,P009766   ,0.0,0.0,CSK,31,"KOUFOS, KOSTA",14:22,10,5,6,0,0,0,0,3,1,4,2,0,0,1,0,5,0,11,15.0
2019,245,0,P008989   ,0.0,1.0,CSK,32,"HILLIARD, DARRUN",25:12,21,0,3,5,9,6,6,0,4,4,1,0,0,0,1,2,3,19,8.0
2019,245,0,PJLX      ,1.0,0.0,CSK,41,"KURBANOV, NIKITA",14:53,5,2,3,0,2,1,1,0,1,1,0,1,0,1,0,4,1,2,14.0
2019,245,0,P002812   ,1.0,0.0,CSK,42,"HINES, KYLE",21:38,13,5,6,0,0,3,3,3,5,8,3,1,1,0,0,2,3,24,17.0
2019,245,0,P009767   ,0.0,1.0,CSK,84,"BAKER, RON",02:35,1,0,0,0,0,1,2,0,0,0,0,0,0,0,0,0,1,1,0.0
2019,245,0,Team,0.0,0.0,CSK,,Team,,0,0,0,0,0,0,0,1,3,4,0,0,1,0,0,0,0,3,
2019,245,0,Total,,,CSK,,Total,200:00,97,21,41,12,30,19,20,13,35,48,19,2,7,4,2,26,20,116,
2019,246,1,P001392   ,0.0,1.0,MAD,1,"CAUSEUR, FABIEN",25:40,15,2,3,3,3,2,4,0,3,3,3,0,1,0,1,2,3,17,0.0
2019,246,1,PBMT      ,0.0,0.0,MAD,5,"FERNANDEZ, RUDY",17:52,9,1,3,1,4,4,5,1,1,2,2,3,1,0,0,3,3,9,16.0
2019,246,1,P005928   ,1.0,1.0,MAD,7,"CAMPAZZO, FACUNDO",18:43,2,1,1,0,3,0,0,0,0,0,7,0,4,0,0,3,4,3,-6.0
2019,246,1,P006435   ,0.0,0.0,MAD,8,"LAPROVITTOLA, NICOLAS",22:03,9,2,2,1,2,2,2,0,3,3,5,0,2,0,0,3,3,14,15.0
2019,246,1,PAAX      ,0.0,0.0,MAD,9,"REYES, FELIPE",11:39,4,2,4,0,0,0,0,3,2,5,1,0,0,1,2,3,0,4,11.0
2019,246,1,P007630   ,1.0,1.0,MAD,16,"GARUBA, USMAN",21:47,10,2,4,1,2,3,5,1,5,6,2,1,1,0,0,3,3,13,11.0
2019,246,1,P007632   ,1.0,0.0,MAD,17,"NAKIC, MARIO",07:42,2,1,1,0,0,0,2,0,0,0,0,1,1,0,0,0,1,1,-4.0
2019,246,1,P001960   ,1.0,1.0,MAD,20,"CARROLL, JAYCEE",26:23,19,2,3,3,7,6,6,1,1,2,0,0,3,0,0,1,7,19,6.0
2019,246,1,P005791   ,1.0,1.0,MAD,22,"TAVARES, WALTER",28:21,9,4,5,0,0,1,4,0,8,8,0,0,1,3,0,1,2,16,-2.0
2019,246,1,P005836   ,0.0,0.0,MAD,33,"THOMPKINS, TREY",19:50,8,1,2,1,2,3,3,0,4,4,0,0,2,0,0,2,2,8,-2.0
2019,246,1,P005196   ,0.0,0.0,MAD,50,"MEJRI, SALAH",DNP,0,0,0,0,0,0,0,0,0,0,0,0,0,0,0,0,0,0,0.0
2019,246,1,Team,0.0,0.0,MAD,,Team,,0,0,0,0,0,0,0,1,3,4,0,0,1,0,0,0,0,3,
2019,246,1,Total,,,MAD,,Total,200:00,87,18,28,10,23,21,31,7,30,37,20,5,17,4,3,21,28,107,
2019,246,0,P009733   ,0.0,1.0,ASV,3,"JEKIRI, TONYE",23:11,10,3,7,0,0,4,6,4,7,11,2,0,0,1,1,2,3,18,-12.0
2019,246,0,PKIR      ,1.0,1.0,ASV,5,"KAHUDI, CHARLES",22:42,8,2,5,1,4,1,2,1,3,4,0,1,2,0,0,2,5,7,-15.0
2019,246,0,P007027   ,0.0,1.0,ASV,6,"MALEDON, THEO",23:37,12,5,8,0,3,2,2,0,2,2,1,0,2,0,1,4,1,3,-9.0
2019,246,0,P010355   ,1.0,1.0,ASV,7,"BERRY, DAVION",12:41,3,0,0,1,3,0,0,0,0,0,0,0,1,0,0,4,1,-3,-1.0
2019,246,0,P005553   ,0.0,0.0,ASV,9,"LOMAZS, RIHARDS",09:47,4,1,1,0,1,2,2,0,0,0,0,0,0,0,0,2,2,3,-11.0
2019,246,0,P008851   ,0.0,0.0,ASV,11,"GALLIOU, CHARLES",DNP,0,0,0,0,0,0,0,0,0,0,0,0,0,0,0,0,0,0,0.0
2019,246,0,P006068   ,0.0,0.0,ASV,12,"NOUA, AMINE",04:15,2,1,2,0,1,0,0,0,0,0,0,0,0,0,0,0,0,0,0.0
2019,246,0,P002536   ,1.0,0.0,ASV,17,"JEAN-CHARLES, LIVIO",23:45,13,5,8,1,1,0,0,0,2,2,1,0,1,1,1,4,0,8,-10.0
2019,246,0,PTFK      ,0.0,0.0,ASV,19,"DIOT, ANTOINE",08:12,0,0,1,0,2,0,0,0,1,1,1,1,1,0,0,1,1,-1,-1.0
2019,246,0,P003526   ,0.0,1.0,ASV,23,"LIGHTY, DAVID",24:59,6,3,4,0,3,0,0,0,1,1,4,0,1,0,0,3,2,5,3.0
2019,246,0,P010357   ,1.0,0.0,ASV,28,"YABUSELE, GUERSCHON",25:36,9,0,2,3,4,0,0,0,0,0,0,4,2,1,1,1,2,9,5.0
2019,246,0,P008099   ,1.0,0.0,ASV,32,"STRAZEL, MATTHEW",21:15,11,4,4,0,2,3,3,0,1,1,5,1,1,0,0,5,3,13,6.0
2019,246,0,Team,0.0,0.0,ASV,,Team,,0,0,0,0,0,0,0,2,3,5,0,0,0,0,0,0,0,5,
2019,246,0,Total,,,ASV,,Total,200:00,78,24,42,6,24,12,15,7,20,27,14,7,11,3,4,28,20,67,
2019,247,1,P006533   ,0.0,1.0,PAM,1,"COLOM, QUINO",25:31,8,1,3,2,6,0,2,0,3,3,7,3,4,0,0,0,4,13,7.0
2019,247,1,P004761   ,0.0,0.0,PAM,2,"MARINKOVIC, VANJA",14:32,2,1,5,0,1,0,0,0,0,0,0,0,1,0,0,1,0,-5,-6.0
2019,247,1,P006726   ,1.0,0.0,PAM,5,"NDOUR, MAURICE",22:40,12,6,7,0,0,0,0,2,4,6,0,0,0,0,0,5,2,14,7.0
2019,247,1,P003733   ,1.0,1.0,PAM,6,"ABALDE, ALBERTO",30:03,21,7,12,1,3,4,5,2,4,6,1,1,1,0,0,2,4,22,-3.0
2019,247,1,P004884   ,0.0,1.0,PAM,7,"LABEYRIE, LOUIS",19:55,0,0,3,0,0,0,0,3,3,6,0,0,0,1,0,1,1,4,-14.0
2019,247,1,PLRQ      ,0.0,0.0,PAM,9,"VAN ROSSOM, SAM",DNP,0,0,0,0,0,0,0,0,0,0,0,0,0,0,0,0,0,0,0.0
2019,247,1,P008966   ,1.0,0.0,PAM,10,"TOBEY, MIKE",20:09,7,1,2,1,2,2,2,0,4,4,0,0,2,0,0,3,2,6,-5.0
2019,247,1,P002742   ,0.0,1.0,PAM,14,"DUBLJEVIC, BOJAN",24:19,19,2,3,2,4,9,9,0,4,4,5,0,1,0,0,2,9,31,5.0
2019,247,1,P002361   ,1.0,0.0,PAM,16,"VIVES, GUILLEM",19:29,0,0,2,0,3,0,0,1,2,3,0,0,3,0,2,2,1,-8,-9.0
2019,247,1,P000518   ,0.0,0.0,PAM,19,"SAN EMETERIO, FERNANDO",19:41,9,1,2,2,5,1,1,0,2,2,1,0,0,0,0,2,1,7,6.0
2019,247,1,P002936   ,1.0,1.0,PAM,30,"SASTRE, JOAN",23:45,3,0,4,1,2,0,0,1,1,2,1,1,1,0,1,2,0,-2,-3.0
2019,247,1,P002763   ,0.0,0.0,PAM,42,"DOORNEKAMP, AARON",04:56,0,0,0,0,0,0,0,0,1,1,0,1,0,0,0,0,0,2,5.0
2019,247,1,Team,0.0,0.0,PAM,,Team,,0,0,0,0,0,0,0,3,2,5,0,0,0,0,0,0,0,5,
2019,247,1,Total,,,PAM,,Total,225:00,81,19,43,9,26,16,19,12,30,42,15,6,13,1,3,20,24,89,
2019,247,0,P005884   ,0.0,0.0,MIL,0,"DELLA VALLE, AMEDEO",04:56,0,0,3,0,0,0,0,0,0,0,0,1,0,0,0,1,1,-2,0.0
2019,247,0,P000529   ,1.0,1.0,MIL,5,"MICOV, VLADIMIR",32:48,13,3,3,2,6,1,2,0,7,7,1,1,2,0,0,4,2,13,-2.0
2019,247,0,P009903   ,0.0,0.0,MIL,6,"BILIGHA, PAUL",DNP,0,0,0,0,0,0,0,0,0,0,0,0,0,0,0,0,0,0,0.0
2019,247,0,P003120   ,0.0,0.0,MIL,7,"GUDAITIS, ARTURAS",15:08,6,2,2,0,0,2,4,1,2,3,0,0,2,1,0,5,7,8,8.0
2019,247,0,P000726   ,1.0,0.0,MIL,9,"MORASCHINI, RICCARDO",24:02,6,3,3,0,4,0,0,0,3,3,1,2,2,0,0,0,0,6,2.0
2019,247,0,P004974   ,1.0,1.0,MIL,10,"ROLL, MICHAEL",27:19,11,1,2,3,5,0,0,0,3,3,1,0,2,0,0,2,0,8,-7.0
2019,247,0,PCVM      ,0.0,1.0,MIL,13,"RODRIGUEZ, SERGIO",28:16,16,4,8,2,7,2,2,0,2,2,9,0,0,0,0,1,3,20,12.0
2019,247,0,P008004   ,1.0,1.0,MIL,15,"TARCZEWSKI, KALEB",29:52,8,3,7,0,0,2,4,1,3,4,1,1,2,2,1,3,3,7,-6.0
2019,247,0,P010254   ,0.0,0.0,MIL,22,"CRAWFORD, DREW",24:43,7,2,4,1,2,0,0,1,2,3,0,2,0,0,0,3,1,7,9.0
2019,247,0,P010093   ,1.0,0.0,MIL,28,"SYKES, KEIFER",16:04,5,1,2,1,4,0,0,0,1,1,1,0,0,0,0,2,0,1,-8.0
2019,247,0,P004117   ,0.0,0.0,MIL,32,"BROOKS, JEFF",04:18,0,0,0,0,0,0,0,0,1,1,0,0,0,0,0,2,0,-1,-4.0
2019,247,0,PAJG      ,0.0,1.0,MIL,40,"SCOLA, LUIS",17:34,11,4,6,0,0,3,6,1,4,5,0,0,0,0,0,1,3,13,7.0
2019,247,0,Team,0.0,0.0,MIL,,Team,,0,0,0,0,0,0,0,4,2,6,0,0,0,0,0,0,0,6,
2019,247,0,Total,,,MIL,,Total,225:00,83,23,40,9,28,10,18,8,30,38,14,7,10,3,1,24,20,86,
2019,248,1,P008003   ,0.0,1.0,KHI,0,"ROBINSON, THOMAS",15:47,10,5,5,0,0,0,0,1,4,5,1,0,2,0,0,4,0,10,6.0
2019,248,1,PKVZ      ,1.0,1.0,KHI,1,"SHVED, ALEXEY",30:18,23,3,6,5,12,2,2,0,1,1,6,2,1,2,1,2,4,24,14.0
2019,248,1,P007056   ,1.0,0.0,KHI,5,"BOOKER, DEVIN",23:55,15,6,9,0,0,3,3,2,0,2,2,0,1,0,0,1,3,17,5.0
2019,248,1,P005718   ,1.0,1.0,KHI,6,"TIMMA, JANIS",28:21,6,0,1,2,8,0,0,2,1,3,3,0,1,0,0,1,1,4,5.0
2019,248,1,P004302   ,0.0,0.0,KHI,7,"KARASEV, SERGEY",13:57,5,1,3,1,1,0,0,1,1,2,1,0,0,0,0,2,1,5,11.0
2019,248,1,P001792   ,1.0,0.0,KHI,8,"ZAYTSEV, VYACHESLAV",04:02,0,0,2,0,0,0,0,0,0,0,0,0,0,0,1,0,0,-3,0.0
2019,248,1,PBGV      ,0.0,0.0,KHI,9,"VIALTSEV, EGOR",DNP,0,0,0,0,0,0,0,0,0,0,0,0,0,0,0,0,0,0,0.0
2019,248,1,P009748   ,1.0,1.0,KHI,11,"JEREBKO, JONAS",35:46,15,4,5,1,3,4,4,1,8,9,2,0,1,0,0,0,5,27,12.0
2019,248,1,PBFX      ,0.0,0.0,KHI,12,"MONIA, SERGEY",DNP,0,0,0,0,0,0,0,0,0,0,0,0,0,0,0,0,0,0,0.0
2019,248,1,P008001   ,0.0,0.0,KHI,13,"GILL, ANTHONY",04:14,2,1,2,0,1,0,0,1,0,1,0,0,0,0,1,1,0,-1,2.0
2019,248,1,P004863   ,0.0,0.0,KHI,24,"JOVIC, STEFAN",29:45,6,0,1,2,2,0,0,0,4,4,7,2,4,0,0,1,2,15,10.0
2019,248,1,P000436   ,0.0,1.0,KHI,45,"BERTANS, DAIRIS",13:55,0,0,0,0,1,0,0,0,1,1,0,0,1,0,0,4,2,-3,5.0
2019,248,1,Team,0.0,0.0,KHI,,Team,,0,0,0,0,0,0,0,1,5,6,0,0,0,0,0,0,0,6,
2019,248,1,Total,,,KHI,,Total,200:00,82,20,34,11,28,9,9,9,25,34,22,4,11,2,3,16,18,101,
2019,248,0,P002543   ,1.0,0.0,ULK,9,"WESTERMANN, LEO",17:10,3,0,0,1,2,0,0,0,0,0,3,1,0,0,0,2,1,5,-21.0
2019,248,0,P002969   ,1.0,0.0,ULK,10,"MAHMUTOGLU, MELIH",08:32,2,1,2,0,1,0,0,0,1,1,0,0,0,0,0,1,1,1,-11.0
2019,248,0,P004866   ,0.0,1.0,ULK,12,"KALINIC, NIKOLA",20:04,6,1,3,1,2,1,2,0,2,2,1,0,3,0,1,4,1,-2,-3.0
2019,248,0,P006961   ,0.0,0.0,ULK,13,"BIBEROVIC, TARIK",DNP,0,0,0,0,0,0,0,0,0,0,0,0,0,0,0,0,0,0,0.0
2019,248,0,P002100   ,0.0,1.0,ULK,19,"DE COLO, NANDO",27:16,11,2,6,1,1,4,4,1,0,1,3,1,4,0,0,1,2,9,-5.0
2019,248,0,P009006   ,0.0,1.0,ULK,21,"WILLIAMS, DERRICK",27:31,11,2,6,2,6,1,1,1,3,4,1,0,1,1,1,1,2,8,-10.0
2019,248,0,P004251   ,0.0,0.0,ULK,23,"THOMAS, MALCOLM",14:03,0,0,2,0,0,0,0,1,2,3,1,0,0,0,0,2,2,2,-10.0
2019,248,0,P000925   ,0.0,1.0,ULK,24,"VESELY, JAN",27:30,7,3,7,0,0,1,1,1,4,5,2,4,2,1,0,3,3,13,-5.0
2019,248,0,P001324   ,0.0,1.0,ULK,35,"MUHAMMED, ALI",25:01,13,3,3,2,7,1,1,0,2,2,2,2,1,0,0,1,3,15,5.0
2019,248,0,P006399   ,1.0,0.0,ULK,44,"DUVERIOGLU, AHMET",04:42,0,0,0,0,0,0,0,0,0,0,0,0,0,1,0,2,0,-1,-3.0
2019,248,0,PCCD      ,1.0,0.0,ULK,70,"DATOME, LUIGI",15:42,5,1,1,1,2,0,0,0,4,4,1,1,0,0,0,1,0,9,-3.0
2019,248,0,P004194   ,1.0,0.0,ULK,77,"LAUVERGNE, JOFFREY",12:29,10,5,6,0,0,0,0,0,0,0,1,0,1,0,0,0,1,10,-4.0
2019,248,0,Team,0.0,0.0,ULK,,Team,,0,0,0,0,0,0,0,1,3,4,0,0,1,0,0,0,0,3,
2019,248,0,Total,,,ULK,,Total,200:00,68,18,36,8,21,8,9,5,21,26,15,9,13,3,2,18,16,72,
2019,249,1,P007200   ,1.0,0.0,IST,0,"LARKIN, SHANE",33:21,40,3,6,10,15,4,4,0,3,3,5,3,1,0,0,2,4,44,13.0
2019,249,1,P006590   ,0.0,0.0,IST,1,"BEAUBOIS, RODRIGUE",13:21,3,0,1,1,1,0,0,0,0,0,1,0,2,0,0,3,1,-1,1.0
2019,249,1,P006614   ,1.0,0.0,IST,2,"SINGLETON, CHRIS",17:50,3,1,2,0,1,1,2,1,0,1,0,1,0,0,0,5,2,-1,1.0
2019,249,1,P003521   ,0.0,0.0,IST,4,"BALBAY, DOGUS",04:22,0,0,0,0,0,0,0,0,0,0,1,0,0,0,0,0,0,1,-2.0
2019,249,1,P002968   ,0.0,1.0,IST,15,"SANLI, SERTAC",00:35,0,0,0,0,0,0,0,0,0,0,0,0,0,0,0,0,0,0,0.0
2019,249,1,P001833   ,0.0,1.0,IST,18,"MOERMAN, ADRIEN",18:13,5,2,3,0,2,1,2,1,3,4,0,1,1,0,0,2,2,5,15.0
2019,249,1,PLHK      ,1.0,0.0,IST,21,"PLEISS, TIBOR",22:48,13,6,8,0,1,1,1,1,4,5,0,1,1,1,0,1,2,17,12.0
2019,249,1,P002580   ,1.0,1.0,IST,22,"MICIC, VASILIJE",32:45,12,2,6,2,8,2,2,0,2,2,9,2,2,0,0,2,5,16,11.0
2019,249,1,P005938   ,1.0,1.0,IST,23,"ANDERSON, JAMES",28:03,4,0,1,1,2,1,2,0,4,4,0,1,0,0,0,1,1,6,12.0
2019,249,1,P008829   ,0.0,1.0,IST,25,"PETERS, ALEC",03:36,0,0,0,0,1,0,0,0,0,0,0,2,0,0,0,0,0,1,-4.0
2019,249,1,P003048   ,0.0,0.0,IST,42,"DUNSTON, BRYANT",17:52,11,3,3,0,0,5,5,0,2,2,2,0,0,0,0,2,4,17,-3.0
2019,249,1,PCPR      ,0.0,0.0,IST,44,"SIMON, KRUNOSLAV",07:14,0,0,1,0,0,0,0,2,1,3,2,0,1,0,0,0,0,3,4.0
2019,249,1,Team,0.0,0.0,IST,,Team,,0,0,0,0,0,0,0,0,1,1,0,0,0,0,0,0,0,1,
2019,249,1,Total,,,IST,,Total,200:00,91,17,31,14,31,15,18,5,20,25,20,11,8,1,0,18,21,109,
2019,249,0,P002972   ,0.0,1.0,OLY,1,"ROCHESTIE, TAYLOR",17:05,3,0,1,1,1,0,0,0,1,1,2,1,2,0,0,1,0,3,8.0
2019,249,0,P009863   ,0.0,0.0,OLY,2,"BALDWIN IV, WADE",16:21,8,2,3,1,2,1,2,0,0,0,1,0,3,0,0,3,1,1,0.0
2019,249,0,P004945   ,0.0,0.0,OLY,3,"PAUL, BRANDON",14:58,7,0,1,2,4,1,4,0,4,4,1,0,0,0,0,3,3,6,-1.0
2019,249,0,P005255   ,0.0,0.0,OLY,6,"KONIARIS, ANTONIOS",DNP,0,0,0,0,0,0,0,0,0,0,0,0,0,0,0,0,0,0,0.0
2019,249,0,P005859   ,1.0,1.0,OLY,8,"BUYCKS, DWIGHT",26:21,11,2,3,2,2,1,1,0,3,3,8,0,2,0,0,2,2,19,-13.0
2019,249,0,P003469   ,0.0,1.0,OLY,14,"VEZENKOV, SASHA",17:01,10,5,5,0,3,0,0,1,3,4,1,0,2,0,0,1,2,11,2.0
2019,249,0,PAMM      ,1.0,0.0,OLY,15,"PRINTEZIS, GEORGIOS",21:18,9,3,7,0,1,3,4,2,2,4,1,0,2,0,0,1,3,8,-15.0
2019,249,0,P001255   ,1.0,0.0,OLY,16,"PAPANIKOLAOU, KOSTAS",23:39,8,1,1,2,2,0,0,0,4,4,3,1,4,0,0,1,0,11,-15.0
2019,249,0,P008232   ,0.0,0.0,OLY,20,"POKUSEVSKI, ALEKSEJ",DNP,0,0,0,0,0,0,0,0,0,0,0,0,0,0,0,0,0,0,0.0
2019,249,0,P006477   ,0.0,1.0,OLY,21,"RUBIT, AUGUSTINE",12:49,4,1,1,0,1,2,2,1,2,3,1,2,2,0,0,3,3,7,6.0
2019,249,0,P009580   ,1.0,0.0,OLY,32,"ELLIS, OCTAVIUS",28:16,14,6,7,0,0,2,2,1,2,3,1,1,1,0,1,5,1,12,-17.0
2019,249,0,P007853   ,1.0,1.0,OLY,77,"MCKISSIC, SHAQUIELLE",22:12,5,1,5,1,2,0,2,0,0,0,2,1,0,0,0,1,3,3,-15.0
2019,249,0,Team,0.0,0.0,OLY,,Team,,0,0,0,0,0,0,0,1,4,5,0,0,1,0,0,0,0,4,
2019,249,0,Total,,,OLY,,Total,200:00,79,21,34,9,18,10,17,6,25,31,21,6,19,0,1,21,18,85,
2019,250,1,P009862   ,0.0,1.0,RED,0,"PUNTER, KEVIN",23:48,22,3,8,4,6,4,5,0,0,0,2,2,0,0,0,2,4,20,-4.0
2019,250,1,P009622   ,1.0,1.0,RED,4,"BROWN, LORENZO",25:06,4,0,2,0,1,4,5,0,2,2,9,0,5,0,0,3,2,5,17.0
2019,250,1,PKRH      ,0.0,0.0,RED,5,"PERPEROGLOU, STRATOS",17:16,5,1,3,1,3,0,0,0,0,0,0,1,1,0,1,0,0,0,2.0
2019,250,1,P007960   ,0.0,1.0,RED,7,"DAVIDOVAC, DEJAN",22:48,2,1,1,0,0,0,0,0,2,2,0,1,1,0,0,3,1,2,-3.0
2019,250,1,PLUO      ,1.0,0.0,RED,10,"LAZIC, BRANKO",12:56,8,1,1,2,4,0,0,0,0,0,1,0,0,0,0,3,1,5,18.0
2019,250,1,P005775   ,1.0,1.0,RED,12,"BARON, BILLY",26:00,22,2,4,5,7,3,4,0,5,5,4,0,1,0,0,1,2,26,16.0
2019,250,1,P002980   ,1.0,1.0,RED,15,"GIST, JAMES",24:17,12,4,8,1,1,1,4,2,3,5,1,1,0,1,1,4,3,11,17.0
2019,250,1,P003417   ,0.0,0.0,RED,16,"LUCAS, KALIN",14:54,2,1,2,0,1,0,0,0,0,0,4,1,0,0,0,1,1,5,-1.0
2019,250,1,P005014   ,0.0,0.0,RED,22,"JENKINS, CHARLES",DNP,0,0,0,0,0,0,0,0,0,0,0,0,0,0,0,0,0,0,0.0
2019,250,1,P005618   ,0.0,0.0,RED,28,"SIMANIC, BORISA",DNP,0,0,0,0,0,0,0,0,0,0,0,0,0,0,0,0,0,0,0.0
2019,250,1,P008801   ,0.0,0.0,RED,50,"OJO, MICHAEL",09:07,3,1,2,0,0,1,2,0,2,2,0,0,2,0,0,4,1,-2,-3.0
2019,250,1,PLBJ      ,1.0,0.0,RED,91,"STIMAC, VLADIMIR",23:48,12,4,8,0,0,4,7,7,5,12,2,0,2,1,1,2,9,24,21.0
2019,250,1,Team,0.0,0.0,RED,,Team,,0,0,0,0,0,0,0,4,2,6,0,0,2,0,0,0,0,4,
2019,250,1,Total,,,RED,,Total,200:00,92,18,39,13,23,17,27,13,21,34,23,6,14,2,3,23,24,100,
2019,250,0,P009846   ,1.0,1.0,TEL,0,"BRYANT, ELIJAH",19:25,3,0,0,1,4,0,0,0,0,0,1,1,2,0,0,2,0,-2,-8.0
2019,250,0,P006661   ,1.0,0.0,TEL,1,"WILBEKIN, SCOTTIE",20:04,11,1,2,3,6,0,0,0,2,2,4,0,1,0,0,0,4,16,-20.0
2019,250,0,P009847   ,1.0,0.0,TEL,2,"ACY, QUINCY",05:03,0,0,0,0,1,0,0,0,0,0,0,1,0,0,0,2,0,-2,-3.0
2019,250,0,P007942   ,0.0,1.0,TEL,3,"REYNOLDS, JALEN",13:33,7,3,6,0,0,1,2,4,6,10,0,1,2,1,0,1,1,13,-3.0
2019,250,0,P005771   ,0.0,1.0,TEL,4,"CALOIARO, ANGELO",23:28,8,2,2,0,2,4,6,3,1,4,3,0,3,0,0,2,5,11,0.0
2019,250,0,P005160   ,1.0,0.0,TEL,5,"HUNTER, OTHELLO",18:32,8,4,6,0,0,0,0,0,3,3,2,0,1,2,1,1,0,10,-13.0
2019,250,0,P007675   ,0.0,0.0,TEL,8,"AVDIJA, DENI",14:08,3,1,2,0,4,1,2,1,1,2,1,1,0,0,1,5,2,-3,-2.0
2019,250,0,P003413   ,0.0,1.0,TEL,9,"JACKSON, AARON",19:56,4,0,0,1,2,1,2,0,1,1,2,0,3,0,0,1,1,2,4.0
2019,250,0,P009849   ,0.0,0.0,TEL,11,"DORSEY, TYLER",28:32,19,2,5,3,8,6,8,0,4,4,1,2,4,0,0,3,6,15,-11.0
2019,250,0,P005145   ,0.0,1.0,TEL,15,"COHEN, JAKE",16:36,7,0,0,2,2,1,2,0,1,1,2,1,1,0,0,4,2,7,-12.0
2019,250,0,P007069   ,0.0,0.0,TEL,32,"STOUDEMIRE, AMAR'E",07:55,4,1,1,0,0,2,2,0,1,1,0,1,0,0,0,1,1,6,0.0
2019,250,0,P006625   ,1.0,0.0,TEL,50,"ZOOSMAN, YOVEL",12:48,2,1,1,0,1,0,0,0,2,2,1,0,2,0,0,3,1,0,-12.0
2019,250,0,Team,0.0,0.0,TEL,,Team,,0,0,0,0,0,0,0,2,4,6,0,0,0,0,0,0,0,6,
2019,250,0,Total,,,TEL,,Total,200:00,76,15,25,10,30,16,24,10,26,36,17,8,19,3,2,25,23,79,
2019,251,1,P007870   ,0.0,0.0,BAR,0,"DAVIES, BRANDON",14:56,7,2,6,0,0,3,3,3,2,5,0,1,2,0,1,3,2,5,-12.0
2019,251,1,PJUG      ,0.0,1.0,BAR,5,"RIBAS, PAU",13:30,0,0,0,0,4,0,0,1,3,4,2,2,2,0,0,1,0,1,12.0
2019,251,1,P005099   ,1.0,1.0,BAR,8,"HANGA, ADAM",15:59,4,2,4,0,0,0,0,0,0,0,1,0,1,0,0,3,1,0,-2.0
2019,251,1,P007109   ,0.0,0.0,BAR,10,"SMITS, ROLANDS",DNP,0,0,0,0,0,0,0,0,0,0,0,0,0,0,0,0,0,0,0.0
2019,251,1,P005917   ,0.0,0.0,BAR,18,"ORIOLA, PIERRE",18:31,3,0,1,1,2,0,2,2,2,4,0,0,0,0,0,1,2,4,7.0
2019,251,1,P003478   ,0.0,0.0,BAR,21,"ABRINES, ALEX",15:33,3,0,3,1,3,0,0,0,0,0,1,0,0,0,0,1,0,-2,10.0
2019,251,1,P006450   ,1.0,1.0,BAR,22,"HIGGINS, CORY",29:05,16,4,5,2,4,2,2,1,2,3,4,0,1,1,0,3,5,22,4.0
2019,251,1,P004331   ,0.0,0.0,BAR,23,"DELANEY, MALCOLM",10:43,3,0,1,0,2,3,4,1,1,2,1,1,1,1,0,3,3,3,-7.0
2019,251,1,P005789   ,0.0,0.0,BAR,24,"KURIC, KYLE",16:37,13,1,1,2,6,5,5,1,1,2,1,0,0,1,0,1,4,16,12.0
2019,251,1,P000556   ,1.0,0.0,BAR,30,"CLAVER, VICTOR",18:33,2,1,1,0,1,0,0,1,0,1,1,1,1,0,0,2,1,2,-20.0
2019,251,1,P000796   ,1.0,1.0,BAR,33,"MIROTIC, NIKOLA",31:19,28,1,3,5,9,11,12,1,7,8,4,1,2,0,1,4,10,37,10.0
2019,251,1,P002507   ,1.0,1.0,BAR,44,"TOMIC, ANTE",15:14,4,1,3,0,0,2,4,0,2,2,2,0,1,0,0,0,2,5,1.0
2019,251,1,Team,0.0,0.0,BAR,,Team,,0,0,0,0,0,0,0,3,3,6,0,0,1,0,0,0,0,5,
2019,251,1,Total,,,BAR,,Total,200:00,83,12,28,11,31,26,32,14,23,37,17,6,12,3,2,22,30,98,
2019,251,0,P009834   ,1.0,1.0,MUN,5,"BRAY, THOMAS",24:25,5,0,1,1,5,2,2,0,3,3,1,1,2,0,0,1,1,3,-13.0
2019,251,0,PBOG      ,0.0,0.0,MUN,7,"KING, ALEX",10:18,0,0,0,0,1,0,0,0,1,1,1,1,0,0,0,3,0,-1,-7.0
2019,251,0,P009835   ,1.0,1.0,MUN,10,"MONROE, GREG",25:05,19,8,18,0,0,3,4,4,4,8,3,1,4,1,1,2,2,16,8.0
2019,251,0,P001288   ,1.0,1.0,MUN,11,"LUCIC, VLADIMIR",28:49,12,0,2,3,5,3,5,1,4,5,1,2,0,0,0,1,6,19,-3.0
2019,251,0,P007032   ,1.0,0.0,MUN,12,"LO, MAODO",25:07,14,1,4,4,7,0,2,1,1,2,2,1,2,0,2,5,4,6,11.0
2019,251,0,P005056   ,0.0,0.0,MUN,16,"ZIPSER, PAUL",20:29,5,1,2,1,4,0,0,0,1,1,4,0,0,0,0,5,0,1,-3.0
2019,251,0,P005670   ,0.0,0.0,MUN,21,"FLACCADORI, DIEGO",07:04,2,1,1,0,0,0,0,0,1,1,0,0,1,0,0,2,0,0,-2.0
2019,251,0,P003490   ,1.0,1.0,MUN,22,"BARTHEL, DANILO",18:05,7,2,2,1,2,0,0,2,4,6,0,1,1,0,0,3,4,13,7.0
2019,251,0,P003842   ,0.0,0.0,MUN,26,"LESSORT, MATHIAS",11:03,6,2,4,0,0,2,6,5,0,5,0,0,1,1,0,3,4,6,-5.0
2019,251,0,P004571   ,0.0,1.0,MUN,31,"SISKO, ZAN",20:57,10,1,2,2,3,2,2,1,1,2,3,0,2,0,0,4,1,8,-6.0
2019,251,0,P009723   ,0.0,0.0,MUN,34,"HUESTIS, JOSHUA",DNP,0,0,0,0,0,0,0,0,0,0,0,0,0,0,0,0,0,0,0.0
2019,251,0,PLEM      ,0.0,0.0,MUN,43,"RADOSEVIC, LEON",08:38,0,0,1,0,0,0,0,0,0,0,0,0,1,0,0,1,0,-3,-2.0
2019,251,0,Team,0.0,0.0,MUN,,Team,,0,0,0,0,0,0,0,1,3,4,0,0,0,0,0,0,0,4,
2019,251,0,Total,,,MUN,,Total,200:00,80,16,37,12,27,12,21,15,23,38,15,7,14,2,3,30,22,72,
2019,252,1,P005415   ,0.0,0.0,BAS,1,"PENAVA, AJDIN",DNP,0,0,0,0,0,0,0,0,0,0,0,0,0,0,0,0,0,0,0.0
2019,252,1,P008032   ,1.0,0.0,BAS,5,"GONZALEZ, MIGUEL",17:11,0,0,0,0,2,0,0,1,2,3,0,0,0,0,0,0,2,3,-1.0
2019,252,1,P009888   ,1.0,1.0,BAS,6,"CHRISTON, SEMAJ",30:37,14,6,9,0,3,2,5,1,1,2,5,1,2,0,0,3,5,13,-12.0
2019,252,1,P006754   ,0.0,1.0,BAS,7,"HENRY, PIERRIA",24:59,2,1,3,0,1,0,0,0,2,2,6,1,0,0,0,2,1,7,4.0
2019,252,1,P009918   ,0.0,0.0,BAS,10,"LOPEZ, LAUTARO",DNP,0,0,0,0,0,0,0,0,0,0,0,0,0,0,0,0,0,0,0.0
2019,252,1,P004165   ,1.0,1.0,BAS,11,"JANNING, MATT",33:36,10,2,6,2,3,0,0,0,4,4,3,2,1,0,1,1,2,13,13.0
2019,252,1,P003540   ,0.0,0.0,BAS,12,"DIOP, ILIMANE",16:47,11,4,6,0,1,3,3,0,2,2,0,0,1,0,0,2,4,11,9.0
2019,252,1,P005458   ,0.0,0.0,BAS,17,"GARCIA, SERGI",DNP,0,0,0,0,0,0,0,0,0,0,0,0,0,0,0,0,0,0,0.0
2019,252,1,P006568   ,0.0,0.0,BAS,19,"FALL, YOUSSOUPHA",03:07,0,0,0,0,0,0,0,0,1,1,0,0,3,0,0,2,0,-4,-6.0
2019,252,1,P001133   ,1.0,1.0,BAS,23,"SHENGELIA, TORNIKE",34:26,24,8,13,1,4,5,6,4,3,7,5,3,3,1,2,3,5,28,-1.0
2019,252,1,P002084   ,0.0,1.0,BAS,33,"POLONARA, ACHILLE",25:08,5,1,3,1,1,0,0,1,2,3,1,0,0,1,1,2,1,6,4.0
2019,252,1,P007360   ,1.0,0.0,BAS,50,"ERIC, MICHAEL",14:09,7,3,5,0,0,1,3,1,1,2,1,2,2,0,0,3,2,5,-5.0
2019,252,1,Team,0.0,0.0,BAS,,Team,,0,0,0,0,0,0,0,2,4,6,0,0,2,0,0,0,0,4,
2019,252,1,Total,,,BAS,,Total,200:00,73,25,45,4,15,11,17,10,22,32,21,9,14,2,4,18,22,86,
2019,252,0,P001557   ,1.0,1.0,BER,5,"GIFFEY, NIELS",23:46,14,3,5,2,4,2,2,0,1,1,1,1,0,2,0,4,1,12,-6.0
2019,252,0,P008211   ,0.0,0.0,BER,6,"DELOW, MALTE",05:27,4,2,2,0,1,0,0,0,0,0,1,0,0,0,0,0,0,4,0.0
2019,252,0,P003151   ,1.0,1.0,BER,8,"ERIKSSON, MARCUS",34:02,16,2,4,4,8,0,0,1,1,2,1,0,1,1,0,1,2,14,-3.0
2019,252,0,P007025   ,0.0,0.0,BER,9,"MATTISSECK, JONAS",15:05,8,0,0,2,3,2,2,1,1,2,2,0,3,0,0,4,2,6,4.0
2019,252,0,P008780   ,1.0,1.0,BER,15,"HERMANNSSON, MARTIN",30:20,5,1,3,1,5,0,0,0,3,3,6,0,4,0,1,1,3,5,-1.0
2019,252,0,P006819   ,0.0,0.0,BER,16,"NIKIC, KRESIMIR",05:03,0,0,0,0,0,0,0,0,0,0,0,0,1,0,0,1,1,-1,0.0
2019,252,0,P003242   ,0.0,0.0,BER,25,"OGBE, KENNETH",12:38,5,1,2,1,2,0,0,0,0,0,1,0,0,0,0,1,0,3,8.0
2019,252,0,P003958   ,0.0,0.0,BER,32,"THIEMANN, JOHANNES",15:25,6,0,1,2,2,0,0,0,3,3,1,0,2,0,0,3,2,6,-1.0
2019,252,0,P009601   ,0.0,1.0,BER,34,"CAVANAUGH, TYLER",18:20,2,1,1,0,2,0,0,2,6,8,2,1,2,1,0,3,3,10,-6.0
2019,252,0,P009051   ,1.0,0.0,BER,35,"NNOKO, LANDRY",13:31,3,1,4,0,0,1,2,1,4,5,1,0,2,0,0,2,3,4,3.0
2019,252,0,P006589   ,1.0,1.0,BER,43,"SIKMA, LUKE",26:23,9,3,7,1,1,0,0,3,3,6,6,2,3,0,1,2,1,14,-3.0
2019,252,0,Team,0.0,0.0,BER,,Team,,0,0,0,0,0,0,0,0,2,2,0,0,0,0,0,0,0,2,
2019,252,0,Total,,,BER,,Total,200:00,72,14,29,13,28,5,6,8,24,32,22,4,18,4,2,22,18,79,
