Season,Phase,Round,Gamecode,Home,Player_ID,IsStarter,IsPlaying,Team,Dorsal,Player,Minutes,Points,FieldGoalsMade2,FieldGoalsAttempted2,FieldGoalsMade3,FieldGoalsAttempted3,FreeThrowsMade,FreeThrowsAttempted,OffensiveRebounds,DefensiveRebounds,TotalRebounds,Assistances,Steals,Turnovers,BlocksFavour,BlocksAgainst,FoulsCommited,FoulsReceived,Valuation,Plusminus
2022,RS,1,1,1,P011209   ,0.0,0.0,PAN,0,"KALAITZAKIS, PANAGIOTIS",02:15,0,0,0,0,0,0,0,1,0,1,0,0,0,0,0,0,0,1,-7.0
2022,RS,1,1,1,P011225   ,1.0,1.0,PAN,5,"LEE, PARIS",26:10,12,1,2,3,9,1,2,0,3,3,3,2,0,0,0,1,2,13,3.0
2022,RS,1,1,1,P005844   ,1.0,1.0,PAN,6,"PAPAGIANNIS, GEORGIOS",22:43,6,3,9,0,0,0,0,1,4,5,0,1,1,0,1,2,0,2,-4.0
2022,RS,1,1,1,P003240   ,0.0,0.0,PAN,7,"BOCHORIDIS, ELEFTHERIOS",14:48,5,1,6,1,2,0,1,2,4,6,1,0,3,1,3,0,2,2,-8.0
2022,RS,1,1,1,P009006   ,1.0,1.0,PAN,8,"WILLIAMS, DERRICK",33:01,15,2,3,2,4,5,10,0,4,4,1,1,0,0,1,1,6,17,-11.0
2022,RS,1,1,1,P011248   ,0.0,0.0,PAN,12,"ANDREWS, ANDREW",13:24,8,1,2,1,2,3,3,0,0,0,2,0,1,0,0,1,3,9,-3.0
2022,RS,1,1,1,P006586   ,1.0,0.0,PAN,16,"KALAITZAKIS, GEORGIOS",17:32,2,1,3,0,1,0,0,0,2,2,1,5,1,0,1,4,1,2,3.0
2022,RS,1,1,1,P011396   ,0.0,0.0,PAN,33,"CHOUGKAZ, NIKOS",DNP,0,0,0,0,0,0,0,0,0,0,0,0,0,0,0,0,0,0,0.0
2022,RS,1,1,1,P004172   ,0.0,1.0,PAN,37,"PONITKA, MATEUSZ",24:28,5,0,2,1,1,2,4,1,5,6,4,0,1,0,0,3,4,11,9.0
2022,RS,1,1,1,P002328   ,1.0,1.0,PAN,40,"GRIGONIS, MARIUS",28:22,5,1,5,1,9,0,0,0,0,0,1,1,1,0,0,3,1,-8,2.0
2022,RS,1,1,1,P008084   ,0.0,0.0,PAN,72,"MANTZOUKAS, ELEFTHERIOS",DNP,0,0,0,0,0,0,0,0,0,0,0,0,0,0,0,0,0,0,0.0
2022,RS,1,1,1,P003120   ,0.0,0.0,PAN,77,"GUDAITIS, ARTURAS",17:17,10,5,8,0,0,0,1,3,0,3,2,0,0,0,1,1,3,12,1.0
2022,RS,1,1,1,Team,0.0,0.0,PAN,,Team,,0,0,0,0,0,0,0,3,1,4,0,0,0,0,0,0,0,4,
2022,RS,1,1,1,Total,,,PAN,,Total,200:00,68,15,40,9,28,11,21,11,23,34,15,10,8,1,7,16,22,65,
2022,RS,1,1,0,P001392   ,1.0,1.0,MAD,1,"CAUSEUR, FABIEN",18:04,8,1,2,2,3,0,0,0,2,2,0,1,1,0,0,4,1,5,1.0
2022,RS,1,1,0,P011649   ,0.0,0.0,MAD,7,"GONZÁLEZ, HUGO",DNP,0,0,0,0,0,0,0,0,0,0,0,0,0,0,0,0,0,0,0.0
2022,RS,1,1,0,P003108   ,0.0,1.0,MAD,11,"HEZONJA, MARIO",17:40,8,1,2,2,4,0,0,0,3,3,0,0,0,1,0,1,1,9,-1.0
2022,RS,1,1,0,PCVM      ,0.0,0.0,MAD,13,"RODRIGUEZ, SERGIO",11:02,2,1,3,0,0,0,0,0,1,1,2,1,1,0,1,2,0,0,-5.0
2022,RS,1,1,0,P009005   ,1.0,1.0,MAD,14,"DECK, GABRIEL",32:14,9,4,9,0,1,1,2,3,10,13,2,1,6,0,0,3,6,15,8.0
2022,RS,1,1,0,P004887   ,0.0,0.0,MAD,17,"POIRIER, VINCENT",10:49,3,1,4,0,0,1,2,2,3,5,0,0,1,1,0,3,1,2,-2.0
2022,RS,1,1,0,P004790   ,0.0,0.0,MAD,21,"CORNELIE, PETR",04:15,2,1,1,0,2,0,0,0,4,4,0,0,0,0,0,1,0,3,-4.0
2022,RS,1,1,0,P005791   ,1.0,1.0,MAD,22,"TAVARES, WALTER",29:11,14,6,6,0,0,2,3,2,4,6,1,1,2,4,0,4,3,22,5.0
2022,RS,1,1,0,PTGB      ,0.0,0.0,MAD,23,"LLULL, SERGIO",25:32,6,0,1,2,5,0,0,0,1,1,5,0,4,0,0,2,1,3,11.0
2022,RS,1,1,0,P010357   ,1.0,1.0,MAD,28,"YABUSELE, GUERSCHON",26:37,6,3,9,0,2,0,0,1,4,5,0,0,1,1,0,1,1,3,0.0
2022,RS,1,1,0,P009213   ,0.0,0.0,MAD,30,"NDIAYE, ELI",DNP,0,0,0,0,0,0,0,0,0,0,0,0,0,0,0,0,0,0,0.0
2022,RS,1,1,0,P006540   ,1.0,0.0,MAD,31,"MUSA, DZANAN",24:36,13,4,4,1,4,2,2,0,3,3,3,1,3,0,0,1,2,15,2.0
2022,RS,1,1,0,Team,0.0,0.0,MAD,,Team,,0,0,0,0,0,0,0,3,3,6,0,0,0,0,0,0,0,6,
2022,RS,1,1,0,Total,,,MAD,,Total,200:00,71,22,41,7,21,6,9,11,38,49,13,5,19,7,1,22,16,83,
2022,RS,1,2,1,P011936   ,0.0,1.0,ASV,0,"MATHEWS, JONAH",25:34,11,2,5,2,6,1,1,0,2,2,1,1,1,0,0,2,1,6,-16.0
2022,RS,1,2,1,P011937   ,0.0,0.0,ASV,1,"POLITE, ANTHONY",05:41,0,0,0,0,0,0,0,0,2,2,0,1,0,0,0,1,0,2,-9.0
2022,RS,1,2,1,P006068   ,1.0,1.0,ASV,2,"NOUA, AMINE",32:26,6,3,6,0,3,0,0,1,7,8,3,0,1,1,1,3,0,7,2.0
2022,RS,1,2,1,P001261   ,0.0,0.0,ASV,6,"LACOMBE, PAUL",DNP,0,0,0,0,0,0,0,0,0,0,0,0,0,0,0,0,0,0,0.0
2022,RS,1,2,1,PTFK      ,0.0,0.0,ASV,8,"DIOT, ANTOINE",06:43,0,0,0,0,0,0,0,0,0,0,0,0,0,0,0,1,1,0,2.0
2022,RS,1,2,1,P010718   ,0.0,0.0,ASV,10,"RISACHER, ZACCHARIE",DNP,0,0,0,0,0,0,0,0,0,0,0,0,0,0,0,0,0,0,0.0
2022,RS,1,2,1,P002100   ,1.0,1.0,ASV,12,"DE COLO, NANDO",29:55,18,3,9,3,5,3,3,0,5,5,4,2,6,0,0,2,6,19,-10.0
2022,RS,1,2,1,P006568   ,1.0,0.0,ASV,19,"FALL, YOUSSOUPHA",23:18,11,4,6,0,0,3,4,0,4,4,0,0,4,0,1,3,4,8,-7.0
2022,RS,1,2,1,P003526   ,1.0,1.0,ASV,23,"LIGHTY, DAVID",32:09,12,3,8,1,2,3,5,1,1,2,3,0,1,0,1,2,4,9,1.0
2022,RS,1,2,1,P011386   ,0.0,0.0,ASV,31,"NOAM, YAACOV",DNP,0,0,0,0,0,0,0,0,0,0,0,0,0,0,0,0,0,0,0.0
2022,RS,1,2,1,P011938   ,1.0,0.0,ASV,32,"OBASOHAN, RETIN",19:58,2,1,3,0,1,0,0,0,1,1,3,2,3,0,0,3,1,0,11.0
2022,RS,1,2,1,P006832   ,0.0,1.0,ASV,35,"PONS, YVES",24:16,2,1,1,0,1,0,0,2,0,2,0,2,1,1,0,1,1,5,-9.0
2022,RS,1,2,1,Team,0.0,0.0,ASV,,Team,,0,0,0,0,0,0,0,3,2,5,0,0,0,0,0,0,0,5,
2022,RS,1,2,1,Total,,,ASV,,Total,200:00,62,17,38,6,18,10,13,7,24,31,14,8,17,2,3,18,18,61,
2022,RS,1,2,0,P007870   ,0.0,0.0,MIL,0,"DAVIES, BRANDON",12:08,4,0,2,0,0,4,6,0,1,1,1,1,2,1,0,4,5,3,-1.0
2022,RS,1,2,0,P005094   ,0.0,0.0,MIL,1,"THOMAS, DESHAUN",03:41,0,0,2,0,1,0,0,1,0,1,0,0,1,0,0,1,0,-4,-3.0
2022,RS,1,2,0,P006433   ,1.0,0.0,MIL,5,"PANGOS, KEVIN",23:41,3,0,2,1,7,0,0,1,3,4,2,1,2,0,0,1,2,1,3.0
2022,RS,1,2,0,P006509   ,0.0,1.0,MIL,7,"TONUT, STEFANO",26:05,8,3,3,0,3,2,2,1,5,6,2,1,0,0,0,1,1,14,6.0
2022,RS,1,2,0,P002849   ,1.0,1.0,MIL,9,"MELLI, NICOLO",28:00,16,5,8,1,2,3,4,0,4,4,0,1,0,0,0,3,5,18,6.0
2022,RS,1,2,0,P005775   ,1.0,1.0,MIL,12,"BARON, BILLY",28:40,18,3,5,4,4,0,0,1,3,4,5,0,2,0,1,2,2,22,10.0
2022,RS,1,2,0,P001518   ,0.0,0.0,MIL,17,"RICCI, GIAMPAOLO",02:21,0,0,1,0,0,0,0,1,0,1,0,0,1,0,0,0,0,-1,-5.0
2022,RS,1,2,0,P011205   ,0.0,1.0,MIL,22,"HALL, DEVON",30:32,4,1,6,0,2,2,2,1,2,3,4,1,4,0,0,3,1,-1,19.0
2022,RS,1,2,0,P007831   ,0.0,0.0,MIL,31,"SHIELDS, SHAVON",DNP,0,0,0,0,0,0,0,0,0,0,0,0,0,0,0,0,0,0,0.0
2022,RS,1,2,0,P005059   ,0.0,0.0,MIL,40,"ALVITI, DAVIDE",DNP,0,0,0,0,0,0,0,0,0,0,0,0,0,0,0,0,0,0,0.0
2022,RS,1,2,0,P002812   ,1.0,1.0,MIL,42,"HINES, KYLE",20:26,8,4,6,0,0,0,0,4,2,6,1,0,2,1,1,2,1,10,-3.0
2022,RS,1,2,0,P007201   ,1.0,0.0,MIL,77,"VOIGTMANN, JOHANNES",24:26,8,1,2,2,4,0,0,0,8,8,2,2,2,1,0,1,1,16,3.0
2022,RS,1,2,0,Team,0.0,0.0,MIL,,Team,,0,0,0,0,0,0,0,1,0,1,0,0,1,0,0,0,0,0,
2022,RS,1,2,0,Total,,,MIL,,Total,200:00,69,17,37,8,23,11,14,11,28,39,17,7,17,3,2,18,18,78,
2022,RS,1,3,1,P009622   ,1.0,1.0,TEL,4,"BROWN, LORENZO",34:30,13,5,7,1,5,0,0,0,2,2,11,1,4,0,0,0,3,20,7.0
2022,RS,1,3,1,P009863   ,1.0,0.0,TEL,5,"BALDWIN IV, WADE",23:44,15,3,6,3,6,0,0,0,2,2,2,3,0,0,0,5,1,12,0.0
2022,RS,1,3,1,P011967   ,0.0,0.0,TEL,6,"MARTIN, JARELL",18:44,3,1,3,0,1,1,2,2,2,4,2,2,0,1,1,2,1,6,-11.0
2022,RS,1,3,1,P004233   ,0.0,0.0,TEL,8,"MENCO, RAFI",06:24,5,1,1,0,0,3,3,0,0,0,0,1,0,0,0,1,1,6,-4.0
2022,RS,1,3,1,P011219   ,0.0,0.0,TEL,9,"SORKIN, ROMAN",DNP,0,0,0,0,0,0,0,0,0,0,0,0,0,0,0,0,0,0,0.0
2022,RS,1,3,1,PLKX      ,0.0,0.0,TEL,10,"PNINI, GUY",DNP,0,0,0,0,0,0,0,0,0,0,0,0,0,0,0,0,0,0,0.0
2022,RS,1,3,1,P007990   ,0.0,0.0,TEL,12,"DIBARTOLOMEO, JOHN",08:32,2,0,0,0,3,2,2,0,0,0,1,0,0,0,0,3,1,-2,-9.0
2022,RS,1,3,1,P008989   ,0.0,1.0,TEL,13,"HILLIARD, DARRUN",12:49,8,1,1,2,3,0,0,0,2,2,1,0,1,0,0,2,0,7,-1.0
2022,RS,1,3,1,P009917   ,0.0,0.0,TEL,20,"HOLLINS, AUSTIN",03:51,2,1,1,0,1,0,0,0,0,0,0,0,0,0,0,1,1,1,2.0
2022,RS,1,3,1,P009960   ,1.0,1.0,TEL,22,"POYTHRESS, ALEX",29:30,12,4,6,0,2,4,4,4,1,5,1,1,2,1,1,3,2,12,-4.0
2022,RS,1,3,1,P011199   ,1.0,1.0,TEL,32,"NEBO, JOSH",29:50,8,4,7,0,0,0,2,0,3,3,1,0,0,0,0,1,2,8,9.0
2022,RS,1,3,1,P009783   ,1.0,1.0,TEL,50,"COLSON, BONZIE",32:06,16,6,7,0,3,4,4,0,6,6,2,2,0,4,0,1,4,29,16.0
2022,RS,1,3,1,Team,0.0,0.0,TEL,,Team,,0,0,0,0,0,0,0,1,1,2,0,0,0,0,0,0,0,2,
2022,RS,1,3,1,Total,,,TEL,,Total,200:00,84,26,39,6,24,14,17,7,19,26,21,10,7,6,2,19,16,101,
2022,RS,1,3,0,P011218   ,1.0,1.0,ZAL,2,"EVANS, KEENAN",22:17,17,5,7,1,4,4,4,0,0,0,1,0,2,0,1,2,4,12,-20.0
2022,RS,1,3,0,P003210   ,0.0,0.0,ZAL,4,"LEKAVICIUS, LUKAS",17:58,10,3,5,0,1,4,4,1,3,4,2,0,0,0,0,2,3,14,21.0
2022,RS,1,3,0,P010390   ,1.0,1.0,ZAL,8,"HAYES, KEVARRIUS",17:43,16,7,9,0,0,2,3,6,3,9,0,1,2,1,2,3,4,21,2.0
2022,RS,1,3,0,PJBX      ,0.0,0.0,ZAL,9,"KALNIETIS, MANTAS",DNP,0,0,0,0,0,0,0,0,0,0,0,0,0,0,0,0,0,0,0.0
2022,RS,1,3,0,P007109   ,0.0,0.0,ZAL,10,"SMITS, ROLANDS",24:44,9,3,6,1,2,0,1,5,4,9,0,0,1,0,0,2,1,11,11.0
2022,RS,1,3,0,P005504   ,0.0,0.0,ZAL,15,"BIRUTIS, LAURYNAS",09:12,0,0,0,0,0,0,0,1,2,3,0,0,1,0,0,1,0,1,-1.0
2022,RS,1,3,0,P006158   ,0.0,0.0,ZAL,16,"LUKOSIUNAS, KAROLIS",03:42,0,0,0,0,0,0,0,0,0,0,0,0,0,0,0,0,0,0,-7.0
2022,RS,1,3,0,P011983   ,1.0,0.0,ZAL,17,"BRAZDEIKIS, IGNAS",19:25,8,4,8,0,2,0,1,2,3,5,1,1,4,0,1,1,2,4,-11.0
2022,RS,1,3,0,P003211   ,0.0,1.0,ZAL,33,"DIMSA, TOMAS",17:17,13,2,4,3,5,0,0,0,1,1,0,1,1,0,0,0,3,13,14.0
2022,RS,1,3,0,P009601   ,1.0,0.0,ZAL,34,"CAVANAUGH, TYLER",21:56,2,1,5,0,3,0,0,1,5,6,0,0,1,0,2,0,0,-2,-9.0
2022,RS,1,3,0,P002676   ,0.0,1.0,ZAL,51,"BUTKEVICIUS, ARNAS",19:35,5,2,2,0,1,1,1,1,2,3,2,0,0,0,0,4,1,6,7.0
2022,RS,1,3,0,P002329   ,1.0,1.0,ZAL,92,"ULANOVAS, EDGARAS",26:11,3,1,2,0,1,1,1,0,2,2,2,0,3,1,0,1,1,3,-12.0
2022,RS,1,3,0,Team,0.0,0.0,ZAL,,Team,,0,0,0,0,0,0,0,0,1,1,0,0,0,0,0,0,0,1,
2022,RS,1,3,0,Total,,,ZAL,,Total,200:00,83,28,48,5,19,12,15,17,26,43,8,3,15,2,6,16,19,84,
2022,RS,1,4,1,P010391   ,0.0,1.0,MUN,0,"WEILER-BABB, NICK",25:23,12,3,3,2,4,0,0,0,1,1,5,0,1,1,0,3,1,14,0.0
2022,RS,1,4,1,P009866   ,0.0,0.0,MUN,2,"WALDEN, COREY",15:10,6,0,1,2,5,0,0,0,2,2,1,1,2,0,0,3,2,3,-2.0
2022,RS,1,4,1,P011940   ,1.0,0.0,MUN,5,"WINSTON, CASSIUS",18:02,6,0,6,2,3,0,0,1,0,1,2,1,3,0,0,1,0,-1,-11.0
2022,RS,1,4,1,P005160   ,0.0,0.0,MUN,8,"HUNTER, OTHELLO",23:08,18,6,7,2,3,0,0,3,5,8,3,1,1,1,0,1,0,27,-4.0
2022,RS,1,4,1,P004058   ,1.0,1.0,MUN,10,"JARAMAZ, OGNJEN",16:13,2,0,1,0,3,2,2,1,2,3,2,0,3,0,0,1,3,2,-3.0
2022,RS,1,4,1,P001288   ,1.0,0.0,MUN,11,"LUCIC, VLADIMIR",29:47,2,0,5,0,0,2,2,2,1,3,1,0,1,0,1,0,3,2,-13.0
2022,RS,1,4,1,P004508   ,0.0,1.0,MUN,13,"OBST, ANDREAS",16:50,10,2,3,2,7,0,0,0,0,0,0,0,0,0,0,1,1,4,-7.0
2022,RS,1,4,1,P005056   ,0.0,0.0,MUN,16,"ZIPSER, PAUL",07:53,0,0,0,0,1,0,0,0,0,0,0,0,0,0,0,1,0,-2,-1.0
2022,RS,1,4,1,P005478   ,0.0,1.0,MUN,17,"WIMBERG, NIKLAS",03:52,0,0,0,0,0,0,0,0,0,0,0,0,1,0,0,1,1,-1,4.0
2022,RS,1,4,1,P006477   ,1.0,0.0,MUN,21,"RUBIT, AUGUSTINE",19:27,2,1,1,0,0,0,0,0,2,2,0,0,3,0,0,3,1,-1,-19.0
2022,RS,1,4,1,P004571   ,0.0,0.0,MUN,31,"SISKO, ZAN MARK",10:56,0,0,1,0,0,0,0,1,1,2,2,0,0,0,0,2,1,2,-2.0
2022,RS,1,4,1,P011941   ,1.0,1.0,MUN,33,"GILLESPIE, FREDDIE",13:19,4,2,2,0,0,0,0,2,4,6,0,1,2,3,0,1,1,12,-2.0
2022,RS,1,4,1,Team,0.0,0.0,MUN,,Team,,0,0,0,0,0,0,0,0,4,4,0,0,2,0,0,0,0,2,
2022,RS,1,4,1,Total,,,MUN,,Total,200:00,62,14,30,10,26,4,4,10,22,32,16,4,19,5,1,18,14,63,
2022,RS,1,4,0,P011157   ,1.0,1.0,ULK,0,"MOTLEY, JOHNATHAN",23:15,8,4,9,0,0,0,0,4,3,7,4,0,3,0,2,3,0,6,8.0
2022,RS,1,4,0,P003091   ,0.0,0.0,ULK,1,"BIRSEN, METECAN",DNP,0,0,0,0,0,0,0,0,0,0,0,0,0,0,0,0,0,0,0.0
2022,RS,1,4,0,P006661   ,1.0,0.0,ULK,3,"WILBEKIN, SCOTTIE",17:16,6,1,2,1,4,1,2,0,1,1,0,0,0,0,0,1,3,4,14.0
2022,RS,1,4,0,P011987   ,0.0,1.0,ULK,4,"EDWARDS, CARSEN",27:46,4,1,6,0,4,2,2,0,1,1,1,2,1,0,0,2,4,0,9.0
2022,RS,1,4,0,P004056   ,0.0,1.0,ULK,5,"AKPINAR, ISMET",02:06,0,0,0,0,0,0,0,0,0,0,0,0,0,0,0,3,0,-3,-8.0
2022,RS,1,4,0,P002969   ,0.0,0.0,ULK,10,"MAHMUTOGLU, MELIH",DNP,0,0,0,0,0,0,0,0,0,0,0,0,0,0,0,0,0,0,0.0
2022,RS,1,4,0,P008962   ,1.0,0.0,ULK,11,"HAYES-DAVIS, NIGEL",34:12,11,4,5,1,2,0,0,1,2,3,1,2,0,0,1,1,3,16,25.0
2022,RS,1,4,0,P010560   ,1.0,1.0,ULK,21,"PIERRE, DYSHAWN",23:40,10,2,6,2,2,0,0,1,2,3,4,1,1,0,0,2,1,12,8.0
2022,RS,1,4,0,P009733   ,0.0,0.0,ULK,22,"JEKIRI, TONYE",14:01,15,6,6,0,1,3,4,3,3,6,0,1,0,0,1,1,4,22,6.0
2022,RS,1,4,0,P004004   ,0.0,0.0,ULK,23,"GUDURIC, MARKO",19:51,6,3,3,0,1,0,0,0,1,1,5,1,1,0,0,0,1,12,10.0
2022,RS,1,4,0,P007056   ,0.0,1.0,ULK,31,"BOOKER, DEVIN",08:28,2,0,0,0,1,2,2,1,2,3,0,0,0,1,0,0,1,6,-15.0
2022,RS,1,4,0,P001932   ,1.0,0.0,ULK,33,"CALATHES, NICK",29:25,12,3,6,2,4,0,0,0,4,4,5,1,1,0,1,1,1,15,3.0
2022,RS,1,4,0,Team,0.0,0.0,ULK,,Team,,0,0,0,0,0,0,0,0,1,1,0,0,1,0,0,0,0,0,
2022,RS,1,4,0,Total,,,ULK,,Total,200:00,74,24,43,6,19,8,10,10,20,30,20,8,8,1,5,14,18,90,
2022,RS,1,5,1,P011970   ,0.0,1.0,PAM,0,"HARPER, JARED",16:57,10,2,4,1,5,3,6,0,1,1,2,0,0,0,0,2,5,7,-6.0
2022,RS,1,5,1,P000556   ,1.0,0.0,PAM,1,"CLAVER, VICTOR",18:22,3,0,0,1,3,0,0,0,4,4,1,0,0,1,0,1,2,8,-5.0
2022,RS,1,5,1,P006643   ,0.0,0.0,PAM,2,"PUERTO, JOSEP",15:18,5,1,2,1,1,0,0,1,5,6,2,0,2,0,0,0,1,11,4.0
2022,RS,1,5,1,P002661   ,1.0,1.0,PAM,3,"PREPELIC, KLEMEN",17:29,12,2,4,1,2,5,5,0,2,2,0,2,1,0,0,2,2,12,-8.0
2022,RS,1,5,1,P011971   ,1.0,0.0,PAM,5,"WEBB III, JAMES",17:53,3,0,1,1,2,0,0,0,4,4,0,0,0,0,0,3,0,2,1.0
2022,RS,1,5,1,P005356   ,0.0,0.0,PAM,6,"LOPEZ-AROSTEGUI, XABI",07:08,0,0,0,0,1,0,0,0,1,1,0,0,2,0,0,1,1,-2,-15.0
2022,RS,1,5,1,P010568   ,0.0,0.0,PAM,7,"JONES, CHRIS",19:40,5,2,4,0,2,1,2,0,3,3,2,2,2,0,0,1,2,6,-8.0
2022,RS,1,5,1,PLRQ      ,1.0,0.0,PAM,9,"VAN ROSSOM, SAM",11:50,5,1,3,1,3,0,0,0,1,1,0,0,0,0,1,0,0,1,2.0
2022,RS,1,5,1,P011972   ,0.0,1.0,PAM,12,"RADEBAUGH, JONAH",23:03,10,2,5,2,4,0,0,0,2,2,0,0,1,0,0,1,2,7,-1.0
2022,RS,1,5,1,P002742   ,0.0,0.0,PAM,14,"DUBLJEVIC, BOJAN",17:03,0,0,3,0,1,0,0,3,2,5,1,0,3,0,1,2,2,-2,-8.0
2022,RS,1,5,1,P011973   ,1.0,1.0,PAM,21,"ALEXANDER, KYLE",14:53,4,2,3,0,0,0,3,0,5,5,1,0,1,0,0,3,2,4,-3.0
2022,RS,1,5,1,P011214   ,0.0,1.0,PAM,41,"RIVERO, JASIEL",20:24,14,4,7,0,0,6,10,4,2,6,1,0,1,1,1,2,6,17,-3.0
2022,RS,1,5,1,Team,0.0,0.0,PAM,,Team,,0,0,0,0,0,0,0,0,0,0,0,0,0,0,0,0,0,0,
2022,RS,1,5,1,Total,,,PAM,,Total,200:00,71,16,36,8,24,15,26,8,32,40,10,4,13,2,3,18,25,71,
2022,RS,1,5,0,P011948   ,1.0,0.0,BAS,0,"HOWARD, MARKUS",22:47,12,3,7,2,5,0,1,0,1,1,0,1,1,0,1,3,4,5,9.0
2022,RS,1,5,0,P008850   ,0.0,0.0,BAS,2,"RAIESTE, SANDER",DNP,0,0,0,0,0,0,0,0,0,0,0,0,0,0,0,0,0,0,0.0
2022,RS,1,5,0,P007230   ,0.0,0.0,BAS,8,"SEDEKERSKIS, TADAS",18:06,5,1,2,1,2,0,0,1,7,8,1,0,0,0,0,1,0,11,0.0
2022,RS,1,5,0,P004761   ,0.0,1.0,BAS,9,"MARINKOVIC, VANJA",21:06,5,0,3,1,3,2,2,0,0,0,1,1,2,0,1,4,1,-4,-4.0
2022,RS,1,5,0,P003198   ,0.0,0.0,BAS,11,"DIEZ, DANIEL",06:06,0,0,0,0,0,0,0,0,1,1,0,0,0,0,0,0,1,2,-6.0
2022,RS,1,5,0,P011078   ,1.0,1.0,BAS,13,"THOMPSON, DARIUS",26:00,8,4,7,0,2,0,1,1,4,5,11,1,0,1,0,4,3,19,20.0
2022,RS,1,5,0,P004603   ,1.0,1.0,BAS,21,"KOTSAR, MAIK",28:37,21,10,12,0,0,1,4,3,6,9,4,1,2,1,0,2,4,31,13.0
2022,RS,1,5,0,P010444   ,0.0,0.0,BAS,24,"COSTELLO, MATTHEW",11:23,3,1,2,0,1,1,1,1,1,2,0,0,1,0,0,4,1,-1,-3.0
2022,RS,1,5,0,P006436   ,1.0,1.0,BAS,31,"GIEDRAITIS, ROKAS",27:41,19,6,8,2,3,1,1,1,6,7,0,1,1,0,0,3,2,22,14.0
2022,RS,1,5,0,P011949   ,1.0,1.0,BAS,34,"HOMMES, DAULTON",26:51,8,1,1,2,7,0,0,0,2,2,1,0,1,1,0,3,1,4,14.0
2022,RS,1,5,0,P007265   ,0.0,0.0,BAS,47,"KURUCS, ARTURS",11:23,0,0,4,0,1,0,0,0,1,1,6,1,1,0,0,2,1,1,-7.0
2022,RS,1,5,0,Team,0.0,0.0,BAS,,Team,,0,0,0,0,0,0,0,0,3,3,0,0,0,0,0,0,0,3,
2022,RS,1,5,0,Total,,,BAS,,Total,200:00,81,26,46,8,24,5,10,7,32,39,24,6,9,3,2,26,18,93,
2022,RS,1,6,1,P006590   ,1.0,0.0,IST,1,"BEAUBOIS, RODRIGUE",24:22,10,2,4,2,5,0,0,0,4,4,2,1,0,2,0,1,1,14,10.0
2022,RS,1,6,1,P009846   ,1.0,0.0,IST,6,"BRYANT, ELIJAH",18:21,4,0,2,0,2,4,4,1,3,4,0,0,1,0,0,1,2,4,0.0
2022,RS,1,6,1,P010516   ,0.0,0.0,IST,11,"GAZI, ERTEN",DNP,0,0,0,0,0,0,0,0,0,0,0,0,0,0,0,0,0,0,0.0
2022,RS,1,6,1,P004888   ,0.0,1.0,IST,12,"CLYBURN, WILL",33:21,19,6,10,2,6,1,1,1,2,3,1,2,1,0,0,0,3,19,13.0
2022,RS,1,6,1,P005348   ,0.0,1.0,IST,18,"ARNA, EGEHAN",05:40,0,0,0,0,1,0,0,0,0,0,0,0,0,0,0,1,0,-2,0.0
2022,RS,1,6,1,P002925   ,0.0,0.0,IST,19,"TUNCER, BUGRAHAN",07:41,0,0,0,0,1,0,0,0,0,0,2,0,0,0,0,0,0,1,1.0
2022,RS,1,6,1,PLHK      ,0.0,1.0,IST,21,"PLEISS, TIBOR",10:16,2,1,3,0,2,0,0,2,2,4,0,0,0,0,0,1,1,2,-2.0
2022,RS,1,6,1,P002580   ,1.0,1.0,IST,22,"MICIC, VASILIJE",30:59,16,2,5,2,5,6,7,0,0,0,6,1,0,0,0,3,5,18,13.0
2022,RS,1,6,1,P007993   ,1.0,1.0,IST,24,"M'BAYE, AMATH",26:30,6,1,3,1,4,1,2,0,4,4,0,0,0,1,1,3,2,3,11.0
2022,RS,1,6,1,P002084   ,0.0,0.0,IST,33,"POLONARA, ACHILLE",13:06,5,1,1,1,3,0,0,1,1,2,0,0,0,0,0,4,2,3,4.0
2022,RS,1,6,1,P004554   ,1.0,0.0,IST,41,"ZIZIC, ANTE",17:49,6,3,6,0,0,0,0,1,4,5,0,1,0,1,0,1,0,9,7.0
2022,RS,1,6,1,P003048   ,0.0,0.0,IST,42,"DUNSTON, BRYANT",11:55,4,2,3,0,1,0,0,1,1,2,1,2,1,1,1,2,1,5,8.0
2022,RS,1,6,1,Team,0.0,0.0,IST,,Team,,0,0,0,0,0,0,0,2,2,4,0,0,1,0,0,0,0,3,
2022,RS,1,6,1,Total,,,IST,,Total,200:00,72,18,37,8,30,12,14,9,23,32,12,7,4,5,2,17,17,79,
2022,RS,1,6,0,P004267   ,0.0,0.0,RED,0,"HOLLAND, JOHN",DNP,0,0,0,0,0,0,0,0,0,0,0,0,0,0,0,0,0,0,0.0
2022,RS,1,6,0,P004720   ,0.0,1.0,RED,2,"LAZAREVIC, STEFAN",22:45,6,0,1,2,2,0,0,0,3,3,1,0,0,0,0,2,0,7,-8.0
2022,RS,1,6,0,P011963   ,1.0,0.0,RED,3,"ADAMS, JAYLEN",24:49,9,1,4,1,6,4,4,0,1,1,0,0,1,0,2,4,2,-3,-10.0
2022,RS,1,6,0,P002553   ,1.0,0.0,RED,9,"MITROVIC, LUKA",20:52,3,1,3,0,0,1,2,1,3,4,5,0,2,1,0,3,3,8,-12.0
2022,RS,1,6,0,PLUO      ,1.0,0.0,RED,10,"LAZIC, BRANKO",22:35,5,1,4,1,1,0,0,3,3,6,0,1,1,0,0,3,2,7,-5.0
2022,RS,1,6,0,P009540   ,0.0,1.0,RED,12,"MARTIN, HASSAN",19:08,8,4,6,0,0,0,1,0,4,4,0,0,2,0,1,3,2,5,-1.0
2022,RS,1,6,0,P003332   ,0.0,0.0,RED,20,"IVANOVIC, NIKOLA",24:39,9,2,3,1,6,2,2,1,2,3,5,0,1,0,0,1,2,11,-11.0
2022,RS,1,6,0,PLME      ,1.0,1.0,RED,27,"MARKOVIC, STEFAN",18:29,0,0,2,0,1,0,0,1,1,2,3,0,1,1,1,0,0,1,-6.0
2022,RS,1,6,0,P003479   ,0.0,0.0,RED,32,"KUZMIC, OGNJEN",DNP,0,0,0,0,0,0,0,0,0,0,0,0,0,0,0,0,0,0,0.0
2022,RS,1,6,0,P011194   ,0.0,1.0,RED,33,"PETRUSEV, FILIP",19:15,6,3,4,0,1,0,0,0,6,6,1,0,5,0,0,1,3,8,-5.0
2022,RS,1,6,0,P010985   ,0.0,1.0,RED,44,"TOPIC, NIKOLA",07:15,0,0,1,0,1,0,0,1,1,2,1,0,0,0,1,0,0,0,-1.0
2022,RS,1,6,0,P009818   ,1.0,0.0,RED,50,"BENTIL, BENJAMIN",20:13,13,2,4,1,3,6,7,1,3,4,2,0,1,0,0,1,3,15,-6.0
2022,RS,1,6,0,Team,0.0,0.0,RED,,Team,,0,0,0,0,0,0,0,2,5,7,0,0,1,0,0,0,0,6,
2022,RS,1,6,0,Total,,,RED,,Total,200:00,59,14,32,6,21,13,16,10,32,42,18,1,15,2,5,18,17,65,
2022,RS,1,7,1,P007032   ,1.0,1.0,BER,0,"LO, MAODO",19:56,11,2,4,2,9,1,2,0,3,3,6,0,2,0,2,4,1,3,4.0
2022,RS,1,7,1,P008384   ,0.0,0.0,BER,1,"PROCIDA, GABRIELE",12:53,12,3,3,2,4,0,0,1,2,3,1,0,0,0,0,1,0,13,14.0
2022,RS,1,7,1,P011192   ,1.0,1.0,BER,3,"SMITH, JALEEN",27:07,9,3,4,1,6,0,0,0,0,0,2,1,2,0,0,4,1,1,2.0
2022,RS,1,7,1,P007025   ,0.0,0.0,BER,9,"MATTISSECK, JONAS",DNP,0,0,0,0,0,0,0,0,0,0,0,0,0,0,0,0,0,0,0.0
2022,RS,1,7,1,P006251   ,0.0,1.0,BER,10,"SCHNEIDER, TIM",15:37,5,1,3,0,0,3,3,0,2,2,1,0,0,0,0,0,1,7,4.0
2022,RS,1,7,1,P011234   ,0.0,0.0,BER,11,"SCHULTE, RIKUS",DNP,0,0,0,0,0,0,0,0,0,0,0,0,0,0,0,0,0,0,0.0
2022,RS,1,7,1,P006919   ,1.0,1.0,BER,19,"OLINDE, LOUIS",21:32,11,2,2,2,2,1,1,6,4,10,4,1,1,0,0,1,1,25,2.0
2022,RS,1,7,1,P010791   ,1.0,0.0,BER,21,"KOUMADJE, CHRIST",17:46,8,3,5,0,0,2,2,3,3,6,0,0,0,1,1,2,1,11,0.0
2022,RS,1,7,1,P003958   ,0.0,1.0,BER,32,"THIEMANN, JOHANNES",19:45,8,1,2,1,1,3,4,1,4,5,5,1,3,0,1,4,4,13,10.0
2022,RS,1,7,1,P006589   ,1.0,0.0,BER,43,"SIKMA, LUKE",25:44,15,2,4,2,3,5,6,3,3,6,7,0,2,0,0,2,7,27,18.0
2022,RS,1,7,1,P011193   ,0.0,0.0,BER,45,"BLATT, TAMIR",20:04,16,2,2,4,8,0,0,0,0,0,4,2,1,0,0,2,0,15,12.0
2022,RS,1,7,1,P006625   ,0.0,0.0,BER,50,"ZOOSMAN, YOVEL",19:36,5,1,3,1,2,0,0,0,2,2,1,0,1,0,0,1,0,3,14.0
2022,RS,1,7,1,Team,0.0,0.0,BER,,Team,,0,0,0,0,0,0,0,0,3,3,0,0,1,0,0,0,0,2,
2022,RS,1,7,1,Total,,,BER,,Total,200:00,100,20,32,15,35,15,18,14,26,40,31,5,13,1,4,21,16,120,
2022,RS,1,7,0,P009212   ,1.0,0.0,PAR,1,"VUKCEVIC, TRISTAN",05:18,0,0,0,0,1,0,0,0,1,1,2,1,0,0,0,1,0,2,-2.0
2022,RS,1,7,0,P008987   ,0.0,1.0,PAR,2,"LEDAY, ZACH",29:19,13,4,7,1,1,2,2,0,1,1,1,1,1,0,0,2,1,11,-1.0
2022,RS,1,7,0,P011050   ,1.0,0.0,PAR,5,"KOPRIVICA, BALSA",04:03,2,1,3,0,0,0,0,0,0,0,0,0,0,0,1,0,0,-1,-2.0
2022,RS,1,7,0,P009862   ,1.0,0.0,PAR,7,"PUNTER, KEVIN",32:04,13,2,5,1,5,6,6,0,6,6,3,1,0,0,0,1,6,21,-9.0
2022,RS,1,7,0,P005161   ,0.0,0.0,PAR,10,"PAPAPETROU, IOANNIS",11:39,1,0,4,0,0,1,2,0,0,0,0,0,1,0,0,0,1,-4,-14.0
2022,RS,1,7,0,P011302   ,1.0,1.0,PAR,11,"EXUM, DANTE",33:08,22,8,13,1,3,3,3,1,2,3,4,2,3,0,0,3,4,22,-9.0
2022,RS,1,7,0,P010307   ,0.0,0.0,PAR,13,"JOVANOVIC, DORDIJE",DNP,0,0,0,0,0,0,0,0,0,0,0,0,0,0,0,0,0,0,0.0
2022,RS,1,7,0,P007400   ,0.0,1.0,PAR,21,"NUNNALLY, JAMES",23:33,7,2,3,1,3,0,1,0,2,2,1,1,1,0,0,2,1,5,-19.0
2022,RS,1,7,0,P003842   ,0.0,1.0,PAR,26,"LESSORT, MATHIAS",25:06,9,4,6,0,0,1,2,3,3,6,0,0,0,3,0,4,3,14,-4.0
2022,RS,1,7,0,P007673   ,1.0,0.0,PAR,32,"TRIFUNOVIC, UROS",07:05,3,0,0,1,1,0,0,1,0,1,1,0,0,0,0,0,0,5,-8.0
2022,RS,1,7,0,P000956   ,0.0,1.0,PAR,33,"ANDJUSIC, DANILO",26:58,14,3,3,2,3,2,4,1,0,1,2,2,1,1,0,3,5,18,-6.0
2022,RS,1,7,0,P011052   ,0.0,0.0,PAR,41,"MADAR, YAM",01:47,0,0,1,0,0,0,0,0,0,0,0,0,1,0,0,0,0,-2,-6.0
2022,RS,1,7,0,Team,0.0,0.0,PAR,,Team,,0,0,0,0,0,0,0,1,2,3,0,0,0,0,0,0,0,3,
2022,RS,1,7,0,Total,,,PAR,,Total,200:00,84,24,45,7,17,15,20,7,17,24,14,8,8,4,1,16,21,94,
2022,RS,1,8,1,P011244   ,0.0,0.0,BAR,1,"DA SILVA, OSCAR",08:10,0,0,2,0,0,0,0,0,0,0,0,0,0,0,0,1,0,-3,4.0
2022,RS,1,8,1,P003204   ,0.0,0.0,BAR,3,"PAULI, ORIOL",DNP,0,0,0,0,0,0,0,0,0,0,0,0,0,0,0,0,0,0,0.0
2022,RS,1,8,1,P002968   ,1.0,1.0,BAR,5,"SANLI, SERTAC",29:15,9,1,6,1,3,4,4,1,4,5,1,0,1,0,0,4,2,5,6.0
2022,RS,1,8,1,P000925   ,1.0,0.0,BAR,6,"VESELY, JAN",15:05,5,2,4,0,0,1,2,3,3,6,1,0,1,0,0,3,3,8,-5.0
2022,RS,1,8,1,P004866   ,1.0,1.0,BAR,10,"KALINIC, NIKOLA",31:50,11,2,5,2,4,1,1,1,0,1,1,0,0,0,0,1,1,8,-14.0
2022,RS,1,8,1,P002939   ,1.0,0.0,BAR,13,"SATORANSKY, TOMAS",23:06,7,2,5,1,2,0,0,1,2,3,4,4,4,0,0,4,3,9,0.0
2022,RS,1,8,1,P006435   ,1.0,1.0,BAR,20,"LAPROVITTOLA, NICOLAS",30:55,16,3,4,3,7,1,1,0,2,2,3,0,3,0,0,4,3,12,3.0
2022,RS,1,8,1,P003478   ,0.0,1.0,BAR,21,"ABRINES, ALEX",20:44,8,0,0,2,5,2,2,1,3,4,1,0,1,0,0,3,3,9,-8.0
2022,RS,1,8,1,P006450   ,0.0,1.0,BAR,22,"HIGGINS, CORY",20:25,10,4,6,0,2,2,3,0,4,4,0,1,0,0,0,1,4,13,-17.0
2022,RS,1,8,1,P008966   ,0.0,0.0,BAR,23,"TOBEY, MIKE",06:06,0,0,0,0,0,0,0,0,0,0,0,0,0,0,0,2,0,-2,-6.0
2022,RS,1,8,1,P007519   ,0.0,0.0,BAR,31,"JOKUBAITIS, ROKAS",14:24,4,2,6,0,0,0,0,0,4,4,1,0,2,0,0,0,0,3,-13.0
2022,RS,1,8,1,P010641   ,0.0,0.0,BAR,46,"NNAJI, JAMES",DNP,0,0,0,0,0,0,0,0,0,0,0,0,0,0,0,0,0,0,0.0
2022,RS,1,8,1,Team,0.0,0.0,BAR,,Team,,0,0,0,0,0,0,0,0,2,2,0,0,0,0,0,0,0,2,
2022,RS,1,8,1,Total,,,BAR,,Total,200:00,70,16,38,9,23,11,13,7,24,31,12,5,12,0,0,23,19,64,
2022,RS,1,8,0,P008855   ,1.0,1.0,OLY,0,"WALKUP, THOMAS",27:37,5,0,4,1,4,2,2,1,3,4,4,4,2,0,0,3,2,7,-4.0
2022,RS,1,8,0,P010612   ,1.0,0.0,OLY,3,"CANAAN, ISAIAH",14:10,9,1,1,1,2,4,4,0,0,0,1,0,0,0,0,2,3,10,2.0
2022,RS,1,8,0,P006302   ,0.0,0.0,OLY,4,"LOUNTZIS, MICHALIS",DNP,0,0,0,0,0,0,0,0,0,0,0,0,0,0,0,0,0,0,0.0
2022,RS,1,8,0,P010392   ,0.0,1.0,OLY,5,"LARENTZAKIS, GIANNOULIS",17:35,12,0,0,4,7,0,0,0,2,2,0,0,0,0,0,3,0,8,9.0
2022,RS,1,8,0,P008811   ,1.0,0.0,OLY,10,"FALL, MOUSTAPHA",12:12,0,0,0,0,0,0,0,0,2,2,0,0,2,0,0,1,0,-1,-7.0
2022,RS,1,8,0,P001926   ,0.0,1.0,OLY,11,"SLOUKAS, KOSTAS",24:41,7,2,4,0,5,3,3,0,1,1,9,2,0,0,0,2,4,14,13.0
2022,RS,1,8,0,P003469   ,1.0,1.0,OLY,14,"VEZENKOV, SASHA",27:35,20,4,9,3,4,3,3,2,6,8,0,0,4,0,0,1,3,20,10.0
2022,RS,1,8,0,P001255   ,1.0,0.0,OLY,16,"PAPANIKOLAOU, KOSTAS",23:39,2,0,1,0,2,2,2,0,3,3,1,0,2,0,0,1,2,2,-1.0
2022,RS,1,8,0,P009035   ,0.0,0.0,OLY,21,"BOLOMBOY, JOEL",18:44,12,3,5,0,0,6,6,1,6,7,1,0,2,0,0,1,5,20,10.0
2022,RS,1,8,0,P008829   ,0.0,0.0,OLY,25,"PETERS, ALEC",20:51,10,0,1,2,3,4,4,1,3,4,1,0,0,0,0,4,3,12,10.0
2022,RS,1,8,0,P008991   ,0.0,1.0,OLY,28,"BLACK, TARIK",09:04,3,1,1,0,0,1,1,1,0,1,0,1,1,0,0,1,1,4,7.0
2022,RS,1,8,0,P007853   ,0.0,0.0,OLY,77,"MCKISSIC, SHAQUIELLE",03:52,0,0,0,0,2,0,0,0,0,0,0,0,1,0,0,0,0,-3,1.0
2022,RS,1,8,0,Team,0.0,0.0,OLY,,Team,,0,0,0,0,0,0,0,2,3,5,0,0,0,0,0,0,0,5,
2022,RS,1,8,0,Total,,,OLY,,Total,200:00,80,11,26,11,29,25,25,8,29,37,17,7,14,0,0,19,23,98,
2022,RS,1,9,1,P009549   ,0.0,0.0,VIR,0,"CORDINIER, ISAIA",13:02,0,0,2,0,1,0,0,0,1,1,3,0,0,0,0,1,1,1,-9.0
2022,RS,1,9,1,P011064   ,0.0,0.0,VIR,1,"MANNION, NICCOLO",04:16,0,0,1,0,0,0,0,0,0,0,2,0,0,0,0,0,0,1,-1.0
2022,RS,1,9,1,PBCN      ,0.0,0.0,VIR,3,"BELINELLI, MARCO",12:54,2,1,1,0,3,0,0,0,0,0,1,0,0,0,0,1,0,-1,-4.0
2022,RS,1,9,1,P006739   ,0.0,0.0,VIR,6,"PAJOLA, ALESSANDRO",17:18,2,1,2,0,2,0,0,0,1,1,2,2,0,0,0,2,1,3,-9.0
2022,RS,1,9,1,P004655   ,0.0,0.0,VIR,7,"BAKO, ISMAEL",14:26,8,3,7,0,0,2,2,5,2,7,0,0,1,0,0,3,1,8,-2.0
2022,RS,1,9,1,P002581   ,1.0,0.0,VIR,14,"JAITEH, MAM",16:17,9,4,5,0,0,1,4,2,2,4,1,0,2,0,0,1,4,11,0.0
2022,RS,1,9,1,P010781   ,1.0,1.0,VIR,19,"LUNDBERG, IFFE",26:00,14,2,4,2,4,4,5,0,6,6,2,1,1,0,0,3,4,18,-8.0
2022,RS,1,9,1,P001844   ,1.0,1.0,VIR,23,"HACKETT, DANIEL",21:28,7,2,3,1,2,0,0,0,2,2,2,1,4,0,0,1,2,7,-7.0
2022,RS,1,9,1,P008847   ,1.0,1.0,VIR,25,"MICKEY, JORDAN",30:21,11,4,7,0,4,3,6,1,2,3,0,0,2,2,0,2,4,6,-16.0
2022,RS,1,9,1,P008108   ,0.0,0.0,VIR,29,"CAMARA, GORA",DNP,0,0,0,0,0,0,0,0,0,0,0,0,0,0,0,0,0,0,0.0
2022,RS,1,9,1,P006592   ,0.0,1.0,VIR,34,"WEEMS, KYLE",15:35,2,1,2,0,2,0,2,2,1,3,0,0,2,0,0,3,1,-4,-13.0
2022,RS,1,9,1,P011982   ,1.0,1.0,VIR,37,"OJELEYE, SEMI",28:23,11,2,3,1,3,4,4,1,1,2,0,1,1,1,0,0,3,14,-16.0
2022,RS,1,9,1,Team,0.0,0.0,VIR,,Team,,0,0,0,0,0,0,0,5,2,7,0,0,1,0,0,0,0,6,
2022,RS,1,9,1,Total,,,VIR,,Total,200:00,66,20,37,4,21,14,23,16,20,36,13,5,14,3,0,17,21,70,
2022,RS,1,9,0,P010588   ,1.0,1.0,MCO,0,"BROWN, JOHN",21:39,6,3,6,0,0,0,0,4,2,6,1,2,0,0,0,3,2,11,5.0
2022,RS,1,9,0,P011212   ,0.0,0.0,MCO,0,"OKOBO, ELIE",21:36,13,1,2,3,5,2,2,0,0,0,0,1,2,0,0,4,1,6,14.0
2022,RS,1,9,0,P009754   ,1.0,1.0,MCO,3,"LOYD, JORDAN",22:54,0,0,3,0,5,0,0,0,4,4,5,1,2,0,0,2,3,1,3.0
2022,RS,1,9,0,P011231   ,1.0,0.0,MCO,4,"BLOSSOMGAME, JARON",27:53,4,2,4,0,2,0,0,3,0,3,0,2,1,0,1,2,0,1,-2.0
2022,RS,1,9,0,P011935   ,0.0,0.0,MCO,5,"MAKOUNDOU, YOAN",DNP,0,0,0,0,0,0,0,0,0,0,0,0,0,0,0,0,0,0,0.0
2022,RS,1,9,0,P011226   ,0.0,1.0,MCO,11,"DIALLO, ALPHA",22:01,15,3,5,1,2,6,6,0,4,4,0,0,1,0,0,3,3,15,14.0
2022,RS,1,9,0,P001833   ,0.0,1.0,MCO,18,"MOERMAN, ADRIEN",19:37,3,0,0,1,3,0,0,2,5,7,0,1,1,0,0,1,1,8,21.0
2022,RS,1,9,0,PLCZ      ,1.0,0.0,MCO,20,"MOTIEJUNAS, DONATAS",07:22,8,4,6,0,1,0,0,0,1,1,0,0,0,0,1,2,1,4,0.0
2022,RS,1,9,0,P004197   ,0.0,0.0,MCO,24,"OUATTARA, YAKUBA",DNP,0,0,0,0,0,0,0,0,0,0,0,0,0,0,0,0,0,0,0.0
2022,RS,1,9,0,P008099   ,0.0,0.0,MCO,32,"STRAZEL, MATTHEW",03:34,0,0,0,0,1,0,0,0,0,0,0,0,0,0,0,2,0,-3,-2.0
2022,RS,1,9,0,P011196   ,0.0,0.0,MCO,45,"HALL, DONTA",20:25,8,4,5,0,0,0,0,1,4,5,1,0,0,0,1,1,1,12,11.0
2022,RS,1,9,0,P005985   ,1.0,1.0,MCO,55,"JAMES, MIKE",32:59,26,7,9,2,6,6,7,1,2,3,6,0,2,0,0,1,5,30,21.0
2022,RS,1,9,0,Team,0.0,0.0,MCO,,Team,,0,0,0,0,0,0,0,2,2,4,0,0,0,0,0,0,0,4,
2022,RS,1,9,0,Total,,,MCO,,Total,200:00,83,24,40,7,25,14,15,13,24,37,13,7,9,0,3,21,17,89,
2022,RS,2,10,1,P010588   ,1.0,0.0,MCO,0,"BROWN, JOHN",15:57,4,2,5,0,1,0,0,0,0,0,1,0,0,0,1,3,0,-3,-3.0
2022,RS,2,10,1,P011212   ,0.0,1.0,MCO,0,"OKOBO, ELIE",31:28,9,2,6,1,2,2,3,0,0,0,5,1,0,0,1,2,3,9,13.0
2022,RS,2,10,1,P009754   ,1.0,0.0,MCO,3,"LOYD, JORDAN",21:44,3,0,2,1,2,0,0,0,1,1,4,0,2,0,0,2,1,2,-21.0
2022,RS,2,10,1,P011231   ,1.0,1.0,MCO,4,"BLOSSOMGAME, JARON",17:15,6,3,4,0,1,0,0,0,5,5,0,1,1,0,0,3,0,6,-6.0
2022,RS,2,10,1,P011935   ,0.0,0.0,MCO,5,"MAKOUNDOU, YOAN",DNP,0,0,0,0,0,0,0,0,0,0,0,0,0,0,0,0,0,0,0.0
2022,RS,2,10,1,P011226   ,0.0,1.0,MCO,11,"DIALLO, ALPHA",27:48,15,4,7,1,3,4,4,2,7,9,7,2,0,0,1,4,2,25,19.0
2022,RS,2,10,1,P001833   ,0.0,1.0,MCO,18,"MOERMAN, ADRIEN",27:02,14,2,7,3,6,1,2,2,2,4,1,0,2,0,0,1,3,10,14.0
2022,RS,2,10,1,PLCZ      ,1.0,0.0,MCO,20,"MOTIEJUNAS, DONATAS",23:05,14,7,8,0,0,0,2,3,2,5,0,1,0,0,0,1,6,22,-12.0
2022,RS,2,10,1,P004197   ,0.0,0.0,MCO,24,"OUATTARA, YAKUBA",DNP,0,0,0,0,0,0,0,0,0,0,0,0,0,0,0,0,0,0,0.0
2022,RS,2,10,1,P008099   ,0.0,0.0,MCO,32,"STRAZEL, MATTHEW",06:04,2,1,1,0,0,0,0,0,0,0,2,1,0,0,0,1,1,5,10.0
2022,RS,2,10,1,P011196   ,0.0,0.0,MCO,45,"HALL, DONTA",17:53,9,4,4,0,0,1,2,1,3,4,0,0,1,2,0,2,2,13,9.0
2022,RS,2,10,1,P005985   ,1.0,1.0,MCO,55,"JAMES, MIKE",36:44,19,4,9,1,5,8,9,0,3,3,4,4,0,0,2,3,5,20,-8.0
2022,RS,2,10,1,Team,0.0,0.0,MCO,,Team,,0,0,0,0,0,0,0,1,1,2,0,0,1,0,0,0,0,1,
2022,RS,2,10,1,Total,,,MCO,,Total,225:00,95,29,53,7,20,16,22,9,24,33,24,10,7,2,5,22,23,110,
2022,RS,2,10,0,P006590   ,1.0,1.0,IST,1,"BEAUBOIS, RODRIGUE",29:34,10,2,5,2,3,0,0,0,3,3,1,0,2,1,0,0,1,10,2.0
2022,RS,2,10,0,P003521   ,0.0,0.0,IST,4,"BALBAY, DOGUS",01:55,0,0,0,0,0,0,0,1,1,2,0,0,0,0,0,0,0,2,7.0
2022,RS,2,10,0,P009846   ,0.0,0.0,IST,6,"BRYANT, ELIJAH",19:49,0,0,1,0,1,0,0,0,3,3,2,0,1,2,0,1,1,4,-13.0
2022,RS,2,10,0,P004888   ,1.0,1.0,IST,12,"CLYBURN, WILL",43:01,28,4,9,4,7,8,8,1,5,6,6,0,2,0,1,2,7,34,-1.0
2022,RS,2,10,0,P005348   ,0.0,0.0,IST,18,"ARNA, EGEHAN",02:37,0,0,0,0,1,0,0,0,0,0,0,0,0,0,0,0,0,-1,2.0
2022,RS,2,10,0,P002925   ,0.0,0.0,IST,19,"TUNCER, BUGRAHAN",04:36,0,0,0,0,1,0,0,0,0,0,0,2,0,0,0,2,1,0,0.0
2022,RS,2,10,0,PLHK      ,0.0,1.0,IST,21,"PLEISS, TIBOR",23:27,10,4,8,0,1,2,2,3,2,5,0,1,1,0,1,3,1,7,-8.0
2022,RS,2,10,0,P002580   ,1.0,1.0,IST,22,"MICIC, VASILIJE",38:39,20,1,4,5,10,3,6,1,5,6,8,1,6,0,0,3,6,21,-10.0
2022,RS,2,10,0,P007993   ,1.0,0.0,IST,24,"M'BAYE, AMATH",33:14,13,2,3,2,4,3,6,1,5,6,0,0,1,0,0,3,3,12,1.0
2022,RS,2,10,0,P002084   ,0.0,1.0,IST,33,"POLONARA, ACHILLE",04:21,2,1,2,0,0,0,0,0,0,0,0,0,0,1,0,1,0,1,-6.0
2022,RS,2,10,0,P004554   ,1.0,0.0,IST,41,"ZIZIC, ANTE",15:57,9,4,4,0,0,1,2,2,3,5,3,0,0,1,0,5,1,13,10.0
2022,RS,2,10,0,P003048   ,0.0,0.0,IST,42,"DUNSTON, BRYANT",07:50,0,0,0,0,0,0,0,0,0,0,0,0,1,0,0,3,1,-3,1.0
2022,RS,2,10,0,Team,0.0,0.0,IST,,Team,,0,0,0,0,0,0,0,0,2,2,0,0,2,0,0,0,0,0,
2022,RS,2,10,0,Total,,,IST,,Total,225:00,92,18,36,13,28,17,24,9,29,38,20,4,16,5,2,23,22,100,
2022,RS,2,11,1,P004267   ,1.0,1.0,RED,0,"HOLLAND, JOHN",14:28,4,0,0,1,4,1,2,0,1,1,3,0,0,0,0,1,4,7,-6.0
2022,RS,2,11,1,P004720   ,0.0,0.0,RED,2,"LAZAREVIC, STEFAN",16:51,0,0,1,0,0,0,0,0,2,2,0,0,0,0,0,2,0,-1,8.0
2022,RS,2,11,1,P011963   ,0.0,1.0,RED,3,"ADAMS, JAYLEN",15:07,5,2,6,0,0,1,1,0,3,3,3,2,1,0,0,4,1,5,5.0
2022,RS,2,11,1,P002553   ,1.0,0.0,RED,9,"MITROVIC, LUKA",14:09,8,3,5,0,0,2,3,3,3,6,2,0,2,0,0,3,3,11,5.0
2022,RS,2,11,1,PLUO      ,1.0,0.0,RED,10,"LAZIC, BRANKO",22:56,6,0,0,2,4,0,0,2,1,3,2,0,0,0,0,5,1,5,-8.0
2022,RS,2,11,1,P009540   ,0.0,0.0,RED,12,"MARTIN, HASSAN",21:19,12,5,6,0,0,2,2,0,3,3,0,1,1,0,0,3,3,14,-6.0
2022,RS,2,11,1,P004007   ,0.0,1.0,RED,13,"DOBRIC, OGNJEN",21:57,7,2,3,0,5,3,4,1,1,2,1,1,2,0,0,3,4,3,-1.0
2022,RS,2,11,1,PJDU      ,0.0,1.0,RED,15,"RADULJICA, MIROSLAV",04:32,3,0,2,0,0,3,5,0,0,0,0,1,1,0,0,2,2,-1,-1.0
2022,RS,2,11,1,P003332   ,1.0,0.0,RED,20,"IVANOVIC, NIKOLA",28:41,7,2,5,1,5,0,0,0,2,2,3,1,3,0,0,1,1,3,-4.0
2022,RS,2,11,1,P011194   ,0.0,1.0,RED,33,"PETRUSEV, FILIP",12:19,5,1,2,0,0,3,4,0,0,0,1,0,0,0,0,0,3,7,2.0
2022,RS,2,11,1,P010985   ,0.0,0.0,RED,44,"TOPIC, NIKOLA",DNP,0,0,0,0,0,0,0,0,0,0,0,0,0,0,0,0,0,0,0.0
2022,RS,2,11,1,P009818   ,1.0,0.0,RED,50,"BENTIL, BENJAMIN",27:41,18,4,7,2,4,4,5,3,3,6,1,3,3,0,2,3,3,17,-4.0
2022,RS,2,11,1,Team,0.0,0.0,RED,,Team,,0,0,0,0,0,0,0,3,2,5,0,0,2,0,0,0,0,3,
2022,RS,2,11,1,Total,,,RED,,Total,200:00,75,19,37,6,22,19,26,12,21,33,16,9,15,0,2,27,25,73,
2022,RS,2,11,0,P011209   ,0.0,0.0,PAN,0,"KALAITZAKIS, PANAGIOTIS",03:47,2,1,1,0,0,0,0,0,0,0,0,0,1,0,0,1,0,0,0.0
2022,RS,2,11,0,P011225   ,1.0,0.0,PAN,5,"LEE, PARIS",28:06,6,0,1,1,4,3,4,0,1,1,2,2,3,0,0,1,3,5,-3.0
2022,RS,2,11,0,P005844   ,1.0,1.0,PAN,6,"PAPAGIANNIS, GEORGIOS",22:29,9,4,10,0,0,1,1,1,6,7,1,0,1,0,0,2,1,9,-3.0
2022,RS,2,11,0,P003240   ,0.0,0.0,PAN,7,"BOCHORIDIS, ELEFTHERIOS",12:38,3,0,1,1,1,0,0,1,1,2,1,1,0,0,0,5,1,2,2.0
2022,RS,2,11,0,P009006   ,1.0,1.0,PAN,8,"WILLIAMS, DERRICK",30:29,8,2,4,0,3,4,6,1,5,6,2,0,3,0,0,4,5,7,4.0
2022,RS,2,11,0,P011248   ,1.0,0.0,PAN,12,"ANDREWS, ANDREW",28:46,8,2,4,1,2,1,1,0,3,3,2,2,5,0,0,4,4,7,6.0
2022,RS,2,11,0,P006586   ,0.0,0.0,PAN,16,"KALAITZAKIS, GEORGIOS",09:31,2,1,3,0,1,0,0,0,2,2,1,0,0,0,0,4,0,-2,-2.0
2022,RS,2,11,0,P011396   ,0.0,0.0,PAN,33,"CHOUGKAZ, NIKOS",DNP,0,0,0,0,0,0,0,0,0,0,0,0,0,0,0,0,0,0,0.0
2022,RS,2,11,0,P004172   ,0.0,1.0,PAN,37,"PONITKA, MATEUSZ",21:37,10,3,6,0,0,4,4,2,2,4,3,2,2,1,0,2,4,17,8.0
2022,RS,2,11,0,P002328   ,1.0,1.0,PAN,40,"GRIGONIS, MARIUS",25:10,17,2,2,3,4,4,5,0,2,2,3,0,1,0,0,2,4,21,-4.0
2022,RS,2,11,0,P008084   ,0.0,0.0,PAN,72,"MANTZOUKAS, ELEFTHERIOS",DNP,0,0,0,0,0,0,0,0,0,0,0,0,0,0,0,0,0,0,0.0
2022,RS,2,11,0,P003120   ,0.0,1.0,PAN,77,"GUDAITIS, ARTURAS",17:27,12,4,5,0,0,4,7,2,2,4,0,0,1,1,0,0,4,16,2.0
2022,RS,2,11,0,Team,0.0,0.0,PAN,,Team,,0,0,0,0,0,0,0,2,2,4,0,0,0,0,0,0,0,4,
2022,RS,2,11,0,Total,,,PAN,,Total,200:00,77,19,37,6,15,21,28,9,26,35,15,7,17,2,0,25,26,86,
2022,RS,2,12,1,P011244   ,0.0,0.0,BAR,1,"DA SILVA, OSCAR",08:52,2,1,2,0,0,0,0,1,2,3,0,0,0,0,1,0,0,3,-5.0
2022,RS,2,12,1,P003204   ,0.0,0.0,BAR,3,"PAULI, ORIOL",DNP,0,0,0,0,0,0,0,0,0,0,0,0,0,0,0,0,0,0,0.0
2022,RS,2,12,1,P002968   ,1.0,1.0,BAR,5,"SANLI, SERTAC",18:17,14,3,4,2,3,2,3,2,1,3,0,0,1,1,1,4,3,12,16.0
2022,RS,2,12,1,P000925   ,0.0,0.0,BAR,6,"VESELY, JAN",21:43,13,6,7,0,0,1,2,0,1,1,0,0,2,0,0,4,1,7,-14.0
2022,RS,2,12,1,P004866   ,1.0,1.0,BAR,10,"KALINIC, NIKOLA",27:52,7,2,3,1,6,0,0,1,3,4,3,0,3,1,1,0,2,7,-6.0
2022,RS,2,12,1,P002939   ,1.0,1.0,BAR,13,"SATORANSKY, TOMAS",25:54,12,4,6,1,2,1,1,1,6,7,5,0,1,0,1,3,6,22,1.0
2022,RS,2,12,1,P006435   ,1.0,1.0,BAR,20,"LAPROVITTOLA, NICOLAS",27:30,8,1,4,2,4,0,0,0,4,4,6,0,3,0,1,3,3,9,1.0
2022,RS,2,12,1,P003478   ,0.0,0.0,BAR,21,"ABRINES, ALEX",12:08,1,0,1,0,1,1,2,0,0,0,3,2,0,0,0,0,1,4,8.0
2022,RS,2,12,1,P006450   ,0.0,1.0,BAR,22,"HIGGINS, CORY",12:45,2,0,3,0,0,2,4,1,1,2,1,1,2,0,0,3,2,-2,1.0
2022,RS,2,12,1,P008966   ,1.0,0.0,BAR,23,"TOBEY, MIKE",27:14,8,1,1,2,4,0,0,2,4,6,1,0,0,0,0,2,0,11,9.0
2022,RS,2,12,1,P007519   ,0.0,0.0,BAR,31,"JOKUBAITIS, ROKAS",14:06,8,2,2,0,0,4,4,0,1,1,2,1,1,0,0,2,2,11,1.0
2022,RS,2,12,1,P010641   ,0.0,0.0,BAR,46,"NNAJI, JAMES",03:39,0,0,0,0,0,0,0,0,0,0,1,0,0,0,0,0,0,1,-2.0
2022,RS,2,12,1,Team,0.0,0.0,BAR,,Team,,0,0,0,0,0,0,0,0,1,1,0,0,2,0,0,0,0,-1,
2022,RS,2,12,1,Total,,,BAR,,Total,200:00,75,20,33,8,20,11,16,8,24,32,22,4,15,2,5,21,20,84,
2022,RS,2,12,0,P001392   ,0.0,1.0,MAD,1,"CAUSEUR, FABIEN",19:26,5,1,4,1,1,0,0,1,2,3,3,2,1,0,0,1,3,11,11.0
2022,RS,2,12,0,P003733   ,0.0,0.0,MAD,6,"ABALDE, ALBERTO",06:22,0,0,0,0,1,0,0,0,0,0,0,1,1,0,0,2,0,-3,0.0
2022,RS,2,12,0,P003108   ,1.0,0.0,MAD,11,"HEZONJA, MARIO",16:13,9,2,4,1,1,2,2,0,0,0,0,0,0,1,0,0,2,10,-10.0
2022,RS,2,12,0,PCVM      ,1.0,0.0,MAD,13,"RODRIGUEZ, SERGIO",08:17,0,0,0,0,1,0,0,0,1,1,4,0,0,0,0,3,1,2,-11.0
2022,RS,2,12,0,P009005   ,1.0,1.0,MAD,14,"DECK, GABRIEL",27:00,21,7,11,0,1,7,8,3,0,3,1,0,0,1,1,2,6,23,6.0
2022,RS,2,12,0,P004887   ,0.0,0.0,MAD,17,"POIRIER, VINCENT",11:03,2,1,3,0,0,0,0,1,1,2,1,0,0,1,0,0,0,4,-3.0
2022,RS,2,12,0,P004790   ,1.0,0.0,MAD,21,"CORNELIE, PETR",15:43,12,2,3,2,3,2,3,0,2,2,0,1,0,0,0,1,1,12,6.0
2022,RS,2,12,0,P005791   ,0.0,0.0,MAD,22,"TAVARES, WALTER",24:12,6,2,3,0,0,2,2,1,4,5,1,2,2,1,0,5,1,8,1.0
2022,RS,2,12,0,PTGB      ,0.0,1.0,MAD,23,"LLULL, SERGIO",23:48,6,2,6,0,4,2,2,0,1,1,4,0,2,0,0,4,3,0,8.0
2022,RS,2,12,0,P010357   ,1.0,1.0,MAD,28,"YABUSELE, GUERSCHON",27:43,7,2,4,1,3,0,0,1,6,7,1,2,1,1,0,0,2,15,-8.0
2022,RS,2,12,0,P009213   ,0.0,0.0,MAD,30,"NDIAYE, ELI",DNP,0,0,0,0,0,0,0,0,0,0,0,0,0,0,0,0,0,0,0.0
2022,RS,2,12,0,P006540   ,0.0,1.0,MAD,31,"MUSA, DZANAN",20:13,5,2,3,0,1,1,1,0,0,0,1,0,2,0,1,2,2,1,-10.0
2022,RS,2,12,0,Team,0.0,0.0,MAD,,Team,,0,0,0,0,0,0,0,1,2,3,0,0,2,0,0,0,0,1,
2022,RS,2,12,0,Total,,,MAD,,Total,200:00,73,21,41,5,16,16,18,8,19,27,16,8,11,5,2,20,21,84,
2022,RS,2,13,1,P009549   ,0.0,0.0,VIR,0,"CORDINIER, ISAIA",08:19,1,0,1,0,0,1,2,0,2,2,0,0,0,0,0,0,1,2,-6.0
2022,RS,2,13,1,P011064   ,0.0,0.0,VIR,1,"MANNION, NICCOLO",04:01,0,0,0,0,2,0,0,0,0,0,1,0,0,0,0,1,0,-2,-3.0
2022,RS,2,13,1,PBCN      ,0.0,0.0,VIR,3,"BELINELLI, MARCO",07:22,2,1,1,0,0,0,0,0,2,2,1,0,0,0,0,0,0,5,-1.0
2022,RS,2,13,1,P006739   ,0.0,1.0,VIR,6,"PAJOLA, ALESSANDRO",17:50,2,1,2,0,1,0,1,1,1,2,2,3,1,0,0,2,1,4,8.0
2022,RS,2,13,1,P004655   ,0.0,0.0,VIR,7,"BAKO, ISMAEL",14:35,6,3,5,0,0,0,0,1,2,3,1,0,1,0,0,4,0,3,6.0
2022,RS,2,13,1,P002581   ,1.0,0.0,VIR,14,"JAITEH, MAM",15:11,3,1,6,0,0,1,3,2,4,6,0,0,2,2,0,3,2,1,6.0
2022,RS,2,13,1,P010781   ,1.0,1.0,VIR,19,"LUNDBERG, IFFE",19:31,13,2,3,2,4,3,3,0,2,2,0,0,2,0,0,2,4,12,-4.0
2022,RS,2,13,1,P001844   ,1.0,1.0,VIR,23,"HACKETT, DANIEL",18:16,8,2,3,1,1,1,2,0,2,2,3,2,2,0,1,1,5,14,-2.0
2022,RS,2,13,1,P008847   ,1.0,1.0,VIR,25,"MICKEY, JORDAN",30:46,6,2,8,0,1,2,3,3,7,10,1,2,4,0,0,4,5,8,4.0
2022,RS,2,13,1,P006592   ,0.0,0.0,VIR,34,"WEEMS, KYLE",20:59,9,3,3,1,2,0,0,0,0,0,2,0,1,0,0,1,0,8,-4.0
2022,RS,2,13,1,P011982   ,1.0,1.0,VIR,37,"OJELEYE, SEMI",28:59,7,2,3,1,3,0,0,1,4,5,0,1,1,0,0,3,1,7,3.0
2022,RS,2,13,1,PJDR      ,0.0,0.0,VIR,44,"TEODOSIC, MILOS",14:11,9,2,3,1,2,2,2,0,1,1,3,2,4,0,0,1,2,10,8.0
2022,RS,2,13,1,Team,0.0,0.0,VIR,,Team,,0,0,0,0,0,0,0,0,2,2,0,0,1,0,0,0,0,1,
2022,RS,2,13,1,Total,,,VIR,,Total,200:00,66,19,38,6,16,10,16,8,29,37,14,10,19,2,1,22,21,73,
2022,RS,2,13,0,P010391   ,1.0,1.0,MUN,0,"WEILER-BABB, NICK",33:51,16,1,6,4,7,2,2,1,4,5,4,3,1,0,0,2,5,22,-1.0
2022,RS,2,13,0,P009866   ,1.0,0.0,MUN,2,"WALDEN, COREY",16:35,5,1,1,1,6,0,0,0,1,1,1,1,0,0,0,3,3,3,-2.0
2022,RS,2,13,0,P011940   ,0.0,1.0,MUN,5,"WINSTON, CASSIUS",18:01,6,0,2,2,3,0,0,0,1,1,1,3,3,0,1,1,0,3,-3.0
2022,RS,2,13,0,P005160   ,1.0,1.0,MUN,8,"HUNTER, OTHELLO",27:26,5,1,4,0,2,3,4,4,5,9,1,2,0,1,0,1,5,16,-6.0
2022,RS,2,13,0,P004058   ,0.0,1.0,MUN,10,"JARAMAZ, OGNJEN",16:37,7,3,5,0,1,1,1,0,1,1,2,0,2,0,0,2,2,5,2.0
2022,RS,2,13,0,P001288   ,1.0,1.0,MUN,11,"LUCIC, VLADIMIR",30:28,15,0,5,3,4,6,6,1,3,4,0,1,1,0,0,3,4,14,0.0
2022,RS,2,13,0,P008253   ,0.0,0.0,MUN,12,"GEORGE, JASON",DNP,0,0,0,0,0,0,0,0,0,0,0,0,0,0,0,0,0,0,0.0
2022,RS,2,13,0,P004508   ,0.0,0.0,MUN,13,"OBST, ANDREAS",15:32,6,0,1,2,5,0,0,0,1,1,0,1,2,0,0,1,0,1,-1.0
2022,RS,2,13,0,P005056   ,0.0,0.0,MUN,16,"ZIPSER, PAUL",07:10,0,0,0,0,1,0,0,0,0,0,0,0,0,0,0,1,1,-1,-1.0
2022,RS,2,13,0,P005478   ,0.0,0.0,MUN,17,"WIMBERG, NIKLAS",DNP,0,0,0,0,0,0,0,0,0,0,0,0,0,0,0,0,0,0,0.0
2022,RS,2,13,0,P006477   ,1.0,0.0,MUN,21,"RUBIT, AUGUSTINE",22:38,0,0,2,0,2,0,0,0,1,1,2,2,1,0,1,4,0,-5,1.0
2022,RS,2,13,0,P011941   ,0.0,0.0,MUN,33,"GILLESPIE, FREDDIE",11:42,3,1,3,0,0,1,3,1,2,3,0,0,2,0,0,3,2,-1,-4.0
2022,RS,2,13,0,Team,0.0,0.0,MUN,,Team,,0,0,0,0,0,0,0,2,5,7,0,0,2,0,0,0,0,5,
2022,RS,2,13,0,Total,,,MUN,,Total,200:00,63,7,29,12,31,13,16,9,24,33,11,13,14,1,2,21,22,62,
2022,RS,2,14,1,P011157   ,1.0,1.0,ULK,0,"MOTLEY, JOHNATHAN",22:46,15,5,8,0,0,5,9,4,2,6,2,0,1,0,0,1,6,20,8.0
2022,RS,2,14,1,P003091   ,0.0,0.0,ULK,1,"BIRSEN, METECAN",DNP,0,0,0,0,0,0,0,0,0,0,0,0,0,0,0,0,0,0,0.0
2022,RS,2,14,1,P011201   ,0.0,0.0,ULK,2,"HAZER, SEHMUS",DNP,0,0,0,0,0,0,0,0,0,0,0,0,0,0,0,0,0,0,0.0
2022,RS,2,14,1,P006661   ,1.0,0.0,ULK,3,"WILBEKIN, SCOTTIE",27:46,12,0,2,3,7,3,3,1,3,4,4,1,3,0,0,2,2,12,15.0
2022,RS,2,14,1,P011987   ,0.0,0.0,ULK,4,"EDWARDS, CARSEN",09:47,4,2,4,0,2,0,0,0,1,1,0,0,0,0,1,2,1,-1,-4.0
2022,RS,2,14,1,P002969   ,0.0,0.0,ULK,10,"MAHMUTOGLU, MELIH",DNP,0,0,0,0,0,0,0,0,0,0,0,0,0,0,0,0,0,0,0.0
2022,RS,2,14,1,P008962   ,1.0,1.0,ULK,11,"HAYES-DAVIS, NIGEL",29:01,8,2,2,1,3,1,2,2,2,4,1,1,1,0,0,2,2,10,20.0
2022,RS,2,14,1,P010560   ,1.0,1.0,ULK,21,"PIERRE, DYSHAWN",20:14,3,1,5,0,2,1,2,3,2,5,2,0,1,0,2,0,2,2,5.0
2022,RS,2,14,1,P009733   ,0.0,0.0,ULK,22,"JEKIRI, TONYE",13:00,4,1,2,0,0,2,2,2,1,3,1,0,0,0,0,2,1,6,3.0
2022,RS,2,14,1,P004004   ,0.0,1.0,ULK,23,"GUDURIC, MARKO",23:51,23,2,4,4,8,7,9,0,6,6,0,0,2,0,0,3,4,20,5.0
2022,RS,2,14,1,P007056   ,0.0,0.0,ULK,31,"BOOKER, DEVIN",20:50,4,0,0,1,3,1,2,1,1,2,1,0,0,1,0,2,4,7,4.0
2022,RS,2,14,1,P001932   ,1.0,1.0,ULK,33,"CALATHES, NICK",32:45,13,2,5,3,4,0,0,0,9,9,9,3,2,0,0,2,0,26,19.0
2022,RS,2,14,1,Team,0.0,0.0,ULK,,Team,,0,0,0,0,0,0,0,5,1,6,0,0,2,0,0,0,0,4,
2022,RS,2,14,1,Total,,,ULK,,Total,200:00,86,15,32,12,29,20,29,18,28,46,20,5,12,1,3,16,22,106,
2022,RS,2,14,0,P009622   ,1.0,0.0,TEL,4,"BROWN, LORENZO",27:06,13,2,8,3,5,0,0,0,2,2,6,0,2,0,1,2,1,9,-12.0
2022,RS,2,14,0,P009863   ,1.0,0.0,TEL,5,"BALDWIN IV, WADE",30:28,14,3,8,2,7,2,2,0,3,3,2,2,1,0,0,4,3,9,-17.0
2022,RS,2,14,0,P011967   ,0.0,1.0,TEL,6,"MARTIN, JARELL",22:13,5,1,1,1,1,0,0,0,3,3,0,0,1,1,0,3,1,6,-3.0
2022,RS,2,14,0,P004233   ,0.0,0.0,TEL,8,"MENCO, RAFI",02:58,0,0,0,0,0,0,0,0,1,1,0,0,0,0,0,0,0,1,-3.0
2022,RS,2,14,0,P011219   ,0.0,1.0,TEL,9,"SORKIN, ROMAN",14:33,8,4,10,0,0,0,1,7,0,7,1,0,0,0,0,2,2,9,-10.0
2022,RS,2,14,0,PLKX      ,0.0,0.0,TEL,10,"PNINI, GUY",DNP,0,0,0,0,0,0,0,0,0,0,0,0,0,0,0,0,0,0,0.0
2022,RS,2,14,0,P007990   ,0.0,1.0,TEL,12,"DIBARTOLOMEO, JOHN",13:37,2,1,1,0,1,0,0,1,2,3,2,1,0,0,0,2,1,6,2.0
2022,RS,2,14,0,P009917   ,0.0,0.0,TEL,20,"HOLLINS, AUSTIN",11:04,2,0,1,0,0,2,2,0,0,0,0,0,0,1,0,0,1,3,-9.0
2022,RS,2,14,0,P009960   ,1.0,0.0,TEL,22,"POYTHRESS, ALEX",30:47,10,3,8,1,3,1,3,2,1,3,2,0,3,0,0,2,3,4,-18.0
2022,RS,2,14,0,P011199   ,1.0,0.0,TEL,32,"NEBO, JOSH",21:50,12,6,8,0,0,0,3,3,6,9,1,0,1,0,0,4,4,16,-3.0
2022,RS,2,14,0,P011220   ,0.0,1.0,TEL,33,"ZIV, IFTAH",02:43,0,0,1,0,0,0,0,0,0,0,0,0,0,0,0,1,0,-2,2.0
2022,RS,2,14,0,P009783   ,1.0,1.0,TEL,50,"COLSON, BONZIE",22:41,5,1,7,1,2,0,0,3,1,4,0,2,0,1,0,2,0,3,-4.0
2022,RS,2,14,0,Team,0.0,0.0,TEL,,Team,,0,0,0,0,0,0,0,2,0,2,0,0,1,0,0,0,0,1,
2022,RS,2,14,0,Total,,,TEL,,Total,200:00,71,21,53,8,19,5,11,18,19,37,14,5,9,3,1,22,16,65,
2022,RS,2,15,1,P008855   ,1.0,0.0,OLY,0,"WALKUP, THOMAS",24:11,10,3,4,1,3,1,1,1,2,3,6,2,2,1,0,1,4,20,-2.0
2022,RS,2,15,1,P010612   ,1.0,0.0,OLY,3,"CANAAN, ISAIAH",12:23,0,0,2,0,1,0,0,0,3,3,0,0,0,0,0,2,0,-2,1.0
2022,RS,2,15,1,P006302   ,0.0,0.0,OLY,4,"LOUNTZIS, MICHALIS",DNP,0,0,0,0,0,0,0,0,0,0,0,0,0,0,0,0,0,0,0.0
2022,RS,2,15,1,P010392   ,0.0,1.0,OLY,5,"LARENTZAKIS, GIANNOULIS",19:30,15,2,5,3,5,2,2,1,1,2,2,2,1,0,0,2,2,15,13.0
2022,RS,2,15,1,P012023   ,0.0,0.0,OLY,9,"PAPAS, GEORGE",DNP,0,0,0,0,0,0,0,0,0,0,0,0,0,0,0,0,0,0,0.0
2022,RS,2,15,1,P008811   ,1.0,0.0,OLY,10,"FALL, MOUSTAPHA",27:01,16,6,9,0,0,4,4,3,2,5,2,0,1,0,0,3,4,20,6.0
2022,RS,2,15,1,P001926   ,0.0,1.0,OLY,11,"SLOUKAS, KOSTAS",27:08,15,2,4,0,2,11,12,0,2,2,6,1,3,0,0,2,8,22,7.0
2022,RS,2,15,1,P003469   ,1.0,1.0,OLY,14,"VEZENKOV, SASHA",36:26,23,6,10,2,4,5,6,3,11,14,2,2,2,0,0,0,5,37,13.0
2022,RS,2,15,1,P009035   ,0.0,1.0,OLY,21,"BOLOMBOY, JOEL",10:57,0,0,1,0,0,0,0,2,1,3,0,0,1,0,1,1,1,0,3.0
2022,RS,2,15,1,P008829   ,1.0,0.0,OLY,25,"PETERS, ALEC",22:22,6,1,4,1,4,1,1,0,2,2,0,1,0,0,0,2,2,3,-3.0
2022,RS,2,15,1,P008991   ,0.0,0.0,OLY,28,"BLACK, TARIK",02:02,0,0,0,0,0,0,0,0,0,0,0,0,1,0,0,5,0,-6,1.0
2022,RS,2,15,1,P007853   ,0.0,1.0,OLY,77,"MCKISSIC, SHAQUIELLE",18:00,5,2,3,0,2,1,2,0,1,1,2,1,0,0,0,1,2,6,11.0
2022,RS,2,15,1,Team,0.0,0.0,OLY,,Team,,0,0,0,0,0,0,0,1,0,1,0,0,0,0,0,0,0,1,
2022,RS,2,15,1,Total,,,OLY,,Total,200:00,90,22,42,7,21,25,28,11,25,36,20,9,11,1,1,19,28,116,
2022,RS,2,15,0,P011218   ,1.0,1.0,ZAL,2,"EVANS, KEENAN",21:09,14,1,2,3,5,3,3,0,4,4,3,0,2,0,0,4,2,14,-3.0
2022,RS,2,15,0,P003210   ,0.0,0.0,ZAL,4,"LEKAVICIUS, LUKAS",15:50,4,2,5,0,0,0,0,0,0,0,2,1,2,0,0,1,1,2,-4.0
2022,RS,2,15,0,P010390   ,0.0,0.0,ZAL,8,"HAYES, KEVARRIUS",19:48,6,2,7,0,0,2,2,1,0,1,0,0,2,0,0,2,2,0,-18.0
2022,RS,2,15,0,PJBX      ,0.0,0.0,ZAL,9,"KALNIETIS, MANTAS",DNP,0,0,0,0,0,0,0,0,0,0,0,0,0,0,0,0,0,0,0.0
2022,RS,2,15,0,P007109   ,1.0,1.0,ZAL,10,"SMITS, ROLANDS",22:13,10,2,3,2,4,0,0,2,3,5,2,2,1,0,0,3,1,13,-3.0
2022,RS,2,15,0,P005504   ,0.0,0.0,ZAL,15,"BIRUTIS, LAURYNAS",05:52,0,0,1,0,0,0,0,2,2,4,0,0,1,1,0,1,0,2,1.0
2022,RS,2,15,0,P006158   ,0.0,0.0,ZAL,16,"LUKOSIUNAS, KAROLIS",02:33,0,0,0,0,0,0,0,0,0,0,0,0,0,0,0,2,0,-2,-7.0
2022,RS,2,15,0,P011983   ,1.0,1.0,ZAL,17,"BRAZDEIKIS, IGNAS",24:54,21,7,10,1,5,4,5,1,3,4,3,0,1,0,0,4,3,18,-4.0
2022,RS,2,15,0,P003211   ,0.0,0.0,ZAL,33,"DIMSA, TOMAS",11:57,3,0,1,1,3,0,0,0,0,0,1,0,0,0,1,4,0,-4,-2.0
2022,RS,2,15,0,P009601   ,1.0,1.0,ZAL,34,"CAVANAUGH, TYLER",28:21,12,0,2,4,8,0,0,1,6,7,3,0,2,0,0,0,2,16,4.0
2022,RS,2,15,0,P002676   ,0.0,0.0,ZAL,51,"BUTKEVICIUS, ARNAS",15:28,5,0,0,1,2,2,2,0,0,0,1,1,2,0,0,3,4,5,-13.0
2022,RS,2,15,0,P002329   ,1.0,1.0,ZAL,92,"ULANOVAS, EDGARAS",31:55,5,1,2,1,3,0,1,1,3,4,2,1,0,0,0,4,3,7,-1.0
2022,RS,2,15,0,Team,0.0,0.0,ZAL,,Team,,0,0,0,0,0,0,0,2,1,3,0,0,0,0,0,0,0,3,
2022,RS,2,15,0,Total,,,ZAL,,Total,200:00,80,15,33,13,30,11,13,10,22,32,17,5,13,1,1,28,18,74,
2022,RS,2,16,1,P007870   ,0.0,0.0,MIL,0,"DAVIES, BRANDON",15:55,6,3,6,0,0,0,0,0,2,2,2,0,1,0,1,4,3,4,-4.0
2022,RS,2,16,1,P005094   ,0.0,0.0,MIL,1,"THOMAS, DESHAUN",04:33,0,0,1,0,1,0,0,0,0,0,0,0,0,0,0,0,0,-2,-3.0
2022,RS,2,16,1,P006433   ,1.0,0.0,MIL,5,"PANGOS, KEVIN",28:56,16,2,6,4,10,0,0,0,3,3,2,0,1,0,0,2,2,10,5.0
2022,RS,2,16,1,P006509   ,0.0,0.0,MIL,7,"TONUT, STEFANO",08:13,5,2,4,0,1,1,1,0,1,1,0,0,1,0,1,0,1,2,0.0
2022,RS,2,16,1,P002849   ,1.0,1.0,MIL,9,"MELLI, NICOLO",22:48,6,2,6,0,1,2,2,0,4,4,0,0,4,0,0,3,2,0,-21.0
2022,RS,2,16,1,P005775   ,0.0,1.0,MIL,12,"BARON, BILLY",25:19,8,0,0,2,4,2,2,0,4,4,2,1,1,0,0,2,2,12,-14.0
2022,RS,2,16,1,P001518   ,0.0,0.0,MIL,17,"RICCI, GIAMPAOLO",DNP,0,0,0,0,0,0,0,0,0,0,0,0,0,0,0,0,0,0,0.0
2022,RS,2,16,1,P009903   ,0.0,0.0,MIL,19,"BILIGHA, PAUL",DNP,0,0,0,0,0,0,0,0,0,0,0,0,0,0,0,0,0,0,0.0
2022,RS,2,16,1,P011205   ,1.0,1.0,MIL,22,"HALL, DEVON",33:22,3,0,2,1,5,0,0,2,1,3,2,5,1,0,1,3,1,3,-6.0
2022,RS,2,16,1,P007831   ,1.0,1.0,MIL,31,"SHIELDS, SHAVON",34:37,15,5,10,1,7,2,2,1,5,6,5,2,1,0,0,2,2,16,0.0
2022,RS,2,16,1,P002812   ,1.0,0.0,MIL,42,"HINES, KYLE",28:36,10,3,4,0,0,4,4,1,2,3,2,1,0,1,1,3,5,17,18.0
2022,RS,2,16,1,P007201   ,0.0,1.0,MIL,77,"VOIGTMANN, JOHANNES",22:41,5,1,4,1,2,0,0,3,6,9,2,0,2,0,0,1,0,9,-5.0
2022,RS,2,16,1,Team,0.0,0.0,MIL,,Team,,0,0,0,0,0,0,0,3,2,5,0,0,1,0,0,0,0,4,
2022,RS,2,16,1,Total,,,MIL,,Total,225:00,74,18,43,9,31,11,11,10,30,40,17,9,13,1,4,20,18,75,
2022,RS,2,16,0,P008384   ,0.0,0.0,BER,1,"PROCIDA, GABRIELE",20:43,8,1,1,2,6,0,0,0,0,0,0,1,2,0,0,1,1,3,-3.0
2022,RS,2,16,0,P011192   ,1.0,0.0,BER,3,"SMITH, JALEEN",27:05,13,3,4,2,10,1,1,0,3,3,4,2,1,1,0,3,2,12,3.0
2022,RS,2,16,0,P008211   ,0.0,0.0,BER,6,"DELOW, MALTE",DNP,0,0,0,0,0,0,0,0,0,0,0,0,0,0,0,0,0,0,0.0
2022,RS,2,16,0,P011934   ,0.0,1.0,BER,7,"WETZELL, YANNI",14:33,10,4,6,0,0,2,2,1,2,3,0,3,1,0,0,3,1,11,6.0
2022,RS,2,16,0,P007025   ,0.0,0.0,BER,9,"MATTISSECK, JONAS",04:25,0,0,0,0,1,0,0,0,0,0,0,0,0,0,0,1,0,-2,0.0
2022,RS,2,16,0,P006251   ,0.0,0.0,BER,10,"SCHNEIDER, TIM",03:54,5,1,1,1,1,0,0,0,0,0,0,1,0,0,0,0,0,6,3.0
2022,RS,2,16,0,P006919   ,1.0,1.0,BER,19,"OLINDE, LOUIS",25:08,9,1,2,1,2,4,4,3,1,4,2,0,1,0,0,2,3,13,3.0
2022,RS,2,16,0,P010791   ,1.0,0.0,BER,21,"KOUMADJE, CHRIST",19:28,6,3,3,0,0,0,1,2,5,7,0,0,2,3,0,0,3,16,8.0
2022,RS,2,16,0,P003958   ,0.0,0.0,BER,32,"THIEMANN, JOHANNES",23:17,6,2,6,0,3,2,2,1,2,3,1,1,3,0,1,1,3,2,-9.0
2022,RS,2,16,0,P006589   ,1.0,1.0,BER,43,"SIKMA, LUKE",28:48,6,3,9,0,1,0,2,0,7,7,3,2,4,0,0,2,4,7,4.0
2022,RS,2,16,0,P011193   ,1.0,1.0,BER,45,"BLATT, TAMIR",31:11,13,1,3,3,8,2,2,1,4,5,9,0,2,0,0,2,2,18,9.0
2022,RS,2,16,0,P006625   ,0.0,1.0,BER,50,"ZOOSMAN, YOVEL",26:28,4,2,3,0,2,0,0,1,3,4,2,0,1,0,0,3,0,3,6.0
2022,RS,2,16,0,Team,0.0,0.0,BER,,Team,,0,0,0,0,0,0,0,3,7,10,0,0,1,0,0,0,0,9,
2022,RS,2,16,0,Total,,,BER,,Total,225:00,80,21,38,9,34,11,14,12,34,46,21,10,18,4,1,18,19,98,
2022,RS,2,17,1,P011948   ,0.0,0.0,BAS,0,"HOWARD, MARKUS",23:49,33,1,4,8,12,7,8,0,0,0,1,1,2,0,1,4,7,27,11.0
2022,RS,2,17,1,P008850   ,0.0,0.0,BAS,2,"RAIESTE, SANDER",DNP,0,0,0,0,0,0,0,0,0,0,0,0,0,0,0,0,0,0,0.0
2022,RS,2,17,1,P007230   ,0.0,0.0,BAS,8,"SEDEKERSKIS, TADAS",21:22,11,3,3,1,3,2,2,0,1,1,1,0,0,0,0,1,2,12,-2.0
2022,RS,2,17,1,P004761   ,1.0,1.0,BAS,9,"MARINKOVIC, VANJA",29:36,4,2,2,0,3,0,0,1,3,4,1,1,0,0,0,4,2,5,-10.0
2022,RS,2,17,1,P003198   ,0.0,0.0,BAS,11,"DIEZ, DANIEL",05:34,0,0,0,0,2,0,0,0,1,1,0,0,0,0,0,1,0,-2,-3.0
2022,RS,2,17,1,P011078   ,1.0,1.0,BAS,13,"THOMPSON, DARIUS",37:41,11,2,6,1,4,4,4,1,3,4,7,2,5,1,0,2,3,14,10.0
2022,RS,2,17,1,P004603   ,1.0,0.0,BAS,21,"KOTSAR, MAIK",13:24,4,2,2,0,0,0,2,0,1,1,1,1,1,0,0,2,2,4,-10.0
2022,RS,2,17,1,P010444   ,0.0,1.0,BAS,24,"COSTELLO, MATTHEW",32:07,19,3,3,3,4,4,6,2,2,4,2,1,0,0,0,4,4,23,14.0
2022,RS,2,17,1,P006436   ,1.0,1.0,BAS,31,"GIEDRAITIS, ROKAS",29:16,13,2,5,2,4,3,5,1,8,9,3,1,0,0,0,4,6,21,6.0
2022,RS,2,17,1,P011949   ,1.0,1.0,BAS,34,"HOMMES, DAULTON",20:55,5,1,1,1,3,0,0,0,3,3,2,0,2,2,0,4,0,4,9.0
2022,RS,2,17,1,P007265   ,0.0,0.0,BAS,47,"KURUCS, ARTURS",11:16,3,0,0,1,3,0,0,0,0,0,2,0,0,0,0,2,0,1,10.0
2022,RS,2,17,1,Team,0.0,0.0,BAS,,Team,,0,0,0,0,0,0,0,3,1,4,0,0,2,0,0,0,0,2,
2022,RS,2,17,1,Total,,,BAS,,Total,225:00,103,16,26,17,38,20,27,8,23,31,20,7,12,3,1,28,26,111,
2022,RS,2,17,0,P009212   ,0.0,0.0,PAR,1,"VUKCEVIC, TRISTAN",05:18,3,0,1,1,1,0,0,0,0,0,0,0,0,0,1,1,0,0,1.0
2022,RS,2,17,0,P008987   ,1.0,1.0,PAR,2,"LEDAY, ZACH",38:08,23,6,9,2,2,5,7,3,7,10,2,2,2,0,0,4,6,32,-6.0
2022,RS,2,17,0,P011050   ,0.0,0.0,PAR,5,"KOPRIVICA, BALSA",05:29,0,0,0,0,0,0,0,0,1,1,1,0,0,0,0,1,0,1,-5.0
2022,RS,2,17,0,P009862   ,0.0,1.0,PAR,7,"PUNTER, KEVIN",33:00,26,4,11,3,7,9,9,2,3,5,2,1,1,0,0,4,6,24,-8.0
2022,RS,2,17,0,P005161   ,1.0,0.0,PAR,10,"PAPAPETROU, IOANNIS",26:17,5,2,5,0,0,1,1,2,3,5,3,0,3,0,0,5,1,3,10.0
2022,RS,2,17,0,P011302   ,1.0,0.0,PAR,11,"EXUM, DANTE",29:34,4,1,4,0,1,2,2,0,3,3,4,0,1,0,0,5,3,4,7.0
2022,RS,2,17,0,P007400   ,1.0,1.0,PAR,21,"NUNNALLY, JAMES",25:14,13,4,6,0,5,5,6,0,0,0,1,0,2,0,1,1,4,6,-10.0
2022,RS,2,17,0,P011261   ,0.0,0.0,PAR,24,"GLAS, GREGOR",DNP,0,0,0,0,0,0,0,0,0,0,0,0,0,0,0,0,0,0,0.0
2022,RS,2,17,0,P003842   ,1.0,1.0,PAR,26,"LESSORT, MATHIAS",39:18,19,7,10,0,0,5,6,7,5,12,2,1,1,1,1,3,8,34,-4.0
2022,RS,2,17,0,P007673   ,0.0,0.0,PAR,32,"TRIFUNOVIC, UROS",03:40,0,0,0,0,0,0,0,0,0,0,2,0,0,0,0,0,0,2,-4.0
2022,RS,2,17,0,P000956   ,0.0,0.0,PAR,33,"ANDJUSIC, DANILO",07:41,0,0,0,0,1,0,0,0,0,0,1,0,1,0,0,0,0,-1,-7.0
2022,RS,2,17,0,P011052   ,0.0,1.0,PAR,41,"MADAR, YAM",11:21,3,0,2,1,2,0,0,0,0,0,1,1,2,0,0,2,0,-2,-9.0
2022,RS,2,17,0,Team,0.0,0.0,PAR,,Team,,0,0,0,0,0,0,0,1,0,1,0,0,0,0,0,0,0,1,
2022,RS,2,17,0,Total,,,PAR,,Total,225:00,96,24,48,7,19,27,31,15,22,37,19,5,13,1,3,26,28,104,
2022,RS,2,18,1,P011970   ,0.0,1.0,PAM,0,"HARPER, JARED",17:39,10,4,7,0,3,2,3,0,0,0,5,0,1,0,1,3,2,5,2.0
2022,RS,2,18,1,P000556   ,1.0,0.0,PAM,1,"CLAVER, VICTOR",15:20,5,1,1,1,1,0,0,1,1,2,1,0,1,0,0,3,0,4,-2.0
2022,RS,2,18,1,P006643   ,0.0,1.0,PAM,2,"PUERTO, JOSEP",22:39,10,2,2,2,2,0,0,0,2,2,1,0,0,0,0,3,4,14,9.0
2022,RS,2,18,1,P002661   ,1.0,0.0,PAM,3,"PREPELIC, KLEMEN",21:03,7,1,5,1,3,2,2,0,0,0,3,1,0,0,0,2,2,5,-12.0
2022,RS,2,18,1,P010393   ,0.0,0.0,PAM,4,"PRADILLA, JAIME",06:06,2,1,1,0,0,0,0,0,0,0,0,0,0,0,0,0,0,2,-13.0
2022,RS,2,18,1,P011971   ,1.0,0.0,PAM,5,"WEBB III, JAMES",15:24,3,0,1,1,3,0,0,0,3,3,0,1,1,1,0,2,0,2,1.0
2022,RS,2,18,1,P010568   ,1.0,1.0,PAM,7,"JONES, CHRIS",25:16,13,5,9,1,5,0,0,1,1,2,4,0,2,0,0,1,2,10,-6.0
2022,RS,2,18,1,PLRQ      ,0.0,0.0,PAM,9,"VAN ROSSOM, SAM",DNP,0,0,0,0,0,0,0,0,0,0,0,0,0,0,0,0,0,0,0.0
2022,RS,2,18,1,P011972   ,0.0,1.0,PAM,12,"RADEBAUGH, JONAH",19:30,7,2,5,0,2,3,3,0,3,3,2,0,1,0,1,1,3,7,7.0
2022,RS,2,18,1,P002742   ,0.0,1.0,PAM,14,"DUBLJEVIC, BOJAN",21:26,0,0,1,0,2,0,0,2,4,6,5,1,2,0,1,1,1,6,9.0
2022,RS,2,18,1,P011973   ,1.0,0.0,PAM,21,"ALEXANDER, KYLE",15:56,4,2,2,0,0,0,0,2,1,3,0,1,1,0,0,2,1,6,-8.0
2022,RS,2,18,1,P011214   ,0.0,0.0,PAM,41,"RIVERO, JASIEL",19:41,15,4,7,1,2,4,4,3,3,6,0,0,1,0,0,4,4,16,8.0
2022,RS,2,18,1,Team,0.0,0.0,PAM,,Team,,0,0,0,0,0,0,0,2,2,4,0,0,0,0,0,0,0,4,
2022,RS,2,18,1,Total,,,PAM,,Total,200:00,76,22,41,7,23,11,12,11,20,31,21,4,10,1,3,22,19,81,
2022,RS,2,18,0,P011936   ,0.0,1.0,ASV,0,"MATHEWS, JONAH",21:22,9,3,7,0,2,3,4,0,3,3,1,1,0,0,0,0,3,10,-7.0
2022,RS,2,18,0,P011937   ,0.0,0.0,ASV,1,"POLITE, ANTHONY",DNP,0,0,0,0,0,0,0,0,0,0,0,0,0,0,0,0,0,0,0.0
2022,RS,2,18,0,P006068   ,1.0,0.0,ASV,2,"NOUA, AMINE",19:15,2,1,2,0,1,0,0,0,2,2,0,0,2,1,0,1,1,1,1.0
2022,RS,2,18,0,PKIR      ,0.0,1.0,ASV,5,"KAHUDI, CHARLES",16:50,9,0,0,3,4,0,0,0,1,1,1,0,2,0,0,2,0,6,8.0
2022,RS,2,18,0,P001261   ,0.0,0.0,ASV,6,"LACOMBE, PAUL",05:15,0,0,1,0,0,0,0,1,1,2,1,0,0,0,0,0,0,2,1.0
2022,RS,2,18,0,P004194   ,0.0,1.0,ASV,7,"LAUVERGNE, JOFFREY",18:37,9,3,4,0,0,3,4,0,1,1,1,0,0,0,0,3,2,8,-15.0
2022,RS,2,18,0,PTFK      ,0.0,0.0,ASV,8,"DIOT, ANTOINE",04:12,0,0,1,0,0,0,0,0,0,0,1,0,0,0,0,1,0,-1,-7.0
2022,RS,2,18,0,P002100   ,1.0,0.0,ASV,12,"DE COLO, NANDO",27:51,16,4,6,2,4,2,2,0,2,2,4,1,4,0,0,1,8,22,0.0
2022,RS,2,18,0,P006568   ,1.0,0.0,ASV,19,"FALL, YOUSSOUPHA",26:34,10,5,6,0,0,0,0,4,9,13,1,0,1,2,0,4,1,21,13.0
2022,RS,2,18,0,P003526   ,1.0,1.0,ASV,23,"LIGHTY, DAVID",29:10,9,3,6,0,1,3,3,0,2,2,2,1,0,0,1,3,3,9,-4.0
2022,RS,2,18,0,P011938   ,1.0,1.0,ASV,32,"OBASOHAN, RETIN",27:18,13,3,5,2,3,1,2,0,0,0,1,1,4,0,0,4,4,7,17.0
2022,RS,2,18,0,P006832   ,0.0,0.0,ASV,35,"PONS, YVES",03:36,0,0,0,0,0,0,0,0,0,0,0,0,0,0,0,0,0,0,-2.0
2022,RS,2,18,0,Team,0.0,0.0,ASV,,Team,,0,0,0,0,0,0,0,0,1,1,0,0,1,0,0,0,0,0,
2022,RS,2,18,0,Total,,,ASV,,Total,200:00,77,22,38,7,15,12,15,5,22,27,13,4,14,3,1,19,22,85,
2022,RS,3,19,1,P011218   ,1.0,1.0,ZAL,2,"EVANS, KEENAN",22:45,9,2,6,0,1,5,5,0,1,1,4,4,6,0,0,0,3,10,11.0
2022,RS,3,19,1,P003210   ,0.0,0.0,ZAL,4,"LEKAVICIUS, LUKAS",10:20,5,0,0,1,3,2,2,0,2,2,1,0,2,0,0,0,4,8,0.0
2022,RS,3,19,1,P010390   ,1.0,1.0,ZAL,8,"HAYES, KEVARRIUS",14:48,6,2,2,0,0,2,2,4,2,6,0,2,1,0,0,3,1,11,-8.0
2022,RS,3,19,1,PJBX      ,0.0,0.0,ZAL,9,"KALNIETIS, MANTAS",DNP,0,0,0,0,0,0,0,0,0,0,0,0,0,0,0,0,0,0,0.0
2022,RS,3,19,1,P007109   ,1.0,1.0,ZAL,10,"SMITS, ROLANDS",21:48,13,4,7,1,1,2,2,3,2,5,1,1,1,0,1,4,1,12,8.0
2022,RS,3,19,1,P005504   ,0.0,0.0,ZAL,15,"BIRUTIS, LAURYNAS",10:29,5,2,3,0,0,1,2,0,1,1,0,0,0,0,0,1,1,4,-5.0
2022,RS,3,19,1,P006158   ,0.0,0.0,ZAL,16,"LUKOSIUNAS, KAROLIS",04:02,0,0,0,0,1,0,0,0,0,0,0,0,0,0,0,1,0,-2,0.0
2022,RS,3,19,1,P011983   ,1.0,0.0,ZAL,17,"BRAZDEIKIS, IGNAS",25:24,14,5,8,0,4,4,4,1,5,6,5,0,1,0,1,2,4,18,-2.0
2022,RS,3,19,1,P003211   ,0.0,0.0,ZAL,33,"DIMSA, TOMAS",13:49,4,2,3,0,2,0,0,0,1,1,2,0,0,0,0,2,1,3,-7.0
2022,RS,3,19,1,P009601   ,0.0,0.0,ZAL,34,"CAVANAUGH, TYLER",25:14,5,1,4,1,5,0,0,1,4,5,0,0,1,1,1,2,2,2,1.0
2022,RS,3,19,1,P002676   ,0.0,1.0,ZAL,51,"BUTKEVICIUS, ARNAS",22:13,1,0,0,0,3,1,2,0,2,2,1,1,1,1,0,3,2,0,12.0
2022,RS,3,19,1,P002329   ,1.0,1.0,ZAL,92,"ULANOVAS, EDGARAS",29:08,6,3,7,0,1,0,0,3,1,4,4,1,2,1,0,2,3,10,5.0
2022,RS,3,19,1,Team,0.0,0.0,ZAL,,Team,,0,0,0,0,0,0,0,1,4,5,0,0,0,0,0,0,0,5,
2022,RS,3,19,1,Total,,,ZAL,,Total,200:00,68,21,40,3,21,17,19,13,25,38,18,9,15,3,3,20,22,81,
2022,RS,3,19,0,P009549   ,0.0,0.0,VIR,0,"CORDINIER, ISAIA",11:37,4,0,2,1,2,1,2,1,1,2,0,1,2,0,0,2,1,0,-5.0
2022,RS,3,19,0,P011064   ,0.0,0.0,VIR,1,"MANNION, NICCOLO",02:07,0,0,0,0,1,0,0,0,0,0,0,0,0,0,0,2,0,-3,1.0
2022,RS,3,19,0,PBCN      ,0.0,0.0,VIR,3,"BELINELLI, MARCO",06:50,0,0,4,0,1,0,0,0,0,0,1,0,0,0,0,0,0,-4,-4.0
2022,RS,3,19,0,P006739   ,0.0,0.0,VIR,6,"PAJOLA, ALESSANDRO",16:06,0,0,1,0,1,0,0,1,1,2,3,1,1,0,0,2,0,1,5.0
2022,RS,3,19,0,P004655   ,0.0,0.0,VIR,7,"BAKO, ISMAEL",04:55,0,0,0,0,0,0,0,0,0,0,0,0,1,0,0,2,1,-2,1.0
2022,RS,3,19,0,P002581   ,1.0,0.0,VIR,14,"JAITEH, MAM",21:28,9,3,8,0,0,3,6,2,2,4,0,1,2,0,2,2,6,6,12.0
2022,RS,3,19,0,P010781   ,1.0,1.0,VIR,19,"LUNDBERG, IFFE",24:01,7,3,6,0,2,1,1,0,4,4,2,1,1,0,1,2,4,9,-4.0
2022,RS,3,19,0,P001844   ,1.0,0.0,VIR,23,"HACKETT, DANIEL",19:43,6,1,1,1,2,1,2,0,2,2,5,0,2,0,0,3,1,7,-7.0
2022,RS,3,19,0,P008847   ,1.0,1.0,VIR,25,"MICKEY, JORDAN",26:01,9,2,4,1,1,2,3,1,3,4,1,2,3,3,0,2,3,14,-7.0
2022,RS,3,19,0,P006592   ,0.0,1.0,VIR,34,"WEEMS, KYLE",23:55,15,4,4,2,2,1,2,0,2,2,1,2,0,0,0,3,1,17,-15.0
2022,RS,3,19,0,P011982   ,1.0,1.0,VIR,37,"OJELEYE, SEMI",29:01,8,2,3,1,2,1,2,1,4,5,1,2,0,0,0,2,1,12,5.0
2022,RS,3,19,0,PJDR      ,0.0,1.0,VIR,44,"TEODOSIC, MILOS",14:16,7,2,6,1,3,0,0,0,1,1,6,0,2,0,0,0,2,8,3.0
2022,RS,3,19,0,Team,0.0,0.0,VIR,,Team,,0,0,0,0,0,0,0,2,2,4,0,0,2,0,0,0,0,2,
2022,RS,3,19,0,Total,,,VIR,,Total,200:00,65,17,39,7,17,10,18,8,22,30,20,10,16,3,3,22,20,67,
2022,RS,3,20,1,P006590   ,1.0,0.0,IST,1,"BEAUBOIS, RODRIGUE",19:37,5,1,2,1,5,0,0,0,0,0,0,1,0,0,0,2,0,-1,20.0
2022,RS,3,20,1,P003521   ,0.0,0.0,IST,4,"BALBAY, DOGUS",00:33,0,0,0,0,0,0,0,0,0,0,0,0,0,0,0,1,0,-1,2.0
2022,RS,3,20,1,P009846   ,0.0,1.0,IST,6,"BRYANT, ELIJAH",26:34,10,2,3,2,4,0,0,0,3,3,1,0,1,0,1,2,2,9,-16.0
2022,RS,3,20,1,P004888   ,1.0,1.0,IST,12,"CLYBURN, WILL",34:50,18,4,5,1,5,7,8,0,2,2,1,0,3,0,0,2,9,19,-3.0
2022,RS,3,20,1,P005348   ,0.0,0.0,IST,18,"ARNA, EGEHAN",DNP,0,0,0,0,0,0,0,0,0,0,0,0,0,0,0,0,0,0,0.0
2022,RS,3,20,1,P002925   ,0.0,0.0,IST,19,"TUNCER, BUGRAHAN",02:40,0,0,0,0,0,0,0,0,1,1,0,0,1,0,0,0,0,0,-10.0
2022,RS,3,20,1,PLHK      ,1.0,1.0,IST,21,"PLEISS, TIBOR",12:49,9,3,4,1,1,0,0,1,2,3,0,2,1,0,0,4,0,8,-2.0
2022,RS,3,20,1,P002580   ,1.0,1.0,IST,22,"MICIC, VASILIJE",36:17,22,5,7,2,8,6,6,0,2,2,8,2,1,0,0,2,9,32,9.0
2022,RS,3,20,1,P007993   ,1.0,0.0,IST,24,"M'BAYE, AMATH",22:03,7,2,3,1,2,0,0,2,4,6,2,0,0,0,0,1,0,12,-6.0
2022,RS,3,20,1,P002084   ,0.0,1.0,IST,33,"POLONARA, ACHILLE",17:26,6,0,0,2,3,0,0,0,4,4,2,0,2,1,0,1,1,10,0.0
2022,RS,3,20,1,P004554   ,0.0,0.0,IST,41,"ZIZIC, ANTE",17:54,8,3,3,0,0,2,2,1,0,1,2,1,1,0,0,1,2,12,6.0
2022,RS,3,20,1,P003048   ,0.0,0.0,IST,42,"DUNSTON, BRYANT",09:17,6,2,2,0,0,2,2,1,4,5,1,0,2,0,0,0,2,12,-5.0
2022,RS,3,20,1,Team,0.0,0.0,IST,,Team,,0,0,0,0,0,0,0,0,0,0,0,0,0,0,0,0,0,0,
2022,RS,3,20,1,Total,,,IST,,Total,200:00,91,22,29,10,28,17,18,5,22,27,17,6,12,1,1,16,25,112,
2022,RS,3,20,0,P011970   ,0.0,0.0,PAM,0,"HARPER, JARED",13:27,5,0,2,1,3,2,2,0,1,1,5,2,2,0,1,1,2,7,5.0
2022,RS,3,20,0,P000556   ,0.0,1.0,PAM,1,"CLAVER, VICTOR",21:35,12,0,1,4,6,0,0,1,3,4,0,1,3,1,0,4,0,8,5.0
2022,RS,3,20,0,P006643   ,1.0,0.0,PAM,2,"PUERTO, JOSEP",13:05,3,0,1,1,2,0,0,0,1,1,0,0,1,0,0,4,0,-3,-13.0
2022,RS,3,20,0,P002661   ,1.0,0.0,PAM,3,"PREPELIC, KLEMEN",19:24,5,0,0,1,4,2,2,0,1,1,1,0,1,0,0,2,1,2,-1.0
2022,RS,3,20,0,P010393   ,1.0,0.0,PAM,4,"PRADILLA, JAIME",18:25,5,2,3,0,0,1,2,3,1,4,0,0,0,0,0,2,3,8,-4.0
2022,RS,3,20,0,P005356   ,0.0,1.0,PAM,6,"LOPEZ-AROSTEGUI, XABI",21:25,6,2,2,0,1,2,2,1,3,4,1,0,0,0,0,2,4,12,5.0
2022,RS,3,20,0,P010568   ,1.0,1.0,PAM,7,"JONES, CHRIS",26:33,15,5,8,1,4,2,2,0,2,2,8,0,1,0,0,2,2,18,-4.0
2022,RS,3,20,0,PLRQ      ,0.0,1.0,PAM,9,"VAN ROSSOM, SAM",15:05,12,0,1,4,4,0,0,0,0,0,4,0,1,0,0,2,0,12,7.0
2022,RS,3,20,0,P011972   ,0.0,0.0,PAM,12,"RADEBAUGH, JONAH",11:23,3,0,3,1,2,0,0,0,0,0,1,2,1,0,0,2,0,-1,-1.0
2022,RS,3,20,0,P002742   ,1.0,0.0,PAM,14,"DUBLJEVIC, BOJAN",25:06,20,3,7,3,6,5,5,2,3,5,1,0,2,0,0,3,4,18,7.0
2022,RS,3,20,0,P009105   ,0.0,0.0,PAM,16,"JIMENEZ, MILLAN",DNP,0,0,0,0,0,0,0,0,0,0,0,0,0,0,0,0,0,0,0.0
2022,RS,3,20,0,P011973   ,0.0,1.0,PAM,21,"ALEXANDER, KYLE",14:32,6,3,4,0,1,0,0,3,2,5,0,0,0,0,0,1,0,8,-1.0
2022,RS,3,20,0,Team,0.0,0.0,PAM,,Team,,0,0,0,0,0,0,0,1,2,3,0,0,0,0,0,0,0,3,
2022,RS,3,20,0,Total,,,PAM,,Total,200:00,92,15,32,16,33,14,15,11,19,30,21,5,12,1,1,25,16,92,
2022,RS,3,21,1,P011157   ,1.0,0.0,ULK,0,"MOTLEY, JOHNATHAN",12:08,13,6,6,0,0,1,3,2,2,4,0,3,2,0,0,3,3,16,16.0
2022,RS,3,21,1,P003091   ,0.0,1.0,ULK,1,"BIRSEN, METECAN",20:11,6,0,1,2,2,0,0,1,0,1,1,1,0,0,0,3,1,6,6.0
2022,RS,3,21,1,P011201   ,0.0,1.0,ULK,2,"HAZER, SEHMUS",07:56,3,0,1,1,1,0,0,0,2,2,0,1,5,0,0,0,1,1,1.0
2022,RS,3,21,1,P006661   ,1.0,0.0,ULK,3,"WILBEKIN, SCOTTIE",13:38,15,1,1,4,9,1,1,0,1,1,1,1,0,0,0,3,4,14,15.0
2022,RS,3,21,1,P011987   ,0.0,1.0,ULK,4,"EDWARDS, CARSEN",23:02,19,3,7,3,4,4,4,0,1,1,1,0,3,1,1,3,2,12,7.0
2022,RS,3,21,1,P002969   ,0.0,1.0,ULK,10,"MAHMUTOGLU, MELIH",06:55,0,0,0,0,1,0,0,0,0,0,0,1,0,0,0,2,1,-1,0.0
2022,RS,3,21,1,P008962   ,1.0,0.0,ULK,11,"HAYES-DAVIS, NIGEL",23:40,0,0,2,0,5,0,0,0,6,6,1,2,0,0,0,1,1,2,10.0
2022,RS,3,21,1,P010560   ,1.0,0.0,ULK,21,"PIERRE, DYSHAWN",19:52,5,1,1,1,1,0,0,1,1,2,1,0,2,0,0,1,2,7,7.0
2022,RS,3,21,1,P009733   ,0.0,1.0,ULK,22,"JEKIRI, TONYE",13:17,5,2,3,0,0,1,2,0,1,1,1,2,0,0,0,2,1,6,3.0
2022,RS,3,21,1,P004004   ,0.0,0.0,ULK,23,"GUDURIC, MARKO",21:05,7,3,4,0,2,1,1,0,4,4,3,1,2,0,0,2,2,10,16.0
2022,RS,3,21,1,P007056   ,0.0,0.0,ULK,31,"BOOKER, DEVIN",17:47,0,0,1,0,0,0,0,2,1,3,1,0,0,0,0,3,2,2,9.0
2022,RS,3,21,1,P001932   ,1.0,0.0,ULK,33,"CALATHES, NICK",20:29,11,4,6,1,2,0,1,0,3,3,8,1,1,0,0,1,1,18,15.0
2022,RS,3,21,1,Team,0.0,0.0,ULK,,Team,,0,0,0,0,0,0,0,0,1,1,0,0,2,0,0,0,0,-1,
2022,RS,3,21,1,Total,,,ULK,,Total,200:00,84,20,33,12,27,8,12,6,23,29,18,13,17,1,1,24,21,92,
2022,RS,3,21,0,P011936   ,0.0,0.0,ASV,0,"MATHEWS, JONAH",20:13,6,3,5,0,4,0,1,0,0,0,4,2,1,0,0,2,1,3,-7.0
2022,RS,3,21,0,P011937   ,0.0,1.0,ASV,1,"POLITE, ANTHONY",07:50,0,0,1,0,1,0,0,0,0,0,0,0,0,0,1,1,1,-3,0.0
2022,RS,3,21,0,P006068   ,0.0,1.0,ASV,2,"NOUA, AMINE",19:02,2,1,3,0,1,0,0,0,3,3,0,0,1,0,0,0,0,1,-16.0
2022,RS,3,21,0,PKIR      ,1.0,0.0,ASV,5,"KAHUDI, CHARLES",21:01,0,0,1,0,3,0,0,2,3,5,1,0,2,0,0,3,2,-1,-4.0
2022,RS,3,21,0,P001261   ,0.0,1.0,ASV,6,"LACOMBE, PAUL",18:54,4,2,3,0,1,0,0,0,1,1,0,1,2,0,0,3,1,0,-11.0
2022,RS,3,21,0,P004194   ,0.0,0.0,ASV,7,"LAUVERGNE, JOFFREY",19:06,8,3,6,0,0,2,4,1,2,3,2,1,1,0,0,2,7,13,-16.0
2022,RS,3,21,0,PTFK      ,0.0,1.0,ASV,8,"DIOT, ANTOINE",04:27,0,0,0,0,1,0,0,0,1,1,2,1,1,0,0,0,0,2,-2.0
2022,RS,3,21,0,P002100   ,1.0,0.0,ASV,12,"DE COLO, NANDO",19:45,10,2,6,2,2,0,0,0,5,5,4,0,4,0,0,2,3,12,-11.0
2022,RS,3,21,0,P006568   ,1.0,0.0,ASV,19,"FALL, YOUSSOUPHA",16:56,17,5,8,0,0,7,9,6,3,9,0,0,1,0,0,3,6,23,-5.0
2022,RS,3,21,0,P003526   ,1.0,0.0,ASV,23,"LIGHTY, DAVID",22:36,4,2,7,0,1,0,0,1,2,3,1,1,4,0,0,1,0,-2,-12.0
2022,RS,3,21,0,P011938   ,1.0,0.0,ASV,32,"OBASOHAN, RETIN",16:41,5,1,3,1,2,0,0,0,0,0,2,0,1,0,0,2,1,2,-11.0
2022,RS,3,21,0,P006832   ,0.0,1.0,ASV,35,"PONS, YVES",13:29,7,2,2,0,0,3,4,1,1,2,0,2,0,1,0,2,2,11,-10.0
2022,RS,3,21,0,Team,0.0,0.0,ASV,,Team,,0,0,0,0,0,0,0,3,2,5,0,0,0,0,0,0,0,5,
2022,RS,3,21,0,Total,,,ASV,,Total,200:00,63,21,45,3,16,12,18,14,23,37,16,8,18,1,1,21,24,66,
2022,RS,3,22,1,P012056   ,0.0,1.0,TEL,3,"ADAMS, JALEN",07:08,2,0,0,0,1,2,2,0,0,0,2,0,1,0,0,0,1,3,11.0
2022,RS,3,22,1,P009622   ,1.0,0.0,TEL,4,"BROWN, LORENZO",34:09,13,2,7,3,8,0,0,0,7,7,7,0,5,0,0,2,2,12,-4.0
2022,RS,3,22,1,P009863   ,1.0,0.0,TEL,5,"BALDWIN IV, WADE",34:23,21,2,5,5,8,2,2,1,6,7,5,0,2,1,1,3,6,28,8.0
2022,RS,3,22,1,P011967   ,0.0,0.0,TEL,6,"MARTIN, JARELL",18:25,9,2,4,1,3,2,2,2,0,2,1,1,1,1,2,4,2,5,-17.0
2022,RS,3,22,1,P004233   ,0.0,0.0,TEL,8,"MENCO, RAFI",03:59,0,0,1,0,1,0,0,0,0,0,0,0,0,0,0,1,0,-3,-7.0
2022,RS,3,22,1,P011219   ,0.0,0.0,TEL,9,"SORKIN, ROMAN",18:56,10,5,9,0,0,0,0,4,5,9,2,1,0,1,2,1,2,18,18.0
2022,RS,3,22,1,P007990   ,0.0,1.0,TEL,12,"DIBARTOLOMEO, JOHN",16:49,6,0,1,2,4,0,0,1,0,1,0,0,1,0,0,1,1,3,12.0
2022,RS,3,22,1,P005145   ,0.0,0.0,TEL,15,"COHEN, JAKE",DNP,0,0,0,0,0,0,0,0,0,0,0,0,0,0,0,0,0,0,0.0
2022,RS,3,22,1,P009917   ,1.0,0.0,TEL,20,"HOLLINS, AUSTIN",14:17,5,1,1,1,5,0,0,1,2,3,0,1,1,0,0,5,1,0,13.0
2022,RS,3,22,1,P009960   ,1.0,1.0,TEL,22,"POYTHRESS, ALEX",23:41,4,2,2,0,0,0,0,1,5,6,1,0,1,1,0,3,0,8,-13.0
2022,RS,3,22,1,P011199   ,1.0,1.0,TEL,32,"NEBO, JOSH",09:28,0,0,1,0,0,0,0,0,1,1,0,1,2,0,0,1,0,-2,-3.0
2022,RS,3,22,1,P009783   ,0.0,1.0,TEL,50,"COLSON, BONZIE",18:45,8,3,6,0,2,2,2,2,1,3,1,1,0,0,1,2,2,7,22.0
2022,RS,3,22,1,Team,0.0,0.0,TEL,,Team,,0,0,0,0,0,0,0,3,1,4,0,0,0,0,0,0,0,4,
2022,RS,3,22,1,Total,,,TEL,,Total,200:00,78,17,37,12,32,8,8,15,28,43,19,5,14,4,6,23,17,83,
2022,RS,3,22,0,P010588   ,1.0,1.0,MCO,0,"BROWN, JOHN",20:25,7,3,5,0,0,1,2,1,1,2,1,3,1,0,0,1,1,9,-4.0
2022,RS,3,22,0,P011212   ,0.0,1.0,MCO,0,"OKOBO, ELIE",15:26,9,1,3,2,4,1,1,0,4,4,1,0,3,1,1,3,1,5,-14.0
2022,RS,3,22,0,P009754   ,1.0,1.0,MCO,3,"LOYD, JORDAN",29:33,21,2,4,3,6,8,8,1,4,5,3,1,0,0,1,1,7,30,2.0
2022,RS,3,22,0,P011231   ,0.0,1.0,MCO,4,"BLOSSOMGAME, JARON",21:48,6,1,1,1,4,1,2,1,2,3,0,0,1,1,0,3,3,5,-9.0
2022,RS,3,22,0,P011935   ,0.0,0.0,MCO,5,"MAKOUNDOU, YOAN",DNP,0,0,0,0,0,0,0,0,0,0,0,0,0,0,0,0,0,0,0.0
2022,RS,3,22,0,P011226   ,1.0,0.0,MCO,11,"DIALLO, ALPHA",26:18,8,2,5,1,2,1,4,2,4,6,0,1,1,0,0,4,3,6,-9.0
2022,RS,3,22,0,P001833   ,0.0,0.0,MCO,18,"MOERMAN, ADRIEN",14:03,0,0,1,0,2,0,0,2,3,5,2,0,1,0,0,1,0,2,4.0
2022,RS,3,22,0,PLCZ      ,1.0,0.0,MCO,20,"MOTIEJUNAS, DONATAS",19:00,2,1,5,0,0,0,0,2,3,5,0,0,3,0,1,2,0,-3,-1.0
2022,RS,3,22,0,P004197   ,0.0,0.0,MCO,24,"OUATTARA, YAKUBA",DNP,0,0,0,0,0,0,0,0,0,0,0,0,0,0,0,0,0,0,0.0
2022,RS,3,22,0,P008099   ,0.0,0.0,MCO,32,"STRAZEL, MATTHEW",04:54,0,0,1,0,1,0,0,0,0,0,1,0,0,0,0,2,1,-2,3.0
2022,RS,3,22,0,P011196   ,0.0,0.0,MCO,45,"HALL, DONTA",17:33,2,0,2,0,0,2,2,2,1,3,0,0,0,4,0,0,2,9,-1.0
2022,RS,3,22,0,P005985   ,1.0,1.0,MCO,55,"JAMES, MIKE",31:00,15,6,10,0,8,3,4,1,3,4,2,2,1,0,1,0,4,12,-11.0
2022,RS,3,22,0,Team,0.0,0.0,MCO,,Team,,0,0,0,0,0,0,0,2,0,2,0,0,1,0,0,0,0,1,
2022,RS,3,22,0,Total,,,MCO,,Total,200:00,70,16,37,7,27,17,23,14,25,39,10,7,12,6,4,17,22,74,
2022,RS,3,23,1,P010391   ,1.0,0.0,MUN,0,"WEILER-BABB, NICK",26:23,8,1,3,2,5,0,0,1,1,2,1,1,0,1,0,1,1,8,-15.0
2022,RS,3,23,1,P009866   ,0.0,0.0,MUN,2,"WALDEN, COREY",19:19,8,0,1,2,3,2,2,0,0,0,1,1,0,0,1,2,3,8,4.0
2022,RS,3,23,1,P011940   ,0.0,0.0,MUN,5,"WINSTON, CASSIUS",15:03,11,3,4,0,1,5,5,0,1,1,1,0,1,0,0,3,2,9,3.0
2022,RS,3,23,1,P005160   ,1.0,0.0,MUN,8,"HUNTER, OTHELLO",22:00,5,1,5,1,1,0,0,2,1,3,1,1,0,0,1,1,0,4,-9.0
2022,RS,3,23,1,P004058   ,1.0,1.0,MUN,10,"JARAMAZ, OGNJEN",18:41,8,2,4,1,4,1,2,0,1,1,0,1,1,0,0,2,4,5,0.0
2022,RS,3,23,1,P001288   ,1.0,0.0,MUN,11,"LUCIC, VLADIMIR",29:16,8,1,2,1,2,3,3,0,1,1,0,0,1,1,0,2,3,8,-16.0
2022,RS,3,23,1,P008253   ,0.0,1.0,MUN,12,"GEORGE, JASON",01:02,0,0,0,0,0,0,0,0,0,0,0,0,0,0,0,0,0,0,3.0
2022,RS,3,23,1,P004508   ,0.0,1.0,MUN,13,"OBST, ANDREAS",15:20,5,1,1,1,7,0,0,0,2,2,0,1,1,0,0,2,0,-1,-12.0
2022,RS,3,23,1,P005056   ,0.0,1.0,MUN,16,"ZIPSER, PAUL",03:30,0,0,0,0,0,0,0,0,1,1,0,1,0,0,0,0,0,2,-1.0
2022,RS,3,23,1,P005478   ,0.0,0.0,MUN,17,"WIMBERG, NIKLAS",06:46,0,0,2,0,0,0,0,0,3,3,0,0,0,0,0,0,0,1,2.0
2022,RS,3,23,1,P006477   ,1.0,0.0,MUN,21,"RUBIT, AUGUSTINE",24:40,19,5,10,0,1,9,10,3,4,7,3,0,1,0,0,2,6,25,-12.0
2022,RS,3,23,1,P011941   ,0.0,1.0,MUN,33,"GILLESPIE, FREDDIE",18:00,1,0,2,0,0,1,2,1,3,4,0,1,0,1,1,4,1,0,-2.0
2022,RS,3,23,1,Team,0.0,0.0,MUN,,Team,,0,0,0,0,0,0,0,0,1,1,0,0,0,0,0,0,0,1,
2022,RS,3,23,1,Total,,,MUN,,Total,200:00,73,14,34,8,24,21,24,7,19,26,7,7,5,3,3,19,20,70,
2022,RS,3,23,0,P011244   ,0.0,1.0,BAR,1,"DA SILVA, OSCAR",18:54,4,2,6,0,2,0,0,1,5,6,0,0,0,0,2,1,1,2,-9.0
2022,RS,3,23,0,P003204   ,0.0,1.0,BAR,3,"PAULI, ORIOL",01:02,0,0,0,0,0,0,0,0,0,0,0,0,1,0,0,0,0,-1,-1.0
2022,RS,3,23,0,P002968   ,1.0,0.0,BAR,5,"SANLI, SERTAC",23:23,9,3,4,1,4,0,0,1,2,3,2,1,2,1,0,2,1,9,13.0
2022,RS,3,23,0,P000925   ,0.0,0.0,BAR,6,"VESELY, JAN",19:55,14,5,7,0,0,4,4,1,4,5,2,0,0,0,1,2,5,21,20.0
2022,RS,3,23,0,P004866   ,1.0,0.0,BAR,10,"KALINIC, NIKOLA",24:41,7,2,4,1,1,0,0,1,7,8,3,0,1,0,0,3,1,13,8.0
2022,RS,3,23,0,P002939   ,1.0,0.0,BAR,13,"SATORANSKY, TOMAS",21:56,7,1,2,1,1,2,2,1,3,4,7,0,1,0,0,2,3,17,15.0
2022,RS,3,23,0,P006435   ,1.0,0.0,BAR,20,"LAPROVITTOLA, NICOLAS",22:09,14,1,1,4,8,0,0,1,1,2,4,0,1,0,0,2,2,15,9.0
2022,RS,3,23,0,P003478   ,0.0,1.0,BAR,21,"ABRINES, ALEX",19:24,14,1,1,4,6,0,0,0,3,3,1,1,0,0,0,0,1,18,3.0
2022,RS,3,23,0,P006450   ,0.0,0.0,BAR,22,"HIGGINS, CORY",16:49,3,1,4,0,1,1,2,1,1,2,2,1,3,1,0,2,2,1,3.0
2022,RS,3,23,0,P008966   ,1.0,0.0,BAR,23,"TOBEY, MIKE",12:41,5,1,1,1,2,0,0,0,1,1,1,0,0,1,0,4,0,3,-1.0
2022,RS,3,23,0,P007519   ,0.0,1.0,BAR,31,"JOKUBAITIS, ROKAS",18:04,7,2,4,1,1,0,0,0,1,1,2,0,1,0,0,2,3,8,-4.0
2022,RS,3,23,0,P010641   ,0.0,1.0,BAR,46,"NNAJI, JAMES",01:02,0,0,0,0,0,0,0,0,0,0,0,0,0,0,0,0,0,0,-1.0
2022,RS,3,23,0,Team,0.0,0.0,BAR,,Team,,0,0,0,0,0,0,0,1,2,3,0,0,1,0,0,0,0,2,
2022,RS,3,23,0,Total,,,BAR,,Total,200:00,84,19,34,13,26,7,8,8,30,38,24,3,11,3,3,20,19,108,
2022,RS,3,24,1,P009212   ,0.0,0.0,PAR,1,"VUKCEVIC, TRISTAN",DNP,0,0,0,0,0,0,0,0,0,0,0,0,0,0,0,0,0,0,0.0
2022,RS,3,24,1,P008987   ,1.0,1.0,PAR,2,"LEDAY, ZACH",32:16,23,4,7,5,6,0,0,1,4,5,3,0,1,0,1,3,3,25,-3.0
2022,RS,3,24,1,P011050   ,0.0,0.0,PAR,5,"KOPRIVICA, BALSA",DNP,0,0,0,0,0,0,0,0,0,0,0,0,0,0,0,0,0,0,0.0
2022,RS,3,24,1,P009862   ,1.0,1.0,PAR,7,"PUNTER, KEVIN",33:02,7,1,5,1,4,2,2,0,5,5,2,0,1,0,1,2,3,6,-1.0
2022,RS,3,24,1,P005161   ,1.0,0.0,PAR,10,"PAPAPETROU, IOANNIS",23:43,5,2,3,0,2,1,2,0,3,3,0,0,0,2,0,2,1,5,0.0
2022,RS,3,24,1,P011302   ,1.0,1.0,PAR,11,"EXUM, DANTE",17:35,7,1,5,1,2,2,2,1,3,4,1,0,6,0,0,3,2,0,-2.0
2022,RS,3,24,1,P007400   ,0.0,0.0,PAR,21,"NUNNALLY, JAMES",18:17,2,1,3,0,1,0,0,0,3,3,2,1,2,0,0,2,2,3,-5.0
2022,RS,3,24,1,P011261   ,0.0,0.0,PAR,24,"GLAS, GREGOR",DNP,0,0,0,0,0,0,0,0,0,0,0,0,0,0,0,0,0,0,0.0
2022,RS,3,24,1,P003842   ,1.0,1.0,PAR,26,"LESSORT, MATHIAS",38:31,12,6,10,0,0,0,0,7,3,10,0,3,1,3,0,3,4,24,-3.0
2022,RS,3,24,1,P007673   ,0.0,0.0,PAR,32,"TRIFUNOVIC, UROS",00:19,0,0,0,0,0,0,0,0,0,0,0,0,0,0,0,0,0,0,-3.0
2022,RS,3,24,1,P000956   ,0.0,1.0,PAR,33,"ANDJUSIC, DANILO",14:05,9,0,1,2,3,3,3,0,1,1,2,0,4,0,0,0,1,7,-5.0
2022,RS,3,24,1,P011052   ,0.0,0.0,PAR,41,"MADAR, YAM",22:12,10,2,5,2,3,0,0,0,0,0,4,2,0,0,0,2,1,11,-3.0
2022,RS,3,24,1,Team,0.0,0.0,PAR,,Team,,0,0,0,0,0,0,0,2,2,4,0,0,0,0,0,0,0,4,
2022,RS,3,24,1,Total,,,PAR,,Total,200:00,75,17,39,11,21,8,9,11,24,35,14,6,15,5,2,17,17,85,
2022,RS,3,24,0,P007870   ,0.0,0.0,MIL,0,"DAVIES, BRANDON",28:19,15,5,10,0,0,5,6,2,2,4,2,1,2,0,0,1,4,17,17.0
2022,RS,3,24,0,P005094   ,1.0,0.0,MIL,1,"THOMAS, DESHAUN",07:42,3,0,1,1,2,0,0,0,1,1,1,0,0,0,0,1,0,2,-10.0
2022,RS,3,24,0,P006433   ,1.0,0.0,MIL,5,"PANGOS, KEVIN",29:15,12,3,3,2,6,0,0,0,1,1,1,0,4,0,0,1,1,6,1.0
2022,RS,3,24,0,P006509   ,0.0,1.0,MIL,7,"TONUT, STEFANO",01:49,3,0,0,1,2,0,0,0,0,0,0,0,0,0,0,1,0,1,-1.0
2022,RS,3,24,0,P002849   ,1.0,1.0,MIL,9,"MELLI, NICOLO",18:24,7,2,5,1,2,0,0,0,2,2,0,2,0,1,2,3,2,5,-18.0
2022,RS,3,24,0,P005775   ,0.0,0.0,MIL,12,"BARON, BILLY",16:45,10,0,0,3,3,1,1,0,1,1,3,0,1,0,0,2,1,12,2.0
2022,RS,3,24,0,P001518   ,0.0,0.0,MIL,17,"RICCI, GIAMPAOLO",DNP,0,0,0,0,0,0,0,0,0,0,0,0,0,0,0,0,0,0,0.0
2022,RS,3,24,0,P009903   ,0.0,0.0,MIL,19,"BILIGHA, PAUL",DNP,0,0,0,0,0,0,0,0,0,0,0,0,0,0,0,0,0,0,0.0
2022,RS,3,24,0,P011205   ,0.0,1.0,MIL,22,"HALL, DEVON",31:43,0,0,0,0,4,0,0,0,4,4,4,0,0,1,0,2,1,4,8.0
2022,RS,3,24,0,P007831   ,1.0,1.0,MIL,31,"SHIELDS, SHAVON",32:46,25,4,7,3,4,8,8,0,4,4,1,0,2,0,1,3,6,26,15.0
2022,RS,3,24,0,P002812   ,1.0,1.0,MIL,42,"HINES, KYLE",11:41,0,0,3,0,0,0,0,1,0,1,2,0,0,0,2,2,0,-4,-12.0
2022,RS,3,24,0,P007201   ,0.0,0.0,MIL,77,"VOIGTMANN, JOHANNES",21:36,5,1,3,1,2,0,0,1,5,6,4,2,0,0,0,1,2,15,23.0
2022,RS,3,24,0,Team,0.0,0.0,MIL,,Team,,0,0,0,0,0,0,0,1,2,3,0,0,0,0,0,0,0,3,
2022,RS,3,24,0,Total,,,MIL,,Total,200:00,80,15,32,12,25,14,15,5,22,27,18,5,9,2,5,17,17,87,
2022,RS,3,25,1,P008384   ,1.0,0.0,BER,1,"PROCIDA, GABRIELE",20:03,6,1,5,1,4,1,2,0,1,1,3,0,1,0,1,4,1,-3,26.0
2022,RS,3,25,1,P011620   ,0.0,1.0,BER,2,"MACHOWSKI, NILS",02:18,2,1,1,0,1,0,0,0,0,0,0,0,0,0,0,0,0,1,0.0
2022,RS,3,25,1,P008211   ,0.0,1.0,BER,6,"DELOW, MALTE",14:11,5,1,2,1,3,0,0,0,2,2,1,0,0,0,1,1,0,3,-8.0
2022,RS,3,25,1,P011934   ,0.0,0.0,BER,7,"WETZELL, YANNI",15:02,11,3,7,0,0,5,6,2,2,4,0,1,1,0,1,2,6,13,-11.0
2022,RS,3,25,1,P007025   ,0.0,1.0,BER,9,"MATTISSECK, JONAS",17:15,3,0,2,1,3,0,0,0,2,2,1,2,0,0,0,2,0,2,-7.0
2022,RS,3,25,1,P006251   ,0.0,1.0,BER,10,"SCHNEIDER, TIM",13:44,2,0,4,0,0,2,2,1,1,2,0,1,0,1,1,3,1,-1,-3.0
2022,RS,3,25,1,P006919   ,1.0,0.0,BER,19,"OLINDE, LOUIS",19:54,7,1,4,1,1,2,2,0,3,3,3,1,0,1,1,0,1,12,18.0
2022,RS,3,25,1,P010791   ,1.0,0.0,BER,21,"KOUMADJE, CHRIST",13:39,10,5,6,0,0,0,0,1,5,6,0,0,0,2,0,3,0,14,18.0
2022,RS,3,25,1,P006589   ,1.0,0.0,BER,43,"SIKMA, LUKE",26:16,16,4,7,2,3,2,2,4,11,15,6,0,2,0,1,1,4,33,32.0
2022,RS,3,25,1,P010385   ,0.0,1.0,BER,44,"LAMMERS, BEN",11:19,7,2,3,1,1,0,0,0,0,0,2,0,0,0,0,2,0,6,22.0
2022,RS,3,25,1,P011193   ,1.0,0.0,BER,45,"BLATT, TAMIR",25:49,15,0,0,4,7,3,3,0,1,1,7,1,2,0,1,1,3,20,37.0
2022,RS,3,25,1,P006625   ,0.0,0.0,BER,50,"ZOOSMAN, YOVEL",20:30,10,2,4,2,4,0,0,0,4,4,2,2,1,0,1,2,3,13,21.0
2022,RS,3,25,1,Team,0.0,0.0,BER,,Team,,0,0,0,0,0,0,0,1,2,3,0,0,0,0,0,0,0,3,
2022,RS,3,25,1,Total,,,BER,,Total,200:00,94,20,45,13,27,15,17,9,34,43,25,8,7,4,8,21,19,116,
2022,RS,3,25,0,P011209   ,0.0,0.0,PAN,0,"KALAITZAKIS, PANAGIOTIS",03:28,0,0,0,0,0,0,0,0,1,1,0,0,0,1,0,0,1,3,-7.0
2022,RS,3,25,0,P011225   ,1.0,0.0,PAN,5,"LEE, PARIS",23:18,11,3,9,1,3,2,2,1,3,4,2,1,1,0,1,2,1,7,-27.0
2022,RS,3,25,0,P005844   ,1.0,1.0,PAN,6,"PAPAGIANNIS, GEORGIOS",21:20,0,0,4,0,0,0,0,3,5,8,0,0,2,4,0,1,1,6,-22.0
2022,RS,3,25,0,P003240   ,0.0,1.0,PAN,7,"BOCHORIDIS, ELEFTHERIOS",17:02,5,1,2,1,2,0,0,0,2,2,4,0,1,1,0,3,1,7,-7.0
2022,RS,3,25,0,P009006   ,1.0,0.0,PAN,8,"WILLIAMS, DERRICK",19:12,6,1,2,1,5,1,4,0,1,1,2,0,1,0,0,3,3,0,-28.0
2022,RS,3,25,0,P011248   ,0.0,0.0,PAN,12,"ANDREWS, ANDREW",23:18,13,2,5,2,3,3,3,0,1,1,2,1,1,0,0,2,5,15,-2.0
2022,RS,3,25,0,P006586   ,1.0,0.0,PAN,16,"KALAITZAKIS, GEORGIOS",06:24,0,0,0,0,0,0,0,0,1,1,0,0,0,0,0,0,0,1,-8.0
2022,RS,3,25,0,P011396   ,0.0,0.0,PAN,33,"CHOUGKAZ, NIKOS",DNP,0,0,0,0,0,0,0,0,0,0,0,0,0,0,0,0,0,0,0.0
2022,RS,3,25,0,P004172   ,0.0,1.0,PAN,37,"PONITKA, MATEUSZ",22:35,5,1,6,0,2,3,4,1,5,6,3,1,4,1,1,0,2,5,-19.0
2022,RS,3,25,0,P002328   ,1.0,1.0,PAN,40,"GRIGONIS, MARIUS",23:55,14,1,6,3,6,3,3,2,0,2,3,0,3,0,2,2,3,7,-17.0
2022,RS,3,25,0,P008084   ,0.0,1.0,PAN,72,"MANTZOUKAS, ELEFTHERIOS",20:48,3,0,1,1,1,0,0,0,5,5,0,0,0,1,0,3,0,5,-1.0
2022,RS,3,25,0,P003120   ,0.0,0.0,PAN,77,"GUDAITIS, ARTURAS",18:40,8,3,5,0,0,2,8,2,2,4,0,0,1,0,0,3,4,4,-7.0
2022,RS,3,25,0,Team,0.0,0.0,PAN,,Team,,0,0,0,0,0,0,0,1,2,3,0,0,0,0,0,0,0,3,
2022,RS,3,25,0,Total,,,PAN,,Total,200:00,65,12,40,9,22,14,24,10,28,38,16,3,14,8,4,19,21,63,
2022,RS,3,26,1,P011948   ,0.0,1.0,BAS,0,"HOWARD, MARKUS",24:27,30,2,4,7,12,5,7,1,2,3,0,0,2,0,0,0,10,32,9.0
2022,RS,3,26,1,P008850   ,0.0,0.0,BAS,2,"RAIESTE, SANDER",04:40,0,0,1,0,0,0,0,0,1,1,0,0,0,0,1,0,0,-1,-1.0
2022,RS,3,26,1,P007230   ,0.0,1.0,BAS,8,"SEDEKERSKIS, TADAS",20:22,6,3,3,0,1,0,0,0,1,1,2,2,0,0,0,0,0,10,17.0
2022,RS,3,26,1,P004761   ,1.0,0.0,BAS,9,"MARINKOVIC, VANJA",18:05,10,2,2,2,4,0,0,0,0,0,3,0,0,0,0,3,2,10,6.0
2022,RS,3,26,1,P003198   ,0.0,0.0,BAS,11,"DIEZ, DANIEL",DNP,0,0,0,0,0,0,0,0,0,0,0,0,0,0,0,0,0,0,0.0
2022,RS,3,26,1,P011078   ,1.0,1.0,BAS,13,"THOMPSON, DARIUS",29:24,18,3,6,4,4,0,0,0,3,3,4,4,1,0,0,2,0,23,18.0
2022,RS,3,26,1,P012058   ,0.0,0.0,BAS,20,"NDIAYE, OUSMANE",DNP,0,0,0,0,0,0,0,0,0,0,0,0,0,0,0,0,0,0,0.0
2022,RS,3,26,1,P004603   ,1.0,0.0,BAS,21,"KOTSAR, MAIK",22:09,8,4,8,0,0,0,0,3,1,4,1,0,0,2,0,2,1,10,-2.0
2022,RS,3,26,1,P010444   ,0.0,1.0,BAS,24,"COSTELLO, MATTHEW",17:51,8,1,2,2,6,0,0,1,1,2,2,1,0,0,0,2,0,6,19.0
2022,RS,3,26,1,P006436   ,1.0,1.0,BAS,31,"GIEDRAITIS, ROKAS",30:13,3,0,4,1,3,0,0,0,6,6,0,0,1,1,1,0,1,3,16.0
2022,RS,3,26,1,P011949   ,1.0,0.0,BAS,34,"HOMMES, DAULTON",24:45,9,0,1,3,6,0,0,0,2,2,2,0,0,0,1,0,3,11,2.0
2022,RS,3,26,1,P007265   ,0.0,0.0,BAS,47,"KURUCS, ARTURS",08:04,0,0,0,0,0,0,0,0,0,0,0,0,1,0,0,4,0,-5,1.0
2022,RS,3,26,1,Team,0.0,0.0,BAS,,Team,,0,0,0,0,0,0,0,1,2,3,0,0,0,0,0,0,0,3,
2022,RS,3,26,1,Total,,,BAS,,Total,200:00,92,15,31,19,36,5,7,6,19,25,14,7,5,3,3,13,17,102,
2022,RS,3,26,0,P004267   ,0.0,0.0,RED,0,"HOLLAND, JOHN",DNP,0,0,0,0,0,0,0,0,0,0,0,0,0,0,0,0,0,0,0.0
2022,RS,3,26,0,P004720   ,0.0,0.0,RED,2,"LAZAREVIC, STEFAN",14:49,0,0,2,0,0,0,0,1,2,3,1,0,0,0,0,2,0,0,-22.0
2022,RS,3,26,0,P011963   ,1.0,1.0,RED,3,"ADAMS, JAYLEN",18:27,3,0,1,1,3,0,0,0,2,2,5,0,2,1,0,2,0,4,-1.0
2022,RS,3,26,0,P002553   ,1.0,1.0,RED,9,"MITROVIC, LUKA",25:01,17,6,7,0,0,5,6,2,6,8,2,0,2,0,0,1,5,27,-3.0
2022,RS,3,26,0,PLUO      ,1.0,0.0,RED,10,"LAZIC, BRANKO",24:19,2,1,2,0,0,0,0,2,1,3,0,1,1,0,1,3,0,0,-6.0
2022,RS,3,26,0,P009540   ,0.0,0.0,RED,12,"MARTIN, HASSAN",11:45,2,1,2,0,0,0,0,1,1,2,0,0,1,1,0,2,0,1,-12.0
2022,RS,3,26,0,P004007   ,0.0,1.0,RED,13,"DOBRIC, OGNJEN",21:03,14,4,6,2,6,0,0,1,4,5,2,0,1,0,1,1,0,12,-9.0
2022,RS,3,26,0,PJDU      ,0.0,0.0,RED,15,"RADULJICA, MIROSLAV",DNP,0,0,0,0,0,0,0,0,0,0,0,0,0,0,0,0,0,0,0.0
2022,RS,3,26,0,P003332   ,0.0,1.0,RED,20,"IVANOVIC, NIKOLA",20:48,11,3,5,1,3,2,2,0,1,1,4,1,1,0,0,0,4,16,-17.0
2022,RS,3,26,0,PLME      ,1.0,0.0,RED,27,"MARKOVIC, STEFAN",26:22,5,1,1,1,2,0,0,0,1,1,5,0,2,0,0,3,1,6,-2.0
2022,RS,3,26,0,P011194   ,0.0,1.0,RED,33,"PETRUSEV, FILIP",17:14,10,2,3,2,2,0,2,1,4,5,0,0,3,0,0,1,1,9,-17.0
2022,RS,3,26,0,P009818   ,1.0,0.0,RED,50,"BENTIL, BENJAMIN",20:12,11,2,8,2,3,1,2,1,3,4,1,0,2,1,1,2,2,6,4.0
2022,RS,3,26,0,Team,0.0,0.0,RED,,Team,,0,0,0,0,0,0,0,1,1,2,0,0,0,0,0,0,0,2,
2022,RS,3,26,0,Total,,,RED,,Total,200:00,75,20,37,9,19,8,12,10,26,36,20,2,15,3,3,17,13,83,
2022,RS,3,27,1,P001392   ,0.0,1.0,MAD,1,"CAUSEUR, FABIEN",23:02,3,1,3,0,5,1,1,0,0,0,3,0,1,0,1,3,2,-4,-1.0
2022,RS,3,27,1,P003733   ,0.0,0.0,MAD,6,"ABALDE, ALBERTO",07:06,0,0,0,0,2,0,0,1,0,1,1,0,0,0,0,1,0,-1,3.0
2022,RS,3,27,1,P003108   ,1.0,0.0,MAD,11,"HEZONJA, MARIO",14:34,5,1,2,1,6,0,0,1,0,1,1,1,0,1,0,1,0,2,-3.0
2022,RS,3,27,1,PCVM      ,1.0,0.0,MAD,13,"RODRIGUEZ, SERGIO",16:01,3,0,1,1,1,0,0,0,4,4,8,0,3,0,0,1,2,12,2.0
2022,RS,3,27,1,P009005   ,1.0,1.0,MAD,14,"DECK, GABRIEL",23:54,5,1,3,1,3,0,0,1,6,7,2,0,3,0,0,2,0,5,-11.0
2022,RS,3,27,1,P004887   ,0.0,0.0,MAD,17,"POIRIER, VINCENT",13:39,2,0,3,0,0,2,2,1,3,4,1,0,2,1,0,4,1,0,0.0
2022,RS,3,27,1,P004790   ,0.0,0.0,MAD,21,"CORNELIE, PETR",12:56,11,2,3,2,2,1,2,2,2,4,0,0,0,0,0,2,1,12,4.0
2022,RS,3,27,1,P005791   ,1.0,1.0,MAD,22,"TAVARES, WALTER",26:21,14,5,9,0,0,4,4,2,4,6,2,0,1,1,1,4,4,17,-2.0
2022,RS,3,27,1,PTGB      ,0.0,1.0,MAD,23,"LLULL, SERGIO",23:57,14,1,2,3,5,3,3,0,1,1,2,1,0,0,0,1,2,16,-2.0
2022,RS,3,27,1,P010357   ,1.0,0.0,MAD,28,"YABUSELE, GUERSCHON",23:23,13,3,4,2,2,1,2,0,2,2,3,0,1,0,0,1,2,16,-7.0
2022,RS,3,27,1,P009213   ,0.0,0.0,MAD,30,"NDIAYE, ELI",DNP,0,0,0,0,0,0,0,0,0,0,0,0,0,0,0,0,0,0,0.0
2022,RS,3,27,1,P006540   ,0.0,1.0,MAD,31,"MUSA, DZANAN",15:07,17,1,2,4,6,3,3,0,1,1,0,0,0,0,0,2,2,15,7.0
2022,RS,3,27,1,Team,0.0,0.0,MAD,,Team,,0,0,0,0,0,0,0,1,1,2,0,0,0,0,0,0,0,2,
2022,RS,3,27,1,Total,,,MAD,,Total,200:00,87,15,32,14,32,15,17,9,24,33,23,2,11,3,2,22,16,92,
2022,RS,3,27,0,P008855   ,1.0,1.0,OLY,0,"WALKUP, THOMAS",22:15,9,3,4,1,1,0,0,0,4,4,4,0,1,0,1,3,0,11,10.0
2022,RS,3,27,0,P010612   ,1.0,0.0,OLY,3,"CANAAN, ISAIAH",17:18,3,0,2,1,3,0,0,0,2,2,2,0,1,0,0,2,1,1,2.0
2022,RS,3,27,0,P006302   ,0.0,0.0,OLY,4,"LOUNTZIS, MICHALIS",05:01,0,0,0,0,0,0,0,0,1,1,1,0,0,0,0,1,0,1,-8.0
2022,RS,3,27,0,P010392   ,0.0,1.0,OLY,5,"LARENTZAKIS, GIANNOULIS",20:01,8,1,1,2,3,0,0,0,1,1,1,2,0,0,0,2,3,12,1.0
2022,RS,3,27,0,P012023   ,0.0,0.0,OLY,9,"PAPAS, GEORGE",DNP,0,0,0,0,0,0,0,0,0,0,0,0,0,0,0,0,0,0,0.0
2022,RS,3,27,0,P008811   ,1.0,1.0,OLY,10,"FALL, MOUSTAPHA",27:50,6,3,4,0,0,0,0,1,1,2,0,1,1,1,0,1,0,7,3.0
2022,RS,3,27,0,P001926   ,0.0,0.0,OLY,11,"SLOUKAS, KOSTAS",23:23,14,5,8,0,3,4,4,1,3,4,7,0,3,0,0,0,4,20,5.0
2022,RS,3,27,0,P003469   ,1.0,1.0,OLY,14,"VEZENKOV, SASHA",32:45,23,8,9,2,7,1,2,3,9,12,0,1,1,0,1,1,3,29,7.0
2022,RS,3,27,0,P009035   ,0.0,0.0,OLY,21,"BOLOMBOY, JOEL",11:20,11,3,8,0,0,5,6,2,1,3,1,0,0,0,0,4,5,10,2.0
2022,RS,3,27,0,P008829   ,0.0,0.0,OLY,25,"PETERS, ALEC",14:39,5,2,2,0,1,1,1,0,1,1,0,0,2,1,0,2,1,3,-8.0
2022,RS,3,27,0,P008991   ,0.0,0.0,OLY,28,"BLACK, TARIK",03:38,0,0,3,0,0,0,0,0,0,0,0,1,0,0,1,0,0,-3,-4.0
2022,RS,3,27,0,P007853   ,1.0,1.0,OLY,77,"MCKISSIC, SHAQUIELLE",21:50,10,4,5,0,3,2,5,1,2,3,2,2,0,0,0,1,5,14,0.0
2022,RS,3,27,0,Team,0.0,0.0,OLY,,Team,,0,0,0,0,0,0,0,3,2,5,0,0,0,0,0,0,0,5,
2022,RS,3,27,0,Total,,,OLY,,Total,200:00,89,29,46,6,21,13,18,11,27,38,18,7,9,2,3,17,22,110,
2022,RS,4,28,1,P011218   ,1.0,1.0,ZAL,2,"EVANS, KEENAN",30:01,18,3,5,3,6,3,5,0,1,1,4,1,2,1,0,3,3,16,10.0
2022,RS,4,28,1,P003210   ,0.0,1.0,ZAL,4,"LEKAVICIUS, LUKAS",10:26,2,1,2,0,1,0,0,0,0,0,0,0,0,0,0,1,1,0,-6.0
2022,RS,4,28,1,P010390   ,1.0,0.0,ZAL,8,"HAYES, KEVARRIUS",25:59,2,1,3,0,0,0,0,4,1,5,1,1,0,0,1,1,2,7,3.0
2022,RS,4,28,1,PJBX      ,0.0,0.0,ZAL,9,"KALNIETIS, MANTAS",DNP,0,0,0,0,0,0,0,0,0,0,0,0,0,0,0,0,0,0,0.0
2022,RS,4,28,1,P007109   ,1.0,1.0,ZAL,10,"SMITS, ROLANDS",27:45,15,2,2,3,7,2,2,2,3,5,0,0,2,0,0,2,3,15,0.0
2022,RS,4,28,1,P005504   ,0.0,0.0,ZAL,15,"BIRUTIS, LAURYNAS",03:52,4,2,2,0,0,0,0,0,0,0,0,0,1,0,0,0,0,3,-1.0
2022,RS,4,28,1,P006158   ,0.0,0.0,ZAL,16,"LUKOSIUNAS, KAROLIS",00:40,0,0,0,0,0,0,0,0,0,0,0,0,1,0,0,2,0,-3,0.0
2022,RS,4,28,1,P011983   ,1.0,0.0,ZAL,17,"BRAZDEIKIS, IGNAS",23:15,6,2,7,0,1,2,2,0,4,4,0,0,3,0,1,3,1,-2,2.0
2022,RS,4,28,1,P003211   ,0.0,0.0,ZAL,33,"DIMSA, TOMAS",16:28,6,0,3,1,5,3,3,0,0,0,1,1,1,0,1,1,1,-1,7.0
2022,RS,4,28,1,P009601   ,0.0,0.0,ZAL,34,"CAVANAUGH, TYLER",17:22,0,0,1,0,1,0,0,2,2,4,2,0,0,0,0,1,1,4,-1.0
2022,RS,4,28,1,P002676   ,0.0,1.0,ZAL,51,"BUTKEVICIUS, ARNAS",17:09,5,0,0,1,2,2,2,1,1,2,1,2,1,1,0,2,1,8,-12.0
2022,RS,4,28,1,P002329   ,1.0,1.0,ZAL,92,"ULANOVAS, EDGARAS",27:03,15,5,10,1,1,2,3,4,3,7,2,3,2,0,0,4,7,22,3.0
2022,RS,4,28,1,Team,0.0,0.0,ZAL,,Team,,0,0,0,0,0,0,0,1,1,2,0,0,4,0,0,0,0,-2,
2022,RS,4,28,1,Total,,,ZAL,,Total,200:00,73,16,35,9,24,14,17,14,16,30,11,8,17,2,3,20,20,67,
2022,RS,4,28,0,P011244   ,0.0,0.0,BAR,1,"DA SILVA, OSCAR",05:49,4,2,2,0,0,0,0,2,0,2,0,0,1,0,0,1,0,4,-5.0
2022,RS,4,28,0,P003204   ,0.0,0.0,BAR,3,"PAULI, ORIOL",01:27,0,0,0,0,0,0,0,0,0,0,0,0,0,0,0,0,0,0,0.0
2022,RS,4,28,0,P002968   ,1.0,0.0,BAR,5,"SANLI, SERTAC",18:09,8,4,4,0,2,0,0,0,4,4,2,0,3,1,0,2,1,9,3.0
2022,RS,4,28,0,P000925   ,0.0,1.0,BAR,6,"VESELY, JAN",26:13,12,5,8,0,0,2,2,2,1,3,3,1,1,0,0,1,2,16,-2.0
2022,RS,4,28,0,P004866   ,1.0,0.0,BAR,10,"KALINIC, NIKOLA",29:15,4,2,4,0,3,0,0,1,4,5,1,0,5,0,0,3,2,-1,0.0
2022,RS,4,28,0,P002939   ,1.0,1.0,BAR,13,"SATORANSKY, TOMAS",24:13,10,2,2,2,5,0,0,0,3,3,3,1,1,0,0,3,1,11,-6.0
2022,RS,4,28,0,P006435   ,1.0,1.0,BAR,20,"LAPROVITTOLA, NICOLAS",22:52,8,0,2,1,4,5,6,0,1,1,4,1,3,0,1,3,4,5,-8.0
2022,RS,4,28,0,P003478   ,0.0,0.0,BAR,21,"ABRINES, ALEX",15:35,2,1,2,0,0,0,0,0,1,1,0,1,0,1,0,2,1,3,9.0
2022,RS,4,28,0,P006450   ,0.0,1.0,BAR,22,"HIGGINS, CORY",23:10,10,2,4,1,2,3,3,2,3,5,0,3,1,1,1,1,6,19,0.0
2022,RS,4,28,0,P008966   ,1.0,0.0,BAR,23,"TOBEY, MIKE",11:46,4,2,2,0,0,0,0,0,0,0,0,0,0,0,0,1,0,3,-2.0
2022,RS,4,28,0,P007519   ,0.0,1.0,BAR,31,"JOKUBAITIS, ROKAS",21:31,10,2,5,2,3,0,0,1,2,3,6,1,1,0,0,3,2,14,6.0
2022,RS,4,28,0,P010641   ,0.0,0.0,BAR,46,"NNAJI, JAMES",DNP,0,0,0,0,0,0,0,0,0,0,0,0,0,0,0,0,0,0,0.0
2022,RS,4,28,0,Team,0.0,0.0,BAR,,Team,,0,0,0,0,0,0,0,1,1,2,0,0,0,0,0,0,0,2,
2022,RS,4,28,0,Total,,,BAR,,Total,200:00,72,22,35,6,19,10,11,9,20,29,19,8,16,3,2,20,19,85,
2022,RS,4,29,1,P011157   ,1.0,1.0,ULK,0,"MOTLEY, JOHNATHAN",30:11,16,6,8,0,1,4,5,3,2,5,3,1,1,1,0,3,5,23,4.0
2022,RS,4,29,1,P003091   ,0.0,0.0,ULK,1,"BIRSEN, METECAN",08:09,0,0,0,0,2,0,0,0,1,1,0,0,0,0,0,2,0,-3,-4.0
2022,RS,4,29,1,P011201   ,0.0,0.0,ULK,2,"HAZER, SEHMUS",02:17,0,0,0,0,0,0,0,0,0,0,0,1,0,0,0,0,0,1,-8.0
2022,RS,4,29,1,P006661   ,1.0,1.0,ULK,3,"WILBEKIN, SCOTTIE",31:58,20,2,6,5,9,1,1,0,5,5,5,1,2,0,0,2,3,22,22.0
2022,RS,4,29,1,P011987   ,0.0,0.0,ULK,4,"EDWARDS, CARSEN",07:01,2,0,2,0,1,2,2,0,2,2,0,0,0,0,1,1,1,0,-3.0
2022,RS,4,29,1,P002969   ,0.0,0.0,ULK,10,"MAHMUTOGLU, MELIH",DNP,0,0,0,0,0,0,0,0,0,0,0,0,0,0,0,0,0,0,0.0
2022,RS,4,29,1,P008962   ,1.0,1.0,ULK,11,"HAYES-DAVIS, NIGEL",28:03,17,2,4,4,8,1,2,1,1,2,2,3,0,0,0,2,3,18,3.0
2022,RS,4,29,1,P010560   ,1.0,0.0,ULK,21,"PIERRE, DYSHAWN",29:18,2,1,1,0,4,0,0,1,8,9,3,0,0,1,0,0,3,14,7.0
2022,RS,4,29,1,P009733   ,0.0,0.0,ULK,22,"JEKIRI, TONYE",06:10,2,1,1,0,0,0,0,0,1,1,0,0,0,0,0,1,0,2,-3.0
2022,RS,4,29,1,P004004   ,0.0,1.0,ULK,23,"GUDURIC, MARKO",21:50,10,3,4,1,4,1,2,0,1,1,1,0,1,0,0,4,2,4,-4.0
2022,RS,4,29,1,P007056   ,0.0,0.0,ULK,31,"BOOKER, DEVIN",09:49,2,1,1,0,3,0,0,1,1,2,0,1,0,0,0,0,0,2,-2.0
2022,RS,4,29,1,P001932   ,1.0,1.0,ULK,33,"CALATHES, NICK",25:14,8,1,3,2,4,0,0,1,2,3,7,2,2,0,0,4,0,10,-2.0
2022,RS,4,29,1,Team,0.0,0.0,ULK,,Team,,0,0,0,0,0,0,0,1,1,2,0,0,2,0,0,0,0,0,
2022,RS,4,29,1,Total,,,ULK,,Total,200:00,79,17,30,12,36,9,12,8,25,33,21,9,8,2,1,19,17,93,
2022,RS,4,29,0,P011970   ,0.0,0.0,PAM,0,"HARPER, JARED",04:47,5,1,1,1,2,0,0,0,0,0,2,0,0,0,0,0,2,8,3.0
2022,RS,4,29,0,P000556   ,1.0,0.0,PAM,1,"CLAVER, VICTOR",24:37,7,2,2,1,1,0,0,0,2,2,0,0,1,0,0,4,0,4,0.0
2022,RS,4,29,0,P006643   ,1.0,1.0,PAM,2,"PUERTO, JOSEP",20:03,7,2,3,1,1,0,0,1,3,4,1,0,0,0,1,3,0,7,-5.0
2022,RS,4,29,0,P002661   ,1.0,0.0,PAM,3,"PREPELIC, KLEMEN",18:34,4,0,2,1,3,1,2,0,2,2,2,0,1,0,0,2,2,2,-7.0
2022,RS,4,29,0,P010393   ,0.0,0.0,PAM,4,"PRADILLA, JAIME",14:30,3,0,1,1,1,0,2,1,3,4,0,0,0,1,0,1,1,5,-5.0
2022,RS,4,29,0,P005356   ,0.0,1.0,PAM,6,"LOPEZ-AROSTEGUI, XABI",20:33,5,1,1,0,2,3,3,2,4,6,1,1,0,0,0,1,3,13,4.0
2022,RS,4,29,0,P010568   ,1.0,1.0,PAM,7,"JONES, CHRIS",27:05,16,7,10,0,4,2,2,0,7,7,3,2,3,0,1,0,3,20,-2.0
2022,RS,4,29,0,PLRQ      ,0.0,1.0,PAM,9,"VAN ROSSOM, SAM",18:11,10,1,2,2,5,2,2,0,0,0,0,0,1,0,0,1,1,5,-2.0
2022,RS,4,29,0,P011972   ,0.0,1.0,PAM,12,"RADEBAUGH, JONAH",12:18,2,1,4,0,2,0,0,0,2,2,0,1,2,0,0,2,1,-3,7.0
2022,RS,4,29,0,P002742   ,1.0,0.0,PAM,14,"DUBLJEVIC, BOJAN",22:39,13,3,6,2,6,1,1,1,2,3,2,0,3,0,0,2,3,9,0.0
2022,RS,4,29,0,P009105   ,0.0,0.0,PAM,16,"JIMENEZ, MILLAN",DNP,0,0,0,0,0,0,0,0,0,0,0,0,0,0,0,0,0,0,0.0
2022,RS,4,29,0,P011973   ,0.0,0.0,PAM,21,"ALEXANDER, KYLE",16:43,5,2,5,0,0,1,1,3,1,4,1,1,1,0,0,1,2,8,-3.0
2022,RS,4,29,0,Team,0.0,0.0,PAM,,Team,,0,0,0,0,0,0,0,1,3,4,0,0,0,0,0,0,0,4,
2022,RS,4,29,0,Total,,,PAM,,Total,200:00,77,20,37,9,27,10,13,9,29,38,12,5,12,1,2,17,18,82,
2022,RS,4,30,1,P012056   ,0.0,0.0,TEL,3,"ADAMS, JALEN",12:36,3,0,1,1,3,0,0,0,2,2,0,1,0,0,0,2,0,1,-3.0
2022,RS,4,30,1,P009622   ,1.0,0.0,TEL,4,"BROWN, LORENZO",27:23,17,4,9,2,4,3,4,0,3,3,6,0,4,0,0,0,5,19,19.0
2022,RS,4,30,1,P009863   ,1.0,0.0,TEL,5,"BALDWIN IV, WADE",23:55,12,5,9,0,6,2,3,1,4,5,8,1,5,0,0,2,4,12,10.0
2022,RS,4,30,1,P011967   ,0.0,1.0,TEL,6,"MARTIN, JARELL",12:52,4,1,1,0,1,2,2,1,2,3,0,1,1,0,0,0,1,7,-5.0
2022,RS,4,30,1,P004233   ,0.0,0.0,TEL,8,"MENCO, RAFI",09:43,3,0,0,1,3,0,0,1,1,2,1,0,0,0,0,3,0,1,1.0
2022,RS,4,30,1,P011219   ,0.0,1.0,TEL,9,"SORKIN, ROMAN",18:54,8,3,3,0,0,2,2,1,1,2,2,2,0,2,0,2,1,15,-2.0
2022,RS,4,30,1,P007990   ,0.0,1.0,TEL,12,"DIBARTOLOMEO, JOHN",15:56,6,0,0,2,2,0,0,0,1,1,1,1,1,0,0,1,0,7,4.0
2022,RS,4,30,1,P005145   ,0.0,1.0,TEL,15,"COHEN, JAKE",06:51,0,0,0,0,1,0,0,0,1,1,2,0,1,0,0,1,1,1,2.0
2022,RS,4,30,1,P009917   ,1.0,1.0,TEL,20,"HOLLINS, AUSTIN",12:56,2,1,1,0,1,0,0,1,1,2,0,2,1,2,0,2,1,5,6.0
2022,RS,4,30,1,P009960   ,1.0,0.0,TEL,22,"POYTHRESS, ALEX",20:54,8,1,2,1,1,3,4,1,3,4,0,1,1,1,0,1,4,14,25.0
2022,RS,4,30,1,P011199   ,1.0,0.0,TEL,32,"NEBO, JOSH",18:24,12,5,7,0,0,2,2,2,2,4,0,0,1,1,0,2,1,13,17.0
2022,RS,4,30,1,P009783   ,0.0,0.0,TEL,50,"COLSON, BONZIE",19:36,13,4,6,1,2,2,2,3,3,6,0,1,1,0,0,4,1,13,21.0
2022,RS,4,30,1,Team,0.0,0.0,TEL,,Team,,0,0,0,0,0,0,0,2,1,3,0,0,0,0,0,0,0,3,
2022,RS,4,30,1,Total,,,TEL,,Total,200:00,88,24,39,8,24,16,19,13,25,38,20,10,16,6,0,20,19,111,
2022,RS,4,30,0,P011936   ,1.0,0.0,ASV,0,"MATHEWS, JONAH",27:03,7,1,8,1,3,2,2,1,0,1,2,0,2,0,1,2,3,-1,-6.0
2022,RS,4,30,0,P011937   ,1.0,1.0,ASV,1,"POLITE, ANTHONY",16:40,7,3,3,0,2,1,2,4,1,5,0,0,1,0,0,2,2,8,-10.0
2022,RS,4,30,0,P006068   ,1.0,0.0,ASV,2,"NOUA, AMINE",24:18,3,0,2,1,3,0,0,0,2,2,1,1,3,0,0,5,0,-5,-10.0
2022,RS,4,30,0,PKIR      ,0.0,0.0,ASV,5,"KAHUDI, CHARLES",DNP,0,0,0,0,0,0,0,0,0,0,0,0,0,0,0,0,0,0,0.0
2022,RS,4,30,0,P001261   ,0.0,1.0,ASV,6,"LACOMBE, PAUL",05:02,0,0,1,0,1,0,0,0,1,1,0,1,1,0,0,1,0,-2,-2.0
2022,RS,4,30,0,P004194   ,0.0,0.0,ASV,7,"LAUVERGNE, JOFFREY",17:03,8,3,5,0,0,2,2,1,2,3,1,1,2,0,1,1,4,11,-20.0
2022,RS,4,30,0,PTFK      ,0.0,1.0,ASV,8,"DIOT, ANTOINE",02:16,0,0,0,0,0,0,0,0,0,0,0,0,0,0,0,0,0,0,0.0
2022,RS,4,30,0,P002100   ,0.0,0.0,ASV,12,"DE COLO, NANDO",17:45,15,2,4,3,4,2,2,0,0,0,3,0,3,0,1,0,1,12,-9.0
2022,RS,4,30,0,P006568   ,1.0,1.0,ASV,19,"FALL, YOUSSOUPHA",22:55,11,5,10,0,0,1,2,5,6,11,0,0,0,0,1,4,3,14,-3.0
2022,RS,4,30,0,P003526   ,0.0,0.0,ASV,23,"LIGHTY, DAVID",24:10,7,2,5,1,2,0,0,2,4,6,0,1,1,0,1,1,3,10,-11.0
2022,RS,4,30,0,P011938   ,1.0,0.0,ASV,32,"OBASOHAN, RETIN",27:04,11,3,5,1,7,2,2,1,1,2,2,2,1,0,0,1,4,11,-19.0
2022,RS,4,30,0,P006832   ,0.0,1.0,ASV,35,"PONS, YVES",15:44,0,0,1,0,2,0,0,1,0,1,1,2,1,0,1,2,0,-3,-5.0
2022,RS,4,30,0,Team,0.0,0.0,ASV,,Team,,0,0,0,0,0,0,0,2,2,4,0,0,2,0,0,0,0,2,
2022,RS,4,30,0,Total,,,ASV,,Total,200:00,69,19,44,7,24,10,12,17,19,36,10,8,17,0,6,19,20,57,
2022,RS,4,31,1,P010391   ,1.0,1.0,MUN,0,"WEILER-BABB, NICK",28:24,5,1,5,1,2,0,2,0,5,5,0,0,0,1,0,4,1,1,-4.0
2022,RS,4,31,1,P009866   ,1.0,0.0,MUN,2,"WALDEN, COREY",08:21,3,0,0,1,3,0,0,0,0,0,3,0,0,0,0,2,1,3,-5.0
2022,RS,4,31,1,P011940   ,0.0,0.0,MUN,5,"WINSTON, CASSIUS",22:04,20,6,8,1,3,5,5,0,5,5,3,0,1,0,0,1,6,28,6.0
2022,RS,4,31,1,P005160   ,0.0,0.0,MUN,8,"HUNTER, OTHELLO",06:14,4,2,2,0,0,0,0,0,0,0,0,0,0,0,0,0,0,4,11.0
2022,RS,4,31,1,P004058   ,0.0,1.0,MUN,10,"JARAMAZ, OGNJEN",22:06,10,1,3,2,5,2,2,0,0,0,5,0,0,0,0,1,1,10,1.0
2022,RS,4,31,1,P001288   ,1.0,0.0,MUN,11,"LUCIC, VLADIMIR",27:17,9,1,3,2,3,1,1,0,3,3,2,3,2,0,1,5,3,9,-2.0
2022,RS,4,31,1,P004508   ,0.0,1.0,MUN,13,"OBST, ANDREAS",18:53,12,2,3,2,7,2,2,0,2,2,0,1,1,0,0,2,2,8,5.0
2022,RS,4,31,1,P005056   ,1.0,1.0,MUN,16,"ZIPSER, PAUL",24:32,13,1,3,3,4,2,2,1,1,2,0,3,2,0,1,3,1,10,-7.0
2022,RS,4,31,1,P005478   ,0.0,1.0,MUN,17,"WIMBERG, NIKLAS",16:13,3,0,2,1,1,0,0,1,0,1,0,0,0,1,0,2,0,1,3.0
2022,RS,4,31,1,P011941   ,1.0,0.0,MUN,33,"GILLESPIE, FREDDIE",25:56,2,1,5,0,0,0,2,5,3,8,0,0,2,0,0,2,4,4,-18.0
2022,RS,4,31,1,Team,0.0,0.0,MUN,,Team,,0,0,0,0,0,0,0,3,4,7,0,0,1,0,0,0,0,6,
2022,RS,4,31,1,Total,,,MUN,,Total,200:00,81,15,34,13,28,12,16,10,23,33,13,7,9,2,2,22,19,84,
2022,RS,4,31,0,P007870   ,0.0,0.0,MIL,0,"DAVIES, BRANDON",14:30,14,6,11,0,0,2,2,1,0,1,0,0,1,0,0,2,1,8,-8.0
2022,RS,4,31,0,P005094   ,1.0,0.0,MIL,1,"THOMAS, DESHAUN",14:37,9,3,4,1,1,0,0,1,1,2,0,0,1,0,0,2,0,7,4.0
2022,RS,4,31,0,P006433   ,1.0,0.0,MIL,5,"PANGOS, KEVIN",31:57,13,2,6,3,8,0,0,0,3,3,11,0,1,0,1,3,4,17,9.0
2022,RS,4,31,0,P006509   ,0.0,1.0,MIL,7,"TONUT, STEFANO",23:51,3,0,1,1,2,0,0,1,2,3,1,1,0,0,0,1,1,6,-11.0
2022,RS,4,31,0,P002849   ,1.0,1.0,MIL,9,"MELLI, NICOLO",33:04,17,3,3,2,3,5,5,1,5,6,3,3,1,1,0,3,4,29,12.0
2022,RS,4,31,0,P005775   ,0.0,1.0,MIL,12,"BARON, BILLY",24:44,9,1,1,1,4,4,6,0,2,2,0,1,0,0,0,3,4,8,14.0
2022,RS,4,31,0,P001518   ,0.0,0.0,MIL,17,"RICCI, GIAMPAOLO",DNP,0,0,0,0,0,0,0,0,0,0,0,0,0,0,0,0,0,0,0.0
2022,RS,4,31,0,P011205   ,0.0,1.0,MIL,22,"HALL, DEVON",21:46,2,1,4,0,2,0,0,0,0,0,0,0,1,0,1,2,2,-5,-11.0
2022,RS,4,31,0,P007831   ,1.0,0.0,MIL,31,"SHIELDS, SHAVON",05:01,4,2,3,0,0,0,0,0,0,0,0,0,1,0,0,0,1,3,2.0
2022,RS,4,31,0,P005059   ,0.0,0.0,MIL,40,"ALVITI, DAVIDE",DNP,0,0,0,0,0,0,0,0,0,0,0,0,0,0,0,0,0,0,0.0
2022,RS,4,31,0,P002812   ,1.0,1.0,MIL,42,"HINES, KYLE",23:21,10,3,4,0,0,4,6,0,9,9,0,1,1,1,0,2,5,20,10.0
2022,RS,4,31,0,P007201   ,0.0,0.0,MIL,77,"VOIGTMANN, JOHANNES",07:09,2,1,1,0,0,0,0,1,1,2,0,0,1,0,0,1,0,2,-11.0
2022,RS,4,31,0,Team,0.0,0.0,MIL,,Team,,0,0,0,0,0,0,0,3,1,4,0,0,0,0,0,0,0,4,
2022,RS,4,31,0,Total,,,MIL,,Total,200:00,83,22,38,8,20,15,19,8,24,32,15,6,8,2,2,19,22,99,
2022,RS,4,32,1,P009212   ,0.0,1.0,PAR,1,"VUKCEVIC, TRISTAN",14:42,8,2,4,1,3,1,1,0,2,2,0,0,0,0,0,2,1,5,12.0
2022,RS,4,32,1,P008987   ,1.0,0.0,PAR,2,"LEDAY, ZACH",25:18,4,2,3,0,1,0,0,1,8,9,1,0,1,0,0,3,1,9,16.0
2022,RS,4,32,1,P011050   ,0.0,1.0,PAR,5,"KOPRIVICA, BALSA",14:49,4,2,3,0,0,0,1,3,4,7,0,0,3,0,0,4,2,4,-9.0
2022,RS,4,32,1,P009862   ,0.0,1.0,PAR,7,"PUNTER, KEVIN",23:18,10,3,5,1,6,1,2,2,1,3,3,1,1,0,1,3,3,7,5.0
2022,RS,4,32,1,P005161   ,1.0,0.0,PAR,10,"PAPAPETROU, IOANNIS",17:00,2,0,1,0,3,2,2,0,2,2,1,1,1,1,0,1,2,3,15.0
2022,RS,4,32,1,P011302   ,0.0,1.0,PAR,11,"EXUM, DANTE",16:46,3,0,1,1,3,0,0,0,2,2,2,0,1,0,0,2,2,3,5.0
2022,RS,4,32,1,P007400   ,1.0,0.0,PAR,21,"NUNNALLY, JAMES",21:05,20,4,5,4,6,0,0,0,4,4,4,1,1,0,0,2,1,24,23.0
2022,RS,4,32,1,P011261   ,0.0,0.0,PAR,24,"GLAS, GREGOR",DNP,0,0,0,0,0,0,0,0,0,0,0,0,0,0,0,0,0,0,0.0
2022,RS,4,32,1,P003842   ,1.0,0.0,PAR,26,"LESSORT, MATHIAS",25:11,14,6,7,0,0,2,5,4,3,7,0,0,2,1,1,2,4,17,37.0
2022,RS,4,32,1,P007673   ,0.0,1.0,PAR,32,"TRIFUNOVIC, UROS",04:30,0,0,1,0,0,0,0,0,0,0,0,0,0,0,0,0,0,-1,4.0
2022,RS,4,32,1,P000956   ,0.0,0.0,PAR,33,"ANDJUSIC, DANILO",14:07,14,1,1,3,4,3,4,0,2,2,1,0,1,0,0,3,3,14,9.0
2022,RS,4,32,1,P011052   ,1.0,0.0,PAR,41,"MADAR, YAM",23:14,11,4,4,1,4,0,0,0,1,1,2,1,1,0,0,2,2,11,23.0
2022,RS,4,32,1,Team,0.0,0.0,PAR,,Team,,0,0,0,0,0,0,0,0,1,1,0,0,1,0,0,0,0,0,
2022,RS,4,32,1,Total,,,PAR,,Total,200:00,90,24,35,11,30,9,15,10,30,40,14,4,13,2,2,24,21,96,
2022,RS,4,32,0,P009549   ,0.0,0.0,VIR,0,"CORDINIER, ISAIA",08:44,3,1,1,0,3,1,1,0,1,1,1,0,1,0,0,2,2,1,1.0
2022,RS,4,32,0,P011064   ,0.0,1.0,VIR,1,"MANNION, NICCOLO",08:30,4,1,3,0,1,2,2,0,1,1,2,1,1,0,0,1,2,5,-1.0
2022,RS,4,32,0,PBCN      ,0.0,1.0,VIR,3,"BELINELLI, MARCO",16:16,3,0,2,1,3,0,0,0,3,3,2,0,0,0,0,0,1,5,-6.0
2022,RS,4,32,0,P006739   ,0.0,1.0,VIR,6,"PAJOLA, ALESSANDRO",21:36,5,1,2,1,2,0,0,1,2,3,2,2,0,0,0,2,0,8,-4.0
2022,RS,4,32,0,P004655   ,0.0,1.0,VIR,7,"BAKO, ISMAEL",19:18,11,3,5,0,0,5,6,2,2,4,0,1,0,1,0,2,4,16,1.0
2022,RS,4,32,0,P002581   ,1.0,0.0,VIR,14,"JAITEH, MAM",17:19,6,3,4,0,0,0,0,2,1,3,1,1,1,0,0,2,1,8,-23.0
2022,RS,4,32,0,P010781   ,1.0,0.0,VIR,19,"LUNDBERG, IFFE",15:22,4,0,2,0,4,4,4,0,0,0,1,0,1,0,0,2,3,-1,-24.0
2022,RS,4,32,0,P001844   ,1.0,0.0,VIR,23,"HACKETT, DANIEL",14:54,5,1,2,0,1,3,4,0,0,0,1,0,2,0,1,2,2,0,-31.0
2022,RS,4,32,0,P008847   ,1.0,0.0,VIR,25,"MICKEY, JORDAN",26:47,5,1,2,1,3,0,0,0,3,3,0,1,1,1,0,2,3,7,-16.0
2022,RS,4,32,0,P006592   ,0.0,1.0,VIR,34,"WEEMS, KYLE",19:45,10,1,2,2,5,2,3,0,4,4,1,1,1,0,0,3,1,8,-1.0
2022,RS,4,32,0,P011982   ,1.0,0.0,VIR,37,"OJELEYE, SEMI",19:38,6,0,2,1,2,3,4,0,3,3,0,0,1,0,1,1,3,5,-30.0
2022,RS,4,32,0,PJDR      ,0.0,0.0,VIR,44,"TEODOSIC, MILOS",11:51,0,0,1,0,3,0,0,0,0,0,4,0,4,0,0,2,2,-4,-6.0
2022,RS,4,32,0,Team,0.0,0.0,VIR,,Team,,0,0,0,0,0,0,0,2,2,4,0,0,1,0,0,0,0,3,
2022,RS,4,32,0,Total,,,VIR,,Total,200:00,62,12,28,6,27,20,24,7,22,29,15,7,14,2,2,21,24,61,
2022,RS,4,33,1,P006590   ,0.0,1.0,IST,1,"BEAUBOIS, RODRIGUE",31:20,10,2,3,2,6,0,0,2,2,4,0,0,0,1,0,0,1,11,4.0
2022,RS,4,33,1,P009846   ,0.0,0.0,IST,6,"BRYANT, ELIJAH",12:07,5,1,2,1,2,0,0,2,1,3,1,0,2,0,1,2,1,3,2.0
2022,RS,4,33,1,P010516   ,1.0,0.0,IST,11,"GAZI, ERTEN",08:40,0,0,1,0,0,0,0,0,2,2,0,0,0,0,1,2,0,-2,0.0
2022,RS,4,33,1,P004888   ,1.0,1.0,IST,12,"CLYBURN, WILL",34:53,16,2,10,3,9,3,4,3,8,11,4,0,0,1,1,0,5,21,8.0
2022,RS,4,33,1,P005348   ,0.0,0.0,IST,18,"ARNA, EGEHAN",DNP,0,0,0,0,0,0,0,0,0,0,0,0,0,0,0,0,0,0,0.0
2022,RS,4,33,1,P002925   ,0.0,0.0,IST,19,"TUNCER, BUGRAHAN",DNP,0,0,0,0,0,0,0,0,0,0,0,0,0,0,0,0,0,0,0.0
2022,RS,4,33,1,PLHK      ,1.0,0.0,IST,21,"PLEISS, TIBOR",14:29,8,4,7,0,1,0,0,2,2,4,0,0,0,0,1,0,2,9,-11.0
2022,RS,4,33,1,P002580   ,1.0,1.0,IST,22,"MICIC, VASILIJE",35:10,20,3,7,3,10,5,5,1,1,2,11,2,3,1,2,2,3,21,-2.0
2022,RS,4,33,1,P007993   ,0.0,0.0,IST,24,"M'BAYE, AMATH",19:03,8,1,3,2,3,0,0,1,3,4,1,1,2,0,0,1,1,9,-7.0
2022,RS,4,33,1,P002084   ,1.0,1.0,IST,33,"POLONARA, ACHILLE",18:46,5,2,2,0,1,1,2,1,5,6,0,0,0,2,0,0,3,14,9.0
2022,RS,4,33,1,P004554   ,0.0,0.0,IST,41,"ZIZIC, ANTE",10:56,2,1,3,0,0,0,0,0,5,5,0,0,1,0,1,0,0,3,3.0
2022,RS,4,33,1,P003048   ,0.0,1.0,IST,42,"DUNSTON, BRYANT",14:36,4,1,2,0,0,2,2,1,4,5,0,1,1,2,0,4,2,8,14.0
2022,RS,4,33,1,Team,0.0,0.0,IST,,Team,,0,0,0,0,0,0,0,1,0,1,0,0,0,0,0,0,0,1,
2022,RS,4,33,1,Total,,,IST,,Total,200:00,78,17,40,11,32,11,13,14,33,47,17,4,9,7,7,11,18,98,
2022,RS,4,33,0,P008384   ,1.0,0.0,BER,1,"PROCIDA, GABRIELE",21:32,8,1,3,2,5,0,0,1,1,2,0,0,0,0,1,4,0,0,-17.0
2022,RS,4,33,0,P011620   ,0.0,0.0,BER,2,"MACHOWSKI, NILS",DNP,0,0,0,0,0,0,0,0,0,0,0,0,0,0,0,0,0,0,0.0
2022,RS,4,33,0,P008211   ,0.0,0.0,BER,6,"DELOW, MALTE",09:45,5,1,1,1,1,0,0,0,1,1,3,2,1,0,0,3,0,7,3.0
2022,RS,4,33,0,P011934   ,0.0,1.0,BER,7,"WETZELL, YANNI",11:04,2,1,5,0,0,0,1,1,4,5,0,0,0,0,1,2,1,0,-11.0
2022,RS,4,33,0,P007025   ,0.0,0.0,BER,9,"MATTISSECK, JONAS",08:32,0,0,1,0,1,0,0,0,2,2,3,0,0,0,0,1,0,2,4.0
2022,RS,4,33,0,P006251   ,0.0,0.0,BER,10,"SCHNEIDER, TIM",10:23,5,1,3,1,2,0,1,0,1,1,0,0,0,0,0,0,3,5,0.0
2022,RS,4,33,0,P006919   ,1.0,1.0,BER,19,"OLINDE, LOUIS",29:37,4,2,6,0,1,0,0,1,5,6,3,1,3,0,2,3,1,2,-4.0
2022,RS,4,33,0,P010791   ,1.0,0.0,BER,21,"KOUMADJE, CHRIST",19:11,12,6,6,0,0,0,0,0,5,5,0,0,0,6,0,0,1,24,4.0
2022,RS,4,33,0,P006589   ,1.0,1.0,BER,43,"SIKMA, LUKE",29:37,6,3,9,0,4,0,0,2,5,7,7,1,4,0,2,1,2,6,-4.0
2022,RS,4,33,0,P010385   ,0.0,0.0,BER,44,"LAMMERS, BEN",09:45,2,1,2,0,2,0,0,0,0,0,0,0,0,1,0,0,0,0,3.0
2022,RS,4,33,0,P011193   ,1.0,1.0,BER,45,"BLATT, TAMIR",31:28,15,0,4,5,8,0,0,0,3,3,4,1,2,0,1,2,1,12,-8.0
2022,RS,4,33,0,P006625   ,0.0,1.0,BER,50,"ZOOSMAN, YOVEL",19:06,15,4,4,2,3,1,1,0,1,1,2,0,0,0,0,2,2,17,10.0
2022,RS,4,33,0,Team,0.0,0.0,BER,,Team,,0,0,0,0,0,0,0,2,2,4,0,0,1,0,0,0,0,3,
2022,RS,4,33,0,Total,,,BER,,Total,200:00,74,20,44,11,27,1,3,7,30,37,22,5,11,7,7,18,11,78,
2022,RS,4,34,1,P011209   ,1.0,1.0,PAN,0,"KALAITZAKIS, PANAGIOTIS",13:23,3,0,0,1,2,0,0,0,2,2,0,1,1,0,0,2,1,3,-2.0
2022,RS,4,34,1,P011225   ,1.0,0.0,PAN,5,"LEE, PARIS",28:10,11,1,4,3,5,0,0,0,2,2,2,1,1,0,0,5,0,5,0.0
2022,RS,4,34,1,P005844   ,0.0,0.0,PAN,6,"PAPAGIANNIS, GEORGIOS",03:03,0,0,1,0,0,0,0,0,0,0,0,0,0,0,0,1,0,-2,-9.0
2022,RS,4,34,1,P003240   ,0.0,1.0,PAN,7,"BOCHORIDIS, ELEFTHERIOS",20:48,5,0,0,1,4,2,2,0,2,2,6,0,1,1,0,4,2,8,6.0
2022,RS,4,34,1,P009006   ,1.0,1.0,PAN,8,"WILLIAMS, DERRICK",32:22,28,5,10,4,6,6,7,5,1,6,1,0,0,0,1,4,6,28,1.0
2022,RS,4,34,1,P011248   ,0.0,0.0,PAN,12,"ANDREWS, ANDREW",13:37,4,0,1,1,1,1,2,0,2,2,1,0,3,0,0,2,1,1,-10.0
2022,RS,4,34,1,P006586   ,0.0,0.0,PAN,16,"KALAITZAKIS, GEORGIOS",DNP,0,0,0,0,0,0,0,0,0,0,0,0,0,0,0,0,0,0,0.0
2022,RS,4,34,1,P011396   ,0.0,0.0,PAN,33,"CHOUGKAZ, NIKOS",DNP,0,0,0,0,0,0,0,0,0,0,0,0,0,0,0,0,0,0,0.0
2022,RS,4,34,1,P004172   ,0.0,1.0,PAN,37,"PONITKA, MATEUSZ",29:11,12,2,4,0,1,8,9,2,8,10,3,1,4,1,0,0,7,26,3.0
2022,RS,4,34,1,P002328   ,1.0,0.0,PAN,40,"GRIGONIS, MARIUS",14:51,7,2,5,1,2,0,0,0,3,3,1,1,4,0,1,5,2,0,-6.0
2022,RS,4,34,1,P008084   ,0.0,1.0,PAN,72,"MANTZOUKAS, ELEFTHERIOS",17:57,0,0,0,0,2,0,0,0,4,4,1,0,1,0,0,2,0,0,3.0
2022,RS,4,34,1,P003120   ,1.0,0.0,PAN,77,"GUDAITIS, ARTURAS",26:38,10,5,8,0,0,0,0,3,2,5,0,0,3,0,1,3,2,7,-1.0
2022,RS,4,34,1,Team,0.0,0.0,PAN,,Team,,0,0,0,0,0,0,0,1,2,3,0,0,1,0,0,0,0,2,
2022,RS,4,34,1,Total,,,PAN,,Total,200:00,80,15,33,11,23,17,20,11,28,39,15,4,19,2,3,28,21,78,
2022,RS,4,34,0,P010588   ,1.0,1.0,MCO,0,"BROWN, JOHN",22:33,10,5,8,0,0,0,0,5,1,6,2,1,1,1,0,2,0,14,-6.0
2022,RS,4,34,0,P011212   ,0.0,1.0,MCO,0,"OKOBO, ELIE",21:36,13,2,3,1,1,6,6,0,2,2,3,0,2,0,0,4,3,14,18.0
2022,RS,4,34,0,P009754   ,1.0,1.0,MCO,3,"LOYD, JORDAN",29:18,9,3,6,0,3,3,3,0,2,2,1,4,0,0,0,2,3,11,-8.0
2022,RS,4,34,0,P011231   ,0.0,1.0,MCO,4,"BLOSSOMGAME, JARON",15:33,0,0,3,0,1,0,0,1,1,2,0,0,0,0,0,2,2,-2,-2.0
2022,RS,4,34,0,P011935   ,0.0,0.0,MCO,5,"MAKOUNDOU, YOAN",DNP,0,0,0,0,0,0,0,0,0,0,0,0,0,0,0,0,0,0,0.0
2022,RS,4,34,0,P011226   ,0.0,0.0,MCO,11,"DIALLO, ALPHA",17:50,7,3,5,0,0,1,1,0,2,2,2,2,1,0,0,5,1,6,4.0
2022,RS,4,34,0,P001833   ,0.0,0.0,MCO,18,"MOERMAN, ADRIEN",23:07,3,0,3,1,5,0,0,2,1,3,0,0,0,0,0,1,1,-1,3.0
2022,RS,4,34,0,PLCZ      ,1.0,0.0,MCO,20,"MOTIEJUNAS, DONATAS",05:01,2,1,2,0,1,0,0,0,1,1,0,0,0,0,0,3,0,-2,-3.0
2022,RS,4,34,0,P004197   ,1.0,0.0,MCO,24,"OUATTARA, YAKUBA",04:24,2,1,2,0,0,0,0,0,0,0,0,0,0,0,0,0,1,2,-1.0
2022,RS,4,34,0,P008099   ,0.0,0.0,MCO,32,"STRAZEL, MATTHEW",08:18,0,0,2,0,1,0,0,0,0,0,1,0,0,0,0,0,0,-2,3.0
2022,RS,4,34,0,P011196   ,0.0,0.0,MCO,45,"HALL, DONTA",23:49,10,4,6,0,0,2,2,3,3,6,1,3,1,2,1,1,4,21,7.0
2022,RS,4,34,0,P005985   ,1.0,1.0,MCO,55,"JAMES, MIKE",28:31,27,6,9,3,7,6,10,1,3,4,3,0,3,0,1,2,12,29,0.0
2022,RS,4,34,0,Team,0.0,0.0,MCO,,Team,,0,0,0,0,0,0,0,0,2,2,0,0,0,0,0,0,0,2,
2022,RS,4,34,0,Total,,,MCO,,Total,200:00,83,25,49,5,19,18,22,12,18,30,13,10,8,3,2,22,27,92,
2022,RS,4,35,1,P001392   ,0.0,0.0,MAD,1,"CAUSEUR, FABIEN",11:28,2,1,3,0,2,0,0,0,1,1,0,0,1,0,0,2,1,-3,-5.0
2022,RS,4,35,1,P003733   ,1.0,0.0,MAD,6,"ABALDE, ALBERTO",12:27,6,1,1,1,1,1,2,0,4,4,1,0,3,0,0,1,1,7,-4.0
2022,RS,4,35,1,P003108   ,0.0,1.0,MAD,11,"HEZONJA, MARIO",13:25,0,0,0,0,1,0,0,0,1,1,1,1,1,0,0,2,0,-1,3.0
2022,RS,4,35,1,PCVM      ,0.0,0.0,MAD,13,"RODRIGUEZ, SERGIO",17:28,6,1,1,1,4,1,1,0,1,1,8,2,0,0,0,2,3,15,20.0
2022,RS,4,35,1,P009005   ,1.0,1.0,MAD,14,"DECK, GABRIEL",25:34,12,3,4,2,2,0,0,1,8,9,5,1,3,0,0,2,2,23,20.0
2022,RS,4,35,1,P004887   ,0.0,0.0,MAD,17,"POIRIER, VINCENT",11:37,5,2,4,0,0,1,2,1,2,3,1,0,0,0,0,3,1,4,7.0
2022,RS,4,35,1,P004790   ,1.0,0.0,MAD,21,"CORNELIE, PETR",17:33,7,2,2,1,3,0,0,0,3,3,0,0,0,0,0,2,1,7,-2.0
2022,RS,4,35,1,P005791   ,1.0,1.0,MAD,22,"TAVARES, WALTER",24:09,10,3,5,0,0,4,5,1,5,6,0,1,3,2,0,2,6,17,15.0
2022,RS,4,35,1,PTGB      ,0.0,0.0,MAD,23,"LLULL, SERGIO",12:37,0,0,0,0,4,0,0,0,0,0,2,0,2,0,0,0,0,-4,-7.0
2022,RS,4,35,1,P010357   ,0.0,1.0,MAD,28,"YABUSELE, GUERSCHON",26:34,11,2,2,2,3,1,2,0,4,4,2,0,2,0,0,2,1,12,12.0
2022,RS,4,35,1,P009213   ,0.0,0.0,MAD,30,"NDIAYE, ELI",00:07,0,0,0,0,0,0,0,0,0,0,0,0,0,0,0,0,0,0,0.0
2022,RS,4,35,1,P006540   ,1.0,1.0,MAD,31,"MUSA, DZANAN",27:01,13,2,4,1,3,6,7,1,3,4,1,1,2,1,0,2,6,17,21.0
2022,RS,4,35,1,Team,0.0,0.0,MAD,,Team,,0,0,0,0,0,0,0,2,0,2,0,0,2,0,0,0,0,0,
2022,RS,4,35,1,Total,,,MAD,,Total,200:00,72,17,26,8,23,14,19,6,32,38,21,6,19,3,0,20,22,94,
2022,RS,4,35,0,P004267   ,0.0,0.0,RED,0,"HOLLAND, JOHN",15:32,7,0,2,2,4,1,2,0,0,0,1,0,2,0,0,1,2,2,-1.0
2022,RS,4,35,0,P007947   ,0.0,0.0,RED,1,"VILDOZA, LUCA",17:21,10,2,7,2,6,0,3,0,1,1,4,2,4,0,1,2,3,1,8.0
2022,RS,4,35,0,P004720   ,1.0,0.0,RED,2,"LAZAREVIC, STEFAN",24:28,2,0,0,0,1,2,2,0,3,3,0,1,0,0,0,5,1,1,-5.0
2022,RS,4,35,0,P002553   ,0.0,1.0,RED,9,"MITROVIC, LUKA",14:17,2,1,5,0,0,0,0,1,3,4,0,0,0,0,1,2,0,-1,-4.0
2022,RS,4,35,0,PLUO      ,0.0,1.0,RED,10,"LAZIC, BRANKO",17:05,0,0,0,0,0,0,0,0,0,0,0,0,0,0,0,0,0,0,-12.0
2022,RS,4,35,0,P009540   ,0.0,0.0,RED,12,"MARTIN, HASSAN",17:55,8,3,4,0,0,2,2,1,1,2,0,0,0,0,0,1,1,9,-3.0
2022,RS,4,35,0,P004007   ,1.0,1.0,RED,13,"DOBRIC, OGNJEN",26:51,8,1,2,1,9,3,3,1,1,2,1,1,1,0,1,2,2,1,-19.0
2022,RS,4,35,0,PJDU      ,1.0,0.0,RED,15,"RADULJICA, MIROSLAV",04:37,0,0,0,0,0,0,0,0,0,0,0,0,2,0,0,2,0,-4,-8.0
2022,RS,4,35,0,P003332   ,0.0,1.0,RED,20,"IVANOVIC, NIKOLA",13:44,0,0,1,0,3,0,0,0,1,1,2,2,0,0,0,1,3,3,-13.0
2022,RS,4,35,0,PLME      ,1.0,0.0,RED,27,"MARKOVIC, STEFAN",15:12,2,1,1,0,2,0,0,0,0,0,3,1,1,0,0,2,0,1,-8.0
2022,RS,4,35,0,P011194   ,0.0,0.0,RED,33,"PETRUSEV, FILIP",07:22,0,0,1,0,1,0,0,2,3,5,0,0,0,0,0,1,3,5,-9.0
2022,RS,4,35,0,P009818   ,1.0,1.0,RED,50,"BENTIL, BENJAMIN",25:36,17,3,4,3,6,2,2,0,5,5,0,1,1,0,0,3,4,19,-6.0
2022,RS,4,35,0,Team,0.0,0.0,RED,,Team,,0,0,0,0,0,0,0,3,0,3,0,0,1,0,0,0,0,2,
2022,RS,4,35,0,Total,,,RED,,Total,200:00,56,11,27,8,32,10,14,8,18,26,11,8,12,0,3,22,19,39,
2022,RS,4,36,1,P011948   ,0.0,0.0,BAS,0,"HOWARD, MARKUS",18:42,11,3,5,1,7,2,2,1,1,2,1,0,0,0,0,3,1,4,-14.0
2022,RS,4,36,1,P008850   ,0.0,0.0,BAS,2,"RAIESTE, SANDER",13:24,4,2,3,0,0,0,0,1,2,3,0,2,0,0,0,2,0,6,2.0
2022,RS,4,36,1,P007230   ,0.0,1.0,BAS,8,"SEDEKERSKIS, TADAS",18:54,15,4,4,1,3,4,4,0,3,3,0,0,0,0,0,0,2,18,13.0
2022,RS,4,36,1,P004761   ,1.0,1.0,BAS,9,"MARINKOVIC, VANJA",19:35,12,2,3,2,4,2,2,1,1,2,2,0,2,0,0,4,4,11,-19.0
2022,RS,4,36,1,P003198   ,0.0,0.0,BAS,11,"DIEZ, DANIEL",DNP,0,0,0,0,0,0,0,0,0,0,0,0,0,0,0,0,0,0,0.0
2022,RS,4,36,1,P011078   ,1.0,1.0,BAS,13,"THOMPSON, DARIUS",30:14,9,0,3,3,5,0,0,0,2,2,10,1,4,0,1,2,2,12,3.0
2022,RS,4,36,1,P012058   ,0.0,0.0,BAS,20,"NDIAYE, OUSMANE",DNP,0,0,0,0,0,0,0,0,0,0,0,0,0,0,0,0,0,0,0.0
2022,RS,4,36,1,P004603   ,1.0,0.0,BAS,21,"KOTSAR, MAIK",28:43,16,7,8,0,0,2,3,1,2,3,2,0,0,1,1,3,3,19,-4.0
2022,RS,4,36,1,P010444   ,0.0,0.0,BAS,24,"COSTELLO, MATTHEW",13:48,6,2,2,0,3,2,2,1,2,3,1,1,2,0,0,3,2,5,-6.0
2022,RS,4,36,1,P006436   ,1.0,1.0,BAS,31,"GIEDRAITIS, ROKAS",26:10,7,1,4,1,4,2,2,1,2,3,1,0,0,0,0,4,3,4,4.0
2022,RS,4,36,1,P011949   ,1.0,1.0,BAS,34,"HOMMES, DAULTON",26:53,12,1,2,3,6,1,1,0,5,5,3,0,0,1,0,2,2,17,2.0
2022,RS,4,36,1,P007265   ,0.0,0.0,BAS,47,"KURUCS, ARTURS",03:37,0,0,0,0,1,0,0,0,0,0,0,0,1,0,0,2,0,-4,-6.0
2022,RS,4,36,1,Team,0.0,0.0,BAS,,Team,,0,0,0,0,0,0,0,2,2,4,0,0,1,0,0,0,0,3,
2022,RS,4,36,1,Total,,,BAS,,Total,200:00,92,22,34,11,33,15,16,8,22,30,20,4,10,2,2,25,19,95,
2022,RS,4,36,0,P008855   ,1.0,1.0,OLY,0,"WALKUP, THOMAS",29:29,8,1,1,0,3,6,6,0,4,4,8,3,2,0,0,1,4,21,15.0
2022,RS,4,36,0,P010612   ,1.0,0.0,OLY,3,"CANAAN, ISAIAH",16:35,5,1,2,1,4,0,0,1,0,1,1,0,2,0,1,4,0,-4,17.0
2022,RS,4,36,0,P006302   ,0.0,0.0,OLY,4,"LOUNTZIS, MICHALIS",04:57,0,0,0,0,0,0,0,1,1,2,0,0,1,0,0,0,0,1,-12.0
2022,RS,4,36,0,P010392   ,0.0,1.0,OLY,5,"LARENTZAKIS, GIANNOULIS",21:30,11,3,4,1,3,2,2,1,1,2,2,0,1,0,0,3,5,13,-7.0
2022,RS,4,36,0,P012023   ,0.0,0.0,OLY,9,"PAPAS, GEORGE",DNP,0,0,0,0,0,0,0,0,0,0,0,0,0,0,0,0,0,0,0.0
2022,RS,4,36,0,P008811   ,1.0,0.0,OLY,10,"FALL, MOUSTAPHA",27:01,6,3,5,0,0,0,2,5,5,10,3,0,0,2,0,1,2,18,23.0
2022,RS,4,36,0,P001926   ,0.0,1.0,OLY,11,"SLOUKAS, KOSTAS",23:00,20,4,7,1,4,9,9,0,1,1,6,1,1,0,1,1,6,25,1.0
2022,RS,4,36,0,P003469   ,1.0,1.0,OLY,14,"VEZENKOV, SASHA",28:30,26,6,7,4,9,2,2,0,7,7,0,1,1,0,0,1,3,29,26.0
2022,RS,4,36,0,P009035   ,0.0,0.0,OLY,21,"BOLOMBOY, JOEL",06:01,2,1,2,0,0,0,0,0,0,0,0,0,0,0,0,0,0,1,-17.0
2022,RS,4,36,0,P008829   ,0.0,0.0,OLY,25,"PETERS, ALEC",11:30,3,0,3,1,1,0,0,1,2,3,0,1,0,0,0,3,1,2,-21.0
2022,RS,4,36,0,P008991   ,0.0,0.0,OLY,28,"BLACK, TARIK",06:50,4,0,0,0,0,4,4,0,0,0,0,0,2,0,0,2,2,2,-1.0
2022,RS,4,36,0,P007853   ,1.0,1.0,OLY,77,"MCKISSIC, SHAQUIELLE",24:37,12,4,5,1,4,1,1,0,3,3,3,1,0,0,0,3,2,14,1.0
2022,RS,4,36,0,Team,0.0,0.0,OLY,,Team,,0,0,0,0,0,0,0,1,1,2,0,0,0,0,0,0,0,2,
2022,RS,4,36,0,Total,,,OLY,,Total,200:00,97,23,36,9,28,24,26,10,25,35,23,7,10,2,2,19,25,124,
2022,RS,5,37,1,P012056   ,0.0,1.0,TEL,3,"ADAMS, JALEN",13:55,4,1,4,0,0,2,2,0,0,0,1,0,0,0,0,2,1,1,4.0
2022,RS,5,37,1,P009622   ,1.0,1.0,TEL,4,"BROWN, LORENZO",34:22,22,7,10,2,3,2,2,1,5,6,9,2,4,0,0,3,5,33,15.0
2022,RS,5,37,1,P009863   ,1.0,0.0,TEL,5,"BALDWIN IV, WADE",30:25,14,5,8,1,6,1,1,0,5,5,6,1,1,0,1,4,2,14,10.0
2022,RS,5,37,1,P011967   ,0.0,0.0,TEL,6,"MARTIN, JARELL",09:42,2,1,1,0,3,0,0,0,1,1,0,0,1,0,0,2,0,-3,0.0
2022,RS,5,37,1,P004233   ,0.0,0.0,TEL,8,"MENCO, RAFI",05:31,0,0,0,0,1,0,0,0,1,1,0,0,0,0,0,2,0,-2,-1.0
2022,RS,5,37,1,P011219   ,0.0,0.0,TEL,9,"SORKIN, ROMAN",08:49,2,1,2,0,0,0,0,1,0,1,0,0,1,1,0,1,0,1,1.0
2022,RS,5,37,1,P007990   ,0.0,0.0,TEL,12,"DIBARTOLOMEO, JOHN",12:13,7,2,3,1,2,0,0,1,0,1,1,1,1,0,0,1,3,9,0.0
2022,RS,5,37,1,P005145   ,0.0,0.0,TEL,15,"COHEN, JAKE",DNP,0,0,0,0,0,0,0,0,0,0,0,0,0,0,0,0,0,0,0.0
2022,RS,5,37,1,P009917   ,1.0,1.0,TEL,20,"HOLLINS, AUSTIN",10:13,5,1,2,1,2,0,0,3,0,3,0,0,1,0,1,2,0,2,-4.0
2022,RS,5,37,1,P009960   ,1.0,1.0,TEL,22,"POYTHRESS, ALEX",28:39,8,4,7,0,1,0,0,2,4,6,0,0,3,0,0,3,2,6,6.0
2022,RS,5,37,1,P011199   ,1.0,1.0,TEL,32,"NEBO, JOSH",22:39,13,5,10,0,0,3,3,5,2,7,1,1,0,0,0,1,2,18,6.0
2022,RS,5,37,1,P009783   ,0.0,0.0,TEL,50,"COLSON, BONZIE",23:32,8,1,1,2,3,0,0,0,4,4,1,2,0,1,0,1,0,14,18.0
2022,RS,5,37,1,Team,0.0,0.0,TEL,,Team,,0,0,0,0,0,0,0,2,0,2,0,0,2,0,0,0,0,0,
2022,RS,5,37,1,Total,,,TEL,,Total,200:00,85,28,48,7,21,8,8,15,22,37,19,7,14,2,2,22,15,93,
2022,RS,5,37,0,P011209   ,1.0,0.0,PAN,0,"KALAITZAKIS, PANAGIOTIS",12:39,5,1,1,1,1,0,0,0,0,0,1,1,2,0,0,1,2,6,-14.0
2022,RS,5,37,0,P006555   ,0.0,0.0,PAN,3,"WOLTERS, NATE",15:13,4,2,2,0,1,0,0,1,0,1,5,0,2,0,0,2,0,5,-14.0
2022,RS,5,37,0,P011225   ,1.0,1.0,PAN,5,"LEE, PARIS",24:31,6,0,1,2,7,0,0,0,1,1,3,0,2,0,0,3,3,2,5.0
2022,RS,5,37,0,P005844   ,0.0,1.0,PAN,6,"PAPAGIANNIS, GEORGIOS",22:50,11,4,7,1,1,0,0,4,2,6,1,1,2,2,1,2,0,13,-1.0
2022,RS,5,37,0,P003240   ,0.0,0.0,PAN,7,"BOCHORIDIS, ELEFTHERIOS",19:46,3,0,0,1,5,0,0,0,2,2,0,1,0,0,0,2,2,2,-1.0
2022,RS,5,37,0,P009006   ,1.0,1.0,PAN,8,"WILLIAMS, DERRICK",34:38,17,2,6,4,7,1,2,1,2,3,1,0,4,0,1,1,2,9,-14.0
2022,RS,5,37,0,P011248   ,0.0,0.0,PAN,12,"ANDREWS, ANDREW",DNP,0,0,0,0,0,0,0,0,0,0,0,0,0,0,0,0,0,0,0.0
2022,RS,5,37,0,P006586   ,0.0,0.0,PAN,16,"KALAITZAKIS, GEORGIOS",DNP,0,0,0,0,0,0,0,0,0,0,0,0,0,0,0,0,0,0,0.0
2022,RS,5,37,0,P004172   ,0.0,1.0,PAN,37,"PONITKA, MATEUSZ",27:34,12,2,5,0,1,8,11,2,2,4,5,1,4,0,0,0,6,17,-8.0
2022,RS,5,37,0,P002328   ,1.0,1.0,PAN,40,"GRIGONIS, MARIUS",20:27,9,3,5,1,3,0,1,1,2,3,2,1,0,0,0,2,3,11,-1.0
2022,RS,5,37,0,P008084   ,0.0,0.0,PAN,72,"MANTZOUKAS, ELEFTHERIOS",05:22,3,0,0,1,1,0,0,0,0,0,0,0,0,0,0,0,0,3,3.0
2022,RS,5,37,0,P003120   ,1.0,0.0,PAN,77,"GUDAITIS, ARTURAS",17:00,4,1,1,0,0,2,6,3,6,9,0,0,0,0,0,2,3,10,-10.0
2022,RS,5,37,0,Team,0.0,0.0,PAN,,Team,,0,0,0,0,0,0,0,1,1,2,0,0,0,0,0,0,0,2,
2022,RS,5,37,0,Total,,,PAN,,Total,200:00,74,15,28,11,27,11,20,13,18,31,18,5,16,2,2,15,21,80,
2022,RS,5,38,1,P009212   ,0.0,0.0,PAR,1,"VUKCEVIC, TRISTAN",06:13,0,0,0,0,1,0,0,0,1,1,0,1,2,0,0,2,0,-3,5.0
2022,RS,5,38,1,P008987   ,1.0,1.0,PAR,2,"LEDAY, ZACH",32:38,10,5,8,0,4,0,0,2,4,6,4,0,0,0,1,3,5,14,11.0
2022,RS,5,38,1,P011050   ,0.0,0.0,PAR,5,"KOPRIVICA, BALSA",00:45,0,0,0,0,0,0,0,0,0,0,0,0,0,0,0,0,0,0,-1.0
2022,RS,5,38,1,P009862   ,0.0,0.0,PAR,7,"PUNTER, KEVIN",19:28,26,7,10,3,4,3,4,0,0,0,1,1,3,0,0,4,4,20,10.0
2022,RS,5,38,1,P005161   ,1.0,0.0,PAR,10,"PAPAPETROU, IOANNIS",17:01,4,1,3,0,1,2,2,0,3,3,0,0,1,0,0,2,1,2,10.0
2022,RS,5,38,1,P011302   ,0.0,1.0,PAR,11,"EXUM, DANTE",20:14,11,1,2,0,0,9,10,0,0,0,2,3,0,0,0,3,7,18,7.0
2022,RS,5,38,1,P007400   ,1.0,1.0,PAR,21,"NUNNALLY, JAMES",24:59,10,1,2,2,4,2,3,0,1,1,2,1,1,1,0,2,3,11,-1.0
2022,RS,5,38,1,P011261   ,0.0,0.0,PAR,24,"GLAS, GREGOR",DNP,0,0,0,0,0,0,0,0,0,0,0,0,0,0,0,0,0,0,0.0
2022,RS,5,38,1,P003842   ,1.0,1.0,PAR,26,"LESSORT, MATHIAS",37:21,10,3,9,0,0,4,4,5,3,8,3,1,0,3,3,1,4,19,7.0
2022,RS,5,38,1,P007673   ,0.0,0.0,PAR,32,"TRIFUNOVIC, UROS",08:17,3,0,0,1,1,0,0,0,0,0,0,0,2,0,0,2,1,0,-14.0
2022,RS,5,38,1,P000956   ,0.0,0.0,PAR,33,"ANDJUSIC, DANILO",10:31,8,0,1,2,2,2,2,0,0,0,1,0,2,0,1,2,2,5,10.0
2022,RS,5,38,1,P011052   ,1.0,1.0,PAR,41,"MADAR, YAM",22:33,5,0,0,1,3,2,2,0,0,0,1,1,1,0,0,0,2,6,11.0
2022,RS,5,38,1,Team,0.0,0.0,PAR,,Team,,0,0,0,0,0,0,0,2,6,8,0,0,1,0,0,0,0,7,
2022,RS,5,38,1,Total,,,PAR,,Total,200:00,87,18,35,9,20,24,27,9,18,27,14,8,13,4,5,21,29,99,
2022,RS,5,38,0,P011218   ,1.0,1.0,ZAL,2,"EVANS, KEENAN",30:10,16,2,4,3,8,3,4,0,3,3,9,1,0,0,1,4,3,19,-20.0
2022,RS,5,38,0,P003210   ,0.0,1.0,ZAL,4,"LEKAVICIUS, LUKAS",15:09,8,1,2,2,3,0,0,0,0,0,1,0,1,0,0,4,1,3,7.0
2022,RS,5,38,0,P010390   ,1.0,0.0,ZAL,8,"HAYES, KEVARRIUS",25:10,7,3,5,0,0,1,4,4,3,7,0,1,1,4,1,2,4,14,-8.0
2022,RS,5,38,0,PJBX      ,0.0,0.0,ZAL,9,"KALNIETIS, MANTAS",01:29,0,0,0,0,0,0,0,0,0,0,0,0,1,0,0,0,0,-1,0.0
2022,RS,5,38,0,P007109   ,1.0,1.0,ZAL,10,"SMITS, ROLANDS",23:49,11,3,4,1,2,2,4,0,4,4,2,0,3,0,0,4,3,9,-9.0
2022,RS,5,38,0,P005504   ,0.0,0.0,ZAL,15,"BIRUTIS, LAURYNAS",04:34,2,1,2,0,0,0,0,0,1,1,0,0,0,1,1,1,1,2,-1.0
2022,RS,5,38,0,P006158   ,0.0,0.0,ZAL,16,"LUKOSIUNAS, KAROLIS",DNP,0,0,0,0,0,0,0,0,0,0,0,0,0,0,0,0,0,0,0.0
2022,RS,5,38,0,P011983   ,1.0,1.0,ZAL,17,"BRAZDEIKIS, IGNAS",22:10,10,3,5,1,2,1,2,1,1,2,2,0,4,0,0,3,1,4,-10.0
2022,RS,5,38,0,P003211   ,0.0,0.0,ZAL,33,"DIMSA, TOMAS",07:36,0,0,1,0,0,0,0,0,0,0,0,0,1,0,1,0,0,-3,1.0
2022,RS,5,38,0,P009601   ,0.0,0.0,ZAL,34,"CAVANAUGH, TYLER",21:15,8,3,4,0,2,2,3,0,2,2,1,2,1,0,0,2,2,8,2.0
2022,RS,5,38,0,P002676   ,0.0,0.0,ZAL,51,"BUTKEVICIUS, ARNAS",19:26,7,2,3,1,2,0,0,0,0,0,1,4,1,0,0,5,1,5,6.0
2022,RS,5,38,0,P002329   ,1.0,1.0,ZAL,92,"ULANOVAS, EDGARAS",29:12,7,1,2,1,3,2,4,0,2,2,5,1,2,0,0,4,5,9,-23.0
2022,RS,5,38,0,Team,0.0,0.0,ZAL,,Team,,0,0,0,0,0,0,0,4,2,6,0,0,1,0,0,0,0,5,
2022,RS,5,38,0,Total,,,ZAL,,Total,200:00,76,19,32,9,22,11,21,9,18,27,21,9,16,5,4,29,21,74,
2022,RS,5,39,1,P000556   ,0.0,0.0,PAM,1,"CLAVER, VICTOR",17:47,7,2,2,1,4,0,0,2,3,5,2,2,2,0,0,2,0,9,22.0
2022,RS,5,39,1,P006643   ,1.0,1.0,PAM,2,"PUERTO, JOSEP",25:20,6,0,0,2,4,0,0,1,3,4,1,0,2,0,0,1,2,8,10.0
2022,RS,5,39,1,P002661   ,0.0,0.0,PAM,3,"PREPELIC, KLEMEN",14:04,3,1,1,0,5,1,1,0,0,0,1,0,1,0,0,0,1,-1,2.0
2022,RS,5,39,1,P010393   ,1.0,1.0,PAM,4,"PRADILLA, JAIME",16:50,2,1,5,0,2,0,0,1,0,1,1,1,2,0,1,3,0,-7,-7.0
2022,RS,5,39,1,P011971   ,0.0,1.0,PAM,5,"WEBB III, JAMES",06:00,3,0,0,1,2,0,0,1,1,2,0,0,0,0,0,2,0,2,-8.0
2022,RS,5,39,1,P005356   ,0.0,0.0,PAM,6,"LOPEZ-AROSTEGUI, XABI",14:40,7,2,5,1,2,0,2,2,3,5,2,0,0,0,0,3,1,6,4.0
2022,RS,5,39,1,P010568   ,1.0,0.0,PAM,7,"JONES, CHRIS",23:08,20,7,11,1,3,3,3,0,0,0,8,3,1,0,0,1,5,28,13.0
2022,RS,5,39,1,PLRQ      ,0.0,0.0,PAM,9,"VAN ROSSOM, SAM",17:11,6,0,1,2,3,0,0,1,2,3,5,1,1,0,1,1,0,10,-1.0
2022,RS,5,39,1,P011972   ,1.0,1.0,PAM,12,"RADEBAUGH, JONAH",23:52,5,1,3,1,2,0,0,0,0,0,0,0,1,2,0,0,0,3,15.0
2022,RS,5,39,1,P002742   ,1.0,0.0,PAM,14,"DUBLJEVIC, BOJAN",24:53,16,3,5,3,5,1,1,1,6,7,0,1,2,1,0,2,1,18,9.0
2022,RS,5,39,1,P009105   ,0.0,1.0,PAM,16,"JIMENEZ, MILLAN",01:45,0,0,1,0,1,0,0,0,0,0,1,0,0,0,0,0,0,-1,-1.0
2022,RS,5,39,1,P011973   ,0.0,0.0,PAM,21,"ALEXANDER, KYLE",14:30,12,6,7,0,0,0,0,2,1,3,1,0,1,1,0,1,1,15,12.0
2022,RS,5,39,1,Team,0.0,0.0,PAM,,Team,,0,0,0,0,0,0,0,3,5,8,0,0,0,0,0,0,0,8,
2022,RS,5,39,1,Total,,,PAM,,Total,200:00,87,23,41,12,33,5,7,14,24,38,22,8,13,4,2,16,11,98,
2022,RS,5,39,0,P008384   ,1.0,0.0,BER,1,"PROCIDA, GABRIELE",20:15,9,3,6,1,4,0,0,1,1,2,2,2,0,0,0,0,0,9,-1.0
2022,RS,5,39,0,P011620   ,0.0,0.0,BER,2,"MACHOWSKI, NILS",04:00,0,0,0,0,0,0,0,0,0,0,0,0,0,0,0,1,0,-1,-9.0
2022,RS,5,39,0,P008211   ,0.0,1.0,BER,6,"DELOW, MALTE",17:46,6,3,3,0,3,0,0,2,2,4,1,0,3,0,0,0,0,5,1.0
2022,RS,5,39,0,P011934   ,0.0,0.0,BER,7,"WETZELL, YANNI",17:11,2,1,5,0,0,0,0,2,3,5,1,0,1,0,1,1,0,1,-18.0
2022,RS,5,39,0,P011234   ,0.0,1.0,BER,11,"SCHULTE, RIKUS",01:45,0,0,0,0,1,0,0,0,0,0,0,0,0,0,0,0,0,-1,1.0
2022,RS,5,39,0,P006919   ,1.0,0.0,BER,19,"OLINDE, LOUIS",20:57,15,2,6,3,4,2,2,4,0,4,2,1,2,0,1,4,5,15,-7.0
2022,RS,5,39,0,P010791   ,1.0,0.0,BER,21,"KOUMADJE, CHRIST",21:15,15,7,9,0,0,1,1,2,8,10,0,0,3,1,1,1,1,20,-3.0
2022,RS,5,39,0,P011631   ,0.0,1.0,BER,25,"RAPIEQUE, ELIAS",03:51,0,0,0,0,0,0,0,1,0,1,1,1,2,0,0,0,0,1,0.0
2022,RS,5,39,0,P006589   ,1.0,0.0,BER,43,"SIKMA, LUKE",22:12,5,2,4,0,2,1,4,0,0,0,9,0,3,0,1,1,6,8,-3.0
2022,RS,5,39,0,P010385   ,0.0,1.0,BER,44,"LAMMERS, BEN",17:37,9,3,5,1,1,0,0,0,3,3,1,2,0,1,0,1,0,13,-5.0
2022,RS,5,39,0,P011193   ,1.0,0.0,BER,45,"BLATT, TAMIR",26:10,6,0,1,2,3,0,0,0,2,2,3,0,5,0,0,0,0,4,-12.0
2022,RS,5,39,0,P006625   ,0.0,1.0,BER,50,"ZOOSMAN, YOVEL",27:01,6,1,3,1,5,1,1,0,2,2,2,2,0,0,0,2,4,8,-14.0
2022,RS,5,39,0,Team,0.0,0.0,BER,,Team,,0,0,0,0,0,0,0,1,3,4,0,0,0,0,0,0,0,4,
2022,RS,5,39,0,Total,,,BER,,Total,200:00,73,22,42,8,23,5,8,13,24,37,22,8,19,2,4,11,16,86,
2022,RS,5,40,1,P008855   ,1.0,0.0,OLY,0,"WALKUP, THOMAS",17:18,10,5,10,0,1,0,0,1,0,1,3,2,2,0,1,1,0,6,-5.0
2022,RS,5,40,1,P010612   ,1.0,0.0,OLY,3,"CANAAN, ISAIAH",17:16,5,1,1,1,4,0,0,1,0,1,0,0,0,0,0,2,1,2,-10.0
2022,RS,5,40,1,P006302   ,0.0,0.0,OLY,4,"LOUNTZIS, MICHALIS",DNP,0,0,0,0,0,0,0,0,0,0,0,0,0,0,0,0,0,0,0.0
2022,RS,5,40,1,P010392   ,0.0,0.0,OLY,5,"LARENTZAKIS, GIANNOULIS",18:39,5,1,3,1,4,0,0,1,2,3,3,0,0,0,0,3,1,4,-2.0
2022,RS,5,40,1,P008811   ,1.0,0.0,OLY,10,"FALL, MOUSTAPHA",17:47,5,2,3,0,0,1,1,0,3,3,0,1,1,1,1,1,2,8,-5.0
2022,RS,5,40,1,P001926   ,0.0,1.0,OLY,11,"SLOUKAS, KOSTAS",25:26,10,4,5,0,3,2,2,0,4,4,8,0,3,0,0,1,4,18,0.0
2022,RS,5,40,1,P003469   ,1.0,1.0,OLY,14,"VEZENKOV, SASHA",28:22,13,1,3,3,6,2,3,1,6,7,1,1,1,1,0,1,1,16,-11.0
2022,RS,5,40,1,P001255   ,1.0,0.0,OLY,16,"PAPANIKOLAOU, KOSTAS",18:37,0,0,1,0,2,0,0,0,1,1,1,0,1,0,0,1,0,-3,-9.0
2022,RS,5,40,1,P009035   ,0.0,1.0,OLY,21,"BOLOMBOY, JOEL",22:13,10,5,6,0,0,0,0,3,1,4,2,1,1,1,0,2,2,16,0.0
2022,RS,5,40,1,P008829   ,0.0,1.0,OLY,25,"PETERS, ALEC",12:59,3,0,1,1,2,0,0,1,1,2,1,1,2,0,0,2,0,1,13.0
2022,RS,5,40,1,P008991   ,0.0,0.0,OLY,28,"BLACK, TARIK",DNP,0,0,0,0,0,0,0,0,0,0,0,0,0,0,0,0,0,0,0.0
2022,RS,5,40,1,P007853   ,0.0,1.0,OLY,77,"MCKISSIC, SHAQUIELLE",21:23,15,3,3,3,5,0,0,0,2,2,1,1,1,0,0,3,3,16,4.0
2022,RS,5,40,1,Team,0.0,0.0,OLY,,Team,,0,0,0,0,0,0,0,0,0,0,0,0,0,0,0,0,0,0,
2022,RS,5,40,1,Total,,,OLY,,Total,200:00,76,22,36,9,27,5,6,8,20,28,20,7,12,3,2,17,14,84,
2022,RS,5,40,0,P010588   ,1.0,1.0,MCO,0,"BROWN, JOHN",23:21,9,4,6,0,0,1,2,3,1,4,1,2,3,0,0,2,3,11,3.0
2022,RS,5,40,0,P011212   ,0.0,1.0,MCO,0,"OKOBO, ELIE",24:57,23,4,5,3,5,6,7,0,3,3,4,0,1,0,0,1,4,28,-1.0
2022,RS,5,40,0,P009754   ,1.0,1.0,MCO,3,"LOYD, JORDAN",25:08,10,2,6,2,5,0,0,0,3,3,5,0,2,0,1,3,2,7,9.0
2022,RS,5,40,0,P011231   ,1.0,0.0,MCO,4,"BLOSSOMGAME, JARON",14:34,0,0,0,0,1,0,0,0,3,3,0,0,0,1,0,0,0,3,5.0
2022,RS,5,40,0,P011935   ,0.0,0.0,MCO,5,"MAKOUNDOU, YOAN",DNP,0,0,0,0,0,0,0,0,0,0,0,0,0,0,0,0,0,0,0.0
2022,RS,5,40,0,P011226   ,0.0,0.0,MCO,11,"DIALLO, ALPHA",17:35,6,0,1,2,3,0,0,1,3,4,1,1,1,0,0,3,1,7,2.0
2022,RS,5,40,0,P001833   ,0.0,0.0,MCO,18,"MOERMAN, ADRIEN",20:03,3,0,1,1,3,0,2,2,2,4,1,1,0,0,0,2,2,4,2.0
2022,RS,5,40,0,PLCZ      ,1.0,0.0,MCO,20,"MOTIEJUNAS, DONATAS",15:50,6,3,4,0,0,0,2,1,2,3,0,0,0,0,1,1,2,6,5.0
2022,RS,5,40,0,P004197   ,0.0,0.0,MCO,24,"OUATTARA, YAKUBA",04:45,0,0,2,0,0,0,0,0,1,1,0,0,0,0,0,0,0,-1,-2.0
2022,RS,5,40,0,P008099   ,0.0,0.0,MCO,32,"STRAZEL, MATTHEW",DNP,0,0,0,0,0,0,0,0,0,0,0,0,0,0,0,0,0,0,0.0
2022,RS,5,40,0,P011196   ,0.0,1.0,MCO,45,"HALL, DONTA",20:46,4,2,3,0,0,0,0,1,0,1,0,2,1,1,0,1,0,5,0.0
2022,RS,5,40,0,P005985   ,1.0,1.0,MCO,55,"JAMES, MIKE",33:01,20,4,6,2,7,6,6,1,5,6,5,3,4,0,1,1,2,23,2.0
2022,RS,5,40,0,Team,0.0,0.0,MCO,,Team,,0,0,0,0,0,0,0,1,1,2,0,0,2,0,0,0,0,0,
2022,RS,5,40,0,Total,,,MCO,,Total,200:00,81,19,34,10,24,13,19,10,24,34,17,9,14,2,3,14,16,93,
2022,RS,5,41,1,P003733   ,0.0,0.0,MAD,6,"ABALDE, ALBERTO",07:47,0,0,1,0,0,0,0,0,1,1,2,0,1,0,0,2,2,1,-3.0
2022,RS,5,41,1,P005099   ,0.0,0.0,MAD,8,"HANGA, ADAM",04:16,0,0,0,0,0,0,0,0,1,1,1,0,0,0,0,2,0,0,4.0
2022,RS,5,41,1,P003108   ,0.0,1.0,MAD,11,"HEZONJA, MARIO",15:49,18,3,4,4,6,0,0,1,2,3,1,0,4,0,0,2,1,14,-9.0
2022,RS,5,41,1,PCVM      ,0.0,0.0,MAD,13,"RODRIGUEZ, SERGIO",12:01,0,0,1,0,1,0,0,0,2,2,1,0,1,0,0,3,0,-3,-5.0
2022,RS,5,41,1,P009005   ,1.0,0.0,MAD,14,"DECK, GABRIEL",32:31,28,9,12,1,2,7,7,3,2,5,3,1,1,0,0,5,6,33,4.0
2022,RS,5,41,1,P004887   ,0.0,0.0,MAD,17,"POIRIER, VINCENT",08:48,4,2,4,0,0,0,0,1,0,1,1,0,0,0,0,1,0,3,-13.0
2022,RS,5,41,1,P004790   ,0.0,0.0,MAD,21,"CORNELIE, PETR",14:25,9,0,0,3,3,0,0,0,0,0,1,0,0,0,0,3,0,7,-10.0
2022,RS,5,41,1,P005791   ,1.0,1.0,MAD,22,"TAVARES, WALTER",31:12,13,3,7,0,0,7,11,4,6,10,3,1,2,2,1,2,11,27,9.0
2022,RS,5,41,1,PTGB      ,1.0,1.0,MAD,23,"LLULL, SERGIO",18:57,0,0,2,0,4,0,0,0,2,2,3,1,1,0,0,3,0,-4,-3.0
2022,RS,5,41,1,P010357   ,1.0,1.0,MAD,28,"YABUSELE, GUERSCHON",25:50,7,1,3,1,3,2,3,1,0,1,2,0,1,0,0,2,2,4,6.0
2022,RS,5,41,1,P009213   ,0.0,0.0,MAD,30,"NDIAYE, ELI",00:22,0,0,0,0,1,0,0,0,1,1,0,0,0,0,0,0,0,0,1.0
2022,RS,5,41,1,P006540   ,1.0,1.0,MAD,31,"MUSA, DZANAN",28:02,12,3,7,1,6,3,4,0,3,3,4,1,1,0,2,0,4,11,-1.0
2022,RS,5,41,1,Team,0.0,0.0,MAD,,Team,,0,0,0,0,0,0,0,7,1,8,0,0,1,0,0,0,0,7,
2022,RS,5,41,1,Total,,,MAD,,Total,200:00,91,21,41,10,26,19,25,17,21,38,22,4,13,2,3,25,26,100,
2022,RS,5,41,0,P009549   ,0.0,1.0,VIR,0,"CORDINIER, ISAIA",15:09,12,4,5,0,0,4,5,1,2,3,1,1,0,0,0,4,5,16,6.0
2022,RS,5,41,0,P011064   ,0.0,0.0,VIR,1,"MANNION, NICCOLO",DNP,0,0,0,0,0,0,0,0,0,0,0,0,0,0,0,0,0,0,0.0
2022,RS,5,41,0,PBCN      ,0.0,0.0,VIR,3,"BELINELLI, MARCO",DNP,0,0,0,0,0,0,0,0,0,0,0,0,0,0,0,0,0,0,0.0
2022,RS,5,41,0,P006739   ,0.0,1.0,VIR,6,"PAJOLA, ALESSANDRO",16:23,2,1,3,0,0,0,0,0,1,1,0,3,0,0,0,0,1,5,2.0
2022,RS,5,41,0,P004655   ,0.0,1.0,VIR,7,"BAKO, ISMAEL",20:59,16,4,5,0,0,8,11,2,2,4,0,0,0,1,0,1,6,22,-6.0
2022,RS,5,41,0,P002581   ,1.0,0.0,VIR,14,"JAITEH, MAM",14:45,12,6,7,0,0,0,0,1,0,1,0,1,1,0,0,2,0,10,7.0
2022,RS,5,41,0,P010781   ,1.0,0.0,VIR,19,"LUNDBERG, IFFE",25:59,18,5,7,1,4,5,6,0,0,0,3,1,2,0,1,2,6,17,12.0
2022,RS,5,41,0,P001844   ,1.0,1.0,VIR,23,"HACKETT, DANIEL",24:12,7,2,3,1,2,0,0,0,2,2,4,1,2,0,0,3,1,8,-2.0
2022,RS,5,41,0,P008847   ,1.0,0.0,VIR,25,"MICKEY, JORDAN",24:41,6,2,3,0,1,2,2,0,3,3,1,1,1,2,1,5,2,6,4.0
2022,RS,5,41,0,P006592   ,0.0,0.0,VIR,34,"WEEMS, KYLE",21:54,3,0,1,1,3,0,0,1,3,4,3,0,1,0,0,1,0,5,0.0
2022,RS,5,41,0,P011982   ,1.0,1.0,VIR,37,"OJELEYE, SEMI",22:37,5,0,1,1,2,2,2,1,4,5,0,0,2,0,0,4,2,4,2.0
2022,RS,5,41,0,PJDR      ,0.0,0.0,VIR,44,"TEODOSIC, MILOS",13:21,14,2,4,2,5,4,5,0,1,1,4,1,2,0,0,4,2,10,-5.0
2022,RS,5,41,0,Team,0.0,0.0,VIR,,Team,,0,0,0,0,0,0,0,1,2,3,0,0,0,0,0,0,0,3,
2022,RS,5,41,0,Total,,,VIR,,Total,200:00,95,26,39,6,17,25,31,7,20,27,16,9,11,3,2,26,25,106,
2022,RS,5,42,1,P004267   ,0.0,0.0,RED,0,"HOLLAND, JOHN",06:51,2,1,1,0,0,0,0,0,1,1,1,0,2,0,0,2,1,1,5.0
2022,RS,5,42,1,P007947   ,0.0,1.0,RED,1,"VILDOZA, LUCA",28:42,20,1,6,4,8,6,6,0,6,6,6,1,4,0,2,1,3,20,12.0
2022,RS,5,42,1,P004720   ,1.0,1.0,RED,2,"LAZAREVIC, STEFAN",20:45,4,2,3,0,2,0,0,3,1,4,0,0,0,0,0,4,1,2,17.0
2022,RS,5,42,1,P002553   ,1.0,0.0,RED,9,"MITROVIC, LUKA",03:43,2,1,1,0,0,0,0,1,2,3,1,0,0,0,0,1,0,5,7.0
2022,RS,5,42,1,PLUO      ,0.0,0.0,RED,10,"LAZIC, BRANKO",05:51,0,0,0,0,0,0,0,0,0,0,0,0,1,0,0,3,0,-4,-7.0
2022,RS,5,42,1,P009540   ,0.0,0.0,RED,12,"MARTIN, HASSAN",15:43,9,3,4,0,0,3,5,2,5,7,0,1,0,1,0,5,4,14,9.0
2022,RS,5,42,1,P004007   ,1.0,0.0,RED,13,"DOBRIC, OGNJEN",28:00,12,3,4,2,7,0,0,0,1,1,1,0,2,0,1,2,2,5,10.0
2022,RS,5,42,1,P003332   ,0.0,0.0,RED,20,"IVANOVIC, NIKOLA",01:20,0,0,0,0,0,0,0,0,0,0,1,0,1,0,0,1,0,-1,-5.0
2022,RS,5,42,1,P000848   ,0.0,1.0,RED,26,"NEDOVIC, NEMANJA",21:15,11,2,2,1,3,4,4,0,0,0,2,1,0,0,0,3,5,14,4.0
2022,RS,5,42,1,PLME      ,1.0,1.0,RED,27,"MARKOVIC, STEFAN",20:39,0,0,0,0,3,0,0,0,1,1,1,1,2,0,0,4,1,-5,-16.0
2022,RS,5,42,1,P011194   ,0.0,0.0,RED,33,"PETRUSEV, FILIP",22:56,6,1,4,0,1,4,6,0,5,5,2,0,1,0,0,2,4,8,-18.0
2022,RS,5,42,1,P009818   ,1.0,1.0,RED,50,"BENTIL, BENJAMIN",24:15,12,2,6,2,4,2,2,3,10,13,3,1,2,0,1,1,3,22,12.0
2022,RS,5,42,1,Team,0.0,0.0,RED,,Team,,0,0,0,0,0,0,0,3,1,4,0,0,0,0,0,0,0,4,
2022,RS,5,42,1,Total,,,RED,,Total,200:00,78,16,31,9,28,19,23,12,33,45,18,5,15,1,4,29,24,85,
2022,RS,5,42,0,P010391   ,1.0,0.0,MUN,0,"WEILER-BABB, NICK",24:37,6,0,1,2,6,0,0,1,9,10,0,0,1,1,0,5,1,7,4.0
2022,RS,5,42,0,P009866   ,0.0,1.0,MUN,2,"WALDEN, COREY",13:03,6,1,1,1,5,1,2,0,0,0,1,1,0,0,0,1,2,4,-12.0
2022,RS,5,42,0,P011940   ,0.0,1.0,MUN,5,"WINSTON, CASSIUS",28:12,18,4,6,1,5,7,8,1,1,2,2,2,1,0,0,2,6,20,9.0
2022,RS,5,42,0,P006760   ,1.0,0.0,MUN,9,"BONGA, ISAAC",18:22,0,0,1,0,2,0,0,0,3,3,2,0,0,1,0,4,2,1,-14.0
2022,RS,5,42,0,P004058   ,0.0,0.0,MUN,10,"JARAMAZ, OGNJEN",10:55,4,0,1,0,3,4,6,0,1,1,0,0,0,0,0,1,3,1,-6.0
2022,RS,5,42,0,P001288   ,1.0,1.0,MUN,11,"LUCIC, VLADIMIR",26:53,12,3,4,1,3,3,3,0,2,2,1,2,0,0,0,3,4,15,-9.0
2022,RS,5,42,0,P004508   ,0.0,1.0,MUN,13,"OBST, ANDREAS",18:09,0,0,0,0,4,0,0,0,1,1,1,2,0,0,0,0,1,1,12.0
2022,RS,5,42,0,P005056   ,1.0,0.0,MUN,16,"ZIPSER, PAUL",08:41,6,0,1,2,2,0,0,0,1,1,0,0,1,0,0,2,0,3,-16.0
2022,RS,5,42,0,P005478   ,0.0,0.0,MUN,17,"WIMBERG, NIKLAS",02:26,0,0,1,0,0,0,0,0,0,0,0,0,0,0,0,0,0,-1,0.0
2022,RS,5,42,0,P005460   ,0.0,0.0,MUN,20,"HARRIS, ELIAS",18:24,10,2,2,0,0,6,7,0,2,2,1,0,3,0,0,2,4,11,4.0
2022,RS,5,42,0,P006477   ,0.0,1.0,MUN,21,"RUBIT, AUGUSTINE",24:45,8,2,6,0,1,4,7,5,1,6,2,3,3,1,1,3,5,10,7.0
2022,RS,5,42,0,P011941   ,1.0,0.0,MUN,33,"GILLESPIE, FREDDIE",05:33,2,0,1,0,0,2,2,0,1,1,0,0,1,1,0,1,1,2,-9.0
2022,RS,5,42,0,Team,0.0,0.0,MUN,,Team,,0,0,0,0,0,0,0,2,2,4,0,0,1,0,0,0,0,3,
2022,RS,5,42,0,Total,,,MUN,,Total,200:00,72,12,25,7,31,27,35,9,24,33,10,10,11,4,1,24,29,77,
2022,RS,5,43,1,P003521   ,0.0,0.0,IST,4,"BALBAY, DOGUS",17:59,6,1,2,1,2,1,1,1,3,4,1,1,1,0,0,2,1,8,-4.0
2022,RS,5,43,1,P009846   ,1.0,1.0,IST,6,"BRYANT, ELIJAH",19:19,12,2,3,2,5,2,2,0,1,1,1,0,0,1,0,0,1,12,-2.0
2022,RS,5,43,1,P010516   ,0.0,0.0,IST,11,"GAZI, ERTEN",02:32,2,1,1,0,0,0,0,0,0,0,0,1,0,0,0,1,0,2,0.0
2022,RS,5,43,1,P004888   ,1.0,1.0,IST,12,"CLYBURN, WILL",36:24,8,4,11,0,2,0,0,1,5,6,0,2,2,1,0,1,4,9,-10.0
2022,RS,5,43,1,P005348   ,0.0,0.0,IST,18,"ARNA, EGEHAN",02:12,0,0,0,0,1,0,0,0,0,0,0,0,0,0,0,2,0,-3,-3.0
2022,RS,5,43,1,P002925   ,0.0,0.0,IST,19,"TUNCER, BUGRAHAN",06:05,0,0,0,0,1,0,0,0,1,1,2,0,0,0,0,0,1,3,-4.0
2022,RS,5,43,1,PLHK      ,0.0,0.0,IST,21,"PLEISS, TIBOR",09:22,5,1,2,1,2,0,0,1,0,1,0,0,1,1,0,0,0,4,1.0
2022,RS,5,43,1,P002580   ,1.0,1.0,IST,22,"MICIC, VASILIJE",35:29,19,3,7,2,6,7,8,0,1,1,5,0,2,0,1,2,7,18,-4.0
2022,RS,5,43,1,P007993   ,1.0,1.0,IST,24,"M'BAYE, AMATH",29:26,14,4,4,2,2,0,0,1,5,6,1,0,1,0,0,2,1,19,-7.0
2022,RS,5,43,1,P002084   ,0.0,0.0,IST,33,"POLONARA, ACHILLE",06:54,2,1,2,0,0,0,0,0,1,1,0,0,0,0,0,1,1,2,-4.0
2022,RS,5,43,1,P004554   ,1.0,1.0,IST,41,"ZIZIC, ANTE",16:12,6,3,4,0,0,0,0,3,3,6,1,1,2,0,1,0,0,10,-5.0
2022,RS,5,43,1,P003048   ,0.0,0.0,IST,42,"DUNSTON, BRYANT",18:06,5,2,4,0,1,1,1,0,1,1,4,2,0,1,0,1,3,12,-3.0
2022,RS,5,43,1,Team,0.0,0.0,IST,,Team,,0,0,0,0,0,0,0,0,1,1,0,0,1,0,0,0,0,0,
2022,RS,5,43,1,Total,,,IST,,Total,200:00,79,22,40,8,22,11,12,7,22,29,15,7,10,4,2,12,19,96,
2022,RS,5,43,0,P011157   ,1.0,1.0,ULK,0,"MOTLEY, JOHNATHAN",17:54,11,5,8,0,0,1,1,3,1,4,2,0,0,1,0,4,2,13,5.0
2022,RS,5,43,0,P003091   ,0.0,0.0,ULK,1,"BIRSEN, METECAN",00:24,0,0,0,0,0,0,0,0,0,0,0,0,0,0,0,0,0,0,-2.0
2022,RS,5,43,0,P011201   ,0.0,0.0,ULK,2,"HAZER, SEHMUS",DNP,0,0,0,0,0,0,0,0,0,0,0,0,0,0,0,0,0,0,0.0
2022,RS,5,43,0,P006661   ,1.0,1.0,ULK,3,"WILBEKIN, SCOTTIE",31:38,25,6,9,4,7,1,3,1,2,3,2,0,2,0,0,1,3,22,10.0
2022,RS,5,43,0,P011987   ,0.0,0.0,ULK,4,"EDWARDS, CARSEN",12:03,10,2,5,2,3,0,0,1,0,1,0,0,2,0,2,1,0,2,-2.0
2022,RS,5,43,0,P002969   ,0.0,0.0,ULK,10,"MAHMUTOGLU, MELIH",04:50,0,0,0,0,2,0,0,0,0,0,1,0,0,0,0,0,0,-1,1.0
2022,RS,5,43,0,P008962   ,1.0,1.0,ULK,11,"HAYES-DAVIS, NIGEL",32:46,7,1,4,1,3,2,2,1,1,2,2,1,0,0,1,2,1,5,9.0
2022,RS,5,43,0,P010560   ,1.0,0.0,ULK,21,"PIERRE, DYSHAWN",17:51,0,0,1,0,0,0,0,0,1,1,0,0,0,0,0,2,1,-1,-5.0
2022,RS,5,43,0,P009733   ,0.0,0.0,ULK,22,"JEKIRI, TONYE",07:46,4,2,2,0,0,0,0,0,3,3,0,0,1,0,0,2,0,4,1.0
2022,RS,5,43,0,P004004   ,0.0,1.0,ULK,23,"GUDURIC, MARKO",23:59,19,1,6,5,6,2,2,0,6,6,3,2,1,0,1,1,2,23,9.0
2022,RS,5,43,0,P007056   ,0.0,0.0,ULK,31,"BOOKER, DEVIN",26:26,8,1,4,2,4,0,0,0,5,5,3,1,2,0,0,3,2,9,11.0
2022,RS,5,43,0,P001932   ,1.0,1.0,ULK,33,"CALATHES, NICK",24:23,4,2,5,0,1,0,0,2,5,7,4,1,1,1,0,3,1,10,8.0
2022,RS,5,43,0,Team,0.0,0.0,ULK,,Team,,0,0,0,0,0,0,0,3,0,3,0,0,2,0,0,0,0,1,
2022,RS,5,43,0,Total,,,ULK,,Total,200:00,88,20,44,14,26,6,8,11,24,35,17,5,11,2,4,19,12,87,
2022,RS,5,44,1,P011244   ,0.0,1.0,BAR,1,"DA SILVA, OSCAR",10:48,0,0,0,0,1,0,0,0,2,2,0,0,1,0,0,1,1,0,2.0
2022,RS,5,44,1,P003204   ,0.0,1.0,BAR,3,"PAULI, ORIOL",11:13,4,2,2,0,1,0,0,1,4,5,0,1,0,0,0,2,0,7,0.0
2022,RS,5,44,1,P002968   ,1.0,0.0,BAR,5,"SANLI, SERTAC",18:27,4,2,4,0,3,0,0,0,1,1,1,0,0,0,1,2,1,-1,5.0
2022,RS,5,44,1,P000925   ,0.0,0.0,BAR,6,"VESELY, JAN",13:29,7,2,4,0,0,3,3,0,2,2,1,1,1,0,0,2,2,8,16.0
2022,RS,5,44,1,P004866   ,1.0,0.0,BAR,10,"KALINIC, NIKOLA",17:18,6,3,3,0,1,0,1,1,2,3,0,0,1,0,0,0,2,8,3.0
2022,RS,5,44,1,P002939   ,1.0,0.0,BAR,13,"SATORANSKY, TOMAS",21:44,9,3,3,0,0,3,4,0,6,6,2,0,1,0,0,1,4,18,10.0
2022,RS,5,44,1,P006435   ,1.0,0.0,BAR,20,"LAPROVITTOLA, NICOLAS",15:41,5,2,3,0,3,1,1,0,0,0,5,2,0,0,0,2,0,6,5.0
2022,RS,5,44,1,P003478   ,0.0,0.0,BAR,21,"ABRINES, ALEX",17:38,5,1,1,1,2,0,0,1,3,4,0,3,1,0,0,2,1,9,18.0
2022,RS,5,44,1,P006450   ,0.0,0.0,BAR,22,"HIGGINS, CORY",19:45,11,3,6,1,3,2,2,0,1,1,2,1,0,0,0,0,2,12,17.0
2022,RS,5,44,1,P008966   ,1.0,1.0,BAR,23,"TOBEY, MIKE",28:49,13,5,7,1,6,0,0,5,2,7,0,0,2,1,0,1,1,12,5.0
2022,RS,5,44,1,P007519   ,0.0,1.0,BAR,31,"JOKUBAITIS, ROKAS",13:41,3,1,3,0,1,1,2,0,2,2,2,0,1,0,0,3,2,1,6.0
2022,RS,5,44,1,P010641   ,0.0,1.0,BAR,46,"NNAJI, JAMES",11:27,7,3,5,0,0,1,2,1,1,2,0,0,2,2,0,3,3,6,3.0
2022,RS,5,44,1,Team,0.0,0.0,BAR,,Team,,0,0,0,0,0,0,0,3,2,5,0,0,1,0,0,0,0,4,
2022,RS,5,44,1,Total,,,BAR,,Total,200:00,74,27,41,3,21,11,15,12,28,40,13,8,11,3,1,19,19,90,
2022,RS,5,44,0,P007870   ,1.0,0.0,MIL,0,"DAVIES, BRANDON",19:40,18,9,15,0,0,0,0,2,4,6,0,0,2,0,2,2,6,18,-11.0
2022,RS,5,44,0,P005094   ,1.0,0.0,MIL,1,"THOMAS, DESHAUN",09:39,0,0,1,0,1,0,0,0,0,0,0,0,0,0,0,0,0,-2,-8.0
2022,RS,5,44,0,P006433   ,1.0,0.0,MIL,5,"PANGOS, KEVIN",26:16,5,2,3,0,5,1,1,0,1,1,5,1,2,0,1,3,4,4,-8.0
2022,RS,5,44,0,P006509   ,0.0,1.0,MIL,7,"TONUT, STEFANO",19:30,5,1,1,1,2,0,0,0,1,1,0,0,1,0,0,0,1,5,-8.0
2022,RS,5,44,0,P002849   ,1.0,1.0,MIL,9,"MELLI, NICOLO",24:20,2,1,1,0,2,0,2,1,5,6,0,1,0,1,0,1,2,7,-9.0
2022,RS,5,44,0,P005775   ,0.0,0.0,MIL,12,"BARON, BILLY",20:05,7,1,2,1,3,2,2,1,2,3,2,0,3,0,0,5,2,3,-6.0
2022,RS,5,44,0,P001518   ,0.0,0.0,MIL,17,"RICCI, GIAMPAOLO",DNP,0,0,0,0,0,0,0,0,0,0,0,0,0,0,0,0,0,0,0.0
2022,RS,5,44,0,P011205   ,1.0,1.0,MIL,22,"HALL, DEVON",31:32,7,1,8,1,2,2,2,1,2,3,4,1,2,0,0,4,2,3,-17.0
2022,RS,5,44,0,P005059   ,0.0,0.0,MIL,40,"ALVITI, DAVIDE",DNP,0,0,0,0,0,0,0,0,0,0,0,0,0,0,0,0,0,0,0.0
2022,RS,5,44,0,P002812   ,0.0,1.0,MIL,42,"HINES, KYLE",20:20,6,3,5,0,0,0,0,1,1,2,1,0,1,0,0,1,0,5,-7.0
2022,RS,5,44,0,PCCD      ,0.0,0.0,MIL,70,"DATOME, LUIGI",12:46,1,0,2,0,2,1,1,0,1,1,0,0,0,0,0,2,2,-2,-7.0
2022,RS,5,44,0,P007201   ,0.0,1.0,MIL,77,"VOIGTMANN, JOHANNES",15:52,5,1,2,1,3,0,0,0,5,5,0,1,0,0,0,1,0,7,-9.0
2022,RS,5,44,0,Team,0.0,0.0,MIL,,Team,,0,0,0,0,0,0,0,1,1,2,0,0,2,0,0,0,0,0,
2022,RS,5,44,0,Total,,,MIL,,Total,200:00,56,19,40,4,20,6,8,7,23,30,12,4,13,1,3,19,19,48,
2022,RS,5,45,1,P011936   ,1.0,0.0,ASV,0,"MATHEWS, JONAH",21:04,13,4,5,1,3,2,2,0,0,0,5,1,1,0,0,2,2,15,3.0
2022,RS,5,45,1,P011937   ,0.0,1.0,ASV,1,"POLITE, ANTHONY",02:20,0,0,1,0,0,0,0,0,0,0,0,0,0,0,0,0,0,-1,-2.0
2022,RS,5,45,1,P006068   ,1.0,1.0,ASV,2,"NOUA, AMINE",23:31,9,3,5,1,2,0,0,1,4,5,0,0,1,0,0,2,2,10,7.0
2022,RS,5,45,1,PKIR      ,0.0,0.0,ASV,5,"KAHUDI, CHARLES",16:43,6,1,2,1,2,1,1,0,2,2,0,1,1,0,0,2,1,5,22.0
2022,RS,5,45,1,P004119   ,0.0,0.0,ASV,9,"TYUS, ALEX",DNP,0,0,0,0,0,0,0,0,0,0,0,0,0,0,0,0,0,0,0.0
2022,RS,5,45,1,P010718   ,0.0,1.0,ASV,10,"RISACHER, ZACCHARIE",21:36,5,1,2,1,3,0,0,2,4,6,1,1,1,0,1,3,0,5,20.0
2022,RS,5,45,1,P002100   ,0.0,0.0,ASV,12,"DE COLO, NANDO",21:20,7,1,4,1,2,2,2,0,5,5,4,0,3,0,0,1,3,11,28.0
2022,RS,5,45,1,P006568   ,1.0,0.0,ASV,19,"FALL, YOUSSOUPHA",18:24,11,5,5,0,0,1,2,3,4,7,0,0,1,1,0,3,2,16,8.0
2022,RS,5,45,1,P003526   ,1.0,0.0,ASV,23,"LIGHTY, DAVID",18:22,11,3,7,1,1,2,2,2,3,5,0,0,1,0,0,2,1,10,3.0
2022,RS,5,45,1,P011938   ,0.0,1.0,ASV,32,"OBASOHAN, RETIN",22:22,13,3,9,1,2,4,4,1,3,4,5,2,3,1,1,3,4,15,18.0
2022,RS,5,45,1,P011939   ,1.0,0.0,ASV,33,"JACKSON-CARTWRIGHT, PARKER",12:42,2,1,4,0,2,0,0,0,3,3,1,1,3,0,1,3,2,-3,5.0
2022,RS,5,45,1,P006832   ,0.0,1.0,ASV,35,"PONS, YVES",21:36,10,3,4,1,1,1,4,1,0,1,1,2,0,1,0,4,2,9,18.0
2022,RS,5,45,1,Team,0.0,0.0,ASV,,Team,,0,0,0,0,0,0,0,1,5,6,0,0,0,0,0,0,0,6,
2022,RS,5,45,1,Total,,,ASV,,Total,200:00,87,25,48,8,18,13,17,11,33,44,17,8,15,3,3,25,19,98,
2022,RS,5,45,0,P011948   ,0.0,0.0,BAS,0,"HOWARD, MARKUS",13:43,5,1,2,1,4,0,0,0,0,0,0,0,0,0,0,3,0,-2,-12.0
2022,RS,5,45,0,P008850   ,0.0,1.0,BAS,2,"RAIESTE, SANDER",11:35,0,0,1,0,1,0,2,0,2,2,0,0,0,1,1,1,1,-2,-9.0
2022,RS,5,45,0,P006754   ,0.0,1.0,BAS,7,"HENRY, PIERRIA",18:15,5,1,3,0,2,3,4,1,1,2,2,1,5,0,0,1,3,2,-16.0
2022,RS,5,45,0,P007230   ,0.0,0.0,BAS,8,"SEDEKERSKIS, TADAS",20:09,6,2,3,0,0,2,2,1,2,3,2,0,2,0,1,0,3,10,-19.0
2022,RS,5,45,0,P004761   ,1.0,0.0,BAS,9,"MARINKOVIC, VANJA",13:02,0,0,0,0,2,0,0,0,0,0,0,0,0,0,0,1,0,-3,1.0
2022,RS,5,45,0,P003198   ,0.0,1.0,BAS,11,"DIEZ, DANIEL",05:53,0,0,0,0,1,0,0,0,4,4,0,0,1,0,0,2,0,0,-7.0
2022,RS,5,45,0,P011078   ,1.0,0.0,BAS,13,"THOMPSON, DARIUS",18:39,11,2,2,1,2,4,6,1,0,1,3,3,5,0,0,2,4,12,-2.0
2022,RS,5,45,0,P004603   ,1.0,0.0,BAS,21,"KOTSAR, MAIK",17:31,8,4,5,0,0,0,3,0,2,2,0,1,0,0,1,2,3,7,-10.0
2022,RS,5,45,0,P010444   ,0.0,0.0,BAS,24,"COSTELLO, MATTHEW",18:57,8,1,3,1,5,3,6,0,6,6,1,2,0,1,0,1,5,13,-11.0
2022,RS,5,45,0,P006436   ,1.0,0.0,BAS,31,"GIEDRAITIS, ROKAS",23:04,14,2,5,3,5,1,1,0,3,3,4,0,1,1,0,0,2,18,-10.0
2022,RS,5,45,0,P011949   ,1.0,1.0,BAS,34,"HOMMES, DAULTON",21:46,4,0,3,0,1,4,4,1,2,3,1,0,2,0,0,2,4,4,-17.0
2022,RS,5,45,0,P007265   ,0.0,1.0,BAS,47,"KURUCS, ARTURS",17:26,0,0,1,0,2,0,0,0,0,0,1,0,2,0,0,4,0,-8,-18.0
2022,RS,5,45,0,Team,0.0,0.0,BAS,,Team,,0,0,0,0,0,0,0,2,1,3,0,0,0,0,0,0,0,3,
2022,RS,5,45,0,Total,,,BAS,,Total,200:00,61,13,28,6,25,17,28,6,23,29,14,7,18,3,3,19,25,54,
2022,RS,6,46,1,P010588   ,1.0,0.0,MCO,0,"BROWN, JOHN",20:24,4,2,4,0,0,0,0,1,3,4,0,1,1,0,1,5,2,2,-1.0
2022,RS,6,46,1,P011212   ,0.0,1.0,MCO,0,"OKOBO, ELIE",26:44,5,1,3,1,2,0,0,0,1,1,3,0,1,1,0,3,4,7,4.0
2022,RS,6,46,1,P009754   ,1.0,1.0,MCO,3,"LOYD, JORDAN",29:59,20,5,8,2,4,4,7,1,1,2,3,2,0,0,0,2,5,22,15.0
2022,RS,6,46,1,P011231   ,0.0,0.0,MCO,4,"BLOSSOMGAME, JARON",DNP,0,0,0,0,0,0,0,0,0,0,0,0,0,0,0,0,0,0,0.0
2022,RS,6,46,1,P011935   ,0.0,0.0,MCO,5,"MAKOUNDOU, YOAN",DNP,0,0,0,0,0,0,0,0,0,0,0,0,0,0,0,0,0,0,0.0
2022,RS,6,46,1,P011226   ,0.0,1.0,MCO,11,"DIALLO, ALPHA",25:27,9,4,6,0,2,1,2,0,1,1,1,1,0,0,0,4,3,6,3.0
2022,RS,6,46,1,P001833   ,0.0,0.0,MCO,18,"MOERMAN, ADRIEN",19:11,5,0,0,1,4,2,2,0,5,5,1,1,0,0,0,1,1,9,10.0
2022,RS,6,46,1,PLCZ      ,0.0,0.0,MCO,20,"MOTIEJUNAS, DONATAS",19:35,13,6,9,0,1,1,2,3,3,6,1,0,0,0,0,2,3,16,11.0
2022,RS,6,46,1,P004197   ,1.0,0.0,MCO,24,"OUATTARA, YAKUBA",06:24,0,0,0,0,1,0,0,0,1,1,0,0,0,0,0,1,0,-1,2.0
2022,RS,6,46,1,P008099   ,0.0,0.0,MCO,32,"STRAZEL, MATTHEW",03:51,0,0,0,0,2,0,0,0,0,0,0,0,0,0,0,1,1,-2,2.0
2022,RS,6,46,1,P011196   ,1.0,1.0,MCO,45,"HALL, DONTA",20:25,8,4,4,0,0,0,0,1,6,7,1,0,0,0,0,2,0,14,-3.0
2022,RS,6,46,1,P005985   ,1.0,1.0,MCO,55,"JAMES, MIKE",28:00,21,5,9,3,7,2,2,0,2,2,2,2,1,0,0,1,1,18,-3.0
2022,RS,6,46,1,Team,0.0,0.0,MCO,,Team,,0,0,0,0,0,0,0,4,3,7,0,0,1,0,0,0,0,6,
2022,RS,6,46,1,Total,,,MCO,,Total,200:00,85,27,43,7,23,10,15,10,26,36,12,7,4,1,1,22,20,97,
2022,RS,6,46,0,P004267   ,0.0,1.0,RED,0,"HOLLAND, JOHN",11:32,5,0,1,1,4,2,2,1,1,2,1,0,0,0,0,1,2,5,0.0
2022,RS,6,46,0,P007947   ,1.0,0.0,RED,1,"VILDOZA, LUCA",25:44,5,0,3,1,3,2,2,0,0,0,4,0,3,0,0,2,3,2,-16.0
2022,RS,6,46,0,P004720   ,0.0,1.0,RED,2,"LAZAREVIC, STEFAN",18:56,7,3,3,0,1,1,2,3,1,4,0,0,0,0,0,1,1,9,0.0
2022,RS,6,46,0,PLUO      ,1.0,0.0,RED,10,"LAZIC, BRANKO",11:43,2,1,2,0,0,0,1,1,2,3,0,0,0,0,0,1,1,3,0.0
2022,RS,6,46,0,P009540   ,0.0,0.0,RED,12,"MARTIN, HASSAN",11:28,2,1,2,0,0,0,0,0,2,2,0,0,2,0,0,3,0,-2,-1.0
2022,RS,6,46,0,P004007   ,1.0,0.0,RED,13,"DOBRIC, OGNJEN",23:26,3,0,2,1,2,0,0,0,3,3,2,0,2,0,0,3,0,0,-1.0
2022,RS,6,46,0,P003332   ,0.0,0.0,RED,20,"IVANOVIC, NIKOLA",07:48,2,1,2,0,0,0,0,0,0,0,0,0,0,0,0,0,1,2,-3.0
2022,RS,6,46,0,P011964   ,0.0,0.0,RED,22,"ILIC, DALIBOR",DNP,0,0,0,0,0,0,0,0,0,0,0,0,0,0,0,0,0,0,0.0
2022,RS,6,46,0,P000848   ,0.0,1.0,RED,26,"NEDOVIC, NEMANJA",23:17,13,0,1,3,8,4,4,0,1,1,2,0,1,0,0,2,3,10,-6.0
2022,RS,6,46,0,PLME      ,0.0,1.0,RED,27,"MARKOVIC, STEFAN",16:30,8,1,2,2,5,0,0,0,2,2,3,1,0,0,0,1,1,10,2.0
2022,RS,6,46,0,P011194   ,1.0,1.0,RED,33,"PETRUSEV, FILIP",28:32,16,4,6,1,3,5,8,6,6,12,4,0,1,0,0,3,6,27,-7.0
2022,RS,6,46,0,P009818   ,1.0,0.0,RED,50,"BENTIL, BENJAMIN",21:04,14,3,6,2,3,2,5,0,5,5,0,0,1,1,1,3,4,12,-8.0
2022,RS,6,46,0,Team,0.0,0.0,RED,,Team,,0,0,0,0,0,0,0,2,1,3,0,0,0,0,0,0,0,3,
2022,RS,6,46,0,Total,,,RED,,Total,200:00,77,14,30,11,29,16,24,13,24,37,16,1,10,1,1,20,22,81,
2022,RS,6,47,1,P011209   ,0.0,0.0,PAN,0,"KALAITZAKIS, PANAGIOTIS",16:25,3,0,1,1,1,0,0,0,1,1,0,0,0,1,0,4,1,1,7.0
2022,RS,6,47,1,P006555   ,0.0,1.0,PAN,3,"WOLTERS, NATE",21:31,17,5,7,2,3,1,1,1,2,3,4,2,1,0,0,4,2,20,12.0
2022,RS,6,47,1,P011225   ,1.0,0.0,PAN,5,"LEE, PARIS",18:45,4,1,1,0,4,2,3,0,2,2,2,1,2,0,0,1,1,2,-17.0
2022,RS,6,47,1,P005844   ,1.0,0.0,PAN,6,"PAPAGIANNIS, GEORGIOS",26:49,10,3,3,1,1,1,2,0,5,5,0,1,0,2,0,1,1,17,1.0
2022,RS,6,47,1,P003240   ,0.0,0.0,PAN,7,"BOCHORIDIS, ELEFTHERIOS",DNP,0,0,0,0,0,0,0,0,0,0,0,0,0,0,0,0,0,0,0.0
2022,RS,6,47,1,P009006   ,1.0,1.0,PAN,8,"WILLIAMS, DERRICK",31:04,14,3,8,2,4,2,2,4,3,7,2,1,2,0,2,2,3,14,-5.0
2022,RS,6,47,1,P006586   ,0.0,0.0,PAN,16,"KALAITZAKIS, GEORGIOS",DNP,0,0,0,0,0,0,0,0,0,0,0,0,0,0,0,0,0,0,0.0
2022,RS,6,47,1,P011286   ,1.0,1.0,PAN,24,"BACON, DWAYNE",28:58,17,3,9,1,6,8,9,1,0,1,0,3,2,0,0,4,5,8,-1.0
2022,RS,6,47,1,P004172   ,1.0,1.0,PAN,37,"PONITKA, MATEUSZ",27:45,12,4,4,0,2,4,6,2,2,4,3,2,2,0,0,2,5,18,-9.0
2022,RS,6,47,1,P002328   ,0.0,1.0,PAN,40,"GRIGONIS, MARIUS",15:57,9,1,2,1,4,4,4,0,1,1,2,0,1,0,1,3,2,5,5.0
2022,RS,6,47,1,P008084   ,0.0,0.0,PAN,72,"MANTZOUKAS, ELEFTHERIOS",DNP,0,0,0,0,0,0,0,0,0,0,0,0,0,0,0,0,0,0,0.0
2022,RS,6,47,1,P003120   ,0.0,0.0,PAN,77,"GUDAITIS, ARTURAS",12:46,3,1,1,0,0,1,2,3,0,3,1,0,1,0,0,2,2,5,-3.0
2022,RS,6,47,1,Team,0.0,0.0,PAN,,Team,,0,0,0,0,0,0,0,1,1,2,0,0,0,0,0,0,0,2,
2022,RS,6,47,1,Total,,,PAN,,Total,200:00,89,21,36,8,25,23,29,12,17,29,14,10,11,3,3,23,22,92,
2022,RS,6,47,0,P009212   ,0.0,0.0,PAR,1,"VUKCEVIC, TRISTAN",DNP,0,0,0,0,0,0,0,0,0,0,0,0,0,0,0,0,0,0,0.0
2022,RS,6,47,0,P008987   ,1.0,1.0,PAR,2,"LEDAY, ZACH",36:48,13,5,12,0,2,3,6,5,5,10,2,0,3,1,2,3,7,13,5.0
2022,RS,6,47,0,P011050   ,0.0,0.0,PAR,5,"KOPRIVICA, BALSA",01:22,0,0,0,0,0,0,0,0,0,0,0,0,0,0,0,1,0,-1,3.0
2022,RS,6,47,0,P009862   ,1.0,1.0,PAR,7,"PUNTER, KEVIN",35:48,29,4,9,6,8,3,4,0,1,1,4,1,3,0,1,3,4,24,-3.0
2022,RS,6,47,0,P005161   ,1.0,0.0,PAR,10,"PAPAPETROU, IOANNIS",24:58,2,1,2,0,1,0,0,0,3,3,1,2,1,0,0,2,2,5,-7.0
2022,RS,6,47,0,P011302   ,0.0,1.0,PAR,11,"EXUM, DANTE",23:50,12,5,5,0,2,2,3,0,2,2,2,1,2,0,0,3,3,12,-5.0
2022,RS,6,47,0,P010307   ,0.0,0.0,PAR,13,"JOVANOVIC, DORDIJE",DNP,0,0,0,0,0,0,0,0,0,0,0,0,0,0,0,0,0,0,0.0
2022,RS,6,47,0,P011261   ,0.0,0.0,PAR,24,"GLAS, GREGOR",DNP,0,0,0,0,0,0,0,0,0,0,0,0,0,0,0,0,0,0,0.0
2022,RS,6,47,0,P003842   ,1.0,0.0,PAR,26,"LESSORT, MATHIAS",38:18,15,5,7,0,0,5,6,6,5,11,2,2,3,2,0,3,5,28,0.0
2022,RS,6,47,0,P007673   ,0.0,0.0,PAR,32,"TRIFUNOVIC, UROS",00:06,0,0,0,0,0,0,0,0,0,0,0,0,0,0,0,0,0,0,1.0
2022,RS,6,47,0,P000956   ,0.0,1.0,PAR,33,"ANDJUSIC, DANILO",18:49,10,1,1,1,3,5,5,0,1,1,1,0,1,0,0,4,2,7,6.0
2022,RS,6,47,0,P011052   ,1.0,1.0,PAR,41,"MADAR, YAM",20:01,10,2,4,2,3,0,0,0,1,1,1,3,1,0,0,3,0,8,10.0
2022,RS,6,47,0,Team,0.0,0.0,PAR,,Team,,0,0,0,0,0,0,0,2,4,6,0,0,1,0,0,0,0,5,
2022,RS,6,47,0,Total,,,PAR,,Total,200:00,91,23,40,9,19,18,24,13,22,35,13,9,15,3,3,22,23,101,
2022,RS,6,48,1,P007870   ,1.0,0.0,MIL,0,"DAVIES, BRANDON",12:53,5,1,6,0,0,3,3,0,1,1,2,0,1,0,0,3,2,1,-3.0
2022,RS,6,48,1,P005094   ,1.0,1.0,MIL,1,"THOMAS, DESHAUN",15:27,7,0,2,2,4,1,2,0,2,2,0,0,0,0,0,1,1,4,-1.0
2022,RS,6,48,1,P011965   ,0.0,1.0,MIL,3,"MITROU-LONG, NAZ",18:02,11,1,4,3,5,0,0,0,2,2,4,0,3,0,1,1,1,8,9.0
2022,RS,6,48,1,P006433   ,1.0,1.0,MIL,5,"PANGOS, KEVIN",27:26,21,2,3,5,9,2,2,0,1,1,2,1,2,0,0,3,8,23,-6.0
2022,RS,6,48,1,P006509   ,0.0,0.0,MIL,7,"TONUT, STEFANO",DNP,0,0,0,0,0,0,0,0,0,0,0,0,0,0,0,0,0,0,0.0
2022,RS,6,48,1,P002849   ,1.0,1.0,MIL,9,"MELLI, NICOLO",29:13,12,3,3,2,3,0,0,0,3,3,0,0,2,0,0,1,0,11,-6.0
2022,RS,6,48,1,P005775   ,0.0,0.0,MIL,12,"BARON, BILLY",20:08,6,1,1,1,2,1,1,0,2,2,0,1,0,0,0,2,4,10,-3.0
2022,RS,6,48,1,P001518   ,0.0,0.0,MIL,17,"RICCI, GIAMPAOLO",09:33,0,0,0,0,0,0,0,1,0,1,1,0,0,1,0,2,0,1,-4.0
2022,RS,6,48,1,P011205   ,1.0,1.0,MIL,22,"HALL, DEVON",26:38,5,2,6,0,2,1,1,1,1,2,7,2,1,0,0,0,1,10,-10.0
2022,RS,6,48,1,P002812   ,0.0,0.0,MIL,42,"HINES, KYLE",18:28,0,0,4,0,0,0,0,1,2,3,2,2,2,1,2,3,0,-3,1.0
2022,RS,6,48,1,PCCD      ,0.0,0.0,MIL,70,"DATOME, LUIGI",15:25,8,1,2,2,4,0,0,1,1,2,0,1,0,0,0,0,0,8,-3.0
2022,RS,6,48,1,P007201   ,0.0,0.0,MIL,77,"VOIGTMANN, JOHANNES",06:47,2,1,1,0,2,0,0,1,0,1,0,0,0,0,0,0,0,1,-4.0
2022,RS,6,48,1,Team,0.0,0.0,MIL,,Team,,0,0,0,0,0,0,0,0,4,4,0,0,0,0,0,0,0,4,
2022,RS,6,48,1,Total,,,MIL,,Total,200:00,77,12,32,15,31,8,9,5,19,24,18,7,11,2,3,16,17,78,
2022,RS,6,48,0,P003733   ,0.0,0.0,MAD,6,"ABALDE, ALBERTO",07:43,7,2,3,1,2,0,0,1,1,2,0,0,0,0,1,2,0,4,6.0
2022,RS,6,48,0,P005099   ,1.0,0.0,MAD,8,"HANGA, ADAM",12:17,3,1,2,0,2,1,2,1,1,2,3,0,1,0,0,2,1,2,10.0
2022,RS,6,48,0,P003108   ,0.0,1.0,MAD,11,"HEZONJA, MARIO",20:56,15,3,4,3,4,0,0,0,4,4,1,1,3,0,0,1,0,15,-10.0
2022,RS,6,48,0,PCVM      ,0.0,0.0,MAD,13,"RODRIGUEZ, SERGIO",16:14,9,2,4,1,3,2,4,0,2,2,4,1,1,0,0,3,2,8,-1.0
2022,RS,6,48,0,P009005   ,1.0,1.0,MAD,14,"DECK, GABRIEL",27:53,7,1,4,0,3,5,5,1,7,8,1,1,2,1,0,1,4,13,15.0
2022,RS,6,48,0,P004887   ,0.0,0.0,MAD,17,"POIRIER, VINCENT",07:05,0,0,0,0,0,0,0,1,0,1,1,0,0,0,0,1,2,3,-2.0
2022,RS,6,48,0,P004790   ,1.0,0.0,MAD,21,"CORNELIE, PETR",06:30,0,0,0,0,2,0,0,0,2,2,0,0,0,0,0,0,0,0,1.0
2022,RS,6,48,0,P005791   ,1.0,1.0,MAD,22,"TAVARES, WALTER",31:59,11,5,5,0,0,1,1,2,7,9,2,2,5,2,0,4,1,18,10.0
2022,RS,6,48,0,PTGB      ,0.0,1.0,MAD,23,"LLULL, SERGIO",11:29,0,0,1,0,1,0,0,0,0,0,2,0,0,0,0,0,1,1,-4.0
2022,RS,6,48,0,P010357   ,0.0,1.0,MAD,28,"YABUSELE, GUERSCHON",26:43,6,0,5,1,1,3,4,0,3,3,1,1,0,0,1,2,2,4,-1.0
2022,RS,6,48,0,P009213   ,0.0,0.0,MAD,30,"NDIAYE, ELI",DNP,0,0,0,0,0,0,0,0,0,0,0,0,0,0,0,0,0,0,0.0
2022,RS,6,48,0,P006540   ,1.0,0.0,MAD,31,"MUSA, DZANAN",31:11,25,4,4,5,8,2,3,1,4,5,5,0,2,0,0,1,3,31,6.0
2022,RS,6,48,0,Team,0.0,0.0,MAD,,Team,,0,0,0,0,0,0,0,1,1,2,0,0,2,0,0,0,0,0,
2022,RS,6,48,0,Total,,,MAD,,Total,200:00,83,18,32,11,26,14,19,8,32,40,20,6,16,3,2,17,16,99,
2022,RS,6,49,1,P010391   ,1.0,0.0,MUN,0,"WEILER-BABB, NICK",22:03,9,1,4,2,5,1,1,4,0,4,0,0,0,1,0,2,1,7,-3.0
2022,RS,6,49,1,P009866   ,0.0,0.0,MUN,2,"WALDEN, COREY",DNP,0,0,0,0,0,0,0,0,0,0,0,0,0,0,0,0,0,0,0.0
2022,RS,6,49,1,P011940   ,0.0,1.0,MUN,5,"WINSTON, CASSIUS",26:00,16,3,7,3,9,1,2,0,4,4,7,1,2,1,1,4,3,14,7.0
2022,RS,6,49,1,P006760   ,0.0,1.0,MUN,9,"BONGA, ISAAC",27:11,12,3,5,1,3,3,4,3,5,8,1,0,1,0,0,1,3,17,2.0
2022,RS,6,49,1,P004058   ,0.0,0.0,MUN,10,"JARAMAZ, OGNJEN",06:55,0,0,0,0,0,0,0,0,0,0,0,1,1,0,0,2,0,-2,-4.0
2022,RS,6,49,1,P001288   ,1.0,1.0,MUN,11,"LUCIC, VLADIMIR",28:35,9,4,7,0,5,1,1,0,1,1,4,0,0,0,0,2,2,6,0.0
2022,RS,6,49,1,P004508   ,1.0,1.0,MUN,13,"OBST, ANDREAS",23:44,8,1,2,2,6,0,0,0,4,4,2,0,0,0,0,1,1,9,6.0
2022,RS,6,49,1,P005056   ,1.0,0.0,MUN,16,"ZIPSER, PAUL",09:35,5,1,1,1,1,0,0,0,3,3,1,0,1,0,0,0,0,8,1.0
2022,RS,6,49,1,P005478   ,0.0,0.0,MUN,17,"WIMBERG, NIKLAS",DNP,0,0,0,0,0,0,0,0,0,0,0,0,0,0,0,0,0,0,0.0
2022,RS,6,49,1,P005460   ,0.0,1.0,MUN,20,"HARRIS, ELIAS",21:46,10,3,4,0,1,4,5,1,1,2,0,0,0,0,0,1,6,14,8.0
2022,RS,6,49,1,P006477   ,0.0,0.0,MUN,21,"RUBIT, AUGUSTINE",19:24,4,0,3,0,1,4,6,1,0,1,0,1,1,1,0,5,6,1,-2.0
2022,RS,6,49,1,P011941   ,1.0,0.0,MUN,33,"GILLESPIE, FREDDIE",14:47,8,4,6,0,0,0,0,6,1,7,0,0,2,0,2,3,0,6,0.0
2022,RS,6,49,1,Team,0.0,0.0,MUN,,Team,,0,0,0,0,0,0,0,3,3,6,0,0,0,0,0,0,0,6,
2022,RS,6,49,1,Total,,,MUN,,Total,200:00,81,20,39,9,31,14,19,18,22,40,15,3,8,3,3,21,22,86,
2022,RS,6,49,0,P003521   ,0.0,0.0,IST,4,"BALBAY, DOGUS",02:44,0,0,0,0,0,0,0,0,2,2,0,0,1,1,0,1,0,1,-8.0
2022,RS,6,49,0,P009846   ,1.0,1.0,IST,6,"BRYANT, ELIJAH",27:50,8,4,9,0,3,0,0,2,6,8,4,0,0,0,0,1,3,14,-1.0
2022,RS,6,49,0,P008282   ,0.0,0.0,IST,10,"ILYASOGLU, OMERCAN",DNP,0,0,0,0,0,0,0,0,0,0,0,0,0,0,0,0,0,0,0.0
2022,RS,6,49,0,P004888   ,1.0,1.0,IST,12,"CLYBURN, WILL",36:16,21,5,8,2,7,5,7,1,6,7,2,1,1,0,0,3,3,20,0.0
2022,RS,6,49,0,P012068   ,0.0,0.0,IST,13,"TAYLOR, ISAIAH",06:08,0,0,1,0,0,0,0,0,0,0,0,1,0,0,1,0,0,-1,-2.0
2022,RS,6,49,0,P002925   ,0.0,0.0,IST,19,"TUNCER, BUGRAHAN",09:09,0,0,0,0,0,0,0,0,1,1,2,0,1,0,0,1,1,2,2.0
2022,RS,6,49,0,PLHK      ,1.0,0.0,IST,21,"PLEISS, TIBOR",15:28,6,3,3,0,2,0,0,2,1,3,0,0,0,0,0,3,2,6,1.0
2022,RS,6,49,0,P002580   ,1.0,1.0,IST,22,"MICIC, VASILIJE",37:54,24,1,4,4,10,10,10,1,4,5,4,0,4,0,1,3,9,25,0.0
2022,RS,6,49,0,P007993   ,1.0,1.0,IST,24,"M'BAYE, AMATH",24:50,2,1,1,0,1,0,0,0,2,2,1,1,0,1,0,3,0,3,-6.0
2022,RS,6,49,0,P002084   ,0.0,1.0,IST,33,"POLONARA, ACHILLE",15:14,2,1,1,0,0,0,0,0,1,1,0,0,0,0,0,3,2,2,3.0
2022,RS,6,49,0,P004554   ,0.0,0.0,IST,41,"ZIZIC, ANTE",16:14,11,5,6,0,0,1,2,1,1,2,0,0,1,1,1,3,1,8,-5.0
2022,RS,6,49,0,P003048   ,0.0,0.0,IST,42,"DUNSTON, BRYANT",08:13,4,2,3,0,1,0,0,1,0,1,0,0,1,0,0,1,0,1,1.0
2022,RS,6,49,0,Team,0.0,0.0,IST,,Team,,0,0,0,0,0,0,0,2,1,3,0,0,1,0,0,0,0,2,
2022,RS,6,49,0,Total,,,IST,,Total,200:00,78,22,36,6,24,16,19,10,25,35,13,3,10,3,3,22,21,83,
2022,RS,6,50,1,P011218   ,1.0,1.0,ZAL,2,"EVANS, KEENAN",27:20,15,0,3,5,8,0,0,0,4,4,4,0,3,0,0,1,4,17,-4.0
2022,RS,6,50,1,P003210   ,0.0,1.0,ZAL,4,"LEKAVICIUS, LUKAS",13:23,4,2,4,0,1,0,0,0,1,1,3,0,1,0,0,1,2,5,12.0
2022,RS,6,50,1,P010390   ,0.0,0.0,ZAL,8,"HAYES, KEVARRIUS",20:39,2,1,5,0,0,0,0,3,1,4,2,0,1,1,0,3,2,3,1.0
2022,RS,6,50,1,PJBX      ,0.0,0.0,ZAL,9,"KALNIETIS, MANTAS",DNP,0,0,0,0,0,0,0,0,0,0,0,0,0,0,0,0,0,0,0.0
2022,RS,6,50,1,P007109   ,1.0,1.0,ZAL,10,"SMITS, ROLANDS",25:02,14,4,6,2,4,0,0,5,2,7,1,1,2,0,0,2,2,17,12.0
2022,RS,6,50,1,P005504   ,1.0,0.0,ZAL,15,"BIRUTIS, LAURYNAS",04:59,2,1,2,0,0,0,0,2,1,3,1,0,2,2,1,1,0,3,-5.0
2022,RS,6,50,1,P006158   ,0.0,0.0,ZAL,16,"LUKOSIUNAS, KAROLIS",14:41,6,0,1,2,4,0,0,0,0,0,1,0,1,0,0,2,0,1,7.0
2022,RS,6,50,1,P011983   ,1.0,1.0,ZAL,17,"BRAZDEIKIS, IGNAS",26:54,14,4,10,1,2,3,3,0,3,3,2,0,1,0,2,2,2,9,9.0
2022,RS,6,50,1,P003211   ,0.0,0.0,ZAL,33,"DIMSA, TOMAS",03:31,0,0,1,0,0,0,0,0,0,0,0,0,0,0,0,0,0,-1,-2.0
2022,RS,6,50,1,P009601   ,0.0,0.0,ZAL,34,"CAVANAUGH, TYLER",16:21,6,0,2,2,2,0,0,0,1,1,1,0,0,0,0,3,2,5,-4.0
2022,RS,6,50,1,P002676   ,0.0,0.0,ZAL,51,"BUTKEVICIUS, ARNAS",25:05,4,1,3,0,4,2,2,0,3,3,3,2,1,1,1,2,1,4,6.0
2022,RS,6,50,1,P002329   ,1.0,1.0,ZAL,92,"ULANOVAS, EDGARAS",22:05,21,2,2,4,5,5,5,1,2,3,0,1,2,0,0,2,3,23,3.0
2022,RS,6,50,1,Team,0.0,0.0,ZAL,,Team,,0,0,0,0,0,0,0,4,2,6,0,0,0,0,0,0,0,6,
2022,RS,6,50,1,Total,,,ZAL,,Total,200:00,88,15,39,16,30,10,10,15,20,35,18,4,14,4,4,19,18,92,
2022,RS,6,50,0,P008384   ,0.0,0.0,BER,1,"PROCIDA, GABRIELE",14:40,11,1,1,3,5,0,0,2,4,6,1,0,0,0,0,0,1,17,3.0
2022,RS,6,50,0,P011192   ,0.0,1.0,BER,3,"SMITH, JALEEN",21:12,14,3,6,2,6,2,2,2,4,6,3,0,2,0,0,0,2,16,-5.0
2022,RS,6,50,0,P008211   ,1.0,0.0,BER,6,"DELOW, MALTE",14:26,0,0,1,0,0,0,0,0,3,3,1,1,0,1,1,1,0,3,0.0
2022,RS,6,50,0,P011934   ,0.0,1.0,BER,7,"WETZELL, YANNI",13:02,7,3,4,0,0,1,4,0,3,3,0,0,0,0,0,3,2,5,-5.0
2022,RS,6,50,0,P006251   ,0.0,0.0,BER,10,"SCHNEIDER, TIM",DNP,0,0,0,0,0,0,0,0,0,0,0,0,0,0,0,0,0,0,0.0
2022,RS,6,50,0,P006919   ,1.0,1.0,BER,19,"OLINDE, LOUIS",23:32,10,0,1,2,2,4,4,0,5,5,1,2,2,1,1,2,5,18,-11.0
2022,RS,6,50,0,P010791   ,1.0,0.0,BER,21,"KOUMADJE, CHRIST",14:40,6,3,6,0,0,0,0,1,0,1,1,0,0,0,1,2,0,2,-7.0
2022,RS,6,50,0,P003958   ,0.0,0.0,BER,32,"THIEMANN, JOHANNES",16:47,8,2,3,1,1,1,2,0,1,1,3,0,2,0,1,1,4,10,-5.0
2022,RS,6,50,0,P006589   ,1.0,1.0,BER,43,"SIKMA, LUKE",23:13,4,2,2,0,3,0,0,0,1,1,8,0,3,0,0,3,1,5,-2.0
2022,RS,6,50,0,P010385   ,0.0,0.0,BER,44,"LAMMERS, BEN",12:18,4,1,3,0,0,2,2,0,1,1,0,1,0,2,0,2,1,5,5.0
2022,RS,6,50,0,P011193   ,1.0,1.0,BER,45,"BLATT, TAMIR",25:15,12,0,1,4,9,0,0,0,0,0,8,0,4,0,0,0,1,11,-9.0
2022,RS,6,50,0,P006625   ,0.0,0.0,BER,50,"ZOOSMAN, YOVEL",20:55,5,0,1,1,2,2,2,2,1,3,2,0,1,0,0,4,2,5,1.0
2022,RS,6,50,0,Team,0.0,0.0,BER,,Team,,0,0,0,0,0,0,0,3,0,3,0,0,0,0,0,0,0,3,
2022,RS,6,50,0,Total,,,BER,,Total,200:00,81,15,29,13,28,12,16,10,23,33,28,4,14,4,4,18,19,100,
2022,RS,6,51,1,P011244   ,0.0,0.0,BAR,1,"DA SILVA, OSCAR",DNP,0,0,0,0,0,0,0,0,0,0,0,0,0,0,0,0,0,0,0.0
2022,RS,6,51,1,P003204   ,0.0,0.0,BAR,3,"PAULI, ORIOL",00:24,0,0,0,0,0,0,0,0,0,0,0,0,0,0,0,1,0,-1,2.0
2022,RS,6,51,1,P002968   ,1.0,1.0,BAR,5,"SANLI, SERTAC",22:39,6,3,4,0,4,0,0,2,3,5,1,0,1,1,0,3,2,6,0.0
2022,RS,6,51,1,P000925   ,0.0,0.0,BAR,6,"VESELY, JAN",15:54,4,2,5,0,0,0,0,0,3,3,3,1,0,0,0,0,1,9,-10.0
2022,RS,6,51,1,P004866   ,1.0,1.0,BAR,10,"KALINIC, NIKOLA",28:19,14,3,5,2,4,2,2,2,0,2,3,0,1,0,2,2,2,12,3.0
2022,RS,6,51,1,P002939   ,1.0,0.0,BAR,13,"SATORANSKY, TOMAS",18:48,2,1,2,0,0,0,0,3,2,5,2,2,2,0,0,4,1,5,-7.0
2022,RS,6,51,1,P006435   ,1.0,1.0,BAR,20,"LAPROVITTOLA, NICOLAS",26:46,26,2,3,5,8,7,9,1,0,1,7,2,3,0,0,4,5,28,13.0
2022,RS,6,51,1,P003478   ,0.0,1.0,BAR,21,"ABRINES, ALEX",16:06,1,0,0,0,5,1,2,1,1,2,0,0,0,0,0,1,1,-3,-7.0
2022,RS,6,51,1,P006450   ,0.0,0.0,BAR,22,"HIGGINS, CORY",08:10,3,1,3,0,1,1,1,0,1,1,0,1,0,0,0,3,3,2,-3.0
2022,RS,6,51,1,P008966   ,1.0,0.0,BAR,23,"TOBEY, MIKE",29:56,13,5,6,1,2,0,0,1,6,7,1,1,1,1,0,0,2,22,9.0
2022,RS,6,51,1,P007519   ,0.0,1.0,BAR,31,"JOKUBAITIS, ROKAS",23:15,8,2,4,0,1,4,4,0,2,2,1,1,2,0,0,1,3,9,2.0
2022,RS,6,51,1,P010641   ,0.0,0.0,BAR,46,"NNAJI, JAMES",09:43,4,2,2,0,0,0,0,0,2,2,0,0,1,1,0,3,1,4,3.0
2022,RS,6,51,1,Team,0.0,0.0,BAR,,Team,,0,0,0,0,0,0,0,0,1,1,0,0,1,0,0,0,0,0,
2022,RS,6,51,1,Total,,,BAR,,Total,200:00,81,21,34,8,25,15,18,10,21,31,18,8,12,3,2,22,21,93,
2022,RS,6,51,0,P011157   ,1.0,1.0,ULK,0,"MOTLEY, JOHNATHAN",25:33,23,9,12,0,0,5,5,2,5,7,1,0,2,1,1,4,4,26,21.0
2022,RS,6,51,0,P003091   ,0.0,0.0,ULK,1,"BIRSEN, METECAN",07:15,2,0,1,0,1,2,2,1,1,2,0,0,0,0,1,1,2,2,-4.0
2022,RS,6,51,0,P011201   ,0.0,1.0,ULK,2,"HAZER, SEHMUS",08:53,6,2,3,0,0,2,2,2,1,3,1,0,0,0,0,1,2,10,14.0
2022,RS,6,51,0,P006661   ,1.0,0.0,ULK,3,"WILBEKIN, SCOTTIE",21:23,6,3,3,0,4,0,0,0,2,2,4,0,0,0,0,2,3,9,-3.0
2022,RS,6,51,0,P011987   ,0.0,0.0,ULK,4,"EDWARDS, CARSEN",06:42,2,1,3,0,0,0,0,0,0,0,0,0,2,0,0,1,0,-3,-14.0
2022,RS,6,51,0,P002969   ,0.0,0.0,ULK,10,"MAHMUTOGLU, MELIH",12:19,11,1,1,3,5,0,0,0,0,0,0,0,0,0,0,1,1,9,12.0
2022,RS,6,51,0,P008962   ,1.0,1.0,ULK,11,"HAYES-DAVIS, NIGEL",19:06,3,0,0,0,1,3,4,1,2,3,1,1,0,0,0,0,2,8,-6.0
2022,RS,6,51,0,P010560   ,1.0,0.0,ULK,21,"PIERRE, DYSHAWN",17:02,0,0,1,0,1,0,0,0,2,2,0,0,0,0,0,0,0,0,-9.0
2022,RS,6,51,0,P009733   ,0.0,0.0,ULK,22,"JEKIRI, TONYE",10:38,4,2,2,0,0,0,0,1,1,2,0,0,1,0,0,3,1,3,-17.0
2022,RS,6,51,0,P004004   ,0.0,1.0,ULK,23,"GUDURIC, MARKO",24:49,11,3,6,1,3,2,2,1,2,3,3,0,3,0,0,4,4,9,-1.0
2022,RS,6,51,0,P007056   ,0.0,1.0,ULK,31,"BOOKER, DEVIN",24:58,4,1,2,0,3,2,2,0,1,1,1,0,0,1,0,3,1,1,5.0
2022,RS,6,51,0,P001932   ,1.0,0.0,ULK,33,"CALATHES, NICK",21:22,8,2,7,1,2,1,1,0,3,3,2,2,3,0,1,1,2,6,-3.0
2022,RS,6,51,0,Team,0.0,0.0,ULK,,Team,,0,0,0,0,0,0,0,3,0,3,0,0,0,0,0,0,0,3,
2022,RS,6,51,0,Total,,,ULK,,Total,200:00,80,24,41,5,20,17,18,11,20,31,13,3,11,2,3,21,22,83,
2022,RS,6,52,1,P008855   ,1.0,1.0,OLY,0,"WALKUP, THOMAS",32:09,12,2,4,2,3,2,2,1,1,2,6,2,1,0,0,1,1,18,-6.0
2022,RS,6,52,1,P010612   ,0.0,0.0,OLY,3,"CANAAN, ISAIAH",07:51,3,0,1,1,2,0,0,0,0,0,1,0,2,0,0,2,0,-2,5.0
2022,RS,6,52,1,P010392   ,0.0,0.0,OLY,5,"LARENTZAKIS, GIANNOULIS",08:25,1,0,1,0,1,1,2,1,0,1,0,1,2,0,0,3,1,-4,-2.0
2022,RS,6,52,1,P012023   ,0.0,0.0,OLY,9,"PAPAS, GEORGE",DNP,0,0,0,0,0,0,0,0,0,0,0,0,0,0,0,0,0,0,0.0
2022,RS,6,52,1,P008811   ,1.0,0.0,OLY,10,"FALL, MOUSTAPHA",20:40,10,5,5,0,0,0,0,2,4,6,0,1,1,0,0,3,1,14,3.0
2022,RS,6,52,1,P001926   ,0.0,1.0,OLY,11,"SLOUKAS, KOSTAS",25:55,11,2,5,1,2,4,6,0,1,1,6,0,3,0,0,0,7,16,1.0
2022,RS,6,52,1,P003469   ,1.0,1.0,OLY,14,"VEZENKOV, SASHA",32:38,20,7,10,2,2,0,1,0,3,3,7,2,2,0,0,2,3,27,0.0
2022,RS,6,52,1,P001255   ,1.0,1.0,OLY,16,"PAPANIKOLAOU, KOSTAS",31:30,9,0,2,3,5,0,0,1,6,7,4,2,2,1,1,2,3,17,3.0
2022,RS,6,52,1,P009035   ,0.0,0.0,OLY,21,"BOLOMBOY, JOEL",07:15,0,0,0,0,0,0,0,3,3,6,0,0,4,0,0,0,1,3,4.0
2022,RS,6,52,1,P008829   ,0.0,1.0,OLY,25,"PETERS, ALEC",07:33,3,0,2,1,1,0,0,1,3,4,0,0,0,0,1,2,0,2,-3.0
2022,RS,6,52,1,P008991   ,0.0,0.0,OLY,28,"BLACK, TARIK",11:54,9,4,4,0,0,1,2,0,1,1,0,0,1,0,0,2,2,8,-6.0
2022,RS,6,52,1,P007853   ,1.0,0.0,OLY,77,"MCKISSIC, SHAQUIELLE",14:10,4,1,2,0,3,2,2,0,0,0,0,1,2,0,0,1,2,0,-4.0
2022,RS,6,52,1,Team,0.0,0.0,OLY,,Team,,0,0,0,0,0,0,0,0,3,3,0,0,0,0,0,0,0,3,
2022,RS,6,52,1,Total,,,OLY,,Total,200:00,82,21,36,10,19,10,15,9,25,34,24,9,20,1,2,18,21,102,
2022,RS,6,52,0,P011970   ,0.0,0.0,PAM,0,"HARPER, JARED",16:57,9,1,1,1,5,4,4,0,0,0,3,1,1,0,0,2,4,10,-4.0
2022,RS,6,52,0,P000556   ,0.0,1.0,PAM,1,"CLAVER, VICTOR",18:41,7,2,2,1,2,0,0,0,0,0,1,0,1,0,0,1,1,6,1.0
2022,RS,6,52,0,P006643   ,1.0,1.0,PAM,2,"PUERTO, JOSEP",16:17,3,0,2,1,2,0,0,0,4,4,1,0,0,1,0,1,0,5,-5.0
2022,RS,6,52,0,P002661   ,1.0,0.0,PAM,3,"PREPELIC, KLEMEN",25:59,5,1,2,1,6,0,0,0,0,0,6,2,2,0,1,2,2,4,9.0
2022,RS,6,52,0,P010393   ,0.0,0.0,PAM,4,"PRADILLA, JAIME",06:51,0,0,0,0,0,0,0,0,1,1,0,1,0,0,0,0,0,2,-6.0
2022,RS,6,52,0,P011971   ,1.0,1.0,PAM,5,"WEBB III, JAMES",21:38,9,3,4,1,1,0,1,2,3,5,3,1,0,1,0,4,2,15,6.0
2022,RS,6,52,0,P005356   ,0.0,1.0,PAM,6,"LOPEZ-AROSTEGUI, XABI",18:23,4,1,2,0,1,2,2,1,1,2,3,2,2,0,0,2,3,8,-4.0
2022,RS,6,52,0,P010568   ,1.0,0.0,PAM,7,"JONES, CHRIS",24:48,17,1,6,3,5,6,7,0,3,3,7,3,2,0,0,1,4,23,7.0
2022,RS,6,52,0,P011972   ,0.0,0.0,PAM,12,"RADEBAUGH, JONAH",09:42,2,1,2,0,0,0,0,0,1,1,0,1,1,0,0,5,0,-3,-4.0
2022,RS,6,52,0,P002742   ,1.0,0.0,PAM,14,"DUBLJEVIC, BOJAN",21:53,17,4,4,3,7,0,0,1,2,3,0,0,1,0,0,2,0,13,11.0
2022,RS,6,52,0,P009105   ,0.0,0.0,PAM,16,"JIMENEZ, MILLAN",DNP,0,0,0,0,0,0,0,0,0,0,0,0,0,0,0,0,0,0,0.0
2022,RS,6,52,0,P011973   ,0.0,1.0,PAM,21,"ALEXANDER, KYLE",18:51,10,5,7,0,0,0,0,0,1,1,0,1,1,0,0,1,2,10,-6.0
2022,RS,6,52,0,Team,0.0,0.0,PAM,,Team,,0,0,0,0,0,0,0,2,1,3,0,0,1,0,0,0,0,2,
2022,RS,6,52,0,Total,,,PAM,,Total,200:00,83,19,32,11,29,12,14,6,17,23,24,12,12,2,1,21,18,95,
2022,RS,6,53,1,P011948   ,0.0,1.0,BAS,0,"HOWARD, MARKUS",22:24,23,4,4,4,10,3,4,0,2,2,2,2,6,0,1,2,2,15,22.0
2022,RS,6,53,1,P008850   ,1.0,1.0,BAS,2,"RAIESTE, SANDER",19:15,7,2,2,1,3,0,0,1,0,1,2,1,1,0,0,4,0,4,10.0
2022,RS,6,53,1,P006754   ,0.0,0.0,BAS,7,"HENRY, PIERRIA",14:48,2,1,1,0,0,0,0,0,2,2,8,1,2,0,0,4,2,9,10.0
2022,RS,6,53,1,P007230   ,0.0,0.0,BAS,8,"SEDEKERSKIS, TADAS",18:11,5,1,4,1,2,0,0,2,4,6,0,0,1,0,1,1,0,4,10.0
2022,RS,6,53,1,P004761   ,0.0,0.0,BAS,9,"MARINKOVIC, VANJA",18:28,14,2,2,3,6,1,1,3,1,4,2,0,2,0,0,1,1,15,14.0
2022,RS,6,53,1,P003198   ,0.0,1.0,BAS,11,"DIEZ, DANIEL",03:09,0,0,0,0,0,0,0,0,1,1,1,0,0,0,0,0,0,2,0.0
2022,RS,6,53,1,P011078   ,1.0,0.0,BAS,13,"THOMPSON, DARIUS",22:03,15,2,3,3,5,2,2,1,2,3,8,0,2,0,0,0,3,24,19.0
2022,RS,6,53,1,P004603   ,1.0,1.0,BAS,21,"KOTSAR, MAIK",21:00,18,7,9,0,0,4,6,1,1,2,1,0,2,0,1,1,4,17,11.0
2022,RS,6,53,1,P010444   ,0.0,0.0,BAS,24,"COSTELLO, MATTHEW",18:56,9,3,4,1,1,0,0,2,4,6,1,0,0,1,1,3,2,14,15.0
2022,RS,6,53,1,P006436   ,1.0,0.0,BAS,31,"GIEDRAITIS, ROKAS",19:57,13,3,4,1,3,4,5,2,2,4,5,1,0,0,0,1,3,21,17.0
2022,RS,6,53,1,P011949   ,1.0,0.0,BAS,34,"HOMMES, DAULTON",18:40,8,2,2,1,3,1,1,2,4,6,0,1,0,1,0,2,2,14,17.0
2022,RS,6,53,1,P007265   ,0.0,1.0,BAS,47,"KURUCS, ARTURS",03:09,2,1,1,0,0,0,0,0,0,0,0,0,0,0,0,0,1,3,0.0
2022,RS,6,53,1,Team,0.0,0.0,BAS,,Team,,0,0,0,0,0,0,0,2,0,2,0,0,0,0,0,0,0,2,
2022,RS,6,53,1,Total,,,BAS,,Total,200:00,116,28,36,15,33,15,19,16,23,39,30,6,16,2,4,19,20,144,
2022,RS,6,53,0,P012056   ,0.0,0.0,TEL,3,"ADAMS, JALEN",14:09,8,1,1,1,2,3,3,0,0,0,0,0,2,1,0,2,2,6,-22.0
2022,RS,6,53,0,P009622   ,1.0,0.0,TEL,4,"BROWN, LORENZO",27:25,20,7,12,2,5,0,0,2,0,2,2,2,2,0,1,2,2,15,-24.0
2022,RS,6,53,0,P009863   ,1.0,0.0,TEL,5,"BALDWIN IV, WADE",28:52,13,2,6,3,6,0,0,0,1,1,7,1,1,0,0,2,4,16,-17.0
2022,RS,6,53,0,P004233   ,0.0,0.0,TEL,8,"MENCO, RAFI",02:48,0,0,0,0,0,0,0,0,1,1,0,0,0,0,0,1,0,0,-3.0
2022,RS,6,53,0,P011219   ,0.0,1.0,TEL,9,"SORKIN, ROMAN",11:04,2,1,2,0,0,0,0,0,0,0,0,0,1,1,0,1,1,1,-10.0
2022,RS,6,53,0,P007990   ,0.0,1.0,TEL,12,"DIBARTOLOMEO, JOHN",18:09,5,0,1,1,1,2,2,2,0,2,1,0,0,0,0,2,3,8,-5.0
2022,RS,6,53,0,P008989   ,0.0,1.0,TEL,13,"HILLIARD, DARRUN",13:39,3,0,0,1,2,0,0,1,1,2,2,2,1,0,0,1,0,6,-5.0
2022,RS,6,53,0,P005145   ,0.0,1.0,TEL,15,"COHEN, JAKE",04:55,2,1,1,0,0,0,0,0,1,1,0,2,0,0,0,0,0,5,-1.0
2022,RS,6,53,0,P009917   ,1.0,0.0,TEL,20,"HOLLINS, AUSTIN",07:14,0,0,0,0,3,0,0,0,0,0,0,0,1,0,0,1,0,-5,-14.0
2022,RS,6,53,0,P009960   ,1.0,0.0,TEL,22,"POYTHRESS, ALEX",21:09,8,4,9,0,1,0,0,3,0,3,3,0,2,0,1,4,1,2,-26.0
2022,RS,6,53,0,P011199   ,1.0,0.0,TEL,32,"NEBO, JOSH",25:02,16,7,10,0,0,2,2,2,3,5,1,1,0,0,0,1,2,21,-10.0
2022,RS,6,53,0,P009783   ,0.0,1.0,TEL,50,"COLSON, BONZIE",25:34,10,1,2,2,6,2,4,0,5,5,0,2,1,2,0,3,4,12,-8.0
2022,RS,6,53,0,Team,0.0,0.0,TEL,,Team,,0,0,0,0,0,0,0,3,2,5,0,0,2,0,0,0,0,3,
2022,RS,6,53,0,Total,,,TEL,,Total,200:00,87,24,44,10,26,9,11,13,14,27,16,10,13,4,2,20,19,90,
2022,RS,6,54,1,P009549   ,0.0,0.0,VIR,0,"CORDINIER, ISAIA",04:08,5,1,2,1,1,0,0,0,0,0,0,1,1,0,0,1,0,3,-2.0
2022,RS,6,54,1,PBCN      ,0.0,0.0,VIR,3,"BELINELLI, MARCO",04:06,0,0,1,0,1,0,0,0,0,0,0,0,0,0,0,0,0,-2,-3.0
2022,RS,6,54,1,P006739   ,0.0,0.0,VIR,6,"PAJOLA, ALESSANDRO",20:24,0,0,0,0,0,0,0,1,1,2,2,3,0,0,0,3,1,5,9.0
2022,RS,6,54,1,P004655   ,0.0,0.0,VIR,7,"BAKO, ISMAEL",15:15,12,3,4,0,0,6,6,3,3,6,0,1,1,1,0,1,3,20,9.0
2022,RS,6,54,1,P002581   ,1.0,0.0,VIR,14,"JAITEH, MAM",21:56,8,4,4,0,0,0,0,1,0,1,0,0,1,1,0,3,0,6,-10.0
2022,RS,6,54,1,P010781   ,1.0,1.0,VIR,19,"LUNDBERG, IFFE",23:10,13,1,3,3,5,2,4,1,2,3,2,0,3,0,0,1,4,12,-11.0
2022,RS,6,54,1,P001133   ,0.0,1.0,VIR,21,"SHENGELIA, TORNIKE",16:38,7,2,6,1,1,0,0,0,3,3,1,0,3,0,1,1,2,4,3.0
2022,RS,6,54,1,P001844   ,1.0,1.0,VIR,23,"HACKETT, DANIEL",19:36,2,1,3,0,3,0,0,0,3,3,4,0,2,0,0,3,1,0,-14.0
2022,RS,6,54,1,P008847   ,1.0,0.0,VIR,25,"MICKEY, JORDAN",17:22,3,0,1,1,1,0,0,0,0,0,0,0,0,1,0,2,1,2,-11.0
2022,RS,6,54,1,P006592   ,0.0,0.0,VIR,34,"WEEMS, KYLE",14:39,4,1,2,0,2,2,2,0,2,2,4,1,2,1,0,2,1,6,12.0
2022,RS,6,54,1,P011982   ,1.0,1.0,VIR,37,"OJELEYE, SEMI",26:05,11,5,7,0,1,1,1,3,5,8,1,0,1,0,1,0,2,17,-14.0
2022,RS,6,54,1,PJDR      ,0.0,1.0,VIR,44,"TEODOSIC, MILOS",16:41,14,1,1,3,7,3,3,0,1,1,3,0,1,0,0,1,3,15,7.0
2022,RS,6,54,1,Team,0.0,0.0,VIR,,Team,,0,0,0,0,0,0,0,0,2,2,0,0,2,0,0,0,0,0,
2022,RS,6,54,1,Total,,,VIR,,Total,200:00,79,19,34,9,22,14,16,9,22,31,17,6,17,4,2,18,18,88,
2022,RS,6,54,0,P011936   ,0.0,1.0,ASV,0,"MATHEWS, JONAH",18:46,16,1,2,4,6,2,2,0,1,1,0,2,1,0,0,2,1,14,-2.0
2022,RS,6,54,0,P011937   ,0.0,0.0,ASV,1,"POLITE, ANTHONY",05:12,0,0,0,0,0,0,0,0,2,2,1,0,0,0,0,1,0,2,-3.0
2022,RS,6,54,0,P006068   ,1.0,1.0,ASV,2,"NOUA, AMINE",26:19,14,4,5,2,5,0,0,0,2,2,2,0,1,1,1,0,1,14,6.0
2022,RS,6,54,0,PKIR      ,0.0,1.0,ASV,5,"KAHUDI, CHARLES",14:05,4,2,3,0,2,0,0,0,1,1,0,1,1,0,0,1,1,2,2.0
2022,RS,6,54,0,P004119   ,0.0,0.0,ASV,9,"TYUS, ALEX",15:41,4,1,3,0,0,2,2,0,2,2,0,1,1,1,2,1,1,3,-9.0
2022,RS,6,54,0,P002100   ,1.0,0.0,ASV,12,"DE COLO, NANDO",27:18,12,4,7,0,2,4,4,0,0,0,5,3,2,0,0,2,5,16,10.0
2022,RS,6,54,0,P006568   ,1.0,0.0,ASV,19,"FALL, YOUSSOUPHA",24:03,10,4,5,0,0,2,2,2,5,7,1,0,2,0,0,4,4,15,12.0
2022,RS,6,54,0,P003526   ,1.0,1.0,ASV,23,"LIGHTY, DAVID",31:11,16,3,3,3,4,1,1,1,3,4,4,3,1,0,0,1,1,25,11.0
2022,RS,6,54,0,P011938   ,1.0,1.0,ASV,32,"OBASOHAN, RETIN",22:26,6,1,3,1,2,1,1,0,1,1,2,2,2,0,0,3,2,5,-5.0
2022,RS,6,54,0,P011939   ,0.0,0.0,ASV,33,"JACKSON-CARTWRIGHT, PARKER",14:51,2,1,6,0,2,0,0,0,2,2,3,0,2,0,1,3,2,-4,2.0
2022,RS,6,54,0,P006832   ,0.0,0.0,ASV,35,"PONS, YVES",00:08,0,0,0,0,0,0,0,0,0,0,0,0,0,0,0,0,0,0,1.0
2022,RS,6,54,0,Team,0.0,0.0,ASV,,Team,,0,0,0,0,0,0,0,1,1,2,0,0,0,0,0,0,0,2,
2022,RS,6,54,0,Total,,,ASV,,Total,200:00,84,21,37,10,23,12,12,4,20,24,18,12,13,2,4,18,18,94,
2022,RS,7,55,1,P008384   ,0.0,1.0,BER,1,"PROCIDA, GABRIELE",20:14,2,1,2,0,2,0,0,0,3,3,0,0,0,0,0,1,2,3,-16.0
2022,RS,7,55,1,P011192   ,0.0,1.0,BER,3,"SMITH, JALEEN",24:01,20,2,6,4,6,4,6,0,2,2,1,0,3,0,1,0,4,15,-5.0
2022,RS,7,55,1,P008211   ,1.0,1.0,BER,6,"DELOW, MALTE",22:55,13,5,5,1,3,0,1,2,0,2,2,2,4,0,0,2,1,11,12.0
2022,RS,7,55,1,P011934   ,0.0,1.0,BER,7,"WETZELL, YANNI",16:10,4,2,4,0,0,0,0,1,4,5,2,0,1,3,0,3,1,9,13.0
2022,RS,7,55,1,P006251   ,0.0,0.0,BER,10,"SCHNEIDER, TIM",05:07,0,0,0,0,0,0,0,0,1,1,0,0,1,0,0,0,0,0,-14.0
2022,RS,7,55,1,P010791   ,1.0,0.0,BER,21,"KOUMADJE, CHRIST",09:11,3,1,1,0,0,1,2,0,2,2,0,0,1,1,0,1,1,4,-11.0
2022,RS,7,55,1,P011631   ,0.0,0.0,BER,25,"RAPIEQUE, ELIAS",DNP,0,0,0,0,0,0,0,0,0,0,0,0,0,0,0,0,0,0,0.0
2022,RS,7,55,1,P003958   ,0.0,0.0,BER,32,"THIEMANN, JOHANNES",19:01,9,3,3,0,0,3,6,0,2,2,0,0,1,1,0,3,4,9,-23.0
2022,RS,7,55,1,P006589   ,1.0,1.0,BER,43,"SIKMA, LUKE",24:42,12,5,6,0,0,2,2,0,7,7,9,1,4,0,0,4,7,27,22.0
2022,RS,7,55,1,P010385   ,0.0,0.0,BER,44,"LAMMERS, BEN",10:56,4,2,4,0,0,0,0,0,1,1,0,0,0,0,0,4,0,-1,-5.0
2022,RS,7,55,1,P011193   ,1.0,0.0,BER,45,"BLATT, TAMIR",23:36,3,0,2,1,8,0,0,0,3,3,5,0,1,0,1,0,1,1,9.0
2022,RS,7,55,1,P006625   ,1.0,0.0,BER,50,"ZOOSMAN, YOVEL",24:07,7,2,4,1,1,0,2,2,2,4,1,1,0,2,0,2,3,12,8.0
2022,RS,7,55,1,Team,0.0,0.0,BER,,Team,,0,0,0,0,0,0,0,0,4,4,0,0,0,0,0,0,0,4,
2022,RS,7,55,1,Total,,,BER,,Total,200:00,77,23,37,7,20,10,19,5,31,36,20,4,16,7,2,20,24,94,
2022,RS,7,55,0,P010391   ,1.0,1.0,MUN,0,"WEILER-BABB, NICK",23:52,4,0,2,1,5,1,2,0,4,4,0,0,1,0,1,4,1,-4,-2.0
2022,RS,7,55,0,P009866   ,0.0,1.0,MUN,2,"WALDEN, COREY",23:16,12,2,2,2,5,2,2,0,1,1,6,2,1,1,0,2,1,17,21.0
2022,RS,7,55,0,P011940   ,1.0,0.0,MUN,5,"WINSTON, CASSIUS",13:13,4,1,6,0,2,2,2,0,3,3,3,2,0,1,1,1,2,6,-12.0
2022,RS,7,55,0,P001557   ,0.0,1.0,MUN,7,"GIFFEY, NIELS",16:28,3,0,1,1,2,0,0,0,4,4,0,0,0,0,0,1,0,4,12.0
2022,RS,7,55,0,P005160   ,0.0,1.0,MUN,8,"HUNTER, OTHELLO",13:20,10,3,5,1,1,1,1,2,1,3,1,0,0,0,2,2,1,9,14.0
2022,RS,7,55,0,P006760   ,1.0,0.0,MUN,9,"BONGA, ISAAC",08:10,3,1,4,0,2,1,2,1,2,3,0,0,1,0,0,2,2,-1,1.0
2022,RS,7,55,0,P001288   ,1.0,1.0,MUN,11,"LUCIC, VLADIMIR",28:14,5,0,2,1,3,2,2,2,1,3,0,0,1,0,1,3,2,1,-16.0
2022,RS,7,55,0,P004508   ,0.0,0.0,MUN,13,"OBST, ANDREAS",21:18,14,0,1,4,6,2,2,0,1,1,2,0,2,0,0,3,2,11,-10.0
2022,RS,7,55,0,P005478   ,0.0,0.0,MUN,17,"WIMBERG, NIKLAS",DNP,0,0,0,0,0,0,0,0,0,0,0,0,0,0,0,0,0,0,0.0
2022,RS,7,55,0,P005460   ,0.0,0.0,MUN,20,"HARRIS, ELIAS",08:56,4,2,3,0,0,0,0,0,1,1,0,0,1,0,0,3,0,0,6.0
2022,RS,7,55,0,P006477   ,0.0,0.0,MUN,21,"RUBIT, AUGUSTINE",26:40,14,2,5,1,1,7,8,0,1,1,1,2,2,0,1,1,5,15,7.0
2022,RS,7,55,0,P011941   ,1.0,0.0,MUN,33,"GILLESPIE, FREDDIE",16:33,6,3,6,0,0,0,2,4,0,4,0,3,1,0,1,2,4,8,-11.0
2022,RS,7,55,0,Team,0.0,0.0,MUN,,Team,,0,0,0,0,0,0,0,1,4,5,0,0,0,0,0,0,0,5,
2022,RS,7,55,0,Total,,,MUN,,Total,200:00,79,14,37,11,27,18,23,10,23,33,13,9,10,2,7,24,20,71,
2022,RS,7,56,1,P008855   ,1.0,1.0,OLY,0,"WALKUP, THOMAS",14:24,0,0,0,0,0,0,0,0,3,3,4,0,1,0,0,3,0,3,11.0
2022,RS,7,56,1,P010612   ,1.0,0.0,OLY,3,"CANAAN, ISAIAH",18:10,10,2,5,2,4,0,1,0,1,1,0,2,2,0,1,0,2,6,8.0
2022,RS,7,56,1,P006302   ,0.0,1.0,OLY,4,"LOUNTZIS, MICHALIS",11:18,1,0,1,0,1,1,2,0,0,0,1,3,1,0,0,1,1,1,16.0
2022,RS,7,56,1,P010392   ,0.0,0.0,OLY,5,"LARENTZAKIS, GIANNOULIS",13:33,14,2,3,3,5,1,3,0,1,1,1,2,0,0,0,4,4,13,14.0
2022,RS,7,56,1,P008811   ,1.0,0.0,OLY,10,"FALL, MOUSTAPHA",23:05,6,3,5,0,0,0,0,1,3,4,3,1,0,1,1,2,2,12,16.0
2022,RS,7,56,1,P001926   ,0.0,0.0,OLY,11,"SLOUKAS, KOSTAS",26:08,17,3,6,3,4,2,2,0,1,1,8,0,2,0,0,1,6,25,24.0
2022,RS,7,56,1,P003469   ,1.0,1.0,OLY,14,"VEZENKOV, SASHA",30:18,15,4,6,2,4,1,1,4,3,7,4,1,1,0,0,0,3,25,21.0
2022,RS,7,56,1,P001255   ,1.0,0.0,OLY,16,"PAPANIKOLAOU, KOSTAS",16:09,10,2,2,2,3,0,0,0,1,1,2,0,1,0,0,4,0,7,9.0
2022,RS,7,56,1,P009035   ,0.0,1.0,OLY,21,"BOLOMBOY, JOEL",16:55,4,2,3,0,0,0,0,0,2,2,0,2,0,0,1,1,0,5,13.0
2022,RS,7,56,1,P008829   ,0.0,1.0,OLY,25,"PETERS, ALEC",20:00,10,2,3,2,5,0,0,1,4,5,0,1,2,1,0,1,1,11,14.0
2022,RS,7,56,1,P008991   ,0.0,0.0,OLY,28,"BLACK, TARIK",DNP,0,0,0,0,0,0,0,0,0,0,0,0,0,0,0,0,0,0,0.0
2022,RS,7,56,1,P007853   ,0.0,0.0,OLY,77,"MCKISSIC, SHAQUIELLE",10:00,0,0,0,0,1,0,0,0,0,0,1,0,0,0,0,1,0,-1,-1.0
2022,RS,7,56,1,Team,0.0,0.0,OLY,,Team,,0,0,0,0,0,0,0,2,2,4,0,0,1,0,0,0,0,3,
2022,RS,7,56,1,Total,,,OLY,,Total,200:00,87,20,34,14,27,5,9,8,21,29,24,12,11,2,3,18,19,110,
2022,RS,7,56,0,P009212   ,0.0,0.0,PAR,1,"VUKCEVIC, TRISTAN",10:36,0,0,1,0,0,0,0,0,2,2,2,0,1,2,0,4,0,0,1.0
2022,RS,7,56,0,P008987   ,1.0,1.0,PAR,2,"LEDAY, ZACH",30:37,6,3,5,0,2,0,0,1,4,5,0,0,3,1,1,1,3,6,-32.0
2022,RS,7,56,0,P009862   ,1.0,0.0,PAR,7,"PUNTER, KEVIN",33:26,14,5,6,1,7,1,2,0,0,0,2,4,2,0,0,4,4,10,-26.0
2022,RS,7,56,0,P005161   ,0.0,1.0,PAR,10,"PAPAPETROU, IOANNIS",29:20,12,3,6,2,2,0,0,1,3,4,1,0,1,0,0,1,2,14,-12.0
2022,RS,7,56,0,P010307   ,0.0,1.0,PAR,13,"JOVANOVIC, DORDIJE",01:23,0,0,0,0,0,0,0,0,0,0,0,0,0,0,0,0,0,0,-1.0
2022,RS,7,56,0,P007400   ,1.0,1.0,PAR,21,"NUNNALLY, JAMES",36:26,14,3,4,2,5,2,3,3,3,6,3,0,4,0,1,4,3,12,-24.0
2022,RS,7,56,0,P011261   ,0.0,0.0,PAR,24,"GLAS, GREGOR",07:54,0,0,0,0,1,0,0,0,0,0,1,0,4,0,0,2,0,-6,-9.0
2022,RS,7,56,0,P003842   ,1.0,1.0,PAR,26,"LESSORT, MATHIAS",35:25,10,5,7,0,0,0,0,1,5,6,1,1,1,0,0,1,5,19,-25.0
2022,RS,7,56,0,P011052   ,1.0,0.0,PAR,41,"MADAR, YAM",14:53,2,1,5,0,3,0,0,1,0,1,2,1,2,0,0,2,0,-5,-17.0
2022,RS,7,56,0,Team,0.0,0.0,PAR,,Team,,0,0,0,0,0,0,0,2,4,6,0,0,2,0,0,0,0,4,
2022,RS,7,56,0,Total,,,PAR,,Total,200:00,58,20,34,5,20,3,5,9,21,30,12,6,20,3,2,19,17,54,
2022,RS,7,57,1,P011936   ,1.0,1.0,ASV,0,"MATHEWS, JONAH",27:54,15,4,7,2,3,1,1,0,1,1,0,1,0,0,1,3,2,11,-11.0
2022,RS,7,57,1,P006068   ,1.0,1.0,ASV,2,"NOUA, AMINE",24:22,12,2,4,2,6,2,2,0,0,0,1,0,2,0,1,1,2,5,-8.0
2022,RS,7,57,1,PKIR      ,0.0,0.0,ASV,5,"KAHUDI, CHARLES",15:38,6,1,4,0,1,4,5,1,1,2,0,0,0,0,0,1,2,4,-9.0
2022,RS,7,57,1,PTFK      ,0.0,0.0,ASV,8,"DIOT, ANTOINE",DNP,0,0,0,0,0,0,0,0,0,0,0,0,0,0,0,0,0,0,0.0
2022,RS,7,57,1,P004119   ,0.0,0.0,ASV,9,"TYUS, ALEX",10:50,1,0,2,0,0,1,2,1,0,1,0,0,0,1,0,2,1,-1,-7.0
2022,RS,7,57,1,P010718   ,0.0,0.0,ASV,10,"RISACHER, ZACCHARIE",06:54,5,1,1,1,1,0,0,1,0,1,0,1,1,0,0,3,0,3,0.0
2022,RS,7,57,1,P002100   ,0.0,0.0,ASV,12,"DE COLO, NANDO",20:53,11,4,7,0,3,3,5,0,0,0,4,1,1,0,2,0,6,11,-11.0
2022,RS,7,57,1,P006568   ,1.0,0.0,ASV,19,"FALL, YOUSSOUPHA",21:33,7,3,6,0,0,1,1,3,4,7,1,0,1,1,0,4,2,10,3.0
2022,RS,7,57,1,P003526   ,1.0,1.0,ASV,23,"LIGHTY, DAVID",30:07,9,4,8,0,0,1,1,1,1,2,0,1,2,0,1,3,4,6,-13.0
2022,RS,7,57,1,P011938   ,0.0,1.0,ASV,32,"OBASOHAN, RETIN",17:41,2,1,2,0,1,0,0,1,0,1,2,3,0,0,0,3,1,4,-19.0
2022,RS,7,57,1,P011939   ,1.0,1.0,ASV,33,"JACKSON-CARTWRIGHT, PARKER",18:27,8,1,5,2,4,0,0,0,1,1,3,1,2,0,2,4,3,2,-7.0
2022,RS,7,57,1,P006832   ,0.0,0.0,ASV,35,"PONS, YVES",05:41,0,0,0,0,0,0,0,0,1,1,0,0,0,0,0,1,0,0,-3.0
2022,RS,7,57,1,Team,0.0,0.0,ASV,,Team,,0,0,0,0,0,0,0,3,3,6,0,0,0,0,0,0,0,6,
2022,RS,7,57,1,Total,,,ASV,,Total,200:00,76,21,46,7,19,13,17,11,12,23,11,8,9,2,7,25,23,61,
2022,RS,7,57,0,P011218   ,1.0,1.0,ZAL,2,"EVANS, KEENAN",26:07,12,3,5,0,4,6,6,2,5,7,8,1,3,1,1,2,8,25,23.0
2022,RS,7,57,0,P003210   ,0.0,0.0,ZAL,4,"LEKAVICIUS, LUKAS",16:44,16,6,6,0,3,4,4,0,1,1,0,0,1,0,0,1,4,16,-4.0
2022,RS,7,57,0,P010390   ,1.0,1.0,ZAL,8,"HAYES, KEVARRIUS",17:54,6,3,4,0,0,0,0,2,5,7,2,1,1,5,0,4,0,15,17.0
2022,RS,7,57,0,PJBX      ,0.0,0.0,ZAL,9,"KALNIETIS, MANTAS",DNP,0,0,0,0,0,0,0,0,0,0,0,0,0,0,0,0,0,0,0.0
2022,RS,7,57,0,P007109   ,1.0,0.0,ZAL,10,"SMITS, ROLANDS",16:13,2,1,3,0,0,0,0,0,2,2,1,0,2,0,0,3,0,-2,8.0
2022,RS,7,57,0,P005504   ,0.0,0.0,ZAL,15,"BIRUTIS, LAURYNAS",14:58,8,2,2,0,0,4,6,0,4,4,0,0,3,0,0,4,3,6,-3.0
2022,RS,7,57,0,P006158   ,0.0,0.0,ZAL,16,"LUKOSIUNAS, KAROLIS",DNP,0,0,0,0,0,0,0,0,0,0,0,0,0,0,0,0,0,0,0.0
2022,RS,7,57,0,P011983   ,1.0,1.0,ZAL,17,"BRAZDEIKIS, IGNAS",14:34,8,2,2,0,1,4,4,0,1,1,1,0,0,1,0,1,2,11,11.0
2022,RS,7,57,0,P003211   ,0.0,1.0,ZAL,33,"DIMSA, TOMAS",24:38,21,2,2,5,6,2,2,0,2,2,1,1,0,0,0,1,2,25,16.0
2022,RS,7,57,0,P009601   ,0.0,0.0,ZAL,34,"CAVANAUGH, TYLER",16:57,5,1,2,1,1,0,0,0,4,4,2,0,1,0,0,1,1,9,-2.0
2022,RS,7,57,0,P002676   ,0.0,0.0,ZAL,51,"BUTKEVICIUS, ARNAS",20:01,3,0,0,1,1,0,0,1,3,4,1,1,2,0,0,5,0,2,2.0
2022,RS,7,57,0,P002329   ,1.0,1.0,ZAL,92,"ULANOVAS, EDGARAS",31:54,12,5,7,0,0,2,2,0,1,1,3,1,1,0,1,1,5,17,17.0
2022,RS,7,57,0,Team,0.0,0.0,ZAL,,Team,,0,0,0,0,0,0,0,0,0,0,0,0,0,0,0,0,0,0,
2022,RS,7,57,0,Total,,,ZAL,,Total,200:00,93,25,33,7,16,22,24,5,28,33,19,5,14,7,2,23,25,124,
2022,RS,7,58,1,P012056   ,0.0,1.0,TEL,3,"ADAMS, JALEN",20:41,8,3,5,0,1,2,2,1,2,3,3,0,0,0,0,2,3,12,-3.0
2022,RS,7,58,1,P009622   ,1.0,1.0,TEL,4,"BROWN, LORENZO",32:07,18,6,8,0,5,6,7,0,2,2,5,0,3,0,0,3,6,17,-11.0
2022,RS,7,58,1,P009863   ,1.0,0.0,TEL,5,"BALDWIN IV, WADE",20:56,16,4,4,1,6,5,5,0,0,0,3,0,1,0,0,5,4,12,-7.0
2022,RS,7,58,1,P011967   ,0.0,0.0,TEL,6,"MARTIN, JARELL",13:35,2,1,3,0,0,0,0,1,4,5,1,1,0,0,0,1,1,7,2.0
2022,RS,7,58,1,PLKX      ,0.0,0.0,TEL,10,"PNINI, GUY",DNP,0,0,0,0,0,0,0,0,0,0,0,0,0,0,0,0,0,0,0.0
2022,RS,7,58,1,P007990   ,0.0,1.0,TEL,12,"DIBARTOLOMEO, JOHN",11:41,8,0,2,2,2,2,2,1,0,1,0,1,0,0,1,2,1,6,6.0
2022,RS,7,58,1,P008989   ,0.0,0.0,TEL,13,"HILLIARD, DARRUN",05:08,0,0,1,0,1,0,0,0,1,1,1,0,0,0,0,1,1,0,4.0
2022,RS,7,58,1,P005145   ,0.0,0.0,TEL,15,"COHEN, JAKE",DNP,0,0,0,0,0,0,0,0,0,0,0,0,0,0,0,0,0,0,0.0
2022,RS,7,58,1,P009917   ,0.0,0.0,TEL,20,"HOLLINS, AUSTIN",06:36,2,1,2,0,0,0,0,2,0,2,0,2,0,0,0,0,0,5,-1.0
2022,RS,7,58,1,P009960   ,1.0,1.0,TEL,22,"POYTHRESS, ALEX",28:26,10,4,8,0,1,2,6,5,1,6,2,2,3,1,0,2,3,10,-7.0
2022,RS,7,58,1,P011199   ,1.0,0.0,TEL,32,"NEBO, JOSH",30:54,9,3,7,0,0,3,4,2,2,4,1,1,3,2,1,2,3,9,-11.0
2022,RS,7,58,1,P009783   ,1.0,1.0,TEL,50,"COLSON, BONZIE",29:56,6,0,2,2,4,0,0,1,3,4,0,1,1,1,0,3,2,6,-7.0
2022,RS,7,58,1,Team,0.0,0.0,TEL,,Team,,0,0,0,0,0,0,0,1,4,5,0,0,1,0,0,0,0,4,
2022,RS,7,58,1,Total,,,TEL,,Total,200:00,79,22,42,5,20,20,26,14,19,33,16,8,12,4,2,21,24,88,
2022,RS,7,58,0,P011244   ,0.0,1.0,BAR,1,"DA SILVA, OSCAR",17:39,0,0,0,0,2,0,0,1,1,2,0,0,0,0,0,1,0,-1,-6.0
2022,RS,7,58,0,P003204   ,0.0,1.0,BAR,3,"PAULI, ORIOL",01:44,0,0,0,0,0,0,0,0,0,0,0,0,0,0,0,0,0,0,0.0
2022,RS,7,58,0,P002968   ,1.0,0.0,BAR,5,"SANLI, SERTAC",15:53,4,2,4,0,0,0,0,0,3,3,2,0,3,1,0,5,0,0,8.0
2022,RS,7,58,0,P000925   ,0.0,0.0,BAR,6,"VESELY, JAN",18:45,6,3,5,0,1,0,0,4,2,6,2,1,0,0,0,5,2,9,4.0
2022,RS,7,58,0,P004866   ,1.0,0.0,BAR,10,"KALINIC, NIKOLA",21:07,5,2,3,0,0,1,1,0,1,1,4,0,1,0,1,1,3,9,10.0
2022,RS,7,58,0,P002939   ,1.0,1.0,BAR,13,"SATORANSKY, TOMAS",26:27,9,3,3,1,2,0,0,1,5,6,6,2,5,0,0,1,2,18,7.0
2022,RS,7,58,0,P006435   ,1.0,0.0,BAR,20,"LAPROVITTOLA, NICOLAS",21:12,19,0,0,6,12,1,1,1,1,2,2,1,1,0,0,1,0,16,3.0
2022,RS,7,58,0,P003478   ,0.0,1.0,BAR,21,"ABRINES, ALEX",20:49,13,1,3,2,5,5,6,0,1,1,1,0,0,0,0,2,4,11,-6.0
2022,RS,7,58,0,P006450   ,0.0,0.0,BAR,22,"HIGGINS, CORY",21:25,15,2,4,2,5,5,6,0,3,3,3,1,4,0,0,1,4,15,6.0
2022,RS,7,58,0,P008966   ,1.0,0.0,BAR,23,"TOBEY, MIKE",25:13,14,3,6,2,4,2,2,4,2,6,1,0,1,1,1,5,2,12,15.0
2022,RS,7,58,0,P007519   ,0.0,0.0,BAR,31,"JOKUBAITIS, ROKAS",09:15,1,0,2,0,1,1,2,0,1,1,3,0,0,0,2,2,2,-1,-2.0
2022,RS,7,58,0,P010641   ,0.0,1.0,BAR,46,"NNAJI, JAMES",00:31,0,0,0,0,0,0,0,0,0,0,0,0,0,0,0,0,0,0,-4.0
2022,RS,7,58,0,Team,0.0,0.0,BAR,,Team,,0,0,0,0,0,0,0,2,3,5,0,0,0,0,0,0,0,5,
2022,RS,7,58,0,Total,,,BAR,,Total,200:00,86,16,30,13,32,15,18,13,23,36,24,5,15,2,4,24,19,93,
2022,RS,7,59,1,P003733   ,0.0,1.0,MAD,6,"ABALDE, ALBERTO",15:24,4,1,2,0,1,2,3,0,4,4,3,0,1,0,0,2,1,6,4.0
2022,RS,7,59,1,P005099   ,1.0,1.0,MAD,8,"HANGA, ADAM",23:03,11,5,5,0,1,1,2,0,4,4,6,0,1,0,0,4,5,19,4.0
2022,RS,7,59,1,P003108   ,0.0,1.0,MAD,11,"HEZONJA, MARIO",19:20,9,1,1,2,4,1,2,0,2,2,1,0,1,0,0,4,1,5,4.0
2022,RS,7,59,1,PCVM      ,0.0,0.0,MAD,13,"RODRIGUEZ, SERGIO",05:22,2,1,2,0,0,0,0,0,1,1,1,0,1,0,0,1,0,1,7.0
2022,RS,7,59,1,P009005   ,1.0,0.0,MAD,14,"DECK, GABRIEL",31:51,13,3,6,2,4,1,2,1,4,5,3,1,1,0,0,4,2,13,12.0
2022,RS,7,59,1,P004887   ,0.0,1.0,MAD,17,"POIRIER, VINCENT",16:45,13,4,6,0,0,5,8,2,3,5,1,0,1,1,0,3,6,17,4.0
2022,RS,7,59,1,P004790   ,0.0,0.0,MAD,21,"CORNELIE, PETR",09:13,4,2,2,0,2,0,0,1,2,3,1,0,0,0,0,1,1,6,-1.0
2022,RS,7,59,1,P005791   ,1.0,0.0,MAD,22,"TAVARES, WALTER",20:25,8,3,5,0,0,2,2,3,0,3,1,0,2,4,0,5,1,8,1.0
2022,RS,7,59,1,PTGB      ,0.0,1.0,MAD,23,"LLULL, SERGIO",20:54,10,0,4,2,4,4,4,0,1,1,5,1,0,0,0,0,3,14,0.0
2022,RS,7,59,1,P010357   ,1.0,0.0,MAD,28,"YABUSELE, GUERSCHON",15:18,11,4,6,1,2,0,0,1,1,2,1,1,0,0,0,1,0,11,9.0
2022,RS,7,59,1,P009213   ,0.0,0.0,MAD,30,"NDIAYE, ELI",DNP,0,0,0,0,0,0,0,0,0,0,0,0,0,0,0,0,0,0,0.0
2022,RS,7,59,1,P006540   ,1.0,0.0,MAD,31,"MUSA, DZANAN",22:25,9,3,7,0,2,3,4,1,1,2,2,0,1,0,1,1,4,7,1.0
2022,RS,7,59,1,Team,0.0,0.0,MAD,,Team,,0,0,0,0,0,0,0,2,1,3,0,0,0,0,0,0,0,3,
2022,RS,7,59,1,Total,,,MAD,,Total,200:00,94,27,46,7,20,19,27,11,24,35,25,3,9,5,1,26,24,110,
2022,RS,7,59,0,P006590   ,1.0,0.0,IST,1,"BEAUBOIS, RODRIGUE",19:19,2,1,4,0,1,0,0,0,0,0,1,0,0,1,0,3,0,-3,-14.0
2022,RS,7,59,0,P009846   ,0.0,1.0,IST,6,"BRYANT, ELIJAH",24:07,9,1,2,1,2,4,4,0,2,2,2,0,0,0,0,4,2,9,1.0
2022,RS,7,59,0,P008282   ,0.0,0.0,IST,10,"ILYASOGLU, OMERCAN",03:01,0,0,0,0,0,0,0,0,0,0,0,0,0,0,0,0,0,0,-5.0
2022,RS,7,59,0,P004888   ,1.0,1.0,IST,12,"CLYBURN, WILL",35:23,25,6,10,3,7,4,5,2,7,9,1,1,5,0,3,4,6,21,-2.0
2022,RS,7,59,0,P012068   ,0.0,1.0,IST,13,"TAYLOR, ISAIAH",22:00,13,4,5,0,0,5,5,1,0,1,0,1,1,0,0,3,3,13,4.0
2022,RS,7,59,0,PLHK      ,1.0,0.0,IST,21,"PLEISS, TIBOR",10:17,4,2,4,0,1,0,0,1,1,2,0,1,1,0,0,3,0,0,-5.0
2022,RS,7,59,0,P002580   ,1.0,1.0,IST,22,"MICIC, VASILIJE",33:42,15,4,5,1,6,4,4,0,3,3,8,0,2,0,1,3,8,22,-7.0
2022,RS,7,59,0,P007993   ,1.0,0.0,IST,24,"M'BAYE, AMATH",13:08,0,0,0,0,1,0,0,1,3,4,0,0,0,0,0,1,1,3,-7.0
2022,RS,7,59,0,P002084   ,0.0,0.0,IST,33,"POLONARA, ACHILLE",04:07,0,0,0,0,0,0,0,0,0,0,0,0,0,0,0,0,0,0,-5.0
2022,RS,7,59,0,P004554   ,0.0,1.0,IST,41,"ZIZIC, ANTE",26:52,17,5,8,0,0,7,10,0,7,7,1,1,0,0,1,2,6,23,2.0
2022,RS,7,59,0,P003048   ,0.0,0.0,IST,42,"DUNSTON, BRYANT",08:04,0,0,1,0,0,0,0,2,1,3,0,1,0,0,0,2,0,1,-7.0
2022,RS,7,59,0,Team,0.0,0.0,IST,,Team,,0,0,0,0,0,0,0,0,0,0,0,0,2,0,0,0,0,-2,
2022,RS,7,59,0,Total,,,IST,,Total,200:00,85,23,39,5,18,24,28,7,24,31,13,5,11,1,5,25,26,87,
2022,RS,7,60,1,P011157   ,1.0,1.0,ULK,0,"MOTLEY, JOHNATHAN",33:09,25,10,13,0,0,5,6,4,6,10,0,0,3,1,1,3,8,33,19.0
2022,RS,7,60,1,P003091   ,0.0,0.0,ULK,1,"BIRSEN, METECAN",02:24,0,0,0,0,1,0,0,1,0,1,0,0,0,0,0,4,0,-4,3.0
2022,RS,7,60,1,P011201   ,0.0,1.0,ULK,2,"HAZER, SEHMUS",00:41,0,0,0,0,0,0,0,0,0,0,0,0,0,0,0,0,0,0,0.0
2022,RS,7,60,1,P006661   ,1.0,0.0,ULK,3,"WILBEKIN, SCOTTIE",20:10,1,0,2,0,5,1,1,0,0,0,3,1,2,0,2,2,4,-4,15.0
2022,RS,7,60,1,P011987   ,0.0,0.0,ULK,4,"EDWARDS, CARSEN",DNP,0,0,0,0,0,0,0,0,0,0,0,0,0,0,0,0,0,0,0.0
2022,RS,7,60,1,P002969   ,0.0,1.0,ULK,10,"MAHMUTOGLU, MELIH",16:24,20,1,2,5,9,3,3,0,0,0,1,1,0,0,0,1,2,18,7.0
2022,RS,7,60,1,P008962   ,1.0,1.0,ULK,11,"HAYES-DAVIS, NIGEL",24:23,10,2,3,1,3,3,3,2,4,6,2,1,0,0,0,3,2,15,18.0
2022,RS,7,60,1,P010560   ,1.0,0.0,ULK,21,"PIERRE, DYSHAWN",23:36,10,3,4,1,2,1,2,1,1,2,5,1,0,0,0,0,4,19,8.0
2022,RS,7,60,1,P009733   ,0.0,0.0,ULK,22,"JEKIRI, TONYE",06:51,2,1,2,0,0,0,0,0,0,0,2,0,1,0,0,2,0,0,-5.0
2022,RS,7,60,1,P004004   ,0.0,1.0,ULK,23,"GUDURIC, MARKO",26:58,17,4,4,2,5,3,4,0,5,5,3,0,2,0,0,4,3,18,-1.0
2022,RS,7,60,1,P007056   ,0.0,0.0,ULK,31,"BOOKER, DEVIN",13:13,0,0,0,0,1,0,0,1,3,4,2,0,0,0,0,2,1,4,-7.0
2022,RS,7,60,1,P001932   ,1.0,0.0,ULK,33,"CALATHES, NICK",32:11,8,1,2,2,3,0,0,0,4,4,6,0,6,0,1,1,0,8,13.0
2022,RS,7,60,1,Team,0.0,0.0,ULK,,Team,,0,0,0,0,0,0,0,3,0,3,0,0,0,0,0,0,0,3,
2022,RS,7,60,1,Total,,,ULK,,Total,200:00,93,22,32,11,29,16,19,12,23,35,24,4,14,1,4,22,24,110,
2022,RS,7,60,0,P004267   ,1.0,0.0,RED,0,"HOLLAND, JOHN",06:14,0,0,0,0,1,0,0,0,0,0,0,0,0,0,0,0,0,-1,-14.0
2022,RS,7,60,0,P007947   ,1.0,1.0,RED,1,"VILDOZA, LUCA",27:26,13,2,3,3,7,0,0,0,3,3,3,1,2,2,1,3,0,11,-21.0
2022,RS,7,60,0,P004720   ,1.0,1.0,RED,2,"LAZAREVIC, STEFAN",17:49,6,3,4,0,0,0,0,1,0,1,0,0,0,0,0,4,2,4,-5.0
2022,RS,7,60,0,PLUO      ,0.0,0.0,RED,10,"LAZIC, BRANKO",21:53,5,0,0,1,1,2,2,0,0,0,1,1,0,0,0,3,1,5,-7.0
2022,RS,7,60,0,P009540   ,0.0,1.0,RED,12,"MARTIN, HASSAN",08:27,3,1,2,0,0,1,1,0,2,2,0,0,1,0,0,2,2,3,-11.0
2022,RS,7,60,0,P003332   ,0.0,0.0,RED,20,"IVANOVIC, NIKOLA",20:14,6,1,4,1,2,1,2,1,2,3,1,2,1,0,0,1,1,6,-3.0
2022,RS,7,60,0,P011964   ,0.0,0.0,RED,22,"ILIC, DALIBOR",DNP,0,0,0,0,0,0,0,0,0,0,0,0,0,0,0,0,0,0,0.0
2022,RS,7,60,0,P000848   ,0.0,1.0,RED,26,"NEDOVIC, NEMANJA",26:24,17,6,10,1,5,2,4,0,2,2,4,0,1,0,0,1,9,20,8.0
2022,RS,7,60,0,P003479   ,0.0,0.0,RED,32,"KUZMIC, OGNJEN",18:42,9,4,4,0,0,1,2,4,2,6,1,0,0,0,0,2,1,14,-3.0
2022,RS,7,60,0,P011194   ,1.0,0.0,RED,33,"PETRUSEV, FILIP",20:42,8,3,5,0,1,2,2,0,2,2,1,0,3,1,0,5,2,3,12.0
2022,RS,7,60,0,P009818   ,1.0,1.0,RED,50,"BENTIL, BENJAMIN",32:09,12,4,10,0,2,4,4,1,3,4,0,1,1,1,0,4,4,9,-26.0
2022,RS,7,60,0,Team,0.0,0.0,RED,,Team,,0,0,0,0,0,0,0,2,1,3,0,0,0,0,0,0,0,3,
2022,RS,7,60,0,Total,,,RED,,Total,200:00,79,24,42,6,19,13,17,9,17,26,11,5,9,4,1,25,22,77,
2022,RS,7,61,1,P011209   ,1.0,0.0,PAN,0,"KALAITZAKIS, PANAGIOTIS",12:48,0,0,0,0,0,0,2,2,1,3,1,0,0,0,0,3,3,2,0.0
2022,RS,7,61,1,P006555   ,1.0,0.0,PAN,3,"WOLTERS, NATE",16:30,9,4,7,0,2,1,1,1,3,4,7,1,1,0,0,2,1,14,9.0
2022,RS,7,61,1,P011225   ,0.0,1.0,PAN,5,"LEE, PARIS",23:30,12,2,3,2,8,2,2,0,2,2,3,2,0,0,0,3,1,10,6.0
2022,RS,7,61,1,P005844   ,1.0,1.0,PAN,6,"PAPAGIANNIS, GEORGIOS",24:51,11,5,7,0,0,1,1,3,8,11,1,0,1,0,0,1,1,20,22.0
2022,RS,7,61,1,P003240   ,0.0,0.0,PAN,7,"BOCHORIDIS, ELEFTHERIOS",DNP,0,0,0,0,0,0,0,0,0,0,0,0,0,0,0,0,0,0,0.0
2022,RS,7,61,1,P009006   ,1.0,0.0,PAN,8,"WILLIAMS, DERRICK",29:12,16,5,8,1,2,3,4,3,1,4,1,2,2,0,0,0,4,20,16.0
2022,RS,7,61,1,P006586   ,0.0,0.0,PAN,16,"KALAITZAKIS, GEORGIOS",01:56,0,0,0,0,0,0,0,0,0,0,0,0,0,0,0,0,1,1,-1.0
2022,RS,7,61,1,P011286   ,1.0,1.0,PAN,24,"BACON, DWAYNE",30:33,16,4,8,1,4,5,6,0,4,4,3,0,2,0,0,2,5,16,11.0
2022,RS,7,61,1,P004172   ,0.0,1.0,PAN,37,"PONITKA, MATEUSZ",25:03,15,3,7,2,3,3,4,2,3,5,1,3,0,0,1,3,3,17,16.0
2022,RS,7,61,1,P002328   ,0.0,1.0,PAN,40,"GRIGONIS, MARIUS",20:28,13,2,3,2,4,3,4,0,2,2,1,0,0,0,0,4,4,12,3.0
2022,RS,7,61,1,P008084   ,0.0,0.0,PAN,72,"MANTZOUKAS, ELEFTHERIOS",DNP,0,0,0,0,0,0,0,0,0,0,0,0,0,0,0,0,0,0,0.0
2022,RS,7,61,1,P003120   ,0.0,0.0,PAN,77,"GUDAITIS, ARTURAS",15:09,6,2,5,0,0,2,5,1,1,2,0,0,1,0,0,5,4,0,-7.0
2022,RS,7,61,1,Team,0.0,0.0,PAN,,Team,,0,0,0,0,0,0,0,0,2,2,0,0,0,0,0,0,0,2,
2022,RS,7,61,1,Total,,,PAN,,Total,200:00,98,27,48,8,23,20,29,12,27,39,18,8,7,0,1,23,27,114,
2022,RS,7,61,0,P011948   ,1.0,1.0,BAS,0,"HOWARD, MARKUS",22:10,20,3,5,4,9,2,3,0,2,2,1,0,2,0,0,4,5,14,-3.0
2022,RS,7,61,0,P008850   ,1.0,0.0,BAS,2,"RAIESTE, SANDER",03:59,0,0,0,0,0,0,0,0,0,0,1,0,0,0,0,3,0,-2,6.0
2022,RS,7,61,0,P006754   ,0.0,0.0,BAS,7,"HENRY, PIERRIA",22:09,9,2,4,0,1,5,6,0,2,2,6,1,6,0,0,4,4,8,-19.0
2022,RS,7,61,0,P007230   ,1.0,1.0,BAS,8,"SEDEKERSKIS, TADAS",23:27,7,1,2,1,4,2,2,1,6,7,1,0,0,0,0,1,2,12,-10.0
2022,RS,7,61,0,P004761   ,0.0,1.0,BAS,9,"MARINKOVIC, VANJA",23:40,8,1,1,2,6,0,0,0,1,1,1,0,0,1,0,2,0,5,-24.0
2022,RS,7,61,0,P003198   ,0.0,0.0,BAS,11,"DIEZ, DANIEL",16:21,3,0,0,1,1,0,0,2,5,7,2,0,0,0,0,2,0,10,-6.0
2022,RS,7,61,0,P011078   ,1.0,0.0,BAS,13,"THOMPSON, DARIUS",18:50,9,3,3,0,1,3,3,0,3,3,5,0,4,0,0,5,6,13,14.0
2022,RS,7,61,0,P004603   ,1.0,1.0,BAS,21,"KOTSAR, MAIK",22:50,14,6,9,0,0,2,6,2,0,2,0,0,0,0,0,0,4,13,-12.0
2022,RS,7,61,0,P010444   ,0.0,0.0,BAS,24,"COSTELLO, MATTHEW",17:22,10,3,3,1,7,1,2,0,4,4,0,0,0,0,0,2,1,6,-2.0
2022,RS,7,61,0,P006436   ,0.0,1.0,BAS,31,"GIEDRAITIS, ROKAS",22:08,3,0,3,1,3,0,0,2,7,9,0,1,1,0,0,4,1,4,-19.0
2022,RS,7,61,0,P007265   ,0.0,0.0,BAS,47,"KURUCS, ARTURS",07:04,0,0,0,0,0,0,0,0,0,0,1,0,1,0,0,0,0,0,0.0
2022,RS,7,61,0,Team,0.0,0.0,BAS,,Team,,0,0,0,0,0,0,0,2,0,2,0,0,0,0,0,0,0,2,
2022,RS,7,61,0,Total,,,BAS,,Total,200:00,83,19,30,10,32,15,22,9,30,39,18,2,14,1,0,27,23,85,
2022,RS,7,62,1,P007870   ,0.0,1.0,MIL,0,"DAVIES, BRANDON",20:29,11,4,8,0,1,3,6,1,2,3,0,0,1,0,0,2,4,7,-3.0
2022,RS,7,62,1,P005094   ,1.0,0.0,MIL,1,"THOMAS, DESHAUN",12:54,2,1,3,0,0,0,0,0,0,0,0,0,0,0,0,0,1,1,0.0
2022,RS,7,62,1,P011965   ,0.0,1.0,MIL,3,"MITROU-LONG, NAZ",23:27,13,2,3,2,5,3,4,1,2,3,4,1,0,0,0,4,4,16,11.0
2022,RS,7,62,1,P006433   ,1.0,1.0,MIL,5,"PANGOS, KEVIN",27:48,6,2,4,0,3,2,2,0,1,1,5,1,4,0,1,1,2,4,1.0
2022,RS,7,62,1,P006509   ,0.0,0.0,MIL,7,"TONUT, STEFANO",08:19,1,0,0,0,1,1,2,0,0,0,1,1,0,0,0,0,1,2,-16.0
2022,RS,7,62,1,P002849   ,1.0,0.0,MIL,9,"MELLI, NICOLO",27:34,9,2,4,1,3,2,2,3,8,11,2,2,2,1,0,2,3,20,-7.0
2022,RS,7,62,1,P001518   ,0.0,1.0,MIL,17,"RICCI, GIAMPAOLO",12:08,2,1,1,0,2,0,0,0,2,2,1,0,0,0,0,3,0,0,8.0
2022,RS,7,62,1,P011205   ,1.0,1.0,MIL,22,"HALL, DEVON",30:09,8,1,3,2,4,0,0,0,2,2,1,1,0,0,0,2,1,7,-9.0
2022,RS,7,62,1,P006707   ,0.0,0.0,MIL,25,"BALDASSO, TOMMASO",10:29,1,0,0,0,1,1,2,0,0,0,1,0,1,0,0,1,1,-1,-4.0
2022,RS,7,62,1,P005059   ,0.0,0.0,MIL,40,"ALVITI, DAVIDE",DNP,0,0,0,0,0,0,0,0,0,0,0,0,0,0,0,0,0,0,0.0
2022,RS,7,62,1,P002812   ,1.0,0.0,MIL,42,"HINES, KYLE",17:24,5,2,2,0,0,1,4,0,5,5,1,1,1,1,0,2,3,10,-2.0
2022,RS,7,62,1,P007201   ,0.0,0.0,MIL,77,"VOIGTMANN, JOHANNES",09:19,1,0,1,0,0,1,2,1,2,3,0,0,0,0,0,0,1,3,-4.0
2022,RS,7,62,1,Team,0.0,0.0,MIL,,Team,,0,0,0,0,0,0,0,1,4,5,0,0,2,0,0,0,0,3,
2022,RS,7,62,1,Total,,,MIL,,Total,200:00,59,15,29,5,20,14,24,7,28,35,16,7,11,2,1,17,21,72,
2022,RS,7,62,0,P009549   ,0.0,0.0,VIR,0,"CORDINIER, ISAIA",20:55,7,0,1,2,3,1,2,2,3,5,0,0,2,0,0,4,1,4,6.0
2022,RS,7,62,0,PBCN      ,0.0,0.0,VIR,3,"BELINELLI, MARCO",DNP,0,0,0,0,0,0,0,0,0,0,0,0,0,0,0,0,0,0,0.0
2022,RS,7,62,0,P006739   ,0.0,0.0,VIR,6,"PAJOLA, ALESSANDRO",17:48,2,1,3,0,1,0,0,0,0,0,2,1,0,0,1,0,2,3,6.0
2022,RS,7,62,0,P004655   ,0.0,0.0,VIR,7,"BAKO, ISMAEL",09:09,0,0,1,0,0,0,0,1,1,2,0,0,1,0,0,2,0,-2,-9.0
2022,RS,7,62,0,P002581   ,1.0,0.0,VIR,14,"JAITEH, MAM",20:49,2,1,4,0,0,0,0,2,5,7,1,0,2,0,1,3,1,2,1.0
2022,RS,7,62,0,P010781   ,1.0,1.0,VIR,19,"LUNDBERG, IFFE",23:04,7,3,5,0,3,1,2,0,5,5,1,3,3,0,0,2,2,7,-8.0
2022,RS,7,62,0,P001133   ,0.0,1.0,VIR,21,"SHENGELIA, TORNIKE",21:30,12,3,8,2,4,0,2,0,2,2,2,0,0,0,0,1,4,10,-2.0
2022,RS,7,62,0,P001844   ,1.0,1.0,VIR,23,"HACKETT, DANIEL",22:12,1,0,2,0,3,1,2,1,2,3,3,1,0,0,0,1,2,3,-1.0
2022,RS,7,62,0,P008847   ,1.0,1.0,VIR,25,"MICKEY, JORDAN",25:18,14,5,8,0,2,4,4,2,3,5,0,2,0,1,0,4,2,15,13.0
2022,RS,7,62,0,P006592   ,0.0,0.0,VIR,34,"WEEMS, KYLE",DNP,0,0,0,0,0,0,0,0,0,0,0,0,0,0,0,0,0,0,0.0
2022,RS,7,62,0,P011982   ,1.0,0.0,VIR,37,"OJELEYE, SEMI",21:17,4,2,2,0,2,0,0,0,2,2,1,0,3,0,0,1,0,1,8.0
2022,RS,7,62,0,PJDR      ,0.0,1.0,VIR,44,"TEODOSIC, MILOS",17:58,15,0,1,5,6,0,0,1,1,2,4,0,2,0,0,3,2,16,11.0
2022,RS,7,62,0,Team,0.0,0.0,VIR,,Team,,0,0,0,0,0,0,0,2,2,4,0,0,0,0,0,0,0,4,
2022,RS,7,62,0,Total,,,VIR,,Total,200:00,64,15,35,9,24,7,12,11,26,37,14,7,13,1,2,21,16,63,
2022,RS,7,63,1,P011970   ,0.0,1.0,PAM,0,"HARPER, JARED",19:17,16,3,6,2,5,4,5,0,0,0,4,1,7,0,0,3,3,7,3.0
2022,RS,7,63,1,P000556   ,0.0,1.0,PAM,1,"CLAVER, VICTOR",20:49,6,1,2,1,2,1,2,0,6,6,2,0,1,0,0,3,2,9,-4.0
2022,RS,7,63,1,P006643   ,1.0,0.0,PAM,2,"PUERTO, JOSEP",14:12,0,0,0,0,0,0,0,1,2,3,0,0,1,0,0,2,0,0,-3.0
2022,RS,7,63,1,P002661   ,0.0,1.0,PAM,3,"PREPELIC, KLEMEN",19:44,5,0,0,1,5,2,2,0,1,1,0,1,1,0,0,4,1,-1,6.0
2022,RS,7,63,1,P010393   ,0.0,0.0,PAM,4,"PRADILLA, JAIME",06:20,0,0,0,0,0,0,0,0,1,1,1,0,0,0,0,1,0,1,7.0
2022,RS,7,63,1,P011971   ,1.0,1.0,PAM,5,"WEBB III, JAMES",25:19,15,3,5,3,4,0,2,2,6,8,2,2,2,0,0,4,1,17,5.0
2022,RS,7,63,1,P005356   ,0.0,0.0,PAM,6,"LOPEZ-AROSTEGUI, XABI",16:09,12,1,1,2,2,4,5,1,0,1,1,1,4,0,0,5,3,8,-1.0
2022,RS,7,63,1,P010568   ,1.0,0.0,PAM,7,"JONES, CHRIS",27:03,27,5,8,5,7,2,2,1,3,4,3,2,2,0,0,1,5,33,6.0
2022,RS,7,63,1,P011972   ,1.0,1.0,PAM,12,"RADEBAUGH, JONAH",12:34,2,1,2,0,0,0,0,1,1,2,2,0,1,0,0,2,0,2,-1.0
2022,RS,7,63,1,P002742   ,1.0,0.0,PAM,14,"DUBLJEVIC, BOJAN",26:32,6,3,5,0,4,0,0,3,3,6,1,0,2,0,0,3,5,7,16.0
2022,RS,7,63,1,P011973   ,0.0,0.0,PAM,21,"ALEXANDER, KYLE",12:01,0,0,0,0,0,0,0,0,1,1,0,0,1,0,0,4,1,-3,-9.0
2022,RS,7,63,1,P011214   ,0.0,0.0,PAM,41,"RIVERO, JASIEL",DNP,0,0,0,0,0,0,0,0,0,0,0,0,0,0,0,0,0,0,0.0
2022,RS,7,63,1,Team,0.0,0.0,PAM,,Team,,0,0,0,0,0,0,0,1,6,7,0,0,0,0,0,0,0,7,
2022,RS,7,63,1,Total,,,PAM,,Total,200:00,89,17,29,14,29,13,18,10,30,40,16,7,22,0,0,32,21,87,
2022,RS,7,63,0,P010588   ,1.0,1.0,MCO,0,"BROWN, JOHN",27:44,5,1,3,0,0,3,4,4,2,6,2,2,0,0,0,4,4,12,-7.0
2022,RS,7,63,0,P011212   ,0.0,1.0,MCO,0,"OKOBO, ELIE",26:50,12,1,2,3,10,1,2,1,3,4,1,1,2,0,0,3,6,10,-7.0
2022,RS,7,63,0,P009754   ,1.0,1.0,MCO,3,"LOYD, JORDAN",28:41,24,4,8,3,3,7,7,0,0,0,3,1,1,0,0,4,6,25,-7.0
2022,RS,7,63,0,P011231   ,0.0,0.0,MCO,4,"BLOSSOMGAME, JARON",11:23,2,1,2,0,1,0,0,1,0,1,0,0,0,0,0,1,0,0,-2.0
2022,RS,7,63,0,P012017   ,0.0,0.0,MCO,6,"COUTURE, AMBROISE",DNP,0,0,0,0,0,0,0,0,0,0,0,0,0,0,0,0,0,0,0.0
2022,RS,7,63,0,P011226   ,0.0,1.0,MCO,11,"DIALLO, ALPHA",21:09,14,3,7,0,1,8,8,1,3,4,2,4,0,0,0,0,5,24,7.0
2022,RS,7,63,0,P001833   ,0.0,0.0,MCO,18,"MOERMAN, ADRIEN",20:48,0,0,1,0,5,0,0,2,3,5,2,2,2,0,0,1,0,0,0.0
2022,RS,7,63,0,PLCZ      ,1.0,0.0,MCO,20,"MOTIEJUNAS, DONATAS",11:53,8,3,3,0,1,2,5,0,0,0,0,0,1,0,0,3,3,3,-6.0
2022,RS,7,63,0,P004197   ,1.0,0.0,MCO,24,"OUATTARA, YAKUBA",04:29,0,0,0,0,0,0,0,0,1,1,0,0,0,0,0,0,0,1,-4.0
2022,RS,7,63,0,P008099   ,0.0,0.0,MCO,32,"STRAZEL, MATTHEW",DNP,0,0,0,0,0,0,0,0,0,0,0,0,0,0,0,0,0,0,0.0
2022,RS,7,63,0,P011196   ,0.0,0.0,MCO,45,"HALL, DONTA",12:46,7,2,3,0,0,3,4,0,1,1,0,0,1,0,0,3,2,4,-2.0
2022,RS,7,63,0,P005985   ,1.0,1.0,MCO,55,"JAMES, MIKE",34:17,12,1,6,1,5,7,8,0,2,2,5,2,2,0,0,2,6,13,3.0
2022,RS,7,63,0,Team,0.0,0.0,MCO,,Team,,0,0,0,0,0,0,0,1,3,4,0,0,0,0,0,0,0,4,
2022,RS,7,63,0,Total,,,MCO,,Total,200:00,84,16,35,7,26,31,38,10,18,28,15,12,9,0,0,21,32,96,
2022,RS,8,64,1,P006590   ,1.0,0.0,IST,1,"BEAUBOIS, RODRIGUE",08:27,5,1,2,1,1,0,0,0,1,1,0,0,2,0,0,4,0,-1,8.0
2022,RS,8,64,1,P009846   ,1.0,1.0,IST,6,"BRYANT, ELIJAH",33:59,16,4,5,2,5,2,3,1,4,5,1,1,3,0,0,4,2,13,12.0
2022,RS,8,64,1,P008282   ,0.0,0.0,IST,10,"ILYASOGLU, OMERCAN",DNP,0,0,0,0,0,0,0,0,0,0,0,0,0,0,0,0,0,0,0.0
2022,RS,8,64,1,P004888   ,0.0,1.0,IST,12,"CLYBURN, WILL",34:51,24,5,8,4,8,2,2,0,6,6,2,0,1,0,0,1,5,28,5.0
2022,RS,8,64,1,P012068   ,0.0,0.0,IST,13,"TAYLOR, ISAIAH",16:25,4,1,2,0,1,2,2,0,0,0,1,2,0,0,0,4,1,2,-4.0
2022,RS,8,64,1,P002925   ,0.0,0.0,IST,19,"TUNCER, BUGRAHAN",DNP,0,0,0,0,0,0,0,0,0,0,0,0,0,0,0,0,0,0,0.0
2022,RS,8,64,1,PLHK      ,1.0,0.0,IST,21,"PLEISS, TIBOR",06:45,0,0,1,0,1,0,0,0,2,2,0,1,0,0,1,0,0,0,-5.0
2022,RS,8,64,1,P002580   ,1.0,1.0,IST,22,"MICIC, VASILIJE",31:54,22,3,6,3,5,7,8,0,3,3,5,4,1,0,1,0,10,36,11.0
2022,RS,8,64,1,P007993   ,0.0,1.0,IST,24,"M'BAYE, AMATH",24:54,13,0,1,3,5,4,4,0,1,1,1,1,2,3,0,2,2,14,17.0
2022,RS,8,64,1,P002084   ,1.0,1.0,IST,33,"POLONARA, ACHILLE",12:29,5,1,1,1,1,0,1,1,0,1,1,0,1,0,0,0,2,7,-7.0
2022,RS,8,64,1,P004554   ,0.0,0.0,IST,41,"ZIZIC, ANTE",07:20,0,0,1,0,0,0,0,2,0,2,1,0,2,0,0,1,1,0,2.0
2022,RS,8,64,1,P003048   ,0.0,0.0,IST,42,"DUNSTON, BRYANT",22:56,7,3,3,0,0,1,1,0,3,3,0,2,0,1,0,3,2,12,11.0
2022,RS,8,64,1,Team,0.0,0.0,IST,,Team,,0,0,0,0,0,0,0,3,1,4,0,0,1,0,0,0,0,3,
2022,RS,8,64,1,Total,,,IST,,Total,200:00,96,18,30,14,27,18,21,7,21,28,12,11,13,4,2,19,25,114,
2022,RS,8,64,0,P011244   ,0.0,0.0,BAR,1,"DA SILVA, OSCAR",09:09,0,0,0,0,2,0,0,0,1,1,0,0,1,0,0,2,0,-4,-2.0
2022,RS,8,64,0,P003204   ,0.0,1.0,BAR,3,"PAULI, ORIOL",09:23,2,1,1,0,1,0,0,0,2,2,1,0,0,0,0,1,0,3,3.0
2022,RS,8,64,0,P002968   ,1.0,1.0,BAR,5,"SANLI, SERTAC",31:06,18,4,6,3,7,1,1,2,4,6,3,0,1,0,2,3,1,16,-3.0
2022,RS,8,64,0,P000925   ,0.0,1.0,BAR,6,"VESELY, JAN",06:31,0,0,3,0,0,0,0,1,0,1,0,0,0,0,1,4,2,-5,-4.0
2022,RS,8,64,0,P004866   ,1.0,0.0,BAR,10,"KALINIC, NIKOLA",19:16,10,2,3,1,2,3,3,1,3,4,0,1,3,1,0,2,2,11,-5.0
2022,RS,8,64,0,P002939   ,1.0,0.0,BAR,13,"SATORANSKY, TOMAS",17:38,3,0,1,1,2,0,0,0,0,0,4,1,2,0,0,2,0,2,-4.0
2022,RS,8,64,0,P006435   ,1.0,1.0,BAR,20,"LAPROVITTOLA, NICOLAS",31:08,28,5,7,5,8,3,3,0,2,2,2,0,3,0,1,2,7,28,-11.0
2022,RS,8,64,0,P003478   ,0.0,1.0,BAR,21,"ABRINES, ALEX",25:32,9,0,2,3,8,0,0,3,2,5,0,0,2,1,0,4,2,4,-6.0
2022,RS,8,64,0,P006450   ,0.0,0.0,BAR,22,"HIGGINS, CORY",26:33,14,2,4,2,3,4,4,0,2,2,2,0,1,0,0,4,5,15,-10.0
2022,RS,8,64,0,P008966   ,1.0,0.0,BAR,23,"TOBEY, MIKE",18:55,0,0,0,0,1,0,0,1,4,5,0,1,0,0,0,1,0,4,-10.0
2022,RS,8,64,0,P007519   ,0.0,0.0,BAR,31,"JOKUBAITIS, ROKAS",04:49,2,1,3,0,0,0,0,0,1,1,0,0,1,0,0,1,0,-1,2.0
2022,RS,8,64,0,Team,0.0,0.0,BAR,,Team,,0,0,0,0,0,0,0,3,0,3,0,0,1,0,0,0,0,2,
2022,RS,8,64,0,Total,,,BAR,,Total,200:00,86,15,30,15,34,11,11,11,21,32,12,3,15,2,4,26,19,75,
2022,RS,8,65,1,P004267   ,1.0,0.0,RED,0,"HOLLAND, JOHN",08:59,2,0,1,0,0,2,2,0,2,2,0,2,1,0,0,3,3,4,2.0
2022,RS,8,65,1,P007947   ,1.0,0.0,RED,1,"VILDOZA, LUCA",21:53,12,2,7,2,6,2,2,0,2,2,2,1,1,0,1,1,2,7,6.0
2022,RS,8,65,1,P002553   ,0.0,0.0,RED,9,"MITROVIC, LUKA",20:49,8,2,4,0,0,4,6,4,4,8,1,0,4,0,1,1,8,15,15.0
2022,RS,8,65,1,PLUO      ,1.0,0.0,RED,10,"LAZIC, BRANKO",19:32,0,0,0,0,1,0,0,1,1,2,1,0,1,1,0,4,0,-2,3.0
2022,RS,8,65,1,P009540   ,0.0,0.0,RED,12,"MARTIN, HASSAN",07:34,0,0,0,0,0,0,0,0,2,2,0,0,0,0,0,1,0,1,-9.0
2022,RS,8,65,1,P004007   ,0.0,1.0,RED,13,"DOBRIC, OGNJEN",17:55,5,0,4,1,3,2,2,2,1,3,0,0,0,0,0,3,2,1,-1.0
2022,RS,8,65,1,P003332   ,0.0,1.0,RED,20,"IVANOVIC, NIKOLA",24:48,16,0,1,3,4,7,8,1,1,2,3,3,1,0,1,2,5,22,3.0
2022,RS,8,65,1,P000848   ,0.0,1.0,RED,26,"NEDOVIC, NEMANJA",23:23,11,3,6,1,6,2,3,0,1,1,2,1,2,0,0,2,3,5,1.0
2022,RS,8,65,1,PLME      ,0.0,0.0,RED,27,"MARKOVIC, STEFAN",03:37,0,0,0,0,0,0,0,0,1,1,0,0,0,0,0,1,0,0,-4.0
2022,RS,8,65,1,P003479   ,1.0,1.0,RED,32,"KUZMIC, OGNJEN",11:30,4,2,2,0,0,0,0,0,1,1,0,0,0,0,0,2,1,4,0.0
2022,RS,8,65,1,P011194   ,0.0,0.0,RED,33,"PETRUSEV, FILIP",13:57,6,3,4,0,0,0,0,1,2,3,0,0,0,1,0,3,1,7,-3.0
2022,RS,8,65,1,P009818   ,1.0,1.0,RED,50,"BENTIL, BENJAMIN",26:03,7,2,3,1,4,0,0,0,5,5,3,1,5,1,0,3,1,6,7.0
2022,RS,8,65,1,Team,0.0,0.0,RED,,Team,,0,0,0,0,0,0,0,2,4,6,0,0,0,0,0,0,0,6,
2022,RS,8,65,1,Total,,,RED,,Total,200:00,71,14,32,8,24,19,23,11,27,38,12,8,15,3,3,26,26,76,
2022,RS,8,65,0,P011937   ,0.0,0.0,ASV,1,"POLITE, ANTHONY",05:28,0,0,1,0,1,0,0,0,1,1,0,0,0,0,0,1,0,-2,-11.0
2022,RS,8,65,0,P006068   ,1.0,0.0,ASV,2,"NOUA, AMINE",20:37,8,1,3,1,6,3,4,0,5,5,2,0,0,0,1,1,2,7,-4.0
2022,RS,8,65,0,PKIR      ,0.0,1.0,ASV,5,"KAHUDI, CHARLES",25:48,14,2,3,2,5,4,4,2,3,5,0,1,3,0,0,1,3,15,-3.0
2022,RS,8,65,0,PTFK      ,0.0,0.0,ASV,8,"DIOT, ANTOINE",22:00,0,0,0,0,1,0,0,0,1,1,4,2,1,0,0,2,2,5,3.0
2022,RS,8,65,0,P004119   ,0.0,0.0,ASV,9,"TYUS, ALEX",06:31,0,0,2,0,0,0,0,0,4,4,0,1,1,1,0,2,0,1,-2.0
2022,RS,8,65,0,P010718   ,1.0,0.0,ASV,10,"RISACHER, ZACCHARIE",10:19,3,0,0,1,1,0,0,0,1,1,1,3,1,0,0,4,0,3,6.0
2022,RS,8,65,0,P006568   ,1.0,1.0,ASV,19,"FALL, YOUSSOUPHA",20:25,8,3,5,0,0,2,3,2,3,5,1,0,0,0,1,2,4,12,-5.0
2022,RS,8,65,0,P003526   ,1.0,1.0,ASV,23,"LIGHTY, DAVID",32:20,16,3,5,1,3,7,8,0,0,0,1,1,4,0,0,2,7,14,-8.0
2022,RS,8,65,0,P011938   ,0.0,0.0,ASV,32,"OBASOHAN, RETIN",28:30,13,3,6,0,3,7,7,0,3,3,1,1,1,0,1,4,4,10,4.0
2022,RS,8,65,0,P011939   ,1.0,1.0,ASV,33,"JACKSON-CARTWRIGHT, PARKER",14:54,5,0,3,1,1,2,2,0,1,1,3,1,2,0,0,4,2,3,-1.0
2022,RS,8,65,0,P006832   ,0.0,1.0,ASV,35,"PONS, YVES",13:08,0,0,0,0,0,0,2,0,1,1,0,1,0,2,0,4,2,0,1.0
2022,RS,8,65,0,Team,0.0,0.0,ASV,,Team,,0,0,0,0,0,0,0,2,1,3,0,0,1,0,0,0,0,2,
2022,RS,8,65,0,Total,,,ASV,,Total,200:00,67,12,28,6,21,25,30,6,24,30,13,11,14,3,3,27,26,70,
2022,RS,8,66,1,P010391   ,0.0,1.0,MUN,0,"WEILER-BABB, NICK",29:08,7,2,3,1,2,0,0,0,2,2,1,3,0,0,0,1,1,11,5.0
2022,RS,8,66,1,P011940   ,1.0,1.0,MUN,5,"WINSTON, CASSIUS",18:05,8,1,2,2,4,0,1,0,1,1,5,0,5,0,1,4,2,2,-17.0
2022,RS,8,66,1,P001557   ,1.0,0.0,MUN,7,"GIFFEY, NIELS",16:28,2,1,4,0,2,0,0,2,3,5,1,0,0,0,0,2,0,1,-16.0
2022,RS,8,66,1,P005160   ,0.0,1.0,MUN,8,"HUNTER, OTHELLO",23:22,5,1,4,1,3,0,0,4,1,5,2,0,2,0,1,3,1,2,0.0
2022,RS,8,66,1,P006760   ,0.0,1.0,MUN,9,"BONGA, ISAAC",26:55,11,3,7,1,3,2,2,3,3,6,0,0,3,1,0,4,3,8,3.0
2022,RS,8,66,1,P004058   ,0.0,0.0,MUN,10,"JARAMAZ, OGNJEN",10:02,12,2,3,1,2,5,5,0,1,1,0,0,0,0,0,0,5,16,-3.0
2022,RS,8,66,1,P001288   ,1.0,1.0,MUN,11,"LUCIC, VLADIMIR",23:34,9,1,2,1,2,4,5,2,2,4,2,1,2,0,0,3,2,10,-8.0
2022,RS,8,66,1,P004508   ,1.0,0.0,MUN,13,"OBST, ANDREAS",18:08,9,0,1,3,9,0,0,0,1,1,3,1,1,0,0,3,0,3,-5.0
2022,RS,8,66,1,P006477   ,0.0,0.0,MUN,21,"RUBIT, AUGUSTINE",17:40,2,1,2,0,0,0,0,0,1,1,2,0,0,0,0,2,1,3,-3.0
2022,RS,8,66,1,P011941   ,1.0,0.0,MUN,33,"GILLESPIE, FREDDIE",16:38,6,3,4,0,0,0,0,1,5,6,1,1,0,1,0,2,1,13,-11.0
2022,RS,8,66,1,Team,0.0,0.0,MUN,,Team,,0,0,0,0,0,0,0,0,0,0,0,0,1,0,0,0,0,-1,
2022,RS,8,66,1,Total,,,MUN,,Total,200:00,71,15,32,10,27,11,13,12,20,32,17,6,14,2,2,24,16,68,
2022,RS,8,66,0,P008855   ,1.0,1.0,OLY,0,"WALKUP, THOMAS",27:36,9,2,3,1,2,2,2,1,2,3,7,6,1,0,0,2,4,24,19.0
2022,RS,8,66,0,P010612   ,1.0,0.0,OLY,3,"CANAAN, ISAIAH",12:50,7,2,4,1,2,0,0,0,0,0,1,0,2,0,1,1,0,1,16.0
2022,RS,8,66,0,P006302   ,0.0,0.0,OLY,4,"LOUNTZIS, MICHALIS",DNP,0,0,0,0,0,0,0,0,0,0,0,0,0,0,0,0,0,0,0.0
2022,RS,8,66,0,P010392   ,0.0,1.0,OLY,5,"LARENTZAKIS, GIANNOULIS",17:13,3,0,2,0,2,3,3,0,0,0,2,0,0,0,0,1,3,3,-8.0
2022,RS,8,66,0,P008811   ,1.0,1.0,OLY,10,"FALL, MOUSTAPHA",26:06,16,8,10,0,0,0,1,3,2,5,3,1,4,1,0,4,3,18,26.0
2022,RS,8,66,0,P001926   ,0.0,1.0,OLY,11,"SLOUKAS, KOSTAS",29:34,14,1,5,2,8,6,6,0,2,2,3,0,1,0,0,0,4,12,-3.0
2022,RS,8,66,0,P003469   ,1.0,1.0,OLY,14,"VEZENKOV, SASHA",30:00,20,2,2,2,5,10,10,2,11,13,4,1,0,1,0,1,8,43,21.0
2022,RS,8,66,0,P001255   ,1.0,0.0,OLY,16,"PAPANIKOLAOU, KOSTAS",22:47,5,1,1,1,2,0,0,0,1,1,1,0,0,0,0,3,1,4,19.0
2022,RS,8,66,0,P009035   ,0.0,0.0,OLY,21,"BOLOMBOY, JOEL",09:42,2,1,1,0,0,0,0,0,0,0,1,1,0,0,0,2,1,3,-15.0
2022,RS,8,66,0,P008829   ,0.0,0.0,OLY,25,"PETERS, ALEC",10:00,2,1,1,0,0,0,0,0,2,2,0,0,1,0,0,0,0,3,-10.0
2022,RS,8,66,0,P008991   ,0.0,0.0,OLY,28,"BLACK, TARIK",04:12,2,1,1,0,0,0,0,0,0,0,0,0,0,0,0,2,0,0,0.0
2022,RS,8,66,0,P007853   ,0.0,0.0,OLY,77,"MCKISSIC, SHAQUIELLE",10:00,2,1,2,0,2,0,0,0,0,0,1,0,1,0,1,0,0,-2,-10.0
2022,RS,8,66,0,Team,0.0,0.0,OLY,,Team,,0,0,0,0,0,0,0,3,3,6,0,0,0,0,0,0,0,6,
2022,RS,8,66,0,Total,,,OLY,,Total,200:00,82,20,32,7,23,21,22,9,23,32,23,9,10,2,2,16,24,115,
2022,RS,8,67,1,P009549   ,0.0,0.0,VIR,0,"CORDINIER, ISAIA",21:48,15,4,5,2,4,1,1,0,2,2,1,0,2,1,0,2,1,13,18.0
2022,RS,8,67,1,P011064   ,0.0,1.0,VIR,1,"MANNION, NICCOLO",08:05,9,2,2,1,1,2,3,0,1,1,1,0,1,0,0,1,1,9,5.0
2022,RS,8,67,1,PBCN      ,0.0,0.0,VIR,3,"BELINELLI, MARCO",DNP,0,0,0,0,0,0,0,0,0,0,0,0,0,0,0,0,0,0,0.0
2022,RS,8,67,1,P006739   ,0.0,0.0,VIR,6,"PAJOLA, ALESSANDRO",15:34,6,0,0,2,2,0,0,0,4,4,1,2,0,0,0,4,1,10,15.0
2022,RS,8,67,1,P004655   ,0.0,1.0,VIR,7,"BAKO, ISMAEL",19:47,4,1,2,0,0,2,3,1,2,3,1,0,3,1,0,2,2,4,13.0
2022,RS,8,67,1,P002581   ,1.0,0.0,VIR,14,"JAITEH, MAM",15:05,4,2,3,0,0,0,1,1,1,2,2,0,3,0,0,5,3,1,14.0
2022,RS,8,67,1,P010781   ,1.0,1.0,VIR,19,"LUNDBERG, IFFE",26:20,14,3,3,2,4,2,2,1,2,3,3,0,2,0,1,1,4,18,16.0
2022,RS,8,67,1,P001844   ,1.0,0.0,VIR,23,"HACKETT, DANIEL",15:23,0,0,0,0,1,0,0,0,3,3,5,0,0,0,0,2,1,6,8.0
2022,RS,8,67,1,P008847   ,1.0,1.0,VIR,25,"MICKEY, JORDAN",25:34,16,3,4,3,5,1,1,0,6,6,0,0,0,0,0,1,2,20,22.0
2022,RS,8,67,1,P006592   ,0.0,1.0,VIR,34,"WEEMS, KYLE",21:16,7,0,4,1,4,4,4,3,4,7,2,1,0,0,1,2,2,9,12.0
2022,RS,8,67,1,P011982   ,1.0,0.0,VIR,37,"OJELEYE, SEMI",16:55,14,1,2,3,3,3,5,0,1,1,1,0,1,0,0,2,3,13,11.0
2022,RS,8,67,1,PJDR      ,0.0,0.0,VIR,44,"TEODOSIC, MILOS",14:13,0,0,0,0,4,0,0,0,5,5,6,1,3,0,0,2,0,3,16.0
2022,RS,8,67,1,Team,0.0,0.0,VIR,,Team,,0,0,0,0,0,0,0,0,2,2,0,0,0,0,0,0,0,2,
2022,RS,8,67,1,Total,,,VIR,,Total,200:00,89,16,25,14,28,15,20,6,33,39,23,4,15,2,2,24,20,108,
2022,RS,8,67,0,P011970   ,0.0,1.0,PAM,0,"HARPER, JARED",20:26,7,1,2,1,7,2,2,0,1,1,3,0,3,0,0,2,3,2,-10.0
2022,RS,8,67,0,P000556   ,0.0,0.0,PAM,1,"CLAVER, VICTOR",13:38,1,0,0,0,2,1,2,0,2,2,0,1,1,1,0,2,1,0,-9.0
2022,RS,8,67,0,P006643   ,1.0,0.0,PAM,2,"PUERTO, JOSEP",17:27,6,2,2,0,2,2,2,3,1,4,0,0,0,0,0,1,4,11,-17.0
2022,RS,8,67,0,P002661   ,1.0,0.0,PAM,3,"PREPELIC, KLEMEN",18:20,7,0,1,1,6,4,4,0,0,0,3,0,0,1,0,2,3,6,-17.0
2022,RS,8,67,0,P010393   ,0.0,1.0,PAM,4,"PRADILLA, JAIME",16:16,4,2,4,0,1,0,0,4,1,5,1,1,1,0,0,2,2,7,-5.0
2022,RS,8,67,0,P011971   ,1.0,0.0,PAM,5,"WEBB III, JAMES",14:06,3,0,2,1,4,0,0,1,4,5,0,0,1,0,0,3,0,-1,-6.0
2022,RS,8,67,0,P005356   ,0.0,1.0,PAM,6,"LOPEZ-AROSTEGUI, XABI",17:24,7,2,6,1,3,0,0,2,3,5,0,0,1,0,1,2,2,4,-18.0
2022,RS,8,67,0,P010568   ,1.0,0.0,PAM,7,"JONES, CHRIS",17:08,10,2,4,1,4,3,4,0,1,1,1,1,0,0,0,0,4,11,-15.0
2022,RS,8,67,0,PLRQ      ,0.0,0.0,PAM,9,"VAN ROSSOM, SAM",09:37,2,1,1,0,2,0,0,0,0,0,1,0,0,0,0,0,1,2,-1.0
2022,RS,8,67,0,P011972   ,0.0,1.0,PAM,12,"RADEBAUGH, JONAH",17:15,2,0,0,0,2,2,2,1,2,3,2,2,0,0,0,2,1,6,-12.0
2022,RS,8,67,0,P011973   ,1.0,0.0,PAM,21,"ALEXANDER, KYLE",17:42,5,1,3,1,2,0,0,2,1,3,0,1,0,0,0,3,0,3,-19.0
2022,RS,8,67,0,P011214   ,0.0,1.0,PAM,41,"RIVERO, JASIEL",20:41,5,1,4,0,1,3,5,3,0,3,1,1,1,0,1,1,3,4,-21.0
2022,RS,8,67,0,Team,0.0,0.0,PAM,,Team,,0,0,0,0,0,0,0,0,2,2,0,0,0,0,0,0,0,2,
2022,RS,8,67,0,Total,,,PAM,,Total,200:00,59,12,29,6,36,17,21,16,18,34,12,7,8,2,2,20,24,57,
2022,RS,8,68,1,P007982   ,0.0,1.0,MAD,0,"WILLIAMS-GOSS, NIGEL",07:19,8,2,3,0,0,4,4,0,1,1,0,1,3,0,0,0,3,9,-6.0
2022,RS,8,68,1,P003733   ,0.0,1.0,MAD,6,"ABALDE, ALBERTO",19:58,3,1,2,0,2,1,2,0,2,2,2,0,0,0,0,2,2,3,14.0
2022,RS,8,68,1,P005099   ,1.0,0.0,MAD,8,"HANGA, ADAM",06:29,0,0,1,0,1,0,0,0,2,2,0,0,1,0,0,0,1,0,9.0
2022,RS,8,68,1,P003108   ,0.0,0.0,MAD,11,"HEZONJA, MARIO",20:18,9,0,1,3,3,0,0,0,0,0,0,1,4,0,0,2,0,3,-5.0
2022,RS,8,68,1,PCVM      ,0.0,0.0,MAD,13,"RODRIGUEZ, SERGIO",18:29,13,3,5,2,2,1,1,0,2,2,10,0,0,0,1,2,1,21,11.0
2022,RS,8,68,1,P009005   ,1.0,0.0,MAD,14,"DECK, GABRIEL",17:26,4,2,3,0,1,0,0,1,1,2,2,1,2,0,1,1,1,4,27.0
2022,RS,8,68,1,P004887   ,0.0,0.0,MAD,17,"POIRIER, VINCENT",23:30,19,7,9,0,0,5,5,2,5,7,0,1,1,3,0,2,3,28,9.0
2022,RS,8,68,1,P004790   ,1.0,1.0,MAD,21,"CORNELIE, PETR",19:38,8,1,2,2,4,0,0,1,3,4,0,2,0,0,0,2,0,9,8.0
2022,RS,8,68,1,P005791   ,1.0,0.0,MAD,22,"TAVARES, WALTER",14:54,8,4,6,0,0,0,0,1,4,5,0,1,0,3,0,2,0,13,13.0
2022,RS,8,68,1,PTGB      ,0.0,0.0,MAD,23,"LLULL, SERGIO",14:57,2,1,4,0,2,0,0,0,1,1,3,0,1,0,0,1,0,-1,4.0
2022,RS,8,68,1,P009213   ,0.0,1.0,MAD,30,"NDIAYE, ELI",21:58,6,2,2,0,2,2,2,2,1,3,1,2,1,2,0,2,1,10,6.0
2022,RS,8,68,1,P006540   ,1.0,1.0,MAD,31,"MUSA, DZANAN",15:04,10,4,7,0,1,2,2,2,1,3,5,1,1,0,1,3,1,11,0.0
2022,RS,8,68,1,Team,0.0,0.0,MAD,,Team,,0,0,0,0,0,0,0,4,2,6,0,0,3,0,0,0,0,3,
2022,RS,8,68,1,Total,,,MAD,,Total,200:00,90,27,45,7,18,15,16,13,25,38,23,10,17,8,3,19,13,113,
2022,RS,8,68,0,P007032   ,0.0,1.0,BER,0,"LO, MAODO",16:51,8,1,2,2,3,0,0,0,0,0,1,0,3,0,0,0,0,4,7.0
2022,RS,8,68,0,P008384   ,0.0,0.0,BER,1,"PROCIDA, GABRIELE",18:46,13,3,3,1,5,4,4,1,0,1,0,0,1,0,0,0,2,11,-2.0
2022,RS,8,68,0,P011192   ,1.0,0.0,BER,3,"SMITH, JALEEN",18:29,6,1,3,1,4,1,2,1,2,3,2,1,0,0,0,2,3,7,-20.0
2022,RS,8,68,0,P008211   ,0.0,0.0,BER,6,"DELOW, MALTE",19:27,6,3,3,0,2,0,0,1,2,3,2,2,0,0,0,2,0,9,-1.0
2022,RS,8,68,0,P011934   ,0.0,0.0,BER,7,"WETZELL, YANNI",14:22,10,4,9,0,0,2,4,2,0,2,0,0,1,0,3,1,2,2,-2.0
2022,RS,8,68,0,P006251   ,0.0,1.0,BER,10,"SCHNEIDER, TIM",21:47,4,0,1,1,3,1,2,2,5,7,1,1,0,0,3,0,5,11,9.0
2022,RS,8,68,0,P010791   ,0.0,1.0,BER,21,"KOUMADJE, CHRIST",13:19,0,0,1,0,0,0,2,0,0,0,0,0,1,1,1,2,1,-5,-8.0
2022,RS,8,68,0,P011631   ,0.0,1.0,BER,25,"RAPIEQUE, ELIAS",01:36,3,0,0,1,1,0,0,1,0,1,0,0,0,0,0,0,0,4,4.0
2022,RS,8,68,0,P003958   ,1.0,0.0,BER,32,"THIEMANN, JOHANNES",20:31,10,3,4,1,3,1,1,1,1,2,0,1,2,0,0,0,3,11,-21.0
2022,RS,8,68,0,P010385   ,1.0,0.0,BER,44,"LAMMERS, BEN",10:30,0,0,2,0,1,0,0,2,1,3,2,1,0,2,0,3,0,2,-14.0
2022,RS,8,68,0,P011193   ,1.0,0.0,BER,45,"BLATT, TAMIR",23:09,6,0,3,2,5,0,0,0,0,0,3,0,4,0,0,0,2,1,-25.0
2022,RS,8,68,0,P006625   ,1.0,1.0,BER,50,"ZOOSMAN, YOVEL",21:13,6,2,4,0,2,2,2,1,3,4,2,2,1,0,1,3,1,6,-17.0
2022,RS,8,68,0,Team,0.0,0.0,BER,,Team,,0,0,0,0,0,0,0,0,1,1,0,0,2,0,0,0,0,-1,
2022,RS,8,68,0,Total,,,BER,,Total,200:00,72,17,35,9,29,11,17,12,15,27,13,8,15,3,8,13,19,62,
2022,RS,8,69,1,P011157   ,1.0,0.0,ULK,0,"MOTLEY, JOHNATHAN",13:22,10,5,6,0,0,0,0,2,1,3,1,0,1,0,0,3,0,9,4.0
2022,RS,8,69,1,P003091   ,0.0,1.0,ULK,1,"BIRSEN, METECAN",04:16,0,0,0,0,0,0,0,0,0,0,0,0,0,0,0,0,0,0,5.0
2022,RS,8,69,1,P011201   ,0.0,1.0,ULK,2,"HAZER, SEHMUS",07:51,7,3,3,0,0,1,3,0,1,1,0,0,0,0,0,0,3,9,6.0
2022,RS,8,69,1,P006661   ,1.0,0.0,ULK,3,"WILBEKIN, SCOTTIE",19:38,19,3,3,4,8,1,1,0,1,1,3,1,2,0,0,2,1,17,13.0
2022,RS,8,69,1,P011987   ,0.0,1.0,ULK,4,"EDWARDS, CARSEN",22:41,14,4,5,2,5,0,0,0,6,6,2,2,2,0,1,4,0,13,23.0
2022,RS,8,69,1,P002969   ,0.0,1.0,ULK,10,"MAHMUTOGLU, MELIH",18:51,9,0,0,3,5,0,0,0,3,3,1,0,0,0,0,2,1,10,22.0
2022,RS,8,69,1,P008962   ,1.0,0.0,ULK,11,"HAYES-DAVIS, NIGEL",29:32,16,4,5,2,4,2,3,2,0,2,0,0,0,1,0,1,7,21,16.0
2022,RS,8,69,1,P010560   ,1.0,0.0,ULK,21,"PIERRE, DYSHAWN",03:52,2,1,2,0,0,0,0,2,0,2,0,0,0,0,0,0,0,3,6.0
2022,RS,8,69,1,P009733   ,0.0,0.0,ULK,22,"JEKIRI, TONYE",16:33,6,3,5,0,0,0,0,2,2,4,2,1,1,1,1,2,0,8,15.0
2022,RS,8,69,1,P004004   ,0.0,0.0,ULK,23,"GUDURIC, MARKO",16:13,8,4,4,0,1,0,0,0,4,4,4,1,4,0,0,1,2,13,14.0
2022,RS,8,69,1,P007056   ,0.0,1.0,ULK,31,"BOOKER, DEVIN",26:33,7,3,6,0,0,1,2,0,3,3,1,1,0,4,0,4,1,9,17.0
2022,RS,8,69,1,P001932   ,1.0,0.0,ULK,33,"CALATHES, NICK",20:38,9,3,3,1,2,0,0,0,5,5,7,1,2,0,0,2,1,18,9.0
2022,RS,8,69,1,Team,0.0,0.0,ULK,,Team,,0,0,0,0,0,0,0,1,2,3,0,0,0,0,0,0,0,3,
2022,RS,8,69,1,Total,,,ULK,,Total,200:00,107,33,42,12,25,5,9,9,28,37,21,7,12,6,2,21,16,133,
2022,RS,8,69,0,P011209   ,1.0,1.0,PAN,0,"KALAITZAKIS, PANAGIOTIS",17:47,6,0,3,2,3,0,0,2,1,3,1,1,1,0,3,0,1,4,-16.0
2022,RS,8,69,0,P006555   ,1.0,0.0,PAN,3,"WOLTERS, NATE",26:00,11,4,8,1,4,0,0,1,0,1,5,1,1,0,0,4,2,8,-13.0
2022,RS,8,69,0,P011225   ,0.0,1.0,PAN,5,"LEE, PARIS",19:48,2,1,2,0,2,0,0,0,1,1,3,0,1,0,0,2,1,1,-20.0
2022,RS,8,69,0,P005844   ,1.0,1.0,PAN,6,"PAPAGIANNIS, GEORGIOS",24:33,12,5,8,0,2,2,2,1,3,4,1,1,2,1,0,1,2,13,-22.0
2022,RS,8,69,0,P003240   ,0.0,0.0,PAN,7,"BOCHORIDIS, ELEFTHERIOS",DNP,0,0,0,0,0,0,0,0,0,0,0,0,0,0,0,0,0,0,0.0
2022,RS,8,69,0,P009006   ,1.0,0.0,PAN,8,"WILLIAMS, DERRICK",29:33,10,2,5,1,5,3,3,3,1,4,2,0,0,0,1,0,3,11,-17.0
2022,RS,8,69,0,P006586   ,0.0,1.0,PAN,16,"KALAITZAKIS, GEORGIOS",04:48,3,1,3,0,0,1,1,1,0,1,1,0,0,0,1,0,1,3,-11.0
2022,RS,8,69,0,P011286   ,1.0,0.0,PAN,24,"BACON, DWAYNE",30:11,20,2,6,2,6,10,12,1,4,5,1,1,0,0,0,4,6,19,-13.0
2022,RS,8,69,0,P004172   ,0.0,0.0,PAN,37,"PONITKA, MATEUSZ",22:53,7,3,4,0,1,1,2,0,2,2,2,1,3,0,0,2,1,5,-14.0
2022,RS,8,69,0,P002328   ,0.0,0.0,PAN,40,"GRIGONIS, MARIUS",04:52,0,0,0,0,2,0,0,0,0,0,0,0,1,0,0,2,1,-4,-12.0
2022,RS,8,69,0,P008084   ,0.0,1.0,PAN,72,"MANTZOUKAS, ELEFTHERIOS",04:08,0,0,0,0,0,0,0,0,0,0,0,0,0,0,0,2,0,-2,-4.0
2022,RS,8,69,0,P003120   ,0.0,0.0,PAN,77,"GUDAITIS, ARTURAS",15:27,6,3,4,0,0,0,0,1,1,2,0,1,0,1,1,0,3,11,-8.0
2022,RS,8,69,0,Team,0.0,0.0,PAN,,Team,,0,0,0,0,0,0,0,3,1,4,0,0,1,0,0,0,0,3,
2022,RS,8,69,0,Total,,,PAN,,Total,200:00,77,21,43,6,25,17,20,13,14,27,16,6,10,2,6,17,21,72,
2022,RS,8,70,1,P010588   ,1.0,1.0,MCO,0,"BROWN, JOHN",25:01,2,1,5,0,0,0,0,1,2,3,1,2,0,0,0,3,3,4,14.0
2022,RS,8,70,1,P011212   ,0.0,1.0,MCO,0,"OKOBO, ELIE",28:42,22,3,5,3,4,7,8,1,1,2,1,0,5,0,0,2,5,19,3.0
2022,RS,8,70,1,P009754   ,1.0,1.0,MCO,3,"LOYD, JORDAN",27:36,12,0,2,1,2,9,10,0,3,3,1,0,4,1,0,4,8,13,10.0
2022,RS,8,70,1,P011231   ,0.0,0.0,MCO,4,"BLOSSOMGAME, JARON",DNP,0,0,0,0,0,0,0,0,0,0,0,0,0,0,0,0,0,0,0.0
2022,RS,8,70,1,P011935   ,0.0,0.0,MCO,5,"MAKOUNDOU, YOAN",DNP,0,0,0,0,0,0,0,0,0,0,0,0,0,0,0,0,0,0,0.0
2022,RS,8,70,1,P011226   ,0.0,1.0,MCO,11,"DIALLO, ALPHA",22:17,4,1,4,0,0,2,2,0,2,2,1,1,2,1,1,2,1,2,6.0
2022,RS,8,70,1,P001833   ,0.0,0.0,MCO,18,"MOERMAN, ADRIEN",19:15,2,1,1,0,2,0,0,0,5,5,1,1,1,0,0,3,2,5,-7.0
2022,RS,8,70,1,PLCZ      ,1.0,0.0,MCO,20,"MOTIEJUNAS, DONATAS",15:44,11,4,6,1,2,0,0,0,2,2,0,1,0,0,0,1,1,11,-2.0
2022,RS,8,70,1,P004197   ,1.0,0.0,MCO,24,"OUATTARA, YAKUBA",13:24,9,3,3,1,3,0,0,0,0,0,0,1,0,0,0,1,0,7,-1.0
2022,RS,8,70,1,P008099   ,0.0,0.0,MCO,32,"STRAZEL, MATTHEW",02:35,0,0,0,0,0,0,0,0,0,0,0,0,0,0,0,2,0,-2,-10.0
2022,RS,8,70,1,P011196   ,0.0,1.0,MCO,45,"HALL, DONTA",19:57,7,3,4,0,0,1,2,2,2,4,1,3,2,0,1,4,2,8,3.0
2022,RS,8,70,1,P005985   ,1.0,0.0,MCO,55,"JAMES, MIKE",25:29,10,2,6,1,4,3,3,2,2,4,7,0,1,0,0,1,4,16,9.0
2022,RS,8,70,1,Team,0.0,0.0,MCO,,Team,,0,0,0,0,0,0,0,2,4,6,0,0,0,0,0,0,0,6,
2022,RS,8,70,1,Total,,,MCO,,Total,200:00,79,18,36,7,17,22,25,8,23,31,13,9,15,2,2,23,26,89,
2022,RS,8,70,0,P011948   ,0.0,1.0,BAS,0,"HOWARD, MARKUS",18:54,3,0,1,1,6,0,0,0,0,0,2,2,3,0,0,4,3,-3,1.0
2022,RS,8,70,0,P008850   ,0.0,0.0,BAS,2,"RAIESTE, SANDER",04:09,0,0,0,0,0,0,0,0,0,0,0,0,0,0,0,3,0,-3,1.0
2022,RS,8,70,0,P006754   ,0.0,1.0,BAS,7,"HENRY, PIERRIA",30:39,17,7,9,1,3,0,1,0,1,1,7,2,2,0,0,2,3,21,3.0
2022,RS,8,70,0,P007230   ,0.0,0.0,BAS,8,"SEDEKERSKIS, TADAS",19:01,6,3,3,0,0,0,0,2,1,3,1,0,0,0,0,2,0,8,-6.0
2022,RS,8,70,0,P004761   ,1.0,0.0,BAS,9,"MARINKOVIC, VANJA",11:13,0,0,0,0,3,0,0,0,0,0,1,0,0,0,0,1,0,-3,-10.0
2022,RS,8,70,0,P003198   ,1.0,1.0,BAS,11,"DIEZ, DANIEL",26:10,12,0,1,3,5,3,5,0,5,5,1,3,2,1,0,2,3,16,2.0
2022,RS,8,70,0,P011078   ,1.0,0.0,BAS,13,"THOMPSON, DARIUS",19:45,13,5,5,1,3,0,2,1,1,2,1,2,3,0,0,5,2,8,-1.0
2022,RS,8,70,0,P004603   ,1.0,0.0,BAS,21,"KOTSAR, MAIK",18:39,11,5,7,0,0,1,3,1,3,4,1,1,1,0,0,1,6,17,-8.0
2022,RS,8,70,0,P010444   ,0.0,1.0,BAS,24,"COSTELLO, MATTHEW",21:20,12,1,2,2,5,4,5,5,4,9,2,0,3,1,0,3,5,18,3.0
2022,RS,8,70,0,P006436   ,1.0,1.0,BAS,31,"GIEDRAITIS, ROKAS",25:52,0,0,1,0,4,0,0,0,5,5,1,0,2,0,2,2,0,-5,-2.0
2022,RS,8,70,0,P007265   ,0.0,0.0,BAS,47,"KURUCS, ARTURS",04:18,0,0,1,0,0,0,0,1,0,1,0,0,1,0,0,1,0,-2,-8.0
2022,RS,8,70,0,Team,0.0,0.0,BAS,,Team,,0,0,0,0,0,0,0,2,1,3,0,0,1,0,0,0,0,2,
2022,RS,8,70,0,Total,,,BAS,,Total,200:00,74,21,30,8,29,8,16,12,21,33,17,10,18,2,2,26,22,74,
2022,RS,8,71,1,P011218   ,1.0,0.0,ZAL,2,"EVANS, KEENAN",30:35,23,3,5,4,8,5,6,0,0,0,1,0,3,0,0,3,6,17,10.0
2022,RS,8,71,1,P003210   ,0.0,0.0,ZAL,4,"LEKAVICIUS, LUKAS",13:47,6,2,3,0,0,2,3,0,0,0,2,0,0,0,0,1,4,9,-2.0
2022,RS,8,71,1,P010390   ,1.0,0.0,ZAL,8,"HAYES, KEVARRIUS",17:54,0,0,1,0,0,0,0,0,5,5,0,3,1,1,1,4,0,2,15.0
2022,RS,8,71,1,P007109   ,1.0,1.0,ZAL,10,"SMITS, ROLANDS",29:57,10,4,6,0,2,2,2,2,8,10,1,1,3,1,0,3,4,17,11.0
2022,RS,8,71,1,P010185   ,0.0,0.0,ZAL,14,"KRIVAS, MOTIEJUS",DNP,0,0,0,0,0,0,0,0,0,0,0,0,0,0,0,0,0,0,0.0
2022,RS,8,71,1,P005504   ,0.0,0.0,ZAL,15,"BIRUTIS, LAURYNAS",11:41,8,2,3,0,0,4,4,0,1,1,0,0,0,0,0,0,2,10,-1.0
2022,RS,8,71,1,P006158   ,0.0,0.0,ZAL,16,"LUKOSIUNAS, KAROLIS",00:03,0,0,0,0,0,0,0,0,0,0,0,0,0,0,0,0,0,0,0.0
2022,RS,8,71,1,P011983   ,1.0,0.0,ZAL,17,"BRAZDEIKIS, IGNAS",22:29,7,1,5,1,3,2,2,1,4,5,2,0,2,1,2,1,2,6,14.0
2022,RS,8,71,1,P003211   ,0.0,1.0,ZAL,33,"DIMSA, TOMAS",08:37,0,0,1,0,2,0,0,0,2,2,1,0,1,0,1,0,1,-1,-3.0
2022,RS,8,71,1,P009601   ,0.0,1.0,ZAL,34,"CAVANAUGH, TYLER",19:29,5,1,1,1,5,0,0,1,5,6,1,0,2,0,0,1,0,5,-1.0
2022,RS,8,71,1,P002676   ,0.0,1.0,ZAL,51,"BUTKEVICIUS, ARNAS",19:04,7,1,1,1,2,2,2,2,6,8,0,2,1,0,0,3,1,13,0.0
2022,RS,8,71,1,P002329   ,1.0,1.0,ZAL,92,"ULANOVAS, EDGARAS",26:24,5,1,1,0,3,3,4,0,0,0,2,0,2,0,0,1,4,4,2.0
2022,RS,8,71,1,Team,0.0,0.0,ZAL,,Team,,0,0,0,0,0,0,0,0,3,3,0,0,2,0,0,0,0,1,
2022,RS,8,71,1,Total,,,ZAL,,Total,200:00,71,15,27,7,25,20,23,6,34,40,10,6,17,3,4,17,24,83,
2022,RS,8,71,0,P007870   ,0.0,0.0,MIL,0,"DAVIES, BRANDON",11:58,2,1,4,0,0,0,0,0,2,2,1,1,1,0,0,0,2,4,-1.0
2022,RS,8,71,0,P005094   ,1.0,0.0,MIL,1,"THOMAS, DESHAUN",14:56,6,3,8,0,1,0,0,2,1,3,0,1,1,0,0,1,2,4,-6.0
2022,RS,8,71,0,P011965   ,0.0,0.0,MIL,3,"MITROU-LONG, NAZ",16:59,19,3,5,3,5,4,4,0,2,2,1,0,1,0,0,5,4,16,9.0
2022,RS,8,71,0,P006433   ,1.0,1.0,MIL,5,"PANGOS, KEVIN",27:17,11,2,4,2,9,1,2,0,1,1,0,1,0,0,1,2,1,1,-14.0
2022,RS,8,71,0,P002849   ,1.0,0.0,MIL,9,"MELLI, NICOLO",23:31,3,1,3,0,1,1,2,2,5,7,1,1,2,1,0,5,5,7,-13.0
2022,RS,8,71,0,P001518   ,0.0,0.0,MIL,17,"RICCI, GIAMPAOLO",06:01,0,0,1,0,1,0,0,0,1,1,0,0,0,0,0,1,0,-2,-6.0
2022,RS,8,71,0,P009903   ,0.0,0.0,MIL,19,"BILIGHA, PAUL",DNP,0,0,0,0,0,0,0,0,0,0,0,0,0,0,0,0,0,0,0.0
2022,RS,8,71,0,P011205   ,1.0,1.0,MIL,22,"HALL, DEVON",32:19,8,0,2,2,9,2,2,0,4,4,2,1,3,0,1,2,2,2,-7.0
2022,RS,8,71,0,P006707   ,0.0,0.0,MIL,25,"BALDASSO, TOMMASO",03:55,0,0,0,0,1,0,0,0,1,1,1,0,0,0,0,1,0,0,-2.0
2022,RS,8,71,0,P005059   ,0.0,1.0,MIL,40,"ALVITI, DAVIDE",19:21,5,1,1,1,2,0,0,0,3,3,0,0,0,0,0,2,0,5,-5.0
2022,RS,8,71,0,P002812   ,1.0,1.0,MIL,42,"HINES, KYLE",25:13,2,1,5,0,0,0,0,3,2,5,3,3,0,2,1,3,0,7,-1.0
2022,RS,8,71,0,P007201   ,0.0,1.0,MIL,77,"VOIGTMANN, JOHANNES",18:30,6,3,3,0,2,0,0,1,1,2,1,1,2,1,0,2,1,6,1.0
2022,RS,8,71,0,Team,0.0,0.0,MIL,,Team,,0,0,0,0,0,0,0,2,3,5,0,0,0,0,0,0,0,5,
2022,RS,8,71,0,Total,,,MIL,,Total,200:00,62,15,36,8,31,8,10,10,26,36,10,9,10,4,3,24,17,55,
2022,RS,8,72,1,P009212   ,0.0,0.0,PAR,1,"VUKCEVIC, TRISTAN",DNP,0,0,0,0,0,0,0,0,0,0,0,0,0,0,0,0,0,0,0.0
2022,RS,8,72,1,P008987   ,1.0,1.0,PAR,2,"LEDAY, ZACH",36:43,21,5,8,2,3,5,6,1,6,7,2,1,1,0,1,2,5,27,4.0
2022,RS,8,72,1,P009862   ,0.0,1.0,PAR,7,"PUNTER, KEVIN",32:18,13,4,10,1,5,2,2,0,5,5,3,0,0,1,1,3,2,10,13.0
2022,RS,8,72,1,P011051   ,0.0,0.0,PAR,9,"SMAILAGIC, ALEN",04:44,9,4,4,0,0,1,1,2,0,2,0,0,0,0,0,1,1,11,-5.0
2022,RS,8,72,1,P005161   ,1.0,1.0,PAR,10,"PAPAPETROU, IOANNIS",17:12,0,0,0,0,3,0,0,0,3,3,1,0,2,1,0,2,2,0,0.0
2022,RS,8,72,1,P011302   ,0.0,1.0,PAR,11,"EXUM, DANTE",27:31,21,6,7,1,1,6,6,0,4,4,5,2,2,0,1,1,4,31,18.0
2022,RS,8,72,1,P007400   ,1.0,0.0,PAR,21,"NUNNALLY, JAMES",22:23,6,0,3,2,2,0,0,1,0,1,0,0,0,0,1,0,0,3,8.0
2022,RS,8,72,1,P011261   ,0.0,0.0,PAR,24,"GLAS, GREGOR",DNP,0,0,0,0,0,0,0,0,0,0,0,0,0,0,0,0,0,0,0.0
2022,RS,8,72,1,P003842   ,1.0,1.0,PAR,26,"LESSORT, MATHIAS",33:27,16,6,9,0,0,4,4,7,1,8,4,0,2,1,0,2,5,27,11.0
2022,RS,8,72,1,P007673   ,0.0,0.0,PAR,32,"TRIFUNOVIC, UROS",00:15,0,0,0,0,0,0,0,0,0,0,0,0,0,0,0,0,0,0,0.0
2022,RS,8,72,1,P000956   ,0.0,0.0,PAR,33,"ANDJUSIC, DANILO",12:07,2,0,1,0,2,2,2,0,0,0,0,0,0,0,0,1,2,0,-4.0
2022,RS,8,72,1,P011052   ,1.0,0.0,PAR,41,"MADAR, YAM",13:20,8,1,1,2,2,0,0,0,0,0,1,0,0,0,0,4,0,5,-5.0
2022,RS,8,72,1,Team,0.0,0.0,PAR,,Team,,0,0,0,0,0,0,0,0,3,3,0,0,2,0,0,0,0,1,
2022,RS,8,72,1,Total,,,PAR,,Total,200:00,96,26,43,8,18,20,21,11,22,33,16,3,9,3,4,16,21,115,
2022,RS,8,72,0,P012056   ,0.0,0.0,TEL,3,"ADAMS, JALEN",06:48,0,0,1,0,0,0,0,0,0,0,0,0,0,0,1,0,0,-2,-9.0
2022,RS,8,72,0,P009622   ,1.0,0.0,TEL,4,"BROWN, LORENZO",34:43,8,1,4,2,6,0,0,0,3,3,5,0,4,0,0,2,1,4,-1.0
2022,RS,8,72,0,P009863   ,1.0,1.0,TEL,5,"BALDWIN IV, WADE",34:15,23,7,13,1,6,6,6,0,4,4,7,1,3,0,0,3,7,25,-2.0
2022,RS,8,72,0,P011967   ,0.0,0.0,TEL,6,"MARTIN, JARELL",02:50,0,0,0,0,0,0,0,0,0,0,0,0,0,0,0,0,0,0,-2.0
2022,RS,8,72,0,P011219   ,1.0,0.0,TEL,9,"SORKIN, ROMAN",25:40,10,5,6,0,0,0,1,3,1,4,3,0,0,2,0,1,3,19,2.0
2022,RS,8,72,0,P007990   ,0.0,0.0,TEL,12,"DIBARTOLOMEO, JOHN",05:33,0,0,0,0,1,0,0,1,0,1,0,0,0,0,1,1,1,-1,-6.0
2022,RS,8,72,0,P008989   ,1.0,1.0,TEL,13,"HILLIARD, DARRUN",24:04,14,1,2,4,6,0,0,1,2,3,2,2,0,0,0,4,0,14,-3.0
2022,RS,8,72,0,P005145   ,0.0,0.0,TEL,15,"COHEN, JAKE",00:50,0,0,0,0,0,0,0,0,0,0,1,0,0,0,0,0,0,1,0.0
2022,RS,8,72,0,P009917   ,0.0,0.0,TEL,20,"HOLLINS, AUSTIN",DNP,0,0,0,0,0,0,0,0,0,0,0,0,0,0,0,0,0,0,0.0
2022,RS,8,72,0,P009960   ,1.0,1.0,TEL,22,"POYTHRESS, ALEX",30:03,16,6,8,0,0,4,6,1,0,1,1,1,0,0,1,4,4,14,3.0
2022,RS,8,72,0,P011199   ,0.0,1.0,TEL,32,"NEBO, JOSH",10:40,0,0,0,0,0,0,0,1,0,1,0,0,0,1,0,2,0,0,-7.0
2022,RS,8,72,0,P009783   ,0.0,1.0,TEL,50,"COLSON, BONZIE",24:34,17,4,6,3,6,0,0,1,3,4,0,1,2,1,0,4,0,12,-15.0
2022,RS,8,72,0,Team,0.0,0.0,TEL,,Team,,0,0,0,0,0,0,0,0,3,3,0,0,0,0,0,0,0,3,
2022,RS,8,72,0,Total,,,TEL,,Total,200:00,88,24,40,10,25,10,13,8,16,24,19,5,9,4,3,21,16,89,
2022,RS,9,73,1,P010588   ,1.0,1.0,MCO,0,"BROWN, JOHN",24:15,8,4,8,0,0,0,0,1,1,2,0,1,1,0,0,4,0,2,-2.0
2022,RS,9,73,1,P011212   ,0.0,1.0,MCO,0,"OKOBO, ELIE",25:05,12,2,3,2,4,2,3,2,2,4,5,0,2,0,0,0,4,19,-5.0
2022,RS,9,73,1,P009754   ,1.0,1.0,MCO,3,"LOYD, JORDAN",25:47,18,1,2,4,7,4,4,1,4,5,2,1,0,0,0,3,5,24,1.0
2022,RS,9,73,1,P011231   ,1.0,0.0,MCO,4,"BLOSSOMGAME, JARON",19:41,3,0,0,1,2,0,0,0,0,0,0,2,1,0,0,2,0,1,4.0
2022,RS,9,73,1,P011935   ,0.0,0.0,MCO,5,"MAKOUNDOU, YOAN",DNP,0,0,0,0,0,0,0,0,0,0,0,0,0,0,0,0,0,0,0.0
2022,RS,9,73,1,P011226   ,0.0,1.0,MCO,11,"DIALLO, ALPHA",21:30,16,4,6,1,1,5,7,2,3,5,1,1,1,0,0,2,4,20,-3.0
2022,RS,9,73,1,P001833   ,0.0,0.0,MCO,18,"MOERMAN, ADRIEN",06:40,0,0,1,0,2,0,0,0,0,0,0,0,1,0,0,0,0,-4,-7.0
2022,RS,9,73,1,PLCZ      ,1.0,0.0,MCO,20,"MOTIEJUNAS, DONATAS",16:00,11,3,4,1,1,2,2,0,3,3,3,1,3,0,0,2,4,16,4.0
2022,RS,9,73,1,P004197   ,0.0,0.0,MCO,24,"OUATTARA, YAKUBA",DNP,0,0,0,0,0,0,0,0,0,0,0,0,0,0,0,0,0,0,0.0
2022,RS,9,73,1,P008099   ,0.0,0.0,MCO,32,"STRAZEL, MATTHEW",02:20,0,0,0,0,0,0,0,0,0,0,0,0,0,0,0,0,0,0,-8.0
2022,RS,9,73,1,P011196   ,0.0,0.0,MCO,45,"HALL, DONTA",23:44,8,4,7,0,0,0,1,5,3,8,2,0,0,2,1,5,2,12,-7.0
2022,RS,9,73,1,P005985   ,1.0,1.0,MCO,55,"JAMES, MIKE",34:58,17,1,5,3,9,6,9,0,3,3,5,2,1,0,0,3,5,15,8.0
2022,RS,9,73,1,Team,0.0,0.0,MCO,,Team,,0,0,0,0,0,0,0,1,0,1,0,0,0,0,0,0,0,1,
2022,RS,9,73,1,Total,,,MCO,,Total,200:00,93,19,36,12,26,19,26,12,19,31,18,8,10,2,1,21,24,106,
2022,RS,9,73,0,P011157   ,1.0,1.0,ULK,0,"MOTLEY, JOHNATHAN",21:33,8,2,4,0,0,4,6,2,2,4,3,2,1,0,0,3,5,14,1.0
2022,RS,9,73,0,P003091   ,0.0,0.0,ULK,1,"BIRSEN, METECAN",08:42,6,0,1,2,2,0,0,0,0,0,1,0,0,0,0,2,0,4,4.0
2022,RS,9,73,0,P011201   ,0.0,0.0,ULK,2,"HAZER, SEHMUS",DNP,0,0,0,0,0,0,0,0,0,0,0,0,0,0,0,0,0,0,0.0
2022,RS,9,73,0,P006661   ,1.0,0.0,ULK,3,"WILBEKIN, SCOTTIE",28:26,13,1,3,3,8,2,2,0,1,1,7,2,1,0,0,2,2,15,1.0
2022,RS,9,73,0,P011987   ,0.0,0.0,ULK,4,"EDWARDS, CARSEN",14:14,12,1,2,2,4,4,4,0,4,4,2,1,0,0,0,0,3,19,4.0
2022,RS,9,73,0,P007122   ,0.0,0.0,ULK,9,"GEYIK, SAMET",DNP,0,0,0,0,0,0,0,0,0,0,0,0,0,0,0,0,0,0,0.0
2022,RS,9,73,0,P002969   ,0.0,0.0,ULK,10,"MAHMUTOGLU, MELIH",DNP,0,0,0,0,0,0,0,0,0,0,0,0,0,0,0,0,0,0,0.0
2022,RS,9,73,0,P008962   ,1.0,1.0,ULK,11,"HAYES-DAVIS, NIGEL",27:17,21,3,8,4,5,3,3,1,4,5,0,1,0,0,1,3,2,19,3.0
2022,RS,9,73,0,P009733   ,0.0,1.0,ULK,22,"JEKIRI, TONYE",15:38,4,2,3,0,0,0,0,2,4,6,1,0,2,1,0,4,1,6,2.0
2022,RS,9,73,0,P004004   ,0.0,1.0,ULK,23,"GUDURIC, MARKO",26:24,11,3,4,1,4,2,3,0,2,2,1,2,3,0,0,4,2,6,-7.0
2022,RS,9,73,0,P007056   ,1.0,0.0,ULK,31,"BOOKER, DEVIN",23:30,6,2,5,0,1,2,4,4,1,5,3,0,0,0,1,5,2,4,7.0
2022,RS,9,73,0,P001932   ,1.0,1.0,ULK,33,"CALATHES, NICK",34:16,15,6,7,1,3,0,0,1,2,3,7,2,2,0,0,1,4,25,0.0
2022,RS,9,73,0,Team,0.0,0.0,ULK,,Team,,0,0,0,0,0,0,0,1,2,3,0,0,0,0,0,0,0,3,
2022,RS,9,73,0,Total,,,ULK,,Total,200:00,96,20,37,13,27,17,22,11,22,33,25,10,9,1,2,24,21,115,
2022,RS,9,74,1,P007032   ,0.0,0.0,BER,0,"LO, MAODO",13:03,2,1,1,0,2,0,2,2,1,3,2,0,0,0,0,2,2,3,-11.0
2022,RS,9,74,1,P008384   ,0.0,0.0,BER,1,"PROCIDA, GABRIELE",11:14,3,0,1,1,2,0,2,0,0,0,0,0,2,0,0,0,1,-2,-10.0
2022,RS,9,74,1,P011192   ,1.0,1.0,BER,3,"SMITH, JALEEN",32:36,23,2,4,5,12,4,6,1,7,8,1,2,3,0,0,3,5,22,5.0
2022,RS,9,74,1,P008211   ,0.0,1.0,BER,6,"DELOW, MALTE",16:45,6,0,0,2,2,0,0,0,3,3,0,1,1,0,0,2,1,8,-7.0
2022,RS,9,74,1,P011934   ,0.0,0.0,BER,7,"WETZELL, YANNI",08:16,2,1,3,0,0,0,0,1,0,1,0,0,1,0,0,0,0,0,6.0
2022,RS,9,74,1,P006251   ,0.0,0.0,BER,10,"SCHNEIDER, TIM",DNP,0,0,0,0,0,0,0,0,0,0,0,0,0,0,0,0,0,0,0.0
2022,RS,9,74,1,P010791   ,1.0,0.0,BER,21,"KOUMADJE, CHRIST",13:06,5,2,3,0,0,1,2,0,1,1,0,0,1,1,0,3,1,2,5.0
2022,RS,9,74,1,P003958   ,0.0,1.0,BER,32,"THIEMANN, JOHANNES",15:53,4,2,5,0,0,0,0,2,3,5,2,1,1,0,1,0,0,7,-13.0
2022,RS,9,74,1,P006589   ,1.0,0.0,BER,43,"SIKMA, LUKE",30:53,10,3,6,0,1,4,7,2,3,5,7,2,5,1,0,3,10,20,5.0
2022,RS,9,74,1,P010385   ,0.0,1.0,BER,44,"LAMMERS, BEN",21:47,12,2,3,2,2,2,2,2,2,4,0,0,2,2,0,2,1,14,-11.0
2022,RS,9,74,1,P011193   ,1.0,1.0,BER,45,"BLATT, TAMIR",31:28,7,0,1,2,6,1,2,0,1,1,7,0,1,0,0,0,1,9,7.0
2022,RS,9,74,1,P006625   ,1.0,0.0,BER,50,"ZOOSMAN, YOVEL",29:59,10,3,5,1,5,1,2,3,1,4,2,2,3,0,1,4,3,6,4.0
2022,RS,9,74,1,Team,0.0,0.0,BER,,Team,,0,0,0,0,0,0,0,1,3,4,0,0,1,0,0,0,0,3,
2022,RS,9,74,1,Total,,,BER,,Total,225:00,84,16,32,13,32,13,25,14,25,39,21,8,21,4,2,19,25,92,
2022,RS,9,74,0,P004267   ,1.0,0.0,RED,0,"HOLLAND, JOHN",13:30,5,1,2,1,3,0,0,0,1,1,0,1,0,0,1,2,1,2,-11.0
2022,RS,9,74,0,P007947   ,1.0,1.0,RED,1,"VILDOZA, LUCA",28:29,21,4,5,4,9,1,1,0,3,3,5,2,3,0,0,2,2,22,-1.0
2022,RS,9,74,0,P002553   ,0.0,1.0,RED,9,"MITROVIC, LUKA",24:56,15,6,8,0,0,3,3,1,3,4,0,0,1,0,1,4,2,13,17.0
2022,RS,9,74,0,PLUO      ,1.0,0.0,RED,10,"LAZIC, BRANKO",18:05,0,0,0,0,1,0,0,0,0,0,0,0,0,0,0,3,2,-2,4.0
2022,RS,9,74,0,P009540   ,0.0,0.0,RED,12,"MARTIN, HASSAN",08:07,2,1,2,0,0,0,0,0,2,2,1,1,1,1,0,2,0,3,-7.0
2022,RS,9,74,0,P004007   ,0.0,0.0,RED,13,"DOBRIC, OGNJEN",20:07,6,2,2,0,3,2,2,1,2,3,0,0,1,0,0,1,1,5,1.0
2022,RS,9,74,0,P003332   ,0.0,1.0,RED,20,"IVANOVIC, NIKOLA",24:01,6,2,3,0,2,2,2,2,1,3,1,0,1,0,0,2,3,7,9.0
2022,RS,9,74,0,P000848   ,0.0,1.0,RED,26,"NEDOVIC, NEMANJA",30:48,17,5,12,1,7,4,5,0,2,2,6,3,3,0,1,2,5,13,10.0
2022,RS,9,74,0,PLME      ,0.0,0.0,RED,27,"MARKOVIC, STEFAN",DNP,0,0,0,0,0,0,0,0,0,0,0,0,0,0,0,0,0,0,0.0
2022,RS,9,74,0,P003479   ,1.0,0.0,RED,32,"KUZMIC, OGNJEN",11:57,2,1,2,0,0,0,0,1,1,2,1,1,2,0,0,0,1,4,-6.0
2022,RS,9,74,0,P011194   ,0.0,1.0,RED,33,"PETRUSEV, FILIP",29:04,7,2,5,1,1,0,0,2,6,8,1,0,1,1,1,4,0,8,18.0
2022,RS,9,74,0,P009818   ,1.0,0.0,RED,50,"BENTIL, BENJAMIN",15:56,7,3,7,0,1,1,1,1,2,3,0,0,1,0,0,3,2,3,-14.0
2022,RS,9,74,0,Team,0.0,0.0,RED,,Team,,0,0,0,0,0,0,0,6,1,7,0,0,2,0,0,0,0,5,
2022,RS,9,74,0,Total,,,RED,,Total,225:00,88,27,48,7,27,13,14,14,24,38,15,8,16,2,4,25,19,83,
2022,RS,9,75,1,P012056   ,0.0,0.0,TEL,3,"ADAMS, JALEN",02:43,0,0,1,0,0,0,0,1,0,1,0,0,2,0,0,2,0,-4,-1.0
2022,RS,9,75,1,P009622   ,1.0,1.0,TEL,4,"BROWN, LORENZO",31:57,16,5,8,2,3,0,0,0,5,5,6,1,3,0,0,3,2,20,-6.0
2022,RS,9,75,1,P009863   ,1.0,1.0,TEL,5,"BALDWIN IV, WADE",26:54,22,1,5,4,7,8,8,0,3,3,2,1,2,0,1,2,8,24,1.0
2022,RS,9,75,1,P011967   ,0.0,0.0,TEL,6,"MARTIN, JARELL",17:30,13,2,4,2,4,3,4,3,2,5,0,0,0,0,0,2,2,13,16.0
2022,RS,9,75,1,P004233   ,0.0,0.0,TEL,8,"MENCO, RAFI",DNP,0,0,0,0,0,0,0,0,0,0,0,0,0,0,0,0,0,0,0.0
2022,RS,9,75,1,P011219   ,1.0,0.0,TEL,9,"SORKIN, ROMAN",22:10,4,2,2,0,1,0,0,1,2,3,0,1,1,1,0,4,0,3,7.0
2022,RS,9,75,1,P007990   ,0.0,1.0,TEL,12,"DIBARTOLOMEO, JOHN",21:57,11,3,3,1,4,2,2,0,7,7,3,2,2,0,0,4,2,16,16.0
2022,RS,9,75,1,P008989   ,1.0,0.0,TEL,13,"HILLIARD, DARRUN",09:23,2,0,3,0,2,2,2,0,1,1,0,1,0,0,0,1,1,-1,-12.0
2022,RS,9,75,1,P009917   ,0.0,0.0,TEL,20,"HOLLINS, AUSTIN",12:35,8,1,1,2,5,0,0,1,0,1,2,1,2,1,0,1,1,8,3.0
2022,RS,9,75,1,P009960   ,1.0,1.0,TEL,22,"POYTHRESS, ALEX",25:10,6,2,4,0,0,2,2,0,3,3,1,0,1,0,0,1,4,10,-7.0
2022,RS,9,75,1,P011199   ,0.0,1.0,TEL,32,"NEBO, JOSH",16:17,5,0,0,0,0,5,6,4,3,7,0,0,1,1,0,0,3,14,2.0
2022,RS,9,75,1,P009783   ,0.0,0.0,TEL,50,"COLSON, BONZIE",13:24,3,0,1,1,2,0,0,0,0,0,1,0,2,2,1,2,0,-1,11.0
2022,RS,9,75,1,Team,0.0,0.0,TEL,,Team,,0,0,0,0,0,0,0,2,2,4,0,0,1,0,0,0,0,3,
2022,RS,9,75,1,Total,,,TEL,,Total,200:00,90,16,32,12,28,22,24,12,28,40,15,7,17,5,2,22,23,105,
2022,RS,9,75,0,P008855   ,1.0,0.0,OLY,0,"WALKUP, THOMAS",22:58,2,0,0,0,1,2,2,0,0,0,9,4,4,0,0,5,5,10,5.0
2022,RS,9,75,0,P010612   ,1.0,0.0,OLY,3,"CANAAN, ISAIAH",13:08,4,2,4,0,2,0,0,0,2,2,0,0,1,0,0,3,1,-1,9.0
2022,RS,9,75,0,P006302   ,0.0,0.0,OLY,4,"LOUNTZIS, MICHALIS",DNP,0,0,0,0,0,0,0,0,0,0,0,0,0,0,0,0,0,0,0.0
2022,RS,9,75,0,P010392   ,0.0,1.0,OLY,5,"LARENTZAKIS, GIANNOULIS",26:52,21,3,3,5,9,0,1,0,0,0,1,1,1,0,0,4,1,14,-15.0
2022,RS,9,75,0,P008811   ,1.0,1.0,OLY,10,"FALL, MOUSTAPHA",23:59,2,0,1,0,0,2,2,1,4,5,3,3,1,1,1,3,3,11,1.0
2022,RS,9,75,0,P001926   ,0.0,1.0,OLY,11,"SLOUKAS, KOSTAS",23:40,15,3,5,2,5,3,3,0,2,2,5,0,1,0,0,2,2,16,-11.0
2022,RS,9,75,0,P003469   ,1.0,1.0,OLY,14,"VEZENKOV, SASHA",31:11,17,5,11,1,5,4,5,4,6,10,1,1,1,0,2,1,4,18,-5.0
2022,RS,9,75,0,P001255   ,1.0,1.0,OLY,16,"PAPANIKOLAOU, KOSTAS",25:01,13,2,2,3,5,0,0,0,2,2,1,0,3,0,0,1,0,10,-9.0
2022,RS,9,75,0,P009035   ,0.0,0.0,OLY,21,"BOLOMBOY, JOEL",09:13,1,0,1,0,0,1,2,0,1,1,0,0,0,0,1,0,2,1,-12.0
2022,RS,9,75,0,P008829   ,0.0,0.0,OLY,25,"PETERS, ALEC",08:49,5,1,1,1,3,0,0,0,0,0,0,0,1,1,0,2,1,2,-1.0
2022,RS,9,75,0,P008991   ,0.0,0.0,OLY,28,"BLACK, TARIK",06:48,2,0,1,0,0,2,2,0,0,0,0,0,0,0,1,2,1,-1,5.0
2022,RS,9,75,0,P007853   ,0.0,0.0,OLY,77,"MCKISSIC, SHAQUIELLE",08:21,2,1,1,0,0,0,1,0,1,1,1,1,0,0,0,1,1,4,3.0
2022,RS,9,75,0,Team,0.0,0.0,OLY,,Team,,0,0,0,0,0,0,0,0,3,3,0,0,0,0,0,0,0,3,
2022,RS,9,75,0,Total,,,OLY,,Total,200:00,84,17,30,12,30,14,18,5,21,26,21,10,13,2,5,24,21,87,
2022,RS,9,76,1,P007870   ,0.0,1.0,MIL,0,"DAVIES, BRANDON",17:43,5,2,5,0,0,1,2,0,3,3,0,3,2,0,0,3,2,4,-2.0
2022,RS,9,76,1,P005094   ,0.0,0.0,MIL,1,"THOMAS, DESHAUN",DNP,0,0,0,0,0,0,0,0,0,0,0,0,0,0,0,0,0,0,0.0
2022,RS,9,76,1,P012080   ,1.0,1.0,MIL,2,"LUWAWU-CABARROT, TIMOTHE",18:49,6,3,4,0,4,0,0,0,1,1,0,1,1,0,0,2,0,0,-20.0
2022,RS,9,76,1,P011965   ,0.0,1.0,MIL,3,"MITROU-LONG, NAZ",17:15,10,2,2,2,7,0,0,1,0,1,1,0,1,0,0,4,1,3,-5.0
2022,RS,9,76,1,P006433   ,1.0,1.0,MIL,5,"PANGOS, KEVIN",31:46,7,2,5,1,8,0,0,0,4,4,3,1,1,0,1,1,2,4,-22.0
2022,RS,9,76,1,P002849   ,1.0,0.0,MIL,9,"MELLI, NICOLO",29:53,9,3,6,1,4,0,0,1,1,2,1,1,0,2,0,1,5,13,-34.0
2022,RS,9,76,1,P001518   ,0.0,0.0,MIL,17,"RICCI, GIAMPAOLO",16:31,0,0,0,0,2,0,0,1,2,3,0,0,0,0,0,2,0,-1,-17.0
2022,RS,9,76,1,P011205   ,1.0,0.0,MIL,22,"HALL, DEVON",29:58,5,1,2,1,3,0,0,1,1,2,2,1,2,0,0,3,1,3,-29.0
2022,RS,9,76,1,P006707   ,0.0,0.0,MIL,25,"BALDASSO, TOMMASO",DNP,0,0,0,0,0,0,0,0,0,0,0,0,0,0,0,0,0,0,0.0
2022,RS,9,76,1,P005059   ,0.0,0.0,MIL,40,"ALVITI, DAVIDE",00:05,0,0,0,0,0,0,0,0,0,0,0,0,0,0,0,0,0,0,0.0
2022,RS,9,76,1,P002812   ,1.0,0.0,MIL,42,"HINES, KYLE",22:17,6,3,4,0,0,0,0,1,2,3,1,0,1,0,1,1,0,6,-27.0
2022,RS,9,76,1,P007201   ,0.0,1.0,MIL,77,"VOIGTMANN, JOHANNES",15:43,3,1,5,0,4,1,2,3,3,6,4,0,0,0,1,2,2,3,11.0
2022,RS,9,76,1,Team,0.0,0.0,MIL,,Team,,0,0,0,0,0,0,0,4,1,5,0,0,1,0,0,0,0,4,
2022,RS,9,76,1,Total,,,MIL,,Total,200:00,51,17,33,5,32,2,4,12,18,30,12,7,9,2,3,19,13,39,
2022,RS,9,76,0,P006590   ,1.0,0.0,IST,1,"BEAUBOIS, RODRIGUE",30:40,8,2,4,1,2,1,2,0,5,5,7,3,1,0,0,2,1,17,27.0
2022,RS,9,76,0,P009846   ,1.0,1.0,IST,6,"BRYANT, ELIJAH",15:34,6,1,1,1,1,1,3,0,3,3,1,0,3,0,0,1,2,6,4.0
2022,RS,9,76,0,P008282   ,0.0,1.0,IST,10,"ILYASOGLU, OMERCAN",03:11,0,0,0,0,0,0,0,0,1,1,1,0,3,0,0,0,0,-1,0.0
2022,RS,9,76,0,P004888   ,0.0,0.0,IST,12,"CLYBURN, WILL",33:06,24,6,10,4,6,0,0,3,6,9,1,0,1,0,1,1,4,29,34.0
2022,RS,9,76,0,P012068   ,0.0,1.0,IST,13,"TAYLOR, ISAIAH",06:36,3,0,1,1,1,0,0,0,0,0,0,0,0,0,0,2,0,0,-4.0
2022,RS,9,76,0,PLHK      ,0.0,0.0,IST,21,"PLEISS, TIBOR",27:32,13,2,3,3,5,0,0,0,3,3,0,0,1,1,0,1,1,13,31.0
2022,RS,9,76,0,P002580   ,1.0,0.0,IST,22,"MICIC, VASILIJE",30:53,12,3,4,1,5,3,4,0,2,2,4,0,2,0,0,3,8,15,26.0
2022,RS,9,76,0,P007993   ,0.0,1.0,IST,24,"M'BAYE, AMATH",21:29,10,1,1,2,3,2,2,1,1,2,0,0,0,0,0,0,2,13,9.0
2022,RS,9,76,0,P002084   ,1.0,0.0,IST,33,"POLONARA, ACHILLE",15:58,4,0,2,1,2,1,2,0,4,4,0,1,0,1,1,2,1,4,14.0
2022,RS,9,76,0,P004554   ,1.0,0.0,IST,41,"ZIZIC, ANTE",03:43,0,0,1,0,0,0,0,0,2,2,0,0,0,0,0,0,0,1,-5.0
2022,RS,9,76,0,P003048   ,0.0,1.0,IST,42,"DUNSTON, BRYANT",11:18,0,0,0,0,0,0,0,0,4,4,0,0,1,1,0,1,0,3,9.0
2022,RS,9,76,0,Team,0.0,0.0,IST,,Team,,0,0,0,0,0,0,0,1,0,1,0,0,1,0,0,0,0,0,
2022,RS,9,76,0,Total,,,IST,,Total,200:00,80,15,27,14,25,8,13,5,31,36,14,4,13,3,2,13,19,100,
2022,RS,9,77,1,P011970   ,0.0,1.0,PAM,0,"HARPER, JARED",19:06,11,0,6,2,4,5,8,0,2,2,5,0,1,0,0,1,6,11,2.0
2022,RS,9,77,1,P000556   ,0.0,1.0,PAM,1,"CLAVER, VICTOR",23:04,6,2,2,0,2,2,2,0,5,5,2,5,0,0,0,0,3,19,10.0
2022,RS,9,77,1,P006643   ,1.0,0.0,PAM,2,"PUERTO, JOSEP",16:54,2,1,1,0,0,0,0,0,1,1,0,0,1,0,0,2,2,2,-17.0
2022,RS,9,77,1,P002661   ,0.0,0.0,PAM,3,"PREPELIC, KLEMEN",07:35,0,0,0,0,1,0,0,0,0,0,1,0,1,0,0,1,1,-1,0.0
2022,RS,9,77,1,P010393   ,0.0,1.0,PAM,4,"PRADILLA, JAIME",13:53,0,0,0,0,0,0,0,1,2,3,1,0,0,0,0,2,1,3,7.0
2022,RS,9,77,1,P011971   ,1.0,0.0,PAM,5,"WEBB III, JAMES",12:08,2,1,2,0,1,0,0,0,1,1,1,1,0,0,0,2,0,1,-14.0
2022,RS,9,77,1,P005356   ,1.0,0.0,PAM,6,"LOPEZ-AROSTEGUI, XABI",20:04,6,3,5,0,2,0,0,1,2,3,1,0,2,0,0,2,2,4,-16.0
2022,RS,9,77,1,PLRQ      ,1.0,1.0,PAM,9,"VAN ROSSOM, SAM",25:40,17,1,1,5,8,0,0,1,1,2,3,0,4,0,0,4,0,11,-6.0
2022,RS,9,77,1,P011972   ,0.0,0.0,PAM,12,"RADEBAUGH, JONAH",07:37,3,0,2,1,1,0,0,0,1,1,0,0,0,0,0,0,0,2,6.0
2022,RS,9,77,1,P002742   ,1.0,1.0,PAM,14,"DUBLJEVIC, BOJAN",26:07,15,2,4,3,7,2,2,0,1,1,2,2,1,0,0,1,3,15,-12.0
2022,RS,9,77,1,P011973   ,0.0,0.0,PAM,21,"ALEXANDER, KYLE",09:41,5,2,5,0,1,1,1,4,1,5,0,0,0,0,1,1,2,6,3.0
2022,RS,9,77,1,P011214   ,0.0,0.0,PAM,41,"RIVERO, JASIEL",18:11,6,2,4,0,1,2,2,0,1,1,1,1,2,0,0,1,1,4,2.0
2022,RS,9,77,1,Team,0.0,0.0,PAM,,Team,,0,0,0,0,0,0,0,2,3,5,0,0,1,0,0,0,0,4,
2022,RS,9,77,1,Total,,,PAM,,Total,200:00,73,14,32,11,28,12,15,9,21,30,17,9,13,0,1,17,21,81,
2022,RS,9,77,0,P007982   ,1.0,0.0,MAD,0,"WILLIAMS-GOSS, NIGEL",07:08,0,0,1,0,0,0,0,0,0,0,1,0,1,0,0,0,0,-1,9.0
2022,RS,9,77,0,P001392   ,0.0,0.0,MAD,1,"CAUSEUR, FABIEN",12:56,5,1,1,0,2,3,3,1,2,3,0,1,1,0,0,0,2,8,-6.0
2022,RS,9,77,0,P003733   ,0.0,0.0,MAD,6,"ABALDE, ALBERTO",03:21,0,0,0,0,0,0,0,0,0,0,0,1,0,0,0,0,0,1,-2.0
2022,RS,9,77,0,P003108   ,0.0,1.0,MAD,11,"HEZONJA, MARIO",08:17,2,0,0,0,2,2,2,0,1,1,1,0,1,0,0,1,1,1,-4.0
2022,RS,9,77,0,PCVM      ,0.0,0.0,MAD,13,"RODRIGUEZ, SERGIO",12:45,3,0,0,1,6,0,0,0,0,0,3,0,2,0,0,3,1,-3,-3.0
2022,RS,9,77,0,P009005   ,1.0,1.0,MAD,14,"DECK, GABRIEL",33:46,16,7,11,0,3,2,2,2,8,10,0,1,2,0,0,1,2,19,11.0
2022,RS,9,77,0,P004887   ,0.0,0.0,MAD,17,"POIRIER, VINCENT",13:46,4,2,3,0,0,0,0,2,2,4,1,0,2,0,0,5,2,3,-7.0
2022,RS,9,77,0,P004790   ,1.0,1.0,MAD,21,"CORNELIE, PETR",19:34,10,3,5,1,4,1,1,1,3,4,2,0,1,0,0,3,2,9,17.0
2022,RS,9,77,0,P005791   ,1.0,1.0,MAD,22,"TAVARES, WALTER",26:12,4,2,2,0,0,0,0,5,1,6,6,0,2,1,0,3,1,13,14.0
2022,RS,9,77,0,PTGB      ,0.0,1.0,MAD,23,"LLULL, SERGIO",21:38,8,0,2,2,4,2,2,0,2,2,3,0,0,0,0,1,2,10,-2.0
2022,RS,9,77,0,P009213   ,0.0,0.0,MAD,30,"NDIAYE, ELI",12:22,0,0,0,0,2,0,0,0,1,1,0,1,0,0,0,2,0,-2,-2.0
2022,RS,9,77,0,P006540   ,1.0,0.0,MAD,31,"MUSA, DZANAN",28:15,28,10,13,2,5,2,2,2,4,6,2,2,2,0,0,2,4,32,10.0
2022,RS,9,77,0,Team,0.0,0.0,MAD,,Team,,0,0,0,0,0,0,0,0,1,1,0,0,0,0,0,0,0,1,
2022,RS,9,77,0,Total,,,MAD,,Total,200:00,80,25,38,6,28,12,12,13,25,38,19,6,14,1,0,21,17,91,
2022,RS,9,78,1,P011244   ,0.0,1.0,BAR,1,"DA SILVA, OSCAR",22:20,5,2,4,0,2,1,2,4,6,10,0,1,0,1,1,1,2,12,7.0
2022,RS,9,78,1,P002968   ,1.0,0.0,BAR,5,"SANLI, SERTAC",20:39,8,2,3,0,2,4,5,2,3,5,1,0,1,1,0,3,3,10,1.0
2022,RS,9,78,1,P000925   ,0.0,1.0,BAR,6,"VESELY, JAN",19:21,4,2,5,0,0,0,2,1,4,5,0,1,0,0,0,0,3,8,10.0
2022,RS,9,78,1,P004866   ,1.0,0.0,BAR,10,"KALINIC, NIKOLA",20:58,9,3,5,1,1,0,0,3,0,3,2,1,2,0,1,2,2,10,9.0
2022,RS,9,78,1,P002939   ,1.0,0.0,BAR,13,"SATORANSKY, TOMAS",24:53,11,4,8,1,2,0,0,1,2,3,3,0,0,0,0,3,3,12,8.0
2022,RS,9,78,1,P006435   ,1.0,0.0,BAR,20,"LAPROVITTOLA, NICOLAS",21:05,13,4,6,1,4,2,4,0,3,3,6,0,1,0,0,1,1,14,15.0
2022,RS,9,78,1,P003478   ,0.0,0.0,BAR,21,"ABRINES, ALEX",13:56,6,0,0,2,4,0,0,1,1,2,0,0,2,0,0,3,0,1,5.0
2022,RS,9,78,1,P006450   ,0.0,1.0,BAR,22,"HIGGINS, CORY",17:37,7,0,2,1,5,4,6,0,2,2,1,0,0,0,1,3,5,3,0.0
2022,RS,9,78,1,P008966   ,1.0,0.0,BAR,23,"TOBEY, MIKE",17:38,5,0,0,1,3,2,2,0,3,3,0,0,0,0,0,3,1,4,4.0
2022,RS,9,78,1,P005789   ,0.0,1.0,BAR,24,"KURIC, KYLE",05:06,3,0,0,1,1,0,0,0,0,0,0,1,0,0,0,0,0,4,-3.0
2022,RS,9,78,1,P007519   ,0.0,1.0,BAR,31,"JOKUBAITIS, ROKAS",16:27,8,4,6,0,1,0,0,0,1,1,5,0,1,0,2,2,1,7,-1.0
2022,RS,9,78,1,P010641   ,0.0,0.0,BAR,46,"NNAJI, JAMES",DNP,0,0,0,0,0,0,0,0,0,0,0,0,0,0,0,0,0,0,0.0
2022,RS,9,78,1,Team,0.0,0.0,BAR,,Team,,0,0,0,0,0,0,0,2,1,3,0,0,2,0,0,0,0,1,
2022,RS,9,78,1,Total,,,BAR,,Total,200:00,79,21,39,8,25,13,21,14,26,40,18,4,9,2,5,21,21,86,
2022,RS,9,78,0,P008987   ,1.0,1.0,PAR,2,"LEDAY, ZACH",30:30,8,2,6,0,1,4,4,0,3,3,1,0,0,0,0,2,4,9,-17.0
2022,RS,9,78,0,P009862   ,0.0,0.0,PAR,7,"PUNTER, KEVIN",12:53,2,0,5,0,0,2,2,1,0,1,0,1,0,0,0,1,2,0,-6.0
2022,RS,9,78,0,P011051   ,0.0,0.0,PAR,9,"SMAILAGIC, ALEN",08:01,5,0,2,1,1,2,2,1,0,1,0,0,0,1,0,4,1,2,-1.0
2022,RS,9,78,0,P005161   ,1.0,1.0,PAR,10,"PAPAPETROU, IOANNIS",25:24,4,1,4,0,3,2,2,1,3,4,0,0,0,0,1,0,2,3,-10.0
2022,RS,9,78,0,P011302   ,0.0,0.0,PAR,11,"EXUM, DANTE",17:59,6,2,6,0,1,2,2,0,0,0,1,0,1,0,0,4,3,0,-4.0
2022,RS,9,78,0,P010458   ,0.0,1.0,PAR,12,"BRODZIANSKY, VLADIMIR",14:33,3,0,2,1,1,0,0,1,4,5,1,0,0,1,0,3,0,5,3.0
2022,RS,9,78,0,P007400   ,1.0,0.0,PAR,21,"NUNNALLY, JAMES",21:04,10,2,2,1,4,3,3,0,1,1,1,1,1,1,0,2,1,9,-10.0
2022,RS,9,78,0,P011261   ,0.0,0.0,PAR,24,"GLAS, GREGOR",DNP,0,0,0,0,0,0,0,0,0,0,0,0,0,0,0,0,0,0,0.0
2022,RS,9,78,0,P003842   ,1.0,0.0,PAR,26,"LESSORT, MATHIAS",26:54,5,2,2,0,0,1,2,2,3,5,1,1,0,1,0,3,2,11,-7.0
2022,RS,9,78,0,P007673   ,0.0,1.0,PAR,32,"TRIFUNOVIC, UROS",08:07,0,0,0,0,1,0,0,0,1,1,1,0,1,0,0,1,0,-1,6.0
2022,RS,9,78,0,P000956   ,0.0,1.0,PAR,33,"ANDJUSIC, DANILO",17:40,23,3,3,3,5,8,9,1,1,2,2,0,3,1,0,0,6,28,0.0
2022,RS,9,78,0,P011052   ,1.0,0.0,PAR,41,"MADAR, YAM",16:55,2,1,4,0,3,0,0,0,1,1,2,0,1,0,1,1,0,-4,-9.0
2022,RS,9,78,0,Team,0.0,0.0,PAR,,Team,,0,0,0,0,0,0,0,4,2,6,0,0,1,0,0,0,0,5,
2022,RS,9,78,0,Total,,,PAR,,Total,200:00,68,13,36,6,20,24,26,11,19,30,10,3,8,5,2,21,21,67,
2022,RS,9,79,1,P011936   ,1.0,1.0,ASV,0,"MATHEWS, JONAH",21:29,13,2,4,3,6,0,0,0,1,1,1,1,1,0,0,4,0,6,6.0
2022,RS,9,79,1,P006068   ,1.0,0.0,ASV,2,"NOUA, AMINE",13:33,4,2,2,0,2,0,0,1,4,5,0,0,1,0,0,1,1,6,-5.0
2022,RS,9,79,1,PKIR      ,0.0,0.0,ASV,5,"KAHUDI, CHARLES",19:47,9,3,4,1,1,0,0,0,1,1,0,0,0,1,0,2,0,8,-7.0
2022,RS,9,79,1,PTFK      ,0.0,0.0,ASV,8,"DIOT, ANTOINE",DNP,0,0,0,0,0,0,0,0,0,0,0,0,0,0,0,0,0,0,0.0
2022,RS,9,79,1,P004119   ,0.0,0.0,ASV,9,"TYUS, ALEX",05:13,0,0,1,0,0,0,0,1,0,1,0,0,1,0,0,1,0,-2,-4.0
2022,RS,9,79,1,P010718   ,0.0,0.0,ASV,10,"RISACHER, ZACCHARIE",01:08,0,0,0,0,1,0,0,0,0,0,0,0,0,0,0,1,0,-2,-3.0
2022,RS,9,79,1,P002100   ,0.0,1.0,ASV,12,"DE COLO, NANDO",25:02,15,1,6,3,5,4,4,0,2,2,3,0,2,0,0,2,7,16,-6.0
2022,RS,9,79,1,P006568   ,1.0,1.0,ASV,19,"FALL, YOUSSOUPHA",25:47,11,3,7,0,0,5,6,1,5,6,0,0,3,1,0,2,5,13,6.0
2022,RS,9,79,1,P003526   ,1.0,1.0,ASV,23,"LIGHTY, DAVID",25:42,6,0,2,2,2,0,2,2,0,2,5,0,0,0,0,2,3,10,4.0
2022,RS,9,79,1,P011938   ,0.0,1.0,ASV,32,"OBASOHAN, RETIN",22:52,7,1,2,1,2,2,2,0,3,3,3,1,0,0,1,3,1,9,-3.0
2022,RS,9,79,1,P011939   ,1.0,0.0,ASV,33,"JACKSON-CARTWRIGHT, PARKER",18:20,4,0,5,1,3,1,2,1,5,6,3,0,2,0,1,2,4,4,2.0
2022,RS,9,79,1,P006832   ,0.0,0.0,ASV,35,"PONS, YVES",21:07,5,1,2,1,1,0,0,1,0,1,0,0,2,0,0,2,0,1,5.0
2022,RS,9,79,1,Team,0.0,0.0,ASV,,Team,,0,0,0,0,0,0,0,1,5,6,0,0,0,0,0,0,0,6,
2022,RS,9,79,1,Total,,,ASV,,Total,200:00,74,13,35,12,23,12,16,8,26,34,15,2,12,2,2,22,21,75,
2022,RS,9,79,0,P010391   ,1.0,1.0,MUN,0,"WEILER-BABB, NICK",31:13,12,4,7,1,4,1,1,0,1,1,5,2,1,0,0,3,2,12,6.0
2022,RS,9,79,0,P011940   ,1.0,0.0,MUN,5,"WINSTON, CASSIUS",14:51,3,0,3,1,3,0,0,0,0,0,1,1,3,0,0,4,1,-6,-12.0
2022,RS,9,79,0,P001557   ,0.0,1.0,MUN,7,"GIFFEY, NIELS",17:02,7,0,1,1,3,4,4,2,2,4,0,0,1,0,0,1,2,8,-5.0
2022,RS,9,79,0,P005160   ,0.0,0.0,MUN,8,"HUNTER, OTHELLO",12:41,2,1,6,0,0,0,0,4,3,7,1,1,2,1,1,1,0,3,-9.0
2022,RS,9,79,0,P006760   ,0.0,1.0,MUN,9,"BONGA, ISAAC",15:28,7,2,3,0,1,3,4,2,3,5,0,1,1,0,0,0,3,12,-6.0
2022,RS,9,79,0,P004058   ,0.0,0.0,MUN,10,"JARAMAZ, OGNJEN",09:27,7,2,3,1,2,0,0,0,1,1,1,0,1,0,0,3,0,3,-3.0
2022,RS,9,79,0,P001288   ,1.0,1.0,MUN,11,"LUCIC, VLADIMIR",30:22,13,2,3,2,3,3,3,0,5,5,2,0,0,0,0,0,4,22,6.0
2022,RS,9,79,0,P004508   ,0.0,0.0,MUN,13,"OBST, ANDREAS",24:26,12,0,1,4,7,0,0,0,1,1,0,0,0,0,0,4,3,8,11.0
2022,RS,9,79,0,P005478   ,0.0,0.0,MUN,17,"WIMBERG, NIKLAS",DNP,0,0,0,0,0,0,0,0,0,0,0,0,0,0,0,0,0,0,0.0
2022,RS,9,79,0,P005460   ,0.0,0.0,MUN,20,"HARRIS, ELIAS",DNP,0,0,0,0,0,0,0,0,0,0,0,0,0,0,0,0,0,0,0.0
2022,RS,9,79,0,P006477   ,1.0,1.0,MUN,21,"RUBIT, AUGUSTINE",27:16,10,3,4,0,1,4,4,1,5,6,3,0,2,1,0,2,6,20,10.0
2022,RS,9,79,0,P011941   ,1.0,0.0,MUN,33,"GILLESPIE, FREDDIE",17:14,2,1,5,0,0,0,0,0,5,5,0,1,0,0,1,3,1,1,7.0
2022,RS,9,79,0,Team,0.0,0.0,MUN,,Team,,0,0,0,0,0,0,0,0,0,0,0,0,1,0,0,0,0,-1,
2022,RS,9,79,0,Total,,,MUN,,Total,200:00,75,15,36,10,24,15,16,9,26,35,13,6,12,2,2,21,22,82,
2022,RS,9,80,1,P011209   ,0.0,0.0,PAN,0,"KALAITZAKIS, PANAGIOTIS",11:34,0,0,1,0,1,0,0,0,2,2,1,0,0,0,0,3,0,-2,-22.0
2022,RS,9,80,1,P006555   ,1.0,0.0,PAN,3,"WOLTERS, NATE",30:00,18,3,5,4,7,0,0,0,1,1,4,1,1,0,0,4,2,16,13.0
2022,RS,9,80,1,P011225   ,0.0,1.0,PAN,5,"LEE, PARIS",31:12,15,2,6,3,6,2,2,1,1,2,3,1,2,0,0,4,6,14,9.0
2022,RS,9,80,1,P005844   ,1.0,0.0,PAN,6,"PAPAGIANNIS, GEORGIOS",21:57,2,1,2,0,0,0,2,1,3,4,2,1,1,2,0,2,1,6,-19.0
2022,RS,9,80,1,P003240   ,0.0,0.0,PAN,7,"BOCHORIDIS, ELEFTHERIOS",02:08,0,0,1,0,1,0,0,1,0,1,0,0,0,0,1,1,0,-3,1.0
2022,RS,9,80,1,P009006   ,1.0,1.0,PAN,8,"WILLIAMS, DERRICK",39:04,26,5,7,5,8,1,2,1,7,8,1,1,1,0,1,1,3,30,2.0
2022,RS,9,80,1,P006586   ,1.0,1.0,PAN,16,"KALAITZAKIS, GEORGIOS",06:12,1,0,2,0,0,1,2,0,0,0,0,1,0,0,0,3,2,-2,2.0
2022,RS,9,80,1,P011286   ,1.0,1.0,PAN,24,"BACON, DWAYNE",33:30,14,3,11,1,5,5,6,1,2,3,3,0,0,0,0,1,5,11,-4.0
2022,RS,9,80,1,P011396   ,0.0,0.0,PAN,33,"CHOUGKAZ, NIKOS",DNP,0,0,0,0,0,0,0,0,0,0,0,0,0,0,0,0,0,0,0.0
2022,RS,9,80,1,P004172   ,0.0,1.0,PAN,37,"PONITKA, MATEUSZ",27:00,2,1,3,0,1,0,0,1,3,4,2,0,1,0,0,2,2,4,15.0
2022,RS,9,80,1,P008084   ,0.0,0.0,PAN,72,"MANTZOUKAS, ELEFTHERIOS",DNP,0,0,0,0,0,0,0,0,0,0,0,0,0,0,0,0,0,0,0.0
2022,RS,9,80,1,P003120   ,0.0,0.0,PAN,77,"GUDAITIS, ARTURAS",22:23,10,3,6,0,0,4,5,2,1,3,3,1,0,2,0,1,4,18,18.0
2022,RS,9,80,1,Team,0.0,0.0,PAN,,Team,,0,0,0,0,0,0,0,1,3,4,0,0,1,0,0,0,0,3,
2022,RS,9,80,1,Total,,,PAN,,Total,225:00,88,18,44,13,29,13,19,9,23,32,19,6,7,4,2,22,25,95,
2022,RS,9,80,0,P009549   ,1.0,1.0,VIR,0,"CORDINIER, ISAIA",23:43,0,0,2,0,1,0,0,0,3,3,3,2,1,0,0,3,0,1,-4.0
2022,RS,9,80,0,P011064   ,0.0,0.0,VIR,1,"MANNION, NICCOLO",DNP,0,0,0,0,0,0,0,0,0,0,0,0,0,0,0,0,0,0,0.0
2022,RS,9,80,0,PBCN      ,0.0,0.0,VIR,3,"BELINELLI, MARCO",DNP,0,0,0,0,0,0,0,0,0,0,0,0,0,0,0,0,0,0,0.0
2022,RS,9,80,0,P006739   ,0.0,0.0,VIR,6,"PAJOLA, ALESSANDRO",14:04,2,1,1,0,1,0,0,1,1,2,1,1,0,0,0,1,0,4,-11.0
2022,RS,9,80,0,P004655   ,0.0,0.0,VIR,7,"BAKO, ISMAEL",13:40,2,0,0,0,0,2,2,1,0,1,0,0,1,1,0,3,1,1,-1.0
2022,RS,9,80,0,P002581   ,1.0,0.0,VIR,14,"JAITEH, MAM",28:46,20,7,13,0,0,6,8,1,9,10,2,0,2,0,1,2,5,24,3.0
2022,RS,9,80,0,P010781   ,1.0,1.0,VIR,19,"LUNDBERG, IFFE",29:59,14,2,3,3,6,1,1,0,4,4,8,0,3,0,1,4,4,18,9.0
2022,RS,9,80,0,P001844   ,1.0,1.0,VIR,23,"HACKETT, DANIEL",30:56,11,1,1,3,4,0,0,1,0,1,2,0,2,0,0,3,7,15,8.0
2022,RS,9,80,0,P008847   ,1.0,0.0,VIR,25,"MICKEY, JORDAN",28:09,5,1,5,1,2,0,0,1,9,10,2,0,0,0,1,2,2,11,-11.0
2022,RS,9,80,0,P006592   ,0.0,0.0,VIR,34,"WEEMS, KYLE",11:34,0,0,0,0,1,0,0,0,2,2,0,0,0,1,0,2,0,0,2.0
2022,RS,9,80,0,P011982   ,0.0,1.0,VIR,37,"OJELEYE, SEMI",28:03,19,3,7,3,5,4,4,2,3,5,1,0,1,0,1,3,2,16,3.0
2022,RS,9,80,0,PJDR      ,0.0,1.0,VIR,44,"TEODOSIC, MILOS",16:06,12,0,0,3,8,3,3,0,1,1,5,0,4,0,0,2,1,8,-13.0
2022,RS,9,80,0,Team,0.0,0.0,VIR,,Team,,0,0,0,0,0,0,0,0,1,1,0,0,0,0,0,0,0,1,
2022,RS,9,80,0,Total,,,VIR,,Total,225:00,85,15,32,13,28,16,18,7,33,40,24,3,14,2,4,25,22,99,
2022,RS,9,81,1,P011948   ,1.0,0.0,BAS,0,"HOWARD, MARKUS",17:24,3,0,2,1,3,0,0,1,0,1,5,0,0,0,0,4,2,3,4.0
2022,RS,9,81,1,P008850   ,0.0,0.0,BAS,2,"RAIESTE, SANDER",DNP,0,0,0,0,0,0,0,0,0,0,0,0,0,0,0,0,0,0,0.0
2022,RS,9,81,1,P006754   ,0.0,1.0,BAS,7,"HENRY, PIERRIA",23:25,15,5,6,0,1,5,5,0,4,4,4,2,2,0,0,1,4,24,25.0
2022,RS,9,81,1,P007230   ,1.0,1.0,BAS,8,"SEDEKERSKIS, TADAS",24:07,3,1,2,0,0,1,2,1,2,3,3,4,0,0,0,2,1,10,14.0
2022,RS,9,81,1,P004761   ,0.0,1.0,BAS,9,"MARINKOVIC, VANJA",21:14,14,2,3,3,4,1,2,0,1,1,0,1,1,0,0,3,1,10,21.0
2022,RS,9,81,1,P003198   ,1.0,0.0,BAS,11,"DIEZ, DANIEL",11:29,0,0,0,0,1,0,0,1,0,1,0,0,1,0,0,2,1,-2,-7.0
2022,RS,9,81,1,P011078   ,1.0,1.0,BAS,13,"THOMPSON, DARIUS",27:43,19,5,8,3,5,0,0,1,1,2,5,3,2,0,0,1,0,21,15.0
2022,RS,9,81,1,P004603   ,1.0,1.0,BAS,21,"KOTSAR, MAIK",19:16,6,3,6,0,0,0,0,3,1,4,1,0,0,0,0,0,1,9,0.0
2022,RS,9,81,1,P011239   ,0.0,0.0,BAS,23,"ENOCH, STEVEN",DNP,0,0,0,0,0,0,0,0,0,0,0,0,0,0,0,0,0,0,0.0
2022,RS,9,81,1,P010444   ,0.0,0.0,BAS,24,"COSTELLO, MATTHEW",20:44,19,4,7,3,4,2,3,2,5,7,1,1,1,1,1,1,4,25,20.0
2022,RS,9,81,1,P006436   ,0.0,0.0,BAS,31,"GIEDRAITIS, ROKAS",19:29,9,4,6,0,3,1,1,2,3,5,0,0,0,0,0,3,1,7,-4.0
2022,RS,9,81,1,P011949   ,0.0,0.0,BAS,34,"HOMMES, DAULTON",15:09,5,1,2,0,2,3,3,1,0,1,0,0,0,0,0,2,2,3,12.0
2022,RS,9,81,1,Team,0.0,0.0,BAS,,Team,,0,0,0,0,0,0,0,0,4,4,0,0,1,0,0,0,0,3,
2022,RS,9,81,1,Total,,,BAS,,Total,200:00,93,25,42,10,23,13,16,12,21,33,19,11,8,1,1,19,17,113,
2022,RS,9,81,0,P011218   ,1.0,0.0,ZAL,2,"EVANS, KEENAN",23:53,17,2,3,4,6,1,3,0,4,4,1,0,2,0,0,3,4,16,-4.0
2022,RS,9,81,0,P007513   ,0.0,0.0,ZAL,3,"GIEDRAITIS, DOVYDAS",05:04,0,0,0,0,2,0,0,0,0,0,0,0,0,0,0,0,0,-2,-4.0
2022,RS,9,81,0,P003210   ,0.0,1.0,ZAL,4,"LEKAVICIUS, LUKAS",14:41,1,0,2,0,4,1,1,0,1,1,1,0,1,0,0,1,0,-5,-16.0
2022,RS,9,81,0,P010390   ,1.0,0.0,ZAL,8,"HAYES, KEVARRIUS",11:15,4,1,2,0,0,2,2,4,0,4,3,0,1,1,0,1,1,10,-6.0
2022,RS,9,81,0,P007109   ,1.0,0.0,ZAL,10,"SMITS, ROLANDS",23:27,2,1,7,0,2,0,0,3,4,7,2,1,1,0,1,2,1,1,5.0
2022,RS,9,81,0,P005504   ,0.0,1.0,ZAL,15,"BIRUTIS, LAURYNAS",16:58,2,1,1,0,0,0,0,1,1,2,0,0,0,0,0,0,1,5,-10.0
2022,RS,9,81,0,P006158   ,0.0,0.0,ZAL,16,"LUKOSIUNAS, KAROLIS",DNP,0,0,0,0,0,0,0,0,0,0,0,0,0,0,0,0,0,0,0.0
2022,RS,9,81,0,P011983   ,0.0,1.0,ZAL,17,"BRAZDEIKIS, IGNAS",14:33,10,4,5,0,2,2,2,1,1,2,0,0,3,0,0,3,1,4,-15.0
2022,RS,9,81,0,P003211   ,0.0,1.0,ZAL,33,"DIMSA, TOMAS",24:42,11,1,3,3,8,0,0,0,1,1,1,0,1,0,0,4,3,4,-4.0
2022,RS,9,81,0,P009601   ,0.0,1.0,ZAL,34,"CAVANAUGH, TYLER",17:09,1,0,2,0,1,1,1,2,2,4,0,0,2,0,0,1,0,-1,-25.0
2022,RS,9,81,0,P002676   ,1.0,0.0,ZAL,51,"BUTKEVICIUS, ARNAS",21:30,7,1,2,1,1,2,2,0,2,2,1,1,1,0,0,1,2,10,-13.0
2022,RS,9,81,0,P002329   ,1.0,0.0,ZAL,92,"ULANOVAS, EDGARAS",26:48,18,5,6,1,2,5,5,0,3,3,3,0,3,0,0,1,5,23,-8.0
2022,RS,9,81,0,Team,0.0,0.0,ZAL,,Team,,0,0,0,0,0,0,0,3,0,3,0,0,0,0,0,0,0,3,
2022,RS,9,81,0,Total,,,ZAL,,Total,200:00,73,16,33,9,28,14,16,14,19,33,12,2,15,1,1,17,18,68,
2022,RS,10,82,1,P004267   ,0.0,0.0,RED,0,"HOLLAND, JOHN",10:55,4,2,4,0,2,0,0,0,1,1,0,1,0,0,0,3,0,-1,4.0
2022,RS,10,82,1,P007947   ,1.0,1.0,RED,1,"VILDOZA, LUCA",21:56,6,0,2,2,4,0,0,1,2,3,3,1,0,0,1,1,1,8,-2.0
2022,RS,10,82,1,P002553   ,0.0,0.0,RED,9,"MITROVIC, LUKA",13:24,8,3,3,0,0,2,3,0,1,1,1,0,0,0,0,3,5,11,-3.0
2022,RS,10,82,1,PLUO      ,1.0,1.0,RED,10,"LAZIC, BRANKO",11:56,0,0,1,0,1,0,0,0,0,0,1,1,1,0,1,2,2,-2,-4.0
2022,RS,10,82,1,P009540   ,0.0,0.0,RED,12,"MARTIN, HASSAN",22:28,11,2,6,0,0,7,8,1,5,6,2,0,1,0,1,3,4,13,1.0
2022,RS,10,82,1,P004007   ,1.0,0.0,RED,13,"DOBRIC, OGNJEN",25:43,5,1,2,0,4,3,4,1,4,5,2,1,0,0,0,2,3,8,6.0
2022,RS,10,82,1,P003332   ,0.0,1.0,RED,20,"IVANOVIC, NIKOLA",24:40,6,0,1,2,3,0,0,0,1,1,3,3,1,0,0,1,0,9,-5.0
2022,RS,10,82,1,P000848   ,0.0,0.0,RED,26,"NEDOVIC, NEMANJA",21:12,12,2,5,2,4,2,2,1,1,2,1,2,3,0,2,0,2,9,2.0
2022,RS,10,82,1,PLME      ,0.0,0.0,RED,27,"MARKOVIC, STEFAN",03:24,0,0,1,0,0,0,0,0,2,2,0,0,0,0,0,0,0,1,2.0
2022,RS,10,82,1,P003479   ,1.0,0.0,RED,32,"KUZMIC, OGNJEN",03:59,2,1,2,0,0,0,0,1,0,1,0,0,0,0,1,0,0,1,3.0
2022,RS,10,82,1,P011194   ,0.0,1.0,RED,33,"PETRUSEV, FILIP",13:05,6,1,1,1,1,1,2,0,1,1,0,0,0,0,0,1,1,6,-7.0
2022,RS,10,82,1,P009818   ,1.0,1.0,RED,50,"BENTIL, BENJAMIN",27:18,9,2,6,0,2,5,5,0,2,2,2,2,2,0,0,1,3,9,8.0
2022,RS,10,82,1,Team,0.0,0.0,RED,,Team,,0,0,0,0,0,0,0,2,3,5,0,0,3,0,0,0,0,2,
2022,RS,10,82,1,Total,,,RED,,Total,200:00,69,14,34,7,21,20,24,7,23,30,15,11,11,0,6,17,21,74,
2022,RS,10,82,0,P012056   ,0.0,1.0,TEL,3,"ADAMS, JALEN",07:32,0,0,0,0,1,0,0,0,0,0,0,0,0,0,0,0,0,-1,6.0
2022,RS,10,82,0,P009622   ,1.0,1.0,TEL,4,"BROWN, LORENZO",35:15,23,4,8,3,8,6,6,0,6,6,7,1,2,0,0,2,6,30,4.0
2022,RS,10,82,0,P009863   ,1.0,1.0,TEL,5,"BALDWIN IV, WADE",30:42,6,3,8,0,3,0,0,0,2,2,3,1,6,0,0,0,3,1,2.0
2022,RS,10,82,0,P011967   ,0.0,0.0,TEL,6,"MARTIN, JARELL",16:24,5,2,4,0,1,1,1,2,3,5,0,0,0,0,0,5,2,4,-1.0
2022,RS,10,82,0,P011219   ,1.0,0.0,TEL,9,"SORKIN, ROMAN",23:59,16,8,9,0,1,0,0,3,3,6,1,1,0,2,0,4,0,20,2.0
2022,RS,10,82,0,PLKX      ,0.0,0.0,TEL,10,"PNINI, GUY",DNP,0,0,0,0,0,0,0,0,0,0,0,0,0,0,0,0,0,0,0.0
2022,RS,10,82,0,P007990   ,0.0,0.0,TEL,12,"DIBARTOLOMEO, JOHN",12:48,3,0,1,1,2,0,0,0,1,1,0,0,1,0,0,1,2,2,-8.0
2022,RS,10,82,0,P008989   ,1.0,0.0,TEL,13,"HILLIARD, DARRUN",10:58,2,0,0,0,2,2,2,0,1,1,1,0,1,0,0,1,1,1,-4.0
2022,RS,10,82,0,P009917   ,0.0,1.0,TEL,20,"HOLLINS, AUSTIN",13:43,0,0,1,0,2,0,0,1,2,3,1,1,1,0,0,0,1,2,3.0
2022,RS,10,82,0,P009960   ,1.0,0.0,TEL,22,"POYTHRESS, ALEX",20:00,0,0,0,0,1,0,0,0,3,3,1,0,3,3,0,4,0,-1,-5.0
2022,RS,10,82,0,P011199   ,0.0,0.0,TEL,32,"NEBO, JOSH",15:52,10,4,4,0,0,2,3,1,1,2,0,0,0,1,0,2,2,12,-3.0
2022,RS,10,82,0,P009783   ,0.0,1.0,TEL,50,"COLSON, BONZIE",12:47,3,0,0,1,1,0,0,1,2,3,0,0,0,0,0,2,0,4,-1.0
2022,RS,10,82,0,Team,0.0,0.0,TEL,,Team,,0,0,0,0,0,0,0,0,4,4,0,0,0,0,0,0,0,4,
2022,RS,10,82,0,Total,,,TEL,,Total,200:00,68,21,35,5,22,11,12,8,28,36,14,4,14,6,0,21,17,78,
2022,RS,10,83,1,P008855   ,1.0,1.0,OLY,0,"WALKUP, THOMAS",22:17,4,2,3,0,3,0,0,1,1,2,4,1,2,0,0,3,1,3,1.0
2022,RS,10,83,1,P010612   ,0.0,0.0,OLY,3,"CANAAN, ISAIAH",06:54,3,0,1,1,3,0,0,0,0,0,1,1,1,0,0,0,0,1,3.0
2022,RS,10,83,1,P006302   ,0.0,0.0,OLY,4,"LOUNTZIS, MICHALIS",DNP,0,0,0,0,0,0,0,0,0,0,0,0,0,0,0,0,0,0,0.0
2022,RS,10,83,1,P010392   ,0.0,1.0,OLY,5,"LARENTZAKIS, GIANNOULIS",18:20,3,0,2,1,3,0,0,0,0,0,2,1,0,1,0,4,2,1,9.0
2022,RS,10,83,1,P008811   ,1.0,0.0,OLY,10,"FALL, MOUSTAPHA",20:00,2,1,3,0,0,0,0,0,3,3,0,0,0,0,0,1,0,2,-2.0
2022,RS,10,83,1,P001926   ,0.0,0.0,OLY,11,"SLOUKAS, KOSTAS",25:52,12,3,7,0,3,6,6,1,3,4,11,0,1,0,1,1,3,20,8.0
2022,RS,10,83,1,P003469   ,1.0,1.0,OLY,14,"VEZENKOV, SASHA",33:06,24,6,6,2,7,6,6,1,5,6,2,4,1,0,0,2,6,34,7.0
2022,RS,10,83,1,P001255   ,1.0,1.0,OLY,16,"PAPANIKOLAOU, KOSTAS",29:23,19,5,8,3,5,0,0,2,7,9,3,0,3,0,1,1,1,22,4.0
2022,RS,10,83,1,P009035   ,0.0,1.0,OLY,21,"BOLOMBOY, JOEL",20:00,12,4,4,1,1,1,3,1,2,3,0,0,0,0,0,2,4,15,12.0
2022,RS,10,83,1,P008829   ,0.0,0.0,OLY,25,"PETERS, ALEC",06:54,0,0,1,0,2,0,0,1,0,1,0,0,0,0,0,1,1,-2,3.0
2022,RS,10,83,1,P008991   ,0.0,0.0,OLY,28,"BLACK, TARIK",DNP,0,0,0,0,0,0,0,0,0,0,0,0,0,0,0,0,0,0,0.0
2022,RS,10,83,1,P007853   ,1.0,0.0,OLY,77,"MCKISSIC, SHAQUIELLE",17:14,7,3,5,0,1,1,1,0,2,2,2,2,1,0,2,4,1,4,5.0
2022,RS,10,83,1,Team,0.0,0.0,OLY,,Team,,0,0,0,0,0,0,0,2,1,3,0,0,0,0,0,0,0,3,
2022,RS,10,83,1,Total,,,OLY,,Total,200:00,86,24,40,8,28,14,16,9,24,33,25,9,9,1,4,19,19,103,
2022,RS,10,83,0,P007032   ,0.0,0.0,BER,0,"LO, MAODO",17:56,12,0,1,4,9,0,0,0,0,0,7,0,0,0,0,2,5,16,-5.0
2022,RS,10,83,0,P008384   ,0.0,0.0,BER,1,"PROCIDA, GABRIELE",06:59,0,0,0,0,0,0,0,1,0,1,0,0,1,0,0,0,0,0,-9.0
2022,RS,10,83,0,P011192   ,1.0,0.0,BER,3,"SMITH, JALEEN",28:38,12,2,3,2,8,2,2,0,6,6,3,2,0,0,1,2,2,15,-2.0
2022,RS,10,83,0,P008211   ,0.0,1.0,BER,6,"DELOW, MALTE",16:51,9,3,4,1,3,0,0,1,1,2,0,0,1,1,0,3,1,6,-9.0
2022,RS,10,83,0,P011934   ,0.0,1.0,BER,7,"WETZELL, YANNI",06:19,2,0,0,0,0,2,2,0,2,2,0,0,0,0,0,1,1,4,-4.0
2022,RS,10,83,0,P006251   ,1.0,0.0,BER,10,"SCHNEIDER, TIM",11:05,0,0,2,0,0,0,0,0,5,5,1,0,1,1,0,1,0,3,-2.0
2022,RS,10,83,0,P010791   ,1.0,1.0,BER,21,"KOUMADJE, CHRIST",27:10,10,5,6,0,0,0,0,2,5,7,0,1,2,2,0,2,3,18,-5.0
2022,RS,10,83,0,P011631   ,0.0,1.0,BER,25,"RAPIEQUE, ELIAS",00:42,0,0,0,0,0,0,0,0,0,0,0,0,1,0,0,1,0,-2,-2.0
2022,RS,10,83,0,P006589   ,0.0,0.0,BER,43,"SIKMA, LUKE",22:36,7,1,3,1,2,2,2,0,3,3,3,1,5,0,0,2,1,5,-4.0
2022,RS,10,83,0,P010385   ,0.0,0.0,BER,44,"LAMMERS, BEN",12:50,8,4,5,0,2,0,0,2,1,3,0,0,1,0,0,2,0,5,-5.0
2022,RS,10,83,0,P011193   ,1.0,1.0,BER,45,"BLATT, TAMIR",22:41,10,0,0,2,7,4,7,0,0,0,3,0,3,0,0,0,3,5,-5.0
2022,RS,10,83,0,P006625   ,1.0,0.0,BER,50,"ZOOSMAN, YOVEL",26:13,6,2,4,0,1,2,2,1,1,2,0,1,1,0,0,3,1,3,2.0
2022,RS,10,83,0,Team,0.0,0.0,BER,,Team,,0,0,0,0,0,0,0,0,3,3,0,0,1,0,0,0,0,2,
2022,RS,10,83,0,Total,,,BER,,Total,200:00,76,17,28,10,32,12,15,7,27,34,17,5,17,4,1,19,17,80,
2022,RS,10,84,1,P007870   ,0.0,0.0,MIL,0,"DAVIES, BRANDON",DNP,0,0,0,0,0,0,0,0,0,0,0,0,0,0,0,0,0,0,0.0
2022,RS,10,84,1,P005094   ,0.0,0.0,MIL,1,"THOMAS, DESHAUN",14:27,2,1,1,0,1,0,0,1,1,2,1,0,1,0,0,1,0,2,-2.0
2022,RS,10,84,1,P012080   ,1.0,1.0,MIL,2,"LUWAWU-CABARROT, TIMOTHE",34:32,15,4,5,1,6,4,5,0,0,0,3,3,3,0,0,3,4,12,-18.0
2022,RS,10,84,1,P011965   ,0.0,0.0,MIL,3,"MITROU-LONG, NAZ",27:03,18,3,5,4,9,0,0,0,4,4,4,1,7,0,0,2,1,12,-7.0
2022,RS,10,84,1,P006433   ,1.0,0.0,MIL,5,"PANGOS, KEVIN",17:29,3,0,3,1,1,0,0,0,2,2,3,2,0,0,0,3,1,5,-1.0
2022,RS,10,84,1,P002849   ,1.0,1.0,MIL,9,"MELLI, NICOLO",27:01,7,3,5,0,1,1,3,3,3,6,3,1,2,0,0,4,6,12,-8.0
2022,RS,10,84,1,P001518   ,0.0,1.0,MIL,17,"RICCI, GIAMPAOLO",05:41,0,0,1,0,0,0,0,1,1,2,0,1,0,0,0,3,0,-1,2.0
2022,RS,10,84,1,P011205   ,1.0,1.0,MIL,22,"HALL, DEVON",28:36,16,2,5,2,4,6,6,0,2,2,1,0,1,0,0,3,3,13,-7.0
2022,RS,10,84,1,P006707   ,0.0,0.0,MIL,25,"BALDASSO, TOMMASO",DNP,0,0,0,0,0,0,0,0,0,0,0,0,0,0,0,0,0,0,0.0
2022,RS,10,84,1,P005059   ,0.0,1.0,MIL,40,"ALVITI, DAVIDE",12:20,3,0,0,1,2,0,0,1,3,4,1,1,0,0,0,1,1,8,3.0
2022,RS,10,84,1,P002812   ,0.0,0.0,MIL,42,"HINES, KYLE",12:59,4,1,2,0,1,2,2,0,0,0,0,0,0,0,1,2,1,0,-2.0
2022,RS,10,84,1,P007201   ,1.0,0.0,MIL,77,"VOIGTMANN, JOHANNES",19:52,4,2,5,0,2,0,0,1,2,3,2,1,2,0,0,0,0,3,-10.0
2022,RS,10,84,1,Team,0.0,0.0,MIL,,Team,,0,0,0,0,0,0,0,1,0,1,0,0,0,0,0,0,0,1,
2022,RS,10,84,1,Total,,,MIL,,Total,200:00,72,16,32,9,27,13,16,8,18,26,18,10,16,0,1,22,17,67,
2022,RS,10,84,0,P011157   ,1.0,1.0,ULK,0,"MOTLEY, JOHNATHAN",17:59,9,3,5,0,0,3,3,1,2,3,1,1,4,0,0,4,4,8,9.0
2022,RS,10,84,0,P003091   ,0.0,0.0,ULK,1,"BIRSEN, METECAN",07:28,3,0,0,1,2,0,0,0,1,1,1,0,0,0,0,3,0,1,8.0
2022,RS,10,84,0,P011201   ,0.0,0.0,ULK,2,"HAZER, SEHMUS",07:38,4,2,2,0,0,0,0,0,0,0,1,0,1,0,0,0,0,4,9.0
2022,RS,10,84,0,P006661   ,1.0,1.0,ULK,3,"WILBEKIN, SCOTTIE",27:55,8,1,4,2,3,0,0,0,3,3,2,2,1,0,0,2,4,12,13.0
2022,RS,10,84,0,P011987   ,0.0,0.0,ULK,4,"EDWARDS, CARSEN",11:38,1,0,0,0,1,1,2,0,0,0,0,0,0,0,0,3,1,-3,-1.0
2022,RS,10,84,0,P007122   ,0.0,0.0,ULK,9,"GEYIK, SAMET",DNP,0,0,0,0,0,0,0,0,0,0,0,0,0,0,0,0,0,0,0.0
2022,RS,10,84,0,P002969   ,0.0,0.0,ULK,10,"MAHMUTOGLU, MELIH",08:41,0,0,1,0,1,0,0,0,0,0,1,0,0,0,0,0,0,-1,-6.0
2022,RS,10,84,0,P008962   ,1.0,1.0,ULK,11,"HAYES-DAVIS, NIGEL",30:46,22,5,6,2,3,6,8,1,4,5,1,3,3,1,0,1,7,31,-1.0
2022,RS,10,84,0,P009733   ,0.0,0.0,ULK,22,"JEKIRI, TONYE",10:08,7,3,4,0,0,1,1,0,2,2,0,0,1,0,0,0,1,8,-13.0
2022,RS,10,84,0,P004004   ,0.0,1.0,ULK,23,"GUDURIC, MARKO",32:48,11,2,3,2,6,1,2,2,4,6,6,0,1,0,0,0,2,18,18.0
2022,RS,10,84,0,P007056   ,1.0,0.0,ULK,31,"BOOKER, DEVIN",19:33,8,4,6,0,0,0,0,1,3,4,2,0,1,0,0,4,1,8,10.0
2022,RS,10,84,0,P001932   ,1.0,1.0,ULK,33,"CALATHES, NICK",25:26,9,3,5,1,3,0,0,0,4,4,6,2,5,0,0,1,2,13,4.0
2022,RS,10,84,0,Team,0.0,0.0,ULK,,Team,,0,0,0,0,0,0,0,1,4,5,0,0,0,0,0,0,0,5,
2022,RS,10,84,0,Total,,,ULK,,Total,200:00,82,23,36,8,19,12,16,6,27,33,21,8,17,1,0,18,22,104,
2022,RS,10,85,1,P007982   ,1.0,0.0,MAD,0,"WILLIAMS-GOSS, NIGEL",11:22,8,1,1,2,2,0,0,0,1,1,3,2,1,0,0,2,0,11,5.0
2022,RS,10,85,1,P001392   ,0.0,0.0,MAD,1,"CAUSEUR, FABIEN",06:43,2,1,1,0,2,0,0,0,1,1,1,0,1,0,0,2,0,-1,-3.0
2022,RS,10,85,1,P003733   ,0.0,1.0,MAD,6,"ABALDE, ALBERTO",20:07,2,0,2,0,1,2,2,1,2,3,3,1,0,0,0,3,1,4,13.0
2022,RS,10,85,1,P003108   ,0.0,1.0,MAD,11,"HEZONJA, MARIO",19:12,15,1,2,3,5,4,4,0,4,4,0,1,2,0,0,2,2,15,11.0
2022,RS,10,85,1,PCVM      ,0.0,0.0,MAD,13,"RODRIGUEZ, SERGIO",03:56,0,0,0,0,0,0,0,0,1,1,0,0,0,0,0,1,0,0,-4.0
2022,RS,10,85,1,P009005   ,1.0,1.0,MAD,14,"DECK, GABRIEL",25:40,15,7,8,0,0,1,1,1,0,1,4,2,1,0,0,1,2,21,-4.0
2022,RS,10,85,1,P004887   ,0.0,0.0,MAD,17,"POIRIER, VINCENT",15:44,4,2,4,0,0,0,0,2,2,4,0,0,1,1,1,1,2,6,19.0
2022,RS,10,85,1,P004790   ,1.0,0.0,MAD,21,"CORNELIE, PETR",16:41,6,2,2,0,1,2,2,0,1,1,1,0,2,0,0,0,3,8,-11.0
2022,RS,10,85,1,P005791   ,1.0,1.0,MAD,22,"TAVARES, WALTER",24:12,17,7,9,0,0,3,5,4,4,8,0,1,3,1,1,3,5,21,-8.0
2022,RS,10,85,1,PTGB      ,0.0,1.0,MAD,23,"LLULL, SERGIO",24:58,20,1,3,4,7,6,7,0,1,1,3,0,1,0,1,3,4,17,7.0
2022,RS,10,85,1,P009213   ,0.0,0.0,MAD,30,"NDIAYE, ELI",10:49,2,1,1,0,0,0,0,1,3,4,0,0,0,0,0,0,0,6,19.0
2022,RS,10,85,1,P006540   ,1.0,0.0,MAD,31,"MUSA, DZANAN",20:36,14,1,4,2,4,6,7,0,1,1,4,0,0,0,0,2,3,14,-4.0
2022,RS,10,85,1,Team,0.0,0.0,MAD,,Team,,0,0,0,0,0,0,0,2,2,4,0,0,1,0,0,0,0,3,
2022,RS,10,85,1,Total,,,MAD,,Total,200:00,105,24,37,11,22,24,28,11,23,34,19,7,13,2,3,20,22,125,
2022,RS,10,85,0,P008987   ,1.0,1.0,PAR,2,"LEDAY, ZACH",28:50,20,2,5,4,6,4,4,3,3,6,6,0,3,1,0,3,5,27,0.0
2022,RS,10,85,0,P009862   ,1.0,1.0,PAR,7,"PUNTER, KEVIN",33:04,16,2,4,3,8,3,5,0,5,5,3,1,2,0,2,2,7,17,-8.0
2022,RS,10,85,0,P005161   ,0.0,0.0,PAR,10,"PAPAPETROU, IOANNIS",12:47,0,0,2,0,2,0,0,0,0,0,1,0,0,0,0,2,0,-5,-5.0
2022,RS,10,85,0,P011302   ,0.0,1.0,PAR,11,"EXUM, DANTE",19:51,17,4,7,2,3,3,3,2,2,4,0,0,2,0,0,3,2,14,-14.0
2022,RS,10,85,0,P010458   ,1.0,0.0,PAR,12,"BRODZIANSKY, VLADIMIR",21:54,8,1,1,2,5,0,0,0,1,1,1,2,0,0,0,4,0,5,-3.0
2022,RS,10,85,0,P007400   ,1.0,1.0,PAR,21,"NUNNALLY, JAMES",32:24,15,2,3,3,6,2,2,0,2,2,4,0,1,0,0,3,3,16,3.0
2022,RS,10,85,0,P011261   ,0.0,0.0,PAR,24,"GLAS, GREGOR",DNP,0,0,0,0,0,0,0,0,0,0,0,0,0,0,0,0,0,0,0.0
2022,RS,10,85,0,P003842   ,0.0,0.0,PAR,26,"LESSORT, MATHIAS",16:01,8,3,4,0,0,2,2,2,1,3,0,0,2,2,0,2,2,10,-11.0
2022,RS,10,85,0,P007673   ,0.0,0.0,PAR,32,"TRIFUNOVIC, UROS",DNP,0,0,0,0,0,0,0,0,0,0,0,0,0,0,0,0,0,0,0.0
2022,RS,10,85,0,P000956   ,1.0,1.0,PAR,33,"ANDJUSIC, DANILO",30:01,13,1,3,3,4,2,2,0,0,0,4,0,3,0,0,3,1,9,3.0
2022,RS,10,85,0,P011052   ,0.0,0.0,PAR,41,"MADAR, YAM",05:08,0,0,0,0,1,0,0,0,0,0,2,0,0,0,0,0,0,1,-5.0
2022,RS,10,85,0,Team,0.0,0.0,PAR,,Team,,0,0,0,0,0,0,0,2,1,3,0,0,0,0,0,0,0,3,
2022,RS,10,85,0,Total,,,PAR,,Total,200:00,97,15,29,17,35,16,18,9,15,24,21,3,13,3,2,22,20,97,
2022,RS,10,86,1,P010588   ,1.0,1.0,MCO,0,"BROWN, JOHN",15:55,6,2,2,0,0,2,2,0,0,0,0,3,2,0,0,1,1,7,10.0
2022,RS,10,86,1,P011212   ,0.0,1.0,MCO,0,"OKOBO, ELIE",21:36,16,4,5,2,3,2,2,0,0,0,3,2,3,0,1,2,2,15,-4.0
2022,RS,10,86,1,P009754   ,0.0,1.0,MCO,3,"LOYD, JORDAN",24:44,8,3,9,0,1,2,4,1,1,2,0,2,2,0,0,3,6,4,-14.0
2022,RS,10,86,1,P011231   ,0.0,1.0,MCO,4,"BLOSSOMGAME, JARON",21:28,8,1,2,2,3,0,0,3,5,8,0,0,0,1,0,2,0,13,-5.0
2022,RS,10,86,1,P011935   ,0.0,0.0,MCO,5,"MAKOUNDOU, YOAN",02:38,0,0,0,0,0,0,0,0,0,0,0,0,0,0,0,0,0,0,-6.0
2022,RS,10,86,1,P011226   ,1.0,0.0,MCO,11,"DIALLO, ALPHA",31:13,13,4,6,1,3,2,4,1,2,3,4,2,0,0,1,3,3,15,13.0
2022,RS,10,86,1,P001833   ,0.0,0.0,MCO,18,"MOERMAN, ADRIEN",10:21,0,0,0,0,1,0,0,0,0,0,0,0,2,0,0,1,0,-4,-9.0
2022,RS,10,86,1,PLCZ      ,1.0,0.0,MCO,20,"MOTIEJUNAS, DONATAS",18:12,4,2,2,0,1,0,0,2,0,2,2,0,2,1,0,0,1,7,12.0
2022,RS,10,86,1,P004197   ,1.0,0.0,MCO,24,"OUATTARA, YAKUBA",08:31,2,1,1,0,1,0,0,0,1,1,0,0,0,0,0,2,0,0,11.0
2022,RS,10,86,1,P008099   ,0.0,0.0,MCO,32,"STRAZEL, MATTHEW",DNP,0,0,0,0,0,0,0,0,0,0,0,0,0,0,0,0,0,0,0.0
2022,RS,10,86,1,P011196   ,0.0,0.0,MCO,45,"HALL, DONTA",16:17,10,4,5,0,0,2,3,1,0,1,1,1,0,1,0,0,5,17,-5.0
2022,RS,10,86,1,P005985   ,1.0,1.0,MCO,55,"JAMES, MIKE",29:05,13,2,4,2,5,3,5,0,3,3,6,2,0,0,0,2,5,20,2.0
2022,RS,10,86,1,Team,0.0,0.0,MCO,,Team,,0,0,0,0,0,0,0,1,2,3,0,0,2,0,0,0,0,1,
2022,RS,10,86,1,Total,,,MCO,,Total,200:00,80,23,36,7,18,13,20,9,14,23,16,12,13,3,2,16,23,95,
2022,RS,10,86,0,P010391   ,1.0,0.0,MUN,0,"WEILER-BABB, NICK",20:45,2,1,3,0,3,0,0,1,2,3,2,2,2,0,0,0,3,5,-7.0
2022,RS,10,86,0,P011940   ,0.0,1.0,MUN,5,"WINSTON, CASSIUS",22:11,12,3,6,2,5,0,0,2,1,3,4,0,2,0,1,3,1,8,13.0
2022,RS,10,86,0,P001557   ,0.0,1.0,MUN,7,"GIFFEY, NIELS",13:39,6,0,2,2,3,0,0,0,0,0,1,2,1,0,1,2,0,2,3.0
2022,RS,10,86,0,P005160   ,1.0,0.0,MUN,8,"HUNTER, OTHELLO",16:51,6,3,5,0,1,0,0,2,1,3,3,1,2,0,0,2,0,6,-16.0
2022,RS,10,86,0,P006760   ,0.0,0.0,MUN,9,"BONGA, ISAAC",15:10,2,0,0,0,1,2,2,0,3,3,0,0,3,0,0,5,1,-3,12.0
2022,RS,10,86,0,P004058   ,0.0,1.0,MUN,10,"JARAMAZ, OGNJEN",15:45,10,2,3,1,4,3,3,0,0,0,2,1,0,0,1,2,4,10,9.0
2022,RS,10,86,0,P001288   ,1.0,0.0,MUN,11,"LUCIC, VLADIMIR",25:47,5,1,1,1,3,0,0,0,1,1,0,1,1,1,0,2,2,5,-23.0
2022,RS,10,86,0,P004508   ,1.0,1.0,MUN,13,"OBST, ANDREAS",20:22,18,0,1,5,7,3,3,0,0,0,0,1,2,0,0,2,1,13,-7.0
2022,RS,10,86,0,P005478   ,0.0,0.0,MUN,17,"WIMBERG, NIKLAS",DNP,0,0,0,0,0,0,0,0,0,0,0,0,0,0,0,0,0,0,0.0
2022,RS,10,86,0,P005460   ,1.0,0.0,MUN,20,"HARRIS, ELIAS",05:08,0,0,0,0,0,0,0,0,0,0,0,0,0,0,0,0,1,1,-11.0
2022,RS,10,86,0,P006477   ,0.0,1.0,MUN,21,"RUBIT, AUGUSTINE",28:29,14,5,5,0,1,4,4,1,5,6,0,0,2,1,0,0,2,20,14.0
2022,RS,10,86,0,P011941   ,0.0,0.0,MUN,33,"GILLESPIE, FREDDIE",15:53,4,2,3,0,0,0,0,2,3,5,0,0,4,0,0,5,1,0,8.0
2022,RS,10,86,0,Team,0.0,0.0,MUN,,Team,,0,0,0,0,0,0,0,5,3,8,0,0,0,0,0,0,0,8,
2022,RS,10,86,0,Total,,,MUN,,Total,200:00,79,17,29,11,28,12,12,13,19,32,12,8,19,2,3,23,16,75,
2022,RS,10,87,1,P011244   ,0.0,1.0,BAR,1,"DA SILVA, OSCAR",22:47,11,2,2,2,2,1,2,2,1,3,0,1,0,1,0,3,1,13,10.0
2022,RS,10,87,1,P002968   ,1.0,0.0,BAR,5,"SANLI, SERTAC",11:35,8,1,3,2,4,0,0,1,1,2,2,0,3,0,0,3,0,2,-1.0
2022,RS,10,87,1,P000925   ,0.0,0.0,BAR,6,"VESELY, JAN",24:48,18,6,9,0,0,6,7,0,3,3,3,3,0,0,0,2,6,27,8.0
2022,RS,10,87,1,P004866   ,1.0,1.0,BAR,10,"KALINIC, NIKOLA",26:39,7,1,2,1,1,2,2,0,2,2,4,1,1,0,1,2,3,12,16.0
2022,RS,10,87,1,P002939   ,1.0,0.0,BAR,13,"SATORANSKY, TOMAS",24:15,7,2,2,0,2,3,4,0,6,6,4,0,3,0,0,0,5,16,15.0
2022,RS,10,87,1,P006435   ,1.0,1.0,BAR,20,"LAPROVITTOLA, NICOLAS",28:50,9,0,0,3,5,0,0,1,3,4,6,0,3,0,0,4,1,11,5.0
2022,RS,10,87,1,P003478   ,0.0,0.0,BAR,21,"ABRINES, ALEX",17:41,6,2,3,0,3,2,3,0,1,1,2,1,0,0,0,4,3,4,6.0
2022,RS,10,87,1,P006450   ,0.0,0.0,BAR,22,"HIGGINS, CORY",17:41,17,1,1,4,6,3,3,0,2,2,2,0,2,0,0,2,3,18,13.0
2022,RS,10,87,1,P008966   ,1.0,0.0,BAR,23,"TOBEY, MIKE",12:51,9,3,4,1,2,0,0,1,3,4,0,0,0,0,1,0,1,11,-2.0
2022,RS,10,87,1,P005789   ,0.0,0.0,BAR,24,"KURIC, KYLE",DNP,0,0,0,0,0,0,0,0,0,0,0,0,0,0,0,0,0,0,0.0
2022,RS,10,87,1,P007519   ,0.0,1.0,BAR,31,"JOKUBAITIS, ROKAS",11:57,4,2,3,0,2,0,0,0,0,0,3,0,1,0,0,1,0,2,-8.0
2022,RS,10,87,1,P010641   ,0.0,1.0,BAR,46,"NNAJI, JAMES",00:56,0,0,0,0,0,0,0,0,0,0,0,0,0,1,0,0,0,1,-2.0
2022,RS,10,87,1,Team,0.0,0.0,BAR,,Team,,0,0,0,0,0,0,0,2,4,6,0,0,0,0,0,0,0,6,
2022,RS,10,87,1,Total,,,BAR,,Total,200:00,96,20,29,13,27,17,21,7,26,33,26,6,13,2,2,21,23,123,
2022,RS,10,87,0,P011948   ,1.0,0.0,BAS,0,"HOWARD, MARKUS",25:59,25,2,5,4,7,9,9,0,1,1,1,0,2,0,0,1,5,23,-9.0
2022,RS,10,87,0,P008850   ,0.0,1.0,BAS,2,"RAIESTE, SANDER",06:04,0,0,0,0,0,0,0,2,0,2,0,1,1,0,0,1,1,2,-6.0
2022,RS,10,87,0,P006754   ,1.0,0.0,BAS,7,"HENRY, PIERRIA",28:26,13,4,7,1,2,2,3,0,0,0,6,1,1,0,0,2,5,17,7.0
2022,RS,10,87,0,P004761   ,0.0,0.0,BAS,9,"MARINKOVIC, VANJA",12:06,0,0,0,0,2,0,0,1,1,2,0,0,0,0,0,4,1,-3,-5.0
2022,RS,10,87,0,P003198   ,0.0,1.0,BAS,11,"DIEZ, DANIEL",16:14,3,0,1,1,2,0,0,0,2,2,0,1,0,0,1,0,0,3,0.0
2022,RS,10,87,0,P011078   ,0.0,1.0,BAS,13,"THOMPSON, DARIUS",23:43,9,4,8,0,2,1,2,1,2,3,2,3,0,0,0,2,3,11,-20.0
2022,RS,10,87,0,P004603   ,0.0,0.0,BAS,21,"KOTSAR, MAIK",12:02,2,1,1,0,0,0,0,1,2,3,2,1,0,0,0,5,1,4,-1.0
2022,RS,10,87,0,P011239   ,1.0,1.0,BAS,23,"ENOCH, STEVEN",08:41,4,1,1,0,1,2,2,1,4,5,0,0,1,0,0,1,1,7,4.0
2022,RS,10,87,0,P010444   ,1.0,0.0,BAS,24,"COSTELLO, MATTHEW",23:06,13,4,7,1,3,2,3,1,0,1,1,1,1,1,1,3,3,9,-7.0
2022,RS,10,87,0,P006436   ,1.0,1.0,BAS,31,"GIEDRAITIS, ROKAS",24:48,7,2,3,1,4,0,0,1,1,2,2,0,0,0,0,2,1,6,-9.0
2022,RS,10,87,0,P011949   ,0.0,0.0,BAS,34,"HOMMES, DAULTON",18:51,8,1,2,2,6,0,0,0,3,3,1,0,1,1,0,2,0,5,-14.0
2022,RS,10,87,0,P007265   ,0.0,0.0,BAS,47,"KURUCS, ARTURS",DNP,0,0,0,0,0,0,0,0,0,0,0,0,0,0,0,0,0,0,0.0
2022,RS,10,87,0,Team,0.0,0.0,BAS,,Team,,0,0,0,0,0,0,0,2,0,2,0,0,1,0,0,0,0,1,
2022,RS,10,87,0,Total,,,BAS,,Total,200:00,84,19,35,10,29,16,19,10,16,26,15,8,8,2,2,23,21,85,
2022,RS,10,88,1,P011209   ,0.0,1.0,PAN,0,"KALAITZAKIS, PANAGIOTIS",14:10,3,0,2,1,1,0,0,0,1,1,1,2,0,0,0,1,2,6,10.0
2022,RS,10,88,1,P006555   ,1.0,0.0,PAN,3,"WOLTERS, NATE",20:29,5,1,3,1,2,0,0,2,0,2,2,1,2,0,0,3,0,2,18.0
2022,RS,10,88,1,P011225   ,0.0,0.0,PAN,5,"LEE, PARIS",21:38,7,2,3,1,6,0,0,0,1,1,4,1,2,0,0,2,2,5,5.0
2022,RS,10,88,1,P005844   ,1.0,0.0,PAN,6,"PAPAGIANNIS, GEORGIOS",27:24,9,3,5,1,3,0,0,0,4,4,1,1,4,2,0,1,1,9,23.0
2022,RS,10,88,1,P003240   ,0.0,1.0,PAN,7,"BOCHORIDIS, ELEFTHERIOS",10:19,2,1,2,0,0,0,0,0,0,0,0,0,0,0,1,3,0,-3,-3.0
2022,RS,10,88,1,P009006   ,1.0,0.0,PAN,8,"WILLIAMS, DERRICK",29:20,8,1,2,2,4,0,0,1,5,6,1,2,1,1,1,3,1,11,17.0
2022,RS,10,88,1,P006586   ,1.0,1.0,PAN,16,"KALAITZAKIS, GEORGIOS",12:40,2,0,1,0,1,2,2,0,0,0,0,0,1,0,0,4,2,-3,0.0
2022,RS,10,88,1,P011286   ,1.0,0.0,PAN,24,"BACON, DWAYNE",26:55,25,6,9,3,4,4,4,1,2,3,2,0,2,1,0,2,3,26,25.0
2022,RS,10,88,1,P011396   ,0.0,1.0,PAN,33,"CHOUGKAZ, NIKOS",00:55,0,0,0,0,0,0,0,0,0,0,0,0,0,0,0,0,0,0,-3.0
2022,RS,10,88,1,P004172   ,0.0,0.0,PAN,37,"PONITKA, MATEUSZ",22:59,10,1,4,1,1,5,7,1,4,5,7,2,1,0,1,1,7,23,7.0
2022,RS,10,88,1,P008084   ,0.0,1.0,PAN,72,"MANTZOUKAS, ELEFTHERIOS",01:30,0,0,0,0,0,0,0,0,0,0,0,0,0,0,0,0,0,0,-3.0
2022,RS,10,88,1,P003120   ,0.0,0.0,PAN,77,"GUDAITIS, ARTURAS",11:41,6,2,5,0,0,2,2,1,5,6,0,0,1,0,0,1,2,9,-1.0
2022,RS,10,88,1,Team,0.0,0.0,PAN,,Team,,0,0,0,0,0,0,0,1,6,7,0,0,0,0,0,0,0,7,
2022,RS,10,88,1,Total,,,PAN,,Total,200:00,77,17,36,10,22,13,15,7,28,35,18,9,14,4,3,21,20,92,
2022,RS,10,88,0,P011936   ,0.0,0.0,ASV,0,"MATHEWS, JONAH",24:05,7,1,5,1,4,2,2,0,6,6,2,0,4,0,0,1,3,6,-15.0
2022,RS,10,88,0,P011937   ,0.0,0.0,ASV,1,"POLITE, ANTHONY",DNP,0,0,0,0,0,0,0,0,0,0,0,0,0,0,0,0,0,0,0.0
2022,RS,10,88,0,P006068   ,0.0,1.0,ASV,2,"NOUA, AMINE",08:02,0,0,1,0,2,0,0,0,1,1,0,0,0,0,0,0,0,-2,-1.0
2022,RS,10,88,0,PKIR      ,0.0,0.0,ASV,5,"KAHUDI, CHARLES",14:48,0,0,3,0,0,0,0,0,2,2,0,0,1,0,0,2,0,-4,-19.0
2022,RS,10,88,0,P004119   ,1.0,1.0,ASV,9,"TYUS, ALEX",23:01,10,5,9,0,0,0,0,6,3,9,0,1,2,1,3,2,0,10,-12.0
2022,RS,10,88,0,P010718   ,0.0,1.0,ASV,10,"RISACHER, ZACCHARIE",20:10,4,2,4,0,0,0,1,1,2,3,0,0,0,1,0,3,2,4,8.0
2022,RS,10,88,0,P002100   ,1.0,0.0,ASV,12,"DE COLO, NANDO",18:37,7,1,4,1,2,2,2,1,2,3,2,1,1,0,0,2,1,7,-23.0
2022,RS,10,88,0,P006568   ,0.0,0.0,ASV,19,"FALL, YOUSSOUPHA",16:47,9,4,5,0,0,1,3,2,5,7,0,0,2,0,0,3,4,12,-5.0
2022,RS,10,88,0,P003526   ,1.0,0.0,ASV,23,"LIGHTY, DAVID",11:54,2,1,3,0,0,0,0,1,1,2,0,0,1,0,0,0,3,4,-15.0
2022,RS,10,88,0,P011938   ,1.0,1.0,ASV,32,"OBASOHAN, RETIN",24:19,5,2,5,0,2,1,1,1,0,1,2,0,2,0,0,1,5,5,-18.0
2022,RS,10,88,0,P011939   ,0.0,1.0,ASV,33,"JACKSON-CARTWRIGHT, PARKER",20:55,3,1,3,0,4,1,1,0,1,1,5,2,2,0,0,4,2,1,6.0
2022,RS,10,88,0,P006832   ,1.0,0.0,ASV,35,"PONS, YVES",17:22,11,4,6,1,4,0,0,0,1,1,0,0,1,1,1,2,0,4,-1.0
2022,RS,10,88,0,Team,0.0,0.0,ASV,,Team,,0,0,0,0,0,0,0,3,1,4,0,0,1,0,0,0,0,3,
2022,RS,10,88,0,Total,,,ASV,,Total,200:00,58,21,48,3,18,7,10,15,25,40,11,4,17,3,4,20,20,50,
2022,RS,10,89,1,P009549   ,1.0,1.0,VIR,0,"CORDINIER, ISAIA",24:14,5,1,2,0,4,3,3,0,0,0,2,2,1,0,0,3,2,2,-9.0
2022,RS,10,89,1,P011064   ,0.0,0.0,VIR,1,"MANNION, NICCOLO",DNP,0,0,0,0,0,0,0,0,0,0,0,0,0,0,0,0,0,0,0.0
2022,RS,10,89,1,PBCN      ,0.0,0.0,VIR,3,"BELINELLI, MARCO",DNP,0,0,0,0,0,0,0,0,0,0,0,0,0,0,0,0,0,0,0.0
2022,RS,10,89,1,P006739   ,0.0,1.0,VIR,6,"PAJOLA, ALESSANDRO",16:33,5,1,2,1,2,0,0,0,1,1,1,0,1,0,0,2,2,4,1.0
2022,RS,10,89,1,P004655   ,0.0,0.0,VIR,7,"BAKO, ISMAEL",14:45,1,0,1,0,0,1,2,0,2,2,1,0,1,1,1,3,2,0,1.0
2022,RS,10,89,1,P002581   ,1.0,0.0,VIR,14,"JAITEH, MAM",16:24,5,2,4,0,0,1,2,1,1,2,0,0,2,0,0,1,1,2,-5.0
2022,RS,10,89,1,P010781   ,1.0,1.0,VIR,19,"LUNDBERG, IFFE",27:38,22,8,9,1,5,3,3,0,1,1,2,1,2,0,1,0,2,20,-11.0
2022,RS,10,89,1,P001844   ,1.0,1.0,VIR,23,"HACKETT, DANIEL",20:21,6,1,2,1,1,1,2,0,4,4,1,1,2,0,0,2,3,9,-2.0
2022,RS,10,89,1,P008847   ,1.0,0.0,VIR,25,"MICKEY, JORDAN",27:27,15,6,9,1,5,0,0,4,3,7,1,0,1,1,0,2,1,15,-7.0
2022,RS,10,89,1,P006592   ,0.0,0.0,VIR,34,"WEEMS, KYLE",09:06,0,0,0,0,1,0,0,0,1,1,1,0,0,0,0,1,0,0,-5.0
2022,RS,10,89,1,P011982   ,0.0,1.0,VIR,37,"OJELEYE, SEMI",25:26,15,3,3,3,6,0,0,1,5,6,1,0,0,0,0,2,1,18,6.0
2022,RS,10,89,1,PJDR      ,0.0,0.0,VIR,44,"TEODOSIC, MILOS",18:06,6,2,2,0,6,2,4,1,1,2,4,1,2,1,1,6,3,0,6.0
2022,RS,10,89,1,Team,0.0,0.0,VIR,,Team,,0,0,0,0,0,0,0,1,4,5,0,0,0,0,0,0,0,5,
2022,RS,10,89,1,Total,,,VIR,,Total,200:00,80,24,34,7,30,11,16,8,23,31,14,5,12,3,3,22,17,75,
2022,RS,10,89,0,P006590   ,1.0,1.0,IST,1,"BEAUBOIS, RODRIGUE",34:28,19,4,4,1,4,8,8,2,6,8,2,0,0,1,0,2,5,30,9.0
2022,RS,10,89,0,P009846   ,1.0,1.0,IST,6,"BRYANT, ELIJAH",13:40,8,3,3,0,1,2,2,0,3,3,1,2,1,0,0,0,0,12,0.0
2022,RS,10,89,0,P008282   ,0.0,0.0,IST,10,"ILYASOGLU, OMERCAN",DNP,0,0,0,0,0,0,0,0,0,0,0,0,0,0,0,0,0,0,0.0
2022,RS,10,89,0,P004888   ,0.0,1.0,IST,12,"CLYBURN, WILL",31:36,21,5,9,2,5,5,6,1,6,7,4,1,3,0,1,3,5,23,4.0
2022,RS,10,89,0,P012068   ,0.0,0.0,IST,13,"TAYLOR, ISAIAH",05:01,0,0,0,0,0,0,0,0,0,0,0,1,0,0,0,1,1,1,-4.0
2022,RS,10,89,0,PLHK      ,1.0,0.0,IST,21,"PLEISS, TIBOR",22:01,9,3,4,1,3,0,0,0,3,3,0,0,0,0,0,4,1,6,2.0
2022,RS,10,89,0,P002580   ,1.0,1.0,IST,22,"MICIC, VASILIJE",36:25,12,2,4,2,8,2,2,0,3,3,5,2,7,0,0,4,6,9,8.0
2022,RS,10,89,0,P007993   ,0.0,1.0,IST,24,"M'BAYE, AMATH",28:19,11,1,2,3,5,0,0,0,1,1,0,1,0,0,0,3,1,8,1.0
2022,RS,10,89,0,P002084   ,1.0,0.0,IST,33,"POLONARA, ACHILLE",10:45,2,1,1,0,0,0,0,0,0,0,0,0,1,0,0,0,0,1,1.0
2022,RS,10,89,0,P004554   ,0.0,0.0,IST,41,"ZIZIC, ANTE",11:29,3,1,2,0,0,1,2,0,2,2,1,1,0,1,1,2,1,4,9.0
2022,RS,10,89,0,P003048   ,0.0,0.0,IST,42,"DUNSTON, BRYANT",06:16,0,0,0,0,1,0,0,1,2,3,0,0,0,1,1,0,0,2,-5.0
2022,RS,10,89,0,Team,0.0,0.0,IST,,Team,,0,0,0,0,0,0,0,1,0,1,0,0,2,0,0,0,0,-1,
2022,RS,10,89,0,Total,,,IST,,Total,200:00,85,20,29,9,27,18,20,5,26,31,13,8,14,3,3,19,20,95,
2022,RS,10,90,1,P011970   ,0.0,0.0,PAM,0,"HARPER, JARED",11:54,12,0,2,3,5,3,4,0,1,1,0,0,3,0,0,3,2,4,-8.0
2022,RS,10,90,1,P000556   ,0.0,1.0,PAM,1,"CLAVER, VICTOR",25:13,0,0,0,0,2,0,0,1,2,3,2,2,0,0,0,4,1,2,-1.0
2022,RS,10,90,1,P006643   ,1.0,0.0,PAM,2,"PUERTO, JOSEP",14:10,0,0,0,0,0,0,0,0,1,1,2,0,0,0,0,3,0,0,-1.0
2022,RS,10,90,1,P002661   ,0.0,1.0,PAM,3,"PREPELIC, KLEMEN",16:17,10,2,4,1,5,3,3,0,1,1,0,2,1,0,0,3,2,5,-8.0
2022,RS,10,90,1,P010393   ,0.0,0.0,PAM,4,"PRADILLA, JAIME",06:30,0,0,0,0,1,0,0,1,2,3,1,0,0,0,0,1,0,2,3.0
2022,RS,10,90,1,P011971   ,1.0,1.0,PAM,5,"WEBB III, JAMES",22:13,15,3,3,3,4,0,1,1,1,2,0,0,0,0,0,4,2,13,3.0
2022,RS,10,90,1,P005356   ,1.0,0.0,PAM,6,"LOPEZ-AROSTEGUI, XABI",12:01,3,0,1,1,2,0,0,0,2,2,1,0,2,0,1,0,0,1,-5.0
2022,RS,10,90,1,P010568   ,1.0,1.0,PAM,7,"JONES, CHRIS",28:05,19,7,11,1,5,2,3,0,5,5,7,5,4,0,1,0,7,29,8.0
2022,RS,10,90,1,P011972   ,0.0,0.0,PAM,12,"RADEBAUGH, JONAH",12:46,0,0,0,0,2,0,0,1,1,2,1,1,2,0,0,0,0,0,1.0
2022,RS,10,90,1,P002742   ,1.0,0.0,PAM,14,"DUBLJEVIC, BOJAN",23:32,9,2,5,1,2,2,2,0,3,3,2,0,3,0,0,2,1,6,-4.0
2022,RS,10,90,1,P011973   ,0.0,0.0,PAM,21,"ALEXANDER, KYLE",07:01,2,1,2,0,0,0,0,0,1,1,0,0,0,0,0,1,0,1,-2.0
2022,RS,10,90,1,P011214   ,0.0,1.0,PAM,41,"RIVERO, JASIEL",20:18,6,3,6,0,1,0,0,3,1,4,0,0,0,0,0,4,2,4,-6.0
2022,RS,10,90,1,Team,0.0,0.0,PAM,,Team,,0,0,0,0,0,0,0,2,2,4,0,0,1,0,0,0,0,3,
2022,RS,10,90,1,Total,,,PAM,,Total,200:00,76,18,34,10,29,10,13,9,23,32,16,10,16,0,2,25,17,70,
2022,RS,10,90,0,P011218   ,1.0,1.0,ZAL,2,"EVANS, KEENAN",28:20,18,3,4,3,6,3,3,0,4,4,5,1,4,0,0,3,3,20,-4.0
2022,RS,10,90,0,P007513   ,0.0,0.0,ZAL,3,"GIEDRAITIS, DOVYDAS",DNP,0,0,0,0,0,0,0,0,0,0,0,0,0,0,0,0,0,0,0.0
2022,RS,10,90,0,P003210   ,0.0,0.0,ZAL,4,"LEKAVICIUS, LUKAS",11:05,6,0,2,0,1,6,6,0,1,1,1,1,1,0,0,1,4,8,6.0
2022,RS,10,90,0,P010390   ,1.0,1.0,ZAL,8,"HAYES, KEVARRIUS",24:27,4,1,1,0,0,2,2,0,3,3,1,1,2,0,0,1,2,8,-1.0
2022,RS,10,90,0,P007109   ,1.0,1.0,ZAL,10,"SMITS, ROLANDS",25:31,19,4,7,2,5,5,5,5,2,7,2,0,1,0,0,1,3,23,-6.0
2022,RS,10,90,0,P005504   ,0.0,0.0,ZAL,15,"BIRUTIS, LAURYNAS",08:02,2,1,1,0,0,0,0,0,2,2,0,0,0,0,0,0,0,4,3.0
2022,RS,10,90,0,P006158   ,0.0,0.0,ZAL,16,"LUKOSIUNAS, KAROLIS",DNP,0,0,0,0,0,0,0,0,0,0,0,0,0,0,0,0,0,0,0.0
2022,RS,10,90,0,P011983   ,1.0,0.0,ZAL,17,"BRAZDEIKIS, IGNAS",22:38,13,5,8,0,3,3,5,1,2,3,0,1,1,1,0,2,4,11,-11.0
2022,RS,10,90,0,P003211   ,0.0,0.0,ZAL,33,"DIMSA, TOMAS",12:49,4,1,2,0,2,2,4,0,0,0,0,2,0,0,0,2,2,1,10.0
2022,RS,10,90,0,P009601   ,0.0,0.0,ZAL,34,"CAVANAUGH, TYLER",21:39,5,1,2,1,1,0,0,0,4,4,0,0,0,0,0,4,0,4,10.0
2022,RS,10,90,0,P002676   ,0.0,1.0,ZAL,51,"BUTKEVICIUS, ARNAS",24:52,3,1,2,0,3,1,1,1,3,4,3,1,5,1,0,3,3,3,11.0
2022,RS,10,90,0,P002329   ,1.0,1.0,ZAL,92,"ULANOVAS, EDGARAS",20:37,6,1,4,0,1,4,4,0,3,3,2,3,2,0,0,0,4,12,2.0
2022,RS,10,90,0,Team,0.0,0.0,ZAL,,Team,,0,0,0,0,0,0,0,3,3,6,0,0,1,0,0,0,0,5,
2022,RS,10,90,0,Total,,,ZAL,,Total,200:00,80,18,33,6,22,26,30,10,27,37,14,10,17,2,0,17,25,99,
2022,RS,11,91,1,P006590   ,1.0,1.0,IST,1,"BEAUBOIS, RODRIGUE",27:50,19,2,4,5,6,0,0,1,5,6,1,3,0,0,0,2,0,24,12.0
2022,RS,11,91,1,P009846   ,1.0,0.0,IST,6,"BRYANT, ELIJAH",18:30,5,1,4,1,1,0,0,1,1,2,2,2,1,0,0,5,1,3,7.0
2022,RS,11,91,1,P008282   ,0.0,0.0,IST,10,"ILYASOGLU, OMERCAN",DNP,0,0,0,0,0,0,0,0,0,0,0,0,0,0,0,0,0,0,0.0
2022,RS,11,91,1,P010516   ,0.0,0.0,IST,11,"GAZI, ERTEN",DNP,0,0,0,0,0,0,0,0,0,0,0,0,0,0,0,0,0,0,0.0
2022,RS,11,91,1,P004888   ,0.0,1.0,IST,12,"CLYBURN, WILL",35:15,24,5,10,4,8,2,2,2,3,5,3,2,3,1,1,3,4,23,7.0
2022,RS,11,91,1,P012068   ,0.0,1.0,IST,13,"TAYLOR, ISAIAH",20:49,3,0,2,1,3,0,0,0,1,1,2,0,0,0,0,1,1,2,11.0
2022,RS,11,91,1,PLHK      ,0.0,0.0,IST,21,"PLEISS, TIBOR",15:05,5,1,3,1,3,0,0,0,1,1,0,1,1,1,0,0,0,3,-2.0
2022,RS,11,91,1,P002580   ,1.0,1.0,IST,22,"MICIC, VASILIJE",34:46,18,3,3,3,8,3,3,0,9,9,9,0,3,0,1,2,6,31,11.0
2022,RS,11,91,1,P002084   ,1.0,0.0,IST,33,"POLONARA, ACHILLE",14:57,4,1,1,0,1,2,2,1,3,4,0,0,0,1,0,1,2,9,1.0
2022,RS,11,91,1,P004554   ,1.0,1.0,IST,41,"ZIZIC, ANTE",21:30,4,1,1,0,0,2,4,0,1,1,1,0,0,1,0,1,2,6,15.0
2022,RS,11,91,1,P003048   ,0.0,0.0,IST,42,"DUNSTON, BRYANT",11:18,0,0,0,0,0,0,0,0,0,0,0,0,0,0,0,2,0,-2,-7.0
2022,RS,11,91,1,Team,0.0,0.0,IST,,Team,,0,0,0,0,0,0,0,0,0,0,0,0,1,0,0,0,0,-1,
2022,RS,11,91,1,Total,,,IST,,Total,200:00,82,14,28,15,30,9,11,5,24,29,18,8,9,4,2,17,16,98,
2022,RS,11,91,0,P008855   ,1.0,1.0,OLY,0,"WALKUP, THOMAS",27:57,5,1,3,1,3,0,0,2,3,5,1,3,1,1,0,3,1,8,-14.0
2022,RS,11,91,0,P010612   ,0.0,0.0,OLY,3,"CANAAN, ISAIAH",05:54,0,0,1,0,0,0,0,0,0,0,0,1,1,0,0,0,0,-1,1.0
2022,RS,11,91,0,P006302   ,0.0,0.0,OLY,4,"LOUNTZIS, MICHALIS",00:12,0,0,0,0,0,0,0,0,1,1,0,0,0,0,0,0,0,1,0.0
2022,RS,11,91,0,P010392   ,0.0,0.0,OLY,5,"LARENTZAKIS, GIANNOULIS",17:41,13,0,0,3,5,4,4,0,0,0,2,0,1,0,0,1,4,15,-4.0
2022,RS,11,91,0,P008811   ,1.0,1.0,OLY,10,"FALL, MOUSTAPHA",29:37,12,6,7,0,0,0,0,2,4,6,2,0,0,1,1,2,0,17,-16.0
2022,RS,11,91,0,P001926   ,0.0,1.0,OLY,11,"SLOUKAS, KOSTAS",24:24,12,1,1,2,7,4,4,1,5,6,6,0,4,0,0,1,5,19,-12.0
2022,RS,11,91,0,P003469   ,1.0,1.0,OLY,14,"VEZENKOV, SASHA",34:06,18,4,6,3,9,1,1,0,3,3,3,1,1,0,0,3,2,15,-12.0
2022,RS,11,91,0,P001255   ,1.0,0.0,OLY,16,"PAPANIKOLAOU, KOSTAS",20:12,0,0,0,0,5,0,0,1,2,3,1,0,2,0,0,1,0,-4,0.0
2022,RS,11,91,0,P009035   ,0.0,0.0,OLY,21,"BOLOMBOY, JOEL",07:33,3,1,1,0,0,1,2,0,2,2,1,0,1,0,0,2,2,4,7.0
2022,RS,11,91,0,P008829   ,0.0,0.0,OLY,25,"PETERS, ALEC",09:48,3,1,2,0,1,1,1,0,1,1,1,0,0,0,1,0,1,3,1.0
2022,RS,11,91,0,P008991   ,0.0,0.0,OLY,28,"BLACK, TARIK",02:50,0,0,0,0,0,0,0,0,0,0,0,0,0,0,0,1,0,-1,-2.0
2022,RS,11,91,0,P007853   ,1.0,1.0,OLY,77,"MCKISSIC, SHAQUIELLE",19:46,5,2,5,0,0,1,2,0,2,2,2,1,2,0,2,2,2,2,-4.0
2022,RS,11,91,0,Team,0.0,0.0,OLY,,Team,,0,0,0,0,0,0,0,2,1,3,0,0,0,0,0,0,0,3,
2022,RS,11,91,0,Total,,,OLY,,Total,200:00,71,16,26,9,30,12,14,8,24,32,19,6,13,2,4,16,17,81,
2022,RS,11,92,1,P007032   ,0.0,0.0,BER,0,"LO, MAODO",15:29,9,0,3,1,2,6,6,0,2,2,1,0,0,0,0,1,6,13,-1.0
2022,RS,11,92,1,P008384   ,0.0,0.0,BER,1,"PROCIDA, GABRIELE",05:56,2,0,1,0,1,2,2,1,0,1,1,1,0,0,0,0,1,4,8.0
2022,RS,11,92,1,P011192   ,1.0,1.0,BER,3,"SMITH, JALEEN",20:50,15,2,3,3,6,2,2,2,0,2,0,0,0,0,0,4,2,11,-12.0
2022,RS,11,92,1,P008211   ,0.0,0.0,BER,6,"DELOW, MALTE",17:07,2,1,3,0,0,0,0,2,0,2,1,0,0,0,0,2,0,1,5.0
2022,RS,11,92,1,P011934   ,0.0,0.0,BER,7,"WETZELL, YANNI",01:50,2,0,1,0,0,2,2,0,0,0,0,0,0,0,1,0,1,1,-2.0
2022,RS,11,92,1,P006919   ,1.0,0.0,BER,19,"OLINDE, LOUIS",15:38,4,2,2,0,0,0,2,1,2,3,0,1,1,0,0,1,1,5,-13.0
2022,RS,11,92,1,P010791   ,1.0,0.0,BER,21,"KOUMADJE, CHRIST",11:48,8,3,3,0,0,2,2,2,2,4,0,0,1,0,0,4,2,9,0.0
2022,RS,11,92,1,P003958   ,0.0,1.0,BER,32,"THIEMANN, JOHANNES",24:43,12,4,6,0,0,4,5,1,6,7,2,0,1,1,0,3,7,22,15.0
2022,RS,11,92,1,P006589   ,1.0,1.0,BER,43,"SIKMA, LUKE",23:15,8,2,5,1,1,1,1,0,3,3,5,1,3,0,1,3,2,9,-5.0
2022,RS,11,92,1,P010385   ,1.0,0.0,BER,44,"LAMMERS, BEN",19:25,2,0,2,0,3,2,2,1,2,3,0,3,1,0,0,2,1,1,-12.0
2022,RS,11,92,1,P011193   ,0.0,1.0,BER,45,"BLATT, TAMIR",23:16,17,1,2,5,9,0,0,1,2,3,6,1,3,0,0,0,0,19,1.0
2022,RS,11,92,1,P006625   ,0.0,1.0,BER,50,"ZOOSMAN, YOVEL",20:43,5,2,4,0,0,1,1,1,0,1,0,0,3,0,0,3,2,0,6.0
2022,RS,11,92,1,Team,0.0,0.0,BER,,Team,,0,0,0,0,0,0,0,2,1,3,0,0,3,0,0,0,0,0,
2022,RS,11,92,1,Total,,,BER,,Total,200:00,86,17,35,10,22,22,25,14,20,34,16,7,16,1,2,23,25,95,
2022,RS,11,92,0,P011244   ,0.0,0.0,BAR,1,"DA SILVA, OSCAR",15:39,1,0,0,0,1,1,2,1,0,1,0,0,2,0,0,2,1,-3,0.0
2022,RS,11,92,0,P003204   ,0.0,0.0,BAR,3,"PAULI, ORIOL",07:29,0,0,0,0,0,0,0,0,1,1,0,0,0,0,0,1,0,0,-5.0
2022,RS,11,92,0,P000925   ,0.0,0.0,BAR,6,"VESELY, JAN",16:05,6,2,5,0,0,2,2,2,0,2,0,1,0,0,0,4,1,3,1.0
2022,RS,11,92,0,P004866   ,1.0,1.0,BAR,10,"KALINIC, NIKOLA",23:16,7,3,4,0,1,1,2,1,0,1,0,2,1,1,0,3,3,7,14.0
2022,RS,11,92,0,P002939   ,1.0,1.0,BAR,13,"SATORANSKY, TOMAS",28:16,11,3,4,1,2,2,2,2,4,6,5,0,3,0,0,4,3,16,6.0
2022,RS,11,92,0,P006435   ,1.0,0.0,BAR,20,"LAPROVITTOLA, NICOLAS",24:54,16,2,4,2,6,6,6,1,2,3,6,2,1,0,0,5,5,20,21.0
2022,RS,11,92,0,P006450   ,0.0,1.0,BAR,22,"HIGGINS, CORY",19:47,15,2,6,2,5,5,5,0,0,0,1,1,0,0,0,1,6,15,-17.0
2022,RS,11,92,0,P008966   ,1.0,0.0,BAR,23,"TOBEY, MIKE",19:38,11,4,5,1,3,0,0,2,2,4,1,0,0,0,1,3,0,9,10.0
2022,RS,11,92,0,P005789   ,0.0,1.0,BAR,24,"KURIC, KYLE",17:13,0,0,1,0,2,0,0,0,1,1,0,0,1,0,0,1,1,-3,-11.0
2022,RS,11,92,0,P007519   ,0.0,0.0,BAR,31,"JOKUBAITIS, ROKAS",04:16,2,1,3,0,0,0,0,0,1,1,1,0,0,0,0,0,0,2,-2.0
2022,RS,11,92,0,P000796   ,1.0,1.0,BAR,33,"MIROTIC, NIKOLA",21:54,19,2,3,4,5,3,4,3,3,6,2,3,1,1,0,1,3,29,-2.0
2022,RS,11,92,0,P010641   ,0.0,0.0,BAR,46,"NNAJI, JAMES",01:33,0,0,0,0,0,0,0,0,0,0,0,0,1,0,0,0,0,-1,-5.0
2022,RS,11,92,0,Team,0.0,0.0,BAR,,Team,,0,0,0,0,0,0,0,0,2,2,0,0,3,0,0,0,0,-1,
2022,RS,11,92,0,Total,,,BAR,,Total,200:00,88,19,35,10,25,20,23,12,16,28,16,9,13,2,1,25,23,93,
2022,RS,11,93,1,P011936   ,1.0,1.0,ASV,0,"MATHEWS, JONAH",24:35,11,4,6,0,4,3,3,1,1,2,3,1,3,0,1,4,2,5,0.0
2022,RS,11,93,1,P006068   ,1.0,1.0,ASV,2,"NOUA, AMINE",20:52,9,0,3,3,7,0,0,0,3,3,0,0,2,0,0,3,0,0,7.0
2022,RS,11,93,1,PKIR      ,0.0,0.0,ASV,5,"KAHUDI, CHARLES",19:08,3,0,0,1,2,0,0,1,0,1,1,0,1,1,0,1,0,3,-16.0
2022,RS,11,93,1,PTFK      ,0.0,0.0,ASV,8,"DIOT, ANTOINE",DNP,0,0,0,0,0,0,0,0,0,0,0,0,0,0,0,0,0,0,0.0
2022,RS,11,93,1,P004119   ,0.0,0.0,ASV,9,"TYUS, ALEX",09:21,6,3,3,0,0,0,0,1,0,1,0,1,1,1,0,3,1,6,-9.0
2022,RS,11,93,1,P010718   ,1.0,1.0,ASV,10,"RISACHER, ZACCHARIE",03:06,3,0,0,1,1,0,0,0,1,1,0,0,0,0,0,1,0,3,1.0
2022,RS,11,93,1,P002100   ,0.0,0.0,ASV,12,"DE COLO, NANDO",20:31,2,1,3,0,1,0,0,0,1,1,4,0,4,0,0,0,2,2,-7.0
2022,RS,11,93,1,P006568   ,1.0,0.0,ASV,19,"FALL, YOUSSOUPHA",10:29,1,0,0,0,0,1,2,1,2,3,0,0,3,1,0,4,2,-1,-4.0
2022,RS,11,93,1,P003526   ,0.0,0.0,ASV,23,"LIGHTY, DAVID",28:50,13,3,5,2,3,1,1,0,5,5,0,0,2,0,0,2,3,14,-6.0
2022,RS,11,93,1,P011938   ,0.0,1.0,ASV,32,"OBASOHAN, RETIN",25:18,13,1,1,2,4,5,6,0,3,3,1,1,2,0,0,4,5,14,-5.0
2022,RS,11,93,1,P011939   ,1.0,0.0,ASV,33,"JACKSON-CARTWRIGHT, PARKER",17:40,8,2,4,1,1,1,1,0,3,3,2,0,2,0,0,1,3,11,-10.0
2022,RS,11,93,1,P006832   ,0.0,1.0,ASV,35,"PONS, YVES",20:10,6,3,3,0,0,0,2,1,4,5,1,1,1,2,0,0,1,13,4.0
2022,RS,11,93,1,Team,0.0,0.0,ASV,,Team,,0,0,0,0,0,0,0,0,1,1,0,0,0,0,0,0,0,1,
2022,RS,11,93,1,Total,,,ASV,,Total,200:00,75,17,28,10,23,11,15,5,24,29,12,4,21,5,1,23,19,71,
2022,RS,11,93,0,P010588   ,0.0,0.0,MCO,0,"BROWN, JOHN",23:19,8,4,5,0,0,0,0,4,1,5,1,1,1,0,0,3,0,10,12.0
2022,RS,11,93,0,P011212   ,0.0,1.0,MCO,0,"OKOBO, ELIE",23:44,5,1,5,1,4,0,0,0,2,2,5,2,1,0,0,0,2,8,12.0
2022,RS,11,93,0,P009754   ,1.0,1.0,MCO,3,"LOYD, JORDAN",30:04,11,4,10,0,4,3,3,0,3,3,4,1,1,1,3,2,5,9,2.0
2022,RS,11,93,0,P011231   ,1.0,1.0,MCO,4,"BLOSSOMGAME, JARON",18:27,8,1,2,2,2,0,0,0,2,2,0,1,0,0,0,2,1,9,7.0
2022,RS,11,93,0,P011935   ,0.0,0.0,MCO,5,"MAKOUNDOU, YOAN",DNP,0,0,0,0,0,0,0,0,0,0,0,0,0,0,0,0,0,0,0.0
2022,RS,11,93,0,P011226   ,0.0,1.0,MCO,11,"DIALLO, ALPHA",26:49,8,2,7,1,2,1,2,2,4,6,2,3,3,0,0,3,3,9,8.0
2022,RS,11,93,0,P001833   ,1.0,0.0,MCO,18,"MOERMAN, ADRIEN",13:54,3,1,3,0,0,1,2,0,1,1,1,1,0,0,0,1,2,4,-11.0
2022,RS,11,93,0,PLCZ      ,0.0,0.0,MCO,20,"MOTIEJUNAS, DONATAS",16:13,17,5,9,1,1,4,8,5,1,6,0,0,0,0,1,2,5,17,11.0
2022,RS,11,93,0,P004197   ,0.0,0.0,MCO,24,"OUATTARA, YAKUBA",DNP,0,0,0,0,0,0,0,0,0,0,0,0,0,0,0,0,0,0,0.0
2022,RS,11,93,0,P008099   ,0.0,0.0,MCO,32,"STRAZEL, MATTHEW",01:38,0,0,0,0,0,0,0,0,0,0,0,1,1,0,0,2,0,-2,-2.0
2022,RS,11,93,0,P011196   ,1.0,1.0,MCO,45,"HALL, DONTA",19:24,7,3,4,0,0,1,2,2,2,4,0,0,0,0,0,4,2,7,3.0
2022,RS,11,93,0,P005985   ,1.0,0.0,MCO,55,"JAMES, MIKE",26:28,17,6,10,0,3,5,5,1,3,4,3,1,4,0,1,0,3,16,3.0
2022,RS,11,93,0,Team,0.0,0.0,MCO,,Team,,0,0,0,0,0,0,0,3,1,4,0,0,0,0,0,0,0,4,
2022,RS,11,93,0,Total,,,MCO,,Total,200:00,84,27,55,5,16,15,22,17,20,37,16,11,11,1,5,19,23,91,
2022,RS,11,94,1,P011948   ,1.0,1.0,BAS,0,"HOWARD, MARKUS",21:50,9,0,1,3,5,0,0,1,0,1,2,0,2,0,1,2,0,4,12.0
2022,RS,11,94,1,P008850   ,0.0,0.0,BAS,2,"RAIESTE, SANDER",DNP,0,0,0,0,0,0,0,0,0,0,0,0,0,0,0,0,0,0,0.0
2022,RS,11,94,1,P006754   ,0.0,1.0,BAS,7,"HENRY, PIERRIA",23:41,9,1,2,1,3,4,4,1,2,3,3,2,2,0,0,3,2,11,6.0
2022,RS,11,94,1,P004761   ,0.0,0.0,BAS,9,"MARINKOVIC, VANJA",20:07,6,0,2,1,4,3,3,0,0,0,1,0,0,0,0,0,2,4,1.0
2022,RS,11,94,1,P003198   ,0.0,0.0,BAS,11,"DIEZ, DANIEL",05:48,3,0,1,1,2,0,0,1,2,3,1,1,0,0,0,2,0,4,-4.0
2022,RS,11,94,1,P011078   ,1.0,0.0,BAS,13,"THOMPSON, DARIUS",26:10,15,4,7,2,3,1,1,0,2,2,7,1,2,0,0,2,2,19,18.0
2022,RS,11,94,1,P004603   ,1.0,0.0,BAS,21,"KOTSAR, MAIK",21:57,7,3,7,0,0,1,4,3,6,9,0,0,0,1,1,2,2,9,20.0
2022,RS,11,94,1,P011239   ,0.0,0.0,BAS,23,"ENOCH, STEVEN",12:00,4,1,4,0,1,2,2,1,2,3,0,1,0,0,0,2,1,3,-4.0
2022,RS,11,94,1,P010444   ,0.0,1.0,BAS,24,"COSTELLO, MATTHEW",23:12,5,1,5,1,3,0,2,1,3,4,1,1,0,2,1,4,4,4,5.0
2022,RS,11,94,1,P006436   ,1.0,0.0,BAS,31,"GIEDRAITIS, ROKAS",21:48,6,3,3,0,3,0,0,2,3,5,2,1,0,0,0,1,2,12,13.0
2022,RS,11,94,1,P011949   ,1.0,1.0,BAS,34,"HOMMES, DAULTON",17:03,11,0,1,3,6,2,3,0,3,3,0,0,1,0,0,3,1,6,15.0
2022,RS,11,94,1,P007265   ,0.0,1.0,BAS,47,"KURUCS, ARTURS",06:24,3,0,0,1,1,0,0,0,0,0,1,1,0,0,0,1,0,4,-2.0
2022,RS,11,94,1,Team,0.0,0.0,BAS,,Team,,0,0,0,0,0,0,0,3,5,8,0,0,0,0,0,0,0,8,
2022,RS,11,94,1,Total,,,BAS,,Total,200:00,78,13,33,13,31,13,19,13,28,41,18,8,7,3,3,22,16,88,
2022,RS,11,94,0,P007870   ,1.0,1.0,MIL,0,"DAVIES, BRANDON",25:43,23,7,10,1,2,6,11,5,7,12,2,0,2,1,1,3,10,33,-10.0
2022,RS,11,94,0,P005094   ,0.0,0.0,MIL,1,"THOMAS, DESHAUN",DNP,0,0,0,0,0,0,0,0,0,0,0,0,0,0,0,0,0,0,0.0
2022,RS,11,94,0,P012080   ,1.0,0.0,MIL,2,"LUWAWU-CABARROT, TIMOTHE",09:06,2,1,5,0,0,0,0,0,0,0,0,0,1,0,0,1,0,-4,-14.0
2022,RS,11,94,0,P011965   ,1.0,0.0,MIL,3,"MITROU-LONG, NAZ",23:56,0,0,4,0,6,0,0,0,2,2,4,0,3,0,1,1,0,-9,-10.0
2022,RS,11,94,0,P002849   ,1.0,0.0,MIL,9,"MELLI, NICOLO",23:33,7,1,2,1,1,2,2,1,5,6,2,0,2,0,0,4,2,10,-4.0
2022,RS,11,94,0,P005775   ,0.0,0.0,MIL,12,"BARON, BILLY",21:33,2,0,1,0,4,2,3,0,1,1,3,0,0,0,0,0,1,1,-8.0
2022,RS,11,94,0,P001518   ,0.0,0.0,MIL,17,"RICCI, GIAMPAOLO",00:39,0,0,0,0,0,0,0,0,0,0,0,0,0,0,0,0,0,0,-4.0
2022,RS,11,94,0,P011205   ,1.0,1.0,MIL,22,"HALL, DEVON",34:02,14,1,2,4,8,0,0,1,0,1,2,2,2,1,1,2,2,12,-12.0
2022,RS,11,94,0,P006707   ,0.0,1.0,MIL,25,"BALDASSO, TOMMASO",14:32,6,0,1,2,3,0,0,0,0,0,1,1,1,0,0,1,0,4,-4.0
2022,RS,11,94,0,P005059   ,0.0,1.0,MIL,40,"ALVITI, DAVIDE",16:51,2,0,0,0,2,2,2,1,1,2,0,0,0,0,0,1,3,4,0.0
2022,RS,11,94,0,P002812   ,0.0,0.0,MIL,42,"HINES, KYLE",18:41,2,0,0,0,0,2,2,1,7,8,3,1,2,1,0,3,2,12,-8.0
2022,RS,11,94,0,P007201   ,0.0,1.0,MIL,77,"VOIGTMANN, JOHANNES",11:24,4,2,5,0,2,0,1,2,2,4,1,0,0,0,0,1,2,4,-6.0
2022,RS,11,94,0,Team,0.0,0.0,MIL,,Team,,0,0,0,0,0,0,0,2,2,4,0,0,0,0,0,0,0,4,
2022,RS,11,94,0,Total,,,MIL,,Total,200:00,62,12,30,8,28,14,21,13,27,40,18,4,13,3,3,17,22,71,
2022,RS,11,95,1,P009212   ,0.0,0.0,PAR,1,"VUKCEVIC, TRISTAN",03:31,0,0,0,0,0,0,0,0,0,0,0,0,1,0,0,2,0,-3,-6.0
2022,RS,11,95,1,P008987   ,1.0,1.0,PAR,2,"LEDAY, ZACH",37:36,12,4,8,0,1,4,4,0,2,2,1,1,1,0,1,4,4,9,-1.0
2022,RS,11,95,1,P009862   ,0.0,0.0,PAR,7,"PUNTER, KEVIN",27:40,19,2,4,3,7,6,7,0,0,0,3,1,5,0,1,5,4,9,4.0
2022,RS,11,95,1,P005161   ,1.0,0.0,PAR,10,"PAPAPETROU, IOANNIS",27:22,4,1,1,0,3,2,2,1,2,3,1,2,0,0,0,0,5,12,-7.0
2022,RS,11,95,1,P011302   ,0.0,1.0,PAR,11,"EXUM, DANTE",22:30,9,2,3,1,2,2,2,1,1,2,6,0,1,1,0,4,1,12,-1.0
2022,RS,11,95,1,P010458   ,1.0,0.0,PAR,12,"BRODZIANSKY, VLADIMIR",05:33,0,0,1,0,0,0,0,0,0,0,0,0,0,0,0,0,0,-1,-2.0
2022,RS,11,95,1,P007400   ,1.0,1.0,PAR,21,"NUNNALLY, JAMES",37:59,15,4,5,2,9,1,1,0,3,3,3,1,2,2,0,1,2,15,6.0
2022,RS,11,95,1,P011261   ,0.0,0.0,PAR,24,"GLAS, GREGOR",DNP,0,0,0,0,0,0,0,0,0,0,0,0,0,0,0,0,0,0,0.0
2022,RS,11,95,1,P003842   ,0.0,1.0,PAR,26,"LESSORT, MATHIAS",39:27,22,8,9,0,1,6,7,2,8,10,1,0,1,2,0,2,8,37,-2.0
2022,RS,11,95,1,P007673   ,0.0,0.0,PAR,32,"TRIFUNOVIC, UROS",03:37,0,0,0,0,0,0,0,0,0,0,0,0,0,0,0,0,0,0,-2.0
2022,RS,11,95,1,P000956   ,0.0,1.0,PAR,33,"ANDJUSIC, DANILO",06:16,2,1,1,0,1,0,0,0,0,0,0,0,0,0,0,1,0,0,-7.0
2022,RS,11,95,1,P011052   ,1.0,0.0,PAR,41,"MADAR, YAM",13:29,13,3,3,2,3,1,2,1,0,1,2,0,1,0,0,1,2,14,-2.0
2022,RS,11,95,1,Team,0.0,0.0,PAR,,Team,,0,0,0,0,0,0,0,1,1,2,0,0,0,0,0,0,0,2,
2022,RS,11,95,1,Total,,,PAR,,Total,225:00,96,25,35,8,27,22,25,6,17,23,17,5,12,5,2,20,26,106,
2022,RS,11,95,0,P011970   ,0.0,0.0,PAM,0,"HARPER, JARED",28:07,14,3,6,1,4,5,5,0,2,2,5,1,1,0,1,2,3,15,8.0
2022,RS,11,95,0,P000556   ,1.0,1.0,PAM,1,"CLAVER, VICTOR",26:23,9,2,3,0,1,5,6,1,2,3,5,2,0,0,0,3,3,16,12.0
2022,RS,11,95,0,P006643   ,0.0,0.0,PAM,2,"PUERTO, JOSEP",15:29,0,0,0,0,0,0,0,0,1,1,0,0,0,0,0,3,0,-2,-7.0
2022,RS,11,95,0,P010393   ,0.0,0.0,PAM,4,"PRADILLA, JAIME",15:09,6,3,4,0,1,0,0,1,1,2,0,0,1,1,0,2,0,4,0.0
2022,RS,11,95,0,P011971   ,1.0,1.0,PAM,5,"WEBB III, JAMES",28:55,18,6,7,2,3,0,0,2,7,9,0,0,3,0,0,2,0,20,3.0
2022,RS,11,95,0,P005356   ,1.0,1.0,PAM,6,"LOPEZ-AROSTEGUI, XABI",32:13,17,3,6,2,5,5,5,1,3,4,4,3,1,0,1,2,5,23,11.0
2022,RS,11,95,0,P010568   ,1.0,0.0,PAM,7,"JONES, CHRIS",19:01,2,1,3,0,2,0,0,1,1,2,5,0,3,0,1,3,0,-2,3.0
2022,RS,11,95,0,P009101   ,0.0,0.0,PAM,8,"FERRANDO, GUILLEM",DNP,0,0,0,0,0,0,0,0,0,0,0,0,0,0,0,0,0,0,0.0
2022,RS,11,95,0,P011972   ,0.0,1.0,PAM,12,"RADEBAUGH, JONAH",11:13,4,2,2,0,2,0,0,0,0,0,1,1,1,0,0,2,1,2,-2.0
2022,RS,11,95,0,P002742   ,1.0,0.0,PAM,14,"DUBLJEVIC, BOJAN",22:32,8,1,2,2,4,0,0,1,2,3,1,0,1,0,0,3,2,7,-2.0
2022,RS,11,95,0,P011973   ,0.0,0.0,PAM,21,"ALEXANDER, KYLE",04:53,0,0,0,0,0,0,0,0,1,1,0,0,0,1,0,1,0,1,2.0
2022,RS,11,95,0,P011214   ,0.0,1.0,PAM,41,"RIVERO, JASIEL",21:05,22,9,14,0,0,4,5,6,0,6,0,0,4,0,2,3,5,18,-8.0
2022,RS,11,95,0,Team,0.0,0.0,PAM,,Team,,0,0,0,0,0,0,0,3,1,4,0,0,1,0,0,0,0,3,
2022,RS,11,95,0,Total,,,PAM,,Total,225:00,100,30,47,7,22,19,21,16,21,37,21,7,16,2,5,26,19,105,
2022,RS,11,96,1,P011157   ,0.0,0.0,ULK,0,"MOTLEY, JOHNATHAN",23:01,20,6,14,1,4,5,6,5,2,7,0,0,1,1,2,2,4,15,-21.0
2022,RS,11,96,1,P003091   ,1.0,1.0,ULK,1,"BIRSEN, METECAN",25:53,4,2,4,0,1,0,0,1,1,2,0,0,0,0,1,1,4,5,-6.0
2022,RS,11,96,1,P011201   ,0.0,1.0,ULK,2,"HAZER, SEHMUS",11:23,7,3,4,0,1,1,2,1,0,1,2,1,0,0,0,2,3,9,5.0
2022,RS,11,96,1,P011987   ,0.0,0.0,ULK,4,"EDWARDS, CARSEN",20:33,6,3,7,0,2,0,1,0,1,1,5,3,1,0,0,2,3,8,-6.0
2022,RS,11,96,1,P004056   ,1.0,0.0,ULK,5,"AKPINAR, ISMET",05:34,0,0,0,0,1,0,0,0,1,1,1,0,0,0,0,1,0,0,-6.0
2022,RS,11,96,1,P007122   ,0.0,0.0,ULK,9,"GEYIK, SAMET",DNP,0,0,0,0,0,0,0,0,0,0,0,0,0,0,0,0,0,0,0.0
2022,RS,11,96,1,P002969   ,0.0,1.0,ULK,10,"MAHMUTOGLU, MELIH",18:00,10,2,3,2,6,0,0,0,2,2,1,0,0,0,0,2,0,6,-8.0
2022,RS,11,96,1,P008962   ,1.0,1.0,ULK,11,"HAYES-DAVIS, NIGEL",25:40,5,1,2,0,2,3,3,1,1,2,1,0,1,0,0,3,1,2,-11.0
2022,RS,11,96,1,P006961   ,0.0,0.0,ULK,13,"BIBEROVIC, TARIK",14:45,2,1,4,0,1,0,0,0,1,1,0,1,0,0,1,4,1,-4,11.0
2022,RS,11,96,1,P009733   ,0.0,1.0,ULK,22,"JEKIRI, TONYE",09:28,0,0,0,0,0,0,0,1,1,2,0,0,0,0,0,0,0,2,9.0
2022,RS,11,96,1,P007056   ,1.0,0.0,ULK,31,"BOOKER, DEVIN",26:37,15,2,3,3,5,2,2,1,2,3,1,1,1,0,0,2,3,17,-16.0
2022,RS,11,96,1,P001932   ,1.0,0.0,ULK,33,"CALATHES, NICK",19:06,2,1,4,0,1,0,2,0,2,2,6,0,1,0,1,0,1,3,-21.0
2022,RS,11,96,1,Team,0.0,0.0,ULK,,Team,,0,0,0,0,0,0,0,3,2,5,0,0,2,0,0,0,0,3,
2022,RS,11,96,1,Total,,,ULK,,Total,200:00,71,21,45,6,24,11,16,13,16,29,17,6,7,1,5,19,20,66,
2022,RS,11,96,0,P007982   ,1.0,0.0,MAD,0,"WILLIAMS-GOSS, NIGEL",07:32,5,1,2,1,1,0,0,0,1,1,0,0,0,0,0,2,0,3,9.0
2022,RS,11,96,0,P001392   ,0.0,0.0,MAD,1,"CAUSEUR, FABIEN",11:31,7,3,3,0,2,1,2,0,0,0,0,0,1,0,0,3,1,1,-9.0
2022,RS,11,96,0,P003733   ,0.0,1.0,MAD,6,"ABALDE, ALBERTO",17:59,0,0,1,0,1,0,0,3,1,4,3,0,0,0,0,0,0,5,5.0
2022,RS,11,96,0,P003108   ,0.0,1.0,MAD,11,"HEZONJA, MARIO",21:54,9,0,1,3,6,0,2,0,7,7,0,0,1,1,0,2,4,12,-6.0
2022,RS,11,96,0,PCVM      ,0.0,0.0,MAD,13,"RODRIGUEZ, SERGIO",09:57,2,1,1,0,1,0,0,0,1,1,3,0,1,0,0,1,0,3,7.0
2022,RS,11,96,0,P009005   ,1.0,1.0,MAD,14,"DECK, GABRIEL",32:09,12,3,8,1,2,3,3,1,7,8,2,1,0,0,1,2,3,17,20.0
2022,RS,11,96,0,P004887   ,0.0,0.0,MAD,17,"POIRIER, VINCENT",12:39,4,2,2,0,0,0,0,0,4,4,0,0,2,0,0,2,4,8,-14.0
2022,RS,11,96,0,P004790   ,1.0,0.0,MAD,21,"CORNELIE, PETR",12:17,3,0,1,1,2,0,0,0,2,2,0,1,1,1,0,2,0,2,10.0
2022,RS,11,96,0,P005791   ,1.0,1.0,MAD,22,"TAVARES, WALTER",27:21,17,7,7,0,0,3,3,1,3,4,4,0,0,3,0,4,2,26,28.0
2022,RS,11,96,0,PTGB      ,0.0,1.0,MAD,23,"LLULL, SERGIO",19:39,8,1,1,2,5,0,0,1,1,2,4,0,3,0,0,0,2,10,-3.0
2022,RS,11,96,0,P009213   ,0.0,0.0,MAD,30,"NDIAYE, ELI",DNP,0,0,0,0,0,0,0,0,0,0,0,0,0,0,0,0,0,0,0.0
2022,RS,11,96,0,P006540   ,1.0,0.0,MAD,31,"MUSA, DZANAN",27:02,18,3,3,3,5,3,3,0,4,4,6,0,4,0,0,3,3,22,23.0
2022,RS,11,96,0,Team,0.0,0.0,MAD,,Team,,0,0,0,0,0,0,0,0,0,0,0,0,1,0,0,0,0,-1,
2022,RS,11,96,0,Total,,,MAD,,Total,200:00,85,21,30,11,25,10,13,6,31,37,22,2,14,5,1,21,19,108,
2022,RS,11,97,1,P004267   ,0.0,0.0,RED,0,"HOLLAND, JOHN",09:43,5,1,1,1,2,0,0,0,0,0,0,0,0,0,0,3,0,1,1.0
2022,RS,11,97,1,P007947   ,1.0,1.0,RED,1,"VILDOZA, LUCA",28:49,16,2,4,4,6,0,0,0,3,3,5,3,5,0,0,2,1,17,7.0
2022,RS,11,97,1,P002553   ,0.0,1.0,RED,9,"MITROVIC, LUKA",21:21,12,6,8,0,0,0,0,2,3,5,3,0,1,0,1,0,5,21,9.0
2022,RS,11,97,1,PLUO      ,1.0,0.0,RED,10,"LAZIC, BRANKO",19:39,3,0,0,1,1,0,0,0,0,0,1,0,0,0,0,3,0,1,6.0
2022,RS,11,97,1,P009540   ,0.0,0.0,RED,12,"MARTIN, HASSAN",15:15,4,2,3,0,0,0,0,1,2,3,0,1,0,1,1,0,0,7,7.0
2022,RS,11,97,1,P004007   ,1.0,0.0,RED,13,"DOBRIC, OGNJEN",28:55,20,7,10,2,4,0,1,1,0,1,3,2,3,0,0,2,2,17,15.0
2022,RS,11,97,1,P000848   ,0.0,1.0,RED,26,"NEDOVIC, NEMANJA",12:04,5,2,3,0,2,1,2,1,0,1,1,0,1,0,1,4,2,-1,-2.0
2022,RS,11,97,1,PLME      ,0.0,0.0,RED,27,"MARKOVIC, STEFAN",20:09,2,1,1,0,1,0,0,1,7,8,5,2,0,0,0,2,3,17,3.0
2022,RS,11,97,1,P003479   ,1.0,0.0,RED,32,"KUZMIC, OGNJEN",03:24,0,0,0,0,0,0,0,0,0,0,0,0,0,0,0,0,0,0,-7.0
2022,RS,11,97,1,P011194   ,0.0,1.0,RED,33,"PETRUSEV, FILIP",09:56,4,2,2,0,1,0,0,0,1,1,0,0,1,1,0,2,2,4,-6.0
2022,RS,11,97,1,P010985   ,0.0,1.0,RED,44,"TOPIC, NIKOLA",00:51,0,0,0,0,0,0,0,0,0,0,0,0,0,0,0,0,0,0,-3.0
2022,RS,11,97,1,P009818   ,1.0,0.0,RED,50,"BENTIL, BENJAMIN",29:54,12,3,6,2,6,0,0,2,2,4,2,1,3,0,0,3,0,6,15.0
2022,RS,11,97,1,Team,0.0,0.0,RED,,Team,,0,0,0,0,0,0,0,1,1,2,0,0,0,0,0,0,0,2,
2022,RS,11,97,1,Total,,,RED,,Total,200:00,83,26,38,10,23,1,3,9,19,28,20,9,14,2,3,21,15,92,
2022,RS,11,97,0,P009549   ,1.0,1.0,VIR,0,"CORDINIER, ISAIA",24:03,7,1,3,0,2,5,5,0,0,0,3,1,3,1,1,4,5,5,9.0
2022,RS,11,97,0,P011064   ,0.0,1.0,VIR,1,"MANNION, NICCOLO",09:36,11,1,2,3,3,0,0,0,0,0,1,0,2,0,0,0,0,9,2.0
2022,RS,11,97,0,PBCN      ,0.0,0.0,VIR,3,"BELINELLI, MARCO",19:24,4,1,2,0,3,2,2,0,1,1,2,1,0,0,0,1,1,4,-9.0
2022,RS,11,97,0,P006739   ,0.0,1.0,VIR,6,"PAJOLA, ALESSANDRO",23:06,7,2,2,1,3,0,0,1,1,2,2,1,4,0,0,3,1,4,-2.0
2022,RS,11,97,0,P004655   ,0.0,0.0,VIR,7,"BAKO, ISMAEL",11:14,1,0,1,0,0,1,2,1,1,2,1,0,1,0,1,3,1,-2,-4.0
2022,RS,11,97,0,P002581   ,1.0,1.0,VIR,14,"JAITEH, MAM",27:09,15,5,6,0,0,5,7,3,6,9,2,2,2,1,0,2,5,27,-5.0
2022,RS,11,97,0,P010781   ,1.0,0.0,VIR,19,"LUNDBERG, IFFE",22:57,2,1,2,0,3,0,0,0,2,2,1,1,1,0,0,1,1,1,-13.0
2022,RS,11,97,0,P001844   ,1.0,0.0,VIR,23,"HACKETT, DANIEL",16:35,6,0,0,2,3,0,0,0,0,0,2,0,2,0,0,1,2,6,-8.0
2022,RS,11,97,0,P008847   ,1.0,0.0,VIR,25,"MICKEY, JORDAN",23:19,11,2,5,1,3,4,4,1,3,4,3,1,0,1,0,0,4,19,-7.0
2022,RS,11,97,0,P008108   ,0.0,0.0,VIR,29,"CAMARA, GORA",DNP,0,0,0,0,0,0,0,0,0,0,0,0,0,0,0,0,0,0,0.0
2022,RS,11,97,0,P006592   ,0.0,1.0,VIR,34,"WEEMS, KYLE",22:37,10,2,4,1,2,3,3,1,0,1,2,3,1,0,0,0,1,13,-8.0
2022,RS,11,97,0,Team,0.0,0.0,VIR,,Team,,0,0,0,0,0,0,0,1,3,4,0,0,0,0,0,0,0,4,
2022,RS,11,97,0,Total,,,VIR,,Total,200:00,74,15,27,8,22,20,23,8,17,25,19,10,16,3,2,15,21,90,
2022,RS,11,98,1,P011218   ,1.0,1.0,ZAL,2,"EVANS, KEENAN",29:00,18,2,6,4,10,2,2,0,3,3,5,3,0,0,2,1,2,18,-12.0
2022,RS,11,98,1,P007513   ,0.0,0.0,ZAL,3,"GIEDRAITIS, DOVYDAS",DNP,0,0,0,0,0,0,0,0,0,0,0,0,0,0,0,0,0,0,0.0
2022,RS,11,98,1,P003210   ,0.0,0.0,ZAL,4,"LEKAVICIUS, LUKAS",11:24,0,0,0,0,0,0,0,0,2,2,2,0,1,0,0,1,0,2,-5.0
2022,RS,11,98,1,P010390   ,1.0,1.0,ZAL,8,"HAYES, KEVARRIUS",15:26,10,5,7,0,0,0,0,3,1,4,0,0,1,2,0,4,0,9,-2.0
2022,RS,11,98,1,P007109   ,1.0,0.0,ZAL,10,"SMITS, ROLANDS",21:10,2,1,5,0,4,0,0,0,3,3,2,0,1,0,0,1,1,-2,-8.0
2022,RS,11,98,1,P005504   ,0.0,0.0,ZAL,15,"BIRUTIS, LAURYNAS",10:43,4,1,2,0,0,2,2,2,0,2,1,0,1,0,0,1,1,5,-14.0
2022,RS,11,98,1,P006158   ,0.0,0.0,ZAL,16,"LUKOSIUNAS, KAROLIS",05:49,3,0,0,1,2,0,0,0,1,1,1,0,0,0,1,1,0,2,10.0
2022,RS,11,98,1,P011983   ,1.0,1.0,ZAL,17,"BRAZDEIKIS, IGNAS",22:10,7,1,8,1,4,2,2,0,2,2,0,0,0,0,1,1,2,-1,-8.0
2022,RS,11,98,1,P003211   ,0.0,0.0,ZAL,33,"DIMSA, TOMAS",14:12,4,0,0,1,1,1,2,0,2,2,1,0,2,0,0,2,2,4,-3.0
2022,RS,11,98,1,P009601   ,0.0,0.0,ZAL,34,"CAVANAUGH, TYLER",18:09,3,0,2,1,5,0,0,1,1,2,1,0,1,0,0,2,1,-2,-5.0
2022,RS,11,98,1,P002676   ,0.0,1.0,ZAL,51,"BUTKEVICIUS, ARNAS",20:14,6,2,4,0,1,2,2,1,1,2,1,2,0,0,1,3,2,6,-15.0
2022,RS,11,98,1,P002329   ,1.0,1.0,ZAL,92,"ULANOVAS, EDGARAS",31:43,10,3,5,0,3,4,4,1,3,4,1,0,1,0,2,1,6,12,-8.0
2022,RS,11,98,1,Team,0.0,0.0,ZAL,,Team,,0,0,0,0,0,0,0,6,3,9,0,0,1,0,0,0,0,8,
2022,RS,11,98,1,Total,,,ZAL,,Total,200:00,67,15,39,8,30,13,14,14,22,36,15,5,9,2,7,18,17,61,
2022,RS,11,98,0,P011209   ,1.0,0.0,PAN,0,"KALAITZAKIS, PANAGIOTIS",06:25,2,1,1,0,0,0,0,0,1,1,1,0,0,0,0,2,0,2,10.0
2022,RS,11,98,0,P006555   ,1.0,0.0,PAN,3,"WOLTERS, NATE",25:31,11,4,5,1,2,0,0,0,2,2,4,2,1,1,1,3,1,14,14.0
2022,RS,11,98,0,P011225   ,0.0,1.0,PAN,5,"LEE, PARIS",24:26,5,1,2,1,3,0,0,0,2,2,4,1,1,0,1,0,4,11,8.0
2022,RS,11,98,0,P005844   ,1.0,1.0,PAN,6,"PAPAGIANNIS, GEORGIOS",29:00,6,3,7,0,0,0,0,4,9,13,3,0,0,4,0,2,1,21,3.0
2022,RS,11,98,0,P003240   ,0.0,0.0,PAN,7,"BOCHORIDIS, ELEFTHERIOS",DNP,0,0,0,0,0,0,0,0,0,0,0,0,0,0,0,0,0,0,0.0
2022,RS,11,98,0,P009006   ,1.0,1.0,PAN,8,"WILLIAMS, DERRICK",33:33,25,6,6,2,6,7,10,1,4,5,2,1,0,1,0,2,5,30,13.0
2022,RS,11,98,0,P006586   ,0.0,0.0,PAN,16,"KALAITZAKIS, GEORGIOS",14:47,0,0,0,0,1,0,0,0,1,1,0,1,0,1,0,3,0,-1,2.0
2022,RS,11,98,0,P011286   ,1.0,1.0,PAN,24,"BACON, DWAYNE",33:50,19,7,17,1,3,2,2,0,8,8,0,0,2,0,0,2,2,13,6.0
2022,RS,11,98,0,P011396   ,0.0,0.0,PAN,33,"CHOUGKAZ, NIKOS",DNP,0,0,0,0,0,0,0,0,0,0,0,0,0,0,0,0,0,0,0.0
2022,RS,11,98,0,P004172   ,0.0,1.0,PAN,37,"PONITKA, MATEUSZ",23:11,9,1,4,1,1,4,4,2,3,5,2,0,3,0,0,3,4,11,8.0
2022,RS,11,98,0,P008084   ,0.0,0.0,PAN,72,"MANTZOUKAS, ELEFTHERIOS",DNP,0,0,0,0,0,0,0,0,0,0,0,0,0,0,0,0,0,0,0.0
2022,RS,11,98,0,P003120   ,0.0,0.0,PAN,77,"GUDAITIS, ARTURAS",09:17,4,2,3,0,0,0,0,0,0,0,0,1,0,0,0,0,1,5,6.0
2022,RS,11,98,0,Team,0.0,0.0,PAN,,Team,,0,0,0,0,0,0,0,0,2,2,0,0,1,0,0,0,0,1,
2022,RS,11,98,0,Total,,,PAN,,Total,200:00,81,25,45,6,16,13,16,7,32,39,16,6,8,7,2,17,18,107,
2022,RS,11,99,1,P010391   ,0.0,1.0,MUN,0,"WEILER-BABB, NICK",22:09,10,2,2,1,3,3,4,2,2,4,1,0,1,0,0,1,2,12,1.0
2022,RS,11,99,1,P009866   ,0.0,0.0,MUN,2,"WALDEN, COREY",20:31,10,1,2,2,4,2,2,0,1,1,2,2,0,0,0,4,2,10,7.0
2022,RS,11,99,1,P011940   ,0.0,1.0,MUN,5,"WINSTON, CASSIUS",21:35,23,4,10,2,5,9,9,1,0,1,3,1,2,0,1,3,7,20,8.0
2022,RS,11,99,1,P005160   ,0.0,1.0,MUN,8,"HUNTER, OTHELLO",16:06,6,3,4,0,0,0,0,4,1,5,0,0,3,0,0,2,0,5,2.0
2022,RS,11,99,1,P006760   ,1.0,1.0,MUN,9,"BONGA, ISAAC",27:36,12,3,6,2,2,0,0,3,6,9,1,0,1,0,1,3,2,16,7.0
2022,RS,11,99,1,P004058   ,1.0,1.0,MUN,10,"JARAMAZ, OGNJEN",15:32,5,1,2,1,2,0,0,0,1,1,5,0,1,0,1,3,0,4,6.0
2022,RS,11,99,1,P004508   ,1.0,0.0,MUN,13,"OBST, ANDREAS",15:06,10,0,0,3,4,1,1,0,1,1,0,1,1,0,0,3,1,8,1.0
2022,RS,11,99,1,P005056   ,0.0,0.0,MUN,16,"ZIPSER, PAUL",09:07,0,0,0,0,0,0,0,0,0,0,0,0,0,0,0,2,0,-2,0.0
2022,RS,11,99,1,P005478   ,0.0,0.0,MUN,17,"WIMBERG, NIKLAS",DNP,0,0,0,0,0,0,0,0,0,0,0,0,0,0,0,0,0,0,0.0
2022,RS,11,99,1,P005460   ,0.0,0.0,MUN,20,"HARRIS, ELIAS",24:19,14,4,8,0,2,6,8,0,3,3,1,2,1,0,1,2,6,14,3.0
2022,RS,11,99,1,P006477   ,1.0,0.0,MUN,21,"RUBIT, AUGUSTINE",04:05,5,2,3,0,0,1,1,0,2,2,0,0,0,0,0,0,1,7,3.0
2022,RS,11,99,1,P011941   ,1.0,0.0,MUN,33,"GILLESPIE, FREDDIE",23:54,3,1,5,0,0,1,2,4,2,6,0,1,1,0,1,2,2,3,7.0
2022,RS,11,99,1,Team,0.0,0.0,MUN,,Team,,0,0,0,0,0,0,0,0,1,1,0,0,1,0,0,0,0,0,
2022,RS,11,99,1,Total,,,MUN,,Total,200:00,98,21,42,11,22,23,27,14,20,34,13,7,12,0,5,25,23,97,
2022,RS,11,99,0,P012056   ,1.0,1.0,TEL,3,"ADAMS, JALEN",25:03,21,3,4,3,5,6,8,1,4,5,1,0,2,0,0,3,4,21,-2.0
2022,RS,11,99,0,P009622   ,1.0,0.0,TEL,4,"BROWN, LORENZO",33:29,36,11,14,1,2,11,12,0,3,3,7,2,8,0,0,2,10,43,-13.0
2022,RS,11,99,0,P011967   ,0.0,1.0,TEL,6,"MARTIN, JARELL",20:37,4,1,2,0,1,2,2,1,2,3,0,0,0,0,0,3,2,4,-4.0
2022,RS,11,99,0,P004233   ,0.0,1.0,TEL,8,"MENCO, RAFI",08:29,0,0,0,0,1,0,0,0,0,0,1,1,0,0,0,1,1,1,-4.0
2022,RS,11,99,0,P011219   ,1.0,0.0,TEL,9,"SORKIN, ROMAN",11:35,0,0,1,0,0,0,0,1,0,1,1,0,0,1,0,3,0,-1,-4.0
2022,RS,11,99,0,P007990   ,0.0,1.0,TEL,12,"DIBARTOLOMEO, JOHN",13:04,7,0,1,2,4,1,2,1,1,2,0,0,1,0,0,1,3,6,1.0
2022,RS,11,99,0,P005145   ,0.0,0.0,TEL,15,"COHEN, JAKE",DNP,0,0,0,0,0,0,0,0,0,0,0,0,0,0,0,0,0,0,0.0
2022,RS,11,99,0,P009917   ,0.0,0.0,TEL,20,"HOLLINS, AUSTIN",12:50,0,0,0,0,1,0,0,0,2,2,0,1,1,0,0,1,0,0,-7.0
2022,RS,11,99,0,P009960   ,1.0,0.0,TEL,22,"POYTHRESS, ALEX",27:09,8,3,5,0,0,2,2,1,0,1,0,1,1,2,0,2,2,9,-12.0
2022,RS,11,99,0,P011199   ,0.0,0.0,TEL,32,"NEBO, JOSH",18:10,6,2,2,0,0,2,2,0,2,2,1,1,0,1,0,3,1,9,0.0
2022,RS,11,99,0,P011220   ,0.0,0.0,TEL,33,"ZIV, IFTAH",DNP,0,0,0,0,0,0,0,0,0,0,0,0,0,0,0,0,0,0,0.0
2022,RS,11,99,0,P009783   ,1.0,1.0,TEL,50,"COLSON, BONZIE",29:34,7,1,3,1,5,2,2,1,4,5,0,1,0,1,0,4,2,6,0.0
2022,RS,11,99,0,Team,0.0,0.0,TEL,,Team,,0,0,0,0,0,0,0,0,0,0,0,0,1,0,0,0,0,-1,
2022,RS,11,99,0,Total,,,TEL,,Total,200:00,89,21,32,7,19,26,30,6,18,24,11,7,14,5,0,23,25,97,
2022,RS,12,100,1,P007032   ,0.0,0.0,BER,0,"LO, MAODO",23:01,12,2,5,2,7,2,2,0,0,0,2,0,1,0,0,1,4,8,-9.0
2022,RS,12,100,1,P011192   ,1.0,0.0,BER,3,"SMITH, JALEEN",21:57,15,3,4,3,3,0,0,1,0,1,0,1,1,1,0,1,0,15,-30.0
2022,RS,12,100,1,P008211   ,0.0,1.0,BER,6,"DELOW, MALTE",22:25,7,1,1,1,3,2,3,0,2,2,2,2,3,0,0,3,2,6,-8.0
2022,RS,12,100,1,P011934   ,0.0,0.0,BER,7,"WETZELL, YANNI",18:07,5,1,6,0,0,3,3,2,1,3,0,1,2,0,0,1,2,3,-11.0
2022,RS,12,100,1,P006251   ,1.0,0.0,BER,10,"SCHNEIDER, TIM",12:15,2,1,2,0,1,0,0,1,0,1,1,0,0,0,0,1,0,1,-19.0
2022,RS,12,100,1,P011234   ,0.0,1.0,BER,11,"SCHULTE, RIKUS",01:49,0,0,1,0,0,0,0,0,0,0,0,0,0,0,0,0,0,-1,3.0
2022,RS,12,100,1,P011631   ,0.0,0.0,BER,25,"RAPIEQUE, ELIAS",DNP,0,0,0,0,0,0,0,0,0,0,0,0,0,0,0,0,0,0,0.0
2022,RS,12,100,1,P003958   ,0.0,0.0,BER,32,"THIEMANN, JOHANNES",21:49,10,3,5,0,0,4,5,1,3,4,1,1,1,0,0,0,6,18,-16.0
2022,RS,12,100,1,P006589   ,1.0,0.0,BER,43,"SIKMA, LUKE",16:22,6,2,6,0,2,2,4,0,2,2,3,0,2,0,0,4,3,0,-16.0
2022,RS,12,100,1,P010385   ,1.0,1.0,BER,44,"LAMMERS, BEN",21:53,12,6,8,0,0,0,1,0,3,3,0,5,2,2,0,4,1,14,-18.0
2022,RS,12,100,1,P011193   ,1.0,1.0,BER,45,"BLATT, TAMIR",19:52,0,0,0,0,5,0,0,0,1,1,4,0,4,0,0,3,0,-7,-27.0
2022,RS,12,100,1,P006625   ,0.0,1.0,BER,50,"ZOOSMAN, YOVEL",20:30,6,3,4,0,1,0,0,3,2,5,4,3,3,0,0,3,0,10,6.0
2022,RS,12,100,1,Team,0.0,0.0,BER,,Team,,0,0,0,0,0,0,0,0,1,1,0,0,2,0,0,0,0,-1,
2022,RS,12,100,1,Total,,,BER,,Total,200:00,75,22,42,6,22,13,18,8,15,23,17,13,21,3,0,21,18,66,
2022,RS,12,100,0,P011157   ,0.0,0.0,ULK,0,"MOTLEY, JOHNATHAN",18:44,11,4,5,0,0,3,4,0,6,6,1,2,4,0,0,2,4,16,15.0
2022,RS,12,100,0,P003091   ,0.0,0.0,ULK,1,"BIRSEN, METECAN",15:06,10,1,1,2,2,2,2,0,0,0,0,1,1,0,0,3,2,9,5.0
2022,RS,12,100,0,P011201   ,0.0,1.0,ULK,2,"HAZER, SEHMUS",10:51,4,2,3,0,1,0,0,0,0,0,1,0,1,0,0,0,0,2,-3.0
2022,RS,12,100,0,P011987   ,1.0,0.0,ULK,4,"EDWARDS, CARSEN",26:29,13,1,3,3,6,2,2,0,1,1,8,1,1,0,0,3,2,16,33.0
2022,RS,12,100,0,P004056   ,0.0,1.0,ULK,5,"AKPINAR, ISMET",09:10,5,1,1,1,2,0,0,0,0,0,0,0,1,0,0,1,0,2,-10.0
2022,RS,12,100,0,P002969   ,0.0,1.0,ULK,10,"MAHMUTOGLU, MELIH",13:08,8,1,1,2,2,0,0,1,0,1,0,0,0,0,0,2,0,7,2.0
2022,RS,12,100,0,P008962   ,1.0,0.0,ULK,11,"HAYES-DAVIS, NIGEL",14:14,10,5,6,0,0,0,0,0,1,1,1,2,1,0,1,3,0,8,15.0
2022,RS,12,100,0,P006961   ,0.0,1.0,ULK,13,"BIBEROVIC, TARIK",05:23,0,0,1,0,1,0,0,0,0,0,1,0,1,0,0,0,0,-2,-3.0
2022,RS,12,100,0,P009733   ,1.0,1.0,ULK,22,"JEKIRI, TONYE",21:16,10,5,7,0,0,0,1,4,6,10,1,1,1,0,2,1,2,17,14.0
2022,RS,12,100,0,P004004   ,0.0,0.0,ULK,23,"GUDURIC, MARKO",19:23,13,2,2,2,2,3,3,0,1,1,6,1,4,0,0,1,4,20,23.0
2022,RS,12,100,0,P007056   ,1.0,0.0,ULK,31,"BOOKER, DEVIN",19:31,10,4,5,0,1,2,5,1,2,3,1,1,1,0,0,1,4,12,27.0
2022,RS,12,100,0,P001932   ,1.0,0.0,ULK,33,"CALATHES, NICK",26:45,10,4,5,0,1,2,4,0,6,6,7,1,5,0,0,1,3,17,27.0
2022,RS,12,100,0,Team,0.0,0.0,ULK,,Team,,0,0,0,0,0,0,0,2,4,6,0,0,1,0,0,0,0,5,
2022,RS,12,100,0,Total,,,ULK,,Total,200:00,104,30,40,10,18,14,21,8,27,35,27,10,22,0,3,18,21,129,
2022,RS,12,101,1,P011209   ,1.0,1.0,PAN,0,"KALAITZAKIS, PANAGIOTIS",15:54,5,1,2,1,4,0,0,1,2,3,0,0,0,0,0,2,3,5,-7.0
2022,RS,12,101,1,P011225   ,1.0,1.0,PAN,5,"LEE, PARIS",38:56,22,3,7,2,7,10,11,0,2,2,5,4,2,0,0,3,8,26,15.0
2022,RS,12,101,1,P005844   ,1.0,1.0,PAN,6,"PAPAGIANNIS, GEORGIOS",27:49,7,2,3,1,1,0,0,4,1,5,0,0,0,0,0,0,2,13,12.0
2022,RS,12,101,1,P003240   ,0.0,0.0,PAN,7,"BOCHORIDIS, ELEFTHERIOS",10:54,0,0,1,0,0,0,0,0,0,0,1,1,1,0,0,1,0,-1,1.0
2022,RS,12,101,1,P009006   ,1.0,1.0,PAN,8,"WILLIAMS, DERRICK",42:51,9,2,7,0,3,5,5,0,7,7,1,2,1,0,1,1,4,12,13.0
2022,RS,12,101,1,P006586   ,0.0,1.0,PAN,16,"KALAITZAKIS, GEORGIOS",04:04,2,1,1,0,1,0,0,0,0,0,0,0,0,0,0,2,0,-1,1.0
2022,RS,12,101,1,P011442   ,0.0,0.0,PAN,20,"SAMONTOUROV, ALEXANDROS",DNP,0,0,0,0,0,0,0,0,0,0,0,0,0,0,0,0,0,0,0.0
2022,RS,12,101,1,P010798   ,0.0,0.0,PAN,21,"AVDALAS, NEOKLIS",DNP,0,0,0,0,0,0,0,0,0,0,0,0,0,0,0,0,0,0,0.0
2022,RS,12,101,1,P011286   ,1.0,0.0,PAN,24,"BACON, DWAYNE",37:23,31,9,12,2,8,7,9,1,6,7,1,1,2,0,0,4,5,28,13.0
2022,RS,12,101,1,P011396   ,0.0,0.0,PAN,33,"CHOUGKAZ, NIKOS",DNP,0,0,0,0,0,0,0,0,0,0,0,0,0,0,0,0,0,0,0.0
2022,RS,12,101,1,P004172   ,0.0,0.0,PAN,37,"PONITKA, MATEUSZ",30:08,8,2,4,1,2,1,2,1,8,9,2,1,2,0,0,4,4,14,16.0
2022,RS,12,101,1,P003120   ,0.0,0.0,PAN,77,"GUDAITIS, ARTURAS",17:01,6,2,3,0,0,2,4,2,1,3,0,0,1,0,0,3,3,5,1.0
2022,RS,12,101,1,Team,0.0,0.0,PAN,,Team,,0,0,0,0,0,0,0,0,2,2,0,0,2,0,0,0,0,0,
2022,RS,12,101,1,Total,,,PAN,,Total,225:00,90,22,40,7,26,25,31,9,29,38,10,9,11,0,1,20,29,101,
2022,RS,12,101,0,P007870   ,1.0,1.0,MIL,0,"DAVIES, BRANDON",24:27,13,5,10,1,2,0,0,0,4,4,3,1,5,0,0,4,0,6,-2.0
2022,RS,12,101,0,P005094   ,0.0,0.0,MIL,1,"THOMAS, DESHAUN",08:53,5,1,3,1,4,0,0,2,0,2,0,0,0,1,0,1,0,2,-2.0
2022,RS,12,101,0,P012080   ,1.0,0.0,MIL,2,"LUWAWU-CABARROT, TIMOTHE",24:16,15,3,8,3,4,0,2,1,3,4,1,0,2,0,0,5,4,9,3.0
2022,RS,12,101,0,P011965   ,1.0,0.0,MIL,3,"MITROU-LONG, NAZ",37:51,16,2,5,3,7,3,4,0,2,2,4,0,5,0,0,5,5,9,-2.0
2022,RS,12,101,0,P002849   ,1.0,1.0,MIL,9,"MELLI, NICOLO",38:49,7,2,4,1,2,0,0,2,4,6,6,4,1,0,0,3,2,18,-13.0
2022,RS,12,101,0,P005775   ,0.0,1.0,MIL,12,"BARON, BILLY",28:30,6,0,0,1,4,3,3,0,3,3,2,0,1,0,0,1,4,10,-18.0
2022,RS,12,101,0,P001518   ,0.0,0.0,MIL,17,"RICCI, GIAMPAOLO",07:37,0,0,1,0,0,0,0,2,2,4,1,0,0,0,0,2,1,3,1.0
2022,RS,12,101,0,P011205   ,1.0,1.0,MIL,22,"HALL, DEVON",35:40,7,0,3,1,3,4,4,0,6,6,1,1,3,0,0,4,3,6,-16.0
2022,RS,12,101,0,P006707   ,0.0,1.0,MIL,25,"BALDASSO, TOMMASO",01:16,0,0,0,0,0,0,0,0,0,0,0,0,0,0,0,2,0,-2,-5.0
2022,RS,12,101,0,P005059   ,0.0,0.0,MIL,40,"ALVITI, DAVIDE",DNP,0,0,0,0,0,0,0,0,0,0,0,0,0,0,0,0,0,0,0.0
2022,RS,12,101,0,P002812   ,0.0,0.0,MIL,42,"HINES, KYLE",17:41,8,4,6,0,0,0,0,2,1,3,4,0,1,0,0,3,1,10,-11.0
2022,RS,12,101,0,P007201   ,0.0,0.0,MIL,77,"VOIGTMANN, JOHANNES",DNP,0,0,0,0,0,0,0,0,0,0,0,0,0,0,0,0,0,0,0.0
2022,RS,12,101,0,Team,0.0,0.0,MIL,,Team,,0,0,0,0,0,0,0,2,2,4,0,0,0,0,0,0,0,4,
2022,RS,12,101,0,Total,,,MIL,,Total,225:00,77,17,40,11,26,10,13,11,27,38,22,6,18,1,0,30,20,75,
2022,RS,12,102,1,P012056   ,0.0,0.0,TEL,3,"ADAMS, JALEN",07:38,0,0,1,0,1,0,0,0,0,0,3,1,0,0,0,0,0,2,13.0
2022,RS,12,102,1,P009622   ,1.0,0.0,TEL,4,"BROWN, LORENZO",31:39,15,3,8,2,6,3,4,0,2,2,6,1,2,1,0,4,3,12,14.0
2022,RS,12,102,1,P009863   ,1.0,0.0,TEL,5,"BALDWIN IV, WADE",20:55,9,2,6,1,5,2,2,0,4,4,3,1,0,0,1,1,2,9,-2.0
2022,RS,12,102,1,P011967   ,1.0,0.0,TEL,6,"MARTIN, JARELL",13:18,4,2,5,0,3,0,0,2,0,2,0,0,0,1,0,1,0,0,-3.0
2022,RS,12,102,1,P004233   ,0.0,0.0,TEL,8,"MENCO, RAFI",DNP,0,0,0,0,0,0,0,0,0,0,0,0,0,0,0,0,0,0,0.0
2022,RS,12,102,1,P011219   ,0.0,0.0,TEL,9,"SORKIN, ROMAN",16:03,7,3,4,0,1,1,1,0,2,2,2,2,0,1,0,2,2,12,13.0
2022,RS,12,102,1,P007990   ,0.0,1.0,TEL,12,"DIBARTOLOMEO, JOHN",15:16,6,0,2,2,3,0,0,1,1,2,2,0,1,0,0,2,1,5,10.0
2022,RS,12,102,1,P008989   ,0.0,1.0,TEL,13,"HILLIARD, DARRUN",17:51,11,2,2,2,3,1,1,0,1,1,4,0,0,0,0,0,2,17,2.0
2022,RS,12,102,1,P005145   ,0.0,0.0,TEL,15,"COHEN, JAKE",14:22,8,2,2,1,1,1,2,2,3,5,0,0,0,0,0,2,3,13,4.0
2022,RS,12,102,1,P009917   ,0.0,1.0,TEL,20,"HOLLINS, AUSTIN",17:57,6,0,1,2,3,0,0,1,1,2,1,1,0,0,0,3,0,5,18.0
2022,RS,12,102,1,P011199   ,1.0,1.0,TEL,32,"NEBO, JOSH",27:01,8,4,7,0,0,0,0,4,2,6,0,0,3,0,0,3,0,5,14.0
2022,RS,12,102,1,P009783   ,1.0,1.0,TEL,50,"COLSON, BONZIE",18:00,10,3,4,1,3,1,2,2,2,4,0,1,0,0,0,0,1,12,-3.0
2022,RS,12,102,1,Team,0.0,0.0,TEL,,Team,,0,0,0,0,0,0,0,3,1,4,0,0,2,0,0,0,0,2,
2022,RS,12,102,1,Total,,,TEL,,Total,200:00,84,21,42,11,29,9,12,15,19,34,21,7,8,3,1,18,14,94,
2022,RS,12,102,0,P011970   ,1.0,0.0,PAM,0,"HARPER, JARED",25:24,7,1,2,1,3,2,2,0,2,2,4,0,6,0,1,0,2,5,-7.0
2022,RS,12,102,0,P000556   ,0.0,0.0,PAM,1,"CLAVER, VICTOR",16:19,13,1,2,3,4,2,2,0,2,2,1,0,3,0,0,0,3,14,-8.0
2022,RS,12,102,0,P006643   ,0.0,0.0,PAM,2,"PUERTO, JOSEP",06:30,0,0,0,0,0,0,0,0,1,1,0,0,1,0,0,1,0,-1,-3.0
2022,RS,12,102,0,P002661   ,0.0,0.0,PAM,3,"PREPELIC, KLEMEN",18:45,4,0,1,1,3,1,2,0,0,0,5,0,1,0,0,2,1,3,-14.0
2022,RS,12,102,0,P010393   ,1.0,1.0,PAM,4,"PRADILLA, JAIME",15:19,0,0,1,0,1,0,0,0,5,5,0,0,2,0,0,2,2,1,1.0
2022,RS,12,102,0,P011971   ,1.0,1.0,PAM,5,"WEBB III, JAMES",20:09,5,1,2,1,5,0,0,2,3,5,1,0,0,1,1,2,0,4,-2.0
2022,RS,12,102,0,P005356   ,1.0,0.0,PAM,6,"LOPEZ-AROSTEGUI, XABI",22:10,15,2,4,3,4,2,3,1,4,5,2,0,2,0,1,1,3,17,-6.0
2022,RS,12,102,0,P009101   ,0.0,1.0,PAM,8,"FERRANDO, GUILLEM",01:28,0,0,0,0,0,0,0,0,0,0,0,0,0,0,0,0,0,0,-2.0
2022,RS,12,102,0,P011972   ,0.0,1.0,PAM,12,"RADEBAUGH, JONAH",14:40,4,1,2,0,1,2,2,0,2,2,0,0,1,0,0,2,1,2,-9.0
2022,RS,12,102,0,P002742   ,1.0,0.0,PAM,14,"DUBLJEVIC, BOJAN",20:48,11,4,4,1,3,0,0,0,2,2,2,0,2,0,0,2,3,12,4.0
2022,RS,12,102,0,P011973   ,0.0,1.0,PAM,21,"ALEXANDER, KYLE",18:19,2,1,1,0,1,0,0,1,2,3,1,0,0,0,0,1,1,5,-15.0
2022,RS,12,102,0,P011214   ,0.0,0.0,PAM,41,"RIVERO, JASIEL",20:09,7,3,4,0,0,1,2,0,0,0,0,0,2,0,0,2,2,3,-19.0
2022,RS,12,102,0,Team,0.0,0.0,PAM,,Team,,0,0,0,0,0,0,0,3,1,4,0,0,1,0,0,0,0,3,
2022,RS,12,102,0,Total,,,PAM,,Total,200:00,68,14,23,10,25,10,13,7,24,31,16,0,21,1,3,15,18,68,
2022,RS,12,103,1,P009212   ,0.0,0.0,PAR,1,"VUKCEVIC, TRISTAN",13:24,2,1,2,0,0,0,0,2,4,6,3,0,1,1,0,1,0,9,3.0
2022,RS,12,103,1,P008987   ,1.0,1.0,PAR,2,"LEDAY, ZACH",24:52,4,2,2,0,3,0,0,0,4,4,1,1,3,0,0,3,1,2,0.0
2022,RS,12,103,1,P009862   ,1.0,1.0,PAR,7,"PUNTER, KEVIN",29:26,15,5,7,1,5,2,2,1,0,1,0,3,1,0,0,3,3,12,-2.0
2022,RS,12,103,1,P011051   ,0.0,0.0,PAR,9,"SMAILAGIC, ALEN",02:34,2,1,2,0,1,0,0,0,0,0,0,0,0,0,0,0,0,0,-3.0
2022,RS,12,103,1,P005161   ,1.0,1.0,PAR,10,"PAPAPETROU, IOANNIS",28:54,13,5,7,1,3,0,0,2,4,6,2,1,0,0,1,3,1,15,13.0
2022,RS,12,103,1,P011302   ,0.0,0.0,PAR,11,"EXUM, DANTE",15:10,5,1,4,1,3,0,0,1,2,3,0,0,3,0,0,1,1,0,-8.0
2022,RS,12,103,1,P010458   ,0.0,0.0,PAR,12,"BRODZIANSKY, VLADIMIR",01:44,0,0,0,0,0,0,0,0,0,0,0,0,1,0,0,2,0,-3,-6.0
2022,RS,12,103,1,P007400   ,0.0,0.0,PAR,21,"NUNNALLY, JAMES",07:40,0,0,0,0,1,0,0,0,0,0,0,0,0,0,0,0,0,-1,-14.0
2022,RS,12,103,1,P003842   ,1.0,1.0,PAR,26,"LESSORT, MATHIAS",37:26,11,4,7,0,0,3,3,7,3,10,3,1,1,0,1,2,6,24,0.0
2022,RS,12,103,1,P007673   ,0.0,0.0,PAR,32,"TRIFUNOVIC, UROS",03:26,2,1,2,0,0,0,0,1,0,1,0,0,1,0,0,1,1,1,-2.0
2022,RS,12,103,1,P000956   ,0.0,0.0,PAR,33,"ANDJUSIC, DANILO",10:34,5,1,1,1,5,0,0,0,0,0,1,0,2,0,0,2,2,0,-1.0
2022,RS,12,103,1,P011052   ,1.0,1.0,PAR,41,"MADAR, YAM",24:50,14,4,6,1,6,3,3,0,4,4,3,2,3,0,1,2,3,13,5.0
2022,RS,12,103,1,Team,0.0,0.0,PAR,,Team,,0,0,0,0,0,0,0,3,1,4,0,0,0,0,0,0,0,4,
2022,RS,12,103,1,Total,,,PAR,,Total,200:00,73,25,40,5,27,8,8,17,22,39,13,8,16,1,3,20,18,76,
2022,RS,12,103,0,P004267   ,0.0,0.0,RED,0,"HOLLAND, JOHN",03:14,0,0,0,0,0,0,0,0,0,0,0,0,0,0,0,1,0,-1,-5.0
2022,RS,12,103,0,P007947   ,1.0,1.0,RED,1,"VILDOZA, LUCA",27:55,14,4,5,2,6,0,0,1,3,4,6,4,2,0,1,2,3,21,8.0
2022,RS,12,103,0,P004720   ,0.0,0.0,RED,2,"LAZAREVIC, STEFAN",10:27,2,1,1,0,0,0,0,0,0,0,0,0,0,0,0,1,0,1,-3.0
2022,RS,12,103,0,P002553   ,0.0,0.0,RED,9,"MITROVIC, LUKA",13:12,4,2,2,0,0,0,0,1,2,3,0,0,4,1,0,2,2,4,0.0
2022,RS,12,103,0,PLUO      ,1.0,1.0,RED,10,"LAZIC, BRANKO",25:00,3,1,1,0,1,1,2,0,1,1,2,4,1,0,0,2,3,8,4.0
2022,RS,12,103,0,P009540   ,0.0,1.0,RED,12,"MARTIN, HASSAN",24:13,8,4,6,0,0,0,0,1,6,7,1,0,1,2,0,4,0,11,1.0
2022,RS,12,103,0,P004007   ,1.0,1.0,RED,13,"DOBRIC, OGNJEN",19:50,9,3,4,1,3,0,0,0,1,1,1,1,2,0,0,1,0,6,0.0
2022,RS,12,103,0,P000848   ,0.0,0.0,RED,26,"NEDOVIC, NEMANJA",21:42,20,4,8,1,7,9,10,0,0,0,4,0,3,0,0,0,7,17,12.0
2022,RS,12,103,0,PLME      ,0.0,0.0,RED,27,"MARKOVIC, STEFAN",12:05,0,0,0,0,2,0,0,0,0,0,1,0,1,0,0,1,2,-1,-5.0
2022,RS,12,103,0,P003479   ,1.0,0.0,RED,32,"KUZMIC, OGNJEN",02:22,0,0,0,0,0,0,0,0,1,1,0,0,0,0,0,2,0,-1,0.0
2022,RS,12,103,0,P011194   ,0.0,1.0,RED,33,"PETRUSEV, FILIP",24:51,10,3,3,1,1,1,3,0,4,4,0,0,0,0,0,1,2,13,24.0
2022,RS,12,103,0,P009818   ,1.0,0.0,RED,50,"BENTIL, BENJAMIN",15:09,6,3,6,0,0,0,1,2,0,2,0,0,0,0,0,1,1,4,-21.0
2022,RS,12,103,0,Team,0.0,0.0,RED,,Team,,0,0,0,0,0,0,0,2,1,3,0,0,0,0,0,0,0,3,
2022,RS,12,103,0,Total,,,RED,,Total,200:00,76,25,36,5,20,11,16,7,19,26,15,9,14,3,1,18,20,85,
2022,RS,12,104,1,P007982   ,1.0,0.0,MAD,0,"WILLIAMS-GOSS, NIGEL",13:04,0,0,2,0,0,0,0,0,2,2,5,0,0,0,0,2,2,5,-4.0
2022,RS,12,104,1,P001392   ,0.0,0.0,MAD,1,"CAUSEUR, FABIEN",12:54,4,1,2,0,1,2,2,0,1,1,0,0,1,0,0,4,1,-1,7.0
2022,RS,12,104,1,P003733   ,1.0,1.0,MAD,6,"ABALDE, ALBERTO",25:16,11,0,2,3,6,2,2,0,1,1,1,1,0,0,0,4,1,6,-10.0
2022,RS,12,104,1,P003108   ,0.0,0.0,MAD,11,"HEZONJA, MARIO",21:11,0,0,2,0,2,0,0,1,5,6,2,0,1,0,0,5,2,0,11.0
2022,RS,12,104,1,PCVM      ,0.0,0.0,MAD,13,"RODRIGUEZ, SERGIO",07:20,3,0,0,1,5,0,0,1,0,1,3,1,0,0,0,0,0,4,-3.0
2022,RS,12,104,1,P004887   ,0.0,1.0,MAD,17,"POIRIER, VINCENT",07:01,8,2,3,0,0,4,4,1,1,2,1,0,0,1,0,2,3,12,9.0
2022,RS,12,104,1,P004790   ,1.0,1.0,MAD,21,"CORNELIE, PETR",19:09,3,0,1,1,4,0,0,0,3,3,0,0,0,0,0,2,1,1,-2.0
2022,RS,12,104,1,P005791   ,1.0,0.0,MAD,22,"TAVARES, WALTER",37:52,17,5,10,0,0,7,8,7,11,18,0,1,3,3,2,5,5,28,-10.0
2022,RS,12,104,1,PTGB      ,0.0,1.0,MAD,23,"LLULL, SERGIO",25:40,12,1,2,2,6,4,4,0,1,1,3,0,3,0,0,2,3,9,5.0
2022,RS,12,104,1,P010357   ,0.0,0.0,MAD,28,"YABUSELE, GUERSCHON",24:01,12,2,3,2,5,2,3,0,6,6,0,0,1,0,0,2,1,11,3.0
2022,RS,12,104,1,P009213   ,0.0,0.0,MAD,30,"NDIAYE, ELI",00:21,0,0,0,0,0,0,0,0,0,0,0,0,0,0,0,0,0,0,-1.0
2022,RS,12,104,1,P006540   ,1.0,1.0,MAD,31,"MUSA, DZANAN",31:11,24,4,5,2,7,10,11,0,0,0,4,1,0,0,0,3,7,26,-10.0
2022,RS,12,104,1,Team,0.0,0.0,MAD,,Team,,0,0,0,0,0,0,0,1,2,3,0,0,1,0,0,0,0,2,
2022,RS,12,104,1,Total,,,MAD,,Total,225:00,94,15,32,11,36,31,34,11,33,44,19,4,10,4,2,31,26,103,
2022,RS,12,104,0,P010588   ,0.0,0.0,MCO,0,"BROWN, JOHN",27:05,4,1,3,0,0,2,4,2,2,4,0,1,1,0,0,5,3,2,-4.0
2022,RS,12,104,0,P011212   ,0.0,1.0,MCO,0,"OKOBO, ELIE",27:33,9,2,4,1,4,2,2,0,1,1,2,0,0,0,1,3,1,4,-15.0
2022,RS,12,104,0,P009754   ,1.0,0.0,MCO,3,"LOYD, JORDAN",26:33,19,6,7,2,6,1,2,1,3,4,4,3,0,0,0,3,4,25,-1.0
2022,RS,12,104,0,P011231   ,1.0,1.0,MCO,4,"BLOSSOMGAME, JARON",16:12,7,2,2,0,2,3,6,0,3,3,0,0,1,0,0,3,3,4,2.0
2022,RS,12,104,0,P011935   ,0.0,0.0,MCO,5,"MAKOUNDOU, YOAN",DNP,0,0,0,0,0,0,0,0,0,0,0,0,0,0,0,0,0,0,0.0
2022,RS,12,104,0,P011226   ,0.0,1.0,MCO,11,"DIALLO, ALPHA",30:57,12,4,7,0,2,4,5,4,4,8,2,0,1,1,1,4,4,15,8.0
2022,RS,12,104,0,P001833   ,1.0,0.0,MCO,18,"MOERMAN, ADRIEN",05:35,0,0,1,0,1,0,0,0,1,1,0,0,1,0,0,0,0,-2,3.0
2022,RS,12,104,0,PLCZ      ,0.0,0.0,MCO,20,"MOTIEJUNAS, DONATAS",24:04,8,3,4,0,3,2,2,0,3,3,0,0,0,0,0,1,1,7,-3.0
2022,RS,12,104,0,P004197   ,0.0,0.0,MCO,24,"OUATTARA, YAKUBA",08:58,2,1,1,0,1,0,0,2,1,3,0,0,0,0,0,1,0,3,9.0
2022,RS,12,104,0,P008099   ,0.0,0.0,MCO,32,"STRAZEL, MATTHEW",00:59,0,0,1,0,0,0,0,0,0,0,0,0,0,0,0,0,0,-1,-2.0
2022,RS,12,104,0,P011196   ,1.0,1.0,MCO,45,"HALL, DONTA",21:26,6,2,3,0,0,2,4,2,5,7,2,0,2,1,1,3,2,9,4.0
2022,RS,12,104,0,P005985   ,1.0,1.0,MCO,55,"JAMES, MIKE",35:38,28,4,11,4,7,8,12,0,3,3,3,0,1,0,1,4,13,27,4.0
2022,RS,12,104,0,Team,0.0,0.0,MCO,,Team,,0,0,0,0,0,0,0,2,2,4,0,0,1,0,0,0,0,3,
2022,RS,12,104,0,Total,,,MCO,,Total,225:00,95,25,44,7,26,24,37,13,28,41,13,4,8,2,4,27,31,96,
2022,RS,12,105,1,P011218   ,1.0,0.0,ZAL,2,"EVANS, KEENAN",26:43,4,2,5,0,4,0,0,0,1,1,5,0,0,1,3,2,4,3,-17.0
2022,RS,12,105,1,P007513   ,0.0,1.0,ZAL,3,"GIEDRAITIS, DOVYDAS",11:56,4,2,3,0,1,0,0,0,0,0,0,2,0,0,0,3,0,1,3.0
2022,RS,12,105,1,P010390   ,1.0,0.0,ZAL,8,"HAYES, KEVARRIUS",17:51,4,2,4,0,0,0,0,1,1,2,0,0,0,0,0,0,1,5,-6.0
2022,RS,12,105,1,PJBX      ,0.0,1.0,ZAL,9,"KALNIETIS, MANTAS",10:41,0,0,3,0,1,0,0,0,1,1,3,0,1,0,1,0,0,-2,-8.0
2022,RS,12,105,1,P007109   ,1.0,0.0,ZAL,10,"SMITS, ROLANDS",22:27,8,4,6,0,3,0,1,1,4,5,0,0,0,0,0,1,1,7,-22.0
2022,RS,12,105,1,P010185   ,0.0,0.0,ZAL,14,"KRIVAS, MOTIEJUS",DNP,0,0,0,0,0,0,0,0,0,0,0,0,0,0,0,0,0,0,0.0
2022,RS,12,105,1,P005504   ,0.0,1.0,ZAL,15,"BIRUTIS, LAURYNAS",05:52,0,0,0,0,0,0,0,1,1,2,0,0,0,0,0,0,0,2,-5.0
2022,RS,12,105,1,P011983   ,1.0,1.0,ZAL,17,"BRAZDEIKIS, IGNAS",21:24,9,4,9,0,3,1,2,0,0,0,0,2,0,0,0,2,1,1,-19.0
2022,RS,12,105,1,P009601   ,0.0,0.0,ZAL,34,"CAVANAUGH, TYLER",25:34,15,4,6,1,4,4,5,3,5,8,1,2,2,1,0,2,4,21,-15.0
2022,RS,12,105,1,P010190   ,0.0,1.0,ZAL,45,"LELEVICIUS, LIUTAURAS",01:27,0,0,1,0,0,0,0,0,0,0,0,0,0,0,0,0,0,-1,-2.0
2022,RS,12,105,1,P002676   ,0.0,0.0,ZAL,51,"BUTKEVICIUS, ARNAS",26:11,7,0,3,2,3,1,2,0,2,2,1,2,1,0,1,4,1,2,-13.0
2022,RS,12,105,1,P002329   ,1.0,0.0,ZAL,92,"ULANOVAS, EDGARAS",29:54,9,3,6,1,1,0,0,3,3,6,6,1,2,0,0,2,1,16,-26.0
2022,RS,12,105,1,Team,0.0,0.0,ZAL,,Team,,0,0,0,0,0,0,0,1,1,2,0,0,0,0,0,0,0,2,
2022,RS,12,105,1,Total,,,ZAL,,Total,200:00,60,21,46,4,20,6,10,10,19,29,16,9,6,2,5,16,13,57,
2022,RS,12,105,0,P006590   ,1.0,0.0,IST,1,"BEAUBOIS, RODRIGUE",33:10,20,2,3,5,8,1,1,0,4,4,7,1,4,1,0,3,2,24,28.0
2022,RS,12,105,0,P009846   ,1.0,1.0,IST,6,"BRYANT, ELIJAH",19:44,2,1,2,0,1,0,0,0,4,4,0,0,0,0,0,1,0,3,17.0
2022,RS,12,105,0,P008282   ,0.0,1.0,IST,10,"ILYASOGLU, OMERCAN",01:27,0,0,0,0,0,0,0,0,0,0,0,0,0,0,0,0,0,0,2.0
2022,RS,12,105,0,P004888   ,0.0,0.0,IST,12,"CLYBURN, WILL",27:07,17,2,4,4,6,1,1,0,3,3,4,1,4,0,1,1,2,17,7.0
2022,RS,12,105,0,P012068   ,0.0,1.0,IST,13,"TAYLOR, ISAIAH",08:10,0,0,3,0,0,0,0,0,2,2,0,0,0,0,0,0,0,-1,1.0
2022,RS,12,105,0,P002925   ,0.0,0.0,IST,19,"TUNCER, BUGRAHAN",DNP,0,0,0,0,0,0,0,0,0,0,0,0,0,0,0,0,0,0,0.0
2022,RS,12,105,0,PLHK      ,1.0,0.0,IST,21,"PLEISS, TIBOR",17:26,7,2,3,1,1,0,0,1,3,4,1,1,0,0,0,4,0,8,15.0
2022,RS,12,105,0,P002580   ,1.0,0.0,IST,22,"MICIC, VASILIJE",34:08,19,3,6,4,8,1,2,0,2,2,5,1,3,0,0,0,7,23,23.0
2022,RS,12,105,0,P007993   ,0.0,0.0,IST,24,"M'BAYE, AMATH",21:46,9,0,1,3,4,0,0,1,3,4,1,0,2,0,0,3,0,7,6.0
2022,RS,12,105,0,P002084   ,1.0,1.0,IST,33,"POLONARA, ACHILLE",14:38,0,0,1,0,1,0,0,0,4,4,1,0,0,2,1,0,0,4,18.0
2022,RS,12,105,0,P004554   ,0.0,0.0,IST,41,"ZIZIC, ANTE",07:53,6,3,3,0,0,0,0,2,1,3,0,0,0,1,0,1,0,9,0.0
2022,RS,12,105,0,P003048   ,0.0,1.0,IST,42,"DUNSTON, BRYANT",14:31,6,2,2,0,0,2,3,2,3,5,1,1,0,1,0,0,5,18,13.0
2022,RS,12,105,0,Team,0.0,0.0,IST,,Team,,0,0,0,0,0,0,0,1,3,4,0,0,0,0,0,0,0,4,
2022,RS,12,105,0,Total,,,IST,,Total,200:00,86,15,28,17,29,5,7,7,32,39,20,5,13,5,2,13,16,116,
2022,RS,12,106,1,P003204   ,0.0,0.0,BAR,3,"PAULI, ORIOL",03:01,0,0,0,0,0,0,0,0,0,0,0,0,0,0,0,1,0,-1,3.0
2022,RS,12,106,1,P002968   ,1.0,0.0,BAR,5,"SANLI, SERTAC",16:55,5,0,1,1,4,2,2,1,1,2,4,0,2,0,0,4,1,2,-1.0
2022,RS,12,106,1,P000925   ,0.0,1.0,BAR,6,"VESELY, JAN",17:50,6,2,5,0,0,2,2,0,3,3,2,1,3,0,0,3,4,7,-6.0
2022,RS,12,106,1,P004866   ,0.0,0.0,BAR,10,"KALINIC, NIKOLA",25:41,5,1,4,1,3,0,0,1,2,3,2,2,0,0,0,2,1,6,7.0
2022,RS,12,106,1,P002939   ,1.0,1.0,BAR,13,"SATORANSKY, TOMAS",25:18,6,3,4,0,2,0,0,2,3,5,1,1,2,0,0,3,4,9,-15.0
2022,RS,12,106,1,P006435   ,1.0,1.0,BAR,20,"LAPROVITTOLA, NICOLAS",27:45,14,3,4,1,6,5,5,0,4,4,3,0,5,0,0,3,2,9,-6.0
2022,RS,12,106,1,P008966   ,1.0,0.0,BAR,23,"TOBEY, MIKE",13:35,4,2,2,0,0,0,0,0,3,3,0,0,1,0,0,2,0,4,-13.0
2022,RS,12,106,1,P005789   ,0.0,1.0,BAR,24,"KURIC, KYLE",23:28,13,0,1,4,9,1,2,0,4,4,0,2,1,0,0,1,2,12,11.0
2022,RS,12,106,1,P007519   ,0.0,0.0,BAR,31,"JOKUBAITIS, ROKAS",14:27,4,0,1,0,1,4,4,0,1,1,2,0,0,0,0,1,4,8,6.0
2022,RS,12,106,1,P000796   ,1.0,1.0,BAR,33,"MIROTIC, NIKOLA",21:55,17,6,7,1,2,2,3,4,1,5,1,0,1,1,0,1,2,21,-3.0
2022,RS,12,106,1,P009132   ,0.0,0.0,BAR,42,"CAICEDO, MICHAEL",DNP,0,0,0,0,0,0,0,0,0,0,0,0,0,0,0,0,0,0,0.0
2022,RS,12,106,1,P010641   ,0.0,0.0,BAR,46,"NNAJI, JAMES",10:05,0,0,0,0,0,0,0,0,1,1,2,0,0,1,0,1,0,3,12.0
2022,RS,12,106,1,Team,0.0,0.0,BAR,,Team,,0,0,0,0,0,0,0,2,0,2,0,0,0,0,0,0,0,2,
2022,RS,12,106,1,Total,,,BAR,,Total,200:00,74,17,29,8,27,16,18,10,23,33,17,6,15,2,0,22,20,82,
2022,RS,12,106,0,P011936   ,1.0,1.0,ASV,0,"MATHEWS, JONAH",24:31,8,4,7,0,2,0,0,0,1,1,0,2,0,0,0,0,1,7,3.0
2022,RS,12,106,0,P011937   ,0.0,0.0,ASV,1,"POLITE, ANTHONY",DNP,0,0,0,0,0,0,0,0,0,0,0,0,0,0,0,0,0,0,0.0
2022,RS,12,106,0,P006068   ,1.0,0.0,ASV,2,"NOUA, AMINE",17:23,5,1,2,1,2,0,0,0,0,0,0,0,1,0,0,2,0,0,4.0
2022,RS,12,106,0,PKIR      ,0.0,1.0,ASV,5,"KAHUDI, CHARLES",20:46,7,2,3,1,4,0,0,1,1,2,0,1,0,0,0,1,4,9,-6.0
2022,RS,12,106,0,PTFK      ,0.0,0.0,ASV,8,"DIOT, ANTOINE",12:16,0,0,1,0,0,0,0,0,0,0,0,0,1,0,0,2,0,-4,-10.0
2022,RS,12,106,0,P004119   ,0.0,0.0,ASV,9,"TYUS, ALEX",11:57,2,1,1,0,0,0,0,1,1,2,0,0,1,0,0,2,1,2,-12.0
2022,RS,12,106,0,P010718   ,0.0,0.0,ASV,10,"RISACHER, ZACCHARIE",DNP,0,0,0,0,0,0,0,0,0,0,0,0,0,0,0,0,0,0,0.0
2022,RS,12,106,0,P002100   ,1.0,0.0,ASV,12,"DE COLO, NANDO",27:43,19,4,9,2,5,5,5,0,4,4,3,1,1,0,1,3,6,20,13.0
2022,RS,12,106,0,P006568   ,1.0,1.0,ASV,19,"FALL, YOUSSOUPHA",27:44,14,5,11,0,0,4,6,8,10,18,0,0,1,0,0,3,4,24,13.0
2022,RS,12,106,0,P003526   ,0.0,1.0,ASV,23,"LIGHTY, DAVID",18:56,4,2,5,0,0,0,0,1,2,3,1,1,1,0,1,3,0,1,12.0
2022,RS,12,106,0,P011938   ,1.0,1.0,ASV,32,"OBASOHAN, RETIN",18:09,6,1,3,1,3,1,2,0,0,0,2,2,1,0,0,3,2,3,-6.0
2022,RS,12,106,0,P011939   ,0.0,0.0,ASV,33,"JACKSON-CARTWRIGHT, PARKER",20:35,10,4,6,0,1,2,3,0,2,2,0,1,3,0,0,1,4,9,-6.0
2022,RS,12,106,0,Team,0.0,0.0,ASV,,Team,,0,0,0,0,0,0,0,2,0,2,0,0,1,0,0,0,0,1,
2022,RS,12,106,0,Total,,,ASV,,Total,200:00,75,24,48,5,17,12,16,13,21,34,6,8,11,0,2,20,22,72,
2022,RS,12,107,1,P008855   ,1.0,0.0,OLY,0,"WALKUP, THOMAS",17:55,6,0,0,2,3,0,0,0,2,2,8,1,1,0,0,2,1,14,18.0
2022,RS,12,107,1,P010612   ,1.0,0.0,OLY,3,"CANAAN, ISAIAH",21:41,9,0,2,3,5,0,0,1,1,2,4,0,0,0,0,2,0,9,22.0
2022,RS,12,107,1,P006302   ,0.0,1.0,OLY,4,"LOUNTZIS, MICHALIS",06:14,4,1,1,0,1,2,2,0,1,1,1,0,0,0,0,1,1,5,6.0
2022,RS,12,107,1,P010392   ,0.0,1.0,OLY,5,"LARENTZAKIS, GIANNOULIS",20:00,11,0,0,3,5,2,3,0,2,2,3,1,1,0,0,2,2,13,27.0
2022,RS,12,107,1,P008811   ,1.0,0.0,OLY,10,"FALL, MOUSTAPHA",17:32,15,6,7,0,0,3,4,3,2,5,2,1,3,0,1,2,3,18,16.0
2022,RS,12,107,1,P001926   ,0.0,0.0,OLY,11,"SLOUKAS, KOSTAS",15:55,8,1,1,1,2,3,4,0,2,2,7,1,2,0,0,1,3,16,22.0
2022,RS,12,107,1,P003469   ,1.0,0.0,OLY,14,"VEZENKOV, SASHA",15:51,19,3,4,4,5,1,1,0,2,2,1,0,1,0,0,2,3,20,18.0
2022,RS,12,107,1,P001255   ,1.0,0.0,OLY,16,"PAPANIKOLAOU, KOSTAS",20:00,3,0,2,1,3,0,0,0,4,4,1,1,1,1,0,1,1,5,19.0
2022,RS,12,107,1,P009035   ,0.0,1.0,OLY,21,"BOLOMBOY, JOEL",11:40,5,1,1,0,0,3,4,1,3,4,2,1,2,0,0,1,2,10,16.0
2022,RS,12,107,1,P008829   ,0.0,1.0,OLY,25,"PETERS, ALEC",24:05,15,2,3,3,5,2,2,2,2,4,2,1,2,0,1,3,3,16,28.0
2022,RS,12,107,1,P008991   ,0.0,0.0,OLY,28,"BLACK, TARIK",10:48,9,4,4,0,0,1,3,0,1,1,1,2,0,1,0,0,3,15,14.0
2022,RS,12,107,1,P007853   ,0.0,1.0,OLY,77,"MCKISSIC, SHAQUIELLE",18:19,13,4,4,1,3,2,2,1,0,1,1,2,1,0,0,0,2,16,24.0
2022,RS,12,107,1,Team,0.0,0.0,OLY,,Team,,0,0,0,0,0,0,0,2,0,2,0,0,0,0,0,0,0,2,
2022,RS,12,107,1,Total,,,OLY,,Total,200:00,117,22,29,18,32,19,25,10,22,32,33,11,14,2,2,17,24,159,
2022,RS,12,107,0,P009549   ,0.0,0.0,VIR,0,"CORDINIER, ISAIA",18:26,9,3,4,1,2,0,0,1,1,2,3,2,1,0,0,3,1,11,-18.0
2022,RS,12,107,0,P011064   ,0.0,1.0,VIR,1,"MANNION, NICCOLO",13:05,2,0,3,0,3,2,2,0,1,1,2,0,3,0,0,3,1,-6,-17.0
2022,RS,12,107,0,P006739   ,0.0,0.0,VIR,6,"PAJOLA, ALESSANDRO",08:38,0,0,0,0,0,0,0,0,1,1,2,0,1,0,0,2,0,0,-11.0
2022,RS,12,107,0,P004655   ,0.0,1.0,VIR,7,"BAKO, ISMAEL",20:03,10,4,4,0,0,2,2,4,3,7,1,1,2,1,0,2,1,17,-37.0
2022,RS,12,107,0,P002581   ,1.0,0.0,VIR,14,"JAITEH, MAM",11:50,7,3,5,0,0,1,3,2,2,4,0,0,1,0,0,2,3,7,-2.0
2022,RS,12,107,0,P010781   ,1.0,0.0,VIR,19,"LUNDBERG, IFFE",15:46,3,0,0,1,2,0,0,0,0,0,1,0,1,0,0,0,1,3,-26.0
2022,RS,12,107,0,P001133   ,0.0,1.0,VIR,21,"SHENGELIA, TORNIKE",19:45,9,3,7,0,0,3,6,0,2,2,1,1,0,0,1,3,4,6,-8.0
2022,RS,12,107,0,P001844   ,1.0,1.0,VIR,23,"HACKETT, DANIEL",24:46,6,2,3,0,1,2,2,0,2,2,2,0,2,0,0,1,3,8,-19.0
2022,RS,12,107,0,P008847   ,1.0,0.0,VIR,25,"MICKEY, JORDAN",23:43,12,5,10,0,1,2,2,0,1,1,0,1,3,1,1,3,2,4,-40.0
2022,RS,12,107,0,P006592   ,0.0,1.0,VIR,34,"WEEMS, KYLE",21:56,7,2,4,1,2,0,0,2,2,4,0,2,2,0,0,3,0,5,-28.0
2022,RS,12,107,0,P011982   ,1.0,0.0,VIR,37,"OJELEYE, SEMI",04:24,3,0,0,1,2,0,0,0,0,0,1,0,0,0,0,0,0,3,-9.0
2022,RS,12,107,0,PJDR      ,0.0,0.0,VIR,44,"TEODOSIC, MILOS",17:38,3,0,1,1,3,0,0,0,0,0,5,1,3,0,0,2,1,2,-15.0
2022,RS,12,107,0,Team,0.0,0.0,VIR,,Team,,0,0,0,0,0,0,0,0,0,0,0,0,1,0,0,0,0,-1,
2022,RS,12,107,0,Total,,,VIR,,Total,200:00,71,22,41,5,16,12,17,9,15,24,18,8,20,2,2,24,17,59,
2022,RS,12,108,1,P011948   ,0.0,0.0,BAS,0,"HOWARD, MARKUS",15:32,5,1,3,1,2,0,0,0,2,2,2,0,2,0,0,3,0,1,5.0
2022,RS,12,108,1,P008850   ,0.0,0.0,BAS,2,"RAIESTE, SANDER",DNP,0,0,0,0,0,0,0,0,0,0,0,0,0,0,0,0,0,0,0.0
2022,RS,12,108,1,P006754   ,0.0,1.0,BAS,7,"HENRY, PIERRIA",25:24,14,7,10,0,2,0,0,0,3,3,10,3,1,0,0,1,5,28,21.0
2022,RS,12,108,1,P007230   ,0.0,0.0,BAS,8,"SEDEKERSKIS, TADAS",13:33,2,1,1,0,1,0,0,0,3,3,0,0,0,0,0,0,2,6,1.0
2022,RS,12,108,1,P004761   ,1.0,0.0,BAS,9,"MARINKOVIC, VANJA",19:08,9,0,2,3,3,0,0,0,0,0,0,0,0,0,0,2,0,5,11.0
2022,RS,12,108,1,P011078   ,1.0,1.0,BAS,13,"THOMPSON, DARIUS",24:32,7,3,7,0,4,1,2,2,1,3,4,1,0,0,1,2,2,5,17.0
2022,RS,12,108,1,P004603   ,1.0,0.0,BAS,21,"KOTSAR, MAIK",17:35,8,4,7,0,0,0,1,1,2,3,0,0,0,0,2,1,1,5,5.0
2022,RS,12,108,1,P011239   ,0.0,1.0,BAS,23,"ENOCH, STEVEN",19:23,10,5,8,0,1,0,0,1,4,5,0,0,1,0,1,3,0,6,9.0
2022,RS,12,108,1,P010444   ,0.0,1.0,BAS,24,"COSTELLO, MATTHEW",21:35,14,3,3,2,3,2,2,2,5,7,2,0,2,1,0,2,2,21,22.0
2022,RS,12,108,1,P006436   ,1.0,1.0,BAS,31,"GIEDRAITIS, ROKAS",21:56,4,2,5,0,2,0,0,1,4,5,1,2,0,1,0,0,1,9,22.0
2022,RS,12,108,1,P011949   ,1.0,0.0,BAS,34,"HOMMES, DAULTON",21:22,5,1,2,1,3,0,0,0,2,2,0,0,1,0,0,2,1,2,12.0
2022,RS,12,108,1,P007265   ,0.0,0.0,BAS,47,"KURUCS, ARTURS",DNP,0,0,0,0,0,0,0,0,0,0,0,0,0,0,0,0,0,0,0.0
2022,RS,12,108,1,Team,0.0,0.0,BAS,,Team,,0,0,0,0,0,0,0,2,4,6,0,0,0,0,0,0,0,6,
2022,RS,12,108,1,Total,,,BAS,,Total,200:00,78,27,48,7,21,3,5,9,30,39,19,6,7,2,4,16,14,94,
2022,RS,12,108,0,P010391   ,0.0,0.0,MUN,0,"WEILER-BABB, NICK",DNP,0,0,0,0,0,0,0,0,0,0,0,0,0,0,0,0,0,0,0.0
2022,RS,12,108,0,P009866   ,0.0,0.0,MUN,2,"WALDEN, COREY",22:33,6,1,1,1,6,1,2,1,1,2,2,1,2,0,0,1,4,6,-4.0
2022,RS,12,108,0,P011940   ,0.0,1.0,MUN,5,"WINSTON, CASSIUS",15:14,10,0,4,0,5,10,10,2,1,3,0,0,2,0,0,1,6,7,-16.0
2022,RS,12,108,0,P001557   ,0.0,1.0,MUN,7,"GIFFEY, NIELS",18:10,2,1,3,0,0,0,0,0,2,2,1,0,0,0,1,1,0,1,-12.0
2022,RS,12,108,0,P005160   ,0.0,0.0,MUN,8,"HUNTER, OTHELLO",13:09,4,2,4,0,0,0,0,3,2,5,1,1,1,0,0,2,1,7,-6.0
2022,RS,12,108,0,P006760   ,1.0,0.0,MUN,9,"BONGA, ISAAC",27:14,3,0,3,1,3,0,0,1,1,2,3,0,2,0,0,2,2,1,-13.0
2022,RS,12,108,0,P004058   ,1.0,1.0,MUN,10,"JARAMAZ, OGNJEN",16:42,2,1,4,0,2,0,0,0,4,4,0,0,3,0,0,3,1,-4,-19.0
2022,RS,12,108,0,P004508   ,1.0,0.0,MUN,13,"OBST, ANDREAS",25:43,12,0,1,4,11,0,0,0,3,3,1,0,0,1,0,2,0,7,-9.0
2022,RS,12,108,0,P005056   ,0.0,0.0,MUN,16,"ZIPSER, PAUL",05:16,2,1,1,0,1,0,0,0,1,1,0,1,0,0,0,0,0,3,-9.0
2022,RS,12,108,0,P005478   ,1.0,0.0,MUN,17,"WIMBERG, NIKLAS",10:14,2,1,1,0,2,0,0,1,1,2,1,1,0,0,0,0,0,4,3.0
2022,RS,12,108,0,P005460   ,0.0,1.0,MUN,20,"HARRIS, ELIAS",18:54,2,1,2,0,1,0,0,0,1,1,1,0,2,0,1,0,2,1,-21.0
2022,RS,12,108,0,P011941   ,1.0,1.0,MUN,33,"GILLESPIE, FREDDIE",26:51,8,4,6,0,0,0,0,5,7,12,1,0,0,3,0,2,0,20,-19.0
2022,RS,12,108,0,Team,0.0,0.0,MUN,,Team,,0,0,0,0,0,0,0,1,1,2,0,0,0,0,0,0,0,2,
2022,RS,12,108,0,Total,,,MUN,,Total,200:00,53,12,30,6,31,11,12,14,25,39,11,4,12,4,2,14,16,55,
2022,RS,13,109,1,P004267   ,1.0,0.0,RED,0,"HOLLAND, JOHN",05:58,0,0,1,0,1,0,0,0,0,0,0,0,0,0,0,0,1,-1,-9.0
2022,RS,13,109,1,P007947   ,1.0,0.0,RED,1,"VILDOZA, LUCA",32:43,27,6,8,4,10,3,3,0,1,1,2,4,3,0,0,1,2,24,0.0
2022,RS,13,109,1,P004720   ,0.0,1.0,RED,2,"LAZAREVIC, STEFAN",15:47,8,1,2,1,1,3,3,4,0,4,0,0,1,0,0,3,2,9,6.0
2022,RS,13,109,1,PLUO      ,1.0,1.0,RED,10,"LAZIC, BRANKO",15:47,5,1,2,1,1,0,0,0,1,1,1,1,0,0,0,4,2,5,-11.0
2022,RS,13,109,1,P009540   ,0.0,0.0,RED,12,"MARTIN, HASSAN",25:59,2,0,4,0,0,2,6,1,3,4,0,0,3,1,1,2,4,-3,7.0
2022,RS,13,109,1,P004007   ,0.0,1.0,RED,13,"DOBRIC, OGNJEN",12:48,5,1,2,1,2,0,0,1,0,1,0,0,1,0,0,3,2,2,4.0
2022,RS,13,109,1,P011964   ,0.0,0.0,RED,22,"ILIC, DALIBOR",DNP,0,0,0,0,0,0,0,0,0,0,0,0,0,0,0,0,0,0,0.0
2022,RS,13,109,1,P000848   ,0.0,0.0,RED,26,"NEDOVIC, NEMANJA",27:04,21,5,7,2,11,5,5,0,4,4,4,0,1,0,1,2,8,22,20.0
2022,RS,13,109,1,PLME      ,0.0,1.0,RED,27,"MARKOVIC, STEFAN",09:59,3,0,0,1,1,0,0,0,2,2,2,0,0,0,0,2,1,6,4.0
2022,RS,13,109,1,P003479   ,1.0,0.0,RED,32,"KUZMIC, OGNJEN",05:58,0,0,0,0,0,0,0,0,1,1,1,0,0,0,0,1,1,2,-9.0
2022,RS,13,109,1,P011194   ,0.0,1.0,RED,33,"PETRUSEV, FILIP",24:10,1,0,1,0,0,1,2,1,1,2,0,0,1,2,0,1,3,4,8.0
2022,RS,13,109,1,P009818   ,1.0,0.0,RED,50,"BENTIL, BENJAMIN",23:47,5,1,1,1,3,0,2,2,2,4,2,1,2,0,0,1,1,6,0.0
2022,RS,13,109,1,Team,0.0,0.0,RED,,Team,,0,0,0,0,0,0,0,5,2,7,0,0,0,0,0,0,0,7,
2022,RS,13,109,1,Total,,,RED,,Total,200:00,77,15,28,11,30,14,21,14,17,31,12,6,12,3,2,20,27,83,
2022,RS,13,109,0,P011218   ,1.0,1.0,ZAL,2,"EVANS, KEENAN",30:26,18,3,6,4,6,0,0,1,7,8,2,2,3,0,2,4,3,19,6.0
2022,RS,13,109,0,P007513   ,1.0,1.0,ZAL,3,"GIEDRAITIS, DOVYDAS",22:51,5,1,1,1,5,0,0,1,0,1,3,1,2,0,0,4,0,0,-3.0
2022,RS,13,109,0,P010824   ,0.0,0.0,ZAL,7,"KUBLICKAS, KAJUS",00:10,0,0,0,0,0,0,0,0,0,0,0,0,0,0,0,2,0,-2,0.0
2022,RS,13,109,0,P010390   ,1.0,0.0,ZAL,8,"HAYES, KEVARRIUS",24:33,14,5,6,0,0,4,6,4,0,4,1,2,1,1,0,3,3,18,2.0
2022,RS,13,109,0,P007109   ,1.0,1.0,ZAL,10,"SMITS, ROLANDS",27:54,6,3,5,0,4,0,0,1,4,5,1,0,2,0,0,4,1,1,-2.0
2022,RS,13,109,0,P010185   ,0.0,0.0,ZAL,14,"KRIVAS, MOTIEJUS",DNP,0,0,0,0,0,0,0,0,0,0,0,0,0,0,0,0,0,0,0.0
2022,RS,13,109,0,P005504   ,0.0,0.0,ZAL,15,"BIRUTIS, LAURYNAS",13:02,4,1,2,0,0,2,2,0,2,2,1,0,1,1,0,1,4,9,-1.0
2022,RS,13,109,0,P006158   ,0.0,0.0,ZAL,16,"LUKOSIUNAS, KAROLIS",08:03,6,0,0,2,4,0,0,0,0,0,0,0,1,0,0,0,0,3,-15.0
2022,RS,13,109,0,P003211   ,0.0,1.0,ZAL,33,"DIMSA, TOMAS",21:20,3,0,1,1,3,0,0,0,1,1,3,0,2,0,0,2,1,1,-5.0
2022,RS,13,109,0,P009601   ,0.0,0.0,ZAL,34,"CAVANAUGH, TYLER",14:11,1,0,1,0,1,1,2,0,2,2,1,0,0,0,1,1,1,0,-6.0
2022,RS,13,109,0,P002676   ,0.0,0.0,ZAL,51,"BUTKEVICIUS, ARNAS",09:31,2,1,1,0,1,0,0,0,1,1,0,1,1,0,0,3,0,-1,1.0
2022,RS,13,109,0,P002329   ,1.0,1.0,ZAL,92,"ULANOVAS, EDGARAS",27:59,14,3,5,1,2,5,5,0,2,2,3,1,1,0,0,3,7,20,3.0
2022,RS,13,109,0,Team,0.0,0.0,ZAL,,Team,,0,0,0,0,0,0,0,2,1,3,0,0,0,0,0,0,0,3,
2022,RS,13,109,0,Total,,,ZAL,,Total,200:00,73,17,28,9,26,12,15,9,20,29,15,7,14,2,3,27,20,71,
2022,RS,13,110,1,P011936   ,1.0,1.0,ASV,0,"MATHEWS, JONAH",27:34,14,4,6,1,4,3,4,0,1,1,2,1,0,0,0,2,4,14,10.0
2022,RS,13,110,1,P006068   ,1.0,0.0,ASV,2,"NOUA, AMINE",19:52,9,3,3,1,2,0,1,1,4,5,1,0,3,0,0,1,1,10,-1.0
2022,RS,13,110,1,PKIR      ,0.0,1.0,ASV,5,"KAHUDI, CHARLES",20:08,0,0,0,0,1,0,0,0,4,4,0,0,1,0,0,3,0,-1,5.0
2022,RS,13,110,1,PTFK      ,0.0,0.0,ASV,8,"DIOT, ANTOINE",09:39,3,0,0,1,4,0,0,0,1,1,0,0,0,0,0,2,0,-1,-3.0
2022,RS,13,110,1,P004119   ,0.0,1.0,ASV,9,"TYUS, ALEX",19:04,5,2,2,0,0,1,4,1,3,4,1,1,0,0,0,3,2,7,-6.0
2022,RS,13,110,1,P010718   ,0.0,0.0,ASV,10,"RISACHER, ZACCHARIE",DNP,0,0,0,0,0,0,0,0,0,0,0,0,0,0,0,0,0,0,0.0
2022,RS,13,110,1,P002100   ,1.0,0.0,ASV,12,"DE COLO, NANDO",27:12,32,5,7,6,8,4,5,0,2,2,3,0,5,0,1,3,7,30,4.0
2022,RS,13,110,1,P006568   ,1.0,0.0,ASV,19,"FALL, YOUSSOUPHA",16:46,7,3,4,0,0,1,1,1,3,4,1,0,1,0,0,5,1,6,4.0
2022,RS,13,110,1,P003526   ,0.0,1.0,ASV,23,"LIGHTY, DAVID",26:12,9,1,2,1,2,4,8,0,4,4,3,2,0,0,0,2,5,15,11.0
2022,RS,13,110,1,P011938   ,1.0,1.0,ASV,32,"OBASOHAN, RETIN",15:46,5,1,1,1,3,0,0,0,0,0,1,1,0,0,0,4,0,1,-12.0
2022,RS,13,110,1,P011939   ,0.0,0.0,ASV,33,"JACKSON-CARTWRIGHT, PARKER",13:40,7,3,3,0,1,1,1,1,1,2,1,2,0,0,0,2,2,11,2.0
2022,RS,13,110,1,P006832   ,0.0,0.0,ASV,35,"PONS, YVES",04:07,0,0,0,0,0,0,0,0,0,0,1,0,0,0,0,0,0,1,6.0
2022,RS,13,110,1,Team,0.0,0.0,ASV,,Team,,0,0,0,0,0,0,0,1,1,2,0,0,2,0,0,0,0,0,
2022,RS,13,110,1,Total,,,ASV,,Total,200:00,91,22,28,11,25,14,24,5,24,29,14,7,12,0,1,27,22,93,
2022,RS,13,110,0,P009212   ,0.0,0.0,PAR,1,"VUKCEVIC, TRISTAN",DNP,0,0,0,0,0,0,0,0,0,0,0,0,0,0,0,0,0,0,0.0
2022,RS,13,110,0,P008987   ,1.0,1.0,PAR,2,"LEDAY, ZACH",35:55,10,4,5,0,1,2,2,2,3,5,3,1,0,0,0,4,5,18,1.0
2022,RS,13,110,0,P009862   ,0.0,0.0,PAR,7,"PUNTER, KEVIN",23:24,7,1,3,1,3,2,3,0,0,0,1,0,0,0,0,0,3,6,-1.0
2022,RS,13,110,0,P011051   ,0.0,0.0,PAR,9,"SMAILAGIC, ALEN",04:08,2,1,1,0,0,0,0,0,1,1,1,0,1,1,0,1,0,3,-1.0
2022,RS,13,110,0,P005161   ,1.0,1.0,PAR,10,"PAPAPETROU, IOANNIS",22:58,7,2,4,1,3,0,1,0,1,1,0,1,0,0,0,2,1,3,-3.0
2022,RS,13,110,0,P011302   ,1.0,1.0,PAR,11,"EXUM, DANTE",35:08,26,6,7,2,4,8,8,0,2,2,6,3,3,0,0,4,8,35,-9.0
2022,RS,13,110,0,P010458   ,0.0,0.0,PAR,12,"BRODZIANSKY, VLADIMIR",06:09,0,0,1,0,0,0,0,0,1,1,0,0,1,0,0,2,0,-3,-3.0
2022,RS,13,110,0,P007400   ,0.0,1.0,PAR,21,"NUNNALLY, JAMES",23:42,11,4,4,0,3,3,5,0,3,3,4,0,2,0,0,1,2,12,-3.0
2022,RS,13,110,0,P003842   ,1.0,1.0,PAR,26,"LESSORT, MATHIAS",33:45,15,4,6,0,0,7,12,3,5,8,3,2,2,0,0,4,8,23,-5.0
2022,RS,13,110,0,P007673   ,0.0,0.0,PAR,32,"TRIFUNOVIC, UROS",DNP,0,0,0,0,0,0,0,0,0,0,0,0,0,0,0,0,0,0,0.0
2022,RS,13,110,0,P000956   ,1.0,0.0,PAR,33,"ANDJUSIC, DANILO",09:56,6,3,6,0,2,0,0,0,0,0,0,0,0,0,0,1,0,0,-1.0
2022,RS,13,110,0,P011052   ,0.0,0.0,PAR,41,"MADAR, YAM",04:55,3,0,0,1,1,0,0,0,0,0,0,1,0,0,0,3,0,1,5.0
2022,RS,13,110,0,Team,0.0,0.0,PAR,,Team,,0,0,0,0,0,0,0,1,1,2,0,0,0,0,0,0,0,2,
2022,RS,13,110,0,Total,,,PAR,,Total,200:00,87,25,37,5,17,22,31,6,17,23,18,8,9,1,0,22,27,100,
2022,RS,13,111,1,P008855   ,1.0,0.0,OLY,0,"WALKUP, THOMAS",13:06,6,2,2,0,1,2,2,1,3,4,3,2,1,0,0,4,1,10,4.0
2022,RS,13,111,1,P010612   ,1.0,0.0,OLY,3,"CANAAN, ISAIAH",16:48,6,0,1,2,4,0,0,0,0,0,1,0,1,0,0,3,3,3,9.0
2022,RS,13,111,1,P006302   ,0.0,1.0,OLY,4,"LOUNTZIS, MICHALIS",12:56,2,1,2,0,2,0,0,0,2,2,1,0,1,1,0,0,2,4,17.0
2022,RS,13,111,1,P010392   ,0.0,0.0,OLY,5,"LARENTZAKIS, GIANNOULIS",15:43,12,1,1,2,2,4,4,1,2,3,1,1,4,0,0,2,2,13,11.0
2022,RS,13,111,1,P012023   ,0.0,1.0,OLY,9,"PAPAS, GEORGE",02:51,2,1,2,0,0,0,0,0,0,0,0,0,0,0,0,0,0,1,-3.0
2022,RS,13,111,1,P008811   ,1.0,0.0,OLY,10,"FALL, MOUSTAPHA",20:46,11,3,3,0,0,5,5,1,0,1,2,3,2,0,0,2,5,18,18.0
2022,RS,13,111,1,P001926   ,0.0,0.0,OLY,11,"SLOUKAS, KOSTAS",23:24,8,2,4,0,4,4,4,0,3,3,7,1,4,0,1,2,4,10,19.0
2022,RS,13,111,1,P003469   ,1.0,0.0,OLY,14,"VEZENKOV, SASHA",24:27,21,6,7,3,5,0,0,2,2,4,2,2,2,0,0,0,3,27,23.0
2022,RS,13,111,1,P001255   ,1.0,0.0,OLY,16,"PAPANIKOLAOU, KOSTAS",22:13,6,0,2,2,2,0,0,0,1,1,3,1,3,0,0,2,2,6,18.0
2022,RS,13,111,1,P009035   ,0.0,1.0,OLY,21,"BOLOMBOY, JOEL",19:14,6,2,2,0,0,2,3,1,2,3,3,1,0,0,0,2,2,12,9.0
2022,RS,13,111,1,P008829   ,0.0,1.0,OLY,25,"PETERS, ALEC",16:18,12,3,3,2,3,0,1,1,3,4,0,0,0,0,0,2,2,14,4.0
2022,RS,13,111,1,P007853   ,0.0,1.0,OLY,77,"MCKISSIC, SHAQUIELLE",12:14,2,0,0,0,1,2,4,0,1,1,3,2,0,0,0,1,3,7,6.0
2022,RS,13,111,1,Team,0.0,0.0,OLY,,Team,,0,0,0,0,0,0,0,0,1,1,0,0,1,0,0,0,0,0,
2022,RS,13,111,1,Total,,,OLY,,Total,200:00,94,21,29,11,24,19,23,7,20,27,26,13,19,1,1,20,29,125,
2022,RS,13,111,0,P003091   ,0.0,1.0,ULK,1,"BIRSEN, METECAN",25:51,5,1,4,1,6,0,0,1,4,5,0,0,1,0,0,2,0,-1,-22.0
2022,RS,13,111,0,P011201   ,0.0,1.0,ULK,2,"HAZER, SEHMUS",14:06,5,1,2,1,1,0,0,0,0,0,1,1,6,0,0,3,0,-3,-4.0
2022,RS,13,111,0,P011987   ,1.0,0.0,ULK,4,"EDWARDS, CARSEN",19:32,13,2,4,2,8,3,5,0,0,0,0,1,1,0,1,3,5,4,-5.0
2022,RS,13,111,0,P004056   ,0.0,1.0,ULK,5,"AKPINAR, ISMET",11:35,11,1,1,3,3,0,0,0,1,1,1,1,2,0,0,3,1,10,1.0
2022,RS,13,111,0,P007122   ,0.0,1.0,ULK,9,"GEYIK, SAMET",11:11,2,1,1,0,1,0,0,0,1,1,1,1,0,1,0,3,1,3,4.0
2022,RS,13,111,0,P002969   ,0.0,0.0,ULK,10,"MAHMUTOGLU, MELIH",10:02,3,0,0,1,4,0,0,0,0,0,0,0,0,0,0,0,0,0,-12.0
2022,RS,13,111,0,P008962   ,1.0,0.0,ULK,11,"HAYES-DAVIS, NIGEL",27:34,3,0,1,1,2,0,0,1,2,3,0,1,2,0,0,4,0,-1,-19.0
2022,RS,13,111,0,P009733   ,1.0,0.0,ULK,22,"JEKIRI, TONYE",14:21,0,0,1,0,0,0,0,1,0,1,0,1,2,0,0,2,0,-3,-21.0
2022,RS,13,111,0,P004004   ,0.0,0.0,ULK,23,"GUDURIC, MARKO",22:51,9,0,1,0,1,9,12,1,1,2,4,2,3,0,0,4,8,13,-17.0
2022,RS,13,111,0,P007056   ,1.0,1.0,ULK,31,"BOOKER, DEVIN",21:11,6,2,3,0,0,2,2,4,3,7,1,0,2,0,0,2,2,11,-22.0
2022,RS,13,111,0,P001932   ,1.0,0.0,ULK,33,"CALATHES, NICK",21:46,10,3,7,1,1,1,2,0,1,1,2,1,5,0,0,3,3,4,-18.0
2022,RS,13,111,0,Team,0.0,0.0,ULK,,Team,,0,0,0,0,0,0,0,3,3,6,0,0,1,0,0,0,0,5,
2022,RS,13,111,0,Total,,,ULK,,Total,200:00,67,11,25,10,27,15,21,11,16,27,10,9,25,1,1,29,20,42,
2022,RS,13,112,1,P007870   ,1.0,0.0,MIL,0,"DAVIES, BRANDON",13:55,5,2,4,0,0,1,2,1,1,2,0,1,1,0,0,3,4,5,-13.0
2022,RS,13,112,1,P012080   ,1.0,1.0,MIL,2,"LUWAWU-CABARROT, TIMOTHE",28:10,14,4,10,1,2,3,6,0,1,1,4,0,2,1,1,2,3,8,-8.0
2022,RS,13,112,1,P011965   ,0.0,0.0,MIL,3,"MITROU-LONG, NAZ",17:34,7,2,2,1,4,0,0,2,1,3,0,1,0,0,0,2,1,7,-5.0
2022,RS,13,112,1,P006509   ,0.0,0.0,MIL,7,"TONUT, STEFANO",06:47,2,1,1,0,0,0,1,0,0,0,1,0,0,0,0,1,1,2,3.0
2022,RS,13,112,1,P002849   ,1.0,1.0,MIL,9,"MELLI, NICOLO",29:33,12,1,2,3,5,1,4,0,2,2,2,0,2,1,1,2,2,8,1.0
2022,RS,13,112,1,P005775   ,1.0,1.0,MIL,12,"BARON, BILLY",31:29,18,2,4,3,6,5,5,0,5,5,1,1,1,0,0,2,6,23,0.0
2022,RS,13,112,1,P001518   ,0.0,0.0,MIL,17,"RICCI, GIAMPAOLO",03:33,0,0,0,0,1,0,0,0,1,1,0,0,1,0,0,0,0,-1,-1.0
2022,RS,13,112,1,P009903   ,0.0,0.0,MIL,19,"BILIGHA, PAUL",DNP,0,0,0,0,0,0,0,0,0,0,0,0,0,0,0,0,0,0,0.0
2022,RS,13,112,1,P011205   ,1.0,1.0,MIL,22,"HALL, DEVON",32:27,7,2,2,0,3,3,4,0,2,2,4,0,2,0,0,3,3,7,-7.0
2022,RS,13,112,1,P006707   ,0.0,0.0,MIL,25,"BALDASSO, TOMMASO",DNP,0,0,0,0,0,0,0,0,0,0,0,0,0,0,0,0,0,0,0.0
2022,RS,13,112,1,P002812   ,0.0,1.0,MIL,42,"HINES, KYLE",26:05,6,3,4,0,0,0,0,1,2,3,2,1,0,1,0,2,0,10,7.0
2022,RS,13,112,1,P007201   ,0.0,0.0,MIL,77,"VOIGTMANN, JOHANNES",10:27,0,0,0,0,1,0,0,0,2,2,1,1,1,0,0,1,0,1,-7.0
2022,RS,13,112,1,Team,0.0,0.0,MIL,,Team,,0,0,0,0,0,0,0,1,3,4,0,0,0,0,0,0,0,4,
2022,RS,13,112,1,Total,,,MIL,,Total,200:00,71,17,29,8,22,13,22,5,20,25,15,5,10,3,2,18,20,74,
2022,RS,13,112,0,P012056   ,0.0,1.0,TEL,3,"ADAMS, JALEN",27:11,2,1,4,0,2,0,0,0,4,4,4,4,1,0,1,4,1,4,2.0
2022,RS,13,112,0,P009622   ,1.0,1.0,TEL,4,"BROWN, LORENZO",34:51,20,7,17,2,4,0,0,0,5,5,8,1,3,0,0,2,3,20,-1.0
2022,RS,13,112,0,P011967   ,0.0,0.0,TEL,6,"MARTIN, JARELL",18:53,13,1,3,3,4,2,2,1,2,3,0,0,1,0,1,1,3,13,-5.0
2022,RS,13,112,0,P004233   ,0.0,0.0,TEL,8,"MENCO, RAFI",DNP,0,0,0,0,0,0,0,0,0,0,0,0,0,0,0,0,0,0,0.0
2022,RS,13,112,0,P011219   ,0.0,1.0,TEL,9,"SORKIN, ROMAN",21:35,14,6,6,0,1,2,2,2,4,6,1,0,0,1,0,1,1,21,6.0
2022,RS,13,112,0,PLKX      ,0.0,0.0,TEL,10,"PNINI, GUY",DNP,0,0,0,0,0,0,0,0,0,0,0,0,0,0,0,0,0,0,0.0
2022,RS,13,112,0,P007990   ,0.0,0.0,TEL,12,"DIBARTOLOMEO, JOHN",12:55,8,1,1,1,1,3,3,0,0,0,0,1,1,0,0,4,4,8,16.0
2022,RS,13,112,0,P008989   ,1.0,0.0,TEL,13,"HILLIARD, DARRUN",09:13,0,0,2,0,2,0,0,1,0,1,0,0,0,0,0,1,1,-3,-3.0
2022,RS,13,112,0,P005145   ,1.0,1.0,TEL,15,"COHEN, JAKE",19:38,2,1,1,0,1,0,0,0,2,2,0,0,0,0,0,1,1,3,5.0
2022,RS,13,112,0,P009917   ,1.0,0.0,TEL,20,"HOLLINS, AUSTIN",14:06,0,0,0,0,0,0,0,1,0,1,1,1,1,0,0,4,1,-1,8.0
2022,RS,13,112,0,P011199   ,1.0,0.0,TEL,32,"NEBO, JOSH",18:59,8,4,7,0,0,0,0,3,1,4,0,0,0,0,0,1,2,10,0.0
2022,RS,13,112,0,P009783   ,0.0,1.0,TEL,50,"COLSON, BONZIE",22:39,10,3,5,1,2,1,2,0,7,7,0,0,0,1,1,1,1,13,2.0
2022,RS,13,112,0,Team,0.0,0.0,TEL,,Team,,0,0,0,0,0,0,0,3,2,5,0,0,2,0,0,0,0,3,
2022,RS,13,112,0,Total,,,TEL,,Total,200:00,77,24,46,7,17,8,9,11,27,38,14,7,9,2,3,20,18,91,
2022,RS,13,113,1,P010391   ,1.0,0.0,MUN,0,"WEILER-BABB, NICK",23:06,7,0,1,2,6,1,2,2,4,6,2,1,0,0,0,2,1,9,-6.0
2022,RS,13,113,1,P009866   ,0.0,1.0,MUN,2,"WALDEN, COREY",18:36,11,1,3,3,5,0,0,1,3,4,2,1,1,0,2,0,4,15,-5.0
2022,RS,13,113,1,P011940   ,1.0,0.0,MUN,5,"WINSTON, CASSIUS",16:12,8,3,8,0,5,2,2,0,1,1,2,0,1,0,1,3,1,-3,2.0
2022,RS,13,113,1,P001557   ,1.0,1.0,MUN,7,"GIFFEY, NIELS",19:47,2,1,4,0,1,0,0,2,2,4,0,1,0,0,0,4,1,0,-11.0
2022,RS,13,113,1,P005160   ,1.0,1.0,MUN,8,"HUNTER, OTHELLO",27:25,14,1,2,4,8,0,0,2,1,3,3,2,2,1,0,4,1,13,-7.0
2022,RS,13,113,1,P006760   ,0.0,1.0,MUN,9,"BONGA, ISAAC",22:26,9,1,4,1,2,4,4,3,3,6,2,0,0,0,1,0,4,16,7.0
2022,RS,13,113,1,P004058   ,0.0,0.0,MUN,10,"JARAMAZ, OGNJEN",14:05,1,0,1,0,1,1,2,1,1,2,1,1,1,0,1,3,1,-2,4.0
2022,RS,13,113,1,P004508   ,0.0,1.0,MUN,13,"OBST, ANDREAS",15:31,6,1,2,1,5,1,1,0,1,1,0,0,1,0,1,1,2,1,-3.0
2022,RS,13,113,1,P005056   ,0.0,0.0,MUN,16,"ZIPSER, PAUL",13:02,2,1,1,0,3,0,0,0,0,0,0,0,0,1,0,0,1,1,4.0
2022,RS,13,113,1,P005478   ,0.0,0.0,MUN,17,"WIMBERG, NIKLAS",DNP,0,0,0,0,0,0,0,0,0,0,0,0,0,0,0,0,0,0,0.0
2022,RS,13,113,1,P005460   ,1.0,0.0,MUN,20,"HARRIS, ELIAS",18:01,0,0,1,0,1,0,0,0,2,2,0,0,0,0,1,0,1,0,-7.0
2022,RS,13,113,1,P011941   ,0.0,0.0,MUN,33,"GILLESPIE, FREDDIE",11:49,4,2,5,0,0,0,0,0,2,2,0,0,1,0,1,3,0,-2,2.0
2022,RS,13,113,1,Team,0.0,0.0,MUN,,Team,,0,0,0,0,0,0,0,2,0,2,0,0,3,0,0,0,0,-1,
2022,RS,13,113,1,Total,,,MUN,,Total,200:00,64,11,32,11,37,9,11,13,20,33,12,6,10,2,8,20,17,47,
2022,RS,13,113,0,P007982   ,1.0,0.0,MAD,0,"WILLIAMS-GOSS, NIGEL",13:54,7,2,5,1,2,0,0,1,0,1,2,0,0,0,1,1,1,5,2.0
2022,RS,13,113,0,P001392   ,0.0,0.0,MAD,1,"CAUSEUR, FABIEN",15:51,2,0,2,0,1,2,2,1,0,1,1,0,1,0,0,0,6,6,-9.0
2022,RS,13,113,0,P003733   ,1.0,1.0,MAD,6,"ABALDE, ALBERTO",23:48,1,0,0,0,2,1,2,1,3,4,4,0,0,0,0,4,1,3,10.0
2022,RS,13,113,0,P003108   ,0.0,0.0,MAD,11,"HEZONJA, MARIO",16:12,8,1,1,2,3,0,0,0,1,1,2,1,0,0,0,2,0,9,-6.0
2022,RS,13,113,0,PCVM      ,0.0,0.0,MAD,13,"RODRIGUEZ, SERGIO",10:37,0,0,1,0,2,0,0,0,1,1,3,0,1,0,0,3,0,-3,-2.0
2022,RS,13,113,0,P004887   ,0.0,0.0,MAD,17,"POIRIER, VINCENT",10:33,2,1,1,0,0,0,0,1,2,3,0,0,1,1,0,5,0,0,-9.0
2022,RS,13,113,0,P004790   ,1.0,0.0,MAD,21,"CORNELIE, PETR",16:27,5,1,1,1,4,0,0,0,4,4,0,0,0,1,0,0,0,7,2.0
2022,RS,13,113,0,P005791   ,1.0,1.0,MAD,22,"TAVARES, WALTER",29:27,14,6,11,0,0,2,4,4,4,8,0,0,5,6,0,2,3,17,13.0
2022,RS,13,113,0,PTGB      ,0.0,1.0,MAD,23,"LLULL, SERGIO",15:29,11,0,1,3,7,2,2,0,2,2,0,0,0,0,0,0,1,9,4.0
2022,RS,13,113,0,P010357   ,0.0,1.0,MAD,28,"YABUSELE, GUERSCHON",23:33,8,2,4,0,2,4,4,2,5,7,1,1,1,0,0,1,4,15,2.0
2022,RS,13,113,0,P009213   ,0.0,0.0,MAD,30,"NDIAYE, ELI",DNP,0,0,0,0,0,0,0,0,0,0,0,0,0,0,0,0,0,0,0.0
2022,RS,13,113,0,P006540   ,1.0,1.0,MAD,31,"MUSA, DZANAN",24:09,10,1,4,1,2,5,7,1,6,7,3,0,4,0,1,1,4,12,13.0
2022,RS,13,113,0,Team,0.0,0.0,MAD,,Team,,0,0,0,0,0,0,0,2,2,4,0,0,1,0,0,0,0,3,
2022,RS,13,113,0,Total,,,MAD,,Total,200:00,68,14,31,8,25,16,21,13,30,43,16,2,14,8,2,19,20,83,
2022,RS,13,114,1,P011970   ,0.0,0.0,PAM,0,"HARPER, JARED",15:09,8,2,4,0,0,4,5,0,2,2,3,0,1,0,1,2,5,11,3.0
2022,RS,13,114,1,P000556   ,1.0,1.0,PAM,1,"CLAVER, VICTOR",20:04,0,0,1,0,1,0,0,0,2,2,2,0,0,0,0,4,0,-2,-1.0
2022,RS,13,114,1,P006643   ,0.0,0.0,PAM,2,"PUERTO, JOSEP",07:41,0,0,0,0,1,0,0,0,0,0,0,0,0,0,0,2,1,-2,1.0
2022,RS,13,114,1,P002661   ,1.0,0.0,PAM,3,"PREPELIC, KLEMEN",25:40,7,2,3,1,2,0,0,1,2,3,4,0,1,0,0,1,3,13,8.0
2022,RS,13,114,1,P010393   ,1.0,0.0,PAM,4,"PRADILLA, JAIME",11:36,2,1,2,0,1,0,0,0,2,2,0,0,2,0,0,0,0,0,-7.0
2022,RS,13,114,1,P011971   ,0.0,1.0,PAM,5,"WEBB III, JAMES",33:52,18,3,5,4,10,0,0,2,8,10,0,3,2,2,0,3,0,20,9.0
2022,RS,13,114,1,P005356   ,0.0,1.0,PAM,6,"LOPEZ-AROSTEGUI, XABI",12:01,0,0,0,0,0,0,0,0,1,1,0,0,2,0,0,2,1,-2,-3.0
2022,RS,13,114,1,P010568   ,1.0,1.0,PAM,7,"JONES, CHRIS",29:25,20,3,6,4,7,2,2,0,2,2,6,1,3,0,0,1,2,21,2.0
2022,RS,13,114,1,P009101   ,0.0,0.0,PAM,8,"FERRANDO, GUILLEM",03:19,0,0,0,0,0,0,0,0,0,0,1,0,0,0,0,1,1,1,-3.0
2022,RS,13,114,1,P011972   ,0.0,0.0,PAM,12,"RADEBAUGH, JONAH",14:50,0,0,0,0,3,0,0,0,1,1,2,0,0,0,0,3,0,-3,0.0
2022,RS,13,114,1,P002742   ,1.0,0.0,PAM,14,"DUBLJEVIC, BOJAN",32:21,23,6,6,3,6,2,2,4,4,8,2,2,3,0,0,0,3,32,9.0
2022,RS,13,114,1,P011214   ,0.0,1.0,PAM,41,"RIVERO, JASIEL",19:02,16,6,8,0,1,4,4,2,2,4,1,2,2,1,0,1,3,21,-3.0
2022,RS,13,114,1,Team,0.0,0.0,PAM,,Team,,0,0,0,0,0,0,0,1,1,2,0,0,0,0,0,0,0,2,
2022,RS,13,114,1,Total,,,PAM,,Total,225:00,94,23,35,12,32,12,13,10,27,37,21,8,16,3,1,20,19,112,
2022,RS,13,114,0,P011209   ,1.0,0.0,PAN,0,"KALAITZAKIS, PANAGIOTIS",12:01,8,2,2,1,2,1,1,1,1,2,0,1,2,0,0,2,1,7,-3.0
2022,RS,13,114,0,P006555   ,1.0,1.0,PAN,3,"WOLTERS, NATE",26:41,10,2,6,2,2,0,0,2,5,7,2,0,2,0,1,3,1,10,-7.0
2022,RS,13,114,0,P011225   ,0.0,0.0,PAN,5,"LEE, PARIS",22:08,12,3,5,2,4,0,0,0,1,1,6,2,2,0,0,5,0,10,5.0
2022,RS,13,114,0,P005844   ,1.0,1.0,PAN,6,"PAPAGIANNIS, GEORGIOS",27:58,2,1,4,0,0,0,0,2,1,3,0,2,1,1,0,1,0,3,-6.0
2022,RS,13,114,0,P009006   ,1.0,1.0,PAN,8,"WILLIAMS, DERRICK",42:35,21,3,8,4,9,3,3,2,7,9,4,3,2,0,0,0,5,30,5.0
2022,RS,13,114,0,P006586   ,0.0,0.0,PAN,16,"KALAITZAKIS, GEORGIOS",04:24,0,0,1,0,0,0,0,0,0,0,0,0,0,0,1,0,0,-2,-6.0
2022,RS,13,114,0,P011286   ,1.0,1.0,PAN,24,"BACON, DWAYNE",43:25,22,7,16,1,8,5,6,1,2,3,2,3,1,0,0,2,6,16,-7.0
2022,RS,13,114,0,P011396   ,0.0,0.0,PAN,33,"CHOUGKAZ, NIKOS",DNP,0,0,0,0,0,0,0,0,0,0,0,0,0,0,0,0,0,0,0.0
2022,RS,13,114,0,P004172   ,0.0,1.0,PAN,37,"PONITKA, MATEUSZ",28:49,10,2,2,1,1,3,4,4,5,9,3,0,2,0,0,3,4,20,1.0
2022,RS,13,114,0,P008084   ,0.0,0.0,PAN,72,"MANTZOUKAS, ELEFTHERIOS",DNP,0,0,0,0,0,0,0,0,0,0,0,0,0,0,0,0,0,0,0.0
2022,RS,13,114,0,P003120   ,0.0,0.0,PAN,77,"GUDAITIS, ARTURAS",16:59,6,2,4,0,0,2,4,1,0,1,0,0,0,0,1,3,2,1,3.0
2022,RS,13,114,0,Team,0.0,0.0,PAN,,Team,,0,0,0,0,0,0,0,1,0,1,0,0,0,0,0,0,0,1,
2022,RS,13,114,0,Total,,,PAN,,Total,225:00,91,22,48,11,26,14,18,14,22,36,17,11,12,1,3,19,19,96,
2022,RS,13,115,1,P006590   ,1.0,1.0,IST,1,"BEAUBOIS, RODRIGUE",33:42,10,2,4,2,8,0,1,0,3,3,2,3,2,3,0,2,1,9,3.0
2022,RS,13,115,1,P009846   ,1.0,1.0,IST,6,"BRYANT, ELIJAH",19:53,5,1,1,1,3,0,0,1,4,5,1,1,2,1,0,2,0,7,4.0
2022,RS,13,115,1,P010516   ,0.0,0.0,IST,11,"GAZI, ERTEN",DNP,0,0,0,0,0,0,0,0,0,0,0,0,0,0,0,0,0,0,0.0
2022,RS,13,115,1,P004888   ,0.0,1.0,IST,12,"CLYBURN, WILL",30:37,15,4,10,2,4,1,1,0,4,4,2,0,0,0,0,1,4,16,-10.0
2022,RS,13,115,1,P012068   ,0.0,0.0,IST,13,"TAYLOR, ISAIAH",07:29,2,1,1,0,0,0,0,0,1,1,0,0,0,0,0,2,0,1,-13.0
2022,RS,13,115,1,P005348   ,0.0,0.0,IST,18,"ARNA, EGEHAN",DNP,0,0,0,0,0,0,0,0,0,0,0,0,0,0,0,0,0,0,0.0
2022,RS,13,115,1,PLHK      ,1.0,1.0,IST,21,"PLEISS, TIBOR",17:16,6,3,5,0,2,0,0,1,2,3,2,0,0,2,0,1,2,10,-5.0
2022,RS,13,115,1,P002580   ,1.0,0.0,IST,22,"MICIC, VASILIJE",29:21,17,8,11,0,4,1,2,0,0,0,6,3,5,0,1,5,7,14,-3.0
2022,RS,13,115,1,P007993   ,0.0,1.0,IST,24,"M'BAYE, AMATH",28:22,16,2,3,4,7,0,0,0,4,4,0,0,1,0,0,2,1,14,-2.0
2022,RS,13,115,1,P002084   ,1.0,0.0,IST,33,"POLONARA, ACHILLE",10:40,3,0,1,1,1,0,0,1,3,4,0,0,0,0,0,0,0,6,1.0
2022,RS,13,115,1,P004554   ,0.0,0.0,IST,41,"ZIZIC, ANTE",15:32,4,1,1,0,0,2,2,1,1,2,0,0,1,1,0,3,2,5,1.0
2022,RS,13,115,1,P003048   ,0.0,0.0,IST,42,"DUNSTON, BRYANT",07:08,0,0,0,0,0,0,0,2,1,3,1,0,1,0,0,2,1,2,-1.0
2022,RS,13,115,1,Team,0.0,0.0,IST,,Team,,0,0,0,0,0,0,0,2,0,2,0,0,0,0,0,0,0,2,
2022,RS,13,115,1,Total,,,IST,,Total,200:00,78,22,37,10,29,4,6,8,23,31,14,7,12,7,1,20,18,86,
2022,RS,13,115,0,P011948   ,1.0,0.0,BAS,0,"HOWARD, MARKUS",25:19,19,2,3,5,9,0,0,0,1,1,2,1,1,0,5,3,4,13,-13.0
2022,RS,13,115,0,P008850   ,0.0,0.0,BAS,2,"RAIESTE, SANDER",03:09,0,0,0,0,0,0,0,0,1,1,1,0,0,0,0,0,0,2,0.0
2022,RS,13,115,0,P007230   ,0.0,0.0,BAS,8,"SEDEKERSKIS, TADAS",17:42,6,2,2,0,0,2,2,1,2,3,0,0,0,0,0,1,1,9,2.0
2022,RS,13,115,0,P004761   ,0.0,1.0,BAS,9,"MARINKOVIC, VANJA",25:30,18,1,3,4,9,4,4,0,2,2,1,1,1,0,1,2,3,14,10.0
2022,RS,13,115,0,P003198   ,0.0,0.0,BAS,11,"DIEZ, DANIEL",DNP,0,0,0,0,0,0,0,0,0,0,0,0,0,0,0,0,0,0,0.0
2022,RS,13,115,0,P011078   ,1.0,1.0,BAS,13,"THOMPSON, DARIUS",18:30,8,4,6,0,1,0,0,0,1,1,3,3,3,0,0,4,1,6,0.0
2022,RS,13,115,0,P004603   ,1.0,0.0,BAS,21,"KOTSAR, MAIK",17:35,6,3,3,0,0,0,1,1,3,4,1,1,0,0,0,2,3,12,1.0
2022,RS,13,115,0,P011239   ,0.0,0.0,BAS,23,"ENOCH, STEVEN",15:17,4,0,0,0,0,4,4,1,5,6,0,0,1,1,0,2,3,11,2.0
2022,RS,13,115,0,P010444   ,0.0,1.0,BAS,24,"COSTELLO, MATTHEW",18:57,6,2,2,0,2,2,2,0,3,3,1,0,2,0,0,0,2,8,0.0
2022,RS,13,115,0,P006436   ,1.0,1.0,BAS,31,"GIEDRAITIS, ROKAS",25:54,11,3,5,1,2,2,2,2,4,6,3,2,1,0,0,2,2,18,7.0
2022,RS,13,115,0,P011949   ,1.0,1.0,BAS,34,"HOMMES, DAULTON",22:54,5,1,3,1,8,0,0,1,3,4,1,0,1,0,1,0,0,-1,9.0
2022,RS,13,115,0,P007265   ,0.0,0.0,BAS,47,"KURUCS, ARTURS",09:13,0,0,0,0,0,0,0,0,0,0,0,0,2,0,0,2,1,-3,7.0
2022,RS,13,115,0,Team,0.0,0.0,BAS,,Team,,0,0,0,0,0,0,0,1,2,3,0,0,0,0,0,0,0,3,
2022,RS,13,115,0,Total,,,BAS,,Total,200:00,83,18,27,11,31,14,15,7,27,34,13,8,12,1,7,18,20,92,
2022,RS,13,116,1,P010588   ,1.0,1.0,MCO,0,"BROWN, JOHN",22:32,2,1,3,0,0,0,0,2,2,4,1,2,0,0,0,3,1,5,-9.0
2022,RS,13,116,1,P011212   ,1.0,1.0,MCO,0,"OKOBO, ELIE",32:22,5,0,3,1,4,2,2,0,2,2,2,1,2,0,0,4,2,0,5.0
2022,RS,13,116,1,P011231   ,1.0,0.0,MCO,4,"BLOSSOMGAME, JARON",20:21,7,2,3,1,3,0,0,1,5,6,0,0,0,0,0,1,2,11,-1.0
2022,RS,13,116,1,P011935   ,0.0,0.0,MCO,5,"MAKOUNDOU, YOAN",DNP,0,0,0,0,0,0,0,0,0,0,0,0,0,0,0,0,0,0,0.0
2022,RS,13,116,1,P012017   ,0.0,0.0,MCO,6,"COUTURE, AMBROISE",DNP,0,0,0,0,0,0,0,0,0,0,0,0,0,0,0,0,0,0,0.0
2022,RS,13,116,1,P011226   ,0.0,1.0,MCO,11,"DIALLO, ALPHA",27:39,4,2,5,0,1,0,0,2,4,6,0,1,1,1,0,2,0,5,-7.0
2022,RS,13,116,1,P001833   ,0.0,1.0,MCO,18,"MOERMAN, ADRIEN",14:56,10,2,4,2,5,0,0,0,0,0,1,0,1,0,0,1,0,4,9.0
2022,RS,13,116,1,PLCZ      ,1.0,0.0,MCO,20,"MOTIEJUNAS, DONATAS",14:54,11,4,4,1,2,0,0,1,0,1,0,1,1,0,0,2,2,11,-9.0
2022,RS,13,116,1,P004197   ,0.0,0.0,MCO,24,"OUATTARA, YAKUBA",03:15,0,0,1,0,0,0,0,0,0,0,0,0,0,0,0,0,0,-1,-6.0
2022,RS,13,116,1,P008099   ,0.0,0.0,MCO,32,"STRAZEL, MATTHEW",09:20,0,0,1,0,0,0,0,0,1,1,2,0,0,0,0,1,1,2,-2.0
2022,RS,13,116,1,P011196   ,0.0,0.0,MCO,45,"HALL, DONTA",19:50,8,3,4,0,0,2,2,0,4,4,0,0,0,0,1,0,2,12,-4.0
2022,RS,13,116,1,P005985   ,1.0,1.0,MCO,55,"JAMES, MIKE",34:51,16,6,14,0,3,4,5,1,1,2,4,1,3,0,1,3,9,13,-6.0
2022,RS,13,116,1,Team,0.0,0.0,MCO,,Team,,0,0,0,0,0,0,0,0,6,6,0,0,1,0,0,0,0,5,
2022,RS,13,116,1,Total,,,MCO,,Total,200:00,63,20,42,5,18,8,9,7,25,32,10,6,9,1,2,17,19,67,
2022,RS,13,116,0,P011244   ,0.0,0.0,BAR,1,"DA SILVA, OSCAR",10:29,3,0,0,1,1,0,0,0,2,2,0,0,1,0,0,2,0,2,-8.0
2022,RS,13,116,0,P002968   ,1.0,0.0,BAR,5,"SANLI, SERTAC",22:59,5,1,2,1,3,0,0,1,3,4,0,1,0,0,0,2,0,5,11.0
2022,RS,13,116,0,P000925   ,0.0,0.0,BAR,6,"VESELY, JAN",16:48,8,4,5,0,0,0,0,2,4,6,0,1,2,1,0,3,0,10,-6.0
2022,RS,13,116,0,P004866   ,1.0,1.0,BAR,10,"KALINIC, NIKOLA",26:22,5,1,2,1,3,0,0,1,2,3,3,0,0,0,0,3,1,6,9.0
2022,RS,13,116,0,P002939   ,1.0,1.0,BAR,13,"SATORANSKY, TOMAS",21:09,8,1,4,2,3,0,0,0,1,1,2,2,1,0,0,3,0,5,10.0
2022,RS,13,116,0,P006435   ,1.0,1.0,BAR,20,"LAPROVITTOLA, NICOLAS",26:28,7,1,2,1,4,2,2,0,2,2,8,2,6,0,0,1,6,14,10.0
2022,RS,13,116,0,P006450   ,0.0,1.0,BAR,22,"HIGGINS, CORY",26:35,9,1,3,2,5,1,2,1,1,2,2,0,0,0,0,2,2,7,-6.0
2022,RS,13,116,0,P008966   ,0.0,0.0,BAR,23,"TOBEY, MIKE",07:02,3,0,0,1,3,0,0,1,2,3,0,0,0,1,0,0,0,5,1.0
2022,RS,13,116,0,P005789   ,0.0,0.0,BAR,24,"KURIC, KYLE",09:48,6,0,0,2,4,0,0,0,1,1,0,0,1,0,0,1,0,3,1.0
2022,RS,13,116,0,P007519   ,0.0,0.0,BAR,31,"JOKUBAITIS, ROKAS",09:55,0,0,1,0,0,0,0,0,2,2,2,1,0,0,0,1,3,6,-4.0
2022,RS,13,116,0,P000796   ,1.0,1.0,BAR,33,"MIROTIC, NIKOLA",22:25,15,2,6,3,5,2,3,1,8,9,2,0,0,0,1,1,5,22,12.0
2022,RS,13,116,0,P010641   ,0.0,0.0,BAR,46,"NNAJI, JAMES",DNP,0,0,0,0,0,0,0,0,0,0,0,0,0,0,0,0,0,0,0.0
2022,RS,13,116,0,Team,0.0,0.0,BAR,,Team,,0,0,0,0,0,0,0,0,0,0,0,0,1,0,0,0,0,-1,
2022,RS,13,116,0,Total,,,BAR,,Total,200:00,69,11,25,14,31,5,7,7,28,35,19,7,12,2,1,19,17,84,
2022,RS,13,117,1,P009549   ,0.0,1.0,VIR,0,"CORDINIER, ISAIA",17:11,4,0,2,0,1,4,6,0,3,3,3,0,1,0,0,2,3,5,2.0
2022,RS,13,117,1,P011064   ,0.0,0.0,VIR,1,"MANNION, NICCOLO",DNP,0,0,0,0,0,0,0,0,0,0,0,0,0,0,0,0,0,0,0.0
2022,RS,13,117,1,PBCN      ,0.0,0.0,VIR,3,"BELINELLI, MARCO",DNP,0,0,0,0,0,0,0,0,0,0,0,0,0,0,0,0,0,0,0.0
2022,RS,13,117,1,P006739   ,0.0,0.0,VIR,6,"PAJOLA, ALESSANDRO",16:53,2,1,2,0,1,0,0,0,3,3,0,1,0,0,0,2,2,4,0.0
2022,RS,13,117,1,P004655   ,0.0,0.0,VIR,7,"BAKO, ISMAEL",15:08,10,4,4,0,0,2,2,1,0,1,0,1,0,1,0,1,1,13,4.0
2022,RS,13,117,1,P002581   ,1.0,0.0,VIR,14,"JAITEH, MAM",21:07,13,6,9,0,0,1,2,2,5,7,3,0,2,1,0,4,2,16,5.0
2022,RS,13,117,1,P010781   ,1.0,0.0,VIR,19,"LUNDBERG, IFFE",19:13,2,1,4,0,2,0,0,1,0,1,1,0,0,0,0,1,0,-2,2.0
2022,RS,13,117,1,P001133   ,1.0,1.0,VIR,21,"SHENGELIA, TORNIKE",24:15,9,2,6,1,1,2,3,0,3,3,4,0,1,2,0,4,3,11,5.0
2022,RS,13,117,1,P001844   ,1.0,1.0,VIR,23,"HACKETT, DANIEL",23:07,13,4,4,1,2,2,2,0,1,1,4,1,4,1,0,2,3,16,9.0
2022,RS,13,117,1,P008847   ,0.0,0.0,VIR,25,"MICKEY, JORDAN",15:45,5,2,6,0,2,1,1,0,4,4,0,0,0,1,1,1,2,4,4.0
2022,RS,13,117,1,P006592   ,1.0,1.0,VIR,34,"WEEMS, KYLE",26:34,16,5,5,2,3,0,0,1,2,3,2,1,0,0,0,3,0,18,7.0
2022,RS,13,117,1,PJDR      ,0.0,1.0,VIR,44,"TEODOSIC, MILOS",20:47,11,0,0,3,6,2,3,0,4,4,9,0,5,0,0,3,2,14,7.0
2022,RS,13,117,1,Team,0.0,0.0,VIR,,Team,,0,0,0,0,0,0,0,0,0,0,0,0,0,0,0,0,0,0,
2022,RS,13,117,1,Total,,,VIR,,Total,200:00,85,25,42,7,18,14,19,5,25,30,26,4,13,6,1,23,18,99,
2022,RS,13,117,0,P007032   ,0.0,1.0,BER,0,"LO, MAODO",18:29,4,2,4,0,5,0,0,0,0,0,1,0,3,0,0,4,1,-8,-4.0
2022,RS,13,117,0,P008384   ,0.0,0.0,BER,1,"PROCIDA, GABRIELE",07:58,5,1,2,1,1,0,0,0,2,2,0,1,0,0,0,0,0,7,-1.0
2022,RS,13,117,0,P011192   ,1.0,1.0,BER,3,"SMITH, JALEEN",22:14,12,1,2,2,4,4,4,3,2,5,2,1,1,0,0,0,4,20,-9.0
2022,RS,13,117,0,P008211   ,0.0,1.0,BER,6,"DELOW, MALTE",10:35,3,0,0,1,3,0,0,0,0,0,1,0,1,0,0,4,0,-3,-2.0
2022,RS,13,117,0,P006251   ,0.0,0.0,BER,10,"SCHNEIDER, TIM",DNP,0,0,0,0,0,0,0,0,0,0,0,0,0,0,0,0,0,0,0.0
2022,RS,13,117,0,P006919   ,1.0,1.0,BER,19,"OLINDE, LOUIS",21:42,13,3,5,1,2,4,6,0,4,4,0,1,1,0,1,3,4,12,-12.0
2022,RS,13,117,0,P010791   ,1.0,0.0,BER,21,"KOUMADJE, CHRIST",18:47,11,5,5,0,0,1,4,3,3,6,0,0,0,0,0,1,3,16,-6.0
2022,RS,13,117,0,P003958   ,0.0,0.0,BER,32,"THIEMANN, JOHANNES",14:52,4,1,5,0,0,2,3,5,2,7,1,1,2,0,2,1,4,7,-10.0
2022,RS,13,117,0,P006589   ,1.0,0.0,BER,43,"SIKMA, LUKE",25:54,14,4,6,1,1,3,4,2,6,8,7,0,4,0,1,2,5,24,8.0
2022,RS,13,117,0,P010385   ,0.0,0.0,BER,44,"LAMMERS, BEN",15:58,4,2,6,0,0,0,0,1,0,1,2,2,0,1,1,2,1,4,-7.0
2022,RS,13,117,0,P011193   ,1.0,0.0,BER,45,"BLATT, TAMIR",21:24,0,0,1,0,9,0,0,0,0,0,4,1,1,0,1,0,0,-7,-5.0
2022,RS,13,117,0,P006625   ,0.0,1.0,BER,50,"ZOOSMAN, YOVEL",22:07,6,2,3,0,2,2,2,0,4,4,2,1,1,0,0,2,1,8,3.0
2022,RS,13,117,0,Team,0.0,0.0,BER,,Team,,0,0,0,0,0,0,0,2,1,3,0,0,1,0,0,0,0,2,
2022,RS,13,117,0,Total,,,BER,,Total,200:00,76,21,39,6,27,16,23,16,24,40,20,8,15,1,6,19,23,82,
2022,RS,14,118,1,P004267   ,0.0,0.0,RED,0,"HOLLAND, JOHN",06:39,2,0,1,0,1,2,2,0,1,1,0,0,0,0,0,1,2,2,3.0
2022,RS,14,118,1,P007947   ,1.0,1.0,RED,1,"VILDOZA, LUCA",27:11,16,2,5,3,6,3,3,0,1,1,6,1,4,0,1,2,3,14,-6.0
2022,RS,14,118,1,P004720   ,0.0,1.0,RED,2,"LAZAREVIC, STEFAN",13:48,0,0,0,0,0,0,0,1,1,2,0,1,1,0,0,2,0,0,-5.0
2022,RS,14,118,1,P002553   ,0.0,0.0,RED,9,"MITROVIC, LUKA",17:44,2,1,2,0,0,0,0,1,1,2,3,0,3,0,0,4,0,-1,-15.0
2022,RS,14,118,1,PLUO      ,1.0,1.0,RED,10,"LAZIC, BRANKO",20:43,5,1,1,1,1,0,0,0,1,1,0,0,0,0,0,2,2,6,7.0
2022,RS,14,118,1,P004007   ,1.0,0.0,RED,13,"DOBRIC, OGNJEN",25:28,5,1,4,1,3,0,0,2,2,4,4,0,0,0,0,0,4,12,12.0
2022,RS,14,118,1,PJDU      ,0.0,0.0,RED,15,"RADULJICA, MIROSLAV",04:21,0,0,0,0,0,0,0,0,0,0,0,0,0,0,0,2,0,-2,5.0
2022,RS,14,118,1,P000848   ,0.0,1.0,RED,26,"NEDOVIC, NEMANJA",18:30,12,3,4,1,9,3,3,1,0,1,3,0,1,0,0,1,5,10,-6.0
2022,RS,14,118,1,PLME      ,0.0,0.0,RED,27,"MARKOVIC, STEFAN",15:09,0,0,0,0,0,0,0,0,2,2,1,0,0,0,0,1,0,2,-10.0
2022,RS,14,118,1,P003479   ,1.0,0.0,RED,32,"KUZMIC, OGNJEN",02:39,0,0,0,0,0,0,0,1,1,2,0,0,0,0,0,1,0,1,0.0
2022,RS,14,118,1,P011194   ,0.0,1.0,RED,33,"PETRUSEV, FILIP",29:22,20,6,8,1,3,5,6,1,10,11,0,1,1,1,0,2,3,28,-2.0
2022,RS,14,118,1,P009818   ,1.0,0.0,RED,50,"BENTIL, BENJAMIN",18:26,5,0,2,1,5,2,5,0,0,0,0,1,1,0,0,2,3,-3,-3.0
2022,RS,14,118,1,Team,0.0,0.0,RED,,Team,,0,0,0,0,0,0,0,1,5,6,0,0,0,0,0,0,0,6,
2022,RS,14,118,1,Total,,,RED,,Total,200:00,67,14,27,8,28,15,19,8,25,33,17,4,11,1,1,20,22,75,
2022,RS,14,118,0,P007870   ,1.0,1.0,MIL,0,"DAVIES, BRANDON",31:27,15,5,8,1,3,2,2,1,5,6,7,2,1,0,0,4,10,30,11.0
2022,RS,14,118,0,P012080   ,1.0,0.0,MIL,2,"LUWAWU-CABARROT, TIMOTHE",24:58,5,1,4,1,1,0,0,0,2,2,1,1,2,0,1,5,2,0,0.0
2022,RS,14,118,0,P011965   ,0.0,1.0,MIL,3,"MITROU-LONG, NAZ",17:51,5,0,2,1,6,2,2,0,1,1,1,0,2,0,0,1,2,-1,10.0
2022,RS,14,118,0,P006509   ,0.0,0.0,MIL,7,"TONUT, STEFANO",DNP,0,0,0,0,0,0,0,0,0,0,0,0,0,0,0,0,0,0,0.0
2022,RS,14,118,0,P002849   ,1.0,1.0,MIL,9,"MELLI, NICOLO",28:49,5,1,2,1,8,0,0,3,3,6,1,3,1,0,0,4,2,4,-4.0
2022,RS,14,118,0,P005775   ,1.0,1.0,MIL,12,"BARON, BILLY",31:36,19,1,1,5,10,2,4,0,2,2,2,0,1,0,0,0,2,17,-2.0
2022,RS,14,118,0,P001518   ,0.0,0.0,MIL,17,"RICCI, GIAMPAOLO",14:27,5,1,2,1,2,0,0,1,2,3,0,1,1,0,0,2,0,4,6.0
2022,RS,14,118,0,P009903   ,0.0,0.0,MIL,19,"BILIGHA, PAUL",DNP,0,0,0,0,0,0,0,0,0,0,0,0,0,0,0,0,0,0,0.0
2022,RS,14,118,0,P011205   ,1.0,1.0,MIL,22,"HALL, DEVON",31:08,11,2,3,2,3,1,2,0,2,2,2,1,2,0,0,2,1,10,-2.0
2022,RS,14,118,0,P006707   ,0.0,0.0,MIL,25,"BALDASSO, TOMMASO",DNP,0,0,0,0,0,0,0,0,0,0,0,0,0,0,0,0,0,0,0.0
2022,RS,14,118,0,P002812   ,0.0,0.0,MIL,42,"HINES, KYLE",16:00,6,2,3,0,0,2,2,2,3,5,1,0,1,1,0,5,1,7,4.0
2022,RS,14,118,0,P007201   ,0.0,0.0,MIL,77,"VOIGTMANN, JOHANNES",03:44,0,0,0,0,1,0,0,0,2,2,1,0,0,0,0,0,0,2,-3.0
2022,RS,14,118,0,Team,0.0,0.0,MIL,,Team,,0,0,0,0,0,0,0,3,3,6,0,0,0,0,0,0,0,6,
2022,RS,14,118,0,Total,,,MIL,,Total,200:00,71,13,25,12,34,9,12,10,25,35,16,8,11,1,1,23,20,79,
2022,RS,14,119,1,P011218   ,1.0,1.0,ZAL,2,"EVANS, KEENAN",31:25,20,4,6,2,5,6,7,2,3,5,2,0,1,0,0,2,7,25,13.0
2022,RS,14,119,1,P007513   ,1.0,0.0,ZAL,3,"GIEDRAITIS, DOVYDAS",09:23,2,1,1,0,0,0,0,0,0,0,1,0,0,0,0,2,0,1,-2.0
2022,RS,14,119,1,P010390   ,1.0,0.0,ZAL,8,"HAYES, KEVARRIUS",19:41,1,0,4,0,0,1,2,1,4,5,0,3,1,2,0,2,1,4,15.0
2022,RS,14,119,1,PJBX      ,0.0,0.0,ZAL,9,"KALNIETIS, MANTAS",DNP,0,0,0,0,0,0,0,0,0,0,0,0,0,0,0,0,0,0,0.0
2022,RS,14,119,1,P007109   ,1.0,0.0,ZAL,10,"SMITS, ROLANDS",23:48,7,2,5,1,3,0,0,2,3,5,0,0,0,1,2,2,1,5,-4.0
2022,RS,14,119,1,P010185   ,0.0,1.0,ZAL,14,"KRIVAS, MOTIEJUS",00:10,0,0,0,0,0,0,0,0,0,0,0,0,0,0,0,0,0,0,-1.0
2022,RS,14,119,1,P005504   ,0.0,0.0,ZAL,15,"BIRUTIS, LAURYNAS",17:36,4,2,5,0,0,0,0,3,4,7,1,0,1,1,2,1,0,6,-3.0
2022,RS,14,119,1,P006158   ,0.0,0.0,ZAL,16,"LUKOSIUNAS, KAROLIS",09:12,0,0,0,0,1,0,0,0,1,1,2,0,0,0,0,1,0,1,5.0
2022,RS,14,119,1,P003211   ,0.0,0.0,ZAL,33,"DIMSA, TOMAS",10:57,3,0,2,1,3,0,0,0,0,0,1,0,0,0,1,1,0,-2,-11.0
2022,RS,14,119,1,P009601   ,0.0,1.0,ZAL,34,"CAVANAUGH, TYLER",18:45,15,2,6,3,7,2,2,0,5,5,1,1,0,0,1,0,2,15,11.0
2022,RS,14,119,1,P002676   ,0.0,1.0,ZAL,51,"BUTKEVICIUS, ARNAS",28:08,10,1,2,1,2,5,6,4,3,7,2,1,0,0,0,2,4,19,19.0
2022,RS,14,119,1,P002329   ,1.0,1.0,ZAL,92,"ULANOVAS, EDGARAS",30:55,19,3,10,3,6,4,4,2,2,4,2,0,2,0,1,3,4,13,3.0
2022,RS,14,119,1,Team,0.0,0.0,ZAL,,Team,,0,0,0,0,0,0,0,1,1,2,0,0,0,0,0,0,0,2,
2022,RS,14,119,1,Total,,,ZAL,,Total,200:00,81,15,41,11,27,18,21,15,26,41,12,5,5,4,7,16,19,89,
2022,RS,14,119,0,P007982   ,1.0,0.0,MAD,0,"WILLIAMS-GOSS, NIGEL",17:21,4,2,3,0,2,0,0,1,1,2,4,1,0,0,0,4,1,5,0.0
2022,RS,14,119,0,P001392   ,0.0,0.0,MAD,1,"CAUSEUR, FABIEN",DNP,0,0,0,0,0,0,0,0,0,0,0,0,0,0,0,0,0,0,0.0
2022,RS,14,119,0,P003733   ,0.0,0.0,MAD,6,"ABALDE, ALBERTO",17:12,1,0,0,0,0,1,3,0,1,1,1,0,1,0,0,2,1,-1,-11.0
2022,RS,14,119,0,P003108   ,1.0,1.0,MAD,11,"HEZONJA, MARIO",27:24,17,3,4,3,6,2,2,0,4,4,2,0,3,0,1,2,2,15,3.0
2022,RS,14,119,0,PCVM      ,0.0,0.0,MAD,13,"RODRIGUEZ, SERGIO",07:40,2,1,1,0,0,0,0,0,1,1,1,1,0,0,0,1,0,4,-5.0
2022,RS,14,119,0,P004887   ,0.0,0.0,MAD,17,"POIRIER, VINCENT",15:59,6,3,5,0,0,0,0,0,2,2,2,0,2,3,0,1,0,8,-6.0
2022,RS,14,119,0,P004790   ,1.0,0.0,MAD,21,"CORNELIE, PETR",18:26,5,1,1,1,3,0,0,0,5,5,0,0,1,0,0,2,1,6,5.0
2022,RS,14,119,0,P005791   ,1.0,1.0,MAD,22,"TAVARES, WALTER",24:01,8,2,8,0,0,4,4,5,2,7,1,1,2,4,2,1,2,12,-3.0
2022,RS,14,119,0,PTGB      ,0.0,1.0,MAD,23,"LLULL, SERGIO",19:37,3,0,1,1,7,0,0,0,3,3,5,0,0,0,0,0,1,5,-9.0
2022,RS,14,119,0,P010357   ,0.0,1.0,MAD,28,"YABUSELE, GUERSCHON",20:56,4,2,2,0,2,0,0,0,6,6,0,0,1,0,0,2,1,6,-14.0
2022,RS,14,119,0,P009213   ,0.0,0.0,MAD,30,"NDIAYE, ELI",00:17,0,0,0,0,0,0,0,0,0,0,0,0,0,0,0,0,0,0,-3.0
2022,RS,14,119,0,P006540   ,1.0,1.0,MAD,31,"MUSA, DZANAN",31:07,22,5,10,3,8,3,6,1,3,4,2,0,1,0,1,4,7,16,-2.0
2022,RS,14,119,0,Team,0.0,0.0,MAD,,Team,,0,0,0,0,0,0,0,3,0,3,0,0,0,0,0,0,0,3,
2022,RS,14,119,0,Total,,,MAD,,Total,200:00,72,19,35,8,28,10,15,10,28,38,18,3,11,7,4,19,16,79,
2022,RS,14,120,1,P011936   ,1.0,0.0,ASV,0,"MATHEWS, JONAH",30:30,14,4,7,2,4,0,0,0,0,0,4,1,0,0,2,3,2,11,-3.0
2022,RS,14,120,1,P006068   ,0.0,0.0,ASV,2,"NOUA, AMINE",16:16,13,2,2,3,5,0,0,0,2,2,0,0,1,0,0,0,0,12,9.0
2022,RS,14,120,1,PKIR      ,1.0,1.0,ASV,5,"KAHUDI, CHARLES",22:19,14,3,4,2,4,2,2,1,4,5,1,0,0,0,1,1,3,18,0.0
2022,RS,14,120,1,PTFK      ,0.0,0.0,ASV,8,"DIOT, ANTOINE",12:28,6,0,1,2,4,0,0,0,0,0,2,1,0,0,0,2,1,5,-1.0
2022,RS,14,120,1,P004119   ,0.0,1.0,ASV,9,"TYUS, ALEX",14:11,0,0,1,0,1,0,0,1,4,5,0,0,1,0,0,1,0,1,5.0
2022,RS,14,120,1,P010718   ,0.0,0.0,ASV,10,"RISACHER, ZACCHARIE",DNP,0,0,0,0,0,0,0,0,0,0,0,0,0,0,0,0,0,0,0.0
2022,RS,14,120,1,P002100   ,1.0,0.0,ASV,12,"DE COLO, NANDO",27:11,13,4,7,1,2,2,3,0,1,1,4,4,1,0,1,2,4,17,2.0
2022,RS,14,120,1,P006568   ,1.0,1.0,ASV,19,"FALL, YOUSSOUPHA",23:36,2,1,3,0,0,0,0,0,2,2,0,1,2,0,0,1,0,0,-2.0
2022,RS,14,120,1,P003526   ,0.0,1.0,ASV,23,"LIGHTY, DAVID",23:31,9,2,5,1,1,2,4,1,0,1,5,1,2,0,0,2,2,9,4.0
2022,RS,14,120,1,P011938   ,1.0,1.0,ASV,32,"OBASOHAN, RETIN",17:09,2,1,2,0,0,0,0,0,1,1,2,0,1,0,0,1,2,4,-5.0
2022,RS,14,120,1,P011939   ,0.0,0.0,ASV,33,"JACKSON-CARTWRIGHT, PARKER",08:50,4,1,2,0,0,2,2,0,1,1,1,1,0,0,0,1,1,6,8.0
2022,RS,14,120,1,P006832   ,0.0,0.0,ASV,35,"PONS, YVES",03:59,0,0,0,0,0,0,0,0,1,1,0,0,1,0,0,1,0,-1,-7.0
2022,RS,14,120,1,Team,0.0,0.0,ASV,,Team,,0,0,0,0,0,0,0,2,0,2,0,0,1,0,0,0,0,1,
2022,RS,14,120,1,Total,,,ASV,,Total,200:00,77,18,34,11,21,8,11,5,16,21,19,9,10,0,4,15,15,83,
2022,RS,14,120,0,P008855   ,1.0,1.0,OLY,0,"WALKUP, THOMAS",24:38,7,2,5,1,4,0,0,1,2,3,4,0,2,0,0,2,2,6,2.0
2022,RS,14,120,0,P010612   ,1.0,0.0,OLY,3,"CANAAN, ISAIAH",18:44,14,0,2,4,6,2,3,1,0,1,0,0,1,0,0,1,2,10,3.0
2022,RS,14,120,0,P006302   ,0.0,0.0,OLY,4,"LOUNTZIS, MICHALIS",DNP,0,0,0,0,0,0,0,0,0,0,0,0,0,0,0,0,0,0,0.0
2022,RS,14,120,0,P010392   ,0.0,1.0,OLY,5,"LARENTZAKIS, GIANNOULIS",20:00,10,2,3,2,7,0,0,1,0,1,2,0,1,0,0,1,3,8,-7.0
2022,RS,14,120,0,P012023   ,0.0,0.0,OLY,9,"PAPAS, GEORGE",DNP,0,0,0,0,0,0,0,0,0,0,0,0,0,0,0,0,0,0,0.0
2022,RS,14,120,0,P008811   ,1.0,1.0,OLY,10,"FALL, MOUSTAPHA",22:58,4,2,2,0,0,0,0,2,5,7,2,0,2,2,0,4,1,10,-1.0
2022,RS,14,120,0,P001926   ,0.0,0.0,OLY,11,"SLOUKAS, KOSTAS",28:12,13,2,6,2,2,3,3,0,1,1,5,0,3,0,0,1,4,15,5.0
2022,RS,14,120,0,P003469   ,1.0,1.0,OLY,14,"VEZENKOV, SASHA",31:24,16,6,6,1,2,1,1,2,4,6,2,0,0,0,0,2,1,22,-7.0
2022,RS,14,120,0,P001255   ,1.0,1.0,OLY,16,"PAPANIKOLAOU, KOSTAS",22:54,4,2,2,0,3,0,0,0,1,1,3,0,1,0,0,1,0,3,-9.0
2022,RS,14,120,0,P009035   ,0.0,0.0,OLY,21,"BOLOMBOY, JOEL",16:59,7,3,3,0,0,1,2,2,5,7,1,0,0,2,0,2,2,16,-1.0
2022,RS,14,120,0,P008829   ,0.0,0.0,OLY,25,"PETERS, ALEC",08:36,0,0,3,0,1,0,0,1,2,3,0,0,0,0,0,1,0,-2,5.0
2022,RS,14,120,0,P007853   ,0.0,0.0,OLY,77,"MCKISSIC, SHAQUIELLE",05:35,0,0,0,0,1,0,0,0,0,0,0,0,2,0,0,0,0,-3,0.0
2022,RS,14,120,0,Team,0.0,0.0,OLY,,Team,,0,0,0,0,0,0,0,2,0,2,0,0,2,0,0,0,0,0,
2022,RS,14,120,0,Total,,,OLY,,Total,200:00,75,19,32,10,26,7,9,12,20,32,19,0,14,4,0,15,15,85,
2022,RS,14,121,1,P010391   ,1.0,1.0,MUN,0,"WEILER-BABB, NICK",27:04,8,1,3,2,3,0,0,2,2,4,0,0,1,0,1,2,0,5,3.0
2022,RS,14,121,1,P009866   ,0.0,1.0,MUN,2,"WALDEN, COREY",17:17,18,0,0,4,6,6,9,1,2,3,5,1,3,0,0,4,6,21,4.0
2022,RS,14,121,1,P011940   ,0.0,0.0,MUN,5,"WINSTON, CASSIUS",12:37,6,2,5,0,6,2,2,1,2,3,5,1,0,0,0,4,1,3,3.0
2022,RS,14,121,1,P001557   ,0.0,0.0,MUN,7,"GIFFEY, NIELS",14:30,8,1,3,2,4,0,0,0,1,1,0,0,0,0,0,3,0,2,2.0
2022,RS,14,121,1,P005160   ,1.0,1.0,MUN,8,"HUNTER, OTHELLO",27:09,13,3,5,2,5,1,3,0,6,6,2,0,0,0,0,2,3,15,5.0
2022,RS,14,121,1,P006760   ,1.0,1.0,MUN,9,"BONGA, ISAAC",27:23,14,2,4,2,3,4,4,1,3,4,0,2,0,0,0,2,3,18,1.0
2022,RS,14,121,1,P004058   ,0.0,1.0,MUN,10,"JARAMAZ, OGNJEN",15:56,6,0,0,1,2,3,4,0,0,0,3,1,1,0,0,2,5,10,-6.0
2022,RS,14,121,1,P004508   ,1.0,0.0,MUN,13,"OBST, ANDREAS",19:47,10,2,2,2,5,0,0,1,1,2,3,2,2,0,0,4,1,9,20.0
2022,RS,14,121,1,P005056   ,0.0,0.0,MUN,16,"ZIPSER, PAUL",04:54,4,0,0,1,2,1,2,0,1,1,0,0,2,0,0,1,1,1,-7.0
2022,RS,14,121,1,P005478   ,0.0,0.0,MUN,17,"WIMBERG, NIKLAS",DNP,0,0,0,0,0,0,0,0,0,0,0,0,0,0,0,0,0,0,0.0
2022,RS,14,121,1,P005460   ,1.0,0.0,MUN,20,"HARRIS, ELIAS",18:56,6,3,6,0,0,0,0,1,0,1,1,0,1,0,0,4,4,4,-1.0
2022,RS,14,121,1,P011941   ,0.0,0.0,MUN,33,"GILLESPIE, FREDDIE",14:27,4,2,3,0,0,0,0,6,2,8,2,0,1,1,0,0,3,16,1.0
2022,RS,14,121,1,Team,0.0,0.0,MUN,,Team,,0,0,0,0,0,0,0,3,2,5,0,0,3,0,0,0,0,2,
2022,RS,14,121,1,Total,,,MUN,,Total,200:00,97,16,31,16,36,17,24,16,22,38,21,7,14,1,1,28,27,106,
2022,RS,14,121,0,P011970   ,1.0,0.0,PAM,0,"HARPER, JARED",27:55,15,1,3,2,5,7,7,0,3,3,8,1,3,0,0,5,7,21,-2.0
2022,RS,14,121,0,P000556   ,0.0,0.0,PAM,1,"CLAVER, VICTOR",17:36,2,0,1,0,1,2,2,0,2,2,0,0,0,0,0,0,1,3,-11.0
2022,RS,14,121,0,P006643   ,1.0,0.0,PAM,2,"PUERTO, JOSEP",11:23,3,0,1,1,2,0,0,0,2,2,0,0,0,0,0,1,0,2,-2.0
2022,RS,14,121,0,P002661   ,1.0,1.0,PAM,3,"PREPELIC, KLEMEN",21:49,6,0,1,1,5,3,3,0,0,0,5,1,2,1,0,3,3,6,0.0
2022,RS,14,121,0,P010393   ,0.0,1.0,PAM,4,"PRADILLA, JAIME",16:19,7,1,1,1,1,2,2,0,2,2,0,0,0,0,0,2,5,12,-1.0
2022,RS,14,121,0,P011971   ,0.0,0.0,PAM,5,"WEBB III, JAMES",11:54,5,1,2,1,2,0,0,1,2,3,1,0,1,0,0,4,1,3,3.0
2022,RS,14,121,0,P005356   ,0.0,1.0,PAM,6,"LOPEZ-AROSTEGUI, XABI",18:29,3,1,3,0,2,1,1,0,0,0,0,0,3,0,0,2,1,-5,-5.0
2022,RS,14,121,0,P009101   ,0.0,0.0,PAM,8,"FERRANDO, GUILLEM",07:59,1,0,0,0,1,1,2,0,0,0,3,0,1,0,0,1,1,1,-7.0
2022,RS,14,121,0,P011972   ,0.0,1.0,PAM,12,"RADEBAUGH, JONAH",07:37,2,1,3,0,2,0,0,0,1,1,1,0,1,0,0,4,1,-4,8.0
2022,RS,14,121,0,P002742   ,0.0,0.0,PAM,14,"DUBLJEVIC, BOJAN",21:23,28,4,6,5,6,5,6,0,4,4,1,0,3,0,0,2,4,28,2.0
2022,RS,14,121,0,P011973   ,1.0,1.0,PAM,21,"ALEXANDER, KYLE",18:10,11,5,6,0,0,1,1,4,2,6,1,0,0,0,0,2,1,16,-7.0
2022,RS,14,121,0,P011214   ,1.0,0.0,PAM,41,"RIVERO, JASIEL",19:26,9,2,5,0,0,5,6,2,4,6,0,2,1,0,1,1,3,13,-3.0
2022,RS,14,121,0,Team,0.0,0.0,PAM,,Team,,0,0,0,0,0,0,0,3,1,4,0,0,0,0,0,0,0,4,
2022,RS,14,121,0,Total,,,PAM,,Total,200:00,92,16,32,11,27,27,30,10,23,33,20,4,15,1,1,27,28,100,
2022,RS,14,122,1,P003091   ,1.0,0.0,ULK,1,"BIRSEN, METECAN",08:52,2,1,2,0,2,0,0,1,1,2,0,0,1,0,0,3,0,-3,-3.0
2022,RS,14,122,1,P011201   ,0.0,0.0,ULK,2,"HAZER, SEHMUS",DNP,0,0,0,0,0,0,0,0,0,0,0,0,0,0,0,0,0,0,0.0
2022,RS,14,122,1,P011987   ,0.0,1.0,ULK,4,"EDWARDS, CARSEN",16:18,10,2,3,2,5,0,0,0,1,1,1,0,0,1,0,1,1,9,-3.0
2022,RS,14,122,1,P004056   ,0.0,0.0,ULK,5,"AKPINAR, ISMET",03:20,0,0,0,0,0,0,0,0,0,0,0,0,1,0,0,2,1,-2,-6.0
2022,RS,14,122,1,P007122   ,0.0,0.0,ULK,9,"GEYIK, SAMET",DNP,0,0,0,0,0,0,0,0,0,0,0,0,0,0,0,0,0,0,0.0
2022,RS,14,122,1,P002969   ,0.0,1.0,ULK,10,"MAHMUTOGLU, MELIH",21:28,11,2,4,2,6,1,1,0,0,0,0,0,0,0,0,2,0,3,10.0
2022,RS,14,122,1,P008962   ,1.0,1.0,ULK,11,"HAYES-DAVIS, NIGEL",26:30,0,0,5,0,1,0,0,1,4,5,2,0,1,0,0,1,0,-1,-4.0
2022,RS,14,122,1,P010560   ,0.0,1.0,ULK,21,"PIERRE, DYSHAWN",19:52,10,2,3,1,2,3,5,1,2,3,1,1,0,0,0,0,6,17,-9.0
2022,RS,14,122,1,P009733   ,1.0,0.0,ULK,22,"JEKIRI, TONYE",28:55,12,5,9,0,0,2,5,4,5,9,5,1,1,0,0,2,5,22,-3.0
2022,RS,14,122,1,P004004   ,1.0,0.0,ULK,23,"GUDURIC, MARKO",30:01,14,2,3,3,7,1,2,0,2,2,3,1,2,0,0,5,4,11,-3.0
2022,RS,14,122,1,P007056   ,0.0,0.0,ULK,31,"BOOKER, DEVIN",09:34,0,0,3,0,1,0,0,0,0,0,0,0,0,0,0,0,0,-4,-11.0
2022,RS,14,122,1,P001932   ,1.0,1.0,ULK,33,"CALATHES, NICK",35:10,11,2,5,2,6,1,2,2,11,13,4,2,4,0,0,4,4,18,2.0
2022,RS,14,122,1,Team,0.0,0.0,ULK,,Team,,0,0,0,0,0,0,0,2,3,5,0,0,1,0,0,0,0,4,
2022,RS,14,122,1,Total,,,ULK,,Total,200:00,70,16,37,10,30,8,15,11,29,40,16,5,11,1,0,20,21,74,
2022,RS,14,122,0,P011948   ,0.0,0.0,BAS,0,"HOWARD, MARKUS",22:05,15,2,4,3,7,2,2,0,3,3,1,1,3,0,0,1,3,13,1.0
2022,RS,14,122,0,P008850   ,0.0,0.0,BAS,2,"RAIESTE, SANDER",DNP,0,0,0,0,0,0,0,0,0,0,0,0,0,0,0,0,0,0,0.0
2022,RS,14,122,0,P006754   ,0.0,1.0,BAS,7,"HENRY, PIERRIA",26:03,13,5,14,1,4,0,0,1,5,6,4,0,1,0,0,2,1,9,4.0
2022,RS,14,122,0,P007230   ,0.0,1.0,BAS,8,"SEDEKERSKIS, TADAS",22:08,8,3,4,0,0,2,3,2,5,7,3,0,0,0,0,1,2,17,4.0
2022,RS,14,122,0,P004761   ,1.0,0.0,BAS,9,"MARINKOVIC, VANJA",19:42,5,1,2,1,2,0,0,0,2,2,3,0,1,0,0,0,3,10,2.0
2022,RS,14,122,0,P011078   ,1.0,1.0,BAS,13,"THOMPSON, DARIUS",27:39,4,2,7,0,2,0,1,0,2,2,9,3,3,0,1,4,3,5,3.0
2022,RS,14,122,0,P004603   ,0.0,0.0,BAS,21,"KOTSAR, MAIK",21:02,10,4,4,0,0,2,2,2,3,5,1,2,0,0,0,4,1,15,15.0
2022,RS,14,122,0,P011239   ,1.0,0.0,BAS,23,"ENOCH, STEVEN",14:43,9,3,6,0,0,3,6,2,5,7,0,0,1,0,0,3,3,9,-8.0
2022,RS,14,122,0,P010444   ,0.0,1.0,BAS,24,"COSTELLO, MATTHEW",25:26,10,1,4,2,3,2,2,3,6,9,0,0,1,0,0,4,1,11,14.0
2022,RS,14,122,0,P006436   ,1.0,0.0,BAS,31,"GIEDRAITIS, ROKAS",14:36,0,0,0,0,3,0,0,0,0,0,1,0,0,0,0,0,2,0,0.0
2022,RS,14,122,0,P011949   ,1.0,1.0,BAS,34,"HOMMES, DAULTON",06:36,2,0,0,0,0,2,2,0,1,1,0,0,0,0,0,3,1,1,-5.0
2022,RS,14,122,0,P007265   ,0.0,0.0,BAS,47,"KURUCS, ARTURS",DNP,0,0,0,0,0,0,0,0,0,0,0,0,0,0,0,0,0,0,0.0
2022,RS,14,122,0,Team,0.0,0.0,BAS,,Team,,0,0,0,0,0,0,0,2,0,2,0,0,0,0,0,0,0,2,
2022,RS,14,122,0,Total,,,BAS,,Total,200:00,76,21,45,7,21,13,18,12,32,44,22,6,10,0,1,22,20,92,
2022,RS,14,123,1,P010588   ,1.0,0.0,MCO,0,"BROWN, JOHN",18:44,5,1,6,1,1,0,0,4,2,6,3,1,1,0,0,5,2,6,-7.0
2022,RS,14,123,1,P011212   ,0.0,1.0,MCO,0,"OKOBO, ELIE",29:04,11,1,1,2,4,3,4,0,2,2,5,1,0,0,0,1,3,18,10.0
2022,RS,14,123,1,P011231   ,0.0,1.0,MCO,4,"BLOSSOMGAME, JARON",26:08,16,2,2,4,7,0,0,1,2,3,1,0,0,0,0,3,0,14,5.0
2022,RS,14,123,1,P011935   ,0.0,0.0,MCO,5,"MAKOUNDOU, YOAN",DNP,0,0,0,0,0,0,0,0,0,0,0,0,0,0,0,0,0,0,0.0
2022,RS,14,123,1,P012017   ,0.0,0.0,MCO,6,"COUTURE, AMBROISE",DNP,0,0,0,0,0,0,0,0,0,0,0,0,0,0,0,0,0,0,0.0
2022,RS,14,123,1,P011226   ,1.0,1.0,MCO,11,"DIALLO, ALPHA",25:24,20,4,5,3,9,3,4,0,0,0,4,1,4,0,0,2,2,13,2.0
2022,RS,14,123,1,P001833   ,0.0,0.0,MCO,18,"MOERMAN, ADRIEN",14:44,3,0,0,1,5,0,0,0,3,3,1,0,0,0,1,2,0,0,8.0
2022,RS,14,123,1,PLCZ      ,1.0,0.0,MCO,20,"MOTIEJUNAS, DONATAS",19:56,10,4,5,0,1,2,6,3,4,7,1,0,2,0,0,1,4,13,0.0
2022,RS,14,123,1,P004197   ,1.0,0.0,MCO,24,"OUATTARA, YAKUBA",12:30,5,0,0,1,3,2,5,0,0,0,1,0,1,0,0,1,2,1,-9.0
2022,RS,14,123,1,P008099   ,0.0,0.0,MCO,32,"STRAZEL, MATTHEW",10:35,4,0,1,0,0,4,5,0,0,0,1,0,2,0,0,1,3,3,0.0
2022,RS,14,123,1,P011196   ,0.0,1.0,MCO,45,"HALL, DONTA",11:08,10,5,8,0,0,0,0,5,3,8,1,0,1,1,0,4,1,13,6.0
2022,RS,14,123,1,P005985   ,1.0,1.0,MCO,55,"JAMES, MIKE",31:47,8,3,3,0,2,2,2,0,7,7,7,0,1,0,0,0,3,22,0.0
2022,RS,14,123,1,Team,0.0,0.0,MCO,,Team,,0,0,0,0,0,0,0,2,1,3,0,0,0,0,0,0,0,3,
2022,RS,14,123,1,Total,,,MCO,,Total,200:00,92,20,31,12,32,16,26,15,24,39,25,3,12,1,1,20,20,106,
2022,RS,14,123,0,P007032   ,1.0,1.0,BER,0,"LO, MAODO",27:08,14,3,7,2,6,2,2,0,2,2,5,1,3,0,1,1,4,13,-5.0
2022,RS,14,123,0,P008384   ,0.0,0.0,BER,1,"PROCIDA, GABRIELE",03:02,0,0,0,0,1,0,0,0,0,0,1,0,0,0,0,0,0,0,-8.0
2022,RS,14,123,0,P011192   ,0.0,0.0,BER,3,"SMITH, JALEEN",04:58,0,0,0,0,2,0,0,0,0,0,0,0,0,0,0,1,0,-3,-4.0
2022,RS,14,123,0,P008211   ,0.0,0.0,BER,6,"DELOW, MALTE",15:30,3,0,2,1,2,0,0,2,1,3,0,0,2,0,0,2,1,0,7.0
2022,RS,14,123,0,P007025   ,1.0,0.0,BER,9,"MATTISSECK, JONAS",12:27,3,0,1,1,2,0,0,1,0,1,2,1,0,0,0,0,0,5,5.0
2022,RS,14,123,0,P006251   ,0.0,0.0,BER,10,"SCHNEIDER, TIM",18:27,15,0,1,5,5,0,0,1,2,3,1,0,0,1,0,3,0,16,1.0
2022,RS,14,123,0,P006919   ,1.0,1.0,BER,19,"OLINDE, LOUIS",24:49,7,3,3,0,2,1,1,1,4,5,1,0,0,0,0,1,1,11,8.0
2022,RS,14,123,0,P003958   ,0.0,1.0,BER,32,"THIEMANN, JOHANNES",22:43,14,4,8,0,2,6,8,2,4,6,0,0,1,0,0,3,9,17,-11.0
2022,RS,14,123,0,P006589   ,1.0,0.0,BER,43,"SIKMA, LUKE",16:12,6,3,3,0,2,0,1,0,5,5,1,1,2,0,0,5,3,6,-1.0
2022,RS,14,123,0,P010385   ,1.0,1.0,BER,44,"LAMMERS, BEN",22:38,14,6,10,0,0,2,2,5,1,6,1,2,1,0,0,2,1,17,5.0
2022,RS,14,123,0,P011193   ,0.0,0.0,BER,45,"BLATT, TAMIR",12:52,11,0,0,3,6,2,2,1,0,1,5,0,1,0,0,1,1,13,2.0
2022,RS,14,123,0,P006625   ,0.0,1.0,BER,50,"ZOOSMAN, YOVEL",19:14,2,1,2,0,3,0,0,1,1,2,1,1,0,0,0,1,0,1,-14.0
2022,RS,14,123,0,Team,0.0,0.0,BER,,Team,,0,0,0,0,0,0,0,2,1,3,0,0,0,0,0,0,0,3,
2022,RS,14,123,0,Total,,,BER,,Total,200:00,89,20,37,12,33,13,16,16,21,37,18,6,10,1,1,20,20,99,
2022,RS,14,124,1,P011244   ,0.0,0.0,BAR,1,"DA SILVA, OSCAR",17:51,5,0,0,1,2,2,4,1,2,3,0,0,0,0,0,2,2,5,-2.0
2022,RS,14,124,1,P003204   ,0.0,0.0,BAR,3,"PAULI, ORIOL",DNP,0,0,0,0,0,0,0,0,0,0,0,0,0,0,0,0,0,0,0.0
2022,RS,14,124,1,P000925   ,1.0,1.0,BAR,6,"VESELY, JAN",26:43,15,6,11,0,0,3,3,0,3,3,2,3,0,2,0,2,4,22,5.0
2022,RS,14,124,1,P004866   ,1.0,1.0,BAR,10,"KALINIC, NIKOLA",29:59,10,2,4,2,6,0,0,0,5,5,1,0,1,0,0,0,1,10,15.0
2022,RS,14,124,1,P002939   ,1.0,1.0,BAR,13,"SATORANSKY, TOMAS",27:41,13,5,6,1,2,0,0,0,3,3,6,1,2,0,0,1,1,19,7.0
2022,RS,14,124,1,P006435   ,1.0,0.0,BAR,20,"LAPROVITTOLA, NICOLAS",26:38,9,0,2,3,5,0,0,0,1,1,6,1,5,0,0,2,2,8,13.0
2022,RS,14,124,1,P006450   ,0.0,1.0,BAR,22,"HIGGINS, CORY",19:31,3,0,2,1,2,0,0,1,4,5,3,0,1,0,1,1,3,8,-4.0
2022,RS,14,124,1,P008966   ,0.0,0.0,BAR,23,"TOBEY, MIKE",02:42,0,0,0,0,0,0,0,0,0,0,0,0,0,0,0,5,0,-5,2.0
2022,RS,14,124,1,P005789   ,0.0,0.0,BAR,24,"KURIC, KYLE",03:24,0,0,1,0,1,0,0,0,0,0,1,0,0,0,0,1,1,-1,-3.0
2022,RS,14,124,1,P007519   ,0.0,0.0,BAR,31,"JOKUBAITIS, ROKAS",13:13,3,0,0,1,1,0,2,0,0,0,1,0,1,0,0,3,1,-1,-8.0
2022,RS,14,124,1,P000796   ,1.0,1.0,BAR,33,"MIROTIC, NIKOLA",22:09,14,0,3,4,4,2,3,1,2,3,1,1,2,0,0,2,3,14,8.0
2022,RS,14,124,1,P010641   ,0.0,0.0,BAR,46,"NNAJI, JAMES",10:09,2,1,1,0,0,0,0,0,1,1,1,0,2,1,0,4,0,-1,-3.0
2022,RS,14,124,1,Team,0.0,0.0,BAR,,Team,,0,0,0,0,0,0,0,0,4,4,0,0,1,0,0,0,0,3,
2022,RS,14,124,1,Total,,,BAR,,Total,200:00,74,14,30,13,23,7,12,3,25,28,22,6,15,3,1,23,18,81,
2022,RS,14,124,0,P011209   ,0.0,0.0,PAN,0,"KALAITZAKIS, PANAGIOTIS",02:41,0,0,0,0,0,0,0,0,0,0,0,0,1,0,0,0,0,-1,-3.0
2022,RS,14,124,0,P006555   ,1.0,0.0,PAN,3,"WOLTERS, NATE",23:11,4,1,3,0,2,2,2,0,2,2,3,1,0,1,0,1,3,9,-6.0
2022,RS,14,124,0,P011225   ,0.0,1.0,PAN,5,"LEE, PARIS",32:14,3,0,6,1,4,0,0,0,3,3,4,1,3,0,2,3,1,-5,-5.0
2022,RS,14,124,0,P005844   ,0.0,1.0,PAN,6,"PAPAGIANNIS, GEORGIOS",26:13,13,4,7,1,2,2,4,5,4,9,2,0,1,0,0,3,3,17,4.0
2022,RS,14,124,0,P009006   ,1.0,1.0,PAN,8,"WILLIAMS, DERRICK",23:51,5,1,1,1,3,0,0,0,2,2,0,0,2,0,0,1,1,3,-12.0
2022,RS,14,124,0,P006586   ,1.0,0.0,PAN,16,"KALAITZAKIS, GEORGIOS",07:21,2,1,1,0,1,0,0,0,0,0,0,0,0,0,0,1,1,1,-11.0
2022,RS,14,124,0,P011286   ,1.0,1.0,PAN,24,"BACON, DWAYNE",35:21,19,5,12,0,7,9,10,3,2,5,1,0,0,0,0,2,8,16,-6.0
2022,RS,14,124,0,P004172   ,0.0,1.0,PAN,37,"PONITKA, MATEUSZ",27:14,9,2,4,0,1,5,6,0,9,9,2,3,0,0,1,3,5,20,12.0
2022,RS,14,124,0,P008084   ,0.0,0.0,PAN,72,"MANTZOUKAS, ELEFTHERIOS",08:11,3,0,0,1,2,0,0,0,0,0,1,0,0,0,0,2,0,1,7.0
2022,RS,14,124,0,P003120   ,1.0,0.0,PAN,77,"GUDAITIS, ARTURAS",13:43,10,5,6,0,0,0,0,1,2,3,0,1,2,0,0,2,1,10,-10.0
2022,RS,14,124,0,Team,0.0,0.0,PAN,,Team,,0,0,0,0,0,0,0,4,0,4,0,0,4,0,0,0,0,0,
2022,RS,14,124,0,Total,,,PAN,,Total,200:00,68,19,40,4,22,18,22,13,24,37,13,6,13,1,3,18,23,71,
2022,RS,14,125,1,P009212   ,0.0,0.0,PAR,1,"VUKCEVIC, TRISTAN",07:09,0,0,1,0,1,0,0,0,0,0,0,0,0,0,0,2,0,-4,-7.0
2022,RS,14,125,1,P008987   ,1.0,0.0,PAR,2,"LEDAY, ZACH",26:36,4,2,4,0,2,0,0,0,3,3,3,0,0,0,0,0,3,9,4.0
2022,RS,14,125,1,P003983   ,0.0,0.0,PAR,4,"AVRAMOVIC, ALEKSA",DNP,0,0,0,0,0,0,0,0,0,0,0,0,0,0,0,0,0,0,0.0
2022,RS,14,125,1,P009862   ,0.0,1.0,PAR,7,"PUNTER, KEVIN",30:43,18,6,9,0,2,6,6,0,2,2,4,3,0,0,2,0,6,26,-1.0
2022,RS,14,125,1,P011051   ,1.0,0.0,PAR,9,"SMAILAGIC, ALEN",07:20,7,2,2,1,2,0,0,0,3,3,0,1,1,0,0,3,0,6,0.0
2022,RS,14,125,1,P005161   ,0.0,1.0,PAR,10,"PAPAPETROU, IOANNIS",15:32,2,1,4,0,0,0,0,1,2,3,0,1,1,0,0,3,0,-1,-2.0
2022,RS,14,125,1,P011302   ,1.0,0.0,PAR,11,"EXUM, DANTE",31:07,18,4,4,1,2,7,7,0,2,2,4,0,2,1,0,2,4,24,11.0
2022,RS,14,125,1,P007400   ,1.0,1.0,PAR,21,"NUNNALLY, JAMES",32:58,18,5,6,2,6,2,2,0,4,4,7,1,2,1,0,2,1,23,10.0
2022,RS,14,125,1,P003842   ,0.0,1.0,PAR,26,"LESSORT, MATHIAS",30:25,13,6,6,0,0,1,1,2,3,5,0,1,3,0,0,4,3,15,5.0
2022,RS,14,125,1,P007673   ,1.0,0.0,PAR,32,"TRIFUNOVIC, UROS",09:42,2,1,1,0,2,0,0,1,1,2,0,0,0,0,0,0,1,3,4.0
2022,RS,14,125,1,P000956   ,0.0,0.0,PAR,33,"ANDJUSIC, DANILO",DNP,0,0,0,0,0,0,0,0,0,0,0,0,0,0,0,0,0,0,0.0
2022,RS,14,125,1,P011052   ,0.0,1.0,PAR,41,"MADAR, YAM",08:28,0,0,2,0,1,0,0,0,0,0,1,1,1,0,0,0,0,-2,-9.0
2022,RS,14,125,1,Team,0.0,0.0,PAR,,Team,,0,0,0,0,0,0,0,0,2,2,0,0,0,0,0,0,0,2,
2022,RS,14,125,1,Total,,,PAR,,Total,200:00,82,27,39,4,18,16,16,4,22,26,19,8,10,2,2,16,18,101,
2022,RS,14,125,0,P006590   ,1.0,1.0,IST,1,"BEAUBOIS, RODRIGUE",33:19,30,7,9,5,8,1,1,0,2,2,1,2,2,2,0,2,2,30,-6.0
2022,RS,14,125,0,P009846   ,0.0,1.0,IST,6,"BRYANT, ELIJAH",15:48,0,0,2,0,0,0,0,0,2,2,1,0,1,0,0,2,0,-2,14.0
2022,RS,14,125,0,P010516   ,0.0,0.0,IST,11,"GAZI, ERTEN",DNP,0,0,0,0,0,0,0,0,0,0,0,0,0,0,0,0,0,0,0.0
2022,RS,14,125,0,P004888   ,1.0,1.0,IST,12,"CLYBURN, WILL",35:47,7,1,7,1,7,2,2,1,3,4,2,0,4,0,2,3,2,-6,-10.0
2022,RS,14,125,0,P012068   ,0.0,0.0,IST,13,"TAYLOR, ISAIAH",04:12,0,0,1,0,0,0,0,0,0,0,0,0,0,0,0,1,0,-2,4.0
2022,RS,14,125,0,P005348   ,0.0,0.0,IST,18,"ARNA, EGEHAN",DNP,0,0,0,0,0,0,0,0,0,0,0,0,0,0,0,0,0,0,0.0
2022,RS,14,125,0,PLHK      ,1.0,0.0,IST,21,"PLEISS, TIBOR",10:55,2,1,2,0,0,0,0,3,0,3,1,0,2,0,0,1,0,2,-8.0
2022,RS,14,125,0,P002580   ,1.0,1.0,IST,22,"MICIC, VASILIJE",34:10,14,2,5,2,9,4,4,0,4,4,6,1,2,0,0,4,4,13,-10.0
2022,RS,14,125,0,P007993   ,1.0,1.0,IST,24,"M'BAYE, AMATH",32:17,4,0,1,1,4,1,2,2,5,7,3,1,2,0,0,3,1,6,2.0
2022,RS,14,125,0,P002084   ,0.0,0.0,IST,33,"POLONARA, ACHILLE",04:33,0,0,0,0,0,0,0,0,0,0,0,0,0,0,0,1,0,-1,-6.0
2022,RS,14,125,0,P004554   ,0.0,0.0,IST,41,"ZIZIC, ANTE",28:06,20,6,7,0,0,8,10,5,4,9,1,1,0,0,0,2,7,33,6.0
2022,RS,14,125,0,P003048   ,0.0,0.0,IST,42,"DUNSTON, BRYANT",00:53,2,1,1,0,0,0,0,1,0,1,0,0,0,0,0,0,0,3,-1.0
2022,RS,14,125,0,Team,0.0,0.0,IST,,Team,,0,0,0,0,0,0,0,1,2,3,0,0,0,0,0,0,0,3,
2022,RS,14,125,0,Total,,,IST,,Total,200:00,79,18,35,9,28,16,19,13,22,35,15,5,13,2,2,19,16,79,
2022,RS,14,126,1,P009549   ,1.0,1.0,VIR,0,"CORDINIER, ISAIA",28:31,7,3,5,0,5,1,2,0,6,6,0,1,3,0,0,1,3,5,18.0
2022,RS,14,126,1,P011064   ,0.0,0.0,VIR,1,"MANNION, NICCOLO",DNP,0,0,0,0,0,0,0,0,0,0,0,0,0,0,0,0,0,0,0.0
2022,RS,14,126,1,PBCN      ,0.0,0.0,VIR,3,"BELINELLI, MARCO",DNP,0,0,0,0,0,0,0,0,0,0,0,0,0,0,0,0,0,0,0.0
2022,RS,14,126,1,P006739   ,0.0,0.0,VIR,6,"PAJOLA, ALESSANDRO",12:54,5,1,3,0,0,3,4,1,1,2,0,3,0,0,0,1,2,8,5.0
2022,RS,14,126,1,P004655   ,0.0,0.0,VIR,7,"BAKO, ISMAEL",16:18,5,2,4,0,0,1,1,2,3,5,0,0,0,0,2,2,1,5,-1.0
2022,RS,14,126,1,P002581   ,1.0,0.0,VIR,14,"JAITEH, MAM",22:53,7,2,3,0,0,3,5,3,3,6,0,2,2,0,0,1,4,13,5.0
2022,RS,14,126,1,P010781   ,1.0,1.0,VIR,19,"LUNDBERG, IFFE",17:52,7,1,3,0,2,5,5,0,1,1,1,1,0,0,0,2,4,8,-10.0
2022,RS,14,126,1,P001133   ,1.0,1.0,VIR,21,"SHENGELIA, TORNIKE",28:46,12,2,4,0,0,8,8,0,2,2,1,2,5,1,0,4,6,13,0.0
2022,RS,14,126,1,P001844   ,1.0,1.0,VIR,23,"HACKETT, DANIEL",27:39,15,4,4,1,4,4,5,0,1,1,2,0,1,0,0,3,4,14,-1.0
2022,RS,14,126,1,P008108   ,0.0,0.0,VIR,29,"CAMARA, GORA",DNP,0,0,0,0,0,0,0,0,0,0,0,0,0,0,0,0,0,0,0.0
2022,RS,14,126,1,P006592   ,0.0,0.0,VIR,34,"WEEMS, KYLE",21:42,5,1,5,1,3,0,0,1,1,2,0,0,0,0,2,1,0,-2,-6.0
2022,RS,14,126,1,PJDR      ,0.0,1.0,VIR,44,"TEODOSIC, MILOS",23:25,15,2,5,3,6,2,2,0,2,2,6,1,0,1,0,3,6,22,15.0
2022,RS,14,126,1,Team,0.0,0.0,VIR,,Team,,0,0,0,0,0,0,0,0,4,4,0,0,1,0,0,0,0,3,
2022,RS,14,126,1,Total,,,VIR,,Total,200:00,78,18,36,5,20,27,32,7,24,31,10,10,12,2,4,18,30,89,
2022,RS,14,126,0,P012056   ,1.0,0.0,TEL,3,"ADAMS, JALEN",21:40,9,2,5,1,3,2,2,1,0,1,1,1,3,0,0,4,3,3,-15.0
2022,RS,14,126,0,P009622   ,1.0,0.0,TEL,4,"BROWN, LORENZO",36:12,18,5,8,2,4,2,2,0,4,4,6,0,5,0,0,3,5,20,2.0
2022,RS,14,126,0,P011967   ,0.0,1.0,TEL,6,"MARTIN, JARELL",16:23,6,2,2,0,3,2,2,1,1,2,1,0,2,2,0,4,2,4,-13.0
2022,RS,14,126,0,P004233   ,0.0,0.0,TEL,8,"MENCO, RAFI",03:40,0,0,0,0,1,0,0,0,2,2,0,0,0,0,0,0,0,1,0.0
2022,RS,14,126,0,P011219   ,0.0,0.0,TEL,9,"SORKIN, ROMAN",23:29,7,3,5,0,0,1,1,3,2,5,2,0,0,1,0,1,2,14,-5.0
2022,RS,14,126,0,P007990   ,0.0,1.0,TEL,12,"DIBARTOLOMEO, JOHN",10:47,3,0,1,1,2,0,0,0,1,1,1,0,0,0,0,2,0,1,-9.0
2022,RS,14,126,0,P008989   ,0.0,0.0,TEL,13,"HILLIARD, DARRUN",14:35,2,1,4,0,1,0,0,0,1,1,1,0,1,0,0,3,1,-3,8.0
2022,RS,14,126,0,P005145   ,1.0,0.0,TEL,15,"COHEN, JAKE",14:13,7,2,2,1,3,0,0,0,2,2,0,0,1,0,0,3,1,4,6.0
2022,RS,14,126,0,P009917   ,0.0,1.0,TEL,20,"HOLLINS, AUSTIN",02:53,0,0,1,0,1,0,0,0,0,0,0,0,0,0,0,2,0,-4,-8.0
2022,RS,14,126,0,P011199   ,1.0,1.0,TEL,32,"NEBO, JOSH",25:12,11,5,8,0,0,1,2,4,6,10,1,0,0,1,1,4,2,16,4.0
2022,RS,14,126,0,P011220   ,0.0,1.0,TEL,33,"ZIV, IFTAH",07:09,0,0,0,0,0,0,0,1,1,2,1,0,0,0,0,2,0,1,6.0
2022,RS,14,126,0,P009783   ,1.0,0.0,TEL,50,"COLSON, BONZIE",23:47,10,4,9,0,3,2,2,3,3,6,0,2,1,0,1,2,2,8,-1.0
2022,RS,14,126,0,Team,0.0,0.0,TEL,,Team,,0,0,0,0,0,0,0,0,2,2,0,0,1,0,0,0,0,1,
2022,RS,14,126,0,Total,,,TEL,,Total,200:00,73,24,45,5,21,10,11,13,25,38,14,3,14,4,2,30,18,66,
2022,RS,15,127,1,P003091   ,0.0,0.0,ULK,1,"BIRSEN, METECAN",06:20,2,1,2,0,1,0,0,0,0,0,1,0,0,1,0,0,0,2,-4.0
2022,RS,15,127,1,P011201   ,0.0,0.0,ULK,2,"HAZER, SEHMUS",DNP,0,0,0,0,0,0,0,0,0,0,0,0,0,0,0,0,0,0,0.0
2022,RS,15,127,1,P006661   ,1.0,1.0,ULK,3,"WILBEKIN, SCOTTIE",23:36,14,1,3,4,8,0,0,0,2,2,2,0,3,0,0,4,4,9,-5.0
2022,RS,15,127,1,P011987   ,0.0,0.0,ULK,4,"EDWARDS, CARSEN",11:41,0,0,0,0,2,0,0,0,0,0,1,0,1,0,0,2,0,-4,-11.0
2022,RS,15,127,1,P002969   ,0.0,1.0,ULK,10,"MAHMUTOGLU, MELIH",04:31,3,0,0,1,1,0,0,0,2,2,0,0,0,0,0,3,0,2,7.0
2022,RS,15,127,1,P008962   ,1.0,0.0,ULK,11,"HAYES-DAVIS, NIGEL",33:37,9,2,2,0,1,5,7,0,7,7,3,1,0,0,0,2,7,22,3.0
2022,RS,15,127,1,P010560   ,1.0,0.0,ULK,21,"PIERRE, DYSHAWN",25:33,13,5,7,1,1,0,0,1,5,6,1,1,1,0,0,1,1,18,12.0
2022,RS,15,127,1,P009733   ,1.0,0.0,ULK,22,"JEKIRI, TONYE",18:15,8,4,5,0,0,0,1,2,2,4,0,0,1,0,0,5,1,5,7.0
2022,RS,15,127,1,P004004   ,0.0,1.0,ULK,23,"GUDURIC, MARKO",24:05,4,1,4,0,8,2,2,1,1,2,3,1,0,0,1,2,1,-3,-9.0
2022,RS,15,127,1,P007056   ,0.0,1.0,ULK,31,"BOOKER, DEVIN",21:45,8,1,5,0,0,6,7,2,0,2,1,2,2,1,1,4,4,6,-8.0
2022,RS,15,127,1,P001932   ,1.0,1.0,ULK,33,"CALATHES, NICK",30:37,11,5,6,0,2,1,3,0,7,7,7,0,2,0,0,2,3,19,3.0
2022,RS,15,127,1,P011221   ,0.0,0.0,ULK,37,"ANTETOKOUNMPO, KOSTAS",DNP,0,0,0,0,0,0,0,0,0,0,0,0,0,0,0,0,0,0,0.0
2022,RS,15,127,1,Team,0.0,0.0,ULK,,Team,,0,0,0,0,0,0,0,1,0,1,0,0,0,0,0,0,0,1,
2022,RS,15,127,1,Total,,,ULK,,Total,200:00,72,20,34,6,24,14,20,7,26,33,19,5,10,2,2,25,21,77,
2022,RS,15,127,0,P009212   ,0.0,0.0,PAR,1,"VUKCEVIC, TRISTAN",DNP,0,0,0,0,0,0,0,0,0,0,0,0,0,0,0,0,0,0,0.0
2022,RS,15,127,0,P008987   ,1.0,0.0,PAR,2,"LEDAY, ZACH",28:17,8,4,6,0,0,0,0,0,6,6,2,0,0,0,0,3,1,12,0.0
2022,RS,15,127,0,P003983   ,0.0,1.0,PAR,4,"AVRAMOVIC, ALEKSA",08:32,6,1,1,0,0,4,7,1,2,3,0,0,1,0,0,2,5,8,2.0
2022,RS,15,127,0,P009862   ,0.0,1.0,PAR,7,"PUNTER, KEVIN",23:09,12,3,4,0,3,6,8,1,4,5,2,1,1,1,0,1,4,17,-5.0
2022,RS,15,127,0,P011051   ,1.0,0.0,PAR,9,"SMAILAGIC, ALEN",07:29,4,2,4,0,2,0,0,1,0,1,0,2,0,0,1,1,0,1,-8.0
2022,RS,15,127,0,P005161   ,0.0,1.0,PAR,10,"PAPAPETROU, IOANNIS",26:32,5,1,6,1,2,0,2,2,4,6,1,1,0,1,0,2,3,7,4.0
2022,RS,15,127,0,P011302   ,1.0,0.0,PAR,11,"EXUM, DANTE",17:51,10,2,6,0,0,6,6,0,1,1,2,0,2,0,0,5,4,6,4.0
2022,RS,15,127,0,P007400   ,1.0,1.0,PAR,21,"NUNNALLY, JAMES",26:55,5,1,4,1,2,0,0,1,4,5,1,0,1,0,0,1,2,7,0.0
2022,RS,15,127,0,P003842   ,0.0,1.0,PAR,26,"LESSORT, MATHIAS",32:04,12,4,7,0,0,4,6,2,2,4,0,1,0,0,0,3,4,13,9.0
2022,RS,15,127,0,P007673   ,1.0,0.0,PAR,32,"TRIFUNOVIC, UROS",05:02,0,0,0,0,0,0,0,0,0,0,0,0,0,0,0,0,0,0,-4.0
2022,RS,15,127,0,P000956   ,0.0,0.0,PAR,33,"ANDJUSIC, DANILO",10:34,4,0,1,1,2,1,1,0,2,2,2,0,0,0,0,2,0,4,1.0
2022,RS,15,127,0,P011052   ,0.0,0.0,PAR,41,"MADAR, YAM",13:35,7,1,3,1,3,2,4,1,3,4,2,0,1,0,1,1,2,6,2.0
2022,RS,15,127,0,Team,0.0,0.0,PAR,,Team,,0,0,0,0,0,0,0,0,1,1,0,0,1,0,0,0,0,0,
2022,RS,15,127,0,Total,,,PAR,,Total,200:00,73,19,42,4,14,23,34,9,29,38,12,5,7,2,2,21,25,81,
2022,RS,15,128,1,P007032   ,1.0,1.0,BER,0,"LO, MAODO",24:15,16,1,2,4,9,2,3,1,0,1,1,1,0,0,0,1,2,13,-4.0
2022,RS,15,128,1,P011192   ,1.0,1.0,BER,3,"SMITH, JALEEN",24:35,1,0,2,0,4,1,2,3,1,4,2,1,0,1,1,1,2,2,-4.0
2022,RS,15,128,1,P008211   ,0.0,0.0,BER,6,"DELOW, MALTE",10:31,0,0,1,0,1,0,0,0,1,1,0,1,1,0,0,0,0,-1,-7.0
2022,RS,15,128,1,P011934   ,0.0,0.0,BER,7,"WETZELL, YANNI",10:29,4,2,4,0,0,0,2,1,1,2,1,0,2,1,0,1,2,3,-7.0
2022,RS,15,128,1,P007025   ,0.0,0.0,BER,9,"MATTISSECK, JONAS",04:54,2,1,1,0,0,0,0,0,0,0,1,0,0,0,0,0,0,3,-2.0
2022,RS,15,128,1,P006251   ,0.0,0.0,BER,10,"SCHNEIDER, TIM",10:34,2,0,0,0,0,2,2,0,1,1,0,1,0,0,0,2,1,3,-1.0
2022,RS,15,128,1,P006919   ,1.0,0.0,BER,19,"OLINDE, LOUIS",19:52,5,0,0,1,1,2,2,0,2,2,0,1,0,1,0,0,2,11,-1.0
2022,RS,15,128,1,P010791   ,0.0,0.0,BER,21,"KOUMADJE, CHRIST",06:06,5,2,3,0,0,1,2,1,3,4,0,1,1,0,0,3,1,5,-1.0
2022,RS,15,128,1,P003958   ,1.0,1.0,BER,32,"THIEMANN, JOHANNES",26:04,12,4,4,1,5,1,2,2,3,5,0,0,3,0,0,3,2,8,-7.0
2022,RS,15,128,1,P006589   ,1.0,1.0,BER,43,"SIKMA, LUKE",26:47,8,2,6,1,4,1,1,2,5,7,2,2,2,0,0,4,5,11,-10.0
2022,RS,15,128,1,P011193   ,0.0,0.0,BER,45,"BLATT, TAMIR",15:45,8,1,2,1,5,3,3,0,1,1,1,0,0,0,0,0,1,6,-9.0
2022,RS,15,128,1,P006625   ,0.0,1.0,BER,50,"ZOOSMAN, YOVEL",20:08,7,2,4,1,4,0,0,2,1,3,1,2,1,1,2,1,3,8,-12.0
2022,RS,15,128,1,Team,0.0,0.0,BER,,Team,,0,0,0,0,0,0,0,2,1,3,0,0,4,0,0,0,0,-1,
2022,RS,15,128,1,Total,,,BER,,Total,200:00,70,15,29,9,33,13,19,14,20,34,9,10,14,4,3,16,21,71,
2022,RS,15,128,0,P012056   ,1.0,1.0,TEL,3,"ADAMS, JALEN",28:26,17,4,7,3,4,0,0,0,1,1,3,1,4,0,1,3,1,11,14.0
2022,RS,15,128,0,P009622   ,1.0,0.0,TEL,4,"BROWN, LORENZO",34:13,15,5,14,1,6,2,2,0,0,0,7,2,1,0,2,1,1,7,16.0
2022,RS,15,128,0,P011967   ,0.0,1.0,TEL,6,"MARTIN, JARELL",31:05,21,3,4,4,7,3,4,5,2,7,2,1,2,0,0,2,5,27,19.0
2022,RS,15,128,0,P004233   ,0.0,0.0,TEL,8,"MENCO, RAFI",01:58,2,1,1,0,0,0,0,0,0,0,0,0,1,0,0,0,0,1,-6.0
2022,RS,15,128,0,P011219   ,0.0,0.0,TEL,9,"SORKIN, ROMAN",11:25,2,1,1,0,0,0,0,2,1,3,1,0,1,2,0,2,1,6,-7.0
2022,RS,15,128,0,P007990   ,0.0,1.0,TEL,12,"DIBARTOLOMEO, JOHN",11:29,2,0,1,0,3,2,2,1,1,2,0,0,1,0,0,2,1,-2,-6.0
2022,RS,15,128,0,P008989   ,0.0,1.0,TEL,13,"HILLIARD, DARRUN",19:16,9,0,2,3,5,0,0,0,2,2,1,0,1,0,0,3,1,5,-3.0
2022,RS,15,128,0,P005145   ,1.0,0.0,TEL,15,"COHEN, JAKE",12:58,3,1,4,0,1,1,1,1,2,3,0,0,2,0,1,2,2,-1,-2.0
2022,RS,15,128,0,P009917   ,0.0,0.0,TEL,20,"HOLLINS, AUSTIN",06:20,0,0,0,0,0,0,0,1,0,1,0,0,0,0,0,0,0,1,7.0
2022,RS,15,128,0,P011199   ,1.0,0.0,TEL,32,"NEBO, JOSH",22:21,5,2,3,0,0,1,2,3,10,13,0,1,0,1,0,2,1,17,15.0
2022,RS,15,128,0,P011220   ,0.0,0.0,TEL,33,"ZIV, IFTAH",DNP,0,0,0,0,0,0,0,0,0,0,0,0,0,0,0,0,0,0,0.0
2022,RS,15,128,0,P009783   ,1.0,1.0,TEL,50,"COLSON, BONZIE",20:29,7,2,3,0,1,3,3,2,1,3,1,0,0,0,0,4,3,8,18.0
2022,RS,15,128,0,Team,0.0,0.0,TEL,,Team,,0,0,0,0,0,0,0,2,2,4,0,0,1,0,0,0,0,3,
2022,RS,15,128,0,Total,,,TEL,,Total,200:00,83,19,40,11,27,12,14,17,22,39,15,5,14,3,4,21,16,83,
2022,RS,15,129,1,P008855   ,1.0,0.0,OLY,0,"WALKUP, THOMAS",20:55,0,0,1,0,3,0,0,0,2,2,6,2,1,0,0,2,1,4,0.0
2022,RS,15,129,1,P010612   ,1.0,0.0,OLY,3,"CANAAN, ISAIAH",18:03,5,1,3,1,3,0,0,0,0,0,1,0,1,0,1,1,1,0,-11.0
2022,RS,15,129,1,P006302   ,0.0,0.0,OLY,4,"LOUNTZIS, MICHALIS",DNP,0,0,0,0,0,0,0,0,0,0,0,0,0,0,0,0,0,0,0.0
2022,RS,15,129,1,P010392   ,0.0,1.0,OLY,5,"LARENTZAKIS, GIANNOULIS",18:41,8,1,1,2,7,0,0,1,1,2,1,2,1,0,0,1,3,9,7.0
2022,RS,15,129,1,P008811   ,0.0,0.0,OLY,10,"FALL, MOUSTAPHA",08:10,5,2,2,0,0,1,2,0,0,0,1,0,0,0,0,1,4,8,-3.0
2022,RS,15,129,1,P001926   ,0.0,1.0,OLY,11,"SLOUKAS, KOSTAS",23:46,14,1,1,3,6,3,4,0,0,0,9,1,0,0,0,1,5,24,3.0
2022,RS,15,129,1,P003469   ,1.0,1.0,OLY,14,"VEZENKOV, SASHA",27:09,13,5,7,1,4,0,0,1,5,6,1,2,0,0,1,0,2,18,2.0
2022,RS,15,129,1,P001255   ,1.0,0.0,OLY,16,"PAPANIKOLAOU, KOSTAS",24:08,9,0,3,3,5,0,0,2,0,2,3,2,2,0,1,5,2,5,-6.0
2022,RS,15,129,1,P009035   ,1.0,0.0,OLY,21,"BOLOMBOY, JOEL",18:08,9,3,7,1,1,0,0,5,0,5,0,0,0,1,1,2,0,8,-17.0
2022,RS,15,129,1,P008829   ,0.0,1.0,OLY,25,"PETERS, ALEC",13:01,2,0,0,0,1,2,2,0,2,2,2,1,0,0,0,2,2,6,-7.0
2022,RS,15,129,1,P008991   ,0.0,1.0,OLY,28,"BLACK, TARIK",13:33,14,3,6,0,0,8,9,5,1,6,0,0,1,0,0,3,5,17,15.0
2022,RS,15,129,1,P007853   ,0.0,0.0,OLY,77,"MCKISSIC, SHAQUIELLE",14:26,7,3,4,0,3,1,2,0,0,0,2,0,1,0,0,0,1,4,-3.0
2022,RS,15,129,1,Team,0.0,0.0,OLY,,Team,,0,0,0,0,0,0,0,1,2,3,0,0,0,0,0,0,0,3,
2022,RS,15,129,1,Total,,,OLY,,Total,200:00,86,19,35,11,33,15,19,15,13,28,26,10,7,1,4,18,26,106,
2022,RS,15,129,0,P004267   ,0.0,0.0,RED,0,"HOLLAND, JOHN",DNP,0,0,0,0,0,0,0,0,0,0,0,0,0,0,0,0,0,0,0.0
2022,RS,15,129,0,P007947   ,1.0,1.0,RED,1,"VILDOZA, LUCA",27:03,22,3,5,2,7,10,11,1,3,4,8,0,1,0,0,4,8,29,-11.0
2022,RS,15,129,0,P004720   ,1.0,1.0,RED,2,"LAZAREVIC, STEFAN",27:35,8,4,5,0,0,0,0,2,2,4,1,1,0,0,0,2,0,11,5.0
2022,RS,15,129,0,P002553   ,1.0,1.0,RED,9,"MITROVIC, LUKA",25:29,13,5,7,0,0,3,5,3,4,7,2,0,4,0,1,4,3,12,8.0
2022,RS,15,129,0,PLUO      ,1.0,0.0,RED,10,"LAZIC, BRANKO",25:34,6,0,1,2,3,0,0,1,0,1,1,2,2,0,0,5,0,1,4.0
2022,RS,15,129,0,P004007   ,0.0,1.0,RED,13,"DOBRIC, OGNJEN",17:46,12,2,2,2,3,2,2,0,4,4,1,0,2,0,0,2,1,13,5.0
2022,RS,15,129,0,PJDU      ,0.0,0.0,RED,15,"RADULJICA, MIROSLAV",DNP,0,0,0,0,0,0,0,0,0,0,0,0,0,0,0,0,0,0,0.0
2022,RS,15,129,0,P011964   ,0.0,0.0,RED,22,"ILIC, DALIBOR",DNP,0,0,0,0,0,0,0,0,0,0,0,0,0,0,0,0,0,0,0.0
2022,RS,15,129,0,P000848   ,1.0,0.0,RED,26,"NEDOVIC, NEMANJA",33:25,12,3,3,2,7,0,0,0,2,2,5,0,4,0,0,3,4,11,0.0
2022,RS,15,129,0,PLME      ,0.0,0.0,RED,27,"MARKOVIC, STEFAN",15:58,0,0,0,0,1,0,0,0,2,2,4,0,0,0,0,4,0,1,12.0
2022,RS,15,129,0,P011194   ,0.0,1.0,RED,33,"PETRUSEV, FILIP",21:07,14,3,4,2,2,2,2,0,3,3,1,1,2,4,0,2,2,20,8.0
2022,RS,15,129,0,P009818   ,0.0,0.0,RED,50,"BENTIL, BENJAMIN",06:03,3,0,0,1,1,0,0,0,1,1,0,0,1,0,0,0,0,3,-11.0
2022,RS,15,129,0,Team,0.0,0.0,RED,,Team,,0,0,0,0,0,0,0,0,3,3,0,0,0,0,0,0,0,3,
2022,RS,15,129,0,Total,,,RED,,Total,200:00,90,20,27,11,24,17,20,7,24,31,23,4,16,4,1,26,18,104,
2022,RS,15,130,1,P011948   ,1.0,0.0,BAS,0,"HOWARD, MARKUS",05:50,7,2,2,1,3,0,0,0,0,0,0,0,1,0,0,1,1,4,-2.0
2022,RS,15,130,1,P008850   ,0.0,0.0,BAS,2,"RAIESTE, SANDER",DNP,0,0,0,0,0,0,0,0,0,0,0,0,0,0,0,0,0,0,0.0
2022,RS,15,130,1,P006754   ,0.0,1.0,BAS,7,"HENRY, PIERRIA",27:41,3,0,4,0,2,3,4,0,4,4,13,1,2,2,0,2,3,15,9.0
2022,RS,15,130,1,P007230   ,0.0,1.0,BAS,8,"SEDEKERSKIS, TADAS",19:02,12,3,3,1,1,3,3,1,3,4,0,0,0,0,0,1,2,17,4.0
2022,RS,15,130,1,P004761   ,0.0,1.0,BAS,9,"MARINKOVIC, VANJA",22:44,22,3,4,5,8,1,1,0,0,0,1,1,1,0,0,0,1,20,9.0
2022,RS,15,130,1,P003198   ,0.0,0.0,BAS,11,"DIEZ, DANIEL",10:51,6,0,0,2,5,0,0,0,0,0,1,1,0,0,0,1,1,5,-4.0
2022,RS,15,130,1,P011078   ,1.0,1.0,BAS,13,"THOMPSON, DARIUS",24:56,6,0,0,2,5,0,0,0,3,3,9,2,4,0,0,3,2,12,11.0
2022,RS,15,130,1,P004603   ,1.0,0.0,BAS,21,"KOTSAR, MAIK",20:57,12,5,8,0,0,2,4,0,4,4,0,1,0,1,0,0,4,17,6.0
2022,RS,15,130,1,P011239   ,0.0,0.0,BAS,23,"ENOCH, STEVEN",16:26,10,5,6,0,1,0,2,1,3,4,0,1,1,1,0,1,1,11,6.0
2022,RS,15,130,1,P010444   ,1.0,1.0,BAS,24,"COSTELLO, MATTHEW",16:58,4,2,3,0,0,0,0,0,4,4,5,1,2,2,0,3,0,10,6.0
2022,RS,15,130,1,P006436   ,1.0,0.0,BAS,31,"GIEDRAITIS, ROKAS",22:24,8,3,4,0,1,2,2,1,3,4,1,1,1,2,0,2,1,12,1.0
2022,RS,15,130,1,P011949   ,0.0,0.0,BAS,34,"HOMMES, DAULTON",12:11,0,0,0,0,2,0,0,1,1,2,1,0,2,1,0,4,1,-3,9.0
2022,RS,15,130,1,Team,0.0,0.0,BAS,,Team,,0,0,0,0,0,0,0,1,3,4,0,0,0,0,0,0,0,4,
2022,RS,15,130,1,Total,,,BAS,,Total,200:00,90,23,34,11,28,11,16,5,28,33,31,9,14,9,0,18,17,124,
2022,RS,15,130,0,P011064   ,0.0,1.0,VIR,1,"MANNION, NICCOLO",14:31,11,1,3,2,3,3,3,0,1,1,1,0,1,0,1,1,3,10,5.0
2022,RS,15,130,0,PBCN      ,0.0,1.0,VIR,3,"BELINELLI, MARCO",21:24,15,3,4,3,10,0,0,0,1,1,1,0,0,0,1,2,0,6,-1.0
2022,RS,15,130,0,P006739   ,0.0,0.0,VIR,6,"PAJOLA, ALESSANDRO",14:30,0,0,0,0,1,0,0,0,2,2,4,0,0,0,0,2,1,4,3.0
2022,RS,15,130,0,P004655   ,0.0,0.0,VIR,7,"BAKO, ISMAEL",13:46,8,2,2,0,0,4,4,2,4,6,0,0,1,0,0,2,2,13,-11.0
2022,RS,15,130,0,P002581   ,1.0,0.0,VIR,14,"JAITEH, MAM",23:28,6,3,11,0,0,0,2,6,6,12,1,1,0,0,1,2,2,9,0.0
2022,RS,15,130,0,P010781   ,0.0,0.0,VIR,19,"LUNDBERG, IFFE",18:44,7,2,5,1,2,0,0,0,3,3,0,1,0,0,0,0,1,8,-15.0
2022,RS,15,130,0,P001133   ,1.0,1.0,VIR,21,"SHENGELIA, TORNIKE",20:13,15,4,12,2,3,1,1,1,2,3,0,1,4,0,3,2,4,5,-7.0
2022,RS,15,130,0,P001844   ,1.0,1.0,VIR,23,"HACKETT, DANIEL",25:55,4,2,3,0,2,0,0,2,0,2,2,2,2,0,0,3,4,6,-14.0
2022,RS,15,130,0,P008108   ,0.0,0.0,VIR,29,"CAMARA, GORA",DNP,0,0,0,0,0,0,0,0,0,0,0,0,0,0,0,0,0,0,0.0
2022,RS,15,130,0,P006592   ,1.0,0.0,VIR,34,"WEEMS, KYLE",25:10,6,0,2,2,5,0,0,3,3,6,1,0,2,0,3,1,0,2,-7.0
2022,RS,15,130,0,PJDR      ,1.0,1.0,VIR,44,"TEODOSIC, MILOS",22:19,7,0,0,2,5,1,2,0,0,0,7,0,5,0,0,3,1,3,-8.0
2022,RS,15,130,0,Team,0.0,0.0,VIR,,Team,,0,0,0,0,0,0,0,1,1,2,0,0,1,0,0,0,0,1,
2022,RS,15,130,0,Total,,,VIR,,Total,200:00,79,17,42,12,31,9,12,15,23,38,17,5,16,0,9,18,18,67,
2022,RS,15,131,1,P007982   ,1.0,1.0,MAD,0,"WILLIAMS-GOSS, NIGEL",12:51,5,2,2,0,0,1,1,0,0,0,3,1,0,0,0,2,3,10,3.0
2022,RS,15,131,1,PBMT      ,0.0,0.0,MAD,5,"FERNANDEZ, RUDY",16:55,0,0,2,0,1,0,0,1,1,2,2,0,1,0,1,2,1,-2,20.0
2022,RS,15,131,1,P003733   ,1.0,0.0,MAD,6,"ABALDE, ALBERTO",17:28,1,0,1,0,4,1,2,0,3,3,2,1,0,0,0,0,1,2,-1.0
2022,RS,15,131,1,P003108   ,0.0,0.0,MAD,11,"HEZONJA, MARIO",15:11,7,1,3,1,3,2,2,0,1,1,0,0,2,0,0,2,1,1,16.0
2022,RS,15,131,1,PCVM      ,0.0,1.0,MAD,13,"RODRIGUEZ, SERGIO",12:00,4,2,3,0,2,0,0,0,0,0,4,0,1,0,0,0,1,5,-1.0
2022,RS,15,131,1,P009005   ,0.0,1.0,MAD,14,"DECK, GABRIEL",11:01,10,3,4,1,2,1,1,1,1,2,0,0,0,0,0,0,1,11,-1.0
2022,RS,15,131,1,P004887   ,0.0,0.0,MAD,17,"POIRIER, VINCENT",28:11,19,9,11,0,1,1,2,3,3,6,1,1,0,0,1,1,4,25,17.0
2022,RS,15,131,1,P004790   ,0.0,1.0,MAD,21,"CORNELIE, PETR",17:28,5,1,1,1,1,0,0,0,4,4,0,2,1,0,0,0,1,11,14.0
2022,RS,15,131,1,P005791   ,1.0,0.0,MAD,22,"TAVARES, WALTER",11:00,8,4,6,0,0,0,0,1,0,1,1,1,1,2,0,3,0,7,4.0
2022,RS,15,131,1,PTGB      ,0.0,0.0,MAD,23,"LLULL, SERGIO",20:38,10,2,4,2,4,0,0,0,3,3,3,3,0,0,0,3,1,13,14.0
2022,RS,15,131,1,P010357   ,1.0,0.0,MAD,28,"YABUSELE, GUERSCHON",16:07,8,4,5,0,0,0,0,0,2,2,1,1,0,1,0,0,1,13,6.0
2022,RS,15,131,1,P006540   ,1.0,1.0,MAD,31,"MUSA, DZANAN",21:10,15,3,6,1,3,6,6,1,3,4,2,0,1,0,0,1,5,19,4.0
2022,RS,15,131,1,Team,0.0,0.0,MAD,,Team,,0,0,0,0,0,0,0,0,1,1,0,0,0,0,0,0,0,1,
2022,RS,15,131,1,Total,,,MAD,,Total,200:00,92,31,48,6,21,12,14,7,22,29,19,10,7,3,2,14,20,116,
2022,RS,15,131,0,P011936   ,1.0,0.0,ASV,0,"MATHEWS, JONAH",17:00,3,1,2,0,2,1,2,0,1,1,2,0,1,0,0,5,1,-3,-2.0
2022,RS,15,131,0,P006068   ,1.0,1.0,ASV,2,"NOUA, AMINE",27:29,17,4,7,3,3,0,0,2,5,7,1,0,1,0,0,1,0,20,-6.0
2022,RS,15,131,0,PKIR      ,0.0,0.0,ASV,5,"KAHUDI, CHARLES",15:33,0,0,0,0,1,0,0,0,4,4,1,0,0,0,0,3,1,2,-18.0
2022,RS,15,131,0,PTFK      ,0.0,1.0,ASV,8,"DIOT, ANTOINE",17:26,7,1,1,1,4,2,2,0,3,3,1,1,1,0,0,1,1,8,-3.0
2022,RS,15,131,0,P004119   ,0.0,1.0,ASV,9,"TYUS, ALEX",26:30,14,7,9,0,0,0,0,1,1,2,2,1,1,1,0,1,1,17,-3.0
2022,RS,15,131,0,P010718   ,0.0,1.0,ASV,10,"RISACHER, ZACCHARIE",12:38,4,2,2,0,0,0,0,2,2,4,0,0,0,1,0,1,3,11,-9.0
2022,RS,15,131,0,P002100   ,1.0,0.0,ASV,12,"DE COLO, NANDO",22:45,13,5,6,1,5,0,0,0,6,6,2,0,6,0,0,1,4,13,-16.0
2022,RS,15,131,0,P006568   ,1.0,0.0,ASV,19,"FALL, YOUSSOUPHA",09:44,0,0,1,0,0,0,0,0,1,1,0,0,2,0,1,1,0,-4,-10.0
2022,RS,15,131,0,P011938   ,1.0,1.0,ASV,32,"OBASOHAN, RETIN",32:56,10,4,8,0,2,2,4,0,0,0,3,0,1,0,1,4,3,2,-16.0
2022,RS,15,131,0,P011939   ,0.0,0.0,ASV,33,"JACKSON-CARTWRIGHT, PARKER",14:13,5,1,3,1,3,0,0,0,1,1,2,0,1,0,1,1,0,1,-6.0
2022,RS,15,131,0,P006832   ,0.0,0.0,ASV,35,"PONS, YVES",03:46,0,0,2,0,0,0,0,0,0,0,0,0,1,0,0,1,0,-4,-6.0
2022,RS,15,131,0,Team,0.0,0.0,ASV,,Team,,0,0,0,0,0,0,0,3,1,4,0,0,1,0,0,0,0,3,
2022,RS,15,131,0,Total,,,ASV,,Total,200:00,73,25,41,6,20,5,8,8,25,33,14,2,16,2,3,20,14,66,
2022,RS,15,132,1,P006590   ,1.0,1.0,IST,1,"BEAUBOIS, RODRIGUE",28:33,11,0,1,3,5,2,2,0,0,0,3,1,2,2,0,1,0,11,22.0
2022,RS,15,132,1,P009846   ,1.0,1.0,IST,6,"BRYANT, ELIJAH",23:10,4,2,2,0,1,0,0,1,2,3,2,1,1,1,0,1,0,8,6.0
2022,RS,15,132,1,P010516   ,0.0,1.0,IST,11,"GAZI, ERTEN",00:16,0,0,0,0,0,0,0,0,0,0,0,0,0,0,0,0,0,0,-3.0
2022,RS,15,132,1,P004888   ,0.0,0.0,IST,12,"CLYBURN, WILL",27:21,23,1,8,5,8,6,8,3,7,10,2,1,2,0,1,1,5,25,23.0
2022,RS,15,132,1,P012068   ,0.0,1.0,IST,13,"TAYLOR, ISAIAH",16:48,4,1,1,0,2,2,2,0,0,0,2,0,0,0,0,2,1,3,3.0
2022,RS,15,132,1,P002925   ,0.0,0.0,IST,19,"TUNCER, BUGRAHAN",DNP,0,0,0,0,0,0,0,0,0,0,0,0,0,0,0,0,0,0,0.0
2022,RS,15,132,1,PLHK      ,1.0,0.0,IST,21,"PLEISS, TIBOR",09:59,3,0,0,0,1,3,4,0,1,1,0,0,0,0,0,0,2,4,2.0
2022,RS,15,132,1,P002580   ,1.0,0.0,IST,22,"MICIC, VASILIJE",29:07,19,3,5,3,8,4,4,0,5,5,8,1,4,0,0,3,5,24,4.0
2022,RS,15,132,1,P007993   ,1.0,0.0,IST,24,"M'BAYE, AMATH",34:45,11,1,1,3,5,0,0,0,5,5,1,0,1,1,0,1,3,17,21.0
2022,RS,15,132,1,P002084   ,0.0,0.0,IST,33,"POLONARA, ACHILLE",DNP,0,0,0,0,0,0,0,0,0,0,0,0,0,0,0,0,0,0,0.0
2022,RS,15,132,1,P004554   ,0.0,0.0,IST,41,"ZIZIC, ANTE",DNP,0,0,0,0,0,0,0,0,0,0,0,0,0,0,0,0,0,0,0.0
2022,RS,15,132,1,P003048   ,0.0,1.0,IST,42,"DUNSTON, BRYANT",30:01,13,6,7,0,0,1,2,2,6,8,3,3,0,1,0,1,3,28,17.0
2022,RS,15,132,1,Team,0.0,0.0,IST,,Team,,0,0,0,0,0,0,0,0,1,1,0,0,0,0,0,0,0,1,
2022,RS,15,132,1,Total,,,IST,,Total,200:00,88,14,25,14,30,18,22,6,27,33,21,7,10,5,1,10,19,121,
2022,RS,15,132,0,P006555   ,1.0,0.0,PAN,3,"WOLTERS, NATE",20:46,2,1,6,0,0,0,0,0,2,2,2,0,0,0,4,1,0,-4,-13.0
2022,RS,15,132,0,P011225   ,0.0,1.0,PAN,5,"LEE, PARIS",24:01,6,0,0,1,3,3,3,1,0,1,7,1,2,0,0,3,2,10,-7.0
2022,RS,15,132,0,P005844   ,1.0,1.0,PAN,6,"PAPAGIANNIS, GEORGIOS",28:41,9,3,5,1,2,0,0,1,6,7,0,1,2,1,0,4,1,10,-24.0
2022,RS,15,132,0,P009006   ,1.0,0.0,PAN,8,"WILLIAMS, DERRICK",34:03,13,3,6,2,5,1,2,2,2,4,1,1,3,0,0,4,2,7,-10.0
2022,RS,15,132,0,P006586   ,1.0,1.0,PAN,16,"KALAITZAKIS, GEORGIOS",04:57,0,0,0,0,0,0,0,0,0,0,0,1,0,0,0,2,2,1,0.0
2022,RS,15,132,0,P011442   ,0.0,0.0,PAN,20,"SAMONTOUROV, ALEXANDROS",DNP,0,0,0,0,0,0,0,0,0,0,0,0,0,0,0,0,0,0,0.0
2022,RS,15,132,0,P011286   ,1.0,0.0,PAN,24,"BACON, DWAYNE",32:26,20,4,9,4,9,0,0,0,2,2,2,1,3,0,1,2,1,10,-19.0
2022,RS,15,132,0,P011396   ,0.0,0.0,PAN,33,"CHOUGKAZ, NIKOS",DNP,0,0,0,0,0,0,0,0,0,0,0,0,0,0,0,0,0,0,0.0
2022,RS,15,132,0,P004172   ,0.0,0.0,PAN,37,"PONITKA, MATEUSZ",29:10,4,2,3,0,2,0,0,0,6,6,1,2,2,0,0,3,1,6,-10.0
2022,RS,15,132,0,P002328   ,0.0,1.0,PAN,40,"GRIGONIS, MARIUS",10:49,9,1,1,2,5,1,1,0,2,2,1,0,1,0,0,0,1,9,-9.0
2022,RS,15,132,0,P008084   ,0.0,1.0,PAN,72,"MANTZOUKAS, ELEFTHERIOS",15:07,6,0,0,2,3,0,0,0,1,1,0,0,0,0,0,1,0,5,-3.0
2022,RS,15,132,0,Team,0.0,0.0,PAN,,Team,,0,0,0,0,0,0,0,1,2,3,0,0,0,0,0,0,0,3,
2022,RS,15,132,0,Total,,,PAN,,Total,200:00,69,14,30,12,29,5,6,5,23,28,14,7,13,1,5,20,10,57,
2022,RS,15,133,1,P011218   ,1.0,0.0,ZAL,2,"EVANS, KEENAN",30:44,32,6,6,5,9,5,8,0,4,4,4,2,1,0,0,1,6,39,13.0
2022,RS,15,133,1,P007513   ,1.0,0.0,ZAL,3,"GIEDRAITIS, DOVYDAS",16:38,2,1,1,0,3,0,0,1,0,1,0,0,2,0,0,2,0,-4,3.0
2022,RS,15,133,1,P010824   ,0.0,0.0,ZAL,7,"KUBLICKAS, KAJUS",DNP,0,0,0,0,0,0,0,0,0,0,0,0,0,0,0,0,0,0,0.0
2022,RS,15,133,1,P010390   ,1.0,1.0,ZAL,8,"HAYES, KEVARRIUS",21:24,5,1,6,0,0,3,4,2,5,7,0,1,2,1,1,2,2,5,3.0
2022,RS,15,133,1,P007109   ,1.0,1.0,ZAL,10,"SMITS, ROLANDS",25:05,5,1,5,1,3,0,1,1,5,6,0,0,1,0,0,3,3,3,-3.0
2022,RS,15,133,1,P010185   ,0.0,0.0,ZAL,14,"KRIVAS, MOTIEJUS",DNP,0,0,0,0,0,0,0,0,0,0,0,0,0,0,0,0,0,0,0.0
2022,RS,15,133,1,P005504   ,0.0,0.0,ZAL,15,"BIRUTIS, LAURYNAS",16:38,4,1,4,0,0,2,2,0,3,3,0,0,0,0,0,4,1,1,5.0
2022,RS,15,133,1,P006158   ,0.0,0.0,ZAL,16,"LUKOSIUNAS, KAROLIS",04:09,0,0,0,0,0,0,0,0,0,0,0,0,0,0,0,1,0,-1,2.0
2022,RS,15,133,1,P011983   ,0.0,0.0,ZAL,17,"BRAZDEIKIS, IGNAS",11:25,4,2,3,0,1,0,0,0,1,1,0,0,1,0,0,2,0,0,-6.0
2022,RS,15,133,1,P003211   ,0.0,1.0,ZAL,33,"DIMSA, TOMAS",16:26,2,1,2,0,0,0,2,0,1,1,2,3,3,0,0,3,2,1,5.0
2022,RS,15,133,1,P002676   ,0.0,1.0,ZAL,51,"BUTKEVICIUS, ARNAS",26:15,3,0,1,0,1,3,4,2,7,9,3,0,5,1,0,2,6,12,20.0
2022,RS,15,133,1,P002329   ,1.0,1.0,ZAL,92,"ULANOVAS, EDGARAS",31:16,18,1,7,3,4,7,10,4,3,7,1,0,3,0,1,1,5,16,-2.0
2022,RS,15,133,1,Team,0.0,0.0,ZAL,,Team,,0,0,0,0,0,0,0,0,3,3,0,0,0,0,0,0,0,3,
2022,RS,15,133,1,Total,,,ZAL,,Total,200:00,75,14,35,9,21,20,31,10,32,42,10,6,18,2,2,21,25,75,
2022,RS,15,133,0,P009866   ,1.0,1.0,MUN,2,"WALDEN, COREY",27:34,18,3,4,2,8,6,7,0,2,2,0,1,4,0,1,2,6,12,7.0
2022,RS,15,133,0,P011940   ,0.0,1.0,MUN,5,"WINSTON, CASSIUS",26:24,10,2,8,2,7,0,0,0,1,1,9,4,2,0,0,4,4,11,-4.0
2022,RS,15,133,0,P001557   ,1.0,1.0,MUN,7,"GIFFEY, NIELS",23:59,10,2,3,2,3,0,0,2,3,5,1,1,1,0,0,4,1,11,-2.0
2022,RS,15,133,0,P005160   ,0.0,0.0,MUN,8,"HUNTER, OTHELLO",13:43,0,0,2,0,2,0,0,1,1,2,0,1,2,0,0,2,2,-3,-17.0
2022,RS,15,133,0,P006760   ,1.0,0.0,MUN,9,"BONGA, ISAAC",29:12,4,1,4,0,1,2,2,2,3,5,1,4,3,0,0,5,2,4,-8.0
2022,RS,15,133,0,P005056   ,0.0,0.0,MUN,16,"ZIPSER, PAUL",17:21,6,0,1,2,4,0,0,1,1,2,0,0,0,0,0,1,0,4,-12.0
2022,RS,15,133,0,P005478   ,0.0,1.0,MUN,17,"WIMBERG, NIKLAS",06:00,0,0,0,0,0,0,0,0,1,1,0,0,1,0,0,1,0,-1,1.0
2022,RS,15,133,0,P005460   ,0.0,0.0,MUN,20,"HARRIS, ELIAS",12:55,0,0,0,0,2,0,0,1,2,3,0,1,1,0,0,1,0,0,-8.0
2022,RS,15,133,0,P006477   ,1.0,1.0,MUN,21,"RUBIT, AUGUSTINE",26:15,17,3,8,1,2,8,8,3,6,9,2,1,1,0,0,3,5,24,5.0
2022,RS,15,133,0,P011941   ,1.0,0.0,MUN,33,"GILLESPIE, FREDDIE",16:37,2,1,5,0,0,0,0,1,7,8,1,1,2,2,1,2,1,6,-2.0
2022,RS,15,133,0,Team,0.0,0.0,MUN,,Team,,0,0,0,0,0,0,0,1,0,1,0,0,0,0,0,0,0,1,
2022,RS,15,133,0,Total,,,MUN,,Total,200:00,67,12,35,9,29,16,17,12,27,39,14,14,17,2,2,25,21,69,
2022,RS,15,134,1,P011970   ,0.0,0.0,PAM,0,"HARPER, JARED",17:58,11,2,4,1,4,4,4,0,0,0,5,2,1,0,0,1,6,17,7.0
2022,RS,15,134,1,P000556   ,1.0,0.0,PAM,1,"CLAVER, VICTOR",15:41,2,1,2,0,2,0,0,0,2,2,0,0,3,0,0,4,0,-6,-10.0
2022,RS,15,134,1,P006643   ,0.0,0.0,PAM,2,"PUERTO, JOSEP",00:11,0,0,0,0,0,0,0,0,0,0,0,0,0,0,0,0,0,0,0.0
2022,RS,15,134,1,P002661   ,0.0,0.0,PAM,3,"PREPELIC, KLEMEN",17:25,9,1,2,1,4,4,4,0,0,0,2,0,2,1,0,4,3,5,11.0
2022,RS,15,134,1,P010393   ,0.0,0.0,PAM,4,"PRADILLA, JAIME",04:42,5,2,2,0,0,1,1,1,0,1,0,0,0,0,0,2,1,5,-1.0
2022,RS,15,134,1,P011971   ,1.0,1.0,PAM,5,"WEBB III, JAMES",23:29,9,1,3,2,6,1,2,3,1,4,0,1,0,0,0,2,2,7,-8.0
2022,RS,15,134,1,P005356   ,0.0,1.0,PAM,6,"LOPEZ-AROSTEGUI, XABI",17:58,3,0,3,0,0,3,4,0,3,3,0,0,0,0,1,1,3,3,6.0
2022,RS,15,134,1,P010568   ,1.0,1.0,PAM,7,"JONES, CHRIS",25:45,9,3,7,0,2,3,4,1,2,3,7,2,1,0,0,3,6,16,-12.0
2022,RS,15,134,1,P011972   ,1.0,1.0,PAM,12,"RADEBAUGH, JONAH",20:55,6,0,0,2,3,0,0,0,2,2,2,0,1,1,0,4,0,5,-6.0
2022,RS,15,134,1,P002742   ,1.0,0.0,PAM,14,"DUBLJEVIC, BOJAN",26:35,14,4,6,2,5,0,0,1,5,6,2,1,0,0,0,1,0,17,-2.0
2022,RS,15,134,1,P011973   ,0.0,0.0,PAM,21,"ALEXANDER, KYLE",09:32,0,0,1,0,0,0,0,2,0,2,0,0,0,0,0,2,0,-1,11.0
2022,RS,15,134,1,P011214   ,0.0,1.0,PAM,41,"RIVERO, JASIEL",19:49,16,5,6,0,1,6,6,1,0,1,2,0,2,0,0,2,5,18,9.0
2022,RS,15,134,1,Team,0.0,0.0,PAM,,Team,,0,0,0,0,0,0,0,3,4,7,0,0,0,0,0,0,0,7,
2022,RS,15,134,1,Total,,,PAM,,Total,200:00,84,19,36,8,27,22,25,12,19,31,20,6,10,2,1,26,26,93,
2022,RS,15,134,0,P011244   ,0.0,0.0,BAR,1,"DA SILVA, OSCAR",07:13,3,1,2,0,0,1,2,1,1,2,0,0,0,0,1,1,1,2,-6.0
2022,RS,15,134,0,P000925   ,1.0,0.0,BAR,6,"VESELY, JAN",25:13,14,4,5,0,0,6,8,1,1,2,0,0,3,0,0,4,5,11,-2.0
2022,RS,15,134,0,P004866   ,1.0,1.0,BAR,10,"KALINIC, NIKOLA",25:21,4,0,1,1,1,1,1,1,7,8,3,1,1,0,0,3,3,14,11.0
2022,RS,15,134,0,P002939   ,1.0,1.0,BAR,13,"SATORANSKY, TOMAS",23:06,6,2,4,0,1,2,3,2,4,6,4,1,2,0,0,3,3,11,22.0
2022,RS,15,134,0,P006435   ,1.0,1.0,BAR,20,"LAPROVITTOLA, NICOLAS",34:58,28,2,6,6,11,6,7,3,1,4,7,1,2,0,1,3,7,31,-1.0
2022,RS,15,134,0,P003478   ,0.0,1.0,BAR,21,"ABRINES, ALEX",07:12,0,0,0,0,0,0,0,0,1,1,0,0,0,0,0,4,0,-3,-12.0
2022,RS,15,134,0,P006450   ,0.0,0.0,BAR,22,"HIGGINS, CORY",13:00,2,0,0,0,1,2,2,0,2,2,2,0,2,0,0,0,3,6,-9.0
2022,RS,15,134,0,P008966   ,0.0,0.0,BAR,23,"TOBEY, MIKE",11:40,4,2,4,0,0,0,0,3,2,5,1,0,0,0,0,3,0,5,7.0
2022,RS,15,134,0,P005789   ,0.0,0.0,BAR,24,"KURIC, KYLE",17:05,10,2,3,2,3,0,0,0,0,0,0,0,1,0,0,2,0,5,-13.0
2022,RS,15,134,0,P007519   ,0.0,0.0,BAR,31,"JOKUBAITIS, ROKAS",03:11,1,0,1,0,0,1,2,0,0,0,0,0,1,0,0,1,1,-2,-7.0
2022,RS,15,134,0,P000796   ,1.0,1.0,BAR,33,"MIROTIC, NIKOLA",29:08,11,2,3,1,8,4,4,0,1,1,2,1,2,1,0,3,3,6,11.0
2022,RS,15,134,0,P010641   ,0.0,0.0,BAR,46,"NNAJI, JAMES",02:53,0,0,0,0,0,0,0,0,0,0,0,0,0,0,0,0,0,0,-6.0
2022,RS,15,134,0,Team,0.0,0.0,BAR,,Team,,0,0,0,0,0,0,0,0,2,2,0,0,0,0,0,0,0,2,
2022,RS,15,134,0,Total,,,BAR,,Total,200:00,83,15,29,10,25,23,29,11,22,33,19,4,14,1,2,27,26,88,
2022,RS,15,135,1,P007870   ,1.0,1.0,MIL,0,"DAVIES, BRANDON",32:26,14,3,6,2,2,2,2,1,2,3,4,0,3,0,1,1,5,18,19.0
2022,RS,15,135,1,P005094   ,0.0,0.0,MIL,1,"THOMAS, DESHAUN",DNP,0,0,0,0,0,0,0,0,0,0,0,0,0,0,0,0,0,0,0.0
2022,RS,15,135,1,P012080   ,0.0,0.0,MIL,2,"LUWAWU-CABARROT, TIMOTHE",09:13,0,0,0,0,1,0,0,0,1,1,1,0,1,0,0,2,0,-2,2.0
2022,RS,15,135,1,P011965   ,0.0,0.0,MIL,3,"MITROU-LONG, NAZ",17:13,5,1,2,0,1,3,3,0,3,3,3,1,4,0,1,3,2,4,2.0
2022,RS,15,135,1,P006509   ,0.0,0.0,MIL,7,"TONUT, STEFANO",05:55,0,0,1,0,1,0,0,0,1,1,0,0,1,0,0,0,0,-2,-17.0
2022,RS,15,135,1,P002849   ,1.0,1.0,MIL,9,"MELLI, NICOLO",26:25,7,1,4,1,3,2,4,1,5,6,1,3,1,0,0,3,2,8,9.0
2022,RS,15,135,1,P005775   ,1.0,1.0,MIL,12,"BARON, BILLY",34:12,23,2,6,6,10,1,1,0,1,1,1,2,2,0,0,2,1,16,17.0
2022,RS,15,135,1,P001518   ,1.0,1.0,MIL,17,"RICCI, GIAMPAOLO",26:35,11,3,6,1,2,2,3,6,2,8,1,0,0,2,0,4,2,15,11.0
2022,RS,15,135,1,P011205   ,1.0,1.0,MIL,22,"HALL, DEVON",30:26,12,4,5,1,5,1,1,1,3,4,2,0,1,0,0,4,5,13,11.0
2022,RS,15,135,1,P006707   ,0.0,0.0,MIL,25,"BALDASSO, TOMMASO",DNP,0,0,0,0,0,0,0,0,0,0,0,0,0,0,0,0,0,0,0.0
2022,RS,15,135,1,P002812   ,0.0,0.0,MIL,42,"HINES, KYLE",12:58,6,3,6,0,0,0,0,4,1,5,1,0,0,0,0,4,0,5,-7.0
2022,RS,15,135,1,P007201   ,0.0,0.0,MIL,77,"VOIGTMANN, JOHANNES",04:37,1,0,3,0,1,1,2,4,0,4,0,0,0,0,0,2,1,-1,-7.0
2022,RS,15,135,1,Team,0.0,0.0,MIL,,Team,,0,0,0,0,0,0,0,0,2,2,0,0,0,0,0,0,0,2,
2022,RS,15,135,1,Total,,,MIL,,Total,200:00,79,17,39,11,26,12,16,17,21,38,14,6,13,2,2,25,18,76,
2022,RS,15,135,0,P010588   ,1.0,1.0,MCO,0,"BROWN, JOHN",27:50,3,1,5,0,1,1,2,3,2,5,2,2,0,1,0,1,2,8,-15.0
2022,RS,15,135,0,P011212   ,0.0,0.0,MCO,0,"OKOBO, ELIE",27:40,16,2,5,2,3,6,6,0,2,2,0,1,4,0,0,5,4,10,0.0
2022,RS,15,135,0,P009754   ,1.0,0.0,MCO,3,"LOYD, JORDAN",01:04,0,0,0,0,0,0,0,0,0,0,0,0,0,0,0,0,0,0,0.0
2022,RS,15,135,0,P011231   ,0.0,1.0,MCO,4,"BLOSSOMGAME, JARON",17:20,0,0,2,0,4,0,0,2,0,2,1,0,0,0,0,2,1,-4,-16.0
2022,RS,15,135,0,P011935   ,0.0,0.0,MCO,5,"MAKOUNDOU, YOAN",00:20,0,0,0,0,0,0,0,0,0,0,0,0,0,0,0,0,0,0,-1.0
2022,RS,15,135,0,P011226   ,1.0,1.0,MCO,11,"DIALLO, ALPHA",37:11,10,3,6,1,5,1,2,3,3,6,1,1,2,0,0,3,1,6,-19.0
2022,RS,15,135,0,P001833   ,0.0,0.0,MCO,18,"MOERMAN, ADRIEN",01:44,0,0,0,0,0,0,0,0,0,0,0,0,0,0,0,1,0,-1,8.0
2022,RS,15,135,0,PLCZ      ,1.0,0.0,MCO,20,"MOTIEJUNAS, DONATAS",23:07,9,3,6,0,0,3,6,2,4,6,0,1,1,0,1,0,6,14,2.0
2022,RS,15,135,0,P004197   ,0.0,1.0,MCO,24,"OUATTARA, YAKUBA",09:50,0,0,0,0,0,0,0,0,1,1,0,0,0,0,0,3,0,-2,6.0
2022,RS,15,135,0,P008099   ,0.0,0.0,MCO,32,"STRAZEL, MATTHEW",DNP,0,0,0,0,0,0,0,0,0,0,0,0,0,0,0,0,0,0,0.0
2022,RS,15,135,0,P011196   ,0.0,0.0,MCO,45,"HALL, DONTA",14:40,9,4,5,0,0,1,1,5,2,7,0,0,0,1,0,1,1,16,-2.0
2022,RS,15,135,0,P005985   ,1.0,1.0,MCO,55,"JAMES, MIKE",39:14,24,6,14,2,10,6,8,2,2,4,5,2,5,0,1,2,8,17,-3.0
2022,RS,15,135,0,Team,0.0,0.0,MCO,,Team,,0,0,0,0,0,0,0,5,5,10,0,0,1,0,0,0,0,9,
2022,RS,15,135,0,Total,,,MCO,,Total,200:00,71,19,43,5,23,18,25,22,21,43,9,7,13,2,2,18,23,73,
2022,RS,16,136,1,P010588   ,1.0,1.0,MCO,0,"BROWN, JOHN",21:33,4,1,1,0,0,2,3,0,2,2,0,0,0,1,0,4,3,5,1.0
2022,RS,16,136,1,P011212   ,0.0,1.0,MCO,0,"OKOBO, ELIE",30:21,22,3,6,2,5,10,11,1,3,4,9,4,1,0,0,2,6,35,4.0
2022,RS,16,136,1,P011231   ,1.0,1.0,MCO,4,"BLOSSOMGAME, JARON",25:17,8,3,4,0,1,2,2,2,4,6,0,0,0,0,0,3,1,10,2.0
2022,RS,16,136,1,P011935   ,0.0,0.0,MCO,5,"MAKOUNDOU, YOAN",DNP,0,0,0,0,0,0,0,0,0,0,0,0,0,0,0,0,0,0,0.0
2022,RS,16,136,1,P011226   ,0.0,1.0,MCO,11,"DIALLO, ALPHA",24:22,14,3,4,1,3,5,6,1,1,2,3,0,0,0,0,4,6,17,-5.0
2022,RS,16,136,1,P001833   ,0.0,0.0,MCO,18,"MOERMAN, ADRIEN",02:34,0,0,0,0,0,0,0,1,0,1,0,0,0,0,0,1,0,0,-4.0
2022,RS,16,136,1,PLCZ      ,1.0,0.0,MCO,20,"MOTIEJUNAS, DONATAS",22:16,7,3,6,0,0,1,2,1,5,6,0,0,2,0,0,0,4,11,6.0
2022,RS,16,136,1,P004197   ,0.0,0.0,MCO,24,"OUATTARA, YAKUBA",16:24,14,4,4,2,3,0,0,1,0,1,0,0,0,0,0,1,0,13,5.0
2022,RS,16,136,1,P008099   ,1.0,0.0,MCO,32,"STRAZEL, MATTHEW",15:48,6,0,1,2,5,0,0,1,0,1,1,1,0,0,1,3,0,1,4.0
2022,RS,16,136,1,P011196   ,0.0,0.0,MCO,45,"HALL, DONTA",17:25,7,3,4,0,0,1,2,1,3,4,1,1,0,1,0,3,2,11,-5.0
2022,RS,16,136,1,P005985   ,1.0,1.0,MCO,55,"JAMES, MIKE",24:00,2,0,3,0,4,2,2,0,0,0,4,1,2,0,1,4,4,-3,2.0
2022,RS,16,136,1,Team,0.0,0.0,MCO,,Team,,0,0,0,0,0,0,0,0,0,0,0,0,1,0,0,0,0,-1,
2022,RS,16,136,1,Total,,,MCO,,Total,200:00,84,20,33,7,21,23,28,9,18,27,18,7,6,2,2,25,26,99,
2022,RS,16,136,0,P011218   ,1.0,1.0,ZAL,2,"EVANS, KEENAN",34:00,17,1,2,3,6,6,8,0,4,4,5,2,2,1,1,4,8,24,0.0
2022,RS,16,136,0,P007513   ,1.0,0.0,ZAL,3,"GIEDRAITIS, DOVYDAS",03:45,2,1,1,0,0,0,0,0,0,0,1,0,0,0,0,0,0,3,2.0
2022,RS,16,136,0,P010824   ,0.0,0.0,ZAL,7,"KUBLICKAS, KAJUS",DNP,0,0,0,0,0,0,0,0,0,0,0,0,0,0,0,0,0,0,0.0
2022,RS,16,136,0,P010390   ,1.0,1.0,ZAL,8,"HAYES, KEVARRIUS",19:05,4,2,6,0,0,0,0,1,3,4,0,0,2,1,1,3,1,0,-1.0
2022,RS,16,136,0,P007109   ,1.0,1.0,ZAL,10,"SMITS, ROLANDS",28:51,18,2,4,3,3,5,5,1,4,5,0,0,2,0,0,3,4,20,9.0
2022,RS,16,136,0,P010185   ,0.0,0.0,ZAL,14,"KRIVAS, MOTIEJUS",DNP,0,0,0,0,0,0,0,0,0,0,0,0,0,0,0,0,0,0,0.0
2022,RS,16,136,0,P005504   ,0.0,0.0,ZAL,15,"BIRUTIS, LAURYNAS",20:26,10,4,7,0,0,2,3,4,3,7,1,0,1,0,0,3,2,12,-4.0
2022,RS,16,136,0,P006158   ,0.0,0.0,ZAL,16,"LUKOSIUNAS, KAROLIS",16:43,5,1,1,1,2,0,0,0,1,1,1,0,0,0,0,3,0,3,0.0
2022,RS,16,136,0,P011983   ,0.0,0.0,ZAL,17,"BRAZDEIKIS, IGNAS",14:22,3,1,4,0,0,1,2,2,2,4,1,0,0,0,0,2,2,4,4.0
2022,RS,16,136,0,P003211   ,0.0,1.0,ZAL,33,"DIMSA, TOMAS",19:06,8,1,2,2,3,0,0,1,0,1,0,0,0,0,0,3,0,4,2.0
2022,RS,16,136,0,P002676   ,0.0,0.0,ZAL,51,"BUTKEVICIUS, ARNAS",17:38,3,0,1,1,4,0,0,2,3,5,0,1,1,0,0,3,2,3,-12.0
2022,RS,16,136,0,P002329   ,1.0,1.0,ZAL,92,"ULANOVAS, EDGARAS",26:04,12,2,7,0,2,8,8,0,0,0,2,0,3,0,0,2,5,7,-10.0
2022,RS,16,136,0,Team,0.0,0.0,ZAL,,Team,,0,0,0,0,0,0,0,2,0,2,0,0,2,0,0,0,0,0,
2022,RS,16,136,0,Total,,,ZAL,,Total,200:00,82,15,35,10,20,22,26,13,20,33,11,3,13,2,2,26,24,80,
2022,RS,16,137,1,P012056   ,1.0,1.0,TEL,3,"ADAMS, JALEN",22:51,11,4,6,1,6,0,0,0,1,1,3,1,0,0,0,2,1,8,14.0
2022,RS,16,137,1,P009622   ,1.0,1.0,TEL,4,"BROWN, LORENZO",35:05,23,8,13,2,6,1,1,0,3,3,7,2,2,0,2,2,3,23,17.0
2022,RS,16,137,1,P011967   ,0.0,0.0,TEL,6,"MARTIN, JARELL",19:05,8,0,4,2,5,2,2,1,8,9,0,0,2,0,0,4,1,5,-11.0
2022,RS,16,137,1,P004233   ,0.0,0.0,TEL,8,"MENCO, RAFI",DNP,0,0,0,0,0,0,0,0,0,0,0,0,0,0,0,0,0,0,0.0
2022,RS,16,137,1,P011219   ,0.0,0.0,TEL,9,"SORKIN, ROMAN",16:45,2,1,3,0,0,0,0,1,0,1,0,0,0,0,0,2,0,-1,-9.0
2022,RS,16,137,1,P007990   ,0.0,1.0,TEL,12,"DIBARTOLOMEO, JOHN",21:34,12,2,2,2,6,2,2,0,2,2,2,2,1,0,0,1,3,15,6.0
2022,RS,16,137,1,P008989   ,0.0,1.0,TEL,13,"HILLIARD, DARRUN",11:48,2,0,1,0,1,2,2,1,1,2,1,0,0,1,0,1,1,4,-6.0
2022,RS,16,137,1,P005145   ,1.0,0.0,TEL,15,"COHEN, JAKE",12:43,1,0,1,0,0,1,2,0,2,2,0,0,0,0,0,1,1,1,11.0
2022,RS,16,137,1,P009917   ,0.0,1.0,TEL,20,"HOLLINS, AUSTIN",13:20,0,0,1,0,2,0,0,1,2,3,0,0,0,0,0,2,1,-1,-11.0
2022,RS,16,137,1,P011199   ,1.0,0.0,TEL,32,"NEBO, JOSH",24:32,10,4,5,0,0,2,4,3,5,8,0,1,1,1,0,3,4,17,11.0
2022,RS,16,137,1,P011220   ,0.0,0.0,TEL,33,"ZIV, IFTAH",DNP,0,0,0,0,0,0,0,0,0,0,0,0,0,0,0,0,0,0,0.0
2022,RS,16,137,1,P009783   ,1.0,0.0,TEL,50,"COLSON, BONZIE",22:17,11,2,5,2,2,1,1,1,1,2,0,3,0,0,0,2,1,12,18.0
2022,RS,16,137,1,Team,0.0,0.0,TEL,,Team,,0,0,0,0,0,0,0,2,0,2,0,0,0,0,0,0,0,2,
2022,RS,16,137,1,Total,,,TEL,,Total,200:00,80,21,41,9,28,11,14,10,25,35,13,9,6,2,2,20,16,85,
2022,RS,16,137,0,P007200   ,0.0,1.0,IST,0,"LARKIN, SHANE",16:56,4,1,1,0,2,2,2,0,2,2,0,0,2,0,0,2,3,3,5.0
2022,RS,16,137,0,P006590   ,1.0,1.0,IST,1,"BEAUBOIS, RODRIGUE",25:56,14,3,4,2,5,2,2,0,1,1,1,0,0,2,0,1,1,14,-12.0
2022,RS,16,137,0,P009846   ,1.0,1.0,IST,6,"BRYANT, ELIJAH",24:34,9,2,4,1,2,2,2,0,1,1,0,0,3,0,1,2,2,3,-12.0
2022,RS,16,137,0,P010516   ,0.0,0.0,IST,11,"GAZI, ERTEN",DNP,0,0,0,0,0,0,0,0,0,0,0,0,0,0,0,0,0,0,0.0
2022,RS,16,137,0,P004888   ,0.0,1.0,IST,12,"CLYBURN, WILL",32:44,20,3,5,3,9,5,8,3,4,7,1,2,2,0,1,1,11,26,3.0
2022,RS,16,137,0,P012068   ,0.0,0.0,IST,13,"TAYLOR, ISAIAH",00:04,0,0,0,0,0,0,0,0,0,0,0,0,0,0,0,0,0,0,0.0
2022,RS,16,137,0,PLHK      ,0.0,0.0,IST,21,"PLEISS, TIBOR",20:49,2,1,2,0,1,0,0,0,5,5,1,0,0,0,0,3,0,3,4.0
2022,RS,16,137,0,P002580   ,1.0,0.0,IST,22,"MICIC, VASILIJE",32:10,13,2,3,2,8,3,4,0,6,6,7,0,5,0,0,2,3,14,-12.0
2022,RS,16,137,0,P007993   ,1.0,0.0,IST,24,"M'BAYE, AMATH",28:08,8,1,1,2,3,0,0,0,5,5,1,1,2,0,0,2,0,10,-6.0
2022,RS,16,137,0,P002084   ,0.0,0.0,IST,33,"POLONARA, ACHILLE",DNP,0,0,0,0,0,0,0,0,0,0,0,0,0,0,0,0,0,0,0.0
2022,RS,16,137,0,P004554   ,1.0,0.0,IST,41,"ZIZIC, ANTE",07:30,2,1,2,0,0,0,0,2,1,3,1,0,1,0,0,2,0,2,2.0
2022,RS,16,137,0,P003048   ,0.0,1.0,IST,42,"DUNSTON, BRYANT",11:09,0,0,0,0,0,0,0,0,1,1,0,0,1,0,0,1,0,-1,-12.0
2022,RS,16,137,0,Team,0.0,0.0,IST,,Team,,0,0,0,0,0,0,0,1,3,4,0,0,0,0,0,0,0,4,
2022,RS,16,137,0,Total,,,IST,,Total,200:00,72,14,22,10,30,14,18,6,29,35,12,3,16,2,2,16,20,78,
2022,RS,16,138,1,P007870   ,1.0,0.0,MIL,0,"DAVIES, BRANDON",25:36,17,6,6,0,0,5,6,0,3,3,6,2,1,2,0,1,5,32,8.0
2022,RS,16,138,1,P005094   ,0.0,1.0,MIL,1,"THOMAS, DESHAUN",11:41,7,1,2,1,1,2,2,0,1,1,0,0,1,1,0,2,2,7,4.0
2022,RS,16,138,1,P012080   ,1.0,1.0,MIL,2,"LUWAWU-CABARROT, TIMOTHE",29:16,8,4,8,0,3,0,0,1,3,4,3,1,1,0,1,4,1,4,-5.0
2022,RS,16,138,1,P011965   ,0.0,1.0,MIL,3,"MITROU-LONG, NAZ",16:04,12,0,1,4,7,0,0,0,1,1,1,0,1,0,0,4,0,5,10.0
2022,RS,16,138,1,P006509   ,0.0,0.0,MIL,7,"TONUT, STEFANO",DNP,0,0,0,0,0,0,0,0,0,0,0,0,0,0,0,0,0,0,0.0
2022,RS,16,138,1,P002849   ,1.0,0.0,MIL,9,"MELLI, NICOLO",23:24,5,2,4,0,3,1,2,1,3,4,1,0,0,0,0,2,4,6,-3.0
2022,RS,16,138,1,P005775   ,1.0,0.0,MIL,12,"BARON, BILLY",29:09,24,4,5,4,9,4,5,0,2,2,1,0,2,0,0,2,4,20,10.0
2022,RS,16,138,1,P001518   ,0.0,1.0,MIL,17,"RICCI, GIAMPAOLO",12:53,1,0,0,0,1,1,2,0,1,1,1,1,0,0,0,3,1,0,12.0
2022,RS,16,138,1,P011205   ,1.0,0.0,MIL,22,"HALL, DEVON",33:08,14,2,4,2,2,4,6,0,3,3,4,1,1,0,0,1,8,24,6.0
2022,RS,16,138,1,P006707   ,0.0,0.0,MIL,25,"BALDASSO, TOMMASO",DNP,0,0,0,0,0,0,0,0,0,0,0,0,0,0,0,0,0,0,0.0
2022,RS,16,138,1,P002812   ,0.0,1.0,MIL,42,"HINES, KYLE",18:49,2,1,1,0,0,0,0,2,4,6,1,0,2,1,0,2,1,7,13.0
2022,RS,16,138,1,P007201   ,0.0,0.0,MIL,77,"VOIGTMANN, JOHANNES",DNP,0,0,0,0,0,0,0,0,0,0,0,0,0,0,0,0,0,0,0.0
2022,RS,16,138,1,Team,0.0,0.0,MIL,,Team,,0,0,0,0,0,0,0,3,2,5,0,0,0,0,0,0,0,5,
2022,RS,16,138,1,Total,,,MIL,,Total,200:00,90,20,31,11,26,17,23,7,23,30,18,5,9,4,1,21,26,110,
2022,RS,16,138,0,P011970   ,1.0,1.0,PAM,0,"HARPER, JARED",23:56,9,1,1,1,4,4,4,0,0,0,7,0,0,0,0,1,3,15,1.0
2022,RS,16,138,0,P000556   ,0.0,1.0,PAM,1,"CLAVER, VICTOR",11:23,2,1,3,0,0,0,0,2,0,2,0,3,1,0,1,0,2,5,-17.0
2022,RS,16,138,0,P006643   ,0.0,0.0,PAM,2,"PUERTO, JOSEP",12:28,0,0,0,0,2,0,0,0,0,0,0,0,0,0,0,3,0,-5,-5.0
2022,RS,16,138,0,P002661   ,0.0,1.0,PAM,3,"PREPELIC, KLEMEN",16:42,12,1,1,2,5,4,4,0,0,0,2,0,2,0,0,3,5,11,-15.0
2022,RS,16,138,0,P010393   ,1.0,0.0,PAM,4,"PRADILLA, JAIME",10:20,4,2,4,0,2,0,0,0,0,0,0,0,0,0,1,3,0,-4,0.0
2022,RS,16,138,0,P011971   ,1.0,1.0,PAM,5,"WEBB III, JAMES",24:37,4,2,2,0,3,0,0,0,5,5,1,0,1,0,0,2,0,4,-4.0
2022,RS,16,138,0,P005356   ,0.0,0.0,PAM,6,"LOPEZ-AROSTEGUI, XABI",22:08,8,1,4,2,3,0,0,1,2,3,2,0,1,0,1,4,3,6,-5.0
2022,RS,16,138,0,P009101   ,0.0,0.0,PAM,8,"FERRANDO, GUILLEM",09:34,0,0,0,0,2,0,0,0,0,0,0,0,0,0,0,0,0,-2,-4.0
2022,RS,16,138,0,P011972   ,1.0,0.0,PAM,12,"RADEBAUGH, JONAH",20:22,4,2,3,0,4,0,0,1,1,2,1,1,1,0,0,1,0,1,-1.0
2022,RS,16,138,0,P002742   ,1.0,0.0,PAM,14,"DUBLJEVIC, BOJAN",21:19,26,8,8,3,4,1,1,1,6,7,1,0,5,0,0,5,4,27,0.0
2022,RS,16,138,0,P011973   ,0.0,0.0,PAM,21,"ALEXANDER, KYLE",06:03,2,1,2,0,0,0,0,2,3,5,1,0,0,0,0,0,0,7,9.0
2022,RS,16,138,0,P011214   ,0.0,1.0,PAM,41,"RIVERO, JASIEL",21:08,8,4,9,0,0,0,0,4,3,7,0,2,1,1,1,4,4,11,-14.0
2022,RS,16,138,0,Team,0.0,0.0,PAM,,Team,,0,0,0,0,0,0,0,1,0,1,0,0,1,0,0,0,0,0,
2022,RS,16,138,0,Total,,,PAM,,Total,200:00,79,23,37,8,29,9,9,12,20,32,15,6,13,1,4,26,21,76,
2022,RS,16,139,1,P009212   ,0.0,0.0,PAR,1,"VUKCEVIC, TRISTAN",DNP,0,0,0,0,0,0,0,0,0,0,0,0,0,0,0,0,0,0,0.0
2022,RS,16,139,1,P008987   ,1.0,1.0,PAR,2,"LEDAY, ZACH",34:40,15,4,6,1,1,4,5,0,9,9,0,0,0,0,0,2,4,23,10.0
2022,RS,16,139,1,P003983   ,0.0,0.0,PAR,4,"AVRAMOVIC, ALEKSA",03:13,2,1,3,0,0,0,1,0,1,1,0,0,0,0,0,0,1,1,3.0
2022,RS,16,139,1,P009862   ,0.0,0.0,PAR,7,"PUNTER, KEVIN",22:28,6,1,6,0,2,4,4,0,1,1,2,1,0,0,0,4,3,2,-9.0
2022,RS,16,139,1,P011051   ,0.0,0.0,PAR,9,"SMAILAGIC, ALEN",10:56,2,1,1,0,0,0,0,3,0,3,0,0,0,0,0,2,1,4,-1.0
2022,RS,16,139,1,P005161   ,0.0,1.0,PAR,10,"PAPAPETROU, IOANNIS",19:55,2,1,2,0,1,0,0,0,2,2,0,0,1,1,0,3,0,-1,2.0
2022,RS,16,139,1,P011302   ,0.0,0.0,PAR,11,"EXUM, DANTE",17:41,19,6,9,1,5,4,7,0,0,0,3,0,2,1,1,2,6,14,-10.0
2022,RS,16,139,1,P007400   ,1.0,0.0,PAR,21,"NUNNALLY, JAMES",21:42,5,1,4,1,4,0,0,1,3,4,2,0,1,1,0,3,2,4,2.0
2022,RS,16,139,1,P003842   ,1.0,1.0,PAR,26,"LESSORT, MATHIAS",29:04,16,5,8,0,0,6,7,4,7,11,1,2,1,1,0,3,5,28,7.0
2022,RS,16,139,1,P007673   ,1.0,1.0,PAR,32,"TRIFUNOVIC, UROS",18:15,2,1,2,0,1,0,0,0,1,1,0,1,0,0,0,2,1,1,15.0
2022,RS,16,139,1,P000956   ,0.0,0.0,PAR,33,"ANDJUSIC, DANILO",DNP,0,0,0,0,0,0,0,0,0,0,0,0,0,0,0,0,0,0,0.0
2022,RS,16,139,1,P011052   ,1.0,1.0,PAR,41,"MADAR, YAM",22:06,14,6,9,0,1,2,2,2,1,3,3,0,1,1,0,4,3,15,11.0
2022,RS,16,139,1,Team,0.0,0.0,PAR,,Team,,0,0,0,0,0,0,0,1,0,1,0,0,0,0,0,0,0,1,
2022,RS,16,139,1,Total,,,PAR,,Total,200:00,83,27,50,3,15,20,26,11,25,36,11,4,6,5,1,25,26,92,
2022,RS,16,139,0,P010391   ,1.0,1.0,MUN,0,"WEILER-BABB, NICK",31:27,1,0,1,0,4,1,2,1,3,4,4,2,3,0,0,2,3,3,-9.0
2022,RS,16,139,0,P009866   ,0.0,0.0,MUN,2,"WALDEN, COREY",21:37,7,2,4,1,6,0,0,0,0,0,3,0,1,0,0,4,2,0,0.0
2022,RS,16,139,0,P011940   ,0.0,0.0,MUN,5,"WINSTON, CASSIUS",14:23,10,1,4,2,5,2,2,1,2,3,1,0,0,0,1,4,2,5,1.0
2022,RS,16,139,0,P005160   ,0.0,1.0,MUN,8,"HUNTER, OTHELLO",26:25,16,5,9,1,3,3,3,6,8,14,0,0,3,0,1,2,1,19,1.0
2022,RS,16,139,0,P006760   ,1.0,1.0,MUN,9,"BONGA, ISAAC",30:36,11,2,3,1,3,4,6,2,1,3,1,0,1,0,1,2,3,9,-3.0
2022,RS,16,139,0,P004058   ,1.0,1.0,MUN,10,"JARAMAZ, OGNJEN",19:15,14,0,1,2,3,8,8,0,1,1,2,0,0,0,1,4,8,18,-7.0
2022,RS,16,139,0,P005056   ,0.0,0.0,MUN,16,"ZIPSER, PAUL",05:20,0,0,0,0,1,0,0,0,1,1,0,0,0,0,0,1,0,-1,0.0
2022,RS,16,139,0,P005478   ,0.0,0.0,MUN,17,"WIMBERG, NIKLAS",DNP,0,0,0,0,0,0,0,0,0,0,0,0,0,0,0,0,0,0,0.0
2022,RS,16,139,0,P005460   ,0.0,0.0,MUN,20,"HARRIS, ELIAS",07:19,2,1,4,0,0,0,0,1,0,1,0,0,0,0,1,2,0,-3,0.0
2022,RS,16,139,0,P006477   ,1.0,1.0,MUN,21,"RUBIT, AUGUSTINE",30:03,14,2,5,0,2,10,12,4,7,11,2,0,0,0,0,2,6,24,-6.0
2022,RS,16,139,0,P011941   ,1.0,0.0,MUN,33,"GILLESPIE, FREDDIE",13:35,2,1,3,0,0,0,0,1,3,4,0,0,0,1,0,3,0,2,-7.0
2022,RS,16,139,0,Team,0.0,0.0,MUN,,Team,,0,0,0,0,0,0,0,1,0,1,0,0,0,0,0,0,0,1,
2022,RS,16,139,0,Total,,,MUN,,Total,200:00,77,14,34,7,27,28,33,17,26,43,13,2,8,1,5,26,25,77,
2022,RS,16,140,1,P011948   ,1.0,0.0,BAS,0,"HOWARD, MARKUS",23:53,28,5,9,6,11,0,0,0,2,2,3,0,3,0,0,2,3,22,0.0
2022,RS,16,140,1,P006754   ,0.0,1.0,BAS,7,"HENRY, PIERRIA",26:43,10,3,7,0,1,4,6,2,0,2,5,1,3,0,1,1,5,11,7.0
2022,RS,16,140,1,P007230   ,0.0,1.0,BAS,8,"SEDEKERSKIS, TADAS",12:48,2,1,1,0,0,0,0,0,3,3,0,0,0,0,0,2,1,4,1.0
2022,RS,16,140,1,P004761   ,0.0,0.0,BAS,9,"MARINKOVIC, VANJA",06:44,3,1,2,0,1,1,2,0,0,0,0,0,0,0,1,1,1,-1,7.0
2022,RS,16,140,1,P003198   ,1.0,0.0,BAS,11,"DIEZ, DANIEL",04:26,0,0,0,0,0,0,0,0,1,1,0,0,0,0,0,1,0,0,1.0
2022,RS,16,140,1,P011078   ,1.0,1.0,BAS,13,"THOMPSON, DARIUS",23:10,2,0,4,0,3,2,2,3,3,6,3,2,4,0,0,2,4,4,-2.0
2022,RS,16,140,1,P004603   ,1.0,0.0,BAS,21,"KOTSAR, MAIK",16:44,0,0,2,0,0,0,2,1,1,2,2,1,0,1,1,3,1,-1,-5.0
2022,RS,16,140,1,P011239   ,0.0,0.0,BAS,23,"ENOCH, STEVEN",15:15,2,1,1,0,1,0,0,1,0,1,0,1,0,1,0,1,0,3,-4.0
2022,RS,16,140,1,P010444   ,0.0,0.0,BAS,24,"COSTELLO, MATTHEW",15:58,12,1,1,2,2,4,6,3,2,5,1,0,1,0,0,5,4,14,18.0
2022,RS,16,140,1,P006436   ,1.0,1.0,BAS,31,"GIEDRAITIS, ROKAS",30:42,21,4,6,3,6,4,4,2,3,5,1,2,0,0,0,1,3,26,-6.0
2022,RS,16,140,1,P011949   ,0.0,1.0,BAS,34,"HOMMES, DAULTON",23:37,12,2,3,2,2,2,2,0,4,4,1,0,0,0,0,3,4,17,13.0
2022,RS,16,140,1,P007265   ,0.0,0.0,BAS,47,"KURUCS, ARTURS",DNP,0,0,0,0,0,0,0,0,0,0,0,0,0,0,0,0,0,0,0.0
2022,RS,16,140,1,Team,0.0,0.0,BAS,,Team,,0,0,0,0,0,0,0,0,2,2,0,0,0,0,0,0,0,2,
2022,RS,16,140,1,Total,,,BAS,,Total,200:00,92,18,36,13,27,17,24,12,21,33,16,7,11,2,3,22,26,101,
2022,RS,16,140,0,P007982   ,0.0,1.0,MAD,0,"WILLIAMS-GOSS, NIGEL",26:12,16,6,10,1,2,1,3,1,1,2,5,1,2,0,0,3,1,13,3.0
2022,RS,16,140,0,P001392   ,0.0,1.0,MAD,1,"CAUSEUR, FABIEN",22:01,7,2,3,0,2,3,4,1,1,2,1,1,2,0,0,4,2,3,7.0
2022,RS,16,140,0,P003733   ,1.0,0.0,MAD,6,"ABALDE, ALBERTO",08:03,0,0,1,0,1,0,0,0,1,1,2,0,0,0,0,1,1,1,-5.0
2022,RS,16,140,0,P003108   ,0.0,0.0,MAD,11,"HEZONJA, MARIO",08:27,5,0,3,1,1,2,2,0,2,2,0,0,0,0,0,1,1,4,5.0
2022,RS,16,140,0,PCVM      ,1.0,0.0,MAD,13,"RODRIGUEZ, SERGIO",09:48,4,0,1,1,2,1,2,0,1,1,2,1,0,0,0,1,1,5,0.0
2022,RS,16,140,0,P009005   ,0.0,1.0,MAD,14,"DECK, GABRIEL",28:14,17,2,5,3,5,4,4,2,4,6,3,0,3,0,2,1,5,20,-12.0
2022,RS,16,140,0,P004887   ,0.0,0.0,MAD,17,"POIRIER, VINCENT",08:11,2,1,1,0,0,0,0,0,0,0,0,0,1,1,0,3,0,-1,-11.0
2022,RS,16,140,0,P004790   ,1.0,1.0,MAD,21,"CORNELIE, PETR",17:27,9,1,2,1,2,4,4,2,3,5,0,0,1,0,0,4,3,10,-12.0
2022,RS,16,140,0,P005791   ,1.0,1.0,MAD,22,"TAVARES, WALTER",27:48,15,7,8,0,0,1,1,5,7,12,2,2,2,2,0,4,1,27,13.0
2022,RS,16,140,0,PTGB      ,0.0,0.0,MAD,23,"LLULL, SERGIO",05:35,0,0,2,0,0,0,0,0,0,0,0,0,2,0,0,0,0,-4,-18.0
2022,RS,16,140,0,P010357   ,0.0,0.0,MAD,28,"YABUSELE, GUERSCHON",21:19,5,0,3,1,2,2,4,0,2,2,1,0,1,0,0,2,4,3,8.0
2022,RS,16,140,0,P006540   ,1.0,0.0,MAD,31,"MUSA, DZANAN",16:55,6,0,1,0,2,6,7,0,0,0,1,1,1,0,0,2,3,4,-8.0
2022,RS,16,140,0,Team,0.0,0.0,MAD,,Team,,0,0,0,0,0,0,0,2,1,3,0,0,0,0,0,0,0,3,
2022,RS,16,140,0,Total,,,MAD,,Total,200:00,86,19,40,8,19,24,31,13,23,36,17,6,15,3,2,26,22,88,
2022,RS,16,141,1,P004267   ,0.0,0.0,RED,0,"HOLLAND, JOHN",10:25,7,1,1,1,2,2,2,0,1,1,0,1,0,0,0,1,3,10,10.0
2022,RS,16,141,1,P007947   ,1.0,0.0,RED,1,"VILDOZA, LUCA",04:30,0,0,0,0,0,0,0,0,0,0,1,1,0,0,0,1,0,1,-4.0
2022,RS,16,141,1,P004720   ,1.0,0.0,RED,2,"LAZAREVIC, STEFAN",20:59,0,0,0,0,0,0,0,0,0,0,2,0,0,0,0,4,0,-2,-15.0
2022,RS,16,141,1,P002553   ,1.0,1.0,RED,9,"MITROVIC, LUKA",28:23,18,6,11,1,1,3,4,5,3,8,3,0,2,0,0,2,5,24,-8.0
2022,RS,16,141,1,PLUO      ,0.0,1.0,RED,10,"LAZIC, BRANKO",24:34,0,0,0,0,1,0,0,0,0,0,0,0,1,0,0,3,1,-4,-1.0
2022,RS,16,141,1,P004007   ,0.0,1.0,RED,13,"DOBRIC, OGNJEN",32:45,14,5,8,1,4,1,2,2,3,5,4,0,0,0,0,1,1,16,-6.0
2022,RS,16,141,1,P011964   ,0.0,0.0,RED,22,"ILIC, DALIBOR",DNP,0,0,0,0,0,0,0,0,0,0,0,0,0,0,0,0,0,0,0.0
2022,RS,16,141,1,P000848   ,1.0,1.0,RED,26,"NEDOVIC, NEMANJA",31:33,24,8,11,0,6,8,8,0,1,1,7,1,2,0,0,1,9,30,-1.0
2022,RS,16,141,1,PLME      ,0.0,1.0,RED,27,"MARKOVIC, STEFAN",20:43,3,1,1,0,2,1,2,0,3,3,0,1,1,0,0,2,1,2,1.0
2022,RS,16,141,1,P003479   ,0.0,0.0,RED,32,"KUZMIC, OGNJEN",01:12,0,0,0,0,0,0,0,0,0,0,0,0,0,0,0,0,0,0,-1.0
2022,RS,16,141,1,P011194   ,1.0,0.0,RED,33,"PETRUSEV, FILIP",31:17,24,10,14,0,3,4,5,2,7,9,0,0,0,1,0,5,3,24,-1.0
2022,RS,16,141,1,P009818   ,0.0,0.0,RED,50,"BENTIL, BENJAMIN",18:39,4,2,5,0,1,0,0,2,3,5,2,0,0,0,0,2,0,5,1.0
2022,RS,16,141,1,Team,0.0,0.0,RED,,Team,,0,0,0,0,0,0,0,1,2,3,0,0,0,0,0,0,0,3,
2022,RS,16,141,1,Total,,,RED,,Total,225:00,94,33,51,3,20,19,23,12,23,35,19,4,6,1,0,22,23,109,
2022,RS,16,141,0,P011244   ,0.0,0.0,BAR,1,"DA SILVA, OSCAR",12:55,3,1,1,0,1,1,1,1,0,1,0,1,1,0,0,2,1,2,-3.0
2022,RS,16,141,0,P002968   ,0.0,1.0,BAR,5,"SANLI, SERTAC",17:05,10,2,2,2,4,0,0,2,2,4,0,0,1,0,0,1,2,12,11.0
2022,RS,16,141,0,P000925   ,1.0,1.0,BAR,6,"VESELY, JAN",27:43,10,4,8,0,0,2,4,1,4,5,1,0,1,0,0,2,4,11,-8.0
2022,RS,16,141,0,P004866   ,1.0,1.0,BAR,10,"KALINIC, NIKOLA",22:34,7,2,3,1,2,0,1,1,1,2,3,0,1,0,1,0,1,8,-4.0
2022,RS,16,141,0,P002939   ,1.0,1.0,BAR,13,"SATORANSKY, TOMAS",33:18,19,2,5,5,6,0,0,0,3,3,10,2,1,0,0,3,2,28,16.0
2022,RS,16,141,0,P006435   ,1.0,0.0,BAR,20,"LAPROVITTOLA, NICOLAS",21:57,7,2,2,1,2,0,0,0,2,2,3,0,1,0,0,2,2,10,0.0
2022,RS,16,141,0,P003478   ,0.0,1.0,BAR,21,"ABRINES, ALEX",23:21,14,0,1,4,7,2,2,0,3,3,1,0,0,0,0,3,2,13,12.0
2022,RS,16,141,0,P006450   ,0.0,0.0,BAR,22,"HIGGINS, CORY",23:31,15,3,6,2,3,3,4,0,2,2,2,0,2,0,0,4,2,10,5.0
2022,RS,16,141,0,P008966   ,0.0,0.0,BAR,23,"TOBEY, MIKE",DNP,0,0,0,0,0,0,0,0,0,0,0,0,0,0,0,0,0,0,0.0
2022,RS,16,141,0,P005789   ,0.0,0.0,BAR,24,"KURIC, KYLE",DNP,0,0,0,0,0,0,0,0,0,0,0,0,0,0,0,0,0,0,0.0
2022,RS,16,141,0,P007519   ,0.0,0.0,BAR,31,"JOKUBAITIS, ROKAS",11:42,2,1,1,0,1,0,0,1,1,2,1,1,2,0,0,2,0,1,-11.0
2022,RS,16,141,0,P000796   ,1.0,0.0,BAR,33,"MIROTIC, NIKOLA",30:54,12,1,5,2,3,4,6,0,3,3,2,1,2,0,0,4,6,11,7.0
2022,RS,16,141,0,Team,0.0,0.0,BAR,,Team,,0,0,0,0,0,0,0,3,3,6,0,0,1,0,0,0,0,5,
2022,RS,16,141,0,Total,,,BAR,,Total,225:00,99,18,34,17,29,12,18,9,24,33,23,5,13,0,1,23,22,111,
2022,RS,16,142,1,P011936   ,1.0,1.0,ASV,0,"MATHEWS, JONAH",20:32,9,3,9,1,6,0,0,2,1,3,3,0,1,0,1,4,0,-2,3.0
2022,RS,16,142,1,P011937   ,0.0,0.0,ASV,1,"POLITE, ANTHONY",DNP,0,0,0,0,0,0,0,0,0,0,0,0,0,0,0,0,0,0,0.0
2022,RS,16,142,1,P006068   ,1.0,0.0,ASV,2,"NOUA, AMINE",15:43,6,0,0,2,5,0,0,0,1,1,2,0,0,0,0,1,1,6,-5.0
2022,RS,16,142,1,PKIR      ,0.0,1.0,ASV,5,"KAHUDI, CHARLES",24:41,14,2,2,3,7,1,1,0,3,3,1,0,2,0,0,2,1,11,-8.0
2022,RS,16,142,1,PTFK      ,0.0,0.0,ASV,8,"DIOT, ANTOINE",13:24,0,0,1,0,1,0,0,0,1,1,2,0,0,0,0,2,0,-1,-5.0
2022,RS,16,142,1,P004119   ,1.0,1.0,ASV,9,"TYUS, ALEX",27:50,13,6,7,0,0,1,2,5,4,9,1,0,0,2,0,2,1,22,0.0
2022,RS,16,142,1,P002100   ,1.0,1.0,ASV,12,"DE COLO, NANDO",26:12,10,1,1,2,2,2,2,0,1,1,3,2,1,0,0,1,1,15,-6.0
2022,RS,16,142,1,P006568   ,0.0,0.0,ASV,19,"FALL, YOUSSOUPHA",12:10,5,2,2,0,0,1,2,1,4,5,0,0,1,1,0,3,2,8,-12.0
2022,RS,16,142,1,P003526   ,0.0,0.0,ASV,23,"LIGHTY, DAVID",17:31,4,0,0,1,3,1,2,0,1,1,1,0,2,0,0,0,3,4,-9.0
2022,RS,16,142,1,P011938   ,1.0,1.0,ASV,32,"OBASOHAN, RETIN",26:55,12,3,7,2,4,0,0,0,4,4,3,1,2,0,0,1,2,13,-9.0
2022,RS,16,142,1,P011939   ,0.0,0.0,ASV,33,"JACKSON-CARTWRIGHT, PARKER",15:02,6,2,5,0,3,2,3,0,1,1,2,1,1,1,0,2,4,5,-9.0
2022,RS,16,142,1,P006832   ,0.0,0.0,ASV,35,"PONS, YVES",DNP,0,0,0,0,0,0,0,0,0,0,0,0,0,0,0,0,0,0,0.0
2022,RS,16,142,1,Team,0.0,0.0,ASV,,Team,,0,0,0,0,0,0,0,1,0,1,0,0,0,0,0,0,0,1,
2022,RS,16,142,1,Total,,,ASV,,Total,200:00,79,19,34,11,31,8,12,9,21,30,18,4,10,4,1,18,15,82,
2022,RS,16,142,0,P007032   ,1.0,1.0,BER,0,"LO, MAODO",27:46,12,3,5,1,6,3,3,0,3,3,4,1,2,0,0,1,2,12,5.0
2022,RS,16,142,0,P008384   ,0.0,0.0,BER,1,"PROCIDA, GABRIELE",02:13,0,0,0,0,0,0,0,0,0,0,0,0,0,0,0,1,0,-1,-4.0
2022,RS,16,142,0,P011192   ,1.0,1.0,BER,3,"SMITH, JALEEN",30:50,21,3,3,4,8,3,3,3,3,6,1,1,1,0,0,1,4,27,14.0
2022,RS,16,142,0,P008211   ,0.0,0.0,BER,6,"DELOW, MALTE",01:21,0,0,0,0,0,0,0,0,0,0,0,0,0,0,0,0,0,0,-6.0
2022,RS,16,142,0,P011934   ,0.0,0.0,BER,7,"WETZELL, YANNI",11:55,8,4,4,0,0,0,0,1,3,4,0,0,1,1,0,2,1,11,8.0
2022,RS,16,142,0,P006919   ,1.0,0.0,BER,19,"OLINDE, LOUIS",23:59,10,3,5,1,5,1,2,0,0,0,4,0,1,0,1,3,3,5,10.0
2022,RS,16,142,0,P010791   ,0.0,0.0,BER,21,"KOUMADJE, CHRIST",06:19,2,1,6,0,0,0,0,2,0,2,0,0,0,0,1,1,0,-3,-7.0
2022,RS,16,142,0,P003958   ,0.0,0.0,BER,32,"THIEMANN, JOHANNES",17:21,14,7,9,0,1,0,0,1,6,7,2,2,1,0,1,1,1,20,10.0
2022,RS,16,142,0,P006589   ,1.0,1.0,BER,43,"SIKMA, LUKE",22:39,2,1,2,0,0,0,0,1,6,7,7,1,2,0,0,0,3,17,2.0
2022,RS,16,142,0,P010385   ,1.0,1.0,BER,44,"LAMMERS, BEN",21:46,12,4,5,1,2,1,1,3,6,9,3,0,0,0,0,0,1,23,11.0
2022,RS,16,142,0,P011193   ,0.0,0.0,BER,45,"BLATT, TAMIR",12:14,3,0,0,0,5,3,3,0,0,0,3,0,0,0,1,2,1,-1,7.0
2022,RS,16,142,0,P006625   ,0.0,1.0,BER,50,"ZOOSMAN, YOVEL",21:37,7,2,3,1,3,0,0,0,1,1,3,1,0,0,0,3,2,8,10.0
2022,RS,16,142,0,Team,0.0,0.0,BER,,Team,,0,0,0,0,0,0,0,3,0,3,0,0,1,0,0,0,0,2,
2022,RS,16,142,0,Total,,,BER,,Total,200:00,91,28,42,8,30,11,12,14,28,42,27,6,9,1,4,15,18,120,
2022,RS,16,143,1,P006555   ,1.0,0.0,PAN,3,"WOLTERS, NATE",16:47,2,1,2,0,1,0,0,1,2,3,1,0,2,0,0,1,2,3,-10.0
2022,RS,16,143,1,P011225   ,0.0,1.0,PAN,5,"LEE, PARIS",28:41,4,1,3,0,3,2,3,0,3,3,4,1,1,0,0,0,3,8,-22.0
2022,RS,16,143,1,P005844   ,0.0,1.0,PAN,6,"PAPAGIANNIS, GEORGIOS",20:34,4,2,2,0,1,0,0,1,1,2,1,0,1,0,0,4,0,1,-9.0
2022,RS,16,143,1,P003240   ,0.0,0.0,PAN,7,"BOCHORIDIS, ELEFTHERIOS",DNP,0,0,0,0,0,0,0,0,0,0,0,0,0,0,0,0,0,0,0.0
2022,RS,16,143,1,P009006   ,1.0,1.0,PAN,8,"WILLIAMS, DERRICK",37:14,14,3,8,2,6,2,2,2,1,3,0,1,1,0,0,0,2,10,-17.0
2022,RS,16,143,1,P006586   ,1.0,1.0,PAN,16,"KALAITZAKIS, GEORGIOS",13:06,5,0,2,1,1,2,2,1,1,2,2,1,0,0,0,2,2,8,-6.0
2022,RS,16,143,1,P011286   ,1.0,0.0,PAN,24,"BACON, DWAYNE",31:12,30,5,12,6,8,2,2,0,6,6,1,0,4,0,1,4,4,23,-6.0
2022,RS,16,143,1,P011396   ,0.0,0.0,PAN,33,"CHOUGKAZ, NIKOS",DNP,0,0,0,0,0,0,0,0,0,0,0,0,0,0,0,0,0,0,0.0
2022,RS,16,143,1,P004172   ,0.0,1.0,PAN,37,"PONITKA, MATEUSZ",20:40,4,0,4,1,2,1,2,0,3,3,1,0,1,0,0,2,1,0,-13.0
2022,RS,16,143,1,P002328   ,0.0,0.0,PAN,40,"GRIGONIS, MARIUS",12:27,4,0,0,1,1,1,2,0,1,1,0,0,0,0,0,2,3,5,-22.0
2022,RS,16,143,1,P008084   ,0.0,0.0,PAN,72,"MANTZOUKAS, ELEFTHERIOS",DNP,0,0,0,0,0,0,0,0,0,0,0,0,0,0,0,0,0,0,0.0
2022,RS,16,143,1,P003120   ,1.0,0.0,PAN,77,"GUDAITIS, ARTURAS",19:19,4,2,4,0,0,0,0,1,2,3,0,0,0,0,0,3,1,3,-15.0
2022,RS,16,143,1,Team,0.0,0.0,PAN,,Team,,0,0,0,0,0,0,0,1,0,1,0,0,1,0,0,0,0,0,
2022,RS,16,143,1,Total,,,PAN,,Total,200:00,71,14,37,11,23,10,13,7,20,27,10,3,11,0,1,18,18,61,
2022,RS,16,143,0,P008855   ,1.0,1.0,OLY,0,"WALKUP, THOMAS",26:05,12,2,3,2,3,2,2,0,4,4,6,2,2,0,0,2,2,20,19.0
2022,RS,16,143,0,P010612   ,1.0,1.0,OLY,3,"CANAAN, ISAIAH",25:09,17,2,3,4,7,1,1,0,1,1,1,0,1,0,0,2,1,13,9.0
2022,RS,16,143,0,P006302   ,0.0,0.0,OLY,4,"LOUNTZIS, MICHALIS",DNP,0,0,0,0,0,0,0,0,0,0,0,0,0,0,0,0,0,0,0.0
2022,RS,16,143,0,P010392   ,0.0,0.0,OLY,5,"LARENTZAKIS, GIANNOULIS",21:07,5,0,1,1,5,2,2,0,3,3,5,0,2,0,0,3,3,6,24.0
2022,RS,16,143,0,P012023   ,0.0,0.0,OLY,9,"PAPAS, GEORGE",DNP,0,0,0,0,0,0,0,0,0,0,0,0,0,0,0,0,0,0,0.0
2022,RS,16,143,0,P008811   ,1.0,1.0,OLY,10,"FALL, MOUSTAPHA",23:52,19,9,10,0,0,1,2,2,7,9,5,0,2,1,0,3,5,32,-1.0
2022,RS,16,143,0,P001926   ,0.0,1.0,OLY,11,"SLOUKAS, KOSTAS",20:42,11,3,5,1,2,2,2,0,1,1,6,2,1,0,0,1,3,18,15.0
2022,RS,16,143,0,P001255   ,1.0,1.0,OLY,16,"PAPANIKOLAOU, KOSTAS",28:00,13,5,5,1,3,0,0,1,4,5,1,1,2,0,0,4,0,12,17.0
2022,RS,16,143,0,P009035   ,0.0,0.0,OLY,21,"BOLOMBOY, JOEL",16:08,11,5,8,0,1,1,1,3,3,6,1,1,0,0,0,1,2,16,25.0
2022,RS,16,143,0,P008829   ,1.0,0.0,OLY,25,"PETERS, ALEC",25:44,0,0,3,0,3,0,0,1,4,5,3,0,0,0,0,2,1,1,10.0
2022,RS,16,143,0,P008991   ,0.0,0.0,OLY,28,"BLACK, TARIK",DNP,0,0,0,0,0,0,0,0,0,0,0,0,0,0,0,0,0,0,0.0
2022,RS,16,143,0,P007853   ,0.0,0.0,OLY,77,"MCKISSIC, SHAQUIELLE",13:13,7,3,3,0,1,1,1,0,0,0,0,0,0,0,0,0,1,7,2.0
2022,RS,16,143,0,Team,0.0,0.0,OLY,,Team,,0,0,0,0,0,0,0,1,0,1,0,0,0,0,0,0,0,1,
2022,RS,16,143,0,Total,,,OLY,,Total,200:00,95,29,41,9,25,10,11,8,27,35,28,6,10,1,0,18,18,126,
2022,RS,16,144,1,P011064   ,1.0,0.0,VIR,1,"MANNION, NICCOLO",19:48,13,3,4,2,4,1,1,0,1,1,2,1,2,0,0,1,1,12,-1.0
2022,RS,16,144,1,PBCN      ,0.0,1.0,VIR,3,"BELINELLI, MARCO",18:09,18,4,5,2,4,4,4,0,2,2,0,1,0,0,0,0,5,23,8.0
2022,RS,16,144,1,P006739   ,0.0,1.0,VIR,6,"PAJOLA, ALESSANDRO",20:12,2,0,1,0,0,2,2,0,0,0,10,3,1,0,1,4,2,10,5.0
2022,RS,16,144,1,P004655   ,0.0,0.0,VIR,7,"BAKO, ISMAEL",10:20,2,1,1,0,0,0,0,0,1,1,0,2,1,0,0,3,0,1,7.0
2022,RS,16,144,1,P002581   ,1.0,0.0,VIR,14,"JAITEH, MAM",28:06,14,7,9,0,0,0,0,2,5,7,3,1,2,0,1,2,2,20,-8.0
2022,RS,16,144,1,P010781   ,1.0,1.0,VIR,19,"LUNDBERG, IFFE",15:42,0,0,0,0,0,0,0,0,0,0,2,0,2,0,0,1,0,-1,4.0
2022,RS,16,144,1,P001133   ,1.0,1.0,VIR,21,"SHENGELIA, TORNIKE",22:31,11,4,10,1,1,0,1,1,1,2,3,0,2,0,0,1,2,8,-1.0
2022,RS,16,144,1,P008847   ,0.0,1.0,VIR,25,"MICKEY, JORDAN",18:58,11,3,4,1,2,2,2,1,2,3,1,0,1,0,0,1,2,13,8.0
2022,RS,16,144,1,P008108   ,0.0,0.0,VIR,29,"CAMARA, GORA",DNP,0,0,0,0,0,0,0,0,0,0,0,0,0,0,0,0,0,0,0.0
2022,RS,16,144,1,P006592   ,1.0,0.0,VIR,34,"WEEMS, KYLE",21:51,12,0,2,4,5,0,0,0,4,4,0,1,0,0,0,1,0,13,-4.0
2022,RS,16,144,1,PJDR      ,0.0,0.0,VIR,44,"TEODOSIC, MILOS",24:23,9,0,1,2,6,3,3,1,0,1,5,0,2,0,0,3,5,10,2.0
2022,RS,16,144,1,Team,0.0,0.0,VIR,,Team,,0,0,0,0,0,0,0,0,0,0,0,0,0,0,0,0,0,0,
2022,RS,16,144,1,Total,,,VIR,,Total,200:00,92,22,37,12,22,12,13,5,16,21,26,9,13,0,2,17,19,109,
2022,RS,16,144,0,P011157   ,0.0,1.0,ULK,0,"MOTLEY, JOHNATHAN",34:14,26,11,14,0,0,4,8,4,4,8,2,0,2,1,0,3,5,30,-2.0
2022,RS,16,144,0,P003091   ,0.0,0.0,ULK,1,"BIRSEN, METECAN",00:16,0,0,0,0,0,0,0,0,0,0,0,0,0,0,0,0,0,0,2.0
2022,RS,16,144,0,P006661   ,1.0,1.0,ULK,3,"WILBEKIN, SCOTTIE",26:29,12,1,1,2,7,4,4,0,0,0,0,1,1,0,0,2,5,10,-2.0
2022,RS,16,144,0,P011987   ,0.0,0.0,ULK,4,"EDWARDS, CARSEN",DNP,0,0,0,0,0,0,0,0,0,0,0,0,0,0,0,0,0,0,0.0
2022,RS,16,144,0,P002969   ,0.0,1.0,ULK,10,"MAHMUTOGLU, MELIH",04:24,3,0,0,1,2,0,0,0,1,1,0,0,0,0,0,0,0,3,2.0
2022,RS,16,144,0,P008962   ,1.0,0.0,ULK,11,"HAYES-DAVIS, NIGEL",09:54,2,0,3,0,3,2,2,1,1,2,1,1,1,0,0,2,1,-2,-6.0
2022,RS,16,144,0,P006961   ,0.0,0.0,ULK,13,"BIBEROVIC, TARIK",05:02,0,0,0,0,1,0,0,1,0,1,1,0,0,0,0,1,1,1,0.0
2022,RS,16,144,0,P010560   ,1.0,0.0,ULK,21,"PIERRE, DYSHAWN",25:45,7,2,4,1,2,0,0,1,3,4,0,0,0,0,0,1,0,7,-2.0
2022,RS,16,144,0,P004004   ,0.0,1.0,ULK,23,"GUDURIC, MARKO",23:43,11,4,6,1,5,0,0,0,2,2,4,2,3,0,0,3,3,10,-5.0
2022,RS,16,144,0,P007056   ,0.0,0.0,ULK,31,"BOOKER, DEVIN",23:07,7,1,3,1,1,2,2,6,2,8,2,0,2,1,0,5,1,10,1.0
2022,RS,16,144,0,P001932   ,1.0,1.0,ULK,33,"CALATHES, NICK",33:29,12,3,6,2,4,0,0,0,6,6,4,1,5,0,0,2,1,12,-8.0
2022,RS,16,144,0,P011221   ,1.0,0.0,ULK,37,"ANTETOKOUNMPO, KOSTAS",13:37,8,4,4,0,0,0,0,1,0,1,1,1,1,0,0,0,0,10,0.0
2022,RS,16,144,0,Team,0.0,0.0,ULK,,Team,,0,0,0,0,0,0,0,2,2,4,0,0,0,0,0,0,0,4,
2022,RS,16,144,0,Total,,,ULK,,Total,200:00,88,26,41,8,25,12,16,16,21,37,15,6,15,2,0,19,17,95,
2022,RS,17,145,1,P011218   ,1.0,0.0,ZAL,2,"EVANS, KEENAN",00:57,2,1,1,0,0,0,0,0,1,1,0,0,1,0,0,0,0,2,-1.0
2022,RS,17,145,1,P007513   ,0.0,1.0,ZAL,3,"GIEDRAITIS, DOVYDAS",14:50,2,1,5,0,1,0,0,0,1,1,2,3,0,0,0,1,2,4,1.0
2022,RS,17,145,1,P003210   ,0.0,0.0,ZAL,4,"LEKAVICIUS, LUKAS",17:45,9,3,4,1,1,0,0,0,1,1,0,0,1,0,0,1,1,8,7.0
2022,RS,17,145,1,P010390   ,1.0,1.0,ZAL,8,"HAYES, KEVARRIUS",13:23,3,1,1,0,0,1,2,1,0,1,0,0,0,1,0,2,1,3,0.0
2022,RS,17,145,1,P007109   ,1.0,0.0,ZAL,10,"SMITS, ROLANDS",23:11,6,2,4,0,2,2,2,0,6,6,2,0,1,1,0,3,3,10,11.0
2022,RS,17,145,1,P010185   ,0.0,1.0,ZAL,14,"KRIVAS, MOTIEJUS",02:03,0,0,0,0,0,0,0,0,0,0,0,0,0,0,0,0,0,0,-5.0
2022,RS,17,145,1,P005504   ,0.0,0.0,ZAL,15,"BIRUTIS, LAURYNAS",23:17,15,7,10,0,0,1,1,4,2,6,3,3,0,1,0,1,3,27,24.0
2022,RS,17,145,1,P006158   ,0.0,1.0,ZAL,16,"LUKOSIUNAS, KAROLIS",10:01,2,1,1,0,1,0,0,2,1,3,0,1,0,0,0,1,0,4,-2.0
2022,RS,17,145,1,P011983   ,1.0,0.0,ZAL,17,"BRAZDEIKIS, IGNAS",28:28,17,7,11,1,3,0,0,1,2,3,3,0,3,0,1,3,2,12,18.0
2022,RS,17,145,1,P003211   ,0.0,1.0,ZAL,33,"DIMSA, TOMAS",20:27,17,2,3,4,7,1,1,1,1,2,1,1,1,0,0,4,2,14,9.0
2022,RS,17,145,1,P002676   ,0.0,0.0,ZAL,51,"BUTKEVICIUS, ARNAS",18:50,3,0,1,1,1,0,0,1,3,4,1,0,0,1,0,4,2,6,22.0
2022,RS,17,145,1,P002329   ,1.0,0.0,ZAL,92,"ULANOVAS, EDGARAS",26:48,10,3,3,0,3,4,4,4,1,5,1,0,5,0,0,1,2,9,16.0
2022,RS,17,145,1,Team,0.0,0.0,ZAL,,Team,,0,0,0,0,0,0,0,0,3,3,0,0,1,0,0,0,0,2,
2022,RS,17,145,1,Total,,,ZAL,,Total,200:00,86,28,44,7,19,9,10,14,22,36,13,8,13,4,1,21,18,101,
2022,RS,17,145,0,P011157   ,0.0,0.0,ULK,0,"MOTLEY, JOHNATHAN",16:49,8,2,8,0,0,4,6,3,2,5,1,0,2,1,1,2,4,6,-9.0
2022,RS,17,145,0,P003091   ,0.0,1.0,ULK,1,"BIRSEN, METECAN",16:44,6,3,8,0,0,0,2,3,4,7,1,1,2,0,0,2,1,5,-9.0
2022,RS,17,145,0,P011201   ,0.0,1.0,ULK,2,"HAZER, SEHMUS",12:47,5,1,1,1,1,0,0,1,0,1,0,0,2,0,0,2,0,2,5.0
2022,RS,17,145,0,P006661   ,1.0,0.0,ULK,3,"WILBEKIN, SCOTTIE",23:40,5,1,2,1,4,0,0,0,1,1,3,3,1,0,0,1,3,9,-24.0
2022,RS,17,145,0,P011987   ,0.0,0.0,ULK,4,"EDWARDS, CARSEN",14:55,8,4,5,0,5,0,0,0,0,0,1,0,0,0,0,1,1,3,2.0
2022,RS,17,145,0,P002969   ,0.0,1.0,ULK,10,"MAHMUTOGLU, MELIH",11:15,6,0,0,2,4,0,0,0,1,1,1,0,0,0,1,0,1,6,-2.0
2022,RS,17,145,0,P008962   ,1.0,0.0,ULK,11,"HAYES-DAVIS, NIGEL",08:25,0,0,0,0,0,0,0,1,0,1,1,0,0,0,0,1,1,2,-10.0
2022,RS,17,145,0,P010560   ,1.0,0.0,ULK,21,"PIERRE, DYSHAWN",12:40,4,0,1,1,1,1,4,1,0,1,1,0,0,0,0,0,3,5,-12.0
2022,RS,17,145,0,P004004   ,0.0,1.0,ULK,23,"GUDURIC, MARKO",28:12,6,3,5,0,2,0,0,1,3,4,4,0,4,0,1,1,2,6,-9.0
2022,RS,17,145,0,P007056   ,0.0,1.0,ULK,31,"BOOKER, DEVIN",25:44,10,2,4,1,3,3,4,4,0,4,0,0,1,0,0,4,3,7,4.0
2022,RS,17,145,0,P001932   ,1.0,0.0,ULK,33,"CALATHES, NICK",19:16,4,0,2,1,3,1,3,1,1,2,1,0,0,0,1,1,1,0,-22.0
2022,RS,17,145,0,P011221   ,1.0,0.0,ULK,37,"ANTETOKOUNMPO, KOSTAS",09:33,4,2,2,0,0,0,0,0,0,0,1,0,2,0,0,3,1,1,-14.0
2022,RS,17,145,0,Team,0.0,0.0,ULK,,Team,,0,0,0,0,0,0,0,3,1,4,0,0,1,0,0,0,0,3,
2022,RS,17,145,0,Total,,,ULK,,Total,200:00,66,18,38,7,23,9,19,18,13,31,15,4,15,1,4,18,21,55,
2022,RS,17,146,1,P007032   ,1.0,1.0,BER,0,"LO, MAODO",21:33,11,4,7,0,4,3,3,0,2,2,1,1,2,0,1,0,3,8,0.0
2022,RS,17,146,1,P011192   ,1.0,1.0,BER,3,"SMITH, JALEEN",28:16,18,2,3,3,7,5,6,0,0,0,3,1,2,0,0,1,3,16,14.0
2022,RS,17,146,1,P008211   ,0.0,0.0,BER,6,"DELOW, MALTE",11:44,0,0,0,0,1,0,0,0,0,0,0,0,1,0,0,2,0,-4,-13.0
2022,RS,17,146,1,P011934   ,0.0,0.0,BER,7,"WETZELL, YANNI",13:03,6,3,4,0,0,0,0,1,2,3,2,0,1,0,0,2,1,8,-5.0
2022,RS,17,146,1,P007025   ,0.0,0.0,BER,9,"MATTISSECK, JONAS",DNP,0,0,0,0,0,0,0,0,0,0,0,0,0,0,0,0,0,0,0.0
2022,RS,17,146,1,P006919   ,1.0,1.0,BER,19,"OLINDE, LOUIS",23:29,11,4,5,1,4,0,0,2,5,7,2,1,1,1,1,4,0,12,8.0
2022,RS,17,146,1,P010791   ,0.0,0.0,BER,21,"KOUMADJE, CHRIST",07:58,2,0,1,0,0,2,2,2,2,4,0,0,0,0,0,1,1,5,-2.0
2022,RS,17,146,1,P003958   ,0.0,1.0,BER,32,"THIEMANN, JOHANNES",18:35,10,3,5,1,2,1,2,1,5,6,0,0,1,0,2,0,3,12,10.0
2022,RS,17,146,1,P006589   ,1.0,0.0,BER,43,"SIKMA, LUKE",21:25,4,2,5,0,1,0,0,2,6,8,6,0,3,0,1,1,2,11,-9.0
2022,RS,17,146,1,P010385   ,1.0,1.0,BER,44,"LAMMERS, BEN",18:59,6,3,3,0,0,0,0,0,1,1,1,1,0,1,0,2,0,8,8.0
2022,RS,17,146,1,P011193   ,0.0,0.0,BER,45,"BLATT, TAMIR",18:27,11,1,1,3,7,0,0,1,2,3,9,0,0,0,0,1,1,19,1.0
2022,RS,17,146,1,P006625   ,0.0,0.0,BER,50,"ZOOSMAN, YOVEL",16:31,6,3,3,0,2,0,0,0,2,2,2,1,0,1,0,4,0,6,-7.0
2022,RS,17,146,1,Team,0.0,0.0,BER,,Team,,0,0,0,0,0,0,0,0,4,4,0,0,1,0,0,0,0,3,
2022,RS,17,146,1,Total,,,BER,,Total,200:00,85,25,37,8,28,11,13,9,31,40,26,5,12,3,5,18,14,104,
2022,RS,17,146,0,P011948   ,0.0,1.0,BAS,0,"HOWARD, MARKUS",19:45,17,2,8,3,6,4,4,0,1,1,0,3,1,0,2,0,2,11,-5.0
2022,RS,17,146,0,P008850   ,0.0,0.0,BAS,2,"RAIESTE, SANDER",DNP,0,0,0,0,0,0,0,0,0,0,0,0,0,0,0,0,0,0,0.0
2022,RS,17,146,0,P006754   ,0.0,1.0,BAS,7,"HENRY, PIERRIA",24:21,19,2,4,4,9,3,3,0,5,5,5,1,2,0,0,0,3,24,6.0
2022,RS,17,146,0,P007230   ,0.0,0.0,BAS,8,"SEDEKERSKIS, TADAS",20:47,6,0,1,1,2,3,4,3,3,6,1,2,1,0,0,2,5,14,15.0
2022,RS,17,146,0,P004761   ,1.0,0.0,BAS,9,"MARINKOVIC, VANJA",11:39,0,0,1,0,3,0,0,0,0,0,1,1,0,0,0,3,0,-5,-3.0
2022,RS,17,146,0,P003198   ,0.0,0.0,BAS,11,"DIEZ, DANIEL",DNP,0,0,0,0,0,0,0,0,0,0,0,0,0,0,0,0,0,0,0.0
2022,RS,17,146,0,P011078   ,1.0,1.0,BAS,13,"THOMPSON, DARIUS",24:42,15,4,6,1,3,4,5,2,2,4,5,0,3,1,0,2,3,18,0.0
2022,RS,17,146,0,P004603   ,1.0,0.0,BAS,21,"KOTSAR, MAIK",16:31,4,1,5,0,0,2,2,0,2,2,1,0,1,0,0,2,3,3,-12.0
2022,RS,17,146,0,P011239   ,0.0,0.0,BAS,23,"ENOCH, STEVEN",13:59,2,1,3,0,0,0,0,0,0,0,0,0,0,1,1,0,1,1,4.0
2022,RS,17,146,0,P010444   ,0.0,1.0,BAS,24,"COSTELLO, MATTHEW",27:02,3,0,2,1,2,0,0,1,4,5,1,1,1,0,0,3,0,3,8.0
2022,RS,17,146,0,P006436   ,1.0,0.0,BAS,31,"GIEDRAITIS, ROKAS",20:44,10,2,2,2,4,0,0,1,5,6,1,0,0,2,0,1,1,17,-18.0
2022,RS,17,146,0,P011949   ,1.0,1.0,BAS,34,"HOMMES, DAULTON",20:30,8,1,1,2,5,0,0,0,0,0,1,1,0,1,0,1,0,7,0.0
2022,RS,17,146,0,Team,0.0,0.0,BAS,,Team,,0,0,0,0,0,0,0,2,2,4,0,0,1,0,0,0,0,3,
2022,RS,17,146,0,Total,,,BAS,,Total,200:00,84,13,33,14,34,16,18,9,24,33,16,9,10,5,3,14,18,96,
2022,RS,17,147,1,P011244   ,0.0,0.0,BAR,1,"DA SILVA, OSCAR",17:18,11,3,3,0,0,5,5,2,4,6,0,1,0,0,0,3,3,18,5.0
2022,RS,17,147,1,P003204   ,0.0,0.0,BAR,3,"PAULI, ORIOL",01:17,0,0,0,0,0,0,0,0,0,0,0,0,0,0,0,0,0,0,1.0
2022,RS,17,147,1,P002968   ,0.0,0.0,BAR,5,"SANLI, SERTAC",13:39,3,0,1,1,4,0,0,0,2,2,0,0,1,0,0,1,2,1,-1.0
2022,RS,17,147,1,P000925   ,1.0,1.0,BAR,6,"VESELY, JAN",26:21,12,4,6,0,0,4,4,0,2,2,1,1,1,1,0,1,2,15,-7.0
2022,RS,17,147,1,P004866   ,1.0,0.0,BAR,10,"KALINIC, NIKOLA",20:14,4,0,1,1,1,1,2,2,1,3,0,2,3,0,0,0,1,5,-9.0
2022,RS,17,147,1,P006435   ,1.0,1.0,BAR,20,"LAPROVITTOLA, NICOLAS",28:57,11,0,2,2,5,5,5,0,2,2,10,0,5,0,0,3,5,15,-1.0
2022,RS,17,147,1,P003478   ,0.0,0.0,BAR,21,"ABRINES, ALEX",12:55,9,0,1,3,4,0,0,0,0,0,0,1,1,0,0,0,0,7,-1.0
2022,RS,17,147,1,P006450   ,0.0,1.0,BAR,22,"HIGGINS, CORY",26:06,5,1,3,0,4,3,4,1,1,2,1,0,3,0,0,3,5,0,1.0
2022,RS,17,147,1,P005789   ,1.0,1.0,BAR,24,"KURIC, KYLE",20:45,11,4,6,1,6,0,0,2,1,3,3,1,1,0,0,0,1,11,-7.0
2022,RS,17,147,1,P007519   ,0.0,0.0,BAR,31,"JOKUBAITIS, ROKAS",09:46,0,0,3,0,0,0,0,0,3,3,2,0,0,0,1,1,2,2,-8.0
2022,RS,17,147,1,P000796   ,1.0,1.0,BAR,33,"MIROTIC, NIKOLA",22:42,9,3,4,0,2,3,4,1,1,2,1,0,2,0,0,3,3,6,-13.0
2022,RS,17,147,1,P010641   ,0.0,0.0,BAR,46,"NNAJI, JAMES",DNP,0,0,0,0,0,0,0,0,0,0,0,0,0,0,0,0,0,0,0.0
2022,RS,17,147,1,Team,0.0,0.0,BAR,,Team,,0,0,0,0,0,0,0,7,1,8,0,0,0,0,0,0,0,8,
2022,RS,17,147,1,Total,,,BAR,,Total,200:00,75,15,30,8,26,21,24,15,18,33,18,6,17,1,1,15,24,88,
2022,RS,17,147,0,P011064   ,1.0,0.0,VIR,1,"MANNION, NICCOLO",17:11,3,0,1,1,2,0,0,0,1,1,2,0,1,0,1,2,1,1,-8.0
2022,RS,17,147,0,PBCN      ,0.0,0.0,VIR,3,"BELINELLI, MARCO",DNP,0,0,0,0,0,0,0,0,0,0,0,0,0,0,0,0,0,0,0.0
2022,RS,17,147,0,P006739   ,0.0,0.0,VIR,6,"PAJOLA, ALESSANDRO",19:16,5,0,2,1,1,2,2,0,0,0,2,0,0,0,0,3,3,5,20.0
2022,RS,17,147,0,P004655   ,0.0,0.0,VIR,7,"BAKO, ISMAEL",14:51,8,3,4,0,0,2,2,1,1,2,0,0,2,1,0,3,1,6,7.0
2022,RS,17,147,0,P002581   ,1.0,0.0,VIR,14,"JAITEH, MAM",23:36,10,5,6,0,0,0,0,2,2,4,2,0,0,0,0,3,0,12,3.0
2022,RS,17,147,0,P010781   ,1.0,1.0,VIR,19,"LUNDBERG, IFFE",23:27,20,4,4,3,6,3,4,0,0,0,2,5,2,0,0,1,2,22,6.0
2022,RS,17,147,0,P001133   ,1.0,1.0,VIR,21,"SHENGELIA, TORNIKE",20:09,5,1,1,0,1,3,4,1,1,2,6,2,4,0,0,2,4,11,6.0
2022,RS,17,147,0,P008847   ,0.0,1.0,VIR,25,"MICKEY, JORDAN",21:24,6,2,2,0,4,2,2,0,4,4,2,1,3,0,0,2,3,7,0.0
2022,RS,17,147,0,P008108   ,0.0,0.0,VIR,29,"CAMARA, GORA",DNP,0,0,0,0,0,0,0,0,0,0,0,0,0,0,0,0,0,0,0.0
2022,RS,17,147,0,P006592   ,0.0,0.0,VIR,34,"WEEMS, KYLE",17:09,4,2,2,0,1,0,0,1,5,6,0,4,1,0,0,4,0,8,5.0
2022,RS,17,147,0,P011982   ,1.0,1.0,VIR,37,"OJELEYE, SEMI",22:51,14,4,6,2,2,0,0,0,4,4,0,0,0,0,0,2,0,14,3.0
2022,RS,17,147,0,PJDR      ,0.0,1.0,VIR,44,"TEODOSIC, MILOS",20:06,8,1,2,2,7,0,0,1,1,2,6,0,2,0,0,2,1,7,-2.0
2022,RS,17,147,0,Team,0.0,0.0,VIR,,Team,,0,0,0,0,0,0,0,0,1,1,0,0,0,0,0,0,0,1,
2022,RS,17,147,0,Total,,,VIR,,Total,200:00,83,22,30,9,24,12,14,6,20,26,22,12,15,1,1,24,15,94,
2022,RS,17,148,1,P010391   ,1.0,1.0,MUN,0,"WEILER-BABB, NICK",30:14,8,1,5,2,5,0,0,0,3,3,3,0,0,0,0,1,1,7,12.0
2022,RS,17,148,1,P009866   ,0.0,0.0,MUN,2,"WALDEN, COREY",11:01,2,1,1,0,1,0,0,0,1,1,1,0,1,1,0,3,0,0,3.0
2022,RS,17,148,1,P011940   ,1.0,1.0,MUN,5,"WINSTON, CASSIUS",12:36,4,1,3,0,2,2,2,0,1,1,4,0,1,0,1,3,2,2,0.0
2022,RS,17,148,1,P001557   ,0.0,0.0,MUN,7,"GIFFEY, NIELS",16:27,4,2,2,0,0,0,0,1,4,5,1,1,1,1,0,2,2,11,12.0
2022,RS,17,148,1,P005160   ,0.0,1.0,MUN,8,"HUNTER, OTHELLO",15:22,10,2,3,2,2,0,0,2,7,9,1,0,0,1,0,1,0,19,17.0
2022,RS,17,148,1,P006760   ,1.0,1.0,MUN,9,"BONGA, ISAAC",23:33,11,3,6,1,2,2,2,1,4,5,1,0,2,0,0,4,1,8,4.0
2022,RS,17,148,1,P004058   ,0.0,0.0,MUN,10,"JARAMAZ, OGNJEN",26:09,4,1,3,0,2,2,2,0,0,0,2,0,3,1,0,4,2,-2,17.0
2022,RS,17,148,1,P005056   ,0.0,0.0,MUN,16,"ZIPSER, PAUL",DNP,0,0,0,0,0,0,0,0,0,0,0,0,0,0,0,0,0,0,0.0
2022,RS,17,148,1,P005478   ,0.0,0.0,MUN,17,"WIMBERG, NIKLAS",DNP,0,0,0,0,0,0,0,0,0,0,0,0,0,0,0,0,0,0,0.0
2022,RS,17,148,1,P005460   ,0.0,1.0,MUN,20,"HARRIS, ELIAS",11:29,8,3,5,0,0,2,4,1,1,2,0,0,0,0,1,2,2,5,14.0
2022,RS,17,148,1,P006477   ,1.0,0.0,MUN,21,"RUBIT, AUGUSTINE",28:31,23,9,13,0,0,5,6,1,2,3,1,2,0,1,0,0,9,34,2.0
2022,RS,17,148,1,P011941   ,1.0,0.0,MUN,33,"GILLESPIE, FREDDIE",24:38,10,5,6,0,0,0,0,4,6,10,0,1,1,0,0,1,1,19,-1.0
2022,RS,17,148,1,Team,0.0,0.0,MUN,,Team,,0,0,0,0,0,0,0,0,1,1,0,0,1,0,0,0,0,0,
2022,RS,17,148,1,Total,,,MUN,,Total,200:00,84,28,47,5,14,13,16,10,30,40,14,4,10,5,2,21,20,103,
2022,RS,17,148,0,P006555   ,1.0,1.0,PAN,3,"WOLTERS, NATE",29:34,10,3,5,1,4,1,2,0,4,4,3,0,0,0,1,2,2,10,-8.0
2022,RS,17,148,0,P011225   ,0.0,0.0,PAN,5,"LEE, PARIS",17:05,5,1,4,1,5,0,0,0,1,1,1,0,1,0,2,1,1,-3,-11.0
2022,RS,17,148,0,P005844   ,0.0,1.0,PAN,6,"PAPAGIANNIS, GEORGIOS",22:58,6,3,4,0,0,0,1,3,1,4,1,1,2,2,0,1,1,10,3.0
2022,RS,17,148,0,P003240   ,0.0,0.0,PAN,7,"BOCHORIDIS, ELEFTHERIOS",DNP,0,0,0,0,0,0,0,0,0,0,0,0,0,0,0,0,0,0,0.0
2022,RS,17,148,0,P009006   ,1.0,1.0,PAN,8,"WILLIAMS, DERRICK",29:56,14,2,4,3,7,1,3,0,4,4,0,0,1,0,0,2,4,11,-5.0
2022,RS,17,148,0,P006586   ,1.0,0.0,PAN,16,"KALAITZAKIS, GEORGIOS",03:42,0,0,0,0,0,0,0,0,1,1,1,0,1,0,0,1,1,1,-1.0
2022,RS,17,148,0,P011286   ,1.0,1.0,PAN,24,"BACON, DWAYNE",31:04,18,2,9,3,7,5,6,1,2,3,0,1,0,0,1,3,2,8,-9.0
2022,RS,17,148,0,P011396   ,0.0,0.0,PAN,33,"CHOUGKAZ, NIKOS",DNP,0,0,0,0,0,0,0,0,0,0,0,0,0,0,0,0,0,0,0.0
2022,RS,17,148,0,P004172   ,0.0,1.0,PAN,37,"PONITKA, MATEUSZ",22:41,4,2,7,0,2,0,0,0,2,2,0,3,2,0,1,2,1,-2,-9.0
2022,RS,17,148,0,P002328   ,0.0,0.0,PAN,40,"GRIGONIS, MARIUS",15:54,3,0,1,1,1,0,0,0,0,0,1,1,0,0,0,2,5,7,-10.0
2022,RS,17,148,0,P008084   ,0.0,0.0,PAN,72,"MANTZOUKAS, ELEFTHERIOS",10:04,0,0,0,0,1,0,0,0,0,0,0,1,1,0,0,3,0,-4,-11.0
2022,RS,17,148,0,P003120   ,1.0,0.0,PAN,77,"GUDAITIS, ARTURAS",17:02,8,2,2,0,0,4,8,4,1,5,0,0,0,0,0,3,4,10,-19.0
2022,RS,17,148,0,Team,0.0,0.0,PAN,,Team,,0,0,0,0,0,0,0,4,3,7,0,0,0,0,0,0,0,7,
2022,RS,17,148,0,Total,,,PAN,,Total,200:00,68,15,36,9,27,11,20,12,19,31,7,7,8,2,5,20,21,55,
2022,RS,17,149,1,P009212   ,0.0,0.0,PAR,1,"VUKCEVIC, TRISTAN",02:32,0,0,0,0,1,0,0,0,1,1,0,0,0,0,0,0,0,0,-1.0
2022,RS,17,149,1,P008987   ,1.0,1.0,PAR,2,"LEDAY, ZACH",33:05,10,3,6,1,4,1,1,0,5,5,1,1,1,1,0,3,4,12,21.0
2022,RS,17,149,1,P003983   ,0.0,0.0,PAR,4,"AVRAMOVIC, ALEKSA",03:06,0,0,0,0,1,0,0,0,0,0,0,0,0,0,0,0,0,-1,-2.0
2022,RS,17,149,1,P009862   ,1.0,1.0,PAR,7,"PUNTER, KEVIN",24:25,19,2,5,4,5,3,3,0,1,1,4,1,2,0,0,4,3,18,17.0
2022,RS,17,149,1,P011051   ,1.0,0.0,PAR,9,"SMAILAGIC, ALEN",10:51,3,1,1,0,0,1,2,0,2,2,0,2,0,0,0,1,1,6,3.0
2022,RS,17,149,1,P005161   ,1.0,1.0,PAR,10,"PAPAPETROU, IOANNIS",36:25,9,0,0,3,5,0,0,0,4,4,3,0,1,0,0,2,1,12,23.0
2022,RS,17,149,1,P011302   ,0.0,1.0,PAR,11,"EXUM, DANTE",15:48,11,2,2,0,0,7,8,0,0,0,2,0,1,1,0,2,5,15,12.0
2022,RS,17,149,1,P007400   ,0.0,0.0,PAR,21,"NUNNALLY, JAMES",06:13,0,0,0,0,1,0,0,0,0,0,0,0,1,0,0,1,0,-3,-7.0
2022,RS,17,149,1,P003842   ,0.0,1.0,PAR,26,"LESSORT, MATHIAS",29:03,21,8,10,0,0,5,6,1,7,8,1,0,1,0,0,3,4,27,17.0
2022,RS,17,149,1,P007673   ,0.0,0.0,PAR,32,"TRIFUNOVIC, UROS",01:10,0,0,0,0,0,0,0,0,0,0,0,0,0,0,0,0,0,0,-2.0
2022,RS,17,149,1,P000956   ,0.0,0.0,PAR,33,"ANDJUSIC, DANILO",16:04,12,0,1,4,4,0,0,0,1,1,2,0,1,0,0,1,2,14,9.0
2022,RS,17,149,1,P011052   ,1.0,0.0,PAR,41,"MADAR, YAM",21:18,15,2,2,3,4,2,2,0,1,1,3,0,4,2,0,1,3,18,10.0
2022,RS,17,149,1,Team,0.0,0.0,PAR,,Team,,0,0,0,0,0,0,0,2,1,3,0,0,1,0,0,0,0,2,
2022,RS,17,149,1,Total,,,PAR,,Total,200:00,100,18,27,15,25,19,22,3,23,26,16,4,13,4,0,18,23,120,
2022,RS,17,149,0,P010588   ,1.0,1.0,MCO,0,"BROWN, JOHN",27:02,8,4,7,0,0,0,0,2,3,5,1,1,1,0,0,4,0,7,-20.0
2022,RS,17,149,0,P011212   ,0.0,1.0,MCO,0,"OKOBO, ELIE",31:31,17,5,6,1,6,4,5,0,0,0,9,3,0,0,0,4,4,22,-5.0
2022,RS,17,149,0,P011231   ,1.0,1.0,MCO,4,"BLOSSOMGAME, JARON",25:57,9,3,6,1,3,0,0,2,2,4,1,0,0,0,0,4,0,5,-20.0
2022,RS,17,149,0,P011935   ,0.0,0.0,MCO,5,"MAKOUNDOU, YOAN",DNP,0,0,0,0,0,0,0,0,0,0,0,0,0,0,0,0,0,0,0.0
2022,RS,17,149,0,P012017   ,0.0,0.0,MCO,6,"COUTURE, AMBROISE",DNP,0,0,0,0,0,0,0,0,0,0,0,0,0,0,0,0,0,0,0.0
2022,RS,17,149,0,P011226   ,0.0,0.0,MCO,11,"DIALLO, ALPHA",25:18,12,6,8,0,3,0,0,2,2,4,2,2,3,0,1,4,0,7,4.0
2022,RS,17,149,0,PLCZ      ,1.0,1.0,MCO,20,"MOTIEJUNAS, DONATAS",21:49,7,3,5,0,1,1,3,2,5,7,1,0,1,0,0,1,6,14,-20.0
2022,RS,17,149,0,P004197   ,0.0,0.0,MCO,24,"OUATTARA, YAKUBA",12:51,10,2,3,2,3,0,0,0,0,0,0,1,0,0,1,2,0,6,3.0
2022,RS,17,149,0,P008099   ,1.0,0.0,MCO,32,"STRAZEL, MATTHEW",07:54,0,0,0,0,2,0,0,0,0,0,0,1,0,0,0,1,0,-2,-12.0
2022,RS,17,149,0,P011196   ,0.0,0.0,MCO,45,"HALL, DONTA",18:11,8,3,5,0,0,2,2,4,3,7,0,0,0,0,0,2,3,14,0.0
2022,RS,17,149,0,P005985   ,1.0,1.0,MCO,55,"JAMES, MIKE",29:27,9,1,6,1,6,4,6,1,1,2,4,0,3,0,2,2,5,1,-30.0
2022,RS,17,149,0,Team,0.0,0.0,MCO,,Team,,0,0,0,0,0,0,0,2,1,3,0,0,3,0,0,0,0,0,
2022,RS,17,149,0,Total,,,MCO,,Total,200:00,80,27,46,5,24,11,16,15,17,32,18,8,11,0,4,24,18,74,
2022,RS,17,150,1,P006590   ,1.0,0.0,IST,1,"BEAUBOIS, RODRIGUE",36:14,13,5,9,1,2,0,0,1,3,4,3,2,2,0,0,2,1,14,6.0
2022,RS,17,150,1,P009846   ,1.0,1.0,IST,6,"BRYANT, ELIJAH",32:47,10,4,4,0,1,2,2,0,3,3,2,1,1,0,0,2,5,17,14.0
2022,RS,17,150,1,P010516   ,0.0,0.0,IST,11,"GAZI, ERTEN",DNP,0,0,0,0,0,0,0,0,0,0,0,0,0,0,0,0,0,0,0.0
2022,RS,17,150,1,P004888   ,0.0,1.0,IST,12,"CLYBURN, WILL",28:43,15,3,6,0,4,9,12,1,3,4,2,3,1,0,0,2,10,21,4.0
2022,RS,17,150,1,P005348   ,0.0,0.0,IST,18,"ARNA, EGEHAN",DNP,0,0,0,0,0,0,0,0,0,0,0,0,0,0,0,0,0,0,0.0
2022,RS,17,150,1,P002925   ,0.0,0.0,IST,19,"TUNCER, BUGRAHAN",DNP,0,0,0,0,0,0,0,0,0,0,0,0,0,0,0,0,0,0,0.0
2022,RS,17,150,1,PLHK      ,1.0,0.0,IST,21,"PLEISS, TIBOR",08:43,2,1,3,0,2,0,0,1,2,3,2,0,1,1,0,1,0,2,-2.0
2022,RS,17,150,1,P002580   ,1.0,1.0,IST,22,"MICIC, VASILIJE",34:14,22,3,5,5,8,1,2,1,2,3,2,1,4,0,0,2,3,19,3.0
2022,RS,17,150,1,P007993   ,0.0,1.0,IST,24,"M'BAYE, AMATH",20:36,7,1,1,1,4,2,2,0,1,1,0,0,0,0,0,0,2,7,4.0
2022,RS,17,150,1,P002084   ,1.0,0.0,IST,33,"POLONARA, ACHILLE",07:34,2,1,1,0,1,0,0,1,1,2,1,0,0,0,0,0,0,4,-5.0
2022,RS,17,150,1,P004554   ,0.0,0.0,IST,41,"ZIZIC, ANTE",13:34,4,2,2,0,0,0,0,2,2,4,1,1,1,0,0,2,0,7,-2.0
2022,RS,17,150,1,P003048   ,0.0,1.0,IST,42,"DUNSTON, BRYANT",17:35,3,1,4,0,0,1,1,2,1,3,0,2,2,0,0,3,3,3,8.0
2022,RS,17,150,1,Team,0.0,0.0,IST,,Team,,0,0,0,0,0,0,0,0,0,0,0,0,0,0,0,0,0,0,
2022,RS,17,150,1,Total,,,IST,,Total,200:00,78,21,35,7,22,15,19,9,18,27,13,10,12,1,0,14,24,94,
2022,RS,17,150,0,P011937   ,0.0,0.0,ASV,1,"POLITE, ANTHONY",11:32,2,1,2,0,0,0,0,2,1,3,0,0,0,0,0,3,0,1,4.0
2022,RS,17,150,0,P006068   ,0.0,0.0,ASV,2,"NOUA, AMINE",17:18,5,1,3,1,2,0,0,0,4,4,1,0,0,0,0,2,1,6,-3.0
2022,RS,17,150,0,PKIR      ,1.0,1.0,ASV,5,"KAHUDI, CHARLES",22:42,4,2,2,0,2,0,0,1,2,3,1,0,1,0,0,1,0,4,-3.0
2022,RS,17,150,0,PTFK      ,0.0,1.0,ASV,8,"DIOT, ANTOINE",18:50,6,0,0,2,4,0,0,1,1,2,2,0,1,0,0,2,0,5,-9.0
2022,RS,17,150,0,P002100   ,1.0,1.0,ASV,12,"DE COLO, NANDO",24:04,12,3,4,0,2,6,6,0,2,2,4,2,5,0,0,2,4,14,-2.0
2022,RS,17,150,0,P006568   ,0.0,1.0,ASV,19,"FALL, YOUSSOUPHA",21:12,10,4,5,0,0,2,2,3,3,6,0,0,1,0,0,4,1,11,-4.0
2022,RS,17,150,0,P003526   ,1.0,1.0,ASV,23,"LIGHTY, DAVID",28:28,12,4,6,1,5,1,2,1,1,2,2,0,4,0,1,4,3,3,-10.0
2022,RS,17,150,0,P011938   ,1.0,0.0,ASV,32,"OBASOHAN, RETIN",23:18,5,2,5,0,1,1,1,0,3,3,3,1,2,0,0,2,3,7,-1.0
2022,RS,17,150,0,P011939   ,0.0,0.0,ASV,33,"JACKSON-CARTWRIGHT, PARKER",13:48,10,2,4,2,4,0,0,0,0,0,1,0,2,0,0,2,1,4,0.0
2022,RS,17,150,0,P006832   ,1.0,0.0,ASV,35,"PONS, YVES",18:48,6,3,4,0,1,0,0,1,4,5,0,1,1,0,0,2,1,8,-2.0
2022,RS,17,150,0,Team,0.0,0.0,ASV,,Team,,0,0,0,0,0,0,0,0,0,0,0,0,1,0,0,0,0,-1,
2022,RS,17,150,0,Total,,,ASV,,Total,200:00,72,22,35,6,21,10,11,9,21,30,14,4,18,0,1,24,14,62,
2022,RS,17,151,1,P008855   ,1.0,0.0,OLY,0,"WALKUP, THOMAS",28:23,10,2,5,2,4,0,0,1,3,4,2,4,4,1,0,3,1,10,13.0
2022,RS,17,151,1,P010612   ,1.0,0.0,OLY,3,"CANAAN, ISAIAH",12:53,2,0,2,0,4,2,2,0,0,0,0,3,0,0,0,1,1,-1,1.0
2022,RS,17,151,1,P006302   ,0.0,1.0,OLY,4,"LOUNTZIS, MICHALIS",01:25,0,0,0,0,1,0,0,0,0,0,0,0,0,0,0,0,0,-1,-3.0
2022,RS,17,151,1,P010392   ,0.0,1.0,OLY,5,"LARENTZAKIS, GIANNOULIS",09:03,5,1,2,1,2,0,0,0,0,0,0,0,1,0,0,1,1,2,-8.0
2022,RS,17,151,1,P008811   ,1.0,0.0,OLY,10,"FALL, MOUSTAPHA",20:54,7,3,5,0,0,1,1,3,6,9,3,0,2,0,0,4,7,18,2.0
2022,RS,17,151,1,P001926   ,0.0,0.0,OLY,11,"SLOUKAS, KOSTAS",25:42,8,0,4,2,4,2,2,0,2,2,9,1,0,1,0,1,3,17,18.0
2022,RS,17,151,1,P003469   ,0.0,0.0,OLY,14,"VEZENKOV, SASHA",21:01,8,1,4,2,3,0,0,1,2,3,2,1,0,1,0,1,1,11,4.0
2022,RS,17,151,1,P001255   ,1.0,0.0,OLY,16,"PAPANIKOLAOU, KOSTAS",22:29,9,3,5,1,2,0,0,0,1,1,1,1,1,0,1,2,1,6,22.0
2022,RS,17,151,1,P009035   ,0.0,0.0,OLY,21,"BOLOMBOY, JOEL",06:16,2,1,3,0,0,0,0,0,0,0,0,0,1,0,1,0,0,-2,-6.0
2022,RS,17,151,1,P008829   ,1.0,1.0,OLY,25,"PETERS, ALEC",19:08,16,3,4,3,3,1,1,3,2,5,0,1,0,0,0,2,1,20,15.0
2022,RS,17,151,1,P008991   ,0.0,1.0,OLY,28,"BLACK, TARIK",12:41,6,2,4,0,0,2,2,1,0,1,1,2,0,0,0,4,2,6,17.0
2022,RS,17,151,1,P007853   ,0.0,1.0,OLY,77,"MCKISSIC, SHAQUIELLE",20:05,9,3,3,1,3,0,0,0,0,0,1,1,2,0,0,0,0,7,5.0
2022,RS,17,151,1,Team,0.0,0.0,OLY,,Team,,0,0,0,0,0,0,0,1,3,4,0,0,0,0,0,0,0,4,
2022,RS,17,151,1,Total,,,OLY,,Total,200:00,82,19,41,12,26,8,8,10,19,29,19,14,11,3,2,19,18,97,
2022,RS,17,151,0,P007870   ,1.0,0.0,MIL,0,"DAVIES, BRANDON",21:37,5,1,5,1,1,0,0,1,3,4,3,0,4,0,1,3,3,3,4.0
2022,RS,17,151,0,P005094   ,0.0,1.0,MIL,1,"THOMAS, DESHAUN",11:07,6,2,2,0,0,2,3,1,0,1,0,0,0,0,0,0,3,9,-15.0
2022,RS,17,151,0,P012080   ,0.0,1.0,MIL,2,"LUWAWU-CABARROT, TIMOTHE",24:09,9,2,5,1,2,2,2,1,4,5,2,0,1,0,0,4,3,10,-8.0
2022,RS,17,151,0,P011965   ,0.0,1.0,MIL,3,"MITROU-LONG, NAZ",19:18,9,0,1,3,6,0,0,0,2,2,2,3,1,0,0,2,0,9,-11.0
2022,RS,17,151,0,P006509   ,0.0,0.0,MIL,7,"TONUT, STEFANO",DNP,0,0,0,0,0,0,0,0,0,0,0,0,0,0,0,0,0,0,0.0
2022,RS,17,151,0,P002849   ,1.0,0.0,MIL,9,"MELLI, NICOLO",22:42,7,3,5,0,1,1,1,1,3,4,3,1,1,0,0,3,5,13,-1.0
2022,RS,17,151,0,P005775   ,1.0,0.0,MIL,12,"BARON, BILLY",26:58,12,5,5,0,4,2,2,0,0,0,3,1,2,0,1,0,3,12,-1.0
2022,RS,17,151,0,P001518   ,1.0,1.0,MIL,17,"RICCI, GIAMPAOLO",18:15,5,1,1,1,2,0,0,0,7,7,1,1,0,1,0,2,0,12,-4.0
2022,RS,17,151,0,P011205   ,1.0,0.0,MIL,22,"HALL, DEVON",31:20,5,0,1,1,4,2,2,0,2,2,0,3,5,0,0,2,2,1,-24.0
2022,RS,17,151,0,P006707   ,0.0,0.0,MIL,25,"BALDASSO, TOMMASO",DNP,0,0,0,0,0,0,0,0,0,0,0,0,0,0,0,0,0,0,0.0
2022,RS,17,151,0,P002812   ,0.0,0.0,MIL,42,"HINES, KYLE",16:05,8,4,6,0,0,0,0,2,0,2,0,1,3,0,1,1,0,4,-25.0
2022,RS,17,151,0,P007201   ,0.0,1.0,MIL,77,"VOIGTMANN, JOHANNES",08:29,0,0,0,0,2,0,0,2,4,6,2,1,2,1,0,1,0,5,5.0
2022,RS,17,151,0,Team,0.0,0.0,MIL,,Team,,0,0,0,0,0,0,0,0,1,1,0,0,2,0,0,0,0,-1,
2022,RS,17,151,0,Total,,,MIL,,Total,200:00,66,18,31,7,22,9,10,8,26,34,16,11,21,2,3,18,19,77,
2022,RS,17,152,1,P011970   ,0.0,1.0,PAM,0,"HARPER, JARED",16:35,11,0,1,2,5,5,5,0,0,0,2,0,1,0,0,3,3,8,0.0
2022,RS,17,152,1,P006643   ,1.0,0.0,PAM,2,"PUERTO, JOSEP",06:32,3,0,0,1,2,0,0,0,0,0,0,0,0,0,0,1,1,2,2.0
2022,RS,17,152,1,P002661   ,0.0,1.0,PAM,3,"PREPELIC, KLEMEN",17:19,3,0,0,0,2,3,3,0,0,0,1,0,2,0,0,1,2,1,4.0
2022,RS,17,152,1,P010393   ,0.0,0.0,PAM,4,"PRADILLA, JAIME",14:43,10,2,5,2,2,0,0,1,0,1,0,0,0,0,2,2,0,4,1.0
2022,RS,17,152,1,P011971   ,1.0,1.0,PAM,5,"WEBB III, JAMES",19:34,3,0,0,0,3,3,4,0,5,5,0,2,1,0,0,4,4,5,5.0
2022,RS,17,152,1,P005356   ,0.0,0.0,PAM,6,"LOPEZ-AROSTEGUI, XABI",22:38,3,0,2,0,3,3,4,0,6,6,2,2,0,0,0,1,5,11,-15.0
2022,RS,17,152,1,P010568   ,1.0,1.0,PAM,7,"JONES, CHRIS",26:07,16,5,8,0,4,6,6,1,4,5,5,1,2,0,0,1,2,19,0.0
2022,RS,17,152,1,P009101   ,0.0,0.0,PAM,8,"FERRANDO, GUILLEM",DNP,0,0,0,0,0,0,0,0,0,0,0,0,0,0,0,0,0,0,0.0
2022,RS,17,152,1,P011972   ,1.0,0.0,PAM,12,"RADEBAUGH, JONAH",19:20,10,1,1,2,4,2,2,0,2,2,0,0,0,0,0,5,1,6,0.0
2022,RS,17,152,1,P002742   ,1.0,1.0,PAM,14,"DUBLJEVIC, BOJAN",23:04,2,1,4,0,2,0,0,0,3,3,0,0,3,0,0,3,1,-5,-4.0
2022,RS,17,152,1,P011973   ,0.0,0.0,PAM,21,"ALEXANDER, KYLE",09:24,4,2,2,0,0,0,0,0,1,1,0,0,1,2,0,2,0,4,-1.0
2022,RS,17,152,1,P011214   ,0.0,0.0,PAM,41,"RIVERO, JASIEL",24:44,10,2,5,1,2,3,6,3,2,5,0,4,2,1,2,1,3,11,-2.0
2022,RS,17,152,1,Team,0.0,0.0,PAM,,Team,,0,0,0,0,0,0,0,2,2,4,0,0,0,0,0,0,0,4,
2022,RS,17,152,1,Total,,,PAM,,Total,200:00,75,13,28,8,29,25,30,7,25,32,10,9,12,3,4,24,22,70,
2022,RS,17,152,0,P004267   ,0.0,0.0,RED,0,"HOLLAND, JOHN",12:34,8,1,2,2,3,0,0,0,1,1,1,0,0,0,0,1,0,7,3.0
2022,RS,17,152,0,P004720   ,1.0,1.0,RED,2,"LAZAREVIC, STEFAN",18:55,3,0,0,1,3,0,0,2,2,4,1,0,1,0,0,3,0,2,-2.0
2022,RS,17,152,0,P002553   ,0.0,0.0,RED,9,"MITROVIC, LUKA",13:55,0,0,1,0,0,0,2,0,4,4,0,0,1,0,0,3,2,-1,-5.0
2022,RS,17,152,0,PLUO      ,0.0,1.0,RED,10,"LAZIC, BRANKO",19:07,3,0,0,1,2,0,0,1,0,1,1,2,2,0,0,2,1,3,-7.0
2022,RS,17,152,0,P004007   ,1.0,1.0,RED,13,"DOBRIC, OGNJEN",26:19,9,3,4,1,4,0,0,0,4,4,1,0,0,0,0,1,2,11,0.0
2022,RS,17,152,0,P011964   ,0.0,0.0,RED,22,"ILIC, DALIBOR",08:31,6,2,4,0,0,2,4,2,1,3,0,0,0,0,1,2,2,4,-1.0
2022,RS,17,152,0,P000848   ,0.0,0.0,RED,26,"NEDOVIC, NEMANJA",23:00,19,3,7,2,7,7,8,0,1,1,6,1,2,0,1,0,7,21,9.0
2022,RS,17,152,0,PLME      ,1.0,1.0,RED,27,"MARKOVIC, STEFAN",22:02,2,0,0,0,1,2,2,0,4,4,4,1,3,1,0,4,1,5,0.0
2022,RS,17,152,0,P003479   ,0.0,0.0,RED,32,"KUZMIC, OGNJEN",DNP,0,0,0,0,0,0,0,0,0,0,0,0,0,0,0,0,0,0,0.0
2022,RS,17,152,0,P011194   ,1.0,0.0,RED,33,"PETRUSEV, FILIP",32:17,25,7,10,0,3,11,11,0,9,9,1,2,2,2,1,2,8,36,8.0
2022,RS,17,152,0,P010985   ,0.0,0.0,RED,44,"TOPIC, NIKOLA",DNP,0,0,0,0,0,0,0,0,0,0,0,0,0,0,0,0,0,0,0.0
2022,RS,17,152,0,P009818   ,1.0,1.0,RED,50,"BENTIL, BENJAMIN",23:20,2,1,3,0,1,0,0,1,3,4,2,1,3,1,0,4,1,1,5.0
2022,RS,17,152,0,Team,0.0,0.0,RED,,Team,,0,0,0,0,0,0,0,1,2,3,0,0,0,0,0,0,0,3,
2022,RS,17,152,0,Total,,,RED,,Total,200:00,77,17,31,7,24,22,27,7,31,38,17,7,14,4,3,22,24,92,
2022,RS,17,153,1,P007982   ,1.0,0.0,MAD,0,"WILLIAMS-GOSS, NIGEL",13:16,6,1,2,1,2,1,2,0,4,4,2,1,1,0,0,1,3,11,14.0
2022,RS,17,153,1,P001392   ,1.0,0.0,MAD,1,"CAUSEUR, FABIEN",20:26,11,0,3,3,6,2,2,1,0,1,3,1,0,0,0,2,1,9,10.0
2022,RS,17,153,1,P003733   ,1.0,1.0,MAD,6,"ABALDE, ALBERTO",23:37,8,1,2,2,3,0,0,0,3,3,3,1,0,0,1,2,2,12,15.0
2022,RS,17,153,1,P005099   ,0.0,1.0,MAD,8,"HANGA, ADAM",13:14,5,1,1,0,1,3,4,0,3,3,2,0,1,0,0,3,2,6,13.0
2022,RS,17,153,1,PCVM      ,0.0,0.0,MAD,13,"RODRIGUEZ, SERGIO",20:37,5,0,2,1,2,2,3,1,2,3,6,0,3,0,0,2,2,7,24.0
2022,RS,17,153,1,P004887   ,0.0,0.0,MAD,17,"POIRIER, VINCENT",13:49,6,2,2,0,0,2,4,1,3,4,0,0,0,1,0,1,3,11,10.0
2022,RS,17,153,1,P004790   ,0.0,1.0,MAD,21,"CORNELIE, PETR",18:43,18,2,2,4,5,2,2,1,4,5,1,0,0,0,0,1,2,24,16.0
2022,RS,17,153,1,P005791   ,1.0,0.0,MAD,22,"TAVARES, WALTER",20:41,4,1,2,0,0,2,2,1,4,5,2,2,1,5,0,3,2,15,19.0
2022,RS,17,153,1,PTGB      ,0.0,0.0,MAD,23,"LLULL, SERGIO",04:53,1,0,0,0,1,1,1,0,0,0,3,0,1,0,0,0,1,3,-1.0
2022,RS,17,153,1,P010357   ,1.0,0.0,MAD,28,"YABUSELE, GUERSCHON",21:19,16,3,4,3,6,1,1,3,5,8,2,2,3,0,1,1,1,20,17.0
2022,RS,17,153,1,P009213   ,0.0,1.0,MAD,30,"NDIAYE, ELI",05:28,0,0,0,0,0,0,0,0,2,2,0,0,1,0,0,0,0,1,4.0
2022,RS,17,153,1,P006540   ,0.0,1.0,MAD,31,"MUSA, DZANAN",23:57,18,3,6,4,7,0,0,0,1,1,5,0,1,0,0,3,1,15,24.0
2022,RS,17,153,1,Team,0.0,0.0,MAD,,Team,,0,0,0,0,0,0,0,0,3,3,0,0,0,0,0,0,0,3,
2022,RS,17,153,1,Total,,,MAD,,Total,200:00,98,14,26,18,33,16,21,8,34,42,29,7,12,6,2,19,20,137,
2022,RS,17,153,0,P012056   ,1.0,1.0,TEL,3,"ADAMS, JALEN",26:43,15,3,5,3,7,0,0,0,4,4,1,1,1,0,1,2,1,12,-16.0
2022,RS,17,153,0,P009622   ,1.0,0.0,TEL,4,"BROWN, LORENZO",27:57,9,4,6,0,5,1,2,1,3,4,6,2,4,0,0,2,5,12,-26.0
2022,RS,17,153,0,P009863   ,0.0,0.0,TEL,5,"BALDWIN IV, WADE",12:48,3,1,6,0,2,1,1,2,1,3,3,0,2,0,1,3,2,-2,-14.0
2022,RS,17,153,0,P011967   ,1.0,0.0,TEL,6,"MARTIN, JARELL",23:35,7,2,5,1,5,0,0,2,3,5,0,0,0,0,2,2,0,1,-19.0
2022,RS,17,153,0,P004233   ,0.0,1.0,TEL,8,"MENCO, RAFI",07:44,2,1,1,0,1,0,0,1,2,3,1,0,0,0,0,1,0,4,-4.0
2022,RS,17,153,0,P011219   ,0.0,0.0,TEL,9,"SORKIN, ROMAN",16:45,6,2,3,0,1,2,4,0,0,0,0,0,0,1,1,2,2,2,-14.0
2022,RS,17,153,0,P007990   ,0.0,1.0,TEL,12,"DIBARTOLOMEO, JOHN",16:13,3,0,0,1,3,0,0,1,2,3,1,0,0,0,0,2,2,5,-15.0
2022,RS,17,153,0,P008989   ,0.0,0.0,TEL,13,"HILLIARD, DARRUN",04:10,0,0,0,0,1,0,0,0,0,0,0,0,1,0,0,2,0,-4,-10.0
2022,RS,17,153,0,P005145   ,0.0,1.0,TEL,15,"COHEN, JAKE",13:47,2,1,3,0,3,0,0,0,0,0,2,1,2,0,0,2,0,-4,-9.0
2022,RS,17,153,0,P009917   ,0.0,0.0,TEL,20,"HOLLINS, AUSTIN",07:11,3,0,1,1,1,0,0,0,0,0,0,0,0,0,1,1,0,0,-6.0
2022,RS,17,153,0,P011199   ,1.0,1.0,TEL,32,"NEBO, JOSH",22:53,11,5,10,0,0,1,3,4,3,7,0,0,0,0,0,1,2,12,-21.0
2022,RS,17,153,0,P009783   ,1.0,0.0,TEL,50,"COLSON, BONZIE",20:14,4,2,4,0,2,0,0,2,1,3,0,0,0,1,0,1,4,7,-11.0
2022,RS,17,153,0,Team,0.0,0.0,TEL,,Team,,0,0,0,0,0,0,0,2,1,3,0,0,0,0,0,0,0,3,
2022,RS,17,153,0,Total,,,TEL,,Total,200:00,65,21,44,6,31,5,10,15,20,35,14,4,10,2,6,21,18,48,
2022,RS,18,154,1,P010588   ,1.0,1.0,MCO,0,"BROWN, JOHN",23:19,2,1,3,0,0,0,0,1,2,3,0,3,0,1,0,2,2,7,5.0
2022,RS,18,154,1,P011212   ,1.0,1.0,MCO,0,"OKOBO, ELIE",33:29,6,1,2,1,4,1,1,0,6,6,7,0,4,0,0,2,2,11,1.0
2022,RS,18,154,1,P012088   ,0.0,0.0,MCO,2,"POMMIER, MATYS",DNP,0,0,0,0,0,0,0,0,0,0,0,0,0,0,0,0,0,0,0.0
2022,RS,18,154,1,P011231   ,1.0,0.0,MCO,4,"BLOSSOMGAME, JARON",15:14,1,0,0,0,4,1,2,0,3,3,0,0,1,0,0,2,0,-4,-6.0
2022,RS,18,154,1,P011935   ,0.0,0.0,MCO,5,"MAKOUNDOU, YOAN",19:51,9,2,3,1,2,2,3,3,3,6,0,1,2,0,0,4,2,9,14.0
2022,RS,18,154,1,P012017   ,0.0,0.0,MCO,6,"COUTURE, AMBROISE",DNP,0,0,0,0,0,0,0,0,0,0,0,0,0,0,0,0,0,0,0.0
2022,RS,18,154,1,P011226   ,0.0,1.0,MCO,11,"DIALLO, ALPHA",27:48,16,2,6,2,4,6,7,1,2,3,1,2,3,0,1,3,7,15,4.0
2022,RS,18,154,1,PLCZ      ,1.0,0.0,MCO,20,"MOTIEJUNAS, DONATAS",16:57,6,3,3,0,1,0,0,1,7,8,0,0,0,0,0,3,1,11,-13.0
2022,RS,18,154,1,P004197   ,0.0,0.0,MCO,24,"OUATTARA, YAKUBA",19:09,3,0,1,1,4,0,0,1,0,1,0,0,0,0,0,1,0,-1,11.0
2022,RS,18,154,1,P008099   ,0.0,0.0,MCO,32,"STRAZEL, MATTHEW",DNP,0,0,0,0,0,0,0,0,0,0,0,0,0,0,0,0,0,0,0.0
2022,RS,18,154,1,P011196   ,0.0,1.0,MCO,45,"HALL, DONTA",08:58,2,1,1,0,0,0,2,0,5,5,0,0,0,2,0,4,1,4,-1.0
2022,RS,18,154,1,P005985   ,1.0,1.0,MCO,55,"JAMES, MIKE",35:15,19,3,9,4,9,1,2,2,3,5,3,1,7,0,2,2,3,8,5.0
2022,RS,18,154,1,Team,0.0,0.0,MCO,,Team,,0,0,0,0,0,0,0,1,0,1,0,0,2,0,0,0,0,-1,
2022,RS,18,154,1,Total,,,MCO,,Total,200:00,64,13,28,9,28,11,17,10,31,41,11,7,19,3,3,23,18,59,
2022,RS,18,154,0,P008855   ,1.0,1.0,OLY,0,"WALKUP, THOMAS",33:09,0,0,0,0,4,0,0,0,3,3,7,1,4,0,0,1,2,4,-6.0
2022,RS,18,154,0,P010612   ,1.0,0.0,OLY,3,"CANAAN, ISAIAH",14:54,3,0,2,1,5,0,0,1,0,1,1,1,0,1,1,3,1,-2,5.0
2022,RS,18,154,0,P006302   ,0.0,0.0,OLY,4,"LOUNTZIS, MICHALIS",DNP,0,0,0,0,0,0,0,0,0,0,0,0,0,0,0,0,0,0,0.0
2022,RS,18,154,0,P010392   ,0.0,0.0,OLY,5,"LARENTZAKIS, GIANNOULIS",08:14,2,1,2,0,1,0,0,0,0,0,0,0,0,0,0,2,0,-2,-5.0
2022,RS,18,154,0,P008811   ,1.0,1.0,OLY,10,"FALL, MOUSTAPHA",21:43,9,3,4,0,0,3,4,2,5,7,0,1,2,1,0,2,5,17,-5.0
2022,RS,18,154,0,P001926   ,0.0,1.0,OLY,11,"SLOUKAS, KOSTAS",26:51,10,0,4,1,4,7,10,0,3,3,4,0,1,0,1,3,7,9,-6.0
2022,RS,18,154,0,P003469   ,1.0,0.0,OLY,14,"VEZENKOV, SASHA",21:46,4,2,3,0,4,0,0,0,8,8,1,0,1,0,0,2,2,7,1.0
2022,RS,18,154,0,P001255   ,1.0,0.0,OLY,16,"PAPANIKOLAOU, KOSTAS",21:46,7,2,3,1,3,0,0,0,2,2,2,1,3,1,1,1,0,5,1.0
2022,RS,18,154,0,P009035   ,0.0,0.0,OLY,21,"BOLOMBOY, JOEL",DNP,0,0,0,0,0,0,0,0,0,0,0,0,0,0,0,0,0,0,0.0
2022,RS,18,154,0,P008829   ,0.0,0.0,OLY,25,"PETERS, ALEC",18:07,12,0,2,4,5,0,0,0,2,2,0,3,2,0,0,0,0,12,-4.0
2022,RS,18,154,0,P008991   ,0.0,1.0,OLY,28,"BLACK, TARIK",18:24,7,3,4,0,0,1,5,2,2,4,1,2,1,0,0,2,5,11,0.0
2022,RS,18,154,0,P007853   ,0.0,1.0,OLY,77,"MCKISSIC, SHAQUIELLE",15:06,6,1,2,1,3,1,2,0,0,0,0,1,0,0,0,2,1,2,-1.0
2022,RS,18,154,0,Team,0.0,0.0,OLY,,Team,,0,0,0,0,0,0,0,3,3,6,0,0,1,0,0,0,0,5,
2022,RS,18,154,0,Total,,,OLY,,Total,200:00,60,12,26,8,29,12,21,8,28,36,16,10,15,3,3,18,23,68,
2022,RS,18,155,1,P004267   ,0.0,0.0,RED,0,"HOLLAND, JOHN",09:36,0,0,0,0,2,0,0,0,0,0,1,1,0,0,0,2,2,0,-18.0
2022,RS,18,155,1,P004720   ,0.0,1.0,RED,2,"LAZAREVIC, STEFAN",21:28,2,1,2,0,0,0,0,0,0,0,0,0,0,0,1,2,2,0,-15.0
2022,RS,18,155,1,P002553   ,1.0,1.0,RED,9,"MITROVIC, LUKA",16:12,0,0,2,0,0,0,0,1,4,5,0,0,1,0,0,2,0,0,-19.0
2022,RS,18,155,1,PLUO      ,1.0,0.0,RED,10,"LAZIC, BRANKO",16:51,0,0,1,0,1,0,0,0,0,0,0,0,0,0,1,3,1,-5,-8.0
2022,RS,18,155,1,P004007   ,1.0,1.0,RED,13,"DOBRIC, OGNJEN",27:54,11,5,5,0,3,1,2,0,4,4,2,0,0,0,0,0,3,16,-17.0
2022,RS,18,155,1,PJDU      ,0.0,0.0,RED,15,"RADULJICA, MIROSLAV",DNP,0,0,0,0,0,0,0,0,0,0,0,0,0,0,0,0,0,0,0.0
2022,RS,18,155,1,P011964   ,0.0,0.0,RED,22,"ILIC, DALIBOR",06:59,0,0,1,0,1,0,0,0,1,1,0,0,0,0,1,1,0,-3,-4.0
2022,RS,18,155,1,P000848   ,0.0,1.0,RED,26,"NEDOVIC, NEMANJA",27:30,18,2,9,4,9,2,2,0,2,2,4,1,3,0,2,2,5,11,-8.0
2022,RS,18,155,1,PLME      ,1.0,1.0,RED,27,"MARKOVIC, STEFAN",33:43,5,1,4,1,3,0,0,1,5,6,7,0,1,0,1,3,2,10,-5.0
2022,RS,18,155,1,P003479   ,0.0,0.0,RED,32,"KUZMIC, OGNJEN",15:12,6,3,5,0,0,0,0,2,3,5,1,1,0,0,0,2,1,10,12.0
2022,RS,18,155,1,P011194   ,1.0,0.0,RED,33,"PETRUSEV, FILIP",24:35,17,5,8,2,5,1,2,1,2,3,0,2,2,0,0,1,1,13,-18.0
2022,RS,18,155,1,P009818   ,0.0,0.0,RED,50,"BENTIL, BENJAMIN",DNP,0,0,0,0,0,0,0,0,0,0,0,0,0,0,0,0,0,0,0.0
2022,RS,18,155,1,Team,0.0,0.0,RED,,Team,,0,0,0,0,0,0,0,1,0,1,0,0,1,0,0,0,0,0,
2022,RS,18,155,1,Total,,,RED,,Total,200:00,59,17,37,7,24,4,6,6,21,27,15,5,8,0,6,18,17,52,
2022,RS,18,155,0,P007982   ,1.0,1.0,MAD,0,"WILLIAMS-GOSS, NIGEL",20:06,9,4,6,0,1,1,2,0,4,4,0,0,1,0,0,1,2,9,3.0
2022,RS,18,155,0,P001392   ,1.0,1.0,MAD,1,"CAUSEUR, FABIEN",12:59,0,0,0,0,1,0,0,0,0,0,1,0,2,0,0,1,0,-3,-4.0
2022,RS,18,155,0,P003733   ,1.0,1.0,MAD,6,"ABALDE, ALBERTO",21:45,2,1,3,0,2,0,0,0,1,1,3,1,0,0,0,4,0,-1,2.0
2022,RS,18,155,0,P005099   ,0.0,0.0,MAD,8,"HANGA, ADAM",10:29,2,1,1,0,1,0,0,0,3,3,1,1,0,0,0,2,0,4,20.0
2022,RS,18,155,0,P003108   ,0.0,0.0,MAD,11,"HEZONJA, MARIO",DNP,0,0,0,0,0,0,0,0,0,0,0,0,0,0,0,0,0,0,0.0
2022,RS,18,155,0,PCVM      ,0.0,0.0,MAD,13,"RODRIGUEZ, SERGIO",19:15,5,1,2,1,1,0,0,0,3,3,7,0,3,0,0,0,2,13,18.0
2022,RS,18,155,0,P004887   ,0.0,1.0,MAD,17,"POIRIER, VINCENT",12:20,5,1,2,1,1,0,0,2,2,4,0,1,1,1,0,2,1,8,9.0
2022,RS,18,155,0,P004790   ,0.0,1.0,MAD,21,"CORNELIE, PETR",24:10,12,3,4,2,8,0,0,2,3,5,2,0,1,0,0,2,0,9,33.0
2022,RS,18,155,0,P005791   ,1.0,0.0,MAD,22,"TAVARES, WALTER",27:40,17,7,8,0,0,3,4,7,5,12,3,0,4,4,0,2,7,35,11.0
2022,RS,18,155,0,PTGB      ,0.0,0.0,MAD,23,"LLULL, SERGIO",06:36,0,0,0,0,2,0,0,0,0,0,0,0,0,0,0,1,0,-3,-2.0
2022,RS,18,155,0,P010357   ,1.0,0.0,MAD,28,"YABUSELE, GUERSCHON",15:50,8,1,1,2,5,0,1,0,2,2,0,0,0,0,0,1,2,7,-13.0
2022,RS,18,155,0,P006540   ,0.0,0.0,MAD,31,"MUSA, DZANAN",28:50,19,4,8,2,6,5,6,0,6,6,0,0,1,1,0,1,4,19,23.0
2022,RS,18,155,0,Team,0.0,0.0,MAD,,Team,,0,0,0,0,0,0,0,3,1,4,0,0,0,0,0,0,0,4,
2022,RS,18,155,0,Total,,,MAD,,Total,200:00,79,23,35,8,28,9,13,14,30,44,17,3,13,6,0,17,18,101,
2022,RS,18,156,1,P007032   ,1.0,1.0,BER,0,"LO, MAODO",27:12,17,2,4,3,8,4,4,0,2,2,4,1,2,0,1,1,3,16,19.0
2022,RS,18,156,1,P011192   ,1.0,0.0,BER,3,"SMITH, JALEEN",29:54,16,2,4,4,8,0,0,1,2,3,3,0,1,0,0,1,3,17,15.0
2022,RS,18,156,1,P008211   ,1.0,0.0,BER,6,"DELOW, MALTE",15:40,2,1,1,0,0,0,0,1,1,2,0,0,0,0,0,2,1,3,-9.0
2022,RS,18,156,1,P011934   ,0.0,0.0,BER,7,"WETZELL, YANNI",04:57,0,0,1,0,0,0,0,0,0,0,0,0,0,0,0,0,1,0,-2.0
2022,RS,18,156,1,P007025   ,0.0,1.0,BER,9,"MATTISSECK, JONAS",05:53,0,0,0,0,2,0,0,0,0,0,0,0,0,0,0,2,0,-4,8.0
2022,RS,18,156,1,P006251   ,0.0,0.0,BER,10,"SCHNEIDER, TIM",00:09,0,0,0,0,0,0,0,0,0,0,0,0,0,0,0,0,0,0,2.0
2022,RS,18,156,1,P010791   ,0.0,0.0,BER,21,"KOUMADJE, CHRIST",09:00,4,2,2,0,0,0,0,0,0,0,0,1,0,0,0,3,0,2,4.0
2022,RS,18,156,1,P003958   ,1.0,1.0,BER,32,"THIEMANN, JOHANNES",23:00,7,3,5,0,1,1,1,2,4,6,2,0,2,0,0,3,6,13,6.0
2022,RS,18,156,1,P006589   ,0.0,0.0,BER,43,"SIKMA, LUKE",17:00,8,2,3,1,3,1,2,1,2,3,2,3,2,0,0,5,4,9,9.0
2022,RS,18,156,1,P010385   ,1.0,1.0,BER,44,"LAMMERS, BEN",25:08,12,4,10,1,2,1,2,4,3,7,2,2,0,0,0,2,2,15,18.0
2022,RS,18,156,1,P011193   ,0.0,1.0,BER,45,"BLATT, TAMIR",16:33,8,0,1,2,4,2,2,0,3,3,4,1,3,0,0,0,1,11,17.0
2022,RS,18,156,1,P006625   ,0.0,0.0,BER,50,"ZOOSMAN, YOVEL",25:34,9,2,3,1,4,2,2,3,3,6,2,1,0,0,0,1,1,14,13.0
2022,RS,18,156,1,Team,0.0,0.0,BER,,Team,,0,0,0,0,0,0,0,4,2,6,0,0,2,0,0,0,0,4,
2022,RS,18,156,1,Total,,,BER,,Total,200:00,83,18,34,12,32,11,13,16,22,38,19,9,12,0,1,20,22,100,
2022,RS,18,156,0,P007870   ,1.0,0.0,MIL,0,"DAVIES, BRANDON",23:08,13,4,8,0,1,5,9,1,3,4,2,2,4,0,0,3,6,11,-7.0
2022,RS,18,156,0,P005094   ,0.0,0.0,MIL,1,"THOMAS, DESHAUN",06:41,4,1,1,0,3,2,2,0,0,0,0,0,0,0,0,0,1,2,-2.0
2022,RS,18,156,0,P012080   ,0.0,0.0,MIL,2,"LUWAWU-CABARROT, TIMOTHE",31:01,16,4,6,2,4,2,2,2,3,5,1,3,5,0,0,3,3,16,-22.0
2022,RS,18,156,0,P011965   ,0.0,1.0,MIL,3,"MITROU-LONG, NAZ",11:41,0,0,2,0,2,0,0,0,2,2,1,0,0,0,0,1,0,-2,-19.0
2022,RS,18,156,0,P006509   ,0.0,1.0,MIL,7,"TONUT, STEFANO",00:27,0,0,0,0,0,0,0,0,0,0,0,0,0,0,0,0,0,0,0.0
2022,RS,18,156,0,P002849   ,1.0,0.0,MIL,9,"MELLI, NICOLO",25:49,8,4,6,0,1,0,0,2,6,8,1,0,1,0,0,3,2,12,-13.0
2022,RS,18,156,0,P005775   ,1.0,0.0,MIL,12,"BARON, BILLY",29:53,9,0,1,3,8,0,0,1,4,5,2,1,2,0,0,3,0,6,-17.0
2022,RS,18,156,0,P001518   ,1.0,1.0,MIL,17,"RICCI, GIAMPAOLO",16:46,2,1,1,0,2,0,0,1,1,2,0,0,1,0,0,4,0,-3,-5.0
2022,RS,18,156,0,P011205   ,1.0,0.0,MIL,22,"HALL, DEVON",31:20,7,2,2,0,2,3,3,2,1,3,2,0,2,1,0,2,3,10,-5.0
2022,RS,18,156,0,P005059   ,0.0,1.0,MIL,40,"ALVITI, DAVIDE",00:27,0,0,0,0,0,0,0,0,0,0,0,0,0,0,0,0,0,0,0.0
2022,RS,18,156,0,P002812   ,0.0,0.0,MIL,42,"HINES, KYLE",12:54,1,0,0,0,0,1,2,2,0,2,1,2,1,0,0,3,2,3,-8.0
2022,RS,18,156,0,P007201   ,0.0,1.0,MIL,77,"VOIGTMANN, JOHANNES",09:53,3,0,0,0,3,3,4,0,0,0,0,0,0,0,0,0,3,2,-2.0
2022,RS,18,156,0,Team,0.0,0.0,MIL,,Team,,0,0,0,0,0,0,0,1,2,3,0,0,1,0,0,0,0,2,
2022,RS,18,156,0,Total,,,MIL,,Total,200:00,63,16,27,5,26,16,22,12,22,34,10,8,17,1,0,22,20,59,
2022,RS,18,157,1,P011209   ,0.0,0.0,PAN,0,"KALAITZAKIS, PANAGIOTIS",00:06,0,0,0,0,0,0,0,0,0,0,0,0,0,0,0,0,0,0,-2.0
2022,RS,18,157,1,P006555   ,1.0,0.0,PAN,3,"WOLTERS, NATE",30:27,11,4,7,1,5,0,0,2,1,3,4,0,1,0,0,2,0,8,-20.0
2022,RS,18,157,1,P011225   ,0.0,1.0,PAN,5,"LEE, PARIS",27:01,10,2,9,2,7,0,0,1,1,2,0,0,2,0,0,3,3,-2,1.0
2022,RS,18,157,1,P005844   ,0.0,0.0,PAN,6,"PAPAGIANNIS, GEORGIOS",12:29,3,0,2,1,1,0,0,2,4,6,0,0,1,3,0,4,1,6,2.0
2022,RS,18,157,1,P003240   ,0.0,0.0,PAN,7,"BOCHORIDIS, ELEFTHERIOS",DNP,0,0,0,0,0,0,0,0,0,0,0,0,0,0,0,0,0,0,0.0
2022,RS,18,157,1,P009006   ,1.0,1.0,PAN,8,"WILLIAMS, DERRICK",33:48,11,2,5,1,4,4,6,1,6,7,1,1,3,0,0,2,3,10,-2.0
2022,RS,18,157,1,P006586   ,1.0,0.0,PAN,16,"KALAITZAKIS, GEORGIOS",08:30,2,0,0,0,1,2,4,0,0,0,0,1,1,0,0,3,3,-1,2.0
2022,RS,18,157,1,P011286   ,1.0,1.0,PAN,24,"BACON, DWAYNE",38:25,27,7,10,2,6,7,10,0,1,1,3,1,4,1,0,4,6,21,6.0
2022,RS,18,157,1,P004172   ,0.0,1.0,PAN,37,"PONITKA, MATEUSZ",32:02,14,1,3,2,4,6,6,10,2,12,3,1,2,0,0,3,5,26,-8.0
2022,RS,18,157,1,P002328   ,0.0,0.0,PAN,40,"GRIGONIS, MARIUS",DNP,0,0,0,0,0,0,0,0,0,0,0,0,0,0,0,0,0,0,0.0
2022,RS,18,157,1,P008084   ,0.0,1.0,PAN,72,"MANTZOUKAS, ELEFTHERIOS",11:48,0,0,0,0,1,0,0,2,1,3,1,0,1,0,0,3,0,-1,-4.0
2022,RS,18,157,1,P003120   ,1.0,0.0,PAN,77,"GUDAITIS, ARTURAS",30:24,10,3,4,0,0,4,8,5,2,7,0,1,3,0,0,2,8,16,-5.0
2022,RS,18,157,1,Team,0.0,0.0,PAN,,Team,,0,0,0,0,0,0,0,3,1,4,0,0,0,0,0,0,0,4,
2022,RS,18,157,1,Total,,,PAN,,Total,225:00,88,19,40,9,29,23,34,26,19,45,12,5,18,4,0,26,29,87,
2022,RS,18,157,0,P011157   ,0.0,0.0,ULK,0,"MOTLEY, JOHNATHAN",18:38,14,6,13,0,0,2,3,5,3,8,2,1,4,0,2,4,2,9,4.0
2022,RS,18,157,0,P003091   ,1.0,0.0,ULK,1,"BIRSEN, METECAN",07:39,0,0,0,0,1,0,0,0,0,0,1,0,0,0,0,0,0,0,-2.0
2022,RS,18,157,0,P011201   ,0.0,0.0,ULK,2,"HAZER, SEHMUS",DNP,0,0,0,0,0,0,0,0,0,0,0,0,0,0,0,0,0,0,0.0
2022,RS,18,157,0,P006661   ,0.0,1.0,ULK,3,"WILBEKIN, SCOTTIE",23:55,9,1,2,2,6,1,3,0,2,2,3,4,1,0,1,2,4,11,1.0
2022,RS,18,157,0,P011987   ,0.0,1.0,ULK,4,"EDWARDS, CARSEN",23:40,14,3,5,2,2,2,2,0,2,2,1,1,2,0,0,2,2,14,15.0
2022,RS,18,157,0,P002969   ,0.0,0.0,ULK,10,"MAHMUTOGLU, MELIH",DNP,0,0,0,0,0,0,0,0,0,0,0,0,0,0,0,0,0,0,0.0
2022,RS,18,157,0,P008962   ,1.0,1.0,ULK,11,"HAYES-DAVIS, NIGEL",43:35,24,6,7,3,5,3,4,2,2,4,2,1,0,0,0,4,7,30,4.0
2022,RS,18,157,0,P010560   ,0.0,0.0,ULK,21,"PIERRE, DYSHAWN",05:35,0,0,0,0,1,0,0,0,2,2,0,1,1,0,0,4,0,-3,3.0
2022,RS,18,157,0,P004004   ,1.0,1.0,ULK,23,"GUDURIC, MARKO",30:22,14,1,3,2,6,6,6,1,2,3,5,2,2,0,1,3,4,16,5.0
2022,RS,18,157,0,P007056   ,0.0,0.0,ULK,31,"BOOKER, DEVIN",31:53,5,1,2,1,2,0,0,2,1,3,1,1,1,0,0,4,2,5,2.0
2022,RS,18,157,0,P001932   ,1.0,1.0,ULK,33,"CALATHES, NICK",32:52,12,3,4,2,4,0,0,0,4,4,5,2,3,0,0,3,3,17,-3.0
2022,RS,18,157,0,P011221   ,1.0,0.0,ULK,37,"ANTETOKOUNMPO, KOSTAS",06:51,2,1,1,0,0,0,2,0,0,0,1,0,2,0,0,3,1,-3,1.0
2022,RS,18,157,0,Team,0.0,0.0,ULK,,Team,,0,0,0,0,0,0,0,2,1,3,0,0,0,0,0,0,0,3,
2022,RS,18,157,0,Total,,,ULK,,Total,225:00,94,22,37,12,27,14,20,12,19,31,21,13,16,0,4,29,25,99,
2022,RS,18,158,1,P010391   ,1.0,0.0,MUN,0,"WEILER-BABB, NICK",25:54,12,2,4,2,3,2,2,2,3,5,1,1,1,0,0,1,1,15,16.0
2022,RS,18,158,1,P009866   ,0.0,0.0,MUN,2,"WALDEN, COREY",16:02,11,0,1,3,4,2,2,0,1,1,2,0,0,0,1,1,4,14,10.0
2022,RS,18,158,1,P011940   ,1.0,1.0,MUN,5,"WINSTON, CASSIUS",23:53,16,5,10,1,4,3,3,1,3,4,3,0,2,0,0,2,6,17,6.0
2022,RS,18,158,1,P001557   ,0.0,1.0,MUN,7,"GIFFEY, NIELS",26:09,11,0,2,2,2,5,5,0,3,3,0,1,0,0,0,1,2,14,7.0
2022,RS,18,158,1,P005160   ,0.0,0.0,MUN,8,"HUNTER, OTHELLO",17:47,11,0,1,3,5,2,2,1,5,6,1,0,0,2,0,2,2,17,9.0
2022,RS,18,158,1,P006760   ,1.0,0.0,MUN,9,"BONGA, ISAAC",16:00,5,0,3,1,2,2,2,0,1,1,2,2,2,1,0,2,1,4,6.0
2022,RS,18,158,1,P004058   ,0.0,1.0,MUN,10,"JARAMAZ, OGNJEN",14:05,7,1,2,1,2,2,2,0,0,0,2,2,3,0,0,1,1,6,-6.0
2022,RS,18,158,1,P005056   ,0.0,0.0,MUN,16,"ZIPSER, PAUL",04:40,0,0,1,0,1,0,0,0,0,0,0,1,0,0,0,0,0,-1,-8.0
2022,RS,18,158,1,P005478   ,0.0,0.0,MUN,17,"WIMBERG, NIKLAS",DNP,0,0,0,0,0,0,0,0,0,0,0,0,0,0,0,0,0,0,0.0
2022,RS,18,158,1,P005460   ,0.0,1.0,MUN,20,"HARRIS, ELIAS",14:40,6,3,5,0,0,0,0,0,4,4,1,0,0,0,0,3,0,6,3.0
2022,RS,18,158,1,P006477   ,1.0,0.0,MUN,21,"RUBIT, AUGUSTINE",17:27,13,3,6,1,1,4,4,0,3,3,1,0,1,0,0,2,3,14,16.0
2022,RS,18,158,1,P011941   ,1.0,1.0,MUN,33,"GILLESPIE, FREDDIE",23:23,0,0,2,0,0,0,2,4,3,7,1,1,2,3,0,3,4,7,6.0
2022,RS,18,158,1,Team,0.0,0.0,MUN,,Team,,0,0,0,0,0,0,0,1,1,2,0,0,1,0,0,0,0,1,
2022,RS,18,158,1,Total,,,MUN,,Total,200:00,92,14,37,14,24,22,24,9,27,36,14,8,12,6,1,18,24,114,
2022,RS,18,158,0,P011948   ,0.0,0.0,BAS,0,"HOWARD, MARKUS",18:19,21,1,4,4,10,7,7,0,3,3,3,0,1,0,2,3,5,17,0.0
2022,RS,18,158,0,P006754   ,0.0,0.0,BAS,7,"HENRY, PIERRIA",19:44,0,0,3,0,1,0,0,0,2,2,7,2,2,0,1,2,1,3,-2.0
2022,RS,18,158,0,P007230   ,0.0,0.0,BAS,8,"SEDEKERSKIS, TADAS",17:03,2,0,0,0,1,2,2,0,5,5,1,1,0,0,0,2,1,7,-4.0
2022,RS,18,158,0,P004761   ,1.0,1.0,BAS,9,"MARINKOVIC, VANJA",14:04,2,1,2,0,4,0,0,0,0,0,1,0,2,0,0,3,0,-7,-8.0
2022,RS,18,158,0,P003198   ,0.0,1.0,BAS,11,"DIEZ, DANIEL",07:47,2,0,0,0,0,2,2,0,3,3,0,0,0,0,0,3,1,3,4.0
2022,RS,18,158,0,P011078   ,1.0,1.0,BAS,13,"THOMPSON, DARIUS",22:53,13,3,8,1,2,4,4,3,1,4,3,3,2,0,1,3,3,14,-15.0
2022,RS,18,158,0,P004603   ,0.0,0.0,BAS,21,"KOTSAR, MAIK",19:38,7,3,4,0,0,1,2,2,2,4,0,0,0,0,0,2,2,9,-4.0
2022,RS,18,158,0,P011239   ,1.0,1.0,BAS,23,"ENOCH, STEVEN",18:08,6,3,5,0,0,0,0,1,0,1,0,0,2,1,0,2,0,2,-5.0
2022,RS,18,158,0,P010444   ,0.0,0.0,BAS,24,"COSTELLO, MATTHEW",16:06,10,2,3,2,5,0,2,1,2,3,2,0,3,0,1,2,2,5,-7.0
2022,RS,18,158,0,P006436   ,1.0,1.0,BAS,31,"GIEDRAITIS, ROKAS",25:10,10,4,6,0,3,2,2,1,4,5,0,1,0,0,1,0,2,12,-13.0
2022,RS,18,158,0,P011949   ,1.0,0.0,BAS,34,"HOMMES, DAULTON",13:54,3,0,0,1,3,0,0,1,1,2,4,0,0,0,0,2,1,6,-10.0
2022,RS,18,158,0,P007265   ,0.0,0.0,BAS,47,"KURUCS, ARTURS",07:14,3,0,0,1,1,0,0,0,0,0,0,0,0,0,0,0,0,3,-1.0
2022,RS,18,158,0,Team,0.0,0.0,BAS,,Team,,0,0,0,0,0,0,0,2,1,3,0,0,1,0,0,0,0,2,
2022,RS,18,158,0,Total,,,BAS,,Total,200:00,79,17,35,9,30,18,21,11,24,35,21,7,13,1,6,24,18,76,
2022,RS,18,159,1,P009549   ,0.0,0.0,VIR,0,"CORDINIER, ISAIA",DNP,0,0,0,0,0,0,0,0,0,0,0,0,0,0,0,0,0,0,0.0
2022,RS,18,159,1,PBCN      ,0.0,0.0,VIR,3,"BELINELLI, MARCO",DNP,0,0,0,0,0,0,0,0,0,0,0,0,0,0,0,0,0,0,0.0
2022,RS,18,159,1,P006739   ,0.0,1.0,VIR,6,"PAJOLA, ALESSANDRO",17:02,6,0,0,2,2,0,0,0,2,2,4,2,1,0,0,2,1,12,-3.0
2022,RS,18,159,1,P004655   ,0.0,0.0,VIR,7,"BAKO, ISMAEL",16:18,7,3,5,0,0,1,2,0,1,1,1,0,0,0,0,3,1,4,4.0
2022,RS,18,159,1,P002581   ,1.0,0.0,VIR,14,"JAITEH, MAM",18:24,9,4,6,0,0,1,2,0,2,2,0,1,1,0,0,2,2,8,-7.0
2022,RS,18,159,1,P010781   ,1.0,0.0,VIR,19,"LUNDBERG, IFFE",14:30,3,0,2,0,3,3,4,0,1,1,0,0,0,0,0,1,3,0,-12.0
2022,RS,18,159,1,P001133   ,0.0,1.0,VIR,21,"SHENGELIA, TORNIKE",23:42,4,2,4,0,1,0,2,0,2,2,1,1,1,0,1,2,5,4,1.0
2022,RS,18,159,1,P001844   ,1.0,1.0,VIR,23,"HACKETT, DANIEL",24:39,6,0,1,1,2,3,4,1,2,3,4,1,2,0,1,3,4,9,-11.0
2022,RS,18,159,1,P008847   ,1.0,0.0,VIR,25,"MICKEY, JORDAN",17:16,3,1,4,0,1,1,2,1,2,3,1,0,2,0,0,1,1,0,-12.0
2022,RS,18,159,1,P006592   ,0.0,0.0,VIR,34,"WEEMS, KYLE",14:35,7,2,3,1,1,0,0,1,0,1,1,0,0,0,0,2,1,7,-4.0
2022,RS,18,159,1,P011982   ,1.0,1.0,VIR,37,"OJELEYE, SEMI",28:04,11,4,4,1,3,0,0,1,4,5,0,1,0,0,0,4,1,12,-8.0
2022,RS,18,159,1,PJDR      ,0.0,1.0,VIR,44,"TEODOSIC, MILOS",25:30,21,3,5,3,7,6,6,0,2,2,12,1,2,0,0,4,4,28,2.0
2022,RS,18,159,1,Team,0.0,0.0,VIR,,Team,,0,0,0,0,0,0,0,1,1,2,0,0,1,0,0,0,0,1,
2022,RS,18,159,1,Total,,,VIR,,Total,200:00,77,19,34,8,20,15,22,5,19,24,24,7,10,0,2,24,23,85,
2022,RS,18,159,0,P012068   ,0.0,1.0,ZAL,1,"TAYLOR, ISAIAH",16:21,10,4,8,0,1,2,3,0,1,1,1,0,1,0,0,2,3,6,11.0
2022,RS,18,159,0,P003210   ,0.0,0.0,ZAL,4,"LEKAVICIUS, LUKAS",12:28,2,1,3,0,0,0,0,0,0,0,1,0,2,0,0,0,0,-1,-8.0
2022,RS,18,159,0,P010390   ,1.0,1.0,ZAL,8,"HAYES, KEVARRIUS",21:19,2,1,5,0,0,0,0,4,5,9,1,2,1,0,0,4,0,5,12.0
2022,RS,18,159,0,PJBX      ,0.0,0.0,ZAL,9,"KALNIETIS, MANTAS",DNP,0,0,0,0,0,0,0,0,0,0,0,0,0,0,0,0,0,0,0.0
2022,RS,18,159,0,P007109   ,1.0,0.0,ZAL,10,"SMITS, ROLANDS",24:46,17,4,5,1,3,6,6,3,5,8,4,0,1,0,0,3,4,26,22.0
2022,RS,18,159,0,P005504   ,0.0,0.0,ZAL,15,"BIRUTIS, LAURYNAS",12:38,5,1,2,0,0,3,4,0,1,1,0,0,2,1,0,2,2,3,-8.0
2022,RS,18,159,0,P006158   ,0.0,0.0,ZAL,16,"LUKOSIUNAS, KAROLIS",DNP,0,0,0,0,0,0,0,0,0,0,0,0,0,0,0,0,0,0,0.0
2022,RS,18,159,0,P011983   ,1.0,1.0,ZAL,17,"BRAZDEIKIS, IGNAS",29:22,17,6,9,1,3,2,2,1,4,5,2,2,1,0,0,3,3,20,16.0
2022,RS,18,159,0,P002084   ,0.0,0.0,ZAL,25,"POLONARA, ACHILLE",14:58,2,0,0,0,1,2,2,1,2,3,0,0,0,0,0,1,1,4,-12.0
2022,RS,18,159,0,P003211   ,1.0,0.0,ZAL,33,"DIMSA, TOMAS",18:04,4,0,2,1,4,1,2,0,2,2,0,0,1,0,0,2,2,-1,4.0
2022,RS,18,159,0,P002676   ,0.0,1.0,ZAL,51,"BUTKEVICIUS, ARNAS",25:43,13,3,5,0,0,7,8,1,4,5,1,0,0,1,0,2,5,20,9.0
2022,RS,18,159,0,P002329   ,1.0,1.0,ZAL,92,"ULANOVAS, EDGARAS",24:21,15,2,3,2,4,5,6,1,1,2,1,3,0,0,0,4,4,17,4.0
2022,RS,18,159,0,Team,0.0,0.0,ZAL,,Team,,0,0,0,0,0,0,0,0,2,2,0,0,1,0,0,0,0,1,
2022,RS,18,159,0,Total,,,ZAL,,Total,200:00,87,22,42,5,16,28,33,11,27,38,11,7,10,2,0,23,24,100,
2022,RS,18,160,1,P011936   ,1.0,1.0,ASV,0,"MATHEWS, JONAH",30:21,17,8,14,0,3,1,1,1,3,4,4,0,5,0,0,3,2,10,-4.0
2022,RS,18,160,1,P011937   ,0.0,0.0,ASV,1,"POLITE, ANTHONY",08:58,0,0,0,0,0,0,0,1,1,2,0,0,0,0,0,1,2,3,1.0
2022,RS,18,160,1,P006068   ,1.0,0.0,ASV,2,"NOUA, AMINE",22:32,4,2,5,0,2,0,0,1,2,3,0,0,1,0,3,4,1,-5,8.0
2022,RS,18,160,1,PKIR      ,0.0,1.0,ASV,5,"KAHUDI, CHARLES",17:43,11,2,5,0,4,7,7,0,2,2,0,1,0,1,0,1,4,11,-17.0
2022,RS,18,160,1,PTFK      ,0.0,1.0,ASV,8,"DIOT, ANTOINE",19:19,2,1,1,0,6,0,0,0,0,0,0,0,1,0,0,1,0,-6,-10.0
2022,RS,18,160,1,P010718   ,1.0,0.0,ASV,10,"RISACHER, ZACCHARIE",20:53,7,2,3,1,1,0,0,0,1,1,1,0,1,1,0,5,1,4,1.0
2022,RS,18,160,1,P006568   ,1.0,0.0,ASV,19,"FALL, YOUSSOUPHA",27:49,23,9,12,0,0,5,6,5,1,6,1,0,0,0,0,1,6,31,1.0
2022,RS,18,160,1,P011938   ,0.0,0.0,ASV,32,"OBASOHAN, RETIN",12:42,4,2,4,0,1,0,0,0,1,1,1,1,1,0,0,4,1,0,-5.0
2022,RS,18,160,1,P011939   ,1.0,1.0,ASV,33,"JACKSON-CARTWRIGHT, PARKER",27:32,7,1,3,1,1,2,2,1,5,6,4,2,1,0,1,1,4,18,-2.0
2022,RS,18,160,1,P006832   ,0.0,1.0,ASV,35,"PONS, YVES",12:11,0,0,1,0,0,0,0,2,1,3,0,0,0,0,0,1,1,2,-8.0
2022,RS,18,160,1,Team,0.0,0.0,ASV,,Team,,0,0,0,0,0,0,0,1,5,6,0,0,2,0,0,0,0,4,
2022,RS,18,160,1,Total,,,ASV,,Total,200:00,75,27,48,2,18,15,16,12,22,34,11,4,12,2,4,22,22,72,
2022,RS,18,160,0,P011244   ,0.0,0.0,BAR,1,"DA SILVA, OSCAR",12:04,2,1,2,0,0,0,0,0,2,2,0,1,0,0,0,2,0,2,3.0
2022,RS,18,160,0,P003204   ,0.0,0.0,BAR,3,"PAULI, ORIOL",00:30,0,0,0,0,0,0,0,0,0,0,0,0,0,0,0,0,0,0,-1.0
2022,RS,18,160,0,P002968   ,0.0,0.0,BAR,5,"SANLI, SERTAC",13:00,4,2,2,0,1,0,0,0,2,2,1,0,2,1,0,5,1,1,5.0
2022,RS,18,160,0,P000925   ,1.0,1.0,BAR,6,"VESELY, JAN",23:47,4,1,2,0,0,2,2,0,3,3,2,2,2,0,0,2,2,8,1.0
2022,RS,18,160,0,P004866   ,1.0,1.0,BAR,10,"KALINIC, NIKOLA",13:56,3,1,2,0,0,1,2,1,0,1,0,0,0,0,0,4,1,-1,0.0
2022,RS,18,160,0,P006435   ,1.0,0.0,BAR,20,"LAPROVITTOLA, NICOLAS",19:03,5,0,0,1,4,2,2,0,3,3,2,1,0,0,0,2,2,8,-3.0
2022,RS,18,160,0,P003478   ,0.0,1.0,BAR,21,"ABRINES, ALEX",19:44,14,1,3,4,6,0,0,0,1,1,2,0,1,0,1,3,1,9,6.0
2022,RS,18,160,0,P006450   ,0.0,1.0,BAR,22,"HIGGINS, CORY",22:29,16,5,6,0,2,6,6,0,3,3,4,2,1,0,0,2,4,23,21.0
2022,RS,18,160,0,P008966   ,0.0,0.0,BAR,23,"TOBEY, MIKE",02:58,0,0,0,0,0,0,0,1,1,2,0,0,1,0,0,1,1,1,-1.0
2022,RS,18,160,0,P005789   ,1.0,0.0,BAR,24,"KURIC, KYLE",19:06,2,1,2,0,2,0,0,0,0,0,1,1,0,0,0,1,1,1,-5.0
2022,RS,18,160,0,P007519   ,0.0,0.0,BAR,31,"JOKUBAITIS, ROKAS",25:27,13,4,8,1,2,2,2,2,3,5,4,1,1,0,1,0,2,18,5.0
2022,RS,18,160,0,P000796   ,1.0,1.0,BAR,33,"MIROTIC, NIKOLA",27:56,19,4,6,1,6,8,8,2,2,4,1,0,0,3,0,1,6,25,4.0
2022,RS,18,160,0,Team,0.0,0.0,BAR,,Team,,0,0,0,0,0,0,0,1,3,4,0,0,0,0,0,0,0,4,
2022,RS,18,160,0,Total,,,BAR,,Total,200:00,82,20,33,7,23,21,22,7,23,30,17,8,8,4,2,23,21,99,
2022,RS,18,161,1,P012056   ,0.0,0.0,TEL,3,"ADAMS, JALEN",12:05,5,1,1,1,3,0,0,0,2,2,1,0,1,1,0,2,2,6,-9.0
2022,RS,18,161,1,P009622   ,1.0,0.0,TEL,4,"BROWN, LORENZO",31:31,21,7,13,1,4,4,4,0,2,2,5,0,3,0,0,3,4,17,15.0
2022,RS,18,161,1,P009863   ,1.0,0.0,TEL,5,"BALDWIN IV, WADE",22:19,8,2,4,0,7,4,4,0,4,4,4,0,1,0,0,5,4,5,9.0
2022,RS,18,161,1,P011967   ,0.0,1.0,TEL,6,"MARTIN, JARELL",24:38,13,3,4,2,3,1,1,1,4,5,3,3,0,1,1,3,2,21,1.0
2022,RS,18,161,1,P004233   ,0.0,0.0,TEL,8,"MENCO, RAFI",DNP,0,0,0,0,0,0,0,0,0,0,0,0,0,0,0,0,0,0,0.0
2022,RS,18,161,1,P011219   ,0.0,0.0,TEL,9,"SORKIN, ROMAN",15:23,5,2,4,0,0,1,2,3,0,3,1,0,1,2,0,3,2,6,-8.0
2022,RS,18,161,1,P007990   ,0.0,1.0,TEL,12,"DIBARTOLOMEO, JOHN",17:04,5,1,1,1,4,0,0,0,2,2,1,2,0,0,0,2,1,6,4.0
2022,RS,18,161,1,P008989   ,0.0,0.0,TEL,13,"HILLIARD, DARRUN",DNP,0,0,0,0,0,0,0,0,0,0,0,0,0,0,0,0,0,0,0.0
2022,RS,18,161,1,P005145   ,1.0,1.0,TEL,15,"COHEN, JAKE",12:54,4,2,2,0,1,0,0,0,2,2,2,0,0,0,0,3,0,4,10.0
2022,RS,18,161,1,P009917   ,0.0,0.0,TEL,20,"HOLLINS, AUSTIN",07:26,0,0,0,0,0,0,0,0,0,0,0,1,0,0,0,2,0,-1,-3.0
2022,RS,18,161,1,P011199   ,1.0,1.0,TEL,32,"NEBO, JOSH",23:53,10,4,6,0,0,2,3,3,3,6,0,1,1,1,0,0,4,18,15.0
2022,RS,18,161,1,P009783   ,1.0,1.0,TEL,50,"COLSON, BONZIE",32:47,19,5,8,2,5,3,4,4,3,7,0,2,0,1,0,3,2,21,11.0
2022,RS,18,161,1,Team,0.0,0.0,TEL,,Team,,0,0,0,0,0,0,0,2,1,3,0,0,1,0,0,0,0,2,
2022,RS,18,161,1,Total,,,TEL,,Total,200:00,90,27,43,7,27,15,18,13,23,36,17,9,8,6,1,26,21,105,
2022,RS,18,161,0,P009212   ,0.0,0.0,PAR,1,"VUKCEVIC, TRISTAN",DNP,0,0,0,0,0,0,0,0,0,0,0,0,0,0,0,0,0,0,0.0
2022,RS,18,161,0,P008987   ,1.0,1.0,PAR,2,"LEDAY, ZACH",33:58,15,6,10,0,0,3,4,5,4,9,0,0,0,1,3,2,4,19,-8.0
2022,RS,18,161,0,P003983   ,0.0,1.0,PAR,4,"AVRAMOVIC, ALEKSA",13:32,15,5,8,1,3,2,2,3,0,3,3,0,3,0,0,4,2,11,1.0
2022,RS,18,161,0,P009862   ,0.0,1.0,PAR,7,"PUNTER, KEVIN",28:16,22,4,6,3,5,5,5,0,2,2,3,1,1,0,0,4,5,24,7.0
2022,RS,18,161,0,P011051   ,1.0,0.0,PAR,9,"SMAILAGIC, ALEN",04:22,0,0,0,0,2,0,0,1,0,1,0,0,1,0,0,0,0,-2,-10.0
2022,RS,18,161,0,P005161   ,1.0,0.0,PAR,10,"PAPAPETROU, IOANNIS",19:35,2,1,2,0,0,0,0,0,3,3,0,1,2,0,0,1,1,3,-14.0
2022,RS,18,161,0,P011302   ,0.0,1.0,PAR,11,"EXUM, DANTE",28:41,17,2,5,1,3,10,12,1,2,3,0,0,2,0,0,3,9,17,-9.0
2022,RS,18,161,0,P007400   ,1.0,0.0,PAR,21,"NUNNALLY, JAMES",05:40,2,1,1,0,1,0,0,0,0,0,0,0,0,0,0,0,0,1,-14.0
2022,RS,18,161,0,P003842   ,0.0,1.0,PAR,26,"LESSORT, MATHIAS",35:38,5,2,4,0,0,1,2,1,7,8,2,1,0,0,1,2,4,14,1.0
2022,RS,18,161,0,P007673   ,0.0,0.0,PAR,32,"TRIFUNOVIC, UROS",17:19,3,0,1,1,2,0,0,0,2,2,0,1,1,0,1,1,0,1,0.0
2022,RS,18,161,0,P000956   ,0.0,0.0,PAR,33,"ANDJUSIC, DANILO",09:55,0,0,2,0,3,0,0,0,0,0,2,1,3,0,1,4,0,-10,1.0
2022,RS,18,161,0,P011052   ,1.0,0.0,PAR,41,"MADAR, YAM",03:04,0,0,1,0,1,0,0,0,0,0,0,0,0,0,0,1,0,-3,0.0
2022,RS,18,161,0,Team,0.0,0.0,PAR,,Team,,0,0,0,0,0,0,0,0,2,2,0,0,0,0,0,0,0,2,
2022,RS,18,161,0,Total,,,PAR,,Total,200:00,81,21,40,6,20,21,25,11,22,33,10,5,13,1,6,22,25,77,
2022,RS,18,162,1,P006643   ,1.0,1.0,PAM,2,"PUERTO, JOSEP",29:22,15,1,2,4,4,1,2,2,5,7,0,0,0,0,0,1,2,21,1.0
2022,RS,18,162,1,P002661   ,1.0,1.0,PAM,3,"PREPELIC, KLEMEN",22:39,13,2,2,1,5,6,7,0,1,1,6,0,4,0,0,0,6,17,5.0
2022,RS,18,162,1,P010393   ,1.0,0.0,PAM,4,"PRADILLA, JAIME",16:37,5,1,3,1,2,0,0,2,0,2,2,0,1,0,0,1,0,4,-3.0
2022,RS,18,162,1,P011971   ,0.0,0.0,PAM,5,"WEBB III, JAMES",23:33,14,1,2,3,8,3,4,0,2,2,1,1,1,0,0,3,2,9,13.0
2022,RS,18,162,1,P005356   ,0.0,0.0,PAM,6,"LOPEZ-AROSTEGUI, XABI",22:38,12,3,4,2,3,0,0,1,2,3,2,2,4,0,0,2,3,14,14.0
2022,RS,18,162,1,P009101   ,1.0,1.0,PAM,8,"FERRANDO, GUILLEM",16:28,0,0,0,0,3,0,0,0,0,0,2,1,1,0,0,2,0,-3,-3.0
2022,RS,18,162,1,P011972   ,0.0,1.0,PAM,12,"RADEBAUGH, JONAH",23:45,12,3,4,2,3,0,0,0,2,2,5,1,1,0,0,2,1,16,13.0
2022,RS,18,162,1,P002742   ,1.0,0.0,PAM,14,"DUBLJEVIC, BOJAN",19:13,10,2,2,2,6,0,0,0,4,4,0,0,2,0,0,0,2,10,-4.0
2022,RS,18,162,1,P011973   ,0.0,0.0,PAM,21,"ALEXANDER, KYLE",20:28,0,0,2,0,0,0,0,0,6,6,0,1,1,3,0,3,0,4,12.0
2022,RS,18,162,1,P010750   ,0.0,1.0,PAM,50,"DE LARREA, SERGIO",00:13,0,0,1,0,0,0,0,0,0,0,0,0,0,0,0,0,0,-1,0.0
2022,RS,18,162,1,P011974   ,0.0,0.0,PAM,55,"MARÍ, LUCAS",05:04,0,0,0,0,0,0,0,0,1,1,0,0,0,0,0,4,0,-3,2.0
2022,RS,18,162,1,Team,0.0,0.0,PAM,,Team,,0,0,0,0,0,0,0,2,1,3,0,0,0,0,0,0,0,3,
2022,RS,18,162,1,Total,,,PAM,,Total,200:00,81,13,22,15,34,10,13,7,24,31,18,6,15,3,0,18,16,91,
2022,RS,18,162,0,P007200   ,0.0,1.0,IST,0,"LARKIN, SHANE",19:36,14,1,2,3,7,3,4,1,5,6,2,2,2,0,1,2,4,17,-7.0
2022,RS,18,162,0,P006590   ,1.0,1.0,IST,1,"BEAUBOIS, RODRIGUE",26:57,6,3,4,0,5,0,0,0,1,1,1,3,0,0,0,2,1,4,-6.0
2022,RS,18,162,0,P006614   ,0.0,0.0,IST,2,"SINGLETON, CHRIS",13:23,0,0,1,0,2,0,0,0,0,0,1,0,0,0,0,1,0,-3,3.0
2022,RS,18,162,0,P009846   ,1.0,1.0,IST,6,"BRYANT, ELIJAH",14:56,0,0,3,0,1,0,0,1,2,3,1,1,0,0,0,1,0,0,-8.0
2022,RS,18,162,0,P004888   ,0.0,1.0,IST,12,"CLYBURN, WILL",30:16,15,6,9,1,5,0,0,0,5,5,1,2,2,0,1,4,3,12,-12.0
2022,RS,18,162,0,P005348   ,0.0,0.0,IST,18,"ARNA, EGEHAN",DNP,0,0,0,0,0,0,0,0,0,0,0,0,0,0,0,0,0,0,0.0
2022,RS,18,162,0,P002925   ,0.0,0.0,IST,19,"TUNCER, BUGRAHAN",DNP,0,0,0,0,0,0,0,0,0,0,0,0,0,0,0,0,0,0,0.0
2022,RS,18,162,0,PLHK      ,1.0,0.0,IST,21,"PLEISS, TIBOR",19:00,14,6,8,0,1,2,2,4,2,6,0,0,2,0,0,0,2,17,-3.0
2022,RS,18,162,0,P002580   ,1.0,1.0,IST,22,"MICIC, VASILIJE",36:08,11,2,4,2,6,1,2,2,4,6,8,1,5,0,1,2,5,16,-3.0
2022,RS,18,162,0,P007993   ,1.0,0.0,IST,24,"M'BAYE, AMATH",19:50,8,1,1,2,5,0,0,0,0,0,1,0,0,0,0,1,0,5,-7.0
2022,RS,18,162,0,P004554   ,0.0,0.0,IST,41,"ZIZIC, ANTE",05:40,0,0,0,0,0,0,0,0,2,2,0,0,1,0,0,0,0,1,-1.0
2022,RS,18,162,0,P003048   ,0.0,0.0,IST,42,"DUNSTON, BRYANT",14:14,3,1,1,0,0,1,2,3,1,4,1,2,0,0,0,3,3,9,-6.0
2022,RS,18,162,0,Team,0.0,0.0,IST,,Team,,0,0,0,0,0,0,0,1,0,1,0,0,1,0,0,0,0,0,
2022,RS,18,162,0,Total,,,IST,,Total,200:00,71,20,33,8,32,7,10,12,22,34,16,11,13,0,3,16,18,78,
2022,RS,19,163,1,P011157   ,1.0,1.0,ULK,0,"MOTLEY, JOHNATHAN",32:08,22,7,11,0,0,8,10,7,10,17,1,1,2,0,0,2,7,38,8.0
2022,RS,19,163,1,P003091   ,0.0,0.0,ULK,1,"BIRSEN, METECAN",09:27,6,1,1,1,3,1,1,0,0,0,0,0,0,0,0,3,1,2,-1.0
2022,RS,19,163,1,P011201   ,0.0,0.0,ULK,2,"HAZER, SEHMUS",DNP,0,0,0,0,0,0,0,0,0,0,0,0,0,0,0,0,0,0,0.0
2022,RS,19,163,1,P006661   ,1.0,0.0,ULK,3,"WILBEKIN, SCOTTIE",22:41,11,3,7,1,4,2,3,0,2,2,4,0,1,0,0,2,2,8,10.0
2022,RS,19,163,1,P011987   ,0.0,0.0,ULK,4,"EDWARDS, CARSEN",16:48,9,0,1,3,5,0,0,0,0,0,2,1,2,0,0,2,2,7,-3.0
2022,RS,19,163,1,P002969   ,0.0,0.0,ULK,10,"MAHMUTOGLU, MELIH",DNP,0,0,0,0,0,0,0,0,0,0,0,0,0,0,0,0,0,0,0.0
2022,RS,19,163,1,P008962   ,1.0,1.0,ULK,11,"HAYES-DAVIS, NIGEL",26:51,4,2,2,0,3,0,0,3,2,5,3,3,1,0,0,1,3,13,6.0
2022,RS,19,163,1,P010560   ,0.0,0.0,ULK,21,"PIERRE, DYSHAWN",13:13,0,0,2,0,1,0,0,1,3,4,1,0,1,0,0,0,1,2,2.0
2022,RS,19,163,1,P004004   ,0.0,1.0,ULK,23,"GUDURIC, MARKO",18:50,8,0,0,2,3,2,3,0,0,0,4,0,3,0,0,2,2,7,1.0
2022,RS,19,163,1,P007056   ,1.0,1.0,ULK,31,"BOOKER, DEVIN",26:11,5,1,3,1,2,0,0,4,4,8,0,0,0,0,0,2,0,8,12.0
2022,RS,19,163,1,P001932   ,1.0,1.0,ULK,33,"CALATHES, NICK",26:03,9,3,9,1,6,0,0,1,4,5,1,1,3,0,0,2,1,1,5.0
2022,RS,19,163,1,P011221   ,0.0,0.0,ULK,37,"ANTETOKOUNMPO, KOSTAS",07:48,5,2,2,0,0,1,2,0,1,1,0,0,1,0,0,3,1,2,0.0
2022,RS,19,163,1,Team,0.0,0.0,ULK,,Team,,0,0,0,0,0,0,0,0,2,2,0,0,0,0,0,0,0,2,
2022,RS,19,163,1,Total,,,ULK,,Total,200:00,79,19,38,9,27,14,19,16,28,44,16,6,14,0,0,19,20,90,
2022,RS,19,163,0,P010391   ,1.0,1.0,MUN,0,"WEILER-BABB, NICK",27:59,9,0,1,3,7,0,0,1,3,4,0,0,1,0,0,3,1,5,-15.0
2022,RS,19,163,0,P009866   ,0.0,1.0,MUN,2,"WALDEN, COREY",21:22,7,0,1,1,3,4,4,0,3,3,7,4,1,0,0,2,3,18,6.0
2022,RS,19,163,0,P011940   ,1.0,1.0,MUN,5,"WINSTON, CASSIUS",20:46,12,3,6,1,3,3,5,0,2,2,4,0,1,0,0,3,4,11,-5.0
2022,RS,19,163,0,P001557   ,0.0,1.0,MUN,7,"GIFFEY, NIELS",17:24,2,1,1,0,1,0,0,0,0,0,0,0,1,0,0,3,0,-3,0.0
2022,RS,19,163,0,P005160   ,0.0,0.0,MUN,8,"HUNTER, OTHELLO",11:12,2,1,4,0,1,0,0,0,0,0,1,0,0,0,0,0,0,-1,-15.0
2022,RS,19,163,0,P006760   ,1.0,0.0,MUN,9,"BONGA, ISAAC",20:26,2,1,2,0,3,0,0,0,3,3,2,1,2,0,0,1,0,1,-13.0
2022,RS,19,163,0,P004058   ,0.0,0.0,MUN,10,"JARAMAZ, OGNJEN",13:37,4,1,2,0,2,2,3,0,0,0,0,0,2,0,0,3,2,-3,2.0
2022,RS,19,163,0,P005056   ,0.0,0.0,MUN,16,"ZIPSER, PAUL",DNP,0,0,0,0,0,0,0,0,0,0,0,0,0,0,0,0,0,0,0.0
2022,RS,19,163,0,P005478   ,0.0,0.0,MUN,17,"WIMBERG, NIKLAS",DNP,0,0,0,0,0,0,0,0,0,0,0,0,0,0,0,0,0,0,0.0
2022,RS,19,163,0,P005460   ,0.0,0.0,MUN,20,"HARRIS, ELIAS",12:10,6,1,1,0,0,4,4,0,2,2,0,0,1,0,0,0,3,10,-6.0
2022,RS,19,163,0,P006477   ,1.0,1.0,MUN,21,"RUBIT, AUGUSTINE",29:06,21,9,12,1,2,0,2,0,3,3,2,1,0,0,0,0,5,26,0.0
2022,RS,19,163,0,P011941   ,1.0,0.0,MUN,33,"GILLESPIE, FREDDIE",25:58,6,3,4,0,0,0,0,2,6,8,1,0,1,0,0,5,1,9,6.0
2022,RS,19,163,0,Team,0.0,0.0,MUN,,Team,,0,0,0,0,0,0,0,0,0,0,0,0,0,0,0,0,0,0,
2022,RS,19,163,0,Total,,,MUN,,Total,200:00,71,20,34,6,22,13,18,3,22,25,17,6,10,0,0,20,19,73,
2022,RS,19,164,1,P004267   ,0.0,1.0,RED,0,"HOLLAND, JOHN",07:19,0,0,2,0,0,0,0,0,0,0,0,0,0,0,0,1,0,-3,12.0
2022,RS,19,164,1,P007947   ,0.0,0.0,RED,1,"VILDOZA, LUCA",16:17,9,1,2,2,3,1,1,0,1,1,3,3,4,0,0,1,2,11,15.0
2022,RS,19,164,1,P004720   ,0.0,0.0,RED,2,"LAZAREVIC, STEFAN",16:41,4,0,0,1,3,1,2,0,1,1,2,0,0,0,0,4,4,4,19.0
2022,RS,19,164,1,P002553   ,1.0,0.0,RED,9,"MITROVIC, LUKA",26:02,15,7,9,0,0,1,1,3,3,6,4,0,2,1,0,2,2,22,11.0
2022,RS,19,164,1,PLUO      ,1.0,1.0,RED,10,"LAZIC, BRANKO",27:09,9,0,0,3,7,0,0,1,1,2,2,1,0,0,0,3,0,7,14.0
2022,RS,19,164,1,P004007   ,1.0,0.0,RED,13,"DOBRIC, OGNJEN",27:13,10,1,1,2,6,2,2,0,4,4,5,0,0,0,0,3,3,15,12.0
2022,RS,19,164,1,PJDU      ,0.0,0.0,RED,15,"RADULJICA, MIROSLAV",DNP,0,0,0,0,0,0,0,0,0,0,0,0,0,0,0,0,0,0,0.0
2022,RS,19,164,1,P011964   ,0.0,1.0,RED,22,"ILIC, DALIBOR",03:25,0,0,0,0,0,0,0,0,0,0,0,1,0,0,0,0,0,1,3.0
2022,RS,19,164,1,P000848   ,0.0,0.0,RED,26,"NEDOVIC, NEMANJA",18:19,11,1,2,3,7,0,0,0,1,1,4,0,1,0,1,2,2,9,10.0
2022,RS,19,164,1,PLME      ,1.0,1.0,RED,27,"MARKOVIC, STEFAN",23:43,9,0,0,3,4,0,0,0,0,0,8,0,2,0,0,4,2,12,9.0
2022,RS,19,164,1,P003479   ,0.0,1.0,RED,32,"KUZMIC, OGNJEN",09:04,4,2,2,0,0,0,0,1,3,4,0,0,1,0,0,1,0,6,3.0
2022,RS,19,164,1,P011194   ,1.0,0.0,RED,33,"PETRUSEV, FILIP",24:48,21,8,9,1,2,2,3,2,4,6,0,1,1,0,0,2,3,25,12.0
2022,RS,19,164,1,Team,0.0,0.0,RED,,Team,,0,0,0,0,0,0,0,1,3,4,0,0,1,0,0,0,0,3,
2022,RS,19,164,1,Total,,,RED,,Total,200:00,92,20,27,15,32,7,9,8,21,29,28,6,12,1,1,23,18,112,
2022,RS,19,164,0,P010588   ,1.0,1.0,MCO,0,"BROWN, JOHN",18:58,7,2,4,0,0,3,4,4,2,6,1,2,2,0,0,4,3,10,-7.0
2022,RS,19,164,0,P011212   ,0.0,0.0,MCO,0,"OKOBO, ELIE",29:30,6,2,6,0,5,2,2,1,0,1,2,2,3,1,0,3,1,-2,-26.0
2022,RS,19,164,0,P011231   ,1.0,1.0,MCO,4,"BLOSSOMGAME, JARON",23:05,6,1,4,1,2,1,4,0,3,3,0,0,0,0,0,3,3,2,-8.0
2022,RS,19,164,0,P011935   ,0.0,1.0,MCO,5,"MAKOUNDOU, YOAN",17:23,4,2,3,0,1,0,0,4,1,5,3,0,3,0,0,0,0,7,-18.0
2022,RS,19,164,0,P012017   ,0.0,0.0,MCO,6,"COUTURE, AMBROISE",DNP,0,0,0,0,0,0,0,0,0,0,0,0,0,0,0,0,0,0,0.0
2022,RS,19,164,0,P011226   ,0.0,0.0,MCO,11,"DIALLO, ALPHA",23:57,6,3,7,0,4,0,0,4,1,5,3,2,3,0,0,4,0,1,-19.0
2022,RS,19,164,0,PLCZ      ,1.0,0.0,MCO,20,"MOTIEJUNAS, DONATAS",20:20,4,2,6,0,0,0,0,0,3,3,1,0,0,0,1,2,3,4,-12.0
2022,RS,19,164,0,P004197   ,0.0,1.0,MCO,24,"OUATTARA, YAKUBA",17:35,3,0,0,1,4,0,0,1,1,2,0,0,1,0,0,1,0,0,-2.0
2022,RS,19,164,0,P008099   ,1.0,1.0,MCO,32,"STRAZEL, MATTHEW",07:33,1,0,1,0,0,1,2,0,0,0,0,0,0,0,0,1,3,1,-2.0
2022,RS,19,164,0,P011196   ,0.0,0.0,MCO,45,"HALL, DONTA",08:47,5,2,3,0,0,1,1,2,1,3,0,0,0,0,0,0,3,10,-7.0
2022,RS,19,164,0,P005985   ,1.0,0.0,MCO,55,"JAMES, MIKE",32:52,26,3,5,5,8,5,6,2,4,6,2,0,2,0,0,0,6,32,-19.0
2022,RS,19,164,0,Team,0.0,0.0,MCO,,Team,,0,0,0,0,0,0,0,0,0,0,0,0,0,0,0,0,0,0,
2022,RS,19,164,0,Total,,,MCO,,Total,200:00,68,17,39,7,24,13,19,18,16,34,12,6,14,1,1,18,22,65,
2022,RS,19,165,1,P007032   ,1.0,1.0,BER,0,"LO, MAODO",24:41,10,1,4,2,5,2,4,1,1,2,6,2,3,0,1,0,5,13,-4.0
2022,RS,19,165,1,P011192   ,1.0,1.0,BER,3,"SMITH, JALEEN",26:34,22,2,3,5,11,3,3,1,2,3,0,0,1,0,0,1,5,21,-1.0
2022,RS,19,165,1,P008211   ,1.0,0.0,BER,6,"DELOW, MALTE",17:38,5,1,2,1,3,0,0,0,1,1,0,2,1,0,0,4,0,0,-7.0
2022,RS,19,165,1,P011934   ,0.0,0.0,BER,7,"WETZELL, YANNI",06:35,0,0,2,0,0,0,0,2,0,2,0,0,0,0,1,1,0,-2,-7.0
2022,RS,19,165,1,P007025   ,0.0,0.0,BER,9,"MATTISSECK, JONAS",13:26,3,0,0,1,2,0,0,0,0,0,1,0,0,0,0,2,0,1,-6.0
2022,RS,19,165,1,P006251   ,0.0,1.0,BER,10,"SCHNEIDER, TIM",07:06,0,0,2,0,2,0,0,1,1,2,0,0,0,0,1,0,0,-3,-1.0
2022,RS,19,165,1,P010791   ,0.0,0.0,BER,21,"KOUMADJE, CHRIST",16:42,9,4,6,0,0,1,2,3,3,6,0,1,0,1,0,4,2,12,-14.0
2022,RS,19,165,1,P003958   ,0.0,0.0,BER,32,"THIEMANN, JOHANNES",12:04,2,1,2,0,0,0,0,1,2,3,0,0,1,0,0,1,2,4,-5.0
2022,RS,19,165,1,P006589   ,1.0,1.0,BER,43,"SIKMA, LUKE",23:40,7,2,3,1,1,0,0,1,5,6,3,0,2,0,0,2,0,11,2.0
2022,RS,19,165,1,P010385   ,1.0,0.0,BER,44,"LAMMERS, BEN",13:53,0,0,2,0,2,0,0,0,2,2,1,1,1,0,2,1,0,-4,11.0
2022,RS,19,165,1,P011193   ,0.0,0.0,BER,45,"BLATT, TAMIR",15:19,12,0,0,3,6,3,3,0,1,1,3,0,3,0,0,1,1,10,-3.0
2022,RS,19,165,1,P006625   ,0.0,1.0,BER,50,"ZOOSMAN, YOVEL",22:22,7,1,5,1,2,2,2,2,0,2,1,0,1,1,0,3,1,3,0.0
2022,RS,19,165,1,Team,0.0,0.0,BER,,Team,,0,0,0,0,0,0,0,1,4,5,0,0,2,0,0,0,0,3,
2022,RS,19,165,1,Total,,,BER,,Total,200:00,77,12,31,14,34,11,14,13,22,35,15,6,15,2,5,20,16,69,
2022,RS,19,165,0,P007982   ,1.0,0.0,MAD,0,"WILLIAMS-GOSS, NIGEL",15:07,7,3,4,0,2,1,1,0,3,3,3,1,1,0,0,1,1,10,1.0
2022,RS,19,165,0,P001392   ,1.0,0.0,MAD,1,"CAUSEUR, FABIEN",13:13,11,1,4,3,4,0,0,0,1,1,3,1,1,0,1,0,0,10,11.0
2022,RS,19,165,0,P003733   ,1.0,0.0,MAD,6,"ABALDE, ALBERTO",11:05,2,1,1,0,0,0,0,0,2,2,1,0,0,0,0,0,0,5,4.0
2022,RS,19,165,0,P005099   ,0.0,1.0,MAD,8,"HANGA, ADAM",15:00,6,1,1,1,4,1,2,1,1,2,1,1,0,0,0,2,2,6,0.0
2022,RS,19,165,0,P003108   ,0.0,0.0,MAD,11,"HEZONJA, MARIO",15:14,11,3,3,1,5,2,2,0,2,2,2,1,1,0,0,2,2,11,1.0
2022,RS,19,165,0,PCVM      ,0.0,1.0,MAD,13,"RODRIGUEZ, SERGIO",13:22,6,0,1,2,2,0,0,0,2,2,4,0,2,0,0,2,0,7,6.0
2022,RS,19,165,0,P004887   ,0.0,0.0,MAD,17,"POIRIER, VINCENT",14:22,0,0,3,0,0,0,0,1,4,5,0,0,2,0,0,1,0,-1,-3.0
2022,RS,19,165,0,P004790   ,0.0,0.0,MAD,21,"CORNELIE, PETR",19:42,8,1,1,1,2,3,5,3,2,5,1,1,0,1,0,0,2,15,0.0
2022,RS,19,165,0,P005791   ,1.0,0.0,MAD,22,"TAVARES, WALTER",25:06,6,1,5,0,0,4,6,6,5,11,0,2,1,4,0,3,6,19,10.0
2022,RS,19,165,0,PTGB      ,0.0,1.0,MAD,23,"LLULL, SERGIO",14:51,5,1,2,1,4,0,0,0,2,2,0,0,0,0,0,2,1,2,3.0
2022,RS,19,165,0,P010357   ,1.0,1.0,MAD,28,"YABUSELE, GUERSCHON",20:18,7,1,3,0,1,5,5,0,2,2,1,2,3,0,1,3,4,6,7.0
2022,RS,19,165,0,P006540   ,0.0,1.0,MAD,31,"MUSA, DZANAN",22:40,15,3,6,2,5,3,3,1,0,1,2,0,1,0,0,0,2,13,-5.0
2022,RS,19,165,0,Team,0.0,0.0,MAD,,Team,,0,0,0,0,0,0,0,1,0,1,0,0,1,0,0,0,0,0,
2022,RS,19,165,0,Total,,,MAD,,Total,200:00,84,16,34,11,29,19,24,13,26,39,18,9,13,5,2,16,20,103,
2022,RS,19,166,1,P009549   ,0.0,0.0,VIR,0,"CORDINIER, ISAIA",14:03,6,3,4,0,3,0,0,0,3,3,1,0,1,0,0,1,0,4,0.0
2022,RS,19,166,1,PBCN      ,0.0,0.0,VIR,3,"BELINELLI, MARCO",DNP,0,0,0,0,0,0,0,0,0,0,0,0,0,0,0,0,0,0,0.0
2022,RS,19,166,1,P006739   ,0.0,1.0,VIR,6,"PAJOLA, ALESSANDRO",28:49,8,2,2,1,2,1,1,2,2,4,2,1,0,0,0,4,3,13,11.0
2022,RS,19,166,1,P004655   ,0.0,0.0,VIR,7,"BAKO, ISMAEL",24:29,8,4,5,0,0,0,1,3,2,5,1,2,1,1,0,2,2,14,10.0
2022,RS,19,166,1,P002581   ,1.0,0.0,VIR,14,"JAITEH, MAM",10:48,2,1,4,0,0,0,0,0,3,3,0,1,1,0,0,3,1,0,-11.0
2022,RS,19,166,1,P010781   ,1.0,1.0,VIR,19,"LUNDBERG, IFFE",18:46,6,3,4,0,1,0,0,1,0,1,4,0,0,0,0,1,0,8,-10.0
2022,RS,19,166,1,P001133   ,1.0,1.0,VIR,21,"SHENGELIA, TORNIKE",24:21,11,3,6,1,1,2,2,2,3,5,5,2,3,0,0,4,2,15,-9.0
2022,RS,19,166,1,P001844   ,1.0,0.0,VIR,23,"HACKETT, DANIEL",07:41,0,0,1,0,1,0,0,0,2,2,1,0,0,0,0,2,1,0,-11.0
2022,RS,19,166,1,P008847   ,0.0,1.0,VIR,25,"MICKEY, JORDAN",20:22,8,4,6,0,2,0,0,0,4,4,1,0,1,0,0,2,1,7,6.0
2022,RS,19,166,1,P006592   ,0.0,0.0,VIR,34,"WEEMS, KYLE",DNP,0,0,0,0,0,0,0,0,0,0,0,0,0,0,0,0,0,0,0.0
2022,RS,19,166,1,P011982   ,1.0,1.0,VIR,37,"OJELEYE, SEMI",26:01,13,2,2,2,5,3,3,0,3,3,2,0,0,1,0,4,2,14,-6.0
2022,RS,19,166,1,PJDR      ,0.0,0.0,VIR,44,"TEODOSIC, MILOS",24:40,21,0,0,5,11,6,6,1,1,2,4,0,7,0,1,3,5,15,10.0
2022,RS,19,166,1,Team,0.0,0.0,VIR,,Team,,0,0,0,0,0,0,0,1,2,3,0,0,0,0,0,0,0,3,
2022,RS,19,166,1,Total,,,VIR,,Total,200:00,83,22,34,9,26,12,13,10,25,35,21,6,14,2,1,26,17,93,
2022,RS,19,166,0,P008855   ,1.0,1.0,OLY,0,"WALKUP, THOMAS",29:45,8,1,2,1,4,3,3,1,0,1,4,1,3,0,0,4,3,6,3.0
2022,RS,19,166,0,P010612   ,1.0,0.0,OLY,3,"CANAAN, ISAIAH",17:26,2,1,3,0,5,0,0,0,1,1,2,0,0,0,0,2,2,-2,8.0
2022,RS,19,166,0,P006302   ,0.0,0.0,OLY,4,"LOUNTZIS, MICHALIS",03:26,3,0,0,1,1,0,0,0,0,0,0,0,2,0,0,1,0,0,0.0
2022,RS,19,166,0,P010392   ,0.0,1.0,OLY,5,"LARENTZAKIS, GIANNOULIS",10:17,4,1,3,0,4,2,4,1,1,2,1,1,1,0,1,1,4,1,4.0
2022,RS,19,166,0,P012023   ,0.0,0.0,OLY,9,"PAPAS, GEORGE",DNP,0,0,0,0,0,0,0,0,0,0,0,0,0,0,0,0,0,0,0.0
2022,RS,19,166,0,P008811   ,1.0,0.0,OLY,10,"FALL, MOUSTAPHA",24:28,5,2,3,0,0,1,4,1,2,3,4,0,1,1,1,3,3,7,8.0
2022,RS,19,166,0,P003469   ,1.0,1.0,OLY,14,"VEZENKOV, SASHA",32:40,22,4,9,3,6,5,5,4,6,10,1,0,0,0,0,3,2,24,8.0
2022,RS,19,166,0,P001255   ,1.0,1.0,OLY,16,"PAPANIKOLAOU, KOSTAS",30:29,17,2,2,4,7,1,3,1,5,6,2,2,0,0,0,0,4,26,-3.0
2022,RS,19,166,0,P009035   ,0.0,0.0,OLY,21,"BOLOMBOY, JOEL",11:57,0,0,1,0,0,0,0,2,3,5,1,0,0,0,0,2,1,4,-10.0
2022,RS,19,166,0,P008829   ,0.0,0.0,OLY,25,"PETERS, ALEC",07:20,3,0,0,1,2,0,0,0,0,0,0,0,0,0,0,0,0,2,-6.0
2022,RS,19,166,0,P008991   ,0.0,0.0,OLY,28,"BLACK, TARIK",03:18,0,0,0,0,0,0,0,0,0,0,0,0,0,0,0,1,0,-1,4.0
2022,RS,19,166,0,P007853   ,0.0,1.0,OLY,77,"MCKISSIC, SHAQUIELLE",28:54,21,6,8,1,4,6,6,3,1,4,4,2,1,0,0,0,5,30,-6.0
2022,RS,19,166,0,Team,0.0,0.0,OLY,,Team,,0,0,0,0,0,0,0,1,0,1,0,0,0,0,0,0,0,1,
2022,RS,19,166,0,Total,,,OLY,,Total,200:00,85,17,31,11,33,18,25,14,19,33,19,6,8,1,2,17,24,98,
2022,RS,19,167,1,P007870   ,1.0,0.0,MIL,0,"DAVIES, BRANDON",18:30,8,2,6,0,0,4,6,0,0,0,2,0,1,0,0,2,3,4,-17.0
2022,RS,19,167,1,P005094   ,0.0,0.0,MIL,1,"THOMAS, DESHAUN",16:52,5,1,4,1,2,0,0,1,3,4,0,0,0,0,0,2,1,4,5.0
2022,RS,19,167,1,P012080   ,0.0,0.0,MIL,2,"LUWAWU-CABARROT, TIMOTHE",10:20,4,1,4,0,1,2,2,1,1,2,0,0,2,0,1,1,4,2,-8.0
2022,RS,19,167,1,P011965   ,0.0,0.0,MIL,3,"MITROU-LONG, NAZ",11:36,3,0,0,1,4,0,0,0,1,1,2,1,0,0,0,1,1,4,-13.0
2022,RS,19,167,1,P006509   ,0.0,1.0,MIL,7,"TONUT, STEFANO",23:41,8,2,4,1,4,1,2,0,0,0,1,2,0,0,0,2,4,7,-2.0
2022,RS,19,167,1,P002849   ,1.0,1.0,MIL,9,"MELLI, NICOLO",21:05,4,2,4,0,1,0,0,3,5,8,1,0,1,0,0,0,0,9,-8.0
2022,RS,19,167,1,P005775   ,1.0,1.0,MIL,12,"BARON, BILLY",30:42,11,0,2,3,7,2,2,0,2,2,2,0,1,0,0,2,2,8,3.0
2022,RS,19,167,1,P001518   ,1.0,0.0,MIL,17,"RICCI, GIAMPAOLO",16:56,5,2,2,0,2,1,1,4,3,7,2,1,1,0,0,5,1,8,-5.0
2022,RS,19,167,1,P011205   ,1.0,1.0,MIL,22,"HALL, DEVON",26:45,9,1,2,2,5,1,2,0,0,0,1,0,1,0,0,3,2,3,10.0
2022,RS,19,167,1,P005059   ,0.0,0.0,MIL,40,"ALVITI, DAVIDE",DNP,0,0,0,0,0,0,0,0,0,0,0,0,0,0,0,0,0,0,0.0
2022,RS,19,167,1,P002812   ,0.0,1.0,MIL,42,"HINES, KYLE",23:33,4,2,3,0,0,0,0,2,3,5,0,1,0,1,0,1,1,10,10.0
2022,RS,19,167,1,P007201   ,0.0,0.0,MIL,77,"VOIGTMANN, JOHANNES",DNP,0,0,0,0,0,0,0,0,0,0,0,0,0,0,0,0,0,0,0.0
2022,RS,19,167,1,Team,0.0,0.0,MIL,,Team,,0,0,0,0,0,0,0,0,4,4,0,0,1,0,0,0,0,3,
2022,RS,19,167,1,Total,,,MIL,,Total,200:00,61,13,31,8,26,11,15,11,22,33,11,5,8,1,1,19,19,62,
2022,RS,19,167,0,P012068   ,0.0,0.0,ZAL,1,"TAYLOR, ISAIAH",10:25,2,1,4,0,0,0,0,0,0,0,2,0,0,0,0,1,0,0,-5.0
2022,RS,19,167,0,P003210   ,0.0,0.0,ZAL,4,"LEKAVICIUS, LUKAS",17:42,5,1,1,1,2,0,0,1,1,2,1,0,2,0,0,3,3,5,4.0
2022,RS,19,167,0,P010390   ,1.0,1.0,ZAL,8,"HAYES, KEVARRIUS",27:28,16,5,9,0,0,6,6,4,3,7,0,0,0,0,1,0,4,22,7.0
2022,RS,19,167,0,PJBX      ,0.0,0.0,ZAL,9,"KALNIETIS, MANTAS",DNP,0,0,0,0,0,0,0,0,0,0,0,0,0,0,0,0,0,0,0.0
2022,RS,19,167,0,P007109   ,1.0,1.0,ZAL,10,"SMITS, ROLANDS",23:34,13,2,3,3,6,0,0,1,3,4,0,1,1,0,0,3,1,11,-3.0
2022,RS,19,167,0,P005504   ,0.0,0.0,ZAL,15,"BIRUTIS, LAURYNAS",12:32,2,1,2,0,0,0,0,2,2,4,0,0,0,0,0,2,0,3,-2.0
2022,RS,19,167,0,P006158   ,0.0,0.0,ZAL,16,"LUKOSIUNAS, KAROLIS",DNP,0,0,0,0,0,0,0,0,0,0,0,0,0,0,0,0,0,0,0.0
2022,RS,19,167,0,P011983   ,1.0,0.0,ZAL,17,"BRAZDEIKIS, IGNAS",25:11,4,2,8,0,2,0,0,0,2,2,3,1,2,0,0,0,2,2,2.0
2022,RS,19,167,0,P002084   ,0.0,0.0,ZAL,25,"POLONARA, ACHILLE",12:11,3,0,1,1,1,0,0,0,3,3,0,0,0,0,0,1,0,4,8.0
2022,RS,19,167,0,P003211   ,1.0,1.0,ZAL,33,"DIMSA, TOMAS",19:36,2,1,2,0,2,0,0,1,1,2,2,0,1,0,0,4,1,-1,6.0
2022,RS,19,167,0,P002676   ,0.0,1.0,ZAL,51,"BUTKEVICIUS, ARNAS",21:45,6,1,2,0,1,4,5,0,2,2,0,2,1,1,0,2,3,8,-3.0
2022,RS,19,167,0,P002329   ,1.0,1.0,ZAL,92,"ULANOVAS, EDGARAS",29:36,13,1,5,3,5,2,4,2,6,8,2,1,2,0,0,3,5,16,11.0
2022,RS,19,167,0,Team,0.0,0.0,ZAL,,Team,,0,0,0,0,0,0,0,1,2,3,0,0,2,0,0,0,0,1,
2022,RS,19,167,0,Total,,,ZAL,,Total,200:00,66,15,37,8,19,12,15,12,25,37,10,5,11,1,1,19,19,71,
2022,RS,19,168,1,P011244   ,0.0,0.0,BAR,1,"DA SILVA, OSCAR",15:17,10,2,2,2,3,0,0,0,2,2,0,0,0,0,0,2,0,9,4.0
2022,RS,19,168,1,P003204   ,0.0,0.0,BAR,3,"PAULI, ORIOL",DNP,0,0,0,0,0,0,0,0,0,0,0,0,0,0,0,0,0,0,0.0
2022,RS,19,168,1,P002968   ,0.0,0.0,BAR,5,"SANLI, SERTAC",18:15,6,3,3,0,2,0,0,0,3,3,1,0,0,0,0,3,0,5,-10.0
2022,RS,19,168,1,P000925   ,1.0,1.0,BAR,6,"VESELY, JAN",21:45,4,2,6,0,0,0,0,1,5,6,1,2,0,1,0,1,0,9,5.0
2022,RS,19,168,1,P004866   ,1.0,1.0,BAR,10,"KALINIC, NIKOLA",29:13,9,3,4,1,3,0,0,0,2,2,2,2,0,1,0,2,0,11,2.0
2022,RS,19,168,1,P006435   ,1.0,0.0,BAR,20,"LAPROVITTOLA, NICOLAS",22:18,5,2,4,0,5,1,1,2,2,4,5,1,2,0,1,2,3,6,-10.0
2022,RS,19,168,1,P003478   ,0.0,1.0,BAR,21,"ABRINES, ALEX",21:45,4,2,4,0,2,0,0,3,1,4,1,0,1,0,0,3,1,2,-11.0
2022,RS,19,168,1,P006450   ,0.0,1.0,BAR,22,"HIGGINS, CORY",24:59,17,4,6,2,4,3,4,0,3,3,4,2,1,0,0,0,6,26,8.0
2022,RS,19,168,1,P008966   ,0.0,0.0,BAR,23,"TOBEY, MIKE",DNP,0,0,0,0,0,0,0,0,0,0,0,0,0,0,0,0,0,0,0.0
2022,RS,19,168,1,P005789   ,1.0,0.0,BAR,24,"KURIC, KYLE",08:44,2,0,0,0,1,2,2,0,0,0,1,1,1,0,0,1,1,2,-9.0
2022,RS,19,168,1,P007519   ,0.0,1.0,BAR,31,"JOKUBAITIS, ROKAS",17:59,3,0,3,1,1,0,0,0,1,1,4,0,1,0,0,4,0,0,5.0
2022,RS,19,168,1,P000796   ,1.0,0.0,BAR,33,"MIROTIC, NIKOLA",19:45,15,5,8,1,5,2,3,3,3,6,0,0,1,0,1,2,3,12,-9.0
2022,RS,19,168,1,Team,0.0,0.0,BAR,,Team,,0,0,0,0,0,0,0,0,1,1,0,0,1,0,0,0,0,0,
2022,RS,19,168,1,Total,,,BAR,,Total,200:00,75,23,40,7,26,8,10,9,23,32,19,8,8,2,2,20,14,82,
2022,RS,19,168,0,P007200   ,1.0,1.0,IST,0,"LARKIN, SHANE",30:46,17,1,5,5,10,0,0,0,5,5,2,0,1,0,0,3,1,12,7.0
2022,RS,19,168,0,P006590   ,0.0,0.0,IST,1,"BEAUBOIS, RODRIGUE",16:50,11,4,6,1,1,0,0,1,2,3,3,1,2,0,0,2,2,14,5.0
2022,RS,19,168,0,P006614   ,1.0,1.0,IST,2,"SINGLETON, CHRIS",17:35,5,1,2,1,3,0,0,1,2,3,0,0,1,0,1,3,2,2,6.0
2022,RS,19,168,0,P009846   ,1.0,0.0,IST,6,"BRYANT, ELIJAH",15:44,2,1,4,0,1,0,0,1,4,5,0,1,1,0,1,0,0,2,4.0
2022,RS,19,168,0,P004888   ,0.0,1.0,IST,12,"CLYBURN, WILL",24:52,6,1,3,0,2,4,4,0,6,6,3,1,3,0,0,1,4,12,-2.0
2022,RS,19,168,0,P005348   ,0.0,0.0,IST,18,"ARNA, EGEHAN",DNP,0,0,0,0,0,0,0,0,0,0,0,0,0,0,0,0,0,0,0.0
2022,RS,19,168,0,P002925   ,0.0,0.0,IST,19,"TUNCER, BUGRAHAN",DNP,0,0,0,0,0,0,0,0,0,0,0,0,0,0,0,0,0,0,0.0
2022,RS,19,168,0,PLHK      ,1.0,1.0,IST,21,"PLEISS, TIBOR",30:22,12,6,8,0,0,0,0,1,1,2,2,0,1,1,0,0,1,15,4.0
2022,RS,19,168,0,P002580   ,1.0,1.0,IST,22,"MICIC, VASILIJE",33:56,17,1,3,4,10,3,4,0,6,6,6,1,0,1,0,2,7,27,1.0
2022,RS,19,168,0,P007993   ,0.0,0.0,IST,24,"M'BAYE, AMATH",20:17,9,0,0,3,3,0,0,0,1,1,0,0,0,0,0,2,0,8,-1.0
2022,RS,19,168,0,P004554   ,0.0,0.0,IST,41,"ZIZIC, ANTE",06:30,0,0,1,0,0,0,0,1,0,1,0,0,1,0,0,0,2,1,5.0
2022,RS,19,168,0,P003048   ,0.0,0.0,IST,42,"DUNSTON, BRYANT",03:08,1,0,0,0,0,1,2,1,0,1,0,0,0,0,0,1,1,1,-4.0
2022,RS,19,168,0,Team,0.0,0.0,IST,,Team,,0,0,0,0,0,0,0,3,1,4,0,0,0,0,0,0,0,4,
2022,RS,19,168,0,Total,,,IST,,Total,200:00,80,15,32,14,30,8,10,9,28,37,16,4,10,2,2,14,20,98,
2022,RS,19,169,1,P011936   ,1.0,1.0,ASV,0,"MATHEWS, JONAH",30:44,10,3,9,1,5,1,2,1,1,2,4,0,2,0,1,2,1,1,3.0
2022,RS,19,169,1,P011937   ,0.0,0.0,ASV,1,"POLITE, ANTHONY",DNP,0,0,0,0,0,0,0,0,0,0,0,0,0,0,0,0,0,0,0.0
2022,RS,19,169,1,P006068   ,0.0,0.0,ASV,2,"NOUA, AMINE",12:33,2,0,2,0,2,2,2,2,1,3,2,1,1,0,1,2,1,1,-16.0
2022,RS,19,169,1,PKIR      ,1.0,1.0,ASV,5,"KAHUDI, CHARLES",27:27,13,1,2,3,4,2,2,0,5,5,1,0,0,0,0,1,4,20,12.0
2022,RS,19,169,1,PTFK      ,0.0,0.0,ASV,8,"DIOT, ANTOINE",19:19,10,2,2,2,4,0,0,0,1,1,2,2,2,0,0,1,1,11,-18.0
2022,RS,19,169,1,P010718   ,1.0,0.0,ASV,10,"RISACHER, ZACCHARIE",04:25,2,1,1,0,0,0,0,0,0,0,0,0,0,0,0,1,0,1,-2.0
2022,RS,19,169,1,P002100   ,1.0,1.0,ASV,12,"DE COLO, NANDO",28:40,14,1,3,2,5,6,8,0,4,4,5,0,1,0,0,3,9,21,11.0
2022,RS,19,169,1,P006568   ,1.0,0.0,ASV,19,"FALL, YOUSSOUPHA",16:13,12,6,7,0,0,0,0,1,1,2,0,2,1,1,0,1,0,14,-10.0
2022,RS,19,169,1,P003526   ,0.0,0.0,ASV,23,"LIGHTY, DAVID",13:05,3,0,2,0,1,3,3,0,0,0,1,0,0,1,0,2,3,3,-13.0
2022,RS,19,169,1,P011938   ,0.0,1.0,ASV,32,"OBASOHAN, RETIN",17:39,7,2,3,1,3,0,0,0,1,1,2,1,1,2,0,4,0,5,13.0
2022,RS,19,169,1,P011939   ,0.0,0.0,ASV,33,"JACKSON-CARTWRIGHT, PARKER",06:08,0,0,0,0,1,0,0,0,2,2,2,0,0,0,0,1,1,3,-6.0
2022,RS,19,169,1,P006832   ,0.0,1.0,ASV,35,"PONS, YVES",23:47,6,3,3,0,2,0,0,0,2,2,0,0,0,2,0,2,1,7,6.0
2022,RS,19,169,1,Team,0.0,0.0,ASV,,Team,,0,0,0,0,0,0,0,1,2,3,0,0,1,0,0,0,0,2,
2022,RS,19,169,1,Total,,,ASV,,Total,200:00,79,19,34,9,27,14,17,5,20,25,19,6,9,6,2,20,21,89,
2022,RS,19,169,0,P006643   ,1.0,1.0,PAM,2,"PUERTO, JOSEP",23:42,9,3,3,1,1,0,0,0,2,2,1,1,3,0,0,3,0,7,-6.0
2022,RS,19,169,0,P002661   ,0.0,0.0,PAM,3,"PREPELIC, KLEMEN",22:07,11,2,3,1,6,4,4,0,3,3,7,1,1,0,0,1,4,18,-6.0
2022,RS,19,169,0,P010393   ,0.0,0.0,PAM,4,"PRADILLA, JAIME",20:03,2,1,4,0,0,0,2,1,4,5,0,0,1,0,0,1,2,2,-3.0
2022,RS,19,169,0,P011971   ,1.0,1.0,PAM,5,"WEBB III, JAMES",23:33,8,1,1,2,6,0,0,0,3,3,1,2,0,1,0,1,1,11,15.0
2022,RS,19,169,0,P005356   ,1.0,1.0,PAM,6,"LOPEZ-AROSTEGUI, XABI",21:21,13,2,4,1,3,6,6,1,4,5,6,2,2,0,2,3,6,21,12.0
2022,RS,19,169,0,P009101   ,1.0,0.0,PAM,8,"FERRANDO, GUILLEM",20:27,11,1,1,3,5,0,0,0,0,0,0,0,2,0,0,4,0,3,6.0
2022,RS,19,169,0,P011972   ,0.0,1.0,PAM,12,"RADEBAUGH, JONAH",22:56,13,1,2,3,4,2,2,0,3,3,4,1,1,0,1,4,1,14,2.0
2022,RS,19,169,0,P002742   ,1.0,0.0,PAM,14,"DUBLJEVIC, BOJAN",20:41,7,2,4,1,4,0,0,4,4,8,2,0,3,0,1,1,5,12,4.0
2022,RS,19,169,0,P011973   ,0.0,1.0,PAM,21,"ALEXANDER, KYLE",19:19,9,3,5,1,2,0,0,0,2,2,1,0,1,1,2,2,1,6,0.0
2022,RS,19,169,0,P010750   ,0.0,0.0,PAM,50,"DE LARREA, SERGIO",01:57,0,0,0,0,0,0,0,0,0,0,0,0,0,0,0,0,0,0,-2.0
2022,RS,19,169,0,P011974   ,0.0,0.0,PAM,55,"MARÍ, LUCAS",03:54,0,0,0,0,0,0,0,0,0,0,0,0,0,0,0,1,0,-1,-2.0
2022,RS,19,169,0,Team,0.0,0.0,PAM,,Team,,0,0,0,0,0,0,0,4,1,5,0,0,0,0,0,0,0,5,
2022,RS,19,169,0,Total,,,PAM,,Total,200:00,83,16,27,13,31,12,14,10,26,36,22,7,14,2,6,21,20,98,
2022,RS,19,170,1,P011209   ,0.0,0.0,PAN,0,"KALAITZAKIS, PANAGIOTIS",DNP,0,0,0,0,0,0,0,0,0,0,0,0,0,0,0,0,0,0,0.0
2022,RS,19,170,1,P006555   ,1.0,1.0,PAN,3,"WOLTERS, NATE",20:30,9,2,6,1,2,2,2,0,2,2,3,1,1,0,1,1,2,9,-6.0
2022,RS,19,170,1,P011225   ,0.0,1.0,PAN,5,"LEE, PARIS",27:47,21,4,5,3,7,4,5,0,1,1,2,2,2,0,0,3,2,17,5.0
2022,RS,19,170,1,P005844   ,0.0,0.0,PAN,6,"PAPAGIANNIS, GEORGIOS",26:54,16,5,6,1,2,3,3,1,4,5,0,0,0,1,0,1,3,22,-1.0
2022,RS,19,170,1,P009006   ,1.0,1.0,PAN,8,"WILLIAMS, DERRICK",33:35,17,3,4,3,5,2,2,3,2,5,1,1,0,1,0,1,2,23,10.0
2022,RS,19,170,1,P006586   ,1.0,1.0,PAN,16,"KALAITZAKIS, GEORGIOS",13:20,2,1,1,0,1,0,2,0,2,2,0,0,0,0,0,3,1,-1,1.0
2022,RS,19,170,1,P011286   ,1.0,0.0,PAN,24,"BACON, DWAYNE",34:17,19,2,8,4,7,3,4,1,3,4,3,0,0,0,0,1,4,19,9.0
2022,RS,19,170,1,P011396   ,0.0,0.0,PAN,33,"CHOUGKAZ, NIKOS",DNP,0,0,0,0,0,0,0,0,0,0,0,0,0,0,0,0,0,0,0.0
2022,RS,19,170,1,P004172   ,0.0,1.0,PAN,37,"PONITKA, MATEUSZ",18:26,0,0,1,0,2,0,0,0,3,3,2,0,0,0,0,1,4,5,-3.0
2022,RS,19,170,1,P002328   ,0.0,0.0,PAN,40,"GRIGONIS, MARIUS",05:47,0,0,0,0,0,0,0,0,0,0,1,0,0,0,0,1,0,0,0.0
2022,RS,19,170,1,P008084   ,0.0,0.0,PAN,72,"MANTZOUKAS, ELEFTHERIOS",06:37,0,0,1,0,1,0,0,0,0,0,0,0,1,0,0,2,1,-4,-8.0
2022,RS,19,170,1,P003120   ,1.0,0.0,PAN,77,"GUDAITIS, ARTURAS",12:47,4,0,2,0,0,4,4,1,1,2,0,0,1,1,0,2,2,4,3.0
2022,RS,19,170,1,Team,0.0,0.0,PAN,,Team,,0,0,0,0,0,0,0,3,4,7,0,0,1,0,0,0,0,6,
2022,RS,19,170,1,Total,,,PAN,,Total,200:00,88,17,34,12,27,18,22,9,22,31,12,4,6,3,1,16,21,100,
2022,RS,19,170,0,P012056   ,0.0,0.0,TEL,3,"ADAMS, JALEN",09:09,0,0,1,0,1,0,0,1,1,2,1,0,2,0,1,2,0,-4,-2.0
2022,RS,19,170,0,P009622   ,1.0,1.0,TEL,4,"BROWN, LORENZO",32:41,11,3,9,1,4,2,3,0,2,2,4,0,0,0,1,2,5,9,-13.0
2022,RS,19,170,0,P009863   ,1.0,1.0,TEL,5,"BALDWIN IV, WADE",26:47,21,8,12,0,4,5,5,1,1,2,1,1,3,0,1,2,5,16,9.0
2022,RS,19,170,0,P011967   ,0.0,1.0,TEL,6,"MARTIN, JARELL",26:38,8,1,3,2,6,0,0,1,4,5,0,2,0,0,0,4,0,5,3.0
2022,RS,19,170,0,P004233   ,0.0,0.0,TEL,8,"MENCO, RAFI",DNP,0,0,0,0,0,0,0,0,0,0,0,0,0,0,0,0,0,0,0.0
2022,RS,19,170,0,P011219   ,0.0,0.0,TEL,9,"SORKIN, ROMAN",16:42,6,2,4,0,1,2,2,2,0,2,2,0,1,1,0,3,1,5,-7.0
2022,RS,19,170,0,P007990   ,0.0,0.0,TEL,12,"DIBARTOLOMEO, JOHN",12:40,0,0,0,0,1,0,0,0,0,0,1,0,0,0,0,3,1,-2,6.0
2022,RS,19,170,0,P008989   ,0.0,0.0,TEL,13,"HILLIARD, DARRUN",DNP,0,0,0,0,0,0,0,0,0,0,0,0,0,0,0,0,0,0,0.0
2022,RS,19,170,0,P005145   ,1.0,0.0,TEL,15,"COHEN, JAKE",07:26,3,0,1,1,3,0,0,0,0,0,2,0,0,0,0,0,1,3,-4.0
2022,RS,19,170,0,P009917   ,0.0,0.0,TEL,20,"HOLLINS, AUSTIN",03:26,0,0,0,0,1,0,0,0,0,0,0,0,0,0,0,0,1,0,-8.0
2022,RS,19,170,0,P011199   ,1.0,1.0,TEL,32,"NEBO, JOSH",27:55,8,4,5,0,0,0,0,3,4,7,3,0,1,0,0,4,0,12,0.0
2022,RS,19,170,0,P009783   ,1.0,1.0,TEL,50,"COLSON, BONZIE",36:36,29,7,7,5,6,0,0,3,11,14,1,1,2,0,0,2,1,41,6.0
2022,RS,19,170,0,Team,0.0,0.0,TEL,,Team,,0,0,0,0,0,0,0,3,1,4,0,0,0,0,0,0,0,4,
2022,RS,19,170,0,Total,,,TEL,,Total,200:00,86,25,42,9,27,9,10,14,24,38,15,4,9,1,3,22,15,89,
2022,RS,19,171,1,P009212   ,0.0,0.0,PAR,1,"VUKCEVIC, TRISTAN",DNP,0,0,0,0,0,0,0,0,0,0,0,0,0,0,0,0,0,0,0.0
2022,RS,19,171,1,P008987   ,0.0,1.0,PAR,2,"LEDAY, ZACH",19:38,2,1,1,0,1,0,0,1,4,5,0,1,0,2,1,2,1,7,16.0
2022,RS,19,171,1,P003983   ,1.0,1.0,PAR,4,"AVRAMOVIC, ALEKSA",19:21,7,2,4,1,2,0,0,0,3,3,4,1,3,1,0,2,0,8,3.0
2022,RS,19,171,1,P009862   ,1.0,0.0,PAR,7,"PUNTER, KEVIN",26:20,12,0,3,3,5,3,4,0,1,1,1,1,1,0,0,1,2,9,22.0
2022,RS,19,171,1,P011051   ,0.0,0.0,PAR,9,"SMAILAGIC, ALEN",12:09,0,0,1,0,1,0,0,2,1,3,1,0,0,0,0,3,1,0,1.0
2022,RS,19,171,1,P005161   ,1.0,0.0,PAR,10,"PAPAPETROU, IOANNIS",29:50,13,2,4,3,5,0,0,1,3,4,6,2,0,0,0,3,1,19,12.0
2022,RS,19,171,1,P011302   ,0.0,0.0,PAR,11,"EXUM, DANTE",16:20,10,1,1,2,3,2,3,0,2,2,2,1,3,0,0,2,1,9,4.0
2022,RS,19,171,1,P007400   ,0.0,0.0,PAR,21,"NUNNALLY, JAMES",DNP,0,0,0,0,0,0,0,0,0,0,0,0,0,0,0,0,0,0,0.0
2022,RS,19,171,1,P003842   ,1.0,1.0,PAR,26,"LESSORT, MATHIAS",27:51,11,5,7,0,0,1,4,2,3,5,3,0,2,1,0,2,9,20,17.0
2022,RS,19,171,1,P007673   ,1.0,1.0,PAR,32,"TRIFUNOVIC, UROS",25:36,15,2,3,3,4,2,2,0,2,2,0,2,0,0,0,1,2,18,1.0
2022,RS,19,171,1,P000956   ,0.0,0.0,PAR,33,"ANDJUSIC, DANILO",08:21,3,0,2,1,2,0,0,0,0,0,0,0,2,0,0,1,0,-3,5.0
2022,RS,19,171,1,P011052   ,0.0,1.0,PAR,41,"MADAR, YAM",14:34,10,2,2,0,0,6,6,0,2,2,0,0,1,0,0,2,3,12,9.0
2022,RS,19,171,1,Team,0.0,0.0,PAR,,Team,,0,0,0,0,0,0,0,1,4,5,0,0,1,0,0,0,0,4,
2022,RS,19,171,1,Total,,,PAR,,Total,200:00,83,15,28,13,23,14,19,7,25,32,17,8,13,4,1,19,20,103,
2022,RS,19,171,0,P008850   ,0.0,1.0,BAS,2,"RAIESTE, SANDER",09:39,2,1,2,0,1,0,0,0,1,1,0,0,0,0,0,1,1,1,0.0
2022,RS,19,171,0,P007230   ,0.0,1.0,BAS,8,"SEDEKERSKIS, TADAS",27:47,7,2,3,1,1,0,0,4,5,9,1,3,2,0,0,2,2,17,-4.0
2022,RS,19,171,0,P004761   ,1.0,0.0,BAS,9,"MARINKOVIC, VANJA",23:55,16,2,7,4,9,0,0,1,1,2,1,0,0,0,2,3,0,4,-19.0
2022,RS,19,171,0,P003198   ,1.0,1.0,BAS,11,"DIEZ, DANIEL",23:22,6,0,0,2,4,0,0,0,3,3,2,0,0,1,0,1,0,9,-12.0
2022,RS,19,171,0,P011078   ,1.0,0.0,BAS,13,"THOMPSON, DARIUS",25:23,8,4,6,0,2,0,0,0,1,1,2,0,5,0,1,2,1,0,-10.0
2022,RS,19,171,0,P004603   ,1.0,0.0,BAS,21,"KOTSAR, MAIK",13:19,9,4,4,0,0,1,2,0,0,0,0,3,1,0,0,4,6,12,-10.0
2022,RS,19,171,0,P011239   ,0.0,1.0,BAS,23,"ENOCH, STEVEN",20:22,9,1,3,1,1,4,6,2,0,2,0,1,1,0,0,2,4,9,-6.0
2022,RS,19,171,0,P010444   ,0.0,0.0,BAS,24,"COSTELLO, MATTHEW",06:19,0,0,0,0,0,0,0,1,0,1,0,0,1,0,0,3,1,-2,-2.0
2022,RS,19,171,0,P006436   ,1.0,0.0,BAS,31,"GIEDRAITIS, ROKAS",16:20,4,1,4,0,3,2,2,0,4,4,1,0,2,0,0,0,2,3,-5.0
2022,RS,19,171,0,P011949   ,0.0,0.0,BAS,34,"HOMMES, DAULTON",14:30,0,0,0,0,4,0,1,0,2,2,5,1,1,0,0,0,0,2,-8.0
2022,RS,19,171,0,P007265   ,0.0,1.0,BAS,47,"KURUCS, ARTURS",19:04,4,0,1,1,2,1,2,0,0,0,6,0,0,0,1,2,1,5,-14.0
2022,RS,19,171,0,Team,0.0,0.0,BAS,,Team,,0,0,0,0,0,0,0,3,1,4,0,0,0,0,0,0,0,4,
2022,RS,19,171,0,Total,,,BAS,,Total,200:00,65,15,30,9,27,8,13,11,18,29,18,8,13,1,4,20,18,64,
2022,RS,20,172,1,P011157   ,1.0,1.0,ULK,0,"MOTLEY, JOHNATHAN",30:39,17,7,10,0,0,3,9,5,4,9,2,0,3,1,0,4,12,25,19.0
2022,RS,20,172,1,P003091   ,0.0,0.0,ULK,1,"BIRSEN, METECAN",06:30,0,0,0,0,2,0,0,0,2,2,1,0,0,0,0,2,0,-1,-9.0
2022,RS,20,172,1,P011201   ,0.0,0.0,ULK,2,"HAZER, SEHMUS",DNP,0,0,0,0,0,0,0,0,0,0,0,0,0,0,0,0,0,0,0.0
2022,RS,20,172,1,P006661   ,1.0,0.0,ULK,3,"WILBEKIN, SCOTTIE",34:27,21,6,7,2,6,3,6,1,2,3,5,0,0,0,1,1,4,23,17.0
2022,RS,20,172,1,P011987   ,0.0,0.0,ULK,4,"EDWARDS, CARSEN",07:50,3,1,1,0,3,1,2,0,0,0,0,1,2,0,0,1,1,-2,-8.0
2022,RS,20,172,1,P002969   ,0.0,0.0,ULK,10,"MAHMUTOGLU, MELIH",01:18,0,0,0,0,1,0,0,0,0,0,0,0,0,0,0,0,0,-1,-5.0
2022,RS,20,172,1,P008962   ,1.0,1.0,ULK,11,"HAYES-DAVIS, NIGEL",38:30,18,7,12,1,3,1,2,3,4,7,1,0,0,1,1,4,1,15,13.0
2022,RS,20,172,1,P010560   ,0.0,1.0,ULK,21,"PIERRE, DYSHAWN",07:01,0,0,0,0,1,0,0,1,0,1,0,0,0,0,0,0,0,0,-10.0
2022,RS,20,172,1,P004004   ,0.0,1.0,ULK,23,"GUDURIC, MARKO",25:14,17,4,6,1,5,6,6,0,6,6,2,1,2,0,0,3,5,20,6.0
2022,RS,20,172,1,P007056   ,1.0,1.0,ULK,31,"BOOKER, DEVIN",33:52,8,1,2,2,4,0,0,1,6,7,1,0,2,2,0,4,0,9,6.0
2022,RS,20,172,1,P001932   ,1.0,0.0,ULK,33,"CALATHES, NICK",31:53,10,3,4,1,5,1,2,0,4,4,8,0,0,0,0,4,1,13,1.0
2022,RS,20,172,1,P011221   ,0.0,0.0,ULK,37,"ANTETOKOUNMPO, KOSTAS",07:46,4,1,1,0,0,2,2,0,1,1,0,0,1,1,0,3,3,5,-10.0
2022,RS,20,172,1,Team,0.0,0.0,ULK,,Team,,0,0,0,0,0,0,0,3,2,5,0,0,1,0,0,0,0,4,
2022,RS,20,172,1,Total,,,ULK,,Total,225:00,98,30,43,7,30,17,29,14,31,45,20,2,11,5,2,26,27,110,
2022,RS,20,172,0,P010588   ,1.0,1.0,MCO,0,"BROWN, JOHN",25:04,6,3,3,0,0,0,1,5,1,6,0,0,2,1,0,3,2,9,-6.0
2022,RS,20,172,0,P011212   ,0.0,1.0,MCO,0,"OKOBO, ELIE",24:23,9,2,4,1,3,2,3,0,4,4,2,1,2,0,0,3,2,8,-7.0
2022,RS,20,172,0,P009754   ,1.0,0.0,MCO,3,"LOYD, JORDAN",14:33,0,0,3,0,1,0,0,0,0,0,1,0,1,0,1,2,0,-7,-7.0
2022,RS,20,172,0,P011231   ,1.0,0.0,MCO,4,"BLOSSOMGAME, JARON",24:43,6,3,4,0,3,0,0,3,3,6,1,0,0,0,0,5,0,4,1.0
2022,RS,20,172,0,P011935   ,0.0,0.0,MCO,5,"MAKOUNDOU, YOAN",05:42,0,0,3,0,0,0,0,0,1,1,0,0,0,1,2,0,0,-3,2.0
2022,RS,20,172,0,P012017   ,0.0,0.0,MCO,6,"COUTURE, AMBROISE",DNP,0,0,0,0,0,0,0,0,0,0,0,0,0,0,0,0,0,0,0.0
2022,RS,20,172,0,P011226   ,0.0,0.0,MCO,11,"DIALLO, ALPHA",32:05,13,4,6,0,1,5,6,3,5,8,5,3,0,0,0,3,4,26,-12.0
2022,RS,20,172,0,PLCZ      ,1.0,0.0,MCO,20,"MOTIEJUNAS, DONATAS",21:18,11,5,10,0,0,1,2,1,1,2,1,0,1,0,0,4,3,6,-4.0
2022,RS,20,172,0,P004197   ,0.0,1.0,MCO,24,"OUATTARA, YAKUBA",15:49,19,2,4,5,7,0,0,0,5,5,0,0,0,0,0,1,0,19,14.0
2022,RS,20,172,0,P008099   ,0.0,0.0,MCO,32,"STRAZEL, MATTHEW",DNP,0,0,0,0,0,0,0,0,0,0,0,0,0,0,0,0,0,0,0.0
2022,RS,20,172,0,P011196   ,0.0,1.0,MCO,45,"HALL, DONTA",23:02,7,1,2,0,0,5,7,2,2,4,1,1,1,0,0,4,6,11,-6.0
2022,RS,20,172,0,P005985   ,1.0,1.0,MCO,55,"JAMES, MIKE",38:21,23,4,10,2,9,9,10,1,5,6,6,1,2,0,2,2,8,24,5.0
2022,RS,20,172,0,Team,0.0,0.0,MCO,,Team,,0,0,0,0,0,0,0,0,0,0,0,0,1,0,0,0,0,-1,
2022,RS,20,172,0,Total,,,MCO,,Total,225:00,94,24,49,8,24,22,29,15,27,42,17,6,10,2,5,27,25,96,
2022,RS,20,173,1,P009622   ,1.0,0.0,TEL,4,"BROWN, LORENZO",04:27,0,0,1,0,0,0,0,0,0,0,0,0,1,0,0,0,0,-2,5.0
2022,RS,20,173,1,P009863   ,1.0,0.0,TEL,5,"BALDWIN IV, WADE",27:34,33,8,13,4,8,5,6,0,3,3,6,1,2,1,0,3,6,35,17.0
2022,RS,20,173,1,P011967   ,0.0,0.0,TEL,6,"MARTIN, JARELL",27:03,8,2,3,1,6,1,2,1,1,2,1,0,0,0,0,4,2,2,16.0
2022,RS,20,173,1,P004233   ,0.0,1.0,TEL,8,"MENCO, RAFI",07:56,8,1,2,2,2,0,0,1,1,2,0,0,1,0,0,2,0,6,-3.0
2022,RS,20,173,1,P011219   ,0.0,1.0,TEL,9,"SORKIN, ROMAN",14:06,3,0,4,1,2,0,0,1,2,3,1,1,0,0,0,1,2,4,5.0
2022,RS,20,173,1,P007990   ,0.0,1.0,TEL,12,"DIBARTOLOMEO, JOHN",26:03,5,1,2,1,2,0,0,0,1,1,1,1,1,0,0,1,2,6,9.0
2022,RS,20,173,1,P008989   ,0.0,0.0,TEL,13,"HILLIARD, DARRUN",11:43,9,0,2,3,4,0,0,2,1,3,0,1,1,0,1,2,0,6,2.0
2022,RS,20,173,1,P005145   ,1.0,1.0,TEL,15,"COHEN, JAKE",09:22,2,1,2,0,1,0,0,0,0,0,0,0,0,0,0,3,0,-3,-4.0
2022,RS,20,173,1,P009917   ,0.0,0.0,TEL,20,"HOLLINS, AUSTIN",DNP,0,0,0,0,0,0,0,0,0,0,0,0,0,0,0,0,0,0,0.0
2022,RS,20,173,1,P011199   ,1.0,0.0,TEL,32,"NEBO, JOSH",25:36,2,1,2,0,0,0,2,4,9,13,0,0,0,1,0,1,3,15,6.0
2022,RS,20,173,1,P011220   ,0.0,1.0,TEL,33,"ZIV, IFTAH",12:46,6,2,3,0,1,2,2,0,2,2,2,1,3,0,0,1,2,7,0.0
2022,RS,20,173,1,P009783   ,1.0,0.0,TEL,50,"COLSON, BONZIE",33:24,11,4,7,1,3,0,0,4,4,8,2,2,0,0,0,1,1,18,12.0
2022,RS,20,173,1,Team,0.0,0.0,TEL,,Team,,0,0,0,0,0,0,0,3,1,4,0,0,0,0,0,0,0,4,
2022,RS,20,173,1,Total,,,TEL,,Total,200:00,87,20,41,13,29,8,12,16,25,41,13,7,9,2,1,19,18,98,
2022,RS,20,173,0,P007032   ,1.0,1.0,BER,0,"LO, MAODO",21:12,4,1,3,0,6,2,2,0,0,0,6,0,0,0,0,1,1,2,-10.0
2022,RS,20,173,0,P008384   ,0.0,0.0,BER,1,"PROCIDA, GABRIELE",22:12,12,1,1,2,9,4,4,0,1,1,0,2,1,1,0,3,2,7,4.0
2022,RS,20,173,0,P011192   ,1.0,0.0,BER,3,"SMITH, JALEEN",21:51,12,3,6,2,4,0,0,1,1,2,3,0,0,0,0,3,1,10,-6.0
2022,RS,20,173,0,P008211   ,0.0,1.0,BER,6,"DELOW, MALTE",09:37,4,1,2,0,0,2,3,1,1,2,1,0,1,0,0,3,2,3,-7.0
2022,RS,20,173,0,P011934   ,0.0,0.0,BER,7,"WETZELL, YANNI",10:08,2,1,2,0,0,0,0,1,3,4,1,0,0,0,0,0,2,8,1.0
2022,RS,20,173,0,P006251   ,0.0,1.0,BER,10,"SCHNEIDER, TIM",13:33,9,0,0,3,5,0,0,0,2,2,0,1,0,0,0,1,0,9,2.0
2022,RS,20,173,0,P006919   ,1.0,0.0,BER,19,"OLINDE, LOUIS",21:47,9,2,5,1,2,2,4,0,4,4,1,0,2,0,1,1,4,8,0.0
2022,RS,20,173,0,P010791   ,1.0,0.0,BER,21,"KOUMADJE, CHRIST",13:16,6,2,2,0,0,2,2,1,2,3,0,0,1,0,0,0,1,9,1.0
2022,RS,20,173,0,P003958   ,0.0,0.0,BER,32,"THIEMANN, JOHANNES",05:33,0,0,2,0,0,0,0,0,1,1,0,0,0,0,0,1,0,-2,-10.0
2022,RS,20,173,0,P006589   ,1.0,0.0,BER,43,"SIKMA, LUKE",20:54,4,1,4,0,2,2,2,4,2,6,5,2,1,0,0,2,4,13,-5.0
2022,RS,20,173,0,P010385   ,0.0,1.0,BER,44,"LAMMERS, BEN",16:36,4,0,3,1,2,1,2,3,1,4,1,0,0,0,0,1,1,4,-15.0
2022,RS,20,173,0,P006625   ,0.0,1.0,BER,50,"ZOOSMAN, YOVEL",23:21,8,0,1,2,5,2,2,0,5,5,1,1,5,0,1,2,1,4,-20.0
2022,RS,20,173,0,Team,0.0,0.0,BER,,Team,,0,0,0,0,0,0,0,7,1,8,0,0,0,0,0,0,0,8,
2022,RS,20,173,0,Total,,,BER,,Total,200:00,74,12,31,11,35,17,21,18,24,42,19,6,11,1,2,18,19,83,
2022,RS,20,174,1,P011948   ,0.0,0.0,BAS,0,"HOWARD, MARKUS",20:27,7,0,1,1,7,4,5,0,2,2,0,0,3,0,0,5,5,-2,-5.0
2022,RS,20,174,1,P008850   ,0.0,0.0,BAS,2,"RAIESTE, SANDER",02:03,0,0,0,0,0,0,0,0,0,0,0,0,0,0,0,0,0,0,-1.0
2022,RS,20,174,1,P007230   ,1.0,1.0,BAS,8,"SEDEKERSKIS, TADAS",26:38,16,5,7,1,1,3,3,1,5,6,1,1,1,0,0,0,2,23,1.0
2022,RS,20,174,1,P004761   ,0.0,0.0,BAS,9,"MARINKOVIC, VANJA",17:41,6,0,0,2,5,0,1,0,2,2,2,1,0,0,0,3,0,4,-8.0
2022,RS,20,174,1,P003198   ,1.0,0.0,BAS,11,"DIEZ, DANIEL",03:37,0,0,0,0,0,0,0,0,0,0,0,0,0,0,0,0,0,0,-8.0
2022,RS,20,174,1,P011078   ,1.0,1.0,BAS,13,"THOMPSON, DARIUS",25:48,10,2,3,2,4,0,0,1,2,3,5,1,2,1,0,3,2,14,-4.0
2022,RS,20,174,1,P004603   ,1.0,0.0,BAS,21,"KOTSAR, MAIK",24:45,10,5,7,0,0,0,0,1,1,2,1,0,0,0,0,0,3,14,6.0
2022,RS,20,174,1,P011239   ,0.0,0.0,BAS,23,"ENOCH, STEVEN",09:42,6,2,2,0,0,2,2,0,1,1,0,0,0,0,0,1,2,8,-7.0
2022,RS,20,174,1,P010444   ,0.0,1.0,BAS,24,"COSTELLO, MATTHEW",14:44,0,0,0,0,5,0,0,0,0,0,1,1,0,0,0,3,1,-5,-9.0
2022,RS,20,174,1,P006436   ,1.0,1.0,BAS,31,"GIEDRAITIS, ROKAS",19:55,11,3,5,0,2,5,7,1,1,2,1,0,0,0,0,3,5,10,3.0
2022,RS,20,174,1,P011949   ,0.0,1.0,BAS,34,"HOMMES, DAULTON",26:56,12,2,2,2,3,2,2,1,2,3,3,1,1,0,0,3,3,17,6.0
2022,RS,20,174,1,P007265   ,0.0,0.0,BAS,47,"KURUCS, ARTURS",07:44,0,0,0,0,1,0,0,0,0,0,0,0,1,0,0,0,0,-2,-9.0
2022,RS,20,174,1,Team,0.0,0.0,BAS,,Team,,0,0,0,0,0,0,0,3,1,4,0,0,1,0,0,0,0,3,
2022,RS,20,174,1,Total,,,BAS,,Total,200:00,78,19,27,8,28,16,20,8,17,25,14,5,9,1,0,21,23,84,
2022,RS,20,174,0,P011244   ,0.0,1.0,BAR,1,"DA SILVA, OSCAR",22:40,7,3,4,0,0,1,3,3,3,6,2,0,0,0,0,2,3,13,14.0
2022,RS,20,174,0,P002968   ,0.0,0.0,BAR,5,"SANLI, SERTAC",13:37,8,4,4,0,1,0,0,2,0,2,1,1,0,0,0,2,0,9,-4.0
2022,RS,20,174,0,P004866   ,1.0,1.0,BAR,10,"KALINIC, NIKOLA",26:22,9,0,2,2,4,3,3,2,5,7,4,1,2,0,0,2,3,16,1.0
2022,RS,20,174,0,P002939   ,1.0,1.0,BAR,13,"SATORANSKY, TOMAS",21:45,11,2,3,2,2,1,1,2,0,2,4,0,3,0,0,4,2,11,1.0
2022,RS,20,174,0,P006435   ,1.0,0.0,BAR,20,"LAPROVITTOLA, NICOLAS",13:43,6,1,1,1,3,1,2,0,2,2,1,0,0,0,0,3,1,4,1.0
2022,RS,20,174,0,P003478   ,0.0,0.0,BAR,21,"ABRINES, ALEX",11:08,3,0,3,1,3,0,0,0,0,0,1,1,1,0,0,4,1,-4,4.0
2022,RS,20,174,0,P006450   ,0.0,0.0,BAR,22,"HIGGINS, CORY",18:34,6,2,6,0,2,2,2,0,3,3,1,0,0,0,0,1,1,4,2.0
2022,RS,20,174,0,P008966   ,1.0,0.0,BAR,23,"TOBEY, MIKE",07:42,3,0,0,1,4,0,0,0,0,0,2,1,0,0,0,2,0,1,2.0
2022,RS,20,174,0,P005789   ,0.0,0.0,BAR,24,"KURIC, KYLE",05:49,0,0,2,0,1,0,0,2,0,2,0,0,0,0,0,0,0,-1,3.0
2022,RS,20,174,0,P007519   ,0.0,1.0,BAR,31,"JOKUBAITIS, ROKAS",22:55,13,4,7,0,0,5,6,0,2,2,3,0,2,0,1,0,3,14,11.0
2022,RS,20,174,0,P000796   ,1.0,1.0,BAR,33,"MIROTIC, NIKOLA",26:23,15,4,5,1,5,4,5,3,3,6,0,1,1,0,0,2,5,18,-2.0
2022,RS,20,174,0,P010641   ,0.0,0.0,BAR,46,"NNAJI, JAMES",09:22,4,2,2,0,0,0,1,1,1,2,0,0,1,0,0,1,2,5,2.0
2022,RS,20,174,0,Team,0.0,0.0,BAR,,Team,,0,0,0,0,0,0,0,3,3,6,0,0,0,0,0,0,0,6,
2022,RS,20,174,0,Total,,,BAR,,Total,200:00,85,22,39,8,25,17,23,18,22,40,19,5,10,0,1,23,21,96,
2022,RS,20,175,1,P009549   ,0.0,1.0,VIR,0,"CORDINIER, ISAIA",21:44,5,1,2,1,2,0,0,0,5,5,1,0,3,0,0,2,1,5,7.0
2022,RS,20,175,1,PBCN      ,0.0,0.0,VIR,3,"BELINELLI, MARCO",DNP,0,0,0,0,0,0,0,0,0,0,0,0,0,0,0,0,0,0,0.0
2022,RS,20,175,1,P006739   ,0.0,0.0,VIR,6,"PAJOLA, ALESSANDRO",12:14,0,0,1,0,0,0,0,0,1,1,2,1,1,0,0,1,2,3,-14.0
2022,RS,20,175,1,P004655   ,0.0,0.0,VIR,7,"BAKO, ISMAEL",17:55,11,4,5,0,0,3,3,1,3,4,1,1,1,1,0,3,2,15,4.0
2022,RS,20,175,1,P002581   ,1.0,0.0,VIR,14,"JAITEH, MAM",19:33,8,4,7,0,0,0,0,1,7,8,1,0,2,0,0,2,1,11,1.0
2022,RS,20,175,1,P010781   ,0.0,0.0,VIR,19,"LUNDBERG, IFFE",16:58,9,2,5,1,3,2,2,0,4,4,2,0,0,0,0,1,2,11,-2.0
2022,RS,20,175,1,P001133   ,1.0,1.0,VIR,21,"SHENGELIA, TORNIKE",28:24,16,4,7,1,2,5,6,1,1,2,7,3,1,1,0,3,4,24,23.0
2022,RS,20,175,1,P001844   ,1.0,1.0,VIR,23,"HACKETT, DANIEL",27:46,7,0,1,2,3,1,2,1,7,8,4,0,0,0,0,2,2,16,24.0
2022,RS,20,175,1,P008847   ,0.0,0.0,VIR,25,"MICKEY, JORDAN",11:36,1,0,1,0,4,1,2,1,1,2,0,1,1,0,0,2,2,-3,-13.0
2022,RS,20,175,1,P006592   ,0.0,0.0,VIR,34,"WEEMS, KYLE",DNP,0,0,0,0,0,0,0,0,0,0,0,0,0,0,0,0,0,0,0.0
2022,RS,20,175,1,P011982   ,1.0,1.0,VIR,37,"OJELEYE, SEMI",23:07,5,2,5,0,2,1,1,1,1,2,0,1,0,0,1,1,0,1,9.0
2022,RS,20,175,1,PJDR      ,1.0,1.0,VIR,44,"TEODOSIC, MILOS",20:43,12,0,1,2,3,6,6,1,1,2,4,1,7,0,1,4,4,9,11.0
2022,RS,20,175,1,Team,0.0,0.0,VIR,,Team,,0,0,0,0,0,0,0,1,1,2,0,0,0,0,0,0,0,2,
2022,RS,20,175,1,Total,,,VIR,,Total,200:00,74,17,35,7,19,19,22,8,32,40,22,8,16,2,2,21,20,94,
2022,RS,20,175,0,P011209   ,0.0,0.0,PAN,0,"KALAITZAKIS, PANAGIOTIS",DNP,0,0,0,0,0,0,0,0,0,0,0,0,0,0,0,0,0,0,0.0
2022,RS,20,175,0,P006555   ,1.0,0.0,PAN,3,"WOLTERS, NATE",22:52,15,4,8,1,1,4,5,0,1,1,3,2,1,0,1,1,4,17,-4.0
2022,RS,20,175,0,P011225   ,0.0,1.0,PAN,5,"LEE, PARIS",25:56,7,2,5,1,6,0,0,1,2,3,3,2,1,0,0,3,1,4,-2.0
2022,RS,20,175,0,P005844   ,1.0,1.0,PAN,6,"PAPAGIANNIS, GEORGIOS",23:59,6,2,3,0,1,2,2,1,4,5,0,1,3,2,0,4,2,7,5.0
2022,RS,20,175,0,P009006   ,1.0,1.0,PAN,8,"WILLIAMS, DERRICK",32:56,10,2,2,2,6,0,0,0,7,7,2,2,1,0,0,0,1,17,-1.0
2022,RS,20,175,0,P006586   ,1.0,0.0,PAN,16,"KALAITZAKIS, GEORGIOS",04:42,0,0,0,0,0,0,2,0,0,0,0,1,0,0,0,0,1,0,-5.0
2022,RS,20,175,0,P011286   ,1.0,1.0,PAN,24,"BACON, DWAYNE",29:44,8,1,4,1,7,3,4,1,2,3,0,0,2,0,0,3,5,1,-12.0
2022,RS,20,175,0,P011396   ,0.0,0.0,PAN,33,"CHOUGKAZ, NIKOS",DNP,0,0,0,0,0,0,0,0,0,0,0,0,0,0,0,0,0,0,0.0
2022,RS,20,175,0,P004172   ,0.0,1.0,PAN,37,"PONITKA, MATEUSZ",22:32,13,2,4,2,4,3,3,2,2,4,1,1,1,0,0,3,5,16,-9.0
2022,RS,20,175,0,P002328   ,0.0,0.0,PAN,40,"GRIGONIS, MARIUS",21:18,3,0,0,1,4,0,0,1,1,2,2,0,3,0,0,3,2,0,-7.0
2022,RS,20,175,0,P003120   ,0.0,0.0,PAN,77,"GUDAITIS, ARTURAS",16:01,2,1,3,0,0,0,0,0,2,2,1,0,1,0,1,4,0,-3,-15.0
2022,RS,20,175,0,Team,0.0,0.0,PAN,,Team,,0,0,0,0,0,0,0,0,1,1,0,0,1,0,0,0,0,0,
2022,RS,20,175,0,Total,,,PAN,,Total,200:00,64,14,29,8,29,12,16,6,22,28,12,9,14,2,2,21,21,59,
2022,RS,20,176,1,P011970   ,0.0,0.0,PAM,0,"HARPER, JARED",14:07,4,0,2,1,2,1,2,1,0,1,3,0,3,0,0,1,1,1,-1.0
2022,RS,20,176,1,P006643   ,1.0,0.0,PAM,2,"PUERTO, JOSEP",17:29,9,2,3,0,2,5,5,2,2,4,1,0,0,0,1,1,3,12,1.0
2022,RS,20,176,1,P002661   ,1.0,0.0,PAM,3,"PREPELIC, KLEMEN",15:11,2,0,0,0,2,2,2,0,0,0,5,0,1,0,1,1,1,3,4.0
2022,RS,20,176,1,P010393   ,0.0,0.0,PAM,4,"PRADILLA, JAIME",17:45,8,2,3,1,1,1,2,0,1,1,1,1,1,1,0,3,3,9,2.0
2022,RS,20,176,1,P011971   ,1.0,1.0,PAM,5,"WEBB III, JAMES",26:29,17,2,2,4,5,1,1,0,4,4,1,0,1,0,0,2,2,20,2.0
2022,RS,20,176,1,P005356   ,0.0,1.0,PAM,6,"LOPEZ-AROSTEGUI, XABI",20:05,2,1,1,0,1,0,0,2,2,4,3,1,3,0,0,1,5,10,11.0
2022,RS,20,176,1,P010568   ,0.0,1.0,PAM,7,"JONES, CHRIS",22:28,13,2,7,2,5,3,3,0,0,0,4,0,4,0,0,3,3,5,5.0
2022,RS,20,176,1,P009101   ,1.0,0.0,PAM,8,"FERRANDO, GUILLEM",10:09,3,0,0,1,1,0,0,0,0,0,0,0,0,0,0,3,1,1,-3.0
2022,RS,20,176,1,P011972   ,0.0,1.0,PAM,12,"RADEBAUGH, JONAH",21:19,9,2,3,1,2,2,2,0,2,2,1,2,0,0,0,3,1,10,6.0
2022,RS,20,176,1,P002742   ,1.0,0.0,PAM,14,"DUBLJEVIC, BOJAN",18:08,20,5,5,2,4,4,5,2,4,6,1,2,3,0,0,2,4,25,10.0
2022,RS,20,176,1,P011973   ,0.0,1.0,PAM,21,"ALEXANDER, KYLE",16:36,2,1,2,0,0,0,0,0,2,2,0,1,1,0,0,4,2,1,5.0
2022,RS,20,176,1,P011974   ,0.0,0.0,PAM,55,"MARÍ, LUCAS",00:14,0,0,0,0,0,0,0,0,0,0,0,0,0,0,0,0,0,0,-2.0
2022,RS,20,176,1,Team,0.0,0.0,PAM,,Team,,0,0,0,0,0,0,0,2,2,4,0,0,1,0,0,0,0,3,
2022,RS,20,176,1,Total,,,PAM,,Total,200:00,89,17,28,12,25,19,22,9,19,28,20,7,18,1,2,24,26,100,
2022,RS,20,176,0,P009212   ,0.0,0.0,PAR,1,"VUKCEVIC, TRISTAN",DNP,0,0,0,0,0,0,0,0,0,0,0,0,0,0,0,0,0,0,0.0
2022,RS,20,176,0,P008987   ,0.0,1.0,PAR,2,"LEDAY, ZACH",13:24,7,1,2,1,1,2,2,0,1,1,1,1,1,0,0,2,2,8,-9.0
2022,RS,20,176,0,P003983   ,1.0,0.0,PAR,4,"AVRAMOVIC, ALEKSA",14:47,0,0,1,0,1,0,0,0,1,1,0,0,1,0,0,4,1,-5,-4.0
2022,RS,20,176,0,P009862   ,1.0,1.0,PAR,7,"PUNTER, KEVIN",26:40,14,2,4,3,4,1,1,0,1,1,4,1,5,0,0,2,2,12,-2.0
2022,RS,20,176,0,P011051   ,0.0,0.0,PAR,9,"SMAILAGIC, ALEN",16:18,7,2,2,0,1,3,4,0,2,2,1,2,1,1,0,2,2,10,-1.0
2022,RS,20,176,0,P005161   ,1.0,1.0,PAR,10,"PAPAPETROU, IOANNIS",20:29,3,0,2,1,3,0,0,0,0,0,2,1,0,0,0,1,1,2,-11.0
2022,RS,20,176,0,P011302   ,0.0,1.0,PAR,11,"EXUM, DANTE",26:01,22,3,5,3,5,7,10,1,1,2,0,0,2,0,0,3,5,17,-13.0
2022,RS,20,176,0,P007400   ,0.0,0.0,PAR,21,"NUNNALLY, JAMES",19:56,5,1,2,1,3,0,0,0,0,0,1,0,0,0,0,3,0,0,-4.0
2022,RS,20,176,0,P003842   ,1.0,0.0,PAR,26,"LESSORT, MATHIAS",20:06,8,3,3,0,0,2,2,1,2,3,3,0,2,1,0,5,5,13,-3.0
2022,RS,20,176,0,P007673   ,1.0,0.0,PAR,32,"TRIFUNOVIC, UROS",24:00,9,0,1,3,4,0,0,1,5,6,3,1,0,0,1,0,1,17,3.0
2022,RS,20,176,0,P000956   ,0.0,1.0,PAR,33,"ANDJUSIC, DANILO",16:35,6,2,2,0,2,2,2,1,0,1,0,1,1,0,0,3,4,6,2.0
2022,RS,20,176,0,P011052   ,0.0,0.0,PAR,41,"MADAR, YAM",01:44,0,0,0,0,1,0,0,0,0,0,0,0,0,0,0,1,1,-1,2.0
2022,RS,20,176,0,Team,0.0,0.0,PAR,,Team,,0,0,0,0,0,0,0,0,1,1,0,0,2,0,0,0,0,-1,
2022,RS,20,176,0,Total,,,PAR,,Total,200:00,81,14,24,12,25,17,21,4,14,18,15,7,15,2,1,26,24,78,
2022,RS,20,177,1,P007200   ,1.0,1.0,IST,0,"LARKIN, SHANE",26:07,8,1,1,1,4,3,4,0,3,3,7,2,2,0,0,3,6,17,-2.0
2022,RS,20,177,1,P006590   ,0.0,0.0,IST,1,"BEAUBOIS, RODRIGUE",15:59,8,0,2,2,2,2,2,0,1,1,2,0,0,0,0,4,1,6,-8.0
2022,RS,20,177,1,P006614   ,1.0,0.0,IST,2,"SINGLETON, CHRIS",19:57,6,2,2,0,3,2,2,0,1,1,0,1,0,0,0,0,3,8,2.0
2022,RS,20,177,1,P009846   ,1.0,0.0,IST,6,"BRYANT, ELIJAH",19:26,13,5,6,0,0,3,4,0,5,5,2,0,1,0,0,0,4,21,-7.0
2022,RS,20,177,1,P004888   ,0.0,1.0,IST,12,"CLYBURN, WILL",25:05,4,1,2,0,2,2,2,0,4,4,1,0,1,0,0,2,5,8,-2.0
2022,RS,20,177,1,P005348   ,0.0,0.0,IST,18,"ARNA, EGEHAN",DNP,0,0,0,0,0,0,0,0,0,0,0,0,0,0,0,0,0,0,0.0
2022,RS,20,177,1,P002925   ,0.0,0.0,IST,19,"TUNCER, BUGRAHAN",DNP,0,0,0,0,0,0,0,0,0,0,0,0,0,0,0,0,0,0,0.0
2022,RS,20,177,1,PLHK      ,1.0,1.0,IST,21,"PLEISS, TIBOR",19:21,11,3,4,1,1,2,2,0,4,4,0,0,1,1,0,3,2,13,-2.0
2022,RS,20,177,1,P002580   ,1.0,1.0,IST,22,"MICIC, VASILIJE",33:23,15,3,8,3,8,0,1,0,1,1,2,0,1,0,1,3,1,3,-5.0
2022,RS,20,177,1,P007993   ,0.0,1.0,IST,24,"M'BAYE, AMATH",20:03,8,0,1,2,2,2,2,0,0,0,0,1,0,1,0,2,1,8,-10.0
2022,RS,20,177,1,P004554   ,0.0,0.0,IST,41,"ZIZIC, ANTE",15:35,6,3,4,0,0,0,0,1,0,1,1,0,1,0,0,2,2,6,-4.0
2022,RS,20,177,1,P003048   ,0.0,0.0,IST,42,"DUNSTON, BRYANT",05:04,2,0,0,0,0,2,2,0,1,1,0,1,0,0,0,1,1,4,-2.0
2022,RS,20,177,1,Team,0.0,0.0,IST,,Team,,0,0,0,0,0,0,0,1,1,2,0,0,0,0,0,0,0,2,
2022,RS,20,177,1,Total,,,IST,,Total,200:00,81,18,30,9,22,18,21,2,21,23,15,5,7,2,1,20,26,96,
2022,RS,20,177,0,P010391   ,1.0,0.0,MUN,0,"WEILER-BABB, NICK",21:22,7,2,2,0,3,3,3,1,1,2,2,0,0,0,0,2,4,10,-9.0
2022,RS,20,177,0,P009866   ,0.0,0.0,MUN,2,"WALDEN, COREY",15:01,4,2,2,0,3,0,0,0,0,0,2,0,2,0,0,1,1,1,-5.0
2022,RS,20,177,0,P011940   ,1.0,1.0,MUN,5,"WINSTON, CASSIUS",24:43,14,3,6,1,7,5,6,0,3,3,8,0,2,0,0,4,7,16,13.0
2022,RS,20,177,0,P001557   ,0.0,1.0,MUN,7,"GIFFEY, NIELS",26:13,11,1,2,3,4,0,0,1,0,1,3,2,0,0,0,4,2,13,14.0
2022,RS,20,177,0,P005160   ,0.0,1.0,MUN,8,"HUNTER, OTHELLO",21:25,18,3,4,4,6,0,0,1,8,9,0,1,0,0,0,3,0,22,12.0
2022,RS,20,177,0,P006760   ,1.0,0.0,MUN,9,"BONGA, ISAAC",11:23,4,2,2,0,1,0,0,0,1,1,0,0,0,0,0,4,0,0,-10.0
2022,RS,20,177,0,P004058   ,0.0,1.0,MUN,10,"JARAMAZ, OGNJEN",23:23,10,2,3,2,2,0,0,0,4,4,2,0,1,0,0,2,0,12,13.0
2022,RS,20,177,0,P005056   ,0.0,0.0,MUN,16,"ZIPSER, PAUL",DNP,0,0,0,0,0,0,0,0,0,0,0,0,0,0,0,0,0,0,0.0
2022,RS,20,177,0,P005478   ,0.0,0.0,MUN,17,"WIMBERG, NIKLAS",11:32,0,0,4,0,0,0,0,2,2,4,0,0,0,0,1,1,0,-2,-9.0
2022,RS,20,177,0,P005460   ,0.0,0.0,MUN,20,"HARRIS, ELIAS",13:52,2,1,1,0,0,0,0,0,3,3,1,0,0,0,0,0,1,7,5.0
2022,RS,20,177,0,P006477   ,1.0,1.0,MUN,21,"RUBIT, AUGUSTINE",17:09,14,3,5,2,2,2,2,0,1,1,1,0,3,0,0,3,2,10,12.0
2022,RS,20,177,0,P011941   ,1.0,0.0,MUN,33,"GILLESPIE, FREDDIE",13:57,5,2,5,0,0,1,2,3,3,6,1,1,0,1,1,2,3,10,4.0
2022,RS,20,177,0,Team,0.0,0.0,MUN,,Team,,0,0,0,0,0,0,0,2,0,2,0,0,1,0,0,0,0,1,
2022,RS,20,177,0,Total,,,MUN,,Total,200:00,89,21,36,12,28,11,13,10,26,36,20,4,9,1,2,26,20,100,
2022,RS,20,178,1,P012068   ,0.0,0.0,ZAL,1,"TAYLOR, ISAIAH",15:03,2,1,2,0,0,0,0,0,0,0,1,2,2,0,0,2,0,0,-6.0
2022,RS,20,178,1,P003210   ,0.0,0.0,ZAL,4,"LEKAVICIUS, LUKAS",17:28,7,1,1,1,3,2,2,0,0,0,3,0,1,0,0,1,2,8,3.0
2022,RS,20,178,1,P010390   ,1.0,1.0,ZAL,8,"HAYES, KEVARRIUS",21:30,6,3,5,0,0,0,0,0,3,3,0,2,0,1,0,2,0,8,6.0
2022,RS,20,178,1,PJBX      ,0.0,0.0,ZAL,9,"KALNIETIS, MANTAS",DNP,0,0,0,0,0,0,0,0,0,0,0,0,0,0,0,0,0,0,0.0
2022,RS,20,178,1,P007109   ,1.0,0.0,ZAL,10,"SMITS, ROLANDS",25:13,10,2,3,2,4,0,0,1,1,2,0,0,2,0,0,2,1,6,0.0
2022,RS,20,178,1,P005504   ,0.0,0.0,ZAL,15,"BIRUTIS, LAURYNAS",14:00,2,1,2,0,0,0,0,1,1,2,1,0,0,0,0,2,0,2,3.0
2022,RS,20,178,1,P006158   ,0.0,0.0,ZAL,16,"LUKOSIUNAS, KAROLIS",DNP,0,0,0,0,0,0,0,0,0,0,0,0,0,0,0,0,0,0,0.0
2022,RS,20,178,1,P011983   ,1.0,1.0,ZAL,17,"BRAZDEIKIS, IGNAS",19:26,7,1,6,1,3,2,2,0,2,2,1,0,0,0,1,0,3,5,7.0
2022,RS,20,178,1,P002084   ,0.0,0.0,ZAL,25,"POLONARA, ACHILLE",13:13,10,2,4,2,2,0,0,0,3,3,0,1,2,3,1,1,2,13,-9.0
2022,RS,20,178,1,P003211   ,1.0,1.0,ZAL,33,"DIMSA, TOMAS",20:24,7,2,2,1,6,0,0,1,1,2,2,1,0,1,0,2,0,6,6.0
2022,RS,20,178,1,P002676   ,0.0,1.0,ZAL,51,"BUTKEVICIUS, ARNAS",23:41,7,1,1,0,1,5,5,1,6,7,0,0,0,0,0,3,5,15,8.0
2022,RS,20,178,1,P002329   ,1.0,1.0,ZAL,92,"ULANOVAS, EDGARAS",30:02,13,2,5,2,4,3,4,2,3,5,6,1,5,0,1,1,5,17,7.0
2022,RS,20,178,1,Team,0.0,0.0,ZAL,,Team,,0,0,0,0,0,0,0,3,0,3,0,0,0,0,0,0,0,3,
2022,RS,20,178,1,Total,,,ZAL,,Total,200:00,71,16,31,9,23,12,13,9,20,29,14,7,12,5,3,16,18,83,
2022,RS,20,178,0,P004267   ,0.0,0.0,RED,0,"HOLLAND, JOHN",04:48,3,0,1,1,1,0,0,1,0,1,0,0,0,0,0,2,0,1,6.0
2022,RS,20,178,0,P007947   ,1.0,1.0,RED,1,"VILDOZA, LUCA",26:57,9,3,4,1,6,0,0,1,1,2,4,5,3,0,0,0,2,13,-11.0
2022,RS,20,178,0,P004720   ,1.0,1.0,RED,2,"LAZAREVIC, STEFAN",24:12,2,1,2,0,0,0,0,1,5,6,1,0,1,0,1,4,2,4,1.0
2022,RS,20,178,0,P002553   ,0.0,0.0,RED,9,"MITROVIC, LUKA",19:49,4,2,5,0,0,0,0,4,0,4,2,0,1,0,0,3,1,4,5.0
2022,RS,20,178,0,PLUO      ,0.0,0.0,RED,10,"LAZIC, BRANKO",05:44,3,0,0,1,1,0,0,1,0,1,0,0,0,0,0,1,0,3,-7.0
2022,RS,20,178,0,P004007   ,1.0,1.0,RED,13,"DOBRIC, OGNJEN",12:59,5,1,2,1,3,0,0,1,0,1,1,0,2,0,0,0,0,2,-7.0
2022,RS,20,178,0,P003332   ,0.0,0.0,RED,20,"IVANOVIC, NIKOLA",10:15,0,0,0,0,2,0,0,0,4,4,3,0,0,0,0,1,0,4,8.0
2022,RS,20,178,0,P000848   ,0.0,1.0,RED,26,"NEDOVIC, NEMANJA",21:10,11,4,11,1,6,0,0,1,1,2,2,0,1,0,2,0,5,5,-13.0
2022,RS,20,178,0,PLME      ,0.0,0.0,RED,27,"MARKOVIC, STEFAN",16:13,0,0,0,0,1,0,0,0,0,0,0,0,1,0,1,4,1,-6,10.0
2022,RS,20,178,0,P003479   ,1.0,0.0,RED,32,"KUZMIC, OGNJEN",14:28,5,2,4,0,0,1,2,4,2,6,1,0,0,1,0,1,2,11,-8.0
2022,RS,20,178,0,P011194   ,0.0,1.0,RED,33,"PETRUSEV, FILIP",25:57,16,7,9,0,1,2,2,1,2,3,1,1,3,2,1,1,2,17,-12.0
2022,RS,20,178,0,P009818   ,1.0,0.0,RED,50,"BENTIL, BENJAMIN",17:28,8,1,1,2,4,0,0,1,2,3,0,1,2,0,0,1,1,8,3.0
2022,RS,20,178,0,Team,0.0,0.0,RED,,Team,,0,0,0,0,0,0,0,0,2,2,0,0,0,0,0,0,0,2,
2022,RS,20,178,0,Total,,,RED,,Total,200:00,66,21,39,7,25,3,4,16,19,35,15,7,14,3,5,18,16,68,
2022,RS,20,179,1,P008855   ,1.0,1.0,OLY,0,"WALKUP, THOMAS",27:05,18,4,6,3,5,1,2,1,1,2,2,1,2,0,1,3,1,13,17.0
2022,RS,20,179,1,P010612   ,1.0,0.0,OLY,3,"CANAAN, ISAIAH",13:40,3,0,0,1,2,0,0,0,1,1,1,0,2,0,0,3,1,0,4.0
2022,RS,20,179,1,P006302   ,0.0,0.0,OLY,4,"LOUNTZIS, MICHALIS",DNP,0,0,0,0,0,0,0,0,0,0,0,0,0,0,0,0,0,0,0.0
2022,RS,20,179,1,P010392   ,0.0,0.0,OLY,5,"LARENTZAKIS, GIANNOULIS",13:28,2,1,3,0,2,0,0,0,4,4,1,1,1,0,0,1,3,5,1.0
2022,RS,20,179,1,P008811   ,1.0,0.0,OLY,10,"FALL, MOUSTAPHA",17:01,4,2,4,0,0,0,0,1,6,7,1,0,0,0,1,1,0,8,4.0
2022,RS,20,179,1,P001926   ,0.0,1.0,OLY,11,"SLOUKAS, KOSTAS",24:30,11,4,7,1,3,0,0,1,1,2,6,0,5,0,1,2,3,9,4.0
2022,RS,20,179,1,P003469   ,1.0,1.0,OLY,14,"VEZENKOV, SASHA",25:31,15,6,9,0,6,3,3,2,3,5,1,0,1,2,0,1,2,14,6.0
2022,RS,20,179,1,P001255   ,1.0,0.0,OLY,16,"PAPANIKOLAOU, KOSTAS",21:29,5,1,1,1,4,0,0,0,4,4,1,1,1,0,0,1,1,7,9.0
2022,RS,20,179,1,P009035   ,0.0,0.0,OLY,21,"BOLOMBOY, JOEL",07:39,2,1,2,0,0,0,0,1,2,3,0,0,0,1,0,2,0,3,0.0
2022,RS,20,179,1,P008829   ,0.0,0.0,OLY,25,"PETERS, ALEC",14:17,0,0,1,0,1,0,0,1,1,2,0,1,0,0,1,2,1,-1,4.0
2022,RS,20,179,1,P008991   ,0.0,1.0,OLY,28,"BLACK, TARIK",15:20,5,2,4,0,0,1,1,5,4,9,1,0,0,0,0,2,2,13,9.0
2022,RS,20,179,1,P007853   ,0.0,1.0,OLY,77,"MCKISSIC, SHAQUIELLE",20:00,8,3,5,0,3,2,5,0,2,2,1,0,0,0,0,1,3,5,7.0
2022,RS,20,179,1,Team,0.0,0.0,OLY,,Team,,0,0,0,0,0,0,0,2,0,2,0,0,0,0,0,0,0,2,
2022,RS,20,179,1,Total,,,OLY,,Total,200:00,73,24,42,6,26,7,11,14,29,43,15,4,12,3,4,19,17,78,
2022,RS,20,179,0,P001392   ,1.0,0.0,MAD,1,"CAUSEUR, FABIEN",10:47,3,0,2,1,1,0,0,0,1,1,3,0,0,1,0,1,0,5,-7.0
2022,RS,20,179,0,PBMT      ,0.0,1.0,MAD,5,"FERNANDEZ, RUDY",12:27,0,0,0,0,5,0,0,0,0,0,0,1,0,0,0,2,0,-6,-10.0
2022,RS,20,179,0,P005099   ,0.0,0.0,MAD,8,"HANGA, ADAM",13:56,2,1,4,0,1,0,0,0,1,1,2,2,1,0,0,3,2,1,2.0
2022,RS,20,179,0,P003108   ,0.0,0.0,MAD,11,"HEZONJA, MARIO",15:14,9,3,4,1,4,0,0,0,2,2,3,0,1,0,0,1,1,9,-4.0
2022,RS,20,179,0,P009005   ,1.0,1.0,MAD,14,"DECK, GABRIEL",21:05,4,2,2,0,1,0,0,0,3,3,1,0,1,0,0,3,0,3,-5.0
2022,RS,20,179,0,P004887   ,0.0,0.0,MAD,17,"POIRIER, VINCENT",16:28,4,1,2,0,0,2,2,3,5,8,1,0,1,1,1,2,3,12,-1.0
2022,RS,20,179,0,P004790   ,0.0,0.0,MAD,21,"CORNELIE, PETR",17:31,2,1,1,0,2,0,0,2,2,4,0,2,0,1,0,0,0,7,-3.0
2022,RS,20,179,0,P005791   ,1.0,0.0,MAD,22,"TAVARES, WALTER",21:03,12,6,8,0,0,0,0,0,2,2,1,0,4,1,0,2,0,8,-14.0
2022,RS,20,179,0,PTGB      ,1.0,1.0,MAD,23,"LLULL, SERGIO",25:48,6,2,5,0,6,2,2,0,5,5,2,1,3,0,0,1,5,6,-12.0
2022,RS,20,179,0,P010357   ,1.0,1.0,MAD,28,"YABUSELE, GUERSCHON",22:09,6,2,4,0,1,2,3,3,2,5,1,2,0,0,1,1,2,10,-10.0
2022,RS,20,179,0,P009213   ,0.0,0.0,MAD,30,"NDIAYE, ELI",DNP,0,0,0,0,0,0,0,0,0,0,0,0,0,0,0,0,0,0,0.0
2022,RS,20,179,0,P006540   ,0.0,1.0,MAD,31,"MUSA, DZANAN",23:32,12,2,4,1,4,5,6,0,1,1,2,0,2,0,1,1,6,11,-1.0
2022,RS,20,179,0,Team,0.0,0.0,MAD,,Team,,0,0,0,0,0,0,0,3,1,4,0,0,1,0,0,0,0,3,
2022,RS,20,179,0,Total,,,MAD,,Total,200:00,60,20,36,3,25,11,13,11,25,36,16,8,14,4,3,17,19,69,
2022,RS,20,180,1,P007870   ,0.0,1.0,MIL,0,"DAVIES, BRANDON",31:28,26,9,15,0,3,8,11,4,4,8,2,1,3,1,1,2,11,31,-4.0
2022,RS,20,180,1,P005094   ,0.0,0.0,MIL,1,"THOMAS, DESHAUN",02:27,0,0,0,0,0,0,0,0,0,0,0,0,0,0,0,0,0,0,-2.0
2022,RS,20,180,1,P012080   ,1.0,0.0,MIL,2,"LUWAWU-CABARROT, TIMOTHE",25:11,16,4,6,2,6,2,2,2,6,8,2,0,4,0,0,2,1,15,2.0
2022,RS,20,180,1,P011965   ,1.0,0.0,MIL,3,"MITROU-LONG, NAZ",09:43,0,0,1,0,3,0,0,0,3,3,1,0,2,0,0,3,0,-5,-3.0
2022,RS,20,180,1,P006509   ,0.0,0.0,MIL,7,"TONUT, STEFANO",17:01,3,0,1,1,1,0,0,0,1,1,2,2,1,0,0,2,0,4,-1.0
2022,RS,20,180,1,P002849   ,1.0,1.0,MIL,9,"MELLI, NICOLO",23:39,2,1,1,0,1,0,0,2,5,7,2,0,0,1,0,3,4,12,-4.0
2022,RS,20,180,1,P005775   ,0.0,1.0,MIL,12,"BARON, BILLY",26:18,3,0,1,0,3,3,3,0,3,3,2,0,0,0,0,2,2,4,-5.0
2022,RS,20,180,1,P001518   ,0.0,1.0,MIL,17,"RICCI, GIAMPAOLO",06:29,2,1,1,0,1,0,0,0,0,0,0,0,0,0,0,0,1,2,-5.0
2022,RS,20,180,1,P011205   ,1.0,1.0,MIL,22,"HALL, DEVON",32:44,12,4,5,1,2,1,4,0,3,3,2,0,1,0,0,1,2,12,-3.0
2022,RS,20,180,1,P002812   ,0.0,0.0,MIL,42,"HINES, KYLE",18:39,9,4,4,0,0,1,1,1,3,4,2,0,0,0,0,3,1,13,-2.0
2022,RS,20,180,1,PCCD      ,0.0,0.0,MIL,70,"DATOME, LUIGI",02:34,0,0,0,0,0,0,0,0,0,0,0,0,0,0,0,0,0,0,-3.0
2022,RS,20,180,1,P007201   ,1.0,0.0,MIL,77,"VOIGTMANN, JOHANNES",03:47,0,0,0,0,1,0,0,0,0,0,0,0,0,0,0,0,1,0,0.0
2022,RS,20,180,1,Team,0.0,0.0,MIL,,Team,,0,0,0,0,0,0,0,2,0,2,0,0,0,0,0,0,0,2,
2022,RS,20,180,1,Total,,,MIL,,Total,200:00,73,23,35,4,21,15,21,11,28,39,15,3,11,2,1,18,23,90,
2022,RS,20,180,0,P011936   ,0.0,1.0,ASV,0,"MATHEWS, JONAH",22:00,17,4,5,3,6,0,0,0,0,0,5,1,1,0,0,4,0,14,-3.0
2022,RS,20,180,0,P006068   ,1.0,0.0,ASV,2,"NOUA, AMINE",21:49,6,0,1,2,3,0,0,0,1,1,0,1,1,0,0,3,0,2,2.0
2022,RS,20,180,0,P004264   ,1.0,1.0,ASV,3,"BOST, DEE",27:10,5,1,3,1,6,0,0,0,2,2,6,2,0,0,1,3,3,7,11.0
2022,RS,20,180,0,PKIR      ,0.0,1.0,ASV,5,"KAHUDI, CHARLES",18:11,10,2,5,2,3,0,0,1,1,2,0,0,0,0,0,4,0,4,4.0
2022,RS,20,180,0,PTFK      ,0.0,0.0,ASV,8,"DIOT, ANTOINE",11:42,3,0,1,1,2,0,0,0,0,0,1,0,1,0,0,0,0,1,2.0
2022,RS,20,180,0,P004119   ,0.0,1.0,ASV,9,"TYUS, ALEX",26:57,7,3,4,0,0,1,2,1,6,7,1,1,0,1,0,3,2,14,3.0
2022,RS,20,180,0,P010718   ,0.0,0.0,ASV,10,"RISACHER, ZACCHARIE",06:10,0,0,0,0,1,0,0,0,0,0,0,0,0,0,0,1,0,-2,-11.0
2022,RS,20,180,0,P002100   ,1.0,0.0,ASV,12,"DE COLO, NANDO",24:27,13,3,5,1,5,4,4,0,1,1,1,1,2,0,1,1,2,8,8.0
2022,RS,20,180,0,P006568   ,1.0,0.0,ASV,19,"FALL, YOUSSOUPHA",12:54,10,2,2,0,0,6,6,0,3,3,0,1,0,0,0,4,3,13,3.0
2022,RS,20,180,0,P003526   ,1.0,0.0,ASV,23,"LIGHTY, DAVID",09:43,5,0,0,1,2,2,2,0,3,3,1,1,0,0,0,0,1,10,6.0
2022,RS,20,180,0,P011938   ,0.0,1.0,ASV,32,"OBASOHAN, RETIN",18:57,3,0,1,0,0,3,4,0,1,1,1,1,0,0,0,0,7,11,5.0
2022,RS,20,180,0,P006832   ,0.0,0.0,ASV,35,"PONS, YVES",DNP,0,0,0,0,0,0,0,0,0,0,0,0,0,0,0,0,0,0,0.0
2022,RS,20,180,0,Team,0.0,0.0,ASV,,Team,,0,0,0,0,0,0,0,0,2,2,0,0,1,0,0,0,0,1,
2022,RS,20,180,0,Total,,,ASV,,Total,200:00,79,15,27,11,28,16,18,2,20,22,16,9,6,1,2,23,18,83,
2022,RS,21,181,1,P007032   ,1.0,0.0,BER,0,"LO, MAODO",23:22,25,5,5,4,7,3,4,0,3,3,1,1,0,0,0,1,5,30,-9.0
2022,RS,21,181,1,P008384   ,0.0,0.0,BER,1,"PROCIDA, GABRIELE",11:03,1,0,2,0,1,1,2,2,2,4,0,0,1,0,0,0,1,1,-1.0
2022,RS,21,181,1,P011192   ,1.0,1.0,BER,3,"SMITH, JALEEN",28:35,5,0,1,1,6,2,2,0,1,1,4,0,2,0,0,0,1,3,-5.0
2022,RS,21,181,1,P008211   ,0.0,0.0,BER,6,"DELOW, MALTE",DNP,0,0,0,0,0,0,0,0,0,0,0,0,0,0,0,0,0,0,0.0
2022,RS,21,181,1,P011934   ,0.0,0.0,BER,7,"WETZELL, YANNI",06:35,2,1,2,0,0,0,0,0,1,1,0,0,1,1,1,5,0,-4,1.0
2022,RS,21,181,1,P006919   ,1.0,0.0,BER,19,"OLINDE, LOUIS",22:08,2,1,1,0,4,0,0,0,2,2,0,0,2,0,0,3,2,-3,-19.0
2022,RS,21,181,1,P010791   ,0.0,0.0,BER,21,"KOUMADJE, CHRIST",11:12,4,1,2,0,0,2,2,2,1,3,0,2,1,0,0,2,1,6,1.0
2022,RS,21,181,1,P003958   ,0.0,1.0,BER,32,"THIEMANN, JOHANNES",18:12,17,4,8,1,2,6,7,3,2,5,3,1,0,0,1,1,7,25,12.0
2022,RS,21,181,1,P006589   ,1.0,1.0,BER,43,"SIKMA, LUKE",23:16,7,2,4,1,2,0,0,0,3,3,2,2,5,1,0,3,3,7,-22.0
2022,RS,21,181,1,P010385   ,1.0,0.0,BER,44,"LAMMERS, BEN",20:34,3,1,4,0,0,1,1,0,3,3,0,2,1,2,0,4,1,3,-4.0
2022,RS,21,181,1,P011193   ,0.0,1.0,BER,45,"BLATT, TAMIR",17:11,11,1,2,3,6,0,0,1,0,1,4,0,2,0,0,1,1,10,3.0
2022,RS,21,181,1,P006625   ,0.0,1.0,BER,50,"ZOOSMAN, YOVEL",17:52,11,3,4,1,2,2,2,3,2,5,3,1,0,0,0,4,2,16,13.0
2022,RS,21,181,1,Team,0.0,0.0,BER,,Team,,0,0,0,0,0,0,0,3,1,4,0,0,0,0,0,0,0,4,
2022,RS,21,181,1,Total,,,BER,,Total,200:00,88,19,35,11,30,17,20,14,21,35,17,9,15,4,2,24,24,98,
2022,RS,21,181,0,P011970   ,0.0,1.0,PAM,0,"HARPER, JARED",23:01,20,7,10,1,6,3,6,0,0,0,4,1,1,0,2,4,4,11,2.0
2022,RS,21,181,0,P000556   ,0.0,0.0,PAM,1,"CLAVER, VICTOR",12:36,0,0,0,0,1,0,0,0,1,1,1,1,1,0,0,1,0,0,-4.0
2022,RS,21,181,0,P006643   ,1.0,0.0,PAM,2,"PUERTO, JOSEP",18:30,9,1,2,2,3,1,2,1,2,3,2,2,1,0,0,2,3,13,3.0
2022,RS,21,181,0,P002661   ,0.0,0.0,PAM,3,"PREPELIC, KLEMEN",15:16,3,0,0,1,3,0,0,0,0,0,5,0,1,0,0,1,1,5,-1.0
2022,RS,21,181,0,P010393   ,1.0,0.0,PAM,4,"PRADILLA, JAIME",19:42,8,4,6,0,0,0,0,3,3,6,2,0,1,0,0,3,3,13,8.0
2022,RS,21,181,0,P011971   ,1.0,1.0,PAM,5,"WEBB III, JAMES",25:13,8,1,1,1,3,3,4,2,0,2,0,1,0,1,0,2,2,9,7.0
2022,RS,21,181,0,P005356   ,0.0,1.0,PAM,6,"LOPEZ-AROSTEGUI, XABI",22:51,9,2,3,1,2,2,2,0,5,5,0,1,2,0,1,1,2,11,6.0
2022,RS,21,181,0,P010568   ,1.0,1.0,PAM,7,"JONES, CHRIS",20:12,16,3,7,1,4,7,7,0,2,2,6,3,1,0,0,3,4,20,6.0
2022,RS,21,181,0,P009101   ,0.0,0.0,PAM,8,"FERRANDO, GUILLEM",DNP,0,0,0,0,0,0,0,0,0,0,0,0,0,0,0,0,0,0,0.0
2022,RS,21,181,0,P011972   ,1.0,0.0,PAM,12,"RADEBAUGH, JONAH",21:24,7,1,2,1,3,2,2,0,2,2,1,0,3,0,0,5,1,0,7.0
2022,RS,21,181,0,P010677   ,0.0,0.0,PAM,13,"EVANS, SHANNON",DNP,0,0,0,0,0,0,0,0,0,0,0,0,0,0,0,0,0,0,0.0
2022,RS,21,181,0,P011973   ,0.0,1.0,PAM,21,"ALEXANDER, KYLE",21:15,14,5,7,0,0,4,4,1,3,4,0,0,0,1,1,2,3,17,-4.0
2022,RS,21,181,0,Team,0.0,0.0,PAM,,Team,,0,0,0,0,0,0,0,5,3,8,0,0,0,0,0,0,0,8,
2022,RS,21,181,0,Total,,,PAM,,Total,200:00,94,24,38,8,25,22,27,12,21,33,21,9,11,2,4,24,23,107,
2022,RS,21,182,1,P006068   ,0.0,0.0,ASV,2,"NOUA, AMINE",11:58,5,1,2,1,3,0,0,0,2,2,0,0,1,0,1,0,0,2,-5.0
2022,RS,21,182,1,P004264   ,1.0,1.0,ASV,3,"BOST, DEE",29:21,15,0,1,5,11,0,0,1,3,4,9,0,4,0,0,2,1,16,21.0
2022,RS,21,182,1,PKIR      ,1.0,0.0,ASV,5,"KAHUDI, CHARLES",22:55,8,2,4,1,2,1,2,2,0,2,2,0,1,0,0,3,4,8,16.0
2022,RS,21,182,1,PTFK      ,0.0,0.0,ASV,8,"DIOT, ANTOINE",11:40,0,0,0,0,1,0,0,1,0,1,1,0,0,0,0,3,1,-1,-4.0
2022,RS,21,182,1,P004119   ,0.0,1.0,ASV,9,"TYUS, ALEX",19:28,8,3,3,0,0,2,2,2,4,6,0,1,1,0,0,3,1,12,-1.0
2022,RS,21,182,1,P010718   ,1.0,1.0,ASV,10,"RISACHER, ZACCHARIE",20:02,10,4,4,0,1,2,2,1,1,2,0,1,1,0,0,2,1,10,16.0
2022,RS,21,182,1,P002100   ,1.0,0.0,ASV,12,"DE COLO, NANDO",23:33,26,5,6,4,8,4,4,1,2,3,5,1,2,0,0,1,3,30,17.0
2022,RS,21,182,1,P006568   ,1.0,0.0,ASV,19,"FALL, YOUSSOUPHA",20:32,3,1,1,0,0,1,4,0,5,5,1,2,1,0,0,3,3,7,15.0
2022,RS,21,182,1,P011938   ,0.0,1.0,ASV,32,"OBASOHAN, RETIN",23:08,10,3,4,0,2,4,4,0,3,3,3,3,1,0,0,2,5,18,-1.0
2022,RS,21,182,1,P006832   ,0.0,1.0,ASV,35,"PONS, YVES",17:23,6,2,3,0,2,2,2,0,0,0,0,2,1,0,0,0,1,5,-4.0
2022,RS,21,182,1,Team,0.0,0.0,ASV,,Team,,0,0,0,0,0,0,0,1,1,2,0,0,0,0,0,0,0,2,
2022,RS,21,182,1,Total,,,ASV,,Total,200:00,91,21,28,11,30,16,20,9,21,30,21,10,13,0,1,19,20,109,
2022,RS,21,182,0,P011157   ,1.0,0.0,ULK,0,"MOTLEY, JOHNATHAN",26:09,9,4,7,0,0,1,2,0,1,1,2,0,2,0,0,4,4,6,-17.0
2022,RS,21,182,0,P003091   ,0.0,1.0,ULK,1,"BIRSEN, METECAN",03:59,0,0,0,0,0,0,0,0,2,2,0,0,0,0,0,2,0,0,-6.0
2022,RS,21,182,0,P011201   ,0.0,1.0,ULK,2,"HAZER, SEHMUS",07:23,2,1,2,0,0,0,0,1,3,4,1,1,0,0,0,0,0,7,2.0
2022,RS,21,182,0,P006661   ,1.0,0.0,ULK,3,"WILBEKIN, SCOTTIE",25:47,10,2,3,2,6,0,0,0,2,2,0,2,1,0,0,0,2,10,-16.0
2022,RS,21,182,0,P011987   ,0.0,1.0,ULK,4,"EDWARDS, CARSEN",28:19,22,2,4,6,10,0,0,0,1,1,3,1,1,0,0,3,2,19,1.0
2022,RS,21,182,0,P002969   ,0.0,0.0,ULK,10,"MAHMUTOGLU, MELIH",DNP,0,0,0,0,0,0,0,0,0,0,0,0,0,0,0,0,0,0,0.0
2022,RS,21,182,0,P008962   ,1.0,1.0,ULK,11,"HAYES-DAVIS, NIGEL",32:16,12,5,6,0,1,2,2,2,3,5,0,0,0,0,0,1,3,17,-13.0
2022,RS,21,182,0,P010560   ,0.0,0.0,ULK,21,"PIERRE, DYSHAWN",09:06,0,0,1,0,0,0,0,0,0,0,0,0,1,1,0,1,0,-2,-3.0
2022,RS,21,182,0,P004004   ,0.0,1.0,ULK,23,"GUDURIC, MARKO",20:43,5,1,2,0,3,3,3,2,3,5,3,1,4,0,0,3,4,7,4.0
2022,RS,21,182,0,P007056   ,1.0,0.0,ULK,31,"BOOKER, DEVIN",24:16,8,3,4,0,1,2,2,1,0,1,0,0,0,0,0,2,1,6,-9.0
2022,RS,21,182,0,P001932   ,1.0,0.0,ULK,33,"CALATHES, NICK",16:11,5,1,3,1,1,0,0,1,1,2,2,2,4,0,0,3,1,3,-16.0
2022,RS,21,182,0,P011221   ,0.0,0.0,ULK,37,"ANTETOKOUNMPO, KOSTAS",05:51,4,1,1,0,0,2,4,0,0,0,0,0,1,0,0,2,2,1,3.0
2022,RS,21,182,0,Team,0.0,0.0,ULK,,Team,,0,0,0,0,0,0,0,0,2,2,0,0,0,0,0,0,0,2,
2022,RS,21,182,0,Total,,,ULK,,Total,200:00,77,20,33,9,22,10,13,7,18,25,11,7,14,1,0,21,19,76,
2022,RS,21,183,1,P011209   ,0.0,1.0,PAN,0,"KALAITZAKIS, PANAGIOTIS",00:42,0,0,0,0,0,0,0,0,1,1,0,0,0,0,0,0,0,1,-1.0
2022,RS,21,183,1,P006555   ,1.0,1.0,PAN,3,"WOLTERS, NATE",24:15,7,1,5,1,2,2,2,0,1,1,3,0,2,0,2,3,3,2,21.0
2022,RS,21,183,1,P011225   ,0.0,0.0,PAN,5,"LEE, PARIS",29:14,24,4,6,5,6,1,2,0,1,1,4,3,2,0,1,2,4,27,24.0
2022,RS,21,183,1,P005844   ,1.0,1.0,PAN,6,"PAPAGIANNIS, GEORGIOS",21:36,12,4,4,0,2,4,6,0,5,5,0,0,0,1,0,0,3,17,8.0
2022,RS,21,183,1,P009006   ,1.0,0.0,PAN,8,"WILLIAMS, DERRICK",22:17,5,1,3,1,2,0,0,1,1,2,1,1,0,0,0,2,0,4,0.0
2022,RS,21,183,1,P006586   ,0.0,0.0,PAN,16,"KALAITZAKIS, GEORGIOS",13:36,4,0,0,1,1,1,2,2,0,2,0,0,0,0,0,5,3,3,15.0
2022,RS,21,183,1,P011442   ,0.0,1.0,PAN,20,"SAMONTOUROV, ALEXANDROS",00:56,0,0,1,0,0,0,0,0,0,0,0,0,1,0,0,1,0,-3,0.0
2022,RS,21,183,1,P011286   ,1.0,1.0,PAN,24,"BACON, DWAYNE",33:58,13,2,6,1,5,6,8,1,4,5,3,1,1,0,1,3,5,12,22.0
2022,RS,21,183,1,P011396   ,0.0,0.0,PAN,33,"CHOUGKAZ, NIKOS",DNP,0,0,0,0,0,0,0,0,0,0,0,0,0,0,0,0,0,0,0.0
2022,RS,21,183,1,P004172   ,1.0,0.0,PAN,37,"PONITKA, MATEUSZ",28:14,13,4,4,1,1,2,2,1,2,3,2,1,3,0,0,1,4,19,23.0
2022,RS,21,183,1,P002328   ,0.0,0.0,PAN,40,"GRIGONIS, MARIUS",06:48,4,0,0,0,0,4,6,1,0,1,0,1,1,0,0,1,3,5,-8.0
2022,RS,21,183,1,P003120   ,0.0,0.0,PAN,77,"GUDAITIS, ARTURAS",18:24,7,3,3,0,0,1,5,2,0,2,2,3,0,1,0,3,3,11,16.0
2022,RS,21,183,1,Team,0.0,0.0,PAN,,Team,,0,0,0,0,0,0,0,0,3,3,0,0,0,0,0,0,0,3,
2022,RS,21,183,1,Total,,,PAN,,Total,200:00,89,19,32,10,19,21,33,8,18,26,15,10,10,2,4,21,28,101,
2022,RS,21,183,0,P007513   ,0.0,0.0,ZAL,3,"GIEDRAITIS, DOVYDAS",06:17,0,0,0,0,1,0,0,0,0,0,0,0,2,0,0,0,0,-3,2.0
2022,RS,21,183,0,P003210   ,0.0,1.0,ZAL,4,"LEKAVICIUS, LUKAS",19:09,9,2,3,1,3,2,2,0,1,1,1,0,4,0,0,3,4,5,-18.0
2022,RS,21,183,0,P010390   ,1.0,0.0,ZAL,8,"HAYES, KEVARRIUS",18:28,4,2,6,0,0,0,0,3,4,7,0,1,1,1,0,2,1,7,-7.0
2022,RS,21,183,0,PJBX      ,0.0,0.0,ZAL,9,"KALNIETIS, MANTAS",DNP,0,0,0,0,0,0,0,0,0,0,0,0,0,0,0,0,0,0,0.0
2022,RS,21,183,0,P007109   ,1.0,0.0,ZAL,10,"SMITS, ROLANDS",24:12,11,2,2,1,3,4,4,1,4,5,0,0,4,1,0,4,4,11,-14.0
2022,RS,21,183,0,P005504   ,0.0,1.0,ZAL,15,"BIRUTIS, LAURYNAS",17:41,9,3,3,0,0,3,3,1,0,1,0,0,0,0,0,3,4,11,-9.0
2022,RS,21,183,0,P006158   ,0.0,1.0,ZAL,16,"LUKOSIUNAS, KAROLIS",09:51,3,0,0,1,2,0,0,0,0,0,0,1,0,0,0,1,1,3,-5.0
2022,RS,21,183,0,P011983   ,1.0,1.0,ZAL,17,"BRAZDEIKIS, IGNAS",22:48,8,2,9,1,1,1,2,2,3,5,0,0,1,1,0,2,1,4,-9.0
2022,RS,21,183,0,P002084   ,0.0,1.0,ZAL,25,"POLONARA, ACHILLE",16:21,2,1,2,0,2,0,0,2,4,6,2,0,0,0,1,4,0,2,-10.0
2022,RS,21,183,0,P003211   ,1.0,0.0,ZAL,33,"DIMSA, TOMAS",16:28,8,1,3,2,4,0,0,2,0,2,0,1,1,1,0,5,0,2,-4.0
2022,RS,21,183,0,P002676   ,0.0,0.0,ZAL,51,"BUTKEVICIUS, ARNAS",23:29,4,2,5,0,2,0,0,2,1,3,3,0,3,0,1,1,2,2,-20.0
2022,RS,21,183,0,P002329   ,1.0,0.0,ZAL,92,"ULANOVAS, EDGARAS",25:16,7,3,6,0,3,1,1,1,4,5,4,0,3,0,0,3,4,8,-26.0
2022,RS,21,183,0,Team,0.0,0.0,ZAL,,Team,,0,0,0,0,0,0,0,4,0,4,0,0,0,0,0,0,0,4,
2022,RS,21,183,0,Total,,,ZAL,,Total,200:00,65,18,39,6,21,11,12,18,21,39,10,3,19,4,2,28,21,56,
2022,RS,21,184,1,P007982   ,0.0,0.0,MAD,0,"WILLIAMS-GOSS, NIGEL",00:57,0,0,0,0,0,0,0,0,0,0,0,0,0,0,0,0,0,0,-6.0
2022,RS,21,184,1,P001392   ,0.0,0.0,MAD,1,"CAUSEUR, FABIEN",12:22,0,0,3,0,0,0,0,1,0,1,0,1,0,0,0,2,0,-3,3.0
2022,RS,21,184,1,PBMT      ,0.0,0.0,MAD,5,"FERNANDEZ, RUDY",18:42,6,0,0,2,3,0,0,0,1,1,1,2,2,0,0,2,3,8,4.0
2022,RS,21,184,1,P005099   ,1.0,0.0,MAD,8,"HANGA, ADAM",05:49,0,0,1,0,0,0,0,0,0,0,1,0,2,1,0,1,1,-1,-2.0
2022,RS,21,184,1,P003108   ,1.0,1.0,MAD,11,"HEZONJA, MARIO",22:08,7,2,3,1,4,0,0,1,1,2,0,1,2,0,1,4,1,0,15.0
2022,RS,21,184,1,PCVM      ,0.0,1.0,MAD,13,"RODRIGUEZ, SERGIO",15:24,4,2,4,0,3,0,0,0,4,4,4,1,2,0,0,1,0,5,-1.0
2022,RS,21,184,1,P009005   ,0.0,1.0,MAD,14,"DECK, GABRIEL",33:16,23,6,7,1,2,8,8,4,3,7,1,1,1,0,0,3,7,33,13.0
2022,RS,21,184,1,P004887   ,0.0,0.0,MAD,17,"POIRIER, VINCENT",12:19,0,0,4,0,0,0,0,1,1,2,0,1,1,0,0,0,0,-2,1.0
2022,RS,21,184,1,P005791   ,1.0,0.0,MAD,22,"TAVARES, WALTER",31:38,10,5,10,0,0,0,1,4,3,7,0,2,4,2,2,5,3,7,0.0
2022,RS,21,184,1,PTGB      ,0.0,1.0,MAD,23,"LLULL, SERGIO",23:12,19,3,7,2,5,7,8,0,3,3,2,1,3,0,2,1,5,16,14.0
2022,RS,21,184,1,P010357   ,1.0,0.0,MAD,28,"YABUSELE, GUERSCHON",22:03,4,2,4,0,0,0,0,1,2,3,0,1,0,1,0,0,0,7,-16.0
2022,RS,21,184,1,P006540   ,1.0,1.0,MAD,31,"MUSA, DZANAN",27:10,18,4,6,2,5,4,4,0,0,0,3,2,2,1,0,2,5,20,0.0
2022,RS,21,184,1,Team,0.0,0.0,MAD,,Team,,0,0,0,0,0,0,0,2,3,5,0,0,1,0,0,0,0,4,
2022,RS,21,184,1,Total,,,MAD,,Total,225:00,91,24,49,8,22,19,21,14,21,35,12,13,20,5,5,21,25,94,
2022,RS,21,184,0,P011244   ,0.0,0.0,BAR,1,"DA SILVA, OSCAR",13:54,0,0,1,0,0,0,0,1,4,5,0,1,0,0,1,1,0,3,-7.0
2022,RS,21,184,0,P002968   ,0.0,0.0,BAR,5,"SANLI, SERTAC",18:32,6,2,4,0,5,2,2,0,0,0,1,1,0,5,0,5,1,2,6.0
2022,RS,21,184,0,P000925   ,1.0,1.0,BAR,6,"VESELY, JAN",15:50,12,6,6,0,0,0,1,0,1,1,0,0,3,0,0,4,3,8,-3.0
2022,RS,21,184,0,P004866   ,1.0,0.0,BAR,10,"KALINIC, NIKOLA",31:51,8,1,4,2,3,0,0,2,5,7,3,1,0,0,2,2,1,12,1.0
2022,RS,21,184,0,P002939   ,1.0,1.0,BAR,13,"SATORANSKY, TOMAS",31:59,12,0,4,3,4,3,4,1,3,4,7,0,3,0,0,1,4,17,3.0
2022,RS,21,184,0,P006435   ,1.0,0.0,BAR,20,"LAPROVITTOLA, NICOLAS",21:16,8,1,4,2,5,0,0,2,1,3,3,2,2,0,0,2,0,6,-3.0
2022,RS,21,184,0,P003478   ,0.0,1.0,BAR,21,"ABRINES, ALEX",13:24,9,1,1,2,2,1,1,1,2,3,1,0,2,0,0,2,2,11,-6.0
2022,RS,21,184,0,P006450   ,0.0,1.0,BAR,22,"HIGGINS, CORY",27:28,10,2,5,1,1,3,4,1,3,4,2,2,5,0,1,3,5,10,-9.0
2022,RS,21,184,0,P005789   ,0.0,0.0,BAR,24,"KURIC, KYLE",DNP,0,0,0,0,0,0,0,0,0,0,0,0,0,0,0,0,0,0,0.0
2022,RS,21,184,0,P007519   ,0.0,0.0,BAR,31,"JOKUBAITIS, ROKAS",09:17,2,1,2,0,1,0,0,0,1,1,2,0,3,0,0,0,0,0,-1.0
2022,RS,21,184,0,P000796   ,1.0,1.0,BAR,33,"MIROTIC, NIKOLA",30:52,17,4,5,2,5,3,4,1,1,2,1,4,5,0,1,4,4,13,2.0
2022,RS,21,184,0,P010641   ,0.0,0.0,BAR,46,"NNAJI, JAMES",10:37,2,1,2,0,0,0,0,1,3,4,0,0,1,0,0,1,0,3,-8.0
2022,RS,21,184,0,Team,0.0,0.0,BAR,,Team,,0,0,0,0,0,0,0,2,2,4,0,0,1,0,0,0,0,3,
2022,RS,21,184,0,Total,,,BAR,,Total,225:00,86,19,38,12,26,12,16,12,26,38,20,11,25,5,5,25,20,88,
2022,RS,21,185,1,P010588   ,1.0,0.0,MCO,0,"BROWN, JOHN",18:46,15,6,6,1,1,0,0,0,0,0,0,1,0,0,0,2,0,14,1.0
2022,RS,21,185,1,P011212   ,0.0,0.0,MCO,0,"OKOBO, ELIE",23:47,19,3,5,2,3,7,8,0,1,1,7,0,2,0,1,3,5,22,13.0
2022,RS,21,185,1,P012201   ,0.0,0.0,MCO,1,"MONEKE, CHIMA",07:18,3,1,1,0,0,1,1,0,0,0,0,0,1,0,0,3,1,0,0.0
2022,RS,21,185,1,P009754   ,0.0,1.0,MCO,3,"LOYD, JORDAN",23:20,11,1,4,3,4,0,0,0,2,2,1,1,1,0,0,3,0,7,4.0
2022,RS,21,185,1,P011231   ,0.0,1.0,MCO,4,"BLOSSOMGAME, JARON",13:56,6,3,4,0,1,0,1,3,0,3,1,2,1,0,0,1,3,10,12.0
2022,RS,21,185,1,P011935   ,0.0,0.0,MCO,5,"MAKOUNDOU, YOAN",DNP,0,0,0,0,0,0,0,0,0,0,0,0,0,0,0,0,0,0,0.0
2022,RS,21,185,1,P011226   ,1.0,1.0,MCO,11,"DIALLO, ALPHA",25:58,9,3,7,1,2,0,0,0,4,4,1,2,3,1,0,3,1,7,16.0
2022,RS,21,185,1,PLCZ      ,1.0,0.0,MCO,20,"MOTIEJUNAS, DONATAS",14:27,7,2,3,0,0,3,3,0,4,4,2,1,1,0,0,0,5,17,0.0
2022,RS,21,185,1,P004197   ,1.0,1.0,MCO,24,"OUATTARA, YAKUBA",16:00,2,1,1,0,0,0,1,0,0,0,0,1,0,0,0,1,1,2,-3.0
2022,RS,21,185,1,P008099   ,0.0,0.0,MCO,32,"STRAZEL, MATTHEW",DNP,0,0,0,0,0,0,0,0,0,0,0,0,0,0,0,0,0,0,0.0
2022,RS,21,185,1,P011196   ,0.0,1.0,MCO,45,"HALL, DONTA",25:33,11,5,6,0,0,1,1,2,6,8,0,2,1,1,0,0,1,21,13.0
2022,RS,21,185,1,P005985   ,1.0,0.0,MCO,55,"JAMES, MIKE",30:55,18,4,7,2,6,4,8,1,3,4,10,0,3,0,0,2,5,21,9.0
2022,RS,21,185,1,Team,0.0,0.0,MCO,,Team,,0,0,0,0,0,0,0,2,2,4,0,0,0,0,0,0,0,4,
2022,RS,21,185,1,Total,,,MCO,,Total,200:00,101,29,44,9,17,16,23,8,22,30,22,10,13,2,1,18,22,125,
2022,RS,21,185,0,P007870   ,1.0,1.0,MIL,0,"DAVIES, BRANDON",18:18,9,2,5,1,1,2,2,0,4,4,2,2,3,0,1,2,2,10,-17.0
2022,RS,21,185,0,P005094   ,0.0,1.0,MIL,1,"THOMAS, DESHAUN",17:26,12,4,6,1,3,1,2,1,1,2,1,0,1,0,0,1,3,11,-8.0
2022,RS,21,185,0,P012080   ,0.0,0.0,MIL,2,"LUWAWU-CABARROT, TIMOTHE",30:17,19,5,6,3,8,0,0,0,3,3,3,1,0,0,0,2,3,21,-9.0
2022,RS,21,185,0,P011965   ,0.0,1.0,MIL,3,"MITROU-LONG, NAZ",20:39,14,1,1,1,5,9,9,1,1,2,5,0,3,1,0,4,4,15,-13.0
2022,RS,21,185,0,P006509   ,0.0,1.0,MIL,7,"TONUT, STEFANO",02:21,0,0,1,0,0,0,0,0,0,0,0,0,0,0,0,0,0,-1,5.0
2022,RS,21,185,0,P002849   ,1.0,0.0,MIL,9,"MELLI, NICOLO",21:57,9,0,1,3,4,0,0,1,3,4,0,4,2,0,0,4,1,10,-2.0
2022,RS,21,185,0,P005775   ,1.0,0.0,MIL,12,"BARON, BILLY",28:18,3,0,1,1,4,0,0,0,2,2,1,0,2,0,1,2,1,-2,-1.0
2022,RS,21,185,0,P001518   ,1.0,1.0,MIL,17,"RICCI, GIAMPAOLO",07:01,0,0,0,0,1,0,0,0,1,1,0,1,0,0,0,3,0,-2,-7.0
2022,RS,21,185,0,P011205   ,1.0,0.0,MIL,22,"HALL, DEVON",31:24,12,2,4,2,4,2,2,0,3,3,3,1,3,0,0,1,1,12,-14.0
2022,RS,21,185,0,P002812   ,0.0,0.0,MIL,42,"HINES, KYLE",22:19,10,3,5,0,0,4,4,5,0,5,4,0,0,0,0,3,3,17,1.0
2022,RS,21,185,0,PCCD      ,0.0,0.0,MIL,70,"DATOME, LUIGI",DNP,0,0,0,0,0,0,0,0,0,0,0,0,0,0,0,0,0,0,0.0
2022,RS,21,185,0,P007201   ,0.0,0.0,MIL,77,"VOIGTMANN, JOHANNES",DNP,0,0,0,0,0,0,0,0,0,0,0,0,0,0,0,0,0,0,0.0
2022,RS,21,185,0,Team,0.0,0.0,MIL,,Team,,0,0,0,0,0,0,0,0,1,1,0,0,0,0,0,0,0,1,
2022,RS,21,185,0,Total,,,MIL,,Total,200:00,88,17,30,12,30,18,19,8,19,27,19,9,14,1,2,22,18,92,
2022,RS,21,186,1,P004267   ,0.0,0.0,RED,0,"HOLLAND, JOHN",DNP,0,0,0,0,0,0,0,0,0,0,0,0,0,0,0,0,0,0,0.0
2022,RS,21,186,1,P007947   ,1.0,1.0,RED,1,"VILDOZA, LUCA",27:40,26,4,6,4,7,6,7,2,4,6,2,1,3,0,0,3,6,29,11.0
2022,RS,21,186,1,P004720   ,0.0,0.0,RED,2,"LAZAREVIC, STEFAN",18:37,2,1,1,0,0,0,0,0,1,1,0,0,2,0,0,3,0,-2,-5.0
2022,RS,21,186,1,P002553   ,0.0,1.0,RED,9,"MITROVIC, LUKA",28:50,2,1,5,0,0,0,0,2,4,6,5,0,1,0,1,2,1,6,-2.0
2022,RS,21,186,1,PLUO      ,0.0,0.0,RED,10,"LAZIC, BRANKO",15:34,0,0,1,0,0,0,0,1,1,2,1,1,1,0,0,4,0,-2,9.0
2022,RS,21,186,1,P004007   ,1.0,1.0,RED,13,"DOBRIC, OGNJEN",30:29,13,0,3,3,5,4,4,1,2,3,2,0,2,0,0,2,3,12,-3.0
2022,RS,21,186,1,P003332   ,0.0,0.0,RED,20,"IVANOVIC, NIKOLA",13:05,2,1,1,0,1,0,0,1,1,2,0,1,0,0,0,0,0,4,-7.0
2022,RS,21,186,1,P000848   ,1.0,1.0,RED,26,"NEDOVIC, NEMANJA",20:51,23,6,11,2,4,5,5,0,0,0,1,0,2,1,1,1,5,19,-2.0
2022,RS,21,186,1,PLME      ,0.0,0.0,RED,27,"MARKOVIC, STEFAN",03:38,0,0,0,0,1,0,0,0,0,0,0,0,1,0,0,1,0,-3,-9.0
2022,RS,21,186,1,P003479   ,1.0,0.0,RED,32,"KUZMIC, OGNJEN",06:02,0,0,0,0,0,0,0,0,2,2,0,0,0,0,0,2,0,0,-3.0
2022,RS,21,186,1,P011194   ,0.0,1.0,RED,33,"PETRUSEV, FILIP",24:55,8,2,4,0,1,4,4,2,8,10,1,0,2,0,0,3,6,17,4.0
2022,RS,21,186,1,P009818   ,1.0,0.0,RED,50,"BENTIL, BENJAMIN",10:19,2,1,1,0,0,0,1,1,1,2,0,0,1,0,0,4,1,-1,2.0
2022,RS,21,186,1,Team,0.0,0.0,RED,,Team,,0,0,0,0,0,0,0,0,2,2,0,0,1,0,0,0,0,1,
2022,RS,21,186,1,Total,,,RED,,Total,200:00,78,16,33,9,19,19,21,10,26,36,12,3,16,1,2,25,22,80,
2022,RS,21,186,0,P008987   ,0.0,1.0,PAR,2,"LEDAY, ZACH",32:18,20,3,7,4,5,2,2,1,2,3,0,2,0,1,1,2,4,22,3.0
2022,RS,21,186,0,P003983   ,0.0,0.0,PAR,4,"AVRAMOVIC, ALEKSA",10:32,3,0,2,1,5,0,0,0,1,1,4,0,0,0,0,2,1,1,0.0
2022,RS,21,186,0,P009862   ,1.0,0.0,PAR,7,"PUNTER, KEVIN",20:37,6,0,1,1,3,3,4,0,1,1,1,1,0,0,0,4,4,5,2.0
2022,RS,21,186,0,P011051   ,0.0,0.0,PAR,9,"SMAILAGIC, ALEN",12:27,7,3,4,0,0,1,2,3,1,4,0,1,1,0,0,2,3,10,0.0
2022,RS,21,186,0,P005161   ,1.0,1.0,PAR,10,"PAPAPETROU, IOANNIS",21:27,0,0,2,0,1,0,0,1,2,3,1,0,0,1,0,1,2,3,-1.0
2022,RS,21,186,0,P011302   ,1.0,1.0,PAR,11,"EXUM, DANTE",30:03,20,4,8,2,6,6,7,2,2,4,5,1,2,0,0,2,5,22,4.0
2022,RS,21,186,0,P010458   ,0.0,0.0,PAR,12,"BRODZIANSKY, VLADIMIR",DNP,0,0,0,0,0,0,0,0,0,0,0,0,0,0,0,0,0,0,0.0
2022,RS,21,186,0,P007400   ,0.0,0.0,PAR,21,"NUNNALLY, JAMES",13:39,3,0,2,1,1,0,0,1,0,1,1,0,0,0,0,2,0,1,-2.0
2022,RS,21,186,0,P003842   ,1.0,1.0,PAR,26,"LESSORT, MATHIAS",27:27,13,5,6,0,0,3,4,1,7,8,0,2,1,0,0,3,2,19,1.0
2022,RS,21,186,0,P007673   ,1.0,1.0,PAR,32,"TRIFUNOVIC, UROS",18:48,0,0,1,0,0,0,0,0,2,2,0,2,0,0,0,2,2,3,-2.0
2022,RS,21,186,0,P000956   ,0.0,0.0,PAR,33,"ANDJUSIC, DANILO",08:02,2,0,1,0,2,2,2,0,0,0,1,2,0,0,0,1,1,2,1.0
2022,RS,21,186,0,P011052   ,0.0,0.0,PAR,41,"MADAR, YAM",04:40,5,0,2,1,1,2,2,0,0,0,0,1,0,0,0,1,1,4,-1.0
2022,RS,21,186,0,Team,0.0,0.0,PAR,,Team,,0,0,0,0,0,0,0,2,1,3,0,0,3,0,0,0,0,0,
2022,RS,21,186,0,Total,,,PAR,,Total,200:00,79,15,36,10,24,19,23,11,19,30,13,12,7,2,1,22,25,92,
2022,RS,21,187,1,P008855   ,1.0,1.0,OLY,0,"WALKUP, THOMAS",26:49,9,2,2,1,2,2,2,0,1,1,12,1,2,0,0,3,1,18,-1.0
2022,RS,21,187,1,P010612   ,1.0,0.0,OLY,3,"CANAAN, ISAIAH",20:00,9,1,3,2,6,1,1,1,1,2,1,1,0,0,0,0,1,8,-9.0
2022,RS,21,187,1,P006302   ,0.0,0.0,OLY,4,"LOUNTZIS, MICHALIS",03:51,0,0,0,0,1,0,0,0,0,0,0,0,1,0,0,0,0,-2,-4.0
2022,RS,21,187,1,P010392   ,0.0,0.0,OLY,5,"LARENTZAKIS, GIANNOULIS",19:17,8,0,1,2,6,2,2,1,8,9,3,0,1,0,0,4,3,13,18.0
2022,RS,21,187,1,P008811   ,1.0,0.0,OLY,10,"FALL, MOUSTAPHA",15:20,2,0,2,0,0,2,6,3,1,4,1,1,1,0,1,3,3,0,-11.0
2022,RS,21,187,1,P001926   ,0.0,0.0,OLY,11,"SLOUKAS, KOSTAS",09:20,3,0,0,0,0,3,4,0,4,4,3,0,2,0,0,1,3,9,11.0
2022,RS,21,187,1,P003469   ,1.0,1.0,OLY,14,"VEZENKOV, SASHA",26:13,23,5,9,2,2,7,9,4,5,9,0,0,2,1,1,1,5,28,-3.0
2022,RS,21,187,1,P001255   ,1.0,0.0,OLY,16,"PAPANIKOLAOU, KOSTAS",20:41,10,3,4,1,2,1,2,0,1,1,2,0,0,0,0,1,5,14,-9.0
2022,RS,21,187,1,P009035   ,0.0,0.0,OLY,21,"BOLOMBOY, JOEL",DNP,0,0,0,0,0,0,0,0,0,0,0,0,0,0,0,0,0,0,0.0
2022,RS,21,187,1,P008829   ,0.0,1.0,OLY,25,"PETERS, ALEC",14:04,9,1,2,2,3,1,1,1,0,1,1,0,1,1,1,4,0,4,8.0
2022,RS,21,187,1,P008991   ,0.0,1.0,OLY,28,"BLACK, TARIK",24:25,9,3,3,0,0,3,6,0,2,2,2,3,3,2,0,4,4,12,15.0
2022,RS,21,187,1,P007853   ,0.0,1.0,OLY,77,"MCKISSIC, SHAQUIELLE",20:00,13,4,5,1,5,2,4,0,2,2,1,0,0,0,0,2,2,9,15.0
2022,RS,21,187,1,Team,0.0,0.0,OLY,,Team,,0,0,0,0,0,0,0,2,2,4,0,0,1,0,0,0,0,3,
2022,RS,21,187,1,Total,,,OLY,,Total,200:00,95,19,31,11,27,24,37,12,27,39,26,6,14,4,3,23,27,116,
2022,RS,21,187,0,P012056   ,0.0,1.0,TEL,3,"ADAMS, JALEN",24:01,13,2,5,3,7,0,0,0,0,0,0,2,0,0,1,2,0,5,-10.0
2022,RS,21,187,0,P009863   ,1.0,1.0,TEL,5,"BALDWIN IV, WADE",34:58,14,3,10,1,6,5,6,0,3,3,8,2,6,0,2,2,7,11,-8.0
2022,RS,21,187,0,P011967   ,1.0,0.0,TEL,6,"MARTIN, JARELL",12:22,6,1,1,1,1,1,1,0,0,0,0,1,0,0,0,5,2,4,0.0
2022,RS,21,187,0,P004233   ,0.0,0.0,TEL,8,"MENCO, RAFI",03:01,0,0,0,0,2,0,0,1,0,1,1,0,0,0,0,0,1,1,2.0
2022,RS,21,187,0,P011219   ,0.0,0.0,TEL,9,"SORKIN, ROMAN",20:19,23,9,11,0,0,5,5,6,3,9,0,0,0,0,0,2,5,33,11.0
2022,RS,21,187,0,P007990   ,1.0,1.0,TEL,12,"DIBARTOLOMEO, JOHN",19:35,12,0,2,4,6,0,0,0,0,0,1,0,1,0,1,4,0,3,10.0
2022,RS,21,187,0,P008989   ,0.0,0.0,TEL,13,"HILLIARD, DARRUN",05:11,0,0,0,0,1,0,0,0,0,0,0,0,0,0,0,2,0,-3,4.0
2022,RS,21,187,0,P005145   ,0.0,0.0,TEL,15,"COHEN, JAKE",06:29,0,0,0,0,1,0,0,0,1,1,1,0,0,0,0,1,0,0,-13.0
2022,RS,21,187,0,P012203   ,0.0,1.0,TEL,17,"BRAIMOH, SULEIMAN",15:24,6,2,4,0,1,2,4,3,0,3,1,1,2,0,0,4,3,3,7.0
2022,RS,21,187,0,P009917   ,0.0,0.0,TEL,20,"HOLLINS, AUSTIN",06:28,0,0,1,0,1,0,0,1,0,1,0,0,0,0,0,2,1,-2,-6.0
2022,RS,21,187,0,P011199   ,1.0,0.0,TEL,32,"NEBO, JOSH",19:14,2,1,2,0,0,0,0,0,5,5,0,0,1,1,0,2,1,5,-17.0
2022,RS,21,187,0,P009783   ,1.0,1.0,TEL,50,"COLSON, BONZIE",32:58,13,3,6,2,5,1,4,3,8,11,3,1,1,2,0,2,3,21,-10.0
2022,RS,21,187,0,Team,0.0,0.0,TEL,,Team,,0,0,0,0,0,0,0,2,1,3,0,0,0,0,0,0,0,3,
2022,RS,21,187,0,Total,,,TEL,,Total,200:00,89,21,42,11,31,14,20,16,21,37,15,7,11,3,4,28,23,84,
2022,RS,21,188,1,P011948   ,1.0,0.0,BAS,0,"HOWARD, MARKUS",33:29,16,4,8,2,10,2,2,0,3,3,3,0,1,0,3,3,1,4,7.0
2022,RS,21,188,1,P008850   ,0.0,0.0,BAS,2,"RAIESTE, SANDER",DNP,0,0,0,0,0,0,0,0,0,0,0,0,0,0,0,0,0,0,0.0
2022,RS,21,188,1,P004761   ,0.0,1.0,BAS,9,"MARINKOVIC, VANJA",19:45,9,0,1,3,6,0,0,1,2,3,1,1,0,0,0,1,0,9,7.0
2022,RS,21,188,1,P003198   ,0.0,1.0,BAS,11,"DIEZ, DANIEL",11:43,5,1,1,1,2,0,0,0,1,1,0,1,0,0,0,1,0,5,1.0
2022,RS,21,188,1,P011078   ,1.0,1.0,BAS,13,"THOMPSON, DARIUS",37:23,19,3,6,2,5,7,8,3,3,6,16,0,2,1,0,2,5,36,-1.0
2022,RS,21,188,1,P012058   ,0.0,0.0,BAS,20,"NDIAYE, OUSMANE",DNP,0,0,0,0,0,0,0,0,0,0,0,0,0,0,0,0,0,0,0.0
2022,RS,21,188,1,P004603   ,0.0,0.0,BAS,21,"KOTSAR, MAIK",11:32,5,1,3,0,0,3,5,1,2,3,2,0,0,0,0,2,3,7,2.0
2022,RS,21,188,1,P011239   ,1.0,0.0,BAS,23,"ENOCH, STEVEN",20:47,14,5,6,1,1,1,2,0,3,3,0,0,1,0,0,0,2,16,-3.0
2022,RS,21,188,1,P010444   ,1.0,1.0,BAS,24,"COSTELLO, MATTHEW",31:52,33,6,8,5,8,6,7,3,2,5,1,1,3,1,0,3,4,33,1.0
2022,RS,21,188,1,P006436   ,1.0,1.0,BAS,31,"GIEDRAITIS, ROKAS",34:59,7,2,6,0,4,3,4,6,12,18,6,1,0,0,0,1,4,26,2.0
2022,RS,21,188,1,P011949   ,0.0,0.0,BAS,34,"HOMMES, DAULTON",19:16,3,0,1,1,3,0,0,3,1,4,2,0,1,1,0,5,2,3,1.0
2022,RS,21,188,1,P007265   ,0.0,0.0,BAS,47,"KURUCS, ARTURS",04:14,3,0,0,1,1,0,0,0,0,0,0,0,0,0,0,3,0,0,-2.0
2022,RS,21,188,1,Team,0.0,0.0,BAS,,Team,,0,0,0,0,0,0,0,1,1,2,0,0,0,0,0,0,0,2,
2022,RS,21,188,1,Total,,,BAS,,Total,225:00,114,22,40,16,40,22,28,18,30,48,31,4,8,3,3,21,21,141,
2022,RS,21,188,0,P007200   ,1.0,1.0,IST,0,"LARKIN, SHANE",34:46,21,3,4,4,9,3,4,0,3,3,6,1,1,0,1,1,5,26,-12.0
2022,RS,21,188,0,P006590   ,1.0,1.0,IST,1,"BEAUBOIS, RODRIGUE",37:44,19,2,5,5,9,0,1,0,4,4,1,2,1,2,0,3,1,17,-5.0
2022,RS,21,188,0,P006614   ,1.0,1.0,IST,2,"SINGLETON, CHRIS",14:34,3,0,0,1,1,0,0,0,1,1,3,0,0,0,0,2,0,5,-3.0
2022,RS,21,188,0,P009846   ,0.0,0.0,IST,6,"BRYANT, ELIJAH",13:33,7,2,2,1,1,0,0,0,3,3,1,0,1,0,0,2,0,8,6.0
2022,RS,21,188,0,P010516   ,0.0,0.0,IST,11,"GAZI, ERTEN",DNP,0,0,0,0,0,0,0,0,0,0,0,0,0,0,0,0,0,0,0.0
2022,RS,21,188,0,P004888   ,1.0,0.0,IST,12,"CLYBURN, WILL",40:52,16,3,8,3,8,1,2,1,4,5,2,1,0,1,1,5,4,12,0.0
2022,RS,21,188,0,P005348   ,0.0,0.0,IST,18,"ARNA, EGEHAN",DNP,0,0,0,0,0,0,0,0,0,0,0,0,0,0,0,0,0,0,0.0
2022,RS,21,188,0,PLHK      ,1.0,1.0,IST,21,"PLEISS, TIBOR",05:00,2,1,2,0,1,0,0,0,0,0,0,0,0,0,1,1,0,-2,-2.0
2022,RS,21,188,0,P002580   ,0.0,1.0,IST,22,"MICIC, VASILIJE",28:48,19,4,6,2,3,5,5,0,5,5,2,0,2,0,0,2,2,21,3.0
2022,RS,21,188,0,P007993   ,0.0,0.0,IST,24,"M'BAYE, AMATH",11:10,2,0,2,0,1,2,2,0,1,1,0,0,1,0,0,1,2,0,-4.0
2022,RS,21,188,0,P004554   ,0.0,0.0,IST,41,"ZIZIC, ANTE",10:14,11,5,6,0,0,1,1,2,0,2,0,0,0,0,0,0,1,13,4.0
2022,RS,21,188,0,P003048   ,0.0,0.0,IST,42,"DUNSTON, BRYANT",28:19,11,3,6,0,0,5,5,2,3,5,1,1,0,0,0,4,6,17,-2.0
2022,RS,21,188,0,Team,0.0,0.0,IST,,Team,,0,0,0,0,0,0,0,0,3,3,0,0,0,0,0,0,0,3,
2022,RS,21,188,0,Total,,,IST,,Total,225:00,111,23,41,16,33,17,20,5,27,32,16,5,6,3,3,21,21,120,
2022,RS,21,189,1,P010391   ,1.0,1.0,MUN,0,"WEILER-BABB, NICK",29:06,10,2,4,2,6,0,0,1,6,7,0,0,2,1,0,4,1,7,9.0
2022,RS,21,189,1,P009866   ,0.0,1.0,MUN,2,"WALDEN, COREY",21:55,5,2,3,0,1,1,2,2,1,3,3,0,1,0,0,1,2,8,-7.0
2022,RS,21,189,1,P004862   ,0.0,0.0,MUN,4,"SEELEY, DENNIS",09:20,7,1,1,0,2,5,6,1,0,1,1,0,0,0,0,2,3,7,8.0
2022,RS,21,189,1,P011940   ,1.0,0.0,MUN,5,"WINSTON, CASSIUS",20:52,15,3,8,1,3,6,6,0,2,2,4,0,0,0,0,2,4,16,7.0
2022,RS,21,189,1,P001557   ,0.0,1.0,MUN,7,"GIFFEY, NIELS",19:44,9,2,2,1,1,2,2,1,1,2,0,1,1,0,0,2,2,11,0.0
2022,RS,21,189,1,P005160   ,0.0,1.0,MUN,8,"HUNTER, OTHELLO",18:32,5,1,3,1,4,0,0,2,2,4,0,1,1,1,0,1,0,4,-4.0
2022,RS,21,189,1,P006760   ,1.0,0.0,MUN,9,"BONGA, ISAAC",12:45,6,3,5,0,1,0,0,2,0,2,1,2,1,0,0,4,1,4,7.0
2022,RS,21,189,1,P004058   ,0.0,0.0,MUN,10,"JARAMAZ, OGNJEN",14:58,6,2,3,0,2,2,2,0,0,0,0,0,1,0,1,2,1,0,6.0
2022,RS,21,189,1,P005478   ,0.0,0.0,MUN,17,"WIMBERG, NIKLAS",02:18,0,0,0,0,0,0,0,0,0,0,0,0,0,0,0,2,0,-2,-3.0
2022,RS,21,189,1,P005460   ,0.0,0.0,MUN,20,"HARRIS, ELIAS",04:34,7,3,4,0,0,1,2,0,0,0,0,0,0,0,0,0,2,7,-1.0
2022,RS,21,189,1,P006477   ,1.0,1.0,MUN,21,"RUBIT, AUGUSTINE",24:28,18,7,7,0,1,4,6,1,2,3,0,2,2,0,0,1,4,21,2.0
2022,RS,21,189,1,P011941   ,1.0,0.0,MUN,33,"GILLESPIE, FREDDIE",21:28,3,1,4,0,0,1,4,4,5,9,0,2,2,0,0,5,3,4,11.0
2022,RS,21,189,1,Team,0.0,0.0,MUN,,Team,,0,0,0,0,0,0,0,2,2,4,0,0,2,0,0,0,0,2,
2022,RS,21,189,1,Total,,,MUN,,Total,200:00,91,27,44,5,21,22,30,16,21,37,9,8,13,2,1,26,23,89,
2022,RS,21,189,0,P009549   ,1.0,0.0,VIR,0,"CORDINIER, ISAIA",23:41,14,5,6,1,5,1,1,0,2,2,0,0,2,0,0,3,4,10,-4.0
2022,RS,21,189,0,P011064   ,0.0,0.0,VIR,1,"MANNION, NICCOLO",DNP,0,0,0,0,0,0,0,0,0,0,0,0,0,0,0,0,0,0,0.0
2022,RS,21,189,0,PBCN      ,0.0,1.0,VIR,3,"BELINELLI, MARCO",11:04,10,1,1,2,3,2,2,0,0,0,0,0,0,0,0,3,1,7,-2.0
2022,RS,21,189,0,P006739   ,0.0,0.0,VIR,6,"PAJOLA, ALESSANDRO",11:34,0,0,0,0,1,0,0,0,0,0,2,2,0,0,0,2,1,2,0.0
2022,RS,21,189,0,P004655   ,0.0,0.0,VIR,7,"BAKO, ISMAEL",11:38,8,4,4,0,0,0,0,1,0,1,1,0,0,1,0,3,1,9,-8.0
2022,RS,21,189,0,P002581   ,1.0,0.0,VIR,14,"JAITEH, MAM",17:54,9,3,5,0,0,3,4,2,1,3,0,1,2,0,0,3,3,8,-4.0
2022,RS,21,189,0,P001133   ,1.0,1.0,VIR,21,"SHENGELIA, TORNIKE",27:42,8,3,4,0,1,2,2,3,1,4,3,1,1,0,0,3,5,15,-4.0
2022,RS,21,189,0,P001844   ,1.0,1.0,VIR,23,"HACKETT, DANIEL",28:28,12,2,3,1,4,5,7,1,3,4,1,1,2,0,0,1,5,14,-7.0
2022,RS,21,189,0,P008847   ,0.0,0.0,VIR,25,"MICKEY, JORDAN",15:52,2,1,2,0,1,0,0,1,4,5,0,0,1,0,0,1,0,3,-5.0
2022,RS,21,189,0,P006592   ,0.0,0.0,VIR,34,"WEEMS, KYLE",DNP,0,0,0,0,0,0,0,0,0,0,0,0,0,0,0,0,0,0,0.0
2022,RS,21,189,0,P011982   ,1.0,1.0,VIR,37,"OJELEYE, SEMI",26:26,7,1,5,1,3,2,2,1,3,4,0,0,1,0,1,2,1,2,-3.0
2022,RS,21,189,0,PJDR      ,0.0,1.0,VIR,44,"TEODOSIC, MILOS",25:41,14,1,4,3,9,3,3,0,2,2,9,0,4,0,1,2,5,14,2.0
2022,RS,21,189,0,Team,0.0,0.0,VIR,,Team,,0,0,0,0,0,0,0,1,2,3,0,0,0,0,0,0,0,3,
2022,RS,21,189,0,Total,,,VIR,,Total,200:00,84,21,34,8,27,18,21,10,18,28,16,5,13,1,2,23,26,87,
2022,RS,22,190,1,P011157   ,0.0,0.0,ULK,0,"MOTLEY, JOHNATHAN",16:30,6,1,7,1,2,1,2,3,2,5,0,1,1,1,0,2,3,5,-12.0
2022,RS,22,190,1,P003091   ,0.0,1.0,ULK,1,"BIRSEN, METECAN",01:27,0,0,0,0,0,0,0,0,0,0,0,0,0,0,0,0,0,0,3.0
2022,RS,22,190,1,P011201   ,0.0,1.0,ULK,2,"HAZER, SEHMUS",02:13,0,0,0,0,0,0,0,0,0,0,2,0,0,0,0,0,0,2,3.0
2022,RS,22,190,1,P006661   ,1.0,0.0,ULK,3,"WILBEKIN, SCOTTIE",10:58,0,0,0,0,5,0,0,0,0,0,1,0,2,0,0,3,3,-6,-18.0
2022,RS,22,190,1,P011987   ,0.0,0.0,ULK,4,"EDWARDS, CARSEN",12:24,2,1,3,0,2,0,0,1,1,2,0,0,1,0,0,3,0,-4,-6.0
2022,RS,22,190,1,P002969   ,0.0,1.0,ULK,10,"MAHMUTOGLU, MELIH",22:17,14,1,1,4,10,0,0,1,1,2,0,0,0,0,0,4,1,7,-11.0
2022,RS,22,190,1,P008962   ,1.0,0.0,ULK,11,"HAYES-DAVIS, NIGEL",32:07,2,1,3,0,2,0,0,3,0,3,2,2,0,0,0,2,1,4,-22.0
2022,RS,22,190,1,P010560   ,0.0,1.0,ULK,21,"PIERRE, DYSHAWN",17:23,5,1,2,1,2,0,0,2,1,3,1,0,4,0,0,1,1,3,-4.0
2022,RS,22,190,1,P004004   ,0.0,0.0,ULK,23,"GUDURIC, MARKO",27:49,24,4,7,5,11,1,2,3,1,4,4,1,1,0,1,3,3,21,-5.0
2022,RS,22,190,1,P007056   ,1.0,0.0,ULK,31,"BOOKER, DEVIN",21:22,10,3,3,1,2,1,1,1,2,3,1,1,0,0,0,2,1,13,-6.0
2022,RS,22,190,1,P001932   ,1.0,0.0,ULK,33,"CALATHES, NICK",19:44,0,0,2,0,0,0,2,1,3,4,4,1,3,0,1,2,2,1,-17.0
2022,RS,22,190,1,P011221   ,1.0,1.0,ULK,37,"ANTETOKOUNMPO, KOSTAS",15:46,10,3,5,0,0,4,5,2,5,7,1,0,1,0,0,2,4,16,-5.0
2022,RS,22,190,1,Team,0.0,0.0,ULK,,Team,,0,0,0,0,0,0,0,2,0,2,0,0,0,0,0,0,0,2,
2022,RS,22,190,1,Total,,,ULK,,Total,200:00,73,15,33,12,36,7,12,19,16,35,16,6,13,1,2,24,19,64,
2022,RS,22,190,0,P008855   ,1.0,0.0,OLY,0,"WALKUP, THOMAS",28:34,12,3,4,2,5,0,0,3,2,5,7,0,1,0,0,2,3,20,10.0
2022,RS,22,190,0,P010612   ,1.0,0.0,OLY,3,"CANAAN, ISAIAH",21:12,20,1,3,6,9,0,0,2,3,5,1,0,0,0,0,1,1,21,14.0
2022,RS,22,190,0,P006302   ,0.0,1.0,OLY,4,"LOUNTZIS, MICHALIS",14:36,1,0,0,0,0,1,2,0,2,2,2,3,2,0,0,0,3,8,9.0
2022,RS,22,190,0,P010392   ,0.0,0.0,OLY,5,"LARENTZAKIS, GIANNOULIS",08:17,11,2,4,2,3,1,1,0,1,1,1,0,2,0,0,4,3,7,9.0
2022,RS,22,190,0,P012023   ,0.0,0.0,OLY,9,"PAPAS, GEORGE",DNP,0,0,0,0,0,0,0,0,0,0,0,0,0,0,0,0,0,0,0.0
2022,RS,22,190,0,P008811   ,1.0,1.0,OLY,10,"FALL, MOUSTAPHA",21:01,0,0,0,0,0,0,0,3,1,4,4,1,3,2,0,4,0,4,18.0
2022,RS,22,190,0,P003469   ,1.0,1.0,OLY,14,"VEZENKOV, SASHA",35:19,12,4,10,1,4,1,2,3,9,12,2,1,2,0,0,2,3,16,15.0
2022,RS,22,190,0,P001255   ,1.0,1.0,OLY,16,"PAPANIKOLAOU, KOSTAS",33:14,21,1,2,3,3,10,11,1,2,3,2,0,4,0,0,2,4,22,17.0
2022,RS,22,190,0,P009035   ,0.0,0.0,OLY,21,"BOLOMBOY, JOEL",17:46,4,2,3,0,0,0,2,1,3,4,0,0,0,0,0,2,4,7,7.0
2022,RS,22,190,0,P008991   ,0.0,0.0,OLY,28,"BLACK, TARIK",01:13,0,0,0,0,0,0,0,0,0,0,0,0,0,0,0,0,0,0,-5.0
2022,RS,22,190,0,P007853   ,0.0,1.0,OLY,77,"MCKISSIC, SHAQUIELLE",18:48,12,1,3,3,5,1,2,0,0,0,2,0,0,0,1,2,1,7,6.0
2022,RS,22,190,0,Team,0.0,0.0,OLY,,Team,,0,0,0,0,0,0,0,1,3,4,0,0,0,0,0,0,0,4,
2022,RS,22,190,0,Total,,,OLY,,Total,200:00,93,14,29,17,29,14,20,14,26,40,21,5,14,2,1,19,22,116,
2022,RS,22,191,1,P011244   ,0.0,0.0,BAR,1,"DA SILVA, OSCAR",00:02,0,0,0,0,0,0,0,0,0,0,0,0,0,0,0,0,0,0,0.0
2022,RS,22,191,1,P002968   ,0.0,0.0,BAR,5,"SANLI, SERTAC",15:10,3,1,3,0,1,1,2,3,1,4,1,0,0,0,0,3,1,2,3.0
2022,RS,22,191,1,P000925   ,1.0,1.0,BAR,6,"VESELY, JAN",23:09,10,4,6,0,0,2,2,1,0,1,0,1,1,0,0,2,2,9,3.0
2022,RS,22,191,1,P004866   ,1.0,0.0,BAR,10,"KALINIC, NIKOLA",17:44,3,0,0,1,1,0,0,0,2,2,2,1,1,0,0,0,0,7,-6.0
2022,RS,22,191,1,P002939   ,1.0,1.0,BAR,13,"SATORANSKY, TOMAS",28:50,9,1,4,1,2,4,5,1,2,3,5,0,3,0,0,2,4,11,-2.0
2022,RS,22,191,1,P006435   ,1.0,1.0,BAR,20,"LAPROVITTOLA, NICOLAS",17:29,5,1,1,1,4,0,0,0,4,4,4,1,1,0,0,3,1,8,8.0
2022,RS,22,191,1,P003478   ,0.0,0.0,BAR,21,"ABRINES, ALEX",17:18,8,1,1,2,4,0,0,0,2,2,1,1,0,1,0,2,1,10,0.0
2022,RS,22,191,1,P006450   ,0.0,1.0,BAR,22,"HIGGINS, CORY",21:37,15,4,7,1,2,4,4,0,2,2,4,0,0,1,0,3,5,20,13.0
2022,RS,22,191,1,P008966   ,0.0,0.0,BAR,23,"TOBEY, MIKE",14:20,5,1,1,1,2,0,0,2,1,3,0,0,1,0,0,0,1,7,1.0
2022,RS,22,191,1,P005789   ,0.0,0.0,BAR,24,"KURIC, KYLE",02:56,0,0,0,0,0,0,0,0,0,0,0,0,0,0,0,0,0,0,-7.0
2022,RS,22,191,1,P007519   ,0.0,1.0,BAR,31,"JOKUBAITIS, ROKAS",15:09,14,2,4,2,3,4,5,0,1,1,1,0,1,0,1,2,4,12,8.0
2022,RS,22,191,1,P000796   ,1.0,0.0,BAR,33,"MIROTIC, NIKOLA",26:16,11,1,5,2,6,3,3,3,6,9,2,1,4,1,1,2,3,12,4.0
2022,RS,22,191,1,Team,0.0,0.0,BAR,,Team,,0,0,0,0,0,0,0,3,3,6,0,0,0,0,0,0,0,6,
2022,RS,22,191,1,Total,,,BAR,,Total,200:00,83,16,32,11,25,18,21,13,24,37,20,5,12,3,2,19,22,104,
2022,RS,22,191,0,P012056   ,1.0,1.0,TEL,3,"ADAMS, JALEN",26:50,20,6,11,2,4,2,3,2,2,4,4,0,0,0,0,3,3,20,-10.0
2022,RS,22,191,0,P009863   ,1.0,0.0,TEL,5,"BALDWIN IV, WADE",33:41,15,3,9,2,6,3,4,1,1,2,6,2,4,1,1,4,7,13,-1.0
2022,RS,22,191,0,P011967   ,1.0,1.0,TEL,6,"MARTIN, JARELL",31:31,11,2,2,2,6,1,2,0,6,6,1,1,1,0,1,4,3,11,-2.0
2022,RS,22,191,0,P004233   ,0.0,0.0,TEL,8,"MENCO, RAFI",DNP,0,0,0,0,0,0,0,0,0,0,0,0,0,0,0,0,0,0,0.0
2022,RS,22,191,0,P011219   ,0.0,0.0,TEL,9,"SORKIN, ROMAN",23:29,7,3,5,0,1,1,2,2,2,4,0,0,0,1,1,1,1,7,-7.0
2022,RS,22,191,0,P007990   ,0.0,1.0,TEL,12,"DIBARTOLOMEO, JOHN",15:48,2,1,3,0,0,0,0,1,2,3,1,0,0,0,0,2,2,4,-2.0
2022,RS,22,191,0,P008989   ,0.0,1.0,TEL,13,"HILLIARD, DARRUN",16:42,11,0,1,3,6,2,2,0,1,1,1,0,0,0,0,1,1,9,3.0
2022,RS,22,191,0,P005145   ,0.0,0.0,TEL,15,"COHEN, JAKE",DNP,0,0,0,0,0,0,0,0,0,0,0,0,0,0,0,0,0,0,0.0
2022,RS,22,191,0,P012203   ,0.0,1.0,TEL,17,"BRAIMOH, SULEIMAN",12:20,4,2,2,0,1,0,0,0,1,1,0,0,0,0,0,2,0,2,4.0
2022,RS,22,191,0,P011199   ,1.0,0.0,TEL,32,"NEBO, JOSH",14:45,1,0,0,0,0,1,2,1,2,3,0,0,2,0,0,2,1,0,0.0
2022,RS,22,191,0,P011220   ,0.0,0.0,TEL,33,"ZIV, IFTAH",DNP,0,0,0,0,0,0,0,0,0,0,0,0,0,0,0,0,0,0,0.0
2022,RS,22,191,0,P009783   ,1.0,0.0,TEL,50,"COLSON, BONZIE",24:54,7,2,3,1,4,0,0,0,1,1,0,3,0,0,0,3,0,4,-10.0
2022,RS,22,191,0,Team,0.0,0.0,TEL,,Team,,0,0,0,0,0,0,0,3,2,5,0,0,1,0,0,0,0,4,
2022,RS,22,191,0,Total,,,TEL,,Total,200:00,78,19,36,10,28,10,15,10,20,30,13,6,8,2,3,22,18,74,
2022,RS,22,192,1,P007870   ,0.0,0.0,MIL,0,"DAVIES, BRANDON",14:46,9,3,8,0,1,3,3,1,3,4,0,1,1,0,1,2,7,11,2.0
2022,RS,22,192,1,P005094   ,0.0,0.0,MIL,1,"THOMAS, DESHAUN",DNP,0,0,0,0,0,0,0,0,0,0,0,0,0,0,0,0,0,0,0.0
2022,RS,22,192,1,P012080   ,1.0,1.0,MIL,2,"LUWAWU-CABARROT, TIMOTHE",32:32,17,3,6,3,4,2,2,3,1,4,0,0,3,0,1,3,1,11,-1.0
2022,RS,22,192,1,P011965   ,0.0,0.0,MIL,3,"MITROU-LONG, NAZ",DNP,0,0,0,0,0,0,0,0,0,0,0,0,0,0,0,0,0,0,0.0
2022,RS,22,192,1,P006509   ,0.0,0.0,MIL,7,"TONUT, STEFANO",18:36,6,3,4,0,2,0,0,1,2,3,1,1,1,0,0,0,0,7,5.0
2022,RS,22,192,1,P005775   ,1.0,1.0,MIL,12,"BARON, BILLY",25:20,11,3,3,1,6,2,2,1,3,4,5,0,0,0,0,0,4,19,3.0
2022,RS,22,192,1,P011224   ,0.0,1.0,MIL,13,"NAPIER, SHABAZZ",18:55,10,3,4,0,1,4,4,0,2,2,3,1,3,0,1,3,4,11,4.0
2022,RS,22,192,1,P001518   ,0.0,0.0,MIL,17,"RICCI, GIAMPAOLO",14:51,4,2,3,0,1,0,0,2,2,4,0,1,1,0,0,4,0,2,6.0
2022,RS,22,192,1,P009903   ,0.0,0.0,MIL,19,"BILIGHA, PAUL",DNP,0,0,0,0,0,0,0,0,0,0,0,0,0,0,0,0,0,0,0.0
2022,RS,22,192,1,P011205   ,1.0,1.0,MIL,22,"HALL, DEVON",26:10,6,2,6,0,0,2,2,0,1,1,3,0,1,0,2,1,3,5,6.0
2022,RS,22,192,1,P002812   ,1.0,1.0,MIL,42,"HINES, KYLE",25:14,10,4,7,0,0,2,2,1,5,6,3,0,2,0,1,3,1,11,4.0
2022,RS,22,192,1,P007201   ,1.0,0.0,MIL,77,"VOIGTMANN, JOHANNES",23:36,16,2,3,4,6,0,0,1,7,8,1,0,1,0,0,2,1,20,1.0
2022,RS,22,192,1,Team,0.0,0.0,MIL,,Team,,0,0,0,0,0,0,0,2,1,3,0,0,0,0,0,0,0,3,
2022,RS,22,192,1,Total,,,MIL,,Total,200:00,89,25,44,8,21,15,15,12,27,39,16,4,13,0,6,18,21,100,
2022,RS,22,192,0,P011948   ,1.0,1.0,BAS,0,"HOWARD, MARKUS",20:55,18,5,7,2,10,2,2,0,0,0,0,1,0,0,0,4,3,8,3.0
2022,RS,22,192,0,P012259   ,0.0,0.0,BAS,1,"HEIDEGGER, MAX",08:55,0,0,1,0,1,0,0,0,0,0,2,1,0,0,0,3,1,-1,-4.0
2022,RS,22,192,0,P007230   ,0.0,0.0,BAS,8,"SEDEKERSKIS, TADAS",11:03,0,0,1,0,0,0,0,0,0,0,1,1,0,0,0,2,0,-1,-6.0
2022,RS,22,192,0,P004761   ,0.0,0.0,BAS,9,"MARINKOVIC, VANJA",21:27,7,2,2,1,5,0,0,1,2,3,2,0,0,0,0,1,1,8,-15.0
2022,RS,22,192,0,P003198   ,0.0,0.0,BAS,11,"DIEZ, DANIEL",DNP,0,0,0,0,0,0,0,0,0,0,0,0,0,0,0,0,0,0,0.0
2022,RS,22,192,0,P011078   ,1.0,1.0,BAS,13,"THOMPSON, DARIUS",28:49,19,5,7,1,4,6,7,1,3,4,2,1,2,1,0,2,6,23,2.0
2022,RS,22,192,0,P004603   ,1.0,0.0,BAS,21,"KOTSAR, MAIK",13:17,0,0,3,0,0,0,0,1,1,2,2,1,0,0,0,1,0,1,-1.0
2022,RS,22,192,0,P011239   ,0.0,0.0,BAS,23,"ENOCH, STEVEN",17:16,7,3,4,0,1,1,1,1,1,2,2,0,1,3,0,2,1,10,-1.0
2022,RS,22,192,0,P010444   ,0.0,1.0,BAS,24,"COSTELLO, MATTHEW",24:51,12,5,5,0,2,2,2,0,2,2,2,0,2,2,0,1,2,15,-11.0
2022,RS,22,192,0,P006436   ,1.0,1.0,BAS,31,"GIEDRAITIS, ROKAS",34:34,18,3,4,4,6,0,0,1,5,6,2,1,1,0,0,2,3,24,3.0
2022,RS,22,192,0,P011949   ,1.0,1.0,BAS,34,"HOMMES, DAULTON",18:44,2,1,2,0,3,0,0,3,3,6,4,0,1,0,0,2,1,6,0.0
2022,RS,22,192,0,P007265   ,0.0,0.0,BAS,47,"KURUCS, ARTURS",00:09,0,0,0,0,0,0,0,0,0,0,0,0,0,0,0,1,0,-1,0.0
2022,RS,22,192,0,Team,0.0,0.0,BAS,,Team,,0,0,0,0,0,0,0,0,1,1,0,0,1,0,0,0,0,0,
2022,RS,22,192,0,Total,,,BAS,,Total,200:00,83,24,36,8,32,11,12,8,18,26,19,6,8,6,0,21,18,92,
2022,RS,22,193,1,P009212   ,0.0,0.0,PAR,1,"VUKCEVIC, TRISTAN",DNP,0,0,0,0,0,0,0,0,0,0,0,0,0,0,0,0,0,0,0.0
2022,RS,22,193,1,P008987   ,1.0,0.0,PAR,2,"LEDAY, ZACH",32:10,9,3,3,0,1,3,4,1,6,7,1,3,0,0,0,1,4,21,20.0
2022,RS,22,193,1,P003983   ,1.0,0.0,PAR,4,"AVRAMOVIC, ALEKSA",12:18,6,3,4,0,1,0,0,0,1,1,0,1,2,0,0,1,1,4,12.0
2022,RS,22,193,1,P009862   ,1.0,0.0,PAR,7,"PUNTER, KEVIN",21:02,22,5,10,3,5,3,3,2,2,4,2,1,0,0,0,2,4,24,22.0
2022,RS,22,193,1,P011051   ,0.0,1.0,PAR,9,"SMAILAGIC, ALEN",15:12,3,1,2,0,2,1,2,1,2,3,1,1,2,2,0,2,1,3,5.0
2022,RS,22,193,1,P005161   ,0.0,1.0,PAR,10,"PAPAPETROU, IOANNIS",18:45,3,0,1,1,3,0,0,1,0,1,2,0,0,0,0,0,1,4,13.0
2022,RS,22,193,1,P011302   ,0.0,0.0,PAR,11,"EXUM, DANTE",20:58,13,5,6,0,0,3,4,0,2,2,1,1,0,0,0,1,6,20,11.0
2022,RS,22,193,1,P007400   ,0.0,0.0,PAR,21,"NUNNALLY, JAMES",21:42,10,2,4,2,4,0,0,0,1,1,0,1,0,0,0,2,0,6,12.0
2022,RS,22,193,1,P003842   ,1.0,0.0,PAR,26,"LESSORT, MATHIAS",24:48,12,3,6,0,0,6,6,3,1,4,2,2,1,1,0,1,5,21,16.0
2022,RS,22,193,1,P007673   ,1.0,1.0,PAR,32,"TRIFUNOVIC, UROS",14:08,7,2,3,1,1,0,0,0,1,1,1,1,0,0,0,2,0,7,2.0
2022,RS,22,193,1,P000956   ,0.0,1.0,PAR,33,"ANDJUSIC, DANILO",12:13,4,1,2,0,2,2,2,0,1,1,1,0,1,0,0,0,1,3,-6.0
2022,RS,22,193,1,P011052   ,0.0,1.0,PAR,41,"MADAR, YAM",06:44,3,0,0,1,2,0,0,1,0,1,1,0,0,0,0,4,0,0,-2.0
2022,RS,22,193,1,Team,0.0,0.0,PAR,,Team,,0,0,0,0,0,0,0,1,0,1,0,0,1,0,0,0,0,0,
2022,RS,22,193,1,Total,,,PAR,,Total,200:00,92,25,41,8,21,18,21,10,17,27,12,11,7,3,0,16,23,113,
2022,RS,22,193,0,P011936   ,0.0,1.0,ASV,0,"MATHEWS, JONAH",24:18,8,4,5,0,2,0,0,0,1,1,3,0,2,0,0,1,0,6,-10.0
2022,RS,22,193,0,P006068   ,0.0,1.0,ASV,2,"NOUA, AMINE",15:24,4,2,3,0,0,0,0,0,0,0,0,0,0,0,0,1,2,4,-11.0
2022,RS,22,193,0,P004264   ,1.0,1.0,ASV,3,"BOST, DEE",28:11,11,1,2,1,4,6,7,0,1,1,5,0,3,0,0,3,4,10,-17.0
2022,RS,22,193,0,PKIR      ,0.0,0.0,ASV,5,"KAHUDI, CHARLES",06:44,0,0,0,0,0,0,0,1,1,2,0,0,0,0,0,0,0,2,-4.0
2022,RS,22,193,0,PTFK      ,0.0,0.0,ASV,8,"DIOT, ANTOINE",13:32,5,1,2,1,2,0,0,0,1,1,1,2,1,0,0,1,0,5,-6.0
2022,RS,22,193,0,P004119   ,1.0,0.0,ASV,9,"TYUS, ALEX",11:31,4,2,3,0,0,0,0,1,2,3,0,0,1,0,0,5,0,0,-8.0
2022,RS,22,193,0,P010718   ,1.0,1.0,ASV,10,"RISACHER, ZACCHARIE",19:10,1,0,1,0,2,1,2,0,2,2,1,1,1,0,0,4,1,-3,-2.0
2022,RS,22,193,0,P002100   ,1.0,0.0,ASV,12,"DE COLO, NANDO",17:10,7,2,4,1,2,0,0,0,4,4,3,0,4,0,1,0,3,9,-13.0
2022,RS,22,193,0,P006568   ,0.0,0.0,ASV,19,"FALL, YOUSSOUPHA",23:43,14,7,12,0,0,0,0,4,2,6,0,0,0,0,1,2,2,14,-13.0
2022,RS,22,193,0,P011938   ,0.0,0.0,ASV,32,"OBASOHAN, RETIN",17:39,3,1,3,0,1,1,1,0,0,0,1,0,2,0,0,2,2,-1,-15.0
2022,RS,22,193,0,P006832   ,1.0,1.0,ASV,35,"PONS, YVES",22:38,14,4,6,1,2,3,4,2,4,6,1,0,0,0,1,4,2,14,-6.0
2022,RS,22,193,0,Team,0.0,0.0,ASV,,Team,,0,0,0,0,0,0,0,3,2,5,0,0,3,0,0,0,0,2,
2022,RS,22,193,0,Total,,,ASV,,Total,200:00,71,24,41,4,15,11,14,11,20,31,15,3,17,0,3,23,16,62,
2022,RS,22,194,1,P011970   ,0.0,0.0,PAM,0,"HARPER, JARED",04:27,4,0,2,1,1,1,2,0,0,0,1,0,0,0,0,1,1,2,5.0
2022,RS,22,194,1,P000556   ,1.0,0.0,PAM,1,"CLAVER, VICTOR",17:27,0,0,0,0,2,0,0,0,5,5,0,0,0,0,0,2,0,1,3.0
2022,RS,22,194,1,P006643   ,1.0,1.0,PAM,2,"PUERTO, JOSEP",22:21,7,1,1,0,2,5,5,1,1,2,2,1,0,0,0,0,3,13,-3.0
2022,RS,22,194,1,P002661   ,0.0,1.0,PAM,3,"PREPELIC, KLEMEN",15:43,10,1,1,1,2,5,6,0,1,1,2,0,2,0,0,2,5,12,14.0
2022,RS,22,194,1,P010393   ,0.0,0.0,PAM,4,"PRADILLA, JAIME",18:44,6,3,4,0,0,0,0,1,1,2,2,0,0,1,1,2,0,7,0.0
2022,RS,22,194,1,P011971   ,0.0,1.0,PAM,5,"WEBB III, JAMES",22:33,2,1,2,0,6,0,0,0,2,2,0,1,1,2,1,3,0,-5,6.0
2022,RS,22,194,1,P005356   ,0.0,0.0,PAM,6,"LOPEZ-AROSTEGUI, XABI",17:39,10,1,3,2,3,2,2,1,3,4,2,1,0,0,0,0,2,16,12.0
2022,RS,22,194,1,P010568   ,1.0,1.0,PAM,7,"JONES, CHRIS",23:43,11,4,8,1,2,0,0,0,0,0,3,0,4,0,0,2,3,6,-1.0
2022,RS,22,194,1,P009101   ,0.0,0.0,PAM,8,"FERRANDO, GUILLEM",DNP,0,0,0,0,0,0,0,0,0,0,0,0,0,0,0,0,0,0,0.0
2022,RS,22,194,1,P011972   ,1.0,1.0,PAM,12,"RADEBAUGH, JONAH",20:58,14,3,5,2,2,2,2,1,4,5,2,0,1,1,0,1,2,20,-7.0
2022,RS,22,194,1,P010677   ,0.0,0.0,PAM,13,"EVANS, SHANNON",16:17,9,0,1,3,4,0,0,0,1,1,4,1,1,0,0,3,1,10,10.0
2022,RS,22,194,1,P011973   ,1.0,0.0,PAM,21,"ALEXANDER, KYLE",20:08,9,4,7,0,2,1,1,0,3,3,1,0,1,0,1,4,1,3,6.0
2022,RS,22,194,1,Team,0.0,0.0,PAM,,Team,,0,0,0,0,0,0,0,5,4,9,0,0,0,0,0,0,0,9,
2022,RS,22,194,1,Total,,,PAM,,Total,200:00,82,18,34,10,26,16,18,9,25,34,19,4,10,4,3,20,18,94,
2022,RS,22,194,0,P010391   ,1.0,0.0,MUN,0,"WEILER-BABB, NICK",26:08,4,1,1,0,3,2,2,0,2,2,4,0,0,0,0,1,3,9,-15.0
2022,RS,22,194,0,P009866   ,0.0,0.0,MUN,2,"WALDEN, COREY",11:04,4,1,1,0,2,2,2,0,1,1,0,1,3,0,0,2,3,2,-13.0
2022,RS,22,194,0,P004862   ,0.0,0.0,MUN,4,"SEELEY, DENNIS",15:08,6,1,3,1,2,1,1,1,0,1,0,0,0,0,0,1,3,6,-17.0
2022,RS,22,194,0,P011940   ,1.0,1.0,MUN,5,"WINSTON, CASSIUS",24:16,22,6,10,3,4,1,1,0,5,5,5,2,3,0,1,1,2,26,5.0
2022,RS,22,194,0,P001557   ,0.0,1.0,MUN,7,"GIFFEY, NIELS",22:03,14,3,3,2,5,2,2,0,3,3,1,2,2,0,0,3,1,13,4.0
2022,RS,22,194,0,P005160   ,0.0,0.0,MUN,8,"HUNTER, OTHELLO",08:44,5,1,1,1,1,0,0,0,1,1,1,0,0,0,0,0,0,7,-6.0
2022,RS,22,194,0,P006760   ,1.0,1.0,MUN,9,"BONGA, ISAAC",18:38,5,0,3,1,1,2,2,1,2,3,1,1,0,0,1,4,3,5,10.0
2022,RS,22,194,0,P004058   ,0.0,1.0,MUN,10,"JARAMAZ, OGNJEN",15:02,4,1,2,0,3,2,2,0,3,3,1,0,0,0,0,3,1,2,0.0
2022,RS,22,194,0,P005056   ,0.0,0.0,MUN,16,"ZIPSER, PAUL",DNP,0,0,0,0,0,0,0,0,0,0,0,0,0,0,0,0,0,0,0.0
2022,RS,22,194,0,P005478   ,0.0,1.0,MUN,17,"WIMBERG, NIKLAS",09:00,0,0,0,0,0,0,0,0,1,1,0,0,0,0,0,0,0,1,3.0
2022,RS,22,194,0,P006477   ,1.0,0.0,MUN,21,"RUBIT, AUGUSTINE",22:13,3,1,6,0,0,1,2,1,3,4,1,2,1,0,1,0,4,6,-19.0
2022,RS,22,194,0,P011941   ,1.0,0.0,MUN,33,"GILLESPIE, FREDDIE",27:44,6,3,7,0,0,0,0,3,3,6,0,1,0,3,1,4,0,7,3.0
2022,RS,22,194,0,Team,0.0,0.0,MUN,,Team,,0,0,0,0,0,0,0,0,0,0,0,0,0,0,0,0,0,0,
2022,RS,22,194,0,Total,,,MUN,,Total,200:00,73,18,37,8,21,13,14,6,24,30,14,9,9,3,4,19,20,84,
2022,RS,22,195,1,P009549   ,0.0,1.0,VIR,0,"CORDINIER, ISAIA",18:52,11,3,4,1,2,2,2,1,2,3,2,2,1,0,0,2,1,14,4.0
2022,RS,22,195,1,PBCN      ,0.0,0.0,VIR,3,"BELINELLI, MARCO",15:21,9,1,3,1,7,4,4,0,1,1,1,0,0,0,0,1,3,5,1.0
2022,RS,22,195,1,P006739   ,0.0,0.0,VIR,6,"PAJOLA, ALESSANDRO",21:45,6,1,1,1,2,1,1,0,0,0,5,2,4,0,0,4,3,7,2.0
2022,RS,22,195,1,P004655   ,0.0,0.0,VIR,7,"BAKO, ISMAEL",14:48,9,3,4,0,0,3,3,1,0,1,0,0,0,1,0,4,2,8,14.0
2022,RS,22,195,1,P002581   ,1.0,0.0,VIR,14,"JAITEH, MAM",22:34,11,4,6,0,0,3,7,3,5,8,0,0,1,0,0,1,7,18,-1.0
2022,RS,22,195,1,P001133   ,1.0,1.0,VIR,21,"SHENGELIA, TORNIKE",26:12,15,5,8,0,1,5,6,1,3,4,4,0,3,0,0,0,4,19,8.0
2022,RS,22,195,1,P001844   ,1.0,1.0,VIR,23,"HACKETT, DANIEL",19:01,4,2,4,0,1,0,0,2,1,3,3,0,0,0,0,2,1,6,6.0
2022,RS,22,195,1,P008847   ,0.0,1.0,VIR,25,"MICKEY, JORDAN",16:20,0,0,4,0,0,0,0,3,5,8,2,2,0,1,0,2,0,7,3.0
2022,RS,22,195,1,P008108   ,0.0,0.0,VIR,29,"CAMARA, GORA",DNP,0,0,0,0,0,0,0,0,0,0,0,0,0,0,0,0,0,0,0.0
2022,RS,22,195,1,P006592   ,1.0,0.0,VIR,34,"WEEMS, KYLE",21:22,13,2,3,3,6,0,0,1,3,4,2,0,0,0,0,2,2,15,10.0
2022,RS,22,195,1,PJDR      ,1.0,1.0,VIR,44,"TEODOSIC, MILOS",23:45,6,0,0,2,5,0,0,0,2,2,9,1,2,0,0,1,1,13,13.0
2022,RS,22,195,1,P003527   ,0.0,0.0,VIR,55,"ABASS, AWUDU",DNP,0,0,0,0,0,0,0,0,0,0,0,0,0,0,0,0,0,0,0.0
2022,RS,22,195,1,Team,0.0,0.0,VIR,,Team,,0,0,0,0,0,0,0,1,0,1,0,0,0,0,0,0,0,1,
2022,RS,22,195,1,Total,,,VIR,,Total,200:00,84,21,37,8,24,18,23,13,22,35,28,7,11,2,0,19,24,113,
2022,RS,22,195,0,P004267   ,0.0,0.0,RED,0,"HOLLAND, JOHN",02:58,0,0,0,0,1,0,0,0,0,0,0,0,1,0,0,0,1,-1,-8.0
2022,RS,22,195,0,P007947   ,1.0,0.0,RED,1,"VILDOZA, LUCA",27:10,20,3,4,1,3,11,12,0,0,0,3,1,3,0,0,4,7,20,-2.0
2022,RS,22,195,0,P004720   ,1.0,1.0,RED,2,"LAZAREVIC, STEFAN",19:39,9,3,6,0,1,3,3,3,1,4,0,0,0,0,1,3,3,8,0.0
2022,RS,22,195,0,P002553   ,1.0,0.0,RED,9,"MITROVIC, LUKA",13:24,2,1,2,0,0,0,0,2,2,4,0,0,0,0,0,4,0,1,-9.0
2022,RS,22,195,0,PLUO      ,0.0,0.0,RED,10,"LAZIC, BRANKO",17:47,9,0,0,3,3,0,0,0,0,0,1,0,0,0,0,3,0,7,-5.0
2022,RS,22,195,0,P004007   ,0.0,1.0,RED,13,"DOBRIC, OGNJEN",19:34,6,0,4,2,2,0,0,0,1,1,2,3,3,0,0,2,1,4,0.0
2022,RS,22,195,0,P003332   ,0.0,1.0,RED,20,"IVANOVIC, NIKOLA",12:31,2,1,2,0,3,0,0,1,1,2,1,0,1,0,0,1,1,0,-10.0
2022,RS,22,195,0,P011964   ,0.0,0.0,RED,22,"ILIC, DALIBOR",17:58,10,3,3,0,0,4,4,4,3,7,1,0,0,0,0,1,2,19,-7.0
2022,RS,22,195,0,P000848   ,1.0,0.0,RED,26,"NEDOVIC, NEMANJA",17:22,4,2,6,0,3,0,0,1,2,3,1,2,3,0,0,1,1,0,-4.0
2022,RS,22,195,0,PLME      ,0.0,0.0,RED,27,"MARKOVIC, STEFAN",08:07,0,0,0,0,2,0,0,0,1,1,1,0,0,0,0,2,0,-2,-7.0
2022,RS,22,195,0,P011194   ,1.0,1.0,RED,33,"PETRUSEV, FILIP",19:09,8,4,9,0,2,0,3,2,3,5,2,0,1,0,1,1,2,4,-8.0
2022,RS,22,195,0,P009818   ,0.0,1.0,RED,50,"BENTIL, BENJAMIN",24:21,2,1,2,0,2,0,0,1,5,6,3,1,0,0,0,2,1,8,0.0
2022,RS,22,195,0,Team,0.0,0.0,RED,,Team,,0,0,0,0,0,0,0,2,1,3,0,0,2,0,0,0,0,1,
2022,RS,22,195,0,Total,,,RED,,Total,200:00,72,18,38,6,22,18,22,16,20,36,15,7,14,0,2,24,19,69,
2022,RS,22,196,1,P007200   ,0.0,1.0,IST,0,"LARKIN, SHANE",28:29,10,2,3,1,3,3,4,0,3,3,4,2,2,0,0,1,5,17,12.0
2022,RS,22,196,1,P006590   ,1.0,1.0,IST,1,"BEAUBOIS, RODRIGUE",18:21,9,3,5,1,1,0,0,0,2,2,2,1,0,0,0,1,1,12,-1.0
2022,RS,22,196,1,P006614   ,0.0,0.0,IST,2,"SINGLETON, CHRIS",DNP,0,0,0,0,0,0,0,0,0,0,0,0,0,0,0,0,0,0,0.0
2022,RS,22,196,1,P009846   ,1.0,1.0,IST,6,"BRYANT, ELIJAH",28:34,6,3,4,0,2,0,0,0,6,6,0,1,4,1,1,2,2,6,10.0
2022,RS,22,196,1,P010516   ,0.0,0.0,IST,11,"GAZI, ERTEN",DNP,0,0,0,0,0,0,0,0,0,0,0,0,0,0,0,0,0,0,0.0
2022,RS,22,196,1,P004888   ,0.0,1.0,IST,12,"CLYBURN, WILL",30:51,19,5,9,2,4,3,3,0,7,7,3,1,1,0,0,1,5,27,13.0
2022,RS,22,196,1,P002925   ,0.0,0.0,IST,19,"TUNCER, BUGRAHAN",DNP,0,0,0,0,0,0,0,0,0,0,0,0,0,0,0,0,0,0,0.0
2022,RS,22,196,1,PLHK      ,0.0,0.0,IST,21,"PLEISS, TIBOR",01:38,0,0,0,0,0,0,0,0,0,0,0,0,1,0,0,1,0,-2,2.0
2022,RS,22,196,1,P002580   ,1.0,1.0,IST,22,"MICIC, VASILIJE",31:09,11,0,2,3,4,2,2,1,0,1,5,0,4,0,1,3,2,8,8.0
2022,RS,22,196,1,P007993   ,1.0,0.0,IST,24,"M'BAYE, AMATH",22:53,4,1,3,0,2,2,2,0,2,2,1,1,0,1,1,0,1,5,-2.0
2022,RS,22,196,1,P004554   ,0.0,0.0,IST,41,"ZIZIC, ANTE",13:24,9,4,4,0,0,1,1,2,0,2,3,1,0,0,0,1,1,15,7.0
2022,RS,22,196,1,P003048   ,1.0,0.0,IST,42,"DUNSTON, BRYANT",24:41,12,6,8,0,0,0,0,3,2,5,0,0,2,3,0,4,2,14,1.0
2022,RS,22,196,1,Team,0.0,0.0,IST,,Team,,0,0,0,0,0,0,0,0,1,1,0,0,0,0,0,0,0,1,
2022,RS,22,196,1,Total,,,IST,,Total,200:00,80,24,38,7,16,11,12,6,23,29,18,7,14,5,3,14,19,103,
2022,RS,22,196,0,P007513   ,0.0,0.0,ZAL,3,"GIEDRAITIS, DOVYDAS",02:09,0,0,0,0,0,0,0,0,0,0,0,0,1,0,0,1,0,-2,1.0
2022,RS,22,196,0,P003210   ,0.0,1.0,ZAL,4,"LEKAVICIUS, LUKAS",20:40,8,1,1,2,3,0,0,0,2,2,1,0,3,0,0,1,0,6,-6.0
2022,RS,22,196,0,P010390   ,1.0,0.0,ZAL,8,"HAYES, KEVARRIUS",19:26,6,3,7,0,0,0,0,5,1,6,1,2,2,2,1,4,0,6,0.0
2022,RS,22,196,0,P007109   ,1.0,0.0,ZAL,10,"SMITS, ROLANDS",24:27,5,1,1,1,5,0,0,0,3,3,3,0,1,0,0,5,0,1,2.0
2022,RS,22,196,0,P010185   ,0.0,0.0,ZAL,14,"KRIVAS, MOTIEJUS",DNP,0,0,0,0,0,0,0,0,0,0,0,0,0,0,0,0,0,0,0.0
2022,RS,22,196,0,P005504   ,0.0,0.0,ZAL,15,"BIRUTIS, LAURYNAS",11:26,0,0,5,0,0,0,2,2,2,4,0,0,1,0,1,0,1,-4,-5.0
2022,RS,22,196,0,P006158   ,0.0,0.0,ZAL,16,"LUKOSIUNAS, KAROLIS",03:41,0,0,0,0,1,0,0,0,0,0,0,0,0,0,0,1,0,-2,-3.0
2022,RS,22,196,0,P011983   ,1.0,1.0,ZAL,17,"BRAZDEIKIS, IGNAS",29:54,25,6,10,4,5,1,2,2,1,3,3,0,1,0,1,3,3,23,1.0
2022,RS,22,196,0,P002084   ,0.0,0.0,ZAL,25,"POLONARA, ACHILLE",11:29,2,0,0,0,1,2,2,0,2,2,0,1,0,0,0,0,2,6,-8.0
2022,RS,22,196,0,P003211   ,1.0,1.0,ZAL,33,"DIMSA, TOMAS",20:47,7,2,4,1,4,0,1,0,2,2,2,1,3,1,0,3,3,4,-5.0
2022,RS,22,196,0,P002676   ,0.0,1.0,ZAL,51,"BUTKEVICIUS, ARNAS",23:23,2,0,3,0,2,2,2,1,2,3,1,2,1,0,2,1,2,1,-18.0
2022,RS,22,196,0,P002329   ,1.0,1.0,ZAL,92,"ULANOVAS, EDGARAS",32:38,15,6,10,0,0,3,3,2,1,3,2,2,1,0,0,0,3,20,-9.0
2022,RS,22,196,0,Team,0.0,0.0,ZAL,,Team,,0,0,0,0,0,0,0,2,0,2,0,0,0,0,0,0,0,2,
2022,RS,22,196,0,Total,,,ZAL,,Total,200:00,70,19,41,8,21,8,12,14,16,30,13,8,14,3,5,19,14,61,
2022,RS,22,197,1,P008384   ,1.0,0.0,BER,1,"PROCIDA, GABRIELE",18:00,16,4,4,2,5,2,2,0,2,2,0,1,3,1,0,5,1,10,-11.0
2022,RS,22,197,1,P011192   ,0.0,0.0,BER,3,"SMITH, JALEEN",20:37,5,0,1,1,4,2,2,0,2,2,1,0,2,0,0,2,3,3,-16.0
2022,RS,22,197,1,P008211   ,0.0,1.0,BER,6,"DELOW, MALTE",13:04,3,0,0,1,2,0,0,0,4,4,2,1,1,0,0,2,0,6,-1.0
2022,RS,22,197,1,P011934   ,0.0,1.0,BER,7,"WETZELL, YANNI",19:50,17,7,12,0,0,3,4,1,1,2,1,0,0,0,1,1,3,15,-5.0
2022,RS,22,197,1,P007025   ,0.0,1.0,BER,9,"MATTISSECK, JONAS",15:57,8,1,1,2,2,0,0,0,2,2,2,0,0,0,0,3,0,9,-8.0
2022,RS,22,197,1,P006251   ,0.0,1.0,BER,10,"SCHNEIDER, TIM",07:42,4,0,0,1,2,1,2,1,0,1,0,0,0,0,0,3,1,1,1.0
2022,RS,22,197,1,P006919   ,0.0,1.0,BER,19,"OLINDE, LOUIS",14:38,0,0,0,0,1,0,0,0,0,0,2,0,2,1,0,1,0,-1,1.0
2022,RS,22,197,1,P010791   ,1.0,0.0,BER,21,"KOUMADJE, CHRIST",16:35,11,4,4,0,0,3,3,3,1,4,0,0,2,1,0,1,2,15,-7.0
2022,RS,22,197,1,P003958   ,1.0,0.0,BER,32,"THIEMANN, JOHANNES",18:42,8,3,3,0,2,2,2,0,4,4,0,1,2,0,0,1,2,10,-15.0
2022,RS,22,197,1,P006589   ,0.0,0.0,BER,43,"SIKMA, LUKE",17:11,6,3,3,0,1,0,0,1,4,5,4,1,2,0,0,4,1,10,-10.0
2022,RS,22,197,1,P011193   ,1.0,0.0,BER,45,"BLATT, TAMIR",18:59,4,0,2,0,4,4,4,0,1,1,2,0,5,0,0,0,3,-1,-10.0
2022,RS,22,197,1,P006625   ,1.0,0.0,BER,50,"ZOOSMAN, YOVEL",18:45,2,0,1,0,3,2,2,1,2,3,2,0,0,0,0,2,1,2,-9.0
2022,RS,22,197,1,Team,0.0,0.0,BER,,Team,,0,0,0,0,0,0,0,2,1,3,0,0,1,0,0,0,0,2,
2022,RS,22,197,1,Total,,,BER,,Total,200:00,84,22,31,7,26,19,21,9,24,33,16,4,20,3,1,25,17,81,
2022,RS,22,197,0,P011212   ,0.0,0.0,MCO,0,"OKOBO, ELIE",22:07,12,3,5,0,1,6,6,0,2,2,6,2,0,0,0,0,4,23,19.0
2022,RS,22,197,0,P012201   ,0.0,0.0,MCO,1,"MONEKE, CHIMA",17:53,6,2,5,0,1,2,3,1,3,4,1,0,0,0,1,1,2,6,22.0
2022,RS,22,197,0,P009754   ,1.0,0.0,MCO,3,"LOYD, JORDAN",21:34,12,5,7,0,1,2,2,0,1,1,5,0,1,0,0,1,4,17,13.0
2022,RS,22,197,0,P011231   ,0.0,1.0,MCO,4,"BLOSSOMGAME, JARON",12:27,3,1,3,0,3,1,2,1,0,1,0,0,0,0,0,0,1,-1,6.0
2022,RS,22,197,0,P011935   ,0.0,1.0,MCO,5,"MAKOUNDOU, YOAN",03:43,2,0,2,0,0,2,2,1,0,1,0,0,0,1,1,0,1,2,-8.0
2022,RS,22,197,0,P011226   ,1.0,1.0,MCO,11,"DIALLO, ALPHA",23:23,8,2,7,1,1,1,2,3,2,5,1,2,1,0,1,3,1,6,-1.0
2022,RS,22,197,0,PLCZ      ,1.0,0.0,MCO,20,"MOTIEJUNAS, DONATAS",20:14,22,7,8,2,2,2,2,1,2,3,1,0,1,0,0,1,2,25,11.0
2022,RS,22,197,0,P004197   ,0.0,0.0,MCO,24,"OUATTARA, YAKUBA",19:23,12,2,3,2,3,2,2,2,0,2,1,2,1,0,0,4,1,11,26.0
2022,RS,22,197,0,P008099   ,0.0,1.0,MCO,32,"STRAZEL, MATTHEW",04:51,2,1,1,0,0,0,0,0,0,0,0,0,1,0,0,0,1,2,-6.0
2022,RS,22,197,0,P011196   ,0.0,0.0,MCO,45,"HALL, DONTA",15:27,10,3,4,0,0,4,5,2,4,6,1,0,0,0,0,3,4,16,14.0
2022,RS,22,197,0,P005985   ,1.0,0.0,MCO,55,"JAMES, MIKE",24:27,13,4,8,1,4,2,3,0,4,4,6,2,0,0,0,2,3,18,10.0
2022,RS,22,197,0,P010588   ,1.0,1.0,MCO,99,"BROWN, JOHN",14:31,0,0,4,0,0,0,0,0,1,1,0,0,0,0,0,2,1,-4,-16.0
2022,RS,22,197,0,Team,0.0,0.0,MCO,,Team,,0,0,0,0,0,0,0,2,0,2,0,0,1,0,0,0,0,1,
2022,RS,22,197,0,Total,,,MCO,,Total,200:00,102,30,57,6,16,24,29,13,19,32,22,8,6,1,3,17,25,122,
2022,RS,22,198,1,P007982   ,1.0,1.0,MAD,0,"WILLIAMS-GOSS, NIGEL",13:55,6,2,2,0,1,2,3,1,1,2,1,2,1,0,0,2,2,8,12.0
2022,RS,22,198,1,P001392   ,0.0,1.0,MAD,1,"CAUSEUR, FABIEN",17:16,4,2,2,0,1,0,0,0,1,1,1,0,0,0,0,3,0,2,9.0
2022,RS,22,198,1,PBMT      ,0.0,0.0,MAD,5,"FERNANDEZ, RUDY",21:34,5,1,1,1,5,0,0,0,1,1,0,0,0,0,0,4,2,0,4.0
2022,RS,22,198,1,P003108   ,1.0,1.0,MAD,11,"HEZONJA, MARIO",23:57,14,4,8,1,3,3,3,0,3,3,0,1,1,0,1,2,4,12,8.0
2022,RS,22,198,1,PCVM      ,0.0,0.0,MAD,13,"RODRIGUEZ, SERGIO",10:09,3,0,1,1,1,0,0,0,0,0,2,1,2,0,1,0,0,2,-5.0
2022,RS,22,198,1,P009005   ,0.0,0.0,MAD,14,"DECK, GABRIEL",17:03,6,3,7,0,1,0,0,1,2,3,2,0,0,0,1,1,0,4,5.0
2022,RS,22,198,1,P004790   ,0.0,1.0,MAD,21,"CORNELIE, PETR",15:32,8,2,2,1,3,1,1,0,4,4,1,1,0,0,0,3,1,10,-5.0
2022,RS,22,198,1,P005791   ,1.0,0.0,MAD,22,"TAVARES, WALTER",24:28,6,3,5,0,0,0,0,1,8,9,3,1,1,0,1,1,1,15,20.0
2022,RS,22,198,1,PTGB      ,0.0,0.0,MAD,23,"LLULL, SERGIO",15:56,3,1,2,0,3,1,2,0,1,1,3,0,0,0,0,0,3,5,8.0
2022,RS,22,198,1,P010357   ,1.0,0.0,MAD,28,"YABUSELE, GUERSCHON",17:37,16,5,8,0,1,6,6,3,4,7,0,2,1,0,0,2,3,21,5.0
2022,RS,22,198,1,P009213   ,0.0,1.0,MAD,30,"NDIAYE, ELI",02:16,0,0,0,0,0,0,0,1,0,1,0,0,1,0,0,1,0,-1,4.0
2022,RS,22,198,1,P006540   ,1.0,0.0,MAD,31,"MUSA, DZANAN",20:17,12,3,7,0,2,6,6,1,4,5,3,0,2,0,0,1,5,16,10.0
2022,RS,22,198,1,Team,0.0,0.0,MAD,,Team,,0,0,0,0,0,0,0,4,2,6,0,0,1,0,0,0,0,5,
2022,RS,22,198,1,Total,,,MAD,,Total,200:00,83,26,45,4,21,19,21,12,31,43,16,8,10,0,4,20,21,99,
2022,RS,22,198,0,P011209   ,0.0,0.0,PAN,0,"KALAITZAKIS, PANAGIOTIS",04:48,0,0,0,0,1,0,0,0,1,1,0,0,1,0,0,0,0,-1,-8.0
2022,RS,22,198,0,P006555   ,1.0,1.0,PAN,3,"WOLTERS, NATE",22:45,7,2,8,1,2,0,0,0,4,4,0,1,2,0,0,3,4,4,-19.0
2022,RS,22,198,0,P011225   ,0.0,1.0,PAN,5,"LEE, PARIS",32:48,17,5,7,2,8,1,1,0,1,1,3,3,3,0,0,1,1,13,-2.0
2022,RS,22,198,0,P005844   ,0.0,1.0,PAN,6,"PAPAGIANNIS, GEORGIOS",19:07,8,1,6,2,4,0,0,4,2,6,0,0,0,0,0,2,1,6,-5.0
2022,RS,22,198,0,P009006   ,1.0,1.0,PAN,8,"WILLIAMS, DERRICK",22:05,3,0,1,1,3,0,0,1,4,5,0,1,1,0,0,2,2,5,-17.0
2022,RS,22,198,0,P006586   ,1.0,0.0,PAN,16,"KALAITZAKIS, GEORGIOS",22:42,4,1,2,0,3,2,2,0,1,1,0,1,3,0,0,3,3,-1,-8.0
2022,RS,22,198,0,P011442   ,0.0,0.0,PAN,20,"SAMONTOUROV, ALEXANDROS",DNP,0,0,0,0,0,0,0,0,0,0,0,0,0,0,0,0,0,0,0.0
2022,RS,22,198,0,P010798   ,0.0,1.0,PAN,21,"AVDALAS, NEOKLIS",01:37,0,0,0,0,0,0,0,0,0,0,0,0,0,0,0,1,0,-1,0.0
2022,RS,22,198,0,P011286   ,1.0,0.0,PAN,24,"BACON, DWAYNE",32:06,11,1,5,3,9,0,0,1,4,5,3,0,1,1,0,2,1,8,-9.0
2022,RS,22,198,0,P011396   ,0.0,0.0,PAN,33,"CHOUGKAZ, NIKOS",DNP,0,0,0,0,0,0,0,0,0,0,0,0,0,0,0,0,0,0,0.0
2022,RS,22,198,0,P002328   ,0.0,0.0,PAN,40,"GRIGONIS, MARIUS",21:09,12,2,5,1,2,5,5,1,3,4,2,0,1,0,0,3,4,14,3.0
2022,RS,22,198,0,P003120   ,1.0,0.0,PAN,77,"GUDAITIS, ARTURAS",20:53,6,2,3,0,0,2,5,3,4,7,0,1,2,3,0,4,4,11,-10.0
2022,RS,22,198,0,Team,0.0,0.0,PAN,,Team,,0,0,0,0,0,0,0,3,1,4,0,0,1,0,0,0,0,3,
2022,RS,22,198,0,Total,,,PAN,,Total,200:00,68,14,37,10,32,10,13,13,25,38,8,7,15,4,0,21,20,61,
2022,RS,23,199,1,P011244   ,0.0,0.0,BAR,1,"DA SILVA, OSCAR",15:21,3,1,3,0,0,1,2,2,1,3,2,0,0,0,0,0,2,7,6.0
2022,RS,23,199,1,P002968   ,1.0,0.0,BAR,5,"SANLI, SERTAC",16:29,10,2,3,2,4,0,0,0,3,3,0,0,3,1,0,4,0,4,-1.0
2022,RS,23,199,1,P000925   ,0.0,1.0,BAR,6,"VESELY, JAN",23:31,10,5,10,0,0,0,0,3,6,9,2,0,1,0,0,1,2,16,3.0
2022,RS,23,199,1,P004866   ,1.0,1.0,BAR,10,"KALINIC, NIKOLA",22:27,4,2,3,0,1,0,0,0,0,0,0,0,0,1,0,1,1,3,1.0
2022,RS,23,199,1,P002939   ,1.0,1.0,BAR,13,"SATORANSKY, TOMAS",19:28,5,1,3,1,2,0,0,2,3,5,5,1,0,0,0,3,3,13,4.0
2022,RS,23,199,1,P006435   ,1.0,0.0,BAR,20,"LAPROVITTOLA, NICOLAS",18:36,5,1,2,1,2,0,0,1,2,3,4,0,2,0,0,3,2,7,1.0
2022,RS,23,199,1,P003478   ,0.0,1.0,BAR,21,"ABRINES, ALEX",16:49,7,1,2,1,2,2,2,0,0,0,1,1,1,0,0,3,2,5,4.0
2022,RS,23,199,1,P006450   ,0.0,1.0,BAR,22,"HIGGINS, CORY",24:02,9,3,9,1,4,0,0,0,0,0,3,1,1,0,0,3,2,2,-6.0
2022,RS,23,199,1,P008966   ,0.0,0.0,BAR,23,"TOBEY, MIKE",DNP,0,0,0,0,0,0,0,0,0,0,0,0,0,0,0,0,0,0,0.0
2022,RS,23,199,1,P005789   ,0.0,0.0,BAR,24,"KURIC, KYLE",DNP,0,0,0,0,0,0,0,0,0,0,0,0,0,0,0,0,0,0,0.0
2022,RS,23,199,1,P007519   ,0.0,0.0,BAR,31,"JOKUBAITIS, ROKAS",19:00,7,1,2,1,1,2,2,1,5,6,3,0,0,0,0,1,2,16,2.0
2022,RS,23,199,1,P000796   ,1.0,0.0,BAR,33,"MIROTIC, NIKOLA",24:17,12,2,5,2,5,2,4,3,0,3,1,0,2,0,0,2,4,8,-4.0
2022,RS,23,199,1,Team,0.0,0.0,BAR,,Team,,0,0,0,0,0,0,0,4,0,4,0,0,0,0,0,0,0,4,
2022,RS,23,199,1,Total,,,BAR,,Total,200:00,72,19,42,9,21,7,10,16,20,36,21,3,10,2,0,21,20,85,
2022,RS,23,199,0,P010391   ,1.0,1.0,MUN,0,"WEILER-BABB, NICK",28:37,15,2,3,3,4,2,2,0,3,3,0,0,0,0,0,2,2,16,4.0
2022,RS,23,199,0,P009866   ,0.0,1.0,MUN,2,"WALDEN, COREY",20:59,9,2,4,0,1,5,5,1,3,4,3,0,0,0,1,4,4,12,15.0
2022,RS,23,199,0,P004862   ,0.0,0.0,MUN,4,"SEELEY, DENNIS",16:40,2,1,5,0,2,0,0,1,0,1,1,1,1,0,1,1,0,-4,-2.0
2022,RS,23,199,0,P011940   ,1.0,0.0,MUN,5,"WINSTON, CASSIUS",19:16,4,2,4,0,3,0,0,0,2,2,1,1,2,0,0,2,5,4,-17.0
2022,RS,23,199,0,P001557   ,0.0,1.0,MUN,7,"GIFFEY, NIELS",20:08,4,1,4,0,2,2,2,1,0,1,0,2,0,0,0,2,2,2,-4.0
2022,RS,23,199,0,P006760   ,1.0,0.0,MUN,9,"BONGA, ISAAC",09:46,2,1,2,0,1,0,0,1,0,1,0,0,1,0,0,0,0,0,-9.0
2022,RS,23,199,0,P004058   ,0.0,1.0,MUN,10,"JARAMAZ, OGNJEN",17:56,12,1,2,2,4,4,4,0,1,1,2,0,1,0,0,2,2,11,2.0
2022,RS,23,199,0,P005056   ,0.0,0.0,MUN,16,"ZIPSER, PAUL",02:47,0,0,0,0,0,0,0,0,1,1,0,0,0,0,0,0,0,1,3.0
2022,RS,23,199,0,P005478   ,0.0,0.0,MUN,17,"WIMBERG, NIKLAS",18:00,9,3,3,1,3,0,0,2,3,5,0,0,0,0,0,0,1,13,8.0
2022,RS,23,199,0,P006477   ,1.0,1.0,MUN,21,"RUBIT, AUGUSTINE",25:39,10,4,9,0,1,2,2,4,1,5,2,1,1,0,0,3,2,10,-13.0
2022,RS,23,199,0,P011941   ,1.0,0.0,MUN,33,"GILLESPIE, FREDDIE",20:12,3,1,2,0,0,1,2,0,3,3,0,0,2,0,0,4,3,1,3.0
2022,RS,23,199,0,Team,0.0,0.0,MUN,,Team,,0,0,0,0,0,0,0,2,2,4,0,0,1,0,0,0,0,3,
2022,RS,23,199,0,Total,,,MUN,,Total,200:00,70,18,38,6,21,16,17,12,19,31,9,5,9,0,2,20,21,69,
2022,RS,23,200,1,P007870   ,0.0,0.0,MIL,0,"DAVIES, BRANDON",14:37,10,2,3,0,1,6,8,0,0,0,2,1,3,0,0,4,5,7,5.0
2022,RS,23,200,1,P012080   ,1.0,0.0,MIL,2,"LUWAWU-CABARROT, TIMOTHE",23:18,8,4,4,0,3,0,0,1,5,6,0,1,1,0,0,4,1,8,2.0
2022,RS,23,200,1,P011965   ,0.0,0.0,MIL,3,"MITROU-LONG, NAZ",DNP,0,0,0,0,0,0,0,0,0,0,0,0,0,0,0,0,0,0,0.0
2022,RS,23,200,1,P006509   ,0.0,0.0,MIL,7,"TONUT, STEFANO",15:49,3,1,1,0,0,1,2,1,1,2,0,0,0,0,0,1,3,6,2.0
2022,RS,23,200,1,P002849   ,0.0,0.0,MIL,9,"MELLI, NICOLO",20:11,4,2,4,0,2,0,0,0,5,5,0,0,0,0,1,1,0,3,-2.0
2022,RS,23,200,1,P005775   ,1.0,1.0,MIL,12,"BARON, BILLY",29:18,15,2,2,3,6,2,2,0,2,2,2,2,3,0,0,2,5,18,2.0
2022,RS,23,200,1,P011224   ,0.0,1.0,MIL,13,"NAPIER, SHABAZZ",19:34,5,0,4,0,4,5,6,0,1,1,5,1,0,0,1,2,4,4,5.0
2022,RS,23,200,1,P001518   ,0.0,0.0,MIL,17,"RICCI, GIAMPAOLO",01:27,0,0,0,0,0,0,0,0,0,0,0,0,1,0,0,0,0,-1,-4.0
2022,RS,23,200,1,P011205   ,1.0,1.0,MIL,22,"HALL, DEVON",30:34,14,3,5,1,2,5,5,0,2,2,2,0,2,0,0,3,3,13,11.0
2022,RS,23,200,1,P002812   ,1.0,1.0,MIL,42,"HINES, KYLE",23:55,8,4,5,0,0,0,2,2,3,5,1,1,1,1,0,1,1,12,0.0
2022,RS,23,200,1,PCCD      ,0.0,0.0,MIL,70,"DATOME, LUIGI",DNP,0,0,0,0,0,0,0,0,0,0,0,0,0,0,0,0,0,0,0.0
2022,RS,23,200,1,P007201   ,1.0,1.0,MIL,77,"VOIGTMANN, JOHANNES",21:17,7,2,3,1,3,0,0,4,1,5,2,0,0,1,0,3,2,11,9.0
2022,RS,23,200,1,Team,0.0,0.0,MIL,,Team,,0,0,0,0,0,0,0,2,3,5,0,0,0,0,0,0,0,5,
2022,RS,23,200,1,Total,,,MIL,,Total,200:00,74,20,31,5,21,19,25,10,23,33,14,6,11,2,2,21,24,86,
2022,RS,23,200,0,P007947   ,0.0,1.0,RED,1,"VILDOZA, LUCA",23:51,11,3,7,1,5,2,2,0,2,2,3,0,3,0,0,2,2,5,2.0
2022,RS,23,200,0,P004720   ,1.0,0.0,RED,2,"LAZAREVIC, STEFAN",16:10,1,0,0,0,0,1,2,1,1,2,0,1,0,0,0,3,2,2,-2.0
2022,RS,23,200,0,P002553   ,0.0,0.0,RED,9,"MITROVIC, LUKA",05:00,7,2,3,0,0,3,3,1,2,3,0,0,0,0,0,1,2,10,1.0
2022,RS,23,200,0,PLUO      ,0.0,1.0,RED,10,"LAZIC, BRANKO",19:36,0,0,0,0,0,0,0,0,0,0,0,0,0,0,0,4,1,-3,1.0
2022,RS,23,200,0,P004007   ,1.0,1.0,RED,13,"DOBRIC, OGNJEN",23:18,7,2,5,1,5,0,0,1,2,3,2,1,0,0,0,2,1,5,-2.0
2022,RS,23,200,0,P003332   ,0.0,0.0,RED,20,"IVANOVIC, NIKOLA",DNP,0,0,0,0,0,0,0,0,0,0,0,0,0,0,0,0,0,0,0.0
2022,RS,23,200,0,P011964   ,0.0,0.0,RED,22,"ILIC, DALIBOR",16:23,5,1,1,0,0,3,4,1,4,5,0,1,1,0,0,0,3,12,-4.0
2022,RS,23,200,0,P000848   ,0.0,0.0,RED,26,"NEDOVIC, NEMANJA",16:50,4,2,5,0,4,0,0,0,0,0,2,0,1,0,1,4,1,-6,-10.0
2022,RS,23,200,0,PLME      ,1.0,0.0,RED,27,"MARKOVIC, STEFAN",20:35,3,1,2,0,1,1,2,0,4,4,5,0,1,0,0,2,2,8,-8.0
2022,RS,23,200,0,P003479   ,0.0,0.0,RED,32,"KUZMIC, OGNJEN",10:41,4,1,1,0,0,2,4,1,1,2,0,1,0,0,0,2,2,5,-3.0
2022,RS,23,200,0,P011194   ,1.0,1.0,RED,33,"PETRUSEV, FILIP",18:20,9,3,6,0,1,3,4,1,0,1,3,0,1,2,1,1,2,9,-3.0
2022,RS,23,200,0,P009818   ,1.0,1.0,RED,50,"BENTIL, BENJAMIN",29:16,17,4,7,2,5,3,3,2,5,7,0,2,1,0,0,3,3,19,-2.0
2022,RS,23,200,0,Team,0.0,0.0,RED,,Team,,0,0,0,0,0,0,0,5,0,5,0,0,2,0,0,0,0,3,
2022,RS,23,200,0,Total,,,RED,,Total,200:00,68,19,37,4,21,18,24,13,21,34,15,6,10,2,2,24,21,69,
2022,RS,23,201,1,P011970   ,1.0,0.0,PAM,0,"HARPER, JARED",22:47,20,3,5,4,8,2,6,0,0,0,3,0,0,0,0,0,8,21,1.0
2022,RS,23,201,1,P000556   ,1.0,0.0,PAM,1,"CLAVER, VICTOR",13:24,3,0,0,1,2,0,0,0,1,1,0,0,0,0,0,2,2,3,-4.0
2022,RS,23,201,1,P006643   ,1.0,0.0,PAM,2,"PUERTO, JOSEP",21:08,5,1,1,1,3,0,0,0,3,3,1,1,1,0,0,3,1,5,2.0
2022,RS,23,201,1,P002661   ,0.0,1.0,PAM,3,"PREPELIC, KLEMEN",21:18,15,1,2,3,5,4,4,1,0,1,4,1,1,0,0,2,4,19,-1.0
2022,RS,23,201,1,P010393   ,0.0,0.0,PAM,4,"PRADILLA, JAIME",13:05,13,6,6,0,0,1,1,2,1,3,2,0,1,0,0,1,1,17,3.0
2022,RS,23,201,1,P011971   ,0.0,1.0,PAM,5,"WEBB III, JAMES",23:24,0,0,1,0,4,0,0,0,0,0,0,0,0,0,0,2,1,-6,3.0
2022,RS,23,201,1,P005356   ,0.0,0.0,PAM,6,"LOPEZ-AROSTEGUI, XABI",DNP,0,0,0,0,0,0,0,0,0,0,0,0,0,0,0,0,0,0,0.0
2022,RS,23,201,1,P010568   ,0.0,1.0,PAM,7,"JONES, CHRIS",16:21,13,4,6,1,4,2,2,0,0,0,2,0,2,0,0,1,1,8,-7.0
2022,RS,23,201,1,P011972   ,1.0,1.0,PAM,12,"RADEBAUGH, JONAH",22:14,11,1,3,2,5,3,3,0,1,1,2,0,0,0,0,3,3,9,5.0
2022,RS,23,201,1,P010677   ,0.0,0.0,PAM,13,"EVANS, SHANNON",17:46,3,1,1,0,3,1,1,0,2,2,4,0,1,0,0,2,2,5,-1.0
2022,RS,23,201,1,P011973   ,1.0,1.0,PAM,21,"ALEXANDER, KYLE",16:10,6,2,3,0,0,2,2,3,2,5,0,0,1,1,0,3,1,8,-2.0
2022,RS,23,201,1,P011214   ,0.0,0.0,PAM,41,"RIVERO, JASIEL",12:23,4,2,2,0,0,0,0,1,2,3,1,0,0,0,0,3,1,6,-4.0
2022,RS,23,201,1,Team,0.0,0.0,PAM,,Team,,0,0,0,0,0,0,0,0,3,3,0,0,0,0,0,0,0,3,
2022,RS,23,201,1,Total,,,PAM,,Total,200:00,93,21,30,12,34,15,19,7,15,22,19,2,7,1,0,22,25,98,
2022,RS,23,201,0,P012056   ,1.0,0.0,TEL,3,"ADAMS, JALEN",14:39,5,2,5,0,1,1,2,0,1,1,1,0,0,0,1,1,1,1,-9.0
2022,RS,23,201,0,P009863   ,1.0,1.0,TEL,5,"BALDWIN IV, WADE",26:01,19,7,13,1,4,2,3,1,2,3,4,1,4,0,0,4,3,12,12.0
2022,RS,23,201,0,P011967   ,1.0,1.0,TEL,6,"MARTIN, JARELL",25:21,10,3,5,0,3,4,4,3,2,5,0,1,1,0,0,4,3,9,5.0
2022,RS,23,201,0,P004233   ,0.0,0.0,TEL,8,"MENCO, RAFI",08:16,2,1,1,0,0,0,0,1,0,1,0,0,1,0,0,3,0,-1,-2.0
2022,RS,23,201,0,P011219   ,0.0,0.0,TEL,9,"SORKIN, ROMAN",09:22,6,3,4,0,0,0,0,0,0,0,0,0,0,0,0,1,0,4,-5.0
2022,RS,23,201,0,P007990   ,0.0,0.0,TEL,12,"DIBARTOLOMEO, JOHN",28:43,17,0,0,5,6,2,2,0,1,1,2,0,1,0,0,3,3,18,5.0
2022,RS,23,201,0,P008989   ,0.0,0.0,TEL,13,"HILLIARD, DARRUN",04:34,0,0,0,0,0,0,0,0,0,0,0,0,0,0,0,1,0,-1,1.0
2022,RS,23,201,0,P005145   ,0.0,0.0,TEL,15,"COHEN, JAKE",DNP,0,0,0,0,0,0,0,0,0,0,0,0,0,0,0,0,0,0,0.0
2022,RS,23,201,0,P012203   ,0.0,1.0,TEL,17,"BRAIMOH, SULEIMAN",19:29,5,1,1,0,1,3,6,1,2,3,1,1,0,0,0,2,3,7,-11.0
2022,RS,23,201,0,P011199   ,1.0,1.0,TEL,32,"NEBO, JOSH",26:20,9,3,4,0,0,3,4,1,5,6,0,0,2,0,0,3,2,10,3.0
2022,RS,23,201,0,P011220   ,0.0,0.0,TEL,33,"ZIV, IFTAH",05:11,4,1,1,0,1,2,2,0,1,1,2,0,0,0,0,1,1,6,0.0
2022,RS,23,201,0,P009783   ,1.0,1.0,TEL,50,"COLSON, BONZIE",32:04,17,7,8,0,2,3,4,3,9,12,3,1,1,0,0,2,6,32,6.0
2022,RS,23,201,0,Team,0.0,0.0,TEL,,Team,,0,0,0,0,0,0,0,5,2,7,0,0,2,0,0,0,0,5,
2022,RS,23,201,0,Total,,,TEL,,Total,200:00,94,28,42,6,18,20,27,15,25,40,13,4,12,0,1,25,22,102,
2022,RS,23,202,1,P011157   ,1.0,0.0,ULK,0,"MOTLEY, JOHNATHAN",23:27,18,7,13,0,1,4,5,2,0,2,2,0,1,0,2,4,5,12,24.0
2022,RS,23,202,1,P003091   ,0.0,1.0,ULK,1,"BIRSEN, METECAN",04:50,0,0,0,0,1,0,0,0,1,1,0,0,0,0,0,1,0,-1,-2.0
2022,RS,23,202,1,P011201   ,0.0,1.0,ULK,2,"HAZER, SEHMUS",02:04,0,0,1,0,0,0,0,0,1,1,0,1,0,0,0,0,0,1,-2.0
2022,RS,23,202,1,P006661   ,1.0,0.0,ULK,3,"WILBEKIN, SCOTTIE",21:00,8,1,2,1,4,3,3,0,1,1,1,0,0,0,0,1,3,8,17.0
2022,RS,23,202,1,P011987   ,0.0,0.0,ULK,4,"EDWARDS, CARSEN",14:59,13,3,4,2,5,1,1,0,3,3,0,0,1,0,0,0,1,12,0.0
2022,RS,23,202,1,P002969   ,0.0,0.0,ULK,10,"MAHMUTOGLU, MELIH",DNP,0,0,0,0,0,0,0,0,0,0,0,0,0,0,0,0,0,0,0.0
2022,RS,23,202,1,P008962   ,1.0,1.0,ULK,11,"HAYES-DAVIS, NIGEL",30:36,24,6,8,2,5,6,8,5,6,11,3,3,1,0,1,3,8,37,27.0
2022,RS,23,202,1,P010560   ,1.0,0.0,ULK,21,"PIERRE, DYSHAWN",26:05,9,1,4,2,5,1,1,2,3,5,4,0,2,0,1,0,1,10,13.0
2022,RS,23,202,1,P004004   ,0.0,1.0,ULK,23,"GUDURIC, MARKO",18:19,12,1,3,2,3,4,4,1,2,3,0,1,1,0,0,3,2,11,-2.0
2022,RS,23,202,1,P007056   ,0.0,0.0,ULK,31,"BOOKER, DEVIN",16:00,6,3,5,0,2,0,0,0,3,3,2,0,0,2,1,2,0,6,-7.0
2022,RS,23,202,1,P001932   ,1.0,0.0,ULK,33,"CALATHES, NICK",23:52,10,5,6,0,1,0,0,1,1,2,3,1,2,0,1,2,0,9,12.0
2022,RS,23,202,1,P011221   ,0.0,1.0,ULK,37,"ANTETOKOUNMPO, KOSTAS",18:48,1,0,1,0,1,1,2,0,0,0,2,2,0,0,0,1,3,4,-5.0
2022,RS,23,202,1,Team,0.0,0.0,ULK,,Team,,0,0,0,0,0,0,0,3,3,6,0,0,0,0,0,0,0,6,
2022,RS,23,202,1,Total,,,ULK,,Total,200:00,101,27,47,9,28,20,24,14,24,38,17,8,8,2,6,17,23,115,
2022,RS,23,202,0,P007032   ,0.0,0.0,BER,0,"LO, MAODO",01:21,0,0,0,0,0,0,0,0,0,0,0,0,0,0,0,1,0,-1,-1.0
2022,RS,23,202,0,P008384   ,0.0,0.0,BER,1,"PROCIDA, GABRIELE",21:05,4,1,2,0,2,2,2,0,2,2,0,2,2,1,0,0,2,6,0.0
2022,RS,23,202,0,P011192   ,1.0,0.0,BER,3,"SMITH, JALEEN",19:43,9,3,4,1,6,0,0,0,1,1,4,1,3,0,0,4,0,2,-13.0
2022,RS,23,202,0,P011934   ,1.0,1.0,BER,7,"WETZELL, YANNI",15:26,13,6,7,0,0,1,1,1,1,2,0,0,1,0,0,3,1,11,-11.0
2022,RS,23,202,0,P007025   ,0.0,1.0,BER,9,"MATTISSECK, JONAS",13:58,2,1,1,0,2,0,0,1,1,2,1,1,0,0,0,4,1,1,-8.0
2022,RS,23,202,0,P006919   ,1.0,1.0,BER,19,"OLINDE, LOUIS",22:02,10,3,5,1,4,1,2,0,5,5,1,2,1,0,0,1,2,12,-15.0
2022,RS,23,202,0,P010791   ,0.0,1.0,BER,21,"KOUMADJE, CHRIST",14:32,4,2,2,0,0,0,3,3,6,9,0,0,2,4,0,3,4,13,-1.0
2022,RS,23,202,0,P003958   ,0.0,0.0,BER,32,"THIEMANN, JOHANNES",24:54,10,3,9,1,3,1,1,0,3,3,5,1,1,0,2,0,5,13,-7.0
2022,RS,23,202,0,P006589   ,1.0,0.0,BER,43,"SIKMA, LUKE",11:15,1,0,0,0,0,1,2,1,0,1,7,0,3,0,0,4,1,2,-10.0
2022,RS,23,202,0,P010385   ,0.0,0.0,BER,44,"LAMMERS, BEN",13:53,10,4,6,0,1,2,2,2,2,4,1,0,0,1,0,1,1,13,-1.0
2022,RS,23,202,0,P011193   ,1.0,1.0,BER,45,"BLATT, TAMIR",23:53,11,1,2,3,7,0,0,0,0,0,8,0,1,0,0,1,0,12,-8.0
2022,RS,23,202,0,P006625   ,0.0,0.0,BER,50,"ZOOSMAN, YOVEL",17:58,12,3,3,2,4,0,0,1,3,4,0,0,1,0,0,2,0,11,0.0
2022,RS,23,202,0,Team,0.0,0.0,BER,,Team,,0,0,0,0,0,0,0,3,2,5,0,0,1,0,0,0,0,4,
2022,RS,23,202,0,Total,,,BER,,Total,200:00,86,27,41,8,29,8,13,12,26,38,27,7,16,6,2,24,17,99,
2022,RS,23,203,1,P010588   ,1.0,0.0,MCO,0,"BROWN, JOHN",23:17,7,3,3,0,0,1,1,2,1,3,2,0,1,0,0,4,3,10,0.0
2022,RS,23,203,1,P011212   ,0.0,1.0,MCO,0,"OKOBO, ELIE",18:56,16,3,5,2,3,4,5,0,1,1,3,0,3,0,1,4,2,10,-1.0
2022,RS,23,203,1,P012201   ,0.0,0.0,MCO,1,"MONEKE, CHIMA",16:09,4,1,1,0,1,2,2,3,1,4,0,0,1,0,0,4,1,3,-2.0
2022,RS,23,203,1,P009754   ,1.0,1.0,MCO,3,"LOYD, JORDAN",21:15,4,2,6,0,4,0,0,1,1,2,2,2,2,0,0,3,0,-3,-3.0
2022,RS,23,203,1,P011231   ,1.0,1.0,MCO,4,"BLOSSOMGAME, JARON",14:41,6,2,3,0,1,2,3,1,1,2,0,2,0,0,0,2,4,9,8.0
2022,RS,23,203,1,P011226   ,0.0,0.0,MCO,11,"DIALLO, ALPHA",23:41,15,6,7,1,2,0,0,0,1,1,1,0,1,0,0,3,2,13,-12.0
2022,RS,23,203,1,PLCZ      ,1.0,0.0,MCO,20,"MOTIEJUNAS, DONATAS",20:57,7,3,6,0,0,1,2,0,3,3,0,1,0,0,0,2,2,7,-3.0
2022,RS,23,203,1,P004197   ,0.0,0.0,MCO,24,"OUATTARA, YAKUBA",11:44,3,0,1,1,3,0,0,0,0,0,0,0,0,0,0,0,0,0,0.0
2022,RS,23,203,1,P008099   ,0.0,0.0,MCO,32,"STRAZEL, MATTHEW",DNP,0,0,0,0,0,0,0,0,0,0,0,0,0,0,0,0,0,0,0.0
2022,RS,23,203,1,P011196   ,0.0,1.0,MCO,45,"HALL, DONTA",18:07,6,2,2,0,0,2,4,0,6,6,0,1,0,1,0,0,3,15,-2.0
2022,RS,23,203,1,P005985   ,1.0,1.0,MCO,55,"JAMES, MIKE",31:13,23,9,14,0,4,5,7,0,1,1,7,1,1,0,1,2,7,24,-5.0
2022,RS,23,203,1,Team,0.0,0.0,MCO,,Team,,0,0,0,0,0,0,0,2,1,3,0,0,0,0,0,0,0,3,
2022,RS,23,203,1,Total,,,MCO,,Total,200:00,91,31,48,4,18,17,24,9,17,26,15,7,9,1,2,24,24,91,
2022,RS,23,203,0,P007982   ,1.0,0.0,MAD,0,"WILLIAMS-GOSS, NIGEL",09:48,3,0,1,1,1,0,0,0,0,0,0,0,3,0,0,0,0,-1,-2.0
2022,RS,23,203,0,P001392   ,0.0,0.0,MAD,1,"CAUSEUR, FABIEN",05:27,0,0,0,0,0,0,0,0,0,0,2,1,0,0,0,0,1,4,5.0
2022,RS,23,203,0,P005099   ,0.0,1.0,MAD,8,"HANGA, ADAM",11:57,7,0,2,2,3,1,2,0,0,0,0,1,1,0,0,3,2,2,-1.0
2022,RS,23,203,0,P003108   ,1.0,1.0,MAD,11,"HEZONJA, MARIO",34:34,30,5,7,6,10,2,2,0,6,6,6,0,4,0,0,2,4,34,9.0
2022,RS,23,203,0,PCVM      ,0.0,0.0,MAD,13,"RODRIGUEZ, SERGIO",05:01,2,0,0,0,1,2,2,0,0,0,1,0,1,0,0,0,1,2,-4.0
2022,RS,23,203,0,P009005   ,1.0,1.0,MAD,14,"DECK, GABRIEL",32:58,13,3,4,1,2,4,6,2,7,9,2,1,4,0,0,2,5,20,4.0
2022,RS,23,203,0,P004887   ,0.0,0.0,MAD,17,"POIRIER, VINCENT",05:05,2,1,2,0,0,0,0,0,2,2,0,0,1,0,0,5,0,-3,-2.0
2022,RS,23,203,0,P004790   ,1.0,0.0,MAD,21,"CORNELIE, PETR",12:50,2,1,1,0,2,0,0,0,1,1,0,0,0,0,0,2,1,0,-10.0
2022,RS,23,203,0,P005791   ,1.0,1.0,MAD,22,"TAVARES, WALTER",12:35,3,1,1,0,0,1,2,3,3,6,1,0,3,0,0,4,3,5,-3.0
2022,RS,23,203,0,PTGB      ,0.0,0.0,MAD,23,"LLULL, SERGIO",18:50,10,0,0,3,7,1,2,0,0,0,1,0,0,0,0,2,1,5,6.0
2022,RS,23,203,0,P010357   ,0.0,1.0,MAD,28,"YABUSELE, GUERSCHON",28:58,9,3,3,0,3,3,4,2,3,5,4,1,1,1,0,3,4,16,16.0
2022,RS,23,203,0,P006540   ,0.0,0.0,MAD,31,"MUSA, DZANAN",21:57,14,4,7,1,2,3,3,2,0,2,5,0,0,1,1,2,2,17,2.0
2022,RS,23,203,0,Team,0.0,0.0,MAD,,Team,,0,0,0,0,0,0,0,4,1,5,0,0,0,0,0,0,0,5,
2022,RS,23,203,0,Total,,,MAD,,Total,200:00,95,18,28,14,31,17,23,13,23,36,22,4,18,2,1,25,24,106,
2022,RS,23,204,1,P007513   ,0.0,0.0,ZAL,3,"GIEDRAITIS, DOVYDAS",DNP,0,0,0,0,0,0,0,0,0,0,0,0,0,0,0,0,0,0,0.0
2022,RS,23,204,1,P003210   ,0.0,1.0,ZAL,4,"LEKAVICIUS, LUKAS",23:54,5,1,3,0,2,3,4,0,0,0,3,0,0,0,1,2,2,2,6.0
2022,RS,23,204,1,P010390   ,1.0,1.0,ZAL,8,"HAYES, KEVARRIUS",19:42,8,3,6,0,0,2,2,3,1,4,1,1,0,2,0,1,2,14,-19.0
2022,RS,23,204,1,P007109   ,1.0,0.0,ZAL,10,"SMITS, ROLANDS",24:20,10,2,2,1,3,3,3,2,1,3,1,0,2,0,0,2,4,12,-7.0
2022,RS,23,204,1,P010185   ,0.0,0.0,ZAL,14,"KRIVAS, MOTIEJUS",DNP,0,0,0,0,0,0,0,0,0,0,0,0,0,0,0,0,0,0,0.0
2022,RS,23,204,1,P005504   ,0.0,0.0,ZAL,15,"BIRUTIS, LAURYNAS",15:01,10,5,7,0,0,0,0,1,2,3,0,1,0,0,0,2,3,13,-2.0
2022,RS,23,204,1,P006158   ,0.0,1.0,ZAL,16,"LUKOSIUNAS, KAROLIS",07:31,3,0,0,1,2,0,0,0,0,0,1,1,1,0,0,0,0,3,-7.0
2022,RS,23,204,1,P011983   ,1.0,0.0,ZAL,17,"BRAZDEIKIS, IGNAS",24:18,17,5,8,1,2,4,4,1,2,3,3,0,0,0,0,3,3,19,-11.0
2022,RS,23,204,1,P002084   ,0.0,1.0,ZAL,25,"POLONARA, ACHILLE",18:20,5,0,1,1,3,2,2,1,2,3,1,1,1,0,0,1,1,6,-3.0
2022,RS,23,204,1,P003211   ,1.0,1.0,ZAL,33,"DIMSA, TOMAS",19:28,5,1,2,1,5,0,0,3,0,3,1,1,0,0,0,2,2,5,-14.0
2022,RS,23,204,1,P002676   ,0.0,0.0,ZAL,51,"BUTKEVICIUS, ARNAS",18:41,5,1,2,1,2,0,0,0,0,0,0,0,3,0,0,2,2,0,-8.0
2022,RS,23,204,1,P002329   ,1.0,0.0,ZAL,92,"ULANOVAS, EDGARAS",28:45,6,1,4,1,3,1,2,2,2,4,5,0,2,0,0,4,3,6,-5.0
2022,RS,23,204,1,Team,0.0,0.0,ZAL,,Team,,0,0,0,0,0,0,0,1,1,2,0,0,0,0,0,0,0,2,
2022,RS,23,204,1,Total,,,ZAL,,Total,200:00,74,19,35,7,22,15,17,14,11,25,16,5,9,2,1,19,22,82,
2022,RS,23,204,0,P009212   ,0.0,0.0,PAR,1,"VUKCEVIC, TRISTAN",DNP,0,0,0,0,0,0,0,0,0,0,0,0,0,0,0,0,0,0,0.0
2022,RS,23,204,0,P008987   ,1.0,0.0,PAR,2,"LEDAY, ZACH",27:59,11,2,6,1,2,4,4,3,7,10,0,0,1,0,0,3,3,15,16.0
2022,RS,23,204,0,P003983   ,1.0,1.0,PAR,4,"AVRAMOVIC, ALEKSA",20:51,3,0,2,1,2,0,0,1,2,3,4,0,0,1,0,2,1,7,1.0
2022,RS,23,204,0,P009862   ,1.0,1.0,PAR,7,"PUNTER, KEVIN",25:06,14,4,5,2,4,0,0,0,1,1,3,1,1,0,0,3,0,12,3.0
2022,RS,23,204,0,P011051   ,0.0,0.0,PAR,9,"SMAILAGIC, ALEN",15:36,8,1,3,2,2,0,0,2,0,2,0,0,0,0,0,2,2,8,13.0
2022,RS,23,204,0,P005161   ,1.0,1.0,PAR,10,"PAPAPETROU, IOANNIS",26:42,17,3,6,3,4,2,2,3,1,4,0,0,0,0,1,2,3,17,-2.0
2022,RS,23,204,0,P011302   ,0.0,1.0,PAR,11,"EXUM, DANTE",20:20,11,2,3,2,5,1,1,2,1,3,1,1,1,0,0,3,4,12,8.0
2022,RS,23,204,0,P007400   ,0.0,0.0,PAR,21,"NUNNALLY, JAMES",16:50,10,1,1,2,2,2,2,0,0,0,2,2,1,0,0,2,2,13,10.0
2022,RS,23,204,0,P003842   ,1.0,1.0,PAR,26,"LESSORT, MATHIAS",29:28,14,5,8,0,0,4,7,2,4,6,1,0,6,0,1,3,4,9,8.0
2022,RS,23,204,0,P007673   ,0.0,0.0,PAR,32,"TRIFUNOVIC, UROS",17:08,0,0,0,0,1,0,0,0,1,1,4,0,0,0,0,2,0,2,13.0
2022,RS,23,204,0,P000956   ,0.0,0.0,PAR,33,"ANDJUSIC, DANILO",DNP,0,0,0,0,0,0,0,0,0,0,0,0,0,0,0,0,0,0,0.0
2022,RS,23,204,0,P011052   ,0.0,0.0,PAR,41,"MADAR, YAM",DNP,0,0,0,0,0,0,0,0,0,0,0,0,0,0,0,0,0,0,0.0
2022,RS,23,204,0,Team,0.0,0.0,PAR,,Team,,0,0,0,0,0,0,0,2,0,2,0,0,1,0,0,0,0,1,
2022,RS,23,204,0,Total,,,PAR,,Total,200:00,88,18,34,13,22,13,16,15,17,32,15,4,11,1,2,22,19,96,
2022,RS,23,205,1,P008855   ,1.0,1.0,OLY,0,"WALKUP, THOMAS",20:58,2,1,3,0,1,0,0,2,5,7,5,1,1,0,1,3,2,9,12.0
2022,RS,23,205,1,P010612   ,1.0,0.0,OLY,3,"CANAAN, ISAIAH",18:23,1,0,0,0,4,1,2,0,1,1,2,0,0,0,0,0,1,0,5.0
2022,RS,23,205,1,P006302   ,0.0,0.0,OLY,4,"LOUNTZIS, MICHALIS",19:02,13,2,3,3,3,0,0,0,7,7,0,2,2,0,0,2,1,18,-6.0
2022,RS,23,205,1,P010392   ,0.0,1.0,OLY,5,"LARENTZAKIS, GIANNOULIS",21:09,5,1,4,1,3,0,0,1,0,1,2,0,2,0,0,1,0,0,-7.0
2022,RS,23,205,1,P008811   ,1.0,0.0,OLY,10,"FALL, MOUSTAPHA",14:13,10,5,5,0,0,0,2,1,1,2,1,0,1,0,0,0,1,11,11.0
2022,RS,23,205,1,P003469   ,1.0,1.0,OLY,14,"VEZENKOV, SASHA",31:52,23,5,8,4,8,1,1,0,3,3,3,1,0,0,1,2,1,21,11.0
2022,RS,23,205,1,P001255   ,1.0,0.0,OLY,16,"PAPANIKOLAOU, KOSTAS",26:59,6,1,2,1,3,1,4,0,5,5,6,1,1,0,0,3,2,10,8.0
2022,RS,23,205,1,P010057   ,0.0,0.0,OLY,19,"TSAMIS, PANAGIOTIS",DNP,0,0,0,0,0,0,0,0,0,0,0,0,0,0,0,0,0,0,0.0
2022,RS,23,205,1,P009035   ,0.0,1.0,OLY,21,"BOLOMBOY, JOEL",14:50,2,1,2,0,1,0,0,1,1,2,1,0,0,2,0,1,1,5,-2.0
2022,RS,23,205,1,P008991   ,0.0,0.0,OLY,28,"BLACK, TARIK",10:57,4,1,1,0,0,2,2,0,0,0,0,1,2,2,0,4,4,5,-3.0
2022,RS,23,205,1,P007853   ,0.0,1.0,OLY,77,"MCKISSIC, SHAQUIELLE",21:37,10,3,3,0,4,4,6,2,0,2,4,0,3,0,0,3,3,7,1.0
2022,RS,23,205,1,Team,0.0,0.0,OLY,,Team,,0,0,0,0,0,0,0,4,2,6,0,0,0,0,0,0,0,6,
2022,RS,23,205,1,Total,,,OLY,,Total,200:00,76,20,31,9,27,9,17,11,25,36,24,6,12,4,2,19,16,92,
2022,RS,23,205,0,P007200   ,1.0,1.0,IST,0,"LARKIN, SHANE",29:21,10,0,3,2,6,4,4,0,1,1,5,2,4,0,0,2,5,10,-5.0
2022,RS,23,205,0,P006590   ,0.0,1.0,IST,1,"BEAUBOIS, RODRIGUE",27:25,10,2,3,2,5,0,0,0,0,0,3,1,1,0,0,1,1,9,-6.0
2022,RS,23,205,0,P006614   ,1.0,0.0,IST,2,"SINGLETON, CHRIS",10:16,0,0,0,0,0,0,0,0,1,1,0,0,0,0,0,3,1,-1,-12.0
2022,RS,23,205,0,P009846   ,1.0,1.0,IST,6,"BRYANT, ELIJAH",20:56,10,3,3,1,2,1,1,0,3,3,1,3,1,1,0,4,1,13,6.0
2022,RS,23,205,0,P010516   ,0.0,0.0,IST,11,"GAZI, ERTEN",04:44,0,0,1,0,0,0,0,0,0,0,0,1,0,0,0,0,0,0,6.0
2022,RS,23,205,0,P004888   ,0.0,0.0,IST,12,"CLYBURN, WILL",33:19,8,4,9,0,4,0,0,0,5,5,2,0,1,0,1,0,3,7,-7.0
2022,RS,23,205,0,P002925   ,0.0,0.0,IST,19,"TUNCER, BUGRAHAN",DNP,0,0,0,0,0,0,0,0,0,0,0,0,0,0,0,0,0,0,0.0
2022,RS,23,205,0,PLHK      ,0.0,0.0,IST,21,"PLEISS, TIBOR",00:28,0,0,0,0,0,0,0,0,0,0,0,0,0,0,0,0,0,0,2.0
2022,RS,23,205,0,P002580   ,1.0,1.0,IST,22,"MICIC, VASILIJE",24:46,10,4,7,0,4,2,2,1,1,2,4,0,2,0,2,1,3,7,-11.0
2022,RS,23,205,0,P007993   ,0.0,0.0,IST,24,"M'BAYE, AMATH",09:12,4,1,1,0,0,2,2,0,2,2,1,1,1,1,0,1,1,8,3.0
2022,RS,23,205,0,P004554   ,1.0,0.0,IST,41,"ZIZIC, ANTE",18:42,9,4,6,0,0,1,2,1,0,1,1,0,0,0,0,2,1,7,-15.0
2022,RS,23,205,0,P003048   ,0.0,1.0,IST,42,"DUNSTON, BRYANT",20:51,9,3,5,0,0,3,4,3,3,6,1,1,0,0,1,2,3,14,9.0
2022,RS,23,205,0,Team,0.0,0.0,IST,,Team,,0,0,0,0,0,0,0,4,3,7,0,0,0,0,0,0,0,7,
2022,RS,23,205,0,Total,,,IST,,Total,200:00,70,21,38,5,21,13,15,9,19,28,18,9,10,2,4,16,19,81,
2022,RS,23,206,1,P011936   ,0.0,1.0,ASV,0,"MATHEWS, JONAH",17:51,2,0,2,0,1,2,2,0,0,0,1,0,0,0,0,1,1,0,-11.0
2022,RS,23,206,1,P006068   ,0.0,1.0,ASV,2,"NOUA, AMINE",23:25,10,5,7,0,2,0,0,1,1,2,0,0,2,1,0,3,0,4,-16.0
2022,RS,23,206,1,P004264   ,1.0,0.0,ASV,3,"BOST, DEE",26:23,9,1,2,2,8,1,2,3,4,7,4,0,1,0,0,3,3,11,6.0
2022,RS,23,206,1,PKIR      ,1.0,0.0,ASV,5,"KAHUDI, CHARLES",16:35,8,1,2,2,4,0,0,1,1,2,0,0,1,0,0,3,2,5,3.0
2022,RS,23,206,1,PTFK      ,0.0,0.0,ASV,8,"DIOT, ANTOINE",DNP,0,0,0,0,0,0,0,0,0,0,0,0,0,0,0,0,0,0,0.0
2022,RS,23,206,1,P004119   ,0.0,0.0,ASV,9,"TYUS, ALEX",DNP,0,0,0,0,0,0,0,0,0,0,0,0,0,0,0,0,0,0,0.0
2022,RS,23,206,1,P010718   ,0.0,1.0,ASV,10,"RISACHER, ZACCHARIE",05:33,0,0,0,0,0,0,0,0,0,0,0,0,1,0,0,1,0,-2,-6.0
2022,RS,23,206,1,P002100   ,1.0,0.0,ASV,12,"DE COLO, NANDO",27:46,15,2,4,2,3,5,5,0,2,2,6,2,4,0,0,2,4,20,3.0
2022,RS,23,206,1,P006568   ,1.0,0.0,ASV,19,"FALL, YOUSSOUPHA",26:40,11,4,5,0,0,3,4,1,4,5,0,0,1,0,0,1,6,18,12.0
2022,RS,23,206,1,P003526   ,1.0,1.0,ASV,23,"LIGHTY, DAVID",24:01,5,2,5,0,0,1,2,1,0,1,0,1,2,0,0,2,3,2,-7.0
2022,RS,23,206,1,P011938   ,0.0,0.0,ASV,32,"OBASOHAN, RETIN",18:26,2,1,3,0,3,0,0,1,1,2,1,2,2,0,1,5,3,-3,-24.0
2022,RS,23,206,1,P006832   ,0.0,1.0,ASV,35,"PONS, YVES",13:20,2,1,3,0,1,0,0,0,0,0,1,0,0,0,0,2,0,-2,-25.0
2022,RS,23,206,1,Team,0.0,0.0,ASV,,Team,,0,0,0,0,0,0,0,1,5,6,0,0,1,0,0,0,0,5,
2022,RS,23,206,1,Total,,,ASV,,Total,200:00,64,17,33,6,22,12,15,9,18,27,13,5,15,1,1,23,22,58,
2022,RS,23,206,0,P009549   ,1.0,0.0,VIR,0,"CORDINIER, ISAIA",24:19,10,3,4,1,5,1,1,2,3,5,5,3,0,0,0,3,3,18,-3.0
2022,RS,23,206,0,P011064   ,0.0,0.0,VIR,1,"MANNION, NICCOLO",12:58,6,1,2,1,2,1,2,1,1,2,3,0,2,0,0,0,1,7,16.0
2022,RS,23,206,0,PBCN      ,0.0,1.0,VIR,3,"BELINELLI, MARCO",26:14,21,4,6,4,8,1,1,0,1,1,1,1,0,0,0,2,1,17,12.0
2022,RS,23,206,0,P006739   ,0.0,1.0,VIR,6,"PAJOLA, ALESSANDRO",17:51,5,1,3,1,4,0,0,0,4,4,3,1,1,0,1,1,1,6,13.0
2022,RS,23,206,0,P004655   ,0.0,0.0,VIR,7,"BAKO, ISMAEL",19:41,4,2,2,0,0,0,0,2,3,5,1,0,2,0,0,5,1,4,16.0
2022,RS,23,206,0,P002581   ,1.0,0.0,VIR,14,"JAITEH, MAM",16:22,4,2,5,0,0,0,0,2,1,3,0,0,2,0,0,2,3,3,-5.0
2022,RS,23,206,0,P001133   ,1.0,1.0,VIR,21,"SHENGELIA, TORNIKE",24:11,10,2,3,0,2,6,6,2,2,4,3,0,1,0,0,2,6,17,-1.0
2022,RS,23,206,0,P001844   ,1.0,1.0,VIR,23,"HACKETT, DANIEL",24:55,7,1,2,1,1,2,2,0,3,3,2,2,2,0,0,2,2,11,0.0
2022,RS,23,206,0,P008847   ,0.0,1.0,VIR,25,"MICKEY, JORDAN",19:43,5,1,1,0,1,3,4,1,0,1,0,0,2,0,0,3,2,1,16.0
2022,RS,23,206,0,P008108   ,0.0,0.0,VIR,29,"CAMARA, GORA",DNP,0,0,0,0,0,0,0,0,0,0,0,0,0,0,0,0,0,0,0.0
2022,RS,23,206,0,P006592   ,1.0,0.0,VIR,34,"WEEMS, KYLE",13:46,5,1,3,1,3,0,0,0,2,2,1,2,1,1,0,2,1,5,1.0
2022,RS,23,206,0,P003527   ,0.0,0.0,VIR,55,"ABASS, AWUDU",DNP,0,0,0,0,0,0,0,0,0,0,0,0,0,0,0,0,0,0,0.0
2022,RS,23,206,0,Team,0.0,0.0,VIR,,Team,,0,0,0,0,0,0,0,1,1,2,0,0,0,0,0,0,0,2,
2022,RS,23,206,0,Total,,,VIR,,Total,200:00,77,18,31,9,26,14,16,11,21,32,19,9,13,1,1,22,21,91,
2022,RS,23,207,1,P011948   ,1.0,1.0,BAS,0,"HOWARD, MARKUS",26:08,24,6,7,2,11,6,6,0,3,3,2,0,2,0,0,4,5,18,1.0
2022,RS,23,207,1,P012259   ,0.0,0.0,BAS,1,"HEIDEGGER, MAX",15:29,5,1,2,1,3,0,0,0,1,1,6,0,1,0,0,2,1,7,11.0
2022,RS,23,207,1,P008850   ,0.0,0.0,BAS,2,"RAIESTE, SANDER",DNP,0,0,0,0,0,0,0,0,0,0,0,0,0,0,0,0,0,0,0.0
2022,RS,23,207,1,P007230   ,0.0,1.0,BAS,8,"SEDEKERSKIS, TADAS",20:19,4,2,3,0,2,0,0,2,6,8,1,1,1,0,0,2,0,8,13.0
2022,RS,23,207,1,P004761   ,0.0,1.0,BAS,9,"MARINKOVIC, VANJA",16:57,14,1,1,2,5,6,6,0,1,1,1,0,0,0,0,1,4,16,0.0
2022,RS,23,207,1,P003198   ,1.0,0.0,BAS,11,"DIEZ, DANIEL",12:56,4,2,2,0,0,0,0,0,3,3,1,0,0,0,0,1,0,7,-15.0
2022,RS,23,207,1,P011078   ,1.0,1.0,BAS,13,"THOMPSON, DARIUS",24:31,3,1,1,0,0,1,2,0,0,0,10,1,4,1,0,2,2,10,-8.0
2022,RS,23,207,1,P004603   ,0.0,0.0,BAS,21,"KOTSAR, MAIK",21:30,10,5,8,0,0,0,1,4,2,6,4,0,1,1,1,2,3,16,6.0
2022,RS,23,207,1,P011239   ,1.0,0.0,BAS,23,"ENOCH, STEVEN",12:05,6,3,6,0,0,0,0,2,1,3,0,0,1,0,1,3,0,1,5.0
2022,RS,23,207,1,P010444   ,0.0,1.0,BAS,24,"COSTELLO, MATTHEW",19:53,16,3,5,3,5,1,1,1,3,4,0,0,0,0,0,1,2,17,19.0
2022,RS,23,207,1,P006436   ,1.0,0.0,BAS,31,"GIEDRAITIS, ROKAS",30:12,9,2,4,1,5,2,2,0,8,8,1,2,2,0,0,2,2,12,-7.0
2022,RS,23,207,1,P011949   ,0.0,0.0,BAS,34,"HOMMES, DAULTON",DNP,0,0,0,0,0,0,0,0,0,0,0,0,0,0,0,0,0,0,0.0
2022,RS,23,207,1,Team,0.0,0.0,BAS,,Team,,0,0,0,0,0,0,0,2,0,2,0,0,0,0,0,0,0,2,
2022,RS,23,207,1,Total,,,BAS,,Total,200:00,95,26,39,9,31,16,18,11,28,39,26,4,12,2,2,20,19,114,
2022,RS,23,207,0,P011209   ,0.0,0.0,PAN,0,"KALAITZAKIS, PANAGIOTIS",06:06,2,1,1,0,0,0,0,0,1,1,0,0,1,0,0,4,0,-2,0.0
2022,RS,23,207,0,P006555   ,0.0,1.0,PAN,3,"WOLTERS, NATE",22:40,7,3,4,0,1,1,1,0,4,4,4,1,0,0,0,3,2,13,3.0
2022,RS,23,207,0,P011225   ,1.0,1.0,PAN,5,"LEE, PARIS",33:07,16,4,5,1,4,5,6,0,2,2,8,1,4,0,2,3,5,18,1.0
2022,RS,23,207,0,P005844   ,0.0,1.0,PAN,6,"PAPAGIANNIS, GEORGIOS",22:48,16,5,8,2,3,0,0,3,4,7,0,0,0,1,0,1,0,19,-8.0
2022,RS,23,207,0,P009006   ,1.0,1.0,PAN,8,"WILLIAMS, DERRICK",30:18,19,5,8,1,4,6,9,1,4,5,0,1,1,0,0,0,4,19,4.0
2022,RS,23,207,0,P006586   ,1.0,0.0,PAN,16,"KALAITZAKIS, GEORGIOS",27:10,2,1,1,0,1,0,0,0,6,6,1,1,0,0,0,1,2,10,-8.0
2022,RS,23,207,0,P011442   ,0.0,0.0,PAN,20,"SAMONTOUROV, ALEXANDROS",DNP,0,0,0,0,0,0,0,0,0,0,0,0,0,0,0,0,0,0,0.0
2022,RS,23,207,0,P010798   ,0.0,0.0,PAN,21,"AVDALAS, NEOKLIS",DNP,0,0,0,0,0,0,0,0,0,0,0,0,0,0,0,0,0,0,0.0
2022,RS,23,207,0,P011286   ,1.0,0.0,PAN,24,"BACON, DWAYNE",20:00,16,5,13,2,7,0,0,1,2,3,2,0,1,0,0,4,1,4,-11.0
2022,RS,23,207,0,P002328   ,0.0,1.0,PAN,40,"GRIGONIS, MARIUS",20:39,7,2,4,0,1,3,3,0,0,0,2,0,1,0,0,2,4,7,-9.0
2022,RS,23,207,0,P003120   ,1.0,0.0,PAN,77,"GUDAITIS, ARTURAS",17:12,5,2,2,0,0,1,4,0,0,0,1,1,0,1,0,2,2,5,3.0
2022,RS,23,207,0,Team,0.0,0.0,PAN,,Team,,0,0,0,0,0,0,0,2,3,5,0,0,1,0,0,0,0,4,
2022,RS,23,207,0,Total,,,PAN,,Total,200:00,90,28,46,6,21,16,23,7,26,33,18,5,9,2,2,20,20,97,
2022,RS,24,208,1,P011157   ,1.0,1.0,ULK,0,"MOTLEY, JOHNATHAN",27:51,22,9,12,1,1,1,1,7,2,9,1,1,1,0,2,1,5,31,-11.0
2022,RS,24,208,1,P011201   ,0.0,0.0,ULK,2,"HAZER, SEHMUS",00:08,0,0,0,0,0,0,0,0,0,0,0,0,0,0,0,0,0,0,0.0
2022,RS,24,208,1,P006661   ,1.0,0.0,ULK,3,"WILBEKIN, SCOTTIE",24:33,7,2,5,1,7,0,0,0,0,0,2,2,1,0,0,0,0,1,-5.0
2022,RS,24,208,1,P011987   ,0.0,1.0,ULK,4,"EDWARDS, CARSEN",21:32,16,1,6,4,7,2,2,1,4,5,0,1,1,0,0,2,3,14,2.0
2022,RS,24,208,1,P001413   ,0.0,0.0,ULK,8,"BJELICA, NEMANJA",08:05,4,0,2,1,1,1,2,1,1,2,0,0,1,0,0,0,1,3,1.0
2022,RS,24,208,1,P002969   ,0.0,0.0,ULK,10,"MAHMUTOGLU, MELIH",04:52,0,0,0,0,0,0,0,0,0,0,0,0,0,0,0,0,0,0,-1.0
2022,RS,24,208,1,P008962   ,1.0,1.0,ULK,11,"HAYES-DAVIS, NIGEL",24:04,0,0,2,0,4,0,0,2,5,7,0,1,0,0,0,4,2,0,-16.0
2022,RS,24,208,1,P006961   ,1.0,1.0,ULK,13,"BIBEROVIC, TARIK",18:23,2,1,2,0,4,0,0,1,0,1,0,1,0,0,0,2,1,-2,-3.0
2022,RS,24,208,1,P009733   ,0.0,0.0,ULK,22,"JEKIRI, TONYE",DNP,0,0,0,0,0,0,0,0,0,0,0,0,0,0,0,0,0,0,0.0
2022,RS,24,208,1,P004004   ,0.0,1.0,ULK,23,"GUDURIC, MARKO",28:13,19,4,7,3,7,2,3,1,2,3,3,1,0,0,0,2,4,20,1.0
2022,RS,24,208,1,P007056   ,0.0,0.0,ULK,31,"BOOKER, DEVIN",24:37,5,2,3,0,2,1,1,2,1,3,1,0,0,0,0,3,1,4,11.0
2022,RS,24,208,1,P001932   ,1.0,0.0,ULK,33,"CALATHES, NICK",17:42,0,0,3,0,2,0,0,0,2,2,3,1,1,0,0,2,1,-1,-14.0
2022,RS,24,208,1,Team,0.0,0.0,ULK,,Team,,0,0,0,0,0,0,0,2,2,4,0,0,0,0,0,0,0,4,
2022,RS,24,208,1,Total,,,ULK,,Total,200:00,75,19,42,10,35,7,9,17,19,36,10,8,5,0,2,16,18,74,
2022,RS,24,208,0,P007870   ,0.0,0.0,MIL,0,"DAVIES, BRANDON",10:25,3,1,2,0,0,1,2,0,1,1,0,0,1,0,0,1,2,2,-2.0
2022,RS,24,208,0,P005094   ,0.0,0.0,MIL,1,"THOMAS, DESHAUN",09:19,2,1,2,0,0,0,0,0,3,3,0,0,1,0,0,2,0,1,-2.0
2022,RS,24,208,0,P012080   ,1.0,1.0,MIL,2,"LUWAWU-CABARROT, TIMOTHE",26:14,19,5,9,1,3,6,6,0,1,1,0,1,2,0,0,1,3,15,1.0
2022,RS,24,208,0,P011965   ,0.0,0.0,MIL,3,"MITROU-LONG, NAZ",11:38,3,0,0,1,2,0,0,0,3,3,0,0,1,0,0,2,0,2,-2.0
2022,RS,24,208,0,P006509   ,1.0,1.0,MIL,7,"TONUT, STEFANO",29:01,6,1,1,1,2,1,2,0,6,6,3,1,0,0,0,1,1,14,13.0
2022,RS,24,208,0,P002849   ,1.0,1.0,MIL,9,"MELLI, NICOLO",18:59,0,0,2,0,1,0,0,2,2,4,2,0,0,0,0,2,2,3,3.0
2022,RS,24,208,0,P005775   ,0.0,0.0,MIL,12,"BARON, BILLY",18:40,8,2,3,1,5,1,1,0,3,3,4,0,2,0,0,1,1,8,2.0
2022,RS,24,208,0,P011224   ,1.0,1.0,MIL,13,"NAPIER, SHABAZZ",26:50,26,4,5,5,8,3,3,1,1,2,0,1,3,0,0,1,5,26,5.0
2022,RS,24,208,0,P001518   ,0.0,0.0,MIL,17,"RICCI, GIAMPAOLO",07:37,3,0,1,1,1,0,0,0,3,3,1,1,1,0,0,2,1,5,2.0
2022,RS,24,208,0,P005059   ,0.0,0.0,MIL,40,"ALVITI, DAVIDE",DNP,0,0,0,0,0,0,0,0,0,0,0,0,0,0,0,0,0,0,0.0
2022,RS,24,208,0,P002812   ,0.0,1.0,MIL,42,"HINES, KYLE",15:53,4,2,2,0,0,0,0,2,0,2,1,0,1,2,0,3,0,5,4.0
2022,RS,24,208,0,P007201   ,1.0,0.0,MIL,77,"VOIGTMANN, JOHANNES",25:24,8,1,1,2,5,0,0,0,8,8,2,0,0,0,0,2,1,14,11.0
2022,RS,24,208,0,Team,0.0,0.0,MIL,,Team,,0,0,0,0,0,0,0,1,1,2,0,0,1,0,0,0,0,1,
2022,RS,24,208,0,Total,,,MIL,,Total,200:00,82,17,28,12,27,12,14,6,32,38,13,4,13,2,0,18,16,96,
2022,RS,24,209,1,P008384   ,0.0,0.0,BER,1,"PROCIDA, GABRIELE",14:56,0,0,0,0,5,0,0,1,1,2,0,1,3,0,0,3,2,-6,-25.0
2022,RS,24,209,1,P011192   ,1.0,1.0,BER,3,"SMITH, JALEEN",22:49,6,0,2,2,4,0,0,1,2,3,4,0,1,0,1,3,3,7,-13.0
2022,RS,24,209,1,P008211   ,0.0,0.0,BER,6,"DELOW, MALTE",15:28,2,1,3,0,1,0,0,0,2,2,0,0,0,0,0,3,0,-2,-12.0
2022,RS,24,209,1,P011934   ,0.0,0.0,BER,7,"WETZELL, YANNI",14:17,6,3,6,0,0,0,1,2,0,2,0,0,0,1,0,0,1,6,-10.0
2022,RS,24,209,1,P006251   ,0.0,0.0,BER,10,"SCHNEIDER, TIM",11:20,4,2,3,0,0,0,0,0,1,1,1,1,0,0,0,1,0,5,-3.0
2022,RS,24,209,1,P006919   ,1.0,1.0,BER,19,"OLINDE, LOUIS",25:39,16,3,5,3,4,1,1,0,1,1,0,0,3,0,0,1,2,12,-7.0
2022,RS,24,209,1,P010791   ,1.0,0.0,BER,21,"KOUMADJE, CHRIST",09:14,2,1,3,0,0,0,3,0,1,1,0,0,2,1,0,4,2,-5,-12.0
2022,RS,24,209,1,P003958   ,0.0,1.0,BER,32,"THIEMANN, JOHANNES",12:40,5,1,2,0,1,3,4,3,0,3,0,0,0,0,0,0,2,7,-10.0
2022,RS,24,209,1,P006589   ,1.0,1.0,BER,43,"SIKMA, LUKE",20:37,9,4,7,0,1,1,2,1,1,2,2,3,2,1,0,1,2,11,-20.0
2022,RS,24,209,1,P010385   ,0.0,0.0,BER,44,"LAMMERS, BEN",11:45,6,3,4,0,2,0,0,0,2,2,0,1,0,0,0,1,1,6,-12.0
2022,RS,24,209,1,P011193   ,1.0,0.0,BER,45,"BLATT, TAMIR",26:01,4,0,0,1,7,1,1,0,1,1,4,0,3,0,0,0,2,2,-30.0
2022,RS,24,209,1,P006625   ,0.0,1.0,BER,50,"ZOOSMAN, YOVEL",15:14,0,0,1,0,2,0,0,1,0,1,5,2,0,0,0,0,0,5,-11.0
2022,RS,24,209,1,Team,0.0,0.0,BER,,Team,,0,0,0,0,0,0,0,2,3,5,0,0,1,0,0,0,0,4,
2022,RS,24,209,1,Total,,,BER,,Total,200:00,60,18,36,6,27,6,12,11,15,26,16,8,15,3,1,17,17,52,
2022,RS,24,209,0,P008855   ,1.0,0.0,OLY,0,"WALKUP, THOMAS",30:26,15,3,3,3,5,0,0,0,1,1,10,1,2,0,0,2,0,21,38.0
2022,RS,24,209,0,P010612   ,1.0,0.0,OLY,3,"CANAAN, ISAIAH",20:00,6,0,0,1,6,3,4,0,2,2,4,2,0,0,0,0,3,11,33.0
2022,RS,24,209,0,P006302   ,0.0,1.0,OLY,4,"LOUNTZIS, MICHALIS",11:26,2,1,1,0,1,0,0,0,1,1,1,1,1,1,0,2,1,3,-9.0
2022,RS,24,209,0,P010392   ,0.0,1.0,OLY,5,"LARENTZAKIS, GIANNOULIS",18:11,4,2,3,0,3,0,0,0,4,4,1,0,3,0,0,1,0,1,5.0
2022,RS,24,209,0,P008811   ,1.0,0.0,OLY,10,"FALL, MOUSTAPHA",10:52,9,4,4,0,0,1,2,0,0,0,1,1,0,0,0,2,2,10,18.0
2022,RS,24,209,0,P003469   ,1.0,0.0,OLY,14,"VEZENKOV, SASHA",32:06,28,6,7,4,6,4,5,2,11,13,1,1,1,0,0,2,4,40,31.0
2022,RS,24,209,0,P001255   ,1.0,1.0,OLY,16,"PAPANIKOLAOU, KOSTAS",27:51,11,3,4,1,2,2,3,1,3,4,3,4,1,0,1,1,4,20,34.0
2022,RS,24,209,0,P010057   ,0.0,1.0,OLY,19,"TSAMIS, PANAGIOTIS",01:18,2,1,1,0,0,0,0,0,0,0,0,0,0,0,0,0,0,2,-1.0
2022,RS,24,209,0,P009035   ,0.0,0.0,OLY,21,"BOLOMBOY, JOEL",20:04,7,3,6,0,0,1,1,5,4,9,1,0,2,0,1,4,2,9,18.0
2022,RS,24,209,0,P008991   ,0.0,0.0,OLY,28,"BLACK, TARIK",07:46,4,1,2,0,0,2,2,1,0,1,1,0,0,0,0,2,1,4,-2.0
2022,RS,24,209,0,P007853   ,0.0,0.0,OLY,77,"MCKISSIC, SHAQUIELLE",18:34,5,1,3,1,2,0,0,0,3,3,2,0,3,0,1,1,0,2,1.0
2022,RS,24,209,0,P012298   ,0.0,1.0,OLY,81,"ABOSI, VENIAMIN",01:26,0,0,0,0,0,0,0,0,0,0,0,0,1,0,0,0,0,-1,-1.0
2022,RS,24,209,0,Team,0.0,0.0,OLY,,Team,,0,0,0,0,0,0,0,0,1,1,0,0,0,0,0,0,0,1,
2022,RS,24,209,0,Total,,,OLY,,Total,200:00,93,25,34,10,25,13,17,9,30,39,25,10,14,1,3,17,17,123,
2022,RS,24,210,1,P012056   ,1.0,1.0,TEL,3,"ADAMS, JALEN",15:23,9,2,4,1,2,2,2,1,0,1,2,1,3,0,0,1,2,8,1.0
2022,RS,24,210,1,P009863   ,1.0,1.0,TEL,5,"BALDWIN IV, WADE",35:42,38,5,9,6,10,10,15,0,5,5,5,0,6,0,0,2,12,39,4.0
2022,RS,24,210,1,P011967   ,1.0,0.0,TEL,6,"MARTIN, JARELL",17:42,0,0,1,0,3,0,0,0,3,3,0,0,0,0,0,1,1,-1,-3.0
2022,RS,24,210,1,P004233   ,0.0,0.0,TEL,8,"MENCO, RAFI",05:40,0,0,0,0,0,0,0,1,0,1,0,0,0,0,0,1,0,0,-4.0
2022,RS,24,210,1,P011219   ,0.0,0.0,TEL,9,"SORKIN, ROMAN",16:50,5,2,2,0,1,1,2,1,1,2,0,0,1,0,0,2,1,3,0.0
2022,RS,24,210,1,P007990   ,0.0,1.0,TEL,12,"DIBARTOLOMEO, JOHN",24:01,2,0,0,0,3,2,2,1,2,3,3,1,1,0,0,2,2,5,-2.0
2022,RS,24,210,1,P008989   ,0.0,1.0,TEL,13,"HILLIARD, DARRUN",15:22,10,0,0,2,3,4,4,0,2,2,1,1,1,0,0,3,1,10,-3.0
2022,RS,24,210,1,P005145   ,0.0,0.0,TEL,15,"COHEN, JAKE",07:37,2,1,1,0,1,0,0,0,1,1,0,0,0,0,0,0,0,2,11.0
2022,RS,24,210,1,P012203   ,0.0,0.0,TEL,17,"BRAIMOH, SULEIMAN",13:12,2,1,1,0,0,0,0,1,0,1,0,0,0,0,0,2,0,1,-9.0
2022,RS,24,210,1,P011199   ,1.0,0.0,TEL,32,"NEBO, JOSH",17:33,2,0,2,0,0,2,2,0,0,0,2,0,0,0,1,1,3,3,-4.0
2022,RS,24,210,1,P011220   ,0.0,0.0,TEL,33,"ZIV, IFTAH",DNP,0,0,0,0,0,0,0,0,0,0,0,0,0,0,0,0,0,0,0.0
2022,RS,24,210,1,P009783   ,1.0,1.0,TEL,50,"COLSON, BONZIE",30:58,16,4,6,2,3,2,2,1,4,5,0,1,2,1,0,3,2,17,-6.0
2022,RS,24,210,1,Team,0.0,0.0,TEL,,Team,,0,0,0,0,0,0,0,2,1,3,0,0,2,0,0,0,0,1,
2022,RS,24,210,1,Total,,,TEL,,Total,200:00,86,15,26,11,26,23,29,8,19,27,13,4,16,1,1,18,24,88,
2022,RS,24,210,0,P007947   ,1.0,1.0,RED,1,"VILDOZA, LUCA",23:24,10,2,7,0,4,6,6,0,2,2,3,1,1,0,0,1,3,8,-9.0
2022,RS,24,210,0,P004720   ,0.0,1.0,RED,2,"LAZAREVIC, STEFAN",10:51,0,0,2,0,0,0,0,1,0,1,1,1,0,0,1,4,1,-3,6.0
2022,RS,24,210,0,P002553   ,0.0,0.0,RED,9,"MITROVIC, LUKA",21:43,14,6,8,0,0,2,2,5,1,6,2,2,3,0,0,5,3,17,-9.0
2022,RS,24,210,0,PLUO      ,1.0,1.0,RED,10,"LAZIC, BRANKO",21:08,2,1,1,0,1,0,0,0,2,2,0,0,0,0,0,2,0,1,-8.0
2022,RS,24,210,0,P009540   ,0.0,0.0,RED,12,"MARTIN, HASSAN",DNP,0,0,0,0,0,0,0,0,0,0,0,0,0,0,0,0,0,0,0.0
2022,RS,24,210,0,P004007   ,1.0,1.0,RED,13,"DOBRIC, OGNJEN",25:46,13,3,4,2,5,1,2,0,2,2,3,2,0,0,0,3,4,16,1.0
2022,RS,24,210,0,P003332   ,0.0,0.0,RED,20,"IVANOVIC, NIKOLA",16:36,3,0,0,1,4,0,0,1,1,2,7,4,0,0,0,1,0,12,12.0
2022,RS,24,210,0,P011964   ,0.0,0.0,RED,22,"ILIC, DALIBOR",DNP,0,0,0,0,0,0,0,0,0,0,0,0,0,0,0,0,0,0,0.0
2022,RS,24,210,0,P000848   ,0.0,0.0,RED,26,"NEDOVIC, NEMANJA",22:44,28,5,7,6,9,0,0,0,1,1,2,1,4,0,0,2,3,24,7.0
2022,RS,24,210,0,P003479   ,1.0,0.0,RED,32,"KUZMIC, OGNJEN",13:50,5,2,2,0,0,1,2,2,3,5,2,0,1,0,0,1,2,11,6.0
2022,RS,24,210,0,P011194   ,1.0,0.0,RED,33,"PETRUSEV, FILIP",26:23,12,6,11,0,0,0,0,2,3,5,0,1,0,0,0,3,2,12,-4.0
2022,RS,24,210,0,P009818   ,0.0,1.0,RED,50,"BENTIL, BENJAMIN",17:35,2,1,2,0,1,0,0,0,1,1,1,1,1,1,0,2,0,1,13.0
2022,RS,24,210,0,Team,0.0,0.0,RED,,Team,,0,0,0,0,0,0,0,3,3,6,0,0,0,0,0,0,0,6,
2022,RS,24,210,0,Total,,,RED,,Total,200:00,89,26,44,9,24,10,12,14,19,33,21,13,10,1,1,24,18,105,
2022,RS,24,211,1,P010391   ,1.0,0.0,MUN,0,"WEILER-BABB, NICK",23:08,10,2,4,2,4,0,0,1,4,5,1,1,2,0,1,2,0,8,-7.0
2022,RS,24,211,1,P009866   ,0.0,1.0,MUN,2,"WALDEN, COREY",27:26,10,1,5,1,5,5,6,1,2,3,1,2,1,1,1,3,6,9,-1.0
2022,RS,24,211,1,P004862   ,1.0,1.0,MUN,4,"SEELEY, DENNIS",23:19,11,2,6,1,3,4,4,1,1,2,2,0,2,0,0,3,4,8,-7.0
2022,RS,24,211,1,P011940   ,0.0,0.0,MUN,5,"WINSTON, CASSIUS",DNP,0,0,0,0,0,0,0,0,0,0,0,0,0,0,0,0,0,0,0.0
2022,RS,24,211,1,P001557   ,1.0,1.0,MUN,7,"GIFFEY, NIELS",21:06,5,1,2,1,3,0,0,1,1,2,0,0,0,0,0,2,1,3,-12.0
2022,RS,24,211,1,P006760   ,0.0,0.0,MUN,9,"BONGA, ISAAC",16:01,9,3,4,1,2,0,0,2,3,5,1,0,1,0,0,4,1,9,-2.0
2022,RS,24,211,1,P004058   ,0.0,0.0,MUN,10,"JARAMAZ, OGNJEN",10:34,4,2,5,0,0,0,0,0,1,1,1,0,0,0,0,1,0,2,0.0
2022,RS,24,211,1,P004508   ,0.0,0.0,MUN,13,"OBST, ANDREAS",11:57,2,1,2,0,5,0,0,0,1,1,1,1,0,0,1,0,0,-2,-12.0
2022,RS,24,211,1,P005056   ,0.0,0.0,MUN,16,"ZIPSER, PAUL",DNP,0,0,0,0,0,0,0,0,0,0,0,0,0,0,0,0,0,0,0.0
2022,RS,24,211,1,P005478   ,0.0,1.0,MUN,17,"WIMBERG, NIKLAS",11:00,7,2,2,1,2,0,0,0,0,0,0,0,0,0,0,1,0,5,2.0
2022,RS,24,211,1,P006477   ,1.0,0.0,MUN,21,"RUBIT, AUGUSTINE",28:43,7,2,4,0,1,3,5,2,3,5,2,0,1,0,0,3,7,12,-9.0
2022,RS,24,211,1,P011941   ,1.0,1.0,MUN,33,"GILLESPIE, FREDDIE",26:46,6,3,5,0,0,0,0,2,6,8,1,0,1,4,0,3,1,14,-7.0
2022,RS,24,211,1,Team,0.0,0.0,MUN,,Team,,0,0,0,0,0,0,0,0,3,3,0,0,0,0,0,0,0,3,
2022,RS,24,211,1,Total,,,MUN,,Total,200:00,71,19,39,7,25,12,15,10,25,35,10,4,8,5,3,22,20,71,
2022,RS,24,211,0,P009212   ,0.0,0.0,PAR,1,"VUKCEVIC, TRISTAN",01:26,0,0,0,0,0,0,0,0,0,0,0,1,1,0,0,2,0,-2,-3.0
2022,RS,24,211,0,P008987   ,1.0,0.0,PAR,2,"LEDAY, ZACH",19:21,2,1,4,0,0,0,0,2,1,3,1,0,0,1,2,2,2,2,4.0
2022,RS,24,211,0,P003983   ,0.0,0.0,PAR,4,"AVRAMOVIC, ALEKSA",15:39,4,2,2,0,1,0,0,0,4,4,2,0,1,0,0,4,0,4,8.0
2022,RS,24,211,0,P009862   ,1.0,1.0,PAR,7,"PUNTER, KEVIN",26:56,19,5,8,1,2,6,6,0,2,2,1,0,0,0,0,2,3,19,0.0
2022,RS,24,211,0,P011051   ,0.0,0.0,PAR,9,"SMAILAGIC, ALEN",10:46,2,1,3,0,1,0,0,0,3,3,0,0,0,1,0,2,1,2,12.0
2022,RS,24,211,0,P011302   ,0.0,1.0,PAR,11,"EXUM, DANTE",23:10,11,2,3,1,4,4,5,2,2,4,5,0,2,0,0,2,5,16,8.0
2022,RS,24,211,0,P007400   ,1.0,0.0,PAR,21,"NUNNALLY, JAMES",27:52,15,3,3,2,3,3,3,1,2,3,1,0,1,0,0,1,2,18,10.0
2022,RS,24,211,0,P003842   ,1.0,1.0,PAR,26,"LESSORT, MATHIAS",31:59,16,5,9,0,0,6,9,2,5,7,0,0,2,0,2,2,7,17,6.0
2022,RS,24,211,0,P007673   ,0.0,0.0,PAR,32,"TRIFUNOVIC, UROS",13:22,2,1,2,0,1,0,0,0,0,0,0,0,0,0,0,0,0,0,-6.0
2022,RS,24,211,0,P000956   ,0.0,1.0,PAR,33,"ANDJUSIC, DANILO",14:17,7,2,2,0,1,3,4,0,3,3,1,0,1,0,0,3,1,6,11.0
2022,RS,24,211,0,P011052   ,1.0,1.0,PAR,41,"MADAR, YAM",15:12,4,2,5,0,1,0,0,0,3,3,2,2,0,1,1,0,1,8,5.0
2022,RS,24,211,0,Team,0.0,0.0,PAR,,Team,,0,0,0,0,0,0,0,0,3,3,0,0,0,0,0,0,0,3,
2022,RS,24,211,0,Total,,,PAR,,Total,200:00,82,24,41,4,14,22,27,7,28,35,13,3,8,3,5,20,22,93,
2022,RS,24,212,1,P011064   ,0.0,1.0,VIR,1,"MANNION, NICCOLO",17:15,6,0,2,2,3,0,0,0,3,3,6,1,0,0,1,3,1,10,15.0
2022,RS,24,212,1,PBCN      ,0.0,1.0,VIR,3,"BELINELLI, MARCO",20:04,12,1,3,3,6,1,1,0,2,2,2,0,0,0,0,2,1,10,14.0
2022,RS,24,212,1,P006739   ,0.0,0.0,VIR,6,"PAJOLA, ALESSANDRO",16:56,0,0,0,0,0,0,0,0,2,2,2,1,0,0,0,3,0,2,-16.0
2022,RS,24,212,1,P004655   ,0.0,1.0,VIR,7,"BAKO, ISMAEL",16:27,8,3,6,0,0,2,2,1,1,2,0,1,0,1,0,2,1,8,7.0
2022,RS,24,212,1,P002581   ,1.0,0.0,VIR,14,"JAITEH, MAM",17:58,14,5,9,0,0,4,4,1,4,5,1,1,6,0,0,2,3,12,-8.0
2022,RS,24,212,1,P010781   ,0.0,1.0,VIR,19,"LUNDBERG, IFFE",25:07,13,4,6,1,2,2,2,0,3,3,3,1,1,0,0,1,3,18,11.0
2022,RS,24,212,1,P001133   ,1.0,0.0,VIR,21,"SHENGELIA, TORNIKE",17:20,10,4,5,0,0,2,4,2,2,4,0,0,2,1,0,1,4,13,-36.0
2022,RS,24,212,1,P001844   ,1.0,0.0,VIR,23,"HACKETT, DANIEL",13:29,0,0,2,0,0,0,0,0,0,0,1,0,2,0,1,3,1,-6,-31.0
2022,RS,24,212,1,P008847   ,0.0,0.0,VIR,25,"MICKEY, JORDAN",19:52,3,0,3,1,1,0,0,0,2,2,1,0,0,0,0,1,1,3,-11.0
2022,RS,24,212,1,P006592   ,1.0,1.0,VIR,34,"WEEMS, KYLE",20:26,6,0,1,2,3,0,0,0,2,2,0,0,0,0,0,1,1,6,-2.0
2022,RS,24,212,1,PJDR      ,1.0,0.0,VIR,44,"TEODOSIC, MILOS",15:06,3,0,4,1,3,0,0,0,2,2,2,1,1,0,0,3,0,-2,-28.0
2022,RS,24,212,1,P003527   ,0.0,0.0,VIR,55,"ABASS, AWUDU",DNP,0,0,0,0,0,0,0,0,0,0,0,0,0,0,0,0,0,0,0.0
2022,RS,24,212,1,Team,0.0,0.0,VIR,,Team,,0,0,0,0,0,0,0,1,0,1,0,0,0,0,0,0,0,1,
2022,RS,24,212,1,Total,,,VIR,,Total,200:00,75,17,41,10,18,11,13,5,23,28,18,6,12,2,2,22,16,75,
2022,RS,24,212,0,P002968   ,0.0,0.0,BAR,5,"SANLI, SERTAC",17:09,0,0,2,0,2,0,0,0,4,4,1,0,0,1,1,2,0,-1,-4.0
2022,RS,24,212,0,P000925   ,1.0,0.0,BAR,6,"VESELY, JAN",14:03,4,2,2,0,0,0,0,2,3,5,3,2,1,1,0,2,0,12,32.0
2022,RS,24,212,0,P006768   ,0.0,1.0,BAR,8,"MARTINEZ, SERGI",11:51,0,0,1,0,1,0,2,0,0,0,0,0,1,0,0,0,2,-3,-15.0
2022,RS,24,212,0,P004866   ,1.0,0.0,BAR,10,"KALINIC, NIKOLA",16:10,9,1,2,1,2,4,5,1,4,5,1,1,0,0,0,2,4,15,18.0
2022,RS,24,212,0,P002939   ,1.0,1.0,BAR,13,"SATORANSKY, TOMAS",20:54,1,0,2,0,2,1,2,0,3,3,6,0,2,0,1,3,5,4,-5.0
2022,RS,24,212,0,P006435   ,1.0,0.0,BAR,20,"LAPROVITTOLA, NICOLAS",18:38,10,1,1,2,5,2,2,0,1,1,4,2,0,0,0,3,3,14,33.0
2022,RS,24,212,0,P003478   ,0.0,1.0,BAR,21,"ABRINES, ALEX",15:23,16,1,3,4,4,2,2,1,2,3,0,1,1,0,0,0,1,18,5.0
2022,RS,24,212,0,P006450   ,0.0,0.0,BAR,22,"HIGGINS, CORY",17:20,9,3,7,1,1,0,0,0,4,4,2,1,3,0,0,2,0,7,-7.0
2022,RS,24,212,0,P008966   ,0.0,1.0,BAR,23,"TOBEY, MIKE",20:41,7,2,4,1,2,0,0,0,2,2,0,0,0,0,0,1,1,6,-18.0
2022,RS,24,212,0,P007519   ,0.0,0.0,BAR,31,"JOKUBAITIS, ROKAS",19:46,13,1,3,3,5,2,2,0,2,2,2,0,1,0,0,0,3,15,22.0
2022,RS,24,212,0,P000796   ,1.0,0.0,BAR,33,"MIROTIC, NIKOLA",19:06,17,3,4,3,6,2,2,2,1,3,4,0,0,0,0,1,2,21,35.0
2022,RS,24,212,0,P010641   ,0.0,1.0,BAR,46,"NNAJI, JAMES",08:59,6,2,2,0,0,2,2,2,1,3,0,0,1,0,0,0,1,9,-11.0
2022,RS,24,212,0,Team,0.0,0.0,BAR,,Team,,0,0,0,0,0,0,0,3,1,4,0,0,1,0,0,0,0,3,
2022,RS,24,212,0,Total,,,BAR,,Total,200:00,92,16,33,15,30,15,19,11,28,39,23,7,11,2,2,16,22,120,
2022,RS,24,213,1,P007200   ,0.0,1.0,IST,0,"LARKIN, SHANE",33:16,18,1,2,3,8,7,7,0,1,1,8,2,2,0,0,2,3,22,4.0
2022,RS,24,213,1,P006614   ,1.0,1.0,IST,2,"SINGLETON, CHRIS",32:27,11,1,2,3,3,0,0,0,4,4,2,1,2,0,0,3,1,13,2.0
2022,RS,24,213,1,P009846   ,1.0,1.0,IST,6,"BRYANT, ELIJAH",29:21,17,4,5,3,5,0,0,3,3,6,3,0,1,0,0,3,4,23,4.0
2022,RS,24,213,1,P010516   ,0.0,0.0,IST,11,"GAZI, ERTEN",01:12,0,0,0,0,0,0,0,0,0,0,0,0,0,0,0,0,0,0,-2.0
2022,RS,24,213,1,P004888   ,1.0,1.0,IST,12,"CLYBURN, WILL",36:40,15,2,8,3,8,2,2,2,5,7,2,0,1,0,1,3,5,13,7.0
2022,RS,24,213,1,P005348   ,0.0,0.0,IST,18,"ARNA, EGEHAN",DNP,0,0,0,0,0,0,0,0,0,0,0,0,0,0,0,0,0,0,0.0
2022,RS,24,213,1,P002925   ,0.0,0.0,IST,19,"TUNCER, BUGRAHAN",DNP,0,0,0,0,0,0,0,0,0,0,0,0,0,0,0,0,0,0,0.0
2022,RS,24,213,1,PLHK      ,1.0,0.0,IST,21,"PLEISS, TIBOR",25:24,11,3,7,1,2,2,2,2,2,4,0,0,1,1,1,3,2,8,2.0
2022,RS,24,213,1,P002580   ,1.0,0.0,IST,22,"MICIC, VASILIJE",19:31,10,1,4,1,2,5,5,0,2,2,2,1,2,0,1,2,4,10,-10.0
2022,RS,24,213,1,P007993   ,0.0,1.0,IST,24,"M'BAYE, AMATH",06:57,0,0,1,0,0,0,0,0,0,0,0,0,0,0,0,1,0,-2,-1.0
2022,RS,24,213,1,P004554   ,0.0,0.0,IST,41,"ZIZIC, ANTE",DNP,0,0,0,0,0,0,0,0,0,0,0,0,0,0,0,0,0,0,0.0
2022,RS,24,213,1,P003048   ,0.0,0.0,IST,42,"DUNSTON, BRYANT",15:12,8,3,5,0,0,2,4,1,0,1,0,1,1,0,0,5,3,3,-1.0
2022,RS,24,213,1,Team,0.0,0.0,IST,,Team,,0,0,0,0,0,0,0,2,2,4,0,0,0,0,0,0,0,4,
2022,RS,24,213,1,Total,,,IST,,Total,200:00,90,15,34,14,28,18,20,10,19,29,17,5,10,1,3,22,22,94,
2022,RS,24,213,0,P001392   ,0.0,0.0,MAD,1,"CAUSEUR, FABIEN",11:50,3,0,1,1,3,0,0,1,1,2,1,0,0,0,0,0,0,3,-4.0
2022,RS,24,213,0,PBMT      ,0.0,0.0,MAD,5,"FERNANDEZ, RUDY",16:05,3,0,0,1,5,0,0,0,0,0,3,0,0,0,0,2,1,1,10.0
2022,RS,24,213,0,P003733   ,0.0,0.0,MAD,6,"ABALDE, ALBERTO",08:18,0,0,0,0,0,0,0,1,0,1,2,0,1,0,0,1,1,2,-9.0
2022,RS,24,213,0,P005099   ,1.0,1.0,MAD,8,"HANGA, ADAM",16:03,2,0,2,0,1,2,2,0,2,2,3,1,2,0,0,2,1,2,-4.0
2022,RS,24,213,0,P003108   ,1.0,0.0,MAD,11,"HEZONJA, MARIO",10:21,8,1,1,2,3,0,0,0,4,4,3,0,0,0,0,1,0,13,-4.0
2022,RS,24,213,0,PCVM      ,0.0,0.0,MAD,13,"RODRIGUEZ, SERGIO",23:53,14,2,3,2,5,4,4,0,3,3,2,0,0,0,0,3,5,17,5.0
2022,RS,24,213,0,P009005   ,1.0,1.0,MAD,14,"DECK, GABRIEL",31:37,15,4,7,0,1,7,7,0,2,2,2,0,1,0,1,4,5,14,-4.0
2022,RS,24,213,0,P004887   ,0.0,0.0,MAD,17,"POIRIER, VINCENT",15:24,5,2,3,0,0,1,1,4,3,7,1,0,1,2,0,4,2,11,10.0
2022,RS,24,213,0,P004790   ,0.0,0.0,MAD,21,"CORNELIE, PETR",06:17,2,1,1,0,2,0,0,0,2,2,0,0,0,0,0,0,0,2,-5.0
2022,RS,24,213,0,P005791   ,1.0,1.0,MAD,22,"TAVARES, WALTER",23:36,13,5,6,0,0,3,3,3,1,4,0,2,1,1,0,1,4,21,-9.0
2022,RS,24,213,0,P010357   ,0.0,1.0,MAD,28,"YABUSELE, GUERSCHON",15:48,8,1,1,2,5,0,0,0,2,2,0,1,3,0,0,3,0,2,0.0
2022,RS,24,213,0,P006540   ,1.0,1.0,MAD,31,"MUSA, DZANAN",20:48,16,3,4,3,6,1,1,0,2,2,5,1,2,0,0,2,3,19,9.0
2022,RS,24,213,0,Team,0.0,0.0,MAD,,Team,,0,0,0,0,0,0,0,1,2,3,0,0,1,0,0,0,0,2,
2022,RS,24,213,0,Total,,,MAD,,Total,200:00,89,19,29,11,31,18,18,10,24,34,22,5,12,3,1,23,22,109,
2022,RS,24,214,1,P010588   ,0.0,1.0,MCO,0,"BROWN, JOHN",14:22,3,0,0,1,2,0,0,0,1,1,0,0,0,0,0,4,1,0,5.0
2022,RS,24,214,1,P011212   ,0.0,1.0,MCO,0,"OKOBO, ELIE",22:47,10,1,4,1,2,5,8,1,0,1,2,0,4,0,0,2,4,4,3.0
2022,RS,24,214,1,P012201   ,1.0,0.0,MCO,1,"MONEKE, CHIMA",17:18,4,1,1,0,0,2,2,0,4,4,0,0,1,0,0,1,1,7,9.0
2022,RS,24,214,1,P009754   ,1.0,1.0,MCO,3,"LOYD, JORDAN",25:55,16,4,4,2,5,2,2,0,1,1,2,0,1,0,0,2,2,15,20.0
2022,RS,24,214,1,P011231   ,0.0,0.0,MCO,4,"BLOSSOMGAME, JARON",14:29,7,3,4,0,2,1,3,1,0,1,1,0,2,0,0,1,2,3,0.0
2022,RS,24,214,1,P011935   ,0.0,0.0,MCO,5,"MAKOUNDOU, YOAN",DNP,0,0,0,0,0,0,0,0,0,0,0,0,0,0,0,0,0,0,0.0
2022,RS,24,214,1,P011226   ,1.0,0.0,MCO,11,"DIALLO, ALPHA",24:12,12,2,4,1,3,5,6,1,3,4,5,1,1,1,0,2,6,21,11.0
2022,RS,24,214,1,PLCZ      ,0.0,0.0,MCO,20,"MOTIEJUNAS, DONATAS",19:04,12,3,6,0,0,6,8,2,3,5,1,0,0,1,2,1,5,16,-1.0
2022,RS,24,214,1,P004197   ,0.0,0.0,MCO,24,"OUATTARA, YAKUBA",11:10,3,0,0,1,2,0,0,0,2,2,1,0,0,0,0,0,0,5,-9.0
2022,RS,24,214,1,P008099   ,0.0,0.0,MCO,32,"STRAZEL, MATTHEW",DNP,0,0,0,0,0,0,0,0,0,0,0,0,0,0,0,0,0,0,0.0
2022,RS,24,214,1,P011196   ,1.0,1.0,MCO,45,"HALL, DONTA",20:56,10,4,5,0,0,2,2,2,3,5,1,0,2,1,1,3,2,12,13.0
2022,RS,24,214,1,P005985   ,1.0,1.0,MCO,55,"JAMES, MIKE",29:47,10,2,9,1,2,3,4,0,4,4,7,1,2,1,0,1,4,15,9.0
2022,RS,24,214,1,Team,0.0,0.0,MCO,,Team,,0,0,0,0,0,0,0,4,3,7,0,0,0,0,0,0,0,7,
2022,RS,24,214,1,Total,,,MCO,,Total,200:00,87,20,37,7,18,26,35,11,24,35,20,2,13,4,3,17,27,105,
2022,RS,24,214,0,P011936   ,1.0,1.0,ASV,0,"MATHEWS, JONAH",26:43,6,3,7,0,3,0,0,1,1,2,4,1,4,0,2,2,0,-2,-11.0
2022,RS,24,214,0,P006068   ,1.0,0.0,ASV,2,"NOUA, AMINE",23:48,10,2,5,2,3,0,0,2,5,7,2,1,2,1,1,1,0,13,-15.0
2022,RS,24,214,0,P004264   ,1.0,0.0,ASV,3,"BOST, DEE",24:00,8,1,1,2,10,0,0,0,1,1,8,5,1,0,0,2,3,14,-9.0
2022,RS,24,214,0,PTFK      ,0.0,0.0,ASV,8,"DIOT, ANTOINE",12:38,9,0,1,3,6,0,0,0,0,0,0,0,1,0,0,4,3,3,-1.0
2022,RS,24,214,0,P004119   ,0.0,1.0,ASV,9,"TYUS, ALEX",24:48,10,5,6,0,0,0,0,1,5,6,0,0,1,1,0,4,0,11,-6.0
2022,RS,24,214,0,P010718   ,1.0,1.0,ASV,10,"RISACHER, ZACCHARIE",19:20,2,1,3,0,0,0,0,2,0,2,0,0,0,0,0,2,0,0,-2.0
2022,RS,24,214,0,P006568   ,1.0,0.0,ASV,19,"FALL, YOUSSOUPHA",15:12,7,3,3,0,0,1,2,2,3,5,0,1,2,1,0,4,3,10,-6.0
2022,RS,24,214,0,P003526   ,0.0,0.0,ASV,23,"LIGHTY, DAVID",15:12,5,2,2,0,1,1,2,0,3,3,2,0,0,0,0,4,3,7,-6.0
2022,RS,24,214,0,P011938   ,0.0,1.0,ASV,32,"OBASOHAN, RETIN",21:49,11,5,6,0,2,1,2,1,1,2,4,1,2,0,0,4,3,11,-7.0
2022,RS,24,214,0,P006832   ,0.0,1.0,ASV,35,"PONS, YVES",16:30,7,2,4,0,1,3,4,0,1,1,0,1,0,0,1,2,2,4,3.0
2022,RS,24,214,0,Team,0.0,0.0,ASV,,Team,,0,0,0,0,0,0,0,2,1,3,0,0,2,0,0,0,0,1,
2022,RS,24,214,0,Total,,,ASV,,Total,200:00,75,24,38,7,26,6,10,11,21,32,20,10,15,3,4,29,17,72,
2022,RS,24,215,1,P007513   ,0.0,0.0,ZAL,3,"GIEDRAITIS, DOVYDAS",08:52,3,0,0,1,1,0,0,1,0,1,0,0,0,0,0,2,0,2,3.0
2022,RS,24,215,1,P003210   ,1.0,0.0,ZAL,4,"LEKAVICIUS, LUKAS",23:54,7,2,6,1,4,0,0,0,2,2,1,0,1,0,2,3,2,-1,3.0
2022,RS,24,215,1,P010390   ,1.0,1.0,ZAL,8,"HAYES, KEVARRIUS",15:18,2,1,1,0,0,0,0,1,2,3,0,0,0,1,0,3,0,3,5.0
2022,RS,24,215,1,P007109   ,1.0,1.0,ZAL,10,"SMITS, ROLANDS",30:27,20,7,7,2,5,0,0,1,4,5,1,0,3,0,0,3,3,20,3.0
2022,RS,24,215,1,P010185   ,0.0,0.0,ZAL,14,"KRIVAS, MOTIEJUS",DNP,0,0,0,0,0,0,0,0,0,0,0,0,0,0,0,0,0,0,0.0
2022,RS,24,215,1,P005504   ,0.0,0.0,ZAL,15,"BIRUTIS, LAURYNAS",19:00,4,1,1,0,0,2,2,3,2,5,2,0,1,1,0,0,3,14,4.0
2022,RS,24,215,1,P006158   ,0.0,0.0,ZAL,16,"LUKOSIUNAS, KAROLIS",DNP,0,0,0,0,0,0,0,0,0,0,0,0,0,0,0,0,0,0,0.0
2022,RS,24,215,1,P011983   ,0.0,0.0,ZAL,17,"BRAZDEIKIS, IGNAS",23:24,15,2,7,3,4,2,2,1,0,1,2,1,2,0,1,2,2,10,-6.0
2022,RS,24,215,1,P002084   ,0.0,0.0,ZAL,25,"POLONARA, ACHILLE",11:23,1,0,0,0,0,1,2,1,2,3,2,0,0,0,0,0,1,6,-1.0
2022,RS,24,215,1,P003211   ,0.0,1.0,ZAL,33,"DIMSA, TOMAS",19:53,7,0,2,1,6,4,4,0,0,0,0,1,0,0,0,2,3,2,0.0
2022,RS,24,215,1,P002676   ,1.0,1.0,ZAL,51,"BUTKEVICIUS, ARNAS",17:10,4,1,1,0,1,2,2,1,5,6,0,0,0,0,0,4,1,6,6.0
2022,RS,24,215,1,P002329   ,1.0,1.0,ZAL,92,"ULANOVAS, EDGARAS",30:39,16,5,8,0,2,6,7,1,4,5,5,1,0,0,0,1,6,26,3.0
2022,RS,24,215,1,Team,0.0,0.0,ZAL,,Team,,0,0,0,0,0,0,0,1,1,2,0,0,0,0,0,0,0,2,
2022,RS,24,215,1,Total,,,ZAL,,Total,200:00,79,19,33,8,23,17,19,11,22,33,13,3,7,2,3,20,21,90,
2022,RS,24,215,0,P011948   ,1.0,1.0,BAS,0,"HOWARD, MARKUS",24:55,15,3,5,2,7,3,3,0,0,0,0,1,0,0,0,2,5,12,-8.0
2022,RS,24,215,0,P012259   ,0.0,0.0,BAS,1,"HEIDEGGER, MAX",13:04,3,0,2,0,0,3,3,0,0,0,2,0,0,0,0,1,1,3,6.0
2022,RS,24,215,0,P008850   ,0.0,0.0,BAS,2,"RAIESTE, SANDER",08:07,2,1,1,0,0,0,0,1,0,1,0,0,0,0,0,1,0,2,8.0
2022,RS,24,215,0,P007230   ,0.0,0.0,BAS,8,"SEDEKERSKIS, TADAS",18:50,6,1,2,1,2,1,2,1,2,3,1,3,2,0,1,5,2,4,-5.0
2022,RS,24,215,0,P004761   ,0.0,1.0,BAS,9,"MARINKOVIC, VANJA",21:44,7,2,3,1,6,0,0,0,2,2,1,0,0,0,0,2,0,2,-4.0
2022,RS,24,215,0,P003198   ,0.0,0.0,BAS,11,"DIEZ, DANIEL",DNP,0,0,0,0,0,0,0,0,0,0,0,0,0,0,0,0,0,0,0.0
2022,RS,24,215,0,P011078   ,1.0,1.0,BAS,13,"THOMPSON, DARIUS",27:00,7,3,9,0,2,1,2,3,2,5,6,1,0,1,0,1,3,13,-10.0
2022,RS,24,215,0,P004603   ,1.0,0.0,BAS,21,"KOTSAR, MAIK",22:46,12,5,7,0,0,2,2,1,2,3,0,0,0,0,1,2,4,14,-7.0
2022,RS,24,215,0,P011239   ,0.0,0.0,BAS,23,"ENOCH, STEVEN",17:02,6,2,3,0,0,2,4,3,6,9,1,0,0,1,0,2,3,15,3.0
2022,RS,24,215,0,P010444   ,1.0,1.0,BAS,24,"COSTELLO, MATTHEW",18:44,6,2,3,0,1,2,2,0,2,2,3,1,2,1,0,1,1,9,-1.0
2022,RS,24,215,0,P006436   ,1.0,1.0,BAS,31,"GIEDRAITIS, ROKAS",18:28,11,2,3,2,5,1,2,4,2,6,2,0,0,0,0,4,1,11,-4.0
2022,RS,24,215,0,P011949   ,0.0,0.0,BAS,34,"HOMMES, DAULTON",09:20,0,0,0,0,2,0,0,1,0,1,0,0,1,0,0,0,0,-2,2.0
2022,RS,24,215,0,Team,0.0,0.0,BAS,,Team,,0,0,0,0,0,0,0,2,0,2,0,0,1,0,0,0,0,1,
2022,RS,24,215,0,Total,,,BAS,,Total,200:00,75,21,38,6,25,15,20,16,18,34,16,6,6,3,2,21,20,84,
2022,RS,24,216,1,P011209   ,0.0,0.0,PAN,0,"KALAITZAKIS, PANAGIOTIS",DNP,0,0,0,0,0,0,0,0,0,0,0,0,0,0,0,0,0,0,0.0
2022,RS,24,216,1,P011225   ,1.0,1.0,PAN,5,"LEE, PARIS",36:52,25,1,2,5,9,8,9,0,1,1,7,0,5,0,1,2,7,26,-3.0
2022,RS,24,216,1,P003240   ,0.0,0.0,PAN,7,"BOCHORIDIS, ELEFTHERIOS",10:07,0,0,0,0,0,0,0,0,1,1,2,0,1,0,0,3,2,1,8.0
2022,RS,24,216,1,P009006   ,1.0,1.0,PAN,8,"WILLIAMS, DERRICK",29:43,8,3,4,0,3,2,2,1,4,5,2,0,1,1,0,3,1,9,-1.0
2022,RS,24,216,1,P004429   ,0.0,0.0,PAN,9,"AGRAVANIS, DIMITRIS",10:11,0,0,1,0,1,0,0,0,1,1,0,1,0,1,0,4,1,-2,4.0
2022,RS,24,216,1,P006586   ,1.0,1.0,PAN,16,"KALAITZAKIS, GEORGIOS",14:22,5,1,1,1,2,0,0,0,0,0,1,2,0,2,0,1,0,8,-2.0
2022,RS,24,216,1,P008967   ,0.0,1.0,PAN,17,"THOMAS, MATT",23:12,13,2,3,2,7,3,5,2,2,4,0,3,2,0,0,1,5,14,3.0
2022,RS,24,216,1,P011442   ,0.0,0.0,PAN,20,"SAMONTOUROV, ALEXANDROS",DNP,0,0,0,0,0,0,0,0,0,0,0,0,0,0,0,0,0,0,0.0
2022,RS,24,216,1,P011286   ,1.0,1.0,PAN,24,"BACON, DWAYNE",26:37,10,4,12,0,2,2,4,2,1,3,5,1,1,0,1,2,8,11,-9.0
2022,RS,24,216,1,P002328   ,0.0,0.0,PAN,40,"GRIGONIS, MARIUS",09:12,5,0,0,1,1,2,2,0,1,1,2,0,2,0,0,1,1,6,-2.0
2022,RS,24,216,1,P008084   ,0.0,0.0,PAN,72,"MANTZOUKAS, ELEFTHERIOS",10:29,2,1,1,0,0,0,0,0,1,1,0,0,1,0,0,0,0,2,2.0
2022,RS,24,216,1,P003120   ,1.0,0.0,PAN,77,"GUDAITIS, ARTURAS",29:15,23,7,11,0,0,9,11,3,7,10,0,1,0,1,1,4,8,32,-5.0
2022,RS,24,216,1,Team,0.0,0.0,PAN,,Team,,0,0,0,0,0,0,0,3,1,4,0,0,0,0,0,0,0,4,
2022,RS,24,216,1,Total,,,PAN,,Total,200:00,91,19,35,9,25,26,33,11,20,31,19,8,13,5,3,21,33,111,
2022,RS,24,216,0,P011970   ,0.0,0.0,PAM,0,"HARPER, JARED",17:02,6,0,2,2,5,0,0,0,0,0,2,1,3,0,0,4,0,-3,-5.0
2022,RS,24,216,0,P000556   ,1.0,1.0,PAM,1,"CLAVER, VICTOR",21:17,13,1,1,3,4,2,2,0,3,3,1,0,2,0,0,3,3,14,11.0
2022,RS,24,216,0,P006643   ,0.0,0.0,PAM,2,"PUERTO, JOSEP",07:00,0,0,0,0,1,0,0,1,1,2,0,0,0,0,0,1,0,0,-6.0
2022,RS,24,216,0,P002661   ,0.0,1.0,PAM,3,"PREPELIC, KLEMEN",15:51,2,0,0,0,2,2,2,1,1,2,3,0,2,0,0,4,1,0,2.0
2022,RS,24,216,0,P010393   ,0.0,0.0,PAM,4,"PRADILLA, JAIME",18:49,9,3,5,1,1,0,2,1,0,1,0,2,1,0,2,2,1,4,-8.0
2022,RS,24,216,0,P011971   ,1.0,1.0,PAM,5,"WEBB III, JAMES",23:31,6,0,0,2,6,0,0,0,5,5,1,1,0,0,0,2,1,8,6.0
2022,RS,24,216,0,P005356   ,0.0,0.0,PAM,6,"LOPEZ-AROSTEGUI, XABI",13:50,4,1,3,0,0,2,2,1,4,5,2,2,2,0,2,3,4,8,0.0
2022,RS,24,216,0,P010568   ,1.0,1.0,PAM,7,"JONES, CHRIS",24:43,24,6,7,2,3,6,7,0,4,4,5,1,1,0,0,1,4,33,5.0
2022,RS,24,216,0,P011972   ,1.0,0.0,PAM,12,"RADEBAUGH, JONAH",15:02,2,1,2,0,2,0,0,0,0,0,3,0,0,0,1,3,0,-2,1.0
2022,RS,24,216,0,P010677   ,0.0,0.0,PAM,13,"EVANS, SHANNON",05:59,3,0,1,1,3,0,0,0,0,0,0,0,1,0,0,1,1,-1,-4.0
2022,RS,24,216,0,P011973   ,1.0,1.0,PAM,21,"ALEXANDER, KYLE",20:37,16,7,8,0,0,2,4,0,1,1,1,1,0,2,0,4,3,17,5.0
2022,RS,24,216,0,P011214   ,0.0,0.0,PAM,41,"RIVERO, JASIEL",16:19,7,2,2,0,0,3,4,2,2,4,0,1,3,1,0,5,3,7,-2.0
2022,RS,24,216,0,Team,0.0,0.0,PAM,,Team,,0,0,0,0,0,0,0,2,3,5,0,0,0,0,0,0,0,5,
2022,RS,24,216,0,Total,,,PAM,,Total,200:00,92,21,31,11,27,17,23,8,24,32,18,9,15,3,5,33,21,90,
2022,RS,25,217,1,P012056   ,0.0,0.0,TEL,3,"ADAMS, JALEN",04:44,0,0,1,0,0,0,0,0,0,0,0,0,0,0,0,1,0,-2,-6.0
2022,RS,25,217,1,P009622   ,1.0,0.0,TEL,4,"BROWN, LORENZO",34:30,27,6,10,3,6,6,6,1,3,4,6,2,2,0,2,0,5,33,12.0
2022,RS,25,217,1,P009863   ,1.0,1.0,TEL,5,"BALDWIN IV, WADE",26:05,15,3,7,2,6,3,4,2,6,8,8,0,1,3,1,1,4,26,3.0
2022,RS,25,217,1,P011967   ,1.0,1.0,TEL,6,"MARTIN, JARELL",19:40,8,2,4,0,1,4,5,0,2,2,1,0,1,0,0,4,5,7,-2.0
2022,RS,25,217,1,P004233   ,0.0,1.0,TEL,8,"MENCO, RAFI",04:30,0,0,0,0,1,0,0,1,0,1,0,1,0,0,0,1,0,0,1.0
2022,RS,25,217,1,P011219   ,0.0,0.0,TEL,9,"SORKIN, ROMAN",15:37,8,4,5,0,0,0,1,0,2,2,1,1,1,0,0,2,1,8,7.0
2022,RS,25,217,1,P007990   ,0.0,0.0,TEL,12,"DIBARTOLOMEO, JOHN",17:53,8,0,1,1,4,5,5,1,0,1,2,0,0,0,0,5,5,7,8.0
2022,RS,25,217,1,P008989   ,0.0,1.0,TEL,13,"HILLIARD, DARRUN",12:44,5,1,1,1,1,0,0,0,1,1,0,0,1,0,0,1,0,4,10.0
2022,RS,25,217,1,P005145   ,0.0,0.0,TEL,15,"COHEN, JAKE",DNP,0,0,0,0,0,0,0,0,0,0,0,0,0,0,0,0,0,0,0.0
2022,RS,25,217,1,P012203   ,0.0,0.0,TEL,17,"BRAIMOH, SULEIMAN",05:39,2,1,1,0,0,0,0,0,0,0,0,0,1,0,0,2,0,-1,-5.0
2022,RS,25,217,1,P011199   ,1.0,1.0,TEL,32,"NEBO, JOSH",21:42,2,1,3,0,0,0,0,0,2,2,0,1,1,1,1,2,0,0,8.0
2022,RS,25,217,1,P009783   ,1.0,0.0,TEL,50,"COLSON, BONZIE",36:56,15,6,9,0,2,3,4,1,7,8,0,4,0,0,0,3,3,21,4.0
2022,RS,25,217,1,Team,0.0,0.0,TEL,,Team,,0,0,0,0,0,0,0,2,2,4,0,0,0,0,0,0,0,4,
2022,RS,25,217,1,Total,,,TEL,,Total,200:00,90,24,42,7,21,21,25,8,25,33,18,9,8,4,4,22,23,107,
2022,RS,25,217,0,P010391   ,1.0,1.0,MUN,0,"WEILER-BABB, NICK",28:45,7,3,3,0,4,1,1,1,1,2,2,0,0,0,0,3,1,5,1.0
2022,RS,25,217,0,P009866   ,0.0,1.0,MUN,2,"WALDEN, COREY",22:43,19,2,4,2,6,9,10,0,3,3,4,0,4,0,0,3,7,19,-1.0
2022,RS,25,217,0,P004862   ,0.0,0.0,MUN,4,"SEELEY, DENNIS",05:55,3,0,0,1,2,0,0,1,1,2,1,0,0,0,0,1,0,4,8.0
2022,RS,25,217,0,P011940   ,1.0,1.0,MUN,5,"WINSTON, CASSIUS",19:01,10,2,7,2,5,0,0,1,2,3,3,0,2,0,1,2,2,5,-6.0
2022,RS,25,217,0,P001557   ,0.0,0.0,MUN,7,"GIFFEY, NIELS",23:08,11,2,4,2,3,1,2,1,4,5,0,0,1,0,0,3,1,9,2.0
2022,RS,25,217,0,P005160   ,0.0,0.0,MUN,8,"HUNTER, OTHELLO",15:24,6,2,2,0,1,2,3,1,3,4,0,0,0,0,0,0,2,10,3.0
2022,RS,25,217,0,P006760   ,1.0,0.0,MUN,9,"BONGA, ISAAC",19:18,1,0,5,0,1,1,2,6,2,8,3,1,0,0,0,1,2,7,-6.0
2022,RS,25,217,0,P004508   ,0.0,1.0,MUN,13,"OBST, ANDREAS",21:35,14,1,4,4,8,0,0,0,4,4,1,1,4,0,1,3,2,7,-20.0
2022,RS,25,217,0,P005056   ,0.0,0.0,MUN,16,"ZIPSER, PAUL",06:18,3,0,2,1,2,0,0,0,1,1,0,0,0,0,1,2,1,-1,3.0
2022,RS,25,217,0,P005478   ,1.0,0.0,MUN,17,"WIMBERG, NIKLAS",13:17,2,1,3,0,2,0,0,1,0,1,0,0,0,0,1,4,0,-6,-13.0
2022,RS,25,217,0,P011941   ,1.0,1.0,MUN,33,"GILLESPIE, FREDDIE",24:36,6,3,5,0,0,0,2,3,2,5,2,0,0,4,0,1,4,16,-11.0
2022,RS,25,217,0,Team,0.0,0.0,MUN,,Team,,0,0,0,0,0,0,0,4,3,7,0,0,1,0,0,0,0,6,
2022,RS,25,217,0,Total,,,MUN,,Total,200:00,82,16,39,12,34,14,20,19,26,45,16,2,12,4,4,23,22,81,
2022,RS,25,218,1,P007870   ,0.0,0.0,MIL,0,"DAVIES, BRANDON",17:01,16,8,11,0,0,0,1,3,2,5,3,0,1,1,0,1,2,21,4.0
2022,RS,25,218,1,P005094   ,0.0,0.0,MIL,1,"THOMAS, DESHAUN",03:56,2,1,2,0,0,0,0,0,0,0,0,0,0,0,0,0,1,2,-2.0
2022,RS,25,218,1,P012080   ,1.0,1.0,MIL,2,"LUWAWU-CABARROT, TIMOTHE",15:01,1,0,4,0,1,1,1,0,2,2,0,0,3,0,0,3,0,-8,3.0
2022,RS,25,218,1,P011965   ,0.0,0.0,MIL,3,"MITROU-LONG, NAZ",13:45,2,1,2,0,1,0,0,0,2,2,1,0,1,0,0,2,2,2,6.0
2022,RS,25,218,1,P006509   ,0.0,1.0,MIL,7,"TONUT, STEFANO",32:32,11,4,5,1,3,0,0,1,3,4,2,1,1,0,0,2,1,13,4.0
2022,RS,25,218,1,P002849   ,1.0,1.0,MIL,9,"MELLI, NICOLO",22:59,14,4,6,1,3,3,3,1,6,7,0,0,0,0,0,0,2,19,-2.0
2022,RS,25,218,1,P005775   ,0.0,1.0,MIL,12,"BARON, BILLY",27:40,9,3,4,1,5,0,0,2,3,5,2,0,2,0,0,2,3,10,2.0
2022,RS,25,218,1,P011224   ,1.0,0.0,MIL,13,"NAPIER, SHABAZZ",26:04,16,2,4,4,8,0,0,2,1,3,5,0,3,0,0,2,5,18,-6.0
2022,RS,25,218,1,P005059   ,0.0,0.0,MIL,40,"ALVITI, DAVIDE",DNP,0,0,0,0,0,0,0,0,0,0,0,0,0,0,0,0,0,0,0.0
2022,RS,25,218,1,P002812   ,1.0,1.0,MIL,42,"HINES, KYLE",11:30,2,1,1,0,0,0,0,1,2,3,0,0,0,0,0,1,0,4,-2.0
2022,RS,25,218,1,PCCD      ,1.0,0.0,MIL,70,"DATOME, LUIGI",04:58,3,0,1,1,2,0,0,1,0,1,0,0,0,0,0,1,0,1,-3.0
2022,RS,25,218,1,P007201   ,0.0,0.0,MIL,77,"VOIGTMANN, JOHANNES",24:34,2,1,1,0,3,0,0,2,3,5,3,2,0,1,0,1,0,9,6.0
2022,RS,25,218,1,Team,0.0,0.0,MIL,,Team,,0,0,0,0,0,0,0,1,2,3,0,0,1,0,0,0,0,2,
2022,RS,25,218,1,Total,,,MIL,,Total,200:00,78,25,41,8,26,4,5,14,26,40,16,3,12,2,0,15,16,93,
2022,RS,25,218,0,P006555   ,0.0,1.0,PAN,3,"WOLTERS, NATE",14:42,8,4,4,0,1,0,0,0,2,2,2,0,0,0,0,1,0,10,-6.0
2022,RS,25,218,0,P011225   ,1.0,1.0,PAN,5,"LEE, PARIS",26:41,13,1,2,3,6,2,2,1,2,3,5,1,0,0,0,3,2,17,5.0
2022,RS,25,218,0,P005844   ,1.0,0.0,PAN,6,"PAPAGIANNIS, GEORGIOS",23:17,10,5,6,0,1,0,0,0,5,5,1,0,3,0,0,5,2,8,0.0
2022,RS,25,218,0,P009006   ,1.0,1.0,PAN,8,"WILLIAMS, DERRICK",34:22,21,4,4,3,6,4,4,1,1,2,2,1,0,0,0,1,3,25,5.0
2022,RS,25,218,0,P008967   ,0.0,0.0,PAN,17,"THOMAS, MATT",19:32,5,1,2,1,5,0,0,0,1,1,0,2,2,0,0,2,1,0,-9.0
2022,RS,25,218,0,P011442   ,0.0,0.0,PAN,20,"SAMONTOUROV, ALEXANDROS",DNP,0,0,0,0,0,0,0,0,0,0,0,0,0,0,0,0,0,0,0.0
2022,RS,25,218,0,P011286   ,1.0,1.0,PAN,24,"BACON, DWAYNE",35:22,14,5,8,1,7,1,3,0,2,2,0,1,3,0,1,3,3,2,5.0
2022,RS,25,218,0,P004172   ,1.0,1.0,PAN,37,"PONITKA, MATEUSZ",24:57,3,0,3,0,1,3,4,0,6,6,3,2,1,0,0,0,4,12,0.0
2022,RS,25,218,0,P002328   ,0.0,0.0,PAN,40,"GRIGONIS, MARIUS",04:00,0,0,0,0,1,0,0,0,0,0,0,0,0,0,0,0,0,-1,-5.0
2022,RS,25,218,0,P008084   ,0.0,0.0,PAN,72,"MANTZOUKAS, ELEFTHERIOS",17:07,2,1,2,0,2,0,0,2,0,2,1,0,0,0,1,2,0,-1,-5.0
2022,RS,25,218,0,Team,0.0,0.0,PAN,,Team,,0,0,0,0,0,0,0,2,3,5,0,0,0,0,0,0,0,5,
2022,RS,25,218,0,Total,,,PAN,,Total,200:00,76,21,31,8,30,10,13,6,22,28,14,7,9,0,2,17,15,77,
2022,RS,25,219,1,P009212   ,0.0,0.0,PAR,1,"VUKCEVIC, TRISTAN",DNP,0,0,0,0,0,0,0,0,0,0,0,0,0,0,0,0,0,0,0.0
2022,RS,25,219,1,P008987   ,1.0,1.0,PAR,2,"LEDAY, ZACH",33:20,2,1,4,0,1,0,0,1,4,5,0,0,0,0,0,1,2,4,-4.0
2022,RS,25,219,1,P003983   ,0.0,1.0,PAR,4,"AVRAMOVIC, ALEKSA",07:08,2,1,2,0,1,0,0,0,1,1,1,0,1,0,0,1,0,0,-3.0
2022,RS,25,219,1,P009862   ,1.0,0.0,PAR,7,"PUNTER, KEVIN",28:52,25,5,7,3,6,6,6,0,1,1,2,0,0,0,1,5,7,24,6.0
2022,RS,25,219,1,P011051   ,0.0,0.0,PAR,9,"SMAILAGIC, ALEN",09:50,9,3,4,1,1,0,0,5,1,6,0,0,1,0,0,0,1,14,-3.0
2022,RS,25,219,1,P005161   ,1.0,1.0,PAR,10,"PAPAPETROU, IOANNIS",25:13,7,3,5,0,2,1,1,0,1,1,1,0,1,0,0,1,2,5,-4.0
2022,RS,25,219,1,P011302   ,0.0,1.0,PAR,11,"EXUM, DANTE",21:43,17,4,8,2,5,3,4,2,2,4,3,0,3,0,0,4,4,13,8.0
2022,RS,25,219,1,P007400   ,0.0,0.0,PAR,21,"NUNNALLY, JAMES",18:07,2,1,2,0,2,0,0,0,1,1,0,0,1,0,0,1,0,-2,-2.0
2022,RS,25,219,1,P003842   ,1.0,1.0,PAR,26,"LESSORT, MATHIAS",30:05,15,4,5,0,0,7,8,4,7,11,2,1,0,2,0,4,5,30,0.0
2022,RS,25,219,1,P007673   ,0.0,0.0,PAR,32,"TRIFUNOVIC, UROS",08:25,0,0,1,0,1,0,0,0,0,0,1,0,0,0,0,0,0,-1,-6.0
2022,RS,25,219,1,P000956   ,0.0,0.0,PAR,33,"ANDJUSIC, DANILO",DNP,0,0,0,0,0,0,0,0,0,0,0,0,0,0,0,0,0,0,0.0
2022,RS,25,219,1,P011052   ,1.0,0.0,PAR,41,"MADAR, YAM",17:17,15,3,4,2,4,3,3,0,1,1,4,1,1,0,0,5,2,14,-7.0
2022,RS,25,219,1,Team,0.0,0.0,PAR,,Team,,0,0,0,0,0,0,0,2,1,3,0,0,1,0,0,0,0,2,
2022,RS,25,219,1,Total,,,PAR,,Total,200:00,94,25,42,8,23,20,22,14,20,34,14,2,9,2,1,22,23,103,
2022,RS,25,219,0,P011157   ,1.0,0.0,ULK,0,"MOTLEY, JOHNATHAN",20:42,14,5,7,0,0,4,6,3,1,4,0,0,2,0,1,4,6,13,-1.0
2022,RS,25,219,0,P003091   ,0.0,0.0,ULK,1,"BIRSEN, METECAN",00:05,0,0,0,0,0,0,0,0,0,0,0,0,0,0,0,0,0,0,0.0
2022,RS,25,219,0,P006661   ,1.0,0.0,ULK,3,"WILBEKIN, SCOTTIE",24:23,15,1,3,3,7,4,5,0,0,0,2,0,1,0,0,4,4,9,-4.0
2022,RS,25,219,0,P011987   ,0.0,0.0,ULK,4,"EDWARDS, CARSEN",12:35,4,2,2,0,3,0,0,1,1,2,1,1,2,0,0,2,0,1,4.0
2022,RS,25,219,0,P002969   ,0.0,0.0,ULK,10,"MAHMUTOGLU, MELIH",DNP,0,0,0,0,0,0,0,0,0,0,0,0,0,0,0,0,0,0,0.0
2022,RS,25,219,0,P008962   ,1.0,1.0,ULK,11,"HAYES-DAVIS, NIGEL",37:41,6,1,2,1,3,1,2,1,0,1,1,3,1,0,0,3,2,5,4.0
2022,RS,25,219,0,P006961   ,0.0,0.0,ULK,13,"BIBEROVIC, TARIK",DNP,0,0,0,0,0,0,0,0,0,0,0,0,0,0,0,0,0,0,0.0
2022,RS,25,219,0,P010560   ,1.0,1.0,ULK,21,"PIERRE, DYSHAWN",37:19,21,3,4,5,5,0,0,0,6,6,3,0,1,0,0,3,0,25,6.0
2022,RS,25,219,0,P009733   ,0.0,0.0,ULK,22,"JEKIRI, TONYE",07:10,4,2,2,0,0,0,0,0,1,1,0,0,0,0,0,0,2,7,6.0
2022,RS,25,219,0,P004004   ,0.0,1.0,ULK,23,"GUDURIC, MARKO",24:52,25,3,5,4,5,7,7,1,1,2,7,2,0,0,1,2,5,35,12.0
2022,RS,25,219,0,P007056   ,0.0,1.0,ULK,31,"BOOKER, DEVIN",17:13,5,2,3,0,0,1,2,0,0,0,2,0,0,1,0,3,2,5,-8.0
2022,RS,25,219,0,P001932   ,1.0,1.0,ULK,33,"CALATHES, NICK",18:00,3,0,2,1,3,0,2,0,4,4,5,0,1,0,0,2,1,4,-4.0
2022,RS,25,219,0,Team,0.0,0.0,ULK,,Team,,0,0,0,0,0,0,0,1,2,3,0,0,0,0,0,0,0,3,
2022,RS,25,219,0,Total,,,ULK,,Total,200:00,97,19,30,14,26,17,24,7,16,23,21,6,8,1,2,23,22,107,
2022,RS,25,220,1,P007982   ,1.0,0.0,MAD,0,"WILLIAMS-GOSS, NIGEL",18:35,12,4,6,1,3,1,1,0,2,2,3,2,1,0,1,1,1,13,19.0
2022,RS,25,220,1,P001392   ,1.0,0.0,MAD,1,"CAUSEUR, FABIEN",12:15,0,0,0,0,1,0,2,0,3,3,4,1,1,0,0,1,1,4,16.0
2022,RS,25,220,1,PBMT      ,0.0,0.0,MAD,5,"FERNANDEZ, RUDY",18:56,5,1,1,1,3,0,0,0,1,1,2,0,1,1,0,2,0,4,-2.0
2022,RS,25,220,1,P003733   ,0.0,0.0,MAD,6,"ABALDE, ALBERTO",DNP,0,0,0,0,0,0,0,0,0,0,0,0,0,0,0,0,0,0,0.0
2022,RS,25,220,1,P003108   ,0.0,1.0,MAD,11,"HEZONJA, MARIO",12:20,4,2,3,0,2,0,0,0,0,0,1,1,2,0,0,2,1,0,14.0
2022,RS,25,220,1,PCVM      ,0.0,1.0,MAD,13,"RODRIGUEZ, SERGIO",21:25,4,1,2,0,3,2,2,1,2,3,6,2,1,0,0,1,3,12,8.0
2022,RS,25,220,1,P009005   ,1.0,0.0,MAD,14,"DECK, GABRIEL",20:32,12,5,5,0,0,2,3,1,2,3,2,1,2,1,0,1,2,17,13.0
2022,RS,25,220,1,P004887   ,0.0,1.0,MAD,17,"POIRIER, VINCENT",23:51,11,4,5,0,0,3,4,3,5,8,0,0,2,2,0,1,3,19,15.0
2022,RS,25,220,1,P004790   ,1.0,1.0,MAD,21,"CORNELIE, PETR",19:45,9,0,1,3,3,0,0,1,5,6,0,0,1,0,0,1,1,13,17.0
2022,RS,25,220,1,P005791   ,1.0,0.0,MAD,22,"TAVARES, WALTER",16:07,16,7,9,0,0,2,2,1,2,3,1,0,0,1,0,3,1,17,8.0
2022,RS,25,220,1,P010357   ,0.0,0.0,MAD,28,"YABUSELE, GUERSCHON",16:23,6,2,3,0,0,2,3,0,0,0,3,2,0,0,1,1,2,9,15.0
2022,RS,25,220,1,P006540   ,0.0,1.0,MAD,31,"MUSA, DZANAN",19:51,17,4,6,2,3,3,4,1,4,5,1,1,1,1,1,1,2,20,12.0
2022,RS,25,220,1,Team,0.0,0.0,MAD,,Team,,0,0,0,0,0,0,0,1,0,1,0,0,0,0,0,0,0,1,
2022,RS,25,220,1,Total,,,MAD,,Total,200:00,96,30,41,7,18,15,21,9,26,35,23,10,12,6,3,15,17,129,
2022,RS,25,220,0,P012068   ,1.0,1.0,ZAL,1,"TAYLOR, ISAIAH",18:44,8,1,4,2,2,0,0,1,0,1,1,0,2,0,1,1,1,4,-14.0
2022,RS,25,220,0,P007513   ,0.0,0.0,ZAL,3,"GIEDRAITIS, DOVYDAS",11:39,2,1,2,0,0,0,0,0,1,1,0,1,0,0,0,2,1,2,1.0
2022,RS,25,220,0,P003210   ,0.0,0.0,ZAL,4,"LEKAVICIUS, LUKAS",15:50,8,1,2,2,5,0,0,0,2,2,1,0,1,1,0,0,1,8,-8.0
2022,RS,25,220,0,P010390   ,1.0,0.0,ZAL,8,"HAYES, KEVARRIUS",16:55,4,2,6,0,0,0,1,4,0,4,1,0,0,0,0,4,2,2,-7.0
2022,RS,25,220,0,P007109   ,1.0,0.0,ZAL,10,"SMITS, ROLANDS",22:42,7,2,5,1,3,0,0,2,1,3,2,0,0,0,1,4,0,2,-18.0
2022,RS,25,220,0,P005504   ,0.0,1.0,ZAL,15,"BIRUTIS, LAURYNAS",19:04,5,2,6,0,0,1,2,2,1,3,2,1,1,0,3,2,1,1,-22.0
2022,RS,25,220,0,P006158   ,0.0,1.0,ZAL,16,"LUKOSIUNAS, KAROLIS",04:57,0,0,0,0,1,0,0,0,0,0,0,0,0,0,0,0,0,-1,-2.0
2022,RS,25,220,0,P011983   ,1.0,0.0,ZAL,17,"BRAZDEIKIS, IGNAS",21:07,16,6,10,1,2,1,1,2,2,4,2,1,5,0,0,1,2,14,-26.0
2022,RS,25,220,0,P002084   ,0.0,1.0,ZAL,25,"POLONARA, ACHILLE",18:18,2,1,2,0,3,0,0,0,6,6,2,0,0,1,1,0,1,7,-4.0
2022,RS,25,220,0,P003211   ,0.0,1.0,ZAL,33,"DIMSA, TOMAS",14:17,6,3,6,0,1,0,0,0,0,0,1,1,2,1,0,1,2,4,-5.0
2022,RS,25,220,0,P002676   ,0.0,0.0,ZAL,51,"BUTKEVICIUS, ARNAS",15:43,8,2,2,1,1,1,2,0,1,1,1,2,1,0,0,0,2,12,-5.0
2022,RS,25,220,0,P002329   ,1.0,0.0,ZAL,92,"ULANOVAS, EDGARAS",20:44,3,0,2,0,0,3,5,0,2,2,1,1,2,0,0,2,2,1,-25.0
2022,RS,25,220,0,Team,0.0,0.0,ZAL,,Team,,0,0,0,0,0,0,0,1,1,2,0,0,1,0,0,0,0,1,
2022,RS,25,220,0,Total,,,ZAL,,Total,200:00,69,21,47,7,18,6,11,12,17,29,14,7,15,3,6,17,15,57,
2022,RS,25,221,1,P007947   ,1.0,1.0,RED,1,"VILDOZA, LUCA",25:35,10,3,4,1,6,1,1,1,2,3,3,1,6,0,1,0,1,5,-14.0
2022,RS,25,221,1,P004720   ,0.0,1.0,RED,2,"LAZAREVIC, STEFAN",16:55,4,2,3,0,0,0,0,1,3,4,0,0,0,0,0,1,1,7,-15.0
2022,RS,25,221,1,P002553   ,0.0,0.0,RED,9,"MITROVIC, LUKA",21:14,8,4,5,0,0,0,0,1,2,3,2,0,0,0,1,1,0,10,-9.0
2022,RS,25,221,1,PLUO      ,1.0,0.0,RED,10,"LAZIC, BRANKO",10:10,0,0,0,0,2,0,0,0,0,0,0,0,0,0,0,1,0,-3,-3.0
2022,RS,25,221,1,P009540   ,0.0,0.0,RED,12,"MARTIN, HASSAN",03:35,0,0,0,0,0,0,0,0,0,0,1,0,0,0,0,0,0,1,-3.0
2022,RS,25,221,1,P004007   ,1.0,1.0,RED,13,"DOBRIC, OGNJEN",18:28,7,2,5,1,7,0,0,0,2,2,0,0,1,0,0,3,1,-3,-16.0
2022,RS,25,221,1,P003332   ,0.0,0.0,RED,20,"IVANOVIC, NIKOLA",14:14,9,3,3,1,1,0,0,1,0,1,0,0,1,0,0,3,0,6,1.0
2022,RS,25,221,1,P000848   ,0.0,1.0,RED,26,"NEDOVIC, NEMANJA",25:07,11,3,6,1,9,2,2,0,0,0,5,2,1,0,0,2,5,9,-3.0
2022,RS,25,221,1,PLME      ,0.0,0.0,RED,27,"MARKOVIC, STEFAN",18:43,2,0,0,0,1,2,2,0,2,2,1,1,0,0,0,2,1,4,-2.0
2022,RS,25,221,1,P003479   ,1.0,0.0,RED,32,"KUZMIC, OGNJEN",03:29,2,1,1,0,0,0,0,0,1,1,0,0,0,0,0,0,0,3,5.0
2022,RS,25,221,1,P011194   ,0.0,1.0,RED,33,"PETRUSEV, FILIP",24:26,14,3,8,1,2,5,6,2,1,3,0,0,2,0,2,4,4,6,-7.0
2022,RS,25,221,1,P009818   ,1.0,0.0,RED,50,"BENTIL, BENJAMIN",18:04,5,1,1,0,0,3,3,1,1,2,0,1,1,0,0,3,5,9,-9.0
2022,RS,25,221,1,Team,0.0,0.0,RED,,Team,,0,0,0,0,0,0,0,1,2,3,0,0,2,0,0,0,0,1,
2022,RS,25,221,1,Total,,,RED,,Total,200:00,72,22,36,5,28,13,14,8,16,24,12,5,14,0,4,20,18,55,
2022,RS,25,221,0,P007032   ,1.0,1.0,BER,0,"LO, MAODO",25:36,24,6,7,3,4,3,3,0,2,2,3,3,5,0,0,1,3,27,16.0
2022,RS,25,221,0,P008384   ,0.0,0.0,BER,1,"PROCIDA, GABRIELE",17:03,11,4,4,0,2,3,4,3,2,5,0,1,1,1,0,2,2,14,3.0
2022,RS,25,221,0,P011192   ,1.0,1.0,BER,3,"SMITH, JALEEN",30:53,8,4,5,0,6,0,0,0,0,0,2,0,0,0,0,1,2,4,19.0
2022,RS,25,221,0,P011934   ,0.0,1.0,BER,7,"WETZELL, YANNI",14:01,9,2,5,0,0,5,8,1,5,6,3,2,1,0,0,3,4,14,10.0
2022,RS,25,221,0,P007025   ,0.0,0.0,BER,9,"MATTISSECK, JONAS",08:26,3,0,0,1,1,0,0,0,0,0,1,1,0,0,0,3,0,2,-6.0
2022,RS,25,221,0,P006251   ,0.0,0.0,BER,10,"SCHNEIDER, TIM",DNP,0,0,0,0,0,0,0,0,0,0,0,0,0,0,0,0,0,0,0.0
2022,RS,25,221,0,P006919   ,1.0,1.0,BER,19,"OLINDE, LOUIS",23:38,13,4,7,1,1,2,2,2,5,7,1,0,0,1,0,0,2,21,14.0
2022,RS,25,221,0,P010791   ,0.0,0.0,BER,21,"KOUMADJE, CHRIST",05:23,0,0,0,0,0,0,0,0,1,1,0,0,0,0,0,1,0,0,-7.0
2022,RS,25,221,0,P003958   ,0.0,1.0,BER,32,"THIEMANN, JOHANNES",22:22,9,3,3,0,0,3,3,0,5,5,2,0,2,0,0,2,4,16,9.0
2022,RS,25,221,0,P006589   ,1.0,0.0,BER,43,"SIKMA, LUKE",17:38,2,1,3,0,1,0,0,2,1,3,6,0,2,0,0,3,1,4,6.0
2022,RS,25,221,0,P010385   ,1.0,0.0,BER,44,"LAMMERS, BEN",20:36,8,3,7,0,0,2,2,0,3,3,1,0,0,2,0,1,2,11,12.0
2022,RS,25,221,0,P011193   ,0.0,0.0,BER,45,"BLATT, TAMIR",14:24,0,0,0,0,2,0,0,0,2,2,3,0,3,0,0,1,0,-1,-1.0
2022,RS,25,221,0,Team,0.0,0.0,BER,,Team,,0,0,0,0,0,0,0,3,1,4,0,0,2,0,0,0,0,2,
2022,RS,25,221,0,Total,,,BER,,Total,200:00,87,27,41,5,17,18,22,11,27,38,22,7,16,4,0,18,20,114,
2022,RS,25,222,1,P011936   ,0.0,0.0,ASV,0,"MATHEWS, JONAH",13:45,7,1,3,1,1,2,2,0,1,1,1,0,0,0,0,2,2,7,-13.0
2022,RS,25,222,1,P004264   ,1.0,1.0,ASV,3,"BOST, DEE",22:38,7,2,3,1,5,0,0,0,3,3,6,2,2,0,0,3,1,9,-2.0
2022,RS,25,222,1,PTFK      ,0.0,0.0,ASV,8,"DIOT, ANTOINE",12:06,7,1,1,1,2,2,2,0,1,1,1,1,0,0,0,1,1,9,1.0
2022,RS,25,222,1,P004119   ,0.0,0.0,ASV,9,"TYUS, ALEX",15:24,7,3,4,0,0,1,1,1,1,2,0,0,2,0,0,4,1,3,-16.0
2022,RS,25,222,1,P010718   ,1.0,0.0,ASV,10,"RISACHER, ZACCHARIE",21:41,5,1,3,1,2,0,0,1,1,2,4,1,0,1,0,1,1,10,5.0
2022,RS,25,222,1,P002100   ,1.0,1.0,ASV,12,"DE COLO, NANDO",24:35,20,7,9,1,4,3,3,0,3,3,4,2,0,0,0,1,3,26,7.0
2022,RS,25,222,1,P006568   ,1.0,1.0,ASV,19,"FALL, YOUSSOUPHA",24:31,15,6,7,0,0,3,4,1,4,5,0,0,1,0,0,4,5,18,14.0
2022,RS,25,222,1,P003526   ,1.0,0.0,ASV,23,"LIGHTY, DAVID",16:31,4,1,2,0,1,2,2,0,1,1,0,0,0,0,1,1,1,2,2.0
2022,RS,25,222,1,P011938   ,0.0,1.0,ASV,32,"OBASOHAN, RETIN",25:15,9,4,7,0,2,1,2,0,0,0,2,3,3,0,0,4,6,7,-1.0
2022,RS,25,222,1,P006832   ,0.0,1.0,ASV,35,"PONS, YVES",23:34,8,1,2,2,3,0,0,1,3,4,0,0,1,1,0,3,0,7,-2.0
2022,RS,25,222,1,Team,0.0,0.0,ASV,,Team,,0,0,0,0,0,0,0,0,1,1,0,0,0,0,0,0,0,1,
2022,RS,25,222,1,Total,,,ASV,,Total,200:00,89,27,41,7,20,14,16,4,19,23,18,9,9,2,1,24,21,99,
2022,RS,25,222,0,P007200   ,1.0,1.0,IST,0,"LARKIN, SHANE",36:04,16,1,4,4,8,2,2,0,1,1,5,2,4,0,1,3,4,13,1.0
2022,RS,25,222,0,P006590   ,1.0,0.0,IST,1,"BEAUBOIS, RODRIGUE",24:45,12,3,6,2,4,0,0,0,0,0,1,1,0,0,0,3,2,8,-7.0
2022,RS,25,222,0,P006614   ,1.0,0.0,IST,2,"SINGLETON, CHRIS",15:51,1,0,1,0,0,1,2,1,3,4,2,0,0,0,1,4,4,4,-4.0
2022,RS,25,222,0,P009846   ,0.0,1.0,IST,6,"BRYANT, ELIJAH",24:16,14,5,6,1,1,1,2,2,8,10,2,0,2,0,0,3,1,20,-1.0
2022,RS,25,222,0,P010516   ,0.0,0.0,IST,11,"GAZI, ERTEN",00:04,0,0,0,0,0,0,0,0,0,0,0,0,0,0,0,0,0,0,0.0
2022,RS,25,222,0,P004888   ,1.0,1.0,IST,12,"CLYBURN, WILL",34:56,20,3,4,2,5,8,11,0,1,1,3,2,2,0,0,2,9,24,10.0
2022,RS,25,222,0,P005348   ,0.0,0.0,IST,18,"ARNA, EGEHAN",DNP,0,0,0,0,0,0,0,0,0,0,0,0,0,0,0,0,0,0,0.0
2022,RS,25,222,0,P002925   ,0.0,0.0,IST,19,"TUNCER, BUGRAHAN",DNP,0,0,0,0,0,0,0,0,0,0,0,0,0,0,0,0,0,0,0.0
2022,RS,25,222,0,PLHK      ,0.0,0.0,IST,21,"PLEISS, TIBOR",19:20,9,3,4,0,1,3,3,1,1,2,0,0,4,1,0,2,3,7,-2.0
2022,RS,25,222,0,P007993   ,0.0,1.0,IST,24,"M'BAYE, AMATH",24:04,8,1,2,2,3,0,0,1,1,2,0,0,2,0,0,2,0,4,5.0
2022,RS,25,222,0,P004554   ,1.0,1.0,IST,41,"ZIZIC, ANTE",18:05,8,4,4,0,0,0,2,1,6,7,0,0,1,0,0,3,1,10,4.0
2022,RS,25,222,0,P003048   ,0.0,0.0,IST,42,"DUNSTON, BRYANT",02:35,2,1,1,0,0,0,0,1,0,1,0,0,0,0,0,0,0,3,-1.0
2022,RS,25,222,0,Team,0.0,0.0,IST,,Team,,0,0,0,0,0,0,0,1,2,3,0,0,0,0,0,0,0,3,
2022,RS,25,222,0,Total,,,IST,,Total,200:00,90,21,32,11,22,15,22,8,23,31,13,5,15,1,2,22,24,96,
2022,RS,25,223,1,P011970   ,0.0,1.0,PAM,0,"HARPER, JARED",13:40,11,2,2,1,4,4,4,0,0,0,3,0,2,0,0,1,2,10,-7.0
2022,RS,25,223,1,P000556   ,1.0,0.0,PAM,1,"CLAVER, VICTOR",22:02,8,1,3,2,3,0,0,0,2,2,2,0,1,0,0,2,0,6,4.0
2022,RS,25,223,1,P002661   ,1.0,0.0,PAM,3,"PREPELIC, KLEMEN",21:12,21,2,2,5,7,2,2,0,1,1,4,0,0,0,0,5,4,23,22.0
2022,RS,25,223,1,P010393   ,0.0,0.0,PAM,4,"PRADILLA, JAIME",09:38,0,0,1,0,0,0,0,1,1,2,0,0,1,0,0,0,0,0,4.0
2022,RS,25,223,1,P011971   ,1.0,1.0,PAM,5,"WEBB III, JAMES",22:55,14,1,4,4,8,0,0,1,2,3,1,2,0,0,0,4,1,10,8.0
2022,RS,25,223,1,P005356   ,0.0,0.0,PAM,6,"LOPEZ-AROSTEGUI, XABI",14:12,2,0,1,0,1,2,2,0,2,2,0,0,2,0,0,2,2,0,-23.0
2022,RS,25,223,1,P010568   ,1.0,1.0,PAM,7,"JONES, CHRIS",25:58,5,2,5,0,2,1,2,0,3,3,6,2,1,0,1,0,3,11,6.0
2022,RS,25,223,1,P011972   ,0.0,1.0,PAM,12,"RADEBAUGH, JONAH",14:28,7,2,3,1,1,0,0,0,0,0,0,4,0,0,0,2,0,8,-5.0
2022,RS,25,223,1,P010677   ,0.0,0.0,PAM,13,"EVANS, SHANNON",08:28,0,0,1,0,3,0,0,0,0,0,0,0,0,0,0,2,1,-5,-18.0
2022,RS,25,223,1,P002742   ,1.0,1.0,PAM,14,"DUBLJEVIC, BOJAN",28:08,9,0,1,3,7,0,0,0,4,4,3,2,4,0,1,1,3,10,9.0
2022,RS,25,223,1,P011973   ,0.0,0.0,PAM,21,"ALEXANDER, KYLE",04:08,2,1,1,0,1,0,0,1,1,2,0,0,0,0,0,1,1,3,-13.0
2022,RS,25,223,1,P011214   ,0.0,0.0,PAM,41,"RIVERO, JASIEL",15:11,6,1,1,0,1,4,4,0,0,0,1,0,2,0,0,4,3,3,-22.0
2022,RS,25,223,1,Team,0.0,0.0,PAM,,Team,,0,0,0,0,0,0,0,2,2,4,0,0,0,0,0,0,0,4,
2022,RS,25,223,1,Total,,,PAM,,Total,200:00,85,12,25,16,38,13,14,5,18,23,20,10,13,0,2,24,20,83,
2022,RS,25,223,0,P008855   ,1.0,1.0,OLY,0,"WALKUP, THOMAS",26:59,13,2,2,3,7,0,2,0,2,2,6,2,2,0,0,1,2,16,-2.0
2022,RS,25,223,0,P010612   ,1.0,0.0,OLY,3,"CANAAN, ISAIAH",10:07,7,2,2,1,3,0,0,1,0,1,0,0,1,0,0,2,3,6,-19.0
2022,RS,25,223,0,P006302   ,0.0,0.0,OLY,4,"LOUNTZIS, MICHALIS",DNP,0,0,0,0,0,0,0,0,0,0,0,0,0,0,0,0,0,0,0.0
2022,RS,25,223,0,P010392   ,0.0,1.0,OLY,5,"LARENTZAKIS, GIANNOULIS",02:47,0,0,0,0,0,0,0,0,2,2,0,0,2,0,0,1,0,-1,-3.0
2022,RS,25,223,0,P008811   ,1.0,1.0,OLY,10,"FALL, MOUSTAPHA",26:04,5,2,2,0,0,1,2,0,7,7,4,2,3,1,0,3,1,13,7.0
2022,RS,25,223,0,P001926   ,0.0,0.0,OLY,11,"SLOUKAS, KOSTAS",19:50,10,1,2,1,1,5,5,0,3,3,9,0,2,0,0,1,4,22,8.0
2022,RS,25,223,0,P003469   ,1.0,1.0,OLY,14,"VEZENKOV, SASHA",32:31,20,7,9,1,5,3,4,2,5,7,1,1,1,0,0,2,3,22,10.0
2022,RS,25,223,0,P001255   ,1.0,1.0,OLY,16,"PAPANIKOLAOU, KOSTAS",37:19,22,4,4,4,6,2,4,0,4,4,3,0,1,1,0,4,3,24,10.0
2022,RS,25,223,0,P009035   ,0.0,0.0,OLY,21,"BOLOMBOY, JOEL",02:58,0,0,0,0,0,0,0,0,0,0,0,0,0,0,0,0,0,0,-8.0
2022,RS,25,223,0,P008829   ,0.0,0.0,OLY,25,"PETERS, ALEC",07:29,0,0,0,0,0,0,0,0,1,1,0,0,1,0,0,1,2,1,-3.0
2022,RS,25,223,0,P008991   ,0.0,0.0,OLY,28,"BLACK, TARIK",10:58,4,1,3,0,0,2,3,1,2,3,0,1,2,0,0,4,3,2,8.0
2022,RS,25,223,0,P007853   ,0.0,0.0,OLY,77,"MCKISSIC, SHAQUIELLE",22:58,11,1,2,3,6,0,0,0,2,2,2,3,4,0,0,1,3,12,27.0
2022,RS,25,223,0,Team,0.0,0.0,OLY,,Team,,0,0,0,0,0,0,0,1,0,1,0,0,1,0,0,0,0,0,
2022,RS,25,223,0,Total,,,OLY,,Total,200:00,92,20,26,13,28,13,20,5,28,33,25,9,20,2,0,20,24,117,
2022,RS,25,224,1,PBCN      ,0.0,1.0,VIR,3,"BELINELLI, MARCO",22:11,15,0,1,5,10,0,0,0,2,2,0,1,1,0,1,1,1,10,1.0
2022,RS,25,224,1,P006739   ,0.0,0.0,VIR,6,"PAJOLA, ALESSANDRO",14:26,3,1,2,0,3,1,2,0,3,3,5,0,1,0,1,3,2,3,-1.0
2022,RS,25,224,1,P004655   ,0.0,0.0,VIR,7,"BAKO, ISMAEL",12:43,4,2,2,0,0,0,0,0,1,1,0,0,1,1,0,2,0,3,7.0
2022,RS,25,224,1,P002581   ,1.0,0.0,VIR,14,"JAITEH, MAM",13:28,5,2,7,0,0,1,2,1,5,6,0,3,1,1,2,0,4,10,7.0
2022,RS,25,224,1,P010781   ,0.0,0.0,VIR,19,"LUNDBERG, IFFE",15:08,6,2,2,0,3,2,2,0,4,4,0,0,1,0,0,3,2,5,-7.0
2022,RS,25,224,1,P001133   ,0.0,1.0,VIR,21,"SHENGELIA, TORNIKE",18:33,12,3,5,1,1,3,4,2,2,4,3,0,2,0,0,3,7,18,0.0
2022,RS,25,224,1,P001844   ,1.0,1.0,VIR,23,"HACKETT, DANIEL",26:20,9,3,3,0,1,3,4,0,2,2,3,1,3,0,0,2,4,12,1.0
2022,RS,25,224,1,P008847   ,0.0,0.0,VIR,25,"MICKEY, JORDAN",14:20,2,1,3,0,1,0,0,1,3,4,0,1,1,0,1,1,0,1,-5.0
2022,RS,25,224,1,P006592   ,0.0,0.0,VIR,34,"WEEMS, KYLE",DNP,0,0,0,0,0,0,0,0,0,0,0,0,0,0,0,0,0,0,0.0
2022,RS,25,224,1,P011982   ,1.0,1.0,VIR,37,"OJELEYE, SEMI",20:56,5,1,2,1,3,0,0,0,2,2,0,2,0,0,0,3,0,3,1.0
2022,RS,25,224,1,PJDR      ,1.0,1.0,VIR,44,"TEODOSIC, MILOS",20:39,17,1,1,2,5,9,10,1,1,2,7,1,3,0,0,2,4,22,9.0
2022,RS,25,224,1,P003527   ,1.0,0.0,VIR,55,"ABASS, AWUDU",21:16,10,2,2,2,2,0,0,0,2,2,0,1,1,1,0,0,0,13,12.0
2022,RS,25,224,1,Team,0.0,0.0,VIR,,Team,,0,0,0,0,0,0,0,2,2,4,0,0,1,0,0,0,0,3,
2022,RS,25,224,1,Total,,,VIR,,Total,200:00,88,18,30,11,29,19,24,7,29,36,18,10,16,3,5,20,24,103,
2022,RS,25,224,0,P011948   ,1.0,0.0,BAS,0,"HOWARD, MARKUS",11:21,10,0,2,3,6,1,1,0,1,1,0,1,2,0,0,5,2,2,-4.0
2022,RS,25,224,0,P012259   ,0.0,0.0,BAS,1,"HEIDEGGER, MAX",07:53,0,0,1,0,1,0,0,0,1,1,2,0,0,0,0,3,0,-2,4.0
2022,RS,25,224,0,P008850   ,0.0,0.0,BAS,2,"RAIESTE, SANDER",02:29,0,0,0,0,0,0,0,0,0,0,0,0,0,0,0,1,0,-1,-5.0
2022,RS,25,224,0,P004761   ,0.0,1.0,BAS,9,"MARINKOVIC, VANJA",30:35,4,2,6,0,3,0,2,1,7,8,2,3,0,0,0,3,2,7,8.0
2022,RS,25,224,0,P003198   ,0.0,0.0,BAS,11,"DIEZ, DANIEL",06:12,3,0,1,1,1,0,0,0,0,0,0,0,0,0,1,0,0,1,-3.0
2022,RS,25,224,0,P011078   ,1.0,1.0,BAS,13,"THOMPSON, DARIUS",31:45,15,4,10,2,4,1,2,2,3,5,4,1,3,2,0,4,3,14,-8.0
2022,RS,25,224,0,P004603   ,0.0,0.0,BAS,21,"KOTSAR, MAIK",21:32,4,1,4,0,0,2,2,3,3,6,4,1,1,0,1,0,4,14,-3.0
2022,RS,25,224,0,P011239   ,1.0,0.0,BAS,23,"ENOCH, STEVEN",08:00,0,0,0,0,0,0,0,0,1,1,0,0,1,0,0,2,0,-2,-10.0
2022,RS,25,224,0,P010444   ,0.0,1.0,BAS,24,"COSTELLO, MATTHEW",19:03,7,3,4,0,5,1,1,3,0,3,1,1,1,3,0,3,1,6,7.0
2022,RS,25,224,0,P006436   ,1.0,1.0,BAS,31,"GIEDRAITIS, ROKAS",34:01,25,6,6,2,9,7,9,3,4,7,1,2,2,0,0,0,7,31,-7.0
2022,RS,25,224,0,P011949   ,1.0,1.0,BAS,34,"HOMMES, DAULTON",25:13,15,4,5,2,4,1,1,0,1,1,0,0,0,0,1,2,1,11,-1.0
2022,RS,25,224,0,P007265   ,0.0,0.0,BAS,47,"KURUCS, ARTURS",01:56,0,0,0,0,0,0,0,0,0,0,0,0,2,0,0,1,0,-3,-3.0
2022,RS,25,224,0,Team,0.0,0.0,BAS,,Team,,0,0,0,0,0,0,0,2,1,3,0,0,1,0,0,0,0,2,
2022,RS,25,224,0,Total,,,BAS,,Total,200:00,83,20,39,10,33,13,18,14,22,36,14,9,13,5,3,24,20,80,
2022,RS,25,225,1,P002968   ,1.0,1.0,BAR,5,"SANLI, SERTAC",17:00,5,1,1,1,2,0,0,0,2,2,0,1,0,0,0,3,1,5,9.0
2022,RS,25,225,1,P000925   ,0.0,0.0,BAR,6,"VESELY, JAN",22:33,12,5,7,0,0,2,3,1,6,7,3,0,1,0,0,2,4,20,-1.0
2022,RS,25,225,1,P004866   ,0.0,1.0,BAR,10,"KALINIC, NIKOLA",25:51,8,2,2,1,1,1,2,0,2,2,0,1,1,0,0,1,1,9,5.0
2022,RS,25,225,1,P002939   ,1.0,1.0,BAR,13,"SATORANSKY, TOMAS",27:19,15,3,4,1,2,6,7,0,1,1,2,0,2,0,0,3,6,16,10.0
2022,RS,25,225,1,P006435   ,1.0,0.0,BAR,20,"LAPROVITTOLA, NICOLAS",17:22,5,1,2,1,4,0,0,1,2,3,3,0,3,0,0,3,1,2,-4.0
2022,RS,25,225,1,P003478   ,1.0,0.0,BAR,21,"ABRINES, ALEX",17:36,9,0,0,3,5,0,0,0,1,1,0,0,0,0,0,2,1,7,3.0
2022,RS,25,225,1,P006450   ,0.0,1.0,BAR,22,"HIGGINS, CORY",23:06,12,5,7,0,1,2,2,1,0,1,2,4,4,0,1,3,4,12,10.0
2022,RS,25,225,1,P008966   ,0.0,0.0,BAR,23,"TOBEY, MIKE",11:09,2,1,1,0,1,0,0,0,2,2,0,0,0,0,0,2,0,1,2.0
2022,RS,25,225,1,P005789   ,0.0,0.0,BAR,24,"KURIC, KYLE",02:40,0,0,0,0,0,0,0,0,0,0,0,0,0,0,0,0,0,0,-1.0
2022,RS,25,225,1,P007519   ,0.0,0.0,BAR,31,"JOKUBAITIS, ROKAS",11:55,5,1,1,1,2,0,0,0,0,0,2,0,0,0,0,3,3,6,4.0
2022,RS,25,225,1,P000796   ,1.0,1.0,BAR,33,"MIROTIC, NIKOLA",23:29,7,3,6,0,2,1,2,1,4,5,1,2,0,1,0,2,2,10,13.0
2022,RS,25,225,1,P010641   ,0.0,0.0,BAR,46,"NNAJI, JAMES",DNP,0,0,0,0,0,0,0,0,0,0,0,0,0,0,0,0,0,0,0.0
2022,RS,25,225,1,Team,0.0,0.0,BAR,,Team,,0,0,0,0,0,0,0,1,1,2,0,0,4,0,0,0,0,-2,
2022,RS,25,225,1,Total,,,BAR,,Total,200:00,80,22,31,8,20,12,16,5,21,26,13,8,15,1,1,24,23,86,
2022,RS,25,225,0,P010588   ,1.0,1.0,MCO,0,"BROWN, JOHN",25:25,6,2,5,0,0,2,3,0,0,0,0,2,1,0,0,2,4,5,-13.0
2022,RS,25,225,0,P011212   ,0.0,1.0,MCO,0,"OKOBO, ELIE",19:48,9,1,3,1,5,4,4,0,1,1,2,0,2,0,0,4,2,2,2.0
2022,RS,25,225,0,P012201   ,0.0,0.0,MCO,1,"MONEKE, CHIMA",09:11,0,0,2,0,0,0,0,0,2,2,0,0,1,0,0,1,0,-2,-5.0
2022,RS,25,225,0,P009754   ,1.0,1.0,MCO,3,"LOYD, JORDAN",28:37,13,2,5,2,3,3,4,0,2,2,3,2,2,0,0,4,3,12,-9.0
2022,RS,25,225,0,P011231   ,0.0,0.0,MCO,4,"BLOSSOMGAME, JARON",15:42,4,0,0,1,1,1,2,0,2,2,0,1,0,0,0,2,1,5,2.0
2022,RS,25,225,0,P011226   ,1.0,0.0,MCO,11,"DIALLO, ALPHA",23:44,13,4,6,1,3,2,4,3,2,5,1,1,0,1,0,3,3,15,-7.0
2022,RS,25,225,0,PLCZ      ,1.0,0.0,MCO,20,"MOTIEJUNAS, DONATAS",20:44,5,2,5,0,2,1,2,1,3,4,0,0,2,0,0,3,3,1,-11.0
2022,RS,25,225,0,P004197   ,0.0,0.0,MCO,24,"OUATTARA, YAKUBA",04:42,0,0,0,0,0,0,0,0,0,0,0,0,0,0,0,0,0,0,-1.0
2022,RS,25,225,0,P008099   ,0.0,0.0,MCO,32,"STRAZEL, MATTHEW",DNP,0,0,0,0,0,0,0,0,0,0,0,0,0,0,0,0,0,0,0.0
2022,RS,25,225,0,P011196   ,0.0,1.0,MCO,45,"HALL, DONTA",18:49,6,3,4,0,0,0,0,1,1,2,1,0,0,0,0,3,1,6,3.0
2022,RS,25,225,0,P005985   ,1.0,1.0,MCO,55,"JAMES, MIKE",33:18,14,6,9,0,2,2,2,1,2,3,3,0,4,0,1,1,6,15,-11.0
2022,RS,25,225,0,Team,0.0,0.0,MCO,,Team,,0,0,0,0,0,0,0,2,1,3,0,0,0,0,0,0,0,3,
2022,RS,25,225,0,Total,,,MCO,,Total,200:00,70,20,39,5,16,15,21,8,16,24,10,6,12,1,1,23,23,62,
2022,RS,26,226,1,P010588   ,1.0,0.0,MCO,0,"BROWN, JOHN",18:42,0,0,5,0,0,0,0,2,3,5,0,1,0,0,0,2,0,-1,-3.0
2022,RS,26,226,1,P011212   ,0.0,0.0,MCO,0,"OKOBO, ELIE",26:31,14,4,7,2,4,0,0,2,3,5,2,0,2,0,0,2,2,14,8.0
2022,RS,26,226,1,P012201   ,0.0,1.0,MCO,1,"MONEKE, CHIMA",14:18,9,4,7,0,0,1,2,3,1,4,0,0,0,0,1,1,1,8,19.0
2022,RS,26,226,1,P009754   ,1.0,1.0,MCO,3,"LOYD, JORDAN",30:30,15,2,2,2,5,5,5,0,4,4,4,1,1,0,0,2,5,23,15.0
2022,RS,26,226,1,P011231   ,0.0,0.0,MCO,4,"BLOSSOMGAME, JARON",08:47,4,2,3,0,2,0,0,1,0,1,0,0,1,0,0,0,0,1,-3.0
2022,RS,26,226,1,P011935   ,0.0,0.0,MCO,5,"MAKOUNDOU, YOAN",DNP,0,0,0,0,0,0,0,0,0,0,0,0,0,0,0,0,0,0,0.0
2022,RS,26,226,1,P011226   ,1.0,1.0,MCO,11,"DIALLO, ALPHA",23:18,11,3,6,1,2,2,2,1,1,2,1,2,1,1,1,3,1,9,30.0
2022,RS,26,226,1,PLCZ      ,1.0,0.0,MCO,20,"MOTIEJUNAS, DONATAS",17:47,9,3,3,0,0,3,4,2,2,4,0,0,1,0,0,1,5,15,6.0
2022,RS,26,226,1,P004197   ,0.0,0.0,MCO,24,"OUATTARA, YAKUBA",10:32,0,0,1,0,3,0,0,0,0,0,0,0,0,0,0,1,0,-5,-4.0
2022,RS,26,226,1,P008099   ,0.0,0.0,MCO,32,"STRAZEL, MATTHEW",DNP,0,0,0,0,0,0,0,0,0,0,0,0,0,0,0,0,0,0,0.0
2022,RS,26,226,1,P011196   ,0.0,1.0,MCO,45,"HALL, DONTA",22:13,12,5,5,0,0,2,2,4,6,10,1,0,0,1,0,2,3,25,13.0
2022,RS,26,226,1,P005985   ,1.0,1.0,MCO,55,"JAMES, MIKE",27:22,12,3,10,0,3,6,6,0,5,5,6,1,4,0,0,3,3,10,14.0
2022,RS,26,226,1,Team,0.0,0.0,MCO,,Team,,0,0,0,0,0,0,0,2,1,3,0,0,0,0,0,0,0,3,
2022,RS,26,226,1,Total,,,MCO,,Total,200:00,86,26,49,5,19,19,21,17,26,43,14,5,10,2,2,17,20,102,
2022,RS,26,226,0,P012056   ,0.0,0.0,TEL,3,"ADAMS, JALEN",12:36,2,1,3,0,2,0,0,0,0,0,0,0,1,0,0,1,0,-4,9.0
2022,RS,26,226,0,P009622   ,1.0,1.0,TEL,4,"BROWN, LORENZO",35:27,7,2,9,1,5,0,0,0,2,2,3,2,4,1,0,1,1,0,-21.0
2022,RS,26,226,0,P009863   ,1.0,1.0,TEL,5,"BALDWIN IV, WADE",30:12,17,4,7,2,6,3,3,1,5,6,3,2,2,0,1,1,5,22,-15.0
2022,RS,26,226,0,P011967   ,0.0,1.0,TEL,6,"MARTIN, JARELL",13:20,2,1,1,0,1,0,0,2,1,3,0,1,0,0,0,2,0,3,-3.0
2022,RS,26,226,0,P004233   ,0.0,0.0,TEL,8,"MENCO, RAFI",DNP,0,0,0,0,0,0,0,0,0,0,0,0,0,0,0,0,0,0,0.0
2022,RS,26,226,0,P011219   ,0.0,0.0,TEL,9,"SORKIN, ROMAN",19:03,9,3,4,0,0,3,3,1,2,3,1,0,1,0,0,3,3,11,-4.0
2022,RS,26,226,0,P007990   ,0.0,0.0,TEL,12,"DIBARTOLOMEO, JOHN",11:31,5,1,2,1,2,0,0,1,0,1,0,0,0,0,1,3,0,0,-6.0
2022,RS,26,226,0,P008989   ,0.0,1.0,TEL,13,"HILLIARD, DARRUN",17:27,7,0,1,2,4,1,2,0,0,0,1,2,2,0,0,2,3,5,-14.0
2022,RS,26,226,0,P012203   ,1.0,0.0,TEL,17,"BRAIMOH, SULEIMAN",10:11,0,0,0,0,1,0,0,1,0,1,0,0,1,0,0,1,0,-2,-16.0
2022,RS,26,226,0,P011199   ,1.0,0.0,TEL,32,"NEBO, JOSH",17:31,2,0,1,0,0,2,2,4,6,10,1,1,1,0,0,5,2,9,-5.0
2022,RS,26,226,0,P011220   ,0.0,0.0,TEL,33,"ZIV, IFTAH",DNP,0,0,0,0,0,0,0,0,0,0,0,0,0,0,0,0,0,0,0.0
2022,RS,26,226,0,P009783   ,1.0,1.0,TEL,50,"COLSON, BONZIE",32:42,16,4,8,2,4,2,2,1,5,6,1,1,2,1,0,1,2,18,-20.0
2022,RS,26,226,0,Team,0.0,0.0,TEL,,Team,,0,0,0,0,0,0,0,0,0,0,0,0,1,0,0,0,0,-1,
2022,RS,26,226,0,Total,,,TEL,,Total,200:00,67,16,36,8,25,11,12,11,21,32,10,9,15,2,2,20,16,61,
2022,RS,26,227,1,P002968   ,0.0,0.0,BAR,5,"SANLI, SERTAC",14:49,10,3,4,0,2,4,4,0,1,1,1,0,0,0,0,4,3,8,13.0
2022,RS,26,227,1,P000925   ,1.0,0.0,BAR,6,"VESELY, JAN",17:58,7,3,4,0,0,1,1,0,2,2,4,0,1,0,0,1,1,11,9.0
2022,RS,26,227,1,P004866   ,1.0,0.0,BAR,10,"KALINIC, NIKOLA",20:29,5,1,2,0,0,3,7,0,5,5,3,1,1,0,0,3,4,9,10.0
2022,RS,26,227,1,P002939   ,1.0,0.0,BAR,13,"SATORANSKY, TOMAS",18:57,12,3,3,2,3,0,1,1,1,2,5,0,2,0,0,1,3,17,18.0
2022,RS,26,227,1,P006435   ,1.0,0.0,BAR,20,"LAPROVITTOLA, NICOLAS",19:30,6,0,2,2,3,0,0,0,0,0,5,1,0,0,0,2,1,8,13.0
2022,RS,26,227,1,P003478   ,0.0,0.0,BAR,21,"ABRINES, ALEX",11:13,5,0,1,1,2,2,2,0,0,0,0,1,0,0,0,2,1,3,10.0
2022,RS,26,227,1,P006450   ,0.0,1.0,BAR,22,"HIGGINS, CORY",18:48,3,1,3,0,3,1,2,1,2,3,1,1,0,0,1,3,3,1,9.0
2022,RS,26,227,1,P008966   ,0.0,0.0,BAR,23,"TOBEY, MIKE",11:58,5,0,0,1,3,2,2,1,0,1,1,1,0,0,0,2,1,5,3.0
2022,RS,26,227,1,P005789   ,0.0,1.0,BAR,24,"KURIC, KYLE",12:02,2,1,1,0,1,0,0,1,2,3,1,0,0,0,0,0,0,5,-5.0
2022,RS,26,227,1,P007519   ,0.0,1.0,BAR,31,"JOKUBAITIS, ROKAS",21:03,5,1,4,1,2,0,0,1,1,2,5,0,0,0,1,0,0,7,1.0
2022,RS,26,227,1,P000796   ,1.0,1.0,BAR,33,"MIROTIC, NIKOLA",26:00,28,6,7,3,6,7,7,1,1,2,0,1,1,0,0,3,4,27,17.0
2022,RS,26,227,1,P010641   ,0.0,1.0,BAR,46,"NNAJI, JAMES",07:13,5,2,3,0,0,1,4,2,1,3,0,0,1,0,0,2,3,4,-3.0
2022,RS,26,227,1,Team,0.0,0.0,BAR,,Team,,0,0,0,0,0,0,0,3,1,4,0,0,1,0,0,0,0,3,
2022,RS,26,227,1,Total,,,BAR,,Total,200:00,93,21,34,10,25,21,30,11,17,28,26,6,7,0,2,23,24,108,
2022,RS,26,227,0,P012068   ,1.0,0.0,ZAL,1,"TAYLOR, ISAIAH",17:20,4,2,5,0,0,0,1,0,2,2,3,0,1,0,0,4,4,4,-8.0
2022,RS,26,227,0,P007513   ,0.0,0.0,ZAL,3,"GIEDRAITIS, DOVYDAS",03:42,0,0,0,0,0,0,0,0,1,1,0,0,0,0,0,1,0,0,-8.0
2022,RS,26,227,0,P003210   ,0.0,1.0,ZAL,4,"LEKAVICIUS, LUKAS",17:30,7,3,4,0,1,1,1,0,1,1,3,0,4,0,0,1,4,8,3.0
2022,RS,26,227,0,P010390   ,1.0,0.0,ZAL,8,"HAYES, KEVARRIUS",13:27,8,3,4,0,0,2,2,1,1,2,1,1,1,0,0,2,1,9,-10.0
2022,RS,26,227,0,P007109   ,1.0,1.0,ZAL,10,"SMITS, ROLANDS",21:50,6,3,4,0,2,0,0,1,3,4,0,0,1,0,0,4,1,3,-8.0
2022,RS,26,227,0,P005504   ,0.0,0.0,ZAL,15,"BIRUTIS, LAURYNAS",19:16,12,5,5,0,0,2,3,0,4,4,0,0,0,1,0,2,3,17,-4.0
2022,RS,26,227,0,P006158   ,0.0,0.0,ZAL,16,"LUKOSIUNAS, KAROLIS",DNP,0,0,0,0,0,0,0,0,0,0,0,0,0,0,0,0,0,0,0.0
2022,RS,26,227,0,P011983   ,1.0,1.0,ZAL,17,"BRAZDEIKIS, IGNAS",25:32,15,5,8,0,2,5,6,1,1,2,0,0,1,0,0,1,5,14,-4.0
2022,RS,26,227,0,P002084   ,0.0,0.0,ZAL,25,"POLONARA, ACHILLE",16:11,8,0,1,2,2,2,2,0,2,2,0,0,0,1,0,1,1,10,-9.0
2022,RS,26,227,0,P003211   ,0.0,0.0,ZAL,33,"DIMSA, TOMAS",09:46,1,0,0,0,1,1,2,0,0,0,0,0,1,0,0,2,1,-3,-18.0
2022,RS,26,227,0,P002676   ,0.0,1.0,ZAL,51,"BUTKEVICIUS, ARNAS",28:37,6,3,3,0,1,0,0,1,3,4,4,0,0,0,0,4,1,10,-11.0
2022,RS,26,227,0,P002329   ,1.0,1.0,ZAL,92,"ULANOVAS, EDGARAS",26:49,7,2,3,0,0,3,3,0,0,0,0,3,5,0,0,2,1,3,-18.0
2022,RS,26,227,0,Team,0.0,0.0,ZAL,,Team,,0,0,0,0,0,0,0,0,2,2,0,0,0,0,0,0,0,2,
2022,RS,26,227,0,Total,,,ZAL,,Total,200:00,74,26,37,2,9,16,20,4,20,24,11,4,14,2,0,24,22,77,
2022,RS,26,228,1,P011209   ,0.0,0.0,PAN,0,"KALAITZAKIS, PANAGIOTIS",02:25,0,0,0,0,1,0,0,0,0,0,0,0,0,0,0,1,0,-2,-2.0
2022,RS,26,228,1,P006555   ,0.0,0.0,PAN,3,"WOLTERS, NATE",09:39,3,1,1,0,1,1,2,1,1,2,1,0,0,0,0,1,2,5,-5.0
2022,RS,26,228,1,P011225   ,1.0,1.0,PAN,5,"LEE, PARIS",30:21,19,2,3,3,8,6,6,0,2,2,3,0,3,0,0,0,7,22,0.0
2022,RS,26,228,1,P005844   ,1.0,1.0,PAN,6,"PAPAGIANNIS, GEORGIOS",33:26,4,2,5,0,0,0,0,0,5,5,1,1,2,2,0,2,2,8,-5.0
2022,RS,26,228,1,P003240   ,0.0,0.0,PAN,7,"BOCHORIDIS, ELEFTHERIOS",DNP,0,0,0,0,0,0,0,0,0,0,0,0,0,0,0,0,0,0,0.0
2022,RS,26,228,1,P009006   ,0.0,0.0,PAN,8,"WILLIAMS, DERRICK",25:09,6,3,4,0,3,0,0,0,1,1,0,0,2,0,0,4,0,-3,-8.0
2022,RS,26,228,1,P006586   ,1.0,0.0,PAN,16,"KALAITZAKIS, GEORGIOS",06:11,3,1,2,0,0,1,1,1,1,2,0,0,0,0,0,2,2,4,-1.0
2022,RS,26,228,1,P008967   ,0.0,1.0,PAN,17,"THOMAS, MATT",16:47,8,0,1,2,4,2,2,0,3,3,0,0,0,0,0,1,4,11,-3.0
2022,RS,26,228,1,P011286   ,1.0,0.0,PAN,24,"BACON, DWAYNE",19:20,3,0,2,0,2,3,4,0,2,2,0,0,0,0,0,0,2,2,-16.0
2022,RS,26,228,1,P004172   ,1.0,1.0,PAN,37,"PONITKA, MATEUSZ",23:29,8,0,2,1,2,5,6,1,5,6,1,0,2,0,0,3,3,9,-7.0
2022,RS,26,228,1,P002328   ,0.0,0.0,PAN,40,"GRIGONIS, MARIUS",23:03,23,1,2,5,7,6,7,0,1,1,4,1,1,0,0,5,4,23,9.0
2022,RS,26,228,1,P008084   ,0.0,1.0,PAN,72,"MANTZOUKAS, ELEFTHERIOS",10:10,5,1,1,1,2,0,0,1,2,3,1,1,1,0,0,2,0,6,13.0
2022,RS,26,228,1,Team,0.0,0.0,PAN,,Team,,0,0,0,0,0,0,0,1,3,4,0,0,0,0,0,0,0,4,
2022,RS,26,228,1,Total,,,PAN,,Total,200:00,82,11,23,12,30,24,28,5,26,31,11,3,11,2,0,21,26,89,
2022,RS,26,228,0,P007200   ,1.0,1.0,IST,0,"LARKIN, SHANE",36:18,13,2,3,3,7,0,1,0,1,1,10,1,2,0,0,2,3,18,1.0
2022,RS,26,228,0,P006590   ,1.0,0.0,IST,1,"BEAUBOIS, RODRIGUE",18:02,4,2,4,0,1,0,0,0,2,2,0,1,0,0,0,5,2,1,2.0
2022,RS,26,228,0,P006614   ,0.0,1.0,IST,2,"SINGLETON, CHRIS",19:13,7,1,1,1,2,2,4,1,3,4,0,2,1,0,0,2,5,12,-2.0
2022,RS,26,228,0,P009846   ,0.0,0.0,IST,6,"BRYANT, ELIJAH",25:52,16,6,10,1,3,1,1,2,5,7,2,0,1,0,1,5,1,13,11.0
2022,RS,26,228,0,P010516   ,0.0,1.0,IST,11,"GAZI, ERTEN",02:05,2,0,0,0,0,2,2,0,0,0,0,0,0,0,0,1,1,2,-4.0
2022,RS,26,228,0,P004888   ,1.0,1.0,IST,12,"CLYBURN, WILL",37:30,24,5,9,4,6,2,2,0,7,7,4,2,0,0,0,3,4,32,5.0
2022,RS,26,228,0,P005348   ,0.0,0.0,IST,18,"ARNA, EGEHAN",DNP,0,0,0,0,0,0,0,0,0,0,0,0,0,0,0,0,0,0,0.0
2022,RS,26,228,0,P002925   ,0.0,0.0,IST,19,"TUNCER, BUGRAHAN",DNP,0,0,0,0,0,0,0,0,0,0,0,0,0,0,0,0,0,0,0.0
2022,RS,26,228,0,PLHK      ,0.0,0.0,IST,21,"PLEISS, TIBOR",09:02,4,1,2,0,1,2,2,1,1,2,1,0,0,0,0,1,1,5,8.0
2022,RS,26,228,0,P007993   ,1.0,0.0,IST,24,"M'BAYE, AMATH",21:00,4,1,1,0,3,2,2,0,5,5,0,0,1,0,0,5,1,1,7.0
2022,RS,26,228,0,P004554   ,1.0,1.0,IST,41,"ZIZIC, ANTE",24:11,12,6,10,0,0,0,0,3,4,7,0,1,1,0,1,2,2,14,-1.0
2022,RS,26,228,0,P003048   ,0.0,0.0,IST,42,"DUNSTON, BRYANT",06:47,1,0,1,0,0,1,2,0,0,0,0,0,1,0,0,1,1,-2,-2.0
2022,RS,26,228,0,Team,0.0,0.0,IST,,Team,,0,0,0,0,0,0,0,1,0,1,0,0,0,0,0,0,0,1,
2022,RS,26,228,0,Total,,,IST,,Total,200:00,87,24,41,9,23,12,16,8,28,36,17,7,7,0,2,27,21,97,
2022,RS,26,229,1,P010391   ,0.0,1.0,MUN,0,"WEILER-BABB, NICK",26:56,7,2,6,1,5,0,0,2,2,4,3,0,1,0,1,2,1,3,6.0
2022,RS,26,229,1,P009866   ,0.0,1.0,MUN,2,"WALDEN, COREY",14:29,7,2,3,1,3,0,0,0,2,2,2,0,0,0,0,2,2,8,7.0
2022,RS,26,229,1,P004862   ,0.0,0.0,MUN,4,"SEELEY, DENNIS",05:41,3,0,0,1,2,0,0,0,2,2,1,0,1,0,0,2,0,2,4.0
2022,RS,26,229,1,P011940   ,1.0,0.0,MUN,5,"WINSTON, CASSIUS",23:03,20,4,8,2,3,6,8,0,0,0,1,1,4,0,0,2,7,16,-5.0
2022,RS,26,229,1,P001557   ,0.0,1.0,MUN,7,"GIFFEY, NIELS",16:59,11,2,3,1,3,4,4,0,0,0,0,1,0,0,0,0,2,11,4.0
2022,RS,26,229,1,P005160   ,0.0,0.0,MUN,8,"HUNTER, OTHELLO",15:02,8,3,3,0,1,2,2,3,1,4,1,0,1,1,0,3,2,11,3.0
2022,RS,26,229,1,P006760   ,1.0,0.0,MUN,9,"BONGA, ISAAC",16:10,0,0,1,0,3,0,0,2,2,4,0,0,0,0,0,1,0,-1,0.0
2022,RS,26,229,1,P001288   ,0.0,1.0,MUN,11,"LUCIC, VLADIMIR",20:54,20,4,4,4,6,0,0,1,0,1,0,0,1,0,0,3,1,16,8.0
2022,RS,26,229,1,P004508   ,1.0,0.0,MUN,13,"OBST, ANDREAS",20:49,3,0,1,1,4,0,0,0,8,8,3,0,0,1,0,4,0,7,8.0
2022,RS,26,229,1,P005056   ,0.0,0.0,MUN,16,"ZIPSER, PAUL",DNP,0,0,0,0,0,0,0,0,0,0,0,0,0,0,0,0,0,0,0.0
2022,RS,26,229,1,P005478   ,1.0,0.0,MUN,17,"WIMBERG, NIKLAS",16:43,0,0,0,0,3,0,0,1,1,2,1,2,0,1,0,1,1,3,-4.0
2022,RS,26,229,1,P011941   ,1.0,1.0,MUN,33,"GILLESPIE, FREDDIE",23:14,8,4,6,0,0,0,0,4,5,9,1,0,2,2,1,4,0,11,4.0
2022,RS,26,229,1,Team,0.0,0.0,MUN,,Team,,0,0,0,0,0,0,0,2,2,4,0,0,1,0,0,0,0,3,
2022,RS,26,229,1,Total,,,MUN,,Total,200:00,87,21,35,11,33,12,14,15,25,40,13,4,11,5,2,24,16,90,
2022,RS,26,229,0,P007947   ,1.0,1.0,RED,1,"VILDOZA, LUCA",29:55,18,4,5,2,9,4,4,1,2,3,5,0,2,0,0,1,2,17,-11.0
2022,RS,26,229,0,P004720   ,1.0,1.0,RED,2,"LAZAREVIC, STEFAN",27:37,3,0,2,1,2,0,0,3,4,7,0,2,0,0,0,3,1,7,0.0
2022,RS,26,229,0,P005928   ,0.0,1.0,RED,7,"CAMPAZZO, FACUNDO",28:38,16,1,4,3,11,5,6,1,2,3,7,1,2,0,1,4,4,12,-1.0
2022,RS,26,229,0,P002553   ,0.0,1.0,RED,9,"MITROVIC, LUKA",21:22,5,2,3,0,0,1,2,2,2,4,3,1,1,1,1,2,3,11,1.0
2022,RS,26,229,0,P009540   ,0.0,0.0,RED,12,"MARTIN, HASSAN",12:33,8,3,5,0,0,2,4,0,1,1,0,0,0,0,1,0,2,6,2.0
2022,RS,26,229,0,P004007   ,1.0,0.0,RED,13,"DOBRIC, OGNJEN",15:03,3,0,1,1,2,0,0,1,0,1,1,0,0,0,1,0,1,3,-8.0
2022,RS,26,229,0,P003332   ,0.0,0.0,RED,20,"IVANOVIC, NIKOLA",02:47,0,0,0,0,0,0,0,0,1,1,0,0,0,0,0,0,0,1,-8.0
2022,RS,26,229,0,P000848   ,0.0,1.0,RED,26,"NEDOVIC, NEMANJA",21:41,15,2,5,2,4,5,5,0,3,3,4,0,0,0,0,1,5,21,3.0
2022,RS,26,229,0,PLME      ,0.0,0.0,RED,27,"MARKOVIC, STEFAN",04:50,0,0,0,0,0,0,0,0,0,0,0,0,0,0,0,1,0,-1,0.0
2022,RS,26,229,0,P003479   ,1.0,0.0,RED,32,"KUZMIC, OGNJEN",04:27,0,0,1,0,0,0,0,1,1,2,0,0,0,0,0,0,1,2,-2.0
2022,RS,26,229,0,P011194   ,0.0,0.0,RED,33,"PETRUSEV, FILIP",19:07,10,2,5,1,2,3,5,2,2,4,0,1,0,1,1,2,3,10,-7.0
2022,RS,26,229,0,P009818   ,1.0,0.0,RED,50,"BENTIL, BENJAMIN",12:00,2,1,2,0,1,0,0,2,0,2,1,0,0,0,0,2,2,3,-4.0
2022,RS,26,229,0,Team,0.0,0.0,RED,,Team,,0,0,0,0,0,0,0,0,2,2,0,0,1,0,0,0,0,1,
2022,RS,26,229,0,Total,,,RED,,Total,200:00,80,15,33,10,31,20,26,13,20,33,21,5,6,2,5,16,24,93,
2022,RS,26,230,1,P011157   ,1.0,0.0,ULK,0,"MOTLEY, JOHNATHAN",19:00,16,7,9,0,1,2,2,2,5,7,2,0,1,0,2,2,4,21,22.0
2022,RS,26,230,1,P003091   ,0.0,1.0,ULK,1,"BIRSEN, METECAN",10:25,4,0,0,1,2,1,2,5,4,9,2,0,0,0,0,0,2,15,-1.0
2022,RS,26,230,1,P006661   ,1.0,0.0,ULK,3,"WILBEKIN, SCOTTIE",16:24,15,0,0,5,7,0,0,0,1,1,1,1,1,0,0,2,3,16,18.0
2022,RS,26,230,1,P011987   ,0.0,1.0,ULK,4,"EDWARDS, CARSEN",18:39,5,1,4,1,4,0,0,0,0,0,0,1,0,0,0,2,1,-1,7.0
2022,RS,26,230,1,P001413   ,0.0,1.0,ULK,8,"BJELICA, NEMANJA",11:16,2,1,4,0,2,0,0,0,1,1,2,1,0,0,0,0,0,1,2.0
2022,RS,26,230,1,P002969   ,0.0,1.0,ULK,10,"MAHMUTOGLU, MELIH",07:39,3,0,0,1,4,0,0,0,1,1,0,0,0,0,0,0,0,1,-1.0
2022,RS,26,230,1,P008962   ,1.0,0.0,ULK,11,"HAYES-DAVIS, NIGEL",26:06,5,1,2,1,3,0,0,2,6,8,5,0,3,1,0,3,2,12,26.0
2022,RS,26,230,1,P010560   ,1.0,0.0,ULK,21,"PIERRE, DYSHAWN",25:12,20,2,4,5,7,1,2,1,2,3,2,1,2,2,0,1,2,22,28.0
2022,RS,26,230,1,P009733   ,0.0,0.0,ULK,22,"JEKIRI, TONYE",06:04,2,1,4,0,0,0,0,1,1,2,2,0,0,0,0,1,0,2,7.0
2022,RS,26,230,1,P004004   ,0.0,1.0,ULK,23,"GUDURIC, MARKO",18:32,16,1,1,4,4,2,2,0,2,2,3,2,3,0,0,4,3,19,21.0
2022,RS,26,230,1,P007056   ,0.0,0.0,ULK,31,"BOOKER, DEVIN",14:18,5,1,1,1,3,0,0,1,0,1,0,1,0,3,0,1,2,9,13.0
2022,RS,26,230,1,P001932   ,1.0,0.0,ULK,33,"CALATHES, NICK",26:25,11,4,5,1,3,0,0,0,4,4,8,1,2,0,0,1,1,19,18.0
2022,RS,26,230,1,Team,0.0,0.0,ULK,,Team,,0,0,0,0,0,0,0,2,2,4,0,0,1,0,0,0,0,3,
2022,RS,26,230,1,Total,,,ULK,,Total,200:00,104,19,34,20,40,6,8,14,29,43,27,8,13,6,2,17,20,139,
2022,RS,26,230,0,P011064   ,0.0,1.0,VIR,1,"MANNION, NICCOLO",10:04,8,0,0,2,4,2,2,0,2,2,1,1,1,0,0,1,2,10,1.0
2022,RS,26,230,0,PBCN      ,0.0,1.0,VIR,3,"BELINELLI, MARCO",22:00,18,0,2,6,9,0,0,0,2,2,3,1,0,0,0,0,1,20,-22.0
2022,RS,26,230,0,P006739   ,0.0,0.0,VIR,6,"PAJOLA, ALESSANDRO",15:08,2,1,1,0,2,0,0,1,0,1,2,0,1,0,0,0,0,2,-32.0
2022,RS,26,230,0,P004655   ,0.0,0.0,VIR,7,"BAKO, ISMAEL",14:45,4,2,4,0,0,0,0,0,0,0,0,0,3,0,0,2,2,-1,-20.0
2022,RS,26,230,0,P002581   ,1.0,0.0,VIR,14,"JAITEH, MAM",11:25,5,2,3,0,0,1,3,1,1,2,0,0,1,0,0,3,2,2,1.0
2022,RS,26,230,0,P001133   ,1.0,0.0,VIR,21,"SHENGELIA, TORNIKE",22:47,10,4,9,0,0,2,2,1,4,5,5,1,4,2,2,2,1,11,-21.0
2022,RS,26,230,0,P001844   ,1.0,0.0,VIR,23,"HACKETT, DANIEL",14:48,5,1,1,1,1,0,0,0,0,0,0,1,1,0,0,3,2,4,-1.0
2022,RS,26,230,0,P008847   ,0.0,1.0,VIR,25,"MICKEY, JORDAN",25:30,10,4,6,0,1,2,2,1,3,4,0,0,2,0,0,3,1,7,-23.0
2022,RS,26,230,0,P006592   ,0.0,1.0,VIR,34,"WEEMS, KYLE",15:01,2,1,5,0,1,0,0,3,1,4,2,0,1,0,1,2,0,-1,-12.0
2022,RS,26,230,0,P011982   ,1.0,0.0,VIR,37,"OJELEYE, SEMI",19:45,5,0,3,1,1,2,2,0,6,6,1,1,0,0,2,0,2,10,-19.0
2022,RS,26,230,0,PJDR      ,1.0,0.0,VIR,44,"TEODOSIC, MILOS",16:56,3,0,1,0,3,3,3,0,0,0,5,1,3,0,1,3,4,2,-4.0
2022,RS,26,230,0,P003527   ,0.0,1.0,VIR,55,"ABASS, AWUDU",11:51,0,0,3,0,1,0,0,1,0,1,2,0,0,0,0,1,0,-2,-8.0
2022,RS,26,230,0,Team,0.0,0.0,VIR,,Team,,0,0,0,0,0,0,0,1,2,3,0,0,0,0,0,0,0,3,
2022,RS,26,230,0,Total,,,VIR,,Total,200:00,72,15,38,10,23,12,14,9,21,30,21,6,17,2,6,20,17,67,
2022,RS,26,231,1,P011936   ,0.0,1.0,ASV,0,"MATHEWS, JONAH",18:45,13,5,7,1,3,0,0,0,1,1,2,0,0,0,0,3,1,10,3.0
2022,RS,26,231,1,P006068   ,1.0,0.0,ASV,2,"NOUA, AMINE",17:02,0,0,2,0,2,0,0,1,1,2,1,0,0,1,1,1,0,-2,-10.0
2022,RS,26,231,1,P004264   ,1.0,1.0,ASV,3,"BOST, DEE",26:10,7,0,1,1,7,4,4,1,2,3,3,1,0,0,0,3,4,8,-3.0
2022,RS,26,231,1,PKIR      ,0.0,1.0,ASV,5,"KAHUDI, CHARLES",22:58,3,1,2,0,1,1,2,1,1,2,0,3,2,0,0,2,1,2,6.0
2022,RS,26,231,1,PTFK      ,0.0,0.0,ASV,8,"DIOT, ANTOINE",05:16,0,0,0,0,0,0,0,0,0,0,0,0,0,0,0,0,0,0,3.0
2022,RS,26,231,1,P004119   ,0.0,0.0,ASV,9,"TYUS, ALEX",17:31,8,4,4,0,0,0,0,2,2,4,0,0,0,1,0,1,0,12,-7.0
2022,RS,26,231,1,P010718   ,1.0,0.0,ASV,10,"RISACHER, ZACCHARIE",06:57,0,0,0,0,0,0,0,1,0,1,0,0,0,0,0,1,0,0,-7.0
2022,RS,26,231,1,P002100   ,1.0,1.0,ASV,12,"DE COLO, NANDO",23:28,13,2,8,2,7,3,4,0,6,6,0,0,3,0,2,1,6,7,-12.0
2022,RS,26,231,1,P006568   ,1.0,1.0,ASV,19,"FALL, YOUSSOUPHA",22:10,10,5,7,0,0,0,1,4,5,9,0,0,3,1,0,4,1,11,4.0
2022,RS,26,231,1,P003526   ,0.0,0.0,ASV,23,"LIGHTY, DAVID",20:14,8,2,3,0,1,4,4,1,1,2,1,1,0,0,1,0,2,11,-1.0
2022,RS,26,231,1,P011938   ,0.0,0.0,ASV,32,"OBASOHAN, RETIN",19:29,9,4,10,0,5,1,2,1,1,2,3,2,0,0,0,3,5,6,4.0
2022,RS,26,231,1,P006832   ,0.0,0.0,ASV,35,"PONS, YVES",DNP,0,0,0,0,0,0,0,0,0,0,0,0,0,0,0,0,0,0,0.0
2022,RS,26,231,1,Team,0.0,0.0,ASV,,Team,,0,0,0,0,0,0,0,5,1,6,0,0,0,0,0,0,0,6,
2022,RS,26,231,1,Total,,,ASV,,Total,200:00,71,23,44,4,26,13,17,17,21,38,10,7,8,3,4,19,20,71,
2022,RS,26,231,0,P007982   ,1.0,1.0,MAD,0,"WILLIAMS-GOSS, NIGEL",26:43,13,6,9,0,1,1,2,0,1,1,1,1,2,0,0,3,3,9,9.0
2022,RS,26,231,0,P001392   ,1.0,1.0,MAD,1,"CAUSEUR, FABIEN",20:46,14,3,3,2,3,2,2,0,4,4,2,1,0,0,0,2,5,23,9.0
2022,RS,26,231,0,P003733   ,0.0,1.0,MAD,6,"ABALDE, ALBERTO",23:09,3,0,1,0,2,3,4,2,3,5,0,0,4,0,0,2,3,1,5.0
2022,RS,26,231,0,P005099   ,0.0,0.0,MAD,8,"HANGA, ADAM",00:05,0,0,0,0,0,0,0,0,0,0,0,0,0,0,0,0,0,0,0.0
2022,RS,26,231,0,P003108   ,1.0,1.0,MAD,11,"HEZONJA, MARIO",18:11,2,1,3,0,2,0,0,0,2,2,0,0,0,0,1,1,1,-1,-5.0
2022,RS,26,231,0,PCVM      ,0.0,0.0,MAD,13,"RODRIGUEZ, SERGIO",13:18,5,1,3,1,4,0,0,0,0,0,3,0,1,0,1,3,0,-2,-3.0
2022,RS,26,231,0,P009005   ,0.0,1.0,MAD,14,"DECK, GABRIEL",23:37,12,5,7,0,1,2,2,1,3,4,3,0,1,0,0,3,1,13,-6.0
2022,RS,26,231,0,P004887   ,0.0,0.0,MAD,17,"POIRIER, VINCENT",13:09,3,1,2,0,0,1,2,2,4,6,0,0,1,1,1,3,1,4,-11.0
2022,RS,26,231,0,P004790   ,1.0,0.0,MAD,21,"CORNELIE, PETR",16:23,5,1,1,1,3,0,0,0,4,4,1,0,1,0,0,1,0,6,10.0
2022,RS,26,231,0,P005791   ,1.0,0.0,MAD,22,"TAVARES, WALTER",26:29,7,3,5,0,0,1,2,2,5,7,1,1,0,3,0,2,1,15,15.0
2022,RS,26,231,0,P009213   ,0.0,0.0,MAD,30,"NDIAYE, ELI",00:05,0,0,0,0,0,0,0,0,0,0,0,0,0,0,0,0,0,0,0.0
2022,RS,26,231,0,P006540   ,0.0,0.0,MAD,31,"MUSA, DZANAN",18:05,11,0,0,3,6,2,2,0,0,0,1,0,2,0,0,1,3,9,-3.0
2022,RS,26,231,0,Team,0.0,0.0,MAD,,Team,,0,0,0,0,0,0,0,1,1,2,0,0,0,0,0,0,0,2,
2022,RS,26,231,0,Total,,,MAD,,Total,200:00,75,21,34,7,22,12,16,8,27,35,12,3,12,4,3,21,18,79,
2022,RS,26,232,1,P007870   ,0.0,0.0,MIL,0,"DAVIES, BRANDON",10:00,8,3,5,0,0,2,2,0,1,1,0,0,2,0,2,3,1,1,0.0
2022,RS,26,232,1,P005094   ,0.0,0.0,MIL,1,"THOMAS, DESHAUN",DNP,0,0,0,0,0,0,0,0,0,0,0,0,0,0,0,0,0,0,0.0
2022,RS,26,232,1,P012080   ,1.0,1.0,MIL,2,"LUWAWU-CABARROT, TIMOTHE",23:51,9,2,4,1,4,2,2,0,2,2,1,0,0,0,0,3,1,5,18.0
2022,RS,26,232,1,P011965   ,0.0,0.0,MIL,3,"MITROU-LONG, NAZ",10:00,3,0,0,1,2,0,0,1,0,1,3,0,1,0,0,2,0,3,5.0
2022,RS,26,232,1,P006509   ,0.0,0.0,MIL,7,"TONUT, STEFANO",17:36,7,2,4,1,2,0,0,0,6,6,3,2,0,0,1,1,1,14,4.0
2022,RS,26,232,1,P002849   ,1.0,1.0,MIL,9,"MELLI, NICOLO",24:49,10,2,3,1,4,3,5,3,2,5,1,0,4,0,0,4,6,8,19.0
2022,RS,26,232,1,P005775   ,1.0,1.0,MIL,12,"BARON, BILLY",28:06,18,2,2,4,6,2,2,0,2,2,5,2,2,0,0,2,2,23,19.0
2022,RS,26,232,1,P011224   ,1.0,1.0,MIL,13,"NAPIER, SHABAZZ",30:24,9,2,5,1,7,2,2,1,2,3,3,2,1,0,0,1,1,7,18.0
2022,RS,26,232,1,P001518   ,0.0,0.0,MIL,17,"RICCI, GIAMPAOLO",15:12,8,1,2,2,3,0,0,1,2,3,0,3,0,0,0,0,0,12,1.0
2022,RS,26,232,1,P005059   ,0.0,0.0,MIL,40,"ALVITI, DAVIDE",DNP,0,0,0,0,0,0,0,0,0,0,0,0,0,0,0,0,0,0,0.0
2022,RS,26,232,1,P002812   ,0.0,0.0,MIL,42,"HINES, KYLE",18:11,6,3,4,0,0,0,0,1,0,1,1,1,0,1,0,1,3,11,5.0
2022,RS,26,232,1,P007201   ,1.0,1.0,MIL,77,"VOIGTMANN, JOHANNES",21:51,5,1,1,1,2,0,0,0,3,3,3,0,0,1,0,1,0,10,16.0
2022,RS,26,232,1,Team,0.0,0.0,MIL,,Team,,0,0,0,0,0,0,0,1,1,2,0,0,1,0,0,0,0,1,
2022,RS,26,232,1,Total,,,MIL,,Total,200:00,83,18,30,12,30,11,13,8,21,29,20,10,11,2,3,18,15,95,
2022,RS,26,232,0,P008855   ,1.0,1.0,OLY,0,"WALKUP, THOMAS",26:58,10,3,4,1,1,1,1,1,1,2,5,0,1,0,0,4,2,13,-12.0
2022,RS,26,232,0,P010612   ,1.0,0.0,OLY,3,"CANAAN, ISAIAH",08:54,2,1,3,0,2,0,0,0,1,1,0,0,1,0,0,2,0,-4,-10.0
2022,RS,26,232,0,P006302   ,0.0,0.0,OLY,4,"LOUNTZIS, MICHALIS",01:48,0,0,0,0,0,0,0,0,1,1,1,0,1,0,0,0,0,1,-3.0
2022,RS,26,232,0,P010392   ,0.0,1.0,OLY,5,"LARENTZAKIS, GIANNOULIS",18:20,6,0,0,2,5,0,0,0,1,1,1,0,2,0,0,1,1,3,-3.0
2022,RS,26,232,0,P008811   ,1.0,1.0,OLY,10,"FALL, MOUSTAPHA",23:20,4,2,4,0,0,0,0,0,0,0,1,0,4,0,1,3,1,-4,-12.0
2022,RS,26,232,0,P001926   ,0.0,1.0,OLY,11,"SLOUKAS, KOSTAS",25:32,8,2,2,0,3,4,4,0,3,3,5,0,2,0,0,1,5,15,-10.0
2022,RS,26,232,0,P003469   ,1.0,1.0,OLY,14,"VEZENKOV, SASHA",30:00,10,1,2,2,5,2,2,2,4,6,2,0,0,2,0,2,4,18,-21.0
2022,RS,26,232,0,P001255   ,1.0,0.0,OLY,16,"PAPANIKOLAOU, KOSTAS",20:03,8,2,2,1,1,1,1,0,2,2,1,0,1,0,0,1,1,10,-15.0
2022,RS,26,232,0,P009035   ,0.0,0.0,OLY,21,"BOLOMBOY, JOEL",03:36,0,0,2,0,0,0,0,0,0,0,0,0,1,0,1,0,0,-4,-4.0
2022,RS,26,232,0,P008829   ,0.0,0.0,OLY,25,"PETERS, ALEC",10:00,5,0,0,1,1,2,2,0,3,3,0,0,1,0,0,0,2,9,0.0
2022,RS,26,232,0,P008991   ,0.0,0.0,OLY,28,"BLACK, TARIK",13:01,4,2,3,0,0,0,1,0,2,2,0,0,2,0,0,2,1,1,-5.0
2022,RS,26,232,0,P007853   ,0.0,0.0,OLY,77,"MCKISSIC, SHAQUIELLE",18:28,5,1,2,1,4,0,0,0,1,1,1,2,2,1,0,0,1,5,-10.0
2022,RS,26,232,0,Team,0.0,0.0,OLY,,Team,,0,0,0,0,0,0,0,0,2,2,0,0,1,0,0,0,0,1,
2022,RS,26,232,0,Total,,,OLY,,Total,200:00,62,14,24,8,22,10,11,3,21,24,17,2,19,3,2,16,18,64,
2022,RS,26,233,1,P009212   ,0.0,1.0,PAR,1,"VUKCEVIC, TRISTAN",06:11,0,0,1,0,0,0,0,0,0,0,0,1,0,0,0,3,0,-3,2.0
2022,RS,26,233,1,P008987   ,1.0,1.0,PAR,2,"LEDAY, ZACH",33:42,13,5,7,0,3,3,4,0,3,3,1,3,2,1,1,3,5,14,14.0
2022,RS,26,233,1,P003983   ,0.0,0.0,PAR,4,"AVRAMOVIC, ALEKSA",18:21,19,2,5,5,7,0,0,0,0,0,2,0,1,0,0,2,1,14,7.0
2022,RS,26,233,1,P009862   ,1.0,1.0,PAR,7,"PUNTER, KEVIN",29:01,16,2,4,2,5,6,6,0,2,2,3,3,3,0,0,3,4,17,19.0
2022,RS,26,233,1,P011051   ,1.0,0.0,PAR,9,"SMAILAGIC, ALEN",10:43,6,0,0,2,4,0,0,0,1,1,1,0,0,0,0,5,0,1,5.0
2022,RS,26,233,1,P005161   ,1.0,0.0,PAR,10,"PAPAPETROU, IOANNIS",11:15,5,1,2,1,1,0,0,0,0,0,0,0,0,0,1,0,1,4,-4.0
2022,RS,26,233,1,P011302   ,0.0,0.0,PAR,11,"EXUM, DANTE",21:50,6,3,4,0,1,0,0,0,3,3,4,1,2,1,0,2,0,9,1.0
2022,RS,26,233,1,P007400   ,0.0,0.0,PAR,21,"NUNNALLY, JAMES",04:08,0,0,0,0,1,0,0,0,1,1,0,0,2,0,0,0,0,-2,-4.0
2022,RS,26,233,1,P003842   ,0.0,0.0,PAR,26,"LESSORT, MATHIAS",26:33,10,2,4,0,0,6,10,3,3,6,2,2,2,1,0,3,8,18,6.0
2022,RS,26,233,1,P007673   ,0.0,0.0,PAR,32,"TRIFUNOVIC, UROS",03:12,0,0,0,0,0,0,0,0,0,0,0,0,0,0,0,1,0,-1,-7.0
2022,RS,26,233,1,P000956   ,0.0,1.0,PAR,33,"ANDJUSIC, DANILO",13:27,6,0,0,2,3,0,0,0,3,3,0,0,1,0,0,0,1,8,19.0
2022,RS,26,233,1,P011052   ,1.0,1.0,PAR,41,"MADAR, YAM",21:37,7,2,4,0,0,3,4,0,2,2,5,0,0,0,0,2,4,13,12.0
2022,RS,26,233,1,Team,0.0,0.0,PAR,,Team,,0,0,0,0,0,0,0,1,4,5,0,0,2,0,0,0,0,3,
2022,RS,26,233,1,Total,,,PAR,,Total,200:00,88,17,31,12,25,18,24,4,22,26,18,10,15,3,2,24,24,95,
2022,RS,26,233,0,P007032   ,1.0,1.0,BER,0,"LO, MAODO",28:16,17,3,8,3,6,2,2,0,1,1,3,2,0,0,1,1,5,18,-19.0
2022,RS,26,233,0,P008384   ,0.0,0.0,BER,1,"PROCIDA, GABRIELE",19:13,8,3,4,0,3,2,4,0,2,2,1,0,1,0,0,2,2,4,-3.0
2022,RS,26,233,0,P011620   ,0.0,1.0,BER,2,"MACHOWSKI, NILS",00:25,0,0,0,0,1,0,0,0,0,0,0,0,0,0,0,0,0,-1,0.0
2022,RS,26,233,0,P011192   ,1.0,0.0,BER,3,"SMITH, JALEEN",25:25,3,0,2,1,6,0,0,0,3,3,6,2,6,0,0,3,1,-1,-6.0
2022,RS,26,233,0,P011934   ,0.0,0.0,BER,7,"WETZELL, YANNI",17:06,10,5,5,0,0,0,0,0,2,2,0,0,5,0,0,4,0,3,-20.0
2022,RS,26,233,0,P007025   ,0.0,0.0,BER,9,"MATTISSECK, JONAS",17:33,6,0,0,2,2,0,0,0,0,0,0,3,0,0,0,1,1,9,-17.0
2022,RS,26,233,0,P011234   ,0.0,1.0,BER,11,"SCHULTE, RIKUS",01:19,0,0,0,0,0,0,0,0,0,0,0,0,0,0,0,0,0,0,2.0
2022,RS,26,233,0,P006919   ,1.0,1.0,BER,19,"OLINDE, LOUIS",29:08,2,1,2,0,1,0,0,2,4,6,1,1,3,0,0,4,2,3,3.0
2022,RS,26,233,0,P010791   ,1.0,1.0,BER,21,"KOUMADJE, CHRIST",22:54,9,4,6,0,0,1,4,4,6,10,1,1,1,2,0,3,8,22,6.0
2022,RS,26,233,0,P003958   ,0.0,0.0,BER,32,"THIEMANN, JOHANNES",14:02,10,0,1,2,3,4,4,0,2,2,1,0,1,0,1,2,3,10,-21.0
2022,RS,26,233,0,P006589   ,1.0,0.0,BER,43,"SIKMA, LUKE",24:39,9,3,5,0,2,3,4,1,3,4,4,0,4,0,1,4,2,5,5.0
2022,RS,26,233,0,Team,0.0,0.0,BER,,Team,,0,0,0,0,0,0,0,3,1,4,0,0,2,0,0,0,0,2,
2022,RS,26,233,0,Total,,,BER,,Total,200:00,74,19,33,8,24,12,18,10,24,34,17,9,23,2,3,24,24,74,
2022,RS,26,234,1,P011948   ,1.0,0.0,BAS,0,"HOWARD, MARKUS",07:26,0,0,2,0,3,0,0,0,0,0,0,0,2,0,0,3,1,-9,-5.0
2022,RS,26,234,1,P012259   ,0.0,1.0,BAS,1,"HEIDEGGER, MAX",15:42,6,1,2,1,2,1,1,0,1,1,5,1,0,0,0,2,2,11,9.0
2022,RS,26,234,1,P008850   ,0.0,1.0,BAS,2,"RAIESTE, SANDER",16:23,4,2,3,0,1,0,0,1,2,3,1,0,1,0,0,4,1,2,14.0
2022,RS,26,234,1,P004761   ,0.0,0.0,BAS,9,"MARINKOVIC, VANJA",23:39,14,1,2,4,7,0,0,1,4,5,1,0,0,0,0,2,1,15,37.0
2022,RS,26,234,1,P003198   ,0.0,1.0,BAS,11,"DIEZ, DANIEL",18:27,8,1,1,2,2,0,0,2,1,3,1,0,2,0,0,4,1,7,12.0
2022,RS,26,234,1,P011078   ,1.0,0.0,BAS,13,"THOMPSON, DARIUS",24:18,16,5,5,2,4,0,0,0,3,3,11,0,3,1,0,2,1,25,30.0
2022,RS,26,234,1,P004603   ,1.0,1.0,BAS,21,"KOTSAR, MAIK",20:52,7,3,4,0,0,1,2,2,5,7,2,1,0,0,0,0,1,16,14.0
2022,RS,26,234,1,P011239   ,0.0,0.0,BAS,23,"ENOCH, STEVEN",DNP,0,0,0,0,0,0,0,0,0,0,0,0,0,0,0,0,0,0,0.0
2022,RS,26,234,1,P010444   ,0.0,0.0,BAS,24,"COSTELLO, MATTHEW",21:15,15,5,10,1,2,2,5,2,6,8,1,1,1,2,0,1,4,20,29.0
2022,RS,26,234,1,P006436   ,1.0,0.0,BAS,31,"GIEDRAITIS, ROKAS",27:54,14,5,5,0,1,4,4,0,5,5,1,2,1,1,0,1,2,22,27.0
2022,RS,26,234,1,P011949   ,1.0,0.0,BAS,34,"HOMMES, DAULTON",19:26,24,3,5,1,1,15,15,4,2,6,0,1,2,1,1,3,7,31,23.0
2022,RS,26,234,1,P007265   ,0.0,1.0,BAS,47,"KURUCS, ARTURS",04:38,6,0,0,2,3,0,0,0,1,1,0,0,0,0,0,0,0,6,5.0
2022,RS,26,234,1,Team,0.0,0.0,BAS,,Team,,0,0,0,0,0,0,0,0,1,1,0,0,0,0,0,0,0,1,
2022,RS,26,234,1,Total,,,BAS,,Total,200:00,114,26,39,13,26,23,27,12,31,43,23,6,12,5,1,22,21,147,
2022,RS,26,234,0,P011970   ,0.0,0.0,PAM,0,"HARPER, JARED",16:33,15,1,3,3,4,4,4,0,1,1,2,0,2,0,0,5,5,13,-13.0
2022,RS,26,234,0,P000556   ,0.0,0.0,PAM,1,"CLAVER, VICTOR",05:26,0,0,1,0,2,0,0,0,1,1,0,1,0,0,0,1,0,-2,-10.0
2022,RS,26,234,0,P006643   ,0.0,1.0,PAM,2,"PUERTO, JOSEP",18:17,0,0,0,0,0,0,0,0,3,3,0,1,0,0,0,1,4,7,-19.0
2022,RS,26,234,0,P002661   ,0.0,0.0,PAM,3,"PREPELIC, KLEMEN",18:53,8,1,2,1,5,3,3,0,0,0,1,0,1,0,0,0,1,4,-15.0
2022,RS,26,234,0,P010393   ,0.0,1.0,PAM,4,"PRADILLA, JAIME",13:54,0,0,2,0,0,0,0,0,2,2,2,0,1,0,0,2,0,-1,-10.0
2022,RS,26,234,0,P011971   ,1.0,1.0,PAM,5,"WEBB III, JAMES",23:11,10,0,0,3,4,1,2,0,4,4,0,0,2,1,0,2,2,11,-20.0
2022,RS,26,234,0,P005356   ,1.0,0.0,PAM,6,"LOPEZ-AROSTEGUI, XABI",20:17,13,5,6,0,2,3,4,1,0,1,0,0,1,0,0,2,3,10,-19.0
2022,RS,26,234,0,P010568   ,1.0,0.0,PAM,7,"JONES, CHRIS",17:39,9,3,5,1,2,0,0,0,0,0,4,0,2,0,0,1,0,7,-11.0
2022,RS,26,234,0,P011972   ,1.0,1.0,PAM,12,"RADEBAUGH, JONAH",18:21,5,1,4,1,2,0,0,0,0,0,1,1,0,0,2,3,0,-2,-18.0
2022,RS,26,234,0,P010677   ,0.0,1.0,PAM,13,"EVANS, SHANNON",10:00,4,2,5,0,4,0,0,0,0,0,1,0,1,0,1,1,2,-3,-22.0
2022,RS,26,234,0,P002742   ,1.0,0.0,PAM,14,"DUBLJEVIC, BOJAN",20:28,1,0,4,0,1,1,2,1,1,2,1,0,1,0,2,1,2,-4,-16.0
2022,RS,26,234,0,P011214   ,0.0,0.0,PAM,41,"RIVERO, JASIEL",17:01,10,4,5,0,0,2,4,0,1,1,0,2,1,0,0,3,3,9,-22.0
2022,RS,26,234,0,Team,0.0,0.0,PAM,,Team,,0,0,0,0,0,0,0,4,2,6,0,0,1,0,0,0,0,5,
2022,RS,26,234,0,Total,,,PAM,,Total,200:00,75,17,37,9,26,14,19,6,15,21,12,5,13,1,5,22,22,54,
2022,RS,27,235,1,P007032   ,1.0,0.0,BER,0,"LO, MAODO",25:42,10,1,4,2,4,2,4,0,3,3,3,0,3,0,1,0,5,10,8.0
2022,RS,27,235,1,P008384   ,0.0,1.0,BER,1,"PROCIDA, GABRIELE",12:16,2,1,2,0,1,0,0,0,1,1,1,0,2,1,0,4,0,-3,-9.0
2022,RS,27,235,1,P011192   ,1.0,1.0,BER,3,"SMITH, JALEEN",28:54,10,1,5,2,8,2,2,0,2,2,1,0,1,0,0,4,2,0,6.0
2022,RS,27,235,1,P008211   ,0.0,1.0,BER,6,"DELOW, MALTE",09:55,0,0,0,0,0,0,0,0,0,0,1,0,0,0,0,1,0,0,-9.0
2022,RS,27,235,1,P011934   ,0.0,1.0,BER,7,"WETZELL, YANNI",08:13,3,0,2,0,0,3,4,0,1,1,0,0,1,0,0,0,3,3,-1.0
2022,RS,27,235,1,P006251   ,1.0,0.0,BER,10,"SCHNEIDER, TIM",13:47,3,0,0,1,4,0,0,1,1,2,0,0,0,0,0,1,0,1,-5.0
2022,RS,27,235,1,P006919   ,0.0,0.0,BER,19,"OLINDE, LOUIS",24:06,4,1,2,0,3,2,2,0,4,4,0,0,0,1,0,4,3,4,1.0
2022,RS,27,235,1,P010791   ,0.0,0.0,BER,21,"KOUMADJE, CHRIST",11:50,6,3,6,0,0,0,0,3,2,5,2,1,0,1,0,3,0,9,4.0
2022,RS,27,235,1,P003958   ,0.0,0.0,BER,32,"THIEMANN, JOHANNES",11:23,4,1,5,0,1,2,2,3,2,5,0,0,0,0,0,3,1,2,-8.0
2022,RS,27,235,1,P006589   ,1.0,1.0,BER,43,"SIKMA, LUKE",24:18,10,2,4,2,2,0,2,4,6,10,2,2,1,0,1,2,4,20,9.0
2022,RS,27,235,1,P010385   ,1.0,0.0,BER,44,"LAMMERS, BEN",19:57,8,3,6,0,1,2,2,2,1,3,1,0,2,1,2,3,1,3,-6.0
2022,RS,27,235,1,P011193   ,0.0,0.0,BER,45,"BLATT, TAMIR",09:39,3,0,2,1,3,0,0,0,2,2,2,0,1,0,0,0,1,3,-5.0
2022,RS,27,235,1,Team,0.0,0.0,BER,,Team,,0,0,0,0,0,0,0,2,5,7,0,0,2,0,0,0,0,5,
2022,RS,27,235,1,Total,,,BER,,Total,200:00,63,13,38,8,27,13,18,15,30,45,13,3,13,4,4,25,20,57,
2022,RS,27,235,0,P012068   ,0.0,1.0,ZAL,1,"TAYLOR, ISAIAH",19:32,14,5,10,0,0,4,6,1,1,2,2,0,3,0,2,1,4,9,3.0
2022,RS,27,235,0,P007513   ,0.0,0.0,ZAL,3,"GIEDRAITIS, DOVYDAS",DNP,0,0,0,0,0,0,0,0,0,0,0,0,0,0,0,0,0,0,0.0
2022,RS,27,235,0,P003210   ,1.0,1.0,ZAL,4,"LEKAVICIUS, LUKAS",20:44,8,2,5,1,3,1,2,1,3,4,5,3,3,0,1,2,2,10,0.0
2022,RS,27,235,0,P010390   ,1.0,0.0,ZAL,8,"HAYES, KEVARRIUS",24:32,8,2,3,0,0,4,6,0,4,4,0,0,0,3,0,2,4,14,2.0
2022,RS,27,235,0,P007109   ,1.0,1.0,ZAL,10,"SMITS, ROLANDS",21:33,6,2,5,0,2,2,3,2,5,7,0,0,1,0,1,1,3,7,-11.0
2022,RS,27,235,0,P005504   ,0.0,0.0,ZAL,15,"BIRUTIS, LAURYNAS",07:41,4,2,2,0,0,0,0,0,1,1,1,0,0,1,0,3,0,4,0.0
2022,RS,27,235,0,P006158   ,0.0,0.0,ZAL,16,"LUKOSIUNAS, KAROLIS",DNP,0,0,0,0,0,0,0,0,0,0,0,0,0,0,0,0,0,0,0.0
2022,RS,27,235,0,P011983   ,1.0,0.0,ZAL,17,"BRAZDEIKIS, IGNAS",18:13,2,1,2,0,2,0,0,0,3,3,1,0,2,0,0,1,1,1,-7.0
2022,RS,27,235,0,P002084   ,0.0,1.0,ZAL,25,"POLONARA, ACHILLE",26:57,9,2,3,1,5,2,4,0,9,9,3,3,0,0,0,3,2,16,19.0
2022,RS,27,235,0,P003211   ,0.0,0.0,ZAL,33,"DIMSA, TOMAS",07:42,5,1,1,1,4,0,0,0,0,0,0,0,0,0,0,1,2,3,0.0
2022,RS,27,235,0,P002676   ,0.0,0.0,ZAL,51,"BUTKEVICIUS, ARNAS",19:00,0,0,0,0,0,0,0,1,1,2,0,0,1,0,0,5,0,-4,8.0
2022,RS,27,235,0,P002329   ,1.0,1.0,ZAL,92,"ULANOVAS, EDGARAS",34:06,10,3,9,0,2,4,7,3,1,4,1,0,0,0,0,1,7,10,1.0
2022,RS,27,235,0,Team,0.0,0.0,ZAL,,Team,,0,0,0,0,0,0,0,1,2,3,0,0,0,0,0,0,0,3,
2022,RS,27,235,0,Total,,,ZAL,,Total,200:00,66,20,40,3,18,17,28,9,30,39,13,6,10,4,4,20,25,73,
2022,RS,27,236,1,P008855   ,1.0,1.0,OLY,0,"WALKUP, THOMAS",22:55,6,3,4,0,1,0,0,0,2,2,3,0,1,0,0,1,3,10,-2.0
2022,RS,27,236,1,P010612   ,1.0,0.0,OLY,3,"CANAAN, ISAIAH",11:01,0,0,3,0,2,0,0,0,0,0,0,1,0,0,0,3,0,-7,-10.0
2022,RS,27,236,1,P006302   ,0.0,0.0,OLY,4,"LOUNTZIS, MICHALIS",DNP,0,0,0,0,0,0,0,0,0,0,0,0,0,0,0,0,0,0,0.0
2022,RS,27,236,1,P010392   ,0.0,1.0,OLY,5,"LARENTZAKIS, GIANNOULIS",17:16,14,0,2,4,5,2,2,0,5,5,0,1,2,0,0,2,2,15,15.0
2022,RS,27,236,1,P008811   ,1.0,0.0,OLY,10,"FALL, MOUSTAPHA",18:29,5,2,4,0,0,1,3,3,4,7,2,0,1,1,0,1,3,12,-6.0
2022,RS,27,236,1,P001926   ,0.0,0.0,OLY,11,"SLOUKAS, KOSTAS",18:56,3,1,4,0,2,1,2,0,1,1,3,0,1,0,0,0,2,2,8.0
2022,RS,27,236,1,P003469   ,1.0,1.0,OLY,14,"VEZENKOV, SASHA",23:20,13,3,10,2,6,1,2,3,4,7,0,1,0,0,1,3,1,6,1.0
2022,RS,27,236,1,P001255   ,1.0,0.0,OLY,16,"PAPANIKOLAOU, KOSTAS",22:44,8,1,1,2,3,0,0,1,4,5,1,0,1,0,0,1,3,14,-8.0
2022,RS,27,236,1,P009035   ,0.0,0.0,OLY,21,"BOLOMBOY, JOEL",DNP,0,0,0,0,0,0,0,0,0,0,0,0,0,0,0,0,0,0,0.0
2022,RS,27,236,1,P008829   ,0.0,1.0,OLY,25,"PETERS, ALEC",16:50,6,2,2,0,3,2,2,1,3,4,0,0,0,0,0,3,1,5,4.0
2022,RS,27,236,1,P008991   ,0.0,0.0,OLY,28,"BLACK, TARIK",21:21,6,2,3,0,0,2,3,5,0,5,1,0,2,0,0,5,5,8,15.0
2022,RS,27,236,1,P007853   ,0.0,1.0,OLY,77,"MCKISSIC, SHAQUIELLE",27:08,16,2,4,3,4,3,4,1,0,1,4,1,1,0,0,3,2,16,18.0
2022,RS,27,236,1,Team,0.0,0.0,OLY,,Team,,0,0,0,0,0,0,0,1,0,1,0,0,0,0,0,0,0,1,
2022,RS,27,236,1,Total,,,OLY,,Total,200:00,77,16,37,11,26,12,18,15,23,38,14,4,9,1,1,22,22,82,
2022,RS,27,236,0,P011244   ,0.0,0.0,BAR,1,"DA SILVA, OSCAR",04:35,0,0,0,0,0,0,0,0,0,0,0,1,0,0,0,3,0,-2,-4.0
2022,RS,27,236,0,P002968   ,1.0,1.0,BAR,5,"SANLI, SERTAC",26:05,13,2,3,2,3,3,4,1,2,3,1,0,0,0,0,3,2,13,2.0
2022,RS,27,236,0,P000925   ,0.0,0.0,BAR,6,"VESELY, JAN",13:55,2,1,3,0,0,0,0,1,1,2,1,0,1,0,0,3,0,-1,-9.0
2022,RS,27,236,0,P004866   ,1.0,1.0,BAR,10,"KALINIC, NIKOLA",31:20,8,0,1,2,9,2,2,0,6,6,3,2,0,0,0,1,1,11,4.0
2022,RS,27,236,0,P002939   ,1.0,0.0,BAR,13,"SATORANSKY, TOMAS",23:28,1,0,1,0,0,1,2,1,1,2,2,1,0,0,0,2,4,6,1.0
2022,RS,27,236,0,P006435   ,1.0,1.0,BAR,20,"LAPROVITTOLA, NICOLAS",30:51,15,1,2,3,7,4,5,1,2,3,8,0,5,0,0,4,5,16,5.0
2022,RS,27,236,0,P003478   ,0.0,0.0,BAR,21,"ABRINES, ALEX",09:02,0,0,1,0,2,0,0,1,1,2,0,0,2,0,0,5,1,-7,-9.0
2022,RS,27,236,0,P006450   ,0.0,1.0,BAR,22,"HIGGINS, CORY",17:23,10,1,1,2,4,2,2,1,0,1,0,1,3,0,0,0,4,11,-15.0
2022,RS,27,236,0,P005789   ,0.0,0.0,BAR,24,"KURIC, KYLE",DNP,0,0,0,0,0,0,0,0,0,0,0,0,0,0,0,0,0,0,0.0
2022,RS,27,236,0,P007519   ,0.0,0.0,BAR,31,"JOKUBAITIS, ROKAS",11:31,2,1,3,0,1,0,0,0,3,3,0,0,0,0,0,1,0,1,-7.0
2022,RS,27,236,0,P000796   ,1.0,1.0,BAR,33,"MIROTIC, NIKOLA",31:50,19,7,11,0,3,5,8,3,4,7,1,0,1,1,1,0,5,21,-3.0
2022,RS,27,236,0,P010641   ,0.0,0.0,BAR,46,"NNAJI, JAMES",DNP,0,0,0,0,0,0,0,0,0,0,0,0,0,0,0,0,0,0,0.0
2022,RS,27,236,0,Team,0.0,0.0,BAR,,Team,,0,0,0,0,0,0,0,5,3,8,0,0,0,0,0,0,0,8,
2022,RS,27,236,0,Total,,,BAR,,Total,200:00,70,13,26,9,29,17,23,14,23,37,16,5,12,1,1,22,22,77,
2022,RS,27,237,1,P010391   ,1.0,1.0,MUN,0,"WEILER-BABB, NICK",23:39,6,3,5,0,3,0,0,1,1,2,4,1,0,0,1,2,2,7,17.0
2022,RS,27,237,1,P009866   ,0.0,1.0,MUN,2,"WALDEN, COREY",23:06,10,1,4,1,9,5,6,1,5,6,0,0,1,0,0,4,8,7,25.0
2022,RS,27,237,1,P004862   ,0.0,0.0,MUN,4,"SEELEY, DENNIS",16:10,12,3,9,2,3,0,0,3,0,3,2,0,2,0,1,1,1,7,-10.0
2022,RS,27,237,1,P011940   ,1.0,0.0,MUN,5,"WINSTON, CASSIUS",15:52,3,1,5,0,4,1,2,1,0,1,0,1,2,0,2,4,2,-10,-14.0
2022,RS,27,237,1,P001557   ,0.0,0.0,MUN,7,"GIFFEY, NIELS",24:12,9,3,6,1,2,0,0,5,4,9,1,2,1,0,0,0,0,16,9.0
2022,RS,27,237,1,P005160   ,0.0,1.0,MUN,8,"HUNTER, OTHELLO",22:36,8,4,5,0,3,0,0,2,3,5,2,2,1,0,0,2,1,11,2.0
2022,RS,27,237,1,P006760   ,1.0,1.0,MUN,9,"BONGA, ISAAC",19:26,6,0,0,1,1,3,4,2,3,5,2,1,0,0,0,3,5,15,-12.0
2022,RS,27,237,1,P004058   ,0.0,0.0,MUN,10,"JARAMAZ, OGNJEN",DNP,0,0,0,0,0,0,0,0,0,0,0,0,0,0,0,0,0,0,0.0
2022,RS,27,237,1,P004508   ,0.0,1.0,MUN,13,"OBST, ANDREAS",25:13,15,0,1,5,8,0,0,0,1,1,1,1,1,0,1,2,0,10,4.0
2022,RS,27,237,1,P005056   ,0.0,0.0,MUN,16,"ZIPSER, PAUL",DNP,0,0,0,0,0,0,0,0,0,0,0,0,0,0,0,0,0,0,0.0
2022,RS,27,237,1,P005478   ,1.0,0.0,MUN,17,"WIMBERG, NIKLAS",13:49,3,0,0,1,1,0,0,0,0,0,1,0,1,0,0,3,0,0,-5.0
2022,RS,27,237,1,P011941   ,1.0,0.0,MUN,33,"GILLESPIE, FREDDIE",15:57,4,2,4,0,0,0,0,1,3,4,0,2,2,1,0,4,2,5,4.0
2022,RS,27,237,1,Team,0.0,0.0,MUN,,Team,,0,0,0,0,0,0,0,4,3,7,0,0,0,0,0,0,0,7,
2022,RS,27,237,1,Total,,,MUN,,Total,200:00,76,17,39,11,34,9,12,20,23,43,13,10,11,1,5,25,21,75,
2022,RS,27,237,0,P011936   ,0.0,1.0,ASV,0,"MATHEWS, JONAH",23:39,10,3,7,0,0,4,4,0,4,4,1,0,1,1,0,1,3,13,-12.0
2022,RS,27,237,0,P006068   ,1.0,0.0,ASV,2,"NOUA, AMINE",22:00,3,1,3,0,1,1,4,1,2,3,1,1,0,0,0,3,3,2,-1.0
2022,RS,27,237,0,P004264   ,1.0,1.0,ASV,3,"BOST, DEE",30:44,18,0,3,5,10,3,4,0,2,2,4,2,3,2,1,2,5,18,3.0
2022,RS,27,237,0,PKIR      ,0.0,0.0,ASV,5,"KAHUDI, CHARLES",DNP,0,0,0,0,0,0,0,0,0,0,0,0,0,0,0,0,0,0,0.0
2022,RS,27,237,0,PTFK      ,1.0,0.0,ASV,8,"DIOT, ANTOINE",16:10,5,1,1,1,2,0,0,0,2,2,5,1,0,0,0,3,1,10,5.0
2022,RS,27,237,0,P004119   ,0.0,1.0,ASV,9,"TYUS, ALEX",18:08,5,2,3,0,0,1,2,2,2,4,2,0,1,2,0,2,2,10,-5.0
2022,RS,27,237,0,P002100   ,0.0,0.0,ASV,12,"DE COLO, NANDO",DNP,0,0,0,0,0,0,0,0,0,0,0,0,0,0,0,0,0,0,0.0
2022,RS,27,237,0,P006568   ,1.0,0.0,ASV,19,"FALL, YOUSSOUPHA",21:52,12,5,5,0,0,2,4,1,6,7,0,0,2,0,0,2,4,17,1.0
2022,RS,27,237,0,P003526   ,1.0,1.0,ASV,23,"LIGHTY, DAVID",30:59,13,4,8,1,3,2,2,1,4,5,5,0,3,0,0,3,2,13,2.0
2022,RS,27,237,0,P011938   ,0.0,1.0,ASV,32,"OBASOHAN, RETIN",22:18,6,1,3,1,2,1,2,0,0,0,2,0,3,0,0,4,5,2,0.0
2022,RS,27,237,0,P006832   ,0.0,0.0,ASV,35,"PONS, YVES",14:10,0,0,0,0,0,0,0,1,1,2,0,0,0,0,0,1,0,1,-13.0
2022,RS,27,237,0,Team,0.0,0.0,ASV,,Team,,0,0,0,0,0,0,0,2,1,3,0,0,2,0,0,0,0,1,
2022,RS,27,237,0,Total,,,ASV,,Total,200:00,72,17,33,8,18,14,22,8,24,32,20,4,15,5,1,21,25,87,
2022,RS,27,238,1,P011970   ,0.0,1.0,PAM,0,"HARPER, JARED",21:03,15,2,3,2,8,5,5,1,1,2,4,1,0,0,0,4,3,14,7.0
2022,RS,27,238,1,P000556   ,0.0,1.0,PAM,1,"CLAVER, VICTOR",09:20,2,1,1,0,0,0,0,0,2,2,0,1,1,0,0,1,0,3,7.0
2022,RS,27,238,1,P006643   ,1.0,0.0,PAM,2,"PUERTO, JOSEP",22:33,15,3,5,2,3,3,3,1,3,4,0,0,1,0,1,1,2,15,-3.0
2022,RS,27,238,1,P002661   ,0.0,0.0,PAM,3,"PREPELIC, KLEMEN",18:57,4,1,2,0,4,2,2,0,0,0,5,1,0,0,0,1,2,6,-6.0
2022,RS,27,238,1,P010393   ,0.0,0.0,PAM,4,"PRADILLA, JAIME",07:39,0,0,0,0,1,0,0,1,0,1,1,0,0,0,0,0,0,1,-5.0
2022,RS,27,238,1,P011971   ,1.0,1.0,PAM,5,"WEBB III, JAMES",28:10,5,1,2,1,6,0,0,1,4,5,0,3,0,0,1,2,1,5,0.0
2022,RS,27,238,1,P005356   ,0.0,0.0,PAM,6,"LOPEZ-AROSTEGUI, XABI",16:40,6,2,4,0,0,2,2,0,0,0,1,0,0,0,0,1,3,7,-3.0
2022,RS,27,238,1,P010568   ,1.0,1.0,PAM,7,"JONES, CHRIS",22:53,19,7,11,1,4,2,2,0,2,2,1,0,0,0,0,4,4,15,-8.0
2022,RS,27,238,1,P011972   ,1.0,0.0,PAM,12,"RADEBAUGH, JONAH",11:24,0,0,0,0,1,0,0,0,0,0,0,0,1,0,0,2,0,-4,-6.0
2022,RS,27,238,1,P010677   ,0.0,0.0,PAM,13,"EVANS, SHANNON",DNP,0,0,0,0,0,0,0,0,0,0,0,0,0,0,0,0,0,0,0.0
2022,RS,27,238,1,P002742   ,1.0,1.0,PAM,14,"DUBLJEVIC, BOJAN",22:28,8,1,2,2,3,0,0,1,5,6,1,0,2,1,1,2,2,11,-2.0
2022,RS,27,238,1,P011214   ,0.0,0.0,PAM,41,"RIVERO, JASIEL",18:53,10,4,6,0,0,2,4,2,3,5,0,0,2,0,0,2,4,11,-1.0
2022,RS,27,238,1,Team,0.0,0.0,PAM,,Team,,0,0,0,0,0,0,0,0,2,2,0,0,0,0,0,0,0,2,
2022,RS,27,238,1,Total,,,PAM,,Total,200:00,84,22,36,8,30,16,18,7,22,29,13,6,7,1,3,20,21,86,
2022,RS,27,238,0,P007870   ,0.0,0.0,MIL,0,"DAVIES, BRANDON",02:53,0,0,1,0,0,0,0,0,0,0,0,0,0,0,0,1,0,-2,-5.0
2022,RS,27,238,0,P012080   ,1.0,0.0,MIL,2,"LUWAWU-CABARROT, TIMOTHE",06:34,0,0,2,0,2,0,0,0,1,1,0,1,2,0,0,0,1,-3,-5.0
2022,RS,27,238,0,P011965   ,0.0,0.0,MIL,3,"MITROU-LONG, NAZ",DNP,0,0,0,0,0,0,0,0,0,0,0,0,0,0,0,0,0,0,0.0
2022,RS,27,238,0,P006433   ,0.0,1.0,MIL,5,"PANGOS, KEVIN",22:02,13,2,2,3,8,0,0,1,5,6,1,1,2,0,0,3,3,14,3.0
2022,RS,27,238,0,P006509   ,0.0,0.0,MIL,7,"TONUT, STEFANO",14:28,3,0,0,1,2,0,0,0,1,1,0,1,0,0,0,0,1,5,-1.0
2022,RS,27,238,0,P002849   ,1.0,1.0,MIL,9,"MELLI, NICOLO",28:56,11,2,3,1,1,4,6,2,5,7,1,0,0,0,0,3,7,20,1.0
2022,RS,27,238,0,P005775   ,1.0,1.0,MIL,12,"BARON, BILLY",21:19,10,2,3,2,4,0,0,1,2,3,0,0,4,0,0,1,2,7,3.0
2022,RS,27,238,0,P011224   ,1.0,1.0,MIL,13,"NAPIER, SHABAZZ",30:27,28,2,3,5,8,9,10,0,1,1,5,0,3,0,1,2,5,28,4.0
2022,RS,27,238,0,P001518   ,0.0,0.0,MIL,17,"RICCI, GIAMPAOLO",19:30,12,3,3,2,3,0,0,0,4,4,0,0,0,0,0,3,0,12,15.0
2022,RS,27,238,0,P007831   ,0.0,0.0,MIL,31,"SHIELDS, SHAVON",07:47,0,0,1,0,0,0,0,1,0,1,1,0,0,1,0,2,0,0,-3.0
2022,RS,27,238,0,P002812   ,0.0,1.0,MIL,42,"HINES, KYLE",17:13,4,2,2,0,1,0,0,0,3,3,4,0,2,1,0,3,0,6,4.0
2022,RS,27,238,0,P007201   ,1.0,0.0,MIL,77,"VOIGTMANN, JOHANNES",28:51,7,2,2,1,3,0,1,0,4,4,5,0,1,1,0,3,1,11,4.0
2022,RS,27,238,0,Team,0.0,0.0,MIL,,Team,,0,0,0,0,0,0,0,0,1,1,0,0,0,0,0,0,0,1,
2022,RS,27,238,0,Total,,,MIL,,Total,200:00,88,15,22,15,32,13,17,5,27,32,17,3,14,3,1,21,20,99,
2022,RS,27,239,1,P011064   ,0.0,0.0,VIR,1,"MANNION, NICCOLO",03:18,0,0,0,0,1,0,0,0,0,0,1,0,0,0,0,0,0,0,1.0
2022,RS,27,239,1,PBCN      ,0.0,1.0,VIR,3,"BELINELLI, MARCO",13:18,0,0,2,0,3,0,0,1,1,2,0,1,3,0,0,2,1,-6,1.0
2022,RS,27,239,1,P006739   ,0.0,0.0,VIR,6,"PAJOLA, ALESSANDRO",17:50,9,3,4,1,2,0,0,0,2,2,3,0,3,0,0,3,1,7,3.0
2022,RS,27,239,1,P004655   ,0.0,0.0,VIR,7,"BAKO, ISMAEL",18:16,4,0,0,0,0,4,4,0,0,0,2,1,1,1,0,1,3,9,-1.0
2022,RS,27,239,1,P002581   ,1.0,0.0,VIR,14,"JAITEH, MAM",21:09,14,5,7,0,0,4,6,1,3,4,0,0,0,0,0,2,4,16,-4.0
2022,RS,27,239,1,P010781   ,0.0,0.0,VIR,19,"LUNDBERG, IFFE",DNP,0,0,0,0,0,0,0,0,0,0,0,0,0,0,0,0,0,0,0.0
2022,RS,27,239,1,P001844   ,1.0,1.0,VIR,23,"HACKETT, DANIEL",19:22,5,0,2,1,1,2,2,0,0,0,4,1,2,0,0,4,3,5,-13.0
2022,RS,27,239,1,P008847   ,1.0,1.0,VIR,25,"MICKEY, JORDAN",26:33,13,3,4,1,3,4,4,2,7,9,2,2,1,1,0,0,2,25,-8.0
2022,RS,27,239,1,P006592   ,0.0,0.0,VIR,34,"WEEMS, KYLE",02:51,0,0,0,0,0,0,0,0,0,0,0,0,0,0,0,2,0,-2,-2.0
2022,RS,27,239,1,P011982   ,1.0,0.0,VIR,37,"OJELEYE, SEMI",29:42,13,5,7,0,2,3,5,2,3,5,0,0,1,0,0,2,4,13,-4.0
2022,RS,27,239,1,PJDR      ,1.0,1.0,VIR,44,"TEODOSIC, MILOS",26:29,11,1,1,3,5,0,1,0,2,2,12,0,8,0,0,4,4,14,-13.0
2022,RS,27,239,1,P003527   ,0.0,1.0,VIR,55,"ABASS, AWUDU",21:12,10,2,3,2,3,0,0,0,0,0,0,1,1,0,0,3,0,5,-5.0
2022,RS,27,239,1,Team,0.0,0.0,VIR,,Team,,0,0,0,0,0,0,0,1,1,2,0,0,1,0,0,0,0,1,
2022,RS,27,239,1,Total,,,VIR,,Total,200:00,79,19,30,8,20,17,22,7,19,26,24,6,21,2,0,23,22,87,
2022,RS,27,239,0,P009212   ,0.0,0.0,PAR,1,"VUKCEVIC, TRISTAN",DNP,0,0,0,0,0,0,0,0,0,0,0,0,0,0,0,0,0,0,0.0
2022,RS,27,239,0,P008987   ,1.0,1.0,PAR,2,"LEDAY, ZACH",35:40,8,4,9,0,1,0,1,3,5,8,2,4,2,0,1,3,4,13,7.0
2022,RS,27,239,0,P003983   ,0.0,0.0,PAR,4,"AVRAMOVIC, ALEKSA",03:42,0,0,0,0,2,0,0,0,0,0,1,1,1,0,0,1,0,-2,-4.0
2022,RS,27,239,0,P009862   ,1.0,1.0,PAR,7,"PUNTER, KEVIN",30:36,17,6,8,1,3,2,2,0,1,1,1,3,0,0,0,3,3,18,20.0
2022,RS,27,239,0,P011051   ,1.0,0.0,PAR,9,"SMAILAGIC, ALEN",19:27,9,1,3,2,3,1,2,1,3,4,2,2,0,0,1,3,3,12,11.0
2022,RS,27,239,0,P005161   ,0.0,0.0,PAR,10,"PAPAPETROU, IOANNIS",06:29,3,0,1,1,1,0,0,0,0,0,0,1,1,0,0,0,0,2,-8.0
2022,RS,27,239,0,P011302   ,0.0,1.0,PAR,11,"EXUM, DANTE",28:23,17,6,9,0,2,5,5,3,4,7,7,3,1,0,0,2,7,33,12.0
2022,RS,27,239,0,P007400   ,1.0,1.0,PAR,21,"NUNNALLY, JAMES",27:40,18,7,8,1,2,1,2,0,1,1,2,0,1,0,0,1,1,17,16.0
2022,RS,27,239,0,P003842   ,0.0,1.0,PAR,26,"LESSORT, MATHIAS",20:25,5,2,3,0,0,1,1,2,0,2,0,0,2,0,0,4,4,4,-4.0
2022,RS,27,239,0,P007673   ,0.0,0.0,PAR,32,"TRIFUNOVIC, UROS",05:29,0,0,1,0,0,0,0,0,0,0,0,0,0,0,0,1,0,-2,-1.0
2022,RS,27,239,0,P000956   ,0.0,0.0,PAR,33,"ANDJUSIC, DANILO",04:55,0,0,1,0,0,0,0,0,0,0,1,0,1,0,0,1,0,-2,-10.0
2022,RS,27,239,0,P011052   ,1.0,0.0,PAR,41,"MADAR, YAM",17:14,11,3,4,1,4,2,2,1,0,1,1,0,1,0,0,3,1,6,6.0
2022,RS,27,239,0,Team,0.0,0.0,PAR,,Team,,0,0,0,0,0,0,0,2,2,4,0,0,2,0,0,0,0,2,
2022,RS,27,239,0,Total,,,PAR,,Total,200:00,88,29,47,6,18,12,15,12,16,28,17,14,12,0,2,22,23,101,
2022,RS,27,240,1,P007982   ,1.0,0.0,MAD,0,"WILLIAMS-GOSS, NIGEL",17:20,6,3,4,0,0,0,0,0,2,2,0,0,0,0,0,2,2,7,-5.0
2022,RS,27,240,1,P001392   ,0.0,0.0,MAD,1,"CAUSEUR, FABIEN",07:52,1,0,1,0,1,1,2,0,0,0,0,0,1,0,0,0,1,-2,-12.0
2022,RS,27,240,1,PBMT      ,0.0,1.0,MAD,5,"FERNANDEZ, RUDY",17:43,9,0,0,3,6,0,0,0,4,4,2,0,1,0,0,1,1,11,11.0
2022,RS,27,240,1,P005099   ,1.0,0.0,MAD,8,"HANGA, ADAM",08:39,6,0,2,2,2,0,0,0,2,2,0,1,1,1,0,2,0,5,-2.0
2022,RS,27,240,1,P003108   ,0.0,0.0,MAD,11,"HEZONJA, MARIO",16:04,2,1,2,0,2,0,0,0,3,3,0,2,2,0,0,1,0,1,1.0
2022,RS,27,240,1,PCVM      ,0.0,1.0,MAD,13,"RODRIGUEZ, SERGIO",20:54,3,0,0,1,3,0,0,0,1,1,8,0,0,0,0,3,1,8,5.0
2022,RS,27,240,1,P009005   ,1.0,1.0,MAD,14,"DECK, GABRIEL",25:53,4,2,2,0,2,0,0,0,0,0,1,0,2,0,0,2,1,0,-14.0
2022,RS,27,240,1,P004887   ,1.0,0.0,MAD,17,"POIRIER, VINCENT",16:22,10,5,5,0,0,0,2,2,3,5,1,0,2,2,0,2,2,14,-4.0
2022,RS,27,240,1,P004790   ,0.0,0.0,MAD,21,"CORNELIE, PETR",DNP,0,0,0,0,0,0,0,0,0,0,0,0,0,0,0,0,0,0,0.0
2022,RS,27,240,1,P005791   ,0.0,1.0,MAD,22,"TAVARES, WALTER",23:38,13,6,8,0,0,1,1,2,3,5,2,1,4,2,1,2,6,20,0.0
2022,RS,27,240,1,P010357   ,0.0,0.0,MAD,28,"YABUSELE, GUERSCHON",12:26,6,0,2,1,1,3,4,0,0,0,1,0,0,1,0,1,2,6,-5.0
2022,RS,27,240,1,P006540   ,1.0,1.0,MAD,31,"MUSA, DZANAN",33:09,21,4,6,3,5,4,4,1,7,8,4,1,4,0,0,3,3,26,5.0
2022,RS,27,240,1,Team,0.0,0.0,MAD,,Team,,0,0,0,0,0,0,0,1,3,4,0,0,0,0,0,0,0,4,
2022,RS,27,240,1,Total,,,MAD,,Total,200:00,81,21,32,10,22,9,13,6,28,34,19,5,17,6,1,19,19,100,
2022,RS,27,240,0,P011948   ,0.0,0.0,BAS,0,"HOWARD, MARKUS",23:51,11,1,2,3,7,0,0,1,0,1,0,0,1,0,0,1,1,6,-1.0
2022,RS,27,240,0,P012259   ,0.0,0.0,BAS,1,"HEIDEGGER, MAX",06:53,5,0,0,1,2,2,2,0,0,0,0,0,3,0,0,2,1,0,-4.0
2022,RS,27,240,0,P007230   ,0.0,0.0,BAS,8,"SEDEKERSKIS, TADAS",11:07,0,0,0,0,2,0,0,0,3,3,0,0,1,0,0,0,3,3,-3.0
2022,RS,27,240,0,P004761   ,1.0,1.0,BAS,9,"MARINKOVIC, VANJA",17:19,3,0,2,1,3,0,0,0,0,0,1,1,0,0,0,1,0,0,0.0
2022,RS,27,240,0,P003198   ,0.0,0.0,BAS,11,"DIEZ, DANIEL",07:11,3,0,0,1,2,0,0,0,0,0,0,0,0,0,0,0,1,3,-7.0
2022,RS,27,240,0,P011078   ,1.0,1.0,BAS,13,"THOMPSON, DARIUS",30:52,18,3,7,4,7,0,0,2,3,5,14,3,1,0,1,3,4,32,17.0
2022,RS,27,240,0,P004603   ,1.0,0.0,BAS,21,"KOTSAR, MAIK",19:56,13,5,11,0,0,3,4,4,2,6,0,1,0,0,1,3,5,14,5.0
2022,RS,27,240,0,P011239   ,0.0,0.0,BAS,23,"ENOCH, STEVEN",10:52,4,2,3,0,0,0,0,0,1,1,0,0,0,0,0,1,0,3,-18.0
2022,RS,27,240,0,P010444   ,0.0,1.0,BAS,24,"COSTELLO, MATTHEW",15:29,20,2,4,5,8,1,1,0,3,3,0,0,0,0,1,4,1,14,15.0
2022,RS,27,240,0,P006436   ,1.0,1.0,BAS,31,"GIEDRAITIS, ROKAS",28:53,6,0,3,1,4,3,4,1,4,5,1,2,0,0,3,2,2,4,7.0
2022,RS,27,240,0,P011949   ,1.0,1.0,BAS,34,"HOMMES, DAULTON",26:32,2,1,1,0,1,0,0,0,2,2,0,2,0,1,0,2,1,5,13.0
2022,RS,27,240,0,P007265   ,0.0,0.0,BAS,47,"KURUCS, ARTURS",01:05,0,0,0,0,0,0,0,0,0,0,0,0,0,0,0,0,0,0,-4.0
2022,RS,27,240,0,Team,0.0,0.0,BAS,,Team,,0,0,0,0,0,0,0,2,2,4,0,0,0,0,0,0,0,4,
2022,RS,27,240,0,Total,,,BAS,,Total,200:00,85,14,33,16,36,9,11,10,20,30,16,9,6,1,6,19,19,88,
2022,RS,27,241,1,P010588   ,1.0,1.0,MCO,0,"BROWN, JOHN",23:00,6,3,5,0,2,0,0,1,0,1,0,2,0,0,0,1,1,5,-3.0
2022,RS,27,241,1,P011212   ,0.0,1.0,MCO,0,"OKOBO, ELIE",21:34,12,2,4,2,7,2,2,0,1,1,4,0,2,1,0,4,2,7,15.0
2022,RS,27,241,1,P012201   ,0.0,0.0,MCO,1,"MONEKE, CHIMA",17:18,3,1,3,0,0,1,2,4,2,6,1,0,0,1,0,2,3,9,17.0
2022,RS,27,241,1,P009754   ,1.0,0.0,MCO,3,"LOYD, JORDAN",23:33,18,2,3,4,6,2,2,0,0,0,2,1,3,0,0,2,3,16,15.0
2022,RS,27,241,1,P011231   ,0.0,0.0,MCO,4,"BLOSSOMGAME, JARON",00:18,0,0,0,0,0,0,0,0,0,0,0,0,0,0,0,0,0,0,0.0
2022,RS,27,241,1,P011935   ,0.0,0.0,MCO,5,"MAKOUNDOU, YOAN",DNP,0,0,0,0,0,0,0,0,0,0,0,0,0,0,0,0,0,0,0.0
2022,RS,27,241,1,P011226   ,1.0,0.0,MCO,11,"DIALLO, ALPHA",26:45,18,3,3,4,7,0,0,4,4,8,1,1,2,0,0,1,2,24,11.0
2022,RS,27,241,1,PLCZ      ,1.0,1.0,MCO,20,"MOTIEJUNAS, DONATAS",19:09,7,3,3,0,1,1,2,0,1,1,2,0,0,0,0,2,3,9,-6.0
2022,RS,27,241,1,P004197   ,0.0,1.0,MCO,24,"OUATTARA, YAKUBA",12:54,4,2,2,0,2,0,0,1,1,2,0,1,0,0,0,2,0,3,-5.0
2022,RS,27,241,1,P008099   ,0.0,1.0,MCO,32,"STRAZEL, MATTHEW",03:21,0,0,0,0,0,0,0,0,0,0,0,1,1,0,0,1,0,-1,-4.0
2022,RS,27,241,1,P011196   ,0.0,0.0,MCO,45,"HALL, DONTA",20:33,5,2,2,0,0,1,3,0,5,5,0,1,0,0,0,0,3,12,20.0
2022,RS,27,241,1,P005985   ,1.0,0.0,MCO,55,"JAMES, MIKE",31:35,11,4,11,1,2,0,0,0,1,1,2,1,1,0,1,1,4,8,10.0
2022,RS,27,241,1,Team,0.0,0.0,MCO,,Team,,0,0,0,0,0,0,0,4,1,5,0,0,1,0,0,0,0,4,
2022,RS,27,241,1,Total,,,MCO,,Total,200:00,84,22,36,11,27,7,11,14,16,30,12,8,10,2,1,16,21,96,
2022,RS,27,241,0,P011209   ,0.0,1.0,PAN,0,"KALAITZAKIS, PANAGIOTIS",02:08,4,0,0,1,1,1,2,0,0,0,1,1,0,0,0,0,1,6,6.0
2022,RS,27,241,0,P011225   ,1.0,0.0,PAN,5,"LEE, PARIS",30:24,9,3,7,1,2,0,0,0,2,2,3,0,5,0,0,2,3,5,-10.0
2022,RS,27,241,0,P005844   ,1.0,0.0,PAN,6,"PAPAGIANNIS, GEORGIOS",27:34,4,2,2,0,0,0,0,1,2,3,1,0,0,0,0,4,0,4,-13.0
2022,RS,27,241,0,P003240   ,0.0,1.0,PAN,7,"BOCHORIDIS, ELEFTHERIOS",09:36,0,0,0,0,0,0,0,0,2,2,2,1,0,0,0,0,2,7,-4.0
2022,RS,27,241,0,P009006   ,0.0,1.0,PAN,8,"WILLIAMS, DERRICK",23:55,8,2,3,1,3,1,2,0,1,1,1,0,4,0,0,3,1,0,-3.0
2022,RS,27,241,0,P006586   ,1.0,0.0,PAN,16,"KALAITZAKIS, GEORGIOS",14:36,5,1,2,1,2,0,0,1,1,2,1,0,0,0,0,1,1,6,-11.0
2022,RS,27,241,0,P008967   ,0.0,0.0,PAN,17,"THOMAS, MATT",20:07,9,1,1,2,3,1,2,0,1,1,1,0,2,0,0,3,2,6,-15.0
2022,RS,27,241,0,P011442   ,0.0,1.0,PAN,20,"SAMONTOUROV, ALEXANDROS",01:30,4,2,2,0,0,0,0,0,0,0,0,0,0,0,0,0,0,4,5.0
2022,RS,27,241,0,P011286   ,1.0,0.0,PAN,24,"BACON, DWAYNE",24:21,10,2,4,2,7,0,0,0,1,1,0,0,0,1,1,3,0,1,-4.0
2022,RS,27,241,0,P004172   ,1.0,0.0,PAN,37,"PONITKA, MATEUSZ",28:09,11,2,3,1,2,4,6,2,4,6,1,1,1,0,0,1,3,16,-12.0
2022,RS,27,241,0,P002328   ,0.0,1.0,PAN,40,"GRIGONIS, MARIUS",15:39,6,0,1,2,3,0,0,2,1,3,2,0,3,0,0,4,3,5,-10.0
2022,RS,27,241,0,P008084   ,0.0,0.0,PAN,72,"MANTZOUKAS, ELEFTHERIOS",02:01,0,0,0,0,0,0,0,0,1,1,0,0,0,0,0,0,0,1,1.0
2022,RS,27,241,0,Team,0.0,0.0,PAN,,Team,,0,0,0,0,0,0,0,3,1,4,0,0,3,0,0,0,0,1,
2022,RS,27,241,0,Total,,,PAN,,Total,200:00,70,15,25,11,23,7,12,9,17,26,13,3,18,1,1,21,16,62,
2022,RS,27,242,1,P007947   ,1.0,1.0,RED,1,"VILDOZA, LUCA",20:20,6,1,3,1,3,1,1,1,1,2,2,0,0,0,2,1,3,6,-2.0
2022,RS,27,242,1,P004720   ,1.0,0.0,RED,2,"LAZAREVIC, STEFAN",21:04,5,0,0,1,1,2,2,0,4,4,2,0,0,0,0,5,1,7,11.0
2022,RS,27,242,1,P005928   ,0.0,1.0,RED,7,"CAMPAZZO, FACUNDO",23:53,22,4,5,3,3,5,7,0,3,3,7,1,4,0,0,2,6,30,28.0
2022,RS,27,242,1,P002553   ,0.0,1.0,RED,9,"MITROVIC, LUKA",23:37,10,4,5,0,0,2,4,2,2,4,3,0,1,0,0,1,3,15,19.0
2022,RS,27,242,1,P009540   ,0.0,0.0,RED,12,"MARTIN, HASSAN",05:42,2,1,2,0,0,0,0,0,1,1,1,0,0,0,0,0,0,3,2.0
2022,RS,27,242,1,P004007   ,1.0,0.0,RED,13,"DOBRIC, OGNJEN",24:42,15,3,4,3,5,0,1,0,3,3,2,1,2,0,0,2,1,14,13.0
2022,RS,27,242,1,P003332   ,0.0,0.0,RED,20,"IVANOVIC, NIKOLA",DNP,0,0,0,0,0,0,0,0,0,0,0,0,0,0,0,0,0,0,0.0
2022,RS,27,242,1,P000848   ,0.0,0.0,RED,26,"NEDOVIC, NEMANJA",15:29,9,1,2,2,5,1,2,0,0,0,3,1,1,0,0,1,1,7,3.0
2022,RS,27,242,1,PLME      ,0.0,1.0,RED,27,"MARKOVIC, STEFAN",14:32,3,0,0,1,1,0,0,1,0,1,1,0,0,0,0,4,0,1,4.0
2022,RS,27,242,1,P003479   ,1.0,0.0,RED,32,"KUZMIC, OGNJEN",10:41,5,2,3,0,0,1,1,0,1,1,0,0,0,0,1,1,1,4,-2.0
2022,RS,27,242,1,P011194   ,0.0,0.0,RED,33,"PETRUSEV, FILIP",12:43,7,3,6,0,3,1,2,1,1,2,1,1,1,1,0,0,1,5,-2.0
2022,RS,27,242,1,P009818   ,1.0,1.0,RED,50,"BENTIL, BENJAMIN",27:17,10,4,6,0,0,2,2,1,1,2,3,0,2,0,0,1,3,13,21.0
2022,RS,27,242,1,Team,0.0,0.0,RED,,Team,,0,0,0,0,0,0,0,2,0,2,0,0,0,0,0,0,0,2,
2022,RS,27,242,1,Total,,,RED,,Total,200:00,94,23,36,11,21,15,22,8,17,25,25,4,11,1,3,18,20,107,
2022,RS,27,242,0,P006590   ,1.0,0.0,IST,1,"BEAUBOIS, RODRIGUE",27:33,15,3,4,3,3,0,0,0,0,0,3,1,2,0,0,2,1,15,-17.0
2022,RS,27,242,0,P006614   ,0.0,0.0,IST,2,"SINGLETON, CHRIS",09:39,0,0,0,0,0,0,0,0,0,0,0,1,1,0,0,0,0,0,-7.0
2022,RS,27,242,0,P010807   ,0.0,0.0,IST,5,"EFEOGLU, KARAHAN",DNP,0,0,0,0,0,0,0,0,0,0,0,0,0,0,0,0,0,0,0.0
2022,RS,27,242,0,P009846   ,0.0,0.0,IST,6,"BRYANT, ELIJAH",19:49,10,3,6,1,2,1,1,0,2,2,2,0,3,1,1,4,2,5,-8.0
2022,RS,27,242,0,P010516   ,0.0,1.0,IST,11,"GAZI, ERTEN",04:55,0,0,0,0,1,0,0,0,0,0,0,0,1,0,0,2,0,-4,-5.0
2022,RS,27,242,0,P004888   ,1.0,1.0,IST,12,"CLYBURN, WILL",35:36,12,4,6,1,6,1,2,0,9,9,4,0,1,0,0,4,9,21,-27.0
2022,RS,27,242,0,P012405   ,0.0,0.0,IST,14,"HALTALI, FURKAN",DNP,0,0,0,0,0,0,0,0,0,0,0,0,0,0,0,0,0,0,0.0
2022,RS,27,242,0,P002925   ,1.0,1.0,IST,19,"TUNCER, BUGRAHAN",32:07,8,1,5,2,5,0,0,0,1,1,6,1,2,0,0,3,0,4,0.0
2022,RS,27,242,0,PLHK      ,0.0,0.0,IST,21,"PLEISS, TIBOR",DNP,0,0,0,0,0,0,0,0,0,0,0,0,0,0,0,0,0,0,0.0
2022,RS,27,242,0,P007993   ,1.0,1.0,IST,24,"M'BAYE, AMATH",30:21,12,0,1,4,4,0,0,1,6,7,0,0,0,1,0,3,2,18,-12.0
2022,RS,27,242,0,P004554   ,1.0,0.0,IST,41,"ZIZIC, ANTE",28:24,16,7,9,0,0,2,4,1,0,1,1,0,1,1,0,2,3,15,-10.0
2022,RS,27,242,0,P003048   ,0.0,1.0,IST,42,"DUNSTON, BRYANT",11:36,2,1,1,0,0,0,0,2,1,3,0,0,0,0,0,1,1,5,-9.0
2022,RS,27,242,0,Team,0.0,0.0,IST,,Team,,0,0,0,0,0,0,0,1,0,1,0,0,4,0,0,0,0,-3,
2022,RS,27,242,0,Total,,,IST,,Total,200:00,75,19,32,11,21,4,7,5,19,24,16,3,15,3,1,21,18,76,
2022,RS,27,243,1,P009622   ,1.0,1.0,TEL,4,"BROWN, LORENZO",37:28,21,4,12,2,6,7,8,2,1,3,3,0,3,0,1,3,7,14,6.0
2022,RS,27,243,1,P009863   ,1.0,0.0,TEL,5,"BALDWIN IV, WADE",18:02,15,2,5,2,4,5,5,1,1,2,0,0,3,1,0,4,3,9,-16.0
2022,RS,27,243,1,P011967   ,1.0,0.0,TEL,6,"MARTIN, JARELL",27:13,9,2,3,1,3,2,2,0,4,4,0,1,0,0,0,3,2,10,-2.0
2022,RS,27,243,1,P004233   ,0.0,1.0,TEL,8,"MENCO, RAFI",00:41,0,0,0,0,0,0,0,0,0,0,0,0,0,0,0,1,0,-1,2.0
2022,RS,27,243,1,P011219   ,0.0,0.0,TEL,9,"SORKIN, ROMAN",19:33,10,5,6,0,1,0,2,3,2,5,2,1,0,0,0,1,3,16,14.0
2022,RS,27,243,1,P007990   ,0.0,1.0,TEL,12,"DIBARTOLOMEO, JOHN",25:28,10,0,0,2,6,4,4,2,4,6,3,4,1,0,0,4,7,21,18.0
2022,RS,27,243,1,P008989   ,0.0,0.0,TEL,13,"HILLIARD, DARRUN",03:20,0,0,0,0,1,0,0,0,0,0,1,0,0,0,0,2,1,-1,2.0
2022,RS,27,243,1,P005145   ,0.0,0.0,TEL,15,"COHEN, JAKE",20:33,2,1,1,0,1,0,0,1,4,5,1,0,0,0,0,2,0,5,9.0
2022,RS,27,243,1,P012203   ,0.0,1.0,TEL,17,"BRAIMOH, SULEIMAN",00:40,0,0,0,0,0,0,0,0,1,1,0,0,0,0,0,0,0,1,8.0
2022,RS,27,243,1,P011199   ,1.0,0.0,TEL,32,"NEBO, JOSH",16:42,1,0,1,0,0,1,2,1,2,3,0,0,1,1,0,1,1,2,-15.0
2022,RS,27,243,1,P011220   ,0.0,0.0,TEL,33,"ZIV, IFTAH",DNP,0,0,0,0,0,0,0,0,0,0,0,0,0,0,0,0,0,0,0.0
2022,RS,27,243,1,P009783   ,1.0,1.0,TEL,50,"COLSON, BONZIE",30:20,10,3,9,1,2,1,2,3,4,7,0,0,4,0,0,2,2,5,-6.0
2022,RS,27,243,1,Team,0.0,0.0,TEL,,Team,,0,0,0,0,0,0,0,1,3,4,0,0,1,0,0,0,0,3,
2022,RS,27,243,1,Total,,,TEL,,Total,200:00,78,17,37,8,24,20,25,14,26,40,10,6,13,2,1,23,26,84,
2022,RS,27,243,0,P011157   ,1.0,0.0,ULK,0,"MOTLEY, JOHNATHAN",24:06,12,6,6,0,0,0,0,1,6,7,1,1,4,0,0,4,4,17,5.0
2022,RS,27,243,0,P006661   ,1.0,1.0,ULK,3,"WILBEKIN, SCOTTIE",20:19,7,1,2,1,8,2,3,1,1,2,3,1,1,0,1,4,3,1,4.0
2022,RS,27,243,0,P011987   ,0.0,0.0,ULK,4,"EDWARDS, CARSEN",08:27,2,1,3,0,2,0,0,0,0,0,1,0,0,0,0,2,0,-3,-11.0
2022,RS,27,243,0,P001413   ,0.0,1.0,ULK,8,"BJELICA, NEMANJA",09:21,6,3,3,0,2,0,2,3,1,4,1,0,2,0,0,0,2,7,1.0
2022,RS,27,243,0,P002969   ,0.0,0.0,ULK,10,"MAHMUTOGLU, MELIH",DNP,0,0,0,0,0,0,0,0,0,0,0,0,0,0,0,0,0,0,0.0
2022,RS,27,243,0,P008962   ,1.0,1.0,ULK,11,"HAYES-DAVIS, NIGEL",34:44,16,4,7,2,5,2,5,3,2,5,1,0,0,0,0,3,6,16,4.0
2022,RS,27,243,0,P010560   ,1.0,0.0,ULK,21,"PIERRE, DYSHAWN",24:02,15,4,6,1,7,4,5,2,6,8,3,0,0,1,1,3,4,18,1.0
2022,RS,27,243,0,P009733   ,0.0,0.0,ULK,22,"JEKIRI, TONYE",07:32,0,0,1,0,0,0,0,1,2,3,0,0,0,0,0,2,1,1,4.0
2022,RS,27,243,0,P004004   ,0.0,1.0,ULK,23,"GUDURIC, MARKO",22:52,8,1,3,2,7,0,0,1,0,1,2,1,1,0,0,2,0,2,-17.0
2022,RS,27,243,0,P009849   ,0.0,0.0,ULK,27,"DORSEY, TYLER",04:36,0,0,0,0,1,0,1,0,0,0,0,0,0,0,0,2,0,-4,-6.0
2022,RS,27,243,0,P007056   ,0.0,0.0,ULK,31,"BOOKER, DEVIN",11:59,0,0,1,0,0,0,0,3,0,3,0,0,1,0,0,3,0,-2,-12.0
2022,RS,27,243,0,P001932   ,1.0,1.0,ULK,33,"CALATHES, NICK",32:02,8,2,4,1,2,1,2,1,4,5,4,4,1,0,0,2,3,17,7.0
2022,RS,27,243,0,Team,0.0,0.0,ULK,,Team,,0,0,0,0,0,0,0,1,2,3,0,0,0,0,0,0,0,3,
2022,RS,27,243,0,Total,,,ULK,,Total,200:00,74,22,36,7,34,9,18,17,24,41,16,7,10,1,2,27,23,73,
2022,RS,28,244,1,P012068   ,0.0,0.0,ZAL,1,"TAYLOR, ISAIAH",21:58,15,5,9,1,1,2,2,0,2,2,3,1,2,0,0,4,3,14,17.0
2022,RS,28,244,1,P007513   ,0.0,1.0,ZAL,3,"GIEDRAITIS, DOVYDAS",03:38,0,0,0,0,0,0,0,0,1,1,0,0,0,0,0,0,0,1,2.0
2022,RS,28,244,1,P003210   ,1.0,0.0,ZAL,4,"LEKAVICIUS, LUKAS",09:54,8,3,4,0,1,2,2,0,0,0,0,0,3,1,0,1,1,4,-3.0
2022,RS,28,244,1,P010390   ,1.0,0.0,ZAL,8,"HAYES, KEVARRIUS",16:22,2,1,2,0,0,0,0,1,2,3,0,0,1,1,0,4,0,0,2.0
2022,RS,28,244,1,P007109   ,1.0,0.0,ZAL,10,"SMITS, ROLANDS",17:34,8,2,3,0,1,4,5,0,3,3,0,1,1,0,1,2,3,8,1.0
2022,RS,28,244,1,P005504   ,0.0,1.0,ZAL,15,"BIRUTIS, LAURYNAS",16:00,6,3,4,0,0,0,2,3,4,7,0,0,1,0,0,1,1,9,11.0
2022,RS,28,244,1,P006158   ,0.0,1.0,ZAL,16,"LUKOSIUNAS, KAROLIS",12:29,0,0,0,0,2,0,0,0,1,1,0,1,0,0,1,2,0,-3,7.0
2022,RS,28,244,1,P011983   ,0.0,1.0,ZAL,17,"BRAZDEIKIS, IGNAS",19:19,19,3,7,3,7,4,6,0,2,2,0,2,0,0,1,0,5,17,11.0
2022,RS,28,244,1,P002084   ,0.0,0.0,ZAL,25,"POLONARA, ACHILLE",26:00,11,1,1,3,4,0,0,0,6,6,2,1,1,1,0,2,3,20,18.0
2022,RS,28,244,1,P003211   ,0.0,1.0,ZAL,33,"DIMSA, TOMAS",13:56,5,1,2,1,2,0,0,1,1,2,1,0,0,0,0,1,1,6,9.0
2022,RS,28,244,1,P002676   ,1.0,0.0,ZAL,51,"BUTKEVICIUS, ARNAS",20:46,3,1,2,0,2,1,2,0,2,2,1,1,0,0,1,4,3,1,6.0
2022,RS,28,244,1,P002329   ,1.0,0.0,ZAL,92,"ULANOVAS, EDGARAS",22:04,8,1,2,1,3,3,3,1,1,2,2,0,3,0,0,3,2,5,9.0
2022,RS,28,244,1,Team,0.0,0.0,ZAL,,Team,,0,0,0,0,0,0,0,3,2,5,0,0,0,0,0,0,0,5,
2022,RS,28,244,1,Total,,,ZAL,,Total,200:00,85,21,36,9,23,16,22,9,27,36,9,7,12,3,4,24,22,87,
2022,RS,28,244,0,P011936   ,0.0,1.0,ASV,0,"MATHEWS, JONAH",22:27,18,2,3,3,5,5,6,0,1,1,2,1,2,0,0,3,4,17,-21.0
2022,RS,28,244,0,P006068   ,0.0,1.0,ASV,2,"NOUA, AMINE",21:38,4,2,3,0,2,0,0,0,3,3,0,1,1,1,0,1,2,6,-6.0
2022,RS,28,244,0,P004264   ,1.0,0.0,ASV,3,"BOST, DEE",21:53,10,1,3,2,9,2,6,0,1,1,3,1,1,0,0,2,3,2,-1.0
2022,RS,28,244,0,PKIR      ,1.0,0.0,ASV,5,"KAHUDI, CHARLES",15:00,5,0,3,1,2,2,2,0,2,2,0,0,1,0,1,5,1,-3,-5.0
2022,RS,28,244,0,PTFK      ,0.0,1.0,ASV,8,"DIOT, ANTOINE",18:01,5,1,2,1,1,0,0,1,1,2,3,0,0,0,0,1,0,8,-7.0
2022,RS,28,244,0,P004119   ,1.0,0.0,ASV,9,"TYUS, ALEX",26:33,2,0,0,0,0,2,2,1,3,4,1,0,0,3,0,0,3,13,-5.0
2022,RS,28,244,0,P002100   ,1.0,0.0,ASV,12,"DE COLO, NANDO",21:51,9,1,2,1,3,4,4,0,2,2,1,0,2,0,1,3,4,7,-11.0
2022,RS,28,244,0,P006568   ,0.0,1.0,ASV,19,"FALL, YOUSSOUPHA",13:27,10,2,4,0,0,6,7,0,2,2,2,0,0,0,0,4,4,11,-13.0
2022,RS,28,244,0,P003526   ,0.0,0.0,ASV,23,"LIGHTY, DAVID",DNP,0,0,0,0,0,0,0,0,0,0,0,0,0,0,0,0,0,0,0.0
2022,RS,28,244,0,P011938   ,1.0,0.0,ASV,32,"OBASOHAN, RETIN",26:01,4,2,5,0,2,0,0,2,1,3,4,1,4,0,1,2,1,1,-10.0
2022,RS,28,244,0,P006832   ,0.0,1.0,ASV,35,"PONS, YVES",13:09,0,0,0,0,2,0,2,0,1,1,0,1,0,0,0,1,2,-1,-11.0
2022,RS,28,244,0,Team,0.0,0.0,ASV,,Team,,0,0,0,0,0,0,0,3,2,5,0,0,1,0,0,0,0,4,
2022,RS,28,244,0,Total,,,ASV,,Total,200:00,67,11,25,8,26,21,29,7,19,26,16,5,12,4,3,22,24,65,
2022,RS,28,245,1,P008855   ,1.0,0.0,OLY,0,"WALKUP, THOMAS",19:33,13,0,1,3,4,4,4,0,0,0,5,3,1,1,0,3,2,18,15.0
2022,RS,28,245,1,P010612   ,1.0,0.0,OLY,3,"CANAAN, ISAIAH",20:01,9,3,3,1,2,0,0,0,1,1,2,1,0,0,0,2,3,13,10.0
2022,RS,28,245,1,P006302   ,0.0,1.0,OLY,4,"LOUNTZIS, MICHALIS",09:05,0,0,2,0,0,0,0,0,2,2,1,0,1,0,0,0,0,0,6.0
2022,RS,28,245,1,P010392   ,0.0,1.0,OLY,5,"LARENTZAKIS, GIANNOULIS",18:52,14,1,1,4,5,0,0,1,4,5,1,0,1,0,0,3,2,17,23.0
2022,RS,28,245,1,P008811   ,1.0,0.0,OLY,10,"FALL, MOUSTAPHA",20:01,6,3,4,0,0,0,0,2,3,5,3,0,0,2,0,1,1,15,10.0
2022,RS,28,245,1,P001926   ,0.0,0.0,OLY,11,"SLOUKAS, KOSTAS",11:22,10,1,2,2,3,2,2,1,1,2,5,0,1,0,0,0,2,16,7.0
2022,RS,28,245,1,P003469   ,1.0,0.0,OLY,14,"VEZENKOV, SASHA",20:01,18,3,5,4,6,0,0,0,4,4,3,0,0,0,0,0,1,22,10.0
2022,RS,28,245,1,P001255   ,1.0,0.0,OLY,16,"PAPANIKOLAOU, KOSTAS",21:08,4,2,3,0,1,0,0,1,1,2,2,0,2,1,0,2,1,4,5.0
2022,RS,28,245,1,P009035   ,0.0,0.0,OLY,21,"BOLOMBOY, JOEL",13:55,2,1,1,0,0,0,0,0,2,2,0,0,3,0,0,5,1,-3,20.0
2022,RS,28,245,1,P008829   ,0.0,1.0,OLY,25,"PETERS, ALEC",19:59,6,0,0,2,5,0,0,0,5,5,1,0,0,0,0,2,1,8,18.0
2022,RS,28,245,1,P008991   ,0.0,1.0,OLY,28,"BLACK, TARIK",06:04,5,2,3,0,0,1,1,0,0,0,1,0,1,0,0,0,1,5,-2.0
2022,RS,28,245,1,P007853   ,0.0,1.0,OLY,77,"MCKISSIC, SHAQUIELLE",19:59,15,3,3,3,4,0,1,0,0,0,3,1,2,0,0,1,2,16,18.0
2022,RS,28,245,1,Team,0.0,0.0,OLY,,Team,,0,0,0,0,0,0,0,0,4,4,0,0,0,0,0,0,0,4,
2022,RS,28,245,1,Total,,,OLY,,Total,200:00,102,19,28,19,30,7,8,5,27,32,27,5,12,4,0,19,17,135,
2022,RS,28,245,0,P004862   ,0.0,0.0,MUN,4,"SEELEY, DENNIS",15:32,3,1,1,0,2,1,1,1,1,2,3,0,0,0,1,1,1,5,-7.0
2022,RS,28,245,0,P011940   ,1.0,0.0,MUN,5,"WINSTON, CASSIUS",21:16,7,1,4,1,3,2,2,0,1,1,4,0,0,0,2,1,3,7,-26.0
2022,RS,28,245,0,P001557   ,0.0,0.0,MUN,7,"GIFFEY, NIELS",14:21,11,2,2,1,2,4,4,0,0,0,0,0,0,0,0,2,2,10,-23.0
2022,RS,28,245,0,P005160   ,0.0,0.0,MUN,8,"HUNTER, OTHELLO",14:50,5,1,1,1,2,0,0,0,1,1,0,0,4,0,0,3,0,-2,2.0
2022,RS,28,245,0,P006760   ,1.0,1.0,MUN,9,"BONGA, ISAAC",26:04,16,2,4,3,6,3,5,2,3,5,4,3,0,0,0,2,5,24,-6.0
2022,RS,28,245,0,P004058   ,0.0,1.0,MUN,10,"JARAMAZ, OGNJEN",18:44,11,0,3,3,3,2,2,0,3,3,4,1,3,0,0,3,4,14,-2.0
2022,RS,28,245,0,P004508   ,1.0,1.0,MUN,13,"OBST, ANDREAS",24:28,5,1,1,1,7,0,0,0,2,2,0,1,2,0,0,0,0,0,-21.0
2022,RS,28,245,0,P005056   ,0.0,1.0,MUN,16,"ZIPSER, PAUL",14:58,5,0,2,1,1,2,2,0,0,0,1,0,0,0,0,1,1,4,-20.0
2022,RS,28,245,0,P005478   ,1.0,0.0,MUN,17,"WIMBERG, NIKLAS",25:02,5,1,2,1,4,0,0,1,0,1,1,0,1,0,0,2,0,0,-8.0
2022,RS,28,245,0,P011941   ,1.0,1.0,MUN,33,"GILLESPIE, FREDDIE",24:45,6,3,4,0,0,0,2,2,4,6,0,1,2,0,1,2,3,8,-29.0
2022,RS,28,245,0,Team,0.0,0.0,MUN,,Team,,0,0,0,0,0,0,0,0,0,0,0,0,1,0,0,0,0,-1,
2022,RS,28,245,0,Total,,,MUN,,Total,200:00,74,12,24,12,30,14,18,6,15,21,17,6,13,0,4,17,19,69,
2022,RS,28,246,1,P007870   ,0.0,1.0,MIL,0,"DAVIES, BRANDON",18:23,14,6,9,0,0,2,2,1,1,2,3,1,0,1,0,2,2,18,14.0
2022,RS,28,246,1,P005094   ,0.0,0.0,MIL,1,"THOMAS, DESHAUN",DNP,0,0,0,0,0,0,0,0,0,0,0,0,0,0,0,0,0,0,0.0
2022,RS,28,246,1,P012080   ,0.0,0.0,MIL,2,"LUWAWU-CABARROT, TIMOTHE",05:16,0,0,0,0,1,0,0,0,1,1,0,0,2,0,0,1,0,-3,-2.0
2022,RS,28,246,1,P006433   ,0.0,1.0,MIL,5,"PANGOS, KEVIN",24:05,10,1,1,2,4,2,2,2,3,5,7,0,1,0,0,4,4,19,4.0
2022,RS,28,246,1,P006509   ,0.0,0.0,MIL,7,"TONUT, STEFANO",13:18,4,2,3,0,0,0,0,0,0,0,1,0,1,0,1,1,0,1,13.0
2022,RS,28,246,1,P002849   ,1.0,1.0,MIL,9,"MELLI, NICOLO",32:32,9,4,5,0,1,1,2,3,5,8,0,1,3,0,0,3,5,14,13.0
2022,RS,28,246,1,P005775   ,1.0,1.0,MIL,12,"BARON, BILLY",26:10,14,1,4,3,7,3,5,0,3,3,0,3,0,0,1,1,3,12,12.0
2022,RS,28,246,1,P011224   ,1.0,1.0,MIL,13,"NAPIER, SHABAZZ",28:05,10,1,5,2,6,2,2,0,1,1,4,2,2,0,0,3,4,8,17.0
2022,RS,28,246,1,P001518   ,0.0,0.0,MIL,17,"RICCI, GIAMPAOLO",10:53,4,0,0,1,1,1,2,0,0,0,1,0,0,1,0,2,1,4,-3.0
2022,RS,28,246,1,P007831   ,1.0,0.0,MIL,31,"SHIELDS, SHAVON",14:44,0,0,1,0,4,0,0,0,2,2,1,1,1,0,0,1,0,-3,3.0
2022,RS,28,246,1,P002812   ,0.0,0.0,MIL,42,"HINES, KYLE",16:02,4,2,2,0,0,0,0,0,2,2,1,0,1,0,0,4,0,2,7.0
2022,RS,28,246,1,P007201   ,1.0,0.0,MIL,77,"VOIGTMANN, JOHANNES",10:32,7,2,3,1,1,0,0,3,1,4,0,0,0,0,0,2,0,8,-8.0
2022,RS,28,246,1,Team,0.0,0.0,MIL,,Team,,0,0,0,0,0,0,0,1,0,1,0,0,1,0,0,0,0,0,
2022,RS,28,246,1,Total,,,MIL,,Total,200:00,76,19,33,9,25,11,15,10,19,29,18,8,12,2,2,24,19,80,
2022,RS,28,246,0,P009212   ,1.0,0.0,PAR,1,"VUKCEVIC, TRISTAN",03:03,0,0,0,0,0,0,0,0,1,1,0,0,0,0,0,2,0,-1,0.0
2022,RS,28,246,0,P008987   ,0.0,0.0,PAR,2,"LEDAY, ZACH",32:10,7,3,5,0,2,1,1,0,4,4,1,0,2,0,0,2,3,7,-9.0
2022,RS,28,246,0,P003983   ,1.0,1.0,PAR,4,"AVRAMOVIC, ALEKSA",11:05,4,2,4,0,1,0,0,0,2,2,0,0,1,1,0,1,0,2,2.0
2022,RS,28,246,0,P009862   ,1.0,0.0,PAR,7,"PUNTER, KEVIN",28:46,15,5,8,0,3,5,5,0,5,5,3,0,1,0,1,3,4,16,3.0
2022,RS,28,246,0,P011051   ,0.0,0.0,PAR,9,"SMAILAGIC, ALEN",08:29,2,0,0,0,0,2,2,1,0,1,0,0,0,0,0,2,3,4,-15.0
2022,RS,28,246,0,P005161   ,0.0,0.0,PAR,10,"PAPAPETROU, IOANNIS",13:41,3,1,2,0,2,1,2,0,0,0,0,2,0,0,0,1,1,1,-19.0
2022,RS,28,246,0,P011302   ,0.0,0.0,PAR,11,"EXUM, DANTE",16:57,10,0,2,2,4,4,4,0,1,1,3,1,4,0,1,4,6,8,-2.0
2022,RS,28,246,0,P007400   ,1.0,1.0,PAR,21,"NUNNALLY, JAMES",30:40,10,1,3,2,4,2,2,0,3,3,0,2,4,1,0,0,1,9,-1.0
2022,RS,28,246,0,P003842   ,1.0,1.0,PAR,26,"LESSORT, MATHIAS",28:43,11,4,4,0,0,3,6,3,3,6,0,0,2,0,0,1,6,17,0.0
2022,RS,28,246,0,P007673   ,0.0,1.0,PAR,32,"TRIFUNOVIC, UROS",12:24,0,0,1,0,0,0,0,0,0,0,0,0,0,0,0,1,0,-2,-13.0
2022,RS,28,246,0,P000956   ,0.0,0.0,PAR,33,"ANDJUSIC, DANILO",DNP,0,0,0,0,0,0,0,0,0,0,0,0,0,0,0,0,0,0,0.0
2022,RS,28,246,0,P011052   ,0.0,1.0,PAR,41,"MADAR, YAM",14:02,0,0,2,0,0,0,0,0,1,1,1,0,0,0,0,2,0,-2,-16.0
2022,RS,28,246,0,Team,0.0,0.0,PAR,,Team,,0,0,0,0,0,0,0,2,2,4,0,0,4,0,0,0,0,0,
2022,RS,28,246,0,Total,,,PAR,,Total,200:00,62,16,31,4,16,18,22,6,22,28,8,5,18,2,2,19,24,59,
2022,RS,28,247,1,P007982   ,1.0,1.0,MAD,0,"WILLIAMS-GOSS, NIGEL",19:51,8,4,5,0,1,0,0,0,2,2,2,0,0,0,0,4,0,6,-3.0
2022,RS,28,247,1,P001392   ,0.0,0.0,MAD,1,"CAUSEUR, FABIEN",DNP,0,0,0,0,0,0,0,0,0,0,0,0,0,0,0,0,0,0,0.0
2022,RS,28,247,1,PBMT      ,0.0,1.0,MAD,5,"FERNANDEZ, RUDY",22:22,8,0,0,2,7,2,2,1,1,2,5,1,0,1,1,1,1,11,10.0
2022,RS,28,247,1,P003733   ,0.0,0.0,MAD,6,"ABALDE, ALBERTO",DNP,0,0,0,0,0,0,0,0,0,0,0,0,0,0,0,0,0,0,0.0
2022,RS,28,247,1,P005099   ,0.0,0.0,MAD,8,"HANGA, ADAM",06:30,3,0,0,1,1,0,0,0,2,2,0,1,1,0,0,0,2,7,3.0
2022,RS,28,247,1,P003108   ,1.0,0.0,MAD,11,"HEZONJA, MARIO",15:39,9,1,3,1,2,4,4,1,1,2,1,1,1,0,0,0,3,12,-7.0
2022,RS,28,247,1,PCVM      ,0.0,1.0,MAD,13,"RODRIGUEZ, SERGIO",20:08,5,1,3,1,3,0,0,0,1,1,7,0,2,0,0,2,1,6,9.0
2022,RS,28,247,1,P009005   ,0.0,1.0,MAD,14,"DECK, GABRIEL",23:22,18,5,8,0,0,8,8,3,4,7,2,0,0,0,0,3,5,26,9.0
2022,RS,28,247,1,P004887   ,0.0,0.0,MAD,17,"POIRIER, VINCENT",15:50,11,4,4,0,0,3,4,3,3,6,1,2,0,2,0,4,3,20,8.0
2022,RS,28,247,1,P004790   ,1.0,0.0,MAD,21,"CORNELIE, PETR",30:45,11,3,4,1,3,2,2,0,7,7,0,0,2,0,0,2,2,13,6.0
2022,RS,28,247,1,P005791   ,1.0,0.0,MAD,22,"TAVARES, WALTER",20:51,14,6,7,0,0,2,2,0,3,3,4,2,5,1,0,4,2,16,-7.0
2022,RS,28,247,1,P006540   ,1.0,1.0,MAD,31,"MUSA, DZANAN",24:42,8,1,1,1,6,3,4,0,0,0,1,0,2,0,0,0,4,5,-8.0
2022,RS,28,247,1,Team,0.0,0.0,MAD,,Team,,0,0,0,0,0,0,0,0,1,1,0,0,0,0,0,0,0,1,
2022,RS,28,247,1,Total,,,MAD,,Total,200:00,95,25,35,7,23,24,26,8,25,33,23,7,13,4,1,20,23,123,
2022,RS,28,247,0,P011970   ,0.0,0.0,PAM,0,"HARPER, JARED",09:29,9,1,1,1,2,4,5,0,0,0,0,0,0,0,0,1,3,9,-2.0
2022,RS,28,247,0,P000556   ,0.0,0.0,PAM,1,"CLAVER, VICTOR",17:31,2,0,0,0,1,2,2,0,1,1,1,1,0,0,0,3,1,2,-11.0
2022,RS,28,247,0,P006643   ,0.0,0.0,PAM,2,"PUERTO, JOSEP",16:17,3,0,2,1,2,0,0,0,1,1,0,1,0,0,0,3,0,-1,-8.0
2022,RS,28,247,0,P002661   ,0.0,0.0,PAM,3,"PREPELIC, KLEMEN",17:02,4,0,1,1,2,1,1,0,1,1,6,1,2,0,0,3,1,6,-10.0
2022,RS,28,247,0,P011971   ,1.0,1.0,PAM,5,"WEBB III, JAMES",19:46,6,0,0,2,5,0,0,0,3,3,0,0,1,0,0,4,1,2,13.0
2022,RS,28,247,0,P005356   ,1.0,1.0,PAM,6,"LOPEZ-AROSTEGUI, XABI",24:14,6,1,5,1,3,1,1,1,1,2,1,0,2,0,0,1,1,1,3.0
2022,RS,28,247,0,P010568   ,1.0,1.0,PAM,7,"JONES, CHRIS",20:06,19,4,5,3,3,2,2,1,1,2,4,0,2,0,0,1,5,26,13.0
2022,RS,28,247,0,P011972   ,1.0,1.0,PAM,12,"RADEBAUGH, JONAH",16:23,7,2,3,1,2,0,0,1,3,4,0,0,0,1,1,3,0,6,3.0
2022,RS,28,247,0,P010677   ,0.0,0.0,PAM,13,"EVANS, SHANNON",16:20,8,1,1,2,5,0,0,0,3,3,3,0,2,0,0,1,2,10,-8.0
2022,RS,28,247,0,P002742   ,1.0,0.0,PAM,14,"DUBLJEVIC, BOJAN",23:06,10,2,4,2,5,0,0,0,2,2,2,1,0,0,0,2,1,9,3.0
2022,RS,28,247,0,P008780   ,0.0,0.0,PAM,24,"HERMANNSSON, MARTIN",DNP,0,0,0,0,0,0,0,0,0,0,0,0,0,0,0,0,0,0,0.0
2022,RS,28,247,0,P011214   ,0.0,1.0,PAM,41,"RIVERO, JASIEL",19:46,17,5,11,1,1,4,6,2,0,2,2,1,2,0,3,1,5,13,-16.0
2022,RS,28,247,0,Team,0.0,0.0,PAM,,Team,,0,0,0,0,0,0,0,2,2,4,0,0,0,0,0,0,0,4,
2022,RS,28,247,0,Total,,,PAM,,Total,200:00,91,16,33,15,31,14,17,7,18,25,19,5,11,1,4,23,20,87,
2022,RS,28,248,1,P007200   ,1.0,0.0,IST,0,"LARKIN, SHANE",27:00,5,1,1,1,5,0,0,0,1,1,0,1,5,0,0,1,4,1,-12.0
2022,RS,28,248,1,P006590   ,1.0,0.0,IST,1,"BEAUBOIS, RODRIGUE",10:07,6,0,2,2,3,0,0,0,0,0,1,1,0,0,0,0,0,5,-10.0
2022,RS,28,248,1,P006614   ,0.0,0.0,IST,2,"SINGLETON, CHRIS",04:02,0,0,0,0,0,0,0,0,0,0,0,0,0,0,0,1,0,-1,-7.0
2022,RS,28,248,1,P009846   ,0.0,0.0,IST,6,"BRYANT, ELIJAH",26:23,11,4,7,0,3,3,3,2,4,6,3,0,2,0,1,3,2,10,-15.0
2022,RS,28,248,1,P010516   ,0.0,1.0,IST,11,"GAZI, ERTEN",11:25,1,0,0,0,3,1,2,1,1,2,0,0,0,0,0,1,1,-1,2.0
2022,RS,28,248,1,P004888   ,1.0,0.0,IST,12,"CLYBURN, WILL",37:27,12,3,5,0,6,6,7,2,6,8,1,1,1,0,0,3,4,13,-22.0
2022,RS,28,248,1,P002925   ,0.0,1.0,IST,19,"TUNCER, BUGRAHAN",01:39,0,0,0,0,0,0,0,0,0,0,1,0,0,0,0,0,0,1,-2.0
2022,RS,28,248,1,PLHK      ,0.0,0.0,IST,21,"PLEISS, TIBOR",08:29,4,1,2,0,0,2,2,0,2,2,0,0,0,0,0,0,1,6,-17.0
2022,RS,28,248,1,P002580   ,0.0,0.0,IST,22,"MICIC, VASILIJE",09:15,5,1,1,1,4,0,0,0,2,2,1,0,3,0,0,1,0,1,-4.0
2022,RS,28,248,1,P007993   ,1.0,1.0,IST,24,"M'BAYE, AMATH",31:31,7,2,4,0,4,3,3,0,3,3,2,0,3,0,0,2,3,4,-18.0
2022,RS,28,248,1,P004554   ,1.0,1.0,IST,41,"ZIZIC, ANTE",10:29,3,1,2,0,0,1,1,2,1,3,1,0,0,0,0,2,2,6,-9.0
2022,RS,28,248,1,P003048   ,0.0,1.0,IST,42,"DUNSTON, BRYANT",22:13,10,3,5,0,0,4,5,3,4,7,1,1,0,1,2,2,5,18,4.0
2022,RS,28,248,1,Team,0.0,0.0,IST,,Team,,0,0,0,0,0,0,0,2,2,4,0,0,0,0,0,0,0,4,
2022,RS,28,248,1,Total,,,IST,,Total,200:00,64,16,29,4,28,20,23,12,26,38,11,4,14,1,3,16,22,67,
2022,RS,28,248,0,P009622   ,1.0,0.0,TEL,4,"BROWN, LORENZO",31:46,11,1,3,3,10,0,0,1,1,2,8,2,3,0,0,4,2,9,18.0
2022,RS,28,248,0,P009863   ,1.0,0.0,TEL,5,"BALDWIN IV, WADE",31:26,23,6,11,3,7,2,3,0,2,2,4,1,2,0,0,2,1,17,9.0
2022,RS,28,248,0,P011967   ,0.0,1.0,TEL,6,"MARTIN, JARELL",18:58,13,2,3,3,3,0,0,0,3,3,1,0,0,0,0,1,0,15,16.0
2022,RS,28,248,0,P004233   ,0.0,1.0,TEL,8,"MENCO, RAFI",06:11,0,0,0,0,3,0,0,0,2,2,0,0,0,0,0,1,0,-2,-5.0
2022,RS,28,248,0,P011219   ,0.0,0.0,TEL,9,"SORKIN, ROMAN",10:22,0,0,0,0,0,0,0,1,0,1,0,1,0,2,0,1,0,3,1.0
2022,RS,28,248,0,P007990   ,0.0,1.0,TEL,12,"DIBARTOLOMEO, JOHN",17:39,8,1,1,2,5,0,0,0,0,0,3,3,1,0,0,3,3,10,25.0
2022,RS,28,248,0,P008989   ,0.0,1.0,TEL,13,"HILLIARD, DARRUN",13:51,10,2,2,2,3,0,0,0,2,2,1,0,0,0,0,2,0,10,4.0
2022,RS,28,248,0,P005145   ,1.0,0.0,TEL,15,"COHEN, JAKE",15:26,6,0,2,2,3,0,0,0,2,2,1,0,0,0,1,5,1,1,7.0
2022,RS,28,248,0,P012203   ,0.0,1.0,TEL,17,"BRAIMOH, SULEIMAN",01:58,0,0,0,0,0,0,0,0,0,0,0,0,0,0,0,0,0,0,4.0
2022,RS,28,248,0,P011199   ,1.0,0.0,TEL,32,"NEBO, JOSH",27:14,10,3,4,0,0,4,8,5,6,11,2,0,1,1,0,2,6,22,19.0
2022,RS,28,248,0,P011220   ,0.0,0.0,TEL,33,"ZIV, IFTAH",00:10,0,0,0,0,0,0,0,0,0,0,0,0,0,0,0,0,0,0,-2.0
2022,RS,28,248,0,P009783   ,1.0,0.0,TEL,50,"COLSON, BONZIE",24:59,5,2,4,0,1,1,2,1,5,6,1,3,0,0,0,2,3,12,14.0
2022,RS,28,248,0,Team,0.0,0.0,TEL,,Team,,0,0,0,0,0,0,0,1,2,3,0,0,0,0,0,0,0,3,
2022,RS,28,248,0,Total,,,TEL,,Total,200:00,86,17,30,15,35,7,13,9,25,34,21,10,7,3,1,23,16,100,
2022,RS,28,249,1,P011157   ,1.0,1.0,ULK,0,"MOTLEY, JOHNATHAN",24:05,16,5,9,0,0,6,8,1,0,1,3,0,0,1,0,4,6,17,3.0
2022,RS,28,249,1,P006661   ,0.0,0.0,ULK,3,"WILBEKIN, SCOTTIE",25:58,12,0,2,3,6,3,4,0,3,3,4,0,3,0,0,0,6,16,11.0
2022,RS,28,249,1,P011987   ,0.0,0.0,ULK,4,"EDWARDS, CARSEN",03:12,0,0,0,0,0,0,0,0,0,0,0,0,0,0,0,0,0,0,1.0
2022,RS,28,249,1,P001413   ,0.0,0.0,ULK,8,"BJELICA, NEMANJA",07:58,3,1,2,0,0,1,1,0,1,1,2,1,0,0,0,1,1,6,2.0
2022,RS,28,249,1,P002969   ,0.0,0.0,ULK,10,"MAHMUTOGLU, MELIH",DNP,0,0,0,0,0,0,0,0,0,0,0,0,0,0,0,0,0,0,0.0
2022,RS,28,249,1,P008962   ,1.0,1.0,ULK,11,"HAYES-DAVIS, NIGEL",32:02,10,1,1,2,3,2,2,0,4,4,1,1,0,2,0,2,2,17,6.0
2022,RS,28,249,1,P010560   ,0.0,0.0,ULK,21,"PIERRE, DYSHAWN",11:35,3,0,2,1,1,0,0,0,2,2,1,0,0,0,0,0,0,4,3.0
2022,RS,28,249,1,P009733   ,1.0,0.0,ULK,22,"JEKIRI, TONYE",03:35,2,1,2,0,0,0,0,0,0,0,0,0,0,0,0,0,0,1,-10.0
2022,RS,28,249,1,P004004   ,1.0,1.0,ULK,23,"GUDURIC, MARKO",18:38,15,5,6,1,2,2,2,0,4,4,0,0,2,0,0,3,1,13,-1.0
2022,RS,28,249,1,P009849   ,0.0,0.0,ULK,27,"DORSEY, TYLER",14:32,3,0,1,1,2,0,0,0,1,1,1,1,0,0,0,1,0,3,7.0
2022,RS,28,249,1,P007056   ,0.0,1.0,ULK,31,"BOOKER, DEVIN",35:48,13,4,5,1,4,2,2,2,2,4,3,0,1,0,0,2,3,16,19.0
2022,RS,28,249,1,P001932   ,1.0,1.0,ULK,33,"CALATHES, NICK",22:37,4,2,5,0,3,0,0,0,4,4,4,0,1,0,0,2,1,4,-1.0
2022,RS,28,249,1,Team,0.0,0.0,ULK,,Team,,0,0,0,0,0,0,0,2,3,5,0,0,0,0,0,0,0,5,
2022,RS,28,249,1,Total,,,ULK,,Total,200:00,81,19,35,9,21,16,19,5,24,29,19,3,7,3,0,15,20,102,
2022,RS,28,249,0,P011244   ,0.0,0.0,BAR,1,"DA SILVA, OSCAR",DNP,0,0,0,0,0,0,0,0,0,0,0,0,0,0,0,0,0,0,0.0
2022,RS,28,249,0,P002968   ,0.0,0.0,BAR,5,"SANLI, SERTAC",12:38,0,0,2,0,0,0,0,0,1,1,0,0,0,0,0,2,0,-3,-4.0
2022,RS,28,249,0,P000925   ,1.0,1.0,BAR,6,"VESELY, JAN",28:20,11,5,12,0,0,1,2,3,6,9,3,1,2,0,0,3,3,14,-9.0
2022,RS,28,249,0,P004866   ,1.0,0.0,BAR,10,"KALINIC, NIKOLA",29:15,8,4,5,0,1,0,0,0,2,2,2,0,0,0,1,2,1,8,-6.0
2022,RS,28,249,0,P002939   ,1.0,1.0,BAR,13,"SATORANSKY, TOMAS",29:53,14,4,6,2,5,0,0,0,1,1,4,0,0,0,0,2,1,13,-4.0
2022,RS,28,249,0,P006435   ,1.0,1.0,BAR,20,"LAPROVITTOLA, NICOLAS",28:21,12,1,2,3,6,1,1,0,3,3,3,1,3,0,1,4,1,8,0.0
2022,RS,28,249,0,P003478   ,0.0,0.0,BAR,21,"ABRINES, ALEX",10:07,0,0,0,0,0,0,0,0,0,0,1,0,1,0,0,1,1,0,-4.0
2022,RS,28,249,0,P006450   ,0.0,1.0,BAR,22,"HIGGINS, CORY",15:48,0,0,0,0,2,0,0,1,2,3,2,1,2,0,0,2,2,2,-7.0
2022,RS,28,249,0,P008966   ,0.0,0.0,BAR,23,"TOBEY, MIKE",11:57,7,2,3,1,1,0,0,1,2,3,0,0,0,0,0,0,0,9,-7.0
2022,RS,28,249,0,P005789   ,0.0,0.0,BAR,24,"KURIC, KYLE",DNP,0,0,0,0,0,0,0,0,0,0,0,0,0,0,0,0,0,0,0.0
2022,RS,28,249,0,P007519   ,0.0,0.0,BAR,31,"JOKUBAITIS, ROKAS",06:40,2,0,1,0,0,2,2,0,1,1,0,0,0,0,0,0,1,3,-5.0
2022,RS,28,249,0,P000796   ,1.0,1.0,BAR,33,"MIROTIC, NIKOLA",27:01,19,3,9,3,6,4,5,0,5,5,3,1,1,0,1,4,5,17,6.0
2022,RS,28,249,0,Team,0.0,0.0,BAR,,Team,,0,0,0,0,0,0,0,1,1,2,0,0,2,0,0,0,0,0,
2022,RS,28,249,0,Total,,,BAR,,Total,200:00,73,19,40,9,21,8,10,6,24,30,18,4,11,0,3,20,15,71,
2022,RS,28,250,1,P007032   ,1.0,0.0,BER,0,"LO, MAODO",21:34,8,2,7,1,1,1,2,0,0,0,0,2,1,0,1,2,2,2,-3.0
2022,RS,28,250,1,P008384   ,0.0,0.0,BER,1,"PROCIDA, GABRIELE",16:21,5,2,5,0,3,1,1,2,0,2,1,0,0,1,1,2,2,2,-24.0
2022,RS,28,250,1,P011192   ,1.0,1.0,BER,3,"SMITH, JALEEN",26:05,12,2,4,2,4,2,2,1,4,5,7,0,1,0,0,3,1,17,-8.0
2022,RS,28,250,1,P011934   ,0.0,1.0,BER,7,"WETZELL, YANNI",15:00,10,4,8,0,0,2,2,1,1,2,1,1,0,2,0,2,2,12,-7.0
2022,RS,28,250,1,P007025   ,0.0,1.0,BER,9,"MATTISSECK, JONAS",15:53,3,0,0,1,4,0,0,0,0,0,0,0,1,0,0,2,0,-3,-13.0
2022,RS,28,250,1,P006251   ,0.0,1.0,BER,10,"SCHNEIDER, TIM",06:55,3,0,1,1,2,0,0,0,1,1,0,0,0,0,0,1,0,1,-3.0
2022,RS,28,250,1,P006919   ,1.0,1.0,BER,19,"OLINDE, LOUIS",24:22,10,1,3,1,2,5,6,1,4,5,0,3,1,0,1,1,5,16,4.0
2022,RS,28,250,1,P010791   ,1.0,0.0,BER,21,"KOUMADJE, CHRIST",09:33,2,1,2,0,0,0,0,1,0,1,0,0,1,1,0,3,0,-1,4.0
2022,RS,28,250,1,P003958   ,0.0,0.0,BER,32,"THIEMANN, JOHANNES",12:20,4,2,3,0,3,0,0,2,2,4,1,0,3,0,0,0,3,5,-13.0
2022,RS,28,250,1,P006589   ,1.0,0.0,BER,43,"SIKMA, LUKE",20:45,11,4,7,0,0,3,3,3,3,6,6,3,2,0,0,1,3,23,-6.0
2022,RS,28,250,1,P010385   ,0.0,0.0,BER,44,"LAMMERS, BEN",15:27,6,3,5,0,2,0,0,2,0,2,0,2,0,0,0,0,0,6,-19.0
2022,RS,28,250,1,P011193   ,0.0,0.0,BER,45,"BLATT, TAMIR",15:45,0,0,0,0,4,0,0,0,0,0,2,0,1,0,0,1,1,-3,-22.0
2022,RS,28,250,1,Team,0.0,0.0,BER,,Team,,0,0,0,0,0,0,0,3,1,4,0,0,1,0,0,0,0,3,
2022,RS,28,250,1,Total,,,BER,,Total,200:00,74,21,45,6,25,14,16,16,16,32,18,11,12,4,3,18,19,80,
2022,RS,28,250,0,P011064   ,0.0,0.0,VIR,1,"MANNION, NICCOLO",DNP,0,0,0,0,0,0,0,0,0,0,0,0,0,0,0,0,0,0,0.0
2022,RS,28,250,0,PBCN      ,0.0,0.0,VIR,3,"BELINELLI, MARCO",17:47,7,2,5,1,4,0,0,1,1,2,1,0,2,0,1,0,0,1,16.0
2022,RS,28,250,0,P006739   ,0.0,1.0,VIR,6,"PAJOLA, ALESSANDRO",15:12,3,1,2,0,1,1,2,0,3,3,6,0,2,0,0,4,1,4,12.0
2022,RS,28,250,0,P004655   ,0.0,1.0,VIR,7,"BAKO, ISMAEL",16:57,4,1,1,0,0,2,2,0,1,1,0,2,2,1,0,2,1,5,13.0
2022,RS,28,250,0,P002581   ,1.0,0.0,VIR,14,"JAITEH, MAM",22:39,12,5,8,0,0,2,3,3,5,8,2,0,1,0,1,2,3,17,9.0
2022,RS,28,250,0,P010781   ,0.0,1.0,VIR,19,"LUNDBERG, IFFE",24:54,12,3,4,2,5,0,0,1,3,4,6,1,2,0,0,2,4,19,21.0
2022,RS,28,250,0,P001844   ,1.0,0.0,VIR,23,"HACKETT, DANIEL",24:36,5,0,1,1,1,2,2,0,5,5,2,0,0,1,1,3,3,11,10.0
2022,RS,28,250,0,P008296   ,0.0,0.0,VIR,24,"MENALO, LEO",DNP,0,0,0,0,0,0,0,0,0,0,0,0,0,0,0,0,0,0,0.0
2022,RS,28,250,0,P008847   ,1.0,0.0,VIR,25,"MICKEY, JORDAN",17:55,8,2,2,1,2,1,1,0,2,2,0,1,1,1,0,0,3,13,4.0
2022,RS,28,250,0,P006592   ,0.0,1.0,VIR,34,"WEEMS, KYLE",22:17,22,5,5,4,7,0,0,1,1,2,1,0,0,0,0,3,1,20,18.0
2022,RS,28,250,0,PJDR      ,1.0,0.0,VIR,44,"TEODOSIC, MILOS",18:06,21,2,2,5,7,2,2,0,1,1,6,1,5,0,1,3,2,20,10.0
2022,RS,28,250,0,P003527   ,1.0,1.0,VIR,55,"ABASS, AWUDU",19:37,2,1,2,0,3,0,0,0,1,1,3,0,1,0,0,0,0,1,-3.0
2022,RS,28,250,0,Team,0.0,0.0,VIR,,Team,,0,0,0,0,0,0,0,3,3,6,0,0,0,0,0,0,0,6,
2022,RS,28,250,0,Total,,,VIR,,Total,200:00,96,22,32,14,30,10,12,9,26,35,27,5,16,3,4,19,18,117,
2022,RS,28,251,1,P011209   ,0.0,0.0,PAN,0,"KALAITZAKIS, PANAGIOTIS",02:03,0,0,0,0,0,0,0,0,0,0,0,0,0,0,0,2,0,-2,-5.0
2022,RS,28,251,1,P006555   ,0.0,0.0,PAN,3,"WOLTERS, NATE",19:32,9,3,5,1,4,0,0,0,3,3,3,1,0,0,0,1,1,11,8.0
2022,RS,28,251,1,P011225   ,1.0,1.0,PAN,5,"LEE, PARIS",21:27,7,2,4,0,4,3,4,0,2,2,5,3,1,0,0,3,5,11,6.0
2022,RS,28,251,1,P005844   ,1.0,1.0,PAN,6,"PAPAGIANNIS, GEORGIOS",32:33,17,7,10,0,0,3,3,0,7,7,2,0,1,1,0,3,2,22,1.0
2022,RS,28,251,1,P003240   ,1.0,0.0,PAN,7,"BOCHORIDIS, ELEFTHERIOS",03:19,0,0,0,0,1,0,0,0,0,0,0,0,0,0,0,0,0,-1,-5.0
2022,RS,28,251,1,P009006   ,1.0,0.0,PAN,8,"WILLIAMS, DERRICK",26:59,13,3,6,2,4,1,1,1,1,2,1,0,2,1,1,1,3,11,13.0
2022,RS,28,251,1,P006586   ,0.0,0.0,PAN,16,"KALAITZAKIS, GEORGIOS",03:19,0,0,0,0,1,0,0,0,0,0,0,0,0,0,0,1,0,-2,-3.0
2022,RS,28,251,1,P008967   ,0.0,0.0,PAN,17,"THOMAS, MATT",19:39,11,1,2,3,6,0,0,1,2,3,0,0,1,0,0,1,2,10,6.0
2022,RS,28,251,1,P011442   ,0.0,0.0,PAN,20,"SAMONTOUROV, ALEXANDROS",DNP,0,0,0,0,0,0,0,0,0,0,0,0,0,0,0,0,0,0,0.0
2022,RS,28,251,1,P004172   ,0.0,1.0,PAN,37,"PONITKA, MATEUSZ",33:39,8,2,2,0,1,4,4,2,3,5,3,0,4,0,0,3,6,14,14.0
2022,RS,28,251,1,P002328   ,1.0,1.0,PAN,40,"GRIGONIS, MARIUS",25:53,7,0,1,1,2,4,4,0,4,4,3,1,2,0,0,3,4,12,2.0
2022,RS,28,251,1,P008084   ,0.0,1.0,PAN,72,"MANTZOUKAS, ELEFTHERIOS",11:37,3,1,3,0,1,1,1,1,3,4,1,0,0,0,1,1,1,4,8.0
2022,RS,28,251,1,Team,0.0,0.0,PAN,,Team,,0,0,0,0,0,0,0,2,1,3,0,0,0,0,0,0,0,3,
2022,RS,28,251,1,Total,,,PAN,,Total,200:00,75,19,33,7,24,16,17,7,26,33,18,5,11,2,2,19,24,93,
2022,RS,28,251,0,P007947   ,0.0,1.0,RED,1,"VILDOZA, LUCA",17:54,7,2,5,0,3,3,3,1,1,2,4,1,0,0,1,2,1,6,-10.0
2022,RS,28,251,0,P004720   ,1.0,1.0,RED,2,"LAZAREVIC, STEFAN",26:47,2,1,3,0,0,0,0,3,2,5,0,0,0,0,0,3,1,3,-16.0
2022,RS,28,251,0,P005928   ,1.0,0.0,RED,7,"CAMPAZZO, FACUNDO",15:37,0,0,1,0,1,0,0,0,1,1,4,0,4,0,0,2,2,-1,-4.0
2022,RS,28,251,0,P002553   ,0.0,1.0,RED,9,"MITROVIC, LUKA",13:30,5,2,2,0,0,1,2,0,0,0,0,1,1,0,0,3,1,2,-19.0
2022,RS,28,251,0,P009540   ,0.0,0.0,RED,12,"MARTIN, HASSAN",07:19,0,0,1,0,0,0,0,0,0,0,0,1,0,0,0,0,0,0,1.0
2022,RS,28,251,0,P004007   ,1.0,1.0,RED,13,"DOBRIC, OGNJEN",17:53,8,1,2,2,4,0,0,0,1,1,0,1,2,0,0,2,1,4,-10.0
2022,RS,28,251,0,P003332   ,0.0,0.0,RED,20,"IVANOVIC, NIKOLA",13:08,6,0,1,2,3,0,0,0,2,2,0,0,3,0,0,2,3,4,-4.0
2022,RS,28,251,0,P000848   ,0.0,0.0,RED,26,"NEDOVIC, NEMANJA",15:28,12,1,5,2,5,4,4,0,2,2,3,0,0,0,0,1,4,13,12.0
2022,RS,28,251,0,PLME      ,0.0,1.0,RED,27,"MARKOVIC, STEFAN",18:27,3,0,0,1,3,0,0,0,2,2,0,0,0,0,0,1,0,2,6.0
2022,RS,28,251,0,P003479   ,1.0,0.0,RED,32,"KUZMIC, OGNJEN",16:56,6,2,3,0,0,2,2,3,1,4,1,1,0,1,0,1,1,12,6.0
2022,RS,28,251,0,P011194   ,0.0,0.0,RED,33,"PETRUSEV, FILIP",25:31,12,3,9,1,2,3,7,3,6,9,0,1,1,1,1,4,4,10,3.0
2022,RS,28,251,0,P009818   ,1.0,0.0,RED,50,"BENTIL, BENJAMIN",11:30,5,1,1,1,4,0,0,0,4,4,0,0,2,0,0,3,0,1,-10.0
2022,RS,28,251,0,Team,0.0,0.0,RED,,Team,,0,0,0,0,0,0,0,2,1,3,0,0,2,0,0,0,0,1,
2022,RS,28,251,0,Total,,,RED,,Total,200:00,66,13,33,9,25,13,18,12,23,35,12,6,15,2,2,24,18,57,
2022,RS,28,252,1,P011948   ,0.0,1.0,BAS,0,"HOWARD, MARKUS",20:55,20,4,5,4,9,0,0,0,0,0,0,1,3,0,0,2,0,10,-5.0
2022,RS,28,252,1,P012259   ,0.0,0.0,BAS,1,"HEIDEGGER, MAX",13:11,4,1,1,0,1,2,2,0,1,1,3,0,1,0,0,1,3,8,-15.0
2022,RS,28,252,1,P008850   ,0.0,0.0,BAS,2,"RAIESTE, SANDER",01:15,0,0,0,0,2,0,0,1,0,1,0,0,0,0,1,0,0,-2,-4.0
2022,RS,28,252,1,P007230   ,0.0,0.0,BAS,8,"SEDEKERSKIS, TADAS",06:51,0,0,0,0,0,0,0,1,0,1,1,0,0,0,0,3,1,0,3.0
2022,RS,28,252,1,P004761   ,1.0,1.0,BAS,9,"MARINKOVIC, VANJA",21:27,14,0,1,4,5,2,2,0,0,0,0,0,0,0,0,2,1,11,-5.0
2022,RS,28,252,1,P003198   ,0.0,0.0,BAS,11,"DIEZ, DANIEL",12:46,3,0,0,1,1,0,0,0,2,2,0,0,1,0,0,3,0,1,-5.0
2022,RS,28,252,1,P011078   ,1.0,1.0,BAS,13,"THOMPSON, DARIUS",26:54,20,5,6,3,4,1,3,0,1,1,12,2,6,1,0,3,5,28,6.0
2022,RS,28,252,1,P004603   ,1.0,1.0,BAS,21,"KOTSAR, MAIK",26:20,11,4,4,0,0,3,4,2,3,5,4,1,2,0,0,2,3,19,-9.0
2022,RS,28,252,1,P011239   ,0.0,0.0,BAS,23,"ENOCH, STEVEN",04:25,5,1,1,1,1,0,0,0,1,1,0,0,0,0,0,1,1,6,3.0
2022,RS,28,252,1,P010444   ,0.0,0.0,BAS,24,"COSTELLO, MATTHEW",23:46,0,0,1,0,3,0,0,1,2,3,3,1,2,3,0,4,2,2,-10.0
2022,RS,28,252,1,P006436   ,1.0,1.0,BAS,31,"GIEDRAITIS, ROKAS",31:17,9,3,6,1,3,0,0,0,7,7,3,2,1,0,2,1,1,13,-16.0
2022,RS,28,252,1,P011949   ,1.0,0.0,BAS,34,"HOMMES, DAULTON",10:53,7,0,0,2,4,1,2,0,1,1,0,0,0,0,0,5,1,1,12.0
2022,RS,28,252,1,Team,0.0,0.0,BAS,,Team,,0,0,0,0,0,0,0,1,1,2,0,0,1,0,0,0,0,1,
2022,RS,28,252,1,Total,,,BAS,,Total,200:00,93,18,25,16,33,9,13,6,19,25,26,7,17,4,3,27,18,98,
2022,RS,28,252,0,P010588   ,1.0,1.0,MCO,0,"BROWN, JOHN",26:13,5,2,4,0,0,1,2,2,0,2,2,2,0,0,0,2,3,9,1.0
2022,RS,28,252,0,P011212   ,1.0,1.0,MCO,0,"OKOBO, ELIE",30:55,18,7,11,0,1,4,5,0,0,0,4,1,5,1,1,0,5,17,9.0
2022,RS,28,252,0,P012201   ,0.0,1.0,MCO,1,"MONEKE, CHIMA",23:47,14,4,9,0,0,6,6,3,10,13,2,1,0,1,1,3,4,26,16.0
2022,RS,28,252,0,P009754   ,1.0,1.0,MCO,3,"LOYD, JORDAN",30:03,19,4,6,2,7,5,5,2,1,3,3,1,1,0,0,3,3,18,15.0
2022,RS,28,252,0,P011231   ,0.0,0.0,MCO,4,"BLOSSOMGAME, JARON",04:25,2,1,1,0,0,0,0,0,0,0,0,0,0,0,0,0,1,3,-3.0
2022,RS,28,252,0,P011935   ,0.0,0.0,MCO,5,"MAKOUNDOU, YOAN",DNP,0,0,0,0,0,0,0,0,0,0,0,0,0,0,0,0,0,0,0.0
2022,RS,28,252,0,P011226   ,0.0,1.0,MCO,11,"DIALLO, ALPHA",28:22,17,4,11,3,9,0,0,1,3,4,3,1,0,1,2,1,0,10,14.0
2022,RS,28,252,0,PLCZ      ,1.0,0.0,MCO,20,"MOTIEJUNAS, DONATAS",13:56,8,4,4,0,1,0,0,1,2,3,3,0,0,0,0,0,3,16,-2.0
2022,RS,28,252,0,P004197   ,1.0,0.0,MCO,24,"OUATTARA, YAKUBA",09:44,2,1,1,0,1,0,0,1,0,1,2,0,0,0,0,4,1,1,-8.0
2022,RS,28,252,0,P008099   ,0.0,0.0,MCO,32,"STRAZEL, MATTHEW",16:31,2,1,1,0,0,0,1,0,0,0,1,0,3,0,0,2,4,1,0.0
2022,RS,28,252,0,P011196   ,0.0,0.0,MCO,45,"HALL, DONTA",16:04,15,6,8,0,0,3,3,4,2,6,0,1,0,0,0,3,3,20,3.0
2022,RS,28,252,0,Team,0.0,0.0,MCO,,Team,,0,0,0,0,0,0,0,3,2,5,0,0,0,0,0,0,0,5,
2022,RS,28,252,0,Total,,,MCO,,Total,200:00,102,34,56,5,19,19,22,17,20,37,20,7,9,3,4,18,27,126,
2022,RS,29,253,1,P007200   ,0.0,1.0,IST,0,"LARKIN, SHANE",22:26,9,4,6,0,3,1,2,0,2,2,6,0,3,0,0,3,2,7,-13.0
2022,RS,29,253,1,P006614   ,1.0,1.0,IST,2,"SINGLETON, CHRIS",24:10,0,0,1,0,1,0,0,1,1,2,1,2,0,0,0,3,1,1,12.0
2022,RS,29,253,1,P009846   ,1.0,1.0,IST,6,"BRYANT, ELIJAH",31:10,16,2,6,3,5,3,4,0,3,3,2,2,2,2,1,2,3,16,-9.0
2022,RS,29,253,1,P010516   ,0.0,0.0,IST,11,"GAZI, ERTEN",DNP,0,0,0,0,0,0,0,0,0,0,0,0,0,0,0,0,0,0,0.0
2022,RS,29,253,1,P004888   ,1.0,1.0,IST,12,"CLYBURN, WILL",37:51,22,2,7,4,6,6,6,2,6,8,2,0,0,0,1,4,5,25,-18.0
2022,RS,29,253,1,P005348   ,0.0,0.0,IST,18,"ARNA, EGEHAN",DNP,0,0,0,0,0,0,0,0,0,0,0,0,0,0,0,0,0,0,0.0
2022,RS,29,253,1,P002925   ,0.0,0.0,IST,19,"TUNCER, BUGRAHAN",DNP,0,0,0,0,0,0,0,0,0,0,0,0,0,0,0,0,0,0,0.0
2022,RS,29,253,1,PLHK      ,0.0,0.0,IST,21,"PLEISS, TIBOR",11:26,7,2,5,1,1,0,0,2,0,2,0,0,1,1,0,2,0,4,-16.0
2022,RS,29,253,1,P002580   ,1.0,0.0,IST,22,"MICIC, VASILIJE",28:33,15,4,5,2,8,1,1,0,1,1,5,1,4,0,1,2,5,13,1.0
2022,RS,29,253,1,P007993   ,0.0,0.0,IST,24,"M'BAYE, AMATH",15:50,5,0,0,1,1,2,2,1,1,2,0,0,0,0,0,4,3,6,-25.0
2022,RS,29,253,1,P004554   ,0.0,0.0,IST,41,"ZIZIC, ANTE",DNP,0,0,0,0,0,0,0,0,0,0,0,0,0,0,0,0,0,0,0.0
2022,RS,29,253,1,P003048   ,1.0,1.0,IST,42,"DUNSTON, BRYANT",28:34,10,5,7,0,1,0,0,0,1,1,1,1,1,0,0,4,2,7,3.0
2022,RS,29,253,1,Team,0.0,0.0,IST,,Team,,0,0,0,0,0,0,0,4,2,6,0,0,0,0,0,0,0,6,
2022,RS,29,253,1,Total,,,IST,,Total,200:00,84,19,37,11,26,13,15,10,17,27,17,6,11,3,3,24,21,85,
2022,RS,29,253,0,P009212   ,0.0,0.0,PAR,1,"VUKCEVIC, TRISTAN",DNP,0,0,0,0,0,0,0,0,0,0,0,0,0,0,0,0,0,0,0.0
2022,RS,29,253,0,P008987   ,1.0,0.0,PAR,2,"LEDAY, ZACH",29:01,16,4,6,0,1,8,8,0,3,3,1,1,2,0,0,2,6,20,4.0
2022,RS,29,253,0,P003983   ,0.0,1.0,PAR,4,"AVRAMOVIC, ALEKSA",27:10,14,3,6,2,4,2,2,0,3,3,1,2,1,1,0,2,3,16,16.0
2022,RS,29,253,0,P009862   ,1.0,0.0,PAR,7,"PUNTER, KEVIN",27:57,19,3,5,3,5,4,4,0,3,3,1,1,1,0,2,3,3,17,11.0
2022,RS,29,253,0,P011051   ,1.0,1.0,PAR,9,"SMAILAGIC, ALEN",14:51,0,0,0,0,0,0,0,0,1,1,0,0,1,2,0,2,0,0,-2.0
2022,RS,29,253,0,P005161   ,1.0,0.0,PAR,10,"PAPAPETROU, IOANNIS",08:39,2,1,1,0,1,0,0,0,1,1,0,0,0,0,0,2,0,0,-17.0
2022,RS,29,253,0,P011302   ,0.0,1.0,PAR,11,"EXUM, DANTE",16:27,9,2,3,0,0,5,5,0,2,2,6,0,0,0,0,3,5,18,18.0
2022,RS,29,253,0,P007400   ,0.0,1.0,PAR,21,"NUNNALLY, JAMES",27:14,16,1,3,4,6,2,2,0,4,4,1,0,1,0,0,2,2,16,24.0
2022,RS,29,253,0,P003842   ,0.0,1.0,PAR,26,"LESSORT, MATHIAS",35:55,17,5,7,0,0,7,7,4,3,7,1,2,3,0,1,2,4,23,22.0
2022,RS,29,253,0,P007673   ,0.0,0.0,PAR,32,"TRIFUNOVIC, UROS",07:25,2,1,2,0,1,0,0,0,1,1,0,1,0,0,0,3,0,-1,-2.0
2022,RS,29,253,0,P000956   ,0.0,0.0,PAR,33,"ANDJUSIC, DANILO",DNP,0,0,0,0,0,0,0,0,0,0,0,0,0,0,0,0,0,0,0.0
2022,RS,29,253,0,P011052   ,1.0,0.0,PAR,41,"MADAR, YAM",05:21,2,1,1,0,1,0,0,0,0,0,0,1,0,0,0,0,1,3,-9.0
2022,RS,29,253,0,Team,0.0,0.0,PAR,,Team,,0,0,0,0,0,0,0,1,1,2,0,0,1,0,0,0,0,1,
2022,RS,29,253,0,Total,,,PAR,,Total,200:00,97,21,34,9,19,28,28,5,22,27,11,8,10,3,3,21,24,113,
2022,RS,29,254,1,P010588   ,1.0,1.0,MCO,0,"BROWN, JOHN",25:42,6,3,5,0,0,0,0,4,3,7,2,2,2,1,0,2,0,12,18.0
2022,RS,29,254,1,P011212   ,1.0,0.0,MCO,0,"OKOBO, ELIE",28:05,21,6,10,1,5,6,7,1,4,5,5,2,2,1,0,3,7,27,10.0
2022,RS,29,254,1,P012201   ,0.0,0.0,MCO,1,"MONEKE, CHIMA",09:35,2,1,2,0,0,0,0,1,1,2,0,1,3,0,0,3,0,-2,-6.0
2022,RS,29,254,1,P009754   ,1.0,1.0,MCO,3,"LOYD, JORDAN",29:17,15,2,4,3,6,2,2,0,4,4,3,1,2,0,0,2,2,16,13.0
2022,RS,29,254,1,P011231   ,1.0,1.0,MCO,4,"BLOSSOMGAME, JARON",25:54,2,1,5,0,1,0,0,1,3,4,0,0,0,1,1,1,3,3,14.0
2022,RS,29,254,1,P012017   ,0.0,0.0,MCO,6,"COUTURE, AMBROISE",DNP,0,0,0,0,0,0,0,0,0,0,0,0,0,0,0,0,0,0,0.0
2022,RS,29,254,1,P011226   ,0.0,1.0,MCO,11,"DIALLO, ALPHA",23:11,7,2,5,0,2,3,4,2,2,4,6,3,4,0,0,0,3,13,-3.0
2022,RS,29,254,1,PLCZ      ,1.0,0.0,MCO,20,"MOTIEJUNAS, DONATAS",14:05,12,5,5,0,1,2,2,2,0,2,0,0,0,0,0,1,3,15,3.0
2022,RS,29,254,1,P012378   ,0.0,0.0,MCO,23,"AMINI, MOHAMMAD",DNP,0,0,0,0,0,0,0,0,0,0,0,0,0,0,0,0,0,0,0.0
2022,RS,29,254,1,P004197   ,0.0,0.0,MCO,24,"OUATTARA, YAKUBA",06:23,0,0,0,0,1,0,0,0,0,0,1,1,1,0,0,0,1,1,-6.0
2022,RS,29,254,1,P008099   ,0.0,0.0,MCO,32,"STRAZEL, MATTHEW",12:48,3,0,1,1,2,0,0,0,0,0,1,0,2,0,1,5,1,-5,14.0
2022,RS,29,254,1,P011196   ,0.0,1.0,MCO,45,"HALL, DONTA",25:00,13,4,6,0,0,5,6,2,5,7,0,0,0,1,0,1,3,20,8.0
2022,RS,29,254,1,Team,0.0,0.0,MCO,,Team,,0,0,0,0,0,0,0,3,1,4,0,0,0,0,0,0,0,4,
2022,RS,29,254,1,Total,,,MCO,,Total,200:00,81,24,43,5,18,18,21,16,23,39,18,10,16,4,2,18,23,104,
2022,RS,29,254,0,P011064   ,0.0,0.0,VIR,1,"MANNION, NICCOLO",16:36,2,0,0,0,4,2,2,1,0,1,2,0,1,0,0,2,4,2,-4.0
2022,RS,29,254,0,PBCN      ,0.0,0.0,VIR,3,"BELINELLI, MARCO",14:00,8,1,1,2,7,0,0,1,2,3,0,1,2,0,0,0,0,5,1.0
2022,RS,29,254,0,P006739   ,0.0,0.0,VIR,6,"PAJOLA, ALESSANDRO",05:59,0,0,0,0,0,0,0,0,1,1,1,0,1,0,0,2,0,-1,-6.0
2022,RS,29,254,0,P004655   ,0.0,0.0,VIR,7,"BAKO, ISMAEL",16:43,8,3,5,0,0,2,2,0,2,2,1,2,1,0,1,4,1,6,-7.0
2022,RS,29,254,0,P002581   ,1.0,1.0,VIR,14,"JAITEH, MAM",16:19,4,2,2,0,0,0,0,0,3,3,0,2,2,1,0,3,0,5,-5.0
2022,RS,29,254,0,P010781   ,0.0,0.0,VIR,19,"LUNDBERG, IFFE",04:38,0,0,0,0,0,0,0,0,0,0,0,0,0,0,0,2,0,-2,-1.0
2022,RS,29,254,0,P001133   ,0.0,0.0,VIR,21,"SHENGELIA, TORNIKE",18:05,2,1,3,0,2,0,0,0,3,3,4,1,2,0,3,1,1,1,-1.0
2022,RS,29,254,0,P001844   ,1.0,1.0,VIR,23,"HACKETT, DANIEL",23:24,8,1,3,1,2,3,3,0,1,1,4,0,3,0,0,2,3,8,-9.0
2022,RS,29,254,0,P008847   ,1.0,1.0,VIR,25,"MICKEY, JORDAN",28:53,14,4,5,2,6,0,0,1,3,4,1,2,1,0,0,0,2,17,-13.0
2022,RS,29,254,0,P006592   ,0.0,1.0,VIR,34,"WEEMS, KYLE",07:55,0,0,0,0,1,0,0,0,0,0,0,0,0,0,0,1,0,-2,1.0
2022,RS,29,254,0,PJDR      ,1.0,0.0,VIR,44,"TEODOSIC, MILOS",23:52,10,0,0,2,7,4,4,0,1,1,8,1,3,0,0,4,6,14,-14.0
2022,RS,29,254,0,P003527   ,1.0,1.0,VIR,55,"ABASS, AWUDU",23:36,12,0,0,4,4,0,0,0,1,1,0,1,1,1,0,3,1,12,-7.0
2022,RS,29,254,0,Team,0.0,0.0,VIR,,Team,,0,0,0,0,0,0,0,2,2,4,0,0,1,0,0,0,0,3,
2022,RS,29,254,0,Total,,,VIR,,Total,200:00,68,12,19,11,33,11,11,5,19,24,21,10,18,2,4,24,18,68,
2022,RS,29,255,1,P007513   ,0.0,0.0,ZAL,3,"GIEDRAITIS, DOVYDAS",DNP,0,0,0,0,0,0,0,0,0,0,0,0,0,0,0,0,0,0,0.0
2022,RS,29,255,1,P003210   ,1.0,0.0,ZAL,4,"LEKAVICIUS, LUKAS",17:32,5,1,1,1,4,0,0,0,1,1,3,0,3,0,0,2,2,3,-10.0
2022,RS,29,255,1,P010390   ,0.0,0.0,ZAL,8,"HAYES, KEVARRIUS",10:07,0,0,0,0,0,0,0,0,3,3,0,0,1,1,0,0,1,4,-9.0
2022,RS,29,255,1,P007109   ,1.0,1.0,ZAL,10,"SMITS, ROLANDS",30:29,18,3,6,4,6,0,0,3,3,6,0,0,2,0,0,4,1,14,17.0
2022,RS,29,255,1,P010185   ,0.0,0.0,ZAL,14,"KRIVAS, MOTIEJUS",DNP,0,0,0,0,0,0,0,0,0,0,0,0,0,0,0,0,0,0,0.0
2022,RS,29,255,1,P005504   ,0.0,0.0,ZAL,15,"BIRUTIS, LAURYNAS",06:29,3,1,1,0,0,1,2,1,0,1,0,0,0,0,0,0,1,4,-1.0
2022,RS,29,255,1,P006158   ,0.0,0.0,ZAL,16,"LUKOSIUNAS, KAROLIS",DNP,0,0,0,0,0,0,0,0,0,0,0,0,0,0,0,0,0,0,0.0
2022,RS,29,255,1,P011983   ,0.0,0.0,ZAL,17,"BRAZDEIKIS, IGNAS",15:23,5,1,3,1,3,0,0,1,2,3,3,0,1,0,0,1,0,5,-7.0
2022,RS,29,255,1,P002084   ,1.0,1.0,ZAL,25,"POLONARA, ACHILLE",31:03,5,1,4,1,5,0,2,3,5,8,3,0,2,2,1,2,3,7,-5.0
2022,RS,29,255,1,P003211   ,0.0,1.0,ZAL,33,"DIMSA, TOMAS",23:21,17,2,3,3,5,4,5,0,1,1,1,0,3,0,0,3,3,12,5.0
2022,RS,29,255,1,P002676   ,1.0,1.0,ZAL,51,"BUTKEVICIUS, ARNAS",30:25,7,1,2,1,3,2,2,3,3,6,3,2,5,1,0,2,1,10,8.0
2022,RS,29,255,1,P002329   ,1.0,1.0,ZAL,92,"ULANOVAS, EDGARAS",35:11,12,2,4,2,2,2,4,0,1,1,6,1,3,0,1,3,3,12,-8.0
2022,RS,29,255,1,Team,0.0,0.0,ZAL,,Team,,0,0,0,0,0,0,0,2,0,2,0,0,0,0,0,0,0,2,
2022,RS,29,255,1,Total,,,ZAL,,Total,200:00,72,12,24,13,28,9,15,13,19,32,19,3,20,4,2,17,15,73,
2022,RS,29,255,0,P008855   ,1.0,1.0,OLY,0,"WALKUP, THOMAS",31:08,3,0,3,1,4,0,0,0,3,3,7,3,2,0,0,1,2,9,-6.0
2022,RS,29,255,0,P010612   ,1.0,0.0,OLY,3,"CANAAN, ISAIAH",19:09,2,1,1,0,3,0,0,0,0,0,0,1,2,0,0,2,1,-3,8.0
2022,RS,29,255,0,P006302   ,0.0,0.0,OLY,4,"LOUNTZIS, MICHALIS",08:52,3,0,0,1,1,0,0,1,1,2,1,1,0,0,0,0,1,8,8.0
2022,RS,29,255,0,P010392   ,0.0,1.0,OLY,5,"LARENTZAKIS, GIANNOULIS",16:51,7,2,3,1,5,0,0,1,0,1,0,1,1,1,1,2,0,1,2.0
2022,RS,29,255,0,P012023   ,0.0,0.0,OLY,9,"PAPAS, GEORGE",DNP,0,0,0,0,0,0,0,0,0,0,0,0,0,0,0,0,0,0,0.0
2022,RS,29,255,0,P008811   ,1.0,1.0,OLY,10,"FALL, MOUSTAPHA",25:22,6,3,4,0,0,0,0,2,2,4,7,0,2,1,1,3,2,13,0.0
2022,RS,29,255,0,P003469   ,1.0,0.0,OLY,14,"VEZENKOV, SASHA",29:54,25,9,9,2,7,1,1,2,6,8,2,2,1,0,0,2,3,32,-6.0
2022,RS,29,255,0,P001255   ,1.0,1.0,OLY,16,"PAPANIKOLAOU, KOSTAS",23:15,8,1,4,1,2,3,4,0,1,1,0,2,0,0,2,1,2,5,0.0
2022,RS,29,255,0,P009035   ,0.0,0.0,OLY,21,"BOLOMBOY, JOEL",DNP,0,0,0,0,0,0,0,0,0,0,0,0,0,0,0,0,0,0,0.0
2022,RS,29,255,0,P008829   ,0.0,0.0,OLY,25,"PETERS, ALEC",10:00,2,1,1,0,0,0,0,0,0,0,0,1,1,0,0,1,0,1,8.0
2022,RS,29,255,0,P008991   ,0.0,0.0,OLY,28,"BLACK, TARIK",14:38,0,0,1,0,0,0,0,0,0,0,4,1,2,0,0,3,0,-1,2.0
2022,RS,29,255,0,P007853   ,0.0,1.0,OLY,77,"MCKISSIC, SHAQUIELLE",20:51,18,3,4,1,3,9,12,1,1,2,2,2,1,0,0,0,6,23,-6.0
2022,RS,29,255,0,Team,0.0,0.0,OLY,,Team,,0,0,0,0,0,0,0,2,2,4,0,0,0,0,0,0,0,4,
2022,RS,29,255,0,Total,,,OLY,,Total,200:00,74,20,30,7,25,13,17,9,16,25,23,14,12,2,4,15,17,92,
2022,RS,29,256,1,P009622   ,1.0,1.0,TEL,4,"BROWN, LORENZO",33:30,17,4,10,3,6,0,0,1,3,4,2,0,5,0,2,2,3,8,0.0
2022,RS,29,256,1,P009863   ,1.0,1.0,TEL,5,"BALDWIN IV, WADE",34:37,24,6,10,2,8,6,7,0,7,7,8,1,2,1,0,3,6,31,18.0
2022,RS,29,256,1,P011967   ,0.0,0.0,TEL,6,"MARTIN, JARELL",20:58,9,0,1,3,5,0,0,1,2,3,0,0,1,0,0,4,1,5,5.0
2022,RS,29,256,1,P004233   ,0.0,0.0,TEL,8,"MENCO, RAFI",10:09,2,1,2,0,0,0,0,1,0,1,0,2,1,0,0,3,0,0,11.0
2022,RS,29,256,1,P011219   ,0.0,1.0,TEL,9,"SORKIN, ROMAN",11:39,4,1,1,0,0,2,2,2,2,4,0,0,2,0,0,2,1,5,21.0
2022,RS,29,256,1,P007990   ,0.0,1.0,TEL,12,"DIBARTOLOMEO, JOHN",19:42,11,1,2,2,3,3,3,0,1,1,0,1,0,0,1,4,3,9,21.0
2022,RS,29,256,1,P008989   ,0.0,0.0,TEL,13,"HILLIARD, DARRUN",07:10,0,0,3,0,1,0,0,0,0,0,0,0,0,0,0,0,0,-4,-8.0
2022,RS,29,256,1,P005145   ,1.0,0.0,TEL,15,"COHEN, JAKE",13:30,0,0,0,0,0,0,0,0,1,1,2,1,1,0,0,1,1,3,3.0
2022,RS,29,256,1,P012203   ,0.0,0.0,TEL,17,"BRAIMOH, SULEIMAN",DNP,0,0,0,0,0,0,0,0,0,0,0,0,0,0,0,0,0,0,0.0
2022,RS,29,256,1,P011199   ,1.0,0.0,TEL,32,"NEBO, JOSH",28:18,15,6,9,0,0,3,5,6,8,14,0,0,3,0,1,1,3,22,-7.0
2022,RS,29,256,1,P011220   ,0.0,0.0,TEL,33,"ZIV, IFTAH",DNP,0,0,0,0,0,0,0,0,0,0,0,0,0,0,0,0,0,0,0.0
2022,RS,29,256,1,P009783   ,1.0,1.0,TEL,50,"COLSON, BONZIE",20:27,11,4,5,0,2,3,4,4,5,9,0,1,0,0,0,3,4,18,6.0
2022,RS,29,256,1,Team,0.0,0.0,TEL,,Team,,0,0,0,0,0,0,0,1,2,3,0,0,0,0,0,0,0,3,
2022,RS,29,256,1,Total,,,TEL,,Total,200:00,93,23,43,10,25,17,21,16,31,47,12,6,15,1,4,23,22,100,
2022,RS,29,256,0,P011948   ,0.0,1.0,BAS,0,"HOWARD, MARKUS",21:38,10,2,4,1,8,3,4,0,2,2,1,1,1,0,0,3,5,5,-6.0
2022,RS,29,256,0,P012259   ,0.0,0.0,BAS,1,"HEIDEGGER, MAX",06:02,0,0,0,0,1,0,0,0,0,0,1,0,1,0,0,0,0,-1,-15.0
2022,RS,29,256,0,P008850   ,0.0,0.0,BAS,2,"RAIESTE, SANDER",07:26,2,1,1,0,1,0,0,0,1,1,0,0,1,0,0,3,0,-2,-1.0
2022,RS,29,256,0,P004761   ,1.0,0.0,BAS,9,"MARINKOVIC, VANJA",15:39,6,2,3,0,5,2,2,0,1,1,1,1,1,0,0,1,2,3,-14.0
2022,RS,29,256,0,P003198   ,0.0,0.0,BAS,11,"DIEZ, DANIEL",02:49,0,0,0,0,0,0,0,1,0,1,0,0,0,0,0,1,0,0,-11.0
2022,RS,29,256,0,P011078   ,1.0,1.0,BAS,13,"THOMPSON, DARIUS",32:32,17,6,9,0,5,5,6,0,1,1,7,3,2,1,0,4,6,20,6.0
2022,RS,29,256,0,P004603   ,1.0,0.0,BAS,21,"KOTSAR, MAIK",23:16,12,5,7,0,0,2,2,3,6,9,2,1,0,0,1,3,4,22,6.0
2022,RS,29,256,0,P011239   ,0.0,0.0,BAS,23,"ENOCH, STEVEN",06:24,0,0,0,0,0,0,0,1,1,2,0,0,0,0,0,1,0,1,-13.0
2022,RS,29,256,0,P010444   ,0.0,1.0,BAS,24,"COSTELLO, MATTHEW",14:27,2,1,2,0,0,0,0,1,1,2,1,0,1,2,0,2,0,3,-12.0
2022,RS,29,256,0,P006436   ,1.0,1.0,BAS,31,"GIEDRAITIS, ROKAS",36:43,18,4,8,2,6,4,4,3,4,7,2,1,0,0,0,2,2,20,-12.0
2022,RS,29,256,0,P011949   ,1.0,1.0,BAS,34,"HOMMES, DAULTON",33:04,12,2,2,2,6,2,3,0,3,3,4,4,0,1,0,2,4,21,2.0
2022,RS,29,256,0,P007265   ,0.0,0.0,BAS,47,"KURUCS, ARTURS",DNP,0,0,0,0,0,0,0,0,0,0,0,0,0,0,0,0,0,0,0.0
2022,RS,29,256,0,Team,0.0,0.0,BAS,,Team,,0,0,0,0,0,0,0,1,0,1,0,0,2,0,0,0,0,-1,
2022,RS,29,256,0,Total,,,BAS,,Total,200:00,79,23,36,5,32,18,21,10,20,30,19,11,9,4,1,22,23,91,
2022,RS,29,257,1,P001392   ,0.0,0.0,MAD,1,"CAUSEUR, FABIEN",05:35,6,0,1,2,2,0,0,0,0,0,1,0,1,0,1,2,0,2,-1.0
2022,RS,29,257,1,PBMT      ,0.0,0.0,MAD,5,"FERNANDEZ, RUDY",15:43,0,0,0,0,3,0,0,0,4,4,2,2,0,0,0,1,1,5,16.0
2022,RS,29,257,1,P003733   ,0.0,0.0,MAD,6,"ABALDE, ALBERTO",01:36,0,0,0,0,0,0,0,0,0,0,0,0,0,0,0,0,0,0,4.0
2022,RS,29,257,1,P005099   ,1.0,0.0,MAD,8,"HANGA, ADAM",14:58,3,1,2,0,1,1,2,0,1,1,1,0,2,0,0,5,2,-3,-4.0
2022,RS,29,257,1,P003108   ,1.0,1.0,MAD,11,"HEZONJA, MARIO",20:16,12,2,5,2,7,2,4,0,0,0,1,1,0,0,0,1,4,7,-4.0
2022,RS,29,257,1,PCVM      ,0.0,1.0,MAD,13,"RODRIGUEZ, SERGIO",22:37,2,1,2,0,3,0,0,0,3,3,7,0,0,0,0,2,0,6,5.0
2022,RS,29,257,1,P009005   ,1.0,1.0,MAD,14,"DECK, GABRIEL",25:29,6,2,4,0,2,2,2,2,1,3,1,0,1,0,0,1,2,6,-6.0
2022,RS,29,257,1,P004887   ,0.0,0.0,MAD,17,"POIRIER, VINCENT",18:28,6,2,3,0,0,2,2,1,2,3,0,1,0,1,0,1,2,11,2.0
2022,RS,29,257,1,P004790   ,0.0,0.0,MAD,21,"CORNELIE, PETR",DNP,0,0,0,0,0,0,0,0,0,0,0,0,0,0,0,0,0,0,0.0
2022,RS,29,257,1,P005791   ,1.0,0.0,MAD,22,"TAVARES, WALTER",21:26,17,7,11,0,0,3,4,5,3,8,0,0,3,2,0,4,4,19,1.0
2022,RS,29,257,1,P010357   ,0.0,1.0,MAD,28,"YABUSELE, GUERSCHON",22:12,12,3,4,1,2,3,4,0,3,3,0,1,1,0,0,3,3,12,6.0
2022,RS,29,257,1,P006540   ,1.0,1.0,MAD,31,"MUSA, DZANAN",31:40,27,4,5,2,5,13,14,3,2,5,3,1,1,0,1,1,10,38,1.0
2022,RS,29,257,1,Team,0.0,0.0,MAD,,Team,,0,0,0,0,0,0,0,2,2,4,0,0,0,0,0,0,0,4,
2022,RS,29,257,1,Total,,,MAD,,Total,200:00,91,22,37,7,25,26,32,13,21,34,16,6,9,3,2,21,28,107,
2022,RS,29,257,0,P007870   ,0.0,1.0,MIL,0,"DAVIES, BRANDON",17:11,10,3,5,0,1,4,6,1,2,3,1,0,3,0,0,1,4,9,-3.0
2022,RS,29,257,0,P005094   ,0.0,0.0,MIL,1,"THOMAS, DESHAUN",DNP,0,0,0,0,0,0,0,0,0,0,0,0,0,0,0,0,0,0,0.0
2022,RS,29,257,0,P012080   ,1.0,0.0,MIL,2,"LUWAWU-CABARROT, TIMOTHE",24:39,2,1,3,0,1,0,0,0,2,2,2,1,1,0,0,2,1,2,-11.0
2022,RS,29,257,0,P006433   ,0.0,1.0,MIL,5,"PANGOS, KEVIN",22:25,9,3,4,1,3,0,0,0,3,3,3,0,2,0,0,1,2,11,-19.0
2022,RS,29,257,0,P006509   ,0.0,1.0,MIL,7,"TONUT, STEFANO",23:12,14,4,5,2,2,0,0,3,2,5,0,0,1,0,0,4,2,15,-8.0
2022,RS,29,257,0,P002849   ,1.0,0.0,MIL,9,"MELLI, NICOLO",30:00,16,6,9,1,2,1,2,2,5,7,1,1,0,1,1,2,2,20,15.0
2022,RS,29,257,0,P005775   ,1.0,0.0,MIL,12,"BARON, BILLY",19:02,14,1,2,2,3,6,6,0,1,1,3,0,2,0,0,5,3,12,14.0
2022,RS,29,257,0,P011224   ,1.0,1.0,MIL,13,"NAPIER, SHABAZZ",26:10,17,3,5,1,4,8,9,0,2,2,8,1,0,0,0,4,6,24,12.0
2022,RS,29,257,0,P001518   ,0.0,0.0,MIL,17,"RICCI, GIAMPAOLO",05:57,0,0,0,0,0,0,0,0,0,0,0,0,0,0,0,3,0,-3,-10.0
2022,RS,29,257,0,P005059   ,0.0,0.0,MIL,40,"ALVITI, DAVIDE",DNP,0,0,0,0,0,0,0,0,0,0,0,0,0,0,0,0,0,0,0.0
2022,RS,29,257,0,P002812   ,0.0,0.0,MIL,42,"HINES, KYLE",09:38,2,1,5,0,0,0,0,1,0,1,0,0,1,0,1,2,0,-5,-19.0
2022,RS,29,257,0,P007201   ,1.0,1.0,MIL,77,"VOIGTMANN, JOHANNES",21:46,3,0,2,1,3,0,0,0,2,2,1,0,2,1,1,4,0,-4,9.0
2022,RS,29,257,0,Team,0.0,0.0,MIL,,Team,,0,0,0,0,0,0,0,2,2,4,0,0,0,0,0,0,0,4,
2022,RS,29,257,0,Total,,,MIL,,Total,200:00,87,22,40,8,19,19,23,9,21,30,19,3,12,2,3,28,20,85,
2022,RS,29,258,1,P011244   ,0.0,0.0,BAR,1,"DA SILVA, OSCAR",05:48,0,0,0,0,0,0,0,1,1,2,1,0,0,0,0,2,0,1,-11.0
2022,RS,29,258,1,P003204   ,0.0,0.0,BAR,3,"PAULI, ORIOL",00:04,0,0,0,0,0,0,0,0,0,0,0,0,0,0,0,0,0,0,0.0
2022,RS,29,258,1,P002968   ,1.0,0.0,BAR,5,"SANLI, SERTAC",16:03,2,1,1,0,1,0,0,1,4,5,1,0,1,1,0,2,1,6,13.0
2022,RS,29,258,1,P000925   ,0.0,1.0,BAR,6,"VESELY, JAN",23:41,21,8,16,0,0,5,6,2,4,6,1,2,2,1,0,4,5,21,-3.0
2022,RS,29,258,1,P004866   ,0.0,1.0,BAR,10,"KALINIC, NIKOLA",22:31,5,1,3,1,1,0,0,1,2,3,0,1,1,0,0,0,1,7,-3.0
2022,RS,29,258,1,P002939   ,1.0,1.0,BAR,13,"SATORANSKY, TOMAS",25:11,13,4,6,1,2,2,2,0,2,2,5,0,2,1,0,3,2,15,15.0
2022,RS,29,258,1,P006435   ,1.0,0.0,BAR,20,"LAPROVITTOLA, NICOLAS",25:43,3,0,0,1,3,0,0,0,1,1,4,1,2,0,0,1,1,5,4.0
2022,RS,29,258,1,P003478   ,1.0,0.0,BAR,21,"ABRINES, ALEX",17:47,12,0,0,4,5,0,0,0,2,2,0,1,0,0,0,2,1,13,6.0
2022,RS,29,258,1,P008966   ,0.0,0.0,BAR,23,"TOBEY, MIKE",07:00,0,0,0,0,0,0,0,0,0,0,0,0,0,0,0,0,1,1,-7.0
2022,RS,29,258,1,P005789   ,0.0,0.0,BAR,24,"KURIC, KYLE",05:41,0,0,1,0,0,0,0,1,1,2,0,1,1,0,0,0,0,1,-2.0
2022,RS,29,258,1,P007519   ,0.0,1.0,BAR,31,"JOKUBAITIS, ROKAS",23:03,8,3,5,0,2,2,2,0,0,0,8,0,1,0,0,1,2,12,-2.0
2022,RS,29,258,1,P000796   ,1.0,1.0,BAR,33,"MIROTIC, NIKOLA",27:28,21,3,5,3,6,6,7,1,4,5,1,2,1,0,0,3,5,24,20.0
2022,RS,29,258,1,Team,0.0,0.0,BAR,,Team,,0,0,0,0,0,0,0,0,3,3,0,0,0,0,0,0,0,3,
2022,RS,29,258,1,Total,,,BAR,,Total,200:00,85,20,37,10,20,15,17,7,24,31,21,8,11,3,0,18,19,109,
2022,RS,29,258,0,P004267   ,0.0,0.0,RED,0,"HOLLAND, JOHN",DNP,0,0,0,0,0,0,0,0,0,0,0,0,0,0,0,0,0,0,0.0
2022,RS,29,258,0,P007947   ,1.0,1.0,RED,1,"VILDOZA, LUCA",20:55,7,3,3,0,3,1,1,0,0,0,1,0,6,0,0,3,3,-1,-10.0
2022,RS,29,258,0,P004720   ,1.0,0.0,RED,2,"LAZAREVIC, STEFAN",21:48,0,0,1,0,1,0,0,2,1,3,3,1,0,0,0,3,0,2,-9.0
2022,RS,29,258,0,P005928   ,1.0,1.0,RED,7,"CAMPAZZO, FACUNDO",33:42,24,3,6,4,9,6,6,0,1,1,4,1,1,0,1,1,5,24,-6.0
2022,RS,29,258,0,P002553   ,0.0,0.0,RED,9,"MITROVIC, LUKA",20:09,11,4,8,0,0,3,4,2,4,6,2,0,0,0,2,1,2,13,3.0
2022,RS,29,258,0,P009540   ,1.0,0.0,RED,12,"MARTIN, HASSAN",11:41,2,1,3,0,0,0,0,0,1,1,2,0,0,0,0,1,1,3,-10.0
2022,RS,29,258,0,P003332   ,0.0,0.0,RED,20,"IVANOVIC, NIKOLA",20:24,6,0,3,2,4,0,0,0,0,0,1,0,0,0,0,2,1,1,4.0
2022,RS,29,258,0,P011964   ,0.0,0.0,RED,22,"ILIC, DALIBOR",DNP,0,0,0,0,0,0,0,0,0,0,0,0,0,0,0,0,0,0,0.0
2022,RS,29,258,0,PLME      ,0.0,1.0,RED,27,"MARKOVIC, STEFAN",23:11,6,0,0,2,2,0,0,1,1,2,1,3,2,0,0,1,0,9,3.0
2022,RS,29,258,0,P003479   ,0.0,0.0,RED,32,"KUZMIC, OGNJEN",DNP,0,0,0,0,0,0,0,0,0,0,0,0,0,0,0,0,0,0,0.0
2022,RS,29,258,0,P011194   ,0.0,1.0,RED,33,"PETRUSEV, FILIP",24:20,12,3,4,1,2,3,4,0,6,6,2,0,1,0,0,4,3,15,5.0
2022,RS,29,258,0,P009818   ,1.0,1.0,RED,50,"BENTIL, BENJAMIN",23:50,11,3,9,1,2,2,2,2,5,7,2,0,0,0,0,4,3,12,-10.0
2022,RS,29,258,0,Team,0.0,0.0,RED,,Team,,0,0,0,0,0,0,0,3,0,3,0,0,2,0,0,0,0,1,
2022,RS,29,258,0,Total,,,RED,,Total,200:00,79,17,37,10,23,15,17,10,19,29,18,5,12,0,3,20,18,79,
2022,RS,29,259,1,P011936   ,0.0,0.0,ASV,0,"MATHEWS, JONAH",19:04,7,2,3,1,3,0,0,0,1,1,0,0,2,0,0,2,0,1,-2.0
2022,RS,29,259,1,P006068   ,0.0,1.0,ASV,2,"NOUA, AMINE",18:08,9,2,4,1,4,2,2,1,3,4,1,3,0,0,1,0,2,13,7.0
2022,RS,29,259,1,P004264   ,1.0,1.0,ASV,3,"BOST, DEE",24:30,7,1,3,1,7,2,2,0,2,2,4,0,1,0,0,2,2,4,4.0
2022,RS,29,259,1,PKIR      ,1.0,0.0,ASV,5,"KAHUDI, CHARLES",13:17,2,1,2,0,2,0,0,0,1,1,0,0,0,0,0,1,1,0,-1.0
2022,RS,29,259,1,PTFK      ,0.0,0.0,ASV,8,"DIOT, ANTOINE",12:35,3,0,0,1,4,0,0,0,3,3,2,0,2,0,0,2,1,2,-10.0
2022,RS,29,259,1,P004119   ,1.0,0.0,ASV,9,"TYUS, ALEX",14:46,7,3,4,0,0,1,2,1,0,1,2,0,1,1,0,0,1,9,-13.0
2022,RS,29,259,1,P002100   ,1.0,1.0,ASV,12,"DE COLO, NANDO",20:40,12,4,7,0,2,4,4,0,1,1,7,0,1,0,0,4,4,14,0.0
2022,RS,29,259,1,P006568   ,0.0,0.0,ASV,19,"FALL, YOUSSOUPHA",19:41,13,4,5,0,0,5,7,5,7,12,0,1,0,1,0,3,7,28,8.0
2022,RS,29,259,1,P003526   ,1.0,1.0,ASV,23,"LIGHTY, DAVID",20:34,8,1,1,2,4,0,0,1,0,1,1,1,2,0,0,3,0,4,5.0
2022,RS,29,259,1,P011938   ,0.0,0.0,ASV,32,"OBASOHAN, RETIN",22:37,8,3,3,0,1,2,2,0,3,3,1,1,1,0,0,2,2,11,-9.0
2022,RS,29,259,1,P006832   ,0.0,1.0,ASV,35,"PONS, YVES",14:08,6,0,0,2,2,0,0,0,0,0,0,0,2,1,0,3,0,2,-9.0
2022,RS,29,259,1,Team,0.0,0.0,ASV,,Team,,0,0,0,0,0,0,0,2,1,3,0,0,0,0,0,0,0,3,
2022,RS,29,259,1,Total,,,ASV,,Total,200:00,82,21,32,8,29,16,19,10,22,32,18,6,12,3,1,22,20,91,
2022,RS,29,259,0,P011209   ,0.0,0.0,PAN,0,"KALAITZAKIS, PANAGIOTIS",DNP,0,0,0,0,0,0,0,0,0,0,0,0,0,0,0,0,0,0,0.0
2022,RS,29,259,0,P011225   ,1.0,1.0,PAN,5,"LEE, PARIS",28:40,14,1,4,1,3,9,9,0,2,2,4,0,2,0,0,2,8,19,4.0
2022,RS,29,259,0,P005844   ,0.0,0.0,PAN,6,"PAPAGIANNIS, GEORGIOS",17:17,4,2,2,0,2,0,0,0,2,2,1,0,1,1,0,5,0,0,6.0
2022,RS,29,259,0,P003240   ,0.0,0.0,PAN,7,"BOCHORIDIS, ELEFTHERIOS",11:20,2,1,2,0,1,0,1,1,0,1,1,0,2,0,1,0,1,-1,0.0
2022,RS,29,259,0,P009006   ,1.0,1.0,PAN,8,"WILLIAMS, DERRICK",28:34,13,4,4,1,4,2,2,1,2,3,2,0,2,0,0,2,2,13,-11.0
2022,RS,29,259,0,P006586   ,0.0,0.0,PAN,16,"KALAITZAKIS, GEORGIOS",DNP,0,0,0,0,0,0,0,0,0,0,0,0,0,0,0,0,0,0,0.0
2022,RS,29,259,0,P008967   ,1.0,0.0,PAN,17,"THOMAS, MATT",17:33,7,1,3,1,4,2,2,0,2,2,0,0,2,0,0,2,1,1,-1.0
2022,RS,29,259,0,P011286   ,1.0,1.0,PAN,24,"BACON, DWAYNE",28:10,13,5,9,0,4,3,3,0,6,6,3,3,0,0,1,0,3,19,7.0
2022,RS,29,259,0,P004172   ,0.0,0.0,PAN,37,"PONITKA, MATEUSZ",09:45,7,2,2,1,1,0,0,1,0,1,3,1,1,0,0,0,0,11,1.0
2022,RS,29,259,0,P002328   ,0.0,1.0,PAN,40,"GRIGONIS, MARIUS",24:48,9,0,1,3,6,0,0,0,2,2,2,1,1,0,0,2,3,10,3.0
2022,RS,29,259,0,P008084   ,0.0,1.0,PAN,72,"MANTZOUKAS, ELEFTHERIOS",20:42,9,3,4,1,1,0,0,1,2,3,1,0,0,0,1,4,0,7,4.0
2022,RS,29,259,0,P003120   ,1.0,0.0,PAN,77,"GUDAITIS, ARTURAS",13:11,8,3,5,0,0,2,2,3,2,5,0,0,1,0,0,4,3,9,7.0
2022,RS,29,259,0,Team,0.0,0.0,PAN,,Team,,0,0,0,0,0,0,0,4,0,4,0,0,1,0,0,0,0,3,
2022,RS,29,259,0,Total,,,PAN,,Total,200:00,86,22,36,8,26,18,19,11,20,31,17,5,13,1,3,21,21,91,
2022,RS,29,260,1,P010391   ,0.0,1.0,MUN,0,"WEILER-BABB, NICK",23:43,3,0,3,1,5,0,0,0,1,1,1,0,0,1,0,1,0,-2,1.0
2022,RS,29,260,1,P009866   ,0.0,0.0,MUN,2,"WALDEN, COREY",17:26,9,2,3,1,3,2,3,0,1,1,2,0,0,0,0,1,5,12,4.0
2022,RS,29,260,1,P004862   ,0.0,0.0,MUN,4,"SEELEY, DENNIS",03:04,2,0,1,0,0,2,2,0,1,1,0,0,1,0,1,0,1,1,-2.0
2022,RS,29,260,1,P011940   ,1.0,0.0,MUN,5,"WINSTON, CASSIUS",22:16,14,5,11,1,1,1,1,1,2,3,8,2,3,0,0,3,2,17,-3.0
2022,RS,29,260,1,P001557   ,0.0,1.0,MUN,7,"GIFFEY, NIELS",20:38,11,2,2,2,2,1,2,0,1,1,1,0,0,0,0,3,2,11,-3.0
2022,RS,29,260,1,P006760   ,1.0,0.0,MUN,9,"BONGA, ISAAC",28:53,12,3,5,1,2,3,3,2,2,4,1,2,1,0,1,3,2,13,1.0
2022,RS,29,260,1,P001288   ,0.0,1.0,MUN,11,"LUCIC, VLADIMIR",17:15,7,0,3,1,3,4,4,2,2,4,0,0,0,0,1,1,3,7,1.0
2022,RS,29,260,1,P004508   ,1.0,1.0,MUN,13,"OBST, ANDREAS",18:49,2,1,2,0,6,0,0,0,2,2,1,0,0,0,1,1,0,-4,4.0
2022,RS,29,260,1,P005056   ,0.0,0.0,MUN,16,"ZIPSER, PAUL",DNP,0,0,0,0,0,0,0,0,0,0,0,0,0,0,0,0,0,0,0.0
2022,RS,29,260,1,P005478   ,1.0,0.0,MUN,17,"WIMBERG, NIKLAS",07:56,6,3,3,0,2,0,0,0,0,0,0,0,1,0,0,3,0,0,-7.0
2022,RS,29,260,1,P011941   ,1.0,0.0,MUN,33,"GILLESPIE, FREDDIE",27:38,5,2,4,0,0,1,5,3,6,9,1,1,2,0,1,2,5,10,-1.0
2022,RS,29,260,1,P012406   ,0.0,1.0,MUN,45,"CHEATHAM, ZYLAN ANTHONY",12:22,4,2,2,0,0,0,0,1,1,2,1,0,0,0,0,2,0,5,0.0
2022,RS,29,260,1,Team,0.0,0.0,MUN,,Team,,0,0,0,0,0,0,0,3,2,5,0,0,3,0,0,0,0,2,
2022,RS,29,260,1,Total,,,MUN,,Total,200:00,75,20,39,7,24,14,20,12,21,33,16,5,11,1,5,20,20,72,
2022,RS,29,260,0,P007032   ,1.0,1.0,BER,0,"LO, MAODO",24:38,16,3,6,1,4,7,7,0,1,1,4,0,1,0,0,0,5,19,-2.0
2022,RS,29,260,0,P008384   ,0.0,0.0,BER,1,"PROCIDA, GABRIELE",17:59,5,2,3,0,1,1,2,0,2,2,1,0,0,1,0,0,2,8,8.0
2022,RS,29,260,0,P011192   ,1.0,1.0,BER,3,"SMITH, JALEEN",25:33,6,0,4,2,2,0,0,2,3,5,1,1,1,1,0,1,2,10,-5.0
2022,RS,29,260,0,P008211   ,0.0,0.0,BER,6,"DELOW, MALTE",12:59,4,2,2,0,0,0,0,0,1,1,1,0,1,0,0,3,0,2,4.0
2022,RS,29,260,0,P011934   ,0.0,1.0,BER,7,"WETZELL, YANNI",11:49,11,5,7,0,0,1,2,0,1,1,0,0,1,0,0,3,3,8,11.0
2022,RS,29,260,0,P007025   ,0.0,0.0,BER,9,"MATTISSECK, JONAS",DNP,0,0,0,0,0,0,0,0,0,0,0,0,0,0,0,0,0,0,0.0
2022,RS,29,260,0,P006251   ,0.0,0.0,BER,10,"SCHNEIDER, TIM",18:50,4,2,2,0,3,0,0,1,1,2,2,0,0,0,0,3,0,2,2.0
2022,RS,29,260,0,P006919   ,1.0,1.0,BER,19,"OLINDE, LOUIS",23:29,4,2,3,0,3,0,0,0,6,6,0,0,0,2,1,1,0,6,-5.0
2022,RS,29,260,0,P010791   ,0.0,0.0,BER,21,"KOUMADJE, CHRIST",11:33,8,4,5,0,0,0,0,2,0,2,0,0,4,1,0,4,1,3,-2.0
2022,RS,29,260,0,P006589   ,1.0,1.0,BER,43,"SIKMA, LUKE",21:10,6,2,2,0,0,2,2,1,6,7,3,0,1,0,0,1,5,19,-1.0
2022,RS,29,260,0,P010385   ,1.0,0.0,BER,44,"LAMMERS, BEN",16:38,2,1,4,0,1,0,0,1,2,3,0,0,1,0,0,2,0,-2,-8.0
2022,RS,29,260,0,P011193   ,0.0,0.0,BER,45,"BLATT, TAMIR",15:22,10,0,0,2,5,4,4,0,2,2,7,1,2,0,0,2,2,15,3.0
2022,RS,29,260,0,Team,0.0,0.0,BER,,Team,,0,0,0,0,0,0,0,2,0,2,0,0,1,0,0,0,0,1,
2022,RS,29,260,0,Total,,,BER,,Total,200:00,76,23,38,5,19,15,17,9,25,34,19,2,13,5,1,20,20,91,
2022,RS,29,261,1,P011970   ,0.0,0.0,PAM,0,"HARPER, JARED",23:21,15,2,6,2,4,5,5,1,1,2,2,0,1,1,0,0,3,16,8.0
2022,RS,29,261,1,P000556   ,0.0,1.0,PAM,1,"CLAVER, VICTOR",20:07,5,0,4,1,2,2,4,1,2,3,2,1,0,0,1,4,2,1,-1.0
2022,RS,29,261,1,P006643   ,1.0,0.0,PAM,2,"PUERTO, JOSEP",16:34,3,1,1,0,1,1,2,1,1,2,1,0,1,0,0,1,3,5,-1.0
2022,RS,29,261,1,P002661   ,0.0,0.0,PAM,3,"PREPELIC, KLEMEN",DNP,0,0,0,0,0,0,0,0,0,0,0,0,0,0,0,0,0,0,0.0
2022,RS,29,261,1,P011971   ,1.0,1.0,PAM,5,"WEBB III, JAMES",24:31,8,2,5,1,2,1,2,2,4,6,0,4,1,1,1,1,1,12,2.0
2022,RS,29,261,1,P005356   ,0.0,0.0,PAM,6,"LOPEZ-AROSTEGUI, XABI",19:39,3,0,3,1,2,0,0,0,1,1,2,1,3,0,0,1,3,2,0.0
2022,RS,29,261,1,P010568   ,1.0,0.0,PAM,7,"JONES, CHRIS",26:31,9,4,7,0,3,1,2,0,2,2,4,0,2,0,2,3,3,4,-5.0
2022,RS,29,261,1,P011972   ,1.0,1.0,PAM,12,"RADEBAUGH, JONAH",17:44,8,2,4,1,3,1,2,2,2,4,2,2,2,2,0,0,1,12,-2.0
2022,RS,29,261,1,P010677   ,0.0,0.0,PAM,13,"EVANS, SHANNON",06:21,2,0,1,0,0,2,2,1,0,1,0,0,1,0,0,0,2,3,-4.0
2022,RS,29,261,1,P002742   ,1.0,1.0,PAM,14,"DUBLJEVIC, BOJAN",28:32,18,3,4,4,4,0,0,3,4,7,0,0,2,0,0,3,2,21,-2.0
2022,RS,29,261,1,P008780   ,0.0,0.0,PAM,24,"HERMANNSSON, MARTIN",05:58,7,2,2,1,2,0,0,0,0,0,1,0,0,0,0,2,2,7,10.0
2022,RS,29,261,1,P011214   ,0.0,1.0,PAM,41,"RIVERO, JASIEL",10:42,4,2,3,0,0,0,2,1,3,4,0,1,0,0,0,4,1,3,5.0
2022,RS,29,261,1,Team,0.0,0.0,PAM,,Team,,0,0,0,0,0,0,0,3,4,7,0,0,1,0,0,0,0,6,
2022,RS,29,261,1,Total,,,PAM,,Total,200:00,82,18,40,11,23,13,21,15,24,39,14,9,14,4,4,19,23,92,
2022,RS,29,261,0,P011157   ,1.0,0.0,ULK,0,"MOTLEY, JOHNATHAN",30:08,19,8,9,0,0,3,4,2,1,3,2,0,1,0,0,3,4,22,5.0
2022,RS,29,261,0,P006661   ,1.0,1.0,ULK,3,"WILBEKIN, SCOTTIE",27:41,7,2,5,1,5,0,0,1,2,3,3,2,3,1,2,1,2,5,8.0
2022,RS,29,261,0,P011987   ,0.0,0.0,ULK,4,"EDWARDS, CARSEN",DNP,0,0,0,0,0,0,0,0,0,0,0,0,0,0,0,0,0,0,0.0
2022,RS,29,261,0,P001413   ,0.0,0.0,ULK,8,"BJELICA, NEMANJA",05:34,0,0,0,0,0,0,0,0,2,2,0,0,2,0,0,2,0,-2,3.0
2022,RS,29,261,0,P002969   ,0.0,0.0,ULK,10,"MAHMUTOGLU, MELIH",DNP,0,0,0,0,0,0,0,0,0,0,0,0,0,0,0,0,0,0,0.0
2022,RS,29,261,0,P008962   ,1.0,1.0,ULK,11,"HAYES-DAVIS, NIGEL",34:37,11,4,7,1,2,0,0,1,5,6,0,2,1,2,0,1,1,16,-6.0
2022,RS,29,261,0,P006961   ,0.0,1.0,ULK,13,"BIBEROVIC, TARIK",11:29,6,0,0,2,4,0,0,0,2,2,0,0,0,0,0,3,0,3,3.0
2022,RS,29,261,0,P009733   ,0.0,0.0,ULK,22,"JEKIRI, TONYE",05:44,0,0,0,0,0,0,0,1,0,1,0,0,0,0,0,0,0,1,-2.0
2022,RS,29,261,0,P004004   ,0.0,1.0,ULK,23,"GUDURIC, MARKO",33:44,23,3,3,4,10,5,7,0,2,2,5,2,2,0,0,4,5,23,-2.0
2022,RS,29,261,0,P009849   ,0.0,0.0,ULK,27,"DORSEY, TYLER",11:50,10,0,0,3,5,1,3,0,1,1,0,0,1,0,1,3,2,4,2.0
2022,RS,29,261,0,P007056   ,1.0,0.0,ULK,31,"BOOKER, DEVIN",12:42,2,1,2,0,1,0,0,1,2,3,1,1,2,1,0,3,2,3,-12.0
2022,RS,29,261,0,P001932   ,1.0,1.0,ULK,33,"CALATHES, NICK",26:31,2,1,3,0,5,0,1,2,2,4,5,1,3,0,1,3,2,-1,-9.0
2022,RS,29,261,0,Team,0.0,0.0,ULK,,Team,,0,0,0,0,0,0,0,1,2,3,0,0,1,0,0,0,0,2,
2022,RS,29,261,0,Total,,,ULK,,Total,200:00,80,19,29,11,32,9,15,9,21,30,16,8,16,4,4,23,18,76,
2022,RS,30,262,1,P007947   ,1.0,0.0,RED,1,"VILDOZA, LUCA",10:42,3,0,1,1,4,0,0,0,1,1,3,3,0,0,0,1,0,5,-1.0
2022,RS,30,262,1,P004720   ,1.0,0.0,RED,2,"LAZAREVIC, STEFAN",07:02,0,0,0,0,1,0,0,0,1,1,0,0,0,0,0,3,0,-3,-9.0
2022,RS,30,262,1,P005928   ,1.0,1.0,RED,7,"CAMPAZZO, FACUNDO",30:08,3,0,2,1,6,0,0,0,3,3,7,2,1,0,0,2,4,9,7.0
2022,RS,30,262,1,P002553   ,0.0,1.0,RED,9,"MITROVIC, LUKA",21:24,8,2,5,0,0,4,6,2,4,6,5,1,1,1,0,4,4,15,5.0
2022,RS,30,262,1,P009540   ,1.0,0.0,RED,12,"MARTIN, HASSAN",18:36,10,5,6,0,0,0,0,2,6,8,0,0,2,1,1,2,1,14,6.0
2022,RS,30,262,1,P004007   ,0.0,1.0,RED,13,"DOBRIC, OGNJEN",32:53,11,4,7,1,6,0,0,1,0,1,0,1,0,0,0,1,0,4,13.0
2022,RS,30,262,1,P011964   ,0.0,0.0,RED,22,"ILIC, DALIBOR",DNP,0,0,0,0,0,0,0,0,0,0,0,0,0,0,0,0,0,0,0.0
2022,RS,30,262,1,P000848   ,0.0,1.0,RED,26,"NEDOVIC, NEMANJA",23:57,20,2,5,4,8,4,8,0,1,1,1,2,2,0,0,2,5,14,10.0
2022,RS,30,262,1,PLME      ,0.0,0.0,RED,27,"MARKOVIC, STEFAN",17:11,3,0,1,1,3,0,0,0,0,0,2,0,0,0,0,3,0,-1,14.0
2022,RS,30,262,1,P003479   ,0.0,0.0,RED,32,"KUZMIC, OGNJEN",DNP,0,0,0,0,0,0,0,0,0,0,0,0,0,0,0,0,0,0,0.0
2022,RS,30,262,1,P011194   ,0.0,1.0,RED,33,"PETRUSEV, FILIP",23:22,4,2,4,0,2,0,0,3,6,9,1,0,1,1,1,0,1,10,-7.0
2022,RS,30,262,1,P009818   ,1.0,0.0,RED,50,"BENTIL, BENJAMIN",14:45,12,3,7,1,2,3,5,3,2,5,1,0,1,0,0,2,3,11,17.0
2022,RS,30,262,1,Team,0.0,0.0,RED,,Team,,0,0,0,0,0,0,0,2,0,2,0,0,0,0,0,0,0,2,
2022,RS,30,262,1,Total,,,RED,,Total,200:00,74,18,38,9,32,11,19,13,24,37,20,9,8,3,2,20,18,80,
2022,RS,30,262,0,P011948   ,1.0,1.0,BAS,0,"HOWARD, MARKUS",25:27,3,0,1,1,10,0,0,1,3,4,1,0,1,0,0,3,1,-5,-17.0
2022,RS,30,262,0,P012259   ,0.0,0.0,BAS,1,"HEIDEGGER, MAX",05:06,2,0,1,0,1,2,2,0,0,0,0,0,2,0,0,2,1,-3,-2.0
2022,RS,30,262,0,P008850   ,0.0,0.0,BAS,2,"RAIESTE, SANDER",06:35,3,0,0,1,1,0,0,0,1,1,0,0,1,0,0,0,0,3,0.0
2022,RS,30,262,0,P004761   ,0.0,0.0,BAS,9,"MARINKOVIC, VANJA",18:41,7,2,4,1,2,0,0,0,3,3,1,0,2,0,2,3,4,5,-4.0
2022,RS,30,262,0,P003198   ,0.0,0.0,BAS,11,"DIEZ, DANIEL",00:24,0,0,0,0,0,0,0,0,0,0,0,0,0,0,0,0,0,0,-2.0
2022,RS,30,262,0,P011078   ,1.0,1.0,BAS,13,"THOMPSON, DARIUS",30:30,15,6,9,1,2,0,0,0,5,5,6,0,3,0,0,2,2,19,3.0
2022,RS,30,262,0,P004603   ,1.0,1.0,BAS,21,"KOTSAR, MAIK",22:15,9,4,7,0,0,1,2,0,5,5,0,2,2,1,0,0,4,15,-8.0
2022,RS,30,262,0,P011239   ,0.0,0.0,BAS,23,"ENOCH, STEVEN",11:01,2,1,2,0,0,0,0,1,5,6,0,1,1,0,0,1,0,6,-3.0
2022,RS,30,262,0,P010444   ,1.0,0.0,BAS,24,"COSTELLO, MATTHEW",22:46,6,2,3,0,1,2,2,1,5,6,6,0,2,1,0,2,3,16,-3.0
2022,RS,30,262,0,P006436   ,1.0,1.0,BAS,31,"GIEDRAITIS, ROKAS",30:28,10,4,5,0,3,2,3,2,3,5,2,2,4,0,1,1,4,12,-8.0
2022,RS,30,262,0,P011949   ,0.0,1.0,BAS,34,"HOMMES, DAULTON",22:44,6,0,0,2,5,0,0,1,2,3,1,0,0,0,0,4,1,4,-7.0
2022,RS,30,262,0,P007265   ,0.0,0.0,BAS,47,"KURUCS, ARTURS",04:03,0,0,1,0,0,0,0,1,0,1,1,0,0,0,0,0,0,1,-4.0
2022,RS,30,262,0,Team,0.0,0.0,BAS,,Team,,0,0,0,0,0,0,0,2,4,6,0,0,1,0,0,0,0,5,
2022,RS,30,262,0,Total,,,BAS,,Total,200:00,63,19,33,6,25,7,9,9,36,45,18,5,19,2,3,18,20,78,
2022,RS,30,263,1,P007032   ,1.0,1.0,BER,0,"LO, MAODO",25:39,16,4,7,2,3,2,2,0,2,2,2,0,2,0,0,1,6,19,4.0
2022,RS,30,263,1,P008384   ,0.0,1.0,BER,1,"PROCIDA, GABRIELE",11:46,0,0,0,0,1,0,0,0,0,0,0,1,2,0,0,1,1,-2,-10.0
2022,RS,30,263,1,P011192   ,1.0,1.0,BER,3,"SMITH, JALEEN",26:41,25,0,4,7,10,4,4,0,1,1,4,2,2,1,1,3,3,23,11.0
2022,RS,30,263,1,P008211   ,0.0,0.0,BER,6,"DELOW, MALTE",DNP,0,0,0,0,0,0,0,0,0,0,0,0,0,0,0,0,0,0,0.0
2022,RS,30,263,1,P011934   ,0.0,0.0,BER,7,"WETZELL, YANNI",10:16,8,4,5,0,0,0,0,0,1,1,0,0,0,0,0,0,0,8,-10.0
2022,RS,30,263,1,P007025   ,0.0,0.0,BER,9,"MATTISSECK, JONAS",11:58,2,1,1,0,1,0,0,0,0,0,0,1,0,0,0,2,0,0,-7.0
2022,RS,30,263,1,P006251   ,0.0,0.0,BER,10,"SCHNEIDER, TIM",14:18,2,1,1,0,2,0,0,1,3,4,1,0,1,0,0,3,1,2,-6.0
2022,RS,30,263,1,P006919   ,1.0,1.0,BER,19,"OLINDE, LOUIS",27:08,8,2,4,1,2,1,2,2,5,7,1,0,0,0,0,0,1,13,12.0
2022,RS,30,263,1,P010791   ,0.0,0.0,BER,21,"KOUMADJE, CHRIST",08:18,7,3,3,0,0,1,1,1,2,3,2,0,0,0,0,2,1,11,5.0
2022,RS,30,263,1,P006589   ,1.0,1.0,BER,43,"SIKMA, LUKE",25:19,9,3,4,0,1,3,4,2,3,5,8,0,2,0,1,4,2,14,11.0
2022,RS,30,263,1,P010385   ,1.0,0.0,BER,44,"LAMMERS, BEN",20:21,10,5,7,0,0,0,0,0,4,4,1,0,0,2,0,1,0,14,2.0
2022,RS,30,263,1,P011193   ,0.0,0.0,BER,45,"BLATT, TAMIR",18:16,8,0,0,2,5,2,2,0,0,0,7,2,3,0,0,3,1,9,-2.0
2022,RS,30,263,1,Team,0.0,0.0,BER,,Team,,0,0,0,0,0,0,0,0,1,1,0,0,0,0,0,0,0,1,
2022,RS,30,263,1,Total,,,BER,,Total,200:00,95,23,36,12,25,13,15,6,22,28,26,6,12,3,2,20,16,112,
2022,RS,30,263,0,P007200   ,1.0,1.0,IST,0,"LARKIN, SHANE",31:32,10,1,3,1,4,5,6,1,2,3,5,1,4,0,0,1,3,11,0.0
2022,RS,30,263,0,P006590   ,0.0,1.0,IST,1,"BEAUBOIS, RODRIGUE",17:40,2,1,1,0,0,0,0,0,0,0,0,0,0,1,0,1,1,3,0.0
2022,RS,30,263,0,P006614   ,1.0,1.0,IST,2,"SINGLETON, CHRIS",14:51,2,1,2,0,1,0,0,0,3,3,0,0,0,1,0,1,0,3,-21.0
2022,RS,30,263,0,P009846   ,1.0,1.0,IST,6,"BRYANT, ELIJAH",29:39,10,4,6,0,3,2,2,1,3,4,3,3,0,0,0,2,1,14,0.0
2022,RS,30,263,0,P010516   ,0.0,0.0,IST,11,"GAZI, ERTEN",DNP,0,0,0,0,0,0,0,0,0,0,0,0,0,0,0,0,0,0,0.0
2022,RS,30,263,0,P004888   ,0.0,0.0,IST,12,"CLYBURN, WILL",26:56,19,4,9,2,5,5,5,2,4,6,2,0,2,0,0,5,8,20,14.0
2022,RS,30,263,0,P005348   ,0.0,0.0,IST,18,"ARNA, EGEHAN",DNP,0,0,0,0,0,0,0,0,0,0,0,0,0,0,0,0,0,0,0.0
2022,RS,30,263,0,P002925   ,0.0,0.0,IST,19,"TUNCER, BUGRAHAN",DNP,0,0,0,0,0,0,0,0,0,0,0,0,0,0,0,0,0,0,0.0
2022,RS,30,263,0,PLHK      ,1.0,1.0,IST,21,"PLEISS, TIBOR",15:34,7,2,4,1,1,0,0,2,3,5,0,0,1,0,0,2,1,8,1.0
2022,RS,30,263,0,P002580   ,1.0,0.0,IST,22,"MICIC, VASILIJE",36:51,30,8,13,4,7,2,2,1,3,4,3,2,2,0,2,3,2,26,-7.0
2022,RS,30,263,0,P007993   ,0.0,0.0,IST,24,"M'BAYE, AMATH",04:51,0,0,0,0,1,0,0,0,0,0,0,0,0,0,0,1,0,-2,-2.0
2022,RS,30,263,0,P004554   ,0.0,0.0,IST,41,"ZIZIC, ANTE",22:06,13,5,8,0,0,3,4,3,3,6,0,1,0,0,1,0,4,19,5.0
2022,RS,30,263,0,Team,0.0,0.0,IST,,Team,,0,0,0,0,0,0,0,2,0,2,0,0,0,0,0,0,0,2,
2022,RS,30,263,0,Total,,,IST,,Total,200:00,93,26,46,8,22,17,19,12,21,33,13,7,9,2,3,16,20,104,
2022,RS,30,264,1,P011936   ,0.0,1.0,ASV,0,"MATHEWS, JONAH",16:31,7,2,7,1,2,0,0,0,1,1,1,1,2,0,0,1,1,2,-13.0
2022,RS,30,264,1,P006068   ,1.0,1.0,ASV,2,"NOUA, AMINE",25:19,12,1,2,2,4,4,5,2,0,2,2,0,2,0,0,3,2,9,-8.0
2022,RS,30,264,1,P004264   ,1.0,0.0,ASV,3,"BOST, DEE",18:48,3,0,0,1,3,0,0,0,1,1,3,0,0,0,0,1,0,4,-1.0
2022,RS,30,264,1,PKIR      ,0.0,0.0,ASV,5,"KAHUDI, CHARLES",14:49,2,0,1,0,1,2,2,0,3,3,0,0,0,0,0,1,2,4,-11.0
2022,RS,30,264,1,PTFK      ,0.0,0.0,ASV,8,"DIOT, ANTOINE",DNP,0,0,0,0,0,0,0,0,0,0,0,0,0,0,0,0,0,0,0.0
2022,RS,30,264,1,P004119   ,0.0,1.0,ASV,9,"TYUS, ALEX",11:59,5,2,6,0,0,1,2,3,1,4,0,1,1,0,1,2,1,2,-8.0
2022,RS,30,264,1,P010718   ,0.0,1.0,ASV,10,"RISACHER, ZACCHARIE",16:05,2,1,3,0,0,0,0,3,1,4,0,0,3,0,0,3,1,-1,-11.0
2022,RS,30,264,1,P002100   ,1.0,0.0,ASV,12,"DE COLO, NANDO",23:53,13,1,3,2,7,5,6,1,3,4,4,1,3,0,0,1,6,16,-3.0
2022,RS,30,264,1,P006568   ,1.0,0.0,ASV,19,"FALL, YOUSSOUPHA",24:20,9,3,3,0,0,3,3,1,4,5,0,1,2,0,0,1,5,17,-10.0
2022,RS,30,264,1,P003526   ,1.0,0.0,ASV,23,"LIGHTY, DAVID",22:30,10,2,8,2,3,0,0,2,1,3,0,0,2,0,3,1,2,2,-10.0
2022,RS,30,264,1,P011938   ,0.0,1.0,ASV,32,"OBASOHAN, RETIN",22:05,4,2,5,0,2,0,0,1,1,2,2,0,2,1,1,2,1,0,-15.0
2022,RS,30,264,1,P006832   ,0.0,0.0,ASV,35,"PONS, YVES",03:41,0,0,1,0,0,0,0,1,2,3,0,0,0,0,0,0,0,2,0.0
2022,RS,30,264,1,Team,0.0,0.0,ASV,,Team,,0,0,0,0,0,0,0,2,1,3,0,0,0,0,0,0,0,3,
2022,RS,30,264,1,Total,,,ASV,,Total,200:00,67,14,39,8,22,15,18,16,19,35,12,4,17,1,5,16,21,60,
2022,RS,30,264,0,P009622   ,1.0,0.0,TEL,4,"BROWN, LORENZO",29:34,18,5,7,1,6,5,5,0,2,2,4,2,2,0,0,2,2,17,9.0
2022,RS,30,264,0,P009863   ,1.0,0.0,TEL,5,"BALDWIN IV, WADE",26:35,23,6,10,2,6,5,5,0,3,3,7,1,1,0,0,2,3,26,21.0
2022,RS,30,264,0,P011967   ,0.0,1.0,TEL,6,"MARTIN, JARELL",18:32,6,3,4,0,1,0,0,1,1,2,0,1,0,0,0,4,0,3,-3.0
2022,RS,30,264,0,P004233   ,0.0,1.0,TEL,8,"MENCO, RAFI",04:21,0,0,0,0,0,0,0,0,0,0,1,0,0,0,0,0,0,1,-2.0
2022,RS,30,264,0,P011219   ,0.0,1.0,TEL,9,"SORKIN, ROMAN",16:14,4,1,1,0,0,2,2,1,0,1,0,0,2,2,0,2,2,5,-2.0
2022,RS,30,264,0,P007990   ,0.0,0.0,TEL,12,"DIBARTOLOMEO, JOHN",21:15,8,1,2,2,3,0,0,0,3,3,0,1,0,0,0,4,2,8,9.0
2022,RS,30,264,0,P008989   ,0.0,1.0,TEL,13,"HILLIARD, DARRUN",14:10,0,0,2,0,3,0,0,0,0,0,1,0,1,0,0,1,0,-6,3.0
2022,RS,30,264,0,P005145   ,1.0,1.0,TEL,15,"COHEN, JAKE",18:04,2,0,0,0,0,2,2,0,3,3,1,1,2,0,0,3,1,3,10.0
2022,RS,30,264,0,P012203   ,0.0,0.0,TEL,17,"BRAIMOH, SULEIMAN",DNP,0,0,0,0,0,0,0,0,0,0,0,0,0,0,0,0,0,0,0.0
2022,RS,30,264,0,P011199   ,1.0,0.0,TEL,32,"NEBO, JOSH",23:38,8,2,2,0,0,4,6,3,6,9,1,2,3,2,0,2,4,19,21.0
2022,RS,30,264,0,P011220   ,0.0,0.0,TEL,33,"ZIV, IFTAH",DNP,0,0,0,0,0,0,0,0,0,0,0,0,0,0,0,0,0,0,0.0
2022,RS,30,264,0,P009783   ,1.0,0.0,TEL,50,"COLSON, BONZIE",27:37,16,6,8,1,2,1,2,2,3,5,0,1,0,1,1,1,2,19,24.0
2022,RS,30,264,0,Team,0.0,0.0,TEL,,Team,,0,0,0,0,0,0,0,2,1,3,0,0,0,0,0,0,0,3,
2022,RS,30,264,0,Total,,,TEL,,Total,200:00,85,24,36,6,21,19,22,9,22,31,15,9,11,5,1,21,16,98,
2022,RS,30,265,1,P011209   ,0.0,0.0,PAN,0,"KALAITZAKIS, PANAGIOTIS",08:11,0,0,0,0,2,0,0,0,0,0,1,0,0,0,0,2,1,-2,-5.0
2022,RS,30,265,1,P006555   ,1.0,0.0,PAN,3,"WOLTERS, NATE",13:28,0,0,1,0,3,0,0,0,0,0,1,0,0,0,0,0,1,-2,-4.0
2022,RS,30,265,1,P011225   ,0.0,1.0,PAN,5,"LEE, PARIS",24:08,6,0,1,1,6,3,4,0,1,1,4,4,0,0,0,1,5,12,-15.0
2022,RS,30,265,1,P005844   ,1.0,1.0,PAN,6,"PAPAGIANNIS, GEORGIOS",30:21,19,6,9,2,3,1,1,3,4,7,2,0,2,2,0,2,1,23,1.0
2022,RS,30,265,1,P003240   ,0.0,0.0,PAN,7,"BOCHORIDIS, ELEFTHERIOS",12:29,5,1,1,1,1,0,2,0,0,0,2,1,0,0,0,2,2,6,-8.0
2022,RS,30,265,1,P009006   ,1.0,0.0,PAN,8,"WILLIAMS, DERRICK",20:27,9,3,5,1,2,0,0,0,1,1,1,0,1,0,0,0,0,7,-4.0
2022,RS,30,265,1,P004429   ,0.0,0.0,PAN,9,"AGRAVANIS, DIMITRIS",11:02,2,1,4,0,2,0,0,0,1,1,0,2,1,0,0,4,1,-4,-2.0
2022,RS,30,265,1,P006586   ,0.0,0.0,PAN,16,"KALAITZAKIS, GEORGIOS",DNP,0,0,0,0,0,0,0,0,0,0,0,0,0,0,0,0,0,0,0.0
2022,RS,30,265,1,P008967   ,1.0,1.0,PAN,17,"THOMAS, MATT",21:49,11,1,2,2,4,3,4,0,0,0,1,1,0,0,0,4,2,7,2.0
2022,RS,30,265,1,P002328   ,1.0,1.0,PAN,40,"GRIGONIS, MARIUS",27:32,13,0,0,1,2,10,11,0,2,2,2,0,1,0,0,3,7,18,-5.0
2022,RS,30,265,1,P008084   ,0.0,1.0,PAN,72,"MANTZOUKAS, ELEFTHERIOS",20:54,5,2,2,0,2,1,2,1,0,1,0,0,0,1,0,2,1,3,-15.0
2022,RS,30,265,1,P003120   ,0.0,0.0,PAN,77,"GUDAITIS, ARTURAS",09:39,4,2,5,0,0,0,2,0,0,0,1,0,0,0,0,2,3,1,-15.0
2022,RS,30,265,1,Team,0.0,0.0,PAN,,Team,,0,0,0,0,0,0,0,1,4,5,0,0,0,0,0,0,0,5,
2022,RS,30,265,1,Total,,,PAN,,Total,200:00,74,16,30,8,27,18,26,5,13,18,15,8,5,3,0,22,24,74,
2022,RS,30,265,0,P011244   ,0.0,1.0,BAR,1,"DA SILVA, OSCAR",13:49,0,0,1,0,0,0,0,0,1,1,0,0,2,0,0,2,1,-3,14.0
2022,RS,30,265,0,P002968   ,1.0,0.0,BAR,5,"SANLI, SERTAC",07:41,0,0,2,0,2,0,0,0,1,1,0,1,2,0,1,1,0,-6,0.0
2022,RS,30,265,0,P000925   ,0.0,0.0,BAR,6,"VESELY, JAN",12:40,7,2,3,0,0,3,4,1,3,4,0,0,1,0,1,2,4,9,-3.0
2022,RS,30,265,0,P004866   ,0.0,0.0,BAR,10,"KALINIC, NIKOLA",16:04,6,2,4,0,0,2,3,1,8,9,1,0,2,0,1,3,1,8,11.0
2022,RS,30,265,0,P002939   ,1.0,1.0,BAR,13,"SATORANSKY, TOMAS",25:18,8,1,1,0,2,6,7,2,7,9,9,1,1,0,0,3,6,26,4.0
2022,RS,30,265,0,P006435   ,1.0,0.0,BAR,20,"LAPROVITTOLA, NICOLAS",25:14,2,1,1,0,1,0,0,0,1,1,3,0,4,0,0,2,1,0,3.0
2022,RS,30,265,0,P003478   ,1.0,1.0,BAR,21,"ABRINES, ALEX",21:10,8,1,1,2,5,0,0,1,2,3,2,0,0,0,0,3,0,7,4.0
2022,RS,30,265,0,P006450   ,0.0,1.0,BAR,22,"HIGGINS, CORY",17:37,9,3,3,1,1,0,0,0,2,2,1,0,1,0,0,4,3,10,11.0
2022,RS,30,265,0,P008966   ,0.0,1.0,BAR,23,"TOBEY, MIKE",19:34,16,2,2,4,6,0,0,0,4,4,3,1,2,0,0,3,0,17,16.0
2022,RS,30,265,0,P005789   ,0.0,0.0,BAR,24,"KURIC, KYLE",DNP,0,0,0,0,0,0,0,0,0,0,0,0,0,0,0,0,0,0,0.0
2022,RS,30,265,0,P007519   ,0.0,0.0,BAR,31,"JOKUBAITIS, ROKAS",14:42,6,1,2,1,1,1,2,1,1,2,0,0,1,0,0,0,3,8,10.0
2022,RS,30,265,0,P000796   ,1.0,0.0,BAR,33,"MIROTIC, NIKOLA",26:11,26,5,5,4,8,4,4,2,1,3,0,0,1,0,0,1,3,26,0.0
2022,RS,30,265,0,Team,0.0,0.0,BAR,,Team,,0,0,0,0,0,0,0,2,1,3,0,0,1,0,0,0,0,2,
2022,RS,30,265,0,Total,,,BAR,,Total,200:00,88,18,25,12,26,16,20,10,32,42,19,3,18,0,3,24,22,104,
2022,RS,30,266,1,P011157   ,1.0,1.0,ULK,0,"MOTLEY, JOHNATHAN",17:06,13,5,8,0,0,3,4,3,1,4,2,1,4,0,0,3,3,12,-1.0
2022,RS,30,266,1,P011201   ,0.0,0.0,ULK,2,"HAZER, SEHMUS",DNP,0,0,0,0,0,0,0,0,0,0,0,0,0,0,0,0,0,0,0.0
2022,RS,30,266,1,P011987   ,0.0,0.0,ULK,4,"EDWARDS, CARSEN",04:43,0,0,0,0,0,0,0,0,0,0,0,0,0,0,0,0,0,0,1.0
2022,RS,30,266,1,P001413   ,0.0,0.0,ULK,8,"BJELICA, NEMANJA",DNP,0,0,0,0,0,0,0,0,0,0,0,0,0,0,0,0,0,0,0.0
2022,RS,30,266,1,P002969   ,0.0,0.0,ULK,10,"MAHMUTOGLU, MELIH",DNP,0,0,0,0,0,0,0,0,0,0,0,0,0,0,0,0,0,0,0.0
2022,RS,30,266,1,P008962   ,1.0,1.0,ULK,11,"HAYES-DAVIS, NIGEL",39:19,19,5,8,1,2,6,9,0,6,6,2,2,0,0,0,3,7,26,11.0
2022,RS,30,266,1,P006961   ,0.0,0.0,ULK,13,"BIBEROVIC, TARIK",10:19,8,1,1,2,3,0,0,0,0,0,0,0,0,0,0,3,1,5,1.0
2022,RS,30,266,1,P009733   ,0.0,0.0,ULK,22,"JEKIRI, TONYE",21:31,13,5,6,0,0,3,3,2,3,5,2,0,0,1,0,4,2,18,5.0
2022,RS,30,266,1,P004004   ,1.0,1.0,ULK,23,"GUDURIC, MARKO",37:41,14,1,6,3,4,3,4,0,3,3,3,2,1,0,1,1,2,14,11.0
2022,RS,30,266,1,P009849   ,0.0,1.0,ULK,27,"DORSEY, TYLER",21:46,15,3,3,2,6,3,3,0,0,0,3,0,2,0,0,2,4,14,1.0
2022,RS,30,266,1,P007056   ,1.0,0.0,ULK,31,"BOOKER, DEVIN",24:39,3,0,2,1,2,0,0,0,2,2,1,0,0,1,0,2,1,3,8.0
2022,RS,30,266,1,P001932   ,1.0,1.0,ULK,33,"CALATHES, NICK",22:56,2,1,2,0,1,0,0,1,2,3,6,0,0,0,0,1,1,9,3.0
2022,RS,30,266,1,Team,0.0,0.0,ULK,,Team,,0,0,0,0,0,0,0,0,1,1,0,0,0,0,0,0,0,1,
2022,RS,30,266,1,Total,,,ULK,,Total,200:00,87,21,36,9,18,18,23,6,18,24,19,5,7,2,1,19,21,102,
2022,RS,30,266,0,P012068   ,0.0,1.0,ZAL,1,"TAYLOR, ISAIAH",25:36,11,4,9,1,2,0,2,0,0,0,9,0,0,0,0,3,1,10,4.0
2022,RS,30,266,0,P007513   ,0.0,0.0,ZAL,3,"GIEDRAITIS, DOVYDAS",DNP,0,0,0,0,0,0,0,0,0,0,0,0,0,0,0,0,0,0,0.0
2022,RS,30,266,0,P003210   ,0.0,0.0,ZAL,4,"LEKAVICIUS, LUKAS",08:30,7,1,1,1,2,2,2,0,0,0,0,0,0,0,1,1,1,5,-15.0
2022,RS,30,266,0,P010390   ,1.0,0.0,ZAL,8,"HAYES, KEVARRIUS",20:53,12,5,8,0,0,2,3,5,4,9,1,0,2,1,0,1,5,21,2.0
2022,RS,30,266,0,P007109   ,1.0,0.0,ZAL,10,"SMITS, ROLANDS",26:47,18,2,3,4,5,2,2,0,2,2,3,1,1,0,0,5,1,17,10.0
2022,RS,30,266,0,P005504   ,0.0,0.0,ZAL,15,"BIRUTIS, LAURYNAS",09:08,7,3,3,0,0,1,1,0,1,1,0,0,0,0,0,0,2,10,-10.0
2022,RS,30,266,0,P006158   ,0.0,0.0,ZAL,16,"LUKOSIUNAS, KAROLIS",04:23,0,0,0,0,1,0,0,0,0,0,0,0,0,0,0,0,0,-1,-2.0
2022,RS,30,266,0,P011983   ,1.0,0.0,ZAL,17,"BRAZDEIKIS, IGNAS",24:26,10,4,8,0,2,2,2,1,3,4,1,0,0,0,0,5,2,6,9.0
2022,RS,30,266,0,P002084   ,0.0,1.0,ZAL,25,"POLONARA, ACHILLE",16:56,6,0,2,2,3,0,0,1,3,4,1,0,1,0,1,3,0,3,-10.0
2022,RS,30,266,0,P003211   ,1.0,1.0,ZAL,33,"DIMSA, TOMAS",09:54,0,0,1,0,1,0,0,0,0,0,0,0,1,0,0,1,2,-2,-12.0
2022,RS,30,266,0,P002676   ,0.0,1.0,ZAL,51,"BUTKEVICIUS, ARNAS",20:37,1,0,1,0,2,1,2,1,3,4,2,0,0,0,0,1,2,4,-11.0
2022,RS,30,266,0,P002329   ,1.0,1.0,ZAL,92,"ULANOVAS, EDGARAS",32:50,7,1,4,1,1,2,2,2,2,4,4,0,3,0,0,1,3,11,-5.0
2022,RS,30,266,0,Team,0.0,0.0,ZAL,,Team,,0,0,0,0,0,0,0,2,3,5,0,0,3,0,0,0,0,2,
2022,RS,30,266,0,Total,,,ZAL,,Total,200:00,79,20,40,9,19,12,16,12,21,33,21,1,11,1,2,21,19,86,
2022,RS,30,267,1,P010588   ,1.0,0.0,MCO,0,"BROWN, JOHN",19:52,10,4,6,0,0,2,2,3,1,4,0,1,0,0,0,1,1,13,12.0
2022,RS,30,267,1,P011212   ,1.0,1.0,MCO,0,"OKOBO, ELIE",28:57,14,3,7,0,3,8,9,0,2,2,7,2,1,0,0,3,5,18,1.0
2022,RS,30,267,1,P012201   ,0.0,0.0,MCO,1,"MONEKE, CHIMA",05:23,0,0,0,0,0,0,0,0,1,1,0,0,0,0,0,1,0,0,1.0
2022,RS,30,267,1,P009754   ,1.0,1.0,MCO,3,"LOYD, JORDAN",26:37,9,3,5,1,5,0,0,1,2,3,5,1,1,2,0,2,3,14,0.0
2022,RS,30,267,1,P011231   ,1.0,0.0,MCO,4,"BLOSSOMGAME, JARON",21:35,14,3,3,1,3,5,7,0,1,1,0,0,1,0,0,3,6,13,-6.0
2022,RS,30,267,1,P011935   ,0.0,0.0,MCO,5,"MAKOUNDOU, YOAN",DNP,0,0,0,0,0,0,0,0,0,0,0,0,0,0,0,0,0,0,0.0
2022,RS,30,267,1,P011226   ,0.0,1.0,MCO,11,"DIALLO, ALPHA",27:29,8,4,8,0,0,0,1,1,1,2,3,1,2,1,0,3,0,5,14.0
2022,RS,30,267,1,PLCZ      ,1.0,0.0,MCO,20,"MOTIEJUNAS, DONATAS",12:51,6,3,6,0,2,0,1,2,3,5,1,0,0,0,0,2,1,5,3.0
2022,RS,30,267,1,P012378   ,0.0,0.0,MCO,23,"AMINI, MOHAMMAD",DNP,0,0,0,0,0,0,0,0,0,0,0,0,0,0,0,0,0,0,0.0
2022,RS,30,267,1,P004197   ,0.0,0.0,MCO,24,"OUATTARA, YAKUBA",10:52,6,0,2,2,3,0,0,0,0,0,0,0,0,0,1,1,1,2,-1.0
2022,RS,30,267,1,P008099   ,0.0,1.0,MCO,32,"STRAZEL, MATTHEW",19:26,13,2,2,3,3,0,0,0,0,0,3,0,0,0,0,2,1,15,23.0
2022,RS,30,267,1,P011196   ,0.0,1.0,MCO,45,"HALL, DONTA",26:58,10,4,4,0,0,2,2,5,8,13,0,0,0,2,0,1,2,26,8.0
2022,RS,30,267,1,Team,0.0,0.0,MCO,,Team,,0,0,0,0,0,0,0,3,1,4,0,0,2,0,0,0,0,2,
2022,RS,30,267,1,Total,,,MCO,,Total,200:00,90,26,43,7,19,17,22,15,20,35,19,5,7,5,1,19,20,113,
2022,RS,30,267,0,P011970   ,0.0,1.0,PAM,0,"HARPER, JARED",19:30,10,2,5,1,2,3,3,0,1,1,3,0,1,0,0,3,2,8,2.0
2022,RS,30,267,0,P000556   ,0.0,0.0,PAM,1,"CLAVER, VICTOR",17:43,8,1,1,2,6,0,0,3,0,3,0,1,1,0,1,5,0,1,-11.0
2022,RS,30,267,0,P006643   ,1.0,1.0,PAM,2,"PUERTO, JOSEP",19:47,11,2,3,2,4,1,1,0,0,0,0,0,2,0,0,2,1,5,-5.0
2022,RS,30,267,0,P011971   ,1.0,0.0,PAM,5,"WEBB III, JAMES",20:03,9,1,2,2,5,1,1,1,4,5,1,0,0,0,1,3,1,8,7.0
2022,RS,30,267,0,P005356   ,0.0,1.0,PAM,6,"LOPEZ-AROSTEGUI, XABI",19:18,2,1,3,0,2,0,0,2,2,4,1,1,1,0,0,2,0,1,-18.0
2022,RS,30,267,0,P010568   ,1.0,0.0,PAM,7,"JONES, CHRIS",22:17,17,3,3,1,3,8,8,0,2,2,3,0,0,0,0,0,6,26,-1.0
2022,RS,30,267,0,P011972   ,1.0,1.0,PAM,12,"RADEBAUGH, JONAH",16:32,2,1,3,0,2,0,0,0,2,2,1,0,0,0,2,1,0,-2,1.0
2022,RS,30,267,0,P010677   ,0.0,1.0,PAM,13,"EVANS, SHANNON",13:18,3,0,1,1,4,0,0,1,0,1,1,1,0,0,1,1,3,3,-15.0
2022,RS,30,267,0,P002742   ,1.0,0.0,PAM,14,"DUBLJEVIC, BOJAN",25:26,15,2,4,3,9,2,2,6,5,11,3,1,2,0,0,2,2,20,-4.0
2022,RS,30,267,0,P011973   ,0.0,0.0,PAM,21,"ALEXANDER, KYLE",DNP,0,0,0,0,0,0,0,0,0,0,0,0,0,0,0,0,0,0,0.0
2022,RS,30,267,0,P008780   ,0.0,0.0,PAM,24,"HERMANNSSON, MARTIN",05:09,0,0,0,0,0,0,0,0,0,0,0,0,1,0,0,0,1,0,-8.0
2022,RS,30,267,0,P011214   ,0.0,0.0,PAM,41,"RIVERO, JASIEL",20:57,2,0,1,0,1,2,2,0,3,3,0,0,2,1,0,2,3,3,-3.0
2022,RS,30,267,0,Team,0.0,0.0,PAM,,Team,,0,0,0,0,0,0,0,1,0,1,0,0,2,0,0,0,0,-1,
2022,RS,30,267,0,Total,,,PAM,,Total,200:00,79,13,26,12,38,17,17,14,19,33,13,4,12,1,5,21,19,72,
2022,RS,30,268,1,P007870   ,0.0,1.0,MIL,0,"DAVIES, BRANDON",10:29,10,3,4,0,0,4,6,0,2,2,2,0,0,0,0,3,3,11,-5.0
2022,RS,30,268,1,P005094   ,0.0,1.0,MIL,1,"THOMAS, DESHAUN",13:12,6,1,1,0,0,4,4,1,3,4,0,0,1,0,0,1,2,10,11.0
2022,RS,30,268,1,P012080   ,1.0,1.0,MIL,2,"LUWAWU-CABARROT, TIMOTHE",25:48,14,3,6,2,2,2,2,1,0,1,0,0,1,0,1,4,1,7,17.0
2022,RS,30,268,1,P011965   ,0.0,1.0,MIL,3,"MITROU-LONG, NAZ",14:47,3,0,2,1,1,0,0,0,1,1,0,0,1,0,0,2,0,-1,7.0
2022,RS,30,268,1,P006509   ,1.0,0.0,MIL,7,"TONUT, STEFANO",21:20,9,3,3,1,1,0,0,1,4,5,2,0,0,0,0,2,0,14,11.0
2022,RS,30,268,1,P002849   ,1.0,0.0,MIL,9,"MELLI, NICOLO",16:32,8,4,5,0,0,0,0,1,5,6,2,1,3,1,1,3,2,12,9.0
2022,RS,30,268,1,P005775   ,0.0,0.0,MIL,12,"BARON, BILLY",14:49,9,1,1,1,3,4,5,0,1,1,2,0,1,0,0,1,3,10,9.0
2022,RS,30,268,1,P011224   ,1.0,0.0,MIL,13,"NAPIER, SHABAZZ",21:01,20,1,2,5,6,3,4,0,1,1,4,2,2,0,0,2,7,27,14.0
2022,RS,30,268,1,P001518   ,0.0,1.0,MIL,17,"RICCI, GIAMPAOLO",08:54,0,0,0,0,1,0,0,0,3,3,0,0,0,0,0,0,0,2,-1.0
2022,RS,30,268,1,P007831   ,0.0,0.0,MIL,31,"SHIELDS, SHAVON",15:19,9,1,3,1,2,4,6,0,1,1,2,0,1,0,0,0,4,10,11.0
2022,RS,30,268,1,P002812   ,0.0,0.0,MIL,42,"HINES, KYLE",14:54,4,2,3,0,0,0,1,2,1,3,0,0,0,1,0,2,2,6,19.0
2022,RS,30,268,1,P007201   ,1.0,0.0,MIL,77,"VOIGTMANN, JOHANNES",22:55,7,2,3,1,3,0,0,0,6,6,3,0,2,0,0,1,0,10,23.0
2022,RS,30,268,1,Team,0.0,0.0,MIL,,Team,,0,0,0,0,0,0,0,2,1,3,0,0,1,0,0,0,0,2,
2022,RS,30,268,1,Total,,,MIL,,Total,200:00,99,21,33,12,19,21,28,8,29,37,17,3,13,2,2,21,24,120,
2022,RS,30,268,0,P010391   ,1.0,0.0,MUN,0,"WEILER-BABB, NICK",16:20,3,1,5,0,2,1,2,1,1,2,3,0,0,0,0,4,2,-1,2.0
2022,RS,30,268,0,P009866   ,0.0,1.0,MUN,2,"WALDEN, COREY",23:40,7,1,4,1,5,2,2,0,2,2,2,1,2,0,0,1,2,4,-27.0
2022,RS,30,268,0,P004862   ,0.0,0.0,MUN,4,"SEELEY, DENNIS",15:28,8,3,4,0,2,2,2,0,0,0,0,0,0,0,0,1,1,5,-21.0
2022,RS,30,268,0,P001557   ,0.0,0.0,MUN,7,"GIFFEY, NIELS",20:19,0,0,0,0,1,0,0,1,0,1,1,0,1,0,0,1,1,0,-12.0
2022,RS,30,268,0,P006760   ,0.0,1.0,MUN,9,"BONGA, ISAAC",19:40,2,1,5,0,0,0,0,2,2,4,1,2,2,0,0,2,0,1,-8.0
2022,RS,30,268,0,P001288   ,1.0,0.0,MUN,11,"LUCIC, VLADIMIR",13:19,0,0,2,0,0,0,0,0,0,0,0,2,2,0,0,3,1,-4,-12.0
2022,RS,30,268,0,P004508   ,1.0,1.0,MUN,13,"OBST, ANDREAS",24:32,27,3,5,7,11,0,0,1,0,1,3,0,1,0,1,1,2,24,-4.0
2022,RS,30,268,0,P005056   ,1.0,0.0,MUN,16,"ZIPSER, PAUL",10:46,0,0,0,0,2,0,0,0,3,3,0,2,0,0,0,1,0,2,-4.0
2022,RS,30,268,0,P005478   ,0.0,1.0,MUN,17,"WIMBERG, NIKLAS",14:59,2,1,2,0,1,0,0,0,0,0,0,0,1,0,0,3,1,-3,-13.0
2022,RS,30,268,0,P011941   ,0.0,0.0,MUN,33,"GILLESPIE, FREDDIE",14:38,8,3,4,0,0,2,2,4,1,5,0,0,0,1,0,3,3,13,-16.0
2022,RS,30,268,0,P012406   ,1.0,1.0,MUN,45,"CHEATHAM, ZYLAN ANTHONY",26:19,17,6,8,0,1,5,10,1,3,4,1,0,1,1,1,4,8,17,-10.0
2022,RS,30,268,0,Team,0.0,0.0,MUN,,Team,,0,0,0,0,0,0,0,1,2,3,0,0,0,0,0,0,0,3,
2022,RS,30,268,0,Total,,,MUN,,Total,200:00,74,19,39,8,25,12,18,11,14,25,11,7,10,2,2,24,21,61,
2022,RS,30,269,1,P009212   ,0.0,0.0,PAR,1,"VUKCEVIC, TRISTAN",DNP,0,0,0,0,0,0,0,0,0,0,0,0,0,0,0,0,0,0,0.0
2022,RS,30,269,1,P008987   ,1.0,0.0,PAR,2,"LEDAY, ZACH",22:06,6,1,1,1,3,1,1,1,3,4,0,0,1,0,0,1,4,10,4.0
2022,RS,30,269,1,P003983   ,0.0,0.0,PAR,4,"AVRAMOVIC, ALEKSA",16:45,2,1,1,0,1,0,0,0,3,3,1,0,2,0,0,4,1,0,18.0
2022,RS,30,269,1,P009862   ,1.0,1.0,PAR,7,"PUNTER, KEVIN",31:45,17,0,3,4,7,5,5,0,1,1,3,0,1,0,1,2,4,15,6.0
2022,RS,30,269,1,P011051   ,1.0,0.0,PAR,9,"SMAILAGIC, ALEN",07:40,5,1,4,1,1,0,0,1,0,1,0,0,1,0,1,2,0,-1,-9.0
2022,RS,30,269,1,P005161   ,0.0,1.0,PAR,10,"PAPAPETROU, IOANNIS",15:22,10,2,3,2,5,0,0,0,3,3,2,1,1,0,0,1,0,10,10.0
2022,RS,30,269,1,P011302   ,0.0,1.0,PAR,11,"EXUM, DANTE",23:57,15,5,8,1,3,2,4,0,1,1,4,3,1,0,1,3,5,16,10.0
2022,RS,30,269,1,P007400   ,1.0,1.0,PAR,21,"NUNNALLY, JAMES",30:00,19,4,5,3,6,2,2,1,3,4,5,2,1,0,0,3,1,23,9.0
2022,RS,30,269,1,P003842   ,0.0,1.0,PAR,26,"LESSORT, MATHIAS",32:20,12,4,6,0,0,4,4,5,5,10,3,0,1,0,0,0,4,26,24.0
2022,RS,30,269,1,P007673   ,0.0,0.0,PAR,32,"TRIFUNOVIC, UROS",05:11,0,0,0,0,1,0,0,0,1,1,1,0,0,0,0,1,0,0,0.0
2022,RS,30,269,1,P000956   ,0.0,0.0,PAR,33,"ANDJUSIC, DANILO",DNP,0,0,0,0,0,0,0,0,0,0,0,0,0,0,0,0,0,0,0.0
2022,RS,30,269,1,P011052   ,1.0,0.0,PAR,41,"MADAR, YAM",14:54,4,1,4,0,2,2,2,0,0,0,3,2,1,0,1,2,2,2,3.0
2022,RS,30,269,1,Team,0.0,0.0,PAR,,Team,,0,0,0,0,0,0,0,1,2,3,0,0,0,0,0,0,0,3,
2022,RS,30,269,1,Total,,,PAR,,Total,200:00,90,19,35,12,29,16,18,9,22,31,22,8,10,0,4,19,21,104,
2022,RS,30,269,0,P008855   ,1.0,0.0,OLY,0,"WALKUP, THOMAS",19:03,8,4,4,0,4,0,0,0,2,2,9,2,0,1,0,3,2,17,4.0
2022,RS,30,269,0,P010612   ,1.0,0.0,OLY,3,"CANAAN, ISAIAH",12:48,4,2,2,0,2,0,0,0,1,1,0,1,3,0,0,4,1,-2,1.0
2022,RS,30,269,0,P006302   ,0.0,1.0,OLY,4,"LOUNTZIS, MICHALIS",02:57,0,0,0,0,0,0,0,0,1,1,0,0,0,0,0,0,0,1,0.0
2022,RS,30,269,0,P010392   ,0.0,0.0,OLY,5,"LARENTZAKIS, GIANNOULIS",09:01,2,1,1,0,3,0,0,0,1,1,0,0,0,0,0,3,0,-3,-12.0
2022,RS,30,269,0,P008811   ,1.0,0.0,OLY,10,"FALL, MOUSTAPHA",27:48,13,6,6,0,0,1,6,2,4,6,1,0,0,2,0,1,6,22,-5.0
2022,RS,30,269,0,P001926   ,0.0,0.0,OLY,11,"SLOUKAS, KOSTAS",19:40,8,3,5,0,1,2,2,0,1,1,3,0,7,0,0,0,2,4,-16.0
2022,RS,30,269,0,P003469   ,1.0,1.0,OLY,14,"VEZENKOV, SASHA",29:20,6,3,6,0,3,0,0,1,4,5,3,2,0,0,0,1,0,9,-7.0
2022,RS,30,269,0,P001255   ,1.0,1.0,OLY,16,"PAPANIKOLAOU, KOSTAS",31:24,9,2,4,1,2,2,2,1,4,5,3,0,1,0,0,3,1,11,-3.0
2022,RS,30,269,0,P009035   ,0.0,0.0,OLY,21,"BOLOMBOY, JOEL",04:07,0,0,0,0,0,0,0,2,0,2,1,0,2,0,0,2,0,-1,-3.0
2022,RS,30,269,0,P008829   ,0.0,0.0,OLY,25,"PETERS, ALEC",10:40,2,1,2,0,1,0,0,1,2,3,0,0,1,0,0,1,0,1,-8.0
2022,RS,30,269,0,P008991   ,0.0,1.0,OLY,28,"BLACK, TARIK",08:05,2,1,1,0,0,0,0,0,0,0,0,0,0,1,0,1,1,3,-7.0
2022,RS,30,269,0,P007853   ,0.0,1.0,OLY,77,"MCKISSIC, SHAQUIELLE",25:07,21,4,6,2,4,7,8,1,1,2,1,0,0,0,0,2,6,23,-19.0
2022,RS,30,269,0,Team,0.0,0.0,OLY,,Team,,0,0,0,0,0,0,0,1,2,3,0,0,1,0,0,0,0,2,
2022,RS,30,269,0,Total,,,OLY,,Total,200:00,75,27,37,3,20,12,18,9,23,32,21,5,15,4,0,21,19,87,
2022,RS,30,270,1,P011064   ,1.0,1.0,VIR,1,"MANNION, NICCOLO",23:09,4,2,7,0,3,0,0,0,3,3,5,1,1,0,1,3,1,1,-14.0
2022,RS,30,270,1,PBCN      ,0.0,1.0,VIR,3,"BELINELLI, MARCO",26:08,26,1,3,6,9,6,6,0,2,2,4,0,1,0,0,3,5,28,16.0
2022,RS,30,270,1,P004655   ,0.0,1.0,VIR,7,"BAKO, ISMAEL",25:48,9,1,3,0,0,7,7,2,1,3,1,3,0,0,1,3,3,13,14.0
2022,RS,30,270,1,P002581   ,1.0,0.0,VIR,14,"JAITEH, MAM",10:05,4,2,5,0,0,0,0,0,0,0,0,1,0,0,0,1,0,1,-22.0
2022,RS,30,270,1,P010781   ,1.0,0.0,VIR,19,"LUNDBERG, IFFE",13:52,0,0,1,0,2,0,0,0,1,1,1,0,1,0,0,2,0,-4,-33.0
2022,RS,30,270,1,P001133   ,1.0,0.0,VIR,21,"SHENGELIA, TORNIKE",24:56,10,2,5,1,1,3,3,0,6,6,3,0,2,0,1,2,3,14,-22.0
2022,RS,30,270,1,P001844   ,0.0,0.0,VIR,23,"HACKETT, DANIEL",16:20,5,0,2,1,4,2,2,0,1,1,4,1,2,0,1,4,4,3,2.0
2022,RS,30,270,1,P008847   ,0.0,1.0,VIR,25,"MICKEY, JORDAN",19:11,0,0,3,0,1,0,0,1,5,6,0,0,1,1,0,1,1,2,-4.0
2022,RS,30,270,1,P008108   ,0.0,0.0,VIR,29,"CAMARA, GORA",DNP,0,0,0,0,0,0,0,0,0,0,0,0,0,0,0,0,0,0,0.0
2022,RS,30,270,1,P006592   ,1.0,0.0,VIR,34,"WEEMS, KYLE",14:58,3,0,1,1,4,0,0,0,1,1,0,1,0,0,0,2,0,-1,-28.0
2022,RS,30,270,1,P011982   ,0.0,0.0,VIR,37,"OJELEYE, SEMI",17:15,18,3,4,4,5,0,0,0,1,1,1,0,1,0,1,2,0,14,8.0
2022,RS,30,270,1,P003527   ,0.0,1.0,VIR,55,"ABASS, AWUDU",08:18,0,0,1,0,0,0,0,0,2,2,0,0,1,0,0,2,0,-2,-2.0
2022,RS,30,270,1,Team,0.0,0.0,VIR,,Team,,0,0,0,0,0,0,0,5,1,6,0,0,0,0,0,0,0,6,
2022,RS,30,270,1,Total,,,VIR,,Total,200:00,79,11,35,13,29,18,18,8,24,32,19,7,10,1,5,25,17,75,
2022,RS,30,270,0,P001392   ,0.0,0.0,MAD,1,"CAUSEUR, FABIEN",DNP,0,0,0,0,0,0,0,0,0,0,0,0,0,0,0,0,0,0,0.0
2022,RS,30,270,0,PBMT      ,0.0,0.0,MAD,5,"FERNANDEZ, RUDY",16:29,6,0,0,2,4,0,0,0,3,3,2,2,1,1,0,0,1,12,20.0
2022,RS,30,270,0,P003733   ,0.0,1.0,MAD,6,"ABALDE, ALBERTO",14:25,7,1,3,1,2,2,2,0,2,2,1,0,1,0,0,2,1,5,-11.0
2022,RS,30,270,0,P005099   ,1.0,0.0,MAD,8,"HANGA, ADAM",12:34,2,1,5,0,0,0,0,1,1,2,1,1,2,1,0,3,3,1,-2.0
2022,RS,30,270,0,P003108   ,0.0,1.0,MAD,11,"HEZONJA, MARIO",24:41,26,1,3,8,11,0,1,0,2,2,0,2,2,1,1,0,2,24,6.0
2022,RS,30,270,0,PCVM      ,0.0,1.0,MAD,13,"RODRIGUEZ, SERGIO",20:21,4,2,2,0,2,0,0,0,1,1,5,0,2,0,0,2,1,5,11.0
2022,RS,30,270,0,P009005   ,1.0,0.0,MAD,14,"DECK, GABRIEL",16:11,11,4,6,0,0,3,7,1,3,4,0,0,0,0,0,1,5,13,16.0
2022,RS,30,270,0,P004887   ,0.0,1.0,MAD,17,"POIRIER, VINCENT",11:43,2,1,3,0,0,0,0,0,3,3,1,0,0,0,0,1,0,3,-7.0
2022,RS,30,270,0,P004790   ,0.0,1.0,MAD,21,"CORNELIE, PETR",06:56,0,0,0,0,1,0,0,0,2,2,1,0,0,0,0,3,0,-1,-2.0
2022,RS,30,270,0,P005791   ,1.0,0.0,MAD,22,"TAVARES, WALTER",28:17,6,1,2,0,0,4,6,3,5,8,3,2,0,2,0,3,4,19,24.0
2022,RS,30,270,0,P010357   ,1.0,0.0,MAD,28,"YABUSELE, GUERSCHON",33:04,24,6,6,4,7,0,0,1,5,6,3,0,0,0,0,1,1,30,19.0
2022,RS,30,270,0,P006540   ,1.0,0.0,MAD,31,"MUSA, DZANAN",15:19,8,1,2,0,3,6,10,1,3,4,1,0,2,0,0,2,6,7,11.0
2022,RS,30,270,0,Team,0.0,0.0,MAD,,Team,,0,0,0,0,0,0,0,2,1,3,0,0,0,0,0,0,0,3,
2022,RS,30,270,0,Total,,,MAD,,Total,200:00,96,18,32,15,30,15,26,9,31,40,18,7,10,5,1,18,24,121,
2022,RS,31,271,1,P007200   ,0.0,0.0,IST,0,"LARKIN, SHANE",30:08,18,3,5,4,8,0,0,1,0,1,5,0,2,0,1,0,1,16,26.0
2022,RS,31,271,1,P006590   ,1.0,0.0,IST,1,"BEAUBOIS, RODRIGUE",25:19,12,4,7,1,2,1,1,0,2,2,2,1,2,2,1,4,2,10,9.0
2022,RS,31,271,1,P006614   ,0.0,0.0,IST,2,"SINGLETON, CHRIS",DNP,0,0,0,0,0,0,0,0,0,0,0,0,0,0,0,0,0,0,0.0
2022,RS,31,271,1,P009846   ,1.0,1.0,IST,6,"BRYANT, ELIJAH",24:55,12,1,3,2,3,4,4,3,4,7,3,2,3,1,0,3,3,19,10.0
2022,RS,31,271,1,P010516   ,0.0,1.0,IST,11,"GAZI, ERTEN",10:39,0,0,0,0,2,0,0,1,1,2,1,1,0,0,0,2,1,1,5.0
2022,RS,31,271,1,P004888   ,1.0,0.0,IST,12,"CLYBURN, WILL",31:48,16,1,2,4,6,2,2,0,3,3,2,5,2,0,0,0,4,25,23.0
2022,RS,31,271,1,P005348   ,0.0,1.0,IST,18,"ARNA, EGEHAN",01:35,0,0,0,0,0,0,0,0,0,0,0,0,0,0,0,0,0,0,-3.0
2022,RS,31,271,1,P002925   ,0.0,0.0,IST,19,"TUNCER, BUGRAHAN",DNP,0,0,0,0,0,0,0,0,0,0,0,0,0,0,0,0,0,0,0.0
2022,RS,31,271,1,PLHK      ,1.0,1.0,IST,21,"PLEISS, TIBOR",28:47,8,3,4,0,2,2,2,1,1,2,4,0,0,0,0,0,2,13,21.0
2022,RS,31,271,1,P002580   ,1.0,0.0,IST,22,"MICIC, VASILIJE",27:13,15,1,3,3,8,4,4,0,6,6,2,1,0,0,1,4,7,19,13.0
2022,RS,31,271,1,P007993   ,0.0,1.0,IST,24,"M'BAYE, AMATH",08:23,2,0,0,0,0,2,2,0,1,1,0,0,0,0,0,2,1,2,-3.0
2022,RS,31,271,1,P004554   ,0.0,0.0,IST,41,"ZIZIC, ANTE",11:13,6,3,7,0,0,0,0,3,1,4,0,0,0,0,1,0,0,5,-1.0
2022,RS,31,271,1,Team,0.0,0.0,IST,,Team,,0,0,0,0,0,0,0,3,1,4,0,0,0,0,0,0,0,4,
2022,RS,31,271,1,Total,,,IST,,Total,200:00,89,16,31,14,31,15,15,12,20,32,19,10,9,3,4,15,21,114,
2022,RS,31,271,0,P007870   ,0.0,0.0,MIL,0,"DAVIES, BRANDON",18:41,9,4,4,0,0,1,2,1,1,2,4,0,2,1,0,3,1,11,-4.0
2022,RS,31,271,0,P005094   ,0.0,0.0,MIL,1,"THOMAS, DESHAUN",01:30,0,0,0,0,0,0,0,0,0,0,0,0,0,0,0,0,0,0,-2.0
2022,RS,31,271,0,P012080   ,0.0,1.0,MIL,2,"LUWAWU-CABARROT, TIMOTHE",24:10,19,5,9,3,6,0,0,1,5,6,2,1,1,1,0,3,0,18,-14.0
2022,RS,31,271,0,P011965   ,0.0,1.0,MIL,3,"MITROU-LONG, NAZ",12:14,2,0,0,0,0,2,2,0,0,0,0,0,1,0,0,1,2,2,-9.0
2022,RS,31,271,0,P006509   ,1.0,1.0,MIL,7,"TONUT, STEFANO",13:58,2,0,1,0,0,2,2,0,2,2,3,0,2,0,1,1,1,3,-10.0
2022,RS,31,271,0,P002849   ,1.0,0.0,MIL,9,"MELLI, NICOLO",20:55,5,2,4,0,0,1,1,0,3,3,1,0,2,0,0,1,3,7,-10.0
2022,RS,31,271,0,P005775   ,0.0,0.0,MIL,12,"BARON, BILLY",20:37,3,0,0,1,4,0,0,0,0,0,3,1,1,1,0,1,0,3,-12.0
2022,RS,31,271,0,P011224   ,1.0,0.0,MIL,13,"NAPIER, SHABAZZ",23:41,6,0,2,2,4,0,0,0,1,1,4,0,3,0,0,2,4,6,-7.0
2022,RS,31,271,0,P001518   ,0.0,0.0,MIL,17,"RICCI, GIAMPAOLO",00:22,0,0,0,0,0,0,0,0,0,0,0,0,0,0,0,0,0,0,0.0
2022,RS,31,271,0,P007831   ,1.0,0.0,MIL,31,"SHIELDS, SHAVON",25:20,5,0,4,1,2,2,2,0,2,2,0,0,0,0,2,5,4,-1,-8.0
2022,RS,31,271,0,P002812   ,0.0,1.0,MIL,42,"HINES, KYLE",19:17,6,3,3,0,0,0,0,1,1,2,2,1,0,1,0,2,0,10,-17.0
2022,RS,31,271,0,P007201   ,1.0,1.0,MIL,77,"VOIGTMANN, JOHANNES",19:15,12,0,2,4,6,0,0,2,2,4,3,0,3,0,0,2,0,10,-7.0
2022,RS,31,271,0,Team,0.0,0.0,MIL,,Team,,0,0,0,0,0,0,0,0,2,2,0,0,2,0,0,0,0,0,
2022,RS,31,271,0,Total,,,MIL,,Total,200:00,69,14,29,11,22,8,9,5,19,24,22,3,17,4,3,21,15,69,
2022,RS,31,272,1,P011209   ,0.0,0.0,PAN,0,"KALAITZAKIS, PANAGIOTIS",09:31,4,0,1,1,1,1,4,1,1,2,0,1,0,0,0,3,4,4,-1.0
2022,RS,31,272,1,P011225   ,1.0,1.0,PAN,5,"LEE, PARIS",30:58,10,0,5,2,3,4,7,1,1,2,11,2,3,0,1,3,4,13,11.0
2022,RS,31,272,1,P005844   ,1.0,1.0,PAN,6,"PAPAGIANNIS, GEORGIOS",28:11,24,7,7,3,3,1,1,0,11,11,1,0,1,3,0,1,3,40,17.0
2022,RS,31,272,1,P003240   ,0.0,0.0,PAN,7,"BOCHORIDIS, ELEFTHERIOS",09:02,2,1,3,0,0,0,1,0,1,1,0,1,0,0,0,1,2,2,-1.0
2022,RS,31,272,1,P009006   ,1.0,0.0,PAN,8,"WILLIAMS, DERRICK",18:58,5,1,1,1,4,0,0,0,0,0,1,2,3,0,0,0,1,3,2.0
2022,RS,31,272,1,P000464   ,0.0,0.0,PAN,11,"PAPPAS, NIKOS",DNP,0,0,0,0,0,0,0,0,0,0,0,0,0,0,0,0,0,0,0.0
2022,RS,31,272,1,P006586   ,0.0,0.0,PAN,16,"KALAITZAKIS, GEORGIOS",06:50,4,1,1,0,0,2,2,1,1,2,0,0,0,0,0,1,1,6,0.0
2022,RS,31,272,1,P008967   ,1.0,1.0,PAN,17,"THOMAS, MATT",24:28,12,1,1,3,5,1,1,1,1,2,1,0,0,0,0,3,2,12,5.0
2022,RS,31,272,1,P011286   ,1.0,1.0,PAN,24,"BACON, DWAYNE",19:05,4,1,2,0,2,2,2,0,1,1,3,1,0,0,0,4,2,4,8.0
2022,RS,31,272,1,P002328   ,0.0,0.0,PAN,40,"GRIGONIS, MARIUS",20:14,8,1,3,1,3,3,5,0,0,0,3,1,2,0,0,1,5,8,5.0
2022,RS,31,272,1,P008084   ,0.0,1.0,PAN,72,"MANTZOUKAS, ELEFTHERIOS",21:02,8,1,2,2,2,0,0,0,2,2,0,0,2,0,0,2,0,5,8.0
2022,RS,31,272,1,P003120   ,0.0,0.0,PAN,77,"GUDAITIS, ARTURAS",11:41,5,2,4,0,0,1,2,2,0,2,1,0,1,0,0,2,1,3,-4.0
2022,RS,31,272,1,Team,0.0,0.0,PAN,,Team,,0,0,0,0,0,0,0,0,2,2,0,0,0,0,0,0,0,2,
2022,RS,31,272,1,Total,,,PAN,,Total,200:00,86,16,30,13,23,15,25,6,21,27,21,8,12,3,1,21,25,102,
2022,RS,31,272,0,P010391   ,1.0,1.0,MUN,0,"WEILER-BABB, NICK",24:05,12,2,4,2,4,2,2,1,1,2,4,1,1,0,0,3,2,13,-2.0
2022,RS,31,272,0,P009866   ,0.0,1.0,MUN,2,"WALDEN, COREY",21:55,8,0,2,2,5,2,2,1,1,2,3,2,4,0,0,1,5,10,-5.0
2022,RS,31,272,0,P004862   ,0.0,0.0,MUN,4,"SEELEY, DENNIS",13:00,9,2,4,0,4,5,5,0,0,0,0,0,1,0,1,4,2,-1,-4.0
2022,RS,31,272,0,P001557   ,0.0,1.0,MUN,7,"GIFFEY, NIELS",17:35,7,3,4,0,2,1,1,1,2,3,1,0,0,0,0,2,1,7,-6.0
2022,RS,31,272,0,P006760   ,1.0,0.0,MUN,9,"BONGA, ISAAC",18:18,5,1,2,1,3,0,0,0,2,2,0,1,0,0,0,4,0,1,-9.0
2022,RS,31,272,0,P001288   ,0.0,0.0,MUN,11,"LUCIC, VLADIMIR",18:44,6,2,3,0,1,2,2,2,4,6,0,1,1,0,1,1,2,10,-5.0
2022,RS,31,272,0,P004508   ,1.0,0.0,MUN,13,"OBST, ANDREAS",24:07,12,0,0,4,9,0,0,1,2,3,6,0,4,0,0,0,1,13,-3.0
2022,RS,31,272,0,P005056   ,0.0,1.0,MUN,16,"ZIPSER, PAUL",09:14,3,0,0,1,2,0,0,0,1,1,0,0,0,0,0,0,0,3,1.0
2022,RS,31,272,0,P005478   ,1.0,0.0,MUN,17,"WIMBERG, NIKLAS",15:08,3,0,1,1,1,0,0,2,1,3,2,0,0,0,0,3,1,5,-3.0
2022,RS,31,272,0,P011941   ,0.0,0.0,MUN,33,"GILLESPIE, FREDDIE",14:30,0,0,1,0,0,0,0,0,3,3,0,1,2,0,0,4,3,0,3.0
2022,RS,31,272,0,P012406   ,1.0,1.0,MUN,45,"CHEATHAM, ZYLAN ANTHONY",23:24,11,4,6,0,1,3,4,1,6,7,1,0,2,1,1,3,4,14,-17.0
2022,RS,31,272,0,Team,0.0,0.0,MUN,,Team,,0,0,0,0,0,0,0,3,1,4,0,0,2,0,0,0,0,2,
2022,RS,31,272,0,Total,,,MUN,,Total,200:00,76,14,27,11,32,15,16,12,24,36,17,6,17,1,3,25,21,77,
2022,RS,31,273,1,P009622   ,1.0,0.0,TEL,4,"BROWN, LORENZO",22:58,14,4,5,2,4,0,0,1,2,3,8,2,0,0,0,2,1,23,24.0
2022,RS,31,273,1,P009863   ,1.0,0.0,TEL,5,"BALDWIN IV, WADE",18:57,14,3,4,2,4,2,2,0,3,3,7,2,1,1,0,2,2,23,22.0
2022,RS,31,273,1,P011967   ,0.0,0.0,TEL,6,"MARTIN, JARELL",17:22,10,3,5,1,2,1,1,0,2,2,1,0,0,0,0,1,1,10,7.0
2022,RS,31,273,1,P004233   ,0.0,1.0,TEL,8,"MENCO, RAFI",08:35,3,0,1,1,1,0,0,1,0,1,1,0,0,0,0,1,0,3,-3.0
2022,RS,31,273,1,P011219   ,0.0,1.0,TEL,9,"SORKIN, ROMAN",15:33,13,5,7,0,0,3,4,2,1,3,2,0,0,0,0,0,3,18,-3.0
2022,RS,31,273,1,P007990   ,0.0,0.0,TEL,12,"DIBARTOLOMEO, JOHN",15:24,2,0,0,0,2,2,2,0,2,2,1,0,0,0,1,0,1,3,11.0
2022,RS,31,273,1,P008989   ,0.0,1.0,TEL,13,"HILLIARD, DARRUN",23:19,16,0,0,5,9,1,1,1,3,4,5,1,3,0,1,3,2,17,3.0
2022,RS,31,273,1,P005145   ,1.0,0.0,TEL,15,"COHEN, JAKE",20:56,9,2,3,1,2,2,2,1,0,1,5,0,1,1,0,3,2,12,28.0
2022,RS,31,273,1,P012203   ,0.0,1.0,TEL,17,"BRAIMOH, SULEIMAN",08:35,5,2,2,0,0,1,1,2,1,3,2,2,0,0,0,0,2,14,-3.0
2022,RS,31,273,1,P011199   ,1.0,0.0,TEL,32,"NEBO, JOSH",17:28,12,5,6,0,0,2,2,0,3,3,4,1,0,0,0,1,1,19,34.0
2022,RS,31,273,1,P011220   ,0.0,1.0,TEL,33,"ZIV, IFTAH",12:22,2,1,2,0,4,0,0,0,0,0,2,0,1,0,0,3,1,-4,4.0
2022,RS,31,273,1,P009783   ,1.0,0.0,TEL,50,"COLSON, BONZIE",18:31,11,1,2,3,4,0,0,1,3,4,0,0,0,0,0,1,0,12,31.0
2022,RS,31,273,1,Team,0.0,0.0,TEL,,Team,,0,0,0,0,0,0,0,1,2,3,0,0,0,0,0,0,0,3,
2022,RS,31,273,1,Total,,,TEL,,Total,200:00,111,26,37,15,32,14,15,10,22,32,38,8,6,2,2,17,16,153,
2022,RS,31,273,0,P011064   ,0.0,1.0,VIR,1,"MANNION, NICCOLO",23:47,7,2,4,1,4,0,0,0,2,2,7,1,2,0,0,1,1,10,-14.0
2022,RS,31,273,0,PBCN      ,0.0,0.0,VIR,3,"BELINELLI, MARCO",18:02,8,1,1,1,3,3,3,0,0,0,1,1,1,0,0,4,1,4,-1.0
2022,RS,31,273,0,P004655   ,0.0,1.0,VIR,7,"BAKO, ISMAEL",16:57,6,2,3,0,0,2,2,0,3,3,0,0,0,2,0,3,1,8,-5.0
2022,RS,31,273,0,P002581   ,1.0,0.0,VIR,14,"JAITEH, MAM",15:50,2,1,3,0,0,0,0,1,3,4,1,0,0,0,0,0,1,6,-21.0
2022,RS,31,273,0,P010781   ,1.0,0.0,VIR,19,"LUNDBERG, IFFE",12:19,5,1,3,1,2,0,0,1,1,2,1,0,1,0,0,2,0,2,-25.0
2022,RS,31,273,0,P001133   ,1.0,0.0,VIR,21,"SHENGELIA, TORNIKE",20:37,5,2,4,0,0,1,2,0,2,2,2,1,1,0,0,2,3,7,-31.0
2022,RS,31,273,0,P001844   ,1.0,0.0,VIR,23,"HACKETT, DANIEL",19:14,7,1,1,1,3,2,2,0,3,3,4,0,4,0,0,0,2,10,-26.0
2022,RS,31,273,0,P008847   ,0.0,1.0,VIR,25,"MICKEY, JORDAN",15:43,7,2,3,1,1,0,2,0,1,1,1,1,1,0,1,1,3,7,-9.0
2022,RS,31,273,0,P008108   ,0.0,1.0,VIR,29,"CAMARA, GORA",02:50,0,0,0,0,0,0,0,0,0,0,0,0,0,0,0,0,0,0,5.0
2022,RS,31,273,0,P006592   ,0.0,1.0,VIR,34,"WEEMS, KYLE",19:34,4,2,3,0,2,0,0,0,3,3,1,0,2,0,0,2,1,2,-8.0
2022,RS,31,273,0,P011982   ,1.0,0.0,VIR,37,"OJELEYE, SEMI",23:50,16,2,6,2,3,6,6,2,1,3,2,1,2,0,1,1,3,16,-27.0
2022,RS,31,273,0,P003527   ,0.0,0.0,VIR,55,"ABASS, AWUDU",11:17,13,3,3,2,4,1,1,0,0,0,0,1,0,0,0,0,1,13,7.0
2022,RS,31,273,0,Team,0.0,0.0,VIR,,Team,,0,0,0,0,0,0,0,3,1,4,0,0,2,0,0,0,0,2,
2022,RS,31,273,0,Total,,,VIR,,Total,200:00,80,19,34,9,22,15,18,7,20,27,20,6,16,2,2,16,17,87,
2022,RS,31,274,1,P009212   ,0.0,0.0,PAR,1,"VUKCEVIC, TRISTAN",DNP,0,0,0,0,0,0,0,0,0,0,0,0,0,0,0,0,0,0,0.0
2022,RS,31,274,1,P008987   ,1.0,1.0,PAR,2,"LEDAY, ZACH",34:40,10,4,8,0,1,2,2,1,4,5,0,2,0,0,0,2,2,12,-13.0
2022,RS,31,274,1,P003983   ,0.0,0.0,PAR,4,"AVRAMOVIC, ALEKSA",15:38,6,3,4,0,1,0,0,0,2,2,1,1,0,0,0,5,1,4,9.0
2022,RS,31,274,1,P009862   ,1.0,1.0,PAR,7,"PUNTER, KEVIN",26:54,16,5,11,1,6,3,3,0,2,2,2,0,0,1,1,3,3,9,-9.0
2022,RS,31,274,1,P011051   ,0.0,0.0,PAR,9,"SMAILAGIC, ALEN",11:45,6,1,2,1,4,1,2,2,0,2,0,1,1,0,0,2,2,3,-5.0
2022,RS,31,274,1,P005161   ,0.0,0.0,PAR,10,"PAPAPETROU, IOANNIS",20:50,2,1,4,0,0,0,0,0,0,0,1,0,0,0,0,2,2,0,4.0
2022,RS,31,274,1,P011302   ,0.0,1.0,PAR,11,"EXUM, DANTE",27:37,24,4,6,3,5,7,8,1,0,1,0,0,1,0,0,2,8,25,4.0
2022,RS,31,274,1,P007400   ,1.0,0.0,PAR,21,"NUNNALLY, JAMES",14:14,5,1,3,1,2,0,0,0,0,0,1,2,1,0,0,1,1,4,-11.0
2022,RS,31,274,1,P003842   ,1.0,1.0,PAR,26,"LESSORT, MATHIAS",30:04,5,2,3,0,0,1,2,3,3,6,0,0,0,0,0,3,2,8,-7.0
2022,RS,31,274,1,P007673   ,0.0,0.0,PAR,32,"TRIFUNOVIC, UROS",04:26,0,0,0,0,0,0,0,0,1,1,0,0,0,0,0,1,0,0,-2.0
2022,RS,31,274,1,P000956   ,0.0,0.0,PAR,33,"ANDJUSIC, DANILO",DNP,0,0,0,0,0,0,0,0,0,0,0,0,0,0,0,0,0,0,0.0
2022,RS,31,274,1,P011052   ,1.0,1.0,PAR,41,"MADAR, YAM",13:52,6,3,6,0,0,0,0,1,1,2,0,0,0,1,1,1,2,6,-15.0
2022,RS,31,274,1,Team,0.0,0.0,PAR,,Team,,0,0,0,0,0,0,0,1,2,3,0,0,0,0,0,0,0,3,
2022,RS,31,274,1,Total,,,PAR,,Total,200:00,80,24,47,6,19,14,17,9,15,24,5,6,3,2,2,22,23,74,
2022,RS,31,274,0,P011244   ,0.0,1.0,BAR,1,"DA SILVA, OSCAR",02:10,0,0,0,0,1,0,0,0,0,0,0,0,0,0,0,1,0,-2,0.0
2022,RS,31,274,0,P002968   ,0.0,0.0,BAR,5,"SANLI, SERTAC",15:41,2,1,1,0,0,0,0,1,2,3,1,0,1,0,0,3,0,2,-12.0
2022,RS,31,274,0,P000925   ,1.0,1.0,BAR,6,"VESELY, JAN",24:19,14,7,10,0,0,0,0,1,5,6,4,0,1,1,1,4,0,16,21.0
2022,RS,31,274,0,P004866   ,0.0,0.0,BAR,10,"KALINIC, NIKOLA",14:32,4,1,3,0,0,2,2,0,1,1,1,0,0,0,0,0,2,6,-17.0
2022,RS,31,274,0,P002939   ,1.0,1.0,BAR,13,"SATORANSKY, TOMAS",21:47,10,2,5,2,2,0,0,0,3,3,5,0,0,0,1,3,1,12,17.0
2022,RS,31,274,0,P006435   ,1.0,0.0,BAR,20,"LAPROVITTOLA, NICOLAS",33:07,25,1,2,4,5,11,13,0,0,0,7,0,2,0,0,2,8,32,16.0
2022,RS,31,274,0,P003478   ,1.0,1.0,BAR,21,"ABRINES, ALEX",25:28,5,1,2,1,2,0,0,1,2,3,1,0,1,0,0,4,1,3,26.0
2022,RS,31,274,0,P006450   ,0.0,0.0,BAR,22,"HIGGINS, CORY",15:07,5,1,2,1,3,0,0,1,0,1,0,0,4,0,0,3,1,-3,-5.0
2022,RS,31,274,0,P008966   ,0.0,0.0,BAR,23,"TOBEY, MIKE",06:39,3,0,0,1,1,0,0,0,2,2,1,0,1,0,0,1,0,4,-7.0
2022,RS,31,274,0,P005789   ,0.0,0.0,BAR,24,"KURIC, KYLE",DNP,0,0,0,0,0,0,0,0,0,0,0,0,0,0,0,0,0,0,0.0
2022,RS,31,274,0,P007519   ,0.0,1.0,BAR,31,"JOKUBAITIS, ROKAS",09:59,2,0,1,0,0,2,2,1,1,2,4,0,1,0,0,0,2,8,-10.0
2022,RS,31,274,0,P000796   ,1.0,0.0,BAR,33,"MIROTIC, NIKOLA",31:11,19,4,5,2,4,5,6,2,6,8,1,1,3,1,0,3,7,27,16.0
2022,RS,31,274,0,Team,0.0,0.0,BAR,,Team,,0,0,0,0,0,0,0,1,4,5,0,0,0,0,0,0,0,5,
2022,RS,31,274,0,Total,,,BAR,,Total,200:00,89,18,31,11,18,20,23,8,26,34,25,1,14,2,2,24,22,110,
2022,RS,31,275,1,P011948   ,1.0,0.0,BAS,0,"HOWARD, MARKUS",17:59,11,1,5,1,5,6,6,1,1,2,0,0,1,0,1,1,3,5,-1.0
2022,RS,31,275,1,P012259   ,0.0,0.0,BAS,1,"HEIDEGGER, MAX",03:04,0,0,0,0,1,0,0,0,0,0,0,0,0,0,0,1,0,-2,-13.0
2022,RS,31,275,1,P008850   ,0.0,1.0,BAS,2,"RAIESTE, SANDER",04:47,0,0,0,0,0,0,0,0,1,1,0,0,0,0,0,0,0,1,-11.0
2022,RS,31,275,1,P004761   ,0.0,1.0,BAS,9,"MARINKOVIC, VANJA",26:19,15,3,4,2,4,3,6,1,1,2,1,2,1,0,1,3,5,14,4.0
2022,RS,31,275,1,P003198   ,0.0,0.0,BAS,11,"DIEZ, DANIEL",DNP,0,0,0,0,0,0,0,0,0,0,0,0,0,0,0,0,0,0,0.0
2022,RS,31,275,1,P011078   ,1.0,0.0,BAS,13,"THOMPSON, DARIUS",34:21,21,4,7,2,3,7,8,2,2,4,11,4,3,1,1,1,7,38,22.0
2022,RS,31,275,1,P004603   ,1.0,0.0,BAS,21,"KOTSAR, MAIK",29:56,23,9,11,0,0,5,6,3,7,10,3,2,2,2,0,1,6,40,18.0
2022,RS,31,275,1,P011239   ,0.0,0.0,BAS,23,"ENOCH, STEVEN",05:26,0,0,2,0,0,0,0,0,0,0,0,0,1,0,0,1,1,-3,-17.0
2022,RS,31,275,1,P010444   ,0.0,1.0,BAS,24,"COSTELLO, MATTHEW",20:28,9,3,3,0,4,3,4,1,1,2,0,2,0,1,0,3,2,8,-10.0
2022,RS,31,275,1,P006436   ,1.0,1.0,BAS,31,"GIEDRAITIS, ROKAS",33:02,9,3,6,1,5,0,0,2,6,8,1,0,0,0,0,2,1,10,15.0
2022,RS,31,275,1,P011949   ,1.0,1.0,BAS,34,"HOMMES, DAULTON",24:10,5,1,1,1,2,0,0,0,4,4,5,0,2,1,0,3,1,10,21.0
2022,RS,31,275,1,P007265   ,0.0,0.0,BAS,47,"KURUCS, ARTURS",00:28,0,0,0,0,0,0,0,0,0,0,0,0,0,0,0,0,0,0,2.0
2022,RS,31,275,1,Team,0.0,0.0,BAS,,Team,,0,0,0,0,0,0,0,3,1,4,0,0,0,0,0,0,0,4,
2022,RS,31,275,1,Total,,,BAS,,Total,200:00,93,24,39,7,24,24,30,13,24,37,21,10,10,5,3,16,26,125,
2022,RS,31,275,0,P007032   ,1.0,1.0,BER,0,"LO, MAODO",25:01,15,3,7,3,5,0,0,1,3,4,4,0,2,0,1,3,2,13,11.0
2022,RS,31,275,0,P008384   ,0.0,1.0,BER,1,"PROCIDA, GABRIELE",17:24,11,3,4,1,4,2,2,1,2,3,0,0,0,0,1,2,1,8,13.0
2022,RS,31,275,0,P011192   ,1.0,1.0,BER,3,"SMITH, JALEEN",24:58,10,2,4,1,6,3,3,0,1,1,3,2,1,0,1,3,2,6,-10.0
2022,RS,31,275,0,P011934   ,0.0,0.0,BER,7,"WETZELL, YANNI",15:57,13,5,8,0,0,3,3,5,3,8,2,1,1,2,1,3,3,21,-9.0
2022,RS,31,275,0,P007025   ,0.0,0.0,BER,9,"MATTISSECK, JONAS",14:04,0,0,1,0,3,0,0,1,2,3,0,0,2,0,0,1,1,-3,8.0
2022,RS,31,275,0,P006251   ,0.0,0.0,BER,10,"SCHNEIDER, TIM",03:02,0,0,0,0,1,0,0,0,0,0,0,1,0,0,0,0,0,0,-2.0
2022,RS,31,275,0,P006919   ,1.0,0.0,BER,19,"OLINDE, LOUIS",22:36,10,2,2,2,6,0,0,0,0,0,0,0,1,0,1,2,1,3,-19.0
2022,RS,31,275,0,P010791   ,0.0,0.0,BER,21,"KOUMADJE, CHRIST",15:58,2,1,2,0,0,0,0,2,2,4,1,1,0,1,0,3,0,5,8.0
2022,RS,31,275,0,P003958   ,0.0,0.0,BER,32,"THIEMANN, JOHANNES",14:05,2,1,2,0,2,0,1,2,2,4,1,0,1,0,0,0,5,7,7.0
2022,RS,31,275,0,P006589   ,1.0,1.0,BER,43,"SIKMA, LUKE",22:53,10,3,5,1,2,1,2,1,4,5,6,1,0,0,0,3,1,16,-11.0
2022,RS,31,275,0,P010385   ,1.0,0.0,BER,44,"LAMMERS, BEN",07:08,3,0,1,1,1,0,0,0,0,0,0,0,1,0,0,4,0,-3,-5.0
2022,RS,31,275,0,P011193   ,0.0,1.0,BER,45,"BLATT, TAMIR",16:54,11,1,2,3,3,0,0,0,0,0,4,0,4,0,0,2,0,8,-21.0
2022,RS,31,275,0,Team,0.0,0.0,BER,,Team,,0,0,0,0,0,0,0,2,2,4,0,0,1,0,0,0,0,3,
2022,RS,31,275,0,Total,,,BER,,Total,200:00,87,21,38,12,33,9,11,15,21,36,21,6,14,3,5,26,16,84,
2022,RS,31,276,1,P004267   ,0.0,0.0,RED,0,"HOLLAND, JOHN",11:47,6,0,0,2,2,0,0,0,1,1,0,1,0,0,0,2,1,7,5.0
2022,RS,31,276,1,P007947   ,1.0,0.0,RED,1,"VILDOZA, LUCA",21:54,9,0,2,3,4,0,1,0,3,3,7,1,3,0,0,2,0,11,10.0
2022,RS,31,276,1,P004720   ,1.0,0.0,RED,2,"LAZAREVIC, STEFAN",03:43,0,0,1,0,0,0,0,2,0,2,0,0,0,0,0,3,0,-2,6.0
2022,RS,31,276,1,P005928   ,1.0,0.0,RED,7,"CAMPAZZO, FACUNDO",27:38,15,3,5,1,5,6,6,0,2,2,7,3,4,0,0,3,8,22,18.0
2022,RS,31,276,1,P002553   ,0.0,1.0,RED,9,"MITROVIC, LUKA",21:19,6,2,2,0,0,2,4,0,4,4,1,1,1,1,0,2,2,10,15.0
2022,RS,31,276,1,P009540   ,1.0,0.0,RED,12,"MARTIN, HASSAN",18:41,7,3,5,0,0,1,1,1,3,4,1,2,0,0,0,1,1,12,4.0
2022,RS,31,276,1,P004007   ,0.0,1.0,RED,13,"DOBRIC, OGNJEN",27:10,16,5,7,2,7,0,0,0,0,0,2,0,0,0,0,2,2,11,6.0
2022,RS,31,276,1,P003332   ,0.0,1.0,RED,20,"IVANOVIC, NIKOLA",08:44,3,1,1,0,1,1,2,0,0,0,1,0,0,0,0,0,2,4,2.0
2022,RS,31,276,1,PLME      ,0.0,1.0,RED,27,"MARKOVIC, STEFAN",20:00,0,0,0,0,0,0,0,0,2,2,0,2,1,0,0,4,0,-1,11.0
2022,RS,31,276,1,P003479   ,0.0,0.0,RED,32,"KUZMIC, OGNJEN",DNP,0,0,0,0,0,0,0,0,0,0,0,0,0,0,0,0,0,0,0.0
2022,RS,31,276,1,P011194   ,1.0,1.0,RED,33,"PETRUSEV, FILIP",26:54,20,5,6,2,4,4,6,4,3,7,0,1,1,1,0,2,5,26,13.0
2022,RS,31,276,1,P009818   ,0.0,0.0,RED,50,"BENTIL, BENJAMIN",12:10,10,4,6,0,0,2,4,2,0,2,1,0,0,0,0,0,5,14,5.0
2022,RS,31,276,1,Team,0.0,0.0,RED,,Team,,0,0,0,0,0,0,0,1,2,3,0,0,1,0,0,0,0,2,
2022,RS,31,276,1,Total,,,RED,,Total,200:00,92,23,35,10,23,16,24,10,20,30,20,11,11,2,0,21,26,116,
2022,RS,31,276,0,P011970   ,0.0,1.0,PAM,0,"HARPER, JARED",23:42,12,2,4,1,3,5,5,0,1,1,2,0,4,0,0,3,5,9,-10.0
2022,RS,31,276,0,P000556   ,1.0,0.0,PAM,1,"CLAVER, VICTOR",21:48,10,2,2,2,3,0,0,1,2,3,0,0,0,0,0,2,2,12,-8.0
2022,RS,31,276,0,P006643   ,1.0,0.0,PAM,2,"PUERTO, JOSEP",16:28,2,1,2,0,1,0,0,1,1,2,1,0,0,0,0,3,1,1,-6.0
2022,RS,31,276,0,P010393   ,0.0,0.0,PAM,4,"PRADILLA, JAIME",09:45,2,1,2,0,1,0,0,1,1,2,1,0,3,0,0,0,0,0,-11.0
2022,RS,31,276,0,P011971   ,0.0,1.0,PAM,5,"WEBB III, JAMES",14:44,3,0,0,1,1,0,0,0,3,3,0,0,1,0,0,4,0,1,-5.0
2022,RS,31,276,0,P005356   ,0.0,1.0,PAM,6,"LOPEZ-AROSTEGUI, XABI",16:59,10,1,1,2,3,2,2,2,3,5,1,0,2,0,0,2,2,13,-14.0
2022,RS,31,276,0,P010568   ,1.0,0.0,PAM,7,"JONES, CHRIS",25:04,12,1,3,2,5,4,4,0,2,2,5,2,3,0,0,2,5,16,-10.0
2022,RS,31,276,0,P011972   ,1.0,1.0,PAM,12,"RADEBAUGH, JONAH",22:16,14,4,4,2,6,0,0,0,0,0,3,1,1,0,1,2,0,10,-10.0
2022,RS,31,276,0,P010677   ,1.0,0.0,PAM,13,"EVANS, SHANNON",00:08,0,0,0,0,0,0,0,0,0,0,0,0,0,0,0,1,0,-1,0.0
2022,RS,31,276,0,P002742   ,0.0,0.0,PAM,14,"DUBLJEVIC, BOJAN",23:18,5,1,3,1,2,0,0,1,5,6,1,2,2,0,0,2,3,10,-12.0
2022,RS,31,276,0,P008780   ,0.0,0.0,PAM,24,"HERMANNSSON, MARTIN",09:14,0,0,1,0,1,0,0,0,0,0,2,1,1,0,0,1,0,-1,-2.0
2022,RS,31,276,0,P011214   ,0.0,1.0,PAM,41,"RIVERO, JASIEL",16:34,3,0,4,0,0,3,4,0,2,2,1,0,1,0,1,4,3,-2,-7.0
2022,RS,31,276,0,Team,0.0,0.0,PAM,,Team,,0,0,0,0,0,0,0,1,0,1,0,0,1,0,0,0,0,0,
2022,RS,31,276,0,Total,,,PAM,,Total,200:00,73,13,26,11,26,14,15,7,20,27,17,6,19,0,2,26,21,68,
2022,RS,31,277,1,P012068   ,1.0,0.0,ZAL,1,"TAYLOR, ISAIAH",20:32,9,3,5,1,2,0,2,0,0,0,4,3,2,0,1,4,1,5,12.0
2022,RS,31,277,1,P007513   ,0.0,0.0,ZAL,3,"GIEDRAITIS, DOVYDAS",DNP,0,0,0,0,0,0,0,0,0,0,0,0,0,0,0,0,0,0,0.0
2022,RS,31,277,1,P003210   ,0.0,0.0,ZAL,4,"LEKAVICIUS, LUKAS",12:01,5,0,1,1,1,2,2,0,0,0,0,0,0,0,0,1,2,5,-1.0
2022,RS,31,277,1,P010390   ,0.0,1.0,ZAL,8,"HAYES, KEVARRIUS",14:26,7,2,4,0,0,3,3,3,2,5,1,0,0,1,0,4,3,11,1.0
2022,RS,31,277,1,P007109   ,1.0,0.0,ZAL,10,"SMITS, ROLANDS",15:03,3,0,1,1,3,0,0,0,0,0,2,0,1,0,1,4,1,-3,2.0
2022,RS,31,277,1,P005504   ,0.0,0.0,ZAL,15,"BIRUTIS, LAURYNAS",18:26,10,4,5,0,0,2,3,1,2,3,0,1,2,0,0,1,5,14,6.0
2022,RS,31,277,1,P006158   ,0.0,0.0,ZAL,16,"LUKOSIUNAS, KAROLIS",DNP,0,0,0,0,0,0,0,0,0,0,0,0,0,0,0,0,0,0,0.0
2022,RS,31,277,1,P011983   ,1.0,1.0,ZAL,17,"BRAZDEIKIS, IGNAS",30:43,22,5,13,4,5,0,0,0,5,5,0,2,4,0,1,1,3,17,-6.0
2022,RS,31,277,1,P002084   ,0.0,0.0,ZAL,25,"POLONARA, ACHILLE",16:02,2,1,1,0,1,0,0,0,1,1,0,1,0,2,0,0,0,5,8.0
2022,RS,31,277,1,P003211   ,0.0,1.0,ZAL,33,"DIMSA, TOMAS",14:24,9,1,1,2,3,1,2,1,1,2,2,1,1,0,0,4,1,8,7.0
2022,RS,31,277,1,P002676   ,1.0,1.0,ZAL,51,"BUTKEVICIUS, ARNAS",27:14,10,2,4,2,3,0,0,1,3,4,5,2,1,0,0,2,1,16,7.0
2022,RS,31,277,1,P002329   ,1.0,1.0,ZAL,92,"ULANOVAS, EDGARAS",31:09,2,1,2,0,2,0,0,1,0,1,4,2,1,0,0,3,2,4,9.0
2022,RS,31,277,1,Team,0.0,0.0,ZAL,,Team,,0,0,0,0,0,0,0,1,3,4,0,0,0,0,0,0,0,4,
2022,RS,31,277,1,Total,,,ZAL,,Total,200:00,79,19,37,11,20,8,12,8,17,25,18,12,12,3,3,24,19,86,
2022,RS,31,277,0,P010588   ,1.0,1.0,MCO,0,"BROWN, JOHN",18:04,4,2,7,0,0,0,0,4,1,5,0,0,0,0,1,0,1,4,-3.0
2022,RS,31,277,0,P011212   ,0.0,1.0,MCO,0,"OKOBO, ELIE",23:37,10,3,4,1,4,1,2,1,2,3,1,1,2,0,1,3,2,6,0.0
2022,RS,31,277,0,P012201   ,0.0,0.0,MCO,1,"MONEKE, CHIMA",09:44,2,0,0,0,0,2,2,0,2,2,1,0,2,0,0,0,1,4,-5.0
2022,RS,31,277,0,P009754   ,1.0,1.0,MCO,3,"LOYD, JORDAN",32:27,13,3,4,0,1,7,7,0,4,4,5,3,1,0,0,3,7,26,-5.0
2022,RS,31,277,0,P011231   ,1.0,1.0,MCO,4,"BLOSSOMGAME, JARON",22:45,8,2,3,1,2,1,2,0,2,2,0,0,1,0,0,2,1,5,-7.0
2022,RS,31,277,0,P011935   ,0.0,0.0,MCO,5,"MAKOUNDOU, YOAN",DNP,0,0,0,0,0,0,0,0,0,0,0,0,0,0,0,0,0,0,0.0
2022,RS,31,277,0,P011226   ,0.0,1.0,MCO,11,"DIALLO, ALPHA",21:56,8,4,8,0,0,0,0,2,3,5,0,1,0,0,1,4,3,8,-1.0
2022,RS,31,277,0,PLCZ      ,1.0,0.0,MCO,20,"MOTIEJUNAS, DONATAS",16:27,13,3,6,1,2,4,6,1,1,2,0,0,1,0,0,3,3,8,-3.0
2022,RS,31,277,0,P004197   ,0.0,0.0,MCO,24,"OUATTARA, YAKUBA",06:00,0,0,0,0,2,0,0,0,0,0,0,1,0,0,0,0,0,-1,-1.0
2022,RS,31,277,0,P008099   ,0.0,0.0,MCO,32,"STRAZEL, MATTHEW",04:34,0,0,0,0,0,0,0,0,1,1,0,0,1,0,0,0,0,0,-3.0
2022,RS,31,277,0,P011196   ,0.0,0.0,MCO,45,"HALL, DONTA",21:45,6,2,4,0,0,2,5,3,2,5,0,0,1,3,0,4,4,8,-6.0
2022,RS,31,277,0,P005985   ,1.0,0.0,MCO,55,"JAMES, MIKE",22:41,6,3,7,0,2,0,0,1,1,2,4,1,4,0,0,0,2,5,-11.0
2022,RS,31,277,0,Team,0.0,0.0,MCO,,Team,,0,0,0,0,0,0,0,3,3,6,0,0,0,0,0,0,0,6,
2022,RS,31,277,0,Total,,,MCO,,Total,200:00,70,22,43,3,13,17,24,15,22,37,11,7,13,3,3,19,24,79,
2022,RS,31,278,1,P008855   ,1.0,0.0,OLY,0,"WALKUP, THOMAS",23:46,11,4,6,1,1,0,0,0,2,2,7,3,2,0,0,3,1,17,19.0
2022,RS,31,278,1,P006302   ,0.0,0.0,OLY,4,"LOUNTZIS, MICHALIS",13:02,4,2,3,0,1,0,0,0,2,2,0,1,0,0,0,0,0,5,3.0
2022,RS,31,278,1,P010392   ,0.0,1.0,OLY,5,"LARENTZAKIS, GIANNOULIS",15:03,7,0,0,2,5,1,2,0,2,2,1,0,1,0,1,2,2,4,2.0
2022,RS,31,278,1,P012023   ,0.0,1.0,OLY,9,"PAPAS, GEORGE",03:12,5,0,1,1,1,2,2,0,1,1,0,0,0,0,0,1,1,5,4.0
2022,RS,31,278,1,P008811   ,0.0,0.0,OLY,10,"FALL, MOUSTAPHA",DNP,0,0,0,0,0,0,0,0,0,0,0,0,0,0,0,0,0,0,0.0
2022,RS,31,278,1,P001926   ,0.0,1.0,OLY,11,"SLOUKAS, KOSTAS",15:50,4,2,2,0,2,0,0,0,1,1,4,0,3,0,0,3,1,2,15.0
2022,RS,31,278,1,P003469   ,1.0,0.0,OLY,14,"VEZENKOV, SASHA",22:38,9,3,5,1,6,0,0,0,4,4,3,1,1,0,0,1,1,9,20.0
2022,RS,31,278,1,P001255   ,1.0,0.0,OLY,16,"PAPANIKOLAOU, KOSTAS",25:28,10,4,7,0,3,2,2,2,4,6,3,0,0,0,0,2,2,13,18.0
2022,RS,31,278,1,P009035   ,0.0,1.0,OLY,21,"BOLOMBOY, JOEL",19:39,6,2,3,0,0,2,2,1,6,7,0,0,0,1,0,2,3,14,8.0
2022,RS,31,278,1,P008829   ,0.0,1.0,OLY,25,"PETERS, ALEC",20:00,8,1,1,1,5,3,3,2,5,7,0,1,1,0,0,2,2,11,8.0
2022,RS,31,278,1,P008991   ,1.0,0.0,OLY,28,"BLACK, TARIK",20:21,6,2,2,0,0,2,2,2,3,5,0,1,2,0,0,3,4,11,18.0
2022,RS,31,278,1,P007853   ,1.0,0.0,OLY,77,"MCKISSIC, SHAQUIELLE",21:01,11,5,5,0,1,1,3,0,1,1,2,3,0,0,0,0,2,16,15.0
2022,RS,31,278,1,Team,0.0,0.0,OLY,,Team,,0,0,0,0,0,0,0,1,1,2,0,0,1,0,0,0,0,1,
2022,RS,31,278,1,Total,,,OLY,,Total,200:00,81,25,35,6,25,13,16,8,32,40,20,10,11,1,1,19,19,108,
2022,RS,31,278,0,P011936   ,1.0,1.0,ASV,0,"MATHEWS, JONAH",26:03,8,4,8,0,1,0,1,0,0,0,2,1,1,0,0,1,2,5,-15.0
2022,RS,31,278,0,P004264   ,1.0,0.0,ASV,3,"BOST, DEE",25:02,8,1,2,2,5,0,0,0,2,2,0,1,3,0,0,1,1,4,-29.0
2022,RS,31,278,0,PKIR      ,1.0,0.0,ASV,5,"KAHUDI, CHARLES",16:57,3,0,1,1,5,0,0,0,1,1,0,0,0,0,0,1,1,-1,-21.0
2022,RS,31,278,0,PTFK      ,0.0,1.0,ASV,8,"DIOT, ANTOINE",24:59,6,0,1,1,4,3,3,0,4,4,4,1,2,0,0,1,2,10,-12.0
2022,RS,31,278,0,P004119   ,0.0,1.0,ASV,9,"TYUS, ALEX",20:44,10,4,4,0,0,2,2,1,5,6,0,1,2,1,0,2,1,15,-15.0
2022,RS,31,278,0,P006568   ,1.0,0.0,ASV,19,"FALL, YOUSSOUPHA",19:16,2,1,4,0,0,0,2,3,5,8,0,0,2,0,0,2,2,3,-11.0
2022,RS,31,278,0,P003526   ,1.0,0.0,ASV,23,"LIGHTY, DAVID",20:05,3,0,3,1,2,0,0,1,0,1,0,0,0,0,0,3,2,-1,-14.0
2022,RS,31,278,0,P011938   ,0.0,1.0,ASV,32,"OBASOHAN, RETIN",23:51,12,3,8,1,3,3,4,0,1,1,2,2,4,0,1,4,7,7,-8.0
2022,RS,31,278,0,P006832   ,0.0,1.0,ASV,35,"PONS, YVES",23:03,3,0,0,1,3,0,2,0,2,2,0,0,0,0,0,4,1,-2,-5.0
2022,RS,31,278,0,Team,0.0,0.0,ASV,,Team,,0,0,0,0,0,0,0,0,1,1,0,0,2,0,0,0,0,-1,
2022,RS,31,278,0,Total,,,ASV,,Total,200:00,55,13,31,7,23,8,14,5,21,26,8,6,16,1,1,19,19,39,
2022,RS,31,279,1,P001392   ,0.0,0.0,MAD,1,"CAUSEUR, FABIEN",DNP,0,0,0,0,0,0,0,0,0,0,0,0,0,0,0,0,0,0,0.0
2022,RS,31,279,1,PBMT      ,0.0,0.0,MAD,5,"FERNANDEZ, RUDY",22:59,9,0,0,3,6,0,0,0,4,4,4,1,2,0,0,4,1,10,3.0
2022,RS,31,279,1,P003733   ,0.0,0.0,MAD,6,"ABALDE, ALBERTO",DNP,0,0,0,0,0,0,0,0,0,0,0,0,0,0,0,0,0,0,0.0
2022,RS,31,279,1,P005099   ,1.0,1.0,MAD,8,"HANGA, ADAM",19:44,11,0,1,3,5,2,2,0,2,2,7,1,0,1,0,1,2,20,9.0
2022,RS,31,279,1,P003108   ,0.0,1.0,MAD,11,"HEZONJA, MARIO",16:10,10,2,5,1,2,3,3,0,3,3,2,0,0,0,0,4,2,9,11.0
2022,RS,31,279,1,PCVM      ,0.0,1.0,MAD,13,"RODRIGUEZ, SERGIO",20:45,5,1,3,1,1,0,0,0,2,2,5,0,4,0,0,2,1,5,7.0
2022,RS,31,279,1,P009005   ,1.0,1.0,MAD,14,"DECK, GABRIEL",26:42,6,3,4,0,0,0,0,0,8,8,5,2,0,0,0,1,4,23,11.0
2022,RS,31,279,1,P004887   ,0.0,0.0,MAD,17,"POIRIER, VINCENT",26:40,11,5,8,0,0,1,2,0,4,4,1,0,0,2,0,2,2,14,1.0
2022,RS,31,279,1,P004790   ,0.0,0.0,MAD,21,"CORNELIE, PETR",07:45,9,0,0,3,3,0,0,0,0,0,0,0,0,0,0,2,0,7,-4.0
2022,RS,31,279,1,P005791   ,1.0,1.0,MAD,22,"TAVARES, WALTER",13:20,4,2,3,0,0,0,0,0,1,1,2,0,3,1,0,3,1,2,14.0
2022,RS,31,279,1,P010357   ,1.0,0.0,MAD,28,"YABUSELE, GUERSCHON",29:23,9,4,7,0,1,1,2,2,3,5,0,0,1,0,0,3,2,7,12.0
2022,RS,31,279,1,P006540   ,1.0,0.0,MAD,31,"MUSA, DZANAN",16:32,16,2,2,1,3,9,9,0,2,2,1,0,0,0,0,0,8,25,11.0
2022,RS,31,279,1,Team,0.0,0.0,MAD,,Team,,0,0,0,0,0,0,0,1,0,1,0,0,1,0,0,0,0,0,
2022,RS,31,279,1,Total,,,MAD,,Total,200:00,90,19,33,12,21,16,18,3,29,32,27,4,11,4,0,22,23,122,
2022,RS,31,279,0,P011157   ,1.0,1.0,ULK,0,"MOTLEY, JOHNATHAN",14:40,6,3,8,0,0,0,0,1,3,4,0,0,2,0,1,4,1,-1,-8.0
2022,RS,31,279,0,P011201   ,0.0,0.0,ULK,2,"HAZER, SEHMUS",00:17,0,0,0,0,0,0,0,0,0,0,0,0,0,0,0,0,0,0,1.0
2022,RS,31,279,0,P011987   ,0.0,1.0,ULK,4,"EDWARDS, CARSEN",08:57,2,1,5,0,2,0,0,0,0,0,0,0,0,0,2,2,1,-7,-12.0
2022,RS,31,279,0,P001413   ,0.0,0.0,ULK,8,"BJELICA, NEMANJA",06:20,0,0,0,0,1,0,0,0,0,0,1,0,0,0,0,1,0,-1,-3.0
2022,RS,31,279,0,P008962   ,1.0,0.0,ULK,11,"HAYES-DAVIS, NIGEL",33:56,17,5,6,2,4,1,1,1,4,5,1,0,0,0,0,2,3,21,-9.0
2022,RS,31,279,0,P006961   ,0.0,1.0,ULK,13,"BIBEROVIC, TARIK",16:43,7,1,3,1,2,2,2,1,1,2,0,1,0,0,0,2,2,7,-2.0
2022,RS,31,279,0,P009733   ,0.0,0.0,ULK,22,"JEKIRI, TONYE",25:03,6,1,2,0,0,4,4,2,4,6,1,2,1,0,0,2,4,15,-8.0
2022,RS,31,279,0,P004004   ,1.0,1.0,ULK,23,"GUDURIC, MARKO",22:55,10,2,2,1,5,3,4,1,1,2,3,0,1,0,0,3,4,10,-4.0
2022,RS,31,279,0,P009849   ,0.0,0.0,ULK,27,"DORSEY, TYLER",20:16,6,1,4,1,4,1,1,0,0,0,0,0,2,0,1,1,2,-2,-7.0
2022,RS,31,279,0,P007056   ,1.0,1.0,ULK,31,"BOOKER, DEVIN",20:59,9,3,4,1,1,0,0,2,1,3,0,0,0,0,0,3,2,10,-15.0
2022,RS,31,279,0,P001932   ,1.0,0.0,ULK,33,"CALATHES, NICK",29:37,12,3,7,2,7,0,2,1,5,6,6,0,1,0,0,2,2,12,-9.0
2022,RS,31,279,0,P011221   ,0.0,0.0,ULK,37,"ANTETOKOUNMPO, KOSTAS",00:17,0,0,0,0,0,0,0,0,0,0,0,0,0,0,0,1,0,-1,1.0
2022,RS,31,279,0,Team,0.0,0.0,ULK,,Team,,0,0,0,0,0,0,0,2,0,2,0,0,0,0,0,0,0,2,
2022,RS,31,279,0,Total,,,ULK,,Total,200:00,75,20,41,8,26,11,14,11,19,30,12,3,7,0,4,23,21,65,
2022,RS,32,280,1,P007200   ,0.0,0.0,IST,0,"LARKIN, SHANE",28:00,5,1,2,1,4,0,0,0,4,4,5,0,2,0,0,0,4,12,10.0
2022,RS,32,280,1,P006590   ,1.0,0.0,IST,1,"BEAUBOIS, RODRIGUE",21:57,10,2,3,2,4,0,0,0,0,0,7,2,2,1,0,0,0,15,10.0
2022,RS,32,280,1,P006614   ,0.0,0.0,IST,2,"SINGLETON, CHRIS",DNP,0,0,0,0,0,0,0,0,0,0,0,0,0,0,0,0,0,0,0.0
2022,RS,32,280,1,P009846   ,1.0,1.0,IST,6,"BRYANT, ELIJAH",28:02,13,3,3,2,3,1,1,0,11,11,2,2,2,1,0,4,3,25,5.0
2022,RS,32,280,1,P010516   ,0.0,0.0,IST,11,"GAZI, ERTEN",05:09,3,1,1,0,1,1,1,1,1,2,0,0,0,0,0,2,1,3,-2.0
2022,RS,32,280,1,P004888   ,1.0,1.0,IST,12,"CLYBURN, WILL",28:53,5,2,2,0,3,1,2,0,3,3,0,2,0,0,0,1,1,6,19.0
2022,RS,32,280,1,P005348   ,0.0,1.0,IST,18,"ARNA, EGEHAN",01:31,0,0,0,0,0,0,0,0,0,0,1,0,0,0,0,0,0,1,-3.0
2022,RS,32,280,1,P002925   ,0.0,0.0,IST,19,"TUNCER, BUGRAHAN",DNP,0,0,0,0,0,0,0,0,0,0,0,0,0,0,0,0,0,0,0.0
2022,RS,32,280,1,PLHK      ,1.0,1.0,IST,21,"PLEISS, TIBOR",22:09,14,5,6,1,2,1,2,0,1,1,1,0,0,0,0,0,1,14,4.0
2022,RS,32,280,1,P002580   ,1.0,0.0,IST,22,"MICIC, VASILIJE",28:36,7,0,2,2,8,1,2,0,1,1,11,0,2,0,2,3,2,5,21.0
2022,RS,32,280,1,P007993   ,0.0,1.0,IST,24,"M'BAYE, AMATH",17:52,5,0,2,1,1,2,2,0,1,1,0,0,0,0,0,3,2,3,16.0
2022,RS,32,280,1,P004554   ,0.0,0.0,IST,41,"ZIZIC, ANTE",17:51,24,11,13,0,0,2,3,1,5,6,1,1,2,0,1,3,3,26,15.0
2022,RS,32,280,1,Team,0.0,0.0,IST,,Team,,0,0,0,0,0,0,0,2,2,4,0,0,0,0,0,0,0,4,
2022,RS,32,280,1,Total,,,IST,,Total,200:00,86,25,34,9,26,9,13,4,29,33,28,7,10,2,3,16,17,114,
2022,RS,32,280,0,P011064   ,0.0,1.0,VIR,1,"MANNION, NICCOLO",24:24,17,2,4,4,8,1,1,1,2,3,6,1,3,0,0,1,3,20,-7.0
2022,RS,32,280,0,PBCN      ,0.0,1.0,VIR,3,"BELINELLI, MARCO",18:18,10,1,4,2,4,2,3,0,2,2,0,1,1,0,1,1,1,5,-12.0
2022,RS,32,280,0,P004655   ,0.0,0.0,VIR,7,"BAKO, ISMAEL",13:01,6,3,4,0,0,0,0,1,1,2,0,0,0,0,0,2,0,5,-14.0
2022,RS,32,280,0,P010781   ,1.0,1.0,VIR,19,"LUNDBERG, IFFE",28:14,3,0,0,1,5,0,0,0,3,3,3,1,1,0,0,2,1,4,-9.0
2022,RS,32,280,0,P001133   ,1.0,0.0,VIR,21,"SHENGELIA, TORNIKE",17:37,3,1,2,0,1,1,2,1,2,3,3,1,4,0,0,3,3,3,-3.0
2022,RS,32,280,0,P001844   ,1.0,0.0,VIR,23,"HACKETT, DANIEL",24:13,2,0,1,0,1,2,2,0,1,1,2,1,2,0,0,2,2,2,-20.0
2022,RS,32,280,0,P008296   ,0.0,0.0,VIR,24,"MENALO, LEO",DNP,0,0,0,0,0,0,0,0,0,0,0,0,0,0,0,0,0,0,0.0
2022,RS,32,280,0,P008847   ,1.0,1.0,VIR,25,"MICKEY, JORDAN",26:59,11,5,10,0,1,1,1,0,2,2,1,0,2,2,0,1,2,9,-5.0
2022,RS,32,280,0,P008108   ,0.0,1.0,VIR,29,"CAMARA, GORA",00:43,0,0,0,0,0,0,0,0,0,0,0,0,0,0,0,0,0,0,0.0
2022,RS,32,280,0,P006592   ,0.0,0.0,VIR,34,"WEEMS, KYLE",21:35,2,1,1,0,4,0,0,2,3,5,0,0,0,0,0,2,0,1,-25.0
2022,RS,32,280,0,P011982   ,1.0,0.0,VIR,37,"OJELEYE, SEMI",24:56,13,2,4,3,7,0,0,1,6,7,0,1,1,1,1,3,4,15,0.0
2022,RS,32,280,0,Team,0.0,0.0,VIR,,Team,,0,0,0,0,0,0,0,1,2,3,0,0,0,0,0,0,0,3,
2022,RS,32,280,0,Total,,,VIR,,Total,200:00,67,15,30,10,31,7,9,7,24,31,15,6,14,3,2,17,16,67,
2022,RS,32,281,1,P009622   ,1.0,0.0,TEL,4,"BROWN, LORENZO",31:35,17,4,9,2,6,3,3,0,3,3,8,2,1,0,0,2,3,21,17.0
2022,RS,32,281,1,P009863   ,1.0,1.0,TEL,5,"BALDWIN IV, WADE",26:04,15,5,6,1,7,2,2,0,4,4,6,1,3,0,0,4,2,14,6.0
2022,RS,32,281,1,P011967   ,0.0,0.0,TEL,6,"MARTIN, JARELL",25:09,8,1,1,2,3,0,0,0,2,2,0,0,1,0,0,4,0,4,5.0
2022,RS,32,281,1,P004233   ,0.0,0.0,TEL,8,"MENCO, RAFI",DNP,0,0,0,0,0,0,0,0,0,0,0,0,0,0,0,0,0,0,0.0
2022,RS,32,281,1,P011219   ,0.0,1.0,TEL,9,"SORKIN, ROMAN",17:47,18,7,8,1,1,1,2,1,1,2,1,0,0,0,1,2,2,18,17.0
2022,RS,32,281,1,P007990   ,0.0,1.0,TEL,12,"DIBARTOLOMEO, JOHN",22:43,8,0,1,2,4,2,2,0,3,3,3,1,0,0,1,2,3,12,13.0
2022,RS,32,281,1,P008989   ,0.0,0.0,TEL,13,"HILLIARD, DARRUN",11:08,0,0,0,0,2,0,0,0,2,2,1,0,0,0,0,1,2,2,8.0
2022,RS,32,281,1,P005145   ,1.0,1.0,TEL,15,"COHEN, JAKE",14:33,3,1,1,0,1,1,2,1,2,3,1,0,1,0,0,4,3,3,15.0
2022,RS,32,281,1,P012203   ,0.0,1.0,TEL,17,"BRAIMOH, SULEIMAN",01:14,0,0,0,0,0,0,0,0,1,1,0,0,0,0,0,0,0,1,0.0
2022,RS,32,281,1,P011199   ,1.0,0.0,TEL,32,"NEBO, JOSH",22:09,8,3,4,0,0,2,2,0,10,10,0,0,0,0,0,2,2,17,3.0
2022,RS,32,281,1,P011220   ,0.0,0.0,TEL,33,"ZIV, IFTAH",DNP,0,0,0,0,0,0,0,0,0,0,0,0,0,0,0,0,0,0,0.0
2022,RS,32,281,1,P009783   ,1.0,0.0,TEL,50,"COLSON, BONZIE",27:38,8,4,6,0,1,0,0,1,5,6,1,2,0,0,0,3,0,11,11.0
2022,RS,32,281,1,Team,0.0,0.0,TEL,,Team,,0,0,0,0,0,0,0,0,1,1,0,0,1,0,0,0,0,0,
2022,RS,32,281,1,Total,,,TEL,,Total,200:00,85,25,36,8,25,11,13,3,34,37,21,6,7,0,2,24,17,103,
2022,RS,32,281,0,P007870   ,0.0,1.0,MIL,0,"DAVIES, BRANDON",17:31,1,0,1,0,1,1,4,2,4,6,2,0,1,1,0,1,3,6,-9.0
2022,RS,32,281,0,P005094   ,0.0,0.0,MIL,1,"THOMAS, DESHAUN",08:34,9,1,1,2,3,1,1,0,2,2,0,0,0,0,0,1,1,10,-6.0
2022,RS,32,281,0,P012080   ,1.0,0.0,MIL,2,"LUWAWU-CABARROT, TIMOTHE",10:10,8,4,5,0,3,0,0,0,1,1,0,0,2,0,0,2,0,1,-6.0
2022,RS,32,281,0,P006433   ,0.0,1.0,MIL,5,"PANGOS, KEVIN",16:01,5,2,3,0,2,1,3,0,0,0,2,0,1,0,0,4,3,0,-7.0
2022,RS,32,281,0,P006509   ,0.0,1.0,MIL,7,"TONUT, STEFANO",09:46,0,0,2,0,0,0,0,1,1,2,0,0,1,0,0,0,0,-1,-1.0
2022,RS,32,281,0,P002849   ,1.0,0.0,MIL,9,"MELLI, NICOLO",22:15,5,2,2,0,0,1,1,0,1,1,2,0,0,0,0,3,1,6,-12.0
2022,RS,32,281,0,P005775   ,0.0,0.0,MIL,12,"BARON, BILLY",22:44,4,0,2,0,4,4,4,0,2,2,1,0,0,0,0,1,2,2,-11.0
2022,RS,32,281,0,P011224   ,1.0,0.0,MIL,13,"NAPIER, SHABAZZ",25:19,15,0,1,3,8,6,7,0,4,4,4,1,1,0,0,1,6,21,-13.0
2022,RS,32,281,0,P001518   ,0.0,1.0,MIL,17,"RICCI, GIAMPAOLO",03:34,0,0,0,0,1,0,0,0,0,0,0,0,0,0,0,2,0,-3,-3.0
2022,RS,32,281,0,P007831   ,1.0,0.0,MIL,31,"SHIELDS, SHAVON",32:26,14,2,3,3,6,1,2,0,5,5,2,0,1,0,0,0,5,20,-16.0
2022,RS,32,281,0,P002812   ,0.0,1.0,MIL,42,"HINES, KYLE",25:34,5,1,3,0,0,3,6,0,1,1,0,2,0,1,0,1,3,6,-4.0
2022,RS,32,281,0,P007201   ,1.0,0.0,MIL,77,"VOIGTMANN, JOHANNES",06:06,0,0,0,0,1,0,0,0,0,0,0,0,0,0,0,1,0,-2,-7.0
2022,RS,32,281,0,Team,0.0,0.0,MIL,,Team,,0,0,0,0,0,0,0,0,3,3,0,0,0,0,0,0,0,3,
2022,RS,32,281,0,Total,,,MIL,,Total,200:00,66,12,23,8,29,18,28,3,24,27,13,3,7,2,0,17,24,69,
2022,RS,32,282,1,P011244   ,0.0,1.0,BAR,1,"DA SILVA, OSCAR",11:34,2,0,3,0,0,2,2,1,0,1,0,0,0,0,2,1,1,-2,-4.0
2022,RS,32,282,1,P002968   ,0.0,1.0,BAR,5,"SANLI, SERTAC",21:43,12,4,5,1,3,1,1,2,4,6,2,2,1,2,0,2,2,20,4.0
2022,RS,32,282,1,P000925   ,1.0,0.0,BAR,6,"VESELY, JAN",18:17,6,3,6,0,0,0,0,0,3,3,1,0,0,0,0,0,2,9,12.0
2022,RS,32,282,1,P004866   ,0.0,0.0,BAR,10,"KALINIC, NIKOLA",18:13,10,3,4,1,4,1,2,0,5,5,0,0,1,0,1,4,3,7,8.0
2022,RS,32,282,1,P002939   ,1.0,0.0,BAR,13,"SATORANSKY, TOMAS",21:39,6,2,4,0,0,2,3,0,0,0,3,0,2,1,1,2,2,4,11.0
2022,RS,32,282,1,P006435   ,1.0,0.0,BAR,20,"LAPROVITTOLA, NICOLAS",18:46,7,3,6,0,1,1,2,2,1,3,4,0,1,0,0,2,1,7,14.0
2022,RS,32,282,1,P003478   ,0.0,1.0,BAR,21,"ABRINES, ALEX",15:38,5,0,2,1,3,2,2,0,1,1,0,1,0,0,0,2,1,2,14.0
2022,RS,32,282,1,P006450   ,0.0,0.0,BAR,22,"HIGGINS, CORY",18:40,4,1,4,0,0,2,2,0,1,1,3,1,1,1,0,0,2,8,3.0
2022,RS,32,282,1,P008966   ,0.0,0.0,BAR,23,"TOBEY, MIKE",DNP,0,0,0,0,0,0,0,0,0,0,0,0,0,0,0,0,0,0,0.0
2022,RS,32,282,1,P005789   ,1.0,1.0,BAR,24,"KURIC, KYLE",19:11,7,2,3,1,1,0,0,1,0,1,1,2,0,0,0,2,1,9,8.0
2022,RS,32,282,1,P007519   ,0.0,1.0,BAR,31,"JOKUBAITIS, ROKAS",18:21,2,1,5,0,0,0,0,1,3,4,5,1,0,0,1,0,2,9,5.0
2022,RS,32,282,1,P000796   ,1.0,0.0,BAR,33,"MIROTIC, NIKOLA",17:58,11,5,6,0,3,1,3,2,4,6,0,0,1,1,0,0,3,14,5.0
2022,RS,32,282,1,Team,0.0,0.0,BAR,,Team,,0,0,0,0,0,0,0,5,1,6,0,0,0,0,0,0,0,6,
2022,RS,32,282,1,Total,,,BAR,,Total,200:00,72,24,48,4,15,12,17,14,23,37,19,7,7,5,5,15,20,93,
2022,RS,32,282,0,P007032   ,1.0,0.0,BER,0,"LO, MAODO",26:51,6,0,2,2,4,0,0,0,2,2,3,0,3,0,0,0,2,6,-11.0
2022,RS,32,282,0,P011192   ,1.0,1.0,BER,3,"SMITH, JALEEN",23:29,5,0,1,1,2,2,2,0,1,1,2,0,3,1,0,2,4,6,-16.0
2022,RS,32,282,0,P008211   ,0.0,1.0,BER,6,"DELOW, MALTE",16:33,5,1,2,1,2,0,0,0,5,5,0,0,1,0,1,1,1,6,1.0
2022,RS,32,282,0,P011934   ,0.0,0.0,BER,7,"WETZELL, YANNI",12:56,9,4,7,0,0,1,1,1,2,3,0,0,1,0,1,3,1,5,-5.0
2022,RS,32,282,0,P006251   ,0.0,1.0,BER,10,"SCHNEIDER, TIM",10:47,6,0,0,2,3,0,0,0,2,2,0,0,0,0,0,1,1,7,-15.0
2022,RS,32,282,0,P006919   ,1.0,0.0,BER,19,"OLINDE, LOUIS",18:58,7,1,1,1,2,2,2,3,2,5,0,0,0,0,0,2,3,12,-5.0
2022,RS,32,282,0,P010791   ,1.0,1.0,BER,21,"KOUMADJE, CHRIST",12:00,2,1,4,0,0,0,0,0,0,0,0,0,0,1,0,4,0,-4,-7.0
2022,RS,32,282,0,P003958   ,0.0,0.0,BER,32,"THIEMANN, JOHANNES",13:53,2,1,5,0,2,0,0,3,2,5,1,1,2,0,2,1,1,-1,-4.0
2022,RS,32,282,0,P006589   ,1.0,0.0,BER,43,"SIKMA, LUKE",23:25,4,2,5,0,0,0,0,1,6,7,4,1,2,1,0,3,1,10,-11.0
2022,RS,32,282,0,P010385   ,0.0,0.0,BER,44,"LAMMERS, BEN",15:04,7,2,6,1,2,0,0,1,2,3,1,0,2,1,0,1,0,4,-4.0
2022,RS,32,282,0,P011193   ,0.0,0.0,BER,45,"BLATT, TAMIR",02:51,0,0,0,0,0,0,0,0,0,0,2,0,0,0,0,0,0,2,3.0
2022,RS,32,282,0,P006625   ,0.0,1.0,BER,50,"ZOOSMAN, YOVEL",23:13,3,0,3,1,3,0,0,0,1,1,2,1,1,1,1,2,1,0,-6.0
2022,RS,32,282,0,Team,0.0,0.0,BER,,Team,,0,0,0,0,0,0,0,3,0,3,0,0,2,0,0,0,0,1,
2022,RS,32,282,0,Total,,,BER,,Total,200:00,56,12,36,9,20,5,5,12,25,37,15,3,17,5,5,20,15,54,
2022,RS,32,283,1,P012068   ,1.0,0.0,ZAL,1,"TAYLOR, ISAIAH",16:55,12,3,4,2,2,0,0,1,0,1,2,0,4,0,1,3,2,8,12.0
2022,RS,32,283,1,P007513   ,0.0,1.0,ZAL,3,"GIEDRAITIS, DOVYDAS",02:25,0,0,0,0,0,0,0,0,0,0,1,1,0,0,0,0,0,2,4.0
2022,RS,32,283,1,P003210   ,0.0,1.0,ZAL,4,"LEKAVICIUS, LUKAS",23:05,16,2,5,3,4,3,4,0,1,1,3,0,1,0,1,2,7,18,9.0
2022,RS,32,283,1,P010390   ,0.0,1.0,ZAL,8,"HAYES, KEVARRIUS",07:14,0,0,1,0,0,0,0,1,1,2,0,0,0,0,0,2,0,-1,6.0
2022,RS,32,283,1,P007109   ,1.0,0.0,ZAL,10,"SMITS, ROLANDS",18:32,11,2,3,2,5,1,1,1,2,3,2,1,1,0,0,4,3,11,5.0
2022,RS,32,283,1,P005504   ,0.0,0.0,ZAL,15,"BIRUTIS, LAURYNAS",15:04,8,4,4,0,0,0,0,2,4,6,0,0,2,0,0,1,2,13,10.0
2022,RS,32,283,1,P006158   ,0.0,1.0,ZAL,16,"LUKOSIUNAS, KAROLIS",11:40,12,0,0,4,7,0,0,1,0,1,0,0,0,0,0,2,0,8,16.0
2022,RS,32,283,1,P011983   ,1.0,0.0,ZAL,17,"BRAZDEIKIS, IGNAS",25:18,15,5,7,1,3,2,3,2,2,4,1,0,1,0,0,0,2,16,4.0
2022,RS,32,283,1,P002084   ,0.0,1.0,ZAL,25,"POLONARA, ACHILLE",22:26,6,1,1,1,3,1,2,1,7,8,6,1,0,0,0,0,2,20,14.0
2022,RS,32,283,1,P003211   ,0.0,0.0,ZAL,33,"DIMSA, TOMAS",07:24,0,0,0,0,2,0,0,0,0,0,0,0,0,0,0,2,0,-4,-5.0
2022,RS,32,283,1,P002676   ,1.0,0.0,ZAL,51,"BUTKEVICIUS, ARNAS",26:16,11,2,2,1,2,4,4,1,3,4,3,4,2,0,0,0,2,21,24.0
2022,RS,32,283,1,P002329   ,1.0,0.0,ZAL,92,"ULANOVAS, EDGARAS",23:41,4,2,3,0,1,0,0,0,1,1,3,1,1,0,0,0,1,7,6.0
2022,RS,32,283,1,Team,0.0,0.0,ZAL,,Team,,0,0,0,0,0,0,0,0,2,2,0,0,1,0,0,0,0,1,
2022,RS,32,283,1,Total,,,ZAL,,Total,200:00,95,21,30,14,29,11,14,10,23,33,21,8,13,0,2,16,21,120,
2022,RS,32,283,0,P011970   ,0.0,1.0,PAM,0,"HARPER, JARED",20:49,4,1,3,0,5,2,4,0,1,1,9,1,3,0,0,3,4,4,-4.0
2022,RS,32,283,0,P000556   ,0.0,0.0,PAM,1,"CLAVER, VICTOR",14:52,3,0,1,1,1,0,0,0,1,1,0,0,3,0,0,1,0,-1,3.0
2022,RS,32,283,0,P006643   ,1.0,1.0,PAM,2,"PUERTO, JOSEP",13:40,6,0,2,2,2,0,0,0,0,0,0,0,0,0,0,2,1,3,-7.0
2022,RS,32,283,0,P010393   ,0.0,1.0,PAM,4,"PRADILLA, JAIME",16:18,0,0,1,0,0,0,0,0,0,0,0,1,1,0,0,3,0,-4,-24.0
2022,RS,32,283,0,P011971   ,1.0,1.0,PAM,5,"WEBB III, JAMES",24:24,18,3,4,4,8,0,0,4,2,6,2,0,1,0,0,0,0,20,-22.0
2022,RS,32,283,0,P005356   ,0.0,0.0,PAM,6,"LOPEZ-AROSTEGUI, XABI",16:53,7,1,3,1,1,2,2,1,1,2,0,1,2,0,0,0,2,8,-5.0
2022,RS,32,283,0,P010568   ,1.0,0.0,PAM,7,"JONES, CHRIS",13:10,0,0,1,0,1,0,0,0,0,0,2,0,1,0,0,2,1,-2,-22.0
2022,RS,32,283,0,P011972   ,1.0,0.0,PAM,12,"RADEBAUGH, JONAH",20:10,0,0,0,0,3,0,0,0,2,2,1,1,0,0,0,2,0,-1,-21.0
2022,RS,32,283,0,P010677   ,0.0,1.0,PAM,13,"EVANS, SHANNON",27:29,15,4,6,2,4,1,1,0,3,3,5,1,3,0,0,3,3,17,0.0
2022,RS,32,283,0,P011973   ,0.0,0.0,PAM,21,"ALEXANDER, KYLE",12:17,4,2,4,0,1,0,0,1,2,3,1,0,0,2,0,2,0,5,-2.0
2022,RS,32,283,0,P008780   ,0.0,0.0,PAM,24,"HERMANNSSON, MARTIN",DNP,0,0,0,0,0,0,0,0,0,0,0,0,0,0,0,0,0,0,0.0
2022,RS,32,283,0,P011214   ,1.0,0.0,PAM,41,"RIVERO, JASIEL",19:58,17,8,8,0,0,1,2,4,2,6,0,0,0,0,0,3,4,23,-1.0
2022,RS,32,283,0,Team,0.0,0.0,PAM,,Team,,0,0,0,0,0,0,0,0,1,1,0,0,0,0,0,0,0,1,
2022,RS,32,283,0,Total,,,PAM,,Total,200:00,74,19,33,10,26,6,9,10,15,25,20,5,14,2,0,21,15,73,
2022,RS,32,284,1,P011936   ,0.0,1.0,ASV,0,"MATHEWS, JONAH",18:15,6,2,4,0,2,2,2,0,0,0,1,0,2,0,0,0,1,2,-6.0
2022,RS,32,284,1,P004264   ,1.0,1.0,ASV,3,"BOST, DEE",30:57,11,1,4,2,7,3,3,1,0,1,3,1,2,0,0,2,2,6,-6.0
2022,RS,32,284,1,PKIR      ,1.0,1.0,ASV,5,"KAHUDI, CHARLES",29:59,11,2,7,1,4,4,5,1,3,4,2,3,1,0,0,0,3,13,-8.0
2022,RS,32,284,1,PTFK      ,0.0,0.0,ASV,8,"DIOT, ANTOINE",10:31,0,0,0,0,0,0,0,0,0,0,0,1,1,0,0,2,0,-2,-7.0
2022,RS,32,284,1,P004119   ,0.0,0.0,ASV,9,"TYUS, ALEX",15:37,4,2,2,0,0,0,0,2,7,9,0,0,0,2,0,1,0,14,-6.0
2022,RS,32,284,1,P010718   ,1.0,1.0,ASV,10,"RISACHER, ZACCHARIE",20:35,5,1,2,1,4,0,0,1,2,3,1,2,4,0,0,2,0,1,-9.0
2022,RS,32,284,1,P002100   ,1.0,0.0,ASV,12,"DE COLO, NANDO",25:34,14,4,6,0,3,6,6,0,2,2,3,2,3,1,0,1,7,20,-9.0
2022,RS,32,284,1,P006568   ,1.0,1.0,ASV,19,"FALL, YOUSSOUPHA",24:32,4,1,3,0,0,2,2,2,2,4,0,0,0,0,0,3,4,7,-12.0
2022,RS,32,284,1,P003526   ,0.0,0.0,ASV,23,"LIGHTY, DAVID",DNP,0,0,0,0,0,0,0,0,0,0,0,0,0,0,0,0,0,0,0.0
2022,RS,32,284,1,P011938   ,0.0,0.0,ASV,32,"OBASOHAN, RETIN",14:08,3,1,2,0,1,1,2,1,1,2,1,0,2,1,0,2,2,2,-11.0
2022,RS,32,284,1,P006832   ,0.0,0.0,ASV,35,"PONS, YVES",09:52,2,1,2,0,2,0,0,0,3,3,1,0,1,0,1,2,0,-1,-6.0
2022,RS,32,284,1,Team,0.0,0.0,ASV,,Team,,0,0,0,0,0,0,0,1,3,4,0,0,1,0,0,0,0,3,
2022,RS,32,284,1,Total,,,ASV,,Total,200:00,60,15,32,4,23,18,20,9,23,32,12,9,17,4,1,15,19,65,
2022,RS,32,284,0,P004267   ,0.0,0.0,RED,0,"HOLLAND, JOHN",04:42,3,0,0,1,2,0,0,0,0,0,0,0,1,0,0,1,0,0,-4.0
2022,RS,32,284,0,P007947   ,1.0,0.0,RED,1,"VILDOZA, LUCA",28:24,10,2,8,1,7,3,4,2,4,6,8,1,3,0,2,0,2,9,15.0
2022,RS,32,284,0,P004720   ,1.0,0.0,RED,2,"LAZAREVIC, STEFAN",12:54,0,0,0,0,2,0,0,1,3,4,0,1,0,0,0,3,0,0,7.0
2022,RS,32,284,0,P005928   ,1.0,1.0,RED,7,"CAMPAZZO, FACUNDO",33:31,11,3,5,1,5,2,2,1,5,6,6,2,5,0,0,0,6,20,14.0
2022,RS,32,284,0,P002553   ,0.0,0.0,RED,9,"MITROVIC, LUKA",12:25,4,2,2,0,0,0,0,0,3,3,0,1,1,0,0,3,0,4,8.0
2022,RS,32,284,0,P009540   ,0.0,0.0,RED,12,"MARTIN, HASSAN",06:06,3,1,2,0,0,1,1,0,0,0,0,0,0,0,1,1,1,1,1.0
2022,RS,32,284,0,P004007   ,0.0,1.0,RED,13,"DOBRIC, OGNJEN",20:25,18,3,8,4,5,0,0,1,0,1,1,0,1,0,1,2,2,12,14.0
2022,RS,32,284,0,P003332   ,0.0,0.0,RED,15,"IVANOVIC, NIKOLA",DNP,0,0,0,0,0,0,0,0,0,0,0,0,0,0,0,0,0,0,0.0
2022,RS,32,284,0,PLME      ,0.0,1.0,RED,27,"MARKOVIC, STEFAN",18:20,3,0,0,1,2,0,0,0,1,1,0,1,1,0,0,2,0,1,5.0
2022,RS,32,284,0,P003479   ,1.0,1.0,RED,32,"KUZMIC, OGNJEN",21:34,6,3,5,0,0,0,0,1,3,4,1,1,1,0,0,4,3,8,9.0
2022,RS,32,284,0,P011194   ,0.0,1.0,RED,33,"PETRUSEV, FILIP",29:09,8,4,7,0,1,0,0,3,4,7,0,3,0,1,0,2,1,14,7.0
2022,RS,32,284,0,P009818   ,1.0,0.0,RED,50,"BENTIL, BENJAMIN",12:30,10,2,2,2,2,0,0,0,0,0,1,1,1,0,0,1,0,10,4.0
2022,RS,32,284,0,Team,0.0,0.0,RED,,Team,,0,0,0,0,0,0,0,2,4,6,0,0,1,0,0,0,0,5,
2022,RS,32,284,0,Total,,,RED,,Total,200:00,76,20,39,10,26,6,7,11,27,38,17,11,15,1,4,19,15,84,
2022,RS,32,285,1,P008855   ,1.0,1.0,OLY,0,"WALKUP, THOMAS",36:30,11,2,3,1,2,4,4,0,7,7,13,4,4,0,0,3,6,32,14.0
2022,RS,32,285,1,P006302   ,0.0,0.0,OLY,4,"LOUNTZIS, MICHALIS",03:29,0,0,1,0,1,0,0,0,0,0,0,0,0,0,0,1,0,-3,-6.0
2022,RS,32,285,1,P010392   ,0.0,1.0,OLY,5,"LARENTZAKIS, GIANNOULIS",14:56,5,1,1,0,2,3,6,0,2,2,1,0,2,0,0,3,3,1,-9.0
2022,RS,32,285,1,P012023   ,0.0,0.0,OLY,9,"PAPAS, GEORGE",DNP,0,0,0,0,0,0,0,0,0,0,0,0,0,0,0,0,0,0,0.0
2022,RS,32,285,1,P008811   ,1.0,0.0,OLY,10,"FALL, MOUSTAPHA",20:00,8,4,5,0,0,0,5,2,2,4,2,1,1,1,0,2,3,10,13.0
2022,RS,32,285,1,P001926   ,0.0,0.0,OLY,11,"SLOUKAS, KOSTAS",22:02,5,1,4,0,2,3,3,0,0,0,2,0,1,0,0,2,3,2,-6.0
2022,RS,32,285,1,P003469   ,1.0,1.0,OLY,14,"VEZENKOV, SASHA",23:59,19,5,6,1,4,6,8,0,3,3,1,0,0,0,0,3,4,18,18.0
2022,RS,32,285,1,P001255   ,1.0,1.0,OLY,16,"PAPANIKOLAOU, KOSTAS",25:40,3,0,1,1,3,0,0,1,1,2,1,0,0,0,0,0,1,4,18.0
2022,RS,32,285,1,P009035   ,0.0,0.0,OLY,21,"BOLOMBOY, JOEL",05:10,0,0,0,0,0,0,0,0,1,1,0,0,0,0,0,0,0,1,-6.0
2022,RS,32,285,1,P008829   ,0.0,0.0,OLY,25,"PETERS, ALEC",16:01,4,2,3,0,1,0,0,1,2,3,1,0,1,0,0,1,0,4,-10.0
2022,RS,32,285,1,P008991   ,0.0,1.0,OLY,28,"BLACK, TARIK",14:50,21,7,8,0,0,7,7,1,1,2,1,1,1,1,0,3,6,27,1.0
2022,RS,32,285,1,P007853   ,1.0,0.0,OLY,77,"MCKISSIC, SHAQUIELLE",17:23,5,2,3,0,2,1,1,2,0,2,1,0,1,0,0,1,1,4,13.0
2022,RS,32,285,1,Team,0.0,0.0,OLY,,Team,,0,0,0,0,0,0,0,2,1,3,0,0,1,0,0,0,0,2,
2022,RS,32,285,1,Total,,,OLY,,Total,200:00,81,24,35,3,17,24,34,9,20,29,23,6,12,2,0,19,27,102,
2022,RS,32,285,0,P011225   ,1.0,1.0,PAN,5,"LEE, PARIS",33:44,15,3,6,2,6,3,6,0,3,3,5,1,5,0,1,2,5,11,-14.0
2022,RS,32,285,0,P005844   ,1.0,1.0,PAN,6,"PAPAGIANNIS, GEORGIOS",17:07,4,0,0,0,1,4,4,1,1,2,0,1,1,0,0,3,2,4,-20.0
2022,RS,32,285,0,P003240   ,0.0,0.0,PAN,7,"BOCHORIDIS, ELEFTHERIOS",10:28,0,0,0,0,1,0,0,0,1,1,0,1,0,0,0,1,3,3,4.0
2022,RS,32,285,0,P009006   ,1.0,1.0,PAN,8,"WILLIAMS, DERRICK",22:35,8,2,3,1,4,1,2,0,2,2,3,0,0,0,1,3,1,5,-5.0
2022,RS,32,285,0,P004429   ,0.0,0.0,PAN,9,"AGRAVANIS, DIMITRIS",01:50,0,0,2,0,0,0,0,3,0,3,0,0,0,0,0,1,0,0,-2.0
2022,RS,32,285,0,P000464   ,0.0,0.0,PAN,11,"PAPPAS, NIKOS",DNP,0,0,0,0,0,0,0,0,0,0,0,0,0,0,0,0,0,0,0.0
2022,RS,32,285,0,P006586   ,0.0,0.0,PAN,16,"KALAITZAKIS, GEORGIOS",09:26,2,1,3,0,0,0,0,2,0,2,0,0,1,0,0,2,0,-1,-6.0
2022,RS,32,285,0,P008967   ,1.0,0.0,PAN,17,"THOMAS, MATT",10:00,2,1,1,0,2,0,0,0,3,3,0,0,1,0,0,0,0,2,-5.0
2022,RS,32,285,0,P011286   ,1.0,0.0,PAN,24,"BACON, DWAYNE",32:44,14,3,6,1,3,5,5,1,3,4,5,0,1,0,0,5,3,15,1.0
2022,RS,32,285,0,P002328   ,0.0,1.0,PAN,40,"GRIGONIS, MARIUS",18:29,8,0,1,2,3,2,2,0,2,2,2,0,0,0,0,3,2,9,-1.0
2022,RS,32,285,0,P008084   ,0.0,1.0,PAN,72,"MANTZOUKAS, ELEFTHERIOS",22:34,8,0,1,2,4,2,2,0,1,1,1,0,1,0,0,3,1,4,-6.0
2022,RS,32,285,0,P003120   ,0.0,0.0,PAN,77,"GUDAITIS, ARTURAS",21:03,12,5,6,0,0,2,2,3,3,6,1,4,1,0,0,4,2,19,14.0
2022,RS,32,285,0,Team,0.0,0.0,PAN,,Team,,0,0,0,0,0,0,0,0,0,0,0,0,3,0,0,0,0,-3,
2022,RS,32,285,0,Total,,,PAN,,Total,200:00,73,15,29,8,24,19,23,10,19,29,17,7,14,0,2,27,19,68,
2022,RS,32,286,1,P011948   ,0.0,0.0,BAS,0,"HOWARD, MARKUS",13:48,5,0,6,0,3,5,5,0,0,0,0,0,0,0,0,2,3,-3,1.0
2022,RS,32,286,1,P012259   ,0.0,0.0,BAS,1,"HEIDEGGER, MAX",DNP,0,0,0,0,0,0,0,0,0,0,0,0,0,0,0,0,0,0,0.0
2022,RS,32,286,1,P008850   ,0.0,1.0,BAS,2,"RAIESTE, SANDER",00:54,0,0,0,0,0,0,0,1,0,1,0,0,0,0,0,0,0,1,4.0
2022,RS,32,286,1,P004761   ,1.0,0.0,BAS,9,"MARINKOVIC, VANJA",30:25,35,6,9,6,9,5,5,0,1,1,1,0,3,0,0,2,3,29,23.0
2022,RS,32,286,1,P003198   ,0.0,1.0,BAS,11,"DIEZ, DANIEL",02:44,0,0,0,0,0,0,0,0,1,1,0,0,0,0,0,1,0,0,3.0
2022,RS,32,286,1,P011078   ,1.0,0.0,BAS,13,"THOMPSON, DARIUS",25:46,13,3,6,1,4,4,4,0,2,2,4,3,4,1,0,4,6,15,2.0
2022,RS,32,286,1,P004603   ,1.0,1.0,BAS,21,"KOTSAR, MAIK",26:43,8,1,3,0,0,6,6,2,4,6,2,2,1,2,1,2,6,20,17.0
2022,RS,32,286,1,P011239   ,0.0,0.0,BAS,23,"ENOCH, STEVEN",06:55,2,1,3,0,0,0,0,2,0,2,0,0,0,0,0,0,0,2,-7.0
2022,RS,32,286,1,P010444   ,0.0,1.0,BAS,24,"COSTELLO, MATTHEW",21:07,5,1,1,1,1,0,0,5,7,12,4,2,1,3,0,3,2,24,13.0
2022,RS,32,286,1,P006436   ,1.0,0.0,BAS,31,"GIEDRAITIS, ROKAS",36:35,12,2,5,2,4,2,2,2,8,10,1,0,0,0,1,1,3,19,21.0
2022,RS,32,286,1,P011949   ,1.0,0.0,BAS,34,"HOMMES, DAULTON",22:47,12,0,1,2,3,6,6,0,4,4,1,0,2,0,0,3,3,13,20.0
2022,RS,32,286,1,P007265   ,0.0,1.0,BAS,47,"KURUCS, ARTURS",12:16,0,0,0,0,2,0,0,0,1,1,0,0,1,0,0,3,0,-5,18.0
2022,RS,32,286,1,Team,0.0,0.0,BAS,,Team,,0,0,0,0,0,0,0,4,0,4,0,0,1,0,0,0,0,3,
2022,RS,32,286,1,Total,,,BAS,,Total,200:00,92,14,34,12,26,28,28,16,28,44,13,7,13,6,2,21,26,118,
2022,RS,32,286,0,P011157   ,1.0,0.0,ULK,0,"MOTLEY, JOHNATHAN",24:20,18,7,10,0,0,4,7,2,1,3,1,1,2,1,1,4,5,16,-12.0
2022,RS,32,286,0,P011201   ,0.0,0.0,ULK,2,"HAZER, SEHMUS",DNP,0,0,0,0,0,0,0,0,0,0,0,0,0,0,0,0,0,0,0.0
2022,RS,32,286,0,P011987   ,0.0,1.0,ULK,4,"EDWARDS, CARSEN",30:19,16,4,11,1,2,5,5,1,2,3,2,0,4,0,0,3,5,11,-9.0
2022,RS,32,286,0,P001413   ,0.0,1.0,ULK,8,"BJELICA, NEMANJA",10:55,4,2,3,0,0,0,0,1,4,5,0,0,0,1,1,1,1,8,-7.0
2022,RS,32,286,0,P008962   ,1.0,0.0,ULK,11,"HAYES-DAVIS, NIGEL",26:13,7,1,3,1,3,2,3,1,1,2,2,1,1,0,1,5,4,4,-9.0
2022,RS,32,286,0,P006961   ,1.0,0.0,ULK,13,"BIBEROVIC, TARIK",31:57,10,2,5,2,4,0,2,0,4,4,1,2,1,0,0,2,2,9,-13.0
2022,RS,32,286,0,P009733   ,0.0,1.0,ULK,22,"JEKIRI, TONYE",16:50,2,0,3,0,0,2,2,1,1,2,2,1,0,0,1,3,1,1,-9.0
2022,RS,32,286,0,P004004   ,0.0,1.0,ULK,23,"GUDURIC, MARKO",19:50,3,1,2,0,2,1,2,1,1,2,1,1,1,0,0,4,2,0,-14.0
2022,RS,32,286,0,P009849   ,1.0,1.0,ULK,27,"DORSEY, TYLER",16:59,0,0,2,0,3,0,0,0,1,1,1,0,0,0,1,2,0,-6,-32.0
2022,RS,32,286,0,P001932   ,1.0,0.0,ULK,33,"CALATHES, NICK",20:10,9,4,6,0,3,1,1,0,2,2,2,2,1,0,1,0,1,9,-9.0
2022,RS,32,286,0,P011221   ,0.0,0.0,ULK,37,"ANTETOKOUNMPO, KOSTAS",02:27,0,0,0,0,0,0,0,1,0,1,0,0,1,0,0,2,0,-2,-1.0
2022,RS,32,286,0,Team,0.0,0.0,ULK,,Team,,0,0,0,0,0,0,0,3,0,3,0,0,0,0,0,0,0,3,
2022,RS,32,286,0,Total,,,ULK,,Total,200:00,69,21,45,4,17,15,22,11,17,28,12,8,11,2,6,26,21,53,
2022,RS,32,287,1,P010391   ,1.0,0.0,MUN,0,"WEILER-BABB, NICK",16:26,2,1,1,0,4,0,0,0,1,1,5,1,1,1,0,2,0,3,-9.0
2022,RS,32,287,1,P009866   ,0.0,1.0,MUN,2,"WALDEN, COREY",26:20,18,1,3,3,6,7,7,0,3,3,3,0,0,0,1,4,6,20,-2.0
2022,RS,32,287,1,P004862   ,0.0,0.0,MUN,4,"SEELEY, DENNIS",16:16,8,3,4,0,5,2,2,0,0,0,2,1,0,0,0,2,2,5,2.0
2022,RS,32,287,1,P001557   ,0.0,0.0,MUN,7,"GIFFEY, NIELS",21:38,5,1,2,1,3,0,0,1,1,2,2,0,2,0,0,2,2,4,5.0
2022,RS,32,287,1,P006760   ,1.0,1.0,MUN,9,"BONGA, ISAAC",27:58,9,2,3,1,3,2,3,3,3,6,1,0,2,0,0,4,4,10,-9.0
2022,RS,32,287,1,P001288   ,1.0,1.0,MUN,11,"LUCIC, VLADIMIR",22:32,20,2,5,4,4,4,5,0,1,1,0,1,1,0,0,3,3,17,6.0
2022,RS,32,287,1,P004508   ,1.0,1.0,MUN,13,"OBST, ANDREAS",20:58,3,0,0,1,4,0,0,0,1,1,2,0,0,0,0,2,1,2,3.0
2022,RS,32,287,1,P005056   ,0.0,0.0,MUN,16,"ZIPSER, PAUL",DNP,0,0,0,0,0,0,0,0,0,0,0,0,0,0,0,0,0,0,0.0
2022,RS,32,287,1,P005478   ,0.0,0.0,MUN,17,"WIMBERG, NIKLAS",08:34,0,0,0,0,0,0,0,0,0,0,2,0,0,0,0,0,0,2,-3.0
2022,RS,32,287,1,P011941   ,1.0,0.0,MUN,33,"GILLESPIE, FREDDIE",19:26,6,2,3,0,0,2,2,1,5,6,0,0,2,1,0,5,2,7,-6.0
2022,RS,32,287,1,P012406   ,0.0,1.0,MUN,45,"CHEATHAM, ZYLAN ANTHONY",19:52,10,1,1,0,0,8,10,0,5,5,2,0,3,0,0,4,5,13,-2.0
2022,RS,32,287,1,Team,0.0,0.0,MUN,,Team,,0,0,0,0,0,0,0,2,2,4,0,0,0,0,0,0,0,4,
2022,RS,32,287,1,Total,,,MUN,,Total,200:00,81,13,22,10,29,25,29,7,22,29,19,3,11,2,1,28,25,87,
2022,RS,32,287,0,P010588   ,1.0,1.0,MCO,0,"BROWN, JOHN",22:34,7,3,5,0,0,1,1,4,2,6,1,0,0,0,0,2,2,12,2.0
2022,RS,32,287,0,P011212   ,0.0,1.0,MCO,0,"OKOBO, ELIE",26:03,9,3,6,0,2,3,5,0,2,2,3,2,4,0,0,3,3,5,-1.0
2022,RS,32,287,0,P009754   ,0.0,1.0,MCO,3,"LOYD, JORDAN",28:06,14,1,3,1,4,9,9,0,4,4,3,1,0,0,0,3,6,20,1.0
2022,RS,32,287,0,P011231   ,0.0,1.0,MCO,4,"BLOSSOMGAME, JARON",20:59,5,1,1,0,2,3,4,0,4,4,0,0,0,0,0,3,4,7,-2.0
2022,RS,32,287,0,P011935   ,0.0,0.0,MCO,5,"MAKOUNDOU, YOAN",DNP,0,0,0,0,0,0,0,0,0,0,0,0,0,0,0,0,0,0,0.0
2022,RS,32,287,0,P011226   ,1.0,0.0,MCO,11,"DIALLO, ALPHA",27:48,5,2,5,0,1,1,2,3,2,5,3,0,1,0,0,4,2,5,7.0
2022,RS,32,287,0,PLCZ      ,1.0,0.0,MCO,20,"MOTIEJUNAS, DONATAS",23:44,9,3,6,0,1,3,6,1,3,4,3,1,2,0,1,2,5,10,15.0
2022,RS,32,287,0,P004197   ,1.0,0.0,MCO,24,"OUATTARA, YAKUBA",05:20,0,0,0,0,0,0,0,0,0,0,0,1,0,0,0,1,0,0,-2.0
2022,RS,32,287,0,P008099   ,0.0,0.0,MCO,32,"STRAZEL, MATTHEW",DNP,0,0,0,0,0,0,0,0,0,0,0,0,0,0,0,0,0,0,0.0
2022,RS,32,287,0,P011196   ,0.0,0.0,MCO,45,"HALL, DONTA",13:21,7,2,3,0,0,3,4,0,3,3,0,0,0,1,0,5,2,6,-8.0
2022,RS,32,287,0,P005985   ,1.0,1.0,MCO,55,"JAMES, MIKE",32:05,28,3,7,6,9,4,5,1,2,3,3,1,2,0,1,3,4,25,3.0
2022,RS,32,287,0,Team,0.0,0.0,MCO,,Team,,0,0,0,0,0,0,0,2,0,2,0,0,0,0,0,0,0,2,
2022,RS,32,287,0,Total,,,MCO,,Total,200:00,84,18,36,7,19,27,36,11,22,33,16,6,9,1,2,26,28,92,
2022,RS,32,288,1,P009212   ,0.0,0.0,PAR,1,"VUKCEVIC, TRISTAN",DNP,0,0,0,0,0,0,0,0,0,0,0,0,0,0,0,0,0,0,0.0
2022,RS,32,288,1,P008987   ,1.0,1.0,PAR,2,"LEDAY, ZACH",26:11,6,0,3,1,1,3,3,1,1,2,0,0,2,0,0,3,2,2,5.0
2022,RS,32,288,1,P003983   ,1.0,1.0,PAR,4,"AVRAMOVIC, ALEKSA",15:17,5,1,5,1,4,0,0,0,2,2,1,2,0,0,0,1,1,3,4.0
2022,RS,32,288,1,P009862   ,0.0,0.0,PAR,7,"PUNTER, KEVIN",29:13,16,5,12,1,2,3,3,0,2,2,6,3,0,0,1,3,3,18,24.0
2022,RS,32,288,1,P011051   ,1.0,0.0,PAR,9,"SMAILAGIC, ALEN",09:07,11,3,5,1,1,2,4,0,0,0,1,1,1,0,2,5,2,3,4.0
2022,RS,32,288,1,P005161   ,1.0,0.0,PAR,10,"PAPAPETROU, IOANNIS",22:05,10,4,5,0,0,2,2,1,4,5,0,0,2,0,0,4,2,10,5.0
2022,RS,32,288,1,P011302   ,0.0,0.0,PAR,11,"EXUM, DANTE",23:08,15,3,4,2,4,3,4,1,3,4,3,0,0,0,0,2,2,18,16.0
2022,RS,32,288,1,P007400   ,0.0,0.0,PAR,21,"NUNNALLY, JAMES",22:13,14,5,6,0,0,4,4,1,1,2,2,0,0,0,0,2,3,18,14.0
2022,RS,32,288,1,P003842   ,0.0,1.0,PAR,26,"LESSORT, MATHIAS",30:51,16,7,9,0,0,2,3,4,4,8,3,2,0,1,0,4,6,29,10.0
2022,RS,32,288,1,P007673   ,1.0,1.0,PAR,32,"TRIFUNOVIC, UROS",08:52,4,0,0,1,1,1,2,0,0,0,1,0,0,0,0,0,1,5,-10.0
2022,RS,32,288,1,P000956   ,0.0,0.0,PAR,33,"ANDJUSIC, DANILO",07:07,5,0,1,0,0,5,6,0,3,3,2,0,1,0,0,0,2,9,2.0
2022,RS,32,288,1,P011052   ,0.0,1.0,PAR,41,"MADAR, YAM",05:56,2,1,1,0,0,0,0,0,0,0,0,0,3,0,0,3,0,-4,-4.0
2022,RS,32,288,1,Team,0.0,0.0,PAR,,Team,,0,0,0,0,0,0,0,2,2,4,0,0,0,0,0,0,0,4,
2022,RS,32,288,1,Total,,,PAR,,Total,200:00,104,29,51,7,13,25,31,10,22,32,19,8,9,1,3,27,24,115,
2022,RS,32,288,0,P001392   ,0.0,0.0,MAD,1,"CAUSEUR, FABIEN",04:52,0,0,0,0,1,0,0,0,0,0,1,0,1,0,0,0,0,-1,-4.0
2022,RS,32,288,0,PBMT      ,0.0,0.0,MAD,5,"FERNANDEZ, RUDY",16:27,3,0,0,1,4,0,0,1,1,2,0,0,1,0,0,2,0,-1,-18.0
2022,RS,32,288,0,P003733   ,1.0,1.0,MAD,6,"ABALDE, ALBERTO",13:31,2,1,1,0,0,0,0,0,1,1,2,0,0,0,0,1,1,5,8.0
2022,RS,32,288,0,P005099   ,1.0,0.0,MAD,8,"HANGA, ADAM",21:04,10,0,0,2,3,4,4,0,1,1,1,1,1,0,0,2,3,12,-8.0
2022,RS,32,288,0,P003108   ,1.0,1.0,MAD,11,"HEZONJA, MARIO",30:20,17,2,6,4,7,1,4,1,2,3,3,1,2,0,0,3,3,12,-3.0
2022,RS,32,288,0,PCVM      ,0.0,0.0,MAD,13,"RODRIGUEZ, SERGIO",12:14,3,1,1,0,0,1,1,0,0,0,5,0,1,0,0,2,0,5,-8.0
2022,RS,32,288,0,P009005   ,0.0,0.0,MAD,14,"DECK, GABRIEL",22:00,17,4,7,1,3,6,6,2,5,7,3,0,1,0,0,2,4,23,-11.0
2022,RS,32,288,0,P004887   ,0.0,1.0,MAD,17,"POIRIER, VINCENT",14:57,9,2,4,1,2,2,3,1,0,1,0,1,1,1,1,3,2,5,-6.0
2022,RS,32,288,0,P004790   ,0.0,1.0,MAD,21,"CORNELIE, PETR",12:38,0,0,2,0,2,0,0,1,3,4,1,0,0,0,0,0,0,1,-5.0
2022,RS,32,288,0,P005791   ,1.0,0.0,MAD,22,"TAVARES, WALTER",21:23,7,1,1,0,0,5,5,0,4,4,3,0,3,2,0,5,6,14,-1.0
2022,RS,32,288,0,P009213   ,0.0,0.0,MAD,30,"NDIAYE, ELI",02:10,0,0,1,0,0,0,0,0,0,0,0,0,0,0,0,1,0,-2,-3.0
2022,RS,32,288,0,P006540   ,1.0,1.0,MAD,31,"MUSA, DZANAN",28:24,22,5,7,0,2,12,13,1,1,2,3,0,3,0,0,3,7,23,-11.0
2022,RS,32,288,0,Team,0.0,0.0,MAD,,Team,,0,0,0,0,0,0,0,2,2,4,0,0,0,0,0,0,0,4,
2022,RS,32,288,0,Total,,,MAD,,Total,200:00,90,16,30,9,24,31,36,9,20,29,22,3,14,3,1,24,26,100,
2022,RS,33,289,1,P004267   ,0.0,0.0,RED,0,"HOLLAND, JOHN",20:18,17,2,2,3,6,4,4,0,2,2,0,2,0,1,0,1,3,21,4.0
2022,RS,33,289,1,P007947   ,1.0,1.0,RED,1,"VILDOZA, LUCA",30:23,12,0,3,3,7,3,3,0,4,4,5,0,4,0,0,0,3,13,8.0
2022,RS,33,289,1,P004720   ,1.0,0.0,RED,2,"LAZAREVIC, STEFAN",09:51,0,0,1,0,0,0,0,0,1,1,0,1,1,0,0,3,0,-3,-5.0
2022,RS,33,289,1,P005928   ,1.0,1.0,RED,7,"CAMPAZZO, FACUNDO",29:04,20,4,5,2,4,6,6,0,3,3,8,5,2,0,0,3,5,33,6.0
2022,RS,33,289,1,P002553   ,0.0,0.0,RED,9,"MITROVIC, LUKA",14:29,10,4,5,0,0,2,3,2,1,3,2,0,1,0,1,1,2,12,4.0
2022,RS,33,289,1,P009540   ,0.0,1.0,RED,12,"MARTIN, HASSAN",18:48,4,2,3,0,0,0,0,2,3,5,1,4,3,1,0,3,0,8,11.0
2022,RS,33,289,1,P004007   ,1.0,1.0,RED,13,"DOBRIC, OGNJEN",30:45,7,3,6,0,4,1,2,1,3,4,2,0,0,0,0,0,1,6,2.0
2022,RS,33,289,1,P003332   ,0.0,0.0,RED,20,"IVANOVIC, NIKOLA",DNP,0,0,0,0,0,0,0,0,0,0,0,0,0,0,0,0,0,0,0.0
2022,RS,33,289,1,P011964   ,0.0,0.0,RED,22,"ILIC, DALIBOR",06:34,2,1,1,0,0,0,0,0,0,0,0,0,0,0,0,0,0,2,4.0
2022,RS,33,289,1,P000848   ,0.0,0.0,RED,26,"NEDOVIC, NEMANJA",04:16,0,0,0,0,1,0,0,0,0,0,0,0,2,0,0,0,0,-3,0.0
2022,RS,33,289,1,P003479   ,1.0,0.0,RED,32,"KUZMIC, OGNJEN",06:28,3,1,1,0,0,1,2,0,0,0,0,0,0,0,0,1,1,2,-7.0
2022,RS,33,289,1,P011194   ,0.0,1.0,RED,33,"PETRUSEV, FILIP",29:04,12,3,8,2,2,0,0,2,3,5,0,1,1,0,1,3,2,10,13.0
2022,RS,33,289,1,Team,0.0,0.0,RED,,Team,,0,0,0,0,0,0,0,1,3,4,0,0,1,0,0,0,0,3,
2022,RS,33,289,1,Total,,,RED,,Total,200:00,87,20,35,10,24,17,20,8,23,31,18,13,15,2,2,15,17,104,
2022,RS,33,289,0,P008855   ,1.0,1.0,OLY,0,"WALKUP, THOMAS",26:59,15,3,7,3,5,0,0,1,4,5,5,2,2,0,0,2,1,18,2.0
2022,RS,33,289,0,P010612   ,1.0,0.0,OLY,3,"CANAAN, ISAIAH",14:07,6,0,0,2,6,0,0,0,0,0,0,0,3,0,0,3,0,-4,-5.0
2022,RS,33,289,0,P006302   ,0.0,0.0,OLY,4,"LOUNTZIS, MICHALIS",DNP,0,0,0,0,0,0,0,0,0,0,0,0,0,0,0,0,0,0,0.0
2022,RS,33,289,0,P010392   ,0.0,0.0,OLY,5,"LARENTZAKIS, GIANNOULIS",10:42,0,0,0,0,5,0,0,1,0,1,0,1,2,0,0,0,0,-5,-3.0
2022,RS,33,289,0,P008811   ,1.0,1.0,OLY,10,"FALL, MOUSTAPHA",28:35,6,2,4,0,0,2,5,3,4,7,1,1,1,2,0,2,6,15,5.0
2022,RS,33,289,0,P001926   ,0.0,1.0,OLY,11,"SLOUKAS, KOSTAS",23:47,13,2,3,2,4,3,3,0,3,3,3,0,3,0,1,1,1,12,-7.0
2022,RS,33,289,0,P003469   ,1.0,1.0,OLY,14,"VEZENKOV, SASHA",35:14,16,4,6,2,4,2,2,2,6,8,3,0,2,0,0,0,2,23,-5.0
2022,RS,33,289,0,P001255   ,1.0,0.0,OLY,16,"PAPANIKOLAOU, KOSTAS",24:18,10,2,3,2,3,0,0,2,2,4,1,2,3,0,0,1,0,11,-5.0
2022,RS,33,289,0,P009035   ,0.0,0.0,OLY,21,"BOLOMBOY, JOEL",04:36,1,0,0,0,0,1,2,0,1,1,0,0,1,0,0,2,1,-1,-6.0
2022,RS,33,289,0,P008829   ,0.0,1.0,OLY,25,"PETERS, ALEC",06:13,0,0,0,0,1,0,0,0,0,0,0,0,0,0,0,2,0,-3,-1.0
2022,RS,33,289,0,P008991   ,0.0,0.0,OLY,28,"BLACK, TARIK",06:41,2,1,3,0,0,0,0,2,1,3,1,0,1,0,0,2,0,1,-9.0
2022,RS,33,289,0,P007853   ,0.0,0.0,OLY,77,"MCKISSIC, SHAQUIELLE",18:48,10,4,6,0,4,2,2,0,1,1,4,1,1,0,1,2,3,9,-6.0
2022,RS,33,289,0,Team,0.0,0.0,OLY,,Team,,0,0,0,0,0,0,0,4,0,4,0,0,0,0,0,0,0,4,
2022,RS,33,289,0,Total,,,OLY,,Total,200:00,79,18,32,11,32,10,14,15,22,37,18,7,19,2,2,17,14,80,
2022,RS,33,290,1,P011157   ,1.0,0.0,ULK,0,"MOTLEY, JOHNATHAN",20:40,11,5,8,0,0,1,2,2,1,3,4,0,4,1,1,4,2,8,-2.0
2022,RS,33,290,1,P011201   ,0.0,0.0,ULK,2,"HAZER, SEHMUS",00:05,0,0,0,0,0,0,0,0,0,0,0,0,0,0,0,0,0,0,0.0
2022,RS,33,290,1,P011987   ,0.0,0.0,ULK,4,"EDWARDS, CARSEN",DNP,0,0,0,0,0,0,0,0,0,0,0,0,0,0,0,0,0,0,0.0
2022,RS,33,290,1,P002969   ,0.0,0.0,ULK,10,"MAHMUTOGLU, MELIH",DNP,0,0,0,0,0,0,0,0,0,0,0,0,0,0,0,0,0,0,0.0
2022,RS,33,290,1,P008962   ,1.0,1.0,ULK,11,"HAYES-DAVIS, NIGEL",40:00,26,6,9,3,4,5,6,0,4,4,4,1,0,0,1,3,6,32,17.0
2022,RS,33,290,1,P006961   ,0.0,0.0,ULK,13,"BIBEROVIC, TARIK",00:05,0,0,0,0,0,0,0,0,0,0,0,0,0,0,0,0,0,0,0.0
2022,RS,33,290,1,P010560   ,1.0,1.0,ULK,21,"PIERRE, DYSHAWN",40:00,17,5,8,2,2,1,1,3,5,8,1,0,2,0,0,0,6,27,17.0
2022,RS,33,290,1,P009733   ,0.0,1.0,ULK,22,"JEKIRI, TONYE",15:54,8,4,4,0,0,0,0,2,2,4,1,0,0,1,0,4,0,10,19.0
2022,RS,33,290,1,P004004   ,0.0,1.0,ULK,23,"GUDURIC, MARKO",22:25,10,5,6,0,2,0,0,0,1,1,3,0,0,0,0,1,0,10,16.0
2022,RS,33,290,1,P009849   ,1.0,1.0,ULK,27,"DORSEY, TYLER",34:54,17,3,6,3,7,2,2,0,1,1,4,0,1,0,1,3,4,14,19.0
2022,RS,33,290,1,P001932   ,1.0,0.0,ULK,33,"CALATHES, NICK",25:57,14,4,5,2,3,0,0,0,3,3,3,0,1,0,0,4,0,13,-1.0
2022,RS,33,290,1,P011221   ,0.0,0.0,ULK,37,"ANTETOKOUNMPO, KOSTAS",DNP,0,0,0,0,0,0,0,0,0,0,0,0,0,0,0,0,0,0,0.0
2022,RS,33,290,1,Team,0.0,0.0,ULK,,Team,,0,0,0,0,0,0,0,5,1,6,0,0,0,0,0,0,0,6,
2022,RS,33,290,1,Total,,,ULK,,Total,200:00,103,32,46,10,18,9,11,12,18,30,20,1,8,2,3,19,18,120,
2022,RS,33,290,0,P007200   ,0.0,0.0,IST,0,"LARKIN, SHANE",27:45,13,3,3,2,5,1,2,1,2,3,6,1,2,0,0,1,2,18,-7.0
2022,RS,33,290,0,P006590   ,1.0,1.0,IST,1,"BEAUBOIS, RODRIGUE",25:59,8,3,3,0,1,2,2,0,0,0,3,1,0,0,0,2,1,10,-8.0
2022,RS,33,290,0,P006614   ,0.0,0.0,IST,2,"SINGLETON, CHRIS",00:23,0,0,0,0,0,0,0,0,0,0,0,0,0,0,0,0,0,0,-2.0
2022,RS,33,290,0,P009846   ,1.0,1.0,IST,6,"BRYANT, ELIJAH",23:42,7,1,1,1,2,2,2,0,0,0,1,2,0,0,0,4,2,7,-19.0
2022,RS,33,290,0,P004888   ,1.0,0.0,IST,12,"CLYBURN, WILL",35:52,21,7,10,1,6,4,6,1,5,6,1,2,0,2,0,4,6,24,-20.0
2022,RS,33,290,0,P012405   ,0.0,0.0,IST,14,"HALTALI, FURKAN",DNP,0,0,0,0,0,0,0,0,0,0,0,0,0,0,0,0,0,0,0.0
2022,RS,33,290,0,P005348   ,0.0,0.0,IST,18,"ARNA, EGEHAN",DNP,0,0,0,0,0,0,0,0,0,0,0,0,0,0,0,0,0,0,0.0
2022,RS,33,290,0,P002925   ,0.0,0.0,IST,19,"TUNCER, BUGRAHAN",DNP,0,0,0,0,0,0,0,0,0,0,0,0,0,0,0,0,0,0,0.0
2022,RS,33,290,0,PLHK      ,0.0,1.0,IST,21,"PLEISS, TIBOR",08:28,3,0,0,1,2,0,0,0,1,1,0,0,0,0,0,1,0,2,0.0
2022,RS,33,290,0,P002580   ,1.0,1.0,IST,22,"MICIC, VASILIJE",31:04,16,4,6,2,6,2,2,0,0,0,2,1,2,0,1,3,4,11,-15.0
2022,RS,33,290,0,P007993   ,0.0,1.0,IST,24,"M'BAYE, AMATH",18:42,8,3,4,0,0,2,3,0,0,0,0,0,0,1,0,1,2,8,-4.0
2022,RS,33,290,0,P004554   ,1.0,0.0,IST,41,"ZIZIC, ANTE",28:05,10,5,11,0,0,0,0,4,3,7,0,0,1,0,1,3,2,8,-10.0
2022,RS,33,290,0,Team,0.0,0.0,IST,,Team,,0,0,0,0,0,0,0,2,0,2,0,0,3,0,0,0,0,-1,
2022,RS,33,290,0,Total,,,IST,,Total,200:00,86,26,38,7,22,13,17,8,11,19,13,7,8,3,2,19,19,87,
2022,RS,33,291,1,P011948   ,0.0,0.0,BAS,0,"HOWARD, MARKUS",18:34,5,2,3,0,2,1,2,0,0,0,3,2,1,0,0,2,2,5,0.0
2022,RS,33,291,1,P012259   ,0.0,1.0,BAS,1,"HEIDEGGER, MAX",06:15,3,0,0,1,1,0,0,0,0,0,0,0,0,0,0,0,0,3,5.0
2022,RS,33,291,1,P008850   ,0.0,1.0,BAS,2,"RAIESTE, SANDER",06:45,0,0,0,0,1,0,0,1,0,1,0,0,1,0,0,1,0,-2,-4.0
2022,RS,33,291,1,P004761   ,1.0,0.0,BAS,9,"MARINKOVIC, VANJA",15:13,10,2,3,2,3,0,0,0,0,0,2,1,1,0,0,4,0,6,16.0
2022,RS,33,291,1,P003198   ,0.0,1.0,BAS,11,"DIEZ, DANIEL",06:10,6,0,0,2,3,0,0,0,1,1,0,0,0,0,0,0,0,6,0.0
2022,RS,33,291,1,P011078   ,1.0,0.0,BAS,13,"THOMPSON, DARIUS",28:15,23,7,11,1,3,6,8,3,1,4,12,3,2,0,0,2,6,36,21.0
2022,RS,33,291,1,P004603   ,1.0,0.0,BAS,21,"KOTSAR, MAIK",21:08,15,6,8,0,0,3,4,2,4,6,3,0,1,0,0,2,5,23,21.0
2022,RS,33,291,1,P011239   ,0.0,1.0,BAS,23,"ENOCH, STEVEN",16:06,8,4,5,0,0,0,2,2,1,3,1,1,2,0,0,3,1,6,-6.0
2022,RS,33,291,1,P010444   ,0.0,0.0,BAS,24,"COSTELLO, MATTHEW",15:59,9,2,3,1,5,2,3,0,2,2,3,0,1,0,1,3,2,5,6.0
2022,RS,33,291,1,P006436   ,1.0,0.0,BAS,31,"GIEDRAITIS, ROKAS",28:21,19,1,1,5,8,2,2,0,4,4,2,1,0,0,0,2,1,22,22.0
2022,RS,33,291,1,P011949   ,1.0,0.0,BAS,34,"HOMMES, DAULTON",20:37,12,1,1,2,4,4,5,1,4,5,5,0,0,0,0,2,2,19,19.0
2022,RS,33,291,1,P007265   ,0.0,1.0,BAS,47,"KURUCS, ARTURS",16:37,10,0,1,3,4,1,2,1,0,1,2,1,0,0,0,3,2,10,0.0
2022,RS,33,291,1,Team,0.0,0.0,BAS,,Team,,0,0,0,0,0,0,0,3,0,3,0,0,0,0,0,0,0,3,
2022,RS,33,291,1,Total,,,BAS,,Total,200:00,120,25,36,17,34,19,28,13,17,30,33,9,9,0,1,24,21,142,
2022,RS,33,291,0,P011936   ,0.0,1.0,ASV,0,"MATHEWS, JONAH",26:58,25,6,9,1,2,10,10,1,1,2,2,1,2,0,0,2,7,29,-1.0
2022,RS,33,291,0,P004264   ,1.0,1.0,ASV,3,"BOST, DEE",27:05,12,1,1,3,5,1,2,0,1,1,2,1,1,0,0,2,1,11,-20.0
2022,RS,33,291,0,PKIR      ,1.0,0.0,ASV,5,"KAHUDI, CHARLES",16:38,11,2,2,2,5,1,1,0,0,0,0,0,0,1,0,2,2,9,-20.0
2022,RS,33,291,0,P004119   ,0.0,1.0,ASV,9,"TYUS, ALEX",31:50,4,1,2,0,0,2,4,2,5,7,0,2,1,0,0,1,2,10,-9.0
2022,RS,33,291,0,P002100   ,1.0,0.0,ASV,12,"DE COLO, NANDO",20:52,19,2,2,2,3,9,10,0,1,1,2,1,6,0,0,1,6,20,-16.0
2022,RS,33,291,0,P006568   ,1.0,0.0,ASV,19,"FALL, YOUSSOUPHA",07:00,4,2,2,0,0,0,0,1,3,4,0,0,3,0,0,5,0,0,-7.0
2022,RS,33,291,0,P003526   ,1.0,1.0,ASV,23,"LIGHTY, DAVID",23:48,12,5,7,0,3,2,3,1,2,3,2,2,2,0,0,4,3,10,-5.0
2022,RS,33,291,0,P011938   ,0.0,0.0,ASV,32,"OBASOHAN, RETIN",21:55,4,1,3,0,1,2,2,0,2,2,5,0,1,0,0,3,1,5,-13.0
2022,RS,33,291,0,P006832   ,0.0,1.0,ASV,35,"PONS, YVES",23:54,9,0,0,3,5,0,0,0,4,4,0,0,0,0,0,2,1,10,-9.0
2022,RS,33,291,0,Team,0.0,0.0,ASV,,Team,,0,0,0,0,0,0,0,0,1,1,0,0,0,0,0,0,0,1,
2022,RS,33,291,0,Total,,,ASV,,Total,200:00,100,20,28,11,24,27,32,5,20,25,13,7,16,1,0,22,23,105,
2022,RS,33,292,1,P011970   ,0.0,0.0,PAM,0,"HARPER, JARED",06:57,2,0,1,0,1,2,2,0,1,1,0,0,0,0,0,0,1,2,-4.0
2022,RS,33,292,1,P000556   ,0.0,0.0,PAM,1,"CLAVER, VICTOR",15:20,2,0,0,0,0,2,2,2,2,4,0,1,0,0,0,2,1,6,16.0
2022,RS,33,292,1,P006643   ,1.0,1.0,PAM,2,"PUERTO, JOSEP",16:25,4,0,2,1,2,1,2,1,2,3,1,3,2,0,1,2,1,3,-4.0
2022,RS,33,292,1,P010393   ,1.0,1.0,PAM,4,"PRADILLA, JAIME",15:52,6,3,3,0,1,0,0,1,0,1,0,0,0,0,0,0,1,7,-6.0
2022,RS,33,292,1,P011971   ,0.0,0.0,PAM,5,"WEBB III, JAMES",22:06,7,2,2,1,5,0,0,1,3,4,1,1,0,1,0,1,0,9,15.0
2022,RS,33,292,1,P005356   ,0.0,0.0,PAM,6,"LOPEZ-AROSTEGUI, XABI",19:42,4,2,6,0,2,0,0,2,4,6,4,0,1,0,0,3,2,6,12.0
2022,RS,33,292,1,P010568   ,1.0,1.0,PAM,7,"JONES, CHRIS",17:30,10,2,4,2,4,0,0,0,0,0,2,1,3,0,0,3,0,3,2.0
2022,RS,33,292,1,P011972   ,1.0,1.0,PAM,12,"RADEBAUGH, JONAH",23:13,9,3,5,1,1,0,0,2,0,2,3,0,0,0,0,2,2,12,-1.0
2022,RS,33,292,1,P010677   ,0.0,0.0,PAM,13,"EVANS, SHANNON",15:46,15,5,6,1,3,2,2,1,2,3,6,2,2,0,0,1,3,23,15.0
2022,RS,33,292,1,P011973   ,0.0,0.0,PAM,21,"ALEXANDER, KYLE",19:32,14,7,10,0,0,0,1,0,1,1,0,1,0,0,0,0,1,13,8.0
2022,RS,33,292,1,P008780   ,0.0,0.0,PAM,24,"HERMANNSSON, MARTIN",07:09,0,0,0,0,1,0,0,0,0,0,2,1,1,1,0,1,1,2,-1.0
2022,RS,33,292,1,P011214   ,1.0,1.0,PAM,41,"RIVERO, JASIEL",20:28,6,3,7,0,0,0,0,1,1,2,1,1,1,0,1,3,1,2,3.0
2022,RS,33,292,1,Team,0.0,0.0,PAM,,Team,,0,0,0,0,0,0,0,3,1,4,0,0,0,0,0,0,0,4,
2022,RS,33,292,1,Total,,,PAM,,Total,200:00,79,27,46,6,20,7,9,14,17,31,20,11,10,2,2,18,14,92,
2022,RS,33,292,0,P011064   ,0.0,0.0,VIR,1,"MANNION, NICCOLO",21:58,9,0,2,2,6,3,4,0,5,5,4,0,4,0,1,3,2,5,-9.0
2022,RS,33,292,0,P004655   ,0.0,0.0,VIR,7,"BAKO, ISMAEL",17:49,0,0,1,0,0,0,0,1,0,1,0,0,0,0,1,2,0,-3,-10.0
2022,RS,33,292,0,P002581   ,1.0,0.0,VIR,14,"JAITEH, MAM",18:33,10,3,3,0,0,4,4,2,2,4,0,0,3,0,0,1,2,12,-4.0
2022,RS,33,292,0,P010781   ,1.0,1.0,VIR,19,"LUNDBERG, IFFE",28:02,8,1,4,2,6,0,0,1,1,2,4,2,3,0,0,1,3,8,-1.0
2022,RS,33,292,0,P001133   ,1.0,1.0,VIR,21,"SHENGELIA, TORNIKE",24:55,6,2,3,0,0,2,2,0,2,2,4,2,2,1,0,2,3,13,-1.0
2022,RS,33,292,0,P001844   ,1.0,0.0,VIR,23,"HACKETT, DANIEL",28:48,0,0,1,0,1,0,0,0,1,1,2,0,2,0,0,3,1,-3,-16.0
2022,RS,33,292,0,P008296   ,0.0,1.0,VIR,24,"MENALO, LEO",01:12,0,0,0,0,0,0,0,0,0,0,0,0,0,0,0,0,0,0,4.0
2022,RS,33,292,0,P008847   ,0.0,1.0,VIR,25,"MICKEY, JORDAN",18:43,9,3,4,1,1,0,0,1,5,6,1,1,2,1,0,2,2,15,-7.0
2022,RS,33,292,0,P008108   ,0.0,0.0,VIR,29,"CAMARA, GORA",DNP,0,0,0,0,0,0,0,0,0,0,0,0,0,0,0,0,0,0,0.0
2022,RS,33,292,0,P006592   ,0.0,0.0,VIR,34,"WEEMS, KYLE",13:23,5,1,2,1,2,0,0,0,0,0,0,0,1,0,0,0,1,3,-10.0
2022,RS,33,292,0,P011982   ,1.0,1.0,VIR,37,"OJELEYE, SEMI",26:37,21,6,6,2,6,3,3,1,5,6,2,1,2,0,0,0,4,28,-1.0
2022,RS,33,292,0,Team,0.0,0.0,VIR,,Team,,0,0,0,0,0,0,0,0,0,0,0,0,1,0,0,0,0,-1,
2022,RS,33,292,0,Total,,,VIR,,Total,200:00,68,16,26,8,22,12,13,6,21,27,17,6,20,2,2,14,18,77,
2022,RS,33,293,1,P001392   ,0.0,0.0,MAD,1,"CAUSEUR, FABIEN",10:46,0,0,0,0,1,0,0,0,0,0,0,0,0,2,0,1,1,1,0.0
2022,RS,33,293,1,P005757   ,0.0,0.0,MAD,3,"RANDOLPH, ANTHONY",06:52,6,1,1,1,1,1,1,0,2,2,0,1,0,0,0,1,1,9,3.0
2022,RS,33,293,1,P003733   ,1.0,1.0,MAD,6,"ABALDE, ALBERTO",17:34,3,0,0,1,3,0,0,0,4,4,1,0,1,0,0,2,0,3,4.0
2022,RS,33,293,1,P005099   ,1.0,0.0,MAD,8,"HANGA, ADAM",18:00,9,1,1,2,3,1,2,0,0,0,4,1,1,0,0,2,2,11,5.0
2022,RS,33,293,1,P003108   ,0.0,1.0,MAD,11,"HEZONJA, MARIO",25:05,20,2,4,5,10,1,2,0,2,2,1,2,0,1,0,2,1,17,6.0
2022,RS,33,293,1,PCVM      ,0.0,0.0,MAD,13,"RODRIGUEZ, SERGIO",18:07,6,1,2,1,2,1,1,1,2,3,5,0,0,0,0,1,2,13,9.0
2022,RS,33,293,1,P009005   ,0.0,0.0,MAD,14,"DECK, GABRIEL",10:12,2,1,4,0,0,0,0,1,1,2,1,0,2,0,0,1,0,-1,4.0
2022,RS,33,293,1,P004790   ,1.0,1.0,MAD,21,"CORNELIE, PETR",17:21,5,0,0,1,3,2,2,0,1,1,2,0,0,0,0,0,2,8,-3.0
2022,RS,33,293,1,P005791   ,1.0,0.0,MAD,22,"TAVARES, WALTER",22:48,7,2,2,0,0,3,4,0,5,5,1,1,0,3,0,3,4,17,11.0
2022,RS,33,293,1,P010357   ,0.0,0.0,MAD,28,"YABUSELE, GUERSCHON",29:52,10,3,5,1,2,1,2,1,3,4,3,2,3,2,0,1,4,17,14.0
2022,RS,33,293,1,P009213   ,0.0,1.0,MAD,30,"NDIAYE, ELI",02:48,0,0,1,0,0,0,0,0,0,0,0,0,1,0,0,1,0,-3,-3.0
2022,RS,33,293,1,P006540   ,1.0,1.0,MAD,31,"MUSA, DZANAN",20:35,11,2,7,2,4,1,2,0,5,5,1,0,1,0,1,1,1,7,10.0
2022,RS,33,293,1,Team,0.0,0.0,MAD,,Team,,0,0,0,0,0,0,0,1,4,5,0,0,1,0,0,0,0,4,
2022,RS,33,293,1,Total,,,MAD,,Total,200:00,79,13,27,14,29,11,16,4,29,33,19,7,10,8,1,16,18,103,
2022,RS,33,293,0,P010391   ,1.0,0.0,MUN,0,"WEILER-BABB, NICK",22:43,8,1,4,2,5,0,0,0,1,1,3,1,1,0,1,2,1,4,-9.0
2022,RS,33,293,0,P009866   ,0.0,1.0,MUN,2,"WALDEN, COREY",19:11,0,0,0,0,3,0,0,0,1,1,2,3,2,0,0,1,4,4,-6.0
2022,RS,33,293,0,P001557   ,0.0,1.0,MUN,7,"GIFFEY, NIELS",20:24,6,3,6,0,0,0,0,0,3,3,2,0,1,0,2,2,1,4,3.0
2022,RS,33,293,0,P006760   ,0.0,0.0,MUN,9,"BONGA, ISAAC",11:24,2,0,1,0,1,2,2,1,1,2,0,0,1,0,1,0,2,2,-8.0
2022,RS,33,293,0,P004058   ,0.0,1.0,MUN,10,"JARAMAZ, OGNJEN",15:14,2,1,3,0,2,0,0,2,0,2,0,0,1,0,0,1,2,0,-12.0
2022,RS,33,293,0,P001288   ,1.0,0.0,MUN,11,"LUCIC, VLADIMIR",15:04,0,0,0,0,4,0,0,1,2,3,0,0,1,0,0,1,0,-3,-6.0
2022,RS,33,293,0,P004508   ,1.0,0.0,MUN,13,"OBST, ANDREAS",16:53,21,0,0,7,10,0,0,0,2,2,2,1,1,0,1,2,2,21,4.0
2022,RS,33,293,0,P005056   ,1.0,0.0,MUN,16,"ZIPSER, PAUL",22:06,6,0,0,2,5,0,0,0,3,3,0,0,0,0,0,4,0,2,-8.0
2022,RS,33,293,0,P005478   ,0.0,1.0,MUN,17,"WIMBERG, NIKLAS",17:01,0,0,0,0,3,0,0,1,1,2,2,0,0,1,0,0,0,2,-6.0
2022,RS,33,293,0,P011941   ,1.0,0.0,MUN,33,"GILLESPIE, FREDDIE",14:52,2,1,4,0,0,0,0,2,2,4,1,0,2,0,2,3,0,-3,-5.0
2022,RS,33,293,0,P012406   ,0.0,1.0,MUN,45,"CHEATHAM, ZYLAN ANTHONY",25:08,20,9,13,0,1,2,3,3,5,8,1,0,2,0,1,2,4,22,-7.0
2022,RS,33,293,0,Team,0.0,0.0,MUN,,Team,,0,0,0,0,0,0,0,1,2,3,0,0,0,0,0,0,0,3,
2022,RS,33,293,0,Total,,,MUN,,Total,200:00,67,15,31,11,34,4,5,11,23,34,13,5,12,1,8,18,16,58,
2022,RS,33,294,1,P010588   ,1.0,1.0,MCO,0,"BROWN, JOHN",30:07,7,2,4,0,0,3,4,2,4,6,2,1,0,0,0,3,4,14,7.0
2022,RS,33,294,1,P011212   ,0.0,1.0,MCO,0,"OKOBO, ELIE",30:22,23,8,10,1,3,4,4,0,2,2,3,1,2,0,0,2,4,25,-2.0
2022,RS,33,294,1,P009754   ,0.0,1.0,MCO,3,"LOYD, JORDAN",27:16,10,3,6,1,5,1,1,0,2,2,0,3,2,0,0,3,3,6,-2.0
2022,RS,33,294,1,P011231   ,0.0,0.0,MCO,4,"BLOSSOMGAME, JARON",14:52,0,0,1,0,1,0,0,0,1,1,0,0,0,0,0,4,1,-4,-22.0
2022,RS,33,294,1,P012017   ,0.0,0.0,MCO,6,"COUTURE, AMBROISE",DNP,0,0,0,0,0,0,0,0,0,0,0,0,0,0,0,0,0,0,0.0
2022,RS,33,294,1,P011226   ,1.0,1.0,MCO,11,"DIALLO, ALPHA",25:15,11,4,6,1,1,0,0,1,4,5,1,2,3,0,0,2,2,14,-6.0
2022,RS,33,294,1,PLCZ      ,1.0,0.0,MCO,20,"MOTIEJUNAS, DONATAS",16:37,10,3,5,1,2,1,1,1,1,2,1,0,1,1,1,4,3,8,20.0
2022,RS,33,294,1,P012378   ,0.0,0.0,MCO,23,"AMINI, MOHAMMAD",DNP,0,0,0,0,0,0,0,0,0,0,0,0,0,0,0,0,0,0,0.0
2022,RS,33,294,1,P004197   ,1.0,0.0,MCO,24,"OUATTARA, YAKUBA",07:43,3,0,1,1,2,0,0,0,0,0,0,0,0,0,0,1,0,0,0.0
2022,RS,33,294,1,P008099   ,0.0,0.0,MCO,32,"STRAZEL, MATTHEW",DNP,0,0,0,0,0,0,0,0,0,0,0,0,0,0,0,0,0,0,0.0
2022,RS,33,294,1,P011196   ,0.0,0.0,MCO,45,"HALL, DONTA",18:17,10,4,4,0,0,2,2,1,1,2,0,0,0,1,0,3,2,12,-13.0
2022,RS,33,294,1,P005985   ,1.0,1.0,MCO,55,"JAMES, MIKE",29:31,10,4,8,0,2,2,3,0,4,4,6,0,5,0,0,3,3,8,-2.0
2022,RS,33,294,1,Team,0.0,0.0,MCO,,Team,,0,0,0,0,0,0,0,0,2,2,0,0,0,0,0,0,0,2,
2022,RS,33,294,1,Total,,,MCO,,Total,200:00,84,28,45,5,16,13,15,5,21,26,13,7,13,2,1,25,22,85,
2022,RS,33,294,0,P009212   ,0.0,0.0,PAR,1,"VUKCEVIC, TRISTAN",DNP,0,0,0,0,0,0,0,0,0,0,0,0,0,0,0,0,0,0,0.0
2022,RS,33,294,0,P008987   ,1.0,1.0,PAR,2,"LEDAY, ZACH",36:38,22,3,7,1,3,13,14,0,2,2,0,0,1,0,1,3,12,24,-7.0
2022,RS,33,294,0,P003983   ,0.0,1.0,PAR,4,"AVRAMOVIC, ALEKSA",24:37,22,5,5,3,8,3,4,0,3,3,3,1,2,0,0,4,3,20,14.0
2022,RS,33,294,0,P009862   ,1.0,1.0,PAR,7,"PUNTER, KEVIN",26:10,8,1,2,2,4,0,0,0,0,0,4,0,2,0,0,1,1,7,-11.0
2022,RS,33,294,0,P011051   ,1.0,0.0,PAR,9,"SMAILAGIC, ALEN",16:12,12,2,3,2,3,2,4,3,1,4,1,0,1,1,0,4,5,14,5.0
2022,RS,33,294,0,P005161   ,1.0,0.0,PAR,10,"PAPAPETROU, IOANNIS",18:04,6,0,0,2,2,0,0,0,3,3,0,0,0,0,0,3,0,6,2.0
2022,RS,33,294,0,P011302   ,0.0,1.0,PAR,11,"EXUM, DANTE",20:13,2,1,4,0,0,0,0,1,2,3,2,2,4,0,1,1,0,0,8.0
2022,RS,33,294,0,P007400   ,0.0,1.0,PAR,21,"NUNNALLY, JAMES",26:26,12,2,3,1,3,5,5,0,0,0,1,0,1,0,0,1,2,10,10.0
2022,RS,33,294,0,P003842   ,0.0,0.0,PAR,26,"LESSORT, MATHIAS",23:22,4,2,3,0,0,0,0,1,8,9,2,2,3,0,0,4,1,10,-1.0
2022,RS,33,294,0,P007673   ,0.0,0.0,PAR,32,"TRIFUNOVIC, UROS",DNP,0,0,0,0,0,0,0,0,0,0,0,0,0,0,0,0,0,0,0.0
2022,RS,33,294,0,P000956   ,0.0,0.0,PAR,33,"ANDJUSIC, DANILO",DNP,0,0,0,0,0,0,0,0,0,0,0,0,0,0,0,0,0,0,0.0
2022,RS,33,294,0,P011052   ,1.0,0.0,PAR,41,"MADAR, YAM",08:18,0,0,3,0,1,0,0,0,0,0,0,0,0,0,0,2,0,-6,0.0
2022,RS,33,294,0,Team,0.0,0.0,PAR,,Team,,0,0,0,0,0,0,0,2,1,3,0,0,0,0,0,0,0,3,
2022,RS,33,294,0,Total,,,PAR,,Total,200:00,88,16,30,11,24,23,27,7,20,27,13,5,14,1,2,23,24,88,
2022,RS,33,295,1,P012068   ,1.0,0.0,ZAL,1,"TAYLOR, ISAIAH",25:16,12,4,7,1,4,1,2,1,3,4,3,0,3,0,3,0,2,8,3.0
2022,RS,33,295,1,P007513   ,0.0,0.0,ZAL,3,"GIEDRAITIS, DOVYDAS",DNP,0,0,0,0,0,0,0,0,0,0,0,0,0,0,0,0,0,0,0.0
2022,RS,33,295,1,P003210   ,0.0,0.0,ZAL,4,"LEKAVICIUS, LUKAS",14:18,5,1,1,1,2,0,0,0,1,1,1,2,0,0,0,1,2,9,-2.0
2022,RS,33,295,1,P010390   ,0.0,1.0,ZAL,8,"HAYES, KEVARRIUS",15:22,3,1,1,0,0,1,2,2,4,6,0,0,1,0,0,1,2,8,-1.0
2022,RS,33,295,1,P007109   ,1.0,1.0,ZAL,10,"SMITS, ROLANDS",22:30,13,5,6,1,3,0,0,1,3,4,2,4,0,0,0,3,1,18,4.0
2022,RS,33,295,1,P005504   ,0.0,0.0,ZAL,15,"BIRUTIS, LAURYNAS",10:24,2,1,3,0,0,0,0,3,1,4,0,0,1,0,0,2,1,2,-3.0
2022,RS,33,295,1,P006158   ,0.0,0.0,ZAL,16,"LUKOSIUNAS, KAROLIS",05:20,0,0,0,0,0,0,0,0,0,0,0,0,0,0,0,0,1,1,0.0
2022,RS,33,295,1,P011983   ,1.0,1.0,ZAL,17,"BRAZDEIKIS, IGNAS",18:52,9,4,8,0,4,1,2,1,1,2,0,0,1,0,0,1,1,1,-5.0
2022,RS,33,295,1,P002084   ,0.0,0.0,ZAL,25,"POLONARA, ACHILLE",23:26,7,2,3,1,2,0,0,0,5,5,1,1,1,0,0,0,2,13,-1.0
2022,RS,33,295,1,P003211   ,0.0,0.0,ZAL,33,"DIMSA, TOMAS",07:53,3,0,2,1,2,0,0,0,0,0,0,0,1,0,1,2,1,-3,-3.0
2022,RS,33,295,1,P002676   ,1.0,1.0,ZAL,51,"BUTKEVICIUS, ARNAS",32:40,8,3,4,0,6,2,2,1,5,6,4,2,0,0,0,3,3,13,4.0
2022,RS,33,295,1,P002329   ,1.0,1.0,ZAL,92,"ULANOVAS, EDGARAS",23:59,6,3,5,0,0,0,0,0,2,2,0,0,2,0,1,3,2,2,9.0
2022,RS,33,295,1,Team,0.0,0.0,ZAL,,Team,,0,0,0,0,0,0,0,2,2,4,0,0,2,0,0,0,0,2,
2022,RS,33,295,1,Total,,,ZAL,,Total,200:00,68,24,40,5,23,5,8,11,27,38,11,9,12,0,5,16,18,74,
2022,RS,33,295,0,P009622   ,1.0,1.0,TEL,4,"BROWN, LORENZO",34:26,11,1,1,3,8,0,0,0,3,3,3,1,3,0,0,2,2,10,0.0
2022,RS,33,295,0,P009863   ,1.0,1.0,TEL,5,"BALDWIN IV, WADE",32:55,12,4,10,1,7,1,2,0,3,3,10,0,4,0,0,1,5,12,-8.0
2022,RS,33,295,0,P011967   ,0.0,0.0,TEL,6,"MARTIN, JARELL",21:22,12,1,3,3,5,1,1,1,2,3,1,2,1,0,0,4,1,10,3.0
2022,RS,33,295,0,P004233   ,0.0,0.0,TEL,8,"MENCO, RAFI",DNP,0,0,0,0,0,0,0,0,0,0,0,0,0,0,0,0,0,0,0.0
2022,RS,33,295,0,P011219   ,0.0,0.0,TEL,9,"SORKIN, ROMAN",11:44,4,2,3,0,0,0,1,2,3,5,2,1,2,0,0,4,2,6,2.0
2022,RS,33,295,0,P007990   ,0.0,1.0,TEL,12,"DIBARTOLOMEO, JOHN",13:32,0,0,1,0,1,0,0,2,1,3,1,2,0,0,0,1,2,5,8.0
2022,RS,33,295,0,P008989   ,0.0,0.0,TEL,13,"HILLIARD, DARRUN",12:06,3,0,0,1,4,0,0,0,1,1,0,0,0,0,0,1,0,0,1.0
2022,RS,33,295,0,P005145   ,1.0,1.0,TEL,15,"COHEN, JAKE",18:55,10,3,3,1,2,1,1,1,2,3,2,0,1,0,0,2,1,12,-3.0
2022,RS,33,295,0,P012203   ,0.0,0.0,TEL,17,"BRAIMOH, SULEIMAN",DNP,0,0,0,0,0,0,0,0,0,0,0,0,0,0,0,0,0,0,0.0
2022,RS,33,295,0,P011199   ,1.0,0.0,TEL,32,"NEBO, JOSH",27:23,11,4,7,0,0,3,4,2,1,3,0,1,0,3,0,2,2,14,-5.0
2022,RS,33,295,0,P011220   ,0.0,0.0,TEL,33,"ZIV, IFTAH",DNP,0,0,0,0,0,0,0,0,0,0,0,0,0,0,0,0,0,0,0.0
2022,RS,33,295,0,P009783   ,1.0,1.0,TEL,50,"COLSON, BONZIE",27:37,4,1,4,0,2,2,2,1,5,6,1,0,1,2,0,1,1,7,-3.0
2022,RS,33,295,0,Team,0.0,0.0,TEL,,Team,,0,0,0,0,0,0,0,2,1,3,0,0,0,0,0,0,0,3,
2022,RS,33,295,0,Total,,,TEL,,Total,200:00,67,16,32,9,29,8,11,11,22,33,20,7,12,5,0,18,16,79,
2022,RS,33,296,1,P011209   ,0.0,0.0,PAN,0,"KALAITZAKIS, PANAGIOTIS",11:49,7,1,1,0,0,5,5,1,1,2,0,1,1,0,0,2,3,10,-2.0
2022,RS,33,296,1,P011225   ,1.0,0.0,PAN,5,"LEE, PARIS",24:34,12,4,9,1,3,1,2,0,1,1,2,2,2,0,2,2,3,6,-2.0
2022,RS,33,296,1,P005844   ,1.0,1.0,PAN,6,"PAPAGIANNIS, GEORGIOS",25:45,13,4,6,1,1,2,2,4,5,9,0,0,3,1,0,3,1,16,-10.0
2022,RS,33,296,1,P003240   ,0.0,1.0,PAN,7,"BOCHORIDIS, ELEFTHERIOS",15:26,0,0,0,0,0,0,0,0,4,4,3,2,2,0,0,0,1,8,-2.0
2022,RS,33,296,1,P009006   ,1.0,0.0,PAN,8,"WILLIAMS, DERRICK",17:05,7,3,4,0,2,1,1,0,2,2,0,0,1,0,0,0,1,6,0.0
2022,RS,33,296,1,P004429   ,0.0,1.0,PAN,9,"AGRAVANIS, DIMITRIS",11:37,1,0,2,0,1,1,2,1,4,5,0,0,0,0,0,3,1,0,-4.0
2022,RS,33,296,1,P006586   ,0.0,0.0,PAN,16,"KALAITZAKIS, GEORGIOS",DNP,0,0,0,0,0,0,0,0,0,0,0,0,0,0,0,0,0,0,0.0
2022,RS,33,296,1,P008967   ,1.0,0.0,PAN,17,"THOMAS, MATT",10:35,3,0,0,1,2,0,0,0,1,1,1,0,0,0,0,1,1,4,-9.0
2022,RS,33,296,1,P011286   ,1.0,1.0,PAN,24,"BACON, DWAYNE",31:43,16,5,8,1,6,3,4,0,2,2,3,0,0,0,0,2,4,14,-7.0
2022,RS,33,296,1,P002328   ,0.0,1.0,PAN,40,"GRIGONIS, MARIUS",25:53,15,2,2,1,4,8,10,0,1,1,1,0,1,0,0,3,8,16,10.0
2022,RS,33,296,1,P008084   ,0.0,0.0,PAN,72,"MANTZOUKAS, ELEFTHERIOS",11:18,2,1,1,0,1,0,0,1,1,2,0,0,1,0,0,4,1,-1,0.0
2022,RS,33,296,1,P003120   ,0.0,0.0,PAN,77,"GUDAITIS, ARTURAS",14:15,8,3,4,0,0,2,3,0,1,1,0,0,1,2,0,4,2,6,6.0
2022,RS,33,296,1,Team,0.0,0.0,PAN,,Team,,0,0,0,0,0,0,0,1,1,2,0,0,0,0,0,0,0,2,
2022,RS,33,296,1,Total,,,PAN,,Total,200:00,84,23,37,5,20,23,29,8,24,32,10,5,12,3,2,24,26,87,
2022,RS,33,296,0,P007032   ,1.0,1.0,BER,0,"LO, MAODO",23:56,13,3,6,1,8,4,4,1,3,4,3,0,4,0,0,3,4,7,15.0
2022,RS,33,296,0,P011192   ,1.0,1.0,BER,3,"SMITH, JALEEN",24:38,14,0,1,4,9,2,3,1,0,1,5,3,1,0,0,3,4,16,5.0
2022,RS,33,296,0,P008211   ,0.0,0.0,BER,6,"DELOW, MALTE",09:58,3,0,0,1,1,0,0,1,2,3,3,1,1,0,0,4,0,5,2.0
2022,RS,33,296,0,P011934   ,0.0,1.0,BER,7,"WETZELL, YANNI",20:40,7,2,7,0,0,3,4,3,3,6,0,0,1,2,1,2,2,7,2.0
2022,RS,33,296,0,P007025   ,0.0,0.0,BER,9,"MATTISSECK, JONAS",19:40,2,0,0,0,2,2,2,0,0,0,1,0,0,0,0,1,2,2,-13.0
2022,RS,33,296,0,P006251   ,0.0,0.0,BER,10,"SCHNEIDER, TIM",02:57,0,0,0,0,0,0,0,0,1,1,0,0,0,0,0,0,0,1,-2.0
2022,RS,33,296,0,P006919   ,1.0,0.0,BER,19,"OLINDE, LOUIS",16:00,7,1,1,1,1,2,2,1,4,5,0,0,2,0,0,3,1,8,4.0
2022,RS,33,296,0,P010791   ,0.0,0.0,BER,21,"KOUMADJE, CHRIST",02:55,7,3,3,0,0,1,1,0,0,0,0,0,0,0,0,2,1,6,2.0
2022,RS,33,296,0,P003958   ,0.0,0.0,BER,32,"THIEMANN, JOHANNES",18:34,11,4,6,0,0,3,3,0,3,3,1,1,1,0,0,1,3,15,-1.0
2022,RS,33,296,0,P006589   ,1.0,1.0,BER,43,"SIKMA, LUKE",21:26,6,1,2,0,0,4,4,1,3,4,4,2,1,0,0,1,3,16,5.0
2022,RS,33,296,0,P010385   ,1.0,0.0,BER,44,"LAMMERS, BEN",16:25,8,4,10,0,1,0,0,1,3,4,1,0,1,0,1,3,0,1,0.0
2022,RS,33,296,0,P006625   ,0.0,1.0,BER,50,"ZOOSMAN, YOVEL",22:51,10,2,3,2,3,0,0,0,1,1,1,1,0,0,1,3,2,9,1.0
2022,RS,33,296,0,Team,0.0,0.0,BER,,Team,,0,0,0,0,0,0,0,1,1,2,0,0,0,0,0,0,0,2,
2022,RS,33,296,0,Total,,,BER,,Total,200:00,88,20,39,9,25,21,23,10,24,34,19,8,12,2,3,26,22,95,
2022,RS,33,297,1,P007870   ,0.0,1.0,MIL,0,"DAVIES, BRANDON",12:19,8,2,2,0,0,4,4,0,3,3,2,1,0,0,0,1,4,17,6.0
2022,RS,33,297,1,P005094   ,0.0,0.0,MIL,1,"THOMAS, DESHAUN",DNP,0,0,0,0,0,0,0,0,0,0,0,0,0,0,0,0,0,0,0.0
2022,RS,33,297,1,P006433   ,0.0,1.0,MIL,5,"PANGOS, KEVIN",18:59,3,0,2,1,4,0,0,0,1,1,5,1,1,0,0,4,1,1,8.0
2022,RS,33,297,1,P002849   ,1.0,0.0,MIL,9,"MELLI, NICOLO",21:53,11,1,4,3,3,0,0,1,5,6,2,1,0,0,0,1,2,18,2.0
2022,RS,33,297,1,P005775   ,1.0,0.0,MIL,12,"BARON, BILLY",22:11,12,2,3,2,3,2,2,1,3,4,2,1,2,0,0,3,5,17,3.0
2022,RS,33,297,1,P011224   ,1.0,0.0,MIL,13,"NAPIER, SHABAZZ",21:01,18,1,2,3,4,7,9,0,0,0,2,2,3,0,0,4,6,17,0.0
2022,RS,33,297,1,P001518   ,0.0,1.0,MIL,17,"RICCI, GIAMPAOLO",17:02,10,1,1,2,3,2,2,0,1,1,0,1,0,2,1,1,1,12,4.0
2022,RS,33,297,1,P011205   ,0.0,1.0,MIL,22,"HALL, DEVON",21:01,0,0,0,0,0,0,0,0,1,1,2,1,1,0,0,1,3,5,11.0
2022,RS,33,297,1,P007831   ,1.0,1.0,MIL,31,"SHIELDS, SHAVON",27:39,5,2,3,0,2,1,2,0,3,3,5,3,1,0,0,2,1,10,-3.0
2022,RS,33,297,1,P002812   ,0.0,0.0,MIL,42,"HINES, KYLE",17:13,10,5,7,0,0,0,0,0,5,5,1,0,0,1,0,1,2,16,4.0
2022,RS,33,297,1,PCCD      ,0.0,0.0,MIL,70,"DATOME, LUIGI",09:09,2,1,2,0,1,0,0,0,0,0,0,0,0,0,0,2,0,-2,5.0
2022,RS,33,297,1,P007201   ,1.0,0.0,MIL,77,"VOIGTMANN, JOHANNES",11:33,5,2,4,0,2,1,2,1,0,1,0,0,1,0,0,1,1,0,0.0
2022,RS,33,297,1,Team,0.0,0.0,MIL,,Team,,0,0,0,0,0,0,0,0,0,0,0,0,0,0,0,0,0,0,
2022,RS,33,297,1,Total,,,MIL,,Total,200:00,84,17,30,11,22,17,21,3,22,25,21,11,9,3,1,21,26,111,
2022,RS,33,297,0,P011244   ,0.0,1.0,BAR,1,"DA SILVA, OSCAR",07:20,2,1,1,0,0,0,0,1,2,3,0,1,1,1,0,1,0,5,4.0
2022,RS,33,297,0,P003204   ,0.0,1.0,BAR,3,"PAULI, ORIOL",10:00,0,0,1,0,2,0,0,1,1,2,1,0,1,0,0,2,0,-3,2.0
2022,RS,33,297,0,P002968   ,1.0,0.0,BAR,5,"SANLI, SERTAC",14:47,0,0,1,0,1,0,0,2,4,6,1,0,1,0,0,2,1,3,-7.0
2022,RS,33,297,0,P000925   ,0.0,0.0,BAR,6,"VESELY, JAN",18:05,9,3,7,0,0,3,4,1,0,1,1,1,3,0,0,2,2,4,-6.0
2022,RS,33,297,0,P002939   ,1.0,0.0,BAR,13,"SATORANSKY, TOMAS",19:27,2,0,2,0,1,2,2,3,1,4,3,1,2,0,0,1,4,8,-1.0
2022,RS,33,297,0,P006435   ,1.0,0.0,BAR,20,"LAPROVITTOLA, NICOLAS",13:30,12,1,2,3,6,1,1,1,0,1,3,0,1,0,0,4,1,8,-2.0
2022,RS,33,297,0,P003478   ,0.0,1.0,BAR,21,"ABRINES, ALEX",15:34,3,0,1,1,4,0,0,1,4,5,1,1,0,0,0,2,2,6,-3.0
2022,RS,33,297,0,P006450   ,0.0,0.0,BAR,22,"HIGGINS, CORY",20:19,6,2,5,0,2,2,2,2,1,3,1,0,1,0,3,4,4,1,-10.0
2022,RS,33,297,0,P008966   ,0.0,1.0,BAR,23,"TOBEY, MIKE",21:02,12,3,5,2,4,0,0,2,2,4,1,0,0,0,0,2,0,11,-10.0
2022,RS,33,297,0,P005789   ,1.0,0.0,BAR,24,"KURIC, KYLE",24:38,17,1,2,4,5,3,3,0,1,1,1,0,1,0,0,4,3,15,-6.0
2022,RS,33,297,0,P007519   ,0.0,1.0,BAR,31,"JOKUBAITIS, ROKAS",16:32,2,0,4,0,1,2,4,1,4,5,3,0,1,0,0,1,2,3,-4.0
2022,RS,33,297,0,P000796   ,1.0,0.0,BAR,33,"MIROTIC, NIKOLA",18:46,11,2,4,1,5,4,4,2,3,5,2,1,1,0,0,1,2,13,3.0
2022,RS,33,297,0,Team,0.0,0.0,BAR,,Team,,0,0,0,0,0,0,0,1,0,1,0,0,0,0,0,0,0,1,
2022,RS,33,297,0,Total,,,BAR,,Total,200:00,76,13,35,11,31,17,20,18,23,41,18,5,13,1,3,26,21,75,
2022,RS,34,298,1,P004267   ,0.0,0.0,RED,0,"HOLLAND, JOHN",09:08,0,0,0,0,0,0,0,0,2,2,1,0,2,0,0,3,2,0,1.0
2022,RS,34,298,1,P007947   ,1.0,1.0,RED,1,"VILDOZA, LUCA",31:57,17,5,7,1,3,4,4,1,4,5,3,2,3,0,1,2,4,21,8.0
2022,RS,34,298,1,P004720   ,1.0,0.0,RED,2,"LAZAREVIC, STEFAN",17:57,2,1,2,0,0,0,0,1,2,3,1,0,2,0,0,2,1,2,-17.0
2022,RS,34,298,1,P005928   ,1.0,1.0,RED,7,"CAMPAZZO, FACUNDO",34:54,24,5,7,3,10,5,6,1,2,3,3,2,3,0,1,4,5,19,-1.0
2022,RS,34,298,1,P002553   ,0.0,1.0,RED,9,"MITROVIC, LUKA",28:22,12,5,8,0,0,2,2,0,2,2,4,1,1,0,1,3,5,16,8.0
2022,RS,34,298,1,P009540   ,1.0,0.0,RED,12,"MARTIN, HASSAN",14:43,6,3,5,0,0,0,0,2,1,3,0,1,1,1,0,3,1,6,-2.0
2022,RS,34,298,1,P004007   ,0.0,1.0,RED,13,"DOBRIC, OGNJEN",31:17,22,6,9,3,5,1,2,1,2,3,1,1,1,0,0,2,1,19,4.0
2022,RS,34,298,1,P003332   ,0.0,0.0,RED,20,"IVANOVIC, NIKOLA",DNP,0,0,0,0,0,0,0,0,0,0,0,0,0,0,0,0,0,0,0.0
2022,RS,34,298,1,P011964   ,0.0,0.0,RED,22,"ILIC, DALIBOR",07:50,0,0,0,0,0,0,0,0,0,0,0,1,0,0,0,0,0,1,0.0
2022,RS,34,298,1,P000848   ,0.0,0.0,RED,26,"NEDOVIC, NEMANJA",01:09,0,0,0,0,1,0,0,0,0,0,0,0,0,0,0,0,0,-1,-4.0
2022,RS,34,298,1,PLME      ,0.0,0.0,RED,27,"MARKOVIC, STEFAN",13:25,3,0,0,1,1,0,0,0,0,0,1,1,0,0,0,4,0,1,11.0
2022,RS,34,298,1,P011194   ,1.0,1.0,RED,33,"PETRUSEV, FILIP",34:18,5,1,2,0,1,3,4,1,5,6,2,0,1,0,0,3,3,9,2.0
2022,RS,34,298,1,Team,0.0,0.0,RED,,Team,,0,0,0,0,0,0,0,1,1,2,0,0,1,0,0,0,0,1,
2022,RS,34,298,1,Total,,,RED,,Total,225:00,91,26,40,8,21,15,18,8,21,29,16,9,15,1,3,26,22,94,
2022,RS,34,298,0,P011157   ,1.0,1.0,ULK,0,"MOTLEY, JOHNATHAN",38:22,27,11,21,0,1,5,8,6,2,8,2,1,4,1,1,3,7,24,1.0
2022,RS,34,298,0,P011201   ,0.0,0.0,ULK,2,"HAZER, SEHMUS",DNP,0,0,0,0,0,0,0,0,0,0,0,0,0,0,0,0,0,0,0.0
2022,RS,34,298,0,P011987   ,0.0,0.0,ULK,4,"EDWARDS, CARSEN",DNP,0,0,0,0,0,0,0,0,0,0,0,0,0,0,0,0,0,0,0.0
2022,RS,34,298,0,P002969   ,0.0,0.0,ULK,10,"MAHMUTOGLU, MELIH",DNP,0,0,0,0,0,0,0,0,0,0,0,0,0,0,0,0,0,0,0.0
2022,RS,34,298,0,P008962   ,1.0,1.0,ULK,11,"HAYES-DAVIS, NIGEL",41:46,19,3,5,4,6,1,2,2,6,8,2,1,1,0,0,3,4,25,2.0
2022,RS,34,298,0,P006961   ,0.0,0.0,ULK,13,"BIBEROVIC, TARIK",04:36,0,0,0,0,0,0,0,0,0,0,0,0,0,0,0,1,0,-1,-6.0
2022,RS,34,298,0,P010560   ,1.0,0.0,ULK,21,"PIERRE, DYSHAWN",28:46,7,2,3,0,4,3,4,2,3,5,2,1,1,1,0,3,4,10,0.0
2022,RS,34,298,0,P009733   ,0.0,0.0,ULK,22,"JEKIRI, TONYE",11:13,2,1,1,0,0,0,0,2,1,3,0,1,1,0,0,0,1,6,-5.0
2022,RS,34,298,0,P004004   ,0.0,1.0,ULK,23,"GUDURIC, MARKO",27:53,11,2,7,1,4,4,4,2,3,5,5,2,4,1,0,4,3,11,-6.0
2022,RS,34,298,0,P009849   ,1.0,1.0,ULK,27,"DORSEY, TYLER",35:14,12,1,3,2,5,4,5,0,2,2,2,0,3,0,0,4,5,8,2.0
2022,RS,34,298,0,P001932   ,1.0,1.0,ULK,33,"CALATHES, NICK",37:10,11,1,3,3,8,0,0,1,2,3,12,3,1,0,0,4,1,18,2.0
2022,RS,34,298,0,P011221   ,0.0,0.0,ULK,37,"ANTETOKOUNMPO, KOSTAS",DNP,0,0,0,0,0,0,0,0,0,0,0,0,0,0,0,0,0,0,0.0
2022,RS,34,298,0,Team,0.0,0.0,ULK,,Team,,0,0,0,0,0,0,0,3,1,4,0,0,0,0,0,0,0,4,
2022,RS,34,298,0,Total,,,ULK,,Total,225:00,89,21,43,10,28,17,23,18,20,38,25,9,15,3,1,22,25,105,
2022,RS,34,299,1,P007032   ,1.0,0.0,BER,0,"LO, MAODO",20:08,9,3,5,1,3,0,0,1,1,2,2,1,1,0,0,1,2,10,3.0
2022,RS,34,299,1,P008384   ,0.0,1.0,BER,1,"PROCIDA, GABRIELE",07:36,0,0,0,0,2,0,0,0,0,0,0,0,0,0,0,1,1,-2,-3.0
2022,RS,34,299,1,P011192   ,1.0,0.0,BER,3,"SMITH, JALEEN",24:09,10,2,4,2,5,0,2,1,3,4,7,0,1,0,0,1,1,13,9.0
2022,RS,34,299,1,P008211   ,0.0,1.0,BER,6,"DELOW, MALTE",15:43,5,1,2,1,2,0,0,0,2,2,2,1,2,0,0,3,0,3,8.0
2022,RS,34,299,1,P011934   ,0.0,0.0,BER,7,"WETZELL, YANNI",17:28,8,3,8,0,0,2,2,1,2,3,1,1,0,0,1,3,1,5,8.0
2022,RS,34,299,1,P007025   ,0.0,1.0,BER,9,"MATTISSECK, JONAS",14:53,3,0,0,1,1,0,0,0,1,1,1,0,0,0,0,0,0,5,10.0
2022,RS,34,299,1,P006251   ,0.0,1.0,BER,10,"SCHNEIDER, TIM",05:46,0,0,0,0,1,0,0,1,2,3,0,0,0,0,0,1,0,1,-1.0
2022,RS,34,299,1,P006919   ,1.0,0.0,BER,19,"OLINDE, LOUIS",16:45,12,6,8,0,2,0,0,3,3,6,1,1,0,0,0,3,1,14,11.0
2022,RS,34,299,1,P003958   ,0.0,0.0,BER,32,"THIEMANN, JOHANNES",14:59,11,3,5,0,1,5,5,2,1,3,2,0,2,1,0,1,5,16,7.0
2022,RS,34,299,1,P006589   ,1.0,0.0,BER,43,"SIKMA, LUKE",19:37,12,6,8,0,1,0,0,2,5,7,3,0,1,0,0,1,2,19,9.0
2022,RS,34,299,1,P010385   ,1.0,1.0,BER,44,"LAMMERS, BEN",22:10,10,2,5,2,2,0,0,1,3,4,1,0,0,3,0,2,0,13,11.0
2022,RS,34,299,1,P006625   ,0.0,0.0,BER,50,"ZOOSMAN, YOVEL",20:46,8,1,2,2,2,0,0,0,2,2,3,2,1,0,0,2,2,13,13.0
2022,RS,34,299,1,Team,0.0,0.0,BER,,Team,,0,0,0,0,0,0,0,0,2,2,0,0,0,0,0,0,0,2,
2022,RS,34,299,1,Total,,,BER,,Total,200:00,88,27,47,9,22,7,9,12,27,39,23,6,8,4,1,19,15,112,
2022,RS,34,299,0,P011936   ,0.0,1.0,ASV,0,"MATHEWS, JONAH",18:34,12,6,9,0,2,0,1,0,3,3,1,0,1,0,1,2,1,7,-13.0
2022,RS,34,299,0,P006068   ,0.0,0.0,ASV,2,"NOUA, AMINE",10:25,2,1,2,0,0,0,0,0,2,2,0,0,0,0,0,2,0,1,-6.0
2022,RS,34,299,0,P004264   ,1.0,1.0,ASV,3,"BOST, DEE",26:40,3,0,3,1,4,0,0,0,1,1,5,2,3,0,1,1,0,0,-11.0
2022,RS,34,299,0,PKIR      ,1.0,0.0,ASV,5,"KAHUDI, CHARLES",16:42,4,1,2,0,1,2,2,0,3,3,1,0,0,0,0,2,2,6,-4.0
2022,RS,34,299,0,PTFK      ,0.0,0.0,ASV,8,"DIOT, ANTOINE",11:30,6,0,0,2,2,0,0,0,0,0,1,0,2,0,0,0,0,5,-8.0
2022,RS,34,299,0,P004119   ,1.0,1.0,ASV,9,"TYUS, ALEX",20:19,6,3,4,0,0,0,0,1,3,4,0,1,1,1,0,0,1,11,-7.0
2022,RS,34,299,0,P002100   ,1.0,0.0,ASV,12,"DE COLO, NANDO",21:26,13,2,5,1,6,6,6,0,3,3,4,2,2,0,0,3,6,15,-4.0
2022,RS,34,299,0,P006568   ,0.0,0.0,ASV,19,"FALL, YOUSSOUPHA",19:41,14,7,10,0,0,0,2,5,1,6,0,0,0,0,1,2,5,17,-10.0
2022,RS,34,299,0,P003526   ,1.0,1.0,ASV,23,"LIGHTY, DAVID",21:02,7,2,3,1,3,0,0,1,0,1,0,2,1,0,1,1,0,4,-10.0
2022,RS,34,299,0,P011938   ,0.0,0.0,ASV,32,"OBASOHAN, RETIN",20:48,4,2,6,0,0,0,0,0,3,3,1,0,0,0,0,2,3,5,-5.0
2022,RS,34,299,0,P006832   ,0.0,1.0,ASV,35,"PONS, YVES",12:53,0,0,0,0,2,0,0,1,1,2,1,0,0,0,0,0,1,2,-7.0
2022,RS,34,299,0,Team,0.0,0.0,ASV,,Team,,0,0,0,0,0,0,0,2,2,4,0,0,0,0,0,0,0,4,
2022,RS,34,299,0,Total,,,ASV,,Total,200:00,71,24,44,5,20,8,11,10,22,32,14,7,10,1,4,15,19,77,
2022,RS,34,300,1,P008855   ,1.0,1.0,OLY,0,"WALKUP, THOMAS",23:43,0,0,1,0,1,0,0,0,1,1,7,0,4,0,0,1,1,2,7.0
2022,RS,34,300,1,P010612   ,1.0,0.0,OLY,3,"CANAAN, ISAIAH",16:47,3,0,1,1,4,0,0,0,0,0,1,1,0,0,0,3,1,-1,2.0
2022,RS,34,300,1,P006302   ,0.0,0.0,OLY,4,"LOUNTZIS, MICHALIS",DNP,0,0,0,0,0,0,0,0,0,0,0,0,0,0,0,0,0,0,0.0
2022,RS,34,300,1,P010392   ,0.0,1.0,OLY,5,"LARENTZAKIS, GIANNOULIS",13:24,5,1,1,1,4,0,0,0,1,1,0,1,0,0,0,2,1,3,1.0
2022,RS,34,300,1,P008811   ,1.0,0.0,OLY,10,"FALL, MOUSTAPHA",18:39,2,1,1,0,0,0,0,1,2,3,1,0,4,1,0,2,3,4,3.0
2022,RS,34,300,1,P001926   ,0.0,1.0,OLY,11,"SLOUKAS, KOSTAS",25:00,15,3,5,2,3,3,3,0,3,3,6,0,2,1,1,3,4,20,6.0
2022,RS,34,300,1,P003469   ,1.0,1.0,OLY,14,"VEZENKOV, SASHA",29:02,23,6,8,2,8,5,5,1,9,10,3,1,1,0,0,2,5,31,9.0
2022,RS,34,300,1,P001255   ,1.0,0.0,OLY,16,"PAPANIKOLAOU, KOSTAS",24:41,16,1,2,4,5,2,2,3,6,9,1,1,1,0,0,1,1,24,8.0
2022,RS,34,300,1,P009035   ,0.0,0.0,OLY,21,"BOLOMBOY, JOEL",09:06,3,1,1,0,0,1,3,0,3,3,0,1,1,1,0,2,2,5,7.0
2022,RS,34,300,1,P008829   ,0.0,0.0,OLY,25,"PETERS, ALEC",10:58,5,1,3,1,2,0,0,0,0,0,0,0,0,0,1,1,1,1,-1.0
2022,RS,34,300,1,P008991   ,0.0,1.0,OLY,28,"BLACK, TARIK",12:15,5,1,1,0,0,3,6,2,2,4,1,1,1,0,0,3,6,10,-2.0
2022,RS,34,300,1,P007853   ,0.0,0.0,OLY,77,"MCKISSIC, SHAQUIELLE",16:25,9,1,1,1,3,4,6,0,3,3,1,0,1,0,0,0,3,11,0.0
2022,RS,34,300,1,Team,0.0,0.0,OLY,,Team,,0,0,0,0,0,0,0,3,4,7,0,0,1,0,0,0,0,6,
2022,RS,34,300,1,Total,,,OLY,,Total,200:00,86,16,25,12,30,18,25,10,34,44,21,6,16,3,2,20,28,116,
2022,RS,34,300,0,P011948   ,0.0,1.0,BAS,0,"HOWARD, MARKUS",27:33,29,2,8,7,15,4,5,1,1,2,3,1,1,0,1,4,5,19,-5.0
2022,RS,34,300,0,P012259   ,0.0,0.0,BAS,1,"HEIDEGGER, MAX",04:27,2,1,1,0,0,0,0,0,0,0,3,0,0,0,0,3,0,2,2.0
2022,RS,34,300,0,P008850   ,0.0,0.0,BAS,2,"RAIESTE, SANDER",DNP,0,0,0,0,0,0,0,0,0,0,0,0,0,0,0,0,0,0,0.0
2022,RS,34,300,0,P004761   ,1.0,1.0,BAS,9,"MARINKOVIC, VANJA",26:51,9,1,5,2,6,1,1,1,1,2,1,1,1,0,1,3,2,2,1.0
2022,RS,34,300,0,P003198   ,0.0,0.0,BAS,11,"DIEZ, DANIEL",01:55,0,0,0,0,1,0,0,0,0,0,0,0,0,0,0,0,0,-1,1.0
2022,RS,34,300,0,P011078   ,1.0,1.0,BAS,13,"THOMPSON, DARIUS",35:33,11,4,8,0,3,3,5,3,5,8,6,1,2,0,0,2,5,18,-10.0
2022,RS,34,300,0,P004603   ,1.0,0.0,BAS,21,"KOTSAR, MAIK",18:53,6,3,4,0,0,0,0,0,3,3,1,0,0,0,1,4,2,6,-6.0
2022,RS,34,300,0,P011239   ,0.0,0.0,BAS,23,"ENOCH, STEVEN",10:15,2,1,1,0,0,0,0,0,1,1,0,0,0,0,0,3,0,0,-11.0
2022,RS,34,300,0,P010444   ,0.0,1.0,BAS,24,"COSTELLO, MATTHEW",30:14,5,1,1,1,5,0,0,1,2,3,1,0,0,2,0,3,1,5,-3.0
2022,RS,34,300,0,P006436   ,1.0,1.0,BAS,31,"GIEDRAITIS, ROKAS",31:33,13,6,8,0,5,1,3,4,4,8,0,2,1,0,0,3,4,14,1.0
2022,RS,34,300,0,P011949   ,1.0,0.0,BAS,34,"HOMMES, DAULTON",09:51,0,0,1,0,0,0,0,0,1,1,1,0,2,0,0,3,0,-4,-6.0
2022,RS,34,300,0,P007265   ,0.0,0.0,BAS,47,"KURUCS, ARTURS",02:55,1,0,0,0,0,1,2,0,1,1,0,0,0,0,0,0,1,2,-4.0
2022,RS,34,300,0,Team,0.0,0.0,BAS,,Team,,0,0,0,0,0,0,0,1,1,2,0,0,0,0,0,0,0,2,
2022,RS,34,300,0,Total,,,BAS,,Total,200:00,78,19,37,10,35,10,16,11,20,31,16,5,7,2,3,28,20,65,
2022,RS,34,301,1,P009622   ,1.0,0.0,TEL,4,"BROWN, LORENZO",33:46,22,5,8,2,5,6,6,0,4,4,6,1,3,0,0,2,5,27,1.0
2022,RS,34,301,1,P009863   ,1.0,0.0,TEL,5,"BALDWIN IV, WADE",32:19,11,4,10,1,6,0,0,1,3,4,8,0,4,0,0,5,3,6,-2.0
2022,RS,34,301,1,P011967   ,0.0,1.0,TEL,6,"MARTIN, JARELL",27:28,7,2,4,1,5,0,0,2,1,3,0,0,0,1,1,4,0,0,4.0
2022,RS,34,301,1,P004233   ,0.0,0.0,TEL,8,"MENCO, RAFI",DNP,0,0,0,0,0,0,0,0,0,0,0,0,0,0,0,0,0,0,0.0
2022,RS,34,301,1,P011219   ,0.0,0.0,TEL,9,"SORKIN, ROMAN",20:43,10,5,5,0,1,0,0,1,2,3,0,0,3,1,0,3,2,9,10.0
2022,RS,34,301,1,P007990   ,0.0,1.0,TEL,12,"DIBARTOLOMEO, JOHN",20:54,7,0,3,1,4,4,4,1,3,4,0,1,0,0,0,2,2,6,6.0
2022,RS,34,301,1,P008989   ,0.0,0.0,TEL,13,"HILLIARD, DARRUN",16:29,10,0,2,2,5,4,4,0,2,2,1,0,0,0,0,2,2,8,11.0
2022,RS,34,301,1,P005145   ,1.0,0.0,TEL,15,"COHEN, JAKE",10:59,4,1,1,0,2,2,2,0,1,1,2,0,1,0,0,3,1,2,-5.0
2022,RS,34,301,1,P012203   ,0.0,1.0,TEL,17,"BRAIMOH, SULEIMAN",00:13,0,0,0,0,0,0,0,0,0,0,0,0,0,0,0,1,0,-1,-4.0
2022,RS,34,301,1,P011199   ,1.0,1.0,TEL,32,"NEBO, JOSH",31:47,15,7,9,0,0,1,2,4,7,11,1,0,1,0,0,2,3,24,3.0
2022,RS,34,301,1,P011220   ,0.0,0.0,TEL,33,"ZIV, IFTAH",DNP,0,0,0,0,0,0,0,0,0,0,0,0,0,0,0,0,0,0,0.0
2022,RS,34,301,1,P009783   ,1.0,1.0,TEL,50,"COLSON, BONZIE",30:22,14,3,5,1,4,5,5,4,5,9,1,3,1,2,1,4,5,23,-4.0
2022,RS,34,301,1,Team,0.0,0.0,TEL,,Team,,0,0,0,0,0,0,0,3,5,8,0,0,0,0,0,0,0,8,
2022,RS,34,301,1,Total,,,TEL,,Total,225:00,100,27,47,8,32,22,23,16,33,49,19,5,13,4,2,28,23,112,
2022,RS,34,301,0,P001392   ,0.0,0.0,MAD,1,"CAUSEUR, FABIEN",05:27,2,1,2,0,0,0,0,0,1,1,1,0,0,0,0,0,0,3,-4.0
2022,RS,34,301,0,P005757   ,0.0,0.0,MAD,3,"RANDOLPH, ANTHONY",DNP,0,0,0,0,0,0,0,0,0,0,0,0,0,0,0,0,0,0,0.0
2022,RS,34,301,0,PBMT      ,0.0,0.0,MAD,5,"FERNANDEZ, RUDY",07:24,3,0,0,1,3,0,0,0,3,3,1,2,0,0,0,1,0,6,4.0
2022,RS,34,301,0,P003733   ,0.0,0.0,MAD,6,"ABALDE, ALBERTO",DNP,0,0,0,0,0,0,0,0,0,0,0,0,0,0,0,0,0,0,0.0
2022,RS,34,301,0,P005099   ,1.0,0.0,MAD,8,"HANGA, ADAM",26:52,0,0,2,0,4,0,0,0,0,0,5,1,2,0,0,2,1,-3,-4.0
2022,RS,34,301,0,P003108   ,0.0,1.0,MAD,11,"HEZONJA, MARIO",26:01,15,2,4,3,8,2,3,0,1,1,1,1,1,0,0,4,3,8,-8.0
2022,RS,34,301,0,PCVM      ,0.0,1.0,MAD,13,"RODRIGUEZ, SERGIO",19:11,8,1,1,2,2,0,0,0,1,1,5,2,0,0,0,4,1,13,-4.0
2022,RS,34,301,0,P009005   ,1.0,1.0,MAD,14,"DECK, GABRIEL",32:05,16,4,7,0,0,8,12,1,6,7,2,0,2,0,2,2,7,19,-3.0
2022,RS,34,301,0,P004790   ,0.0,0.0,MAD,21,"CORNELIE, PETR",10:45,2,1,2,0,2,0,0,2,1,3,0,0,0,0,0,2,0,0,-4.0
2022,RS,34,301,0,P005791   ,1.0,0.0,MAD,22,"TAVARES, WALTER",26:00,5,2,4,0,0,1,2,2,5,7,2,0,4,2,1,5,4,7,1.0
2022,RS,34,301,0,P010357   ,1.0,1.0,MAD,28,"YABUSELE, GUERSCHON",41:30,25,3,7,4,7,7,10,2,6,8,4,0,1,0,1,1,5,29,-4.0
2022,RS,34,301,0,P006540   ,1.0,1.0,MAD,31,"MUSA, DZANAN",29:45,20,3,4,2,5,8,9,0,2,2,3,1,3,0,0,2,6,22,6.0
2022,RS,34,301,0,Team,0.0,0.0,MAD,,Team,,0,0,0,0,0,0,0,1,3,4,0,0,1,0,0,0,0,3,
2022,RS,34,301,0,Total,,,MAD,,Total,225:00,96,17,33,12,31,26,36,8,29,37,24,7,14,2,4,23,27,107,
2022,RS,34,302,1,PBCN      ,1.0,1.0,VIR,3,"BELINELLI, MARCO",24:20,21,1,1,5,10,4,5,0,1,1,2,1,1,0,0,4,2,16,12.0
2022,RS,34,302,1,P004655   ,0.0,0.0,VIR,7,"BAKO, ISMAEL",05:11,2,1,2,0,0,0,0,1,1,2,0,0,0,0,0,1,1,3,-5.0
2022,RS,34,302,1,P002581   ,0.0,0.0,VIR,14,"JAITEH, MAM",15:09,13,5,6,0,0,3,7,0,4,4,0,0,1,1,0,2,4,14,5.0
2022,RS,34,302,1,P010781   ,0.0,1.0,VIR,19,"LUNDBERG, IFFE",20:54,0,0,2,0,1,0,0,0,3,3,3,0,0,0,0,1,2,4,-3.0
2022,RS,34,302,1,P001133   ,1.0,1.0,VIR,21,"SHENGELIA, TORNIKE",27:06,15,4,7,1,2,4,5,1,1,2,7,2,0,1,2,3,6,23,3.0
2022,RS,34,302,1,P001844   ,1.0,1.0,VIR,23,"HACKETT, DANIEL",33:49,25,7,7,2,4,5,9,0,2,2,10,1,2,0,0,2,8,36,4.0
2022,RS,34,302,1,P008296   ,0.0,0.0,VIR,24,"MENALO, LEO",DNP,0,0,0,0,0,0,0,0,0,0,0,0,0,0,0,0,0,0,0.0
2022,RS,34,302,1,P008847   ,1.0,0.0,VIR,25,"MICKEY, JORDAN",24:09,4,2,4,0,3,0,0,0,1,1,1,1,2,0,0,2,0,-2,0.0
2022,RS,34,302,1,P008108   ,0.0,0.0,VIR,29,"CAMARA, GORA",DNP,0,0,0,0,0,0,0,0,0,0,0,0,0,0,0,0,0,0,0.0
2022,RS,34,302,1,P006592   ,0.0,0.0,VIR,34,"WEEMS, KYLE",24:18,2,1,3,0,0,0,0,0,5,5,0,2,1,0,0,2,1,5,-7.0
2022,RS,34,302,1,P011982   ,1.0,1.0,VIR,37,"OJELEYE, SEMI",25:04,7,1,3,1,3,2,2,0,2,2,0,1,0,0,0,1,2,7,16.0
2022,RS,34,302,1,Team,0.0,0.0,VIR,,Team,,0,0,0,0,0,0,0,0,3,3,0,0,0,0,0,0,0,3,
2022,RS,34,302,1,Total,,,VIR,,Total,200:00,89,22,35,9,23,18,28,2,23,25,23,8,7,2,2,18,26,109,
2022,RS,34,302,0,P007870   ,1.0,1.0,MIL,0,"DAVIES, BRANDON",22:35,10,4,6,0,0,2,2,0,5,5,3,0,1,1,1,3,5,17,7.0
2022,RS,34,302,0,P005094   ,0.0,0.0,MIL,1,"THOMAS, DESHAUN",06:16,3,0,0,1,2,0,0,0,0,0,0,0,0,0,0,2,0,0,-4.0
2022,RS,34,302,0,P011965   ,0.0,0.0,MIL,3,"MITROU-LONG, NAZ",DNP,0,0,0,0,0,0,0,0,0,0,0,0,0,0,0,0,0,0,0.0
2022,RS,34,302,0,P006433   ,1.0,1.0,MIL,5,"PANGOS, KEVIN",25:54,5,1,2,1,2,0,0,0,1,1,3,0,4,0,0,2,2,3,-3.0
2022,RS,34,302,0,P006509   ,0.0,0.0,MIL,7,"TONUT, STEFANO",10:41,4,1,2,0,0,2,2,0,0,0,2,0,0,0,0,2,1,4,-1.0
2022,RS,34,302,0,P005775   ,0.0,1.0,MIL,12,"BARON, BILLY",23:04,14,1,3,3,9,3,3,0,1,1,1,1,1,0,0,0,2,10,3.0
2022,RS,34,302,0,P001518   ,0.0,0.0,MIL,17,"RICCI, GIAMPAOLO",11:24,0,0,0,0,1,0,0,0,4,4,0,0,0,0,0,3,0,0,1.0
2022,RS,34,302,0,P011205   ,1.0,1.0,MIL,22,"HALL, DEVON",25:41,8,3,4,0,1,2,2,0,6,6,1,0,3,0,0,2,3,11,-4.0
2022,RS,34,302,0,P007831   ,1.0,0.0,MIL,31,"SHIELDS, SHAVON",23:24,5,1,3,1,2,0,0,0,0,0,5,1,3,0,1,2,1,3,-6.0
2022,RS,34,302,0,P002812   ,0.0,0.0,MIL,42,"HINES, KYLE",20:25,8,4,5,0,0,0,0,1,2,3,4,0,0,1,0,5,2,12,-10.0
2022,RS,34,302,0,PCCD      ,0.0,0.0,MIL,70,"DATOME, LUIGI",11:16,8,1,3,2,3,0,0,0,1,1,0,0,0,0,0,1,0,5,-4.0
2022,RS,34,302,0,P007201   ,1.0,1.0,MIL,77,"VOIGTMANN, JOHANNES",19:20,19,4,5,3,5,2,3,2,4,6,1,0,0,0,0,4,2,20,-4.0
2022,RS,34,302,0,Team,0.0,0.0,MIL,,Team,,0,0,0,0,0,0,0,1,3,4,0,0,1,0,0,0,0,3,
2022,RS,34,302,0,Total,,,MIL,,Total,200:00,84,20,33,11,25,11,12,4,27,31,20,2,13,2,2,26,18,88,
2022,RS,34,303,1,P007200   ,0.0,1.0,IST,0,"LARKIN, SHANE",28:49,11,0,0,2,3,5,7,0,2,2,6,1,0,0,1,1,5,20,10.0
2022,RS,34,303,1,P006590   ,1.0,0.0,IST,1,"BEAUBOIS, RODRIGUE",26:37,6,3,5,0,1,0,0,0,2,2,1,1,0,2,0,5,1,5,9.0
2022,RS,34,303,1,P010807   ,0.0,0.0,IST,5,"EFEOGLU, KARAHAN",DNP,0,0,0,0,0,0,0,0,0,0,0,0,0,0,0,0,0,0,0.0
2022,RS,34,303,1,P009846   ,1.0,0.0,IST,6,"BRYANT, ELIJAH",29:19,12,2,4,2,5,2,3,1,3,4,2,0,3,0,1,2,3,9,16.0
2022,RS,34,303,1,P004888   ,0.0,1.0,IST,12,"CLYBURN, WILL",26:00,8,2,4,0,4,4,4,0,1,1,2,0,1,0,0,0,3,7,7.0
2022,RS,34,303,1,P012405   ,0.0,1.0,IST,14,"HALTALI, FURKAN",01:30,0,0,0,0,0,0,0,0,0,0,0,0,0,0,0,0,0,0,-4.0
2022,RS,34,303,1,P005348   ,0.0,1.0,IST,18,"ARNA, EGEHAN",06:53,0,0,0,0,1,0,0,0,0,0,0,0,0,0,0,0,0,-1,-9.0
2022,RS,34,303,1,P002925   ,0.0,0.0,IST,19,"TUNCER, BUGRAHAN",DNP,0,0,0,0,0,0,0,0,0,0,0,0,0,0,0,0,0,0,0.0
2022,RS,34,303,1,PLHK      ,0.0,0.0,IST,21,"PLEISS, TIBOR",21:24,21,9,13,1,2,0,0,5,7,12,0,1,0,0,2,2,0,25,4.0
2022,RS,34,303,1,P002580   ,1.0,1.0,IST,22,"MICIC, VASILIJE",25:22,12,2,5,2,6,2,2,1,5,6,6,1,2,0,0,2,4,18,18.0
2022,RS,34,303,1,P007993   ,1.0,0.0,IST,24,"M'BAYE, AMATH",17:00,6,3,7,0,0,0,0,1,1,2,1,0,0,0,0,0,0,5,9.0
2022,RS,34,303,1,P004554   ,1.0,0.0,IST,41,"ZIZIC, ANTE",17:06,11,5,6,0,0,1,3,1,4,5,1,2,0,2,0,2,3,19,15.0
2022,RS,34,303,1,Team,0.0,0.0,IST,,Team,,0,0,0,0,0,0,0,1,4,5,0,0,0,0,0,0,0,5,
2022,RS,34,303,1,Total,,,IST,,Total,200:00,87,26,44,7,22,14,19,10,29,39,19,6,6,4,4,14,19,112,
2022,RS,34,303,0,P010588   ,1.0,1.0,MCO,0,"BROWN, JOHN",19:30,0,0,1,0,0,0,0,0,1,1,2,1,0,0,0,3,0,0,-10.0
2022,RS,34,303,0,P011212   ,0.0,0.0,MCO,0,"OKOBO, ELIE",24:34,9,2,6,1,6,2,2,0,2,2,4,0,2,0,1,2,1,2,-4.0
2022,RS,34,303,0,P011231   ,0.0,0.0,MCO,4,"BLOSSOMGAME, JARON",24:02,9,4,8,0,2,1,2,2,1,3,0,0,0,1,0,3,2,5,-1.0
2022,RS,34,303,0,P011935   ,0.0,1.0,MCO,5,"MAKOUNDOU, YOAN",18:58,16,8,13,0,1,0,0,4,4,8,0,1,0,2,1,2,1,19,-1.0
2022,RS,34,303,0,P012017   ,0.0,0.0,MCO,6,"COUTURE, AMBROISE",DNP,0,0,0,0,0,0,0,0,0,0,0,0,0,0,0,0,0,0,0.0
2022,RS,34,303,0,P011226   ,1.0,1.0,MCO,11,"DIALLO, ALPHA",24:04,6,3,4,0,3,0,0,0,1,1,1,1,2,1,0,2,1,3,-9.0
2022,RS,34,303,0,PLCZ      ,1.0,0.0,MCO,20,"MOTIEJUNAS, DONATAS",02:49,0,0,1,0,2,0,0,1,1,2,0,0,0,0,0,0,0,-1,0.0
2022,RS,34,303,0,P004197   ,1.0,0.0,MCO,24,"OUATTARA, YAKUBA",14:17,0,0,3,0,1,0,0,1,2,3,0,0,0,0,1,1,0,-3,-19.0
2022,RS,34,303,0,P008099   ,0.0,1.0,MCO,32,"STRAZEL, MATTHEW",23:46,14,4,5,2,4,0,0,0,1,1,2,0,1,0,0,4,1,10,-7.0
2022,RS,34,303,0,P011196   ,0.0,0.0,MCO,45,"HALL, DONTA",23:04,11,5,7,0,0,1,1,5,4,9,2,0,1,0,0,3,2,18,-13.0
2022,RS,34,303,0,P005985   ,1.0,1.0,MCO,55,"JAMES, MIKE",24:56,7,0,2,0,4,7,8,2,7,9,4,1,1,0,1,0,6,18,-11.0
2022,RS,34,303,0,Team,0.0,0.0,MCO,,Team,,0,0,0,0,0,0,0,0,0,0,0,0,0,0,0,0,0,0,
2022,RS,34,303,0,Total,,,MCO,,Total,200:00,72,26,50,3,23,11,13,15,24,39,15,4,7,4,4,20,14,71,
2022,RS,34,304,1,P002968   ,0.0,0.0,BAR,5,"SANLI, SERTAC",16:37,9,3,5,0,1,3,4,4,4,8,1,2,3,0,0,2,2,13,14.0
2022,RS,34,304,1,P000925   ,1.0,0.0,BAR,6,"VESELY, JAN",22:02,13,6,8,0,0,1,2,2,4,6,3,0,2,1,0,4,7,21,1.0
2022,RS,34,304,1,P004866   ,0.0,0.0,BAR,10,"KALINIC, NIKOLA",16:34,2,1,2,0,2,0,0,0,2,2,1,0,2,1,0,1,0,0,-9.0
2022,RS,34,304,1,P002939   ,1.0,0.0,BAR,13,"SATORANSKY, TOMAS",20:55,7,2,5,1,2,0,0,0,3,3,1,0,3,1,0,2,2,5,12.0
2022,RS,34,304,1,P006435   ,1.0,1.0,BAR,20,"LAPROVITTOLA, NICOLAS",22:31,4,0,0,0,2,4,4,1,4,5,5,1,4,0,0,3,2,8,16.0
2022,RS,34,304,1,P003478   ,1.0,0.0,BAR,21,"ABRINES, ALEX",26:43,15,0,0,5,7,0,0,2,1,3,6,0,0,0,0,1,1,22,15.0
2022,RS,34,304,1,P006450   ,0.0,0.0,BAR,22,"HIGGINS, CORY",18:13,5,1,2,1,3,0,0,0,1,1,0,1,3,0,1,2,5,3,1.0
2022,RS,34,304,1,P008966   ,0.0,1.0,BAR,23,"TOBEY, MIKE",08:17,5,1,2,1,2,0,0,0,0,0,0,0,1,0,0,0,0,2,1.0
2022,RS,34,304,1,P005789   ,0.0,1.0,BAR,24,"KURIC, KYLE",07:35,3,0,1,1,1,0,0,0,0,0,0,0,0,1,0,0,0,3,0.0
2022,RS,34,304,1,P007519   ,0.0,1.0,BAR,31,"JOKUBAITIS, ROKAS",14:51,4,2,3,0,0,0,1,1,5,6,5,1,2,1,0,1,1,13,5.0
2022,RS,34,304,1,P000796   ,1.0,0.0,BAR,33,"MIROTIC, NIKOLA",24:21,18,3,5,4,9,0,0,0,4,4,2,0,1,0,0,2,1,15,15.0
2022,RS,34,304,1,P010641   ,0.0,1.0,BAR,46,"NNAJI, JAMES",01:21,0,0,0,0,0,0,0,0,0,0,0,0,0,0,0,0,0,0,-1.0
2022,RS,34,304,1,Team,0.0,0.0,BAR,,Team,,0,0,0,0,0,0,0,4,1,5,0,0,0,0,0,0,0,5,
2022,RS,34,304,1,Total,,,BAR,,Total,200:00,85,19,33,13,29,8,11,14,29,43,24,5,21,5,1,18,21,110,
2022,RS,34,304,0,P011970   ,1.0,1.0,PAM,0,"HARPER, JARED",20:47,14,3,7,1,5,5,5,1,0,1,1,2,2,0,2,3,4,7,-7.0
2022,RS,34,304,0,P000556   ,1.0,0.0,PAM,1,"CLAVER, VICTOR",15:54,6,1,1,1,2,1,1,0,2,2,1,2,0,0,0,1,3,12,-1.0
2022,RS,34,304,0,P006643   ,1.0,0.0,PAM,2,"PUERTO, JOSEP",15:13,0,0,0,0,1,0,0,0,0,0,0,0,1,0,0,1,0,-3,0.0
2022,RS,34,304,0,P010393   ,0.0,1.0,PAM,4,"PRADILLA, JAIME",09:09,7,2,3,1,1,0,0,0,1,1,0,0,0,0,0,1,0,6,-5.0
2022,RS,34,304,0,P011971   ,0.0,1.0,PAM,5,"WEBB III, JAMES",22:50,7,2,2,1,3,0,0,0,3,3,0,1,1,0,0,2,1,7,-21.0
2022,RS,34,304,0,P010568   ,1.0,0.0,PAM,7,"JONES, CHRIS",23:56,9,3,8,1,3,0,0,0,1,1,4,0,1,0,1,2,2,5,-5.0
2022,RS,34,304,0,P011972   ,0.0,0.0,PAM,12,"RADEBAUGH, JONAH",20:55,7,2,5,1,2,0,0,0,0,0,2,1,4,0,1,3,2,0,3.0
2022,RS,34,304,0,P010677   ,0.0,1.0,PAM,13,"EVANS, SHANNON",16:19,4,2,3,0,2,0,0,0,1,1,4,3,1,0,0,1,2,9,-12.0
2022,RS,34,304,0,P002742   ,0.0,1.0,PAM,14,"DUBLJEVIC, BOJAN",17:50,5,1,1,1,1,0,0,0,1,1,4,2,1,1,0,4,1,9,-11.0
2022,RS,34,304,0,P011973   ,1.0,0.0,PAM,21,"ALEXANDER, KYLE",18:10,6,3,4,0,1,0,0,2,4,6,1,0,1,0,0,1,0,9,-2.0
2022,RS,34,304,0,P008780   ,0.0,0.0,PAM,24,"HERMANNSSON, MARTIN",DNP,0,0,0,0,0,0,0,0,0,0,0,0,0,0,0,0,0,0,0.0
2022,RS,34,304,0,P011214   ,0.0,0.0,PAM,41,"RIVERO, JASIEL",18:57,6,3,7,0,2,0,1,1,1,2,1,1,1,0,1,2,3,2,-9.0
2022,RS,34,304,0,Team,0.0,0.0,PAM,,Team,,0,0,0,0,0,0,0,2,3,5,0,0,0,0,0,0,0,5,
2022,RS,34,304,0,Total,,,PAM,,Total,200:00,71,22,41,7,23,6,7,6,17,23,18,12,13,1,5,21,18,68,
2022,RS,34,305,1,P009212   ,0.0,0.0,PAR,1,"VUKCEVIC, TRISTAN",DNP,0,0,0,0,0,0,0,0,0,0,0,0,0,0,0,0,0,0,0.0
2022,RS,34,305,1,P008987   ,1.0,1.0,PAR,2,"LEDAY, ZACH",34:21,9,3,5,0,2,3,4,1,3,4,1,1,1,1,0,2,5,13,17.0
2022,RS,34,305,1,P003983   ,0.0,0.0,PAR,4,"AVRAMOVIC, ALEKSA",17:32,14,4,7,2,5,0,0,1,2,3,3,2,0,0,0,0,4,20,7.0
2022,RS,34,305,1,P009862   ,0.0,1.0,PAR,7,"PUNTER, KEVIN",31:25,17,4,10,3,6,0,0,1,0,1,2,0,3,1,2,3,3,7,3.0
2022,RS,34,305,1,P011051   ,0.0,0.0,PAR,9,"SMAILAGIC, ALEN",10:20,4,1,1,0,2,2,2,1,1,2,1,0,0,1,0,2,1,5,1.0
2022,RS,34,305,1,P005161   ,1.0,0.0,PAR,10,"PAPAPETROU, IOANNIS",15:33,3,0,0,1,1,0,0,0,0,0,2,0,1,0,0,1,1,4,-13.0
2022,RS,34,305,1,P011302   ,0.0,1.0,PAR,11,"EXUM, DANTE",27:38,18,3,3,3,3,3,4,0,1,1,4,4,1,0,0,2,4,27,5.0
2022,RS,34,305,1,P007400   ,0.0,1.0,PAR,21,"NUNNALLY, JAMES",17:31,5,1,2,1,3,0,0,1,1,2,1,0,0,0,0,2,0,3,-4.0
2022,RS,34,305,1,P003842   ,1.0,1.0,PAR,26,"LESSORT, MATHIAS",29:40,9,3,5,0,0,3,5,1,8,9,2,0,1,0,0,3,4,16,1.0
2022,RS,34,305,1,P007673   ,0.0,0.0,PAR,32,"TRIFUNOVIC, UROS",06:20,0,0,0,0,0,0,0,0,0,0,0,0,0,0,0,1,0,-1,-5.0
2022,RS,34,305,1,P000956   ,1.0,0.0,PAR,33,"ANDJUSIC, DANILO",04:50,2,1,1,0,1,0,0,0,1,1,1,0,2,0,0,0,0,1,-1.0
2022,RS,34,305,1,P011052   ,1.0,0.0,PAR,41,"MADAR, YAM",04:50,2,1,1,0,0,0,0,1,0,1,1,0,0,0,0,1,0,3,-1.0
2022,RS,34,305,1,Team,0.0,0.0,PAR,,Team,,0,0,0,0,0,0,0,2,1,3,0,0,0,0,0,0,0,3,
2022,RS,34,305,1,Total,,,PAR,,Total,200:00,83,21,35,10,23,11,15,9,18,27,18,7,9,3,2,17,22,101,
2022,RS,34,305,0,P011209   ,0.0,1.0,PAN,0,"KALAITZAKIS, PANAGIOTIS",14:48,6,2,2,0,1,2,2,1,2,3,0,1,1,0,0,2,2,8,-3.0
2022,RS,34,305,0,P006555   ,1.0,0.0,PAN,3,"WOLTERS, NATE",13:41,3,0,4,1,2,0,0,0,0,0,0,0,0,0,0,4,0,-6,-9.0
2022,RS,34,305,0,P005844   ,0.0,1.0,PAN,6,"PAPAGIANNIS, GEORGIOS",19:30,4,2,4,0,0,0,1,1,4,5,0,0,1,1,0,0,1,7,-6.0
2022,RS,34,305,0,P003240   ,0.0,0.0,PAN,7,"BOCHORIDIS, ELEFTHERIOS",16:08,2,1,2,0,1,0,0,1,1,2,3,0,2,1,0,3,0,1,11.0
2022,RS,34,305,0,P009006   ,1.0,0.0,PAN,8,"WILLIAMS, DERRICK",22:30,8,1,2,2,4,0,0,0,1,1,1,2,1,0,0,1,0,7,-4.0
2022,RS,34,305,0,P004429   ,0.0,0.0,PAN,9,"AGRAVANIS, DIMITRIS",DNP,0,0,0,0,0,0,0,0,0,0,0,0,0,0,0,0,0,0,0.0
2022,RS,34,305,0,P006586   ,0.0,0.0,PAN,16,"KALAITZAKIS, GEORGIOS",DNP,0,0,0,0,0,0,0,0,0,0,0,0,0,0,0,0,0,0,0.0
2022,RS,34,305,0,P011286   ,1.0,1.0,PAN,24,"BACON, DWAYNE",32:00,19,4,7,3,6,2,3,0,2,2,4,2,3,0,1,2,4,18,-5.0
2022,RS,34,305,0,P004172   ,1.0,1.0,PAN,37,"PONITKA, MATEUSZ",25:26,12,3,5,0,1,6,6,1,0,1,2,0,3,0,1,2,4,10,-8.0
2022,RS,34,305,0,P002328   ,0.0,1.0,PAN,40,"GRIGONIS, MARIUS",19:53,10,2,3,2,5,0,0,1,2,3,0,2,2,0,1,2,3,9,9.0
2022,RS,34,305,0,P008084   ,0.0,0.0,PAN,72,"MANTZOUKAS, ELEFTHERIOS",15:34,6,0,0,2,4,0,0,1,1,2,0,0,1,0,0,4,0,1,1.0
2022,RS,34,305,0,P003120   ,1.0,0.0,PAN,77,"GUDAITIS, ARTURAS",20:30,11,5,6,0,0,1,3,3,5,8,3,0,1,0,0,2,3,19,4.0
2022,RS,34,305,0,Team,0.0,0.0,PAN,,Team,,0,0,0,0,0,0,0,5,1,6,0,0,1,0,0,0,0,5,
2022,RS,34,305,0,Total,,,PAN,,Total,200:00,81,20,35,10,24,11,15,14,19,33,13,7,16,2,3,22,17,79,
2022,RS,34,306,1,P010391   ,0.0,1.0,MUN,0,"WEILER-BABB, NICK",24:46,8,0,2,2,4,2,2,2,4,6,0,0,0,0,0,2,2,10,4.0
2022,RS,34,306,1,P009866   ,1.0,1.0,MUN,2,"WALDEN, COREY",23:19,14,2,4,2,3,4,4,0,1,1,2,1,2,0,2,3,4,12,-5.0
2022,RS,34,306,1,P011940   ,0.0,1.0,MUN,5,"WINSTON, CASSIUS",11:53,8,3,5,0,4,2,2,0,2,2,4,0,1,1,0,4,3,7,6.0
2022,RS,34,306,1,P001557   ,0.0,0.0,MUN,7,"GIFFEY, NIELS",15:29,6,0,0,2,2,0,0,0,1,1,1,1,0,0,0,0,0,9,4.0
2022,RS,34,306,1,P006760   ,1.0,0.0,MUN,9,"BONGA, ISAAC",17:37,6,3,4,0,1,0,1,0,0,0,1,0,1,0,0,1,1,3,-3.0
2022,RS,34,306,1,P004058   ,0.0,0.0,MUN,10,"JARAMAZ, OGNJEN",12:33,7,2,3,1,2,0,0,0,1,1,0,0,1,0,0,1,3,7,0.0
2022,RS,34,306,1,P001288   ,1.0,1.0,MUN,11,"LUCIC, VLADIMIR",26:18,10,3,5,0,3,4,4,1,1,2,1,1,0,0,0,1,3,11,-5.0
2022,RS,34,306,1,P004508   ,1.0,1.0,MUN,13,"OBST, ANDREAS",22:01,12,2,2,1,5,5,5,0,1,1,1,1,0,0,0,1,3,13,-10.0
2022,RS,34,306,1,P005056   ,0.0,0.0,MUN,16,"ZIPSER, PAUL",02:46,0,0,0,0,0,0,0,0,1,1,0,0,0,1,0,0,0,2,-1.0
2022,RS,34,306,1,P005478   ,0.0,0.0,MUN,17,"WIMBERG, NIKLAS",04:31,0,0,0,0,0,0,0,0,0,0,0,0,0,0,0,1,0,-1,3.0
2022,RS,34,306,1,P011941   ,0.0,0.0,MUN,33,"GILLESPIE, FREDDIE",17:28,2,1,2,0,0,0,0,3,4,7,1,0,3,0,0,3,2,5,2.0
2022,RS,34,306,1,P012406   ,1.0,0.0,MUN,45,"CHEATHAM, ZYLAN ANTHONY",21:19,7,3,6,0,0,1,2,1,2,3,2,0,1,0,0,5,1,3,-10.0
2022,RS,34,306,1,Team,0.0,0.0,MUN,,Team,,0,0,0,0,0,0,0,2,1,3,0,0,1,0,0,0,0,2,
2022,RS,34,306,1,Total,,,MUN,,Total,200:00,80,19,33,8,24,18,20,9,19,28,13,4,10,2,2,22,22,83,
2022,RS,34,306,0,P012068   ,1.0,0.0,ZAL,1,"TAYLOR, ISAIAH",14:25,5,0,0,0,0,5,6,1,0,1,2,0,0,0,0,3,5,9,9.0
2022,RS,34,306,0,P007513   ,0.0,0.0,ZAL,3,"GIEDRAITIS, DOVYDAS",DNP,0,0,0,0,0,0,0,0,0,0,0,0,0,0,0,0,0,0,0.0
2022,RS,34,306,0,P003210   ,0.0,0.0,ZAL,4,"LEKAVICIUS, LUKAS",20:07,20,5,7,2,4,4,4,0,1,1,2,0,2,0,1,1,4,19,-2.0
2022,RS,34,306,0,P010390   ,0.0,1.0,ZAL,8,"HAYES, KEVARRIUS",09:12,0,0,3,0,0,0,0,1,0,1,0,1,0,0,0,0,1,0,-11.0
2022,RS,34,306,0,P007109   ,1.0,0.0,ZAL,10,"SMITS, ROLANDS",20:36,16,2,3,3,4,3,4,2,2,4,0,0,0,1,0,5,2,15,16.0
2022,RS,34,306,0,P005504   ,0.0,0.0,ZAL,15,"BIRUTIS, LAURYNAS",13:12,7,3,3,0,0,1,2,1,3,4,0,1,0,0,0,1,1,11,7.0
2022,RS,34,306,0,P006158   ,0.0,0.0,ZAL,16,"LUKOSIUNAS, KAROLIS",04:34,0,0,0,0,2,0,0,0,0,0,0,0,0,0,0,0,0,-2,-7.0
2022,RS,34,306,0,P011983   ,1.0,1.0,ZAL,17,"BRAZDEIKIS, IGNAS",29:00,9,3,8,1,4,0,0,0,3,3,1,0,0,1,0,1,0,5,6.0
2022,RS,34,306,0,P002084   ,0.0,0.0,ZAL,25,"POLONARA, ACHILLE",10:25,0,0,0,0,1,0,0,0,1,1,1,0,0,0,1,1,0,-1,-10.0
2022,RS,34,306,0,P003211   ,0.0,1.0,ZAL,33,"DIMSA, TOMAS",21:17,10,1,1,2,5,2,2,0,1,1,0,1,0,0,0,4,1,6,-1.0
2022,RS,34,306,0,P002676   ,1.0,1.0,ZAL,51,"BUTKEVICIUS, ARNAS",25:56,4,0,0,0,0,4,4,3,6,9,6,1,1,0,0,4,2,17,6.0
2022,RS,34,306,0,P002329   ,1.0,1.0,ZAL,92,"ULANOVAS, EDGARAS",31:16,12,4,8,0,1,4,4,0,2,2,2,1,3,0,0,2,6,13,2.0
2022,RS,34,306,0,Team,0.0,0.0,ZAL,,Team,,0,0,0,0,0,0,0,1,3,4,0,0,2,0,0,0,0,2,
2022,RS,34,306,0,Total,,,ZAL,,Total,200:00,83,18,33,8,21,23,26,9,22,31,14,5,8,2,2,22,22,94,
2022,PO,35,307,1,P008855   ,1.0,1.0,OLY,0,"WALKUP, THOMAS",29:14,7,2,5,1,4,0,0,0,0,0,4,4,2,0,0,2,3,8,7.0
2022,PO,35,307,1,P010612   ,1.0,0.0,OLY,3,"CANAAN, ISAIAH",18:16,18,0,1,6,7,0,0,0,0,0,0,0,0,0,1,1,1,15,11.0
2022,PO,35,307,1,P006302   ,0.0,0.0,OLY,4,"LOUNTZIS, MICHALIS",DNP,0,0,0,0,0,0,0,0,0,0,0,0,0,0,0,0,0,0,0.0
2022,PO,35,307,1,P010392   ,0.0,0.0,OLY,5,"LARENTZAKIS, GIANNOULIS",08:11,3,0,1,1,2,0,0,0,1,1,0,0,0,0,0,1,0,1,-6.0
2022,PO,35,307,1,P008811   ,1.0,0.0,OLY,10,"FALL, MOUSTAPHA",23:04,9,3,3,0,0,3,3,1,4,5,3,0,1,0,0,1,5,20,19.0
2022,PO,35,307,1,P001926   ,0.0,1.0,OLY,11,"SLOUKAS, KOSTAS",16:58,5,1,5,1,2,0,0,0,1,1,2,0,2,0,0,1,1,1,-3.0
2022,PO,35,307,1,P003469   ,1.0,0.0,OLY,14,"VEZENKOV, SASHA",27:52,19,4,8,3,6,2,2,1,5,6,3,0,0,0,0,3,1,19,8.0
2022,PO,35,307,1,P001255   ,1.0,0.0,OLY,16,"PAPANIKOLAOU, KOSTAS",33:25,3,0,0,1,3,0,0,0,5,5,4,1,0,0,0,1,1,11,14.0
2022,PO,35,307,1,P009035   ,0.0,0.0,OLY,21,"BOLOMBOY, JOEL",DNP,0,0,0,0,0,0,0,0,0,0,0,0,0,0,0,0,0,0,0.0
2022,PO,35,307,1,P008829   ,0.0,1.0,OLY,25,"PETERS, ALEC",12:08,0,0,1,0,1,0,0,0,4,4,0,1,0,0,0,1,0,2,3.0
2022,PO,35,307,1,P008991   ,0.0,1.0,OLY,28,"BLACK, TARIK",16:56,4,1,4,0,0,2,4,2,1,3,1,1,1,1,0,3,4,5,-8.0
2022,PO,35,307,1,P007853   ,0.0,1.0,OLY,77,"MCKISSIC, SHAQUIELLE",13:56,11,1,3,3,4,0,0,0,1,1,1,0,0,0,0,2,1,9,10.0
2022,PO,35,307,1,Team,0.0,0.0,OLY,,Team,,0,0,0,0,0,0,0,2,0,2,0,0,1,0,0,0,0,1,
2022,PO,35,307,1,Total,,,OLY,,Total,200:00,79,12,31,16,29,7,9,6,22,28,18,7,7,1,1,16,17,92,
2022,PO,35,307,0,P011157   ,0.0,0.0,ULK,0,"MOTLEY, JOHNATHAN",29:02,15,6,10,0,0,3,5,4,3,7,2,0,2,0,0,3,5,18,-6.0
2022,PO,35,307,0,P003091   ,0.0,1.0,ULK,1,"BIRSEN, METECAN",02:01,0,0,0,0,0,0,0,1,1,2,0,0,0,0,0,0,0,2,1.0
2022,PO,35,307,0,P011201   ,0.0,1.0,ULK,2,"HAZER, SEHMUS",01:48,0,0,0,0,0,0,0,0,0,0,0,0,0,0,0,2,0,-2,-1.0
2022,PO,35,307,0,P011987   ,0.0,1.0,ULK,4,"EDWARDS, CARSEN",03:59,6,1,2,1,2,1,1,0,0,0,0,0,2,0,0,1,2,3,1.0
2022,PO,35,307,0,P002969   ,0.0,1.0,ULK,10,"MAHMUTOGLU, MELIH",10:03,0,0,0,0,3,0,0,0,1,1,1,0,0,0,0,0,0,-1,1.0
2022,PO,35,307,0,P008962   ,1.0,0.0,ULK,11,"HAYES-DAVIS, NIGEL",37:59,11,2,6,2,4,1,1,1,3,4,0,1,1,1,1,1,4,12,-12.0
2022,PO,35,307,0,P010560   ,1.0,0.0,ULK,21,"PIERRE, DYSHAWN",32:44,13,2,4,3,3,0,0,1,3,4,5,1,2,0,0,0,0,19,-15.0
2022,PO,35,307,0,P009733   ,1.0,0.0,ULK,22,"JEKIRI, TONYE",10:05,4,2,2,0,0,0,0,0,0,0,2,1,1,0,0,4,0,2,-5.0
2022,PO,35,307,0,P004004   ,0.0,0.0,ULK,23,"GUDURIC, MARKO",25:47,12,2,2,2,3,2,2,1,4,5,6,0,2,0,0,2,2,20,3.0
2022,PO,35,307,0,P009849   ,1.0,0.0,ULK,27,"DORSEY, TYLER",20:06,0,0,2,0,1,0,0,0,5,5,0,2,2,0,0,2,1,1,-6.0
2022,PO,35,307,0,P001932   ,1.0,0.0,ULK,33,"CALATHES, NICK",25:36,7,1,7,1,4,2,2,0,0,0,2,0,2,0,0,2,2,-2,-16.0
2022,PO,35,307,0,P011221   ,0.0,1.0,ULK,37,"ANTETOKOUNMPO, KOSTAS",00:50,0,0,0,0,0,0,0,0,0,0,0,0,0,0,0,0,0,0,0.0
2022,PO,35,307,0,Team,0.0,0.0,ULK,,Team,,0,0,0,0,0,0,0,1,5,6,0,0,0,0,0,0,0,6,
2022,PO,35,307,0,Total,,,ULK,,Total,200:00,68,16,35,9,20,9,11,9,25,34,18,5,14,1,1,17,16,78,
2022,PO,35,308,1,P010588   ,1.0,0.0,MCO,0,"BROWN, JOHN",25:33,2,1,2,0,0,0,0,0,1,1,1,0,2,1,0,1,3,4,-10.0
2022,PO,35,308,1,P011212   ,1.0,1.0,MCO,0,"OKOBO, ELIE",34:02,12,3,6,1,7,3,3,0,4,4,4,3,3,1,0,2,2,12,-4.0
2022,PO,35,308,1,P012201   ,0.0,0.0,MCO,1,"MONEKE, CHIMA",DNP,0,0,0,0,0,0,0,0,0,0,0,0,0,0,0,0,0,0,0.0
2022,PO,35,308,1,P009754   ,0.0,1.0,MCO,3,"LOYD, JORDAN",23:53,2,0,1,0,6,2,2,0,0,0,1,0,3,0,0,2,3,-6,-18.0
2022,PO,35,308,1,P011231   ,0.0,1.0,MCO,4,"BLOSSOMGAME, JARON",21:11,5,1,2,1,3,0,0,1,4,5,0,1,0,0,0,2,1,7,-11.0
2022,PO,35,308,1,P011935   ,0.0,0.0,MCO,5,"MAKOUNDOU, YOAN",DNP,0,0,0,0,0,0,0,0,0,0,0,0,0,0,0,0,0,0,0.0
2022,PO,35,308,1,P011226   ,1.0,0.0,MCO,11,"DIALLO, ALPHA",23:18,15,3,4,1,4,6,6,1,3,4,6,1,0,0,0,5,3,20,7.0
2022,PO,35,308,1,PLCZ      ,1.0,0.0,MCO,20,"MOTIEJUNAS, DONATAS",25:57,12,4,7,0,1,4,7,3,3,6,1,0,2,0,0,2,8,16,-7.0
2022,PO,35,308,1,P004197   ,0.0,0.0,MCO,24,"OUATTARA, YAKUBA",DNP,0,0,0,0,0,0,0,0,0,0,0,0,0,0,0,0,0,0,0.0
2022,PO,35,308,1,P008099   ,0.0,1.0,MCO,32,"STRAZEL, MATTHEW",00:28,0,0,0,0,0,0,0,0,0,0,0,0,0,0,0,0,0,0,-2.0
2022,PO,35,308,1,P011196   ,0.0,1.0,MCO,45,"HALL, DONTA",14:03,4,1,1,0,0,2,2,1,2,3,0,0,1,1,0,3,2,6,-5.0
2022,PO,35,308,1,P005985   ,1.0,0.0,MCO,55,"JAMES, MIKE",31:35,15,4,7,1,5,4,8,0,6,6,5,0,1,0,0,2,6,18,-10.0
2022,PO,35,308,1,Team,0.0,0.0,MCO,,Team,,0,0,0,0,0,0,0,0,3,3,0,0,1,0,0,0,0,2,
2022,PO,35,308,1,Total,,,MCO,,Total,200:00,67,17,30,4,26,21,28,6,26,32,18,5,13,3,0,19,28,79,
2022,PO,35,308,0,P009622   ,1.0,0.0,TEL,4,"BROWN, LORENZO",31:13,15,5,10,1,4,2,2,0,3,3,4,2,3,0,2,1,1,11,11.0
2022,PO,35,308,0,P009863   ,1.0,0.0,TEL,5,"BALDWIN IV, WADE",29:40,20,7,10,1,3,3,4,3,3,6,6,1,2,0,1,3,5,26,18.0
2022,PO,35,308,0,P011967   ,0.0,1.0,TEL,6,"MARTIN, JARELL",14:12,0,0,2,0,5,0,0,1,3,4,1,0,2,0,0,3,1,-6,2.0
2022,PO,35,308,0,P004233   ,0.0,1.0,TEL,8,"MENCO, RAFI",01:20,0,0,0,0,0,0,0,0,0,0,0,0,0,0,0,0,0,0,-3.0
2022,PO,35,308,0,P011219   ,0.0,1.0,TEL,9,"SORKIN, ROMAN",13:12,2,0,2,0,0,2,2,2,4,6,0,0,1,0,0,2,2,5,4.0
2022,PO,35,308,0,P007990   ,0.0,0.0,TEL,12,"DIBARTOLOMEO, JOHN",13:54,3,0,1,1,2,0,0,0,0,0,1,1,0,0,0,5,2,0,5.0
2022,PO,35,308,0,P008989   ,0.0,0.0,TEL,13,"HILLIARD, DARRUN",19:52,10,2,2,2,4,0,0,0,1,1,1,0,1,0,0,2,0,7,0.0
2022,PO,35,308,0,P005145   ,1.0,0.0,TEL,15,"COHEN, JAKE",19:08,0,0,1,0,1,0,0,0,3,3,2,0,0,0,0,3,2,2,11.0
2022,PO,35,308,0,P009960   ,0.0,1.0,TEL,22,"POYTHRESS, ALEX",08:20,6,2,2,0,0,2,4,1,0,1,0,2,2,0,0,4,2,3,-6.0
2022,PO,35,308,0,P011199   ,1.0,0.0,TEL,32,"NEBO, JOSH",22:06,12,6,6,0,0,0,1,1,7,8,2,0,1,0,0,2,1,19,10.0
2022,PO,35,308,0,P011220   ,0.0,1.0,TEL,33,"ZIV, IFTAH",01:25,0,0,0,0,0,0,0,0,0,0,0,0,0,0,0,0,1,1,-3.0
2022,PO,35,308,0,P009783   ,1.0,0.0,TEL,50,"COLSON, BONZIE",25:38,11,1,3,2,4,3,4,0,3,3,0,0,1,0,0,3,2,7,11.0
2022,PO,35,308,0,Team,0.0,0.0,TEL,,Team,,0,0,0,0,0,0,0,1,2,3,0,0,1,0,0,0,0,2,
2022,PO,35,308,0,Total,,,TEL,,Total,200:00,79,23,39,7,23,12,17,9,29,38,17,6,14,0,3,28,19,77,
2022,PO,35,309,1,P007982   ,1.0,1.0,MAD,0,"WILLIAMS-GOSS, NIGEL",26:22,6,3,5,0,2,0,0,0,0,0,2,0,0,0,0,4,0,0,-2.0
2022,PO,35,309,1,P001392   ,1.0,0.0,MAD,1,"CAUSEUR, FABIEN",12:26,3,0,3,1,2,0,0,0,2,2,2,0,1,0,0,2,1,1,-5.0
2022,PO,35,309,1,P005757   ,0.0,0.0,MAD,3,"RANDOLPH, ANTHONY",07:26,3,0,0,1,1,0,0,0,1,1,0,0,0,1,0,1,2,6,7.0
2022,PO,35,309,1,PBMT      ,0.0,0.0,MAD,5,"FERNANDEZ, RUDY",15:11,2,0,0,0,1,2,2,1,1,2,1,2,0,0,0,2,2,6,1.0
2022,PO,35,309,1,P005099   ,0.0,0.0,MAD,8,"HANGA, ADAM",07:51,5,2,2,0,1,1,1,0,1,1,0,0,1,0,0,4,2,2,0.0
2022,PO,35,309,1,P003108   ,1.0,1.0,MAD,11,"HEZONJA, MARIO",14:07,8,1,5,2,4,0,0,1,1,2,2,0,1,0,0,3,0,2,-20.0
2022,PO,35,309,1,PCVM      ,0.0,0.0,MAD,13,"RODRIGUEZ, SERGIO",05:38,0,0,2,0,1,0,0,1,0,1,2,0,0,0,1,1,0,-2,-6.0
2022,PO,35,309,1,P009005   ,1.0,1.0,MAD,14,"DECK, GABRIEL",32:19,24,8,8,0,1,8,11,1,7,8,1,1,0,0,0,3,6,33,3.0
2022,PO,35,309,1,P005791   ,1.0,0.0,MAD,22,"TAVARES, WALTER",21:50,12,5,6,0,0,2,2,2,3,5,1,0,0,1,0,0,2,20,-6.0
2022,PO,35,309,1,PTGB      ,0.0,0.0,MAD,23,"LLULL, SERGIO",DNP,0,0,0,0,0,0,0,0,0,0,0,0,0,0,0,0,0,0,0.0
2022,PO,35,309,1,P010357   ,0.0,1.0,MAD,28,"YABUSELE, GUERSCHON",34:01,14,4,8,2,6,0,2,3,1,4,2,1,0,1,1,3,4,12,7.0
2022,PO,35,309,1,P006540   ,0.0,1.0,MAD,31,"MUSA, DZANAN",22:49,10,1,3,1,3,5,7,0,2,2,3,1,3,0,0,4,3,6,11.0
2022,PO,35,309,1,Team,0.0,0.0,MAD,,Team,,0,0,0,0,0,0,0,4,3,7,0,0,1,0,0,0,0,6,
2022,PO,35,309,1,Total,,,MAD,,Total,200:00,87,24,42,7,22,18,25,13,22,35,16,5,7,3,2,27,22,92,
2022,PO,35,309,0,P009212   ,0.0,0.0,PAR,1,"VUKCEVIC, TRISTAN",DNP,0,0,0,0,0,0,0,0,0,0,0,0,0,0,0,0,0,0,0.0
2022,PO,35,309,0,P008987   ,1.0,0.0,PAR,2,"LEDAY, ZACH",32:30,13,4,7,0,2,5,5,1,3,4,1,0,3,0,0,5,5,10,14.0
2022,PO,35,309,0,P003983   ,1.0,0.0,PAR,4,"AVRAMOVIC, ALEKSA",20:11,8,1,3,2,4,0,0,0,3,3,1,0,0,0,0,2,2,8,-4.0
2022,PO,35,309,0,P009862   ,1.0,1.0,PAR,7,"PUNTER, KEVIN",34:08,26,1,3,5,8,9,9,0,3,3,6,0,2,0,0,1,6,33,7.0
2022,PO,35,309,0,P011051   ,1.0,1.0,PAR,9,"SMAILAGIC, ALEN",10:40,11,1,3,3,3,0,0,0,2,2,1,1,1,0,1,4,0,7,13.0
2022,PO,35,309,0,P005161   ,0.0,0.0,PAR,10,"PAPAPETROU, IOANNIS",05:58,0,0,0,0,1,0,0,0,0,0,0,0,0,0,0,2,0,-3,-15.0
2022,PO,35,309,0,P011302   ,0.0,1.0,PAR,11,"EXUM, DANTE",20:11,11,1,2,1,1,6,7,0,3,3,1,0,2,0,1,3,7,14,4.0
2022,PO,35,309,0,P007400   ,0.0,0.0,PAR,21,"NUNNALLY, JAMES",19:11,2,1,2,0,3,0,0,0,0,0,2,0,0,0,0,3,0,-3,-4.0
2022,PO,35,309,0,P003842   ,0.0,1.0,PAR,26,"LESSORT, MATHIAS",29:38,11,4,7,0,0,3,4,1,2,3,1,1,1,1,1,2,7,16,-9.0
2022,PO,35,309,0,P007673   ,1.0,0.0,PAR,32,"TRIFUNOVIC, UROS",13:15,1,0,1,0,2,1,2,1,2,3,0,0,0,0,0,1,1,0,1.0
2022,PO,35,309,0,P000956   ,0.0,0.0,PAR,33,"ANDJUSIC, DANILO",DNP,0,0,0,0,0,0,0,0,0,0,0,0,0,0,0,0,0,0,0.0
2022,PO,35,309,0,P011052   ,0.0,1.0,PAR,41,"MADAR, YAM",14:18,6,0,1,2,2,0,0,1,1,2,0,0,0,1,0,0,0,8,3.0
2022,PO,35,309,0,Team,0.0,0.0,PAR,,Team,,0,0,0,0,0,0,0,4,3,7,0,0,1,0,0,0,0,6,
2022,PO,35,309,0,Total,,,PAR,,Total,200:00,89,13,29,13,26,24,27,8,22,30,13,2,10,2,3,23,28,96,
2022,PO,35,310,1,P002968   ,0.0,0.0,BAR,5,"SANLI, SERTAC",16:47,17,4,6,2,3,3,3,3,2,5,1,1,0,0,0,3,2,20,11.0
2022,PO,35,310,1,P000925   ,1.0,0.0,BAR,6,"VESELY, JAN",13:44,4,1,3,0,0,2,2,3,0,3,0,1,1,0,0,2,1,4,12.0
2022,PO,35,310,1,P006768   ,0.0,1.0,BAR,8,"MARTINEZ, SERGI",06:23,2,1,2,0,0,0,0,0,0,0,0,0,2,0,0,2,1,-2,1.0
2022,PO,35,310,1,P004866   ,0.0,0.0,BAR,10,"KALINIC, NIKOLA",20:01,0,0,1,0,1,0,0,0,1,1,3,0,1,0,0,3,2,0,14.0
2022,PO,35,310,1,P002939   ,1.0,0.0,BAR,13,"SATORANSKY, TOMAS",21:16,4,1,2,0,0,2,2,0,7,7,5,0,2,0,0,1,2,14,24.0
2022,PO,35,310,1,P006435   ,1.0,0.0,BAR,20,"LAPROVITTOLA, NICOLAS",20:41,8,0,1,2,4,2,2,1,0,1,2,0,1,0,0,2,2,7,13.0
2022,PO,35,310,1,P003478   ,1.0,0.0,BAR,21,"ABRINES, ALEX",16:47,10,0,0,2,5,4,4,0,1,1,1,0,1,0,0,2,3,9,7.0
2022,PO,35,310,1,P008966   ,0.0,1.0,BAR,23,"TOBEY, MIKE",16:06,9,2,3,1,2,2,2,3,4,7,0,0,0,0,0,3,1,12,-3.0
2022,PO,35,310,1,P005789   ,0.0,1.0,BAR,24,"KURIC, KYLE",21:30,10,1,2,2,3,2,2,0,1,1,0,2,0,0,0,2,3,12,6.0
2022,PO,35,310,1,P007519   ,0.0,1.0,BAR,31,"JOKUBAITIS, ROKAS",19:59,12,2,6,2,3,2,2,1,2,3,3,2,1,1,1,0,2,16,11.0
2022,PO,35,310,1,P000796   ,1.0,0.0,BAR,33,"MIROTIC, NIKOLA",17:58,15,2,5,3,5,2,2,2,2,4,1,1,2,0,0,1,3,16,17.0
2022,PO,35,310,1,P010641   ,0.0,1.0,BAR,46,"NNAJI, JAMES",08:48,0,0,1,0,0,0,0,0,1,1,1,0,0,0,0,3,1,-1,-3.0
2022,PO,35,310,1,Team,0.0,0.0,BAR,,Team,,0,0,0,0,0,0,0,0,3,3,0,0,1,0,0,0,0,2,
2022,PO,35,310,1,Total,,,BAR,,Total,200:00,91,14,32,14,26,21,21,13,24,37,17,7,12,1,1,24,23,109,
2022,PO,35,310,0,P012068   ,1.0,0.0,ZAL,1,"TAYLOR, ISAIAH",06:07,2,0,0,0,0,2,2,0,0,0,0,0,2,0,0,1,1,0,-7.0
2022,PO,35,310,0,P007513   ,0.0,1.0,ZAL,3,"GIEDRAITIS, DOVYDAS",14:22,10,4,6,0,0,2,2,0,1,1,1,0,1,0,0,3,1,7,-7.0
2022,PO,35,310,0,P003210   ,0.0,0.0,ZAL,4,"LEKAVICIUS, LUKAS",11:02,5,0,3,1,2,2,2,0,1,1,1,1,1,0,1,2,3,3,2.0
2022,PO,35,310,0,P010390   ,1.0,1.0,ZAL,8,"HAYES, KEVARRIUS",18:17,9,4,8,0,0,1,2,3,1,4,1,0,1,0,0,2,2,8,-18.0
2022,PO,35,310,0,P007109   ,1.0,0.0,ZAL,10,"SMITS, ROLANDS",19:31,2,0,1,0,2,2,2,1,2,3,1,0,1,0,0,3,1,0,-18.0
2022,PO,35,310,0,P005504   ,0.0,0.0,ZAL,15,"BIRUTIS, LAURYNAS",12:38,7,2,6,0,0,3,3,2,2,4,0,0,0,1,0,1,3,10,2.0
2022,PO,35,310,0,P006158   ,0.0,1.0,ZAL,16,"LUKOSIUNAS, KAROLIS",06:11,0,0,0,0,0,0,0,0,0,0,0,1,1,0,0,2,0,-2,-1.0
2022,PO,35,310,0,P011983   ,0.0,0.0,ZAL,17,"BRAZDEIKIS, IGNAS",19:33,14,5,7,0,1,4,5,1,0,1,0,0,2,0,0,3,4,10,-9.0
2022,PO,35,310,0,P002084   ,0.0,1.0,ZAL,25,"POLONARA, ACHILLE",21:36,8,2,3,1,3,1,1,1,2,3,1,2,1,0,0,0,2,12,-3.0
2022,PO,35,310,0,P003211   ,0.0,1.0,ZAL,33,"DIMSA, TOMAS",19:55,6,2,5,0,1,2,2,0,1,1,0,0,2,0,0,1,1,1,-10.0
2022,PO,35,310,0,P002676   ,1.0,0.0,ZAL,51,"BUTKEVICIUS, ARNAS",23:42,2,1,2,0,2,0,0,1,3,4,1,2,1,0,0,3,2,4,-17.0
2022,PO,35,310,0,P002329   ,1.0,0.0,ZAL,92,"ULANOVAS, EDGARAS",27:06,4,2,3,0,2,0,0,0,2,2,0,0,0,0,0,2,4,5,-24.0
2022,PO,35,310,0,Team,0.0,0.0,ZAL,,Team,,0,0,0,0,0,0,0,2,2,4,0,0,0,0,0,0,0,4,
2022,PO,35,310,0,Total,,,ZAL,,Total,200:00,69,22,44,2,13,19,21,11,17,28,6,6,13,1,1,23,24,62,
2022,PO,36,311,1,P008855   ,1.0,1.0,OLY,0,"WALKUP, THOMAS",30:29,9,4,7,0,4,1,2,0,2,2,6,1,3,0,0,3,3,7,3.0
2022,PO,36,311,1,P010612   ,1.0,0.0,OLY,3,"CANAAN, ISAIAH",16:28,6,0,0,2,2,0,0,0,1,1,0,1,1,1,0,3,0,5,10.0
2022,PO,36,311,1,P006302   ,0.0,0.0,OLY,4,"LOUNTZIS, MICHALIS",DNP,0,0,0,0,0,0,0,0,0,0,0,0,0,0,0,0,0,0,0.0
2022,PO,36,311,1,P010392   ,0.0,0.0,OLY,5,"LARENTZAKIS, GIANNOULIS",10:00,0,0,0,0,1,0,0,0,0,0,0,1,1,0,0,1,0,-2,-11.0
2022,PO,36,311,1,P008811   ,1.0,1.0,OLY,10,"FALL, MOUSTAPHA",26:42,7,2,3,0,0,3,4,2,7,9,3,1,1,2,0,3,5,21,16.0
2022,PO,36,311,1,P001926   ,0.0,1.0,OLY,11,"SLOUKAS, KOSTAS",23:28,18,5,6,2,4,2,2,0,0,0,3,0,2,0,0,2,1,15,-14.0
2022,PO,36,311,1,P003469   ,1.0,1.0,OLY,14,"VEZENKOV, SASHA",32:31,18,2,3,1,4,11,11,1,6,7,1,2,1,0,0,3,7,27,3.0
2022,PO,36,311,1,P001255   ,1.0,1.0,OLY,16,"PAPANIKOLAOU, KOSTAS",20:05,4,1,1,0,2,2,2,0,2,2,2,0,1,0,0,1,2,6,14.0
2022,PO,36,311,1,P009035   ,0.0,0.0,OLY,21,"BOLOMBOY, JOEL",06:14,2,1,1,0,0,0,0,0,1,1,0,0,1,0,0,2,0,0,-7.0
2022,PO,36,311,1,P008829   ,0.0,0.0,OLY,25,"PETERS, ALEC",07:33,6,1,2,1,2,1,1,0,1,1,0,0,1,0,0,1,1,4,-5.0
2022,PO,36,311,1,P008991   ,0.0,0.0,OLY,28,"BLACK, TARIK",07:03,0,0,0,0,0,0,0,0,0,0,0,0,1,1,0,2,1,-1,-13.0
2022,PO,36,311,1,P007853   ,0.0,0.0,OLY,77,"MCKISSIC, SHAQUIELLE",19:27,8,2,3,1,3,1,3,0,2,2,1,0,1,0,0,4,4,5,-16.0
2022,PO,36,311,1,Team,0.0,0.0,OLY,,Team,,0,0,0,0,0,0,0,2,3,5,0,0,0,0,0,0,0,5,
2022,PO,36,311,1,Total,,,OLY,,Total,200:00,78,18,26,7,22,21,25,5,25,30,16,6,14,4,0,25,24,92,
2022,PO,36,311,0,P011157   ,0.0,1.0,ULK,0,"MOTLEY, JOHNATHAN",25:30,15,6,10,0,1,3,4,2,0,2,2,1,1,0,0,3,5,15,16.0
2022,PO,36,311,0,P003091   ,0.0,0.0,ULK,1,"BIRSEN, METECAN",04:35,0,0,2,0,0,0,0,1,0,1,0,0,0,0,0,0,0,-1,3.0
2022,PO,36,311,0,P011987   ,0.0,0.0,ULK,4,"EDWARDS, CARSEN",19:43,16,4,8,2,6,2,3,0,2,2,0,0,1,0,0,4,3,7,0.0
2022,PO,36,311,0,P002969   ,0.0,0.0,ULK,10,"MAHMUTOGLU, MELIH",01:29,2,0,0,0,1,2,2,0,0,0,0,0,0,0,0,0,1,2,3.0
2022,PO,36,311,0,P008962   ,1.0,1.0,ULK,11,"HAYES-DAVIS, NIGEL",37:33,15,3,5,3,5,0,0,1,5,6,5,1,0,0,0,3,1,21,2.0
2022,PO,36,311,0,P006961   ,0.0,0.0,ULK,13,"BIBEROVIC, TARIK",00:55,0,0,0,0,0,0,0,0,0,0,0,1,0,0,0,0,0,1,1.0
2022,PO,36,311,0,P010560   ,1.0,1.0,ULK,21,"PIERRE, DYSHAWN",35:49,9,3,8,1,3,0,1,3,4,7,3,1,1,0,1,3,3,10,0.0
2022,PO,36,311,0,P009733   ,1.0,0.0,ULK,22,"JEKIRI, TONYE",14:09,1,0,0,0,0,1,2,0,2,2,0,1,1,0,0,1,1,2,-9.0
2022,PO,36,311,0,P004004   ,0.0,0.0,ULK,23,"GUDURIC, MARKO",16:39,8,0,1,1,2,5,6,1,1,2,4,0,1,0,1,3,5,11,8.0
2022,PO,36,311,0,P009849   ,1.0,1.0,ULK,27,"DORSEY, TYLER",18:57,8,2,4,0,2,4,4,0,1,1,3,1,0,0,1,4,3,7,6.0
2022,PO,36,311,0,P001932   ,1.0,1.0,ULK,33,"CALATHES, NICK",23:46,8,4,7,0,0,0,0,1,2,3,4,0,2,0,1,3,3,9,-7.0
2022,PO,36,311,0,P011221   ,0.0,0.0,ULK,37,"ANTETOKOUNMPO, KOSTAS",00:55,0,0,0,0,0,0,0,0,0,0,0,0,0,0,0,0,0,0,-3.0
2022,PO,36,311,0,Team,0.0,0.0,ULK,,Team,,0,0,0,0,0,0,0,6,2,8,0,0,0,0,0,0,0,8,
2022,PO,36,311,0,Total,,,ULK,,Total,200:00,82,22,45,7,20,17,22,15,19,34,21,6,7,0,4,24,25,92,
2022,PO,36,312,1,P010588   ,1.0,1.0,MCO,0,"BROWN, JOHN",26:51,2,1,4,0,0,0,0,2,0,2,1,0,1,0,0,3,2,0,11.0
2022,PO,36,312,1,P011212   ,0.0,0.0,MCO,0,"OKOBO, ELIE",23:47,11,2,4,2,7,1,1,0,0,0,2,0,2,0,1,3,0,0,-9.0
2022,PO,36,312,1,P012201   ,0.0,0.0,MCO,1,"MONEKE, CHIMA",DNP,0,0,0,0,0,0,0,0,0,0,0,0,0,0,0,0,0,0,0.0
2022,PO,36,312,1,P009754   ,1.0,1.0,MCO,3,"LOYD, JORDAN",26:32,33,5,5,5,9,8,9,0,2,2,2,2,0,0,0,3,5,36,13.0
2022,PO,36,312,1,P011231   ,0.0,0.0,MCO,4,"BLOSSOMGAME, JARON",13:09,4,0,0,1,3,1,2,1,0,1,0,0,0,0,0,2,3,3,1.0
2022,PO,36,312,1,P011935   ,0.0,0.0,MCO,5,"MAKOUNDOU, YOAN",DNP,0,0,0,0,0,0,0,0,0,0,0,0,0,0,0,0,0,0,0.0
2022,PO,36,312,1,P011226   ,0.0,1.0,MCO,11,"DIALLO, ALPHA",22:51,8,3,7,0,1,2,3,1,2,3,0,0,0,0,0,2,3,6,2.0
2022,PO,36,312,1,PLCZ      ,1.0,0.0,MCO,20,"MOTIEJUNAS, DONATAS",17:23,4,2,3,0,0,0,0,2,2,4,3,2,2,0,0,1,3,12,18.0
2022,PO,36,312,1,P004197   ,1.0,0.0,MCO,24,"OUATTARA, YAKUBA",12:19,12,3,4,2,3,0,0,0,1,1,0,1,0,0,0,2,0,10,16.0
2022,PO,36,312,1,P008099   ,0.0,0.0,MCO,32,"STRAZEL, MATTHEW",04:21,0,0,0,0,1,0,0,0,0,0,0,0,0,0,0,0,0,-1,-8.0
2022,PO,36,312,1,P011196   ,0.0,1.0,MCO,45,"HALL, DONTA",22:03,1,0,1,0,0,1,4,3,6,9,1,1,0,2,1,2,2,9,-5.0
2022,PO,36,312,1,P005985   ,1.0,1.0,MCO,55,"JAMES, MIKE",30:44,11,2,5,1,7,4,5,0,4,4,6,0,4,0,0,2,6,11,21.0
2022,PO,36,312,1,Team,0.0,0.0,MCO,,Team,,0,0,0,0,0,0,0,1,5,6,0,0,1,0,0,0,0,5,
2022,PO,36,312,1,Total,,,MCO,,Total,200:00,86,18,33,11,31,17,24,10,22,32,15,6,10,2,2,20,24,91,
2022,PO,36,312,0,P009622   ,1.0,1.0,TEL,4,"BROWN, LORENZO",33:14,16,3,8,2,5,4,4,0,5,5,6,1,4,0,0,3,3,16,-14.0
2022,PO,36,312,0,P009863   ,1.0,0.0,TEL,5,"BALDWIN IV, WADE",31:03,17,4,7,2,5,3,4,1,2,3,4,1,4,0,0,4,4,14,-11.0
2022,PO,36,312,0,P011967   ,0.0,1.0,TEL,6,"MARTIN, JARELL",15:13,3,0,2,1,5,0,0,1,1,2,1,0,2,0,1,4,1,-6,-7.0
2022,PO,36,312,0,P004233   ,0.0,0.0,TEL,8,"MENCO, RAFI",DNP,0,0,0,0,0,0,0,0,0,0,0,0,0,0,0,0,0,0,0.0
2022,PO,36,312,0,P011219   ,0.0,0.0,TEL,9,"SORKIN, ROMAN",13:28,5,2,2,0,0,1,1,2,0,2,0,0,0,2,0,0,1,10,5.0
2022,PO,36,312,0,P007990   ,0.0,1.0,TEL,12,"DIBARTOLOMEO, JOHN",19:35,7,1,2,1,4,2,2,1,1,2,0,2,1,0,0,3,2,5,7.0
2022,PO,36,312,0,P008989   ,0.0,0.0,TEL,13,"HILLIARD, DARRUN",17:16,8,1,3,1,1,3,3,0,0,0,1,0,0,0,1,5,2,3,2.0
2022,PO,36,312,0,P005145   ,1.0,0.0,TEL,15,"COHEN, JAKE",09:29,0,0,0,0,3,0,0,0,1,1,1,0,1,0,0,1,1,-2,-14.0
2022,PO,36,312,0,P009960   ,0.0,1.0,TEL,22,"POYTHRESS, ALEX",16:42,7,3,5,0,0,1,1,0,5,5,0,0,3,0,0,4,1,4,12.0
2022,PO,36,312,0,P011199   ,1.0,0.0,TEL,32,"NEBO, JOSH",18:23,8,4,6,0,0,0,4,4,3,7,0,0,1,0,0,1,4,11,-24.0
2022,PO,36,312,0,P011220   ,0.0,0.0,TEL,33,"ZIV, IFTAH",00:08,0,0,0,0,0,0,0,0,0,0,0,0,0,0,0,0,0,0,0.0
2022,PO,36,312,0,P009783   ,1.0,1.0,TEL,50,"COLSON, BONZIE",25:29,3,0,1,1,3,0,0,2,5,7,1,2,1,0,0,4,0,5,-16.0
2022,PO,36,312,0,Team,0.0,0.0,TEL,,Team,,0,0,0,0,0,0,0,5,1,6,0,0,0,0,0,0,0,6,
2022,PO,36,312,0,Total,,,TEL,,Total,200:00,74,18,36,8,26,14,19,16,24,40,14,6,17,2,2,29,19,66,
2022,PO,36,313,1,P007982   ,1.0,0.0,MAD,0,"WILLIAMS-GOSS, NIGEL",07:54,6,1,4,1,1,1,2,0,0,0,0,0,0,0,1,3,1,-1,-10.0
2022,PO,36,313,1,P005757   ,1.0,0.0,MAD,3,"RANDOLPH, ANTHONY",03:22,0,0,0,0,0,0,0,0,0,0,0,1,0,0,0,2,0,-1,-6.0
2022,PO,36,313,1,PBMT      ,0.0,0.0,MAD,5,"FERNANDEZ, RUDY",18:28,16,2,3,4,6,0,0,0,0,0,0,0,0,0,0,4,2,11,1.0
2022,PO,36,313,1,P003733   ,0.0,0.0,MAD,6,"ABALDE, ALBERTO",,0,0,0,0,0,0,0,0,0,0,0,0,0,0,0,1,0,-1,0.0
2022,PO,36,313,1,P005099   ,0.0,0.0,MAD,8,"HANGA, ADAM",06:00,0,0,1,0,1,0,0,0,0,0,1,1,1,0,0,1,0,-2,0.0
2022,PO,36,313,1,P003108   ,0.0,1.0,MAD,11,"HEZONJA, MARIO",23:42,16,3,6,2,5,4,5,0,3,3,2,1,2,0,0,3,3,13,-11.0
2022,PO,36,313,1,PCVM      ,0.0,0.0,MAD,13,"RODRIGUEZ, SERGIO",11:21,2,1,2,0,1,0,0,0,1,1,5,1,3,0,1,4,1,0,0.0
2022,PO,36,313,1,P009005   ,1.0,1.0,MAD,14,"DECK, GABRIEL",30:12,8,3,7,0,0,2,2,1,6,7,0,1,2,0,0,5,4,9,-18.0
2022,PO,36,313,1,P004887   ,0.0,0.0,MAD,17,"POIRIER, VINCENT",22:34,12,4,6,0,1,4,4,4,3,7,1,1,0,0,0,5,2,15,4.0
2022,PO,36,313,1,PTGB      ,0.0,1.0,MAD,23,"LLULL, SERGIO",13:22,4,1,1,0,4,2,2,1,0,1,4,1,1,0,0,2,2,5,-6.0
2022,PO,36,313,1,P010357   ,1.0,1.0,MAD,28,"YABUSELE, GUERSCHON",28:44,3,0,0,1,1,0,0,0,4,4,2,0,3,0,0,3,3,6,-16.0
2022,PO,36,313,1,P006540   ,1.0,1.0,MAD,31,"MUSA, DZANAN",24:21,13,4,4,0,3,5,6,0,3,3,1,0,0,1,0,4,5,15,-13.0
2022,PO,36,313,1,Team,0.0,0.0,MAD,,Team,,0,0,0,0,0,0,0,2,0,2,0,0,1,0,0,0,0,1,
2022,PO,36,313,1,Total,,,MAD,,Total,190:00,80,19,34,8,23,18,21,8,20,28,16,7,13,1,2,37,23,70,
2022,PO,36,313,0,P009212   ,0.0,0.0,PAR,1,"VUKCEVIC, TRISTAN",,0,0,0,0,0,0,0,0,0,0,0,0,0,0,0,1,0,-1,0.0
2022,PO,36,313,0,P008987   ,1.0,1.0,PAR,2,"LEDAY, ZACH",28:49,15,2,3,3,5,2,3,1,5,6,0,0,2,0,0,2,4,17,9.0
2022,PO,36,313,0,P003983   ,0.0,0.0,PAR,4,"AVRAMOVIC, ALEKSA",12:43,4,2,2,0,2,0,0,0,1,1,3,2,0,0,0,2,0,6,6.0
2022,PO,36,313,0,P009862   ,1.0,1.0,PAR,7,"PUNTER, KEVIN",25:51,14,0,2,4,6,2,2,0,1,1,3,1,2,0,0,5,5,13,17.0
2022,PO,36,313,0,P011051   ,0.0,0.0,PAR,9,"SMAILAGIC, ALEN",07:40,7,2,2,1,1,0,1,0,0,0,0,0,0,0,0,4,2,4,5.0
2022,PO,36,313,0,P005161   ,1.0,0.0,PAR,10,"PAPAPETROU, IOANNIS",18:33,6,2,3,0,2,2,2,0,1,1,1,0,0,0,0,3,1,3,7.0
2022,PO,36,313,0,P011302   ,0.0,1.0,PAR,11,"EXUM, DANTE",25:49,19,3,5,2,7,7,8,1,1,2,2,1,3,0,0,5,5,13,1.0
2022,PO,36,313,0,P007400   ,0.0,1.0,PAR,21,"NUNNALLY, JAMES",28:36,16,0,1,2,3,10,10,0,3,3,1,2,2,0,0,4,5,19,15.0
2022,PO,36,313,0,P003842   ,1.0,1.0,PAR,26,"LESSORT, MATHIAS",29:23,10,4,6,0,0,2,2,4,5,9,1,1,1,1,1,2,4,20,5.0
2022,PO,36,313,0,P007673   ,0.0,0.0,PAR,32,"TRIFUNOVIC, UROS",00:33,0,0,0,0,0,0,0,0,0,0,1,0,0,0,0,1,0,0,1.0
2022,PO,36,313,0,P000956   ,0.0,0.0,PAR,33,"ANDJUSIC, DANILO",,0,0,0,0,0,0,0,0,0,0,0,0,0,0,0,1,0,-1,0.0
2022,PO,36,313,0,P011052   ,1.0,0.0,PAR,41,"MADAR, YAM",12:03,4,2,4,0,2,0,0,0,1,1,3,0,1,1,0,4,1,1,9.0
2022,PO,36,313,0,Team,0.0,0.0,PAR,,Team,,0,0,0,0,0,0,0,1,4,5,0,0,0,0,0,0,0,5,
2022,PO,36,313,0,Total,,,PAR,,Total,190:00,95,17,28,12,28,25,28,7,22,29,15,7,11,2,1,34,27,99,
2022,PO,36,314,1,P002968   ,0.0,0.0,BAR,5,"SANLI, SERTAC",10:05,2,1,1,0,0,0,0,0,0,0,1,0,1,0,0,4,1,-1,-1.0
2022,PO,36,314,1,P000925   ,1.0,1.0,BAR,6,"VESELY, JAN",26:11,26,10,13,0,1,6,6,2,4,6,2,0,1,1,0,3,6,33,10.0
2022,PO,36,314,1,P006768   ,0.0,0.0,BAR,8,"MARTINEZ, SERGI",03:36,0,0,0,0,0,0,0,1,0,1,0,0,0,0,0,0,0,1,4.0
2022,PO,36,314,1,P004866   ,0.0,1.0,BAR,10,"KALINIC, NIKOLA",14:43,8,0,0,2,3,2,2,0,2,2,0,1,1,0,0,1,1,9,6.0
2022,PO,36,314,1,P002939   ,1.0,1.0,BAR,13,"SATORANSKY, TOMAS",30:34,6,1,2,0,2,4,4,0,3,3,3,1,0,0,0,3,3,10,14.0
2022,PO,36,314,1,P006435   ,1.0,0.0,BAR,20,"LAPROVITTOLA, NICOLAS",28:41,5,0,2,1,3,2,2,0,2,2,11,0,1,0,1,3,3,12,3.0
2022,PO,36,314,1,P003478   ,1.0,1.0,BAR,21,"ABRINES, ALEX",21:56,5,1,3,1,6,0,0,0,1,1,0,0,0,0,0,3,2,-2,4.0
2022,PO,36,314,1,P008966   ,0.0,0.0,BAR,23,"TOBEY, MIKE",02:08,0,0,0,0,0,0,0,0,0,0,0,0,1,0,0,1,0,-2,-5.0
2022,PO,36,314,1,P005789   ,0.0,0.0,BAR,24,"KURIC, KYLE",18:25,6,0,1,2,4,0,0,2,1,3,0,0,0,0,0,0,0,6,3.0
2022,PO,36,314,1,P007519   ,0.0,1.0,BAR,31,"JOKUBAITIS, ROKAS",14:07,9,2,2,1,1,2,3,0,1,1,3,0,1,0,0,2,5,14,0.0
2022,PO,36,314,1,P000796   ,1.0,0.0,BAR,33,"MIROTIC, NIKOLA",25:54,22,5,6,3,8,3,3,1,3,4,1,2,1,0,0,1,2,23,6.0
2022,PO,36,314,1,P010641   ,0.0,0.0,BAR,46,"NNAJI, JAMES",03:40,0,0,0,0,0,0,0,0,0,0,0,0,0,1,0,0,0,1,-4.0
2022,PO,36,314,1,Team,0.0,0.0,BAR,,Team,,0,0,0,0,0,0,0,1,1,2,0,0,0,0,0,0,0,2,
2022,PO,36,314,1,Total,,,BAR,,Total,200:00,89,20,30,10,28,19,20,7,18,25,21,4,7,2,1,21,23,106,
2022,PO,36,314,0,P012068   ,1.0,0.0,ZAL,1,"TAYLOR, ISAIAH",15:16,7,3,6,0,1,1,1,0,2,2,2,0,1,0,0,3,6,9,-7.0
2022,PO,36,314,0,P007513   ,0.0,0.0,ZAL,3,"GIEDRAITIS, DOVYDAS",07:22,2,1,1,0,0,0,0,0,0,0,0,0,1,0,0,1,0,0,-6.0
2022,PO,36,314,0,P003210   ,0.0,1.0,ZAL,4,"LEKAVICIUS, LUKAS",18:01,5,0,2,1,1,2,2,0,2,2,2,2,0,0,0,3,4,10,5.0
2022,PO,36,314,0,P010390   ,0.0,0.0,ZAL,8,"HAYES, KEVARRIUS",04:58,3,1,1,0,0,1,2,0,2,2,0,0,0,0,0,1,1,4,-4.0
2022,PO,36,314,0,P007109   ,1.0,1.0,ZAL,10,"SMITS, ROLANDS",24:22,8,1,2,2,3,0,0,0,4,4,1,0,4,0,1,2,1,5,-10.0
2022,PO,36,314,0,P005504   ,0.0,0.0,ZAL,15,"BIRUTIS, LAURYNAS",19:59,10,4,6,0,0,2,2,1,1,2,0,0,1,0,0,3,3,9,3.0
2022,PO,36,314,0,P006158   ,0.0,0.0,ZAL,16,"LUKOSIUNAS, KAROLIS",DNP,0,0,0,0,0,0,0,0,0,0,0,0,0,0,0,0,0,0,0.0
2022,PO,36,314,0,P011983   ,1.0,1.0,ZAL,17,"BRAZDEIKIS, IGNAS",30:21,20,4,8,3,5,3,3,0,1,1,2,0,1,0,1,0,1,16,3.0
2022,PO,36,314,0,P002084   ,0.0,0.0,ZAL,25,"POLONARA, ACHILLE",11:53,2,1,1,0,1,0,0,1,3,4,0,0,0,0,0,1,1,5,-1.0
2022,PO,36,314,0,P003211   ,0.0,0.0,ZAL,33,"DIMSA, TOMAS",15:10,4,2,4,0,2,0,0,0,2,2,2,0,0,0,0,2,0,2,-2.0
2022,PO,36,314,0,P002676   ,1.0,1.0,ZAL,51,"BUTKEVICIUS, ARNAS",27:37,7,3,3,0,0,1,1,1,1,2,2,0,1,1,0,4,2,9,-7.0
2022,PO,36,314,0,P002329   ,1.0,1.0,ZAL,92,"ULANOVAS, EDGARAS",25:01,13,1,3,2,3,5,5,1,2,3,2,1,1,0,0,3,2,14,-14.0
2022,PO,36,314,0,Team,0.0,0.0,ZAL,,Team,,0,0,0,0,0,0,0,1,1,2,0,0,2,0,0,0,0,0,
2022,PO,36,314,0,Total,,,ZAL,,Total,200:00,81,21,37,8,16,15,16,5,21,26,13,3,12,1,2,23,21,83,
2022,PO,37,315,1,P011157   ,0.0,0.0,ULK,0,"MOTLEY, JOHNATHAN",13:45,5,1,5,0,0,3,4,3,1,4,0,1,1,0,0,3,5,6,-12.0
2022,PO,37,315,1,P003091   ,0.0,0.0,ULK,1,"BIRSEN, METECAN",04:42,0,0,0,0,0,0,0,0,2,2,0,0,1,0,0,0,0,1,-6.0
2022,PO,37,315,1,P011987   ,0.0,0.0,ULK,4,"EDWARDS, CARSEN",10:20,5,0,3,1,3,2,2,0,0,0,1,0,0,0,0,0,2,3,-14.0
2022,PO,37,315,1,P002969   ,0.0,0.0,ULK,10,"MAHMUTOGLU, MELIH",DNP,0,0,0,0,0,0,0,0,0,0,0,0,0,0,0,0,0,0,0.0
2022,PO,37,315,1,P008962   ,1.0,1.0,ULK,11,"HAYES-DAVIS, NIGEL",35:18,4,2,6,0,3,0,0,0,4,4,1,1,0,0,0,3,1,1,5.0
2022,PO,37,315,1,P006961   ,0.0,0.0,ULK,13,"BIBEROVIC, TARIK",02:40,0,0,0,0,0,0,0,0,0,0,0,0,0,0,0,2,0,-2,-2.0
2022,PO,37,315,1,P010560   ,1.0,1.0,ULK,21,"PIERRE, DYSHAWN",37:20,7,2,4,1,2,0,0,2,3,5,1,1,3,0,0,0,0,8,1.0
2022,PO,37,315,1,P009733   ,1.0,1.0,ULK,22,"JEKIRI, TONYE",26:15,15,6,8,0,0,3,3,2,5,7,3,2,0,1,1,1,2,26,11.0
2022,PO,37,315,1,P004004   ,0.0,1.0,ULK,23,"GUDURIC, MARKO",17:28,4,1,3,0,3,2,2,0,1,1,2,1,1,0,0,2,3,3,-15.0
2022,PO,37,315,1,P009849   ,1.0,0.0,ULK,27,"DORSEY, TYLER",26:58,21,4,8,3,5,4,4,0,1,1,3,1,1,0,1,3,3,18,16.0
2022,PO,37,315,1,P001932   ,1.0,1.0,ULK,33,"CALATHES, NICK",24:56,10,2,5,2,3,0,0,0,5,5,6,1,1,0,1,4,0,12,9.0
2022,PO,37,315,1,P011221   ,0.0,0.0,ULK,37,"ANTETOKOUNMPO, KOSTAS",00:18,0,0,0,0,0,0,0,0,0,0,0,0,0,0,0,0,0,0,2.0
2022,PO,37,315,1,Team,0.0,0.0,ULK,,Team,,0,0,0,0,0,0,0,1,4,5,0,0,2,0,0,0,0,3,
2022,PO,37,315,1,Total,,,ULK,,Total,200:00,71,18,42,7,19,14,15,8,26,34,17,8,10,1,3,18,16,79,
2022,PO,37,315,0,P008855   ,1.0,1.0,OLY,0,"WALKUP, THOMAS",25:13,2,1,6,0,2,0,0,3,5,8,4,1,2,0,0,0,2,8,-14.0
2022,PO,37,315,0,P010612   ,1.0,0.0,OLY,3,"CANAAN, ISAIAH",16:42,0,0,0,0,2,0,0,0,2,2,0,0,0,0,0,2,0,-2,-13.0
2022,PO,37,315,0,P006302   ,0.0,0.0,OLY,4,"LOUNTZIS, MICHALIS",DNP,0,0,0,0,0,0,0,0,0,0,0,0,0,0,0,0,0,0,0.0
2022,PO,37,315,0,P010392   ,0.0,0.0,OLY,5,"LARENTZAKIS, GIANNOULIS",05:23,0,0,0,0,0,0,0,0,0,0,0,0,0,0,0,3,0,-3,5.0
2022,PO,37,315,0,P008811   ,1.0,0.0,OLY,10,"FALL, MOUSTAPHA",20:24,5,2,6,0,0,1,2,2,4,6,2,0,3,2,0,2,2,7,-15.0
2022,PO,37,315,0,P001926   ,0.0,1.0,OLY,11,"SLOUKAS, KOSTAS",23:18,25,6,6,3,6,4,4,0,4,4,6,0,2,1,0,2,5,34,14.0
2022,PO,37,315,0,P003469   ,1.0,1.0,OLY,14,"VEZENKOV, SASHA",25:09,17,4,7,3,7,0,0,1,3,4,0,1,2,0,0,1,0,12,-8.0
2022,PO,37,315,0,P001255   ,1.0,0.0,OLY,16,"PAPANIKOLAOU, KOSTAS",33:51,6,3,3,0,5,0,0,3,2,5,2,0,2,0,0,2,2,6,-10.0
2022,PO,37,315,0,P009035   ,0.0,0.0,OLY,21,"BOLOMBOY, JOEL",DNP,0,0,0,0,0,0,0,0,0,0,0,0,0,0,0,0,0,0,0.0
2022,PO,37,315,0,P008829   ,0.0,0.0,OLY,25,"PETERS, ALEC",14:24,4,0,1,0,0,4,4,0,3,3,0,0,0,0,1,1,2,6,9.0
2022,PO,37,315,0,P008991   ,0.0,1.0,OLY,28,"BLACK, TARIK",19:36,9,3,6,0,0,3,6,1,1,2,2,2,0,0,0,3,5,11,16.0
2022,PO,37,315,0,P007853   ,0.0,1.0,OLY,77,"MCKISSIC, SHAQUIELLE",16:00,4,2,3,0,2,0,0,0,2,2,0,2,0,0,0,0,0,5,21.0
2022,PO,37,315,0,Team,0.0,0.0,OLY,,Team,,0,0,0,0,0,0,0,1,2,3,0,0,1,0,0,0,0,2,
2022,PO,37,315,0,Total,,,OLY,,Total,200:00,72,21,38,6,24,12,16,11,28,39,16,6,12,3,1,16,18,86,
2022,PO,37,316,1,P009622   ,1.0,1.0,TEL,4,"BROWN, LORENZO",32:20,12,5,8,0,5,2,2,0,3,3,3,1,2,0,1,3,5,10,-6.0
2022,PO,37,316,1,P009863   ,1.0,1.0,TEL,5,"BALDWIN IV, WADE",33:28,16,3,8,1,3,7,11,1,7,8,6,0,3,1,0,1,8,24,-3.0
2022,PO,37,316,1,P011967   ,0.0,0.0,TEL,6,"MARTIN, JARELL",18:08,7,2,3,0,3,3,3,2,3,5,0,0,1,1,0,4,2,6,-1.0
2022,PO,37,316,1,P004233   ,0.0,0.0,TEL,8,"MENCO, RAFI",DNP,0,0,0,0,0,0,0,0,0,0,0,0,0,0,0,0,0,0,0.0
2022,PO,37,316,1,P011219   ,0.0,0.0,TEL,9,"SORKIN, ROMAN",13:15,3,1,2,0,0,1,2,0,0,0,0,0,0,0,0,0,1,2,6.0
2022,PO,37,316,1,P007990   ,0.0,1.0,TEL,12,"DIBARTOLOMEO, JOHN",23:40,9,0,0,3,7,0,0,1,1,2,2,0,0,0,0,4,2,7,4.0
2022,PO,37,316,1,P008989   ,0.0,0.0,TEL,13,"HILLIARD, DARRUN",14:45,6,1,2,1,3,1,1,0,4,4,2,0,1,0,0,3,1,6,4.0
2022,PO,37,316,1,P005145   ,1.0,0.0,TEL,15,"COHEN, JAKE",04:18,0,0,0,0,0,0,0,1,0,1,1,0,0,0,0,2,1,1,-5.0
2022,PO,37,316,1,P009960   ,0.0,1.0,TEL,22,"POYTHRESS, ALEX",08:10,5,2,3,0,0,1,2,2,1,3,0,0,0,0,0,1,1,6,-9.0
2022,PO,37,316,1,P011199   ,1.0,0.0,TEL,32,"NEBO, JOSH",18:59,3,1,2,0,0,1,2,1,6,7,1,0,1,0,0,3,2,7,-7.0
2022,PO,37,316,1,P011220   ,0.0,0.0,TEL,33,"ZIV, IFTAH",DNP,0,0,0,0,0,0,0,0,0,0,0,0,0,0,0,0,0,0,0.0
2022,PO,37,316,1,P009783   ,1.0,1.0,TEL,50,"COLSON, BONZIE",32:57,17,6,7,1,4,2,3,0,4,4,0,1,2,0,0,4,3,14,-8.0
2022,PO,37,316,1,Team,0.0,0.0,TEL,,Team,,0,0,0,0,0,0,0,1,1,2,0,0,0,0,0,0,0,2,
2022,PO,37,316,1,Total,,,TEL,,Total,200:00,78,21,35,6,25,18,26,9,30,39,15,2,10,2,1,25,26,85,
2022,PO,37,316,0,P010588   ,1.0,1.0,MCO,0,"BROWN, JOHN",24:55,11,5,10,0,0,1,2,3,2,5,1,1,0,0,1,4,4,11,5.0
2022,PO,37,316,0,P011212   ,0.0,0.0,MCO,0,"OKOBO, ELIE",26:35,12,3,4,0,3,6,8,0,2,2,4,3,2,0,1,3,4,13,0.0
2022,PO,37,316,0,P012201   ,0.0,0.0,MCO,1,"MONEKE, CHIMA",02:50,0,0,1,0,0,0,0,0,0,0,0,0,0,0,0,0,0,-1,-1.0
2022,PO,37,316,0,P009754   ,1.0,1.0,MCO,3,"LOYD, JORDAN",26:35,15,2,4,3,6,2,2,0,2,2,2,1,0,0,0,4,4,15,3.0
2022,PO,37,316,0,P011231   ,1.0,0.0,MCO,4,"BLOSSOMGAME, JARON",15:17,2,1,1,0,1,0,0,1,4,5,1,0,0,0,0,2,0,5,8.0
2022,PO,37,316,0,P011935   ,0.0,0.0,MCO,5,"MAKOUNDOU, YOAN",DNP,0,0,0,0,0,0,0,0,0,0,0,0,0,0,0,0,0,0,0.0
2022,PO,37,316,0,P011226   ,0.0,1.0,MCO,11,"DIALLO, ALPHA",23:10,9,1,3,0,3,7,8,1,3,4,3,0,0,1,0,4,4,11,3.0
2022,PO,37,316,0,PLCZ      ,1.0,0.0,MCO,20,"MOTIEJUNAS, DONATAS",22:00,9,3,4,1,1,0,0,2,4,6,2,1,1,0,0,3,3,16,2.0
2022,PO,37,316,0,P004197   ,0.0,0.0,MCO,24,"OUATTARA, YAKUBA",09:22,2,1,2,0,1,0,0,0,1,1,0,1,0,0,0,2,0,0,3.0
2022,PO,37,316,0,P008099   ,0.0,0.0,MCO,32,"STRAZEL, MATTHEW",DNP,0,0,0,0,0,0,0,0,0,0,0,0,0,0,0,0,0,0,0.0
2022,PO,37,316,0,P011196   ,0.0,1.0,MCO,45,"HALL, DONTA",17:04,2,0,2,0,0,2,2,3,5,8,0,0,0,0,0,4,1,5,-2.0
2022,PO,37,316,0,P005985   ,1.0,1.0,MCO,55,"JAMES, MIKE",32:12,21,3,8,4,11,3,4,0,3,3,4,0,2,0,0,1,4,16,4.0
2022,PO,37,316,0,Team,0.0,0.0,MCO,,Team,,0,0,0,0,0,0,0,2,1,3,0,0,0,0,0,0,0,3,
2022,PO,37,316,0,Total,,,MCO,,Total,200:00,83,19,39,8,26,21,26,12,27,39,17,7,5,1,2,27,24,94,
2022,PO,37,317,1,P009212   ,0.0,0.0,PAR,1,"VUKCEVIC, TRISTAN",06:51,2,1,1,0,1,0,0,0,1,1,0,0,0,0,0,1,0,1,4.0
2022,PO,37,317,1,P008987   ,1.0,1.0,PAR,2,"LEDAY, ZACH",34:18,15,3,10,2,4,3,4,1,7,8,2,1,0,0,1,0,6,21,3.0
2022,PO,37,317,1,P003983   ,0.0,0.0,PAR,4,"AVRAMOVIC, ALEKSA",10:29,0,0,2,0,1,0,0,0,1,1,1,1,2,0,0,3,0,-5,-8.0
2022,PO,37,317,1,P011050   ,0.0,0.0,PAR,5,"KOPRIVICA, BALSA",01:07,0,0,0,0,0,0,0,0,0,0,0,0,0,1,0,0,0,1,-1.0
2022,PO,37,317,1,P011051   ,1.0,1.0,PAR,9,"SMAILAGIC, ALEN",26:06,15,3,3,2,4,3,5,2,0,2,1,0,2,0,0,1,4,15,-8.0
2022,PO,37,317,1,P005161   ,0.0,0.0,PAR,10,"PAPAPETROU, IOANNIS",22:06,4,0,2,1,2,1,2,0,2,2,2,0,0,0,1,2,1,2,-1.0
2022,PO,37,317,1,P011302   ,0.0,1.0,PAR,11,"EXUM, DANTE",26:26,11,4,6,0,2,3,3,0,1,1,1,0,1,0,0,1,6,13,-12.0
2022,PO,37,317,1,P007400   ,1.0,1.0,PAR,21,"NUNNALLY, JAMES",26:45,13,2,6,3,5,0,0,2,4,6,3,1,0,0,1,2,2,16,6.0
2022,PO,37,317,1,P007673   ,0.0,0.0,PAR,32,"TRIFUNOVIC, UROS",07:42,2,1,2,0,1,0,0,3,0,3,0,1,0,0,0,0,0,4,-8.0
2022,PO,37,317,1,P000956   ,1.0,1.0,PAR,33,"ANDJUSIC, DANILO",16:50,6,0,1,2,6,0,0,0,1,1,0,0,0,0,0,2,0,0,5.0
2022,PO,37,317,1,P011052   ,1.0,0.0,PAR,41,"MADAR, YAM",21:20,12,4,4,0,3,4,4,2,4,6,3,1,1,0,0,5,2,15,10.0
2022,PO,37,317,1,Team,0.0,0.0,PAR,,Team,,0,0,0,0,0,0,0,0,3,3,0,0,1,0,0,0,0,2,
2022,PO,37,317,1,Total,,,PAR,,Total,200:00,80,18,37,10,29,14,18,10,24,34,13,5,7,1,3,17,21,85,
2022,PO,37,317,0,P007982   ,1.0,1.0,MAD,0,"WILLIAMS-GOSS, NIGEL",23:05,22,4,6,3,6,5,6,1,0,1,2,2,1,0,0,4,3,19,-3.0
2022,PO,37,317,0,P005757   ,0.0,0.0,MAD,3,"RANDOLPH, ANTHONY",04:52,1,0,1,0,0,1,2,0,0,0,0,0,0,0,1,0,1,-1,-1.0
2022,PO,37,317,0,PBMT      ,0.0,0.0,MAD,5,"FERNANDEZ, RUDY",19:54,6,0,0,2,5,0,0,0,2,2,1,0,1,0,0,1,0,4,0.0
2022,PO,37,317,0,P003733   ,0.0,0.0,MAD,6,"ABALDE, ALBERTO",DNP,0,0,0,0,0,0,0,0,0,0,0,0,0,0,0,0,0,0,0.0
2022,PO,37,317,0,P005099   ,0.0,1.0,MAD,8,"HANGA, ADAM",20:19,3,1,3,0,2,1,2,2,2,4,1,1,2,0,0,4,2,0,8.0
2022,PO,37,317,0,P003108   ,0.0,1.0,MAD,11,"HEZONJA, MARIO",37:10,12,3,4,1,6,3,4,2,12,14,3,0,1,0,0,2,3,22,12.0
2022,PO,37,317,0,PCVM      ,0.0,1.0,MAD,13,"RODRIGUEZ, SERGIO",18:29,3,0,1,1,2,0,0,0,0,0,4,0,1,0,0,2,0,2,12.0
2022,PO,37,317,0,P004887   ,0.0,0.0,MAD,17,"POIRIER, VINCENT",DNP,0,0,0,0,0,0,0,0,0,0,0,0,0,0,0,0,0,0,0.0
2022,PO,37,317,0,P004790   ,1.0,0.0,MAD,21,"CORNELIE, PETR",02:50,0,0,0,0,0,0,0,0,0,0,0,0,0,0,0,2,0,-2,-10.0
2022,PO,37,317,0,P005791   ,1.0,0.0,MAD,22,"TAVARES, WALTER",35:45,26,11,14,0,0,4,5,4,7,11,3,0,1,3,0,3,6,41,1.0
2022,PO,37,317,0,PTGB      ,1.0,0.0,MAD,23,"LLULL, SERGIO",06:39,0,0,0,0,1,0,0,0,0,0,0,0,1,0,0,2,0,-4,-10.0
2022,PO,37,317,0,P006540   ,1.0,1.0,MAD,31,"MUSA, DZANAN",30:57,9,2,4,1,6,2,2,1,5,6,4,0,3,0,0,1,2,10,1.0
2022,PO,37,317,0,Team,0.0,0.0,MAD,,Team,,0,0,0,0,0,0,0,0,2,2,0,0,1,0,0,0,0,1,
2022,PO,37,317,0,Total,,,MAD,,Total,200:00,82,21,33,8,28,16,21,10,30,40,18,3,12,3,1,21,17,92,
2022,PO,37,318,1,P012068   ,1.0,0.0,ZAL,1,"TAYLOR, ISAIAH",13:38,6,3,7,0,0,0,0,0,0,0,1,2,3,0,0,3,1,0,-14.0
2022,PO,37,318,1,P007513   ,0.0,0.0,ZAL,3,"GIEDRAITIS, DOVYDAS",DNP,0,0,0,0,0,0,0,0,0,0,0,0,0,0,0,0,0,0,0.0
2022,PO,37,318,1,P003210   ,0.0,0.0,ZAL,4,"LEKAVICIUS, LUKAS",16:00,8,1,4,2,2,0,0,1,1,2,1,0,5,0,0,3,3,3,6.0
2022,PO,37,318,1,P010390   ,0.0,0.0,ZAL,8,"HAYES, KEVARRIUS",10:58,4,2,3,0,0,0,0,0,1,1,0,1,0,0,0,0,2,7,4.0
2022,PO,37,318,1,P007109   ,1.0,1.0,ZAL,10,"SMITS, ROLANDS",13:33,0,0,1,0,1,0,0,0,4,4,0,1,0,0,0,1,1,3,-16.0
2022,PO,37,318,1,P005504   ,0.0,0.0,ZAL,15,"BIRUTIS, LAURYNAS",17:47,12,6,9,0,0,0,0,1,4,5,0,0,0,0,0,2,1,13,-5.0
2022,PO,37,318,1,P006158   ,0.0,0.0,ZAL,16,"LUKOSIUNAS, KAROLIS",DNP,0,0,0,0,0,0,0,0,0,0,0,0,0,0,0,0,0,0,0.0
2022,PO,37,318,1,P011983   ,1.0,1.0,ZAL,17,"BRAZDEIKIS, IGNAS",18:10,7,2,4,0,3,3,4,0,1,1,1,0,0,0,0,1,3,5,3.0
2022,PO,37,318,1,P002084   ,0.0,0.0,ZAL,25,"POLONARA, ACHILLE",21:39,2,1,2,0,1,0,0,1,4,5,3,2,0,0,0,3,1,8,0.0
2022,PO,37,318,1,P003211   ,0.0,1.0,ZAL,33,"DIMSA, TOMAS",26:17,8,3,5,0,4,2,2,2,1,3,2,2,1,0,0,4,3,7,0.0
2022,PO,37,318,1,P002676   ,1.0,1.0,ZAL,51,"BUTKEVICIUS, ARNAS",30:38,6,2,3,0,2,2,2,0,3,3,2,0,1,0,0,4,3,6,-17.0
2022,PO,37,318,1,P002329   ,1.0,1.0,ZAL,92,"ULANOVAS, EDGARAS",31:20,13,2,9,2,2,3,3,6,3,9,0,1,4,0,1,1,4,14,-16.0
2022,PO,37,318,1,Team,0.0,0.0,ZAL,,Team,,0,0,0,0,0,0,0,1,0,1,0,0,0,0,0,0,0,1,
2022,PO,37,318,1,Total,,,ZAL,,Total,200:00,66,22,47,4,15,10,11,12,22,34,10,9,14,0,1,22,22,67,
2022,PO,37,318,0,P002968   ,0.0,0.0,BAR,5,"SANLI, SERTAC",12:27,2,1,1,0,1,0,0,0,1,1,0,0,0,1,0,4,0,-1,-18.0
2022,PO,37,318,0,P000925   ,1.0,0.0,BAR,6,"VESELY, JAN",25:32,14,5,11,0,0,4,4,0,3,3,2,3,2,0,0,3,9,20,31.0
2022,PO,37,318,0,P006768   ,0.0,0.0,BAR,8,"MARTINEZ, SERGI",00:21,0,0,0,0,0,0,0,0,0,0,0,0,0,0,0,0,0,0,2.0
2022,PO,37,318,0,P004866   ,0.0,1.0,BAR,10,"KALINIC, NIKOLA",16:10,2,0,1,0,1,2,2,0,3,3,1,2,6,0,0,0,1,1,-2.0
2022,PO,37,318,0,P002939   ,1.0,1.0,BAR,13,"SATORANSKY, TOMAS",28:15,14,2,4,2,3,4,4,0,3,3,5,2,2,0,0,3,3,19,13.0
2022,PO,37,318,0,P006435   ,1.0,0.0,BAR,20,"LAPROVITTOLA, NICOLAS",18:19,3,0,1,0,0,3,3,0,1,1,2,0,2,0,0,4,3,2,12.0
2022,PO,37,318,0,P003478   ,1.0,1.0,BAR,21,"ABRINES, ALEX",25:56,9,0,0,3,5,0,0,0,2,2,3,0,1,0,0,4,1,8,18.0
2022,PO,37,318,0,P008966   ,0.0,0.0,BAR,23,"TOBEY, MIKE",12:47,13,2,2,3,5,0,0,0,2,2,0,0,0,0,0,2,1,12,-8.0
2022,PO,37,318,0,P005789   ,0.0,0.0,BAR,24,"KURIC, KYLE",09:49,0,0,0,0,1,0,0,0,0,0,1,0,0,0,0,0,0,0,-10.0
2022,PO,37,318,0,P007519   ,0.0,1.0,BAR,31,"JOKUBAITIS, ROKAS",23:11,11,3,5,1,4,2,3,0,4,4,4,0,1,0,0,1,3,14,-2.0
2022,PO,37,318,0,P000796   ,1.0,1.0,BAR,33,"MIROTIC, NIKOLA",27:13,9,1,1,2,3,1,1,0,3,3,0,1,0,0,0,1,1,12,19.0
2022,PO,37,318,0,P010641   ,0.0,0.0,BAR,46,"NNAJI, JAMES",DNP,0,0,0,0,0,0,0,0,0,0,0,0,0,0,0,0,0,0,0.0
2022,PO,37,318,0,Team,0.0,0.0,BAR,,Team,,0,0,0,0,0,0,0,2,2,4,0,0,0,0,0,0,0,4,
2022,PO,37,318,0,Total,,,BAR,,Total,200:00,77,14,26,11,23,16,17,2,24,26,18,8,14,1,0,22,22,91,
2022,PO,38,319,1,P011157   ,0.0,1.0,ULK,0,"MOTLEY, JOHNATHAN",25:23,9,4,6,0,0,1,2,1,1,2,4,1,1,0,1,3,3,11,7.0
2022,PO,38,319,1,P003091   ,0.0,0.0,ULK,1,"BIRSEN, METECAN",00:17,0,0,0,0,0,0,0,0,1,1,0,0,0,0,0,0,0,1,1.0
2022,PO,38,319,1,P006661   ,0.0,0.0,ULK,3,"WILBEKIN, SCOTTIE",DNP,0,0,0,0,0,0,0,0,0,0,0,0,0,0,0,0,0,0,0.0
2022,PO,38,319,1,P011987   ,0.0,0.0,ULK,4,"EDWARDS, CARSEN",14:31,8,4,4,0,1,0,0,1,2,3,1,1,2,0,0,2,0,8,4.0
2022,PO,38,319,1,P002969   ,0.0,0.0,ULK,10,"MAHMUTOGLU, MELIH",DNP,0,0,0,0,0,0,0,0,0,0,0,0,0,0,0,0,0,0,0.0
2022,PO,38,319,1,P008962   ,1.0,1.0,ULK,11,"HAYES-DAVIS, NIGEL",40:00,12,0,1,3,4,3,4,1,1,2,2,1,1,1,0,3,3,14,4.0
2022,PO,38,319,1,P010560   ,1.0,1.0,ULK,21,"PIERRE, DYSHAWN",36:57,17,2,6,4,6,1,2,3,1,4,1,0,1,0,0,3,4,15,7.0
2022,PO,38,319,1,P009733   ,1.0,0.0,ULK,22,"JEKIRI, TONYE",14:37,2,1,3,0,0,0,0,0,5,5,1,0,0,0,1,1,0,4,-3.0
2022,PO,38,319,1,P004004   ,0.0,1.0,ULK,23,"GUDURIC, MARKO",14:01,4,0,1,0,1,4,5,0,4,4,1,1,2,0,0,3,4,6,10.0
2022,PO,38,319,1,P009849   ,1.0,0.0,ULK,27,"DORSEY, TYLER",27:12,16,4,7,2,6,2,4,0,3,3,2,0,2,0,0,0,6,16,-6.0
2022,PO,38,319,1,P001932   ,1.0,1.0,ULK,33,"CALATHES, NICK",27:02,5,2,6,0,0,1,2,0,2,2,4,1,4,0,0,1,2,4,-4.0
2022,PO,38,319,1,P011221   ,0.0,0.0,ULK,37,"ANTETOKOUNMPO, KOSTAS",DNP,0,0,0,0,0,0,0,0,0,0,0,0,0,0,0,0,0,0,0.0
2022,PO,38,319,1,Team,0.0,0.0,ULK,,Team,,0,0,0,0,0,0,0,1,3,4,0,0,0,0,0,0,0,4,
2022,PO,38,319,1,Total,,,ULK,,Total,200:00,73,17,34,9,18,12,19,7,23,30,16,5,13,1,2,16,22,83,
2022,PO,38,319,0,P008855   ,1.0,1.0,OLY,0,"WALKUP, THOMAS",28:33,8,1,5,2,4,0,0,1,2,3,3,1,1,0,1,4,0,3,0.0
2022,PO,38,319,0,P010612   ,1.0,1.0,OLY,3,"CANAAN, ISAIAH",22:16,12,3,6,2,5,0,0,0,1,1,0,3,0,0,0,2,0,8,2.0
2022,PO,38,319,0,P006302   ,0.0,0.0,OLY,4,"LOUNTZIS, MICHALIS",DNP,0,0,0,0,0,0,0,0,0,0,0,0,0,0,0,0,0,0,0.0
2022,PO,38,319,0,P010392   ,0.0,0.0,OLY,5,"LARENTZAKIS, GIANNOULIS",05:57,0,0,1,0,3,0,0,0,2,2,0,0,0,0,0,3,1,-4,3.0
2022,PO,38,319,0,P008811   ,1.0,1.0,OLY,10,"FALL, MOUSTAPHA",22:10,12,5,7,0,0,2,3,3,4,7,3,0,2,1,0,3,3,18,-1.0
2022,PO,38,319,0,P001926   ,0.0,0.0,OLY,11,"SLOUKAS, KOSTAS",22:21,3,1,2,0,1,1,1,0,1,1,3,1,2,0,0,2,4,6,-11.0
2022,PO,38,319,0,P003469   ,1.0,1.0,OLY,14,"VEZENKOV, SASHA",29:54,2,1,1,0,5,0,0,0,4,4,2,1,2,0,0,2,0,0,-1.0
2022,PO,38,319,0,P001255   ,1.0,0.0,OLY,16,"PAPANIKOLAOU, KOSTAS",22:28,4,2,2,0,2,0,0,0,3,3,0,0,0,0,0,2,0,3,1.0
2022,PO,38,319,0,P009035   ,0.0,0.0,OLY,21,"BOLOMBOY, JOEL",08:56,3,1,2,0,0,1,2,2,0,2,0,0,1,1,0,0,1,4,2.0
2022,PO,38,319,0,P008829   ,0.0,0.0,OLY,25,"PETERS, ALEC",10:06,2,1,3,0,1,0,0,0,1,1,0,0,1,0,0,0,0,-1,-3.0
2022,PO,38,319,0,P008991   ,0.0,0.0,OLY,28,"BLACK, TARIK",08:54,3,1,1,0,0,1,1,1,1,2,0,0,2,0,0,3,3,3,-5.0
2022,PO,38,319,0,P007853   ,0.0,1.0,OLY,77,"MCKISSIC, SHAQUIELLE",18:25,20,4,8,3,4,3,3,4,1,5,0,0,0,0,0,1,4,23,-7.0
2022,PO,38,319,0,Team,0.0,0.0,OLY,,Team,,0,0,0,0,0,0,0,0,1,1,0,0,3,0,0,0,0,-2,
2022,PO,38,319,0,Total,,,OLY,,Total,200:00,69,20,38,7,25,8,10,11,21,32,11,6,14,2,1,22,16,61,
2022,PO,38,320,1,P009622   ,1.0,0.0,TEL,4,"BROWN, LORENZO",27:29,22,2,7,6,8,0,0,0,2,2,6,3,3,0,0,2,4,25,27.0
2022,PO,38,320,1,P009863   ,1.0,0.0,TEL,5,"BALDWIN IV, WADE",25:09,19,5,7,2,4,3,3,0,2,2,6,1,3,0,0,4,4,21,16.0
2022,PO,38,320,1,P011967   ,1.0,0.0,TEL,6,"MARTIN, JARELL",11:36,4,2,4,0,2,0,0,2,3,5,0,0,0,0,0,3,0,2,2.0
2022,PO,38,320,1,P004233   ,0.0,1.0,TEL,8,"MENCO, RAFI",05:56,0,0,0,0,0,0,0,0,0,0,0,0,0,0,0,1,0,-1,7.0
2022,PO,38,320,1,P011219   ,0.0,1.0,TEL,9,"SORKIN, ROMAN",10:46,3,1,2,0,0,1,4,1,3,4,0,0,0,0,0,2,2,3,7.0
2022,PO,38,320,1,P007990   ,0.0,0.0,TEL,12,"DIBARTOLOMEO, JOHN",17:20,11,1,1,0,3,9,9,0,4,4,1,2,1,0,0,2,3,15,27.0
2022,PO,38,320,1,P008989   ,0.0,1.0,TEL,13,"HILLIARD, DARRUN",20:36,11,1,1,3,6,0,0,0,4,4,3,1,1,0,0,3,0,12,14.0
2022,PO,38,320,1,P005145   ,0.0,0.0,TEL,15,"COHEN, JAKE",15:40,8,0,0,2,2,2,2,1,3,4,1,0,1,0,0,1,2,13,23.0
2022,PO,38,320,1,P009960   ,1.0,1.0,TEL,22,"POYTHRESS, ALEX",18:37,12,4,6,0,0,4,8,3,3,6,1,0,0,0,0,2,4,15,24.0
2022,PO,38,320,1,P011199   ,0.0,0.0,TEL,32,"NEBO, JOSH",15:46,2,1,2,0,0,0,0,3,3,6,0,1,0,0,1,1,2,8,13.0
2022,PO,38,320,1,P011220   ,0.0,1.0,TEL,33,"ZIV, IFTAH",07:35,2,1,1,0,1,0,0,0,2,2,4,1,1,0,0,2,1,6,6.0
2022,PO,38,320,1,P009783   ,1.0,0.0,TEL,50,"COLSON, BONZIE",23:30,10,5,10,0,3,0,0,4,2,6,0,0,0,1,0,1,0,8,9.0
2022,PO,38,320,1,Team,0.0,0.0,TEL,,Team,,0,0,0,0,0,0,0,1,0,1,0,0,0,0,0,0,0,1,
2022,PO,38,320,1,Total,,,TEL,,Total,200:00,104,23,41,13,29,19,26,15,31,46,22,9,10,1,1,24,22,128,
2022,PO,38,320,0,P010588   ,1.0,0.0,MCO,0,"BROWN, JOHN",25:47,12,4,10,0,0,4,4,4,1,5,2,0,0,0,0,1,3,15,-11.0
2022,PO,38,320,0,P011212   ,0.0,0.0,MCO,0,"OKOBO, ELIE",20:41,8,1,2,2,3,0,0,0,1,1,0,1,4,0,0,3,1,2,-11.0
2022,PO,38,320,0,P012201   ,0.0,1.0,MCO,1,"MONEKE, CHIMA",10:04,0,0,0,0,0,0,0,0,0,0,2,1,2,0,0,3,0,-2,-21.0
2022,PO,38,320,0,P009754   ,1.0,0.0,MCO,3,"LOYD, JORDAN",17:28,4,1,5,0,2,2,2,0,0,0,4,2,0,0,0,3,3,4,-28.0
2022,PO,38,320,0,P011231   ,0.0,1.0,MCO,4,"BLOSSOMGAME, JARON",12:45,5,2,3,0,1,1,1,2,2,4,0,0,0,0,1,2,1,5,-17.0
2022,PO,38,320,0,P011935   ,0.0,0.0,MCO,5,"MAKOUNDOU, YOAN",DNP,0,0,0,0,0,0,0,0,0,0,0,0,0,0,0,0,0,0,0.0
2022,PO,38,320,0,P011226   ,0.0,1.0,MCO,11,"DIALLO, ALPHA",19:24,7,2,4,0,4,3,7,0,3,3,0,1,4,0,0,3,3,-3,-28.0
2022,PO,38,320,0,PLCZ      ,1.0,0.0,MCO,20,"MOTIEJUNAS, DONATAS",21:17,11,4,6,1,2,0,1,0,3,3,3,0,1,0,0,2,2,12,3.0
2022,PO,38,320,0,P004197   ,1.0,1.0,MCO,24,"OUATTARA, YAKUBA",21:31,2,1,1,0,2,0,0,1,2,3,1,1,0,0,0,3,0,2,-7.0
2022,PO,38,320,0,P008099   ,0.0,1.0,MCO,32,"STRAZEL, MATTHEW",05:15,1,0,1,0,1,1,2,0,0,0,0,0,1,0,0,0,1,-2,-7.0
2022,PO,38,320,0,P011196   ,0.0,0.0,MCO,45,"HALL, DONTA",14:47,6,2,4,0,0,2,2,2,1,3,0,1,0,1,0,0,2,11,-30.0
2022,PO,38,320,0,P005985   ,1.0,0.0,MCO,55,"JAMES, MIKE",31:01,13,3,9,0,4,7,8,2,6,8,3,0,1,0,0,3,8,17,-18.0
2022,PO,38,320,0,Team,0.0,0.0,MCO,,Team,,0,0,0,0,0,0,0,2,3,5,0,0,0,0,0,0,0,5,
2022,PO,38,320,0,Total,,,MCO,,Total,200:00,69,20,45,3,19,20,27,13,22,35,15,7,13,1,1,23,24,66,
2022,PO,38,321,1,P009212   ,0.0,0.0,PAR,1,"VUKCEVIC, TRISTAN",DNP,0,0,0,0,0,0,0,0,0,0,0,0,0,0,0,0,0,0,0.0
2022,PO,38,321,1,P008987   ,1.0,1.0,PAR,2,"LEDAY, ZACH",38:58,25,12,14,0,2,1,2,1,2,3,1,1,0,0,0,4,4,25,-5.0
2022,PO,38,321,1,P011050   ,0.0,0.0,PAR,5,"KOPRIVICA, BALSA",DNP,0,0,0,0,0,0,0,0,0,0,0,0,0,0,0,0,0,0,0.0
2022,PO,38,321,1,P011051   ,0.0,0.0,PAR,9,"SMAILAGIC, ALEN",07:27,0,0,0,0,1,0,0,0,2,2,0,0,0,0,0,2,1,0,2.0
2022,PO,38,321,1,P005161   ,0.0,1.0,PAR,10,"PAPAPETROU, IOANNIS",30:55,18,3,4,3,5,3,5,1,3,4,0,0,1,0,0,2,4,18,2.0
2022,PO,38,321,1,P011302   ,0.0,1.0,PAR,11,"EXUM, DANTE",23:29,6,1,5,1,6,1,1,0,0,0,3,1,0,1,0,4,2,0,6.0
2022,PO,38,321,1,P007400   ,1.0,1.0,PAR,21,"NUNNALLY, JAMES",21:37,2,1,7,0,3,0,0,3,1,4,1,1,2,0,1,1,1,-4,-21.0
2022,PO,38,321,1,P003842   ,1.0,0.0,PAR,26,"LESSORT, MATHIAS",30:27,11,3,7,0,0,5,10,3,4,7,2,1,3,0,1,3,6,11,-8.0
2022,PO,38,321,1,P007673   ,1.0,0.0,PAR,32,"TRIFUNOVIC, UROS",13:12,3,0,0,1,1,0,0,0,3,3,0,0,0,0,0,3,0,3,-11.0
2022,PO,38,321,1,P000956   ,0.0,0.0,PAR,33,"ANDJUSIC, DANILO",18:40,7,2,3,1,3,0,1,0,2,2,3,1,1,0,0,3,2,7,16.0
2022,PO,38,321,1,P011052   ,1.0,1.0,PAR,41,"MADAR, YAM",15:15,6,3,4,0,2,0,0,0,1,1,2,2,0,0,0,1,2,9,-16.0
2022,PO,38,321,1,Team,0.0,0.0,PAR,,Team,,0,0,0,0,0,0,0,3,2,5,0,0,0,0,0,0,0,5,
2022,PO,38,321,1,Total,,,PAR,,Total,200:00,78,25,44,6,23,10,19,11,20,31,12,7,7,1,2,23,22,74,
2022,PO,38,321,0,P007982   ,1.0,1.0,MAD,0,"WILLIAMS-GOSS, NIGEL",17:04,6,1,1,0,2,4,4,0,0,0,2,0,3,0,0,3,1,1,9.0
2022,PO,38,321,0,P005757   ,0.0,0.0,MAD,3,"RANDOLPH, ANTHONY",08:55,3,1,1,0,1,1,2,1,1,2,0,0,2,0,0,4,1,-2,-3.0
2022,PO,38,321,0,PBMT      ,0.0,0.0,MAD,5,"FERNANDEZ, RUDY",15:53,0,0,0,0,4,0,0,0,1,1,1,0,0,0,0,1,2,-1,-9.0
2022,PO,38,321,0,P003733   ,0.0,0.0,MAD,6,"ABALDE, ALBERTO",DNP,0,0,0,0,0,0,0,0,0,0,0,0,0,0,0,0,0,0,0.0
2022,PO,38,321,0,P005099   ,1.0,1.0,MAD,8,"HANGA, ADAM",20:59,15,3,6,3,5,0,0,0,2,2,3,0,1,0,0,3,0,11,7.0
2022,PO,38,321,0,P003108   ,0.0,1.0,MAD,11,"HEZONJA, MARIO",24:50,5,1,4,1,3,0,0,1,5,6,0,1,1,0,0,2,0,4,0.0
2022,PO,38,321,0,PCVM      ,0.0,0.0,MAD,13,"RODRIGUEZ, SERGIO",18:21,8,1,1,2,2,0,0,0,2,2,7,0,2,0,0,2,1,14,-1.0
2022,PO,38,321,0,P009005   ,1.0,0.0,MAD,14,"DECK, GABRIEL",32:55,14,5,7,1,2,1,1,0,3,3,2,0,0,0,1,2,3,16,7.0
2022,PO,38,321,0,P004790   ,0.0,0.0,MAD,21,"CORNELIE, PETR",02:39,0,0,0,0,0,0,0,0,0,0,0,0,1,0,0,0,0,-1,-1.0
2022,PO,38,321,0,P005791   ,1.0,1.0,MAD,22,"TAVARES, WALTER",28:26,15,4,7,0,0,7,8,4,3,7,0,2,0,2,0,3,11,30,11.0
2022,PO,38,321,0,PTGB      ,0.0,0.0,MAD,23,"LLULL, SERGIO",04:33,5,1,1,0,0,3,3,0,0,0,0,0,0,0,0,1,2,6,1.0
2022,PO,38,321,0,P006540   ,1.0,1.0,MAD,31,"MUSA, DZANAN",25:25,14,5,5,1,5,1,1,0,8,8,3,0,2,0,0,1,1,19,14.0
2022,PO,38,321,0,Team,0.0,0.0,MAD,,Team,,0,0,0,0,0,0,0,1,4,5,0,0,0,0,0,0,0,5,
2022,PO,38,321,0,Total,,,MAD,,Total,200:00,85,22,33,8,24,17,19,7,29,36,18,3,12,2,1,22,22,102,
2022,PO,39,323,1,P008855   ,1.0,0.0,OLY,0,"WALKUP, THOMAS",15:01,4,2,3,0,3,0,0,0,0,0,2,1,2,0,0,4,2,-1,7.0
2022,PO,39,323,1,P010612   ,1.0,0.0,OLY,3,"CANAAN, ISAIAH",18:15,2,1,4,0,2,0,0,1,0,1,4,1,0,0,0,3,1,1,4.0
2022,PO,39,323,1,P006302   ,0.0,0.0,OLY,4,"LOUNTZIS, MICHALIS",00:05,0,0,0,0,0,0,0,0,0,0,0,0,0,0,0,0,0,0,0.0
2022,PO,39,323,1,P010392   ,0.0,0.0,OLY,5,"LARENTZAKIS, GIANNOULIS",04:34,2,0,1,0,1,2,2,1,1,2,0,0,1,0,0,2,1,0,-4.0
2022,PO,39,323,1,P008811   ,1.0,1.0,OLY,10,"FALL, MOUSTAPHA",33:00,8,2,4,0,0,4,6,4,5,9,2,0,1,2,0,3,4,17,7.0
2022,PO,39,323,1,P001926   ,0.0,1.0,OLY,11,"SLOUKAS, KOSTAS",28:44,22,5,7,2,4,6,6,0,3,3,6,1,2,0,0,4,5,27,8.0
2022,PO,39,323,1,P003469   ,1.0,1.0,OLY,14,"VEZENKOV, SASHA",33:17,17,7,10,0,2,3,3,2,3,5,0,1,3,0,0,2,4,17,7.0
2022,PO,39,323,1,P001255   ,1.0,1.0,OLY,16,"PAPANIKOLAOU, KOSTAS",35:26,14,5,5,1,4,1,1,0,11,11,1,0,1,1,0,1,1,23,16.0
2022,PO,39,323,1,P009035   ,0.0,0.0,OLY,21,"BOLOMBOY, JOEL",00:29,0,0,0,0,0,0,0,0,0,0,0,0,0,0,0,0,0,0,0.0
2022,PO,39,323,1,P008829   ,0.0,0.0,OLY,25,"PETERS, ALEC",06:38,2,0,0,0,0,2,2,2,0,2,0,0,0,0,0,1,1,4,5.0
2022,PO,39,323,1,P008991   ,0.0,0.0,OLY,28,"BLACK, TARIK",06:31,2,1,2,0,0,0,2,1,1,2,0,0,0,2,0,2,1,2,5.0
2022,PO,39,323,1,P007853   ,0.0,1.0,OLY,77,"MCKISSIC, SHAQUIELLE",18:00,11,2,5,1,3,4,4,0,4,4,1,0,0,0,0,0,3,14,5.0
2022,PO,39,323,1,Team,0.0,0.0,OLY,,Team,,0,0,0,0,0,0,0,0,0,0,0,0,2,0,0,0,0,-2,
2022,PO,39,323,1,Total,,,OLY,,Total,200:00,84,25,41,4,19,22,26,11,28,39,16,4,12,5,0,22,23,102,
2022,PO,39,323,0,P011157   ,0.0,1.0,ULK,0,"MOTLEY, JOHNATHAN",25:11,14,6,8,0,1,2,2,1,3,4,1,0,0,0,1,3,4,16,-3.0
2022,PO,39,323,0,P003091   ,0.0,0.0,ULK,1,"BIRSEN, METECAN",01:43,0,0,0,0,0,0,0,0,0,0,0,0,0,0,0,0,0,0,-3.0
2022,PO,39,323,0,P006661   ,0.0,0.0,ULK,3,"WILBEKIN, SCOTTIE",DNP,0,0,0,0,0,0,0,0,0,0,0,0,0,0,0,0,0,0,0.0
2022,PO,39,323,0,P011987   ,0.0,1.0,ULK,4,"EDWARDS, CARSEN",16:59,10,3,8,0,3,4,4,0,3,3,2,1,0,0,1,1,4,10,-6.0
2022,PO,39,323,0,P002969   ,0.0,0.0,ULK,10,"MAHMUTOGLU, MELIH",DNP,0,0,0,0,0,0,0,0,0,0,0,0,0,0,0,0,0,0,0.0
2022,PO,39,323,0,P008962   ,1.0,1.0,ULK,11,"HAYES-DAVIS, NIGEL",38:17,5,0,3,0,1,5,6,2,3,5,2,1,0,0,0,4,6,10,-9.0
2022,PO,39,323,0,P010560   ,1.0,1.0,ULK,21,"PIERRE, DYSHAWN",33:40,0,0,0,0,2,0,0,0,2,2,0,0,1,0,0,1,1,-1,-10.0
2022,PO,39,323,0,P009733   ,1.0,0.0,ULK,22,"JEKIRI, TONYE",12:30,4,2,4,0,0,0,0,1,1,2,2,0,2,0,0,3,0,1,-4.0
2022,PO,39,323,0,P004004   ,0.0,0.0,ULK,23,"GUDURIC, MARKO",27:57,26,0,4,8,12,2,2,1,2,3,2,1,2,0,3,3,1,17,-9.0
2022,PO,39,323,0,P009849   ,1.0,1.0,ULK,27,"DORSEY, TYLER",25:18,9,3,5,0,5,3,4,1,2,3,1,0,1,0,0,3,5,6,-3.0
2022,PO,39,323,0,P001932   ,1.0,0.0,ULK,33,"CALATHES, NICK",17:36,4,2,3,0,3,0,0,0,2,2,2,1,1,0,0,5,0,-1,-13.0
2022,PO,39,323,0,P011221   ,0.0,0.0,ULK,37,"ANTETOKOUNMPO, KOSTAS",00:49,0,0,0,0,0,0,0,0,0,0,0,0,0,0,0,1,0,-1,0.0
2022,PO,39,323,0,Team,0.0,0.0,ULK,,Team,,0,0,0,0,0,0,0,4,2,6,0,0,1,0,0,0,0,5,
2022,PO,39,323,0,Total,,,ULK,,Total,200:00,72,16,35,8,27,16,18,10,20,30,12,4,8,0,5,24,21,62,
2022,PO,39,324,1,P010588   ,1.0,1.0,MCO,0,"BROWN, JOHN",19:31,2,1,2,0,0,0,0,1,1,2,0,0,0,1,0,4,0,0,6.0
2022,PO,39,324,1,P011212   ,0.0,1.0,MCO,0,"OKOBO, ELIE",25:50,9,2,6,1,5,2,3,1,4,5,6,2,1,1,0,2,2,13,11.0
2022,PO,39,324,1,P012201   ,0.0,1.0,MCO,1,"MONEKE, CHIMA",22:53,10,3,5,0,0,4,4,2,2,4,0,0,1,1,0,3,3,12,13.0
2022,PO,39,324,1,P009754   ,1.0,0.0,MCO,3,"LOYD, JORDAN",27:14,21,1,4,3,3,10,12,0,2,2,1,1,0,0,0,4,8,24,17.0
2022,PO,39,324,1,P011231   ,0.0,0.0,MCO,4,"BLOSSOMGAME, JARON",04:14,0,0,0,0,0,0,0,0,0,0,1,0,1,0,0,0,0,0,-4.0
2022,PO,39,324,1,P011935   ,0.0,0.0,MCO,5,"MAKOUNDOU, YOAN",DNP,0,0,0,0,0,0,0,0,0,0,0,0,0,0,0,0,0,0,0.0
2022,PO,39,324,1,P011226   ,0.0,1.0,MCO,11,"DIALLO, ALPHA",23:07,9,3,5,0,2,3,5,3,1,4,1,2,1,2,0,4,4,11,9.0
2022,PO,39,324,1,PLCZ      ,1.0,0.0,MCO,20,"MOTIEJUNAS, DONATAS",20:07,6,2,5,0,0,2,2,1,3,4,0,1,2,0,0,3,2,5,-4.0
2022,PO,39,324,1,P004197   ,1.0,1.0,MCO,24,"OUATTARA, YAKUBA",12:58,9,3,3,1,4,0,0,1,1,2,1,1,0,0,0,0,0,10,-9.0
2022,PO,39,324,1,P008099   ,0.0,0.0,MCO,32,"STRAZEL, MATTHEW",DNP,0,0,0,0,0,0,0,0,0,0,0,0,0,0,0,0,0,0,0.0
2022,PO,39,324,1,P011196   ,0.0,0.0,MCO,45,"HALL, DONTA",11:07,10,5,5,0,0,0,0,2,4,6,0,1,2,0,0,5,0,10,10.0
2022,PO,39,324,1,P005985   ,1.0,0.0,MCO,55,"JAMES, MIKE",32:59,21,5,9,2,10,5,6,0,5,5,4,2,2,0,0,2,6,21,6.0
2022,PO,39,324,1,Team,0.0,0.0,MCO,,Team,,0,0,0,0,0,0,0,4,0,4,0,0,0,0,0,0,0,4,
2022,PO,39,324,1,Total,,,MCO,,Total,200:00,97,25,44,7,24,26,32,15,23,38,14,10,10,5,0,27,25,110,
2022,PO,39,324,0,P009622   ,1.0,1.0,TEL,4,"BROWN, LORENZO",35:38,12,1,5,2,7,4,5,0,0,0,2,0,3,0,2,2,3,0,-10.0
2022,PO,39,324,0,P009863   ,1.0,1.0,TEL,5,"BALDWIN IV, WADE",32:03,27,5,6,5,7,2,6,1,5,6,7,1,4,0,0,3,8,35,-11.0
2022,PO,39,324,0,P011967   ,1.0,1.0,TEL,6,"MARTIN, JARELL",24:14,12,2,4,2,5,2,2,0,4,4,1,1,2,0,2,4,1,6,-22.0
2022,PO,39,324,0,P004233   ,0.0,0.0,TEL,8,"MENCO, RAFI",DNP,0,0,0,0,0,0,0,0,0,0,0,0,0,0,0,0,0,0,0.0
2022,PO,39,324,0,P011219   ,0.0,0.0,TEL,9,"SORKIN, ROMAN",DNP,0,0,0,0,0,0,0,0,0,0,0,0,0,0,0,0,0,0,0.0
2022,PO,39,324,0,P007990   ,0.0,1.0,TEL,12,"DIBARTOLOMEO, JOHN",15:30,10,0,0,2,4,4,4,0,2,2,1,1,1,0,0,2,2,11,0.0
2022,PO,39,324,0,P008989   ,0.0,1.0,TEL,13,"HILLIARD, DARRUN",20:33,10,1,3,2,4,2,2,0,0,0,1,0,1,0,1,3,3,5,0.0
2022,PO,39,324,0,P005145   ,0.0,0.0,TEL,15,"COHEN, JAKE",03:41,0,0,0,0,0,0,0,0,0,0,0,1,0,0,0,2,0,-1,2.0
2022,PO,39,324,0,P009960   ,1.0,0.0,TEL,22,"POYTHRESS, ALEX",20:02,5,2,3,0,0,1,4,0,2,2,0,0,1,0,0,3,3,2,-16.0
2022,PO,39,324,0,P011199   ,0.0,0.0,TEL,32,"NEBO, JOSH",19:24,2,0,0,0,0,2,2,1,3,4,0,1,2,0,0,2,1,4,5.0
2022,PO,39,324,0,P011220   ,0.0,0.0,TEL,33,"ZIV, IFTAH",DNP,0,0,0,0,0,0,0,0,0,0,0,0,0,0,0,0,0,0,0.0
2022,PO,39,324,0,P009783   ,1.0,0.0,TEL,50,"COLSON, BONZIE",28:55,8,1,2,1,2,3,3,1,5,6,1,1,1,0,0,5,5,13,-3.0
2022,PO,39,324,0,Team,0.0,0.0,TEL,,Team,,0,0,0,0,0,0,0,3,1,4,0,0,0,0,0,0,0,4,
2022,PO,39,324,0,Total,,,TEL,,Total,200:00,86,12,23,14,29,20,28,6,22,28,13,6,15,0,5,26,26,79,
2022,PO,39,325,1,P007982   ,1.0,0.0,MAD,0,"WILLIAMS-GOSS, NIGEL",19:41,10,4,8,0,1,2,2,0,1,1,2,0,2,0,1,0,2,7,-10.0
2022,PO,39,325,1,P001392   ,0.0,0.0,MAD,1,"CAUSEUR, FABIEN",03:41,3,0,0,1,1,0,0,0,0,0,0,0,0,0,0,1,0,2,-5.0
2022,PO,39,325,1,P005757   ,0.0,0.0,MAD,3,"RANDOLPH, ANTHONY",05:24,2,1,2,0,0,0,0,0,1,1,0,0,0,0,0,2,1,1,-5.0
2022,PO,39,325,1,PBMT      ,0.0,1.0,MAD,5,"FERNANDEZ, RUDY",20:25,0,0,0,0,1,0,0,2,3,5,1,0,1,0,0,4,1,1,3.0
2022,PO,39,325,1,P003733   ,0.0,0.0,MAD,6,"ABALDE, ALBERTO",DNP,0,0,0,0,0,0,0,0,0,0,0,0,0,0,0,0,0,0,0.0
2022,PO,39,325,1,P005099   ,1.0,1.0,MAD,8,"HANGA, ADAM",14:22,7,1,3,1,1,2,2,1,2,3,0,0,1,0,0,3,1,5,2.0
2022,PO,39,325,1,P003108   ,0.0,1.0,MAD,11,"HEZONJA, MARIO",31:18,13,3,5,2,6,1,2,0,3,3,0,1,0,0,1,1,1,9,4.0
2022,PO,39,325,1,PCVM      ,0.0,0.0,MAD,13,"RODRIGUEZ, SERGIO",19:31,19,5,6,3,5,0,0,1,2,3,6,1,0,0,0,2,2,26,16.0
2022,PO,39,325,1,P005791   ,1.0,1.0,MAD,22,"TAVARES, WALTER",28:42,12,4,7,0,0,4,5,1,6,7,0,2,3,1,1,4,6,16,11.0
2022,PO,39,325,1,PTGB      ,0.0,1.0,MAD,23,"LLULL, SERGIO",19:45,8,1,3,2,4,0,0,0,1,1,2,0,0,0,0,2,1,6,8.0
2022,PO,39,325,1,P009213   ,1.0,0.0,MAD,30,"NDIAYE, ELI",12:05,4,1,1,0,0,2,2,1,3,4,0,0,0,1,0,5,2,6,-2.0
2022,PO,39,325,1,P006540   ,1.0,0.0,MAD,31,"MUSA, DZANAN",25:06,20,3,8,1,1,11,12,1,5,6,4,1,1,1,3,4,6,24,-2.0
2022,PO,39,325,1,Team,0.0,0.0,MAD,,Team,,0,0,0,0,0,0,0,2,0,2,0,0,0,0,0,0,0,2,
2022,PO,39,325,1,Total,,,MAD,,Total,200:00,98,23,43,10,20,22,25,9,27,36,15,5,8,3,6,28,23,105,
2022,PO,39,325,0,P009212   ,0.0,0.0,PAR,1,"VUKCEVIC, TRISTAN",DNP,0,0,0,0,0,0,0,0,0,0,0,0,0,0,0,0,0,0,0.0
2022,PO,39,325,0,P008987   ,1.0,1.0,PAR,2,"LEDAY, ZACH",32:27,9,0,5,3,5,0,0,0,3,3,1,0,0,1,1,2,1,5,-13.0
2022,PO,39,325,0,P011050   ,0.0,0.0,PAR,5,"KOPRIVICA, BALSA",DNP,0,0,0,0,0,0,0,0,0,0,0,0,0,0,0,0,0,0,0.0
2022,PO,39,325,0,P009862   ,1.0,1.0,PAR,7,"PUNTER, KEVIN",36:48,28,1,4,7,13,5,5,0,2,2,3,0,2,0,1,2,7,26,-9.0
2022,PO,39,325,0,P011051   ,1.0,0.0,PAR,9,"SMAILAGIC, ALEN",08:56,4,2,3,0,0,0,0,0,1,1,0,2,0,3,0,5,2,6,4.0
2022,PO,39,325,0,P005161   ,1.0,0.0,PAR,10,"PAPAPETROU, IOANNIS",28:42,10,2,4,1,1,3,4,1,1,2,1,0,3,2,0,3,3,9,-6.0
2022,PO,39,325,0,P011302   ,0.0,1.0,PAR,11,"EXUM, DANTE",22:31,16,2,4,2,6,6,8,0,3,3,1,1,0,0,0,4,5,14,7.0
2022,PO,39,325,0,P007400   ,0.0,1.0,PAR,21,"NUNNALLY, JAMES",24:25,9,0,1,2,2,3,3,0,2,2,5,0,1,0,0,1,3,16,7.0
2022,PO,39,325,0,P003842   ,0.0,1.0,PAR,26,"LESSORT, MATHIAS",25:03,13,3,5,0,0,7,8,1,1,2,1,1,0,0,0,4,6,16,-5.0
2022,PO,39,325,0,P007673   ,0.0,0.0,PAR,32,"TRIFUNOVIC, UROS",04:06,0,0,2,0,1,0,0,0,1,1,0,0,0,0,1,0,0,-3,4.0
2022,PO,39,325,0,P000956   ,0.0,0.0,PAR,33,"ANDJUSIC, DANILO",DNP,0,0,0,0,0,0,0,0,0,0,0,0,0,0,0,0,0,0,0.0
2022,PO,39,325,0,P011052   ,1.0,0.0,PAR,41,"MADAR, YAM",17:02,5,2,4,0,1,1,2,2,2,4,4,0,0,0,0,2,1,8,-9.0
2022,PO,39,325,0,Team,0.0,0.0,PAR,,Team,,0,0,0,0,0,0,0,4,4,8,0,0,0,0,0,0,0,8,
2022,PO,39,325,0,Total,,,PAR,,Total,200:00,94,12,32,15,29,25,30,8,20,28,16,4,6,6,3,23,28,105,
2022,FF,40,327,1,P008855   ,1.0,1.0,OLY,0,"WALKUP, THOMAS",18:25,0,0,0,0,0,0,2,1,2,3,7,1,1,0,0,3,1,6,19.0
2022,FF,40,327,1,P010612   ,1.0,0.0,OLY,3,"CANAAN, ISAIAH",19:23,7,2,2,1,3,0,2,0,1,1,1,2,1,0,0,3,1,4,16.0
2022,FF,40,327,1,P006302   ,0.0,1.0,OLY,4,"LOUNTZIS, MICHALIS",00:49,0,0,0,0,0,0,0,0,0,0,0,0,0,0,0,1,0,-1,1.0
2022,FF,40,327,1,P010392   ,0.0,1.0,OLY,5,"LARENTZAKIS, GIANNOULIS",09:44,4,0,0,1,3,1,3,0,3,3,0,0,1,0,0,1,2,3,-3.0
2022,FF,40,327,1,P008811   ,1.0,0.0,OLY,10,"FALL, MOUSTAPHA",27:56,12,5,6,0,0,2,5,0,4,4,4,1,1,0,0,3,5,18,18.0
2022,FF,40,327,1,P001926   ,0.0,0.0,OLY,11,"SLOUKAS, KOSTAS",23:57,9,1,3,0,1,7,8,0,1,1,7,0,4,0,1,2,5,11,-5.0
2022,FF,40,327,1,P003469   ,1.0,0.0,OLY,14,"VEZENKOV, SASHA",35:20,19,5,8,2,6,3,4,2,4,6,3,0,1,1,0,3,2,19,23.0
2022,FF,40,327,1,P001255   ,1.0,0.0,OLY,16,"PAPANIKOLAOU, KOSTAS",30:18,15,3,5,2,5,3,5,2,6,8,0,2,1,0,0,1,5,21,16.0
2022,FF,40,327,1,P009035   ,0.0,1.0,OLY,21,"BOLOMBOY, JOEL",06:51,2,0,0,0,0,2,2,2,3,5,0,0,1,0,0,2,2,6,-6.0
2022,FF,40,327,1,P008829   ,0.0,0.0,OLY,25,"PETERS, ALEC",04:28,0,0,0,0,0,0,0,0,1,1,0,0,0,0,0,0,0,1,-7.0
2022,FF,40,327,1,P008991   ,0.0,0.0,OLY,28,"BLACK, TARIK",05:13,3,1,2,0,0,1,2,1,0,1,0,0,1,0,0,2,1,0,2.0
2022,FF,40,327,1,P007853   ,0.0,1.0,OLY,77,"MCKISSIC, SHAQUIELLE",17:36,5,1,3,1,1,0,0,1,0,1,1,1,0,0,0,0,0,6,-4.0
2022,FF,40,327,1,Team,0.0,0.0,OLY,,Team,,0,0,0,0,0,0,0,0,3,3,0,0,0,0,0,0,0,3,
2022,FF,40,327,1,Total,,,OLY,,Total,200:00,76,18,29,7,19,19,33,9,28,37,23,7,12,1,1,21,24,97,
2022,FF,40,327,0,P010588   ,1.0,1.0,MCO,0,"BROWN, JOHN",30:06,4,2,4,0,0,0,1,3,0,3,0,1,3,0,0,2,2,2,-17.0
2022,FF,40,327,0,P011212   ,0.0,1.0,MCO,0,"OKOBO, ELIE",27:52,17,3,7,2,6,5,8,0,1,1,5,1,1,0,0,3,5,14,-10.0
2022,FF,40,327,0,P012201   ,0.0,0.0,MCO,1,"MONEKE, CHIMA",09:54,2,1,1,0,1,0,0,0,1,1,1,1,1,0,1,3,0,-1,3.0
2022,FF,40,327,0,P009754   ,1.0,0.0,MCO,3,"LOYD, JORDAN",31:04,11,2,3,1,6,4,5,0,7,7,2,2,3,0,0,4,7,15,-10.0
2022,FF,40,327,0,P011231   ,0.0,0.0,MCO,4,"BLOSSOMGAME, JARON",DNP,0,0,0,0,0,0,0,0,0,0,0,0,0,0,0,0,0,0,0.0
2022,FF,40,327,0,P011935   ,0.0,0.0,MCO,5,"MAKOUNDOU, YOAN",DNP,0,0,0,0,0,0,0,0,0,0,0,0,0,0,0,0,0,0,0.0
2022,FF,40,327,0,P011226   ,0.0,1.0,MCO,11,"DIALLO, ALPHA",22:05,2,1,1,0,2,0,0,0,4,4,0,0,0,0,0,3,0,1,-15.0
2022,FF,40,327,0,PLCZ      ,1.0,1.0,MCO,20,"MOTIEJUNAS, DONATAS",21:38,7,3,6,0,2,1,2,3,2,5,0,0,0,0,0,3,2,5,-8.0
2022,FF,40,327,0,P004197   ,1.0,1.0,MCO,24,"OUATTARA, YAKUBA",10:07,0,0,0,0,0,0,0,0,1,1,0,0,0,0,0,3,0,-2,-2.0
2022,FF,40,327,0,P008099   ,0.0,0.0,MCO,32,"STRAZEL, MATTHEW",DNP,0,0,0,0,0,0,0,0,0,0,0,0,0,0,0,0,0,0,0.0
2022,FF,40,327,0,P011196   ,0.0,0.0,MCO,45,"HALL, DONTA",18:22,2,1,2,0,0,0,1,3,4,7,0,0,0,1,0,2,1,7,-6.0
2022,FF,40,327,0,P005985   ,1.0,0.0,MCO,55,"JAMES, MIKE",28:52,17,2,7,2,7,7,7,0,3,3,2,0,2,0,0,1,4,13,-5.0
2022,FF,40,327,0,Team,0.0,0.0,MCO,,Team,,0,0,0,0,0,0,0,1,0,1,0,0,2,0,0,0,0,-1,
2022,FF,40,327,0,Total,,,MCO,,Total,200:00,62,15,31,5,24,17,24,10,23,33,10,5,12,1,1,24,21,53,
2022,FF,40,328,1,P002968   ,1.0,0.0,BAR,5,"SANLI, SERTAC",16:08,0,0,3,0,1,0,0,2,1,3,0,0,1,0,0,5,0,-7,-4.0
2022,FF,40,328,1,P000925   ,0.0,0.0,BAR,6,"VESELY, JAN",13:00,4,2,5,0,0,0,2,3,3,6,1,1,3,0,1,4,3,2,-2.0
2022,FF,40,328,1,P006768   ,0.0,0.0,BAR,8,"MARTINEZ, SERGI",02:19,0,0,0,0,1,0,0,0,1,1,1,0,0,0,0,0,0,1,-1.0
2022,FF,40,328,1,P004866   ,0.0,0.0,BAR,10,"KALINIC, NIKOLA",17:56,6,0,1,2,2,0,2,0,2,2,0,0,0,0,0,0,1,6,6.0
2022,FF,40,328,1,P002939   ,1.0,1.0,BAR,13,"SATORANSKY, TOMAS",30:29,7,2,4,1,2,0,0,2,9,11,3,0,2,0,1,2,0,13,-19.0
2022,FF,40,328,1,P006435   ,1.0,1.0,BAR,20,"LAPROVITTOLA, NICOLAS",28:56,12,0,4,4,11,0,1,2,1,3,3,1,1,0,2,3,6,7,-8.0
2022,FF,40,328,1,P003478   ,1.0,1.0,BAR,21,"ABRINES, ALEX",18:10,16,1,2,4,8,2,2,1,3,4,0,2,0,1,1,4,1,14,-8.0
2022,FF,40,328,1,P008966   ,0.0,0.0,BAR,23,"TOBEY, MIKE",DNP,0,0,0,0,0,0,0,0,0,0,0,0,0,0,0,0,0,0,0.0
2022,FF,40,328,1,P005789   ,0.0,1.0,BAR,24,"KURIC, KYLE",23:52,11,1,3,3,6,0,0,1,1,2,0,3,0,0,0,1,1,11,-9.0
2022,FF,40,328,1,P007519   ,0.0,0.0,BAR,31,"JOKUBAITIS, ROKAS",12:02,6,3,5,0,1,0,0,0,2,2,3,0,4,0,0,2,1,3,-1.0
2022,FF,40,328,1,P000796   ,1.0,1.0,BAR,33,"MIROTIC, NIKOLA",28:18,3,1,3,0,7,1,2,0,1,1,1,1,1,1,1,2,5,-2,-13.0
2022,FF,40,328,1,P010641   ,0.0,0.0,BAR,46,"NNAJI, JAMES",08:50,1,0,0,0,0,1,2,0,2,2,1,0,1,1,0,0,3,6,-1.0
2022,FF,40,328,1,Team,0.0,0.0,BAR,,Team,,0,0,0,0,0,0,0,3,3,6,0,0,1,0,0,0,0,5,
2022,FF,40,328,1,Total,,,BAR,,Total,200:00,66,10,30,14,39,4,11,14,29,43,13,8,14,3,6,23,21,59,
2022,FF,40,328,0,P007982   ,1.0,1.0,MAD,0,"WILLIAMS-GOSS, NIGEL",25:32,10,2,7,2,2,0,0,0,1,1,2,0,0,0,1,4,2,5,10.0
2022,FF,40,328,0,P001392   ,0.0,0.0,MAD,1,"CAUSEUR, FABIEN",07:34,0,0,0,0,1,0,0,0,0,0,0,0,1,0,0,2,0,-4,-4.0
2022,FF,40,328,0,P005757   ,0.0,0.0,MAD,3,"RANDOLPH, ANTHONY",06:50,6,3,4,0,1,0,0,0,2,2,0,0,0,0,0,1,0,5,-5.0
2022,FF,40,328,0,PBMT      ,0.0,1.0,MAD,5,"FERNANDEZ, RUDY",17:30,2,1,1,0,2,0,0,1,3,4,0,2,1,0,0,3,0,2,4.0
2022,FF,40,328,0,P003733   ,0.0,0.0,MAD,6,"ABALDE, ALBERTO",DNP,0,0,0,0,0,0,0,0,0,0,0,0,0,0,0,0,0,0,0.0
2022,FF,40,328,0,P005099   ,1.0,0.0,MAD,8,"HANGA, ADAM",19:34,0,0,4,0,2,0,0,1,5,6,2,0,0,1,1,2,2,2,5.0
2022,FF,40,328,0,P003108   ,0.0,1.0,MAD,11,"HEZONJA, MARIO",33:11,14,3,6,2,7,2,2,1,8,9,0,2,0,0,0,3,4,18,13.0
2022,FF,40,328,0,PCVM      ,0.0,0.0,MAD,13,"RODRIGUEZ, SERGIO",15:22,12,2,5,2,3,2,2,0,0,0,5,2,2,0,0,1,1,13,4.0
2022,FF,40,328,0,P005791   ,1.0,1.0,MAD,22,"TAVARES, WALTER",33:10,20,7,9,0,0,6,9,4,11,15,1,0,3,4,0,2,9,39,17.0
2022,FF,40,328,0,PTGB      ,0.0,1.0,MAD,23,"LLULL, SERGIO",12:52,5,0,2,1,2,2,2,0,0,0,5,0,0,0,1,1,1,6,11.0
2022,FF,40,328,0,P009213   ,1.0,0.0,MAD,30,"NDIAYE, ELI",07:41,2,1,1,0,0,0,0,1,1,2,0,0,1,1,0,0,1,5,-1.0
2022,FF,40,328,0,P006540   ,1.0,0.0,MAD,31,"MUSA, DZANAN",20:44,7,2,6,0,2,3,4,1,1,2,2,0,2,0,0,2,3,3,6.0
2022,FF,40,328,0,Team,0.0,0.0,MAD,,Team,,0,0,0,0,0,0,0,4,0,4,0,0,1,0,0,0,0,3,
2022,FF,40,328,0,Total,,,MAD,,Total,200:00,78,21,45,7,22,15,19,13,32,45,17,6,11,6,3,21,23,97,
2022,FF,41,329,1,P010588   ,1.0,0.0,MCO,0,"BROWN, JOHN",13:15,2,1,2,0,0,0,0,1,2,3,0,2,2,0,0,1,0,3,-3.0
2022,FF,41,329,1,P011212   ,0.0,1.0,MCO,0,"OKOBO, ELIE",25:42,10,5,9,0,2,0,0,0,3,3,4,1,1,0,0,2,0,9,5.0
2022,FF,41,329,1,P012201   ,0.0,0.0,MCO,1,"MONEKE, CHIMA",08:22,4,1,1,0,0,2,2,1,2,3,0,0,0,0,0,1,1,7,8.0
2022,FF,41,329,1,P009754   ,1.0,0.0,MCO,3,"LOYD, JORDAN",22:34,9,3,4,1,3,0,0,0,2,2,6,2,2,0,0,3,3,14,4.0
2022,FF,41,329,1,P011231   ,0.0,0.0,MCO,4,"BLOSSOMGAME, JARON",15:34,9,3,4,1,1,0,0,1,0,1,0,0,0,1,0,1,1,10,11.0
2022,FF,41,329,1,P011935   ,0.0,1.0,MCO,5,"MAKOUNDOU, YOAN",07:51,4,2,4,0,1,0,0,1,0,1,0,0,1,0,1,1,1,0,-5.0
2022,FF,41,329,1,P011226   ,1.0,0.0,MCO,11,"DIALLO, ALPHA",17:25,10,2,5,1,1,3,4,1,5,6,2,0,0,0,1,2,5,16,11.0
2022,FF,41,329,1,PLCZ      ,1.0,0.0,MCO,20,"MOTIEJUNAS, DONATAS",15:56,2,1,3,0,1,0,2,0,2,2,1,1,1,1,0,2,4,3,0.0
2022,FF,41,329,1,P004197   ,0.0,1.0,MCO,24,"OUATTARA, YAKUBA",20:02,2,1,1,0,2,0,0,0,1,1,1,0,0,0,0,1,0,1,-1.0
2022,FF,41,329,1,P008099   ,0.0,1.0,MCO,32,"STRAZEL, MATTHEW",22:58,14,5,5,0,2,4,5,0,2,2,1,0,4,0,0,2,2,10,16.0
2022,FF,41,329,1,P011196   ,0.0,1.0,MCO,45,"HALL, DONTA",24:04,9,3,5,0,1,3,3,2,9,11,1,0,2,1,0,2,2,17,12.0
2022,FF,41,329,1,P005985   ,1.0,0.0,MCO,55,"JAMES, MIKE",06:17,3,1,1,0,1,1,2,0,0,0,1,2,0,0,0,0,1,5,2.0
2022,FF,41,329,1,Team,0.0,0.0,MCO,,Team,,0,0,0,0,0,0,0,2,0,2,0,0,1,0,0,0,0,1,
2022,FF,41,329,1,Total,,,MCO,,Total,200:00,78,28,44,3,15,13,18,9,28,37,17,8,14,3,2,18,20,96,
2022,FF,41,329,0,P002968   ,1.0,0.0,BAR,5,"SANLI, SERTAC",07:12,2,1,1,0,0,0,0,0,1,1,0,0,1,0,0,1,1,2,-5.0
2022,FF,41,329,0,P000925   ,0.0,0.0,BAR,6,"VESELY, JAN",20:45,6,3,4,0,0,0,0,1,3,4,1,0,1,0,0,1,1,9,-2.0
2022,FF,41,329,0,P006768   ,0.0,0.0,BAR,8,"MARTINEZ, SERGI",02:53,2,1,2,0,0,0,0,0,0,0,0,0,0,0,1,0,0,0,-6.0
2022,FF,41,329,0,P004866   ,0.0,0.0,BAR,10,"KALINIC, NIKOLA",13:54,4,2,3,0,0,0,0,1,1,2,2,1,1,0,0,2,0,5,-12.0
2022,FF,41,329,0,P002939   ,1.0,1.0,BAR,13,"SATORANSKY, TOMAS",25:03,7,2,8,1,4,0,0,1,2,3,4,1,3,0,1,4,4,2,7.0
2022,FF,41,329,0,P006435   ,1.0,0.0,BAR,20,"LAPROVITTOLA, NICOLAS",22:36,5,1,2,1,3,0,0,0,0,0,4,2,2,0,0,3,3,6,-10.0
2022,FF,41,329,0,P003478   ,1.0,1.0,BAR,21,"ABRINES, ALEX",23:32,9,1,1,2,4,1,2,0,3,3,2,1,0,0,0,3,1,10,4.0
2022,FF,41,329,0,P008966   ,0.0,0.0,BAR,23,"TOBEY, MIKE",12:00,2,1,1,0,5,0,0,1,2,3,1,0,0,0,0,0,1,2,-11.0
2022,FF,41,329,0,P005789   ,0.0,1.0,BAR,24,"KURIC, KYLE",20:22,7,1,2,1,3,2,2,0,2,2,1,1,0,0,0,2,2,8,-9.0
2022,FF,41,329,0,P007519   ,0.0,0.0,BAR,31,"JOKUBAITIS, ROKAS",14:57,0,0,3,0,2,0,0,0,0,0,4,0,1,0,1,1,2,-2,-19.0
2022,FF,41,329,0,P000796   ,1.0,1.0,BAR,33,"MIROTIC, NIKOLA",24:43,15,2,4,3,6,2,2,0,2,2,1,4,2,0,0,3,2,14,8.0
2022,FF,41,329,0,P010641   ,0.0,1.0,BAR,46,"NNAJI, JAMES",12:03,7,3,3,0,0,1,2,2,2,4,1,0,2,2,0,0,1,12,-5.0
2022,FF,41,329,0,Team,0.0,0.0,BAR,,Team,,0,0,0,0,0,0,0,2,3,5,0,0,0,0,0,0,0,5,
2022,FF,41,329,0,Total,,,BAR,,Total,200:00,66,18,34,8,27,6,8,8,21,29,21,10,13,2,3,20,18,73,
2022,FF,41,330,1,P008855   ,1.0,1.0,OLY,0,"WALKUP, THOMAS",28:27,0,0,0,0,5,0,0,1,1,2,6,0,1,0,0,3,4,3,4.0
2022,FF,41,330,1,P010612   ,1.0,1.0,OLY,3,"CANAAN, ISAIAH",22:29,21,2,3,5,6,2,4,0,2,2,2,0,1,0,0,1,2,21,8.0
2022,FF,41,330,1,P006302   ,0.0,0.0,OLY,4,"LOUNTZIS, MICHALIS",DNP,0,0,0,0,0,0,0,0,0,0,0,0,0,0,0,0,0,0,0.0
2022,FF,41,330,1,P010392   ,0.0,0.0,OLY,5,"LARENTZAKIS, GIANNOULIS",06:57,0,0,0,0,1,0,0,0,0,0,1,0,1,0,0,1,0,-2,-2.0
2022,FF,41,330,1,P008811   ,1.0,1.0,OLY,10,"FALL, MOUSTAPHA",25:57,0,0,3,0,0,0,0,1,4,5,1,0,0,0,0,2,1,2,4.0
2022,FF,41,330,1,P001926   ,0.0,1.0,OLY,11,"SLOUKAS, KOSTAS",23:58,6,1,2,1,5,1,3,0,2,2,3,0,0,0,0,2,4,6,-10.0
2022,FF,41,330,1,P003469   ,1.0,1.0,OLY,14,"VEZENKOV, SASHA",39:26,29,9,13,2,8,5,5,3,6,9,4,0,0,1,0,3,4,34,1.0
2022,FF,41,330,1,P001255   ,1.0,0.0,OLY,16,"PAPANIKOLAOU, KOSTAS",21:39,6,0,1,2,5,0,0,2,1,3,2,1,3,0,0,0,1,6,2.0
2022,FF,41,330,1,P009035   ,0.0,0.0,OLY,21,"BOLOMBOY, JOEL",09:32,2,1,1,0,0,0,0,1,0,1,0,0,0,0,0,2,0,1,0.0
2022,FF,41,330,1,P008829   ,0.0,0.0,OLY,25,"PETERS, ALEC",DNP,0,0,0,0,0,0,0,0,0,0,0,0,0,0,0,0,0,0,0.0
2022,FF,41,330,1,P008991   ,0.0,0.0,OLY,28,"BLACK, TARIK",04:31,0,0,0,0,0,0,0,0,0,0,0,0,0,0,0,2,0,-2,-5.0
2022,FF,41,330,1,P007853   ,0.0,0.0,OLY,77,"MCKISSIC, SHAQUIELLE",17:04,14,3,3,2,6,2,3,0,0,0,2,0,0,0,0,1,2,12,-7.0
2022,FF,41,330,1,Team,0.0,0.0,OLY,,Team,,0,0,0,0,0,0,0,2,4,6,0,0,0,0,0,0,0,6,
2022,FF,41,330,1,Total,,,OLY,,Total,200:00,78,16,26,12,36,10,15,10,20,30,21,1,6,1,0,17,18,87,
2022,FF,41,330,0,P007982   ,1.0,1.0,MAD,0,"WILLIAMS-GOSS, NIGEL",18:29,9,2,4,1,4,2,2,0,2,2,2,1,2,0,1,1,3,8,-16.0
2022,FF,41,330,0,P001392   ,0.0,1.0,MAD,1,"CAUSEUR, FABIEN",17:41,11,1,1,3,5,0,0,1,1,2,0,0,0,0,0,4,1,8,13.0
2022,FF,41,330,0,P005757   ,0.0,0.0,MAD,3,"RANDOLPH, ANTHONY",04:59,3,0,0,1,1,0,0,1,1,2,0,1,0,0,0,1,0,5,0.0
2022,FF,41,330,0,PBMT      ,0.0,0.0,MAD,5,"FERNANDEZ, RUDY",16:38,3,1,1,0,3,1,1,2,0,2,2,0,0,0,0,2,1,3,11.0
2022,FF,41,330,0,P003733   ,0.0,0.0,MAD,6,"ABALDE, ALBERTO",DNP,0,0,0,0,0,0,0,0,0,0,0,0,0,0,0,0,0,0,0.0
2022,FF,41,330,0,P005099   ,1.0,1.0,MAD,8,"HANGA, ADAM",11:06,2,1,2,0,1,0,0,0,3,3,0,0,0,0,0,2,1,2,-10.0
2022,FF,41,330,0,P003108   ,0.0,1.0,MAD,11,"HEZONJA, MARIO",34:03,12,2,3,2,8,2,3,0,3,3,0,2,2,0,0,2,3,8,6.0
2022,FF,41,330,0,PCVM      ,0.0,0.0,MAD,13,"RODRIGUEZ, SERGIO",28:13,15,4,6,2,5,1,1,2,2,4,9,1,3,0,0,1,3,23,15.0
2022,FF,41,330,0,P005791   ,1.0,1.0,MAD,22,"TAVARES, WALTER",34:56,13,5,9,0,0,3,4,3,7,10,2,1,3,0,0,2,4,20,1.0
2022,FF,41,330,0,PTGB      ,0.0,0.0,MAD,23,"LLULL, SERGIO",12:48,2,1,2,0,1,0,0,0,1,1,0,0,0,0,0,1,0,0,8.0
2022,FF,41,330,0,P009213   ,1.0,0.0,MAD,30,"NDIAYE, ELI",05:57,3,0,0,1,1,0,0,0,0,0,0,0,0,0,0,1,0,2,-5.0
2022,FF,41,330,0,P006540   ,1.0,0.0,MAD,31,"MUSA, DZANAN",15:10,6,0,1,2,4,0,0,0,1,1,4,0,0,0,0,1,1,8,-18.0
2022,FF,41,330,0,Team,0.0,0.0,MAD,,Team,,0,0,0,0,0,0,0,4,3,7,0,0,0,0,0,0,0,7,
2022,FF,41,330,0,Total,,,MAD,,Total,200:00,79,17,29,12,33,9,11,13,24,37,19,6,10,0,1,18,17,94,
